# vtk DataFile Version 5.1
vtk output
ASCII
DATASET POLYDATA
POINTS 6480 float
0 30 15 1 30 15 2 30 15 
3 30 15 4 30 15 5 30 15 
6 30 15 7 30 15 8 30 15 
9 30 15 10 30 15 11 30 15 
12 30 15 13 30 15 14 30 15 
15 30 15 16 30 15 17 30 15 
18 30 15 19 30 15 20 30 15 
21 30 15 22 30 15 23 30 15 
24 30 15 25 30 15 26 30 15 
27 30 15 28 30 15 29 30 15 
30 30 15 31 30 15 32 30 15 
33 30 15 34 30 15 35 30 15 
36 30 15 37 30 15 38 30 15 
39 30 15 40 30 15 41 30 15 
42 30 15 43 30 15 44 30 15 
45 30 15 46 30 15 47 30 15 
48 30 15 49 30 15 50 30 15 
51 30 15 52 30 15 53 30 15 
54 30 15 55 30 15 56 30 15 
57 30 15 58 30 15 59 30 15 
0 25 15.8329 1 25 15.8329 1 24.6308 16 
0 24.6308 16 2 25 15.8329 2 24.6308 16 
3 25 15.8329 3 24.6308 16 4 25 15.8329 
4 24.6308 16 5 25 15.8329 5 24.6308 16 
6 25 15.8329 6 24.6308 16 7 25 15.8329 
7 24.6308 16 8 25 15.8329 8 24.6308 16 
9 25 15.8329 9 24.6308 16 10 25 15.8329 
10 24.6308 16 11 25 15.8329 11 24.6308 16 
12 25 15.8329 12 24.6308 16 13 25 15.8329 
13 24.6308 16 14 25 15.8329 14 24.6308 16 
15 25 15.8329 15 24.6308 16 16 25 15.8329 
16 24.6308 16 17 25 15.8329 17 24.6308 16 
18 25 15.8329 18 24.6308 16 19 25 15.8329 
19 24.6308 16 20 25 15.8329 20 24.6308 16 
21 25 15.8329 21 24.6308 16 22 25 15.8329 
22 24.6308 16 23 25 15.8329 23 24.6308 16 
24 25 15.8329 24 24.6308 16 25 25 15.8329 
25 24.6308 16 26 25 15.8329 26 24.6308 16 
27 25 15.8329 27 24.6308 16 28 25 15.8329 
28 24.6308 16 29 25 15.8329 29 24.6308 16 
30 25 15.8329 30 24.6308 16 31 25 15.8329 
31 24.6308 16 32 25 15.8329 32 24.6308 16 
33 25 15.8329 33 24.6308 16 34 25 15.8329 
34 24.6308 16 35 25 15.8329 35 24.6308 16 
36 25 15.8329 36 24.6308 16 37 25 15.8329 
37 24.6308 16 38 25 15.8329 38 24.6308 16 
39 25 15.8329 39 24.6308 16 40 25 15.8329 
40 24.6308 16 41 25 15.8329 41 24.6308 16 
42 25 15.8329 42 24.6308 16 43 25 15.8329 
43 24.6308 16 44 25 15.8329 44 24.6308 16 
45 25 15.8329 45 24.6308 16 46 25 15.8329 
46 24.6308 16 47 25 15.8329 47 24.6308 16 
48 25 15.8329 48 24.6308 16 49 25 15.8329 
49 24.6308 16 50 25 15.8329 50 24.6308 16 
51 25 15.8329 51 24.6308 16 52 25 15.8329 
52 24.6308 16 53 25 15.8329 53 24.6308 16 
54 25 15.8329 54 24.6308 16 55 25 15.8329 
55 24.6308 16 56 25 15.8329 56 24.6308 16 
57 25 15.8329 57 24.6308 16 58 25 15.8329 
58 24.6308 16 59 25 15.8329 59 24.6308 16 
1 26 15.5375 0 26 15.5375 2 26 15.5375 
3 26 15.5375 4 26 15.5375 5 26 15.5375 
6 26 15.5375 7 26 15.5375 8 26 15.5375 
9 26 15.5375 10 26 15.5375 11 26 15.5375 
12 26 15.5375 13 26 15.5375 14 26 15.5375 
15 26 15.5375 16 26 15.5375 17 26 15.5375 
18 26 15.5375 19 26 15.5375 20 26 15.5375 
21 26 15.5375 22 26 15.5375 23 26 15.5375 
24 26 15.5375 25 26 15.5375 26 26 15.5375 
27 26 15.5375 28 26 15.5375 29 26 15.5375 
30 26 15.5375 31 26 15.5375 32 26 15.5375 
33 26 15.5375 34 26 15.5375 35 26 15.5375 
36 26 15.5375 37 26 15.5375 38 26 15.5375 
39 26 15.5375 40 26 15.5375 41 26 15.5375 
42 26 15.5375 43 26 15.5375 44 26 15.5375 
45 26 15.5375 46 26 15.5375 47 26 15.5375 
48 26 15.5375 49 26 15.5375 50 26 15.5375 
51 26 15.5375 52 26 15.5375 53 26 15.5375 
54 26 15.5375 55 26 15.5375 56 26 15.5375 
57 26 15.5375 58 26 15.5375 59 26 15.5375 
1 27 15.3286 0 27 15.3286 2 27 15.3286 
3 27 15.3286 4 27 15.3286 5 27 15.3286 
6 27 15.3286 7 27 15.3286 8 27 15.3286 
9 27 15.3286 10 27 15.3286 11 27 15.3286 
12 27 15.3286 13 27 15.3286 14 27 15.3286 
15 27 15.3286 16 27 15.3286 17 27 15.3286 
18 27 15.3286 19 27 15.3286 20 27 15.3286 
21 27 15.3286 22 27 15.3286 23 27 15.3286 
24 27 15.3286 25 27 15.3286 26 27 15.3286 
27 27 15.3286 28 27 15.3286 29 27 15.3286 
30 27 15.3286 31 27 15.3286 32 27 15.3286 
33 27 15.3286 34 27 15.3286 35 27 15.3286 
36 27 15.3286 37 27 15.3286 38 27 15.3286 
39 27 15.3286 40 27 15.3286 41 27 15.3286 
42 27 15.3286 43 27 15.3286 44 27 15.3286 
45 27 15.3286 46 27 15.3286 47 27 15.3286 
48 27 15.3286 49 27 15.3286 50 27 15.3286 
51 27 15.3286 52 27 15.3286 53 27 15.3286 
54 27 15.3286 55 27 15.3286 56 27 15.3286 
57 27 15.3286 58 27 15.3286 59 27 15.3286 
1 28 15.1612 0 28 15.1612 2 28 15.1612 
3 28 15.1612 4 28 15.1612 5 28 15.1612 
6 28 15.1612 7 28 15.1612 8 28 15.1612 
9 28 15.1612 10 28 15.1612 11 28 15.1612 
12 28 15.1612 13 28 15.1612 14 28 15.1612 
15 28 15.1612 16 28 15.1612 17 28 15.1612 
18 28 15.1612 19 28 15.1612 20 28 15.1612 
21 28 15.1612 22 28 15.1612 23 28 15.1612 
24 28 15.1612 25 28 15.1612 26 28 15.1612 
27 28 15.1612 28 28 15.1612 29 28 15.1612 
30 28 15.1612 31 28 15.1612 32 28 15.1612 
33 28 15.1612 34 28 15.1612 35 28 15.1612 
36 28 15.1612 37 28 15.1612 38 28 15.1612 
39 28 15.1612 40 28 15.1612 41 28 15.1612 
42 28 15.1612 43 28 15.1612 44 28 15.1612 
45 28 15.1612 46 28 15.1612 47 28 15.1612 
48 28 15.1612 49 28 15.1612 50 28 15.1612 
51 28 15.1612 52 28 15.1612 53 28 15.1612 
54 28 15.1612 55 28 15.1612 56 28 15.1612 
57 28 15.1612 58 28 15.1612 59 28 15.1612 
1 29 15.0434 0 29 15.0434 2 29 15.0434 
3 29 15.0434 4 29 15.0434 5 29 15.0434 
6 29 15.0434 7 29 15.0434 8 29 15.0434 
9 29 15.0434 10 29 15.0434 11 29 15.0434 
12 29 15.0434 13 29 15.0434 14 29 15.0434 
15 29 15.0434 16 29 15.0434 17 29 15.0434 
18 29 15.0434 19 29 15.0434 20 29 15.0434 
21 29 15.0434 22 29 15.0434 23 29 15.0434 
24 29 15.0434 25 29 15.0434 26 29 15.0434 
27 29 15.0434 28 29 15.0434 29 29 15.0434 
30 29 15.0434 31 29 15.0434 32 29 15.0434 
33 29 15.0434 34 29 15.0434 35 29 15.0434 
36 29 15.0434 37 29 15.0434 38 29 15.0434 
39 29 15.0434 40 29 15.0434 41 29 15.0434 
42 29 15.0434 43 29 15.0434 44 29 15.0434 
45 29 15.0434 46 29 15.0434 47 29 15.0434 
48 29 15.0434 49 29 15.0434 50 29 15.0434 
51 29 15.0434 52 29 15.0434 53 29 15.0434 
54 29 15.0434 55 29 15.0434 56 29 15.0434 
57 29 15.0434 58 29 15.0434 59 29 15.0434 
1 31 15.0434 0 31 15.0434 2 31 15.0434 
3 31 15.0434 4 31 15.0434 5 31 15.0434 
6 31 15.0434 7 31 15.0434 8 31 15.0434 
9 31 15.0434 10 31 15.0434 11 31 15.0434 
12 31 15.0434 13 31 15.0434 14 31 15.0434 
15 31 15.0434 16 31 15.0434 17 31 15.0434 
18 31 15.0434 19 31 15.0434 20 31 15.0434 
21 31 15.0434 22 31 15.0434 23 31 15.0434 
24 31 15.0434 25 31 15.0434 26 31 15.0434 
27 31 15.0434 28 31 15.0434 29 31 15.0434 
30 31 15.0434 31 31 15.0434 32 31 15.0434 
33 31 15.0434 34 31 15.0434 35 31 15.0434 
36 31 15.0434 37 31 15.0434 38 31 15.0434 
39 31 15.0434 40 31 15.0434 41 31 15.0434 
42 31 15.0434 43 31 15.0434 44 31 15.0434 
45 31 15.0434 46 31 15.0434 47 31 15.0434 
48 31 15.0434 49 31 15.0434 50 31 15.0434 
51 31 15.0434 52 31 15.0434 53 31 15.0434 
54 31 15.0434 55 31 15.0434 56 31 15.0434 
57 31 15.0434 58 31 15.0434 59 31 15.0434 
1 32 15.1612 0 32 15.1612 2 32 15.1612 
3 32 15.1612 4 32 15.1612 5 32 15.1612 
6 32 15.1612 7 32 15.1612 8 32 15.1612 
9 32 15.1612 10 32 15.1612 11 32 15.1612 
12 32 15.1612 13 32 15.1612 14 32 15.1612 
15 32 15.1612 16 32 15.1612 17 32 15.1612 
18 32 15.1612 19 32 15.1612 20 32 15.1612 
21 32 15.1612 22 32 15.1612 23 32 15.1612 
24 32 15.1612 25 32 15.1612 26 32 15.1612 
27 32 15.1612 28 32 15.1612 29 32 15.1612 
30 32 15.1612 31 32 15.1612 32 32 15.1612 
33 32 15.1612 34 32 15.1612 35 32 15.1612 
36 32 15.1612 37 32 15.1612 38 32 15.1612 
39 32 15.1612 40 32 15.1612 41 32 15.1612 
42 32 15.1612 43 32 15.1612 44 32 15.1612 
45 32 15.1612 46 32 15.1612 47 32 15.1612 
48 32 15.1612 49 32 15.1612 50 32 15.1612 
51 32 15.1612 52 32 15.1612 53 32 15.1612 
54 32 15.1612 55 32 15.1612 56 32 15.1612 
57 32 15.1612 58 32 15.1612 59 32 15.1612 
1 33 15.3286 0 33 15.3286 2 33 15.3286 
3 33 15.3286 4 33 15.3286 5 33 15.3286 
6 33 15.3286 7 33 15.3286 8 33 15.3286 
9 33 15.3286 10 33 15.3286 11 33 15.3286 
12 33 15.3286 13 33 15.3286 14 33 15.3286 
15 33 15.3286 16 33 15.3286 17 33 15.3286 
18 33 15.3286 19 33 15.3286 20 33 15.3286 
21 33 15.3286 22 33 15.3286 23 33 15.3286 
24 33 15.3286 25 33 15.3286 26 33 15.3286 
27 33 15.3286 28 33 15.3286 29 33 15.3286 
30 33 15.3286 31 33 15.3286 32 33 15.3286 
33 33 15.3286 34 33 15.3286 35 33 15.3286 
36 33 15.3286 37 33 15.3286 38 33 15.3286 
39 33 15.3286 40 33 15.3286 41 33 15.3286 
42 33 15.3286 43 33 15.3286 44 33 15.3286 
45 33 15.3286 46 33 15.3286 47 33 15.3286 
48 33 15.3286 49 33 15.3286 50 33 15.3286 
51 33 15.3286 52 33 15.3286 53 33 15.3286 
54 33 15.3286 55 33 15.3286 56 33 15.3286 
57 33 15.3286 58 33 15.3286 59 33 15.3286 
1 34 15.5375 0 34 15.5375 2 34 15.5375 
3 34 15.5375 4 34 15.5375 5 34 15.5375 
6 34 15.5375 7 34 15.5375 8 34 15.5375 
9 34 15.5375 10 34 15.5375 11 34 15.5375 
12 34 15.5375 13 34 15.5375 14 34 15.5375 
15 34 15.5375 16 34 15.5375 17 34 15.5375 
18 34 15.5375 19 34 15.5375 20 34 15.5375 
21 34 15.5375 22 34 15.5375 23 34 15.5375 
24 34 15.5375 25 34 15.5375 26 34 15.5375 
27 34 15.5375 28 34 15.5375 29 34 15.5375 
30 34 15.5375 31 34 15.5375 32 34 15.5375 
33 34 15.5375 34 34 15.5375 35 34 15.5375 
36 34 15.5375 37 34 15.5375 38 34 15.5375 
39 34 15.5375 40 34 15.5375 41 34 15.5375 
42 34 15.5375 43 34 15.5375 44 34 15.5375 
45 34 15.5375 46 34 15.5375 47 34 15.5375 
48 34 15.5375 49 34 15.5375 50 34 15.5375 
51 34 15.5375 52 34 15.5375 53 34 15.5375 
54 34 15.5375 55 34 15.5375 56 34 15.5375 
57 34 15.5375 58 34 15.5375 59 34 15.5375 
1 35 15.8329 0 35 15.8329 2 35 15.8329 
3 35 15.8329 4 35 15.8329 5 35 15.8329 
6 35 15.8329 7 35 15.8329 8 35 15.8329 
9 35 15.8329 10 35 15.8329 11 35 15.8329 
12 35 15.8329 13 35 15.8329 14 35 15.8329 
15 35 15.8329 16 35 15.8329 17 35 15.8329 
18 35 15.8329 19 35 15.8329 20 35 15.8329 
21 35 15.8329 22 35 15.8329 23 35 15.8329 
24 35 15.8329 25 35 15.8329 26 35 15.8329 
27 35 15.8329 28 35 15.8329 29 35 15.8329 
30 35 15.8329 31 35 15.8329 32 35 15.8329 
33 35 15.8329 34 35 15.8329 35 35 15.8329 
36 35 15.8329 37 35 15.8329 38 35 15.8329 
39 35 15.8329 40 35 15.8329 41 35 15.8329 
42 35 15.8329 43 35 15.8329 44 35 15.8329 
45 35 15.8329 46 35 15.8329 47 35 15.8329 
48 35 15.8329 49 35 15.8329 50 35 15.8329 
51 35 15.8329 52 35 15.8329 53 35 15.8329 
54 35 15.8329 55 35 15.8329 56 35 15.8329 
57 35 15.8329 58 35 15.8329 59 35 15.8329 
0 35.3692 16 1 35.3692 16 2 35.3692 16 
3 35.3692 16 4 35.3692 16 5 35.3692 16 
6 35.3692 16 7 35.3692 16 8 35.3692 16 
9 35.3692 16 10 35.3692 16 11 35.3692 16 
12 35.3692 16 13 35.3692 16 14 35.3692 16 
15 35.3692 16 16 35.3692 16 17 35.3692 16 
18 35.3692 16 19 35.3692 16 20 35.3692 16 
21 35.3692 16 22 35.3692 16 23 35.3692 16 
24 35.3692 16 25 35.3692 16 26 35.3692 16 
27 35.3692 16 28 35.3692 16 29 35.3692 16 
30 35.3692 16 31 35.3692 16 32 35.3692 16 
33 35.3692 16 34 35.3692 16 35 35.3692 16 
36 35.3692 16 37 35.3692 16 38 35.3692 16 
39 35.3692 16 40 35.3692 16 41 35.3692 16 
42 35.3692 16 43 35.3692 16 44 35.3692 16 
45 35.3692 16 46 35.3692 16 47 35.3692 16 
48 35.3692 16 49 35.3692 16 50 35.3692 16 
51 35.3692 16 52 35.3692 16 53 35.3692 16 
54 35.3692 16 55 35.3692 16 56 35.3692 16 
57 35.3692 16 58 35.3692 16 59 35.3692 16 
0 23 16.7119 1 23 16.7119 1 22.528 17 
0 22.528 17 2 23 16.7119 2 22.528 17 
3 23 16.7119 3 22.528 17 4 23 16.7119 
4 22.528 17 5 23 16.7119 5 22.528 17 
6 23 16.7119 6 22.528 17 7 23 16.7119 
7 22.528 17 8 23 16.7119 8 22.528 17 
9 23 16.7119 9 22.528 17 10 23 16.7119 
10 22.528 17 11 23 16.7119 11 22.528 17 
12 23 16.7119 12 22.528 17 13 23 16.7119 
13 22.528 17 14 23 16.7119 14 22.528 17 
15 23 16.7119 15 22.528 17 16 23 16.7119 
16 22.528 17 17 23 16.7119 17 22.528 17 
18 23 16.7119 18 22.528 17 19 23 16.7119 
19 22.528 17 20 23 16.7119 20 22.528 17 
21 23 16.7119 21 22.528 17 22 23 16.7119 
22 22.528 17 23 23 16.7119 23 22.528 17 
24 23 16.7119 24 22.528 17 25 23 16.7119 
25 22.528 17 26 23 16.7119 26 22.528 17 
27 23 16.7119 27 22.528 17 28 23 16.7119 
28 22.528 17 29 23 16.7119 29 22.528 17 
30 23 16.7119 30 22.528 17 31 23 16.7119 
31 22.528 17 32 23 16.7119 32 22.528 17 
33 23 16.7119 33 22.528 17 34 23 16.7119 
34 22.528 17 35 23 16.7119 35 22.528 17 
36 23 16.7119 36 22.528 17 37 23 16.7119 
37 22.528 17 38 23 16.7119 38 22.528 17 
39 23 16.7119 39 22.528 17 40 23 16.7119 
40 22.528 17 41 23 16.7119 41 22.528 17 
42 23 16.7119 42 22.528 17 43 23 16.7119 
43 22.528 17 44 23 16.7119 44 22.528 17 
45 23 16.7119 45 22.528 17 46 23 16.7119 
46 22.528 17 47 23 16.7119 47 22.528 17 
48 23 16.7119 48 22.528 17 49 23 16.7119 
49 22.528 17 50 23 16.7119 50 22.528 17 
51 23 16.7119 51 22.528 17 52 23 16.7119 
52 22.528 17 53 23 16.7119 53 22.528 17 
54 23 16.7119 54 22.528 17 55 23 16.7119 
55 22.528 17 56 23 16.7119 56 22.528 17 
57 23 16.7119 57 22.528 17 58 23 16.7119 
58 22.528 17 59 23 16.7119 59 22.528 17 
1 24 16.2784 0 24 16.2784 2 24 16.2784 
3 24 16.2784 4 24 16.2784 5 24 16.2784 
6 24 16.2784 7 24 16.2784 8 24 16.2784 
9 24 16.2784 10 24 16.2784 11 24 16.2784 
12 24 16.2784 13 24 16.2784 14 24 16.2784 
15 24 16.2784 16 24 16.2784 17 24 16.2784 
18 24 16.2784 19 24 16.2784 20 24 16.2784 
21 24 16.2784 22 24 16.2784 23 24 16.2784 
24 24 16.2784 25 24 16.2784 26 24 16.2784 
27 24 16.2784 28 24 16.2784 29 24 16.2784 
30 24 16.2784 31 24 16.2784 32 24 16.2784 
33 24 16.2784 34 24 16.2784 35 24 16.2784 
36 24 16.2784 37 24 16.2784 38 24 16.2784 
39 24 16.2784 40 24 16.2784 41 24 16.2784 
42 24 16.2784 43 24 16.2784 44 24 16.2784 
45 24 16.2784 46 24 16.2784 47 24 16.2784 
48 24 16.2784 49 24 16.2784 50 24 16.2784 
51 24 16.2784 52 24 16.2784 53 24 16.2784 
54 24 16.2784 55 24 16.2784 56 24 16.2784 
57 24 16.2784 58 24 16.2784 59 24 16.2784 
1 36 16.2784 0 36 16.2784 2 36 16.2784 
3 36 16.2784 4 36 16.2784 5 36 16.2784 
6 36 16.2784 7 36 16.2784 8 36 16.2784 
9 36 16.2784 10 36 16.2784 11 36 16.2784 
12 36 16.2784 13 36 16.2784 14 36 16.2784 
15 36 16.2784 16 36 16.2784 17 36 16.2784 
18 36 16.2784 19 36 16.2784 20 36 16.2784 
21 36 16.2784 22 36 16.2784 23 36 16.2784 
24 36 16.2784 25 36 16.2784 26 36 16.2784 
27 36 16.2784 28 36 16.2784 29 36 16.2784 
30 36 16.2784 31 36 16.2784 32 36 16.2784 
33 36 16.2784 34 36 16.2784 35 36 16.2784 
36 36 16.2784 37 36 16.2784 38 36 16.2784 
39 36 16.2784 40 36 16.2784 41 36 16.2784 
42 36 16.2784 43 36 16.2784 44 36 16.2784 
45 36 16.2784 46 36 16.2784 47 36 16.2784 
48 36 16.2784 49 36 16.2784 50 36 16.2784 
51 36 16.2784 52 36 16.2784 53 36 16.2784 
54 36 16.2784 55 36 16.2784 56 36 16.2784 
57 36 16.2784 58 36 16.2784 59 36 16.2784 
1 37 16.7119 0 37 16.7119 2 37 16.7119 
3 37 16.7119 4 37 16.7119 5 37 16.7119 
6 37 16.7119 7 37 16.7119 8 37 16.7119 
9 37 16.7119 10 37 16.7119 11 37 16.7119 
12 37 16.7119 13 37 16.7119 14 37 16.7119 
15 37 16.7119 16 37 16.7119 17 37 16.7119 
18 37 16.7119 19 37 16.7119 20 37 16.7119 
21 37 16.7119 22 37 16.7119 23 37 16.7119 
24 37 16.7119 25 37 16.7119 26 37 16.7119 
27 37 16.7119 28 37 16.7119 29 37 16.7119 
30 37 16.7119 31 37 16.7119 32 37 16.7119 
33 37 16.7119 34 37 16.7119 35 37 16.7119 
36 37 16.7119 37 37 16.7119 38 37 16.7119 
39 37 16.7119 40 37 16.7119 41 37 16.7119 
42 37 16.7119 43 37 16.7119 44 37 16.7119 
45 37 16.7119 46 37 16.7119 47 37 16.7119 
48 37 16.7119 49 37 16.7119 50 37 16.7119 
51 37 16.7119 52 37 16.7119 53 37 16.7119 
54 37 16.7119 55 37 16.7119 56 37 16.7119 
57 37 16.7119 58 37 16.7119 59 37 16.7119 
0 37.472 17 1 37.472 17 2 37.472 17 
3 37.472 17 4 37.472 17 5 37.472 17 
6 37.472 17 7 37.472 17 8 37.472 17 
9 37.472 17 10 37.472 17 11 37.472 17 
12 37.472 17 13 37.472 17 14 37.472 17 
15 37.472 17 16 37.472 17 17 37.472 17 
18 37.472 17 19 37.472 17 20 37.472 17 
21 37.472 17 22 37.472 17 23 37.472 17 
24 37.472 17 25 37.472 17 26 37.472 17 
27 37.472 17 28 37.472 17 29 37.472 17 
30 37.472 17 31 37.472 17 32 37.472 17 
33 37.472 17 34 37.472 17 35 37.472 17 
36 37.472 17 37 37.472 17 38 37.472 17 
39 37.472 17 40 37.472 17 41 37.472 17 
42 37.472 17 43 37.472 17 44 37.472 17 
45 37.472 17 46 37.472 17 47 37.472 17 
48 37.472 17 49 37.472 17 50 37.472 17 
51 37.472 17 52 37.472 17 53 37.472 17 
54 37.472 17 55 37.472 17 56 37.472 17 
57 37.472 17 58 37.472 17 59 37.472 17 
0 21 18 1 21 18 2 21 18 
3 21 18 4 21 18 5 21 18 
6 21 18 7 21 18 8 21 18 
9 21 18 10 21 18 11 21 18 
12 21 18 13 21 18 14 21 18 
15 21 18 16 21 18 17 21 18 
18 21 18 19 21 18 20 21 18 
21 21 18 22 21 18 23 21 18 
24 21 18 25 21 18 26 21 18 
27 21 18 28 21 18 29 21 18 
30 21 18 31 21 18 32 21 18 
33 21 18 34 21 18 35 21 18 
36 21 18 37 21 18 38 21 18 
39 21 18 40 21 18 41 21 18 
42 21 18 43 21 18 44 21 18 
45 21 18 46 21 18 47 21 18 
48 21 18 49 21 18 50 21 18 
51 21 18 52 21 18 53 21 18 
54 21 18 55 21 18 56 21 18 
57 21 18 58 21 18 59 21 18 
1 22 17.3321 0 22 17.3321 2 22 17.3321 
3 22 17.3321 4 22 17.3321 5 22 17.3321 
6 22 17.3321 7 22 17.3321 8 22 17.3321 
9 22 17.3321 10 22 17.3321 11 22 17.3321 
12 22 17.3321 13 22 17.3321 14 22 17.3321 
15 22 17.3321 16 22 17.3321 17 22 17.3321 
18 22 17.3321 19 22 17.3321 20 22 17.3321 
21 22 17.3321 22 22 17.3321 23 22 17.3321 
24 22 17.3321 25 22 17.3321 26 22 17.3321 
27 22 17.3321 28 22 17.3321 29 22 17.3321 
30 22 17.3321 31 22 17.3321 32 22 17.3321 
33 22 17.3321 34 22 17.3321 35 22 17.3321 
36 22 17.3321 37 22 17.3321 38 22 17.3321 
39 22 17.3321 40 22 17.3321 41 22 17.3321 
42 22 17.3321 43 22 17.3321 44 22 17.3321 
45 22 17.3321 46 22 17.3321 47 22 17.3321 
48 22 17.3321 49 22 17.3321 50 22 17.3321 
51 22 17.3321 52 22 17.3321 53 22 17.3321 
54 22 17.3321 55 22 17.3321 56 22 17.3321 
57 22 17.3321 58 22 17.3321 59 22 17.3321 
1 38 17.3321 0 38 17.3321 2 38 17.3321 
3 38 17.3321 4 38 17.3321 5 38 17.3321 
6 38 17.3321 7 38 17.3321 8 38 17.3321 
9 38 17.3321 10 38 17.3321 11 38 17.3321 
12 38 17.3321 13 38 17.3321 14 38 17.3321 
15 38 17.3321 16 38 17.3321 17 38 17.3321 
18 38 17.3321 19 38 17.3321 20 38 17.3321 
21 38 17.3321 22 38 17.3321 23 38 17.3321 
24 38 17.3321 25 38 17.3321 26 38 17.3321 
27 38 17.3321 28 38 17.3321 29 38 17.3321 
30 38 17.3321 31 38 17.3321 32 38 17.3321 
33 38 17.3321 34 38 17.3321 35 38 17.3321 
36 38 17.3321 37 38 17.3321 38 38 17.3321 
39 38 17.3321 40 38 17.3321 41 38 17.3321 
42 38 17.3321 43 38 17.3321 44 38 17.3321 
45 38 17.3321 46 38 17.3321 47 38 17.3321 
48 38 17.3321 49 38 17.3321 50 38 17.3321 
51 38 17.3321 52 38 17.3321 53 38 17.3321 
54 38 17.3321 55 38 17.3321 56 38 17.3321 
57 38 17.3321 58 38 17.3321 59 38 17.3321 
1 39 18 0 39 18 2 39 18 
3 39 18 4 39 18 5 39 18 
6 39 18 7 39 18 8 39 18 
9 39 18 10 39 18 11 39 18 
12 39 18 13 39 18 14 39 18 
15 39 18 16 39 18 17 39 18 
18 39 18 19 39 18 20 39 18 
21 39 18 22 39 18 23 39 18 
24 39 18 25 39 18 26 39 18 
27 39 18 28 39 18 29 39 18 
30 39 18 31 39 18 32 39 18 
33 39 18 34 39 18 35 39 18 
36 39 18 37 39 18 38 39 18 
39 39 18 40 39 18 41 39 18 
42 39 18 43 39 18 44 39 18 
45 39 18 46 39 18 47 39 18 
48 39 18 49 39 18 50 39 18 
51 39 18 52 39 18 53 39 18 
54 39 18 55 39 18 56 39 18 
57 39 18 58 39 18 59 39 18 
0 20 18.8049 1 20 18.8049 1 19.791 19 
0 19.791 19 2 20 18.8049 2 19.791 19 
3 20 18.8049 3 19.791 19 4 20 18.8049 
4 19.791 19 5 20 18.8049 5 19.791 19 
6 20 18.8049 6 19.791 19 7 20 18.8049 
7 19.791 19 8 20 18.8049 8 19.791 19 
9 20 18.8049 9 19.791 19 10 20 18.8049 
10 19.791 19 11 20 18.8049 11 19.791 19 
12 20 18.8049 12 19.791 19 13 20 18.8049 
13 19.791 19 14 20 18.8049 14 19.791 19 
15 20 18.8049 15 19.791 19 16 20 18.8049 
16 19.791 19 17 20 18.8049 17 19.791 19 
18 20 18.8049 18 19.791 19 19 20 18.8049 
19 19.791 19 20 20 18.8049 20 19.791 19 
21 20 18.8049 21 19.791 19 22 20 18.8049 
22 19.791 19 23 20 18.8049 23 19.791 19 
24 20 18.8049 24 19.791 19 25 20 18.8049 
25 19.791 19 26 20 18.8049 26 19.791 19 
27 20 18.8049 27 19.791 19 28 20 18.8049 
28 19.791 19 29 20 18.8049 29 19.791 19 
30 20 18.8049 30 19.791 19 31 20 18.8049 
31 19.791 19 32 20 18.8049 32 19.791 19 
33 20 18.8049 33 19.791 19 34 20 18.8049 
34 19.791 19 35 20 18.8049 35 19.791 19 
36 20 18.8049 36 19.791 19 37 20 18.8049 
37 19.791 19 38 20 18.8049 38 19.791 19 
39 20 18.8049 39 19.791 19 40 20 18.8049 
40 19.791 19 41 20 18.8049 41 19.791 19 
42 20 18.8049 42 19.791 19 43 20 18.8049 
43 19.791 19 44 20 18.8049 44 19.791 19 
45 20 18.8049 45 19.791 19 46 20 18.8049 
46 19.791 19 47 20 18.8049 47 19.791 19 
48 20 18.8049 48 19.791 19 49 20 18.8049 
49 19.791 19 50 20 18.8049 50 19.791 19 
51 20 18.8049 51 19.791 19 52 20 18.8049 
52 19.791 19 53 20 18.8049 53 19.791 19 
54 20 18.8049 54 19.791 19 55 20 18.8049 
55 19.791 19 56 20 18.8049 56 19.791 19 
57 20 18.8049 57 19.791 19 58 20 18.8049 
58 19.791 19 59 20 18.8049 59 19.791 19 
1 40 18.8049 0 40 18.8049 2 40 18.8049 
3 40 18.8049 4 40 18.8049 5 40 18.8049 
6 40 18.8049 7 40 18.8049 8 40 18.8049 
9 40 18.8049 10 40 18.8049 11 40 18.8049 
12 40 18.8049 13 40 18.8049 14 40 18.8049 
15 40 18.8049 16 40 18.8049 17 40 18.8049 
18 40 18.8049 19 40 18.8049 20 40 18.8049 
21 40 18.8049 22 40 18.8049 23 40 18.8049 
24 40 18.8049 25 40 18.8049 26 40 18.8049 
27 40 18.8049 28 40 18.8049 29 40 18.8049 
30 40 18.8049 31 40 18.8049 32 40 18.8049 
33 40 18.8049 34 40 18.8049 35 40 18.8049 
36 40 18.8049 37 40 18.8049 38 40 18.8049 
39 40 18.8049 40 40 18.8049 41 40 18.8049 
42 40 18.8049 43 40 18.8049 44 40 18.8049 
45 40 18.8049 46 40 18.8049 47 40 18.8049 
48 40 18.8049 49 40 18.8049 50 40 18.8049 
51 40 18.8049 52 40 18.8049 53 40 18.8049 
54 40 18.8049 55 40 18.8049 56 40 18.8049 
57 40 18.8049 58 40 18.8049 59 40 18.8049 
0 40.209 19 1 40.209 19 2 40.209 19 
3 40.209 19 4 40.209 19 5 40.209 19 
6 40.209 19 7 40.209 19 8 40.209 19 
9 40.209 19 10 40.209 19 11 40.209 19 
12 40.209 19 13 40.209 19 14 40.209 19 
15 40.209 19 16 40.209 19 17 40.209 19 
18 40.209 19 19 40.209 19 20 40.209 19 
21 40.209 19 22 40.209 19 23 40.209 19 
24 40.209 19 25 40.209 19 26 40.209 19 
27 40.209 19 28 40.209 19 29 40.209 19 
30 40.209 19 31 40.209 19 32 40.209 19 
33 40.209 19 34 40.209 19 35 40.209 19 
36 40.209 19 37 40.209 19 38 40.209 19 
39 40.209 19 40 40.209 19 41 40.209 19 
42 40.209 19 43 40.209 19 44 40.209 19 
45 40.209 19 46 40.209 19 47 40.209 19 
48 40.209 19 49 40.209 19 50 40.209 19 
51 40.209 19 52 40.209 19 53 40.209 19 
54 40.209 19 55 40.209 19 56 40.209 19 
57 40.209 19 58 40.209 19 59 40.209 19 
0 19 19.791 1 19 19.791 1 18.8049 20 
0 18.8049 20 2 19 19.791 2 18.8049 20 
3 19 19.791 3 18.8049 20 4 19 19.791 
4 18.8049 20 5 19 19.791 5 18.8049 20 
6 19 19.791 6 18.8049 20 7 19 19.791 
7 18.8049 20 8 19 19.791 8 18.8049 20 
9 19 19.791 9 18.8049 20 10 19 19.791 
10 18.8049 20 11 19 19.791 11 18.8049 20 
12 19 19.791 12 18.8049 20 13 19 19.791 
13 18.8049 20 14 19 19.791 14 18.8049 20 
15 19 19.791 15 18.8049 20 16 19 19.791 
16 18.8049 20 17 19 19.791 17 18.8049 20 
18 19 19.791 18 18.8049 20 19 19 19.791 
19 18.8049 20 20 19 19.791 20 18.8049 20 
21 19 19.791 21 18.8049 20 22 19 19.791 
22 18.8049 20 23 19 19.791 23 18.8049 20 
24 19 19.791 24 18.8049 20 25 19 19.791 
25 18.8049 20 26 19 19.791 26 18.8049 20 
27 19 19.791 27 18.8049 20 28 19 19.791 
28 18.8049 20 29 19 19.791 29 18.8049 20 
30 19 19.791 30 18.8049 20 31 19 19.791 
31 18.8049 20 32 19 19.791 32 18.8049 20 
33 19 19.791 33 18.8049 20 34 19 19.791 
34 18.8049 20 35 19 19.791 35 18.8049 20 
36 19 19.791 36 18.8049 20 37 19 19.791 
37 18.8049 20 38 19 19.791 38 18.8049 20 
39 19 19.791 39 18.8049 20 40 19 19.791 
40 18.8049 20 41 19 19.791 41 18.8049 20 
42 19 19.791 42 18.8049 20 43 19 19.791 
43 18.8049 20 44 19 19.791 44 18.8049 20 
45 19 19.791 45 18.8049 20 46 19 19.791 
46 18.8049 20 47 19 19.791 47 18.8049 20 
48 19 19.791 48 18.8049 20 49 19 19.791 
49 18.8049 20 50 19 19.791 50 18.8049 20 
51 19 19.791 51 18.8049 20 52 19 19.791 
52 18.8049 20 53 19 19.791 53 18.8049 20 
54 19 19.791 54 18.8049 20 55 19 19.791 
55 18.8049 20 56 19 19.791 56 18.8049 20 
57 19 19.791 57 18.8049 20 58 19 19.791 
58 18.8049 20 59 19 19.791 59 18.8049 20 
1 41 19.791 0 41 19.791 2 41 19.791 
3 41 19.791 4 41 19.791 5 41 19.791 
6 41 19.791 7 41 19.791 8 41 19.791 
9 41 19.791 10 41 19.791 11 41 19.791 
12 41 19.791 13 41 19.791 14 41 19.791 
15 41 19.791 16 41 19.791 17 41 19.791 
18 41 19.791 19 41 19.791 20 41 19.791 
21 41 19.791 22 41 19.791 23 41 19.791 
24 41 19.791 25 41 19.791 26 41 19.791 
27 41 19.791 28 41 19.791 29 41 19.791 
30 41 19.791 31 41 19.791 32 41 19.791 
33 41 19.791 34 41 19.791 35 41 19.791 
36 41 19.791 37 41 19.791 38 41 19.791 
39 41 19.791 40 41 19.791 41 41 19.791 
42 41 19.791 43 41 19.791 44 41 19.791 
45 41 19.791 46 41 19.791 47 41 19.791 
48 41 19.791 49 41 19.791 50 41 19.791 
51 41 19.791 52 41 19.791 53 41 19.791 
54 41 19.791 55 41 19.791 56 41 19.791 
57 41 19.791 58 41 19.791 59 41 19.791 
0 41.1951 20 1 41.1951 20 2 41.1951 20 
3 41.1951 20 4 41.1951 20 5 41.1951 20 
6 41.1951 20 7 41.1951 20 8 41.1951 20 
9 41.1951 20 10 41.1951 20 11 41.1951 20 
12 41.1951 20 13 41.1951 20 14 41.1951 20 
15 41.1951 20 16 41.1951 20 17 41.1951 20 
18 41.1951 20 19 41.1951 20 20 41.1951 20 
21 41.1951 20 22 41.1951 20 23 41.1951 20 
24 41.1951 20 25 41.1951 20 26 41.1951 20 
27 41.1951 20 28 41.1951 20 29 41.1951 20 
30 41.1951 20 31 41.1951 20 32 41.1951 20 
33 41.1951 20 34 41.1951 20 35 41.1951 20 
36 41.1951 20 37 41.1951 20 38 41.1951 20 
39 41.1951 20 40 41.1951 20 41 41.1951 20 
42 41.1951 20 43 41.1951 20 44 41.1951 20 
45 41.1951 20 46 41.1951 20 47 41.1951 20 
48 41.1951 20 49 41.1951 20 50 41.1951 20 
51 41.1951 20 52 41.1951 20 53 41.1951 20 
54 41.1951 20 55 41.1951 20 56 41.1951 20 
57 41.1951 20 58 41.1951 20 59 41.1951 20 
0 18 21 1 18 21 2 18 21 
3 18 21 4 18 21 5 18 21 
6 18 21 7 18 21 8 18 21 
9 18 21 10 18 21 11 18 21 
12 18 21 13 18 21 14 18 21 
15 18 21 16 18 21 17 18 21 
18 18 21 19 18 21 20 18 21 
21 18 21 22 18 21 23 18 21 
24 18 21 25 18 21 26 18 21 
27 18 21 28 18 21 29 18 21 
30 18 21 31 18 21 32 18 21 
33 18 21 34 18 21 35 18 21 
36 18 21 37 18 21 38 18 21 
39 18 21 40 18 21 41 18 21 
42 18 21 43 18 21 44 18 21 
45 18 21 46 18 21 47 18 21 
48 18 21 49 18 21 50 18 21 
51 18 21 52 18 21 53 18 21 
54 18 21 55 18 21 56 18 21 
57 18 21 58 18 21 59 18 21 
1 42 21 0 42 21 2 42 21 
3 42 21 4 42 21 5 42 21 
6 42 21 7 42 21 8 42 21 
9 42 21 10 42 21 11 42 21 
12 42 21 13 42 21 14 42 21 
15 42 21 16 42 21 17 42 21 
18 42 21 19 42 21 20 42 21 
21 42 21 22 42 21 23 42 21 
24 42 21 25 42 21 26 42 21 
27 42 21 28 42 21 29 42 21 
30 42 21 31 42 21 32 42 21 
33 42 21 34 42 21 35 42 21 
36 42 21 37 42 21 38 42 21 
39 42 21 40 42 21 41 42 21 
42 42 21 43 42 21 44 42 21 
45 42 21 46 42 21 47 42 21 
48 42 21 49 42 21 50 42 21 
51 42 21 52 42 21 53 42 21 
54 42 21 55 42 21 56 42 21 
57 42 21 58 42 21 59 42 21 
1 17.3321 22 0 17.3321 22 2 17.3321 22 
3 17.3321 22 4 17.3321 22 5 17.3321 22 
6 17.3321 22 7 17.3321 22 8 17.3321 22 
9 17.3321 22 10 17.3321 22 11 17.3321 22 
12 17.3321 22 13 17.3321 22 14 17.3321 22 
15 17.3321 22 16 17.3321 22 17 17.3321 22 
18 17.3321 22 19 17.3321 22 20 17.3321 22 
21 17.3321 22 22 17.3321 22 23 17.3321 22 
24 17.3321 22 25 17.3321 22 26 17.3321 22 
27 17.3321 22 28 17.3321 22 29 17.3321 22 
30 17.3321 22 31 17.3321 22 32 17.3321 22 
33 17.3321 22 34 17.3321 22 35 17.3321 22 
36 17.3321 22 37 17.3321 22 38 17.3321 22 
39 17.3321 22 40 17.3321 22 41 17.3321 22 
42 17.3321 22 43 17.3321 22 44 17.3321 22 
45 17.3321 22 46 17.3321 22 47 17.3321 22 
48 17.3321 22 49 17.3321 22 50 17.3321 22 
51 17.3321 22 52 17.3321 22 53 17.3321 22 
54 17.3321 22 55 17.3321 22 56 17.3321 22 
57 17.3321 22 58 17.3321 22 59 17.3321 22 
1 42.6679 22 0 42.6679 22 2 42.6679 22 
3 42.6679 22 4 42.6679 22 5 42.6679 22 
6 42.6679 22 7 42.6679 22 8 42.6679 22 
9 42.6679 22 10 42.6679 22 11 42.6679 22 
12 42.6679 22 13 42.6679 22 14 42.6679 22 
15 42.6679 22 16 42.6679 22 17 42.6679 22 
18 42.6679 22 19 42.6679 22 20 42.6679 22 
21 42.6679 22 22 42.6679 22 23 42.6679 22 
24 42.6679 22 25 42.6679 22 26 42.6679 22 
27 42.6679 22 28 42.6679 22 29 42.6679 22 
30 42.6679 22 31 42.6679 22 32 42.6679 22 
33 42.6679 22 34 42.6679 22 35 42.6679 22 
36 42.6679 22 37 42.6679 22 38 42.6679 22 
39 42.6679 22 40 42.6679 22 41 42.6679 22 
42 42.6679 22 43 42.6679 22 44 42.6679 22 
45 42.6679 22 46 42.6679 22 47 42.6679 22 
48 42.6679 22 49 42.6679 22 50 42.6679 22 
51 42.6679 22 52 42.6679 22 53 42.6679 22 
54 42.6679 22 55 42.6679 22 56 42.6679 22 
57 42.6679 22 58 42.6679 22 59 42.6679 22 
0 17 22.528 1 17 22.528 1 16.7119 23 
0 16.7119 23 2 17 22.528 2 16.7119 23 
3 17 22.528 3 16.7119 23 4 17 22.528 
4 16.7119 23 5 17 22.528 5 16.7119 23 
6 17 22.528 6 16.7119 23 7 17 22.528 
7 16.7119 23 8 17 22.528 8 16.7119 23 
9 17 22.528 9 16.7119 23 10 17 22.528 
10 16.7119 23 11 17 22.528 11 16.7119 23 
12 17 22.528 12 16.7119 23 13 17 22.528 
13 16.7119 23 14 17 22.528 14 16.7119 23 
15 17 22.528 15 16.7119 23 16 17 22.528 
16 16.7119 23 17 17 22.528 17 16.7119 23 
18 17 22.528 18 16.7119 23 19 17 22.528 
19 16.7119 23 20 17 22.528 20 16.7119 23 
21 17 22.528 21 16.7119 23 22 17 22.528 
22 16.7119 23 23 17 22.528 23 16.7119 23 
24 17 22.528 24 16.7119 23 25 17 22.528 
25 16.7119 23 26 17 22.528 26 16.7119 23 
27 17 22.528 27 16.7119 23 28 17 22.528 
28 16.7119 23 29 17 22.528 29 16.7119 23 
30 17 22.528 30 16.7119 23 31 17 22.528 
31 16.7119 23 32 17 22.528 32 16.7119 23 
33 17 22.528 33 16.7119 23 34 17 22.528 
34 16.7119 23 35 17 22.528 35 16.7119 23 
36 17 22.528 36 16.7119 23 37 17 22.528 
37 16.7119 23 38 17 22.528 38 16.7119 23 
39 17 22.528 39 16.7119 23 40 17 22.528 
40 16.7119 23 41 17 22.528 41 16.7119 23 
42 17 22.528 42 16.7119 23 43 17 22.528 
43 16.7119 23 44 17 22.528 44 16.7119 23 
45 17 22.528 45 16.7119 23 46 17 22.528 
46 16.7119 23 47 17 22.528 47 16.7119 23 
48 17 22.528 48 16.7119 23 49 17 22.528 
49 16.7119 23 50 17 22.528 50 16.7119 23 
51 17 22.528 51 16.7119 23 52 17 22.528 
52 16.7119 23 53 17 22.528 53 16.7119 23 
54 17 22.528 54 16.7119 23 55 17 22.528 
55 16.7119 23 56 17 22.528 56 16.7119 23 
57 17 22.528 57 16.7119 23 58 17 22.528 
58 16.7119 23 59 17 22.528 59 16.7119 23 
1 43 22.528 0 43 22.528 2 43 22.528 
3 43 22.528 4 43 22.528 5 43 22.528 
6 43 22.528 7 43 22.528 8 43 22.528 
9 43 22.528 10 43 22.528 11 43 22.528 
12 43 22.528 13 43 22.528 14 43 22.528 
15 43 22.528 16 43 22.528 17 43 22.528 
18 43 22.528 19 43 22.528 20 43 22.528 
21 43 22.528 22 43 22.528 23 43 22.528 
24 43 22.528 25 43 22.528 26 43 22.528 
27 43 22.528 28 43 22.528 29 43 22.528 
30 43 22.528 31 43 22.528 32 43 22.528 
33 43 22.528 34 43 22.528 35 43 22.528 
36 43 22.528 37 43 22.528 38 43 22.528 
39 43 22.528 40 43 22.528 41 43 22.528 
42 43 22.528 43 43 22.528 44 43 22.528 
45 43 22.528 46 43 22.528 47 43 22.528 
48 43 22.528 49 43 22.528 50 43 22.528 
51 43 22.528 52 43 22.528 53 43 22.528 
54 43 22.528 55 43 22.528 56 43 22.528 
57 43 22.528 58 43 22.528 59 43 22.528 
0 43.2881 23 1 43.2881 23 2 43.2881 23 
3 43.2881 23 4 43.2881 23 5 43.2881 23 
6 43.2881 23 7 43.2881 23 8 43.2881 23 
9 43.2881 23 10 43.2881 23 11 43.2881 23 
12 43.2881 23 13 43.2881 23 14 43.2881 23 
15 43.2881 23 16 43.2881 23 17 43.2881 23 
18 43.2881 23 19 43.2881 23 20 43.2881 23 
21 43.2881 23 22 43.2881 23 23 43.2881 23 
24 43.2881 23 25 43.2881 23 26 43.2881 23 
27 43.2881 23 28 43.2881 23 29 43.2881 23 
30 43.2881 23 31 43.2881 23 32 43.2881 23 
33 43.2881 23 34 43.2881 23 35 43.2881 23 
36 43.2881 23 37 43.2881 23 38 43.2881 23 
39 43.2881 23 40 43.2881 23 41 43.2881 23 
42 43.2881 23 43 43.2881 23 44 43.2881 23 
45 43.2881 23 46 43.2881 23 47 43.2881 23 
48 43.2881 23 49 43.2881 23 50 43.2881 23 
51 43.2881 23 52 43.2881 23 53 43.2881 23 
54 43.2881 23 55 43.2881 23 56 43.2881 23 
57 43.2881 23 58 43.2881 23 59 43.2881 23 
1 16.2784 24 0 16.2784 24 2 16.2784 24 
3 16.2784 24 4 16.2784 24 5 16.2784 24 
6 16.2784 24 7 16.2784 24 8 16.2784 24 
9 16.2784 24 10 16.2784 24 11 16.2784 24 
12 16.2784 24 13 16.2784 24 14 16.2784 24 
15 16.2784 24 16 16.2784 24 17 16.2784 24 
18 16.2784 24 19 16.2784 24 20 16.2784 24 
21 16.2784 24 22 16.2784 24 23 16.2784 24 
24 16.2784 24 25 16.2784 24 26 16.2784 24 
27 16.2784 24 28 16.2784 24 29 16.2784 24 
30 16.2784 24 31 16.2784 24 32 16.2784 24 
33 16.2784 24 34 16.2784 24 35 16.2784 24 
36 16.2784 24 37 16.2784 24 38 16.2784 24 
39 16.2784 24 40 16.2784 24 41 16.2784 24 
42 16.2784 24 43 16.2784 24 44 16.2784 24 
45 16.2784 24 46 16.2784 24 47 16.2784 24 
48 16.2784 24 49 16.2784 24 50 16.2784 24 
51 16.2784 24 52 16.2784 24 53 16.2784 24 
54 16.2784 24 55 16.2784 24 56 16.2784 24 
57 16.2784 24 58 16.2784 24 59 16.2784 24 
1 43.7216 24 0 43.7216 24 2 43.7216 24 
3 43.7216 24 4 43.7216 24 5 43.7216 24 
6 43.7216 24 7 43.7216 24 8 43.7216 24 
9 43.7216 24 10 43.7216 24 11 43.7216 24 
12 43.7216 24 13 43.7216 24 14 43.7216 24 
15 43.7216 24 16 43.7216 24 17 43.7216 24 
18 43.7216 24 19 43.7216 24 20 43.7216 24 
21 43.7216 24 22 43.7216 24 23 43.7216 24 
24 43.7216 24 25 43.7216 24 26 43.7216 24 
27 43.7216 24 28 43.7216 24 29 43.7216 24 
30 43.7216 24 31 43.7216 24 32 43.7216 24 
33 43.7216 24 34 43.7216 24 35 43.7216 24 
36 43.7216 24 37 43.7216 24 38 43.7216 24 
39 43.7216 24 40 43.7216 24 41 43.7216 24 
42 43.7216 24 43 43.7216 24 44 43.7216 24 
45 43.7216 24 46 43.7216 24 47 43.7216 24 
48 43.7216 24 49 43.7216 24 50 43.7216 24 
51 43.7216 24 52 43.7216 24 53 43.7216 24 
54 43.7216 24 55 43.7216 24 56 43.7216 24 
57 43.7216 24 58 43.7216 24 59 43.7216 24 
0 16 24.6308 1 16 24.6308 1 15.8329 25 
0 15.8329 25 2 16 24.6308 2 15.8329 25 
3 16 24.6308 3 15.8329 25 4 16 24.6308 
4 15.8329 25 5 16 24.6308 5 15.8329 25 
6 16 24.6308 6 15.8329 25 7 16 24.6308 
7 15.8329 25 8 16 24.6308 8 15.8329 25 
9 16 24.6308 9 15.8329 25 10 16 24.6308 
10 15.8329 25 11 16 24.6308 11 15.8329 25 
12 16 24.6308 12 15.8329 25 13 16 24.6308 
13 15.8329 25 14 16 24.6308 14 15.8329 25 
15 16 24.6308 15 15.8329 25 16 16 24.6308 
16 15.8329 25 17 16 24.6308 17 15.8329 25 
18 16 24.6308 18 15.8329 25 19 16 24.6308 
19 15.8329 25 20 16 24.6308 20 15.8329 25 
21 16 24.6308 21 15.8329 25 22 16 24.6308 
22 15.8329 25 23 16 24.6308 23 15.8329 25 
24 16 24.6308 24 15.8329 25 25 16 24.6308 
25 15.8329 25 26 16 24.6308 26 15.8329 25 
27 16 24.6308 27 15.8329 25 28 16 24.6308 
28 15.8329 25 29 16 24.6308 29 15.8329 25 
30 16 24.6308 30 15.8329 25 31 16 24.6308 
31 15.8329 25 32 16 24.6308 32 15.8329 25 
33 16 24.6308 33 15.8329 25 34 16 24.6308 
34 15.8329 25 35 16 24.6308 35 15.8329 25 
36 16 24.6308 36 15.8329 25 37 16 24.6308 
37 15.8329 25 38 16 24.6308 38 15.8329 25 
39 16 24.6308 39 15.8329 25 40 16 24.6308 
40 15.8329 25 41 16 24.6308 41 15.8329 25 
42 16 24.6308 42 15.8329 25 43 16 24.6308 
43 15.8329 25 44 16 24.6308 44 15.8329 25 
45 16 24.6308 45 15.8329 25 46 16 24.6308 
46 15.8329 25 47 16 24.6308 47 15.8329 25 
48 16 24.6308 48 15.8329 25 49 16 24.6308 
49 15.8329 25 50 16 24.6308 50 15.8329 25 
51 16 24.6308 51 15.8329 25 52 16 24.6308 
52 15.8329 25 53 16 24.6308 53 15.8329 25 
54 16 24.6308 54 15.8329 25 55 16 24.6308 
55 15.8329 25 56 16 24.6308 56 15.8329 25 
57 16 24.6308 57 15.8329 25 58 16 24.6308 
58 15.8329 25 59 16 24.6308 59 15.8329 25 
1 44 24.6308 0 44 24.6308 2 44 24.6308 
3 44 24.6308 4 44 24.6308 5 44 24.6308 
6 44 24.6308 7 44 24.6308 8 44 24.6308 
9 44 24.6308 10 44 24.6308 11 44 24.6308 
12 44 24.6308 13 44 24.6308 14 44 24.6308 
15 44 24.6308 16 44 24.6308 17 44 24.6308 
18 44 24.6308 19 44 24.6308 20 44 24.6308 
21 44 24.6308 22 44 24.6308 23 44 24.6308 
24 44 24.6308 25 44 24.6308 26 44 24.6308 
27 44 24.6308 28 44 24.6308 29 44 24.6308 
30 44 24.6308 31 44 24.6308 32 44 24.6308 
33 44 24.6308 34 44 24.6308 35 44 24.6308 
36 44 24.6308 37 44 24.6308 38 44 24.6308 
39 44 24.6308 40 44 24.6308 41 44 24.6308 
42 44 24.6308 43 44 24.6308 44 44 24.6308 
45 44 24.6308 46 44 24.6308 47 44 24.6308 
48 44 24.6308 49 44 24.6308 50 44 24.6308 
51 44 24.6308 52 44 24.6308 53 44 24.6308 
54 44 24.6308 55 44 24.6308 56 44 24.6308 
57 44 24.6308 58 44 24.6308 59 44 24.6308 
0 44.1671 25 1 44.1671 25 2 44.1671 25 
3 44.1671 25 4 44.1671 25 5 44.1671 25 
6 44.1671 25 7 44.1671 25 8 44.1671 25 
9 44.1671 25 10 44.1671 25 11 44.1671 25 
12 44.1671 25 13 44.1671 25 14 44.1671 25 
15 44.1671 25 16 44.1671 25 17 44.1671 25 
18 44.1671 25 19 44.1671 25 20 44.1671 25 
21 44.1671 25 22 44.1671 25 23 44.1671 25 
24 44.1671 25 25 44.1671 25 26 44.1671 25 
27 44.1671 25 28 44.1671 25 29 44.1671 25 
30 44.1671 25 31 44.1671 25 32 44.1671 25 
33 44.1671 25 34 44.1671 25 35 44.1671 25 
36 44.1671 25 37 44.1671 25 38 44.1671 25 
39 44.1671 25 40 44.1671 25 41 44.1671 25 
42 44.1671 25 43 44.1671 25 44 44.1671 25 
45 44.1671 25 46 44.1671 25 47 44.1671 25 
48 44.1671 25 49 44.1671 25 50 44.1671 25 
51 44.1671 25 52 44.1671 25 53 44.1671 25 
54 44.1671 25 55 44.1671 25 56 44.1671 25 
57 44.1671 25 58 44.1671 25 59 44.1671 25 
1 15.5375 26 0 15.5375 26 2 15.5375 26 
3 15.5375 26 4 15.5375 26 5 15.5375 26 
6 15.5375 26 7 15.5375 26 8 15.5375 26 
9 15.5375 26 10 15.5375 26 11 15.5375 26 
12 15.5375 26 13 15.5375 26 14 15.5375 26 
15 15.5375 26 16 15.5375 26 17 15.5375 26 
18 15.5375 26 19 15.5375 26 20 15.5375 26 
21 15.5375 26 22 15.5375 26 23 15.5375 26 
24 15.5375 26 25 15.5375 26 26 15.5375 26 
27 15.5375 26 28 15.5375 26 29 15.5375 26 
30 15.5375 26 31 15.5375 26 32 15.5375 26 
33 15.5375 26 34 15.5375 26 35 15.5375 26 
36 15.5375 26 37 15.5375 26 38 15.5375 26 
39 15.5375 26 40 15.5375 26 41 15.5375 26 
42 15.5375 26 43 15.5375 26 44 15.5375 26 
45 15.5375 26 46 15.5375 26 47 15.5375 26 
48 15.5375 26 49 15.5375 26 50 15.5375 26 
51 15.5375 26 52 15.5375 26 53 15.5375 26 
54 15.5375 26 55 15.5375 26 56 15.5375 26 
57 15.5375 26 58 15.5375 26 59 15.5375 26 
1 44.4625 26 0 44.4625 26 2 44.4625 26 
3 44.4625 26 4 44.4625 26 5 44.4625 26 
6 44.4625 26 7 44.4625 26 8 44.4625 26 
9 44.4625 26 10 44.4625 26 11 44.4625 26 
12 44.4625 26 13 44.4625 26 14 44.4625 26 
15 44.4625 26 16 44.4625 26 17 44.4625 26 
18 44.4625 26 19 44.4625 26 20 44.4625 26 
21 44.4625 26 22 44.4625 26 23 44.4625 26 
24 44.4625 26 25 44.4625 26 26 44.4625 26 
27 44.4625 26 28 44.4625 26 29 44.4625 26 
30 44.4625 26 31 44.4625 26 32 44.4625 26 
33 44.4625 26 34 44.4625 26 35 44.4625 26 
36 44.4625 26 37 44.4625 26 38 44.4625 26 
39 44.4625 26 40 44.4625 26 41 44.4625 26 
42 44.4625 26 43 44.4625 26 44 44.4625 26 
45 44.4625 26 46 44.4625 26 47 44.4625 26 
48 44.4625 26 49 44.4625 26 50 44.4625 26 
51 44.4625 26 52 44.4625 26 53 44.4625 26 
54 44.4625 26 55 44.4625 26 56 44.4625 26 
57 44.4625 26 58 44.4625 26 59 44.4625 26 
1 15.3286 27 0 15.3286 27 2 15.3286 27 
3 15.3286 27 4 15.3286 27 5 15.3286 27 
6 15.3286 27 7 15.3286 27 8 15.3286 27 
9 15.3286 27 10 15.3286 27 11 15.3286 27 
12 15.3286 27 13 15.3286 27 14 15.3286 27 
15 15.3286 27 16 15.3286 27 17 15.3286 27 
18 15.3286 27 19 15.3286 27 20 15.3286 27 
21 15.3286 27 22 15.3286 27 23 15.3286 27 
24 15.3286 27 25 15.3286 27 26 15.3286 27 
27 15.3286 27 28 15.3286 27 29 15.3286 27 
30 15.3286 27 31 15.3286 27 32 15.3286 27 
33 15.3286 27 34 15.3286 27 35 15.3286 27 
36 15.3286 27 37 15.3286 27 38 15.3286 27 
39 15.3286 27 40 15.3286 27 41 15.3286 27 
42 15.3286 27 43 15.3286 27 44 15.3286 27 
45 15.3286 27 46 15.3286 27 47 15.3286 27 
48 15.3286 27 49 15.3286 27 50 15.3286 27 
51 15.3286 27 52 15.3286 27 53 15.3286 27 
54 15.3286 27 55 15.3286 27 56 15.3286 27 
57 15.3286 27 58 15.3286 27 59 15.3286 27 
1 44.6714 27 0 44.6714 27 2 44.6714 27 
3 44.6714 27 4 44.6714 27 5 44.6714 27 
6 44.6714 27 7 44.6714 27 8 44.6714 27 
9 44.6714 27 10 44.6714 27 11 44.6714 27 
12 44.6714 27 13 44.6714 27 14 44.6714 27 
15 44.6714 27 16 44.6714 27 17 44.6714 27 
18 44.6714 27 19 44.6714 27 20 44.6714 27 
21 44.6714 27 22 44.6714 27 23 44.6714 27 
24 44.6714 27 25 44.6714 27 26 44.6714 27 
27 44.6714 27 28 44.6714 27 29 44.6714 27 
30 44.6714 27 31 44.6714 27 32 44.6714 27 
33 44.6714 27 34 44.6714 27 35 44.6714 27 
36 44.6714 27 37 44.6714 27 38 44.6714 27 
39 44.6714 27 40 44.6714 27 41 44.6714 27 
42 44.6714 27 43 44.6714 27 44 44.6714 27 
45 44.6714 27 46 44.6714 27 47 44.6714 27 
48 44.6714 27 49 44.6714 27 50 44.6714 27 
51 44.6714 27 52 44.6714 27 53 44.6714 27 
54 44.6714 27 55 44.6714 27 56 44.6714 27 
57 44.6714 27 58 44.6714 27 59 44.6714 27 
1 15.1612 28 0 15.1612 28 2 15.1612 28 
3 15.1612 28 4 15.1612 28 5 15.1612 28 
6 15.1612 28 7 15.1612 28 8 15.1612 28 
9 15.1612 28 10 15.1612 28 11 15.1612 28 
12 15.1612 28 13 15.1612 28 14 15.1612 28 
15 15.1612 28 16 15.1612 28 17 15.1612 28 
18 15.1612 28 19 15.1612 28 20 15.1612 28 
21 15.1612 28 22 15.1612 28 23 15.1612 28 
24 15.1612 28 25 15.1612 28 26 15.1612 28 
27 15.1612 28 28 15.1612 28 29 15.1612 28 
30 15.1612 28 31 15.1612 28 32 15.1612 28 
33 15.1612 28 34 15.1612 28 35 15.1612 28 
36 15.1612 28 37 15.1612 28 38 15.1612 28 
39 15.1612 28 40 15.1612 28 41 15.1612 28 
42 15.1612 28 43 15.1612 28 44 15.1612 28 
45 15.1612 28 46 15.1612 28 47 15.1612 28 
48 15.1612 28 49 15.1612 28 50 15.1612 28 
51 15.1612 28 52 15.1612 28 53 15.1612 28 
54 15.1612 28 55 15.1612 28 56 15.1612 28 
57 15.1612 28 58 15.1612 28 59 15.1612 28 
1 44.8388 28 0 44.8388 28 2 44.8388 28 
3 44.8388 28 4 44.8388 28 5 44.8388 28 
6 44.8388 28 7 44.8388 28 8 44.8388 28 
9 44.8388 28 10 44.8388 28 11 44.8388 28 
12 44.8388 28 13 44.8388 28 14 44.8388 28 
15 44.8388 28 16 44.8388 28 17 44.8388 28 
18 44.8388 28 19 44.8388 28 20 44.8388 28 
21 44.8388 28 22 44.8388 28 23 44.8388 28 
24 44.8388 28 25 44.8388 28 26 44.8388 28 
27 44.8388 28 28 44.8388 28 29 44.8388 28 
30 44.8388 28 31 44.8388 28 32 44.8388 28 
33 44.8388 28 34 44.8388 28 35 44.8388 28 
36 44.8388 28 37 44.8388 28 38 44.8388 28 
39 44.8388 28 40 44.8388 28 41 44.8388 28 
42 44.8388 28 43 44.8388 28 44 44.8388 28 
45 44.8388 28 46 44.8388 28 47 44.8388 28 
48 44.8388 28 49 44.8388 28 50 44.8388 28 
51 44.8388 28 52 44.8388 28 53 44.8388 28 
54 44.8388 28 55 44.8388 28 56 44.8388 28 
57 44.8388 28 58 44.8388 28 59 44.8388 28 
1 15.0434 29 0 15.0434 29 2 15.0434 29 
3 15.0434 29 4 15.0434 29 5 15.0434 29 
6 15.0434 29 7 15.0434 29 8 15.0434 29 
9 15.0434 29 10 15.0434 29 11 15.0434 29 
12 15.0434 29 13 15.0434 29 14 15.0434 29 
15 15.0434 29 16 15.0434 29 17 15.0434 29 
18 15.0434 29 19 15.0434 29 20 15.0434 29 
21 15.0434 29 22 15.0434 29 23 15.0434 29 
24 15.0434 29 25 15.0434 29 26 15.0434 29 
27 15.0434 29 28 15.0434 29 29 15.0434 29 
30 15.0434 29 31 15.0434 29 32 15.0434 29 
33 15.0434 29 34 15.0434 29 35 15.0434 29 
36 15.0434 29 37 15.0434 29 38 15.0434 29 
39 15.0434 29 40 15.0434 29 41 15.0434 29 
42 15.0434 29 43 15.0434 29 44 15.0434 29 
45 15.0434 29 46 15.0434 29 47 15.0434 29 
48 15.0434 29 49 15.0434 29 50 15.0434 29 
51 15.0434 29 52 15.0434 29 53 15.0434 29 
54 15.0434 29 55 15.0434 29 56 15.0434 29 
57 15.0434 29 58 15.0434 29 59 15.0434 29 
1 44.9566 29 0 44.9566 29 2 44.9566 29 
3 44.9566 29 4 44.9566 29 5 44.9566 29 
6 44.9566 29 7 44.9566 29 8 44.9566 29 
9 44.9566 29 10 44.9566 29 11 44.9566 29 
12 44.9566 29 13 44.9566 29 14 44.9566 29 
15 44.9566 29 16 44.9566 29 17 44.9566 29 
18 44.9566 29 19 44.9566 29 20 44.9566 29 
21 44.9566 29 22 44.9566 29 23 44.9566 29 
24 44.9566 29 25 44.9566 29 26 44.9566 29 
27 44.9566 29 28 44.9566 29 29 44.9566 29 
30 44.9566 29 31 44.9566 29 32 44.9566 29 
33 44.9566 29 34 44.9566 29 35 44.9566 29 
36 44.9566 29 37 44.9566 29 38 44.9566 29 
39 44.9566 29 40 44.9566 29 41 44.9566 29 
42 44.9566 29 43 44.9566 29 44 44.9566 29 
45 44.9566 29 46 44.9566 29 47 44.9566 29 
48 44.9566 29 49 44.9566 29 50 44.9566 29 
51 44.9566 29 52 44.9566 29 53 44.9566 29 
54 44.9566 29 55 44.9566 29 56 44.9566 29 
57 44.9566 29 58 44.9566 29 59 44.9566 29 
0 15 30 1 15 30 2 15 30 
3 15 30 4 15 30 5 15 30 
6 15 30 7 15 30 8 15 30 
9 15 30 10 15 30 11 15 30 
12 15 30 13 15 30 14 15 30 
15 15 30 16 15 30 17 15 30 
18 15 30 19 15 30 20 15 30 
21 15 30 22 15 30 23 15 30 
24 15 30 25 15 30 26 15 30 
27 15 30 28 15 30 29 15 30 
30 15 30 31 15 30 32 15 30 
33 15 30 34 15 30 35 15 30 
36 15 30 37 15 30 38 15 30 
39 15 30 40 15 30 41 15 30 
42 15 30 43 15 30 44 15 30 
45 15 30 46 15 30 47 15 30 
48 15 30 49 15 30 50 15 30 
51 15 30 52 15 30 53 15 30 
54 15 30 55 15 30 56 15 30 
57 15 30 58 15 30 59 15 30 
1 45 30 0 45 30 2 45 30 
3 45 30 4 45 30 5 45 30 
6 45 30 7 45 30 8 45 30 
9 45 30 10 45 30 11 45 30 
12 45 30 13 45 30 14 45 30 
15 45 30 16 45 30 17 45 30 
18 45 30 19 45 30 20 45 30 
21 45 30 22 45 30 23 45 30 
24 45 30 25 45 30 26 45 30 
27 45 30 28 45 30 29 45 30 
30 45 30 31 45 30 32 45 30 
33 45 30 34 45 30 35 45 30 
36 45 30 37 45 30 38 45 30 
39 45 30 40 45 30 41 45 30 
42 45 30 43 45 30 44 45 30 
45 45 30 46 45 30 47 45 30 
48 45 30 49 45 30 50 45 30 
51 45 30 52 45 30 53 45 30 
54 45 30 55 45 30 56 45 30 
57 45 30 58 45 30 59 45 30 
0 15.0434 31 1 15.0434 31 2 15.0434 31 
3 15.0434 31 4 15.0434 31 5 15.0434 31 
6 15.0434 31 7 15.0434 31 8 15.0434 31 
9 15.0434 31 10 15.0434 31 11 15.0434 31 
12 15.0434 31 13 15.0434 31 14 15.0434 31 
15 15.0434 31 16 15.0434 31 17 15.0434 31 
18 15.0434 31 19 15.0434 31 20 15.0434 31 
21 15.0434 31 22 15.0434 31 23 15.0434 31 
24 15.0434 31 25 15.0434 31 26 15.0434 31 
27 15.0434 31 28 15.0434 31 29 15.0434 31 
30 15.0434 31 31 15.0434 31 32 15.0434 31 
33 15.0434 31 34 15.0434 31 35 15.0434 31 
36 15.0434 31 37 15.0434 31 38 15.0434 31 
39 15.0434 31 40 15.0434 31 41 15.0434 31 
42 15.0434 31 43 15.0434 31 44 15.0434 31 
45 15.0434 31 46 15.0434 31 47 15.0434 31 
48 15.0434 31 49 15.0434 31 50 15.0434 31 
51 15.0434 31 52 15.0434 31 53 15.0434 31 
54 15.0434 31 55 15.0434 31 56 15.0434 31 
57 15.0434 31 58 15.0434 31 59 15.0434 31 
1 44.9566 31 0 44.9566 31 2 44.9566 31 
3 44.9566 31 4 44.9566 31 5 44.9566 31 
6 44.9566 31 7 44.9566 31 8 44.9566 31 
9 44.9566 31 10 44.9566 31 11 44.9566 31 
12 44.9566 31 13 44.9566 31 14 44.9566 31 
15 44.9566 31 16 44.9566 31 17 44.9566 31 
18 44.9566 31 19 44.9566 31 20 44.9566 31 
21 44.9566 31 22 44.9566 31 23 44.9566 31 
24 44.9566 31 25 44.9566 31 26 44.9566 31 
27 44.9566 31 28 44.9566 31 29 44.9566 31 
30 44.9566 31 31 44.9566 31 32 44.9566 31 
33 44.9566 31 34 44.9566 31 35 44.9566 31 
36 44.9566 31 37 44.9566 31 38 44.9566 31 
39 44.9566 31 40 44.9566 31 41 44.9566 31 
42 44.9566 31 43 44.9566 31 44 44.9566 31 
45 44.9566 31 46 44.9566 31 47 44.9566 31 
48 44.9566 31 49 44.9566 31 50 44.9566 31 
51 44.9566 31 52 44.9566 31 53 44.9566 31 
54 44.9566 31 55 44.9566 31 56 44.9566 31 
57 44.9566 31 58 44.9566 31 59 44.9566 31 
1 15.1612 32 0 15.1612 32 2 15.1612 32 
3 15.1612 32 4 15.1612 32 5 15.1612 32 
6 15.1612 32 7 15.1612 32 8 15.1612 32 
9 15.1612 32 10 15.1612 32 11 15.1612 32 
12 15.1612 32 13 15.1612 32 14 15.1612 32 
15 15.1612 32 16 15.1612 32 17 15.1612 32 
18 15.1612 32 19 15.1612 32 20 15.1612 32 
21 15.1612 32 22 15.1612 32 23 15.1612 32 
24 15.1612 32 25 15.1612 32 26 15.1612 32 
27 15.1612 32 28 15.1612 32 29 15.1612 32 
30 15.1612 32 31 15.1612 32 32 15.1612 32 
33 15.1612 32 34 15.1612 32 35 15.1612 32 
36 15.1612 32 37 15.1612 32 38 15.1612 32 
39 15.1612 32 40 15.1612 32 41 15.1612 32 
42 15.1612 32 43 15.1612 32 44 15.1612 32 
45 15.1612 32 46 15.1612 32 47 15.1612 32 
48 15.1612 32 49 15.1612 32 50 15.1612 32 
51 15.1612 32 52 15.1612 32 53 15.1612 32 
54 15.1612 32 55 15.1612 32 56 15.1612 32 
57 15.1612 32 58 15.1612 32 59 15.1612 32 
1 44.8388 32 0 44.8388 32 2 44.8388 32 
3 44.8388 32 4 44.8388 32 5 44.8388 32 
6 44.8388 32 7 44.8388 32 8 44.8388 32 
9 44.8388 32 10 44.8388 32 11 44.8388 32 
12 44.8388 32 13 44.8388 32 14 44.8388 32 
15 44.8388 32 16 44.8388 32 17 44.8388 32 
18 44.8388 32 19 44.8388 32 20 44.8388 32 
21 44.8388 32 22 44.8388 32 23 44.8388 32 
24 44.8388 32 25 44.8388 32 26 44.8388 32 
27 44.8388 32 28 44.8388 32 29 44.8388 32 
30 44.8388 32 31 44.8388 32 32 44.8388 32 
33 44.8388 32 34 44.8388 32 35 44.8388 32 
36 44.8388 32 37 44.8388 32 38 44.8388 32 
39 44.8388 32 40 44.8388 32 41 44.8388 32 
42 44.8388 32 43 44.8388 32 44 44.8388 32 
45 44.8388 32 46 44.8388 32 47 44.8388 32 
48 44.8388 32 49 44.8388 32 50 44.8388 32 
51 44.8388 32 52 44.8388 32 53 44.8388 32 
54 44.8388 32 55 44.8388 32 56 44.8388 32 
57 44.8388 32 58 44.8388 32 59 44.8388 32 
1 15.3286 33 0 15.3286 33 2 15.3286 33 
3 15.3286 33 4 15.3286 33 5 15.3286 33 
6 15.3286 33 7 15.3286 33 8 15.3286 33 
9 15.3286 33 10 15.3286 33 11 15.3286 33 
12 15.3286 33 13 15.3286 33 14 15.3286 33 
15 15.3286 33 16 15.3286 33 17 15.3286 33 
18 15.3286 33 19 15.3286 33 20 15.3286 33 
21 15.3286 33 22 15.3286 33 23 15.3286 33 
24 15.3286 33 25 15.3286 33 26 15.3286 33 
27 15.3286 33 28 15.3286 33 29 15.3286 33 
30 15.3286 33 31 15.3286 33 32 15.3286 33 
33 15.3286 33 34 15.3286 33 35 15.3286 33 
36 15.3286 33 37 15.3286 33 38 15.3286 33 
39 15.3286 33 40 15.3286 33 41 15.3286 33 
42 15.3286 33 43 15.3286 33 44 15.3286 33 
45 15.3286 33 46 15.3286 33 47 15.3286 33 
48 15.3286 33 49 15.3286 33 50 15.3286 33 
51 15.3286 33 52 15.3286 33 53 15.3286 33 
54 15.3286 33 55 15.3286 33 56 15.3286 33 
57 15.3286 33 58 15.3286 33 59 15.3286 33 
1 44.6714 33 0 44.6714 33 2 44.6714 33 
3 44.6714 33 4 44.6714 33 5 44.6714 33 
6 44.6714 33 7 44.6714 33 8 44.6714 33 
9 44.6714 33 10 44.6714 33 11 44.6714 33 
12 44.6714 33 13 44.6714 33 14 44.6714 33 
15 44.6714 33 16 44.6714 33 17 44.6714 33 
18 44.6714 33 19 44.6714 33 20 44.6714 33 
21 44.6714 33 22 44.6714 33 23 44.6714 33 
24 44.6714 33 25 44.6714 33 26 44.6714 33 
27 44.6714 33 28 44.6714 33 29 44.6714 33 
30 44.6714 33 31 44.6714 33 32 44.6714 33 
33 44.6714 33 34 44.6714 33 35 44.6714 33 
36 44.6714 33 37 44.6714 33 38 44.6714 33 
39 44.6714 33 40 44.6714 33 41 44.6714 33 
42 44.6714 33 43 44.6714 33 44 44.6714 33 
45 44.6714 33 46 44.6714 33 47 44.6714 33 
48 44.6714 33 49 44.6714 33 50 44.6714 33 
51 44.6714 33 52 44.6714 33 53 44.6714 33 
54 44.6714 33 55 44.6714 33 56 44.6714 33 
57 44.6714 33 58 44.6714 33 59 44.6714 33 
1 15.5375 34 0 15.5375 34 2 15.5375 34 
3 15.5375 34 4 15.5375 34 5 15.5375 34 
6 15.5375 34 7 15.5375 34 8 15.5375 34 
9 15.5375 34 10 15.5375 34 11 15.5375 34 
12 15.5375 34 13 15.5375 34 14 15.5375 34 
15 15.5375 34 16 15.5375 34 17 15.5375 34 
18 15.5375 34 19 15.5375 34 20 15.5375 34 
21 15.5375 34 22 15.5375 34 23 15.5375 34 
24 15.5375 34 25 15.5375 34 26 15.5375 34 
27 15.5375 34 28 15.5375 34 29 15.5375 34 
30 15.5375 34 31 15.5375 34 32 15.5375 34 
33 15.5375 34 34 15.5375 34 35 15.5375 34 
36 15.5375 34 37 15.5375 34 38 15.5375 34 
39 15.5375 34 40 15.5375 34 41 15.5375 34 
42 15.5375 34 43 15.5375 34 44 15.5375 34 
45 15.5375 34 46 15.5375 34 47 15.5375 34 
48 15.5375 34 49 15.5375 34 50 15.5375 34 
51 15.5375 34 52 15.5375 34 53 15.5375 34 
54 15.5375 34 55 15.5375 34 56 15.5375 34 
57 15.5375 34 58 15.5375 34 59 15.5375 34 
1 44.4625 34 0 44.4625 34 2 44.4625 34 
3 44.4625 34 4 44.4625 34 5 44.4625 34 
6 44.4625 34 7 44.4625 34 8 44.4625 34 
9 44.4625 34 10 44.4625 34 11 44.4625 34 
12 44.4625 34 13 44.4625 34 14 44.4625 34 
15 44.4625 34 16 44.4625 34 17 44.4625 34 
18 44.4625 34 19 44.4625 34 20 44.4625 34 
21 44.4625 34 22 44.4625 34 23 44.4625 34 
24 44.4625 34 25 44.4625 34 26 44.4625 34 
27 44.4625 34 28 44.4625 34 29 44.4625 34 
30 44.4625 34 31 44.4625 34 32 44.4625 34 
33 44.4625 34 34 44.4625 34 35 44.4625 34 
36 44.4625 34 37 44.4625 34 38 44.4625 34 
39 44.4625 34 40 44.4625 34 41 44.4625 34 
42 44.4625 34 43 44.4625 34 44 44.4625 34 
45 44.4625 34 46 44.4625 34 47 44.4625 34 
48 44.4625 34 49 44.4625 34 50 44.4625 34 
51 44.4625 34 52 44.4625 34 53 44.4625 34 
54 44.4625 34 55 44.4625 34 56 44.4625 34 
57 44.4625 34 58 44.4625 34 59 44.4625 34 
1 15.8329 35 0 15.8329 35 2 15.8329 35 
3 15.8329 35 4 15.8329 35 5 15.8329 35 
6 15.8329 35 7 15.8329 35 8 15.8329 35 
9 15.8329 35 10 15.8329 35 11 15.8329 35 
12 15.8329 35 13 15.8329 35 14 15.8329 35 
15 15.8329 35 16 15.8329 35 17 15.8329 35 
18 15.8329 35 19 15.8329 35 20 15.8329 35 
21 15.8329 35 22 15.8329 35 23 15.8329 35 
24 15.8329 35 25 15.8329 35 26 15.8329 35 
27 15.8329 35 28 15.8329 35 29 15.8329 35 
30 15.8329 35 31 15.8329 35 32 15.8329 35 
33 15.8329 35 34 15.8329 35 35 15.8329 35 
36 15.8329 35 37 15.8329 35 38 15.8329 35 
39 15.8329 35 40 15.8329 35 41 15.8329 35 
42 15.8329 35 43 15.8329 35 44 15.8329 35 
45 15.8329 35 46 15.8329 35 47 15.8329 35 
48 15.8329 35 49 15.8329 35 50 15.8329 35 
51 15.8329 35 52 15.8329 35 53 15.8329 35 
54 15.8329 35 55 15.8329 35 56 15.8329 35 
57 15.8329 35 58 15.8329 35 59 15.8329 35 
1 44.1671 35 0 44.1671 35 2 44.1671 35 
3 44.1671 35 4 44.1671 35 5 44.1671 35 
6 44.1671 35 7 44.1671 35 8 44.1671 35 
9 44.1671 35 10 44.1671 35 11 44.1671 35 
12 44.1671 35 13 44.1671 35 14 44.1671 35 
15 44.1671 35 16 44.1671 35 17 44.1671 35 
18 44.1671 35 19 44.1671 35 20 44.1671 35 
21 44.1671 35 22 44.1671 35 23 44.1671 35 
24 44.1671 35 25 44.1671 35 26 44.1671 35 
27 44.1671 35 28 44.1671 35 29 44.1671 35 
30 44.1671 35 31 44.1671 35 32 44.1671 35 
33 44.1671 35 34 44.1671 35 35 44.1671 35 
36 44.1671 35 37 44.1671 35 38 44.1671 35 
39 44.1671 35 40 44.1671 35 41 44.1671 35 
42 44.1671 35 43 44.1671 35 44 44.1671 35 
45 44.1671 35 46 44.1671 35 47 44.1671 35 
48 44.1671 35 49 44.1671 35 50 44.1671 35 
51 44.1671 35 52 44.1671 35 53 44.1671 35 
54 44.1671 35 55 44.1671 35 56 44.1671 35 
57 44.1671 35 58 44.1671 35 59 44.1671 35 
1 16 35.3692 0 16 35.3692 2 16 35.3692 
3 16 35.3692 4 16 35.3692 5 16 35.3692 
6 16 35.3692 7 16 35.3692 8 16 35.3692 
9 16 35.3692 10 16 35.3692 11 16 35.3692 
12 16 35.3692 13 16 35.3692 14 16 35.3692 
15 16 35.3692 16 16 35.3692 17 16 35.3692 
18 16 35.3692 19 16 35.3692 20 16 35.3692 
21 16 35.3692 22 16 35.3692 23 16 35.3692 
24 16 35.3692 25 16 35.3692 26 16 35.3692 
27 16 35.3692 28 16 35.3692 29 16 35.3692 
30 16 35.3692 31 16 35.3692 32 16 35.3692 
33 16 35.3692 34 16 35.3692 35 16 35.3692 
36 16 35.3692 37 16 35.3692 38 16 35.3692 
39 16 35.3692 40 16 35.3692 41 16 35.3692 
42 16 35.3692 43 16 35.3692 44 16 35.3692 
45 16 35.3692 46 16 35.3692 47 16 35.3692 
48 16 35.3692 49 16 35.3692 50 16 35.3692 
51 16 35.3692 52 16 35.3692 53 16 35.3692 
54 16 35.3692 55 16 35.3692 56 16 35.3692 
57 16 35.3692 58 16 35.3692 59 16 35.3692 
0 16.2784 36 1 16.2784 36 2 16.2784 36 
3 16.2784 36 4 16.2784 36 5 16.2784 36 
6 16.2784 36 7 16.2784 36 8 16.2784 36 
9 16.2784 36 10 16.2784 36 11 16.2784 36 
12 16.2784 36 13 16.2784 36 14 16.2784 36 
15 16.2784 36 16 16.2784 36 17 16.2784 36 
18 16.2784 36 19 16.2784 36 20 16.2784 36 
21 16.2784 36 22 16.2784 36 23 16.2784 36 
24 16.2784 36 25 16.2784 36 26 16.2784 36 
27 16.2784 36 28 16.2784 36 29 16.2784 36 
30 16.2784 36 31 16.2784 36 32 16.2784 36 
33 16.2784 36 34 16.2784 36 35 16.2784 36 
36 16.2784 36 37 16.2784 36 38 16.2784 36 
39 16.2784 36 40 16.2784 36 41 16.2784 36 
42 16.2784 36 43 16.2784 36 44 16.2784 36 
45 16.2784 36 46 16.2784 36 47 16.2784 36 
48 16.2784 36 49 16.2784 36 50 16.2784 36 
51 16.2784 36 52 16.2784 36 53 16.2784 36 
54 16.2784 36 55 16.2784 36 56 16.2784 36 
57 16.2784 36 58 16.2784 36 59 16.2784 36 
0 44 35.3692 1 43.7216 36 1 44 35.3692 
0 43.7216 36 2 43.7216 36 2 44 35.3692 
3 43.7216 36 3 44 35.3692 4 43.7216 36 
4 44 35.3692 5 43.7216 36 5 44 35.3692 
6 43.7216 36 6 44 35.3692 7 43.7216 36 
7 44 35.3692 8 43.7216 36 8 44 35.3692 
9 43.7216 36 9 44 35.3692 10 43.7216 36 
10 44 35.3692 11 43.7216 36 11 44 35.3692 
12 43.7216 36 12 44 35.3692 13 43.7216 36 
13 44 35.3692 14 43.7216 36 14 44 35.3692 
15 43.7216 36 15 44 35.3692 16 43.7216 36 
16 44 35.3692 17 43.7216 36 17 44 35.3692 
18 43.7216 36 18 44 35.3692 19 43.7216 36 
19 44 35.3692 20 43.7216 36 20 44 35.3692 
21 43.7216 36 21 44 35.3692 22 43.7216 36 
22 44 35.3692 23 43.7216 36 23 44 35.3692 
24 43.7216 36 24 44 35.3692 25 43.7216 36 
25 44 35.3692 26 43.7216 36 26 44 35.3692 
27 43.7216 36 27 44 35.3692 28 43.7216 36 
28 44 35.3692 29 43.7216 36 29 44 35.3692 
30 43.7216 36 30 44 35.3692 31 43.7216 36 
31 44 35.3692 32 43.7216 36 32 44 35.3692 
33 43.7216 36 33 44 35.3692 34 43.7216 36 
34 44 35.3692 35 43.7216 36 35 44 35.3692 
36 43.7216 36 36 44 35.3692 37 43.7216 36 
37 44 35.3692 38 43.7216 36 38 44 35.3692 
39 43.7216 36 39 44 35.3692 40 43.7216 36 
40 44 35.3692 41 43.7216 36 41 44 35.3692 
42 43.7216 36 42 44 35.3692 43 43.7216 36 
43 44 35.3692 44 43.7216 36 44 44 35.3692 
45 43.7216 36 45 44 35.3692 46 43.7216 36 
46 44 35.3692 47 43.7216 36 47 44 35.3692 
48 43.7216 36 48 44 35.3692 49 43.7216 36 
49 44 35.3692 50 43.7216 36 50 44 35.3692 
51 43.7216 36 51 44 35.3692 52 43.7216 36 
52 44 35.3692 53 43.7216 36 53 44 35.3692 
54 43.7216 36 54 44 35.3692 55 43.7216 36 
55 44 35.3692 56 43.7216 36 56 44 35.3692 
57 43.7216 36 57 44 35.3692 58 43.7216 36 
58 44 35.3692 59 43.7216 36 59 44 35.3692 
1 16.7119 37 0 16.7119 37 2 16.7119 37 
3 16.7119 37 4 16.7119 37 5 16.7119 37 
6 16.7119 37 7 16.7119 37 8 16.7119 37 
9 16.7119 37 10 16.7119 37 11 16.7119 37 
12 16.7119 37 13 16.7119 37 14 16.7119 37 
15 16.7119 37 16 16.7119 37 17 16.7119 37 
18 16.7119 37 19 16.7119 37 20 16.7119 37 
21 16.7119 37 22 16.7119 37 23 16.7119 37 
24 16.7119 37 25 16.7119 37 26 16.7119 37 
27 16.7119 37 28 16.7119 37 29 16.7119 37 
30 16.7119 37 31 16.7119 37 32 16.7119 37 
33 16.7119 37 34 16.7119 37 35 16.7119 37 
36 16.7119 37 37 16.7119 37 38 16.7119 37 
39 16.7119 37 40 16.7119 37 41 16.7119 37 
42 16.7119 37 43 16.7119 37 44 16.7119 37 
45 16.7119 37 46 16.7119 37 47 16.7119 37 
48 16.7119 37 49 16.7119 37 50 16.7119 37 
51 16.7119 37 52 16.7119 37 53 16.7119 37 
54 16.7119 37 55 16.7119 37 56 16.7119 37 
57 16.7119 37 58 16.7119 37 59 16.7119 37 
1 43.2881 37 0 43.2881 37 2 43.2881 37 
3 43.2881 37 4 43.2881 37 5 43.2881 37 
6 43.2881 37 7 43.2881 37 8 43.2881 37 
9 43.2881 37 10 43.2881 37 11 43.2881 37 
12 43.2881 37 13 43.2881 37 14 43.2881 37 
15 43.2881 37 16 43.2881 37 17 43.2881 37 
18 43.2881 37 19 43.2881 37 20 43.2881 37 
21 43.2881 37 22 43.2881 37 23 43.2881 37 
24 43.2881 37 25 43.2881 37 26 43.2881 37 
27 43.2881 37 28 43.2881 37 29 43.2881 37 
30 43.2881 37 31 43.2881 37 32 43.2881 37 
33 43.2881 37 34 43.2881 37 35 43.2881 37 
36 43.2881 37 37 43.2881 37 38 43.2881 37 
39 43.2881 37 40 43.2881 37 41 43.2881 37 
42 43.2881 37 43 43.2881 37 44 43.2881 37 
45 43.2881 37 46 43.2881 37 47 43.2881 37 
48 43.2881 37 49 43.2881 37 50 43.2881 37 
51 43.2881 37 52 43.2881 37 53 43.2881 37 
54 43.2881 37 55 43.2881 37 56 43.2881 37 
57 43.2881 37 58 43.2881 37 59 43.2881 37 
1 17 37.472 0 17 37.472 2 17 37.472 
3 17 37.472 4 17 37.472 5 17 37.472 
6 17 37.472 7 17 37.472 8 17 37.472 
9 17 37.472 10 17 37.472 11 17 37.472 
12 17 37.472 13 17 37.472 14 17 37.472 
15 17 37.472 16 17 37.472 17 17 37.472 
18 17 37.472 19 17 37.472 20 17 37.472 
21 17 37.472 22 17 37.472 23 17 37.472 
24 17 37.472 25 17 37.472 26 17 37.472 
27 17 37.472 28 17 37.472 29 17 37.472 
30 17 37.472 31 17 37.472 32 17 37.472 
33 17 37.472 34 17 37.472 35 17 37.472 
36 17 37.472 37 17 37.472 38 17 37.472 
39 17 37.472 40 17 37.472 41 17 37.472 
42 17 37.472 43 17 37.472 44 17 37.472 
45 17 37.472 46 17 37.472 47 17 37.472 
48 17 37.472 49 17 37.472 50 17 37.472 
51 17 37.472 52 17 37.472 53 17 37.472 
54 17 37.472 55 17 37.472 56 17 37.472 
57 17 37.472 58 17 37.472 59 17 37.472 
0 17.3321 38 1 17.3321 38 2 17.3321 38 
3 17.3321 38 4 17.3321 38 5 17.3321 38 
6 17.3321 38 7 17.3321 38 8 17.3321 38 
9 17.3321 38 10 17.3321 38 11 17.3321 38 
12 17.3321 38 13 17.3321 38 14 17.3321 38 
15 17.3321 38 16 17.3321 38 17 17.3321 38 
18 17.3321 38 19 17.3321 38 20 17.3321 38 
21 17.3321 38 22 17.3321 38 23 17.3321 38 
24 17.3321 38 25 17.3321 38 26 17.3321 38 
27 17.3321 38 28 17.3321 38 29 17.3321 38 
30 17.3321 38 31 17.3321 38 32 17.3321 38 
33 17.3321 38 34 17.3321 38 35 17.3321 38 
36 17.3321 38 37 17.3321 38 38 17.3321 38 
39 17.3321 38 40 17.3321 38 41 17.3321 38 
42 17.3321 38 43 17.3321 38 44 17.3321 38 
45 17.3321 38 46 17.3321 38 47 17.3321 38 
48 17.3321 38 49 17.3321 38 50 17.3321 38 
51 17.3321 38 52 17.3321 38 53 17.3321 38 
54 17.3321 38 55 17.3321 38 56 17.3321 38 
57 17.3321 38 58 17.3321 38 59 17.3321 38 
0 43 37.472 1 42.6679 38 1 43 37.472 
0 42.6679 38 2 42.6679 38 2 43 37.472 
3 42.6679 38 3 43 37.472 4 42.6679 38 
4 43 37.472 5 42.6679 38 5 43 37.472 
6 42.6679 38 6 43 37.472 7 42.6679 38 
7 43 37.472 8 42.6679 38 8 43 37.472 
9 42.6679 38 9 43 37.472 10 42.6679 38 
10 43 37.472 11 42.6679 38 11 43 37.472 
12 42.6679 38 12 43 37.472 13 42.6679 38 
13 43 37.472 14 42.6679 38 14 43 37.472 
15 42.6679 38 15 43 37.472 16 42.6679 38 
16 43 37.472 17 42.6679 38 17 43 37.472 
18 42.6679 38 18 43 37.472 19 42.6679 38 
19 43 37.472 20 42.6679 38 20 43 37.472 
21 42.6679 38 21 43 37.472 22 42.6679 38 
22 43 37.472 23 42.6679 38 23 43 37.472 
24 42.6679 38 24 43 37.472 25 42.6679 38 
25 43 37.472 26 42.6679 38 26 43 37.472 
27 42.6679 38 27 43 37.472 28 42.6679 38 
28 43 37.472 29 42.6679 38 29 43 37.472 
30 42.6679 38 30 43 37.472 31 42.6679 38 
31 43 37.472 32 42.6679 38 32 43 37.472 
33 42.6679 38 33 43 37.472 34 42.6679 38 
34 43 37.472 35 42.6679 38 35 43 37.472 
36 42.6679 38 36 43 37.472 37 42.6679 38 
37 43 37.472 38 42.6679 38 38 43 37.472 
39 42.6679 38 39 43 37.472 40 42.6679 38 
40 43 37.472 41 42.6679 38 41 43 37.472 
42 42.6679 38 42 43 37.472 43 42.6679 38 
43 43 37.472 44 42.6679 38 44 43 37.472 
45 42.6679 38 45 43 37.472 46 42.6679 38 
46 43 37.472 47 42.6679 38 47 43 37.472 
48 42.6679 38 48 43 37.472 49 42.6679 38 
49 43 37.472 50 42.6679 38 50 43 37.472 
51 42.6679 38 51 43 37.472 52 42.6679 38 
52 43 37.472 53 42.6679 38 53 43 37.472 
54 42.6679 38 54 43 37.472 55 42.6679 38 
55 43 37.472 56 42.6679 38 56 43 37.472 
57 42.6679 38 57 43 37.472 58 42.6679 38 
58 43 37.472 59 42.6679 38 59 43 37.472 
1 18 39 0 18 39 2 18 39 
3 18 39 4 18 39 5 18 39 
6 18 39 7 18 39 8 18 39 
9 18 39 10 18 39 11 18 39 
12 18 39 13 18 39 14 18 39 
15 18 39 16 18 39 17 18 39 
18 18 39 19 18 39 20 18 39 
21 18 39 22 18 39 23 18 39 
24 18 39 25 18 39 26 18 39 
27 18 39 28 18 39 29 18 39 
30 18 39 31 18 39 32 18 39 
33 18 39 34 18 39 35 18 39 
36 18 39 37 18 39 38 18 39 
39 18 39 40 18 39 41 18 39 
42 18 39 43 18 39 44 18 39 
45 18 39 46 18 39 47 18 39 
48 18 39 49 18 39 50 18 39 
51 18 39 52 18 39 53 18 39 
54 18 39 55 18 39 56 18 39 
57 18 39 58 18 39 59 18 39 
1 42 39 0 42 39 2 42 39 
3 42 39 4 42 39 5 42 39 
6 42 39 7 42 39 8 42 39 
9 42 39 10 42 39 11 42 39 
12 42 39 13 42 39 14 42 39 
15 42 39 16 42 39 17 42 39 
18 42 39 19 42 39 20 42 39 
21 42 39 22 42 39 23 42 39 
24 42 39 25 42 39 26 42 39 
27 42 39 28 42 39 29 42 39 
30 42 39 31 42 39 32 42 39 
33 42 39 34 42 39 35 42 39 
36 42 39 37 42 39 38 42 39 
39 42 39 40 42 39 41 42 39 
42 42 39 43 42 39 44 42 39 
45 42 39 46 42 39 47 42 39 
48 42 39 49 42 39 50 42 39 
51 42 39 52 42 39 53 42 39 
54 42 39 55 42 39 56 42 39 
57 42 39 58 42 39 59 42 39 
0 18.8049 40 1 18.8049 40 2 18.8049 40 
3 18.8049 40 4 18.8049 40 5 18.8049 40 
6 18.8049 40 7 18.8049 40 8 18.8049 40 
9 18.8049 40 10 18.8049 40 11 18.8049 40 
12 18.8049 40 13 18.8049 40 14 18.8049 40 
15 18.8049 40 16 18.8049 40 17 18.8049 40 
18 18.8049 40 19 18.8049 40 20 18.8049 40 
21 18.8049 40 22 18.8049 40 23 18.8049 40 
24 18.8049 40 25 18.8049 40 26 18.8049 40 
27 18.8049 40 28 18.8049 40 29 18.8049 40 
30 18.8049 40 31 18.8049 40 32 18.8049 40 
33 18.8049 40 34 18.8049 40 35 18.8049 40 
36 18.8049 40 37 18.8049 40 38 18.8049 40 
39 18.8049 40 40 18.8049 40 41 18.8049 40 
42 18.8049 40 43 18.8049 40 44 18.8049 40 
45 18.8049 40 46 18.8049 40 47 18.8049 40 
48 18.8049 40 49 18.8049 40 50 18.8049 40 
51 18.8049 40 52 18.8049 40 53 18.8049 40 
54 18.8049 40 55 18.8049 40 56 18.8049 40 
57 18.8049 40 58 18.8049 40 59 18.8049 40 
1 41.1951 40 0 41.1951 40 2 41.1951 40 
3 41.1951 40 4 41.1951 40 5 41.1951 40 
6 41.1951 40 7 41.1951 40 8 41.1951 40 
9 41.1951 40 10 41.1951 40 11 41.1951 40 
12 41.1951 40 13 41.1951 40 14 41.1951 40 
15 41.1951 40 16 41.1951 40 17 41.1951 40 
18 41.1951 40 19 41.1951 40 20 41.1951 40 
21 41.1951 40 22 41.1951 40 23 41.1951 40 
24 41.1951 40 25 41.1951 40 26 41.1951 40 
27 41.1951 40 28 41.1951 40 29 41.1951 40 
30 41.1951 40 31 41.1951 40 32 41.1951 40 
33 41.1951 40 34 41.1951 40 35 41.1951 40 
36 41.1951 40 37 41.1951 40 38 41.1951 40 
39 41.1951 40 40 41.1951 40 41 41.1951 40 
42 41.1951 40 43 41.1951 40 44 41.1951 40 
45 41.1951 40 46 41.1951 40 47 41.1951 40 
48 41.1951 40 49 41.1951 40 50 41.1951 40 
51 41.1951 40 52 41.1951 40 53 41.1951 40 
54 41.1951 40 55 41.1951 40 56 41.1951 40 
57 41.1951 40 58 41.1951 40 59 41.1951 40 
1 19 40.209 0 19 40.209 2 19 40.209 
3 19 40.209 4 19 40.209 5 19 40.209 
6 19 40.209 7 19 40.209 8 19 40.209 
9 19 40.209 10 19 40.209 11 19 40.209 
12 19 40.209 13 19 40.209 14 19 40.209 
15 19 40.209 16 19 40.209 17 19 40.209 
18 19 40.209 19 19 40.209 20 19 40.209 
21 19 40.209 22 19 40.209 23 19 40.209 
24 19 40.209 25 19 40.209 26 19 40.209 
27 19 40.209 28 19 40.209 29 19 40.209 
30 19 40.209 31 19 40.209 32 19 40.209 
33 19 40.209 34 19 40.209 35 19 40.209 
36 19 40.209 37 19 40.209 38 19 40.209 
39 19 40.209 40 19 40.209 41 19 40.209 
42 19 40.209 43 19 40.209 44 19 40.209 
45 19 40.209 46 19 40.209 47 19 40.209 
48 19 40.209 49 19 40.209 50 19 40.209 
51 19 40.209 52 19 40.209 53 19 40.209 
54 19 40.209 55 19 40.209 56 19 40.209 
57 19 40.209 58 19 40.209 59 19 40.209 
0 19.791 41 1 19.791 41 2 19.791 41 
3 19.791 41 4 19.791 41 5 19.791 41 
6 19.791 41 7 19.791 41 8 19.791 41 
9 19.791 41 10 19.791 41 11 19.791 41 
12 19.791 41 13 19.791 41 14 19.791 41 
15 19.791 41 16 19.791 41 17 19.791 41 
18 19.791 41 19 19.791 41 20 19.791 41 
21 19.791 41 22 19.791 41 23 19.791 41 
24 19.791 41 25 19.791 41 26 19.791 41 
27 19.791 41 28 19.791 41 29 19.791 41 
30 19.791 41 31 19.791 41 32 19.791 41 
33 19.791 41 34 19.791 41 35 19.791 41 
36 19.791 41 37 19.791 41 38 19.791 41 
39 19.791 41 40 19.791 41 41 19.791 41 
42 19.791 41 43 19.791 41 44 19.791 41 
45 19.791 41 46 19.791 41 47 19.791 41 
48 19.791 41 49 19.791 41 50 19.791 41 
51 19.791 41 52 19.791 41 53 19.791 41 
54 19.791 41 55 19.791 41 56 19.791 41 
57 19.791 41 58 19.791 41 59 19.791 41 
0 41 40.209 1 40.209 41 1 41 40.209 
0 40.209 41 2 40.209 41 2 41 40.209 
3 40.209 41 3 41 40.209 4 40.209 41 
4 41 40.209 5 40.209 41 5 41 40.209 
6 40.209 41 6 41 40.209 7 40.209 41 
7 41 40.209 8 40.209 41 8 41 40.209 
9 40.209 41 9 41 40.209 10 40.209 41 
10 41 40.209 11 40.209 41 11 41 40.209 
12 40.209 41 12 41 40.209 13 40.209 41 
13 41 40.209 14 40.209 41 14 41 40.209 
15 40.209 41 15 41 40.209 16 40.209 41 
16 41 40.209 17 40.209 41 17 41 40.209 
18 40.209 41 18 41 40.209 19 40.209 41 
19 41 40.209 20 40.209 41 20 41 40.209 
21 40.209 41 21 41 40.209 22 40.209 41 
22 41 40.209 23 40.209 41 23 41 40.209 
24 40.209 41 24 41 40.209 25 40.209 41 
25 41 40.209 26 40.209 41 26 41 40.209 
27 40.209 41 27 41 40.209 28 40.209 41 
28 41 40.209 29 40.209 41 29 41 40.209 
30 40.209 41 30 41 40.209 31 40.209 41 
31 41 40.209 32 40.209 41 32 41 40.209 
33 40.209 41 33 41 40.209 34 40.209 41 
34 41 40.209 35 40.209 41 35 41 40.209 
36 40.209 41 36 41 40.209 37 40.209 41 
37 41 40.209 38 40.209 41 38 41 40.209 
39 40.209 41 39 41 40.209 40 40.209 41 
40 41 40.209 41 40.209 41 41 41 40.209 
42 40.209 41 42 41 40.209 43 40.209 41 
43 41 40.209 44 40.209 41 44 41 40.209 
45 40.209 41 45 41 40.209 46 40.209 41 
46 41 40.209 47 40.209 41 47 41 40.209 
48 40.209 41 48 41 40.209 49 40.209 41 
49 41 40.209 50 40.209 41 50 41 40.209 
51 40.209 41 51 41 40.209 52 40.209 41 
52 41 40.209 53 40.209 41 53 41 40.209 
54 40.209 41 54 41 40.209 55 40.209 41 
55 41 40.209 56 40.209 41 56 41 40.209 
57 40.209 41 57 41 40.209 58 40.209 41 
58 41 40.209 59 40.209 41 59 41 40.209 
1 20 41.1951 0 20 41.1951 2 20 41.1951 
3 20 41.1951 4 20 41.1951 5 20 41.1951 
6 20 41.1951 7 20 41.1951 8 20 41.1951 
9 20 41.1951 10 20 41.1951 11 20 41.1951 
12 20 41.1951 13 20 41.1951 14 20 41.1951 
15 20 41.1951 16 20 41.1951 17 20 41.1951 
18 20 41.1951 19 20 41.1951 20 20 41.1951 
21 20 41.1951 22 20 41.1951 23 20 41.1951 
24 20 41.1951 25 20 41.1951 26 20 41.1951 
27 20 41.1951 28 20 41.1951 29 20 41.1951 
30 20 41.1951 31 20 41.1951 32 20 41.1951 
33 20 41.1951 34 20 41.1951 35 20 41.1951 
36 20 41.1951 37 20 41.1951 38 20 41.1951 
39 20 41.1951 40 20 41.1951 41 20 41.1951 
42 20 41.1951 43 20 41.1951 44 20 41.1951 
45 20 41.1951 46 20 41.1951 47 20 41.1951 
48 20 41.1951 49 20 41.1951 50 20 41.1951 
51 20 41.1951 52 20 41.1951 53 20 41.1951 
54 20 41.1951 55 20 41.1951 56 20 41.1951 
57 20 41.1951 58 20 41.1951 59 20 41.1951 
0 21 42 1 21 42 2 21 42 
3 21 42 4 21 42 5 21 42 
6 21 42 7 21 42 8 21 42 
9 21 42 10 21 42 11 21 42 
12 21 42 13 21 42 14 21 42 
15 21 42 16 21 42 17 21 42 
18 21 42 19 21 42 20 21 42 
21 21 42 22 21 42 23 21 42 
24 21 42 25 21 42 26 21 42 
27 21 42 28 21 42 29 21 42 
30 21 42 31 21 42 32 21 42 
33 21 42 34 21 42 35 21 42 
36 21 42 37 21 42 38 21 42 
39 21 42 40 21 42 41 21 42 
42 21 42 43 21 42 44 21 42 
45 21 42 46 21 42 47 21 42 
48 21 42 49 21 42 50 21 42 
51 21 42 52 21 42 53 21 42 
54 21 42 55 21 42 56 21 42 
57 21 42 58 21 42 59 21 42 
0 40 41.1951 1 39 42 1 40 41.1951 
0 39 42 2 39 42 2 40 41.1951 
3 39 42 3 40 41.1951 4 39 42 
4 40 41.1951 5 39 42 5 40 41.1951 
6 39 42 6 40 41.1951 7 39 42 
7 40 41.1951 8 39 42 8 40 41.1951 
9 39 42 9 40 41.1951 10 39 42 
10 40 41.1951 11 39 42 11 40 41.1951 
12 39 42 12 40 41.1951 13 39 42 
13 40 41.1951 14 39 42 14 40 41.1951 
15 39 42 15 40 41.1951 16 39 42 
16 40 41.1951 17 39 42 17 40 41.1951 
18 39 42 18 40 41.1951 19 39 42 
19 40 41.1951 20 39 42 20 40 41.1951 
21 39 42 21 40 41.1951 22 39 42 
22 40 41.1951 23 39 42 23 40 41.1951 
24 39 42 24 40 41.1951 25 39 42 
25 40 41.1951 26 39 42 26 40 41.1951 
27 39 42 27 40 41.1951 28 39 42 
28 40 41.1951 29 39 42 29 40 41.1951 
30 39 42 30 40 41.1951 31 39 42 
31 40 41.1951 32 39 42 32 40 41.1951 
33 39 42 33 40 41.1951 34 39 42 
34 40 41.1951 35 39 42 35 40 41.1951 
36 39 42 36 40 41.1951 37 39 42 
37 40 41.1951 38 39 42 38 40 41.1951 
39 39 42 39 40 41.1951 40 39 42 
40 40 41.1951 41 39 42 41 40 41.1951 
42 39 42 42 40 41.1951 43 39 42 
43 40 41.1951 44 39 42 44 40 41.1951 
45 39 42 45 40 41.1951 46 39 42 
46 40 41.1951 47 39 42 47 40 41.1951 
48 39 42 48 40 41.1951 49 39 42 
49 40 41.1951 50 39 42 50 40 41.1951 
51 39 42 51 40 41.1951 52 39 42 
52 40 41.1951 53 39 42 53 40 41.1951 
54 39 42 54 40 41.1951 55 39 42 
55 40 41.1951 56 39 42 56 40 41.1951 
57 39 42 57 40 41.1951 58 39 42 
58 40 41.1951 59 39 42 59 40 41.1951 
1 22 42.6679 0 22 42.6679 2 22 42.6679 
3 22 42.6679 4 22 42.6679 5 22 42.6679 
6 22 42.6679 7 22 42.6679 8 22 42.6679 
9 22 42.6679 10 22 42.6679 11 22 42.6679 
12 22 42.6679 13 22 42.6679 14 22 42.6679 
15 22 42.6679 16 22 42.6679 17 22 42.6679 
18 22 42.6679 19 22 42.6679 20 22 42.6679 
21 22 42.6679 22 22 42.6679 23 22 42.6679 
24 22 42.6679 25 22 42.6679 26 22 42.6679 
27 22 42.6679 28 22 42.6679 29 22 42.6679 
30 22 42.6679 31 22 42.6679 32 22 42.6679 
33 22 42.6679 34 22 42.6679 35 22 42.6679 
36 22 42.6679 37 22 42.6679 38 22 42.6679 
39 22 42.6679 40 22 42.6679 41 22 42.6679 
42 22 42.6679 43 22 42.6679 44 22 42.6679 
45 22 42.6679 46 22 42.6679 47 22 42.6679 
48 22 42.6679 49 22 42.6679 50 22 42.6679 
51 22 42.6679 52 22 42.6679 53 22 42.6679 
54 22 42.6679 55 22 42.6679 56 22 42.6679 
57 22 42.6679 58 22 42.6679 59 22 42.6679 
0 22.528 43 1 22.528 43 2 22.528 43 
3 22.528 43 4 22.528 43 5 22.528 43 
6 22.528 43 7 22.528 43 8 22.528 43 
9 22.528 43 10 22.528 43 11 22.528 43 
12 22.528 43 13 22.528 43 14 22.528 43 
15 22.528 43 16 22.528 43 17 22.528 43 
18 22.528 43 19 22.528 43 20 22.528 43 
21 22.528 43 22 22.528 43 23 22.528 43 
24 22.528 43 25 22.528 43 26 22.528 43 
27 22.528 43 28 22.528 43 29 22.528 43 
30 22.528 43 31 22.528 43 32 22.528 43 
33 22.528 43 34 22.528 43 35 22.528 43 
36 22.528 43 37 22.528 43 38 22.528 43 
39 22.528 43 40 22.528 43 41 22.528 43 
42 22.528 43 43 22.528 43 44 22.528 43 
45 22.528 43 46 22.528 43 47 22.528 43 
48 22.528 43 49 22.528 43 50 22.528 43 
51 22.528 43 52 22.528 43 53 22.528 43 
54 22.528 43 55 22.528 43 56 22.528 43 
57 22.528 43 58 22.528 43 59 22.528 43 
0 38 42.6679 1 37.472 43 1 38 42.6679 
0 37.472 43 2 37.472 43 2 38 42.6679 
3 37.472 43 3 38 42.6679 4 37.472 43 
4 38 42.6679 5 37.472 43 5 38 42.6679 
6 37.472 43 6 38 42.6679 7 37.472 43 
7 38 42.6679 8 37.472 43 8 38 42.6679 
9 37.472 43 9 38 42.6679 10 37.472 43 
10 38 42.6679 11 37.472 43 11 38 42.6679 
12 37.472 43 12 38 42.6679 13 37.472 43 
13 38 42.6679 14 37.472 43 14 38 42.6679 
15 37.472 43 15 38 42.6679 16 37.472 43 
16 38 42.6679 17 37.472 43 17 38 42.6679 
18 37.472 43 18 38 42.6679 19 37.472 43 
19 38 42.6679 20 37.472 43 20 38 42.6679 
21 37.472 43 21 38 42.6679 22 37.472 43 
22 38 42.6679 23 37.472 43 23 38 42.6679 
24 37.472 43 24 38 42.6679 25 37.472 43 
25 38 42.6679 26 37.472 43 26 38 42.6679 
27 37.472 43 27 38 42.6679 28 37.472 43 
28 38 42.6679 29 37.472 43 29 38 42.6679 
30 37.472 43 30 38 42.6679 31 37.472 43 
31 38 42.6679 32 37.472 43 32 38 42.6679 
33 37.472 43 33 38 42.6679 34 37.472 43 
34 38 42.6679 35 37.472 43 35 38 42.6679 
36 37.472 43 36 38 42.6679 37 37.472 43 
37 38 42.6679 38 37.472 43 38 38 42.6679 
39 37.472 43 39 38 42.6679 40 37.472 43 
40 38 42.6679 41 37.472 43 41 38 42.6679 
42 37.472 43 42 38 42.6679 43 37.472 43 
43 38 42.6679 44 37.472 43 44 38 42.6679 
45 37.472 43 45 38 42.6679 46 37.472 43 
46 38 42.6679 47 37.472 43 47 38 42.6679 
48 37.472 43 48 38 42.6679 49 37.472 43 
49 38 42.6679 50 37.472 43 50 38 42.6679 
51 37.472 43 51 38 42.6679 52 37.472 43 
52 38 42.6679 53 37.472 43 53 38 42.6679 
54 37.472 43 54 38 42.6679 55 37.472 43 
55 38 42.6679 56 37.472 43 56 38 42.6679 
57 37.472 43 57 38 42.6679 58 37.472 43 
58 38 42.6679 59 37.472 43 59 38 42.6679 
1 23 43.2881 0 23 43.2881 2 23 43.2881 
3 23 43.2881 4 23 43.2881 5 23 43.2881 
6 23 43.2881 7 23 43.2881 8 23 43.2881 
9 23 43.2881 10 23 43.2881 11 23 43.2881 
12 23 43.2881 13 23 43.2881 14 23 43.2881 
15 23 43.2881 16 23 43.2881 17 23 43.2881 
18 23 43.2881 19 23 43.2881 20 23 43.2881 
21 23 43.2881 22 23 43.2881 23 23 43.2881 
24 23 43.2881 25 23 43.2881 26 23 43.2881 
27 23 43.2881 28 23 43.2881 29 23 43.2881 
30 23 43.2881 31 23 43.2881 32 23 43.2881 
33 23 43.2881 34 23 43.2881 35 23 43.2881 
36 23 43.2881 37 23 43.2881 38 23 43.2881 
39 23 43.2881 40 23 43.2881 41 23 43.2881 
42 23 43.2881 43 23 43.2881 44 23 43.2881 
45 23 43.2881 46 23 43.2881 47 23 43.2881 
48 23 43.2881 49 23 43.2881 50 23 43.2881 
51 23 43.2881 52 23 43.2881 53 23 43.2881 
54 23 43.2881 55 23 43.2881 56 23 43.2881 
57 23 43.2881 58 23 43.2881 59 23 43.2881 
1 24 43.7216 0 24 43.7216 2 24 43.7216 
3 24 43.7216 4 24 43.7216 5 24 43.7216 
6 24 43.7216 7 24 43.7216 8 24 43.7216 
9 24 43.7216 10 24 43.7216 11 24 43.7216 
12 24 43.7216 13 24 43.7216 14 24 43.7216 
15 24 43.7216 16 24 43.7216 17 24 43.7216 
18 24 43.7216 19 24 43.7216 20 24 43.7216 
21 24 43.7216 22 24 43.7216 23 24 43.7216 
24 24 43.7216 25 24 43.7216 26 24 43.7216 
27 24 43.7216 28 24 43.7216 29 24 43.7216 
30 24 43.7216 31 24 43.7216 32 24 43.7216 
33 24 43.7216 34 24 43.7216 35 24 43.7216 
36 24 43.7216 37 24 43.7216 38 24 43.7216 
39 24 43.7216 40 24 43.7216 41 24 43.7216 
42 24 43.7216 43 24 43.7216 44 24 43.7216 
45 24 43.7216 46 24 43.7216 47 24 43.7216 
48 24 43.7216 49 24 43.7216 50 24 43.7216 
51 24 43.7216 52 24 43.7216 53 24 43.7216 
54 24 43.7216 55 24 43.7216 56 24 43.7216 
57 24 43.7216 58 24 43.7216 59 24 43.7216 
0 24.6308 44 1 24.6308 44 2 24.6308 44 
3 24.6308 44 4 24.6308 44 5 24.6308 44 
6 24.6308 44 7 24.6308 44 8 24.6308 44 
9 24.6308 44 10 24.6308 44 11 24.6308 44 
12 24.6308 44 13 24.6308 44 14 24.6308 44 
15 24.6308 44 16 24.6308 44 17 24.6308 44 
18 24.6308 44 19 24.6308 44 20 24.6308 44 
21 24.6308 44 22 24.6308 44 23 24.6308 44 
24 24.6308 44 25 24.6308 44 26 24.6308 44 
27 24.6308 44 28 24.6308 44 29 24.6308 44 
30 24.6308 44 31 24.6308 44 32 24.6308 44 
33 24.6308 44 34 24.6308 44 35 24.6308 44 
36 24.6308 44 37 24.6308 44 38 24.6308 44 
39 24.6308 44 40 24.6308 44 41 24.6308 44 
42 24.6308 44 43 24.6308 44 44 24.6308 44 
45 24.6308 44 46 24.6308 44 47 24.6308 44 
48 24.6308 44 49 24.6308 44 50 24.6308 44 
51 24.6308 44 52 24.6308 44 53 24.6308 44 
54 24.6308 44 55 24.6308 44 56 24.6308 44 
57 24.6308 44 58 24.6308 44 59 24.6308 44 
0 36 43.7216 1 35.3692 44 1 36 43.7216 
0 35.3692 44 2 35.3692 44 2 36 43.7216 
3 35.3692 44 3 36 43.7216 4 35.3692 44 
4 36 43.7216 5 35.3692 44 5 36 43.7216 
6 35.3692 44 6 36 43.7216 7 35.3692 44 
7 36 43.7216 8 35.3692 44 8 36 43.7216 
9 35.3692 44 9 36 43.7216 10 35.3692 44 
10 36 43.7216 11 35.3692 44 11 36 43.7216 
12 35.3692 44 12 36 43.7216 13 35.3692 44 
13 36 43.7216 14 35.3692 44 14 36 43.7216 
15 35.3692 44 15 36 43.7216 16 35.3692 44 
16 36 43.7216 17 35.3692 44 17 36 43.7216 
18 35.3692 44 18 36 43.7216 19 35.3692 44 
19 36 43.7216 20 35.3692 44 20 36 43.7216 
21 35.3692 44 21 36 43.7216 22 35.3692 44 
22 36 43.7216 23 35.3692 44 23 36 43.7216 
24 35.3692 44 24 36 43.7216 25 35.3692 44 
25 36 43.7216 26 35.3692 44 26 36 43.7216 
27 35.3692 44 27 36 43.7216 28 35.3692 44 
28 36 43.7216 29 35.3692 44 29 36 43.7216 
30 35.3692 44 30 36 43.7216 31 35.3692 44 
31 36 43.7216 32 35.3692 44 32 36 43.7216 
33 35.3692 44 33 36 43.7216 34 35.3692 44 
34 36 43.7216 35 35.3692 44 35 36 43.7216 
36 35.3692 44 36 36 43.7216 37 35.3692 44 
37 36 43.7216 38 35.3692 44 38 36 43.7216 
39 35.3692 44 39 36 43.7216 40 35.3692 44 
40 36 43.7216 41 35.3692 44 41 36 43.7216 
42 35.3692 44 42 36 43.7216 43 35.3692 44 
43 36 43.7216 44 35.3692 44 44 36 43.7216 
45 35.3692 44 45 36 43.7216 46 35.3692 44 
46 36 43.7216 47 35.3692 44 47 36 43.7216 
48 35.3692 44 48 36 43.7216 49 35.3692 44 
49 36 43.7216 50 35.3692 44 50 36 43.7216 
51 35.3692 44 51 36 43.7216 52 35.3692 44 
52 36 43.7216 53 35.3692 44 53 36 43.7216 
54 35.3692 44 54 36 43.7216 55 35.3692 44 
55 36 43.7216 56 35.3692 44 56 36 43.7216 
57 35.3692 44 57 36 43.7216 58 35.3692 44 
58 36 43.7216 59 35.3692 44 59 36 43.7216 
1 37 43.2881 0 37 43.2881 2 37 43.2881 
3 37 43.2881 4 37 43.2881 5 37 43.2881 
6 37 43.2881 7 37 43.2881 8 37 43.2881 
9 37 43.2881 10 37 43.2881 11 37 43.2881 
12 37 43.2881 13 37 43.2881 14 37 43.2881 
15 37 43.2881 16 37 43.2881 17 37 43.2881 
18 37 43.2881 19 37 43.2881 20 37 43.2881 
21 37 43.2881 22 37 43.2881 23 37 43.2881 
24 37 43.2881 25 37 43.2881 26 37 43.2881 
27 37 43.2881 28 37 43.2881 29 37 43.2881 
30 37 43.2881 31 37 43.2881 32 37 43.2881 
33 37 43.2881 34 37 43.2881 35 37 43.2881 
36 37 43.2881 37 37 43.2881 38 37 43.2881 
39 37 43.2881 40 37 43.2881 41 37 43.2881 
42 37 43.2881 43 37 43.2881 44 37 43.2881 
45 37 43.2881 46 37 43.2881 47 37 43.2881 
48 37 43.2881 49 37 43.2881 50 37 43.2881 
51 37 43.2881 52 37 43.2881 53 37 43.2881 
54 37 43.2881 55 37 43.2881 56 37 43.2881 
57 37 43.2881 58 37 43.2881 59 37 43.2881 
1 25 44.1671 0 25 44.1671 2 25 44.1671 
3 25 44.1671 4 25 44.1671 5 25 44.1671 
6 25 44.1671 7 25 44.1671 8 25 44.1671 
9 25 44.1671 10 25 44.1671 11 25 44.1671 
12 25 44.1671 13 25 44.1671 14 25 44.1671 
15 25 44.1671 16 25 44.1671 17 25 44.1671 
18 25 44.1671 19 25 44.1671 20 25 44.1671 
21 25 44.1671 22 25 44.1671 23 25 44.1671 
24 25 44.1671 25 25 44.1671 26 25 44.1671 
27 25 44.1671 28 25 44.1671 29 25 44.1671 
30 25 44.1671 31 25 44.1671 32 25 44.1671 
33 25 44.1671 34 25 44.1671 35 25 44.1671 
36 25 44.1671 37 25 44.1671 38 25 44.1671 
39 25 44.1671 40 25 44.1671 41 25 44.1671 
42 25 44.1671 43 25 44.1671 44 25 44.1671 
45 25 44.1671 46 25 44.1671 47 25 44.1671 
48 25 44.1671 49 25 44.1671 50 25 44.1671 
51 25 44.1671 52 25 44.1671 53 25 44.1671 
54 25 44.1671 55 25 44.1671 56 25 44.1671 
57 25 44.1671 58 25 44.1671 59 25 44.1671 
1 26 44.4625 0 26 44.4625 2 26 44.4625 
3 26 44.4625 4 26 44.4625 5 26 44.4625 
6 26 44.4625 7 26 44.4625 8 26 44.4625 
9 26 44.4625 10 26 44.4625 11 26 44.4625 
12 26 44.4625 13 26 44.4625 14 26 44.4625 
15 26 44.4625 16 26 44.4625 17 26 44.4625 
18 26 44.4625 19 26 44.4625 20 26 44.4625 
21 26 44.4625 22 26 44.4625 23 26 44.4625 
24 26 44.4625 25 26 44.4625 26 26 44.4625 
27 26 44.4625 28 26 44.4625 29 26 44.4625 
30 26 44.4625 31 26 44.4625 32 26 44.4625 
33 26 44.4625 34 26 44.4625 35 26 44.4625 
36 26 44.4625 37 26 44.4625 38 26 44.4625 
39 26 44.4625 40 26 44.4625 41 26 44.4625 
42 26 44.4625 43 26 44.4625 44 26 44.4625 
45 26 44.4625 46 26 44.4625 47 26 44.4625 
48 26 44.4625 49 26 44.4625 50 26 44.4625 
51 26 44.4625 52 26 44.4625 53 26 44.4625 
54 26 44.4625 55 26 44.4625 56 26 44.4625 
57 26 44.4625 58 26 44.4625 59 26 44.4625 
1 27 44.6714 0 27 44.6714 2 27 44.6714 
3 27 44.6714 4 27 44.6714 5 27 44.6714 
6 27 44.6714 7 27 44.6714 8 27 44.6714 
9 27 44.6714 10 27 44.6714 11 27 44.6714 
12 27 44.6714 13 27 44.6714 14 27 44.6714 
15 27 44.6714 16 27 44.6714 17 27 44.6714 
18 27 44.6714 19 27 44.6714 20 27 44.6714 
21 27 44.6714 22 27 44.6714 23 27 44.6714 
24 27 44.6714 25 27 44.6714 26 27 44.6714 
27 27 44.6714 28 27 44.6714 29 27 44.6714 
30 27 44.6714 31 27 44.6714 32 27 44.6714 
33 27 44.6714 34 27 44.6714 35 27 44.6714 
36 27 44.6714 37 27 44.6714 38 27 44.6714 
39 27 44.6714 40 27 44.6714 41 27 44.6714 
42 27 44.6714 43 27 44.6714 44 27 44.6714 
45 27 44.6714 46 27 44.6714 47 27 44.6714 
48 27 44.6714 49 27 44.6714 50 27 44.6714 
51 27 44.6714 52 27 44.6714 53 27 44.6714 
54 27 44.6714 55 27 44.6714 56 27 44.6714 
57 27 44.6714 58 27 44.6714 59 27 44.6714 
1 28 44.8388 0 28 44.8388 2 28 44.8388 
3 28 44.8388 4 28 44.8388 5 28 44.8388 
6 28 44.8388 7 28 44.8388 8 28 44.8388 
9 28 44.8388 10 28 44.8388 11 28 44.8388 
12 28 44.8388 13 28 44.8388 14 28 44.8388 
15 28 44.8388 16 28 44.8388 17 28 44.8388 
18 28 44.8388 19 28 44.8388 20 28 44.8388 
21 28 44.8388 22 28 44.8388 23 28 44.8388 
24 28 44.8388 25 28 44.8388 26 28 44.8388 
27 28 44.8388 28 28 44.8388 29 28 44.8388 
30 28 44.8388 31 28 44.8388 32 28 44.8388 
33 28 44.8388 34 28 44.8388 35 28 44.8388 
36 28 44.8388 37 28 44.8388 38 28 44.8388 
39 28 44.8388 40 28 44.8388 41 28 44.8388 
42 28 44.8388 43 28 44.8388 44 28 44.8388 
45 28 44.8388 46 28 44.8388 47 28 44.8388 
48 28 44.8388 49 28 44.8388 50 28 44.8388 
51 28 44.8388 52 28 44.8388 53 28 44.8388 
54 28 44.8388 55 28 44.8388 56 28 44.8388 
57 28 44.8388 58 28 44.8388 59 28 44.8388 
1 29 44.9566 0 29 44.9566 2 29 44.9566 
3 29 44.9566 4 29 44.9566 5 29 44.9566 
6 29 44.9566 7 29 44.9566 8 29 44.9566 
9 29 44.9566 10 29 44.9566 11 29 44.9566 
12 29 44.9566 13 29 44.9566 14 29 44.9566 
15 29 44.9566 16 29 44.9566 17 29 44.9566 
18 29 44.9566 19 29 44.9566 20 29 44.9566 
21 29 44.9566 22 29 44.9566 23 29 44.9566 
24 29 44.9566 25 29 44.9566 26 29 44.9566 
27 29 44.9566 28 29 44.9566 29 29 44.9566 
30 29 44.9566 31 29 44.9566 32 29 44.9566 
33 29 44.9566 34 29 44.9566 35 29 44.9566 
36 29 44.9566 37 29 44.9566 38 29 44.9566 
39 29 44.9566 40 29 44.9566 41 29 44.9566 
42 29 44.9566 43 29 44.9566 44 29 44.9566 
45 29 44.9566 46 29 44.9566 47 29 44.9566 
48 29 44.9566 49 29 44.9566 50 29 44.9566 
51 29 44.9566 52 29 44.9566 53 29 44.9566 
54 29 44.9566 55 29 44.9566 56 29 44.9566 
57 29 44.9566 58 29 44.9566 59 29 44.9566 
0 30 45 1 30 45 2 30 45 
3 30 45 4 30 45 5 30 45 
6 30 45 7 30 45 8 30 45 
9 30 45 10 30 45 11 30 45 
12 30 45 13 30 45 14 30 45 
15 30 45 16 30 45 17 30 45 
18 30 45 19 30 45 20 30 45 
21 30 45 22 30 45 23 30 45 
24 30 45 25 30 45 26 30 45 
27 30 45 28 30 45 29 30 45 
30 30 45 31 30 45 32 30 45 
33 30 45 34 30 45 35 30 45 
36 30 45 37 30 45 38 30 45 
39 30 45 40 30 45 41 30 45 
42 30 45 43 30 45 44 30 45 
45 30 45 46 30 45 47 30 45 
48 30 45 49 30 45 50 30 45 
51 30 45 52 30 45 53 30 45 
54 30 45 55 30 45 56 30 45 
57 30 45 58 30 45 59 30 45 
0 31 44.9566 1 31 44.9566 2 31 44.9566 
3 31 44.9566 4 31 44.9566 5 31 44.9566 
6 31 44.9566 7 31 44.9566 8 31 44.9566 
9 31 44.9566 10 31 44.9566 11 31 44.9566 
12 31 44.9566 13 31 44.9566 14 31 44.9566 
15 31 44.9566 16 31 44.9566 17 31 44.9566 
18 31 44.9566 19 31 44.9566 20 31 44.9566 
21 31 44.9566 22 31 44.9566 23 31 44.9566 
24 31 44.9566 25 31 44.9566 26 31 44.9566 
27 31 44.9566 28 31 44.9566 29 31 44.9566 
30 31 44.9566 31 31 44.9566 32 31 44.9566 
33 31 44.9566 34 31 44.9566 35 31 44.9566 
36 31 44.9566 37 31 44.9566 38 31 44.9566 
39 31 44.9566 40 31 44.9566 41 31 44.9566 
42 31 44.9566 43 31 44.9566 44 31 44.9566 
45 31 44.9566 46 31 44.9566 47 31 44.9566 
48 31 44.9566 49 31 44.9566 50 31 44.9566 
51 31 44.9566 52 31 44.9566 53 31 44.9566 
54 31 44.9566 55 31 44.9566 56 31 44.9566 
57 31 44.9566 58 31 44.9566 59 31 44.9566 
1 32 44.8388 0 32 44.8388 2 32 44.8388 
3 32 44.8388 4 32 44.8388 5 32 44.8388 
6 32 44.8388 7 32 44.8388 8 32 44.8388 
9 32 44.8388 10 32 44.8388 11 32 44.8388 
12 32 44.8388 13 32 44.8388 14 32 44.8388 
15 32 44.8388 16 32 44.8388 17 32 44.8388 
18 32 44.8388 19 32 44.8388 20 32 44.8388 
21 32 44.8388 22 32 44.8388 23 32 44.8388 
24 32 44.8388 25 32 44.8388 26 32 44.8388 
27 32 44.8388 28 32 44.8388 29 32 44.8388 
30 32 44.8388 31 32 44.8388 32 32 44.8388 
33 32 44.8388 34 32 44.8388 35 32 44.8388 
36 32 44.8388 37 32 44.8388 38 32 44.8388 
39 32 44.8388 40 32 44.8388 41 32 44.8388 
42 32 44.8388 43 32 44.8388 44 32 44.8388 
45 32 44.8388 46 32 44.8388 47 32 44.8388 
48 32 44.8388 49 32 44.8388 50 32 44.8388 
51 32 44.8388 52 32 44.8388 53 32 44.8388 
54 32 44.8388 55 32 44.8388 56 32 44.8388 
57 32 44.8388 58 32 44.8388 59 32 44.8388 
1 33 44.6714 0 33 44.6714 2 33 44.6714 
3 33 44.6714 4 33 44.6714 5 33 44.6714 
6 33 44.6714 7 33 44.6714 8 33 44.6714 
9 33 44.6714 10 33 44.6714 11 33 44.6714 
12 33 44.6714 13 33 44.6714 14 33 44.6714 
15 33 44.6714 16 33 44.6714 17 33 44.6714 
18 33 44.6714 19 33 44.6714 20 33 44.6714 
21 33 44.6714 22 33 44.6714 23 33 44.6714 
24 33 44.6714 25 33 44.6714 26 33 44.6714 
27 33 44.6714 28 33 44.6714 29 33 44.6714 
30 33 44.6714 31 33 44.6714 32 33 44.6714 
33 33 44.6714 34 33 44.6714 35 33 44.6714 
36 33 44.6714 37 33 44.6714 38 33 44.6714 
39 33 44.6714 40 33 44.6714 41 33 44.6714 
42 33 44.6714 43 33 44.6714 44 33 44.6714 
45 33 44.6714 46 33 44.6714 47 33 44.6714 
48 33 44.6714 49 33 44.6714 50 33 44.6714 
51 33 44.6714 52 33 44.6714 53 33 44.6714 
54 33 44.6714 55 33 44.6714 56 33 44.6714 
57 33 44.6714 58 33 44.6714 59 33 44.6714 
1 34 44.4625 0 34 44.4625 2 34 44.4625 
3 34 44.4625 4 34 44.4625 5 34 44.4625 
6 34 44.4625 7 34 44.4625 8 34 44.4625 
9 34 44.4625 10 34 44.4625 11 34 44.4625 
12 34 44.4625 13 34 44.4625 14 34 44.4625 
15 34 44.4625 16 34 44.4625 17 34 44.4625 
18 34 44.4625 19 34 44.4625 20 34 44.4625 
21 34 44.4625 22 34 44.4625 23 34 44.4625 
24 34 44.4625 25 34 44.4625 26 34 44.4625 
27 34 44.4625 28 34 44.4625 29 34 44.4625 
30 34 44.4625 31 34 44.4625 32 34 44.4625 
33 34 44.4625 34 34 44.4625 35 34 44.4625 
36 34 44.4625 37 34 44.4625 38 34 44.4625 
39 34 44.4625 40 34 44.4625 41 34 44.4625 
42 34 44.4625 43 34 44.4625 44 34 44.4625 
45 34 44.4625 46 34 44.4625 47 34 44.4625 
48 34 44.4625 49 34 44.4625 50 34 44.4625 
51 34 44.4625 52 34 44.4625 53 34 44.4625 
54 34 44.4625 55 34 44.4625 56 34 44.4625 
57 34 44.4625 58 34 44.4625 59 34 44.4625 
1 35 44.1671 0 35 44.1671 2 35 44.1671 
3 35 44.1671 4 35 44.1671 5 35 44.1671 
6 35 44.1671 7 35 44.1671 8 35 44.1671 
9 35 44.1671 10 35 44.1671 11 35 44.1671 
12 35 44.1671 13 35 44.1671 14 35 44.1671 
15 35 44.1671 16 35 44.1671 17 35 44.1671 
18 35 44.1671 19 35 44.1671 20 35 44.1671 
21 35 44.1671 22 35 44.1671 23 35 44.1671 
24 35 44.1671 25 35 44.1671 26 35 44.1671 
27 35 44.1671 28 35 44.1671 29 35 44.1671 
30 35 44.1671 31 35 44.1671 32 35 44.1671 
33 35 44.1671 34 35 44.1671 35 35 44.1671 
36 35 44.1671 37 35 44.1671 38 35 44.1671 
39 35 44.1671 40 35 44.1671 41 35 44.1671 
42 35 44.1671 43 35 44.1671 44 35 44.1671 
45 35 44.1671 46 35 44.1671 47 35 44.1671 
48 35 44.1671 49 35 44.1671 50 35 44.1671 
51 35 44.1671 52 35 44.1671 53 35 44.1671 
54 35 44.1671 55 35 44.1671 56 35 44.1671 
57 35 44.1671 58 35 44.1671 59 35 44.1671 

POLYGONS 12745 38232
OFFSETS vtktypeint64
0 3 6 9 12 15 18 21 24 
27 30 33 36 39 42 45 48 51 
54 57 60 63 66 69 72 75 78 
81 84 87 90 93 96 99 102 105 
108 111 114 117 120 123 126 129 132 
135 138 141 144 147 150 153 156 159 
162 165 168 171 174 177 180 183 186 
189 192 195 198 201 204 207 210 213 
216 219 222 225 228 231 234 237 240 
243 246 249 252 255 258 261 264 267 
270 273 276 279 282 285 288 291 294 
297 300 303 306 309 312 315 318 321 
324 327 330 333 336 339 342 345 348 
351 354 357 360 363 366 369 372 375 
378 381 384 387 390 393 396 399 402 
405 408 411 414 417 420 423 426 429 
432 435 438 441 444 447 450 453 456 
459 462 465 468 471 474 477 480 483 
486 489 492 495 498 501 504 507 510 
513 516 519 522 525 528 531 534 537 
540 543 546 549 552 555 558 561 564 
567 570 573 576 579 582 585 588 591 
594 597 600 603 606 609 612 615 618 
621 624 627 630 633 636 639 642 645 
648 651 654 657 660 663 666 669 672 
675 678 681 684 687 690 693 696 699 
702 705 708 711 714 717 720 723 726 
729 732 735 738 741 744 747 750 753 
756 759 762 765 768 771 774 777 780 
783 786 789 792 795 798 801 804 807 
810 813 816 819 822 825 828 831 834 
837 840 843 846 849 852 855 858 861 
864 867 870 873 876 879 882 885 888 
891 894 897 900 903 906 909 912 915 
918 921 924 927 930 933 936 939 942 
945 948 951 954 957 960 963 966 969 
972 975 978 981 984 987 990 993 996 
999 1002 1005 1008 1011 1014 1017 1020 1023 
1026 1029 1032 1035 1038 1041 1044 1047 1050 
1053 1056 1059 1062 1065 1068 1071 1074 1077 
1080 1083 1086 1089 1092 1095 1098 1101 1104 
1107 1110 1113 1116 1119 1122 1125 1128 1131 
1134 1137 1140 1143 1146 1149 1152 1155 1158 
1161 1164 1167 1170 1173 1176 1179 1182 1185 
1188 1191 1194 1197 1200 1203 1206 1209 1212 
1215 1218 1221 1224 1227 1230 1233 1236 1239 
1242 1245 1248 1251 1254 1257 1260 1263 1266 
1269 1272 1275 1278 1281 1284 1287 1290 1293 
1296 1299 1302 1305 1308 1311 1314 1317 1320 
1323 1326 1329 1332 1335 1338 1341 1344 1347 
1350 1353 1356 1359 1362 1365 1368 1371 1374 
1377 1380 1383 1386 1389 1392 1395 1398 1401 
1404 1407 1410 1413 1416 1419 1422 1425 1428 
1431 1434 1437 1440 1443 1446 1449 1452 1455 
1458 1461 1464 1467 1470 1473 1476 1479 1482 
1485 1488 1491 1494 1497 1500 1503 1506 1509 
1512 1515 1518 1521 1524 1527 1530 1533 1536 
1539 1542 1545 1548 1551 1554 1557 1560 1563 
1566 1569 1572 1575 1578 1581 1584 1587 1590 
1593 1596 1599 1602 1605 1608 1611 1614 1617 
1620 1623 1626 1629 1632 1635 1638 1641 1644 
1647 1650 1653 1656 1659 1662 1665 1668 1671 
1674 1677 1680 1683 1686 1689 1692 1695 1698 
1701 1704 1707 1710 1713 1716 1719 1722 1725 
1728 1731 1734 1737 1740 1743 1746 1749 1752 
1755 1758 1761 1764 1767 1770 1773 1776 1779 
1782 1785 1788 1791 1794 1797 1800 1803 1806 
1809 1812 1815 1818 1821 1824 1827 1830 1833 
1836 1839 1842 1845 1848 1851 1854 1857 1860 
1863 1866 1869 1872 1875 1878 1881 1884 1887 
1890 1893 1896 1899 1902 1905 1908 1911 1914 
1917 1920 1923 1926 1929 1932 1935 1938 1941 
1944 1947 1950 1953 1956 1959 1962 1965 1968 
1971 1974 1977 1980 1983 1986 1989 1992 1995 
1998 2001 2004 2007 2010 2013 2016 2019 2022 
2025 2028 2031 2034 2037 2040 2043 2046 2049 
2052 2055 2058 2061 2064 2067 2070 2073 2076 
2079 2082 2085 2088 2091 2094 2097 2100 2103 
2106 2109 2112 2115 2118 2121 2124 2127 2130 
2133 2136 2139 2142 2145 2148 2151 2154 2157 
2160 2163 2166 2169 2172 2175 2178 2181 2184 
2187 2190 2193 2196 2199 2202 2205 2208 2211 
2214 2217 2220 2223 2226 2229 2232 2235 2238 
2241 2244 2247 2250 2253 2256 2259 2262 2265 
2268 2271 2274 2277 2280 2283 2286 2289 2292 
2295 2298 2301 2304 2307 2310 2313 2316 2319 
2322 2325 2328 2331 2334 2337 2340 2343 2346 
2349 2352 2355 2358 2361 2364 2367 2370 2373 
2376 2379 2382 2385 2388 2391 2394 2397 2400 
2403 2406 2409 2412 2415 2418 2421 2424 2427 
2430 2433 2436 2439 2442 2445 2448 2451 2454 
2457 2460 2463 2466 2469 2472 2475 2478 2481 
2484 2487 2490 2493 2496 2499 2502 2505 2508 
2511 2514 2517 2520 2523 2526 2529 2532 2535 
2538 2541 2544 2547 2550 2553 2556 2559 2562 
2565 2568 2571 2574 2577 2580 2583 2586 2589 
2592 2595 2598 2601 2604 2607 2610 2613 2616 
2619 2622 2625 2628 2631 2634 2637 2640 2643 
2646 2649 2652 2655 2658 2661 2664 2667 2670 
2673 2676 2679 2682 2685 2688 2691 2694 2697 
2700 2703 2706 2709 2712 2715 2718 2721 2724 
2727 2730 2733 2736 2739 2742 2745 2748 2751 
2754 2757 2760 2763 2766 2769 2772 2775 2778 
2781 2784 2787 2790 2793 2796 2799 2802 2805 
2808 2811 2814 2817 2820 2823 2826 2829 2832 
2835 2838 2841 2844 2847 2850 2853 2856 2859 
2862 2865 2868 2871 2874 2877 2880 2883 2886 
2889 2892 2895 2898 2901 2904 2907 2910 2913 
2916 2919 2922 2925 2928 2931 2934 2937 2940 
2943 2946 2949 2952 2955 2958 2961 2964 2967 
2970 2973 2976 2979 2982 2985 2988 2991 2994 
2997 3000 3003 3006 3009 3012 3015 3018 3021 
3024 3027 3030 3033 3036 3039 3042 3045 3048 
3051 3054 3057 3060 3063 3066 3069 3072 3075 
3078 3081 3084 3087 3090 3093 3096 3099 3102 
3105 3108 3111 3114 3117 3120 3123 3126 3129 
3132 3135 3138 3141 3144 3147 3150 3153 3156 
3159 3162 3165 3168 3171 3174 3177 3180 3183 
3186 3189 3192 3195 3198 3201 3204 3207 3210 
3213 3216 3219 3222 3225 3228 3231 3234 3237 
3240 3243 3246 3249 3252 3255 3258 3261 3264 
3267 3270 3273 3276 3279 3282 3285 3288 3291 
3294 3297 3300 3303 3306 3309 3312 3315 3318 
3321 3324 3327 3330 3333 3336 3339 3342 3345 
3348 3351 3354 3357 3360 3363 3366 3369 3372 
3375 3378 3381 3384 3387 3390 3393 3396 3399 
3402 3405 3408 3411 3414 3417 3420 3423 3426 
3429 3432 3435 3438 3441 3444 3447 3450 3453 
3456 3459 3462 3465 3468 3471 3474 3477 3480 
3483 3486 3489 3492 3495 3498 3501 3504 3507 
3510 3513 3516 3519 3522 3525 3528 3531 3534 
3537 3540 3543 3546 3549 3552 3555 3558 3561 
3564 3567 3570 3573 3576 3579 3582 3585 3588 
3591 3594 3597 3600 3603 3606 3609 3612 3615 
3618 3621 3624 3627 3630 3633 3636 3639 3642 
3645 3648 3651 3654 3657 3660 3663 3666 3669 
3672 3675 3678 3681 3684 3687 3690 3693 3696 
3699 3702 3705 3708 3711 3714 3717 3720 3723 
3726 3729 3732 3735 3738 3741 3744 3747 3750 
3753 3756 3759 3762 3765 3768 3771 3774 3777 
3780 3783 3786 3789 3792 3795 3798 3801 3804 
3807 3810 3813 3816 3819 3822 3825 3828 3831 
3834 3837 3840 3843 3846 3849 3852 3855 3858 
3861 3864 3867 3870 3873 3876 3879 3882 3885 
3888 3891 3894 3897 3900 3903 3906 3909 3912 
3915 3918 3921 3924 3927 3930 3933 3936 3939 
3942 3945 3948 3951 3954 3957 3960 3963 3966 
3969 3972 3975 3978 3981 3984 3987 3990 3993 
3996 3999 4002 4005 4008 4011 4014 4017 4020 
4023 4026 4029 4032 4035 4038 4041 4044 4047 
4050 4053 4056 4059 4062 4065 4068 4071 4074 
4077 4080 4083 4086 4089 4092 4095 4098 4101 
4104 4107 4110 4113 4116 4119 4122 4125 4128 
4131 4134 4137 4140 4143 4146 4149 4152 4155 
4158 4161 4164 4167 4170 4173 4176 4179 4182 
4185 4188 4191 4194 4197 4200 4203 4206 4209 
4212 4215 4218 4221 4224 4227 4230 4233 4236 
4239 4242 4245 4248 4251 4254 4257 4260 4263 
4266 4269 4272 4275 4278 4281 4284 4287 4290 
4293 4296 4299 4302 4305 4308 4311 4314 4317 
4320 4323 4326 4329 4332 4335 4338 4341 4344 
4347 4350 4353 4356 4359 4362 4365 4368 4371 
4374 4377 4380 4383 4386 4389 4392 4395 4398 
4401 4404 4407 4410 4413 4416 4419 4422 4425 
4428 4431 4434 4437 4440 4443 4446 4449 4452 
4455 4458 4461 4464 4467 4470 4473 4476 4479 
4482 4485 4488 4491 4494 4497 4500 4503 4506 
4509 4512 4515 4518 4521 4524 4527 4530 4533 
4536 4539 4542 4545 4548 4551 4554 4557 4560 
4563 4566 4569 4572 4575 4578 4581 4584 4587 
4590 4593 4596 4599 4602 4605 4608 4611 4614 
4617 4620 4623 4626 4629 4632 4635 4638 4641 
4644 4647 4650 4653 4656 4659 4662 4665 4668 
4671 4674 4677 4680 4683 4686 4689 4692 4695 
4698 4701 4704 4707 4710 4713 4716 4719 4722 
4725 4728 4731 4734 4737 4740 4743 4746 4749 
4752 4755 4758 4761 4764 4767 4770 4773 4776 
4779 4782 4785 4788 4791 4794 4797 4800 4803 
4806 4809 4812 4815 4818 4821 4824 4827 4830 
4833 4836 4839 4842 4845 4848 4851 4854 4857 
4860 4863 4866 4869 4872 4875 4878 4881 4884 
4887 4890 4893 4896 4899 4902 4905 4908 4911 
4914 4917 4920 4923 4926 4929 4932 4935 4938 
4941 4944 4947 4950 4953 4956 4959 4962 4965 
4968 4971 4974 4977 4980 4983 4986 4989 4992 
4995 4998 5001 5004 5007 5010 5013 5016 5019 
5022 5025 5028 5031 5034 5037 5040 5043 5046 
5049 5052 5055 5058 5061 5064 5067 5070 5073 
5076 5079 5082 5085 5088 5091 5094 5097 5100 
5103 5106 5109 5112 5115 5118 5121 5124 5127 
5130 5133 5136 5139 5142 5145 5148 5151 5154 
5157 5160 5163 5166 5169 5172 5175 5178 5181 
5184 5187 5190 5193 5196 5199 5202 5205 5208 
5211 5214 5217 5220 5223 5226 5229 5232 5235 
5238 5241 5244 5247 5250 5253 5256 5259 5262 
5265 5268 5271 5274 5277 5280 5283 5286 5289 
5292 5295 5298 5301 5304 5307 5310 5313 5316 
5319 5322 5325 5328 5331 5334 5337 5340 5343 
5346 5349 5352 5355 5358 5361 5364 5367 5370 
5373 5376 5379 5382 5385 5388 5391 5394 5397 
5400 5403 5406 5409 5412 5415 5418 5421 5424 
5427 5430 5433 5436 5439 5442 5445 5448 5451 
5454 5457 5460 5463 5466 5469 5472 5475 5478 
5481 5484 5487 5490 5493 5496 5499 5502 5505 
5508 5511 5514 5517 5520 5523 5526 5529 5532 
5535 5538 5541 5544 5547 5550 5553 5556 5559 
5562 5565 5568 5571 5574 5577 5580 5583 5586 
5589 5592 5595 5598 5601 5604 5607 5610 5613 
5616 5619 5622 5625 5628 5631 5634 5637 5640 
5643 5646 5649 5652 5655 5658 5661 5664 5667 
5670 5673 5676 5679 5682 5685 5688 5691 5694 
5697 5700 5703 5706 5709 5712 5715 5718 5721 
5724 5727 5730 5733 5736 5739 5742 5745 5748 
5751 5754 5757 5760 5763 5766 5769 5772 5775 
5778 5781 5784 5787 5790 5793 5796 5799 5802 
5805 5808 5811 5814 5817 5820 5823 5826 5829 
5832 5835 5838 5841 5844 5847 5850 5853 5856 
5859 5862 5865 5868 5871 5874 5877 5880 5883 
5886 5889 5892 5895 5898 5901 5904 5907 5910 
5913 5916 5919 5922 5925 5928 5931 5934 5937 
5940 5943 5946 5949 5952 5955 5958 5961 5964 
5967 5970 5973 5976 5979 5982 5985 5988 5991 
5994 5997 6000 6003 6006 6009 6012 6015 6018 
6021 6024 6027 6030 6033 6036 6039 6042 6045 
6048 6051 6054 6057 6060 6063 6066 6069 6072 
6075 6078 6081 6084 6087 6090 6093 6096 6099 
6102 6105 6108 6111 6114 6117 6120 6123 6126 
6129 6132 6135 6138 6141 6144 6147 6150 6153 
6156 6159 6162 6165 6168 6171 6174 6177 6180 
6183 6186 6189 6192 6195 6198 6201 6204 6207 
6210 6213 6216 6219 6222 6225 6228 6231 6234 
6237 6240 6243 6246 6249 6252 6255 6258 6261 
6264 6267 6270 6273 6276 6279 6282 6285 6288 
6291 6294 6297 6300 6303 6306 6309 6312 6315 
6318 6321 6324 6327 6330 6333 6336 6339 6342 
6345 6348 6351 6354 6357 6360 6363 6366 6369 
6372 6375 6378 6381 6384 6387 6390 6393 6396 
6399 6402 6405 6408 6411 6414 6417 6420 6423 
6426 6429 6432 6435 6438 6441 6444 6447 6450 
6453 6456 6459 6462 6465 6468 6471 6474 6477 
6480 6483 6486 6489 6492 6495 6498 6501 6504 
6507 6510 6513 6516 6519 6522 6525 6528 6531 
6534 6537 6540 6543 6546 6549 6552 6555 6558 
6561 6564 6567 6570 6573 6576 6579 6582 6585 
6588 6591 6594 6597 6600 6603 6606 6609 6612 
6615 6618 6621 6624 6627 6630 6633 6636 6639 
6642 6645 6648 6651 6654 6657 6660 6663 6666 
6669 6672 6675 6678 6681 6684 6687 6690 6693 
6696 6699 6702 6705 6708 6711 6714 6717 6720 
6723 6726 6729 6732 6735 6738 6741 6744 6747 
6750 6753 6756 6759 6762 6765 6768 6771 6774 
6777 6780 6783 6786 6789 6792 6795 6798 6801 
6804 6807 6810 6813 6816 6819 6822 6825 6828 
6831 6834 6837 6840 6843 6846 6849 6852 6855 
6858 6861 6864 6867 6870 6873 6876 6879 6882 
6885 6888 6891 6894 6897 6900 6903 6906 6909 
6912 6915 6918 6921 6924 6927 6930 6933 6936 
6939 6942 6945 6948 6951 6954 6957 6960 6963 
6966 6969 6972 6975 6978 6981 6984 6987 6990 
6993 6996 6999 7002 7005 7008 7011 7014 7017 
7020 7023 7026 7029 7032 7035 7038 7041 7044 
7047 7050 7053 7056 7059 7062 7065 7068 7071 
7074 7077 7080 7083 7086 7089 7092 7095 7098 
7101 7104 7107 7110 7113 7116 7119 7122 7125 
7128 7131 7134 7137 7140 7143 7146 7149 7152 
7155 7158 7161 7164 7167 7170 7173 7176 7179 
7182 7185 7188 7191 7194 7197 7200 7203 7206 
7209 7212 7215 7218 7221 7224 7227 7230 7233 
7236 7239 7242 7245 7248 7251 7254 7257 7260 
7263 7266 7269 7272 7275 7278 7281 7284 7287 
7290 7293 7296 7299 7302 7305 7308 7311 7314 
7317 7320 7323 7326 7329 7332 7335 7338 7341 
7344 7347 7350 7353 7356 7359 7362 7365 7368 
7371 7374 7377 7380 7383 7386 7389 7392 7395 
7398 7401 7404 7407 7410 7413 7416 7419 7422 
7425 7428 7431 7434 7437 7440 7443 7446 7449 
7452 7455 7458 7461 7464 7467 7470 7473 7476 
7479 7482 7485 7488 7491 7494 7497 7500 7503 
7506 7509 7512 7515 7518 7521 7524 7527 7530 
7533 7536 7539 7542 7545 7548 7551 7554 7557 
7560 7563 7566 7569 7572 7575 7578 7581 7584 
7587 7590 7593 7596 7599 7602 7605 7608 7611 
7614 7617 7620 7623 7626 7629 7632 7635 7638 
7641 7644 7647 7650 7653 7656 7659 7662 7665 
7668 7671 7674 7677 7680 7683 7686 7689 7692 
7695 7698 7701 7704 7707 7710 7713 7716 7719 
7722 7725 7728 7731 7734 7737 7740 7743 7746 
7749 7752 7755 7758 7761 7764 7767 7770 7773 
7776 7779 7782 7785 7788 7791 7794 7797 7800 
7803 7806 7809 7812 7815 7818 7821 7824 7827 
7830 7833 7836 7839 7842 7845 7848 7851 7854 
7857 7860 7863 7866 7869 7872 7875 7878 7881 
7884 7887 7890 7893 7896 7899 7902 7905 7908 
7911 7914 7917 7920 7923 7926 7929 7932 7935 
7938 7941 7944 7947 7950 7953 7956 7959 7962 
7965 7968 7971 7974 7977 7980 7983 7986 7989 
7992 7995 7998 8001 8004 8007 8010 8013 8016 
8019 8022 8025 8028 8031 8034 8037 8040 8043 
8046 8049 8052 8055 8058 8061 8064 8067 8070 
8073 8076 8079 8082 8085 8088 8091 8094 8097 
8100 8103 8106 8109 8112 8115 8118 8121 8124 
8127 8130 8133 8136 8139 8142 8145 8148 8151 
8154 8157 8160 8163 8166 8169 8172 8175 8178 
8181 8184 8187 8190 8193 8196 8199 8202 8205 
8208 8211 8214 8217 8220 8223 8226 8229 8232 
8235 8238 8241 8244 8247 8250 8253 8256 8259 
8262 8265 8268 8271 8274 8277 8280 8283 8286 
8289 8292 8295 8298 8301 8304 8307 8310 8313 
8316 8319 8322 8325 8328 8331 8334 8337 8340 
8343 8346 8349 8352 8355 8358 8361 8364 8367 
8370 8373 8376 8379 8382 8385 8388 8391 8394 
8397 8400 8403 8406 8409 8412 8415 8418 8421 
8424 8427 8430 8433 8436 8439 8442 8445 8448 
8451 8454 8457 8460 8463 8466 8469 8472 8475 
8478 8481 8484 8487 8490 8493 8496 8499 8502 
8505 8508 8511 8514 8517 8520 8523 8526 8529 
8532 8535 8538 8541 8544 8547 8550 8553 8556 
8559 8562 8565 8568 8571 8574 8577 8580 8583 
8586 8589 8592 8595 8598 8601 8604 8607 8610 
8613 8616 8619 8622 8625 8628 8631 8634 8637 
8640 8643 8646 8649 8652 8655 8658 8661 8664 
8667 8670 8673 8676 8679 8682 8685 8688 8691 
8694 8697 8700 8703 8706 8709 8712 8715 8718 
8721 8724 8727 8730 8733 8736 8739 8742 8745 
8748 8751 8754 8757 8760 8763 8766 8769 8772 
8775 8778 8781 8784 8787 8790 8793 8796 8799 
8802 8805 8808 8811 8814 8817 8820 8823 8826 
8829 8832 8835 8838 8841 8844 8847 8850 8853 
8856 8859 8862 8865 8868 8871 8874 8877 8880 
8883 8886 8889 8892 8895 8898 8901 8904 8907 
8910 8913 8916 8919 8922 8925 8928 8931 8934 
8937 8940 8943 8946 8949 8952 8955 8958 8961 
8964 8967 8970 8973 8976 8979 8982 8985 8988 
8991 8994 8997 9000 9003 9006 9009 9012 9015 
9018 9021 9024 9027 9030 9033 9036 9039 9042 
9045 9048 9051 9054 9057 9060 9063 9066 9069 
9072 9075 9078 9081 9084 9087 9090 9093 9096 
9099 9102 9105 9108 9111 9114 9117 9120 9123 
9126 9129 9132 9135 9138 9141 9144 9147 9150 
9153 9156 9159 9162 9165 9168 9171 9174 9177 
9180 9183 9186 9189 9192 9195 9198 9201 9204 
9207 9210 9213 9216 9219 9222 9225 9228 9231 
9234 9237 9240 9243 9246 9249 9252 9255 9258 
9261 9264 9267 9270 9273 9276 9279 9282 9285 
9288 9291 9294 9297 9300 9303 9306 9309 9312 
9315 9318 9321 9324 9327 9330 9333 9336 9339 
9342 9345 9348 9351 9354 9357 9360 9363 9366 
9369 9372 9375 9378 9381 9384 9387 9390 9393 
9396 9399 9402 9405 9408 9411 9414 9417 9420 
9423 9426 9429 9432 9435 9438 9441 9444 9447 
9450 9453 9456 9459 9462 9465 9468 9471 9474 
9477 9480 9483 9486 9489 9492 9495 9498 9501 
9504 9507 9510 9513 9516 9519 9522 9525 9528 
9531 9534 9537 9540 9543 9546 9549 9552 9555 
9558 9561 9564 9567 9570 9573 9576 9579 9582 
9585 9588 9591 9594 9597 9600 9603 9606 9609 
9612 9615 9618 9621 9624 9627 9630 9633 9636 
9639 9642 9645 9648 9651 9654 9657 9660 9663 
9666 9669 9672 9675 9678 9681 9684 9687 9690 
9693 9696 9699 9702 9705 9708 9711 9714 9717 
9720 9723 9726 9729 9732 9735 9738 9741 9744 
9747 9750 9753 9756 9759 9762 9765 9768 9771 
9774 9777 9780 9783 9786 9789 9792 9795 9798 
9801 9804 9807 9810 9813 9816 9819 9822 9825 
9828 9831 9834 9837 9840 9843 9846 9849 9852 
9855 9858 9861 9864 9867 9870 9873 9876 9879 
9882 9885 9888 9891 9894 9897 9900 9903 9906 
9909 9912 9915 9918 9921 9924 9927 9930 9933 
9936 9939 9942 9945 9948 9951 9954 9957 9960 
9963 9966 9969 9972 9975 9978 9981 9984 9987 
9990 9993 9996 9999 10002 10005 10008 10011 10014 
10017 10020 10023 10026 10029 10032 10035 10038 10041 
10044 10047 10050 10053 10056 10059 10062 10065 10068 
10071 10074 10077 10080 10083 10086 10089 10092 10095 
10098 10101 10104 10107 10110 10113 10116 10119 10122 
10125 10128 10131 10134 10137 10140 10143 10146 10149 
10152 10155 10158 10161 10164 10167 10170 10173 10176 
10179 10182 10185 10188 10191 10194 10197 10200 10203 
10206 10209 10212 10215 10218 10221 10224 10227 10230 
10233 10236 10239 10242 10245 10248 10251 10254 10257 
10260 10263 10266 10269 10272 10275 10278 10281 10284 
10287 10290 10293 10296 10299 10302 10305 10308 10311 
10314 10317 10320 10323 10326 10329 10332 10335 10338 
10341 10344 10347 10350 10353 10356 10359 10362 10365 
10368 10371 10374 10377 10380 10383 10386 10389 10392 
10395 10398 10401 10404 10407 10410 10413 10416 10419 
10422 10425 10428 10431 10434 10437 10440 10443 10446 
10449 10452 10455 10458 10461 10464 10467 10470 10473 
10476 10479 10482 10485 10488 10491 10494 10497 10500 
10503 10506 10509 10512 10515 10518 10521 10524 10527 
10530 10533 10536 10539 10542 10545 10548 10551 10554 
10557 10560 10563 10566 10569 10572 10575 10578 10581 
10584 10587 10590 10593 10596 10599 10602 10605 10608 
10611 10614 10617 10620 10623 10626 10629 10632 10635 
10638 10641 10644 10647 10650 10653 10656 10659 10662 
10665 10668 10671 10674 10677 10680 10683 10686 10689 
10692 10695 10698 10701 10704 10707 10710 10713 10716 
10719 10722 10725 10728 10731 10734 10737 10740 10743 
10746 10749 10752 10755 10758 10761 10764 10767 10770 
10773 10776 10779 10782 10785 10788 10791 10794 10797 
10800 10803 10806 10809 10812 10815 10818 10821 10824 
10827 10830 10833 10836 10839 10842 10845 10848 10851 
10854 10857 10860 10863 10866 10869 10872 10875 10878 
10881 10884 10887 10890 10893 10896 10899 10902 10905 
10908 10911 10914 10917 10920 10923 10926 10929 10932 
10935 10938 10941 10944 10947 10950 10953 10956 10959 
10962 10965 10968 10971 10974 10977 10980 10983 10986 
10989 10992 10995 10998 11001 11004 11007 11010 11013 
11016 11019 11022 11025 11028 11031 11034 11037 11040 
11043 11046 11049 11052 11055 11058 11061 11064 11067 
11070 11073 11076 11079 11082 11085 11088 11091 11094 
11097 11100 11103 11106 11109 11112 11115 11118 11121 
11124 11127 11130 11133 11136 11139 11142 11145 11148 
11151 11154 11157 11160 11163 11166 11169 11172 11175 
11178 11181 11184 11187 11190 11193 11196 11199 11202 
11205 11208 11211 11214 11217 11220 11223 11226 11229 
11232 11235 11238 11241 11244 11247 11250 11253 11256 
11259 11262 11265 11268 11271 11274 11277 11280 11283 
11286 11289 11292 11295 11298 11301 11304 11307 11310 
11313 11316 11319 11322 11325 11328 11331 11334 11337 
11340 11343 11346 11349 11352 11355 11358 11361 11364 
11367 11370 11373 11376 11379 11382 11385 11388 11391 
11394 11397 11400 11403 11406 11409 11412 11415 11418 
11421 11424 11427 11430 11433 11436 11439 11442 11445 
11448 11451 11454 11457 11460 11463 11466 11469 11472 
11475 11478 11481 11484 11487 11490 11493 11496 11499 
11502 11505 11508 11511 11514 11517 11520 11523 11526 
11529 11532 11535 11538 11541 11544 11547 11550 11553 
11556 11559 11562 11565 11568 11571 11574 11577 11580 
11583 11586 11589 11592 11595 11598 11601 11604 11607 
11610 11613 11616 11619 11622 11625 11628 11631 11634 
11637 11640 11643 11646 11649 11652 11655 11658 11661 
11664 11667 11670 11673 11676 11679 11682 11685 11688 
11691 11694 11697 11700 11703 11706 11709 11712 11715 
11718 11721 11724 11727 11730 11733 11736 11739 11742 
11745 11748 11751 11754 11757 11760 11763 11766 11769 
11772 11775 11778 11781 11784 11787 11790 11793 11796 
11799 11802 11805 11808 11811 11814 11817 11820 11823 
11826 11829 11832 11835 11838 11841 11844 11847 11850 
11853 11856 11859 11862 11865 11868 11871 11874 11877 
11880 11883 11886 11889 11892 11895 11898 11901 11904 
11907 11910 11913 11916 11919 11922 11925 11928 11931 
11934 11937 11940 11943 11946 11949 11952 11955 11958 
11961 11964 11967 11970 11973 11976 11979 11982 11985 
11988 11991 11994 11997 12000 12003 12006 12009 12012 
12015 12018 12021 12024 12027 12030 12033 12036 12039 
12042 12045 12048 12051 12054 12057 12060 12063 12066 
12069 12072 12075 12078 12081 12084 12087 12090 12093 
12096 12099 12102 12105 12108 12111 12114 12117 12120 
12123 12126 12129 12132 12135 12138 12141 12144 12147 
12150 12153 12156 12159 12162 12165 12168 12171 12174 
12177 12180 12183 12186 12189 12192 12195 12198 12201 
12204 12207 12210 12213 12216 12219 12222 12225 12228 
12231 12234 12237 12240 12243 12246 12249 12252 12255 
12258 12261 12264 12267 12270 12273 12276 12279 12282 
12285 12288 12291 12294 12297 12300 12303 12306 12309 
12312 12315 12318 12321 12324 12327 12330 12333 12336 
12339 12342 12345 12348 12351 12354 12357 12360 12363 
12366 12369 12372 12375 12378 12381 12384 12387 12390 
12393 12396 12399 12402 12405 12408 12411 12414 12417 
12420 12423 12426 12429 12432 12435 12438 12441 12444 
12447 12450 12453 12456 12459 12462 12465 12468 12471 
12474 12477 12480 12483 12486 12489 12492 12495 12498 
12501 12504 12507 12510 12513 12516 12519 12522 12525 
12528 12531 12534 12537 12540 12543 12546 12549 12552 
12555 12558 12561 12564 12567 12570 12573 12576 12579 
12582 12585 12588 12591 12594 12597 12600 12603 12606 
12609 12612 12615 12618 12621 12624 12627 12630 12633 
12636 12639 12642 12645 12648 12651 12654 12657 12660 
12663 12666 12669 12672 12675 12678 12681 12684 12687 
12690 12693 12696 12699 12702 12705 12708 12711 12714 
12717 12720 12723 12726 12729 12732 12735 12738 12741 
12744 12747 12750 12753 12756 12759 12762 12765 12768 
12771 12774 12777 12780 12783 12786 12789 12792 12795 
12798 12801 12804 12807 12810 12813 12816 12819 12822 
12825 12828 12831 12834 12837 12840 12843 12846 12849 
12852 12855 12858 12861 12864 12867 12870 12873 12876 
12879 12882 12885 12888 12891 12894 12897 12900 12903 
12906 12909 12912 12915 12918 12921 12924 12927 12930 
12933 12936 12939 12942 12945 12948 12951 12954 12957 
12960 12963 12966 12969 12972 12975 12978 12981 12984 
12987 12990 12993 12996 12999 13002 13005 13008 13011 
13014 13017 13020 13023 13026 13029 13032 13035 13038 
13041 13044 13047 13050 13053 13056 13059 13062 13065 
13068 13071 13074 13077 13080 13083 13086 13089 13092 
13095 13098 13101 13104 13107 13110 13113 13116 13119 
13122 13125 13128 13131 13134 13137 13140 13143 13146 
13149 13152 13155 13158 13161 13164 13167 13170 13173 
13176 13179 13182 13185 13188 13191 13194 13197 13200 
13203 13206 13209 13212 13215 13218 13221 13224 13227 
13230 13233 13236 13239 13242 13245 13248 13251 13254 
13257 13260 13263 13266 13269 13272 13275 13278 13281 
13284 13287 13290 13293 13296 13299 13302 13305 13308 
13311 13314 13317 13320 13323 13326 13329 13332 13335 
13338 13341 13344 13347 13350 13353 13356 13359 13362 
13365 13368 13371 13374 13377 13380 13383 13386 13389 
13392 13395 13398 13401 13404 13407 13410 13413 13416 
13419 13422 13425 13428 13431 13434 13437 13440 13443 
13446 13449 13452 13455 13458 13461 13464 13467 13470 
13473 13476 13479 13482 13485 13488 13491 13494 13497 
13500 13503 13506 13509 13512 13515 13518 13521 13524 
13527 13530 13533 13536 13539 13542 13545 13548 13551 
13554 13557 13560 13563 13566 13569 13572 13575 13578 
13581 13584 13587 13590 13593 13596 13599 13602 13605 
13608 13611 13614 13617 13620 13623 13626 13629 13632 
13635 13638 13641 13644 13647 13650 13653 13656 13659 
13662 13665 13668 13671 13674 13677 13680 13683 13686 
13689 13692 13695 13698 13701 13704 13707 13710 13713 
13716 13719 13722 13725 13728 13731 13734 13737 13740 
13743 13746 13749 13752 13755 13758 13761 13764 13767 
13770 13773 13776 13779 13782 13785 13788 13791 13794 
13797 13800 13803 13806 13809 13812 13815 13818 13821 
13824 13827 13830 13833 13836 13839 13842 13845 13848 
13851 13854 13857 13860 13863 13866 13869 13872 13875 
13878 13881 13884 13887 13890 13893 13896 13899 13902 
13905 13908 13911 13914 13917 13920 13923 13926 13929 
13932 13935 13938 13941 13944 13947 13950 13953 13956 
13959 13962 13965 13968 13971 13974 13977 13980 13983 
13986 13989 13992 13995 13998 14001 14004 14007 14010 
14013 14016 14019 14022 14025 14028 14031 14034 14037 
14040 14043 14046 14049 14052 14055 14058 14061 14064 
14067 14070 14073 14076 14079 14082 14085 14088 14091 
14094 14097 14100 14103 14106 14109 14112 14115 14118 
14121 14124 14127 14130 14133 14136 14139 14142 14145 
14148 14151 14154 14157 14160 14163 14166 14169 14172 
14175 14178 14181 14184 14187 14190 14193 14196 14199 
14202 14205 14208 14211 14214 14217 14220 14223 14226 
14229 14232 14235 14238 14241 14244 14247 14250 14253 
14256 14259 14262 14265 14268 14271 14274 14277 14280 
14283 14286 14289 14292 14295 14298 14301 14304 14307 
14310 14313 14316 14319 14322 14325 14328 14331 14334 
14337 14340 14343 14346 14349 14352 14355 14358 14361 
14364 14367 14370 14373 14376 14379 14382 14385 14388 
14391 14394 14397 14400 14403 14406 14409 14412 14415 
14418 14421 14424 14427 14430 14433 14436 14439 14442 
14445 14448 14451 14454 14457 14460 14463 14466 14469 
14472 14475 14478 14481 14484 14487 14490 14493 14496 
14499 14502 14505 14508 14511 14514 14517 14520 14523 
14526 14529 14532 14535 14538 14541 14544 14547 14550 
14553 14556 14559 14562 14565 14568 14571 14574 14577 
14580 14583 14586 14589 14592 14595 14598 14601 14604 
14607 14610 14613 14616 14619 14622 14625 14628 14631 
14634 14637 14640 14643 14646 14649 14652 14655 14658 
14661 14664 14667 14670 14673 14676 14679 14682 14685 
14688 14691 14694 14697 14700 14703 14706 14709 14712 
14715 14718 14721 14724 14727 14730 14733 14736 14739 
14742 14745 14748 14751 14754 14757 14760 14763 14766 
14769 14772 14775 14778 14781 14784 14787 14790 14793 
14796 14799 14802 14805 14808 14811 14814 14817 14820 
14823 14826 14829 14832 14835 14838 14841 14844 14847 
14850 14853 14856 14859 14862 14865 14868 14871 14874 
14877 14880 14883 14886 14889 14892 14895 14898 14901 
14904 14907 14910 14913 14916 14919 14922 14925 14928 
14931 14934 14937 14940 14943 14946 14949 14952 14955 
14958 14961 14964 14967 14970 14973 14976 14979 14982 
14985 14988 14991 14994 14997 15000 15003 15006 15009 
15012 15015 15018 15021 15024 15027 15030 15033 15036 
15039 15042 15045 15048 15051 15054 15057 15060 15063 
15066 15069 15072 15075 15078 15081 15084 15087 15090 
15093 15096 15099 15102 15105 15108 15111 15114 15117 
15120 15123 15126 15129 15132 15135 15138 15141 15144 
15147 15150 15153 15156 15159 15162 15165 15168 15171 
15174 15177 15180 15183 15186 15189 15192 15195 15198 
15201 15204 15207 15210 15213 15216 15219 15222 15225 
15228 15231 15234 15237 15240 15243 15246 15249 15252 
15255 15258 15261 15264 15267 15270 15273 15276 15279 
15282 15285 15288 15291 15294 15297 15300 15303 15306 
15309 15312 15315 15318 15321 15324 15327 15330 15333 
15336 15339 15342 15345 15348 15351 15354 15357 15360 
15363 15366 15369 15372 15375 15378 15381 15384 15387 
15390 15393 15396 15399 15402 15405 15408 15411 15414 
15417 15420 15423 15426 15429 15432 15435 15438 15441 
15444 15447 15450 15453 15456 15459 15462 15465 15468 
15471 15474 15477 15480 15483 15486 15489 15492 15495 
15498 15501 15504 15507 15510 15513 15516 15519 15522 
15525 15528 15531 15534 15537 15540 15543 15546 15549 
15552 15555 15558 15561 15564 15567 15570 15573 15576 
15579 15582 15585 15588 15591 15594 15597 15600 15603 
15606 15609 15612 15615 15618 15621 15624 15627 15630 
15633 15636 15639 15642 15645 15648 15651 15654 15657 
15660 15663 15666 15669 15672 15675 15678 15681 15684 
15687 15690 15693 15696 15699 15702 15705 15708 15711 
15714 15717 15720 15723 15726 15729 15732 15735 15738 
15741 15744 15747 15750 15753 15756 15759 15762 15765 
15768 15771 15774 15777 15780 15783 15786 15789 15792 
15795 15798 15801 15804 15807 15810 15813 15816 15819 
15822 15825 15828 15831 15834 15837 15840 15843 15846 
15849 15852 15855 15858 15861 15864 15867 15870 15873 
15876 15879 15882 15885 15888 15891 15894 15897 15900 
15903 15906 15909 15912 15915 15918 15921 15924 15927 
15930 15933 15936 15939 15942 15945 15948 15951 15954 
15957 15960 15963 15966 15969 15972 15975 15978 15981 
15984 15987 15990 15993 15996 15999 16002 16005 16008 
16011 16014 16017 16020 16023 16026 16029 16032 16035 
16038 16041 16044 16047 16050 16053 16056 16059 16062 
16065 16068 16071 16074 16077 16080 16083 16086 16089 
16092 16095 16098 16101 16104 16107 16110 16113 16116 
16119 16122 16125 16128 16131 16134 16137 16140 16143 
16146 16149 16152 16155 16158 16161 16164 16167 16170 
16173 16176 16179 16182 16185 16188 16191 16194 16197 
16200 16203 16206 16209 16212 16215 16218 16221 16224 
16227 16230 16233 16236 16239 16242 16245 16248 16251 
16254 16257 16260 16263 16266 16269 16272 16275 16278 
16281 16284 16287 16290 16293 16296 16299 16302 16305 
16308 16311 16314 16317 16320 16323 16326 16329 16332 
16335 16338 16341 16344 16347 16350 16353 16356 16359 
16362 16365 16368 16371 16374 16377 16380 16383 16386 
16389 16392 16395 16398 16401 16404 16407 16410 16413 
16416 16419 16422 16425 16428 16431 16434 16437 16440 
16443 16446 16449 16452 16455 16458 16461 16464 16467 
16470 16473 16476 16479 16482 16485 16488 16491 16494 
16497 16500 16503 16506 16509 16512 16515 16518 16521 
16524 16527 16530 16533 16536 16539 16542 16545 16548 
16551 16554 16557 16560 16563 16566 16569 16572 16575 
16578 16581 16584 16587 16590 16593 16596 16599 16602 
16605 16608 16611 16614 16617 16620 16623 16626 16629 
16632 16635 16638 16641 16644 16647 16650 16653 16656 
16659 16662 16665 16668 16671 16674 16677 16680 16683 
16686 16689 16692 16695 16698 16701 16704 16707 16710 
16713 16716 16719 16722 16725 16728 16731 16734 16737 
16740 16743 16746 16749 16752 16755 16758 16761 16764 
16767 16770 16773 16776 16779 16782 16785 16788 16791 
16794 16797 16800 16803 16806 16809 16812 16815 16818 
16821 16824 16827 16830 16833 16836 16839 16842 16845 
16848 16851 16854 16857 16860 16863 16866 16869 16872 
16875 16878 16881 16884 16887 16890 16893 16896 16899 
16902 16905 16908 16911 16914 16917 16920 16923 16926 
16929 16932 16935 16938 16941 16944 16947 16950 16953 
16956 16959 16962 16965 16968 16971 16974 16977 16980 
16983 16986 16989 16992 16995 16998 17001 17004 17007 
17010 17013 17016 17019 17022 17025 17028 17031 17034 
17037 17040 17043 17046 17049 17052 17055 17058 17061 
17064 17067 17070 17073 17076 17079 17082 17085 17088 
17091 17094 17097 17100 17103 17106 17109 17112 17115 
17118 17121 17124 17127 17130 17133 17136 17139 17142 
17145 17148 17151 17154 17157 17160 17163 17166 17169 
17172 17175 17178 17181 17184 17187 17190 17193 17196 
17199 17202 17205 17208 17211 17214 17217 17220 17223 
17226 17229 17232 17235 17238 17241 17244 17247 17250 
17253 17256 17259 17262 17265 17268 17271 17274 17277 
17280 17283 17286 17289 17292 17295 17298 17301 17304 
17307 17310 17313 17316 17319 17322 17325 17328 17331 
17334 17337 17340 17343 17346 17349 17352 17355 17358 
17361 17364 17367 17370 17373 17376 17379 17382 17385 
17388 17391 17394 17397 17400 17403 17406 17409 17412 
17415 17418 17421 17424 17427 17430 17433 17436 17439 
17442 17445 17448 17451 17454 17457 17460 17463 17466 
17469 17472 17475 17478 17481 17484 17487 17490 17493 
17496 17499 17502 17505 17508 17511 17514 17517 17520 
17523 17526 17529 17532 17535 17538 17541 17544 17547 
17550 17553 17556 17559 17562 17565 17568 17571 17574 
17577 17580 17583 17586 17589 17592 17595 17598 17601 
17604 17607 17610 17613 17616 17619 17622 17625 17628 
17631 17634 17637 17640 17643 17646 17649 17652 17655 
17658 17661 17664 17667 17670 17673 17676 17679 17682 
17685 17688 17691 17694 17697 17700 17703 17706 17709 
17712 17715 17718 17721 17724 17727 17730 17733 17736 
17739 17742 17745 17748 17751 17754 17757 17760 17763 
17766 17769 17772 17775 17778 17781 17784 17787 17790 
17793 17796 17799 17802 17805 17808 17811 17814 17817 
17820 17823 17826 17829 17832 17835 17838 17841 17844 
17847 17850 17853 17856 17859 17862 17865 17868 17871 
17874 17877 17880 17883 17886 17889 17892 17895 17898 
17901 17904 17907 17910 17913 17916 17919 17922 17925 
17928 17931 17934 17937 17940 17943 17946 17949 17952 
17955 17958 17961 17964 17967 17970 17973 17976 17979 
17982 17985 17988 17991 17994 17997 18000 18003 18006 
18009 18012 18015 18018 18021 18024 18027 18030 18033 
18036 18039 18042 18045 18048 18051 18054 18057 18060 
18063 18066 18069 18072 18075 18078 18081 18084 18087 
18090 18093 18096 18099 18102 18105 18108 18111 18114 
18117 18120 18123 18126 18129 18132 18135 18138 18141 
18144 18147 18150 18153 18156 18159 18162 18165 18168 
18171 18174 18177 18180 18183 18186 18189 18192 18195 
18198 18201 18204 18207 18210 18213 18216 18219 18222 
18225 18228 18231 18234 18237 18240 18243 18246 18249 
18252 18255 18258 18261 18264 18267 18270 18273 18276 
18279 18282 18285 18288 18291 18294 18297 18300 18303 
18306 18309 18312 18315 18318 18321 18324 18327 18330 
18333 18336 18339 18342 18345 18348 18351 18354 18357 
18360 18363 18366 18369 18372 18375 18378 18381 18384 
18387 18390 18393 18396 18399 18402 18405 18408 18411 
18414 18417 18420 18423 18426 18429 18432 18435 18438 
18441 18444 18447 18450 18453 18456 18459 18462 18465 
18468 18471 18474 18477 18480 18483 18486 18489 18492 
18495 18498 18501 18504 18507 18510 18513 18516 18519 
18522 18525 18528 18531 18534 18537 18540 18543 18546 
18549 18552 18555 18558 18561 18564 18567 18570 18573 
18576 18579 18582 18585 18588 18591 18594 18597 18600 
18603 18606 18609 18612 18615 18618 18621 18624 18627 
18630 18633 18636 18639 18642 18645 18648 18651 18654 
18657 18660 18663 18666 18669 18672 18675 18678 18681 
18684 18687 18690 18693 18696 18699 18702 18705 18708 
18711 18714 18717 18720 18723 18726 18729 18732 18735 
18738 18741 18744 18747 18750 18753 18756 18759 18762 
18765 18768 18771 18774 18777 18780 18783 18786 18789 
18792 18795 18798 18801 18804 18807 18810 18813 18816 
18819 18822 18825 18828 18831 18834 18837 18840 18843 
18846 18849 18852 18855 18858 18861 18864 18867 18870 
18873 18876 18879 18882 18885 18888 18891 18894 18897 
18900 18903 18906 18909 18912 18915 18918 18921 18924 
18927 18930 18933 18936 18939 18942 18945 18948 18951 
18954 18957 18960 18963 18966 18969 18972 18975 18978 
18981 18984 18987 18990 18993 18996 18999 19002 19005 
19008 19011 19014 19017 19020 19023 19026 19029 19032 
19035 19038 19041 19044 19047 19050 19053 19056 19059 
19062 19065 19068 19071 19074 19077 19080 19083 19086 
19089 19092 19095 19098 19101 19104 19107 19110 19113 
19116 19119 19122 19125 19128 19131 19134 19137 19140 
19143 19146 19149 19152 19155 19158 19161 19164 19167 
19170 19173 19176 19179 19182 19185 19188 19191 19194 
19197 19200 19203 19206 19209 19212 19215 19218 19221 
19224 19227 19230 19233 19236 19239 19242 19245 19248 
19251 19254 19257 19260 19263 19266 19269 19272 19275 
19278 19281 19284 19287 19290 19293 19296 19299 19302 
19305 19308 19311 19314 19317 19320 19323 19326 19329 
19332 19335 19338 19341 19344 19347 19350 19353 19356 
19359 19362 19365 19368 19371 19374 19377 19380 19383 
19386 19389 19392 19395 19398 19401 19404 19407 19410 
19413 19416 19419 19422 19425 19428 19431 19434 19437 
19440 19443 19446 19449 19452 19455 19458 19461 19464 
19467 19470 19473 19476 19479 19482 19485 19488 19491 
19494 19497 19500 19503 19506 19509 19512 19515 19518 
19521 19524 19527 19530 19533 19536 19539 19542 19545 
19548 19551 19554 19557 19560 19563 19566 19569 19572 
19575 19578 19581 19584 19587 19590 19593 19596 19599 
19602 19605 19608 19611 19614 19617 19620 19623 19626 
19629 19632 19635 19638 19641 19644 19647 19650 19653 
19656 19659 19662 19665 19668 19671 19674 19677 19680 
19683 19686 19689 19692 19695 19698 19701 19704 19707 
19710 19713 19716 19719 19722 19725 19728 19731 19734 
19737 19740 19743 19746 19749 19752 19755 19758 19761 
19764 19767 19770 19773 19776 19779 19782 19785 19788 
19791 19794 19797 19800 19803 19806 19809 19812 19815 
19818 19821 19824 19827 19830 19833 19836 19839 19842 
19845 19848 19851 19854 19857 19860 19863 19866 19869 
19872 19875 19878 19881 19884 19887 19890 19893 19896 
19899 19902 19905 19908 19911 19914 19917 19920 19923 
19926 19929 19932 19935 19938 19941 19944 19947 19950 
19953 19956 19959 19962 19965 19968 19971 19974 19977 
19980 19983 19986 19989 19992 19995 19998 20001 20004 
20007 20010 20013 20016 20019 20022 20025 20028 20031 
20034 20037 20040 20043 20046 20049 20052 20055 20058 
20061 20064 20067 20070 20073 20076 20079 20082 20085 
20088 20091 20094 20097 20100 20103 20106 20109 20112 
20115 20118 20121 20124 20127 20130 20133 20136 20139 
20142 20145 20148 20151 20154 20157 20160 20163 20166 
20169 20172 20175 20178 20181 20184 20187 20190 20193 
20196 20199 20202 20205 20208 20211 20214 20217 20220 
20223 20226 20229 20232 20235 20238 20241 20244 20247 
20250 20253 20256 20259 20262 20265 20268 20271 20274 
20277 20280 20283 20286 20289 20292 20295 20298 20301 
20304 20307 20310 20313 20316 20319 20322 20325 20328 
20331 20334 20337 20340 20343 20346 20349 20352 20355 
20358 20361 20364 20367 20370 20373 20376 20379 20382 
20385 20388 20391 20394 20397 20400 20403 20406 20409 
20412 20415 20418 20421 20424 20427 20430 20433 20436 
20439 20442 20445 20448 20451 20454 20457 20460 20463 
20466 20469 20472 20475 20478 20481 20484 20487 20490 
20493 20496 20499 20502 20505 20508 20511 20514 20517 
20520 20523 20526 20529 20532 20535 20538 20541 20544 
20547 20550 20553 20556 20559 20562 20565 20568 20571 
20574 20577 20580 20583 20586 20589 20592 20595 20598 
20601 20604 20607 20610 20613 20616 20619 20622 20625 
20628 20631 20634 20637 20640 20643 20646 20649 20652 
20655 20658 20661 20664 20667 20670 20673 20676 20679 
20682 20685 20688 20691 20694 20697 20700 20703 20706 
20709 20712 20715 20718 20721 20724 20727 20730 20733 
20736 20739 20742 20745 20748 20751 20754 20757 20760 
20763 20766 20769 20772 20775 20778 20781 20784 20787 
20790 20793 20796 20799 20802 20805 20808 20811 20814 
20817 20820 20823 20826 20829 20832 20835 20838 20841 
20844 20847 20850 20853 20856 20859 20862 20865 20868 
20871 20874 20877 20880 20883 20886 20889 20892 20895 
20898 20901 20904 20907 20910 20913 20916 20919 20922 
20925 20928 20931 20934 20937 20940 20943 20946 20949 
20952 20955 20958 20961 20964 20967 20970 20973 20976 
20979 20982 20985 20988 20991 20994 20997 21000 21003 
21006 21009 21012 21015 21018 21021 21024 21027 21030 
21033 21036 21039 21042 21045 21048 21051 21054 21057 
21060 21063 21066 21069 21072 21075 21078 21081 21084 
21087 21090 21093 21096 21099 21102 21105 21108 21111 
21114 21117 21120 21123 21126 21129 21132 21135 21138 
21141 21144 21147 21150 21153 21156 21159 21162 21165 
21168 21171 21174 21177 21180 21183 21186 21189 21192 
21195 21198 21201 21204 21207 21210 21213 21216 21219 
21222 21225 21228 21231 21234 21237 21240 21243 21246 
21249 21252 21255 21258 21261 21264 21267 21270 21273 
21276 21279 21282 21285 21288 21291 21294 21297 21300 
21303 21306 21309 21312 21315 21318 21321 21324 21327 
21330 21333 21336 21339 21342 21345 21348 21351 21354 
21357 21360 21363 21366 21369 21372 21375 21378 21381 
21384 21387 21390 21393 21396 21399 21402 21405 21408 
21411 21414 21417 21420 21423 21426 21429 21432 21435 
21438 21441 21444 21447 21450 21453 21456 21459 21462 
21465 21468 21471 21474 21477 21480 21483 21486 21489 
21492 21495 21498 21501 21504 21507 21510 21513 21516 
21519 21522 21525 21528 21531 21534 21537 21540 21543 
21546 21549 21552 21555 21558 21561 21564 21567 21570 
21573 21576 21579 21582 21585 21588 21591 21594 21597 
21600 21603 21606 21609 21612 21615 21618 21621 21624 
21627 21630 21633 21636 21639 21642 21645 21648 21651 
21654 21657 21660 21663 21666 21669 21672 21675 21678 
21681 21684 21687 21690 21693 21696 21699 21702 21705 
21708 21711 21714 21717 21720 21723 21726 21729 21732 
21735 21738 21741 21744 21747 21750 21753 21756 21759 
21762 21765 21768 21771 21774 21777 21780 21783 21786 
21789 21792 21795 21798 21801 21804 21807 21810 21813 
21816 21819 21822 21825 21828 21831 21834 21837 21840 
21843 21846 21849 21852 21855 21858 21861 21864 21867 
21870 21873 21876 21879 21882 21885 21888 21891 21894 
21897 21900 21903 21906 21909 21912 21915 21918 21921 
21924 21927 21930 21933 21936 21939 21942 21945 21948 
21951 21954 21957 21960 21963 21966 21969 21972 21975 
21978 21981 21984 21987 21990 21993 21996 21999 22002 
22005 22008 22011 22014 22017 22020 22023 22026 22029 
22032 22035 22038 22041 22044 22047 22050 22053 22056 
22059 22062 22065 22068 22071 22074 22077 22080 22083 
22086 22089 22092 22095 22098 22101 22104 22107 22110 
22113 22116 22119 22122 22125 22128 22131 22134 22137 
22140 22143 22146 22149 22152 22155 22158 22161 22164 
22167 22170 22173 22176 22179 22182 22185 22188 22191 
22194 22197 22200 22203 22206 22209 22212 22215 22218 
22221 22224 22227 22230 22233 22236 22239 22242 22245 
22248 22251 22254 22257 22260 22263 22266 22269 22272 
22275 22278 22281 22284 22287 22290 22293 22296 22299 
22302 22305 22308 22311 22314 22317 22320 22323 22326 
22329 22332 22335 22338 22341 22344 22347 22350 22353 
22356 22359 22362 22365 22368 22371 22374 22377 22380 
22383 22386 22389 22392 22395 22398 22401 22404 22407 
22410 22413 22416 22419 22422 22425 22428 22431 22434 
22437 22440 22443 22446 22449 22452 22455 22458 22461 
22464 22467 22470 22473 22476 22479 22482 22485 22488 
22491 22494 22497 22500 22503 22506 22509 22512 22515 
22518 22521 22524 22527 22530 22533 22536 22539 22542 
22545 22548 22551 22554 22557 22560 22563 22566 22569 
22572 22575 22578 22581 22584 22587 22590 22593 22596 
22599 22602 22605 22608 22611 22614 22617 22620 22623 
22626 22629 22632 22635 22638 22641 22644 22647 22650 
22653 22656 22659 22662 22665 22668 22671 22674 22677 
22680 22683 22686 22689 22692 22695 22698 22701 22704 
22707 22710 22713 22716 22719 22722 22725 22728 22731 
22734 22737 22740 22743 22746 22749 22752 22755 22758 
22761 22764 22767 22770 22773 22776 22779 22782 22785 
22788 22791 22794 22797 22800 22803 22806 22809 22812 
22815 22818 22821 22824 22827 22830 22833 22836 22839 
22842 22845 22848 22851 22854 22857 22860 22863 22866 
22869 22872 22875 22878 22881 22884 22887 22890 22893 
22896 22899 22902 22905 22908 22911 22914 22917 22920 
22923 22926 22929 22932 22935 22938 22941 22944 22947 
22950 22953 22956 22959 22962 22965 22968 22971 22974 
22977 22980 22983 22986 22989 22992 22995 22998 23001 
23004 23007 23010 23013 23016 23019 23022 23025 23028 
23031 23034 23037 23040 23043 23046 23049 23052 23055 
23058 23061 23064 23067 23070 23073 23076 23079 23082 
23085 23088 23091 23094 23097 23100 23103 23106 23109 
23112 23115 23118 23121 23124 23127 23130 23133 23136 
23139 23142 23145 23148 23151 23154 23157 23160 23163 
23166 23169 23172 23175 23178 23181 23184 23187 23190 
23193 23196 23199 23202 23205 23208 23211 23214 23217 
23220 23223 23226 23229 23232 23235 23238 23241 23244 
23247 23250 23253 23256 23259 23262 23265 23268 23271 
23274 23277 23280 23283 23286 23289 23292 23295 23298 
23301 23304 23307 23310 23313 23316 23319 23322 23325 
23328 23331 23334 23337 23340 23343 23346 23349 23352 
23355 23358 23361 23364 23367 23370 23373 23376 23379 
23382 23385 23388 23391 23394 23397 23400 23403 23406 
23409 23412 23415 23418 23421 23424 23427 23430 23433 
23436 23439 23442 23445 23448 23451 23454 23457 23460 
23463 23466 23469 23472 23475 23478 23481 23484 23487 
23490 23493 23496 23499 23502 23505 23508 23511 23514 
23517 23520 23523 23526 23529 23532 23535 23538 23541 
23544 23547 23550 23553 23556 23559 23562 23565 23568 
23571 23574 23577 23580 23583 23586 23589 23592 23595 
23598 23601 23604 23607 23610 23613 23616 23619 23622 
23625 23628 23631 23634 23637 23640 23643 23646 23649 
23652 23655 23658 23661 23664 23667 23670 23673 23676 
23679 23682 23685 23688 23691 23694 23697 23700 23703 
23706 23709 23712 23715 23718 23721 23724 23727 23730 
23733 23736 23739 23742 23745 23748 23751 23754 23757 
23760 23763 23766 23769 23772 23775 23778 23781 23784 
23787 23790 23793 23796 23799 23802 23805 23808 23811 
23814 23817 23820 23823 23826 23829 23832 23835 23838 
23841 23844 23847 23850 23853 23856 23859 23862 23865 
23868 23871 23874 23877 23880 23883 23886 23889 23892 
23895 23898 23901 23904 23907 23910 23913 23916 23919 
23922 23925 23928 23931 23934 23937 23940 23943 23946 
23949 23952 23955 23958 23961 23964 23967 23970 23973 
23976 23979 23982 23985 23988 23991 23994 23997 24000 
24003 24006 24009 24012 24015 24018 24021 24024 24027 
24030 24033 24036 24039 24042 24045 24048 24051 24054 
24057 24060 24063 24066 24069 24072 24075 24078 24081 
24084 24087 24090 24093 24096 24099 24102 24105 24108 
24111 24114 24117 24120 24123 24126 24129 24132 24135 
24138 24141 24144 24147 24150 24153 24156 24159 24162 
24165 24168 24171 24174 24177 24180 24183 24186 24189 
24192 24195 24198 24201 24204 24207 24210 24213 24216 
24219 24222 24225 24228 24231 24234 24237 24240 24243 
24246 24249 24252 24255 24258 24261 24264 24267 24270 
24273 24276 24279 24282 24285 24288 24291 24294 24297 
24300 24303 24306 24309 24312 24315 24318 24321 24324 
24327 24330 24333 24336 24339 24342 24345 24348 24351 
24354 24357 24360 24363 24366 24369 24372 24375 24378 
24381 24384 24387 24390 24393 24396 24399 24402 24405 
24408 24411 24414 24417 24420 24423 24426 24429 24432 
24435 24438 24441 24444 24447 24450 24453 24456 24459 
24462 24465 24468 24471 24474 24477 24480 24483 24486 
24489 24492 24495 24498 24501 24504 24507 24510 24513 
24516 24519 24522 24525 24528 24531 24534 24537 24540 
24543 24546 24549 24552 24555 24558 24561 24564 24567 
24570 24573 24576 24579 24582 24585 24588 24591 24594 
24597 24600 24603 24606 24609 24612 24615 24618 24621 
24624 24627 24630 24633 24636 24639 24642 24645 24648 
24651 24654 24657 24660 24663 24666 24669 24672 24675 
24678 24681 24684 24687 24690 24693 24696 24699 24702 
24705 24708 24711 24714 24717 24720 24723 24726 24729 
24732 24735 24738 24741 24744 24747 24750 24753 24756 
24759 24762 24765 24768 24771 24774 24777 24780 24783 
24786 24789 24792 24795 24798 24801 24804 24807 24810 
24813 24816 24819 24822 24825 24828 24831 24834 24837 
24840 24843 24846 24849 24852 24855 24858 24861 24864 
24867 24870 24873 24876 24879 24882 24885 24888 24891 
24894 24897 24900 24903 24906 24909 24912 24915 24918 
24921 24924 24927 24930 24933 24936 24939 24942 24945 
24948 24951 24954 24957 24960 24963 24966 24969 24972 
24975 24978 24981 24984 24987 24990 24993 24996 24999 
25002 25005 25008 25011 25014 25017 25020 25023 25026 
25029 25032 25035 25038 25041 25044 25047 25050 25053 
25056 25059 25062 25065 25068 25071 25074 25077 25080 
25083 25086 25089 25092 25095 25098 25101 25104 25107 
25110 25113 25116 25119 25122 25125 25128 25131 25134 
25137 25140 25143 25146 25149 25152 25155 25158 25161 
25164 25167 25170 25173 25176 25179 25182 25185 25188 
25191 25194 25197 25200 25203 25206 25209 25212 25215 
25218 25221 25224 25227 25230 25233 25236 25239 25242 
25245 25248 25251 25254 25257 25260 25263 25266 25269 
25272 25275 25278 25281 25284 25287 25290 25293 25296 
25299 25302 25305 25308 25311 25314 25317 25320 25323 
25326 25329 25332 25335 25338 25341 25344 25347 25350 
25353 25356 25359 25362 25365 25368 25371 25374 25377 
25380 25383 25386 25389 25392 25395 25398 25401 25404 
25407 25410 25413 25416 25419 25422 25425 25428 25431 
25434 25437 25440 25443 25446 25449 25452 25455 25458 
25461 25464 25467 25470 25473 25476 25479 25482 25485 
25488 25491 25494 25497 25500 25503 25506 25509 25512 
25515 25518 25521 25524 25527 25530 25533 25536 25539 
25542 25545 25548 25551 25554 25557 25560 25563 25566 
25569 25572 25575 25578 25581 25584 25587 25590 25593 
25596 25599 25602 25605 25608 25611 25614 25617 25620 
25623 25626 25629 25632 25635 25638 25641 25644 25647 
25650 25653 25656 25659 25662 25665 25668 25671 25674 
25677 25680 25683 25686 25689 25692 25695 25698 25701 
25704 25707 25710 25713 25716 25719 25722 25725 25728 
25731 25734 25737 25740 25743 25746 25749 25752 25755 
25758 25761 25764 25767 25770 25773 25776 25779 25782 
25785 25788 25791 25794 25797 25800 25803 25806 25809 
25812 25815 25818 25821 25824 25827 25830 25833 25836 
25839 25842 25845 25848 25851 25854 25857 25860 25863 
25866 25869 25872 25875 25878 25881 25884 25887 25890 
25893 25896 25899 25902 25905 25908 25911 25914 25917 
25920 25923 25926 25929 25932 25935 25938 25941 25944 
25947 25950 25953 25956 25959 25962 25965 25968 25971 
25974 25977 25980 25983 25986 25989 25992 25995 25998 
26001 26004 26007 26010 26013 26016 26019 26022 26025 
26028 26031 26034 26037 26040 26043 26046 26049 26052 
26055 26058 26061 26064 26067 26070 26073 26076 26079 
26082 26085 26088 26091 26094 26097 26100 26103 26106 
26109 26112 26115 26118 26121 26124 26127 26130 26133 
26136 26139 26142 26145 26148 26151 26154 26157 26160 
26163 26166 26169 26172 26175 26178 26181 26184 26187 
26190 26193 26196 26199 26202 26205 26208 26211 26214 
26217 26220 26223 26226 26229 26232 26235 26238 26241 
26244 26247 26250 26253 26256 26259 26262 26265 26268 
26271 26274 26277 26280 26283 26286 26289 26292 26295 
26298 26301 26304 26307 26310 26313 26316 26319 26322 
26325 26328 26331 26334 26337 26340 26343 26346 26349 
26352 26355 26358 26361 26364 26367 26370 26373 26376 
26379 26382 26385 26388 26391 26394 26397 26400 26403 
26406 26409 26412 26415 26418 26421 26424 26427 26430 
26433 26436 26439 26442 26445 26448 26451 26454 26457 
26460 26463 26466 26469 26472 26475 26478 26481 26484 
26487 26490 26493 26496 26499 26502 26505 26508 26511 
26514 26517 26520 26523 26526 26529 26532 26535 26538 
26541 26544 26547 26550 26553 26556 26559 26562 26565 
26568 26571 26574 26577 26580 26583 26586 26589 26592 
26595 26598 26601 26604 26607 26610 26613 26616 26619 
26622 26625 26628 26631 26634 26637 26640 26643 26646 
26649 26652 26655 26658 26661 26664 26667 26670 26673 
26676 26679 26682 26685 26688 26691 26694 26697 26700 
26703 26706 26709 26712 26715 26718 26721 26724 26727 
26730 26733 26736 26739 26742 26745 26748 26751 26754 
26757 26760 26763 26766 26769 26772 26775 26778 26781 
26784 26787 26790 26793 26796 26799 26802 26805 26808 
26811 26814 26817 26820 26823 26826 26829 26832 26835 
26838 26841 26844 26847 26850 26853 26856 26859 26862 
26865 26868 26871 26874 26877 26880 26883 26886 26889 
26892 26895 26898 26901 26904 26907 26910 26913 26916 
26919 26922 26925 26928 26931 26934 26937 26940 26943 
26946 26949 26952 26955 26958 26961 26964 26967 26970 
26973 26976 26979 26982 26985 26988 26991 26994 26997 
27000 27003 27006 27009 27012 27015 27018 27021 27024 
27027 27030 27033 27036 27039 27042 27045 27048 27051 
27054 27057 27060 27063 27066 27069 27072 27075 27078 
27081 27084 27087 27090 27093 27096 27099 27102 27105 
27108 27111 27114 27117 27120 27123 27126 27129 27132 
27135 27138 27141 27144 27147 27150 27153 27156 27159 
27162 27165 27168 27171 27174 27177 27180 27183 27186 
27189 27192 27195 27198 27201 27204 27207 27210 27213 
27216 27219 27222 27225 27228 27231 27234 27237 27240 
27243 27246 27249 27252 27255 27258 27261 27264 27267 
27270 27273 27276 27279 27282 27285 27288 27291 27294 
27297 27300 27303 27306 27309 27312 27315 27318 27321 
27324 27327 27330 27333 27336 27339 27342 27345 27348 
27351 27354 27357 27360 27363 27366 27369 27372 27375 
27378 27381 27384 27387 27390 27393 27396 27399 27402 
27405 27408 27411 27414 27417 27420 27423 27426 27429 
27432 27435 27438 27441 27444 27447 27450 27453 27456 
27459 27462 27465 27468 27471 27474 27477 27480 27483 
27486 27489 27492 27495 27498 27501 27504 27507 27510 
27513 27516 27519 27522 27525 27528 27531 27534 27537 
27540 27543 27546 27549 27552 27555 27558 27561 27564 
27567 27570 27573 27576 27579 27582 27585 27588 27591 
27594 27597 27600 27603 27606 27609 27612 27615 27618 
27621 27624 27627 27630 27633 27636 27639 27642 27645 
27648 27651 27654 27657 27660 27663 27666 27669 27672 
27675 27678 27681 27684 27687 27690 27693 27696 27699 
27702 27705 27708 27711 27714 27717 27720 27723 27726 
27729 27732 27735 27738 27741 27744 27747 27750 27753 
27756 27759 27762 27765 27768 27771 27774 27777 27780 
27783 27786 27789 27792 27795 27798 27801 27804 27807 
27810 27813 27816 27819 27822 27825 27828 27831 27834 
27837 27840 27843 27846 27849 27852 27855 27858 27861 
27864 27867 27870 27873 27876 27879 27882 27885 27888 
27891 27894 27897 27900 27903 27906 27909 27912 27915 
27918 27921 27924 27927 27930 27933 27936 27939 27942 
27945 27948 27951 27954 27957 27960 27963 27966 27969 
27972 27975 27978 27981 27984 27987 27990 27993 27996 
27999 28002 28005 28008 28011 28014 28017 28020 28023 
28026 28029 28032 28035 28038 28041 28044 28047 28050 
28053 28056 28059 28062 28065 28068 28071 28074 28077 
28080 28083 28086 28089 28092 28095 28098 28101 28104 
28107 28110 28113 28116 28119 28122 28125 28128 28131 
28134 28137 28140 28143 28146 28149 28152 28155 28158 
28161 28164 28167 28170 28173 28176 28179 28182 28185 
28188 28191 28194 28197 28200 28203 28206 28209 28212 
28215 28218 28221 28224 28227 28230 28233 28236 28239 
28242 28245 28248 28251 28254 28257 28260 28263 28266 
28269 28272 28275 28278 28281 28284 28287 28290 28293 
28296 28299 28302 28305 28308 28311 28314 28317 28320 
28323 28326 28329 28332 28335 28338 28341 28344 28347 
28350 28353 28356 28359 28362 28365 28368 28371 28374 
28377 28380 28383 28386 28389 28392 28395 28398 28401 
28404 28407 28410 28413 28416 28419 28422 28425 28428 
28431 28434 28437 28440 28443 28446 28449 28452 28455 
28458 28461 28464 28467 28470 28473 28476 28479 28482 
28485 28488 28491 28494 28497 28500 28503 28506 28509 
28512 28515 28518 28521 28524 28527 28530 28533 28536 
28539 28542 28545 28548 28551 28554 28557 28560 28563 
28566 28569 28572 28575 28578 28581 28584 28587 28590 
28593 28596 28599 28602 28605 28608 28611 28614 28617 
28620 28623 28626 28629 28632 28635 28638 28641 28644 
28647 28650 28653 28656 28659 28662 28665 28668 28671 
28674 28677 28680 28683 28686 28689 28692 28695 28698 
28701 28704 28707 28710 28713 28716 28719 28722 28725 
28728 28731 28734 28737 28740 28743 28746 28749 28752 
28755 28758 28761 28764 28767 28770 28773 28776 28779 
28782 28785 28788 28791 28794 28797 28800 28803 28806 
28809 28812 28815 28818 28821 28824 28827 28830 28833 
28836 28839 28842 28845 28848 28851 28854 28857 28860 
28863 28866 28869 28872 28875 28878 28881 28884 28887 
28890 28893 28896 28899 28902 28905 28908 28911 28914 
28917 28920 28923 28926 28929 28932 28935 28938 28941 
28944 28947 28950 28953 28956 28959 28962 28965 28968 
28971 28974 28977 28980 28983 28986 28989 28992 28995 
28998 29001 29004 29007 29010 29013 29016 29019 29022 
29025 29028 29031 29034 29037 29040 29043 29046 29049 
29052 29055 29058 29061 29064 29067 29070 29073 29076 
29079 29082 29085 29088 29091 29094 29097 29100 29103 
29106 29109 29112 29115 29118 29121 29124 29127 29130 
29133 29136 29139 29142 29145 29148 29151 29154 29157 
29160 29163 29166 29169 29172 29175 29178 29181 29184 
29187 29190 29193 29196 29199 29202 29205 29208 29211 
29214 29217 29220 29223 29226 29229 29232 29235 29238 
29241 29244 29247 29250 29253 29256 29259 29262 29265 
29268 29271 29274 29277 29280 29283 29286 29289 29292 
29295 29298 29301 29304 29307 29310 29313 29316 29319 
29322 29325 29328 29331 29334 29337 29340 29343 29346 
29349 29352 29355 29358 29361 29364 29367 29370 29373 
29376 29379 29382 29385 29388 29391 29394 29397 29400 
29403 29406 29409 29412 29415 29418 29421 29424 29427 
29430 29433 29436 29439 29442 29445 29448 29451 29454 
29457 29460 29463 29466 29469 29472 29475 29478 29481 
29484 29487 29490 29493 29496 29499 29502 29505 29508 
29511 29514 29517 29520 29523 29526 29529 29532 29535 
29538 29541 29544 29547 29550 29553 29556 29559 29562 
29565 29568 29571 29574 29577 29580 29583 29586 29589 
29592 29595 29598 29601 29604 29607 29610 29613 29616 
29619 29622 29625 29628 29631 29634 29637 29640 29643 
29646 29649 29652 29655 29658 29661 29664 29667 29670 
29673 29676 29679 29682 29685 29688 29691 29694 29697 
29700 29703 29706 29709 29712 29715 29718 29721 29724 
29727 29730 29733 29736 29739 29742 29745 29748 29751 
29754 29757 29760 29763 29766 29769 29772 29775 29778 
29781 29784 29787 29790 29793 29796 29799 29802 29805 
29808 29811 29814 29817 29820 29823 29826 29829 29832 
29835 29838 29841 29844 29847 29850 29853 29856 29859 
29862 29865 29868 29871 29874 29877 29880 29883 29886 
29889 29892 29895 29898 29901 29904 29907 29910 29913 
29916 29919 29922 29925 29928 29931 29934 29937 29940 
29943 29946 29949 29952 29955 29958 29961 29964 29967 
29970 29973 29976 29979 29982 29985 29988 29991 29994 
29997 30000 30003 30006 30009 30012 30015 30018 30021 
30024 30027 30030 30033 30036 30039 30042 30045 30048 
30051 30054 30057 30060 30063 30066 30069 30072 30075 
30078 30081 30084 30087 30090 30093 30096 30099 30102 
30105 30108 30111 30114 30117 30120 30123 30126 30129 
30132 30135 30138 30141 30144 30147 30150 30153 30156 
30159 30162 30165 30168 30171 30174 30177 30180 30183 
30186 30189 30192 30195 30198 30201 30204 30207 30210 
30213 30216 30219 30222 30225 30228 30231 30234 30237 
30240 30243 30246 30249 30252 30255 30258 30261 30264 
30267 30270 30273 30276 30279 30282 30285 30288 30291 
30294 30297 30300 30303 30306 30309 30312 30315 30318 
30321 30324 30327 30330 30333 30336 30339 30342 30345 
30348 30351 30354 30357 30360 30363 30366 30369 30372 
30375 30378 30381 30384 30387 30390 30393 30396 30399 
30402 30405 30408 30411 30414 30417 30420 30423 30426 
30429 30432 30435 30438 30441 30444 30447 30450 30453 
30456 30459 30462 30465 30468 30471 30474 30477 30480 
30483 30486 30489 30492 30495 30498 30501 30504 30507 
30510 30513 30516 30519 30522 30525 30528 30531 30534 
30537 30540 30543 30546 30549 30552 30555 30558 30561 
30564 30567 30570 30573 30576 30579 30582 30585 30588 
30591 30594 30597 30600 30603 30606 30609 30612 30615 
30618 30621 30624 30627 30630 30633 30636 30639 30642 
30645 30648 30651 30654 30657 30660 30663 30666 30669 
30672 30675 30678 30681 30684 30687 30690 30693 30696 
30699 30702 30705 30708 30711 30714 30717 30720 30723 
30726 30729 30732 30735 30738 30741 30744 30747 30750 
30753 30756 30759 30762 30765 30768 30771 30774 30777 
30780 30783 30786 30789 30792 30795 30798 30801 30804 
30807 30810 30813 30816 30819 30822 30825 30828 30831 
30834 30837 30840 30843 30846 30849 30852 30855 30858 
30861 30864 30867 30870 30873 30876 30879 30882 30885 
30888 30891 30894 30897 30900 30903 30906 30909 30912 
30915 30918 30921 30924 30927 30930 30933 30936 30939 
30942 30945 30948 30951 30954 30957 30960 30963 30966 
30969 30972 30975 30978 30981 30984 30987 30990 30993 
30996 30999 31002 31005 31008 31011 31014 31017 31020 
31023 31026 31029 31032 31035 31038 31041 31044 31047 
31050 31053 31056 31059 31062 31065 31068 31071 31074 
31077 31080 31083 31086 31089 31092 31095 31098 31101 
31104 31107 31110 31113 31116 31119 31122 31125 31128 
31131 31134 31137 31140 31143 31146 31149 31152 31155 
31158 31161 31164 31167 31170 31173 31176 31179 31182 
31185 31188 31191 31194 31197 31200 31203 31206 31209 
31212 31215 31218 31221 31224 31227 31230 31233 31236 
31239 31242 31245 31248 31251 31254 31257 31260 31263 
31266 31269 31272 31275 31278 31281 31284 31287 31290 
31293 31296 31299 31302 31305 31308 31311 31314 31317 
31320 31323 31326 31329 31332 31335 31338 31341 31344 
31347 31350 31353 31356 31359 31362 31365 31368 31371 
31374 31377 31380 31383 31386 31389 31392 31395 31398 
31401 31404 31407 31410 31413 31416 31419 31422 31425 
31428 31431 31434 31437 31440 31443 31446 31449 31452 
31455 31458 31461 31464 31467 31470 31473 31476 31479 
31482 31485 31488 31491 31494 31497 31500 31503 31506 
31509 31512 31515 31518 31521 31524 31527 31530 31533 
31536 31539 31542 31545 31548 31551 31554 31557 31560 
31563 31566 31569 31572 31575 31578 31581 31584 31587 
31590 31593 31596 31599 31602 31605 31608 31611 31614 
31617 31620 31623 31626 31629 31632 31635 31638 31641 
31644 31647 31650 31653 31656 31659 31662 31665 31668 
31671 31674 31677 31680 31683 31686 31689 31692 31695 
31698 31701 31704 31707 31710 31713 31716 31719 31722 
31725 31728 31731 31734 31737 31740 31743 31746 31749 
31752 31755 31758 31761 31764 31767 31770 31773 31776 
31779 31782 31785 31788 31791 31794 31797 31800 31803 
31806 31809 31812 31815 31818 31821 31824 31827 31830 
31833 31836 31839 31842 31845 31848 31851 31854 31857 
31860 31863 31866 31869 31872 31875 31878 31881 31884 
31887 31890 31893 31896 31899 31902 31905 31908 31911 
31914 31917 31920 31923 31926 31929 31932 31935 31938 
31941 31944 31947 31950 31953 31956 31959 31962 31965 
31968 31971 31974 31977 31980 31983 31986 31989 31992 
31995 31998 32001 32004 32007 32010 32013 32016 32019 
32022 32025 32028 32031 32034 32037 32040 32043 32046 
32049 32052 32055 32058 32061 32064 32067 32070 32073 
32076 32079 32082 32085 32088 32091 32094 32097 32100 
32103 32106 32109 32112 32115 32118 32121 32124 32127 
32130 32133 32136 32139 32142 32145 32148 32151 32154 
32157 32160 32163 32166 32169 32172 32175 32178 32181 
32184 32187 32190 32193 32196 32199 32202 32205 32208 
32211 32214 32217 32220 32223 32226 32229 32232 32235 
32238 32241 32244 32247 32250 32253 32256 32259 32262 
32265 32268 32271 32274 32277 32280 32283 32286 32289 
32292 32295 32298 32301 32304 32307 32310 32313 32316 
32319 32322 32325 32328 32331 32334 32337 32340 32343 
32346 32349 32352 32355 32358 32361 32364 32367 32370 
32373 32376 32379 32382 32385 32388 32391 32394 32397 
32400 32403 32406 32409 32412 32415 32418 32421 32424 
32427 32430 32433 32436 32439 32442 32445 32448 32451 
32454 32457 32460 32463 32466 32469 32472 32475 32478 
32481 32484 32487 32490 32493 32496 32499 32502 32505 
32508 32511 32514 32517 32520 32523 32526 32529 32532 
32535 32538 32541 32544 32547 32550 32553 32556 32559 
32562 32565 32568 32571 32574 32577 32580 32583 32586 
32589 32592 32595 32598 32601 32604 32607 32610 32613 
32616 32619 32622 32625 32628 32631 32634 32637 32640 
32643 32646 32649 32652 32655 32658 32661 32664 32667 
32670 32673 32676 32679 32682 32685 32688 32691 32694 
32697 32700 32703 32706 32709 32712 32715 32718 32721 
32724 32727 32730 32733 32736 32739 32742 32745 32748 
32751 32754 32757 32760 32763 32766 32769 32772 32775 
32778 32781 32784 32787 32790 32793 32796 32799 32802 
32805 32808 32811 32814 32817 32820 32823 32826 32829 
32832 32835 32838 32841 32844 32847 32850 32853 32856 
32859 32862 32865 32868 32871 32874 32877 32880 32883 
32886 32889 32892 32895 32898 32901 32904 32907 32910 
32913 32916 32919 32922 32925 32928 32931 32934 32937 
32940 32943 32946 32949 32952 32955 32958 32961 32964 
32967 32970 32973 32976 32979 32982 32985 32988 32991 
32994 32997 33000 33003 33006 33009 33012 33015 33018 
33021 33024 33027 33030 33033 33036 33039 33042 33045 
33048 33051 33054 33057 33060 33063 33066 33069 33072 
33075 33078 33081 33084 33087 33090 33093 33096 33099 
33102 33105 33108 33111 33114 33117 33120 33123 33126 
33129 33132 33135 33138 33141 33144 33147 33150 33153 
33156 33159 33162 33165 33168 33171 33174 33177 33180 
33183 33186 33189 33192 33195 33198 33201 33204 33207 
33210 33213 33216 33219 33222 33225 33228 33231 33234 
33237 33240 33243 33246 33249 33252 33255 33258 33261 
33264 33267 33270 33273 33276 33279 33282 33285 33288 
33291 33294 33297 33300 33303 33306 33309 33312 33315 
33318 33321 33324 33327 33330 33333 33336 33339 33342 
33345 33348 33351 33354 33357 33360 33363 33366 33369 
33372 33375 33378 33381 33384 33387 33390 33393 33396 
33399 33402 33405 33408 33411 33414 33417 33420 33423 
33426 33429 33432 33435 33438 33441 33444 33447 33450 
33453 33456 33459 33462 33465 33468 33471 33474 33477 
33480 33483 33486 33489 33492 33495 33498 33501 33504 
33507 33510 33513 33516 33519 33522 33525 33528 33531 
33534 33537 33540 33543 33546 33549 33552 33555 33558 
33561 33564 33567 33570 33573 33576 33579 33582 33585 
33588 33591 33594 33597 33600 33603 33606 33609 33612 
33615 33618 33621 33624 33627 33630 33633 33636 33639 
33642 33645 33648 33651 33654 33657 33660 33663 33666 
33669 33672 33675 33678 33681 33684 33687 33690 33693 
33696 33699 33702 33705 33708 33711 33714 33717 33720 
33723 33726 33729 33732 33735 33738 33741 33744 33747 
33750 33753 33756 33759 33762 33765 33768 33771 33774 
33777 33780 33783 33786 33789 33792 33795 33798 33801 
33804 33807 33810 33813 33816 33819 33822 33825 33828 
33831 33834 33837 33840 33843 33846 33849 33852 33855 
33858 33861 33864 33867 33870 33873 33876 33879 33882 
33885 33888 33891 33894 33897 33900 33903 33906 33909 
33912 33915 33918 33921 33924 33927 33930 33933 33936 
33939 33942 33945 33948 33951 33954 33957 33960 33963 
33966 33969 33972 33975 33978 33981 33984 33987 33990 
33993 33996 33999 34002 34005 34008 34011 34014 34017 
34020 34023 34026 34029 34032 34035 34038 34041 34044 
34047 34050 34053 34056 34059 34062 34065 34068 34071 
34074 34077 34080 34083 34086 34089 34092 34095 34098 
34101 34104 34107 34110 34113 34116 34119 34122 34125 
34128 34131 34134 34137 34140 34143 34146 34149 34152 
34155 34158 34161 34164 34167 34170 34173 34176 34179 
34182 34185 34188 34191 34194 34197 34200 34203 34206 
34209 34212 34215 34218 34221 34224 34227 34230 34233 
34236 34239 34242 34245 34248 34251 34254 34257 34260 
34263 34266 34269 34272 34275 34278 34281 34284 34287 
34290 34293 34296 34299 34302 34305 34308 34311 34314 
34317 34320 34323 34326 34329 34332 34335 34338 34341 
34344 34347 34350 34353 34356 34359 34362 34365 34368 
34371 34374 34377 34380 34383 34386 34389 34392 34395 
34398 34401 34404 34407 34410 34413 34416 34419 34422 
34425 34428 34431 34434 34437 34440 34443 34446 34449 
34452 34455 34458 34461 34464 34467 34470 34473 34476 
34479 34482 34485 34488 34491 34494 34497 34500 34503 
34506 34509 34512 34515 34518 34521 34524 34527 34530 
34533 34536 34539 34542 34545 34548 34551 34554 34557 
34560 34563 34566 34569 34572 34575 34578 34581 34584 
34587 34590 34593 34596 34599 34602 34605 34608 34611 
34614 34617 34620 34623 34626 34629 34632 34635 34638 
34641 34644 34647 34650 34653 34656 34659 34662 34665 
34668 34671 34674 34677 34680 34683 34686 34689 34692 
34695 34698 34701 34704 34707 34710 34713 34716 34719 
34722 34725 34728 34731 34734 34737 34740 34743 34746 
34749 34752 34755 34758 34761 34764 34767 34770 34773 
34776 34779 34782 34785 34788 34791 34794 34797 34800 
34803 34806 34809 34812 34815 34818 34821 34824 34827 
34830 34833 34836 34839 34842 34845 34848 34851 34854 
34857 34860 34863 34866 34869 34872 34875 34878 34881 
34884 34887 34890 34893 34896 34899 34902 34905 34908 
34911 34914 34917 34920 34923 34926 34929 34932 34935 
34938 34941 34944 34947 34950 34953 34956 34959 34962 
34965 34968 34971 34974 34977 34980 34983 34986 34989 
34992 34995 34998 35001 35004 35007 35010 35013 35016 
35019 35022 35025 35028 35031 35034 35037 35040 35043 
35046 35049 35052 35055 35058 35061 35064 35067 35070 
35073 35076 35079 35082 35085 35088 35091 35094 35097 
35100 35103 35106 35109 35112 35115 35118 35121 35124 
35127 35130 35133 35136 35139 35142 35145 35148 35151 
35154 35157 35160 35163 35166 35169 35172 35175 35178 
35181 35184 35187 35190 35193 35196 35199 35202 35205 
35208 35211 35214 35217 35220 35223 35226 35229 35232 
35235 35238 35241 35244 35247 35250 35253 35256 35259 
35262 35265 35268 35271 35274 35277 35280 35283 35286 
35289 35292 35295 35298 35301 35304 35307 35310 35313 
35316 35319 35322 35325 35328 35331 35334 35337 35340 
35343 35346 35349 35352 35355 35358 35361 35364 35367 
35370 35373 35376 35379 35382 35385 35388 35391 35394 
35397 35400 35403 35406 35409 35412 35415 35418 35421 
35424 35427 35430 35433 35436 35439 35442 35445 35448 
35451 35454 35457 35460 35463 35466 35469 35472 35475 
35478 35481 35484 35487 35490 35493 35496 35499 35502 
35505 35508 35511 35514 35517 35520 35523 35526 35529 
35532 35535 35538 35541 35544 35547 35550 35553 35556 
35559 35562 35565 35568 35571 35574 35577 35580 35583 
35586 35589 35592 35595 35598 35601 35604 35607 35610 
35613 35616 35619 35622 35625 35628 35631 35634 35637 
35640 35643 35646 35649 35652 35655 35658 35661 35664 
35667 35670 35673 35676 35679 35682 35685 35688 35691 
35694 35697 35700 35703 35706 35709 35712 35715 35718 
35721 35724 35727 35730 35733 35736 35739 35742 35745 
35748 35751 35754 35757 35760 35763 35766 35769 35772 
35775 35778 35781 35784 35787 35790 35793 35796 35799 
35802 35805 35808 35811 35814 35817 35820 35823 35826 
35829 35832 35835 35838 35841 35844 35847 35850 35853 
35856 35859 35862 35865 35868 35871 35874 35877 35880 
35883 35886 35889 35892 35895 35898 35901 35904 35907 
35910 35913 35916 35919 35922 35925 35928 35931 35934 
35937 35940 35943 35946 35949 35952 35955 35958 35961 
35964 35967 35970 35973 35976 35979 35982 35985 35988 
35991 35994 35997 36000 36003 36006 36009 36012 36015 
36018 36021 36024 36027 36030 36033 36036 36039 36042 
36045 36048 36051 36054 36057 36060 36063 36066 36069 
36072 36075 36078 36081 36084 36087 36090 36093 36096 
36099 36102 36105 36108 36111 36114 36117 36120 36123 
36126 36129 36132 36135 36138 36141 36144 36147 36150 
36153 36156 36159 36162 36165 36168 36171 36174 36177 
36180 36183 36186 36189 36192 36195 36198 36201 36204 
36207 36210 36213 36216 36219 36222 36225 36228 36231 
36234 36237 36240 36243 36246 36249 36252 36255 36258 
36261 36264 36267 36270 36273 36276 36279 36282 36285 
36288 36291 36294 36297 36300 36303 36306 36309 36312 
36315 36318 36321 36324 36327 36330 36333 36336 36339 
36342 36345 36348 36351 36354 36357 36360 36363 36366 
36369 36372 36375 36378 36381 36384 36387 36390 36393 
36396 36399 36402 36405 36408 36411 36414 36417 36420 
36423 36426 36429 36432 36435 36438 36441 36444 36447 
36450 36453 36456 36459 36462 36465 36468 36471 36474 
36477 36480 36483 36486 36489 36492 36495 36498 36501 
36504 36507 36510 36513 36516 36519 36522 36525 36528 
36531 36534 36537 36540 36543 36546 36549 36552 36555 
36558 36561 36564 36567 36570 36573 36576 36579 36582 
36585 36588 36591 36594 36597 36600 36603 36606 36609 
36612 36615 36618 36621 36624 36627 36630 36633 36636 
36639 36642 36645 36648 36651 36654 36657 36660 36663 
36666 36669 36672 36675 36678 36681 36684 36687 36690 
36693 36696 36699 36702 36705 36708 36711 36714 36717 
36720 36723 36726 36729 36732 36735 36738 36741 36744 
36747 36750 36753 36756 36759 36762 36765 36768 36771 
36774 36777 36780 36783 36786 36789 36792 36795 36798 
36801 36804 36807 36810 36813 36816 36819 36822 36825 
36828 36831 36834 36837 36840 36843 36846 36849 36852 
36855 36858 36861 36864 36867 36870 36873 36876 36879 
36882 36885 36888 36891 36894 36897 36900 36903 36906 
36909 36912 36915 36918 36921 36924 36927 36930 36933 
36936 36939 36942 36945 36948 36951 36954 36957 36960 
36963 36966 36969 36972 36975 36978 36981 36984 36987 
36990 36993 36996 36999 37002 37005 37008 37011 37014 
37017 37020 37023 37026 37029 37032 37035 37038 37041 
37044 37047 37050 37053 37056 37059 37062 37065 37068 
37071 37074 37077 37080 37083 37086 37089 37092 37095 
37098 37101 37104 37107 37110 37113 37116 37119 37122 
37125 37128 37131 37134 37137 37140 37143 37146 37149 
37152 37155 37158 37161 37164 37167 37170 37173 37176 
37179 37182 37185 37188 37191 37194 37197 37200 37203 
37206 37209 37212 37215 37218 37221 37224 37227 37230 
37233 37236 37239 37242 37245 37248 37251 37254 37257 
37260 37263 37266 37269 37272 37275 37278 37281 37284 
37287 37290 37293 37296 37299 37302 37305 37308 37311 
37314 37317 37320 37323 37326 37329 37332 37335 37338 
37341 37344 37347 37350 37353 37356 37359 37362 37365 
37368 37371 37374 37377 37380 37383 37386 37389 37392 
37395 37398 37401 37404 37407 37410 37413 37416 37419 
37422 37425 37428 37431 37434 37437 37440 37443 37446 
37449 37452 37455 37458 37461 37464 37467 37470 37473 
37476 37479 37482 37485 37488 37491 37494 37497 37500 
37503 37506 37509 37512 37515 37518 37521 37524 37527 
37530 37533 37536 37539 37542 37545 37548 37551 37554 
37557 37560 37563 37566 37569 37572 37575 37578 37581 
37584 37587 37590 37593 37596 37599 37602 37605 37608 
37611 37614 37617 37620 37623 37626 37629 37632 37635 
37638 37641 37644 37647 37650 37653 37656 37659 37662 
37665 37668 37671 37674 37677 37680 37683 37686 37689 
37692 37695 37698 37701 37704 37707 37710 37713 37716 
37719 37722 37725 37728 37731 37734 37737 37740 37743 
37746 37749 37752 37755 37758 37761 37764 37767 37770 
37773 37776 37779 37782 37785 37788 37791 37794 37797 
37800 37803 37806 37809 37812 37815 37818 37821 37824 
37827 37830 37833 37836 37839 37842 37845 37848 37851 
37854 37857 37860 37863 37866 37869 37872 37875 37878 
37881 37884 37887 37890 37893 37896 37899 37902 37905 
37908 37911 37914 37917 37920 37923 37926 37929 37932 
37935 37938 37941 37944 37947 37950 37953 37956 37959 
37962 37965 37968 37971 37974 37977 37980 37983 37986 
37989 37992 37995 37998 38001 38004 38007 38010 38013 
38016 38019 38022 38025 38028 38031 38034 38037 38040 
38043 38046 38049 38052 38055 38058 38061 38064 38067 
38070 38073 38076 38079 38082 38085 38088 38091 38094 
38097 38100 38103 38106 38109 38112 38115 38118 38121 
38124 38127 38130 38133 38136 38139 38142 38145 38148 
38151 38154 38157 38160 38163 38166 38169 38172 38175 
38178 38181 38184 38187 38190 38193 38196 38199 38202 
38205 38208 38211 38214 38217 38220 38223 38226 38229 
38232 
CONNECTIVITY vtktypeint64
60 61 62 63 60 62 61 64 65 
62 61 65 64 66 67 65 64 67 
66 68 69 67 66 69 68 70 71 
69 68 71 70 72 73 71 70 73 
72 74 75 73 72 75 74 76 77 
75 74 77 76 78 79 77 76 79 
78 80 81 79 78 81 80 82 83 
81 80 83 82 84 85 83 82 85 
84 86 87 85 84 87 86 88 89 
87 86 89 88 90 91 89 88 91 
90 92 93 91 90 93 92 94 95 
93 92 95 94 96 97 95 94 97 
96 98 99 97 96 99 98 100 101 
99 98 101 100 102 103 101 100 103 
102 104 105 103 102 105 104 106 107 
105 104 107 106 108 109 107 106 109 
108 110 111 109 108 111 110 112 113 
111 110 113 112 114 115 113 112 115 
114 116 117 115 114 117 116 118 119 
117 116 119 118 120 121 119 118 121 
120 122 123 121 120 123 122 124 125 
123 122 125 124 126 127 125 124 127 
126 128 129 127 126 129 128 130 131 
129 128 131 130 132 133 131 130 133 
132 134 135 133 132 135 134 136 137 
135 134 137 136 138 139 137 136 139 
138 140 141 139 138 141 140 142 143 
141 140 143 142 144 145 143 142 145 
144 146 147 145 144 147 146 148 149 
147 146 149 148 150 151 149 148 151 
150 152 153 151 150 153 152 154 155 
153 152 155 154 156 157 155 154 157 
156 158 159 157 156 159 158 160 161 
159 158 161 160 162 163 161 160 163 
162 164 165 163 162 165 164 166 167 
165 164 167 166 168 169 167 166 169 
168 170 171 169 168 171 170 172 173 
171 170 173 172 174 175 173 172 175 
174 176 177 175 174 177 176 178 179 
177 176 179 61 60 180 180 60 181 
64 61 182 182 61 180 66 64 183 
183 64 182 68 66 184 184 66 183 
70 68 185 185 68 184 72 70 186 
186 70 185 74 72 187 187 72 186 
76 74 188 188 74 187 78 76 189 
189 76 188 80 78 190 190 78 189 
82 80 191 191 80 190 84 82 192 
192 82 191 86 84 193 193 84 192 
88 86 194 194 86 193 90 88 195 
195 88 194 92 90 196 196 90 195 
94 92 197 197 92 196 96 94 198 
198 94 197 98 96 199 199 96 198 
100 98 200 200 98 199 102 100 201 
201 100 200 104 102 202 202 102 201 
106 104 203 203 104 202 108 106 204 
204 106 203 110 108 205 205 108 204 
112 110 206 206 110 205 114 112 207 
207 112 206 116 114 208 208 114 207 
118 116 209 209 116 208 120 118 210 
210 118 209 122 120 211 211 120 210 
124 122 212 212 122 211 126 124 213 
213 124 212 128 126 214 214 126 213 
130 128 215 215 128 214 132 130 216 
216 130 215 134 132 217 217 132 216 
136 134 218 218 134 217 138 136 219 
219 136 218 140 138 220 220 138 219 
142 140 221 221 140 220 144 142 222 
222 142 221 146 144 223 223 144 222 
148 146 224 224 146 223 150 148 225 
225 148 224 152 150 226 226 150 225 
154 152 227 227 152 226 156 154 228 
228 154 227 158 156 229 229 156 228 
160 158 230 230 158 229 162 160 231 
231 160 230 164 162 232 232 162 231 
166 164 233 233 164 232 168 166 234 
234 166 233 170 168 235 235 168 234 
172 170 236 236 170 235 174 172 237 
237 172 236 176 174 238 238 174 237 
178 176 239 239 176 238 180 181 240 
240 181 241 182 180 242 242 180 240 
183 182 243 243 182 242 184 183 244 
244 183 243 185 184 245 245 184 244 
186 185 246 246 185 245 187 186 247 
247 186 246 188 187 248 248 187 247 
189 188 249 249 188 248 190 189 250 
250 189 249 191 190 251 251 190 250 
192 191 252 252 191 251 193 192 253 
253 192 252 194 193 254 254 193 253 
195 194 255 255 194 254 196 195 256 
256 195 255 197 196 257 257 196 256 
198 197 258 258 197 257 199 198 259 
259 198 258 200 199 260 260 199 259 
201 200 261 261 200 260 202 201 262 
262 201 261 203 202 263 263 202 262 
204 203 264 264 203 263 205 204 265 
265 204 264 206 205 266 266 205 265 
207 206 267 267 206 266 208 207 268 
268 207 267 209 208 269 269 208 268 
210 209 270 270 209 269 211 210 271 
271 210 270 212 211 272 272 211 271 
213 212 273 273 212 272 214 213 274 
274 213 273 215 214 275 275 214 274 
216 215 276 276 215 275 217 216 277 
277 216 276 218 217 278 278 217 277 
219 218 279 279 218 278 220 219 280 
280 219 279 221 220 281 281 220 280 
222 221 282 282 221 281 223 222 283 
283 222 282 224 223 284 284 223 283 
225 224 285 285 224 284 226 225 286 
286 225 285 227 226 287 287 226 286 
228 227 288 288 227 287 229 228 289 
289 228 288 230 229 290 290 229 289 
231 230 291 291 230 290 232 231 292 
292 231 291 233 232 293 293 232 292 
234 233 294 294 233 293 235 234 295 
295 234 294 236 235 296 296 235 295 
237 236 297 297 236 296 238 237 298 
298 237 297 239 238 299 299 238 298 
240 241 300 300 241 301 242 240 302 
302 240 300 243 242 303 303 242 302 
244 243 304 304 243 303 245 244 305 
305 244 304 246 245 306 306 245 305 
247 246 307 307 246 306 248 247 308 
308 247 307 249 248 309 309 248 308 
250 249 310 310 249 309 251 250 311 
311 250 310 252 251 312 312 251 311 
253 252 313 313 252 312 254 253 314 
314 253 313 255 254 315 315 254 314 
256 255 316 316 255 315 257 256 317 
317 256 316 258 257 318 318 257 317 
259 258 319 319 258 318 260 259 320 
320 259 319 261 260 321 321 260 320 
262 261 322 322 261 321 263 262 323 
323 262 322 264 263 324 324 263 323 
265 264 325 325 264 324 266 265 326 
326 265 325 267 266 327 327 266 326 
268 267 328 328 267 327 269 268 329 
329 268 328 270 269 330 330 269 329 
271 270 331 331 270 330 272 271 332 
332 271 331 273 272 333 333 272 332 
274 273 334 334 273 333 275 274 335 
335 274 334 276 275 336 336 275 335 
277 276 337 337 276 336 278 277 338 
338 277 337 279 278 339 339 278 338 
280 279 340 340 279 339 281 280 341 
341 280 340 282 281 342 342 281 341 
283 282 343 343 282 342 284 283 344 
344 283 343 285 284 345 345 284 344 
286 285 346 346 285 345 287 286 347 
347 286 346 288 287 348 348 287 347 
289 288 349 349 288 348 290 289 350 
350 289 349 291 290 351 351 290 350 
292 291 352 352 291 351 293 292 353 
353 292 352 294 293 354 354 293 353 
295 294 355 355 294 354 296 295 356 
356 295 355 297 296 357 357 296 356 
298 297 358 358 297 357 299 298 359 
359 298 358 300 301 360 360 301 361 
302 300 362 362 300 360 303 302 363 
363 302 362 304 303 364 364 303 363 
305 304 365 365 304 364 306 305 366 
366 305 365 307 306 367 367 306 366 
308 307 368 368 307 367 309 308 369 
369 308 368 310 309 370 370 309 369 
311 310 371 371 310 370 312 311 372 
372 311 371 313 312 373 373 312 372 
314 313 374 374 313 373 315 314 375 
375 314 374 316 315 376 376 315 375 
317 316 377 377 316 376 318 317 378 
378 317 377 319 318 379 379 318 378 
320 319 380 380 319 379 321 320 381 
381 320 380 322 321 382 382 321 381 
323 322 383 383 322 382 324 323 384 
384 323 383 325 324 385 385 324 384 
326 325 386 386 325 385 327 326 387 
387 326 386 328 327 388 388 327 387 
329 328 389 389 328 388 330 329 390 
390 329 389 331 330 391 391 330 390 
332 331 392 392 331 391 333 332 393 
393 332 392 334 333 394 394 333 393 
335 334 395 395 334 394 336 335 396 
396 335 395 337 336 397 397 336 396 
338 337 398 398 337 397 339 338 399 
399 338 398 340 339 400 400 339 399 
341 340 401 401 340 400 342 341 402 
402 341 401 343 342 403 403 342 402 
344 343 404 404 343 403 345 344 405 
405 344 404 346 345 406 406 345 405 
347 346 407 407 346 406 348 347 408 
408 347 407 349 348 409 409 348 408 
350 349 410 410 349 409 351 350 411 
411 350 410 352 351 412 412 351 411 
353 352 413 413 352 412 354 353 414 
414 353 413 355 354 415 415 354 414 
356 355 416 416 355 415 357 356 417 
417 356 416 358 357 418 418 357 417 
359 358 419 419 358 418 1 361 0 
360 361 1 2 360 1 362 360 2 
3 362 2 363 362 3 4 363 3 
364 363 4 5 364 4 365 364 5 
6 365 5 366 365 6 7 366 6 
367 366 7 8 367 7 368 367 8 
9 368 8 369 368 9 10 369 9 
370 369 10 11 370 10 371 370 11 
12 371 11 372 371 12 13 372 12 
373 372 13 14 373 13 374 373 14 
15 374 14 375 374 15 16 375 15 
376 375 16 17 376 16 377 376 17 
18 377 17 378 377 18 19 378 18 
379 378 19 20 379 19 380 379 20 
21 380 20 381 380 21 22 381 21 
382 381 22 23 382 22 383 382 23 
24 383 23 384 383 24 25 384 24 
385 384 25 26 385 25 386 385 26 
27 386 26 387 386 27 28 387 27 
388 387 28 29 388 28 389 388 29 
30 389 29 390 389 30 31 390 30 
391 390 31 32 391 31 392 391 32 
33 392 32 393 392 33 34 393 33 
394 393 34 35 394 34 395 394 35 
36 395 35 396 395 36 37 396 36 
397 396 37 38 397 37 398 397 38 
39 398 38 399 398 39 40 399 39 
400 399 40 41 400 40 401 400 41 
42 401 41 402 401 42 43 402 42 
403 402 43 44 403 43 404 403 44 
45 404 44 405 404 45 46 405 45 
406 405 46 47 406 46 407 406 47 
48 407 47 408 407 48 49 408 48 
409 408 49 50 409 49 410 409 50 
51 410 50 411 410 51 52 411 51 
412 411 52 53 412 52 413 412 53 
54 413 53 414 413 54 55 414 54 
415 414 55 56 415 55 416 415 56 
57 416 56 417 416 57 58 417 57 
418 417 58 59 418 58 419 418 59 
0 420 1 421 420 0 1 422 2 
420 422 1 2 423 3 422 423 2 
3 424 4 423 424 3 4 425 5 
424 425 4 5 426 6 425 426 5 
6 427 7 426 427 6 7 428 8 
427 428 7 8 429 9 428 429 8 
9 430 10 429 430 9 10 431 11 
430 431 10 11 432 12 431 432 11 
12 433 13 432 433 12 13 434 14 
433 434 13 14 435 15 434 435 14 
15 436 16 435 436 15 16 437 17 
436 437 16 17 438 18 437 438 17 
18 439 19 438 439 18 19 440 20 
439 440 19 20 441 21 440 441 20 
21 442 22 441 442 21 22 443 23 
442 443 22 23 444 24 443 444 23 
24 445 25 444 445 24 25 446 26 
445 446 25 26 447 27 446 447 26 
27 448 28 447 448 27 28 449 29 
448 449 28 29 450 30 449 450 29 
30 451 31 450 451 30 31 452 32 
451 452 31 32 453 33 452 453 32 
33 454 34 453 454 33 34 455 35 
454 455 34 35 456 36 455 456 35 
36 457 37 456 457 36 37 458 38 
457 458 37 38 459 39 458 459 38 
39 460 40 459 460 39 40 461 41 
460 461 40 41 462 42 461 462 41 
42 463 43 462 463 42 43 464 44 
463 464 43 44 465 45 464 465 44 
45 466 46 465 466 45 46 467 47 
466 467 46 47 468 48 467 468 47 
48 469 49 468 469 48 49 470 50 
469 470 49 50 471 51 470 471 50 
51 472 52 471 472 51 52 473 53 
472 473 52 53 474 54 473 474 53 
54 475 55 474 475 54 55 476 56 
475 476 55 56 477 57 476 477 56 
57 478 58 477 478 57 58 479 59 
478 479 58 420 421 480 480 421 481 
422 420 482 482 420 480 423 422 483 
483 422 482 424 423 484 484 423 483 
425 424 485 485 424 484 426 425 486 
486 425 485 427 426 487 487 426 486 
428 427 488 488 427 487 429 428 489 
489 428 488 430 429 490 490 429 489 
431 430 491 491 430 490 432 431 492 
492 431 491 433 432 493 493 432 492 
434 433 494 494 433 493 435 434 495 
495 434 494 436 435 496 496 435 495 
437 436 497 497 436 496 438 437 498 
498 437 497 439 438 499 499 438 498 
440 439 500 500 439 499 441 440 501 
501 440 500 442 441 502 502 441 501 
443 442 503 503 442 502 444 443 504 
504 443 503 445 444 505 505 444 504 
446 445 506 506 445 505 447 446 507 
507 446 506 448 447 508 508 447 507 
449 448 509 509 448 508 450 449 510 
510 449 509 451 450 511 511 450 510 
452 451 512 512 451 511 453 452 513 
513 452 512 454 453 514 514 453 513 
455 454 515 515 454 514 456 455 516 
516 455 515 457 456 517 517 456 516 
458 457 518 518 457 517 459 458 519 
519 458 518 460 459 520 520 459 519 
461 460 521 521 460 520 462 461 522 
522 461 521 463 462 523 523 462 522 
464 463 524 524 463 523 465 464 525 
525 464 524 466 465 526 526 465 525 
467 466 527 527 466 526 468 467 528 
528 467 527 469 468 529 529 468 528 
470 469 530 530 469 529 471 470 531 
531 470 530 472 471 532 532 471 531 
473 472 533 533 472 532 474 473 534 
534 473 533 475 474 535 535 474 534 
476 475 536 536 475 535 477 476 537 
537 476 536 478 477 538 538 477 537 
479 478 539 539 478 538 480 481 540 
540 481 541 482 480 542 542 480 540 
483 482 543 543 482 542 484 483 544 
544 483 543 485 484 545 545 484 544 
486 485 546 546 485 545 487 486 547 
547 486 546 488 487 548 548 487 547 
489 488 549 549 488 548 490 489 550 
550 489 549 491 490 551 551 490 550 
492 491 552 552 491 551 493 492 553 
553 492 552 494 493 554 554 493 553 
495 494 555 555 494 554 496 495 556 
556 495 555 497 496 557 557 496 556 
498 497 558 558 497 557 499 498 559 
559 498 558 500 499 560 560 499 559 
501 500 561 561 500 560 502 501 562 
562 501 561 503 502 563 563 502 562 
504 503 564 564 503 563 505 504 565 
565 504 564 506 505 566 566 505 565 
507 506 567 567 506 566 508 507 568 
568 507 567 509 508 569 569 508 568 
510 509 570 570 509 569 511 510 571 
571 510 570 512 511 572 572 511 571 
513 512 573 573 512 572 514 513 574 
574 513 573 515 514 575 575 514 574 
516 515 576 576 515 575 517 516 577 
577 516 576 518 517 578 578 517 577 
519 518 579 579 518 578 520 519 580 
580 519 579 521 520 581 581 520 580 
522 521 582 582 521 581 523 522 583 
583 522 582 524 523 584 584 523 583 
525 524 585 585 524 584 526 525 586 
586 525 585 527 526 587 587 526 586 
528 527 588 588 527 587 529 528 589 
589 528 588 530 529 590 590 529 589 
531 530 591 591 530 590 532 531 592 
592 531 591 533 532 593 593 532 592 
534 533 594 594 533 593 535 534 595 
595 534 594 536 535 596 596 535 595 
537 536 597 597 536 596 538 537 598 
598 537 597 539 538 599 599 538 598 
540 541 600 600 541 601 542 540 602 
602 540 600 543 542 603 603 542 602 
544 543 604 604 543 603 545 544 605 
605 544 604 546 545 606 606 545 605 
547 546 607 607 546 606 548 547 608 
608 547 607 549 548 609 609 548 608 
550 549 610 610 549 609 551 550 611 
611 550 610 552 551 612 612 551 611 
553 552 613 613 552 612 554 553 614 
614 553 613 555 554 615 615 554 614 
556 555 616 616 555 615 557 556 617 
617 556 616 558 557 618 618 557 617 
559 558 619 619 558 618 560 559 620 
620 559 619 561 560 621 621 560 620 
562 561 622 622 561 621 563 562 623 
623 562 622 564 563 624 624 563 623 
565 564 625 625 564 624 566 565 626 
626 565 625 567 566 627 627 566 626 
568 567 628 628 567 627 569 568 629 
629 568 628 570 569 630 630 569 629 
571 570 631 631 570 630 572 571 632 
632 571 631 573 572 633 633 572 632 
574 573 634 634 573 633 575 574 635 
635 574 634 576 575 636 636 575 635 
577 576 637 637 576 636 578 577 638 
638 577 637 579 578 639 639 578 638 
580 579 640 640 579 639 581 580 641 
641 580 640 582 581 642 642 581 641 
583 582 643 643 582 642 584 583 644 
644 583 643 585 584 645 645 584 644 
586 585 646 646 585 645 587 586 647 
647 586 646 588 587 648 648 587 647 
589 588 649 649 588 648 590 589 650 
650 589 649 591 590 651 651 590 650 
592 591 652 652 591 651 593 592 653 
653 592 652 594 593 654 654 593 653 
595 594 655 655 594 654 596 595 656 
656 595 655 597 596 657 657 596 656 
598 597 658 658 597 657 599 598 659 
659 598 658 600 601 660 660 601 661 
602 600 662 662 600 660 603 602 663 
663 602 662 604 603 664 664 603 663 
605 604 665 665 604 664 606 605 666 
666 605 665 607 606 667 667 606 666 
608 607 668 668 607 667 609 608 669 
669 608 668 610 609 670 670 609 669 
611 610 671 671 610 670 612 611 672 
672 611 671 613 612 673 673 612 672 
614 613 674 674 613 673 615 614 675 
675 614 674 616 615 676 676 615 675 
617 616 677 677 616 676 618 617 678 
678 617 677 619 618 679 679 618 678 
620 619 680 680 619 679 621 620 681 
681 620 680 622 621 682 682 621 681 
623 622 683 683 622 682 624 623 684 
684 623 683 625 624 685 685 624 684 
626 625 686 686 625 685 627 626 687 
687 626 686 628 627 688 688 627 687 
629 628 689 689 628 688 630 629 690 
690 629 689 631 630 691 691 630 690 
632 631 692 692 631 691 633 632 693 
693 632 692 634 633 694 694 633 693 
635 634 695 695 634 694 636 635 696 
696 635 695 637 636 697 697 636 696 
638 637 698 698 637 697 639 638 699 
699 638 698 640 639 700 700 639 699 
641 640 701 701 640 700 642 641 702 
702 641 701 643 642 703 703 642 702 
644 643 704 704 643 703 645 644 705 
705 644 704 646 645 706 706 645 705 
647 646 707 707 646 706 648 647 708 
708 647 707 649 648 709 709 648 708 
650 649 710 710 649 709 651 650 711 
711 650 710 652 651 712 712 651 711 
653 652 713 713 652 712 654 653 714 
714 653 713 655 654 715 715 654 714 
656 655 716 716 655 715 657 656 717 
717 656 716 658 657 718 718 657 717 
659 658 719 719 658 718 660 661 720 
721 660 720 662 660 721 722 662 721 
663 662 722 723 663 722 664 663 723 
724 664 723 665 664 724 725 665 724 
666 665 725 726 666 725 667 666 726 
727 667 726 668 667 727 728 668 727 
669 668 728 729 669 728 670 669 729 
730 670 729 671 670 730 731 671 730 
672 671 731 732 672 731 673 672 732 
733 673 732 674 673 733 734 674 733 
675 674 734 735 675 734 676 675 735 
736 676 735 677 676 736 737 677 736 
678 677 737 738 678 737 679 678 738 
739 679 738 680 679 739 740 680 739 
681 680 740 741 681 740 682 681 741 
742 682 741 683 682 742 743 683 742 
684 683 743 744 684 743 685 684 744 
745 685 744 686 685 745 746 686 745 
687 686 746 747 687 746 688 687 747 
748 688 747 689 688 748 749 689 748 
690 689 749 750 690 749 691 690 750 
751 691 750 692 691 751 752 692 751 
693 692 752 753 693 752 694 693 753 
754 694 753 695 694 754 755 695 754 
696 695 755 756 696 755 697 696 756 
757 697 756 698 697 757 758 698 757 
699 698 758 759 699 758 700 699 759 
760 700 759 701 700 760 761 701 760 
702 701 761 762 702 761 703 702 762 
763 703 762 704 703 763 764 704 763 
705 704 764 765 705 764 706 705 765 
766 706 765 707 706 766 767 707 766 
708 707 767 768 708 767 709 708 768 
769 709 768 710 709 769 770 710 769 
711 710 770 771 711 770 712 711 771 
772 712 771 713 712 772 773 713 772 
714 713 773 774 714 773 715 714 774 
775 715 774 716 715 775 776 716 775 
717 716 776 777 717 776 718 717 777 
778 718 777 719 718 778 779 719 778 
780 781 782 783 780 782 781 784 785 
782 781 785 784 786 787 785 784 787 
786 788 789 787 786 789 788 790 791 
789 788 791 790 792 793 791 790 793 
792 794 795 793 792 795 794 796 797 
795 794 797 796 798 799 797 796 799 
798 800 801 799 798 801 800 802 803 
801 800 803 802 804 805 803 802 805 
804 806 807 805 804 807 806 808 809 
807 806 809 808 810 811 809 808 811 
810 812 813 811 810 813 812 814 815 
813 812 815 814 816 817 815 814 817 
816 818 819 817 816 819 818 820 821 
819 818 821 820 822 823 821 820 823 
822 824 825 823 822 825 824 826 827 
825 824 827 826 828 829 827 826 829 
828 830 831 829 828 831 830 832 833 
831 830 833 832 834 835 833 832 835 
834 836 837 835 834 837 836 838 839 
837 836 839 838 840 841 839 838 841 
840 842 843 841 840 843 842 844 845 
843 842 845 844 846 847 845 844 847 
846 848 849 847 846 849 848 850 851 
849 848 851 850 852 853 851 850 853 
852 854 855 853 852 855 854 856 857 
855 854 857 856 858 859 857 856 859 
858 860 861 859 858 861 860 862 863 
861 860 863 862 864 865 863 862 865 
864 866 867 865 864 867 866 868 869 
867 866 869 868 870 871 869 868 871 
870 872 873 871 870 873 872 874 875 
873 872 875 874 876 877 875 874 877 
876 878 879 877 876 879 878 880 881 
879 878 881 880 882 883 881 880 883 
882 884 885 883 882 885 884 886 887 
885 884 887 886 888 889 887 886 889 
888 890 891 889 888 891 890 892 893 
891 890 893 892 894 895 893 892 895 
894 896 897 895 894 897 896 898 899 
897 896 899 781 780 900 900 780 901 
784 781 902 902 781 900 786 784 903 
903 784 902 788 786 904 904 786 903 
790 788 905 905 788 904 792 790 906 
906 790 905 794 792 907 907 792 906 
796 794 908 908 794 907 798 796 909 
909 796 908 800 798 910 910 798 909 
802 800 911 911 800 910 804 802 912 
912 802 911 806 804 913 913 804 912 
808 806 914 914 806 913 810 808 915 
915 808 914 812 810 916 916 810 915 
814 812 917 917 812 916 816 814 918 
918 814 917 818 816 919 919 816 918 
820 818 920 920 818 919 822 820 921 
921 820 920 824 822 922 922 822 921 
826 824 923 923 824 922 828 826 924 
924 826 923 830 828 925 925 828 924 
832 830 926 926 830 925 834 832 927 
927 832 926 836 834 928 928 834 927 
838 836 929 929 836 928 840 838 930 
930 838 929 842 840 931 931 840 930 
844 842 932 932 842 931 846 844 933 
933 844 932 848 846 934 934 846 933 
850 848 935 935 848 934 852 850 936 
936 850 935 854 852 937 937 852 936 
856 854 938 938 854 937 858 856 939 
939 856 938 860 858 940 940 858 939 
862 860 941 941 860 940 864 862 942 
942 862 941 866 864 943 943 864 942 
868 866 944 944 866 943 870 868 945 
945 868 944 872 870 946 946 870 945 
874 872 947 947 872 946 876 874 948 
948 874 947 878 876 949 949 876 948 
880 878 950 950 878 949 882 880 951 
951 880 950 884 882 952 952 882 951 
886 884 953 953 884 952 888 886 954 
954 886 953 890 888 955 955 888 954 
892 890 956 956 890 955 894 892 957 
957 892 956 896 894 958 958 894 957 
898 896 959 959 896 958 62 901 63 
900 901 62 65 900 62 902 900 65 
67 902 65 903 902 67 69 903 67 
904 903 69 71 904 69 905 904 71 
73 905 71 906 905 73 75 906 73 
907 906 75 77 907 75 908 907 77 
79 908 77 909 908 79 81 909 79 
910 909 81 83 910 81 911 910 83 
85 911 83 912 911 85 87 912 85 
913 912 87 89 913 87 914 913 89 
91 914 89 915 914 91 93 915 91 
916 915 93 95 916 93 917 916 95 
97 917 95 918 917 97 99 918 97 
919 918 99 101 919 99 920 919 101 
103 920 101 921 920 103 105 921 103 
922 921 105 107 922 105 923 922 107 
109 923 107 924 923 109 111 924 109 
925 924 111 113 925 111 926 925 113 
115 926 113 927 926 115 117 927 115 
928 927 117 119 928 117 929 928 119 
121 929 119 930 929 121 123 930 121 
931 930 123 125 931 123 932 931 125 
127 932 125 933 932 127 129 933 127 
934 933 129 131 934 129 935 934 131 
133 935 131 936 935 133 135 936 133 
937 936 135 137 937 135 938 937 137 
139 938 137 939 938 139 141 939 139 
940 939 141 143 940 141 941 940 143 
145 941 143 942 941 145 147 942 145 
943 942 147 149 943 147 944 943 149 
151 944 149 945 944 151 153 945 151 
946 945 153 155 946 153 947 946 155 
157 947 155 948 947 157 159 948 157 
949 948 159 161 949 159 950 949 161 
163 950 161 951 950 163 165 951 163 
952 951 165 167 952 165 953 952 167 
169 953 167 954 953 169 171 954 169 
955 954 171 173 955 171 956 955 173 
175 956 173 957 956 175 177 957 175 
958 957 177 179 958 177 959 958 179 
720 960 721 961 960 720 721 962 722 
960 962 721 722 963 723 962 963 722 
723 964 724 963 964 723 724 965 725 
964 965 724 725 966 726 965 966 725 
726 967 727 966 967 726 727 968 728 
967 968 727 728 969 729 968 969 728 
729 970 730 969 970 729 730 971 731 
970 971 730 731 972 732 971 972 731 
732 973 733 972 973 732 733 974 734 
973 974 733 734 975 735 974 975 734 
735 976 736 975 976 735 736 977 737 
976 977 736 737 978 738 977 978 737 
738 979 739 978 979 738 739 980 740 
979 980 739 740 981 741 980 981 740 
741 982 742 981 982 741 742 983 743 
982 983 742 743 984 744 983 984 743 
744 985 745 984 985 744 745 986 746 
985 986 745 746 987 747 986 987 746 
747 988 748 987 988 747 748 989 749 
988 989 748 749 990 750 989 990 749 
750 991 751 990 991 750 751 992 752 
991 992 751 752 993 753 992 993 752 
753 994 754 993 994 753 754 995 755 
994 995 754 755 996 756 995 996 755 
756 997 757 996 997 756 757 998 758 
997 998 757 758 999 759 998 999 758 
759 1000 760 999 1000 759 760 1001 761 
1000 1001 760 761 1002 762 1001 1002 761 
762 1003 763 1002 1003 762 763 1004 764 
1003 1004 763 764 1005 765 1004 1005 764 
765 1006 766 1005 1006 765 766 1007 767 
1006 1007 766 767 1008 768 1007 1008 767 
768 1009 769 1008 1009 768 769 1010 770 
1009 1010 769 770 1011 771 1010 1011 770 
771 1012 772 1011 1012 771 772 1013 773 
1012 1013 772 773 1014 774 1013 1014 773 
774 1015 775 1014 1015 774 775 1016 776 
1015 1016 775 776 1017 777 1016 1017 776 
777 1018 778 1017 1018 777 778 1019 779 
1018 1019 778 960 961 1020 1020 961 1021 
962 960 1022 1022 960 1020 963 962 1023 
1023 962 1022 964 963 1024 1024 963 1023 
965 964 1025 1025 964 1024 966 965 1026 
1026 965 1025 967 966 1027 1027 966 1026 
968 967 1028 1028 967 1027 969 968 1029 
1029 968 1028 970 969 1030 1030 969 1029 
971 970 1031 1031 970 1030 972 971 1032 
1032 971 1031 973 972 1033 1033 972 1032 
974 973 1034 1034 973 1033 975 974 1035 
1035 974 1034 976 975 1036 1036 975 1035 
977 976 1037 1037 976 1036 978 977 1038 
1038 977 1037 979 978 1039 1039 978 1038 
980 979 1040 1040 979 1039 981 980 1041 
1041 980 1040 982 981 1042 1042 981 1041 
983 982 1043 1043 982 1042 984 983 1044 
1044 983 1043 985 984 1045 1045 984 1044 
986 985 1046 1046 985 1045 987 986 1047 
1047 986 1046 988 987 1048 1048 987 1047 
989 988 1049 1049 988 1048 990 989 1050 
1050 989 1049 991 990 1051 1051 990 1050 
992 991 1052 1052 991 1051 993 992 1053 
1053 992 1052 994 993 1054 1054 993 1053 
995 994 1055 1055 994 1054 996 995 1056 
1056 995 1055 997 996 1057 1057 996 1056 
998 997 1058 1058 997 1057 999 998 1059 
1059 998 1058 1000 999 1060 1060 999 1059 
1001 1000 1061 1061 1000 1060 1002 1001 1062 
1062 1001 1061 1003 1002 1063 1063 1002 1062 
1004 1003 1064 1064 1003 1063 1005 1004 1065 
1065 1004 1064 1006 1005 1066 1066 1005 1065 
1007 1006 1067 1067 1006 1066 1008 1007 1068 
1068 1007 1067 1009 1008 1069 1069 1008 1068 
1010 1009 1070 1070 1009 1069 1011 1010 1071 
1071 1010 1070 1012 1011 1072 1072 1011 1071 
1013 1012 1073 1073 1012 1072 1014 1013 1074 
1074 1013 1073 1015 1014 1075 1075 1014 1074 
1016 1015 1076 1076 1015 1075 1017 1016 1077 
1077 1016 1076 1018 1017 1078 1078 1017 1077 
1019 1018 1079 1079 1018 1078 1020 1021 1080 
1081 1020 1080 1022 1020 1081 1082 1022 1081 
1023 1022 1082 1083 1023 1082 1024 1023 1083 
1084 1024 1083 1025 1024 1084 1085 1025 1084 
1026 1025 1085 1086 1026 1085 1027 1026 1086 
1087 1027 1086 1028 1027 1087 1088 1028 1087 
1029 1028 1088 1089 1029 1088 1030 1029 1089 
1090 1030 1089 1031 1030 1090 1091 1031 1090 
1032 1031 1091 1092 1032 1091 1033 1032 1092 
1093 1033 1092 1034 1033 1093 1094 1034 1093 
1035 1034 1094 1095 1035 1094 1036 1035 1095 
1096 1036 1095 1037 1036 1096 1097 1037 1096 
1038 1037 1097 1098 1038 1097 1039 1038 1098 
1099 1039 1098 1040 1039 1099 1100 1040 1099 
1041 1040 1100 1101 1041 1100 1042 1041 1101 
1102 1042 1101 1043 1042 1102 1103 1043 1102 
1044 1043 1103 1104 1044 1103 1045 1044 1104 
1105 1045 1104 1046 1045 1105 1106 1046 1105 
1047 1046 1106 1107 1047 1106 1048 1047 1107 
1108 1048 1107 1049 1048 1108 1109 1049 1108 
1050 1049 1109 1110 1050 1109 1051 1050 1110 
1111 1051 1110 1052 1051 1111 1112 1052 1111 
1053 1052 1112 1113 1053 1112 1054 1053 1113 
1114 1054 1113 1055 1054 1114 1115 1055 1114 
1056 1055 1115 1116 1056 1115 1057 1056 1116 
1117 1057 1116 1058 1057 1117 1118 1058 1117 
1059 1058 1118 1119 1059 1118 1060 1059 1119 
1120 1060 1119 1061 1060 1120 1121 1061 1120 
1062 1061 1121 1122 1062 1121 1063 1062 1122 
1123 1063 1122 1064 1063 1123 1124 1064 1123 
1065 1064 1124 1125 1065 1124 1066 1065 1125 
1126 1066 1125 1067 1066 1126 1127 1067 1126 
1068 1067 1127 1128 1068 1127 1069 1068 1128 
1129 1069 1128 1070 1069 1129 1130 1070 1129 
1071 1070 1130 1131 1071 1130 1072 1071 1131 
1132 1072 1131 1073 1072 1132 1133 1073 1132 
1074 1073 1133 1134 1074 1133 1075 1074 1134 
1135 1075 1134 1076 1075 1135 1136 1076 1135 
1077 1076 1136 1137 1077 1136 1078 1077 1137 
1138 1078 1137 1079 1078 1138 1139 1079 1138 
1141 1140 1200 1200 1140 1201 1142 1141 1202 
1202 1141 1200 1143 1142 1203 1203 1142 1202 
1144 1143 1204 1204 1143 1203 1145 1144 1205 
1205 1144 1204 1146 1145 1206 1206 1145 1205 
1147 1146 1207 1207 1146 1206 1148 1147 1208 
1208 1147 1207 1149 1148 1209 1209 1148 1208 
1150 1149 1210 1210 1149 1209 1151 1150 1211 
1211 1150 1210 1152 1151 1212 1212 1151 1211 
1153 1152 1213 1213 1152 1212 1154 1153 1214 
1214 1153 1213 1155 1154 1215 1215 1154 1214 
1156 1155 1216 1216 1155 1215 1157 1156 1217 
1217 1156 1216 1158 1157 1218 1218 1157 1217 
1159 1158 1219 1219 1158 1218 1160 1159 1220 
1220 1159 1219 1161 1160 1221 1221 1160 1220 
1162 1161 1222 1222 1161 1221 1163 1162 1223 
1223 1162 1222 1164 1163 1224 1224 1163 1223 
1165 1164 1225 1225 1164 1224 1166 1165 1226 
1226 1165 1225 1167 1166 1227 1227 1166 1226 
1168 1167 1228 1228 1167 1227 1169 1168 1229 
1229 1168 1228 1170 1169 1230 1230 1169 1229 
1171 1170 1231 1231 1170 1230 1172 1171 1232 
1232 1171 1231 1173 1172 1233 1233 1172 1232 
1174 1173 1234 1234 1173 1233 1175 1174 1235 
1235 1174 1234 1176 1175 1236 1236 1175 1235 
1177 1176 1237 1237 1176 1236 1178 1177 1238 
1238 1177 1237 1179 1178 1239 1239 1178 1238 
1180 1179 1240 1240 1179 1239 1181 1180 1241 
1241 1180 1240 1182 1181 1242 1242 1181 1241 
1183 1182 1243 1243 1182 1242 1184 1183 1244 
1244 1183 1243 1185 1184 1245 1245 1184 1244 
1186 1185 1246 1246 1185 1245 1187 1186 1247 
1247 1186 1246 1188 1187 1248 1248 1187 1247 
1189 1188 1249 1249 1188 1248 1190 1189 1250 
1250 1189 1249 1191 1190 1251 1251 1190 1250 
1192 1191 1252 1252 1191 1251 1193 1192 1253 
1253 1192 1252 1194 1193 1254 1254 1193 1253 
1195 1194 1255 1255 1194 1254 1196 1195 1256 
1256 1195 1255 1197 1196 1257 1257 1196 1256 
1198 1197 1258 1258 1197 1257 1199 1198 1259 
1259 1198 1258 782 1201 783 1200 1201 782 
785 1200 782 1202 1200 785 787 1202 785 
1203 1202 787 789 1203 787 1204 1203 789 
791 1204 789 1205 1204 791 793 1205 791 
1206 1205 793 795 1206 793 1207 1206 795 
797 1207 795 1208 1207 797 799 1208 797 
1209 1208 799 801 1209 799 1210 1209 801 
803 1210 801 1211 1210 803 805 1211 803 
1212 1211 805 807 1212 805 1213 1212 807 
809 1213 807 1214 1213 809 811 1214 809 
1215 1214 811 813 1215 811 1216 1215 813 
815 1216 813 1217 1216 815 817 1217 815 
1218 1217 817 819 1218 817 1219 1218 819 
821 1219 819 1220 1219 821 823 1220 821 
1221 1220 823 825 1221 823 1222 1221 825 
827 1222 825 1223 1222 827 829 1223 827 
1224 1223 829 831 1224 829 1225 1224 831 
833 1225 831 1226 1225 833 835 1226 833 
1227 1226 835 837 1227 835 1228 1227 837 
839 1228 837 1229 1228 839 841 1229 839 
1230 1229 841 843 1230 841 1231 1230 843 
845 1231 843 1232 1231 845 847 1232 845 
1233 1232 847 849 1233 847 1234 1233 849 
851 1234 849 1235 1234 851 853 1235 851 
1236 1235 853 855 1236 853 1237 1236 855 
857 1237 855 1238 1237 857 859 1238 857 
1239 1238 859 861 1239 859 1240 1239 861 
863 1240 861 1241 1240 863 865 1241 863 
1242 1241 865 867 1242 865 1243 1242 867 
869 1243 867 1244 1243 869 871 1244 869 
1245 1244 871 873 1245 871 1246 1245 873 
875 1246 873 1247 1246 875 877 1247 875 
1248 1247 877 879 1248 877 1249 1248 879 
881 1249 879 1250 1249 881 883 1250 881 
1251 1250 883 885 1251 883 1252 1251 885 
887 1252 885 1253 1252 887 889 1253 887 
1254 1253 889 891 1254 889 1255 1254 891 
893 1255 891 1256 1255 893 895 1256 893 
1257 1256 895 897 1257 895 1258 1257 897 
899 1258 897 1259 1258 899 1080 1260 1081 
1261 1260 1080 1081 1262 1082 1260 1262 1081 
1082 1263 1083 1262 1263 1082 1083 1264 1084 
1263 1264 1083 1084 1265 1085 1264 1265 1084 
1085 1266 1086 1265 1266 1085 1086 1267 1087 
1266 1267 1086 1087 1268 1088 1267 1268 1087 
1088 1269 1089 1268 1269 1088 1089 1270 1090 
1269 1270 1089 1090 1271 1091 1270 1271 1090 
1091 1272 1092 1271 1272 1091 1092 1273 1093 
1272 1273 1092 1093 1274 1094 1273 1274 1093 
1094 1275 1095 1274 1275 1094 1095 1276 1096 
1275 1276 1095 1096 1277 1097 1276 1277 1096 
1097 1278 1098 1277 1278 1097 1098 1279 1099 
1278 1279 1098 1099 1280 1100 1279 1280 1099 
1100 1281 1101 1280 1281 1100 1101 1282 1102 
1281 1282 1101 1102 1283 1103 1282 1283 1102 
1103 1284 1104 1283 1284 1103 1104 1285 1105 
1284 1285 1104 1105 1286 1106 1285 1286 1105 
1106 1287 1107 1286 1287 1106 1107 1288 1108 
1287 1288 1107 1108 1289 1109 1288 1289 1108 
1109 1290 1110 1289 1290 1109 1110 1291 1111 
1290 1291 1110 1111 1292 1112 1291 1292 1111 
1112 1293 1113 1292 1293 1112 1113 1294 1114 
1293 1294 1113 1114 1295 1115 1294 1295 1114 
1115 1296 1116 1295 1296 1115 1116 1297 1117 
1296 1297 1116 1117 1298 1118 1297 1298 1117 
1118 1299 1119 1298 1299 1118 1119 1300 1120 
1299 1300 1119 1120 1301 1121 1300 1301 1120 
1121 1302 1122 1301 1302 1121 1122 1303 1123 
1302 1303 1122 1123 1304 1124 1303 1304 1123 
1124 1305 1125 1304 1305 1124 1125 1306 1126 
1305 1306 1125 1126 1307 1127 1306 1307 1126 
1127 1308 1128 1307 1308 1127 1128 1309 1129 
1308 1309 1128 1129 1310 1130 1309 1310 1129 
1130 1311 1131 1310 1311 1130 1131 1312 1132 
1311 1312 1131 1132 1313 1133 1312 1313 1132 
1133 1314 1134 1313 1314 1133 1134 1315 1135 
1314 1315 1134 1135 1316 1136 1315 1316 1135 
1136 1317 1137 1316 1317 1136 1137 1318 1138 
1317 1318 1137 1138 1319 1139 1318 1319 1138 
1260 1261 1320 1320 1261 1321 1262 1260 1322 
1322 1260 1320 1263 1262 1323 1323 1262 1322 
1264 1263 1324 1324 1263 1323 1265 1264 1325 
1325 1264 1324 1266 1265 1326 1326 1265 1325 
1267 1266 1327 1327 1266 1326 1268 1267 1328 
1328 1267 1327 1269 1268 1329 1329 1268 1328 
1270 1269 1330 1330 1269 1329 1271 1270 1331 
1331 1270 1330 1272 1271 1332 1332 1271 1331 
1273 1272 1333 1333 1272 1332 1274 1273 1334 
1334 1273 1333 1275 1274 1335 1335 1274 1334 
1276 1275 1336 1336 1275 1335 1277 1276 1337 
1337 1276 1336 1278 1277 1338 1338 1277 1337 
1279 1278 1339 1339 1278 1338 1280 1279 1340 
1340 1279 1339 1281 1280 1341 1341 1280 1340 
1282 1281 1342 1342 1281 1341 1283 1282 1343 
1343 1282 1342 1284 1283 1344 1344 1283 1343 
1285 1284 1345 1345 1284 1344 1286 1285 1346 
1346 1285 1345 1287 1286 1347 1347 1286 1346 
1288 1287 1348 1348 1287 1347 1289 1288 1349 
1349 1288 1348 1290 1289 1350 1350 1289 1349 
1291 1290 1351 1351 1290 1350 1292 1291 1352 
1352 1291 1351 1293 1292 1353 1353 1292 1352 
1294 1293 1354 1354 1293 1353 1295 1294 1355 
1355 1294 1354 1296 1295 1356 1356 1295 1355 
1297 1296 1357 1357 1296 1356 1298 1297 1358 
1358 1297 1357 1299 1298 1359 1359 1298 1358 
1300 1299 1360 1360 1299 1359 1301 1300 1361 
1361 1300 1360 1302 1301 1362 1362 1301 1361 
1303 1302 1363 1363 1302 1362 1304 1303 1364 
1364 1303 1363 1305 1304 1365 1365 1304 1364 
1306 1305 1366 1366 1305 1365 1307 1306 1367 
1367 1306 1366 1308 1307 1368 1368 1307 1367 
1309 1308 1369 1369 1308 1368 1310 1309 1370 
1370 1309 1369 1311 1310 1371 1371 1310 1370 
1312 1311 1372 1372 1311 1371 1313 1312 1373 
1373 1312 1372 1314 1313 1374 1374 1313 1373 
1315 1314 1375 1375 1314 1374 1316 1315 1376 
1376 1315 1375 1317 1316 1377 1377 1316 1376 
1318 1317 1378 1378 1317 1377 1319 1318 1379 
1379 1318 1378 1380 1381 1382 1383 1380 1382 
1381 1384 1385 1382 1381 1385 1384 1386 1387 
1385 1384 1387 1386 1388 1389 1387 1386 1389 
1388 1390 1391 1389 1388 1391 1390 1392 1393 
1391 1390 1393 1392 1394 1395 1393 1392 1395 
1394 1396 1397 1395 1394 1397 1396 1398 1399 
1397 1396 1399 1398 1400 1401 1399 1398 1401 
1400 1402 1403 1401 1400 1403 1402 1404 1405 
1403 1402 1405 1404 1406 1407 1405 1404 1407 
1406 1408 1409 1407 1406 1409 1408 1410 1411 
1409 1408 1411 1410 1412 1413 1411 1410 1413 
1412 1414 1415 1413 1412 1415 1414 1416 1417 
1415 1414 1417 1416 1418 1419 1417 1416 1419 
1418 1420 1421 1419 1418 1421 1420 1422 1423 
1421 1420 1423 1422 1424 1425 1423 1422 1425 
1424 1426 1427 1425 1424 1427 1426 1428 1429 
1427 1426 1429 1428 1430 1431 1429 1428 1431 
1430 1432 1433 1431 1430 1433 1432 1434 1435 
1433 1432 1435 1434 1436 1437 1435 1434 1437 
1436 1438 1439 1437 1436 1439 1438 1440 1441 
1439 1438 1441 1440 1442 1443 1441 1440 1443 
1442 1444 1445 1443 1442 1445 1444 1446 1447 
1445 1444 1447 1446 1448 1449 1447 1446 1449 
1448 1450 1451 1449 1448 1451 1450 1452 1453 
1451 1450 1453 1452 1454 1455 1453 1452 1455 
1454 1456 1457 1455 1454 1457 1456 1458 1459 
1457 1456 1459 1458 1460 1461 1459 1458 1461 
1460 1462 1463 1461 1460 1463 1462 1464 1465 
1463 1462 1465 1464 1466 1467 1465 1464 1467 
1466 1468 1469 1467 1466 1469 1468 1470 1471 
1469 1468 1471 1470 1472 1473 1471 1470 1473 
1472 1474 1475 1473 1472 1475 1474 1476 1477 
1475 1474 1477 1476 1478 1479 1477 1476 1479 
1478 1480 1481 1479 1478 1481 1480 1482 1483 
1481 1480 1483 1482 1484 1485 1483 1482 1485 
1484 1486 1487 1485 1484 1487 1486 1488 1489 
1487 1486 1489 1488 1490 1491 1489 1488 1491 
1490 1492 1493 1491 1490 1493 1492 1494 1495 
1493 1492 1495 1494 1496 1497 1495 1494 1497 
1496 1498 1499 1497 1496 1499 1141 1380 1140 
1381 1380 1141 1142 1381 1141 1384 1381 1142 
1143 1384 1142 1386 1384 1143 1144 1386 1143 
1388 1386 1144 1145 1388 1144 1390 1388 1145 
1146 1390 1145 1392 1390 1146 1147 1392 1146 
1394 1392 1147 1148 1394 1147 1396 1394 1148 
1149 1396 1148 1398 1396 1149 1150 1398 1149 
1400 1398 1150 1151 1400 1150 1402 1400 1151 
1152 1402 1151 1404 1402 1152 1153 1404 1152 
1406 1404 1153 1154 1406 1153 1408 1406 1154 
1155 1408 1154 1410 1408 1155 1156 1410 1155 
1412 1410 1156 1157 1412 1156 1414 1412 1157 
1158 1414 1157 1416 1414 1158 1159 1416 1158 
1418 1416 1159 1160 1418 1159 1420 1418 1160 
1161 1420 1160 1422 1420 1161 1162 1422 1161 
1424 1422 1162 1163 1424 1162 1426 1424 1163 
1164 1426 1163 1428 1426 1164 1165 1428 1164 
1430 1428 1165 1166 1430 1165 1432 1430 1166 
1167 1432 1166 1434 1432 1167 1168 1434 1167 
1436 1434 1168 1169 1436 1168 1438 1436 1169 
1170 1438 1169 1440 1438 1170 1171 1440 1170 
1442 1440 1171 1172 1442 1171 1444 1442 1172 
1173 1444 1172 1446 1444 1173 1174 1446 1173 
1448 1446 1174 1175 1448 1174 1450 1448 1175 
1176 1450 1175 1452 1450 1176 1177 1452 1176 
1454 1452 1177 1178 1454 1177 1456 1454 1178 
1179 1456 1178 1458 1456 1179 1180 1458 1179 
1460 1458 1180 1181 1460 1180 1462 1460 1181 
1182 1462 1181 1464 1462 1182 1183 1464 1182 
1466 1464 1183 1184 1466 1183 1468 1466 1184 
1185 1468 1184 1470 1468 1185 1186 1470 1185 
1472 1470 1186 1187 1472 1186 1474 1472 1187 
1188 1474 1187 1476 1474 1188 1189 1476 1188 
1478 1476 1189 1190 1478 1189 1480 1478 1190 
1191 1480 1190 1482 1480 1191 1192 1482 1191 
1484 1482 1192 1193 1484 1192 1486 1484 1193 
1194 1486 1193 1488 1486 1194 1195 1488 1194 
1490 1488 1195 1196 1490 1195 1492 1490 1196 
1197 1492 1196 1494 1492 1197 1198 1494 1197 
1496 1494 1198 1199 1496 1198 1498 1496 1199 
1321 1500 1320 1501 1500 1321 1320 1502 1322 
1500 1502 1320 1322 1503 1323 1502 1503 1322 
1323 1504 1324 1503 1504 1323 1324 1505 1325 
1504 1505 1324 1325 1506 1326 1505 1506 1325 
1326 1507 1327 1506 1507 1326 1327 1508 1328 
1507 1508 1327 1328 1509 1329 1508 1509 1328 
1329 1510 1330 1509 1510 1329 1330 1511 1331 
1510 1511 1330 1331 1512 1332 1511 1512 1331 
1332 1513 1333 1512 1513 1332 1333 1514 1334 
1513 1514 1333 1334 1515 1335 1514 1515 1334 
1335 1516 1336 1515 1516 1335 1336 1517 1337 
1516 1517 1336 1337 1518 1338 1517 1518 1337 
1338 1519 1339 1518 1519 1338 1339 1520 1340 
1519 1520 1339 1340 1521 1341 1520 1521 1340 
1341 1522 1342 1521 1522 1341 1342 1523 1343 
1522 1523 1342 1343 1524 1344 1523 1524 1343 
1344 1525 1345 1524 1525 1344 1345 1526 1346 
1525 1526 1345 1346 1527 1347 1526 1527 1346 
1347 1528 1348 1527 1528 1347 1348 1529 1349 
1528 1529 1348 1349 1530 1350 1529 1530 1349 
1350 1531 1351 1530 1531 1350 1351 1532 1352 
1531 1532 1351 1352 1533 1353 1532 1533 1352 
1353 1534 1354 1533 1534 1353 1354 1535 1355 
1534 1535 1354 1355 1536 1356 1535 1536 1355 
1356 1537 1357 1536 1537 1356 1357 1538 1358 
1537 1538 1357 1358 1539 1359 1538 1539 1358 
1359 1540 1360 1539 1540 1359 1360 1541 1361 
1540 1541 1360 1361 1542 1362 1541 1542 1361 
1362 1543 1363 1542 1543 1362 1363 1544 1364 
1543 1544 1363 1364 1545 1365 1544 1545 1364 
1365 1546 1366 1545 1546 1365 1366 1547 1367 
1546 1547 1366 1367 1548 1368 1547 1548 1367 
1368 1549 1369 1548 1549 1368 1369 1550 1370 
1549 1550 1369 1370 1551 1371 1550 1551 1370 
1371 1552 1372 1551 1552 1371 1372 1553 1373 
1552 1553 1372 1373 1554 1374 1553 1554 1373 
1374 1555 1375 1554 1555 1374 1375 1556 1376 
1555 1556 1375 1376 1557 1377 1556 1557 1376 
1377 1558 1378 1557 1558 1377 1378 1559 1379 
1558 1559 1378 1500 1501 1560 1561 1500 1560 
1502 1500 1561 1562 1502 1561 1503 1502 1562 
1563 1503 1562 1504 1503 1563 1564 1504 1563 
1505 1504 1564 1565 1505 1564 1506 1505 1565 
1566 1506 1565 1507 1506 1566 1567 1507 1566 
1508 1507 1567 1568 1508 1567 1509 1508 1568 
1569 1509 1568 1510 1509 1569 1570 1510 1569 
1511 1510 1570 1571 1511 1570 1512 1511 1571 
1572 1512 1571 1513 1512 1572 1573 1513 1572 
1514 1513 1573 1574 1514 1573 1515 1514 1574 
1575 1515 1574 1516 1515 1575 1576 1516 1575 
1517 1516 1576 1577 1517 1576 1518 1517 1577 
1578 1518 1577 1519 1518 1578 1579 1519 1578 
1520 1519 1579 1580 1520 1579 1521 1520 1580 
1581 1521 1580 1522 1521 1581 1582 1522 1581 
1523 1522 1582 1583 1523 1582 1524 1523 1583 
1584 1524 1583 1525 1524 1584 1585 1525 1584 
1526 1525 1585 1586 1526 1585 1527 1526 1586 
1587 1527 1586 1528 1527 1587 1588 1528 1587 
1529 1528 1588 1589 1529 1588 1530 1529 1589 
1590 1530 1589 1531 1530 1590 1591 1531 1590 
1532 1531 1591 1592 1532 1591 1533 1532 1592 
1593 1533 1592 1534 1533 1593 1594 1534 1593 
1535 1534 1594 1595 1535 1594 1536 1535 1595 
1596 1536 1595 1537 1536 1596 1597 1537 1596 
1538 1537 1597 1598 1538 1597 1539 1538 1598 
1599 1539 1598 1540 1539 1599 1600 1540 1599 
1541 1540 1600 1601 1541 1600 1542 1541 1601 
1602 1542 1601 1543 1542 1602 1603 1543 1602 
1544 1543 1603 1604 1544 1603 1545 1544 1604 
1605 1545 1604 1546 1545 1605 1606 1546 1605 
1547 1546 1606 1607 1547 1606 1548 1547 1607 
1608 1548 1607 1549 1548 1608 1609 1549 1608 
1550 1549 1609 1610 1550 1609 1551 1550 1610 
1611 1551 1610 1552 1551 1611 1612 1552 1611 
1553 1552 1612 1613 1553 1612 1554 1553 1613 
1614 1554 1613 1555 1554 1614 1615 1555 1614 
1556 1555 1615 1616 1556 1615 1557 1556 1616 
1617 1557 1616 1558 1557 1617 1618 1558 1617 
1559 1558 1618 1619 1559 1618 1620 1621 1622 
1623 1620 1622 1621 1624 1625 1622 1621 1625 
1624 1626 1627 1625 1624 1627 1626 1628 1629 
1627 1626 1629 1628 1630 1631 1629 1628 1631 
1630 1632 1633 1631 1630 1633 1632 1634 1635 
1633 1632 1635 1634 1636 1637 1635 1634 1637 
1636 1638 1639 1637 1636 1639 1638 1640 1641 
1639 1638 1641 1640 1642 1643 1641 1640 1643 
1642 1644 1645 1643 1642 1645 1644 1646 1647 
1645 1644 1647 1646 1648 1649 1647 1646 1649 
1648 1650 1651 1649 1648 1651 1650 1652 1653 
1651 1650 1653 1652 1654 1655 1653 1652 1655 
1654 1656 1657 1655 1654 1657 1656 1658 1659 
1657 1656 1659 1658 1660 1661 1659 1658 1661 
1660 1662 1663 1661 1660 1663 1662 1664 1665 
1663 1662 1665 1664 1666 1667 1665 1664 1667 
1666 1668 1669 1667 1666 1669 1668 1670 1671 
1669 1668 1671 1670 1672 1673 1671 1670 1673 
1672 1674 1675 1673 1672 1675 1674 1676 1677 
1675 1674 1677 1676 1678 1679 1677 1676 1679 
1678 1680 1681 1679 1678 1681 1680 1682 1683 
1681 1680 1683 1682 1684 1685 1683 1682 1685 
1684 1686 1687 1685 1684 1687 1686 1688 1689 
1687 1686 1689 1688 1690 1691 1689 1688 1691 
1690 1692 1693 1691 1690 1693 1692 1694 1695 
1693 1692 1695 1694 1696 1697 1695 1694 1697 
1696 1698 1699 1697 1696 1699 1698 1700 1701 
1699 1698 1701 1700 1702 1703 1701 1700 1703 
1702 1704 1705 1703 1702 1705 1704 1706 1707 
1705 1704 1707 1706 1708 1709 1707 1706 1709 
1708 1710 1711 1709 1708 1711 1710 1712 1713 
1711 1710 1713 1712 1714 1715 1713 1712 1715 
1714 1716 1717 1715 1714 1717 1716 1718 1719 
1717 1716 1719 1718 1720 1721 1719 1718 1721 
1720 1722 1723 1721 1720 1723 1722 1724 1725 
1723 1722 1725 1724 1726 1727 1725 1724 1727 
1726 1728 1729 1727 1726 1729 1728 1730 1731 
1729 1728 1731 1730 1732 1733 1731 1730 1733 
1732 1734 1735 1733 1732 1735 1734 1736 1737 
1735 1734 1737 1736 1738 1739 1737 1736 1739 
1382 1620 1383 1621 1620 1382 1385 1621 1382 
1624 1621 1385 1387 1624 1385 1626 1624 1387 
1389 1626 1387 1628 1626 1389 1391 1628 1389 
1630 1628 1391 1393 1630 1391 1632 1630 1393 
1395 1632 1393 1634 1632 1395 1397 1634 1395 
1636 1634 1397 1399 1636 1397 1638 1636 1399 
1401 1638 1399 1640 1638 1401 1403 1640 1401 
1642 1640 1403 1405 1642 1403 1644 1642 1405 
1407 1644 1405 1646 1644 1407 1409 1646 1407 
1648 1646 1409 1411 1648 1409 1650 1648 1411 
1413 1650 1411 1652 1650 1413 1415 1652 1413 
1654 1652 1415 1417 1654 1415 1656 1654 1417 
1419 1656 1417 1658 1656 1419 1421 1658 1419 
1660 1658 1421 1423 1660 1421 1662 1660 1423 
1425 1662 1423 1664 1662 1425 1427 1664 1425 
1666 1664 1427 1429 1666 1427 1668 1666 1429 
1431 1668 1429 1670 1668 1431 1433 1670 1431 
1672 1670 1433 1435 1672 1433 1674 1672 1435 
1437 1674 1435 1676 1674 1437 1439 1676 1437 
1678 1676 1439 1441 1678 1439 1680 1678 1441 
1443 1680 1441 1682 1680 1443 1445 1682 1443 
1684 1682 1445 1447 1684 1445 1686 1684 1447 
1449 1686 1447 1688 1686 1449 1451 1688 1449 
1690 1688 1451 1453 1690 1451 1692 1690 1453 
1455 1692 1453 1694 1692 1455 1457 1694 1455 
1696 1694 1457 1459 1696 1457 1698 1696 1459 
1461 1698 1459 1700 1698 1461 1463 1700 1461 
1702 1700 1463 1465 1702 1463 1704 1702 1465 
1467 1704 1465 1706 1704 1467 1469 1706 1467 
1708 1706 1469 1471 1708 1469 1710 1708 1471 
1473 1710 1471 1712 1710 1473 1475 1712 1473 
1714 1712 1475 1477 1714 1475 1716 1714 1477 
1479 1716 1477 1718 1716 1479 1481 1718 1479 
1720 1718 1481 1483 1720 1481 1722 1720 1483 
1485 1722 1483 1724 1722 1485 1487 1724 1485 
1726 1724 1487 1489 1726 1487 1728 1726 1489 
1491 1728 1489 1730 1728 1491 1493 1730 1491 
1732 1730 1493 1495 1732 1493 1734 1732 1495 
1497 1734 1495 1736 1734 1497 1499 1736 1497 
1738 1736 1499 1560 1740 1561 1741 1740 1560 
1561 1742 1562 1740 1742 1561 1562 1743 1563 
1742 1743 1562 1563 1744 1564 1743 1744 1563 
1564 1745 1565 1744 1745 1564 1565 1746 1566 
1745 1746 1565 1566 1747 1567 1746 1747 1566 
1567 1748 1568 1747 1748 1567 1568 1749 1569 
1748 1749 1568 1569 1750 1570 1749 1750 1569 
1570 1751 1571 1750 1751 1570 1571 1752 1572 
1751 1752 1571 1572 1753 1573 1752 1753 1572 
1573 1754 1574 1753 1754 1573 1574 1755 1575 
1754 1755 1574 1575 1756 1576 1755 1756 1575 
1576 1757 1577 1756 1757 1576 1577 1758 1578 
1757 1758 1577 1578 1759 1579 1758 1759 1578 
1579 1760 1580 1759 1760 1579 1580 1761 1581 
1760 1761 1580 1581 1762 1582 1761 1762 1581 
1582 1763 1583 1762 1763 1582 1583 1764 1584 
1763 1764 1583 1584 1765 1585 1764 1765 1584 
1585 1766 1586 1765 1766 1585 1586 1767 1587 
1766 1767 1586 1587 1768 1588 1767 1768 1587 
1588 1769 1589 1768 1769 1588 1589 1770 1590 
1769 1770 1589 1590 1771 1591 1770 1771 1590 
1591 1772 1592 1771 1772 1591 1592 1773 1593 
1772 1773 1592 1593 1774 1594 1773 1774 1593 
1594 1775 1595 1774 1775 1594 1595 1776 1596 
1775 1776 1595 1596 1777 1597 1776 1777 1596 
1597 1778 1598 1777 1778 1597 1598 1779 1599 
1778 1779 1598 1599 1780 1600 1779 1780 1599 
1600 1781 1601 1780 1781 1600 1601 1782 1602 
1781 1782 1601 1602 1783 1603 1782 1783 1602 
1603 1784 1604 1783 1784 1603 1604 1785 1605 
1784 1785 1604 1605 1786 1606 1785 1786 1605 
1606 1787 1607 1786 1787 1606 1607 1788 1608 
1787 1788 1607 1608 1789 1609 1788 1789 1608 
1609 1790 1610 1789 1790 1609 1610 1791 1611 
1790 1791 1610 1611 1792 1612 1791 1792 1611 
1612 1793 1613 1792 1793 1612 1613 1794 1614 
1793 1794 1613 1614 1795 1615 1794 1795 1614 
1615 1796 1616 1795 1796 1615 1616 1797 1617 
1796 1797 1616 1617 1798 1618 1797 1798 1617 
1618 1799 1619 1798 1799 1618 1740 1741 1800 
1801 1740 1800 1742 1740 1801 1802 1742 1801 
1743 1742 1802 1803 1743 1802 1744 1743 1803 
1804 1744 1803 1745 1744 1804 1805 1745 1804 
1746 1745 1805 1806 1746 1805 1747 1746 1806 
1807 1747 1806 1748 1747 1807 1808 1748 1807 
1749 1748 1808 1809 1749 1808 1750 1749 1809 
1810 1750 1809 1751 1750 1810 1811 1751 1810 
1752 1751 1811 1812 1752 1811 1753 1752 1812 
1813 1753 1812 1754 1753 1813 1814 1754 1813 
1755 1754 1814 1815 1755 1814 1756 1755 1815 
1816 1756 1815 1757 1756 1816 1817 1757 1816 
1758 1757 1817 1818 1758 1817 1759 1758 1818 
1819 1759 1818 1760 1759 1819 1820 1760 1819 
1761 1760 1820 1821 1761 1820 1762 1761 1821 
1822 1762 1821 1763 1762 1822 1823 1763 1822 
1764 1763 1823 1824 1764 1823 1765 1764 1824 
1825 1765 1824 1766 1765 1825 1826 1766 1825 
1767 1766 1826 1827 1767 1826 1768 1767 1827 
1828 1768 1827 1769 1768 1828 1829 1769 1828 
1770 1769 1829 1830 1770 1829 1771 1770 1830 
1831 1771 1830 1772 1771 1831 1832 1772 1831 
1773 1772 1832 1833 1773 1832 1774 1773 1833 
1834 1774 1833 1775 1774 1834 1835 1775 1834 
1776 1775 1835 1836 1776 1835 1777 1776 1836 
1837 1777 1836 1778 1777 1837 1838 1778 1837 
1779 1778 1838 1839 1779 1838 1780 1779 1839 
1840 1780 1839 1781 1780 1840 1841 1781 1840 
1782 1781 1841 1842 1782 1841 1783 1782 1842 
1843 1783 1842 1784 1783 1843 1844 1784 1843 
1785 1784 1844 1845 1785 1844 1786 1785 1845 
1846 1786 1845 1787 1786 1846 1847 1787 1846 
1788 1787 1847 1848 1788 1847 1789 1788 1848 
1849 1789 1848 1790 1789 1849 1850 1790 1849 
1791 1790 1850 1851 1791 1850 1792 1791 1851 
1852 1792 1851 1793 1792 1852 1853 1793 1852 
1794 1793 1853 1854 1794 1853 1795 1794 1854 
1855 1795 1854 1796 1795 1855 1856 1796 1855 
1797 1796 1856 1857 1797 1856 1798 1797 1857 
1858 1798 1857 1799 1798 1858 1859 1799 1858 
1622 1860 1623 1861 1860 1622 1625 1861 1622 
1862 1861 1625 1627 1862 1625 1863 1862 1627 
1629 1863 1627 1864 1863 1629 1631 1864 1629 
1865 1864 1631 1633 1865 1631 1866 1865 1633 
1635 1866 1633 1867 1866 1635 1637 1867 1635 
1868 1867 1637 1639 1868 1637 1869 1868 1639 
1641 1869 1639 1870 1869 1641 1643 1870 1641 
1871 1870 1643 1645 1871 1643 1872 1871 1645 
1647 1872 1645 1873 1872 1647 1649 1873 1647 
1874 1873 1649 1651 1874 1649 1875 1874 1651 
1653 1875 1651 1876 1875 1653 1655 1876 1653 
1877 1876 1655 1657 1877 1655 1878 1877 1657 
1659 1878 1657 1879 1878 1659 1661 1879 1659 
1880 1879 1661 1663 1880 1661 1881 1880 1663 
1665 1881 1663 1882 1881 1665 1667 1882 1665 
1883 1882 1667 1669 1883 1667 1884 1883 1669 
1671 1884 1669 1885 1884 1671 1673 1885 1671 
1886 1885 1673 1675 1886 1673 1887 1886 1675 
1677 1887 1675 1888 1887 1677 1679 1888 1677 
1889 1888 1679 1681 1889 1679 1890 1889 1681 
1683 1890 1681 1891 1890 1683 1685 1891 1683 
1892 1891 1685 1687 1892 1685 1893 1892 1687 
1689 1893 1687 1894 1893 1689 1691 1894 1689 
1895 1894 1691 1693 1895 1691 1896 1895 1693 
1695 1896 1693 1897 1896 1695 1697 1897 1695 
1898 1897 1697 1699 1898 1697 1899 1898 1699 
1701 1899 1699 1900 1899 1701 1703 1900 1701 
1901 1900 1703 1705 1901 1703 1902 1901 1705 
1707 1902 1705 1903 1902 1707 1709 1903 1707 
1904 1903 1709 1711 1904 1709 1905 1904 1711 
1713 1905 1711 1906 1905 1713 1715 1906 1713 
1907 1906 1715 1717 1907 1715 1908 1907 1717 
1719 1908 1717 1909 1908 1719 1721 1909 1719 
1910 1909 1721 1723 1910 1721 1911 1910 1723 
1725 1911 1723 1912 1911 1725 1727 1912 1725 
1913 1912 1727 1729 1913 1727 1914 1913 1729 
1731 1914 1729 1915 1914 1731 1733 1915 1731 
1916 1915 1733 1735 1916 1733 1917 1916 1735 
1737 1917 1735 1918 1917 1737 1739 1918 1737 
1919 1918 1739 1800 1920 1801 1921 1920 1800 
1801 1922 1802 1920 1922 1801 1802 1923 1803 
1922 1923 1802 1803 1924 1804 1923 1924 1803 
1804 1925 1805 1924 1925 1804 1805 1926 1806 
1925 1926 1805 1806 1927 1807 1926 1927 1806 
1807 1928 1808 1927 1928 1807 1808 1929 1809 
1928 1929 1808 1809 1930 1810 1929 1930 1809 
1810 1931 1811 1930 1931 1810 1811 1932 1812 
1931 1932 1811 1812 1933 1813 1932 1933 1812 
1813 1934 1814 1933 1934 1813 1814 1935 1815 
1934 1935 1814 1815 1936 1816 1935 1936 1815 
1816 1937 1817 1936 1937 1816 1817 1938 1818 
1937 1938 1817 1818 1939 1819 1938 1939 1818 
1819 1940 1820 1939 1940 1819 1820 1941 1821 
1940 1941 1820 1821 1942 1822 1941 1942 1821 
1822 1943 1823 1942 1943 1822 1823 1944 1824 
1943 1944 1823 1824 1945 1825 1944 1945 1824 
1825 1946 1826 1945 1946 1825 1826 1947 1827 
1946 1947 1826 1827 1948 1828 1947 1948 1827 
1828 1949 1829 1948 1949 1828 1829 1950 1830 
1949 1950 1829 1830 1951 1831 1950 1951 1830 
1831 1952 1832 1951 1952 1831 1832 1953 1833 
1952 1953 1832 1833 1954 1834 1953 1954 1833 
1834 1955 1835 1954 1955 1834 1835 1956 1836 
1955 1956 1835 1836 1957 1837 1956 1957 1836 
1837 1958 1838 1957 1958 1837 1838 1959 1839 
1958 1959 1838 1839 1960 1840 1959 1960 1839 
1840 1961 1841 1960 1961 1840 1841 1962 1842 
1961 1962 1841 1842 1963 1843 1962 1963 1842 
1843 1964 1844 1963 1964 1843 1844 1965 1845 
1964 1965 1844 1845 1966 1846 1965 1966 1845 
1846 1967 1847 1966 1967 1846 1847 1968 1848 
1967 1968 1847 1848 1969 1849 1968 1969 1848 
1849 1970 1850 1969 1970 1849 1850 1971 1851 
1970 1971 1850 1851 1972 1852 1971 1972 1851 
1852 1973 1853 1972 1973 1852 1853 1974 1854 
1973 1974 1853 1854 1975 1855 1974 1975 1854 
1855 1976 1856 1975 1976 1855 1856 1977 1857 
1976 1977 1856 1857 1978 1858 1977 1978 1857 
1858 1979 1859 1978 1979 1858 1861 1980 1860 
1860 1980 1981 1862 1982 1861 1861 1982 1980 
1863 1983 1862 1862 1983 1982 1864 1984 1863 
1863 1984 1983 1865 1985 1864 1864 1985 1984 
1866 1986 1865 1865 1986 1985 1867 1987 1866 
1866 1987 1986 1868 1988 1867 1867 1988 1987 
1869 1989 1868 1868 1989 1988 1870 1990 1869 
1869 1990 1989 1871 1991 1870 1870 1991 1990 
1872 1992 1871 1871 1992 1991 1873 1993 1872 
1872 1993 1992 1874 1994 1873 1873 1994 1993 
1875 1995 1874 1874 1995 1994 1876 1996 1875 
1875 1996 1995 1877 1997 1876 1876 1997 1996 
1878 1998 1877 1877 1998 1997 1879 1999 1878 
1878 1999 1998 1880 2000 1879 1879 2000 1999 
1881 2001 1880 1880 2001 2000 1882 2002 1881 
1881 2002 2001 1883 2003 1882 1882 2003 2002 
1884 2004 1883 1883 2004 2003 1885 2005 1884 
1884 2005 2004 1886 2006 1885 1885 2006 2005 
1887 2007 1886 1886 2007 2006 1888 2008 1887 
1887 2008 2007 1889 2009 1888 1888 2009 2008 
1890 2010 1889 1889 2010 2009 1891 2011 1890 
1890 2011 2010 1892 2012 1891 1891 2012 2011 
1893 2013 1892 1892 2013 2012 1894 2014 1893 
1893 2014 2013 1895 2015 1894 1894 2015 2014 
1896 2016 1895 1895 2016 2015 1897 2017 1896 
1896 2017 2016 1898 2018 1897 1897 2018 2017 
1899 2019 1898 1898 2019 2018 1900 2020 1899 
1899 2020 2019 1901 2021 1900 1900 2021 2020 
1902 2022 1901 1901 2022 2021 1903 2023 1902 
1902 2023 2022 1904 2024 1903 1903 2024 2023 
1905 2025 1904 1904 2025 2024 1906 2026 1905 
1905 2026 2025 1907 2027 1906 1906 2027 2026 
1908 2028 1907 1907 2028 2027 1909 2029 1908 
1908 2029 2028 1910 2030 1909 1909 2030 2029 
1911 2031 1910 1910 2031 2030 1912 2032 1911 
1911 2032 2031 1913 2033 1912 1912 2033 2032 
1914 2034 1913 1913 2034 2033 1915 2035 1914 
1914 2035 2034 1916 2036 1915 1915 2036 2035 
1917 2037 1916 1916 2037 2036 1918 2038 1917 
1917 2038 2037 1919 2039 1918 1918 2039 2038 
1920 1921 2040 1921 2041 2040 1922 1920 2042 
1920 2040 2042 1923 1922 2043 1922 2042 2043 
1924 1923 2044 1923 2043 2044 1925 1924 2045 
1924 2044 2045 1926 1925 2046 1925 2045 2046 
1927 1926 2047 1926 2046 2047 1928 1927 2048 
1927 2047 2048 1929 1928 2049 1928 2048 2049 
1930 1929 2050 1929 2049 2050 1931 1930 2051 
1930 2050 2051 1932 1931 2052 1931 2051 2052 
1933 1932 2053 1932 2052 2053 1934 1933 2054 
1933 2053 2054 1935 1934 2055 1934 2054 2055 
1936 1935 2056 1935 2055 2056 1937 1936 2057 
1936 2056 2057 1938 1937 2058 1937 2057 2058 
1939 1938 2059 1938 2058 2059 1940 1939 2060 
1939 2059 2060 1941 1940 2061 1940 2060 2061 
1942 1941 2062 1941 2061 2062 1943 1942 2063 
1942 2062 2063 1944 1943 2064 1943 2063 2064 
1945 1944 2065 1944 2064 2065 1946 1945 2066 
1945 2065 2066 1947 1946 2067 1946 2066 2067 
1948 1947 2068 1947 2067 2068 1949 1948 2069 
1948 2068 2069 1950 1949 2070 1949 2069 2070 
1951 1950 2071 1950 2070 2071 1952 1951 2072 
1951 2071 2072 1953 1952 2073 1952 2072 2073 
1954 1953 2074 1953 2073 2074 1955 1954 2075 
1954 2074 2075 1956 1955 2076 1955 2075 2076 
1957 1956 2077 1956 2076 2077 1958 1957 2078 
1957 2077 2078 1959 1958 2079 1958 2078 2079 
1960 1959 2080 1959 2079 2080 1961 1960 2081 
1960 2080 2081 1962 1961 2082 1961 2081 2082 
1963 1962 2083 1962 2082 2083 1964 1963 2084 
1963 2083 2084 1965 1964 2085 1964 2084 2085 
1966 1965 2086 1965 2085 2086 1967 1966 2087 
1966 2086 2087 1968 1967 2088 1967 2087 2088 
1969 1968 2089 1968 2088 2089 1970 1969 2090 
1969 2089 2090 1971 1970 2091 1970 2090 2091 
1972 1971 2092 1971 2091 2092 1973 1972 2093 
1972 2092 2093 1974 1973 2094 1973 2093 2094 
1975 1974 2095 1974 2094 2095 1976 1975 2096 
1975 2095 2096 1977 1976 2097 1976 2096 2097 
1978 1977 2098 1977 2097 2098 1979 1978 2099 
1978 2098 2099 2100 2101 2102 2103 2100 2102 
2101 2104 2105 2102 2101 2105 2104 2106 2107 
2105 2104 2107 2106 2108 2109 2107 2106 2109 
2108 2110 2111 2109 2108 2111 2110 2112 2113 
2111 2110 2113 2112 2114 2115 2113 2112 2115 
2114 2116 2117 2115 2114 2117 2116 2118 2119 
2117 2116 2119 2118 2120 2121 2119 2118 2121 
2120 2122 2123 2121 2120 2123 2122 2124 2125 
2123 2122 2125 2124 2126 2127 2125 2124 2127 
2126 2128 2129 2127 2126 2129 2128 2130 2131 
2129 2128 2131 2130 2132 2133 2131 2130 2133 
2132 2134 2135 2133 2132 2135 2134 2136 2137 
2135 2134 2137 2136 2138 2139 2137 2136 2139 
2138 2140 2141 2139 2138 2141 2140 2142 2143 
2141 2140 2143 2142 2144 2145 2143 2142 2145 
2144 2146 2147 2145 2144 2147 2146 2148 2149 
2147 2146 2149 2148 2150 2151 2149 2148 2151 
2150 2152 2153 2151 2150 2153 2152 2154 2155 
2153 2152 2155 2154 2156 2157 2155 2154 2157 
2156 2158 2159 2157 2156 2159 2158 2160 2161 
2159 2158 2161 2160 2162 2163 2161 2160 2163 
2162 2164 2165 2163 2162 2165 2164 2166 2167 
2165 2164 2167 2166 2168 2169 2167 2166 2169 
2168 2170 2171 2169 2168 2171 2170 2172 2173 
2171 2170 2173 2172 2174 2175 2173 2172 2175 
2174 2176 2177 2175 2174 2177 2176 2178 2179 
2177 2176 2179 2178 2180 2181 2179 2178 2181 
2180 2182 2183 2181 2180 2183 2182 2184 2185 
2183 2182 2185 2184 2186 2187 2185 2184 2187 
2186 2188 2189 2187 2186 2189 2188 2190 2191 
2189 2188 2191 2190 2192 2193 2191 2190 2193 
2192 2194 2195 2193 2192 2195 2194 2196 2197 
2195 2194 2197 2196 2198 2199 2197 2196 2199 
2198 2200 2201 2199 2198 2201 2200 2202 2203 
2201 2200 2203 2202 2204 2205 2203 2202 2205 
2204 2206 2207 2205 2204 2207 2206 2208 2209 
2207 2206 2209 2208 2210 2211 2209 2208 2211 
2210 2212 2213 2211 2210 2213 2212 2214 2215 
2213 2212 2215 2214 2216 2217 2215 2214 2217 
2216 2218 2219 2217 2216 2219 1980 2100 1981 
2101 2100 1980 1982 2101 1980 2104 2101 1982 
1983 2104 1982 2106 2104 1983 1984 2106 1983 
2108 2106 1984 1985 2108 1984 2110 2108 1985 
1986 2110 1985 2112 2110 1986 1987 2112 1986 
2114 2112 1987 1988 2114 1987 2116 2114 1988 
1989 2116 1988 2118 2116 1989 1990 2118 1989 
2120 2118 1990 1991 2120 1990 2122 2120 1991 
1992 2122 1991 2124 2122 1992 1993 2124 1992 
2126 2124 1993 1994 2126 1993 2128 2126 1994 
1995 2128 1994 2130 2128 1995 1996 2130 1995 
2132 2130 1996 1997 2132 1996 2134 2132 1997 
1998 2134 1997 2136 2134 1998 1999 2136 1998 
2138 2136 1999 2000 2138 1999 2140 2138 2000 
2001 2140 2000 2142 2140 2001 2002 2142 2001 
2144 2142 2002 2003 2144 2002 2146 2144 2003 
2004 2146 2003 2148 2146 2004 2005 2148 2004 
2150 2148 2005 2006 2150 2005 2152 2150 2006 
2007 2152 2006 2154 2152 2007 2008 2154 2007 
2156 2154 2008 2009 2156 2008 2158 2156 2009 
2010 2158 2009 2160 2158 2010 2011 2160 2010 
2162 2160 2011 2012 2162 2011 2164 2162 2012 
2013 2164 2012 2166 2164 2013 2014 2166 2013 
2168 2166 2014 2015 2168 2014 2170 2168 2015 
2016 2170 2015 2172 2170 2016 2017 2172 2016 
2174 2172 2017 2018 2174 2017 2176 2174 2018 
2019 2176 2018 2178 2176 2019 2020 2178 2019 
2180 2178 2020 2021 2180 2020 2182 2180 2021 
2022 2182 2021 2184 2182 2022 2023 2184 2022 
2186 2184 2023 2024 2186 2023 2188 2186 2024 
2025 2188 2024 2190 2188 2025 2026 2190 2025 
2192 2190 2026 2027 2192 2026 2194 2192 2027 
2028 2194 2027 2196 2194 2028 2029 2196 2028 
2198 2196 2029 2030 2198 2029 2200 2198 2030 
2031 2200 2030 2202 2200 2031 2032 2202 2031 
2204 2202 2032 2033 2204 2032 2206 2204 2033 
2034 2206 2033 2208 2206 2034 2035 2208 2034 
2210 2208 2035 2036 2210 2035 2212 2210 2036 
2037 2212 2036 2214 2212 2037 2038 2214 2037 
2216 2214 2038 2039 2216 2038 2218 2216 2039 
2041 2220 2040 2221 2220 2041 2040 2222 2042 
2220 2222 2040 2042 2223 2043 2222 2223 2042 
2043 2224 2044 2223 2224 2043 2044 2225 2045 
2224 2225 2044 2045 2226 2046 2225 2226 2045 
2046 2227 2047 2226 2227 2046 2047 2228 2048 
2227 2228 2047 2048 2229 2049 2228 2229 2048 
2049 2230 2050 2229 2230 2049 2050 2231 2051 
2230 2231 2050 2051 2232 2052 2231 2232 2051 
2052 2233 2053 2232 2233 2052 2053 2234 2054 
2233 2234 2053 2054 2235 2055 2234 2235 2054 
2055 2236 2056 2235 2236 2055 2056 2237 2057 
2236 2237 2056 2057 2238 2058 2237 2238 2057 
2058 2239 2059 2238 2239 2058 2059 2240 2060 
2239 2240 2059 2060 2241 2061 2240 2241 2060 
2061 2242 2062 2241 2242 2061 2062 2243 2063 
2242 2243 2062 2063 2244 2064 2243 2244 2063 
2064 2245 2065 2244 2245 2064 2065 2246 2066 
2245 2246 2065 2066 2247 2067 2246 2247 2066 
2067 2248 2068 2247 2248 2067 2068 2249 2069 
2248 2249 2068 2069 2250 2070 2249 2250 2069 
2070 2251 2071 2250 2251 2070 2071 2252 2072 
2251 2252 2071 2072 2253 2073 2252 2253 2072 
2073 2254 2074 2253 2254 2073 2074 2255 2075 
2254 2255 2074 2075 2256 2076 2255 2256 2075 
2076 2257 2077 2256 2257 2076 2077 2258 2078 
2257 2258 2077 2078 2259 2079 2258 2259 2078 
2079 2260 2080 2259 2260 2079 2080 2261 2081 
2260 2261 2080 2081 2262 2082 2261 2262 2081 
2082 2263 2083 2262 2263 2082 2083 2264 2084 
2263 2264 2083 2084 2265 2085 2264 2265 2084 
2085 2266 2086 2265 2266 2085 2086 2267 2087 
2266 2267 2086 2087 2268 2088 2267 2268 2087 
2088 2269 2089 2268 2269 2088 2089 2270 2090 
2269 2270 2089 2090 2271 2091 2270 2271 2090 
2091 2272 2092 2271 2272 2091 2092 2273 2093 
2272 2273 2092 2093 2274 2094 2273 2274 2093 
2094 2275 2095 2274 2275 2094 2095 2276 2096 
2275 2276 2095 2096 2277 2097 2276 2277 2096 
2097 2278 2098 2277 2278 2097 2098 2279 2099 
2278 2279 2098 2220 2221 2280 2281 2220 2280 
2222 2220 2281 2282 2222 2281 2223 2222 2282 
2283 2223 2282 2224 2223 2283 2284 2224 2283 
2225 2224 2284 2285 2225 2284 2226 2225 2285 
2286 2226 2285 2227 2226 2286 2287 2227 2286 
2228 2227 2287 2288 2228 2287 2229 2228 2288 
2289 2229 2288 2230 2229 2289 2290 2230 2289 
2231 2230 2290 2291 2231 2290 2232 2231 2291 
2292 2232 2291 2233 2232 2292 2293 2233 2292 
2234 2233 2293 2294 2234 2293 2235 2234 2294 
2295 2235 2294 2236 2235 2295 2296 2236 2295 
2237 2236 2296 2297 2237 2296 2238 2237 2297 
2298 2238 2297 2239 2238 2298 2299 2239 2298 
2240 2239 2299 2300 2240 2299 2241 2240 2300 
2301 2241 2300 2242 2241 2301 2302 2242 2301 
2243 2242 2302 2303 2243 2302 2244 2243 2303 
2304 2244 2303 2245 2244 2304 2305 2245 2304 
2246 2245 2305 2306 2246 2305 2247 2246 2306 
2307 2247 2306 2248 2247 2307 2308 2248 2307 
2249 2248 2308 2309 2249 2308 2250 2249 2309 
2310 2250 2309 2251 2250 2310 2311 2251 2310 
2252 2251 2311 2312 2252 2311 2253 2252 2312 
2313 2253 2312 2254 2253 2313 2314 2254 2313 
2255 2254 2314 2315 2255 2314 2256 2255 2315 
2316 2256 2315 2257 2256 2316 2317 2257 2316 
2258 2257 2317 2318 2258 2317 2259 2258 2318 
2319 2259 2318 2260 2259 2319 2320 2260 2319 
2261 2260 2320 2321 2261 2320 2262 2261 2321 
2322 2262 2321 2263 2262 2322 2323 2263 2322 
2264 2263 2323 2324 2264 2323 2265 2264 2324 
2325 2265 2324 2266 2265 2325 2326 2266 2325 
2267 2266 2326 2327 2267 2326 2268 2267 2327 
2328 2268 2327 2269 2268 2328 2329 2269 2328 
2270 2269 2329 2330 2270 2329 2271 2270 2330 
2331 2271 2330 2272 2271 2331 2332 2272 2331 
2273 2272 2332 2333 2273 2332 2274 2273 2333 
2334 2274 2333 2275 2274 2334 2335 2275 2334 
2276 2275 2335 2336 2276 2335 2277 2276 2336 
2337 2277 2336 2278 2277 2337 2338 2278 2337 
2279 2278 2338 2339 2279 2338 2102 2340 2103 
2103 2340 2341 2105 2342 2102 2102 2342 2340 
2107 2343 2105 2105 2343 2342 2109 2344 2107 
2107 2344 2343 2111 2345 2109 2109 2345 2344 
2113 2346 2111 2111 2346 2345 2115 2347 2113 
2113 2347 2346 2117 2348 2115 2115 2348 2347 
2119 2349 2117 2117 2349 2348 2121 2350 2119 
2119 2350 2349 2123 2351 2121 2121 2351 2350 
2125 2352 2123 2123 2352 2351 2127 2353 2125 
2125 2353 2352 2129 2354 2127 2127 2354 2353 
2131 2355 2129 2129 2355 2354 2133 2356 2131 
2131 2356 2355 2135 2357 2133 2133 2357 2356 
2137 2358 2135 2135 2358 2357 2139 2359 2137 
2137 2359 2358 2141 2360 2139 2139 2360 2359 
2143 2361 2141 2141 2361 2360 2145 2362 2143 
2143 2362 2361 2147 2363 2145 2145 2363 2362 
2149 2364 2147 2147 2364 2363 2151 2365 2149 
2149 2365 2364 2153 2366 2151 2151 2366 2365 
2155 2367 2153 2153 2367 2366 2157 2368 2155 
2155 2368 2367 2159 2369 2157 2157 2369 2368 
2161 2370 2159 2159 2370 2369 2163 2371 2161 
2161 2371 2370 2165 2372 2163 2163 2372 2371 
2167 2373 2165 2165 2373 2372 2169 2374 2167 
2167 2374 2373 2171 2375 2169 2169 2375 2374 
2173 2376 2171 2171 2376 2375 2175 2377 2173 
2173 2377 2376 2177 2378 2175 2175 2378 2377 
2179 2379 2177 2177 2379 2378 2181 2380 2179 
2179 2380 2379 2183 2381 2181 2181 2381 2380 
2185 2382 2183 2183 2382 2381 2187 2383 2185 
2185 2383 2382 2189 2384 2187 2187 2384 2383 
2191 2385 2189 2189 2385 2384 2193 2386 2191 
2191 2386 2385 2195 2387 2193 2193 2387 2386 
2197 2388 2195 2195 2388 2387 2199 2389 2197 
2197 2389 2388 2201 2390 2199 2199 2390 2389 
2203 2391 2201 2201 2391 2390 2205 2392 2203 
2203 2392 2391 2207 2393 2205 2205 2393 2392 
2209 2394 2207 2207 2394 2393 2211 2395 2209 
2209 2395 2394 2213 2396 2211 2211 2396 2395 
2215 2397 2213 2213 2397 2396 2217 2398 2215 
2215 2398 2397 2219 2399 2217 2217 2399 2398 
2281 2280 2400 2280 2401 2400 2282 2281 2402 
2281 2400 2402 2283 2282 2403 2282 2402 2403 
2284 2283 2404 2283 2403 2404 2285 2284 2405 
2284 2404 2405 2286 2285 2406 2285 2405 2406 
2287 2286 2407 2286 2406 2407 2288 2287 2408 
2287 2407 2408 2289 2288 2409 2288 2408 2409 
2290 2289 2410 2289 2409 2410 2291 2290 2411 
2290 2410 2411 2292 2291 2412 2291 2411 2412 
2293 2292 2413 2292 2412 2413 2294 2293 2414 
2293 2413 2414 2295 2294 2415 2294 2414 2415 
2296 2295 2416 2295 2415 2416 2297 2296 2417 
2296 2416 2417 2298 2297 2418 2297 2417 2418 
2299 2298 2419 2298 2418 2419 2300 2299 2420 
2299 2419 2420 2301 2300 2421 2300 2420 2421 
2302 2301 2422 2301 2421 2422 2303 2302 2423 
2302 2422 2423 2304 2303 2424 2303 2423 2424 
2305 2304 2425 2304 2424 2425 2306 2305 2426 
2305 2425 2426 2307 2306 2427 2306 2426 2427 
2308 2307 2428 2307 2427 2428 2309 2308 2429 
2308 2428 2429 2310 2309 2430 2309 2429 2430 
2311 2310 2431 2310 2430 2431 2312 2311 2432 
2311 2431 2432 2313 2312 2433 2312 2432 2433 
2314 2313 2434 2313 2433 2434 2315 2314 2435 
2314 2434 2435 2316 2315 2436 2315 2435 2436 
2317 2316 2437 2316 2436 2437 2318 2317 2438 
2317 2437 2438 2319 2318 2439 2318 2438 2439 
2320 2319 2440 2319 2439 2440 2321 2320 2441 
2320 2440 2441 2322 2321 2442 2321 2441 2442 
2323 2322 2443 2322 2442 2443 2324 2323 2444 
2323 2443 2444 2325 2324 2445 2324 2444 2445 
2326 2325 2446 2325 2445 2446 2327 2326 2447 
2326 2446 2447 2328 2327 2448 2327 2447 2448 
2329 2328 2449 2328 2448 2449 2330 2329 2450 
2329 2449 2450 2331 2330 2451 2330 2450 2451 
2332 2331 2452 2331 2451 2452 2333 2332 2453 
2332 2452 2453 2334 2333 2454 2333 2453 2454 
2335 2334 2455 2334 2454 2455 2336 2335 2456 
2335 2455 2456 2337 2336 2457 2336 2456 2457 
2338 2337 2458 2337 2457 2458 2339 2338 2459 
2338 2458 2459 2460 2461 2462 2463 2460 2462 
2461 2464 2465 2462 2461 2465 2464 2466 2467 
2465 2464 2467 2466 2468 2469 2467 2466 2469 
2468 2470 2471 2469 2468 2471 2470 2472 2473 
2471 2470 2473 2472 2474 2475 2473 2472 2475 
2474 2476 2477 2475 2474 2477 2476 2478 2479 
2477 2476 2479 2478 2480 2481 2479 2478 2481 
2480 2482 2483 2481 2480 2483 2482 2484 2485 
2483 2482 2485 2484 2486 2487 2485 2484 2487 
2486 2488 2489 2487 2486 2489 2488 2490 2491 
2489 2488 2491 2490 2492 2493 2491 2490 2493 
2492 2494 2495 2493 2492 2495 2494 2496 2497 
2495 2494 2497 2496 2498 2499 2497 2496 2499 
2498 2500 2501 2499 2498 2501 2500 2502 2503 
2501 2500 2503 2502 2504 2505 2503 2502 2505 
2504 2506 2507 2505 2504 2507 2506 2508 2509 
2507 2506 2509 2508 2510 2511 2509 2508 2511 
2510 2512 2513 2511 2510 2513 2512 2514 2515 
2513 2512 2515 2514 2516 2517 2515 2514 2517 
2516 2518 2519 2517 2516 2519 2518 2520 2521 
2519 2518 2521 2520 2522 2523 2521 2520 2523 
2522 2524 2525 2523 2522 2525 2524 2526 2527 
2525 2524 2527 2526 2528 2529 2527 2526 2529 
2528 2530 2531 2529 2528 2531 2530 2532 2533 
2531 2530 2533 2532 2534 2535 2533 2532 2535 
2534 2536 2537 2535 2534 2537 2536 2538 2539 
2537 2536 2539 2538 2540 2541 2539 2538 2541 
2540 2542 2543 2541 2540 2543 2542 2544 2545 
2543 2542 2545 2544 2546 2547 2545 2544 2547 
2546 2548 2549 2547 2546 2549 2548 2550 2551 
2549 2548 2551 2550 2552 2553 2551 2550 2553 
2552 2554 2555 2553 2552 2555 2554 2556 2557 
2555 2554 2557 2556 2558 2559 2557 2556 2559 
2558 2560 2561 2559 2558 2561 2560 2562 2563 
2561 2560 2563 2562 2564 2565 2563 2562 2565 
2564 2566 2567 2565 2564 2567 2566 2568 2569 
2567 2566 2569 2568 2570 2571 2569 2568 2571 
2570 2572 2573 2571 2570 2573 2572 2574 2575 
2573 2572 2575 2574 2576 2577 2575 2574 2577 
2576 2578 2579 2577 2576 2579 2340 2460 2341 
2461 2460 2340 2342 2461 2340 2464 2461 2342 
2343 2464 2342 2466 2464 2343 2344 2466 2343 
2468 2466 2344 2345 2468 2344 2470 2468 2345 
2346 2470 2345 2472 2470 2346 2347 2472 2346 
2474 2472 2347 2348 2474 2347 2476 2474 2348 
2349 2476 2348 2478 2476 2349 2350 2478 2349 
2480 2478 2350 2351 2480 2350 2482 2480 2351 
2352 2482 2351 2484 2482 2352 2353 2484 2352 
2486 2484 2353 2354 2486 2353 2488 2486 2354 
2355 2488 2354 2490 2488 2355 2356 2490 2355 
2492 2490 2356 2357 2492 2356 2494 2492 2357 
2358 2494 2357 2496 2494 2358 2359 2496 2358 
2498 2496 2359 2360 2498 2359 2500 2498 2360 
2361 2500 2360 2502 2500 2361 2362 2502 2361 
2504 2502 2362 2363 2504 2362 2506 2504 2363 
2364 2506 2363 2508 2506 2364 2365 2508 2364 
2510 2508 2365 2366 2510 2365 2512 2510 2366 
2367 2512 2366 2514 2512 2367 2368 2514 2367 
2516 2514 2368 2369 2516 2368 2518 2516 2369 
2370 2518 2369 2520 2518 2370 2371 2520 2370 
2522 2520 2371 2372 2522 2371 2524 2522 2372 
2373 2524 2372 2526 2524 2373 2374 2526 2373 
2528 2526 2374 2375 2528 2374 2530 2528 2375 
2376 2530 2375 2532 2530 2376 2377 2532 2376 
2534 2532 2377 2378 2534 2377 2536 2534 2378 
2379 2536 2378 2538 2536 2379 2380 2538 2379 
2540 2538 2380 2381 2540 2380 2542 2540 2381 
2382 2542 2381 2544 2542 2382 2383 2544 2382 
2546 2544 2383 2384 2546 2383 2548 2546 2384 
2385 2548 2384 2550 2548 2385 2386 2550 2385 
2552 2550 2386 2387 2552 2386 2554 2552 2387 
2388 2554 2387 2556 2554 2388 2389 2556 2388 
2558 2556 2389 2390 2558 2389 2560 2558 2390 
2391 2560 2390 2562 2560 2391 2392 2562 2391 
2564 2562 2392 2393 2564 2392 2566 2564 2393 
2394 2566 2393 2568 2566 2394 2395 2568 2394 
2570 2568 2395 2396 2570 2395 2572 2570 2396 
2397 2572 2396 2574 2572 2397 2398 2574 2397 
2576 2574 2398 2399 2576 2398 2578 2576 2399 
2401 2580 2400 2581 2580 2401 2400 2582 2402 
2580 2582 2400 2402 2583 2403 2582 2583 2402 
2403 2584 2404 2583 2584 2403 2404 2585 2405 
2584 2585 2404 2405 2586 2406 2585 2586 2405 
2406 2587 2407 2586 2587 2406 2407 2588 2408 
2587 2588 2407 2408 2589 2409 2588 2589 2408 
2409 2590 2410 2589 2590 2409 2410 2591 2411 
2590 2591 2410 2411 2592 2412 2591 2592 2411 
2412 2593 2413 2592 2593 2412 2413 2594 2414 
2593 2594 2413 2414 2595 2415 2594 2595 2414 
2415 2596 2416 2595 2596 2415 2416 2597 2417 
2596 2597 2416 2417 2598 2418 2597 2598 2417 
2418 2599 2419 2598 2599 2418 2419 2600 2420 
2599 2600 2419 2420 2601 2421 2600 2601 2420 
2421 2602 2422 2601 2602 2421 2422 2603 2423 
2602 2603 2422 2423 2604 2424 2603 2604 2423 
2424 2605 2425 2604 2605 2424 2425 2606 2426 
2605 2606 2425 2426 2607 2427 2606 2607 2426 
2427 2608 2428 2607 2608 2427 2428 2609 2429 
2608 2609 2428 2429 2610 2430 2609 2610 2429 
2430 2611 2431 2610 2611 2430 2431 2612 2432 
2611 2612 2431 2432 2613 2433 2612 2613 2432 
2433 2614 2434 2613 2614 2433 2434 2615 2435 
2614 2615 2434 2435 2616 2436 2615 2616 2435 
2436 2617 2437 2616 2617 2436 2437 2618 2438 
2617 2618 2437 2438 2619 2439 2618 2619 2438 
2439 2620 2440 2619 2620 2439 2440 2621 2441 
2620 2621 2440 2441 2622 2442 2621 2622 2441 
2442 2623 2443 2622 2623 2442 2443 2624 2444 
2623 2624 2443 2444 2625 2445 2624 2625 2444 
2445 2626 2446 2625 2626 2445 2446 2627 2447 
2626 2627 2446 2447 2628 2448 2627 2628 2447 
2448 2629 2449 2628 2629 2448 2449 2630 2450 
2629 2630 2449 2450 2631 2451 2630 2631 2450 
2451 2632 2452 2631 2632 2451 2452 2633 2453 
2632 2633 2452 2453 2634 2454 2633 2634 2453 
2454 2635 2455 2634 2635 2454 2455 2636 2456 
2635 2636 2455 2456 2637 2457 2636 2637 2456 
2457 2638 2458 2637 2638 2457 2458 2639 2459 
2638 2639 2458 2580 2581 2640 2641 2580 2640 
2582 2580 2641 2642 2582 2641 2583 2582 2642 
2643 2583 2642 2584 2583 2643 2644 2584 2643 
2585 2584 2644 2645 2585 2644 2586 2585 2645 
2646 2586 2645 2587 2586 2646 2647 2587 2646 
2588 2587 2647 2648 2588 2647 2589 2588 2648 
2649 2589 2648 2590 2589 2649 2650 2590 2649 
2591 2590 2650 2651 2591 2650 2592 2591 2651 
2652 2592 2651 2593 2592 2652 2653 2593 2652 
2594 2593 2653 2654 2594 2653 2595 2594 2654 
2655 2595 2654 2596 2595 2655 2656 2596 2655 
2597 2596 2656 2657 2597 2656 2598 2597 2657 
2658 2598 2657 2599 2598 2658 2659 2599 2658 
2600 2599 2659 2660 2600 2659 2601 2600 2660 
2661 2601 2660 2602 2601 2661 2662 2602 2661 
2603 2602 2662 2663 2603 2662 2604 2603 2663 
2664 2604 2663 2605 2604 2664 2665 2605 2664 
2606 2605 2665 2666 2606 2665 2607 2606 2666 
2667 2607 2666 2608 2607 2667 2668 2608 2667 
2609 2608 2668 2669 2609 2668 2610 2609 2669 
2670 2610 2669 2611 2610 2670 2671 2611 2670 
2612 2611 2671 2672 2612 2671 2613 2612 2672 
2673 2613 2672 2614 2613 2673 2674 2614 2673 
2615 2614 2674 2675 2615 2674 2616 2615 2675 
2676 2616 2675 2617 2616 2676 2677 2617 2676 
2618 2617 2677 2678 2618 2677 2619 2618 2678 
2679 2619 2678 2620 2619 2679 2680 2620 2679 
2621 2620 2680 2681 2621 2680 2622 2621 2681 
2682 2622 2681 2623 2622 2682 2683 2623 2682 
2624 2623 2683 2684 2624 2683 2625 2624 2684 
2685 2625 2684 2626 2625 2685 2686 2626 2685 
2627 2626 2686 2687 2627 2686 2628 2627 2687 
2688 2628 2687 2629 2628 2688 2689 2629 2688 
2630 2629 2689 2690 2630 2689 2631 2630 2690 
2691 2631 2690 2632 2631 2691 2692 2632 2691 
2633 2632 2692 2693 2633 2692 2634 2633 2693 
2694 2634 2693 2635 2634 2694 2695 2635 2694 
2636 2635 2695 2696 2636 2695 2637 2636 2696 
2697 2637 2696 2638 2637 2697 2698 2638 2697 
2639 2638 2698 2699 2639 2698 2462 2700 2463 
2463 2700 2701 2465 2702 2462 2462 2702 2700 
2467 2703 2465 2465 2703 2702 2469 2704 2467 
2467 2704 2703 2471 2705 2469 2469 2705 2704 
2473 2706 2471 2471 2706 2705 2475 2707 2473 
2473 2707 2706 2477 2708 2475 2475 2708 2707 
2479 2709 2477 2477 2709 2708 2481 2710 2479 
2479 2710 2709 2483 2711 2481 2481 2711 2710 
2485 2712 2483 2483 2712 2711 2487 2713 2485 
2485 2713 2712 2489 2714 2487 2487 2714 2713 
2491 2715 2489 2489 2715 2714 2493 2716 2491 
2491 2716 2715 2495 2717 2493 2493 2717 2716 
2497 2718 2495 2495 2718 2717 2499 2719 2497 
2497 2719 2718 2501 2720 2499 2499 2720 2719 
2503 2721 2501 2501 2721 2720 2505 2722 2503 
2503 2722 2721 2507 2723 2505 2505 2723 2722 
2509 2724 2507 2507 2724 2723 2511 2725 2509 
2509 2725 2724 2513 2726 2511 2511 2726 2725 
2515 2727 2513 2513 2727 2726 2517 2728 2515 
2515 2728 2727 2519 2729 2517 2517 2729 2728 
2521 2730 2519 2519 2730 2729 2523 2731 2521 
2521 2731 2730 2525 2732 2523 2523 2732 2731 
2527 2733 2525 2525 2733 2732 2529 2734 2527 
2527 2734 2733 2531 2735 2529 2529 2735 2734 
2533 2736 2531 2531 2736 2735 2535 2737 2533 
2533 2737 2736 2537 2738 2535 2535 2738 2737 
2539 2739 2537 2537 2739 2738 2541 2740 2539 
2539 2740 2739 2543 2741 2541 2541 2741 2740 
2545 2742 2543 2543 2742 2741 2547 2743 2545 
2545 2743 2742 2549 2744 2547 2547 2744 2743 
2551 2745 2549 2549 2745 2744 2553 2746 2551 
2551 2746 2745 2555 2747 2553 2553 2747 2746 
2557 2748 2555 2555 2748 2747 2559 2749 2557 
2557 2749 2748 2561 2750 2559 2559 2750 2749 
2563 2751 2561 2561 2751 2750 2565 2752 2563 
2563 2752 2751 2567 2753 2565 2565 2753 2752 
2569 2754 2567 2567 2754 2753 2571 2755 2569 
2569 2755 2754 2573 2756 2571 2571 2756 2755 
2575 2757 2573 2573 2757 2756 2577 2758 2575 
2575 2758 2757 2579 2759 2577 2577 2759 2758 
2641 2640 2760 2640 2761 2760 2642 2641 2762 
2641 2760 2762 2643 2642 2763 2642 2762 2763 
2644 2643 2764 2643 2763 2764 2645 2644 2765 
2644 2764 2765 2646 2645 2766 2645 2765 2766 
2647 2646 2767 2646 2766 2767 2648 2647 2768 
2647 2767 2768 2649 2648 2769 2648 2768 2769 
2650 2649 2770 2649 2769 2770 2651 2650 2771 
2650 2770 2771 2652 2651 2772 2651 2771 2772 
2653 2652 2773 2652 2772 2773 2654 2653 2774 
2653 2773 2774 2655 2654 2775 2654 2774 2775 
2656 2655 2776 2655 2775 2776 2657 2656 2777 
2656 2776 2777 2658 2657 2778 2657 2777 2778 
2659 2658 2779 2658 2778 2779 2660 2659 2780 
2659 2779 2780 2661 2660 2781 2660 2780 2781 
2662 2661 2782 2661 2781 2782 2663 2662 2783 
2662 2782 2783 2664 2663 2784 2663 2783 2784 
2665 2664 2785 2664 2784 2785 2666 2665 2786 
2665 2785 2786 2667 2666 2787 2666 2786 2787 
2668 2667 2788 2667 2787 2788 2669 2668 2789 
2668 2788 2789 2670 2669 2790 2669 2789 2790 
2671 2670 2791 2670 2790 2791 2672 2671 2792 
2671 2791 2792 2673 2672 2793 2672 2792 2793 
2674 2673 2794 2673 2793 2794 2675 2674 2795 
2674 2794 2795 2676 2675 2796 2675 2795 2796 
2677 2676 2797 2676 2796 2797 2678 2677 2798 
2677 2797 2798 2679 2678 2799 2678 2798 2799 
2680 2679 2800 2679 2799 2800 2681 2680 2801 
2680 2800 2801 2682 2681 2802 2681 2801 2802 
2683 2682 2803 2682 2802 2803 2684 2683 2804 
2683 2803 2804 2685 2684 2805 2684 2804 2805 
2686 2685 2806 2685 2805 2806 2687 2686 2807 
2686 2806 2807 2688 2687 2808 2687 2807 2808 
2689 2688 2809 2688 2808 2809 2690 2689 2810 
2689 2809 2810 2691 2690 2811 2690 2810 2811 
2692 2691 2812 2691 2811 2812 2693 2692 2813 
2692 2812 2813 2694 2693 2814 2693 2813 2814 
2695 2694 2815 2694 2814 2815 2696 2695 2816 
2695 2815 2816 2697 2696 2817 2696 2816 2817 
2698 2697 2818 2697 2817 2818 2699 2698 2819 
2698 2818 2819 2700 2820 2701 2701 2820 2821 
2702 2822 2700 2700 2822 2820 2703 2823 2702 
2702 2823 2822 2704 2824 2703 2703 2824 2823 
2705 2825 2704 2704 2825 2824 2706 2826 2705 
2705 2826 2825 2707 2827 2706 2706 2827 2826 
2708 2828 2707 2707 2828 2827 2709 2829 2708 
2708 2829 2828 2710 2830 2709 2709 2830 2829 
2711 2831 2710 2710 2831 2830 2712 2832 2711 
2711 2832 2831 2713 2833 2712 2712 2833 2832 
2714 2834 2713 2713 2834 2833 2715 2835 2714 
2714 2835 2834 2716 2836 2715 2715 2836 2835 
2717 2837 2716 2716 2837 2836 2718 2838 2717 
2717 2838 2837 2719 2839 2718 2718 2839 2838 
2720 2840 2719 2719 2840 2839 2721 2841 2720 
2720 2841 2840 2722 2842 2721 2721 2842 2841 
2723 2843 2722 2722 2843 2842 2724 2844 2723 
2723 2844 2843 2725 2845 2724 2724 2845 2844 
2726 2846 2725 2725 2846 2845 2727 2847 2726 
2726 2847 2846 2728 2848 2727 2727 2848 2847 
2729 2849 2728 2728 2849 2848 2730 2850 2729 
2729 2850 2849 2731 2851 2730 2730 2851 2850 
2732 2852 2731 2731 2852 2851 2733 2853 2732 
2732 2853 2852 2734 2854 2733 2733 2854 2853 
2735 2855 2734 2734 2855 2854 2736 2856 2735 
2735 2856 2855 2737 2857 2736 2736 2857 2856 
2738 2858 2737 2737 2858 2857 2739 2859 2738 
2738 2859 2858 2740 2860 2739 2739 2860 2859 
2741 2861 2740 2740 2861 2860 2742 2862 2741 
2741 2862 2861 2743 2863 2742 2742 2863 2862 
2744 2864 2743 2743 2864 2863 2745 2865 2744 
2744 2865 2864 2746 2866 2745 2745 2866 2865 
2747 2867 2746 2746 2867 2866 2748 2868 2747 
2747 2868 2867 2749 2869 2748 2748 2869 2868 
2750 2870 2749 2749 2870 2869 2751 2871 2750 
2750 2871 2870 2752 2872 2751 2751 2872 2871 
2753 2873 2752 2752 2873 2872 2754 2874 2753 
2753 2874 2873 2755 2875 2754 2754 2875 2874 
2756 2876 2755 2755 2876 2875 2757 2877 2756 
2756 2877 2876 2758 2878 2757 2757 2878 2877 
2759 2879 2758 2758 2879 2878 2760 2761 2880 
2761 2881 2880 2762 2760 2882 2760 2880 2882 
2763 2762 2883 2762 2882 2883 2764 2763 2884 
2763 2883 2884 2765 2764 2885 2764 2884 2885 
2766 2765 2886 2765 2885 2886 2767 2766 2887 
2766 2886 2887 2768 2767 2888 2767 2887 2888 
2769 2768 2889 2768 2888 2889 2770 2769 2890 
2769 2889 2890 2771 2770 2891 2770 2890 2891 
2772 2771 2892 2771 2891 2892 2773 2772 2893 
2772 2892 2893 2774 2773 2894 2773 2893 2894 
2775 2774 2895 2774 2894 2895 2776 2775 2896 
2775 2895 2896 2777 2776 2897 2776 2896 2897 
2778 2777 2898 2777 2897 2898 2779 2778 2899 
2778 2898 2899 2780 2779 2900 2779 2899 2900 
2781 2780 2901 2780 2900 2901 2782 2781 2902 
2781 2901 2902 2783 2782 2903 2782 2902 2903 
2784 2783 2904 2783 2903 2904 2785 2784 2905 
2784 2904 2905 2786 2785 2906 2785 2905 2906 
2787 2786 2907 2786 2906 2907 2788 2787 2908 
2787 2907 2908 2789 2788 2909 2788 2908 2909 
2790 2789 2910 2789 2909 2910 2791 2790 2911 
2790 2910 2911 2792 2791 2912 2791 2911 2912 
2793 2792 2913 2792 2912 2913 2794 2793 2914 
2793 2913 2914 2795 2794 2915 2794 2914 2915 
2796 2795 2916 2795 2915 2916 2797 2796 2917 
2796 2916 2917 2798 2797 2918 2797 2917 2918 
2799 2798 2919 2798 2918 2919 2800 2799 2920 
2799 2919 2920 2801 2800 2921 2800 2920 2921 
2802 2801 2922 2801 2921 2922 2803 2802 2923 
2802 2922 2923 2804 2803 2924 2803 2923 2924 
2805 2804 2925 2804 2924 2925 2806 2805 2926 
2805 2925 2926 2807 2806 2927 2806 2926 2927 
2808 2807 2928 2807 2927 2928 2809 2808 2929 
2808 2928 2929 2810 2809 2930 2809 2929 2930 
2811 2810 2931 2810 2930 2931 2812 2811 2932 
2811 2931 2932 2813 2812 2933 2812 2932 2933 
2814 2813 2934 2813 2933 2934 2815 2814 2935 
2814 2934 2935 2816 2815 2936 2815 2935 2936 
2817 2816 2937 2816 2936 2937 2818 2817 2938 
2817 2937 2938 2819 2818 2939 2818 2938 2939 
2820 2940 2821 2821 2940 2941 2822 2942 2820 
2820 2942 2940 2823 2943 2822 2822 2943 2942 
2824 2944 2823 2823 2944 2943 2825 2945 2824 
2824 2945 2944 2826 2946 2825 2825 2946 2945 
2827 2947 2826 2826 2947 2946 2828 2948 2827 
2827 2948 2947 2829 2949 2828 2828 2949 2948 
2830 2950 2829 2829 2950 2949 2831 2951 2830 
2830 2951 2950 2832 2952 2831 2831 2952 2951 
2833 2953 2832 2832 2953 2952 2834 2954 2833 
2833 2954 2953 2835 2955 2834 2834 2955 2954 
2836 2956 2835 2835 2956 2955 2837 2957 2836 
2836 2957 2956 2838 2958 2837 2837 2958 2957 
2839 2959 2838 2838 2959 2958 2840 2960 2839 
2839 2960 2959 2841 2961 2840 2840 2961 2960 
2842 2962 2841 2841 2962 2961 2843 2963 2842 
2842 2963 2962 2844 2964 2843 2843 2964 2963 
2845 2965 2844 2844 2965 2964 2846 2966 2845 
2845 2966 2965 2847 2967 2846 2846 2967 2966 
2848 2968 2847 2847 2968 2967 2849 2969 2848 
2848 2969 2968 2850 2970 2849 2849 2970 2969 
2851 2971 2850 2850 2971 2970 2852 2972 2851 
2851 2972 2971 2853 2973 2852 2852 2973 2972 
2854 2974 2853 2853 2974 2973 2855 2975 2854 
2854 2975 2974 2856 2976 2855 2855 2976 2975 
2857 2977 2856 2856 2977 2976 2858 2978 2857 
2857 2978 2977 2859 2979 2858 2858 2979 2978 
2860 2980 2859 2859 2980 2979 2861 2981 2860 
2860 2981 2980 2862 2982 2861 2861 2982 2981 
2863 2983 2862 2862 2983 2982 2864 2984 2863 
2863 2984 2983 2865 2985 2864 2864 2985 2984 
2866 2986 2865 2865 2986 2985 2867 2987 2866 
2866 2987 2986 2868 2988 2867 2867 2988 2987 
2869 2989 2868 2868 2989 2988 2870 2990 2869 
2869 2990 2989 2871 2991 2870 2870 2991 2990 
2872 2992 2871 2871 2992 2991 2873 2993 2872 
2872 2993 2992 2874 2994 2873 2873 2994 2993 
2875 2995 2874 2874 2995 2994 2876 2996 2875 
2875 2996 2995 2877 2997 2876 2876 2997 2996 
2878 2998 2877 2877 2998 2997 2879 2999 2878 
2878 2999 2998 2880 2881 3000 2881 3001 3000 
2882 2880 3002 2880 3000 3002 2883 2882 3003 
2882 3002 3003 2884 2883 3004 2883 3003 3004 
2885 2884 3005 2884 3004 3005 2886 2885 3006 
2885 3005 3006 2887 2886 3007 2886 3006 3007 
2888 2887 3008 2887 3007 3008 2889 2888 3009 
2888 3008 3009 2890 2889 3010 2889 3009 3010 
2891 2890 3011 2890 3010 3011 2892 2891 3012 
2891 3011 3012 2893 2892 3013 2892 3012 3013 
2894 2893 3014 2893 3013 3014 2895 2894 3015 
2894 3014 3015 2896 2895 3016 2895 3015 3016 
2897 2896 3017 2896 3016 3017 2898 2897 3018 
2897 3017 3018 2899 2898 3019 2898 3018 3019 
2900 2899 3020 2899 3019 3020 2901 2900 3021 
2900 3020 3021 2902 2901 3022 2901 3021 3022 
2903 2902 3023 2902 3022 3023 2904 2903 3024 
2903 3023 3024 2905 2904 3025 2904 3024 3025 
2906 2905 3026 2905 3025 3026 2907 2906 3027 
2906 3026 3027 2908 2907 3028 2907 3027 3028 
2909 2908 3029 2908 3028 3029 2910 2909 3030 
2909 3029 3030 2911 2910 3031 2910 3030 3031 
2912 2911 3032 2911 3031 3032 2913 2912 3033 
2912 3032 3033 2914 2913 3034 2913 3033 3034 
2915 2914 3035 2914 3034 3035 2916 2915 3036 
2915 3035 3036 2917 2916 3037 2916 3036 3037 
2918 2917 3038 2917 3037 3038 2919 2918 3039 
2918 3038 3039 2920 2919 3040 2919 3039 3040 
2921 2920 3041 2920 3040 3041 2922 2921 3042 
2921 3041 3042 2923 2922 3043 2922 3042 3043 
2924 2923 3044 2923 3043 3044 2925 2924 3045 
2924 3044 3045 2926 2925 3046 2925 3045 3046 
2927 2926 3047 2926 3046 3047 2928 2927 3048 
2927 3047 3048 2929 2928 3049 2928 3048 3049 
2930 2929 3050 2929 3049 3050 2931 2930 3051 
2930 3050 3051 2932 2931 3052 2931 3051 3052 
2933 2932 3053 2932 3052 3053 2934 2933 3054 
2933 3053 3054 2935 2934 3055 2934 3054 3055 
2936 2935 3056 2935 3055 3056 2937 2936 3057 
2936 3056 3057 2938 2937 3058 2937 3057 3058 
2939 2938 3059 2938 3058 3059 2940 3060 2941 
2941 3060 3061 2942 3062 2940 2940 3062 3060 
2943 3063 2942 2942 3063 3062 2944 3064 2943 
2943 3064 3063 2945 3065 2944 2944 3065 3064 
2946 3066 2945 2945 3066 3065 2947 3067 2946 
2946 3067 3066 2948 3068 2947 2947 3068 3067 
2949 3069 2948 2948 3069 3068 2950 3070 2949 
2949 3070 3069 2951 3071 2950 2950 3071 3070 
2952 3072 2951 2951 3072 3071 2953 3073 2952 
2952 3073 3072 2954 3074 2953 2953 3074 3073 
2955 3075 2954 2954 3075 3074 2956 3076 2955 
2955 3076 3075 2957 3077 2956 2956 3077 3076 
2958 3078 2957 2957 3078 3077 2959 3079 2958 
2958 3079 3078 2960 3080 2959 2959 3080 3079 
2961 3081 2960 2960 3081 3080 2962 3082 2961 
2961 3082 3081 2963 3083 2962 2962 3083 3082 
2964 3084 2963 2963 3084 3083 2965 3085 2964 
2964 3085 3084 2966 3086 2965 2965 3086 3085 
2967 3087 2966 2966 3087 3086 2968 3088 2967 
2967 3088 3087 2969 3089 2968 2968 3089 3088 
2970 3090 2969 2969 3090 3089 2971 3091 2970 
2970 3091 3090 2972 3092 2971 2971 3092 3091 
2973 3093 2972 2972 3093 3092 2974 3094 2973 
2973 3094 3093 2975 3095 2974 2974 3095 3094 
2976 3096 2975 2975 3096 3095 2977 3097 2976 
2976 3097 3096 2978 3098 2977 2977 3098 3097 
2979 3099 2978 2978 3099 3098 2980 3100 2979 
2979 3100 3099 2981 3101 2980 2980 3101 3100 
2982 3102 2981 2981 3102 3101 2983 3103 2982 
2982 3103 3102 2984 3104 2983 2983 3104 3103 
2985 3105 2984 2984 3105 3104 2986 3106 2985 
2985 3106 3105 2987 3107 2986 2986 3107 3106 
2988 3108 2987 2987 3108 3107 2989 3109 2988 
2988 3109 3108 2990 3110 2989 2989 3110 3109 
2991 3111 2990 2990 3111 3110 2992 3112 2991 
2991 3112 3111 2993 3113 2992 2992 3113 3112 
2994 3114 2993 2993 3114 3113 2995 3115 2994 
2994 3115 3114 2996 3116 2995 2995 3116 3115 
2997 3117 2996 2996 3117 3116 2998 3118 2997 
2997 3118 3117 2999 3119 2998 2998 3119 3118 
3000 3001 3120 3001 3121 3120 3002 3000 3122 
3000 3120 3122 3003 3002 3123 3002 3122 3123 
3004 3003 3124 3003 3123 3124 3005 3004 3125 
3004 3124 3125 3006 3005 3126 3005 3125 3126 
3007 3006 3127 3006 3126 3127 3008 3007 3128 
3007 3127 3128 3009 3008 3129 3008 3128 3129 
3010 3009 3130 3009 3129 3130 3011 3010 3131 
3010 3130 3131 3012 3011 3132 3011 3131 3132 
3013 3012 3133 3012 3132 3133 3014 3013 3134 
3013 3133 3134 3015 3014 3135 3014 3134 3135 
3016 3015 3136 3015 3135 3136 3017 3016 3137 
3016 3136 3137 3018 3017 3138 3017 3137 3138 
3019 3018 3139 3018 3138 3139 3020 3019 3140 
3019 3139 3140 3021 3020 3141 3020 3140 3141 
3022 3021 3142 3021 3141 3142 3023 3022 3143 
3022 3142 3143 3024 3023 3144 3023 3143 3144 
3025 3024 3145 3024 3144 3145 3026 3025 3146 
3025 3145 3146 3027 3026 3147 3026 3146 3147 
3028 3027 3148 3027 3147 3148 3029 3028 3149 
3028 3148 3149 3030 3029 3150 3029 3149 3150 
3031 3030 3151 3030 3150 3151 3032 3031 3152 
3031 3151 3152 3033 3032 3153 3032 3152 3153 
3034 3033 3154 3033 3153 3154 3035 3034 3155 
3034 3154 3155 3036 3035 3156 3035 3155 3156 
3037 3036 3157 3036 3156 3157 3038 3037 3158 
3037 3157 3158 3039 3038 3159 3038 3158 3159 
3040 3039 3160 3039 3159 3160 3041 3040 3161 
3040 3160 3161 3042 3041 3162 3041 3161 3162 
3043 3042 3163 3042 3162 3163 3044 3043 3164 
3043 3163 3164 3045 3044 3165 3044 3164 3165 
3046 3045 3166 3045 3165 3166 3047 3046 3167 
3046 3166 3167 3048 3047 3168 3047 3167 3168 
3049 3048 3169 3048 3168 3169 3050 3049 3170 
3049 3169 3170 3051 3050 3171 3050 3170 3171 
3052 3051 3172 3051 3171 3172 3053 3052 3173 
3052 3172 3173 3054 3053 3174 3053 3173 3174 
3055 3054 3175 3054 3174 3175 3056 3055 3176 
3055 3175 3176 3057 3056 3177 3056 3176 3177 
3058 3057 3178 3057 3177 3178 3059 3058 3179 
3058 3178 3179 3060 3180 3061 3181 3180 3060 
3062 3181 3060 3182 3181 3062 3063 3182 3062 
3183 3182 3063 3064 3183 3063 3184 3183 3064 
3065 3184 3064 3185 3184 3065 3066 3185 3065 
3186 3185 3066 3067 3186 3066 3187 3186 3067 
3068 3187 3067 3188 3187 3068 3069 3188 3068 
3189 3188 3069 3070 3189 3069 3190 3189 3070 
3071 3190 3070 3191 3190 3071 3072 3191 3071 
3192 3191 3072 3073 3192 3072 3193 3192 3073 
3074 3193 3073 3194 3193 3074 3075 3194 3074 
3195 3194 3075 3076 3195 3075 3196 3195 3076 
3077 3196 3076 3197 3196 3077 3078 3197 3077 
3198 3197 3078 3079 3198 3078 3199 3198 3079 
3080 3199 3079 3200 3199 3080 3081 3200 3080 
3201 3200 3081 3082 3201 3081 3202 3201 3082 
3083 3202 3082 3203 3202 3083 3084 3203 3083 
3204 3203 3084 3085 3204 3084 3205 3204 3085 
3086 3205 3085 3206 3205 3086 3087 3206 3086 
3207 3206 3087 3088 3207 3087 3208 3207 3088 
3089 3208 3088 3209 3208 3089 3090 3209 3089 
3210 3209 3090 3091 3210 3090 3211 3210 3091 
3092 3211 3091 3212 3211 3092 3093 3212 3092 
3213 3212 3093 3094 3213 3093 3214 3213 3094 
3095 3214 3094 3215 3214 3095 3096 3215 3095 
3216 3215 3096 3097 3216 3096 3217 3216 3097 
3098 3217 3097 3218 3217 3098 3099 3218 3098 
3219 3218 3099 3100 3219 3099 3220 3219 3100 
3101 3220 3100 3221 3220 3101 3102 3221 3101 
3222 3221 3102 3103 3222 3102 3223 3222 3103 
3104 3223 3103 3224 3223 3104 3105 3224 3104 
3225 3224 3105 3106 3225 3105 3226 3225 3106 
3107 3226 3106 3227 3226 3107 3108 3227 3107 
3228 3227 3108 3109 3228 3108 3229 3228 3109 
3110 3229 3109 3230 3229 3110 3111 3230 3110 
3231 3230 3111 3112 3231 3111 3232 3231 3112 
3113 3232 3112 3233 3232 3113 3114 3233 3113 
3234 3233 3114 3115 3234 3114 3235 3234 3115 
3116 3235 3115 3236 3235 3116 3117 3236 3116 
3237 3236 3117 3118 3237 3117 3238 3237 3118 
3119 3238 3118 3239 3238 3119 3121 3240 3120 
3241 3240 3121 3120 3242 3122 3240 3242 3120 
3122 3243 3123 3242 3243 3122 3123 3244 3124 
3243 3244 3123 3124 3245 3125 3244 3245 3124 
3125 3246 3126 3245 3246 3125 3126 3247 3127 
3246 3247 3126 3127 3248 3128 3247 3248 3127 
3128 3249 3129 3248 3249 3128 3129 3250 3130 
3249 3250 3129 3130 3251 3131 3250 3251 3130 
3131 3252 3132 3251 3252 3131 3132 3253 3133 
3252 3253 3132 3133 3254 3134 3253 3254 3133 
3134 3255 3135 3254 3255 3134 3135 3256 3136 
3255 3256 3135 3136 3257 3137 3256 3257 3136 
3137 3258 3138 3257 3258 3137 3138 3259 3139 
3258 3259 3138 3139 3260 3140 3259 3260 3139 
3140 3261 3141 3260 3261 3140 3141 3262 3142 
3261 3262 3141 3142 3263 3143 3262 3263 3142 
3143 3264 3144 3263 3264 3143 3144 3265 3145 
3264 3265 3144 3145 3266 3146 3265 3266 3145 
3146 3267 3147 3266 3267 3146 3147 3268 3148 
3267 3268 3147 3148 3269 3149 3268 3269 3148 
3149 3270 3150 3269 3270 3149 3150 3271 3151 
3270 3271 3150 3151 3272 3152 3271 3272 3151 
3152 3273 3153 3272 3273 3152 3153 3274 3154 
3273 3274 3153 3154 3275 3155 3274 3275 3154 
3155 3276 3156 3275 3276 3155 3156 3277 3157 
3276 3277 3156 3157 3278 3158 3277 3278 3157 
3158 3279 3159 3278 3279 3158 3159 3280 3160 
3279 3280 3159 3160 3281 3161 3280 3281 3160 
3161 3282 3162 3281 3282 3161 3162 3283 3163 
3282 3283 3162 3163 3284 3164 3283 3284 3163 
3164 3285 3165 3284 3285 3164 3165 3286 3166 
3285 3286 3165 3166 3287 3167 3286 3287 3166 
3167 3288 3168 3287 3288 3167 3168 3289 3169 
3288 3289 3168 3169 3290 3170 3289 3290 3169 
3170 3291 3171 3290 3291 3170 3171 3292 3172 
3291 3292 3171 3172 3293 3173 3292 3293 3172 
3173 3294 3174 3293 3294 3173 3174 3295 3175 
3294 3295 3174 3175 3296 3176 3295 3296 3175 
3176 3297 3177 3296 3297 3176 3177 3298 3178 
3297 3298 3177 3178 3299 3179 3298 3299 3178 
3181 3300 3180 3301 3300 3181 3182 3301 3181 
3302 3301 3182 3183 3302 3182 3303 3302 3183 
3184 3303 3183 3304 3303 3184 3185 3304 3184 
3305 3304 3185 3186 3305 3185 3306 3305 3186 
3187 3306 3186 3307 3306 3187 3188 3307 3187 
3308 3307 3188 3189 3308 3188 3309 3308 3189 
3190 3309 3189 3310 3309 3190 3191 3310 3190 
3311 3310 3191 3192 3311 3191 3312 3311 3192 
3193 3312 3192 3313 3312 3193 3194 3313 3193 
3314 3313 3194 3195 3314 3194 3315 3314 3195 
3196 3315 3195 3316 3315 3196 3197 3316 3196 
3317 3316 3197 3198 3317 3197 3318 3317 3198 
3199 3318 3198 3319 3318 3199 3200 3319 3199 
3320 3319 3200 3201 3320 3200 3321 3320 3201 
3202 3321 3201 3322 3321 3202 3203 3322 3202 
3323 3322 3203 3204 3323 3203 3324 3323 3204 
3205 3324 3204 3325 3324 3205 3206 3325 3205 
3326 3325 3206 3207 3326 3206 3327 3326 3207 
3208 3327 3207 3328 3327 3208 3209 3328 3208 
3329 3328 3209 3210 3329 3209 3330 3329 3210 
3211 3330 3210 3331 3330 3211 3212 3331 3211 
3332 3331 3212 3213 3332 3212 3333 3332 3213 
3214 3333 3213 3334 3333 3214 3215 3334 3214 
3335 3334 3215 3216 3335 3215 3336 3335 3216 
3217 3336 3216 3337 3336 3217 3218 3337 3217 
3338 3337 3218 3219 3338 3218 3339 3338 3219 
3220 3339 3219 3340 3339 3220 3221 3340 3220 
3341 3340 3221 3222 3341 3221 3342 3341 3222 
3223 3342 3222 3343 3342 3223 3224 3343 3223 
3344 3343 3224 3225 3344 3224 3345 3344 3225 
3226 3345 3225 3346 3345 3226 3227 3346 3226 
3347 3346 3227 3228 3347 3227 3348 3347 3228 
3229 3348 3228 3349 3348 3229 3230 3349 3229 
3350 3349 3230 3231 3350 3230 3351 3350 3231 
3232 3351 3231 3352 3351 3232 3233 3352 3232 
3353 3352 3233 3234 3353 3233 3354 3353 3234 
3235 3354 3234 3355 3354 3235 3236 3355 3235 
3356 3355 3236 3237 3356 3236 3357 3356 3237 
3238 3357 3237 3358 3357 3238 3239 3358 3238 
3359 3358 3239 3241 3360 3240 3361 3360 3241 
3240 3362 3242 3360 3362 3240 3242 3363 3243 
3362 3363 3242 3243 3364 3244 3363 3364 3243 
3244 3365 3245 3364 3365 3244 3245 3366 3246 
3365 3366 3245 3246 3367 3247 3366 3367 3246 
3247 3368 3248 3367 3368 3247 3248 3369 3249 
3368 3369 3248 3249 3370 3250 3369 3370 3249 
3250 3371 3251 3370 3371 3250 3251 3372 3252 
3371 3372 3251 3252 3373 3253 3372 3373 3252 
3253 3374 3254 3373 3374 3253 3254 3375 3255 
3374 3375 3254 3255 3376 3256 3375 3376 3255 
3256 3377 3257 3376 3377 3256 3257 3378 3258 
3377 3378 3257 3258 3379 3259 3378 3379 3258 
3259 3380 3260 3379 3380 3259 3260 3381 3261 
3380 3381 3260 3261 3382 3262 3381 3382 3261 
3262 3383 3263 3382 3383 3262 3263 3384 3264 
3383 3384 3263 3264 3385 3265 3384 3385 3264 
3265 3386 3266 3385 3386 3265 3266 3387 3267 
3386 3387 3266 3267 3388 3268 3387 3388 3267 
3268 3389 3269 3388 3389 3268 3269 3390 3270 
3389 3390 3269 3270 3391 3271 3390 3391 3270 
3271 3392 3272 3391 3392 3271 3272 3393 3273 
3392 3393 3272 3273 3394 3274 3393 3394 3273 
3274 3395 3275 3394 3395 3274 3275 3396 3276 
3395 3396 3275 3276 3397 3277 3396 3397 3276 
3277 3398 3278 3397 3398 3277 3278 3399 3279 
3398 3399 3278 3279 3400 3280 3399 3400 3279 
3280 3401 3281 3400 3401 3280 3281 3402 3282 
3401 3402 3281 3282 3403 3283 3402 3403 3282 
3283 3404 3284 3403 3404 3283 3284 3405 3285 
3404 3405 3284 3285 3406 3286 3405 3406 3285 
3286 3407 3287 3406 3407 3286 3287 3408 3288 
3407 3408 3287 3288 3409 3289 3408 3409 3288 
3289 3410 3290 3409 3410 3289 3290 3411 3291 
3410 3411 3290 3291 3412 3292 3411 3412 3291 
3292 3413 3293 3412 3413 3292 3293 3414 3294 
3413 3414 3293 3294 3415 3295 3414 3415 3294 
3295 3416 3296 3415 3416 3295 3296 3417 3297 
3416 3417 3296 3297 3418 3298 3417 3418 3297 
3298 3419 3299 3418 3419 3298 3301 3420 3300 
3300 3420 3421 3302 3422 3301 3301 3422 3420 
3303 3423 3302 3302 3423 3422 3304 3424 3303 
3303 3424 3423 3305 3425 3304 3304 3425 3424 
3306 3426 3305 3305 3426 3425 3307 3427 3306 
3306 3427 3426 3308 3428 3307 3307 3428 3427 
3309 3429 3308 3308 3429 3428 3310 3430 3309 
3309 3430 3429 3311 3431 3310 3310 3431 3430 
3312 3432 3311 3311 3432 3431 3313 3433 3312 
3312 3433 3432 3314 3434 3313 3313 3434 3433 
3315 3435 3314 3314 3435 3434 3316 3436 3315 
3315 3436 3435 3317 3437 3316 3316 3437 3436 
3318 3438 3317 3317 3438 3437 3319 3439 3318 
3318 3439 3438 3320 3440 3319 3319 3440 3439 
3321 3441 3320 3320 3441 3440 3322 3442 3321 
3321 3442 3441 3323 3443 3322 3322 3443 3442 
3324 3444 3323 3323 3444 3443 3325 3445 3324 
3324 3445 3444 3326 3446 3325 3325 3446 3445 
3327 3447 3326 3326 3447 3446 3328 3448 3327 
3327 3448 3447 3329 3449 3328 3328 3449 3448 
3330 3450 3329 3329 3450 3449 3331 3451 3330 
3330 3451 3450 3332 3452 3331 3331 3452 3451 
3333 3453 3332 3332 3453 3452 3334 3454 3333 
3333 3454 3453 3335 3455 3334 3334 3455 3454 
3336 3456 3335 3335 3456 3455 3337 3457 3336 
3336 3457 3456 3338 3458 3337 3337 3458 3457 
3339 3459 3338 3338 3459 3458 3340 3460 3339 
3339 3460 3459 3341 3461 3340 3340 3461 3460 
3342 3462 3341 3341 3462 3461 3343 3463 3342 
3342 3463 3462 3344 3464 3343 3343 3464 3463 
3345 3465 3344 3344 3465 3464 3346 3466 3345 
3345 3466 3465 3347 3467 3346 3346 3467 3466 
3348 3468 3347 3347 3468 3467 3349 3469 3348 
3348 3469 3468 3350 3470 3349 3349 3470 3469 
3351 3471 3350 3350 3471 3470 3352 3472 3351 
3351 3472 3471 3353 3473 3352 3352 3473 3472 
3354 3474 3353 3353 3474 3473 3355 3475 3354 
3354 3475 3474 3356 3476 3355 3355 3476 3475 
3357 3477 3356 3356 3477 3476 3358 3478 3357 
3357 3478 3477 3359 3479 3358 3358 3479 3478 
3360 3361 3480 3361 3481 3480 3362 3360 3482 
3360 3480 3482 3363 3362 3483 3362 3482 3483 
3364 3363 3484 3363 3483 3484 3365 3364 3485 
3364 3484 3485 3366 3365 3486 3365 3485 3486 
3367 3366 3487 3366 3486 3487 3368 3367 3488 
3367 3487 3488 3369 3368 3489 3368 3488 3489 
3370 3369 3490 3369 3489 3490 3371 3370 3491 
3370 3490 3491 3372 3371 3492 3371 3491 3492 
3373 3372 3493 3372 3492 3493 3374 3373 3494 
3373 3493 3494 3375 3374 3495 3374 3494 3495 
3376 3375 3496 3375 3495 3496 3377 3376 3497 
3376 3496 3497 3378 3377 3498 3377 3497 3498 
3379 3378 3499 3378 3498 3499 3380 3379 3500 
3379 3499 3500 3381 3380 3501 3380 3500 3501 
3382 3381 3502 3381 3501 3502 3383 3382 3503 
3382 3502 3503 3384 3383 3504 3383 3503 3504 
3385 3384 3505 3384 3504 3505 3386 3385 3506 
3385 3505 3506 3387 3386 3507 3386 3506 3507 
3388 3387 3508 3387 3507 3508 3389 3388 3509 
3388 3508 3509 3390 3389 3510 3389 3509 3510 
3391 3390 3511 3390 3510 3511 3392 3391 3512 
3391 3511 3512 3393 3392 3513 3392 3512 3513 
3394 3393 3514 3393 3513 3514 3395 3394 3515 
3394 3514 3515 3396 3395 3516 3395 3515 3516 
3397 3396 3517 3396 3516 3517 3398 3397 3518 
3397 3517 3518 3399 3398 3519 3398 3518 3519 
3400 3399 3520 3399 3519 3520 3401 3400 3521 
3400 3520 3521 3402 3401 3522 3401 3521 3522 
3403 3402 3523 3402 3522 3523 3404 3403 3524 
3403 3523 3524 3405 3404 3525 3404 3524 3525 
3406 3405 3526 3405 3525 3526 3407 3406 3527 
3406 3526 3527 3408 3407 3528 3407 3527 3528 
3409 3408 3529 3408 3528 3529 3410 3409 3530 
3409 3529 3530 3411 3410 3531 3410 3530 3531 
3412 3411 3532 3411 3531 3532 3413 3412 3533 
3412 3532 3533 3414 3413 3534 3413 3533 3534 
3415 3414 3535 3414 3534 3535 3416 3415 3536 
3415 3535 3536 3417 3416 3537 3416 3536 3537 
3418 3417 3538 3417 3537 3538 3419 3418 3539 
3418 3538 3539 3420 3540 3421 3421 3540 3541 
3422 3542 3420 3420 3542 3540 3423 3543 3422 
3422 3543 3542 3424 3544 3423 3423 3544 3543 
3425 3545 3424 3424 3545 3544 3426 3546 3425 
3425 3546 3545 3427 3547 3426 3426 3547 3546 
3428 3548 3427 3427 3548 3547 3429 3549 3428 
3428 3549 3548 3430 3550 3429 3429 3550 3549 
3431 3551 3430 3430 3551 3550 3432 3552 3431 
3431 3552 3551 3433 3553 3432 3432 3553 3552 
3434 3554 3433 3433 3554 3553 3435 3555 3434 
3434 3555 3554 3436 3556 3435 3435 3556 3555 
3437 3557 3436 3436 3557 3556 3438 3558 3437 
3437 3558 3557 3439 3559 3438 3438 3559 3558 
3440 3560 3439 3439 3560 3559 3441 3561 3440 
3440 3561 3560 3442 3562 3441 3441 3562 3561 
3443 3563 3442 3442 3563 3562 3444 3564 3443 
3443 3564 3563 3445 3565 3444 3444 3565 3564 
3446 3566 3445 3445 3566 3565 3447 3567 3446 
3446 3567 3566 3448 3568 3447 3447 3568 3567 
3449 3569 3448 3448 3569 3568 3450 3570 3449 
3449 3570 3569 3451 3571 3450 3450 3571 3570 
3452 3572 3451 3451 3572 3571 3453 3573 3452 
3452 3573 3572 3454 3574 3453 3453 3574 3573 
3455 3575 3454 3454 3575 3574 3456 3576 3455 
3455 3576 3575 3457 3577 3456 3456 3577 3576 
3458 3578 3457 3457 3578 3577 3459 3579 3458 
3458 3579 3578 3460 3580 3459 3459 3580 3579 
3461 3581 3460 3460 3581 3580 3462 3582 3461 
3461 3582 3581 3463 3583 3462 3462 3583 3582 
3464 3584 3463 3463 3584 3583 3465 3585 3464 
3464 3585 3584 3466 3586 3465 3465 3586 3585 
3467 3587 3466 3466 3587 3586 3468 3588 3467 
3467 3588 3587 3469 3589 3468 3468 3589 3588 
3470 3590 3469 3469 3590 3589 3471 3591 3470 
3470 3591 3590 3472 3592 3471 3471 3592 3591 
3473 3593 3472 3472 3593 3592 3474 3594 3473 
3473 3594 3593 3475 3595 3474 3474 3595 3594 
3476 3596 3475 3475 3596 3595 3477 3597 3476 
3476 3597 3596 3478 3598 3477 3477 3598 3597 
3479 3599 3478 3478 3599 3598 3480 3481 3600 
3481 3601 3600 3482 3480 3602 3480 3600 3602 
3483 3482 3603 3482 3602 3603 3484 3483 3604 
3483 3603 3604 3485 3484 3605 3484 3604 3605 
3486 3485 3606 3485 3605 3606 3487 3486 3607 
3486 3606 3607 3488 3487 3608 3487 3607 3608 
3489 3488 3609 3488 3608 3609 3490 3489 3610 
3489 3609 3610 3491 3490 3611 3490 3610 3611 
3492 3491 3612 3491 3611 3612 3493 3492 3613 
3492 3612 3613 3494 3493 3614 3493 3613 3614 
3495 3494 3615 3494 3614 3615 3496 3495 3616 
3495 3615 3616 3497 3496 3617 3496 3616 3617 
3498 3497 3618 3497 3617 3618 3499 3498 3619 
3498 3618 3619 3500 3499 3620 3499 3619 3620 
3501 3500 3621 3500 3620 3621 3502 3501 3622 
3501 3621 3622 3503 3502 3623 3502 3622 3623 
3504 3503 3624 3503 3623 3624 3505 3504 3625 
3504 3624 3625 3506 3505 3626 3505 3625 3626 
3507 3506 3627 3506 3626 3627 3508 3507 3628 
3507 3627 3628 3509 3508 3629 3508 3628 3629 
3510 3509 3630 3509 3629 3630 3511 3510 3631 
3510 3630 3631 3512 3511 3632 3511 3631 3632 
3513 3512 3633 3512 3632 3633 3514 3513 3634 
3513 3633 3634 3515 3514 3635 3514 3634 3635 
3516 3515 3636 3515 3635 3636 3517 3516 3637 
3516 3636 3637 3518 3517 3638 3517 3637 3638 
3519 3518 3639 3518 3638 3639 3520 3519 3640 
3519 3639 3640 3521 3520 3641 3520 3640 3641 
3522 3521 3642 3521 3641 3642 3523 3522 3643 
3522 3642 3643 3524 3523 3644 3523 3643 3644 
3525 3524 3645 3524 3644 3645 3526 3525 3646 
3525 3645 3646 3527 3526 3647 3526 3646 3647 
3528 3527 3648 3527 3647 3648 3529 3528 3649 
3528 3648 3649 3530 3529 3650 3529 3649 3650 
3531 3530 3651 3530 3650 3651 3532 3531 3652 
3531 3651 3652 3533 3532 3653 3532 3652 3653 
3534 3533 3654 3533 3653 3654 3535 3534 3655 
3534 3654 3655 3536 3535 3656 3535 3655 3656 
3537 3536 3657 3536 3656 3657 3538 3537 3658 
3537 3657 3658 3539 3538 3659 3538 3658 3659 
3540 3660 3541 3541 3660 3661 3542 3662 3540 
3540 3662 3660 3543 3663 3542 3542 3663 3662 
3544 3664 3543 3543 3664 3663 3545 3665 3544 
3544 3665 3664 3546 3666 3545 3545 3666 3665 
3547 3667 3546 3546 3667 3666 3548 3668 3547 
3547 3668 3667 3549 3669 3548 3548 3669 3668 
3550 3670 3549 3549 3670 3669 3551 3671 3550 
3550 3671 3670 3552 3672 3551 3551 3672 3671 
3553 3673 3552 3552 3673 3672 3554 3674 3553 
3553 3674 3673 3555 3675 3554 3554 3675 3674 
3556 3676 3555 3555 3676 3675 3557 3677 3556 
3556 3677 3676 3558 3678 3557 3557 3678 3677 
3559 3679 3558 3558 3679 3678 3560 3680 3559 
3559 3680 3679 3561 3681 3560 3560 3681 3680 
3562 3682 3561 3561 3682 3681 3563 3683 3562 
3562 3683 3682 3564 3684 3563 3563 3684 3683 
3565 3685 3564 3564 3685 3684 3566 3686 3565 
3565 3686 3685 3567 3687 3566 3566 3687 3686 
3568 3688 3567 3567 3688 3687 3569 3689 3568 
3568 3689 3688 3570 3690 3569 3569 3690 3689 
3571 3691 3570 3570 3691 3690 3572 3692 3571 
3571 3692 3691 3573 3693 3572 3572 3693 3692 
3574 3694 3573 3573 3694 3693 3575 3695 3574 
3574 3695 3694 3576 3696 3575 3575 3696 3695 
3577 3697 3576 3576 3697 3696 3578 3698 3577 
3577 3698 3697 3579 3699 3578 3578 3699 3698 
3580 3700 3579 3579 3700 3699 3581 3701 3580 
3580 3701 3700 3582 3702 3581 3581 3702 3701 
3583 3703 3582 3582 3703 3702 3584 3704 3583 
3583 3704 3703 3585 3705 3584 3584 3705 3704 
3586 3706 3585 3585 3706 3705 3587 3707 3586 
3586 3707 3706 3588 3708 3587 3587 3708 3707 
3589 3709 3588 3588 3709 3708 3590 3710 3589 
3589 3710 3709 3591 3711 3590 3590 3711 3710 
3592 3712 3591 3591 3712 3711 3593 3713 3592 
3592 3713 3712 3594 3714 3593 3593 3714 3713 
3595 3715 3594 3594 3715 3714 3596 3716 3595 
3595 3716 3715 3597 3717 3596 3596 3717 3716 
3598 3718 3597 3597 3718 3717 3599 3719 3598 
3598 3719 3718 3600 3601 3720 3601 3721 3720 
3602 3600 3722 3600 3720 3722 3603 3602 3723 
3602 3722 3723 3604 3603 3724 3603 3723 3724 
3605 3604 3725 3604 3724 3725 3606 3605 3726 
3605 3725 3726 3607 3606 3727 3606 3726 3727 
3608 3607 3728 3607 3727 3728 3609 3608 3729 
3608 3728 3729 3610 3609 3730 3609 3729 3730 
3611 3610 3731 3610 3730 3731 3612 3611 3732 
3611 3731 3732 3613 3612 3733 3612 3732 3733 
3614 3613 3734 3613 3733 3734 3615 3614 3735 
3614 3734 3735 3616 3615 3736 3615 3735 3736 
3617 3616 3737 3616 3736 3737 3618 3617 3738 
3617 3737 3738 3619 3618 3739 3618 3738 3739 
3620 3619 3740 3619 3739 3740 3621 3620 3741 
3620 3740 3741 3622 3621 3742 3621 3741 3742 
3623 3622 3743 3622 3742 3743 3624 3623 3744 
3623 3743 3744 3625 3624 3745 3624 3744 3745 
3626 3625 3746 3625 3745 3746 3627 3626 3747 
3626 3746 3747 3628 3627 3748 3627 3747 3748 
3629 3628 3749 3628 3748 3749 3630 3629 3750 
3629 3749 3750 3631 3630 3751 3630 3750 3751 
3632 3631 3752 3631 3751 3752 3633 3632 3753 
3632 3752 3753 3634 3633 3754 3633 3753 3754 
3635 3634 3755 3634 3754 3755 3636 3635 3756 
3635 3755 3756 3637 3636 3757 3636 3756 3757 
3638 3637 3758 3637 3757 3758 3639 3638 3759 
3638 3758 3759 3640 3639 3760 3639 3759 3760 
3641 3640 3761 3640 3760 3761 3642 3641 3762 
3641 3761 3762 3643 3642 3763 3642 3762 3763 
3644 3643 3764 3643 3763 3764 3645 3644 3765 
3644 3764 3765 3646 3645 3766 3645 3765 3766 
3647 3646 3767 3646 3766 3767 3648 3647 3768 
3647 3767 3768 3649 3648 3769 3648 3768 3769 
3650 3649 3770 3649 3769 3770 3651 3650 3771 
3650 3770 3771 3652 3651 3772 3651 3771 3772 
3653 3652 3773 3652 3772 3773 3654 3653 3774 
3653 3773 3774 3655 3654 3775 3654 3774 3775 
3656 3655 3776 3655 3775 3776 3657 3656 3777 
3656 3776 3777 3658 3657 3778 3657 3777 3778 
3659 3658 3779 3658 3778 3779 3660 3780 3661 
3661 3780 3781 3662 3782 3660 3660 3782 3780 
3663 3783 3662 3662 3783 3782 3664 3784 3663 
3663 3784 3783 3665 3785 3664 3664 3785 3784 
3666 3786 3665 3665 3786 3785 3667 3787 3666 
3666 3787 3786 3668 3788 3667 3667 3788 3787 
3669 3789 3668 3668 3789 3788 3670 3790 3669 
3669 3790 3789 3671 3791 3670 3670 3791 3790 
3672 3792 3671 3671 3792 3791 3673 3793 3672 
3672 3793 3792 3674 3794 3673 3673 3794 3793 
3675 3795 3674 3674 3795 3794 3676 3796 3675 
3675 3796 3795 3677 3797 3676 3676 3797 3796 
3678 3798 3677 3677 3798 3797 3679 3799 3678 
3678 3799 3798 3680 3800 3679 3679 3800 3799 
3681 3801 3680 3680 3801 3800 3682 3802 3681 
3681 3802 3801 3683 3803 3682 3682 3803 3802 
3684 3804 3683 3683 3804 3803 3685 3805 3684 
3684 3805 3804 3686 3806 3685 3685 3806 3805 
3687 3807 3686 3686 3807 3806 3688 3808 3687 
3687 3808 3807 3689 3809 3688 3688 3809 3808 
3690 3810 3689 3689 3810 3809 3691 3811 3690 
3690 3811 3810 3692 3812 3691 3691 3812 3811 
3693 3813 3692 3692 3813 3812 3694 3814 3693 
3693 3814 3813 3695 3815 3694 3694 3815 3814 
3696 3816 3695 3695 3816 3815 3697 3817 3696 
3696 3817 3816 3698 3818 3697 3697 3818 3817 
3699 3819 3698 3698 3819 3818 3700 3820 3699 
3699 3820 3819 3701 3821 3700 3700 3821 3820 
3702 3822 3701 3701 3822 3821 3703 3823 3702 
3702 3823 3822 3704 3824 3703 3703 3824 3823 
3705 3825 3704 3704 3825 3824 3706 3826 3705 
3705 3826 3825 3707 3827 3706 3706 3827 3826 
3708 3828 3707 3707 3828 3827 3709 3829 3708 
3708 3829 3828 3710 3830 3709 3709 3830 3829 
3711 3831 3710 3710 3831 3830 3712 3832 3711 
3711 3832 3831 3713 3833 3712 3712 3833 3832 
3714 3834 3713 3713 3834 3833 3715 3835 3714 
3714 3835 3834 3716 3836 3715 3715 3836 3835 
3717 3837 3716 3716 3837 3836 3718 3838 3717 
3717 3838 3837 3719 3839 3718 3718 3839 3838 
3720 3721 3840 3721 3841 3840 3722 3720 3842 
3720 3840 3842 3723 3722 3843 3722 3842 3843 
3724 3723 3844 3723 3843 3844 3725 3724 3845 
3724 3844 3845 3726 3725 3846 3725 3845 3846 
3727 3726 3847 3726 3846 3847 3728 3727 3848 
3727 3847 3848 3729 3728 3849 3728 3848 3849 
3730 3729 3850 3729 3849 3850 3731 3730 3851 
3730 3850 3851 3732 3731 3852 3731 3851 3852 
3733 3732 3853 3732 3852 3853 3734 3733 3854 
3733 3853 3854 3735 3734 3855 3734 3854 3855 
3736 3735 3856 3735 3855 3856 3737 3736 3857 
3736 3856 3857 3738 3737 3858 3737 3857 3858 
3739 3738 3859 3738 3858 3859 3740 3739 3860 
3739 3859 3860 3741 3740 3861 3740 3860 3861 
3742 3741 3862 3741 3861 3862 3743 3742 3863 
3742 3862 3863 3744 3743 3864 3743 3863 3864 
3745 3744 3865 3744 3864 3865 3746 3745 3866 
3745 3865 3866 3747 3746 3867 3746 3866 3867 
3748 3747 3868 3747 3867 3868 3749 3748 3869 
3748 3868 3869 3750 3749 3870 3749 3869 3870 
3751 3750 3871 3750 3870 3871 3752 3751 3872 
3751 3871 3872 3753 3752 3873 3752 3872 3873 
3754 3753 3874 3753 3873 3874 3755 3754 3875 
3754 3874 3875 3756 3755 3876 3755 3875 3876 
3757 3756 3877 3756 3876 3877 3758 3757 3878 
3757 3877 3878 3759 3758 3879 3758 3878 3879 
3760 3759 3880 3759 3879 3880 3761 3760 3881 
3760 3880 3881 3762 3761 3882 3761 3881 3882 
3763 3762 3883 3762 3882 3883 3764 3763 3884 
3763 3883 3884 3765 3764 3885 3764 3884 3885 
3766 3765 3886 3765 3885 3886 3767 3766 3887 
3766 3886 3887 3768 3767 3888 3767 3887 3888 
3769 3768 3889 3768 3888 3889 3770 3769 3890 
3769 3889 3890 3771 3770 3891 3770 3890 3891 
3772 3771 3892 3771 3891 3892 3773 3772 3893 
3772 3892 3893 3774 3773 3894 3773 3893 3894 
3775 3774 3895 3774 3894 3895 3776 3775 3896 
3775 3895 3896 3777 3776 3897 3776 3896 3897 
3778 3777 3898 3777 3897 3898 3779 3778 3899 
3778 3898 3899 3781 3780 3900 3901 3781 3900 
3780 3782 3902 3900 3780 3902 3782 3783 3903 
3902 3782 3903 3783 3784 3904 3903 3783 3904 
3784 3785 3905 3904 3784 3905 3785 3786 3906 
3905 3785 3906 3786 3787 3907 3906 3786 3907 
3787 3788 3908 3907 3787 3908 3788 3789 3909 
3908 3788 3909 3789 3790 3910 3909 3789 3910 
3790 3791 3911 3910 3790 3911 3791 3792 3912 
3911 3791 3912 3792 3793 3913 3912 3792 3913 
3793 3794 3914 3913 3793 3914 3794 3795 3915 
3914 3794 3915 3795 3796 3916 3915 3795 3916 
3796 3797 3917 3916 3796 3917 3797 3798 3918 
3917 3797 3918 3798 3799 3919 3918 3798 3919 
3799 3800 3920 3919 3799 3920 3800 3801 3921 
3920 3800 3921 3801 3802 3922 3921 3801 3922 
3802 3803 3923 3922 3802 3923 3803 3804 3924 
3923 3803 3924 3804 3805 3925 3924 3804 3925 
3805 3806 3926 3925 3805 3926 3806 3807 3927 
3926 3806 3927 3807 3808 3928 3927 3807 3928 
3808 3809 3929 3928 3808 3929 3809 3810 3930 
3929 3809 3930 3810 3811 3931 3930 3810 3931 
3811 3812 3932 3931 3811 3932 3812 3813 3933 
3932 3812 3933 3813 3814 3934 3933 3813 3934 
3814 3815 3935 3934 3814 3935 3815 3816 3936 
3935 3815 3936 3816 3817 3937 3936 3816 3937 
3817 3818 3938 3937 3817 3938 3818 3819 3939 
3938 3818 3939 3819 3820 3940 3939 3819 3940 
3820 3821 3941 3940 3820 3941 3821 3822 3942 
3941 3821 3942 3822 3823 3943 3942 3822 3943 
3823 3824 3944 3943 3823 3944 3824 3825 3945 
3944 3824 3945 3825 3826 3946 3945 3825 3946 
3826 3827 3947 3946 3826 3947 3827 3828 3948 
3947 3827 3948 3828 3829 3949 3948 3828 3949 
3829 3830 3950 3949 3829 3950 3830 3831 3951 
3950 3830 3951 3831 3832 3952 3951 3831 3952 
3832 3833 3953 3952 3832 3953 3833 3834 3954 
3953 3833 3954 3834 3835 3955 3954 3834 3955 
3835 3836 3956 3955 3835 3956 3836 3837 3957 
3956 3836 3957 3837 3838 3958 3957 3837 3958 
3838 3839 3959 3958 3838 3959 3900 3960 3901 
3961 3960 3900 3902 3961 3900 3962 3961 3902 
3903 3962 3902 3963 3962 3903 3904 3963 3903 
3964 3963 3904 3905 3964 3904 3965 3964 3905 
3906 3965 3905 3966 3965 3906 3907 3966 3906 
3967 3966 3907 3908 3967 3907 3968 3967 3908 
3909 3968 3908 3969 3968 3909 3910 3969 3909 
3970 3969 3910 3911 3970 3910 3971 3970 3911 
3912 3971 3911 3972 3971 3912 3913 3972 3912 
3973 3972 3913 3914 3973 3913 3974 3973 3914 
3915 3974 3914 3975 3974 3915 3916 3975 3915 
3976 3975 3916 3917 3976 3916 3977 3976 3917 
3918 3977 3917 3978 3977 3918 3919 3978 3918 
3979 3978 3919 3920 3979 3919 3980 3979 3920 
3921 3980 3920 3981 3980 3921 3922 3981 3921 
3982 3981 3922 3923 3982 3922 3983 3982 3923 
3924 3983 3923 3984 3983 3924 3925 3984 3924 
3985 3984 3925 3926 3985 3925 3986 3985 3926 
3927 3986 3926 3987 3986 3927 3928 3987 3927 
3988 3987 3928 3929 3988 3928 3989 3988 3929 
3930 3989 3929 3990 3989 3930 3931 3990 3930 
3991 3990 3931 3932 3991 3931 3992 3991 3932 
3933 3992 3932 3993 3992 3933 3934 3993 3933 
3994 3993 3934 3935 3994 3934 3995 3994 3935 
3936 3995 3935 3996 3995 3936 3937 3996 3936 
3997 3996 3937 3938 3997 3937 3998 3997 3938 
3939 3998 3938 3999 3998 3939 3940 3999 3939 
4000 3999 3940 3941 4000 3940 4001 4000 3941 
3942 4001 3941 4002 4001 3942 3943 4002 3942 
4003 4002 3943 3944 4003 3943 4004 4003 3944 
3945 4004 3944 4005 4004 3945 3946 4005 3945 
4006 4005 3946 3947 4006 3946 4007 4006 3947 
3948 4007 3947 4008 4007 3948 3949 4008 3948 
4009 4008 3949 3950 4009 3949 4010 4009 3950 
3951 4010 3950 4011 4010 3951 3952 4011 3951 
4012 4011 3952 3953 4012 3952 4013 4012 3953 
3954 4013 3953 4014 4013 3954 3955 4014 3954 
4015 4014 3955 3956 4015 3955 4016 4015 3956 
3957 4016 3956 4017 4016 3957 3958 4017 3957 
4018 4017 3958 3959 4018 3958 4019 4018 3959 
4020 4021 4022 4023 4021 4020 4022 4024 4025 
4021 4024 4022 4025 4026 4027 4024 4026 4025 
4027 4028 4029 4026 4028 4027 4029 4030 4031 
4028 4030 4029 4031 4032 4033 4030 4032 4031 
4033 4034 4035 4032 4034 4033 4035 4036 4037 
4034 4036 4035 4037 4038 4039 4036 4038 4037 
4039 4040 4041 4038 4040 4039 4041 4042 4043 
4040 4042 4041 4043 4044 4045 4042 4044 4043 
4045 4046 4047 4044 4046 4045 4047 4048 4049 
4046 4048 4047 4049 4050 4051 4048 4050 4049 
4051 4052 4053 4050 4052 4051 4053 4054 4055 
4052 4054 4053 4055 4056 4057 4054 4056 4055 
4057 4058 4059 4056 4058 4057 4059 4060 4061 
4058 4060 4059 4061 4062 4063 4060 4062 4061 
4063 4064 4065 4062 4064 4063 4065 4066 4067 
4064 4066 4065 4067 4068 4069 4066 4068 4067 
4069 4070 4071 4068 4070 4069 4071 4072 4073 
4070 4072 4071 4073 4074 4075 4072 4074 4073 
4075 4076 4077 4074 4076 4075 4077 4078 4079 
4076 4078 4077 4079 4080 4081 4078 4080 4079 
4081 4082 4083 4080 4082 4081 4083 4084 4085 
4082 4084 4083 4085 4086 4087 4084 4086 4085 
4087 4088 4089 4086 4088 4087 4089 4090 4091 
4088 4090 4089 4091 4092 4093 4090 4092 4091 
4093 4094 4095 4092 4094 4093 4095 4096 4097 
4094 4096 4095 4097 4098 4099 4096 4098 4097 
4099 4100 4101 4098 4100 4099 4101 4102 4103 
4100 4102 4101 4103 4104 4105 4102 4104 4103 
4105 4106 4107 4104 4106 4105 4107 4108 4109 
4106 4108 4107 4109 4110 4111 4108 4110 4109 
4111 4112 4113 4110 4112 4111 4113 4114 4115 
4112 4114 4113 4115 4116 4117 4114 4116 4115 
4117 4118 4119 4116 4118 4117 4119 4120 4121 
4118 4120 4119 4121 4122 4123 4120 4122 4121 
4123 4124 4125 4122 4124 4123 4125 4126 4127 
4124 4126 4125 4127 4128 4129 4126 4128 4127 
4129 4130 4131 4128 4130 4129 4131 4132 4133 
4130 4132 4131 4133 4134 4135 4132 4134 4133 
4135 4136 4137 4134 4136 4135 4137 4138 4139 
4136 4138 4137 3840 3841 4020 4022 3840 4020 
3842 3840 4022 4025 3842 4022 3843 3842 4025 
4027 3843 4025 3844 3843 4027 4029 3844 4027 
3845 3844 4029 4031 3845 4029 3846 3845 4031 
4033 3846 4031 3847 3846 4033 4035 3847 4033 
3848 3847 4035 4037 3848 4035 3849 3848 4037 
4039 3849 4037 3850 3849 4039 4041 3850 4039 
3851 3850 4041 4043 3851 4041 3852 3851 4043 
4045 3852 4043 3853 3852 4045 4047 3853 4045 
3854 3853 4047 4049 3854 4047 3855 3854 4049 
4051 3855 4049 3856 3855 4051 4053 3856 4051 
3857 3856 4053 4055 3857 4053 3858 3857 4055 
4057 3858 4055 3859 3858 4057 4059 3859 4057 
3860 3859 4059 4061 3860 4059 3861 3860 4061 
4063 3861 4061 3862 3861 4063 4065 3862 4063 
3863 3862 4065 4067 3863 4065 3864 3863 4067 
4069 3864 4067 3865 3864 4069 4071 3865 4069 
3866 3865 4071 4073 3866 4071 3867 3866 4073 
4075 3867 4073 3868 3867 4075 4077 3868 4075 
3869 3868 4077 4079 3869 4077 3870 3869 4079 
4081 3870 4079 3871 3870 4081 4083 3871 4081 
3872 3871 4083 4085 3872 4083 3873 3872 4085 
4087 3873 4085 3874 3873 4087 4089 3874 4087 
3875 3874 4089 4091 3875 4089 3876 3875 4091 
4093 3876 4091 3877 3876 4093 4095 3877 4093 
3878 3877 4095 4097 3878 4095 3879 3878 4097 
4099 3879 4097 3880 3879 4099 4101 3880 4099 
3881 3880 4101 4103 3881 4101 3882 3881 4103 
4105 3882 4103 3883 3882 4105 4107 3883 4105 
3884 3883 4107 4109 3884 4107 3885 3884 4109 
4111 3885 4109 3886 3885 4111 4113 3886 4111 
3887 3886 4113 4115 3887 4113 3888 3887 4115 
4117 3888 4115 3889 3888 4117 4119 3889 4117 
3890 3889 4119 4121 3890 4119 3891 3890 4121 
4123 3891 4121 3892 3891 4123 4125 3892 4123 
3893 3892 4125 4127 3893 4125 3894 3893 4127 
4129 3894 4127 3895 3894 4129 4131 3895 4129 
3896 3895 4131 4133 3896 4131 3897 3896 4133 
4135 3897 4133 3898 3897 4135 4137 3898 4135 
3899 3898 4137 4139 3899 4137 3961 4140 3960 
3960 4140 4141 3962 4142 3961 3961 4142 4140 
3963 4143 3962 3962 4143 4142 3964 4144 3963 
3963 4144 4143 3965 4145 3964 3964 4145 4144 
3966 4146 3965 3965 4146 4145 3967 4147 3966 
3966 4147 4146 3968 4148 3967 3967 4148 4147 
3969 4149 3968 3968 4149 4148 3970 4150 3969 
3969 4150 4149 3971 4151 3970 3970 4151 4150 
3972 4152 3971 3971 4152 4151 3973 4153 3972 
3972 4153 4152 3974 4154 3973 3973 4154 4153 
3975 4155 3974 3974 4155 4154 3976 4156 3975 
3975 4156 4155 3977 4157 3976 3976 4157 4156 
3978 4158 3977 3977 4158 4157 3979 4159 3978 
3978 4159 4158 3980 4160 3979 3979 4160 4159 
3981 4161 3980 3980 4161 4160 3982 4162 3981 
3981 4162 4161 3983 4163 3982 3982 4163 4162 
3984 4164 3983 3983 4164 4163 3985 4165 3984 
3984 4165 4164 3986 4166 3985 3985 4166 4165 
3987 4167 3986 3986 4167 4166 3988 4168 3987 
3987 4168 4167 3989 4169 3988 3988 4169 4168 
3990 4170 3989 3989 4170 4169 3991 4171 3990 
3990 4171 4170 3992 4172 3991 3991 4172 4171 
3993 4173 3992 3992 4173 4172 3994 4174 3993 
3993 4174 4173 3995 4175 3994 3994 4175 4174 
3996 4176 3995 3995 4176 4175 3997 4177 3996 
3996 4177 4176 3998 4178 3997 3997 4178 4177 
3999 4179 3998 3998 4179 4178 4000 4180 3999 
3999 4180 4179 4001 4181 4000 4000 4181 4180 
4002 4182 4001 4001 4182 4181 4003 4183 4002 
4002 4183 4182 4004 4184 4003 4003 4184 4183 
4005 4185 4004 4004 4185 4184 4006 4186 4005 
4005 4186 4185 4007 4187 4006 4006 4187 4186 
4008 4188 4007 4007 4188 4187 4009 4189 4008 
4008 4189 4188 4010 4190 4009 4009 4190 4189 
4011 4191 4010 4010 4191 4190 4012 4192 4011 
4011 4192 4191 4013 4193 4012 4012 4193 4192 
4014 4194 4013 4013 4194 4193 4015 4195 4014 
4014 4195 4194 4016 4196 4015 4015 4196 4195 
4017 4197 4016 4016 4197 4196 4018 4198 4017 
4017 4198 4197 4019 4199 4018 4018 4199 4198 
4021 4023 4200 4023 4201 4200 4024 4021 4202 
4021 4200 4202 4026 4024 4203 4024 4202 4203 
4028 4026 4204 4026 4203 4204 4030 4028 4205 
4028 4204 4205 4032 4030 4206 4030 4205 4206 
4034 4032 4207 4032 4206 4207 4036 4034 4208 
4034 4207 4208 4038 4036 4209 4036 4208 4209 
4040 4038 4210 4038 4209 4210 4042 4040 4211 
4040 4210 4211 4044 4042 4212 4042 4211 4212 
4046 4044 4213 4044 4212 4213 4048 4046 4214 
4046 4213 4214 4050 4048 4215 4048 4214 4215 
4052 4050 4216 4050 4215 4216 4054 4052 4217 
4052 4216 4217 4056 4054 4218 4054 4217 4218 
4058 4056 4219 4056 4218 4219 4060 4058 4220 
4058 4219 4220 4062 4060 4221 4060 4220 4221 
4064 4062 4222 4062 4221 4222 4066 4064 4223 
4064 4222 4223 4068 4066 4224 4066 4223 4224 
4070 4068 4225 4068 4224 4225 4072 4070 4226 
4070 4225 4226 4074 4072 4227 4072 4226 4227 
4076 4074 4228 4074 4227 4228 4078 4076 4229 
4076 4228 4229 4080 4078 4230 4078 4229 4230 
4082 4080 4231 4080 4230 4231 4084 4082 4232 
4082 4231 4232 4086 4084 4233 4084 4232 4233 
4088 4086 4234 4086 4233 4234 4090 4088 4235 
4088 4234 4235 4092 4090 4236 4090 4235 4236 
4094 4092 4237 4092 4236 4237 4096 4094 4238 
4094 4237 4238 4098 4096 4239 4096 4238 4239 
4100 4098 4240 4098 4239 4240 4102 4100 4241 
4100 4240 4241 4104 4102 4242 4102 4241 4242 
4106 4104 4243 4104 4242 4243 4108 4106 4244 
4106 4243 4244 4110 4108 4245 4108 4244 4245 
4112 4110 4246 4110 4245 4246 4114 4112 4247 
4112 4246 4247 4116 4114 4248 4114 4247 4248 
4118 4116 4249 4116 4248 4249 4120 4118 4250 
4118 4249 4250 4122 4120 4251 4120 4250 4251 
4124 4122 4252 4122 4251 4252 4126 4124 4253 
4124 4252 4253 4128 4126 4254 4126 4253 4254 
4130 4128 4255 4128 4254 4255 4132 4130 4256 
4130 4255 4256 4134 4132 4257 4132 4256 4257 
4136 4134 4258 4134 4257 4258 4138 4136 4259 
4136 4258 4259 4141 4140 4260 4261 4141 4260 
4140 4142 4262 4260 4140 4262 4142 4143 4263 
4262 4142 4263 4143 4144 4264 4263 4143 4264 
4144 4145 4265 4264 4144 4265 4145 4146 4266 
4265 4145 4266 4146 4147 4267 4266 4146 4267 
4147 4148 4268 4267 4147 4268 4148 4149 4269 
4268 4148 4269 4149 4150 4270 4269 4149 4270 
4150 4151 4271 4270 4150 4271 4151 4152 4272 
4271 4151 4272 4152 4153 4273 4272 4152 4273 
4153 4154 4274 4273 4153 4274 4154 4155 4275 
4274 4154 4275 4155 4156 4276 4275 4155 4276 
4156 4157 4277 4276 4156 4277 4157 4158 4278 
4277 4157 4278 4158 4159 4279 4278 4158 4279 
4159 4160 4280 4279 4159 4280 4160 4161 4281 
4280 4160 4281 4161 4162 4282 4281 4161 4282 
4162 4163 4283 4282 4162 4283 4163 4164 4284 
4283 4163 4284 4164 4165 4285 4284 4164 4285 
4165 4166 4286 4285 4165 4286 4166 4167 4287 
4286 4166 4287 4167 4168 4288 4287 4167 4288 
4168 4169 4289 4288 4168 4289 4169 4170 4290 
4289 4169 4290 4170 4171 4291 4290 4170 4291 
4171 4172 4292 4291 4171 4292 4172 4173 4293 
4292 4172 4293 4173 4174 4294 4293 4173 4294 
4174 4175 4295 4294 4174 4295 4175 4176 4296 
4295 4175 4296 4176 4177 4297 4296 4176 4297 
4177 4178 4298 4297 4177 4298 4178 4179 4299 
4298 4178 4299 4179 4180 4300 4299 4179 4300 
4180 4181 4301 4300 4180 4301 4181 4182 4302 
4301 4181 4302 4182 4183 4303 4302 4182 4303 
4183 4184 4304 4303 4183 4304 4184 4185 4305 
4304 4184 4305 4185 4186 4306 4305 4185 4306 
4186 4187 4307 4306 4186 4307 4187 4188 4308 
4307 4187 4308 4188 4189 4309 4308 4188 4309 
4189 4190 4310 4309 4189 4310 4190 4191 4311 
4310 4190 4311 4191 4192 4312 4311 4191 4312 
4192 4193 4313 4312 4192 4313 4193 4194 4314 
4313 4193 4314 4194 4195 4315 4314 4194 4315 
4195 4196 4316 4315 4195 4316 4196 4197 4317 
4316 4196 4317 4197 4198 4318 4317 4197 4318 
4198 4199 4319 4318 4198 4319 4260 4320 4261 
4321 4320 4260 4262 4321 4260 4322 4321 4262 
4263 4322 4262 4323 4322 4263 4264 4323 4263 
4324 4323 4264 4265 4324 4264 4325 4324 4265 
4266 4325 4265 4326 4325 4266 4267 4326 4266 
4327 4326 4267 4268 4327 4267 4328 4327 4268 
4269 4328 4268 4329 4328 4269 4270 4329 4269 
4330 4329 4270 4271 4330 4270 4331 4330 4271 
4272 4331 4271 4332 4331 4272 4273 4332 4272 
4333 4332 4273 4274 4333 4273 4334 4333 4274 
4275 4334 4274 4335 4334 4275 4276 4335 4275 
4336 4335 4276 4277 4336 4276 4337 4336 4277 
4278 4337 4277 4338 4337 4278 4279 4338 4278 
4339 4338 4279 4280 4339 4279 4340 4339 4280 
4281 4340 4280 4341 4340 4281 4282 4341 4281 
4342 4341 4282 4283 4342 4282 4343 4342 4283 
4284 4343 4283 4344 4343 4284 4285 4344 4284 
4345 4344 4285 4286 4345 4285 4346 4345 4286 
4287 4346 4286 4347 4346 4287 4288 4347 4287 
4348 4347 4288 4289 4348 4288 4349 4348 4289 
4290 4349 4289 4350 4349 4290 4291 4350 4290 
4351 4350 4291 4292 4351 4291 4352 4351 4292 
4293 4352 4292 4353 4352 4293 4294 4353 4293 
4354 4353 4294 4295 4354 4294 4355 4354 4295 
4296 4355 4295 4356 4355 4296 4297 4356 4296 
4357 4356 4297 4298 4357 4297 4358 4357 4298 
4299 4358 4298 4359 4358 4299 4300 4359 4299 
4360 4359 4300 4301 4360 4300 4361 4360 4301 
4302 4361 4301 4362 4361 4302 4303 4362 4302 
4363 4362 4303 4304 4363 4303 4364 4363 4304 
4305 4364 4304 4365 4364 4305 4306 4365 4305 
4366 4365 4306 4307 4366 4306 4367 4366 4307 
4308 4367 4307 4368 4367 4308 4309 4368 4308 
4369 4368 4309 4310 4369 4309 4370 4369 4310 
4311 4370 4310 4371 4370 4311 4312 4371 4311 
4372 4371 4312 4313 4372 4312 4373 4372 4313 
4314 4373 4313 4374 4373 4314 4315 4374 4314 
4375 4374 4315 4316 4375 4315 4376 4375 4316 
4317 4376 4316 4377 4376 4317 4318 4377 4317 
4378 4377 4318 4319 4378 4318 4379 4378 4319 
4380 4381 4382 4383 4381 4380 4382 4384 4385 
4381 4384 4382 4385 4386 4387 4384 4386 4385 
4387 4388 4389 4386 4388 4387 4389 4390 4391 
4388 4390 4389 4391 4392 4393 4390 4392 4391 
4393 4394 4395 4392 4394 4393 4395 4396 4397 
4394 4396 4395 4397 4398 4399 4396 4398 4397 
4399 4400 4401 4398 4400 4399 4401 4402 4403 
4400 4402 4401 4403 4404 4405 4402 4404 4403 
4405 4406 4407 4404 4406 4405 4407 4408 4409 
4406 4408 4407 4409 4410 4411 4408 4410 4409 
4411 4412 4413 4410 4412 4411 4413 4414 4415 
4412 4414 4413 4415 4416 4417 4414 4416 4415 
4417 4418 4419 4416 4418 4417 4419 4420 4421 
4418 4420 4419 4421 4422 4423 4420 4422 4421 
4423 4424 4425 4422 4424 4423 4425 4426 4427 
4424 4426 4425 4427 4428 4429 4426 4428 4427 
4429 4430 4431 4428 4430 4429 4431 4432 4433 
4430 4432 4431 4433 4434 4435 4432 4434 4433 
4435 4436 4437 4434 4436 4435 4437 4438 4439 
4436 4438 4437 4439 4440 4441 4438 4440 4439 
4441 4442 4443 4440 4442 4441 4443 4444 4445 
4442 4444 4443 4445 4446 4447 4444 4446 4445 
4447 4448 4449 4446 4448 4447 4449 4450 4451 
4448 4450 4449 4451 4452 4453 4450 4452 4451 
4453 4454 4455 4452 4454 4453 4455 4456 4457 
4454 4456 4455 4457 4458 4459 4456 4458 4457 
4459 4460 4461 4458 4460 4459 4461 4462 4463 
4460 4462 4461 4463 4464 4465 4462 4464 4463 
4465 4466 4467 4464 4466 4465 4467 4468 4469 
4466 4468 4467 4469 4470 4471 4468 4470 4469 
4471 4472 4473 4470 4472 4471 4473 4474 4475 
4472 4474 4473 4475 4476 4477 4474 4476 4475 
4477 4478 4479 4476 4478 4477 4479 4480 4481 
4478 4480 4479 4481 4482 4483 4480 4482 4481 
4483 4484 4485 4482 4484 4483 4485 4486 4487 
4484 4486 4485 4487 4488 4489 4486 4488 4487 
4489 4490 4491 4488 4490 4489 4491 4492 4493 
4490 4492 4491 4493 4494 4495 4492 4494 4493 
4495 4496 4497 4494 4496 4495 4497 4498 4499 
4496 4498 4497 4200 4201 4380 4382 4200 4380 
4202 4200 4382 4385 4202 4382 4203 4202 4385 
4387 4203 4385 4204 4203 4387 4389 4204 4387 
4205 4204 4389 4391 4205 4389 4206 4205 4391 
4393 4206 4391 4207 4206 4393 4395 4207 4393 
4208 4207 4395 4397 4208 4395 4209 4208 4397 
4399 4209 4397 4210 4209 4399 4401 4210 4399 
4211 4210 4401 4403 4211 4401 4212 4211 4403 
4405 4212 4403 4213 4212 4405 4407 4213 4405 
4214 4213 4407 4409 4214 4407 4215 4214 4409 
4411 4215 4409 4216 4215 4411 4413 4216 4411 
4217 4216 4413 4415 4217 4413 4218 4217 4415 
4417 4218 4415 4219 4218 4417 4419 4219 4417 
4220 4219 4419 4421 4220 4419 4221 4220 4421 
4423 4221 4421 4222 4221 4423 4425 4222 4423 
4223 4222 4425 4427 4223 4425 4224 4223 4427 
4429 4224 4427 4225 4224 4429 4431 4225 4429 
4226 4225 4431 4433 4226 4431 4227 4226 4433 
4435 4227 4433 4228 4227 4435 4437 4228 4435 
4229 4228 4437 4439 4229 4437 4230 4229 4439 
4441 4230 4439 4231 4230 4441 4443 4231 4441 
4232 4231 4443 4445 4232 4443 4233 4232 4445 
4447 4233 4445 4234 4233 4447 4449 4234 4447 
4235 4234 4449 4451 4235 4449 4236 4235 4451 
4453 4236 4451 4237 4236 4453 4455 4237 4453 
4238 4237 4455 4457 4238 4455 4239 4238 4457 
4459 4239 4457 4240 4239 4459 4461 4240 4459 
4241 4240 4461 4463 4241 4461 4242 4241 4463 
4465 4242 4463 4243 4242 4465 4467 4243 4465 
4244 4243 4467 4469 4244 4467 4245 4244 4469 
4471 4245 4469 4246 4245 4471 4473 4246 4471 
4247 4246 4473 4475 4247 4473 4248 4247 4475 
4477 4248 4475 4249 4248 4477 4479 4249 4477 
4250 4249 4479 4481 4250 4479 4251 4250 4481 
4483 4251 4481 4252 4251 4483 4485 4252 4483 
4253 4252 4485 4487 4253 4485 4254 4253 4487 
4489 4254 4487 4255 4254 4489 4491 4255 4489 
4256 4255 4491 4493 4256 4491 4257 4256 4493 
4495 4257 4493 4258 4257 4495 4497 4258 4495 
4259 4258 4497 4499 4259 4497 4321 4500 4320 
4320 4500 4501 4322 4502 4321 4321 4502 4500 
4323 4503 4322 4322 4503 4502 4324 4504 4323 
4323 4504 4503 4325 4505 4324 4324 4505 4504 
4326 4506 4325 4325 4506 4505 4327 4507 4326 
4326 4507 4506 4328 4508 4327 4327 4508 4507 
4329 4509 4328 4328 4509 4508 4330 4510 4329 
4329 4510 4509 4331 4511 4330 4330 4511 4510 
4332 4512 4331 4331 4512 4511 4333 4513 4332 
4332 4513 4512 4334 4514 4333 4333 4514 4513 
4335 4515 4334 4334 4515 4514 4336 4516 4335 
4335 4516 4515 4337 4517 4336 4336 4517 4516 
4338 4518 4337 4337 4518 4517 4339 4519 4338 
4338 4519 4518 4340 4520 4339 4339 4520 4519 
4341 4521 4340 4340 4521 4520 4342 4522 4341 
4341 4522 4521 4343 4523 4342 4342 4523 4522 
4344 4524 4343 4343 4524 4523 4345 4525 4344 
4344 4525 4524 4346 4526 4345 4345 4526 4525 
4347 4527 4346 4346 4527 4526 4348 4528 4347 
4347 4528 4527 4349 4529 4348 4348 4529 4528 
4350 4530 4349 4349 4530 4529 4351 4531 4350 
4350 4531 4530 4352 4532 4351 4351 4532 4531 
4353 4533 4352 4352 4533 4532 4354 4534 4353 
4353 4534 4533 4355 4535 4354 4354 4535 4534 
4356 4536 4355 4355 4536 4535 4357 4537 4356 
4356 4537 4536 4358 4538 4357 4357 4538 4537 
4359 4539 4358 4358 4539 4538 4360 4540 4359 
4359 4540 4539 4361 4541 4360 4360 4541 4540 
4362 4542 4361 4361 4542 4541 4363 4543 4362 
4362 4543 4542 4364 4544 4363 4363 4544 4543 
4365 4545 4364 4364 4545 4544 4366 4546 4365 
4365 4546 4545 4367 4547 4366 4366 4547 4546 
4368 4548 4367 4367 4548 4547 4369 4549 4368 
4368 4549 4548 4370 4550 4369 4369 4550 4549 
4371 4551 4370 4370 4551 4550 4372 4552 4371 
4371 4552 4551 4373 4553 4372 4372 4553 4552 
4374 4554 4373 4373 4554 4553 4375 4555 4374 
4374 4555 4554 4376 4556 4375 4375 4556 4555 
4377 4557 4376 4376 4557 4556 4378 4558 4377 
4377 4558 4557 4379 4559 4378 4378 4559 4558 
4381 4383 4560 4383 4561 4560 4384 4381 4562 
4381 4560 4562 4386 4384 4563 4384 4562 4563 
4388 4386 4564 4386 4563 4564 4390 4388 4565 
4388 4564 4565 4392 4390 4566 4390 4565 4566 
4394 4392 4567 4392 4566 4567 4396 4394 4568 
4394 4567 4568 4398 4396 4569 4396 4568 4569 
4400 4398 4570 4398 4569 4570 4402 4400 4571 
4400 4570 4571 4404 4402 4572 4402 4571 4572 
4406 4404 4573 4404 4572 4573 4408 4406 4574 
4406 4573 4574 4410 4408 4575 4408 4574 4575 
4412 4410 4576 4410 4575 4576 4414 4412 4577 
4412 4576 4577 4416 4414 4578 4414 4577 4578 
4418 4416 4579 4416 4578 4579 4420 4418 4580 
4418 4579 4580 4422 4420 4581 4420 4580 4581 
4424 4422 4582 4422 4581 4582 4426 4424 4583 
4424 4582 4583 4428 4426 4584 4426 4583 4584 
4430 4428 4585 4428 4584 4585 4432 4430 4586 
4430 4585 4586 4434 4432 4587 4432 4586 4587 
4436 4434 4588 4434 4587 4588 4438 4436 4589 
4436 4588 4589 4440 4438 4590 4438 4589 4590 
4442 4440 4591 4440 4590 4591 4444 4442 4592 
4442 4591 4592 4446 4444 4593 4444 4592 4593 
4448 4446 4594 4446 4593 4594 4450 4448 4595 
4448 4594 4595 4452 4450 4596 4450 4595 4596 
4454 4452 4597 4452 4596 4597 4456 4454 4598 
4454 4597 4598 4458 4456 4599 4456 4598 4599 
4460 4458 4600 4458 4599 4600 4462 4460 4601 
4460 4600 4601 4464 4462 4602 4462 4601 4602 
4466 4464 4603 4464 4602 4603 4468 4466 4604 
4466 4603 4604 4470 4468 4605 4468 4604 4605 
4472 4470 4606 4470 4605 4606 4474 4472 4607 
4472 4606 4607 4476 4474 4608 4474 4607 4608 
4478 4476 4609 4476 4608 4609 4480 4478 4610 
4478 4609 4610 4482 4480 4611 4480 4610 4611 
4484 4482 4612 4482 4611 4612 4486 4484 4613 
4484 4612 4613 4488 4486 4614 4486 4613 4614 
4490 4488 4615 4488 4614 4615 4492 4490 4616 
4490 4615 4616 4494 4492 4617 4492 4616 4617 
4496 4494 4618 4494 4617 4618 4498 4496 4619 
4496 4618 4619 4500 4620 4501 4621 4620 4500 
4502 4621 4500 4622 4621 4502 4503 4622 4502 
4623 4622 4503 4504 4623 4503 4624 4623 4504 
4505 4624 4504 4625 4624 4505 4506 4625 4505 
4626 4625 4506 4507 4626 4506 4627 4626 4507 
4508 4627 4507 4628 4627 4508 4509 4628 4508 
4629 4628 4509 4510 4629 4509 4630 4629 4510 
4511 4630 4510 4631 4630 4511 4512 4631 4511 
4632 4631 4512 4513 4632 4512 4633 4632 4513 
4514 4633 4513 4634 4633 4514 4515 4634 4514 
4635 4634 4515 4516 4635 4515 4636 4635 4516 
4517 4636 4516 4637 4636 4517 4518 4637 4517 
4638 4637 4518 4519 4638 4518 4639 4638 4519 
4520 4639 4519 4640 4639 4520 4521 4640 4520 
4641 4640 4521 4522 4641 4521 4642 4641 4522 
4523 4642 4522 4643 4642 4523 4524 4643 4523 
4644 4643 4524 4525 4644 4524 4645 4644 4525 
4526 4645 4525 4646 4645 4526 4527 4646 4526 
4647 4646 4527 4528 4647 4527 4648 4647 4528 
4529 4648 4528 4649 4648 4529 4530 4649 4529 
4650 4649 4530 4531 4650 4530 4651 4650 4531 
4532 4651 4531 4652 4651 4532 4533 4652 4532 
4653 4652 4533 4534 4653 4533 4654 4653 4534 
4535 4654 4534 4655 4654 4535 4536 4655 4535 
4656 4655 4536 4537 4656 4536 4657 4656 4537 
4538 4657 4537 4658 4657 4538 4539 4658 4538 
4659 4658 4539 4540 4659 4539 4660 4659 4540 
4541 4660 4540 4661 4660 4541 4542 4661 4541 
4662 4661 4542 4543 4662 4542 4663 4662 4543 
4544 4663 4543 4664 4663 4544 4545 4664 4544 
4665 4664 4545 4546 4665 4545 4666 4665 4546 
4547 4666 4546 4667 4666 4547 4548 4667 4547 
4668 4667 4548 4549 4668 4548 4669 4668 4549 
4550 4669 4549 4670 4669 4550 4551 4670 4550 
4671 4670 4551 4552 4671 4551 4672 4671 4552 
4553 4672 4552 4673 4672 4553 4554 4673 4553 
4674 4673 4554 4555 4674 4554 4675 4674 4555 
4556 4675 4555 4676 4675 4556 4557 4676 4556 
4677 4676 4557 4558 4677 4557 4678 4677 4558 
4559 4678 4558 4679 4678 4559 4561 4680 4560 
4681 4680 4561 4560 4682 4562 4680 4682 4560 
4562 4683 4563 4682 4683 4562 4563 4684 4564 
4683 4684 4563 4564 4685 4565 4684 4685 4564 
4565 4686 4566 4685 4686 4565 4566 4687 4567 
4686 4687 4566 4567 4688 4568 4687 4688 4567 
4568 4689 4569 4688 4689 4568 4569 4690 4570 
4689 4690 4569 4570 4691 4571 4690 4691 4570 
4571 4692 4572 4691 4692 4571 4572 4693 4573 
4692 4693 4572 4573 4694 4574 4693 4694 4573 
4574 4695 4575 4694 4695 4574 4575 4696 4576 
4695 4696 4575 4576 4697 4577 4696 4697 4576 
4577 4698 4578 4697 4698 4577 4578 4699 4579 
4698 4699 4578 4579 4700 4580 4699 4700 4579 
4580 4701 4581 4700 4701 4580 4581 4702 4582 
4701 4702 4581 4582 4703 4583 4702 4703 4582 
4583 4704 4584 4703 4704 4583 4584 4705 4585 
4704 4705 4584 4585 4706 4586 4705 4706 4585 
4586 4707 4587 4706 4707 4586 4587 4708 4588 
4707 4708 4587 4588 4709 4589 4708 4709 4588 
4589 4710 4590 4709 4710 4589 4590 4711 4591 
4710 4711 4590 4591 4712 4592 4711 4712 4591 
4592 4713 4593 4712 4713 4592 4593 4714 4594 
4713 4714 4593 4594 4715 4595 4714 4715 4594 
4595 4716 4596 4715 4716 4595 4596 4717 4597 
4716 4717 4596 4597 4718 4598 4717 4718 4597 
4598 4719 4599 4718 4719 4598 4599 4720 4600 
4719 4720 4599 4600 4721 4601 4720 4721 4600 
4601 4722 4602 4721 4722 4601 4602 4723 4603 
4722 4723 4602 4603 4724 4604 4723 4724 4603 
4604 4725 4605 4724 4725 4604 4605 4726 4606 
4725 4726 4605 4606 4727 4607 4726 4727 4606 
4607 4728 4608 4727 4728 4607 4608 4729 4609 
4728 4729 4608 4609 4730 4610 4729 4730 4609 
4610 4731 4611 4730 4731 4610 4611 4732 4612 
4731 4732 4611 4612 4733 4613 4732 4733 4612 
4613 4734 4614 4733 4734 4613 4614 4735 4615 
4734 4735 4614 4615 4736 4616 4735 4736 4615 
4616 4737 4617 4736 4737 4616 4617 4738 4618 
4737 4738 4617 4618 4739 4619 4738 4739 4618 
4620 4621 4740 4741 4620 4740 4621 4622 4742 
4740 4621 4742 4622 4623 4743 4742 4622 4743 
4623 4624 4744 4743 4623 4744 4624 4625 4745 
4744 4624 4745 4625 4626 4746 4745 4625 4746 
4626 4627 4747 4746 4626 4747 4627 4628 4748 
4747 4627 4748 4628 4629 4749 4748 4628 4749 
4629 4630 4750 4749 4629 4750 4630 4631 4751 
4750 4630 4751 4631 4632 4752 4751 4631 4752 
4632 4633 4753 4752 4632 4753 4633 4634 4754 
4753 4633 4754 4634 4635 4755 4754 4634 4755 
4635 4636 4756 4755 4635 4756 4636 4637 4757 
4756 4636 4757 4637 4638 4758 4757 4637 4758 
4638 4639 4759 4758 4638 4759 4639 4640 4760 
4759 4639 4760 4640 4641 4761 4760 4640 4761 
4641 4642 4762 4761 4641 4762 4642 4643 4763 
4762 4642 4763 4643 4644 4764 4763 4643 4764 
4644 4645 4765 4764 4644 4765 4645 4646 4766 
4765 4645 4766 4646 4647 4767 4766 4646 4767 
4647 4648 4768 4767 4647 4768 4648 4649 4769 
4768 4648 4769 4649 4650 4770 4769 4649 4770 
4650 4651 4771 4770 4650 4771 4651 4652 4772 
4771 4651 4772 4652 4653 4773 4772 4652 4773 
4653 4654 4774 4773 4653 4774 4654 4655 4775 
4774 4654 4775 4655 4656 4776 4775 4655 4776 
4656 4657 4777 4776 4656 4777 4657 4658 4778 
4777 4657 4778 4658 4659 4779 4778 4658 4779 
4659 4660 4780 4779 4659 4780 4660 4661 4781 
4780 4660 4781 4661 4662 4782 4781 4661 4782 
4662 4663 4783 4782 4662 4783 4663 4664 4784 
4783 4663 4784 4664 4665 4785 4784 4664 4785 
4665 4666 4786 4785 4665 4786 4666 4667 4787 
4786 4666 4787 4667 4668 4788 4787 4667 4788 
4668 4669 4789 4788 4668 4789 4669 4670 4790 
4789 4669 4790 4670 4671 4791 4790 4670 4791 
4671 4672 4792 4791 4671 4792 4672 4673 4793 
4792 4672 4793 4673 4674 4794 4793 4673 4794 
4674 4675 4795 4794 4674 4795 4675 4676 4796 
4795 4675 4796 4676 4677 4797 4796 4676 4797 
4677 4678 4798 4797 4677 4798 4678 4679 4799 
4798 4678 4799 4740 4800 4741 4801 4800 4740 
4742 4801 4740 4802 4801 4742 4743 4802 4742 
4803 4802 4743 4744 4803 4743 4804 4803 4744 
4745 4804 4744 4805 4804 4745 4746 4805 4745 
4806 4805 4746 4747 4806 4746 4807 4806 4747 
4748 4807 4747 4808 4807 4748 4749 4808 4748 
4809 4808 4749 4750 4809 4749 4810 4809 4750 
4751 4810 4750 4811 4810 4751 4752 4811 4751 
4812 4811 4752 4753 4812 4752 4813 4812 4753 
4754 4813 4753 4814 4813 4754 4755 4814 4754 
4815 4814 4755 4756 4815 4755 4816 4815 4756 
4757 4816 4756 4817 4816 4757 4758 4817 4757 
4818 4817 4758 4759 4818 4758 4819 4818 4759 
4760 4819 4759 4820 4819 4760 4761 4820 4760 
4821 4820 4761 4762 4821 4761 4822 4821 4762 
4763 4822 4762 4823 4822 4763 4764 4823 4763 
4824 4823 4764 4765 4824 4764 4825 4824 4765 
4766 4825 4765 4826 4825 4766 4767 4826 4766 
4827 4826 4767 4768 4827 4767 4828 4827 4768 
4769 4828 4768 4829 4828 4769 4770 4829 4769 
4830 4829 4770 4771 4830 4770 4831 4830 4771 
4772 4831 4771 4832 4831 4772 4773 4832 4772 
4833 4832 4773 4774 4833 4773 4834 4833 4774 
4775 4834 4774 4835 4834 4775 4776 4835 4775 
4836 4835 4776 4777 4836 4776 4837 4836 4777 
4778 4837 4777 4838 4837 4778 4779 4838 4778 
4839 4838 4779 4780 4839 4779 4840 4839 4780 
4781 4840 4780 4841 4840 4781 4782 4841 4781 
4842 4841 4782 4783 4842 4782 4843 4842 4783 
4784 4843 4783 4844 4843 4784 4785 4844 4784 
4845 4844 4785 4786 4845 4785 4846 4845 4786 
4787 4846 4786 4847 4846 4787 4788 4847 4787 
4848 4847 4788 4789 4848 4788 4849 4848 4789 
4790 4849 4789 4850 4849 4790 4791 4850 4790 
4851 4850 4791 4792 4851 4791 4852 4851 4792 
4793 4852 4792 4853 4852 4793 4794 4853 4793 
4854 4853 4794 4795 4854 4794 4855 4854 4795 
4796 4855 4795 4856 4855 4796 4797 4856 4796 
4857 4856 4797 4798 4857 4797 4858 4857 4798 
4799 4858 4798 4859 4858 4799 4860 4861 4862 
4863 4861 4860 4862 4864 4865 4861 4864 4862 
4865 4866 4867 4864 4866 4865 4867 4868 4869 
4866 4868 4867 4869 4870 4871 4868 4870 4869 
4871 4872 4873 4870 4872 4871 4873 4874 4875 
4872 4874 4873 4875 4876 4877 4874 4876 4875 
4877 4878 4879 4876 4878 4877 4879 4880 4881 
4878 4880 4879 4881 4882 4883 4880 4882 4881 
4883 4884 4885 4882 4884 4883 4885 4886 4887 
4884 4886 4885 4887 4888 4889 4886 4888 4887 
4889 4890 4891 4888 4890 4889 4891 4892 4893 
4890 4892 4891 4893 4894 4895 4892 4894 4893 
4895 4896 4897 4894 4896 4895 4897 4898 4899 
4896 4898 4897 4899 4900 4901 4898 4900 4899 
4901 4902 4903 4900 4902 4901 4903 4904 4905 
4902 4904 4903 4905 4906 4907 4904 4906 4905 
4907 4908 4909 4906 4908 4907 4909 4910 4911 
4908 4910 4909 4911 4912 4913 4910 4912 4911 
4913 4914 4915 4912 4914 4913 4915 4916 4917 
4914 4916 4915 4917 4918 4919 4916 4918 4917 
4919 4920 4921 4918 4920 4919 4921 4922 4923 
4920 4922 4921 4923 4924 4925 4922 4924 4923 
4925 4926 4927 4924 4926 4925 4927 4928 4929 
4926 4928 4927 4929 4930 4931 4928 4930 4929 
4931 4932 4933 4930 4932 4931 4933 4934 4935 
4932 4934 4933 4935 4936 4937 4934 4936 4935 
4937 4938 4939 4936 4938 4937 4939 4940 4941 
4938 4940 4939 4941 4942 4943 4940 4942 4941 
4943 4944 4945 4942 4944 4943 4945 4946 4947 
4944 4946 4945 4947 4948 4949 4946 4948 4947 
4949 4950 4951 4948 4950 4949 4951 4952 4953 
4950 4952 4951 4953 4954 4955 4952 4954 4953 
4955 4956 4957 4954 4956 4955 4957 4958 4959 
4956 4958 4957 4959 4960 4961 4958 4960 4959 
4961 4962 4963 4960 4962 4961 4963 4964 4965 
4962 4964 4963 4965 4966 4967 4964 4966 4965 
4967 4968 4969 4966 4968 4967 4969 4970 4971 
4968 4970 4969 4971 4972 4973 4970 4972 4971 
4973 4974 4975 4972 4974 4973 4975 4976 4977 
4974 4976 4975 4977 4978 4979 4976 4978 4977 
4680 4681 4860 4862 4680 4860 4682 4680 4862 
4865 4682 4862 4683 4682 4865 4867 4683 4865 
4684 4683 4867 4869 4684 4867 4685 4684 4869 
4871 4685 4869 4686 4685 4871 4873 4686 4871 
4687 4686 4873 4875 4687 4873 4688 4687 4875 
4877 4688 4875 4689 4688 4877 4879 4689 4877 
4690 4689 4879 4881 4690 4879 4691 4690 4881 
4883 4691 4881 4692 4691 4883 4885 4692 4883 
4693 4692 4885 4887 4693 4885 4694 4693 4887 
4889 4694 4887 4695 4694 4889 4891 4695 4889 
4696 4695 4891 4893 4696 4891 4697 4696 4893 
4895 4697 4893 4698 4697 4895 4897 4698 4895 
4699 4698 4897 4899 4699 4897 4700 4699 4899 
4901 4700 4899 4701 4700 4901 4903 4701 4901 
4702 4701 4903 4905 4702 4903 4703 4702 4905 
4907 4703 4905 4704 4703 4907 4909 4704 4907 
4705 4704 4909 4911 4705 4909 4706 4705 4911 
4913 4706 4911 4707 4706 4913 4915 4707 4913 
4708 4707 4915 4917 4708 4915 4709 4708 4917 
4919 4709 4917 4710 4709 4919 4921 4710 4919 
4711 4710 4921 4923 4711 4921 4712 4711 4923 
4925 4712 4923 4713 4712 4925 4927 4713 4925 
4714 4713 4927 4929 4714 4927 4715 4714 4929 
4931 4715 4929 4716 4715 4931 4933 4716 4931 
4717 4716 4933 4935 4717 4933 4718 4717 4935 
4937 4718 4935 4719 4718 4937 4939 4719 4937 
4720 4719 4939 4941 4720 4939 4721 4720 4941 
4943 4721 4941 4722 4721 4943 4945 4722 4943 
4723 4722 4945 4947 4723 4945 4724 4723 4947 
4949 4724 4947 4725 4724 4949 4951 4725 4949 
4726 4725 4951 4953 4726 4951 4727 4726 4953 
4955 4727 4953 4728 4727 4955 4957 4728 4955 
4729 4728 4957 4959 4729 4957 4730 4729 4959 
4961 4730 4959 4731 4730 4961 4963 4731 4961 
4732 4731 4963 4965 4732 4963 4733 4732 4965 
4967 4733 4965 4734 4733 4967 4969 4734 4967 
4735 4734 4969 4971 4735 4969 4736 4735 4971 
4973 4736 4971 4737 4736 4973 4975 4737 4973 
4738 4737 4975 4977 4738 4975 4739 4738 4977 
4979 4739 4977 4800 4801 4980 4981 4800 4980 
4801 4802 4982 4980 4801 4982 4802 4803 4983 
4982 4802 4983 4803 4804 4984 4983 4803 4984 
4804 4805 4985 4984 4804 4985 4805 4806 4986 
4985 4805 4986 4806 4807 4987 4986 4806 4987 
4807 4808 4988 4987 4807 4988 4808 4809 4989 
4988 4808 4989 4809 4810 4990 4989 4809 4990 
4810 4811 4991 4990 4810 4991 4811 4812 4992 
4991 4811 4992 4812 4813 4993 4992 4812 4993 
4813 4814 4994 4993 4813 4994 4814 4815 4995 
4994 4814 4995 4815 4816 4996 4995 4815 4996 
4816 4817 4997 4996 4816 4997 4817 4818 4998 
4997 4817 4998 4818 4819 4999 4998 4818 4999 
4819 4820 5000 4999 4819 5000 4820 4821 5001 
5000 4820 5001 4821 4822 5002 5001 4821 5002 
4822 4823 5003 5002 4822 5003 4823 4824 5004 
5003 4823 5004 4824 4825 5005 5004 4824 5005 
4825 4826 5006 5005 4825 5006 4826 4827 5007 
5006 4826 5007 4827 4828 5008 5007 4827 5008 
4828 4829 5009 5008 4828 5009 4829 4830 5010 
5009 4829 5010 4830 4831 5011 5010 4830 5011 
4831 4832 5012 5011 4831 5012 4832 4833 5013 
5012 4832 5013 4833 4834 5014 5013 4833 5014 
4834 4835 5015 5014 4834 5015 4835 4836 5016 
5015 4835 5016 4836 4837 5017 5016 4836 5017 
4837 4838 5018 5017 4837 5018 4838 4839 5019 
5018 4838 5019 4839 4840 5020 5019 4839 5020 
4840 4841 5021 5020 4840 5021 4841 4842 5022 
5021 4841 5022 4842 4843 5023 5022 4842 5023 
4843 4844 5024 5023 4843 5024 4844 4845 5025 
5024 4844 5025 4845 4846 5026 5025 4845 5026 
4846 4847 5027 5026 4846 5027 4847 4848 5028 
5027 4847 5028 4848 4849 5029 5028 4848 5029 
4849 4850 5030 5029 4849 5030 4850 4851 5031 
5030 4850 5031 4851 4852 5032 5031 4851 5032 
4852 4853 5033 5032 4852 5033 4853 4854 5034 
5033 4853 5034 4854 4855 5035 5034 4854 5035 
4855 4856 5036 5035 4855 5036 4856 4857 5037 
5036 4856 5037 4857 4858 5038 5037 4857 5038 
4858 4859 5039 5038 4858 5039 4980 5040 4981 
5041 5040 4980 4982 5041 4980 5042 5041 4982 
4983 5042 4982 5043 5042 4983 4984 5043 4983 
5044 5043 4984 4985 5044 4984 5045 5044 4985 
4986 5045 4985 5046 5045 4986 4987 5046 4986 
5047 5046 4987 4988 5047 4987 5048 5047 4988 
4989 5048 4988 5049 5048 4989 4990 5049 4989 
5050 5049 4990 4991 5050 4990 5051 5050 4991 
4992 5051 4991 5052 5051 4992 4993 5052 4992 
5053 5052 4993 4994 5053 4993 5054 5053 4994 
4995 5054 4994 5055 5054 4995 4996 5055 4995 
5056 5055 4996 4997 5056 4996 5057 5056 4997 
4998 5057 4997 5058 5057 4998 4999 5058 4998 
5059 5058 4999 5000 5059 4999 5060 5059 5000 
5001 5060 5000 5061 5060 5001 5002 5061 5001 
5062 5061 5002 5003 5062 5002 5063 5062 5003 
5004 5063 5003 5064 5063 5004 5005 5064 5004 
5065 5064 5005 5006 5065 5005 5066 5065 5006 
5007 5066 5006 5067 5066 5007 5008 5067 5007 
5068 5067 5008 5009 5068 5008 5069 5068 5009 
5010 5069 5009 5070 5069 5010 5011 5070 5010 
5071 5070 5011 5012 5071 5011 5072 5071 5012 
5013 5072 5012 5073 5072 5013 5014 5073 5013 
5074 5073 5014 5015 5074 5014 5075 5074 5015 
5016 5075 5015 5076 5075 5016 5017 5076 5016 
5077 5076 5017 5018 5077 5017 5078 5077 5018 
5019 5078 5018 5079 5078 5019 5020 5079 5019 
5080 5079 5020 5021 5080 5020 5081 5080 5021 
5022 5081 5021 5082 5081 5022 5023 5082 5022 
5083 5082 5023 5024 5083 5023 5084 5083 5024 
5025 5084 5024 5085 5084 5025 5026 5085 5025 
5086 5085 5026 5027 5086 5026 5087 5086 5027 
5028 5087 5027 5088 5087 5028 5029 5088 5028 
5089 5088 5029 5030 5089 5029 5090 5089 5030 
5031 5090 5030 5091 5090 5031 5032 5091 5031 
5092 5091 5032 5033 5092 5032 5093 5092 5033 
5034 5093 5033 5094 5093 5034 5035 5094 5034 
5095 5094 5035 5036 5095 5035 5096 5095 5036 
5037 5096 5036 5097 5096 5037 5038 5097 5037 
5098 5097 5038 5039 5098 5038 5099 5098 5039 
5100 5101 5102 5103 5101 5100 5102 5104 5105 
5101 5104 5102 5105 5106 5107 5104 5106 5105 
5107 5108 5109 5106 5108 5107 5109 5110 5111 
5108 5110 5109 5111 5112 5113 5110 5112 5111 
5113 5114 5115 5112 5114 5113 5115 5116 5117 
5114 5116 5115 5117 5118 5119 5116 5118 5117 
5119 5120 5121 5118 5120 5119 5121 5122 5123 
5120 5122 5121 5123 5124 5125 5122 5124 5123 
5125 5126 5127 5124 5126 5125 5127 5128 5129 
5126 5128 5127 5129 5130 5131 5128 5130 5129 
5131 5132 5133 5130 5132 5131 5133 5134 5135 
5132 5134 5133 5135 5136 5137 5134 5136 5135 
5137 5138 5139 5136 5138 5137 5139 5140 5141 
5138 5140 5139 5141 5142 5143 5140 5142 5141 
5143 5144 5145 5142 5144 5143 5145 5146 5147 
5144 5146 5145 5147 5148 5149 5146 5148 5147 
5149 5150 5151 5148 5150 5149 5151 5152 5153 
5150 5152 5151 5153 5154 5155 5152 5154 5153 
5155 5156 5157 5154 5156 5155 5157 5158 5159 
5156 5158 5157 5159 5160 5161 5158 5160 5159 
5161 5162 5163 5160 5162 5161 5163 5164 5165 
5162 5164 5163 5165 5166 5167 5164 5166 5165 
5167 5168 5169 5166 5168 5167 5169 5170 5171 
5168 5170 5169 5171 5172 5173 5170 5172 5171 
5173 5174 5175 5172 5174 5173 5175 5176 5177 
5174 5176 5175 5177 5178 5179 5176 5178 5177 
5179 5180 5181 5178 5180 5179 5181 5182 5183 
5180 5182 5181 5183 5184 5185 5182 5184 5183 
5185 5186 5187 5184 5186 5185 5187 5188 5189 
5186 5188 5187 5189 5190 5191 5188 5190 5189 
5191 5192 5193 5190 5192 5191 5193 5194 5195 
5192 5194 5193 5195 5196 5197 5194 5196 5195 
5197 5198 5199 5196 5198 5197 5199 5200 5201 
5198 5200 5199 5201 5202 5203 5200 5202 5201 
5203 5204 5205 5202 5204 5203 5205 5206 5207 
5204 5206 5205 5207 5208 5209 5206 5208 5207 
5209 5210 5211 5208 5210 5209 5211 5212 5213 
5210 5212 5211 5213 5214 5215 5212 5214 5213 
5215 5216 5217 5214 5216 5215 5217 5218 5219 
5216 5218 5217 4861 4863 5100 5102 4861 5100 
4864 4861 5102 5105 4864 5102 4866 4864 5105 
5107 4866 5105 4868 4866 5107 5109 4868 5107 
4870 4868 5109 5111 4870 5109 4872 4870 5111 
5113 4872 5111 4874 4872 5113 5115 4874 5113 
4876 4874 5115 5117 4876 5115 4878 4876 5117 
5119 4878 5117 4880 4878 5119 5121 4880 5119 
4882 4880 5121 5123 4882 5121 4884 4882 5123 
5125 4884 5123 4886 4884 5125 5127 4886 5125 
4888 4886 5127 5129 4888 5127 4890 4888 5129 
5131 4890 5129 4892 4890 5131 5133 4892 5131 
4894 4892 5133 5135 4894 5133 4896 4894 5135 
5137 4896 5135 4898 4896 5137 5139 4898 5137 
4900 4898 5139 5141 4900 5139 4902 4900 5141 
5143 4902 5141 4904 4902 5143 5145 4904 5143 
4906 4904 5145 5147 4906 5145 4908 4906 5147 
5149 4908 5147 4910 4908 5149 5151 4910 5149 
4912 4910 5151 5153 4912 5151 4914 4912 5153 
5155 4914 5153 4916 4914 5155 5157 4916 5155 
4918 4916 5157 5159 4918 5157 4920 4918 5159 
5161 4920 5159 4922 4920 5161 5163 4922 5161 
4924 4922 5163 5165 4924 5163 4926 4924 5165 
5167 4926 5165 4928 4926 5167 5169 4928 5167 
4930 4928 5169 5171 4930 5169 4932 4930 5171 
5173 4932 5171 4934 4932 5173 5175 4934 5173 
4936 4934 5175 5177 4936 5175 4938 4936 5177 
5179 4938 5177 4940 4938 5179 5181 4940 5179 
4942 4940 5181 5183 4942 5181 4944 4942 5183 
5185 4944 5183 4946 4944 5185 5187 4946 5185 
4948 4946 5187 5189 4948 5187 4950 4948 5189 
5191 4950 5189 4952 4950 5191 5193 4952 5191 
4954 4952 5193 5195 4954 5193 4956 4954 5195 
5197 4956 5195 4958 4956 5197 5199 4958 5197 
4960 4958 5199 5201 4960 5199 4962 4960 5201 
5203 4962 5201 4964 4962 5203 5205 4964 5203 
4966 4964 5205 5207 4966 5205 4968 4966 5207 
5209 4968 5207 4970 4968 5209 5211 4970 5209 
4972 4970 5211 5213 4972 5211 4974 4972 5213 
5215 4974 5213 4976 4974 5215 5217 4976 5215 
4978 4976 5217 5219 4978 5217 5041 5220 5040 
5220 5221 5040 5042 5222 5041 5222 5220 5041 
5043 5223 5042 5223 5222 5042 5044 5224 5043 
5224 5223 5043 5045 5225 5044 5225 5224 5044 
5046 5226 5045 5226 5225 5045 5047 5227 5046 
5227 5226 5046 5048 5228 5047 5228 5227 5047 
5049 5229 5048 5229 5228 5048 5050 5230 5049 
5230 5229 5049 5051 5231 5050 5231 5230 5050 
5052 5232 5051 5232 5231 5051 5053 5233 5052 
5233 5232 5052 5054 5234 5053 5234 5233 5053 
5055 5235 5054 5235 5234 5054 5056 5236 5055 
5236 5235 5055 5057 5237 5056 5237 5236 5056 
5058 5238 5057 5238 5237 5057 5059 5239 5058 
5239 5238 5058 5060 5240 5059 5240 5239 5059 
5061 5241 5060 5241 5240 5060 5062 5242 5061 
5242 5241 5061 5063 5243 5062 5243 5242 5062 
5064 5244 5063 5244 5243 5063 5065 5245 5064 
5245 5244 5064 5066 5246 5065 5246 5245 5065 
5067 5247 5066 5247 5246 5066 5068 5248 5067 
5248 5247 5067 5069 5249 5068 5249 5248 5068 
5070 5250 5069 5250 5249 5069 5071 5251 5070 
5251 5250 5070 5072 5252 5071 5252 5251 5071 
5073 5253 5072 5253 5252 5072 5074 5254 5073 
5254 5253 5073 5075 5255 5074 5255 5254 5074 
5076 5256 5075 5256 5255 5075 5077 5257 5076 
5257 5256 5076 5078 5258 5077 5258 5257 5077 
5079 5259 5078 5259 5258 5078 5080 5260 5079 
5260 5259 5079 5081 5261 5080 5261 5260 5080 
5082 5262 5081 5262 5261 5081 5083 5263 5082 
5263 5262 5082 5084 5264 5083 5264 5263 5083 
5085 5265 5084 5265 5264 5084 5086 5266 5085 
5266 5265 5085 5087 5267 5086 5267 5266 5086 
5088 5268 5087 5268 5267 5087 5089 5269 5088 
5269 5268 5088 5090 5270 5089 5270 5269 5089 
5091 5271 5090 5271 5270 5090 5092 5272 5091 
5272 5271 5091 5093 5273 5092 5273 5272 5092 
5094 5274 5093 5274 5273 5093 5095 5275 5094 
5275 5274 5094 5096 5276 5095 5276 5275 5095 
5097 5277 5096 5277 5276 5096 5098 5278 5097 
5278 5277 5097 5099 5279 5098 5279 5278 5098 
5220 5280 5221 5281 5280 5220 5222 5281 5220 
5282 5281 5222 5223 5282 5222 5283 5282 5223 
5224 5283 5223 5284 5283 5224 5225 5284 5224 
5285 5284 5225 5226 5285 5225 5286 5285 5226 
5227 5286 5226 5287 5286 5227 5228 5287 5227 
5288 5287 5228 5229 5288 5228 5289 5288 5229 
5230 5289 5229 5290 5289 5230 5231 5290 5230 
5291 5290 5231 5232 5291 5231 5292 5291 5232 
5233 5292 5232 5293 5292 5233 5234 5293 5233 
5294 5293 5234 5235 5294 5234 5295 5294 5235 
5236 5295 5235 5296 5295 5236 5237 5296 5236 
5297 5296 5237 5238 5297 5237 5298 5297 5238 
5239 5298 5238 5299 5298 5239 5240 5299 5239 
5300 5299 5240 5241 5300 5240 5301 5300 5241 
5242 5301 5241 5302 5301 5242 5243 5302 5242 
5303 5302 5243 5244 5303 5243 5304 5303 5244 
5245 5304 5244 5305 5304 5245 5246 5305 5245 
5306 5305 5246 5247 5306 5246 5307 5306 5247 
5248 5307 5247 5308 5307 5248 5249 5308 5248 
5309 5308 5249 5250 5309 5249 5310 5309 5250 
5251 5310 5250 5311 5310 5251 5252 5311 5251 
5312 5311 5252 5253 5312 5252 5313 5312 5253 
5254 5313 5253 5314 5313 5254 5255 5314 5254 
5315 5314 5255 5256 5315 5255 5316 5315 5256 
5257 5316 5256 5317 5316 5257 5258 5317 5257 
5318 5317 5258 5259 5318 5258 5319 5318 5259 
5260 5319 5259 5320 5319 5260 5261 5320 5260 
5321 5320 5261 5262 5321 5261 5322 5321 5262 
5263 5322 5262 5323 5322 5263 5264 5323 5263 
5324 5323 5264 5265 5324 5264 5325 5324 5265 
5266 5325 5265 5326 5325 5266 5267 5326 5266 
5327 5326 5267 5268 5327 5267 5328 5327 5268 
5269 5328 5268 5329 5328 5269 5270 5329 5269 
5330 5329 5270 5271 5330 5270 5331 5330 5271 
5272 5331 5271 5332 5331 5272 5273 5332 5272 
5333 5332 5273 5274 5333 5273 5334 5333 5274 
5275 5334 5274 5335 5334 5275 5276 5335 5275 
5336 5335 5276 5277 5336 5276 5337 5336 5277 
5278 5337 5277 5338 5337 5278 5279 5338 5278 
5339 5338 5279 5340 5341 5342 5343 5341 5340 
5342 5344 5345 5341 5344 5342 5345 5346 5347 
5344 5346 5345 5347 5348 5349 5346 5348 5347 
5349 5350 5351 5348 5350 5349 5351 5352 5353 
5350 5352 5351 5353 5354 5355 5352 5354 5353 
5355 5356 5357 5354 5356 5355 5357 5358 5359 
5356 5358 5357 5359 5360 5361 5358 5360 5359 
5361 5362 5363 5360 5362 5361 5363 5364 5365 
5362 5364 5363 5365 5366 5367 5364 5366 5365 
5367 5368 5369 5366 5368 5367 5369 5370 5371 
5368 5370 5369 5371 5372 5373 5370 5372 5371 
5373 5374 5375 5372 5374 5373 5375 5376 5377 
5374 5376 5375 5377 5378 5379 5376 5378 5377 
5379 5380 5381 5378 5380 5379 5381 5382 5383 
5380 5382 5381 5383 5384 5385 5382 5384 5383 
5385 5386 5387 5384 5386 5385 5387 5388 5389 
5386 5388 5387 5389 5390 5391 5388 5390 5389 
5391 5392 5393 5390 5392 5391 5393 5394 5395 
5392 5394 5393 5395 5396 5397 5394 5396 5395 
5397 5398 5399 5396 5398 5397 5399 5400 5401 
5398 5400 5399 5401 5402 5403 5400 5402 5401 
5403 5404 5405 5402 5404 5403 5405 5406 5407 
5404 5406 5405 5407 5408 5409 5406 5408 5407 
5409 5410 5411 5408 5410 5409 5411 5412 5413 
5410 5412 5411 5413 5414 5415 5412 5414 5413 
5415 5416 5417 5414 5416 5415 5417 5418 5419 
5416 5418 5417 5419 5420 5421 5418 5420 5419 
5421 5422 5423 5420 5422 5421 5423 5424 5425 
5422 5424 5423 5425 5426 5427 5424 5426 5425 
5427 5428 5429 5426 5428 5427 5429 5430 5431 
5428 5430 5429 5431 5432 5433 5430 5432 5431 
5433 5434 5435 5432 5434 5433 5435 5436 5437 
5434 5436 5435 5437 5438 5439 5436 5438 5437 
5439 5440 5441 5438 5440 5439 5441 5442 5443 
5440 5442 5441 5443 5444 5445 5442 5444 5443 
5445 5446 5447 5444 5446 5445 5447 5448 5449 
5446 5448 5447 5449 5450 5451 5448 5450 5449 
5451 5452 5453 5450 5452 5451 5453 5454 5455 
5452 5454 5453 5455 5456 5457 5454 5456 5455 
5457 5458 5459 5456 5458 5457 5342 5101 5340 
5101 5103 5340 5345 5104 5342 5104 5101 5342 
5347 5106 5345 5106 5104 5345 5349 5108 5347 
5108 5106 5347 5351 5110 5349 5110 5108 5349 
5353 5112 5351 5112 5110 5351 5355 5114 5353 
5114 5112 5353 5357 5116 5355 5116 5114 5355 
5359 5118 5357 5118 5116 5357 5361 5120 5359 
5120 5118 5359 5363 5122 5361 5122 5120 5361 
5365 5124 5363 5124 5122 5363 5367 5126 5365 
5126 5124 5365 5369 5128 5367 5128 5126 5367 
5371 5130 5369 5130 5128 5369 5373 5132 5371 
5132 5130 5371 5375 5134 5373 5134 5132 5373 
5377 5136 5375 5136 5134 5375 5379 5138 5377 
5138 5136 5377 5381 5140 5379 5140 5138 5379 
5383 5142 5381 5142 5140 5381 5385 5144 5383 
5144 5142 5383 5387 5146 5385 5146 5144 5385 
5389 5148 5387 5148 5146 5387 5391 5150 5389 
5150 5148 5389 5393 5152 5391 5152 5150 5391 
5395 5154 5393 5154 5152 5393 5397 5156 5395 
5156 5154 5395 5399 5158 5397 5158 5156 5397 
5401 5160 5399 5160 5158 5399 5403 5162 5401 
5162 5160 5401 5405 5164 5403 5164 5162 5403 
5407 5166 5405 5166 5164 5405 5409 5168 5407 
5168 5166 5407 5411 5170 5409 5170 5168 5409 
5413 5172 5411 5172 5170 5411 5415 5174 5413 
5174 5172 5413 5417 5176 5415 5176 5174 5415 
5419 5178 5417 5178 5176 5417 5421 5180 5419 
5180 5178 5419 5423 5182 5421 5182 5180 5421 
5425 5184 5423 5184 5182 5423 5427 5186 5425 
5186 5184 5425 5429 5188 5427 5188 5186 5427 
5431 5190 5429 5190 5188 5429 5433 5192 5431 
5192 5190 5431 5435 5194 5433 5194 5192 5433 
5437 5196 5435 5196 5194 5435 5439 5198 5437 
5198 5196 5437 5441 5200 5439 5200 5198 5439 
5443 5202 5441 5202 5200 5441 5445 5204 5443 
5204 5202 5443 5447 5206 5445 5206 5204 5445 
5449 5208 5447 5208 5206 5447 5451 5210 5449 
5210 5208 5449 5453 5212 5451 5212 5210 5451 
5455 5214 5453 5214 5212 5453 5457 5216 5455 
5216 5214 5455 5459 5218 5457 5218 5216 5457 
5280 5281 5460 5461 5280 5460 5281 5282 5462 
5460 5281 5462 5282 5283 5463 5462 5282 5463 
5283 5284 5464 5463 5283 5464 5284 5285 5465 
5464 5284 5465 5285 5286 5466 5465 5285 5466 
5286 5287 5467 5466 5286 5467 5287 5288 5468 
5467 5287 5468 5288 5289 5469 5468 5288 5469 
5289 5290 5470 5469 5289 5470 5290 5291 5471 
5470 5290 5471 5291 5292 5472 5471 5291 5472 
5292 5293 5473 5472 5292 5473 5293 5294 5474 
5473 5293 5474 5294 5295 5475 5474 5294 5475 
5295 5296 5476 5475 5295 5476 5296 5297 5477 
5476 5296 5477 5297 5298 5478 5477 5297 5478 
5298 5299 5479 5478 5298 5479 5299 5300 5480 
5479 5299 5480 5300 5301 5481 5480 5300 5481 
5301 5302 5482 5481 5301 5482 5302 5303 5483 
5482 5302 5483 5303 5304 5484 5483 5303 5484 
5304 5305 5485 5484 5304 5485 5305 5306 5486 
5485 5305 5486 5306 5307 5487 5486 5306 5487 
5307 5308 5488 5487 5307 5488 5308 5309 5489 
5488 5308 5489 5309 5310 5490 5489 5309 5490 
5310 5311 5491 5490 5310 5491 5311 5312 5492 
5491 5311 5492 5312 5313 5493 5492 5312 5493 
5313 5314 5494 5493 5313 5494 5314 5315 5495 
5494 5314 5495 5315 5316 5496 5495 5315 5496 
5316 5317 5497 5496 5316 5497 5317 5318 5498 
5497 5317 5498 5318 5319 5499 5498 5318 5499 
5319 5320 5500 5499 5319 5500 5320 5321 5501 
5500 5320 5501 5321 5322 5502 5501 5321 5502 
5322 5323 5503 5502 5322 5503 5323 5324 5504 
5503 5323 5504 5324 5325 5505 5504 5324 5505 
5325 5326 5506 5505 5325 5506 5326 5327 5507 
5506 5326 5507 5327 5328 5508 5507 5327 5508 
5328 5329 5509 5508 5328 5509 5329 5330 5510 
5509 5329 5510 5330 5331 5511 5510 5330 5511 
5331 5332 5512 5511 5331 5512 5332 5333 5513 
5512 5332 5513 5333 5334 5514 5513 5333 5514 
5334 5335 5515 5514 5334 5515 5335 5336 5516 
5515 5335 5516 5336 5337 5517 5516 5336 5517 
5337 5338 5518 5517 5337 5518 5338 5339 5519 
5518 5338 5519 5460 5520 5461 5520 5521 5461 
5462 5522 5460 5522 5520 5460 5463 5523 5462 
5523 5522 5462 5464 5524 5463 5524 5523 5463 
5465 5525 5464 5525 5524 5464 5466 5526 5465 
5526 5525 5465 5467 5527 5466 5527 5526 5466 
5468 5528 5467 5528 5527 5467 5469 5529 5468 
5529 5528 5468 5470 5530 5469 5530 5529 5469 
5471 5531 5470 5531 5530 5470 5472 5532 5471 
5532 5531 5471 5473 5533 5472 5533 5532 5472 
5474 5534 5473 5534 5533 5473 5475 5535 5474 
5535 5534 5474 5476 5536 5475 5536 5535 5475 
5477 5537 5476 5537 5536 5476 5478 5538 5477 
5538 5537 5477 5479 5539 5478 5539 5538 5478 
5480 5540 5479 5540 5539 5479 5481 5541 5480 
5541 5540 5480 5482 5542 5481 5542 5541 5481 
5483 5543 5482 5543 5542 5482 5484 5544 5483 
5544 5543 5483 5485 5545 5484 5545 5544 5484 
5486 5546 5485 5546 5545 5485 5487 5547 5486 
5547 5546 5486 5488 5548 5487 5548 5547 5487 
5489 5549 5488 5549 5548 5488 5490 5550 5489 
5550 5549 5489 5491 5551 5490 5551 5550 5490 
5492 5552 5491 5552 5551 5491 5493 5553 5492 
5553 5552 5492 5494 5554 5493 5554 5553 5493 
5495 5555 5494 5555 5554 5494 5496 5556 5495 
5556 5555 5495 5497 5557 5496 5557 5556 5496 
5498 5558 5497 5558 5557 5497 5499 5559 5498 
5559 5558 5498 5500 5560 5499 5560 5559 5499 
5501 5561 5500 5561 5560 5500 5502 5562 5501 
5562 5561 5501 5503 5563 5502 5563 5562 5502 
5504 5564 5503 5564 5563 5503 5505 5565 5504 
5565 5564 5504 5506 5566 5505 5566 5565 5505 
5507 5567 5506 5567 5566 5506 5508 5568 5507 
5568 5567 5507 5509 5569 5508 5569 5568 5508 
5510 5570 5509 5570 5569 5509 5511 5571 5510 
5571 5570 5510 5512 5572 5511 5572 5571 5511 
5513 5573 5512 5573 5572 5512 5514 5574 5513 
5574 5573 5513 5515 5575 5514 5575 5574 5514 
5516 5576 5515 5576 5575 5515 5517 5577 5516 
5577 5576 5516 5518 5578 5517 5578 5577 5517 
5519 5579 5518 5579 5578 5518 5520 5580 5521 
5581 5580 5520 5522 5581 5520 5582 5581 5522 
5523 5582 5522 5583 5582 5523 5524 5583 5523 
5584 5583 5524 5525 5584 5524 5585 5584 5525 
5526 5585 5525 5586 5585 5526 5527 5586 5526 
5587 5586 5527 5528 5587 5527 5588 5587 5528 
5529 5588 5528 5589 5588 5529 5530 5589 5529 
5590 5589 5530 5531 5590 5530 5591 5590 5531 
5532 5591 5531 5592 5591 5532 5533 5592 5532 
5593 5592 5533 5534 5593 5533 5594 5593 5534 
5535 5594 5534 5595 5594 5535 5536 5595 5535 
5596 5595 5536 5537 5596 5536 5597 5596 5537 
5538 5597 5537 5598 5597 5538 5539 5598 5538 
5599 5598 5539 5540 5599 5539 5600 5599 5540 
5541 5600 5540 5601 5600 5541 5542 5601 5541 
5602 5601 5542 5543 5602 5542 5603 5602 5543 
5544 5603 5543 5604 5603 5544 5545 5604 5544 
5605 5604 5545 5546 5605 5545 5606 5605 5546 
5547 5606 5546 5607 5606 5547 5548 5607 5547 
5608 5607 5548 5549 5608 5548 5609 5608 5549 
5550 5609 5549 5610 5609 5550 5551 5610 5550 
5611 5610 5551 5552 5611 5551 5612 5611 5552 
5553 5612 5552 5613 5612 5553 5554 5613 5553 
5614 5613 5554 5555 5614 5554 5615 5614 5555 
5556 5615 5555 5616 5615 5556 5557 5616 5556 
5617 5616 5557 5558 5617 5557 5618 5617 5558 
5559 5618 5558 5619 5618 5559 5560 5619 5559 
5620 5619 5560 5561 5620 5560 5621 5620 5561 
5562 5621 5561 5622 5621 5562 5563 5622 5562 
5623 5622 5563 5564 5623 5563 5624 5623 5564 
5565 5624 5564 5625 5624 5565 5566 5625 5565 
5626 5625 5566 5567 5626 5566 5627 5626 5567 
5568 5627 5567 5628 5627 5568 5569 5628 5568 
5629 5628 5569 5570 5629 5569 5630 5629 5570 
5571 5630 5570 5631 5630 5571 5572 5631 5571 
5632 5631 5572 5573 5632 5572 5633 5632 5573 
5574 5633 5573 5634 5633 5574 5575 5634 5574 
5635 5634 5575 5576 5635 5575 5636 5635 5576 
5577 5636 5576 5637 5636 5577 5578 5637 5577 
5638 5637 5578 5579 5638 5578 5639 5638 5579 
5640 5641 5642 5643 5641 5640 5642 5644 5645 
5641 5644 5642 5645 5646 5647 5644 5646 5645 
5647 5648 5649 5646 5648 5647 5649 5650 5651 
5648 5650 5649 5651 5652 5653 5650 5652 5651 
5653 5654 5655 5652 5654 5653 5655 5656 5657 
5654 5656 5655 5657 5658 5659 5656 5658 5657 
5659 5660 5661 5658 5660 5659 5661 5662 5663 
5660 5662 5661 5663 5664 5665 5662 5664 5663 
5665 5666 5667 5664 5666 5665 5667 5668 5669 
5666 5668 5667 5669 5670 5671 5668 5670 5669 
5671 5672 5673 5670 5672 5671 5673 5674 5675 
5672 5674 5673 5675 5676 5677 5674 5676 5675 
5677 5678 5679 5676 5678 5677 5679 5680 5681 
5678 5680 5679 5681 5682 5683 5680 5682 5681 
5683 5684 5685 5682 5684 5683 5685 5686 5687 
5684 5686 5685 5687 5688 5689 5686 5688 5687 
5689 5690 5691 5688 5690 5689 5691 5692 5693 
5690 5692 5691 5693 5694 5695 5692 5694 5693 
5695 5696 5697 5694 5696 5695 5697 5698 5699 
5696 5698 5697 5699 5700 5701 5698 5700 5699 
5701 5702 5703 5700 5702 5701 5703 5704 5705 
5702 5704 5703 5705 5706 5707 5704 5706 5705 
5707 5708 5709 5706 5708 5707 5709 5710 5711 
5708 5710 5709 5711 5712 5713 5710 5712 5711 
5713 5714 5715 5712 5714 5713 5715 5716 5717 
5714 5716 5715 5717 5718 5719 5716 5718 5717 
5719 5720 5721 5718 5720 5719 5721 5722 5723 
5720 5722 5721 5723 5724 5725 5722 5724 5723 
5725 5726 5727 5724 5726 5725 5727 5728 5729 
5726 5728 5727 5729 5730 5731 5728 5730 5729 
5731 5732 5733 5730 5732 5731 5733 5734 5735 
5732 5734 5733 5735 5736 5737 5734 5736 5735 
5737 5738 5739 5736 5738 5737 5739 5740 5741 
5738 5740 5739 5741 5742 5743 5740 5742 5741 
5743 5744 5745 5742 5744 5743 5745 5746 5747 
5744 5746 5745 5747 5748 5749 5746 5748 5747 
5749 5750 5751 5748 5750 5749 5751 5752 5753 
5750 5752 5751 5753 5754 5755 5752 5754 5753 
5755 5756 5757 5754 5756 5755 5757 5758 5759 
5756 5758 5757 5642 5760 5640 5760 5761 5640 
5645 5762 5642 5762 5760 5642 5647 5763 5645 
5763 5762 5645 5649 5764 5647 5764 5763 5647 
5651 5765 5649 5765 5764 5649 5653 5766 5651 
5766 5765 5651 5655 5767 5653 5767 5766 5653 
5657 5768 5655 5768 5767 5655 5659 5769 5657 
5769 5768 5657 5661 5770 5659 5770 5769 5659 
5663 5771 5661 5771 5770 5661 5665 5772 5663 
5772 5771 5663 5667 5773 5665 5773 5772 5665 
5669 5774 5667 5774 5773 5667 5671 5775 5669 
5775 5774 5669 5673 5776 5671 5776 5775 5671 
5675 5777 5673 5777 5776 5673 5677 5778 5675 
5778 5777 5675 5679 5779 5677 5779 5778 5677 
5681 5780 5679 5780 5779 5679 5683 5781 5681 
5781 5780 5681 5685 5782 5683 5782 5781 5683 
5687 5783 5685 5783 5782 5685 5689 5784 5687 
5784 5783 5687 5691 5785 5689 5785 5784 5689 
5693 5786 5691 5786 5785 5691 5695 5787 5693 
5787 5786 5693 5697 5788 5695 5788 5787 5695 
5699 5789 5697 5789 5788 5697 5701 5790 5699 
5790 5789 5699 5703 5791 5701 5791 5790 5701 
5705 5792 5703 5792 5791 5703 5707 5793 5705 
5793 5792 5705 5709 5794 5707 5794 5793 5707 
5711 5795 5709 5795 5794 5709 5713 5796 5711 
5796 5795 5711 5715 5797 5713 5797 5796 5713 
5717 5798 5715 5798 5797 5715 5719 5799 5717 
5799 5798 5717 5721 5800 5719 5800 5799 5719 
5723 5801 5721 5801 5800 5721 5725 5802 5723 
5802 5801 5723 5727 5803 5725 5803 5802 5725 
5729 5804 5727 5804 5803 5727 5731 5805 5729 
5805 5804 5729 5733 5806 5731 5806 5805 5731 
5735 5807 5733 5807 5806 5733 5737 5808 5735 
5808 5807 5735 5739 5809 5737 5809 5808 5737 
5741 5810 5739 5810 5809 5739 5743 5811 5741 
5811 5810 5741 5745 5812 5743 5812 5811 5743 
5747 5813 5745 5813 5812 5745 5749 5814 5747 
5814 5813 5747 5751 5815 5749 5815 5814 5749 
5753 5816 5751 5816 5815 5751 5755 5817 5753 
5817 5816 5753 5757 5818 5755 5818 5817 5755 
5759 5819 5757 5819 5818 5757 5341 5343 5761 
5760 5341 5761 5344 5341 5760 5762 5344 5760 
5346 5344 5762 5763 5346 5762 5348 5346 5763 
5764 5348 5763 5350 5348 5764 5765 5350 5764 
5352 5350 5765 5766 5352 5765 5354 5352 5766 
5767 5354 5766 5356 5354 5767 5768 5356 5767 
5358 5356 5768 5769 5358 5768 5360 5358 5769 
5770 5360 5769 5362 5360 5770 5771 5362 5770 
5364 5362 5771 5772 5364 5771 5366 5364 5772 
5773 5366 5772 5368 5366 5773 5774 5368 5773 
5370 5368 5774 5775 5370 5774 5372 5370 5775 
5776 5372 5775 5374 5372 5776 5777 5374 5776 
5376 5374 5777 5778 5376 5777 5378 5376 5778 
5779 5378 5778 5380 5378 5779 5780 5380 5779 
5382 5380 5780 5781 5382 5780 5384 5382 5781 
5782 5384 5781 5386 5384 5782 5783 5386 5782 
5388 5386 5783 5784 5388 5783 5390 5388 5784 
5785 5390 5784 5392 5390 5785 5786 5392 5785 
5394 5392 5786 5787 5394 5786 5396 5394 5787 
5788 5396 5787 5398 5396 5788 5789 5398 5788 
5400 5398 5789 5790 5400 5789 5402 5400 5790 
5791 5402 5790 5404 5402 5791 5792 5404 5791 
5406 5404 5792 5793 5406 5792 5408 5406 5793 
5794 5408 5793 5410 5408 5794 5795 5410 5794 
5412 5410 5795 5796 5412 5795 5414 5412 5796 
5797 5414 5796 5416 5414 5797 5798 5416 5797 
5418 5416 5798 5799 5418 5798 5420 5418 5799 
5800 5420 5799 5422 5420 5800 5801 5422 5800 
5424 5422 5801 5802 5424 5801 5426 5424 5802 
5803 5426 5802 5428 5426 5803 5804 5428 5803 
5430 5428 5804 5805 5430 5804 5432 5430 5805 
5806 5432 5805 5434 5432 5806 5807 5434 5806 
5436 5434 5807 5808 5436 5807 5438 5436 5808 
5809 5438 5808 5440 5438 5809 5810 5440 5809 
5442 5440 5810 5811 5442 5810 5444 5442 5811 
5812 5444 5811 5446 5444 5812 5813 5446 5812 
5448 5446 5813 5814 5448 5813 5450 5448 5814 
5815 5450 5814 5452 5450 5815 5816 5452 5815 
5454 5452 5816 5817 5454 5816 5456 5454 5817 
5818 5456 5817 5458 5456 5818 5819 5458 5818 
5580 5581 5820 5821 5580 5820 5581 5582 5822 
5820 5581 5822 5582 5583 5823 5822 5582 5823 
5583 5584 5824 5823 5583 5824 5584 5585 5825 
5824 5584 5825 5585 5586 5826 5825 5585 5826 
5586 5587 5827 5826 5586 5827 5587 5588 5828 
5827 5587 5828 5588 5589 5829 5828 5588 5829 
5589 5590 5830 5829 5589 5830 5590 5591 5831 
5830 5590 5831 5591 5592 5832 5831 5591 5832 
5592 5593 5833 5832 5592 5833 5593 5594 5834 
5833 5593 5834 5594 5595 5835 5834 5594 5835 
5595 5596 5836 5835 5595 5836 5596 5597 5837 
5836 5596 5837 5597 5598 5838 5837 5597 5838 
5598 5599 5839 5838 5598 5839 5599 5600 5840 
5839 5599 5840 5600 5601 5841 5840 5600 5841 
5601 5602 5842 5841 5601 5842 5602 5603 5843 
5842 5602 5843 5603 5604 5844 5843 5603 5844 
5604 5605 5845 5844 5604 5845 5605 5606 5846 
5845 5605 5846 5606 5607 5847 5846 5606 5847 
5607 5608 5848 5847 5607 5848 5608 5609 5849 
5848 5608 5849 5609 5610 5850 5849 5609 5850 
5610 5611 5851 5850 5610 5851 5611 5612 5852 
5851 5611 5852 5612 5613 5853 5852 5612 5853 
5613 5614 5854 5853 5613 5854 5614 5615 5855 
5854 5614 5855 5615 5616 5856 5855 5615 5856 
5616 5617 5857 5856 5616 5857 5617 5618 5858 
5857 5617 5858 5618 5619 5859 5858 5618 5859 
5619 5620 5860 5859 5619 5860 5620 5621 5861 
5860 5620 5861 5621 5622 5862 5861 5621 5862 
5622 5623 5863 5862 5622 5863 5623 5624 5864 
5863 5623 5864 5624 5625 5865 5864 5624 5865 
5625 5626 5866 5865 5625 5866 5626 5627 5867 
5866 5626 5867 5627 5628 5868 5867 5627 5868 
5628 5629 5869 5868 5628 5869 5629 5630 5870 
5869 5629 5870 5630 5631 5871 5870 5630 5871 
5631 5632 5872 5871 5631 5872 5632 5633 5873 
5872 5632 5873 5633 5634 5874 5873 5633 5874 
5634 5635 5875 5874 5634 5875 5635 5636 5876 
5875 5635 5876 5636 5637 5877 5876 5636 5877 
5637 5638 5878 5877 5637 5878 5638 5639 5879 
5878 5638 5879 5820 5880 5821 5880 5881 5821 
5822 5882 5820 5882 5880 5820 5823 5883 5822 
5883 5882 5822 5824 5884 5823 5884 5883 5823 
5825 5885 5824 5885 5884 5824 5826 5886 5825 
5886 5885 5825 5827 5887 5826 5887 5886 5826 
5828 5888 5827 5888 5887 5827 5829 5889 5828 
5889 5888 5828 5830 5890 5829 5890 5889 5829 
5831 5891 5830 5891 5890 5830 5832 5892 5831 
5892 5891 5831 5833 5893 5832 5893 5892 5832 
5834 5894 5833 5894 5893 5833 5835 5895 5834 
5895 5894 5834 5836 5896 5835 5896 5895 5835 
5837 5897 5836 5897 5896 5836 5838 5898 5837 
5898 5897 5837 5839 5899 5838 5899 5898 5838 
5840 5900 5839 5900 5899 5839 5841 5901 5840 
5901 5900 5840 5842 5902 5841 5902 5901 5841 
5843 5903 5842 5903 5902 5842 5844 5904 5843 
5904 5903 5843 5845 5905 5844 5905 5904 5844 
5846 5906 5845 5906 5905 5845 5847 5907 5846 
5907 5906 5846 5848 5908 5847 5908 5907 5847 
5849 5909 5848 5909 5908 5848 5850 5910 5849 
5910 5909 5849 5851 5911 5850 5911 5910 5850 
5852 5912 5851 5912 5911 5851 5853 5913 5852 
5913 5912 5852 5854 5914 5853 5914 5913 5853 
5855 5915 5854 5915 5914 5854 5856 5916 5855 
5916 5915 5855 5857 5917 5856 5917 5916 5856 
5858 5918 5857 5918 5917 5857 5859 5919 5858 
5919 5918 5858 5860 5920 5859 5920 5919 5859 
5861 5921 5860 5921 5920 5860 5862 5922 5861 
5922 5921 5861 5863 5923 5862 5923 5922 5862 
5864 5924 5863 5924 5923 5863 5865 5925 5864 
5925 5924 5864 5866 5926 5865 5926 5925 5865 
5867 5927 5866 5927 5926 5866 5868 5928 5867 
5928 5927 5867 5869 5929 5868 5929 5928 5868 
5870 5930 5869 5930 5929 5869 5871 5931 5870 
5931 5930 5870 5872 5932 5871 5932 5931 5871 
5873 5933 5872 5933 5932 5872 5874 5934 5873 
5934 5933 5873 5875 5935 5874 5935 5934 5874 
5876 5936 5875 5936 5935 5875 5877 5937 5876 
5937 5936 5876 5878 5938 5877 5938 5937 5877 
5879 5939 5878 5939 5938 5878 5880 5940 5881 
5940 5941 5881 5882 5942 5880 5942 5940 5880 
5883 5943 5882 5943 5942 5882 5884 5944 5883 
5944 5943 5883 5885 5945 5884 5945 5944 5884 
5886 5946 5885 5946 5945 5885 5887 5947 5886 
5947 5946 5886 5888 5948 5887 5948 5947 5887 
5889 5949 5888 5949 5948 5888 5890 5950 5889 
5950 5949 5889 5891 5951 5890 5951 5950 5890 
5892 5952 5891 5952 5951 5891 5893 5953 5892 
5953 5952 5892 5894 5954 5893 5954 5953 5893 
5895 5955 5894 5955 5954 5894 5896 5956 5895 
5956 5955 5895 5897 5957 5896 5957 5956 5896 
5898 5958 5897 5958 5957 5897 5899 5959 5898 
5959 5958 5898 5900 5960 5899 5960 5959 5899 
5901 5961 5900 5961 5960 5900 5902 5962 5901 
5962 5961 5901 5903 5963 5902 5963 5962 5902 
5904 5964 5903 5964 5963 5903 5905 5965 5904 
5965 5964 5904 5906 5966 5905 5966 5965 5905 
5907 5967 5906 5967 5966 5906 5908 5968 5907 
5968 5967 5907 5909 5969 5908 5969 5968 5908 
5910 5970 5909 5970 5969 5909 5911 5971 5910 
5971 5970 5910 5912 5972 5911 5972 5971 5911 
5913 5973 5912 5973 5972 5912 5914 5974 5913 
5974 5973 5913 5915 5975 5914 5975 5974 5914 
5916 5976 5915 5976 5975 5915 5917 5977 5916 
5977 5976 5916 5918 5978 5917 5978 5977 5917 
5919 5979 5918 5979 5978 5918 5920 5980 5919 
5980 5979 5919 5921 5981 5920 5981 5980 5920 
5922 5982 5921 5982 5981 5921 5923 5983 5922 
5983 5982 5922 5924 5984 5923 5984 5983 5923 
5925 5985 5924 5985 5984 5924 5926 5986 5925 
5986 5985 5925 5927 5987 5926 5987 5986 5926 
5928 5988 5927 5988 5987 5927 5929 5989 5928 
5989 5988 5928 5930 5990 5929 5990 5989 5929 
5931 5991 5930 5991 5990 5930 5932 5992 5931 
5992 5991 5931 5933 5993 5932 5993 5992 5932 
5934 5994 5933 5994 5993 5933 5935 5995 5934 
5995 5994 5934 5936 5996 5935 5996 5995 5935 
5937 5997 5936 5997 5996 5936 5938 5998 5937 
5998 5997 5937 5939 5999 5938 5999 5998 5938 
5940 6000 5941 6000 6001 5941 5942 6002 5940 
6002 6000 5940 5943 6003 5942 6003 6002 5942 
5944 6004 5943 6004 6003 5943 5945 6005 5944 
6005 6004 5944 5946 6006 5945 6006 6005 5945 
5947 6007 5946 6007 6006 5946 5948 6008 5947 
6008 6007 5947 5949 6009 5948 6009 6008 5948 
5950 6010 5949 6010 6009 5949 5951 6011 5950 
6011 6010 5950 5952 6012 5951 6012 6011 5951 
5953 6013 5952 6013 6012 5952 5954 6014 5953 
6014 6013 5953 5955 6015 5954 6015 6014 5954 
5956 6016 5955 6016 6015 5955 5957 6017 5956 
6017 6016 5956 5958 6018 5957 6018 6017 5957 
5959 6019 5958 6019 6018 5958 5960 6020 5959 
6020 6019 5959 5961 6021 5960 6021 6020 5960 
5962 6022 5961 6022 6021 5961 5963 6023 5962 
6023 6022 5962 5964 6024 5963 6024 6023 5963 
5965 6025 5964 6025 6024 5964 5966 6026 5965 
6026 6025 5965 5967 6027 5966 6027 6026 5966 
5968 6028 5967 6028 6027 5967 5969 6029 5968 
6029 6028 5968 5970 6030 5969 6030 6029 5969 
5971 6031 5970 6031 6030 5970 5972 6032 5971 
6032 6031 5971 5973 6033 5972 6033 6032 5972 
5974 6034 5973 6034 6033 5973 5975 6035 5974 
6035 6034 5974 5976 6036 5975 6036 6035 5975 
5977 6037 5976 6037 6036 5976 5978 6038 5977 
6038 6037 5977 5979 6039 5978 6039 6038 5978 
5980 6040 5979 6040 6039 5979 5981 6041 5980 
6041 6040 5980 5982 6042 5981 6042 6041 5981 
5983 6043 5982 6043 6042 5982 5984 6044 5983 
6044 6043 5983 5985 6045 5984 6045 6044 5984 
5986 6046 5985 6046 6045 5985 5987 6047 5986 
6047 6046 5986 5988 6048 5987 6048 6047 5987 
5989 6049 5988 6049 6048 5988 5990 6050 5989 
6050 6049 5989 5991 6051 5990 6051 6050 5990 
5992 6052 5991 6052 6051 5991 5993 6053 5992 
6053 6052 5992 5994 6054 5993 6054 6053 5993 
5995 6055 5994 6055 6054 5994 5996 6056 5995 
6056 6055 5995 5997 6057 5996 6057 6056 5996 
5998 6058 5997 6058 6057 5997 5999 6059 5998 
6059 6058 5998 6000 6060 6001 6060 6061 6001 
6002 6062 6000 6062 6060 6000 6003 6063 6002 
6063 6062 6002 6004 6064 6003 6064 6063 6003 
6005 6065 6004 6065 6064 6004 6006 6066 6005 
6066 6065 6005 6007 6067 6006 6067 6066 6006 
6008 6068 6007 6068 6067 6007 6009 6069 6008 
6069 6068 6008 6010 6070 6009 6070 6069 6009 
6011 6071 6010 6071 6070 6010 6012 6072 6011 
6072 6071 6011 6013 6073 6012 6073 6072 6012 
6014 6074 6013 6074 6073 6013 6015 6075 6014 
6075 6074 6014 6016 6076 6015 6076 6075 6015 
6017 6077 6016 6077 6076 6016 6018 6078 6017 
6078 6077 6017 6019 6079 6018 6079 6078 6018 
6020 6080 6019 6080 6079 6019 6021 6081 6020 
6081 6080 6020 6022 6082 6021 6082 6081 6021 
6023 6083 6022 6083 6082 6022 6024 6084 6023 
6084 6083 6023 6025 6085 6024 6085 6084 6024 
6026 6086 6025 6086 6085 6025 6027 6087 6026 
6087 6086 6026 6028 6088 6027 6088 6087 6027 
6029 6089 6028 6089 6088 6028 6030 6090 6029 
6090 6089 6029 6031 6091 6030 6091 6090 6030 
6032 6092 6031 6092 6091 6031 6033 6093 6032 
6093 6092 6032 6034 6094 6033 6094 6093 6033 
6035 6095 6034 6095 6094 6034 6036 6096 6035 
6096 6095 6035 6037 6097 6036 6097 6096 6036 
6038 6098 6037 6098 6097 6037 6039 6099 6038 
6099 6098 6038 6040 6100 6039 6100 6099 6039 
6041 6101 6040 6101 6100 6040 6042 6102 6041 
6102 6101 6041 6043 6103 6042 6103 6102 6042 
6044 6104 6043 6104 6103 6043 6045 6105 6044 
6105 6104 6044 6046 6106 6045 6106 6105 6045 
6047 6107 6046 6107 6106 6046 6048 6108 6047 
6108 6107 6047 6049 6109 6048 6109 6108 6048 
6050 6110 6049 6110 6109 6049 6051 6111 6050 
6111 6110 6050 6052 6112 6051 6112 6111 6051 
6053 6113 6052 6113 6112 6052 6054 6114 6053 
6114 6113 6053 6055 6115 6054 6115 6114 6054 
6056 6116 6055 6116 6115 6055 6057 6117 6056 
6117 6116 6056 6058 6118 6057 6118 6117 6057 
6059 6119 6058 6119 6118 6058 6060 6120 6061 
6121 6120 6060 6062 6121 6060 6122 6121 6062 
6063 6122 6062 6123 6122 6063 6064 6123 6063 
6124 6123 6064 6065 6124 6064 6125 6124 6065 
6066 6125 6065 6126 6125 6066 6067 6126 6066 
6127 6126 6067 6068 6127 6067 6128 6127 6068 
6069 6128 6068 6129 6128 6069 6070 6129 6069 
6130 6129 6070 6071 6130 6070 6131 6130 6071 
6072 6131 6071 6132 6131 6072 6073 6132 6072 
6133 6132 6073 6074 6133 6073 6134 6133 6074 
6075 6134 6074 6135 6134 6075 6076 6135 6075 
6136 6135 6076 6077 6136 6076 6137 6136 6077 
6078 6137 6077 6138 6137 6078 6079 6138 6078 
6139 6138 6079 6080 6139 6079 6140 6139 6080 
6081 6140 6080 6141 6140 6081 6082 6141 6081 
6142 6141 6082 6083 6142 6082 6143 6142 6083 
6084 6143 6083 6144 6143 6084 6085 6144 6084 
6145 6144 6085 6086 6145 6085 6146 6145 6086 
6087 6146 6086 6147 6146 6087 6088 6147 6087 
6148 6147 6088 6089 6148 6088 6149 6148 6089 
6090 6149 6089 6150 6149 6090 6091 6150 6090 
6151 6150 6091 6092 6151 6091 6152 6151 6092 
6093 6152 6092 6153 6152 6093 6094 6153 6093 
6154 6153 6094 6095 6154 6094 6155 6154 6095 
6096 6155 6095 6156 6155 6096 6097 6156 6096 
6157 6156 6097 6098 6157 6097 6158 6157 6098 
6099 6158 6098 6159 6158 6099 6100 6159 6099 
6160 6159 6100 6101 6160 6100 6161 6160 6101 
6102 6161 6101 6162 6161 6102 6103 6162 6102 
6163 6162 6103 6104 6163 6103 6164 6163 6104 
6105 6164 6104 6165 6164 6105 6106 6165 6105 
6166 6165 6106 6107 6166 6106 6167 6166 6107 
6108 6167 6107 6168 6167 6108 6109 6168 6108 
6169 6168 6109 6110 6169 6109 6170 6169 6110 
6111 6170 6110 6171 6170 6111 6112 6171 6111 
6172 6171 6112 6113 6172 6112 6173 6172 6113 
6114 6173 6113 6174 6173 6114 6115 6174 6114 
6175 6174 6115 6116 6175 6115 6176 6175 6116 
6117 6176 6116 6177 6176 6117 6118 6177 6117 
6178 6177 6118 6119 6178 6118 6179 6178 6119 
6180 6121 6181 6120 6121 6180 6181 6122 6182 
6121 6122 6181 6182 6123 6183 6122 6123 6182 
6183 6124 6184 6123 6124 6183 6184 6125 6185 
6124 6125 6184 6185 6126 6186 6125 6126 6185 
6186 6127 6187 6126 6127 6186 6187 6128 6188 
6127 6128 6187 6188 6129 6189 6128 6129 6188 
6189 6130 6190 6129 6130 6189 6190 6131 6191 
6130 6131 6190 6191 6132 6192 6131 6132 6191 
6192 6133 6193 6132 6133 6192 6193 6134 6194 
6133 6134 6193 6194 6135 6195 6134 6135 6194 
6195 6136 6196 6135 6136 6195 6196 6137 6197 
6136 6137 6196 6197 6138 6198 6137 6138 6197 
6198 6139 6199 6138 6139 6198 6199 6140 6200 
6139 6140 6199 6200 6141 6201 6140 6141 6200 
6201 6142 6202 6141 6142 6201 6202 6143 6203 
6142 6143 6202 6203 6144 6204 6143 6144 6203 
6204 6145 6205 6144 6145 6204 6205 6146 6206 
6145 6146 6205 6206 6147 6207 6146 6147 6206 
6207 6148 6208 6147 6148 6207 6208 6149 6209 
6148 6149 6208 6209 6150 6210 6149 6150 6209 
6210 6151 6211 6150 6151 6210 6211 6152 6212 
6151 6152 6211 6212 6153 6213 6152 6153 6212 
6213 6154 6214 6153 6154 6213 6214 6155 6215 
6154 6155 6214 6215 6156 6216 6155 6156 6215 
6216 6157 6217 6156 6157 6216 6217 6158 6218 
6157 6158 6217 6218 6159 6219 6158 6159 6218 
6219 6160 6220 6159 6160 6219 6220 6161 6221 
6160 6161 6220 6221 6162 6222 6161 6162 6221 
6222 6163 6223 6162 6163 6222 6223 6164 6224 
6163 6164 6223 6224 6165 6225 6164 6165 6224 
6225 6166 6226 6165 6166 6225 6226 6167 6227 
6166 6167 6226 6227 6168 6228 6167 6168 6227 
6228 6169 6229 6168 6169 6228 6229 6170 6230 
6169 6170 6229 6230 6171 6231 6170 6171 6230 
6231 6172 6232 6171 6172 6231 6232 6173 6233 
6172 6173 6232 6233 6174 6234 6173 6174 6233 
6234 6175 6235 6174 6175 6234 6235 6176 6236 
6175 6176 6235 6236 6177 6237 6176 6177 6236 
6237 6178 6238 6177 6178 6237 6238 6179 6239 
6178 6179 6238 6181 6240 6180 6240 6241 6180 
6182 6242 6181 6242 6240 6181 6183 6243 6182 
6243 6242 6182 6184 6244 6183 6244 6243 6183 
6185 6245 6184 6245 6244 6184 6186 6246 6185 
6246 6245 6185 6187 6247 6186 6247 6246 6186 
6188 6248 6187 6248 6247 6187 6189 6249 6188 
6249 6248 6188 6190 6250 6189 6250 6249 6189 
6191 6251 6190 6251 6250 6190 6192 6252 6191 
6252 6251 6191 6193 6253 6192 6253 6252 6192 
6194 6254 6193 6254 6253 6193 6195 6255 6194 
6255 6254 6194 6196 6256 6195 6256 6255 6195 
6197 6257 6196 6257 6256 6196 6198 6258 6197 
6258 6257 6197 6199 6259 6198 6259 6258 6198 
6200 6260 6199 6260 6259 6199 6201 6261 6200 
6261 6260 6200 6202 6262 6201 6262 6261 6201 
6203 6263 6202 6263 6262 6202 6204 6264 6203 
6264 6263 6203 6205 6265 6204 6265 6264 6204 
6206 6266 6205 6266 6265 6205 6207 6267 6206 
6267 6266 6206 6208 6268 6207 6268 6267 6207 
6209 6269 6208 6269 6268 6208 6210 6270 6209 
6270 6269 6209 6211 6271 6210 6271 6270 6210 
6212 6272 6211 6272 6271 6211 6213 6273 6212 
6273 6272 6212 6214 6274 6213 6274 6273 6213 
6215 6275 6214 6275 6274 6214 6216 6276 6215 
6276 6275 6215 6217 6277 6216 6277 6276 6216 
6218 6278 6217 6278 6277 6217 6219 6279 6218 
6279 6278 6218 6220 6280 6219 6280 6279 6219 
6221 6281 6220 6281 6280 6220 6222 6282 6221 
6282 6281 6221 6223 6283 6222 6283 6282 6222 
6224 6284 6223 6284 6283 6223 6225 6285 6224 
6285 6284 6224 6226 6286 6225 6286 6285 6225 
6227 6287 6226 6287 6286 6226 6228 6288 6227 
6288 6287 6227 6229 6289 6228 6289 6288 6228 
6230 6290 6229 6290 6289 6229 6231 6291 6230 
6291 6290 6230 6232 6292 6231 6292 6291 6231 
6233 6293 6232 6293 6292 6232 6234 6294 6233 
6294 6293 6233 6235 6295 6234 6295 6294 6234 
6236 6296 6235 6296 6295 6235 6237 6297 6236 
6297 6296 6236 6238 6298 6237 6298 6297 6237 
6239 6299 6238 6299 6298 6238 6240 6300 6241 
6300 6301 6241 6242 6302 6240 6302 6300 6240 
6243 6303 6242 6303 6302 6242 6244 6304 6243 
6304 6303 6243 6245 6305 6244 6305 6304 6244 
6246 6306 6245 6306 6305 6245 6247 6307 6246 
6307 6306 6246 6248 6308 6247 6308 6307 6247 
6249 6309 6248 6309 6308 6248 6250 6310 6249 
6310 6309 6249 6251 6311 6250 6311 6310 6250 
6252 6312 6251 6312 6311 6251 6253 6313 6252 
6313 6312 6252 6254 6314 6253 6314 6313 6253 
6255 6315 6254 6315 6314 6254 6256 6316 6255 
6316 6315 6255 6257 6317 6256 6317 6316 6256 
6258 6318 6257 6318 6317 6257 6259 6319 6258 
6319 6318 6258 6260 6320 6259 6320 6319 6259 
6261 6321 6260 6321 6320 6260 6262 6322 6261 
6322 6321 6261 6263 6323 6262 6323 6322 6262 
6264 6324 6263 6324 6323 6263 6265 6325 6264 
6325 6324 6264 6266 6326 6265 6326 6325 6265 
6267 6327 6266 6327 6326 6266 6268 6328 6267 
6328 6327 6267 6269 6329 6268 6329 6328 6268 
6270 6330 6269 6330 6329 6269 6271 6331 6270 
6331 6330 6270 6272 6332 6271 6332 6331 6271 
6273 6333 6272 6333 6332 6272 6274 6334 6273 
6334 6333 6273 6275 6335 6274 6335 6334 6274 
6276 6336 6275 6336 6335 6275 6277 6337 6276 
6337 6336 6276 6278 6338 6277 6338 6337 6277 
6279 6339 6278 6339 6338 6278 6280 6340 6279 
6340 6339 6279 6281 6341 6280 6341 6340 6280 
6282 6342 6281 6342 6341 6281 6283 6343 6282 
6343 6342 6282 6284 6344 6283 6344 6343 6283 
6285 6345 6284 6345 6344 6284 6286 6346 6285 
6346 6345 6285 6287 6347 6286 6347 6346 6286 
6288 6348 6287 6348 6347 6287 6289 6349 6288 
6349 6348 6288 6290 6350 6289 6350 6349 6289 
6291 6351 6290 6351 6350 6290 6292 6352 6291 
6352 6351 6291 6293 6353 6292 6353 6352 6292 
6294 6354 6293 6354 6353 6293 6295 6355 6294 
6355 6354 6294 6296 6356 6295 6356 6355 6295 
6297 6357 6296 6357 6356 6296 6298 6358 6297 
6358 6357 6297 6299 6359 6298 6359 6358 6298 
6300 6360 6301 6360 6361 6301 6302 6362 6300 
6362 6360 6300 6303 6363 6302 6363 6362 6302 
6304 6364 6303 6364 6363 6303 6305 6365 6304 
6365 6364 6304 6306 6366 6305 6366 6365 6305 
6307 6367 6306 6367 6366 6306 6308 6368 6307 
6368 6367 6307 6309 6369 6308 6369 6368 6308 
6310 6370 6309 6370 6369 6309 6311 6371 6310 
6371 6370 6310 6312 6372 6311 6372 6371 6311 
6313 6373 6312 6373 6372 6312 6314 6374 6313 
6374 6373 6313 6315 6375 6314 6375 6374 6314 
6316 6376 6315 6376 6375 6315 6317 6377 6316 
6377 6376 6316 6318 6378 6317 6378 6377 6317 
6319 6379 6318 6379 6378 6318 6320 6380 6319 
6380 6379 6319 6321 6381 6320 6381 6380 6320 
6322 6382 6321 6382 6381 6321 6323 6383 6322 
6383 6382 6322 6324 6384 6323 6384 6383 6323 
6325 6385 6324 6385 6384 6324 6326 6386 6325 
6386 6385 6325 6327 6387 6326 6387 6386 6326 
6328 6388 6327 6388 6387 6327 6329 6389 6328 
6389 6388 6328 6330 6390 6329 6390 6389 6329 
6331 6391 6330 6391 6390 6330 6332 6392 6331 
6392 6391 6331 6333 6393 6332 6393 6392 6332 
6334 6394 6333 6394 6393 6333 6335 6395 6334 
6395 6394 6334 6336 6396 6335 6396 6395 6335 
6337 6397 6336 6397 6396 6336 6338 6398 6337 
6398 6397 6337 6339 6399 6338 6399 6398 6338 
6340 6400 6339 6400 6399 6339 6341 6401 6340 
6401 6400 6340 6342 6402 6341 6402 6401 6341 
6343 6403 6342 6403 6402 6342 6344 6404 6343 
6404 6403 6343 6345 6405 6344 6405 6404 6344 
6346 6406 6345 6406 6405 6345 6347 6407 6346 
6407 6406 6346 6348 6408 6347 6408 6407 6347 
6349 6409 6348 6409 6408 6348 6350 6410 6349 
6410 6409 6349 6351 6411 6350 6411 6410 6350 
6352 6412 6351 6412 6411 6351 6353 6413 6352 
6413 6412 6352 6354 6414 6353 6414 6413 6353 
6355 6415 6354 6415 6414 6354 6356 6416 6355 
6416 6415 6355 6357 6417 6356 6417 6416 6356 
6358 6418 6357 6418 6417 6357 6359 6419 6358 
6419 6418 6358 6360 6420 6361 6420 6421 6361 
6362 6422 6360 6422 6420 6360 6363 6423 6362 
6423 6422 6362 6364 6424 6363 6424 6423 6363 
6365 6425 6364 6425 6424 6364 6366 6426 6365 
6426 6425 6365 6367 6427 6366 6427 6426 6366 
6368 6428 6367 6428 6427 6367 6369 6429 6368 
6429 6428 6368 6370 6430 6369 6430 6429 6369 
6371 6431 6370 6431 6430 6370 6372 6432 6371 
6432 6431 6371 6373 6433 6372 6433 6432 6372 
6374 6434 6373 6434 6433 6373 6375 6435 6374 
6435 6434 6374 6376 6436 6375 6436 6435 6375 
6377 6437 6376 6437 6436 6376 6378 6438 6377 
6438 6437 6377 6379 6439 6378 6439 6438 6378 
6380 6440 6379 6440 6439 6379 6381 6441 6380 
6441 6440 6380 6382 6442 6381 6442 6441 6381 
6383 6443 6382 6443 6442 6382 6384 6444 6383 
6444 6443 6383 6385 6445 6384 6445 6444 6384 
6386 6446 6385 6446 6445 6385 6387 6447 6386 
6447 6446 6386 6388 6448 6387 6448 6447 6387 
6389 6449 6388 6449 6448 6388 6390 6450 6389 
6450 6449 6389 6391 6451 6390 6451 6450 6390 
6392 6452 6391 6452 6451 6391 6393 6453 6392 
6453 6452 6392 6394 6454 6393 6454 6453 6393 
6395 6455 6394 6455 6454 6394 6396 6456 6395 
6456 6455 6395 6397 6457 6396 6457 6456 6396 
6398 6458 6397 6458 6457 6397 6399 6459 6398 
6459 6458 6398 6400 6460 6399 6460 6459 6399 
6401 6461 6400 6461 6460 6400 6402 6462 6401 
6462 6461 6401 6403 6463 6402 6463 6462 6402 
6404 6464 6403 6464 6463 6403 6405 6465 6404 
6465 6464 6404 6406 6466 6405 6466 6465 6405 
6407 6467 6406 6467 6466 6406 6408 6468 6407 
6468 6467 6407 6409 6469 6408 6469 6468 6408 
6410 6470 6409 6470 6469 6409 6411 6471 6410 
6471 6470 6410 6412 6472 6411 6472 6471 6411 
6413 6473 6412 6473 6472 6412 6414 6474 6413 
6474 6473 6413 6415 6475 6414 6475 6474 6414 
6416 6476 6415 6476 6475 6415 6417 6477 6416 
6477 6476 6416 6418 6478 6417 6478 6477 6417 
6419 6479 6418 6479 6478 6418 5641 5643 6421 
6420 5641 6421 5644 5641 6420 6422 5644 6420 
5646 5644 6422 6423 5646 6422 5648 5646 6423 
6424 5648 6423 5650 5648 6424 6425 5650 6424 
5652 5650 6425 6426 5652 6425 5654 5652 6426 
6427 5654 6426 5656 5654 6427 6428 5656 6427 
5658 5656 6428 6429 5658 6428 5660 5658 6429 
6430 5660 6429 5662 5660 6430 6431 5662 6430 
5664 5662 6431 6432 5664 6431 5666 5664 6432 
6433 5666 6432 5668 5666 6433 6434 5668 6433 
5670 5668 6434 6435 5670 6434 5672 5670 6435 
6436 5672 6435 5674 5672 6436 6437 5674 6436 
5676 5674 6437 6438 5676 6437 5678 5676 6438 
6439 5678 6438 5680 5678 6439 6440 5680 6439 
5682 5680 6440 6441 5682 6440 5684 5682 6441 
6442 5684 6441 5686 5684 6442 6443 5686 6442 
5688 5686 6443 6444 5688 6443 5690 5688 6444 
6445 5690 6444 5692 5690 6445 6446 5692 6445 
5694 5692 6446 6447 5694 6446 5696 5694 6447 
6448 5696 6447 5698 5696 6448 6449 5698 6448 
5700 5698 6449 6450 5700 6449 5702 5700 6450 
6451 5702 6450 5704 5702 6451 6452 5704 6451 
5706 5704 6452 6453 5706 6452 5708 5706 6453 
6454 5708 6453 5710 5708 6454 6455 5710 6454 
5712 5710 6455 6456 5712 6455 5714 5712 6456 
6457 5714 6456 5716 5714 6457 6458 5716 6457 
5718 5716 6458 6459 5718 6458 5720 5718 6459 
6460 5720 6459 5722 5720 6460 6461 5722 6460 
5724 5722 6461 6462 5724 6461 5726 5724 6462 
6463 5726 6462 5728 5726 6463 6464 5728 6463 
5730 5728 6464 6465 5730 6464 5732 5730 6465 
6466 5732 6465 5734 5732 6466 6467 5734 6466 
5736 5734 6467 6468 5736 6467 5738 5736 6468 
6469 5738 6468 5740 5738 6469 6470 5740 6469 
5742 5740 6470 6471 5742 6470 5744 5742 6471 
6472 5744 6471 5746 5744 6472 6473 5746 6472 
5748 5746 6473 6474 5748 6473 5750 5748 6474 
6475 5750 6474 5752 5750 6475 6476 5752 6475 
5754 5752 6476 6477 5754 6476 5756 5754 6477 
6478 5756 6477 5758 5756 6478 6479 5758 6478 

POINT_DATA 6480
SCALARS scalars float
LOOKUP_TABLE default
0.5 0.5 0.5 0.5 0.5 0.5 0.5 0.5 0.5 
0.5 0.5 0.5 0.5 0.5 0.5 0.5 0.5 0.5 
0.5 0.5 0.5 0.5 0.5 0.5 0.5 0.5 0.5 
0.5 0.5 0.5 0.5 0.5 0.5 0.5 0.5 0.5 
0.5 0.5 0.5 0.5 0.5 0.5 0.5 0.5 0.5 
0.5 0.5 0.5 0.5 0.5 0.5 0.5 0.5 0.5 
0.5 0.5 0.5 0.5 0.5 0.5 0.5 0.5 0.5 
0.5 0.5 0.5 0.5 0.5 0.5 0.5 0.5 0.5 
0.5 0.5 0.5 0.5 0.5 0.5 0.5 0.5 0.5 
0.5 0.5 0.5 0.5 0.5 0.5 0.5 0.5 0.5 
0.5 0.5 0.5 0.5 0.5 0.5 0.5 0.5 0.5 
0.5 0.5 0.5 0.5 0.5 0.5 0.5 0.5 0.5 
0.5 0.5 0.5 0.5 0.5 0.5 0.5 0.5 0.5 
0.5 0.5 0.5 0.5 0.5 0.5 0.5 0.5 0.5 
0.5 0.5 0.5 0.5 0.5 0.5 0.5 0.5 0.5 
0.5 0.5 0.5 0.5 0.5 0.5 0.5 0.5 0.5 
0.5 0.5 0.5 0.5 0.5 0.5 0.5 0.5 0.5 
0.5 0.5 0.5 0.5 0.5 0.5 0.5 0.5 0.5 
0.5 0.5 0.5 0.5 0.5 0.5 0.5 0.5 0.5 
0.5 0.5 0.5 0.5 0.5 0.5 0.5 0.5 0.5 
0.5 0.5 0.5 0.5 0.5 0.5 0.5 0.5 0.5 
0.5 0.5 0.5 0.5 0.5 0.5 0.5 0.5 0.5 
0.5 0.5 0.5 0.5 0.5 0.5 0.5 0.5 0.5 
0.5 0.5 0.5 0.5 0.5 0.5 0.5 0.5 0.5 
0.5 0.5 0.5 0.5 0.5 0.5 0.5 0.5 0.5 
0.5 0.5 0.5 0.5 0.5 0.5 0.5 0.5 0.5 
0.5 0.5 0.5 0.5 0.5 0.5 0.5 0.5 0.5 
0.5 0.5 0.5 0.5 0.5 0.5 0.5 0.5 0.5 
0.5 0.5 0.5 0.5 0.5 0.5 0.5 0.5 0.5 
0.5 0.5 0.5 0.5 0.5 0.5 0.5 0.5 0.5 
0.5 0.5 0.5 0.5 0.5 0.5 0.5 0.5 0.5 
0.5 0.5 0.5 0.5 0.5 0.5 0.5 0.5 0.5 
0.5 0.5 0.5 0.5 0.5 0.5 0.5 0.5 0.5 
0.5 0.5 0.5 0.5 0.5 0.5 0.5 0.5 0.5 
0.5 0.5 0.5 0.5 0.5 0.5 0.5 0.5 0.5 
0.5 0.5 0.5 0.5 0.5 0.5 0.5 0.5 0.5 
0.5 0.5 0.5 0.5 0.5 0.5 0.5 0.5 0.5 
0.5 0.5 0.5 0.5 0.5 0.5 0.5 0.5 0.5 
0.5 0.5 0.5 0.5 0.5 0.5 0.5 0.5 0.5 
0.5 0.5 0.5 0.5 0.5 0.5 0.5 0.5 0.5 
0.5 0.5 0.5 0.5 0.5 0.5 0.5 0.5 0.5 
0.5 0.5 0.5 0.5 0.5 0.5 0.5 0.5 0.5 
0.5 0.5 0.5 0.5 0.5 0.5 0.5 0.5 0.5 
0.5 0.5 0.5 0.5 0.5 0.5 0.5 0.5 0.5 
0.5 0.5 0.5 0.5 0.5 0.5 0.5 0.5 0.5 
0.5 0.5 0.5 0.5 0.5 0.5 0.5 0.5 0.5 
0.5 0.5 0.5 0.5 0.5 0.5 0.5 0.5 0.5 
0.5 0.5 0.5 0.5 0.5 0.5 0.5 0.5 0.5 
0.5 0.5 0.5 0.5 0.5 0.5 0.5 0.5 0.5 
0.5 0.5 0.5 0.5 0.5 0.5 0.5 0.5 0.5 
0.5 0.5 0.5 0.5 0.5 0.5 0.5 0.5 0.5 
0.5 0.5 0.5 0.5 0.5 0.5 0.5 0.5 0.5 
0.5 0.5 0.5 0.5 0.5 0.5 0.5 0.5 0.5 
0.5 0.5 0.5 0.5 0.5 0.5 0.5 0.5 0.5 
0.5 0.5 0.5 0.5 0.5 0.5 0.5 0.5 0.5 
0.5 0.5 0.5 0.5 0.5 0.5 0.5 0.5 0.5 
0.5 0.5 0.5 0.5 0.5 0.5 0.5 0.5 0.5 
0.5 0.5 0.5 0.5 0.5 0.5 0.5 0.5 0.5 
0.5 0.5 0.5 0.5 0.5 0.5 0.5 0.5 0.5 
0.5 0.5 0.5 0.5 0.5 0.5 0.5 0.5 0.5 
0.5 0.5 0.5 0.5 0.5 0.5 0.5 0.5 0.5 
0.5 0.5 0.5 0.5 0.5 0.5 0.5 0.5 0.5 
0.5 0.5 0.5 0.5 0.5 0.5 0.5 0.5 0.5 
0.5 0.5 0.5 0.5 0.5 0.5 0.5 0.5 0.5 
0.5 0.5 0.5 0.5 0.5 0.5 0.5 0.5 0.5 
0.5 0.5 0.5 0.5 0.5 0.5 0.5 0.5 0.5 
0.5 0.5 0.5 0.5 0.5 0.5 0.5 0.5 0.5 
0.5 0.5 0.5 0.5 0.5 0.5 0.5 0.5 0.5 
0.5 0.5 0.5 0.5 0.5 0.5 0.5 0.5 0.5 
0.5 0.5 0.5 0.5 0.5 0.5 0.5 0.5 0.5 
0.5 0.5 0.5 0.5 0.5 0.5 0.5 0.5 0.5 
0.5 0.5 0.5 0.5 0.5 0.5 0.5 0.5 0.5 
0.5 0.5 0.5 0.5 0.5 0.5 0.5 0.5 0.5 
0.5 0.5 0.5 0.5 0.5 0.5 0.5 0.5 0.5 
0.5 0.5 0.5 0.5 0.5 0.5 0.5 0.5 0.5 
0.5 0.5 0.5 0.5 0.5 0.5 0.5 0.5 0.5 
0.5 0.5 0.5 0.5 0.5 0.5 0.5 0.5 0.5 
0.5 0.5 0.5 0.5 0.5 0.5 0.5 0.5 0.5 
0.5 0.5 0.5 0.5 0.5 0.5 0.5 0.5 0.5 
0.5 0.5 0.5 0.5 0.5 0.5 0.5 0.5 0.5 
0.5 0.5 0.5 0.5 0.5 0.5 0.5 0.5 0.5 
0.5 0.5 0.5 0.5 0.5 0.5 0.5 0.5 0.5 
0.5 0.5 0.5 0.5 0.5 0.5 0.5 0.5 0.5 
0.5 0.5 0.5 0.5 0.5 0.5 0.5 0.5 0.5 
0.5 0.5 0.5 0.5 0.5 0.5 0.5 0.5 0.5 
0.5 0.5 0.5 0.5 0.5 0.5 0.5 0.5 0.5 
0.5 0.5 0.5 0.5 0.5 0.5 0.5 0.5 0.5 
0.5 0.5 0.5 0.5 0.5 0.5 0.5 0.5 0.5 
0.5 0.5 0.5 0.5 0.5 0.5 0.5 0.5 0.5 
0.5 0.5 0.5 0.5 0.5 0.5 0.5 0.5 0.5 
0.5 0.5 0.5 0.5 0.5 0.5 0.5 0.5 0.5 
0.5 0.5 0.5 0.5 0.5 0.5 0.5 0.5 0.5 
0.5 0.5 0.5 0.5 0.5 0.5 0.5 0.5 0.5 
0.5 0.5 0.5 0.5 0.5 0.5 0.5 0.5 0.5 
0.5 0.5 0.5 0.5 0.5 0.5 0.5 0.5 0.5 
0.5 0.5 0.5 0.5 0.5 0.5 0.5 0.5 0.5 
0.5 0.5 0.5 0.5 0.5 0.5 0.5 0.5 0.5 
0.5 0.5 0.5 0.5 0.5 0.5 0.5 0.5 0.5 
0.5 0.5 0.5 0.5 0.5 0.5 0.5 0.5 0.5 
0.5 0.5 0.5 0.5 0.5 0.5 0.5 0.5 0.5 
0.5 0.5 0.5 0.5 0.5 0.5 0.5 0.5 0.5 
0.5 0.5 0.5 0.5 0.5 0.5 0.5 0.5 0.5 
0.5 0.5 0.5 0.5 0.5 0.5 0.5 0.5 0.5 
0.5 0.5 0.5 0.5 0.5 0.5 0.5 0.5 0.5 
0.5 0.5 0.5 0.5 0.5 0.5 0.5 0.5 0.5 
0.5 0.5 0.5 0.5 0.5 0.5 0.5 0.5 0.5 
0.5 0.5 0.5 0.5 0.5 0.5 0.5 0.5 0.5 
0.5 0.5 0.5 0.5 0.5 0.5 0.5 0.5 0.5 
0.5 0.5 0.5 0.5 0.5 0.5 0.5 0.5 0.5 
0.5 0.5 0.5 0.5 0.5 0.5 0.5 0.5 0.5 
0.5 0.5 0.5 0.5 0.5 0.5 0.5 0.5 0.5 
0.5 0.5 0.5 0.5 0.5 0.5 0.5 0.5 0.5 
0.5 0.5 0.5 0.5 0.5 0.5 0.5 0.5 0.5 
0.5 0.5 0.5 0.5 0.5 0.5 0.5 0.5 0.5 
0.5 0.5 0.5 0.5 0.5 0.5 0.5 0.5 0.5 
0.5 0.5 0.5 0.5 0.5 0.5 0.5 0.5 0.5 
0.5 0.5 0.5 0.5 0.5 0.5 0.5 0.5 0.5 
0.5 0.5 0.5 0.5 0.5 0.5 0.5 0.5 0.5 
0.5 0.5 0.5 0.5 0.5 0.5 0.5 0.5 0.5 
0.5 0.5 0.5 0.5 0.5 0.5 0.5 0.5 0.5 
0.5 0.5 0.5 0.5 0.5 0.5 0.5 0.5 0.5 
0.5 0.5 0.5 0.5 0.5 0.5 0.5 0.5 0.5 
0.5 0.5 0.5 0.5 0.5 0.5 0.5 0.5 0.5 
0.5 0.5 0.5 0.5 0.5 0.5 0.5 0.5 0.5 
0.5 0.5 0.5 0.5 0.5 0.5 0.5 0.5 0.5 
0.5 0.5 0.5 0.5 0.5 0.5 0.5 0.5 0.5 
0.5 0.5 0.5 0.5 0.5 0.5 0.5 0.5 0.5 
0.5 0.5 0.5 0.5 0.5 0.5 0.5 0.5 0.5 
0.5 0.5 0.5 0.5 0.5 0.5 0.5 0.5 0.5 
0.5 0.5 0.5 0.5 0.5 0.5 0.5 0.5 0.5 
0.5 0.5 0.5 0.5 0.5 0.5 0.5 0.5 0.5 
0.5 0.5 0.5 0.5 0.5 0.5 0.5 0.5 0.5 
0.5 0.5 0.5 0.5 0.5 0.5 0.5 0.5 0.5 
0.5 0.5 0.5 0.5 0.5 0.5 0.5 0.5 0.5 
0.5 0.5 0.5 0.5 0.5 0.5 0.5 0.5 0.5 
0.5 0.5 0.5 0.5 0.5 0.5 0.5 0.5 0.5 
0.5 0.5 0.5 0.5 0.5 0.5 0.5 0.5 0.5 
0.5 0.5 0.5 0.5 0.5 0.5 0.5 0.5 0.5 
0.5 0.5 0.5 0.5 0.5 0.5 0.5 0.5 0.5 
0.5 0.5 0.5 0.5 0.5 0.5 0.5 0.5 0.5 
0.5 0.5 0.5 0.5 0.5 0.5 0.5 0.5 0.5 
0.5 0.5 0.5 0.5 0.5 0.5 0.5 0.5 0.5 
0.5 0.5 0.5 0.5 0.5 0.5 0.5 0.5 0.5 
0.5 0.5 0.5 0.5 0.5 0.5 0.5 0.5 0.5 
0.5 0.5 0.5 0.5 0.5 0.5 0.5 0.5 0.5 
0.5 0.5 0.5 0.5 0.5 0.5 0.5 0.5 0.5 
0.5 0.5 0.5 0.5 0.5 0.5 0.5 0.5 0.5 
0.5 0.5 0.5 0.5 0.5 0.5 0.5 0.5 0.5 
0.5 0.5 0.5 0.5 0.5 0.5 0.5 0.5 0.5 
0.5 0.5 0.5 0.5 0.5 0.5 0.5 0.5 0.5 
0.5 0.5 0.5 0.5 0.5 0.5 0.5 0.5 0.5 
0.5 0.5 0.5 0.5 0.5 0.5 0.5 0.5 0.5 
0.5 0.5 0.5 0.5 0.5 0.5 0.5 0.5 0.5 
0.5 0.5 0.5 0.5 0.5 0.5 0.5 0.5 0.5 
0.5 0.5 0.5 0.5 0.5 0.5 0.5 0.5 0.5 
0.5 0.5 0.5 0.5 0.5 0.5 0.5 0.5 0.5 
0.5 0.5 0.5 0.5 0.5 0.5 0.5 0.5 0.5 
0.5 0.5 0.5 0.5 0.5 0.5 0.5 0.5 0.5 
0.5 0.5 0.5 0.5 0.5 0.5 0.5 0.5 0.5 
0.5 0.5 0.5 0.5 0.5 0.5 0.5 0.5 0.5 
0.5 0.5 0.5 0.5 0.5 0.5 0.5 0.5 0.5 
0.5 0.5 0.5 0.5 0.5 0.5 0.5 0.5 0.5 
0.5 0.5 0.5 0.5 0.5 0.5 0.5 0.5 0.5 
0.5 0.5 0.5 0.5 0.5 0.5 0.5 0.5 0.5 
0.5 0.5 0.5 0.5 0.5 0.5 0.5 0.5 0.5 
0.5 0.5 0.5 0.5 0.5 0.5 0.5 0.5 0.5 
0.5 0.5 0.5 0.5 0.5 0.5 0.5 0.5 0.5 
0.5 0.5 0.5 0.5 0.5 0.5 0.5 0.5 0.5 
0.5 0.5 0.5 0.5 0.5 0.5 0.5 0.5 0.5 
0.5 0.5 0.5 0.5 0.5 0.5 0.5 0.5 0.5 
0.5 0.5 0.5 0.5 0.5 0.5 0.5 0.5 0.5 
0.5 0.5 0.5 0.5 0.5 0.5 0.5 0.5 0.5 
0.5 0.5 0.5 0.5 0.5 0.5 0.5 0.5 0.5 
0.5 0.5 0.5 0.5 0.5 0.5 0.5 0.5 0.5 
0.5 0.5 0.5 0.5 0.5 0.5 0.5 0.5 0.5 
0.5 0.5 0.5 0.5 0.5 0.5 0.5 0.5 0.5 
0.5 0.5 0.5 0.5 0.5 0.5 0.5 0.5 0.5 
0.5 0.5 0.5 0.5 0.5 0.5 0.5 0.5 0.5 
0.5 0.5 0.5 0.5 0.5 0.5 0.5 0.5 0.5 
0.5 0.5 0.5 0.5 0.5 0.5 0.5 0.5 0.5 
0.5 0.5 0.5 0.5 0.5 0.5 0.5 0.5 0.5 
0.5 0.5 0.5 0.5 0.5 0.5 0.5 0.5 0.5 
0.5 0.5 0.5 0.5 0.5 0.5 0.5 0.5 0.5 
0.5 0.5 0.5 0.5 0.5 0.5 0.5 0.5 0.5 
0.5 0.5 0.5 0.5 0.5 0.5 0.5 0.5 0.5 
0.5 0.5 0.5 0.5 0.5 0.5 0.5 0.5 0.5 
0.5 0.5 0.5 0.5 0.5 0.5 0.5 0.5 0.5 
0.5 0.5 0.5 0.5 0.5 0.5 0.5 0.5 0.5 
0.5 0.5 0.5 0.5 0.5 0.5 0.5 0.5 0.5 
0.5 0.5 0.5 0.5 0.5 0.5 0.5 0.5 0.5 
0.5 0.5 0.5 0.5 0.5 0.5 0.5 0.5 0.5 
0.5 0.5 0.5 0.5 0.5 0.5 0.5 0.5 0.5 
0.5 0.5 0.5 0.5 0.5 0.5 0.5 0.5 0.5 
0.5 0.5 0.5 0.5 0.5 0.5 0.5 0.5 0.5 
0.5 0.5 0.5 0.5 0.5 0.5 0.5 0.5 0.5 
0.5 0.5 0.5 0.5 0.5 0.5 0.5 0.5 0.5 
0.5 0.5 0.5 0.5 0.5 0.5 0.5 0.5 0.5 
0.5 0.5 0.5 0.5 0.5 0.5 0.5 0.5 0.5 
0.5 0.5 0.5 0.5 0.5 0.5 0.5 0.5 0.5 
0.5 0.5 0.5 0.5 0.5 0.5 0.5 0.5 0.5 
0.5 0.5 0.5 0.5 0.5 0.5 0.5 0.5 0.5 
0.5 0.5 0.5 0.5 0.5 0.5 0.5 0.5 0.5 
0.5 0.5 0.5 0.5 0.5 0.5 0.5 0.5 0.5 
0.5 0.5 0.5 0.5 0.5 0.5 0.5 0.5 0.5 
0.5 0.5 0.5 0.5 0.5 0.5 0.5 0.5 0.5 
0.5 0.5 0.5 0.5 0.5 0.5 0.5 0.5 0.5 
0.5 0.5 0.5 0.5 0.5 0.5 0.5 0.5 0.5 
0.5 0.5 0.5 0.5 0.5 0.5 0.5 0.5 0.5 
0.5 0.5 0.5 0.5 0.5 0.5 0.5 0.5 0.5 
0.5 0.5 0.5 0.5 0.5 0.5 0.5 0.5 0.5 
0.5 0.5 0.5 0.5 0.5 0.5 0.5 0.5 0.5 
0.5 0.5 0.5 0.5 0.5 0.5 0.5 0.5 0.5 
0.5 0.5 0.5 0.5 0.5 0.5 0.5 0.5 0.5 
0.5 0.5 0.5 0.5 0.5 0.5 0.5 0.5 0.5 
0.5 0.5 0.5 0.5 0.5 0.5 0.5 0.5 0.5 
0.5 0.5 0.5 0.5 0.5 0.5 0.5 0.5 0.5 
0.5 0.5 0.5 0.5 0.5 0.5 0.5 0.5 0.5 
0.5 0.5 0.5 0.5 0.5 0.5 0.5 0.5 0.5 
0.5 0.5 0.5 0.5 0.5 0.5 0.5 0.5 0.5 
0.5 0.5 0.5 0.5 0.5 0.5 0.5 0.5 0.5 
0.5 0.5 0.5 0.5 0.5 0.5 0.5 0.5 0.5 
0.5 0.5 0.5 0.5 0.5 0.5 0.5 0.5 0.5 
0.5 0.5 0.5 0.5 0.5 0.5 0.5 0.5 0.5 
0.5 0.5 0.5 0.5 0.5 0.5 0.5 0.5 0.5 
0.5 0.5 0.5 0.5 0.5 0.5 0.5 0.5 0.5 
0.5 0.5 0.5 0.5 0.5 0.5 0.5 0.5 0.5 
0.5 0.5 0.5 0.5 0.5 0.5 0.5 0.5 0.5 
0.5 0.5 0.5 0.5 0.5 0.5 0.5 0.5 0.5 
0.5 0.5 0.5 0.5 0.5 0.5 0.5 0.5 0.5 
0.5 0.5 0.5 0.5 0.5 0.5 0.5 0.5 0.5 
0.5 0.5 0.5 0.5 0.5 0.5 0.5 0.5 0.5 
0.5 0.5 0.5 0.5 0.5 0.5 0.5 0.5 0.5 
0.5 0.5 0.5 0.5 0.5 0.5 0.5 0.5 0.5 
0.5 0.5 0.5 0.5 0.5 0.5 0.5 0.5 0.5 
0.5 0.5 0.5 0.5 0.5 0.5 0.5 0.5 0.5 
0.5 0.5 0.5 0.5 0.5 0.5 0.5 0.5 0.5 
0.5 0.5 0.5 0.5 0.5 0.5 0.5 0.5 0.5 
0.5 0.5 0.5 0.5 0.5 0.5 0.5 0.5 0.5 
0.5 0.5 0.5 0.5 0.5 0.5 0.5 0.5 0.5 
0.5 0.5 0.5 0.5 0.5 0.5 0.5 0.5 0.5 
0.5 0.5 0.5 0.5 0.5 0.5 0.5 0.5 0.5 
0.5 0.5 0.5 0.5 0.5 0.5 0.5 0.5 0.5 
0.5 0.5 0.5 0.5 0.5 0.5 0.5 0.5 0.5 
0.5 0.5 0.5 0.5 0.5 0.5 0.5 0.5 0.5 
0.5 0.5 0.5 0.5 0.5 0.5 0.5 0.5 0.5 
0.5 0.5 0.5 0.5 0.5 0.5 0.5 0.5 0.5 
0.5 0.5 0.5 0.5 0.5 0.5 0.5 0.5 0.5 
0.5 0.5 0.5 0.5 0.5 0.5 0.5 0.5 0.5 
0.5 0.5 0.5 0.5 0.5 0.5 0.5 0.5 0.5 
0.5 0.5 0.5 0.5 0.5 0.5 0.5 0.5 0.5 
0.5 0.5 0.5 0.5 0.5 0.5 0.5 0.5 0.5 
0.5 0.5 0.5 0.5 0.5 0.5 0.5 0.5 0.5 
0.5 0.5 0.5 0.5 0.5 0.5 0.5 0.5 0.5 
0.5 0.5 0.5 0.5 0.5 0.5 0.5 0.5 0.5 
0.5 0.5 0.5 0.5 0.5 0.5 0.5 0.5 0.5 
0.5 0.5 0.5 0.5 0.5 0.5 0.5 0.5 0.5 
0.5 0.5 0.5 0.5 0.5 0.5 0.5 0.5 0.5 
0.5 0.5 0.5 0.5 0.5 0.5 0.5 0.5 0.5 
0.5 0.5 0.5 0.5 0.5 0.5 0.5 0.5 0.5 
0.5 0.5 0.5 0.5 0.5 0.5 0.5 0.5 0.5 
0.5 0.5 0.5 0.5 0.5 0.5 0.5 0.5 0.5 
0.5 0.5 0.5 0.5 0.5 0.5 0.5 0.5 0.5 
0.5 0.5 0.5 0.5 0.5 0.5 0.5 0.5 0.5 
0.5 0.5 0.5 0.5 0.5 0.5 0.5 0.5 0.5 
0.5 0.5 0.5 0.5 0.5 0.5 0.5 0.5 0.5 
0.5 0.5 0.5 0.5 0.5 0.5 0.5 0.5 0.5 
0.5 0.5 0.5 0.5 0.5 0.5 0.5 0.5 0.5 
0.5 0.5 0.5 0.5 0.5 0.5 0.5 0.5 0.5 
0.5 0.5 0.5 0.5 0.5 0.5 0.5 0.5 0.5 
0.5 0.5 0.5 0.5 0.5 0.5 0.5 0.5 0.5 
0.5 0.5 0.5 0.5 0.5 0.5 0.5 0.5 0.5 
0.5 0.5 0.5 0.5 0.5 0.5 0.5 0.5 0.5 
0.5 0.5 0.5 0.5 0.5 0.5 0.5 0.5 0.5 
0.5 0.5 0.5 0.5 0.5 0.5 0.5 0.5 0.5 
0.5 0.5 0.5 0.5 0.5 0.5 0.5 0.5 0.5 
0.5 0.5 0.5 0.5 0.5 0.5 0.5 0.5 0.5 
0.5 0.5 0.5 0.5 0.5 0.5 0.5 0.5 0.5 
0.5 0.5 0.5 0.5 0.5 0.5 0.5 0.5 0.5 
0.5 0.5 0.5 0.5 0.5 0.5 0.5 0.5 0.5 
0.5 0.5 0.5 0.5 0.5 0.5 0.5 0.5 0.5 
0.5 0.5 0.5 0.5 0.5 0.5 0.5 0.5 0.5 
0.5 0.5 0.5 0.5 0.5 0.5 0.5 0.5 0.5 
0.5 0.5 0.5 0.5 0.5 0.5 0.5 0.5 0.5 
0.5 0.5 0.5 0.5 0.5 0.5 0.5 0.5 0.5 
0.5 0.5 0.5 0.5 0.5 0.5 0.5 0.5 0.5 
0.5 0.5 0.5 0.5 0.5 0.5 0.5 0.5 0.5 
0.5 0.5 0.5 0.5 0.5 0.5 0.5 0.5 0.5 
0.5 0.5 0.5 0.5 0.5 0.5 0.5 0.5 0.5 
0.5 0.5 0.5 0.5 0.5 0.5 0.5 0.5 0.5 
0.5 0.5 0.5 0.5 0.5 0.5 0.5 0.5 0.5 
0.5 0.5 0.5 0.5 0.5 0.5 0.5 0.5 0.5 
0.5 0.5 0.5 0.5 0.5 0.5 0.5 0.5 0.5 
0.5 0.5 0.5 0.5 0.5 0.5 0.5 0.5 0.5 
0.5 0.5 0.5 0.5 0.5 0.5 0.5 0.5 0.5 
0.5 0.5 0.5 0.5 0.5 0.5 0.5 0.5 0.5 
0.5 0.5 0.5 0.5 0.5 0.5 0.5 0.5 0.5 
0.5 0.5 0.5 0.5 0.5 0.5 0.5 0.5 0.5 
0.5 0.5 0.5 0.5 0.5 0.5 0.5 0.5 0.5 
0.5 0.5 0.5 0.5 0.5 0.5 0.5 0.5 0.5 
0.5 0.5 0.5 0.5 0.5 0.5 0.5 0.5 0.5 
0.5 0.5 0.5 0.5 0.5 0.5 0.5 0.5 0.5 
0.5 0.5 0.5 0.5 0.5 0.5 0.5 0.5 0.5 
0.5 0.5 0.5 0.5 0.5 0.5 0.5 0.5 0.5 
0.5 0.5 0.5 0.5 0.5 0.5 0.5 0.5 0.5 
0.5 0.5 0.5 0.5 0.5 0.5 0.5 0.5 0.5 
0.5 0.5 0.5 0.5 0.5 0.5 0.5 0.5 0.5 
0.5 0.5 0.5 0.5 0.5 0.5 0.5 0.5 0.5 
0.5 0.5 0.5 0.5 0.5 0.5 0.5 0.5 0.5 
0.5 0.5 0.5 0.5 0.5 0.5 0.5 0.5 0.5 
0.5 0.5 0.5 0.5 0.5 0.5 0.5 0.5 0.5 
0.5 0.5 0.5 0.5 0.5 0.5 0.5 0.5 0.5 
0.5 0.5 0.5 0.5 0.5 0.5 0.5 0.5 0.5 
0.5 0.5 0.5 0.5 0.5 0.5 0.5 0.5 0.5 
0.5 0.5 0.5 0.5 0.5 0.5 0.5 0.5 0.5 
0.5 0.5 0.5 0.5 0.5 0.5 0.5 0.5 0.5 
0.5 0.5 0.5 0.5 0.5 0.5 0.5 0.5 0.5 
0.5 0.5 0.5 0.5 0.5 0.5 0.5 0.5 0.5 
0.5 0.5 0.5 0.5 0.5 0.5 0.5 0.5 0.5 
0.5 0.5 0.5 0.5 0.5 0.5 0.5 0.5 0.5 
0.5 0.5 0.5 0.5 0.5 0.5 0.5 0.5 0.5 
0.5 0.5 0.5 0.5 0.5 0.5 0.5 0.5 0.5 
0.5 0.5 0.5 0.5 0.5 0.5 0.5 0.5 0.5 
0.5 0.5 0.5 0.5 0.5 0.5 0.5 0.5 0.5 
0.5 0.5 0.5 0.5 0.5 0.5 0.5 0.5 0.5 
0.5 0.5 0.5 0.5 0.5 0.5 0.5 0.5 0.5 
0.5 0.5 0.5 0.5 0.5 0.5 0.5 0.5 0.5 
0.5 0.5 0.5 0.5 0.5 0.5 0.5 0.5 0.5 
0.5 0.5 0.5 0.5 0.5 0.5 0.5 0.5 0.5 
0.5 0.5 0.5 0.5 0.5 0.5 0.5 0.5 0.5 
0.5 0.5 0.5 0.5 0.5 0.5 0.5 0.5 0.5 
0.5 0.5 0.5 0.5 0.5 0.5 0.5 0.5 0.5 
0.5 0.5 0.5 0.5 0.5 0.5 0.5 0.5 0.5 
0.5 0.5 0.5 0.5 0.5 0.5 0.5 0.5 0.5 
0.5 0.5 0.5 0.5 0.5 0.5 0.5 0.5 0.5 
0.5 0.5 0.5 0.5 0.5 0.5 0.5 0.5 0.5 
0.5 0.5 0.5 0.5 0.5 0.5 0.5 0.5 0.5 
0.5 0.5 0.5 0.5 0.5 0.5 0.5 0.5 0.5 
0.5 0.5 0.5 0.5 0.5 0.5 0.5 0.5 0.5 
0.5 0.5 0.5 0.5 0.5 0.5 0.5 0.5 0.5 
0.5 0.5 0.5 0.5 0.5 0.5 0.5 0.5 0.5 
0.5 0.5 0.5 0.5 0.5 0.5 0.5 0.5 0.5 
0.5 0.5 0.5 0.5 0.5 0.5 0.5 0.5 0.5 
0.5 0.5 0.5 0.5 0.5 0.5 0.5 0.5 0.5 
0.5 0.5 0.5 0.5 0.5 0.5 0.5 0.5 0.5 
0.5 0.5 0.5 0.5 0.5 0.5 0.5 0.5 0.5 
0.5 0.5 0.5 0.5 0.5 0.5 0.5 0.5 0.5 
0.5 0.5 0.5 0.5 0.5 0.5 0.5 0.5 0.5 
0.5 0.5 0.5 0.5 0.5 0.5 0.5 0.5 0.5 
0.5 0.5 0.5 0.5 0.5 0.5 0.5 0.5 0.5 
0.5 0.5 0.5 0.5 0.5 0.5 0.5 0.5 0.5 
0.5 0.5 0.5 0.5 0.5 0.5 0.5 0.5 0.5 
0.5 0.5 0.5 0.5 0.5 0.5 0.5 0.5 0.5 
0.5 0.5 0.5 0.5 0.5 0.5 0.5 0.5 0.5 
0.5 0.5 0.5 0.5 0.5 0.5 0.5 0.5 0.5 
0.5 0.5 0.5 0.5 0.5 0.5 0.5 0.5 0.5 
0.5 0.5 0.5 0.5 0.5 0.5 0.5 0.5 0.5 
0.5 0.5 0.5 0.5 0.5 0.5 0.5 0.5 0.5 
0.5 0.5 0.5 0.5 0.5 0.5 0.5 0.5 0.5 
0.5 0.5 0.5 0.5 0.5 0.5 0.5 0.5 0.5 
0.5 0.5 0.5 0.5 0.5 0.5 0.5 0.5 0.5 
0.5 0.5 0.5 0.5 0.5 0.5 0.5 0.5 0.5 
0.5 0.5 0.5 0.5 0.5 0.5 0.5 0.5 0.5 
0.5 0.5 0.5 0.5 0.5 0.5 0.5 0.5 0.5 
0.5 0.5 0.5 0.5 0.5 0.5 0.5 0.5 0.5 
0.5 0.5 0.5 0.5 0.5 0.5 0.5 0.5 0.5 
0.5 0.5 0.5 0.5 0.5 0.5 0.5 0.5 0.5 
0.5 0.5 0.5 0.5 0.5 0.5 0.5 0.5 0.5 
0.5 0.5 0.5 0.5 0.5 0.5 0.5 0.5 0.5 
0.5 0.5 0.5 0.5 0.5 0.5 0.5 0.5 0.5 
0.5 0.5 0.5 0.5 0.5 0.5 0.5 0.5 0.5 
0.5 0.5 0.5 0.5 0.5 0.5 0.5 0.5 0.5 
0.5 0.5 0.5 0.5 0.5 0.5 0.5 0.5 0.5 
0.5 0.5 0.5 0.5 0.5 0.5 0.5 0.5 0.5 
0.5 0.5 0.5 0.5 0.5 0.5 0.5 0.5 0.5 
0.5 0.5 0.5 0.5 0.5 0.5 0.5 0.5 0.5 
0.5 0.5 0.5 0.5 0.5 0.5 0.5 0.5 0.5 
0.5 0.5 0.5 0.5 0.5 0.5 0.5 0.5 0.5 
0.5 0.5 0.5 0.5 0.5 0.5 0.5 0.5 0.5 
0.5 0.5 0.5 0.5 0.5 0.5 0.5 0.5 0.5 
0.5 0.5 0.5 0.5 0.5 0.5 0.5 0.5 0.5 
0.5 0.5 0.5 0.5 0.5 0.5 0.5 0.5 0.5 
0.5 0.5 0.5 0.5 0.5 0.5 0.5 0.5 0.5 
0.5 0.5 0.5 0.5 0.5 0.5 0.5 0.5 0.5 
0.5 0.5 0.5 0.5 0.5 0.5 0.5 0.5 0.5 
0.5 0.5 0.5 0.5 0.5 0.5 0.5 0.5 0.5 
0.5 0.5 0.5 0.5 0.5 0.5 0.5 0.5 0.5 
0.5 0.5 0.5 0.5 0.5 0.5 0.5 0.5 0.5 
0.5 0.5 0.5 0.5 0.5 0.5 0.5 0.5 0.5 
0.5 0.5 0.5 0.5 0.5 0.5 0.5 0.5 0.5 
0.5 0.5 0.5 0.5 0.5 0.5 0.5 0.5 0.5 
0.5 0.5 0.5 0.5 0.5 0.5 0.5 0.5 0.5 
0.5 0.5 0.5 0.5 0.5 0.5 0.5 0.5 0.5 
0.5 0.5 0.5 0.5 0.5 0.5 0.5 0.5 0.5 
0.5 0.5 0.5 0.5 0.5 0.5 0.5 0.5 0.5 
0.5 0.5 0.5 0.5 0.5 0.5 0.5 0.5 0.5 
0.5 0.5 0.5 0.5 0.5 0.5 0.5 0.5 0.5 
0.5 0.5 0.5 0.5 0.5 0.5 0.5 0.5 0.5 
0.5 0.5 0.5 0.5 0.5 0.5 0.5 0.5 0.5 
0.5 0.5 0.5 0.5 0.5 0.5 0.5 0.5 0.5 
0.5 0.5 0.5 0.5 0.5 0.5 0.5 0.5 0.5 
0.5 0.5 0.5 0.5 0.5 0.5 0.5 0.5 0.5 
0.5 0.5 0.5 0.5 0.5 0.5 0.5 0.5 0.5 
0.5 0.5 0.5 0.5 0.5 0.5 0.5 0.5 0.5 
0.5 0.5 0.5 0.5 0.5 0.5 0.5 0.5 0.5 
0.5 0.5 0.5 0.5 0.5 0.5 0.5 0.5 0.5 
0.5 0.5 0.5 0.5 0.5 0.5 0.5 0.5 0.5 
0.5 0.5 0.5 0.5 0.5 0.5 0.5 0.5 0.5 
0.5 0.5 0.5 0.5 0.5 0.5 0.5 0.5 0.5 
0.5 0.5 0.5 0.5 0.5 0.5 0.5 0.5 0.5 
0.5 0.5 0.5 0.5 0.5 0.5 0.5 0.5 0.5 
0.5 0.5 0.5 0.5 0.5 0.5 0.5 0.5 0.5 
0.5 0.5 0.5 0.5 0.5 0.5 0.5 0.5 0.5 
0.5 0.5 0.5 0.5 0.5 0.5 0.5 0.5 0.5 
0.5 0.5 0.5 0.5 0.5 0.5 0.5 0.5 0.5 
0.5 0.5 0.5 0.5 0.5 0.5 0.5 0.5 0.5 
0.5 0.5 0.5 0.5 0.5 0.5 0.5 0.5 0.5 
0.5 0.5 0.5 0.5 0.5 0.5 0.5 0.5 0.5 
0.5 0.5 0.5 0.5 0.5 0.5 0.5 0.5 0.5 
0.5 0.5 0.5 0.5 0.5 0.5 0.5 0.5 0.5 
0.5 0.5 0.5 0.5 0.5 0.5 0.5 0.5 0.5 
0.5 0.5 0.5 0.5 0.5 0.5 0.5 0.5 0.5 
0.5 0.5 0.5 0.5 0.5 0.5 0.5 0.5 0.5 
0.5 0.5 0.5 0.5 0.5 0.5 0.5 0.5 0.5 
0.5 0.5 0.5 0.5 0.5 0.5 0.5 0.5 0.5 
0.5 0.5 0.5 0.5 0.5 0.5 0.5 0.5 0.5 
0.5 0.5 0.5 0.5 0.5 0.5 0.5 0.5 0.5 
0.5 0.5 0.5 0.5 0.5 0.5 0.5 0.5 0.5 
0.5 0.5 0.5 0.5 0.5 0.5 0.5 0.5 0.5 
0.5 0.5 0.5 0.5 0.5 0.5 0.5 0.5 0.5 
0.5 0.5 0.5 0.5 0.5 0.5 0.5 0.5 0.5 
0.5 0.5 0.5 0.5 0.5 0.5 0.5 0.5 0.5 
0.5 0.5 0.5 0.5 0.5 0.5 0.5 0.5 0.5 
0.5 0.5 0.5 0.5 0.5 0.5 0.5 0.5 0.5 
0.5 0.5 0.5 0.5 0.5 0.5 0.5 0.5 0.5 
0.5 0.5 0.5 0.5 0.5 0.5 0.5 0.5 0.5 
0.5 0.5 0.5 0.5 0.5 0.5 0.5 0.5 0.5 
0.5 0.5 0.5 0.5 0.5 0.5 0.5 0.5 0.5 
0.5 0.5 0.5 0.5 0.5 0.5 0.5 0.5 0.5 
0.5 0.5 0.5 0.5 0.5 0.5 0.5 0.5 0.5 
0.5 0.5 0.5 0.5 0.5 0.5 0.5 0.5 0.5 
0.5 0.5 0.5 0.5 0.5 0.5 0.5 0.5 0.5 
0.5 0.5 0.5 0.5 0.5 0.5 0.5 0.5 0.5 
0.5 0.5 0.5 0.5 0.5 0.5 0.5 0.5 0.5 
0.5 0.5 0.5 0.5 0.5 0.5 0.5 0.5 0.5 
0.5 0.5 0.5 0.5 0.5 0.5 0.5 0.5 0.5 
0.5 0.5 0.5 0.5 0.5 0.5 0.5 0.5 0.5 
0.5 0.5 0.5 0.5 0.5 0.5 0.5 0.5 0.5 
0.5 0.5 0.5 0.5 0.5 0.5 0.5 0.5 0.5 
0.5 0.5 0.5 0.5 0.5 0.5 0.5 0.5 0.5 
0.5 0.5 0.5 0.5 0.5 0.5 0.5 0.5 0.5 
0.5 0.5 0.5 0.5 0.5 0.5 0.5 0.5 0.5 
0.5 0.5 0.5 0.5 0.5 0.5 0.5 0.5 0.5 
0.5 0.5 0.5 0.5 0.5 0.5 0.5 0.5 0.5 
0.5 0.5 0.5 0.5 0.5 0.5 0.5 0.5 0.5 
0.5 0.5 0.5 0.5 0.5 0.5 0.5 0.5 0.5 
0.5 0.5 0.5 0.5 0.5 0.5 0.5 0.5 0.5 
0.5 0.5 0.5 0.5 0.5 0.5 0.5 0.5 0.5 
0.5 0.5 0.5 0.5 0.5 0.5 0.5 0.5 0.5 
0.5 0.5 0.5 0.5 0.5 0.5 0.5 0.5 0.5 
0.5 0.5 0.5 0.5 0.5 0.5 0.5 0.5 0.5 
0.5 0.5 0.5 0.5 0.5 0.5 0.5 0.5 0.5 
0.5 0.5 0.5 0.5 0.5 0.5 0.5 0.5 0.5 
0.5 0.5 0.5 0.5 0.5 0.5 0.5 0.5 0.5 
0.5 0.5 0.5 0.5 0.5 0.5 0.5 0.5 0.5 
0.5 0.5 0.5 0.5 0.5 0.5 0.5 0.5 0.5 
0.5 0.5 0.5 0.5 0.5 0.5 0.5 0.5 0.5 
0.5 0.5 0.5 0.5 0.5 0.5 0.5 0.5 0.5 
0.5 0.5 0.5 0.5 0.5 0.5 0.5 0.5 0.5 
0.5 0.5 0.5 0.5 0.5 0.5 0.5 0.5 0.5 
0.5 0.5 0.5 0.5 0.5 0.5 0.5 0.5 0.5 
0.5 0.5 0.5 0.5 0.5 0.5 0.5 0.5 0.5 
0.5 0.5 0.5 0.5 0.5 0.5 0.5 0.5 0.5 
0.5 0.5 0.5 0.5 0.5 0.5 0.5 0.5 0.5 
0.5 0.5 0.5 0.5 0.5 0.5 0.5 0.5 0.5 
0.5 0.5 0.5 0.5 0.5 0.5 0.5 0.5 0.5 
0.5 0.5 0.5 0.5 0.5 0.5 0.5 0.5 0.5 
0.5 0.5 0.5 0.5 0.5 0.5 0.5 0.5 0.5 
0.5 0.5 0.5 0.5 0.5 0.5 0.5 0.5 0.5 
0.5 0.5 0.5 0.5 0.5 0.5 0.5 0.5 0.5 
0.5 0.5 0.5 0.5 0.5 0.5 0.5 0.5 0.5 
0.5 0.5 0.5 0.5 0.5 0.5 0.5 0.5 0.5 
0.5 0.5 0.5 0.5 0.5 0.5 0.5 0.5 0.5 
0.5 0.5 0.5 0.5 0.5 0.5 0.5 0.5 0.5 
0.5 0.5 0.5 0.5 0.5 0.5 0.5 0.5 0.5 
0.5 0.5 0.5 0.5 0.5 0.5 0.5 0.5 0.5 
0.5 0.5 0.5 0.5 0.5 0.5 0.5 0.5 0.5 
0.5 0.5 0.5 0.5 0.5 0.5 0.5 0.5 0.5 
0.5 0.5 0.5 0.5 0.5 0.5 0.5 0.5 0.5 
0.5 0.5 0.5 0.5 0.5 0.5 0.5 0.5 0.5 
0.5 0.5 0.5 0.5 0.5 0.5 0.5 0.5 0.5 
0.5 0.5 0.5 0.5 0.5 0.5 0.5 0.5 0.5 
0.5 0.5 0.5 0.5 0.5 0.5 0.5 0.5 0.5 
0.5 0.5 0.5 0.5 0.5 0.5 0.5 0.5 0.5 
0.5 0.5 0.5 0.5 0.5 0.5 0.5 0.5 0.5 
0.5 0.5 0.5 0.5 0.5 0.5 0.5 0.5 0.5 
0.5 0.5 0.5 0.5 0.5 0.5 0.5 0.5 0.5 
0.5 0.5 0.5 0.5 0.5 0.5 0.5 0.5 0.5 
0.5 0.5 0.5 0.5 0.5 0.5 0.5 0.5 0.5 
0.5 0.5 0.5 0.5 0.5 0.5 0.5 0.5 0.5 
0.5 0.5 0.5 0.5 0.5 0.5 0.5 0.5 0.5 
0.5 0.5 0.5 0.5 0.5 0.5 0.5 0.5 0.5 
0.5 0.5 0.5 0.5 0.5 0.5 0.5 0.5 0.5 
0.5 0.5 0.5 0.5 0.5 0.5 0.5 0.5 0.5 
0.5 0.5 0.5 0.5 0.5 0.5 0.5 0.5 0.5 
0.5 0.5 0.5 0.5 0.5 0.5 0.5 0.5 0.5 
0.5 0.5 0.5 0.5 0.5 0.5 0.5 0.5 0.5 
0.5 0.5 0.5 0.5 0.5 0.5 0.5 0.5 0.5 
0.5 0.5 0.5 0.5 0.5 0.5 0.5 0.5 0.5 
0.5 0.5 0.5 0.5 0.5 0.5 0.5 0.5 0.5 
0.5 0.5 0.5 0.5 0.5 0.5 0.5 0.5 0.5 
0.5 0.5 0.5 0.5 0.5 0.5 0.5 0.5 0.5 
0.5 0.5 0.5 0.5 0.5 0.5 0.5 0.5 0.5 
0.5 0.5 0.5 0.5 0.5 0.5 0.5 0.5 0.5 
0.5 0.5 0.5 0.5 0.5 0.5 0.5 0.5 0.5 
0.5 0.5 0.5 0.5 0.5 0.5 0.5 0.5 0.5 
0.5 0.5 0.5 0.5 0.5 0.5 0.5 0.5 0.5 
0.5 0.5 0.5 0.5 0.5 0.5 0.5 0.5 0.5 
0.5 0.5 0.5 0.5 0.5 0.5 0.5 0.5 0.5 
0.5 0.5 0.5 0.5 0.5 0.5 0.5 0.5 0.5 
0.5 0.5 0.5 0.5 0.5 0.5 0.5 0.5 0.5 
0.5 0.5 0.5 0.5 0.5 0.5 0.5 0.5 0.5 
0.5 0.5 0.5 0.5 0.5 0.5 0.5 0.5 0.5 
0.5 0.5 0.5 0.5 0.5 0.5 0.5 0.5 0.5 
0.5 0.5 0.5 0.5 0.5 0.5 0.5 0.5 0.5 
0.5 0.5 0.5 0.5 0.5 0.5 0.5 0.5 0.5 
0.5 0.5 0.5 0.5 0.5 0.5 0.5 0.5 0.5 
0.5 0.5 0.5 0.5 0.5 0.5 0.5 0.5 0.5 
0.5 0.5 0.5 0.5 0.5 0.5 0.5 0.5 0.5 
0.5 0.5 0.5 0.5 0.5 0.5 0.5 0.5 0.5 
0.5 0.5 0.5 0.5 0.5 0.5 0.5 0.5 0.5 
0.5 0.5 0.5 0.5 0.5 0.5 0.5 0.5 0.5 
0.5 0.5 0.5 0.5 0.5 0.5 0.5 0.5 0.5 
0.5 0.5 0.5 0.5 0.5 0.5 0.5 0.5 0.5 
0.5 0.5 0.5 0.5 0.5 0.5 0.5 0.5 0.5 
0.5 0.5 0.5 0.5 0.5 0.5 0.5 0.5 0.5 
0.5 0.5 0.5 0.5 0.5 0.5 0.5 0.5 0.5 
0.5 0.5 0.5 0.5 0.5 0.5 0.5 0.5 0.5 
0.5 0.5 0.5 0.5 0.5 0.5 0.5 0.5 0.5 
0.5 0.5 0.5 0.5 0.5 0.5 0.5 0.5 0.5 
0.5 0.5 0.5 0.5 0.5 0.5 0.5 0.5 0.5 
0.5 0.5 0.5 0.5 0.5 0.5 0.5 0.5 0.5 
0.5 0.5 0.5 0.5 0.5 0.5 0.5 0.5 0.5 
0.5 0.5 0.5 0.5 0.5 0.5 0.5 0.5 0.5 
0.5 0.5 0.5 0.5 0.5 0.5 0.5 0.5 0.5 
0.5 0.5 0.5 0.5 0.5 0.5 0.5 0.5 0.5 
0.5 0.5 0.5 0.5 0.5 0.5 0.5 0.5 0.5 
0.5 0.5 0.5 0.5 0.5 0.5 0.5 0.5 0.5 
0.5 0.5 0.5 0.5 0.5 0.5 0.5 0.5 0.5 
0.5 0.5 0.5 0.5 0.5 0.5 0.5 0.5 0.5 
0.5 0.5 0.5 0.5 0.5 0.5 0.5 0.5 0.5 
0.5 0.5 0.5 0.5 0.5 0.5 0.5 0.5 0.5 
0.5 0.5 0.5 0.5 0.5 0.5 0.5 0.5 0.5 
0.5 0.5 0.5 0.5 0.5 0.5 0.5 0.5 0.5 
0.5 0.5 0.5 0.5 0.5 0.5 0.5 0.5 0.5 
0.5 0.5 0.5 0.5 0.5 0.5 0.5 0.5 0.5 
0.5 0.5 0.5 0.5 0.5 0.5 0.5 0.5 0.5 
0.5 0.5 0.5 0.5 0.5 0.5 0.5 0.5 0.5 
0.5 0.5 0.5 0.5 0.5 0.5 0.5 0.5 0.5 
0.5 0.5 0.5 0.5 0.5 0.5 0.5 0.5 0.5 
0.5 0.5 0.5 0.5 0.5 0.5 0.5 0.5 0.5 
0.5 0.5 0.5 0.5 0.5 0.5 0.5 0.5 0.5 
0.5 0.5 0.5 0.5 0.5 0.5 0.5 0.5 0.5 
0.5 0.5 0.5 0.5 0.5 0.5 0.5 0.5 0.5 
0.5 0.5 0.5 0.5 0.5 0.5 0.5 0.5 0.5 
0.5 0.5 0.5 0.5 0.5 0.5 0.5 0.5 0.5 
0.5 0.5 0.5 0.5 0.5 0.5 0.5 0.5 0.5 
0.5 0.5 0.5 0.5 0.5 0.5 0.5 0.5 0.5 
0.5 0.5 0.5 0.5 0.5 0.5 0.5 0.5 0.5 
0.5 0.5 0.5 0.5 0.5 0.5 0.5 0.5 0.5 
0.5 0.5 0.5 0.5 0.5 0.5 0.5 0.5 0.5 
0.5 0.5 0.5 0.5 0.5 0.5 0.5 0.5 0.5 
0.5 0.5 0.5 0.5 0.5 0.5 0.5 0.5 0.5 
0.5 0.5 0.5 0.5 0.5 0.5 0.5 0.5 0.5 
0.5 0.5 0.5 0.5 0.5 0.5 0.5 0.5 0.5 
0.5 0.5 0.5 0.5 0.5 0.5 0.5 0.5 0.5 
0.5 0.5 0.5 0.5 0.5 0.5 0.5 0.5 0.5 
0.5 0.5 0.5 0.5 0.5 0.5 0.5 0.5 0.5 
0.5 0.5 0.5 0.5 0.5 0.5 0.5 0.5 0.5 
0.5 0.5 0.5 0.5 0.5 0.5 0.5 0.5 0.5 
0.5 0.5 0.5 0.5 0.5 0.5 0.5 0.5 0.5 
0.5 0.5 0.5 0.5 0.5 0.5 0.5 0.5 0.5 
0.5 0.5 0.5 0.5 0.5 0.5 0.5 0.5 0.5 
0.5 0.5 0.5 0.5 0.5 0.5 0.5 0.5 0.5 
0.5 0.5 0.5 0.5 0.5 0.5 0.5 0.5 0.5 
0.5 0.5 0.5 0.5 0.5 0.5 0.5 0.5 0.5 
0.5 0.5 0.5 0.5 0.5 0.5 0.5 0.5 0.5 
0.5 0.5 0.5 0.5 0.5 0.5 0.5 0.5 0.5 
0.5 0.5 0.5 0.5 0.5 0.5 0.5 0.5 0.5 
0.5 0.5 0.5 0.5 0.5 0.5 0.5 0.5 0.5 
0.5 0.5 0.5 0.5 0.5 0.5 0.5 0.5 0.5 
0.5 0.5 0.5 0.5 0.5 0.5 0.5 0.5 0.5 
0.5 0.5 0.5 0.5 0.5 0.5 0.5 0.5 0.5 
0.5 0.5 0.5 0.5 0.5 0.5 0.5 0.5 0.5 
0.5 0.5 0.5 0.5 0.5 0.5 0.5 0.5 0.5 
0.5 0.5 0.5 0.5 0.5 0.5 0.5 0.5 0.5 
0.5 0.5 0.5 0.5 0.5 0.5 0.5 0.5 0.5 
0.5 0.5 0.5 0.5 0.5 0.5 0.5 0.5 0.5 
0.5 0.5 0.5 0.5 0.5 0.5 0.5 0.5 0.5 
0.5 0.5 0.5 0.5 0.5 0.5 0.5 0.5 0.5 
0.5 0.5 0.5 0.5 0.5 0.5 0.5 0.5 0.5 
0.5 0.5 0.5 0.5 0.5 0.5 0.5 0.5 0.5 
0.5 0.5 0.5 0.5 0.5 0.5 0.5 0.5 0.5 
0.5 0.5 0.5 0.5 0.5 0.5 0.5 0.5 0.5 
0.5 0.5 0.5 0.5 0.5 0.5 0.5 0.5 0.5 
0.5 0.5 0.5 0.5 0.5 0.5 0.5 0.5 0.5 
0.5 0.5 0.5 0.5 0.5 0.5 0.5 0.5 0.5 
0.5 0.5 0.5 0.5 0.5 0.5 0.5 0.5 0.5 
0.5 0.5 0.5 0.5 0.5 0.5 0.5 0.5 0.5 
0.5 0.5 0.5 0.5 0.5 0.5 0.5 0.5 0.5 
0.5 0.5 0.5 0.5 0.5 0.5 0.5 0.5 0.5 
0.5 0.5 0.5 0.5 0.5 0.5 0.5 0.5 0.5 
0.5 0.5 0.5 0.5 0.5 0.5 0.5 0.5 0.5 
0.5 0.5 0.5 0.5 0.5 0.5 0.5 0.5 0.5 
0.5 0.5 0.5 0.5 0.5 0.5 0.5 0.5 0.5 
0.5 0.5 0.5 0.5 0.5 0.5 0.5 0.5 0.5 
0.5 0.5 0.5 0.5 0.5 0.5 0.5 0.5 0.5 
0.5 0.5 0.5 0.5 0.5 0.5 0.5 0.5 0.5 
0.5 0.5 0.5 0.5 0.5 0.5 0.5 0.5 0.5 
0.5 0.5 0.5 0.5 0.5 0.5 0.5 0.5 0.5 
0.5 0.5 0.5 0.5 0.5 0.5 0.5 0.5 0.5 
0.5 0.5 0.5 0.5 0.5 0.5 0.5 0.5 0.5 
0.5 0.5 0.5 0.5 0.5 0.5 0.5 0.5 0.5 
0.5 0.5 0.5 0.5 0.5 0.5 0.5 0.5 0.5 
0.5 0.5 0.5 0.5 0.5 0.5 0.5 0.5 0.5 
0.5 0.5 0.5 0.5 0.5 0.5 0.5 0.5 0.5 
0.5 0.5 0.5 0.5 0.5 0.5 0.5 0.5 0.5 
0.5 0.5 0.5 0.5 0.5 0.5 0.5 0.5 0.5 
0.5 0.5 0.5 0.5 0.5 0.5 0.5 0.5 0.5 
0.5 0.5 0.5 0.5 0.5 0.5 0.5 0.5 0.5 
0.5 0.5 0.5 0.5 0.5 0.5 0.5 0.5 0.5 
0.5 0.5 0.5 0.5 0.5 0.5 0.5 0.5 0.5 
0.5 0.5 0.5 0.5 0.5 0.5 0.5 0.5 0.5 
0.5 0.5 0.5 0.5 0.5 0.5 0.5 0.5 0.5 
0.5 0.5 0.5 0.5 0.5 0.5 0.5 0.5 0.5 
0.5 0.5 0.5 0.5 0.5 0.5 0.5 0.5 0.5 
0.5 0.5 0.5 0.5 0.5 0.5 0.5 0.5 0.5 
0.5 0.5 0.5 0.5 0.5 0.5 0.5 0.5 0.5 
0.5 0.5 0.5 0.5 0.5 0.5 0.5 0.5 0.5 
0.5 0.5 0.5 0.5 0.5 0.5 0.5 0.5 0.5 
0.5 0.5 0.5 0.5 0.5 0.5 0.5 0.5 0.5 
0.5 0.5 0.5 0.5 0.5 0.5 0.5 0.5 0.5 
0.5 0.5 0.5 0.5 0.5 0.5 0.5 0.5 0.5 
0.5 0.5 0.5 0.5 0.5 0.5 0.5 0.5 0.5 
0.5 0.5 0.5 0.5 0.5 0.5 0.5 0.5 0.5 
0.5 0.5 0.5 0.5 0.5 0.5 0.5 0.5 0.5 
0.5 0.5 0.5 0.5 0.5 0.5 0.5 0.5 0.5 
0.5 0.5 0.5 0.5 0.5 0.5 0.5 0.5 0.5 
0.5 0.5 0.5 0.5 0.5 0.5 0.5 0.5 0.5 
0.5 0.5 0.5 0.5 0.5 0.5 0.5 0.5 0.5 
0.5 0.5 0.5 0.5 0.5 0.5 0.5 0.5 0.5 
0.5 0.5 0.5 0.5 0.5 0.5 0.5 0.5 0.5 
0.5 0.5 0.5 0.5 0.5 0.5 0.5 0.5 0.5 
0.5 0.5 0.5 0.5 0.5 0.5 0.5 0.5 0.5 
0.5 0.5 0.5 0.5 0.5 0.5 0.5 0.5 0.5 
0.5 0.5 0.5 0.5 0.5 0.5 0.5 0.5 0.5 
0.5 0.5 0.5 0.5 0.5 0.5 0.5 0.5 0.5 
0.5 0.5 0.5 0.5 0.5 0.5 0.5 0.5 0.5 
0.5 0.5 0.5 0.5 0.5 0.5 0.5 0.5 0.5 
0.5 0.5 0.5 0.5 0.5 0.5 0.5 0.5 0.5 
0.5 0.5 0.5 0.5 0.5 0.5 0.5 0.5 0.5 
0.5 0.5 0.5 0.5 0.5 0.5 0.5 0.5 0.5 
0.5 0.5 0.5 0.5 0.5 0.5 0.5 0.5 0.5 
0.5 0.5 0.5 0.5 0.5 0.5 0.5 0.5 0.5 
0.5 0.5 0.5 0.5 0.5 0.5 0.5 0.5 0.5 
0.5 0.5 0.5 0.5 0.5 0.5 0.5 0.5 0.5 
0.5 0.5 0.5 0.5 0.5 0.5 0.5 0.5 0.5 
0.5 0.5 0.5 0.5 0.5 0.5 0.5 0.5 0.5 
0.5 0.5 0.5 0.5 0.5 0.5 0.5 0.5 0.5 
0.5 0.5 0.5 0.5 0.5 0.5 0.5 0.5 0.5 
0.5 0.5 0.5 0.5 0.5 0.5 0.5 0.5 0.5 
0.5 0.5 0.5 0.5 0.5 0.5 0.5 0.5 0.5 
0.5 0.5 0.5 0.5 0.5 0.5 0.5 0.5 0.5 
0.5 0.5 0.5 0.5 0.5 0.5 0.5 0.5 0.5 
0.5 0.5 0.5 0.5 0.5 0.5 0.5 0.5 0.5 
0.5 0.5 0.5 0.5 0.5 0.5 0.5 0.5 0.5 
0.5 0.5 0.5 0.5 0.5 0.5 0.5 0.5 0.5 
0.5 0.5 0.5 0.5 0.5 0.5 0.5 0.5 0.5 
0.5 0.5 0.5 0.5 0.5 0.5 0.5 0.5 0.5 
0.5 0.5 0.5 0.5 0.5 0.5 0.5 0.5 0.5 
0.5 0.5 0.5 0.5 0.5 0.5 0.5 0.5 0.5 
0.5 0.5 0.5 0.5 0.5 0.5 0.5 0.5 0.5 
0.5 0.5 0.5 0.5 0.5 0.5 0.5 0.5 0.5 
0.5 0.5 0.5 0.5 0.5 0.5 0.5 0.5 0.5 
0.5 0.5 0.5 0.5 0.5 0.5 0.5 0.5 0.5 
0.5 0.5 0.5 0.5 0.5 0.5 0.5 0.5 0.5 
0.5 0.5 0.5 0.5 0.5 0.5 0.5 0.5 0.5 
0.5 0.5 0.5 0.5 0.5 0.5 0.5 0.5 0.5 
0.5 0.5 0.5 0.5 0.5 0.5 0.5 0.5 0.5 
0.5 0.5 0.5 0.5 0.5 0.5 0.5 0.5 0.5 
0.5 0.5 0.5 0.5 0.5 0.5 0.5 0.5 0.5 
0.5 0.5 0.5 0.5 0.5 0.5 0.5 0.5 0.5 
0.5 0.5 0.5 0.5 0.5 0.5 0.5 0.5 0.5 
0.5 0.5 0.5 0.5 0.5 0.5 0.5 0.5 0.5 
0.5 0.5 0.5 0.5 0.5 0.5 0.5 0.5 0.5 
0.5 0.5 0.5 0.5 0.5 0.5 0.5 0.5 0.5 
0.5 0.5 0.5 0.5 0.5 0.5 0.5 0.5 0.5 
0.5 0.5 0.5 0.5 0.5 0.5 0.5 0.5 0.5 
0.5 0.5 0.5 0.5 0.5 0.5 0.5 0.5 0.5 
0.5 0.5 0.5 0.5 0.5 0.5 0.5 0.5 0.5 
0.5 0.5 0.5 0.5 0.5 0.5 0.5 0.5 0.5 
0.5 0.5 0.5 0.5 0.5 0.5 0.5 0.5 0.5 
0.5 0.5 0.5 0.5 0.5 0.5 0.5 0.5 0.5 
0.5 0.5 0.5 0.5 0.5 0.5 0.5 0.5 0.5 
0.5 0.5 0.5 0.5 0.5 0.5 0.5 0.5 0.5 
0.5 0.5 0.5 0.5 0.5 0.5 0.5 0.5 0.5 
0.5 0.5 0.5 0.5 0.5 0.5 0.5 0.5 0.5 
0.5 0.5 0.5 0.5 0.5 0.5 0.5 0.5 0.5 
0.5 0.5 0.5 0.5 0.5 0.5 0.5 0.5 0.5 
0.5 0.5 0.5 0.5 0.5 0.5 0.5 0.5 0.5 
0.5 0.5 0.5 0.5 0.5 0.5 0.5 0.5 0.5 
0.5 0.5 0.5 0.5 0.5 0.5 0.5 0.5 0.5 
0.5 0.5 0.5 0.5 0.5 0.5 0.5 0.5 0.5 
0.5 0.5 0.5 0.5 0.5 0.5 0.5 0.5 0.5 
0.5 0.5 0.5 0.5 0.5 0.5 0.5 0.5 0.5 
0.5 0.5 0.5 0.5 0.5 0.5 0.5 0.5 0.5 
0.5 0.5 0.5 0.5 0.5 0.5 0.5 0.5 0.5 
0.5 0.5 0.5 0.5 0.5 0.5 0.5 0.5 0.5 
0.5 0.5 0.5 0.5 0.5 0.5 0.5 0.5 0.5 
0.5 0.5 0.5 0.5 0.5 0.5 0.5 0.5 0.5 
0.5 0.5 0.5 0.5 0.5 0.5 0.5 0.5 0.5 

NORMALS normals float
0 0 -1 0 0 -1 0 0 -1 
0 0 -1 0 0 -1 0 0 -1 
0 0 -1 0 0 -1 0 0 -1 
0 0 -1 0 0 -1 0 0 -1 
0 0 -1 0 0 -1 0 0 -1 
0 0 -1 0 0 -1 0 0 -1 
0 0 -1 0 0 -1 0 0 -1 
0 0 -1 0 0 -1 0 0 -1 
0 0 -1 0 0 -1 0 0 -1 
0 0 -1 0 0 -1 0 0 -1 
0 0 -1 0 0 -1 0 0 -1 
0 0 -1 0 0 -1 0 0 -1 
0 0 -1 0 0 -1 0 0 -1 
0 0 -1 0 0 -1 0 0 -1 
0 0 -1 0 0 -1 0 0 -1 
0 0 -1 0 0 -1 0 0 -1 
0 0 -1 0 0 -1 0 0 -1 
0 0 -1 0 0 -1 0 0 -1 
0 0 -1 0 0 -1 0 0 -1 
0 0 -1 0 0 -1 0 0 -1 
0 -0.394943 -0.918705 0 -0.394943 -0.918705 0 -0.424328 -0.905508 
0 -0.424328 -0.905508 0 -0.394943 -0.918705 0 -0.424328 -0.905508 
0 -0.394943 -0.918705 0 -0.424328 -0.905508 0 -0.394943 -0.918705 
0 -0.424328 -0.905508 0 -0.394943 -0.918705 0 -0.424328 -0.905508 
0 -0.394943 -0.918705 0 -0.424328 -0.905508 0 -0.394943 -0.918705 
0 -0.424328 -0.905508 0 -0.394943 -0.918705 0 -0.424328 -0.905508 
0 -0.394943 -0.918705 0 -0.424328 -0.905508 0 -0.394943 -0.918705 
0 -0.424328 -0.905508 0 -0.394943 -0.918705 0 -0.424328 -0.905508 
0 -0.394943 -0.918705 0 -0.424328 -0.905508 0 -0.394943 -0.918705 
0 -0.424328 -0.905508 0 -0.394943 -0.918705 0 -0.424328 -0.905508 
0 -0.394943 -0.918705 0 -0.424328 -0.905508 0 -0.394943 -0.918705 
0 -0.424328 -0.905508 0 -0.394943 -0.918705 0 -0.424328 -0.905508 
0 -0.394943 -0.918705 0 -0.424328 -0.905508 0 -0.394943 -0.918705 
0 -0.424328 -0.905508 0 -0.394943 -0.918705 0 -0.424328 -0.905508 
0 -0.394943 -0.918705 0 -0.424328 -0.905508 0 -0.394943 -0.918705 
0 -0.424328 -0.905508 0 -0.394943 -0.918705 0 -0.424328 -0.905508 
0 -0.394943 -0.918705 0 -0.424328 -0.905508 0 -0.394943 -0.918705 
0 -0.424328 -0.905508 0 -0.394943 -0.918705 0 -0.424328 -0.905508 
0 -0.394943 -0.918705 0 -0.424328 -0.905508 0 -0.394943 -0.918705 
0 -0.424328 -0.905508 0 -0.394943 -0.918705 0 -0.424328 -0.905508 
0 -0.394943 -0.918705 0 -0.424328 -0.905508 0 -0.394943 -0.918705 
0 -0.424328 -0.905508 0 -0.394943 -0.918705 0 -0.424328 -0.905508 
0 -0.394943 -0.918705 0 -0.424328 -0.905508 0 -0.394943 -0.918705 
0 -0.424328 -0.905508 0 -0.394943 -0.918705 0 -0.424328 -0.905508 
0 -0.394943 -0.918705 0 -0.424328 -0.905508 0 -0.394943 -0.918705 
0 -0.424328 -0.905508 0 -0.394943 -0.918705 0 -0.424328 -0.905508 
0 -0.394943 -0.918705 0 -0.424328 -0.905508 0 -0.394943 -0.918705 
0 -0.424328 -0.905508 0 -0.394943 -0.918705 0 -0.424328 -0.905508 
0 -0.394943 -0.918705 0 -0.424328 -0.905508 0 -0.394943 -0.918705 
0 -0.424328 -0.905508 0 -0.394943 -0.918705 0 -0.424328 -0.905508 
0 -0.394943 -0.918705 0 -0.424328 -0.905508 0 -0.394943 -0.918705 
0 -0.424328 -0.905508 0 -0.394943 -0.918705 0 -0.424328 -0.905508 
0 -0.394943 -0.918705 0 -0.424328 -0.905508 0 -0.394943 -0.918705 
0 -0.424328 -0.905508 0 -0.394943 -0.918705 0 -0.424328 -0.905508 
0 -0.394943 -0.918705 0 -0.424328 -0.905508 0 -0.394943 -0.918705 
0 -0.424328 -0.905508 0 -0.394943 -0.918705 0 -0.424328 -0.905508 
0 -0.394943 -0.918705 0 -0.424328 -0.905508 0 -0.394943 -0.918705 
0 -0.424328 -0.905508 0 -0.394943 -0.918705 0 -0.424328 -0.905508 
0 -0.394943 -0.918705 0 -0.424328 -0.905508 0 -0.394943 -0.918705 
0 -0.424328 -0.905508 0 -0.394943 -0.918705 0 -0.424328 -0.905508 
0 -0.307072 -0.951686 0 -0.307072 -0.951686 0 -0.307072 -0.951686 
0 -0.307072 -0.951686 0 -0.307072 -0.951686 0 -0.307072 -0.951686 
0 -0.307072 -0.951686 0 -0.307072 -0.951686 0 -0.307072 -0.951686 
0 -0.307072 -0.951686 0 -0.307072 -0.951686 0 -0.307072 -0.951686 
0 -0.307072 -0.951686 0 -0.307072 -0.951686 0 -0.307072 -0.951686 
0 -0.307072 -0.951686 0 -0.307072 -0.951686 0 -0.307072 -0.951686 
0 -0.307072 -0.951686 0 -0.307072 -0.951686 0 -0.307072 -0.951686 
0 -0.307072 -0.951686 0 -0.307072 -0.951686 0 -0.307072 -0.951686 
0 -0.307072 -0.951686 0 -0.307072 -0.951686 0 -0.307072 -0.951686 
0 -0.307072 -0.951686 0 -0.307072 -0.951686 0 -0.307072 -0.951686 
0 -0.307072 -0.951686 0 -0.307072 -0.951686 0 -0.307072 -0.951686 
0 -0.307072 -0.951686 0 -0.307072 -0.951686 0 -0.307072 -0.951686 
0 -0.307072 -0.951686 0 -0.307072 -0.951686 0 -0.307072 -0.951686 
0 -0.307072 -0.951686 0 -0.307072 -0.951686 0 -0.307072 -0.951686 
0 -0.307072 -0.951686 0 -0.307072 -0.951686 0 -0.307072 -0.951686 
0 -0.307072 -0.951686 0 -0.307072 -0.951686 0 -0.307072 -0.951686 
0 -0.307072 -0.951686 0 -0.307072 -0.951686 0 -0.307072 -0.951686 
0 -0.307072 -0.951686 0 -0.307072 -0.951686 0 -0.307072 -0.951686 
0 -0.307072 -0.951686 0 -0.307072 -0.951686 0 -0.307072 -0.951686 
0 -0.307072 -0.951686 0 -0.307072 -0.951686 0 -0.307072 -0.951686 
0 -0.236474 -0.971638 0 -0.236474 -0.971638 0 -0.236474 -0.971638 
0 -0.236474 -0.971638 0 -0.236474 -0.971638 0 -0.236474 -0.971638 
0 -0.236474 -0.971638 0 -0.236474 -0.971638 0 -0.236474 -0.971638 
0 -0.236474 -0.971638 0 -0.236474 -0.971638 0 -0.236474 -0.971638 
0 -0.236474 -0.971638 0 -0.236474 -0.971638 0 -0.236474 -0.971638 
0 -0.236474 -0.971638 0 -0.236474 -0.971638 0 -0.236474 -0.971638 
0 -0.236474 -0.971638 0 -0.236474 -0.971638 0 -0.236474 -0.971638 
0 -0.236474 -0.971638 0 -0.236474 -0.971638 0 -0.236474 -0.971638 
0 -0.236474 -0.971638 0 -0.236474 -0.971638 0 -0.236474 -0.971638 
0 -0.236474 -0.971638 0 -0.236474 -0.971638 0 -0.236474 -0.971638 
0 -0.236474 -0.971638 0 -0.236474 -0.971638 0 -0.236474 -0.971638 
0 -0.236474 -0.971638 0 -0.236474 -0.971638 0 -0.236474 -0.971638 
0 -0.236474 -0.971638 0 -0.236474 -0.971638 0 -0.236474 -0.971638 
0 -0.236474 -0.971638 0 -0.236474 -0.971638 0 -0.236474 -0.971638 
0 -0.236474 -0.971638 0 -0.236474 -0.971638 0 -0.236474 -0.971638 
0 -0.236474 -0.971638 0 -0.236474 -0.971638 0 -0.236474 -0.971638 
0 -0.236474 -0.971638 0 -0.236474 -0.971638 0 -0.236474 -0.971638 
0 -0.236474 -0.971638 0 -0.236474 -0.971638 0 -0.236474 -0.971638 
0 -0.236474 -0.971638 0 -0.236474 -0.971638 0 -0.236474 -0.971638 
0 -0.236474 -0.971638 0 -0.236474 -0.971638 0 -0.236474 -0.971638 
0 -0.167183 -0.985926 0 -0.167183 -0.985926 0 -0.167183 -0.985926 
0 -0.167183 -0.985926 0 -0.167183 -0.985926 0 -0.167183 -0.985926 
0 -0.167183 -0.985926 0 -0.167183 -0.985926 0 -0.167183 -0.985926 
0 -0.167183 -0.985926 0 -0.167183 -0.985926 0 -0.167183 -0.985926 
0 -0.167183 -0.985926 0 -0.167183 -0.985926 0 -0.167183 -0.985926 
0 -0.167183 -0.985926 0 -0.167183 -0.985926 0 -0.167183 -0.985926 
0 -0.167183 -0.985926 0 -0.167183 -0.985926 0 -0.167183 -0.985926 
0 -0.167183 -0.985926 0 -0.167183 -0.985926 0 -0.167183 -0.985926 
0 -0.167183 -0.985926 0 -0.167183 -0.985926 0 -0.167183 -0.985926 
0 -0.167183 -0.985926 0 -0.167183 -0.985926 0 -0.167183 -0.985926 
0 -0.167183 -0.985926 0 -0.167183 -0.985926 0 -0.167183 -0.985926 
0 -0.167183 -0.985926 0 -0.167183 -0.985926 0 -0.167183 -0.985926 
0 -0.167183 -0.985926 0 -0.167183 -0.985926 0 -0.167183 -0.985926 
0 -0.167183 -0.985926 0 -0.167183 -0.985926 0 -0.167183 -0.985926 
0 -0.167183 -0.985926 0 -0.167183 -0.985926 0 -0.167183 -0.985926 
0 -0.167183 -0.985926 0 -0.167183 -0.985926 0 -0.167183 -0.985926 
0 -0.167183 -0.985926 0 -0.167183 -0.985926 0 -0.167183 -0.985926 
0 -0.167183 -0.985926 0 -0.167183 -0.985926 0 -0.167183 -0.985926 
0 -0.167183 -0.985926 0 -0.167183 -0.985926 0 -0.167183 -0.985926 
0 -0.167183 -0.985926 0 -0.167183 -0.985926 0 -0.167183 -0.985926 
0 -0.0875439 -0.996161 0 -0.0875439 -0.996161 0 -0.0875439 -0.996161 
0 -0.0875439 -0.996161 0 -0.0875439 -0.996161 0 -0.0875439 -0.996161 
0 -0.0875439 -0.996161 0 -0.0875439 -0.996161 0 -0.0875439 -0.996161 
0 -0.0875439 -0.996161 0 -0.0875439 -0.996161 0 -0.0875439 -0.996161 
0 -0.0875439 -0.996161 0 -0.0875439 -0.996161 0 -0.0875439 -0.996161 
0 -0.0875439 -0.996161 0 -0.0875439 -0.996161 0 -0.0875439 -0.996161 
0 -0.0875439 -0.996161 0 -0.0875439 -0.996161 0 -0.0875439 -0.996161 
0 -0.0875439 -0.996161 0 -0.0875439 -0.996161 0 -0.0875439 -0.996161 
0 -0.0875439 -0.996161 0 -0.0875439 -0.996161 0 -0.0875439 -0.996161 
0 -0.0875439 -0.996161 0 -0.0875439 -0.996161 0 -0.0875439 -0.996161 
0 -0.0875439 -0.996161 0 -0.0875439 -0.996161 0 -0.0875439 -0.996161 
0 -0.0875439 -0.996161 0 -0.0875439 -0.996161 0 -0.0875439 -0.996161 
0 -0.0875439 -0.996161 0 -0.0875439 -0.996161 0 -0.0875439 -0.996161 
0 -0.0875439 -0.996161 0 -0.0875439 -0.996161 0 -0.0875439 -0.996161 
0 -0.0875439 -0.996161 0 -0.0875439 -0.996161 0 -0.0875439 -0.996161 
0 -0.0875439 -0.996161 0 -0.0875439 -0.996161 0 -0.0875439 -0.996161 
0 -0.0875439 -0.996161 0 -0.0875439 -0.996161 0 -0.0875439 -0.996161 
0 -0.0875439 -0.996161 0 -0.0875439 -0.996161 0 -0.0875439 -0.996161 
0 -0.0875439 -0.996161 0 -0.0875439 -0.996161 0 -0.0875439 -0.996161 
0 -0.0875439 -0.996161 0 -0.0875439 -0.996161 0 -0.0875439 -0.996161 
0 0.0875439 -0.996161 0 0.0875439 -0.996161 0 0.0875439 -0.996161 
0 0.0875439 -0.996161 0 0.0875439 -0.996161 0 0.0875439 -0.996161 
0 0.0875439 -0.996161 0 0.0875439 -0.996161 0 0.0875439 -0.996161 
0 0.0875439 -0.996161 0 0.0875439 -0.996161 0 0.0875439 -0.996161 
0 0.0875439 -0.996161 0 0.0875439 -0.996161 0 0.0875439 -0.996161 
0 0.0875439 -0.996161 0 0.0875439 -0.996161 0 0.0875439 -0.996161 
0 0.0875439 -0.996161 0 0.0875439 -0.996161 0 0.0875439 -0.996161 
0 0.0875439 -0.996161 0 0.0875439 -0.996161 0 0.0875439 -0.996161 
0 0.0875439 -0.996161 0 0.0875439 -0.996161 0 0.0875439 -0.996161 
0 0.0875439 -0.996161 0 0.0875439 -0.996161 0 0.0875439 -0.996161 
0 0.0875439 -0.996161 0 0.0875439 -0.996161 0 0.0875439 -0.996161 
0 0.0875439 -0.996161 0 0.0875439 -0.996161 0 0.0875439 -0.996161 
0 0.0875439 -0.996161 0 0.0875439 -0.996161 0 0.0875439 -0.996161 
0 0.0875439 -0.996161 0 0.0875439 -0.996161 0 0.0875439 -0.996161 
0 0.0875439 -0.996161 0 0.0875439 -0.996161 0 0.0875439 -0.996161 
0 0.0875439 -0.996161 0 0.0875439 -0.996161 0 0.0875439 -0.996161 
0 0.0875439 -0.996161 0 0.0875439 -0.996161 0 0.0875439 -0.996161 
0 0.0875439 -0.996161 0 0.0875439 -0.996161 0 0.0875439 -0.996161 
0 0.0875439 -0.996161 0 0.0875439 -0.996161 0 0.0875439 -0.996161 
0 0.0875439 -0.996161 0 0.0875439 -0.996161 0 0.0875439 -0.996161 
0 0.167183 -0.985926 0 0.167183 -0.985926 0 0.167183 -0.985926 
0 0.167183 -0.985926 0 0.167183 -0.985926 0 0.167183 -0.985926 
0 0.167183 -0.985926 0 0.167183 -0.985926 0 0.167183 -0.985926 
0 0.167183 -0.985926 0 0.167183 -0.985926 0 0.167183 -0.985926 
0 0.167183 -0.985926 0 0.167183 -0.985926 0 0.167183 -0.985926 
0 0.167183 -0.985926 0 0.167183 -0.985926 0 0.167183 -0.985926 
0 0.167183 -0.985926 0 0.167183 -0.985926 0 0.167183 -0.985926 
0 0.167183 -0.985926 0 0.167183 -0.985926 0 0.167183 -0.985926 
0 0.167183 -0.985926 0 0.167183 -0.985926 0 0.167183 -0.985926 
0 0.167183 -0.985926 0 0.167183 -0.985926 0 0.167183 -0.985926 
0 0.167183 -0.985926 0 0.167183 -0.985926 0 0.167183 -0.985926 
0 0.167183 -0.985926 0 0.167183 -0.985926 0 0.167183 -0.985926 
0 0.167183 -0.985926 0 0.167183 -0.985926 0 0.167183 -0.985926 
0 0.167183 -0.985926 0 0.167183 -0.985926 0 0.167183 -0.985926 
0 0.167183 -0.985926 0 0.167183 -0.985926 0 0.167183 -0.985926 
0 0.167183 -0.985926 0 0.167183 -0.985926 0 0.167183 -0.985926 
0 0.167183 -0.985926 0 0.167183 -0.985926 0 0.167183 -0.985926 
0 0.167183 -0.985926 0 0.167183 -0.985926 0 0.167183 -0.985926 
0 0.167183 -0.985926 0 0.167183 -0.985926 0 0.167183 -0.985926 
0 0.167183 -0.985926 0 0.167183 -0.985926 0 0.167183 -0.985926 
0 0.236474 -0.971638 0 0.236474 -0.971638 0 0.236474 -0.971638 
0 0.236474 -0.971638 0 0.236474 -0.971638 0 0.236474 -0.971638 
0 0.236474 -0.971638 0 0.236474 -0.971638 0 0.236474 -0.971638 
0 0.236474 -0.971638 0 0.236474 -0.971638 0 0.236474 -0.971638 
0 0.236474 -0.971638 0 0.236474 -0.971638 0 0.236474 -0.971638 
0 0.236474 -0.971638 0 0.236474 -0.971638 0 0.236474 -0.971638 
0 0.236474 -0.971638 0 0.236474 -0.971638 0 0.236474 -0.971638 
0 0.236474 -0.971638 0 0.236474 -0.971638 0 0.236474 -0.971638 
0 0.236474 -0.971638 0 0.236474 -0.971638 0 0.236474 -0.971638 
0 0.236474 -0.971638 0 0.236474 -0.971638 0 0.236474 -0.971638 
0 0.236474 -0.971638 0 0.236474 -0.971638 0 0.236474 -0.971638 
0 0.236474 -0.971638 0 0.236474 -0.971638 0 0.236474 -0.971638 
0 0.236474 -0.971638 0 0.236474 -0.971638 0 0.236474 -0.971638 
0 0.236474 -0.971638 0 0.236474 -0.971638 0 0.236474 -0.971638 
0 0.236474 -0.971638 0 0.236474 -0.971638 0 0.236474 -0.971638 
0 0.236474 -0.971638 0 0.236474 -0.971638 0 0.236474 -0.971638 
0 0.236474 -0.971638 0 0.236474 -0.971638 0 0.236474 -0.971638 
0 0.236474 -0.971638 0 0.236474 -0.971638 0 0.236474 -0.971638 
0 0.236474 -0.971638 0 0.236474 -0.971638 0 0.236474 -0.971638 
0 0.236474 -0.971638 0 0.236474 -0.971638 0 0.236474 -0.971638 
0 0.307072 -0.951686 0 0.307072 -0.951686 0 0.307072 -0.951686 
0 0.307072 -0.951686 0 0.307072 -0.951686 0 0.307072 -0.951686 
0 0.307072 -0.951686 0 0.307072 -0.951686 0 0.307072 -0.951686 
0 0.307072 -0.951686 0 0.307072 -0.951686 0 0.307072 -0.951686 
0 0.307072 -0.951686 0 0.307072 -0.951686 0 0.307072 -0.951686 
0 0.307072 -0.951686 0 0.307072 -0.951686 0 0.307072 -0.951686 
0 0.307072 -0.951686 0 0.307072 -0.951686 0 0.307072 -0.951686 
0 0.307072 -0.951686 0 0.307072 -0.951686 0 0.307072 -0.951686 
0 0.307072 -0.951686 0 0.307072 -0.951686 0 0.307072 -0.951686 
0 0.307072 -0.951686 0 0.307072 -0.951686 0 0.307072 -0.951686 
0 0.307072 -0.951686 0 0.307072 -0.951686 0 0.307072 -0.951686 
0 0.307072 -0.951686 0 0.307072 -0.951686 0 0.307072 -0.951686 
0 0.307072 -0.951686 0 0.307072 -0.951686 0 0.307072 -0.951686 
0 0.307072 -0.951686 0 0.307072 -0.951686 0 0.307072 -0.951686 
0 0.307072 -0.951686 0 0.307072 -0.951686 0 0.307072 -0.951686 
0 0.307072 -0.951686 0 0.307072 -0.951686 0 0.307072 -0.951686 
0 0.307072 -0.951686 0 0.307072 -0.951686 0 0.307072 -0.951686 
0 0.307072 -0.951686 0 0.307072 -0.951686 0 0.307072 -0.951686 
0 0.307072 -0.951686 0 0.307072 -0.951686 0 0.307072 -0.951686 
0 0.307072 -0.951686 0 0.307072 -0.951686 0 0.307072 -0.951686 
0 0.394943 -0.918705 0 0.394943 -0.918705 0 0.394943 -0.918705 
0 0.394943 -0.918705 0 0.394943 -0.918705 0 0.394943 -0.918705 
0 0.394943 -0.918705 0 0.394943 -0.918705 0 0.394943 -0.918705 
0 0.394943 -0.918705 0 0.394943 -0.918705 0 0.394943 -0.918705 
0 0.394943 -0.918705 0 0.394943 -0.918705 0 0.394943 -0.918705 
0 0.394943 -0.918705 0 0.394943 -0.918705 0 0.394943 -0.918705 
0 0.394943 -0.918705 0 0.394943 -0.918705 0 0.394943 -0.918705 
0 0.394943 -0.918705 0 0.394943 -0.918705 0 0.394943 -0.918705 
0 0.394943 -0.918705 0 0.394943 -0.918705 0 0.394943 -0.918705 
0 0.394943 -0.918705 0 0.394943 -0.918705 0 0.394943 -0.918705 
0 0.394943 -0.918705 0 0.394943 -0.918705 0 0.394943 -0.918705 
0 0.394943 -0.918705 0 0.394943 -0.918705 0 0.394943 -0.918705 
0 0.394943 -0.918705 0 0.394943 -0.918705 0 0.394943 -0.918705 
0 0.394943 -0.918705 0 0.394943 -0.918705 0 0.394943 -0.918705 
0 0.394943 -0.918705 0 0.394943 -0.918705 0 0.394943 -0.918705 
0 0.394943 -0.918705 0 0.394943 -0.918705 0 0.394943 -0.918705 
0 0.394943 -0.918705 0 0.394943 -0.918705 0 0.394943 -0.918705 
0 0.394943 -0.918705 0 0.394943 -0.918705 0 0.394943 -0.918705 
0 0.394943 -0.918705 0 0.394943 -0.918705 0 0.394943 -0.918705 
0 0.394943 -0.918705 0 0.394943 -0.918705 0 0.394943 -0.918705 
0 0.424328 -0.905508 0 0.424328 -0.905508 0 0.424328 -0.905508 
0 0.424328 -0.905508 0 0.424328 -0.905508 0 0.424328 -0.905508 
0 0.424328 -0.905508 0 0.424328 -0.905508 0 0.424328 -0.905508 
0 0.424328 -0.905508 0 0.424328 -0.905508 0 0.424328 -0.905508 
0 0.424328 -0.905508 0 0.424328 -0.905508 0 0.424328 -0.905508 
0 0.424328 -0.905508 0 0.424328 -0.905508 0 0.424328 -0.905508 
0 0.424328 -0.905508 0 0.424328 -0.905508 0 0.424328 -0.905508 
0 0.424328 -0.905508 0 0.424328 -0.905508 0 0.424328 -0.905508 
0 0.424328 -0.905508 0 0.424328 -0.905508 0 0.424328 -0.905508 
0 0.424328 -0.905508 0 0.424328 -0.905508 0 0.424328 -0.905508 
0 0.424328 -0.905508 0 0.424328 -0.905508 0 0.424328 -0.905508 
0 0.424328 -0.905508 0 0.424328 -0.905508 0 0.424328 -0.905508 
0 0.424328 -0.905508 0 0.424328 -0.905508 0 0.424328 -0.905508 
0 0.424328 -0.905508 0 0.424328 -0.905508 0 0.424328 -0.905508 
0 0.424328 -0.905508 0 0.424328 -0.905508 0 0.424328 -0.905508 
0 0.424328 -0.905508 0 0.424328 -0.905508 0 0.424328 -0.905508 
0 0.424328 -0.905508 0 0.424328 -0.905508 0 0.424328 -0.905508 
0 0.424328 -0.905508 0 0.424328 -0.905508 0 0.424328 -0.905508 
0 0.424328 -0.905508 0 0.424328 -0.905508 0 0.424328 -0.905508 
0 0.424328 -0.905508 0 0.424328 -0.905508 0 0.424328 -0.905508 
0 -0.513614 -0.858022 0 -0.513614 -0.858022 0 -0.547083 -0.837079 
0 -0.547083 -0.837079 0 -0.513614 -0.858022 0 -0.547083 -0.837079 
0 -0.513614 -0.858022 0 -0.547083 -0.837079 0 -0.513614 -0.858022 
0 -0.547083 -0.837079 0 -0.513614 -0.858022 0 -0.547083 -0.837079 
0 -0.513614 -0.858022 0 -0.547083 -0.837079 0 -0.513614 -0.858022 
0 -0.547083 -0.837079 0 -0.513614 -0.858022 0 -0.547083 -0.837079 
0 -0.513614 -0.858022 0 -0.547083 -0.837079 0 -0.513614 -0.858022 
0 -0.547083 -0.837079 0 -0.513614 -0.858022 0 -0.547083 -0.837079 
0 -0.513614 -0.858022 0 -0.547083 -0.837079 0 -0.513614 -0.858022 
0 -0.547083 -0.837079 0 -0.513614 -0.858022 0 -0.547083 -0.837079 
0 -0.513614 -0.858022 0 -0.547083 -0.837079 0 -0.513614 -0.858022 
0 -0.547083 -0.837079 0 -0.513614 -0.858022 0 -0.547083 -0.837079 
0 -0.513614 -0.858022 0 -0.547083 -0.837079 0 -0.513614 -0.858022 
0 -0.547083 -0.837079 0 -0.513614 -0.858022 0 -0.547083 -0.837079 
0 -0.513614 -0.858022 0 -0.547083 -0.837079 0 -0.513614 -0.858022 
0 -0.547083 -0.837079 0 -0.513614 -0.858022 0 -0.547083 -0.837079 
0 -0.513614 -0.858022 0 -0.547083 -0.837079 0 -0.513614 -0.858022 
0 -0.547083 -0.837079 0 -0.513614 -0.858022 0 -0.547083 -0.837079 
0 -0.513614 -0.858022 0 -0.547083 -0.837079 0 -0.513614 -0.858022 
0 -0.547083 -0.837079 0 -0.513614 -0.858022 0 -0.547083 -0.837079 
0 -0.513614 -0.858022 0 -0.547083 -0.837079 0 -0.513614 -0.858022 
0 -0.547083 -0.837079 0 -0.513614 -0.858022 0 -0.547083 -0.837079 
0 -0.513614 -0.858022 0 -0.547083 -0.837079 0 -0.513614 -0.858022 
0 -0.547083 -0.837079 0 -0.513614 -0.858022 0 -0.547083 -0.837079 
0 -0.513614 -0.858022 0 -0.547083 -0.837079 0 -0.513614 -0.858022 
0 -0.547083 -0.837079 0 -0.513614 -0.858022 0 -0.547083 -0.837079 
0 -0.513614 -0.858022 0 -0.547083 -0.837079 0 -0.513614 -0.858022 
0 -0.547083 -0.837079 0 -0.513614 -0.858022 0 -0.547083 -0.837079 
0 -0.513614 -0.858022 0 -0.547083 -0.837079 0 -0.513614 -0.858022 
0 -0.547083 -0.837079 0 -0.513614 -0.858022 0 -0.547083 -0.837079 
0 -0.513614 -0.858022 0 -0.547083 -0.837079 0 -0.513614 -0.858022 
0 -0.547083 -0.837079 0 -0.513614 -0.858022 0 -0.547083 -0.837079 
0 -0.513614 -0.858022 0 -0.547083 -0.837079 0 -0.513614 -0.858022 
0 -0.547083 -0.837079 0 -0.513614 -0.858022 0 -0.547083 -0.837079 
0 -0.513614 -0.858022 0 -0.547083 -0.837079 0 -0.513614 -0.858022 
0 -0.547083 -0.837079 0 -0.513614 -0.858022 0 -0.547083 -0.837079 
0 -0.513614 -0.858022 0 -0.547083 -0.837079 0 -0.513614 -0.858022 
0 -0.547083 -0.837079 0 -0.513614 -0.858022 0 -0.547083 -0.837079 
0 -0.513614 -0.858022 0 -0.547083 -0.837079 0 -0.513614 -0.858022 
0 -0.547083 -0.837079 0 -0.513614 -0.858022 0 -0.547083 -0.837079 
0 -0.450794 -0.892628 0 -0.450794 -0.892628 0 -0.450794 -0.892628 
0 -0.450794 -0.892628 0 -0.450794 -0.892628 0 -0.450794 -0.892628 
0 -0.450794 -0.892628 0 -0.450794 -0.892628 0 -0.450794 -0.892628 
0 -0.450794 -0.892628 0 -0.450794 -0.892628 0 -0.450794 -0.892628 
0 -0.450794 -0.892628 0 -0.450794 -0.892628 0 -0.450794 -0.892628 
0 -0.450794 -0.892628 0 -0.450794 -0.892628 0 -0.450794 -0.892628 
0 -0.450794 -0.892628 0 -0.450794 -0.892628 0 -0.450794 -0.892628 
0 -0.450794 -0.892628 0 -0.450794 -0.892628 0 -0.450794 -0.892628 
0 -0.450794 -0.892628 0 -0.450794 -0.892628 0 -0.450794 -0.892628 
0 -0.450794 -0.892628 0 -0.450794 -0.892628 0 -0.450794 -0.892628 
0 -0.450794 -0.892628 0 -0.450794 -0.892628 0 -0.450794 -0.892628 
0 -0.450794 -0.892628 0 -0.450794 -0.892628 0 -0.450794 -0.892628 
0 -0.450794 -0.892628 0 -0.450794 -0.892628 0 -0.450794 -0.892628 
0 -0.450794 -0.892628 0 -0.450794 -0.892628 0 -0.450794 -0.892628 
0 -0.450794 -0.892628 0 -0.450794 -0.892628 0 -0.450794 -0.892628 
0 -0.450794 -0.892628 0 -0.450794 -0.892628 0 -0.450794 -0.892628 
0 -0.450794 -0.892628 0 -0.450794 -0.892628 0 -0.450794 -0.892628 
0 -0.450794 -0.892628 0 -0.450794 -0.892628 0 -0.450794 -0.892628 
0 -0.450794 -0.892628 0 -0.450794 -0.892628 0 -0.450794 -0.892628 
0 -0.450794 -0.892628 0 -0.450794 -0.892628 0 -0.450794 -0.892628 
0 0.450794 -0.892628 0 0.450794 -0.892628 0 0.450794 -0.892628 
0 0.450794 -0.892628 0 0.450794 -0.892628 0 0.450794 -0.892628 
0 0.450794 -0.892628 0 0.450794 -0.892628 0 0.450794 -0.892628 
0 0.450794 -0.892628 0 0.450794 -0.892628 0 0.450794 -0.892628 
0 0.450794 -0.892628 0 0.450794 -0.892628 0 0.450794 -0.892628 
0 0.450794 -0.892628 0 0.450794 -0.892628 0 0.450794 -0.892628 
0 0.450794 -0.892628 0 0.450794 -0.892628 0 0.450794 -0.892628 
0 0.450794 -0.892628 0 0.450794 -0.892628 0 0.450794 -0.892628 
0 0.450794 -0.892628 0 0.450794 -0.892628 0 0.450794 -0.892628 
0 0.450794 -0.892628 0 0.450794 -0.892628 0 0.450794 -0.892628 
0 0.450794 -0.892628 0 0.450794 -0.892628 0 0.450794 -0.892628 
0 0.450794 -0.892628 0 0.450794 -0.892628 0 0.450794 -0.892628 
0 0.450794 -0.892628 0 0.450794 -0.892628 0 0.450794 -0.892628 
0 0.450794 -0.892628 0 0.450794 -0.892628 0 0.450794 -0.892628 
0 0.450794 -0.892628 0 0.450794 -0.892628 0 0.450794 -0.892628 
0 0.450794 -0.892628 0 0.450794 -0.892628 0 0.450794 -0.892628 
0 0.450794 -0.892628 0 0.450794 -0.892628 0 0.450794 -0.892628 
0 0.450794 -0.892628 0 0.450794 -0.892628 0 0.450794 -0.892628 
0 0.450794 -0.892628 0 0.450794 -0.892628 0 0.450794 -0.892628 
0 0.450794 -0.892628 0 0.450794 -0.892628 0 0.450794 -0.892628 
0 0.513614 -0.858022 0 0.513614 -0.858022 0 0.513614 -0.858022 
0 0.513614 -0.858022 0 0.513614 -0.858022 0 0.513614 -0.858022 
0 0.513614 -0.858022 0 0.513614 -0.858022 0 0.513614 -0.858022 
0 0.513614 -0.858022 0 0.513614 -0.858022 0 0.513614 -0.858022 
0 0.513614 -0.858022 0 0.513614 -0.858022 0 0.513614 -0.858022 
0 0.513614 -0.858022 0 0.513614 -0.858022 0 0.513614 -0.858022 
0 0.513614 -0.858022 0 0.513614 -0.858022 0 0.513614 -0.858022 
0 0.513614 -0.858022 0 0.513614 -0.858022 0 0.513614 -0.858022 
0 0.513614 -0.858022 0 0.513614 -0.858022 0 0.513614 -0.858022 
0 0.513614 -0.858022 0 0.513614 -0.858022 0 0.513614 -0.858022 
0 0.513614 -0.858022 0 0.513614 -0.858022 0 0.513614 -0.858022 
0 0.513614 -0.858022 0 0.513614 -0.858022 0 0.513614 -0.858022 
0 0.513614 -0.858022 0 0.513614 -0.858022 0 0.513614 -0.858022 
0 0.513614 -0.858022 0 0.513614 -0.858022 0 0.513614 -0.858022 
0 0.513614 -0.858022 0 0.513614 -0.858022 0 0.513614 -0.858022 
0 0.513614 -0.858022 0 0.513614 -0.858022 0 0.513614 -0.858022 
0 0.513614 -0.858022 0 0.513614 -0.858022 0 0.513614 -0.858022 
0 0.513614 -0.858022 0 0.513614 -0.858022 0 0.513614 -0.858022 
0 0.513614 -0.858022 0 0.513614 -0.858022 0 0.513614 -0.858022 
0 0.513614 -0.858022 0 0.513614 -0.858022 0 0.513614 -0.858022 
0 0.547083 -0.837079 0 0.547083 -0.837079 0 0.547083 -0.837079 
0 0.547083 -0.837079 0 0.547083 -0.837079 0 0.547083 -0.837079 
0 0.547083 -0.837079 0 0.547083 -0.837079 0 0.547083 -0.837079 
0 0.547083 -0.837079 0 0.547083 -0.837079 0 0.547083 -0.837079 
0 0.547083 -0.837079 0 0.547083 -0.837079 0 0.547083 -0.837079 
0 0.547083 -0.837079 0 0.547083 -0.837079 0 0.547083 -0.837079 
0 0.547083 -0.837079 0 0.547083 -0.837079 0 0.547083 -0.837079 
0 0.547083 -0.837079 0 0.547083 -0.837079 0 0.547083 -0.837079 
0 0.547083 -0.837079 0 0.547083 -0.837079 0 0.547083 -0.837079 
0 0.547083 -0.837079 0 0.547083 -0.837079 0 0.547083 -0.837079 
0 0.547083 -0.837079 0 0.547083 -0.837079 0 0.547083 -0.837079 
0 0.547083 -0.837079 0 0.547083 -0.837079 0 0.547083 -0.837079 
0 0.547083 -0.837079 0 0.547083 -0.837079 0 0.547083 -0.837079 
0 0.547083 -0.837079 0 0.547083 -0.837079 0 0.547083 -0.837079 
0 0.547083 -0.837079 0 0.547083 -0.837079 0 0.547083 -0.837079 
0 0.547083 -0.837079 0 0.547083 -0.837079 0 0.547083 -0.837079 
0 0.547083 -0.837079 0 0.547083 -0.837079 0 0.547083 -0.837079 
0 0.547083 -0.837079 0 0.547083 -0.837079 0 0.547083 -0.837079 
0 0.547083 -0.837079 0 0.547083 -0.837079 0 0.547083 -0.837079 
0 0.547083 -0.837079 0 0.547083 -0.837079 0 0.547083 -0.837079 
0 -0.630831 -0.77592 0 -0.630831 -0.77592 0 -0.630831 -0.77592 
0 -0.630831 -0.77592 0 -0.630831 -0.77592 0 -0.630831 -0.77592 
0 -0.630831 -0.77592 0 -0.630831 -0.77592 0 -0.630831 -0.77592 
0 -0.630831 -0.77592 0 -0.630831 -0.77592 0 -0.630831 -0.77592 
0 -0.630831 -0.77592 0 -0.630831 -0.77592 0 -0.630831 -0.77592 
0 -0.630831 -0.77592 0 -0.630831 -0.77592 0 -0.630831 -0.77592 
0 -0.630831 -0.77592 0 -0.630831 -0.77592 0 -0.630831 -0.77592 
0 -0.630831 -0.77592 0 -0.630831 -0.77592 0 -0.630831 -0.77592 
0 -0.630831 -0.77592 0 -0.630831 -0.77592 0 -0.630831 -0.77592 
0 -0.630831 -0.77592 0 -0.630831 -0.77592 0 -0.630831 -0.77592 
0 -0.630831 -0.77592 0 -0.630831 -0.77592 0 -0.630831 -0.77592 
0 -0.630831 -0.77592 0 -0.630831 -0.77592 0 -0.630831 -0.77592 
0 -0.630831 -0.77592 0 -0.630831 -0.77592 0 -0.630831 -0.77592 
0 -0.630831 -0.77592 0 -0.630831 -0.77592 0 -0.630831 -0.77592 
0 -0.630831 -0.77592 0 -0.630831 -0.77592 0 -0.630831 -0.77592 
0 -0.630831 -0.77592 0 -0.630831 -0.77592 0 -0.630831 -0.77592 
0 -0.630831 -0.77592 0 -0.630831 -0.77592 0 -0.630831 -0.77592 
0 -0.630831 -0.77592 0 -0.630831 -0.77592 0 -0.630831 -0.77592 
0 -0.630831 -0.77592 0 -0.630831 -0.77592 0 -0.630831 -0.77592 
0 -0.630831 -0.77592 0 -0.630831 -0.77592 0 -0.630831 -0.77592 
0 -0.569078 -0.822284 0 -0.569078 -0.822284 0 -0.569078 -0.822284 
0 -0.569078 -0.822284 0 -0.569078 -0.822284 0 -0.569078 -0.822284 
0 -0.569078 -0.822284 0 -0.569078 -0.822284 0 -0.569078 -0.822284 
0 -0.569078 -0.822284 0 -0.569078 -0.822284 0 -0.569078 -0.822284 
0 -0.569078 -0.822284 0 -0.569078 -0.822284 0 -0.569078 -0.822284 
0 -0.569078 -0.822284 0 -0.569078 -0.822284 0 -0.569078 -0.822284 
0 -0.569078 -0.822284 0 -0.569078 -0.822284 0 -0.569078 -0.822284 
0 -0.569078 -0.822284 0 -0.569078 -0.822284 0 -0.569078 -0.822284 
0 -0.569078 -0.822284 0 -0.569078 -0.822284 0 -0.569078 -0.822284 
0 -0.569078 -0.822284 0 -0.569078 -0.822284 0 -0.569078 -0.822284 
0 -0.569078 -0.822284 0 -0.569078 -0.822284 0 -0.569078 -0.822284 
0 -0.569078 -0.822284 0 -0.569078 -0.822284 0 -0.569078 -0.822284 
0 -0.569078 -0.822284 0 -0.569078 -0.822284 0 -0.569078 -0.822284 
0 -0.569078 -0.822284 0 -0.569078 -0.822284 0 -0.569078 -0.822284 
0 -0.569078 -0.822284 0 -0.569078 -0.822284 0 -0.569078 -0.822284 
0 -0.569078 -0.822284 0 -0.569078 -0.822284 0 -0.569078 -0.822284 
0 -0.569078 -0.822284 0 -0.569078 -0.822284 0 -0.569078 -0.822284 
0 -0.569078 -0.822284 0 -0.569078 -0.822284 0 -0.569078 -0.822284 
0 -0.569078 -0.822284 0 -0.569078 -0.822284 0 -0.569078 -0.822284 
0 -0.569078 -0.822284 0 -0.569078 -0.822284 0 -0.569078 -0.822284 
0 0.569078 -0.822284 0 0.569078 -0.822284 0 0.569078 -0.822284 
0 0.569078 -0.822284 0 0.569078 -0.822284 0 0.569078 -0.822284 
0 0.569078 -0.822284 0 0.569078 -0.822284 0 0.569078 -0.822284 
0 0.569078 -0.822284 0 0.569078 -0.822284 0 0.569078 -0.822284 
0 0.569078 -0.822284 0 0.569078 -0.822284 0 0.569078 -0.822284 
0 0.569078 -0.822284 0 0.569078 -0.822284 0 0.569078 -0.822284 
0 0.569078 -0.822284 0 0.569078 -0.822284 0 0.569078 -0.822284 
0 0.569078 -0.822284 0 0.569078 -0.822284 0 0.569078 -0.822284 
0 0.569078 -0.822284 0 0.569078 -0.822284 0 0.569078 -0.822284 
0 0.569078 -0.822284 0 0.569078 -0.822284 0 0.569078 -0.822284 
0 0.569078 -0.822284 0 0.569078 -0.822284 0 0.569078 -0.822284 
0 0.569078 -0.822284 0 0.569078 -0.822284 0 0.569078 -0.822284 
0 0.569078 -0.822284 0 0.569078 -0.822284 0 0.569078 -0.822284 
0 0.569078 -0.822284 0 0.569078 -0.822284 0 0.569078 -0.822284 
0 0.569078 -0.822284 0 0.569078 -0.822284 0 0.569078 -0.822284 
0 0.569078 -0.822284 0 0.569078 -0.822284 0 0.569078 -0.822284 
0 0.569078 -0.822284 0 0.569078 -0.822284 0 0.569078 -0.822284 
0 0.569078 -0.822284 0 0.569078 -0.822284 0 0.569078 -0.822284 
0 0.569078 -0.822284 0 0.569078 -0.822284 0 0.569078 -0.822284 
0 0.569078 -0.822284 0 0.569078 -0.822284 0 0.569078 -0.822284 
0 0.630831 -0.77592 0 0.630831 -0.77592 0 0.630831 -0.77592 
0 0.630831 -0.77592 0 0.630831 -0.77592 0 0.630831 -0.77592 
0 0.630831 -0.77592 0 0.630831 -0.77592 0 0.630831 -0.77592 
0 0.630831 -0.77592 0 0.630831 -0.77592 0 0.630831 -0.77592 
0 0.630831 -0.77592 0 0.630831 -0.77592 0 0.630831 -0.77592 
0 0.630831 -0.77592 0 0.630831 -0.77592 0 0.630831 -0.77592 
0 0.630831 -0.77592 0 0.630831 -0.77592 0 0.630831 -0.77592 
0 0.630831 -0.77592 0 0.630831 -0.77592 0 0.630831 -0.77592 
0 0.630831 -0.77592 0 0.630831 -0.77592 0 0.630831 -0.77592 
0 0.630831 -0.77592 0 0.630831 -0.77592 0 0.630831 -0.77592 
0 0.630831 -0.77592 0 0.630831 -0.77592 0 0.630831 -0.77592 
0 0.630831 -0.77592 0 0.630831 -0.77592 0 0.630831 -0.77592 
0 0.630831 -0.77592 0 0.630831 -0.77592 0 0.630831 -0.77592 
0 0.630831 -0.77592 0 0.630831 -0.77592 0 0.630831 -0.77592 
0 0.630831 -0.77592 0 0.630831 -0.77592 0 0.630831 -0.77592 
0 0.630831 -0.77592 0 0.630831 -0.77592 0 0.630831 -0.77592 
0 0.630831 -0.77592 0 0.630831 -0.77592 0 0.630831 -0.77592 
0 0.630831 -0.77592 0 0.630831 -0.77592 0 0.630831 -0.77592 
0 0.630831 -0.77592 0 0.630831 -0.77592 0 0.630831 -0.77592 
0 0.630831 -0.77592 0 0.630831 -0.77592 0 0.630831 -0.77592 
0 -0.676892 -0.736082 0 -0.676892 -0.736082 0 -0.687006 -0.726651 
0 -0.687006 -0.726651 0 -0.676892 -0.736082 0 -0.687006 -0.726651 
0 -0.676892 -0.736082 0 -0.687006 -0.726651 0 -0.676892 -0.736082 
0 -0.687006 -0.726651 0 -0.676892 -0.736082 0 -0.687006 -0.726651 
0 -0.676892 -0.736082 0 -0.687006 -0.726651 0 -0.676892 -0.736082 
0 -0.687006 -0.726651 0 -0.676892 -0.736082 0 -0.687006 -0.726651 
0 -0.676892 -0.736082 0 -0.687006 -0.726651 0 -0.676892 -0.736082 
0 -0.687006 -0.726651 0 -0.676892 -0.736082 0 -0.687006 -0.726651 
0 -0.676892 -0.736082 0 -0.687006 -0.726651 0 -0.676892 -0.736082 
0 -0.687006 -0.726651 0 -0.676892 -0.736082 0 -0.687006 -0.726651 
0 -0.676892 -0.736082 0 -0.687006 -0.726651 0 -0.676892 -0.736082 
0 -0.687006 -0.726651 0 -0.676892 -0.736082 0 -0.687006 -0.726651 
0 -0.676892 -0.736082 0 -0.687006 -0.726651 0 -0.676892 -0.736082 
0 -0.687006 -0.726651 0 -0.676892 -0.736082 0 -0.687006 -0.726651 
0 -0.676892 -0.736082 0 -0.687006 -0.726651 0 -0.676892 -0.736082 
0 -0.687006 -0.726651 0 -0.676892 -0.736082 0 -0.687006 -0.726651 
0 -0.676892 -0.736082 0 -0.687006 -0.726651 0 -0.676892 -0.736082 
0 -0.687006 -0.726651 0 -0.676892 -0.736082 0 -0.687006 -0.726651 
0 -0.676892 -0.736082 0 -0.687006 -0.726651 0 -0.676892 -0.736082 
0 -0.687006 -0.726651 0 -0.676892 -0.736082 0 -0.687006 -0.726651 
0 -0.676892 -0.736082 0 -0.687006 -0.726651 0 -0.676892 -0.736082 
0 -0.687006 -0.726651 0 -0.676892 -0.736082 0 -0.687006 -0.726651 
0 -0.676892 -0.736082 0 -0.687006 -0.726651 0 -0.676892 -0.736082 
0 -0.687006 -0.726651 0 -0.676892 -0.736082 0 -0.687006 -0.726651 
0 -0.676892 -0.736082 0 -0.687006 -0.726651 0 -0.676892 -0.736082 
0 -0.687006 -0.726651 0 -0.676892 -0.736082 0 -0.687006 -0.726651 
0 -0.676892 -0.736082 0 -0.687006 -0.726651 0 -0.676892 -0.736082 
0 -0.687006 -0.726651 0 -0.676892 -0.736082 0 -0.687006 -0.726651 
0 -0.676892 -0.736082 0 -0.687006 -0.726651 0 -0.676892 -0.736082 
0 -0.687006 -0.726651 0 -0.676892 -0.736082 0 -0.687006 -0.726651 
0 -0.676892 -0.736082 0 -0.687006 -0.726651 0 -0.676892 -0.736082 
0 -0.687006 -0.726651 0 -0.676892 -0.736082 0 -0.687006 -0.726651 
0 -0.676892 -0.736082 0 -0.687006 -0.726651 0 -0.676892 -0.736082 
0 -0.687006 -0.726651 0 -0.676892 -0.736082 0 -0.687006 -0.726651 
0 -0.676892 -0.736082 0 -0.687006 -0.726651 0 -0.676892 -0.736082 
0 -0.687006 -0.726651 0 -0.676892 -0.736082 0 -0.687006 -0.726651 
0 -0.676892 -0.736082 0 -0.687006 -0.726651 0 -0.676892 -0.736082 
0 -0.687006 -0.726651 0 -0.676892 -0.736082 0 -0.687006 -0.726651 
0 -0.676892 -0.736082 0 -0.687006 -0.726651 0 -0.676892 -0.736082 
0 -0.687006 -0.726651 0 -0.676892 -0.736082 0 -0.687006 -0.726651 
0 0.676892 -0.736082 0 0.676892 -0.736082 0 0.676892 -0.736082 
0 0.676892 -0.736082 0 0.676892 -0.736082 0 0.676892 -0.736082 
0 0.676892 -0.736082 0 0.676892 -0.736082 0 0.676892 -0.736082 
0 0.676892 -0.736082 0 0.676892 -0.736082 0 0.676892 -0.736082 
0 0.676892 -0.736082 0 0.676892 -0.736082 0 0.676892 -0.736082 
0 0.676892 -0.736082 0 0.676892 -0.736082 0 0.676892 -0.736082 
0 0.676892 -0.736082 0 0.676892 -0.736082 0 0.676892 -0.736082 
0 0.676892 -0.736082 0 0.676892 -0.736082 0 0.676892 -0.736082 
0 0.676892 -0.736082 0 0.676892 -0.736082 0 0.676892 -0.736082 
0 0.676892 -0.736082 0 0.676892 -0.736082 0 0.676892 -0.736082 
0 0.676892 -0.736082 0 0.676892 -0.736082 0 0.676892 -0.736082 
0 0.676892 -0.736082 0 0.676892 -0.736082 0 0.676892 -0.736082 
0 0.676892 -0.736082 0 0.676892 -0.736082 0 0.676892 -0.736082 
0 0.676892 -0.736082 0 0.676892 -0.736082 0 0.676892 -0.736082 
0 0.676892 -0.736082 0 0.676892 -0.736082 0 0.676892 -0.736082 
0 0.676892 -0.736082 0 0.676892 -0.736082 0 0.676892 -0.736082 
0 0.676892 -0.736082 0 0.676892 -0.736082 0 0.676892 -0.736082 
0 0.676892 -0.736082 0 0.676892 -0.736082 0 0.676892 -0.736082 
0 0.676892 -0.736082 0 0.676892 -0.736082 0 0.676892 -0.736082 
0 0.676892 -0.736082 0 0.676892 -0.736082 0 0.676892 -0.736082 
0 0.687006 -0.726651 0 0.687006 -0.726651 0 0.687006 -0.726651 
0 0.687006 -0.726651 0 0.687006 -0.726651 0 0.687006 -0.726651 
0 0.687006 -0.726651 0 0.687006 -0.726651 0 0.687006 -0.726651 
0 0.687006 -0.726651 0 0.687006 -0.726651 0 0.687006 -0.726651 
0 0.687006 -0.726651 0 0.687006 -0.726651 0 0.687006 -0.726651 
0 0.687006 -0.726651 0 0.687006 -0.726651 0 0.687006 -0.726651 
0 0.687006 -0.726651 0 0.687006 -0.726651 0 0.687006 -0.726651 
0 0.687006 -0.726651 0 0.687006 -0.726651 0 0.687006 -0.726651 
0 0.687006 -0.726651 0 0.687006 -0.726651 0 0.687006 -0.726651 
0 0.687006 -0.726651 0 0.687006 -0.726651 0 0.687006 -0.726651 
0 0.687006 -0.726651 0 0.687006 -0.726651 0 0.687006 -0.726651 
0 0.687006 -0.726651 0 0.687006 -0.726651 0 0.687006 -0.726651 
0 0.687006 -0.726651 0 0.687006 -0.726651 0 0.687006 -0.726651 
0 0.687006 -0.726651 0 0.687006 -0.726651 0 0.687006 -0.726651 
0 0.687006 -0.726651 0 0.687006 -0.726651 0 0.687006 -0.726651 
0 0.687006 -0.726651 0 0.687006 -0.726651 0 0.687006 -0.726651 
0 0.687006 -0.726651 0 0.687006 -0.726651 0 0.687006 -0.726651 
0 0.687006 -0.726651 0 0.687006 -0.726651 0 0.687006 -0.726651 
0 0.687006 -0.726651 0 0.687006 -0.726651 0 0.687006 -0.726651 
0 0.687006 -0.726651 0 0.687006 -0.726651 0 0.687006 -0.726651 
0 -0.726651 -0.687006 0 -0.726651 -0.687006 0 -0.736082 -0.676892 
0 -0.736082 -0.676892 0 -0.726651 -0.687006 0 -0.736082 -0.676892 
0 -0.726651 -0.687006 0 -0.736082 -0.676892 0 -0.726651 -0.687006 
0 -0.736082 -0.676892 0 -0.726651 -0.687006 0 -0.736082 -0.676892 
0 -0.726651 -0.687006 0 -0.736082 -0.676892 0 -0.726651 -0.687006 
0 -0.736082 -0.676892 0 -0.726651 -0.687006 0 -0.736082 -0.676892 
0 -0.726651 -0.687006 0 -0.736082 -0.676892 0 -0.726651 -0.687006 
0 -0.736082 -0.676892 0 -0.726651 -0.687006 0 -0.736082 -0.676892 
0 -0.726651 -0.687006 0 -0.736082 -0.676892 0 -0.726651 -0.687006 
0 -0.736082 -0.676892 0 -0.726651 -0.687006 0 -0.736082 -0.676892 
0 -0.726651 -0.687006 0 -0.736082 -0.676892 0 -0.726651 -0.687006 
0 -0.736082 -0.676892 0 -0.726651 -0.687006 0 -0.736082 -0.676892 
0 -0.726651 -0.687006 0 -0.736082 -0.676892 0 -0.726651 -0.687006 
0 -0.736082 -0.676892 0 -0.726651 -0.687006 0 -0.736082 -0.676892 
0 -0.726651 -0.687006 0 -0.736082 -0.676892 0 -0.726651 -0.687006 
0 -0.736082 -0.676892 0 -0.726651 -0.687006 0 -0.736082 -0.676892 
0 -0.726651 -0.687006 0 -0.736082 -0.676892 0 -0.726651 -0.687006 
0 -0.736082 -0.676892 0 -0.726651 -0.687006 0 -0.736082 -0.676892 
0 -0.726651 -0.687006 0 -0.736082 -0.676892 0 -0.726651 -0.687006 
0 -0.736082 -0.676892 0 -0.726651 -0.687006 0 -0.736082 -0.676892 
0 -0.726651 -0.687006 0 -0.736082 -0.676892 0 -0.726651 -0.687006 
0 -0.736082 -0.676892 0 -0.726651 -0.687006 0 -0.736082 -0.676892 
0 -0.726651 -0.687006 0 -0.736082 -0.676892 0 -0.726651 -0.687006 
0 -0.736082 -0.676892 0 -0.726651 -0.687006 0 -0.736082 -0.676892 
0 -0.726651 -0.687006 0 -0.736082 -0.676892 0 -0.726651 -0.687006 
0 -0.736082 -0.676892 0 -0.726651 -0.687006 0 -0.736082 -0.676892 
0 -0.726651 -0.687006 0 -0.736082 -0.676892 0 -0.726651 -0.687006 
0 -0.736082 -0.676892 0 -0.726651 -0.687006 0 -0.736082 -0.676892 
0 -0.726651 -0.687006 0 -0.736082 -0.676892 0 -0.726651 -0.687006 
0 -0.736082 -0.676892 0 -0.726651 -0.687006 0 -0.736082 -0.676892 
0 -0.726651 -0.687006 0 -0.736082 -0.676892 0 -0.726651 -0.687006 
0 -0.736082 -0.676892 0 -0.726651 -0.687006 0 -0.736082 -0.676892 
0 -0.726651 -0.687006 0 -0.736082 -0.676892 0 -0.726651 -0.687006 
0 -0.736082 -0.676892 0 -0.726651 -0.687006 0 -0.736082 -0.676892 
0 -0.726651 -0.687006 0 -0.736082 -0.676892 0 -0.726651 -0.687006 
0 -0.736082 -0.676892 0 -0.726651 -0.687006 0 -0.736082 -0.676892 
0 -0.726651 -0.687006 0 -0.736082 -0.676892 0 -0.726651 -0.687006 
0 -0.736082 -0.676892 0 -0.726651 -0.687006 0 -0.736082 -0.676892 
0 -0.726651 -0.687006 0 -0.736082 -0.676892 0 -0.726651 -0.687006 
0 -0.736082 -0.676892 0 -0.726651 -0.687006 0 -0.736082 -0.676892 
0 0.726651 -0.687006 0 0.726651 -0.687006 0 0.726651 -0.687006 
0 0.726651 -0.687006 0 0.726651 -0.687006 0 0.726651 -0.687006 
0 0.726651 -0.687006 0 0.726651 -0.687006 0 0.726651 -0.687006 
0 0.726651 -0.687006 0 0.726651 -0.687006 0 0.726651 -0.687006 
0 0.726651 -0.687006 0 0.726651 -0.687006 0 0.726651 -0.687006 
0 0.726651 -0.687006 0 0.726651 -0.687006 0 0.726651 -0.687006 
0 0.726651 -0.687006 0 0.726651 -0.687006 0 0.726651 -0.687006 
0 0.726651 -0.687006 0 0.726651 -0.687006 0 0.726651 -0.687006 
0 0.726651 -0.687006 0 0.726651 -0.687006 0 0.726651 -0.687006 
0 0.726651 -0.687006 0 0.726651 -0.687006 0 0.726651 -0.687006 
0 0.726651 -0.687006 0 0.726651 -0.687006 0 0.726651 -0.687006 
0 0.726651 -0.687006 0 0.726651 -0.687006 0 0.726651 -0.687006 
0 0.726651 -0.687006 0 0.726651 -0.687006 0 0.726651 -0.687006 
0 0.726651 -0.687006 0 0.726651 -0.687006 0 0.726651 -0.687006 
0 0.726651 -0.687006 0 0.726651 -0.687006 0 0.726651 -0.687006 
0 0.726651 -0.687006 0 0.726651 -0.687006 0 0.726651 -0.687006 
0 0.726651 -0.687006 0 0.726651 -0.687006 0 0.726651 -0.687006 
0 0.726651 -0.687006 0 0.726651 -0.687006 0 0.726651 -0.687006 
0 0.726651 -0.687006 0 0.726651 -0.687006 0 0.726651 -0.687006 
0 0.726651 -0.687006 0 0.726651 -0.687006 0 0.726651 -0.687006 
0 0.736082 -0.676892 0 0.736082 -0.676892 0 0.736082 -0.676892 
0 0.736082 -0.676892 0 0.736082 -0.676892 0 0.736082 -0.676892 
0 0.736082 -0.676892 0 0.736082 -0.676892 0 0.736082 -0.676892 
0 0.736082 -0.676892 0 0.736082 -0.676892 0 0.736082 -0.676892 
0 0.736082 -0.676892 0 0.736082 -0.676892 0 0.736082 -0.676892 
0 0.736082 -0.676892 0 0.736082 -0.676892 0 0.736082 -0.676892 
0 0.736082 -0.676892 0 0.736082 -0.676892 0 0.736082 -0.676892 
0 0.736082 -0.676892 0 0.736082 -0.676892 0 0.736082 -0.676892 
0 0.736082 -0.676892 0 0.736082 -0.676892 0 0.736082 -0.676892 
0 0.736082 -0.676892 0 0.736082 -0.676892 0 0.736082 -0.676892 
0 0.736082 -0.676892 0 0.736082 -0.676892 0 0.736082 -0.676892 
0 0.736082 -0.676892 0 0.736082 -0.676892 0 0.736082 -0.676892 
0 0.736082 -0.676892 0 0.736082 -0.676892 0 0.736082 -0.676892 
0 0.736082 -0.676892 0 0.736082 -0.676892 0 0.736082 -0.676892 
0 0.736082 -0.676892 0 0.736082 -0.676892 0 0.736082 -0.676892 
0 0.736082 -0.676892 0 0.736082 -0.676892 0 0.736082 -0.676892 
0 0.736082 -0.676892 0 0.736082 -0.676892 0 0.736082 -0.676892 
0 0.736082 -0.676892 0 0.736082 -0.676892 0 0.736082 -0.676892 
0 0.736082 -0.676892 0 0.736082 -0.676892 0 0.736082 -0.676892 
0 0.736082 -0.676892 0 0.736082 -0.676892 0 0.736082 -0.676892 
0 -0.77592 -0.630831 0 -0.77592 -0.630831 0 -0.77592 -0.630831 
0 -0.77592 -0.630831 0 -0.77592 -0.630831 0 -0.77592 -0.630831 
0 -0.77592 -0.630831 0 -0.77592 -0.630831 0 -0.77592 -0.630831 
0 -0.77592 -0.630831 0 -0.77592 -0.630831 0 -0.77592 -0.630831 
0 -0.77592 -0.630831 0 -0.77592 -0.630831 0 -0.77592 -0.630831 
0 -0.77592 -0.630831 0 -0.77592 -0.630831 0 -0.77592 -0.630831 
0 -0.77592 -0.630831 0 -0.77592 -0.630831 0 -0.77592 -0.630831 
0 -0.77592 -0.630831 0 -0.77592 -0.630831 0 -0.77592 -0.630831 
0 -0.77592 -0.630831 0 -0.77592 -0.630831 0 -0.77592 -0.630831 
0 -0.77592 -0.630831 0 -0.77592 -0.630831 0 -0.77592 -0.630831 
0 -0.77592 -0.630831 0 -0.77592 -0.630831 0 -0.77592 -0.630831 
0 -0.77592 -0.630831 0 -0.77592 -0.630831 0 -0.77592 -0.630831 
0 -0.77592 -0.630831 0 -0.77592 -0.630831 0 -0.77592 -0.630831 
0 -0.77592 -0.630831 0 -0.77592 -0.630831 0 -0.77592 -0.630831 
0 -0.77592 -0.630831 0 -0.77592 -0.630831 0 -0.77592 -0.630831 
0 -0.77592 -0.630831 0 -0.77592 -0.630831 0 -0.77592 -0.630831 
0 -0.77592 -0.630831 0 -0.77592 -0.630831 0 -0.77592 -0.630831 
0 -0.77592 -0.630831 0 -0.77592 -0.630831 0 -0.77592 -0.630831 
0 -0.77592 -0.630831 0 -0.77592 -0.630831 0 -0.77592 -0.630831 
0 -0.77592 -0.630831 0 -0.77592 -0.630831 0 -0.77592 -0.630831 
0 0.77592 -0.630831 0 0.77592 -0.630831 0 0.77592 -0.630831 
0 0.77592 -0.630831 0 0.77592 -0.630831 0 0.77592 -0.630831 
0 0.77592 -0.630831 0 0.77592 -0.630831 0 0.77592 -0.630831 
0 0.77592 -0.630831 0 0.77592 -0.630831 0 0.77592 -0.630831 
0 0.77592 -0.630831 0 0.77592 -0.630831 0 0.77592 -0.630831 
0 0.77592 -0.630831 0 0.77592 -0.630831 0 0.77592 -0.630831 
0 0.77592 -0.630831 0 0.77592 -0.630831 0 0.77592 -0.630831 
0 0.77592 -0.630831 0 0.77592 -0.630831 0 0.77592 -0.630831 
0 0.77592 -0.630831 0 0.77592 -0.630831 0 0.77592 -0.630831 
0 0.77592 -0.630831 0 0.77592 -0.630831 0 0.77592 -0.630831 
0 0.77592 -0.630831 0 0.77592 -0.630831 0 0.77592 -0.630831 
0 0.77592 -0.630831 0 0.77592 -0.630831 0 0.77592 -0.630831 
0 0.77592 -0.630831 0 0.77592 -0.630831 0 0.77592 -0.630831 
0 0.77592 -0.630831 0 0.77592 -0.630831 0 0.77592 -0.630831 
0 0.77592 -0.630831 0 0.77592 -0.630831 0 0.77592 -0.630831 
0 0.77592 -0.630831 0 0.77592 -0.630831 0 0.77592 -0.630831 
0 0.77592 -0.630831 0 0.77592 -0.630831 0 0.77592 -0.630831 
0 0.77592 -0.630831 0 0.77592 -0.630831 0 0.77592 -0.630831 
0 0.77592 -0.630831 0 0.77592 -0.630831 0 0.77592 -0.630831 
0 0.77592 -0.630831 0 0.77592 -0.630831 0 0.77592 -0.630831 
0 -0.822284 -0.569078 0 -0.822284 -0.569078 0 -0.822284 -0.569078 
0 -0.822284 -0.569078 0 -0.822284 -0.569078 0 -0.822284 -0.569078 
0 -0.822284 -0.569078 0 -0.822284 -0.569078 0 -0.822284 -0.569078 
0 -0.822284 -0.569078 0 -0.822284 -0.569078 0 -0.822284 -0.569078 
0 -0.822284 -0.569078 0 -0.822284 -0.569078 0 -0.822284 -0.569078 
0 -0.822284 -0.569078 0 -0.822284 -0.569078 0 -0.822284 -0.569078 
0 -0.822284 -0.569078 0 -0.822284 -0.569078 0 -0.822284 -0.569078 
0 -0.822284 -0.569078 0 -0.822284 -0.569078 0 -0.822284 -0.569078 
0 -0.822284 -0.569078 0 -0.822284 -0.569078 0 -0.822284 -0.569078 
0 -0.822284 -0.569078 0 -0.822284 -0.569078 0 -0.822284 -0.569078 
0 -0.822284 -0.569078 0 -0.822284 -0.569078 0 -0.822284 -0.569078 
0 -0.822284 -0.569078 0 -0.822284 -0.569078 0 -0.822284 -0.569078 
0 -0.822284 -0.569078 0 -0.822284 -0.569078 0 -0.822284 -0.569078 
0 -0.822284 -0.569078 0 -0.822284 -0.569078 0 -0.822284 -0.569078 
0 -0.822284 -0.569078 0 -0.822284 -0.569078 0 -0.822284 -0.569078 
0 -0.822284 -0.569078 0 -0.822284 -0.569078 0 -0.822284 -0.569078 
0 -0.822284 -0.569078 0 -0.822284 -0.569078 0 -0.822284 -0.569078 
0 -0.822284 -0.569078 0 -0.822284 -0.569078 0 -0.822284 -0.569078 
0 -0.822284 -0.569078 0 -0.822284 -0.569078 0 -0.822284 -0.569078 
0 -0.822284 -0.569078 0 -0.822284 -0.569078 0 -0.822284 -0.569078 
0 0.822284 -0.569078 0 0.822284 -0.569078 0 0.822284 -0.569078 
0 0.822284 -0.569078 0 0.822284 -0.569078 0 0.822284 -0.569078 
0 0.822284 -0.569078 0 0.822284 -0.569078 0 0.822284 -0.569078 
0 0.822284 -0.569078 0 0.822284 -0.569078 0 0.822284 -0.569078 
0 0.822284 -0.569078 0 0.822284 -0.569078 0 0.822284 -0.569078 
0 0.822284 -0.569078 0 0.822284 -0.569078 0 0.822284 -0.569078 
0 0.822284 -0.569078 0 0.822284 -0.569078 0 0.822284 -0.569078 
0 0.822284 -0.569078 0 0.822284 -0.569078 0 0.822284 -0.569078 
0 0.822284 -0.569078 0 0.822284 -0.569078 0 0.822284 -0.569078 
0 0.822284 -0.569078 0 0.822284 -0.569078 0 0.822284 -0.569078 
0 0.822284 -0.569078 0 0.822284 -0.569078 0 0.822284 -0.569078 
0 0.822284 -0.569078 0 0.822284 -0.569078 0 0.822284 -0.569078 
0 0.822284 -0.569078 0 0.822284 -0.569078 0 0.822284 -0.569078 
0 0.822284 -0.569078 0 0.822284 -0.569078 0 0.822284 -0.569078 
0 0.822284 -0.569078 0 0.822284 -0.569078 0 0.822284 -0.569078 
0 0.822284 -0.569078 0 0.822284 -0.569078 0 0.822284 -0.569078 
0 0.822284 -0.569078 0 0.822284 -0.569078 0 0.822284 -0.569078 
0 0.822284 -0.569078 0 0.822284 -0.569078 0 0.822284 -0.569078 
0 0.822284 -0.569078 0 0.822284 -0.569078 0 0.822284 -0.569078 
0 0.822284 -0.569078 0 0.822284 -0.569078 0 0.822284 -0.569078 
0 -0.837079 -0.547083 0 -0.837079 -0.547083 0 -0.858022 -0.513614 
0 -0.858022 -0.513614 0 -0.837079 -0.547083 0 -0.858022 -0.513614 
0 -0.837079 -0.547083 0 -0.858022 -0.513614 0 -0.837079 -0.547083 
0 -0.858022 -0.513614 0 -0.837079 -0.547083 0 -0.858022 -0.513614 
0 -0.837079 -0.547083 0 -0.858022 -0.513614 0 -0.837079 -0.547083 
0 -0.858022 -0.513614 0 -0.837079 -0.547083 0 -0.858022 -0.513614 
0 -0.837079 -0.547083 0 -0.858022 -0.513614 0 -0.837079 -0.547083 
0 -0.858022 -0.513614 0 -0.837079 -0.547083 0 -0.858022 -0.513614 
0 -0.837079 -0.547083 0 -0.858022 -0.513614 0 -0.837079 -0.547083 
0 -0.858022 -0.513614 0 -0.837079 -0.547083 0 -0.858022 -0.513614 
0 -0.837079 -0.547083 0 -0.858022 -0.513614 0 -0.837079 -0.547083 
0 -0.858022 -0.513614 0 -0.837079 -0.547083 0 -0.858022 -0.513614 
0 -0.837079 -0.547083 0 -0.858022 -0.513614 0 -0.837079 -0.547083 
0 -0.858022 -0.513614 0 -0.837079 -0.547083 0 -0.858022 -0.513614 
0 -0.837079 -0.547083 0 -0.858022 -0.513614 0 -0.837079 -0.547083 
0 -0.858022 -0.513614 0 -0.837079 -0.547083 0 -0.858022 -0.513614 
0 -0.837079 -0.547083 0 -0.858022 -0.513614 0 -0.837079 -0.547083 
0 -0.858022 -0.513614 0 -0.837079 -0.547083 0 -0.858022 -0.513614 
0 -0.837079 -0.547083 0 -0.858022 -0.513614 0 -0.837079 -0.547083 
0 -0.858022 -0.513614 0 -0.837079 -0.547083 0 -0.858022 -0.513614 
0 -0.837079 -0.547083 0 -0.858022 -0.513614 0 -0.837079 -0.547083 
0 -0.858022 -0.513614 0 -0.837079 -0.547083 0 -0.858022 -0.513614 
0 -0.837079 -0.547083 0 -0.858022 -0.513614 0 -0.837079 -0.547083 
0 -0.858022 -0.513614 0 -0.837079 -0.547083 0 -0.858022 -0.513614 
0 -0.837079 -0.547083 0 -0.858022 -0.513614 0 -0.837079 -0.547083 
0 -0.858022 -0.513614 0 -0.837079 -0.547083 0 -0.858022 -0.513614 
0 -0.837079 -0.547083 0 -0.858022 -0.513614 0 -0.837079 -0.547083 
0 -0.858022 -0.513614 0 -0.837079 -0.547083 0 -0.858022 -0.513614 
0 -0.837079 -0.547083 0 -0.858022 -0.513614 0 -0.837079 -0.547083 
0 -0.858022 -0.513614 0 -0.837079 -0.547083 0 -0.858022 -0.513614 
0 -0.837079 -0.547083 0 -0.858022 -0.513614 0 -0.837079 -0.547083 
0 -0.858022 -0.513614 0 -0.837079 -0.547083 0 -0.858022 -0.513614 
0 -0.837079 -0.547083 0 -0.858022 -0.513614 0 -0.837079 -0.547083 
0 -0.858022 -0.513614 0 -0.837079 -0.547083 0 -0.858022 -0.513614 
0 -0.837079 -0.547083 0 -0.858022 -0.513614 0 -0.837079 -0.547083 
0 -0.858022 -0.513614 0 -0.837079 -0.547083 0 -0.858022 -0.513614 
0 -0.837079 -0.547083 0 -0.858022 -0.513614 0 -0.837079 -0.547083 
0 -0.858022 -0.513614 0 -0.837079 -0.547083 0 -0.858022 -0.513614 
0 -0.837079 -0.547083 0 -0.858022 -0.513614 0 -0.837079 -0.547083 
0 -0.858022 -0.513614 0 -0.837079 -0.547083 0 -0.858022 -0.513614 
0 0.837079 -0.547083 0 0.837079 -0.547083 0 0.837079 -0.547083 
0 0.837079 -0.547083 0 0.837079 -0.547083 0 0.837079 -0.547083 
0 0.837079 -0.547083 0 0.837079 -0.547083 0 0.837079 -0.547083 
0 0.837079 -0.547083 0 0.837079 -0.547083 0 0.837079 -0.547083 
0 0.837079 -0.547083 0 0.837079 -0.547083 0 0.837079 -0.547083 
0 0.837079 -0.547083 0 0.837079 -0.547083 0 0.837079 -0.547083 
0 0.837079 -0.547083 0 0.837079 -0.547083 0 0.837079 -0.547083 
0 0.837079 -0.547083 0 0.837079 -0.547083 0 0.837079 -0.547083 
0 0.837079 -0.547083 0 0.837079 -0.547083 0 0.837079 -0.547083 
0 0.837079 -0.547083 0 0.837079 -0.547083 0 0.837079 -0.547083 
0 0.837079 -0.547083 0 0.837079 -0.547083 0 0.837079 -0.547083 
0 0.837079 -0.547083 0 0.837079 -0.547083 0 0.837079 -0.547083 
0 0.837079 -0.547083 0 0.837079 -0.547083 0 0.837079 -0.547083 
0 0.837079 -0.547083 0 0.837079 -0.547083 0 0.837079 -0.547083 
0 0.837079 -0.547083 0 0.837079 -0.547083 0 0.837079 -0.547083 
0 0.837079 -0.547083 0 0.837079 -0.547083 0 0.837079 -0.547083 
0 0.837079 -0.547083 0 0.837079 -0.547083 0 0.837079 -0.547083 
0 0.837079 -0.547083 0 0.837079 -0.547083 0 0.837079 -0.547083 
0 0.837079 -0.547083 0 0.837079 -0.547083 0 0.837079 -0.547083 
0 0.837079 -0.547083 0 0.837079 -0.547083 0 0.837079 -0.547083 
0 0.858022 -0.513614 0 0.858022 -0.513614 0 0.858022 -0.513614 
0 0.858022 -0.513614 0 0.858022 -0.513614 0 0.858022 -0.513614 
0 0.858022 -0.513614 0 0.858022 -0.513614 0 0.858022 -0.513614 
0 0.858022 -0.513614 0 0.858022 -0.513614 0 0.858022 -0.513614 
0 0.858022 -0.513614 0 0.858022 -0.513614 0 0.858022 -0.513614 
0 0.858022 -0.513614 0 0.858022 -0.513614 0 0.858022 -0.513614 
0 0.858022 -0.513614 0 0.858022 -0.513614 0 0.858022 -0.513614 
0 0.858022 -0.513614 0 0.858022 -0.513614 0 0.858022 -0.513614 
0 0.858022 -0.513614 0 0.858022 -0.513614 0 0.858022 -0.513614 
0 0.858022 -0.513614 0 0.858022 -0.513614 0 0.858022 -0.513614 
0 0.858022 -0.513614 0 0.858022 -0.513614 0 0.858022 -0.513614 
0 0.858022 -0.513614 0 0.858022 -0.513614 0 0.858022 -0.513614 
0 0.858022 -0.513614 0 0.858022 -0.513614 0 0.858022 -0.513614 
0 0.858022 -0.513614 0 0.858022 -0.513614 0 0.858022 -0.513614 
0 0.858022 -0.513614 0 0.858022 -0.513614 0 0.858022 -0.513614 
0 0.858022 -0.513614 0 0.858022 -0.513614 0 0.858022 -0.513614 
0 0.858022 -0.513614 0 0.858022 -0.513614 0 0.858022 -0.513614 
0 0.858022 -0.513614 0 0.858022 -0.513614 0 0.858022 -0.513614 
0 0.858022 -0.513614 0 0.858022 -0.513614 0 0.858022 -0.513614 
0 0.858022 -0.513614 0 0.858022 -0.513614 0 0.858022 -0.513614 
0 -0.892628 -0.450794 0 -0.892628 -0.450794 0 -0.892628 -0.450794 
0 -0.892628 -0.450794 0 -0.892628 -0.450794 0 -0.892628 -0.450794 
0 -0.892628 -0.450794 0 -0.892628 -0.450794 0 -0.892628 -0.450794 
0 -0.892628 -0.450794 0 -0.892628 -0.450794 0 -0.892628 -0.450794 
0 -0.892628 -0.450794 0 -0.892628 -0.450794 0 -0.892628 -0.450794 
0 -0.892628 -0.450794 0 -0.892628 -0.450794 0 -0.892628 -0.450794 
0 -0.892628 -0.450794 0 -0.892628 -0.450794 0 -0.892628 -0.450794 
0 -0.892628 -0.450794 0 -0.892628 -0.450794 0 -0.892628 -0.450794 
0 -0.892628 -0.450794 0 -0.892628 -0.450794 0 -0.892628 -0.450794 
0 -0.892628 -0.450794 0 -0.892628 -0.450794 0 -0.892628 -0.450794 
0 -0.892628 -0.450794 0 -0.892628 -0.450794 0 -0.892628 -0.450794 
0 -0.892628 -0.450794 0 -0.892628 -0.450794 0 -0.892628 -0.450794 
0 -0.892628 -0.450794 0 -0.892628 -0.450794 0 -0.892628 -0.450794 
0 -0.892628 -0.450794 0 -0.892628 -0.450794 0 -0.892628 -0.450794 
0 -0.892628 -0.450794 0 -0.892628 -0.450794 0 -0.892628 -0.450794 
0 -0.892628 -0.450794 0 -0.892628 -0.450794 0 -0.892628 -0.450794 
0 -0.892628 -0.450794 0 -0.892628 -0.450794 0 -0.892628 -0.450794 
0 -0.892628 -0.450794 0 -0.892628 -0.450794 0 -0.892628 -0.450794 
0 -0.892628 -0.450794 0 -0.892628 -0.450794 0 -0.892628 -0.450794 
0 -0.892628 -0.450794 0 -0.892628 -0.450794 0 -0.892628 -0.450794 
0 0.892628 -0.450794 0 0.892628 -0.450794 0 0.892628 -0.450794 
0 0.892628 -0.450794 0 0.892628 -0.450794 0 0.892628 -0.450794 
0 0.892628 -0.450794 0 0.892628 -0.450794 0 0.892628 -0.450794 
0 0.892628 -0.450794 0 0.892628 -0.450794 0 0.892628 -0.450794 
0 0.892628 -0.450794 0 0.892628 -0.450794 0 0.892628 -0.450794 
0 0.892628 -0.450794 0 0.892628 -0.450794 0 0.892628 -0.450794 
0 0.892628 -0.450794 0 0.892628 -0.450794 0 0.892628 -0.450794 
0 0.892628 -0.450794 0 0.892628 -0.450794 0 0.892628 -0.450794 
0 0.892628 -0.450794 0 0.892628 -0.450794 0 0.892628 -0.450794 
0 0.892628 -0.450794 0 0.892628 -0.450794 0 0.892628 -0.450794 
0 0.892628 -0.450794 0 0.892628 -0.450794 0 0.892628 -0.450794 
0 0.892628 -0.450794 0 0.892628 -0.450794 0 0.892628 -0.450794 
0 0.892628 -0.450794 0 0.892628 -0.450794 0 0.892628 -0.450794 
0 0.892628 -0.450794 0 0.892628 -0.450794 0 0.892628 -0.450794 
0 0.892628 -0.450794 0 0.892628 -0.450794 0 0.892628 -0.450794 
0 0.892628 -0.450794 0 0.892628 -0.450794 0 0.892628 -0.450794 
0 0.892628 -0.450794 0 0.892628 -0.450794 0 0.892628 -0.450794 
0 0.892628 -0.450794 0 0.892628 -0.450794 0 0.892628 -0.450794 
0 0.892628 -0.450794 0 0.892628 -0.450794 0 0.892628 -0.450794 
0 0.892628 -0.450794 0 0.892628 -0.450794 0 0.892628 -0.450794 
0 -0.905508 -0.424328 0 -0.905508 -0.424328 0 -0.918705 -0.394943 
0 -0.918705 -0.394943 0 -0.905508 -0.424328 0 -0.918705 -0.394943 
0 -0.905508 -0.424328 0 -0.918705 -0.394943 0 -0.905508 -0.424328 
0 -0.918705 -0.394943 0 -0.905508 -0.424328 0 -0.918705 -0.394943 
0 -0.905508 -0.424328 0 -0.918705 -0.394943 0 -0.905508 -0.424328 
0 -0.918705 -0.394943 0 -0.905508 -0.424328 0 -0.918705 -0.394943 
0 -0.905508 -0.424328 0 -0.918705 -0.394943 0 -0.905508 -0.424328 
0 -0.918705 -0.394943 0 -0.905508 -0.424328 0 -0.918705 -0.394943 
0 -0.905508 -0.424328 0 -0.918705 -0.394943 0 -0.905508 -0.424328 
0 -0.918705 -0.394943 0 -0.905508 -0.424328 0 -0.918705 -0.394943 
0 -0.905508 -0.424328 0 -0.918705 -0.394943 0 -0.905508 -0.424328 
0 -0.918705 -0.394943 0 -0.905508 -0.424328 0 -0.918705 -0.394943 
0 -0.905508 -0.424328 0 -0.918705 -0.394943 0 -0.905508 -0.424328 
0 -0.918705 -0.394943 0 -0.905508 -0.424328 0 -0.918705 -0.394943 
0 -0.905508 -0.424328 0 -0.918705 -0.394943 0 -0.905508 -0.424328 
0 -0.918705 -0.394943 0 -0.905508 -0.424328 0 -0.918705 -0.394943 
0 -0.905508 -0.424328 0 -0.918705 -0.394943 0 -0.905508 -0.424328 
0 -0.918705 -0.394943 0 -0.905508 -0.424328 0 -0.918705 -0.394943 
0 -0.905508 -0.424328 0 -0.918705 -0.394943 0 -0.905508 -0.424328 
0 -0.918705 -0.394943 0 -0.905508 -0.424328 0 -0.918705 -0.394943 
0 -0.905508 -0.424328 0 -0.918705 -0.394943 0 -0.905508 -0.424328 
0 -0.918705 -0.394943 0 -0.905508 -0.424328 0 -0.918705 -0.394943 
0 -0.905508 -0.424328 0 -0.918705 -0.394943 0 -0.905508 -0.424328 
0 -0.918705 -0.394943 0 -0.905508 -0.424328 0 -0.918705 -0.394943 
0 -0.905508 -0.424328 0 -0.918705 -0.394943 0 -0.905508 -0.424328 
0 -0.918705 -0.394943 0 -0.905508 -0.424328 0 -0.918705 -0.394943 
0 -0.905508 -0.424328 0 -0.918705 -0.394943 0 -0.905508 -0.424328 
0 -0.918705 -0.394943 0 -0.905508 -0.424328 0 -0.918705 -0.394943 
0 -0.905508 -0.424328 0 -0.918705 -0.394943 0 -0.905508 -0.424328 
0 -0.918705 -0.394943 0 -0.905508 -0.424328 0 -0.918705 -0.394943 
0 -0.905508 -0.424328 0 -0.918705 -0.394943 0 -0.905508 -0.424328 
0 -0.918705 -0.394943 0 -0.905508 -0.424328 0 -0.918705 -0.394943 
0 -0.905508 -0.424328 0 -0.918705 -0.394943 0 -0.905508 -0.424328 
0 -0.918705 -0.394943 0 -0.905508 -0.424328 0 -0.918705 -0.394943 
0 -0.905508 -0.424328 0 -0.918705 -0.394943 0 -0.905508 -0.424328 
0 -0.918705 -0.394943 0 -0.905508 -0.424328 0 -0.918705 -0.394943 
0 -0.905508 -0.424328 0 -0.918705 -0.394943 0 -0.905508 -0.424328 
0 -0.918705 -0.394943 0 -0.905508 -0.424328 0 -0.918705 -0.394943 
0 -0.905508 -0.424328 0 -0.918705 -0.394943 0 -0.905508 -0.424328 
0 -0.918705 -0.394943 0 -0.905508 -0.424328 0 -0.918705 -0.394943 
0 0.905508 -0.424328 0 0.905508 -0.424328 0 0.905508 -0.424328 
0 0.905508 -0.424328 0 0.905508 -0.424328 0 0.905508 -0.424328 
0 0.905508 -0.424328 0 0.905508 -0.424328 0 0.905508 -0.424328 
0 0.905508 -0.424328 0 0.905508 -0.424328 0 0.905508 -0.424328 
0 0.905508 -0.424328 0 0.905508 -0.424328 0 0.905508 -0.424328 
0 0.905508 -0.424328 0 0.905508 -0.424328 0 0.905508 -0.424328 
0 0.905508 -0.424328 0 0.905508 -0.424328 0 0.905508 -0.424328 
0 0.905508 -0.424328 0 0.905508 -0.424328 0 0.905508 -0.424328 
0 0.905508 -0.424328 0 0.905508 -0.424328 0 0.905508 -0.424328 
0 0.905508 -0.424328 0 0.905508 -0.424328 0 0.905508 -0.424328 
0 0.905508 -0.424328 0 0.905508 -0.424328 0 0.905508 -0.424328 
0 0.905508 -0.424328 0 0.905508 -0.424328 0 0.905508 -0.424328 
0 0.905508 -0.424328 0 0.905508 -0.424328 0 0.905508 -0.424328 
0 0.905508 -0.424328 0 0.905508 -0.424328 0 0.905508 -0.424328 
0 0.905508 -0.424328 0 0.905508 -0.424328 0 0.905508 -0.424328 
0 0.905508 -0.424328 0 0.905508 -0.424328 0 0.905508 -0.424328 
0 0.905508 -0.424328 0 0.905508 -0.424328 0 0.905508 -0.424328 
0 0.905508 -0.424328 0 0.905508 -0.424328 0 0.905508 -0.424328 
0 0.905508 -0.424328 0 0.905508 -0.424328 0 0.905508 -0.424328 
0 0.905508 -0.424328 0 0.905508 -0.424328 0 0.905508 -0.424328 
0 0.918705 -0.394943 0 0.918705 -0.394943 0 0.918705 -0.394943 
0 0.918705 -0.394943 0 0.918705 -0.394943 0 0.918705 -0.394943 
0 0.918705 -0.394943 0 0.918705 -0.394943 0 0.918705 -0.394943 
0 0.918705 -0.394943 0 0.918705 -0.394943 0 0.918705 -0.394943 
0 0.918705 -0.394943 0 0.918705 -0.394943 0 0.918705 -0.394943 
0 0.918705 -0.394943 0 0.918705 -0.394943 0 0.918705 -0.394943 
0 0.918705 -0.394943 0 0.918705 -0.394943 0 0.918705 -0.394943 
0 0.918705 -0.394943 0 0.918705 -0.394943 0 0.918705 -0.394943 
0 0.918705 -0.394943 0 0.918705 -0.394943 0 0.918705 -0.394943 
0 0.918705 -0.394943 0 0.918705 -0.394943 0 0.918705 -0.394943 
0 0.918705 -0.394943 0 0.918705 -0.394943 0 0.918705 -0.394943 
0 0.918705 -0.394943 0 0.918705 -0.394943 0 0.918705 -0.394943 
0 0.918705 -0.394943 0 0.918705 -0.394943 0 0.918705 -0.394943 
0 0.918705 -0.394943 0 0.918705 -0.394943 0 0.918705 -0.394943 
0 0.918705 -0.394943 0 0.918705 -0.394943 0 0.918705 -0.394943 
0 0.918705 -0.394943 0 0.918705 -0.394943 0 0.918705 -0.394943 
0 0.918705 -0.394943 0 0.918705 -0.394943 0 0.918705 -0.394943 
0 0.918705 -0.394943 0 0.918705 -0.394943 0 0.918705 -0.394943 
0 0.918705 -0.394943 0 0.918705 -0.394943 0 0.918705 -0.394943 
0 0.918705 -0.394943 0 0.918705 -0.394943 0 0.918705 -0.394943 
0 -0.951686 -0.307072 0 -0.951686 -0.307072 0 -0.951686 -0.307072 
0 -0.951686 -0.307072 0 -0.951686 -0.307072 0 -0.951686 -0.307072 
0 -0.951686 -0.307072 0 -0.951686 -0.307072 0 -0.951686 -0.307072 
0 -0.951686 -0.307072 0 -0.951686 -0.307072 0 -0.951686 -0.307072 
0 -0.951686 -0.307072 0 -0.951686 -0.307072 0 -0.951686 -0.307072 
0 -0.951686 -0.307072 0 -0.951686 -0.307072 0 -0.951686 -0.307072 
0 -0.951686 -0.307072 0 -0.951686 -0.307072 0 -0.951686 -0.307072 
0 -0.951686 -0.307072 0 -0.951686 -0.307072 0 -0.951686 -0.307072 
0 -0.951686 -0.307072 0 -0.951686 -0.307072 0 -0.951686 -0.307072 
0 -0.951686 -0.307072 0 -0.951686 -0.307072 0 -0.951686 -0.307072 
0 -0.951686 -0.307072 0 -0.951686 -0.307072 0 -0.951686 -0.307072 
0 -0.951686 -0.307072 0 -0.951686 -0.307072 0 -0.951686 -0.307072 
0 -0.951686 -0.307072 0 -0.951686 -0.307072 0 -0.951686 -0.307072 
0 -0.951686 -0.307072 0 -0.951686 -0.307072 0 -0.951686 -0.307072 
0 -0.951686 -0.307072 0 -0.951686 -0.307072 0 -0.951686 -0.307072 
0 -0.951686 -0.307072 0 -0.951686 -0.307072 0 -0.951686 -0.307072 
0 -0.951686 -0.307072 0 -0.951686 -0.307072 0 -0.951686 -0.307072 
0 -0.951686 -0.307072 0 -0.951686 -0.307072 0 -0.951686 -0.307072 
0 -0.951686 -0.307072 0 -0.951686 -0.307072 0 -0.951686 -0.307072 
0 -0.951686 -0.307072 0 -0.951686 -0.307072 0 -0.951686 -0.307072 
0 0.951686 -0.307072 0 0.951686 -0.307072 0 0.951686 -0.307072 
0 0.951686 -0.307072 0 0.951686 -0.307072 0 0.951686 -0.307072 
0 0.951686 -0.307072 0 0.951686 -0.307072 0 0.951686 -0.307072 
0 0.951686 -0.307072 0 0.951686 -0.307072 0 0.951686 -0.307072 
0 0.951686 -0.307072 0 0.951686 -0.307072 0 0.951686 -0.307072 
0 0.951686 -0.307072 0 0.951686 -0.307072 0 0.951686 -0.307072 
0 0.951686 -0.307072 0 0.951686 -0.307072 0 0.951686 -0.307072 
0 0.951686 -0.307072 0 0.951686 -0.307072 0 0.951686 -0.307072 
0 0.951686 -0.307072 0 0.951686 -0.307072 0 0.951686 -0.307072 
0 0.951686 -0.307072 0 0.951686 -0.307072 0 0.951686 -0.307072 
0 0.951686 -0.307072 0 0.951686 -0.307072 0 0.951686 -0.307072 
0 0.951686 -0.307072 0 0.951686 -0.307072 0 0.951686 -0.307072 
0 0.951686 -0.307072 0 0.951686 -0.307072 0 0.951686 -0.307072 
0 0.951686 -0.307072 0 0.951686 -0.307072 0 0.951686 -0.307072 
0 0.951686 -0.307072 0 0.951686 -0.307072 0 0.951686 -0.307072 
0 0.951686 -0.307072 0 0.951686 -0.307072 0 0.951686 -0.307072 
0 0.951686 -0.307072 0 0.951686 -0.307072 0 0.951686 -0.307072 
0 0.951686 -0.307072 0 0.951686 -0.307072 0 0.951686 -0.307072 
0 0.951686 -0.307072 0 0.951686 -0.307072 0 0.951686 -0.307072 
0 0.951686 -0.307072 0 0.951686 -0.307072 0 0.951686 -0.307072 
0 -0.971638 -0.236474 0 -0.971638 -0.236474 0 -0.971638 -0.236474 
0 -0.971638 -0.236474 0 -0.971638 -0.236474 0 -0.971638 -0.236474 
0 -0.971638 -0.236474 0 -0.971638 -0.236474 0 -0.971638 -0.236474 
0 -0.971638 -0.236474 0 -0.971638 -0.236474 0 -0.971638 -0.236474 
0 -0.971638 -0.236474 0 -0.971638 -0.236474 0 -0.971638 -0.236474 
0 -0.971638 -0.236474 0 -0.971638 -0.236474 0 -0.971638 -0.236474 
0 -0.971638 -0.236474 0 -0.971638 -0.236474 0 -0.971638 -0.236474 
0 -0.971638 -0.236474 0 -0.971638 -0.236474 0 -0.971638 -0.236474 
0 -0.971638 -0.236474 0 -0.971638 -0.236474 0 -0.971638 -0.236474 
0 -0.971638 -0.236474 0 -0.971638 -0.236474 0 -0.971638 -0.236474 
0 -0.971638 -0.236474 0 -0.971638 -0.236474 0 -0.971638 -0.236474 
0 -0.971638 -0.236474 0 -0.971638 -0.236474 0 -0.971638 -0.236474 
0 -0.971638 -0.236474 0 -0.971638 -0.236474 0 -0.971638 -0.236474 
0 -0.971638 -0.236474 0 -0.971638 -0.236474 0 -0.971638 -0.236474 
0 -0.971638 -0.236474 0 -0.971638 -0.236474 0 -0.971638 -0.236474 
0 -0.971638 -0.236474 0 -0.971638 -0.236474 0 -0.971638 -0.236474 
0 -0.971638 -0.236474 0 -0.971638 -0.236474 0 -0.971638 -0.236474 
0 -0.971638 -0.236474 0 -0.971638 -0.236474 0 -0.971638 -0.236474 
0 -0.971638 -0.236474 0 -0.971638 -0.236474 0 -0.971638 -0.236474 
0 -0.971638 -0.236474 0 -0.971638 -0.236474 0 -0.971638 -0.236474 
0 0.971638 -0.236474 0 0.971638 -0.236474 0 0.971638 -0.236474 
0 0.971638 -0.236474 0 0.971638 -0.236474 0 0.971638 -0.236474 
0 0.971638 -0.236474 0 0.971638 -0.236474 0 0.971638 -0.236474 
0 0.971638 -0.236474 0 0.971638 -0.236474 0 0.971638 -0.236474 
0 0.971638 -0.236474 0 0.971638 -0.236474 0 0.971638 -0.236474 
0 0.971638 -0.236474 0 0.971638 -0.236474 0 0.971638 -0.236474 
0 0.971638 -0.236474 0 0.971638 -0.236474 0 0.971638 -0.236474 
0 0.971638 -0.236474 0 0.971638 -0.236474 0 0.971638 -0.236474 
0 0.971638 -0.236474 0 0.971638 -0.236474 0 0.971638 -0.236474 
0 0.971638 -0.236474 0 0.971638 -0.236474 0 0.971638 -0.236474 
0 0.971638 -0.236474 0 0.971638 -0.236474 0 0.971638 -0.236474 
0 0.971638 -0.236474 0 0.971638 -0.236474 0 0.971638 -0.236474 
0 0.971638 -0.236474 0 0.971638 -0.236474 0 0.971638 -0.236474 
0 0.971638 -0.236474 0 0.971638 -0.236474 0 0.971638 -0.236474 
0 0.971638 -0.236474 0 0.971638 -0.236474 0 0.971638 -0.236474 
0 0.971638 -0.236474 0 0.971638 -0.236474 0 0.971638 -0.236474 
0 0.971638 -0.236474 0 0.971638 -0.236474 0 0.971638 -0.236474 
0 0.971638 -0.236474 0 0.971638 -0.236474 0 0.971638 -0.236474 
0 0.971638 -0.236474 0 0.971638 -0.236474 0 0.971638 -0.236474 
0 0.971638 -0.236474 0 0.971638 -0.236474 0 0.971638 -0.236474 
0 -0.985926 -0.167183 0 -0.985926 -0.167183 0 -0.985926 -0.167183 
0 -0.985926 -0.167183 0 -0.985926 -0.167183 0 -0.985926 -0.167183 
0 -0.985926 -0.167183 0 -0.985926 -0.167183 0 -0.985926 -0.167183 
0 -0.985926 -0.167183 0 -0.985926 -0.167183 0 -0.985926 -0.167183 
0 -0.985926 -0.167183 0 -0.985926 -0.167183 0 -0.985926 -0.167183 
0 -0.985926 -0.167183 0 -0.985926 -0.167183 0 -0.985926 -0.167183 
0 -0.985926 -0.167183 0 -0.985926 -0.167183 0 -0.985926 -0.167183 
0 -0.985926 -0.167183 0 -0.985926 -0.167183 0 -0.985926 -0.167183 
0 -0.985926 -0.167183 0 -0.985926 -0.167183 0 -0.985926 -0.167183 
0 -0.985926 -0.167183 0 -0.985926 -0.167183 0 -0.985926 -0.167183 
0 -0.985926 -0.167183 0 -0.985926 -0.167183 0 -0.985926 -0.167183 
0 -0.985926 -0.167183 0 -0.985926 -0.167183 0 -0.985926 -0.167183 
0 -0.985926 -0.167183 0 -0.985926 -0.167183 0 -0.985926 -0.167183 
0 -0.985926 -0.167183 0 -0.985926 -0.167183 0 -0.985926 -0.167183 
0 -0.985926 -0.167183 0 -0.985926 -0.167183 0 -0.985926 -0.167183 
0 -0.985926 -0.167183 0 -0.985926 -0.167183 0 -0.985926 -0.167183 
0 -0.985926 -0.167183 0 -0.985926 -0.167183 0 -0.985926 -0.167183 
0 -0.985926 -0.167183 0 -0.985926 -0.167183 0 -0.985926 -0.167183 
0 -0.985926 -0.167183 0 -0.985926 -0.167183 0 -0.985926 -0.167183 
0 -0.985926 -0.167183 0 -0.985926 -0.167183 0 -0.985926 -0.167183 
0 0.985926 -0.167183 0 0.985926 -0.167183 0 0.985926 -0.167183 
0 0.985926 -0.167183 0 0.985926 -0.167183 0 0.985926 -0.167183 
0 0.985926 -0.167183 0 0.985926 -0.167183 0 0.985926 -0.167183 
0 0.985926 -0.167183 0 0.985926 -0.167183 0 0.985926 -0.167183 
0 0.985926 -0.167183 0 0.985926 -0.167183 0 0.985926 -0.167183 
0 0.985926 -0.167183 0 0.985926 -0.167183 0 0.985926 -0.167183 
0 0.985926 -0.167183 0 0.985926 -0.167183 0 0.985926 -0.167183 
0 0.985926 -0.167183 0 0.985926 -0.167183 0 0.985926 -0.167183 
0 0.985926 -0.167183 0 0.985926 -0.167183 0 0.985926 -0.167183 
0 0.985926 -0.167183 0 0.985926 -0.167183 0 0.985926 -0.167183 
0 0.985926 -0.167183 0 0.985926 -0.167183 0 0.985926 -0.167183 
0 0.985926 -0.167183 0 0.985926 -0.167183 0 0.985926 -0.167183 
0 0.985926 -0.167183 0 0.985926 -0.167183 0 0.985926 -0.167183 
0 0.985926 -0.167183 0 0.985926 -0.167183 0 0.985926 -0.167183 
0 0.985926 -0.167183 0 0.985926 -0.167183 0 0.985926 -0.167183 
0 0.985926 -0.167183 0 0.985926 -0.167183 0 0.985926 -0.167183 
0 0.985926 -0.167183 0 0.985926 -0.167183 0 0.985926 -0.167183 
0 0.985926 -0.167183 0 0.985926 -0.167183 0 0.985926 -0.167183 
0 0.985926 -0.167183 0 0.985926 -0.167183 0 0.985926 -0.167183 
0 0.985926 -0.167183 0 0.985926 -0.167183 0 0.985926 -0.167183 
0 -0.996161 -0.0875439 0 -0.996161 -0.0875439 0 -0.996161 -0.0875439 
0 -0.996161 -0.0875439 0 -0.996161 -0.0875439 0 -0.996161 -0.0875439 
0 -0.996161 -0.0875439 0 -0.996161 -0.0875439 0 -0.996161 -0.0875439 
0 -0.996161 -0.0875439 0 -0.996161 -0.0875439 0 -0.996161 -0.0875439 
0 -0.996161 -0.0875439 0 -0.996161 -0.0875439 0 -0.996161 -0.0875439 
0 -0.996161 -0.0875439 0 -0.996161 -0.0875439 0 -0.996161 -0.0875439 
0 -0.996161 -0.0875439 0 -0.996161 -0.0875439 0 -0.996161 -0.0875439 
0 -0.996161 -0.0875439 0 -0.996161 -0.0875439 0 -0.996161 -0.0875439 
0 -0.996161 -0.0875439 0 -0.996161 -0.0875439 0 -0.996161 -0.0875439 
0 -0.996161 -0.0875439 0 -0.996161 -0.0875439 0 -0.996161 -0.0875439 
0 -0.996161 -0.0875439 0 -0.996161 -0.0875439 0 -0.996161 -0.0875439 
0 -0.996161 -0.0875439 0 -0.996161 -0.0875439 0 -0.996161 -0.0875439 
0 -0.996161 -0.0875439 0 -0.996161 -0.0875439 0 -0.996161 -0.0875439 
0 -0.996161 -0.0875439 0 -0.996161 -0.0875439 0 -0.996161 -0.0875439 
0 -0.996161 -0.0875439 0 -0.996161 -0.0875439 0 -0.996161 -0.0875439 
0 -0.996161 -0.0875439 0 -0.996161 -0.0875439 0 -0.996161 -0.0875439 
0 -0.996161 -0.0875439 0 -0.996161 -0.0875439 0 -0.996161 -0.0875439 
0 -0.996161 -0.0875439 0 -0.996161 -0.0875439 0 -0.996161 -0.0875439 
0 -0.996161 -0.0875439 0 -0.996161 -0.0875439 0 -0.996161 -0.0875439 
0 -0.996161 -0.0875439 0 -0.996161 -0.0875439 0 -0.996161 -0.0875439 
0 0.996161 -0.0875439 0 0.996161 -0.0875439 0 0.996161 -0.0875439 
0 0.996161 -0.0875439 0 0.996161 -0.0875439 0 0.996161 -0.0875439 
0 0.996161 -0.0875439 0 0.996161 -0.0875439 0 0.996161 -0.0875439 
0 0.996161 -0.0875439 0 0.996161 -0.0875439 0 0.996161 -0.0875439 
0 0.996161 -0.0875439 0 0.996161 -0.0875439 0 0.996161 -0.0875439 
0 0.996161 -0.0875439 0 0.996161 -0.0875439 0 0.996161 -0.0875439 
0 0.996161 -0.0875439 0 0.996161 -0.0875439 0 0.996161 -0.0875439 
0 0.996161 -0.0875439 0 0.996161 -0.0875439 0 0.996161 -0.0875439 
0 0.996161 -0.0875439 0 0.996161 -0.0875439 0 0.996161 -0.0875439 
0 0.996161 -0.0875439 0 0.996161 -0.0875439 0 0.996161 -0.0875439 
0 0.996161 -0.0875439 0 0.996161 -0.0875439 0 0.996161 -0.0875439 
0 0.996161 -0.0875439 0 0.996161 -0.0875439 0 0.996161 -0.0875439 
0 0.996161 -0.0875439 0 0.996161 -0.0875439 0 0.996161 -0.0875439 
0 0.996161 -0.0875439 0 0.996161 -0.0875439 0 0.996161 -0.0875439 
0 0.996161 -0.0875439 0 0.996161 -0.0875439 0 0.996161 -0.0875439 
0 0.996161 -0.0875439 0 0.996161 -0.0875439 0 0.996161 -0.0875439 
0 0.996161 -0.0875439 0 0.996161 -0.0875439 0 0.996161 -0.0875439 
0 0.996161 -0.0875439 0 0.996161 -0.0875439 0 0.996161 -0.0875439 
0 0.996161 -0.0875439 0 0.996161 -0.0875439 0 0.996161 -0.0875439 
0 0.996161 -0.0875439 0 0.996161 -0.0875439 0 0.996161 -0.0875439 
0 -1 0 0 -1 0 0 -1 0 
0 -1 0 0 -1 0 0 -1 0 
0 -1 0 0 -1 0 0 -1 0 
0 -1 0 0 -1 0 0 -1 0 
0 -1 0 0 -1 0 0 -1 0 
0 -1 0 0 -1 0 0 -1 0 
0 -1 0 0 -1 0 0 -1 0 
0 -1 0 0 -1 0 0 -1 0 
0 -1 0 0 -1 0 0 -1 0 
0 -1 0 0 -1 0 0 -1 0 
0 -1 0 0 -1 0 0 -1 0 
0 -1 0 0 -1 0 0 -1 0 
0 -1 0 0 -1 0 0 -1 0 
0 -1 0 0 -1 0 0 -1 0 
0 -1 0 0 -1 0 0 -1 0 
0 -1 0 0 -1 0 0 -1 0 
0 -1 0 0 -1 0 0 -1 0 
0 -1 0 0 -1 0 0 -1 0 
0 -1 0 0 -1 0 0 -1 0 
0 -1 0 0 -1 0 0 -1 0 
0 1 0 0 1 0 0 1 0 
0 1 0 0 1 0 0 1 0 
0 1 0 0 1 0 0 1 0 
0 1 0 0 1 0 0 1 0 
0 1 0 0 1 0 0 1 0 
0 1 0 0 1 0 0 1 0 
0 1 0 0 1 0 0 1 0 
0 1 0 0 1 0 0 1 0 
0 1 0 0 1 0 0 1 0 
0 1 0 0 1 0 0 1 0 
0 1 0 0 1 0 0 1 0 
0 1 0 0 1 0 0 1 0 
0 1 0 0 1 0 0 1 0 
0 1 0 0 1 0 0 1 0 
0 1 0 0 1 0 0 1 0 
0 1 0 0 1 0 0 1 0 
0 1 0 0 1 0 0 1 0 
0 1 0 0 1 0 0 1 0 
0 1 0 0 1 0 0 1 0 
0 1 0 0 1 0 0 1 0 
0 -0.996161 0.0875439 0 -0.996161 0.0875439 0 -0.996161 0.0875439 
0 -0.996161 0.0875439 0 -0.996161 0.0875439 0 -0.996161 0.0875439 
0 -0.996161 0.0875439 0 -0.996161 0.0875439 0 -0.996161 0.0875439 
0 -0.996161 0.0875439 0 -0.996161 0.0875439 0 -0.996161 0.0875439 
0 -0.996161 0.0875439 0 -0.996161 0.0875439 0 -0.996161 0.0875439 
0 -0.996161 0.0875439 0 -0.996161 0.0875439 0 -0.996161 0.0875439 
0 -0.996161 0.0875439 0 -0.996161 0.0875439 0 -0.996161 0.0875439 
0 -0.996161 0.0875439 0 -0.996161 0.0875439 0 -0.996161 0.0875439 
0 -0.996161 0.0875439 0 -0.996161 0.0875439 0 -0.996161 0.0875439 
0 -0.996161 0.0875439 0 -0.996161 0.0875439 0 -0.996161 0.0875439 
0 -0.996161 0.0875439 0 -0.996161 0.0875439 0 -0.996161 0.0875439 
0 -0.996161 0.0875439 0 -0.996161 0.0875439 0 -0.996161 0.0875439 
0 -0.996161 0.0875439 0 -0.996161 0.0875439 0 -0.996161 0.0875439 
0 -0.996161 0.0875439 0 -0.996161 0.0875439 0 -0.996161 0.0875439 
0 -0.996161 0.0875439 0 -0.996161 0.0875439 0 -0.996161 0.0875439 
0 -0.996161 0.0875439 0 -0.996161 0.0875439 0 -0.996161 0.0875439 
0 -0.996161 0.0875439 0 -0.996161 0.0875439 0 -0.996161 0.0875439 
0 -0.996161 0.0875439 0 -0.996161 0.0875439 0 -0.996161 0.0875439 
0 -0.996161 0.0875439 0 -0.996161 0.0875439 0 -0.996161 0.0875439 
0 -0.996161 0.0875439 0 -0.996161 0.0875439 0 -0.996161 0.0875439 
0 0.996161 0.0875439 0 0.996161 0.0875439 0 0.996161 0.0875439 
0 0.996161 0.0875439 0 0.996161 0.0875439 0 0.996161 0.0875439 
0 0.996161 0.0875439 0 0.996161 0.0875439 0 0.996161 0.0875439 
0 0.996161 0.0875439 0 0.996161 0.0875439 0 0.996161 0.0875439 
0 0.996161 0.0875439 0 0.996161 0.0875439 0 0.996161 0.0875439 
0 0.996161 0.0875439 0 0.996161 0.0875439 0 0.996161 0.0875439 
0 0.996161 0.0875439 0 0.996161 0.0875439 0 0.996161 0.0875439 
0 0.996161 0.0875439 0 0.996161 0.0875439 0 0.996161 0.0875439 
0 0.996161 0.0875439 0 0.996161 0.0875439 0 0.996161 0.0875439 
0 0.996161 0.0875439 0 0.996161 0.0875439 0 0.996161 0.0875439 
0 0.996161 0.0875439 0 0.996161 0.0875439 0 0.996161 0.0875439 
0 0.996161 0.0875439 0 0.996161 0.0875439 0 0.996161 0.0875439 
0 0.996161 0.0875439 0 0.996161 0.0875439 0 0.996161 0.0875439 
0 0.996161 0.0875439 0 0.996161 0.0875439 0 0.996161 0.0875439 
0 0.996161 0.0875439 0 0.996161 0.0875439 0 0.996161 0.0875439 
0 0.996161 0.0875439 0 0.996161 0.0875439 0 0.996161 0.0875439 
0 0.996161 0.0875439 0 0.996161 0.0875439 0 0.996161 0.0875439 
0 0.996161 0.0875439 0 0.996161 0.0875439 0 0.996161 0.0875439 
0 0.996161 0.0875439 0 0.996161 0.0875439 0 0.996161 0.0875439 
0 0.996161 0.0875439 0 0.996161 0.0875439 0 0.996161 0.0875439 
0 -0.985926 0.167183 0 -0.985926 0.167183 0 -0.985926 0.167183 
0 -0.985926 0.167183 0 -0.985926 0.167183 0 -0.985926 0.167183 
0 -0.985926 0.167183 0 -0.985926 0.167183 0 -0.985926 0.167183 
0 -0.985926 0.167183 0 -0.985926 0.167183 0 -0.985926 0.167183 
0 -0.985926 0.167183 0 -0.985926 0.167183 0 -0.985926 0.167183 
0 -0.985926 0.167183 0 -0.985926 0.167183 0 -0.985926 0.167183 
0 -0.985926 0.167183 0 -0.985926 0.167183 0 -0.985926 0.167183 
0 -0.985926 0.167183 0 -0.985926 0.167183 0 -0.985926 0.167183 
0 -0.985926 0.167183 0 -0.985926 0.167183 0 -0.985926 0.167183 
0 -0.985926 0.167183 0 -0.985926 0.167183 0 -0.985926 0.167183 
0 -0.985926 0.167183 0 -0.985926 0.167183 0 -0.985926 0.167183 
0 -0.985926 0.167183 0 -0.985926 0.167183 0 -0.985926 0.167183 
0 -0.985926 0.167183 0 -0.985926 0.167183 0 -0.985926 0.167183 
0 -0.985926 0.167183 0 -0.985926 0.167183 0 -0.985926 0.167183 
0 -0.985926 0.167183 0 -0.985926 0.167183 0 -0.985926 0.167183 
0 -0.985926 0.167183 0 -0.985926 0.167183 0 -0.985926 0.167183 
0 -0.985926 0.167183 0 -0.985926 0.167183 0 -0.985926 0.167183 
0 -0.985926 0.167183 0 -0.985926 0.167183 0 -0.985926 0.167183 
0 -0.985926 0.167183 0 -0.985926 0.167183 0 -0.985926 0.167183 
0 -0.985926 0.167183 0 -0.985926 0.167183 0 -0.985926 0.167183 
0 0.985926 0.167183 0 0.985926 0.167183 0 0.985926 0.167183 
0 0.985926 0.167183 0 0.985926 0.167183 0 0.985926 0.167183 
0 0.985926 0.167183 0 0.985926 0.167183 0 0.985926 0.167183 
0 0.985926 0.167183 0 0.985926 0.167183 0 0.985926 0.167183 
0 0.985926 0.167183 0 0.985926 0.167183 0 0.985926 0.167183 
0 0.985926 0.167183 0 0.985926 0.167183 0 0.985926 0.167183 
0 0.985926 0.167183 0 0.985926 0.167183 0 0.985926 0.167183 
0 0.985926 0.167183 0 0.985926 0.167183 0 0.985926 0.167183 
0 0.985926 0.167183 0 0.985926 0.167183 0 0.985926 0.167183 
0 0.985926 0.167183 0 0.985926 0.167183 0 0.985926 0.167183 
0 0.985926 0.167183 0 0.985926 0.167183 0 0.985926 0.167183 
0 0.985926 0.167183 0 0.985926 0.167183 0 0.985926 0.167183 
0 0.985926 0.167183 0 0.985926 0.167183 0 0.985926 0.167183 
0 0.985926 0.167183 0 0.985926 0.167183 0 0.985926 0.167183 
0 0.985926 0.167183 0 0.985926 0.167183 0 0.985926 0.167183 
0 0.985926 0.167183 0 0.985926 0.167183 0 0.985926 0.167183 
0 0.985926 0.167183 0 0.985926 0.167183 0 0.985926 0.167183 
0 0.985926 0.167183 0 0.985926 0.167183 0 0.985926 0.167183 
0 0.985926 0.167183 0 0.985926 0.167183 0 0.985926 0.167183 
0 0.985926 0.167183 0 0.985926 0.167183 0 0.985926 0.167183 
0 -0.971638 0.236474 0 -0.971638 0.236474 0 -0.971638 0.236474 
0 -0.971638 0.236474 0 -0.971638 0.236474 0 -0.971638 0.236474 
0 -0.971638 0.236474 0 -0.971638 0.236474 0 -0.971638 0.236474 
0 -0.971638 0.236474 0 -0.971638 0.236474 0 -0.971638 0.236474 
0 -0.971638 0.236474 0 -0.971638 0.236474 0 -0.971638 0.236474 
0 -0.971638 0.236474 0 -0.971638 0.236474 0 -0.971638 0.236474 
0 -0.971638 0.236474 0 -0.971638 0.236474 0 -0.971638 0.236474 
0 -0.971638 0.236474 0 -0.971638 0.236474 0 -0.971638 0.236474 
0 -0.971638 0.236474 0 -0.971638 0.236474 0 -0.971638 0.236474 
0 -0.971638 0.236474 0 -0.971638 0.236474 0 -0.971638 0.236474 
0 -0.971638 0.236474 0 -0.971638 0.236474 0 -0.971638 0.236474 
0 -0.971638 0.236474 0 -0.971638 0.236474 0 -0.971638 0.236474 
0 -0.971638 0.236474 0 -0.971638 0.236474 0 -0.971638 0.236474 
0 -0.971638 0.236474 0 -0.971638 0.236474 0 -0.971638 0.236474 
0 -0.971638 0.236474 0 -0.971638 0.236474 0 -0.971638 0.236474 
0 -0.971638 0.236474 0 -0.971638 0.236474 0 -0.971638 0.236474 
0 -0.971638 0.236474 0 -0.971638 0.236474 0 -0.971638 0.236474 
0 -0.971638 0.236474 0 -0.971638 0.236474 0 -0.971638 0.236474 
0 -0.971638 0.236474 0 -0.971638 0.236474 0 -0.971638 0.236474 
0 -0.971638 0.236474 0 -0.971638 0.236474 0 -0.971638 0.236474 
0 0.971638 0.236474 0 0.971638 0.236474 0 0.971638 0.236474 
0 0.971638 0.236474 0 0.971638 0.236474 0 0.971638 0.236474 
0 0.971638 0.236474 0 0.971638 0.236474 0 0.971638 0.236474 
0 0.971638 0.236474 0 0.971638 0.236474 0 0.971638 0.236474 
0 0.971638 0.236474 0 0.971638 0.236474 0 0.971638 0.236474 
0 0.971638 0.236474 0 0.971638 0.236474 0 0.971638 0.236474 
0 0.971638 0.236474 0 0.971638 0.236474 0 0.971638 0.236474 
0 0.971638 0.236474 0 0.971638 0.236474 0 0.971638 0.236474 
0 0.971638 0.236474 0 0.971638 0.236474 0 0.971638 0.236474 
0 0.971638 0.236474 0 0.971638 0.236474 0 0.971638 0.236474 
0 0.971638 0.236474 0 0.971638 0.236474 0 0.971638 0.236474 
0 0.971638 0.236474 0 0.971638 0.236474 0 0.971638 0.236474 
0 0.971638 0.236474 0 0.971638 0.236474 0 0.971638 0.236474 
0 0.971638 0.236474 0 0.971638 0.236474 0 0.971638 0.236474 
0 0.971638 0.236474 0 0.971638 0.236474 0 0.971638 0.236474 
0 0.971638 0.236474 0 0.971638 0.236474 0 0.971638 0.236474 
0 0.971638 0.236474 0 0.971638 0.236474 0 0.971638 0.236474 
0 0.971638 0.236474 0 0.971638 0.236474 0 0.971638 0.236474 
0 0.971638 0.236474 0 0.971638 0.236474 0 0.971638 0.236474 
0 0.971638 0.236474 0 0.971638 0.236474 0 0.971638 0.236474 
0 -0.951686 0.307072 0 -0.951686 0.307072 0 -0.951686 0.307072 
0 -0.951686 0.307072 0 -0.951686 0.307072 0 -0.951686 0.307072 
0 -0.951686 0.307072 0 -0.951686 0.307072 0 -0.951686 0.307072 
0 -0.951686 0.307072 0 -0.951686 0.307072 0 -0.951686 0.307072 
0 -0.951686 0.307072 0 -0.951686 0.307072 0 -0.951686 0.307072 
0 -0.951686 0.307072 0 -0.951686 0.307072 0 -0.951686 0.307072 
0 -0.951686 0.307072 0 -0.951686 0.307072 0 -0.951686 0.307072 
0 -0.951686 0.307072 0 -0.951686 0.307072 0 -0.951686 0.307072 
0 -0.951686 0.307072 0 -0.951686 0.307072 0 -0.951686 0.307072 
0 -0.951686 0.307072 0 -0.951686 0.307072 0 -0.951686 0.307072 
0 -0.951686 0.307072 0 -0.951686 0.307072 0 -0.951686 0.307072 
0 -0.951686 0.307072 0 -0.951686 0.307072 0 -0.951686 0.307072 
0 -0.951686 0.307072 0 -0.951686 0.307072 0 -0.951686 0.307072 
0 -0.951686 0.307072 0 -0.951686 0.307072 0 -0.951686 0.307072 
0 -0.951686 0.307072 0 -0.951686 0.307072 0 -0.951686 0.307072 
0 -0.951686 0.307072 0 -0.951686 0.307072 0 -0.951686 0.307072 
0 -0.951686 0.307072 0 -0.951686 0.307072 0 -0.951686 0.307072 
0 -0.951686 0.307072 0 -0.951686 0.307072 0 -0.951686 0.307072 
0 -0.951686 0.307072 0 -0.951686 0.307072 0 -0.951686 0.307072 
0 -0.951686 0.307072 0 -0.951686 0.307072 0 -0.951686 0.307072 
0 0.951686 0.307072 0 0.951686 0.307072 0 0.951686 0.307072 
0 0.951686 0.307072 0 0.951686 0.307072 0 0.951686 0.307072 
0 0.951686 0.307072 0 0.951686 0.307072 0 0.951686 0.307072 
0 0.951686 0.307072 0 0.951686 0.307072 0 0.951686 0.307072 
0 0.951686 0.307072 0 0.951686 0.307072 0 0.951686 0.307072 
0 0.951686 0.307072 0 0.951686 0.307072 0 0.951686 0.307072 
0 0.951686 0.307072 0 0.951686 0.307072 0 0.951686 0.307072 
0 0.951686 0.307072 0 0.951686 0.307072 0 0.951686 0.307072 
0 0.951686 0.307072 0 0.951686 0.307072 0 0.951686 0.307072 
0 0.951686 0.307072 0 0.951686 0.307072 0 0.951686 0.307072 
0 0.951686 0.307072 0 0.951686 0.307072 0 0.951686 0.307072 
0 0.951686 0.307072 0 0.951686 0.307072 0 0.951686 0.307072 
0 0.951686 0.307072 0 0.951686 0.307072 0 0.951686 0.307072 
0 0.951686 0.307072 0 0.951686 0.307072 0 0.951686 0.307072 
0 0.951686 0.307072 0 0.951686 0.307072 0 0.951686 0.307072 
0 0.951686 0.307072 0 0.951686 0.307072 0 0.951686 0.307072 
0 0.951686 0.307072 0 0.951686 0.307072 0 0.951686 0.307072 
0 0.951686 0.307072 0 0.951686 0.307072 0 0.951686 0.307072 
0 0.951686 0.307072 0 0.951686 0.307072 0 0.951686 0.307072 
0 0.951686 0.307072 0 0.951686 0.307072 0 0.951686 0.307072 
0 -0.918705 0.394943 0 -0.918705 0.394943 0 -0.918705 0.394943 
0 -0.918705 0.394943 0 -0.918705 0.394943 0 -0.918705 0.394943 
0 -0.918705 0.394943 0 -0.918705 0.394943 0 -0.918705 0.394943 
0 -0.918705 0.394943 0 -0.918705 0.394943 0 -0.918705 0.394943 
0 -0.918705 0.394943 0 -0.918705 0.394943 0 -0.918705 0.394943 
0 -0.918705 0.394943 0 -0.918705 0.394943 0 -0.918705 0.394943 
0 -0.918705 0.394943 0 -0.918705 0.394943 0 -0.918705 0.394943 
0 -0.918705 0.394943 0 -0.918705 0.394943 0 -0.918705 0.394943 
0 -0.918705 0.394943 0 -0.918705 0.394943 0 -0.918705 0.394943 
0 -0.918705 0.394943 0 -0.918705 0.394943 0 -0.918705 0.394943 
0 -0.918705 0.394943 0 -0.918705 0.394943 0 -0.918705 0.394943 
0 -0.918705 0.394943 0 -0.918705 0.394943 0 -0.918705 0.394943 
0 -0.918705 0.394943 0 -0.918705 0.394943 0 -0.918705 0.394943 
0 -0.918705 0.394943 0 -0.918705 0.394943 0 -0.918705 0.394943 
0 -0.918705 0.394943 0 -0.918705 0.394943 0 -0.918705 0.394943 
0 -0.918705 0.394943 0 -0.918705 0.394943 0 -0.918705 0.394943 
0 -0.918705 0.394943 0 -0.918705 0.394943 0 -0.918705 0.394943 
0 -0.918705 0.394943 0 -0.918705 0.394943 0 -0.918705 0.394943 
0 -0.918705 0.394943 0 -0.918705 0.394943 0 -0.918705 0.394943 
0 -0.918705 0.394943 0 -0.918705 0.394943 0 -0.918705 0.394943 
0 0.918705 0.394943 0 0.918705 0.394943 0 0.918705 0.394943 
0 0.918705 0.394943 0 0.918705 0.394943 0 0.918705 0.394943 
0 0.918705 0.394943 0 0.918705 0.394943 0 0.918705 0.394943 
0 0.918705 0.394943 0 0.918705 0.394943 0 0.918705 0.394943 
0 0.918705 0.394943 0 0.918705 0.394943 0 0.918705 0.394943 
0 0.918705 0.394943 0 0.918705 0.394943 0 0.918705 0.394943 
0 0.918705 0.394943 0 0.918705 0.394943 0 0.918705 0.394943 
0 0.918705 0.394943 0 0.918705 0.394943 0 0.918705 0.394943 
0 0.918705 0.394943 0 0.918705 0.394943 0 0.918705 0.394943 
0 0.918705 0.394943 0 0.918705 0.394943 0 0.918705 0.394943 
0 0.918705 0.394943 0 0.918705 0.394943 0 0.918705 0.394943 
0 0.918705 0.394943 0 0.918705 0.394943 0 0.918705 0.394943 
0 0.918705 0.394943 0 0.918705 0.394943 0 0.918705 0.394943 
0 0.918705 0.394943 0 0.918705 0.394943 0 0.918705 0.394943 
0 0.918705 0.394943 0 0.918705 0.394943 0 0.918705 0.394943 
0 0.918705 0.394943 0 0.918705 0.394943 0 0.918705 0.394943 
0 0.918705 0.394943 0 0.918705 0.394943 0 0.918705 0.394943 
0 0.918705 0.394943 0 0.918705 0.394943 0 0.918705 0.394943 
0 0.918705 0.394943 0 0.918705 0.394943 0 0.918705 0.394943 
0 0.918705 0.394943 0 0.918705 0.394943 0 0.918705 0.394943 
0 -0.905508 0.424328 0 -0.905508 0.424328 0 -0.905508 0.424328 
0 -0.905508 0.424328 0 -0.905508 0.424328 0 -0.905508 0.424328 
0 -0.905508 0.424328 0 -0.905508 0.424328 0 -0.905508 0.424328 
0 -0.905508 0.424328 0 -0.905508 0.424328 0 -0.905508 0.424328 
0 -0.905508 0.424328 0 -0.905508 0.424328 0 -0.905508 0.424328 
0 -0.905508 0.424328 0 -0.905508 0.424328 0 -0.905508 0.424328 
0 -0.905508 0.424328 0 -0.905508 0.424328 0 -0.905508 0.424328 
0 -0.905508 0.424328 0 -0.905508 0.424328 0 -0.905508 0.424328 
0 -0.905508 0.424328 0 -0.905508 0.424328 0 -0.905508 0.424328 
0 -0.905508 0.424328 0 -0.905508 0.424328 0 -0.905508 0.424328 
0 -0.905508 0.424328 0 -0.905508 0.424328 0 -0.905508 0.424328 
0 -0.905508 0.424328 0 -0.905508 0.424328 0 -0.905508 0.424328 
0 -0.905508 0.424328 0 -0.905508 0.424328 0 -0.905508 0.424328 
0 -0.905508 0.424328 0 -0.905508 0.424328 0 -0.905508 0.424328 
0 -0.905508 0.424328 0 -0.905508 0.424328 0 -0.905508 0.424328 
0 -0.905508 0.424328 0 -0.905508 0.424328 0 -0.905508 0.424328 
0 -0.905508 0.424328 0 -0.905508 0.424328 0 -0.905508 0.424328 
0 -0.905508 0.424328 0 -0.905508 0.424328 0 -0.905508 0.424328 
0 -0.905508 0.424328 0 -0.905508 0.424328 0 -0.905508 0.424328 
0 -0.905508 0.424328 0 -0.905508 0.424328 0 -0.905508 0.424328 
0 -0.892628 0.450794 0 -0.892628 0.450794 0 -0.892628 0.450794 
0 -0.892628 0.450794 0 -0.892628 0.450794 0 -0.892628 0.450794 
0 -0.892628 0.450794 0 -0.892628 0.450794 0 -0.892628 0.450794 
0 -0.892628 0.450794 0 -0.892628 0.450794 0 -0.892628 0.450794 
0 -0.892628 0.450794 0 -0.892628 0.450794 0 -0.892628 0.450794 
0 -0.892628 0.450794 0 -0.892628 0.450794 0 -0.892628 0.450794 
0 -0.892628 0.450794 0 -0.892628 0.450794 0 -0.892628 0.450794 
0 -0.892628 0.450794 0 -0.892628 0.450794 0 -0.892628 0.450794 
0 -0.892628 0.450794 0 -0.892628 0.450794 0 -0.892628 0.450794 
0 -0.892628 0.450794 0 -0.892628 0.450794 0 -0.892628 0.450794 
0 -0.892628 0.450794 0 -0.892628 0.450794 0 -0.892628 0.450794 
0 -0.892628 0.450794 0 -0.892628 0.450794 0 -0.892628 0.450794 
0 -0.892628 0.450794 0 -0.892628 0.450794 0 -0.892628 0.450794 
0 -0.892628 0.450794 0 -0.892628 0.450794 0 -0.892628 0.450794 
0 -0.892628 0.450794 0 -0.892628 0.450794 0 -0.892628 0.450794 
0 -0.892628 0.450794 0 -0.892628 0.450794 0 -0.892628 0.450794 
0 -0.892628 0.450794 0 -0.892628 0.450794 0 -0.892628 0.450794 
0 -0.892628 0.450794 0 -0.892628 0.450794 0 -0.892628 0.450794 
0 -0.892628 0.450794 0 -0.892628 0.450794 0 -0.892628 0.450794 
0 -0.892628 0.450794 0 -0.892628 0.450794 0 -0.892628 0.450794 
0 0.905508 0.424328 0 0.892628 0.450794 0 0.905508 0.424328 
0 0.892628 0.450794 0 0.892628 0.450794 0 0.905508 0.424328 
0 0.892628 0.450794 0 0.905508 0.424328 0 0.892628 0.450794 
0 0.905508 0.424328 0 0.892628 0.450794 0 0.905508 0.424328 
0 0.892628 0.450794 0 0.905508 0.424328 0 0.892628 0.450794 
0 0.905508 0.424328 0 0.892628 0.450794 0 0.905508 0.424328 
0 0.892628 0.450794 0 0.905508 0.424328 0 0.892628 0.450794 
0 0.905508 0.424328 0 0.892628 0.450794 0 0.905508 0.424328 
0 0.892628 0.450794 0 0.905508 0.424328 0 0.892628 0.450794 
0 0.905508 0.424328 0 0.892628 0.450794 0 0.905508 0.424328 
0 0.892628 0.450794 0 0.905508 0.424328 0 0.892628 0.450794 
0 0.905508 0.424328 0 0.892628 0.450794 0 0.905508 0.424328 
0 0.892628 0.450794 0 0.905508 0.424328 0 0.892628 0.450794 
0 0.905508 0.424328 0 0.892628 0.450794 0 0.905508 0.424328 
0 0.892628 0.450794 0 0.905508 0.424328 0 0.892628 0.450794 
0 0.905508 0.424328 0 0.892628 0.450794 0 0.905508 0.424328 
0 0.892628 0.450794 0 0.905508 0.424328 0 0.892628 0.450794 
0 0.905508 0.424328 0 0.892628 0.450794 0 0.905508 0.424328 
0 0.892628 0.450794 0 0.905508 0.424328 0 0.892628 0.450794 
0 0.905508 0.424328 0 0.892628 0.450794 0 0.905508 0.424328 
0 0.892628 0.450794 0 0.905508 0.424328 0 0.892628 0.450794 
0 0.905508 0.424328 0 0.892628 0.450794 0 0.905508 0.424328 
0 0.892628 0.450794 0 0.905508 0.424328 0 0.892628 0.450794 
0 0.905508 0.424328 0 0.892628 0.450794 0 0.905508 0.424328 
0 0.892628 0.450794 0 0.905508 0.424328 0 0.892628 0.450794 
0 0.905508 0.424328 0 0.892628 0.450794 0 0.905508 0.424328 
0 0.892628 0.450794 0 0.905508 0.424328 0 0.892628 0.450794 
0 0.905508 0.424328 0 0.892628 0.450794 0 0.905508 0.424328 
0 0.892628 0.450794 0 0.905508 0.424328 0 0.892628 0.450794 
0 0.905508 0.424328 0 0.892628 0.450794 0 0.905508 0.424328 
0 0.892628 0.450794 0 0.905508 0.424328 0 0.892628 0.450794 
0 0.905508 0.424328 0 0.892628 0.450794 0 0.905508 0.424328 
0 0.892628 0.450794 0 0.905508 0.424328 0 0.892628 0.450794 
0 0.905508 0.424328 0 0.892628 0.450794 0 0.905508 0.424328 
0 0.892628 0.450794 0 0.905508 0.424328 0 0.892628 0.450794 
0 0.905508 0.424328 0 0.892628 0.450794 0 0.905508 0.424328 
0 0.892628 0.450794 0 0.905508 0.424328 0 0.892628 0.450794 
0 0.905508 0.424328 0 0.892628 0.450794 0 0.905508 0.424328 
0 0.892628 0.450794 0 0.905508 0.424328 0 0.892628 0.450794 
0 0.905508 0.424328 0 0.892628 0.450794 0 0.905508 0.424328 
0 -0.858022 0.513614 0 -0.858022 0.513614 0 -0.858022 0.513614 
0 -0.858022 0.513614 0 -0.858022 0.513614 0 -0.858022 0.513614 
0 -0.858022 0.513614 0 -0.858022 0.513614 0 -0.858022 0.513614 
0 -0.858022 0.513614 0 -0.858022 0.513614 0 -0.858022 0.513614 
0 -0.858022 0.513614 0 -0.858022 0.513614 0 -0.858022 0.513614 
0 -0.858022 0.513614 0 -0.858022 0.513614 0 -0.858022 0.513614 
0 -0.858022 0.513614 0 -0.858022 0.513614 0 -0.858022 0.513614 
0 -0.858022 0.513614 0 -0.858022 0.513614 0 -0.858022 0.513614 
0 -0.858022 0.513614 0 -0.858022 0.513614 0 -0.858022 0.513614 
0 -0.858022 0.513614 0 -0.858022 0.513614 0 -0.858022 0.513614 
0 -0.858022 0.513614 0 -0.858022 0.513614 0 -0.858022 0.513614 
0 -0.858022 0.513614 0 -0.858022 0.513614 0 -0.858022 0.513614 
0 -0.858022 0.513614 0 -0.858022 0.513614 0 -0.858022 0.513614 
0 -0.858022 0.513614 0 -0.858022 0.513614 0 -0.858022 0.513614 
0 -0.858022 0.513614 0 -0.858022 0.513614 0 -0.858022 0.513614 
0 -0.858022 0.513614 0 -0.858022 0.513614 0 -0.858022 0.513614 
0 -0.858022 0.513614 0 -0.858022 0.513614 0 -0.858022 0.513614 
0 -0.858022 0.513614 0 -0.858022 0.513614 0 -0.858022 0.513614 
0 -0.858022 0.513614 0 -0.858022 0.513614 0 -0.858022 0.513614 
0 -0.858022 0.513614 0 -0.858022 0.513614 0 -0.858022 0.513614 
0 0.858022 0.513614 0 0.858022 0.513614 0 0.858022 0.513614 
0 0.858022 0.513614 0 0.858022 0.513614 0 0.858022 0.513614 
0 0.858022 0.513614 0 0.858022 0.513614 0 0.858022 0.513614 
0 0.858022 0.513614 0 0.858022 0.513614 0 0.858022 0.513614 
0 0.858022 0.513614 0 0.858022 0.513614 0 0.858022 0.513614 
0 0.858022 0.513614 0 0.858022 0.513614 0 0.858022 0.513614 
0 0.858022 0.513614 0 0.858022 0.513614 0 0.858022 0.513614 
0 0.858022 0.513614 0 0.858022 0.513614 0 0.858022 0.513614 
0 0.858022 0.513614 0 0.858022 0.513614 0 0.858022 0.513614 
0 0.858022 0.513614 0 0.858022 0.513614 0 0.858022 0.513614 
0 0.858022 0.513614 0 0.858022 0.513614 0 0.858022 0.513614 
0 0.858022 0.513614 0 0.858022 0.513614 0 0.858022 0.513614 
0 0.858022 0.513614 0 0.858022 0.513614 0 0.858022 0.513614 
0 0.858022 0.513614 0 0.858022 0.513614 0 0.858022 0.513614 
0 0.858022 0.513614 0 0.858022 0.513614 0 0.858022 0.513614 
0 0.858022 0.513614 0 0.858022 0.513614 0 0.858022 0.513614 
0 0.858022 0.513614 0 0.858022 0.513614 0 0.858022 0.513614 
0 0.858022 0.513614 0 0.858022 0.513614 0 0.858022 0.513614 
0 0.858022 0.513614 0 0.858022 0.513614 0 0.858022 0.513614 
0 0.858022 0.513614 0 0.858022 0.513614 0 0.858022 0.513614 
0 -0.837079 0.547083 0 -0.837079 0.547083 0 -0.837079 0.547083 
0 -0.837079 0.547083 0 -0.837079 0.547083 0 -0.837079 0.547083 
0 -0.837079 0.547083 0 -0.837079 0.547083 0 -0.837079 0.547083 
0 -0.837079 0.547083 0 -0.837079 0.547083 0 -0.837079 0.547083 
0 -0.837079 0.547083 0 -0.837079 0.547083 0 -0.837079 0.547083 
0 -0.837079 0.547083 0 -0.837079 0.547083 0 -0.837079 0.547083 
0 -0.837079 0.547083 0 -0.837079 0.547083 0 -0.837079 0.547083 
0 -0.837079 0.547083 0 -0.837079 0.547083 0 -0.837079 0.547083 
0 -0.837079 0.547083 0 -0.837079 0.547083 0 -0.837079 0.547083 
0 -0.837079 0.547083 0 -0.837079 0.547083 0 -0.837079 0.547083 
0 -0.837079 0.547083 0 -0.837079 0.547083 0 -0.837079 0.547083 
0 -0.837079 0.547083 0 -0.837079 0.547083 0 -0.837079 0.547083 
0 -0.837079 0.547083 0 -0.837079 0.547083 0 -0.837079 0.547083 
0 -0.837079 0.547083 0 -0.837079 0.547083 0 -0.837079 0.547083 
0 -0.837079 0.547083 0 -0.837079 0.547083 0 -0.837079 0.547083 
0 -0.837079 0.547083 0 -0.837079 0.547083 0 -0.837079 0.547083 
0 -0.837079 0.547083 0 -0.837079 0.547083 0 -0.837079 0.547083 
0 -0.837079 0.547083 0 -0.837079 0.547083 0 -0.837079 0.547083 
0 -0.837079 0.547083 0 -0.837079 0.547083 0 -0.837079 0.547083 
0 -0.837079 0.547083 0 -0.837079 0.547083 0 -0.837079 0.547083 
0 -0.822284 0.569078 0 -0.822284 0.569078 0 -0.822284 0.569078 
0 -0.822284 0.569078 0 -0.822284 0.569078 0 -0.822284 0.569078 
0 -0.822284 0.569078 0 -0.822284 0.569078 0 -0.822284 0.569078 
0 -0.822284 0.569078 0 -0.822284 0.569078 0 -0.822284 0.569078 
0 -0.822284 0.569078 0 -0.822284 0.569078 0 -0.822284 0.569078 
0 -0.822284 0.569078 0 -0.822284 0.569078 0 -0.822284 0.569078 
0 -0.822284 0.569078 0 -0.822284 0.569078 0 -0.822284 0.569078 
0 -0.822284 0.569078 0 -0.822284 0.569078 0 -0.822284 0.569078 
0 -0.822284 0.569078 0 -0.822284 0.569078 0 -0.822284 0.569078 
0 -0.822284 0.569078 0 -0.822284 0.569078 0 -0.822284 0.569078 
0 -0.822284 0.569078 0 -0.822284 0.569078 0 -0.822284 0.569078 
0 -0.822284 0.569078 0 -0.822284 0.569078 0 -0.822284 0.569078 
0 -0.822284 0.569078 0 -0.822284 0.569078 0 -0.822284 0.569078 
0 -0.822284 0.569078 0 -0.822284 0.569078 0 -0.822284 0.569078 
0 -0.822284 0.569078 0 -0.822284 0.569078 0 -0.822284 0.569078 
0 -0.822284 0.569078 0 -0.822284 0.569078 0 -0.822284 0.569078 
0 -0.822284 0.569078 0 -0.822284 0.569078 0 -0.822284 0.569078 
0 -0.822284 0.569078 0 -0.822284 0.569078 0 -0.822284 0.569078 
0 -0.822284 0.569078 0 -0.822284 0.569078 0 -0.822284 0.569078 
0 -0.822284 0.569078 0 -0.822284 0.569078 0 -0.822284 0.569078 
0 0.837079 0.547083 0 0.822284 0.569078 0 0.837079 0.547083 
0 0.822284 0.569078 0 0.822284 0.569078 0 0.837079 0.547083 
0 0.822284 0.569078 0 0.837079 0.547083 0 0.822284 0.569078 
0 0.837079 0.547083 0 0.822284 0.569078 0 0.837079 0.547083 
0 0.822284 0.569078 0 0.837079 0.547083 0 0.822284 0.569078 
0 0.837079 0.547083 0 0.822284 0.569078 0 0.837079 0.547083 
0 0.822284 0.569078 0 0.837079 0.547083 0 0.822284 0.569078 
0 0.837079 0.547083 0 0.822284 0.569078 0 0.837079 0.547083 
0 0.822284 0.569078 0 0.837079 0.547083 0 0.822284 0.569078 
0 0.837079 0.547083 0 0.822284 0.569078 0 0.837079 0.547083 
0 0.822284 0.569078 0 0.837079 0.547083 0 0.822284 0.569078 
0 0.837079 0.547083 0 0.822284 0.569078 0 0.837079 0.547083 
0 0.822284 0.569078 0 0.837079 0.547083 0 0.822284 0.569078 
0 0.837079 0.547083 0 0.822284 0.569078 0 0.837079 0.547083 
0 0.822284 0.569078 0 0.837079 0.547083 0 0.822284 0.569078 
0 0.837079 0.547083 0 0.822284 0.569078 0 0.837079 0.547083 
0 0.822284 0.569078 0 0.837079 0.547083 0 0.822284 0.569078 
0 0.837079 0.547083 0 0.822284 0.569078 0 0.837079 0.547083 
0 0.822284 0.569078 0 0.837079 0.547083 0 0.822284 0.569078 
0 0.837079 0.547083 0 0.822284 0.569078 0 0.837079 0.547083 
0 0.822284 0.569078 0 0.837079 0.547083 0 0.822284 0.569078 
0 0.837079 0.547083 0 0.822284 0.569078 0 0.837079 0.547083 
0 0.822284 0.569078 0 0.837079 0.547083 0 0.822284 0.569078 
0 0.837079 0.547083 0 0.822284 0.569078 0 0.837079 0.547083 
0 0.822284 0.569078 0 0.837079 0.547083 0 0.822284 0.569078 
0 0.837079 0.547083 0 0.822284 0.569078 0 0.837079 0.547083 
0 0.822284 0.569078 0 0.837079 0.547083 0 0.822284 0.569078 
0 0.837079 0.547083 0 0.822284 0.569078 0 0.837079 0.547083 
0 0.822284 0.569078 0 0.837079 0.547083 0 0.822284 0.569078 
0 0.837079 0.547083 0 0.822284 0.569078 0 0.837079 0.547083 
0 0.822284 0.569078 0 0.837079 0.547083 0 0.822284 0.569078 
0 0.837079 0.547083 0 0.822284 0.569078 0 0.837079 0.547083 
0 0.822284 0.569078 0 0.837079 0.547083 0 0.822284 0.569078 
0 0.837079 0.547083 0 0.822284 0.569078 0 0.837079 0.547083 
0 0.822284 0.569078 0 0.837079 0.547083 0 0.822284 0.569078 
0 0.837079 0.547083 0 0.822284 0.569078 0 0.837079 0.547083 
0 0.822284 0.569078 0 0.837079 0.547083 0 0.822284 0.569078 
0 0.837079 0.547083 0 0.822284 0.569078 0 0.837079 0.547083 
0 0.822284 0.569078 0 0.837079 0.547083 0 0.822284 0.569078 
0 0.837079 0.547083 0 0.822284 0.569078 0 0.837079 0.547083 
0 -0.77592 0.630831 0 -0.77592 0.630831 0 -0.77592 0.630831 
0 -0.77592 0.630831 0 -0.77592 0.630831 0 -0.77592 0.630831 
0 -0.77592 0.630831 0 -0.77592 0.630831 0 -0.77592 0.630831 
0 -0.77592 0.630831 0 -0.77592 0.630831 0 -0.77592 0.630831 
0 -0.77592 0.630831 0 -0.77592 0.630831 0 -0.77592 0.630831 
0 -0.77592 0.630831 0 -0.77592 0.630831 0 -0.77592 0.630831 
0 -0.77592 0.630831 0 -0.77592 0.630831 0 -0.77592 0.630831 
0 -0.77592 0.630831 0 -0.77592 0.630831 0 -0.77592 0.630831 
0 -0.77592 0.630831 0 -0.77592 0.630831 0 -0.77592 0.630831 
0 -0.77592 0.630831 0 -0.77592 0.630831 0 -0.77592 0.630831 
0 -0.77592 0.630831 0 -0.77592 0.630831 0 -0.77592 0.630831 
0 -0.77592 0.630831 0 -0.77592 0.630831 0 -0.77592 0.630831 
0 -0.77592 0.630831 0 -0.77592 0.630831 0 -0.77592 0.630831 
0 -0.77592 0.630831 0 -0.77592 0.630831 0 -0.77592 0.630831 
0 -0.77592 0.630831 0 -0.77592 0.630831 0 -0.77592 0.630831 
0 -0.77592 0.630831 0 -0.77592 0.630831 0 -0.77592 0.630831 
0 -0.77592 0.630831 0 -0.77592 0.630831 0 -0.77592 0.630831 
0 -0.77592 0.630831 0 -0.77592 0.630831 0 -0.77592 0.630831 
0 -0.77592 0.630831 0 -0.77592 0.630831 0 -0.77592 0.630831 
0 -0.77592 0.630831 0 -0.77592 0.630831 0 -0.77592 0.630831 
0 0.77592 0.630831 0 0.77592 0.630831 0 0.77592 0.630831 
0 0.77592 0.630831 0 0.77592 0.630831 0 0.77592 0.630831 
0 0.77592 0.630831 0 0.77592 0.630831 0 0.77592 0.630831 
0 0.77592 0.630831 0 0.77592 0.630831 0 0.77592 0.630831 
0 0.77592 0.630831 0 0.77592 0.630831 0 0.77592 0.630831 
0 0.77592 0.630831 0 0.77592 0.630831 0 0.77592 0.630831 
0 0.77592 0.630831 0 0.77592 0.630831 0 0.77592 0.630831 
0 0.77592 0.630831 0 0.77592 0.630831 0 0.77592 0.630831 
0 0.77592 0.630831 0 0.77592 0.630831 0 0.77592 0.630831 
0 0.77592 0.630831 0 0.77592 0.630831 0 0.77592 0.630831 
0 0.77592 0.630831 0 0.77592 0.630831 0 0.77592 0.630831 
0 0.77592 0.630831 0 0.77592 0.630831 0 0.77592 0.630831 
0 0.77592 0.630831 0 0.77592 0.630831 0 0.77592 0.630831 
0 0.77592 0.630831 0 0.77592 0.630831 0 0.77592 0.630831 
0 0.77592 0.630831 0 0.77592 0.630831 0 0.77592 0.630831 
0 0.77592 0.630831 0 0.77592 0.630831 0 0.77592 0.630831 
0 0.77592 0.630831 0 0.77592 0.630831 0 0.77592 0.630831 
0 0.77592 0.630831 0 0.77592 0.630831 0 0.77592 0.630831 
0 0.77592 0.630831 0 0.77592 0.630831 0 0.77592 0.630831 
0 0.77592 0.630831 0 0.77592 0.630831 0 0.77592 0.630831 
0 -0.736082 0.676892 0 -0.736082 0.676892 0 -0.736082 0.676892 
0 -0.736082 0.676892 0 -0.736082 0.676892 0 -0.736082 0.676892 
0 -0.736082 0.676892 0 -0.736082 0.676892 0 -0.736082 0.676892 
0 -0.736082 0.676892 0 -0.736082 0.676892 0 -0.736082 0.676892 
0 -0.736082 0.676892 0 -0.736082 0.676892 0 -0.736082 0.676892 
0 -0.736082 0.676892 0 -0.736082 0.676892 0 -0.736082 0.676892 
0 -0.736082 0.676892 0 -0.736082 0.676892 0 -0.736082 0.676892 
0 -0.736082 0.676892 0 -0.736082 0.676892 0 -0.736082 0.676892 
0 -0.736082 0.676892 0 -0.736082 0.676892 0 -0.736082 0.676892 
0 -0.736082 0.676892 0 -0.736082 0.676892 0 -0.736082 0.676892 
0 -0.736082 0.676892 0 -0.736082 0.676892 0 -0.736082 0.676892 
0 -0.736082 0.676892 0 -0.736082 0.676892 0 -0.736082 0.676892 
0 -0.736082 0.676892 0 -0.736082 0.676892 0 -0.736082 0.676892 
0 -0.736082 0.676892 0 -0.736082 0.676892 0 -0.736082 0.676892 
0 -0.736082 0.676892 0 -0.736082 0.676892 0 -0.736082 0.676892 
0 -0.736082 0.676892 0 -0.736082 0.676892 0 -0.736082 0.676892 
0 -0.736082 0.676892 0 -0.736082 0.676892 0 -0.736082 0.676892 
0 -0.736082 0.676892 0 -0.736082 0.676892 0 -0.736082 0.676892 
0 -0.736082 0.676892 0 -0.736082 0.676892 0 -0.736082 0.676892 
0 -0.736082 0.676892 0 -0.736082 0.676892 0 -0.736082 0.676892 
0 0.736082 0.676892 0 0.736082 0.676892 0 0.736082 0.676892 
0 0.736082 0.676892 0 0.736082 0.676892 0 0.736082 0.676892 
0 0.736082 0.676892 0 0.736082 0.676892 0 0.736082 0.676892 
0 0.736082 0.676892 0 0.736082 0.676892 0 0.736082 0.676892 
0 0.736082 0.676892 0 0.736082 0.676892 0 0.736082 0.676892 
0 0.736082 0.676892 0 0.736082 0.676892 0 0.736082 0.676892 
0 0.736082 0.676892 0 0.736082 0.676892 0 0.736082 0.676892 
0 0.736082 0.676892 0 0.736082 0.676892 0 0.736082 0.676892 
0 0.736082 0.676892 0 0.736082 0.676892 0 0.736082 0.676892 
0 0.736082 0.676892 0 0.736082 0.676892 0 0.736082 0.676892 
0 0.736082 0.676892 0 0.736082 0.676892 0 0.736082 0.676892 
0 0.736082 0.676892 0 0.736082 0.676892 0 0.736082 0.676892 
0 0.736082 0.676892 0 0.736082 0.676892 0 0.736082 0.676892 
0 0.736082 0.676892 0 0.736082 0.676892 0 0.736082 0.676892 
0 0.736082 0.676892 0 0.736082 0.676892 0 0.736082 0.676892 
0 0.736082 0.676892 0 0.736082 0.676892 0 0.736082 0.676892 
0 0.736082 0.676892 0 0.736082 0.676892 0 0.736082 0.676892 
0 0.736082 0.676892 0 0.736082 0.676892 0 0.736082 0.676892 
0 0.736082 0.676892 0 0.736082 0.676892 0 0.736082 0.676892 
0 0.736082 0.676892 0 0.736082 0.676892 0 0.736082 0.676892 
0 -0.726651 0.687006 0 -0.726651 0.687006 0 -0.726651 0.687006 
0 -0.726651 0.687006 0 -0.726651 0.687006 0 -0.726651 0.687006 
0 -0.726651 0.687006 0 -0.726651 0.687006 0 -0.726651 0.687006 
0 -0.726651 0.687006 0 -0.726651 0.687006 0 -0.726651 0.687006 
0 -0.726651 0.687006 0 -0.726651 0.687006 0 -0.726651 0.687006 
0 -0.726651 0.687006 0 -0.726651 0.687006 0 -0.726651 0.687006 
0 -0.726651 0.687006 0 -0.726651 0.687006 0 -0.726651 0.687006 
0 -0.726651 0.687006 0 -0.726651 0.687006 0 -0.726651 0.687006 
0 -0.726651 0.687006 0 -0.726651 0.687006 0 -0.726651 0.687006 
0 -0.726651 0.687006 0 -0.726651 0.687006 0 -0.726651 0.687006 
0 -0.726651 0.687006 0 -0.726651 0.687006 0 -0.726651 0.687006 
0 -0.726651 0.687006 0 -0.726651 0.687006 0 -0.726651 0.687006 
0 -0.726651 0.687006 0 -0.726651 0.687006 0 -0.726651 0.687006 
0 -0.726651 0.687006 0 -0.726651 0.687006 0 -0.726651 0.687006 
0 -0.726651 0.687006 0 -0.726651 0.687006 0 -0.726651 0.687006 
0 -0.726651 0.687006 0 -0.726651 0.687006 0 -0.726651 0.687006 
0 -0.726651 0.687006 0 -0.726651 0.687006 0 -0.726651 0.687006 
0 -0.726651 0.687006 0 -0.726651 0.687006 0 -0.726651 0.687006 
0 -0.726651 0.687006 0 -0.726651 0.687006 0 -0.726651 0.687006 
0 -0.726651 0.687006 0 -0.726651 0.687006 0 -0.726651 0.687006 
0 -0.687006 0.726651 0 -0.687006 0.726651 0 -0.687006 0.726651 
0 -0.687006 0.726651 0 -0.687006 0.726651 0 -0.687006 0.726651 
0 -0.687006 0.726651 0 -0.687006 0.726651 0 -0.687006 0.726651 
0 -0.687006 0.726651 0 -0.687006 0.726651 0 -0.687006 0.726651 
0 -0.687006 0.726651 0 -0.687006 0.726651 0 -0.687006 0.726651 
0 -0.687006 0.726651 0 -0.687006 0.726651 0 -0.687006 0.726651 
0 -0.687006 0.726651 0 -0.687006 0.726651 0 -0.687006 0.726651 
0 -0.687006 0.726651 0 -0.687006 0.726651 0 -0.687006 0.726651 
0 -0.687006 0.726651 0 -0.687006 0.726651 0 -0.687006 0.726651 
0 -0.687006 0.726651 0 -0.687006 0.726651 0 -0.687006 0.726651 
0 -0.687006 0.726651 0 -0.687006 0.726651 0 -0.687006 0.726651 
0 -0.687006 0.726651 0 -0.687006 0.726651 0 -0.687006 0.726651 
0 -0.687006 0.726651 0 -0.687006 0.726651 0 -0.687006 0.726651 
0 -0.687006 0.726651 0 -0.687006 0.726651 0 -0.687006 0.726651 
0 -0.687006 0.726651 0 -0.687006 0.726651 0 -0.687006 0.726651 
0 -0.687006 0.726651 0 -0.687006 0.726651 0 -0.687006 0.726651 
0 -0.687006 0.726651 0 -0.687006 0.726651 0 -0.687006 0.726651 
0 -0.687006 0.726651 0 -0.687006 0.726651 0 -0.687006 0.726651 
0 -0.687006 0.726651 0 -0.687006 0.726651 0 -0.687006 0.726651 
0 -0.687006 0.726651 0 -0.687006 0.726651 0 -0.687006 0.726651 
0 0.726651 0.687006 0 0.687006 0.726651 0 0.726651 0.687006 
0 0.687006 0.726651 0 0.687006 0.726651 0 0.726651 0.687006 
0 0.687006 0.726651 0 0.726651 0.687006 0 0.687006 0.726651 
0 0.726651 0.687006 0 0.687006 0.726651 0 0.726651 0.687006 
0 0.687006 0.726651 0 0.726651 0.687006 0 0.687006 0.726651 
0 0.726651 0.687006 0 0.687006 0.726651 0 0.726651 0.687006 
0 0.687006 0.726651 0 0.726651 0.687006 0 0.687006 0.726651 
0 0.726651 0.687006 0 0.687006 0.726651 0 0.726651 0.687006 
0 0.687006 0.726651 0 0.726651 0.687006 0 0.687006 0.726651 
0 0.726651 0.687006 0 0.687006 0.726651 0 0.726651 0.687006 
0 0.687006 0.726651 0 0.726651 0.687006 0 0.687006 0.726651 
0 0.726651 0.687006 0 0.687006 0.726651 0 0.726651 0.687006 
0 0.687006 0.726651 0 0.726651 0.687006 0 0.687006 0.726651 
0 0.726651 0.687006 0 0.687006 0.726651 0 0.726651 0.687006 
0 0.687006 0.726651 0 0.726651 0.687006 0 0.687006 0.726651 
0 0.726651 0.687006 0 0.687006 0.726651 0 0.726651 0.687006 
0 0.687006 0.726651 0 0.726651 0.687006 0 0.687006 0.726651 
0 0.726651 0.687006 0 0.687006 0.726651 0 0.726651 0.687006 
0 0.687006 0.726651 0 0.726651 0.687006 0 0.687006 0.726651 
0 0.726651 0.687006 0 0.687006 0.726651 0 0.726651 0.687006 
0 0.687006 0.726651 0 0.726651 0.687006 0 0.687006 0.726651 
0 0.726651 0.687006 0 0.687006 0.726651 0 0.726651 0.687006 
0 0.687006 0.726651 0 0.726651 0.687006 0 0.687006 0.726651 
0 0.726651 0.687006 0 0.687006 0.726651 0 0.726651 0.687006 
0 0.687006 0.726651 0 0.726651 0.687006 0 0.687006 0.726651 
0 0.726651 0.687006 0 0.687006 0.726651 0 0.726651 0.687006 
0 0.687006 0.726651 0 0.726651 0.687006 0 0.687006 0.726651 
0 0.726651 0.687006 0 0.687006 0.726651 0 0.726651 0.687006 
0 0.687006 0.726651 0 0.726651 0.687006 0 0.687006 0.726651 
0 0.726651 0.687006 0 0.687006 0.726651 0 0.726651 0.687006 
0 0.687006 0.726651 0 0.726651 0.687006 0 0.687006 0.726651 
0 0.726651 0.687006 0 0.687006 0.726651 0 0.726651 0.687006 
0 0.687006 0.726651 0 0.726651 0.687006 0 0.687006 0.726651 
0 0.726651 0.687006 0 0.687006 0.726651 0 0.726651 0.687006 
0 0.687006 0.726651 0 0.726651 0.687006 0 0.687006 0.726651 
0 0.726651 0.687006 0 0.687006 0.726651 0 0.726651 0.687006 
0 0.687006 0.726651 0 0.726651 0.687006 0 0.687006 0.726651 
0 0.726651 0.687006 0 0.687006 0.726651 0 0.726651 0.687006 
0 0.687006 0.726651 0 0.726651 0.687006 0 0.687006 0.726651 
0 0.726651 0.687006 0 0.687006 0.726651 0 0.726651 0.687006 
0 -0.676892 0.736082 0 -0.676892 0.736082 0 -0.676892 0.736082 
0 -0.676892 0.736082 0 -0.676892 0.736082 0 -0.676892 0.736082 
0 -0.676892 0.736082 0 -0.676892 0.736082 0 -0.676892 0.736082 
0 -0.676892 0.736082 0 -0.676892 0.736082 0 -0.676892 0.736082 
0 -0.676892 0.736082 0 -0.676892 0.736082 0 -0.676892 0.736082 
0 -0.676892 0.736082 0 -0.676892 0.736082 0 -0.676892 0.736082 
0 -0.676892 0.736082 0 -0.676892 0.736082 0 -0.676892 0.736082 
0 -0.676892 0.736082 0 -0.676892 0.736082 0 -0.676892 0.736082 
0 -0.676892 0.736082 0 -0.676892 0.736082 0 -0.676892 0.736082 
0 -0.676892 0.736082 0 -0.676892 0.736082 0 -0.676892 0.736082 
0 -0.676892 0.736082 0 -0.676892 0.736082 0 -0.676892 0.736082 
0 -0.676892 0.736082 0 -0.676892 0.736082 0 -0.676892 0.736082 
0 -0.676892 0.736082 0 -0.676892 0.736082 0 -0.676892 0.736082 
0 -0.676892 0.736082 0 -0.676892 0.736082 0 -0.676892 0.736082 
0 -0.676892 0.736082 0 -0.676892 0.736082 0 -0.676892 0.736082 
0 -0.676892 0.736082 0 -0.676892 0.736082 0 -0.676892 0.736082 
0 -0.676892 0.736082 0 -0.676892 0.736082 0 -0.676892 0.736082 
0 -0.676892 0.736082 0 -0.676892 0.736082 0 -0.676892 0.736082 
0 -0.676892 0.736082 0 -0.676892 0.736082 0 -0.676892 0.736082 
0 -0.676892 0.736082 0 -0.676892 0.736082 0 -0.676892 0.736082 
0 -0.630831 0.77592 0 -0.630831 0.77592 0 -0.630831 0.77592 
0 -0.630831 0.77592 0 -0.630831 0.77592 0 -0.630831 0.77592 
0 -0.630831 0.77592 0 -0.630831 0.77592 0 -0.630831 0.77592 
0 -0.630831 0.77592 0 -0.630831 0.77592 0 -0.630831 0.77592 
0 -0.630831 0.77592 0 -0.630831 0.77592 0 -0.630831 0.77592 
0 -0.630831 0.77592 0 -0.630831 0.77592 0 -0.630831 0.77592 
0 -0.630831 0.77592 0 -0.630831 0.77592 0 -0.630831 0.77592 
0 -0.630831 0.77592 0 -0.630831 0.77592 0 -0.630831 0.77592 
0 -0.630831 0.77592 0 -0.630831 0.77592 0 -0.630831 0.77592 
0 -0.630831 0.77592 0 -0.630831 0.77592 0 -0.630831 0.77592 
0 -0.630831 0.77592 0 -0.630831 0.77592 0 -0.630831 0.77592 
0 -0.630831 0.77592 0 -0.630831 0.77592 0 -0.630831 0.77592 
0 -0.630831 0.77592 0 -0.630831 0.77592 0 -0.630831 0.77592 
0 -0.630831 0.77592 0 -0.630831 0.77592 0 -0.630831 0.77592 
0 -0.630831 0.77592 0 -0.630831 0.77592 0 -0.630831 0.77592 
0 -0.630831 0.77592 0 -0.630831 0.77592 0 -0.630831 0.77592 
0 -0.630831 0.77592 0 -0.630831 0.77592 0 -0.630831 0.77592 
0 -0.630831 0.77592 0 -0.630831 0.77592 0 -0.630831 0.77592 
0 -0.630831 0.77592 0 -0.630831 0.77592 0 -0.630831 0.77592 
0 -0.630831 0.77592 0 -0.630831 0.77592 0 -0.630831 0.77592 
0 0.676892 0.736082 0 0.630831 0.77592 0 0.676892 0.736082 
0 0.630831 0.77592 0 0.630831 0.77592 0 0.676892 0.736082 
0 0.630831 0.77592 0 0.676892 0.736082 0 0.630831 0.77592 
0 0.676892 0.736082 0 0.630831 0.77592 0 0.676892 0.736082 
0 0.630831 0.77592 0 0.676892 0.736082 0 0.630831 0.77592 
0 0.676892 0.736082 0 0.630831 0.77592 0 0.676892 0.736082 
0 0.630831 0.77592 0 0.676892 0.736082 0 0.630831 0.77592 
0 0.676892 0.736082 0 0.630831 0.77592 0 0.676892 0.736082 
0 0.630831 0.77592 0 0.676892 0.736082 0 0.630831 0.77592 
0 0.676892 0.736082 0 0.630831 0.77592 0 0.676892 0.736082 
0 0.630831 0.77592 0 0.676892 0.736082 0 0.630831 0.77592 
0 0.676892 0.736082 0 0.630831 0.77592 0 0.676892 0.736082 
0 0.630831 0.77592 0 0.676892 0.736082 0 0.630831 0.77592 
0 0.676892 0.736082 0 0.630831 0.77592 0 0.676892 0.736082 
0 0.630831 0.77592 0 0.676892 0.736082 0 0.630831 0.77592 
0 0.676892 0.736082 0 0.630831 0.77592 0 0.676892 0.736082 
0 0.630831 0.77592 0 0.676892 0.736082 0 0.630831 0.77592 
0 0.676892 0.736082 0 0.630831 0.77592 0 0.676892 0.736082 
0 0.630831 0.77592 0 0.676892 0.736082 0 0.630831 0.77592 
0 0.676892 0.736082 0 0.630831 0.77592 0 0.676892 0.736082 
0 0.630831 0.77592 0 0.676892 0.736082 0 0.630831 0.77592 
0 0.676892 0.736082 0 0.630831 0.77592 0 0.676892 0.736082 
0 0.630831 0.77592 0 0.676892 0.736082 0 0.630831 0.77592 
0 0.676892 0.736082 0 0.630831 0.77592 0 0.676892 0.736082 
0 0.630831 0.77592 0 0.676892 0.736082 0 0.630831 0.77592 
0 0.676892 0.736082 0 0.630831 0.77592 0 0.676892 0.736082 
0 0.630831 0.77592 0 0.676892 0.736082 0 0.630831 0.77592 
0 0.676892 0.736082 0 0.630831 0.77592 0 0.676892 0.736082 
0 0.630831 0.77592 0 0.676892 0.736082 0 0.630831 0.77592 
0 0.676892 0.736082 0 0.630831 0.77592 0 0.676892 0.736082 
0 0.630831 0.77592 0 0.676892 0.736082 0 0.630831 0.77592 
0 0.676892 0.736082 0 0.630831 0.77592 0 0.676892 0.736082 
0 0.630831 0.77592 0 0.676892 0.736082 0 0.630831 0.77592 
0 0.676892 0.736082 0 0.630831 0.77592 0 0.676892 0.736082 
0 0.630831 0.77592 0 0.676892 0.736082 0 0.630831 0.77592 
0 0.676892 0.736082 0 0.630831 0.77592 0 0.676892 0.736082 
0 0.630831 0.77592 0 0.676892 0.736082 0 0.630831 0.77592 
0 0.676892 0.736082 0 0.630831 0.77592 0 0.676892 0.736082 
0 0.630831 0.77592 0 0.676892 0.736082 0 0.630831 0.77592 
0 0.676892 0.736082 0 0.630831 0.77592 0 0.676892 0.736082 
0 -0.569078 0.822284 0 -0.569078 0.822284 0 -0.569078 0.822284 
0 -0.569078 0.822284 0 -0.569078 0.822284 0 -0.569078 0.822284 
0 -0.569078 0.822284 0 -0.569078 0.822284 0 -0.569078 0.822284 
0 -0.569078 0.822284 0 -0.569078 0.822284 0 -0.569078 0.822284 
0 -0.569078 0.822284 0 -0.569078 0.822284 0 -0.569078 0.822284 
0 -0.569078 0.822284 0 -0.569078 0.822284 0 -0.569078 0.822284 
0 -0.569078 0.822284 0 -0.569078 0.822284 0 -0.569078 0.822284 
0 -0.569078 0.822284 0 -0.569078 0.822284 0 -0.569078 0.822284 
0 -0.569078 0.822284 0 -0.569078 0.822284 0 -0.569078 0.822284 
0 -0.569078 0.822284 0 -0.569078 0.822284 0 -0.569078 0.822284 
0 -0.569078 0.822284 0 -0.569078 0.822284 0 -0.569078 0.822284 
0 -0.569078 0.822284 0 -0.569078 0.822284 0 -0.569078 0.822284 
0 -0.569078 0.822284 0 -0.569078 0.822284 0 -0.569078 0.822284 
0 -0.569078 0.822284 0 -0.569078 0.822284 0 -0.569078 0.822284 
0 -0.569078 0.822284 0 -0.569078 0.822284 0 -0.569078 0.822284 
0 -0.569078 0.822284 0 -0.569078 0.822284 0 -0.569078 0.822284 
0 -0.569078 0.822284 0 -0.569078 0.822284 0 -0.569078 0.822284 
0 -0.569078 0.822284 0 -0.569078 0.822284 0 -0.569078 0.822284 
0 -0.569078 0.822284 0 -0.569078 0.822284 0 -0.569078 0.822284 
0 -0.569078 0.822284 0 -0.569078 0.822284 0 -0.569078 0.822284 
0 -0.547083 0.837079 0 -0.547083 0.837079 0 -0.547083 0.837079 
0 -0.547083 0.837079 0 -0.547083 0.837079 0 -0.547083 0.837079 
0 -0.547083 0.837079 0 -0.547083 0.837079 0 -0.547083 0.837079 
0 -0.547083 0.837079 0 -0.547083 0.837079 0 -0.547083 0.837079 
0 -0.547083 0.837079 0 -0.547083 0.837079 0 -0.547083 0.837079 
0 -0.547083 0.837079 0 -0.547083 0.837079 0 -0.547083 0.837079 
0 -0.547083 0.837079 0 -0.547083 0.837079 0 -0.547083 0.837079 
0 -0.547083 0.837079 0 -0.547083 0.837079 0 -0.547083 0.837079 
0 -0.547083 0.837079 0 -0.547083 0.837079 0 -0.547083 0.837079 
0 -0.547083 0.837079 0 -0.547083 0.837079 0 -0.547083 0.837079 
0 -0.547083 0.837079 0 -0.547083 0.837079 0 -0.547083 0.837079 
0 -0.547083 0.837079 0 -0.547083 0.837079 0 -0.547083 0.837079 
0 -0.547083 0.837079 0 -0.547083 0.837079 0 -0.547083 0.837079 
0 -0.547083 0.837079 0 -0.547083 0.837079 0 -0.547083 0.837079 
0 -0.547083 0.837079 0 -0.547083 0.837079 0 -0.547083 0.837079 
0 -0.547083 0.837079 0 -0.547083 0.837079 0 -0.547083 0.837079 
0 -0.547083 0.837079 0 -0.547083 0.837079 0 -0.547083 0.837079 
0 -0.547083 0.837079 0 -0.547083 0.837079 0 -0.547083 0.837079 
0 -0.547083 0.837079 0 -0.547083 0.837079 0 -0.547083 0.837079 
0 -0.547083 0.837079 0 -0.547083 0.837079 0 -0.547083 0.837079 
0 0.569078 0.822284 0 0.547083 0.837079 0 0.569078 0.822284 
0 0.547083 0.837079 0 0.547083 0.837079 0 0.569078 0.822284 
0 0.547083 0.837079 0 0.569078 0.822284 0 0.547083 0.837079 
0 0.569078 0.822284 0 0.547083 0.837079 0 0.569078 0.822284 
0 0.547083 0.837079 0 0.569078 0.822284 0 0.547083 0.837079 
0 0.569078 0.822284 0 0.547083 0.837079 0 0.569078 0.822284 
0 0.547083 0.837079 0 0.569078 0.822284 0 0.547083 0.837079 
0 0.569078 0.822284 0 0.547083 0.837079 0 0.569078 0.822284 
0 0.547083 0.837079 0 0.569078 0.822284 0 0.547083 0.837079 
0 0.569078 0.822284 0 0.547083 0.837079 0 0.569078 0.822284 
0 0.547083 0.837079 0 0.569078 0.822284 0 0.547083 0.837079 
0 0.569078 0.822284 0 0.547083 0.837079 0 0.569078 0.822284 
0 0.547083 0.837079 0 0.569078 0.822284 0 0.547083 0.837079 
0 0.569078 0.822284 0 0.547083 0.837079 0 0.569078 0.822284 
0 0.547083 0.837079 0 0.569078 0.822284 0 0.547083 0.837079 
0 0.569078 0.822284 0 0.547083 0.837079 0 0.569078 0.822284 
0 0.547083 0.837079 0 0.569078 0.822284 0 0.547083 0.837079 
0 0.569078 0.822284 0 0.547083 0.837079 0 0.569078 0.822284 
0 0.547083 0.837079 0 0.569078 0.822284 0 0.547083 0.837079 
0 0.569078 0.822284 0 0.547083 0.837079 0 0.569078 0.822284 
0 0.547083 0.837079 0 0.569078 0.822284 0 0.547083 0.837079 
0 0.569078 0.822284 0 0.547083 0.837079 0 0.569078 0.822284 
0 0.547083 0.837079 0 0.569078 0.822284 0 0.547083 0.837079 
0 0.569078 0.822284 0 0.547083 0.837079 0 0.569078 0.822284 
0 0.547083 0.837079 0 0.569078 0.822284 0 0.547083 0.837079 
0 0.569078 0.822284 0 0.547083 0.837079 0 0.569078 0.822284 
0 0.547083 0.837079 0 0.569078 0.822284 0 0.547083 0.837079 
0 0.569078 0.822284 0 0.547083 0.837079 0 0.569078 0.822284 
0 0.547083 0.837079 0 0.569078 0.822284 0 0.547083 0.837079 
0 0.569078 0.822284 0 0.547083 0.837079 0 0.569078 0.822284 
0 0.547083 0.837079 0 0.569078 0.822284 0 0.547083 0.837079 
0 0.569078 0.822284 0 0.547083 0.837079 0 0.569078 0.822284 
0 0.547083 0.837079 0 0.569078 0.822284 0 0.547083 0.837079 
0 0.569078 0.822284 0 0.547083 0.837079 0 0.569078 0.822284 
0 0.547083 0.837079 0 0.569078 0.822284 0 0.547083 0.837079 
0 0.569078 0.822284 0 0.547083 0.837079 0 0.569078 0.822284 
0 0.547083 0.837079 0 0.569078 0.822284 0 0.547083 0.837079 
0 0.569078 0.822284 0 0.547083 0.837079 0 0.569078 0.822284 
0 0.547083 0.837079 0 0.569078 0.822284 0 0.547083 0.837079 
0 0.569078 0.822284 0 0.547083 0.837079 0 0.569078 0.822284 
0 -0.513614 0.858022 0 -0.513614 0.858022 0 -0.513614 0.858022 
0 -0.513614 0.858022 0 -0.513614 0.858022 0 -0.513614 0.858022 
0 -0.513614 0.858022 0 -0.513614 0.858022 0 -0.513614 0.858022 
0 -0.513614 0.858022 0 -0.513614 0.858022 0 -0.513614 0.858022 
0 -0.513614 0.858022 0 -0.513614 0.858022 0 -0.513614 0.858022 
0 -0.513614 0.858022 0 -0.513614 0.858022 0 -0.513614 0.858022 
0 -0.513614 0.858022 0 -0.513614 0.858022 0 -0.513614 0.858022 
0 -0.513614 0.858022 0 -0.513614 0.858022 0 -0.513614 0.858022 
0 -0.513614 0.858022 0 -0.513614 0.858022 0 -0.513614 0.858022 
0 -0.513614 0.858022 0 -0.513614 0.858022 0 -0.513614 0.858022 
0 -0.513614 0.858022 0 -0.513614 0.858022 0 -0.513614 0.858022 
0 -0.513614 0.858022 0 -0.513614 0.858022 0 -0.513614 0.858022 
0 -0.513614 0.858022 0 -0.513614 0.858022 0 -0.513614 0.858022 
0 -0.513614 0.858022 0 -0.513614 0.858022 0 -0.513614 0.858022 
0 -0.513614 0.858022 0 -0.513614 0.858022 0 -0.513614 0.858022 
0 -0.513614 0.858022 0 -0.513614 0.858022 0 -0.513614 0.858022 
0 -0.513614 0.858022 0 -0.513614 0.858022 0 -0.513614 0.858022 
0 -0.513614 0.858022 0 -0.513614 0.858022 0 -0.513614 0.858022 
0 -0.513614 0.858022 0 -0.513614 0.858022 0 -0.513614 0.858022 
0 -0.513614 0.858022 0 -0.513614 0.858022 0 -0.513614 0.858022 
0 -0.450794 0.892628 0 -0.450794 0.892628 0 -0.450794 0.892628 
0 -0.450794 0.892628 0 -0.450794 0.892628 0 -0.450794 0.892628 
0 -0.450794 0.892628 0 -0.450794 0.892628 0 -0.450794 0.892628 
0 -0.450794 0.892628 0 -0.450794 0.892628 0 -0.450794 0.892628 
0 -0.450794 0.892628 0 -0.450794 0.892628 0 -0.450794 0.892628 
0 -0.450794 0.892628 0 -0.450794 0.892628 0 -0.450794 0.892628 
0 -0.450794 0.892628 0 -0.450794 0.892628 0 -0.450794 0.892628 
0 -0.450794 0.892628 0 -0.450794 0.892628 0 -0.450794 0.892628 
0 -0.450794 0.892628 0 -0.450794 0.892628 0 -0.450794 0.892628 
0 -0.450794 0.892628 0 -0.450794 0.892628 0 -0.450794 0.892628 
0 -0.450794 0.892628 0 -0.450794 0.892628 0 -0.450794 0.892628 
0 -0.450794 0.892628 0 -0.450794 0.892628 0 -0.450794 0.892628 
0 -0.450794 0.892628 0 -0.450794 0.892628 0 -0.450794 0.892628 
0 -0.450794 0.892628 0 -0.450794 0.892628 0 -0.450794 0.892628 
0 -0.450794 0.892628 0 -0.450794 0.892628 0 -0.450794 0.892628 
0 -0.450794 0.892628 0 -0.450794 0.892628 0 -0.450794 0.892628 
0 -0.450794 0.892628 0 -0.450794 0.892628 0 -0.450794 0.892628 
0 -0.450794 0.892628 0 -0.450794 0.892628 0 -0.450794 0.892628 
0 -0.450794 0.892628 0 -0.450794 0.892628 0 -0.450794 0.892628 
0 -0.450794 0.892628 0 -0.450794 0.892628 0 -0.450794 0.892628 
0 -0.424328 0.905508 0 -0.424328 0.905508 0 -0.424328 0.905508 
0 -0.424328 0.905508 0 -0.424328 0.905508 0 -0.424328 0.905508 
0 -0.424328 0.905508 0 -0.424328 0.905508 0 -0.424328 0.905508 
0 -0.424328 0.905508 0 -0.424328 0.905508 0 -0.424328 0.905508 
0 -0.424328 0.905508 0 -0.424328 0.905508 0 -0.424328 0.905508 
0 -0.424328 0.905508 0 -0.424328 0.905508 0 -0.424328 0.905508 
0 -0.424328 0.905508 0 -0.424328 0.905508 0 -0.424328 0.905508 
0 -0.424328 0.905508 0 -0.424328 0.905508 0 -0.424328 0.905508 
0 -0.424328 0.905508 0 -0.424328 0.905508 0 -0.424328 0.905508 
0 -0.424328 0.905508 0 -0.424328 0.905508 0 -0.424328 0.905508 
0 -0.424328 0.905508 0 -0.424328 0.905508 0 -0.424328 0.905508 
0 -0.424328 0.905508 0 -0.424328 0.905508 0 -0.424328 0.905508 
0 -0.424328 0.905508 0 -0.424328 0.905508 0 -0.424328 0.905508 
0 -0.424328 0.905508 0 -0.424328 0.905508 0 -0.424328 0.905508 
0 -0.424328 0.905508 0 -0.424328 0.905508 0 -0.424328 0.905508 
0 -0.424328 0.905508 0 -0.424328 0.905508 0 -0.424328 0.905508 
0 -0.424328 0.905508 0 -0.424328 0.905508 0 -0.424328 0.905508 
0 -0.424328 0.905508 0 -0.424328 0.905508 0 -0.424328 0.905508 
0 -0.424328 0.905508 0 -0.424328 0.905508 0 -0.424328 0.905508 
0 -0.424328 0.905508 0 -0.424328 0.905508 0 -0.424328 0.905508 
0 0.450794 0.892628 0 0.424328 0.905508 0 0.450794 0.892628 
0 0.424328 0.905508 0 0.424328 0.905508 0 0.450794 0.892628 
0 0.424328 0.905508 0 0.450794 0.892628 0 0.424328 0.905508 
0 0.450794 0.892628 0 0.424328 0.905508 0 0.450794 0.892628 
0 0.424328 0.905508 0 0.450794 0.892628 0 0.424328 0.905508 
0 0.450794 0.892628 0 0.424328 0.905508 0 0.450794 0.892628 
0 0.424328 0.905508 0 0.450794 0.892628 0 0.424328 0.905508 
0 0.450794 0.892628 0 0.424328 0.905508 0 0.450794 0.892628 
0 0.424328 0.905508 0 0.450794 0.892628 0 0.424328 0.905508 
0 0.450794 0.892628 0 0.424328 0.905508 0 0.450794 0.892628 
0 0.424328 0.905508 0 0.450794 0.892628 0 0.424328 0.905508 
0 0.450794 0.892628 0 0.424328 0.905508 0 0.450794 0.892628 
0 0.424328 0.905508 0 0.450794 0.892628 0 0.424328 0.905508 
0 0.450794 0.892628 0 0.424328 0.905508 0 0.450794 0.892628 
0 0.424328 0.905508 0 0.450794 0.892628 0 0.424328 0.905508 
0 0.450794 0.892628 0 0.424328 0.905508 0 0.450794 0.892628 
0 0.424328 0.905508 0 0.450794 0.892628 0 0.424328 0.905508 
0 0.450794 0.892628 0 0.424328 0.905508 0 0.450794 0.892628 
0 0.424328 0.905508 0 0.450794 0.892628 0 0.424328 0.905508 
0 0.450794 0.892628 0 0.424328 0.905508 0 0.450794 0.892628 
0 0.424328 0.905508 0 0.450794 0.892628 0 0.424328 0.905508 
0 0.450794 0.892628 0 0.424328 0.905508 0 0.450794 0.892628 
0 0.424328 0.905508 0 0.450794 0.892628 0 0.424328 0.905508 
0 0.450794 0.892628 0 0.424328 0.905508 0 0.450794 0.892628 
0 0.424328 0.905508 0 0.450794 0.892628 0 0.424328 0.905508 
0 0.450794 0.892628 0 0.424328 0.905508 0 0.450794 0.892628 
0 0.424328 0.905508 0 0.450794 0.892628 0 0.424328 0.905508 
0 0.450794 0.892628 0 0.424328 0.905508 0 0.450794 0.892628 
0 0.424328 0.905508 0 0.450794 0.892628 0 0.424328 0.905508 
0 0.450794 0.892628 0 0.424328 0.905508 0 0.450794 0.892628 
0 0.424328 0.905508 0 0.450794 0.892628 0 0.424328 0.905508 
0 0.450794 0.892628 0 0.424328 0.905508 0 0.450794 0.892628 
0 0.424328 0.905508 0 0.450794 0.892628 0 0.424328 0.905508 
0 0.450794 0.892628 0 0.424328 0.905508 0 0.450794 0.892628 
0 0.424328 0.905508 0 0.450794 0.892628 0 0.424328 0.905508 
0 0.450794 0.892628 0 0.424328 0.905508 0 0.450794 0.892628 
0 0.424328 0.905508 0 0.450794 0.892628 0 0.424328 0.905508 
0 0.450794 0.892628 0 0.424328 0.905508 0 0.450794 0.892628 
0 0.424328 0.905508 0 0.450794 0.892628 0 0.424328 0.905508 
0 0.450794 0.892628 0 0.424328 0.905508 0 0.450794 0.892628 
0 0.513614 0.858022 0 0.513614 0.858022 0 0.513614 0.858022 
0 0.513614 0.858022 0 0.513614 0.858022 0 0.513614 0.858022 
0 0.513614 0.858022 0 0.513614 0.858022 0 0.513614 0.858022 
0 0.513614 0.858022 0 0.513614 0.858022 0 0.513614 0.858022 
0 0.513614 0.858022 0 0.513614 0.858022 0 0.513614 0.858022 
0 0.513614 0.858022 0 0.513614 0.858022 0 0.513614 0.858022 
0 0.513614 0.858022 0 0.513614 0.858022 0 0.513614 0.858022 
0 0.513614 0.858022 0 0.513614 0.858022 0 0.513614 0.858022 
0 0.513614 0.858022 0 0.513614 0.858022 0 0.513614 0.858022 
0 0.513614 0.858022 0 0.513614 0.858022 0 0.513614 0.858022 
0 0.513614 0.858022 0 0.513614 0.858022 0 0.513614 0.858022 
0 0.513614 0.858022 0 0.513614 0.858022 0 0.513614 0.858022 
0 0.513614 0.858022 0 0.513614 0.858022 0 0.513614 0.858022 
0 0.513614 0.858022 0 0.513614 0.858022 0 0.513614 0.858022 
0 0.513614 0.858022 0 0.513614 0.858022 0 0.513614 0.858022 
0 0.513614 0.858022 0 0.513614 0.858022 0 0.513614 0.858022 
0 0.513614 0.858022 0 0.513614 0.858022 0 0.513614 0.858022 
0 0.513614 0.858022 0 0.513614 0.858022 0 0.513614 0.858022 
0 0.513614 0.858022 0 0.513614 0.858022 0 0.513614 0.858022 
0 0.513614 0.858022 0 0.513614 0.858022 0 0.513614 0.858022 
0 -0.394943 0.918705 0 -0.394943 0.918705 0 -0.394943 0.918705 
0 -0.394943 0.918705 0 -0.394943 0.918705 0 -0.394943 0.918705 
0 -0.394943 0.918705 0 -0.394943 0.918705 0 -0.394943 0.918705 
0 -0.394943 0.918705 0 -0.394943 0.918705 0 -0.394943 0.918705 
0 -0.394943 0.918705 0 -0.394943 0.918705 0 -0.394943 0.918705 
0 -0.394943 0.918705 0 -0.394943 0.918705 0 -0.394943 0.918705 
0 -0.394943 0.918705 0 -0.394943 0.918705 0 -0.394943 0.918705 
0 -0.394943 0.918705 0 -0.394943 0.918705 0 -0.394943 0.918705 
0 -0.394943 0.918705 0 -0.394943 0.918705 0 -0.394943 0.918705 
0 -0.394943 0.918705 0 -0.394943 0.918705 0 -0.394943 0.918705 
0 -0.394943 0.918705 0 -0.394943 0.918705 0 -0.394943 0.918705 
0 -0.394943 0.918705 0 -0.394943 0.918705 0 -0.394943 0.918705 
0 -0.394943 0.918705 0 -0.394943 0.918705 0 -0.394943 0.918705 
0 -0.394943 0.918705 0 -0.394943 0.918705 0 -0.394943 0.918705 
0 -0.394943 0.918705 0 -0.394943 0.918705 0 -0.394943 0.918705 
0 -0.394943 0.918705 0 -0.394943 0.918705 0 -0.394943 0.918705 
0 -0.394943 0.918705 0 -0.394943 0.918705 0 -0.394943 0.918705 
0 -0.394943 0.918705 0 -0.394943 0.918705 0 -0.394943 0.918705 
0 -0.394943 0.918705 0 -0.394943 0.918705 0 -0.394943 0.918705 
0 -0.394943 0.918705 0 -0.394943 0.918705 0 -0.394943 0.918705 
0 -0.307072 0.951686 0 -0.307072 0.951686 0 -0.307072 0.951686 
0 -0.307072 0.951686 0 -0.307072 0.951686 0 -0.307072 0.951686 
0 -0.307072 0.951686 0 -0.307072 0.951686 0 -0.307072 0.951686 
0 -0.307072 0.951686 0 -0.307072 0.951686 0 -0.307072 0.951686 
0 -0.307072 0.951686 0 -0.307072 0.951686 0 -0.307072 0.951686 
0 -0.307072 0.951686 0 -0.307072 0.951686 0 -0.307072 0.951686 
0 -0.307072 0.951686 0 -0.307072 0.951686 0 -0.307072 0.951686 
0 -0.307072 0.951686 0 -0.307072 0.951686 0 -0.307072 0.951686 
0 -0.307072 0.951686 0 -0.307072 0.951686 0 -0.307072 0.951686 
0 -0.307072 0.951686 0 -0.307072 0.951686 0 -0.307072 0.951686 
0 -0.307072 0.951686 0 -0.307072 0.951686 0 -0.307072 0.951686 
0 -0.307072 0.951686 0 -0.307072 0.951686 0 -0.307072 0.951686 
0 -0.307072 0.951686 0 -0.307072 0.951686 0 -0.307072 0.951686 
0 -0.307072 0.951686 0 -0.307072 0.951686 0 -0.307072 0.951686 
0 -0.307072 0.951686 0 -0.307072 0.951686 0 -0.307072 0.951686 
0 -0.307072 0.951686 0 -0.307072 0.951686 0 -0.307072 0.951686 
0 -0.307072 0.951686 0 -0.307072 0.951686 0 -0.307072 0.951686 
0 -0.307072 0.951686 0 -0.307072 0.951686 0 -0.307072 0.951686 
0 -0.307072 0.951686 0 -0.307072 0.951686 0 -0.307072 0.951686 
0 -0.307072 0.951686 0 -0.307072 0.951686 0 -0.307072 0.951686 
0 -0.236474 0.971638 0 -0.236474 0.971638 0 -0.236474 0.971638 
0 -0.236474 0.971638 0 -0.236474 0.971638 0 -0.236474 0.971638 
0 -0.236474 0.971638 0 -0.236474 0.971638 0 -0.236474 0.971638 
0 -0.236474 0.971638 0 -0.236474 0.971638 0 -0.236474 0.971638 
0 -0.236474 0.971638 0 -0.236474 0.971638 0 -0.236474 0.971638 
0 -0.236474 0.971638 0 -0.236474 0.971638 0 -0.236474 0.971638 
0 -0.236474 0.971638 0 -0.236474 0.971638 0 -0.236474 0.971638 
0 -0.236474 0.971638 0 -0.236474 0.971638 0 -0.236474 0.971638 
0 -0.236474 0.971638 0 -0.236474 0.971638 0 -0.236474 0.971638 
0 -0.236474 0.971638 0 -0.236474 0.971638 0 -0.236474 0.971638 
0 -0.236474 0.971638 0 -0.236474 0.971638 0 -0.236474 0.971638 
0 -0.236474 0.971638 0 -0.236474 0.971638 0 -0.236474 0.971638 
0 -0.236474 0.971638 0 -0.236474 0.971638 0 -0.236474 0.971638 
0 -0.236474 0.971638 0 -0.236474 0.971638 0 -0.236474 0.971638 
0 -0.236474 0.971638 0 -0.236474 0.971638 0 -0.236474 0.971638 
0 -0.236474 0.971638 0 -0.236474 0.971638 0 -0.236474 0.971638 
0 -0.236474 0.971638 0 -0.236474 0.971638 0 -0.236474 0.971638 
0 -0.236474 0.971638 0 -0.236474 0.971638 0 -0.236474 0.971638 
0 -0.236474 0.971638 0 -0.236474 0.971638 0 -0.236474 0.971638 
0 -0.236474 0.971638 0 -0.236474 0.971638 0 -0.236474 0.971638 
0 -0.167183 0.985926 0 -0.167183 0.985926 0 -0.167183 0.985926 
0 -0.167183 0.985926 0 -0.167183 0.985926 0 -0.167183 0.985926 
0 -0.167183 0.985926 0 -0.167183 0.985926 0 -0.167183 0.985926 
0 -0.167183 0.985926 0 -0.167183 0.985926 0 -0.167183 0.985926 
0 -0.167183 0.985926 0 -0.167183 0.985926 0 -0.167183 0.985926 
0 -0.167183 0.985926 0 -0.167183 0.985926 0 -0.167183 0.985926 
0 -0.167183 0.985926 0 -0.167183 0.985926 0 -0.167183 0.985926 
0 -0.167183 0.985926 0 -0.167183 0.985926 0 -0.167183 0.985926 
0 -0.167183 0.985926 0 -0.167183 0.985926 0 -0.167183 0.985926 
0 -0.167183 0.985926 0 -0.167183 0.985926 0 -0.167183 0.985926 
0 -0.167183 0.985926 0 -0.167183 0.985926 0 -0.167183 0.985926 
0 -0.167183 0.985926 0 -0.167183 0.985926 0 -0.167183 0.985926 
0 -0.167183 0.985926 0 -0.167183 0.985926 0 -0.167183 0.985926 
0 -0.167183 0.985926 0 -0.167183 0.985926 0 -0.167183 0.985926 
0 -0.167183 0.985926 0 -0.167183 0.985926 0 -0.167183 0.985926 
0 -0.167183 0.985926 0 -0.167183 0.985926 0 -0.167183 0.985926 
0 -0.167183 0.985926 0 -0.167183 0.985926 0 -0.167183 0.985926 
0 -0.167183 0.985926 0 -0.167183 0.985926 0 -0.167183 0.985926 
0 -0.167183 0.985926 0 -0.167183 0.985926 0 -0.167183 0.985926 
0 -0.167183 0.985926 0 -0.167183 0.985926 0 -0.167183 0.985926 
0 -0.0875439 0.996161 0 -0.0875439 0.996161 0 -0.0875439 0.996161 
0 -0.0875439 0.996161 0 -0.0875439 0.996161 0 -0.0875439 0.996161 
0 -0.0875439 0.996161 0 -0.0875439 0.996161 0 -0.0875439 0.996161 
0 -0.0875439 0.996161 0 -0.0875439 0.996161 0 -0.0875439 0.996161 
0 -0.0875439 0.996161 0 -0.0875439 0.996161 0 -0.0875439 0.996161 
0 -0.0875439 0.996161 0 -0.0875439 0.996161 0 -0.0875439 0.996161 
0 -0.0875439 0.996161 0 -0.0875439 0.996161 0 -0.0875439 0.996161 
0 -0.0875439 0.996161 0 -0.0875439 0.996161 0 -0.0875439 0.996161 
0 -0.0875439 0.996161 0 -0.0875439 0.996161 0 -0.0875439 0.996161 
0 -0.0875439 0.996161 0 -0.0875439 0.996161 0 -0.0875439 0.996161 
0 -0.0875439 0.996161 0 -0.0875439 0.996161 0 -0.0875439 0.996161 
0 -0.0875439 0.996161 0 -0.0875439 0.996161 0 -0.0875439 0.996161 
0 -0.0875439 0.996161 0 -0.0875439 0.996161 0 -0.0875439 0.996161 
0 -0.0875439 0.996161 0 -0.0875439 0.996161 0 -0.0875439 0.996161 
0 -0.0875439 0.996161 0 -0.0875439 0.996161 0 -0.0875439 0.996161 
0 -0.0875439 0.996161 0 -0.0875439 0.996161 0 -0.0875439 0.996161 
0 -0.0875439 0.996161 0 -0.0875439 0.996161 0 -0.0875439 0.996161 
0 -0.0875439 0.996161 0 -0.0875439 0.996161 0 -0.0875439 0.996161 
0 -0.0875439 0.996161 0 -0.0875439 0.996161 0 -0.0875439 0.996161 
0 -0.0875439 0.996161 0 -0.0875439 0.996161 0 -0.0875439 0.996161 
0 0 1 0 0 1 0 0 1 
0 0 1 0 0 1 0 0 1 
0 0 1 0 0 1 0 0 1 
0 0 1 0 0 1 0 0 1 
0 0 1 0 0 1 0 0 1 
0 0 1 0 0 1 0 0 1 
0 0 1 0 0 1 0 0 1 
0 0 1 0 0 1 0 0 1 
0 0 1 0 0 1 0 0 1 
0 0 1 0 0 1 0 0 1 
0 0 1 0 0 1 0 0 1 
0 0 1 0 0 1 0 0 1 
0 0 1 0 0 1 0 0 1 
0 0 1 0 0 1 0 0 1 
0 0 1 0 0 1 0 0 1 
0 0 1 0 0 1 0 0 1 
0 0 1 0 0 1 0 0 1 
0 0 1 0 0 1 0 0 1 
0 0 1 0 0 1 0 0 1 
0 0 1 0 0 1 0 0 1 
0 0.0875439 0.996161 0 0.0875439 0.996161 0 0.0875439 0.996161 
0 0.0875439 0.996161 0 0.0875439 0.996161 0 0.0875439 0.996161 
0 0.0875439 0.996161 0 0.0875439 0.996161 0 0.0875439 0.996161 
0 0.0875439 0.996161 0 0.0875439 0.996161 0 0.0875439 0.996161 
0 0.0875439 0.996161 0 0.0875439 0.996161 0 0.0875439 0.996161 
0 0.0875439 0.996161 0 0.0875439 0.996161 0 0.0875439 0.996161 
0 0.0875439 0.996161 0 0.0875439 0.996161 0 0.0875439 0.996161 
0 0.0875439 0.996161 0 0.0875439 0.996161 0 0.0875439 0.996161 
0 0.0875439 0.996161 0 0.0875439 0.996161 0 0.0875439 0.996161 
0 0.0875439 0.996161 0 0.0875439 0.996161 0 0.0875439 0.996161 
0 0.0875439 0.996161 0 0.0875439 0.996161 0 0.0875439 0.996161 
0 0.0875439 0.996161 0 0.0875439 0.996161 0 0.0875439 0.996161 
0 0.0875439 0.996161 0 0.0875439 0.996161 0 0.0875439 0.996161 
0 0.0875439 0.996161 0 0.0875439 0.996161 0 0.0875439 0.996161 
0 0.0875439 0.996161 0 0.0875439 0.996161 0 0.0875439 0.996161 
0 0.0875439 0.996161 0 0.0875439 0.996161 0 0.0875439 0.996161 
0 0.0875439 0.996161 0 0.0875439 0.996161 0 0.0875439 0.996161 
0 0.0875439 0.996161 0 0.0875439 0.996161 0 0.0875439 0.996161 
0 0.0875439 0.996161 0 0.0875439 0.996161 0 0.0875439 0.996161 
0 0.0875439 0.996161 0 0.0875439 0.996161 0 0.0875439 0.996161 
0 0.167183 0.985926 0 0.167183 0.985926 0 0.167183 0.985926 
0 0.167183 0.985926 0 0.167183 0.985926 0 0.167183 0.985926 
0 0.167183 0.985926 0 0.167183 0.985926 0 0.167183 0.985926 
0 0.167183 0.985926 0 0.167183 0.985926 0 0.167183 0.985926 
0 0.167183 0.985926 0 0.167183 0.985926 0 0.167183 0.985926 
0 0.167183 0.985926 0 0.167183 0.985926 0 0.167183 0.985926 
0 0.167183 0.985926 0 0.167183 0.985926 0 0.167183 0.985926 
0 0.167183 0.985926 0 0.167183 0.985926 0 0.167183 0.985926 
0 0.167183 0.985926 0 0.167183 0.985926 0 0.167183 0.985926 
0 0.167183 0.985926 0 0.167183 0.985926 0 0.167183 0.985926 
0 0.167183 0.985926 0 0.167183 0.985926 0 0.167183 0.985926 
0 0.167183 0.985926 0 0.167183 0.985926 0 0.167183 0.985926 
0 0.167183 0.985926 0 0.167183 0.985926 0 0.167183 0.985926 
0 0.167183 0.985926 0 0.167183 0.985926 0 0.167183 0.985926 
0 0.167183 0.985926 0 0.167183 0.985926 0 0.167183 0.985926 
0 0.167183 0.985926 0 0.167183 0.985926 0 0.167183 0.985926 
0 0.167183 0.985926 0 0.167183 0.985926 0 0.167183 0.985926 
0 0.167183 0.985926 0 0.167183 0.985926 0 0.167183 0.985926 
0 0.167183 0.985926 0 0.167183 0.985926 0 0.167183 0.985926 
0 0.167183 0.985926 0 0.167183 0.985926 0 0.167183 0.985926 
0 0.236474 0.971638 0 0.236474 0.971638 0 0.236474 0.971638 
0 0.236474 0.971638 0 0.236474 0.971638 0 0.236474 0.971638 
0 0.236474 0.971638 0 0.236474 0.971638 0 0.236474 0.971638 
0 0.236474 0.971638 0 0.236474 0.971638 0 0.236474 0.971638 
0 0.236474 0.971638 0 0.236474 0.971638 0 0.236474 0.971638 
0 0.236474 0.971638 0 0.236474 0.971638 0 0.236474 0.971638 
0 0.236474 0.971638 0 0.236474 0.971638 0 0.236474 0.971638 
0 0.236474 0.971638 0 0.236474 0.971638 0 0.236474 0.971638 
0 0.236474 0.971638 0 0.236474 0.971638 0 0.236474 0.971638 
0 0.236474 0.971638 0 0.236474 0.971638 0 0.236474 0.971638 
0 0.236474 0.971638 0 0.236474 0.971638 0 0.236474 0.971638 
0 0.236474 0.971638 0 0.236474 0.971638 0 0.236474 0.971638 
0 0.236474 0.971638 0 0.236474 0.971638 0 0.236474 0.971638 
0 0.236474 0.971638 0 0.236474 0.971638 0 0.236474 0.971638 
0 0.236474 0.971638 0 0.236474 0.971638 0 0.236474 0.971638 
0 0.236474 0.971638 0 0.236474 0.971638 0 0.236474 0.971638 
0 0.236474 0.971638 0 0.236474 0.971638 0 0.236474 0.971638 
0 0.236474 0.971638 0 0.236474 0.971638 0 0.236474 0.971638 
0 0.236474 0.971638 0 0.236474 0.971638 0 0.236474 0.971638 
0 0.236474 0.971638 0 0.236474 0.971638 0 0.236474 0.971638 
0 0.307072 0.951686 0 0.307072 0.951686 0 0.307072 0.951686 
0 0.307072 0.951686 0 0.307072 0.951686 0 0.307072 0.951686 
0 0.307072 0.951686 0 0.307072 0.951686 0 0.307072 0.951686 
0 0.307072 0.951686 0 0.307072 0.951686 0 0.307072 0.951686 
0 0.307072 0.951686 0 0.307072 0.951686 0 0.307072 0.951686 
0 0.307072 0.951686 0 0.307072 0.951686 0 0.307072 0.951686 
0 0.307072 0.951686 0 0.307072 0.951686 0 0.307072 0.951686 
0 0.307072 0.951686 0 0.307072 0.951686 0 0.307072 0.951686 
0 0.307072 0.951686 0 0.307072 0.951686 0 0.307072 0.951686 
0 0.307072 0.951686 0 0.307072 0.951686 0 0.307072 0.951686 
0 0.307072 0.951686 0 0.307072 0.951686 0 0.307072 0.951686 
0 0.307072 0.951686 0 0.307072 0.951686 0 0.307072 0.951686 
0 0.307072 0.951686 0 0.307072 0.951686 0 0.307072 0.951686 
0 0.307072 0.951686 0 0.307072 0.951686 0 0.307072 0.951686 
0 0.307072 0.951686 0 0.307072 0.951686 0 0.307072 0.951686 
0 0.307072 0.951686 0 0.307072 0.951686 0 0.307072 0.951686 
0 0.307072 0.951686 0 0.307072 0.951686 0 0.307072 0.951686 
0 0.307072 0.951686 0 0.307072 0.951686 0 0.307072 0.951686 
0 0.307072 0.951686 0 0.307072 0.951686 0 0.307072 0.951686 
0 0.307072 0.951686 0 0.307072 0.951686 0 0.307072 0.951686 
0 0.394943 0.918705 0 0.394943 0.918705 0 0.394943 0.918705 
0 0.394943 0.918705 0 0.394943 0.918705 0 0.394943 0.918705 
0 0.394943 0.918705 0 0.394943 0.918705 0 0.394943 0.918705 
0 0.394943 0.918705 0 0.394943 0.918705 0 0.394943 0.918705 
0 0.394943 0.918705 0 0.394943 0.918705 0 0.394943 0.918705 
0 0.394943 0.918705 0 0.394943 0.918705 0 0.394943 0.918705 
0 0.394943 0.918705 0 0.394943 0.918705 0 0.394943 0.918705 
0 0.394943 0.918705 0 0.394943 0.918705 0 0.394943 0.918705 
0 0.394943 0.918705 0 0.394943 0.918705 0 0.394943 0.918705 
0 0.394943 0.918705 0 0.394943 0.918705 0 0.394943 0.918705 
0 0.394943 0.918705 0 0.394943 0.918705 0 0.394943 0.918705 
0 0.394943 0.918705 0 0.394943 0.918705 0 0.394943 0.918705 
0 0.394943 0.918705 0 0.394943 0.918705 0 0.394943 0.918705 
0 0.394943 0.918705 0 0.394943 0.918705 0 0.394943 0.918705 
0 0.394943 0.918705 0 0.394943 0.918705 0 0.394943 0.918705 
0 0.394943 0.918705 0 0.394943 0.918705 0 0.394943 0.918705 
0 0.394943 0.918705 0 0.394943 0.918705 0 0.394943 0.918705 
0 0.394943 0.918705 0 0.394943 0.918705 0 0.394943 0.918705 
0 0.394943 0.918705 0 0.394943 0.918705 0 0.394943 0.918705 
0 0.394943 0.918705 0 0.394943 0.918705 0 0.394943 0.918705 

