# vtk DataFile Version 5.1
vtk output
ASCII
DATASET POLYDATA
POINTS 9360 float
24 10.9567 0 24 10.9567 1 23.8764 11 1 
23.8764 11 0 25 10.6684 0 25 10.6684 1 
26 10.4416 0 26 10.4416 1 27 10.2663 0 
27 10.2663 1 28 10.1396 0 28 10.1396 1 
29 10.0626 0 29 10.0626 1 30 10.0366 0 
30 10.0366 1 31 10.0626 0 31 10.0626 1 
32 10.1396 0 32 10.1396 1 33 10.2663 0 
33 10.2663 1 34 10.4416 0 34 10.4416 1 
35 10.6684 0 35 10.6684 1 36 10.9567 0 
36 10.9567 1 36.1236 11 0 36.1236 11 1 
22 11.7057 0 22 11.7057 1 21.3754 12 1 
21.3754 12 0 23 11.3069 0 23 11.3069 1 
37 11.3069 1 37 11.3069 0 38 11.7057 0 
38 11.7057 1 38.6246 12 0 38.6246 12 1 
20 12.7187 0 20 12.7187 1 19.5403 13 1 
19.5403 13 0 21 12.1836 0 21 12.1836 1 
39 12.1836 1 39 12.1836 0 40 12.7187 0 
40 12.7187 1 40.4597 13 0 40.4597 13 1 
19 13.3437 0 19 13.3437 1 18.0619 14 1 
18.0619 14 0 41 13.3437 1 41 13.3437 0 
41.9381 14 0 41.9381 14 1 17 14.8474 0 
17 14.8474 1 16.8262 15 1 16.8262 15 0 
18 14.0462 0 18 14.0462 1 42 14.0462 1 
42 14.0462 0 43 14.8474 0 43 14.8474 1 
43.1738 15 0 43.1738 15 1 16 15.7677 0 
16 15.7677 1 15.7677 16 1 15.7677 16 0 
44 15.7677 1 44 15.7677 0 44.2323 16 0 
44.2323 16 1 15 16.8262 0 15 16.8262 1 
14.8474 17 1 14.8474 17 0 45 16.8262 1 
45 16.8262 0 45.1526 17 0 45.1526 17 1 
14.0462 18 0 14.0462 18 1 45.9538 18 0 
45.9538 18 1 14 18.0619 0 14 18.0619 1 
13.3437 19 1 13.3437 19 0 46 18.0619 1 
46 18.0619 0 46.6563 19 0 46.6563 19 1 
13 19.5403 0 13 19.5403 1 12.7187 20 1 
12.7187 20 0 47 19.5403 1 47 19.5403 0 
47.2813 20 0 47.2813 20 1 12.1836 21 0 
12.1836 21 1 47.8164 21 0 47.8164 21 1 
12 21.3754 0 12 21.3754 1 11.7057 22 1 
11.7057 22 0 48 21.3754 1 48 21.3754 0 
48.2943 22 0 48.2943 22 1 11.3069 23 0 
11.3069 23 1 48.6931 23 0 48.6931 23 1 
11 23.8764 0 11 23.8764 1 10.9567 24 1 
10.9567 24 0 49 23.8764 1 49 23.8764 0 
49.0434 24 0 49.0434 24 1 10.6684 25 0 
10.6684 25 1 49.3316 25 0 49.3316 25 1 
10.4416 26 0 10.4416 26 1 49.5584 26 0 
49.5584 26 1 10.2663 27 0 10.2663 27 1 
49.7337 27 0 49.7337 27 1 10.1396 28 0 
10.1396 28 1 49.8604 28 0 49.8604 28 1 
10.0626 29 0 10.0626 29 1 49.9375 29 0 
49.9375 29 1 10.0366 30 0 10.0366 30 1 
49.9634 30 0 49.9634 30 1 10.0626 31 0 
10.0626 31 1 49.9375 31 0 49.9375 31 1 
10.1396 32 0 10.1396 32 1 49.8604 32 0 
49.8604 32 1 10.2663 33 0 10.2663 33 1 
49.7337 33 0 49.7337 33 1 10.4416 34 0 
10.4416 34 1 49.5584 34 0 49.5584 34 1 
10.6684 35 0 10.6684 35 1 49.3316 35 0 
49.3316 35 1 10.9567 36 0 10.9567 36 1 
49.0434 36 0 49.0434 36 1 11 36.1236 1 
11 36.1236 0 11.3069 37 0 11.3069 37 1 
49 36.1236 0 48.6931 37 1 49 36.1236 1 
48.6931 37 0 11.7057 38 0 11.7057 38 1 
48.2943 38 0 48.2943 38 1 12 38.6246 1 
12 38.6246 0 12.1836 39 0 12.1836 39 1 
48 38.6246 0 47.8164 39 1 48 38.6246 1 
47.8164 39 0 12.7187 40 0 12.7187 40 1 
47.2813 40 0 47.2813 40 1 13 40.4597 1 
13 40.4597 0 13.3437 41 0 13.3437 41 1 
47 40.4597 0 46.6563 41 1 47 40.4597 1 
46.6563 41 0 14 41.9381 1 14 41.9381 0 
14.0462 42 0 14.0462 42 1 46 41.9381 0 
45.9538 42 1 46 41.9381 1 45.9538 42 0 
14.8474 43 0 14.8474 43 1 45.1526 43 0 
45.1526 43 1 15 43.1738 1 15 43.1738 0 
15.7677 44 0 15.7677 44 1 45 43.1738 0 
44.2323 44 1 45 43.1738 1 44.2323 44 0 
16 44.2323 1 16 44.2323 0 16.8262 45 0 
16.8262 45 1 44 44.2323 0 43.1738 45 1 
44 44.2323 1 43.1738 45 0 17 45.1526 1 
17 45.1526 0 18 45.9538 0 18 45.9538 1 
18.0619 46 0 18.0619 46 1 42 45.9538 0 
41.9381 46 1 42 45.9538 1 41.9381 46 0 
43 45.1526 0 43 45.1526 1 19 46.6563 1 
19 46.6563 0 19.5403 47 0 19.5403 47 1 
41 46.6563 0 40.4597 47 1 41 46.6563 1 
40.4597 47 0 20 47.2813 1 20 47.2813 0 
21 47.8164 0 21 47.8164 1 21.3754 48 0 
21.3754 48 1 39 47.8164 0 38.6246 48 1 
39 47.8164 1 38.6246 48 0 40 47.2813 0 
40 47.2813 1 22 48.2943 1 22 48.2943 0 
23 48.6931 0 23 48.6931 1 23.8764 49 0 
23.8764 49 1 37 48.6931 0 36.1236 49 1 
37 48.6931 1 36.1236 49 0 38 48.2943 0 
38 48.2943 1 24 49.0434 1 24 49.0434 0 
25 49.3316 0 25 49.3316 1 26 49.5584 0 
26 49.5584 1 27 49.7337 0 27 49.7337 1 
28 49.8604 0 28 49.8604 1 29 49.9375 0 
29 49.9375 1 30 49.9634 0 30 49.9634 1 
31 49.9375 0 31 49.9375 1 32 49.8604 0 
32 49.8604 1 33 49.7337 0 33 49.7337 1 
34 49.5584 0 34 49.5584 1 35 49.3316 0 
35 49.3316 1 36 49.0434 0 36 49.0434 1 
24 10.9567 2 23.8764 11 2 25 10.6684 2 
26 10.4416 2 27 10.2663 2 28 10.1396 2 
29 10.0626 2 30 10.0366 2 31 10.0626 2 
32 10.1396 2 33 10.2663 2 34 10.4416 2 
35 10.6684 2 36 10.9567 2 36.1236 11 2 
22 11.7057 2 21.3754 12 2 23 11.3069 2 
37 11.3069 2 38 11.7057 2 38.6246 12 2 
20 12.7187 2 19.5403 13 2 21 12.1836 2 
39 12.1836 2 40 12.7187 2 40.4597 13 2 
19 13.3437 2 18.0619 14 2 41 13.3437 2 
41.9381 14 2 17 14.8474 2 16.8262 15 2 
18 14.0462 2 42 14.0462 2 43 14.8474 2 
43.1738 15 2 16 15.7677 2 15.7677 16 2 
44 15.7677 2 44.2323 16 2 15 16.8262 2 
14.8474 17 2 45 16.8262 2 45.1526 17 2 
14.0462 18 2 45.9538 18 2 14 18.0619 2 
13.3437 19 2 46 18.0619 2 46.6563 19 2 
13 19.5403 2 12.7187 20 2 47 19.5403 2 
47.2813 20 2 12.1836 21 2 47.8164 21 2 
12 21.3754 2 11.7057 22 2 48 21.3754 2 
48.2943 22 2 11.3069 23 2 48.6931 23 2 
11 23.8764 2 10.9567 24 2 49 23.8764 2 
49.0434 24 2 10.6684 25 2 49.3316 25 2 
10.4416 26 2 49.5584 26 2 10.2663 27 2 
49.7337 27 2 10.1396 28 2 49.8604 28 2 
10.0626 29 2 49.9375 29 2 10.0366 30 2 
49.9634 30 2 10.0626 31 2 49.9375 31 2 
10.1396 32 2 49.8604 32 2 10.2663 33 2 
49.7337 33 2 10.4416 34 2 49.5584 34 2 
10.6684 35 2 49.3316 35 2 10.9567 36 2 
49.0434 36 2 11 36.1236 2 11.3069 37 2 
48.6931 37 2 49 36.1236 2 11.7057 38 2 
48.2943 38 2 12 38.6246 2 12.1836 39 2 
47.8164 39 2 48 38.6246 2 12.7187 40 2 
47.2813 40 2 13 40.4597 2 13.3437 41 2 
46.6563 41 2 47 40.4597 2 14 41.9381 2 
14.0462 42 2 45.9538 42 2 46 41.9381 2 
14.8474 43 2 45.1526 43 2 15 43.1738 2 
15.7677 44 2 44.2323 44 2 45 43.1738 2 
16 44.2323 2 16.8262 45 2 43.1738 45 2 
44 44.2323 2 17 45.1526 2 18 45.9538 2 
18.0619 46 2 41.9381 46 2 42 45.9538 2 
43 45.1526 2 19 46.6563 2 19.5403 47 2 
40.4597 47 2 41 46.6563 2 20 47.2813 2 
21 47.8164 2 21.3754 48 2 38.6246 48 2 
39 47.8164 2 40 47.2813 2 22 48.2943 2 
23 48.6931 2 23.8764 49 2 36.1236 49 2 
37 48.6931 2 38 48.2943 2 24 49.0434 2 
25 49.3316 2 26 49.5584 2 27 49.7337 2 
28 49.8604 2 29 49.9375 2 30 49.9634 2 
31 49.9375 2 32 49.8604 2 33 49.7337 2 
34 49.5584 2 35 49.3316 2 36 49.0434 2 
24 10.9567 3 23.8764 11 3 25 10.6684 3 
26 10.4416 3 27 10.2663 3 28 10.1396 3 
29 10.0626 3 30 10.0366 3 31 10.0626 3 
32 10.1396 3 33 10.2663 3 34 10.4416 3 
35 10.6684 3 36 10.9567 3 36.1236 11 3 
22 11.7057 3 21.3754 12 3 23 11.3069 3 
37 11.3069 3 38 11.7057 3 38.6246 12 3 
20 12.7187 3 19.5403 13 3 21 12.1836 3 
39 12.1836 3 40 12.7187 3 40.4597 13 3 
19 13.3437 3 18.0619 14 3 41 13.3437 3 
41.9381 14 3 17 14.8474 3 16.8262 15 3 
18 14.0462 3 42 14.0462 3 43 14.8474 3 
43.1738 15 3 16 15.7677 3 15.7677 16 3 
44 15.7677 3 44.2323 16 3 15 16.8262 3 
14.8474 17 3 45 16.8262 3 45.1526 17 3 
14.0462 18 3 45.9538 18 3 14 18.0619 3 
13.3437 19 3 46 18.0619 3 46.6563 19 3 
13 19.5403 3 12.7187 20 3 47 19.5403 3 
47.2813 20 3 12.1836 21 3 47.8164 21 3 
12 21.3754 3 11.7057 22 3 48 21.3754 3 
48.2943 22 3 11.3069 23 3 48.6931 23 3 
11 23.8764 3 10.9567 24 3 49 23.8764 3 
49.0434 24 3 10.6684 25 3 49.3316 25 3 
10.4416 26 3 49.5584 26 3 10.2663 27 3 
49.7337 27 3 10.1396 28 3 49.8604 28 3 
10.0626 29 3 49.9375 29 3 10.0366 30 3 
49.9634 30 3 10.0626 31 3 49.9375 31 3 
10.1396 32 3 49.8604 32 3 10.2663 33 3 
49.7337 33 3 10.4416 34 3 49.5584 34 3 
10.6684 35 3 49.3316 35 3 10.9567 36 3 
49.0434 36 3 11 36.1236 3 11.3069 37 3 
48.6931 37 3 49 36.1236 3 11.7057 38 3 
48.2943 38 3 12 38.6246 3 12.1836 39 3 
47.8164 39 3 48 38.6246 3 12.7187 40 3 
47.2813 40 3 13 40.4597 3 13.3437 41 3 
46.6563 41 3 47 40.4597 3 14 41.9381 3 
14.0462 42 3 45.9538 42 3 46 41.9381 3 
14.8474 43 3 45.1526 43 3 15 43.1738 3 
15.7677 44 3 44.2323 44 3 45 43.1738 3 
16 44.2323 3 16.8262 45 3 43.1738 45 3 
44 44.2323 3 17 45.1526 3 18 45.9538 3 
18.0619 46 3 41.9381 46 3 42 45.9538 3 
43 45.1526 3 19 46.6563 3 19.5403 47 3 
40.4597 47 3 41 46.6563 3 20 47.2813 3 
21 47.8164 3 21.3754 48 3 38.6246 48 3 
39 47.8164 3 40 47.2813 3 22 48.2943 3 
23 48.6931 3 23.8764 49 3 36.1236 49 3 
37 48.6931 3 38 48.2943 3 24 49.0434 3 
25 49.3316 3 26 49.5584 3 27 49.7337 3 
28 49.8604 3 29 49.9375 3 30 49.9634 3 
31 49.9375 3 32 49.8604 3 33 49.7337 3 
34 49.5584 3 35 49.3316 3 36 49.0434 3 
24 10.9567 4 23.8764 11 4 25 10.6684 4 
26 10.4416 4 27 10.2663 4 28 10.1396 4 
29 10.0626 4 30 10.0366 4 31 10.0626 4 
32 10.1396 4 33 10.2663 4 34 10.4416 4 
35 10.6684 4 36 10.9567 4 36.1236 11 4 
22 11.7057 4 21.3754 12 4 23 11.3069 4 
37 11.3069 4 38 11.7057 4 38.6246 12 4 
20 12.7187 4 19.5403 13 4 21 12.1836 4 
39 12.1836 4 40 12.7187 4 40.4597 13 4 
19 13.3437 4 18.0619 14 4 41 13.3437 4 
41.9381 14 4 17 14.8474 4 16.8262 15 4 
18 14.0462 4 42 14.0462 4 43 14.8474 4 
43.1738 15 4 16 15.7677 4 15.7677 16 4 
44 15.7677 4 44.2323 16 4 15 16.8262 4 
14.8474 17 4 45 16.8262 4 45.1526 17 4 
14.0462 18 4 45.9538 18 4 14 18.0619 4 
13.3437 19 4 46 18.0619 4 46.6563 19 4 
13 19.5403 4 12.7187 20 4 47 19.5403 4 
47.2813 20 4 12.1836 21 4 47.8164 21 4 
12 21.3754 4 11.7057 22 4 48 21.3754 4 
48.2943 22 4 11.3069 23 4 48.6931 23 4 
11 23.8764 4 10.9567 24 4 49 23.8764 4 
49.0434 24 4 10.6684 25 4 49.3316 25 4 
10.4416 26 4 49.5584 26 4 10.2663 27 4 
49.7337 27 4 10.1396 28 4 49.8604 28 4 
10.0626 29 4 49.9375 29 4 10.0366 30 4 
49.9634 30 4 10.0626 31 4 49.9375 31 4 
10.1396 32 4 49.8604 32 4 10.2663 33 4 
49.7337 33 4 10.4416 34 4 49.5584 34 4 
10.6684 35 4 49.3316 35 4 10.9567 36 4 
49.0434 36 4 11 36.1236 4 11.3069 37 4 
48.6931 37 4 49 36.1236 4 11.7057 38 4 
48.2943 38 4 12 38.6246 4 12.1836 39 4 
47.8164 39 4 48 38.6246 4 12.7187 40 4 
47.2813 40 4 13 40.4597 4 13.3437 41 4 
46.6563 41 4 47 40.4597 4 14 41.9381 4 
14.0462 42 4 45.9538 42 4 46 41.9381 4 
14.8474 43 4 45.1526 43 4 15 43.1738 4 
15.7677 44 4 44.2323 44 4 45 43.1738 4 
16 44.2323 4 16.8262 45 4 43.1738 45 4 
44 44.2323 4 17 45.1526 4 18 45.9538 4 
18.0619 46 4 41.9381 46 4 42 45.9538 4 
43 45.1526 4 19 46.6563 4 19.5403 47 4 
40.4597 47 4 41 46.6563 4 20 47.2813 4 
21 47.8164 4 21.3754 48 4 38.6246 48 4 
39 47.8164 4 40 47.2813 4 22 48.2943 4 
23 48.6931 4 23.8764 49 4 36.1236 49 4 
37 48.6931 4 38 48.2943 4 24 49.0434 4 
25 49.3316 4 26 49.5584 4 27 49.7337 4 
28 49.8604 4 29 49.9375 4 30 49.9634 4 
31 49.9375 4 32 49.8604 4 33 49.7337 4 
34 49.5584 4 35 49.3316 4 36 49.0434 4 
24 10.9567 5 23.8764 11 5 25 10.6684 5 
26 10.4416 5 27 10.2663 5 28 10.1396 5 
29 10.0626 5 30 10.0366 5 31 10.0626 5 
32 10.1396 5 33 10.2663 5 34 10.4416 5 
35 10.6684 5 36 10.9567 5 36.1236 11 5 
22 11.7057 5 21.3754 12 5 23 11.3069 5 
37 11.3069 5 38 11.7057 5 38.6246 12 5 
20 12.7187 5 19.5403 13 5 21 12.1836 5 
39 12.1836 5 40 12.7187 5 40.4597 13 5 
19 13.3437 5 18.0619 14 5 41 13.3437 5 
41.9381 14 5 17 14.8474 5 16.8262 15 5 
18 14.0462 5 42 14.0462 5 43 14.8474 5 
43.1738 15 5 16 15.7677 5 15.7677 16 5 
44 15.7677 5 44.2323 16 5 15 16.8262 5 
14.8474 17 5 45 16.8262 5 45.1526 17 5 
14.0462 18 5 45.9538 18 5 14 18.0619 5 
13.3437 19 5 46 18.0619 5 46.6563 19 5 
13 19.5403 5 12.7187 20 5 47 19.5403 5 
47.2813 20 5 12.1836 21 5 47.8164 21 5 
12 21.3754 5 11.7057 22 5 48 21.3754 5 
48.2943 22 5 11.3069 23 5 48.6931 23 5 
11 23.8764 5 10.9567 24 5 49 23.8764 5 
49.0434 24 5 10.6684 25 5 49.3316 25 5 
10.4416 26 5 49.5584 26 5 10.2663 27 5 
49.7337 27 5 10.1396 28 5 49.8604 28 5 
10.0626 29 5 49.9375 29 5 10.0366 30 5 
49.9634 30 5 10.0626 31 5 49.9375 31 5 
10.1396 32 5 49.8604 32 5 10.2663 33 5 
49.7337 33 5 10.4416 34 5 49.5584 34 5 
10.6684 35 5 49.3316 35 5 10.9567 36 5 
49.0434 36 5 11 36.1236 5 11.3069 37 5 
48.6931 37 5 49 36.1236 5 11.7057 38 5 
48.2943 38 5 12 38.6246 5 12.1836 39 5 
47.8164 39 5 48 38.6246 5 12.7187 40 5 
47.2813 40 5 13 40.4597 5 13.3437 41 5 
46.6563 41 5 47 40.4597 5 14 41.9381 5 
14.0462 42 5 45.9538 42 5 46 41.9381 5 
14.8474 43 5 45.1526 43 5 15 43.1738 5 
15.7677 44 5 44.2323 44 5 45 43.1738 5 
16 44.2323 5 16.8262 45 5 43.1738 45 5 
44 44.2323 5 17 45.1526 5 18 45.9538 5 
18.0619 46 5 41.9381 46 5 42 45.9538 5 
43 45.1526 5 19 46.6563 5 19.5403 47 5 
40.4597 47 5 41 46.6563 5 20 47.2813 5 
21 47.8164 5 21.3754 48 5 38.6246 48 5 
39 47.8164 5 40 47.2813 5 22 48.2943 5 
23 48.6931 5 23.8764 49 5 36.1236 49 5 
37 48.6931 5 38 48.2943 5 24 49.0434 5 
25 49.3316 5 26 49.5584 5 27 49.7337 5 
28 49.8604 5 29 49.9375 5 30 49.9634 5 
31 49.9375 5 32 49.8604 5 33 49.7337 5 
34 49.5584 5 35 49.3316 5 36 49.0434 5 
24 10.9567 6 23.8764 11 6 25 10.6684 6 
26 10.4416 6 27 10.2663 6 28 10.1396 6 
29 10.0626 6 30 10.0366 6 31 10.0626 6 
32 10.1396 6 33 10.2663 6 34 10.4416 6 
35 10.6684 6 36 10.9567 6 36.1236 11 6 
22 11.7057 6 21.3754 12 6 23 11.3069 6 
37 11.3069 6 38 11.7057 6 38.6246 12 6 
20 12.7187 6 19.5403 13 6 21 12.1836 6 
39 12.1836 6 40 12.7187 6 40.4597 13 6 
19 13.3437 6 18.0619 14 6 41 13.3437 6 
41.9381 14 6 17 14.8474 6 16.8262 15 6 
18 14.0462 6 42 14.0462 6 43 14.8474 6 
43.1738 15 6 16 15.7677 6 15.7677 16 6 
44 15.7677 6 44.2323 16 6 15 16.8262 6 
14.8474 17 6 45 16.8262 6 45.1526 17 6 
14.0462 18 6 45.9538 18 6 14 18.0619 6 
13.3437 19 6 46 18.0619 6 46.6563 19 6 
13 19.5403 6 12.7187 20 6 47 19.5403 6 
47.2813 20 6 12.1836 21 6 47.8164 21 6 
12 21.3754 6 11.7057 22 6 48 21.3754 6 
48.2943 22 6 11.3069 23 6 48.6931 23 6 
11 23.8764 6 10.9567 24 6 49 23.8764 6 
49.0434 24 6 10.6684 25 6 49.3316 25 6 
10.4416 26 6 49.5584 26 6 10.2663 27 6 
49.7337 27 6 10.1396 28 6 49.8604 28 6 
10.0626 29 6 49.9375 29 6 10.0366 30 6 
49.9634 30 6 10.0626 31 6 49.9375 31 6 
10.1396 32 6 49.8604 32 6 10.2663 33 6 
49.7337 33 6 10.4416 34 6 49.5584 34 6 
10.6684 35 6 49.3316 35 6 10.9567 36 6 
49.0434 36 6 11 36.1236 6 11.3069 37 6 
48.6931 37 6 49 36.1236 6 11.7057 38 6 
48.2943 38 6 12 38.6246 6 12.1836 39 6 
47.8164 39 6 48 38.6246 6 12.7187 40 6 
47.2813 40 6 13 40.4597 6 13.3437 41 6 
46.6563 41 6 47 40.4597 6 14 41.9381 6 
14.0462 42 6 45.9538 42 6 46 41.9381 6 
14.8474 43 6 45.1526 43 6 15 43.1738 6 
15.7677 44 6 44.2323 44 6 45 43.1738 6 
16 44.2323 6 16.8262 45 6 43.1738 45 6 
44 44.2323 6 17 45.1526 6 18 45.9538 6 
18.0619 46 6 41.9381 46 6 42 45.9538 6 
43 45.1526 6 19 46.6563 6 19.5403 47 6 
40.4597 47 6 41 46.6563 6 20 47.2813 6 
21 47.8164 6 21.3754 48 6 38.6246 48 6 
39 47.8164 6 40 47.2813 6 22 48.2943 6 
23 48.6931 6 23.8764 49 6 36.1236 49 6 
37 48.6931 6 38 48.2943 6 24 49.0434 6 
25 49.3316 6 26 49.5584 6 27 49.7337 6 
28 49.8604 6 29 49.9375 6 30 49.9634 6 
31 49.9375 6 32 49.8604 6 33 49.7337 6 
34 49.5584 6 35 49.3316 6 36 49.0434 6 
24 10.9567 7 23.8764 11 7 25 10.6684 7 
26 10.4416 7 27 10.2663 7 28 10.1396 7 
29 10.0626 7 30 10.0366 7 31 10.0626 7 
32 10.1396 7 33 10.2663 7 34 10.4416 7 
35 10.6684 7 36 10.9567 7 36.1236 11 7 
22 11.7057 7 21.3754 12 7 23 11.3069 7 
37 11.3069 7 38 11.7057 7 38.6246 12 7 
20 12.7187 7 19.5403 13 7 21 12.1836 7 
39 12.1836 7 40 12.7187 7 40.4597 13 7 
19 13.3437 7 18.0619 14 7 41 13.3437 7 
41.9381 14 7 17 14.8474 7 16.8262 15 7 
18 14.0462 7 42 14.0462 7 43 14.8474 7 
43.1738 15 7 16 15.7677 7 15.7677 16 7 
44 15.7677 7 44.2323 16 7 15 16.8262 7 
14.8474 17 7 45 16.8262 7 45.1526 17 7 
14.0462 18 7 45.9538 18 7 14 18.0619 7 
13.3437 19 7 46 18.0619 7 46.6563 19 7 
13 19.5403 7 12.7187 20 7 47 19.5403 7 
47.2813 20 7 12.1836 21 7 47.8164 21 7 
12 21.3754 7 11.7057 22 7 48 21.3754 7 
48.2943 22 7 11.3069 23 7 48.6931 23 7 
11 23.8764 7 10.9567 24 7 49 23.8764 7 
49.0434 24 7 10.6684 25 7 49.3316 25 7 
10.4416 26 7 49.5584 26 7 10.2663 27 7 
49.7337 27 7 10.1396 28 7 49.8604 28 7 
10.0626 29 7 49.9375 29 7 10.0366 30 7 
49.9634 30 7 10.0626 31 7 49.9375 31 7 
10.1396 32 7 49.8604 32 7 10.2663 33 7 
49.7337 33 7 10.4416 34 7 49.5584 34 7 
10.6684 35 7 49.3316 35 7 10.9567 36 7 
49.0434 36 7 11 36.1236 7 11.3069 37 7 
48.6931 37 7 49 36.1236 7 11.7057 38 7 
48.2943 38 7 12 38.6246 7 12.1836 39 7 
47.8164 39 7 48 38.6246 7 12.7187 40 7 
47.2813 40 7 13 40.4597 7 13.3437 41 7 
46.6563 41 7 47 40.4597 7 14 41.9381 7 
14.0462 42 7 45.9538 42 7 46 41.9381 7 
14.8474 43 7 45.1526 43 7 15 43.1738 7 
15.7677 44 7 44.2323 44 7 45 43.1738 7 
16 44.2323 7 16.8262 45 7 43.1738 45 7 
44 44.2323 7 17 45.1526 7 18 45.9538 7 
18.0619 46 7 41.9381 46 7 42 45.9538 7 
43 45.1526 7 19 46.6563 7 19.5403 47 7 
40.4597 47 7 41 46.6563 7 20 47.2813 7 
21 47.8164 7 21.3754 48 7 38.6246 48 7 
39 47.8164 7 40 47.2813 7 22 48.2943 7 
23 48.6931 7 23.8764 49 7 36.1236 49 7 
37 48.6931 7 38 48.2943 7 24 49.0434 7 
25 49.3316 7 26 49.5584 7 27 49.7337 7 
28 49.8604 7 29 49.9375 7 30 49.9634 7 
31 49.9375 7 32 49.8604 7 33 49.7337 7 
34 49.5584 7 35 49.3316 7 36 49.0434 7 
24 10.9567 8 23.8764 11 8 25 10.6684 8 
26 10.4416 8 27 10.2663 8 28 10.1396 8 
29 10.0626 8 30 10.0366 8 31 10.0626 8 
32 10.1396 8 33 10.2663 8 34 10.4416 8 
35 10.6684 8 36 10.9567 8 36.1236 11 8 
22 11.7057 8 21.3754 12 8 23 11.3069 8 
37 11.3069 8 38 11.7057 8 38.6246 12 8 
20 12.7187 8 19.5403 13 8 21 12.1836 8 
39 12.1836 8 40 12.7187 8 40.4597 13 8 
19 13.3437 8 18.0619 14 8 41 13.3437 8 
41.9381 14 8 17 14.8474 8 16.8262 15 8 
18 14.0462 8 42 14.0462 8 43 14.8474 8 
43.1738 15 8 16 15.7677 8 15.7677 16 8 
44 15.7677 8 44.2323 16 8 15 16.8262 8 
14.8474 17 8 45 16.8262 8 45.1526 17 8 
14.0462 18 8 45.9538 18 8 14 18.0619 8 
13.3437 19 8 46 18.0619 8 46.6563 19 8 
13 19.5403 8 12.7187 20 8 47 19.5403 8 
47.2813 20 8 12.1836 21 8 47.8164 21 8 
12 21.3754 8 11.7057 22 8 48 21.3754 8 
48.2943 22 8 11.3069 23 8 48.6931 23 8 
11 23.8764 8 10.9567 24 8 49 23.8764 8 
49.0434 24 8 10.6684 25 8 49.3316 25 8 
10.4416 26 8 49.5584 26 8 10.2663 27 8 
49.7337 27 8 10.1396 28 8 49.8604 28 8 
10.0626 29 8 49.9375 29 8 10.0366 30 8 
49.9634 30 8 10.0626 31 8 49.9375 31 8 
10.1396 32 8 49.8604 32 8 10.2663 33 8 
49.7337 33 8 10.4416 34 8 49.5584 34 8 
10.6684 35 8 49.3316 35 8 10.9567 36 8 
49.0434 36 8 11 36.1236 8 11.3069 37 8 
48.6931 37 8 49 36.1236 8 11.7057 38 8 
48.2943 38 8 12 38.6246 8 12.1836 39 8 
47.8164 39 8 48 38.6246 8 12.7187 40 8 
47.2813 40 8 13 40.4597 8 13.3437 41 8 
46.6563 41 8 47 40.4597 8 14 41.9381 8 
14.0462 42 8 45.9538 42 8 46 41.9381 8 
14.8474 43 8 45.1526 43 8 15 43.1738 8 
15.7677 44 8 44.2323 44 8 45 43.1738 8 
16 44.2323 8 16.8262 45 8 43.1738 45 8 
44 44.2323 8 17 45.1526 8 18 45.9538 8 
18.0619 46 8 41.9381 46 8 42 45.9538 8 
43 45.1526 8 19 46.6563 8 19.5403 47 8 
40.4597 47 8 41 46.6563 8 20 47.2813 8 
21 47.8164 8 21.3754 48 8 38.6246 48 8 
39 47.8164 8 40 47.2813 8 22 48.2943 8 
23 48.6931 8 23.8764 49 8 36.1236 49 8 
37 48.6931 8 38 48.2943 8 24 49.0434 8 
25 49.3316 8 26 49.5584 8 27 49.7337 8 
28 49.8604 8 29 49.9375 8 30 49.9634 8 
31 49.9375 8 32 49.8604 8 33 49.7337 8 
34 49.5584 8 35 49.3316 8 36 49.0434 8 
24 10.9567 9 23.8764 11 9 25 10.6684 9 
26 10.4416 9 27 10.2663 9 28 10.1396 9 
29 10.0626 9 30 10.0366 9 31 10.0626 9 
32 10.1396 9 33 10.2663 9 34 10.4416 9 
35 10.6684 9 36 10.9567 9 36.1236 11 9 
22 11.7057 9 21.3754 12 9 23 11.3069 9 
37 11.3069 9 38 11.7057 9 38.6246 12 9 
20 12.7187 9 19.5403 13 9 21 12.1836 9 
39 12.1836 9 40 12.7187 9 40.4597 13 9 
19 13.3437 9 18.0619 14 9 41 13.3437 9 
41.9381 14 9 17 14.8474 9 16.8262 15 9 
18 14.0462 9 42 14.0462 9 43 14.8474 9 
43.1738 15 9 16 15.7677 9 15.7677 16 9 
44 15.7677 9 44.2323 16 9 15 16.8262 9 
14.8474 17 9 45 16.8262 9 45.1526 17 9 
14.0462 18 9 45.9538 18 9 14 18.0619 9 
13.3437 19 9 46 18.0619 9 46.6563 19 9 
13 19.5403 9 12.7187 20 9 47 19.5403 9 
47.2813 20 9 12.1836 21 9 47.8164 21 9 
12 21.3754 9 11.7057 22 9 48 21.3754 9 
48.2943 22 9 11.3069 23 9 48.6931 23 9 
11 23.8764 9 10.9567 24 9 49 23.8764 9 
49.0434 24 9 10.6684 25 9 49.3316 25 9 
10.4416 26 9 49.5584 26 9 10.2663 27 9 
49.7337 27 9 10.1396 28 9 49.8604 28 9 
10.0626 29 9 49.9375 29 9 10.0366 30 9 
49.9634 30 9 10.0626 31 9 49.9375 31 9 
10.1396 32 9 49.8604 32 9 10.2663 33 9 
49.7337 33 9 10.4416 34 9 49.5584 34 9 
10.6684 35 9 49.3316 35 9 10.9567 36 9 
49.0434 36 9 11 36.1236 9 11.3069 37 9 
48.6931 37 9 49 36.1236 9 11.7057 38 9 
48.2943 38 9 12 38.6246 9 12.1836 39 9 
47.8164 39 9 48 38.6246 9 12.7187 40 9 
47.2813 40 9 13 40.4597 9 13.3437 41 9 
46.6563 41 9 47 40.4597 9 14 41.9381 9 
14.0462 42 9 45.9538 42 9 46 41.9381 9 
14.8474 43 9 45.1526 43 9 15 43.1738 9 
15.7677 44 9 44.2323 44 9 45 43.1738 9 
16 44.2323 9 16.8262 45 9 43.1738 45 9 
44 44.2323 9 17 45.1526 9 18 45.9538 9 
18.0619 46 9 41.9381 46 9 42 45.9538 9 
43 45.1526 9 19 46.6563 9 19.5403 47 9 
40.4597 47 9 41 46.6563 9 20 47.2813 9 
21 47.8164 9 21.3754 48 9 38.6246 48 9 
39 47.8164 9 40 47.2813 9 22 48.2943 9 
23 48.6931 9 23.8764 49 9 36.1236 49 9 
37 48.6931 9 38 48.2943 9 24 49.0434 9 
25 49.3316 9 26 49.5584 9 27 49.7337 9 
28 49.8604 9 29 49.9375 9 30 49.9634 9 
31 49.9375 9 32 49.8604 9 33 49.7337 9 
34 49.5584 9 35 49.3316 9 36 49.0434 9 
24 10.9567 10 23.8764 11 10 25 10.6684 10 
26 10.4416 10 27 10.2663 10 28 10.1396 10 
29 10.0626 10 30 10.0366 10 31 10.0626 10 
32 10.1396 10 33 10.2663 10 34 10.4416 10 
35 10.6684 10 36 10.9567 10 36.1236 11 10 
22 11.7057 10 21.3754 12 10 23 11.3069 10 
37 11.3069 10 38 11.7057 10 38.6246 12 10 
20 12.7187 10 19.5403 13 10 21 12.1836 10 
39 12.1836 10 40 12.7187 10 40.4597 13 10 
19 13.3437 10 18.0619 14 10 41 13.3437 10 
41.9381 14 10 17 14.8474 10 16.8262 15 10 
18 14.0462 10 42 14.0462 10 43 14.8474 10 
43.1738 15 10 16 15.7677 10 15.7677 16 10 
44 15.7677 10 44.2323 16 10 15 16.8262 10 
14.8474 17 10 45 16.8262 10 45.1526 17 10 
14.0462 18 10 45.9538 18 10 14 18.0619 10 
13.3437 19 10 46 18.0619 10 46.6563 19 10 
13 19.5403 10 12.7187 20 10 47 19.5403 10 
47.2813 20 10 12.1836 21 10 47.8164 21 10 
12 21.3754 10 11.7057 22 10 48 21.3754 10 
48.2943 22 10 11.3069 23 10 48.6931 23 10 
11 23.8764 10 10.9567 24 10 49 23.8764 10 
49.0434 24 10 10.6684 25 10 49.3316 25 10 
10.4416 26 10 49.5584 26 10 10.2663 27 10 
49.7337 27 10 10.1396 28 10 49.8604 28 10 
10.0626 29 10 49.9375 29 10 10.0366 30 10 
49.9634 30 10 10.0626 31 10 49.9375 31 10 
10.1396 32 10 49.8604 32 10 10.2663 33 10 
49.7337 33 10 10.4416 34 10 49.5584 34 10 
10.6684 35 10 49.3316 35 10 10.9567 36 10 
49.0434 36 10 11 36.1236 10 11.3069 37 10 
48.6931 37 10 49 36.1236 10 11.7057 38 10 
48.2943 38 10 12 38.6246 10 12.1836 39 10 
47.8164 39 10 48 38.6246 10 12.7187 40 10 
47.2813 40 10 13 40.4597 10 13.3437 41 10 
46.6563 41 10 47 40.4597 10 14 41.9381 10 
14.0462 42 10 45.9538 42 10 46 41.9381 10 
14.8474 43 10 45.1526 43 10 15 43.1738 10 
15.7677 44 10 44.2323 44 10 45 43.1738 10 
16 44.2323 10 16.8262 45 10 43.1738 45 10 
44 44.2323 10 17 45.1526 10 18 45.9538 10 
18.0619 46 10 41.9381 46 10 42 45.9538 10 
43 45.1526 10 19 46.6563 10 19.5403 47 10 
40.4597 47 10 41 46.6563 10 20 47.2813 10 
21 47.8164 10 21.3754 48 10 38.6246 48 10 
39 47.8164 10 40 47.2813 10 22 48.2943 10 
23 48.6931 10 23.8764 49 10 36.1236 49 10 
37 48.6931 10 38 48.2943 10 24 49.0434 10 
25 49.3316 10 26 49.5584 10 27 49.7337 10 
28 49.8604 10 29 49.9375 10 30 49.9634 10 
31 49.9375 10 32 49.8604 10 33 49.7337 10 
34 49.5584 10 35 49.3316 10 36 49.0434 10 
24 10.9567 11 23.8764 11 11 25 10.6684 11 
26 10.4416 11 27 10.2663 11 28 10.1396 11 
29 10.0626 11 30 10.0366 11 31 10.0626 11 
32 10.1396 11 33 10.2663 11 34 10.4416 11 
35 10.6684 11 36 10.9567 11 36.1236 11 11 
22 11.7057 11 21.3754 12 11 23 11.3069 11 
37 11.3069 11 38 11.7057 11 38.6246 12 11 
20 12.7187 11 19.5403 13 11 21 12.1836 11 
39 12.1836 11 40 12.7187 11 40.4597 13 11 
19 13.3437 11 18.0619 14 11 41 13.3437 11 
41.9381 14 11 17 14.8474 11 16.8262 15 11 
18 14.0462 11 42 14.0462 11 43 14.8474 11 
43.1738 15 11 16 15.7677 11 15.7677 16 11 
44 15.7677 11 44.2323 16 11 15 16.8262 11 
14.8474 17 11 45 16.8262 11 45.1526 17 11 
14.0462 18 11 45.9538 18 11 14 18.0619 11 
13.3437 19 11 46 18.0619 11 46.6563 19 11 
13 19.5403 11 12.7187 20 11 47 19.5403 11 
47.2813 20 11 12.1836 21 11 47.8164 21 11 
12 21.3754 11 11.7057 22 11 48 21.3754 11 
48.2943 22 11 11.3069 23 11 48.6931 23 11 
11 23.8764 11 10.9567 24 11 49 23.8764 11 
49.0434 24 11 10.6684 25 11 49.3316 25 11 
10.4416 26 11 49.5584 26 11 10.2663 27 11 
49.7337 27 11 10.1396 28 11 49.8604 28 11 
10.0626 29 11 49.9375 29 11 10.0366 30 11 
49.9634 30 11 10.0626 31 11 49.9375 31 11 
10.1396 32 11 49.8604 32 11 10.2663 33 11 
49.7337 33 11 10.4416 34 11 49.5584 34 11 
10.6684 35 11 49.3316 35 11 10.9567 36 11 
49.0434 36 11 11 36.1236 11 11.3069 37 11 
48.6931 37 11 49 36.1236 11 11.7057 38 11 
48.2943 38 11 12 38.6246 11 12.1836 39 11 
47.8164 39 11 48 38.6246 11 12.7187 40 11 
47.2813 40 11 13 40.4597 11 13.3437 41 11 
46.6563 41 11 47 40.4597 11 14 41.9381 11 
14.0462 42 11 45.9538 42 11 46 41.9381 11 
14.8474 43 11 45.1526 43 11 15 43.1738 11 
15.7677 44 11 44.2323 44 11 45 43.1738 11 
16 44.2323 11 16.8262 45 11 43.1738 45 11 
44 44.2323 11 17 45.1526 11 18 45.9538 11 
18.0619 46 11 41.9381 46 11 42 45.9538 11 
43 45.1526 11 19 46.6563 11 19.5403 47 11 
40.4597 47 11 41 46.6563 11 20 47.2813 11 
21 47.8164 11 21.3754 48 11 38.6246 48 11 
39 47.8164 11 40 47.2813 11 22 48.2943 11 
23 48.6931 11 23.8764 49 11 36.1236 49 11 
37 48.6931 11 38 48.2943 11 24 49.0434 11 
25 49.3316 11 26 49.5584 11 27 49.7337 11 
28 49.8604 11 29 49.9375 11 30 49.9634 11 
31 49.9375 11 32 49.8604 11 33 49.7337 11 
34 49.5584 11 35 49.3316 11 36 49.0434 11 
24 10.9567 12 23.8764 11 12 25 10.6684 12 
26 10.4416 12 27 10.2663 12 28 10.1396 12 
29 10.0626 12 30 10.0366 12 31 10.0626 12 
32 10.1396 12 33 10.2663 12 34 10.4416 12 
35 10.6684 12 36 10.9567 12 36.1236 11 12 
22 11.7057 12 21.3754 12 12 23 11.3069 12 
37 11.3069 12 38 11.7057 12 38.6246 12 12 
20 12.7187 12 19.5403 13 12 21 12.1836 12 
39 12.1836 12 40 12.7187 12 40.4597 13 12 
19 13.3437 12 18.0619 14 12 41 13.3437 12 
41.9381 14 12 17 14.8474 12 16.8262 15 12 
18 14.0462 12 42 14.0462 12 43 14.8474 12 
43.1738 15 12 16 15.7677 12 15.7677 16 12 
44 15.7677 12 44.2323 16 12 15 16.8262 12 
14.8474 17 12 45 16.8262 12 45.1526 17 12 
14.0462 18 12 45.9538 18 12 14 18.0619 12 
13.3437 19 12 46 18.0619 12 46.6563 19 12 
13 19.5403 12 12.7187 20 12 47 19.5403 12 
47.2813 20 12 12.1836 21 12 47.8164 21 12 
12 21.3754 12 11.7057 22 12 48 21.3754 12 
48.2943 22 12 11.3069 23 12 48.6931 23 12 
11 23.8764 12 10.9567 24 12 49 23.8764 12 
49.0434 24 12 10.6684 25 12 49.3316 25 12 
10.4416 26 12 49.5584 26 12 10.2663 27 12 
49.7337 27 12 10.1396 28 12 49.8604 28 12 
10.0626 29 12 49.9375 29 12 10.0366 30 12 
49.9634 30 12 10.0626 31 12 49.9375 31 12 
10.1396 32 12 49.8604 32 12 10.2663 33 12 
49.7337 33 12 10.4416 34 12 49.5584 34 12 
10.6684 35 12 49.3316 35 12 10.9567 36 12 
49.0434 36 12 11 36.1236 12 11.3069 37 12 
48.6931 37 12 49 36.1236 12 11.7057 38 12 
48.2943 38 12 12 38.6246 12 12.1836 39 12 
47.8164 39 12 48 38.6246 12 12.7187 40 12 
47.2813 40 12 13 40.4597 12 13.3437 41 12 
46.6563 41 12 47 40.4597 12 14 41.9381 12 
14.0462 42 12 45.9538 42 12 46 41.9381 12 
14.8474 43 12 45.1526 43 12 15 43.1738 12 
15.7677 44 12 44.2323 44 12 45 43.1738 12 
16 44.2323 12 16.8262 45 12 43.1738 45 12 
44 44.2323 12 17 45.1526 12 18 45.9538 12 
18.0619 46 12 41.9381 46 12 42 45.9538 12 
43 45.1526 12 19 46.6563 12 19.5403 47 12 
40.4597 47 12 41 46.6563 12 20 47.2813 12 
21 47.8164 12 21.3754 48 12 38.6246 48 12 
39 47.8164 12 40 47.2813 12 22 48.2943 12 
23 48.6931 12 23.8764 49 12 36.1236 49 12 
37 48.6931 12 38 48.2943 12 24 49.0434 12 
25 49.3316 12 26 49.5584 12 27 49.7337 12 
28 49.8604 12 29 49.9375 12 30 49.9634 12 
31 49.9375 12 32 49.8604 12 33 49.7337 12 
34 49.5584 12 35 49.3316 12 36 49.0434 12 
24 10.9567 13 23.8764 11 13 25 10.6684 13 
26 10.4416 13 27 10.2663 13 28 10.1396 13 
29 10.0626 13 30 10.0366 13 31 10.0626 13 
32 10.1396 13 33 10.2663 13 34 10.4416 13 
35 10.6684 13 36 10.9567 13 36.1236 11 13 
22 11.7057 13 21.3754 12 13 23 11.3069 13 
37 11.3069 13 38 11.7057 13 38.6246 12 13 
20 12.7187 13 19.5403 13 13 21 12.1836 13 
39 12.1836 13 40 12.7187 13 40.4597 13 13 
19 13.3437 13 18.0619 14 13 41 13.3437 13 
41.9381 14 13 17 14.8474 13 16.8262 15 13 
18 14.0462 13 42 14.0462 13 43 14.8474 13 
43.1738 15 13 16 15.7677 13 15.7677 16 13 
44 15.7677 13 44.2323 16 13 15 16.8262 13 
14.8474 17 13 45 16.8262 13 45.1526 17 13 
14.0462 18 13 45.9538 18 13 14 18.0619 13 
13.3437 19 13 46 18.0619 13 46.6563 19 13 
13 19.5403 13 12.7187 20 13 47 19.5403 13 
47.2813 20 13 12.1836 21 13 47.8164 21 13 
12 21.3754 13 11.7057 22 13 48 21.3754 13 
48.2943 22 13 11.3069 23 13 48.6931 23 13 
11 23.8764 13 10.9567 24 13 49 23.8764 13 
49.0434 24 13 10.6684 25 13 49.3316 25 13 
10.4416 26 13 49.5584 26 13 10.2663 27 13 
49.7337 27 13 10.1396 28 13 49.8604 28 13 
10.0626 29 13 49.9375 29 13 10.0366 30 13 
49.9634 30 13 10.0626 31 13 49.9375 31 13 
10.1396 32 13 49.8604 32 13 10.2663 33 13 
49.7337 33 13 10.4416 34 13 49.5584 34 13 
10.6684 35 13 49.3316 35 13 10.9567 36 13 
49.0434 36 13 11 36.1236 13 11.3069 37 13 
48.6931 37 13 49 36.1236 13 11.7057 38 13 
48.2943 38 13 12 38.6246 13 12.1836 39 13 
47.8164 39 13 48 38.6246 13 12.7187 40 13 
47.2813 40 13 13 40.4597 13 13.3437 41 13 
46.6563 41 13 47 40.4597 13 14 41.9381 13 
14.0462 42 13 45.9538 42 13 46 41.9381 13 
14.8474 43 13 45.1526 43 13 15 43.1738 13 
15.7677 44 13 44.2323 44 13 45 43.1738 13 
16 44.2323 13 16.8262 45 13 43.1738 45 13 
44 44.2323 13 17 45.1526 13 18 45.9538 13 
18.0619 46 13 41.9381 46 13 42 45.9538 13 
43 45.1526 13 19 46.6563 13 19.5403 47 13 
40.4597 47 13 41 46.6563 13 20 47.2813 13 
21 47.8164 13 21.3754 48 13 38.6246 48 13 
39 47.8164 13 40 47.2813 13 22 48.2943 13 
23 48.6931 13 23.8764 49 13 36.1236 49 13 
37 48.6931 13 38 48.2943 13 24 49.0434 13 
25 49.3316 13 26 49.5584 13 27 49.7337 13 
28 49.8604 13 29 49.9375 13 30 49.9634 13 
31 49.9375 13 32 49.8604 13 33 49.7337 13 
34 49.5584 13 35 49.3316 13 36 49.0434 13 
24 10.9567 14 23.8764 11 14 25 10.6684 14 
26 10.4416 14 27 10.2663 14 28 10.1396 14 
29 10.0626 14 30 10.0366 14 31 10.0626 14 
32 10.1396 14 33 10.2663 14 34 10.4416 14 
35 10.6684 14 36 10.9567 14 36.1236 11 14 
22 11.7057 14 21.3754 12 14 23 11.3069 14 
37 11.3069 14 38 11.7057 14 38.6246 12 14 
20 12.7187 14 19.5403 13 14 21 12.1836 14 
39 12.1836 14 40 12.7187 14 40.4597 13 14 
19 13.3437 14 18.0619 14 14 41 13.3437 14 
41.9381 14 14 17 14.8474 14 16.8262 15 14 
18 14.0462 14 42 14.0462 14 43 14.8474 14 
43.1738 15 14 16 15.7677 14 15.7677 16 14 
44 15.7677 14 44.2323 16 14 15 16.8262 14 
14.8474 17 14 45 16.8262 14 45.1526 17 14 
14.0462 18 14 45.9538 18 14 14 18.0619 14 
13.3437 19 14 46 18.0619 14 46.6563 19 14 
13 19.5403 14 12.7187 20 14 47 19.5403 14 
47.2813 20 14 12.1836 21 14 47.8164 21 14 
12 21.3754 14 11.7057 22 14 48 21.3754 14 
48.2943 22 14 11.3069 23 14 48.6931 23 14 
11 23.8764 14 10.9567 24 14 49 23.8764 14 
49.0434 24 14 10.6684 25 14 49.3316 25 14 
10.4416 26 14 49.5584 26 14 10.2663 27 14 
49.7337 27 14 10.1396 28 14 49.8604 28 14 
10.0626 29 14 49.9375 29 14 10.0366 30 14 
49.9634 30 14 10.0626 31 14 49.9375 31 14 
10.1396 32 14 49.8604 32 14 10.2663 33 14 
49.7337 33 14 10.4416 34 14 49.5584 34 14 
10.6684 35 14 49.3316 35 14 10.9567 36 14 
49.0434 36 14 11 36.1236 14 11.3069 37 14 
48.6931 37 14 49 36.1236 14 11.7057 38 14 
48.2943 38 14 12 38.6246 14 12.1836 39 14 
47.8164 39 14 48 38.6246 14 12.7187 40 14 
47.2813 40 14 13 40.4597 14 13.3437 41 14 
46.6563 41 14 47 40.4597 14 14 41.9381 14 
14.0462 42 14 45.9538 42 14 46 41.9381 14 
14.8474 43 14 45.1526 43 14 15 43.1738 14 
15.7677 44 14 44.2323 44 14 45 43.1738 14 
16 44.2323 14 16.8262 45 14 43.1738 45 14 
44 44.2323 14 17 45.1526 14 18 45.9538 14 
18.0619 46 14 41.9381 46 14 42 45.9538 14 
43 45.1526 14 19 46.6563 14 19.5403 47 14 
40.4597 47 14 41 46.6563 14 20 47.2813 14 
21 47.8164 14 21.3754 48 14 38.6246 48 14 
39 47.8164 14 40 47.2813 14 22 48.2943 14 
23 48.6931 14 23.8764 49 14 36.1236 49 14 
37 48.6931 14 38 48.2943 14 24 49.0434 14 
25 49.3316 14 26 49.5584 14 27 49.7337 14 
28 49.8604 14 29 49.9375 14 30 49.9634 14 
31 49.9375 14 32 49.8604 14 33 49.7337 14 
34 49.5584 14 35 49.3316 14 36 49.0434 14 
24 10.9567 15 23.8764 11 15 25 10.6684 15 
26 10.4416 15 27 10.2663 15 28 10.1396 15 
29 10.0626 15 30 10.0366 15 31 10.0626 15 
32 10.1396 15 33 10.2663 15 34 10.4416 15 
35 10.6684 15 36 10.9567 15 36.1236 11 15 
22 11.7057 15 21.3754 12 15 23 11.3069 15 
37 11.3069 15 38 11.7057 15 38.6246 12 15 
20 12.7187 15 19.5403 13 15 21 12.1836 15 
39 12.1836 15 40 12.7187 15 40.4597 13 15 
19 13.3437 15 18.0619 14 15 41 13.3437 15 
41.9381 14 15 17 14.8474 15 16.8262 15 15 
18 14.0462 15 42 14.0462 15 43 14.8474 15 
43.1738 15 15 16 15.7677 15 15.7677 16 15 
44 15.7677 15 44.2323 16 15 15 16.8262 15 
14.8474 17 15 45 16.8262 15 45.1526 17 15 
14.0462 18 15 45.9538 18 15 14 18.0619 15 
13.3437 19 15 46 18.0619 15 46.6563 19 15 
13 19.5403 15 12.7187 20 15 47 19.5403 15 
47.2813 20 15 12.1836 21 15 47.8164 21 15 
12 21.3754 15 11.7057 22 15 48 21.3754 15 
48.2943 22 15 11.3069 23 15 48.6931 23 15 
11 23.8764 15 10.9567 24 15 49 23.8764 15 
49.0434 24 15 10.6684 25 15 49.3316 25 15 
10.4416 26 15 49.5584 26 15 10.2663 27 15 
49.7337 27 15 10.1396 28 15 49.8604 28 15 
10.0626 29 15 49.9375 29 15 10.0366 30 15 
49.9634 30 15 10.0626 31 15 49.9375 31 15 
10.1396 32 15 49.8604 32 15 10.2663 33 15 
49.7337 33 15 10.4416 34 15 49.5584 34 15 
10.6684 35 15 49.3316 35 15 10.9567 36 15 
49.0434 36 15 11 36.1236 15 11.3069 37 15 
48.6931 37 15 49 36.1236 15 11.7057 38 15 
48.2943 38 15 12 38.6246 15 12.1836 39 15 
47.8164 39 15 48 38.6246 15 12.7187 40 15 
47.2813 40 15 13 40.4597 15 13.3437 41 15 
46.6563 41 15 47 40.4597 15 14 41.9381 15 
14.0462 42 15 45.9538 42 15 46 41.9381 15 
14.8474 43 15 45.1526 43 15 15 43.1738 15 
15.7677 44 15 44.2323 44 15 45 43.1738 15 
16 44.2323 15 16.8262 45 15 43.1738 45 15 
44 44.2323 15 17 45.1526 15 18 45.9538 15 
18.0619 46 15 41.9381 46 15 42 45.9538 15 
43 45.1526 15 19 46.6563 15 19.5403 47 15 
40.4597 47 15 41 46.6563 15 20 47.2813 15 
21 47.8164 15 21.3754 48 15 38.6246 48 15 
39 47.8164 15 40 47.2813 15 22 48.2943 15 
23 48.6931 15 23.8764 49 15 36.1236 49 15 
37 48.6931 15 38 48.2943 15 24 49.0434 15 
25 49.3316 15 26 49.5584 15 27 49.7337 15 
28 49.8604 15 29 49.9375 15 30 49.9634 15 
31 49.9375 15 32 49.8604 15 33 49.7337 15 
34 49.5584 15 35 49.3316 15 36 49.0434 15 
24 10.9567 16 23.8764 11 16 25 10.6684 16 
26 10.4416 16 27 10.2663 16 28 10.1396 16 
29 10.0626 16 30 10.0366 16 31 10.0626 16 
32 10.1396 16 33 10.2663 16 34 10.4416 16 
35 10.6684 16 36 10.9567 16 36.1236 11 16 
22 11.7057 16 21.3754 12 16 23 11.3069 16 
37 11.3069 16 38 11.7057 16 38.6246 12 16 
20 12.7187 16 19.5403 13 16 21 12.1836 16 
39 12.1836 16 40 12.7187 16 40.4597 13 16 
19 13.3437 16 18.0619 14 16 41 13.3437 16 
41.9381 14 16 17 14.8474 16 16.8262 15 16 
18 14.0462 16 42 14.0462 16 43 14.8474 16 
43.1738 15 16 16 15.7677 16 15.7677 16 16 
44 15.7677 16 44.2323 16 16 15 16.8262 16 
14.8474 17 16 45 16.8262 16 45.1526 17 16 
14.0462 18 16 45.9538 18 16 14 18.0619 16 
13.3437 19 16 46 18.0619 16 46.6563 19 16 
13 19.5403 16 12.7187 20 16 47 19.5403 16 
47.2813 20 16 12.1836 21 16 47.8164 21 16 
12 21.3754 16 11.7057 22 16 48 21.3754 16 
48.2943 22 16 11.3069 23 16 48.6931 23 16 
11 23.8764 16 10.9567 24 16 49 23.8764 16 
49.0434 24 16 10.6684 25 16 49.3316 25 16 
10.4416 26 16 49.5584 26 16 10.2663 27 16 
49.7337 27 16 10.1396 28 16 49.8604 28 16 
10.0626 29 16 49.9375 29 16 10.0366 30 16 
49.9634 30 16 10.0626 31 16 49.9375 31 16 
10.1396 32 16 49.8604 32 16 10.2663 33 16 
49.7337 33 16 10.4416 34 16 49.5584 34 16 
10.6684 35 16 49.3316 35 16 10.9567 36 16 
49.0434 36 16 11 36.1236 16 11.3069 37 16 
48.6931 37 16 49 36.1236 16 11.7057 38 16 
48.2943 38 16 12 38.6246 16 12.1836 39 16 
47.8164 39 16 48 38.6246 16 12.7187 40 16 
47.2813 40 16 13 40.4597 16 13.3437 41 16 
46.6563 41 16 47 40.4597 16 14 41.9381 16 
14.0462 42 16 45.9538 42 16 46 41.9381 16 
14.8474 43 16 45.1526 43 16 15 43.1738 16 
15.7677 44 16 44.2323 44 16 45 43.1738 16 
16 44.2323 16 16.8262 45 16 43.1738 45 16 
44 44.2323 16 17 45.1526 16 18 45.9538 16 
18.0619 46 16 41.9381 46 16 42 45.9538 16 
43 45.1526 16 19 46.6563 16 19.5403 47 16 
40.4597 47 16 41 46.6563 16 20 47.2813 16 
21 47.8164 16 21.3754 48 16 38.6246 48 16 
39 47.8164 16 40 47.2813 16 22 48.2943 16 
23 48.6931 16 23.8764 49 16 36.1236 49 16 
37 48.6931 16 38 48.2943 16 24 49.0434 16 
25 49.3316 16 26 49.5584 16 27 49.7337 16 
28 49.8604 16 29 49.9375 16 30 49.9634 16 
31 49.9375 16 32 49.8604 16 33 49.7337 16 
34 49.5584 16 35 49.3316 16 36 49.0434 16 
24 10.9567 17 23.8764 11 17 25 10.6684 17 
26 10.4416 17 27 10.2663 17 28 10.1396 17 
29 10.0626 17 30 10.0366 17 31 10.0626 17 
32 10.1396 17 33 10.2663 17 34 10.4416 17 
35 10.6684 17 36 10.9567 17 36.1236 11 17 
22 11.7057 17 21.3754 12 17 23 11.3069 17 
37 11.3069 17 38 11.7057 17 38.6246 12 17 
20 12.7187 17 19.5403 13 17 21 12.1836 17 
39 12.1836 17 40 12.7187 17 40.4597 13 17 
19 13.3437 17 18.0619 14 17 41 13.3437 17 
41.9381 14 17 17 14.8474 17 16.8262 15 17 
18 14.0462 17 42 14.0462 17 43 14.8474 17 
43.1738 15 17 16 15.7677 17 15.7677 16 17 
44 15.7677 17 44.2323 16 17 15 16.8262 17 
14.8474 17 17 45 16.8262 17 45.1526 17 17 
14.0462 18 17 45.9538 18 17 14 18.0619 17 
13.3437 19 17 46 18.0619 17 46.6563 19 17 
13 19.5403 17 12.7187 20 17 47 19.5403 17 
47.2813 20 17 12.1836 21 17 47.8164 21 17 
12 21.3754 17 11.7057 22 17 48 21.3754 17 
48.2943 22 17 11.3069 23 17 48.6931 23 17 
11 23.8764 17 10.9567 24 17 49 23.8764 17 
49.0434 24 17 10.6684 25 17 49.3316 25 17 
10.4416 26 17 49.5584 26 17 10.2663 27 17 
49.7337 27 17 10.1396 28 17 49.8604 28 17 
10.0626 29 17 49.9375 29 17 10.0366 30 17 
49.9634 30 17 10.0626 31 17 49.9375 31 17 
10.1396 32 17 49.8604 32 17 10.2663 33 17 
49.7337 33 17 10.4416 34 17 49.5584 34 17 
10.6684 35 17 49.3316 35 17 10.9567 36 17 
49.0434 36 17 11 36.1236 17 11.3069 37 17 
48.6931 37 17 49 36.1236 17 11.7057 38 17 
48.2943 38 17 12 38.6246 17 12.1836 39 17 
47.8164 39 17 48 38.6246 17 12.7187 40 17 
47.2813 40 17 13 40.4597 17 13.3437 41 17 
46.6563 41 17 47 40.4597 17 14 41.9381 17 
14.0462 42 17 45.9538 42 17 46 41.9381 17 
14.8474 43 17 45.1526 43 17 15 43.1738 17 
15.7677 44 17 44.2323 44 17 45 43.1738 17 
16 44.2323 17 16.8262 45 17 43.1738 45 17 
44 44.2323 17 17 45.1526 17 18 45.9538 17 
18.0619 46 17 41.9381 46 17 42 45.9538 17 
43 45.1526 17 19 46.6563 17 19.5403 47 17 
40.4597 47 17 41 46.6563 17 20 47.2813 17 
21 47.8164 17 21.3754 48 17 38.6246 48 17 
39 47.8164 17 40 47.2813 17 22 48.2943 17 
23 48.6931 17 23.8764 49 17 36.1236 49 17 
37 48.6931 17 38 48.2943 17 24 49.0434 17 
25 49.3316 17 26 49.5584 17 27 49.7337 17 
28 49.8604 17 29 49.9375 17 30 49.9634 17 
31 49.9375 17 32 49.8604 17 33 49.7337 17 
34 49.5584 17 35 49.3316 17 36 49.0434 17 
24 10.9567 18 23.8764 11 18 25 10.6684 18 
26 10.4416 18 27 10.2663 18 28 10.1396 18 
29 10.0626 18 30 10.0366 18 31 10.0626 18 
32 10.1396 18 33 10.2663 18 34 10.4416 18 
35 10.6684 18 36 10.9567 18 36.1236 11 18 
22 11.7057 18 21.3754 12 18 23 11.3069 18 
37 11.3069 18 38 11.7057 18 38.6246 12 18 
20 12.7187 18 19.5403 13 18 21 12.1836 18 
39 12.1836 18 40 12.7187 18 40.4597 13 18 
19 13.3437 18 18.0619 14 18 41 13.3437 18 
41.9381 14 18 17 14.8474 18 16.8262 15 18 
18 14.0462 18 42 14.0462 18 43 14.8474 18 
43.1738 15 18 16 15.7677 18 15.7677 16 18 
44 15.7677 18 44.2323 16 18 15 16.8262 18 
14.8474 17 18 45 16.8262 18 45.1526 17 18 
14.0462 18 18 45.9538 18 18 14 18.0619 18 
13.3437 19 18 46 18.0619 18 46.6563 19 18 
13 19.5403 18 12.7187 20 18 47 19.5403 18 
47.2813 20 18 12.1836 21 18 47.8164 21 18 
12 21.3754 18 11.7057 22 18 48 21.3754 18 
48.2943 22 18 11.3069 23 18 48.6931 23 18 
11 23.8764 18 10.9567 24 18 49 23.8764 18 
49.0434 24 18 10.6684 25 18 49.3316 25 18 
10.4416 26 18 49.5584 26 18 10.2663 27 18 
49.7337 27 18 10.1396 28 18 49.8604 28 18 
10.0626 29 18 49.9375 29 18 10.0366 30 18 
49.9634 30 18 10.0626 31 18 49.9375 31 18 
10.1396 32 18 49.8604 32 18 10.2663 33 18 
49.7337 33 18 10.4416 34 18 49.5584 34 18 
10.6684 35 18 49.3316 35 18 10.9567 36 18 
49.0434 36 18 11 36.1236 18 11.3069 37 18 
48.6931 37 18 49 36.1236 18 11.7057 38 18 
48.2943 38 18 12 38.6246 18 12.1836 39 18 
47.8164 39 18 48 38.6246 18 12.7187 40 18 
47.2813 40 18 13 40.4597 18 13.3437 41 18 
46.6563 41 18 47 40.4597 18 14 41.9381 18 
14.0462 42 18 45.9538 42 18 46 41.9381 18 
14.8474 43 18 45.1526 43 18 15 43.1738 18 
15.7677 44 18 44.2323 44 18 45 43.1738 18 
16 44.2323 18 16.8262 45 18 43.1738 45 18 
44 44.2323 18 17 45.1526 18 18 45.9538 18 
18.0619 46 18 41.9381 46 18 42 45.9538 18 
43 45.1526 18 19 46.6563 18 19.5403 47 18 
40.4597 47 18 41 46.6563 18 20 47.2813 18 
21 47.8164 18 21.3754 48 18 38.6246 48 18 
39 47.8164 18 40 47.2813 18 22 48.2943 18 
23 48.6931 18 23.8764 49 18 36.1236 49 18 
37 48.6931 18 38 48.2943 18 24 49.0434 18 
25 49.3316 18 26 49.5584 18 27 49.7337 18 
28 49.8604 18 29 49.9375 18 30 49.9634 18 
31 49.9375 18 32 49.8604 18 33 49.7337 18 
34 49.5584 18 35 49.3316 18 36 49.0434 18 
24 10.9567 19 23.8764 11 19 25 10.6684 19 
26 10.4416 19 27 10.2663 19 28 10.1396 19 
29 10.0626 19 30 10.0366 19 31 10.0626 19 
32 10.1396 19 33 10.2663 19 34 10.4416 19 
35 10.6684 19 36 10.9567 19 36.1236 11 19 
22 11.7057 19 21.3754 12 19 23 11.3069 19 
37 11.3069 19 38 11.7057 19 38.6246 12 19 
20 12.7187 19 19.5403 13 19 21 12.1836 19 
39 12.1836 19 40 12.7187 19 40.4597 13 19 
19 13.3437 19 18.0619 14 19 41 13.3437 19 
41.9381 14 19 17 14.8474 19 16.8262 15 19 
18 14.0462 19 42 14.0462 19 43 14.8474 19 
43.1738 15 19 16 15.7677 19 15.7677 16 19 
44 15.7677 19 44.2323 16 19 15 16.8262 19 
14.8474 17 19 45 16.8262 19 45.1526 17 19 
14.0462 18 19 45.9538 18 19 14 18.0619 19 
13.3437 19 19 46 18.0619 19 46.6563 19 19 
13 19.5403 19 12.7187 20 19 47 19.5403 19 
47.2813 20 19 12.1836 21 19 47.8164 21 19 
12 21.3754 19 11.7057 22 19 48 21.3754 19 
48.2943 22 19 11.3069 23 19 48.6931 23 19 
11 23.8764 19 10.9567 24 19 49 23.8764 19 
49.0434 24 19 10.6684 25 19 49.3316 25 19 
10.4416 26 19 49.5584 26 19 10.2663 27 19 
49.7337 27 19 10.1396 28 19 49.8604 28 19 
10.0626 29 19 49.9375 29 19 10.0366 30 19 
49.9634 30 19 10.0626 31 19 49.9375 31 19 
10.1396 32 19 49.8604 32 19 10.2663 33 19 
49.7337 33 19 10.4416 34 19 49.5584 34 19 
10.6684 35 19 49.3316 35 19 10.9567 36 19 
49.0434 36 19 11 36.1236 19 11.3069 37 19 
48.6931 37 19 49 36.1236 19 11.7057 38 19 
48.2943 38 19 12 38.6246 19 12.1836 39 19 
47.8164 39 19 48 38.6246 19 12.7187 40 19 
47.2813 40 19 13 40.4597 19 13.3437 41 19 
46.6563 41 19 47 40.4597 19 14 41.9381 19 
14.0462 42 19 45.9538 42 19 46 41.9381 19 
14.8474 43 19 45.1526 43 19 15 43.1738 19 
15.7677 44 19 44.2323 44 19 45 43.1738 19 
16 44.2323 19 16.8262 45 19 43.1738 45 19 
44 44.2323 19 17 45.1526 19 18 45.9538 19 
18.0619 46 19 41.9381 46 19 42 45.9538 19 
43 45.1526 19 19 46.6563 19 19.5403 47 19 
40.4597 47 19 41 46.6563 19 20 47.2813 19 
21 47.8164 19 21.3754 48 19 38.6246 48 19 
39 47.8164 19 40 47.2813 19 22 48.2943 19 
23 48.6931 19 23.8764 49 19 36.1236 49 19 
37 48.6931 19 38 48.2943 19 24 49.0434 19 
25 49.3316 19 26 49.5584 19 27 49.7337 19 
28 49.8604 19 29 49.9375 19 30 49.9634 19 
31 49.9375 19 32 49.8604 19 33 49.7337 19 
34 49.5584 19 35 49.3316 19 36 49.0434 19 
24 10.9567 20 23.8764 11 20 25 10.6684 20 
26 10.4416 20 27 10.2663 20 28 10.1396 20 
29 10.0626 20 30 10.0366 20 31 10.0626 20 
32 10.1396 20 33 10.2663 20 34 10.4416 20 
35 10.6684 20 36 10.9567 20 36.1236 11 20 
22 11.7057 20 21.3754 12 20 23 11.3069 20 
37 11.3069 20 38 11.7057 20 38.6246 12 20 
20 12.7187 20 19.5403 13 20 21 12.1836 20 
39 12.1836 20 40 12.7187 20 40.4597 13 20 
19 13.3437 20 18.0619 14 20 41 13.3437 20 
41.9381 14 20 17 14.8474 20 16.8262 15 20 
18 14.0462 20 42 14.0462 20 43 14.8474 20 
43.1738 15 20 16 15.7677 20 15.7677 16 20 
44 15.7677 20 44.2323 16 20 15 16.8262 20 
14.8474 17 20 45 16.8262 20 45.1526 17 20 
14.0462 18 20 45.9538 18 20 14 18.0619 20 
13.3437 19 20 46 18.0619 20 46.6563 19 20 
13 19.5403 20 12.7187 20 20 47 19.5403 20 
47.2813 20 20 12.1836 21 20 47.8164 21 20 
12 21.3754 20 11.7057 22 20 48 21.3754 20 
48.2943 22 20 11.3069 23 20 48.6931 23 20 
11 23.8764 20 10.9567 24 20 49 23.8764 20 
49.0434 24 20 10.6684 25 20 49.3316 25 20 
10.4416 26 20 49.5584 26 20 10.2663 27 20 
49.7337 27 20 10.1396 28 20 49.8604 28 20 
10.0626 29 20 49.9375 29 20 10.0366 30 20 
49.9634 30 20 10.0626 31 20 49.9375 31 20 
10.1396 32 20 49.8604 32 20 10.2663 33 20 
49.7337 33 20 10.4416 34 20 49.5584 34 20 
10.6684 35 20 49.3316 35 20 10.9567 36 20 
49.0434 36 20 11 36.1236 20 11.3069 37 20 
48.6931 37 20 49 36.1236 20 11.7057 38 20 
48.2943 38 20 12 38.6246 20 12.1836 39 20 
47.8164 39 20 48 38.6246 20 12.7187 40 20 
47.2813 40 20 13 40.4597 20 13.3437 41 20 
46.6563 41 20 47 40.4597 20 14 41.9381 20 
14.0462 42 20 45.9538 42 20 46 41.9381 20 
14.8474 43 20 45.1526 43 20 15 43.1738 20 
15.7677 44 20 44.2323 44 20 45 43.1738 20 
16 44.2323 20 16.8262 45 20 43.1738 45 20 
44 44.2323 20 17 45.1526 20 18 45.9538 20 
18.0619 46 20 41.9381 46 20 42 45.9538 20 
43 45.1526 20 19 46.6563 20 19.5403 47 20 
40.4597 47 20 41 46.6563 20 20 47.2813 20 
21 47.8164 20 21.3754 48 20 38.6246 48 20 
39 47.8164 20 40 47.2813 20 22 48.2943 20 
23 48.6931 20 23.8764 49 20 36.1236 49 20 
37 48.6931 20 38 48.2943 20 24 49.0434 20 
25 49.3316 20 26 49.5584 20 27 49.7337 20 
28 49.8604 20 29 49.9375 20 30 49.9634 20 
31 49.9375 20 32 49.8604 20 33 49.7337 20 
34 49.5584 20 35 49.3316 20 36 49.0434 20 
24 10.9567 21 23.8764 11 21 25 10.6684 21 
26 10.4416 21 27 10.2663 21 28 10.1396 21 
29 10.0626 21 30 10.0366 21 31 10.0626 21 
32 10.1396 21 33 10.2663 21 34 10.4416 21 
35 10.6684 21 36 10.9567 21 36.1236 11 21 
22 11.7057 21 21.3754 12 21 23 11.3069 21 
37 11.3069 21 38 11.7057 21 38.6246 12 21 
20 12.7187 21 19.5403 13 21 21 12.1836 21 
39 12.1836 21 40 12.7187 21 40.4597 13 21 
19 13.3437 21 18.0619 14 21 41 13.3437 21 
41.9381 14 21 17 14.8474 21 16.8262 15 21 
18 14.0462 21 42 14.0462 21 43 14.8474 21 
43.1738 15 21 16 15.7677 21 15.7677 16 21 
44 15.7677 21 44.2323 16 21 15 16.8262 21 
14.8474 17 21 45 16.8262 21 45.1526 17 21 
14.0462 18 21 45.9538 18 21 14 18.0619 21 
13.3437 19 21 46 18.0619 21 46.6563 19 21 
13 19.5403 21 12.7187 20 21 47 19.5403 21 
47.2813 20 21 12.1836 21 21 47.8164 21 21 
12 21.3754 21 11.7057 22 21 48 21.3754 21 
48.2943 22 21 11.3069 23 21 48.6931 23 21 
11 23.8764 21 10.9567 24 21 49 23.8764 21 
49.0434 24 21 10.6684 25 21 49.3316 25 21 
10.4416 26 21 49.5584 26 21 10.2663 27 21 
49.7337 27 21 10.1396 28 21 49.8604 28 21 
10.0626 29 21 49.9375 29 21 10.0366 30 21 
49.9634 30 21 10.0626 31 21 49.9375 31 21 
10.1396 32 21 49.8604 32 21 10.2663 33 21 
49.7337 33 21 10.4416 34 21 49.5584 34 21 
10.6684 35 21 49.3316 35 21 10.9567 36 21 
49.0434 36 21 11 36.1236 21 11.3069 37 21 
48.6931 37 21 49 36.1236 21 11.7057 38 21 
48.2943 38 21 12 38.6246 21 12.1836 39 21 
47.8164 39 21 48 38.6246 21 12.7187 40 21 
47.2813 40 21 13 40.4597 21 13.3437 41 21 
46.6563 41 21 47 40.4597 21 14 41.9381 21 
14.0462 42 21 45.9538 42 21 46 41.9381 21 
14.8474 43 21 45.1526 43 21 15 43.1738 21 
15.7677 44 21 44.2323 44 21 45 43.1738 21 
16 44.2323 21 16.8262 45 21 43.1738 45 21 
44 44.2323 21 17 45.1526 21 18 45.9538 21 
18.0619 46 21 41.9381 46 21 42 45.9538 21 
43 45.1526 21 19 46.6563 21 19.5403 47 21 
40.4597 47 21 41 46.6563 21 20 47.2813 21 
21 47.8164 21 21.3754 48 21 38.6246 48 21 
39 47.8164 21 40 47.2813 21 22 48.2943 21 
23 48.6931 21 23.8764 49 21 36.1236 49 21 
37 48.6931 21 38 48.2943 21 24 49.0434 21 
25 49.3316 21 26 49.5584 21 27 49.7337 21 
28 49.8604 21 29 49.9375 21 30 49.9634 21 
31 49.9375 21 32 49.8604 21 33 49.7337 21 
34 49.5584 21 35 49.3316 21 36 49.0434 21 
24 10.9567 22 23.8764 11 22 25 10.6684 22 
26 10.4416 22 27 10.2663 22 28 10.1396 22 
29 10.0626 22 30 10.0366 22 31 10.0626 22 
32 10.1396 22 33 10.2663 22 34 10.4416 22 
35 10.6684 22 36 10.9567 22 36.1236 11 22 
22 11.7057 22 21.3754 12 22 23 11.3069 22 
37 11.3069 22 38 11.7057 22 38.6246 12 22 
20 12.7187 22 19.5403 13 22 21 12.1836 22 
39 12.1836 22 40 12.7187 22 40.4597 13 22 
19 13.3437 22 18.0619 14 22 41 13.3437 22 
41.9381 14 22 17 14.8474 22 16.8262 15 22 
18 14.0462 22 42 14.0462 22 43 14.8474 22 
43.1738 15 22 16 15.7677 22 15.7677 16 22 
44 15.7677 22 44.2323 16 22 15 16.8262 22 
14.8474 17 22 45 16.8262 22 45.1526 17 22 
14.0462 18 22 45.9538 18 22 14 18.0619 22 
13.3437 19 22 46 18.0619 22 46.6563 19 22 
13 19.5403 22 12.7187 20 22 47 19.5403 22 
47.2813 20 22 12.1836 21 22 47.8164 21 22 
12 21.3754 22 11.7057 22 22 48 21.3754 22 
48.2943 22 22 11.3069 23 22 48.6931 23 22 
11 23.8764 22 10.9567 24 22 49 23.8764 22 
49.0434 24 22 10.6684 25 22 49.3316 25 22 
10.4416 26 22 49.5584 26 22 10.2663 27 22 
49.7337 27 22 10.1396 28 22 49.8604 28 22 
10.0626 29 22 49.9375 29 22 10.0366 30 22 
49.9634 30 22 10.0626 31 22 49.9375 31 22 
10.1396 32 22 49.8604 32 22 10.2663 33 22 
49.7337 33 22 10.4416 34 22 49.5584 34 22 
10.6684 35 22 49.3316 35 22 10.9567 36 22 
49.0434 36 22 11 36.1236 22 11.3069 37 22 
48.6931 37 22 49 36.1236 22 11.7057 38 22 
48.2943 38 22 12 38.6246 22 12.1836 39 22 
47.8164 39 22 48 38.6246 22 12.7187 40 22 
47.2813 40 22 13 40.4597 22 13.3437 41 22 
46.6563 41 22 47 40.4597 22 14 41.9381 22 
14.0462 42 22 45.9538 42 22 46 41.9381 22 
14.8474 43 22 45.1526 43 22 15 43.1738 22 
15.7677 44 22 44.2323 44 22 45 43.1738 22 
16 44.2323 22 16.8262 45 22 43.1738 45 22 
44 44.2323 22 17 45.1526 22 18 45.9538 22 
18.0619 46 22 41.9381 46 22 42 45.9538 22 
43 45.1526 22 19 46.6563 22 19.5403 47 22 
40.4597 47 22 41 46.6563 22 20 47.2813 22 
21 47.8164 22 21.3754 48 22 38.6246 48 22 
39 47.8164 22 40 47.2813 22 22 48.2943 22 
23 48.6931 22 23.8764 49 22 36.1236 49 22 
37 48.6931 22 38 48.2943 22 24 49.0434 22 
25 49.3316 22 26 49.5584 22 27 49.7337 22 
28 49.8604 22 29 49.9375 22 30 49.9634 22 
31 49.9375 22 32 49.8604 22 33 49.7337 22 
34 49.5584 22 35 49.3316 22 36 49.0434 22 
24 10.9567 23 23.8764 11 23 25 10.6684 23 
26 10.4416 23 27 10.2663 23 28 10.1396 23 
29 10.0626 23 30 10.0366 23 31 10.0626 23 
32 10.1396 23 33 10.2663 23 34 10.4416 23 
35 10.6684 23 36 10.9567 23 36.1236 11 23 
22 11.7057 23 21.3754 12 23 23 11.3069 23 
37 11.3069 23 38 11.7057 23 38.6246 12 23 
20 12.7187 23 19.5403 13 23 21 12.1836 23 
39 12.1836 23 40 12.7187 23 40.4597 13 23 
19 13.3437 23 18.0619 14 23 41 13.3437 23 
41.9381 14 23 17 14.8474 23 16.8262 15 23 
18 14.0462 23 42 14.0462 23 43 14.8474 23 
43.1738 15 23 16 15.7677 23 15.7677 16 23 
44 15.7677 23 44.2323 16 23 15 16.8262 23 
14.8474 17 23 45 16.8262 23 45.1526 17 23 
14.0462 18 23 45.9538 18 23 14 18.0619 23 
13.3437 19 23 46 18.0619 23 46.6563 19 23 
13 19.5403 23 12.7187 20 23 47 19.5403 23 
47.2813 20 23 12.1836 21 23 47.8164 21 23 
12 21.3754 23 11.7057 22 23 48 21.3754 23 
48.2943 22 23 11.3069 23 23 48.6931 23 23 
11 23.8764 23 10.9567 24 23 49 23.8764 23 
49.0434 24 23 10.6684 25 23 49.3316 25 23 
10.4416 26 23 49.5584 26 23 10.2663 27 23 
49.7337 27 23 10.1396 28 23 49.8604 28 23 
10.0626 29 23 49.9375 29 23 10.0366 30 23 
49.9634 30 23 10.0626 31 23 49.9375 31 23 
10.1396 32 23 49.8604 32 23 10.2663 33 23 
49.7337 33 23 10.4416 34 23 49.5584 34 23 
10.6684 35 23 49.3316 35 23 10.9567 36 23 
49.0434 36 23 11 36.1236 23 11.3069 37 23 
48.6931 37 23 49 36.1236 23 11.7057 38 23 
48.2943 38 23 12 38.6246 23 12.1836 39 23 
47.8164 39 23 48 38.6246 23 12.7187 40 23 
47.2813 40 23 13 40.4597 23 13.3437 41 23 
46.6563 41 23 47 40.4597 23 14 41.9381 23 
14.0462 42 23 45.9538 42 23 46 41.9381 23 
14.8474 43 23 45.1526 43 23 15 43.1738 23 
15.7677 44 23 44.2323 44 23 45 43.1738 23 
16 44.2323 23 16.8262 45 23 43.1738 45 23 
44 44.2323 23 17 45.1526 23 18 45.9538 23 
18.0619 46 23 41.9381 46 23 42 45.9538 23 
43 45.1526 23 19 46.6563 23 19.5403 47 23 
40.4597 47 23 41 46.6563 23 20 47.2813 23 
21 47.8164 23 21.3754 48 23 38.6246 48 23 
39 47.8164 23 40 47.2813 23 22 48.2943 23 
23 48.6931 23 23.8764 49 23 36.1236 49 23 
37 48.6931 23 38 48.2943 23 24 49.0434 23 
25 49.3316 23 26 49.5584 23 27 49.7337 23 
28 49.8604 23 29 49.9375 23 30 49.9634 23 
31 49.9375 23 32 49.8604 23 33 49.7337 23 
34 49.5584 23 35 49.3316 23 36 49.0434 23 
24 10.9567 24 23.8764 11 24 25 10.6684 24 
26 10.4416 24 27 10.2663 24 28 10.1396 24 
29 10.0626 24 30 10.0366 24 31 10.0626 24 
32 10.1396 24 33 10.2663 24 34 10.4416 24 
35 10.6684 24 36 10.9567 24 36.1236 11 24 
22 11.7057 24 21.3754 12 24 23 11.3069 24 
37 11.3069 24 38 11.7057 24 38.6246 12 24 
20 12.7187 24 19.5403 13 24 21 12.1836 24 
39 12.1836 24 40 12.7187 24 40.4597 13 24 
19 13.3437 24 18.0619 14 24 41 13.3437 24 
41.9381 14 24 17 14.8474 24 16.8262 15 24 
18 14.0462 24 42 14.0462 24 43 14.8474 24 
43.1738 15 24 16 15.7677 24 15.7677 16 24 
44 15.7677 24 44.2323 16 24 15 16.8262 24 
14.8474 17 24 45 16.8262 24 45.1526 17 24 
14.0462 18 24 45.9538 18 24 14 18.0619 24 
13.3437 19 24 46 18.0619 24 46.6563 19 24 
13 19.5403 24 12.7187 20 24 47 19.5403 24 
47.2813 20 24 12.1836 21 24 47.8164 21 24 
12 21.3754 24 11.7057 22 24 48 21.3754 24 
48.2943 22 24 11.3069 23 24 48.6931 23 24 
11 23.8764 24 10.9567 24 24 49 23.8764 24 
49.0434 24 24 10.6684 25 24 49.3316 25 24 
10.4416 26 24 49.5584 26 24 10.2663 27 24 
49.7337 27 24 10.1396 28 24 49.8604 28 24 
10.0626 29 24 49.9375 29 24 10.0366 30 24 
49.9634 30 24 10.0626 31 24 49.9375 31 24 
10.1396 32 24 49.8604 32 24 10.2663 33 24 
49.7337 33 24 10.4416 34 24 49.5584 34 24 
10.6684 35 24 49.3316 35 24 10.9567 36 24 
49.0434 36 24 11 36.1236 24 11.3069 37 24 
48.6931 37 24 49 36.1236 24 11.7057 38 24 
48.2943 38 24 12 38.6246 24 12.1836 39 24 
47.8164 39 24 48 38.6246 24 12.7187 40 24 
47.2813 40 24 13 40.4597 24 13.3437 41 24 
46.6563 41 24 47 40.4597 24 14 41.9381 24 
14.0462 42 24 45.9538 42 24 46 41.9381 24 
14.8474 43 24 45.1526 43 24 15 43.1738 24 
15.7677 44 24 44.2323 44 24 45 43.1738 24 
16 44.2323 24 16.8262 45 24 43.1738 45 24 
44 44.2323 24 17 45.1526 24 18 45.9538 24 
18.0619 46 24 41.9381 46 24 42 45.9538 24 
43 45.1526 24 19 46.6563 24 19.5403 47 24 
40.4597 47 24 41 46.6563 24 20 47.2813 24 
21 47.8164 24 21.3754 48 24 38.6246 48 24 
39 47.8164 24 40 47.2813 24 22 48.2943 24 
23 48.6931 24 23.8764 49 24 36.1236 49 24 
37 48.6931 24 38 48.2943 24 24 49.0434 24 
25 49.3316 24 26 49.5584 24 27 49.7337 24 
28 49.8604 24 29 49.9375 24 30 49.9634 24 
31 49.9375 24 32 49.8604 24 33 49.7337 24 
34 49.5584 24 35 49.3316 24 36 49.0434 24 
24 10.9567 25 23.8764 11 25 25 10.6684 25 
26 10.4416 25 27 10.2663 25 28 10.1396 25 
29 10.0626 25 30 10.0366 25 31 10.0626 25 
32 10.1396 25 33 10.2663 25 34 10.4416 25 
35 10.6684 25 36 10.9567 25 36.1236 11 25 
22 11.7057 25 21.3754 12 25 23 11.3069 25 
37 11.3069 25 38 11.7057 25 38.6246 12 25 
20 12.7187 25 19.5403 13 25 21 12.1836 25 
39 12.1836 25 40 12.7187 25 40.4597 13 25 
19 13.3437 25 18.0619 14 25 41 13.3437 25 
41.9381 14 25 17 14.8474 25 16.8262 15 25 
18 14.0462 25 42 14.0462 25 43 14.8474 25 
43.1738 15 25 16 15.7677 25 15.7677 16 25 
44 15.7677 25 44.2323 16 25 15 16.8262 25 
14.8474 17 25 45 16.8262 25 45.1526 17 25 
14.0462 18 25 45.9538 18 25 14 18.0619 25 
13.3437 19 25 46 18.0619 25 46.6563 19 25 
13 19.5403 25 12.7187 20 25 47 19.5403 25 
47.2813 20 25 12.1836 21 25 47.8164 21 25 
12 21.3754 25 11.7057 22 25 48 21.3754 25 
48.2943 22 25 11.3069 23 25 48.6931 23 25 
11 23.8764 25 10.9567 24 25 49 23.8764 25 
49.0434 24 25 10.6684 25 25 49.3316 25 25 
10.4416 26 25 49.5584 26 25 10.2663 27 25 
49.7337 27 25 10.1396 28 25 49.8604 28 25 
10.0626 29 25 49.9375 29 25 10.0366 30 25 
49.9634 30 25 10.0626 31 25 49.9375 31 25 
10.1396 32 25 49.8604 32 25 10.2663 33 25 
49.7337 33 25 10.4416 34 25 49.5584 34 25 
10.6684 35 25 49.3316 35 25 10.9567 36 25 
49.0434 36 25 11 36.1236 25 11.3069 37 25 
48.6931 37 25 49 36.1236 25 11.7057 38 25 
48.2943 38 25 12 38.6246 25 12.1836 39 25 
47.8164 39 25 48 38.6246 25 12.7187 40 25 
47.2813 40 25 13 40.4597 25 13.3437 41 25 
46.6563 41 25 47 40.4597 25 14 41.9381 25 
14.0462 42 25 45.9538 42 25 46 41.9381 25 
14.8474 43 25 45.1526 43 25 15 43.1738 25 
15.7677 44 25 44.2323 44 25 45 43.1738 25 
16 44.2323 25 16.8262 45 25 43.1738 45 25 
44 44.2323 25 17 45.1526 25 18 45.9538 25 
18.0619 46 25 41.9381 46 25 42 45.9538 25 
43 45.1526 25 19 46.6563 25 19.5403 47 25 
40.4597 47 25 41 46.6563 25 20 47.2813 25 
21 47.8164 25 21.3754 48 25 38.6246 48 25 
39 47.8164 25 40 47.2813 25 22 48.2943 25 
23 48.6931 25 23.8764 49 25 36.1236 49 25 
37 48.6931 25 38 48.2943 25 24 49.0434 25 
25 49.3316 25 26 49.5584 25 27 49.7337 25 
28 49.8604 25 29 49.9375 25 30 49.9634 25 
31 49.9375 25 32 49.8604 25 33 49.7337 25 
34 49.5584 25 35 49.3316 25 36 49.0434 25 
24 10.9567 26 23.8764 11 26 25 10.6684 26 
26 10.4416 26 27 10.2663 26 28 10.1396 26 
29 10.0626 26 30 10.0366 26 31 10.0626 26 
32 10.1396 26 33 10.2663 26 34 10.4416 26 
35 10.6684 26 36 10.9567 26 36.1236 11 26 
22 11.7057 26 21.3754 12 26 23 11.3069 26 
37 11.3069 26 38 11.7057 26 38.6246 12 26 
20 12.7187 26 19.5403 13 26 21 12.1836 26 
39 12.1836 26 40 12.7187 26 40.4597 13 26 
19 13.3437 26 18.0619 14 26 41 13.3437 26 
41.9381 14 26 17 14.8474 26 16.8262 15 26 
18 14.0462 26 42 14.0462 26 43 14.8474 26 
43.1738 15 26 16 15.7677 26 15.7677 16 26 
44 15.7677 26 44.2323 16 26 15 16.8262 26 
14.8474 17 26 45 16.8262 26 45.1526 17 26 
14.0462 18 26 45.9538 18 26 14 18.0619 26 
13.3437 19 26 46 18.0619 26 46.6563 19 26 
13 19.5403 26 12.7187 20 26 47 19.5403 26 
47.2813 20 26 12.1836 21 26 47.8164 21 26 
12 21.3754 26 11.7057 22 26 48 21.3754 26 
48.2943 22 26 11.3069 23 26 48.6931 23 26 
11 23.8764 26 10.9567 24 26 49 23.8764 26 
49.0434 24 26 10.6684 25 26 49.3316 25 26 
10.4416 26 26 49.5584 26 26 10.2663 27 26 
49.7337 27 26 10.1396 28 26 49.8604 28 26 
10.0626 29 26 49.9375 29 26 10.0366 30 26 
49.9634 30 26 10.0626 31 26 49.9375 31 26 
10.1396 32 26 49.8604 32 26 10.2663 33 26 
49.7337 33 26 10.4416 34 26 49.5584 34 26 
10.6684 35 26 49.3316 35 26 10.9567 36 26 
49.0434 36 26 11 36.1236 26 11.3069 37 26 
48.6931 37 26 49 36.1236 26 11.7057 38 26 
48.2943 38 26 12 38.6246 26 12.1836 39 26 
47.8164 39 26 48 38.6246 26 12.7187 40 26 
47.2813 40 26 13 40.4597 26 13.3437 41 26 
46.6563 41 26 47 40.4597 26 14 41.9381 26 
14.0462 42 26 45.9538 42 26 46 41.9381 26 
14.8474 43 26 45.1526 43 26 15 43.1738 26 
15.7677 44 26 44.2323 44 26 45 43.1738 26 
16 44.2323 26 16.8262 45 26 43.1738 45 26 
44 44.2323 26 17 45.1526 26 18 45.9538 26 
18.0619 46 26 41.9381 46 26 42 45.9538 26 
43 45.1526 26 19 46.6563 26 19.5403 47 26 
40.4597 47 26 41 46.6563 26 20 47.2813 26 
21 47.8164 26 21.3754 48 26 38.6246 48 26 
39 47.8164 26 40 47.2813 26 22 48.2943 26 
23 48.6931 26 23.8764 49 26 36.1236 49 26 
37 48.6931 26 38 48.2943 26 24 49.0434 26 
25 49.3316 26 26 49.5584 26 27 49.7337 26 
28 49.8604 26 29 49.9375 26 30 49.9634 26 
31 49.9375 26 32 49.8604 26 33 49.7337 26 
34 49.5584 26 35 49.3316 26 36 49.0434 26 
24 10.9567 27 23.8764 11 27 25 10.6684 27 
26 10.4416 27 27 10.2663 27 28 10.1396 27 
29 10.0626 27 30 10.0366 27 31 10.0626 27 
32 10.1396 27 33 10.2663 27 34 10.4416 27 
35 10.6684 27 36 10.9567 27 36.1236 11 27 
22 11.7057 27 21.3754 12 27 23 11.3069 27 
37 11.3069 27 38 11.7057 27 38.6246 12 27 
20 12.7187 27 19.5403 13 27 21 12.1836 27 
39 12.1836 27 40 12.7187 27 40.4597 13 27 
19 13.3437 27 18.0619 14 27 41 13.3437 27 
41.9381 14 27 17 14.8474 27 16.8262 15 27 
18 14.0462 27 42 14.0462 27 43 14.8474 27 
43.1738 15 27 16 15.7677 27 15.7677 16 27 
44 15.7677 27 44.2323 16 27 15 16.8262 27 
14.8474 17 27 45 16.8262 27 45.1526 17 27 
14.0462 18 27 45.9538 18 27 14 18.0619 27 
13.3437 19 27 46 18.0619 27 46.6563 19 27 
13 19.5403 27 12.7187 20 27 47 19.5403 27 
47.2813 20 27 12.1836 21 27 47.8164 21 27 
12 21.3754 27 11.7057 22 27 48 21.3754 27 
48.2943 22 27 11.3069 23 27 48.6931 23 27 
11 23.8764 27 10.9567 24 27 49 23.8764 27 
49.0434 24 27 10.6684 25 27 49.3316 25 27 
10.4416 26 27 49.5584 26 27 10.2663 27 27 
49.7337 27 27 10.1396 28 27 49.8604 28 27 
10.0626 29 27 49.9375 29 27 10.0366 30 27 
49.9634 30 27 10.0626 31 27 49.9375 31 27 
10.1396 32 27 49.8604 32 27 10.2663 33 27 
49.7337 33 27 10.4416 34 27 49.5584 34 27 
10.6684 35 27 49.3316 35 27 10.9567 36 27 
49.0434 36 27 11 36.1236 27 11.3069 37 27 
48.6931 37 27 49 36.1236 27 11.7057 38 27 
48.2943 38 27 12 38.6246 27 12.1836 39 27 
47.8164 39 27 48 38.6246 27 12.7187 40 27 
47.2813 40 27 13 40.4597 27 13.3437 41 27 
46.6563 41 27 47 40.4597 27 14 41.9381 27 
14.0462 42 27 45.9538 42 27 46 41.9381 27 
14.8474 43 27 45.1526 43 27 15 43.1738 27 
15.7677 44 27 44.2323 44 27 45 43.1738 27 
16 44.2323 27 16.8262 45 27 43.1738 45 27 
44 44.2323 27 17 45.1526 27 18 45.9538 27 
18.0619 46 27 41.9381 46 27 42 45.9538 27 
43 45.1526 27 19 46.6563 27 19.5403 47 27 
40.4597 47 27 41 46.6563 27 20 47.2813 27 
21 47.8164 27 21.3754 48 27 38.6246 48 27 
39 47.8164 27 40 47.2813 27 22 48.2943 27 
23 48.6931 27 23.8764 49 27 36.1236 49 27 
37 48.6931 27 38 48.2943 27 24 49.0434 27 
25 49.3316 27 26 49.5584 27 27 49.7337 27 
28 49.8604 27 29 49.9375 27 30 49.9634 27 
31 49.9375 27 32 49.8604 27 33 49.7337 27 
34 49.5584 27 35 49.3316 27 36 49.0434 27 
24 10.9567 28 23.8764 11 28 25 10.6684 28 
26 10.4416 28 27 10.2663 28 28 10.1396 28 
29 10.0626 28 30 10.0366 28 31 10.0626 28 
32 10.1396 28 33 10.2663 28 34 10.4416 28 
35 10.6684 28 36 10.9567 28 36.1236 11 28 
22 11.7057 28 21.3754 12 28 23 11.3069 28 
37 11.3069 28 38 11.7057 28 38.6246 12 28 
20 12.7187 28 19.5403 13 28 21 12.1836 28 
39 12.1836 28 40 12.7187 28 40.4597 13 28 
19 13.3437 28 18.0619 14 28 41 13.3437 28 
41.9381 14 28 17 14.8474 28 16.8262 15 28 
18 14.0462 28 42 14.0462 28 43 14.8474 28 
43.1738 15 28 16 15.7677 28 15.7677 16 28 
44 15.7677 28 44.2323 16 28 15 16.8262 28 
14.8474 17 28 45 16.8262 28 45.1526 17 28 
14.0462 18 28 45.9538 18 28 14 18.0619 28 
13.3437 19 28 46 18.0619 28 46.6563 19 28 
13 19.5403 28 12.7187 20 28 47 19.5403 28 
47.2813 20 28 12.1836 21 28 47.8164 21 28 
12 21.3754 28 11.7057 22 28 48 21.3754 28 
48.2943 22 28 11.3069 23 28 48.6931 23 28 
11 23.8764 28 10.9567 24 28 49 23.8764 28 
49.0434 24 28 10.6684 25 28 49.3316 25 28 
10.4416 26 28 49.5584 26 28 10.2663 27 28 
49.7337 27 28 10.1396 28 28 49.8604 28 28 
10.0626 29 28 49.9375 29 28 10.0366 30 28 
49.9634 30 28 10.0626 31 28 49.9375 31 28 
10.1396 32 28 49.8604 32 28 10.2663 33 28 
49.7337 33 28 10.4416 34 28 49.5584 34 28 
10.6684 35 28 49.3316 35 28 10.9567 36 28 
49.0434 36 28 11 36.1236 28 11.3069 37 28 
48.6931 37 28 49 36.1236 28 11.7057 38 28 
48.2943 38 28 12 38.6246 28 12.1836 39 28 
47.8164 39 28 48 38.6246 28 12.7187 40 28 
47.2813 40 28 13 40.4597 28 13.3437 41 28 
46.6563 41 28 47 40.4597 28 14 41.9381 28 
14.0462 42 28 45.9538 42 28 46 41.9381 28 
14.8474 43 28 45.1526 43 28 15 43.1738 28 
15.7677 44 28 44.2323 44 28 45 43.1738 28 
16 44.2323 28 16.8262 45 28 43.1738 45 28 
44 44.2323 28 17 45.1526 28 18 45.9538 28 
18.0619 46 28 41.9381 46 28 42 45.9538 28 
43 45.1526 28 19 46.6563 28 19.5403 47 28 
40.4597 47 28 41 46.6563 28 20 47.2813 28 
21 47.8164 28 21.3754 48 28 38.6246 48 28 
39 47.8164 28 40 47.2813 28 22 48.2943 28 
23 48.6931 28 23.8764 49 28 36.1236 49 28 
37 48.6931 28 38 48.2943 28 24 49.0434 28 
25 49.3316 28 26 49.5584 28 27 49.7337 28 
28 49.8604 28 29 49.9375 28 30 49.9634 28 
31 49.9375 28 32 49.8604 28 33 49.7337 28 
34 49.5584 28 35 49.3316 28 36 49.0434 28 
24 10.9567 29 23.8764 11 29 25 10.6684 29 
26 10.4416 29 27 10.2663 29 28 10.1396 29 
29 10.0626 29 30 10.0366 29 31 10.0626 29 
32 10.1396 29 33 10.2663 29 34 10.4416 29 
35 10.6684 29 36 10.9567 29 36.1236 11 29 
22 11.7057 29 21.3754 12 29 23 11.3069 29 
37 11.3069 29 38 11.7057 29 38.6246 12 29 
20 12.7187 29 19.5403 13 29 21 12.1836 29 
39 12.1836 29 40 12.7187 29 40.4597 13 29 
19 13.3437 29 18.0619 14 29 41 13.3437 29 
41.9381 14 29 17 14.8474 29 16.8262 15 29 
18 14.0462 29 42 14.0462 29 43 14.8474 29 
43.1738 15 29 16 15.7677 29 15.7677 16 29 
44 15.7677 29 44.2323 16 29 15 16.8262 29 
14.8474 17 29 45 16.8262 29 45.1526 17 29 
14.0462 18 29 45.9538 18 29 14 18.0619 29 
13.3437 19 29 46 18.0619 29 46.6563 19 29 
13 19.5403 29 12.7187 20 29 47 19.5403 29 
47.2813 20 29 12.1836 21 29 47.8164 21 29 
12 21.3754 29 11.7057 22 29 48 21.3754 29 
48.2943 22 29 11.3069 23 29 48.6931 23 29 
11 23.8764 29 10.9567 24 29 49 23.8764 29 
49.0434 24 29 10.6684 25 29 49.3316 25 29 
10.4416 26 29 49.5584 26 29 10.2663 27 29 
49.7337 27 29 10.1396 28 29 49.8604 28 29 
10.0626 29 29 49.9375 29 29 10.0366 30 29 
49.9634 30 29 10.0626 31 29 49.9375 31 29 
10.1396 32 29 49.8604 32 29 10.2663 33 29 
49.7337 33 29 10.4416 34 29 49.5584 34 29 
10.6684 35 29 49.3316 35 29 10.9567 36 29 
49.0434 36 29 11 36.1236 29 11.3069 37 29 
48.6931 37 29 49 36.1236 29 11.7057 38 29 
48.2943 38 29 12 38.6246 29 12.1836 39 29 
47.8164 39 29 48 38.6246 29 12.7187 40 29 
47.2813 40 29 13 40.4597 29 13.3437 41 29 
46.6563 41 29 47 40.4597 29 14 41.9381 29 
14.0462 42 29 45.9538 42 29 46 41.9381 29 
14.8474 43 29 45.1526 43 29 15 43.1738 29 
15.7677 44 29 44.2323 44 29 45 43.1738 29 
16 44.2323 29 16.8262 45 29 43.1738 45 29 
44 44.2323 29 17 45.1526 29 18 45.9538 29 
18.0619 46 29 41.9381 46 29 42 45.9538 29 
43 45.1526 29 19 46.6563 29 19.5403 47 29 
40.4597 47 29 41 46.6563 29 20 47.2813 29 
21 47.8164 29 21.3754 48 29 38.6246 48 29 
39 47.8164 29 40 47.2813 29 22 48.2943 29 
23 48.6931 29 23.8764 49 29 36.1236 49 29 
37 48.6931 29 38 48.2943 29 24 49.0434 29 
25 49.3316 29 26 49.5584 29 27 49.7337 29 
28 49.8604 29 29 49.9375 29 30 49.9634 29 
31 49.9375 29 32 49.8604 29 33 49.7337 29 
34 49.5584 29 35 49.3316 29 36 49.0434 29 
24 10.9567 30 23.8764 11 30 25 10.6684 30 
26 10.4416 30 27 10.2663 30 28 10.1396 30 
29 10.0626 30 30 10.0366 30 31 10.0626 30 
32 10.1396 30 33 10.2663 30 34 10.4416 30 
35 10.6684 30 36 10.9567 30 36.1236 11 30 
22 11.7057 30 21.3754 12 30 23 11.3069 30 
37 11.3069 30 38 11.7057 30 38.6246 12 30 
20 12.7187 30 19.5403 13 30 21 12.1836 30 
39 12.1836 30 40 12.7187 30 40.4597 13 30 
19 13.3437 30 18.0619 14 30 41 13.3437 30 
41.9381 14 30 17 14.8474 30 16.8262 15 30 
18 14.0462 30 42 14.0462 30 43 14.8474 30 
43.1738 15 30 16 15.7677 30 15.7677 16 30 
44 15.7677 30 44.2323 16 30 15 16.8262 30 
14.8474 17 30 45 16.8262 30 45.1526 17 30 
14.0462 18 30 45.9538 18 30 14 18.0619 30 
13.3437 19 30 46 18.0619 30 46.6563 19 30 
13 19.5403 30 12.7187 20 30 47 19.5403 30 
47.2813 20 30 12.1836 21 30 47.8164 21 30 
12 21.3754 30 11.7057 22 30 48 21.3754 30 
48.2943 22 30 11.3069 23 30 48.6931 23 30 
11 23.8764 30 10.9567 24 30 49 23.8764 30 
49.0434 24 30 10.6684 25 30 49.3316 25 30 
10.4416 26 30 49.5584 26 30 10.2663 27 30 
49.7337 27 30 10.1396 28 30 49.8604 28 30 
10.0626 29 30 49.9375 29 30 10.0366 30 30 
49.9634 30 30 10.0626 31 30 49.9375 31 30 
10.1396 32 30 49.8604 32 30 10.2663 33 30 
49.7337 33 30 10.4416 34 30 49.5584 34 30 
10.6684 35 30 49.3316 35 30 10.9567 36 30 
49.0434 36 30 11 36.1236 30 11.3069 37 30 
48.6931 37 30 49 36.1236 30 11.7057 38 30 
48.2943 38 30 12 38.6246 30 12.1836 39 30 
47.8164 39 30 48 38.6246 30 12.7187 40 30 
47.2813 40 30 13 40.4597 30 13.3437 41 30 
46.6563 41 30 47 40.4597 30 14 41.9381 30 
14.0462 42 30 45.9538 42 30 46 41.9381 30 
14.8474 43 30 45.1526 43 30 15 43.1738 30 
15.7677 44 30 44.2323 44 30 45 43.1738 30 
16 44.2323 30 16.8262 45 30 43.1738 45 30 
44 44.2323 30 17 45.1526 30 18 45.9538 30 
18.0619 46 30 41.9381 46 30 42 45.9538 30 
43 45.1526 30 19 46.6563 30 19.5403 47 30 
40.4597 47 30 41 46.6563 30 20 47.2813 30 
21 47.8164 30 21.3754 48 30 38.6246 48 30 
39 47.8164 30 40 47.2813 30 22 48.2943 30 
23 48.6931 30 23.8764 49 30 36.1236 49 30 
37 48.6931 30 38 48.2943 30 24 49.0434 30 
25 49.3316 30 26 49.5584 30 27 49.7337 30 
28 49.8604 30 29 49.9375 30 30 49.9634 30 
31 49.9375 30 32 49.8604 30 33 49.7337 30 
34 49.5584 30 35 49.3316 30 36 49.0434 30 
24 10.9567 31 23.8764 11 31 25 10.6684 31 
26 10.4416 31 27 10.2663 31 28 10.1396 31 
29 10.0626 31 30 10.0366 31 31 10.0626 31 
32 10.1396 31 33 10.2663 31 34 10.4416 31 
35 10.6684 31 36 10.9567 31 36.1236 11 31 
22 11.7057 31 21.3754 12 31 23 11.3069 31 
37 11.3069 31 38 11.7057 31 38.6246 12 31 
20 12.7187 31 19.5403 13 31 21 12.1836 31 
39 12.1836 31 40 12.7187 31 40.4597 13 31 
19 13.3437 31 18.0619 14 31 41 13.3437 31 
41.9381 14 31 17 14.8474 31 16.8262 15 31 
18 14.0462 31 42 14.0462 31 43 14.8474 31 
43.1738 15 31 16 15.7677 31 15.7677 16 31 
44 15.7677 31 44.2323 16 31 15 16.8262 31 
14.8474 17 31 45 16.8262 31 45.1526 17 31 
14.0462 18 31 45.9538 18 31 14 18.0619 31 
13.3437 19 31 46 18.0619 31 46.6563 19 31 
13 19.5403 31 12.7187 20 31 47 19.5403 31 
47.2813 20 31 12.1836 21 31 47.8164 21 31 
12 21.3754 31 11.7057 22 31 48 21.3754 31 
48.2943 22 31 11.3069 23 31 48.6931 23 31 
11 23.8764 31 10.9567 24 31 49 23.8764 31 
49.0434 24 31 10.6684 25 31 49.3316 25 31 
10.4416 26 31 49.5584 26 31 10.2663 27 31 
49.7337 27 31 10.1396 28 31 49.8604 28 31 
10.0626 29 31 49.9375 29 31 10.0366 30 31 
49.9634 30 31 10.0626 31 31 49.9375 31 31 
10.1396 32 31 49.8604 32 31 10.2663 33 31 
49.7337 33 31 10.4416 34 31 49.5584 34 31 
10.6684 35 31 49.3316 35 31 10.9567 36 31 
49.0434 36 31 11 36.1236 31 11.3069 37 31 
48.6931 37 31 49 36.1236 31 11.7057 38 31 
48.2943 38 31 12 38.6246 31 12.1836 39 31 
47.8164 39 31 48 38.6246 31 12.7187 40 31 
47.2813 40 31 13 40.4597 31 13.3437 41 31 
46.6563 41 31 47 40.4597 31 14 41.9381 31 
14.0462 42 31 45.9538 42 31 46 41.9381 31 
14.8474 43 31 45.1526 43 31 15 43.1738 31 
15.7677 44 31 44.2323 44 31 45 43.1738 31 
16 44.2323 31 16.8262 45 31 43.1738 45 31 
44 44.2323 31 17 45.1526 31 18 45.9538 31 
18.0619 46 31 41.9381 46 31 42 45.9538 31 
43 45.1526 31 19 46.6563 31 19.5403 47 31 
40.4597 47 31 41 46.6563 31 20 47.2813 31 
21 47.8164 31 21.3754 48 31 38.6246 48 31 
39 47.8164 31 40 47.2813 31 22 48.2943 31 
23 48.6931 31 23.8764 49 31 36.1236 49 31 
37 48.6931 31 38 48.2943 31 24 49.0434 31 
25 49.3316 31 26 49.5584 31 27 49.7337 31 
28 49.8604 31 29 49.9375 31 30 49.9634 31 
31 49.9375 31 32 49.8604 31 33 49.7337 31 
34 49.5584 31 35 49.3316 31 36 49.0434 31 
24 10.9567 32 23.8764 11 32 25 10.6684 32 
26 10.4416 32 27 10.2663 32 28 10.1396 32 
29 10.0626 32 30 10.0366 32 31 10.0626 32 
32 10.1396 32 33 10.2663 32 34 10.4416 32 
35 10.6684 32 36 10.9567 32 36.1236 11 32 
22 11.7057 32 21.3754 12 32 23 11.3069 32 
37 11.3069 32 38 11.7057 32 38.6246 12 32 
20 12.7187 32 19.5403 13 32 21 12.1836 32 
39 12.1836 32 40 12.7187 32 40.4597 13 32 
19 13.3437 32 18.0619 14 32 41 13.3437 32 
41.9381 14 32 17 14.8474 32 16.8262 15 32 
18 14.0462 32 42 14.0462 32 43 14.8474 32 
43.1738 15 32 16 15.7677 32 15.7677 16 32 
44 15.7677 32 44.2323 16 32 15 16.8262 32 
14.8474 17 32 45 16.8262 32 45.1526 17 32 
14.0462 18 32 45.9538 18 32 14 18.0619 32 
13.3437 19 32 46 18.0619 32 46.6563 19 32 
13 19.5403 32 12.7187 20 32 47 19.5403 32 
47.2813 20 32 12.1836 21 32 47.8164 21 32 
12 21.3754 32 11.7057 22 32 48 21.3754 32 
48.2943 22 32 11.3069 23 32 48.6931 23 32 
11 23.8764 32 10.9567 24 32 49 23.8764 32 
49.0434 24 32 10.6684 25 32 49.3316 25 32 
10.4416 26 32 49.5584 26 32 10.2663 27 32 
49.7337 27 32 10.1396 28 32 49.8604 28 32 
10.0626 29 32 49.9375 29 32 10.0366 30 32 
49.9634 30 32 10.0626 31 32 49.9375 31 32 
10.1396 32 32 49.8604 32 32 10.2663 33 32 
49.7337 33 32 10.4416 34 32 49.5584 34 32 
10.6684 35 32 49.3316 35 32 10.9567 36 32 
49.0434 36 32 11 36.1236 32 11.3069 37 32 
48.6931 37 32 49 36.1236 32 11.7057 38 32 
48.2943 38 32 12 38.6246 32 12.1836 39 32 
47.8164 39 32 48 38.6246 32 12.7187 40 32 
47.2813 40 32 13 40.4597 32 13.3437 41 32 
46.6563 41 32 47 40.4597 32 14 41.9381 32 
14.0462 42 32 45.9538 42 32 46 41.9381 32 
14.8474 43 32 45.1526 43 32 15 43.1738 32 
15.7677 44 32 44.2323 44 32 45 43.1738 32 
16 44.2323 32 16.8262 45 32 43.1738 45 32 
44 44.2323 32 17 45.1526 32 18 45.9538 32 
18.0619 46 32 41.9381 46 32 42 45.9538 32 
43 45.1526 32 19 46.6563 32 19.5403 47 32 
40.4597 47 32 41 46.6563 32 20 47.2813 32 
21 47.8164 32 21.3754 48 32 38.6246 48 32 
39 47.8164 32 40 47.2813 32 22 48.2943 32 
23 48.6931 32 23.8764 49 32 36.1236 49 32 
37 48.6931 32 38 48.2943 32 24 49.0434 32 
25 49.3316 32 26 49.5584 32 27 49.7337 32 
28 49.8604 32 29 49.9375 32 30 49.9634 32 
31 49.9375 32 32 49.8604 32 33 49.7337 32 
34 49.5584 32 35 49.3316 32 36 49.0434 32 
24 10.9567 33 23.8764 11 33 25 10.6684 33 
26 10.4416 33 27 10.2663 33 28 10.1396 33 
29 10.0626 33 30 10.0366 33 31 10.0626 33 
32 10.1396 33 33 10.2663 33 34 10.4416 33 
35 10.6684 33 36 10.9567 33 36.1236 11 33 
22 11.7057 33 21.3754 12 33 23 11.3069 33 
37 11.3069 33 38 11.7057 33 38.6246 12 33 
20 12.7187 33 19.5403 13 33 21 12.1836 33 
39 12.1836 33 40 12.7187 33 40.4597 13 33 
19 13.3437 33 18.0619 14 33 41 13.3437 33 
41.9381 14 33 17 14.8474 33 16.8262 15 33 
18 14.0462 33 42 14.0462 33 43 14.8474 33 
43.1738 15 33 16 15.7677 33 15.7677 16 33 
44 15.7677 33 44.2323 16 33 15 16.8262 33 
14.8474 17 33 45 16.8262 33 45.1526 17 33 
14.0462 18 33 45.9538 18 33 14 18.0619 33 
13.3437 19 33 46 18.0619 33 46.6563 19 33 
13 19.5403 33 12.7187 20 33 47 19.5403 33 
47.2813 20 33 12.1836 21 33 47.8164 21 33 
12 21.3754 33 11.7057 22 33 48 21.3754 33 
48.2943 22 33 11.3069 23 33 48.6931 23 33 
11 23.8764 33 10.9567 24 33 49 23.8764 33 
49.0434 24 33 10.6684 25 33 49.3316 25 33 
10.4416 26 33 49.5584 26 33 10.2663 27 33 
49.7337 27 33 10.1396 28 33 49.8604 28 33 
10.0626 29 33 49.9375 29 33 10.0366 30 33 
49.9634 30 33 10.0626 31 33 49.9375 31 33 
10.1396 32 33 49.8604 32 33 10.2663 33 33 
49.7337 33 33 10.4416 34 33 49.5584 34 33 
10.6684 35 33 49.3316 35 33 10.9567 36 33 
49.0434 36 33 11 36.1236 33 11.3069 37 33 
48.6931 37 33 49 36.1236 33 11.7057 38 33 
48.2943 38 33 12 38.6246 33 12.1836 39 33 
47.8164 39 33 48 38.6246 33 12.7187 40 33 
47.2813 40 33 13 40.4597 33 13.3437 41 33 
46.6563 41 33 47 40.4597 33 14 41.9381 33 
14.0462 42 33 45.9538 42 33 46 41.9381 33 
14.8474 43 33 45.1526 43 33 15 43.1738 33 
15.7677 44 33 44.2323 44 33 45 43.1738 33 
16 44.2323 33 16.8262 45 33 43.1738 45 33 
44 44.2323 33 17 45.1526 33 18 45.9538 33 
18.0619 46 33 41.9381 46 33 42 45.9538 33 
43 45.1526 33 19 46.6563 33 19.5403 47 33 
40.4597 47 33 41 46.6563 33 20 47.2813 33 
21 47.8164 33 21.3754 48 33 38.6246 48 33 
39 47.8164 33 40 47.2813 33 22 48.2943 33 
23 48.6931 33 23.8764 49 33 36.1236 49 33 
37 48.6931 33 38 48.2943 33 24 49.0434 33 
25 49.3316 33 26 49.5584 33 27 49.7337 33 
28 49.8604 33 29 49.9375 33 30 49.9634 33 
31 49.9375 33 32 49.8604 33 33 49.7337 33 
34 49.5584 33 35 49.3316 33 36 49.0434 33 
24 10.9567 34 23.8764 11 34 25 10.6684 34 
26 10.4416 34 27 10.2663 34 28 10.1396 34 
29 10.0626 34 30 10.0366 34 31 10.0626 34 
32 10.1396 34 33 10.2663 34 34 10.4416 34 
35 10.6684 34 36 10.9567 34 36.1236 11 34 
22 11.7057 34 21.3754 12 34 23 11.3069 34 
37 11.3069 34 38 11.7057 34 38.6246 12 34 
20 12.7187 34 19.5403 13 34 21 12.1836 34 
39 12.1836 34 40 12.7187 34 40.4597 13 34 
19 13.3437 34 18.0619 14 34 41 13.3437 34 
41.9381 14 34 17 14.8474 34 16.8262 15 34 
18 14.0462 34 42 14.0462 34 43 14.8474 34 
43.1738 15 34 16 15.7677 34 15.7677 16 34 
44 15.7677 34 44.2323 16 34 15 16.8262 34 
14.8474 17 34 45 16.8262 34 45.1526 17 34 
14.0462 18 34 45.9538 18 34 14 18.0619 34 
13.3437 19 34 46 18.0619 34 46.6563 19 34 
13 19.5403 34 12.7187 20 34 47 19.5403 34 
47.2813 20 34 12.1836 21 34 47.8164 21 34 
12 21.3754 34 11.7057 22 34 48 21.3754 34 
48.2943 22 34 11.3069 23 34 48.6931 23 34 
11 23.8764 34 10.9567 24 34 49 23.8764 34 
49.0434 24 34 10.6684 25 34 49.3316 25 34 
10.4416 26 34 49.5584 26 34 10.2663 27 34 
49.7337 27 34 10.1396 28 34 49.8604 28 34 
10.0626 29 34 49.9375 29 34 10.0366 30 34 
49.9634 30 34 10.0626 31 34 49.9375 31 34 
10.1396 32 34 49.8604 32 34 10.2663 33 34 
49.7337 33 34 10.4416 34 34 49.5584 34 34 
10.6684 35 34 49.3316 35 34 10.9567 36 34 
49.0434 36 34 11 36.1236 34 11.3069 37 34 
48.6931 37 34 49 36.1236 34 11.7057 38 34 
48.2943 38 34 12 38.6246 34 12.1836 39 34 
47.8164 39 34 48 38.6246 34 12.7187 40 34 
47.2813 40 34 13 40.4597 34 13.3437 41 34 
46.6563 41 34 47 40.4597 34 14 41.9381 34 
14.0462 42 34 45.9538 42 34 46 41.9381 34 
14.8474 43 34 45.1526 43 34 15 43.1738 34 
15.7677 44 34 44.2323 44 34 45 43.1738 34 
16 44.2323 34 16.8262 45 34 43.1738 45 34 
44 44.2323 34 17 45.1526 34 18 45.9538 34 
18.0619 46 34 41.9381 46 34 42 45.9538 34 
43 45.1526 34 19 46.6563 34 19.5403 47 34 
40.4597 47 34 41 46.6563 34 20 47.2813 34 
21 47.8164 34 21.3754 48 34 38.6246 48 34 
39 47.8164 34 40 47.2813 34 22 48.2943 34 
23 48.6931 34 23.8764 49 34 36.1236 49 34 
37 48.6931 34 38 48.2943 34 24 49.0434 34 
25 49.3316 34 26 49.5584 34 27 49.7337 34 
28 49.8604 34 29 49.9375 34 30 49.9634 34 
31 49.9375 34 32 49.8604 34 33 49.7337 34 
34 49.5584 34 35 49.3316 34 36 49.0434 34 
24 10.9567 35 23.8764 11 35 25 10.6684 35 
26 10.4416 35 27 10.2663 35 28 10.1396 35 
29 10.0626 35 30 10.0366 35 31 10.0626 35 
32 10.1396 35 33 10.2663 35 34 10.4416 35 
35 10.6684 35 36 10.9567 35 36.1236 11 35 
22 11.7057 35 21.3754 12 35 23 11.3069 35 
37 11.3069 35 38 11.7057 35 38.6246 12 35 
20 12.7187 35 19.5403 13 35 21 12.1836 35 
39 12.1836 35 40 12.7187 35 40.4597 13 35 
19 13.3437 35 18.0619 14 35 41 13.3437 35 
41.9381 14 35 17 14.8474 35 16.8262 15 35 
18 14.0462 35 42 14.0462 35 43 14.8474 35 
43.1738 15 35 16 15.7677 35 15.7677 16 35 
44 15.7677 35 44.2323 16 35 15 16.8262 35 
14.8474 17 35 45 16.8262 35 45.1526 17 35 
14.0462 18 35 45.9538 18 35 14 18.0619 35 
13.3437 19 35 46 18.0619 35 46.6563 19 35 
13 19.5403 35 12.7187 20 35 47 19.5403 35 
47.2813 20 35 12.1836 21 35 47.8164 21 35 
12 21.3754 35 11.7057 22 35 48 21.3754 35 
48.2943 22 35 11.3069 23 35 48.6931 23 35 
11 23.8764 35 10.9567 24 35 49 23.8764 35 
49.0434 24 35 10.6684 25 35 49.3316 25 35 
10.4416 26 35 49.5584 26 35 10.2663 27 35 
49.7337 27 35 10.1396 28 35 49.8604 28 35 
10.0626 29 35 49.9375 29 35 10.0366 30 35 
49.9634 30 35 10.0626 31 35 49.9375 31 35 
10.1396 32 35 49.8604 32 35 10.2663 33 35 
49.7337 33 35 10.4416 34 35 49.5584 34 35 
10.6684 35 35 49.3316 35 35 10.9567 36 35 
49.0434 36 35 11 36.1236 35 11.3069 37 35 
48.6931 37 35 49 36.1236 35 11.7057 38 35 
48.2943 38 35 12 38.6246 35 12.1836 39 35 
47.8164 39 35 48 38.6246 35 12.7187 40 35 
47.2813 40 35 13 40.4597 35 13.3437 41 35 
46.6563 41 35 47 40.4597 35 14 41.9381 35 
14.0462 42 35 45.9538 42 35 46 41.9381 35 
14.8474 43 35 45.1526 43 35 15 43.1738 35 
15.7677 44 35 44.2323 44 35 45 43.1738 35 
16 44.2323 35 16.8262 45 35 43.1738 45 35 
44 44.2323 35 17 45.1526 35 18 45.9538 35 
18.0619 46 35 41.9381 46 35 42 45.9538 35 
43 45.1526 35 19 46.6563 35 19.5403 47 35 
40.4597 47 35 41 46.6563 35 20 47.2813 35 
21 47.8164 35 21.3754 48 35 38.6246 48 35 
39 47.8164 35 40 47.2813 35 22 48.2943 35 
23 48.6931 35 23.8764 49 35 36.1236 49 35 
37 48.6931 35 38 48.2943 35 24 49.0434 35 
25 49.3316 35 26 49.5584 35 27 49.7337 35 
28 49.8604 35 29 49.9375 35 30 49.9634 35 
31 49.9375 35 32 49.8604 35 33 49.7337 35 
34 49.5584 35 35 49.3316 35 36 49.0434 35 
24 10.9567 36 23.8764 11 36 25 10.6684 36 
26 10.4416 36 27 10.2663 36 28 10.1396 36 
29 10.0626 36 30 10.0366 36 31 10.0626 36 
32 10.1396 36 33 10.2663 36 34 10.4416 36 
35 10.6684 36 36 10.9567 36 36.1236 11 36 
22 11.7057 36 21.3754 12 36 23 11.3069 36 
37 11.3069 36 38 11.7057 36 38.6246 12 36 
20 12.7187 36 19.5403 13 36 21 12.1836 36 
39 12.1836 36 40 12.7187 36 40.4597 13 36 
19 13.3437 36 18.0619 14 36 41 13.3437 36 
41.9381 14 36 17 14.8474 36 16.8262 15 36 
18 14.0462 36 42 14.0462 36 43 14.8474 36 
43.1738 15 36 16 15.7677 36 15.7677 16 36 
44 15.7677 36 44.2323 16 36 15 16.8262 36 
14.8474 17 36 45 16.8262 36 45.1526 17 36 
14.0462 18 36 45.9538 18 36 14 18.0619 36 
13.3437 19 36 46 18.0619 36 46.6563 19 36 
13 19.5403 36 12.7187 20 36 47 19.5403 36 
47.2813 20 36 12.1836 21 36 47.8164 21 36 
12 21.3754 36 11.7057 22 36 48 21.3754 36 
48.2943 22 36 11.3069 23 36 48.6931 23 36 
11 23.8764 36 10.9567 24 36 49 23.8764 36 
49.0434 24 36 10.6684 25 36 49.3316 25 36 
10.4416 26 36 49.5584 26 36 10.2663 27 36 
49.7337 27 36 10.1396 28 36 49.8604 28 36 
10.0626 29 36 49.9375 29 36 10.0366 30 36 
49.9634 30 36 10.0626 31 36 49.9375 31 36 
10.1396 32 36 49.8604 32 36 10.2663 33 36 
49.7337 33 36 10.4416 34 36 49.5584 34 36 
10.6684 35 36 49.3316 35 36 10.9567 36 36 
49.0434 36 36 11 36.1236 36 11.3069 37 36 
48.6931 37 36 49 36.1236 36 11.7057 38 36 
48.2943 38 36 12 38.6246 36 12.1836 39 36 
47.8164 39 36 48 38.6246 36 12.7187 40 36 
47.2813 40 36 13 40.4597 36 13.3437 41 36 
46.6563 41 36 47 40.4597 36 14 41.9381 36 
14.0462 42 36 45.9538 42 36 46 41.9381 36 
14.8474 43 36 45.1526 43 36 15 43.1738 36 
15.7677 44 36 44.2323 44 36 45 43.1738 36 
16 44.2323 36 16.8262 45 36 43.1738 45 36 
44 44.2323 36 17 45.1526 36 18 45.9538 36 
18.0619 46 36 41.9381 46 36 42 45.9538 36 
43 45.1526 36 19 46.6563 36 19.5403 47 36 
40.4597 47 36 41 46.6563 36 20 47.2813 36 
21 47.8164 36 21.3754 48 36 38.6246 48 36 
39 47.8164 36 40 47.2813 36 22 48.2943 36 
23 48.6931 36 23.8764 49 36 36.1236 49 36 
37 48.6931 36 38 48.2943 36 24 49.0434 36 
25 49.3316 36 26 49.5584 36 27 49.7337 36 
28 49.8604 36 29 49.9375 36 30 49.9634 36 
31 49.9375 36 32 49.8604 36 33 49.7337 36 
34 49.5584 36 35 49.3316 36 36 49.0434 36 
24 10.9567 37 23.8764 11 37 25 10.6684 37 
26 10.4416 37 27 10.2663 37 28 10.1396 37 
29 10.0626 37 30 10.0366 37 31 10.0626 37 
32 10.1396 37 33 10.2663 37 34 10.4416 37 
35 10.6684 37 36 10.9567 37 36.1236 11 37 
22 11.7057 37 21.3754 12 37 23 11.3069 37 
37 11.3069 37 38 11.7057 37 38.6246 12 37 
20 12.7187 37 19.5403 13 37 21 12.1836 37 
39 12.1836 37 40 12.7187 37 40.4597 13 37 
19 13.3437 37 18.0619 14 37 41 13.3437 37 
41.9381 14 37 17 14.8474 37 16.8262 15 37 
18 14.0462 37 42 14.0462 37 43 14.8474 37 
43.1738 15 37 16 15.7677 37 15.7677 16 37 
44 15.7677 37 44.2323 16 37 15 16.8262 37 
14.8474 17 37 45 16.8262 37 45.1526 17 37 
14.0462 18 37 45.9538 18 37 14 18.0619 37 
13.3437 19 37 46 18.0619 37 46.6563 19 37 
13 19.5403 37 12.7187 20 37 47 19.5403 37 
47.2813 20 37 12.1836 21 37 47.8164 21 37 
12 21.3754 37 11.7057 22 37 48 21.3754 37 
48.2943 22 37 11.3069 23 37 48.6931 23 37 
11 23.8764 37 10.9567 24 37 49 23.8764 37 
49.0434 24 37 10.6684 25 37 49.3316 25 37 
10.4416 26 37 49.5584 26 37 10.2663 27 37 
49.7337 27 37 10.1396 28 37 49.8604 28 37 
10.0626 29 37 49.9375 29 37 10.0366 30 37 
49.9634 30 37 10.0626 31 37 49.9375 31 37 
10.1396 32 37 49.8604 32 37 10.2663 33 37 
49.7337 33 37 10.4416 34 37 49.5584 34 37 
10.6684 35 37 49.3316 35 37 10.9567 36 37 
49.0434 36 37 11 36.1236 37 11.3069 37 37 
48.6931 37 37 49 36.1236 37 11.7057 38 37 
48.2943 38 37 12 38.6246 37 12.1836 39 37 
47.8164 39 37 48 38.6246 37 12.7187 40 37 
47.2813 40 37 13 40.4597 37 13.3437 41 37 
46.6563 41 37 47 40.4597 37 14 41.9381 37 
14.0462 42 37 45.9538 42 37 46 41.9381 37 
14.8474 43 37 45.1526 43 37 15 43.1738 37 
15.7677 44 37 44.2323 44 37 45 43.1738 37 
16 44.2323 37 16.8262 45 37 43.1738 45 37 
44 44.2323 37 17 45.1526 37 18 45.9538 37 
18.0619 46 37 41.9381 46 37 42 45.9538 37 
43 45.1526 37 19 46.6563 37 19.5403 47 37 
40.4597 47 37 41 46.6563 37 20 47.2813 37 
21 47.8164 37 21.3754 48 37 38.6246 48 37 
39 47.8164 37 40 47.2813 37 22 48.2943 37 
23 48.6931 37 23.8764 49 37 36.1236 49 37 
37 48.6931 37 38 48.2943 37 24 49.0434 37 
25 49.3316 37 26 49.5584 37 27 49.7337 37 
28 49.8604 37 29 49.9375 37 30 49.9634 37 
31 49.9375 37 32 49.8604 37 33 49.7337 37 
34 49.5584 37 35 49.3316 37 36 49.0434 37 
24 10.9567 38 23.8764 11 38 25 10.6684 38 
26 10.4416 38 27 10.2663 38 28 10.1396 38 
29 10.0626 38 30 10.0366 38 31 10.0626 38 
32 10.1396 38 33 10.2663 38 34 10.4416 38 
35 10.6684 38 36 10.9567 38 36.1236 11 38 
22 11.7057 38 21.3754 12 38 23 11.3069 38 
37 11.3069 38 38 11.7057 38 38.6246 12 38 
20 12.7187 38 19.5403 13 38 21 12.1836 38 
39 12.1836 38 40 12.7187 38 40.4597 13 38 
19 13.3437 38 18.0619 14 38 41 13.3437 38 
41.9381 14 38 17 14.8474 38 16.8262 15 38 
18 14.0462 38 42 14.0462 38 43 14.8474 38 
43.1738 15 38 16 15.7677 38 15.7677 16 38 
44 15.7677 38 44.2323 16 38 15 16.8262 38 
14.8474 17 38 45 16.8262 38 45.1526 17 38 
14.0462 18 38 45.9538 18 38 14 18.0619 38 
13.3437 19 38 46 18.0619 38 46.6563 19 38 
13 19.5403 38 12.7187 20 38 47 19.5403 38 
47.2813 20 38 12.1836 21 38 47.8164 21 38 
12 21.3754 38 11.7057 22 38 48 21.3754 38 
48.2943 22 38 11.3069 23 38 48.6931 23 38 
11 23.8764 38 10.9567 24 38 49 23.8764 38 
49.0434 24 38 10.6684 25 38 49.3316 25 38 
10.4416 26 38 49.5584 26 38 10.2663 27 38 
49.7337 27 38 10.1396 28 38 49.8604 28 38 
10.0626 29 38 49.9375 29 38 10.0366 30 38 
49.9634 30 38 10.0626 31 38 49.9375 31 38 
10.1396 32 38 49.8604 32 38 10.2663 33 38 
49.7337 33 38 10.4416 34 38 49.5584 34 38 
10.6684 35 38 49.3316 35 38 10.9567 36 38 
49.0434 36 38 11 36.1236 38 11.3069 37 38 
48.6931 37 38 49 36.1236 38 11.7057 38 38 
48.2943 38 38 12 38.6246 38 12.1836 39 38 
47.8164 39 38 48 38.6246 38 12.7187 40 38 
47.2813 40 38 13 40.4597 38 13.3437 41 38 
46.6563 41 38 47 40.4597 38 14 41.9381 38 
14.0462 42 38 45.9538 42 38 46 41.9381 38 
14.8474 43 38 45.1526 43 38 15 43.1738 38 
15.7677 44 38 44.2323 44 38 45 43.1738 38 
16 44.2323 38 16.8262 45 38 43.1738 45 38 
44 44.2323 38 17 45.1526 38 18 45.9538 38 
18.0619 46 38 41.9381 46 38 42 45.9538 38 
43 45.1526 38 19 46.6563 38 19.5403 47 38 
40.4597 47 38 41 46.6563 38 20 47.2813 38 
21 47.8164 38 21.3754 48 38 38.6246 48 38 
39 47.8164 38 40 47.2813 38 22 48.2943 38 
23 48.6931 38 23.8764 49 38 36.1236 49 38 
37 48.6931 38 38 48.2943 38 24 49.0434 38 
25 49.3316 38 26 49.5584 38 27 49.7337 38 
28 49.8604 38 29 49.9375 38 30 49.9634 38 
31 49.9375 38 32 49.8604 38 33 49.7337 38 
34 49.5584 38 35 49.3316 38 36 49.0434 38 
24 10.9567 39 23.8764 11 39 25 10.6684 39 
26 10.4416 39 27 10.2663 39 28 10.1396 39 
29 10.0626 39 30 10.0366 39 31 10.0626 39 
32 10.1396 39 33 10.2663 39 34 10.4416 39 
35 10.6684 39 36 10.9567 39 36.1236 11 39 
22 11.7057 39 21.3754 12 39 23 11.3069 39 
37 11.3069 39 38 11.7057 39 38.6246 12 39 
20 12.7187 39 19.5403 13 39 21 12.1836 39 
39 12.1836 39 40 12.7187 39 40.4597 13 39 
19 13.3437 39 18.0619 14 39 41 13.3437 39 
41.9381 14 39 17 14.8474 39 16.8262 15 39 
18 14.0462 39 42 14.0462 39 43 14.8474 39 
43.1738 15 39 16 15.7677 39 15.7677 16 39 
44 15.7677 39 44.2323 16 39 15 16.8262 39 
14.8474 17 39 45 16.8262 39 45.1526 17 39 
14.0462 18 39 45.9538 18 39 14 18.0619 39 
13.3437 19 39 46 18.0619 39 46.6563 19 39 
13 19.5403 39 12.7187 20 39 47 19.5403 39 
47.2813 20 39 12.1836 21 39 47.8164 21 39 
12 21.3754 39 11.7057 22 39 48 21.3754 39 
48.2943 22 39 11.3069 23 39 48.6931 23 39 
11 23.8764 39 10.9567 24 39 49 23.8764 39 
49.0434 24 39 10.6684 25 39 49.3316 25 39 
10.4416 26 39 49.5584 26 39 10.2663 27 39 
49.7337 27 39 10.1396 28 39 49.8604 28 39 
10.0626 29 39 49.9375 29 39 10.0366 30 39 
49.9634 30 39 10.0626 31 39 49.9375 31 39 
10.1396 32 39 49.8604 32 39 10.2663 33 39 
49.7337 33 39 10.4416 34 39 49.5584 34 39 
10.6684 35 39 49.3316 35 39 10.9567 36 39 
49.0434 36 39 11 36.1236 39 11.3069 37 39 
48.6931 37 39 49 36.1236 39 11.7057 38 39 
48.2943 38 39 12 38.6246 39 12.1836 39 39 
47.8164 39 39 48 38.6246 39 12.7187 40 39 
47.2813 40 39 13 40.4597 39 13.3437 41 39 
46.6563 41 39 47 40.4597 39 14 41.9381 39 
14.0462 42 39 45.9538 42 39 46 41.9381 39 
14.8474 43 39 45.1526 43 39 15 43.1738 39 
15.7677 44 39 44.2323 44 39 45 43.1738 39 
16 44.2323 39 16.8262 45 39 43.1738 45 39 
44 44.2323 39 17 45.1526 39 18 45.9538 39 
18.0619 46 39 41.9381 46 39 42 45.9538 39 
43 45.1526 39 19 46.6563 39 19.5403 47 39 
40.4597 47 39 41 46.6563 39 20 47.2813 39 
21 47.8164 39 21.3754 48 39 38.6246 48 39 
39 47.8164 39 40 47.2813 39 22 48.2943 39 
23 48.6931 39 23.8764 49 39 36.1236 49 39 
37 48.6931 39 38 48.2943 39 24 49.0434 39 
25 49.3316 39 26 49.5584 39 27 49.7337 39 
28 49.8604 39 29 49.9375 39 30 49.9634 39 
31 49.9375 39 32 49.8604 39 33 49.7337 39 
34 49.5584 39 35 49.3316 39 36 49.0434 39 
24 10.9567 40 23.8764 11 40 25 10.6684 40 
26 10.4416 40 27 10.2663 40 28 10.1396 40 
29 10.0626 40 30 10.0366 40 31 10.0626 40 
32 10.1396 40 33 10.2663 40 34 10.4416 40 
35 10.6684 40 36 10.9567 40 36.1236 11 40 
22 11.7057 40 21.3754 12 40 23 11.3069 40 
37 11.3069 40 38 11.7057 40 38.6246 12 40 
20 12.7187 40 19.5403 13 40 21 12.1836 40 
39 12.1836 40 40 12.7187 40 40.4597 13 40 
19 13.3437 40 18.0619 14 40 41 13.3437 40 
41.9381 14 40 17 14.8474 40 16.8262 15 40 
18 14.0462 40 42 14.0462 40 43 14.8474 40 
43.1738 15 40 16 15.7677 40 15.7677 16 40 
44 15.7677 40 44.2323 16 40 15 16.8262 40 
14.8474 17 40 45 16.8262 40 45.1526 17 40 
14.0462 18 40 45.9538 18 40 14 18.0619 40 
13.3437 19 40 46 18.0619 40 46.6563 19 40 
13 19.5403 40 12.7187 20 40 47 19.5403 40 
47.2813 20 40 12.1836 21 40 47.8164 21 40 
12 21.3754 40 11.7057 22 40 48 21.3754 40 
48.2943 22 40 11.3069 23 40 48.6931 23 40 
11 23.8764 40 10.9567 24 40 49 23.8764 40 
49.0434 24 40 10.6684 25 40 49.3316 25 40 
10.4416 26 40 49.5584 26 40 10.2663 27 40 
49.7337 27 40 10.1396 28 40 49.8604 28 40 
10.0626 29 40 49.9375 29 40 10.0366 30 40 
49.9634 30 40 10.0626 31 40 49.9375 31 40 
10.1396 32 40 49.8604 32 40 10.2663 33 40 
49.7337 33 40 10.4416 34 40 49.5584 34 40 
10.6684 35 40 49.3316 35 40 10.9567 36 40 
49.0434 36 40 11 36.1236 40 11.3069 37 40 
48.6931 37 40 49 36.1236 40 11.7057 38 40 
48.2943 38 40 12 38.6246 40 12.1836 39 40 
47.8164 39 40 48 38.6246 40 12.7187 40 40 
47.2813 40 40 13 40.4597 40 13.3437 41 40 
46.6563 41 40 47 40.4597 40 14 41.9381 40 
14.0462 42 40 45.9538 42 40 46 41.9381 40 
14.8474 43 40 45.1526 43 40 15 43.1738 40 
15.7677 44 40 44.2323 44 40 45 43.1738 40 
16 44.2323 40 16.8262 45 40 43.1738 45 40 
44 44.2323 40 17 45.1526 40 18 45.9538 40 
18.0619 46 40 41.9381 46 40 42 45.9538 40 
43 45.1526 40 19 46.6563 40 19.5403 47 40 
40.4597 47 40 41 46.6563 40 20 47.2813 40 
21 47.8164 40 21.3754 48 40 38.6246 48 40 
39 47.8164 40 40 47.2813 40 22 48.2943 40 
23 48.6931 40 23.8764 49 40 36.1236 49 40 
37 48.6931 40 38 48.2943 40 24 49.0434 40 
25 49.3316 40 26 49.5584 40 27 49.7337 40 
28 49.8604 40 29 49.9375 40 30 49.9634 40 
31 49.9375 40 32 49.8604 40 33 49.7337 40 
34 49.5584 40 35 49.3316 40 36 49.0434 40 
24 10.9567 41 23.8764 11 41 25 10.6684 41 
26 10.4416 41 27 10.2663 41 28 10.1396 41 
29 10.0626 41 30 10.0366 41 31 10.0626 41 
32 10.1396 41 33 10.2663 41 34 10.4416 41 
35 10.6684 41 36 10.9567 41 36.1236 11 41 
22 11.7057 41 21.3754 12 41 23 11.3069 41 
37 11.3069 41 38 11.7057 41 38.6246 12 41 
20 12.7187 41 19.5403 13 41 21 12.1836 41 
39 12.1836 41 40 12.7187 41 40.4597 13 41 
19 13.3437 41 18.0619 14 41 41 13.3437 41 
41.9381 14 41 17 14.8474 41 16.8262 15 41 
18 14.0462 41 42 14.0462 41 43 14.8474 41 
43.1738 15 41 16 15.7677 41 15.7677 16 41 
44 15.7677 41 44.2323 16 41 15 16.8262 41 
14.8474 17 41 45 16.8262 41 45.1526 17 41 
14.0462 18 41 45.9538 18 41 14 18.0619 41 
13.3437 19 41 46 18.0619 41 46.6563 19 41 
13 19.5403 41 12.7187 20 41 47 19.5403 41 
47.2813 20 41 12.1836 21 41 47.8164 21 41 
12 21.3754 41 11.7057 22 41 48 21.3754 41 
48.2943 22 41 11.3069 23 41 48.6931 23 41 
11 23.8764 41 10.9567 24 41 49 23.8764 41 
49.0434 24 41 10.6684 25 41 49.3316 25 41 
10.4416 26 41 49.5584 26 41 10.2663 27 41 
49.7337 27 41 10.1396 28 41 49.8604 28 41 
10.0626 29 41 49.9375 29 41 10.0366 30 41 
49.9634 30 41 10.0626 31 41 49.9375 31 41 
10.1396 32 41 49.8604 32 41 10.2663 33 41 
49.7337 33 41 10.4416 34 41 49.5584 34 41 
10.6684 35 41 49.3316 35 41 10.9567 36 41 
49.0434 36 41 11 36.1236 41 11.3069 37 41 
48.6931 37 41 49 36.1236 41 11.7057 38 41 
48.2943 38 41 12 38.6246 41 12.1836 39 41 
47.8164 39 41 48 38.6246 41 12.7187 40 41 
47.2813 40 41 13 40.4597 41 13.3437 41 41 
46.6563 41 41 47 40.4597 41 14 41.9381 41 
14.0462 42 41 45.9538 42 41 46 41.9381 41 
14.8474 43 41 45.1526 43 41 15 43.1738 41 
15.7677 44 41 44.2323 44 41 45 43.1738 41 
16 44.2323 41 16.8262 45 41 43.1738 45 41 
44 44.2323 41 17 45.1526 41 18 45.9538 41 
18.0619 46 41 41.9381 46 41 42 45.9538 41 
43 45.1526 41 19 46.6563 41 19.5403 47 41 
40.4597 47 41 41 46.6563 41 20 47.2813 41 
21 47.8164 41 21.3754 48 41 38.6246 48 41 
39 47.8164 41 40 47.2813 41 22 48.2943 41 
23 48.6931 41 23.8764 49 41 36.1236 49 41 
37 48.6931 41 38 48.2943 41 24 49.0434 41 
25 49.3316 41 26 49.5584 41 27 49.7337 41 
28 49.8604 41 29 49.9375 41 30 49.9634 41 
31 49.9375 41 32 49.8604 41 33 49.7337 41 
34 49.5584 41 35 49.3316 41 36 49.0434 41 
24 10.9567 42 23.8764 11 42 25 10.6684 42 
26 10.4416 42 27 10.2663 42 28 10.1396 42 
29 10.0626 42 30 10.0366 42 31 10.0626 42 
32 10.1396 42 33 10.2663 42 34 10.4416 42 
35 10.6684 42 36 10.9567 42 36.1236 11 42 
22 11.7057 42 21.3754 12 42 23 11.3069 42 
37 11.3069 42 38 11.7057 42 38.6246 12 42 
20 12.7187 42 19.5403 13 42 21 12.1836 42 
39 12.1836 42 40 12.7187 42 40.4597 13 42 
19 13.3437 42 18.0619 14 42 41 13.3437 42 
41.9381 14 42 17 14.8474 42 16.8262 15 42 
18 14.0462 42 42 14.0462 42 43 14.8474 42 
43.1738 15 42 16 15.7677 42 15.7677 16 42 
44 15.7677 42 44.2323 16 42 15 16.8262 42 
14.8474 17 42 45 16.8262 42 45.1526 17 42 
14.0462 18 42 45.9538 18 42 14 18.0619 42 
13.3437 19 42 46 18.0619 42 46.6563 19 42 
13 19.5403 42 12.7187 20 42 47 19.5403 42 
47.2813 20 42 12.1836 21 42 47.8164 21 42 
12 21.3754 42 11.7057 22 42 48 21.3754 42 
48.2943 22 42 11.3069 23 42 48.6931 23 42 
11 23.8764 42 10.9567 24 42 49 23.8764 42 
49.0434 24 42 10.6684 25 42 49.3316 25 42 
10.4416 26 42 49.5584 26 42 10.2663 27 42 
49.7337 27 42 10.1396 28 42 49.8604 28 42 
10.0626 29 42 49.9375 29 42 10.0366 30 42 
49.9634 30 42 10.0626 31 42 49.9375 31 42 
10.1396 32 42 49.8604 32 42 10.2663 33 42 
49.7337 33 42 10.4416 34 42 49.5584 34 42 
10.6684 35 42 49.3316 35 42 10.9567 36 42 
49.0434 36 42 11 36.1236 42 11.3069 37 42 
48.6931 37 42 49 36.1236 42 11.7057 38 42 
48.2943 38 42 12 38.6246 42 12.1836 39 42 
47.8164 39 42 48 38.6246 42 12.7187 40 42 
47.2813 40 42 13 40.4597 42 13.3437 41 42 
46.6563 41 42 47 40.4597 42 14 41.9381 42 
14.0462 42 42 45.9538 42 42 46 41.9381 42 
14.8474 43 42 45.1526 43 42 15 43.1738 42 
15.7677 44 42 44.2323 44 42 45 43.1738 42 
16 44.2323 42 16.8262 45 42 43.1738 45 42 
44 44.2323 42 17 45.1526 42 18 45.9538 42 
18.0619 46 42 41.9381 46 42 42 45.9538 42 
43 45.1526 42 19 46.6563 42 19.5403 47 42 
40.4597 47 42 41 46.6563 42 20 47.2813 42 
21 47.8164 42 21.3754 48 42 38.6246 48 42 
39 47.8164 42 40 47.2813 42 22 48.2943 42 
23 48.6931 42 23.8764 49 42 36.1236 49 42 
37 48.6931 42 38 48.2943 42 24 49.0434 42 
25 49.3316 42 26 49.5584 42 27 49.7337 42 
28 49.8604 42 29 49.9375 42 30 49.9634 42 
31 49.9375 42 32 49.8604 42 33 49.7337 42 
34 49.5584 42 35 49.3316 42 36 49.0434 42 
24 10.9567 43 23.8764 11 43 25 10.6684 43 
26 10.4416 43 27 10.2663 43 28 10.1396 43 
29 10.0626 43 30 10.0366 43 31 10.0626 43 
32 10.1396 43 33 10.2663 43 34 10.4416 43 
35 10.6684 43 36 10.9567 43 36.1236 11 43 
22 11.7057 43 21.3754 12 43 23 11.3069 43 
37 11.3069 43 38 11.7057 43 38.6246 12 43 
20 12.7187 43 19.5403 13 43 21 12.1836 43 
39 12.1836 43 40 12.7187 43 40.4597 13 43 
19 13.3437 43 18.0619 14 43 41 13.3437 43 
41.9381 14 43 17 14.8474 43 16.8262 15 43 
18 14.0462 43 42 14.0462 43 43 14.8474 43 
43.1738 15 43 16 15.7677 43 15.7677 16 43 
44 15.7677 43 44.2323 16 43 15 16.8262 43 
14.8474 17 43 45 16.8262 43 45.1526 17 43 
14.0462 18 43 45.9538 18 43 14 18.0619 43 
13.3437 19 43 46 18.0619 43 46.6563 19 43 
13 19.5403 43 12.7187 20 43 47 19.5403 43 
47.2813 20 43 12.1836 21 43 47.8164 21 43 
12 21.3754 43 11.7057 22 43 48 21.3754 43 
48.2943 22 43 11.3069 23 43 48.6931 23 43 
11 23.8764 43 10.9567 24 43 49 23.8764 43 
49.0434 24 43 10.6684 25 43 49.3316 25 43 
10.4416 26 43 49.5584 26 43 10.2663 27 43 
49.7337 27 43 10.1396 28 43 49.8604 28 43 
10.0626 29 43 49.9375 29 43 10.0366 30 43 
49.9634 30 43 10.0626 31 43 49.9375 31 43 
10.1396 32 43 49.8604 32 43 10.2663 33 43 
49.7337 33 43 10.4416 34 43 49.5584 34 43 
10.6684 35 43 49.3316 35 43 10.9567 36 43 
49.0434 36 43 11 36.1236 43 11.3069 37 43 
48.6931 37 43 49 36.1236 43 11.7057 38 43 
48.2943 38 43 12 38.6246 43 12.1836 39 43 
47.8164 39 43 48 38.6246 43 12.7187 40 43 
47.2813 40 43 13 40.4597 43 13.3437 41 43 
46.6563 41 43 47 40.4597 43 14 41.9381 43 
14.0462 42 43 45.9538 42 43 46 41.9381 43 
14.8474 43 43 45.1526 43 43 15 43.1738 43 
15.7677 44 43 44.2323 44 43 45 43.1738 43 
16 44.2323 43 16.8262 45 43 43.1738 45 43 
44 44.2323 43 17 45.1526 43 18 45.9538 43 
18.0619 46 43 41.9381 46 43 42 45.9538 43 
43 45.1526 43 19 46.6563 43 19.5403 47 43 
40.4597 47 43 41 46.6563 43 20 47.2813 43 
21 47.8164 43 21.3754 48 43 38.6246 48 43 
39 47.8164 43 40 47.2813 43 22 48.2943 43 
23 48.6931 43 23.8764 49 43 36.1236 49 43 
37 48.6931 43 38 48.2943 43 24 49.0434 43 
25 49.3316 43 26 49.5584 43 27 49.7337 43 
28 49.8604 43 29 49.9375 43 30 49.9634 43 
31 49.9375 43 32 49.8604 43 33 49.7337 43 
34 49.5584 43 35 49.3316 43 36 49.0434 43 
24 10.9567 44 23.8764 11 44 25 10.6684 44 
26 10.4416 44 27 10.2663 44 28 10.1396 44 
29 10.0626 44 30 10.0366 44 31 10.0626 44 
32 10.1396 44 33 10.2663 44 34 10.4416 44 
35 10.6684 44 36 10.9567 44 36.1236 11 44 
22 11.7057 44 21.3754 12 44 23 11.3069 44 
37 11.3069 44 38 11.7057 44 38.6246 12 44 
20 12.7187 44 19.5403 13 44 21 12.1836 44 
39 12.1836 44 40 12.7187 44 40.4597 13 44 
19 13.3437 44 18.0619 14 44 41 13.3437 44 
41.9381 14 44 17 14.8474 44 16.8262 15 44 
18 14.0462 44 42 14.0462 44 43 14.8474 44 
43.1738 15 44 16 15.7677 44 15.7677 16 44 
44 15.7677 44 44.2323 16 44 15 16.8262 44 
14.8474 17 44 45 16.8262 44 45.1526 17 44 
14.0462 18 44 45.9538 18 44 14 18.0619 44 
13.3437 19 44 46 18.0619 44 46.6563 19 44 
13 19.5403 44 12.7187 20 44 47 19.5403 44 
47.2813 20 44 12.1836 21 44 47.8164 21 44 
12 21.3754 44 11.7057 22 44 48 21.3754 44 
48.2943 22 44 11.3069 23 44 48.6931 23 44 
11 23.8764 44 10.9567 24 44 49 23.8764 44 
49.0434 24 44 10.6684 25 44 49.3316 25 44 
10.4416 26 44 49.5584 26 44 10.2663 27 44 
49.7337 27 44 10.1396 28 44 49.8604 28 44 
10.0626 29 44 49.9375 29 44 10.0366 30 44 
49.9634 30 44 10.0626 31 44 49.9375 31 44 
10.1396 32 44 49.8604 32 44 10.2663 33 44 
49.7337 33 44 10.4416 34 44 49.5584 34 44 
10.6684 35 44 49.3316 35 44 10.9567 36 44 
49.0434 36 44 11 36.1236 44 11.3069 37 44 
48.6931 37 44 49 36.1236 44 11.7057 38 44 
48.2943 38 44 12 38.6246 44 12.1836 39 44 
47.8164 39 44 48 38.6246 44 12.7187 40 44 
47.2813 40 44 13 40.4597 44 13.3437 41 44 
46.6563 41 44 47 40.4597 44 14 41.9381 44 
14.0462 42 44 45.9538 42 44 46 41.9381 44 
14.8474 43 44 45.1526 43 44 15 43.1738 44 
15.7677 44 44 44.2323 44 44 45 43.1738 44 
16 44.2323 44 16.8262 45 44 43.1738 45 44 
44 44.2323 44 17 45.1526 44 18 45.9538 44 
18.0619 46 44 41.9381 46 44 42 45.9538 44 
43 45.1526 44 19 46.6563 44 19.5403 47 44 
40.4597 47 44 41 46.6563 44 20 47.2813 44 
21 47.8164 44 21.3754 48 44 38.6246 48 44 
39 47.8164 44 40 47.2813 44 22 48.2943 44 
23 48.6931 44 23.8764 49 44 36.1236 49 44 
37 48.6931 44 38 48.2943 44 24 49.0434 44 
25 49.3316 44 26 49.5584 44 27 49.7337 44 
28 49.8604 44 29 49.9375 44 30 49.9634 44 
31 49.9375 44 32 49.8604 44 33 49.7337 44 
34 49.5584 44 35 49.3316 44 36 49.0434 44 
24 10.9567 45 23.8764 11 45 25 10.6684 45 
26 10.4416 45 27 10.2663 45 28 10.1396 45 
29 10.0626 45 30 10.0366 45 31 10.0626 45 
32 10.1396 45 33 10.2663 45 34 10.4416 45 
35 10.6684 45 36 10.9567 45 36.1236 11 45 
22 11.7057 45 21.3754 12 45 23 11.3069 45 
37 11.3069 45 38 11.7057 45 38.6246 12 45 
20 12.7187 45 19.5403 13 45 21 12.1836 45 
39 12.1836 45 40 12.7187 45 40.4597 13 45 
19 13.3437 45 18.0619 14 45 41 13.3437 45 
41.9381 14 45 17 14.8474 45 16.8262 15 45 
18 14.0462 45 42 14.0462 45 43 14.8474 45 
43.1738 15 45 16 15.7677 45 15.7677 16 45 
44 15.7677 45 44.2323 16 45 15 16.8262 45 
14.8474 17 45 45 16.8262 45 45.1526 17 45 
14.0462 18 45 45.9538 18 45 14 18.0619 45 
13.3437 19 45 46 18.0619 45 46.6563 19 45 
13 19.5403 45 12.7187 20 45 47 19.5403 45 
47.2813 20 45 12.1836 21 45 47.8164 21 45 
12 21.3754 45 11.7057 22 45 48 21.3754 45 
48.2943 22 45 11.3069 23 45 48.6931 23 45 
11 23.8764 45 10.9567 24 45 49 23.8764 45 
49.0434 24 45 10.6684 25 45 49.3316 25 45 
10.4416 26 45 49.5584 26 45 10.2663 27 45 
49.7337 27 45 10.1396 28 45 49.8604 28 45 
10.0626 29 45 49.9375 29 45 10.0366 30 45 
49.9634 30 45 10.0626 31 45 49.9375 31 45 
10.1396 32 45 49.8604 32 45 10.2663 33 45 
49.7337 33 45 10.4416 34 45 49.5584 34 45 
10.6684 35 45 49.3316 35 45 10.9567 36 45 
49.0434 36 45 11 36.1236 45 11.3069 37 45 
48.6931 37 45 49 36.1236 45 11.7057 38 45 
48.2943 38 45 12 38.6246 45 12.1836 39 45 
47.8164 39 45 48 38.6246 45 12.7187 40 45 
47.2813 40 45 13 40.4597 45 13.3437 41 45 
46.6563 41 45 47 40.4597 45 14 41.9381 45 
14.0462 42 45 45.9538 42 45 46 41.9381 45 
14.8474 43 45 45.1526 43 45 15 43.1738 45 
15.7677 44 45 44.2323 44 45 45 43.1738 45 
16 44.2323 45 16.8262 45 45 43.1738 45 45 
44 44.2323 45 17 45.1526 45 18 45.9538 45 
18.0619 46 45 41.9381 46 45 42 45.9538 45 
43 45.1526 45 19 46.6563 45 19.5403 47 45 
40.4597 47 45 41 46.6563 45 20 47.2813 45 
21 47.8164 45 21.3754 48 45 38.6246 48 45 
39 47.8164 45 40 47.2813 45 22 48.2943 45 
23 48.6931 45 23.8764 49 45 36.1236 49 45 
37 48.6931 45 38 48.2943 45 24 49.0434 45 
25 49.3316 45 26 49.5584 45 27 49.7337 45 
28 49.8604 45 29 49.9375 45 30 49.9634 45 
31 49.9375 45 32 49.8604 45 33 49.7337 45 
34 49.5584 45 35 49.3316 45 36 49.0434 45 
24 10.9567 46 23.8764 11 46 25 10.6684 46 
26 10.4416 46 27 10.2663 46 28 10.1396 46 
29 10.0626 46 30 10.0366 46 31 10.0626 46 
32 10.1396 46 33 10.2663 46 34 10.4416 46 
35 10.6684 46 36 10.9567 46 36.1236 11 46 
22 11.7057 46 21.3754 12 46 23 11.3069 46 
37 11.3069 46 38 11.7057 46 38.6246 12 46 
20 12.7187 46 19.5403 13 46 21 12.1836 46 
39 12.1836 46 40 12.7187 46 40.4597 13 46 
19 13.3437 46 18.0619 14 46 41 13.3437 46 
41.9381 14 46 17 14.8474 46 16.8262 15 46 
18 14.0462 46 42 14.0462 46 43 14.8474 46 
43.1738 15 46 16 15.7677 46 15.7677 16 46 
44 15.7677 46 44.2323 16 46 15 16.8262 46 
14.8474 17 46 45 16.8262 46 45.1526 17 46 
14.0462 18 46 45.9538 18 46 14 18.0619 46 
13.3437 19 46 46 18.0619 46 46.6563 19 46 
13 19.5403 46 12.7187 20 46 47 19.5403 46 
47.2813 20 46 12.1836 21 46 47.8164 21 46 
12 21.3754 46 11.7057 22 46 48 21.3754 46 
48.2943 22 46 11.3069 23 46 48.6931 23 46 
11 23.8764 46 10.9567 24 46 49 23.8764 46 
49.0434 24 46 10.6684 25 46 49.3316 25 46 
10.4416 26 46 49.5584 26 46 10.2663 27 46 
49.7337 27 46 10.1396 28 46 49.8604 28 46 
10.0626 29 46 49.9375 29 46 10.0366 30 46 
49.9634 30 46 10.0626 31 46 49.9375 31 46 
10.1396 32 46 49.8604 32 46 10.2663 33 46 
49.7337 33 46 10.4416 34 46 49.5584 34 46 
10.6684 35 46 49.3316 35 46 10.9567 36 46 
49.0434 36 46 11 36.1236 46 11.3069 37 46 
48.6931 37 46 49 36.1236 46 11.7057 38 46 
48.2943 38 46 12 38.6246 46 12.1836 39 46 
47.8164 39 46 48 38.6246 46 12.7187 40 46 
47.2813 40 46 13 40.4597 46 13.3437 41 46 
46.6563 41 46 47 40.4597 46 14 41.9381 46 
14.0462 42 46 45.9538 42 46 46 41.9381 46 
14.8474 43 46 45.1526 43 46 15 43.1738 46 
15.7677 44 46 44.2323 44 46 45 43.1738 46 
16 44.2323 46 16.8262 45 46 43.1738 45 46 
44 44.2323 46 17 45.1526 46 18 45.9538 46 
18.0619 46 46 41.9381 46 46 42 45.9538 46 
43 45.1526 46 19 46.6563 46 19.5403 47 46 
40.4597 47 46 41 46.6563 46 20 47.2813 46 
21 47.8164 46 21.3754 48 46 38.6246 48 46 
39 47.8164 46 40 47.2813 46 22 48.2943 46 
23 48.6931 46 23.8764 49 46 36.1236 49 46 
37 48.6931 46 38 48.2943 46 24 49.0434 46 
25 49.3316 46 26 49.5584 46 27 49.7337 46 
28 49.8604 46 29 49.9375 46 30 49.9634 46 
31 49.9375 46 32 49.8604 46 33 49.7337 46 
34 49.5584 46 35 49.3316 46 36 49.0434 46 
24 10.9567 47 23.8764 11 47 25 10.6684 47 
26 10.4416 47 27 10.2663 47 28 10.1396 47 
29 10.0626 47 30 10.0366 47 31 10.0626 47 
32 10.1396 47 33 10.2663 47 34 10.4416 47 
35 10.6684 47 36 10.9567 47 36.1236 11 47 
22 11.7057 47 21.3754 12 47 23 11.3069 47 
37 11.3069 47 38 11.7057 47 38.6246 12 47 
20 12.7187 47 19.5403 13 47 21 12.1836 47 
39 12.1836 47 40 12.7187 47 40.4597 13 47 
19 13.3437 47 18.0619 14 47 41 13.3437 47 
41.9381 14 47 17 14.8474 47 16.8262 15 47 
18 14.0462 47 42 14.0462 47 43 14.8474 47 
43.1738 15 47 16 15.7677 47 15.7677 16 47 
44 15.7677 47 44.2323 16 47 15 16.8262 47 
14.8474 17 47 45 16.8262 47 45.1526 17 47 
14.0462 18 47 45.9538 18 47 14 18.0619 47 
13.3437 19 47 46 18.0619 47 46.6563 19 47 
13 19.5403 47 12.7187 20 47 47 19.5403 47 
47.2813 20 47 12.1836 21 47 47.8164 21 47 
12 21.3754 47 11.7057 22 47 48 21.3754 47 
48.2943 22 47 11.3069 23 47 48.6931 23 47 
11 23.8764 47 10.9567 24 47 49 23.8764 47 
49.0434 24 47 10.6684 25 47 49.3316 25 47 
10.4416 26 47 49.5584 26 47 10.2663 27 47 
49.7337 27 47 10.1396 28 47 49.8604 28 47 
10.0626 29 47 49.9375 29 47 10.0366 30 47 
49.9634 30 47 10.0626 31 47 49.9375 31 47 
10.1396 32 47 49.8604 32 47 10.2663 33 47 
49.7337 33 47 10.4416 34 47 49.5584 34 47 
10.6684 35 47 49.3316 35 47 10.9567 36 47 
49.0434 36 47 11 36.1236 47 11.3069 37 47 
48.6931 37 47 49 36.1236 47 11.7057 38 47 
48.2943 38 47 12 38.6246 47 12.1836 39 47 
47.8164 39 47 48 38.6246 47 12.7187 40 47 
47.2813 40 47 13 40.4597 47 13.3437 41 47 
46.6563 41 47 47 40.4597 47 14 41.9381 47 
14.0462 42 47 45.9538 42 47 46 41.9381 47 
14.8474 43 47 45.1526 43 47 15 43.1738 47 
15.7677 44 47 44.2323 44 47 45 43.1738 47 
16 44.2323 47 16.8262 45 47 43.1738 45 47 
44 44.2323 47 17 45.1526 47 18 45.9538 47 
18.0619 46 47 41.9381 46 47 42 45.9538 47 
43 45.1526 47 19 46.6563 47 19.5403 47 47 
40.4597 47 47 41 46.6563 47 20 47.2813 47 
21 47.8164 47 21.3754 48 47 38.6246 48 47 
39 47.8164 47 40 47.2813 47 22 48.2943 47 
23 48.6931 47 23.8764 49 47 36.1236 49 47 
37 48.6931 47 38 48.2943 47 24 49.0434 47 
25 49.3316 47 26 49.5584 47 27 49.7337 47 
28 49.8604 47 29 49.9375 47 30 49.9634 47 
31 49.9375 47 32 49.8604 47 33 49.7337 47 
34 49.5584 47 35 49.3316 47 36 49.0434 47 
24 10.9567 48 23.8764 11 48 25 10.6684 48 
26 10.4416 48 27 10.2663 48 28 10.1396 48 
29 10.0626 48 30 10.0366 48 31 10.0626 48 
32 10.1396 48 33 10.2663 48 34 10.4416 48 
35 10.6684 48 36 10.9567 48 36.1236 11 48 
22 11.7057 48 21.3754 12 48 23 11.3069 48 
37 11.3069 48 38 11.7057 48 38.6246 12 48 
20 12.7187 48 19.5403 13 48 21 12.1836 48 
39 12.1836 48 40 12.7187 48 40.4597 13 48 
19 13.3437 48 18.0619 14 48 41 13.3437 48 
41.9381 14 48 17 14.8474 48 16.8262 15 48 
18 14.0462 48 42 14.0462 48 43 14.8474 48 
43.1738 15 48 16 15.7677 48 15.7677 16 48 
44 15.7677 48 44.2323 16 48 15 16.8262 48 
14.8474 17 48 45 16.8262 48 45.1526 17 48 
14.0462 18 48 45.9538 18 48 14 18.0619 48 
13.3437 19 48 46 18.0619 48 46.6563 19 48 
13 19.5403 48 12.7187 20 48 47 19.5403 48 
47.2813 20 48 12.1836 21 48 47.8164 21 48 
12 21.3754 48 11.7057 22 48 48 21.3754 48 
48.2943 22 48 11.3069 23 48 48.6931 23 48 
11 23.8764 48 10.9567 24 48 49 23.8764 48 
49.0434 24 48 10.6684 25 48 49.3316 25 48 
10.4416 26 48 49.5584 26 48 10.2663 27 48 
49.7337 27 48 10.1396 28 48 49.8604 28 48 
10.0626 29 48 49.9375 29 48 10.0366 30 48 
49.9634 30 48 10.0626 31 48 49.9375 31 48 
10.1396 32 48 49.8604 32 48 10.2663 33 48 
49.7337 33 48 10.4416 34 48 49.5584 34 48 
10.6684 35 48 49.3316 35 48 10.9567 36 48 
49.0434 36 48 11 36.1236 48 11.3069 37 48 
48.6931 37 48 49 36.1236 48 11.7057 38 48 
48.2943 38 48 12 38.6246 48 12.1836 39 48 
47.8164 39 48 48 38.6246 48 12.7187 40 48 
47.2813 40 48 13 40.4597 48 13.3437 41 48 
46.6563 41 48 47 40.4597 48 14 41.9381 48 
14.0462 42 48 45.9538 42 48 46 41.9381 48 
14.8474 43 48 45.1526 43 48 15 43.1738 48 
15.7677 44 48 44.2323 44 48 45 43.1738 48 
16 44.2323 48 16.8262 45 48 43.1738 45 48 
44 44.2323 48 17 45.1526 48 18 45.9538 48 
18.0619 46 48 41.9381 46 48 42 45.9538 48 
43 45.1526 48 19 46.6563 48 19.5403 47 48 
40.4597 47 48 41 46.6563 48 20 47.2813 48 
21 47.8164 48 21.3754 48 48 38.6246 48 48 
39 47.8164 48 40 47.2813 48 22 48.2943 48 
23 48.6931 48 23.8764 49 48 36.1236 49 48 
37 48.6931 48 38 48.2943 48 24 49.0434 48 
25 49.3316 48 26 49.5584 48 27 49.7337 48 
28 49.8604 48 29 49.9375 48 30 49.9634 48 
31 49.9375 48 32 49.8604 48 33 49.7337 48 
34 49.5584 48 35 49.3316 48 36 49.0434 48 
24 10.9567 49 23.8764 11 49 25 10.6684 49 
26 10.4416 49 27 10.2663 49 28 10.1396 49 
29 10.0626 49 30 10.0366 49 31 10.0626 49 
32 10.1396 49 33 10.2663 49 34 10.4416 49 
35 10.6684 49 36 10.9567 49 36.1236 11 49 
22 11.7057 49 21.3754 12 49 23 11.3069 49 
37 11.3069 49 38 11.7057 49 38.6246 12 49 
20 12.7187 49 19.5403 13 49 21 12.1836 49 
39 12.1836 49 40 12.7187 49 40.4597 13 49 
19 13.3437 49 18.0619 14 49 41 13.3437 49 
41.9381 14 49 17 14.8474 49 16.8262 15 49 
18 14.0462 49 42 14.0462 49 43 14.8474 49 
43.1738 15 49 16 15.7677 49 15.7677 16 49 
44 15.7677 49 44.2323 16 49 15 16.8262 49 
14.8474 17 49 45 16.8262 49 45.1526 17 49 
14.0462 18 49 45.9538 18 49 14 18.0619 49 
13.3437 19 49 46 18.0619 49 46.6563 19 49 
13 19.5403 49 12.7187 20 49 47 19.5403 49 
47.2813 20 49 12.1836 21 49 47.8164 21 49 
12 21.3754 49 11.7057 22 49 48 21.3754 49 
48.2943 22 49 11.3069 23 49 48.6931 23 49 
11 23.8764 49 10.9567 24 49 49 23.8764 49 
49.0434 24 49 10.6684 25 49 49.3316 25 49 
10.4416 26 49 49.5584 26 49 10.2663 27 49 
49.7337 27 49 10.1396 28 49 49.8604 28 49 
10.0626 29 49 49.9375 29 49 10.0366 30 49 
49.9634 30 49 10.0626 31 49 49.9375 31 49 
10.1396 32 49 49.8604 32 49 10.2663 33 49 
49.7337 33 49 10.4416 34 49 49.5584 34 49 
10.6684 35 49 49.3316 35 49 10.9567 36 49 
49.0434 36 49 11 36.1236 49 11.3069 37 49 
48.6931 37 49 49 36.1236 49 11.7057 38 49 
48.2943 38 49 12 38.6246 49 12.1836 39 49 
47.8164 39 49 48 38.6246 49 12.7187 40 49 
47.2813 40 49 13 40.4597 49 13.3437 41 49 
46.6563 41 49 47 40.4597 49 14 41.9381 49 
14.0462 42 49 45.9538 42 49 46 41.9381 49 
14.8474 43 49 45.1526 43 49 15 43.1738 49 
15.7677 44 49 44.2323 44 49 45 43.1738 49 
16 44.2323 49 16.8262 45 49 43.1738 45 49 
44 44.2323 49 17 45.1526 49 18 45.9538 49 
18.0619 46 49 41.9381 46 49 42 45.9538 49 
43 45.1526 49 19 46.6563 49 19.5403 47 49 
40.4597 47 49 41 46.6563 49 20 47.2813 49 
21 47.8164 49 21.3754 48 49 38.6246 48 49 
39 47.8164 49 40 47.2813 49 22 48.2943 49 
23 48.6931 49 23.8764 49 49 36.1236 49 49 
37 48.6931 49 38 48.2943 49 24 49.0434 49 
25 49.3316 49 26 49.5584 49 27 49.7337 49 
28 49.8604 49 29 49.9375 49 30 49.9634 49 
31 49.9375 49 32 49.8604 49 33 49.7337 49 
34 49.5584 49 35 49.3316 49 36 49.0434 49 
24 10.9567 50 23.8764 11 50 25 10.6684 50 
26 10.4416 50 27 10.2663 50 28 10.1396 50 
29 10.0626 50 30 10.0366 50 31 10.0626 50 
32 10.1396 50 33 10.2663 50 34 10.4416 50 
35 10.6684 50 36 10.9567 50 36.1236 11 50 
22 11.7057 50 21.3754 12 50 23 11.3069 50 
37 11.3069 50 38 11.7057 50 38.6246 12 50 
20 12.7187 50 19.5403 13 50 21 12.1836 50 
39 12.1836 50 40 12.7187 50 40.4597 13 50 
19 13.3437 50 18.0619 14 50 41 13.3437 50 
41.9381 14 50 17 14.8474 50 16.8262 15 50 
18 14.0462 50 42 14.0462 50 43 14.8474 50 
43.1738 15 50 16 15.7677 50 15.7677 16 50 
44 15.7677 50 44.2323 16 50 15 16.8262 50 
14.8474 17 50 45 16.8262 50 45.1526 17 50 
14.0462 18 50 45.9538 18 50 14 18.0619 50 
13.3437 19 50 46 18.0619 50 46.6563 19 50 
13 19.5403 50 12.7187 20 50 47 19.5403 50 
47.2813 20 50 12.1836 21 50 47.8164 21 50 
12 21.3754 50 11.7057 22 50 48 21.3754 50 
48.2943 22 50 11.3069 23 50 48.6931 23 50 
11 23.8764 50 10.9567 24 50 49 23.8764 50 
49.0434 24 50 10.6684 25 50 49.3316 25 50 
10.4416 26 50 49.5584 26 50 10.2663 27 50 
49.7337 27 50 10.1396 28 50 49.8604 28 50 
10.0626 29 50 49.9375 29 50 10.0366 30 50 
49.9634 30 50 10.0626 31 50 49.9375 31 50 
10.1396 32 50 49.8604 32 50 10.2663 33 50 
49.7337 33 50 10.4416 34 50 49.5584 34 50 
10.6684 35 50 49.3316 35 50 10.9567 36 50 
49.0434 36 50 11 36.1236 50 11.3069 37 50 
48.6931 37 50 49 36.1236 50 11.7057 38 50 
48.2943 38 50 12 38.6246 50 12.1836 39 50 
47.8164 39 50 48 38.6246 50 12.7187 40 50 
47.2813 40 50 13 40.4597 50 13.3437 41 50 
46.6563 41 50 47 40.4597 50 14 41.9381 50 
14.0462 42 50 45.9538 42 50 46 41.9381 50 
14.8474 43 50 45.1526 43 50 15 43.1738 50 
15.7677 44 50 44.2323 44 50 45 43.1738 50 
16 44.2323 50 16.8262 45 50 43.1738 45 50 
44 44.2323 50 17 45.1526 50 18 45.9538 50 
18.0619 46 50 41.9381 46 50 42 45.9538 50 
43 45.1526 50 19 46.6563 50 19.5403 47 50 
40.4597 47 50 41 46.6563 50 20 47.2813 50 
21 47.8164 50 21.3754 48 50 38.6246 48 50 
39 47.8164 50 40 47.2813 50 22 48.2943 50 
23 48.6931 50 23.8764 49 50 36.1236 49 50 
37 48.6931 50 38 48.2943 50 24 49.0434 50 
25 49.3316 50 26 49.5584 50 27 49.7337 50 
28 49.8604 50 29 49.9375 50 30 49.9634 50 
31 49.9375 50 32 49.8604 50 33 49.7337 50 
34 49.5584 50 35 49.3316 50 36 49.0434 50 
24 10.9567 51 23.8764 11 51 25 10.6684 51 
26 10.4416 51 27 10.2663 51 28 10.1396 51 
29 10.0626 51 30 10.0366 51 31 10.0626 51 
32 10.1396 51 33 10.2663 51 34 10.4416 51 
35 10.6684 51 36 10.9567 51 36.1236 11 51 
22 11.7057 51 21.3754 12 51 23 11.3069 51 
37 11.3069 51 38 11.7057 51 38.6246 12 51 
20 12.7187 51 19.5403 13 51 21 12.1836 51 
39 12.1836 51 40 12.7187 51 40.4597 13 51 
19 13.3437 51 18.0619 14 51 41 13.3437 51 
41.9381 14 51 17 14.8474 51 16.8262 15 51 
18 14.0462 51 42 14.0462 51 43 14.8474 51 
43.1738 15 51 16 15.7677 51 15.7677 16 51 
44 15.7677 51 44.2323 16 51 15 16.8262 51 
14.8474 17 51 45 16.8262 51 45.1526 17 51 
14.0462 18 51 45.9538 18 51 14 18.0619 51 
13.3437 19 51 46 18.0619 51 46.6563 19 51 
13 19.5403 51 12.7187 20 51 47 19.5403 51 
47.2813 20 51 12.1836 21 51 47.8164 21 51 
12 21.3754 51 11.7057 22 51 48 21.3754 51 
48.2943 22 51 11.3069 23 51 48.6931 23 51 
11 23.8764 51 10.9567 24 51 49 23.8764 51 
49.0434 24 51 10.6684 25 51 49.3316 25 51 
10.4416 26 51 49.5584 26 51 10.2663 27 51 
49.7337 27 51 10.1396 28 51 49.8604 28 51 
10.0626 29 51 49.9375 29 51 10.0366 30 51 
49.9634 30 51 10.0626 31 51 49.9375 31 51 
10.1396 32 51 49.8604 32 51 10.2663 33 51 
49.7337 33 51 10.4416 34 51 49.5584 34 51 
10.6684 35 51 49.3316 35 51 10.9567 36 51 
49.0434 36 51 11 36.1236 51 11.3069 37 51 
48.6931 37 51 49 36.1236 51 11.7057 38 51 
48.2943 38 51 12 38.6246 51 12.1836 39 51 
47.8164 39 51 48 38.6246 51 12.7187 40 51 
47.2813 40 51 13 40.4597 51 13.3437 41 51 
46.6563 41 51 47 40.4597 51 14 41.9381 51 
14.0462 42 51 45.9538 42 51 46 41.9381 51 
14.8474 43 51 45.1526 43 51 15 43.1738 51 
15.7677 44 51 44.2323 44 51 45 43.1738 51 
16 44.2323 51 16.8262 45 51 43.1738 45 51 
44 44.2323 51 17 45.1526 51 18 45.9538 51 
18.0619 46 51 41.9381 46 51 42 45.9538 51 
43 45.1526 51 19 46.6563 51 19.5403 47 51 
40.4597 47 51 41 46.6563 51 20 47.2813 51 
21 47.8164 51 21.3754 48 51 38.6246 48 51 
39 47.8164 51 40 47.2813 51 22 48.2943 51 
23 48.6931 51 23.8764 49 51 36.1236 49 51 
37 48.6931 51 38 48.2943 51 24 49.0434 51 
25 49.3316 51 26 49.5584 51 27 49.7337 51 
28 49.8604 51 29 49.9375 51 30 49.9634 51 
31 49.9375 51 32 49.8604 51 33 49.7337 51 
34 49.5584 51 35 49.3316 51 36 49.0434 51 
24 10.9567 52 23.8764 11 52 25 10.6684 52 
26 10.4416 52 27 10.2663 52 28 10.1396 52 
29 10.0626 52 30 10.0366 52 31 10.0626 52 
32 10.1396 52 33 10.2663 52 34 10.4416 52 
35 10.6684 52 36 10.9567 52 36.1236 11 52 
22 11.7057 52 21.3754 12 52 23 11.3069 52 
37 11.3069 52 38 11.7057 52 38.6246 12 52 
20 12.7187 52 19.5403 13 52 21 12.1836 52 
39 12.1836 52 40 12.7187 52 40.4597 13 52 
19 13.3437 52 18.0619 14 52 41 13.3437 52 
41.9381 14 52 17 14.8474 52 16.8262 15 52 
18 14.0462 52 42 14.0462 52 43 14.8474 52 
43.1738 15 52 16 15.7677 52 15.7677 16 52 
44 15.7677 52 44.2323 16 52 15 16.8262 52 
14.8474 17 52 45 16.8262 52 45.1526 17 52 
14.0462 18 52 45.9538 18 52 14 18.0619 52 
13.3437 19 52 46 18.0619 52 46.6563 19 52 
13 19.5403 52 12.7187 20 52 47 19.5403 52 
47.2813 20 52 12.1836 21 52 47.8164 21 52 
12 21.3754 52 11.7057 22 52 48 21.3754 52 
48.2943 22 52 11.3069 23 52 48.6931 23 52 
11 23.8764 52 10.9567 24 52 49 23.8764 52 
49.0434 24 52 10.6684 25 52 49.3316 25 52 
10.4416 26 52 49.5584 26 52 10.2663 27 52 
49.7337 27 52 10.1396 28 52 49.8604 28 52 
10.0626 29 52 49.9375 29 52 10.0366 30 52 
49.9634 30 52 10.0626 31 52 49.9375 31 52 
10.1396 32 52 49.8604 32 52 10.2663 33 52 
49.7337 33 52 10.4416 34 52 49.5584 34 52 
10.6684 35 52 49.3316 35 52 10.9567 36 52 
49.0434 36 52 11 36.1236 52 11.3069 37 52 
48.6931 37 52 49 36.1236 52 11.7057 38 52 
48.2943 38 52 12 38.6246 52 12.1836 39 52 
47.8164 39 52 48 38.6246 52 12.7187 40 52 
47.2813 40 52 13 40.4597 52 13.3437 41 52 
46.6563 41 52 47 40.4597 52 14 41.9381 52 
14.0462 42 52 45.9538 42 52 46 41.9381 52 
14.8474 43 52 45.1526 43 52 15 43.1738 52 
15.7677 44 52 44.2323 44 52 45 43.1738 52 
16 44.2323 52 16.8262 45 52 43.1738 45 52 
44 44.2323 52 17 45.1526 52 18 45.9538 52 
18.0619 46 52 41.9381 46 52 42 45.9538 52 
43 45.1526 52 19 46.6563 52 19.5403 47 52 
40.4597 47 52 41 46.6563 52 20 47.2813 52 
21 47.8164 52 21.3754 48 52 38.6246 48 52 
39 47.8164 52 40 47.2813 52 22 48.2943 52 
23 48.6931 52 23.8764 49 52 36.1236 49 52 
37 48.6931 52 38 48.2943 52 24 49.0434 52 
25 49.3316 52 26 49.5584 52 27 49.7337 52 
28 49.8604 52 29 49.9375 52 30 49.9634 52 
31 49.9375 52 32 49.8604 52 33 49.7337 52 
34 49.5584 52 35 49.3316 52 36 49.0434 52 
24 10.9567 53 23.8764 11 53 25 10.6684 53 
26 10.4416 53 27 10.2663 53 28 10.1396 53 
29 10.0626 53 30 10.0366 53 31 10.0626 53 
32 10.1396 53 33 10.2663 53 34 10.4416 53 
35 10.6684 53 36 10.9567 53 36.1236 11 53 
22 11.7057 53 21.3754 12 53 23 11.3069 53 
37 11.3069 53 38 11.7057 53 38.6246 12 53 
20 12.7187 53 19.5403 13 53 21 12.1836 53 
39 12.1836 53 40 12.7187 53 40.4597 13 53 
19 13.3437 53 18.0619 14 53 41 13.3437 53 
41.9381 14 53 17 14.8474 53 16.8262 15 53 
18 14.0462 53 42 14.0462 53 43 14.8474 53 
43.1738 15 53 16 15.7677 53 15.7677 16 53 
44 15.7677 53 44.2323 16 53 15 16.8262 53 
14.8474 17 53 45 16.8262 53 45.1526 17 53 
14.0462 18 53 45.9538 18 53 14 18.0619 53 
13.3437 19 53 46 18.0619 53 46.6563 19 53 
13 19.5403 53 12.7187 20 53 47 19.5403 53 
47.2813 20 53 12.1836 21 53 47.8164 21 53 
12 21.3754 53 11.7057 22 53 48 21.3754 53 
48.2943 22 53 11.3069 23 53 48.6931 23 53 
11 23.8764 53 10.9567 24 53 49 23.8764 53 
49.0434 24 53 10.6684 25 53 49.3316 25 53 
10.4416 26 53 49.5584 26 53 10.2663 27 53 
49.7337 27 53 10.1396 28 53 49.8604 28 53 
10.0626 29 53 49.9375 29 53 10.0366 30 53 
49.9634 30 53 10.0626 31 53 49.9375 31 53 
10.1396 32 53 49.8604 32 53 10.2663 33 53 
49.7337 33 53 10.4416 34 53 49.5584 34 53 
10.6684 35 53 49.3316 35 53 10.9567 36 53 
49.0434 36 53 11 36.1236 53 11.3069 37 53 
48.6931 37 53 49 36.1236 53 11.7057 38 53 
48.2943 38 53 12 38.6246 53 12.1836 39 53 
47.8164 39 53 48 38.6246 53 12.7187 40 53 
47.2813 40 53 13 40.4597 53 13.3437 41 53 
46.6563 41 53 47 40.4597 53 14 41.9381 53 
14.0462 42 53 45.9538 42 53 46 41.9381 53 
14.8474 43 53 45.1526 43 53 15 43.1738 53 
15.7677 44 53 44.2323 44 53 45 43.1738 53 
16 44.2323 53 16.8262 45 53 43.1738 45 53 
44 44.2323 53 17 45.1526 53 18 45.9538 53 
18.0619 46 53 41.9381 46 53 42 45.9538 53 
43 45.1526 53 19 46.6563 53 19.5403 47 53 
40.4597 47 53 41 46.6563 53 20 47.2813 53 
21 47.8164 53 21.3754 48 53 38.6246 48 53 
39 47.8164 53 40 47.2813 53 22 48.2943 53 
23 48.6931 53 23.8764 49 53 36.1236 49 53 
37 48.6931 53 38 48.2943 53 24 49.0434 53 
25 49.3316 53 26 49.5584 53 27 49.7337 53 
28 49.8604 53 29 49.9375 53 30 49.9634 53 
31 49.9375 53 32 49.8604 53 33 49.7337 53 
34 49.5584 53 35 49.3316 53 36 49.0434 53 
24 10.9567 54 23.8764 11 54 25 10.6684 54 
26 10.4416 54 27 10.2663 54 28 10.1396 54 
29 10.0626 54 30 10.0366 54 31 10.0626 54 
32 10.1396 54 33 10.2663 54 34 10.4416 54 
35 10.6684 54 36 10.9567 54 36.1236 11 54 
22 11.7057 54 21.3754 12 54 23 11.3069 54 
37 11.3069 54 38 11.7057 54 38.6246 12 54 
20 12.7187 54 19.5403 13 54 21 12.1836 54 
39 12.1836 54 40 12.7187 54 40.4597 13 54 
19 13.3437 54 18.0619 14 54 41 13.3437 54 
41.9381 14 54 17 14.8474 54 16.8262 15 54 
18 14.0462 54 42 14.0462 54 43 14.8474 54 
43.1738 15 54 16 15.7677 54 15.7677 16 54 
44 15.7677 54 44.2323 16 54 15 16.8262 54 
14.8474 17 54 45 16.8262 54 45.1526 17 54 
14.0462 18 54 45.9538 18 54 14 18.0619 54 
13.3437 19 54 46 18.0619 54 46.6563 19 54 
13 19.5403 54 12.7187 20 54 47 19.5403 54 
47.2813 20 54 12.1836 21 54 47.8164 21 54 
12 21.3754 54 11.7057 22 54 48 21.3754 54 
48.2943 22 54 11.3069 23 54 48.6931 23 54 
11 23.8764 54 10.9567 24 54 49 23.8764 54 
49.0434 24 54 10.6684 25 54 49.3316 25 54 
10.4416 26 54 49.5584 26 54 10.2663 27 54 
49.7337 27 54 10.1396 28 54 49.8604 28 54 
10.0626 29 54 49.9375 29 54 10.0366 30 54 
49.9634 30 54 10.0626 31 54 49.9375 31 54 
10.1396 32 54 49.8604 32 54 10.2663 33 54 
49.7337 33 54 10.4416 34 54 49.5584 34 54 
10.6684 35 54 49.3316 35 54 10.9567 36 54 
49.0434 36 54 11 36.1236 54 11.3069 37 54 
48.6931 37 54 49 36.1236 54 11.7057 38 54 
48.2943 38 54 12 38.6246 54 12.1836 39 54 
47.8164 39 54 48 38.6246 54 12.7187 40 54 
47.2813 40 54 13 40.4597 54 13.3437 41 54 
46.6563 41 54 47 40.4597 54 14 41.9381 54 
14.0462 42 54 45.9538 42 54 46 41.9381 54 
14.8474 43 54 45.1526 43 54 15 43.1738 54 
15.7677 44 54 44.2323 44 54 45 43.1738 54 
16 44.2323 54 16.8262 45 54 43.1738 45 54 
44 44.2323 54 17 45.1526 54 18 45.9538 54 
18.0619 46 54 41.9381 46 54 42 45.9538 54 
43 45.1526 54 19 46.6563 54 19.5403 47 54 
40.4597 47 54 41 46.6563 54 20 47.2813 54 
21 47.8164 54 21.3754 48 54 38.6246 48 54 
39 47.8164 54 40 47.2813 54 22 48.2943 54 
23 48.6931 54 23.8764 49 54 36.1236 49 54 
37 48.6931 54 38 48.2943 54 24 49.0434 54 
25 49.3316 54 26 49.5584 54 27 49.7337 54 
28 49.8604 54 29 49.9375 54 30 49.9634 54 
31 49.9375 54 32 49.8604 54 33 49.7337 54 
34 49.5584 54 35 49.3316 54 36 49.0434 54 
24 10.9567 55 23.8764 11 55 25 10.6684 55 
26 10.4416 55 27 10.2663 55 28 10.1396 55 
29 10.0626 55 30 10.0366 55 31 10.0626 55 
32 10.1396 55 33 10.2663 55 34 10.4416 55 
35 10.6684 55 36 10.9567 55 36.1236 11 55 
22 11.7057 55 21.3754 12 55 23 11.3069 55 
37 11.3069 55 38 11.7057 55 38.6246 12 55 
20 12.7187 55 19.5403 13 55 21 12.1836 55 
39 12.1836 55 40 12.7187 55 40.4597 13 55 
19 13.3437 55 18.0619 14 55 41 13.3437 55 
41.9381 14 55 17 14.8474 55 16.8262 15 55 
18 14.0462 55 42 14.0462 55 43 14.8474 55 
43.1738 15 55 16 15.7677 55 15.7677 16 55 
44 15.7677 55 44.2323 16 55 15 16.8262 55 
14.8474 17 55 45 16.8262 55 45.1526 17 55 
14.0462 18 55 45.9538 18 55 14 18.0619 55 
13.3437 19 55 46 18.0619 55 46.6563 19 55 
13 19.5403 55 12.7187 20 55 47 19.5403 55 
47.2813 20 55 12.1836 21 55 47.8164 21 55 
12 21.3754 55 11.7057 22 55 48 21.3754 55 
48.2943 22 55 11.3069 23 55 48.6931 23 55 
11 23.8764 55 10.9567 24 55 49 23.8764 55 
49.0434 24 55 10.6684 25 55 49.3316 25 55 
10.4416 26 55 49.5584 26 55 10.2663 27 55 
49.7337 27 55 10.1396 28 55 49.8604 28 55 
10.0626 29 55 49.9375 29 55 10.0366 30 55 
49.9634 30 55 10.0626 31 55 49.9375 31 55 
10.1396 32 55 49.8604 32 55 10.2663 33 55 
49.7337 33 55 10.4416 34 55 49.5584 34 55 
10.6684 35 55 49.3316 35 55 10.9567 36 55 
49.0434 36 55 11 36.1236 55 11.3069 37 55 
48.6931 37 55 49 36.1236 55 11.7057 38 55 
48.2943 38 55 12 38.6246 55 12.1836 39 55 
47.8164 39 55 48 38.6246 55 12.7187 40 55 
47.2813 40 55 13 40.4597 55 13.3437 41 55 
46.6563 41 55 47 40.4597 55 14 41.9381 55 
14.0462 42 55 45.9538 42 55 46 41.9381 55 
14.8474 43 55 45.1526 43 55 15 43.1738 55 
15.7677 44 55 44.2323 44 55 45 43.1738 55 
16 44.2323 55 16.8262 45 55 43.1738 45 55 
44 44.2323 55 17 45.1526 55 18 45.9538 55 
18.0619 46 55 41.9381 46 55 42 45.9538 55 
43 45.1526 55 19 46.6563 55 19.5403 47 55 
40.4597 47 55 41 46.6563 55 20 47.2813 55 
21 47.8164 55 21.3754 48 55 38.6246 48 55 
39 47.8164 55 40 47.2813 55 22 48.2943 55 
23 48.6931 55 23.8764 49 55 36.1236 49 55 
37 48.6931 55 38 48.2943 55 24 49.0434 55 
25 49.3316 55 26 49.5584 55 27 49.7337 55 
28 49.8604 55 29 49.9375 55 30 49.9634 55 
31 49.9375 55 32 49.8604 55 33 49.7337 55 
34 49.5584 55 35 49.3316 55 36 49.0434 55 
24 10.9567 56 23.8764 11 56 25 10.6684 56 
26 10.4416 56 27 10.2663 56 28 10.1396 56 
29 10.0626 56 30 10.0366 56 31 10.0626 56 
32 10.1396 56 33 10.2663 56 34 10.4416 56 
35 10.6684 56 36 10.9567 56 36.1236 11 56 
22 11.7057 56 21.3754 12 56 23 11.3069 56 
37 11.3069 56 38 11.7057 56 38.6246 12 56 
20 12.7187 56 19.5403 13 56 21 12.1836 56 
39 12.1836 56 40 12.7187 56 40.4597 13 56 
19 13.3437 56 18.0619 14 56 41 13.3437 56 
41.9381 14 56 17 14.8474 56 16.8262 15 56 
18 14.0462 56 42 14.0462 56 43 14.8474 56 
43.1738 15 56 16 15.7677 56 15.7677 16 56 
44 15.7677 56 44.2323 16 56 15 16.8262 56 
14.8474 17 56 45 16.8262 56 45.1526 17 56 
14.0462 18 56 45.9538 18 56 14 18.0619 56 
13.3437 19 56 46 18.0619 56 46.6563 19 56 
13 19.5403 56 12.7187 20 56 47 19.5403 56 
47.2813 20 56 12.1836 21 56 47.8164 21 56 
12 21.3754 56 11.7057 22 56 48 21.3754 56 
48.2943 22 56 11.3069 23 56 48.6931 23 56 
11 23.8764 56 10.9567 24 56 49 23.8764 56 
49.0434 24 56 10.6684 25 56 49.3316 25 56 
10.4416 26 56 49.5584 26 56 10.2663 27 56 
49.7337 27 56 10.1396 28 56 49.8604 28 56 
10.0626 29 56 49.9375 29 56 10.0366 30 56 
49.9634 30 56 10.0626 31 56 49.9375 31 56 
10.1396 32 56 49.8604 32 56 10.2663 33 56 
49.7337 33 56 10.4416 34 56 49.5584 34 56 
10.6684 35 56 49.3316 35 56 10.9567 36 56 
49.0434 36 56 11 36.1236 56 11.3069 37 56 
48.6931 37 56 49 36.1236 56 11.7057 38 56 
48.2943 38 56 12 38.6246 56 12.1836 39 56 
47.8164 39 56 48 38.6246 56 12.7187 40 56 
47.2813 40 56 13 40.4597 56 13.3437 41 56 
46.6563 41 56 47 40.4597 56 14 41.9381 56 
14.0462 42 56 45.9538 42 56 46 41.9381 56 
14.8474 43 56 45.1526 43 56 15 43.1738 56 
15.7677 44 56 44.2323 44 56 45 43.1738 56 
16 44.2323 56 16.8262 45 56 43.1738 45 56 
44 44.2323 56 17 45.1526 56 18 45.9538 56 
18.0619 46 56 41.9381 46 56 42 45.9538 56 
43 45.1526 56 19 46.6563 56 19.5403 47 56 
40.4597 47 56 41 46.6563 56 20 47.2813 56 
21 47.8164 56 21.3754 48 56 38.6246 48 56 
39 47.8164 56 40 47.2813 56 22 48.2943 56 
23 48.6931 56 23.8764 49 56 36.1236 49 56 
37 48.6931 56 38 48.2943 56 24 49.0434 56 
25 49.3316 56 26 49.5584 56 27 49.7337 56 
28 49.8604 56 29 49.9375 56 30 49.9634 56 
31 49.9375 56 32 49.8604 56 33 49.7337 56 
34 49.5584 56 35 49.3316 56 36 49.0434 56 
24 10.9567 57 23.8764 11 57 25 10.6684 57 
26 10.4416 57 27 10.2663 57 28 10.1396 57 
29 10.0626 57 30 10.0366 57 31 10.0626 57 
32 10.1396 57 33 10.2663 57 34 10.4416 57 
35 10.6684 57 36 10.9567 57 36.1236 11 57 
22 11.7057 57 21.3754 12 57 23 11.3069 57 
37 11.3069 57 38 11.7057 57 38.6246 12 57 
20 12.7187 57 19.5403 13 57 21 12.1836 57 
39 12.1836 57 40 12.7187 57 40.4597 13 57 
19 13.3437 57 18.0619 14 57 41 13.3437 57 
41.9381 14 57 17 14.8474 57 16.8262 15 57 
18 14.0462 57 42 14.0462 57 43 14.8474 57 
43.1738 15 57 16 15.7677 57 15.7677 16 57 
44 15.7677 57 44.2323 16 57 15 16.8262 57 
14.8474 17 57 45 16.8262 57 45.1526 17 57 
14.0462 18 57 45.9538 18 57 14 18.0619 57 
13.3437 19 57 46 18.0619 57 46.6563 19 57 
13 19.5403 57 12.7187 20 57 47 19.5403 57 
47.2813 20 57 12.1836 21 57 47.8164 21 57 
12 21.3754 57 11.7057 22 57 48 21.3754 57 
48.2943 22 57 11.3069 23 57 48.6931 23 57 
11 23.8764 57 10.9567 24 57 49 23.8764 57 
49.0434 24 57 10.6684 25 57 49.3316 25 57 
10.4416 26 57 49.5584 26 57 10.2663 27 57 
49.7337 27 57 10.1396 28 57 49.8604 28 57 
10.0626 29 57 49.9375 29 57 10.0366 30 57 
49.9634 30 57 10.0626 31 57 49.9375 31 57 
10.1396 32 57 49.8604 32 57 10.2663 33 57 
49.7337 33 57 10.4416 34 57 49.5584 34 57 
10.6684 35 57 49.3316 35 57 10.9567 36 57 
49.0434 36 57 11 36.1236 57 11.3069 37 57 
48.6931 37 57 49 36.1236 57 11.7057 38 57 
48.2943 38 57 12 38.6246 57 12.1836 39 57 
47.8164 39 57 48 38.6246 57 12.7187 40 57 
47.2813 40 57 13 40.4597 57 13.3437 41 57 
46.6563 41 57 47 40.4597 57 14 41.9381 57 
14.0462 42 57 45.9538 42 57 46 41.9381 57 
14.8474 43 57 45.1526 43 57 15 43.1738 57 
15.7677 44 57 44.2323 44 57 45 43.1738 57 
16 44.2323 57 16.8262 45 57 43.1738 45 57 
44 44.2323 57 17 45.1526 57 18 45.9538 57 
18.0619 46 57 41.9381 46 57 42 45.9538 57 
43 45.1526 57 19 46.6563 57 19.5403 47 57 
40.4597 47 57 41 46.6563 57 20 47.2813 57 
21 47.8164 57 21.3754 48 57 38.6246 48 57 
39 47.8164 57 40 47.2813 57 22 48.2943 57 
23 48.6931 57 23.8764 49 57 36.1236 49 57 
37 48.6931 57 38 48.2943 57 24 49.0434 57 
25 49.3316 57 26 49.5584 57 27 49.7337 57 
28 49.8604 57 29 49.9375 57 30 49.9634 57 
31 49.9375 57 32 49.8604 57 33 49.7337 57 
34 49.5584 57 35 49.3316 57 36 49.0434 57 
24 10.9567 58 23.8764 11 58 25 10.6684 58 
26 10.4416 58 27 10.2663 58 28 10.1396 58 
29 10.0626 58 30 10.0366 58 31 10.0626 58 
32 10.1396 58 33 10.2663 58 34 10.4416 58 
35 10.6684 58 36 10.9567 58 36.1236 11 58 
22 11.7057 58 21.3754 12 58 23 11.3069 58 
37 11.3069 58 38 11.7057 58 38.6246 12 58 
20 12.7187 58 19.5403 13 58 21 12.1836 58 
39 12.1836 58 40 12.7187 58 40.4597 13 58 
19 13.3437 58 18.0619 14 58 41 13.3437 58 
41.9381 14 58 17 14.8474 58 16.8262 15 58 
18 14.0462 58 42 14.0462 58 43 14.8474 58 
43.1738 15 58 16 15.7677 58 15.7677 16 58 
44 15.7677 58 44.2323 16 58 15 16.8262 58 
14.8474 17 58 45 16.8262 58 45.1526 17 58 
14.0462 18 58 45.9538 18 58 14 18.0619 58 
13.3437 19 58 46 18.0619 58 46.6563 19 58 
13 19.5403 58 12.7187 20 58 47 19.5403 58 
47.2813 20 58 12.1836 21 58 47.8164 21 58 
12 21.3754 58 11.7057 22 58 48 21.3754 58 
48.2943 22 58 11.3069 23 58 48.6931 23 58 
11 23.8764 58 10.9567 24 58 49 23.8764 58 
49.0434 24 58 10.6684 25 58 49.3316 25 58 
10.4416 26 58 49.5584 26 58 10.2663 27 58 
49.7337 27 58 10.1396 28 58 49.8604 28 58 
10.0626 29 58 49.9375 29 58 10.0366 30 58 
49.9634 30 58 10.0626 31 58 49.9375 31 58 
10.1396 32 58 49.8604 32 58 10.2663 33 58 
49.7337 33 58 10.4416 34 58 49.5584 34 58 
10.6684 35 58 49.3316 35 58 10.9567 36 58 
49.0434 36 58 11 36.1236 58 11.3069 37 58 
48.6931 37 58 49 36.1236 58 11.7057 38 58 
48.2943 38 58 12 38.6246 58 12.1836 39 58 
47.8164 39 58 48 38.6246 58 12.7187 40 58 
47.2813 40 58 13 40.4597 58 13.3437 41 58 
46.6563 41 58 47 40.4597 58 14 41.9381 58 
14.0462 42 58 45.9538 42 58 46 41.9381 58 
14.8474 43 58 45.1526 43 58 15 43.1738 58 
15.7677 44 58 44.2323 44 58 45 43.1738 58 
16 44.2323 58 16.8262 45 58 43.1738 45 58 
44 44.2323 58 17 45.1526 58 18 45.9538 58 
18.0619 46 58 41.9381 46 58 42 45.9538 58 
43 45.1526 58 19 46.6563 58 19.5403 47 58 
40.4597 47 58 41 46.6563 58 20 47.2813 58 
21 47.8164 58 21.3754 48 58 38.6246 48 58 
39 47.8164 58 40 47.2813 58 22 48.2943 58 
23 48.6931 58 23.8764 49 58 36.1236 49 58 
37 48.6931 58 38 48.2943 58 24 49.0434 58 
25 49.3316 58 26 49.5584 58 27 49.7337 58 
28 49.8604 58 29 49.9375 58 30 49.9634 58 
31 49.9375 58 32 49.8604 58 33 49.7337 58 
34 49.5584 58 35 49.3316 58 36 49.0434 58 
24 10.9567 59 23.8764 11 59 25 10.6684 59 
26 10.4416 59 27 10.2663 59 28 10.1396 59 
29 10.0626 59 30 10.0366 59 31 10.0626 59 
32 10.1396 59 33 10.2663 59 34 10.4416 59 
35 10.6684 59 36 10.9567 59 36.1236 11 59 
22 11.7057 59 21.3754 12 59 23 11.3069 59 
37 11.3069 59 38 11.7057 59 38.6246 12 59 
20 12.7187 59 19.5403 13 59 21 12.1836 59 
39 12.1836 59 40 12.7187 59 40.4597 13 59 
19 13.3437 59 18.0619 14 59 41 13.3437 59 
41.9381 14 59 17 14.8474 59 16.8262 15 59 
18 14.0462 59 42 14.0462 59 43 14.8474 59 
43.1738 15 59 16 15.7677 59 15.7677 16 59 
44 15.7677 59 44.2323 16 59 15 16.8262 59 
14.8474 17 59 45 16.8262 59 45.1526 17 59 
14.0462 18 59 45.9538 18 59 14 18.0619 59 
13.3437 19 59 46 18.0619 59 46.6563 19 59 
13 19.5403 59 12.7187 20 59 47 19.5403 59 
47.2813 20 59 12.1836 21 59 47.8164 21 59 
12 21.3754 59 11.7057 22 59 48 21.3754 59 
48.2943 22 59 11.3069 23 59 48.6931 23 59 
11 23.8764 59 10.9567 24 59 49 23.8764 59 
49.0434 24 59 10.6684 25 59 49.3316 25 59 
10.4416 26 59 49.5584 26 59 10.2663 27 59 
49.7337 27 59 10.1396 28 59 49.8604 28 59 
10.0626 29 59 49.9375 29 59 10.0366 30 59 
49.9634 30 59 10.0626 31 59 49.9375 31 59 
10.1396 32 59 49.8604 32 59 10.2663 33 59 
49.7337 33 59 10.4416 34 59 49.5584 34 59 
10.6684 35 59 49.3316 35 59 10.9567 36 59 
49.0434 36 59 11 36.1236 59 11.3069 37 59 
48.6931 37 59 49 36.1236 59 11.7057 38 59 
48.2943 38 59 12 38.6246 59 12.1836 39 59 
47.8164 39 59 48 38.6246 59 12.7187 40 59 
47.2813 40 59 13 40.4597 59 13.3437 41 59 
46.6563 41 59 47 40.4597 59 14 41.9381 59 
14.0462 42 59 45.9538 42 59 46 41.9381 59 
14.8474 43 59 45.1526 43 59 15 43.1738 59 
15.7677 44 59 44.2323 44 59 45 43.1738 59 
16 44.2323 59 16.8262 45 59 43.1738 45 59 
44 44.2323 59 17 45.1526 59 18 45.9538 59 
18.0619 46 59 41.9381 46 59 42 45.9538 59 
43 45.1526 59 19 46.6563 59 19.5403 47 59 
40.4597 47 59 41 46.6563 59 20 47.2813 59 
21 47.8164 59 21.3754 48 59 38.6246 48 59 
39 47.8164 59 40 47.2813 59 22 48.2943 59 
23 48.6931 59 23.8764 49 59 36.1236 49 59 
37 48.6931 59 38 48.2943 59 24 49.0434 59 
25 49.3316 59 26 49.5584 59 27 49.7337 59 
28 49.8604 59 29 49.9375 59 30 49.9634 59 
31 49.9375 59 32 49.8604 59 33 49.7337 59 
34 49.5584 59 35 49.3316 59 36 49.0434 59 

POLYGONS 18409 55224
OFFSETS vtktypeint64
0 3 6 9 12 15 18 21 24 
27 30 33 36 39 42 45 48 51 
54 57 60 63 66 69 72 75 78 
81 84 87 90 93 96 99 102 105 
108 111 114 117 120 123 126 129 132 
135 138 141 144 147 150 153 156 159 
162 165 168 171 174 177 180 183 186 
189 192 195 198 201 204 207 210 213 
216 219 222 225 228 231 234 237 240 
243 246 249 252 255 258 261 264 267 
270 273 276 279 282 285 288 291 294 
297 300 303 306 309 312 315 318 321 
324 327 330 333 336 339 342 345 348 
351 354 357 360 363 366 369 372 375 
378 381 384 387 390 393 396 399 402 
405 408 411 414 417 420 423 426 429 
432 435 438 441 444 447 450 453 456 
459 462 465 468 471 474 477 480 483 
486 489 492 495 498 501 504 507 510 
513 516 519 522 525 528 531 534 537 
540 543 546 549 552 555 558 561 564 
567 570 573 576 579 582 585 588 591 
594 597 600 603 606 609 612 615 618 
621 624 627 630 633 636 639 642 645 
648 651 654 657 660 663 666 669 672 
675 678 681 684 687 690 693 696 699 
702 705 708 711 714 717 720 723 726 
729 732 735 738 741 744 747 750 753 
756 759 762 765 768 771 774 777 780 
783 786 789 792 795 798 801 804 807 
810 813 816 819 822 825 828 831 834 
837 840 843 846 849 852 855 858 861 
864 867 870 873 876 879 882 885 888 
891 894 897 900 903 906 909 912 915 
918 921 924 927 930 933 936 939 942 
945 948 951 954 957 960 963 966 969 
972 975 978 981 984 987 990 993 996 
999 1002 1005 1008 1011 1014 1017 1020 1023 
1026 1029 1032 1035 1038 1041 1044 1047 1050 
1053 1056 1059 1062 1065 1068 1071 1074 1077 
1080 1083 1086 1089 1092 1095 1098 1101 1104 
1107 1110 1113 1116 1119 1122 1125 1128 1131 
1134 1137 1140 1143 1146 1149 1152 1155 1158 
1161 1164 1167 1170 1173 1176 1179 1182 1185 
1188 1191 1194 1197 1200 1203 1206 1209 1212 
1215 1218 1221 1224 1227 1230 1233 1236 1239 
1242 1245 1248 1251 1254 1257 1260 1263 1266 
1269 1272 1275 1278 1281 1284 1287 1290 1293 
1296 1299 1302 1305 1308 1311 1314 1317 1320 
1323 1326 1329 1332 1335 1338 1341 1344 1347 
1350 1353 1356 1359 1362 1365 1368 1371 1374 
1377 1380 1383 1386 1389 1392 1395 1398 1401 
1404 1407 1410 1413 1416 1419 1422 1425 1428 
1431 1434 1437 1440 1443 1446 1449 1452 1455 
1458 1461 1464 1467 1470 1473 1476 1479 1482 
1485 1488 1491 1494 1497 1500 1503 1506 1509 
1512 1515 1518 1521 1524 1527 1530 1533 1536 
1539 1542 1545 1548 1551 1554 1557 1560 1563 
1566 1569 1572 1575 1578 1581 1584 1587 1590 
1593 1596 1599 1602 1605 1608 1611 1614 1617 
1620 1623 1626 1629 1632 1635 1638 1641 1644 
1647 1650 1653 1656 1659 1662 1665 1668 1671 
1674 1677 1680 1683 1686 1689 1692 1695 1698 
1701 1704 1707 1710 1713 1716 1719 1722 1725 
1728 1731 1734 1737 1740 1743 1746 1749 1752 
1755 1758 1761 1764 1767 1770 1773 1776 1779 
1782 1785 1788 1791 1794 1797 1800 1803 1806 
1809 1812 1815 1818 1821 1824 1827 1830 1833 
1836 1839 1842 1845 1848 1851 1854 1857 1860 
1863 1866 1869 1872 1875 1878 1881 1884 1887 
1890 1893 1896 1899 1902 1905 1908 1911 1914 
1917 1920 1923 1926 1929 1932 1935 1938 1941 
1944 1947 1950 1953 1956 1959 1962 1965 1968 
1971 1974 1977 1980 1983 1986 1989 1992 1995 
1998 2001 2004 2007 2010 2013 2016 2019 2022 
2025 2028 2031 2034 2037 2040 2043 2046 2049 
2052 2055 2058 2061 2064 2067 2070 2073 2076 
2079 2082 2085 2088 2091 2094 2097 2100 2103 
2106 2109 2112 2115 2118 2121 2124 2127 2130 
2133 2136 2139 2142 2145 2148 2151 2154 2157 
2160 2163 2166 2169 2172 2175 2178 2181 2184 
2187 2190 2193 2196 2199 2202 2205 2208 2211 
2214 2217 2220 2223 2226 2229 2232 2235 2238 
2241 2244 2247 2250 2253 2256 2259 2262 2265 
2268 2271 2274 2277 2280 2283 2286 2289 2292 
2295 2298 2301 2304 2307 2310 2313 2316 2319 
2322 2325 2328 2331 2334 2337 2340 2343 2346 
2349 2352 2355 2358 2361 2364 2367 2370 2373 
2376 2379 2382 2385 2388 2391 2394 2397 2400 
2403 2406 2409 2412 2415 2418 2421 2424 2427 
2430 2433 2436 2439 2442 2445 2448 2451 2454 
2457 2460 2463 2466 2469 2472 2475 2478 2481 
2484 2487 2490 2493 2496 2499 2502 2505 2508 
2511 2514 2517 2520 2523 2526 2529 2532 2535 
2538 2541 2544 2547 2550 2553 2556 2559 2562 
2565 2568 2571 2574 2577 2580 2583 2586 2589 
2592 2595 2598 2601 2604 2607 2610 2613 2616 
2619 2622 2625 2628 2631 2634 2637 2640 2643 
2646 2649 2652 2655 2658 2661 2664 2667 2670 
2673 2676 2679 2682 2685 2688 2691 2694 2697 
2700 2703 2706 2709 2712 2715 2718 2721 2724 
2727 2730 2733 2736 2739 2742 2745 2748 2751 
2754 2757 2760 2763 2766 2769 2772 2775 2778 
2781 2784 2787 2790 2793 2796 2799 2802 2805 
2808 2811 2814 2817 2820 2823 2826 2829 2832 
2835 2838 2841 2844 2847 2850 2853 2856 2859 
2862 2865 2868 2871 2874 2877 2880 2883 2886 
2889 2892 2895 2898 2901 2904 2907 2910 2913 
2916 2919 2922 2925 2928 2931 2934 2937 2940 
2943 2946 2949 2952 2955 2958 2961 2964 2967 
2970 2973 2976 2979 2982 2985 2988 2991 2994 
2997 3000 3003 3006 3009 3012 3015 3018 3021 
3024 3027 3030 3033 3036 3039 3042 3045 3048 
3051 3054 3057 3060 3063 3066 3069 3072 3075 
3078 3081 3084 3087 3090 3093 3096 3099 3102 
3105 3108 3111 3114 3117 3120 3123 3126 3129 
3132 3135 3138 3141 3144 3147 3150 3153 3156 
3159 3162 3165 3168 3171 3174 3177 3180 3183 
3186 3189 3192 3195 3198 3201 3204 3207 3210 
3213 3216 3219 3222 3225 3228 3231 3234 3237 
3240 3243 3246 3249 3252 3255 3258 3261 3264 
3267 3270 3273 3276 3279 3282 3285 3288 3291 
3294 3297 3300 3303 3306 3309 3312 3315 3318 
3321 3324 3327 3330 3333 3336 3339 3342 3345 
3348 3351 3354 3357 3360 3363 3366 3369 3372 
3375 3378 3381 3384 3387 3390 3393 3396 3399 
3402 3405 3408 3411 3414 3417 3420 3423 3426 
3429 3432 3435 3438 3441 3444 3447 3450 3453 
3456 3459 3462 3465 3468 3471 3474 3477 3480 
3483 3486 3489 3492 3495 3498 3501 3504 3507 
3510 3513 3516 3519 3522 3525 3528 3531 3534 
3537 3540 3543 3546 3549 3552 3555 3558 3561 
3564 3567 3570 3573 3576 3579 3582 3585 3588 
3591 3594 3597 3600 3603 3606 3609 3612 3615 
3618 3621 3624 3627 3630 3633 3636 3639 3642 
3645 3648 3651 3654 3657 3660 3663 3666 3669 
3672 3675 3678 3681 3684 3687 3690 3693 3696 
3699 3702 3705 3708 3711 3714 3717 3720 3723 
3726 3729 3732 3735 3738 3741 3744 3747 3750 
3753 3756 3759 3762 3765 3768 3771 3774 3777 
3780 3783 3786 3789 3792 3795 3798 3801 3804 
3807 3810 3813 3816 3819 3822 3825 3828 3831 
3834 3837 3840 3843 3846 3849 3852 3855 3858 
3861 3864 3867 3870 3873 3876 3879 3882 3885 
3888 3891 3894 3897 3900 3903 3906 3909 3912 
3915 3918 3921 3924 3927 3930 3933 3936 3939 
3942 3945 3948 3951 3954 3957 3960 3963 3966 
3969 3972 3975 3978 3981 3984 3987 3990 3993 
3996 3999 4002 4005 4008 4011 4014 4017 4020 
4023 4026 4029 4032 4035 4038 4041 4044 4047 
4050 4053 4056 4059 4062 4065 4068 4071 4074 
4077 4080 4083 4086 4089 4092 4095 4098 4101 
4104 4107 4110 4113 4116 4119 4122 4125 4128 
4131 4134 4137 4140 4143 4146 4149 4152 4155 
4158 4161 4164 4167 4170 4173 4176 4179 4182 
4185 4188 4191 4194 4197 4200 4203 4206 4209 
4212 4215 4218 4221 4224 4227 4230 4233 4236 
4239 4242 4245 4248 4251 4254 4257 4260 4263 
4266 4269 4272 4275 4278 4281 4284 4287 4290 
4293 4296 4299 4302 4305 4308 4311 4314 4317 
4320 4323 4326 4329 4332 4335 4338 4341 4344 
4347 4350 4353 4356 4359 4362 4365 4368 4371 
4374 4377 4380 4383 4386 4389 4392 4395 4398 
4401 4404 4407 4410 4413 4416 4419 4422 4425 
4428 4431 4434 4437 4440 4443 4446 4449 4452 
4455 4458 4461 4464 4467 4470 4473 4476 4479 
4482 4485 4488 4491 4494 4497 4500 4503 4506 
4509 4512 4515 4518 4521 4524 4527 4530 4533 
4536 4539 4542 4545 4548 4551 4554 4557 4560 
4563 4566 4569 4572 4575 4578 4581 4584 4587 
4590 4593 4596 4599 4602 4605 4608 4611 4614 
4617 4620 4623 4626 4629 4632 4635 4638 4641 
4644 4647 4650 4653 4656 4659 4662 4665 4668 
4671 4674 4677 4680 4683 4686 4689 4692 4695 
4698 4701 4704 4707 4710 4713 4716 4719 4722 
4725 4728 4731 4734 4737 4740 4743 4746 4749 
4752 4755 4758 4761 4764 4767 4770 4773 4776 
4779 4782 4785 4788 4791 4794 4797 4800 4803 
4806 4809 4812 4815 4818 4821 4824 4827 4830 
4833 4836 4839 4842 4845 4848 4851 4854 4857 
4860 4863 4866 4869 4872 4875 4878 4881 4884 
4887 4890 4893 4896 4899 4902 4905 4908 4911 
4914 4917 4920 4923 4926 4929 4932 4935 4938 
4941 4944 4947 4950 4953 4956 4959 4962 4965 
4968 4971 4974 4977 4980 4983 4986 4989 4992 
4995 4998 5001 5004 5007 5010 5013 5016 5019 
5022 5025 5028 5031 5034 5037 5040 5043 5046 
5049 5052 5055 5058 5061 5064 5067 5070 5073 
5076 5079 5082 5085 5088 5091 5094 5097 5100 
5103 5106 5109 5112 5115 5118 5121 5124 5127 
5130 5133 5136 5139 5142 5145 5148 5151 5154 
5157 5160 5163 5166 5169 5172 5175 5178 5181 
5184 5187 5190 5193 5196 5199 5202 5205 5208 
5211 5214 5217 5220 5223 5226 5229 5232 5235 
5238 5241 5244 5247 5250 5253 5256 5259 5262 
5265 5268 5271 5274 5277 5280 5283 5286 5289 
5292 5295 5298 5301 5304 5307 5310 5313 5316 
5319 5322 5325 5328 5331 5334 5337 5340 5343 
5346 5349 5352 5355 5358 5361 5364 5367 5370 
5373 5376 5379 5382 5385 5388 5391 5394 5397 
5400 5403 5406 5409 5412 5415 5418 5421 5424 
5427 5430 5433 5436 5439 5442 5445 5448 5451 
5454 5457 5460 5463 5466 5469 5472 5475 5478 
5481 5484 5487 5490 5493 5496 5499 5502 5505 
5508 5511 5514 5517 5520 5523 5526 5529 5532 
5535 5538 5541 5544 5547 5550 5553 5556 5559 
5562 5565 5568 5571 5574 5577 5580 5583 5586 
5589 5592 5595 5598 5601 5604 5607 5610 5613 
5616 5619 5622 5625 5628 5631 5634 5637 5640 
5643 5646 5649 5652 5655 5658 5661 5664 5667 
5670 5673 5676 5679 5682 5685 5688 5691 5694 
5697 5700 5703 5706 5709 5712 5715 5718 5721 
5724 5727 5730 5733 5736 5739 5742 5745 5748 
5751 5754 5757 5760 5763 5766 5769 5772 5775 
5778 5781 5784 5787 5790 5793 5796 5799 5802 
5805 5808 5811 5814 5817 5820 5823 5826 5829 
5832 5835 5838 5841 5844 5847 5850 5853 5856 
5859 5862 5865 5868 5871 5874 5877 5880 5883 
5886 5889 5892 5895 5898 5901 5904 5907 5910 
5913 5916 5919 5922 5925 5928 5931 5934 5937 
5940 5943 5946 5949 5952 5955 5958 5961 5964 
5967 5970 5973 5976 5979 5982 5985 5988 5991 
5994 5997 6000 6003 6006 6009 6012 6015 6018 
6021 6024 6027 6030 6033 6036 6039 6042 6045 
6048 6051 6054 6057 6060 6063 6066 6069 6072 
6075 6078 6081 6084 6087 6090 6093 6096 6099 
6102 6105 6108 6111 6114 6117 6120 6123 6126 
6129 6132 6135 6138 6141 6144 6147 6150 6153 
6156 6159 6162 6165 6168 6171 6174 6177 6180 
6183 6186 6189 6192 6195 6198 6201 6204 6207 
6210 6213 6216 6219 6222 6225 6228 6231 6234 
6237 6240 6243 6246 6249 6252 6255 6258 6261 
6264 6267 6270 6273 6276 6279 6282 6285 6288 
6291 6294 6297 6300 6303 6306 6309 6312 6315 
6318 6321 6324 6327 6330 6333 6336 6339 6342 
6345 6348 6351 6354 6357 6360 6363 6366 6369 
6372 6375 6378 6381 6384 6387 6390 6393 6396 
6399 6402 6405 6408 6411 6414 6417 6420 6423 
6426 6429 6432 6435 6438 6441 6444 6447 6450 
6453 6456 6459 6462 6465 6468 6471 6474 6477 
6480 6483 6486 6489 6492 6495 6498 6501 6504 
6507 6510 6513 6516 6519 6522 6525 6528 6531 
6534 6537 6540 6543 6546 6549 6552 6555 6558 
6561 6564 6567 6570 6573 6576 6579 6582 6585 
6588 6591 6594 6597 6600 6603 6606 6609 6612 
6615 6618 6621 6624 6627 6630 6633 6636 6639 
6642 6645 6648 6651 6654 6657 6660 6663 6666 
6669 6672 6675 6678 6681 6684 6687 6690 6693 
6696 6699 6702 6705 6708 6711 6714 6717 6720 
6723 6726 6729 6732 6735 6738 6741 6744 6747 
6750 6753 6756 6759 6762 6765 6768 6771 6774 
6777 6780 6783 6786 6789 6792 6795 6798 6801 
6804 6807 6810 6813 6816 6819 6822 6825 6828 
6831 6834 6837 6840 6843 6846 6849 6852 6855 
6858 6861 6864 6867 6870 6873 6876 6879 6882 
6885 6888 6891 6894 6897 6900 6903 6906 6909 
6912 6915 6918 6921 6924 6927 6930 6933 6936 
6939 6942 6945 6948 6951 6954 6957 6960 6963 
6966 6969 6972 6975 6978 6981 6984 6987 6990 
6993 6996 6999 7002 7005 7008 7011 7014 7017 
7020 7023 7026 7029 7032 7035 7038 7041 7044 
7047 7050 7053 7056 7059 7062 7065 7068 7071 
7074 7077 7080 7083 7086 7089 7092 7095 7098 
7101 7104 7107 7110 7113 7116 7119 7122 7125 
7128 7131 7134 7137 7140 7143 7146 7149 7152 
7155 7158 7161 7164 7167 7170 7173 7176 7179 
7182 7185 7188 7191 7194 7197 7200 7203 7206 
7209 7212 7215 7218 7221 7224 7227 7230 7233 
7236 7239 7242 7245 7248 7251 7254 7257 7260 
7263 7266 7269 7272 7275 7278 7281 7284 7287 
7290 7293 7296 7299 7302 7305 7308 7311 7314 
7317 7320 7323 7326 7329 7332 7335 7338 7341 
7344 7347 7350 7353 7356 7359 7362 7365 7368 
7371 7374 7377 7380 7383 7386 7389 7392 7395 
7398 7401 7404 7407 7410 7413 7416 7419 7422 
7425 7428 7431 7434 7437 7440 7443 7446 7449 
7452 7455 7458 7461 7464 7467 7470 7473 7476 
7479 7482 7485 7488 7491 7494 7497 7500 7503 
7506 7509 7512 7515 7518 7521 7524 7527 7530 
7533 7536 7539 7542 7545 7548 7551 7554 7557 
7560 7563 7566 7569 7572 7575 7578 7581 7584 
7587 7590 7593 7596 7599 7602 7605 7608 7611 
7614 7617 7620 7623 7626 7629 7632 7635 7638 
7641 7644 7647 7650 7653 7656 7659 7662 7665 
7668 7671 7674 7677 7680 7683 7686 7689 7692 
7695 7698 7701 7704 7707 7710 7713 7716 7719 
7722 7725 7728 7731 7734 7737 7740 7743 7746 
7749 7752 7755 7758 7761 7764 7767 7770 7773 
7776 7779 7782 7785 7788 7791 7794 7797 7800 
7803 7806 7809 7812 7815 7818 7821 7824 7827 
7830 7833 7836 7839 7842 7845 7848 7851 7854 
7857 7860 7863 7866 7869 7872 7875 7878 7881 
7884 7887 7890 7893 7896 7899 7902 7905 7908 
7911 7914 7917 7920 7923 7926 7929 7932 7935 
7938 7941 7944 7947 7950 7953 7956 7959 7962 
7965 7968 7971 7974 7977 7980 7983 7986 7989 
7992 7995 7998 8001 8004 8007 8010 8013 8016 
8019 8022 8025 8028 8031 8034 8037 8040 8043 
8046 8049 8052 8055 8058 8061 8064 8067 8070 
8073 8076 8079 8082 8085 8088 8091 8094 8097 
8100 8103 8106 8109 8112 8115 8118 8121 8124 
8127 8130 8133 8136 8139 8142 8145 8148 8151 
8154 8157 8160 8163 8166 8169 8172 8175 8178 
8181 8184 8187 8190 8193 8196 8199 8202 8205 
8208 8211 8214 8217 8220 8223 8226 8229 8232 
8235 8238 8241 8244 8247 8250 8253 8256 8259 
8262 8265 8268 8271 8274 8277 8280 8283 8286 
8289 8292 8295 8298 8301 8304 8307 8310 8313 
8316 8319 8322 8325 8328 8331 8334 8337 8340 
8343 8346 8349 8352 8355 8358 8361 8364 8367 
8370 8373 8376 8379 8382 8385 8388 8391 8394 
8397 8400 8403 8406 8409 8412 8415 8418 8421 
8424 8427 8430 8433 8436 8439 8442 8445 8448 
8451 8454 8457 8460 8463 8466 8469 8472 8475 
8478 8481 8484 8487 8490 8493 8496 8499 8502 
8505 8508 8511 8514 8517 8520 8523 8526 8529 
8532 8535 8538 8541 8544 8547 8550 8553 8556 
8559 8562 8565 8568 8571 8574 8577 8580 8583 
8586 8589 8592 8595 8598 8601 8604 8607 8610 
8613 8616 8619 8622 8625 8628 8631 8634 8637 
8640 8643 8646 8649 8652 8655 8658 8661 8664 
8667 8670 8673 8676 8679 8682 8685 8688 8691 
8694 8697 8700 8703 8706 8709 8712 8715 8718 
8721 8724 8727 8730 8733 8736 8739 8742 8745 
8748 8751 8754 8757 8760 8763 8766 8769 8772 
8775 8778 8781 8784 8787 8790 8793 8796 8799 
8802 8805 8808 8811 8814 8817 8820 8823 8826 
8829 8832 8835 8838 8841 8844 8847 8850 8853 
8856 8859 8862 8865 8868 8871 8874 8877 8880 
8883 8886 8889 8892 8895 8898 8901 8904 8907 
8910 8913 8916 8919 8922 8925 8928 8931 8934 
8937 8940 8943 8946 8949 8952 8955 8958 8961 
8964 8967 8970 8973 8976 8979 8982 8985 8988 
8991 8994 8997 9000 9003 9006 9009 9012 9015 
9018 9021 9024 9027 9030 9033 9036 9039 9042 
9045 9048 9051 9054 9057 9060 9063 9066 9069 
9072 9075 9078 9081 9084 9087 9090 9093 9096 
9099 9102 9105 9108 9111 9114 9117 9120 9123 
9126 9129 9132 9135 9138 9141 9144 9147 9150 
9153 9156 9159 9162 9165 9168 9171 9174 9177 
9180 9183 9186 9189 9192 9195 9198 9201 9204 
9207 9210 9213 9216 9219 9222 9225 9228 9231 
9234 9237 9240 9243 9246 9249 9252 9255 9258 
9261 9264 9267 9270 9273 9276 9279 9282 9285 
9288 9291 9294 9297 9300 9303 9306 9309 9312 
9315 9318 9321 9324 9327 9330 9333 9336 9339 
9342 9345 9348 9351 9354 9357 9360 9363 9366 
9369 9372 9375 9378 9381 9384 9387 9390 9393 
9396 9399 9402 9405 9408 9411 9414 9417 9420 
9423 9426 9429 9432 9435 9438 9441 9444 9447 
9450 9453 9456 9459 9462 9465 9468 9471 9474 
9477 9480 9483 9486 9489 9492 9495 9498 9501 
9504 9507 9510 9513 9516 9519 9522 9525 9528 
9531 9534 9537 9540 9543 9546 9549 9552 9555 
9558 9561 9564 9567 9570 9573 9576 9579 9582 
9585 9588 9591 9594 9597 9600 9603 9606 9609 
9612 9615 9618 9621 9624 9627 9630 9633 9636 
9639 9642 9645 9648 9651 9654 9657 9660 9663 
9666 9669 9672 9675 9678 9681 9684 9687 9690 
9693 9696 9699 9702 9705 9708 9711 9714 9717 
9720 9723 9726 9729 9732 9735 9738 9741 9744 
9747 9750 9753 9756 9759 9762 9765 9768 9771 
9774 9777 9780 9783 9786 9789 9792 9795 9798 
9801 9804 9807 9810 9813 9816 9819 9822 9825 
9828 9831 9834 9837 9840 9843 9846 9849 9852 
9855 9858 9861 9864 9867 9870 9873 9876 9879 
9882 9885 9888 9891 9894 9897 9900 9903 9906 
9909 9912 9915 9918 9921 9924 9927 9930 9933 
9936 9939 9942 9945 9948 9951 9954 9957 9960 
9963 9966 9969 9972 9975 9978 9981 9984 9987 
9990 9993 9996 9999 10002 10005 10008 10011 10014 
10017 10020 10023 10026 10029 10032 10035 10038 10041 
10044 10047 10050 10053 10056 10059 10062 10065 10068 
10071 10074 10077 10080 10083 10086 10089 10092 10095 
10098 10101 10104 10107 10110 10113 10116 10119 10122 
10125 10128 10131 10134 10137 10140 10143 10146 10149 
10152 10155 10158 10161 10164 10167 10170 10173 10176 
10179 10182 10185 10188 10191 10194 10197 10200 10203 
10206 10209 10212 10215 10218 10221 10224 10227 10230 
10233 10236 10239 10242 10245 10248 10251 10254 10257 
10260 10263 10266 10269 10272 10275 10278 10281 10284 
10287 10290 10293 10296 10299 10302 10305 10308 10311 
10314 10317 10320 10323 10326 10329 10332 10335 10338 
10341 10344 10347 10350 10353 10356 10359 10362 10365 
10368 10371 10374 10377 10380 10383 10386 10389 10392 
10395 10398 10401 10404 10407 10410 10413 10416 10419 
10422 10425 10428 10431 10434 10437 10440 10443 10446 
10449 10452 10455 10458 10461 10464 10467 10470 10473 
10476 10479 10482 10485 10488 10491 10494 10497 10500 
10503 10506 10509 10512 10515 10518 10521 10524 10527 
10530 10533 10536 10539 10542 10545 10548 10551 10554 
10557 10560 10563 10566 10569 10572 10575 10578 10581 
10584 10587 10590 10593 10596 10599 10602 10605 10608 
10611 10614 10617 10620 10623 10626 10629 10632 10635 
10638 10641 10644 10647 10650 10653 10656 10659 10662 
10665 10668 10671 10674 10677 10680 10683 10686 10689 
10692 10695 10698 10701 10704 10707 10710 10713 10716 
10719 10722 10725 10728 10731 10734 10737 10740 10743 
10746 10749 10752 10755 10758 10761 10764 10767 10770 
10773 10776 10779 10782 10785 10788 10791 10794 10797 
10800 10803 10806 10809 10812 10815 10818 10821 10824 
10827 10830 10833 10836 10839 10842 10845 10848 10851 
10854 10857 10860 10863 10866 10869 10872 10875 10878 
10881 10884 10887 10890 10893 10896 10899 10902 10905 
10908 10911 10914 10917 10920 10923 10926 10929 10932 
10935 10938 10941 10944 10947 10950 10953 10956 10959 
10962 10965 10968 10971 10974 10977 10980 10983 10986 
10989 10992 10995 10998 11001 11004 11007 11010 11013 
11016 11019 11022 11025 11028 11031 11034 11037 11040 
11043 11046 11049 11052 11055 11058 11061 11064 11067 
11070 11073 11076 11079 11082 11085 11088 11091 11094 
11097 11100 11103 11106 11109 11112 11115 11118 11121 
11124 11127 11130 11133 11136 11139 11142 11145 11148 
11151 11154 11157 11160 11163 11166 11169 11172 11175 
11178 11181 11184 11187 11190 11193 11196 11199 11202 
11205 11208 11211 11214 11217 11220 11223 11226 11229 
11232 11235 11238 11241 11244 11247 11250 11253 11256 
11259 11262 11265 11268 11271 11274 11277 11280 11283 
11286 11289 11292 11295 11298 11301 11304 11307 11310 
11313 11316 11319 11322 11325 11328 11331 11334 11337 
11340 11343 11346 11349 11352 11355 11358 11361 11364 
11367 11370 11373 11376 11379 11382 11385 11388 11391 
11394 11397 11400 11403 11406 11409 11412 11415 11418 
11421 11424 11427 11430 11433 11436 11439 11442 11445 
11448 11451 11454 11457 11460 11463 11466 11469 11472 
11475 11478 11481 11484 11487 11490 11493 11496 11499 
11502 11505 11508 11511 11514 11517 11520 11523 11526 
11529 11532 11535 11538 11541 11544 11547 11550 11553 
11556 11559 11562 11565 11568 11571 11574 11577 11580 
11583 11586 11589 11592 11595 11598 11601 11604 11607 
11610 11613 11616 11619 11622 11625 11628 11631 11634 
11637 11640 11643 11646 11649 11652 11655 11658 11661 
11664 11667 11670 11673 11676 11679 11682 11685 11688 
11691 11694 11697 11700 11703 11706 11709 11712 11715 
11718 11721 11724 11727 11730 11733 11736 11739 11742 
11745 11748 11751 11754 11757 11760 11763 11766 11769 
11772 11775 11778 11781 11784 11787 11790 11793 11796 
11799 11802 11805 11808 11811 11814 11817 11820 11823 
11826 11829 11832 11835 11838 11841 11844 11847 11850 
11853 11856 11859 11862 11865 11868 11871 11874 11877 
11880 11883 11886 11889 11892 11895 11898 11901 11904 
11907 11910 11913 11916 11919 11922 11925 11928 11931 
11934 11937 11940 11943 11946 11949 11952 11955 11958 
11961 11964 11967 11970 11973 11976 11979 11982 11985 
11988 11991 11994 11997 12000 12003 12006 12009 12012 
12015 12018 12021 12024 12027 12030 12033 12036 12039 
12042 12045 12048 12051 12054 12057 12060 12063 12066 
12069 12072 12075 12078 12081 12084 12087 12090 12093 
12096 12099 12102 12105 12108 12111 12114 12117 12120 
12123 12126 12129 12132 12135 12138 12141 12144 12147 
12150 12153 12156 12159 12162 12165 12168 12171 12174 
12177 12180 12183 12186 12189 12192 12195 12198 12201 
12204 12207 12210 12213 12216 12219 12222 12225 12228 
12231 12234 12237 12240 12243 12246 12249 12252 12255 
12258 12261 12264 12267 12270 12273 12276 12279 12282 
12285 12288 12291 12294 12297 12300 12303 12306 12309 
12312 12315 12318 12321 12324 12327 12330 12333 12336 
12339 12342 12345 12348 12351 12354 12357 12360 12363 
12366 12369 12372 12375 12378 12381 12384 12387 12390 
12393 12396 12399 12402 12405 12408 12411 12414 12417 
12420 12423 12426 12429 12432 12435 12438 12441 12444 
12447 12450 12453 12456 12459 12462 12465 12468 12471 
12474 12477 12480 12483 12486 12489 12492 12495 12498 
12501 12504 12507 12510 12513 12516 12519 12522 12525 
12528 12531 12534 12537 12540 12543 12546 12549 12552 
12555 12558 12561 12564 12567 12570 12573 12576 12579 
12582 12585 12588 12591 12594 12597 12600 12603 12606 
12609 12612 12615 12618 12621 12624 12627 12630 12633 
12636 12639 12642 12645 12648 12651 12654 12657 12660 
12663 12666 12669 12672 12675 12678 12681 12684 12687 
12690 12693 12696 12699 12702 12705 12708 12711 12714 
12717 12720 12723 12726 12729 12732 12735 12738 12741 
12744 12747 12750 12753 12756 12759 12762 12765 12768 
12771 12774 12777 12780 12783 12786 12789 12792 12795 
12798 12801 12804 12807 12810 12813 12816 12819 12822 
12825 12828 12831 12834 12837 12840 12843 12846 12849 
12852 12855 12858 12861 12864 12867 12870 12873 12876 
12879 12882 12885 12888 12891 12894 12897 12900 12903 
12906 12909 12912 12915 12918 12921 12924 12927 12930 
12933 12936 12939 12942 12945 12948 12951 12954 12957 
12960 12963 12966 12969 12972 12975 12978 12981 12984 
12987 12990 12993 12996 12999 13002 13005 13008 13011 
13014 13017 13020 13023 13026 13029 13032 13035 13038 
13041 13044 13047 13050 13053 13056 13059 13062 13065 
13068 13071 13074 13077 13080 13083 13086 13089 13092 
13095 13098 13101 13104 13107 13110 13113 13116 13119 
13122 13125 13128 13131 13134 13137 13140 13143 13146 
13149 13152 13155 13158 13161 13164 13167 13170 13173 
13176 13179 13182 13185 13188 13191 13194 13197 13200 
13203 13206 13209 13212 13215 13218 13221 13224 13227 
13230 13233 13236 13239 13242 13245 13248 13251 13254 
13257 13260 13263 13266 13269 13272 13275 13278 13281 
13284 13287 13290 13293 13296 13299 13302 13305 13308 
13311 13314 13317 13320 13323 13326 13329 13332 13335 
13338 13341 13344 13347 13350 13353 13356 13359 13362 
13365 13368 13371 13374 13377 13380 13383 13386 13389 
13392 13395 13398 13401 13404 13407 13410 13413 13416 
13419 13422 13425 13428 13431 13434 13437 13440 13443 
13446 13449 13452 13455 13458 13461 13464 13467 13470 
13473 13476 13479 13482 13485 13488 13491 13494 13497 
13500 13503 13506 13509 13512 13515 13518 13521 13524 
13527 13530 13533 13536 13539 13542 13545 13548 13551 
13554 13557 13560 13563 13566 13569 13572 13575 13578 
13581 13584 13587 13590 13593 13596 13599 13602 13605 
13608 13611 13614 13617 13620 13623 13626 13629 13632 
13635 13638 13641 13644 13647 13650 13653 13656 13659 
13662 13665 13668 13671 13674 13677 13680 13683 13686 
13689 13692 13695 13698 13701 13704 13707 13710 13713 
13716 13719 13722 13725 13728 13731 13734 13737 13740 
13743 13746 13749 13752 13755 13758 13761 13764 13767 
13770 13773 13776 13779 13782 13785 13788 13791 13794 
13797 13800 13803 13806 13809 13812 13815 13818 13821 
13824 13827 13830 13833 13836 13839 13842 13845 13848 
13851 13854 13857 13860 13863 13866 13869 13872 13875 
13878 13881 13884 13887 13890 13893 13896 13899 13902 
13905 13908 13911 13914 13917 13920 13923 13926 13929 
13932 13935 13938 13941 13944 13947 13950 13953 13956 
13959 13962 13965 13968 13971 13974 13977 13980 13983 
13986 13989 13992 13995 13998 14001 14004 14007 14010 
14013 14016 14019 14022 14025 14028 14031 14034 14037 
14040 14043 14046 14049 14052 14055 14058 14061 14064 
14067 14070 14073 14076 14079 14082 14085 14088 14091 
14094 14097 14100 14103 14106 14109 14112 14115 14118 
14121 14124 14127 14130 14133 14136 14139 14142 14145 
14148 14151 14154 14157 14160 14163 14166 14169 14172 
14175 14178 14181 14184 14187 14190 14193 14196 14199 
14202 14205 14208 14211 14214 14217 14220 14223 14226 
14229 14232 14235 14238 14241 14244 14247 14250 14253 
14256 14259 14262 14265 14268 14271 14274 14277 14280 
14283 14286 14289 14292 14295 14298 14301 14304 14307 
14310 14313 14316 14319 14322 14325 14328 14331 14334 
14337 14340 14343 14346 14349 14352 14355 14358 14361 
14364 14367 14370 14373 14376 14379 14382 14385 14388 
14391 14394 14397 14400 14403 14406 14409 14412 14415 
14418 14421 14424 14427 14430 14433 14436 14439 14442 
14445 14448 14451 14454 14457 14460 14463 14466 14469 
14472 14475 14478 14481 14484 14487 14490 14493 14496 
14499 14502 14505 14508 14511 14514 14517 14520 14523 
14526 14529 14532 14535 14538 14541 14544 14547 14550 
14553 14556 14559 14562 14565 14568 14571 14574 14577 
14580 14583 14586 14589 14592 14595 14598 14601 14604 
14607 14610 14613 14616 14619 14622 14625 14628 14631 
14634 14637 14640 14643 14646 14649 14652 14655 14658 
14661 14664 14667 14670 14673 14676 14679 14682 14685 
14688 14691 14694 14697 14700 14703 14706 14709 14712 
14715 14718 14721 14724 14727 14730 14733 14736 14739 
14742 14745 14748 14751 14754 14757 14760 14763 14766 
14769 14772 14775 14778 14781 14784 14787 14790 14793 
14796 14799 14802 14805 14808 14811 14814 14817 14820 
14823 14826 14829 14832 14835 14838 14841 14844 14847 
14850 14853 14856 14859 14862 14865 14868 14871 14874 
14877 14880 14883 14886 14889 14892 14895 14898 14901 
14904 14907 14910 14913 14916 14919 14922 14925 14928 
14931 14934 14937 14940 14943 14946 14949 14952 14955 
14958 14961 14964 14967 14970 14973 14976 14979 14982 
14985 14988 14991 14994 14997 15000 15003 15006 15009 
15012 15015 15018 15021 15024 15027 15030 15033 15036 
15039 15042 15045 15048 15051 15054 15057 15060 15063 
15066 15069 15072 15075 15078 15081 15084 15087 15090 
15093 15096 15099 15102 15105 15108 15111 15114 15117 
15120 15123 15126 15129 15132 15135 15138 15141 15144 
15147 15150 15153 15156 15159 15162 15165 15168 15171 
15174 15177 15180 15183 15186 15189 15192 15195 15198 
15201 15204 15207 15210 15213 15216 15219 15222 15225 
15228 15231 15234 15237 15240 15243 15246 15249 15252 
15255 15258 15261 15264 15267 15270 15273 15276 15279 
15282 15285 15288 15291 15294 15297 15300 15303 15306 
15309 15312 15315 15318 15321 15324 15327 15330 15333 
15336 15339 15342 15345 15348 15351 15354 15357 15360 
15363 15366 15369 15372 15375 15378 15381 15384 15387 
15390 15393 15396 15399 15402 15405 15408 15411 15414 
15417 15420 15423 15426 15429 15432 15435 15438 15441 
15444 15447 15450 15453 15456 15459 15462 15465 15468 
15471 15474 15477 15480 15483 15486 15489 15492 15495 
15498 15501 15504 15507 15510 15513 15516 15519 15522 
15525 15528 15531 15534 15537 15540 15543 15546 15549 
15552 15555 15558 15561 15564 15567 15570 15573 15576 
15579 15582 15585 15588 15591 15594 15597 15600 15603 
15606 15609 15612 15615 15618 15621 15624 15627 15630 
15633 15636 15639 15642 15645 15648 15651 15654 15657 
15660 15663 15666 15669 15672 15675 15678 15681 15684 
15687 15690 15693 15696 15699 15702 15705 15708 15711 
15714 15717 15720 15723 15726 15729 15732 15735 15738 
15741 15744 15747 15750 15753 15756 15759 15762 15765 
15768 15771 15774 15777 15780 15783 15786 15789 15792 
15795 15798 15801 15804 15807 15810 15813 15816 15819 
15822 15825 15828 15831 15834 15837 15840 15843 15846 
15849 15852 15855 15858 15861 15864 15867 15870 15873 
15876 15879 15882 15885 15888 15891 15894 15897 15900 
15903 15906 15909 15912 15915 15918 15921 15924 15927 
15930 15933 15936 15939 15942 15945 15948 15951 15954 
15957 15960 15963 15966 15969 15972 15975 15978 15981 
15984 15987 15990 15993 15996 15999 16002 16005 16008 
16011 16014 16017 16020 16023 16026 16029 16032 16035 
16038 16041 16044 16047 16050 16053 16056 16059 16062 
16065 16068 16071 16074 16077 16080 16083 16086 16089 
16092 16095 16098 16101 16104 16107 16110 16113 16116 
16119 16122 16125 16128 16131 16134 16137 16140 16143 
16146 16149 16152 16155 16158 16161 16164 16167 16170 
16173 16176 16179 16182 16185 16188 16191 16194 16197 
16200 16203 16206 16209 16212 16215 16218 16221 16224 
16227 16230 16233 16236 16239 16242 16245 16248 16251 
16254 16257 16260 16263 16266 16269 16272 16275 16278 
16281 16284 16287 16290 16293 16296 16299 16302 16305 
16308 16311 16314 16317 16320 16323 16326 16329 16332 
16335 16338 16341 16344 16347 16350 16353 16356 16359 
16362 16365 16368 16371 16374 16377 16380 16383 16386 
16389 16392 16395 16398 16401 16404 16407 16410 16413 
16416 16419 16422 16425 16428 16431 16434 16437 16440 
16443 16446 16449 16452 16455 16458 16461 16464 16467 
16470 16473 16476 16479 16482 16485 16488 16491 16494 
16497 16500 16503 16506 16509 16512 16515 16518 16521 
16524 16527 16530 16533 16536 16539 16542 16545 16548 
16551 16554 16557 16560 16563 16566 16569 16572 16575 
16578 16581 16584 16587 16590 16593 16596 16599 16602 
16605 16608 16611 16614 16617 16620 16623 16626 16629 
16632 16635 16638 16641 16644 16647 16650 16653 16656 
16659 16662 16665 16668 16671 16674 16677 16680 16683 
16686 16689 16692 16695 16698 16701 16704 16707 16710 
16713 16716 16719 16722 16725 16728 16731 16734 16737 
16740 16743 16746 16749 16752 16755 16758 16761 16764 
16767 16770 16773 16776 16779 16782 16785 16788 16791 
16794 16797 16800 16803 16806 16809 16812 16815 16818 
16821 16824 16827 16830 16833 16836 16839 16842 16845 
16848 16851 16854 16857 16860 16863 16866 16869 16872 
16875 16878 16881 16884 16887 16890 16893 16896 16899 
16902 16905 16908 16911 16914 16917 16920 16923 16926 
16929 16932 16935 16938 16941 16944 16947 16950 16953 
16956 16959 16962 16965 16968 16971 16974 16977 16980 
16983 16986 16989 16992 16995 16998 17001 17004 17007 
17010 17013 17016 17019 17022 17025 17028 17031 17034 
17037 17040 17043 17046 17049 17052 17055 17058 17061 
17064 17067 17070 17073 17076 17079 17082 17085 17088 
17091 17094 17097 17100 17103 17106 17109 17112 17115 
17118 17121 17124 17127 17130 17133 17136 17139 17142 
17145 17148 17151 17154 17157 17160 17163 17166 17169 
17172 17175 17178 17181 17184 17187 17190 17193 17196 
17199 17202 17205 17208 17211 17214 17217 17220 17223 
17226 17229 17232 17235 17238 17241 17244 17247 17250 
17253 17256 17259 17262 17265 17268 17271 17274 17277 
17280 17283 17286 17289 17292 17295 17298 17301 17304 
17307 17310 17313 17316 17319 17322 17325 17328 17331 
17334 17337 17340 17343 17346 17349 17352 17355 17358 
17361 17364 17367 17370 17373 17376 17379 17382 17385 
17388 17391 17394 17397 17400 17403 17406 17409 17412 
17415 17418 17421 17424 17427 17430 17433 17436 17439 
17442 17445 17448 17451 17454 17457 17460 17463 17466 
17469 17472 17475 17478 17481 17484 17487 17490 17493 
17496 17499 17502 17505 17508 17511 17514 17517 17520 
17523 17526 17529 17532 17535 17538 17541 17544 17547 
17550 17553 17556 17559 17562 17565 17568 17571 17574 
17577 17580 17583 17586 17589 17592 17595 17598 17601 
17604 17607 17610 17613 17616 17619 17622 17625 17628 
17631 17634 17637 17640 17643 17646 17649 17652 17655 
17658 17661 17664 17667 17670 17673 17676 17679 17682 
17685 17688 17691 17694 17697 17700 17703 17706 17709 
17712 17715 17718 17721 17724 17727 17730 17733 17736 
17739 17742 17745 17748 17751 17754 17757 17760 17763 
17766 17769 17772 17775 17778 17781 17784 17787 17790 
17793 17796 17799 17802 17805 17808 17811 17814 17817 
17820 17823 17826 17829 17832 17835 17838 17841 17844 
17847 17850 17853 17856 17859 17862 17865 17868 17871 
17874 17877 17880 17883 17886 17889 17892 17895 17898 
17901 17904 17907 17910 17913 17916 17919 17922 17925 
17928 17931 17934 17937 17940 17943 17946 17949 17952 
17955 17958 17961 17964 17967 17970 17973 17976 17979 
17982 17985 17988 17991 17994 17997 18000 18003 18006 
18009 18012 18015 18018 18021 18024 18027 18030 18033 
18036 18039 18042 18045 18048 18051 18054 18057 18060 
18063 18066 18069 18072 18075 18078 18081 18084 18087 
18090 18093 18096 18099 18102 18105 18108 18111 18114 
18117 18120 18123 18126 18129 18132 18135 18138 18141 
18144 18147 18150 18153 18156 18159 18162 18165 18168 
18171 18174 18177 18180 18183 18186 18189 18192 18195 
18198 18201 18204 18207 18210 18213 18216 18219 18222 
18225 18228 18231 18234 18237 18240 18243 18246 18249 
18252 18255 18258 18261 18264 18267 18270 18273 18276 
18279 18282 18285 18288 18291 18294 18297 18300 18303 
18306 18309 18312 18315 18318 18321 18324 18327 18330 
18333 18336 18339 18342 18345 18348 18351 18354 18357 
18360 18363 18366 18369 18372 18375 18378 18381 18384 
18387 18390 18393 18396 18399 18402 18405 18408 18411 
18414 18417 18420 18423 18426 18429 18432 18435 18438 
18441 18444 18447 18450 18453 18456 18459 18462 18465 
18468 18471 18474 18477 18480 18483 18486 18489 18492 
18495 18498 18501 18504 18507 18510 18513 18516 18519 
18522 18525 18528 18531 18534 18537 18540 18543 18546 
18549 18552 18555 18558 18561 18564 18567 18570 18573 
18576 18579 18582 18585 18588 18591 18594 18597 18600 
18603 18606 18609 18612 18615 18618 18621 18624 18627 
18630 18633 18636 18639 18642 18645 18648 18651 18654 
18657 18660 18663 18666 18669 18672 18675 18678 18681 
18684 18687 18690 18693 18696 18699 18702 18705 18708 
18711 18714 18717 18720 18723 18726 18729 18732 18735 
18738 18741 18744 18747 18750 18753 18756 18759 18762 
18765 18768 18771 18774 18777 18780 18783 18786 18789 
18792 18795 18798 18801 18804 18807 18810 18813 18816 
18819 18822 18825 18828 18831 18834 18837 18840 18843 
18846 18849 18852 18855 18858 18861 18864 18867 18870 
18873 18876 18879 18882 18885 18888 18891 18894 18897 
18900 18903 18906 18909 18912 18915 18918 18921 18924 
18927 18930 18933 18936 18939 18942 18945 18948 18951 
18954 18957 18960 18963 18966 18969 18972 18975 18978 
18981 18984 18987 18990 18993 18996 18999 19002 19005 
19008 19011 19014 19017 19020 19023 19026 19029 19032 
19035 19038 19041 19044 19047 19050 19053 19056 19059 
19062 19065 19068 19071 19074 19077 19080 19083 19086 
19089 19092 19095 19098 19101 19104 19107 19110 19113 
19116 19119 19122 19125 19128 19131 19134 19137 19140 
19143 19146 19149 19152 19155 19158 19161 19164 19167 
19170 19173 19176 19179 19182 19185 19188 19191 19194 
19197 19200 19203 19206 19209 19212 19215 19218 19221 
19224 19227 19230 19233 19236 19239 19242 19245 19248 
19251 19254 19257 19260 19263 19266 19269 19272 19275 
19278 19281 19284 19287 19290 19293 19296 19299 19302 
19305 19308 19311 19314 19317 19320 19323 19326 19329 
19332 19335 19338 19341 19344 19347 19350 19353 19356 
19359 19362 19365 19368 19371 19374 19377 19380 19383 
19386 19389 19392 19395 19398 19401 19404 19407 19410 
19413 19416 19419 19422 19425 19428 19431 19434 19437 
19440 19443 19446 19449 19452 19455 19458 19461 19464 
19467 19470 19473 19476 19479 19482 19485 19488 19491 
19494 19497 19500 19503 19506 19509 19512 19515 19518 
19521 19524 19527 19530 19533 19536 19539 19542 19545 
19548 19551 19554 19557 19560 19563 19566 19569 19572 
19575 19578 19581 19584 19587 19590 19593 19596 19599 
19602 19605 19608 19611 19614 19617 19620 19623 19626 
19629 19632 19635 19638 19641 19644 19647 19650 19653 
19656 19659 19662 19665 19668 19671 19674 19677 19680 
19683 19686 19689 19692 19695 19698 19701 19704 19707 
19710 19713 19716 19719 19722 19725 19728 19731 19734 
19737 19740 19743 19746 19749 19752 19755 19758 19761 
19764 19767 19770 19773 19776 19779 19782 19785 19788 
19791 19794 19797 19800 19803 19806 19809 19812 19815 
19818 19821 19824 19827 19830 19833 19836 19839 19842 
19845 19848 19851 19854 19857 19860 19863 19866 19869 
19872 19875 19878 19881 19884 19887 19890 19893 19896 
19899 19902 19905 19908 19911 19914 19917 19920 19923 
19926 19929 19932 19935 19938 19941 19944 19947 19950 
19953 19956 19959 19962 19965 19968 19971 19974 19977 
19980 19983 19986 19989 19992 19995 19998 20001 20004 
20007 20010 20013 20016 20019 20022 20025 20028 20031 
20034 20037 20040 20043 20046 20049 20052 20055 20058 
20061 20064 20067 20070 20073 20076 20079 20082 20085 
20088 20091 20094 20097 20100 20103 20106 20109 20112 
20115 20118 20121 20124 20127 20130 20133 20136 20139 
20142 20145 20148 20151 20154 20157 20160 20163 20166 
20169 20172 20175 20178 20181 20184 20187 20190 20193 
20196 20199 20202 20205 20208 20211 20214 20217 20220 
20223 20226 20229 20232 20235 20238 20241 20244 20247 
20250 20253 20256 20259 20262 20265 20268 20271 20274 
20277 20280 20283 20286 20289 20292 20295 20298 20301 
20304 20307 20310 20313 20316 20319 20322 20325 20328 
20331 20334 20337 20340 20343 20346 20349 20352 20355 
20358 20361 20364 20367 20370 20373 20376 20379 20382 
20385 20388 20391 20394 20397 20400 20403 20406 20409 
20412 20415 20418 20421 20424 20427 20430 20433 20436 
20439 20442 20445 20448 20451 20454 20457 20460 20463 
20466 20469 20472 20475 20478 20481 20484 20487 20490 
20493 20496 20499 20502 20505 20508 20511 20514 20517 
20520 20523 20526 20529 20532 20535 20538 20541 20544 
20547 20550 20553 20556 20559 20562 20565 20568 20571 
20574 20577 20580 20583 20586 20589 20592 20595 20598 
20601 20604 20607 20610 20613 20616 20619 20622 20625 
20628 20631 20634 20637 20640 20643 20646 20649 20652 
20655 20658 20661 20664 20667 20670 20673 20676 20679 
20682 20685 20688 20691 20694 20697 20700 20703 20706 
20709 20712 20715 20718 20721 20724 20727 20730 20733 
20736 20739 20742 20745 20748 20751 20754 20757 20760 
20763 20766 20769 20772 20775 20778 20781 20784 20787 
20790 20793 20796 20799 20802 20805 20808 20811 20814 
20817 20820 20823 20826 20829 20832 20835 20838 20841 
20844 20847 20850 20853 20856 20859 20862 20865 20868 
20871 20874 20877 20880 20883 20886 20889 20892 20895 
20898 20901 20904 20907 20910 20913 20916 20919 20922 
20925 20928 20931 20934 20937 20940 20943 20946 20949 
20952 20955 20958 20961 20964 20967 20970 20973 20976 
20979 20982 20985 20988 20991 20994 20997 21000 21003 
21006 21009 21012 21015 21018 21021 21024 21027 21030 
21033 21036 21039 21042 21045 21048 21051 21054 21057 
21060 21063 21066 21069 21072 21075 21078 21081 21084 
21087 21090 21093 21096 21099 21102 21105 21108 21111 
21114 21117 21120 21123 21126 21129 21132 21135 21138 
21141 21144 21147 21150 21153 21156 21159 21162 21165 
21168 21171 21174 21177 21180 21183 21186 21189 21192 
21195 21198 21201 21204 21207 21210 21213 21216 21219 
21222 21225 21228 21231 21234 21237 21240 21243 21246 
21249 21252 21255 21258 21261 21264 21267 21270 21273 
21276 21279 21282 21285 21288 21291 21294 21297 21300 
21303 21306 21309 21312 21315 21318 21321 21324 21327 
21330 21333 21336 21339 21342 21345 21348 21351 21354 
21357 21360 21363 21366 21369 21372 21375 21378 21381 
21384 21387 21390 21393 21396 21399 21402 21405 21408 
21411 21414 21417 21420 21423 21426 21429 21432 21435 
21438 21441 21444 21447 21450 21453 21456 21459 21462 
21465 21468 21471 21474 21477 21480 21483 21486 21489 
21492 21495 21498 21501 21504 21507 21510 21513 21516 
21519 21522 21525 21528 21531 21534 21537 21540 21543 
21546 21549 21552 21555 21558 21561 21564 21567 21570 
21573 21576 21579 21582 21585 21588 21591 21594 21597 
21600 21603 21606 21609 21612 21615 21618 21621 21624 
21627 21630 21633 21636 21639 21642 21645 21648 21651 
21654 21657 21660 21663 21666 21669 21672 21675 21678 
21681 21684 21687 21690 21693 21696 21699 21702 21705 
21708 21711 21714 21717 21720 21723 21726 21729 21732 
21735 21738 21741 21744 21747 21750 21753 21756 21759 
21762 21765 21768 21771 21774 21777 21780 21783 21786 
21789 21792 21795 21798 21801 21804 21807 21810 21813 
21816 21819 21822 21825 21828 21831 21834 21837 21840 
21843 21846 21849 21852 21855 21858 21861 21864 21867 
21870 21873 21876 21879 21882 21885 21888 21891 21894 
21897 21900 21903 21906 21909 21912 21915 21918 21921 
21924 21927 21930 21933 21936 21939 21942 21945 21948 
21951 21954 21957 21960 21963 21966 21969 21972 21975 
21978 21981 21984 21987 21990 21993 21996 21999 22002 
22005 22008 22011 22014 22017 22020 22023 22026 22029 
22032 22035 22038 22041 22044 22047 22050 22053 22056 
22059 22062 22065 22068 22071 22074 22077 22080 22083 
22086 22089 22092 22095 22098 22101 22104 22107 22110 
22113 22116 22119 22122 22125 22128 22131 22134 22137 
22140 22143 22146 22149 22152 22155 22158 22161 22164 
22167 22170 22173 22176 22179 22182 22185 22188 22191 
22194 22197 22200 22203 22206 22209 22212 22215 22218 
22221 22224 22227 22230 22233 22236 22239 22242 22245 
22248 22251 22254 22257 22260 22263 22266 22269 22272 
22275 22278 22281 22284 22287 22290 22293 22296 22299 
22302 22305 22308 22311 22314 22317 22320 22323 22326 
22329 22332 22335 22338 22341 22344 22347 22350 22353 
22356 22359 22362 22365 22368 22371 22374 22377 22380 
22383 22386 22389 22392 22395 22398 22401 22404 22407 
22410 22413 22416 22419 22422 22425 22428 22431 22434 
22437 22440 22443 22446 22449 22452 22455 22458 22461 
22464 22467 22470 22473 22476 22479 22482 22485 22488 
22491 22494 22497 22500 22503 22506 22509 22512 22515 
22518 22521 22524 22527 22530 22533 22536 22539 22542 
22545 22548 22551 22554 22557 22560 22563 22566 22569 
22572 22575 22578 22581 22584 22587 22590 22593 22596 
22599 22602 22605 22608 22611 22614 22617 22620 22623 
22626 22629 22632 22635 22638 22641 22644 22647 22650 
22653 22656 22659 22662 22665 22668 22671 22674 22677 
22680 22683 22686 22689 22692 22695 22698 22701 22704 
22707 22710 22713 22716 22719 22722 22725 22728 22731 
22734 22737 22740 22743 22746 22749 22752 22755 22758 
22761 22764 22767 22770 22773 22776 22779 22782 22785 
22788 22791 22794 22797 22800 22803 22806 22809 22812 
22815 22818 22821 22824 22827 22830 22833 22836 22839 
22842 22845 22848 22851 22854 22857 22860 22863 22866 
22869 22872 22875 22878 22881 22884 22887 22890 22893 
22896 22899 22902 22905 22908 22911 22914 22917 22920 
22923 22926 22929 22932 22935 22938 22941 22944 22947 
22950 22953 22956 22959 22962 22965 22968 22971 22974 
22977 22980 22983 22986 22989 22992 22995 22998 23001 
23004 23007 23010 23013 23016 23019 23022 23025 23028 
23031 23034 23037 23040 23043 23046 23049 23052 23055 
23058 23061 23064 23067 23070 23073 23076 23079 23082 
23085 23088 23091 23094 23097 23100 23103 23106 23109 
23112 23115 23118 23121 23124 23127 23130 23133 23136 
23139 23142 23145 23148 23151 23154 23157 23160 23163 
23166 23169 23172 23175 23178 23181 23184 23187 23190 
23193 23196 23199 23202 23205 23208 23211 23214 23217 
23220 23223 23226 23229 23232 23235 23238 23241 23244 
23247 23250 23253 23256 23259 23262 23265 23268 23271 
23274 23277 23280 23283 23286 23289 23292 23295 23298 
23301 23304 23307 23310 23313 23316 23319 23322 23325 
23328 23331 23334 23337 23340 23343 23346 23349 23352 
23355 23358 23361 23364 23367 23370 23373 23376 23379 
23382 23385 23388 23391 23394 23397 23400 23403 23406 
23409 23412 23415 23418 23421 23424 23427 23430 23433 
23436 23439 23442 23445 23448 23451 23454 23457 23460 
23463 23466 23469 23472 23475 23478 23481 23484 23487 
23490 23493 23496 23499 23502 23505 23508 23511 23514 
23517 23520 23523 23526 23529 23532 23535 23538 23541 
23544 23547 23550 23553 23556 23559 23562 23565 23568 
23571 23574 23577 23580 23583 23586 23589 23592 23595 
23598 23601 23604 23607 23610 23613 23616 23619 23622 
23625 23628 23631 23634 23637 23640 23643 23646 23649 
23652 23655 23658 23661 23664 23667 23670 23673 23676 
23679 23682 23685 23688 23691 23694 23697 23700 23703 
23706 23709 23712 23715 23718 23721 23724 23727 23730 
23733 23736 23739 23742 23745 23748 23751 23754 23757 
23760 23763 23766 23769 23772 23775 23778 23781 23784 
23787 23790 23793 23796 23799 23802 23805 23808 23811 
23814 23817 23820 23823 23826 23829 23832 23835 23838 
23841 23844 23847 23850 23853 23856 23859 23862 23865 
23868 23871 23874 23877 23880 23883 23886 23889 23892 
23895 23898 23901 23904 23907 23910 23913 23916 23919 
23922 23925 23928 23931 23934 23937 23940 23943 23946 
23949 23952 23955 23958 23961 23964 23967 23970 23973 
23976 23979 23982 23985 23988 23991 23994 23997 24000 
24003 24006 24009 24012 24015 24018 24021 24024 24027 
24030 24033 24036 24039 24042 24045 24048 24051 24054 
24057 24060 24063 24066 24069 24072 24075 24078 24081 
24084 24087 24090 24093 24096 24099 24102 24105 24108 
24111 24114 24117 24120 24123 24126 24129 24132 24135 
24138 24141 24144 24147 24150 24153 24156 24159 24162 
24165 24168 24171 24174 24177 24180 24183 24186 24189 
24192 24195 24198 24201 24204 24207 24210 24213 24216 
24219 24222 24225 24228 24231 24234 24237 24240 24243 
24246 24249 24252 24255 24258 24261 24264 24267 24270 
24273 24276 24279 24282 24285 24288 24291 24294 24297 
24300 24303 24306 24309 24312 24315 24318 24321 24324 
24327 24330 24333 24336 24339 24342 24345 24348 24351 
24354 24357 24360 24363 24366 24369 24372 24375 24378 
24381 24384 24387 24390 24393 24396 24399 24402 24405 
24408 24411 24414 24417 24420 24423 24426 24429 24432 
24435 24438 24441 24444 24447 24450 24453 24456 24459 
24462 24465 24468 24471 24474 24477 24480 24483 24486 
24489 24492 24495 24498 24501 24504 24507 24510 24513 
24516 24519 24522 24525 24528 24531 24534 24537 24540 
24543 24546 24549 24552 24555 24558 24561 24564 24567 
24570 24573 24576 24579 24582 24585 24588 24591 24594 
24597 24600 24603 24606 24609 24612 24615 24618 24621 
24624 24627 24630 24633 24636 24639 24642 24645 24648 
24651 24654 24657 24660 24663 24666 24669 24672 24675 
24678 24681 24684 24687 24690 24693 24696 24699 24702 
24705 24708 24711 24714 24717 24720 24723 24726 24729 
24732 24735 24738 24741 24744 24747 24750 24753 24756 
24759 24762 24765 24768 24771 24774 24777 24780 24783 
24786 24789 24792 24795 24798 24801 24804 24807 24810 
24813 24816 24819 24822 24825 24828 24831 24834 24837 
24840 24843 24846 24849 24852 24855 24858 24861 24864 
24867 24870 24873 24876 24879 24882 24885 24888 24891 
24894 24897 24900 24903 24906 24909 24912 24915 24918 
24921 24924 24927 24930 24933 24936 24939 24942 24945 
24948 24951 24954 24957 24960 24963 24966 24969 24972 
24975 24978 24981 24984 24987 24990 24993 24996 24999 
25002 25005 25008 25011 25014 25017 25020 25023 25026 
25029 25032 25035 25038 25041 25044 25047 25050 25053 
25056 25059 25062 25065 25068 25071 25074 25077 25080 
25083 25086 25089 25092 25095 25098 25101 25104 25107 
25110 25113 25116 25119 25122 25125 25128 25131 25134 
25137 25140 25143 25146 25149 25152 25155 25158 25161 
25164 25167 25170 25173 25176 25179 25182 25185 25188 
25191 25194 25197 25200 25203 25206 25209 25212 25215 
25218 25221 25224 25227 25230 25233 25236 25239 25242 
25245 25248 25251 25254 25257 25260 25263 25266 25269 
25272 25275 25278 25281 25284 25287 25290 25293 25296 
25299 25302 25305 25308 25311 25314 25317 25320 25323 
25326 25329 25332 25335 25338 25341 25344 25347 25350 
25353 25356 25359 25362 25365 25368 25371 25374 25377 
25380 25383 25386 25389 25392 25395 25398 25401 25404 
25407 25410 25413 25416 25419 25422 25425 25428 25431 
25434 25437 25440 25443 25446 25449 25452 25455 25458 
25461 25464 25467 25470 25473 25476 25479 25482 25485 
25488 25491 25494 25497 25500 25503 25506 25509 25512 
25515 25518 25521 25524 25527 25530 25533 25536 25539 
25542 25545 25548 25551 25554 25557 25560 25563 25566 
25569 25572 25575 25578 25581 25584 25587 25590 25593 
25596 25599 25602 25605 25608 25611 25614 25617 25620 
25623 25626 25629 25632 25635 25638 25641 25644 25647 
25650 25653 25656 25659 25662 25665 25668 25671 25674 
25677 25680 25683 25686 25689 25692 25695 25698 25701 
25704 25707 25710 25713 25716 25719 25722 25725 25728 
25731 25734 25737 25740 25743 25746 25749 25752 25755 
25758 25761 25764 25767 25770 25773 25776 25779 25782 
25785 25788 25791 25794 25797 25800 25803 25806 25809 
25812 25815 25818 25821 25824 25827 25830 25833 25836 
25839 25842 25845 25848 25851 25854 25857 25860 25863 
25866 25869 25872 25875 25878 25881 25884 25887 25890 
25893 25896 25899 25902 25905 25908 25911 25914 25917 
25920 25923 25926 25929 25932 25935 25938 25941 25944 
25947 25950 25953 25956 25959 25962 25965 25968 25971 
25974 25977 25980 25983 25986 25989 25992 25995 25998 
26001 26004 26007 26010 26013 26016 26019 26022 26025 
26028 26031 26034 26037 26040 26043 26046 26049 26052 
26055 26058 26061 26064 26067 26070 26073 26076 26079 
26082 26085 26088 26091 26094 26097 26100 26103 26106 
26109 26112 26115 26118 26121 26124 26127 26130 26133 
26136 26139 26142 26145 26148 26151 26154 26157 26160 
26163 26166 26169 26172 26175 26178 26181 26184 26187 
26190 26193 26196 26199 26202 26205 26208 26211 26214 
26217 26220 26223 26226 26229 26232 26235 26238 26241 
26244 26247 26250 26253 26256 26259 26262 26265 26268 
26271 26274 26277 26280 26283 26286 26289 26292 26295 
26298 26301 26304 26307 26310 26313 26316 26319 26322 
26325 26328 26331 26334 26337 26340 26343 26346 26349 
26352 26355 26358 26361 26364 26367 26370 26373 26376 
26379 26382 26385 26388 26391 26394 26397 26400 26403 
26406 26409 26412 26415 26418 26421 26424 26427 26430 
26433 26436 26439 26442 26445 26448 26451 26454 26457 
26460 26463 26466 26469 26472 26475 26478 26481 26484 
26487 26490 26493 26496 26499 26502 26505 26508 26511 
26514 26517 26520 26523 26526 26529 26532 26535 26538 
26541 26544 26547 26550 26553 26556 26559 26562 26565 
26568 26571 26574 26577 26580 26583 26586 26589 26592 
26595 26598 26601 26604 26607 26610 26613 26616 26619 
26622 26625 26628 26631 26634 26637 26640 26643 26646 
26649 26652 26655 26658 26661 26664 26667 26670 26673 
26676 26679 26682 26685 26688 26691 26694 26697 26700 
26703 26706 26709 26712 26715 26718 26721 26724 26727 
26730 26733 26736 26739 26742 26745 26748 26751 26754 
26757 26760 26763 26766 26769 26772 26775 26778 26781 
26784 26787 26790 26793 26796 26799 26802 26805 26808 
26811 26814 26817 26820 26823 26826 26829 26832 26835 
26838 26841 26844 26847 26850 26853 26856 26859 26862 
26865 26868 26871 26874 26877 26880 26883 26886 26889 
26892 26895 26898 26901 26904 26907 26910 26913 26916 
26919 26922 26925 26928 26931 26934 26937 26940 26943 
26946 26949 26952 26955 26958 26961 26964 26967 26970 
26973 26976 26979 26982 26985 26988 26991 26994 26997 
27000 27003 27006 27009 27012 27015 27018 27021 27024 
27027 27030 27033 27036 27039 27042 27045 27048 27051 
27054 27057 27060 27063 27066 27069 27072 27075 27078 
27081 27084 27087 27090 27093 27096 27099 27102 27105 
27108 27111 27114 27117 27120 27123 27126 27129 27132 
27135 27138 27141 27144 27147 27150 27153 27156 27159 
27162 27165 27168 27171 27174 27177 27180 27183 27186 
27189 27192 27195 27198 27201 27204 27207 27210 27213 
27216 27219 27222 27225 27228 27231 27234 27237 27240 
27243 27246 27249 27252 27255 27258 27261 27264 27267 
27270 27273 27276 27279 27282 27285 27288 27291 27294 
27297 27300 27303 27306 27309 27312 27315 27318 27321 
27324 27327 27330 27333 27336 27339 27342 27345 27348 
27351 27354 27357 27360 27363 27366 27369 27372 27375 
27378 27381 27384 27387 27390 27393 27396 27399 27402 
27405 27408 27411 27414 27417 27420 27423 27426 27429 
27432 27435 27438 27441 27444 27447 27450 27453 27456 
27459 27462 27465 27468 27471 27474 27477 27480 27483 
27486 27489 27492 27495 27498 27501 27504 27507 27510 
27513 27516 27519 27522 27525 27528 27531 27534 27537 
27540 27543 27546 27549 27552 27555 27558 27561 27564 
27567 27570 27573 27576 27579 27582 27585 27588 27591 
27594 27597 27600 27603 27606 27609 27612 27615 27618 
27621 27624 27627 27630 27633 27636 27639 27642 27645 
27648 27651 27654 27657 27660 27663 27666 27669 27672 
27675 27678 27681 27684 27687 27690 27693 27696 27699 
27702 27705 27708 27711 27714 27717 27720 27723 27726 
27729 27732 27735 27738 27741 27744 27747 27750 27753 
27756 27759 27762 27765 27768 27771 27774 27777 27780 
27783 27786 27789 27792 27795 27798 27801 27804 27807 
27810 27813 27816 27819 27822 27825 27828 27831 27834 
27837 27840 27843 27846 27849 27852 27855 27858 27861 
27864 27867 27870 27873 27876 27879 27882 27885 27888 
27891 27894 27897 27900 27903 27906 27909 27912 27915 
27918 27921 27924 27927 27930 27933 27936 27939 27942 
27945 27948 27951 27954 27957 27960 27963 27966 27969 
27972 27975 27978 27981 27984 27987 27990 27993 27996 
27999 28002 28005 28008 28011 28014 28017 28020 28023 
28026 28029 28032 28035 28038 28041 28044 28047 28050 
28053 28056 28059 28062 28065 28068 28071 28074 28077 
28080 28083 28086 28089 28092 28095 28098 28101 28104 
28107 28110 28113 28116 28119 28122 28125 28128 28131 
28134 28137 28140 28143 28146 28149 28152 28155 28158 
28161 28164 28167 28170 28173 28176 28179 28182 28185 
28188 28191 28194 28197 28200 28203 28206 28209 28212 
28215 28218 28221 28224 28227 28230 28233 28236 28239 
28242 28245 28248 28251 28254 28257 28260 28263 28266 
28269 28272 28275 28278 28281 28284 28287 28290 28293 
28296 28299 28302 28305 28308 28311 28314 28317 28320 
28323 28326 28329 28332 28335 28338 28341 28344 28347 
28350 28353 28356 28359 28362 28365 28368 28371 28374 
28377 28380 28383 28386 28389 28392 28395 28398 28401 
28404 28407 28410 28413 28416 28419 28422 28425 28428 
28431 28434 28437 28440 28443 28446 28449 28452 28455 
28458 28461 28464 28467 28470 28473 28476 28479 28482 
28485 28488 28491 28494 28497 28500 28503 28506 28509 
28512 28515 28518 28521 28524 28527 28530 28533 28536 
28539 28542 28545 28548 28551 28554 28557 28560 28563 
28566 28569 28572 28575 28578 28581 28584 28587 28590 
28593 28596 28599 28602 28605 28608 28611 28614 28617 
28620 28623 28626 28629 28632 28635 28638 28641 28644 
28647 28650 28653 28656 28659 28662 28665 28668 28671 
28674 28677 28680 28683 28686 28689 28692 28695 28698 
28701 28704 28707 28710 28713 28716 28719 28722 28725 
28728 28731 28734 28737 28740 28743 28746 28749 28752 
28755 28758 28761 28764 28767 28770 28773 28776 28779 
28782 28785 28788 28791 28794 28797 28800 28803 28806 
28809 28812 28815 28818 28821 28824 28827 28830 28833 
28836 28839 28842 28845 28848 28851 28854 28857 28860 
28863 28866 28869 28872 28875 28878 28881 28884 28887 
28890 28893 28896 28899 28902 28905 28908 28911 28914 
28917 28920 28923 28926 28929 28932 28935 28938 28941 
28944 28947 28950 28953 28956 28959 28962 28965 28968 
28971 28974 28977 28980 28983 28986 28989 28992 28995 
28998 29001 29004 29007 29010 29013 29016 29019 29022 
29025 29028 29031 29034 29037 29040 29043 29046 29049 
29052 29055 29058 29061 29064 29067 29070 29073 29076 
29079 29082 29085 29088 29091 29094 29097 29100 29103 
29106 29109 29112 29115 29118 29121 29124 29127 29130 
29133 29136 29139 29142 29145 29148 29151 29154 29157 
29160 29163 29166 29169 29172 29175 29178 29181 29184 
29187 29190 29193 29196 29199 29202 29205 29208 29211 
29214 29217 29220 29223 29226 29229 29232 29235 29238 
29241 29244 29247 29250 29253 29256 29259 29262 29265 
29268 29271 29274 29277 29280 29283 29286 29289 29292 
29295 29298 29301 29304 29307 29310 29313 29316 29319 
29322 29325 29328 29331 29334 29337 29340 29343 29346 
29349 29352 29355 29358 29361 29364 29367 29370 29373 
29376 29379 29382 29385 29388 29391 29394 29397 29400 
29403 29406 29409 29412 29415 29418 29421 29424 29427 
29430 29433 29436 29439 29442 29445 29448 29451 29454 
29457 29460 29463 29466 29469 29472 29475 29478 29481 
29484 29487 29490 29493 29496 29499 29502 29505 29508 
29511 29514 29517 29520 29523 29526 29529 29532 29535 
29538 29541 29544 29547 29550 29553 29556 29559 29562 
29565 29568 29571 29574 29577 29580 29583 29586 29589 
29592 29595 29598 29601 29604 29607 29610 29613 29616 
29619 29622 29625 29628 29631 29634 29637 29640 29643 
29646 29649 29652 29655 29658 29661 29664 29667 29670 
29673 29676 29679 29682 29685 29688 29691 29694 29697 
29700 29703 29706 29709 29712 29715 29718 29721 29724 
29727 29730 29733 29736 29739 29742 29745 29748 29751 
29754 29757 29760 29763 29766 29769 29772 29775 29778 
29781 29784 29787 29790 29793 29796 29799 29802 29805 
29808 29811 29814 29817 29820 29823 29826 29829 29832 
29835 29838 29841 29844 29847 29850 29853 29856 29859 
29862 29865 29868 29871 29874 29877 29880 29883 29886 
29889 29892 29895 29898 29901 29904 29907 29910 29913 
29916 29919 29922 29925 29928 29931 29934 29937 29940 
29943 29946 29949 29952 29955 29958 29961 29964 29967 
29970 29973 29976 29979 29982 29985 29988 29991 29994 
29997 30000 30003 30006 30009 30012 30015 30018 30021 
30024 30027 30030 30033 30036 30039 30042 30045 30048 
30051 30054 30057 30060 30063 30066 30069 30072 30075 
30078 30081 30084 30087 30090 30093 30096 30099 30102 
30105 30108 30111 30114 30117 30120 30123 30126 30129 
30132 30135 30138 30141 30144 30147 30150 30153 30156 
30159 30162 30165 30168 30171 30174 30177 30180 30183 
30186 30189 30192 30195 30198 30201 30204 30207 30210 
30213 30216 30219 30222 30225 30228 30231 30234 30237 
30240 30243 30246 30249 30252 30255 30258 30261 30264 
30267 30270 30273 30276 30279 30282 30285 30288 30291 
30294 30297 30300 30303 30306 30309 30312 30315 30318 
30321 30324 30327 30330 30333 30336 30339 30342 30345 
30348 30351 30354 30357 30360 30363 30366 30369 30372 
30375 30378 30381 30384 30387 30390 30393 30396 30399 
30402 30405 30408 30411 30414 30417 30420 30423 30426 
30429 30432 30435 30438 30441 30444 30447 30450 30453 
30456 30459 30462 30465 30468 30471 30474 30477 30480 
30483 30486 30489 30492 30495 30498 30501 30504 30507 
30510 30513 30516 30519 30522 30525 30528 30531 30534 
30537 30540 30543 30546 30549 30552 30555 30558 30561 
30564 30567 30570 30573 30576 30579 30582 30585 30588 
30591 30594 30597 30600 30603 30606 30609 30612 30615 
30618 30621 30624 30627 30630 30633 30636 30639 30642 
30645 30648 30651 30654 30657 30660 30663 30666 30669 
30672 30675 30678 30681 30684 30687 30690 30693 30696 
30699 30702 30705 30708 30711 30714 30717 30720 30723 
30726 30729 30732 30735 30738 30741 30744 30747 30750 
30753 30756 30759 30762 30765 30768 30771 30774 30777 
30780 30783 30786 30789 30792 30795 30798 30801 30804 
30807 30810 30813 30816 30819 30822 30825 30828 30831 
30834 30837 30840 30843 30846 30849 30852 30855 30858 
30861 30864 30867 30870 30873 30876 30879 30882 30885 
30888 30891 30894 30897 30900 30903 30906 30909 30912 
30915 30918 30921 30924 30927 30930 30933 30936 30939 
30942 30945 30948 30951 30954 30957 30960 30963 30966 
30969 30972 30975 30978 30981 30984 30987 30990 30993 
30996 30999 31002 31005 31008 31011 31014 31017 31020 
31023 31026 31029 31032 31035 31038 31041 31044 31047 
31050 31053 31056 31059 31062 31065 31068 31071 31074 
31077 31080 31083 31086 31089 31092 31095 31098 31101 
31104 31107 31110 31113 31116 31119 31122 31125 31128 
31131 31134 31137 31140 31143 31146 31149 31152 31155 
31158 31161 31164 31167 31170 31173 31176 31179 31182 
31185 31188 31191 31194 31197 31200 31203 31206 31209 
31212 31215 31218 31221 31224 31227 31230 31233 31236 
31239 31242 31245 31248 31251 31254 31257 31260 31263 
31266 31269 31272 31275 31278 31281 31284 31287 31290 
31293 31296 31299 31302 31305 31308 31311 31314 31317 
31320 31323 31326 31329 31332 31335 31338 31341 31344 
31347 31350 31353 31356 31359 31362 31365 31368 31371 
31374 31377 31380 31383 31386 31389 31392 31395 31398 
31401 31404 31407 31410 31413 31416 31419 31422 31425 
31428 31431 31434 31437 31440 31443 31446 31449 31452 
31455 31458 31461 31464 31467 31470 31473 31476 31479 
31482 31485 31488 31491 31494 31497 31500 31503 31506 
31509 31512 31515 31518 31521 31524 31527 31530 31533 
31536 31539 31542 31545 31548 31551 31554 31557 31560 
31563 31566 31569 31572 31575 31578 31581 31584 31587 
31590 31593 31596 31599 31602 31605 31608 31611 31614 
31617 31620 31623 31626 31629 31632 31635 31638 31641 
31644 31647 31650 31653 31656 31659 31662 31665 31668 
31671 31674 31677 31680 31683 31686 31689 31692 31695 
31698 31701 31704 31707 31710 31713 31716 31719 31722 
31725 31728 31731 31734 31737 31740 31743 31746 31749 
31752 31755 31758 31761 31764 31767 31770 31773 31776 
31779 31782 31785 31788 31791 31794 31797 31800 31803 
31806 31809 31812 31815 31818 31821 31824 31827 31830 
31833 31836 31839 31842 31845 31848 31851 31854 31857 
31860 31863 31866 31869 31872 31875 31878 31881 31884 
31887 31890 31893 31896 31899 31902 31905 31908 31911 
31914 31917 31920 31923 31926 31929 31932 31935 31938 
31941 31944 31947 31950 31953 31956 31959 31962 31965 
31968 31971 31974 31977 31980 31983 31986 31989 31992 
31995 31998 32001 32004 32007 32010 32013 32016 32019 
32022 32025 32028 32031 32034 32037 32040 32043 32046 
32049 32052 32055 32058 32061 32064 32067 32070 32073 
32076 32079 32082 32085 32088 32091 32094 32097 32100 
32103 32106 32109 32112 32115 32118 32121 32124 32127 
32130 32133 32136 32139 32142 32145 32148 32151 32154 
32157 32160 32163 32166 32169 32172 32175 32178 32181 
32184 32187 32190 32193 32196 32199 32202 32205 32208 
32211 32214 32217 32220 32223 32226 32229 32232 32235 
32238 32241 32244 32247 32250 32253 32256 32259 32262 
32265 32268 32271 32274 32277 32280 32283 32286 32289 
32292 32295 32298 32301 32304 32307 32310 32313 32316 
32319 32322 32325 32328 32331 32334 32337 32340 32343 
32346 32349 32352 32355 32358 32361 32364 32367 32370 
32373 32376 32379 32382 32385 32388 32391 32394 32397 
32400 32403 32406 32409 32412 32415 32418 32421 32424 
32427 32430 32433 32436 32439 32442 32445 32448 32451 
32454 32457 32460 32463 32466 32469 32472 32475 32478 
32481 32484 32487 32490 32493 32496 32499 32502 32505 
32508 32511 32514 32517 32520 32523 32526 32529 32532 
32535 32538 32541 32544 32547 32550 32553 32556 32559 
32562 32565 32568 32571 32574 32577 32580 32583 32586 
32589 32592 32595 32598 32601 32604 32607 32610 32613 
32616 32619 32622 32625 32628 32631 32634 32637 32640 
32643 32646 32649 32652 32655 32658 32661 32664 32667 
32670 32673 32676 32679 32682 32685 32688 32691 32694 
32697 32700 32703 32706 32709 32712 32715 32718 32721 
32724 32727 32730 32733 32736 32739 32742 32745 32748 
32751 32754 32757 32760 32763 32766 32769 32772 32775 
32778 32781 32784 32787 32790 32793 32796 32799 32802 
32805 32808 32811 32814 32817 32820 32823 32826 32829 
32832 32835 32838 32841 32844 32847 32850 32853 32856 
32859 32862 32865 32868 32871 32874 32877 32880 32883 
32886 32889 32892 32895 32898 32901 32904 32907 32910 
32913 32916 32919 32922 32925 32928 32931 32934 32937 
32940 32943 32946 32949 32952 32955 32958 32961 32964 
32967 32970 32973 32976 32979 32982 32985 32988 32991 
32994 32997 33000 33003 33006 33009 33012 33015 33018 
33021 33024 33027 33030 33033 33036 33039 33042 33045 
33048 33051 33054 33057 33060 33063 33066 33069 33072 
33075 33078 33081 33084 33087 33090 33093 33096 33099 
33102 33105 33108 33111 33114 33117 33120 33123 33126 
33129 33132 33135 33138 33141 33144 33147 33150 33153 
33156 33159 33162 33165 33168 33171 33174 33177 33180 
33183 33186 33189 33192 33195 33198 33201 33204 33207 
33210 33213 33216 33219 33222 33225 33228 33231 33234 
33237 33240 33243 33246 33249 33252 33255 33258 33261 
33264 33267 33270 33273 33276 33279 33282 33285 33288 
33291 33294 33297 33300 33303 33306 33309 33312 33315 
33318 33321 33324 33327 33330 33333 33336 33339 33342 
33345 33348 33351 33354 33357 33360 33363 33366 33369 
33372 33375 33378 33381 33384 33387 33390 33393 33396 
33399 33402 33405 33408 33411 33414 33417 33420 33423 
33426 33429 33432 33435 33438 33441 33444 33447 33450 
33453 33456 33459 33462 33465 33468 33471 33474 33477 
33480 33483 33486 33489 33492 33495 33498 33501 33504 
33507 33510 33513 33516 33519 33522 33525 33528 33531 
33534 33537 33540 33543 33546 33549 33552 33555 33558 
33561 33564 33567 33570 33573 33576 33579 33582 33585 
33588 33591 33594 33597 33600 33603 33606 33609 33612 
33615 33618 33621 33624 33627 33630 33633 33636 33639 
33642 33645 33648 33651 33654 33657 33660 33663 33666 
33669 33672 33675 33678 33681 33684 33687 33690 33693 
33696 33699 33702 33705 33708 33711 33714 33717 33720 
33723 33726 33729 33732 33735 33738 33741 33744 33747 
33750 33753 33756 33759 33762 33765 33768 33771 33774 
33777 33780 33783 33786 33789 33792 33795 33798 33801 
33804 33807 33810 33813 33816 33819 33822 33825 33828 
33831 33834 33837 33840 33843 33846 33849 33852 33855 
33858 33861 33864 33867 33870 33873 33876 33879 33882 
33885 33888 33891 33894 33897 33900 33903 33906 33909 
33912 33915 33918 33921 33924 33927 33930 33933 33936 
33939 33942 33945 33948 33951 33954 33957 33960 33963 
33966 33969 33972 33975 33978 33981 33984 33987 33990 
33993 33996 33999 34002 34005 34008 34011 34014 34017 
34020 34023 34026 34029 34032 34035 34038 34041 34044 
34047 34050 34053 34056 34059 34062 34065 34068 34071 
34074 34077 34080 34083 34086 34089 34092 34095 34098 
34101 34104 34107 34110 34113 34116 34119 34122 34125 
34128 34131 34134 34137 34140 34143 34146 34149 34152 
34155 34158 34161 34164 34167 34170 34173 34176 34179 
34182 34185 34188 34191 34194 34197 34200 34203 34206 
34209 34212 34215 34218 34221 34224 34227 34230 34233 
34236 34239 34242 34245 34248 34251 34254 34257 34260 
34263 34266 34269 34272 34275 34278 34281 34284 34287 
34290 34293 34296 34299 34302 34305 34308 34311 34314 
34317 34320 34323 34326 34329 34332 34335 34338 34341 
34344 34347 34350 34353 34356 34359 34362 34365 34368 
34371 34374 34377 34380 34383 34386 34389 34392 34395 
34398 34401 34404 34407 34410 34413 34416 34419 34422 
34425 34428 34431 34434 34437 34440 34443 34446 34449 
34452 34455 34458 34461 34464 34467 34470 34473 34476 
34479 34482 34485 34488 34491 34494 34497 34500 34503 
34506 34509 34512 34515 34518 34521 34524 34527 34530 
34533 34536 34539 34542 34545 34548 34551 34554 34557 
34560 34563 34566 34569 34572 34575 34578 34581 34584 
34587 34590 34593 34596 34599 34602 34605 34608 34611 
34614 34617 34620 34623 34626 34629 34632 34635 34638 
34641 34644 34647 34650 34653 34656 34659 34662 34665 
34668 34671 34674 34677 34680 34683 34686 34689 34692 
34695 34698 34701 34704 34707 34710 34713 34716 34719 
34722 34725 34728 34731 34734 34737 34740 34743 34746 
34749 34752 34755 34758 34761 34764 34767 34770 34773 
34776 34779 34782 34785 34788 34791 34794 34797 34800 
34803 34806 34809 34812 34815 34818 34821 34824 34827 
34830 34833 34836 34839 34842 34845 34848 34851 34854 
34857 34860 34863 34866 34869 34872 34875 34878 34881 
34884 34887 34890 34893 34896 34899 34902 34905 34908 
34911 34914 34917 34920 34923 34926 34929 34932 34935 
34938 34941 34944 34947 34950 34953 34956 34959 34962 
34965 34968 34971 34974 34977 34980 34983 34986 34989 
34992 34995 34998 35001 35004 35007 35010 35013 35016 
35019 35022 35025 35028 35031 35034 35037 35040 35043 
35046 35049 35052 35055 35058 35061 35064 35067 35070 
35073 35076 35079 35082 35085 35088 35091 35094 35097 
35100 35103 35106 35109 35112 35115 35118 35121 35124 
35127 35130 35133 35136 35139 35142 35145 35148 35151 
35154 35157 35160 35163 35166 35169 35172 35175 35178 
35181 35184 35187 35190 35193 35196 35199 35202 35205 
35208 35211 35214 35217 35220 35223 35226 35229 35232 
35235 35238 35241 35244 35247 35250 35253 35256 35259 
35262 35265 35268 35271 35274 35277 35280 35283 35286 
35289 35292 35295 35298 35301 35304 35307 35310 35313 
35316 35319 35322 35325 35328 35331 35334 35337 35340 
35343 35346 35349 35352 35355 35358 35361 35364 35367 
35370 35373 35376 35379 35382 35385 35388 35391 35394 
35397 35400 35403 35406 35409 35412 35415 35418 35421 
35424 35427 35430 35433 35436 35439 35442 35445 35448 
35451 35454 35457 35460 35463 35466 35469 35472 35475 
35478 35481 35484 35487 35490 35493 35496 35499 35502 
35505 35508 35511 35514 35517 35520 35523 35526 35529 
35532 35535 35538 35541 35544 35547 35550 35553 35556 
35559 35562 35565 35568 35571 35574 35577 35580 35583 
35586 35589 35592 35595 35598 35601 35604 35607 35610 
35613 35616 35619 35622 35625 35628 35631 35634 35637 
35640 35643 35646 35649 35652 35655 35658 35661 35664 
35667 35670 35673 35676 35679 35682 35685 35688 35691 
35694 35697 35700 35703 35706 35709 35712 35715 35718 
35721 35724 35727 35730 35733 35736 35739 35742 35745 
35748 35751 35754 35757 35760 35763 35766 35769 35772 
35775 35778 35781 35784 35787 35790 35793 35796 35799 
35802 35805 35808 35811 35814 35817 35820 35823 35826 
35829 35832 35835 35838 35841 35844 35847 35850 35853 
35856 35859 35862 35865 35868 35871 35874 35877 35880 
35883 35886 35889 35892 35895 35898 35901 35904 35907 
35910 35913 35916 35919 35922 35925 35928 35931 35934 
35937 35940 35943 35946 35949 35952 35955 35958 35961 
35964 35967 35970 35973 35976 35979 35982 35985 35988 
35991 35994 35997 36000 36003 36006 36009 36012 36015 
36018 36021 36024 36027 36030 36033 36036 36039 36042 
36045 36048 36051 36054 36057 36060 36063 36066 36069 
36072 36075 36078 36081 36084 36087 36090 36093 36096 
36099 36102 36105 36108 36111 36114 36117 36120 36123 
36126 36129 36132 36135 36138 36141 36144 36147 36150 
36153 36156 36159 36162 36165 36168 36171 36174 36177 
36180 36183 36186 36189 36192 36195 36198 36201 36204 
36207 36210 36213 36216 36219 36222 36225 36228 36231 
36234 36237 36240 36243 36246 36249 36252 36255 36258 
36261 36264 36267 36270 36273 36276 36279 36282 36285 
36288 36291 36294 36297 36300 36303 36306 36309 36312 
36315 36318 36321 36324 36327 36330 36333 36336 36339 
36342 36345 36348 36351 36354 36357 36360 36363 36366 
36369 36372 36375 36378 36381 36384 36387 36390 36393 
36396 36399 36402 36405 36408 36411 36414 36417 36420 
36423 36426 36429 36432 36435 36438 36441 36444 36447 
36450 36453 36456 36459 36462 36465 36468 36471 36474 
36477 36480 36483 36486 36489 36492 36495 36498 36501 
36504 36507 36510 36513 36516 36519 36522 36525 36528 
36531 36534 36537 36540 36543 36546 36549 36552 36555 
36558 36561 36564 36567 36570 36573 36576 36579 36582 
36585 36588 36591 36594 36597 36600 36603 36606 36609 
36612 36615 36618 36621 36624 36627 36630 36633 36636 
36639 36642 36645 36648 36651 36654 36657 36660 36663 
36666 36669 36672 36675 36678 36681 36684 36687 36690 
36693 36696 36699 36702 36705 36708 36711 36714 36717 
36720 36723 36726 36729 36732 36735 36738 36741 36744 
36747 36750 36753 36756 36759 36762 36765 36768 36771 
36774 36777 36780 36783 36786 36789 36792 36795 36798 
36801 36804 36807 36810 36813 36816 36819 36822 36825 
36828 36831 36834 36837 36840 36843 36846 36849 36852 
36855 36858 36861 36864 36867 36870 36873 36876 36879 
36882 36885 36888 36891 36894 36897 36900 36903 36906 
36909 36912 36915 36918 36921 36924 36927 36930 36933 
36936 36939 36942 36945 36948 36951 36954 36957 36960 
36963 36966 36969 36972 36975 36978 36981 36984 36987 
36990 36993 36996 36999 37002 37005 37008 37011 37014 
37017 37020 37023 37026 37029 37032 37035 37038 37041 
37044 37047 37050 37053 37056 37059 37062 37065 37068 
37071 37074 37077 37080 37083 37086 37089 37092 37095 
37098 37101 37104 37107 37110 37113 37116 37119 37122 
37125 37128 37131 37134 37137 37140 37143 37146 37149 
37152 37155 37158 37161 37164 37167 37170 37173 37176 
37179 37182 37185 37188 37191 37194 37197 37200 37203 
37206 37209 37212 37215 37218 37221 37224 37227 37230 
37233 37236 37239 37242 37245 37248 37251 37254 37257 
37260 37263 37266 37269 37272 37275 37278 37281 37284 
37287 37290 37293 37296 37299 37302 37305 37308 37311 
37314 37317 37320 37323 37326 37329 37332 37335 37338 
37341 37344 37347 37350 37353 37356 37359 37362 37365 
37368 37371 37374 37377 37380 37383 37386 37389 37392 
37395 37398 37401 37404 37407 37410 37413 37416 37419 
37422 37425 37428 37431 37434 37437 37440 37443 37446 
37449 37452 37455 37458 37461 37464 37467 37470 37473 
37476 37479 37482 37485 37488 37491 37494 37497 37500 
37503 37506 37509 37512 37515 37518 37521 37524 37527 
37530 37533 37536 37539 37542 37545 37548 37551 37554 
37557 37560 37563 37566 37569 37572 37575 37578 37581 
37584 37587 37590 37593 37596 37599 37602 37605 37608 
37611 37614 37617 37620 37623 37626 37629 37632 37635 
37638 37641 37644 37647 37650 37653 37656 37659 37662 
37665 37668 37671 37674 37677 37680 37683 37686 37689 
37692 37695 37698 37701 37704 37707 37710 37713 37716 
37719 37722 37725 37728 37731 37734 37737 37740 37743 
37746 37749 37752 37755 37758 37761 37764 37767 37770 
37773 37776 37779 37782 37785 37788 37791 37794 37797 
37800 37803 37806 37809 37812 37815 37818 37821 37824 
37827 37830 37833 37836 37839 37842 37845 37848 37851 
37854 37857 37860 37863 37866 37869 37872 37875 37878 
37881 37884 37887 37890 37893 37896 37899 37902 37905 
37908 37911 37914 37917 37920 37923 37926 37929 37932 
37935 37938 37941 37944 37947 37950 37953 37956 37959 
37962 37965 37968 37971 37974 37977 37980 37983 37986 
37989 37992 37995 37998 38001 38004 38007 38010 38013 
38016 38019 38022 38025 38028 38031 38034 38037 38040 
38043 38046 38049 38052 38055 38058 38061 38064 38067 
38070 38073 38076 38079 38082 38085 38088 38091 38094 
38097 38100 38103 38106 38109 38112 38115 38118 38121 
38124 38127 38130 38133 38136 38139 38142 38145 38148 
38151 38154 38157 38160 38163 38166 38169 38172 38175 
38178 38181 38184 38187 38190 38193 38196 38199 38202 
38205 38208 38211 38214 38217 38220 38223 38226 38229 
38232 38235 38238 38241 38244 38247 38250 38253 38256 
38259 38262 38265 38268 38271 38274 38277 38280 38283 
38286 38289 38292 38295 38298 38301 38304 38307 38310 
38313 38316 38319 38322 38325 38328 38331 38334 38337 
38340 38343 38346 38349 38352 38355 38358 38361 38364 
38367 38370 38373 38376 38379 38382 38385 38388 38391 
38394 38397 38400 38403 38406 38409 38412 38415 38418 
38421 38424 38427 38430 38433 38436 38439 38442 38445 
38448 38451 38454 38457 38460 38463 38466 38469 38472 
38475 38478 38481 38484 38487 38490 38493 38496 38499 
38502 38505 38508 38511 38514 38517 38520 38523 38526 
38529 38532 38535 38538 38541 38544 38547 38550 38553 
38556 38559 38562 38565 38568 38571 38574 38577 38580 
38583 38586 38589 38592 38595 38598 38601 38604 38607 
38610 38613 38616 38619 38622 38625 38628 38631 38634 
38637 38640 38643 38646 38649 38652 38655 38658 38661 
38664 38667 38670 38673 38676 38679 38682 38685 38688 
38691 38694 38697 38700 38703 38706 38709 38712 38715 
38718 38721 38724 38727 38730 38733 38736 38739 38742 
38745 38748 38751 38754 38757 38760 38763 38766 38769 
38772 38775 38778 38781 38784 38787 38790 38793 38796 
38799 38802 38805 38808 38811 38814 38817 38820 38823 
38826 38829 38832 38835 38838 38841 38844 38847 38850 
38853 38856 38859 38862 38865 38868 38871 38874 38877 
38880 38883 38886 38889 38892 38895 38898 38901 38904 
38907 38910 38913 38916 38919 38922 38925 38928 38931 
38934 38937 38940 38943 38946 38949 38952 38955 38958 
38961 38964 38967 38970 38973 38976 38979 38982 38985 
38988 38991 38994 38997 39000 39003 39006 39009 39012 
39015 39018 39021 39024 39027 39030 39033 39036 39039 
39042 39045 39048 39051 39054 39057 39060 39063 39066 
39069 39072 39075 39078 39081 39084 39087 39090 39093 
39096 39099 39102 39105 39108 39111 39114 39117 39120 
39123 39126 39129 39132 39135 39138 39141 39144 39147 
39150 39153 39156 39159 39162 39165 39168 39171 39174 
39177 39180 39183 39186 39189 39192 39195 39198 39201 
39204 39207 39210 39213 39216 39219 39222 39225 39228 
39231 39234 39237 39240 39243 39246 39249 39252 39255 
39258 39261 39264 39267 39270 39273 39276 39279 39282 
39285 39288 39291 39294 39297 39300 39303 39306 39309 
39312 39315 39318 39321 39324 39327 39330 39333 39336 
39339 39342 39345 39348 39351 39354 39357 39360 39363 
39366 39369 39372 39375 39378 39381 39384 39387 39390 
39393 39396 39399 39402 39405 39408 39411 39414 39417 
39420 39423 39426 39429 39432 39435 39438 39441 39444 
39447 39450 39453 39456 39459 39462 39465 39468 39471 
39474 39477 39480 39483 39486 39489 39492 39495 39498 
39501 39504 39507 39510 39513 39516 39519 39522 39525 
39528 39531 39534 39537 39540 39543 39546 39549 39552 
39555 39558 39561 39564 39567 39570 39573 39576 39579 
39582 39585 39588 39591 39594 39597 39600 39603 39606 
39609 39612 39615 39618 39621 39624 39627 39630 39633 
39636 39639 39642 39645 39648 39651 39654 39657 39660 
39663 39666 39669 39672 39675 39678 39681 39684 39687 
39690 39693 39696 39699 39702 39705 39708 39711 39714 
39717 39720 39723 39726 39729 39732 39735 39738 39741 
39744 39747 39750 39753 39756 39759 39762 39765 39768 
39771 39774 39777 39780 39783 39786 39789 39792 39795 
39798 39801 39804 39807 39810 39813 39816 39819 39822 
39825 39828 39831 39834 39837 39840 39843 39846 39849 
39852 39855 39858 39861 39864 39867 39870 39873 39876 
39879 39882 39885 39888 39891 39894 39897 39900 39903 
39906 39909 39912 39915 39918 39921 39924 39927 39930 
39933 39936 39939 39942 39945 39948 39951 39954 39957 
39960 39963 39966 39969 39972 39975 39978 39981 39984 
39987 39990 39993 39996 39999 40002 40005 40008 40011 
40014 40017 40020 40023 40026 40029 40032 40035 40038 
40041 40044 40047 40050 40053 40056 40059 40062 40065 
40068 40071 40074 40077 40080 40083 40086 40089 40092 
40095 40098 40101 40104 40107 40110 40113 40116 40119 
40122 40125 40128 40131 40134 40137 40140 40143 40146 
40149 40152 40155 40158 40161 40164 40167 40170 40173 
40176 40179 40182 40185 40188 40191 40194 40197 40200 
40203 40206 40209 40212 40215 40218 40221 40224 40227 
40230 40233 40236 40239 40242 40245 40248 40251 40254 
40257 40260 40263 40266 40269 40272 40275 40278 40281 
40284 40287 40290 40293 40296 40299 40302 40305 40308 
40311 40314 40317 40320 40323 40326 40329 40332 40335 
40338 40341 40344 40347 40350 40353 40356 40359 40362 
40365 40368 40371 40374 40377 40380 40383 40386 40389 
40392 40395 40398 40401 40404 40407 40410 40413 40416 
40419 40422 40425 40428 40431 40434 40437 40440 40443 
40446 40449 40452 40455 40458 40461 40464 40467 40470 
40473 40476 40479 40482 40485 40488 40491 40494 40497 
40500 40503 40506 40509 40512 40515 40518 40521 40524 
40527 40530 40533 40536 40539 40542 40545 40548 40551 
40554 40557 40560 40563 40566 40569 40572 40575 40578 
40581 40584 40587 40590 40593 40596 40599 40602 40605 
40608 40611 40614 40617 40620 40623 40626 40629 40632 
40635 40638 40641 40644 40647 40650 40653 40656 40659 
40662 40665 40668 40671 40674 40677 40680 40683 40686 
40689 40692 40695 40698 40701 40704 40707 40710 40713 
40716 40719 40722 40725 40728 40731 40734 40737 40740 
40743 40746 40749 40752 40755 40758 40761 40764 40767 
40770 40773 40776 40779 40782 40785 40788 40791 40794 
40797 40800 40803 40806 40809 40812 40815 40818 40821 
40824 40827 40830 40833 40836 40839 40842 40845 40848 
40851 40854 40857 40860 40863 40866 40869 40872 40875 
40878 40881 40884 40887 40890 40893 40896 40899 40902 
40905 40908 40911 40914 40917 40920 40923 40926 40929 
40932 40935 40938 40941 40944 40947 40950 40953 40956 
40959 40962 40965 40968 40971 40974 40977 40980 40983 
40986 40989 40992 40995 40998 41001 41004 41007 41010 
41013 41016 41019 41022 41025 41028 41031 41034 41037 
41040 41043 41046 41049 41052 41055 41058 41061 41064 
41067 41070 41073 41076 41079 41082 41085 41088 41091 
41094 41097 41100 41103 41106 41109 41112 41115 41118 
41121 41124 41127 41130 41133 41136 41139 41142 41145 
41148 41151 41154 41157 41160 41163 41166 41169 41172 
41175 41178 41181 41184 41187 41190 41193 41196 41199 
41202 41205 41208 41211 41214 41217 41220 41223 41226 
41229 41232 41235 41238 41241 41244 41247 41250 41253 
41256 41259 41262 41265 41268 41271 41274 41277 41280 
41283 41286 41289 41292 41295 41298 41301 41304 41307 
41310 41313 41316 41319 41322 41325 41328 41331 41334 
41337 41340 41343 41346 41349 41352 41355 41358 41361 
41364 41367 41370 41373 41376 41379 41382 41385 41388 
41391 41394 41397 41400 41403 41406 41409 41412 41415 
41418 41421 41424 41427 41430 41433 41436 41439 41442 
41445 41448 41451 41454 41457 41460 41463 41466 41469 
41472 41475 41478 41481 41484 41487 41490 41493 41496 
41499 41502 41505 41508 41511 41514 41517 41520 41523 
41526 41529 41532 41535 41538 41541 41544 41547 41550 
41553 41556 41559 41562 41565 41568 41571 41574 41577 
41580 41583 41586 41589 41592 41595 41598 41601 41604 
41607 41610 41613 41616 41619 41622 41625 41628 41631 
41634 41637 41640 41643 41646 41649 41652 41655 41658 
41661 41664 41667 41670 41673 41676 41679 41682 41685 
41688 41691 41694 41697 41700 41703 41706 41709 41712 
41715 41718 41721 41724 41727 41730 41733 41736 41739 
41742 41745 41748 41751 41754 41757 41760 41763 41766 
41769 41772 41775 41778 41781 41784 41787 41790 41793 
41796 41799 41802 41805 41808 41811 41814 41817 41820 
41823 41826 41829 41832 41835 41838 41841 41844 41847 
41850 41853 41856 41859 41862 41865 41868 41871 41874 
41877 41880 41883 41886 41889 41892 41895 41898 41901 
41904 41907 41910 41913 41916 41919 41922 41925 41928 
41931 41934 41937 41940 41943 41946 41949 41952 41955 
41958 41961 41964 41967 41970 41973 41976 41979 41982 
41985 41988 41991 41994 41997 42000 42003 42006 42009 
42012 42015 42018 42021 42024 42027 42030 42033 42036 
42039 42042 42045 42048 42051 42054 42057 42060 42063 
42066 42069 42072 42075 42078 42081 42084 42087 42090 
42093 42096 42099 42102 42105 42108 42111 42114 42117 
42120 42123 42126 42129 42132 42135 42138 42141 42144 
42147 42150 42153 42156 42159 42162 42165 42168 42171 
42174 42177 42180 42183 42186 42189 42192 42195 42198 
42201 42204 42207 42210 42213 42216 42219 42222 42225 
42228 42231 42234 42237 42240 42243 42246 42249 42252 
42255 42258 42261 42264 42267 42270 42273 42276 42279 
42282 42285 42288 42291 42294 42297 42300 42303 42306 
42309 42312 42315 42318 42321 42324 42327 42330 42333 
42336 42339 42342 42345 42348 42351 42354 42357 42360 
42363 42366 42369 42372 42375 42378 42381 42384 42387 
42390 42393 42396 42399 42402 42405 42408 42411 42414 
42417 42420 42423 42426 42429 42432 42435 42438 42441 
42444 42447 42450 42453 42456 42459 42462 42465 42468 
42471 42474 42477 42480 42483 42486 42489 42492 42495 
42498 42501 42504 42507 42510 42513 42516 42519 42522 
42525 42528 42531 42534 42537 42540 42543 42546 42549 
42552 42555 42558 42561 42564 42567 42570 42573 42576 
42579 42582 42585 42588 42591 42594 42597 42600 42603 
42606 42609 42612 42615 42618 42621 42624 42627 42630 
42633 42636 42639 42642 42645 42648 42651 42654 42657 
42660 42663 42666 42669 42672 42675 42678 42681 42684 
42687 42690 42693 42696 42699 42702 42705 42708 42711 
42714 42717 42720 42723 42726 42729 42732 42735 42738 
42741 42744 42747 42750 42753 42756 42759 42762 42765 
42768 42771 42774 42777 42780 42783 42786 42789 42792 
42795 42798 42801 42804 42807 42810 42813 42816 42819 
42822 42825 42828 42831 42834 42837 42840 42843 42846 
42849 42852 42855 42858 42861 42864 42867 42870 42873 
42876 42879 42882 42885 42888 42891 42894 42897 42900 
42903 42906 42909 42912 42915 42918 42921 42924 42927 
42930 42933 42936 42939 42942 42945 42948 42951 42954 
42957 42960 42963 42966 42969 42972 42975 42978 42981 
42984 42987 42990 42993 42996 42999 43002 43005 43008 
43011 43014 43017 43020 43023 43026 43029 43032 43035 
43038 43041 43044 43047 43050 43053 43056 43059 43062 
43065 43068 43071 43074 43077 43080 43083 43086 43089 
43092 43095 43098 43101 43104 43107 43110 43113 43116 
43119 43122 43125 43128 43131 43134 43137 43140 43143 
43146 43149 43152 43155 43158 43161 43164 43167 43170 
43173 43176 43179 43182 43185 43188 43191 43194 43197 
43200 43203 43206 43209 43212 43215 43218 43221 43224 
43227 43230 43233 43236 43239 43242 43245 43248 43251 
43254 43257 43260 43263 43266 43269 43272 43275 43278 
43281 43284 43287 43290 43293 43296 43299 43302 43305 
43308 43311 43314 43317 43320 43323 43326 43329 43332 
43335 43338 43341 43344 43347 43350 43353 43356 43359 
43362 43365 43368 43371 43374 43377 43380 43383 43386 
43389 43392 43395 43398 43401 43404 43407 43410 43413 
43416 43419 43422 43425 43428 43431 43434 43437 43440 
43443 43446 43449 43452 43455 43458 43461 43464 43467 
43470 43473 43476 43479 43482 43485 43488 43491 43494 
43497 43500 43503 43506 43509 43512 43515 43518 43521 
43524 43527 43530 43533 43536 43539 43542 43545 43548 
43551 43554 43557 43560 43563 43566 43569 43572 43575 
43578 43581 43584 43587 43590 43593 43596 43599 43602 
43605 43608 43611 43614 43617 43620 43623 43626 43629 
43632 43635 43638 43641 43644 43647 43650 43653 43656 
43659 43662 43665 43668 43671 43674 43677 43680 43683 
43686 43689 43692 43695 43698 43701 43704 43707 43710 
43713 43716 43719 43722 43725 43728 43731 43734 43737 
43740 43743 43746 43749 43752 43755 43758 43761 43764 
43767 43770 43773 43776 43779 43782 43785 43788 43791 
43794 43797 43800 43803 43806 43809 43812 43815 43818 
43821 43824 43827 43830 43833 43836 43839 43842 43845 
43848 43851 43854 43857 43860 43863 43866 43869 43872 
43875 43878 43881 43884 43887 43890 43893 43896 43899 
43902 43905 43908 43911 43914 43917 43920 43923 43926 
43929 43932 43935 43938 43941 43944 43947 43950 43953 
43956 43959 43962 43965 43968 43971 43974 43977 43980 
43983 43986 43989 43992 43995 43998 44001 44004 44007 
44010 44013 44016 44019 44022 44025 44028 44031 44034 
44037 44040 44043 44046 44049 44052 44055 44058 44061 
44064 44067 44070 44073 44076 44079 44082 44085 44088 
44091 44094 44097 44100 44103 44106 44109 44112 44115 
44118 44121 44124 44127 44130 44133 44136 44139 44142 
44145 44148 44151 44154 44157 44160 44163 44166 44169 
44172 44175 44178 44181 44184 44187 44190 44193 44196 
44199 44202 44205 44208 44211 44214 44217 44220 44223 
44226 44229 44232 44235 44238 44241 44244 44247 44250 
44253 44256 44259 44262 44265 44268 44271 44274 44277 
44280 44283 44286 44289 44292 44295 44298 44301 44304 
44307 44310 44313 44316 44319 44322 44325 44328 44331 
44334 44337 44340 44343 44346 44349 44352 44355 44358 
44361 44364 44367 44370 44373 44376 44379 44382 44385 
44388 44391 44394 44397 44400 44403 44406 44409 44412 
44415 44418 44421 44424 44427 44430 44433 44436 44439 
44442 44445 44448 44451 44454 44457 44460 44463 44466 
44469 44472 44475 44478 44481 44484 44487 44490 44493 
44496 44499 44502 44505 44508 44511 44514 44517 44520 
44523 44526 44529 44532 44535 44538 44541 44544 44547 
44550 44553 44556 44559 44562 44565 44568 44571 44574 
44577 44580 44583 44586 44589 44592 44595 44598 44601 
44604 44607 44610 44613 44616 44619 44622 44625 44628 
44631 44634 44637 44640 44643 44646 44649 44652 44655 
44658 44661 44664 44667 44670 44673 44676 44679 44682 
44685 44688 44691 44694 44697 44700 44703 44706 44709 
44712 44715 44718 44721 44724 44727 44730 44733 44736 
44739 44742 44745 44748 44751 44754 44757 44760 44763 
44766 44769 44772 44775 44778 44781 44784 44787 44790 
44793 44796 44799 44802 44805 44808 44811 44814 44817 
44820 44823 44826 44829 44832 44835 44838 44841 44844 
44847 44850 44853 44856 44859 44862 44865 44868 44871 
44874 44877 44880 44883 44886 44889 44892 44895 44898 
44901 44904 44907 44910 44913 44916 44919 44922 44925 
44928 44931 44934 44937 44940 44943 44946 44949 44952 
44955 44958 44961 44964 44967 44970 44973 44976 44979 
44982 44985 44988 44991 44994 44997 45000 45003 45006 
45009 45012 45015 45018 45021 45024 45027 45030 45033 
45036 45039 45042 45045 45048 45051 45054 45057 45060 
45063 45066 45069 45072 45075 45078 45081 45084 45087 
45090 45093 45096 45099 45102 45105 45108 45111 45114 
45117 45120 45123 45126 45129 45132 45135 45138 45141 
45144 45147 45150 45153 45156 45159 45162 45165 45168 
45171 45174 45177 45180 45183 45186 45189 45192 45195 
45198 45201 45204 45207 45210 45213 45216 45219 45222 
45225 45228 45231 45234 45237 45240 45243 45246 45249 
45252 45255 45258 45261 45264 45267 45270 45273 45276 
45279 45282 45285 45288 45291 45294 45297 45300 45303 
45306 45309 45312 45315 45318 45321 45324 45327 45330 
45333 45336 45339 45342 45345 45348 45351 45354 45357 
45360 45363 45366 45369 45372 45375 45378 45381 45384 
45387 45390 45393 45396 45399 45402 45405 45408 45411 
45414 45417 45420 45423 45426 45429 45432 45435 45438 
45441 45444 45447 45450 45453 45456 45459 45462 45465 
45468 45471 45474 45477 45480 45483 45486 45489 45492 
45495 45498 45501 45504 45507 45510 45513 45516 45519 
45522 45525 45528 45531 45534 45537 45540 45543 45546 
45549 45552 45555 45558 45561 45564 45567 45570 45573 
45576 45579 45582 45585 45588 45591 45594 45597 45600 
45603 45606 45609 45612 45615 45618 45621 45624 45627 
45630 45633 45636 45639 45642 45645 45648 45651 45654 
45657 45660 45663 45666 45669 45672 45675 45678 45681 
45684 45687 45690 45693 45696 45699 45702 45705 45708 
45711 45714 45717 45720 45723 45726 45729 45732 45735 
45738 45741 45744 45747 45750 45753 45756 45759 45762 
45765 45768 45771 45774 45777 45780 45783 45786 45789 
45792 45795 45798 45801 45804 45807 45810 45813 45816 
45819 45822 45825 45828 45831 45834 45837 45840 45843 
45846 45849 45852 45855 45858 45861 45864 45867 45870 
45873 45876 45879 45882 45885 45888 45891 45894 45897 
45900 45903 45906 45909 45912 45915 45918 45921 45924 
45927 45930 45933 45936 45939 45942 45945 45948 45951 
45954 45957 45960 45963 45966 45969 45972 45975 45978 
45981 45984 45987 45990 45993 45996 45999 46002 46005 
46008 46011 46014 46017 46020 46023 46026 46029 46032 
46035 46038 46041 46044 46047 46050 46053 46056 46059 
46062 46065 46068 46071 46074 46077 46080 46083 46086 
46089 46092 46095 46098 46101 46104 46107 46110 46113 
46116 46119 46122 46125 46128 46131 46134 46137 46140 
46143 46146 46149 46152 46155 46158 46161 46164 46167 
46170 46173 46176 46179 46182 46185 46188 46191 46194 
46197 46200 46203 46206 46209 46212 46215 46218 46221 
46224 46227 46230 46233 46236 46239 46242 46245 46248 
46251 46254 46257 46260 46263 46266 46269 46272 46275 
46278 46281 46284 46287 46290 46293 46296 46299 46302 
46305 46308 46311 46314 46317 46320 46323 46326 46329 
46332 46335 46338 46341 46344 46347 46350 46353 46356 
46359 46362 46365 46368 46371 46374 46377 46380 46383 
46386 46389 46392 46395 46398 46401 46404 46407 46410 
46413 46416 46419 46422 46425 46428 46431 46434 46437 
46440 46443 46446 46449 46452 46455 46458 46461 46464 
46467 46470 46473 46476 46479 46482 46485 46488 46491 
46494 46497 46500 46503 46506 46509 46512 46515 46518 
46521 46524 46527 46530 46533 46536 46539 46542 46545 
46548 46551 46554 46557 46560 46563 46566 46569 46572 
46575 46578 46581 46584 46587 46590 46593 46596 46599 
46602 46605 46608 46611 46614 46617 46620 46623 46626 
46629 46632 46635 46638 46641 46644 46647 46650 46653 
46656 46659 46662 46665 46668 46671 46674 46677 46680 
46683 46686 46689 46692 46695 46698 46701 46704 46707 
46710 46713 46716 46719 46722 46725 46728 46731 46734 
46737 46740 46743 46746 46749 46752 46755 46758 46761 
46764 46767 46770 46773 46776 46779 46782 46785 46788 
46791 46794 46797 46800 46803 46806 46809 46812 46815 
46818 46821 46824 46827 46830 46833 46836 46839 46842 
46845 46848 46851 46854 46857 46860 46863 46866 46869 
46872 46875 46878 46881 46884 46887 46890 46893 46896 
46899 46902 46905 46908 46911 46914 46917 46920 46923 
46926 46929 46932 46935 46938 46941 46944 46947 46950 
46953 46956 46959 46962 46965 46968 46971 46974 46977 
46980 46983 46986 46989 46992 46995 46998 47001 47004 
47007 47010 47013 47016 47019 47022 47025 47028 47031 
47034 47037 47040 47043 47046 47049 47052 47055 47058 
47061 47064 47067 47070 47073 47076 47079 47082 47085 
47088 47091 47094 47097 47100 47103 47106 47109 47112 
47115 47118 47121 47124 47127 47130 47133 47136 47139 
47142 47145 47148 47151 47154 47157 47160 47163 47166 
47169 47172 47175 47178 47181 47184 47187 47190 47193 
47196 47199 47202 47205 47208 47211 47214 47217 47220 
47223 47226 47229 47232 47235 47238 47241 47244 47247 
47250 47253 47256 47259 47262 47265 47268 47271 47274 
47277 47280 47283 47286 47289 47292 47295 47298 47301 
47304 47307 47310 47313 47316 47319 47322 47325 47328 
47331 47334 47337 47340 47343 47346 47349 47352 47355 
47358 47361 47364 47367 47370 47373 47376 47379 47382 
47385 47388 47391 47394 47397 47400 47403 47406 47409 
47412 47415 47418 47421 47424 47427 47430 47433 47436 
47439 47442 47445 47448 47451 47454 47457 47460 47463 
47466 47469 47472 47475 47478 47481 47484 47487 47490 
47493 47496 47499 47502 47505 47508 47511 47514 47517 
47520 47523 47526 47529 47532 47535 47538 47541 47544 
47547 47550 47553 47556 47559 47562 47565 47568 47571 
47574 47577 47580 47583 47586 47589 47592 47595 47598 
47601 47604 47607 47610 47613 47616 47619 47622 47625 
47628 47631 47634 47637 47640 47643 47646 47649 47652 
47655 47658 47661 47664 47667 47670 47673 47676 47679 
47682 47685 47688 47691 47694 47697 47700 47703 47706 
47709 47712 47715 47718 47721 47724 47727 47730 47733 
47736 47739 47742 47745 47748 47751 47754 47757 47760 
47763 47766 47769 47772 47775 47778 47781 47784 47787 
47790 47793 47796 47799 47802 47805 47808 47811 47814 
47817 47820 47823 47826 47829 47832 47835 47838 47841 
47844 47847 47850 47853 47856 47859 47862 47865 47868 
47871 47874 47877 47880 47883 47886 47889 47892 47895 
47898 47901 47904 47907 47910 47913 47916 47919 47922 
47925 47928 47931 47934 47937 47940 47943 47946 47949 
47952 47955 47958 47961 47964 47967 47970 47973 47976 
47979 47982 47985 47988 47991 47994 47997 48000 48003 
48006 48009 48012 48015 48018 48021 48024 48027 48030 
48033 48036 48039 48042 48045 48048 48051 48054 48057 
48060 48063 48066 48069 48072 48075 48078 48081 48084 
48087 48090 48093 48096 48099 48102 48105 48108 48111 
48114 48117 48120 48123 48126 48129 48132 48135 48138 
48141 48144 48147 48150 48153 48156 48159 48162 48165 
48168 48171 48174 48177 48180 48183 48186 48189 48192 
48195 48198 48201 48204 48207 48210 48213 48216 48219 
48222 48225 48228 48231 48234 48237 48240 48243 48246 
48249 48252 48255 48258 48261 48264 48267 48270 48273 
48276 48279 48282 48285 48288 48291 48294 48297 48300 
48303 48306 48309 48312 48315 48318 48321 48324 48327 
48330 48333 48336 48339 48342 48345 48348 48351 48354 
48357 48360 48363 48366 48369 48372 48375 48378 48381 
48384 48387 48390 48393 48396 48399 48402 48405 48408 
48411 48414 48417 48420 48423 48426 48429 48432 48435 
48438 48441 48444 48447 48450 48453 48456 48459 48462 
48465 48468 48471 48474 48477 48480 48483 48486 48489 
48492 48495 48498 48501 48504 48507 48510 48513 48516 
48519 48522 48525 48528 48531 48534 48537 48540 48543 
48546 48549 48552 48555 48558 48561 48564 48567 48570 
48573 48576 48579 48582 48585 48588 48591 48594 48597 
48600 48603 48606 48609 48612 48615 48618 48621 48624 
48627 48630 48633 48636 48639 48642 48645 48648 48651 
48654 48657 48660 48663 48666 48669 48672 48675 48678 
48681 48684 48687 48690 48693 48696 48699 48702 48705 
48708 48711 48714 48717 48720 48723 48726 48729 48732 
48735 48738 48741 48744 48747 48750 48753 48756 48759 
48762 48765 48768 48771 48774 48777 48780 48783 48786 
48789 48792 48795 48798 48801 48804 48807 48810 48813 
48816 48819 48822 48825 48828 48831 48834 48837 48840 
48843 48846 48849 48852 48855 48858 48861 48864 48867 
48870 48873 48876 48879 48882 48885 48888 48891 48894 
48897 48900 48903 48906 48909 48912 48915 48918 48921 
48924 48927 48930 48933 48936 48939 48942 48945 48948 
48951 48954 48957 48960 48963 48966 48969 48972 48975 
48978 48981 48984 48987 48990 48993 48996 48999 49002 
49005 49008 49011 49014 49017 49020 49023 49026 49029 
49032 49035 49038 49041 49044 49047 49050 49053 49056 
49059 49062 49065 49068 49071 49074 49077 49080 49083 
49086 49089 49092 49095 49098 49101 49104 49107 49110 
49113 49116 49119 49122 49125 49128 49131 49134 49137 
49140 49143 49146 49149 49152 49155 49158 49161 49164 
49167 49170 49173 49176 49179 49182 49185 49188 49191 
49194 49197 49200 49203 49206 49209 49212 49215 49218 
49221 49224 49227 49230 49233 49236 49239 49242 49245 
49248 49251 49254 49257 49260 49263 49266 49269 49272 
49275 49278 49281 49284 49287 49290 49293 49296 49299 
49302 49305 49308 49311 49314 49317 49320 49323 49326 
49329 49332 49335 49338 49341 49344 49347 49350 49353 
49356 49359 49362 49365 49368 49371 49374 49377 49380 
49383 49386 49389 49392 49395 49398 49401 49404 49407 
49410 49413 49416 49419 49422 49425 49428 49431 49434 
49437 49440 49443 49446 49449 49452 49455 49458 49461 
49464 49467 49470 49473 49476 49479 49482 49485 49488 
49491 49494 49497 49500 49503 49506 49509 49512 49515 
49518 49521 49524 49527 49530 49533 49536 49539 49542 
49545 49548 49551 49554 49557 49560 49563 49566 49569 
49572 49575 49578 49581 49584 49587 49590 49593 49596 
49599 49602 49605 49608 49611 49614 49617 49620 49623 
49626 49629 49632 49635 49638 49641 49644 49647 49650 
49653 49656 49659 49662 49665 49668 49671 49674 49677 
49680 49683 49686 49689 49692 49695 49698 49701 49704 
49707 49710 49713 49716 49719 49722 49725 49728 49731 
49734 49737 49740 49743 49746 49749 49752 49755 49758 
49761 49764 49767 49770 49773 49776 49779 49782 49785 
49788 49791 49794 49797 49800 49803 49806 49809 49812 
49815 49818 49821 49824 49827 49830 49833 49836 49839 
49842 49845 49848 49851 49854 49857 49860 49863 49866 
49869 49872 49875 49878 49881 49884 49887 49890 49893 
49896 49899 49902 49905 49908 49911 49914 49917 49920 
49923 49926 49929 49932 49935 49938 49941 49944 49947 
49950 49953 49956 49959 49962 49965 49968 49971 49974 
49977 49980 49983 49986 49989 49992 49995 49998 50001 
50004 50007 50010 50013 50016 50019 50022 50025 50028 
50031 50034 50037 50040 50043 50046 50049 50052 50055 
50058 50061 50064 50067 50070 50073 50076 50079 50082 
50085 50088 50091 50094 50097 50100 50103 50106 50109 
50112 50115 50118 50121 50124 50127 50130 50133 50136 
50139 50142 50145 50148 50151 50154 50157 50160 50163 
50166 50169 50172 50175 50178 50181 50184 50187 50190 
50193 50196 50199 50202 50205 50208 50211 50214 50217 
50220 50223 50226 50229 50232 50235 50238 50241 50244 
50247 50250 50253 50256 50259 50262 50265 50268 50271 
50274 50277 50280 50283 50286 50289 50292 50295 50298 
50301 50304 50307 50310 50313 50316 50319 50322 50325 
50328 50331 50334 50337 50340 50343 50346 50349 50352 
50355 50358 50361 50364 50367 50370 50373 50376 50379 
50382 50385 50388 50391 50394 50397 50400 50403 50406 
50409 50412 50415 50418 50421 50424 50427 50430 50433 
50436 50439 50442 50445 50448 50451 50454 50457 50460 
50463 50466 50469 50472 50475 50478 50481 50484 50487 
50490 50493 50496 50499 50502 50505 50508 50511 50514 
50517 50520 50523 50526 50529 50532 50535 50538 50541 
50544 50547 50550 50553 50556 50559 50562 50565 50568 
50571 50574 50577 50580 50583 50586 50589 50592 50595 
50598 50601 50604 50607 50610 50613 50616 50619 50622 
50625 50628 50631 50634 50637 50640 50643 50646 50649 
50652 50655 50658 50661 50664 50667 50670 50673 50676 
50679 50682 50685 50688 50691 50694 50697 50700 50703 
50706 50709 50712 50715 50718 50721 50724 50727 50730 
50733 50736 50739 50742 50745 50748 50751 50754 50757 
50760 50763 50766 50769 50772 50775 50778 50781 50784 
50787 50790 50793 50796 50799 50802 50805 50808 50811 
50814 50817 50820 50823 50826 50829 50832 50835 50838 
50841 50844 50847 50850 50853 50856 50859 50862 50865 
50868 50871 50874 50877 50880 50883 50886 50889 50892 
50895 50898 50901 50904 50907 50910 50913 50916 50919 
50922 50925 50928 50931 50934 50937 50940 50943 50946 
50949 50952 50955 50958 50961 50964 50967 50970 50973 
50976 50979 50982 50985 50988 50991 50994 50997 51000 
51003 51006 51009 51012 51015 51018 51021 51024 51027 
51030 51033 51036 51039 51042 51045 51048 51051 51054 
51057 51060 51063 51066 51069 51072 51075 51078 51081 
51084 51087 51090 51093 51096 51099 51102 51105 51108 
51111 51114 51117 51120 51123 51126 51129 51132 51135 
51138 51141 51144 51147 51150 51153 51156 51159 51162 
51165 51168 51171 51174 51177 51180 51183 51186 51189 
51192 51195 51198 51201 51204 51207 51210 51213 51216 
51219 51222 51225 51228 51231 51234 51237 51240 51243 
51246 51249 51252 51255 51258 51261 51264 51267 51270 
51273 51276 51279 51282 51285 51288 51291 51294 51297 
51300 51303 51306 51309 51312 51315 51318 51321 51324 
51327 51330 51333 51336 51339 51342 51345 51348 51351 
51354 51357 51360 51363 51366 51369 51372 51375 51378 
51381 51384 51387 51390 51393 51396 51399 51402 51405 
51408 51411 51414 51417 51420 51423 51426 51429 51432 
51435 51438 51441 51444 51447 51450 51453 51456 51459 
51462 51465 51468 51471 51474 51477 51480 51483 51486 
51489 51492 51495 51498 51501 51504 51507 51510 51513 
51516 51519 51522 51525 51528 51531 51534 51537 51540 
51543 51546 51549 51552 51555 51558 51561 51564 51567 
51570 51573 51576 51579 51582 51585 51588 51591 51594 
51597 51600 51603 51606 51609 51612 51615 51618 51621 
51624 51627 51630 51633 51636 51639 51642 51645 51648 
51651 51654 51657 51660 51663 51666 51669 51672 51675 
51678 51681 51684 51687 51690 51693 51696 51699 51702 
51705 51708 51711 51714 51717 51720 51723 51726 51729 
51732 51735 51738 51741 51744 51747 51750 51753 51756 
51759 51762 51765 51768 51771 51774 51777 51780 51783 
51786 51789 51792 51795 51798 51801 51804 51807 51810 
51813 51816 51819 51822 51825 51828 51831 51834 51837 
51840 51843 51846 51849 51852 51855 51858 51861 51864 
51867 51870 51873 51876 51879 51882 51885 51888 51891 
51894 51897 51900 51903 51906 51909 51912 51915 51918 
51921 51924 51927 51930 51933 51936 51939 51942 51945 
51948 51951 51954 51957 51960 51963 51966 51969 51972 
51975 51978 51981 51984 51987 51990 51993 51996 51999 
52002 52005 52008 52011 52014 52017 52020 52023 52026 
52029 52032 52035 52038 52041 52044 52047 52050 52053 
52056 52059 52062 52065 52068 52071 52074 52077 52080 
52083 52086 52089 52092 52095 52098 52101 52104 52107 
52110 52113 52116 52119 52122 52125 52128 52131 52134 
52137 52140 52143 52146 52149 52152 52155 52158 52161 
52164 52167 52170 52173 52176 52179 52182 52185 52188 
52191 52194 52197 52200 52203 52206 52209 52212 52215 
52218 52221 52224 52227 52230 52233 52236 52239 52242 
52245 52248 52251 52254 52257 52260 52263 52266 52269 
52272 52275 52278 52281 52284 52287 52290 52293 52296 
52299 52302 52305 52308 52311 52314 52317 52320 52323 
52326 52329 52332 52335 52338 52341 52344 52347 52350 
52353 52356 52359 52362 52365 52368 52371 52374 52377 
52380 52383 52386 52389 52392 52395 52398 52401 52404 
52407 52410 52413 52416 52419 52422 52425 52428 52431 
52434 52437 52440 52443 52446 52449 52452 52455 52458 
52461 52464 52467 52470 52473 52476 52479 52482 52485 
52488 52491 52494 52497 52500 52503 52506 52509 52512 
52515 52518 52521 52524 52527 52530 52533 52536 52539 
52542 52545 52548 52551 52554 52557 52560 52563 52566 
52569 52572 52575 52578 52581 52584 52587 52590 52593 
52596 52599 52602 52605 52608 52611 52614 52617 52620 
52623 52626 52629 52632 52635 52638 52641 52644 52647 
52650 52653 52656 52659 52662 52665 52668 52671 52674 
52677 52680 52683 52686 52689 52692 52695 52698 52701 
52704 52707 52710 52713 52716 52719 52722 52725 52728 
52731 52734 52737 52740 52743 52746 52749 52752 52755 
52758 52761 52764 52767 52770 52773 52776 52779 52782 
52785 52788 52791 52794 52797 52800 52803 52806 52809 
52812 52815 52818 52821 52824 52827 52830 52833 52836 
52839 52842 52845 52848 52851 52854 52857 52860 52863 
52866 52869 52872 52875 52878 52881 52884 52887 52890 
52893 52896 52899 52902 52905 52908 52911 52914 52917 
52920 52923 52926 52929 52932 52935 52938 52941 52944 
52947 52950 52953 52956 52959 52962 52965 52968 52971 
52974 52977 52980 52983 52986 52989 52992 52995 52998 
53001 53004 53007 53010 53013 53016 53019 53022 53025 
53028 53031 53034 53037 53040 53043 53046 53049 53052 
53055 53058 53061 53064 53067 53070 53073 53076 53079 
53082 53085 53088 53091 53094 53097 53100 53103 53106 
53109 53112 53115 53118 53121 53124 53127 53130 53133 
53136 53139 53142 53145 53148 53151 53154 53157 53160 
53163 53166 53169 53172 53175 53178 53181 53184 53187 
53190 53193 53196 53199 53202 53205 53208 53211 53214 
53217 53220 53223 53226 53229 53232 53235 53238 53241 
53244 53247 53250 53253 53256 53259 53262 53265 53268 
53271 53274 53277 53280 53283 53286 53289 53292 53295 
53298 53301 53304 53307 53310 53313 53316 53319 53322 
53325 53328 53331 53334 53337 53340 53343 53346 53349 
53352 53355 53358 53361 53364 53367 53370 53373 53376 
53379 53382 53385 53388 53391 53394 53397 53400 53403 
53406 53409 53412 53415 53418 53421 53424 53427 53430 
53433 53436 53439 53442 53445 53448 53451 53454 53457 
53460 53463 53466 53469 53472 53475 53478 53481 53484 
53487 53490 53493 53496 53499 53502 53505 53508 53511 
53514 53517 53520 53523 53526 53529 53532 53535 53538 
53541 53544 53547 53550 53553 53556 53559 53562 53565 
53568 53571 53574 53577 53580 53583 53586 53589 53592 
53595 53598 53601 53604 53607 53610 53613 53616 53619 
53622 53625 53628 53631 53634 53637 53640 53643 53646 
53649 53652 53655 53658 53661 53664 53667 53670 53673 
53676 53679 53682 53685 53688 53691 53694 53697 53700 
53703 53706 53709 53712 53715 53718 53721 53724 53727 
53730 53733 53736 53739 53742 53745 53748 53751 53754 
53757 53760 53763 53766 53769 53772 53775 53778 53781 
53784 53787 53790 53793 53796 53799 53802 53805 53808 
53811 53814 53817 53820 53823 53826 53829 53832 53835 
53838 53841 53844 53847 53850 53853 53856 53859 53862 
53865 53868 53871 53874 53877 53880 53883 53886 53889 
53892 53895 53898 53901 53904 53907 53910 53913 53916 
53919 53922 53925 53928 53931 53934 53937 53940 53943 
53946 53949 53952 53955 53958 53961 53964 53967 53970 
53973 53976 53979 53982 53985 53988 53991 53994 53997 
54000 54003 54006 54009 54012 54015 54018 54021 54024 
54027 54030 54033 54036 54039 54042 54045 54048 54051 
54054 54057 54060 54063 54066 54069 54072 54075 54078 
54081 54084 54087 54090 54093 54096 54099 54102 54105 
54108 54111 54114 54117 54120 54123 54126 54129 54132 
54135 54138 54141 54144 54147 54150 54153 54156 54159 
54162 54165 54168 54171 54174 54177 54180 54183 54186 
54189 54192 54195 54198 54201 54204 54207 54210 54213 
54216 54219 54222 54225 54228 54231 54234 54237 54240 
54243 54246 54249 54252 54255 54258 54261 54264 54267 
54270 54273 54276 54279 54282 54285 54288 54291 54294 
54297 54300 54303 54306 54309 54312 54315 54318 54321 
54324 54327 54330 54333 54336 54339 54342 54345 54348 
54351 54354 54357 54360 54363 54366 54369 54372 54375 
54378 54381 54384 54387 54390 54393 54396 54399 54402 
54405 54408 54411 54414 54417 54420 54423 54426 54429 
54432 54435 54438 54441 54444 54447 54450 54453 54456 
54459 54462 54465 54468 54471 54474 54477 54480 54483 
54486 54489 54492 54495 54498 54501 54504 54507 54510 
54513 54516 54519 54522 54525 54528 54531 54534 54537 
54540 54543 54546 54549 54552 54555 54558 54561 54564 
54567 54570 54573 54576 54579 54582 54585 54588 54591 
54594 54597 54600 54603 54606 54609 54612 54615 54618 
54621 54624 54627 54630 54633 54636 54639 54642 54645 
54648 54651 54654 54657 54660 54663 54666 54669 54672 
54675 54678 54681 54684 54687 54690 54693 54696 54699 
54702 54705 54708 54711 54714 54717 54720 54723 54726 
54729 54732 54735 54738 54741 54744 54747 54750 54753 
54756 54759 54762 54765 54768 54771 54774 54777 54780 
54783 54786 54789 54792 54795 54798 54801 54804 54807 
54810 54813 54816 54819 54822 54825 54828 54831 54834 
54837 54840 54843 54846 54849 54852 54855 54858 54861 
54864 54867 54870 54873 54876 54879 54882 54885 54888 
54891 54894 54897 54900 54903 54906 54909 54912 54915 
54918 54921 54924 54927 54930 54933 54936 54939 54942 
54945 54948 54951 54954 54957 54960 54963 54966 54969 
54972 54975 54978 54981 54984 54987 54990 54993 54996 
54999 55002 55005 55008 55011 55014 55017 55020 55023 
55026 55029 55032 55035 55038 55041 55044 55047 55050 
55053 55056 55059 55062 55065 55068 55071 55074 55077 
55080 55083 55086 55089 55092 55095 55098 55101 55104 
55107 55110 55113 55116 55119 55122 55125 55128 55131 
55134 55137 55140 55143 55146 55149 55152 55155 55158 
55161 55164 55167 55170 55173 55176 55179 55182 55185 
55188 55191 55194 55197 55200 55203 55206 55209 55212 
55215 55218 55221 55224 
CONNECTIVITY vtktypeint64
0 1 2 3 0 2 4 5 0 
0 5 1 6 7 4 4 7 5 
8 9 6 6 9 7 10 11 8 
8 11 9 12 13 10 10 13 11 
14 15 12 12 15 13 16 17 14 
14 17 15 18 19 16 16 19 17 
20 21 18 18 21 19 22 23 20 
20 23 21 24 25 22 22 25 23 
26 27 24 24 27 25 27 26 28 
29 27 28 30 31 32 33 30 32 
34 35 30 30 35 31 2 34 3 
35 34 2 28 36 29 37 36 28 
38 39 37 37 39 36 39 38 40 
41 39 40 42 43 44 45 42 44 
46 47 42 42 47 43 32 46 33 
47 46 32 40 48 41 49 48 40 
50 51 49 49 51 48 51 50 52 
53 51 52 54 55 56 57 54 56 
44 54 45 55 54 44 52 58 53 
59 58 52 58 59 60 61 58 60 
62 63 64 65 62 64 66 67 62 
62 67 63 56 66 57 67 66 56 
60 68 61 69 68 60 70 71 69 
69 71 68 71 70 72 73 71 72 
74 75 76 77 74 76 64 74 65 
75 74 64 72 78 73 79 78 72 
78 79 80 81 78 80 82 83 84 
85 82 84 76 82 77 83 82 76 
80 86 81 87 86 80 86 87 88 
89 86 88 85 84 90 84 91 90 
88 92 89 89 92 93 94 95 96 
97 94 96 91 94 90 95 94 91 
92 98 93 99 98 92 98 99 100 
101 98 100 102 103 104 105 102 104 
96 102 97 103 102 96 100 106 101 
107 106 100 106 107 108 109 106 108 
105 104 110 104 111 110 108 112 109 
109 112 113 114 115 116 117 114 116 
111 114 110 115 114 111 112 118 113 
119 118 112 118 119 120 121 118 120 
117 116 122 116 123 122 120 124 121 
121 124 125 126 127 128 129 126 128 
123 126 122 127 126 123 124 130 125 
131 130 124 130 131 132 133 130 132 
129 128 134 128 135 134 132 136 133 
133 136 137 134 135 138 135 139 138 
136 140 137 137 140 141 138 139 142 
139 143 142 140 144 141 141 144 145 
142 143 146 143 147 146 144 148 145 
145 148 149 146 147 150 147 151 150 
148 152 149 149 152 153 150 151 154 
151 155 154 152 156 153 153 156 157 
154 155 158 155 159 158 156 160 157 
157 160 161 158 159 162 159 163 162 
160 164 161 161 164 165 162 163 166 
163 167 166 164 168 165 165 168 169 
166 167 170 167 171 170 168 172 169 
169 172 173 170 171 174 171 175 174 
172 176 173 173 176 177 174 175 178 
175 179 178 176 180 177 177 180 181 
178 179 182 183 178 182 182 184 183 
185 184 182 186 187 188 189 187 186 
181 180 186 188 181 186 184 185 190 
185 191 190 189 192 187 187 192 193 
190 191 194 195 190 194 194 196 195 
197 196 194 198 199 200 201 199 198 
193 192 198 200 193 198 196 197 202 
197 203 202 201 204 199 199 204 205 
202 203 206 207 202 206 206 208 207 
209 208 206 210 211 212 213 211 210 
205 204 210 212 205 210 208 209 214 
215 208 214 214 216 215 217 216 214 
218 219 220 221 219 218 211 213 218 
220 211 218 216 217 222 217 223 222 
221 224 219 219 224 225 222 223 226 
227 222 226 226 228 227 229 228 226 
230 231 232 233 231 230 225 224 230 
232 225 230 228 229 234 235 228 234 
234 236 235 237 236 234 238 239 240 
241 239 238 231 233 238 240 231 238 
236 237 242 243 236 242 244 243 245 
243 242 245 245 246 244 247 246 245 
248 249 250 251 249 248 252 248 253 
248 250 253 239 241 252 253 239 252 
246 247 254 255 246 254 254 256 255 
257 256 254 258 259 260 261 259 258 
249 251 258 260 249 258 256 257 262 
263 256 262 264 263 265 263 262 265 
265 266 264 267 266 265 268 269 270 
271 269 268 272 268 273 268 270 273 
259 261 272 273 259 272 266 267 274 
275 266 274 276 275 277 275 274 277 
277 278 276 279 278 277 280 281 282 
283 281 280 284 280 285 280 282 285 
269 271 284 285 269 284 278 279 286 
287 278 286 288 287 289 287 286 289 
290 288 291 288 289 291 292 290 293 
290 291 293 294 292 295 292 293 295 
296 294 297 294 295 297 298 296 299 
296 297 299 300 298 301 298 299 301 
302 300 303 300 301 303 304 302 305 
302 303 305 306 304 307 304 305 307 
308 306 309 306 307 309 310 308 311 
308 309 311 281 283 310 311 281 310 
1 312 313 2 1 313 5 314 1 
1 314 312 7 315 5 5 315 314 
9 316 7 7 316 315 11 317 9 
9 317 316 13 318 11 11 318 317 
15 319 13 13 319 318 17 320 15 
15 320 319 19 321 17 17 321 320 
21 322 19 19 322 321 23 323 21 
21 323 322 25 324 23 23 324 323 
27 325 25 25 325 324 325 27 29 
326 325 29 31 327 328 32 31 328 
35 329 31 31 329 327 313 35 2 
329 35 313 29 330 326 36 330 29 
39 331 36 36 331 330 331 39 41 
332 331 41 43 333 334 44 43 334 
47 335 43 43 335 333 328 47 32 
335 47 328 41 336 332 48 336 41 
51 337 48 48 337 336 337 51 53 
338 337 53 55 339 340 56 55 340 
334 55 44 339 55 334 53 341 338 
58 341 53 341 58 61 342 341 61 
63 343 344 64 63 344 67 345 63 
63 345 343 340 67 56 345 67 340 
61 346 342 68 346 61 71 347 68 
68 347 346 347 71 73 348 347 73 
75 349 350 76 75 350 344 75 64 
349 75 344 73 351 348 78 351 73 
351 78 81 352 351 81 83 353 354 
84 83 354 350 83 76 353 83 350 
81 355 352 86 355 81 355 86 89 
356 355 89 84 354 91 354 357 91 
89 93 356 356 93 358 95 359 360 
96 95 360 357 95 91 359 95 357 
93 361 358 98 361 93 361 98 101 
362 361 101 103 363 364 104 103 364 
360 103 96 363 103 360 101 365 362 
106 365 101 365 106 109 366 365 109 
104 364 111 364 367 111 109 113 366 
366 113 368 115 369 370 116 115 370 
367 115 111 369 115 367 113 371 368 
118 371 113 371 118 121 372 371 121 
116 370 123 370 373 123 121 125 372 
372 125 374 127 375 376 128 127 376 
373 127 123 375 127 373 125 377 374 
130 377 125 377 130 133 378 377 133 
128 376 135 376 379 135 133 137 378 
378 137 380 135 379 139 379 381 139 
137 141 380 380 141 382 139 381 143 
381 383 143 141 145 382 382 145 384 
143 383 147 383 385 147 145 149 384 
384 149 386 147 385 151 385 387 151 
149 153 386 386 153 388 151 387 155 
387 389 155 153 157 388 388 157 390 
155 389 159 389 391 159 157 161 390 
390 161 392 159 391 163 391 393 163 
161 165 392 392 165 394 163 393 167 
393 395 167 165 169 394 394 169 396 
167 395 171 395 397 171 169 173 396 
396 173 398 171 397 175 397 399 175 
173 177 398 398 177 400 175 399 179 
399 401 179 177 181 400 400 181 402 
179 401 403 182 179 403 403 185 182 
404 185 403 188 405 406 187 405 188 
402 181 188 406 402 188 185 404 191 
404 407 191 187 193 405 405 193 408 
191 407 409 194 191 409 409 197 194 
410 197 409 200 411 412 199 411 200 
408 193 200 412 408 200 197 410 203 
410 413 203 199 205 411 411 205 414 
203 413 415 206 203 415 415 209 206 
416 209 415 212 417 418 211 417 212 
414 205 212 418 414 212 209 416 419 
214 209 419 419 217 214 420 217 419 
220 421 422 219 421 220 417 211 220 
422 417 220 217 420 223 420 423 223 
219 225 421 421 225 424 223 423 425 
226 223 425 425 229 226 426 229 425 
232 427 428 231 427 232 424 225 232 
428 424 232 229 426 429 234 229 429 
429 237 234 430 237 429 240 431 432 
239 431 240 427 231 240 432 427 240 
237 430 433 242 237 433 245 242 434 
242 433 434 434 247 245 435 247 434 
250 436 437 249 436 250 253 250 438 
250 437 438 431 239 253 438 431 253 
247 435 439 254 247 439 439 257 254 
440 257 439 260 441 442 259 441 260 
436 249 260 442 436 260 257 440 443 
262 257 443 265 262 444 262 443 444 
444 267 265 445 267 444 270 446 447 
269 446 270 273 270 448 270 447 448 
441 259 273 448 441 273 267 445 449 
274 267 449 277 274 450 274 449 450 
450 279 277 451 279 450 282 452 453 
281 452 282 285 282 454 282 453 454 
446 269 285 454 446 285 279 451 455 
286 279 455 289 286 456 286 455 456 
291 289 457 289 456 457 293 291 458 
291 457 458 295 293 459 293 458 459 
297 295 460 295 459 460 299 297 461 
297 460 461 301 299 462 299 461 462 
303 301 463 301 462 463 305 303 464 
303 463 464 307 305 465 305 464 465 
309 307 466 307 465 466 311 309 467 
309 466 467 452 281 311 467 452 311 
312 468 469 313 312 469 314 470 312 
312 470 468 315 471 314 314 471 470 
316 472 315 315 472 471 317 473 316 
316 473 472 318 474 317 317 474 473 
319 475 318 318 475 474 320 476 319 
319 476 475 321 477 320 320 477 476 
322 478 321 321 478 477 323 479 322 
322 479 478 324 480 323 323 480 479 
325 481 324 324 481 480 481 325 326 
482 481 326 327 483 484 328 327 484 
329 485 327 327 485 483 469 329 313 
485 329 469 326 486 482 330 486 326 
331 487 330 330 487 486 487 331 332 
488 487 332 333 489 490 334 333 490 
335 491 333 333 491 489 484 335 328 
491 335 484 332 492 488 336 492 332 
337 493 336 336 493 492 493 337 338 
494 493 338 339 495 496 340 339 496 
490 339 334 495 339 490 338 497 494 
341 497 338 497 341 342 498 497 342 
343 499 500 344 343 500 345 501 343 
343 501 499 496 345 340 501 345 496 
342 502 498 346 502 342 347 503 346 
346 503 502 503 347 348 504 503 348 
349 505 506 350 349 506 500 349 344 
505 349 500 348 507 504 351 507 348 
507 351 352 508 507 352 353 509 510 
354 353 510 506 353 350 509 353 506 
352 511 508 355 511 352 511 355 356 
512 511 356 354 510 357 510 513 357 
356 358 512 512 358 514 359 515 516 
360 359 516 513 359 357 515 359 513 
358 517 514 361 517 358 517 361 362 
518 517 362 363 519 520 364 363 520 
516 363 360 519 363 516 362 521 518 
365 521 362 521 365 366 522 521 366 
364 520 367 520 523 367 366 368 522 
522 368 524 369 525 526 370 369 526 
523 369 367 525 369 523 368 527 524 
371 527 368 527 371 372 528 527 372 
370 526 373 526 529 373 372 374 528 
528 374 530 375 531 532 376 375 532 
529 375 373 531 375 529 374 533 530 
377 533 374 533 377 378 534 533 378 
376 532 379 532 535 379 378 380 534 
534 380 536 379 535 381 535 537 381 
380 382 536 536 382 538 381 537 383 
537 539 383 382 384 538 538 384 540 
383 539 385 539 541 385 384 386 540 
540 386 542 385 541 387 541 543 387 
386 388 542 542 388 544 387 543 389 
543 545 389 388 390 544 544 390 546 
389 545 391 545 547 391 390 392 546 
546 392 548 391 547 393 547 549 393 
392 394 548 548 394 550 393 549 395 
549 551 395 394 396 550 550 396 552 
395 551 397 551 553 397 396 398 552 
552 398 554 397 553 399 553 555 399 
398 400 554 554 400 556 399 555 401 
555 557 401 400 402 556 556 402 558 
401 557 559 403 401 559 559 404 403 
560 404 559 406 561 562 405 561 406 
558 402 406 562 558 406 404 560 407 
560 563 407 405 408 561 561 408 564 
407 563 565 409 407 565 565 410 409 
566 410 565 412 567 568 411 567 412 
564 408 412 568 564 412 410 566 413 
566 569 413 411 414 567 567 414 570 
413 569 571 415 413 571 571 416 415 
572 416 571 418 573 574 417 573 418 
570 414 418 574 570 418 416 572 575 
419 416 575 575 420 419 576 420 575 
422 577 578 421 577 422 573 417 422 
578 573 422 420 576 423 576 579 423 
421 424 577 577 424 580 423 579 581 
425 423 581 581 426 425 582 426 581 
428 583 584 427 583 428 580 424 428 
584 580 428 426 582 585 429 426 585 
585 430 429 586 430 585 432 587 588 
431 587 432 583 427 432 588 583 432 
430 586 589 433 430 589 434 433 590 
433 589 590 590 435 434 591 435 590 
437 592 593 436 592 437 438 437 594 
437 593 594 587 431 438 594 587 438 
435 591 595 439 435 595 595 440 439 
596 440 595 442 597 598 441 597 442 
592 436 442 598 592 442 440 596 599 
443 440 599 444 443 600 443 599 600 
600 445 444 601 445 600 447 602 603 
446 602 447 448 447 604 447 603 604 
597 441 448 604 597 448 445 601 605 
449 445 605 450 449 606 449 605 606 
606 451 450 607 451 606 453 608 609 
452 608 453 454 453 610 453 609 610 
602 446 454 610 602 454 451 607 611 
455 451 611 456 455 612 455 611 612 
457 456 613 456 612 613 458 457 614 
457 613 614 459 458 615 458 614 615 
460 459 616 459 615 616 461 460 617 
460 616 617 462 461 618 461 617 618 
463 462 619 462 618 619 464 463 620 
463 619 620 465 464 621 464 620 621 
466 465 622 465 621 622 467 466 623 
466 622 623 608 452 467 623 608 467 
468 624 625 469 468 625 470 626 468 
468 626 624 471 627 470 470 627 626 
472 628 471 471 628 627 473 629 472 
472 629 628 474 630 473 473 630 629 
475 631 474 474 631 630 476 632 475 
475 632 631 477 633 476 476 633 632 
478 634 477 477 634 633 479 635 478 
478 635 634 480 636 479 479 636 635 
481 637 480 480 637 636 637 481 482 
638 637 482 483 639 640 484 483 640 
485 641 483 483 641 639 625 485 469 
641 485 625 482 642 638 486 642 482 
487 643 486 486 643 642 643 487 488 
644 643 488 489 645 646 490 489 646 
491 647 489 489 647 645 640 491 484 
647 491 640 488 648 644 492 648 488 
493 649 492 492 649 648 649 493 494 
650 649 494 495 651 652 496 495 652 
646 495 490 651 495 646 494 653 650 
497 653 494 653 497 498 654 653 498 
499 655 656 500 499 656 501 657 499 
499 657 655 652 501 496 657 501 652 
498 658 654 502 658 498 503 659 502 
502 659 658 659 503 504 660 659 504 
505 661 662 506 505 662 656 505 500 
661 505 656 504 663 660 507 663 504 
663 507 508 664 663 508 509 665 666 
510 509 666 662 509 506 665 509 662 
508 667 664 511 667 508 667 511 512 
668 667 512 510 666 513 666 669 513 
512 514 668 668 514 670 515 671 672 
516 515 672 669 515 513 671 515 669 
514 673 670 517 673 514 673 517 518 
674 673 518 519 675 676 520 519 676 
672 519 516 675 519 672 518 677 674 
521 677 518 677 521 522 678 677 522 
520 676 523 676 679 523 522 524 678 
678 524 680 525 681 682 526 525 682 
679 525 523 681 525 679 524 683 680 
527 683 524 683 527 528 684 683 528 
526 682 529 682 685 529 528 530 684 
684 530 686 531 687 688 532 531 688 
685 531 529 687 531 685 530 689 686 
533 689 530 689 533 534 690 689 534 
532 688 535 688 691 535 534 536 690 
690 536 692 535 691 537 691 693 537 
536 538 692 692 538 694 537 693 539 
693 695 539 538 540 694 694 540 696 
539 695 541 695 697 541 540 542 696 
696 542 698 541 697 543 697 699 543 
542 544 698 698 544 700 543 699 545 
699 701 545 544 546 700 700 546 702 
545 701 547 701 703 547 546 548 702 
702 548 704 547 703 549 703 705 549 
548 550 704 704 550 706 549 705 551 
705 707 551 550 552 706 706 552 708 
551 707 553 707 709 553 552 554 708 
708 554 710 553 709 555 709 711 555 
554 556 710 710 556 712 555 711 557 
711 713 557 556 558 712 712 558 714 
557 713 715 559 557 715 715 560 559 
716 560 715 562 717 718 561 717 562 
714 558 562 718 714 562 560 716 563 
716 719 563 561 564 717 717 564 720 
563 719 721 565 563 721 721 566 565 
722 566 721 568 723 724 567 723 568 
720 564 568 724 720 568 566 722 569 
722 725 569 567 570 723 723 570 726 
569 725 727 571 569 727 727 572 571 
728 572 727 574 729 730 573 729 574 
726 570 574 730 726 574 572 728 731 
575 572 731 731 576 575 732 576 731 
578 733 734 577 733 578 729 573 578 
734 729 578 576 732 579 732 735 579 
577 580 733 733 580 736 579 735 737 
581 579 737 737 582 581 738 582 737 
584 739 740 583 739 584 736 580 584 
740 736 584 582 738 741 585 582 741 
741 586 585 742 586 741 588 743 744 
587 743 588 739 583 588 744 739 588 
586 742 745 589 586 745 590 589 746 
589 745 746 746 591 590 747 591 746 
593 748 749 592 748 593 594 593 750 
593 749 750 743 587 594 750 743 594 
591 747 751 595 591 751 751 596 595 
752 596 751 598 753 754 597 753 598 
748 592 598 754 748 598 596 752 755 
599 596 755 600 599 756 599 755 756 
756 601 600 757 601 756 603 758 759 
602 758 603 604 603 760 603 759 760 
753 597 604 760 753 604 601 757 761 
605 601 761 606 605 762 605 761 762 
762 607 606 763 607 762 609 764 765 
608 764 609 610 609 766 609 765 766 
758 602 610 766 758 610 607 763 767 
611 607 767 612 611 768 611 767 768 
613 612 769 612 768 769 614 613 770 
613 769 770 615 614 771 614 770 771 
616 615 772 615 771 772 617 616 773 
616 772 773 618 617 774 617 773 774 
619 618 775 618 774 775 620 619 776 
619 775 776 621 620 777 620 776 777 
622 621 778 621 777 778 623 622 779 
622 778 779 764 608 623 779 764 623 
624 780 781 625 624 781 626 782 624 
624 782 780 627 783 626 626 783 782 
628 784 627 627 784 783 629 785 628 
628 785 784 630 786 629 629 786 785 
631 787 630 630 787 786 632 788 631 
631 788 787 633 789 632 632 789 788 
634 790 633 633 790 789 635 791 634 
634 791 790 636 792 635 635 792 791 
637 793 636 636 793 792 793 637 638 
794 793 638 639 795 796 640 639 796 
641 797 639 639 797 795 781 641 625 
797 641 781 638 798 794 642 798 638 
643 799 642 642 799 798 799 643 644 
800 799 644 645 801 802 646 645 802 
647 803 645 645 803 801 796 647 640 
803 647 796 644 804 800 648 804 644 
649 805 648 648 805 804 805 649 650 
806 805 650 651 807 808 652 651 808 
802 651 646 807 651 802 650 809 806 
653 809 650 809 653 654 810 809 654 
655 811 812 656 655 812 657 813 655 
655 813 811 808 657 652 813 657 808 
654 814 810 658 814 654 659 815 658 
658 815 814 815 659 660 816 815 660 
661 817 818 662 661 818 812 661 656 
817 661 812 660 819 816 663 819 660 
819 663 664 820 819 664 665 821 822 
666 665 822 818 665 662 821 665 818 
664 823 820 667 823 664 823 667 668 
824 823 668 666 822 669 822 825 669 
668 670 824 824 670 826 671 827 828 
672 671 828 825 671 669 827 671 825 
670 829 826 673 829 670 829 673 674 
830 829 674 675 831 832 676 675 832 
828 675 672 831 675 828 674 833 830 
677 833 674 833 677 678 834 833 678 
676 832 679 832 835 679 678 680 834 
834 680 836 681 837 838 682 681 838 
835 681 679 837 681 835 680 839 836 
683 839 680 839 683 684 840 839 684 
682 838 685 838 841 685 684 686 840 
840 686 842 687 843 844 688 687 844 
841 687 685 843 687 841 686 845 842 
689 845 686 845 689 690 846 845 690 
688 844 691 844 847 691 690 692 846 
846 692 848 691 847 693 847 849 693 
692 694 848 848 694 850 693 849 695 
849 851 695 694 696 850 850 696 852 
695 851 697 851 853 697 696 698 852 
852 698 854 697 853 699 853 855 699 
698 700 854 854 700 856 699 855 701 
855 857 701 700 702 856 856 702 858 
701 857 703 857 859 703 702 704 858 
858 704 860 703 859 705 859 861 705 
704 706 860 860 706 862 705 861 707 
861 863 707 706 708 862 862 708 864 
707 863 709 863 865 709 708 710 864 
864 710 866 709 865 711 865 867 711 
710 712 866 866 712 868 711 867 713 
867 869 713 712 714 868 868 714 870 
713 869 871 715 713 871 871 716 715 
872 716 871 718 873 874 717 873 718 
870 714 718 874 870 718 716 872 719 
872 875 719 717 720 873 873 720 876 
719 875 877 721 719 877 877 722 721 
878 722 877 724 879 880 723 879 724 
876 720 724 880 876 724 722 878 725 
878 881 725 723 726 879 879 726 882 
725 881 883 727 725 883 883 728 727 
884 728 883 730 885 886 729 885 730 
882 726 730 886 882 730 728 884 887 
731 728 887 887 732 731 888 732 887 
734 889 890 733 889 734 885 729 734 
890 885 734 732 888 735 888 891 735 
733 736 889 889 736 892 735 891 893 
737 735 893 893 738 737 894 738 893 
740 895 896 739 895 740 892 736 740 
896 892 740 738 894 897 741 738 897 
897 742 741 898 742 897 744 899 900 
743 899 744 895 739 744 900 895 744 
742 898 901 745 742 901 746 745 902 
745 901 902 902 747 746 903 747 902 
749 904 905 748 904 749 750 749 906 
749 905 906 899 743 750 906 899 750 
747 903 907 751 747 907 907 752 751 
908 752 907 754 909 910 753 909 754 
904 748 754 910 904 754 752 908 911 
755 752 911 756 755 912 755 911 912 
912 757 756 913 757 912 759 914 915 
758 914 759 760 759 916 759 915 916 
909 753 760 916 909 760 757 913 917 
761 757 917 762 761 918 761 917 918 
918 763 762 919 763 918 765 920 921 
764 920 765 766 765 922 765 921 922 
914 758 766 922 914 766 763 919 923 
767 763 923 768 767 924 767 923 924 
769 768 925 768 924 925 770 769 926 
769 925 926 771 770 927 770 926 927 
772 771 928 771 927 928 773 772 929 
772 928 929 774 773 930 773 929 930 
775 774 931 774 930 931 776 775 932 
775 931 932 777 776 933 776 932 933 
778 777 934 777 933 934 779 778 935 
778 934 935 920 764 779 935 920 779 
780 936 937 781 780 937 782 938 780 
780 938 936 783 939 782 782 939 938 
784 940 783 783 940 939 785 941 784 
784 941 940 786 942 785 785 942 941 
787 943 786 786 943 942 788 944 787 
787 944 943 789 945 788 788 945 944 
790 946 789 789 946 945 791 947 790 
790 947 946 792 948 791 791 948 947 
793 949 792 792 949 948 949 793 794 
950 949 794 795 951 952 796 795 952 
797 953 795 795 953 951 937 797 781 
953 797 937 794 954 950 798 954 794 
799 955 798 798 955 954 955 799 800 
956 955 800 801 957 958 802 801 958 
803 959 801 801 959 957 952 803 796 
959 803 952 800 960 956 804 960 800 
805 961 804 804 961 960 961 805 806 
962 961 806 807 963 964 808 807 964 
958 807 802 963 807 958 806 965 962 
809 965 806 965 809 810 966 965 810 
811 967 968 812 811 968 813 969 811 
811 969 967 964 813 808 969 813 964 
810 970 966 814 970 810 815 971 814 
814 971 970 971 815 816 972 971 816 
817 973 974 818 817 974 968 817 812 
973 817 968 816 975 972 819 975 816 
975 819 820 976 975 820 821 977 978 
822 821 978 974 821 818 977 821 974 
820 979 976 823 979 820 979 823 824 
980 979 824 822 978 825 978 981 825 
824 826 980 980 826 982 827 983 984 
828 827 984 981 827 825 983 827 981 
826 985 982 829 985 826 985 829 830 
986 985 830 831 987 988 832 831 988 
984 831 828 987 831 984 830 989 986 
833 989 830 989 833 834 990 989 834 
832 988 835 988 991 835 834 836 990 
990 836 992 837 993 994 838 837 994 
991 837 835 993 837 991 836 995 992 
839 995 836 995 839 840 996 995 840 
838 994 841 994 997 841 840 842 996 
996 842 998 843 999 1000 844 843 1000 
997 843 841 999 843 997 842 1001 998 
845 1001 842 1001 845 846 1002 1001 846 
844 1000 847 1000 1003 847 846 848 1002 
1002 848 1004 847 1003 849 1003 1005 849 
848 850 1004 1004 850 1006 849 1005 851 
1005 1007 851 850 852 1006 1006 852 1008 
851 1007 853 1007 1009 853 852 854 1008 
1008 854 1010 853 1009 855 1009 1011 855 
854 856 1010 1010 856 1012 855 1011 857 
1011 1013 857 856 858 1012 1012 858 1014 
857 1013 859 1013 1015 859 858 860 1014 
1014 860 1016 859 1015 861 1015 1017 861 
860 862 1016 1016 862 1018 861 1017 863 
1017 1019 863 862 864 1018 1018 864 1020 
863 1019 865 1019 1021 865 864 866 1020 
1020 866 1022 865 1021 867 1021 1023 867 
866 868 1022 1022 868 1024 867 1023 869 
1023 1025 869 868 870 1024 1024 870 1026 
869 1025 1027 871 869 1027 1027 872 871 
1028 872 1027 874 1029 1030 873 1029 874 
1026 870 874 1030 1026 874 872 1028 875 
1028 1031 875 873 876 1029 1029 876 1032 
875 1031 1033 877 875 1033 1033 878 877 
1034 878 1033 880 1035 1036 879 1035 880 
1032 876 880 1036 1032 880 878 1034 881 
1034 1037 881 879 882 1035 1035 882 1038 
881 1037 1039 883 881 1039 1039 884 883 
1040 884 1039 886 1041 1042 885 1041 886 
1038 882 886 1042 1038 886 884 1040 1043 
887 884 1043 1043 888 887 1044 888 1043 
890 1045 1046 889 1045 890 1041 885 890 
1046 1041 890 888 1044 891 1044 1047 891 
889 892 1045 1045 892 1048 891 1047 1049 
893 891 1049 1049 894 893 1050 894 1049 
896 1051 1052 895 1051 896 1048 892 896 
1052 1048 896 894 1050 1053 897 894 1053 
1053 898 897 1054 898 1053 900 1055 1056 
899 1055 900 1051 895 900 1056 1051 900 
898 1054 1057 901 898 1057 902 901 1058 
901 1057 1058 1058 903 902 1059 903 1058 
905 1060 1061 904 1060 905 906 905 1062 
905 1061 1062 1055 899 906 1062 1055 906 
903 1059 1063 907 903 1063 1063 908 907 
1064 908 1063 910 1065 1066 909 1065 910 
1060 904 910 1066 1060 910 908 1064 1067 
911 908 1067 912 911 1068 911 1067 1068 
1068 913 912 1069 913 1068 915 1070 1071 
914 1070 915 916 915 1072 915 1071 1072 
1065 909 916 1072 1065 916 913 1069 1073 
917 913 1073 918 917 1074 917 1073 1074 
1074 919 918 1075 919 1074 921 1076 1077 
920 1076 921 922 921 1078 921 1077 1078 
1070 914 922 1078 1070 922 919 1075 1079 
923 919 1079 924 923 1080 923 1079 1080 
925 924 1081 924 1080 1081 926 925 1082 
925 1081 1082 927 926 1083 926 1082 1083 
928 927 1084 927 1083 1084 929 928 1085 
928 1084 1085 930 929 1086 929 1085 1086 
931 930 1087 930 1086 1087 932 931 1088 
931 1087 1088 933 932 1089 932 1088 1089 
934 933 1090 933 1089 1090 935 934 1091 
934 1090 1091 1076 920 935 1091 1076 935 
936 1092 1093 937 936 1093 938 1094 936 
936 1094 1092 939 1095 938 938 1095 1094 
940 1096 939 939 1096 1095 941 1097 940 
940 1097 1096 942 1098 941 941 1098 1097 
943 1099 942 942 1099 1098 944 1100 943 
943 1100 1099 945 1101 944 944 1101 1100 
946 1102 945 945 1102 1101 947 1103 946 
946 1103 1102 948 1104 947 947 1104 1103 
949 1105 948 948 1105 1104 1105 949 950 
1106 1105 950 951 1107 1108 952 951 1108 
953 1109 951 951 1109 1107 1093 953 937 
1109 953 1093 950 1110 1106 954 1110 950 
955 1111 954 954 1111 1110 1111 955 956 
1112 1111 956 957 1113 1114 958 957 1114 
959 1115 957 957 1115 1113 1108 959 952 
1115 959 1108 956 1116 1112 960 1116 956 
961 1117 960 960 1117 1116 1117 961 962 
1118 1117 962 963 1119 1120 964 963 1120 
1114 963 958 1119 963 1114 962 1121 1118 
965 1121 962 1121 965 966 1122 1121 966 
967 1123 1124 968 967 1124 969 1125 967 
967 1125 1123 1120 969 964 1125 969 1120 
966 1126 1122 970 1126 966 971 1127 970 
970 1127 1126 1127 971 972 1128 1127 972 
973 1129 1130 974 973 1130 1124 973 968 
1129 973 1124 972 1131 1128 975 1131 972 
1131 975 976 1132 1131 976 977 1133 1134 
978 977 1134 1130 977 974 1133 977 1130 
976 1135 1132 979 1135 976 1135 979 980 
1136 1135 980 978 1134 981 1134 1137 981 
980 982 1136 1136 982 1138 983 1139 1140 
984 983 1140 1137 983 981 1139 983 1137 
982 1141 1138 985 1141 982 1141 985 986 
1142 1141 986 987 1143 1144 988 987 1144 
1140 987 984 1143 987 1140 986 1145 1142 
989 1145 986 1145 989 990 1146 1145 990 
988 1144 991 1144 1147 991 990 992 1146 
1146 992 1148 993 1149 1150 994 993 1150 
1147 993 991 1149 993 1147 992 1151 1148 
995 1151 992 1151 995 996 1152 1151 996 
994 1150 997 1150 1153 997 996 998 1152 
1152 998 1154 999 1155 1156 1000 999 1156 
1153 999 997 1155 999 1153 998 1157 1154 
1001 1157 998 1157 1001 1002 1158 1157 1002 
1000 1156 1003 1156 1159 1003 1002 1004 1158 
1158 1004 1160 1003 1159 1005 1159 1161 1005 
1004 1006 1160 1160 1006 1162 1005 1161 1007 
1161 1163 1007 1006 1008 1162 1162 1008 1164 
1007 1163 1009 1163 1165 1009 1008 1010 1164 
1164 1010 1166 1009 1165 1011 1165 1167 1011 
1010 1012 1166 1166 1012 1168 1011 1167 1013 
1167 1169 1013 1012 1014 1168 1168 1014 1170 
1013 1169 1015 1169 1171 1015 1014 1016 1170 
1170 1016 1172 1015 1171 1017 1171 1173 1017 
1016 1018 1172 1172 1018 1174 1017 1173 1019 
1173 1175 1019 1018 1020 1174 1174 1020 1176 
1019 1175 1021 1175 1177 1021 1020 1022 1176 
1176 1022 1178 1021 1177 1023 1177 1179 1023 
1022 1024 1178 1178 1024 1180 1023 1179 1025 
1179 1181 1025 1024 1026 1180 1180 1026 1182 
1025 1181 1183 1027 1025 1183 1183 1028 1027 
1184 1028 1183 1030 1185 1186 1029 1185 1030 
1182 1026 1030 1186 1182 1030 1028 1184 1031 
1184 1187 1031 1029 1032 1185 1185 1032 1188 
1031 1187 1189 1033 1031 1189 1189 1034 1033 
1190 1034 1189 1036 1191 1192 1035 1191 1036 
1188 1032 1036 1192 1188 1036 1034 1190 1037 
1190 1193 1037 1035 1038 1191 1191 1038 1194 
1037 1193 1195 1039 1037 1195 1195 1040 1039 
1196 1040 1195 1042 1197 1198 1041 1197 1042 
1194 1038 1042 1198 1194 1042 1040 1196 1199 
1043 1040 1199 1199 1044 1043 1200 1044 1199 
1046 1201 1202 1045 1201 1046 1197 1041 1046 
1202 1197 1046 1044 1200 1047 1200 1203 1047 
1045 1048 1201 1201 1048 1204 1047 1203 1205 
1049 1047 1205 1205 1050 1049 1206 1050 1205 
1052 1207 1208 1051 1207 1052 1204 1048 1052 
1208 1204 1052 1050 1206 1209 1053 1050 1209 
1209 1054 1053 1210 1054 1209 1056 1211 1212 
1055 1211 1056 1207 1051 1056 1212 1207 1056 
1054 1210 1213 1057 1054 1213 1058 1057 1214 
1057 1213 1214 1214 1059 1058 1215 1059 1214 
1061 1216 1217 1060 1216 1061 1062 1061 1218 
1061 1217 1218 1211 1055 1062 1218 1211 1062 
1059 1215 1219 1063 1059 1219 1219 1064 1063 
1220 1064 1219 1066 1221 1222 1065 1221 1066 
1216 1060 1066 1222 1216 1066 1064 1220 1223 
1067 1064 1223 1068 1067 1224 1067 1223 1224 
1224 1069 1068 1225 1069 1224 1071 1226 1227 
1070 1226 1071 1072 1071 1228 1071 1227 1228 
1221 1065 1072 1228 1221 1072 1069 1225 1229 
1073 1069 1229 1074 1073 1230 1073 1229 1230 
1230 1075 1074 1231 1075 1230 1077 1232 1233 
1076 1232 1077 1078 1077 1234 1077 1233 1234 
1226 1070 1078 1234 1226 1078 1075 1231 1235 
1079 1075 1235 1080 1079 1236 1079 1235 1236 
1081 1080 1237 1080 1236 1237 1082 1081 1238 
1081 1237 1238 1083 1082 1239 1082 1238 1239 
1084 1083 1240 1083 1239 1240 1085 1084 1241 
1084 1240 1241 1086 1085 1242 1085 1241 1242 
1087 1086 1243 1086 1242 1243 1088 1087 1244 
1087 1243 1244 1089 1088 1245 1088 1244 1245 
1090 1089 1246 1089 1245 1246 1091 1090 1247 
1090 1246 1247 1232 1076 1091 1247 1232 1091 
1092 1248 1249 1093 1092 1249 1094 1250 1092 
1092 1250 1248 1095 1251 1094 1094 1251 1250 
1096 1252 1095 1095 1252 1251 1097 1253 1096 
1096 1253 1252 1098 1254 1097 1097 1254 1253 
1099 1255 1098 1098 1255 1254 1100 1256 1099 
1099 1256 1255 1101 1257 1100 1100 1257 1256 
1102 1258 1101 1101 1258 1257 1103 1259 1102 
1102 1259 1258 1104 1260 1103 1103 1260 1259 
1105 1261 1104 1104 1261 1260 1261 1105 1106 
1262 1261 1106 1107 1263 1264 1108 1107 1264 
1109 1265 1107 1107 1265 1263 1249 1109 1093 
1265 1109 1249 1106 1266 1262 1110 1266 1106 
1111 1267 1110 1110 1267 1266 1267 1111 1112 
1268 1267 1112 1113 1269 1270 1114 1113 1270 
1115 1271 1113 1113 1271 1269 1264 1115 1108 
1271 1115 1264 1112 1272 1268 1116 1272 1112 
1117 1273 1116 1116 1273 1272 1273 1117 1118 
1274 1273 1118 1119 1275 1276 1120 1119 1276 
1270 1119 1114 1275 1119 1270 1118 1277 1274 
1121 1277 1118 1277 1121 1122 1278 1277 1122 
1123 1279 1280 1124 1123 1280 1125 1281 1123 
1123 1281 1279 1276 1125 1120 1281 1125 1276 
1122 1282 1278 1126 1282 1122 1127 1283 1126 
1126 1283 1282 1283 1127 1128 1284 1283 1128 
1129 1285 1286 1130 1129 1286 1280 1129 1124 
1285 1129 1280 1128 1287 1284 1131 1287 1128 
1287 1131 1132 1288 1287 1132 1133 1289 1290 
1134 1133 1290 1286 1133 1130 1289 1133 1286 
1132 1291 1288 1135 1291 1132 1291 1135 1136 
1292 1291 1136 1134 1290 1137 1290 1293 1137 
1136 1138 1292 1292 1138 1294 1139 1295 1296 
1140 1139 1296 1293 1139 1137 1295 1139 1293 
1138 1297 1294 1141 1297 1138 1297 1141 1142 
1298 1297 1142 1143 1299 1300 1144 1143 1300 
1296 1143 1140 1299 1143 1296 1142 1301 1298 
1145 1301 1142 1301 1145 1146 1302 1301 1146 
1144 1300 1147 1300 1303 1147 1146 1148 1302 
1302 1148 1304 1149 1305 1306 1150 1149 1306 
1303 1149 1147 1305 1149 1303 1148 1307 1304 
1151 1307 1148 1307 1151 1152 1308 1307 1152 
1150 1306 1153 1306 1309 1153 1152 1154 1308 
1308 1154 1310 1155 1311 1312 1156 1155 1312 
1309 1155 1153 1311 1155 1309 1154 1313 1310 
1157 1313 1154 1313 1157 1158 1314 1313 1158 
1156 1312 1159 1312 1315 1159 1158 1160 1314 
1314 1160 1316 1159 1315 1161 1315 1317 1161 
1160 1162 1316 1316 1162 1318 1161 1317 1163 
1317 1319 1163 1162 1164 1318 1318 1164 1320 
1163 1319 1165 1319 1321 1165 1164 1166 1320 
1320 1166 1322 1165 1321 1167 1321 1323 1167 
1166 1168 1322 1322 1168 1324 1167 1323 1169 
1323 1325 1169 1168 1170 1324 1324 1170 1326 
1169 1325 1171 1325 1327 1171 1170 1172 1326 
1326 1172 1328 1171 1327 1173 1327 1329 1173 
1172 1174 1328 1328 1174 1330 1173 1329 1175 
1329 1331 1175 1174 1176 1330 1330 1176 1332 
1175 1331 1177 1331 1333 1177 1176 1178 1332 
1332 1178 1334 1177 1333 1179 1333 1335 1179 
1178 1180 1334 1334 1180 1336 1179 1335 1181 
1335 1337 1181 1180 1182 1336 1336 1182 1338 
1181 1337 1339 1183 1181 1339 1339 1184 1183 
1340 1184 1339 1186 1341 1342 1185 1341 1186 
1338 1182 1186 1342 1338 1186 1184 1340 1187 
1340 1343 1187 1185 1188 1341 1341 1188 1344 
1187 1343 1345 1189 1187 1345 1345 1190 1189 
1346 1190 1345 1192 1347 1348 1191 1347 1192 
1344 1188 1192 1348 1344 1192 1190 1346 1193 
1346 1349 1193 1191 1194 1347 1347 1194 1350 
1193 1349 1351 1195 1193 1351 1351 1196 1195 
1352 1196 1351 1198 1353 1354 1197 1353 1198 
1350 1194 1198 1354 1350 1198 1196 1352 1355 
1199 1196 1355 1355 1200 1199 1356 1200 1355 
1202 1357 1358 1201 1357 1202 1353 1197 1202 
1358 1353 1202 1200 1356 1203 1356 1359 1203 
1201 1204 1357 1357 1204 1360 1203 1359 1361 
1205 1203 1361 1361 1206 1205 1362 1206 1361 
1208 1363 1364 1207 1363 1208 1360 1204 1208 
1364 1360 1208 1206 1362 1365 1209 1206 1365 
1365 1210 1209 1366 1210 1365 1212 1367 1368 
1211 1367 1212 1363 1207 1212 1368 1363 1212 
1210 1366 1369 1213 1210 1369 1214 1213 1370 
1213 1369 1370 1370 1215 1214 1371 1215 1370 
1217 1372 1373 1216 1372 1217 1218 1217 1374 
1217 1373 1374 1367 1211 1218 1374 1367 1218 
1215 1371 1375 1219 1215 1375 1375 1220 1219 
1376 1220 1375 1222 1377 1378 1221 1377 1222 
1372 1216 1222 1378 1372 1222 1220 1376 1379 
1223 1220 1379 1224 1223 1380 1223 1379 1380 
1380 1225 1224 1381 1225 1380 1227 1382 1383 
1226 1382 1227 1228 1227 1384 1227 1383 1384 
1377 1221 1228 1384 1377 1228 1225 1381 1385 
1229 1225 1385 1230 1229 1386 1229 1385 1386 
1386 1231 1230 1387 1231 1386 1233 1388 1389 
1232 1388 1233 1234 1233 1390 1233 1389 1390 
1382 1226 1234 1390 1382 1234 1231 1387 1391 
1235 1231 1391 1236 1235 1392 1235 1391 1392 
1237 1236 1393 1236 1392 1393 1238 1237 1394 
1237 1393 1394 1239 1238 1395 1238 1394 1395 
1240 1239 1396 1239 1395 1396 1241 1240 1397 
1240 1396 1397 1242 1241 1398 1241 1397 1398 
1243 1242 1399 1242 1398 1399 1244 1243 1400 
1243 1399 1400 1245 1244 1401 1244 1400 1401 
1246 1245 1402 1245 1401 1402 1247 1246 1403 
1246 1402 1403 1388 1232 1247 1403 1388 1247 
1248 1404 1405 1249 1248 1405 1250 1406 1248 
1248 1406 1404 1251 1407 1250 1250 1407 1406 
1252 1408 1251 1251 1408 1407 1253 1409 1252 
1252 1409 1408 1254 1410 1253 1253 1410 1409 
1255 1411 1254 1254 1411 1410 1256 1412 1255 
1255 1412 1411 1257 1413 1256 1256 1413 1412 
1258 1414 1257 1257 1414 1413 1259 1415 1258 
1258 1415 1414 1260 1416 1259 1259 1416 1415 
1261 1417 1260 1260 1417 1416 1417 1261 1262 
1418 1417 1262 1263 1419 1420 1264 1263 1420 
1265 1421 1263 1263 1421 1419 1405 1265 1249 
1421 1265 1405 1262 1422 1418 1266 1422 1262 
1267 1423 1266 1266 1423 1422 1423 1267 1268 
1424 1423 1268 1269 1425 1426 1270 1269 1426 
1271 1427 1269 1269 1427 1425 1420 1271 1264 
1427 1271 1420 1268 1428 1424 1272 1428 1268 
1273 1429 1272 1272 1429 1428 1429 1273 1274 
1430 1429 1274 1275 1431 1432 1276 1275 1432 
1426 1275 1270 1431 1275 1426 1274 1433 1430 
1277 1433 1274 1433 1277 1278 1434 1433 1278 
1279 1435 1436 1280 1279 1436 1281 1437 1279 
1279 1437 1435 1432 1281 1276 1437 1281 1432 
1278 1438 1434 1282 1438 1278 1283 1439 1282 
1282 1439 1438 1439 1283 1284 1440 1439 1284 
1285 1441 1442 1286 1285 1442 1436 1285 1280 
1441 1285 1436 1284 1443 1440 1287 1443 1284 
1443 1287 1288 1444 1443 1288 1289 1445 1446 
1290 1289 1446 1442 1289 1286 1445 1289 1442 
1288 1447 1444 1291 1447 1288 1447 1291 1292 
1448 1447 1292 1290 1446 1293 1446 1449 1293 
1292 1294 1448 1448 1294 1450 1295 1451 1452 
1296 1295 1452 1449 1295 1293 1451 1295 1449 
1294 1453 1450 1297 1453 1294 1453 1297 1298 
1454 1453 1298 1299 1455 1456 1300 1299 1456 
1452 1299 1296 1455 1299 1452 1298 1457 1454 
1301 1457 1298 1457 1301 1302 1458 1457 1302 
1300 1456 1303 1456 1459 1303 1302 1304 1458 
1458 1304 1460 1305 1461 1462 1306 1305 1462 
1459 1305 1303 1461 1305 1459 1304 1463 1460 
1307 1463 1304 1463 1307 1308 1464 1463 1308 
1306 1462 1309 1462 1465 1309 1308 1310 1464 
1464 1310 1466 1311 1467 1468 1312 1311 1468 
1465 1311 1309 1467 1311 1465 1310 1469 1466 
1313 1469 1310 1469 1313 1314 1470 1469 1314 
1312 1468 1315 1468 1471 1315 1314 1316 1470 
1470 1316 1472 1315 1471 1317 1471 1473 1317 
1316 1318 1472 1472 1318 1474 1317 1473 1319 
1473 1475 1319 1318 1320 1474 1474 1320 1476 
1319 1475 1321 1475 1477 1321 1320 1322 1476 
1476 1322 1478 1321 1477 1323 1477 1479 1323 
1322 1324 1478 1478 1324 1480 1323 1479 1325 
1479 1481 1325 1324 1326 1480 1480 1326 1482 
1325 1481 1327 1481 1483 1327 1326 1328 1482 
1482 1328 1484 1327 1483 1329 1483 1485 1329 
1328 1330 1484 1484 1330 1486 1329 1485 1331 
1485 1487 1331 1330 1332 1486 1486 1332 1488 
1331 1487 1333 1487 1489 1333 1332 1334 1488 
1488 1334 1490 1333 1489 1335 1489 1491 1335 
1334 1336 1490 1490 1336 1492 1335 1491 1337 
1491 1493 1337 1336 1338 1492 1492 1338 1494 
1337 1493 1495 1339 1337 1495 1495 1340 1339 
1496 1340 1495 1342 1497 1498 1341 1497 1342 
1494 1338 1342 1498 1494 1342 1340 1496 1343 
1496 1499 1343 1341 1344 1497 1497 1344 1500 
1343 1499 1501 1345 1343 1501 1501 1346 1345 
1502 1346 1501 1348 1503 1504 1347 1503 1348 
1500 1344 1348 1504 1500 1348 1346 1502 1349 
1502 1505 1349 1347 1350 1503 1503 1350 1506 
1349 1505 1507 1351 1349 1507 1507 1352 1351 
1508 1352 1507 1354 1509 1510 1353 1509 1354 
1506 1350 1354 1510 1506 1354 1352 1508 1511 
1355 1352 1511 1511 1356 1355 1512 1356 1511 
1358 1513 1514 1357 1513 1358 1509 1353 1358 
1514 1509 1358 1356 1512 1359 1512 1515 1359 
1357 1360 1513 1513 1360 1516 1359 1515 1517 
1361 1359 1517 1517 1362 1361 1518 1362 1517 
1364 1519 1520 1363 1519 1364 1516 1360 1364 
1520 1516 1364 1362 1518 1521 1365 1362 1521 
1521 1366 1365 1522 1366 1521 1368 1523 1524 
1367 1523 1368 1519 1363 1368 1524 1519 1368 
1366 1522 1525 1369 1366 1525 1370 1369 1526 
1369 1525 1526 1526 1371 1370 1527 1371 1526 
1373 1528 1529 1372 1528 1373 1374 1373 1530 
1373 1529 1530 1523 1367 1374 1530 1523 1374 
1371 1527 1531 1375 1371 1531 1531 1376 1375 
1532 1376 1531 1378 1533 1534 1377 1533 1378 
1528 1372 1378 1534 1528 1378 1376 1532 1535 
1379 1376 1535 1380 1379 1536 1379 1535 1536 
1536 1381 1380 1537 1381 1536 1383 1538 1539 
1382 1538 1383 1384 1383 1540 1383 1539 1540 
1533 1377 1384 1540 1533 1384 1381 1537 1541 
1385 1381 1541 1386 1385 1542 1385 1541 1542 
1542 1387 1386 1543 1387 1542 1389 1544 1545 
1388 1544 1389 1390 1389 1546 1389 1545 1546 
1538 1382 1390 1546 1538 1390 1387 1543 1547 
1391 1387 1547 1392 1391 1548 1391 1547 1548 
1393 1392 1549 1392 1548 1549 1394 1393 1550 
1393 1549 1550 1395 1394 1551 1394 1550 1551 
1396 1395 1552 1395 1551 1552 1397 1396 1553 
1396 1552 1553 1398 1397 1554 1397 1553 1554 
1399 1398 1555 1398 1554 1555 1400 1399 1556 
1399 1555 1556 1401 1400 1557 1400 1556 1557 
1402 1401 1558 1401 1557 1558 1403 1402 1559 
1402 1558 1559 1544 1388 1403 1559 1544 1403 
1404 1560 1561 1405 1404 1561 1406 1562 1404 
1404 1562 1560 1407 1563 1406 1406 1563 1562 
1408 1564 1407 1407 1564 1563 1409 1565 1408 
1408 1565 1564 1410 1566 1409 1409 1566 1565 
1411 1567 1410 1410 1567 1566 1412 1568 1411 
1411 1568 1567 1413 1569 1412 1412 1569 1568 
1414 1570 1413 1413 1570 1569 1415 1571 1414 
1414 1571 1570 1416 1572 1415 1415 1572 1571 
1417 1573 1416 1416 1573 1572 1573 1417 1418 
1574 1573 1418 1419 1575 1576 1420 1419 1576 
1421 1577 1419 1419 1577 1575 1561 1421 1405 
1577 1421 1561 1418 1578 1574 1422 1578 1418 
1423 1579 1422 1422 1579 1578 1579 1423 1424 
1580 1579 1424 1425 1581 1582 1426 1425 1582 
1427 1583 1425 1425 1583 1581 1576 1427 1420 
1583 1427 1576 1424 1584 1580 1428 1584 1424 
1429 1585 1428 1428 1585 1584 1585 1429 1430 
1586 1585 1430 1431 1587 1588 1432 1431 1588 
1582 1431 1426 1587 1431 1582 1430 1589 1586 
1433 1589 1430 1589 1433 1434 1590 1589 1434 
1435 1591 1592 1436 1435 1592 1437 1593 1435 
1435 1593 1591 1588 1437 1432 1593 1437 1588 
1434 1594 1590 1438 1594 1434 1439 1595 1438 
1438 1595 1594 1595 1439 1440 1596 1595 1440 
1441 1597 1598 1442 1441 1598 1592 1441 1436 
1597 1441 1592 1440 1599 1596 1443 1599 1440 
1599 1443 1444 1600 1599 1444 1445 1601 1602 
1446 1445 1602 1598 1445 1442 1601 1445 1598 
1444 1603 1600 1447 1603 1444 1603 1447 1448 
1604 1603 1448 1446 1602 1449 1602 1605 1449 
1448 1450 1604 1604 1450 1606 1451 1607 1608 
1452 1451 1608 1605 1451 1449 1607 1451 1605 
1450 1609 1606 1453 1609 1450 1609 1453 1454 
1610 1609 1454 1455 1611 1612 1456 1455 1612 
1608 1455 1452 1611 1455 1608 1454 1613 1610 
1457 1613 1454 1613 1457 1458 1614 1613 1458 
1456 1612 1459 1612 1615 1459 1458 1460 1614 
1614 1460 1616 1461 1617 1618 1462 1461 1618 
1615 1461 1459 1617 1461 1615 1460 1619 1616 
1463 1619 1460 1619 1463 1464 1620 1619 1464 
1462 1618 1465 1618 1621 1465 1464 1466 1620 
1620 1466 1622 1467 1623 1624 1468 1467 1624 
1621 1467 1465 1623 1467 1621 1466 1625 1622 
1469 1625 1466 1625 1469 1470 1626 1625 1470 
1468 1624 1471 1624 1627 1471 1470 1472 1626 
1626 1472 1628 1471 1627 1473 1627 1629 1473 
1472 1474 1628 1628 1474 1630 1473 1629 1475 
1629 1631 1475 1474 1476 1630 1630 1476 1632 
1475 1631 1477 1631 1633 1477 1476 1478 1632 
1632 1478 1634 1477 1633 1479 1633 1635 1479 
1478 1480 1634 1634 1480 1636 1479 1635 1481 
1635 1637 1481 1480 1482 1636 1636 1482 1638 
1481 1637 1483 1637 1639 1483 1482 1484 1638 
1638 1484 1640 1483 1639 1485 1639 1641 1485 
1484 1486 1640 1640 1486 1642 1485 1641 1487 
1641 1643 1487 1486 1488 1642 1642 1488 1644 
1487 1643 1489 1643 1645 1489 1488 1490 1644 
1644 1490 1646 1489 1645 1491 1645 1647 1491 
1490 1492 1646 1646 1492 1648 1491 1647 1493 
1647 1649 1493 1492 1494 1648 1648 1494 1650 
1493 1649 1651 1495 1493 1651 1651 1496 1495 
1652 1496 1651 1498 1653 1654 1497 1653 1498 
1650 1494 1498 1654 1650 1498 1496 1652 1499 
1652 1655 1499 1497 1500 1653 1653 1500 1656 
1499 1655 1657 1501 1499 1657 1657 1502 1501 
1658 1502 1657 1504 1659 1660 1503 1659 1504 
1656 1500 1504 1660 1656 1504 1502 1658 1505 
1658 1661 1505 1503 1506 1659 1659 1506 1662 
1505 1661 1663 1507 1505 1663 1663 1508 1507 
1664 1508 1663 1510 1665 1666 1509 1665 1510 
1662 1506 1510 1666 1662 1510 1508 1664 1667 
1511 1508 1667 1667 1512 1511 1668 1512 1667 
1514 1669 1670 1513 1669 1514 1665 1509 1514 
1670 1665 1514 1512 1668 1515 1668 1671 1515 
1513 1516 1669 1669 1516 1672 1515 1671 1673 
1517 1515 1673 1673 1518 1517 1674 1518 1673 
1520 1675 1676 1519 1675 1520 1672 1516 1520 
1676 1672 1520 1518 1674 1677 1521 1518 1677 
1677 1522 1521 1678 1522 1677 1524 1679 1680 
1523 1679 1524 1675 1519 1524 1680 1675 1524 
1522 1678 1681 1525 1522 1681 1526 1525 1682 
1525 1681 1682 1682 1527 1526 1683 1527 1682 
1529 1684 1685 1528 1684 1529 1530 1529 1686 
1529 1685 1686 1679 1523 1530 1686 1679 1530 
1527 1683 1687 1531 1527 1687 1687 1532 1531 
1688 1532 1687 1534 1689 1690 1533 1689 1534 
1684 1528 1534 1690 1684 1534 1532 1688 1691 
1535 1532 1691 1536 1535 1692 1535 1691 1692 
1692 1537 1536 1693 1537 1692 1539 1694 1695 
1538 1694 1539 1540 1539 1696 1539 1695 1696 
1689 1533 1540 1696 1689 1540 1537 1693 1697 
1541 1537 1697 1542 1541 1698 1541 1697 1698 
1698 1543 1542 1699 1543 1698 1545 1700 1701 
1544 1700 1545 1546 1545 1702 1545 1701 1702 
1694 1538 1546 1702 1694 1546 1543 1699 1703 
1547 1543 1703 1548 1547 1704 1547 1703 1704 
1549 1548 1705 1548 1704 1705 1550 1549 1706 
1549 1705 1706 1551 1550 1707 1550 1706 1707 
1552 1551 1708 1551 1707 1708 1553 1552 1709 
1552 1708 1709 1554 1553 1710 1553 1709 1710 
1555 1554 1711 1554 1710 1711 1556 1555 1712 
1555 1711 1712 1557 1556 1713 1556 1712 1713 
1558 1557 1714 1557 1713 1714 1559 1558 1715 
1558 1714 1715 1700 1544 1559 1715 1700 1559 
1560 1716 1717 1561 1560 1717 1562 1718 1560 
1560 1718 1716 1563 1719 1562 1562 1719 1718 
1564 1720 1563 1563 1720 1719 1565 1721 1564 
1564 1721 1720 1566 1722 1565 1565 1722 1721 
1567 1723 1566 1566 1723 1722 1568 1724 1567 
1567 1724 1723 1569 1725 1568 1568 1725 1724 
1570 1726 1569 1569 1726 1725 1571 1727 1570 
1570 1727 1726 1572 1728 1571 1571 1728 1727 
1573 1729 1572 1572 1729 1728 1729 1573 1574 
1730 1729 1574 1575 1731 1732 1576 1575 1732 
1577 1733 1575 1575 1733 1731 1717 1577 1561 
1733 1577 1717 1574 1734 1730 1578 1734 1574 
1579 1735 1578 1578 1735 1734 1735 1579 1580 
1736 1735 1580 1581 1737 1738 1582 1581 1738 
1583 1739 1581 1581 1739 1737 1732 1583 1576 
1739 1583 1732 1580 1740 1736 1584 1740 1580 
1585 1741 1584 1584 1741 1740 1741 1585 1586 
1742 1741 1586 1587 1743 1744 1588 1587 1744 
1738 1587 1582 1743 1587 1738 1586 1745 1742 
1589 1745 1586 1745 1589 1590 1746 1745 1590 
1591 1747 1748 1592 1591 1748 1593 1749 1591 
1591 1749 1747 1744 1593 1588 1749 1593 1744 
1590 1750 1746 1594 1750 1590 1595 1751 1594 
1594 1751 1750 1751 1595 1596 1752 1751 1596 
1597 1753 1754 1598 1597 1754 1748 1597 1592 
1753 1597 1748 1596 1755 1752 1599 1755 1596 
1755 1599 1600 1756 1755 1600 1601 1757 1758 
1602 1601 1758 1754 1601 1598 1757 1601 1754 
1600 1759 1756 1603 1759 1600 1759 1603 1604 
1760 1759 1604 1602 1758 1605 1758 1761 1605 
1604 1606 1760 1760 1606 1762 1607 1763 1764 
1608 1607 1764 1761 1607 1605 1763 1607 1761 
1606 1765 1762 1609 1765 1606 1765 1609 1610 
1766 1765 1610 1611 1767 1768 1612 1611 1768 
1764 1611 1608 1767 1611 1764 1610 1769 1766 
1613 1769 1610 1769 1613 1614 1770 1769 1614 
1612 1768 1615 1768 1771 1615 1614 1616 1770 
1770 1616 1772 1617 1773 1774 1618 1617 1774 
1771 1617 1615 1773 1617 1771 1616 1775 1772 
1619 1775 1616 1775 1619 1620 1776 1775 1620 
1618 1774 1621 1774 1777 1621 1620 1622 1776 
1776 1622 1778 1623 1779 1780 1624 1623 1780 
1777 1623 1621 1779 1623 1777 1622 1781 1778 
1625 1781 1622 1781 1625 1626 1782 1781 1626 
1624 1780 1627 1780 1783 1627 1626 1628 1782 
1782 1628 1784 1627 1783 1629 1783 1785 1629 
1628 1630 1784 1784 1630 1786 1629 1785 1631 
1785 1787 1631 1630 1632 1786 1786 1632 1788 
1631 1787 1633 1787 1789 1633 1632 1634 1788 
1788 1634 1790 1633 1789 1635 1789 1791 1635 
1634 1636 1790 1790 1636 1792 1635 1791 1637 
1791 1793 1637 1636 1638 1792 1792 1638 1794 
1637 1793 1639 1793 1795 1639 1638 1640 1794 
1794 1640 1796 1639 1795 1641 1795 1797 1641 
1640 1642 1796 1796 1642 1798 1641 1797 1643 
1797 1799 1643 1642 1644 1798 1798 1644 1800 
1643 1799 1645 1799 1801 1645 1644 1646 1800 
1800 1646 1802 1645 1801 1647 1801 1803 1647 
1646 1648 1802 1802 1648 1804 1647 1803 1649 
1803 1805 1649 1648 1650 1804 1804 1650 1806 
1649 1805 1807 1651 1649 1807 1807 1652 1651 
1808 1652 1807 1654 1809 1810 1653 1809 1654 
1806 1650 1654 1810 1806 1654 1652 1808 1655 
1808 1811 1655 1653 1656 1809 1809 1656 1812 
1655 1811 1813 1657 1655 1813 1813 1658 1657 
1814 1658 1813 1660 1815 1816 1659 1815 1660 
1812 1656 1660 1816 1812 1660 1658 1814 1661 
1814 1817 1661 1659 1662 1815 1815 1662 1818 
1661 1817 1819 1663 1661 1819 1819 1664 1663 
1820 1664 1819 1666 1821 1822 1665 1821 1666 
1818 1662 1666 1822 1818 1666 1664 1820 1823 
1667 1664 1823 1823 1668 1667 1824 1668 1823 
1670 1825 1826 1669 1825 1670 1821 1665 1670 
1826 1821 1670 1668 1824 1671 1824 1827 1671 
1669 1672 1825 1825 1672 1828 1671 1827 1829 
1673 1671 1829 1829 1674 1673 1830 1674 1829 
1676 1831 1832 1675 1831 1676 1828 1672 1676 
1832 1828 1676 1674 1830 1833 1677 1674 1833 
1833 1678 1677 1834 1678 1833 1680 1835 1836 
1679 1835 1680 1831 1675 1680 1836 1831 1680 
1678 1834 1837 1681 1678 1837 1682 1681 1838 
1681 1837 1838 1838 1683 1682 1839 1683 1838 
1685 1840 1841 1684 1840 1685 1686 1685 1842 
1685 1841 1842 1835 1679 1686 1842 1835 1686 
1683 1839 1843 1687 1683 1843 1843 1688 1687 
1844 1688 1843 1690 1845 1846 1689 1845 1690 
1840 1684 1690 1846 1840 1690 1688 1844 1847 
1691 1688 1847 1692 1691 1848 1691 1847 1848 
1848 1693 1692 1849 1693 1848 1695 1850 1851 
1694 1850 1695 1696 1695 1852 1695 1851 1852 
1845 1689 1696 1852 1845 1696 1693 1849 1853 
1697 1693 1853 1698 1697 1854 1697 1853 1854 
1854 1699 1698 1855 1699 1854 1701 1856 1857 
1700 1856 1701 1702 1701 1858 1701 1857 1858 
1850 1694 1702 1858 1850 1702 1699 1855 1859 
1703 1699 1859 1704 1703 1860 1703 1859 1860 
1705 1704 1861 1704 1860 1861 1706 1705 1862 
1705 1861 1862 1707 1706 1863 1706 1862 1863 
1708 1707 1864 1707 1863 1864 1709 1708 1865 
1708 1864 1865 1710 1709 1866 1709 1865 1866 
1711 1710 1867 1710 1866 1867 1712 1711 1868 
1711 1867 1868 1713 1712 1869 1712 1868 1869 
1714 1713 1870 1713 1869 1870 1715 1714 1871 
1714 1870 1871 1856 1700 1715 1871 1856 1715 
1716 1872 1873 1717 1716 1873 1718 1874 1716 
1716 1874 1872 1719 1875 1718 1718 1875 1874 
1720 1876 1719 1719 1876 1875 1721 1877 1720 
1720 1877 1876 1722 1878 1721 1721 1878 1877 
1723 1879 1722 1722 1879 1878 1724 1880 1723 
1723 1880 1879 1725 1881 1724 1724 1881 1880 
1726 1882 1725 1725 1882 1881 1727 1883 1726 
1726 1883 1882 1728 1884 1727 1727 1884 1883 
1729 1885 1728 1728 1885 1884 1885 1729 1730 
1886 1885 1730 1731 1887 1888 1732 1731 1888 
1733 1889 1731 1731 1889 1887 1873 1733 1717 
1889 1733 1873 1730 1890 1886 1734 1890 1730 
1735 1891 1734 1734 1891 1890 1891 1735 1736 
1892 1891 1736 1737 1893 1894 1738 1737 1894 
1739 1895 1737 1737 1895 1893 1888 1739 1732 
1895 1739 1888 1736 1896 1892 1740 1896 1736 
1741 1897 1740 1740 1897 1896 1897 1741 1742 
1898 1897 1742 1743 1899 1900 1744 1743 1900 
1894 1743 1738 1899 1743 1894 1742 1901 1898 
1745 1901 1742 1901 1745 1746 1902 1901 1746 
1747 1903 1904 1748 1747 1904 1749 1905 1747 
1747 1905 1903 1900 1749 1744 1905 1749 1900 
1746 1906 1902 1750 1906 1746 1751 1907 1750 
1750 1907 1906 1907 1751 1752 1908 1907 1752 
1753 1909 1910 1754 1753 1910 1904 1753 1748 
1909 1753 1904 1752 1911 1908 1755 1911 1752 
1911 1755 1756 1912 1911 1756 1757 1913 1914 
1758 1757 1914 1910 1757 1754 1913 1757 1910 
1756 1915 1912 1759 1915 1756 1915 1759 1760 
1916 1915 1760 1758 1914 1761 1914 1917 1761 
1760 1762 1916 1916 1762 1918 1763 1919 1920 
1764 1763 1920 1917 1763 1761 1919 1763 1917 
1762 1921 1918 1765 1921 1762 1921 1765 1766 
1922 1921 1766 1767 1923 1924 1768 1767 1924 
1920 1767 1764 1923 1767 1920 1766 1925 1922 
1769 1925 1766 1925 1769 1770 1926 1925 1770 
1768 1924 1771 1924 1927 1771 1770 1772 1926 
1926 1772 1928 1773 1929 1930 1774 1773 1930 
1927 1773 1771 1929 1773 1927 1772 1931 1928 
1775 1931 1772 1931 1775 1776 1932 1931 1776 
1774 1930 1777 1930 1933 1777 1776 1778 1932 
1932 1778 1934 1779 1935 1936 1780 1779 1936 
1933 1779 1777 1935 1779 1933 1778 1937 1934 
1781 1937 1778 1937 1781 1782 1938 1937 1782 
1780 1936 1783 1936 1939 1783 1782 1784 1938 
1938 1784 1940 1783 1939 1785 1939 1941 1785 
1784 1786 1940 1940 1786 1942 1785 1941 1787 
1941 1943 1787 1786 1788 1942 1942 1788 1944 
1787 1943 1789 1943 1945 1789 1788 1790 1944 
1944 1790 1946 1789 1945 1791 1945 1947 1791 
1790 1792 1946 1946 1792 1948 1791 1947 1793 
1947 1949 1793 1792 1794 1948 1948 1794 1950 
1793 1949 1795 1949 1951 1795 1794 1796 1950 
1950 1796 1952 1795 1951 1797 1951 1953 1797 
1796 1798 1952 1952 1798 1954 1797 1953 1799 
1953 1955 1799 1798 1800 1954 1954 1800 1956 
1799 1955 1801 1955 1957 1801 1800 1802 1956 
1956 1802 1958 1801 1957 1803 1957 1959 1803 
1802 1804 1958 1958 1804 1960 1803 1959 1805 
1959 1961 1805 1804 1806 1960 1960 1806 1962 
1805 1961 1963 1807 1805 1963 1963 1808 1807 
1964 1808 1963 1810 1965 1966 1809 1965 1810 
1962 1806 1810 1966 1962 1810 1808 1964 1811 
1964 1967 1811 1809 1812 1965 1965 1812 1968 
1811 1967 1969 1813 1811 1969 1969 1814 1813 
1970 1814 1969 1816 1971 1972 1815 1971 1816 
1968 1812 1816 1972 1968 1816 1814 1970 1817 
1970 1973 1817 1815 1818 1971 1971 1818 1974 
1817 1973 1975 1819 1817 1975 1975 1820 1819 
1976 1820 1975 1822 1977 1978 1821 1977 1822 
1974 1818 1822 1978 1974 1822 1820 1976 1979 
1823 1820 1979 1979 1824 1823 1980 1824 1979 
1826 1981 1982 1825 1981 1826 1977 1821 1826 
1982 1977 1826 1824 1980 1827 1980 1983 1827 
1825 1828 1981 1981 1828 1984 1827 1983 1985 
1829 1827 1985 1985 1830 1829 1986 1830 1985 
1832 1987 1988 1831 1987 1832 1984 1828 1832 
1988 1984 1832 1830 1986 1989 1833 1830 1989 
1989 1834 1833 1990 1834 1989 1836 1991 1992 
1835 1991 1836 1987 1831 1836 1992 1987 1836 
1834 1990 1993 1837 1834 1993 1838 1837 1994 
1837 1993 1994 1994 1839 1838 1995 1839 1994 
1841 1996 1997 1840 1996 1841 1842 1841 1998 
1841 1997 1998 1991 1835 1842 1998 1991 1842 
1839 1995 1999 1843 1839 1999 1999 1844 1843 
2000 1844 1999 1846 2001 2002 1845 2001 1846 
1996 1840 1846 2002 1996 1846 1844 2000 2003 
1847 1844 2003 1848 1847 2004 1847 2003 2004 
2004 1849 1848 2005 1849 2004 1851 2006 2007 
1850 2006 1851 1852 1851 2008 1851 2007 2008 
2001 1845 1852 2008 2001 1852 1849 2005 2009 
1853 1849 2009 1854 1853 2010 1853 2009 2010 
2010 1855 1854 2011 1855 2010 1857 2012 2013 
1856 2012 1857 1858 1857 2014 1857 2013 2014 
2006 1850 1858 2014 2006 1858 1855 2011 2015 
1859 1855 2015 1860 1859 2016 1859 2015 2016 
1861 1860 2017 1860 2016 2017 1862 1861 2018 
1861 2017 2018 1863 1862 2019 1862 2018 2019 
1864 1863 2020 1863 2019 2020 1865 1864 2021 
1864 2020 2021 1866 1865 2022 1865 2021 2022 
1867 1866 2023 1866 2022 2023 1868 1867 2024 
1867 2023 2024 1869 1868 2025 1868 2024 2025 
1870 1869 2026 1869 2025 2026 1871 1870 2027 
1870 2026 2027 2012 1856 1871 2027 2012 1871 
1872 2028 2029 1873 1872 2029 1874 2030 1872 
1872 2030 2028 1875 2031 1874 1874 2031 2030 
1876 2032 1875 1875 2032 2031 1877 2033 1876 
1876 2033 2032 1878 2034 1877 1877 2034 2033 
1879 2035 1878 1878 2035 2034 1880 2036 1879 
1879 2036 2035 1881 2037 1880 1880 2037 2036 
1882 2038 1881 1881 2038 2037 1883 2039 1882 
1882 2039 2038 1884 2040 1883 1883 2040 2039 
1885 2041 1884 1884 2041 2040 2041 1885 1886 
2042 2041 1886 1887 2043 2044 1888 1887 2044 
1889 2045 1887 1887 2045 2043 2029 1889 1873 
2045 1889 2029 1886 2046 2042 1890 2046 1886 
1891 2047 1890 1890 2047 2046 2047 1891 1892 
2048 2047 1892 1893 2049 2050 1894 1893 2050 
1895 2051 1893 1893 2051 2049 2044 1895 1888 
2051 1895 2044 1892 2052 2048 1896 2052 1892 
1897 2053 1896 1896 2053 2052 2053 1897 1898 
2054 2053 1898 1899 2055 2056 1900 1899 2056 
2050 1899 1894 2055 1899 2050 1898 2057 2054 
1901 2057 1898 2057 1901 1902 2058 2057 1902 
1903 2059 2060 1904 1903 2060 1905 2061 1903 
1903 2061 2059 2056 1905 1900 2061 1905 2056 
1902 2062 2058 1906 2062 1902 1907 2063 1906 
1906 2063 2062 2063 1907 1908 2064 2063 1908 
1909 2065 2066 1910 1909 2066 2060 1909 1904 
2065 1909 2060 1908 2067 2064 1911 2067 1908 
2067 1911 1912 2068 2067 1912 1913 2069 2070 
1914 1913 2070 2066 1913 1910 2069 1913 2066 
1912 2071 2068 1915 2071 1912 2071 1915 1916 
2072 2071 1916 1914 2070 1917 2070 2073 1917 
1916 1918 2072 2072 1918 2074 1919 2075 2076 
1920 1919 2076 2073 1919 1917 2075 1919 2073 
1918 2077 2074 1921 2077 1918 2077 1921 1922 
2078 2077 1922 1923 2079 2080 1924 1923 2080 
2076 1923 1920 2079 1923 2076 1922 2081 2078 
1925 2081 1922 2081 1925 1926 2082 2081 1926 
1924 2080 1927 2080 2083 1927 1926 1928 2082 
2082 1928 2084 1929 2085 2086 1930 1929 2086 
2083 1929 1927 2085 1929 2083 1928 2087 2084 
1931 2087 1928 2087 1931 1932 2088 2087 1932 
1930 2086 1933 2086 2089 1933 1932 1934 2088 
2088 1934 2090 1935 2091 2092 1936 1935 2092 
2089 1935 1933 2091 1935 2089 1934 2093 2090 
1937 2093 1934 2093 1937 1938 2094 2093 1938 
1936 2092 1939 2092 2095 1939 1938 1940 2094 
2094 1940 2096 1939 2095 1941 2095 2097 1941 
1940 1942 2096 2096 1942 2098 1941 2097 1943 
2097 2099 1943 1942 1944 2098 2098 1944 2100 
1943 2099 1945 2099 2101 1945 1944 1946 2100 
2100 1946 2102 1945 2101 1947 2101 2103 1947 
1946 1948 2102 2102 1948 2104 1947 2103 1949 
2103 2105 1949 1948 1950 2104 2104 1950 2106 
1949 2105 1951 2105 2107 1951 1950 1952 2106 
2106 1952 2108 1951 2107 1953 2107 2109 1953 
1952 1954 2108 2108 1954 2110 1953 2109 1955 
2109 2111 1955 1954 1956 2110 2110 1956 2112 
1955 2111 1957 2111 2113 1957 1956 1958 2112 
2112 1958 2114 1957 2113 1959 2113 2115 1959 
1958 1960 2114 2114 1960 2116 1959 2115 1961 
2115 2117 1961 1960 1962 2116 2116 1962 2118 
1961 2117 2119 1963 1961 2119 2119 1964 1963 
2120 1964 2119 1966 2121 2122 1965 2121 1966 
2118 1962 1966 2122 2118 1966 1964 2120 1967 
2120 2123 1967 1965 1968 2121 2121 1968 2124 
1967 2123 2125 1969 1967 2125 2125 1970 1969 
2126 1970 2125 1972 2127 2128 1971 2127 1972 
2124 1968 1972 2128 2124 1972 1970 2126 1973 
2126 2129 1973 1971 1974 2127 2127 1974 2130 
1973 2129 2131 1975 1973 2131 2131 1976 1975 
2132 1976 2131 1978 2133 2134 1977 2133 1978 
2130 1974 1978 2134 2130 1978 1976 2132 2135 
1979 1976 2135 2135 1980 1979 2136 1980 2135 
1982 2137 2138 1981 2137 1982 2133 1977 1982 
2138 2133 1982 1980 2136 1983 2136 2139 1983 
1981 1984 2137 2137 1984 2140 1983 2139 2141 
1985 1983 2141 2141 1986 1985 2142 1986 2141 
1988 2143 2144 1987 2143 1988 2140 1984 1988 
2144 2140 1988 1986 2142 2145 1989 1986 2145 
2145 1990 1989 2146 1990 2145 1992 2147 2148 
1991 2147 1992 2143 1987 1992 2148 2143 1992 
1990 2146 2149 1993 1990 2149 1994 1993 2150 
1993 2149 2150 2150 1995 1994 2151 1995 2150 
1997 2152 2153 1996 2152 1997 1998 1997 2154 
1997 2153 2154 2147 1991 1998 2154 2147 1998 
1995 2151 2155 1999 1995 2155 2155 2000 1999 
2156 2000 2155 2002 2157 2158 2001 2157 2002 
2152 1996 2002 2158 2152 2002 2000 2156 2159 
2003 2000 2159 2004 2003 2160 2003 2159 2160 
2160 2005 2004 2161 2005 2160 2007 2162 2163 
2006 2162 2007 2008 2007 2164 2007 2163 2164 
2157 2001 2008 2164 2157 2008 2005 2161 2165 
2009 2005 2165 2010 2009 2166 2009 2165 2166 
2166 2011 2010 2167 2011 2166 2013 2168 2169 
2012 2168 2013 2014 2013 2170 2013 2169 2170 
2162 2006 2014 2170 2162 2014 2011 2167 2171 
2015 2011 2171 2016 2015 2172 2015 2171 2172 
2017 2016 2173 2016 2172 2173 2018 2017 2174 
2017 2173 2174 2019 2018 2175 2018 2174 2175 
2020 2019 2176 2019 2175 2176 2021 2020 2177 
2020 2176 2177 2022 2021 2178 2021 2177 2178 
2023 2022 2179 2022 2178 2179 2024 2023 2180 
2023 2179 2180 2025 2024 2181 2024 2180 2181 
2026 2025 2182 2025 2181 2182 2027 2026 2183 
2026 2182 2183 2168 2012 2027 2183 2168 2027 
2028 2184 2185 2029 2028 2185 2030 2186 2028 
2028 2186 2184 2031 2187 2030 2030 2187 2186 
2032 2188 2031 2031 2188 2187 2033 2189 2032 
2032 2189 2188 2034 2190 2033 2033 2190 2189 
2035 2191 2034 2034 2191 2190 2036 2192 2035 
2035 2192 2191 2037 2193 2036 2036 2193 2192 
2038 2194 2037 2037 2194 2193 2039 2195 2038 
2038 2195 2194 2040 2196 2039 2039 2196 2195 
2041 2197 2040 2040 2197 2196 2197 2041 2042 
2198 2197 2042 2043 2199 2200 2044 2043 2200 
2045 2201 2043 2043 2201 2199 2185 2045 2029 
2201 2045 2185 2042 2202 2198 2046 2202 2042 
2047 2203 2046 2046 2203 2202 2203 2047 2048 
2204 2203 2048 2049 2205 2206 2050 2049 2206 
2051 2207 2049 2049 2207 2205 2200 2051 2044 
2207 2051 2200 2048 2208 2204 2052 2208 2048 
2053 2209 2052 2052 2209 2208 2209 2053 2054 
2210 2209 2054 2055 2211 2212 2056 2055 2212 
2206 2055 2050 2211 2055 2206 2054 2213 2210 
2057 2213 2054 2213 2057 2058 2214 2213 2058 
2059 2215 2216 2060 2059 2216 2061 2217 2059 
2059 2217 2215 2212 2061 2056 2217 2061 2212 
2058 2218 2214 2062 2218 2058 2063 2219 2062 
2062 2219 2218 2219 2063 2064 2220 2219 2064 
2065 2221 2222 2066 2065 2222 2216 2065 2060 
2221 2065 2216 2064 2223 2220 2067 2223 2064 
2223 2067 2068 2224 2223 2068 2069 2225 2226 
2070 2069 2226 2222 2069 2066 2225 2069 2222 
2068 2227 2224 2071 2227 2068 2227 2071 2072 
2228 2227 2072 2070 2226 2073 2226 2229 2073 
2072 2074 2228 2228 2074 2230 2075 2231 2232 
2076 2075 2232 2229 2075 2073 2231 2075 2229 
2074 2233 2230 2077 2233 2074 2233 2077 2078 
2234 2233 2078 2079 2235 2236 2080 2079 2236 
2232 2079 2076 2235 2079 2232 2078 2237 2234 
2081 2237 2078 2237 2081 2082 2238 2237 2082 
2080 2236 2083 2236 2239 2083 2082 2084 2238 
2238 2084 2240 2085 2241 2242 2086 2085 2242 
2239 2085 2083 2241 2085 2239 2084 2243 2240 
2087 2243 2084 2243 2087 2088 2244 2243 2088 
2086 2242 2089 2242 2245 2089 2088 2090 2244 
2244 2090 2246 2091 2247 2248 2092 2091 2248 
2245 2091 2089 2247 2091 2245 2090 2249 2246 
2093 2249 2090 2249 2093 2094 2250 2249 2094 
2092 2248 2095 2248 2251 2095 2094 2096 2250 
2250 2096 2252 2095 2251 2097 2251 2253 2097 
2096 2098 2252 2252 2098 2254 2097 2253 2099 
2253 2255 2099 2098 2100 2254 2254 2100 2256 
2099 2255 2101 2255 2257 2101 2100 2102 2256 
2256 2102 2258 2101 2257 2103 2257 2259 2103 
2102 2104 2258 2258 2104 2260 2103 2259 2105 
2259 2261 2105 2104 2106 2260 2260 2106 2262 
2105 2261 2107 2261 2263 2107 2106 2108 2262 
2262 2108 2264 2107 2263 2109 2263 2265 2109 
2108 2110 2264 2264 2110 2266 2109 2265 2111 
2265 2267 2111 2110 2112 2266 2266 2112 2268 
2111 2267 2113 2267 2269 2113 2112 2114 2268 
2268 2114 2270 2113 2269 2115 2269 2271 2115 
2114 2116 2270 2270 2116 2272 2115 2271 2117 
2271 2273 2117 2116 2118 2272 2272 2118 2274 
2117 2273 2275 2119 2117 2275 2275 2120 2119 
2276 2120 2275 2122 2277 2278 2121 2277 2122 
2274 2118 2122 2278 2274 2122 2120 2276 2123 
2276 2279 2123 2121 2124 2277 2277 2124 2280 
2123 2279 2281 2125 2123 2281 2281 2126 2125 
2282 2126 2281 2128 2283 2284 2127 2283 2128 
2280 2124 2128 2284 2280 2128 2126 2282 2129 
2282 2285 2129 2127 2130 2283 2283 2130 2286 
2129 2285 2287 2131 2129 2287 2287 2132 2131 
2288 2132 2287 2134 2289 2290 2133 2289 2134 
2286 2130 2134 2290 2286 2134 2132 2288 2291 
2135 2132 2291 2291 2136 2135 2292 2136 2291 
2138 2293 2294 2137 2293 2138 2289 2133 2138 
2294 2289 2138 2136 2292 2139 2292 2295 2139 
2137 2140 2293 2293 2140 2296 2139 2295 2297 
2141 2139 2297 2297 2142 2141 2298 2142 2297 
2144 2299 2300 2143 2299 2144 2296 2140 2144 
2300 2296 2144 2142 2298 2301 2145 2142 2301 
2301 2146 2145 2302 2146 2301 2148 2303 2304 
2147 2303 2148 2299 2143 2148 2304 2299 2148 
2146 2302 2305 2149 2146 2305 2150 2149 2306 
2149 2305 2306 2306 2151 2150 2307 2151 2306 
2153 2308 2309 2152 2308 2153 2154 2153 2310 
2153 2309 2310 2303 2147 2154 2310 2303 2154 
2151 2307 2311 2155 2151 2311 2311 2156 2155 
2312 2156 2311 2158 2313 2314 2157 2313 2158 
2308 2152 2158 2314 2308 2158 2156 2312 2315 
2159 2156 2315 2160 2159 2316 2159 2315 2316 
2316 2161 2160 2317 2161 2316 2163 2318 2319 
2162 2318 2163 2164 2163 2320 2163 2319 2320 
2313 2157 2164 2320 2313 2164 2161 2317 2321 
2165 2161 2321 2166 2165 2322 2165 2321 2322 
2322 2167 2166 2323 2167 2322 2169 2324 2325 
2168 2324 2169 2170 2169 2326 2169 2325 2326 
2318 2162 2170 2326 2318 2170 2167 2323 2327 
2171 2167 2327 2172 2171 2328 2171 2327 2328 
2173 2172 2329 2172 2328 2329 2174 2173 2330 
2173 2329 2330 2175 2174 2331 2174 2330 2331 
2176 2175 2332 2175 2331 2332 2177 2176 2333 
2176 2332 2333 2178 2177 2334 2177 2333 2334 
2179 2178 2335 2178 2334 2335 2180 2179 2336 
2179 2335 2336 2181 2180 2337 2180 2336 2337 
2182 2181 2338 2181 2337 2338 2183 2182 2339 
2182 2338 2339 2324 2168 2183 2339 2324 2183 
2184 2340 2341 2185 2184 2341 2186 2342 2184 
2184 2342 2340 2187 2343 2186 2186 2343 2342 
2188 2344 2187 2187 2344 2343 2189 2345 2188 
2188 2345 2344 2190 2346 2189 2189 2346 2345 
2191 2347 2190 2190 2347 2346 2192 2348 2191 
2191 2348 2347 2193 2349 2192 2192 2349 2348 
2194 2350 2193 2193 2350 2349 2195 2351 2194 
2194 2351 2350 2196 2352 2195 2195 2352 2351 
2197 2353 2196 2196 2353 2352 2353 2197 2198 
2354 2353 2198 2199 2355 2356 2200 2199 2356 
2201 2357 2199 2199 2357 2355 2341 2201 2185 
2357 2201 2341 2198 2358 2354 2202 2358 2198 
2203 2359 2202 2202 2359 2358 2359 2203 2204 
2360 2359 2204 2205 2361 2362 2206 2205 2362 
2207 2363 2205 2205 2363 2361 2356 2207 2200 
2363 2207 2356 2204 2364 2360 2208 2364 2204 
2209 2365 2208 2208 2365 2364 2365 2209 2210 
2366 2365 2210 2211 2367 2368 2212 2211 2368 
2362 2211 2206 2367 2211 2362 2210 2369 2366 
2213 2369 2210 2369 2213 2214 2370 2369 2214 
2215 2371 2372 2216 2215 2372 2217 2373 2215 
2215 2373 2371 2368 2217 2212 2373 2217 2368 
2214 2374 2370 2218 2374 2214 2219 2375 2218 
2218 2375 2374 2375 2219 2220 2376 2375 2220 
2221 2377 2378 2222 2221 2378 2372 2221 2216 
2377 2221 2372 2220 2379 2376 2223 2379 2220 
2379 2223 2224 2380 2379 2224 2225 2381 2382 
2226 2225 2382 2378 2225 2222 2381 2225 2378 
2224 2383 2380 2227 2383 2224 2383 2227 2228 
2384 2383 2228 2226 2382 2229 2382 2385 2229 
2228 2230 2384 2384 2230 2386 2231 2387 2388 
2232 2231 2388 2385 2231 2229 2387 2231 2385 
2230 2389 2386 2233 2389 2230 2389 2233 2234 
2390 2389 2234 2235 2391 2392 2236 2235 2392 
2388 2235 2232 2391 2235 2388 2234 2393 2390 
2237 2393 2234 2393 2237 2238 2394 2393 2238 
2236 2392 2239 2392 2395 2239 2238 2240 2394 
2394 2240 2396 2241 2397 2398 2242 2241 2398 
2395 2241 2239 2397 2241 2395 2240 2399 2396 
2243 2399 2240 2399 2243 2244 2400 2399 2244 
2242 2398 2245 2398 2401 2245 2244 2246 2400 
2400 2246 2402 2247 2403 2404 2248 2247 2404 
2401 2247 2245 2403 2247 2401 2246 2405 2402 
2249 2405 2246 2405 2249 2250 2406 2405 2250 
2248 2404 2251 2404 2407 2251 2250 2252 2406 
2406 2252 2408 2251 2407 2253 2407 2409 2253 
2252 2254 2408 2408 2254 2410 2253 2409 2255 
2409 2411 2255 2254 2256 2410 2410 2256 2412 
2255 2411 2257 2411 2413 2257 2256 2258 2412 
2412 2258 2414 2257 2413 2259 2413 2415 2259 
2258 2260 2414 2414 2260 2416 2259 2415 2261 
2415 2417 2261 2260 2262 2416 2416 2262 2418 
2261 2417 2263 2417 2419 2263 2262 2264 2418 
2418 2264 2420 2263 2419 2265 2419 2421 2265 
2264 2266 2420 2420 2266 2422 2265 2421 2267 
2421 2423 2267 2266 2268 2422 2422 2268 2424 
2267 2423 2269 2423 2425 2269 2268 2270 2424 
2424 2270 2426 2269 2425 2271 2425 2427 2271 
2270 2272 2426 2426 2272 2428 2271 2427 2273 
2427 2429 2273 2272 2274 2428 2428 2274 2430 
2273 2429 2431 2275 2273 2431 2431 2276 2275 
2432 2276 2431 2278 2433 2434 2277 2433 2278 
2430 2274 2278 2434 2430 2278 2276 2432 2279 
2432 2435 2279 2277 2280 2433 2433 2280 2436 
2279 2435 2437 2281 2279 2437 2437 2282 2281 
2438 2282 2437 2284 2439 2440 2283 2439 2284 
2436 2280 2284 2440 2436 2284 2282 2438 2285 
2438 2441 2285 2283 2286 2439 2439 2286 2442 
2285 2441 2443 2287 2285 2443 2443 2288 2287 
2444 2288 2443 2290 2445 2446 2289 2445 2290 
2442 2286 2290 2446 2442 2290 2288 2444 2447 
2291 2288 2447 2447 2292 2291 2448 2292 2447 
2294 2449 2450 2293 2449 2294 2445 2289 2294 
2450 2445 2294 2292 2448 2295 2448 2451 2295 
2293 2296 2449 2449 2296 2452 2295 2451 2453 
2297 2295 2453 2453 2298 2297 2454 2298 2453 
2300 2455 2456 2299 2455 2300 2452 2296 2300 
2456 2452 2300 2298 2454 2457 2301 2298 2457 
2457 2302 2301 2458 2302 2457 2304 2459 2460 
2303 2459 2304 2455 2299 2304 2460 2455 2304 
2302 2458 2461 2305 2302 2461 2306 2305 2462 
2305 2461 2462 2462 2307 2306 2463 2307 2462 
2309 2464 2465 2308 2464 2309 2310 2309 2466 
2309 2465 2466 2459 2303 2310 2466 2459 2310 
2307 2463 2467 2311 2307 2467 2467 2312 2311 
2468 2312 2467 2314 2469 2470 2313 2469 2314 
2464 2308 2314 2470 2464 2314 2312 2468 2471 
2315 2312 2471 2316 2315 2472 2315 2471 2472 
2472 2317 2316 2473 2317 2472 2319 2474 2475 
2318 2474 2319 2320 2319 2476 2319 2475 2476 
2469 2313 2320 2476 2469 2320 2317 2473 2477 
2321 2317 2477 2322 2321 2478 2321 2477 2478 
2478 2323 2322 2479 2323 2478 2325 2480 2481 
2324 2480 2325 2326 2325 2482 2325 2481 2482 
2474 2318 2326 2482 2474 2326 2323 2479 2483 
2327 2323 2483 2328 2327 2484 2327 2483 2484 
2329 2328 2485 2328 2484 2485 2330 2329 2486 
2329 2485 2486 2331 2330 2487 2330 2486 2487 
2332 2331 2488 2331 2487 2488 2333 2332 2489 
2332 2488 2489 2334 2333 2490 2333 2489 2490 
2335 2334 2491 2334 2490 2491 2336 2335 2492 
2335 2491 2492 2337 2336 2493 2336 2492 2493 
2338 2337 2494 2337 2493 2494 2339 2338 2495 
2338 2494 2495 2480 2324 2339 2495 2480 2339 
2340 2496 2497 2341 2340 2497 2342 2498 2340 
2340 2498 2496 2343 2499 2342 2342 2499 2498 
2344 2500 2343 2343 2500 2499 2345 2501 2344 
2344 2501 2500 2346 2502 2345 2345 2502 2501 
2347 2503 2346 2346 2503 2502 2348 2504 2347 
2347 2504 2503 2349 2505 2348 2348 2505 2504 
2350 2506 2349 2349 2506 2505 2351 2507 2350 
2350 2507 2506 2352 2508 2351 2351 2508 2507 
2353 2509 2352 2352 2509 2508 2509 2353 2354 
2510 2509 2354 2355 2511 2512 2356 2355 2512 
2357 2513 2355 2355 2513 2511 2497 2357 2341 
2513 2357 2497 2354 2514 2510 2358 2514 2354 
2359 2515 2358 2358 2515 2514 2515 2359 2360 
2516 2515 2360 2361 2517 2518 2362 2361 2518 
2363 2519 2361 2361 2519 2517 2512 2363 2356 
2519 2363 2512 2360 2520 2516 2364 2520 2360 
2365 2521 2364 2364 2521 2520 2521 2365 2366 
2522 2521 2366 2367 2523 2524 2368 2367 2524 
2518 2367 2362 2523 2367 2518 2366 2525 2522 
2369 2525 2366 2525 2369 2370 2526 2525 2370 
2371 2527 2528 2372 2371 2528 2373 2529 2371 
2371 2529 2527 2524 2373 2368 2529 2373 2524 
2370 2530 2526 2374 2530 2370 2375 2531 2374 
2374 2531 2530 2531 2375 2376 2532 2531 2376 
2377 2533 2534 2378 2377 2534 2528 2377 2372 
2533 2377 2528 2376 2535 2532 2379 2535 2376 
2535 2379 2380 2536 2535 2380 2381 2537 2538 
2382 2381 2538 2534 2381 2378 2537 2381 2534 
2380 2539 2536 2383 2539 2380 2539 2383 2384 
2540 2539 2384 2382 2538 2385 2538 2541 2385 
2384 2386 2540 2540 2386 2542 2387 2543 2544 
2388 2387 2544 2541 2387 2385 2543 2387 2541 
2386 2545 2542 2389 2545 2386 2545 2389 2390 
2546 2545 2390 2391 2547 2548 2392 2391 2548 
2544 2391 2388 2547 2391 2544 2390 2549 2546 
2393 2549 2390 2549 2393 2394 2550 2549 2394 
2392 2548 2395 2548 2551 2395 2394 2396 2550 
2550 2396 2552 2397 2553 2554 2398 2397 2554 
2551 2397 2395 2553 2397 2551 2396 2555 2552 
2399 2555 2396 2555 2399 2400 2556 2555 2400 
2398 2554 2401 2554 2557 2401 2400 2402 2556 
2556 2402 2558 2403 2559 2560 2404 2403 2560 
2557 2403 2401 2559 2403 2557 2402 2561 2558 
2405 2561 2402 2561 2405 2406 2562 2561 2406 
2404 2560 2407 2560 2563 2407 2406 2408 2562 
2562 2408 2564 2407 2563 2409 2563 2565 2409 
2408 2410 2564 2564 2410 2566 2409 2565 2411 
2565 2567 2411 2410 2412 2566 2566 2412 2568 
2411 2567 2413 2567 2569 2413 2412 2414 2568 
2568 2414 2570 2413 2569 2415 2569 2571 2415 
2414 2416 2570 2570 2416 2572 2415 2571 2417 
2571 2573 2417 2416 2418 2572 2572 2418 2574 
2417 2573 2419 2573 2575 2419 2418 2420 2574 
2574 2420 2576 2419 2575 2421 2575 2577 2421 
2420 2422 2576 2576 2422 2578 2421 2577 2423 
2577 2579 2423 2422 2424 2578 2578 2424 2580 
2423 2579 2425 2579 2581 2425 2424 2426 2580 
2580 2426 2582 2425 2581 2427 2581 2583 2427 
2426 2428 2582 2582 2428 2584 2427 2583 2429 
2583 2585 2429 2428 2430 2584 2584 2430 2586 
2429 2585 2587 2431 2429 2587 2587 2432 2431 
2588 2432 2587 2434 2589 2590 2433 2589 2434 
2586 2430 2434 2590 2586 2434 2432 2588 2435 
2588 2591 2435 2433 2436 2589 2589 2436 2592 
2435 2591 2593 2437 2435 2593 2593 2438 2437 
2594 2438 2593 2440 2595 2596 2439 2595 2440 
2592 2436 2440 2596 2592 2440 2438 2594 2441 
2594 2597 2441 2439 2442 2595 2595 2442 2598 
2441 2597 2599 2443 2441 2599 2599 2444 2443 
2600 2444 2599 2446 2601 2602 2445 2601 2446 
2598 2442 2446 2602 2598 2446 2444 2600 2603 
2447 2444 2603 2603 2448 2447 2604 2448 2603 
2450 2605 2606 2449 2605 2450 2601 2445 2450 
2606 2601 2450 2448 2604 2451 2604 2607 2451 
2449 2452 2605 2605 2452 2608 2451 2607 2609 
2453 2451 2609 2609 2454 2453 2610 2454 2609 
2456 2611 2612 2455 2611 2456 2608 2452 2456 
2612 2608 2456 2454 2610 2613 2457 2454 2613 
2613 2458 2457 2614 2458 2613 2460 2615 2616 
2459 2615 2460 2611 2455 2460 2616 2611 2460 
2458 2614 2617 2461 2458 2617 2462 2461 2618 
2461 2617 2618 2618 2463 2462 2619 2463 2618 
2465 2620 2621 2464 2620 2465 2466 2465 2622 
2465 2621 2622 2615 2459 2466 2622 2615 2466 
2463 2619 2623 2467 2463 2623 2623 2468 2467 
2624 2468 2623 2470 2625 2626 2469 2625 2470 
2620 2464 2470 2626 2620 2470 2468 2624 2627 
2471 2468 2627 2472 2471 2628 2471 2627 2628 
2628 2473 2472 2629 2473 2628 2475 2630 2631 
2474 2630 2475 2476 2475 2632 2475 2631 2632 
2625 2469 2476 2632 2625 2476 2473 2629 2633 
2477 2473 2633 2478 2477 2634 2477 2633 2634 
2634 2479 2478 2635 2479 2634 2481 2636 2637 
2480 2636 2481 2482 2481 2638 2481 2637 2638 
2630 2474 2482 2638 2630 2482 2479 2635 2639 
2483 2479 2639 2484 2483 2640 2483 2639 2640 
2485 2484 2641 2484 2640 2641 2486 2485 2642 
2485 2641 2642 2487 2486 2643 2486 2642 2643 
2488 2487 2644 2487 2643 2644 2489 2488 2645 
2488 2644 2645 2490 2489 2646 2489 2645 2646 
2491 2490 2647 2490 2646 2647 2492 2491 2648 
2491 2647 2648 2493 2492 2649 2492 2648 2649 
2494 2493 2650 2493 2649 2650 2495 2494 2651 
2494 2650 2651 2636 2480 2495 2651 2636 2495 
2496 2652 2653 2497 2496 2653 2498 2654 2496 
2496 2654 2652 2499 2655 2498 2498 2655 2654 
2500 2656 2499 2499 2656 2655 2501 2657 2500 
2500 2657 2656 2502 2658 2501 2501 2658 2657 
2503 2659 2502 2502 2659 2658 2504 2660 2503 
2503 2660 2659 2505 2661 2504 2504 2661 2660 
2506 2662 2505 2505 2662 2661 2507 2663 2506 
2506 2663 2662 2508 2664 2507 2507 2664 2663 
2509 2665 2508 2508 2665 2664 2665 2509 2510 
2666 2665 2510 2511 2667 2668 2512 2511 2668 
2513 2669 2511 2511 2669 2667 2653 2513 2497 
2669 2513 2653 2510 2670 2666 2514 2670 2510 
2515 2671 2514 2514 2671 2670 2671 2515 2516 
2672 2671 2516 2517 2673 2674 2518 2517 2674 
2519 2675 2517 2517 2675 2673 2668 2519 2512 
2675 2519 2668 2516 2676 2672 2520 2676 2516 
2521 2677 2520 2520 2677 2676 2677 2521 2522 
2678 2677 2522 2523 2679 2680 2524 2523 2680 
2674 2523 2518 2679 2523 2674 2522 2681 2678 
2525 2681 2522 2681 2525 2526 2682 2681 2526 
2527 2683 2684 2528 2527 2684 2529 2685 2527 
2527 2685 2683 2680 2529 2524 2685 2529 2680 
2526 2686 2682 2530 2686 2526 2531 2687 2530 
2530 2687 2686 2687 2531 2532 2688 2687 2532 
2533 2689 2690 2534 2533 2690 2684 2533 2528 
2689 2533 2684 2532 2691 2688 2535 2691 2532 
2691 2535 2536 2692 2691 2536 2537 2693 2694 
2538 2537 2694 2690 2537 2534 2693 2537 2690 
2536 2695 2692 2539 2695 2536 2695 2539 2540 
2696 2695 2540 2538 2694 2541 2694 2697 2541 
2540 2542 2696 2696 2542 2698 2543 2699 2700 
2544 2543 2700 2697 2543 2541 2699 2543 2697 
2542 2701 2698 2545 2701 2542 2701 2545 2546 
2702 2701 2546 2547 2703 2704 2548 2547 2704 
2700 2547 2544 2703 2547 2700 2546 2705 2702 
2549 2705 2546 2705 2549 2550 2706 2705 2550 
2548 2704 2551 2704 2707 2551 2550 2552 2706 
2706 2552 2708 2553 2709 2710 2554 2553 2710 
2707 2553 2551 2709 2553 2707 2552 2711 2708 
2555 2711 2552 2711 2555 2556 2712 2711 2556 
2554 2710 2557 2710 2713 2557 2556 2558 2712 
2712 2558 2714 2559 2715 2716 2560 2559 2716 
2713 2559 2557 2715 2559 2713 2558 2717 2714 
2561 2717 2558 2717 2561 2562 2718 2717 2562 
2560 2716 2563 2716 2719 2563 2562 2564 2718 
2718 2564 2720 2563 2719 2565 2719 2721 2565 
2564 2566 2720 2720 2566 2722 2565 2721 2567 
2721 2723 2567 2566 2568 2722 2722 2568 2724 
2567 2723 2569 2723 2725 2569 2568 2570 2724 
2724 2570 2726 2569 2725 2571 2725 2727 2571 
2570 2572 2726 2726 2572 2728 2571 2727 2573 
2727 2729 2573 2572 2574 2728 2728 2574 2730 
2573 2729 2575 2729 2731 2575 2574 2576 2730 
2730 2576 2732 2575 2731 2577 2731 2733 2577 
2576 2578 2732 2732 2578 2734 2577 2733 2579 
2733 2735 2579 2578 2580 2734 2734 2580 2736 
2579 2735 2581 2735 2737 2581 2580 2582 2736 
2736 2582 2738 2581 2737 2583 2737 2739 2583 
2582 2584 2738 2738 2584 2740 2583 2739 2585 
2739 2741 2585 2584 2586 2740 2740 2586 2742 
2585 2741 2743 2587 2585 2743 2743 2588 2587 
2744 2588 2743 2590 2745 2746 2589 2745 2590 
2742 2586 2590 2746 2742 2590 2588 2744 2591 
2744 2747 2591 2589 2592 2745 2745 2592 2748 
2591 2747 2749 2593 2591 2749 2749 2594 2593 
2750 2594 2749 2596 2751 2752 2595 2751 2596 
2748 2592 2596 2752 2748 2596 2594 2750 2597 
2750 2753 2597 2595 2598 2751 2751 2598 2754 
2597 2753 2755 2599 2597 2755 2755 2600 2599 
2756 2600 2755 2602 2757 2758 2601 2757 2602 
2754 2598 2602 2758 2754 2602 2600 2756 2759 
2603 2600 2759 2759 2604 2603 2760 2604 2759 
2606 2761 2762 2605 2761 2606 2757 2601 2606 
2762 2757 2606 2604 2760 2607 2760 2763 2607 
2605 2608 2761 2761 2608 2764 2607 2763 2765 
2609 2607 2765 2765 2610 2609 2766 2610 2765 
2612 2767 2768 2611 2767 2612 2764 2608 2612 
2768 2764 2612 2610 2766 2769 2613 2610 2769 
2769 2614 2613 2770 2614 2769 2616 2771 2772 
2615 2771 2616 2767 2611 2616 2772 2767 2616 
2614 2770 2773 2617 2614 2773 2618 2617 2774 
2617 2773 2774 2774 2619 2618 2775 2619 2774 
2621 2776 2777 2620 2776 2621 2622 2621 2778 
2621 2777 2778 2771 2615 2622 2778 2771 2622 
2619 2775 2779 2623 2619 2779 2779 2624 2623 
2780 2624 2779 2626 2781 2782 2625 2781 2626 
2776 2620 2626 2782 2776 2626 2624 2780 2783 
2627 2624 2783 2628 2627 2784 2627 2783 2784 
2784 2629 2628 2785 2629 2784 2631 2786 2787 
2630 2786 2631 2632 2631 2788 2631 2787 2788 
2781 2625 2632 2788 2781 2632 2629 2785 2789 
2633 2629 2789 2634 2633 2790 2633 2789 2790 
2790 2635 2634 2791 2635 2790 2637 2792 2793 
2636 2792 2637 2638 2637 2794 2637 2793 2794 
2786 2630 2638 2794 2786 2638 2635 2791 2795 
2639 2635 2795 2640 2639 2796 2639 2795 2796 
2641 2640 2797 2640 2796 2797 2642 2641 2798 
2641 2797 2798 2643 2642 2799 2642 2798 2799 
2644 2643 2800 2643 2799 2800 2645 2644 2801 
2644 2800 2801 2646 2645 2802 2645 2801 2802 
2647 2646 2803 2646 2802 2803 2648 2647 2804 
2647 2803 2804 2649 2648 2805 2648 2804 2805 
2650 2649 2806 2649 2805 2806 2651 2650 2807 
2650 2806 2807 2792 2636 2651 2807 2792 2651 
2652 2808 2809 2653 2652 2809 2654 2810 2652 
2652 2810 2808 2655 2811 2654 2654 2811 2810 
2656 2812 2655 2655 2812 2811 2657 2813 2656 
2656 2813 2812 2658 2814 2657 2657 2814 2813 
2659 2815 2658 2658 2815 2814 2660 2816 2659 
2659 2816 2815 2661 2817 2660 2660 2817 2816 
2662 2818 2661 2661 2818 2817 2663 2819 2662 
2662 2819 2818 2664 2820 2663 2663 2820 2819 
2665 2821 2664 2664 2821 2820 2821 2665 2666 
2822 2821 2666 2667 2823 2824 2668 2667 2824 
2669 2825 2667 2667 2825 2823 2809 2669 2653 
2825 2669 2809 2666 2826 2822 2670 2826 2666 
2671 2827 2670 2670 2827 2826 2827 2671 2672 
2828 2827 2672 2673 2829 2830 2674 2673 2830 
2675 2831 2673 2673 2831 2829 2824 2675 2668 
2831 2675 2824 2672 2832 2828 2676 2832 2672 
2677 2833 2676 2676 2833 2832 2833 2677 2678 
2834 2833 2678 2679 2835 2836 2680 2679 2836 
2830 2679 2674 2835 2679 2830 2678 2837 2834 
2681 2837 2678 2837 2681 2682 2838 2837 2682 
2683 2839 2840 2684 2683 2840 2685 2841 2683 
2683 2841 2839 2836 2685 2680 2841 2685 2836 
2682 2842 2838 2686 2842 2682 2687 2843 2686 
2686 2843 2842 2843 2687 2688 2844 2843 2688 
2689 2845 2846 2690 2689 2846 2840 2689 2684 
2845 2689 2840 2688 2847 2844 2691 2847 2688 
2847 2691 2692 2848 2847 2692 2693 2849 2850 
2694 2693 2850 2846 2693 2690 2849 2693 2846 
2692 2851 2848 2695 2851 2692 2851 2695 2696 
2852 2851 2696 2694 2850 2697 2850 2853 2697 
2696 2698 2852 2852 2698 2854 2699 2855 2856 
2700 2699 2856 2853 2699 2697 2855 2699 2853 
2698 2857 2854 2701 2857 2698 2857 2701 2702 
2858 2857 2702 2703 2859 2860 2704 2703 2860 
2856 2703 2700 2859 2703 2856 2702 2861 2858 
2705 2861 2702 2861 2705 2706 2862 2861 2706 
2704 2860 2707 2860 2863 2707 2706 2708 2862 
2862 2708 2864 2709 2865 2866 2710 2709 2866 
2863 2709 2707 2865 2709 2863 2708 2867 2864 
2711 2867 2708 2867 2711 2712 2868 2867 2712 
2710 2866 2713 2866 2869 2713 2712 2714 2868 
2868 2714 2870 2715 2871 2872 2716 2715 2872 
2869 2715 2713 2871 2715 2869 2714 2873 2870 
2717 2873 2714 2873 2717 2718 2874 2873 2718 
2716 2872 2719 2872 2875 2719 2718 2720 2874 
2874 2720 2876 2719 2875 2721 2875 2877 2721 
2720 2722 2876 2876 2722 2878 2721 2877 2723 
2877 2879 2723 2722 2724 2878 2878 2724 2880 
2723 2879 2725 2879 2881 2725 2724 2726 2880 
2880 2726 2882 2725 2881 2727 2881 2883 2727 
2726 2728 2882 2882 2728 2884 2727 2883 2729 
2883 2885 2729 2728 2730 2884 2884 2730 2886 
2729 2885 2731 2885 2887 2731 2730 2732 2886 
2886 2732 2888 2731 2887 2733 2887 2889 2733 
2732 2734 2888 2888 2734 2890 2733 2889 2735 
2889 2891 2735 2734 2736 2890 2890 2736 2892 
2735 2891 2737 2891 2893 2737 2736 2738 2892 
2892 2738 2894 2737 2893 2739 2893 2895 2739 
2738 2740 2894 2894 2740 2896 2739 2895 2741 
2895 2897 2741 2740 2742 2896 2896 2742 2898 
2741 2897 2899 2743 2741 2899 2899 2744 2743 
2900 2744 2899 2746 2901 2902 2745 2901 2746 
2898 2742 2746 2902 2898 2746 2744 2900 2747 
2900 2903 2747 2745 2748 2901 2901 2748 2904 
2747 2903 2905 2749 2747 2905 2905 2750 2749 
2906 2750 2905 2752 2907 2908 2751 2907 2752 
2904 2748 2752 2908 2904 2752 2750 2906 2753 
2906 2909 2753 2751 2754 2907 2907 2754 2910 
2753 2909 2911 2755 2753 2911 2911 2756 2755 
2912 2756 2911 2758 2913 2914 2757 2913 2758 
2910 2754 2758 2914 2910 2758 2756 2912 2915 
2759 2756 2915 2915 2760 2759 2916 2760 2915 
2762 2917 2918 2761 2917 2762 2913 2757 2762 
2918 2913 2762 2760 2916 2763 2916 2919 2763 
2761 2764 2917 2917 2764 2920 2763 2919 2921 
2765 2763 2921 2921 2766 2765 2922 2766 2921 
2768 2923 2924 2767 2923 2768 2920 2764 2768 
2924 2920 2768 2766 2922 2925 2769 2766 2925 
2925 2770 2769 2926 2770 2925 2772 2927 2928 
2771 2927 2772 2923 2767 2772 2928 2923 2772 
2770 2926 2929 2773 2770 2929 2774 2773 2930 
2773 2929 2930 2930 2775 2774 2931 2775 2930 
2777 2932 2933 2776 2932 2777 2778 2777 2934 
2777 2933 2934 2927 2771 2778 2934 2927 2778 
2775 2931 2935 2779 2775 2935 2935 2780 2779 
2936 2780 2935 2782 2937 2938 2781 2937 2782 
2932 2776 2782 2938 2932 2782 2780 2936 2939 
2783 2780 2939 2784 2783 2940 2783 2939 2940 
2940 2785 2784 2941 2785 2940 2787 2942 2943 
2786 2942 2787 2788 2787 2944 2787 2943 2944 
2937 2781 2788 2944 2937 2788 2785 2941 2945 
2789 2785 2945 2790 2789 2946 2789 2945 2946 
2946 2791 2790 2947 2791 2946 2793 2948 2949 
2792 2948 2793 2794 2793 2950 2793 2949 2950 
2942 2786 2794 2950 2942 2794 2791 2947 2951 
2795 2791 2951 2796 2795 2952 2795 2951 2952 
2797 2796 2953 2796 2952 2953 2798 2797 2954 
2797 2953 2954 2799 2798 2955 2798 2954 2955 
2800 2799 2956 2799 2955 2956 2801 2800 2957 
2800 2956 2957 2802 2801 2958 2801 2957 2958 
2803 2802 2959 2802 2958 2959 2804 2803 2960 
2803 2959 2960 2805 2804 2961 2804 2960 2961 
2806 2805 2962 2805 2961 2962 2807 2806 2963 
2806 2962 2963 2948 2792 2807 2963 2948 2807 
2808 2964 2965 2809 2808 2965 2810 2966 2808 
2808 2966 2964 2811 2967 2810 2810 2967 2966 
2812 2968 2811 2811 2968 2967 2813 2969 2812 
2812 2969 2968 2814 2970 2813 2813 2970 2969 
2815 2971 2814 2814 2971 2970 2816 2972 2815 
2815 2972 2971 2817 2973 2816 2816 2973 2972 
2818 2974 2817 2817 2974 2973 2819 2975 2818 
2818 2975 2974 2820 2976 2819 2819 2976 2975 
2821 2977 2820 2820 2977 2976 2977 2821 2822 
2978 2977 2822 2823 2979 2980 2824 2823 2980 
2825 2981 2823 2823 2981 2979 2965 2825 2809 
2981 2825 2965 2822 2982 2978 2826 2982 2822 
2827 2983 2826 2826 2983 2982 2983 2827 2828 
2984 2983 2828 2829 2985 2986 2830 2829 2986 
2831 2987 2829 2829 2987 2985 2980 2831 2824 
2987 2831 2980 2828 2988 2984 2832 2988 2828 
2833 2989 2832 2832 2989 2988 2989 2833 2834 
2990 2989 2834 2835 2991 2992 2836 2835 2992 
2986 2835 2830 2991 2835 2986 2834 2993 2990 
2837 2993 2834 2993 2837 2838 2994 2993 2838 
2839 2995 2996 2840 2839 2996 2841 2997 2839 
2839 2997 2995 2992 2841 2836 2997 2841 2992 
2838 2998 2994 2842 2998 2838 2843 2999 2842 
2842 2999 2998 2999 2843 2844 3000 2999 2844 
2845 3001 3002 2846 2845 3002 2996 2845 2840 
3001 2845 2996 2844 3003 3000 2847 3003 2844 
3003 2847 2848 3004 3003 2848 2849 3005 3006 
2850 2849 3006 3002 2849 2846 3005 2849 3002 
2848 3007 3004 2851 3007 2848 3007 2851 2852 
3008 3007 2852 2850 3006 2853 3006 3009 2853 
2852 2854 3008 3008 2854 3010 2855 3011 3012 
2856 2855 3012 3009 2855 2853 3011 2855 3009 
2854 3013 3010 2857 3013 2854 3013 2857 2858 
3014 3013 2858 2859 3015 3016 2860 2859 3016 
3012 2859 2856 3015 2859 3012 2858 3017 3014 
2861 3017 2858 3017 2861 2862 3018 3017 2862 
2860 3016 2863 3016 3019 2863 2862 2864 3018 
3018 2864 3020 2865 3021 3022 2866 2865 3022 
3019 2865 2863 3021 2865 3019 2864 3023 3020 
2867 3023 2864 3023 2867 2868 3024 3023 2868 
2866 3022 2869 3022 3025 2869 2868 2870 3024 
3024 2870 3026 2871 3027 3028 2872 2871 3028 
3025 2871 2869 3027 2871 3025 2870 3029 3026 
2873 3029 2870 3029 2873 2874 3030 3029 2874 
2872 3028 2875 3028 3031 2875 2874 2876 3030 
3030 2876 3032 2875 3031 2877 3031 3033 2877 
2876 2878 3032 3032 2878 3034 2877 3033 2879 
3033 3035 2879 2878 2880 3034 3034 2880 3036 
2879 3035 2881 3035 3037 2881 2880 2882 3036 
3036 2882 3038 2881 3037 2883 3037 3039 2883 
2882 2884 3038 3038 2884 3040 2883 3039 2885 
3039 3041 2885 2884 2886 3040 3040 2886 3042 
2885 3041 2887 3041 3043 2887 2886 2888 3042 
3042 2888 3044 2887 3043 2889 3043 3045 2889 
2888 2890 3044 3044 2890 3046 2889 3045 2891 
3045 3047 2891 2890 2892 3046 3046 2892 3048 
2891 3047 2893 3047 3049 2893 2892 2894 3048 
3048 2894 3050 2893 3049 2895 3049 3051 2895 
2894 2896 3050 3050 2896 3052 2895 3051 2897 
3051 3053 2897 2896 2898 3052 3052 2898 3054 
2897 3053 3055 2899 2897 3055 3055 2900 2899 
3056 2900 3055 2902 3057 3058 2901 3057 2902 
3054 2898 2902 3058 3054 2902 2900 3056 2903 
3056 3059 2903 2901 2904 3057 3057 2904 3060 
2903 3059 3061 2905 2903 3061 3061 2906 2905 
3062 2906 3061 2908 3063 3064 2907 3063 2908 
3060 2904 2908 3064 3060 2908 2906 3062 2909 
3062 3065 2909 2907 2910 3063 3063 2910 3066 
2909 3065 3067 2911 2909 3067 3067 2912 2911 
3068 2912 3067 2914 3069 3070 2913 3069 2914 
3066 2910 2914 3070 3066 2914 2912 3068 3071 
2915 2912 3071 3071 2916 2915 3072 2916 3071 
2918 3073 3074 2917 3073 2918 3069 2913 2918 
3074 3069 2918 2916 3072 2919 3072 3075 2919 
2917 2920 3073 3073 2920 3076 2919 3075 3077 
2921 2919 3077 3077 2922 2921 3078 2922 3077 
2924 3079 3080 2923 3079 2924 3076 2920 2924 
3080 3076 2924 2922 3078 3081 2925 2922 3081 
3081 2926 2925 3082 2926 3081 2928 3083 3084 
2927 3083 2928 3079 2923 2928 3084 3079 2928 
2926 3082 3085 2929 2926 3085 2930 2929 3086 
2929 3085 3086 3086 2931 2930 3087 2931 3086 
2933 3088 3089 2932 3088 2933 2934 2933 3090 
2933 3089 3090 3083 2927 2934 3090 3083 2934 
2931 3087 3091 2935 2931 3091 3091 2936 2935 
3092 2936 3091 2938 3093 3094 2937 3093 2938 
3088 2932 2938 3094 3088 2938 2936 3092 3095 
2939 2936 3095 2940 2939 3096 2939 3095 3096 
3096 2941 2940 3097 2941 3096 2943 3098 3099 
2942 3098 2943 2944 2943 3100 2943 3099 3100 
3093 2937 2944 3100 3093 2944 2941 3097 3101 
2945 2941 3101 2946 2945 3102 2945 3101 3102 
3102 2947 2946 3103 2947 3102 2949 3104 3105 
2948 3104 2949 2950 2949 3106 2949 3105 3106 
3098 2942 2950 3106 3098 2950 2947 3103 3107 
2951 2947 3107 2952 2951 3108 2951 3107 3108 
2953 2952 3109 2952 3108 3109 2954 2953 3110 
2953 3109 3110 2955 2954 3111 2954 3110 3111 
2956 2955 3112 2955 3111 3112 2957 2956 3113 
2956 3112 3113 2958 2957 3114 2957 3113 3114 
2959 2958 3115 2958 3114 3115 2960 2959 3116 
2959 3115 3116 2961 2960 3117 2960 3116 3117 
2962 2961 3118 2961 3117 3118 2963 2962 3119 
2962 3118 3119 3104 2948 2963 3119 3104 2963 
2964 3120 3121 2965 2964 3121 2966 3122 2964 
2964 3122 3120 2967 3123 2966 2966 3123 3122 
2968 3124 2967 2967 3124 3123 2969 3125 2968 
2968 3125 3124 2970 3126 2969 2969 3126 3125 
2971 3127 2970 2970 3127 3126 2972 3128 2971 
2971 3128 3127 2973 3129 2972 2972 3129 3128 
2974 3130 2973 2973 3130 3129 2975 3131 2974 
2974 3131 3130 2976 3132 2975 2975 3132 3131 
2977 3133 2976 2976 3133 3132 3133 2977 2978 
3134 3133 2978 2979 3135 3136 2980 2979 3136 
2981 3137 2979 2979 3137 3135 3121 2981 2965 
3137 2981 3121 2978 3138 3134 2982 3138 2978 
2983 3139 2982 2982 3139 3138 3139 2983 2984 
3140 3139 2984 2985 3141 3142 2986 2985 3142 
2987 3143 2985 2985 3143 3141 3136 2987 2980 
3143 2987 3136 2984 3144 3140 2988 3144 2984 
2989 3145 2988 2988 3145 3144 3145 2989 2990 
3146 3145 2990 2991 3147 3148 2992 2991 3148 
3142 2991 2986 3147 2991 3142 2990 3149 3146 
2993 3149 2990 3149 2993 2994 3150 3149 2994 
2995 3151 3152 2996 2995 3152 2997 3153 2995 
2995 3153 3151 3148 2997 2992 3153 2997 3148 
2994 3154 3150 2998 3154 2994 2999 3155 2998 
2998 3155 3154 3155 2999 3000 3156 3155 3000 
3001 3157 3158 3002 3001 3158 3152 3001 2996 
3157 3001 3152 3000 3159 3156 3003 3159 3000 
3159 3003 3004 3160 3159 3004 3005 3161 3162 
3006 3005 3162 3158 3005 3002 3161 3005 3158 
3004 3163 3160 3007 3163 3004 3163 3007 3008 
3164 3163 3008 3006 3162 3009 3162 3165 3009 
3008 3010 3164 3164 3010 3166 3011 3167 3168 
3012 3011 3168 3165 3011 3009 3167 3011 3165 
3010 3169 3166 3013 3169 3010 3169 3013 3014 
3170 3169 3014 3015 3171 3172 3016 3015 3172 
3168 3015 3012 3171 3015 3168 3014 3173 3170 
3017 3173 3014 3173 3017 3018 3174 3173 3018 
3016 3172 3019 3172 3175 3019 3018 3020 3174 
3174 3020 3176 3021 3177 3178 3022 3021 3178 
3175 3021 3019 3177 3021 3175 3020 3179 3176 
3023 3179 3020 3179 3023 3024 3180 3179 3024 
3022 3178 3025 3178 3181 3025 3024 3026 3180 
3180 3026 3182 3027 3183 3184 3028 3027 3184 
3181 3027 3025 3183 3027 3181 3026 3185 3182 
3029 3185 3026 3185 3029 3030 3186 3185 3030 
3028 3184 3031 3184 3187 3031 3030 3032 3186 
3186 3032 3188 3031 3187 3033 3187 3189 3033 
3032 3034 3188 3188 3034 3190 3033 3189 3035 
3189 3191 3035 3034 3036 3190 3190 3036 3192 
3035 3191 3037 3191 3193 3037 3036 3038 3192 
3192 3038 3194 3037 3193 3039 3193 3195 3039 
3038 3040 3194 3194 3040 3196 3039 3195 3041 
3195 3197 3041 3040 3042 3196 3196 3042 3198 
3041 3197 3043 3197 3199 3043 3042 3044 3198 
3198 3044 3200 3043 3199 3045 3199 3201 3045 
3044 3046 3200 3200 3046 3202 3045 3201 3047 
3201 3203 3047 3046 3048 3202 3202 3048 3204 
3047 3203 3049 3203 3205 3049 3048 3050 3204 
3204 3050 3206 3049 3205 3051 3205 3207 3051 
3050 3052 3206 3206 3052 3208 3051 3207 3053 
3207 3209 3053 3052 3054 3208 3208 3054 3210 
3053 3209 3211 3055 3053 3211 3211 3056 3055 
3212 3056 3211 3058 3213 3214 3057 3213 3058 
3210 3054 3058 3214 3210 3058 3056 3212 3059 
3212 3215 3059 3057 3060 3213 3213 3060 3216 
3059 3215 3217 3061 3059 3217 3217 3062 3061 
3218 3062 3217 3064 3219 3220 3063 3219 3064 
3216 3060 3064 3220 3216 3064 3062 3218 3065 
3218 3221 3065 3063 3066 3219 3219 3066 3222 
3065 3221 3223 3067 3065 3223 3223 3068 3067 
3224 3068 3223 3070 3225 3226 3069 3225 3070 
3222 3066 3070 3226 3222 3070 3068 3224 3227 
3071 3068 3227 3227 3072 3071 3228 3072 3227 
3074 3229 3230 3073 3229 3074 3225 3069 3074 
3230 3225 3074 3072 3228 3075 3228 3231 3075 
3073 3076 3229 3229 3076 3232 3075 3231 3233 
3077 3075 3233 3233 3078 3077 3234 3078 3233 
3080 3235 3236 3079 3235 3080 3232 3076 3080 
3236 3232 3080 3078 3234 3237 3081 3078 3237 
3237 3082 3081 3238 3082 3237 3084 3239 3240 
3083 3239 3084 3235 3079 3084 3240 3235 3084 
3082 3238 3241 3085 3082 3241 3086 3085 3242 
3085 3241 3242 3242 3087 3086 3243 3087 3242 
3089 3244 3245 3088 3244 3089 3090 3089 3246 
3089 3245 3246 3239 3083 3090 3246 3239 3090 
3087 3243 3247 3091 3087 3247 3247 3092 3091 
3248 3092 3247 3094 3249 3250 3093 3249 3094 
3244 3088 3094 3250 3244 3094 3092 3248 3251 
3095 3092 3251 3096 3095 3252 3095 3251 3252 
3252 3097 3096 3253 3097 3252 3099 3254 3255 
3098 3254 3099 3100 3099 3256 3099 3255 3256 
3249 3093 3100 3256 3249 3100 3097 3253 3257 
3101 3097 3257 3102 3101 3258 3101 3257 3258 
3258 3103 3102 3259 3103 3258 3105 3260 3261 
3104 3260 3105 3106 3105 3262 3105 3261 3262 
3254 3098 3106 3262 3254 3106 3103 3259 3263 
3107 3103 3263 3108 3107 3264 3107 3263 3264 
3109 3108 3265 3108 3264 3265 3110 3109 3266 
3109 3265 3266 3111 3110 3267 3110 3266 3267 
3112 3111 3268 3111 3267 3268 3113 3112 3269 
3112 3268 3269 3114 3113 3270 3113 3269 3270 
3115 3114 3271 3114 3270 3271 3116 3115 3272 
3115 3271 3272 3117 3116 3273 3116 3272 3273 
3118 3117 3274 3117 3273 3274 3119 3118 3275 
3118 3274 3275 3260 3104 3119 3275 3260 3119 
3120 3276 3277 3121 3120 3277 3122 3278 3120 
3120 3278 3276 3123 3279 3122 3122 3279 3278 
3124 3280 3123 3123 3280 3279 3125 3281 3124 
3124 3281 3280 3126 3282 3125 3125 3282 3281 
3127 3283 3126 3126 3283 3282 3128 3284 3127 
3127 3284 3283 3129 3285 3128 3128 3285 3284 
3130 3286 3129 3129 3286 3285 3131 3287 3130 
3130 3287 3286 3132 3288 3131 3131 3288 3287 
3133 3289 3132 3132 3289 3288 3289 3133 3134 
3290 3289 3134 3135 3291 3292 3136 3135 3292 
3137 3293 3135 3135 3293 3291 3277 3137 3121 
3293 3137 3277 3134 3294 3290 3138 3294 3134 
3139 3295 3138 3138 3295 3294 3295 3139 3140 
3296 3295 3140 3141 3297 3298 3142 3141 3298 
3143 3299 3141 3141 3299 3297 3292 3143 3136 
3299 3143 3292 3140 3300 3296 3144 3300 3140 
3145 3301 3144 3144 3301 3300 3301 3145 3146 
3302 3301 3146 3147 3303 3304 3148 3147 3304 
3298 3147 3142 3303 3147 3298 3146 3305 3302 
3149 3305 3146 3305 3149 3150 3306 3305 3150 
3151 3307 3308 3152 3151 3308 3153 3309 3151 
3151 3309 3307 3304 3153 3148 3309 3153 3304 
3150 3310 3306 3154 3310 3150 3155 3311 3154 
3154 3311 3310 3311 3155 3156 3312 3311 3156 
3157 3313 3314 3158 3157 3314 3308 3157 3152 
3313 3157 3308 3156 3315 3312 3159 3315 3156 
3315 3159 3160 3316 3315 3160 3161 3317 3318 
3162 3161 3318 3314 3161 3158 3317 3161 3314 
3160 3319 3316 3163 3319 3160 3319 3163 3164 
3320 3319 3164 3162 3318 3165 3318 3321 3165 
3164 3166 3320 3320 3166 3322 3167 3323 3324 
3168 3167 3324 3321 3167 3165 3323 3167 3321 
3166 3325 3322 3169 3325 3166 3325 3169 3170 
3326 3325 3170 3171 3327 3328 3172 3171 3328 
3324 3171 3168 3327 3171 3324 3170 3329 3326 
3173 3329 3170 3329 3173 3174 3330 3329 3174 
3172 3328 3175 3328 3331 3175 3174 3176 3330 
3330 3176 3332 3177 3333 3334 3178 3177 3334 
3331 3177 3175 3333 3177 3331 3176 3335 3332 
3179 3335 3176 3335 3179 3180 3336 3335 3180 
3178 3334 3181 3334 3337 3181 3180 3182 3336 
3336 3182 3338 3183 3339 3340 3184 3183 3340 
3337 3183 3181 3339 3183 3337 3182 3341 3338 
3185 3341 3182 3341 3185 3186 3342 3341 3186 
3184 3340 3187 3340 3343 3187 3186 3188 3342 
3342 3188 3344 3187 3343 3189 3343 3345 3189 
3188 3190 3344 3344 3190 3346 3189 3345 3191 
3345 3347 3191 3190 3192 3346 3346 3192 3348 
3191 3347 3193 3347 3349 3193 3192 3194 3348 
3348 3194 3350 3193 3349 3195 3349 3351 3195 
3194 3196 3350 3350 3196 3352 3195 3351 3197 
3351 3353 3197 3196 3198 3352 3352 3198 3354 
3197 3353 3199 3353 3355 3199 3198 3200 3354 
3354 3200 3356 3199 3355 3201 3355 3357 3201 
3200 3202 3356 3356 3202 3358 3201 3357 3203 
3357 3359 3203 3202 3204 3358 3358 3204 3360 
3203 3359 3205 3359 3361 3205 3204 3206 3360 
3360 3206 3362 3205 3361 3207 3361 3363 3207 
3206 3208 3362 3362 3208 3364 3207 3363 3209 
3363 3365 3209 3208 3210 3364 3364 3210 3366 
3209 3365 3367 3211 3209 3367 3367 3212 3211 
3368 3212 3367 3214 3369 3370 3213 3369 3214 
3366 3210 3214 3370 3366 3214 3212 3368 3215 
3368 3371 3215 3213 3216 3369 3369 3216 3372 
3215 3371 3373 3217 3215 3373 3373 3218 3217 
3374 3218 3373 3220 3375 3376 3219 3375 3220 
3372 3216 3220 3376 3372 3220 3218 3374 3221 
3374 3377 3221 3219 3222 3375 3375 3222 3378 
3221 3377 3379 3223 3221 3379 3379 3224 3223 
3380 3224 3379 3226 3381 3382 3225 3381 3226 
3378 3222 3226 3382 3378 3226 3224 3380 3383 
3227 3224 3383 3383 3228 3227 3384 3228 3383 
3230 3385 3386 3229 3385 3230 3381 3225 3230 
3386 3381 3230 3228 3384 3231 3384 3387 3231 
3229 3232 3385 3385 3232 3388 3231 3387 3389 
3233 3231 3389 3389 3234 3233 3390 3234 3389 
3236 3391 3392 3235 3391 3236 3388 3232 3236 
3392 3388 3236 3234 3390 3393 3237 3234 3393 
3393 3238 3237 3394 3238 3393 3240 3395 3396 
3239 3395 3240 3391 3235 3240 3396 3391 3240 
3238 3394 3397 3241 3238 3397 3242 3241 3398 
3241 3397 3398 3398 3243 3242 3399 3243 3398 
3245 3400 3401 3244 3400 3245 3246 3245 3402 
3245 3401 3402 3395 3239 3246 3402 3395 3246 
3243 3399 3403 3247 3243 3403 3403 3248 3247 
3404 3248 3403 3250 3405 3406 3249 3405 3250 
3400 3244 3250 3406 3400 3250 3248 3404 3407 
3251 3248 3407 3252 3251 3408 3251 3407 3408 
3408 3253 3252 3409 3253 3408 3255 3410 3411 
3254 3410 3255 3256 3255 3412 3255 3411 3412 
3405 3249 3256 3412 3405 3256 3253 3409 3413 
3257 3253 3413 3258 3257 3414 3257 3413 3414 
3414 3259 3258 3415 3259 3414 3261 3416 3417 
3260 3416 3261 3262 3261 3418 3261 3417 3418 
3410 3254 3262 3418 3410 3262 3259 3415 3419 
3263 3259 3419 3264 3263 3420 3263 3419 3420 
3265 3264 3421 3264 3420 3421 3266 3265 3422 
3265 3421 3422 3267 3266 3423 3266 3422 3423 
3268 3267 3424 3267 3423 3424 3269 3268 3425 
3268 3424 3425 3270 3269 3426 3269 3425 3426 
3271 3270 3427 3270 3426 3427 3272 3271 3428 
3271 3427 3428 3273 3272 3429 3272 3428 3429 
3274 3273 3430 3273 3429 3430 3275 3274 3431 
3274 3430 3431 3416 3260 3275 3431 3416 3275 
3276 3432 3433 3277 3276 3433 3278 3434 3276 
3276 3434 3432 3279 3435 3278 3278 3435 3434 
3280 3436 3279 3279 3436 3435 3281 3437 3280 
3280 3437 3436 3282 3438 3281 3281 3438 3437 
3283 3439 3282 3282 3439 3438 3284 3440 3283 
3283 3440 3439 3285 3441 3284 3284 3441 3440 
3286 3442 3285 3285 3442 3441 3287 3443 3286 
3286 3443 3442 3288 3444 3287 3287 3444 3443 
3289 3445 3288 3288 3445 3444 3445 3289 3290 
3446 3445 3290 3291 3447 3448 3292 3291 3448 
3293 3449 3291 3291 3449 3447 3433 3293 3277 
3449 3293 3433 3290 3450 3446 3294 3450 3290 
3295 3451 3294 3294 3451 3450 3451 3295 3296 
3452 3451 3296 3297 3453 3454 3298 3297 3454 
3299 3455 3297 3297 3455 3453 3448 3299 3292 
3455 3299 3448 3296 3456 3452 3300 3456 3296 
3301 3457 3300 3300 3457 3456 3457 3301 3302 
3458 3457 3302 3303 3459 3460 3304 3303 3460 
3454 3303 3298 3459 3303 3454 3302 3461 3458 
3305 3461 3302 3461 3305 3306 3462 3461 3306 
3307 3463 3464 3308 3307 3464 3309 3465 3307 
3307 3465 3463 3460 3309 3304 3465 3309 3460 
3306 3466 3462 3310 3466 3306 3311 3467 3310 
3310 3467 3466 3467 3311 3312 3468 3467 3312 
3313 3469 3470 3314 3313 3470 3464 3313 3308 
3469 3313 3464 3312 3471 3468 3315 3471 3312 
3471 3315 3316 3472 3471 3316 3317 3473 3474 
3318 3317 3474 3470 3317 3314 3473 3317 3470 
3316 3475 3472 3319 3475 3316 3475 3319 3320 
3476 3475 3320 3318 3474 3321 3474 3477 3321 
3320 3322 3476 3476 3322 3478 3323 3479 3480 
3324 3323 3480 3477 3323 3321 3479 3323 3477 
3322 3481 3478 3325 3481 3322 3481 3325 3326 
3482 3481 3326 3327 3483 3484 3328 3327 3484 
3480 3327 3324 3483 3327 3480 3326 3485 3482 
3329 3485 3326 3485 3329 3330 3486 3485 3330 
3328 3484 3331 3484 3487 3331 3330 3332 3486 
3486 3332 3488 3333 3489 3490 3334 3333 3490 
3487 3333 3331 3489 3333 3487 3332 3491 3488 
3335 3491 3332 3491 3335 3336 3492 3491 3336 
3334 3490 3337 3490 3493 3337 3336 3338 3492 
3492 3338 3494 3339 3495 3496 3340 3339 3496 
3493 3339 3337 3495 3339 3493 3338 3497 3494 
3341 3497 3338 3497 3341 3342 3498 3497 3342 
3340 3496 3343 3496 3499 3343 3342 3344 3498 
3498 3344 3500 3343 3499 3345 3499 3501 3345 
3344 3346 3500 3500 3346 3502 3345 3501 3347 
3501 3503 3347 3346 3348 3502 3502 3348 3504 
3347 3503 3349 3503 3505 3349 3348 3350 3504 
3504 3350 3506 3349 3505 3351 3505 3507 3351 
3350 3352 3506 3506 3352 3508 3351 3507 3353 
3507 3509 3353 3352 3354 3508 3508 3354 3510 
3353 3509 3355 3509 3511 3355 3354 3356 3510 
3510 3356 3512 3355 3511 3357 3511 3513 3357 
3356 3358 3512 3512 3358 3514 3357 3513 3359 
3513 3515 3359 3358 3360 3514 3514 3360 3516 
3359 3515 3361 3515 3517 3361 3360 3362 3516 
3516 3362 3518 3361 3517 3363 3517 3519 3363 
3362 3364 3518 3518 3364 3520 3363 3519 3365 
3519 3521 3365 3364 3366 3520 3520 3366 3522 
3365 3521 3523 3367 3365 3523 3523 3368 3367 
3524 3368 3523 3370 3525 3526 3369 3525 3370 
3522 3366 3370 3526 3522 3370 3368 3524 3371 
3524 3527 3371 3369 3372 3525 3525 3372 3528 
3371 3527 3529 3373 3371 3529 3529 3374 3373 
3530 3374 3529 3376 3531 3532 3375 3531 3376 
3528 3372 3376 3532 3528 3376 3374 3530 3377 
3530 3533 3377 3375 3378 3531 3531 3378 3534 
3377 3533 3535 3379 3377 3535 3535 3380 3379 
3536 3380 3535 3382 3537 3538 3381 3537 3382 
3534 3378 3382 3538 3534 3382 3380 3536 3539 
3383 3380 3539 3539 3384 3383 3540 3384 3539 
3386 3541 3542 3385 3541 3386 3537 3381 3386 
3542 3537 3386 3384 3540 3387 3540 3543 3387 
3385 3388 3541 3541 3388 3544 3387 3543 3545 
3389 3387 3545 3545 3390 3389 3546 3390 3545 
3392 3547 3548 3391 3547 3392 3544 3388 3392 
3548 3544 3392 3390 3546 3549 3393 3390 3549 
3549 3394 3393 3550 3394 3549 3396 3551 3552 
3395 3551 3396 3547 3391 3396 3552 3547 3396 
3394 3550 3553 3397 3394 3553 3398 3397 3554 
3397 3553 3554 3554 3399 3398 3555 3399 3554 
3401 3556 3557 3400 3556 3401 3402 3401 3558 
3401 3557 3558 3551 3395 3402 3558 3551 3402 
3399 3555 3559 3403 3399 3559 3559 3404 3403 
3560 3404 3559 3406 3561 3562 3405 3561 3406 
3556 3400 3406 3562 3556 3406 3404 3560 3563 
3407 3404 3563 3408 3407 3564 3407 3563 3564 
3564 3409 3408 3565 3409 3564 3411 3566 3567 
3410 3566 3411 3412 3411 3568 3411 3567 3568 
3561 3405 3412 3568 3561 3412 3409 3565 3569 
3413 3409 3569 3414 3413 3570 3413 3569 3570 
3570 3415 3414 3571 3415 3570 3417 3572 3573 
3416 3572 3417 3418 3417 3574 3417 3573 3574 
3566 3410 3418 3574 3566 3418 3415 3571 3575 
3419 3415 3575 3420 3419 3576 3419 3575 3576 
3421 3420 3577 3420 3576 3577 3422 3421 3578 
3421 3577 3578 3423 3422 3579 3422 3578 3579 
3424 3423 3580 3423 3579 3580 3425 3424 3581 
3424 3580 3581 3426 3425 3582 3425 3581 3582 
3427 3426 3583 3426 3582 3583 3428 3427 3584 
3427 3583 3584 3429 3428 3585 3428 3584 3585 
3430 3429 3586 3429 3585 3586 3431 3430 3587 
3430 3586 3587 3572 3416 3431 3587 3572 3431 
3432 3588 3589 3433 3432 3589 3434 3590 3432 
3432 3590 3588 3435 3591 3434 3434 3591 3590 
3436 3592 3435 3435 3592 3591 3437 3593 3436 
3436 3593 3592 3438 3594 3437 3437 3594 3593 
3439 3595 3438 3438 3595 3594 3440 3596 3439 
3439 3596 3595 3441 3597 3440 3440 3597 3596 
3442 3598 3441 3441 3598 3597 3443 3599 3442 
3442 3599 3598 3444 3600 3443 3443 3600 3599 
3445 3601 3444 3444 3601 3600 3601 3445 3446 
3602 3601 3446 3447 3603 3604 3448 3447 3604 
3449 3605 3447 3447 3605 3603 3589 3449 3433 
3605 3449 3589 3446 3606 3602 3450 3606 3446 
3451 3607 3450 3450 3607 3606 3607 3451 3452 
3608 3607 3452 3453 3609 3610 3454 3453 3610 
3455 3611 3453 3453 3611 3609 3604 3455 3448 
3611 3455 3604 3452 3612 3608 3456 3612 3452 
3457 3613 3456 3456 3613 3612 3613 3457 3458 
3614 3613 3458 3459 3615 3616 3460 3459 3616 
3610 3459 3454 3615 3459 3610 3458 3617 3614 
3461 3617 3458 3617 3461 3462 3618 3617 3462 
3463 3619 3620 3464 3463 3620 3465 3621 3463 
3463 3621 3619 3616 3465 3460 3621 3465 3616 
3462 3622 3618 3466 3622 3462 3467 3623 3466 
3466 3623 3622 3623 3467 3468 3624 3623 3468 
3469 3625 3626 3470 3469 3626 3620 3469 3464 
3625 3469 3620 3468 3627 3624 3471 3627 3468 
3627 3471 3472 3628 3627 3472 3473 3629 3630 
3474 3473 3630 3626 3473 3470 3629 3473 3626 
3472 3631 3628 3475 3631 3472 3631 3475 3476 
3632 3631 3476 3474 3630 3477 3630 3633 3477 
3476 3478 3632 3632 3478 3634 3479 3635 3636 
3480 3479 3636 3633 3479 3477 3635 3479 3633 
3478 3637 3634 3481 3637 3478 3637 3481 3482 
3638 3637 3482 3483 3639 3640 3484 3483 3640 
3636 3483 3480 3639 3483 3636 3482 3641 3638 
3485 3641 3482 3641 3485 3486 3642 3641 3486 
3484 3640 3487 3640 3643 3487 3486 3488 3642 
3642 3488 3644 3489 3645 3646 3490 3489 3646 
3643 3489 3487 3645 3489 3643 3488 3647 3644 
3491 3647 3488 3647 3491 3492 3648 3647 3492 
3490 3646 3493 3646 3649 3493 3492 3494 3648 
3648 3494 3650 3495 3651 3652 3496 3495 3652 
3649 3495 3493 3651 3495 3649 3494 3653 3650 
3497 3653 3494 3653 3497 3498 3654 3653 3498 
3496 3652 3499 3652 3655 3499 3498 3500 3654 
3654 3500 3656 3499 3655 3501 3655 3657 3501 
3500 3502 3656 3656 3502 3658 3501 3657 3503 
3657 3659 3503 3502 3504 3658 3658 3504 3660 
3503 3659 3505 3659 3661 3505 3504 3506 3660 
3660 3506 3662 3505 3661 3507 3661 3663 3507 
3506 3508 3662 3662 3508 3664 3507 3663 3509 
3663 3665 3509 3508 3510 3664 3664 3510 3666 
3509 3665 3511 3665 3667 3511 3510 3512 3666 
3666 3512 3668 3511 3667 3513 3667 3669 3513 
3512 3514 3668 3668 3514 3670 3513 3669 3515 
3669 3671 3515 3514 3516 3670 3670 3516 3672 
3515 3671 3517 3671 3673 3517 3516 3518 3672 
3672 3518 3674 3517 3673 3519 3673 3675 3519 
3518 3520 3674 3674 3520 3676 3519 3675 3521 
3675 3677 3521 3520 3522 3676 3676 3522 3678 
3521 3677 3679 3523 3521 3679 3679 3524 3523 
3680 3524 3679 3526 3681 3682 3525 3681 3526 
3678 3522 3526 3682 3678 3526 3524 3680 3527 
3680 3683 3527 3525 3528 3681 3681 3528 3684 
3527 3683 3685 3529 3527 3685 3685 3530 3529 
3686 3530 3685 3532 3687 3688 3531 3687 3532 
3684 3528 3532 3688 3684 3532 3530 3686 3533 
3686 3689 3533 3531 3534 3687 3687 3534 3690 
3533 3689 3691 3535 3533 3691 3691 3536 3535 
3692 3536 3691 3538 3693 3694 3537 3693 3538 
3690 3534 3538 3694 3690 3538 3536 3692 3695 
3539 3536 3695 3695 3540 3539 3696 3540 3695 
3542 3697 3698 3541 3697 3542 3693 3537 3542 
3698 3693 3542 3540 3696 3543 3696 3699 3543 
3541 3544 3697 3697 3544 3700 3543 3699 3701 
3545 3543 3701 3701 3546 3545 3702 3546 3701 
3548 3703 3704 3547 3703 3548 3700 3544 3548 
3704 3700 3548 3546 3702 3705 3549 3546 3705 
3705 3550 3549 3706 3550 3705 3552 3707 3708 
3551 3707 3552 3703 3547 3552 3708 3703 3552 
3550 3706 3709 3553 3550 3709 3554 3553 3710 
3553 3709 3710 3710 3555 3554 3711 3555 3710 
3557 3712 3713 3556 3712 3557 3558 3557 3714 
3557 3713 3714 3707 3551 3558 3714 3707 3558 
3555 3711 3715 3559 3555 3715 3715 3560 3559 
3716 3560 3715 3562 3717 3718 3561 3717 3562 
3712 3556 3562 3718 3712 3562 3560 3716 3719 
3563 3560 3719 3564 3563 3720 3563 3719 3720 
3720 3565 3564 3721 3565 3720 3567 3722 3723 
3566 3722 3567 3568 3567 3724 3567 3723 3724 
3717 3561 3568 3724 3717 3568 3565 3721 3725 
3569 3565 3725 3570 3569 3726 3569 3725 3726 
3726 3571 3570 3727 3571 3726 3573 3728 3729 
3572 3728 3573 3574 3573 3730 3573 3729 3730 
3722 3566 3574 3730 3722 3574 3571 3727 3731 
3575 3571 3731 3576 3575 3732 3575 3731 3732 
3577 3576 3733 3576 3732 3733 3578 3577 3734 
3577 3733 3734 3579 3578 3735 3578 3734 3735 
3580 3579 3736 3579 3735 3736 3581 3580 3737 
3580 3736 3737 3582 3581 3738 3581 3737 3738 
3583 3582 3739 3582 3738 3739 3584 3583 3740 
3583 3739 3740 3585 3584 3741 3584 3740 3741 
3586 3585 3742 3585 3741 3742 3587 3586 3743 
3586 3742 3743 3728 3572 3587 3743 3728 3587 
3588 3744 3745 3589 3588 3745 3590 3746 3588 
3588 3746 3744 3591 3747 3590 3590 3747 3746 
3592 3748 3591 3591 3748 3747 3593 3749 3592 
3592 3749 3748 3594 3750 3593 3593 3750 3749 
3595 3751 3594 3594 3751 3750 3596 3752 3595 
3595 3752 3751 3597 3753 3596 3596 3753 3752 
3598 3754 3597 3597 3754 3753 3599 3755 3598 
3598 3755 3754 3600 3756 3599 3599 3756 3755 
3601 3757 3600 3600 3757 3756 3757 3601 3602 
3758 3757 3602 3603 3759 3760 3604 3603 3760 
3605 3761 3603 3603 3761 3759 3745 3605 3589 
3761 3605 3745 3602 3762 3758 3606 3762 3602 
3607 3763 3606 3606 3763 3762 3763 3607 3608 
3764 3763 3608 3609 3765 3766 3610 3609 3766 
3611 3767 3609 3609 3767 3765 3760 3611 3604 
3767 3611 3760 3608 3768 3764 3612 3768 3608 
3613 3769 3612 3612 3769 3768 3769 3613 3614 
3770 3769 3614 3615 3771 3772 3616 3615 3772 
3766 3615 3610 3771 3615 3766 3614 3773 3770 
3617 3773 3614 3773 3617 3618 3774 3773 3618 
3619 3775 3776 3620 3619 3776 3621 3777 3619 
3619 3777 3775 3772 3621 3616 3777 3621 3772 
3618 3778 3774 3622 3778 3618 3623 3779 3622 
3622 3779 3778 3779 3623 3624 3780 3779 3624 
3625 3781 3782 3626 3625 3782 3776 3625 3620 
3781 3625 3776 3624 3783 3780 3627 3783 3624 
3783 3627 3628 3784 3783 3628 3629 3785 3786 
3630 3629 3786 3782 3629 3626 3785 3629 3782 
3628 3787 3784 3631 3787 3628 3787 3631 3632 
3788 3787 3632 3630 3786 3633 3786 3789 3633 
3632 3634 3788 3788 3634 3790 3635 3791 3792 
3636 3635 3792 3789 3635 3633 3791 3635 3789 
3634 3793 3790 3637 3793 3634 3793 3637 3638 
3794 3793 3638 3639 3795 3796 3640 3639 3796 
3792 3639 3636 3795 3639 3792 3638 3797 3794 
3641 3797 3638 3797 3641 3642 3798 3797 3642 
3640 3796 3643 3796 3799 3643 3642 3644 3798 
3798 3644 3800 3645 3801 3802 3646 3645 3802 
3799 3645 3643 3801 3645 3799 3644 3803 3800 
3647 3803 3644 3803 3647 3648 3804 3803 3648 
3646 3802 3649 3802 3805 3649 3648 3650 3804 
3804 3650 3806 3651 3807 3808 3652 3651 3808 
3805 3651 3649 3807 3651 3805 3650 3809 3806 
3653 3809 3650 3809 3653 3654 3810 3809 3654 
3652 3808 3655 3808 3811 3655 3654 3656 3810 
3810 3656 3812 3655 3811 3657 3811 3813 3657 
3656 3658 3812 3812 3658 3814 3657 3813 3659 
3813 3815 3659 3658 3660 3814 3814 3660 3816 
3659 3815 3661 3815 3817 3661 3660 3662 3816 
3816 3662 3818 3661 3817 3663 3817 3819 3663 
3662 3664 3818 3818 3664 3820 3663 3819 3665 
3819 3821 3665 3664 3666 3820 3820 3666 3822 
3665 3821 3667 3821 3823 3667 3666 3668 3822 
3822 3668 3824 3667 3823 3669 3823 3825 3669 
3668 3670 3824 3824 3670 3826 3669 3825 3671 
3825 3827 3671 3670 3672 3826 3826 3672 3828 
3671 3827 3673 3827 3829 3673 3672 3674 3828 
3828 3674 3830 3673 3829 3675 3829 3831 3675 
3674 3676 3830 3830 3676 3832 3675 3831 3677 
3831 3833 3677 3676 3678 3832 3832 3678 3834 
3677 3833 3835 3679 3677 3835 3835 3680 3679 
3836 3680 3835 3682 3837 3838 3681 3837 3682 
3834 3678 3682 3838 3834 3682 3680 3836 3683 
3836 3839 3683 3681 3684 3837 3837 3684 3840 
3683 3839 3841 3685 3683 3841 3841 3686 3685 
3842 3686 3841 3688 3843 3844 3687 3843 3688 
3840 3684 3688 3844 3840 3688 3686 3842 3689 
3842 3845 3689 3687 3690 3843 3843 3690 3846 
3689 3845 3847 3691 3689 3847 3847 3692 3691 
3848 3692 3847 3694 3849 3850 3693 3849 3694 
3846 3690 3694 3850 3846 3694 3692 3848 3851 
3695 3692 3851 3851 3696 3695 3852 3696 3851 
3698 3853 3854 3697 3853 3698 3849 3693 3698 
3854 3849 3698 3696 3852 3699 3852 3855 3699 
3697 3700 3853 3853 3700 3856 3699 3855 3857 
3701 3699 3857 3857 3702 3701 3858 3702 3857 
3704 3859 3860 3703 3859 3704 3856 3700 3704 
3860 3856 3704 3702 3858 3861 3705 3702 3861 
3861 3706 3705 3862 3706 3861 3708 3863 3864 
3707 3863 3708 3859 3703 3708 3864 3859 3708 
3706 3862 3865 3709 3706 3865 3710 3709 3866 
3709 3865 3866 3866 3711 3710 3867 3711 3866 
3713 3868 3869 3712 3868 3713 3714 3713 3870 
3713 3869 3870 3863 3707 3714 3870 3863 3714 
3711 3867 3871 3715 3711 3871 3871 3716 3715 
3872 3716 3871 3718 3873 3874 3717 3873 3718 
3868 3712 3718 3874 3868 3718 3716 3872 3875 
3719 3716 3875 3720 3719 3876 3719 3875 3876 
3876 3721 3720 3877 3721 3876 3723 3878 3879 
3722 3878 3723 3724 3723 3880 3723 3879 3880 
3873 3717 3724 3880 3873 3724 3721 3877 3881 
3725 3721 3881 3726 3725 3882 3725 3881 3882 
3882 3727 3726 3883 3727 3882 3729 3884 3885 
3728 3884 3729 3730 3729 3886 3729 3885 3886 
3878 3722 3730 3886 3878 3730 3727 3883 3887 
3731 3727 3887 3732 3731 3888 3731 3887 3888 
3733 3732 3889 3732 3888 3889 3734 3733 3890 
3733 3889 3890 3735 3734 3891 3734 3890 3891 
3736 3735 3892 3735 3891 3892 3737 3736 3893 
3736 3892 3893 3738 3737 3894 3737 3893 3894 
3739 3738 3895 3738 3894 3895 3740 3739 3896 
3739 3895 3896 3741 3740 3897 3740 3896 3897 
3742 3741 3898 3741 3897 3898 3743 3742 3899 
3742 3898 3899 3884 3728 3743 3899 3884 3743 
3744 3900 3901 3745 3744 3901 3746 3902 3744 
3744 3902 3900 3747 3903 3746 3746 3903 3902 
3748 3904 3747 3747 3904 3903 3749 3905 3748 
3748 3905 3904 3750 3906 3749 3749 3906 3905 
3751 3907 3750 3750 3907 3906 3752 3908 3751 
3751 3908 3907 3753 3909 3752 3752 3909 3908 
3754 3910 3753 3753 3910 3909 3755 3911 3754 
3754 3911 3910 3756 3912 3755 3755 3912 3911 
3757 3913 3756 3756 3913 3912 3913 3757 3758 
3914 3913 3758 3759 3915 3916 3760 3759 3916 
3761 3917 3759 3759 3917 3915 3901 3761 3745 
3917 3761 3901 3758 3918 3914 3762 3918 3758 
3763 3919 3762 3762 3919 3918 3919 3763 3764 
3920 3919 3764 3765 3921 3922 3766 3765 3922 
3767 3923 3765 3765 3923 3921 3916 3767 3760 
3923 3767 3916 3764 3924 3920 3768 3924 3764 
3769 3925 3768 3768 3925 3924 3925 3769 3770 
3926 3925 3770 3771 3927 3928 3772 3771 3928 
3922 3771 3766 3927 3771 3922 3770 3929 3926 
3773 3929 3770 3929 3773 3774 3930 3929 3774 
3775 3931 3932 3776 3775 3932 3777 3933 3775 
3775 3933 3931 3928 3777 3772 3933 3777 3928 
3774 3934 3930 3778 3934 3774 3779 3935 3778 
3778 3935 3934 3935 3779 3780 3936 3935 3780 
3781 3937 3938 3782 3781 3938 3932 3781 3776 
3937 3781 3932 3780 3939 3936 3783 3939 3780 
3939 3783 3784 3940 3939 3784 3785 3941 3942 
3786 3785 3942 3938 3785 3782 3941 3785 3938 
3784 3943 3940 3787 3943 3784 3943 3787 3788 
3944 3943 3788 3786 3942 3789 3942 3945 3789 
3788 3790 3944 3944 3790 3946 3791 3947 3948 
3792 3791 3948 3945 3791 3789 3947 3791 3945 
3790 3949 3946 3793 3949 3790 3949 3793 3794 
3950 3949 3794 3795 3951 3952 3796 3795 3952 
3948 3795 3792 3951 3795 3948 3794 3953 3950 
3797 3953 3794 3953 3797 3798 3954 3953 3798 
3796 3952 3799 3952 3955 3799 3798 3800 3954 
3954 3800 3956 3801 3957 3958 3802 3801 3958 
3955 3801 3799 3957 3801 3955 3800 3959 3956 
3803 3959 3800 3959 3803 3804 3960 3959 3804 
3802 3958 3805 3958 3961 3805 3804 3806 3960 
3960 3806 3962 3807 3963 3964 3808 3807 3964 
3961 3807 3805 3963 3807 3961 3806 3965 3962 
3809 3965 3806 3965 3809 3810 3966 3965 3810 
3808 3964 3811 3964 3967 3811 3810 3812 3966 
3966 3812 3968 3811 3967 3813 3967 3969 3813 
3812 3814 3968 3968 3814 3970 3813 3969 3815 
3969 3971 3815 3814 3816 3970 3970 3816 3972 
3815 3971 3817 3971 3973 3817 3816 3818 3972 
3972 3818 3974 3817 3973 3819 3973 3975 3819 
3818 3820 3974 3974 3820 3976 3819 3975 3821 
3975 3977 3821 3820 3822 3976 3976 3822 3978 
3821 3977 3823 3977 3979 3823 3822 3824 3978 
3978 3824 3980 3823 3979 3825 3979 3981 3825 
3824 3826 3980 3980 3826 3982 3825 3981 3827 
3981 3983 3827 3826 3828 3982 3982 3828 3984 
3827 3983 3829 3983 3985 3829 3828 3830 3984 
3984 3830 3986 3829 3985 3831 3985 3987 3831 
3830 3832 3986 3986 3832 3988 3831 3987 3833 
3987 3989 3833 3832 3834 3988 3988 3834 3990 
3833 3989 3991 3835 3833 3991 3991 3836 3835 
3992 3836 3991 3838 3993 3994 3837 3993 3838 
3990 3834 3838 3994 3990 3838 3836 3992 3839 
3992 3995 3839 3837 3840 3993 3993 3840 3996 
3839 3995 3997 3841 3839 3997 3997 3842 3841 
3998 3842 3997 3844 3999 4000 3843 3999 3844 
3996 3840 3844 4000 3996 3844 3842 3998 3845 
3998 4001 3845 3843 3846 3999 3999 3846 4002 
3845 4001 4003 3847 3845 4003 4003 3848 3847 
4004 3848 4003 3850 4005 4006 3849 4005 3850 
4002 3846 3850 4006 4002 3850 3848 4004 4007 
3851 3848 4007 4007 3852 3851 4008 3852 4007 
3854 4009 4010 3853 4009 3854 4005 3849 3854 
4010 4005 3854 3852 4008 3855 4008 4011 3855 
3853 3856 4009 4009 3856 4012 3855 4011 4013 
3857 3855 4013 4013 3858 3857 4014 3858 4013 
3860 4015 4016 3859 4015 3860 4012 3856 3860 
4016 4012 3860 3858 4014 4017 3861 3858 4017 
4017 3862 3861 4018 3862 4017 3864 4019 4020 
3863 4019 3864 4015 3859 3864 4020 4015 3864 
3862 4018 4021 3865 3862 4021 3866 3865 4022 
3865 4021 4022 4022 3867 3866 4023 3867 4022 
3869 4024 4025 3868 4024 3869 3870 3869 4026 
3869 4025 4026 4019 3863 3870 4026 4019 3870 
3867 4023 4027 3871 3867 4027 4027 3872 3871 
4028 3872 4027 3874 4029 4030 3873 4029 3874 
4024 3868 3874 4030 4024 3874 3872 4028 4031 
3875 3872 4031 3876 3875 4032 3875 4031 4032 
4032 3877 3876 4033 3877 4032 3879 4034 4035 
3878 4034 3879 3880 3879 4036 3879 4035 4036 
4029 3873 3880 4036 4029 3880 3877 4033 4037 
3881 3877 4037 3882 3881 4038 3881 4037 4038 
4038 3883 3882 4039 3883 4038 3885 4040 4041 
3884 4040 3885 3886 3885 4042 3885 4041 4042 
4034 3878 3886 4042 4034 3886 3883 4039 4043 
3887 3883 4043 3888 3887 4044 3887 4043 4044 
3889 3888 4045 3888 4044 4045 3890 3889 4046 
3889 4045 4046 3891 3890 4047 3890 4046 4047 
3892 3891 4048 3891 4047 4048 3893 3892 4049 
3892 4048 4049 3894 3893 4050 3893 4049 4050 
3895 3894 4051 3894 4050 4051 3896 3895 4052 
3895 4051 4052 3897 3896 4053 3896 4052 4053 
3898 3897 4054 3897 4053 4054 3899 3898 4055 
3898 4054 4055 4040 3884 3899 4055 4040 3899 
3900 4056 4057 3901 3900 4057 3902 4058 3900 
3900 4058 4056 3903 4059 3902 3902 4059 4058 
3904 4060 3903 3903 4060 4059 3905 4061 3904 
3904 4061 4060 3906 4062 3905 3905 4062 4061 
3907 4063 3906 3906 4063 4062 3908 4064 3907 
3907 4064 4063 3909 4065 3908 3908 4065 4064 
3910 4066 3909 3909 4066 4065 3911 4067 3910 
3910 4067 4066 3912 4068 3911 3911 4068 4067 
3913 4069 3912 3912 4069 4068 4069 3913 3914 
4070 4069 3914 3915 4071 4072 3916 3915 4072 
3917 4073 3915 3915 4073 4071 4057 3917 3901 
4073 3917 4057 3914 4074 4070 3918 4074 3914 
3919 4075 3918 3918 4075 4074 4075 3919 3920 
4076 4075 3920 3921 4077 4078 3922 3921 4078 
3923 4079 3921 3921 4079 4077 4072 3923 3916 
4079 3923 4072 3920 4080 4076 3924 4080 3920 
3925 4081 3924 3924 4081 4080 4081 3925 3926 
4082 4081 3926 3927 4083 4084 3928 3927 4084 
4078 3927 3922 4083 3927 4078 3926 4085 4082 
3929 4085 3926 4085 3929 3930 4086 4085 3930 
3931 4087 4088 3932 3931 4088 3933 4089 3931 
3931 4089 4087 4084 3933 3928 4089 3933 4084 
3930 4090 4086 3934 4090 3930 3935 4091 3934 
3934 4091 4090 4091 3935 3936 4092 4091 3936 
3937 4093 4094 3938 3937 4094 4088 3937 3932 
4093 3937 4088 3936 4095 4092 3939 4095 3936 
4095 3939 3940 4096 4095 3940 3941 4097 4098 
3942 3941 4098 4094 3941 3938 4097 3941 4094 
3940 4099 4096 3943 4099 3940 4099 3943 3944 
4100 4099 3944 3942 4098 3945 4098 4101 3945 
3944 3946 4100 4100 3946 4102 3947 4103 4104 
3948 3947 4104 4101 3947 3945 4103 3947 4101 
3946 4105 4102 3949 4105 3946 4105 3949 3950 
4106 4105 3950 3951 4107 4108 3952 3951 4108 
4104 3951 3948 4107 3951 4104 3950 4109 4106 
3953 4109 3950 4109 3953 3954 4110 4109 3954 
3952 4108 3955 4108 4111 3955 3954 3956 4110 
4110 3956 4112 3957 4113 4114 3958 3957 4114 
4111 3957 3955 4113 3957 4111 3956 4115 4112 
3959 4115 3956 4115 3959 3960 4116 4115 3960 
3958 4114 3961 4114 4117 3961 3960 3962 4116 
4116 3962 4118 3963 4119 4120 3964 3963 4120 
4117 3963 3961 4119 3963 4117 3962 4121 4118 
3965 4121 3962 4121 3965 3966 4122 4121 3966 
3964 4120 3967 4120 4123 3967 3966 3968 4122 
4122 3968 4124 3967 4123 3969 4123 4125 3969 
3968 3970 4124 4124 3970 4126 3969 4125 3971 
4125 4127 3971 3970 3972 4126 4126 3972 4128 
3971 4127 3973 4127 4129 3973 3972 3974 4128 
4128 3974 4130 3973 4129 3975 4129 4131 3975 
3974 3976 4130 4130 3976 4132 3975 4131 3977 
4131 4133 3977 3976 3978 4132 4132 3978 4134 
3977 4133 3979 4133 4135 3979 3978 3980 4134 
4134 3980 4136 3979 4135 3981 4135 4137 3981 
3980 3982 4136 4136 3982 4138 3981 4137 3983 
4137 4139 3983 3982 3984 4138 4138 3984 4140 
3983 4139 3985 4139 4141 3985 3984 3986 4140 
4140 3986 4142 3985 4141 3987 4141 4143 3987 
3986 3988 4142 4142 3988 4144 3987 4143 3989 
4143 4145 3989 3988 3990 4144 4144 3990 4146 
3989 4145 4147 3991 3989 4147 4147 3992 3991 
4148 3992 4147 3994 4149 4150 3993 4149 3994 
4146 3990 3994 4150 4146 3994 3992 4148 3995 
4148 4151 3995 3993 3996 4149 4149 3996 4152 
3995 4151 4153 3997 3995 4153 4153 3998 3997 
4154 3998 4153 4000 4155 4156 3999 4155 4000 
4152 3996 4000 4156 4152 4000 3998 4154 4001 
4154 4157 4001 3999 4002 4155 4155 4002 4158 
4001 4157 4159 4003 4001 4159 4159 4004 4003 
4160 4004 4159 4006 4161 4162 4005 4161 4006 
4158 4002 4006 4162 4158 4006 4004 4160 4163 
4007 4004 4163 4163 4008 4007 4164 4008 4163 
4010 4165 4166 4009 4165 4010 4161 4005 4010 
4166 4161 4010 4008 4164 4011 4164 4167 4011 
4009 4012 4165 4165 4012 4168 4011 4167 4169 
4013 4011 4169 4169 4014 4013 4170 4014 4169 
4016 4171 4172 4015 4171 4016 4168 4012 4016 
4172 4168 4016 4014 4170 4173 4017 4014 4173 
4173 4018 4017 4174 4018 4173 4020 4175 4176 
4019 4175 4020 4171 4015 4020 4176 4171 4020 
4018 4174 4177 4021 4018 4177 4022 4021 4178 
4021 4177 4178 4178 4023 4022 4179 4023 4178 
4025 4180 4181 4024 4180 4025 4026 4025 4182 
4025 4181 4182 4175 4019 4026 4182 4175 4026 
4023 4179 4183 4027 4023 4183 4183 4028 4027 
4184 4028 4183 4030 4185 4186 4029 4185 4030 
4180 4024 4030 4186 4180 4030 4028 4184 4187 
4031 4028 4187 4032 4031 4188 4031 4187 4188 
4188 4033 4032 4189 4033 4188 4035 4190 4191 
4034 4190 4035 4036 4035 4192 4035 4191 4192 
4185 4029 4036 4192 4185 4036 4033 4189 4193 
4037 4033 4193 4038 4037 4194 4037 4193 4194 
4194 4039 4038 4195 4039 4194 4041 4196 4197 
4040 4196 4041 4042 4041 4198 4041 4197 4198 
4190 4034 4042 4198 4190 4042 4039 4195 4199 
4043 4039 4199 4044 4043 4200 4043 4199 4200 
4045 4044 4201 4044 4200 4201 4046 4045 4202 
4045 4201 4202 4047 4046 4203 4046 4202 4203 
4048 4047 4204 4047 4203 4204 4049 4048 4205 
4048 4204 4205 4050 4049 4206 4049 4205 4206 
4051 4050 4207 4050 4206 4207 4052 4051 4208 
4051 4207 4208 4053 4052 4209 4052 4208 4209 
4054 4053 4210 4053 4209 4210 4055 4054 4211 
4054 4210 4211 4196 4040 4055 4211 4196 4055 
4056 4212 4213 4057 4056 4213 4058 4214 4056 
4056 4214 4212 4059 4215 4058 4058 4215 4214 
4060 4216 4059 4059 4216 4215 4061 4217 4060 
4060 4217 4216 4062 4218 4061 4061 4218 4217 
4063 4219 4062 4062 4219 4218 4064 4220 4063 
4063 4220 4219 4065 4221 4064 4064 4221 4220 
4066 4222 4065 4065 4222 4221 4067 4223 4066 
4066 4223 4222 4068 4224 4067 4067 4224 4223 
4069 4225 4068 4068 4225 4224 4225 4069 4070 
4226 4225 4070 4071 4227 4228 4072 4071 4228 
4073 4229 4071 4071 4229 4227 4213 4073 4057 
4229 4073 4213 4070 4230 4226 4074 4230 4070 
4075 4231 4074 4074 4231 4230 4231 4075 4076 
4232 4231 4076 4077 4233 4234 4078 4077 4234 
4079 4235 4077 4077 4235 4233 4228 4079 4072 
4235 4079 4228 4076 4236 4232 4080 4236 4076 
4081 4237 4080 4080 4237 4236 4237 4081 4082 
4238 4237 4082 4083 4239 4240 4084 4083 4240 
4234 4083 4078 4239 4083 4234 4082 4241 4238 
4085 4241 4082 4241 4085 4086 4242 4241 4086 
4087 4243 4244 4088 4087 4244 4089 4245 4087 
4087 4245 4243 4240 4089 4084 4245 4089 4240 
4086 4246 4242 4090 4246 4086 4091 4247 4090 
4090 4247 4246 4247 4091 4092 4248 4247 4092 
4093 4249 4250 4094 4093 4250 4244 4093 4088 
4249 4093 4244 4092 4251 4248 4095 4251 4092 
4251 4095 4096 4252 4251 4096 4097 4253 4254 
4098 4097 4254 4250 4097 4094 4253 4097 4250 
4096 4255 4252 4099 4255 4096 4255 4099 4100 
4256 4255 4100 4098 4254 4101 4254 4257 4101 
4100 4102 4256 4256 4102 4258 4103 4259 4260 
4104 4103 4260 4257 4103 4101 4259 4103 4257 
4102 4261 4258 4105 4261 4102 4261 4105 4106 
4262 4261 4106 4107 4263 4264 4108 4107 4264 
4260 4107 4104 4263 4107 4260 4106 4265 4262 
4109 4265 4106 4265 4109 4110 4266 4265 4110 
4108 4264 4111 4264 4267 4111 4110 4112 4266 
4266 4112 4268 4113 4269 4270 4114 4113 4270 
4267 4113 4111 4269 4113 4267 4112 4271 4268 
4115 4271 4112 4271 4115 4116 4272 4271 4116 
4114 4270 4117 4270 4273 4117 4116 4118 4272 
4272 4118 4274 4119 4275 4276 4120 4119 4276 
4273 4119 4117 4275 4119 4273 4118 4277 4274 
4121 4277 4118 4277 4121 4122 4278 4277 4122 
4120 4276 4123 4276 4279 4123 4122 4124 4278 
4278 4124 4280 4123 4279 4125 4279 4281 4125 
4124 4126 4280 4280 4126 4282 4125 4281 4127 
4281 4283 4127 4126 4128 4282 4282 4128 4284 
4127 4283 4129 4283 4285 4129 4128 4130 4284 
4284 4130 4286 4129 4285 4131 4285 4287 4131 
4130 4132 4286 4286 4132 4288 4131 4287 4133 
4287 4289 4133 4132 4134 4288 4288 4134 4290 
4133 4289 4135 4289 4291 4135 4134 4136 4290 
4290 4136 4292 4135 4291 4137 4291 4293 4137 
4136 4138 4292 4292 4138 4294 4137 4293 4139 
4293 4295 4139 4138 4140 4294 4294 4140 4296 
4139 4295 4141 4295 4297 4141 4140 4142 4296 
4296 4142 4298 4141 4297 4143 4297 4299 4143 
4142 4144 4298 4298 4144 4300 4143 4299 4145 
4299 4301 4145 4144 4146 4300 4300 4146 4302 
4145 4301 4303 4147 4145 4303 4303 4148 4147 
4304 4148 4303 4150 4305 4306 4149 4305 4150 
4302 4146 4150 4306 4302 4150 4148 4304 4151 
4304 4307 4151 4149 4152 4305 4305 4152 4308 
4151 4307 4309 4153 4151 4309 4309 4154 4153 
4310 4154 4309 4156 4311 4312 4155 4311 4156 
4308 4152 4156 4312 4308 4156 4154 4310 4157 
4310 4313 4157 4155 4158 4311 4311 4158 4314 
4157 4313 4315 4159 4157 4315 4315 4160 4159 
4316 4160 4315 4162 4317 4318 4161 4317 4162 
4314 4158 4162 4318 4314 4162 4160 4316 4319 
4163 4160 4319 4319 4164 4163 4320 4164 4319 
4166 4321 4322 4165 4321 4166 4317 4161 4166 
4322 4317 4166 4164 4320 4167 4320 4323 4167 
4165 4168 4321 4321 4168 4324 4167 4323 4325 
4169 4167 4325 4325 4170 4169 4326 4170 4325 
4172 4327 4328 4171 4327 4172 4324 4168 4172 
4328 4324 4172 4170 4326 4329 4173 4170 4329 
4329 4174 4173 4330 4174 4329 4176 4331 4332 
4175 4331 4176 4327 4171 4176 4332 4327 4176 
4174 4330 4333 4177 4174 4333 4178 4177 4334 
4177 4333 4334 4334 4179 4178 4335 4179 4334 
4181 4336 4337 4180 4336 4181 4182 4181 4338 
4181 4337 4338 4331 4175 4182 4338 4331 4182 
4179 4335 4339 4183 4179 4339 4339 4184 4183 
4340 4184 4339 4186 4341 4342 4185 4341 4186 
4336 4180 4186 4342 4336 4186 4184 4340 4343 
4187 4184 4343 4188 4187 4344 4187 4343 4344 
4344 4189 4188 4345 4189 4344 4191 4346 4347 
4190 4346 4191 4192 4191 4348 4191 4347 4348 
4341 4185 4192 4348 4341 4192 4189 4345 4349 
4193 4189 4349 4194 4193 4350 4193 4349 4350 
4350 4195 4194 4351 4195 4350 4197 4352 4353 
4196 4352 4197 4198 4197 4354 4197 4353 4354 
4346 4190 4198 4354 4346 4198 4195 4351 4355 
4199 4195 4355 4200 4199 4356 4199 4355 4356 
4201 4200 4357 4200 4356 4357 4202 4201 4358 
4201 4357 4358 4203 4202 4359 4202 4358 4359 
4204 4203 4360 4203 4359 4360 4205 4204 4361 
4204 4360 4361 4206 4205 4362 4205 4361 4362 
4207 4206 4363 4206 4362 4363 4208 4207 4364 
4207 4363 4364 4209 4208 4365 4208 4364 4365 
4210 4209 4366 4209 4365 4366 4211 4210 4367 
4210 4366 4367 4352 4196 4211 4367 4352 4211 
4212 4368 4369 4213 4212 4369 4214 4370 4212 
4212 4370 4368 4215 4371 4214 4214 4371 4370 
4216 4372 4215 4215 4372 4371 4217 4373 4216 
4216 4373 4372 4218 4374 4217 4217 4374 4373 
4219 4375 4218 4218 4375 4374 4220 4376 4219 
4219 4376 4375 4221 4377 4220 4220 4377 4376 
4222 4378 4221 4221 4378 4377 4223 4379 4222 
4222 4379 4378 4224 4380 4223 4223 4380 4379 
4225 4381 4224 4224 4381 4380 4381 4225 4226 
4382 4381 4226 4227 4383 4384 4228 4227 4384 
4229 4385 4227 4227 4385 4383 4369 4229 4213 
4385 4229 4369 4226 4386 4382 4230 4386 4226 
4231 4387 4230 4230 4387 4386 4387 4231 4232 
4388 4387 4232 4233 4389 4390 4234 4233 4390 
4235 4391 4233 4233 4391 4389 4384 4235 4228 
4391 4235 4384 4232 4392 4388 4236 4392 4232 
4237 4393 4236 4236 4393 4392 4393 4237 4238 
4394 4393 4238 4239 4395 4396 4240 4239 4396 
4390 4239 4234 4395 4239 4390 4238 4397 4394 
4241 4397 4238 4397 4241 4242 4398 4397 4242 
4243 4399 4400 4244 4243 4400 4245 4401 4243 
4243 4401 4399 4396 4245 4240 4401 4245 4396 
4242 4402 4398 4246 4402 4242 4247 4403 4246 
4246 4403 4402 4403 4247 4248 4404 4403 4248 
4249 4405 4406 4250 4249 4406 4400 4249 4244 
4405 4249 4400 4248 4407 4404 4251 4407 4248 
4407 4251 4252 4408 4407 4252 4253 4409 4410 
4254 4253 4410 4406 4253 4250 4409 4253 4406 
4252 4411 4408 4255 4411 4252 4411 4255 4256 
4412 4411 4256 4254 4410 4257 4410 4413 4257 
4256 4258 4412 4412 4258 4414 4259 4415 4416 
4260 4259 4416 4413 4259 4257 4415 4259 4413 
4258 4417 4414 4261 4417 4258 4417 4261 4262 
4418 4417 4262 4263 4419 4420 4264 4263 4420 
4416 4263 4260 4419 4263 4416 4262 4421 4418 
4265 4421 4262 4421 4265 4266 4422 4421 4266 
4264 4420 4267 4420 4423 4267 4266 4268 4422 
4422 4268 4424 4269 4425 4426 4270 4269 4426 
4423 4269 4267 4425 4269 4423 4268 4427 4424 
4271 4427 4268 4427 4271 4272 4428 4427 4272 
4270 4426 4273 4426 4429 4273 4272 4274 4428 
4428 4274 4430 4275 4431 4432 4276 4275 4432 
4429 4275 4273 4431 4275 4429 4274 4433 4430 
4277 4433 4274 4433 4277 4278 4434 4433 4278 
4276 4432 4279 4432 4435 4279 4278 4280 4434 
4434 4280 4436 4279 4435 4281 4435 4437 4281 
4280 4282 4436 4436 4282 4438 4281 4437 4283 
4437 4439 4283 4282 4284 4438 4438 4284 4440 
4283 4439 4285 4439 4441 4285 4284 4286 4440 
4440 4286 4442 4285 4441 4287 4441 4443 4287 
4286 4288 4442 4442 4288 4444 4287 4443 4289 
4443 4445 4289 4288 4290 4444 4444 4290 4446 
4289 4445 4291 4445 4447 4291 4290 4292 4446 
4446 4292 4448 4291 4447 4293 4447 4449 4293 
4292 4294 4448 4448 4294 4450 4293 4449 4295 
4449 4451 4295 4294 4296 4450 4450 4296 4452 
4295 4451 4297 4451 4453 4297 4296 4298 4452 
4452 4298 4454 4297 4453 4299 4453 4455 4299 
4298 4300 4454 4454 4300 4456 4299 4455 4301 
4455 4457 4301 4300 4302 4456 4456 4302 4458 
4301 4457 4459 4303 4301 4459 4459 4304 4303 
4460 4304 4459 4306 4461 4462 4305 4461 4306 
4458 4302 4306 4462 4458 4306 4304 4460 4307 
4460 4463 4307 4305 4308 4461 4461 4308 4464 
4307 4463 4465 4309 4307 4465 4465 4310 4309 
4466 4310 4465 4312 4467 4468 4311 4467 4312 
4464 4308 4312 4468 4464 4312 4310 4466 4313 
4466 4469 4313 4311 4314 4467 4467 4314 4470 
4313 4469 4471 4315 4313 4471 4471 4316 4315 
4472 4316 4471 4318 4473 4474 4317 4473 4318 
4470 4314 4318 4474 4470 4318 4316 4472 4475 
4319 4316 4475 4475 4320 4319 4476 4320 4475 
4322 4477 4478 4321 4477 4322 4473 4317 4322 
4478 4473 4322 4320 4476 4323 4476 4479 4323 
4321 4324 4477 4477 4324 4480 4323 4479 4481 
4325 4323 4481 4481 4326 4325 4482 4326 4481 
4328 4483 4484 4327 4483 4328 4480 4324 4328 
4484 4480 4328 4326 4482 4485 4329 4326 4485 
4485 4330 4329 4486 4330 4485 4332 4487 4488 
4331 4487 4332 4483 4327 4332 4488 4483 4332 
4330 4486 4489 4333 4330 4489 4334 4333 4490 
4333 4489 4490 4490 4335 4334 4491 4335 4490 
4337 4492 4493 4336 4492 4337 4338 4337 4494 
4337 4493 4494 4487 4331 4338 4494 4487 4338 
4335 4491 4495 4339 4335 4495 4495 4340 4339 
4496 4340 4495 4342 4497 4498 4341 4497 4342 
4492 4336 4342 4498 4492 4342 4340 4496 4499 
4343 4340 4499 4344 4343 4500 4343 4499 4500 
4500 4345 4344 4501 4345 4500 4347 4502 4503 
4346 4502 4347 4348 4347 4504 4347 4503 4504 
4497 4341 4348 4504 4497 4348 4345 4501 4505 
4349 4345 4505 4350 4349 4506 4349 4505 4506 
4506 4351 4350 4507 4351 4506 4353 4508 4509 
4352 4508 4353 4354 4353 4510 4353 4509 4510 
4502 4346 4354 4510 4502 4354 4351 4507 4511 
4355 4351 4511 4356 4355 4512 4355 4511 4512 
4357 4356 4513 4356 4512 4513 4358 4357 4514 
4357 4513 4514 4359 4358 4515 4358 4514 4515 
4360 4359 4516 4359 4515 4516 4361 4360 4517 
4360 4516 4517 4362 4361 4518 4361 4517 4518 
4363 4362 4519 4362 4518 4519 4364 4363 4520 
4363 4519 4520 4365 4364 4521 4364 4520 4521 
4366 4365 4522 4365 4521 4522 4367 4366 4523 
4366 4522 4523 4508 4352 4367 4523 4508 4367 
4368 4524 4525 4369 4368 4525 4370 4526 4368 
4368 4526 4524 4371 4527 4370 4370 4527 4526 
4372 4528 4371 4371 4528 4527 4373 4529 4372 
4372 4529 4528 4374 4530 4373 4373 4530 4529 
4375 4531 4374 4374 4531 4530 4376 4532 4375 
4375 4532 4531 4377 4533 4376 4376 4533 4532 
4378 4534 4377 4377 4534 4533 4379 4535 4378 
4378 4535 4534 4380 4536 4379 4379 4536 4535 
4381 4537 4380 4380 4537 4536 4537 4381 4382 
4538 4537 4382 4383 4539 4540 4384 4383 4540 
4385 4541 4383 4383 4541 4539 4525 4385 4369 
4541 4385 4525 4382 4542 4538 4386 4542 4382 
4387 4543 4386 4386 4543 4542 4543 4387 4388 
4544 4543 4388 4389 4545 4546 4390 4389 4546 
4391 4547 4389 4389 4547 4545 4540 4391 4384 
4547 4391 4540 4388 4548 4544 4392 4548 4388 
4393 4549 4392 4392 4549 4548 4549 4393 4394 
4550 4549 4394 4395 4551 4552 4396 4395 4552 
4546 4395 4390 4551 4395 4546 4394 4553 4550 
4397 4553 4394 4553 4397 4398 4554 4553 4398 
4399 4555 4556 4400 4399 4556 4401 4557 4399 
4399 4557 4555 4552 4401 4396 4557 4401 4552 
4398 4558 4554 4402 4558 4398 4403 4559 4402 
4402 4559 4558 4559 4403 4404 4560 4559 4404 
4405 4561 4562 4406 4405 4562 4556 4405 4400 
4561 4405 4556 4404 4563 4560 4407 4563 4404 
4563 4407 4408 4564 4563 4408 4409 4565 4566 
4410 4409 4566 4562 4409 4406 4565 4409 4562 
4408 4567 4564 4411 4567 4408 4567 4411 4412 
4568 4567 4412 4410 4566 4413 4566 4569 4413 
4412 4414 4568 4568 4414 4570 4415 4571 4572 
4416 4415 4572 4569 4415 4413 4571 4415 4569 
4414 4573 4570 4417 4573 4414 4573 4417 4418 
4574 4573 4418 4419 4575 4576 4420 4419 4576 
4572 4419 4416 4575 4419 4572 4418 4577 4574 
4421 4577 4418 4577 4421 4422 4578 4577 4422 
4420 4576 4423 4576 4579 4423 4422 4424 4578 
4578 4424 4580 4425 4581 4582 4426 4425 4582 
4579 4425 4423 4581 4425 4579 4424 4583 4580 
4427 4583 4424 4583 4427 4428 4584 4583 4428 
4426 4582 4429 4582 4585 4429 4428 4430 4584 
4584 4430 4586 4431 4587 4588 4432 4431 4588 
4585 4431 4429 4587 4431 4585 4430 4589 4586 
4433 4589 4430 4589 4433 4434 4590 4589 4434 
4432 4588 4435 4588 4591 4435 4434 4436 4590 
4590 4436 4592 4435 4591 4437 4591 4593 4437 
4436 4438 4592 4592 4438 4594 4437 4593 4439 
4593 4595 4439 4438 4440 4594 4594 4440 4596 
4439 4595 4441 4595 4597 4441 4440 4442 4596 
4596 4442 4598 4441 4597 4443 4597 4599 4443 
4442 4444 4598 4598 4444 4600 4443 4599 4445 
4599 4601 4445 4444 4446 4600 4600 4446 4602 
4445 4601 4447 4601 4603 4447 4446 4448 4602 
4602 4448 4604 4447 4603 4449 4603 4605 4449 
4448 4450 4604 4604 4450 4606 4449 4605 4451 
4605 4607 4451 4450 4452 4606 4606 4452 4608 
4451 4607 4453 4607 4609 4453 4452 4454 4608 
4608 4454 4610 4453 4609 4455 4609 4611 4455 
4454 4456 4610 4610 4456 4612 4455 4611 4457 
4611 4613 4457 4456 4458 4612 4612 4458 4614 
4457 4613 4615 4459 4457 4615 4615 4460 4459 
4616 4460 4615 4462 4617 4618 4461 4617 4462 
4614 4458 4462 4618 4614 4462 4460 4616 4463 
4616 4619 4463 4461 4464 4617 4617 4464 4620 
4463 4619 4621 4465 4463 4621 4621 4466 4465 
4622 4466 4621 4468 4623 4624 4467 4623 4468 
4620 4464 4468 4624 4620 4468 4466 4622 4469 
4622 4625 4469 4467 4470 4623 4623 4470 4626 
4469 4625 4627 4471 4469 4627 4627 4472 4471 
4628 4472 4627 4474 4629 4630 4473 4629 4474 
4626 4470 4474 4630 4626 4474 4472 4628 4631 
4475 4472 4631 4631 4476 4475 4632 4476 4631 
4478 4633 4634 4477 4633 4478 4629 4473 4478 
4634 4629 4478 4476 4632 4479 4632 4635 4479 
4477 4480 4633 4633 4480 4636 4479 4635 4637 
4481 4479 4637 4637 4482 4481 4638 4482 4637 
4484 4639 4640 4483 4639 4484 4636 4480 4484 
4640 4636 4484 4482 4638 4641 4485 4482 4641 
4641 4486 4485 4642 4486 4641 4488 4643 4644 
4487 4643 4488 4639 4483 4488 4644 4639 4488 
4486 4642 4645 4489 4486 4645 4490 4489 4646 
4489 4645 4646 4646 4491 4490 4647 4491 4646 
4493 4648 4649 4492 4648 4493 4494 4493 4650 
4493 4649 4650 4643 4487 4494 4650 4643 4494 
4491 4647 4651 4495 4491 4651 4651 4496 4495 
4652 4496 4651 4498 4653 4654 4497 4653 4498 
4648 4492 4498 4654 4648 4498 4496 4652 4655 
4499 4496 4655 4500 4499 4656 4499 4655 4656 
4656 4501 4500 4657 4501 4656 4503 4658 4659 
4502 4658 4503 4504 4503 4660 4503 4659 4660 
4653 4497 4504 4660 4653 4504 4501 4657 4661 
4505 4501 4661 4506 4505 4662 4505 4661 4662 
4662 4507 4506 4663 4507 4662 4509 4664 4665 
4508 4664 4509 4510 4509 4666 4509 4665 4666 
4658 4502 4510 4666 4658 4510 4507 4663 4667 
4511 4507 4667 4512 4511 4668 4511 4667 4668 
4513 4512 4669 4512 4668 4669 4514 4513 4670 
4513 4669 4670 4515 4514 4671 4514 4670 4671 
4516 4515 4672 4515 4671 4672 4517 4516 4673 
4516 4672 4673 4518 4517 4674 4517 4673 4674 
4519 4518 4675 4518 4674 4675 4520 4519 4676 
4519 4675 4676 4521 4520 4677 4520 4676 4677 
4522 4521 4678 4521 4677 4678 4523 4522 4679 
4522 4678 4679 4664 4508 4523 4679 4664 4523 
4524 4680 4681 4525 4524 4681 4526 4682 4524 
4524 4682 4680 4527 4683 4526 4526 4683 4682 
4528 4684 4527 4527 4684 4683 4529 4685 4528 
4528 4685 4684 4530 4686 4529 4529 4686 4685 
4531 4687 4530 4530 4687 4686 4532 4688 4531 
4531 4688 4687 4533 4689 4532 4532 4689 4688 
4534 4690 4533 4533 4690 4689 4535 4691 4534 
4534 4691 4690 4536 4692 4535 4535 4692 4691 
4537 4693 4536 4536 4693 4692 4693 4537 4538 
4694 4693 4538 4539 4695 4696 4540 4539 4696 
4541 4697 4539 4539 4697 4695 4681 4541 4525 
4697 4541 4681 4538 4698 4694 4542 4698 4538 
4543 4699 4542 4542 4699 4698 4699 4543 4544 
4700 4699 4544 4545 4701 4702 4546 4545 4702 
4547 4703 4545 4545 4703 4701 4696 4547 4540 
4703 4547 4696 4544 4704 4700 4548 4704 4544 
4549 4705 4548 4548 4705 4704 4705 4549 4550 
4706 4705 4550 4551 4707 4708 4552 4551 4708 
4702 4551 4546 4707 4551 4702 4550 4709 4706 
4553 4709 4550 4709 4553 4554 4710 4709 4554 
4555 4711 4712 4556 4555 4712 4557 4713 4555 
4555 4713 4711 4708 4557 4552 4713 4557 4708 
4554 4714 4710 4558 4714 4554 4559 4715 4558 
4558 4715 4714 4715 4559 4560 4716 4715 4560 
4561 4717 4718 4562 4561 4718 4712 4561 4556 
4717 4561 4712 4560 4719 4716 4563 4719 4560 
4719 4563 4564 4720 4719 4564 4565 4721 4722 
4566 4565 4722 4718 4565 4562 4721 4565 4718 
4564 4723 4720 4567 4723 4564 4723 4567 4568 
4724 4723 4568 4566 4722 4569 4722 4725 4569 
4568 4570 4724 4724 4570 4726 4571 4727 4728 
4572 4571 4728 4725 4571 4569 4727 4571 4725 
4570 4729 4726 4573 4729 4570 4729 4573 4574 
4730 4729 4574 4575 4731 4732 4576 4575 4732 
4728 4575 4572 4731 4575 4728 4574 4733 4730 
4577 4733 4574 4733 4577 4578 4734 4733 4578 
4576 4732 4579 4732 4735 4579 4578 4580 4734 
4734 4580 4736 4581 4737 4738 4582 4581 4738 
4735 4581 4579 4737 4581 4735 4580 4739 4736 
4583 4739 4580 4739 4583 4584 4740 4739 4584 
4582 4738 4585 4738 4741 4585 4584 4586 4740 
4740 4586 4742 4587 4743 4744 4588 4587 4744 
4741 4587 4585 4743 4587 4741 4586 4745 4742 
4589 4745 4586 4745 4589 4590 4746 4745 4590 
4588 4744 4591 4744 4747 4591 4590 4592 4746 
4746 4592 4748 4591 4747 4593 4747 4749 4593 
4592 4594 4748 4748 4594 4750 4593 4749 4595 
4749 4751 4595 4594 4596 4750 4750 4596 4752 
4595 4751 4597 4751 4753 4597 4596 4598 4752 
4752 4598 4754 4597 4753 4599 4753 4755 4599 
4598 4600 4754 4754 4600 4756 4599 4755 4601 
4755 4757 4601 4600 4602 4756 4756 4602 4758 
4601 4757 4603 4757 4759 4603 4602 4604 4758 
4758 4604 4760 4603 4759 4605 4759 4761 4605 
4604 4606 4760 4760 4606 4762 4605 4761 4607 
4761 4763 4607 4606 4608 4762 4762 4608 4764 
4607 4763 4609 4763 4765 4609 4608 4610 4764 
4764 4610 4766 4609 4765 4611 4765 4767 4611 
4610 4612 4766 4766 4612 4768 4611 4767 4613 
4767 4769 4613 4612 4614 4768 4768 4614 4770 
4613 4769 4771 4615 4613 4771 4771 4616 4615 
4772 4616 4771 4618 4773 4774 4617 4773 4618 
4770 4614 4618 4774 4770 4618 4616 4772 4619 
4772 4775 4619 4617 4620 4773 4773 4620 4776 
4619 4775 4777 4621 4619 4777 4777 4622 4621 
4778 4622 4777 4624 4779 4780 4623 4779 4624 
4776 4620 4624 4780 4776 4624 4622 4778 4625 
4778 4781 4625 4623 4626 4779 4779 4626 4782 
4625 4781 4783 4627 4625 4783 4783 4628 4627 
4784 4628 4783 4630 4785 4786 4629 4785 4630 
4782 4626 4630 4786 4782 4630 4628 4784 4787 
4631 4628 4787 4787 4632 4631 4788 4632 4787 
4634 4789 4790 4633 4789 4634 4785 4629 4634 
4790 4785 4634 4632 4788 4635 4788 4791 4635 
4633 4636 4789 4789 4636 4792 4635 4791 4793 
4637 4635 4793 4793 4638 4637 4794 4638 4793 
4640 4795 4796 4639 4795 4640 4792 4636 4640 
4796 4792 4640 4638 4794 4797 4641 4638 4797 
4797 4642 4641 4798 4642 4797 4644 4799 4800 
4643 4799 4644 4795 4639 4644 4800 4795 4644 
4642 4798 4801 4645 4642 4801 4646 4645 4802 
4645 4801 4802 4802 4647 4646 4803 4647 4802 
4649 4804 4805 4648 4804 4649 4650 4649 4806 
4649 4805 4806 4799 4643 4650 4806 4799 4650 
4647 4803 4807 4651 4647 4807 4807 4652 4651 
4808 4652 4807 4654 4809 4810 4653 4809 4654 
4804 4648 4654 4810 4804 4654 4652 4808 4811 
4655 4652 4811 4656 4655 4812 4655 4811 4812 
4812 4657 4656 4813 4657 4812 4659 4814 4815 
4658 4814 4659 4660 4659 4816 4659 4815 4816 
4809 4653 4660 4816 4809 4660 4657 4813 4817 
4661 4657 4817 4662 4661 4818 4661 4817 4818 
4818 4663 4662 4819 4663 4818 4665 4820 4821 
4664 4820 4665 4666 4665 4822 4665 4821 4822 
4814 4658 4666 4822 4814 4666 4663 4819 4823 
4667 4663 4823 4668 4667 4824 4667 4823 4824 
4669 4668 4825 4668 4824 4825 4670 4669 4826 
4669 4825 4826 4671 4670 4827 4670 4826 4827 
4672 4671 4828 4671 4827 4828 4673 4672 4829 
4672 4828 4829 4674 4673 4830 4673 4829 4830 
4675 4674 4831 4674 4830 4831 4676 4675 4832 
4675 4831 4832 4677 4676 4833 4676 4832 4833 
4678 4677 4834 4677 4833 4834 4679 4678 4835 
4678 4834 4835 4820 4664 4679 4835 4820 4679 
4680 4836 4837 4681 4680 4837 4682 4838 4680 
4680 4838 4836 4683 4839 4682 4682 4839 4838 
4684 4840 4683 4683 4840 4839 4685 4841 4684 
4684 4841 4840 4686 4842 4685 4685 4842 4841 
4687 4843 4686 4686 4843 4842 4688 4844 4687 
4687 4844 4843 4689 4845 4688 4688 4845 4844 
4690 4846 4689 4689 4846 4845 4691 4847 4690 
4690 4847 4846 4692 4848 4691 4691 4848 4847 
4693 4849 4692 4692 4849 4848 4849 4693 4694 
4850 4849 4694 4695 4851 4852 4696 4695 4852 
4697 4853 4695 4695 4853 4851 4837 4697 4681 
4853 4697 4837 4694 4854 4850 4698 4854 4694 
4699 4855 4698 4698 4855 4854 4855 4699 4700 
4856 4855 4700 4701 4857 4858 4702 4701 4858 
4703 4859 4701 4701 4859 4857 4852 4703 4696 
4859 4703 4852 4700 4860 4856 4704 4860 4700 
4705 4861 4704 4704 4861 4860 4861 4705 4706 
4862 4861 4706 4707 4863 4864 4708 4707 4864 
4858 4707 4702 4863 4707 4858 4706 4865 4862 
4709 4865 4706 4865 4709 4710 4866 4865 4710 
4711 4867 4868 4712 4711 4868 4713 4869 4711 
4711 4869 4867 4864 4713 4708 4869 4713 4864 
4710 4870 4866 4714 4870 4710 4715 4871 4714 
4714 4871 4870 4871 4715 4716 4872 4871 4716 
4717 4873 4874 4718 4717 4874 4868 4717 4712 
4873 4717 4868 4716 4875 4872 4719 4875 4716 
4875 4719 4720 4876 4875 4720 4721 4877 4878 
4722 4721 4878 4874 4721 4718 4877 4721 4874 
4720 4879 4876 4723 4879 4720 4879 4723 4724 
4880 4879 4724 4722 4878 4725 4878 4881 4725 
4724 4726 4880 4880 4726 4882 4727 4883 4884 
4728 4727 4884 4881 4727 4725 4883 4727 4881 
4726 4885 4882 4729 4885 4726 4885 4729 4730 
4886 4885 4730 4731 4887 4888 4732 4731 4888 
4884 4731 4728 4887 4731 4884 4730 4889 4886 
4733 4889 4730 4889 4733 4734 4890 4889 4734 
4732 4888 4735 4888 4891 4735 4734 4736 4890 
4890 4736 4892 4737 4893 4894 4738 4737 4894 
4891 4737 4735 4893 4737 4891 4736 4895 4892 
4739 4895 4736 4895 4739 4740 4896 4895 4740 
4738 4894 4741 4894 4897 4741 4740 4742 4896 
4896 4742 4898 4743 4899 4900 4744 4743 4900 
4897 4743 4741 4899 4743 4897 4742 4901 4898 
4745 4901 4742 4901 4745 4746 4902 4901 4746 
4744 4900 4747 4900 4903 4747 4746 4748 4902 
4902 4748 4904 4747 4903 4749 4903 4905 4749 
4748 4750 4904 4904 4750 4906 4749 4905 4751 
4905 4907 4751 4750 4752 4906 4906 4752 4908 
4751 4907 4753 4907 4909 4753 4752 4754 4908 
4908 4754 4910 4753 4909 4755 4909 4911 4755 
4754 4756 4910 4910 4756 4912 4755 4911 4757 
4911 4913 4757 4756 4758 4912 4912 4758 4914 
4757 4913 4759 4913 4915 4759 4758 4760 4914 
4914 4760 4916 4759 4915 4761 4915 4917 4761 
4760 4762 4916 4916 4762 4918 4761 4917 4763 
4917 4919 4763 4762 4764 4918 4918 4764 4920 
4763 4919 4765 4919 4921 4765 4764 4766 4920 
4920 4766 4922 4765 4921 4767 4921 4923 4767 
4766 4768 4922 4922 4768 4924 4767 4923 4769 
4923 4925 4769 4768 4770 4924 4924 4770 4926 
4769 4925 4927 4771 4769 4927 4927 4772 4771 
4928 4772 4927 4774 4929 4930 4773 4929 4774 
4926 4770 4774 4930 4926 4774 4772 4928 4775 
4928 4931 4775 4773 4776 4929 4929 4776 4932 
4775 4931 4933 4777 4775 4933 4933 4778 4777 
4934 4778 4933 4780 4935 4936 4779 4935 4780 
4932 4776 4780 4936 4932 4780 4778 4934 4781 
4934 4937 4781 4779 4782 4935 4935 4782 4938 
4781 4937 4939 4783 4781 4939 4939 4784 4783 
4940 4784 4939 4786 4941 4942 4785 4941 4786 
4938 4782 4786 4942 4938 4786 4784 4940 4943 
4787 4784 4943 4943 4788 4787 4944 4788 4943 
4790 4945 4946 4789 4945 4790 4941 4785 4790 
4946 4941 4790 4788 4944 4791 4944 4947 4791 
4789 4792 4945 4945 4792 4948 4791 4947 4949 
4793 4791 4949 4949 4794 4793 4950 4794 4949 
4796 4951 4952 4795 4951 4796 4948 4792 4796 
4952 4948 4796 4794 4950 4953 4797 4794 4953 
4953 4798 4797 4954 4798 4953 4800 4955 4956 
4799 4955 4800 4951 4795 4800 4956 4951 4800 
4798 4954 4957 4801 4798 4957 4802 4801 4958 
4801 4957 4958 4958 4803 4802 4959 4803 4958 
4805 4960 4961 4804 4960 4805 4806 4805 4962 
4805 4961 4962 4955 4799 4806 4962 4955 4806 
4803 4959 4963 4807 4803 4963 4963 4808 4807 
4964 4808 4963 4810 4965 4966 4809 4965 4810 
4960 4804 4810 4966 4960 4810 4808 4964 4967 
4811 4808 4967 4812 4811 4968 4811 4967 4968 
4968 4813 4812 4969 4813 4968 4815 4970 4971 
4814 4970 4815 4816 4815 4972 4815 4971 4972 
4965 4809 4816 4972 4965 4816 4813 4969 4973 
4817 4813 4973 4818 4817 4974 4817 4973 4974 
4974 4819 4818 4975 4819 4974 4821 4976 4977 
4820 4976 4821 4822 4821 4978 4821 4977 4978 
4970 4814 4822 4978 4970 4822 4819 4975 4979 
4823 4819 4979 4824 4823 4980 4823 4979 4980 
4825 4824 4981 4824 4980 4981 4826 4825 4982 
4825 4981 4982 4827 4826 4983 4826 4982 4983 
4828 4827 4984 4827 4983 4984 4829 4828 4985 
4828 4984 4985 4830 4829 4986 4829 4985 4986 
4831 4830 4987 4830 4986 4987 4832 4831 4988 
4831 4987 4988 4833 4832 4989 4832 4988 4989 
4834 4833 4990 4833 4989 4990 4835 4834 4991 
4834 4990 4991 4976 4820 4835 4991 4976 4835 
4836 4992 4993 4837 4836 4993 4838 4994 4836 
4836 4994 4992 4839 4995 4838 4838 4995 4994 
4840 4996 4839 4839 4996 4995 4841 4997 4840 
4840 4997 4996 4842 4998 4841 4841 4998 4997 
4843 4999 4842 4842 4999 4998 4844 5000 4843 
4843 5000 4999 4845 5001 4844 4844 5001 5000 
4846 5002 4845 4845 5002 5001 4847 5003 4846 
4846 5003 5002 4848 5004 4847 4847 5004 5003 
4849 5005 4848 4848 5005 5004 5005 4849 4850 
5006 5005 4850 4851 5007 5008 4852 4851 5008 
4853 5009 4851 4851 5009 5007 4993 4853 4837 
5009 4853 4993 4850 5010 5006 4854 5010 4850 
4855 5011 4854 4854 5011 5010 5011 4855 4856 
5012 5011 4856 4857 5013 5014 4858 4857 5014 
4859 5015 4857 4857 5015 5013 5008 4859 4852 
5015 4859 5008 4856 5016 5012 4860 5016 4856 
4861 5017 4860 4860 5017 5016 5017 4861 4862 
5018 5017 4862 4863 5019 5020 4864 4863 5020 
5014 4863 4858 5019 4863 5014 4862 5021 5018 
4865 5021 4862 5021 4865 4866 5022 5021 4866 
4867 5023 5024 4868 4867 5024 4869 5025 4867 
4867 5025 5023 5020 4869 4864 5025 4869 5020 
4866 5026 5022 4870 5026 4866 4871 5027 4870 
4870 5027 5026 5027 4871 4872 5028 5027 4872 
4873 5029 5030 4874 4873 5030 5024 4873 4868 
5029 4873 5024 4872 5031 5028 4875 5031 4872 
5031 4875 4876 5032 5031 4876 4877 5033 5034 
4878 4877 5034 5030 4877 4874 5033 4877 5030 
4876 5035 5032 4879 5035 4876 5035 4879 4880 
5036 5035 4880 4878 5034 4881 5034 5037 4881 
4880 4882 5036 5036 4882 5038 4883 5039 5040 
4884 4883 5040 5037 4883 4881 5039 4883 5037 
4882 5041 5038 4885 5041 4882 5041 4885 4886 
5042 5041 4886 4887 5043 5044 4888 4887 5044 
5040 4887 4884 5043 4887 5040 4886 5045 5042 
4889 5045 4886 5045 4889 4890 5046 5045 4890 
4888 5044 4891 5044 5047 4891 4890 4892 5046 
5046 4892 5048 4893 5049 5050 4894 4893 5050 
5047 4893 4891 5049 4893 5047 4892 5051 5048 
4895 5051 4892 5051 4895 4896 5052 5051 4896 
4894 5050 4897 5050 5053 4897 4896 4898 5052 
5052 4898 5054 4899 5055 5056 4900 4899 5056 
5053 4899 4897 5055 4899 5053 4898 5057 5054 
4901 5057 4898 5057 4901 4902 5058 5057 4902 
4900 5056 4903 5056 5059 4903 4902 4904 5058 
5058 4904 5060 4903 5059 4905 5059 5061 4905 
4904 4906 5060 5060 4906 5062 4905 5061 4907 
5061 5063 4907 4906 4908 5062 5062 4908 5064 
4907 5063 4909 5063 5065 4909 4908 4910 5064 
5064 4910 5066 4909 5065 4911 5065 5067 4911 
4910 4912 5066 5066 4912 5068 4911 5067 4913 
5067 5069 4913 4912 4914 5068 5068 4914 5070 
4913 5069 4915 5069 5071 4915 4914 4916 5070 
5070 4916 5072 4915 5071 4917 5071 5073 4917 
4916 4918 5072 5072 4918 5074 4917 5073 4919 
5073 5075 4919 4918 4920 5074 5074 4920 5076 
4919 5075 4921 5075 5077 4921 4920 4922 5076 
5076 4922 5078 4921 5077 4923 5077 5079 4923 
4922 4924 5078 5078 4924 5080 4923 5079 4925 
5079 5081 4925 4924 4926 5080 5080 4926 5082 
4925 5081 5083 4927 4925 5083 5083 4928 4927 
5084 4928 5083 4930 5085 5086 4929 5085 4930 
5082 4926 4930 5086 5082 4930 4928 5084 4931 
5084 5087 4931 4929 4932 5085 5085 4932 5088 
4931 5087 5089 4933 4931 5089 5089 4934 4933 
5090 4934 5089 4936 5091 5092 4935 5091 4936 
5088 4932 4936 5092 5088 4936 4934 5090 4937 
5090 5093 4937 4935 4938 5091 5091 4938 5094 
4937 5093 5095 4939 4937 5095 5095 4940 4939 
5096 4940 5095 4942 5097 5098 4941 5097 4942 
5094 4938 4942 5098 5094 4942 4940 5096 5099 
4943 4940 5099 5099 4944 4943 5100 4944 5099 
4946 5101 5102 4945 5101 4946 5097 4941 4946 
5102 5097 4946 4944 5100 4947 5100 5103 4947 
4945 4948 5101 5101 4948 5104 4947 5103 5105 
4949 4947 5105 5105 4950 4949 5106 4950 5105 
4952 5107 5108 4951 5107 4952 5104 4948 4952 
5108 5104 4952 4950 5106 5109 4953 4950 5109 
5109 4954 4953 5110 4954 5109 4956 5111 5112 
4955 5111 4956 5107 4951 4956 5112 5107 4956 
4954 5110 5113 4957 4954 5113 4958 4957 5114 
4957 5113 5114 5114 4959 4958 5115 4959 5114 
4961 5116 5117 4960 5116 4961 4962 4961 5118 
4961 5117 5118 5111 4955 4962 5118 5111 4962 
4959 5115 5119 4963 4959 5119 5119 4964 4963 
5120 4964 5119 4966 5121 5122 4965 5121 4966 
5116 4960 4966 5122 5116 4966 4964 5120 5123 
4967 4964 5123 4968 4967 5124 4967 5123 5124 
5124 4969 4968 5125 4969 5124 4971 5126 5127 
4970 5126 4971 4972 4971 5128 4971 5127 5128 
5121 4965 4972 5128 5121 4972 4969 5125 5129 
4973 4969 5129 4974 4973 5130 4973 5129 5130 
5130 4975 4974 5131 4975 5130 4977 5132 5133 
4976 5132 4977 4978 4977 5134 4977 5133 5134 
5126 4970 4978 5134 5126 4978 4975 5131 5135 
4979 4975 5135 4980 4979 5136 4979 5135 5136 
4981 4980 5137 4980 5136 5137 4982 4981 5138 
4981 5137 5138 4983 4982 5139 4982 5138 5139 
4984 4983 5140 4983 5139 5140 4985 4984 5141 
4984 5140 5141 4986 4985 5142 4985 5141 5142 
4987 4986 5143 4986 5142 5143 4988 4987 5144 
4987 5143 5144 4989 4988 5145 4988 5144 5145 
4990 4989 5146 4989 5145 5146 4991 4990 5147 
4990 5146 5147 5132 4976 4991 5147 5132 4991 
4992 5148 5149 4993 4992 5149 4994 5150 4992 
4992 5150 5148 4995 5151 4994 4994 5151 5150 
4996 5152 4995 4995 5152 5151 4997 5153 4996 
4996 5153 5152 4998 5154 4997 4997 5154 5153 
4999 5155 4998 4998 5155 5154 5000 5156 4999 
4999 5156 5155 5001 5157 5000 5000 5157 5156 
5002 5158 5001 5001 5158 5157 5003 5159 5002 
5002 5159 5158 5004 5160 5003 5003 5160 5159 
5005 5161 5004 5004 5161 5160 5161 5005 5006 
5162 5161 5006 5007 5163 5164 5008 5007 5164 
5009 5165 5007 5007 5165 5163 5149 5009 4993 
5165 5009 5149 5006 5166 5162 5010 5166 5006 
5011 5167 5010 5010 5167 5166 5167 5011 5012 
5168 5167 5012 5013 5169 5170 5014 5013 5170 
5015 5171 5013 5013 5171 5169 5164 5015 5008 
5171 5015 5164 5012 5172 5168 5016 5172 5012 
5017 5173 5016 5016 5173 5172 5173 5017 5018 
5174 5173 5018 5019 5175 5176 5020 5019 5176 
5170 5019 5014 5175 5019 5170 5018 5177 5174 
5021 5177 5018 5177 5021 5022 5178 5177 5022 
5023 5179 5180 5024 5023 5180 5025 5181 5023 
5023 5181 5179 5176 5025 5020 5181 5025 5176 
5022 5182 5178 5026 5182 5022 5027 5183 5026 
5026 5183 5182 5183 5027 5028 5184 5183 5028 
5029 5185 5186 5030 5029 5186 5180 5029 5024 
5185 5029 5180 5028 5187 5184 5031 5187 5028 
5187 5031 5032 5188 5187 5032 5033 5189 5190 
5034 5033 5190 5186 5033 5030 5189 5033 5186 
5032 5191 5188 5035 5191 5032 5191 5035 5036 
5192 5191 5036 5034 5190 5037 5190 5193 5037 
5036 5038 5192 5192 5038 5194 5039 5195 5196 
5040 5039 5196 5193 5039 5037 5195 5039 5193 
5038 5197 5194 5041 5197 5038 5197 5041 5042 
5198 5197 5042 5043 5199 5200 5044 5043 5200 
5196 5043 5040 5199 5043 5196 5042 5201 5198 
5045 5201 5042 5201 5045 5046 5202 5201 5046 
5044 5200 5047 5200 5203 5047 5046 5048 5202 
5202 5048 5204 5049 5205 5206 5050 5049 5206 
5203 5049 5047 5205 5049 5203 5048 5207 5204 
5051 5207 5048 5207 5051 5052 5208 5207 5052 
5050 5206 5053 5206 5209 5053 5052 5054 5208 
5208 5054 5210 5055 5211 5212 5056 5055 5212 
5209 5055 5053 5211 5055 5209 5054 5213 5210 
5057 5213 5054 5213 5057 5058 5214 5213 5058 
5056 5212 5059 5212 5215 5059 5058 5060 5214 
5214 5060 5216 5059 5215 5061 5215 5217 5061 
5060 5062 5216 5216 5062 5218 5061 5217 5063 
5217 5219 5063 5062 5064 5218 5218 5064 5220 
5063 5219 5065 5219 5221 5065 5064 5066 5220 
5220 5066 5222 5065 5221 5067 5221 5223 5067 
5066 5068 5222 5222 5068 5224 5067 5223 5069 
5223 5225 5069 5068 5070 5224 5224 5070 5226 
5069 5225 5071 5225 5227 5071 5070 5072 5226 
5226 5072 5228 5071 5227 5073 5227 5229 5073 
5072 5074 5228 5228 5074 5230 5073 5229 5075 
5229 5231 5075 5074 5076 5230 5230 5076 5232 
5075 5231 5077 5231 5233 5077 5076 5078 5232 
5232 5078 5234 5077 5233 5079 5233 5235 5079 
5078 5080 5234 5234 5080 5236 5079 5235 5081 
5235 5237 5081 5080 5082 5236 5236 5082 5238 
5081 5237 5239 5083 5081 5239 5239 5084 5083 
5240 5084 5239 5086 5241 5242 5085 5241 5086 
5238 5082 5086 5242 5238 5086 5084 5240 5087 
5240 5243 5087 5085 5088 5241 5241 5088 5244 
5087 5243 5245 5089 5087 5245 5245 5090 5089 
5246 5090 5245 5092 5247 5248 5091 5247 5092 
5244 5088 5092 5248 5244 5092 5090 5246 5093 
5246 5249 5093 5091 5094 5247 5247 5094 5250 
5093 5249 5251 5095 5093 5251 5251 5096 5095 
5252 5096 5251 5098 5253 5254 5097 5253 5098 
5250 5094 5098 5254 5250 5098 5096 5252 5255 
5099 5096 5255 5255 5100 5099 5256 5100 5255 
5102 5257 5258 5101 5257 5102 5253 5097 5102 
5258 5253 5102 5100 5256 5103 5256 5259 5103 
5101 5104 5257 5257 5104 5260 5103 5259 5261 
5105 5103 5261 5261 5106 5105 5262 5106 5261 
5108 5263 5264 5107 5263 5108 5260 5104 5108 
5264 5260 5108 5106 5262 5265 5109 5106 5265 
5265 5110 5109 5266 5110 5265 5112 5267 5268 
5111 5267 5112 5263 5107 5112 5268 5263 5112 
5110 5266 5269 5113 5110 5269 5114 5113 5270 
5113 5269 5270 5270 5115 5114 5271 5115 5270 
5117 5272 5273 5116 5272 5117 5118 5117 5274 
5117 5273 5274 5267 5111 5118 5274 5267 5118 
5115 5271 5275 5119 5115 5275 5275 5120 5119 
5276 5120 5275 5122 5277 5278 5121 5277 5122 
5272 5116 5122 5278 5272 5122 5120 5276 5279 
5123 5120 5279 5124 5123 5280 5123 5279 5280 
5280 5125 5124 5281 5125 5280 5127 5282 5283 
5126 5282 5127 5128 5127 5284 5127 5283 5284 
5277 5121 5128 5284 5277 5128 5125 5281 5285 
5129 5125 5285 5130 5129 5286 5129 5285 5286 
5286 5131 5130 5287 5131 5286 5133 5288 5289 
5132 5288 5133 5134 5133 5290 5133 5289 5290 
5282 5126 5134 5290 5282 5134 5131 5287 5291 
5135 5131 5291 5136 5135 5292 5135 5291 5292 
5137 5136 5293 5136 5292 5293 5138 5137 5294 
5137 5293 5294 5139 5138 5295 5138 5294 5295 
5140 5139 5296 5139 5295 5296 5141 5140 5297 
5140 5296 5297 5142 5141 5298 5141 5297 5298 
5143 5142 5299 5142 5298 5299 5144 5143 5300 
5143 5299 5300 5145 5144 5301 5144 5300 5301 
5146 5145 5302 5145 5301 5302 5147 5146 5303 
5146 5302 5303 5288 5132 5147 5303 5288 5147 
5148 5304 5305 5149 5148 5305 5150 5306 5148 
5148 5306 5304 5151 5307 5150 5150 5307 5306 
5152 5308 5151 5151 5308 5307 5153 5309 5152 
5152 5309 5308 5154 5310 5153 5153 5310 5309 
5155 5311 5154 5154 5311 5310 5156 5312 5155 
5155 5312 5311 5157 5313 5156 5156 5313 5312 
5158 5314 5157 5157 5314 5313 5159 5315 5158 
5158 5315 5314 5160 5316 5159 5159 5316 5315 
5161 5317 5160 5160 5317 5316 5317 5161 5162 
5318 5317 5162 5163 5319 5320 5164 5163 5320 
5165 5321 5163 5163 5321 5319 5305 5165 5149 
5321 5165 5305 5162 5322 5318 5166 5322 5162 
5167 5323 5166 5166 5323 5322 5323 5167 5168 
5324 5323 5168 5169 5325 5326 5170 5169 5326 
5171 5327 5169 5169 5327 5325 5320 5171 5164 
5327 5171 5320 5168 5328 5324 5172 5328 5168 
5173 5329 5172 5172 5329 5328 5329 5173 5174 
5330 5329 5174 5175 5331 5332 5176 5175 5332 
5326 5175 5170 5331 5175 5326 5174 5333 5330 
5177 5333 5174 5333 5177 5178 5334 5333 5178 
5179 5335 5336 5180 5179 5336 5181 5337 5179 
5179 5337 5335 5332 5181 5176 5337 5181 5332 
5178 5338 5334 5182 5338 5178 5183 5339 5182 
5182 5339 5338 5339 5183 5184 5340 5339 5184 
5185 5341 5342 5186 5185 5342 5336 5185 5180 
5341 5185 5336 5184 5343 5340 5187 5343 5184 
5343 5187 5188 5344 5343 5188 5189 5345 5346 
5190 5189 5346 5342 5189 5186 5345 5189 5342 
5188 5347 5344 5191 5347 5188 5347 5191 5192 
5348 5347 5192 5190 5346 5193 5346 5349 5193 
5192 5194 5348 5348 5194 5350 5195 5351 5352 
5196 5195 5352 5349 5195 5193 5351 5195 5349 
5194 5353 5350 5197 5353 5194 5353 5197 5198 
5354 5353 5198 5199 5355 5356 5200 5199 5356 
5352 5199 5196 5355 5199 5352 5198 5357 5354 
5201 5357 5198 5357 5201 5202 5358 5357 5202 
5200 5356 5203 5356 5359 5203 5202 5204 5358 
5358 5204 5360 5205 5361 5362 5206 5205 5362 
5359 5205 5203 5361 5205 5359 5204 5363 5360 
5207 5363 5204 5363 5207 5208 5364 5363 5208 
5206 5362 5209 5362 5365 5209 5208 5210 5364 
5364 5210 5366 5211 5367 5368 5212 5211 5368 
5365 5211 5209 5367 5211 5365 5210 5369 5366 
5213 5369 5210 5369 5213 5214 5370 5369 5214 
5212 5368 5215 5368 5371 5215 5214 5216 5370 
5370 5216 5372 5215 5371 5217 5371 5373 5217 
5216 5218 5372 5372 5218 5374 5217 5373 5219 
5373 5375 5219 5218 5220 5374 5374 5220 5376 
5219 5375 5221 5375 5377 5221 5220 5222 5376 
5376 5222 5378 5221 5377 5223 5377 5379 5223 
5222 5224 5378 5378 5224 5380 5223 5379 5225 
5379 5381 5225 5224 5226 5380 5380 5226 5382 
5225 5381 5227 5381 5383 5227 5226 5228 5382 
5382 5228 5384 5227 5383 5229 5383 5385 5229 
5228 5230 5384 5384 5230 5386 5229 5385 5231 
5385 5387 5231 5230 5232 5386 5386 5232 5388 
5231 5387 5233 5387 5389 5233 5232 5234 5388 
5388 5234 5390 5233 5389 5235 5389 5391 5235 
5234 5236 5390 5390 5236 5392 5235 5391 5237 
5391 5393 5237 5236 5238 5392 5392 5238 5394 
5237 5393 5395 5239 5237 5395 5395 5240 5239 
5396 5240 5395 5242 5397 5398 5241 5397 5242 
5394 5238 5242 5398 5394 5242 5240 5396 5243 
5396 5399 5243 5241 5244 5397 5397 5244 5400 
5243 5399 5401 5245 5243 5401 5401 5246 5245 
5402 5246 5401 5248 5403 5404 5247 5403 5248 
5400 5244 5248 5404 5400 5248 5246 5402 5249 
5402 5405 5249 5247 5250 5403 5403 5250 5406 
5249 5405 5407 5251 5249 5407 5407 5252 5251 
5408 5252 5407 5254 5409 5410 5253 5409 5254 
5406 5250 5254 5410 5406 5254 5252 5408 5411 
5255 5252 5411 5411 5256 5255 5412 5256 5411 
5258 5413 5414 5257 5413 5258 5409 5253 5258 
5414 5409 5258 5256 5412 5259 5412 5415 5259 
5257 5260 5413 5413 5260 5416 5259 5415 5417 
5261 5259 5417 5417 5262 5261 5418 5262 5417 
5264 5419 5420 5263 5419 5264 5416 5260 5264 
5420 5416 5264 5262 5418 5421 5265 5262 5421 
5421 5266 5265 5422 5266 5421 5268 5423 5424 
5267 5423 5268 5419 5263 5268 5424 5419 5268 
5266 5422 5425 5269 5266 5425 5270 5269 5426 
5269 5425 5426 5426 5271 5270 5427 5271 5426 
5273 5428 5429 5272 5428 5273 5274 5273 5430 
5273 5429 5430 5423 5267 5274 5430 5423 5274 
5271 5427 5431 5275 5271 5431 5431 5276 5275 
5432 5276 5431 5278 5433 5434 5277 5433 5278 
5428 5272 5278 5434 5428 5278 5276 5432 5435 
5279 5276 5435 5280 5279 5436 5279 5435 5436 
5436 5281 5280 5437 5281 5436 5283 5438 5439 
5282 5438 5283 5284 5283 5440 5283 5439 5440 
5433 5277 5284 5440 5433 5284 5281 5437 5441 
5285 5281 5441 5286 5285 5442 5285 5441 5442 
5442 5287 5286 5443 5287 5442 5289 5444 5445 
5288 5444 5289 5290 5289 5446 5289 5445 5446 
5438 5282 5290 5446 5438 5290 5287 5443 5447 
5291 5287 5447 5292 5291 5448 5291 5447 5448 
5293 5292 5449 5292 5448 5449 5294 5293 5450 
5293 5449 5450 5295 5294 5451 5294 5450 5451 
5296 5295 5452 5295 5451 5452 5297 5296 5453 
5296 5452 5453 5298 5297 5454 5297 5453 5454 
5299 5298 5455 5298 5454 5455 5300 5299 5456 
5299 5455 5456 5301 5300 5457 5300 5456 5457 
5302 5301 5458 5301 5457 5458 5303 5302 5459 
5302 5458 5459 5444 5288 5303 5459 5444 5303 
5304 5460 5461 5305 5304 5461 5306 5462 5304 
5304 5462 5460 5307 5463 5306 5306 5463 5462 
5308 5464 5307 5307 5464 5463 5309 5465 5308 
5308 5465 5464 5310 5466 5309 5309 5466 5465 
5311 5467 5310 5310 5467 5466 5312 5468 5311 
5311 5468 5467 5313 5469 5312 5312 5469 5468 
5314 5470 5313 5313 5470 5469 5315 5471 5314 
5314 5471 5470 5316 5472 5315 5315 5472 5471 
5317 5473 5316 5316 5473 5472 5473 5317 5318 
5474 5473 5318 5319 5475 5476 5320 5319 5476 
5321 5477 5319 5319 5477 5475 5461 5321 5305 
5477 5321 5461 5318 5478 5474 5322 5478 5318 
5323 5479 5322 5322 5479 5478 5479 5323 5324 
5480 5479 5324 5325 5481 5482 5326 5325 5482 
5327 5483 5325 5325 5483 5481 5476 5327 5320 
5483 5327 5476 5324 5484 5480 5328 5484 5324 
5329 5485 5328 5328 5485 5484 5485 5329 5330 
5486 5485 5330 5331 5487 5488 5332 5331 5488 
5482 5331 5326 5487 5331 5482 5330 5489 5486 
5333 5489 5330 5489 5333 5334 5490 5489 5334 
5335 5491 5492 5336 5335 5492 5337 5493 5335 
5335 5493 5491 5488 5337 5332 5493 5337 5488 
5334 5494 5490 5338 5494 5334 5339 5495 5338 
5338 5495 5494 5495 5339 5340 5496 5495 5340 
5341 5497 5498 5342 5341 5498 5492 5341 5336 
5497 5341 5492 5340 5499 5496 5343 5499 5340 
5499 5343 5344 5500 5499 5344 5345 5501 5502 
5346 5345 5502 5498 5345 5342 5501 5345 5498 
5344 5503 5500 5347 5503 5344 5503 5347 5348 
5504 5503 5348 5346 5502 5349 5502 5505 5349 
5348 5350 5504 5504 5350 5506 5351 5507 5508 
5352 5351 5508 5505 5351 5349 5507 5351 5505 
5350 5509 5506 5353 5509 5350 5509 5353 5354 
5510 5509 5354 5355 5511 5512 5356 5355 5512 
5508 5355 5352 5511 5355 5508 5354 5513 5510 
5357 5513 5354 5513 5357 5358 5514 5513 5358 
5356 5512 5359 5512 5515 5359 5358 5360 5514 
5514 5360 5516 5361 5517 5518 5362 5361 5518 
5515 5361 5359 5517 5361 5515 5360 5519 5516 
5363 5519 5360 5519 5363 5364 5520 5519 5364 
5362 5518 5365 5518 5521 5365 5364 5366 5520 
5520 5366 5522 5367 5523 5524 5368 5367 5524 
5521 5367 5365 5523 5367 5521 5366 5525 5522 
5369 5525 5366 5525 5369 5370 5526 5525 5370 
5368 5524 5371 5524 5527 5371 5370 5372 5526 
5526 5372 5528 5371 5527 5373 5527 5529 5373 
5372 5374 5528 5528 5374 5530 5373 5529 5375 
5529 5531 5375 5374 5376 5530 5530 5376 5532 
5375 5531 5377 5531 5533 5377 5376 5378 5532 
5532 5378 5534 5377 5533 5379 5533 5535 5379 
5378 5380 5534 5534 5380 5536 5379 5535 5381 
5535 5537 5381 5380 5382 5536 5536 5382 5538 
5381 5537 5383 5537 5539 5383 5382 5384 5538 
5538 5384 5540 5383 5539 5385 5539 5541 5385 
5384 5386 5540 5540 5386 5542 5385 5541 5387 
5541 5543 5387 5386 5388 5542 5542 5388 5544 
5387 5543 5389 5543 5545 5389 5388 5390 5544 
5544 5390 5546 5389 5545 5391 5545 5547 5391 
5390 5392 5546 5546 5392 5548 5391 5547 5393 
5547 5549 5393 5392 5394 5548 5548 5394 5550 
5393 5549 5551 5395 5393 5551 5551 5396 5395 
5552 5396 5551 5398 5553 5554 5397 5553 5398 
5550 5394 5398 5554 5550 5398 5396 5552 5399 
5552 5555 5399 5397 5400 5553 5553 5400 5556 
5399 5555 5557 5401 5399 5557 5557 5402 5401 
5558 5402 5557 5404 5559 5560 5403 5559 5404 
5556 5400 5404 5560 5556 5404 5402 5558 5405 
5558 5561 5405 5403 5406 5559 5559 5406 5562 
5405 5561 5563 5407 5405 5563 5563 5408 5407 
5564 5408 5563 5410 5565 5566 5409 5565 5410 
5562 5406 5410 5566 5562 5410 5408 5564 5567 
5411 5408 5567 5567 5412 5411 5568 5412 5567 
5414 5569 5570 5413 5569 5414 5565 5409 5414 
5570 5565 5414 5412 5568 5415 5568 5571 5415 
5413 5416 5569 5569 5416 5572 5415 5571 5573 
5417 5415 5573 5573 5418 5417 5574 5418 5573 
5420 5575 5576 5419 5575 5420 5572 5416 5420 
5576 5572 5420 5418 5574 5577 5421 5418 5577 
5577 5422 5421 5578 5422 5577 5424 5579 5580 
5423 5579 5424 5575 5419 5424 5580 5575 5424 
5422 5578 5581 5425 5422 5581 5426 5425 5582 
5425 5581 5582 5582 5427 5426 5583 5427 5582 
5429 5584 5585 5428 5584 5429 5430 5429 5586 
5429 5585 5586 5579 5423 5430 5586 5579 5430 
5427 5583 5587 5431 5427 5587 5587 5432 5431 
5588 5432 5587 5434 5589 5590 5433 5589 5434 
5584 5428 5434 5590 5584 5434 5432 5588 5591 
5435 5432 5591 5436 5435 5592 5435 5591 5592 
5592 5437 5436 5593 5437 5592 5439 5594 5595 
5438 5594 5439 5440 5439 5596 5439 5595 5596 
5589 5433 5440 5596 5589 5440 5437 5593 5597 
5441 5437 5597 5442 5441 5598 5441 5597 5598 
5598 5443 5442 5599 5443 5598 5445 5600 5601 
5444 5600 5445 5446 5445 5602 5445 5601 5602 
5594 5438 5446 5602 5594 5446 5443 5599 5603 
5447 5443 5603 5448 5447 5604 5447 5603 5604 
5449 5448 5605 5448 5604 5605 5450 5449 5606 
5449 5605 5606 5451 5450 5607 5450 5606 5607 
5452 5451 5608 5451 5607 5608 5453 5452 5609 
5452 5608 5609 5454 5453 5610 5453 5609 5610 
5455 5454 5611 5454 5610 5611 5456 5455 5612 
5455 5611 5612 5457 5456 5613 5456 5612 5613 
5458 5457 5614 5457 5613 5614 5459 5458 5615 
5458 5614 5615 5600 5444 5459 5615 5600 5459 
5460 5616 5617 5461 5460 5617 5462 5618 5460 
5460 5618 5616 5463 5619 5462 5462 5619 5618 
5464 5620 5463 5463 5620 5619 5465 5621 5464 
5464 5621 5620 5466 5622 5465 5465 5622 5621 
5467 5623 5466 5466 5623 5622 5468 5624 5467 
5467 5624 5623 5469 5625 5468 5468 5625 5624 
5470 5626 5469 5469 5626 5625 5471 5627 5470 
5470 5627 5626 5472 5628 5471 5471 5628 5627 
5473 5629 5472 5472 5629 5628 5629 5473 5474 
5630 5629 5474 5475 5631 5632 5476 5475 5632 
5477 5633 5475 5475 5633 5631 5617 5477 5461 
5633 5477 5617 5474 5634 5630 5478 5634 5474 
5479 5635 5478 5478 5635 5634 5635 5479 5480 
5636 5635 5480 5481 5637 5638 5482 5481 5638 
5483 5639 5481 5481 5639 5637 5632 5483 5476 
5639 5483 5632 5480 5640 5636 5484 5640 5480 
5485 5641 5484 5484 5641 5640 5641 5485 5486 
5642 5641 5486 5487 5643 5644 5488 5487 5644 
5638 5487 5482 5643 5487 5638 5486 5645 5642 
5489 5645 5486 5645 5489 5490 5646 5645 5490 
5491 5647 5648 5492 5491 5648 5493 5649 5491 
5491 5649 5647 5644 5493 5488 5649 5493 5644 
5490 5650 5646 5494 5650 5490 5495 5651 5494 
5494 5651 5650 5651 5495 5496 5652 5651 5496 
5497 5653 5654 5498 5497 5654 5648 5497 5492 
5653 5497 5648 5496 5655 5652 5499 5655 5496 
5655 5499 5500 5656 5655 5500 5501 5657 5658 
5502 5501 5658 5654 5501 5498 5657 5501 5654 
5500 5659 5656 5503 5659 5500 5659 5503 5504 
5660 5659 5504 5502 5658 5505 5658 5661 5505 
5504 5506 5660 5660 5506 5662 5507 5663 5664 
5508 5507 5664 5661 5507 5505 5663 5507 5661 
5506 5665 5662 5509 5665 5506 5665 5509 5510 
5666 5665 5510 5511 5667 5668 5512 5511 5668 
5664 5511 5508 5667 5511 5664 5510 5669 5666 
5513 5669 5510 5669 5513 5514 5670 5669 5514 
5512 5668 5515 5668 5671 5515 5514 5516 5670 
5670 5516 5672 5517 5673 5674 5518 5517 5674 
5671 5517 5515 5673 5517 5671 5516 5675 5672 
5519 5675 5516 5675 5519 5520 5676 5675 5520 
5518 5674 5521 5674 5677 5521 5520 5522 5676 
5676 5522 5678 5523 5679 5680 5524 5523 5680 
5677 5523 5521 5679 5523 5677 5522 5681 5678 
5525 5681 5522 5681 5525 5526 5682 5681 5526 
5524 5680 5527 5680 5683 5527 5526 5528 5682 
5682 5528 5684 5527 5683 5529 5683 5685 5529 
5528 5530 5684 5684 5530 5686 5529 5685 5531 
5685 5687 5531 5530 5532 5686 5686 5532 5688 
5531 5687 5533 5687 5689 5533 5532 5534 5688 
5688 5534 5690 5533 5689 5535 5689 5691 5535 
5534 5536 5690 5690 5536 5692 5535 5691 5537 
5691 5693 5537 5536 5538 5692 5692 5538 5694 
5537 5693 5539 5693 5695 5539 5538 5540 5694 
5694 5540 5696 5539 5695 5541 5695 5697 5541 
5540 5542 5696 5696 5542 5698 5541 5697 5543 
5697 5699 5543 5542 5544 5698 5698 5544 5700 
5543 5699 5545 5699 5701 5545 5544 5546 5700 
5700 5546 5702 5545 5701 5547 5701 5703 5547 
5546 5548 5702 5702 5548 5704 5547 5703 5549 
5703 5705 5549 5548 5550 5704 5704 5550 5706 
5549 5705 5707 5551 5549 5707 5707 5552 5551 
5708 5552 5707 5554 5709 5710 5553 5709 5554 
5706 5550 5554 5710 5706 5554 5552 5708 5555 
5708 5711 5555 5553 5556 5709 5709 5556 5712 
5555 5711 5713 5557 5555 5713 5713 5558 5557 
5714 5558 5713 5560 5715 5716 5559 5715 5560 
5712 5556 5560 5716 5712 5560 5558 5714 5561 
5714 5717 5561 5559 5562 5715 5715 5562 5718 
5561 5717 5719 5563 5561 5719 5719 5564 5563 
5720 5564 5719 5566 5721 5722 5565 5721 5566 
5718 5562 5566 5722 5718 5566 5564 5720 5723 
5567 5564 5723 5723 5568 5567 5724 5568 5723 
5570 5725 5726 5569 5725 5570 5721 5565 5570 
5726 5721 5570 5568 5724 5571 5724 5727 5571 
5569 5572 5725 5725 5572 5728 5571 5727 5729 
5573 5571 5729 5729 5574 5573 5730 5574 5729 
5576 5731 5732 5575 5731 5576 5728 5572 5576 
5732 5728 5576 5574 5730 5733 5577 5574 5733 
5733 5578 5577 5734 5578 5733 5580 5735 5736 
5579 5735 5580 5731 5575 5580 5736 5731 5580 
5578 5734 5737 5581 5578 5737 5582 5581 5738 
5581 5737 5738 5738 5583 5582 5739 5583 5738 
5585 5740 5741 5584 5740 5585 5586 5585 5742 
5585 5741 5742 5735 5579 5586 5742 5735 5586 
5583 5739 5743 5587 5583 5743 5743 5588 5587 
5744 5588 5743 5590 5745 5746 5589 5745 5590 
5740 5584 5590 5746 5740 5590 5588 5744 5747 
5591 5588 5747 5592 5591 5748 5591 5747 5748 
5748 5593 5592 5749 5593 5748 5595 5750 5751 
5594 5750 5595 5596 5595 5752 5595 5751 5752 
5745 5589 5596 5752 5745 5596 5593 5749 5753 
5597 5593 5753 5598 5597 5754 5597 5753 5754 
5754 5599 5598 5755 5599 5754 5601 5756 5757 
5600 5756 5601 5602 5601 5758 5601 5757 5758 
5750 5594 5602 5758 5750 5602 5599 5755 5759 
5603 5599 5759 5604 5603 5760 5603 5759 5760 
5605 5604 5761 5604 5760 5761 5606 5605 5762 
5605 5761 5762 5607 5606 5763 5606 5762 5763 
5608 5607 5764 5607 5763 5764 5609 5608 5765 
5608 5764 5765 5610 5609 5766 5609 5765 5766 
5611 5610 5767 5610 5766 5767 5612 5611 5768 
5611 5767 5768 5613 5612 5769 5612 5768 5769 
5614 5613 5770 5613 5769 5770 5615 5614 5771 
5614 5770 5771 5756 5600 5615 5771 5756 5615 
5616 5772 5773 5617 5616 5773 5618 5774 5616 
5616 5774 5772 5619 5775 5618 5618 5775 5774 
5620 5776 5619 5619 5776 5775 5621 5777 5620 
5620 5777 5776 5622 5778 5621 5621 5778 5777 
5623 5779 5622 5622 5779 5778 5624 5780 5623 
5623 5780 5779 5625 5781 5624 5624 5781 5780 
5626 5782 5625 5625 5782 5781 5627 5783 5626 
5626 5783 5782 5628 5784 5627 5627 5784 5783 
5629 5785 5628 5628 5785 5784 5785 5629 5630 
5786 5785 5630 5631 5787 5788 5632 5631 5788 
5633 5789 5631 5631 5789 5787 5773 5633 5617 
5789 5633 5773 5630 5790 5786 5634 5790 5630 
5635 5791 5634 5634 5791 5790 5791 5635 5636 
5792 5791 5636 5637 5793 5794 5638 5637 5794 
5639 5795 5637 5637 5795 5793 5788 5639 5632 
5795 5639 5788 5636 5796 5792 5640 5796 5636 
5641 5797 5640 5640 5797 5796 5797 5641 5642 
5798 5797 5642 5643 5799 5800 5644 5643 5800 
5794 5643 5638 5799 5643 5794 5642 5801 5798 
5645 5801 5642 5801 5645 5646 5802 5801 5646 
5647 5803 5804 5648 5647 5804 5649 5805 5647 
5647 5805 5803 5800 5649 5644 5805 5649 5800 
5646 5806 5802 5650 5806 5646 5651 5807 5650 
5650 5807 5806 5807 5651 5652 5808 5807 5652 
5653 5809 5810 5654 5653 5810 5804 5653 5648 
5809 5653 5804 5652 5811 5808 5655 5811 5652 
5811 5655 5656 5812 5811 5656 5657 5813 5814 
5658 5657 5814 5810 5657 5654 5813 5657 5810 
5656 5815 5812 5659 5815 5656 5815 5659 5660 
5816 5815 5660 5658 5814 5661 5814 5817 5661 
5660 5662 5816 5816 5662 5818 5663 5819 5820 
5664 5663 5820 5817 5663 5661 5819 5663 5817 
5662 5821 5818 5665 5821 5662 5821 5665 5666 
5822 5821 5666 5667 5823 5824 5668 5667 5824 
5820 5667 5664 5823 5667 5820 5666 5825 5822 
5669 5825 5666 5825 5669 5670 5826 5825 5670 
5668 5824 5671 5824 5827 5671 5670 5672 5826 
5826 5672 5828 5673 5829 5830 5674 5673 5830 
5827 5673 5671 5829 5673 5827 5672 5831 5828 
5675 5831 5672 5831 5675 5676 5832 5831 5676 
5674 5830 5677 5830 5833 5677 5676 5678 5832 
5832 5678 5834 5679 5835 5836 5680 5679 5836 
5833 5679 5677 5835 5679 5833 5678 5837 5834 
5681 5837 5678 5837 5681 5682 5838 5837 5682 
5680 5836 5683 5836 5839 5683 5682 5684 5838 
5838 5684 5840 5683 5839 5685 5839 5841 5685 
5684 5686 5840 5840 5686 5842 5685 5841 5687 
5841 5843 5687 5686 5688 5842 5842 5688 5844 
5687 5843 5689 5843 5845 5689 5688 5690 5844 
5844 5690 5846 5689 5845 5691 5845 5847 5691 
5690 5692 5846 5846 5692 5848 5691 5847 5693 
5847 5849 5693 5692 5694 5848 5848 5694 5850 
5693 5849 5695 5849 5851 5695 5694 5696 5850 
5850 5696 5852 5695 5851 5697 5851 5853 5697 
5696 5698 5852 5852 5698 5854 5697 5853 5699 
5853 5855 5699 5698 5700 5854 5854 5700 5856 
5699 5855 5701 5855 5857 5701 5700 5702 5856 
5856 5702 5858 5701 5857 5703 5857 5859 5703 
5702 5704 5858 5858 5704 5860 5703 5859 5705 
5859 5861 5705 5704 5706 5860 5860 5706 5862 
5705 5861 5863 5707 5705 5863 5863 5708 5707 
5864 5708 5863 5710 5865 5866 5709 5865 5710 
5862 5706 5710 5866 5862 5710 5708 5864 5711 
5864 5867 5711 5709 5712 5865 5865 5712 5868 
5711 5867 5869 5713 5711 5869 5869 5714 5713 
5870 5714 5869 5716 5871 5872 5715 5871 5716 
5868 5712 5716 5872 5868 5716 5714 5870 5717 
5870 5873 5717 5715 5718 5871 5871 5718 5874 
5717 5873 5875 5719 5717 5875 5875 5720 5719 
5876 5720 5875 5722 5877 5878 5721 5877 5722 
5874 5718 5722 5878 5874 5722 5720 5876 5879 
5723 5720 5879 5879 5724 5723 5880 5724 5879 
5726 5881 5882 5725 5881 5726 5877 5721 5726 
5882 5877 5726 5724 5880 5727 5880 5883 5727 
5725 5728 5881 5881 5728 5884 5727 5883 5885 
5729 5727 5885 5885 5730 5729 5886 5730 5885 
5732 5887 5888 5731 5887 5732 5884 5728 5732 
5888 5884 5732 5730 5886 5889 5733 5730 5889 
5889 5734 5733 5890 5734 5889 5736 5891 5892 
5735 5891 5736 5887 5731 5736 5892 5887 5736 
5734 5890 5893 5737 5734 5893 5738 5737 5894 
5737 5893 5894 5894 5739 5738 5895 5739 5894 
5741 5896 5897 5740 5896 5741 5742 5741 5898 
5741 5897 5898 5891 5735 5742 5898 5891 5742 
5739 5895 5899 5743 5739 5899 5899 5744 5743 
5900 5744 5899 5746 5901 5902 5745 5901 5746 
5896 5740 5746 5902 5896 5746 5744 5900 5903 
5747 5744 5903 5748 5747 5904 5747 5903 5904 
5904 5749 5748 5905 5749 5904 5751 5906 5907 
5750 5906 5751 5752 5751 5908 5751 5907 5908 
5901 5745 5752 5908 5901 5752 5749 5905 5909 
5753 5749 5909 5754 5753 5910 5753 5909 5910 
5910 5755 5754 5911 5755 5910 5757 5912 5913 
5756 5912 5757 5758 5757 5914 5757 5913 5914 
5906 5750 5758 5914 5906 5758 5755 5911 5915 
5759 5755 5915 5760 5759 5916 5759 5915 5916 
5761 5760 5917 5760 5916 5917 5762 5761 5918 
5761 5917 5918 5763 5762 5919 5762 5918 5919 
5764 5763 5920 5763 5919 5920 5765 5764 5921 
5764 5920 5921 5766 5765 5922 5765 5921 5922 
5767 5766 5923 5766 5922 5923 5768 5767 5924 
5767 5923 5924 5769 5768 5925 5768 5924 5925 
5770 5769 5926 5769 5925 5926 5771 5770 5927 
5770 5926 5927 5912 5756 5771 5927 5912 5771 
5772 5928 5929 5773 5772 5929 5774 5930 5772 
5772 5930 5928 5775 5931 5774 5774 5931 5930 
5776 5932 5775 5775 5932 5931 5777 5933 5776 
5776 5933 5932 5778 5934 5777 5777 5934 5933 
5779 5935 5778 5778 5935 5934 5780 5936 5779 
5779 5936 5935 5781 5937 5780 5780 5937 5936 
5782 5938 5781 5781 5938 5937 5783 5939 5782 
5782 5939 5938 5784 5940 5783 5783 5940 5939 
5785 5941 5784 5784 5941 5940 5941 5785 5786 
5942 5941 5786 5787 5943 5944 5788 5787 5944 
5789 5945 5787 5787 5945 5943 5929 5789 5773 
5945 5789 5929 5786 5946 5942 5790 5946 5786 
5791 5947 5790 5790 5947 5946 5947 5791 5792 
5948 5947 5792 5793 5949 5950 5794 5793 5950 
5795 5951 5793 5793 5951 5949 5944 5795 5788 
5951 5795 5944 5792 5952 5948 5796 5952 5792 
5797 5953 5796 5796 5953 5952 5953 5797 5798 
5954 5953 5798 5799 5955 5956 5800 5799 5956 
5950 5799 5794 5955 5799 5950 5798 5957 5954 
5801 5957 5798 5957 5801 5802 5958 5957 5802 
5803 5959 5960 5804 5803 5960 5805 5961 5803 
5803 5961 5959 5956 5805 5800 5961 5805 5956 
5802 5962 5958 5806 5962 5802 5807 5963 5806 
5806 5963 5962 5963 5807 5808 5964 5963 5808 
5809 5965 5966 5810 5809 5966 5960 5809 5804 
5965 5809 5960 5808 5967 5964 5811 5967 5808 
5967 5811 5812 5968 5967 5812 5813 5969 5970 
5814 5813 5970 5966 5813 5810 5969 5813 5966 
5812 5971 5968 5815 5971 5812 5971 5815 5816 
5972 5971 5816 5814 5970 5817 5970 5973 5817 
5816 5818 5972 5972 5818 5974 5819 5975 5976 
5820 5819 5976 5973 5819 5817 5975 5819 5973 
5818 5977 5974 5821 5977 5818 5977 5821 5822 
5978 5977 5822 5823 5979 5980 5824 5823 5980 
5976 5823 5820 5979 5823 5976 5822 5981 5978 
5825 5981 5822 5981 5825 5826 5982 5981 5826 
5824 5980 5827 5980 5983 5827 5826 5828 5982 
5982 5828 5984 5829 5985 5986 5830 5829 5986 
5983 5829 5827 5985 5829 5983 5828 5987 5984 
5831 5987 5828 5987 5831 5832 5988 5987 5832 
5830 5986 5833 5986 5989 5833 5832 5834 5988 
5988 5834 5990 5835 5991 5992 5836 5835 5992 
5989 5835 5833 5991 5835 5989 5834 5993 5990 
5837 5993 5834 5993 5837 5838 5994 5993 5838 
5836 5992 5839 5992 5995 5839 5838 5840 5994 
5994 5840 5996 5839 5995 5841 5995 5997 5841 
5840 5842 5996 5996 5842 5998 5841 5997 5843 
5997 5999 5843 5842 5844 5998 5998 5844 6000 
5843 5999 5845 5999 6001 5845 5844 5846 6000 
6000 5846 6002 5845 6001 5847 6001 6003 5847 
5846 5848 6002 6002 5848 6004 5847 6003 5849 
6003 6005 5849 5848 5850 6004 6004 5850 6006 
5849 6005 5851 6005 6007 5851 5850 5852 6006 
6006 5852 6008 5851 6007 5853 6007 6009 5853 
5852 5854 6008 6008 5854 6010 5853 6009 5855 
6009 6011 5855 5854 5856 6010 6010 5856 6012 
5855 6011 5857 6011 6013 5857 5856 5858 6012 
6012 5858 6014 5857 6013 5859 6013 6015 5859 
5858 5860 6014 6014 5860 6016 5859 6015 5861 
6015 6017 5861 5860 5862 6016 6016 5862 6018 
5861 6017 6019 5863 5861 6019 6019 5864 5863 
6020 5864 6019 5866 6021 6022 5865 6021 5866 
6018 5862 5866 6022 6018 5866 5864 6020 5867 
6020 6023 5867 5865 5868 6021 6021 5868 6024 
5867 6023 6025 5869 5867 6025 6025 5870 5869 
6026 5870 6025 5872 6027 6028 5871 6027 5872 
6024 5868 5872 6028 6024 5872 5870 6026 5873 
6026 6029 5873 5871 5874 6027 6027 5874 6030 
5873 6029 6031 5875 5873 6031 6031 5876 5875 
6032 5876 6031 5878 6033 6034 5877 6033 5878 
6030 5874 5878 6034 6030 5878 5876 6032 6035 
5879 5876 6035 6035 5880 5879 6036 5880 6035 
5882 6037 6038 5881 6037 5882 6033 5877 5882 
6038 6033 5882 5880 6036 5883 6036 6039 5883 
5881 5884 6037 6037 5884 6040 5883 6039 6041 
5885 5883 6041 6041 5886 5885 6042 5886 6041 
5888 6043 6044 5887 6043 5888 6040 5884 5888 
6044 6040 5888 5886 6042 6045 5889 5886 6045 
6045 5890 5889 6046 5890 6045 5892 6047 6048 
5891 6047 5892 6043 5887 5892 6048 6043 5892 
5890 6046 6049 5893 5890 6049 5894 5893 6050 
5893 6049 6050 6050 5895 5894 6051 5895 6050 
5897 6052 6053 5896 6052 5897 5898 5897 6054 
5897 6053 6054 6047 5891 5898 6054 6047 5898 
5895 6051 6055 5899 5895 6055 6055 5900 5899 
6056 5900 6055 5902 6057 6058 5901 6057 5902 
6052 5896 5902 6058 6052 5902 5900 6056 6059 
5903 5900 6059 5904 5903 6060 5903 6059 6060 
6060 5905 5904 6061 5905 6060 5907 6062 6063 
5906 6062 5907 5908 5907 6064 5907 6063 6064 
6057 5901 5908 6064 6057 5908 5905 6061 6065 
5909 5905 6065 5910 5909 6066 5909 6065 6066 
6066 5911 5910 6067 5911 6066 5913 6068 6069 
5912 6068 5913 5914 5913 6070 5913 6069 6070 
6062 5906 5914 6070 6062 5914 5911 6067 6071 
5915 5911 6071 5916 5915 6072 5915 6071 6072 
5917 5916 6073 5916 6072 6073 5918 5917 6074 
5917 6073 6074 5919 5918 6075 5918 6074 6075 
5920 5919 6076 5919 6075 6076 5921 5920 6077 
5920 6076 6077 5922 5921 6078 5921 6077 6078 
5923 5922 6079 5922 6078 6079 5924 5923 6080 
5923 6079 6080 5925 5924 6081 5924 6080 6081 
5926 5925 6082 5925 6081 6082 5927 5926 6083 
5926 6082 6083 6068 5912 5927 6083 6068 5927 
5928 6084 6085 5929 5928 6085 5930 6086 5928 
5928 6086 6084 5931 6087 5930 5930 6087 6086 
5932 6088 5931 5931 6088 6087 5933 6089 5932 
5932 6089 6088 5934 6090 5933 5933 6090 6089 
5935 6091 5934 5934 6091 6090 5936 6092 5935 
5935 6092 6091 5937 6093 5936 5936 6093 6092 
5938 6094 5937 5937 6094 6093 5939 6095 5938 
5938 6095 6094 5940 6096 5939 5939 6096 6095 
5941 6097 5940 5940 6097 6096 6097 5941 5942 
6098 6097 5942 5943 6099 6100 5944 5943 6100 
5945 6101 5943 5943 6101 6099 6085 5945 5929 
6101 5945 6085 5942 6102 6098 5946 6102 5942 
5947 6103 5946 5946 6103 6102 6103 5947 5948 
6104 6103 5948 5949 6105 6106 5950 5949 6106 
5951 6107 5949 5949 6107 6105 6100 5951 5944 
6107 5951 6100 5948 6108 6104 5952 6108 5948 
5953 6109 5952 5952 6109 6108 6109 5953 5954 
6110 6109 5954 5955 6111 6112 5956 5955 6112 
6106 5955 5950 6111 5955 6106 5954 6113 6110 
5957 6113 5954 6113 5957 5958 6114 6113 5958 
5959 6115 6116 5960 5959 6116 5961 6117 5959 
5959 6117 6115 6112 5961 5956 6117 5961 6112 
5958 6118 6114 5962 6118 5958 5963 6119 5962 
5962 6119 6118 6119 5963 5964 6120 6119 5964 
5965 6121 6122 5966 5965 6122 6116 5965 5960 
6121 5965 6116 5964 6123 6120 5967 6123 5964 
6123 5967 5968 6124 6123 5968 5969 6125 6126 
5970 5969 6126 6122 5969 5966 6125 5969 6122 
5968 6127 6124 5971 6127 5968 6127 5971 5972 
6128 6127 5972 5970 6126 5973 6126 6129 5973 
5972 5974 6128 6128 5974 6130 5975 6131 6132 
5976 5975 6132 6129 5975 5973 6131 5975 6129 
5974 6133 6130 5977 6133 5974 6133 5977 5978 
6134 6133 5978 5979 6135 6136 5980 5979 6136 
6132 5979 5976 6135 5979 6132 5978 6137 6134 
5981 6137 5978 6137 5981 5982 6138 6137 5982 
5980 6136 5983 6136 6139 5983 5982 5984 6138 
6138 5984 6140 5985 6141 6142 5986 5985 6142 
6139 5985 5983 6141 5985 6139 5984 6143 6140 
5987 6143 5984 6143 5987 5988 6144 6143 5988 
5986 6142 5989 6142 6145 5989 5988 5990 6144 
6144 5990 6146 5991 6147 6148 5992 5991 6148 
6145 5991 5989 6147 5991 6145 5990 6149 6146 
5993 6149 5990 6149 5993 5994 6150 6149 5994 
5992 6148 5995 6148 6151 5995 5994 5996 6150 
6150 5996 6152 5995 6151 5997 6151 6153 5997 
5996 5998 6152 6152 5998 6154 5997 6153 5999 
6153 6155 5999 5998 6000 6154 6154 6000 6156 
5999 6155 6001 6155 6157 6001 6000 6002 6156 
6156 6002 6158 6001 6157 6003 6157 6159 6003 
6002 6004 6158 6158 6004 6160 6003 6159 6005 
6159 6161 6005 6004 6006 6160 6160 6006 6162 
6005 6161 6007 6161 6163 6007 6006 6008 6162 
6162 6008 6164 6007 6163 6009 6163 6165 6009 
6008 6010 6164 6164 6010 6166 6009 6165 6011 
6165 6167 6011 6010 6012 6166 6166 6012 6168 
6011 6167 6013 6167 6169 6013 6012 6014 6168 
6168 6014 6170 6013 6169 6015 6169 6171 6015 
6014 6016 6170 6170 6016 6172 6015 6171 6017 
6171 6173 6017 6016 6018 6172 6172 6018 6174 
6017 6173 6175 6019 6017 6175 6175 6020 6019 
6176 6020 6175 6022 6177 6178 6021 6177 6022 
6174 6018 6022 6178 6174 6022 6020 6176 6023 
6176 6179 6023 6021 6024 6177 6177 6024 6180 
6023 6179 6181 6025 6023 6181 6181 6026 6025 
6182 6026 6181 6028 6183 6184 6027 6183 6028 
6180 6024 6028 6184 6180 6028 6026 6182 6029 
6182 6185 6029 6027 6030 6183 6183 6030 6186 
6029 6185 6187 6031 6029 6187 6187 6032 6031 
6188 6032 6187 6034 6189 6190 6033 6189 6034 
6186 6030 6034 6190 6186 6034 6032 6188 6191 
6035 6032 6191 6191 6036 6035 6192 6036 6191 
6038 6193 6194 6037 6193 6038 6189 6033 6038 
6194 6189 6038 6036 6192 6039 6192 6195 6039 
6037 6040 6193 6193 6040 6196 6039 6195 6197 
6041 6039 6197 6197 6042 6041 6198 6042 6197 
6044 6199 6200 6043 6199 6044 6196 6040 6044 
6200 6196 6044 6042 6198 6201 6045 6042 6201 
6201 6046 6045 6202 6046 6201 6048 6203 6204 
6047 6203 6048 6199 6043 6048 6204 6199 6048 
6046 6202 6205 6049 6046 6205 6050 6049 6206 
6049 6205 6206 6206 6051 6050 6207 6051 6206 
6053 6208 6209 6052 6208 6053 6054 6053 6210 
6053 6209 6210 6203 6047 6054 6210 6203 6054 
6051 6207 6211 6055 6051 6211 6211 6056 6055 
6212 6056 6211 6058 6213 6214 6057 6213 6058 
6208 6052 6058 6214 6208 6058 6056 6212 6215 
6059 6056 6215 6060 6059 6216 6059 6215 6216 
6216 6061 6060 6217 6061 6216 6063 6218 6219 
6062 6218 6063 6064 6063 6220 6063 6219 6220 
6213 6057 6064 6220 6213 6064 6061 6217 6221 
6065 6061 6221 6066 6065 6222 6065 6221 6222 
6222 6067 6066 6223 6067 6222 6069 6224 6225 
6068 6224 6069 6070 6069 6226 6069 6225 6226 
6218 6062 6070 6226 6218 6070 6067 6223 6227 
6071 6067 6227 6072 6071 6228 6071 6227 6228 
6073 6072 6229 6072 6228 6229 6074 6073 6230 
6073 6229 6230 6075 6074 6231 6074 6230 6231 
6076 6075 6232 6075 6231 6232 6077 6076 6233 
6076 6232 6233 6078 6077 6234 6077 6233 6234 
6079 6078 6235 6078 6234 6235 6080 6079 6236 
6079 6235 6236 6081 6080 6237 6080 6236 6237 
6082 6081 6238 6081 6237 6238 6083 6082 6239 
6082 6238 6239 6224 6068 6083 6239 6224 6083 
6084 6240 6241 6085 6084 6241 6086 6242 6084 
6084 6242 6240 6087 6243 6086 6086 6243 6242 
6088 6244 6087 6087 6244 6243 6089 6245 6088 
6088 6245 6244 6090 6246 6089 6089 6246 6245 
6091 6247 6090 6090 6247 6246 6092 6248 6091 
6091 6248 6247 6093 6249 6092 6092 6249 6248 
6094 6250 6093 6093 6250 6249 6095 6251 6094 
6094 6251 6250 6096 6252 6095 6095 6252 6251 
6097 6253 6096 6096 6253 6252 6253 6097 6098 
6254 6253 6098 6099 6255 6256 6100 6099 6256 
6101 6257 6099 6099 6257 6255 6241 6101 6085 
6257 6101 6241 6098 6258 6254 6102 6258 6098 
6103 6259 6102 6102 6259 6258 6259 6103 6104 
6260 6259 6104 6105 6261 6262 6106 6105 6262 
6107 6263 6105 6105 6263 6261 6256 6107 6100 
6263 6107 6256 6104 6264 6260 6108 6264 6104 
6109 6265 6108 6108 6265 6264 6265 6109 6110 
6266 6265 6110 6111 6267 6268 6112 6111 6268 
6262 6111 6106 6267 6111 6262 6110 6269 6266 
6113 6269 6110 6269 6113 6114 6270 6269 6114 
6115 6271 6272 6116 6115 6272 6117 6273 6115 
6115 6273 6271 6268 6117 6112 6273 6117 6268 
6114 6274 6270 6118 6274 6114 6119 6275 6118 
6118 6275 6274 6275 6119 6120 6276 6275 6120 
6121 6277 6278 6122 6121 6278 6272 6121 6116 
6277 6121 6272 6120 6279 6276 6123 6279 6120 
6279 6123 6124 6280 6279 6124 6125 6281 6282 
6126 6125 6282 6278 6125 6122 6281 6125 6278 
6124 6283 6280 6127 6283 6124 6283 6127 6128 
6284 6283 6128 6126 6282 6129 6282 6285 6129 
6128 6130 6284 6284 6130 6286 6131 6287 6288 
6132 6131 6288 6285 6131 6129 6287 6131 6285 
6130 6289 6286 6133 6289 6130 6289 6133 6134 
6290 6289 6134 6135 6291 6292 6136 6135 6292 
6288 6135 6132 6291 6135 6288 6134 6293 6290 
6137 6293 6134 6293 6137 6138 6294 6293 6138 
6136 6292 6139 6292 6295 6139 6138 6140 6294 
6294 6140 6296 6141 6297 6298 6142 6141 6298 
6295 6141 6139 6297 6141 6295 6140 6299 6296 
6143 6299 6140 6299 6143 6144 6300 6299 6144 
6142 6298 6145 6298 6301 6145 6144 6146 6300 
6300 6146 6302 6147 6303 6304 6148 6147 6304 
6301 6147 6145 6303 6147 6301 6146 6305 6302 
6149 6305 6146 6305 6149 6150 6306 6305 6150 
6148 6304 6151 6304 6307 6151 6150 6152 6306 
6306 6152 6308 6151 6307 6153 6307 6309 6153 
6152 6154 6308 6308 6154 6310 6153 6309 6155 
6309 6311 6155 6154 6156 6310 6310 6156 6312 
6155 6311 6157 6311 6313 6157 6156 6158 6312 
6312 6158 6314 6157 6313 6159 6313 6315 6159 
6158 6160 6314 6314 6160 6316 6159 6315 6161 
6315 6317 6161 6160 6162 6316 6316 6162 6318 
6161 6317 6163 6317 6319 6163 6162 6164 6318 
6318 6164 6320 6163 6319 6165 6319 6321 6165 
6164 6166 6320 6320 6166 6322 6165 6321 6167 
6321 6323 6167 6166 6168 6322 6322 6168 6324 
6167 6323 6169 6323 6325 6169 6168 6170 6324 
6324 6170 6326 6169 6325 6171 6325 6327 6171 
6170 6172 6326 6326 6172 6328 6171 6327 6173 
6327 6329 6173 6172 6174 6328 6328 6174 6330 
6173 6329 6331 6175 6173 6331 6331 6176 6175 
6332 6176 6331 6178 6333 6334 6177 6333 6178 
6330 6174 6178 6334 6330 6178 6176 6332 6179 
6332 6335 6179 6177 6180 6333 6333 6180 6336 
6179 6335 6337 6181 6179 6337 6337 6182 6181 
6338 6182 6337 6184 6339 6340 6183 6339 6184 
6336 6180 6184 6340 6336 6184 6182 6338 6185 
6338 6341 6185 6183 6186 6339 6339 6186 6342 
6185 6341 6343 6187 6185 6343 6343 6188 6187 
6344 6188 6343 6190 6345 6346 6189 6345 6190 
6342 6186 6190 6346 6342 6190 6188 6344 6347 
6191 6188 6347 6347 6192 6191 6348 6192 6347 
6194 6349 6350 6193 6349 6194 6345 6189 6194 
6350 6345 6194 6192 6348 6195 6348 6351 6195 
6193 6196 6349 6349 6196 6352 6195 6351 6353 
6197 6195 6353 6353 6198 6197 6354 6198 6353 
6200 6355 6356 6199 6355 6200 6352 6196 6200 
6356 6352 6200 6198 6354 6357 6201 6198 6357 
6357 6202 6201 6358 6202 6357 6204 6359 6360 
6203 6359 6204 6355 6199 6204 6360 6355 6204 
6202 6358 6361 6205 6202 6361 6206 6205 6362 
6205 6361 6362 6362 6207 6206 6363 6207 6362 
6209 6364 6365 6208 6364 6209 6210 6209 6366 
6209 6365 6366 6359 6203 6210 6366 6359 6210 
6207 6363 6367 6211 6207 6367 6367 6212 6211 
6368 6212 6367 6214 6369 6370 6213 6369 6214 
6364 6208 6214 6370 6364 6214 6212 6368 6371 
6215 6212 6371 6216 6215 6372 6215 6371 6372 
6372 6217 6216 6373 6217 6372 6219 6374 6375 
6218 6374 6219 6220 6219 6376 6219 6375 6376 
6369 6213 6220 6376 6369 6220 6217 6373 6377 
6221 6217 6377 6222 6221 6378 6221 6377 6378 
6378 6223 6222 6379 6223 6378 6225 6380 6381 
6224 6380 6225 6226 6225 6382 6225 6381 6382 
6374 6218 6226 6382 6374 6226 6223 6379 6383 
6227 6223 6383 6228 6227 6384 6227 6383 6384 
6229 6228 6385 6228 6384 6385 6230 6229 6386 
6229 6385 6386 6231 6230 6387 6230 6386 6387 
6232 6231 6388 6231 6387 6388 6233 6232 6389 
6232 6388 6389 6234 6233 6390 6233 6389 6390 
6235 6234 6391 6234 6390 6391 6236 6235 6392 
6235 6391 6392 6237 6236 6393 6236 6392 6393 
6238 6237 6394 6237 6393 6394 6239 6238 6395 
6238 6394 6395 6380 6224 6239 6395 6380 6239 
6240 6396 6397 6241 6240 6397 6242 6398 6240 
6240 6398 6396 6243 6399 6242 6242 6399 6398 
6244 6400 6243 6243 6400 6399 6245 6401 6244 
6244 6401 6400 6246 6402 6245 6245 6402 6401 
6247 6403 6246 6246 6403 6402 6248 6404 6247 
6247 6404 6403 6249 6405 6248 6248 6405 6404 
6250 6406 6249 6249 6406 6405 6251 6407 6250 
6250 6407 6406 6252 6408 6251 6251 6408 6407 
6253 6409 6252 6252 6409 6408 6409 6253 6254 
6410 6409 6254 6255 6411 6412 6256 6255 6412 
6257 6413 6255 6255 6413 6411 6397 6257 6241 
6413 6257 6397 6254 6414 6410 6258 6414 6254 
6259 6415 6258 6258 6415 6414 6415 6259 6260 
6416 6415 6260 6261 6417 6418 6262 6261 6418 
6263 6419 6261 6261 6419 6417 6412 6263 6256 
6419 6263 6412 6260 6420 6416 6264 6420 6260 
6265 6421 6264 6264 6421 6420 6421 6265 6266 
6422 6421 6266 6267 6423 6424 6268 6267 6424 
6418 6267 6262 6423 6267 6418 6266 6425 6422 
6269 6425 6266 6425 6269 6270 6426 6425 6270 
6271 6427 6428 6272 6271 6428 6273 6429 6271 
6271 6429 6427 6424 6273 6268 6429 6273 6424 
6270 6430 6426 6274 6430 6270 6275 6431 6274 
6274 6431 6430 6431 6275 6276 6432 6431 6276 
6277 6433 6434 6278 6277 6434 6428 6277 6272 
6433 6277 6428 6276 6435 6432 6279 6435 6276 
6435 6279 6280 6436 6435 6280 6281 6437 6438 
6282 6281 6438 6434 6281 6278 6437 6281 6434 
6280 6439 6436 6283 6439 6280 6439 6283 6284 
6440 6439 6284 6282 6438 6285 6438 6441 6285 
6284 6286 6440 6440 6286 6442 6287 6443 6444 
6288 6287 6444 6441 6287 6285 6443 6287 6441 
6286 6445 6442 6289 6445 6286 6445 6289 6290 
6446 6445 6290 6291 6447 6448 6292 6291 6448 
6444 6291 6288 6447 6291 6444 6290 6449 6446 
6293 6449 6290 6449 6293 6294 6450 6449 6294 
6292 6448 6295 6448 6451 6295 6294 6296 6450 
6450 6296 6452 6297 6453 6454 6298 6297 6454 
6451 6297 6295 6453 6297 6451 6296 6455 6452 
6299 6455 6296 6455 6299 6300 6456 6455 6300 
6298 6454 6301 6454 6457 6301 6300 6302 6456 
6456 6302 6458 6303 6459 6460 6304 6303 6460 
6457 6303 6301 6459 6303 6457 6302 6461 6458 
6305 6461 6302 6461 6305 6306 6462 6461 6306 
6304 6460 6307 6460 6463 6307 6306 6308 6462 
6462 6308 6464 6307 6463 6309 6463 6465 6309 
6308 6310 6464 6464 6310 6466 6309 6465 6311 
6465 6467 6311 6310 6312 6466 6466 6312 6468 
6311 6467 6313 6467 6469 6313 6312 6314 6468 
6468 6314 6470 6313 6469 6315 6469 6471 6315 
6314 6316 6470 6470 6316 6472 6315 6471 6317 
6471 6473 6317 6316 6318 6472 6472 6318 6474 
6317 6473 6319 6473 6475 6319 6318 6320 6474 
6474 6320 6476 6319 6475 6321 6475 6477 6321 
6320 6322 6476 6476 6322 6478 6321 6477 6323 
6477 6479 6323 6322 6324 6478 6478 6324 6480 
6323 6479 6325 6479 6481 6325 6324 6326 6480 
6480 6326 6482 6325 6481 6327 6481 6483 6327 
6326 6328 6482 6482 6328 6484 6327 6483 6329 
6483 6485 6329 6328 6330 6484 6484 6330 6486 
6329 6485 6487 6331 6329 6487 6487 6332 6331 
6488 6332 6487 6334 6489 6490 6333 6489 6334 
6486 6330 6334 6490 6486 6334 6332 6488 6335 
6488 6491 6335 6333 6336 6489 6489 6336 6492 
6335 6491 6493 6337 6335 6493 6493 6338 6337 
6494 6338 6493 6340 6495 6496 6339 6495 6340 
6492 6336 6340 6496 6492 6340 6338 6494 6341 
6494 6497 6341 6339 6342 6495 6495 6342 6498 
6341 6497 6499 6343 6341 6499 6499 6344 6343 
6500 6344 6499 6346 6501 6502 6345 6501 6346 
6498 6342 6346 6502 6498 6346 6344 6500 6503 
6347 6344 6503 6503 6348 6347 6504 6348 6503 
6350 6505 6506 6349 6505 6350 6501 6345 6350 
6506 6501 6350 6348 6504 6351 6504 6507 6351 
6349 6352 6505 6505 6352 6508 6351 6507 6509 
6353 6351 6509 6509 6354 6353 6510 6354 6509 
6356 6511 6512 6355 6511 6356 6508 6352 6356 
6512 6508 6356 6354 6510 6513 6357 6354 6513 
6513 6358 6357 6514 6358 6513 6360 6515 6516 
6359 6515 6360 6511 6355 6360 6516 6511 6360 
6358 6514 6517 6361 6358 6517 6362 6361 6518 
6361 6517 6518 6518 6363 6362 6519 6363 6518 
6365 6520 6521 6364 6520 6365 6366 6365 6522 
6365 6521 6522 6515 6359 6366 6522 6515 6366 
6363 6519 6523 6367 6363 6523 6523 6368 6367 
6524 6368 6523 6370 6525 6526 6369 6525 6370 
6520 6364 6370 6526 6520 6370 6368 6524 6527 
6371 6368 6527 6372 6371 6528 6371 6527 6528 
6528 6373 6372 6529 6373 6528 6375 6530 6531 
6374 6530 6375 6376 6375 6532 6375 6531 6532 
6525 6369 6376 6532 6525 6376 6373 6529 6533 
6377 6373 6533 6378 6377 6534 6377 6533 6534 
6534 6379 6378 6535 6379 6534 6381 6536 6537 
6380 6536 6381 6382 6381 6538 6381 6537 6538 
6530 6374 6382 6538 6530 6382 6379 6535 6539 
6383 6379 6539 6384 6383 6540 6383 6539 6540 
6385 6384 6541 6384 6540 6541 6386 6385 6542 
6385 6541 6542 6387 6386 6543 6386 6542 6543 
6388 6387 6544 6387 6543 6544 6389 6388 6545 
6388 6544 6545 6390 6389 6546 6389 6545 6546 
6391 6390 6547 6390 6546 6547 6392 6391 6548 
6391 6547 6548 6393 6392 6549 6392 6548 6549 
6394 6393 6550 6393 6549 6550 6395 6394 6551 
6394 6550 6551 6536 6380 6395 6551 6536 6395 
6396 6552 6553 6397 6396 6553 6398 6554 6396 
6396 6554 6552 6399 6555 6398 6398 6555 6554 
6400 6556 6399 6399 6556 6555 6401 6557 6400 
6400 6557 6556 6402 6558 6401 6401 6558 6557 
6403 6559 6402 6402 6559 6558 6404 6560 6403 
6403 6560 6559 6405 6561 6404 6404 6561 6560 
6406 6562 6405 6405 6562 6561 6407 6563 6406 
6406 6563 6562 6408 6564 6407 6407 6564 6563 
6409 6565 6408 6408 6565 6564 6565 6409 6410 
6566 6565 6410 6411 6567 6568 6412 6411 6568 
6413 6569 6411 6411 6569 6567 6553 6413 6397 
6569 6413 6553 6410 6570 6566 6414 6570 6410 
6415 6571 6414 6414 6571 6570 6571 6415 6416 
6572 6571 6416 6417 6573 6574 6418 6417 6574 
6419 6575 6417 6417 6575 6573 6568 6419 6412 
6575 6419 6568 6416 6576 6572 6420 6576 6416 
6421 6577 6420 6420 6577 6576 6577 6421 6422 
6578 6577 6422 6423 6579 6580 6424 6423 6580 
6574 6423 6418 6579 6423 6574 6422 6581 6578 
6425 6581 6422 6581 6425 6426 6582 6581 6426 
6427 6583 6584 6428 6427 6584 6429 6585 6427 
6427 6585 6583 6580 6429 6424 6585 6429 6580 
6426 6586 6582 6430 6586 6426 6431 6587 6430 
6430 6587 6586 6587 6431 6432 6588 6587 6432 
6433 6589 6590 6434 6433 6590 6584 6433 6428 
6589 6433 6584 6432 6591 6588 6435 6591 6432 
6591 6435 6436 6592 6591 6436 6437 6593 6594 
6438 6437 6594 6590 6437 6434 6593 6437 6590 
6436 6595 6592 6439 6595 6436 6595 6439 6440 
6596 6595 6440 6438 6594 6441 6594 6597 6441 
6440 6442 6596 6596 6442 6598 6443 6599 6600 
6444 6443 6600 6597 6443 6441 6599 6443 6597 
6442 6601 6598 6445 6601 6442 6601 6445 6446 
6602 6601 6446 6447 6603 6604 6448 6447 6604 
6600 6447 6444 6603 6447 6600 6446 6605 6602 
6449 6605 6446 6605 6449 6450 6606 6605 6450 
6448 6604 6451 6604 6607 6451 6450 6452 6606 
6606 6452 6608 6453 6609 6610 6454 6453 6610 
6607 6453 6451 6609 6453 6607 6452 6611 6608 
6455 6611 6452 6611 6455 6456 6612 6611 6456 
6454 6610 6457 6610 6613 6457 6456 6458 6612 
6612 6458 6614 6459 6615 6616 6460 6459 6616 
6613 6459 6457 6615 6459 6613 6458 6617 6614 
6461 6617 6458 6617 6461 6462 6618 6617 6462 
6460 6616 6463 6616 6619 6463 6462 6464 6618 
6618 6464 6620 6463 6619 6465 6619 6621 6465 
6464 6466 6620 6620 6466 6622 6465 6621 6467 
6621 6623 6467 6466 6468 6622 6622 6468 6624 
6467 6623 6469 6623 6625 6469 6468 6470 6624 
6624 6470 6626 6469 6625 6471 6625 6627 6471 
6470 6472 6626 6626 6472 6628 6471 6627 6473 
6627 6629 6473 6472 6474 6628 6628 6474 6630 
6473 6629 6475 6629 6631 6475 6474 6476 6630 
6630 6476 6632 6475 6631 6477 6631 6633 6477 
6476 6478 6632 6632 6478 6634 6477 6633 6479 
6633 6635 6479 6478 6480 6634 6634 6480 6636 
6479 6635 6481 6635 6637 6481 6480 6482 6636 
6636 6482 6638 6481 6637 6483 6637 6639 6483 
6482 6484 6638 6638 6484 6640 6483 6639 6485 
6639 6641 6485 6484 6486 6640 6640 6486 6642 
6485 6641 6643 6487 6485 6643 6643 6488 6487 
6644 6488 6643 6490 6645 6646 6489 6645 6490 
6642 6486 6490 6646 6642 6490 6488 6644 6491 
6644 6647 6491 6489 6492 6645 6645 6492 6648 
6491 6647 6649 6493 6491 6649 6649 6494 6493 
6650 6494 6649 6496 6651 6652 6495 6651 6496 
6648 6492 6496 6652 6648 6496 6494 6650 6497 
6650 6653 6497 6495 6498 6651 6651 6498 6654 
6497 6653 6655 6499 6497 6655 6655 6500 6499 
6656 6500 6655 6502 6657 6658 6501 6657 6502 
6654 6498 6502 6658 6654 6502 6500 6656 6659 
6503 6500 6659 6659 6504 6503 6660 6504 6659 
6506 6661 6662 6505 6661 6506 6657 6501 6506 
6662 6657 6506 6504 6660 6507 6660 6663 6507 
6505 6508 6661 6661 6508 6664 6507 6663 6665 
6509 6507 6665 6665 6510 6509 6666 6510 6665 
6512 6667 6668 6511 6667 6512 6664 6508 6512 
6668 6664 6512 6510 6666 6669 6513 6510 6669 
6669 6514 6513 6670 6514 6669 6516 6671 6672 
6515 6671 6516 6667 6511 6516 6672 6667 6516 
6514 6670 6673 6517 6514 6673 6518 6517 6674 
6517 6673 6674 6674 6519 6518 6675 6519 6674 
6521 6676 6677 6520 6676 6521 6522 6521 6678 
6521 6677 6678 6671 6515 6522 6678 6671 6522 
6519 6675 6679 6523 6519 6679 6679 6524 6523 
6680 6524 6679 6526 6681 6682 6525 6681 6526 
6676 6520 6526 6682 6676 6526 6524 6680 6683 
6527 6524 6683 6528 6527 6684 6527 6683 6684 
6684 6529 6528 6685 6529 6684 6531 6686 6687 
6530 6686 6531 6532 6531 6688 6531 6687 6688 
6681 6525 6532 6688 6681 6532 6529 6685 6689 
6533 6529 6689 6534 6533 6690 6533 6689 6690 
6690 6535 6534 6691 6535 6690 6537 6692 6693 
6536 6692 6537 6538 6537 6694 6537 6693 6694 
6686 6530 6538 6694 6686 6538 6535 6691 6695 
6539 6535 6695 6540 6539 6696 6539 6695 6696 
6541 6540 6697 6540 6696 6697 6542 6541 6698 
6541 6697 6698 6543 6542 6699 6542 6698 6699 
6544 6543 6700 6543 6699 6700 6545 6544 6701 
6544 6700 6701 6546 6545 6702 6545 6701 6702 
6547 6546 6703 6546 6702 6703 6548 6547 6704 
6547 6703 6704 6549 6548 6705 6548 6704 6705 
6550 6549 6706 6549 6705 6706 6551 6550 6707 
6550 6706 6707 6692 6536 6551 6707 6692 6551 
6552 6708 6709 6553 6552 6709 6554 6710 6552 
6552 6710 6708 6555 6711 6554 6554 6711 6710 
6556 6712 6555 6555 6712 6711 6557 6713 6556 
6556 6713 6712 6558 6714 6557 6557 6714 6713 
6559 6715 6558 6558 6715 6714 6560 6716 6559 
6559 6716 6715 6561 6717 6560 6560 6717 6716 
6562 6718 6561 6561 6718 6717 6563 6719 6562 
6562 6719 6718 6564 6720 6563 6563 6720 6719 
6565 6721 6564 6564 6721 6720 6721 6565 6566 
6722 6721 6566 6567 6723 6724 6568 6567 6724 
6569 6725 6567 6567 6725 6723 6709 6569 6553 
6725 6569 6709 6566 6726 6722 6570 6726 6566 
6571 6727 6570 6570 6727 6726 6727 6571 6572 
6728 6727 6572 6573 6729 6730 6574 6573 6730 
6575 6731 6573 6573 6731 6729 6724 6575 6568 
6731 6575 6724 6572 6732 6728 6576 6732 6572 
6577 6733 6576 6576 6733 6732 6733 6577 6578 
6734 6733 6578 6579 6735 6736 6580 6579 6736 
6730 6579 6574 6735 6579 6730 6578 6737 6734 
6581 6737 6578 6737 6581 6582 6738 6737 6582 
6583 6739 6740 6584 6583 6740 6585 6741 6583 
6583 6741 6739 6736 6585 6580 6741 6585 6736 
6582 6742 6738 6586 6742 6582 6587 6743 6586 
6586 6743 6742 6743 6587 6588 6744 6743 6588 
6589 6745 6746 6590 6589 6746 6740 6589 6584 
6745 6589 6740 6588 6747 6744 6591 6747 6588 
6747 6591 6592 6748 6747 6592 6593 6749 6750 
6594 6593 6750 6746 6593 6590 6749 6593 6746 
6592 6751 6748 6595 6751 6592 6751 6595 6596 
6752 6751 6596 6594 6750 6597 6750 6753 6597 
6596 6598 6752 6752 6598 6754 6599 6755 6756 
6600 6599 6756 6753 6599 6597 6755 6599 6753 
6598 6757 6754 6601 6757 6598 6757 6601 6602 
6758 6757 6602 6603 6759 6760 6604 6603 6760 
6756 6603 6600 6759 6603 6756 6602 6761 6758 
6605 6761 6602 6761 6605 6606 6762 6761 6606 
6604 6760 6607 6760 6763 6607 6606 6608 6762 
6762 6608 6764 6609 6765 6766 6610 6609 6766 
6763 6609 6607 6765 6609 6763 6608 6767 6764 
6611 6767 6608 6767 6611 6612 6768 6767 6612 
6610 6766 6613 6766 6769 6613 6612 6614 6768 
6768 6614 6770 6615 6771 6772 6616 6615 6772 
6769 6615 6613 6771 6615 6769 6614 6773 6770 
6617 6773 6614 6773 6617 6618 6774 6773 6618 
6616 6772 6619 6772 6775 6619 6618 6620 6774 
6774 6620 6776 6619 6775 6621 6775 6777 6621 
6620 6622 6776 6776 6622 6778 6621 6777 6623 
6777 6779 6623 6622 6624 6778 6778 6624 6780 
6623 6779 6625 6779 6781 6625 6624 6626 6780 
6780 6626 6782 6625 6781 6627 6781 6783 6627 
6626 6628 6782 6782 6628 6784 6627 6783 6629 
6783 6785 6629 6628 6630 6784 6784 6630 6786 
6629 6785 6631 6785 6787 6631 6630 6632 6786 
6786 6632 6788 6631 6787 6633 6787 6789 6633 
6632 6634 6788 6788 6634 6790 6633 6789 6635 
6789 6791 6635 6634 6636 6790 6790 6636 6792 
6635 6791 6637 6791 6793 6637 6636 6638 6792 
6792 6638 6794 6637 6793 6639 6793 6795 6639 
6638 6640 6794 6794 6640 6796 6639 6795 6641 
6795 6797 6641 6640 6642 6796 6796 6642 6798 
6641 6797 6799 6643 6641 6799 6799 6644 6643 
6800 6644 6799 6646 6801 6802 6645 6801 6646 
6798 6642 6646 6802 6798 6646 6644 6800 6647 
6800 6803 6647 6645 6648 6801 6801 6648 6804 
6647 6803 6805 6649 6647 6805 6805 6650 6649 
6806 6650 6805 6652 6807 6808 6651 6807 6652 
6804 6648 6652 6808 6804 6652 6650 6806 6653 
6806 6809 6653 6651 6654 6807 6807 6654 6810 
6653 6809 6811 6655 6653 6811 6811 6656 6655 
6812 6656 6811 6658 6813 6814 6657 6813 6658 
6810 6654 6658 6814 6810 6658 6656 6812 6815 
6659 6656 6815 6815 6660 6659 6816 6660 6815 
6662 6817 6818 6661 6817 6662 6813 6657 6662 
6818 6813 6662 6660 6816 6663 6816 6819 6663 
6661 6664 6817 6817 6664 6820 6663 6819 6821 
6665 6663 6821 6821 6666 6665 6822 6666 6821 
6668 6823 6824 6667 6823 6668 6820 6664 6668 
6824 6820 6668 6666 6822 6825 6669 6666 6825 
6825 6670 6669 6826 6670 6825 6672 6827 6828 
6671 6827 6672 6823 6667 6672 6828 6823 6672 
6670 6826 6829 6673 6670 6829 6674 6673 6830 
6673 6829 6830 6830 6675 6674 6831 6675 6830 
6677 6832 6833 6676 6832 6677 6678 6677 6834 
6677 6833 6834 6827 6671 6678 6834 6827 6678 
6675 6831 6835 6679 6675 6835 6835 6680 6679 
6836 6680 6835 6682 6837 6838 6681 6837 6682 
6832 6676 6682 6838 6832 6682 6680 6836 6839 
6683 6680 6839 6684 6683 6840 6683 6839 6840 
6840 6685 6684 6841 6685 6840 6687 6842 6843 
6686 6842 6687 6688 6687 6844 6687 6843 6844 
6837 6681 6688 6844 6837 6688 6685 6841 6845 
6689 6685 6845 6690 6689 6846 6689 6845 6846 
6846 6691 6690 6847 6691 6846 6693 6848 6849 
6692 6848 6693 6694 6693 6850 6693 6849 6850 
6842 6686 6694 6850 6842 6694 6691 6847 6851 
6695 6691 6851 6696 6695 6852 6695 6851 6852 
6697 6696 6853 6696 6852 6853 6698 6697 6854 
6697 6853 6854 6699 6698 6855 6698 6854 6855 
6700 6699 6856 6699 6855 6856 6701 6700 6857 
6700 6856 6857 6702 6701 6858 6701 6857 6858 
6703 6702 6859 6702 6858 6859 6704 6703 6860 
6703 6859 6860 6705 6704 6861 6704 6860 6861 
6706 6705 6862 6705 6861 6862 6707 6706 6863 
6706 6862 6863 6848 6692 6707 6863 6848 6707 
6708 6864 6865 6709 6708 6865 6710 6866 6708 
6708 6866 6864 6711 6867 6710 6710 6867 6866 
6712 6868 6711 6711 6868 6867 6713 6869 6712 
6712 6869 6868 6714 6870 6713 6713 6870 6869 
6715 6871 6714 6714 6871 6870 6716 6872 6715 
6715 6872 6871 6717 6873 6716 6716 6873 6872 
6718 6874 6717 6717 6874 6873 6719 6875 6718 
6718 6875 6874 6720 6876 6719 6719 6876 6875 
6721 6877 6720 6720 6877 6876 6877 6721 6722 
6878 6877 6722 6723 6879 6880 6724 6723 6880 
6725 6881 6723 6723 6881 6879 6865 6725 6709 
6881 6725 6865 6722 6882 6878 6726 6882 6722 
6727 6883 6726 6726 6883 6882 6883 6727 6728 
6884 6883 6728 6729 6885 6886 6730 6729 6886 
6731 6887 6729 6729 6887 6885 6880 6731 6724 
6887 6731 6880 6728 6888 6884 6732 6888 6728 
6733 6889 6732 6732 6889 6888 6889 6733 6734 
6890 6889 6734 6735 6891 6892 6736 6735 6892 
6886 6735 6730 6891 6735 6886 6734 6893 6890 
6737 6893 6734 6893 6737 6738 6894 6893 6738 
6739 6895 6896 6740 6739 6896 6741 6897 6739 
6739 6897 6895 6892 6741 6736 6897 6741 6892 
6738 6898 6894 6742 6898 6738 6743 6899 6742 
6742 6899 6898 6899 6743 6744 6900 6899 6744 
6745 6901 6902 6746 6745 6902 6896 6745 6740 
6901 6745 6896 6744 6903 6900 6747 6903 6744 
6903 6747 6748 6904 6903 6748 6749 6905 6906 
6750 6749 6906 6902 6749 6746 6905 6749 6902 
6748 6907 6904 6751 6907 6748 6907 6751 6752 
6908 6907 6752 6750 6906 6753 6906 6909 6753 
6752 6754 6908 6908 6754 6910 6755 6911 6912 
6756 6755 6912 6909 6755 6753 6911 6755 6909 
6754 6913 6910 6757 6913 6754 6913 6757 6758 
6914 6913 6758 6759 6915 6916 6760 6759 6916 
6912 6759 6756 6915 6759 6912 6758 6917 6914 
6761 6917 6758 6917 6761 6762 6918 6917 6762 
6760 6916 6763 6916 6919 6763 6762 6764 6918 
6918 6764 6920 6765 6921 6922 6766 6765 6922 
6919 6765 6763 6921 6765 6919 6764 6923 6920 
6767 6923 6764 6923 6767 6768 6924 6923 6768 
6766 6922 6769 6922 6925 6769 6768 6770 6924 
6924 6770 6926 6771 6927 6928 6772 6771 6928 
6925 6771 6769 6927 6771 6925 6770 6929 6926 
6773 6929 6770 6929 6773 6774 6930 6929 6774 
6772 6928 6775 6928 6931 6775 6774 6776 6930 
6930 6776 6932 6775 6931 6777 6931 6933 6777 
6776 6778 6932 6932 6778 6934 6777 6933 6779 
6933 6935 6779 6778 6780 6934 6934 6780 6936 
6779 6935 6781 6935 6937 6781 6780 6782 6936 
6936 6782 6938 6781 6937 6783 6937 6939 6783 
6782 6784 6938 6938 6784 6940 6783 6939 6785 
6939 6941 6785 6784 6786 6940 6940 6786 6942 
6785 6941 6787 6941 6943 6787 6786 6788 6942 
6942 6788 6944 6787 6943 6789 6943 6945 6789 
6788 6790 6944 6944 6790 6946 6789 6945 6791 
6945 6947 6791 6790 6792 6946 6946 6792 6948 
6791 6947 6793 6947 6949 6793 6792 6794 6948 
6948 6794 6950 6793 6949 6795 6949 6951 6795 
6794 6796 6950 6950 6796 6952 6795 6951 6797 
6951 6953 6797 6796 6798 6952 6952 6798 6954 
6797 6953 6955 6799 6797 6955 6955 6800 6799 
6956 6800 6955 6802 6957 6958 6801 6957 6802 
6954 6798 6802 6958 6954 6802 6800 6956 6803 
6956 6959 6803 6801 6804 6957 6957 6804 6960 
6803 6959 6961 6805 6803 6961 6961 6806 6805 
6962 6806 6961 6808 6963 6964 6807 6963 6808 
6960 6804 6808 6964 6960 6808 6806 6962 6809 
6962 6965 6809 6807 6810 6963 6963 6810 6966 
6809 6965 6967 6811 6809 6967 6967 6812 6811 
6968 6812 6967 6814 6969 6970 6813 6969 6814 
6966 6810 6814 6970 6966 6814 6812 6968 6971 
6815 6812 6971 6971 6816 6815 6972 6816 6971 
6818 6973 6974 6817 6973 6818 6969 6813 6818 
6974 6969 6818 6816 6972 6819 6972 6975 6819 
6817 6820 6973 6973 6820 6976 6819 6975 6977 
6821 6819 6977 6977 6822 6821 6978 6822 6977 
6824 6979 6980 6823 6979 6824 6976 6820 6824 
6980 6976 6824 6822 6978 6981 6825 6822 6981 
6981 6826 6825 6982 6826 6981 6828 6983 6984 
6827 6983 6828 6979 6823 6828 6984 6979 6828 
6826 6982 6985 6829 6826 6985 6830 6829 6986 
6829 6985 6986 6986 6831 6830 6987 6831 6986 
6833 6988 6989 6832 6988 6833 6834 6833 6990 
6833 6989 6990 6983 6827 6834 6990 6983 6834 
6831 6987 6991 6835 6831 6991 6991 6836 6835 
6992 6836 6991 6838 6993 6994 6837 6993 6838 
6988 6832 6838 6994 6988 6838 6836 6992 6995 
6839 6836 6995 6840 6839 6996 6839 6995 6996 
6996 6841 6840 6997 6841 6996 6843 6998 6999 
6842 6998 6843 6844 6843 7000 6843 6999 7000 
6993 6837 6844 7000 6993 6844 6841 6997 7001 
6845 6841 7001 6846 6845 7002 6845 7001 7002 
7002 6847 6846 7003 6847 7002 6849 7004 7005 
6848 7004 6849 6850 6849 7006 6849 7005 7006 
6998 6842 6850 7006 6998 6850 6847 7003 7007 
6851 6847 7007 6852 6851 7008 6851 7007 7008 
6853 6852 7009 6852 7008 7009 6854 6853 7010 
6853 7009 7010 6855 6854 7011 6854 7010 7011 
6856 6855 7012 6855 7011 7012 6857 6856 7013 
6856 7012 7013 6858 6857 7014 6857 7013 7014 
6859 6858 7015 6858 7014 7015 6860 6859 7016 
6859 7015 7016 6861 6860 7017 6860 7016 7017 
6862 6861 7018 6861 7017 7018 6863 6862 7019 
6862 7018 7019 7004 6848 6863 7019 7004 6863 
6864 7020 7021 6865 6864 7021 6866 7022 6864 
6864 7022 7020 6867 7023 6866 6866 7023 7022 
6868 7024 6867 6867 7024 7023 6869 7025 6868 
6868 7025 7024 6870 7026 6869 6869 7026 7025 
6871 7027 6870 6870 7027 7026 6872 7028 6871 
6871 7028 7027 6873 7029 6872 6872 7029 7028 
6874 7030 6873 6873 7030 7029 6875 7031 6874 
6874 7031 7030 6876 7032 6875 6875 7032 7031 
6877 7033 6876 6876 7033 7032 7033 6877 6878 
7034 7033 6878 6879 7035 7036 6880 6879 7036 
6881 7037 6879 6879 7037 7035 7021 6881 6865 
7037 6881 7021 6878 7038 7034 6882 7038 6878 
6883 7039 6882 6882 7039 7038 7039 6883 6884 
7040 7039 6884 6885 7041 7042 6886 6885 7042 
6887 7043 6885 6885 7043 7041 7036 6887 6880 
7043 6887 7036 6884 7044 7040 6888 7044 6884 
6889 7045 6888 6888 7045 7044 7045 6889 6890 
7046 7045 6890 6891 7047 7048 6892 6891 7048 
7042 6891 6886 7047 6891 7042 6890 7049 7046 
6893 7049 6890 7049 6893 6894 7050 7049 6894 
6895 7051 7052 6896 6895 7052 6897 7053 6895 
6895 7053 7051 7048 6897 6892 7053 6897 7048 
6894 7054 7050 6898 7054 6894 6899 7055 6898 
6898 7055 7054 7055 6899 6900 7056 7055 6900 
6901 7057 7058 6902 6901 7058 7052 6901 6896 
7057 6901 7052 6900 7059 7056 6903 7059 6900 
7059 6903 6904 7060 7059 6904 6905 7061 7062 
6906 6905 7062 7058 6905 6902 7061 6905 7058 
6904 7063 7060 6907 7063 6904 7063 6907 6908 
7064 7063 6908 6906 7062 6909 7062 7065 6909 
6908 6910 7064 7064 6910 7066 6911 7067 7068 
6912 6911 7068 7065 6911 6909 7067 6911 7065 
6910 7069 7066 6913 7069 6910 7069 6913 6914 
7070 7069 6914 6915 7071 7072 6916 6915 7072 
7068 6915 6912 7071 6915 7068 6914 7073 7070 
6917 7073 6914 7073 6917 6918 7074 7073 6918 
6916 7072 6919 7072 7075 6919 6918 6920 7074 
7074 6920 7076 6921 7077 7078 6922 6921 7078 
7075 6921 6919 7077 6921 7075 6920 7079 7076 
6923 7079 6920 7079 6923 6924 7080 7079 6924 
6922 7078 6925 7078 7081 6925 6924 6926 7080 
7080 6926 7082 6927 7083 7084 6928 6927 7084 
7081 6927 6925 7083 6927 7081 6926 7085 7082 
6929 7085 6926 7085 6929 6930 7086 7085 6930 
6928 7084 6931 7084 7087 6931 6930 6932 7086 
7086 6932 7088 6931 7087 6933 7087 7089 6933 
6932 6934 7088 7088 6934 7090 6933 7089 6935 
7089 7091 6935 6934 6936 7090 7090 6936 7092 
6935 7091 6937 7091 7093 6937 6936 6938 7092 
7092 6938 7094 6937 7093 6939 7093 7095 6939 
6938 6940 7094 7094 6940 7096 6939 7095 6941 
7095 7097 6941 6940 6942 7096 7096 6942 7098 
6941 7097 6943 7097 7099 6943 6942 6944 7098 
7098 6944 7100 6943 7099 6945 7099 7101 6945 
6944 6946 7100 7100 6946 7102 6945 7101 6947 
7101 7103 6947 6946 6948 7102 7102 6948 7104 
6947 7103 6949 7103 7105 6949 6948 6950 7104 
7104 6950 7106 6949 7105 6951 7105 7107 6951 
6950 6952 7106 7106 6952 7108 6951 7107 6953 
7107 7109 6953 6952 6954 7108 7108 6954 7110 
6953 7109 7111 6955 6953 7111 7111 6956 6955 
7112 6956 7111 6958 7113 7114 6957 7113 6958 
7110 6954 6958 7114 7110 6958 6956 7112 6959 
7112 7115 6959 6957 6960 7113 7113 6960 7116 
6959 7115 7117 6961 6959 7117 7117 6962 6961 
7118 6962 7117 6964 7119 7120 6963 7119 6964 
7116 6960 6964 7120 7116 6964 6962 7118 6965 
7118 7121 6965 6963 6966 7119 7119 6966 7122 
6965 7121 7123 6967 6965 7123 7123 6968 6967 
7124 6968 7123 6970 7125 7126 6969 7125 6970 
7122 6966 6970 7126 7122 6970 6968 7124 7127 
6971 6968 7127 7127 6972 6971 7128 6972 7127 
6974 7129 7130 6973 7129 6974 7125 6969 6974 
7130 7125 6974 6972 7128 6975 7128 7131 6975 
6973 6976 7129 7129 6976 7132 6975 7131 7133 
6977 6975 7133 7133 6978 6977 7134 6978 7133 
6980 7135 7136 6979 7135 6980 7132 6976 6980 
7136 7132 6980 6978 7134 7137 6981 6978 7137 
7137 6982 6981 7138 6982 7137 6984 7139 7140 
6983 7139 6984 7135 6979 6984 7140 7135 6984 
6982 7138 7141 6985 6982 7141 6986 6985 7142 
6985 7141 7142 7142 6987 6986 7143 6987 7142 
6989 7144 7145 6988 7144 6989 6990 6989 7146 
6989 7145 7146 7139 6983 6990 7146 7139 6990 
6987 7143 7147 6991 6987 7147 7147 6992 6991 
7148 6992 7147 6994 7149 7150 6993 7149 6994 
7144 6988 6994 7150 7144 6994 6992 7148 7151 
6995 6992 7151 6996 6995 7152 6995 7151 7152 
7152 6997 6996 7153 6997 7152 6999 7154 7155 
6998 7154 6999 7000 6999 7156 6999 7155 7156 
7149 6993 7000 7156 7149 7000 6997 7153 7157 
7001 6997 7157 7002 7001 7158 7001 7157 7158 
7158 7003 7002 7159 7003 7158 7005 7160 7161 
7004 7160 7005 7006 7005 7162 7005 7161 7162 
7154 6998 7006 7162 7154 7006 7003 7159 7163 
7007 7003 7163 7008 7007 7164 7007 7163 7164 
7009 7008 7165 7008 7164 7165 7010 7009 7166 
7009 7165 7166 7011 7010 7167 7010 7166 7167 
7012 7011 7168 7011 7167 7168 7013 7012 7169 
7012 7168 7169 7014 7013 7170 7013 7169 7170 
7015 7014 7171 7014 7170 7171 7016 7015 7172 
7015 7171 7172 7017 7016 7173 7016 7172 7173 
7018 7017 7174 7017 7173 7174 7019 7018 7175 
7018 7174 7175 7160 7004 7019 7175 7160 7019 
7020 7176 7177 7021 7020 7177 7022 7178 7020 
7020 7178 7176 7023 7179 7022 7022 7179 7178 
7024 7180 7023 7023 7180 7179 7025 7181 7024 
7024 7181 7180 7026 7182 7025 7025 7182 7181 
7027 7183 7026 7026 7183 7182 7028 7184 7027 
7027 7184 7183 7029 7185 7028 7028 7185 7184 
7030 7186 7029 7029 7186 7185 7031 7187 7030 
7030 7187 7186 7032 7188 7031 7031 7188 7187 
7033 7189 7032 7032 7189 7188 7189 7033 7034 
7190 7189 7034 7035 7191 7192 7036 7035 7192 
7037 7193 7035 7035 7193 7191 7177 7037 7021 
7193 7037 7177 7034 7194 7190 7038 7194 7034 
7039 7195 7038 7038 7195 7194 7195 7039 7040 
7196 7195 7040 7041 7197 7198 7042 7041 7198 
7043 7199 7041 7041 7199 7197 7192 7043 7036 
7199 7043 7192 7040 7200 7196 7044 7200 7040 
7045 7201 7044 7044 7201 7200 7201 7045 7046 
7202 7201 7046 7047 7203 7204 7048 7047 7204 
7198 7047 7042 7203 7047 7198 7046 7205 7202 
7049 7205 7046 7205 7049 7050 7206 7205 7050 
7051 7207 7208 7052 7051 7208 7053 7209 7051 
7051 7209 7207 7204 7053 7048 7209 7053 7204 
7050 7210 7206 7054 7210 7050 7055 7211 7054 
7054 7211 7210 7211 7055 7056 7212 7211 7056 
7057 7213 7214 7058 7057 7214 7208 7057 7052 
7213 7057 7208 7056 7215 7212 7059 7215 7056 
7215 7059 7060 7216 7215 7060 7061 7217 7218 
7062 7061 7218 7214 7061 7058 7217 7061 7214 
7060 7219 7216 7063 7219 7060 7219 7063 7064 
7220 7219 7064 7062 7218 7065 7218 7221 7065 
7064 7066 7220 7220 7066 7222 7067 7223 7224 
7068 7067 7224 7221 7067 7065 7223 7067 7221 
7066 7225 7222 7069 7225 7066 7225 7069 7070 
7226 7225 7070 7071 7227 7228 7072 7071 7228 
7224 7071 7068 7227 7071 7224 7070 7229 7226 
7073 7229 7070 7229 7073 7074 7230 7229 7074 
7072 7228 7075 7228 7231 7075 7074 7076 7230 
7230 7076 7232 7077 7233 7234 7078 7077 7234 
7231 7077 7075 7233 7077 7231 7076 7235 7232 
7079 7235 7076 7235 7079 7080 7236 7235 7080 
7078 7234 7081 7234 7237 7081 7080 7082 7236 
7236 7082 7238 7083 7239 7240 7084 7083 7240 
7237 7083 7081 7239 7083 7237 7082 7241 7238 
7085 7241 7082 7241 7085 7086 7242 7241 7086 
7084 7240 7087 7240 7243 7087 7086 7088 7242 
7242 7088 7244 7087 7243 7089 7243 7245 7089 
7088 7090 7244 7244 7090 7246 7089 7245 7091 
7245 7247 7091 7090 7092 7246 7246 7092 7248 
7091 7247 7093 7247 7249 7093 7092 7094 7248 
7248 7094 7250 7093 7249 7095 7249 7251 7095 
7094 7096 7250 7250 7096 7252 7095 7251 7097 
7251 7253 7097 7096 7098 7252 7252 7098 7254 
7097 7253 7099 7253 7255 7099 7098 7100 7254 
7254 7100 7256 7099 7255 7101 7255 7257 7101 
7100 7102 7256 7256 7102 7258 7101 7257 7103 
7257 7259 7103 7102 7104 7258 7258 7104 7260 
7103 7259 7105 7259 7261 7105 7104 7106 7260 
7260 7106 7262 7105 7261 7107 7261 7263 7107 
7106 7108 7262 7262 7108 7264 7107 7263 7109 
7263 7265 7109 7108 7110 7264 7264 7110 7266 
7109 7265 7267 7111 7109 7267 7267 7112 7111 
7268 7112 7267 7114 7269 7270 7113 7269 7114 
7266 7110 7114 7270 7266 7114 7112 7268 7115 
7268 7271 7115 7113 7116 7269 7269 7116 7272 
7115 7271 7273 7117 7115 7273 7273 7118 7117 
7274 7118 7273 7120 7275 7276 7119 7275 7120 
7272 7116 7120 7276 7272 7120 7118 7274 7121 
7274 7277 7121 7119 7122 7275 7275 7122 7278 
7121 7277 7279 7123 7121 7279 7279 7124 7123 
7280 7124 7279 7126 7281 7282 7125 7281 7126 
7278 7122 7126 7282 7278 7126 7124 7280 7283 
7127 7124 7283 7283 7128 7127 7284 7128 7283 
7130 7285 7286 7129 7285 7130 7281 7125 7130 
7286 7281 7130 7128 7284 7131 7284 7287 7131 
7129 7132 7285 7285 7132 7288 7131 7287 7289 
7133 7131 7289 7289 7134 7133 7290 7134 7289 
7136 7291 7292 7135 7291 7136 7288 7132 7136 
7292 7288 7136 7134 7290 7293 7137 7134 7293 
7293 7138 7137 7294 7138 7293 7140 7295 7296 
7139 7295 7140 7291 7135 7140 7296 7291 7140 
7138 7294 7297 7141 7138 7297 7142 7141 7298 
7141 7297 7298 7298 7143 7142 7299 7143 7298 
7145 7300 7301 7144 7300 7145 7146 7145 7302 
7145 7301 7302 7295 7139 7146 7302 7295 7146 
7143 7299 7303 7147 7143 7303 7303 7148 7147 
7304 7148 7303 7150 7305 7306 7149 7305 7150 
7300 7144 7150 7306 7300 7150 7148 7304 7307 
7151 7148 7307 7152 7151 7308 7151 7307 7308 
7308 7153 7152 7309 7153 7308 7155 7310 7311 
7154 7310 7155 7156 7155 7312 7155 7311 7312 
7305 7149 7156 7312 7305 7156 7153 7309 7313 
7157 7153 7313 7158 7157 7314 7157 7313 7314 
7314 7159 7158 7315 7159 7314 7161 7316 7317 
7160 7316 7161 7162 7161 7318 7161 7317 7318 
7310 7154 7162 7318 7310 7162 7159 7315 7319 
7163 7159 7319 7164 7163 7320 7163 7319 7320 
7165 7164 7321 7164 7320 7321 7166 7165 7322 
7165 7321 7322 7167 7166 7323 7166 7322 7323 
7168 7167 7324 7167 7323 7324 7169 7168 7325 
7168 7324 7325 7170 7169 7326 7169 7325 7326 
7171 7170 7327 7170 7326 7327 7172 7171 7328 
7171 7327 7328 7173 7172 7329 7172 7328 7329 
7174 7173 7330 7173 7329 7330 7175 7174 7331 
7174 7330 7331 7316 7160 7175 7331 7316 7175 
7176 7332 7333 7177 7176 7333 7178 7334 7176 
7176 7334 7332 7179 7335 7178 7178 7335 7334 
7180 7336 7179 7179 7336 7335 7181 7337 7180 
7180 7337 7336 7182 7338 7181 7181 7338 7337 
7183 7339 7182 7182 7339 7338 7184 7340 7183 
7183 7340 7339 7185 7341 7184 7184 7341 7340 
7186 7342 7185 7185 7342 7341 7187 7343 7186 
7186 7343 7342 7188 7344 7187 7187 7344 7343 
7189 7345 7188 7188 7345 7344 7345 7189 7190 
7346 7345 7190 7191 7347 7348 7192 7191 7348 
7193 7349 7191 7191 7349 7347 7333 7193 7177 
7349 7193 7333 7190 7350 7346 7194 7350 7190 
7195 7351 7194 7194 7351 7350 7351 7195 7196 
7352 7351 7196 7197 7353 7354 7198 7197 7354 
7199 7355 7197 7197 7355 7353 7348 7199 7192 
7355 7199 7348 7196 7356 7352 7200 7356 7196 
7201 7357 7200 7200 7357 7356 7357 7201 7202 
7358 7357 7202 7203 7359 7360 7204 7203 7360 
7354 7203 7198 7359 7203 7354 7202 7361 7358 
7205 7361 7202 7361 7205 7206 7362 7361 7206 
7207 7363 7364 7208 7207 7364 7209 7365 7207 
7207 7365 7363 7360 7209 7204 7365 7209 7360 
7206 7366 7362 7210 7366 7206 7211 7367 7210 
7210 7367 7366 7367 7211 7212 7368 7367 7212 
7213 7369 7370 7214 7213 7370 7364 7213 7208 
7369 7213 7364 7212 7371 7368 7215 7371 7212 
7371 7215 7216 7372 7371 7216 7217 7373 7374 
7218 7217 7374 7370 7217 7214 7373 7217 7370 
7216 7375 7372 7219 7375 7216 7375 7219 7220 
7376 7375 7220 7218 7374 7221 7374 7377 7221 
7220 7222 7376 7376 7222 7378 7223 7379 7380 
7224 7223 7380 7377 7223 7221 7379 7223 7377 
7222 7381 7378 7225 7381 7222 7381 7225 7226 
7382 7381 7226 7227 7383 7384 7228 7227 7384 
7380 7227 7224 7383 7227 7380 7226 7385 7382 
7229 7385 7226 7385 7229 7230 7386 7385 7230 
7228 7384 7231 7384 7387 7231 7230 7232 7386 
7386 7232 7388 7233 7389 7390 7234 7233 7390 
7387 7233 7231 7389 7233 7387 7232 7391 7388 
7235 7391 7232 7391 7235 7236 7392 7391 7236 
7234 7390 7237 7390 7393 7237 7236 7238 7392 
7392 7238 7394 7239 7395 7396 7240 7239 7396 
7393 7239 7237 7395 7239 7393 7238 7397 7394 
7241 7397 7238 7397 7241 7242 7398 7397 7242 
7240 7396 7243 7396 7399 7243 7242 7244 7398 
7398 7244 7400 7243 7399 7245 7399 7401 7245 
7244 7246 7400 7400 7246 7402 7245 7401 7247 
7401 7403 7247 7246 7248 7402 7402 7248 7404 
7247 7403 7249 7403 7405 7249 7248 7250 7404 
7404 7250 7406 7249 7405 7251 7405 7407 7251 
7250 7252 7406 7406 7252 7408 7251 7407 7253 
7407 7409 7253 7252 7254 7408 7408 7254 7410 
7253 7409 7255 7409 7411 7255 7254 7256 7410 
7410 7256 7412 7255 7411 7257 7411 7413 7257 
7256 7258 7412 7412 7258 7414 7257 7413 7259 
7413 7415 7259 7258 7260 7414 7414 7260 7416 
7259 7415 7261 7415 7417 7261 7260 7262 7416 
7416 7262 7418 7261 7417 7263 7417 7419 7263 
7262 7264 7418 7418 7264 7420 7263 7419 7265 
7419 7421 7265 7264 7266 7420 7420 7266 7422 
7265 7421 7423 7267 7265 7423 7423 7268 7267 
7424 7268 7423 7270 7425 7426 7269 7425 7270 
7422 7266 7270 7426 7422 7270 7268 7424 7271 
7424 7427 7271 7269 7272 7425 7425 7272 7428 
7271 7427 7429 7273 7271 7429 7429 7274 7273 
7430 7274 7429 7276 7431 7432 7275 7431 7276 
7428 7272 7276 7432 7428 7276 7274 7430 7277 
7430 7433 7277 7275 7278 7431 7431 7278 7434 
7277 7433 7435 7279 7277 7435 7435 7280 7279 
7436 7280 7435 7282 7437 7438 7281 7437 7282 
7434 7278 7282 7438 7434 7282 7280 7436 7439 
7283 7280 7439 7439 7284 7283 7440 7284 7439 
7286 7441 7442 7285 7441 7286 7437 7281 7286 
7442 7437 7286 7284 7440 7287 7440 7443 7287 
7285 7288 7441 7441 7288 7444 7287 7443 7445 
7289 7287 7445 7445 7290 7289 7446 7290 7445 
7292 7447 7448 7291 7447 7292 7444 7288 7292 
7448 7444 7292 7290 7446 7449 7293 7290 7449 
7449 7294 7293 7450 7294 7449 7296 7451 7452 
7295 7451 7296 7447 7291 7296 7452 7447 7296 
7294 7450 7453 7297 7294 7453 7298 7297 7454 
7297 7453 7454 7454 7299 7298 7455 7299 7454 
7301 7456 7457 7300 7456 7301 7302 7301 7458 
7301 7457 7458 7451 7295 7302 7458 7451 7302 
7299 7455 7459 7303 7299 7459 7459 7304 7303 
7460 7304 7459 7306 7461 7462 7305 7461 7306 
7456 7300 7306 7462 7456 7306 7304 7460 7463 
7307 7304 7463 7308 7307 7464 7307 7463 7464 
7464 7309 7308 7465 7309 7464 7311 7466 7467 
7310 7466 7311 7312 7311 7468 7311 7467 7468 
7461 7305 7312 7468 7461 7312 7309 7465 7469 
7313 7309 7469 7314 7313 7470 7313 7469 7470 
7470 7315 7314 7471 7315 7470 7317 7472 7473 
7316 7472 7317 7318 7317 7474 7317 7473 7474 
7466 7310 7318 7474 7466 7318 7315 7471 7475 
7319 7315 7475 7320 7319 7476 7319 7475 7476 
7321 7320 7477 7320 7476 7477 7322 7321 7478 
7321 7477 7478 7323 7322 7479 7322 7478 7479 
7324 7323 7480 7323 7479 7480 7325 7324 7481 
7324 7480 7481 7326 7325 7482 7325 7481 7482 
7327 7326 7483 7326 7482 7483 7328 7327 7484 
7327 7483 7484 7329 7328 7485 7328 7484 7485 
7330 7329 7486 7329 7485 7486 7331 7330 7487 
7330 7486 7487 7472 7316 7331 7487 7472 7331 
7332 7488 7489 7333 7332 7489 7334 7490 7332 
7332 7490 7488 7335 7491 7334 7334 7491 7490 
7336 7492 7335 7335 7492 7491 7337 7493 7336 
7336 7493 7492 7338 7494 7337 7337 7494 7493 
7339 7495 7338 7338 7495 7494 7340 7496 7339 
7339 7496 7495 7341 7497 7340 7340 7497 7496 
7342 7498 7341 7341 7498 7497 7343 7499 7342 
7342 7499 7498 7344 7500 7343 7343 7500 7499 
7345 7501 7344 7344 7501 7500 7501 7345 7346 
7502 7501 7346 7347 7503 7504 7348 7347 7504 
7349 7505 7347 7347 7505 7503 7489 7349 7333 
7505 7349 7489 7346 7506 7502 7350 7506 7346 
7351 7507 7350 7350 7507 7506 7507 7351 7352 
7508 7507 7352 7353 7509 7510 7354 7353 7510 
7355 7511 7353 7353 7511 7509 7504 7355 7348 
7511 7355 7504 7352 7512 7508 7356 7512 7352 
7357 7513 7356 7356 7513 7512 7513 7357 7358 
7514 7513 7358 7359 7515 7516 7360 7359 7516 
7510 7359 7354 7515 7359 7510 7358 7517 7514 
7361 7517 7358 7517 7361 7362 7518 7517 7362 
7363 7519 7520 7364 7363 7520 7365 7521 7363 
7363 7521 7519 7516 7365 7360 7521 7365 7516 
7362 7522 7518 7366 7522 7362 7367 7523 7366 
7366 7523 7522 7523 7367 7368 7524 7523 7368 
7369 7525 7526 7370 7369 7526 7520 7369 7364 
7525 7369 7520 7368 7527 7524 7371 7527 7368 
7527 7371 7372 7528 7527 7372 7373 7529 7530 
7374 7373 7530 7526 7373 7370 7529 7373 7526 
7372 7531 7528 7375 7531 7372 7531 7375 7376 
7532 7531 7376 7374 7530 7377 7530 7533 7377 
7376 7378 7532 7532 7378 7534 7379 7535 7536 
7380 7379 7536 7533 7379 7377 7535 7379 7533 
7378 7537 7534 7381 7537 7378 7537 7381 7382 
7538 7537 7382 7383 7539 7540 7384 7383 7540 
7536 7383 7380 7539 7383 7536 7382 7541 7538 
7385 7541 7382 7541 7385 7386 7542 7541 7386 
7384 7540 7387 7540 7543 7387 7386 7388 7542 
7542 7388 7544 7389 7545 7546 7390 7389 7546 
7543 7389 7387 7545 7389 7543 7388 7547 7544 
7391 7547 7388 7547 7391 7392 7548 7547 7392 
7390 7546 7393 7546 7549 7393 7392 7394 7548 
7548 7394 7550 7395 7551 7552 7396 7395 7552 
7549 7395 7393 7551 7395 7549 7394 7553 7550 
7397 7553 7394 7553 7397 7398 7554 7553 7398 
7396 7552 7399 7552 7555 7399 7398 7400 7554 
7554 7400 7556 7399 7555 7401 7555 7557 7401 
7400 7402 7556 7556 7402 7558 7401 7557 7403 
7557 7559 7403 7402 7404 7558 7558 7404 7560 
7403 7559 7405 7559 7561 7405 7404 7406 7560 
7560 7406 7562 7405 7561 7407 7561 7563 7407 
7406 7408 7562 7562 7408 7564 7407 7563 7409 
7563 7565 7409 7408 7410 7564 7564 7410 7566 
7409 7565 7411 7565 7567 7411 7410 7412 7566 
7566 7412 7568 7411 7567 7413 7567 7569 7413 
7412 7414 7568 7568 7414 7570 7413 7569 7415 
7569 7571 7415 7414 7416 7570 7570 7416 7572 
7415 7571 7417 7571 7573 7417 7416 7418 7572 
7572 7418 7574 7417 7573 7419 7573 7575 7419 
7418 7420 7574 7574 7420 7576 7419 7575 7421 
7575 7577 7421 7420 7422 7576 7576 7422 7578 
7421 7577 7579 7423 7421 7579 7579 7424 7423 
7580 7424 7579 7426 7581 7582 7425 7581 7426 
7578 7422 7426 7582 7578 7426 7424 7580 7427 
7580 7583 7427 7425 7428 7581 7581 7428 7584 
7427 7583 7585 7429 7427 7585 7585 7430 7429 
7586 7430 7585 7432 7587 7588 7431 7587 7432 
7584 7428 7432 7588 7584 7432 7430 7586 7433 
7586 7589 7433 7431 7434 7587 7587 7434 7590 
7433 7589 7591 7435 7433 7591 7591 7436 7435 
7592 7436 7591 7438 7593 7594 7437 7593 7438 
7590 7434 7438 7594 7590 7438 7436 7592 7595 
7439 7436 7595 7595 7440 7439 7596 7440 7595 
7442 7597 7598 7441 7597 7442 7593 7437 7442 
7598 7593 7442 7440 7596 7443 7596 7599 7443 
7441 7444 7597 7597 7444 7600 7443 7599 7601 
7445 7443 7601 7601 7446 7445 7602 7446 7601 
7448 7603 7604 7447 7603 7448 7600 7444 7448 
7604 7600 7448 7446 7602 7605 7449 7446 7605 
7605 7450 7449 7606 7450 7605 7452 7607 7608 
7451 7607 7452 7603 7447 7452 7608 7603 7452 
7450 7606 7609 7453 7450 7609 7454 7453 7610 
7453 7609 7610 7610 7455 7454 7611 7455 7610 
7457 7612 7613 7456 7612 7457 7458 7457 7614 
7457 7613 7614 7607 7451 7458 7614 7607 7458 
7455 7611 7615 7459 7455 7615 7615 7460 7459 
7616 7460 7615 7462 7617 7618 7461 7617 7462 
7612 7456 7462 7618 7612 7462 7460 7616 7619 
7463 7460 7619 7464 7463 7620 7463 7619 7620 
7620 7465 7464 7621 7465 7620 7467 7622 7623 
7466 7622 7467 7468 7467 7624 7467 7623 7624 
7617 7461 7468 7624 7617 7468 7465 7621 7625 
7469 7465 7625 7470 7469 7626 7469 7625 7626 
7626 7471 7470 7627 7471 7626 7473 7628 7629 
7472 7628 7473 7474 7473 7630 7473 7629 7630 
7622 7466 7474 7630 7622 7474 7471 7627 7631 
7475 7471 7631 7476 7475 7632 7475 7631 7632 
7477 7476 7633 7476 7632 7633 7478 7477 7634 
7477 7633 7634 7479 7478 7635 7478 7634 7635 
7480 7479 7636 7479 7635 7636 7481 7480 7637 
7480 7636 7637 7482 7481 7638 7481 7637 7638 
7483 7482 7639 7482 7638 7639 7484 7483 7640 
7483 7639 7640 7485 7484 7641 7484 7640 7641 
7486 7485 7642 7485 7641 7642 7487 7486 7643 
7486 7642 7643 7628 7472 7487 7643 7628 7487 
7488 7644 7645 7489 7488 7645 7490 7646 7488 
7488 7646 7644 7491 7647 7490 7490 7647 7646 
7492 7648 7491 7491 7648 7647 7493 7649 7492 
7492 7649 7648 7494 7650 7493 7493 7650 7649 
7495 7651 7494 7494 7651 7650 7496 7652 7495 
7495 7652 7651 7497 7653 7496 7496 7653 7652 
7498 7654 7497 7497 7654 7653 7499 7655 7498 
7498 7655 7654 7500 7656 7499 7499 7656 7655 
7501 7657 7500 7500 7657 7656 7657 7501 7502 
7658 7657 7502 7503 7659 7660 7504 7503 7660 
7505 7661 7503 7503 7661 7659 7645 7505 7489 
7661 7505 7645 7502 7662 7658 7506 7662 7502 
7507 7663 7506 7506 7663 7662 7663 7507 7508 
7664 7663 7508 7509 7665 7666 7510 7509 7666 
7511 7667 7509 7509 7667 7665 7660 7511 7504 
7667 7511 7660 7508 7668 7664 7512 7668 7508 
7513 7669 7512 7512 7669 7668 7669 7513 7514 
7670 7669 7514 7515 7671 7672 7516 7515 7672 
7666 7515 7510 7671 7515 7666 7514 7673 7670 
7517 7673 7514 7673 7517 7518 7674 7673 7518 
7519 7675 7676 7520 7519 7676 7521 7677 7519 
7519 7677 7675 7672 7521 7516 7677 7521 7672 
7518 7678 7674 7522 7678 7518 7523 7679 7522 
7522 7679 7678 7679 7523 7524 7680 7679 7524 
7525 7681 7682 7526 7525 7682 7676 7525 7520 
7681 7525 7676 7524 7683 7680 7527 7683 7524 
7683 7527 7528 7684 7683 7528 7529 7685 7686 
7530 7529 7686 7682 7529 7526 7685 7529 7682 
7528 7687 7684 7531 7687 7528 7687 7531 7532 
7688 7687 7532 7530 7686 7533 7686 7689 7533 
7532 7534 7688 7688 7534 7690 7535 7691 7692 
7536 7535 7692 7689 7535 7533 7691 7535 7689 
7534 7693 7690 7537 7693 7534 7693 7537 7538 
7694 7693 7538 7539 7695 7696 7540 7539 7696 
7692 7539 7536 7695 7539 7692 7538 7697 7694 
7541 7697 7538 7697 7541 7542 7698 7697 7542 
7540 7696 7543 7696 7699 7543 7542 7544 7698 
7698 7544 7700 7545 7701 7702 7546 7545 7702 
7699 7545 7543 7701 7545 7699 7544 7703 7700 
7547 7703 7544 7703 7547 7548 7704 7703 7548 
7546 7702 7549 7702 7705 7549 7548 7550 7704 
7704 7550 7706 7551 7707 7708 7552 7551 7708 
7705 7551 7549 7707 7551 7705 7550 7709 7706 
7553 7709 7550 7709 7553 7554 7710 7709 7554 
7552 7708 7555 7708 7711 7555 7554 7556 7710 
7710 7556 7712 7555 7711 7557 7711 7713 7557 
7556 7558 7712 7712 7558 7714 7557 7713 7559 
7713 7715 7559 7558 7560 7714 7714 7560 7716 
7559 7715 7561 7715 7717 7561 7560 7562 7716 
7716 7562 7718 7561 7717 7563 7717 7719 7563 
7562 7564 7718 7718 7564 7720 7563 7719 7565 
7719 7721 7565 7564 7566 7720 7720 7566 7722 
7565 7721 7567 7721 7723 7567 7566 7568 7722 
7722 7568 7724 7567 7723 7569 7723 7725 7569 
7568 7570 7724 7724 7570 7726 7569 7725 7571 
7725 7727 7571 7570 7572 7726 7726 7572 7728 
7571 7727 7573 7727 7729 7573 7572 7574 7728 
7728 7574 7730 7573 7729 7575 7729 7731 7575 
7574 7576 7730 7730 7576 7732 7575 7731 7577 
7731 7733 7577 7576 7578 7732 7732 7578 7734 
7577 7733 7735 7579 7577 7735 7735 7580 7579 
7736 7580 7735 7582 7737 7738 7581 7737 7582 
7734 7578 7582 7738 7734 7582 7580 7736 7583 
7736 7739 7583 7581 7584 7737 7737 7584 7740 
7583 7739 7741 7585 7583 7741 7741 7586 7585 
7742 7586 7741 7588 7743 7744 7587 7743 7588 
7740 7584 7588 7744 7740 7588 7586 7742 7589 
7742 7745 7589 7587 7590 7743 7743 7590 7746 
7589 7745 7747 7591 7589 7747 7747 7592 7591 
7748 7592 7747 7594 7749 7750 7593 7749 7594 
7746 7590 7594 7750 7746 7594 7592 7748 7751 
7595 7592 7751 7751 7596 7595 7752 7596 7751 
7598 7753 7754 7597 7753 7598 7749 7593 7598 
7754 7749 7598 7596 7752 7599 7752 7755 7599 
7597 7600 7753 7753 7600 7756 7599 7755 7757 
7601 7599 7757 7757 7602 7601 7758 7602 7757 
7604 7759 7760 7603 7759 7604 7756 7600 7604 
7760 7756 7604 7602 7758 7761 7605 7602 7761 
7761 7606 7605 7762 7606 7761 7608 7763 7764 
7607 7763 7608 7759 7603 7608 7764 7759 7608 
7606 7762 7765 7609 7606 7765 7610 7609 7766 
7609 7765 7766 7766 7611 7610 7767 7611 7766 
7613 7768 7769 7612 7768 7613 7614 7613 7770 
7613 7769 7770 7763 7607 7614 7770 7763 7614 
7611 7767 7771 7615 7611 7771 7771 7616 7615 
7772 7616 7771 7618 7773 7774 7617 7773 7618 
7768 7612 7618 7774 7768 7618 7616 7772 7775 
7619 7616 7775 7620 7619 7776 7619 7775 7776 
7776 7621 7620 7777 7621 7776 7623 7778 7779 
7622 7778 7623 7624 7623 7780 7623 7779 7780 
7773 7617 7624 7780 7773 7624 7621 7777 7781 
7625 7621 7781 7626 7625 7782 7625 7781 7782 
7782 7627 7626 7783 7627 7782 7629 7784 7785 
7628 7784 7629 7630 7629 7786 7629 7785 7786 
7778 7622 7630 7786 7778 7630 7627 7783 7787 
7631 7627 7787 7632 7631 7788 7631 7787 7788 
7633 7632 7789 7632 7788 7789 7634 7633 7790 
7633 7789 7790 7635 7634 7791 7634 7790 7791 
7636 7635 7792 7635 7791 7792 7637 7636 7793 
7636 7792 7793 7638 7637 7794 7637 7793 7794 
7639 7638 7795 7638 7794 7795 7640 7639 7796 
7639 7795 7796 7641 7640 7797 7640 7796 7797 
7642 7641 7798 7641 7797 7798 7643 7642 7799 
7642 7798 7799 7784 7628 7643 7799 7784 7643 
7644 7800 7801 7645 7644 7801 7646 7802 7644 
7644 7802 7800 7647 7803 7646 7646 7803 7802 
7648 7804 7647 7647 7804 7803 7649 7805 7648 
7648 7805 7804 7650 7806 7649 7649 7806 7805 
7651 7807 7650 7650 7807 7806 7652 7808 7651 
7651 7808 7807 7653 7809 7652 7652 7809 7808 
7654 7810 7653 7653 7810 7809 7655 7811 7654 
7654 7811 7810 7656 7812 7655 7655 7812 7811 
7657 7813 7656 7656 7813 7812 7813 7657 7658 
7814 7813 7658 7659 7815 7816 7660 7659 7816 
7661 7817 7659 7659 7817 7815 7801 7661 7645 
7817 7661 7801 7658 7818 7814 7662 7818 7658 
7663 7819 7662 7662 7819 7818 7819 7663 7664 
7820 7819 7664 7665 7821 7822 7666 7665 7822 
7667 7823 7665 7665 7823 7821 7816 7667 7660 
7823 7667 7816 7664 7824 7820 7668 7824 7664 
7669 7825 7668 7668 7825 7824 7825 7669 7670 
7826 7825 7670 7671 7827 7828 7672 7671 7828 
7822 7671 7666 7827 7671 7822 7670 7829 7826 
7673 7829 7670 7829 7673 7674 7830 7829 7674 
7675 7831 7832 7676 7675 7832 7677 7833 7675 
7675 7833 7831 7828 7677 7672 7833 7677 7828 
7674 7834 7830 7678 7834 7674 7679 7835 7678 
7678 7835 7834 7835 7679 7680 7836 7835 7680 
7681 7837 7838 7682 7681 7838 7832 7681 7676 
7837 7681 7832 7680 7839 7836 7683 7839 7680 
7839 7683 7684 7840 7839 7684 7685 7841 7842 
7686 7685 7842 7838 7685 7682 7841 7685 7838 
7684 7843 7840 7687 7843 7684 7843 7687 7688 
7844 7843 7688 7686 7842 7689 7842 7845 7689 
7688 7690 7844 7844 7690 7846 7691 7847 7848 
7692 7691 7848 7845 7691 7689 7847 7691 7845 
7690 7849 7846 7693 7849 7690 7849 7693 7694 
7850 7849 7694 7695 7851 7852 7696 7695 7852 
7848 7695 7692 7851 7695 7848 7694 7853 7850 
7697 7853 7694 7853 7697 7698 7854 7853 7698 
7696 7852 7699 7852 7855 7699 7698 7700 7854 
7854 7700 7856 7701 7857 7858 7702 7701 7858 
7855 7701 7699 7857 7701 7855 7700 7859 7856 
7703 7859 7700 7859 7703 7704 7860 7859 7704 
7702 7858 7705 7858 7861 7705 7704 7706 7860 
7860 7706 7862 7707 7863 7864 7708 7707 7864 
7861 7707 7705 7863 7707 7861 7706 7865 7862 
7709 7865 7706 7865 7709 7710 7866 7865 7710 
7708 7864 7711 7864 7867 7711 7710 7712 7866 
7866 7712 7868 7711 7867 7713 7867 7869 7713 
7712 7714 7868 7868 7714 7870 7713 7869 7715 
7869 7871 7715 7714 7716 7870 7870 7716 7872 
7715 7871 7717 7871 7873 7717 7716 7718 7872 
7872 7718 7874 7717 7873 7719 7873 7875 7719 
7718 7720 7874 7874 7720 7876 7719 7875 7721 
7875 7877 7721 7720 7722 7876 7876 7722 7878 
7721 7877 7723 7877 7879 7723 7722 7724 7878 
7878 7724 7880 7723 7879 7725 7879 7881 7725 
7724 7726 7880 7880 7726 7882 7725 7881 7727 
7881 7883 7727 7726 7728 7882 7882 7728 7884 
7727 7883 7729 7883 7885 7729 7728 7730 7884 
7884 7730 7886 7729 7885 7731 7885 7887 7731 
7730 7732 7886 7886 7732 7888 7731 7887 7733 
7887 7889 7733 7732 7734 7888 7888 7734 7890 
7733 7889 7891 7735 7733 7891 7891 7736 7735 
7892 7736 7891 7738 7893 7894 7737 7893 7738 
7890 7734 7738 7894 7890 7738 7736 7892 7739 
7892 7895 7739 7737 7740 7893 7893 7740 7896 
7739 7895 7897 7741 7739 7897 7897 7742 7741 
7898 7742 7897 7744 7899 7900 7743 7899 7744 
7896 7740 7744 7900 7896 7744 7742 7898 7745 
7898 7901 7745 7743 7746 7899 7899 7746 7902 
7745 7901 7903 7747 7745 7903 7903 7748 7747 
7904 7748 7903 7750 7905 7906 7749 7905 7750 
7902 7746 7750 7906 7902 7750 7748 7904 7907 
7751 7748 7907 7907 7752 7751 7908 7752 7907 
7754 7909 7910 7753 7909 7754 7905 7749 7754 
7910 7905 7754 7752 7908 7755 7908 7911 7755 
7753 7756 7909 7909 7756 7912 7755 7911 7913 
7757 7755 7913 7913 7758 7757 7914 7758 7913 
7760 7915 7916 7759 7915 7760 7912 7756 7760 
7916 7912 7760 7758 7914 7917 7761 7758 7917 
7917 7762 7761 7918 7762 7917 7764 7919 7920 
7763 7919 7764 7915 7759 7764 7920 7915 7764 
7762 7918 7921 7765 7762 7921 7766 7765 7922 
7765 7921 7922 7922 7767 7766 7923 7767 7922 
7769 7924 7925 7768 7924 7769 7770 7769 7926 
7769 7925 7926 7919 7763 7770 7926 7919 7770 
7767 7923 7927 7771 7767 7927 7927 7772 7771 
7928 7772 7927 7774 7929 7930 7773 7929 7774 
7924 7768 7774 7930 7924 7774 7772 7928 7931 
7775 7772 7931 7776 7775 7932 7775 7931 7932 
7932 7777 7776 7933 7777 7932 7779 7934 7935 
7778 7934 7779 7780 7779 7936 7779 7935 7936 
7929 7773 7780 7936 7929 7780 7777 7933 7937 
7781 7777 7937 7782 7781 7938 7781 7937 7938 
7938 7783 7782 7939 7783 7938 7785 7940 7941 
7784 7940 7785 7786 7785 7942 7785 7941 7942 
7934 7778 7786 7942 7934 7786 7783 7939 7943 
7787 7783 7943 7788 7787 7944 7787 7943 7944 
7789 7788 7945 7788 7944 7945 7790 7789 7946 
7789 7945 7946 7791 7790 7947 7790 7946 7947 
7792 7791 7948 7791 7947 7948 7793 7792 7949 
7792 7948 7949 7794 7793 7950 7793 7949 7950 
7795 7794 7951 7794 7950 7951 7796 7795 7952 
7795 7951 7952 7797 7796 7953 7796 7952 7953 
7798 7797 7954 7797 7953 7954 7799 7798 7955 
7798 7954 7955 7940 7784 7799 7955 7940 7799 
7800 7956 7957 7801 7800 7957 7802 7958 7800 
7800 7958 7956 7803 7959 7802 7802 7959 7958 
7804 7960 7803 7803 7960 7959 7805 7961 7804 
7804 7961 7960 7806 7962 7805 7805 7962 7961 
7807 7963 7806 7806 7963 7962 7808 7964 7807 
7807 7964 7963 7809 7965 7808 7808 7965 7964 
7810 7966 7809 7809 7966 7965 7811 7967 7810 
7810 7967 7966 7812 7968 7811 7811 7968 7967 
7813 7969 7812 7812 7969 7968 7969 7813 7814 
7970 7969 7814 7815 7971 7972 7816 7815 7972 
7817 7973 7815 7815 7973 7971 7957 7817 7801 
7973 7817 7957 7814 7974 7970 7818 7974 7814 
7819 7975 7818 7818 7975 7974 7975 7819 7820 
7976 7975 7820 7821 7977 7978 7822 7821 7978 
7823 7979 7821 7821 7979 7977 7972 7823 7816 
7979 7823 7972 7820 7980 7976 7824 7980 7820 
7825 7981 7824 7824 7981 7980 7981 7825 7826 
7982 7981 7826 7827 7983 7984 7828 7827 7984 
7978 7827 7822 7983 7827 7978 7826 7985 7982 
7829 7985 7826 7985 7829 7830 7986 7985 7830 
7831 7987 7988 7832 7831 7988 7833 7989 7831 
7831 7989 7987 7984 7833 7828 7989 7833 7984 
7830 7990 7986 7834 7990 7830 7835 7991 7834 
7834 7991 7990 7991 7835 7836 7992 7991 7836 
7837 7993 7994 7838 7837 7994 7988 7837 7832 
7993 7837 7988 7836 7995 7992 7839 7995 7836 
7995 7839 7840 7996 7995 7840 7841 7997 7998 
7842 7841 7998 7994 7841 7838 7997 7841 7994 
7840 7999 7996 7843 7999 7840 7999 7843 7844 
8000 7999 7844 7842 7998 7845 7998 8001 7845 
7844 7846 8000 8000 7846 8002 7847 8003 8004 
7848 7847 8004 8001 7847 7845 8003 7847 8001 
7846 8005 8002 7849 8005 7846 8005 7849 7850 
8006 8005 7850 7851 8007 8008 7852 7851 8008 
8004 7851 7848 8007 7851 8004 7850 8009 8006 
7853 8009 7850 8009 7853 7854 8010 8009 7854 
7852 8008 7855 8008 8011 7855 7854 7856 8010 
8010 7856 8012 7857 8013 8014 7858 7857 8014 
8011 7857 7855 8013 7857 8011 7856 8015 8012 
7859 8015 7856 8015 7859 7860 8016 8015 7860 
7858 8014 7861 8014 8017 7861 7860 7862 8016 
8016 7862 8018 7863 8019 8020 7864 7863 8020 
8017 7863 7861 8019 7863 8017 7862 8021 8018 
7865 8021 7862 8021 7865 7866 8022 8021 7866 
7864 8020 7867 8020 8023 7867 7866 7868 8022 
8022 7868 8024 7867 8023 7869 8023 8025 7869 
7868 7870 8024 8024 7870 8026 7869 8025 7871 
8025 8027 7871 7870 7872 8026 8026 7872 8028 
7871 8027 7873 8027 8029 7873 7872 7874 8028 
8028 7874 8030 7873 8029 7875 8029 8031 7875 
7874 7876 8030 8030 7876 8032 7875 8031 7877 
8031 8033 7877 7876 7878 8032 8032 7878 8034 
7877 8033 7879 8033 8035 7879 7878 7880 8034 
8034 7880 8036 7879 8035 7881 8035 8037 7881 
7880 7882 8036 8036 7882 8038 7881 8037 7883 
8037 8039 7883 7882 7884 8038 8038 7884 8040 
7883 8039 7885 8039 8041 7885 7884 7886 8040 
8040 7886 8042 7885 8041 7887 8041 8043 7887 
7886 7888 8042 8042 7888 8044 7887 8043 7889 
8043 8045 7889 7888 7890 8044 8044 7890 8046 
7889 8045 8047 7891 7889 8047 8047 7892 7891 
8048 7892 8047 7894 8049 8050 7893 8049 7894 
8046 7890 7894 8050 8046 7894 7892 8048 7895 
8048 8051 7895 7893 7896 8049 8049 7896 8052 
7895 8051 8053 7897 7895 8053 8053 7898 7897 
8054 7898 8053 7900 8055 8056 7899 8055 7900 
8052 7896 7900 8056 8052 7900 7898 8054 7901 
8054 8057 7901 7899 7902 8055 8055 7902 8058 
7901 8057 8059 7903 7901 8059 8059 7904 7903 
8060 7904 8059 7906 8061 8062 7905 8061 7906 
8058 7902 7906 8062 8058 7906 7904 8060 8063 
7907 7904 8063 8063 7908 7907 8064 7908 8063 
7910 8065 8066 7909 8065 7910 8061 7905 7910 
8066 8061 7910 7908 8064 7911 8064 8067 7911 
7909 7912 8065 8065 7912 8068 7911 8067 8069 
7913 7911 8069 8069 7914 7913 8070 7914 8069 
7916 8071 8072 7915 8071 7916 8068 7912 7916 
8072 8068 7916 7914 8070 8073 7917 7914 8073 
8073 7918 7917 8074 7918 8073 7920 8075 8076 
7919 8075 7920 8071 7915 7920 8076 8071 7920 
7918 8074 8077 7921 7918 8077 7922 7921 8078 
7921 8077 8078 8078 7923 7922 8079 7923 8078 
7925 8080 8081 7924 8080 7925 7926 7925 8082 
7925 8081 8082 8075 7919 7926 8082 8075 7926 
7923 8079 8083 7927 7923 8083 8083 7928 7927 
8084 7928 8083 7930 8085 8086 7929 8085 7930 
8080 7924 7930 8086 8080 7930 7928 8084 8087 
7931 7928 8087 7932 7931 8088 7931 8087 8088 
8088 7933 7932 8089 7933 8088 7935 8090 8091 
7934 8090 7935 7936 7935 8092 7935 8091 8092 
8085 7929 7936 8092 8085 7936 7933 8089 8093 
7937 7933 8093 7938 7937 8094 7937 8093 8094 
8094 7939 7938 8095 7939 8094 7941 8096 8097 
7940 8096 7941 7942 7941 8098 7941 8097 8098 
8090 7934 7942 8098 8090 7942 7939 8095 8099 
7943 7939 8099 7944 7943 8100 7943 8099 8100 
7945 7944 8101 7944 8100 8101 7946 7945 8102 
7945 8101 8102 7947 7946 8103 7946 8102 8103 
7948 7947 8104 7947 8103 8104 7949 7948 8105 
7948 8104 8105 7950 7949 8106 7949 8105 8106 
7951 7950 8107 7950 8106 8107 7952 7951 8108 
7951 8107 8108 7953 7952 8109 7952 8108 8109 
7954 7953 8110 7953 8109 8110 7955 7954 8111 
7954 8110 8111 8096 7940 7955 8111 8096 7955 
7956 8112 8113 7957 7956 8113 7958 8114 7956 
7956 8114 8112 7959 8115 7958 7958 8115 8114 
7960 8116 7959 7959 8116 8115 7961 8117 7960 
7960 8117 8116 7962 8118 7961 7961 8118 8117 
7963 8119 7962 7962 8119 8118 7964 8120 7963 
7963 8120 8119 7965 8121 7964 7964 8121 8120 
7966 8122 7965 7965 8122 8121 7967 8123 7966 
7966 8123 8122 7968 8124 7967 7967 8124 8123 
7969 8125 7968 7968 8125 8124 8125 7969 7970 
8126 8125 7970 7971 8127 8128 7972 7971 8128 
7973 8129 7971 7971 8129 8127 8113 7973 7957 
8129 7973 8113 7970 8130 8126 7974 8130 7970 
7975 8131 7974 7974 8131 8130 8131 7975 7976 
8132 8131 7976 7977 8133 8134 7978 7977 8134 
7979 8135 7977 7977 8135 8133 8128 7979 7972 
8135 7979 8128 7976 8136 8132 7980 8136 7976 
7981 8137 7980 7980 8137 8136 8137 7981 7982 
8138 8137 7982 7983 8139 8140 7984 7983 8140 
8134 7983 7978 8139 7983 8134 7982 8141 8138 
7985 8141 7982 8141 7985 7986 8142 8141 7986 
7987 8143 8144 7988 7987 8144 7989 8145 7987 
7987 8145 8143 8140 7989 7984 8145 7989 8140 
7986 8146 8142 7990 8146 7986 7991 8147 7990 
7990 8147 8146 8147 7991 7992 8148 8147 7992 
7993 8149 8150 7994 7993 8150 8144 7993 7988 
8149 7993 8144 7992 8151 8148 7995 8151 7992 
8151 7995 7996 8152 8151 7996 7997 8153 8154 
7998 7997 8154 8150 7997 7994 8153 7997 8150 
7996 8155 8152 7999 8155 7996 8155 7999 8000 
8156 8155 8000 7998 8154 8001 8154 8157 8001 
8000 8002 8156 8156 8002 8158 8003 8159 8160 
8004 8003 8160 8157 8003 8001 8159 8003 8157 
8002 8161 8158 8005 8161 8002 8161 8005 8006 
8162 8161 8006 8007 8163 8164 8008 8007 8164 
8160 8007 8004 8163 8007 8160 8006 8165 8162 
8009 8165 8006 8165 8009 8010 8166 8165 8010 
8008 8164 8011 8164 8167 8011 8010 8012 8166 
8166 8012 8168 8013 8169 8170 8014 8013 8170 
8167 8013 8011 8169 8013 8167 8012 8171 8168 
8015 8171 8012 8171 8015 8016 8172 8171 8016 
8014 8170 8017 8170 8173 8017 8016 8018 8172 
8172 8018 8174 8019 8175 8176 8020 8019 8176 
8173 8019 8017 8175 8019 8173 8018 8177 8174 
8021 8177 8018 8177 8021 8022 8178 8177 8022 
8020 8176 8023 8176 8179 8023 8022 8024 8178 
8178 8024 8180 8023 8179 8025 8179 8181 8025 
8024 8026 8180 8180 8026 8182 8025 8181 8027 
8181 8183 8027 8026 8028 8182 8182 8028 8184 
8027 8183 8029 8183 8185 8029 8028 8030 8184 
8184 8030 8186 8029 8185 8031 8185 8187 8031 
8030 8032 8186 8186 8032 8188 8031 8187 8033 
8187 8189 8033 8032 8034 8188 8188 8034 8190 
8033 8189 8035 8189 8191 8035 8034 8036 8190 
8190 8036 8192 8035 8191 8037 8191 8193 8037 
8036 8038 8192 8192 8038 8194 8037 8193 8039 
8193 8195 8039 8038 8040 8194 8194 8040 8196 
8039 8195 8041 8195 8197 8041 8040 8042 8196 
8196 8042 8198 8041 8197 8043 8197 8199 8043 
8042 8044 8198 8198 8044 8200 8043 8199 8045 
8199 8201 8045 8044 8046 8200 8200 8046 8202 
8045 8201 8203 8047 8045 8203 8203 8048 8047 
8204 8048 8203 8050 8205 8206 8049 8205 8050 
8202 8046 8050 8206 8202 8050 8048 8204 8051 
8204 8207 8051 8049 8052 8205 8205 8052 8208 
8051 8207 8209 8053 8051 8209 8209 8054 8053 
8210 8054 8209 8056 8211 8212 8055 8211 8056 
8208 8052 8056 8212 8208 8056 8054 8210 8057 
8210 8213 8057 8055 8058 8211 8211 8058 8214 
8057 8213 8215 8059 8057 8215 8215 8060 8059 
8216 8060 8215 8062 8217 8218 8061 8217 8062 
8214 8058 8062 8218 8214 8062 8060 8216 8219 
8063 8060 8219 8219 8064 8063 8220 8064 8219 
8066 8221 8222 8065 8221 8066 8217 8061 8066 
8222 8217 8066 8064 8220 8067 8220 8223 8067 
8065 8068 8221 8221 8068 8224 8067 8223 8225 
8069 8067 8225 8225 8070 8069 8226 8070 8225 
8072 8227 8228 8071 8227 8072 8224 8068 8072 
8228 8224 8072 8070 8226 8229 8073 8070 8229 
8229 8074 8073 8230 8074 8229 8076 8231 8232 
8075 8231 8076 8227 8071 8076 8232 8227 8076 
8074 8230 8233 8077 8074 8233 8078 8077 8234 
8077 8233 8234 8234 8079 8078 8235 8079 8234 
8081 8236 8237 8080 8236 8081 8082 8081 8238 
8081 8237 8238 8231 8075 8082 8238 8231 8082 
8079 8235 8239 8083 8079 8239 8239 8084 8083 
8240 8084 8239 8086 8241 8242 8085 8241 8086 
8236 8080 8086 8242 8236 8086 8084 8240 8243 
8087 8084 8243 8088 8087 8244 8087 8243 8244 
8244 8089 8088 8245 8089 8244 8091 8246 8247 
8090 8246 8091 8092 8091 8248 8091 8247 8248 
8241 8085 8092 8248 8241 8092 8089 8245 8249 
8093 8089 8249 8094 8093 8250 8093 8249 8250 
8250 8095 8094 8251 8095 8250 8097 8252 8253 
8096 8252 8097 8098 8097 8254 8097 8253 8254 
8246 8090 8098 8254 8246 8098 8095 8251 8255 
8099 8095 8255 8100 8099 8256 8099 8255 8256 
8101 8100 8257 8100 8256 8257 8102 8101 8258 
8101 8257 8258 8103 8102 8259 8102 8258 8259 
8104 8103 8260 8103 8259 8260 8105 8104 8261 
8104 8260 8261 8106 8105 8262 8105 8261 8262 
8107 8106 8263 8106 8262 8263 8108 8107 8264 
8107 8263 8264 8109 8108 8265 8108 8264 8265 
8110 8109 8266 8109 8265 8266 8111 8110 8267 
8110 8266 8267 8252 8096 8111 8267 8252 8111 
8112 8268 8269 8113 8112 8269 8114 8270 8112 
8112 8270 8268 8115 8271 8114 8114 8271 8270 
8116 8272 8115 8115 8272 8271 8117 8273 8116 
8116 8273 8272 8118 8274 8117 8117 8274 8273 
8119 8275 8118 8118 8275 8274 8120 8276 8119 
8119 8276 8275 8121 8277 8120 8120 8277 8276 
8122 8278 8121 8121 8278 8277 8123 8279 8122 
8122 8279 8278 8124 8280 8123 8123 8280 8279 
8125 8281 8124 8124 8281 8280 8281 8125 8126 
8282 8281 8126 8127 8283 8284 8128 8127 8284 
8129 8285 8127 8127 8285 8283 8269 8129 8113 
8285 8129 8269 8126 8286 8282 8130 8286 8126 
8131 8287 8130 8130 8287 8286 8287 8131 8132 
8288 8287 8132 8133 8289 8290 8134 8133 8290 
8135 8291 8133 8133 8291 8289 8284 8135 8128 
8291 8135 8284 8132 8292 8288 8136 8292 8132 
8137 8293 8136 8136 8293 8292 8293 8137 8138 
8294 8293 8138 8139 8295 8296 8140 8139 8296 
8290 8139 8134 8295 8139 8290 8138 8297 8294 
8141 8297 8138 8297 8141 8142 8298 8297 8142 
8143 8299 8300 8144 8143 8300 8145 8301 8143 
8143 8301 8299 8296 8145 8140 8301 8145 8296 
8142 8302 8298 8146 8302 8142 8147 8303 8146 
8146 8303 8302 8303 8147 8148 8304 8303 8148 
8149 8305 8306 8150 8149 8306 8300 8149 8144 
8305 8149 8300 8148 8307 8304 8151 8307 8148 
8307 8151 8152 8308 8307 8152 8153 8309 8310 
8154 8153 8310 8306 8153 8150 8309 8153 8306 
8152 8311 8308 8155 8311 8152 8311 8155 8156 
8312 8311 8156 8154 8310 8157 8310 8313 8157 
8156 8158 8312 8312 8158 8314 8159 8315 8316 
8160 8159 8316 8313 8159 8157 8315 8159 8313 
8158 8317 8314 8161 8317 8158 8317 8161 8162 
8318 8317 8162 8163 8319 8320 8164 8163 8320 
8316 8163 8160 8319 8163 8316 8162 8321 8318 
8165 8321 8162 8321 8165 8166 8322 8321 8166 
8164 8320 8167 8320 8323 8167 8166 8168 8322 
8322 8168 8324 8169 8325 8326 8170 8169 8326 
8323 8169 8167 8325 8169 8323 8168 8327 8324 
8171 8327 8168 8327 8171 8172 8328 8327 8172 
8170 8326 8173 8326 8329 8173 8172 8174 8328 
8328 8174 8330 8175 8331 8332 8176 8175 8332 
8329 8175 8173 8331 8175 8329 8174 8333 8330 
8177 8333 8174 8333 8177 8178 8334 8333 8178 
8176 8332 8179 8332 8335 8179 8178 8180 8334 
8334 8180 8336 8179 8335 8181 8335 8337 8181 
8180 8182 8336 8336 8182 8338 8181 8337 8183 
8337 8339 8183 8182 8184 8338 8338 8184 8340 
8183 8339 8185 8339 8341 8185 8184 8186 8340 
8340 8186 8342 8185 8341 8187 8341 8343 8187 
8186 8188 8342 8342 8188 8344 8187 8343 8189 
8343 8345 8189 8188 8190 8344 8344 8190 8346 
8189 8345 8191 8345 8347 8191 8190 8192 8346 
8346 8192 8348 8191 8347 8193 8347 8349 8193 
8192 8194 8348 8348 8194 8350 8193 8349 8195 
8349 8351 8195 8194 8196 8350 8350 8196 8352 
8195 8351 8197 8351 8353 8197 8196 8198 8352 
8352 8198 8354 8197 8353 8199 8353 8355 8199 
8198 8200 8354 8354 8200 8356 8199 8355 8201 
8355 8357 8201 8200 8202 8356 8356 8202 8358 
8201 8357 8359 8203 8201 8359 8359 8204 8203 
8360 8204 8359 8206 8361 8362 8205 8361 8206 
8358 8202 8206 8362 8358 8206 8204 8360 8207 
8360 8363 8207 8205 8208 8361 8361 8208 8364 
8207 8363 8365 8209 8207 8365 8365 8210 8209 
8366 8210 8365 8212 8367 8368 8211 8367 8212 
8364 8208 8212 8368 8364 8212 8210 8366 8213 
8366 8369 8213 8211 8214 8367 8367 8214 8370 
8213 8369 8371 8215 8213 8371 8371 8216 8215 
8372 8216 8371 8218 8373 8374 8217 8373 8218 
8370 8214 8218 8374 8370 8218 8216 8372 8375 
8219 8216 8375 8375 8220 8219 8376 8220 8375 
8222 8377 8378 8221 8377 8222 8373 8217 8222 
8378 8373 8222 8220 8376 8223 8376 8379 8223 
8221 8224 8377 8377 8224 8380 8223 8379 8381 
8225 8223 8381 8381 8226 8225 8382 8226 8381 
8228 8383 8384 8227 8383 8228 8380 8224 8228 
8384 8380 8228 8226 8382 8385 8229 8226 8385 
8385 8230 8229 8386 8230 8385 8232 8387 8388 
8231 8387 8232 8383 8227 8232 8388 8383 8232 
8230 8386 8389 8233 8230 8389 8234 8233 8390 
8233 8389 8390 8390 8235 8234 8391 8235 8390 
8237 8392 8393 8236 8392 8237 8238 8237 8394 
8237 8393 8394 8387 8231 8238 8394 8387 8238 
8235 8391 8395 8239 8235 8395 8395 8240 8239 
8396 8240 8395 8242 8397 8398 8241 8397 8242 
8392 8236 8242 8398 8392 8242 8240 8396 8399 
8243 8240 8399 8244 8243 8400 8243 8399 8400 
8400 8245 8244 8401 8245 8400 8247 8402 8403 
8246 8402 8247 8248 8247 8404 8247 8403 8404 
8397 8241 8248 8404 8397 8248 8245 8401 8405 
8249 8245 8405 8250 8249 8406 8249 8405 8406 
8406 8251 8250 8407 8251 8406 8253 8408 8409 
8252 8408 8253 8254 8253 8410 8253 8409 8410 
8402 8246 8254 8410 8402 8254 8251 8407 8411 
8255 8251 8411 8256 8255 8412 8255 8411 8412 
8257 8256 8413 8256 8412 8413 8258 8257 8414 
8257 8413 8414 8259 8258 8415 8258 8414 8415 
8260 8259 8416 8259 8415 8416 8261 8260 8417 
8260 8416 8417 8262 8261 8418 8261 8417 8418 
8263 8262 8419 8262 8418 8419 8264 8263 8420 
8263 8419 8420 8265 8264 8421 8264 8420 8421 
8266 8265 8422 8265 8421 8422 8267 8266 8423 
8266 8422 8423 8408 8252 8267 8423 8408 8267 
8268 8424 8425 8269 8268 8425 8270 8426 8268 
8268 8426 8424 8271 8427 8270 8270 8427 8426 
8272 8428 8271 8271 8428 8427 8273 8429 8272 
8272 8429 8428 8274 8430 8273 8273 8430 8429 
8275 8431 8274 8274 8431 8430 8276 8432 8275 
8275 8432 8431 8277 8433 8276 8276 8433 8432 
8278 8434 8277 8277 8434 8433 8279 8435 8278 
8278 8435 8434 8280 8436 8279 8279 8436 8435 
8281 8437 8280 8280 8437 8436 8437 8281 8282 
8438 8437 8282 8283 8439 8440 8284 8283 8440 
8285 8441 8283 8283 8441 8439 8425 8285 8269 
8441 8285 8425 8282 8442 8438 8286 8442 8282 
8287 8443 8286 8286 8443 8442 8443 8287 8288 
8444 8443 8288 8289 8445 8446 8290 8289 8446 
8291 8447 8289 8289 8447 8445 8440 8291 8284 
8447 8291 8440 8288 8448 8444 8292 8448 8288 
8293 8449 8292 8292 8449 8448 8449 8293 8294 
8450 8449 8294 8295 8451 8452 8296 8295 8452 
8446 8295 8290 8451 8295 8446 8294 8453 8450 
8297 8453 8294 8453 8297 8298 8454 8453 8298 
8299 8455 8456 8300 8299 8456 8301 8457 8299 
8299 8457 8455 8452 8301 8296 8457 8301 8452 
8298 8458 8454 8302 8458 8298 8303 8459 8302 
8302 8459 8458 8459 8303 8304 8460 8459 8304 
8305 8461 8462 8306 8305 8462 8456 8305 8300 
8461 8305 8456 8304 8463 8460 8307 8463 8304 
8463 8307 8308 8464 8463 8308 8309 8465 8466 
8310 8309 8466 8462 8309 8306 8465 8309 8462 
8308 8467 8464 8311 8467 8308 8467 8311 8312 
8468 8467 8312 8310 8466 8313 8466 8469 8313 
8312 8314 8468 8468 8314 8470 8315 8471 8472 
8316 8315 8472 8469 8315 8313 8471 8315 8469 
8314 8473 8470 8317 8473 8314 8473 8317 8318 
8474 8473 8318 8319 8475 8476 8320 8319 8476 
8472 8319 8316 8475 8319 8472 8318 8477 8474 
8321 8477 8318 8477 8321 8322 8478 8477 8322 
8320 8476 8323 8476 8479 8323 8322 8324 8478 
8478 8324 8480 8325 8481 8482 8326 8325 8482 
8479 8325 8323 8481 8325 8479 8324 8483 8480 
8327 8483 8324 8483 8327 8328 8484 8483 8328 
8326 8482 8329 8482 8485 8329 8328 8330 8484 
8484 8330 8486 8331 8487 8488 8332 8331 8488 
8485 8331 8329 8487 8331 8485 8330 8489 8486 
8333 8489 8330 8489 8333 8334 8490 8489 8334 
8332 8488 8335 8488 8491 8335 8334 8336 8490 
8490 8336 8492 8335 8491 8337 8491 8493 8337 
8336 8338 8492 8492 8338 8494 8337 8493 8339 
8493 8495 8339 8338 8340 8494 8494 8340 8496 
8339 8495 8341 8495 8497 8341 8340 8342 8496 
8496 8342 8498 8341 8497 8343 8497 8499 8343 
8342 8344 8498 8498 8344 8500 8343 8499 8345 
8499 8501 8345 8344 8346 8500 8500 8346 8502 
8345 8501 8347 8501 8503 8347 8346 8348 8502 
8502 8348 8504 8347 8503 8349 8503 8505 8349 
8348 8350 8504 8504 8350 8506 8349 8505 8351 
8505 8507 8351 8350 8352 8506 8506 8352 8508 
8351 8507 8353 8507 8509 8353 8352 8354 8508 
8508 8354 8510 8353 8509 8355 8509 8511 8355 
8354 8356 8510 8510 8356 8512 8355 8511 8357 
8511 8513 8357 8356 8358 8512 8512 8358 8514 
8357 8513 8515 8359 8357 8515 8515 8360 8359 
8516 8360 8515 8362 8517 8518 8361 8517 8362 
8514 8358 8362 8518 8514 8362 8360 8516 8363 
8516 8519 8363 8361 8364 8517 8517 8364 8520 
8363 8519 8521 8365 8363 8521 8521 8366 8365 
8522 8366 8521 8368 8523 8524 8367 8523 8368 
8520 8364 8368 8524 8520 8368 8366 8522 8369 
8522 8525 8369 8367 8370 8523 8523 8370 8526 
8369 8525 8527 8371 8369 8527 8527 8372 8371 
8528 8372 8527 8374 8529 8530 8373 8529 8374 
8526 8370 8374 8530 8526 8374 8372 8528 8531 
8375 8372 8531 8531 8376 8375 8532 8376 8531 
8378 8533 8534 8377 8533 8378 8529 8373 8378 
8534 8529 8378 8376 8532 8379 8532 8535 8379 
8377 8380 8533 8533 8380 8536 8379 8535 8537 
8381 8379 8537 8537 8382 8381 8538 8382 8537 
8384 8539 8540 8383 8539 8384 8536 8380 8384 
8540 8536 8384 8382 8538 8541 8385 8382 8541 
8541 8386 8385 8542 8386 8541 8388 8543 8544 
8387 8543 8388 8539 8383 8388 8544 8539 8388 
8386 8542 8545 8389 8386 8545 8390 8389 8546 
8389 8545 8546 8546 8391 8390 8547 8391 8546 
8393 8548 8549 8392 8548 8393 8394 8393 8550 
8393 8549 8550 8543 8387 8394 8550 8543 8394 
8391 8547 8551 8395 8391 8551 8551 8396 8395 
8552 8396 8551 8398 8553 8554 8397 8553 8398 
8548 8392 8398 8554 8548 8398 8396 8552 8555 
8399 8396 8555 8400 8399 8556 8399 8555 8556 
8556 8401 8400 8557 8401 8556 8403 8558 8559 
8402 8558 8403 8404 8403 8560 8403 8559 8560 
8553 8397 8404 8560 8553 8404 8401 8557 8561 
8405 8401 8561 8406 8405 8562 8405 8561 8562 
8562 8407 8406 8563 8407 8562 8409 8564 8565 
8408 8564 8409 8410 8409 8566 8409 8565 8566 
8558 8402 8410 8566 8558 8410 8407 8563 8567 
8411 8407 8567 8412 8411 8568 8411 8567 8568 
8413 8412 8569 8412 8568 8569 8414 8413 8570 
8413 8569 8570 8415 8414 8571 8414 8570 8571 
8416 8415 8572 8415 8571 8572 8417 8416 8573 
8416 8572 8573 8418 8417 8574 8417 8573 8574 
8419 8418 8575 8418 8574 8575 8420 8419 8576 
8419 8575 8576 8421 8420 8577 8420 8576 8577 
8422 8421 8578 8421 8577 8578 8423 8422 8579 
8422 8578 8579 8564 8408 8423 8579 8564 8423 
8424 8580 8581 8425 8424 8581 8426 8582 8424 
8424 8582 8580 8427 8583 8426 8426 8583 8582 
8428 8584 8427 8427 8584 8583 8429 8585 8428 
8428 8585 8584 8430 8586 8429 8429 8586 8585 
8431 8587 8430 8430 8587 8586 8432 8588 8431 
8431 8588 8587 8433 8589 8432 8432 8589 8588 
8434 8590 8433 8433 8590 8589 8435 8591 8434 
8434 8591 8590 8436 8592 8435 8435 8592 8591 
8437 8593 8436 8436 8593 8592 8593 8437 8438 
8594 8593 8438 8439 8595 8596 8440 8439 8596 
8441 8597 8439 8439 8597 8595 8581 8441 8425 
8597 8441 8581 8438 8598 8594 8442 8598 8438 
8443 8599 8442 8442 8599 8598 8599 8443 8444 
8600 8599 8444 8445 8601 8602 8446 8445 8602 
8447 8603 8445 8445 8603 8601 8596 8447 8440 
8603 8447 8596 8444 8604 8600 8448 8604 8444 
8449 8605 8448 8448 8605 8604 8605 8449 8450 
8606 8605 8450 8451 8607 8608 8452 8451 8608 
8602 8451 8446 8607 8451 8602 8450 8609 8606 
8453 8609 8450 8609 8453 8454 8610 8609 8454 
8455 8611 8612 8456 8455 8612 8457 8613 8455 
8455 8613 8611 8608 8457 8452 8613 8457 8608 
8454 8614 8610 8458 8614 8454 8459 8615 8458 
8458 8615 8614 8615 8459 8460 8616 8615 8460 
8461 8617 8618 8462 8461 8618 8612 8461 8456 
8617 8461 8612 8460 8619 8616 8463 8619 8460 
8619 8463 8464 8620 8619 8464 8465 8621 8622 
8466 8465 8622 8618 8465 8462 8621 8465 8618 
8464 8623 8620 8467 8623 8464 8623 8467 8468 
8624 8623 8468 8466 8622 8469 8622 8625 8469 
8468 8470 8624 8624 8470 8626 8471 8627 8628 
8472 8471 8628 8625 8471 8469 8627 8471 8625 
8470 8629 8626 8473 8629 8470 8629 8473 8474 
8630 8629 8474 8475 8631 8632 8476 8475 8632 
8628 8475 8472 8631 8475 8628 8474 8633 8630 
8477 8633 8474 8633 8477 8478 8634 8633 8478 
8476 8632 8479 8632 8635 8479 8478 8480 8634 
8634 8480 8636 8481 8637 8638 8482 8481 8638 
8635 8481 8479 8637 8481 8635 8480 8639 8636 
8483 8639 8480 8639 8483 8484 8640 8639 8484 
8482 8638 8485 8638 8641 8485 8484 8486 8640 
8640 8486 8642 8487 8643 8644 8488 8487 8644 
8641 8487 8485 8643 8487 8641 8486 8645 8642 
8489 8645 8486 8645 8489 8490 8646 8645 8490 
8488 8644 8491 8644 8647 8491 8490 8492 8646 
8646 8492 8648 8491 8647 8493 8647 8649 8493 
8492 8494 8648 8648 8494 8650 8493 8649 8495 
8649 8651 8495 8494 8496 8650 8650 8496 8652 
8495 8651 8497 8651 8653 8497 8496 8498 8652 
8652 8498 8654 8497 8653 8499 8653 8655 8499 
8498 8500 8654 8654 8500 8656 8499 8655 8501 
8655 8657 8501 8500 8502 8656 8656 8502 8658 
8501 8657 8503 8657 8659 8503 8502 8504 8658 
8658 8504 8660 8503 8659 8505 8659 8661 8505 
8504 8506 8660 8660 8506 8662 8505 8661 8507 
8661 8663 8507 8506 8508 8662 8662 8508 8664 
8507 8663 8509 8663 8665 8509 8508 8510 8664 
8664 8510 8666 8509 8665 8511 8665 8667 8511 
8510 8512 8666 8666 8512 8668 8511 8667 8513 
8667 8669 8513 8512 8514 8668 8668 8514 8670 
8513 8669 8671 8515 8513 8671 8671 8516 8515 
8672 8516 8671 8518 8673 8674 8517 8673 8518 
8670 8514 8518 8674 8670 8518 8516 8672 8519 
8672 8675 8519 8517 8520 8673 8673 8520 8676 
8519 8675 8677 8521 8519 8677 8677 8522 8521 
8678 8522 8677 8524 8679 8680 8523 8679 8524 
8676 8520 8524 8680 8676 8524 8522 8678 8525 
8678 8681 8525 8523 8526 8679 8679 8526 8682 
8525 8681 8683 8527 8525 8683 8683 8528 8527 
8684 8528 8683 8530 8685 8686 8529 8685 8530 
8682 8526 8530 8686 8682 8530 8528 8684 8687 
8531 8528 8687 8687 8532 8531 8688 8532 8687 
8534 8689 8690 8533 8689 8534 8685 8529 8534 
8690 8685 8534 8532 8688 8535 8688 8691 8535 
8533 8536 8689 8689 8536 8692 8535 8691 8693 
8537 8535 8693 8693 8538 8537 8694 8538 8693 
8540 8695 8696 8539 8695 8540 8692 8536 8540 
8696 8692 8540 8538 8694 8697 8541 8538 8697 
8697 8542 8541 8698 8542 8697 8544 8699 8700 
8543 8699 8544 8695 8539 8544 8700 8695 8544 
8542 8698 8701 8545 8542 8701 8546 8545 8702 
8545 8701 8702 8702 8547 8546 8703 8547 8702 
8549 8704 8705 8548 8704 8549 8550 8549 8706 
8549 8705 8706 8699 8543 8550 8706 8699 8550 
8547 8703 8707 8551 8547 8707 8707 8552 8551 
8708 8552 8707 8554 8709 8710 8553 8709 8554 
8704 8548 8554 8710 8704 8554 8552 8708 8711 
8555 8552 8711 8556 8555 8712 8555 8711 8712 
8712 8557 8556 8713 8557 8712 8559 8714 8715 
8558 8714 8559 8560 8559 8716 8559 8715 8716 
8709 8553 8560 8716 8709 8560 8557 8713 8717 
8561 8557 8717 8562 8561 8718 8561 8717 8718 
8718 8563 8562 8719 8563 8718 8565 8720 8721 
8564 8720 8565 8566 8565 8722 8565 8721 8722 
8714 8558 8566 8722 8714 8566 8563 8719 8723 
8567 8563 8723 8568 8567 8724 8567 8723 8724 
8569 8568 8725 8568 8724 8725 8570 8569 8726 
8569 8725 8726 8571 8570 8727 8570 8726 8727 
8572 8571 8728 8571 8727 8728 8573 8572 8729 
8572 8728 8729 8574 8573 8730 8573 8729 8730 
8575 8574 8731 8574 8730 8731 8576 8575 8732 
8575 8731 8732 8577 8576 8733 8576 8732 8733 
8578 8577 8734 8577 8733 8734 8579 8578 8735 
8578 8734 8735 8720 8564 8579 8735 8720 8579 
8580 8736 8737 8581 8580 8737 8582 8738 8580 
8580 8738 8736 8583 8739 8582 8582 8739 8738 
8584 8740 8583 8583 8740 8739 8585 8741 8584 
8584 8741 8740 8586 8742 8585 8585 8742 8741 
8587 8743 8586 8586 8743 8742 8588 8744 8587 
8587 8744 8743 8589 8745 8588 8588 8745 8744 
8590 8746 8589 8589 8746 8745 8591 8747 8590 
8590 8747 8746 8592 8748 8591 8591 8748 8747 
8593 8749 8592 8592 8749 8748 8749 8593 8594 
8750 8749 8594 8595 8751 8752 8596 8595 8752 
8597 8753 8595 8595 8753 8751 8737 8597 8581 
8753 8597 8737 8594 8754 8750 8598 8754 8594 
8599 8755 8598 8598 8755 8754 8755 8599 8600 
8756 8755 8600 8601 8757 8758 8602 8601 8758 
8603 8759 8601 8601 8759 8757 8752 8603 8596 
8759 8603 8752 8600 8760 8756 8604 8760 8600 
8605 8761 8604 8604 8761 8760 8761 8605 8606 
8762 8761 8606 8607 8763 8764 8608 8607 8764 
8758 8607 8602 8763 8607 8758 8606 8765 8762 
8609 8765 8606 8765 8609 8610 8766 8765 8610 
8611 8767 8768 8612 8611 8768 8613 8769 8611 
8611 8769 8767 8764 8613 8608 8769 8613 8764 
8610 8770 8766 8614 8770 8610 8615 8771 8614 
8614 8771 8770 8771 8615 8616 8772 8771 8616 
8617 8773 8774 8618 8617 8774 8768 8617 8612 
8773 8617 8768 8616 8775 8772 8619 8775 8616 
8775 8619 8620 8776 8775 8620 8621 8777 8778 
8622 8621 8778 8774 8621 8618 8777 8621 8774 
8620 8779 8776 8623 8779 8620 8779 8623 8624 
8780 8779 8624 8622 8778 8625 8778 8781 8625 
8624 8626 8780 8780 8626 8782 8627 8783 8784 
8628 8627 8784 8781 8627 8625 8783 8627 8781 
8626 8785 8782 8629 8785 8626 8785 8629 8630 
8786 8785 8630 8631 8787 8788 8632 8631 8788 
8784 8631 8628 8787 8631 8784 8630 8789 8786 
8633 8789 8630 8789 8633 8634 8790 8789 8634 
8632 8788 8635 8788 8791 8635 8634 8636 8790 
8790 8636 8792 8637 8793 8794 8638 8637 8794 
8791 8637 8635 8793 8637 8791 8636 8795 8792 
8639 8795 8636 8795 8639 8640 8796 8795 8640 
8638 8794 8641 8794 8797 8641 8640 8642 8796 
8796 8642 8798 8643 8799 8800 8644 8643 8800 
8797 8643 8641 8799 8643 8797 8642 8801 8798 
8645 8801 8642 8801 8645 8646 8802 8801 8646 
8644 8800 8647 8800 8803 8647 8646 8648 8802 
8802 8648 8804 8647 8803 8649 8803 8805 8649 
8648 8650 8804 8804 8650 8806 8649 8805 8651 
8805 8807 8651 8650 8652 8806 8806 8652 8808 
8651 8807 8653 8807 8809 8653 8652 8654 8808 
8808 8654 8810 8653 8809 8655 8809 8811 8655 
8654 8656 8810 8810 8656 8812 8655 8811 8657 
8811 8813 8657 8656 8658 8812 8812 8658 8814 
8657 8813 8659 8813 8815 8659 8658 8660 8814 
8814 8660 8816 8659 8815 8661 8815 8817 8661 
8660 8662 8816 8816 8662 8818 8661 8817 8663 
8817 8819 8663 8662 8664 8818 8818 8664 8820 
8663 8819 8665 8819 8821 8665 8664 8666 8820 
8820 8666 8822 8665 8821 8667 8821 8823 8667 
8666 8668 8822 8822 8668 8824 8667 8823 8669 
8823 8825 8669 8668 8670 8824 8824 8670 8826 
8669 8825 8827 8671 8669 8827 8827 8672 8671 
8828 8672 8827 8674 8829 8830 8673 8829 8674 
8826 8670 8674 8830 8826 8674 8672 8828 8675 
8828 8831 8675 8673 8676 8829 8829 8676 8832 
8675 8831 8833 8677 8675 8833 8833 8678 8677 
8834 8678 8833 8680 8835 8836 8679 8835 8680 
8832 8676 8680 8836 8832 8680 8678 8834 8681 
8834 8837 8681 8679 8682 8835 8835 8682 8838 
8681 8837 8839 8683 8681 8839 8839 8684 8683 
8840 8684 8839 8686 8841 8842 8685 8841 8686 
8838 8682 8686 8842 8838 8686 8684 8840 8843 
8687 8684 8843 8843 8688 8687 8844 8688 8843 
8690 8845 8846 8689 8845 8690 8841 8685 8690 
8846 8841 8690 8688 8844 8691 8844 8847 8691 
8689 8692 8845 8845 8692 8848 8691 8847 8849 
8693 8691 8849 8849 8694 8693 8850 8694 8849 
8696 8851 8852 8695 8851 8696 8848 8692 8696 
8852 8848 8696 8694 8850 8853 8697 8694 8853 
8853 8698 8697 8854 8698 8853 8700 8855 8856 
8699 8855 8700 8851 8695 8700 8856 8851 8700 
8698 8854 8857 8701 8698 8857 8702 8701 8858 
8701 8857 8858 8858 8703 8702 8859 8703 8858 
8705 8860 8861 8704 8860 8705 8706 8705 8862 
8705 8861 8862 8855 8699 8706 8862 8855 8706 
8703 8859 8863 8707 8703 8863 8863 8708 8707 
8864 8708 8863 8710 8865 8866 8709 8865 8710 
8860 8704 8710 8866 8860 8710 8708 8864 8867 
8711 8708 8867 8712 8711 8868 8711 8867 8868 
8868 8713 8712 8869 8713 8868 8715 8870 8871 
8714 8870 8715 8716 8715 8872 8715 8871 8872 
8865 8709 8716 8872 8865 8716 8713 8869 8873 
8717 8713 8873 8718 8717 8874 8717 8873 8874 
8874 8719 8718 8875 8719 8874 8721 8876 8877 
8720 8876 8721 8722 8721 8878 8721 8877 8878 
8870 8714 8722 8878 8870 8722 8719 8875 8879 
8723 8719 8879 8724 8723 8880 8723 8879 8880 
8725 8724 8881 8724 8880 8881 8726 8725 8882 
8725 8881 8882 8727 8726 8883 8726 8882 8883 
8728 8727 8884 8727 8883 8884 8729 8728 8885 
8728 8884 8885 8730 8729 8886 8729 8885 8886 
8731 8730 8887 8730 8886 8887 8732 8731 8888 
8731 8887 8888 8733 8732 8889 8732 8888 8889 
8734 8733 8890 8733 8889 8890 8735 8734 8891 
8734 8890 8891 8876 8720 8735 8891 8876 8735 
8736 8892 8893 8737 8736 8893 8738 8894 8736 
8736 8894 8892 8739 8895 8738 8738 8895 8894 
8740 8896 8739 8739 8896 8895 8741 8897 8740 
8740 8897 8896 8742 8898 8741 8741 8898 8897 
8743 8899 8742 8742 8899 8898 8744 8900 8743 
8743 8900 8899 8745 8901 8744 8744 8901 8900 
8746 8902 8745 8745 8902 8901 8747 8903 8746 
8746 8903 8902 8748 8904 8747 8747 8904 8903 
8749 8905 8748 8748 8905 8904 8905 8749 8750 
8906 8905 8750 8751 8907 8908 8752 8751 8908 
8753 8909 8751 8751 8909 8907 8893 8753 8737 
8909 8753 8893 8750 8910 8906 8754 8910 8750 
8755 8911 8754 8754 8911 8910 8911 8755 8756 
8912 8911 8756 8757 8913 8914 8758 8757 8914 
8759 8915 8757 8757 8915 8913 8908 8759 8752 
8915 8759 8908 8756 8916 8912 8760 8916 8756 
8761 8917 8760 8760 8917 8916 8917 8761 8762 
8918 8917 8762 8763 8919 8920 8764 8763 8920 
8914 8763 8758 8919 8763 8914 8762 8921 8918 
8765 8921 8762 8921 8765 8766 8922 8921 8766 
8767 8923 8924 8768 8767 8924 8769 8925 8767 
8767 8925 8923 8920 8769 8764 8925 8769 8920 
8766 8926 8922 8770 8926 8766 8771 8927 8770 
8770 8927 8926 8927 8771 8772 8928 8927 8772 
8773 8929 8930 8774 8773 8930 8924 8773 8768 
8929 8773 8924 8772 8931 8928 8775 8931 8772 
8931 8775 8776 8932 8931 8776 8777 8933 8934 
8778 8777 8934 8930 8777 8774 8933 8777 8930 
8776 8935 8932 8779 8935 8776 8935 8779 8780 
8936 8935 8780 8778 8934 8781 8934 8937 8781 
8780 8782 8936 8936 8782 8938 8783 8939 8940 
8784 8783 8940 8937 8783 8781 8939 8783 8937 
8782 8941 8938 8785 8941 8782 8941 8785 8786 
8942 8941 8786 8787 8943 8944 8788 8787 8944 
8940 8787 8784 8943 8787 8940 8786 8945 8942 
8789 8945 8786 8945 8789 8790 8946 8945 8790 
8788 8944 8791 8944 8947 8791 8790 8792 8946 
8946 8792 8948 8793 8949 8950 8794 8793 8950 
8947 8793 8791 8949 8793 8947 8792 8951 8948 
8795 8951 8792 8951 8795 8796 8952 8951 8796 
8794 8950 8797 8950 8953 8797 8796 8798 8952 
8952 8798 8954 8799 8955 8956 8800 8799 8956 
8953 8799 8797 8955 8799 8953 8798 8957 8954 
8801 8957 8798 8957 8801 8802 8958 8957 8802 
8800 8956 8803 8956 8959 8803 8802 8804 8958 
8958 8804 8960 8803 8959 8805 8959 8961 8805 
8804 8806 8960 8960 8806 8962 8805 8961 8807 
8961 8963 8807 8806 8808 8962 8962 8808 8964 
8807 8963 8809 8963 8965 8809 8808 8810 8964 
8964 8810 8966 8809 8965 8811 8965 8967 8811 
8810 8812 8966 8966 8812 8968 8811 8967 8813 
8967 8969 8813 8812 8814 8968 8968 8814 8970 
8813 8969 8815 8969 8971 8815 8814 8816 8970 
8970 8816 8972 8815 8971 8817 8971 8973 8817 
8816 8818 8972 8972 8818 8974 8817 8973 8819 
8973 8975 8819 8818 8820 8974 8974 8820 8976 
8819 8975 8821 8975 8977 8821 8820 8822 8976 
8976 8822 8978 8821 8977 8823 8977 8979 8823 
8822 8824 8978 8978 8824 8980 8823 8979 8825 
8979 8981 8825 8824 8826 8980 8980 8826 8982 
8825 8981 8983 8827 8825 8983 8983 8828 8827 
8984 8828 8983 8830 8985 8986 8829 8985 8830 
8982 8826 8830 8986 8982 8830 8828 8984 8831 
8984 8987 8831 8829 8832 8985 8985 8832 8988 
8831 8987 8989 8833 8831 8989 8989 8834 8833 
8990 8834 8989 8836 8991 8992 8835 8991 8836 
8988 8832 8836 8992 8988 8836 8834 8990 8837 
8990 8993 8837 8835 8838 8991 8991 8838 8994 
8837 8993 8995 8839 8837 8995 8995 8840 8839 
8996 8840 8995 8842 8997 8998 8841 8997 8842 
8994 8838 8842 8998 8994 8842 8840 8996 8999 
8843 8840 8999 8999 8844 8843 9000 8844 8999 
8846 9001 9002 8845 9001 8846 8997 8841 8846 
9002 8997 8846 8844 9000 8847 9000 9003 8847 
8845 8848 9001 9001 8848 9004 8847 9003 9005 
8849 8847 9005 9005 8850 8849 9006 8850 9005 
8852 9007 9008 8851 9007 8852 9004 8848 8852 
9008 9004 8852 8850 9006 9009 8853 8850 9009 
9009 8854 8853 9010 8854 9009 8856 9011 9012 
8855 9011 8856 9007 8851 8856 9012 9007 8856 
8854 9010 9013 8857 8854 9013 8858 8857 9014 
8857 9013 9014 9014 8859 8858 9015 8859 9014 
8861 9016 9017 8860 9016 8861 8862 8861 9018 
8861 9017 9018 9011 8855 8862 9018 9011 8862 
8859 9015 9019 8863 8859 9019 9019 8864 8863 
9020 8864 9019 8866 9021 9022 8865 9021 8866 
9016 8860 8866 9022 9016 8866 8864 9020 9023 
8867 8864 9023 8868 8867 9024 8867 9023 9024 
9024 8869 8868 9025 8869 9024 8871 9026 9027 
8870 9026 8871 8872 8871 9028 8871 9027 9028 
9021 8865 8872 9028 9021 8872 8869 9025 9029 
8873 8869 9029 8874 8873 9030 8873 9029 9030 
9030 8875 8874 9031 8875 9030 8877 9032 9033 
8876 9032 8877 8878 8877 9034 8877 9033 9034 
9026 8870 8878 9034 9026 8878 8875 9031 9035 
8879 8875 9035 8880 8879 9036 8879 9035 9036 
8881 8880 9037 8880 9036 9037 8882 8881 9038 
8881 9037 9038 8883 8882 9039 8882 9038 9039 
8884 8883 9040 8883 9039 9040 8885 8884 9041 
8884 9040 9041 8886 8885 9042 8885 9041 9042 
8887 8886 9043 8886 9042 9043 8888 8887 9044 
8887 9043 9044 8889 8888 9045 8888 9044 9045 
8890 8889 9046 8889 9045 9046 8891 8890 9047 
8890 9046 9047 9032 8876 8891 9047 9032 8891 
8892 9048 9049 8893 8892 9049 8894 9050 8892 
8892 9050 9048 8895 9051 8894 8894 9051 9050 
8896 9052 8895 8895 9052 9051 8897 9053 8896 
8896 9053 9052 8898 9054 8897 8897 9054 9053 
8899 9055 8898 8898 9055 9054 8900 9056 8899 
8899 9056 9055 8901 9057 8900 8900 9057 9056 
8902 9058 8901 8901 9058 9057 8903 9059 8902 
8902 9059 9058 8904 9060 8903 8903 9060 9059 
8905 9061 8904 8904 9061 9060 9061 8905 8906 
9062 9061 8906 8907 9063 9064 8908 8907 9064 
8909 9065 8907 8907 9065 9063 9049 8909 8893 
9065 8909 9049 8906 9066 9062 8910 9066 8906 
8911 9067 8910 8910 9067 9066 9067 8911 8912 
9068 9067 8912 8913 9069 9070 8914 8913 9070 
8915 9071 8913 8913 9071 9069 9064 8915 8908 
9071 8915 9064 8912 9072 9068 8916 9072 8912 
8917 9073 8916 8916 9073 9072 9073 8917 8918 
9074 9073 8918 8919 9075 9076 8920 8919 9076 
9070 8919 8914 9075 8919 9070 8918 9077 9074 
8921 9077 8918 9077 8921 8922 9078 9077 8922 
8923 9079 9080 8924 8923 9080 8925 9081 8923 
8923 9081 9079 9076 8925 8920 9081 8925 9076 
8922 9082 9078 8926 9082 8922 8927 9083 8926 
8926 9083 9082 9083 8927 8928 9084 9083 8928 
8929 9085 9086 8930 8929 9086 9080 8929 8924 
9085 8929 9080 8928 9087 9084 8931 9087 8928 
9087 8931 8932 9088 9087 8932 8933 9089 9090 
8934 8933 9090 9086 8933 8930 9089 8933 9086 
8932 9091 9088 8935 9091 8932 9091 8935 8936 
9092 9091 8936 8934 9090 8937 9090 9093 8937 
8936 8938 9092 9092 8938 9094 8939 9095 9096 
8940 8939 9096 9093 8939 8937 9095 8939 9093 
8938 9097 9094 8941 9097 8938 9097 8941 8942 
9098 9097 8942 8943 9099 9100 8944 8943 9100 
9096 8943 8940 9099 8943 9096 8942 9101 9098 
8945 9101 8942 9101 8945 8946 9102 9101 8946 
8944 9100 8947 9100 9103 8947 8946 8948 9102 
9102 8948 9104 8949 9105 9106 8950 8949 9106 
9103 8949 8947 9105 8949 9103 8948 9107 9104 
8951 9107 8948 9107 8951 8952 9108 9107 8952 
8950 9106 8953 9106 9109 8953 8952 8954 9108 
9108 8954 9110 8955 9111 9112 8956 8955 9112 
9109 8955 8953 9111 8955 9109 8954 9113 9110 
8957 9113 8954 9113 8957 8958 9114 9113 8958 
8956 9112 8959 9112 9115 8959 8958 8960 9114 
9114 8960 9116 8959 9115 8961 9115 9117 8961 
8960 8962 9116 9116 8962 9118 8961 9117 8963 
9117 9119 8963 8962 8964 9118 9118 8964 9120 
8963 9119 8965 9119 9121 8965 8964 8966 9120 
9120 8966 9122 8965 9121 8967 9121 9123 8967 
8966 8968 9122 9122 8968 9124 8967 9123 8969 
9123 9125 8969 8968 8970 9124 9124 8970 9126 
8969 9125 8971 9125 9127 8971 8970 8972 9126 
9126 8972 9128 8971 9127 8973 9127 9129 8973 
8972 8974 9128 9128 8974 9130 8973 9129 8975 
9129 9131 8975 8974 8976 9130 9130 8976 9132 
8975 9131 8977 9131 9133 8977 8976 8978 9132 
9132 8978 9134 8977 9133 8979 9133 9135 8979 
8978 8980 9134 9134 8980 9136 8979 9135 8981 
9135 9137 8981 8980 8982 9136 9136 8982 9138 
8981 9137 9139 8983 8981 9139 9139 8984 8983 
9140 8984 9139 8986 9141 9142 8985 9141 8986 
9138 8982 8986 9142 9138 8986 8984 9140 8987 
9140 9143 8987 8985 8988 9141 9141 8988 9144 
8987 9143 9145 8989 8987 9145 9145 8990 8989 
9146 8990 9145 8992 9147 9148 8991 9147 8992 
9144 8988 8992 9148 9144 8992 8990 9146 8993 
9146 9149 8993 8991 8994 9147 9147 8994 9150 
8993 9149 9151 8995 8993 9151 9151 8996 8995 
9152 8996 9151 8998 9153 9154 8997 9153 8998 
9150 8994 8998 9154 9150 8998 8996 9152 9155 
8999 8996 9155 9155 9000 8999 9156 9000 9155 
9002 9157 9158 9001 9157 9002 9153 8997 9002 
9158 9153 9002 9000 9156 9003 9156 9159 9003 
9001 9004 9157 9157 9004 9160 9003 9159 9161 
9005 9003 9161 9161 9006 9005 9162 9006 9161 
9008 9163 9164 9007 9163 9008 9160 9004 9008 
9164 9160 9008 9006 9162 9165 9009 9006 9165 
9165 9010 9009 9166 9010 9165 9012 9167 9168 
9011 9167 9012 9163 9007 9012 9168 9163 9012 
9010 9166 9169 9013 9010 9169 9014 9013 9170 
9013 9169 9170 9170 9015 9014 9171 9015 9170 
9017 9172 9173 9016 9172 9017 9018 9017 9174 
9017 9173 9174 9167 9011 9018 9174 9167 9018 
9015 9171 9175 9019 9015 9175 9175 9020 9019 
9176 9020 9175 9022 9177 9178 9021 9177 9022 
9172 9016 9022 9178 9172 9022 9020 9176 9179 
9023 9020 9179 9024 9023 9180 9023 9179 9180 
9180 9025 9024 9181 9025 9180 9027 9182 9183 
9026 9182 9027 9028 9027 9184 9027 9183 9184 
9177 9021 9028 9184 9177 9028 9025 9181 9185 
9029 9025 9185 9030 9029 9186 9029 9185 9186 
9186 9031 9030 9187 9031 9186 9033 9188 9189 
9032 9188 9033 9034 9033 9190 9033 9189 9190 
9182 9026 9034 9190 9182 9034 9031 9187 9191 
9035 9031 9191 9036 9035 9192 9035 9191 9192 
9037 9036 9193 9036 9192 9193 9038 9037 9194 
9037 9193 9194 9039 9038 9195 9038 9194 9195 
9040 9039 9196 9039 9195 9196 9041 9040 9197 
9040 9196 9197 9042 9041 9198 9041 9197 9198 
9043 9042 9199 9042 9198 9199 9044 9043 9200 
9043 9199 9200 9045 9044 9201 9044 9200 9201 
9046 9045 9202 9045 9201 9202 9047 9046 9203 
9046 9202 9203 9188 9032 9047 9203 9188 9047 
9048 9204 9205 9049 9048 9205 9050 9206 9048 
9048 9206 9204 9051 9207 9050 9050 9207 9206 
9052 9208 9051 9051 9208 9207 9053 9209 9052 
9052 9209 9208 9054 9210 9053 9053 9210 9209 
9055 9211 9054 9054 9211 9210 9056 9212 9055 
9055 9212 9211 9057 9213 9056 9056 9213 9212 
9058 9214 9057 9057 9214 9213 9059 9215 9058 
9058 9215 9214 9060 9216 9059 9059 9216 9215 
9061 9217 9060 9060 9217 9216 9217 9061 9062 
9218 9217 9062 9063 9219 9220 9064 9063 9220 
9065 9221 9063 9063 9221 9219 9205 9065 9049 
9221 9065 9205 9062 9222 9218 9066 9222 9062 
9067 9223 9066 9066 9223 9222 9223 9067 9068 
9224 9223 9068 9069 9225 9226 9070 9069 9226 
9071 9227 9069 9069 9227 9225 9220 9071 9064 
9227 9071 9220 9068 9228 9224 9072 9228 9068 
9073 9229 9072 9072 9229 9228 9229 9073 9074 
9230 9229 9074 9075 9231 9232 9076 9075 9232 
9226 9075 9070 9231 9075 9226 9074 9233 9230 
9077 9233 9074 9233 9077 9078 9234 9233 9078 
9079 9235 9236 9080 9079 9236 9081 9237 9079 
9079 9237 9235 9232 9081 9076 9237 9081 9232 
9078 9238 9234 9082 9238 9078 9083 9239 9082 
9082 9239 9238 9239 9083 9084 9240 9239 9084 
9085 9241 9242 9086 9085 9242 9236 9085 9080 
9241 9085 9236 9084 9243 9240 9087 9243 9084 
9243 9087 9088 9244 9243 9088 9089 9245 9246 
9090 9089 9246 9242 9089 9086 9245 9089 9242 
9088 9247 9244 9091 9247 9088 9247 9091 9092 
9248 9247 9092 9090 9246 9093 9246 9249 9093 
9092 9094 9248 9248 9094 9250 9095 9251 9252 
9096 9095 9252 9249 9095 9093 9251 9095 9249 
9094 9253 9250 9097 9253 9094 9253 9097 9098 
9254 9253 9098 9099 9255 9256 9100 9099 9256 
9252 9099 9096 9255 9099 9252 9098 9257 9254 
9101 9257 9098 9257 9101 9102 9258 9257 9102 
9100 9256 9103 9256 9259 9103 9102 9104 9258 
9258 9104 9260 9105 9261 9262 9106 9105 9262 
9259 9105 9103 9261 9105 9259 9104 9263 9260 
9107 9263 9104 9263 9107 9108 9264 9263 9108 
9106 9262 9109 9262 9265 9109 9108 9110 9264 
9264 9110 9266 9111 9267 9268 9112 9111 9268 
9265 9111 9109 9267 9111 9265 9110 9269 9266 
9113 9269 9110 9269 9113 9114 9270 9269 9114 
9112 9268 9115 9268 9271 9115 9114 9116 9270 
9270 9116 9272 9115 9271 9117 9271 9273 9117 
9116 9118 9272 9272 9118 9274 9117 9273 9119 
9273 9275 9119 9118 9120 9274 9274 9120 9276 
9119 9275 9121 9275 9277 9121 9120 9122 9276 
9276 9122 9278 9121 9277 9123 9277 9279 9123 
9122 9124 9278 9278 9124 9280 9123 9279 9125 
9279 9281 9125 9124 9126 9280 9280 9126 9282 
9125 9281 9127 9281 9283 9127 9126 9128 9282 
9282 9128 9284 9127 9283 9129 9283 9285 9129 
9128 9130 9284 9284 9130 9286 9129 9285 9131 
9285 9287 9131 9130 9132 9286 9286 9132 9288 
9131 9287 9133 9287 9289 9133 9132 9134 9288 
9288 9134 9290 9133 9289 9135 9289 9291 9135 
9134 9136 9290 9290 9136 9292 9135 9291 9137 
9291 9293 9137 9136 9138 9292 9292 9138 9294 
9137 9293 9295 9139 9137 9295 9295 9140 9139 
9296 9140 9295 9142 9297 9298 9141 9297 9142 
9294 9138 9142 9298 9294 9142 9140 9296 9143 
9296 9299 9143 9141 9144 9297 9297 9144 9300 
9143 9299 9301 9145 9143 9301 9301 9146 9145 
9302 9146 9301 9148 9303 9304 9147 9303 9148 
9300 9144 9148 9304 9300 9148 9146 9302 9149 
9302 9305 9149 9147 9150 9303 9303 9150 9306 
9149 9305 9307 9151 9149 9307 9307 9152 9151 
9308 9152 9307 9154 9309 9310 9153 9309 9154 
9306 9150 9154 9310 9306 9154 9152 9308 9311 
9155 9152 9311 9311 9156 9155 9312 9156 9311 
9158 9313 9314 9157 9313 9158 9309 9153 9158 
9314 9309 9158 9156 9312 9159 9312 9315 9159 
9157 9160 9313 9313 9160 9316 9159 9315 9317 
9161 9159 9317 9317 9162 9161 9318 9162 9317 
9164 9319 9320 9163 9319 9164 9316 9160 9164 
9320 9316 9164 9162 9318 9321 9165 9162 9321 
9321 9166 9165 9322 9166 9321 9168 9323 9324 
9167 9323 9168 9319 9163 9168 9324 9319 9168 
9166 9322 9325 9169 9166 9325 9170 9169 9326 
9169 9325 9326 9326 9171 9170 9327 9171 9326 
9173 9328 9329 9172 9328 9173 9174 9173 9330 
9173 9329 9330 9323 9167 9174 9330 9323 9174 
9171 9327 9331 9175 9171 9331 9331 9176 9175 
9332 9176 9331 9178 9333 9334 9177 9333 9178 
9328 9172 9178 9334 9328 9178 9176 9332 9335 
9179 9176 9335 9180 9179 9336 9179 9335 9336 
9336 9181 9180 9337 9181 9336 9183 9338 9339 
9182 9338 9183 9184 9183 9340 9183 9339 9340 
9333 9177 9184 9340 9333 9184 9181 9337 9341 
9185 9181 9341 9186 9185 9342 9185 9341 9342 
9342 9187 9186 9343 9187 9342 9189 9344 9345 
9188 9344 9189 9190 9189 9346 9189 9345 9346 
9338 9182 9190 9346 9338 9190 9187 9343 9347 
9191 9187 9347 9192 9191 9348 9191 9347 9348 
9193 9192 9349 9192 9348 9349 9194 9193 9350 
9193 9349 9350 9195 9194 9351 9194 9350 9351 
9196 9195 9352 9195 9351 9352 9197 9196 9353 
9196 9352 9353 9198 9197 9354 9197 9353 9354 
9199 9198 9355 9198 9354 9355 9200 9199 9356 
9199 9355 9356 9201 9200 9357 9200 9356 9357 
9202 9201 9358 9201 9357 9358 9203 9202 9359 
9202 9358 9359 9344 9188 9203 9359 9344 9203 

POINT_DATA 9360
SCALARS scalars float
LOOKUP_TABLE default
0.5 0.5 0.5 0.5 0.5 0.5 0.5 0.5 0.5 
0.5 0.5 0.5 0.5 0.5 0.5 0.5 0.5 0.5 
0.5 0.5 0.5 0.5 0.5 0.5 0.5 0.5 0.5 
0.5 0.5 0.5 0.5 0.5 0.5 0.5 0.5 0.5 
0.5 0.5 0.5 0.5 0.5 0.5 0.5 0.5 0.5 
0.5 0.5 0.5 0.5 0.5 0.5 0.5 0.5 0.5 
0.5 0.5 0.5 0.5 0.5 0.5 0.5 0.5 0.5 
0.5 0.5 0.5 0.5 0.5 0.5 0.5 0.5 0.5 
0.5 0.5 0.5 0.5 0.5 0.5 0.5 0.5 0.5 
0.5 0.5 0.5 0.5 0.5 0.5 0.5 0.5 0.5 
0.5 0.5 0.5 0.5 0.5 0.5 0.5 0.5 0.5 
0.5 0.5 0.5 0.5 0.5 0.5 0.5 0.5 0.5 
0.5 0.5 0.5 0.5 0.5 0.5 0.5 0.5 0.5 
0.5 0.5 0.5 0.5 0.5 0.5 0.5 0.5 0.5 
0.5 0.5 0.5 0.5 0.5 0.5 0.5 0.5 0.5 
0.5 0.5 0.5 0.5 0.5 0.5 0.5 0.5 0.5 
0.5 0.5 0.5 0.5 0.5 0.5 0.5 0.5 0.5 
0.5 0.5 0.5 0.5 0.5 0.5 0.5 0.5 0.5 
0.5 0.5 0.5 0.5 0.5 0.5 0.5 0.5 0.5 
0.5 0.5 0.5 0.5 0.5 0.5 0.5 0.5 0.5 
0.5 0.5 0.5 0.5 0.5 0.5 0.5 0.5 0.5 
0.5 0.5 0.5 0.5 0.5 0.5 0.5 0.5 0.5 
0.5 0.5 0.5 0.5 0.5 0.5 0.5 0.5 0.5 
0.5 0.5 0.5 0.5 0.5 0.5 0.5 0.5 0.5 
0.5 0.5 0.5 0.5 0.5 0.5 0.5 0.5 0.5 
0.5 0.5 0.5 0.5 0.5 0.5 0.5 0.5 0.5 
0.5 0.5 0.5 0.5 0.5 0.5 0.5 0.5 0.5 
0.5 0.5 0.5 0.5 0.5 0.5 0.5 0.5 0.5 
0.5 0.5 0.5 0.5 0.5 0.5 0.5 0.5 0.5 
0.5 0.5 0.5 0.5 0.5 0.5 0.5 0.5 0.5 
0.5 0.5 0.5 0.5 0.5 0.5 0.5 0.5 0.5 
0.5 0.5 0.5 0.5 0.5 0.5 0.5 0.5 0.5 
0.5 0.5 0.5 0.5 0.5 0.5 0.5 0.5 0.5 
0.5 0.5 0.5 0.5 0.5 0.5 0.5 0.5 0.5 
0.5 0.5 0.5 0.5 0.5 0.5 0.5 0.5 0.5 
0.5 0.5 0.5 0.5 0.5 0.5 0.5 0.5 0.5 
0.5 0.5 0.5 0.5 0.5 0.5 0.5 0.5 0.5 
0.5 0.5 0.5 0.5 0.5 0.5 0.5 0.5 0.5 
0.5 0.5 0.5 0.5 0.5 0.5 0.5 0.5 0.5 
0.5 0.5 0.5 0.5 0.5 0.5 0.5 0.5 0.5 
0.5 0.5 0.5 0.5 0.5 0.5 0.5 0.5 0.5 
0.5 0.5 0.5 0.5 0.5 0.5 0.5 0.5 0.5 
0.5 0.5 0.5 0.5 0.5 0.5 0.5 0.5 0.5 
0.5 0.5 0.5 0.5 0.5 0.5 0.5 0.5 0.5 
0.5 0.5 0.5 0.5 0.5 0.5 0.5 0.5 0.5 
0.5 0.5 0.5 0.5 0.5 0.5 0.5 0.5 0.5 
0.5 0.5 0.5 0.5 0.5 0.5 0.5 0.5 0.5 
0.5 0.5 0.5 0.5 0.5 0.5 0.5 0.5 0.5 
0.5 0.5 0.5 0.5 0.5 0.5 0.5 0.5 0.5 
0.5 0.5 0.5 0.5 0.5 0.5 0.5 0.5 0.5 
0.5 0.5 0.5 0.5 0.5 0.5 0.5 0.5 0.5 
0.5 0.5 0.5 0.5 0.5 0.5 0.5 0.5 0.5 
0.5 0.5 0.5 0.5 0.5 0.5 0.5 0.5 0.5 
0.5 0.5 0.5 0.5 0.5 0.5 0.5 0.5 0.5 
0.5 0.5 0.5 0.5 0.5 0.5 0.5 0.5 0.5 
0.5 0.5 0.5 0.5 0.5 0.5 0.5 0.5 0.5 
0.5 0.5 0.5 0.5 0.5 0.5 0.5 0.5 0.5 
0.5 0.5 0.5 0.5 0.5 0.5 0.5 0.5 0.5 
0.5 0.5 0.5 0.5 0.5 0.5 0.5 0.5 0.5 
0.5 0.5 0.5 0.5 0.5 0.5 0.5 0.5 0.5 
0.5 0.5 0.5 0.5 0.5 0.5 0.5 0.5 0.5 
0.5 0.5 0.5 0.5 0.5 0.5 0.5 0.5 0.5 
0.5 0.5 0.5 0.5 0.5 0.5 0.5 0.5 0.5 
0.5 0.5 0.5 0.5 0.5 0.5 0.5 0.5 0.5 
0.5 0.5 0.5 0.5 0.5 0.5 0.5 0.5 0.5 
0.5 0.5 0.5 0.5 0.5 0.5 0.5 0.5 0.5 
0.5 0.5 0.5 0.5 0.5 0.5 0.5 0.5 0.5 
0.5 0.5 0.5 0.5 0.5 0.5 0.5 0.5 0.5 
0.5 0.5 0.5 0.5 0.5 0.5 0.5 0.5 0.5 
0.5 0.5 0.5 0.5 0.5 0.5 0.5 0.5 0.5 
0.5 0.5 0.5 0.5 0.5 0.5 0.5 0.5 0.5 
0.5 0.5 0.5 0.5 0.5 0.5 0.5 0.5 0.5 
0.5 0.5 0.5 0.5 0.5 0.5 0.5 0.5 0.5 
0.5 0.5 0.5 0.5 0.5 0.5 0.5 0.5 0.5 
0.5 0.5 0.5 0.5 0.5 0.5 0.5 0.5 0.5 
0.5 0.5 0.5 0.5 0.5 0.5 0.5 0.5 0.5 
0.5 0.5 0.5 0.5 0.5 0.5 0.5 0.5 0.5 
0.5 0.5 0.5 0.5 0.5 0.5 0.5 0.5 0.5 
0.5 0.5 0.5 0.5 0.5 0.5 0.5 0.5 0.5 
0.5 0.5 0.5 0.5 0.5 0.5 0.5 0.5 0.5 
0.5 0.5 0.5 0.5 0.5 0.5 0.5 0.5 0.5 
0.5 0.5 0.5 0.5 0.5 0.5 0.5 0.5 0.5 
0.5 0.5 0.5 0.5 0.5 0.5 0.5 0.5 0.5 
0.5 0.5 0.5 0.5 0.5 0.5 0.5 0.5 0.5 
0.5 0.5 0.5 0.5 0.5 0.5 0.5 0.5 0.5 
0.5 0.5 0.5 0.5 0.5 0.5 0.5 0.5 0.5 
0.5 0.5 0.5 0.5 0.5 0.5 0.5 0.5 0.5 
0.5 0.5 0.5 0.5 0.5 0.5 0.5 0.5 0.5 
0.5 0.5 0.5 0.5 0.5 0.5 0.5 0.5 0.5 
0.5 0.5 0.5 0.5 0.5 0.5 0.5 0.5 0.5 
0.5 0.5 0.5 0.5 0.5 0.5 0.5 0.5 0.5 
0.5 0.5 0.5 0.5 0.5 0.5 0.5 0.5 0.5 
0.5 0.5 0.5 0.5 0.5 0.5 0.5 0.5 0.5 
0.5 0.5 0.5 0.5 0.5 0.5 0.5 0.5 0.5 
0.5 0.5 0.5 0.5 0.5 0.5 0.5 0.5 0.5 
0.5 0.5 0.5 0.5 0.5 0.5 0.5 0.5 0.5 
0.5 0.5 0.5 0.5 0.5 0.5 0.5 0.5 0.5 
0.5 0.5 0.5 0.5 0.5 0.5 0.5 0.5 0.5 
0.5 0.5 0.5 0.5 0.5 0.5 0.5 0.5 0.5 
0.5 0.5 0.5 0.5 0.5 0.5 0.5 0.5 0.5 
0.5 0.5 0.5 0.5 0.5 0.5 0.5 0.5 0.5 
0.5 0.5 0.5 0.5 0.5 0.5 0.5 0.5 0.5 
0.5 0.5 0.5 0.5 0.5 0.5 0.5 0.5 0.5 
0.5 0.5 0.5 0.5 0.5 0.5 0.5 0.5 0.5 
0.5 0.5 0.5 0.5 0.5 0.5 0.5 0.5 0.5 
0.5 0.5 0.5 0.5 0.5 0.5 0.5 0.5 0.5 
0.5 0.5 0.5 0.5 0.5 0.5 0.5 0.5 0.5 
0.5 0.5 0.5 0.5 0.5 0.5 0.5 0.5 0.5 
0.5 0.5 0.5 0.5 0.5 0.5 0.5 0.5 0.5 
0.5 0.5 0.5 0.5 0.5 0.5 0.5 0.5 0.5 
0.5 0.5 0.5 0.5 0.5 0.5 0.5 0.5 0.5 
0.5 0.5 0.5 0.5 0.5 0.5 0.5 0.5 0.5 
0.5 0.5 0.5 0.5 0.5 0.5 0.5 0.5 0.5 
0.5 0.5 0.5 0.5 0.5 0.5 0.5 0.5 0.5 
0.5 0.5 0.5 0.5 0.5 0.5 0.5 0.5 0.5 
0.5 0.5 0.5 0.5 0.5 0.5 0.5 0.5 0.5 
0.5 0.5 0.5 0.5 0.5 0.5 0.5 0.5 0.5 
0.5 0.5 0.5 0.5 0.5 0.5 0.5 0.5 0.5 
0.5 0.5 0.5 0.5 0.5 0.5 0.5 0.5 0.5 
0.5 0.5 0.5 0.5 0.5 0.5 0.5 0.5 0.5 
0.5 0.5 0.5 0.5 0.5 0.5 0.5 0.5 0.5 
0.5 0.5 0.5 0.5 0.5 0.5 0.5 0.5 0.5 
0.5 0.5 0.5 0.5 0.5 0.5 0.5 0.5 0.5 
0.5 0.5 0.5 0.5 0.5 0.5 0.5 0.5 0.5 
0.5 0.5 0.5 0.5 0.5 0.5 0.5 0.5 0.5 
0.5 0.5 0.5 0.5 0.5 0.5 0.5 0.5 0.5 
0.5 0.5 0.5 0.5 0.5 0.5 0.5 0.5 0.5 
0.5 0.5 0.5 0.5 0.5 0.5 0.5 0.5 0.5 
0.5 0.5 0.5 0.5 0.5 0.5 0.5 0.5 0.5 
0.5 0.5 0.5 0.5 0.5 0.5 0.5 0.5 0.5 
0.5 0.5 0.5 0.5 0.5 0.5 0.5 0.5 0.5 
0.5 0.5 0.5 0.5 0.5 0.5 0.5 0.5 0.5 
0.5 0.5 0.5 0.5 0.5 0.5 0.5 0.5 0.5 
0.5 0.5 0.5 0.5 0.5 0.5 0.5 0.5 0.5 
0.5 0.5 0.5 0.5 0.5 0.5 0.5 0.5 0.5 
0.5 0.5 0.5 0.5 0.5 0.5 0.5 0.5 0.5 
0.5 0.5 0.5 0.5 0.5 0.5 0.5 0.5 0.5 
0.5 0.5 0.5 0.5 0.5 0.5 0.5 0.5 0.5 
0.5 0.5 0.5 0.5 0.5 0.5 0.5 0.5 0.5 
0.5 0.5 0.5 0.5 0.5 0.5 0.5 0.5 0.5 
0.5 0.5 0.5 0.5 0.5 0.5 0.5 0.5 0.5 
0.5 0.5 0.5 0.5 0.5 0.5 0.5 0.5 0.5 
0.5 0.5 0.5 0.5 0.5 0.5 0.5 0.5 0.5 
0.5 0.5 0.5 0.5 0.5 0.5 0.5 0.5 0.5 
0.5 0.5 0.5 0.5 0.5 0.5 0.5 0.5 0.5 
0.5 0.5 0.5 0.5 0.5 0.5 0.5 0.5 0.5 
0.5 0.5 0.5 0.5 0.5 0.5 0.5 0.5 0.5 
0.5 0.5 0.5 0.5 0.5 0.5 0.5 0.5 0.5 
0.5 0.5 0.5 0.5 0.5 0.5 0.5 0.5 0.5 
0.5 0.5 0.5 0.5 0.5 0.5 0.5 0.5 0.5 
0.5 0.5 0.5 0.5 0.5 0.5 0.5 0.5 0.5 
0.5 0.5 0.5 0.5 0.5 0.5 0.5 0.5 0.5 
0.5 0.5 0.5 0.5 0.5 0.5 0.5 0.5 0.5 
0.5 0.5 0.5 0.5 0.5 0.5 0.5 0.5 0.5 
0.5 0.5 0.5 0.5 0.5 0.5 0.5 0.5 0.5 
0.5 0.5 0.5 0.5 0.5 0.5 0.5 0.5 0.5 
0.5 0.5 0.5 0.5 0.5 0.5 0.5 0.5 0.5 
0.5 0.5 0.5 0.5 0.5 0.5 0.5 0.5 0.5 
0.5 0.5 0.5 0.5 0.5 0.5 0.5 0.5 0.5 
0.5 0.5 0.5 0.5 0.5 0.5 0.5 0.5 0.5 
0.5 0.5 0.5 0.5 0.5 0.5 0.5 0.5 0.5 
0.5 0.5 0.5 0.5 0.5 0.5 0.5 0.5 0.5 
0.5 0.5 0.5 0.5 0.5 0.5 0.5 0.5 0.5 
0.5 0.5 0.5 0.5 0.5 0.5 0.5 0.5 0.5 
0.5 0.5 0.5 0.5 0.5 0.5 0.5 0.5 0.5 
0.5 0.5 0.5 0.5 0.5 0.5 0.5 0.5 0.5 
0.5 0.5 0.5 0.5 0.5 0.5 0.5 0.5 0.5 
0.5 0.5 0.5 0.5 0.5 0.5 0.5 0.5 0.5 
0.5 0.5 0.5 0.5 0.5 0.5 0.5 0.5 0.5 
0.5 0.5 0.5 0.5 0.5 0.5 0.5 0.5 0.5 
0.5 0.5 0.5 0.5 0.5 0.5 0.5 0.5 0.5 
0.5 0.5 0.5 0.5 0.5 0.5 0.5 0.5 0.5 
0.5 0.5 0.5 0.5 0.5 0.5 0.5 0.5 0.5 
0.5 0.5 0.5 0.5 0.5 0.5 0.5 0.5 0.5 
0.5 0.5 0.5 0.5 0.5 0.5 0.5 0.5 0.5 
0.5 0.5 0.5 0.5 0.5 0.5 0.5 0.5 0.5 
0.5 0.5 0.5 0.5 0.5 0.5 0.5 0.5 0.5 
0.5 0.5 0.5 0.5 0.5 0.5 0.5 0.5 0.5 
0.5 0.5 0.5 0.5 0.5 0.5 0.5 0.5 0.5 
0.5 0.5 0.5 0.5 0.5 0.5 0.5 0.5 0.5 
0.5 0.5 0.5 0.5 0.5 0.5 0.5 0.5 0.5 
0.5 0.5 0.5 0.5 0.5 0.5 0.5 0.5 0.5 
0.5 0.5 0.5 0.5 0.5 0.5 0.5 0.5 0.5 
0.5 0.5 0.5 0.5 0.5 0.5 0.5 0.5 0.5 
0.5 0.5 0.5 0.5 0.5 0.5 0.5 0.5 0.5 
0.5 0.5 0.5 0.5 0.5 0.5 0.5 0.5 0.5 
0.5 0.5 0.5 0.5 0.5 0.5 0.5 0.5 0.5 
0.5 0.5 0.5 0.5 0.5 0.5 0.5 0.5 0.5 
0.5 0.5 0.5 0.5 0.5 0.5 0.5 0.5 0.5 
0.5 0.5 0.5 0.5 0.5 0.5 0.5 0.5 0.5 
0.5 0.5 0.5 0.5 0.5 0.5 0.5 0.5 0.5 
0.5 0.5 0.5 0.5 0.5 0.5 0.5 0.5 0.5 
0.5 0.5 0.5 0.5 0.5 0.5 0.5 0.5 0.5 
0.5 0.5 0.5 0.5 0.5 0.5 0.5 0.5 0.5 
0.5 0.5 0.5 0.5 0.5 0.5 0.5 0.5 0.5 
0.5 0.5 0.5 0.5 0.5 0.5 0.5 0.5 0.5 
0.5 0.5 0.5 0.5 0.5 0.5 0.5 0.5 0.5 
0.5 0.5 0.5 0.5 0.5 0.5 0.5 0.5 0.5 
0.5 0.5 0.5 0.5 0.5 0.5 0.5 0.5 0.5 
0.5 0.5 0.5 0.5 0.5 0.5 0.5 0.5 0.5 
0.5 0.5 0.5 0.5 0.5 0.5 0.5 0.5 0.5 
0.5 0.5 0.5 0.5 0.5 0.5 0.5 0.5 0.5 
0.5 0.5 0.5 0.5 0.5 0.5 0.5 0.5 0.5 
0.5 0.5 0.5 0.5 0.5 0.5 0.5 0.5 0.5 
0.5 0.5 0.5 0.5 0.5 0.5 0.5 0.5 0.5 
0.5 0.5 0.5 0.5 0.5 0.5 0.5 0.5 0.5 
0.5 0.5 0.5 0.5 0.5 0.5 0.5 0.5 0.5 
0.5 0.5 0.5 0.5 0.5 0.5 0.5 0.5 0.5 
0.5 0.5 0.5 0.5 0.5 0.5 0.5 0.5 0.5 
0.5 0.5 0.5 0.5 0.5 0.5 0.5 0.5 0.5 
0.5 0.5 0.5 0.5 0.5 0.5 0.5 0.5 0.5 
0.5 0.5 0.5 0.5 0.5 0.5 0.5 0.5 0.5 
0.5 0.5 0.5 0.5 0.5 0.5 0.5 0.5 0.5 
0.5 0.5 0.5 0.5 0.5 0.5 0.5 0.5 0.5 
0.5 0.5 0.5 0.5 0.5 0.5 0.5 0.5 0.5 
0.5 0.5 0.5 0.5 0.5 0.5 0.5 0.5 0.5 
0.5 0.5 0.5 0.5 0.5 0.5 0.5 0.5 0.5 
0.5 0.5 0.5 0.5 0.5 0.5 0.5 0.5 0.5 
0.5 0.5 0.5 0.5 0.5 0.5 0.5 0.5 0.5 
0.5 0.5 0.5 0.5 0.5 0.5 0.5 0.5 0.5 
0.5 0.5 0.5 0.5 0.5 0.5 0.5 0.5 0.5 
0.5 0.5 0.5 0.5 0.5 0.5 0.5 0.5 0.5 
0.5 0.5 0.5 0.5 0.5 0.5 0.5 0.5 0.5 
0.5 0.5 0.5 0.5 0.5 0.5 0.5 0.5 0.5 
0.5 0.5 0.5 0.5 0.5 0.5 0.5 0.5 0.5 
0.5 0.5 0.5 0.5 0.5 0.5 0.5 0.5 0.5 
0.5 0.5 0.5 0.5 0.5 0.5 0.5 0.5 0.5 
0.5 0.5 0.5 0.5 0.5 0.5 0.5 0.5 0.5 
0.5 0.5 0.5 0.5 0.5 0.5 0.5 0.5 0.5 
0.5 0.5 0.5 0.5 0.5 0.5 0.5 0.5 0.5 
0.5 0.5 0.5 0.5 0.5 0.5 0.5 0.5 0.5 
0.5 0.5 0.5 0.5 0.5 0.5 0.5 0.5 0.5 
0.5 0.5 0.5 0.5 0.5 0.5 0.5 0.5 0.5 
0.5 0.5 0.5 0.5 0.5 0.5 0.5 0.5 0.5 
0.5 0.5 0.5 0.5 0.5 0.5 0.5 0.5 0.5 
0.5 0.5 0.5 0.5 0.5 0.5 0.5 0.5 0.5 
0.5 0.5 0.5 0.5 0.5 0.5 0.5 0.5 0.5 
0.5 0.5 0.5 0.5 0.5 0.5 0.5 0.5 0.5 
0.5 0.5 0.5 0.5 0.5 0.5 0.5 0.5 0.5 
0.5 0.5 0.5 0.5 0.5 0.5 0.5 0.5 0.5 
0.5 0.5 0.5 0.5 0.5 0.5 0.5 0.5 0.5 
0.5 0.5 0.5 0.5 0.5 0.5 0.5 0.5 0.5 
0.5 0.5 0.5 0.5 0.5 0.5 0.5 0.5 0.5 
0.5 0.5 0.5 0.5 0.5 0.5 0.5 0.5 0.5 
0.5 0.5 0.5 0.5 0.5 0.5 0.5 0.5 0.5 
0.5 0.5 0.5 0.5 0.5 0.5 0.5 0.5 0.5 
0.5 0.5 0.5 0.5 0.5 0.5 0.5 0.5 0.5 
0.5 0.5 0.5 0.5 0.5 0.5 0.5 0.5 0.5 
0.5 0.5 0.5 0.5 0.5 0.5 0.5 0.5 0.5 
0.5 0.5 0.5 0.5 0.5 0.5 0.5 0.5 0.5 
0.5 0.5 0.5 0.5 0.5 0.5 0.5 0.5 0.5 
0.5 0.5 0.5 0.5 0.5 0.5 0.5 0.5 0.5 
0.5 0.5 0.5 0.5 0.5 0.5 0.5 0.5 0.5 
0.5 0.5 0.5 0.5 0.5 0.5 0.5 0.5 0.5 
0.5 0.5 0.5 0.5 0.5 0.5 0.5 0.5 0.5 
0.5 0.5 0.5 0.5 0.5 0.5 0.5 0.5 0.5 
0.5 0.5 0.5 0.5 0.5 0.5 0.5 0.5 0.5 
0.5 0.5 0.5 0.5 0.5 0.5 0.5 0.5 0.5 
0.5 0.5 0.5 0.5 0.5 0.5 0.5 0.5 0.5 
0.5 0.5 0.5 0.5 0.5 0.5 0.5 0.5 0.5 
0.5 0.5 0.5 0.5 0.5 0.5 0.5 0.5 0.5 
0.5 0.5 0.5 0.5 0.5 0.5 0.5 0.5 0.5 
0.5 0.5 0.5 0.5 0.5 0.5 0.5 0.5 0.5 
0.5 0.5 0.5 0.5 0.5 0.5 0.5 0.5 0.5 
0.5 0.5 0.5 0.5 0.5 0.5 0.5 0.5 0.5 
0.5 0.5 0.5 0.5 0.5 0.5 0.5 0.5 0.5 
0.5 0.5 0.5 0.5 0.5 0.5 0.5 0.5 0.5 
0.5 0.5 0.5 0.5 0.5 0.5 0.5 0.5 0.5 
0.5 0.5 0.5 0.5 0.5 0.5 0.5 0.5 0.5 
0.5 0.5 0.5 0.5 0.5 0.5 0.5 0.5 0.5 
0.5 0.5 0.5 0.5 0.5 0.5 0.5 0.5 0.5 
0.5 0.5 0.5 0.5 0.5 0.5 0.5 0.5 0.5 
0.5 0.5 0.5 0.5 0.5 0.5 0.5 0.5 0.5 
0.5 0.5 0.5 0.5 0.5 0.5 0.5 0.5 0.5 
0.5 0.5 0.5 0.5 0.5 0.5 0.5 0.5 0.5 
0.5 0.5 0.5 0.5 0.5 0.5 0.5 0.5 0.5 
0.5 0.5 0.5 0.5 0.5 0.5 0.5 0.5 0.5 
0.5 0.5 0.5 0.5 0.5 0.5 0.5 0.5 0.5 
0.5 0.5 0.5 0.5 0.5 0.5 0.5 0.5 0.5 
0.5 0.5 0.5 0.5 0.5 0.5 0.5 0.5 0.5 
0.5 0.5 0.5 0.5 0.5 0.5 0.5 0.5 0.5 
0.5 0.5 0.5 0.5 0.5 0.5 0.5 0.5 0.5 
0.5 0.5 0.5 0.5 0.5 0.5 0.5 0.5 0.5 
0.5 0.5 0.5 0.5 0.5 0.5 0.5 0.5 0.5 
0.5 0.5 0.5 0.5 0.5 0.5 0.5 0.5 0.5 
0.5 0.5 0.5 0.5 0.5 0.5 0.5 0.5 0.5 
0.5 0.5 0.5 0.5 0.5 0.5 0.5 0.5 0.5 
0.5 0.5 0.5 0.5 0.5 0.5 0.5 0.5 0.5 
0.5 0.5 0.5 0.5 0.5 0.5 0.5 0.5 0.5 
0.5 0.5 0.5 0.5 0.5 0.5 0.5 0.5 0.5 
0.5 0.5 0.5 0.5 0.5 0.5 0.5 0.5 0.5 
0.5 0.5 0.5 0.5 0.5 0.5 0.5 0.5 0.5 
0.5 0.5 0.5 0.5 0.5 0.5 0.5 0.5 0.5 
0.5 0.5 0.5 0.5 0.5 0.5 0.5 0.5 0.5 
0.5 0.5 0.5 0.5 0.5 0.5 0.5 0.5 0.5 
0.5 0.5 0.5 0.5 0.5 0.5 0.5 0.5 0.5 
0.5 0.5 0.5 0.5 0.5 0.5 0.5 0.5 0.5 
0.5 0.5 0.5 0.5 0.5 0.5 0.5 0.5 0.5 
0.5 0.5 0.5 0.5 0.5 0.5 0.5 0.5 0.5 
0.5 0.5 0.5 0.5 0.5 0.5 0.5 0.5 0.5 
0.5 0.5 0.5 0.5 0.5 0.5 0.5 0.5 0.5 
0.5 0.5 0.5 0.5 0.5 0.5 0.5 0.5 0.5 
0.5 0.5 0.5 0.5 0.5 0.5 0.5 0.5 0.5 
0.5 0.5 0.5 0.5 0.5 0.5 0.5 0.5 0.5 
0.5 0.5 0.5 0.5 0.5 0.5 0.5 0.5 0.5 
0.5 0.5 0.5 0.5 0.5 0.5 0.5 0.5 0.5 
0.5 0.5 0.5 0.5 0.5 0.5 0.5 0.5 0.5 
0.5 0.5 0.5 0.5 0.5 0.5 0.5 0.5 0.5 
0.5 0.5 0.5 0.5 0.5 0.5 0.5 0.5 0.5 
0.5 0.5 0.5 0.5 0.5 0.5 0.5 0.5 0.5 
0.5 0.5 0.5 0.5 0.5 0.5 0.5 0.5 0.5 
0.5 0.5 0.5 0.5 0.5 0.5 0.5 0.5 0.5 
0.5 0.5 0.5 0.5 0.5 0.5 0.5 0.5 0.5 
0.5 0.5 0.5 0.5 0.5 0.5 0.5 0.5 0.5 
0.5 0.5 0.5 0.5 0.5 0.5 0.5 0.5 0.5 
0.5 0.5 0.5 0.5 0.5 0.5 0.5 0.5 0.5 
0.5 0.5 0.5 0.5 0.5 0.5 0.5 0.5 0.5 
0.5 0.5 0.5 0.5 0.5 0.5 0.5 0.5 0.5 
0.5 0.5 0.5 0.5 0.5 0.5 0.5 0.5 0.5 
0.5 0.5 0.5 0.5 0.5 0.5 0.5 0.5 0.5 
0.5 0.5 0.5 0.5 0.5 0.5 0.5 0.5 0.5 
0.5 0.5 0.5 0.5 0.5 0.5 0.5 0.5 0.5 
0.5 0.5 0.5 0.5 0.5 0.5 0.5 0.5 0.5 
0.5 0.5 0.5 0.5 0.5 0.5 0.5 0.5 0.5 
0.5 0.5 0.5 0.5 0.5 0.5 0.5 0.5 0.5 
0.5 0.5 0.5 0.5 0.5 0.5 0.5 0.5 0.5 
0.5 0.5 0.5 0.5 0.5 0.5 0.5 0.5 0.5 
0.5 0.5 0.5 0.5 0.5 0.5 0.5 0.5 0.5 
0.5 0.5 0.5 0.5 0.5 0.5 0.5 0.5 0.5 
0.5 0.5 0.5 0.5 0.5 0.5 0.5 0.5 0.5 
0.5 0.5 0.5 0.5 0.5 0.5 0.5 0.5 0.5 
0.5 0.5 0.5 0.5 0.5 0.5 0.5 0.5 0.5 
0.5 0.5 0.5 0.5 0.5 0.5 0.5 0.5 0.5 
0.5 0.5 0.5 0.5 0.5 0.5 0.5 0.5 0.5 
0.5 0.5 0.5 0.5 0.5 0.5 0.5 0.5 0.5 
0.5 0.5 0.5 0.5 0.5 0.5 0.5 0.5 0.5 
0.5 0.5 0.5 0.5 0.5 0.5 0.5 0.5 0.5 
0.5 0.5 0.5 0.5 0.5 0.5 0.5 0.5 0.5 
0.5 0.5 0.5 0.5 0.5 0.5 0.5 0.5 0.5 
0.5 0.5 0.5 0.5 0.5 0.5 0.5 0.5 0.5 
0.5 0.5 0.5 0.5 0.5 0.5 0.5 0.5 0.5 
0.5 0.5 0.5 0.5 0.5 0.5 0.5 0.5 0.5 
0.5 0.5 0.5 0.5 0.5 0.5 0.5 0.5 0.5 
0.5 0.5 0.5 0.5 0.5 0.5 0.5 0.5 0.5 
0.5 0.5 0.5 0.5 0.5 0.5 0.5 0.5 0.5 
0.5 0.5 0.5 0.5 0.5 0.5 0.5 0.5 0.5 
0.5 0.5 0.5 0.5 0.5 0.5 0.5 0.5 0.5 
0.5 0.5 0.5 0.5 0.5 0.5 0.5 0.5 0.5 
0.5 0.5 0.5 0.5 0.5 0.5 0.5 0.5 0.5 
0.5 0.5 0.5 0.5 0.5 0.5 0.5 0.5 0.5 
0.5 0.5 0.5 0.5 0.5 0.5 0.5 0.5 0.5 
0.5 0.5 0.5 0.5 0.5 0.5 0.5 0.5 0.5 
0.5 0.5 0.5 0.5 0.5 0.5 0.5 0.5 0.5 
0.5 0.5 0.5 0.5 0.5 0.5 0.5 0.5 0.5 
0.5 0.5 0.5 0.5 0.5 0.5 0.5 0.5 0.5 
0.5 0.5 0.5 0.5 0.5 0.5 0.5 0.5 0.5 
0.5 0.5 0.5 0.5 0.5 0.5 0.5 0.5 0.5 
0.5 0.5 0.5 0.5 0.5 0.5 0.5 0.5 0.5 
0.5 0.5 0.5 0.5 0.5 0.5 0.5 0.5 0.5 
0.5 0.5 0.5 0.5 0.5 0.5 0.5 0.5 0.5 
0.5 0.5 0.5 0.5 0.5 0.5 0.5 0.5 0.5 
0.5 0.5 0.5 0.5 0.5 0.5 0.5 0.5 0.5 
0.5 0.5 0.5 0.5 0.5 0.5 0.5 0.5 0.5 
0.5 0.5 0.5 0.5 0.5 0.5 0.5 0.5 0.5 
0.5 0.5 0.5 0.5 0.5 0.5 0.5 0.5 0.5 
0.5 0.5 0.5 0.5 0.5 0.5 0.5 0.5 0.5 
0.5 0.5 0.5 0.5 0.5 0.5 0.5 0.5 0.5 
0.5 0.5 0.5 0.5 0.5 0.5 0.5 0.5 0.5 
0.5 0.5 0.5 0.5 0.5 0.5 0.5 0.5 0.5 
0.5 0.5 0.5 0.5 0.5 0.5 0.5 0.5 0.5 
0.5 0.5 0.5 0.5 0.5 0.5 0.5 0.5 0.5 
0.5 0.5 0.5 0.5 0.5 0.5 0.5 0.5 0.5 
0.5 0.5 0.5 0.5 0.5 0.5 0.5 0.5 0.5 
0.5 0.5 0.5 0.5 0.5 0.5 0.5 0.5 0.5 
0.5 0.5 0.5 0.5 0.5 0.5 0.5 0.5 0.5 
0.5 0.5 0.5 0.5 0.5 0.5 0.5 0.5 0.5 
0.5 0.5 0.5 0.5 0.5 0.5 0.5 0.5 0.5 
0.5 0.5 0.5 0.5 0.5 0.5 0.5 0.5 0.5 
0.5 0.5 0.5 0.5 0.5 0.5 0.5 0.5 0.5 
0.5 0.5 0.5 0.5 0.5 0.5 0.5 0.5 0.5 
0.5 0.5 0.5 0.5 0.5 0.5 0.5 0.5 0.5 
0.5 0.5 0.5 0.5 0.5 0.5 0.5 0.5 0.5 
0.5 0.5 0.5 0.5 0.5 0.5 0.5 0.5 0.5 
0.5 0.5 0.5 0.5 0.5 0.5 0.5 0.5 0.5 
0.5 0.5 0.5 0.5 0.5 0.5 0.5 0.5 0.5 
0.5 0.5 0.5 0.5 0.5 0.5 0.5 0.5 0.5 
0.5 0.5 0.5 0.5 0.5 0.5 0.5 0.5 0.5 
0.5 0.5 0.5 0.5 0.5 0.5 0.5 0.5 0.5 
0.5 0.5 0.5 0.5 0.5 0.5 0.5 0.5 0.5 
0.5 0.5 0.5 0.5 0.5 0.5 0.5 0.5 0.5 
0.5 0.5 0.5 0.5 0.5 0.5 0.5 0.5 0.5 
0.5 0.5 0.5 0.5 0.5 0.5 0.5 0.5 0.5 
0.5 0.5 0.5 0.5 0.5 0.5 0.5 0.5 0.5 
0.5 0.5 0.5 0.5 0.5 0.5 0.5 0.5 0.5 
0.5 0.5 0.5 0.5 0.5 0.5 0.5 0.5 0.5 
0.5 0.5 0.5 0.5 0.5 0.5 0.5 0.5 0.5 
0.5 0.5 0.5 0.5 0.5 0.5 0.5 0.5 0.5 
0.5 0.5 0.5 0.5 0.5 0.5 0.5 0.5 0.5 
0.5 0.5 0.5 0.5 0.5 0.5 0.5 0.5 0.5 
0.5 0.5 0.5 0.5 0.5 0.5 0.5 0.5 0.5 
0.5 0.5 0.5 0.5 0.5 0.5 0.5 0.5 0.5 
0.5 0.5 0.5 0.5 0.5 0.5 0.5 0.5 0.5 
0.5 0.5 0.5 0.5 0.5 0.5 0.5 0.5 0.5 
0.5 0.5 0.5 0.5 0.5 0.5 0.5 0.5 0.5 
0.5 0.5 0.5 0.5 0.5 0.5 0.5 0.5 0.5 
0.5 0.5 0.5 0.5 0.5 0.5 0.5 0.5 0.5 
0.5 0.5 0.5 0.5 0.5 0.5 0.5 0.5 0.5 
0.5 0.5 0.5 0.5 0.5 0.5 0.5 0.5 0.5 
0.5 0.5 0.5 0.5 0.5 0.5 0.5 0.5 0.5 
0.5 0.5 0.5 0.5 0.5 0.5 0.5 0.5 0.5 
0.5 0.5 0.5 0.5 0.5 0.5 0.5 0.5 0.5 
0.5 0.5 0.5 0.5 0.5 0.5 0.5 0.5 0.5 
0.5 0.5 0.5 0.5 0.5 0.5 0.5 0.5 0.5 
0.5 0.5 0.5 0.5 0.5 0.5 0.5 0.5 0.5 
0.5 0.5 0.5 0.5 0.5 0.5 0.5 0.5 0.5 
0.5 0.5 0.5 0.5 0.5 0.5 0.5 0.5 0.5 
0.5 0.5 0.5 0.5 0.5 0.5 0.5 0.5 0.5 
0.5 0.5 0.5 0.5 0.5 0.5 0.5 0.5 0.5 
0.5 0.5 0.5 0.5 0.5 0.5 0.5 0.5 0.5 
0.5 0.5 0.5 0.5 0.5 0.5 0.5 0.5 0.5 
0.5 0.5 0.5 0.5 0.5 0.5 0.5 0.5 0.5 
0.5 0.5 0.5 0.5 0.5 0.5 0.5 0.5 0.5 
0.5 0.5 0.5 0.5 0.5 0.5 0.5 0.5 0.5 
0.5 0.5 0.5 0.5 0.5 0.5 0.5 0.5 0.5 
0.5 0.5 0.5 0.5 0.5 0.5 0.5 0.5 0.5 
0.5 0.5 0.5 0.5 0.5 0.5 0.5 0.5 0.5 
0.5 0.5 0.5 0.5 0.5 0.5 0.5 0.5 0.5 
0.5 0.5 0.5 0.5 0.5 0.5 0.5 0.5 0.5 
0.5 0.5 0.5 0.5 0.5 0.5 0.5 0.5 0.5 
0.5 0.5 0.5 0.5 0.5 0.5 0.5 0.5 0.5 
0.5 0.5 0.5 0.5 0.5 0.5 0.5 0.5 0.5 
0.5 0.5 0.5 0.5 0.5 0.5 0.5 0.5 0.5 
0.5 0.5 0.5 0.5 0.5 0.5 0.5 0.5 0.5 
0.5 0.5 0.5 0.5 0.5 0.5 0.5 0.5 0.5 
0.5 0.5 0.5 0.5 0.5 0.5 0.5 0.5 0.5 
0.5 0.5 0.5 0.5 0.5 0.5 0.5 0.5 0.5 
0.5 0.5 0.5 0.5 0.5 0.5 0.5 0.5 0.5 
0.5 0.5 0.5 0.5 0.5 0.5 0.5 0.5 0.5 
0.5 0.5 0.5 0.5 0.5 0.5 0.5 0.5 0.5 
0.5 0.5 0.5 0.5 0.5 0.5 0.5 0.5 0.5 
0.5 0.5 0.5 0.5 0.5 0.5 0.5 0.5 0.5 
0.5 0.5 0.5 0.5 0.5 0.5 0.5 0.5 0.5 
0.5 0.5 0.5 0.5 0.5 0.5 0.5 0.5 0.5 
0.5 0.5 0.5 0.5 0.5 0.5 0.5 0.5 0.5 
0.5 0.5 0.5 0.5 0.5 0.5 0.5 0.5 0.5 
0.5 0.5 0.5 0.5 0.5 0.5 0.5 0.5 0.5 
0.5 0.5 0.5 0.5 0.5 0.5 0.5 0.5 0.5 
0.5 0.5 0.5 0.5 0.5 0.5 0.5 0.5 0.5 
0.5 0.5 0.5 0.5 0.5 0.5 0.5 0.5 0.5 
0.5 0.5 0.5 0.5 0.5 0.5 0.5 0.5 0.5 
0.5 0.5 0.5 0.5 0.5 0.5 0.5 0.5 0.5 
0.5 0.5 0.5 0.5 0.5 0.5 0.5 0.5 0.5 
0.5 0.5 0.5 0.5 0.5 0.5 0.5 0.5 0.5 
0.5 0.5 0.5 0.5 0.5 0.5 0.5 0.5 0.5 
0.5 0.5 0.5 0.5 0.5 0.5 0.5 0.5 0.5 
0.5 0.5 0.5 0.5 0.5 0.5 0.5 0.5 0.5 
0.5 0.5 0.5 0.5 0.5 0.5 0.5 0.5 0.5 
0.5 0.5 0.5 0.5 0.5 0.5 0.5 0.5 0.5 
0.5 0.5 0.5 0.5 0.5 0.5 0.5 0.5 0.5 
0.5 0.5 0.5 0.5 0.5 0.5 0.5 0.5 0.5 
0.5 0.5 0.5 0.5 0.5 0.5 0.5 0.5 0.5 
0.5 0.5 0.5 0.5 0.5 0.5 0.5 0.5 0.5 
0.5 0.5 0.5 0.5 0.5 0.5 0.5 0.5 0.5 
0.5 0.5 0.5 0.5 0.5 0.5 0.5 0.5 0.5 
0.5 0.5 0.5 0.5 0.5 0.5 0.5 0.5 0.5 
0.5 0.5 0.5 0.5 0.5 0.5 0.5 0.5 0.5 
0.5 0.5 0.5 0.5 0.5 0.5 0.5 0.5 0.5 
0.5 0.5 0.5 0.5 0.5 0.5 0.5 0.5 0.5 
0.5 0.5 0.5 0.5 0.5 0.5 0.5 0.5 0.5 
0.5 0.5 0.5 0.5 0.5 0.5 0.5 0.5 0.5 
0.5 0.5 0.5 0.5 0.5 0.5 0.5 0.5 0.5 
0.5 0.5 0.5 0.5 0.5 0.5 0.5 0.5 0.5 
0.5 0.5 0.5 0.5 0.5 0.5 0.5 0.5 0.5 
0.5 0.5 0.5 0.5 0.5 0.5 0.5 0.5 0.5 
0.5 0.5 0.5 0.5 0.5 0.5 0.5 0.5 0.5 
0.5 0.5 0.5 0.5 0.5 0.5 0.5 0.5 0.5 
0.5 0.5 0.5 0.5 0.5 0.5 0.5 0.5 0.5 
0.5 0.5 0.5 0.5 0.5 0.5 0.5 0.5 0.5 
0.5 0.5 0.5 0.5 0.5 0.5 0.5 0.5 0.5 
0.5 0.5 0.5 0.5 0.5 0.5 0.5 0.5 0.5 
0.5 0.5 0.5 0.5 0.5 0.5 0.5 0.5 0.5 
0.5 0.5 0.5 0.5 0.5 0.5 0.5 0.5 0.5 
0.5 0.5 0.5 0.5 0.5 0.5 0.5 0.5 0.5 
0.5 0.5 0.5 0.5 0.5 0.5 0.5 0.5 0.5 
0.5 0.5 0.5 0.5 0.5 0.5 0.5 0.5 0.5 
0.5 0.5 0.5 0.5 0.5 0.5 0.5 0.5 0.5 
0.5 0.5 0.5 0.5 0.5 0.5 0.5 0.5 0.5 
0.5 0.5 0.5 0.5 0.5 0.5 0.5 0.5 0.5 
0.5 0.5 0.5 0.5 0.5 0.5 0.5 0.5 0.5 
0.5 0.5 0.5 0.5 0.5 0.5 0.5 0.5 0.5 
0.5 0.5 0.5 0.5 0.5 0.5 0.5 0.5 0.5 
0.5 0.5 0.5 0.5 0.5 0.5 0.5 0.5 0.5 
0.5 0.5 0.5 0.5 0.5 0.5 0.5 0.5 0.5 
0.5 0.5 0.5 0.5 0.5 0.5 0.5 0.5 0.5 
0.5 0.5 0.5 0.5 0.5 0.5 0.5 0.5 0.5 
0.5 0.5 0.5 0.5 0.5 0.5 0.5 0.5 0.5 
0.5 0.5 0.5 0.5 0.5 0.5 0.5 0.5 0.5 
0.5 0.5 0.5 0.5 0.5 0.5 0.5 0.5 0.5 
0.5 0.5 0.5 0.5 0.5 0.5 0.5 0.5 0.5 
0.5 0.5 0.5 0.5 0.5 0.5 0.5 0.5 0.5 
0.5 0.5 0.5 0.5 0.5 0.5 0.5 0.5 0.5 
0.5 0.5 0.5 0.5 0.5 0.5 0.5 0.5 0.5 
0.5 0.5 0.5 0.5 0.5 0.5 0.5 0.5 0.5 
0.5 0.5 0.5 0.5 0.5 0.5 0.5 0.5 0.5 
0.5 0.5 0.5 0.5 0.5 0.5 0.5 0.5 0.5 
0.5 0.5 0.5 0.5 0.5 0.5 0.5 0.5 0.5 
0.5 0.5 0.5 0.5 0.5 0.5 0.5 0.5 0.5 
0.5 0.5 0.5 0.5 0.5 0.5 0.5 0.5 0.5 
0.5 0.5 0.5 0.5 0.5 0.5 0.5 0.5 0.5 
0.5 0.5 0.5 0.5 0.5 0.5 0.5 0.5 0.5 
0.5 0.5 0.5 0.5 0.5 0.5 0.5 0.5 0.5 
0.5 0.5 0.5 0.5 0.5 0.5 0.5 0.5 0.5 
0.5 0.5 0.5 0.5 0.5 0.5 0.5 0.5 0.5 
0.5 0.5 0.5 0.5 0.5 0.5 0.5 0.5 0.5 
0.5 0.5 0.5 0.5 0.5 0.5 0.5 0.5 0.5 
0.5 0.5 0.5 0.5 0.5 0.5 0.5 0.5 0.5 
0.5 0.5 0.5 0.5 0.5 0.5 0.5 0.5 0.5 
0.5 0.5 0.5 0.5 0.5 0.5 0.5 0.5 0.5 
0.5 0.5 0.5 0.5 0.5 0.5 0.5 0.5 0.5 
0.5 0.5 0.5 0.5 0.5 0.5 0.5 0.5 0.5 
0.5 0.5 0.5 0.5 0.5 0.5 0.5 0.5 0.5 
0.5 0.5 0.5 0.5 0.5 0.5 0.5 0.5 0.5 
0.5 0.5 0.5 0.5 0.5 0.5 0.5 0.5 0.5 
0.5 0.5 0.5 0.5 0.5 0.5 0.5 0.5 0.5 
0.5 0.5 0.5 0.5 0.5 0.5 0.5 0.5 0.5 
0.5 0.5 0.5 0.5 0.5 0.5 0.5 0.5 0.5 
0.5 0.5 0.5 0.5 0.5 0.5 0.5 0.5 0.5 
0.5 0.5 0.5 0.5 0.5 0.5 0.5 0.5 0.5 
0.5 0.5 0.5 0.5 0.5 0.5 0.5 0.5 0.5 
0.5 0.5 0.5 0.5 0.5 0.5 0.5 0.5 0.5 
0.5 0.5 0.5 0.5 0.5 0.5 0.5 0.5 0.5 
0.5 0.5 0.5 0.5 0.5 0.5 0.5 0.5 0.5 
0.5 0.5 0.5 0.5 0.5 0.5 0.5 0.5 0.5 
0.5 0.5 0.5 0.5 0.5 0.5 0.5 0.5 0.5 
0.5 0.5 0.5 0.5 0.5 0.5 0.5 0.5 0.5 
0.5 0.5 0.5 0.5 0.5 0.5 0.5 0.5 0.5 
0.5 0.5 0.5 0.5 0.5 0.5 0.5 0.5 0.5 
0.5 0.5 0.5 0.5 0.5 0.5 0.5 0.5 0.5 
0.5 0.5 0.5 0.5 0.5 0.5 0.5 0.5 0.5 
0.5 0.5 0.5 0.5 0.5 0.5 0.5 0.5 0.5 
0.5 0.5 0.5 0.5 0.5 0.5 0.5 0.5 0.5 
0.5 0.5 0.5 0.5 0.5 0.5 0.5 0.5 0.5 
0.5 0.5 0.5 0.5 0.5 0.5 0.5 0.5 0.5 
0.5 0.5 0.5 0.5 0.5 0.5 0.5 0.5 0.5 
0.5 0.5 0.5 0.5 0.5 0.5 0.5 0.5 0.5 
0.5 0.5 0.5 0.5 0.5 0.5 0.5 0.5 0.5 
0.5 0.5 0.5 0.5 0.5 0.5 0.5 0.5 0.5 
0.5 0.5 0.5 0.5 0.5 0.5 0.5 0.5 0.5 
0.5 0.5 0.5 0.5 0.5 0.5 0.5 0.5 0.5 
0.5 0.5 0.5 0.5 0.5 0.5 0.5 0.5 0.5 
0.5 0.5 0.5 0.5 0.5 0.5 0.5 0.5 0.5 
0.5 0.5 0.5 0.5 0.5 0.5 0.5 0.5 0.5 
0.5 0.5 0.5 0.5 0.5 0.5 0.5 0.5 0.5 
0.5 0.5 0.5 0.5 0.5 0.5 0.5 0.5 0.5 
0.5 0.5 0.5 0.5 0.5 0.5 0.5 0.5 0.5 
0.5 0.5 0.5 0.5 0.5 0.5 0.5 0.5 0.5 
0.5 0.5 0.5 0.5 0.5 0.5 0.5 0.5 0.5 
0.5 0.5 0.5 0.5 0.5 0.5 0.5 0.5 0.5 
0.5 0.5 0.5 0.5 0.5 0.5 0.5 0.5 0.5 
0.5 0.5 0.5 0.5 0.5 0.5 0.5 0.5 0.5 
0.5 0.5 0.5 0.5 0.5 0.5 0.5 0.5 0.5 
0.5 0.5 0.5 0.5 0.5 0.5 0.5 0.5 0.5 
0.5 0.5 0.5 0.5 0.5 0.5 0.5 0.5 0.5 
0.5 0.5 0.5 0.5 0.5 0.5 0.5 0.5 0.5 
0.5 0.5 0.5 0.5 0.5 0.5 0.5 0.5 0.5 
0.5 0.5 0.5 0.5 0.5 0.5 0.5 0.5 0.5 
0.5 0.5 0.5 0.5 0.5 0.5 0.5 0.5 0.5 
0.5 0.5 0.5 0.5 0.5 0.5 0.5 0.5 0.5 
0.5 0.5 0.5 0.5 0.5 0.5 0.5 0.5 0.5 
0.5 0.5 0.5 0.5 0.5 0.5 0.5 0.5 0.5 
0.5 0.5 0.5 0.5 0.5 0.5 0.5 0.5 0.5 
0.5 0.5 0.5 0.5 0.5 0.5 0.5 0.5 0.5 
0.5 0.5 0.5 0.5 0.5 0.5 0.5 0.5 0.5 
0.5 0.5 0.5 0.5 0.5 0.5 0.5 0.5 0.5 
0.5 0.5 0.5 0.5 0.5 0.5 0.5 0.5 0.5 
0.5 0.5 0.5 0.5 0.5 0.5 0.5 0.5 0.5 
0.5 0.5 0.5 0.5 0.5 0.5 0.5 0.5 0.5 
0.5 0.5 0.5 0.5 0.5 0.5 0.5 0.5 0.5 
0.5 0.5 0.5 0.5 0.5 0.5 0.5 0.5 0.5 
0.5 0.5 0.5 0.5 0.5 0.5 0.5 0.5 0.5 
0.5 0.5 0.5 0.5 0.5 0.5 0.5 0.5 0.5 
0.5 0.5 0.5 0.5 0.5 0.5 0.5 0.5 0.5 
0.5 0.5 0.5 0.5 0.5 0.5 0.5 0.5 0.5 
0.5 0.5 0.5 0.5 0.5 0.5 0.5 0.5 0.5 
0.5 0.5 0.5 0.5 0.5 0.5 0.5 0.5 0.5 
0.5 0.5 0.5 0.5 0.5 0.5 0.5 0.5 0.5 
0.5 0.5 0.5 0.5 0.5 0.5 0.5 0.5 0.5 
0.5 0.5 0.5 0.5 0.5 0.5 0.5 0.5 0.5 
0.5 0.5 0.5 0.5 0.5 0.5 0.5 0.5 0.5 
0.5 0.5 0.5 0.5 0.5 0.5 0.5 0.5 0.5 
0.5 0.5 0.5 0.5 0.5 0.5 0.5 0.5 0.5 
0.5 0.5 0.5 0.5 0.5 0.5 0.5 0.5 0.5 
0.5 0.5 0.5 0.5 0.5 0.5 0.5 0.5 0.5 
0.5 0.5 0.5 0.5 0.5 0.5 0.5 0.5 0.5 
0.5 0.5 0.5 0.5 0.5 0.5 0.5 0.5 0.5 
0.5 0.5 0.5 0.5 0.5 0.5 0.5 0.5 0.5 
0.5 0.5 0.5 0.5 0.5 0.5 0.5 0.5 0.5 
0.5 0.5 0.5 0.5 0.5 0.5 0.5 0.5 0.5 
0.5 0.5 0.5 0.5 0.5 0.5 0.5 0.5 0.5 
0.5 0.5 0.5 0.5 0.5 0.5 0.5 0.5 0.5 
0.5 0.5 0.5 0.5 0.5 0.5 0.5 0.5 0.5 
0.5 0.5 0.5 0.5 0.5 0.5 0.5 0.5 0.5 
0.5 0.5 0.5 0.5 0.5 0.5 0.5 0.5 0.5 
0.5 0.5 0.5 0.5 0.5 0.5 0.5 0.5 0.5 
0.5 0.5 0.5 0.5 0.5 0.5 0.5 0.5 0.5 
0.5 0.5 0.5 0.5 0.5 0.5 0.5 0.5 0.5 
0.5 0.5 0.5 0.5 0.5 0.5 0.5 0.5 0.5 
0.5 0.5 0.5 0.5 0.5 0.5 0.5 0.5 0.5 
0.5 0.5 0.5 0.5 0.5 0.5 0.5 0.5 0.5 
0.5 0.5 0.5 0.5 0.5 0.5 0.5 0.5 0.5 
0.5 0.5 0.5 0.5 0.5 0.5 0.5 0.5 0.5 
0.5 0.5 0.5 0.5 0.5 0.5 0.5 0.5 0.5 
0.5 0.5 0.5 0.5 0.5 0.5 0.5 0.5 0.5 
0.5 0.5 0.5 0.5 0.5 0.5 0.5 0.5 0.5 
0.5 0.5 0.5 0.5 0.5 0.5 0.5 0.5 0.5 
0.5 0.5 0.5 0.5 0.5 0.5 0.5 0.5 0.5 
0.5 0.5 0.5 0.5 0.5 0.5 0.5 0.5 0.5 
0.5 0.5 0.5 0.5 0.5 0.5 0.5 0.5 0.5 
0.5 0.5 0.5 0.5 0.5 0.5 0.5 0.5 0.5 
0.5 0.5 0.5 0.5 0.5 0.5 0.5 0.5 0.5 
0.5 0.5 0.5 0.5 0.5 0.5 0.5 0.5 0.5 
0.5 0.5 0.5 0.5 0.5 0.5 0.5 0.5 0.5 
0.5 0.5 0.5 0.5 0.5 0.5 0.5 0.5 0.5 
0.5 0.5 0.5 0.5 0.5 0.5 0.5 0.5 0.5 
0.5 0.5 0.5 0.5 0.5 0.5 0.5 0.5 0.5 
0.5 0.5 0.5 0.5 0.5 0.5 0.5 0.5 0.5 
0.5 0.5 0.5 0.5 0.5 0.5 0.5 0.5 0.5 
0.5 0.5 0.5 0.5 0.5 0.5 0.5 0.5 0.5 
0.5 0.5 0.5 0.5 0.5 0.5 0.5 0.5 0.5 
0.5 0.5 0.5 0.5 0.5 0.5 0.5 0.5 0.5 
0.5 0.5 0.5 0.5 0.5 0.5 0.5 0.5 0.5 
0.5 0.5 0.5 0.5 0.5 0.5 0.5 0.5 0.5 
0.5 0.5 0.5 0.5 0.5 0.5 0.5 0.5 0.5 
0.5 0.5 0.5 0.5 0.5 0.5 0.5 0.5 0.5 
0.5 0.5 0.5 0.5 0.5 0.5 0.5 0.5 0.5 
0.5 0.5 0.5 0.5 0.5 0.5 0.5 0.5 0.5 
0.5 0.5 0.5 0.5 0.5 0.5 0.5 0.5 0.5 
0.5 0.5 0.5 0.5 0.5 0.5 0.5 0.5 0.5 
0.5 0.5 0.5 0.5 0.5 0.5 0.5 0.5 0.5 
0.5 0.5 0.5 0.5 0.5 0.5 0.5 0.5 0.5 
0.5 0.5 0.5 0.5 0.5 0.5 0.5 0.5 0.5 
0.5 0.5 0.5 0.5 0.5 0.5 0.5 0.5 0.5 
0.5 0.5 0.5 0.5 0.5 0.5 0.5 0.5 0.5 
0.5 0.5 0.5 0.5 0.5 0.5 0.5 0.5 0.5 
0.5 0.5 0.5 0.5 0.5 0.5 0.5 0.5 0.5 
0.5 0.5 0.5 0.5 0.5 0.5 0.5 0.5 0.5 
0.5 0.5 0.5 0.5 0.5 0.5 0.5 0.5 0.5 
0.5 0.5 0.5 0.5 0.5 0.5 0.5 0.5 0.5 
0.5 0.5 0.5 0.5 0.5 0.5 0.5 0.5 0.5 
0.5 0.5 0.5 0.5 0.5 0.5 0.5 0.5 0.5 
0.5 0.5 0.5 0.5 0.5 0.5 0.5 0.5 0.5 
0.5 0.5 0.5 0.5 0.5 0.5 0.5 0.5 0.5 
0.5 0.5 0.5 0.5 0.5 0.5 0.5 0.5 0.5 
0.5 0.5 0.5 0.5 0.5 0.5 0.5 0.5 0.5 
0.5 0.5 0.5 0.5 0.5 0.5 0.5 0.5 0.5 
0.5 0.5 0.5 0.5 0.5 0.5 0.5 0.5 0.5 
0.5 0.5 0.5 0.5 0.5 0.5 0.5 0.5 0.5 
0.5 0.5 0.5 0.5 0.5 0.5 0.5 0.5 0.5 
0.5 0.5 0.5 0.5 0.5 0.5 0.5 0.5 0.5 
0.5 0.5 0.5 0.5 0.5 0.5 0.5 0.5 0.5 
0.5 0.5 0.5 0.5 0.5 0.5 0.5 0.5 0.5 
0.5 0.5 0.5 0.5 0.5 0.5 0.5 0.5 0.5 
0.5 0.5 0.5 0.5 0.5 0.5 0.5 0.5 0.5 
0.5 0.5 0.5 0.5 0.5 0.5 0.5 0.5 0.5 
0.5 0.5 0.5 0.5 0.5 0.5 0.5 0.5 0.5 
0.5 0.5 0.5 0.5 0.5 0.5 0.5 0.5 0.5 
0.5 0.5 0.5 0.5 0.5 0.5 0.5 0.5 0.5 
0.5 0.5 0.5 0.5 0.5 0.5 0.5 0.5 0.5 
0.5 0.5 0.5 0.5 0.5 0.5 0.5 0.5 0.5 
0.5 0.5 0.5 0.5 0.5 0.5 0.5 0.5 0.5 
0.5 0.5 0.5 0.5 0.5 0.5 0.5 0.5 0.5 
0.5 0.5 0.5 0.5 0.5 0.5 0.5 0.5 0.5 
0.5 0.5 0.5 0.5 0.5 0.5 0.5 0.5 0.5 
0.5 0.5 0.5 0.5 0.5 0.5 0.5 0.5 0.5 
0.5 0.5 0.5 0.5 0.5 0.5 0.5 0.5 0.5 
0.5 0.5 0.5 0.5 0.5 0.5 0.5 0.5 0.5 
0.5 0.5 0.5 0.5 0.5 0.5 0.5 0.5 0.5 
0.5 0.5 0.5 0.5 0.5 0.5 0.5 0.5 0.5 
0.5 0.5 0.5 0.5 0.5 0.5 0.5 0.5 0.5 
0.5 0.5 0.5 0.5 0.5 0.5 0.5 0.5 0.5 
0.5 0.5 0.5 0.5 0.5 0.5 0.5 0.5 0.5 
0.5 0.5 0.5 0.5 0.5 0.5 0.5 0.5 0.5 
0.5 0.5 0.5 0.5 0.5 0.5 0.5 0.5 0.5 
0.5 0.5 0.5 0.5 0.5 0.5 0.5 0.5 0.5 
0.5 0.5 0.5 0.5 0.5 0.5 0.5 0.5 0.5 
0.5 0.5 0.5 0.5 0.5 0.5 0.5 0.5 0.5 
0.5 0.5 0.5 0.5 0.5 0.5 0.5 0.5 0.5 
0.5 0.5 0.5 0.5 0.5 0.5 0.5 0.5 0.5 
0.5 0.5 0.5 0.5 0.5 0.5 0.5 0.5 0.5 
0.5 0.5 0.5 0.5 0.5 0.5 0.5 0.5 0.5 
0.5 0.5 0.5 0.5 0.5 0.5 0.5 0.5 0.5 
0.5 0.5 0.5 0.5 0.5 0.5 0.5 0.5 0.5 
0.5 0.5 0.5 0.5 0.5 0.5 0.5 0.5 0.5 
0.5 0.5 0.5 0.5 0.5 0.5 0.5 0.5 0.5 
0.5 0.5 0.5 0.5 0.5 0.5 0.5 0.5 0.5 
0.5 0.5 0.5 0.5 0.5 0.5 0.5 0.5 0.5 
0.5 0.5 0.5 0.5 0.5 0.5 0.5 0.5 0.5 
0.5 0.5 0.5 0.5 0.5 0.5 0.5 0.5 0.5 
0.5 0.5 0.5 0.5 0.5 0.5 0.5 0.5 0.5 
0.5 0.5 0.5 0.5 0.5 0.5 0.5 0.5 0.5 
0.5 0.5 0.5 0.5 0.5 0.5 0.5 0.5 0.5 
0.5 0.5 0.5 0.5 0.5 0.5 0.5 0.5 0.5 
0.5 0.5 0.5 0.5 0.5 0.5 0.5 0.5 0.5 
0.5 0.5 0.5 0.5 0.5 0.5 0.5 0.5 0.5 
0.5 0.5 0.5 0.5 0.5 0.5 0.5 0.5 0.5 
0.5 0.5 0.5 0.5 0.5 0.5 0.5 0.5 0.5 
0.5 0.5 0.5 0.5 0.5 0.5 0.5 0.5 0.5 
0.5 0.5 0.5 0.5 0.5 0.5 0.5 0.5 0.5 
0.5 0.5 0.5 0.5 0.5 0.5 0.5 0.5 0.5 
0.5 0.5 0.5 0.5 0.5 0.5 0.5 0.5 0.5 
0.5 0.5 0.5 0.5 0.5 0.5 0.5 0.5 0.5 
0.5 0.5 0.5 0.5 0.5 0.5 0.5 0.5 0.5 
0.5 0.5 0.5 0.5 0.5 0.5 0.5 0.5 0.5 
0.5 0.5 0.5 0.5 0.5 0.5 0.5 0.5 0.5 
0.5 0.5 0.5 0.5 0.5 0.5 0.5 0.5 0.5 
0.5 0.5 0.5 0.5 0.5 0.5 0.5 0.5 0.5 
0.5 0.5 0.5 0.5 0.5 0.5 0.5 0.5 0.5 
0.5 0.5 0.5 0.5 0.5 0.5 0.5 0.5 0.5 
0.5 0.5 0.5 0.5 0.5 0.5 0.5 0.5 0.5 
0.5 0.5 0.5 0.5 0.5 0.5 0.5 0.5 0.5 
0.5 0.5 0.5 0.5 0.5 0.5 0.5 0.5 0.5 
0.5 0.5 0.5 0.5 0.5 0.5 0.5 0.5 0.5 
0.5 0.5 0.5 0.5 0.5 0.5 0.5 0.5 0.5 
0.5 0.5 0.5 0.5 0.5 0.5 0.5 0.5 0.5 
0.5 0.5 0.5 0.5 0.5 0.5 0.5 0.5 0.5 
0.5 0.5 0.5 0.5 0.5 0.5 0.5 0.5 0.5 
0.5 0.5 0.5 0.5 0.5 0.5 0.5 0.5 0.5 
0.5 0.5 0.5 0.5 0.5 0.5 0.5 0.5 0.5 
0.5 0.5 0.5 0.5 0.5 0.5 0.5 0.5 0.5 
0.5 0.5 0.5 0.5 0.5 0.5 0.5 0.5 0.5 
0.5 0.5 0.5 0.5 0.5 0.5 0.5 0.5 0.5 
0.5 0.5 0.5 0.5 0.5 0.5 0.5 0.5 0.5 
0.5 0.5 0.5 0.5 0.5 0.5 0.5 0.5 0.5 
0.5 0.5 0.5 0.5 0.5 0.5 0.5 0.5 0.5 
0.5 0.5 0.5 0.5 0.5 0.5 0.5 0.5 0.5 
0.5 0.5 0.5 0.5 0.5 0.5 0.5 0.5 0.5 
0.5 0.5 0.5 0.5 0.5 0.5 0.5 0.5 0.5 
0.5 0.5 0.5 0.5 0.5 0.5 0.5 0.5 0.5 
0.5 0.5 0.5 0.5 0.5 0.5 0.5 0.5 0.5 
0.5 0.5 0.5 0.5 0.5 0.5 0.5 0.5 0.5 
0.5 0.5 0.5 0.5 0.5 0.5 0.5 0.5 0.5 
0.5 0.5 0.5 0.5 0.5 0.5 0.5 0.5 0.5 
0.5 0.5 0.5 0.5 0.5 0.5 0.5 0.5 0.5 
0.5 0.5 0.5 0.5 0.5 0.5 0.5 0.5 0.5 
0.5 0.5 0.5 0.5 0.5 0.5 0.5 0.5 0.5 
0.5 0.5 0.5 0.5 0.5 0.5 0.5 0.5 0.5 
0.5 0.5 0.5 0.5 0.5 0.5 0.5 0.5 0.5 
0.5 0.5 0.5 0.5 0.5 0.5 0.5 0.5 0.5 
0.5 0.5 0.5 0.5 0.5 0.5 0.5 0.5 0.5 
0.5 0.5 0.5 0.5 0.5 0.5 0.5 0.5 0.5 
0.5 0.5 0.5 0.5 0.5 0.5 0.5 0.5 0.5 
0.5 0.5 0.5 0.5 0.5 0.5 0.5 0.5 0.5 
0.5 0.5 0.5 0.5 0.5 0.5 0.5 0.5 0.5 
0.5 0.5 0.5 0.5 0.5 0.5 0.5 0.5 0.5 
0.5 0.5 0.5 0.5 0.5 0.5 0.5 0.5 0.5 
0.5 0.5 0.5 0.5 0.5 0.5 0.5 0.5 0.5 
0.5 0.5 0.5 0.5 0.5 0.5 0.5 0.5 0.5 
0.5 0.5 0.5 0.5 0.5 0.5 0.5 0.5 0.5 
0.5 0.5 0.5 0.5 0.5 0.5 0.5 0.5 0.5 
0.5 0.5 0.5 0.5 0.5 0.5 0.5 0.5 0.5 
0.5 0.5 0.5 0.5 0.5 0.5 0.5 0.5 0.5 
0.5 0.5 0.5 0.5 0.5 0.5 0.5 0.5 0.5 
0.5 0.5 0.5 0.5 0.5 0.5 0.5 0.5 0.5 
0.5 0.5 0.5 0.5 0.5 0.5 0.5 0.5 0.5 
0.5 0.5 0.5 0.5 0.5 0.5 0.5 0.5 0.5 
0.5 0.5 0.5 0.5 0.5 0.5 0.5 0.5 0.5 
0.5 0.5 0.5 0.5 0.5 0.5 0.5 0.5 0.5 
0.5 0.5 0.5 0.5 0.5 0.5 0.5 0.5 0.5 
0.5 0.5 0.5 0.5 0.5 0.5 0.5 0.5 0.5 
0.5 0.5 0.5 0.5 0.5 0.5 0.5 0.5 0.5 
0.5 0.5 0.5 0.5 0.5 0.5 0.5 0.5 0.5 
0.5 0.5 0.5 0.5 0.5 0.5 0.5 0.5 0.5 
0.5 0.5 0.5 0.5 0.5 0.5 0.5 0.5 0.5 
0.5 0.5 0.5 0.5 0.5 0.5 0.5 0.5 0.5 
0.5 0.5 0.5 0.5 0.5 0.5 0.5 0.5 0.5 
0.5 0.5 0.5 0.5 0.5 0.5 0.5 0.5 0.5 
0.5 0.5 0.5 0.5 0.5 0.5 0.5 0.5 0.5 
0.5 0.5 0.5 0.5 0.5 0.5 0.5 0.5 0.5 
0.5 0.5 0.5 0.5 0.5 0.5 0.5 0.5 0.5 
0.5 0.5 0.5 0.5 0.5 0.5 0.5 0.5 0.5 
0.5 0.5 0.5 0.5 0.5 0.5 0.5 0.5 0.5 
0.5 0.5 0.5 0.5 0.5 0.5 0.5 0.5 0.5 
0.5 0.5 0.5 0.5 0.5 0.5 0.5 0.5 0.5 
0.5 0.5 0.5 0.5 0.5 0.5 0.5 0.5 0.5 
0.5 0.5 0.5 0.5 0.5 0.5 0.5 0.5 0.5 
0.5 0.5 0.5 0.5 0.5 0.5 0.5 0.5 0.5 
0.5 0.5 0.5 0.5 0.5 0.5 0.5 0.5 0.5 
0.5 0.5 0.5 0.5 0.5 0.5 0.5 0.5 0.5 
0.5 0.5 0.5 0.5 0.5 0.5 0.5 0.5 0.5 
0.5 0.5 0.5 0.5 0.5 0.5 0.5 0.5 0.5 
0.5 0.5 0.5 0.5 0.5 0.5 0.5 0.5 0.5 
0.5 0.5 0.5 0.5 0.5 0.5 0.5 0.5 0.5 
0.5 0.5 0.5 0.5 0.5 0.5 0.5 0.5 0.5 
0.5 0.5 0.5 0.5 0.5 0.5 0.5 0.5 0.5 
0.5 0.5 0.5 0.5 0.5 0.5 0.5 0.5 0.5 
0.5 0.5 0.5 0.5 0.5 0.5 0.5 0.5 0.5 
0.5 0.5 0.5 0.5 0.5 0.5 0.5 0.5 0.5 
0.5 0.5 0.5 0.5 0.5 0.5 0.5 0.5 0.5 
0.5 0.5 0.5 0.5 0.5 0.5 0.5 0.5 0.5 
0.5 0.5 0.5 0.5 0.5 0.5 0.5 0.5 0.5 
0.5 0.5 0.5 0.5 0.5 0.5 0.5 0.5 0.5 
0.5 0.5 0.5 0.5 0.5 0.5 0.5 0.5 0.5 
0.5 0.5 0.5 0.5 0.5 0.5 0.5 0.5 0.5 
0.5 0.5 0.5 0.5 0.5 0.5 0.5 0.5 0.5 
0.5 0.5 0.5 0.5 0.5 0.5 0.5 0.5 0.5 
0.5 0.5 0.5 0.5 0.5 0.5 0.5 0.5 0.5 
0.5 0.5 0.5 0.5 0.5 0.5 0.5 0.5 0.5 
0.5 0.5 0.5 0.5 0.5 0.5 0.5 0.5 0.5 
0.5 0.5 0.5 0.5 0.5 0.5 0.5 0.5 0.5 
0.5 0.5 0.5 0.5 0.5 0.5 0.5 0.5 0.5 
0.5 0.5 0.5 0.5 0.5 0.5 0.5 0.5 0.5 
0.5 0.5 0.5 0.5 0.5 0.5 0.5 0.5 0.5 
0.5 0.5 0.5 0.5 0.5 0.5 0.5 0.5 0.5 
0.5 0.5 0.5 0.5 0.5 0.5 0.5 0.5 0.5 
0.5 0.5 0.5 0.5 0.5 0.5 0.5 0.5 0.5 
0.5 0.5 0.5 0.5 0.5 0.5 0.5 0.5 0.5 
0.5 0.5 0.5 0.5 0.5 0.5 0.5 0.5 0.5 
0.5 0.5 0.5 0.5 0.5 0.5 0.5 0.5 0.5 
0.5 0.5 0.5 0.5 0.5 0.5 0.5 0.5 0.5 
0.5 0.5 0.5 0.5 0.5 0.5 0.5 0.5 0.5 
0.5 0.5 0.5 0.5 0.5 0.5 0.5 0.5 0.5 
0.5 0.5 0.5 0.5 0.5 0.5 0.5 0.5 0.5 
0.5 0.5 0.5 0.5 0.5 0.5 0.5 0.5 0.5 
0.5 0.5 0.5 0.5 0.5 0.5 0.5 0.5 0.5 
0.5 0.5 0.5 0.5 0.5 0.5 0.5 0.5 0.5 
0.5 0.5 0.5 0.5 0.5 0.5 0.5 0.5 0.5 
0.5 0.5 0.5 0.5 0.5 0.5 0.5 0.5 0.5 
0.5 0.5 0.5 0.5 0.5 0.5 0.5 0.5 0.5 
0.5 0.5 0.5 0.5 0.5 0.5 0.5 0.5 0.5 
0.5 0.5 0.5 0.5 0.5 0.5 0.5 0.5 0.5 
0.5 0.5 0.5 0.5 0.5 0.5 0.5 0.5 0.5 
0.5 0.5 0.5 0.5 0.5 0.5 0.5 0.5 0.5 
0.5 0.5 0.5 0.5 0.5 0.5 0.5 0.5 0.5 
0.5 0.5 0.5 0.5 0.5 0.5 0.5 0.5 0.5 
0.5 0.5 0.5 0.5 0.5 0.5 0.5 0.5 0.5 
0.5 0.5 0.5 0.5 0.5 0.5 0.5 0.5 0.5 
0.5 0.5 0.5 0.5 0.5 0.5 0.5 0.5 0.5 
0.5 0.5 0.5 0.5 0.5 0.5 0.5 0.5 0.5 
0.5 0.5 0.5 0.5 0.5 0.5 0.5 0.5 0.5 
0.5 0.5 0.5 0.5 0.5 0.5 0.5 0.5 0.5 
0.5 0.5 0.5 0.5 0.5 0.5 0.5 0.5 0.5 
0.5 0.5 0.5 0.5 0.5 0.5 0.5 0.5 0.5 
0.5 0.5 0.5 0.5 0.5 0.5 0.5 0.5 0.5 
0.5 0.5 0.5 0.5 0.5 0.5 0.5 0.5 0.5 
0.5 0.5 0.5 0.5 0.5 0.5 0.5 0.5 0.5 
0.5 0.5 0.5 0.5 0.5 0.5 0.5 0.5 0.5 
0.5 0.5 0.5 0.5 0.5 0.5 0.5 0.5 0.5 
0.5 0.5 0.5 0.5 0.5 0.5 0.5 0.5 0.5 
0.5 0.5 0.5 0.5 0.5 0.5 0.5 0.5 0.5 
0.5 0.5 0.5 0.5 0.5 0.5 0.5 0.5 0.5 
0.5 0.5 0.5 0.5 0.5 0.5 0.5 0.5 0.5 
0.5 0.5 0.5 0.5 0.5 0.5 0.5 0.5 0.5 
0.5 0.5 0.5 0.5 0.5 0.5 0.5 0.5 0.5 
0.5 0.5 0.5 0.5 0.5 0.5 0.5 0.5 0.5 
0.5 0.5 0.5 0.5 0.5 0.5 0.5 0.5 0.5 
0.5 0.5 0.5 0.5 0.5 0.5 0.5 0.5 0.5 
0.5 0.5 0.5 0.5 0.5 0.5 0.5 0.5 0.5 
0.5 0.5 0.5 0.5 0.5 0.5 0.5 0.5 0.5 
0.5 0.5 0.5 0.5 0.5 0.5 0.5 0.5 0.5 
0.5 0.5 0.5 0.5 0.5 0.5 0.5 0.5 0.5 
0.5 0.5 0.5 0.5 0.5 0.5 0.5 0.5 0.5 
0.5 0.5 0.5 0.5 0.5 0.5 0.5 0.5 0.5 
0.5 0.5 0.5 0.5 0.5 0.5 0.5 0.5 0.5 
0.5 0.5 0.5 0.5 0.5 0.5 0.5 0.5 0.5 
0.5 0.5 0.5 0.5 0.5 0.5 0.5 0.5 0.5 
0.5 0.5 0.5 0.5 0.5 0.5 0.5 0.5 0.5 
0.5 0.5 0.5 0.5 0.5 0.5 0.5 0.5 0.5 
0.5 0.5 0.5 0.5 0.5 0.5 0.5 0.5 0.5 
0.5 0.5 0.5 0.5 0.5 0.5 0.5 0.5 0.5 
0.5 0.5 0.5 0.5 0.5 0.5 0.5 0.5 0.5 
0.5 0.5 0.5 0.5 0.5 0.5 0.5 0.5 0.5 
0.5 0.5 0.5 0.5 0.5 0.5 0.5 0.5 0.5 
0.5 0.5 0.5 0.5 0.5 0.5 0.5 0.5 0.5 
0.5 0.5 0.5 0.5 0.5 0.5 0.5 0.5 0.5 
0.5 0.5 0.5 0.5 0.5 0.5 0.5 0.5 0.5 
0.5 0.5 0.5 0.5 0.5 0.5 0.5 0.5 0.5 
0.5 0.5 0.5 0.5 0.5 0.5 0.5 0.5 0.5 
0.5 0.5 0.5 0.5 0.5 0.5 0.5 0.5 0.5 
0.5 0.5 0.5 0.5 0.5 0.5 0.5 0.5 0.5 
0.5 0.5 0.5 0.5 0.5 0.5 0.5 0.5 0.5 
0.5 0.5 0.5 0.5 0.5 0.5 0.5 0.5 0.5 
0.5 0.5 0.5 0.5 0.5 0.5 0.5 0.5 0.5 
0.5 0.5 0.5 0.5 0.5 0.5 0.5 0.5 0.5 
0.5 0.5 0.5 0.5 0.5 0.5 0.5 0.5 0.5 
0.5 0.5 0.5 0.5 0.5 0.5 0.5 0.5 0.5 
0.5 0.5 0.5 0.5 0.5 0.5 0.5 0.5 0.5 
0.5 0.5 0.5 0.5 0.5 0.5 0.5 0.5 0.5 
0.5 0.5 0.5 0.5 0.5 0.5 0.5 0.5 0.5 
0.5 0.5 0.5 0.5 0.5 0.5 0.5 0.5 0.5 
0.5 0.5 0.5 0.5 0.5 0.5 0.5 0.5 0.5 
0.5 0.5 0.5 0.5 0.5 0.5 0.5 0.5 0.5 
0.5 0.5 0.5 0.5 0.5 0.5 0.5 0.5 0.5 
0.5 0.5 0.5 0.5 0.5 0.5 0.5 0.5 0.5 
0.5 0.5 0.5 0.5 0.5 0.5 0.5 0.5 0.5 
0.5 0.5 0.5 0.5 0.5 0.5 0.5 0.5 0.5 
0.5 0.5 0.5 0.5 0.5 0.5 0.5 0.5 0.5 
0.5 0.5 0.5 0.5 0.5 0.5 0.5 0.5 0.5 
0.5 0.5 0.5 0.5 0.5 0.5 0.5 0.5 0.5 
0.5 0.5 0.5 0.5 0.5 0.5 0.5 0.5 0.5 
0.5 0.5 0.5 0.5 0.5 0.5 0.5 0.5 0.5 
0.5 0.5 0.5 0.5 0.5 0.5 0.5 0.5 0.5 
0.5 0.5 0.5 0.5 0.5 0.5 0.5 0.5 0.5 
0.5 0.5 0.5 0.5 0.5 0.5 0.5 0.5 0.5 
0.5 0.5 0.5 0.5 0.5 0.5 0.5 0.5 0.5 
0.5 0.5 0.5 0.5 0.5 0.5 0.5 0.5 0.5 
0.5 0.5 0.5 0.5 0.5 0.5 0.5 0.5 0.5 
0.5 0.5 0.5 0.5 0.5 0.5 0.5 0.5 0.5 
0.5 0.5 0.5 0.5 0.5 0.5 0.5 0.5 0.5 
0.5 0.5 0.5 0.5 0.5 0.5 0.5 0.5 0.5 
0.5 0.5 0.5 0.5 0.5 0.5 0.5 0.5 0.5 
0.5 0.5 0.5 0.5 0.5 0.5 0.5 0.5 0.5 
0.5 0.5 0.5 0.5 0.5 0.5 0.5 0.5 0.5 
0.5 0.5 0.5 0.5 0.5 0.5 0.5 0.5 0.5 
0.5 0.5 0.5 0.5 0.5 0.5 0.5 0.5 0.5 
0.5 0.5 0.5 0.5 0.5 0.5 0.5 0.5 0.5 
0.5 0.5 0.5 0.5 0.5 0.5 0.5 0.5 0.5 
0.5 0.5 0.5 0.5 0.5 0.5 0.5 0.5 0.5 
0.5 0.5 0.5 0.5 0.5 0.5 0.5 0.5 0.5 
0.5 0.5 0.5 0.5 0.5 0.5 0.5 0.5 0.5 
0.5 0.5 0.5 0.5 0.5 0.5 0.5 0.5 0.5 
0.5 0.5 0.5 0.5 0.5 0.5 0.5 0.5 0.5 
0.5 0.5 0.5 0.5 0.5 0.5 0.5 0.5 0.5 
0.5 0.5 0.5 0.5 0.5 0.5 0.5 0.5 0.5 
0.5 0.5 0.5 0.5 0.5 0.5 0.5 0.5 0.5 
0.5 0.5 0.5 0.5 0.5 0.5 0.5 0.5 0.5 
0.5 0.5 0.5 0.5 0.5 0.5 0.5 0.5 0.5 
0.5 0.5 0.5 0.5 0.5 0.5 0.5 0.5 0.5 
0.5 0.5 0.5 0.5 0.5 0.5 0.5 0.5 0.5 
0.5 0.5 0.5 0.5 0.5 0.5 0.5 0.5 0.5 
0.5 0.5 0.5 0.5 0.5 0.5 0.5 0.5 0.5 
0.5 0.5 0.5 0.5 0.5 0.5 0.5 0.5 0.5 
0.5 0.5 0.5 0.5 0.5 0.5 0.5 0.5 0.5 
0.5 0.5 0.5 0.5 0.5 0.5 0.5 0.5 0.5 
0.5 0.5 0.5 0.5 0.5 0.5 0.5 0.5 0.5 
0.5 0.5 0.5 0.5 0.5 0.5 0.5 0.5 0.5 
0.5 0.5 0.5 0.5 0.5 0.5 0.5 0.5 0.5 
0.5 0.5 0.5 0.5 0.5 0.5 0.5 0.5 0.5 
0.5 0.5 0.5 0.5 0.5 0.5 0.5 0.5 0.5 
0.5 0.5 0.5 0.5 0.5 0.5 0.5 0.5 0.5 
0.5 0.5 0.5 0.5 0.5 0.5 0.5 0.5 0.5 
0.5 0.5 0.5 0.5 0.5 0.5 0.5 0.5 0.5 
0.5 0.5 0.5 0.5 0.5 0.5 0.5 0.5 0.5 
0.5 0.5 0.5 0.5 0.5 0.5 0.5 0.5 0.5 
0.5 0.5 0.5 0.5 0.5 0.5 0.5 0.5 0.5 
0.5 0.5 0.5 0.5 0.5 0.5 0.5 0.5 0.5 
0.5 0.5 0.5 0.5 0.5 0.5 0.5 0.5 0.5 
0.5 0.5 0.5 0.5 0.5 0.5 0.5 0.5 0.5 
0.5 0.5 0.5 0.5 0.5 0.5 0.5 0.5 0.5 
0.5 0.5 0.5 0.5 0.5 0.5 0.5 0.5 0.5 
0.5 0.5 0.5 0.5 0.5 0.5 0.5 0.5 0.5 
0.5 0.5 0.5 0.5 0.5 0.5 0.5 0.5 0.5 
0.5 0.5 0.5 0.5 0.5 0.5 0.5 0.5 0.5 
0.5 0.5 0.5 0.5 0.5 0.5 0.5 0.5 0.5 
0.5 0.5 0.5 0.5 0.5 0.5 0.5 0.5 0.5 
0.5 0.5 0.5 0.5 0.5 0.5 0.5 0.5 0.5 
0.5 0.5 0.5 0.5 0.5 0.5 0.5 0.5 0.5 
0.5 0.5 0.5 0.5 0.5 0.5 0.5 0.5 0.5 
0.5 0.5 0.5 0.5 0.5 0.5 0.5 0.5 0.5 
0.5 0.5 0.5 0.5 0.5 0.5 0.5 0.5 0.5 
0.5 0.5 0.5 0.5 0.5 0.5 0.5 0.5 0.5 
0.5 0.5 0.5 0.5 0.5 0.5 0.5 0.5 0.5 
0.5 0.5 0.5 0.5 0.5 0.5 0.5 0.5 0.5 
0.5 0.5 0.5 0.5 0.5 0.5 0.5 0.5 0.5 
0.5 0.5 0.5 0.5 0.5 0.5 0.5 0.5 0.5 
0.5 0.5 0.5 0.5 0.5 0.5 0.5 0.5 0.5 
0.5 0.5 0.5 0.5 0.5 0.5 0.5 0.5 0.5 
0.5 0.5 0.5 0.5 0.5 0.5 0.5 0.5 0.5 
0.5 0.5 0.5 0.5 0.5 0.5 0.5 0.5 0.5 
0.5 0.5 0.5 0.5 0.5 0.5 0.5 0.5 0.5 
0.5 0.5 0.5 0.5 0.5 0.5 0.5 0.5 0.5 
0.5 0.5 0.5 0.5 0.5 0.5 0.5 0.5 0.5 
0.5 0.5 0.5 0.5 0.5 0.5 0.5 0.5 0.5 
0.5 0.5 0.5 0.5 0.5 0.5 0.5 0.5 0.5 
0.5 0.5 0.5 0.5 0.5 0.5 0.5 0.5 0.5 
0.5 0.5 0.5 0.5 0.5 0.5 0.5 0.5 0.5 
0.5 0.5 0.5 0.5 0.5 0.5 0.5 0.5 0.5 
0.5 0.5 0.5 0.5 0.5 0.5 0.5 0.5 0.5 
0.5 0.5 0.5 0.5 0.5 0.5 0.5 0.5 0.5 
0.5 0.5 0.5 0.5 0.5 0.5 0.5 0.5 0.5 
0.5 0.5 0.5 0.5 0.5 0.5 0.5 0.5 0.5 
0.5 0.5 0.5 0.5 0.5 0.5 0.5 0.5 0.5 
0.5 0.5 0.5 0.5 0.5 0.5 0.5 0.5 0.5 
0.5 0.5 0.5 0.5 0.5 0.5 0.5 0.5 0.5 
0.5 0.5 0.5 0.5 0.5 0.5 0.5 0.5 0.5 
0.5 0.5 0.5 0.5 0.5 0.5 0.5 0.5 0.5 
0.5 0.5 0.5 0.5 0.5 0.5 0.5 0.5 0.5 
0.5 0.5 0.5 0.5 0.5 0.5 0.5 0.5 0.5 
0.5 0.5 0.5 0.5 0.5 0.5 0.5 0.5 0.5 
0.5 0.5 0.5 0.5 0.5 0.5 0.5 0.5 0.5 
0.5 0.5 0.5 0.5 0.5 0.5 0.5 0.5 0.5 
0.5 0.5 0.5 0.5 0.5 0.5 0.5 0.5 0.5 
0.5 0.5 0.5 0.5 0.5 0.5 0.5 0.5 0.5 
0.5 0.5 0.5 0.5 0.5 0.5 0.5 0.5 0.5 
0.5 0.5 0.5 0.5 0.5 0.5 0.5 0.5 0.5 
0.5 0.5 0.5 0.5 0.5 0.5 0.5 0.5 0.5 
0.5 0.5 0.5 0.5 0.5 0.5 0.5 0.5 0.5 
0.5 0.5 0.5 0.5 0.5 0.5 0.5 0.5 0.5 
0.5 0.5 0.5 0.5 0.5 0.5 0.5 0.5 0.5 
0.5 0.5 0.5 0.5 0.5 0.5 0.5 0.5 0.5 
0.5 0.5 0.5 0.5 0.5 0.5 0.5 0.5 0.5 
0.5 0.5 0.5 0.5 0.5 0.5 0.5 0.5 0.5 
0.5 0.5 0.5 0.5 0.5 0.5 0.5 0.5 0.5 
0.5 0.5 0.5 0.5 0.5 0.5 0.5 0.5 0.5 
0.5 0.5 0.5 0.5 0.5 0.5 0.5 0.5 0.5 
0.5 0.5 0.5 0.5 0.5 0.5 0.5 0.5 0.5 
0.5 0.5 0.5 0.5 0.5 0.5 0.5 0.5 0.5 
0.5 0.5 0.5 0.5 0.5 0.5 0.5 0.5 0.5 
0.5 0.5 0.5 0.5 0.5 0.5 0.5 0.5 0.5 
0.5 0.5 0.5 0.5 0.5 0.5 0.5 0.5 0.5 
0.5 0.5 0.5 0.5 0.5 0.5 0.5 0.5 0.5 
0.5 0.5 0.5 0.5 0.5 0.5 0.5 0.5 0.5 
0.5 0.5 0.5 0.5 0.5 0.5 0.5 0.5 0.5 
0.5 0.5 0.5 0.5 0.5 0.5 0.5 0.5 0.5 
0.5 0.5 0.5 0.5 0.5 0.5 0.5 0.5 0.5 
0.5 0.5 0.5 0.5 0.5 0.5 0.5 0.5 0.5 
0.5 0.5 0.5 0.5 0.5 0.5 0.5 0.5 0.5 
0.5 0.5 0.5 0.5 0.5 0.5 0.5 0.5 0.5 
0.5 0.5 0.5 0.5 0.5 0.5 0.5 0.5 0.5 
0.5 0.5 0.5 0.5 0.5 0.5 0.5 0.5 0.5 
0.5 0.5 0.5 0.5 0.5 0.5 0.5 0.5 0.5 
0.5 0.5 0.5 0.5 0.5 0.5 0.5 0.5 0.5 
0.5 0.5 0.5 0.5 0.5 0.5 0.5 0.5 0.5 
0.5 0.5 0.5 0.5 0.5 0.5 0.5 0.5 0.5 
0.5 0.5 0.5 0.5 0.5 0.5 0.5 0.5 0.5 
0.5 0.5 0.5 0.5 0.5 0.5 0.5 0.5 0.5 
0.5 0.5 0.5 0.5 0.5 0.5 0.5 0.5 0.5 
0.5 0.5 0.5 0.5 0.5 0.5 0.5 0.5 0.5 
0.5 0.5 0.5 0.5 0.5 0.5 0.5 0.5 0.5 
0.5 0.5 0.5 0.5 0.5 0.5 0.5 0.5 0.5 
0.5 0.5 0.5 0.5 0.5 0.5 0.5 0.5 0.5 
0.5 0.5 0.5 0.5 0.5 0.5 0.5 0.5 0.5 
0.5 0.5 0.5 0.5 0.5 0.5 0.5 0.5 0.5 
0.5 0.5 0.5 0.5 0.5 0.5 0.5 0.5 0.5 
0.5 0.5 0.5 0.5 0.5 0.5 0.5 0.5 0.5 
0.5 0.5 0.5 0.5 0.5 0.5 0.5 0.5 0.5 
0.5 0.5 0.5 0.5 0.5 0.5 0.5 0.5 0.5 
0.5 0.5 0.5 0.5 0.5 0.5 0.5 0.5 0.5 
0.5 0.5 0.5 0.5 0.5 0.5 0.5 0.5 0.5 
0.5 0.5 0.5 0.5 0.5 0.5 0.5 0.5 0.5 
0.5 0.5 0.5 0.5 0.5 0.5 0.5 0.5 0.5 

NORMALS normals float
-0.311035 -0.950399 0 -0.311035 -0.950399 0 -0.31718 -0.948365 0 
-0.31718 -0.948365 0 -0.25978 -0.965668 0 -0.25978 -0.965668 0 
-0.208246 -0.978077 0 -0.208246 -0.978077 0 -0.156555 -0.987669 0 
-0.156555 -0.987669 0 -0.104621 -0.994512 0 -0.104621 -0.994512 0 
-0.052404 -0.998626 0 -0.052404 -0.998626 0 -1.20824e-16 -1 0 
-1.20824e-16 -1 0 0.052404 -0.998626 0 0.052404 -0.998626 0 
0.104621 -0.994512 0 0.104621 -0.994512 0 0.156555 -0.987669 0 
0.156555 -0.987669 0 0.208246 -0.978077 0 0.208246 -0.978077 0 
0.25978 -0.965668 0 0.25978 -0.965668 0 0.311035 -0.950399 0 
0.311035 -0.950399 0 0.31718 -0.948365 0 0.31718 -0.948365 0 
-0.411175 -0.911556 0 -0.411175 -0.911556 0 -0.442093 -0.896969 0 
-0.442093 -0.896969 0 -0.360992 -0.932569 0 -0.360992 -0.932569 0 
0.360992 -0.932569 0 0.360992 -0.932569 0 0.411175 -0.911556 0 
0.411175 -0.911556 0 0.442093 -0.896969 0 0.442093 -0.896969 0 
-0.509546 -0.860443 0 -0.509546 -0.860443 0 -0.531583 -0.847006 0 
-0.531583 -0.847006 0 -0.460438 -0.887692 0 -0.460438 -0.887692 0 
0.460438 -0.887692 0 0.460438 -0.887692 0 0.509546 -0.860443 0 
0.509546 -0.860443 0 0.531583 -0.847006 0 0.531583 -0.847006 0 
-0.557828 -0.829956 0 -0.557828 -0.829956 0 -0.603079 -0.797681 0 
-0.603079 -0.797681 0 0.557828 -0.829956 0 0.557828 -0.829956 0 
0.603079 -0.797681 0 0.603079 -0.797681 0 -0.653989 -0.756504 0 
-0.653989 -0.756504 0 -0.661824 -0.749659 0 -0.661824 -0.749659 0 
-0.605981 -0.795479 0 -0.605981 -0.795479 0 0.605981 -0.795479 0 
0.605981 -0.795479 0 0.653989 -0.756504 0 0.653989 -0.756504 0 
0.661824 -0.749659 0 0.661824 -0.749659 0 -0.701815 -0.712359 0 
-0.701815 -0.712359 0 -0.712359 -0.701815 0 -0.712359 -0.701815 0 
0.701815 -0.712359 0 0.701815 -0.712359 0 0.712359 -0.701815 0 
0.712359 -0.701815 0 -0.749659 -0.661824 0 -0.749659 -0.661824 0 
-0.756504 -0.653989 0 -0.756504 -0.653989 0 0.749659 -0.661824 0 
0.749659 -0.661824 0 0.756504 -0.653989 0 0.756504 -0.653989 0 
-0.795479 -0.605981 0 -0.795479 -0.605981 0 0.795479 -0.605981 0 
0.795479 -0.605981 0 -0.797681 -0.603079 0 -0.797681 -0.603079 0 
-0.829956 -0.557828 0 -0.829956 -0.557828 0 0.797681 -0.603079 0 
0.797681 -0.603079 0 0.829956 -0.557828 0 0.829956 -0.557828 0 
-0.847006 -0.531583 0 -0.847006 -0.531583 0 -0.860443 -0.509546 0 
-0.860443 -0.509546 0 0.847006 -0.531583 0 0.847006 -0.531583 0 
0.860443 -0.509546 0 0.860443 -0.509546 0 -0.887692 -0.460438 0 
-0.887692 -0.460438 0 0.887692 -0.460438 0 0.887692 -0.460438 0 
-0.896969 -0.442093 0 -0.896969 -0.442093 0 -0.911556 -0.411175 0 
-0.911556 -0.411175 0 0.896969 -0.442093 0 0.896969 -0.442093 0 
0.911556 -0.411175 0 0.911556 -0.411175 0 -0.932569 -0.360992 0 
-0.932569 -0.360992 0 0.932569 -0.360992 0 0.932569 -0.360992 0 
-0.948365 -0.31718 0 -0.948365 -0.31718 0 -0.950399 -0.311035 0 
-0.950399 -0.311035 0 0.948365 -0.31718 0 0.948365 -0.31718 0 
0.950399 -0.311035 0 0.950399 -0.311035 0 -0.965668 -0.25978 0 
-0.965668 -0.25978 0 0.965668 -0.25978 0 0.965668 -0.25978 0 
-0.978077 -0.208246 0 -0.978077 -0.208246 0 0.978077 -0.208246 0 
0.978077 -0.208246 0 -0.987669 -0.156555 0 -0.987669 -0.156555 0 
0.987669 -0.156555 0 0.987669 -0.156555 0 -0.994512 -0.104621 0 
-0.994512 -0.104621 0 0.994512 -0.104621 0 0.994512 -0.104621 0 
-0.998626 -0.052404 0 -0.998626 -0.052404 0 0.998626 -0.052404 0 
0.998626 -0.052404 0 -1 -1.98732e-17 0 -1 -1.98732e-17 0 
1 -9.93661e-18 0 1 -9.93661e-18 0 -0.998626 0.052404 0 
-0.998626 0.052404 0 0.998626 0.052404 0 0.998626 0.052404 0 
-0.994512 0.104621 0 -0.994512 0.104621 0 0.994512 0.104621 0 
0.994512 0.104621 0 -0.987669 0.156555 0 -0.987669 0.156555 0 
0.987669 0.156555 0 0.987669 0.156555 0 -0.978077 0.208246 0 
-0.978077 0.208246 0 0.978077 0.208246 0 0.978077 0.208246 0 
-0.965668 0.25978 0 -0.965668 0.25978 0 0.965668 0.25978 0 
0.965668 0.25978 0 -0.950399 0.311035 0 -0.950399 0.311035 0 
0.950399 0.311035 0 0.950399 0.311035 0 -0.948365 0.31718 0 
-0.948365 0.31718 0 -0.932569 0.360992 0 -0.932569 0.360992 0 
0.948365 0.31718 0 0.932569 0.360992 0 0.948365 0.31718 0 
0.932569 0.360992 0 -0.911556 0.411175 0 -0.911556 0.411175 0 
0.911556 0.411175 0 0.911556 0.411175 0 -0.896969 0.442093 0 
-0.896969 0.442093 0 -0.887692 0.460438 0 -0.887692 0.460438 0 
0.896969 0.442093 0 0.887692 0.460438 0 0.896969 0.442093 0 
0.887692 0.460438 0 -0.860443 0.509546 0 -0.860443 0.509546 0 
0.860443 0.509546 0 0.860443 0.509546 0 -0.847006 0.531583 0 
-0.847006 0.531583 0 -0.829956 0.557828 0 -0.829956 0.557828 0 
0.847006 0.531583 0 0.829956 0.557828 0 0.847006 0.531583 0 
0.829956 0.557828 0 -0.797681 0.603079 0 -0.797681 0.603079 0 
-0.795479 0.605981 0 -0.795479 0.605981 0 0.797681 0.603079 0 
0.795479 0.605981 0 0.797681 0.603079 0 0.795479 0.605981 0 
-0.756504 0.653989 0 -0.756504 0.653989 0 0.756504 0.653989 0 
0.756504 0.653989 0 -0.749659 0.661824 0 -0.749659 0.661824 0 
-0.712359 0.701815 0 -0.712359 0.701815 0 0.749659 0.661824 0 
0.712359 0.701815 0 0.749659 0.661824 0 0.712359 0.701815 0 
-0.701815 0.712359 0 -0.701815 0.712359 0 -0.661824 0.749659 0 
-0.661824 0.749659 0 0.701815 0.712359 0 0.661824 0.749659 0 
0.701815 0.712359 0 0.661824 0.749659 0 -0.653989 0.756504 0 
-0.653989 0.756504 0 -0.605981 0.795479 0 -0.605981 0.795479 0 
-0.603079 0.797681 0 -0.603079 0.797681 0 0.605981 0.795479 0 
0.603079 0.797681 0 0.605981 0.795479 0 0.603079 0.797681 0 
0.653989 0.756504 0 0.653989 0.756504 0 -0.557828 0.829956 0 
-0.557828 0.829956 0 -0.531583 0.847006 0 -0.531583 0.847006 0 
0.557828 0.829956 0 0.531583 0.847006 0 0.557828 0.829956 0 
0.531583 0.847006 0 -0.509546 0.860443 0 -0.509546 0.860443 0 
-0.460438 0.887692 0 -0.460438 0.887692 0 -0.442093 0.896969 0 
-0.442093 0.896969 0 0.460438 0.887692 0 0.442093 0.896969 0 
0.460438 0.887692 0 0.442093 0.896969 0 0.509546 0.860443 0 
0.509546 0.860443 0 -0.411175 0.911556 0 -0.411175 0.911556 0 
-0.360992 0.932569 0 -0.360992 0.932569 0 -0.31718 0.948365 0 
-0.31718 0.948365 0 0.360992 0.932569 0 0.31718 0.948365 0 
0.360992 0.932569 0 0.31718 0.948365 0 0.411175 0.911556 0 
0.411175 0.911556 0 -0.311035 0.950399 0 -0.311035 0.950399 0 
-0.25978 0.965668 0 -0.25978 0.965668 0 -0.208246 0.978077 0 
-0.208246 0.978077 0 -0.156555 0.987669 0 -0.156555 0.987669 0 
-0.104621 0.994512 0 -0.104621 0.994512 0 -0.052404 0.998626 0 
-0.052404 0.998626 0 1.30761e-16 1 0 1.30761e-16 1 0 
0.052404 0.998626 0 0.052404 0.998626 0 0.104621 0.994512 0 
0.104621 0.994512 0 0.156555 0.987669 0 0.156555 0.987669 0 
0.208246 0.978077 0 0.208246 0.978077 0 0.25978 0.965668 0 
0.25978 0.965668 0 0.311035 0.950399 0 0.311035 0.950399 0 
-0.311035 -0.950399 0 -0.31718 -0.948365 0 -0.25978 -0.965668 0 
-0.208246 -0.978077 0 -0.156555 -0.987669 0 -0.104621 -0.994512 0 
-0.052404 -0.998626 0 -1.20824e-16 -1 0 0.052404 -0.998626 0 
0.104621 -0.994512 0 0.156555 -0.987669 0 0.208246 -0.978077 0 
0.25978 -0.965668 0 0.311035 -0.950399 0 0.31718 -0.948365 0 
-0.411175 -0.911556 0 -0.442093 -0.896969 0 -0.360992 -0.932569 0 
0.360992 -0.932569 0 0.411175 -0.911556 0 0.442093 -0.896969 0 
-0.509546 -0.860443 0 -0.531583 -0.847006 0 -0.460438 -0.887692 0 
0.460438 -0.887692 0 0.509546 -0.860443 0 0.531583 -0.847006 0 
-0.557828 -0.829956 0 -0.603079 -0.797681 0 0.557828 -0.829956 0 
0.603079 -0.797681 0 -0.653989 -0.756504 0 -0.661824 -0.749659 0 
-0.605981 -0.795479 0 0.605981 -0.795479 0 0.653989 -0.756504 0 
0.661824 -0.749659 0 -0.701815 -0.712359 0 -0.712359 -0.701815 0 
0.701815 -0.712359 0 0.712359 -0.701815 0 -0.749659 -0.661824 0 
-0.756504 -0.653989 0 0.749659 -0.661824 0 0.756504 -0.653989 0 
-0.795479 -0.605981 0 0.795479 -0.605981 0 -0.797681 -0.603079 0 
-0.829956 -0.557828 0 0.797681 -0.603079 0 0.829956 -0.557828 0 
-0.847006 -0.531583 0 -0.860443 -0.509546 0 0.847006 -0.531583 0 
0.860443 -0.509546 0 -0.887692 -0.460438 0 0.887692 -0.460438 0 
-0.896969 -0.442093 0 -0.911556 -0.411175 0 0.896969 -0.442093 0 
0.911556 -0.411175 0 -0.932569 -0.360992 0 0.932569 -0.360992 0 
-0.948365 -0.31718 0 -0.950399 -0.311035 0 0.948365 -0.31718 0 
0.950399 -0.311035 0 -0.965668 -0.25978 0 0.965668 -0.25978 0 
-0.978077 -0.208246 0 0.978077 -0.208246 0 -0.987669 -0.156555 0 
0.987669 -0.156555 0 -0.994512 -0.104621 0 0.994512 -0.104621 0 
-0.998626 -0.052404 0 0.998626 -0.052404 0 -1 -1.98732e-17 0 
1 -9.93661e-18 0 -0.998626 0.052404 0 0.998626 0.052404 0 
-0.994512 0.104621 0 0.994512 0.104621 0 -0.987669 0.156555 0 
0.987669 0.156555 0 -0.978077 0.208246 0 0.978077 0.208246 0 
-0.965668 0.25978 0 0.965668 0.25978 0 -0.950399 0.311035 0 
0.950399 0.311035 0 -0.948365 0.31718 0 -0.932569 0.360992 0 
0.932569 0.360992 0 0.948365 0.31718 0 -0.911556 0.411175 0 
0.911556 0.411175 0 -0.896969 0.442093 0 -0.887692 0.460438 0 
0.887692 0.460438 0 0.896969 0.442093 0 -0.860443 0.509546 0 
0.860443 0.509546 0 -0.847006 0.531583 0 -0.829956 0.557828 0 
0.829956 0.557828 0 0.847006 0.531583 0 -0.797681 0.603079 0 
-0.795479 0.605981 0 0.795479 0.605981 0 0.797681 0.603079 0 
-0.756504 0.653989 0 0.756504 0.653989 0 -0.749659 0.661824 0 
-0.712359 0.701815 0 0.712359 0.701815 0 0.749659 0.661824 0 
-0.701815 0.712359 0 -0.661824 0.749659 0 0.661824 0.749659 0 
0.701815 0.712359 0 -0.653989 0.756504 0 -0.605981 0.795479 0 
-0.603079 0.797681 0 0.603079 0.797681 0 0.605981 0.795479 0 
0.653989 0.756504 0 -0.557828 0.829956 0 -0.531583 0.847006 0 
0.531583 0.847006 0 0.557828 0.829956 0 -0.509546 0.860443 0 
-0.460438 0.887692 0 -0.442093 0.896969 0 0.442093 0.896969 0 
0.460438 0.887692 0 0.509546 0.860443 0 -0.411175 0.911556 0 
-0.360992 0.932569 0 -0.31718 0.948365 0 0.31718 0.948365 0 
0.360992 0.932569 0 0.411175 0.911556 0 -0.311035 0.950399 0 
-0.25978 0.965668 0 -0.208246 0.978077 0 -0.156555 0.987669 0 
-0.104621 0.994512 0 -0.052404 0.998626 0 1.30761e-16 1 0 
0.052404 0.998626 0 0.104621 0.994512 0 0.156555 0.987669 0 
0.208246 0.978077 0 0.25978 0.965668 0 0.311035 0.950399 0 
-0.311035 -0.950399 0 -0.31718 -0.948365 0 -0.25978 -0.965668 0 
-0.208246 -0.978077 0 -0.156555 -0.987669 0 -0.104621 -0.994512 0 
-0.052404 -0.998626 0 -1.20824e-16 -1 0 0.052404 -0.998626 0 
0.104621 -0.994512 0 0.156555 -0.987669 0 0.208246 -0.978077 0 
0.25978 -0.965668 0 0.311035 -0.950399 0 0.31718 -0.948365 0 
-0.411175 -0.911556 0 -0.442093 -0.896969 0 -0.360992 -0.932569 0 
0.360992 -0.932569 0 0.411175 -0.911556 0 0.442093 -0.896969 0 
-0.509546 -0.860443 0 -0.531583 -0.847006 0 -0.460438 -0.887692 0 
0.460438 -0.887692 0 0.509546 -0.860443 0 0.531583 -0.847006 0 
-0.557828 -0.829956 0 -0.603079 -0.797681 0 0.557828 -0.829956 0 
0.603079 -0.797681 0 -0.653989 -0.756504 0 -0.661824 -0.749659 0 
-0.605981 -0.795479 0 0.605981 -0.795479 0 0.653989 -0.756504 0 
0.661824 -0.749659 0 -0.701815 -0.712359 0 -0.712359 -0.701815 0 
0.701815 -0.712359 0 0.712359 -0.701815 0 -0.749659 -0.661824 0 
-0.756504 -0.653989 0 0.749659 -0.661824 0 0.756504 -0.653989 0 
-0.795479 -0.605981 0 0.795479 -0.605981 0 -0.797681 -0.603079 0 
-0.829956 -0.557828 0 0.797681 -0.603079 0 0.829956 -0.557828 0 
-0.847006 -0.531583 0 -0.860443 -0.509546 0 0.847006 -0.531583 0 
0.860443 -0.509546 0 -0.887692 -0.460438 0 0.887692 -0.460438 0 
-0.896969 -0.442093 0 -0.911556 -0.411175 0 0.896969 -0.442093 0 
0.911556 -0.411175 0 -0.932569 -0.360992 0 0.932569 -0.360992 0 
-0.948365 -0.31718 0 -0.950399 -0.311035 0 0.948365 -0.31718 0 
0.950399 -0.311035 0 -0.965668 -0.25978 0 0.965668 -0.25978 0 
-0.978077 -0.208246 0 0.978077 -0.208246 0 -0.987669 -0.156555 0 
0.987669 -0.156555 0 -0.994512 -0.104621 0 0.994512 -0.104621 0 
-0.998626 -0.052404 0 0.998626 -0.052404 0 -1 -1.98732e-17 0 
1 -9.93661e-18 0 -0.998626 0.052404 0 0.998626 0.052404 0 
-0.994512 0.104621 0 0.994512 0.104621 0 -0.987669 0.156555 0 
0.987669 0.156555 0 -0.978077 0.208246 0 0.978077 0.208246 0 
-0.965668 0.25978 0 0.965668 0.25978 0 -0.950399 0.311035 0 
0.950399 0.311035 0 -0.948365 0.31718 0 -0.932569 0.360992 0 
0.932569 0.360992 0 0.948365 0.31718 0 -0.911556 0.411175 0 
0.911556 0.411175 0 -0.896969 0.442093 0 -0.887692 0.460438 0 
0.887692 0.460438 0 0.896969 0.442093 0 -0.860443 0.509546 0 
0.860443 0.509546 0 -0.847006 0.531583 0 -0.829956 0.557828 0 
0.829956 0.557828 0 0.847006 0.531583 0 -0.797681 0.603079 0 
-0.795479 0.605981 0 0.795479 0.605981 0 0.797681 0.603079 0 
-0.756504 0.653989 0 0.756504 0.653989 0 -0.749659 0.661824 0 
-0.712359 0.701815 0 0.712359 0.701815 0 0.749659 0.661824 0 
-0.701815 0.712359 0 -0.661824 0.749659 0 0.661824 0.749659 0 
0.701815 0.712359 0 -0.653989 0.756504 0 -0.605981 0.795479 0 
-0.603079 0.797681 0 0.603079 0.797681 0 0.605981 0.795479 0 
0.653989 0.756504 0 -0.557828 0.829956 0 -0.531583 0.847006 0 
0.531583 0.847006 0 0.557828 0.829956 0 -0.509546 0.860443 0 
-0.460438 0.887692 0 -0.442093 0.896969 0 0.442093 0.896969 0 
0.460438 0.887692 0 0.509546 0.860443 0 -0.411175 0.911556 0 
-0.360992 0.932569 0 -0.31718 0.948365 0 0.31718 0.948365 0 
0.360992 0.932569 0 0.411175 0.911556 0 -0.311035 0.950399 0 
-0.25978 0.965668 0 -0.208246 0.978077 0 -0.156555 0.987669 0 
-0.104621 0.994512 0 -0.052404 0.998626 0 1.30761e-16 1 0 
0.052404 0.998626 0 0.104621 0.994512 0 0.156555 0.987669 0 
0.208246 0.978077 0 0.25978 0.965668 0 0.311035 0.950399 0 
-0.311035 -0.950399 0 -0.31718 -0.948365 0 -0.25978 -0.965668 0 
-0.208246 -0.978077 0 -0.156555 -0.987669 0 -0.104621 -0.994512 0 
-0.052404 -0.998626 0 -1.20824e-16 -1 0 0.052404 -0.998626 0 
0.104621 -0.994512 0 0.156555 -0.987669 0 0.208246 -0.978077 0 
0.25978 -0.965668 0 0.311035 -0.950399 0 0.31718 -0.948365 0 
-0.411175 -0.911556 0 -0.442093 -0.896969 0 -0.360992 -0.932569 0 
0.360992 -0.932569 0 0.411175 -0.911556 0 0.442093 -0.896969 0 
-0.509546 -0.860443 0 -0.531583 -0.847006 0 -0.460438 -0.887692 0 
0.460438 -0.887692 0 0.509546 -0.860443 0 0.531583 -0.847006 0 
-0.557828 -0.829956 0 -0.603079 -0.797681 0 0.557828 -0.829956 0 
0.603079 -0.797681 0 -0.653989 -0.756504 0 -0.661824 -0.749659 0 
-0.605981 -0.795479 0 0.605981 -0.795479 0 0.653989 -0.756504 0 
0.661824 -0.749659 0 -0.701815 -0.712359 0 -0.712359 -0.701815 0 
0.701815 -0.712359 0 0.712359 -0.701815 0 -0.749659 -0.661824 0 
-0.756504 -0.653989 0 0.749659 -0.661824 0 0.756504 -0.653989 0 
-0.795479 -0.605981 0 0.795479 -0.605981 0 -0.797681 -0.603079 0 
-0.829956 -0.557828 0 0.797681 -0.603079 0 0.829956 -0.557828 0 
-0.847006 -0.531583 0 -0.860443 -0.509546 0 0.847006 -0.531583 0 
0.860443 -0.509546 0 -0.887692 -0.460438 0 0.887692 -0.460438 0 
-0.896969 -0.442093 0 -0.911556 -0.411175 0 0.896969 -0.442093 0 
0.911556 -0.411175 0 -0.932569 -0.360992 0 0.932569 -0.360992 0 
-0.948365 -0.31718 0 -0.950399 -0.311035 0 0.948365 -0.31718 0 
0.950399 -0.311035 0 -0.965668 -0.25978 0 0.965668 -0.25978 0 
-0.978077 -0.208246 0 0.978077 -0.208246 0 -0.987669 -0.156555 0 
0.987669 -0.156555 0 -0.994512 -0.104621 0 0.994512 -0.104621 0 
-0.998626 -0.052404 0 0.998626 -0.052404 0 -1 -1.98732e-17 0 
1 -9.93661e-18 0 -0.998626 0.052404 0 0.998626 0.052404 0 
-0.994512 0.104621 0 0.994512 0.104621 0 -0.987669 0.156555 0 
0.987669 0.156555 0 -0.978077 0.208246 0 0.978077 0.208246 0 
-0.965668 0.25978 0 0.965668 0.25978 0 -0.950399 0.311035 0 
0.950399 0.311035 0 -0.948365 0.31718 0 -0.932569 0.360992 0 
0.932569 0.360992 0 0.948365 0.31718 0 -0.911556 0.411175 0 
0.911556 0.411175 0 -0.896969 0.442093 0 -0.887692 0.460438 0 
0.887692 0.460438 0 0.896969 0.442093 0 -0.860443 0.509546 0 
0.860443 0.509546 0 -0.847006 0.531583 0 -0.829956 0.557828 0 
0.829956 0.557828 0 0.847006 0.531583 0 -0.797681 0.603079 0 
-0.795479 0.605981 0 0.795479 0.605981 0 0.797681 0.603079 0 
-0.756504 0.653989 0 0.756504 0.653989 0 -0.749659 0.661824 0 
-0.712359 0.701815 0 0.712359 0.701815 0 0.749659 0.661824 0 
-0.701815 0.712359 0 -0.661824 0.749659 0 0.661824 0.749659 0 
0.701815 0.712359 0 -0.653989 0.756504 0 -0.605981 0.795479 0 
-0.603079 0.797681 0 0.603079 0.797681 0 0.605981 0.795479 0 
0.653989 0.756504 0 -0.557828 0.829956 0 -0.531583 0.847006 0 
0.531583 0.847006 0 0.557828 0.829956 0 -0.509546 0.860443 0 
-0.460438 0.887692 0 -0.442093 0.896969 0 0.442093 0.896969 0 
0.460438 0.887692 0 0.509546 0.860443 0 -0.411175 0.911556 0 
-0.360992 0.932569 0 -0.31718 0.948365 0 0.31718 0.948365 0 
0.360992 0.932569 0 0.411175 0.911556 0 -0.311035 0.950399 0 
-0.25978 0.965668 0 -0.208246 0.978077 0 -0.156555 0.987669 0 
-0.104621 0.994512 0 -0.052404 0.998626 0 1.30761e-16 1 0 
0.052404 0.998626 0 0.104621 0.994512 0 0.156555 0.987669 0 
0.208246 0.978077 0 0.25978 0.965668 0 0.311035 0.950399 0 
-0.311035 -0.950399 0 -0.31718 -0.948365 0 -0.25978 -0.965668 0 
-0.208246 -0.978077 0 -0.156555 -0.987669 0 -0.104621 -0.994512 0 
-0.052404 -0.998626 0 -1.20824e-16 -1 0 0.052404 -0.998626 0 
0.104621 -0.994512 0 0.156555 -0.987669 0 0.208246 -0.978077 0 
0.25978 -0.965668 0 0.311035 -0.950399 0 0.31718 -0.948365 0 
-0.411175 -0.911556 0 -0.442093 -0.896969 0 -0.360992 -0.932569 0 
0.360992 -0.932569 0 0.411175 -0.911556 0 0.442093 -0.896969 0 
-0.509546 -0.860443 0 -0.531583 -0.847006 0 -0.460438 -0.887692 0 
0.460438 -0.887692 0 0.509546 -0.860443 0 0.531583 -0.847006 0 
-0.557828 -0.829956 0 -0.603079 -0.797681 0 0.557828 -0.829956 0 
0.603079 -0.797681 0 -0.653989 -0.756504 0 -0.661824 -0.749659 0 
-0.605981 -0.795479 0 0.605981 -0.795479 0 0.653989 -0.756504 0 
0.661824 -0.749659 0 -0.701815 -0.712359 0 -0.712359 -0.701815 0 
0.701815 -0.712359 0 0.712359 -0.701815 0 -0.749659 -0.661824 0 
-0.756504 -0.653989 0 0.749659 -0.661824 0 0.756504 -0.653989 0 
-0.795479 -0.605981 0 0.795479 -0.605981 0 -0.797681 -0.603079 0 
-0.829956 -0.557828 0 0.797681 -0.603079 0 0.829956 -0.557828 0 
-0.847006 -0.531583 0 -0.860443 -0.509546 0 0.847006 -0.531583 0 
0.860443 -0.509546 0 -0.887692 -0.460438 0 0.887692 -0.460438 0 
-0.896969 -0.442093 0 -0.911556 -0.411175 0 0.896969 -0.442093 0 
0.911556 -0.411175 0 -0.932569 -0.360992 0 0.932569 -0.360992 0 
-0.948365 -0.31718 0 -0.950399 -0.311035 0 0.948365 -0.31718 0 
0.950399 -0.311035 0 -0.965668 -0.25978 0 0.965668 -0.25978 0 
-0.978077 -0.208246 0 0.978077 -0.208246 0 -0.987669 -0.156555 0 
0.987669 -0.156555 0 -0.994512 -0.104621 0 0.994512 -0.104621 0 
-0.998626 -0.052404 0 0.998626 -0.052404 0 -1 -1.98732e-17 0 
1 -9.93661e-18 0 -0.998626 0.052404 0 0.998626 0.052404 0 
-0.994512 0.104621 0 0.994512 0.104621 0 -0.987669 0.156555 0 
0.987669 0.156555 0 -0.978077 0.208246 0 0.978077 0.208246 0 
-0.965668 0.25978 0 0.965668 0.25978 0 -0.950399 0.311035 0 
0.950399 0.311035 0 -0.948365 0.31718 0 -0.932569 0.360992 0 
0.932569 0.360992 0 0.948365 0.31718 0 -0.911556 0.411175 0 
0.911556 0.411175 0 -0.896969 0.442093 0 -0.887692 0.460438 0 
0.887692 0.460438 0 0.896969 0.442093 0 -0.860443 0.509546 0 
0.860443 0.509546 0 -0.847006 0.531583 0 -0.829956 0.557828 0 
0.829956 0.557828 0 0.847006 0.531583 0 -0.797681 0.603079 0 
-0.795479 0.605981 0 0.795479 0.605981 0 0.797681 0.603079 0 
-0.756504 0.653989 0 0.756504 0.653989 0 -0.749659 0.661824 0 
-0.712359 0.701815 0 0.712359 0.701815 0 0.749659 0.661824 0 
-0.701815 0.712359 0 -0.661824 0.749659 0 0.661824 0.749659 0 
0.701815 0.712359 0 -0.653989 0.756504 0 -0.605981 0.795479 0 
-0.603079 0.797681 0 0.603079 0.797681 0 0.605981 0.795479 0 
0.653989 0.756504 0 -0.557828 0.829956 0 -0.531583 0.847006 0 
0.531583 0.847006 0 0.557828 0.829956 0 -0.509546 0.860443 0 
-0.460438 0.887692 0 -0.442093 0.896969 0 0.442093 0.896969 0 
0.460438 0.887692 0 0.509546 0.860443 0 -0.411175 0.911556 0 
-0.360992 0.932569 0 -0.31718 0.948365 0 0.31718 0.948365 0 
0.360992 0.932569 0 0.411175 0.911556 0 -0.311035 0.950399 0 
-0.25978 0.965668 0 -0.208246 0.978077 0 -0.156555 0.987669 0 
-0.104621 0.994512 0 -0.052404 0.998626 0 1.30761e-16 1 0 
0.052404 0.998626 0 0.104621 0.994512 0 0.156555 0.987669 0 
0.208246 0.978077 0 0.25978 0.965668 0 0.311035 0.950399 0 
-0.311035 -0.950399 0 -0.31718 -0.948365 0 -0.25978 -0.965668 0 
-0.208246 -0.978077 0 -0.156555 -0.987669 0 -0.104621 -0.994512 0 
-0.052404 -0.998626 0 -1.20824e-16 -1 0 0.052404 -0.998626 0 
0.104621 -0.994512 0 0.156555 -0.987669 0 0.208246 -0.978077 0 
0.25978 -0.965668 0 0.311035 -0.950399 0 0.31718 -0.948365 0 
-0.411175 -0.911556 0 -0.442093 -0.896969 0 -0.360992 -0.932569 0 
0.360992 -0.932569 0 0.411175 -0.911556 0 0.442093 -0.896969 0 
-0.509546 -0.860443 0 -0.531583 -0.847006 0 -0.460438 -0.887692 0 
0.460438 -0.887692 0 0.509546 -0.860443 0 0.531583 -0.847006 0 
-0.557828 -0.829956 0 -0.603079 -0.797681 0 0.557828 -0.829956 0 
0.603079 -0.797681 0 -0.653989 -0.756504 0 -0.661824 -0.749659 0 
-0.605981 -0.795479 0 0.605981 -0.795479 0 0.653989 -0.756504 0 
0.661824 -0.749659 0 -0.701815 -0.712359 0 -0.712359 -0.701815 0 
0.701815 -0.712359 0 0.712359 -0.701815 0 -0.749659 -0.661824 0 
-0.756504 -0.653989 0 0.749659 -0.661824 0 0.756504 -0.653989 0 
-0.795479 -0.605981 0 0.795479 -0.605981 0 -0.797681 -0.603079 0 
-0.829956 -0.557828 0 0.797681 -0.603079 0 0.829956 -0.557828 0 
-0.847006 -0.531583 0 -0.860443 -0.509546 0 0.847006 -0.531583 0 
0.860443 -0.509546 0 -0.887692 -0.460438 0 0.887692 -0.460438 0 
-0.896969 -0.442093 0 -0.911556 -0.411175 0 0.896969 -0.442093 0 
0.911556 -0.411175 0 -0.932569 -0.360992 0 0.932569 -0.360992 0 
-0.948365 -0.31718 0 -0.950399 -0.311035 0 0.948365 -0.31718 0 
0.950399 -0.311035 0 -0.965668 -0.25978 0 0.965668 -0.25978 0 
-0.978077 -0.208246 0 0.978077 -0.208246 0 -0.987669 -0.156555 0 
0.987669 -0.156555 0 -0.994512 -0.104621 0 0.994512 -0.104621 0 
-0.998626 -0.052404 0 0.998626 -0.052404 0 -1 -1.98732e-17 0 
1 -9.93661e-18 0 -0.998626 0.052404 0 0.998626 0.052404 0 
-0.994512 0.104621 0 0.994512 0.104621 0 -0.987669 0.156555 0 
0.987669 0.156555 0 -0.978077 0.208246 0 0.978077 0.208246 0 
-0.965668 0.25978 0 0.965668 0.25978 0 -0.950399 0.311035 0 
0.950399 0.311035 0 -0.948365 0.31718 0 -0.932569 0.360992 0 
0.932569 0.360992 0 0.948365 0.31718 0 -0.911556 0.411175 0 
0.911556 0.411175 0 -0.896969 0.442093 0 -0.887692 0.460438 0 
0.887692 0.460438 0 0.896969 0.442093 0 -0.860443 0.509546 0 
0.860443 0.509546 0 -0.847006 0.531583 0 -0.829956 0.557828 0 
0.829956 0.557828 0 0.847006 0.531583 0 -0.797681 0.603079 0 
-0.795479 0.605981 0 0.795479 0.605981 0 0.797681 0.603079 0 
-0.756504 0.653989 0 0.756504 0.653989 0 -0.749659 0.661824 0 
-0.712359 0.701815 0 0.712359 0.701815 0 0.749659 0.661824 0 
-0.701815 0.712359 0 -0.661824 0.749659 0 0.661824 0.749659 0 
0.701815 0.712359 0 -0.653989 0.756504 0 -0.605981 0.795479 0 
-0.603079 0.797681 0 0.603079 0.797681 0 0.605981 0.795479 0 
0.653989 0.756504 0 -0.557828 0.829956 0 -0.531583 0.847006 0 
0.531583 0.847006 0 0.557828 0.829956 0 -0.509546 0.860443 0 
-0.460438 0.887692 0 -0.442093 0.896969 0 0.442093 0.896969 0 
0.460438 0.887692 0 0.509546 0.860443 0 -0.411175 0.911556 0 
-0.360992 0.932569 0 -0.31718 0.948365 0 0.31718 0.948365 0 
0.360992 0.932569 0 0.411175 0.911556 0 -0.311035 0.950399 0 
-0.25978 0.965668 0 -0.208246 0.978077 0 -0.156555 0.987669 0 
-0.104621 0.994512 0 -0.052404 0.998626 0 1.30761e-16 1 0 
0.052404 0.998626 0 0.104621 0.994512 0 0.156555 0.987669 0 
0.208246 0.978077 0 0.25978 0.965668 0 0.311035 0.950399 0 
-0.311035 -0.950399 0 -0.31718 -0.948365 0 -0.25978 -0.965668 0 
-0.208246 -0.978077 0 -0.156555 -0.987669 0 -0.104621 -0.994512 0 
-0.052404 -0.998626 0 -1.20824e-16 -1 0 0.052404 -0.998626 0 
0.104621 -0.994512 0 0.156555 -0.987669 0 0.208246 -0.978077 0 
0.25978 -0.965668 0 0.311035 -0.950399 0 0.31718 -0.948365 0 
-0.411175 -0.911556 0 -0.442093 -0.896969 0 -0.360992 -0.932569 0 
0.360992 -0.932569 0 0.411175 -0.911556 0 0.442093 -0.896969 0 
-0.509546 -0.860443 0 -0.531583 -0.847006 0 -0.460438 -0.887692 0 
0.460438 -0.887692 0 0.509546 -0.860443 0 0.531583 -0.847006 0 
-0.557828 -0.829956 0 -0.603079 -0.797681 0 0.557828 -0.829956 0 
0.603079 -0.797681 0 -0.653989 -0.756504 0 -0.661824 -0.749659 0 
-0.605981 -0.795479 0 0.605981 -0.795479 0 0.653989 -0.756504 0 
0.661824 -0.749659 0 -0.701815 -0.712359 0 -0.712359 -0.701815 0 
0.701815 -0.712359 0 0.712359 -0.701815 0 -0.749659 -0.661824 0 
-0.756504 -0.653989 0 0.749659 -0.661824 0 0.756504 -0.653989 0 
-0.795479 -0.605981 0 0.795479 -0.605981 0 -0.797681 -0.603079 0 
-0.829956 -0.557828 0 0.797681 -0.603079 0 0.829956 -0.557828 0 
-0.847006 -0.531583 0 -0.860443 -0.509546 0 0.847006 -0.531583 0 
0.860443 -0.509546 0 -0.887692 -0.460438 0 0.887692 -0.460438 0 
-0.896969 -0.442093 0 -0.911556 -0.411175 0 0.896969 -0.442093 0 
0.911556 -0.411175 0 -0.932569 -0.360992 0 0.932569 -0.360992 0 
-0.948365 -0.31718 0 -0.950399 -0.311035 0 0.948365 -0.31718 0 
0.950399 -0.311035 0 -0.965668 -0.25978 0 0.965668 -0.25978 0 
-0.978077 -0.208246 0 0.978077 -0.208246 0 -0.987669 -0.156555 0 
0.987669 -0.156555 0 -0.994512 -0.104621 0 0.994512 -0.104621 0 
-0.998626 -0.052404 0 0.998626 -0.052404 0 -1 -1.98732e-17 0 
1 -9.93661e-18 0 -0.998626 0.052404 0 0.998626 0.052404 0 
-0.994512 0.104621 0 0.994512 0.104621 0 -0.987669 0.156555 0 
0.987669 0.156555 0 -0.978077 0.208246 0 0.978077 0.208246 0 
-0.965668 0.25978 0 0.965668 0.25978 0 -0.950399 0.311035 0 
0.950399 0.311035 0 -0.948365 0.31718 0 -0.932569 0.360992 0 
0.932569 0.360992 0 0.948365 0.31718 0 -0.911556 0.411175 0 
0.911556 0.411175 0 -0.896969 0.442093 0 -0.887692 0.460438 0 
0.887692 0.460438 0 0.896969 0.442093 0 -0.860443 0.509546 0 
0.860443 0.509546 0 -0.847006 0.531583 0 -0.829956 0.557828 0 
0.829956 0.557828 0 0.847006 0.531583 0 -0.797681 0.603079 0 
-0.795479 0.605981 0 0.795479 0.605981 0 0.797681 0.603079 0 
-0.756504 0.653989 0 0.756504 0.653989 0 -0.749659 0.661824 0 
-0.712359 0.701815 0 0.712359 0.701815 0 0.749659 0.661824 0 
-0.701815 0.712359 0 -0.661824 0.749659 0 0.661824 0.749659 0 
0.701815 0.712359 0 -0.653989 0.756504 0 -0.605981 0.795479 0 
-0.603079 0.797681 0 0.603079 0.797681 0 0.605981 0.795479 0 
0.653989 0.756504 0 -0.557828 0.829956 0 -0.531583 0.847006 0 
0.531583 0.847006 0 0.557828 0.829956 0 -0.509546 0.860443 0 
-0.460438 0.887692 0 -0.442093 0.896969 0 0.442093 0.896969 0 
0.460438 0.887692 0 0.509546 0.860443 0 -0.411175 0.911556 0 
-0.360992 0.932569 0 -0.31718 0.948365 0 0.31718 0.948365 0 
0.360992 0.932569 0 0.411175 0.911556 0 -0.311035 0.950399 0 
-0.25978 0.965668 0 -0.208246 0.978077 0 -0.156555 0.987669 0 
-0.104621 0.994512 0 -0.052404 0.998626 0 1.30761e-16 1 0 
0.052404 0.998626 0 0.104621 0.994512 0 0.156555 0.987669 0 
0.208246 0.978077 0 0.25978 0.965668 0 0.311035 0.950399 0 
-0.311035 -0.950399 0 -0.31718 -0.948365 0 -0.25978 -0.965668 0 
-0.208246 -0.978077 0 -0.156555 -0.987669 0 -0.104621 -0.994512 0 
-0.052404 -0.998626 0 -1.20824e-16 -1 0 0.052404 -0.998626 0 
0.104621 -0.994512 0 0.156555 -0.987669 0 0.208246 -0.978077 0 
0.25978 -0.965668 0 0.311035 -0.950399 0 0.31718 -0.948365 0 
-0.411175 -0.911556 0 -0.442093 -0.896969 0 -0.360992 -0.932569 0 
0.360992 -0.932569 0 0.411175 -0.911556 0 0.442093 -0.896969 0 
-0.509546 -0.860443 0 -0.531583 -0.847006 0 -0.460438 -0.887692 0 
0.460438 -0.887692 0 0.509546 -0.860443 0 0.531583 -0.847006 0 
-0.557828 -0.829956 0 -0.603079 -0.797681 0 0.557828 -0.829956 0 
0.603079 -0.797681 0 -0.653989 -0.756504 0 -0.661824 -0.749659 0 
-0.605981 -0.795479 0 0.605981 -0.795479 0 0.653989 -0.756504 0 
0.661824 -0.749659 0 -0.701815 -0.712359 0 -0.712359 -0.701815 0 
0.701815 -0.712359 0 0.712359 -0.701815 0 -0.749659 -0.661824 0 
-0.756504 -0.653989 0 0.749659 -0.661824 0 0.756504 -0.653989 0 
-0.795479 -0.605981 0 0.795479 -0.605981 0 -0.797681 -0.603079 0 
-0.829956 -0.557828 0 0.797681 -0.603079 0 0.829956 -0.557828 0 
-0.847006 -0.531583 0 -0.860443 -0.509546 0 0.847006 -0.531583 0 
0.860443 -0.509546 0 -0.887692 -0.460438 0 0.887692 -0.460438 0 
-0.896969 -0.442093 0 -0.911556 -0.411175 0 0.896969 -0.442093 0 
0.911556 -0.411175 0 -0.932569 -0.360992 0 0.932569 -0.360992 0 
-0.948365 -0.31718 0 -0.950399 -0.311035 0 0.948365 -0.31718 0 
0.950399 -0.311035 0 -0.965668 -0.25978 0 0.965668 -0.25978 0 
-0.978077 -0.208246 0 0.978077 -0.208246 0 -0.987669 -0.156555 0 
0.987669 -0.156555 0 -0.994512 -0.104621 0 0.994512 -0.104621 0 
-0.998626 -0.052404 0 0.998626 -0.052404 0 -1 -1.98732e-17 0 
1 -9.93661e-18 0 -0.998626 0.052404 0 0.998626 0.052404 0 
-0.994512 0.104621 0 0.994512 0.104621 0 -0.987669 0.156555 0 
0.987669 0.156555 0 -0.978077 0.208246 0 0.978077 0.208246 0 
-0.965668 0.25978 0 0.965668 0.25978 0 -0.950399 0.311035 0 
0.950399 0.311035 0 -0.948365 0.31718 0 -0.932569 0.360992 0 
0.932569 0.360992 0 0.948365 0.31718 0 -0.911556 0.411175 0 
0.911556 0.411175 0 -0.896969 0.442093 0 -0.887692 0.460438 0 
0.887692 0.460438 0 0.896969 0.442093 0 -0.860443 0.509546 0 
0.860443 0.509546 0 -0.847006 0.531583 0 -0.829956 0.557828 0 
0.829956 0.557828 0 0.847006 0.531583 0 -0.797681 0.603079 0 
-0.795479 0.605981 0 0.795479 0.605981 0 0.797681 0.603079 0 
-0.756504 0.653989 0 0.756504 0.653989 0 -0.749659 0.661824 0 
-0.712359 0.701815 0 0.712359 0.701815 0 0.749659 0.661824 0 
-0.701815 0.712359 0 -0.661824 0.749659 0 0.661824 0.749659 0 
0.701815 0.712359 0 -0.653989 0.756504 0 -0.605981 0.795479 0 
-0.603079 0.797681 0 0.603079 0.797681 0 0.605981 0.795479 0 
0.653989 0.756504 0 -0.557828 0.829956 0 -0.531583 0.847006 0 
0.531583 0.847006 0 0.557828 0.829956 0 -0.509546 0.860443 0 
-0.460438 0.887692 0 -0.442093 0.896969 0 0.442093 0.896969 0 
0.460438 0.887692 0 0.509546 0.860443 0 -0.411175 0.911556 0 
-0.360992 0.932569 0 -0.31718 0.948365 0 0.31718 0.948365 0 
0.360992 0.932569 0 0.411175 0.911556 0 -0.311035 0.950399 0 
-0.25978 0.965668 0 -0.208246 0.978077 0 -0.156555 0.987669 0 
-0.104621 0.994512 0 -0.052404 0.998626 0 1.30761e-16 1 0 
0.052404 0.998626 0 0.104621 0.994512 0 0.156555 0.987669 0 
0.208246 0.978077 0 0.25978 0.965668 0 0.311035 0.950399 0 
-0.311035 -0.950399 0 -0.31718 -0.948365 0 -0.25978 -0.965668 0 
-0.208246 -0.978077 0 -0.156555 -0.987669 0 -0.104621 -0.994512 0 
-0.052404 -0.998626 0 -1.20824e-16 -1 0 0.052404 -0.998626 0 
0.104621 -0.994512 0 0.156555 -0.987669 0 0.208246 -0.978077 0 
0.25978 -0.965668 0 0.311035 -0.950399 0 0.31718 -0.948365 0 
-0.411175 -0.911556 0 -0.442093 -0.896969 0 -0.360992 -0.932569 0 
0.360992 -0.932569 0 0.411175 -0.911556 0 0.442093 -0.896969 0 
-0.509546 -0.860443 0 -0.531583 -0.847006 0 -0.460438 -0.887692 0 
0.460438 -0.887692 0 0.509546 -0.860443 0 0.531583 -0.847006 0 
-0.557828 -0.829956 0 -0.603079 -0.797681 0 0.557828 -0.829956 0 
0.603079 -0.797681 0 -0.653989 -0.756504 0 -0.661824 -0.749659 0 
-0.605981 -0.795479 0 0.605981 -0.795479 0 0.653989 -0.756504 0 
0.661824 -0.749659 0 -0.701815 -0.712359 0 -0.712359 -0.701815 0 
0.701815 -0.712359 0 0.712359 -0.701815 0 -0.749659 -0.661824 0 
-0.756504 -0.653989 0 0.749659 -0.661824 0 0.756504 -0.653989 0 
-0.795479 -0.605981 0 0.795479 -0.605981 0 -0.797681 -0.603079 0 
-0.829956 -0.557828 0 0.797681 -0.603079 0 0.829956 -0.557828 0 
-0.847006 -0.531583 0 -0.860443 -0.509546 0 0.847006 -0.531583 0 
0.860443 -0.509546 0 -0.887692 -0.460438 0 0.887692 -0.460438 0 
-0.896969 -0.442093 0 -0.911556 -0.411175 0 0.896969 -0.442093 0 
0.911556 -0.411175 0 -0.932569 -0.360992 0 0.932569 -0.360992 0 
-0.948365 -0.31718 0 -0.950399 -0.311035 0 0.948365 -0.31718 0 
0.950399 -0.311035 0 -0.965668 -0.25978 0 0.965668 -0.25978 0 
-0.978077 -0.208246 0 0.978077 -0.208246 0 -0.987669 -0.156555 0 
0.987669 -0.156555 0 -0.994512 -0.104621 0 0.994512 -0.104621 0 
-0.998626 -0.052404 0 0.998626 -0.052404 0 -1 -1.98732e-17 0 
1 -9.93661e-18 0 -0.998626 0.052404 0 0.998626 0.052404 0 
-0.994512 0.104621 0 0.994512 0.104621 0 -0.987669 0.156555 0 
0.987669 0.156555 0 -0.978077 0.208246 0 0.978077 0.208246 0 
-0.965668 0.25978 0 0.965668 0.25978 0 -0.950399 0.311035 0 
0.950399 0.311035 0 -0.948365 0.31718 0 -0.932569 0.360992 0 
0.932569 0.360992 0 0.948365 0.31718 0 -0.911556 0.411175 0 
0.911556 0.411175 0 -0.896969 0.442093 0 -0.887692 0.460438 0 
0.887692 0.460438 0 0.896969 0.442093 0 -0.860443 0.509546 0 
0.860443 0.509546 0 -0.847006 0.531583 0 -0.829956 0.557828 0 
0.829956 0.557828 0 0.847006 0.531583 0 -0.797681 0.603079 0 
-0.795479 0.605981 0 0.795479 0.605981 0 0.797681 0.603079 0 
-0.756504 0.653989 0 0.756504 0.653989 0 -0.749659 0.661824 0 
-0.712359 0.701815 0 0.712359 0.701815 0 0.749659 0.661824 0 
-0.701815 0.712359 0 -0.661824 0.749659 0 0.661824 0.749659 0 
0.701815 0.712359 0 -0.653989 0.756504 0 -0.605981 0.795479 0 
-0.603079 0.797681 0 0.603079 0.797681 0 0.605981 0.795479 0 
0.653989 0.756504 0 -0.557828 0.829956 0 -0.531583 0.847006 0 
0.531583 0.847006 0 0.557828 0.829956 0 -0.509546 0.860443 0 
-0.460438 0.887692 0 -0.442093 0.896969 0 0.442093 0.896969 0 
0.460438 0.887692 0 0.509546 0.860443 0 -0.411175 0.911556 0 
-0.360992 0.932569 0 -0.31718 0.948365 0 0.31718 0.948365 0 
0.360992 0.932569 0 0.411175 0.911556 0 -0.311035 0.950399 0 
-0.25978 0.965668 0 -0.208246 0.978077 0 -0.156555 0.987669 0 
-0.104621 0.994512 0 -0.052404 0.998626 0 1.30761e-16 1 0 
0.052404 0.998626 0 0.104621 0.994512 0 0.156555 0.987669 0 
0.208246 0.978077 0 0.25978 0.965668 0 0.311035 0.950399 0 
-0.311035 -0.950399 0 -0.31718 -0.948365 0 -0.25978 -0.965668 0 
-0.208246 -0.978077 0 -0.156555 -0.987669 0 -0.104621 -0.994512 0 
-0.052404 -0.998626 0 -1.20824e-16 -1 0 0.052404 -0.998626 0 
0.104621 -0.994512 0 0.156555 -0.987669 0 0.208246 -0.978077 0 
0.25978 -0.965668 0 0.311035 -0.950399 0 0.31718 -0.948365 0 
-0.411175 -0.911556 0 -0.442093 -0.896969 0 -0.360992 -0.932569 0 
0.360992 -0.932569 0 0.411175 -0.911556 0 0.442093 -0.896969 0 
-0.509546 -0.860443 0 -0.531583 -0.847006 0 -0.460438 -0.887692 0 
0.460438 -0.887692 0 0.509546 -0.860443 0 0.531583 -0.847006 0 
-0.557828 -0.829956 0 -0.603079 -0.797681 0 0.557828 -0.829956 0 
0.603079 -0.797681 0 -0.653989 -0.756504 0 -0.661824 -0.749659 0 
-0.605981 -0.795479 0 0.605981 -0.795479 0 0.653989 -0.756504 0 
0.661824 -0.749659 0 -0.701815 -0.712359 0 -0.712359 -0.701815 0 
0.701815 -0.712359 0 0.712359 -0.701815 0 -0.749659 -0.661824 0 
-0.756504 -0.653989 0 0.749659 -0.661824 0 0.756504 -0.653989 0 
-0.795479 -0.605981 0 0.795479 -0.605981 0 -0.797681 -0.603079 0 
-0.829956 -0.557828 0 0.797681 -0.603079 0 0.829956 -0.557828 0 
-0.847006 -0.531583 0 -0.860443 -0.509546 0 0.847006 -0.531583 0 
0.860443 -0.509546 0 -0.887692 -0.460438 0 0.887692 -0.460438 0 
-0.896969 -0.442093 0 -0.911556 -0.411175 0 0.896969 -0.442093 0 
0.911556 -0.411175 0 -0.932569 -0.360992 0 0.932569 -0.360992 0 
-0.948365 -0.31718 0 -0.950399 -0.311035 0 0.948365 -0.31718 0 
0.950399 -0.311035 0 -0.965668 -0.25978 0 0.965668 -0.25978 0 
-0.978077 -0.208246 0 0.978077 -0.208246 0 -0.987669 -0.156555 0 
0.987669 -0.156555 0 -0.994512 -0.104621 0 0.994512 -0.104621 0 
-0.998626 -0.052404 0 0.998626 -0.052404 0 -1 -1.98732e-17 0 
1 -9.93661e-18 0 -0.998626 0.052404 0 0.998626 0.052404 0 
-0.994512 0.104621 0 0.994512 0.104621 0 -0.987669 0.156555 0 
0.987669 0.156555 0 -0.978077 0.208246 0 0.978077 0.208246 0 
-0.965668 0.25978 0 0.965668 0.25978 0 -0.950399 0.311035 0 
0.950399 0.311035 0 -0.948365 0.31718 0 -0.932569 0.360992 0 
0.932569 0.360992 0 0.948365 0.31718 0 -0.911556 0.411175 0 
0.911556 0.411175 0 -0.896969 0.442093 0 -0.887692 0.460438 0 
0.887692 0.460438 0 0.896969 0.442093 0 -0.860443 0.509546 0 
0.860443 0.509546 0 -0.847006 0.531583 0 -0.829956 0.557828 0 
0.829956 0.557828 0 0.847006 0.531583 0 -0.797681 0.603079 0 
-0.795479 0.605981 0 0.795479 0.605981 0 0.797681 0.603079 0 
-0.756504 0.653989 0 0.756504 0.653989 0 -0.749659 0.661824 0 
-0.712359 0.701815 0 0.712359 0.701815 0 0.749659 0.661824 0 
-0.701815 0.712359 0 -0.661824 0.749659 0 0.661824 0.749659 0 
0.701815 0.712359 0 -0.653989 0.756504 0 -0.605981 0.795479 0 
-0.603079 0.797681 0 0.603079 0.797681 0 0.605981 0.795479 0 
0.653989 0.756504 0 -0.557828 0.829956 0 -0.531583 0.847006 0 
0.531583 0.847006 0 0.557828 0.829956 0 -0.509546 0.860443 0 
-0.460438 0.887692 0 -0.442093 0.896969 0 0.442093 0.896969 0 
0.460438 0.887692 0 0.509546 0.860443 0 -0.411175 0.911556 0 
-0.360992 0.932569 0 -0.31718 0.948365 0 0.31718 0.948365 0 
0.360992 0.932569 0 0.411175 0.911556 0 -0.311035 0.950399 0 
-0.25978 0.965668 0 -0.208246 0.978077 0 -0.156555 0.987669 0 
-0.104621 0.994512 0 -0.052404 0.998626 0 1.30761e-16 1 0 
0.052404 0.998626 0 0.104621 0.994512 0 0.156555 0.987669 0 
0.208246 0.978077 0 0.25978 0.965668 0 0.311035 0.950399 0 
-0.311035 -0.950399 0 -0.31718 -0.948365 0 -0.25978 -0.965668 0 
-0.208246 -0.978077 0 -0.156555 -0.987669 0 -0.104621 -0.994512 0 
-0.052404 -0.998626 0 -1.20824e-16 -1 0 0.052404 -0.998626 0 
0.104621 -0.994512 0 0.156555 -0.987669 0 0.208246 -0.978077 0 
0.25978 -0.965668 0 0.311035 -0.950399 0 0.31718 -0.948365 0 
-0.411175 -0.911556 0 -0.442093 -0.896969 0 -0.360992 -0.932569 0 
0.360992 -0.932569 0 0.411175 -0.911556 0 0.442093 -0.896969 0 
-0.509546 -0.860443 0 -0.531583 -0.847006 0 -0.460438 -0.887692 0 
0.460438 -0.887692 0 0.509546 -0.860443 0 0.531583 -0.847006 0 
-0.557828 -0.829956 0 -0.603079 -0.797681 0 0.557828 -0.829956 0 
0.603079 -0.797681 0 -0.653989 -0.756504 0 -0.661824 -0.749659 0 
-0.605981 -0.795479 0 0.605981 -0.795479 0 0.653989 -0.756504 0 
0.661824 -0.749659 0 -0.701815 -0.712359 0 -0.712359 -0.701815 0 
0.701815 -0.712359 0 0.712359 -0.701815 0 -0.749659 -0.661824 0 
-0.756504 -0.653989 0 0.749659 -0.661824 0 0.756504 -0.653989 0 
-0.795479 -0.605981 0 0.795479 -0.605981 0 -0.797681 -0.603079 0 
-0.829956 -0.557828 0 0.797681 -0.603079 0 0.829956 -0.557828 0 
-0.847006 -0.531583 0 -0.860443 -0.509546 0 0.847006 -0.531583 0 
0.860443 -0.509546 0 -0.887692 -0.460438 0 0.887692 -0.460438 0 
-0.896969 -0.442093 0 -0.911556 -0.411175 0 0.896969 -0.442093 0 
0.911556 -0.411175 0 -0.932569 -0.360992 0 0.932569 -0.360992 0 
-0.948365 -0.31718 0 -0.950399 -0.311035 0 0.948365 -0.31718 0 
0.950399 -0.311035 0 -0.965668 -0.25978 0 0.965668 -0.25978 0 
-0.978077 -0.208246 0 0.978077 -0.208246 0 -0.987669 -0.156555 0 
0.987669 -0.156555 0 -0.994512 -0.104621 0 0.994512 -0.104621 0 
-0.998626 -0.052404 0 0.998626 -0.052404 0 -1 -1.98732e-17 0 
1 -9.93661e-18 0 -0.998626 0.052404 0 0.998626 0.052404 0 
-0.994512 0.104621 0 0.994512 0.104621 0 -0.987669 0.156555 0 
0.987669 0.156555 0 -0.978077 0.208246 0 0.978077 0.208246 0 
-0.965668 0.25978 0 0.965668 0.25978 0 -0.950399 0.311035 0 
0.950399 0.311035 0 -0.948365 0.31718 0 -0.932569 0.360992 0 
0.932569 0.360992 0 0.948365 0.31718 0 -0.911556 0.411175 0 
0.911556 0.411175 0 -0.896969 0.442093 0 -0.887692 0.460438 0 
0.887692 0.460438 0 0.896969 0.442093 0 -0.860443 0.509546 0 
0.860443 0.509546 0 -0.847006 0.531583 0 -0.829956 0.557828 0 
0.829956 0.557828 0 0.847006 0.531583 0 -0.797681 0.603079 0 
-0.795479 0.605981 0 0.795479 0.605981 0 0.797681 0.603079 0 
-0.756504 0.653989 0 0.756504 0.653989 0 -0.749659 0.661824 0 
-0.712359 0.701815 0 0.712359 0.701815 0 0.749659 0.661824 0 
-0.701815 0.712359 0 -0.661824 0.749659 0 0.661824 0.749659 0 
0.701815 0.712359 0 -0.653989 0.756504 0 -0.605981 0.795479 0 
-0.603079 0.797681 0 0.603079 0.797681 0 0.605981 0.795479 0 
0.653989 0.756504 0 -0.557828 0.829956 0 -0.531583 0.847006 0 
0.531583 0.847006 0 0.557828 0.829956 0 -0.509546 0.860443 0 
-0.460438 0.887692 0 -0.442093 0.896969 0 0.442093 0.896969 0 
0.460438 0.887692 0 0.509546 0.860443 0 -0.411175 0.911556 0 
-0.360992 0.932569 0 -0.31718 0.948365 0 0.31718 0.948365 0 
0.360992 0.932569 0 0.411175 0.911556 0 -0.311035 0.950399 0 
-0.25978 0.965668 0 -0.208246 0.978077 0 -0.156555 0.987669 0 
-0.104621 0.994512 0 -0.052404 0.998626 0 1.30761e-16 1 0 
0.052404 0.998626 0 0.104621 0.994512 0 0.156555 0.987669 0 
0.208246 0.978077 0 0.25978 0.965668 0 0.311035 0.950399 0 
-0.311035 -0.950399 0 -0.31718 -0.948365 0 -0.25978 -0.965668 0 
-0.208246 -0.978077 0 -0.156555 -0.987669 0 -0.104621 -0.994512 0 
-0.052404 -0.998626 0 -1.20824e-16 -1 0 0.052404 -0.998626 0 
0.104621 -0.994512 0 0.156555 -0.987669 0 0.208246 -0.978077 0 
0.25978 -0.965668 0 0.311035 -0.950399 0 0.31718 -0.948365 0 
-0.411175 -0.911556 0 -0.442093 -0.896969 0 -0.360992 -0.932569 0 
0.360992 -0.932569 0 0.411175 -0.911556 0 0.442093 -0.896969 0 
-0.509546 -0.860443 0 -0.531583 -0.847006 0 -0.460438 -0.887692 0 
0.460438 -0.887692 0 0.509546 -0.860443 0 0.531583 -0.847006 0 
-0.557828 -0.829956 0 -0.603079 -0.797681 0 0.557828 -0.829956 0 
0.603079 -0.797681 0 -0.653989 -0.756504 0 -0.661824 -0.749659 0 
-0.605981 -0.795479 0 0.605981 -0.795479 0 0.653989 -0.756504 0 
0.661824 -0.749659 0 -0.701815 -0.712359 0 -0.712359 -0.701815 0 
0.701815 -0.712359 0 0.712359 -0.701815 0 -0.749659 -0.661824 0 
-0.756504 -0.653989 0 0.749659 -0.661824 0 0.756504 -0.653989 0 
-0.795479 -0.605981 0 0.795479 -0.605981 0 -0.797681 -0.603079 0 
-0.829956 -0.557828 0 0.797681 -0.603079 0 0.829956 -0.557828 0 
-0.847006 -0.531583 0 -0.860443 -0.509546 0 0.847006 -0.531583 0 
0.860443 -0.509546 0 -0.887692 -0.460438 0 0.887692 -0.460438 0 
-0.896969 -0.442093 0 -0.911556 -0.411175 0 0.896969 -0.442093 0 
0.911556 -0.411175 0 -0.932569 -0.360992 0 0.932569 -0.360992 0 
-0.948365 -0.31718 0 -0.950399 -0.311035 0 0.948365 -0.31718 0 
0.950399 -0.311035 0 -0.965668 -0.25978 0 0.965668 -0.25978 0 
-0.978077 -0.208246 0 0.978077 -0.208246 0 -0.987669 -0.156555 0 
0.987669 -0.156555 0 -0.994512 -0.104621 0 0.994512 -0.104621 0 
-0.998626 -0.052404 0 0.998626 -0.052404 0 -1 -1.98732e-17 0 
1 -9.93661e-18 0 -0.998626 0.052404 0 0.998626 0.052404 0 
-0.994512 0.104621 0 0.994512 0.104621 0 -0.987669 0.156555 0 
0.987669 0.156555 0 -0.978077 0.208246 0 0.978077 0.208246 0 
-0.965668 0.25978 0 0.965668 0.25978 0 -0.950399 0.311035 0 
0.950399 0.311035 0 -0.948365 0.31718 0 -0.932569 0.360992 0 
0.932569 0.360992 0 0.948365 0.31718 0 -0.911556 0.411175 0 
0.911556 0.411175 0 -0.896969 0.442093 0 -0.887692 0.460438 0 
0.887692 0.460438 0 0.896969 0.442093 0 -0.860443 0.509546 0 
0.860443 0.509546 0 -0.847006 0.531583 0 -0.829956 0.557828 0 
0.829956 0.557828 0 0.847006 0.531583 0 -0.797681 0.603079 0 
-0.795479 0.605981 0 0.795479 0.605981 0 0.797681 0.603079 0 
-0.756504 0.653989 0 0.756504 0.653989 0 -0.749659 0.661824 0 
-0.712359 0.701815 0 0.712359 0.701815 0 0.749659 0.661824 0 
-0.701815 0.712359 0 -0.661824 0.749659 0 0.661824 0.749659 0 
0.701815 0.712359 0 -0.653989 0.756504 0 -0.605981 0.795479 0 
-0.603079 0.797681 0 0.603079 0.797681 0 0.605981 0.795479 0 
0.653989 0.756504 0 -0.557828 0.829956 0 -0.531583 0.847006 0 
0.531583 0.847006 0 0.557828 0.829956 0 -0.509546 0.860443 0 
-0.460438 0.887692 0 -0.442093 0.896969 0 0.442093 0.896969 0 
0.460438 0.887692 0 0.509546 0.860443 0 -0.411175 0.911556 0 
-0.360992 0.932569 0 -0.31718 0.948365 0 0.31718 0.948365 0 
0.360992 0.932569 0 0.411175 0.911556 0 -0.311035 0.950399 0 
-0.25978 0.965668 0 -0.208246 0.978077 0 -0.156555 0.987669 0 
-0.104621 0.994512 0 -0.052404 0.998626 0 1.30761e-16 1 0 
0.052404 0.998626 0 0.104621 0.994512 0 0.156555 0.987669 0 
0.208246 0.978077 0 0.25978 0.965668 0 0.311035 0.950399 0 
-0.311035 -0.950399 0 -0.31718 -0.948365 0 -0.25978 -0.965668 0 
-0.208246 -0.978077 0 -0.156555 -0.987669 0 -0.104621 -0.994512 0 
-0.052404 -0.998626 0 -1.20824e-16 -1 0 0.052404 -0.998626 0 
0.104621 -0.994512 0 0.156555 -0.987669 0 0.208246 -0.978077 0 
0.25978 -0.965668 0 0.311035 -0.950399 0 0.31718 -0.948365 0 
-0.411175 -0.911556 0 -0.442093 -0.896969 0 -0.360992 -0.932569 0 
0.360992 -0.932569 0 0.411175 -0.911556 0 0.442093 -0.896969 0 
-0.509546 -0.860443 0 -0.531583 -0.847006 0 -0.460438 -0.887692 0 
0.460438 -0.887692 0 0.509546 -0.860443 0 0.531583 -0.847006 0 
-0.557828 -0.829956 0 -0.603079 -0.797681 0 0.557828 -0.829956 0 
0.603079 -0.797681 0 -0.653989 -0.756504 0 -0.661824 -0.749659 0 
-0.605981 -0.795479 0 0.605981 -0.795479 0 0.653989 -0.756504 0 
0.661824 -0.749659 0 -0.701815 -0.712359 0 -0.712359 -0.701815 0 
0.701815 -0.712359 0 0.712359 -0.701815 0 -0.749659 -0.661824 0 
-0.756504 -0.653989 0 0.749659 -0.661824 0 0.756504 -0.653989 0 
-0.795479 -0.605981 0 0.795479 -0.605981 0 -0.797681 -0.603079 0 
-0.829956 -0.557828 0 0.797681 -0.603079 0 0.829956 -0.557828 0 
-0.847006 -0.531583 0 -0.860443 -0.509546 0 0.847006 -0.531583 0 
0.860443 -0.509546 0 -0.887692 -0.460438 0 0.887692 -0.460438 0 
-0.896969 -0.442093 0 -0.911556 -0.411175 0 0.896969 -0.442093 0 
0.911556 -0.411175 0 -0.932569 -0.360992 0 0.932569 -0.360992 0 
-0.948365 -0.31718 0 -0.950399 -0.311035 0 0.948365 -0.31718 0 
0.950399 -0.311035 0 -0.965668 -0.25978 0 0.965668 -0.25978 0 
-0.978077 -0.208246 0 0.978077 -0.208246 0 -0.987669 -0.156555 0 
0.987669 -0.156555 0 -0.994512 -0.104621 0 0.994512 -0.104621 0 
-0.998626 -0.052404 0 0.998626 -0.052404 0 -1 -1.98732e-17 0 
1 -9.93661e-18 0 -0.998626 0.052404 0 0.998626 0.052404 0 
-0.994512 0.104621 0 0.994512 0.104621 0 -0.987669 0.156555 0 
0.987669 0.156555 0 -0.978077 0.208246 0 0.978077 0.208246 0 
-0.965668 0.25978 0 0.965668 0.25978 0 -0.950399 0.311035 0 
0.950399 0.311035 0 -0.948365 0.31718 0 -0.932569 0.360992 0 
0.932569 0.360992 0 0.948365 0.31718 0 -0.911556 0.411175 0 
0.911556 0.411175 0 -0.896969 0.442093 0 -0.887692 0.460438 0 
0.887692 0.460438 0 0.896969 0.442093 0 -0.860443 0.509546 0 
0.860443 0.509546 0 -0.847006 0.531583 0 -0.829956 0.557828 0 
0.829956 0.557828 0 0.847006 0.531583 0 -0.797681 0.603079 0 
-0.795479 0.605981 0 0.795479 0.605981 0 0.797681 0.603079 0 
-0.756504 0.653989 0 0.756504 0.653989 0 -0.749659 0.661824 0 
-0.712359 0.701815 0 0.712359 0.701815 0 0.749659 0.661824 0 
-0.701815 0.712359 0 -0.661824 0.749659 0 0.661824 0.749659 0 
0.701815 0.712359 0 -0.653989 0.756504 0 -0.605981 0.795479 0 
-0.603079 0.797681 0 0.603079 0.797681 0 0.605981 0.795479 0 
0.653989 0.756504 0 -0.557828 0.829956 0 -0.531583 0.847006 0 
0.531583 0.847006 0 0.557828 0.829956 0 -0.509546 0.860443 0 
-0.460438 0.887692 0 -0.442093 0.896969 0 0.442093 0.896969 0 
0.460438 0.887692 0 0.509546 0.860443 0 -0.411175 0.911556 0 
-0.360992 0.932569 0 -0.31718 0.948365 0 0.31718 0.948365 0 
0.360992 0.932569 0 0.411175 0.911556 0 -0.311035 0.950399 0 
-0.25978 0.965668 0 -0.208246 0.978077 0 -0.156555 0.987669 0 
-0.104621 0.994512 0 -0.052404 0.998626 0 1.30761e-16 1 0 
0.052404 0.998626 0 0.104621 0.994512 0 0.156555 0.987669 0 
0.208246 0.978077 0 0.25978 0.965668 0 0.311035 0.950399 0 
-0.311035 -0.950399 0 -0.31718 -0.948365 0 -0.25978 -0.965668 0 
-0.208246 -0.978077 0 -0.156555 -0.987669 0 -0.104621 -0.994512 0 
-0.052404 -0.998626 0 -1.20824e-16 -1 0 0.052404 -0.998626 0 
0.104621 -0.994512 0 0.156555 -0.987669 0 0.208246 -0.978077 0 
0.25978 -0.965668 0 0.311035 -0.950399 0 0.31718 -0.948365 0 
-0.411175 -0.911556 0 -0.442093 -0.896969 0 -0.360992 -0.932569 0 
0.360992 -0.932569 0 0.411175 -0.911556 0 0.442093 -0.896969 0 
-0.509546 -0.860443 0 -0.531583 -0.847006 0 -0.460438 -0.887692 0 
0.460438 -0.887692 0 0.509546 -0.860443 0 0.531583 -0.847006 0 
-0.557828 -0.829956 0 -0.603079 -0.797681 0 0.557828 -0.829956 0 
0.603079 -0.797681 0 -0.653989 -0.756504 0 -0.661824 -0.749659 0 
-0.605981 -0.795479 0 0.605981 -0.795479 0 0.653989 -0.756504 0 
0.661824 -0.749659 0 -0.701815 -0.712359 0 -0.712359 -0.701815 0 
0.701815 -0.712359 0 0.712359 -0.701815 0 -0.749659 -0.661824 0 
-0.756504 -0.653989 0 0.749659 -0.661824 0 0.756504 -0.653989 0 
-0.795479 -0.605981 0 0.795479 -0.605981 0 -0.797681 -0.603079 0 
-0.829956 -0.557828 0 0.797681 -0.603079 0 0.829956 -0.557828 0 
-0.847006 -0.531583 0 -0.860443 -0.509546 0 0.847006 -0.531583 0 
0.860443 -0.509546 0 -0.887692 -0.460438 0 0.887692 -0.460438 0 
-0.896969 -0.442093 0 -0.911556 -0.411175 0 0.896969 -0.442093 0 
0.911556 -0.411175 0 -0.932569 -0.360992 0 0.932569 -0.360992 0 
-0.948365 -0.31718 0 -0.950399 -0.311035 0 0.948365 -0.31718 0 
0.950399 -0.311035 0 -0.965668 -0.25978 0 0.965668 -0.25978 0 
-0.978077 -0.208246 0 0.978077 -0.208246 0 -0.987669 -0.156555 0 
0.987669 -0.156555 0 -0.994512 -0.104621 0 0.994512 -0.104621 0 
-0.998626 -0.052404 0 0.998626 -0.052404 0 -1 -1.98732e-17 0 
1 -9.93661e-18 0 -0.998626 0.052404 0 0.998626 0.052404 0 
-0.994512 0.104621 0 0.994512 0.104621 0 -0.987669 0.156555 0 
0.987669 0.156555 0 -0.978077 0.208246 0 0.978077 0.208246 0 
-0.965668 0.25978 0 0.965668 0.25978 0 -0.950399 0.311035 0 
0.950399 0.311035 0 -0.948365 0.31718 0 -0.932569 0.360992 0 
0.932569 0.360992 0 0.948365 0.31718 0 -0.911556 0.411175 0 
0.911556 0.411175 0 -0.896969 0.442093 0 -0.887692 0.460438 0 
0.887692 0.460438 0 0.896969 0.442093 0 -0.860443 0.509546 0 
0.860443 0.509546 0 -0.847006 0.531583 0 -0.829956 0.557828 0 
0.829956 0.557828 0 0.847006 0.531583 0 -0.797681 0.603079 0 
-0.795479 0.605981 0 0.795479 0.605981 0 0.797681 0.603079 0 
-0.756504 0.653989 0 0.756504 0.653989 0 -0.749659 0.661824 0 
-0.712359 0.701815 0 0.712359 0.701815 0 0.749659 0.661824 0 
-0.701815 0.712359 0 -0.661824 0.749659 0 0.661824 0.749659 0 
0.701815 0.712359 0 -0.653989 0.756504 0 -0.605981 0.795479 0 
-0.603079 0.797681 0 0.603079 0.797681 0 0.605981 0.795479 0 
0.653989 0.756504 0 -0.557828 0.829956 0 -0.531583 0.847006 0 
0.531583 0.847006 0 0.557828 0.829956 0 -0.509546 0.860443 0 
-0.460438 0.887692 0 -0.442093 0.896969 0 0.442093 0.896969 0 
0.460438 0.887692 0 0.509546 0.860443 0 -0.411175 0.911556 0 
-0.360992 0.932569 0 -0.31718 0.948365 0 0.31718 0.948365 0 
0.360992 0.932569 0 0.411175 0.911556 0 -0.311035 0.950399 0 
-0.25978 0.965668 0 -0.208246 0.978077 0 -0.156555 0.987669 0 
-0.104621 0.994512 0 -0.052404 0.998626 0 1.30761e-16 1 0 
0.052404 0.998626 0 0.104621 0.994512 0 0.156555 0.987669 0 
0.208246 0.978077 0 0.25978 0.965668 0 0.311035 0.950399 0 
-0.311035 -0.950399 0 -0.31718 -0.948365 0 -0.25978 -0.965668 0 
-0.208246 -0.978077 0 -0.156555 -0.987669 0 -0.104621 -0.994512 0 
-0.052404 -0.998626 0 -1.20824e-16 -1 0 0.052404 -0.998626 0 
0.104621 -0.994512 0 0.156555 -0.987669 0 0.208246 -0.978077 0 
0.25978 -0.965668 0 0.311035 -0.950399 0 0.31718 -0.948365 0 
-0.411175 -0.911556 0 -0.442093 -0.896969 0 -0.360992 -0.932569 0 
0.360992 -0.932569 0 0.411175 -0.911556 0 0.442093 -0.896969 0 
-0.509546 -0.860443 0 -0.531583 -0.847006 0 -0.460438 -0.887692 0 
0.460438 -0.887692 0 0.509546 -0.860443 0 0.531583 -0.847006 0 
-0.557828 -0.829956 0 -0.603079 -0.797681 0 0.557828 -0.829956 0 
0.603079 -0.797681 0 -0.653989 -0.756504 0 -0.661824 -0.749659 0 
-0.605981 -0.795479 0 0.605981 -0.795479 0 0.653989 -0.756504 0 
0.661824 -0.749659 0 -0.701815 -0.712359 0 -0.712359 -0.701815 0 
0.701815 -0.712359 0 0.712359 -0.701815 0 -0.749659 -0.661824 0 
-0.756504 -0.653989 0 0.749659 -0.661824 0 0.756504 -0.653989 0 
-0.795479 -0.605981 0 0.795479 -0.605981 0 -0.797681 -0.603079 0 
-0.829956 -0.557828 0 0.797681 -0.603079 0 0.829956 -0.557828 0 
-0.847006 -0.531583 0 -0.860443 -0.509546 0 0.847006 -0.531583 0 
0.860443 -0.509546 0 -0.887692 -0.460438 0 0.887692 -0.460438 0 
-0.896969 -0.442093 0 -0.911556 -0.411175 0 0.896969 -0.442093 0 
0.911556 -0.411175 0 -0.932569 -0.360992 0 0.932569 -0.360992 0 
-0.948365 -0.31718 0 -0.950399 -0.311035 0 0.948365 -0.31718 0 
0.950399 -0.311035 0 -0.965668 -0.25978 0 0.965668 -0.25978 0 
-0.978077 -0.208246 0 0.978077 -0.208246 0 -0.987669 -0.156555 0 
0.987669 -0.156555 0 -0.994512 -0.104621 0 0.994512 -0.104621 0 
-0.998626 -0.052404 0 0.998626 -0.052404 0 -1 -1.98732e-17 0 
1 -9.93661e-18 0 -0.998626 0.052404 0 0.998626 0.052404 0 
-0.994512 0.104621 0 0.994512 0.104621 0 -0.987669 0.156555 0 
0.987669 0.156555 0 -0.978077 0.208246 0 0.978077 0.208246 0 
-0.965668 0.25978 0 0.965668 0.25978 0 -0.950399 0.311035 0 
0.950399 0.311035 0 -0.948365 0.31718 0 -0.932569 0.360992 0 
0.932569 0.360992 0 0.948365 0.31718 0 -0.911556 0.411175 0 
0.911556 0.411175 0 -0.896969 0.442093 0 -0.887692 0.460438 0 
0.887692 0.460438 0 0.896969 0.442093 0 -0.860443 0.509546 0 
0.860443 0.509546 0 -0.847006 0.531583 0 -0.829956 0.557828 0 
0.829956 0.557828 0 0.847006 0.531583 0 -0.797681 0.603079 0 
-0.795479 0.605981 0 0.795479 0.605981 0 0.797681 0.603079 0 
-0.756504 0.653989 0 0.756504 0.653989 0 -0.749659 0.661824 0 
-0.712359 0.701815 0 0.712359 0.701815 0 0.749659 0.661824 0 
-0.701815 0.712359 0 -0.661824 0.749659 0 0.661824 0.749659 0 
0.701815 0.712359 0 -0.653989 0.756504 0 -0.605981 0.795479 0 
-0.603079 0.797681 0 0.603079 0.797681 0 0.605981 0.795479 0 
0.653989 0.756504 0 -0.557828 0.829956 0 -0.531583 0.847006 0 
0.531583 0.847006 0 0.557828 0.829956 0 -0.509546 0.860443 0 
-0.460438 0.887692 0 -0.442093 0.896969 0 0.442093 0.896969 0 
0.460438 0.887692 0 0.509546 0.860443 0 -0.411175 0.911556 0 
-0.360992 0.932569 0 -0.31718 0.948365 0 0.31718 0.948365 0 
0.360992 0.932569 0 0.411175 0.911556 0 -0.311035 0.950399 0 
-0.25978 0.965668 0 -0.208246 0.978077 0 -0.156555 0.987669 0 
-0.104621 0.994512 0 -0.052404 0.998626 0 1.30761e-16 1 0 
0.052404 0.998626 0 0.104621 0.994512 0 0.156555 0.987669 0 
0.208246 0.978077 0 0.25978 0.965668 0 0.311035 0.950399 0 
-0.311035 -0.950399 0 -0.31718 -0.948365 0 -0.25978 -0.965668 0 
-0.208246 -0.978077 0 -0.156555 -0.987669 0 -0.104621 -0.994512 0 
-0.052404 -0.998626 0 -1.20824e-16 -1 0 0.052404 -0.998626 0 
0.104621 -0.994512 0 0.156555 -0.987669 0 0.208246 -0.978077 0 
0.25978 -0.965668 0 0.311035 -0.950399 0 0.31718 -0.948365 0 
-0.411175 -0.911556 0 -0.442093 -0.896969 0 -0.360992 -0.932569 0 
0.360992 -0.932569 0 0.411175 -0.911556 0 0.442093 -0.896969 0 
-0.509546 -0.860443 0 -0.531583 -0.847006 0 -0.460438 -0.887692 0 
0.460438 -0.887692 0 0.509546 -0.860443 0 0.531583 -0.847006 0 
-0.557828 -0.829956 0 -0.603079 -0.797681 0 0.557828 -0.829956 0 
0.603079 -0.797681 0 -0.653989 -0.756504 0 -0.661824 -0.749659 0 
-0.605981 -0.795479 0 0.605981 -0.795479 0 0.653989 -0.756504 0 
0.661824 -0.749659 0 -0.701815 -0.712359 0 -0.712359 -0.701815 0 
0.701815 -0.712359 0 0.712359 -0.701815 0 -0.749659 -0.661824 0 
-0.756504 -0.653989 0 0.749659 -0.661824 0 0.756504 -0.653989 0 
-0.795479 -0.605981 0 0.795479 -0.605981 0 -0.797681 -0.603079 0 
-0.829956 -0.557828 0 0.797681 -0.603079 0 0.829956 -0.557828 0 
-0.847006 -0.531583 0 -0.860443 -0.509546 0 0.847006 -0.531583 0 
0.860443 -0.509546 0 -0.887692 -0.460438 0 0.887692 -0.460438 0 
-0.896969 -0.442093 0 -0.911556 -0.411175 0 0.896969 -0.442093 0 
0.911556 -0.411175 0 -0.932569 -0.360992 0 0.932569 -0.360992 0 
-0.948365 -0.31718 0 -0.950399 -0.311035 0 0.948365 -0.31718 0 
0.950399 -0.311035 0 -0.965668 -0.25978 0 0.965668 -0.25978 0 
-0.978077 -0.208246 0 0.978077 -0.208246 0 -0.987669 -0.156555 0 
0.987669 -0.156555 0 -0.994512 -0.104621 0 0.994512 -0.104621 0 
-0.998626 -0.052404 0 0.998626 -0.052404 0 -1 -1.98732e-17 0 
1 -9.93661e-18 0 -0.998626 0.052404 0 0.998626 0.052404 0 
-0.994512 0.104621 0 0.994512 0.104621 0 -0.987669 0.156555 0 
0.987669 0.156555 0 -0.978077 0.208246 0 0.978077 0.208246 0 
-0.965668 0.25978 0 0.965668 0.25978 0 -0.950399 0.311035 0 
0.950399 0.311035 0 -0.948365 0.31718 0 -0.932569 0.360992 0 
0.932569 0.360992 0 0.948365 0.31718 0 -0.911556 0.411175 0 
0.911556 0.411175 0 -0.896969 0.442093 0 -0.887692 0.460438 0 
0.887692 0.460438 0 0.896969 0.442093 0 -0.860443 0.509546 0 
0.860443 0.509546 0 -0.847006 0.531583 0 -0.829956 0.557828 0 
0.829956 0.557828 0 0.847006 0.531583 0 -0.797681 0.603079 0 
-0.795479 0.605981 0 0.795479 0.605981 0 0.797681 0.603079 0 
-0.756504 0.653989 0 0.756504 0.653989 0 -0.749659 0.661824 0 
-0.712359 0.701815 0 0.712359 0.701815 0 0.749659 0.661824 0 
-0.701815 0.712359 0 -0.661824 0.749659 0 0.661824 0.749659 0 
0.701815 0.712359 0 -0.653989 0.756504 0 -0.605981 0.795479 0 
-0.603079 0.797681 0 0.603079 0.797681 0 0.605981 0.795479 0 
0.653989 0.756504 0 -0.557828 0.829956 0 -0.531583 0.847006 0 
0.531583 0.847006 0 0.557828 0.829956 0 -0.509546 0.860443 0 
-0.460438 0.887692 0 -0.442093 0.896969 0 0.442093 0.896969 0 
0.460438 0.887692 0 0.509546 0.860443 0 -0.411175 0.911556 0 
-0.360992 0.932569 0 -0.31718 0.948365 0 0.31718 0.948365 0 
0.360992 0.932569 0 0.411175 0.911556 0 -0.311035 0.950399 0 
-0.25978 0.965668 0 -0.208246 0.978077 0 -0.156555 0.987669 0 
-0.104621 0.994512 0 -0.052404 0.998626 0 1.30761e-16 1 0 
0.052404 0.998626 0 0.104621 0.994512 0 0.156555 0.987669 0 
0.208246 0.978077 0 0.25978 0.965668 0 0.311035 0.950399 0 
-0.311035 -0.950399 0 -0.31718 -0.948365 0 -0.25978 -0.965668 0 
-0.208246 -0.978077 0 -0.156555 -0.987669 0 -0.104621 -0.994512 0 
-0.052404 -0.998626 0 -1.20824e-16 -1 0 0.052404 -0.998626 0 
0.104621 -0.994512 0 0.156555 -0.987669 0 0.208246 -0.978077 0 
0.25978 -0.965668 0 0.311035 -0.950399 0 0.31718 -0.948365 0 
-0.411175 -0.911556 0 -0.442093 -0.896969 0 -0.360992 -0.932569 0 
0.360992 -0.932569 0 0.411175 -0.911556 0 0.442093 -0.896969 0 
-0.509546 -0.860443 0 -0.531583 -0.847006 0 -0.460438 -0.887692 0 
0.460438 -0.887692 0 0.509546 -0.860443 0 0.531583 -0.847006 0 
-0.557828 -0.829956 0 -0.603079 -0.797681 0 0.557828 -0.829956 0 
0.603079 -0.797681 0 -0.653989 -0.756504 0 -0.661824 -0.749659 0 
-0.605981 -0.795479 0 0.605981 -0.795479 0 0.653989 -0.756504 0 
0.661824 -0.749659 0 -0.701815 -0.712359 0 -0.712359 -0.701815 0 
0.701815 -0.712359 0 0.712359 -0.701815 0 -0.749659 -0.661824 0 
-0.756504 -0.653989 0 0.749659 -0.661824 0 0.756504 -0.653989 0 
-0.795479 -0.605981 0 0.795479 -0.605981 0 -0.797681 -0.603079 0 
-0.829956 -0.557828 0 0.797681 -0.603079 0 0.829956 -0.557828 0 
-0.847006 -0.531583 0 -0.860443 -0.509546 0 0.847006 -0.531583 0 
0.860443 -0.509546 0 -0.887692 -0.460438 0 0.887692 -0.460438 0 
-0.896969 -0.442093 0 -0.911556 -0.411175 0 0.896969 -0.442093 0 
0.911556 -0.411175 0 -0.932569 -0.360992 0 0.932569 -0.360992 0 
-0.948365 -0.31718 0 -0.950399 -0.311035 0 0.948365 -0.31718 0 
0.950399 -0.311035 0 -0.965668 -0.25978 0 0.965668 -0.25978 0 
-0.978077 -0.208246 0 0.978077 -0.208246 0 -0.987669 -0.156555 0 
0.987669 -0.156555 0 -0.994512 -0.104621 0 0.994512 -0.104621 0 
-0.998626 -0.052404 0 0.998626 -0.052404 0 -1 -1.98732e-17 0 
1 -9.93661e-18 0 -0.998626 0.052404 0 0.998626 0.052404 0 
-0.994512 0.104621 0 0.994512 0.104621 0 -0.987669 0.156555 0 
0.987669 0.156555 0 -0.978077 0.208246 0 0.978077 0.208246 0 
-0.965668 0.25978 0 0.965668 0.25978 0 -0.950399 0.311035 0 
0.950399 0.311035 0 -0.948365 0.31718 0 -0.932569 0.360992 0 
0.932569 0.360992 0 0.948365 0.31718 0 -0.911556 0.411175 0 
0.911556 0.411175 0 -0.896969 0.442093 0 -0.887692 0.460438 0 
0.887692 0.460438 0 0.896969 0.442093 0 -0.860443 0.509546 0 
0.860443 0.509546 0 -0.847006 0.531583 0 -0.829956 0.557828 0 
0.829956 0.557828 0 0.847006 0.531583 0 -0.797681 0.603079 0 
-0.795479 0.605981 0 0.795479 0.605981 0 0.797681 0.603079 0 
-0.756504 0.653989 0 0.756504 0.653989 0 -0.749659 0.661824 0 
-0.712359 0.701815 0 0.712359 0.701815 0 0.749659 0.661824 0 
-0.701815 0.712359 0 -0.661824 0.749659 0 0.661824 0.749659 0 
0.701815 0.712359 0 -0.653989 0.756504 0 -0.605981 0.795479 0 
-0.603079 0.797681 0 0.603079 0.797681 0 0.605981 0.795479 0 
0.653989 0.756504 0 -0.557828 0.829956 0 -0.531583 0.847006 0 
0.531583 0.847006 0 0.557828 0.829956 0 -0.509546 0.860443 0 
-0.460438 0.887692 0 -0.442093 0.896969 0 0.442093 0.896969 0 
0.460438 0.887692 0 0.509546 0.860443 0 -0.411175 0.911556 0 
-0.360992 0.932569 0 -0.31718 0.948365 0 0.31718 0.948365 0 
0.360992 0.932569 0 0.411175 0.911556 0 -0.311035 0.950399 0 
-0.25978 0.965668 0 -0.208246 0.978077 0 -0.156555 0.987669 0 
-0.104621 0.994512 0 -0.052404 0.998626 0 1.30761e-16 1 0 
0.052404 0.998626 0 0.104621 0.994512 0 0.156555 0.987669 0 
0.208246 0.978077 0 0.25978 0.965668 0 0.311035 0.950399 0 
-0.311035 -0.950399 0 -0.31718 -0.948365 0 -0.25978 -0.965668 0 
-0.208246 -0.978077 0 -0.156555 -0.987669 0 -0.104621 -0.994512 0 
-0.052404 -0.998626 0 -1.20824e-16 -1 0 0.052404 -0.998626 0 
0.104621 -0.994512 0 0.156555 -0.987669 0 0.208246 -0.978077 0 
0.25978 -0.965668 0 0.311035 -0.950399 0 0.31718 -0.948365 0 
-0.411175 -0.911556 0 -0.442093 -0.896969 0 -0.360992 -0.932569 0 
0.360992 -0.932569 0 0.411175 -0.911556 0 0.442093 -0.896969 0 
-0.509546 -0.860443 0 -0.531583 -0.847006 0 -0.460438 -0.887692 0 
0.460438 -0.887692 0 0.509546 -0.860443 0 0.531583 -0.847006 0 
-0.557828 -0.829956 0 -0.603079 -0.797681 0 0.557828 -0.829956 0 
0.603079 -0.797681 0 -0.653989 -0.756504 0 -0.661824 -0.749659 0 
-0.605981 -0.795479 0 0.605981 -0.795479 0 0.653989 -0.756504 0 
0.661824 -0.749659 0 -0.701815 -0.712359 0 -0.712359 -0.701815 0 
0.701815 -0.712359 0 0.712359 -0.701815 0 -0.749659 -0.661824 0 
-0.756504 -0.653989 0 0.749659 -0.661824 0 0.756504 -0.653989 0 
-0.795479 -0.605981 0 0.795479 -0.605981 0 -0.797681 -0.603079 0 
-0.829956 -0.557828 0 0.797681 -0.603079 0 0.829956 -0.557828 0 
-0.847006 -0.531583 0 -0.860443 -0.509546 0 0.847006 -0.531583 0 
0.860443 -0.509546 0 -0.887692 -0.460438 0 0.887692 -0.460438 0 
-0.896969 -0.442093 0 -0.911556 -0.411175 0 0.896969 -0.442093 0 
0.911556 -0.411175 0 -0.932569 -0.360992 0 0.932569 -0.360992 0 
-0.948365 -0.31718 0 -0.950399 -0.311035 0 0.948365 -0.31718 0 
0.950399 -0.311035 0 -0.965668 -0.25978 0 0.965668 -0.25978 0 
-0.978077 -0.208246 0 0.978077 -0.208246 0 -0.987669 -0.156555 0 
0.987669 -0.156555 0 -0.994512 -0.104621 0 0.994512 -0.104621 0 
-0.998626 -0.052404 0 0.998626 -0.052404 0 -1 -1.98732e-17 0 
1 -9.93661e-18 0 -0.998626 0.052404 0 0.998626 0.052404 0 
-0.994512 0.104621 0 0.994512 0.104621 0 -0.987669 0.156555 0 
0.987669 0.156555 0 -0.978077 0.208246 0 0.978077 0.208246 0 
-0.965668 0.25978 0 0.965668 0.25978 0 -0.950399 0.311035 0 
0.950399 0.311035 0 -0.948365 0.31718 0 -0.932569 0.360992 0 
0.932569 0.360992 0 0.948365 0.31718 0 -0.911556 0.411175 0 
0.911556 0.411175 0 -0.896969 0.442093 0 -0.887692 0.460438 0 
0.887692 0.460438 0 0.896969 0.442093 0 -0.860443 0.509546 0 
0.860443 0.509546 0 -0.847006 0.531583 0 -0.829956 0.557828 0 
0.829956 0.557828 0 0.847006 0.531583 0 -0.797681 0.603079 0 
-0.795479 0.605981 0 0.795479 0.605981 0 0.797681 0.603079 0 
-0.756504 0.653989 0 0.756504 0.653989 0 -0.749659 0.661824 0 
-0.712359 0.701815 0 0.712359 0.701815 0 0.749659 0.661824 0 
-0.701815 0.712359 0 -0.661824 0.749659 0 0.661824 0.749659 0 
0.701815 0.712359 0 -0.653989 0.756504 0 -0.605981 0.795479 0 
-0.603079 0.797681 0 0.603079 0.797681 0 0.605981 0.795479 0 
0.653989 0.756504 0 -0.557828 0.829956 0 -0.531583 0.847006 0 
0.531583 0.847006 0 0.557828 0.829956 0 -0.509546 0.860443 0 
-0.460438 0.887692 0 -0.442093 0.896969 0 0.442093 0.896969 0 
0.460438 0.887692 0 0.509546 0.860443 0 -0.411175 0.911556 0 
-0.360992 0.932569 0 -0.31718 0.948365 0 0.31718 0.948365 0 
0.360992 0.932569 0 0.411175 0.911556 0 -0.311035 0.950399 0 
-0.25978 0.965668 0 -0.208246 0.978077 0 -0.156555 0.987669 0 
-0.104621 0.994512 0 -0.052404 0.998626 0 1.30761e-16 1 0 
0.052404 0.998626 0 0.104621 0.994512 0 0.156555 0.987669 0 
0.208246 0.978077 0 0.25978 0.965668 0 0.311035 0.950399 0 
-0.311035 -0.950399 0 -0.31718 -0.948365 0 -0.25978 -0.965668 0 
-0.208246 -0.978077 0 -0.156555 -0.987669 0 -0.104621 -0.994512 0 
-0.052404 -0.998626 0 -1.20824e-16 -1 0 0.052404 -0.998626 0 
0.104621 -0.994512 0 0.156555 -0.987669 0 0.208246 -0.978077 0 
0.25978 -0.965668 0 0.311035 -0.950399 0 0.31718 -0.948365 0 
-0.411175 -0.911556 0 -0.442093 -0.896969 0 -0.360992 -0.932569 0 
0.360992 -0.932569 0 0.411175 -0.911556 0 0.442093 -0.896969 0 
-0.509546 -0.860443 0 -0.531583 -0.847006 0 -0.460438 -0.887692 0 
0.460438 -0.887692 0 0.509546 -0.860443 0 0.531583 -0.847006 0 
-0.557828 -0.829956 0 -0.603079 -0.797681 0 0.557828 -0.829956 0 
0.603079 -0.797681 0 -0.653989 -0.756504 0 -0.661824 -0.749659 0 
-0.605981 -0.795479 0 0.605981 -0.795479 0 0.653989 -0.756504 0 
0.661824 -0.749659 0 -0.701815 -0.712359 0 -0.712359 -0.701815 0 
0.701815 -0.712359 0 0.712359 -0.701815 0 -0.749659 -0.661824 0 
-0.756504 -0.653989 0 0.749659 -0.661824 0 0.756504 -0.653989 0 
-0.795479 -0.605981 0 0.795479 -0.605981 0 -0.797681 -0.603079 0 
-0.829956 -0.557828 0 0.797681 -0.603079 0 0.829956 -0.557828 0 
-0.847006 -0.531583 0 -0.860443 -0.509546 0 0.847006 -0.531583 0 
0.860443 -0.509546 0 -0.887692 -0.460438 0 0.887692 -0.460438 0 
-0.896969 -0.442093 0 -0.911556 -0.411175 0 0.896969 -0.442093 0 
0.911556 -0.411175 0 -0.932569 -0.360992 0 0.932569 -0.360992 0 
-0.948365 -0.31718 0 -0.950399 -0.311035 0 0.948365 -0.31718 0 
0.950399 -0.311035 0 -0.965668 -0.25978 0 0.965668 -0.25978 0 
-0.978077 -0.208246 0 0.978077 -0.208246 0 -0.987669 -0.156555 0 
0.987669 -0.156555 0 -0.994512 -0.104621 0 0.994512 -0.104621 0 
-0.998626 -0.052404 0 0.998626 -0.052404 0 -1 -1.98732e-17 0 
1 -9.93661e-18 0 -0.998626 0.052404 0 0.998626 0.052404 0 
-0.994512 0.104621 0 0.994512 0.104621 0 -0.987669 0.156555 0 
0.987669 0.156555 0 -0.978077 0.208246 0 0.978077 0.208246 0 
-0.965668 0.25978 0 0.965668 0.25978 0 -0.950399 0.311035 0 
0.950399 0.311035 0 -0.948365 0.31718 0 -0.932569 0.360992 0 
0.932569 0.360992 0 0.948365 0.31718 0 -0.911556 0.411175 0 
0.911556 0.411175 0 -0.896969 0.442093 0 -0.887692 0.460438 0 
0.887692 0.460438 0 0.896969 0.442093 0 -0.860443 0.509546 0 
0.860443 0.509546 0 -0.847006 0.531583 0 -0.829956 0.557828 0 
0.829956 0.557828 0 0.847006 0.531583 0 -0.797681 0.603079 0 
-0.795479 0.605981 0 0.795479 0.605981 0 0.797681 0.603079 0 
-0.756504 0.653989 0 0.756504 0.653989 0 -0.749659 0.661824 0 
-0.712359 0.701815 0 0.712359 0.701815 0 0.749659 0.661824 0 
-0.701815 0.712359 0 -0.661824 0.749659 0 0.661824 0.749659 0 
0.701815 0.712359 0 -0.653989 0.756504 0 -0.605981 0.795479 0 
-0.603079 0.797681 0 0.603079 0.797681 0 0.605981 0.795479 0 
0.653989 0.756504 0 -0.557828 0.829956 0 -0.531583 0.847006 0 
0.531583 0.847006 0 0.557828 0.829956 0 -0.509546 0.860443 0 
-0.460438 0.887692 0 -0.442093 0.896969 0 0.442093 0.896969 0 
0.460438 0.887692 0 0.509546 0.860443 0 -0.411175 0.911556 0 
-0.360992 0.932569 0 -0.31718 0.948365 0 0.31718 0.948365 0 
0.360992 0.932569 0 0.411175 0.911556 0 -0.311035 0.950399 0 
-0.25978 0.965668 0 -0.208246 0.978077 0 -0.156555 0.987669 0 
-0.104621 0.994512 0 -0.052404 0.998626 0 1.30761e-16 1 0 
0.052404 0.998626 0 0.104621 0.994512 0 0.156555 0.987669 0 
0.208246 0.978077 0 0.25978 0.965668 0 0.311035 0.950399 0 
-0.311035 -0.950399 0 -0.31718 -0.948365 0 -0.25978 -0.965668 0 
-0.208246 -0.978077 0 -0.156555 -0.987669 0 -0.104621 -0.994512 0 
-0.052404 -0.998626 0 -1.20824e-16 -1 0 0.052404 -0.998626 0 
0.104621 -0.994512 0 0.156555 -0.987669 0 0.208246 -0.978077 0 
0.25978 -0.965668 0 0.311035 -0.950399 0 0.31718 -0.948365 0 
-0.411175 -0.911556 0 -0.442093 -0.896969 0 -0.360992 -0.932569 0 
0.360992 -0.932569 0 0.411175 -0.911556 0 0.442093 -0.896969 0 
-0.509546 -0.860443 0 -0.531583 -0.847006 0 -0.460438 -0.887692 0 
0.460438 -0.887692 0 0.509546 -0.860443 0 0.531583 -0.847006 0 
-0.557828 -0.829956 0 -0.603079 -0.797681 0 0.557828 -0.829956 0 
0.603079 -0.797681 0 -0.653989 -0.756504 0 -0.661824 -0.749659 0 
-0.605981 -0.795479 0 0.605981 -0.795479 0 0.653989 -0.756504 0 
0.661824 -0.749659 0 -0.701815 -0.712359 0 -0.712359 -0.701815 0 
0.701815 -0.712359 0 0.712359 -0.701815 0 -0.749659 -0.661824 0 
-0.756504 -0.653989 0 0.749659 -0.661824 0 0.756504 -0.653989 0 
-0.795479 -0.605981 0 0.795479 -0.605981 0 -0.797681 -0.603079 0 
-0.829956 -0.557828 0 0.797681 -0.603079 0 0.829956 -0.557828 0 
-0.847006 -0.531583 0 -0.860443 -0.509546 0 0.847006 -0.531583 0 
0.860443 -0.509546 0 -0.887692 -0.460438 0 0.887692 -0.460438 0 
-0.896969 -0.442093 0 -0.911556 -0.411175 0 0.896969 -0.442093 0 
0.911556 -0.411175 0 -0.932569 -0.360992 0 0.932569 -0.360992 0 
-0.948365 -0.31718 0 -0.950399 -0.311035 0 0.948365 -0.31718 0 
0.950399 -0.311035 0 -0.965668 -0.25978 0 0.965668 -0.25978 0 
-0.978077 -0.208246 0 0.978077 -0.208246 0 -0.987669 -0.156555 0 
0.987669 -0.156555 0 -0.994512 -0.104621 0 0.994512 -0.104621 0 
-0.998626 -0.052404 0 0.998626 -0.052404 0 -1 -1.98732e-17 0 
1 -9.93661e-18 0 -0.998626 0.052404 0 0.998626 0.052404 0 
-0.994512 0.104621 0 0.994512 0.104621 0 -0.987669 0.156555 0 
0.987669 0.156555 0 -0.978077 0.208246 0 0.978077 0.208246 0 
-0.965668 0.25978 0 0.965668 0.25978 0 -0.950399 0.311035 0 
0.950399 0.311035 0 -0.948365 0.31718 0 -0.932569 0.360992 0 
0.932569 0.360992 0 0.948365 0.31718 0 -0.911556 0.411175 0 
0.911556 0.411175 0 -0.896969 0.442093 0 -0.887692 0.460438 0 
0.887692 0.460438 0 0.896969 0.442093 0 -0.860443 0.509546 0 
0.860443 0.509546 0 -0.847006 0.531583 0 -0.829956 0.557828 0 
0.829956 0.557828 0 0.847006 0.531583 0 -0.797681 0.603079 0 
-0.795479 0.605981 0 0.795479 0.605981 0 0.797681 0.603079 0 
-0.756504 0.653989 0 0.756504 0.653989 0 -0.749659 0.661824 0 
-0.712359 0.701815 0 0.712359 0.701815 0 0.749659 0.661824 0 
-0.701815 0.712359 0 -0.661824 0.749659 0 0.661824 0.749659 0 
0.701815 0.712359 0 -0.653989 0.756504 0 -0.605981 0.795479 0 
-0.603079 0.797681 0 0.603079 0.797681 0 0.605981 0.795479 0 
0.653989 0.756504 0 -0.557828 0.829956 0 -0.531583 0.847006 0 
0.531583 0.847006 0 0.557828 0.829956 0 -0.509546 0.860443 0 
-0.460438 0.887692 0 -0.442093 0.896969 0 0.442093 0.896969 0 
0.460438 0.887692 0 0.509546 0.860443 0 -0.411175 0.911556 0 
-0.360992 0.932569 0 -0.31718 0.948365 0 0.31718 0.948365 0 
0.360992 0.932569 0 0.411175 0.911556 0 -0.311035 0.950399 0 
-0.25978 0.965668 0 -0.208246 0.978077 0 -0.156555 0.987669 0 
-0.104621 0.994512 0 -0.052404 0.998626 0 1.30761e-16 1 0 
0.052404 0.998626 0 0.104621 0.994512 0 0.156555 0.987669 0 
0.208246 0.978077 0 0.25978 0.965668 0 0.311035 0.950399 0 
-0.311035 -0.950399 0 -0.31718 -0.948365 0 -0.25978 -0.965668 0 
-0.208246 -0.978077 0 -0.156555 -0.987669 0 -0.104621 -0.994512 0 
-0.052404 -0.998626 0 -1.20824e-16 -1 0 0.052404 -0.998626 0 
0.104621 -0.994512 0 0.156555 -0.987669 0 0.208246 -0.978077 0 
0.25978 -0.965668 0 0.311035 -0.950399 0 0.31718 -0.948365 0 
-0.411175 -0.911556 0 -0.442093 -0.896969 0 -0.360992 -0.932569 0 
0.360992 -0.932569 0 0.411175 -0.911556 0 0.442093 -0.896969 0 
-0.509546 -0.860443 0 -0.531583 -0.847006 0 -0.460438 -0.887692 0 
0.460438 -0.887692 0 0.509546 -0.860443 0 0.531583 -0.847006 0 
-0.557828 -0.829956 0 -0.603079 -0.797681 0 0.557828 -0.829956 0 
0.603079 -0.797681 0 -0.653989 -0.756504 0 -0.661824 -0.749659 0 
-0.605981 -0.795479 0 0.605981 -0.795479 0 0.653989 -0.756504 0 
0.661824 -0.749659 0 -0.701815 -0.712359 0 -0.712359 -0.701815 0 
0.701815 -0.712359 0 0.712359 -0.701815 0 -0.749659 -0.661824 0 
-0.756504 -0.653989 0 0.749659 -0.661824 0 0.756504 -0.653989 0 
-0.795479 -0.605981 0 0.795479 -0.605981 0 -0.797681 -0.603079 0 
-0.829956 -0.557828 0 0.797681 -0.603079 0 0.829956 -0.557828 0 
-0.847006 -0.531583 0 -0.860443 -0.509546 0 0.847006 -0.531583 0 
0.860443 -0.509546 0 -0.887692 -0.460438 0 0.887692 -0.460438 0 
-0.896969 -0.442093 0 -0.911556 -0.411175 0 0.896969 -0.442093 0 
0.911556 -0.411175 0 -0.932569 -0.360992 0 0.932569 -0.360992 0 
-0.948365 -0.31718 0 -0.950399 -0.311035 0 0.948365 -0.31718 0 
0.950399 -0.311035 0 -0.965668 -0.25978 0 0.965668 -0.25978 0 
-0.978077 -0.208246 0 0.978077 -0.208246 0 -0.987669 -0.156555 0 
0.987669 -0.156555 0 -0.994512 -0.104621 0 0.994512 -0.104621 0 
-0.998626 -0.052404 0 0.998626 -0.052404 0 -1 -1.98732e-17 0 
1 -9.93661e-18 0 -0.998626 0.052404 0 0.998626 0.052404 0 
-0.994512 0.104621 0 0.994512 0.104621 0 -0.987669 0.156555 0 
0.987669 0.156555 0 -0.978077 0.208246 0 0.978077 0.208246 0 
-0.965668 0.25978 0 0.965668 0.25978 0 -0.950399 0.311035 0 
0.950399 0.311035 0 -0.948365 0.31718 0 -0.932569 0.360992 0 
0.932569 0.360992 0 0.948365 0.31718 0 -0.911556 0.411175 0 
0.911556 0.411175 0 -0.896969 0.442093 0 -0.887692 0.460438 0 
0.887692 0.460438 0 0.896969 0.442093 0 -0.860443 0.509546 0 
0.860443 0.509546 0 -0.847006 0.531583 0 -0.829956 0.557828 0 
0.829956 0.557828 0 0.847006 0.531583 0 -0.797681 0.603079 0 
-0.795479 0.605981 0 0.795479 0.605981 0 0.797681 0.603079 0 
-0.756504 0.653989 0 0.756504 0.653989 0 -0.749659 0.661824 0 
-0.712359 0.701815 0 0.712359 0.701815 0 0.749659 0.661824 0 
-0.701815 0.712359 0 -0.661824 0.749659 0 0.661824 0.749659 0 
0.701815 0.712359 0 -0.653989 0.756504 0 -0.605981 0.795479 0 
-0.603079 0.797681 0 0.603079 0.797681 0 0.605981 0.795479 0 
0.653989 0.756504 0 -0.557828 0.829956 0 -0.531583 0.847006 0 
0.531583 0.847006 0 0.557828 0.829956 0 -0.509546 0.860443 0 
-0.460438 0.887692 0 -0.442093 0.896969 0 0.442093 0.896969 0 
0.460438 0.887692 0 0.509546 0.860443 0 -0.411175 0.911556 0 
-0.360992 0.932569 0 -0.31718 0.948365 0 0.31718 0.948365 0 
0.360992 0.932569 0 0.411175 0.911556 0 -0.311035 0.950399 0 
-0.25978 0.965668 0 -0.208246 0.978077 0 -0.156555 0.987669 0 
-0.104621 0.994512 0 -0.052404 0.998626 0 1.30761e-16 1 0 
0.052404 0.998626 0 0.104621 0.994512 0 0.156555 0.987669 0 
0.208246 0.978077 0 0.25978 0.965668 0 0.311035 0.950399 0 
-0.311035 -0.950399 0 -0.31718 -0.948365 0 -0.25978 -0.965668 0 
-0.208246 -0.978077 0 -0.156555 -0.987669 0 -0.104621 -0.994512 0 
-0.052404 -0.998626 0 -1.20824e-16 -1 0 0.052404 -0.998626 0 
0.104621 -0.994512 0 0.156555 -0.987669 0 0.208246 -0.978077 0 
0.25978 -0.965668 0 0.311035 -0.950399 0 0.31718 -0.948365 0 
-0.411175 -0.911556 0 -0.442093 -0.896969 0 -0.360992 -0.932569 0 
0.360992 -0.932569 0 0.411175 -0.911556 0 0.442093 -0.896969 0 
-0.509546 -0.860443 0 -0.531583 -0.847006 0 -0.460438 -0.887692 0 
0.460438 -0.887692 0 0.509546 -0.860443 0 0.531583 -0.847006 0 
-0.557828 -0.829956 0 -0.603079 -0.797681 0 0.557828 -0.829956 0 
0.603079 -0.797681 0 -0.653989 -0.756504 0 -0.661824 -0.749659 0 
-0.605981 -0.795479 0 0.605981 -0.795479 0 0.653989 -0.756504 0 
0.661824 -0.749659 0 -0.701815 -0.712359 0 -0.712359 -0.701815 0 
0.701815 -0.712359 0 0.712359 -0.701815 0 -0.749659 -0.661824 0 
-0.756504 -0.653989 0 0.749659 -0.661824 0 0.756504 -0.653989 0 
-0.795479 -0.605981 0 0.795479 -0.605981 0 -0.797681 -0.603079 0 
-0.829956 -0.557828 0 0.797681 -0.603079 0 0.829956 -0.557828 0 
-0.847006 -0.531583 0 -0.860443 -0.509546 0 0.847006 -0.531583 0 
0.860443 -0.509546 0 -0.887692 -0.460438 0 0.887692 -0.460438 0 
-0.896969 -0.442093 0 -0.911556 -0.411175 0 0.896969 -0.442093 0 
0.911556 -0.411175 0 -0.932569 -0.360992 0 0.932569 -0.360992 0 
-0.948365 -0.31718 0 -0.950399 -0.311035 0 0.948365 -0.31718 0 
0.950399 -0.311035 0 -0.965668 -0.25978 0 0.965668 -0.25978 0 
-0.978077 -0.208246 0 0.978077 -0.208246 0 -0.987669 -0.156555 0 
0.987669 -0.156555 0 -0.994512 -0.104621 0 0.994512 -0.104621 0 
-0.998626 -0.052404 0 0.998626 -0.052404 0 -1 -1.98732e-17 0 
1 -9.93661e-18 0 -0.998626 0.052404 0 0.998626 0.052404 0 
-0.994512 0.104621 0 0.994512 0.104621 0 -0.987669 0.156555 0 
0.987669 0.156555 0 -0.978077 0.208246 0 0.978077 0.208246 0 
-0.965668 0.25978 0 0.965668 0.25978 0 -0.950399 0.311035 0 
0.950399 0.311035 0 -0.948365 0.31718 0 -0.932569 0.360992 0 
0.932569 0.360992 0 0.948365 0.31718 0 -0.911556 0.411175 0 
0.911556 0.411175 0 -0.896969 0.442093 0 -0.887692 0.460438 0 
0.887692 0.460438 0 0.896969 0.442093 0 -0.860443 0.509546 0 
0.860443 0.509546 0 -0.847006 0.531583 0 -0.829956 0.557828 0 
0.829956 0.557828 0 0.847006 0.531583 0 -0.797681 0.603079 0 
-0.795479 0.605981 0 0.795479 0.605981 0 0.797681 0.603079 0 
-0.756504 0.653989 0 0.756504 0.653989 0 -0.749659 0.661824 0 
-0.712359 0.701815 0 0.712359 0.701815 0 0.749659 0.661824 0 
-0.701815 0.712359 0 -0.661824 0.749659 0 0.661824 0.749659 0 
0.701815 0.712359 0 -0.653989 0.756504 0 -0.605981 0.795479 0 
-0.603079 0.797681 0 0.603079 0.797681 0 0.605981 0.795479 0 
0.653989 0.756504 0 -0.557828 0.829956 0 -0.531583 0.847006 0 
0.531583 0.847006 0 0.557828 0.829956 0 -0.509546 0.860443 0 
-0.460438 0.887692 0 -0.442093 0.896969 0 0.442093 0.896969 0 
0.460438 0.887692 0 0.509546 0.860443 0 -0.411175 0.911556 0 
-0.360992 0.932569 0 -0.31718 0.948365 0 0.31718 0.948365 0 
0.360992 0.932569 0 0.411175 0.911556 0 -0.311035 0.950399 0 
-0.25978 0.965668 0 -0.208246 0.978077 0 -0.156555 0.987669 0 
-0.104621 0.994512 0 -0.052404 0.998626 0 1.30761e-16 1 0 
0.052404 0.998626 0 0.104621 0.994512 0 0.156555 0.987669 0 
0.208246 0.978077 0 0.25978 0.965668 0 0.311035 0.950399 0 
-0.311035 -0.950399 0 -0.31718 -0.948365 0 -0.25978 -0.965668 0 
-0.208246 -0.978077 0 -0.156555 -0.987669 0 -0.104621 -0.994512 0 
-0.052404 -0.998626 0 -1.20824e-16 -1 0 0.052404 -0.998626 0 
0.104621 -0.994512 0 0.156555 -0.987669 0 0.208246 -0.978077 0 
0.25978 -0.965668 0 0.311035 -0.950399 0 0.31718 -0.948365 0 
-0.411175 -0.911556 0 -0.442093 -0.896969 0 -0.360992 -0.932569 0 
0.360992 -0.932569 0 0.411175 -0.911556 0 0.442093 -0.896969 0 
-0.509546 -0.860443 0 -0.531583 -0.847006 0 -0.460438 -0.887692 0 
0.460438 -0.887692 0 0.509546 -0.860443 0 0.531583 -0.847006 0 
-0.557828 -0.829956 0 -0.603079 -0.797681 0 0.557828 -0.829956 0 
0.603079 -0.797681 0 -0.653989 -0.756504 0 -0.661824 -0.749659 0 
-0.605981 -0.795479 0 0.605981 -0.795479 0 0.653989 -0.756504 0 
0.661824 -0.749659 0 -0.701815 -0.712359 0 -0.712359 -0.701815 0 
0.701815 -0.712359 0 0.712359 -0.701815 0 -0.749659 -0.661824 0 
-0.756504 -0.653989 0 0.749659 -0.661824 0 0.756504 -0.653989 0 
-0.795479 -0.605981 0 0.795479 -0.605981 0 -0.797681 -0.603079 0 
-0.829956 -0.557828 0 0.797681 -0.603079 0 0.829956 -0.557828 0 
-0.847006 -0.531583 0 -0.860443 -0.509546 0 0.847006 -0.531583 0 
0.860443 -0.509546 0 -0.887692 -0.460438 0 0.887692 -0.460438 0 
-0.896969 -0.442093 0 -0.911556 -0.411175 0 0.896969 -0.442093 0 
0.911556 -0.411175 0 -0.932569 -0.360992 0 0.932569 -0.360992 0 
-0.948365 -0.31718 0 -0.950399 -0.311035 0 0.948365 -0.31718 0 
0.950399 -0.311035 0 -0.965668 -0.25978 0 0.965668 -0.25978 0 
-0.978077 -0.208246 0 0.978077 -0.208246 0 -0.987669 -0.156555 0 
0.987669 -0.156555 0 -0.994512 -0.104621 0 0.994512 -0.104621 0 
-0.998626 -0.052404 0 0.998626 -0.052404 0 -1 -1.98732e-17 0 
1 -9.93661e-18 0 -0.998626 0.052404 0 0.998626 0.052404 0 
-0.994512 0.104621 0 0.994512 0.104621 0 -0.987669 0.156555 0 
0.987669 0.156555 0 -0.978077 0.208246 0 0.978077 0.208246 0 
-0.965668 0.25978 0 0.965668 0.25978 0 -0.950399 0.311035 0 
0.950399 0.311035 0 -0.948365 0.31718 0 -0.932569 0.360992 0 
0.932569 0.360992 0 0.948365 0.31718 0 -0.911556 0.411175 0 
0.911556 0.411175 0 -0.896969 0.442093 0 -0.887692 0.460438 0 
0.887692 0.460438 0 0.896969 0.442093 0 -0.860443 0.509546 0 
0.860443 0.509546 0 -0.847006 0.531583 0 -0.829956 0.557828 0 
0.829956 0.557828 0 0.847006 0.531583 0 -0.797681 0.603079 0 
-0.795479 0.605981 0 0.795479 0.605981 0 0.797681 0.603079 0 
-0.756504 0.653989 0 0.756504 0.653989 0 -0.749659 0.661824 0 
-0.712359 0.701815 0 0.712359 0.701815 0 0.749659 0.661824 0 
-0.701815 0.712359 0 -0.661824 0.749659 0 0.661824 0.749659 0 
0.701815 0.712359 0 -0.653989 0.756504 0 -0.605981 0.795479 0 
-0.603079 0.797681 0 0.603079 0.797681 0 0.605981 0.795479 0 
0.653989 0.756504 0 -0.557828 0.829956 0 -0.531583 0.847006 0 
0.531583 0.847006 0 0.557828 0.829956 0 -0.509546 0.860443 0 
-0.460438 0.887692 0 -0.442093 0.896969 0 0.442093 0.896969 0 
0.460438 0.887692 0 0.509546 0.860443 0 -0.411175 0.911556 0 
-0.360992 0.932569 0 -0.31718 0.948365 0 0.31718 0.948365 0 
0.360992 0.932569 0 0.411175 0.911556 0 -0.311035 0.950399 0 
-0.25978 0.965668 0 -0.208246 0.978077 0 -0.156555 0.987669 0 
-0.104621 0.994512 0 -0.052404 0.998626 0 1.30761e-16 1 0 
0.052404 0.998626 0 0.104621 0.994512 0 0.156555 0.987669 0 
0.208246 0.978077 0 0.25978 0.965668 0 0.311035 0.950399 0 
-0.311035 -0.950399 0 -0.31718 -0.948365 0 -0.25978 -0.965668 0 
-0.208246 -0.978077 0 -0.156555 -0.987669 0 -0.104621 -0.994512 0 
-0.052404 -0.998626 0 -1.20824e-16 -1 0 0.052404 -0.998626 0 
0.104621 -0.994512 0 0.156555 -0.987669 0 0.208246 -0.978077 0 
0.25978 -0.965668 0 0.311035 -0.950399 0 0.31718 -0.948365 0 
-0.411175 -0.911556 0 -0.442093 -0.896969 0 -0.360992 -0.932569 0 
0.360992 -0.932569 0 0.411175 -0.911556 0 0.442093 -0.896969 0 
-0.509546 -0.860443 0 -0.531583 -0.847006 0 -0.460438 -0.887692 0 
0.460438 -0.887692 0 0.509546 -0.860443 0 0.531583 -0.847006 0 
-0.557828 -0.829956 0 -0.603079 -0.797681 0 0.557828 -0.829956 0 
0.603079 -0.797681 0 -0.653989 -0.756504 0 -0.661824 -0.749659 0 
-0.605981 -0.795479 0 0.605981 -0.795479 0 0.653989 -0.756504 0 
0.661824 -0.749659 0 -0.701815 -0.712359 0 -0.712359 -0.701815 0 
0.701815 -0.712359 0 0.712359 -0.701815 0 -0.749659 -0.661824 0 
-0.756504 -0.653989 0 0.749659 -0.661824 0 0.756504 -0.653989 0 
-0.795479 -0.605981 0 0.795479 -0.605981 0 -0.797681 -0.603079 0 
-0.829956 -0.557828 0 0.797681 -0.603079 0 0.829956 -0.557828 0 
-0.847006 -0.531583 0 -0.860443 -0.509546 0 0.847006 -0.531583 0 
0.860443 -0.509546 0 -0.887692 -0.460438 0 0.887692 -0.460438 0 
-0.896969 -0.442093 0 -0.911556 -0.411175 0 0.896969 -0.442093 0 
0.911556 -0.411175 0 -0.932569 -0.360992 0 0.932569 -0.360992 0 
-0.948365 -0.31718 0 -0.950399 -0.311035 0 0.948365 -0.31718 0 
0.950399 -0.311035 0 -0.965668 -0.25978 0 0.965668 -0.25978 0 
-0.978077 -0.208246 0 0.978077 -0.208246 0 -0.987669 -0.156555 0 
0.987669 -0.156555 0 -0.994512 -0.104621 0 0.994512 -0.104621 0 
-0.998626 -0.052404 0 0.998626 -0.052404 0 -1 -1.98732e-17 0 
1 -9.93661e-18 0 -0.998626 0.052404 0 0.998626 0.052404 0 
-0.994512 0.104621 0 0.994512 0.104621 0 -0.987669 0.156555 0 
0.987669 0.156555 0 -0.978077 0.208246 0 0.978077 0.208246 0 
-0.965668 0.25978 0 0.965668 0.25978 0 -0.950399 0.311035 0 
0.950399 0.311035 0 -0.948365 0.31718 0 -0.932569 0.360992 0 
0.932569 0.360992 0 0.948365 0.31718 0 -0.911556 0.411175 0 
0.911556 0.411175 0 -0.896969 0.442093 0 -0.887692 0.460438 0 
0.887692 0.460438 0 0.896969 0.442093 0 -0.860443 0.509546 0 
0.860443 0.509546 0 -0.847006 0.531583 0 -0.829956 0.557828 0 
0.829956 0.557828 0 0.847006 0.531583 0 -0.797681 0.603079 0 
-0.795479 0.605981 0 0.795479 0.605981 0 0.797681 0.603079 0 
-0.756504 0.653989 0 0.756504 0.653989 0 -0.749659 0.661824 0 
-0.712359 0.701815 0 0.712359 0.701815 0 0.749659 0.661824 0 
-0.701815 0.712359 0 -0.661824 0.749659 0 0.661824 0.749659 0 
0.701815 0.712359 0 -0.653989 0.756504 0 -0.605981 0.795479 0 
-0.603079 0.797681 0 0.603079 0.797681 0 0.605981 0.795479 0 
0.653989 0.756504 0 -0.557828 0.829956 0 -0.531583 0.847006 0 
0.531583 0.847006 0 0.557828 0.829956 0 -0.509546 0.860443 0 
-0.460438 0.887692 0 -0.442093 0.896969 0 0.442093 0.896969 0 
0.460438 0.887692 0 0.509546 0.860443 0 -0.411175 0.911556 0 
-0.360992 0.932569 0 -0.31718 0.948365 0 0.31718 0.948365 0 
0.360992 0.932569 0 0.411175 0.911556 0 -0.311035 0.950399 0 
-0.25978 0.965668 0 -0.208246 0.978077 0 -0.156555 0.987669 0 
-0.104621 0.994512 0 -0.052404 0.998626 0 1.30761e-16 1 0 
0.052404 0.998626 0 0.104621 0.994512 0 0.156555 0.987669 0 
0.208246 0.978077 0 0.25978 0.965668 0 0.311035 0.950399 0 
-0.311035 -0.950399 0 -0.31718 -0.948365 0 -0.25978 -0.965668 0 
-0.208246 -0.978077 0 -0.156555 -0.987669 0 -0.104621 -0.994512 0 
-0.052404 -0.998626 0 -1.20824e-16 -1 0 0.052404 -0.998626 0 
0.104621 -0.994512 0 0.156555 -0.987669 0 0.208246 -0.978077 0 
0.25978 -0.965668 0 0.311035 -0.950399 0 0.31718 -0.948365 0 
-0.411175 -0.911556 0 -0.442093 -0.896969 0 -0.360992 -0.932569 0 
0.360992 -0.932569 0 0.411175 -0.911556 0 0.442093 -0.896969 0 
-0.509546 -0.860443 0 -0.531583 -0.847006 0 -0.460438 -0.887692 0 
0.460438 -0.887692 0 0.509546 -0.860443 0 0.531583 -0.847006 0 
-0.557828 -0.829956 0 -0.603079 -0.797681 0 0.557828 -0.829956 0 
0.603079 -0.797681 0 -0.653989 -0.756504 0 -0.661824 -0.749659 0 
-0.605981 -0.795479 0 0.605981 -0.795479 0 0.653989 -0.756504 0 
0.661824 -0.749659 0 -0.701815 -0.712359 0 -0.712359 -0.701815 0 
0.701815 -0.712359 0 0.712359 -0.701815 0 -0.749659 -0.661824 0 
-0.756504 -0.653989 0 0.749659 -0.661824 0 0.756504 -0.653989 0 
-0.795479 -0.605981 0 0.795479 -0.605981 0 -0.797681 -0.603079 0 
-0.829956 -0.557828 0 0.797681 -0.603079 0 0.829956 -0.557828 0 
-0.847006 -0.531583 0 -0.860443 -0.509546 0 0.847006 -0.531583 0 
0.860443 -0.509546 0 -0.887692 -0.460438 0 0.887692 -0.460438 0 
-0.896969 -0.442093 0 -0.911556 -0.411175 0 0.896969 -0.442093 0 
0.911556 -0.411175 0 -0.932569 -0.360992 0 0.932569 -0.360992 0 
-0.948365 -0.31718 0 -0.950399 -0.311035 0 0.948365 -0.31718 0 
0.950399 -0.311035 0 -0.965668 -0.25978 0 0.965668 -0.25978 0 
-0.978077 -0.208246 0 0.978077 -0.208246 0 -0.987669 -0.156555 0 
0.987669 -0.156555 0 -0.994512 -0.104621 0 0.994512 -0.104621 0 
-0.998626 -0.052404 0 0.998626 -0.052404 0 -1 -1.98732e-17 0 
1 -9.93661e-18 0 -0.998626 0.052404 0 0.998626 0.052404 0 
-0.994512 0.104621 0 0.994512 0.104621 0 -0.987669 0.156555 0 
0.987669 0.156555 0 -0.978077 0.208246 0 0.978077 0.208246 0 
-0.965668 0.25978 0 0.965668 0.25978 0 -0.950399 0.311035 0 
0.950399 0.311035 0 -0.948365 0.31718 0 -0.932569 0.360992 0 
0.932569 0.360992 0 0.948365 0.31718 0 -0.911556 0.411175 0 
0.911556 0.411175 0 -0.896969 0.442093 0 -0.887692 0.460438 0 
0.887692 0.460438 0 0.896969 0.442093 0 -0.860443 0.509546 0 
0.860443 0.509546 0 -0.847006 0.531583 0 -0.829956 0.557828 0 
0.829956 0.557828 0 0.847006 0.531583 0 -0.797681 0.603079 0 
-0.795479 0.605981 0 0.795479 0.605981 0 0.797681 0.603079 0 
-0.756504 0.653989 0 0.756504 0.653989 0 -0.749659 0.661824 0 
-0.712359 0.701815 0 0.712359 0.701815 0 0.749659 0.661824 0 
-0.701815 0.712359 0 -0.661824 0.749659 0 0.661824 0.749659 0 
0.701815 0.712359 0 -0.653989 0.756504 0 -0.605981 0.795479 0 
-0.603079 0.797681 0 0.603079 0.797681 0 0.605981 0.795479 0 
0.653989 0.756504 0 -0.557828 0.829956 0 -0.531583 0.847006 0 
0.531583 0.847006 0 0.557828 0.829956 0 -0.509546 0.860443 0 
-0.460438 0.887692 0 -0.442093 0.896969 0 0.442093 0.896969 0 
0.460438 0.887692 0 0.509546 0.860443 0 -0.411175 0.911556 0 
-0.360992 0.932569 0 -0.31718 0.948365 0 0.31718 0.948365 0 
0.360992 0.932569 0 0.411175 0.911556 0 -0.311035 0.950399 0 
-0.25978 0.965668 0 -0.208246 0.978077 0 -0.156555 0.987669 0 
-0.104621 0.994512 0 -0.052404 0.998626 0 1.30761e-16 1 0 
0.052404 0.998626 0 0.104621 0.994512 0 0.156555 0.987669 0 
0.208246 0.978077 0 0.25978 0.965668 0 0.311035 0.950399 0 
-0.311035 -0.950399 0 -0.31718 -0.948365 0 -0.25978 -0.965668 0 
-0.208246 -0.978077 0 -0.156555 -0.987669 0 -0.104621 -0.994512 0 
-0.052404 -0.998626 0 -1.20824e-16 -1 0 0.052404 -0.998626 0 
0.104621 -0.994512 0 0.156555 -0.987669 0 0.208246 -0.978077 0 
0.25978 -0.965668 0 0.311035 -0.950399 0 0.31718 -0.948365 0 
-0.411175 -0.911556 0 -0.442093 -0.896969 0 -0.360992 -0.932569 0 
0.360992 -0.932569 0 0.411175 -0.911556 0 0.442093 -0.896969 0 
-0.509546 -0.860443 0 -0.531583 -0.847006 0 -0.460438 -0.887692 0 
0.460438 -0.887692 0 0.509546 -0.860443 0 0.531583 -0.847006 0 
-0.557828 -0.829956 0 -0.603079 -0.797681 0 0.557828 -0.829956 0 
0.603079 -0.797681 0 -0.653989 -0.756504 0 -0.661824 -0.749659 0 
-0.605981 -0.795479 0 0.605981 -0.795479 0 0.653989 -0.756504 0 
0.661824 -0.749659 0 -0.701815 -0.712359 0 -0.712359 -0.701815 0 
0.701815 -0.712359 0 0.712359 -0.701815 0 -0.749659 -0.661824 0 
-0.756504 -0.653989 0 0.749659 -0.661824 0 0.756504 -0.653989 0 
-0.795479 -0.605981 0 0.795479 -0.605981 0 -0.797681 -0.603079 0 
-0.829956 -0.557828 0 0.797681 -0.603079 0 0.829956 -0.557828 0 
-0.847006 -0.531583 0 -0.860443 -0.509546 0 0.847006 -0.531583 0 
0.860443 -0.509546 0 -0.887692 -0.460438 0 0.887692 -0.460438 0 
-0.896969 -0.442093 0 -0.911556 -0.411175 0 0.896969 -0.442093 0 
0.911556 -0.411175 0 -0.932569 -0.360992 0 0.932569 -0.360992 0 
-0.948365 -0.31718 0 -0.950399 -0.311035 0 0.948365 -0.31718 0 
0.950399 -0.311035 0 -0.965668 -0.25978 0 0.965668 -0.25978 0 
-0.978077 -0.208246 0 0.978077 -0.208246 0 -0.987669 -0.156555 0 
0.987669 -0.156555 0 -0.994512 -0.104621 0 0.994512 -0.104621 0 
-0.998626 -0.052404 0 0.998626 -0.052404 0 -1 -1.98732e-17 0 
1 -9.93661e-18 0 -0.998626 0.052404 0 0.998626 0.052404 0 
-0.994512 0.104621 0 0.994512 0.104621 0 -0.987669 0.156555 0 
0.987669 0.156555 0 -0.978077 0.208246 0 0.978077 0.208246 0 
-0.965668 0.25978 0 0.965668 0.25978 0 -0.950399 0.311035 0 
0.950399 0.311035 0 -0.948365 0.31718 0 -0.932569 0.360992 0 
0.932569 0.360992 0 0.948365 0.31718 0 -0.911556 0.411175 0 
0.911556 0.411175 0 -0.896969 0.442093 0 -0.887692 0.460438 0 
0.887692 0.460438 0 0.896969 0.442093 0 -0.860443 0.509546 0 
0.860443 0.509546 0 -0.847006 0.531583 0 -0.829956 0.557828 0 
0.829956 0.557828 0 0.847006 0.531583 0 -0.797681 0.603079 0 
-0.795479 0.605981 0 0.795479 0.605981 0 0.797681 0.603079 0 
-0.756504 0.653989 0 0.756504 0.653989 0 -0.749659 0.661824 0 
-0.712359 0.701815 0 0.712359 0.701815 0 0.749659 0.661824 0 
-0.701815 0.712359 0 -0.661824 0.749659 0 0.661824 0.749659 0 
0.701815 0.712359 0 -0.653989 0.756504 0 -0.605981 0.795479 0 
-0.603079 0.797681 0 0.603079 0.797681 0 0.605981 0.795479 0 
0.653989 0.756504 0 -0.557828 0.829956 0 -0.531583 0.847006 0 
0.531583 0.847006 0 0.557828 0.829956 0 -0.509546 0.860443 0 
-0.460438 0.887692 0 -0.442093 0.896969 0 0.442093 0.896969 0 
0.460438 0.887692 0 0.509546 0.860443 0 -0.411175 0.911556 0 
-0.360992 0.932569 0 -0.31718 0.948365 0 0.31718 0.948365 0 
0.360992 0.932569 0 0.411175 0.911556 0 -0.311035 0.950399 0 
-0.25978 0.965668 0 -0.208246 0.978077 0 -0.156555 0.987669 0 
-0.104621 0.994512 0 -0.052404 0.998626 0 1.30761e-16 1 0 
0.052404 0.998626 0 0.104621 0.994512 0 0.156555 0.987669 0 
0.208246 0.978077 0 0.25978 0.965668 0 0.311035 0.950399 0 
-0.311035 -0.950399 0 -0.31718 -0.948365 0 -0.25978 -0.965668 0 
-0.208246 -0.978077 0 -0.156555 -0.987669 0 -0.104621 -0.994512 0 
-0.052404 -0.998626 0 -1.20824e-16 -1 0 0.052404 -0.998626 0 
0.104621 -0.994512 0 0.156555 -0.987669 0 0.208246 -0.978077 0 
0.25978 -0.965668 0 0.311035 -0.950399 0 0.31718 -0.948365 0 
-0.411175 -0.911556 0 -0.442093 -0.896969 0 -0.360992 -0.932569 0 
0.360992 -0.932569 0 0.411175 -0.911556 0 0.442093 -0.896969 0 
-0.509546 -0.860443 0 -0.531583 -0.847006 0 -0.460438 -0.887692 0 
0.460438 -0.887692 0 0.509546 -0.860443 0 0.531583 -0.847006 0 
-0.557828 -0.829956 0 -0.603079 -0.797681 0 0.557828 -0.829956 0 
0.603079 -0.797681 0 -0.653989 -0.756504 0 -0.661824 -0.749659 0 
-0.605981 -0.795479 0 0.605981 -0.795479 0 0.653989 -0.756504 0 
0.661824 -0.749659 0 -0.701815 -0.712359 0 -0.712359 -0.701815 0 
0.701815 -0.712359 0 0.712359 -0.701815 0 -0.749659 -0.661824 0 
-0.756504 -0.653989 0 0.749659 -0.661824 0 0.756504 -0.653989 0 
-0.795479 -0.605981 0 0.795479 -0.605981 0 -0.797681 -0.603079 0 
-0.829956 -0.557828 0 0.797681 -0.603079 0 0.829956 -0.557828 0 
-0.847006 -0.531583 0 -0.860443 -0.509546 0 0.847006 -0.531583 0 
0.860443 -0.509546 0 -0.887692 -0.460438 0 0.887692 -0.460438 0 
-0.896969 -0.442093 0 -0.911556 -0.411175 0 0.896969 -0.442093 0 
0.911556 -0.411175 0 -0.932569 -0.360992 0 0.932569 -0.360992 0 
-0.948365 -0.31718 0 -0.950399 -0.311035 0 0.948365 -0.31718 0 
0.950399 -0.311035 0 -0.965668 -0.25978 0 0.965668 -0.25978 0 
-0.978077 -0.208246 0 0.978077 -0.208246 0 -0.987669 -0.156555 0 
0.987669 -0.156555 0 -0.994512 -0.104621 0 0.994512 -0.104621 0 
-0.998626 -0.052404 0 0.998626 -0.052404 0 -1 -1.98732e-17 0 
1 -9.93661e-18 0 -0.998626 0.052404 0 0.998626 0.052404 0 
-0.994512 0.104621 0 0.994512 0.104621 0 -0.987669 0.156555 0 
0.987669 0.156555 0 -0.978077 0.208246 0 0.978077 0.208246 0 
-0.965668 0.25978 0 0.965668 0.25978 0 -0.950399 0.311035 0 
0.950399 0.311035 0 -0.948365 0.31718 0 -0.932569 0.360992 0 
0.932569 0.360992 0 0.948365 0.31718 0 -0.911556 0.411175 0 
0.911556 0.411175 0 -0.896969 0.442093 0 -0.887692 0.460438 0 
0.887692 0.460438 0 0.896969 0.442093 0 -0.860443 0.509546 0 
0.860443 0.509546 0 -0.847006 0.531583 0 -0.829956 0.557828 0 
0.829956 0.557828 0 0.847006 0.531583 0 -0.797681 0.603079 0 
-0.795479 0.605981 0 0.795479 0.605981 0 0.797681 0.603079 0 
-0.756504 0.653989 0 0.756504 0.653989 0 -0.749659 0.661824 0 
-0.712359 0.701815 0 0.712359 0.701815 0 0.749659 0.661824 0 
-0.701815 0.712359 0 -0.661824 0.749659 0 0.661824 0.749659 0 
0.701815 0.712359 0 -0.653989 0.756504 0 -0.605981 0.795479 0 
-0.603079 0.797681 0 0.603079 0.797681 0 0.605981 0.795479 0 
0.653989 0.756504 0 -0.557828 0.829956 0 -0.531583 0.847006 0 
0.531583 0.847006 0 0.557828 0.829956 0 -0.509546 0.860443 0 
-0.460438 0.887692 0 -0.442093 0.896969 0 0.442093 0.896969 0 
0.460438 0.887692 0 0.509546 0.860443 0 -0.411175 0.911556 0 
-0.360992 0.932569 0 -0.31718 0.948365 0 0.31718 0.948365 0 
0.360992 0.932569 0 0.411175 0.911556 0 -0.311035 0.950399 0 
-0.25978 0.965668 0 -0.208246 0.978077 0 -0.156555 0.987669 0 
-0.104621 0.994512 0 -0.052404 0.998626 0 1.30761e-16 1 0 
0.052404 0.998626 0 0.104621 0.994512 0 0.156555 0.987669 0 
0.208246 0.978077 0 0.25978 0.965668 0 0.311035 0.950399 0 
-0.311035 -0.950399 0 -0.31718 -0.948365 0 -0.25978 -0.965668 0 
-0.208246 -0.978077 0 -0.156555 -0.987669 0 -0.104621 -0.994512 0 
-0.052404 -0.998626 0 -1.20824e-16 -1 0 0.052404 -0.998626 0 
0.104621 -0.994512 0 0.156555 -0.987669 0 0.208246 -0.978077 0 
0.25978 -0.965668 0 0.311035 -0.950399 0 0.31718 -0.948365 0 
-0.411175 -0.911556 0 -0.442093 -0.896969 0 -0.360992 -0.932569 0 
0.360992 -0.932569 0 0.411175 -0.911556 0 0.442093 -0.896969 0 
-0.509546 -0.860443 0 -0.531583 -0.847006 0 -0.460438 -0.887692 0 
0.460438 -0.887692 0 0.509546 -0.860443 0 0.531583 -0.847006 0 
-0.557828 -0.829956 0 -0.603079 -0.797681 0 0.557828 -0.829956 0 
0.603079 -0.797681 0 -0.653989 -0.756504 0 -0.661824 -0.749659 0 
-0.605981 -0.795479 0 0.605981 -0.795479 0 0.653989 -0.756504 0 
0.661824 -0.749659 0 -0.701815 -0.712359 0 -0.712359 -0.701815 0 
0.701815 -0.712359 0 0.712359 -0.701815 0 -0.749659 -0.661824 0 
-0.756504 -0.653989 0 0.749659 -0.661824 0 0.756504 -0.653989 0 
-0.795479 -0.605981 0 0.795479 -0.605981 0 -0.797681 -0.603079 0 
-0.829956 -0.557828 0 0.797681 -0.603079 0 0.829956 -0.557828 0 
-0.847006 -0.531583 0 -0.860443 -0.509546 0 0.847006 -0.531583 0 
0.860443 -0.509546 0 -0.887692 -0.460438 0 0.887692 -0.460438 0 
-0.896969 -0.442093 0 -0.911556 -0.411175 0 0.896969 -0.442093 0 
0.911556 -0.411175 0 -0.932569 -0.360992 0 0.932569 -0.360992 0 
-0.948365 -0.31718 0 -0.950399 -0.311035 0 0.948365 -0.31718 0 
0.950399 -0.311035 0 -0.965668 -0.25978 0 0.965668 -0.25978 0 
-0.978077 -0.208246 0 0.978077 -0.208246 0 -0.987669 -0.156555 0 
0.987669 -0.156555 0 -0.994512 -0.104621 0 0.994512 -0.104621 0 
-0.998626 -0.052404 0 0.998626 -0.052404 0 -1 -1.98732e-17 0 
1 -9.93661e-18 0 -0.998626 0.052404 0 0.998626 0.052404 0 
-0.994512 0.104621 0 0.994512 0.104621 0 -0.987669 0.156555 0 
0.987669 0.156555 0 -0.978077 0.208246 0 0.978077 0.208246 0 
-0.965668 0.25978 0 0.965668 0.25978 0 -0.950399 0.311035 0 
0.950399 0.311035 0 -0.948365 0.31718 0 -0.932569 0.360992 0 
0.932569 0.360992 0 0.948365 0.31718 0 -0.911556 0.411175 0 
0.911556 0.411175 0 -0.896969 0.442093 0 -0.887692 0.460438 0 
0.887692 0.460438 0 0.896969 0.442093 0 -0.860443 0.509546 0 
0.860443 0.509546 0 -0.847006 0.531583 0 -0.829956 0.557828 0 
0.829956 0.557828 0 0.847006 0.531583 0 -0.797681 0.603079 0 
-0.795479 0.605981 0 0.795479 0.605981 0 0.797681 0.603079 0 
-0.756504 0.653989 0 0.756504 0.653989 0 -0.749659 0.661824 0 
-0.712359 0.701815 0 0.712359 0.701815 0 0.749659 0.661824 0 
-0.701815 0.712359 0 -0.661824 0.749659 0 0.661824 0.749659 0 
0.701815 0.712359 0 -0.653989 0.756504 0 -0.605981 0.795479 0 
-0.603079 0.797681 0 0.603079 0.797681 0 0.605981 0.795479 0 
0.653989 0.756504 0 -0.557828 0.829956 0 -0.531583 0.847006 0 
0.531583 0.847006 0 0.557828 0.829956 0 -0.509546 0.860443 0 
-0.460438 0.887692 0 -0.442093 0.896969 0 0.442093 0.896969 0 
0.460438 0.887692 0 0.509546 0.860443 0 -0.411175 0.911556 0 
-0.360992 0.932569 0 -0.31718 0.948365 0 0.31718 0.948365 0 
0.360992 0.932569 0 0.411175 0.911556 0 -0.311035 0.950399 0 
-0.25978 0.965668 0 -0.208246 0.978077 0 -0.156555 0.987669 0 
-0.104621 0.994512 0 -0.052404 0.998626 0 1.30761e-16 1 0 
0.052404 0.998626 0 0.104621 0.994512 0 0.156555 0.987669 0 
0.208246 0.978077 0 0.25978 0.965668 0 0.311035 0.950399 0 
-0.311035 -0.950399 0 -0.31718 -0.948365 0 -0.25978 -0.965668 0 
-0.208246 -0.978077 0 -0.156555 -0.987669 0 -0.104621 -0.994512 0 
-0.052404 -0.998626 0 -1.20824e-16 -1 0 0.052404 -0.998626 0 
0.104621 -0.994512 0 0.156555 -0.987669 0 0.208246 -0.978077 0 
0.25978 -0.965668 0 0.311035 -0.950399 0 0.31718 -0.948365 0 
-0.411175 -0.911556 0 -0.442093 -0.896969 0 -0.360992 -0.932569 0 
0.360992 -0.932569 0 0.411175 -0.911556 0 0.442093 -0.896969 0 
-0.509546 -0.860443 0 -0.531583 -0.847006 0 -0.460438 -0.887692 0 
0.460438 -0.887692 0 0.509546 -0.860443 0 0.531583 -0.847006 0 
-0.557828 -0.829956 0 -0.603079 -0.797681 0 0.557828 -0.829956 0 
0.603079 -0.797681 0 -0.653989 -0.756504 0 -0.661824 -0.749659 0 
-0.605981 -0.795479 0 0.605981 -0.795479 0 0.653989 -0.756504 0 
0.661824 -0.749659 0 -0.701815 -0.712359 0 -0.712359 -0.701815 0 
0.701815 -0.712359 0 0.712359 -0.701815 0 -0.749659 -0.661824 0 
-0.756504 -0.653989 0 0.749659 -0.661824 0 0.756504 -0.653989 0 
-0.795479 -0.605981 0 0.795479 -0.605981 0 -0.797681 -0.603079 0 
-0.829956 -0.557828 0 0.797681 -0.603079 0 0.829956 -0.557828 0 
-0.847006 -0.531583 0 -0.860443 -0.509546 0 0.847006 -0.531583 0 
0.860443 -0.509546 0 -0.887692 -0.460438 0 0.887692 -0.460438 0 
-0.896969 -0.442093 0 -0.911556 -0.411175 0 0.896969 -0.442093 0 
0.911556 -0.411175 0 -0.932569 -0.360992 0 0.932569 -0.360992 0 
-0.948365 -0.31718 0 -0.950399 -0.311035 0 0.948365 -0.31718 0 
0.950399 -0.311035 0 -0.965668 -0.25978 0 0.965668 -0.25978 0 
-0.978077 -0.208246 0 0.978077 -0.208246 0 -0.987669 -0.156555 0 
0.987669 -0.156555 0 -0.994512 -0.104621 0 0.994512 -0.104621 0 
-0.998626 -0.052404 0 0.998626 -0.052404 0 -1 -1.98732e-17 0 
1 -9.93661e-18 0 -0.998626 0.052404 0 0.998626 0.052404 0 
-0.994512 0.104621 0 0.994512 0.104621 0 -0.987669 0.156555 0 
0.987669 0.156555 0 -0.978077 0.208246 0 0.978077 0.208246 0 
-0.965668 0.25978 0 0.965668 0.25978 0 -0.950399 0.311035 0 
0.950399 0.311035 0 -0.948365 0.31718 0 -0.932569 0.360992 0 
0.932569 0.360992 0 0.948365 0.31718 0 -0.911556 0.411175 0 
0.911556 0.411175 0 -0.896969 0.442093 0 -0.887692 0.460438 0 
0.887692 0.460438 0 0.896969 0.442093 0 -0.860443 0.509546 0 
0.860443 0.509546 0 -0.847006 0.531583 0 -0.829956 0.557828 0 
0.829956 0.557828 0 0.847006 0.531583 0 -0.797681 0.603079 0 
-0.795479 0.605981 0 0.795479 0.605981 0 0.797681 0.603079 0 
-0.756504 0.653989 0 0.756504 0.653989 0 -0.749659 0.661824 0 
-0.712359 0.701815 0 0.712359 0.701815 0 0.749659 0.661824 0 
-0.701815 0.712359 0 -0.661824 0.749659 0 0.661824 0.749659 0 
0.701815 0.712359 0 -0.653989 0.756504 0 -0.605981 0.795479 0 
-0.603079 0.797681 0 0.603079 0.797681 0 0.605981 0.795479 0 
0.653989 0.756504 0 -0.557828 0.829956 0 -0.531583 0.847006 0 
0.531583 0.847006 0 0.557828 0.829956 0 -0.509546 0.860443 0 
-0.460438 0.887692 0 -0.442093 0.896969 0 0.442093 0.896969 0 
0.460438 0.887692 0 0.509546 0.860443 0 -0.411175 0.911556 0 
-0.360992 0.932569 0 -0.31718 0.948365 0 0.31718 0.948365 0 
0.360992 0.932569 0 0.411175 0.911556 0 -0.311035 0.950399 0 
-0.25978 0.965668 0 -0.208246 0.978077 0 -0.156555 0.987669 0 
-0.104621 0.994512 0 -0.052404 0.998626 0 1.30761e-16 1 0 
0.052404 0.998626 0 0.104621 0.994512 0 0.156555 0.987669 0 
0.208246 0.978077 0 0.25978 0.965668 0 0.311035 0.950399 0 
-0.311035 -0.950399 0 -0.31718 -0.948365 0 -0.25978 -0.965668 0 
-0.208246 -0.978077 0 -0.156555 -0.987669 0 -0.104621 -0.994512 0 
-0.052404 -0.998626 0 -1.20824e-16 -1 0 0.052404 -0.998626 0 
0.104621 -0.994512 0 0.156555 -0.987669 0 0.208246 -0.978077 0 
0.25978 -0.965668 0 0.311035 -0.950399 0 0.31718 -0.948365 0 
-0.411175 -0.911556 0 -0.442093 -0.896969 0 -0.360992 -0.932569 0 
0.360992 -0.932569 0 0.411175 -0.911556 0 0.442093 -0.896969 0 
-0.509546 -0.860443 0 -0.531583 -0.847006 0 -0.460438 -0.887692 0 
0.460438 -0.887692 0 0.509546 -0.860443 0 0.531583 -0.847006 0 
-0.557828 -0.829956 0 -0.603079 -0.797681 0 0.557828 -0.829956 0 
0.603079 -0.797681 0 -0.653989 -0.756504 0 -0.661824 -0.749659 0 
-0.605981 -0.795479 0 0.605981 -0.795479 0 0.653989 -0.756504 0 
0.661824 -0.749659 0 -0.701815 -0.712359 0 -0.712359 -0.701815 0 
0.701815 -0.712359 0 0.712359 -0.701815 0 -0.749659 -0.661824 0 
-0.756504 -0.653989 0 0.749659 -0.661824 0 0.756504 -0.653989 0 
-0.795479 -0.605981 0 0.795479 -0.605981 0 -0.797681 -0.603079 0 
-0.829956 -0.557828 0 0.797681 -0.603079 0 0.829956 -0.557828 0 
-0.847006 -0.531583 0 -0.860443 -0.509546 0 0.847006 -0.531583 0 
0.860443 -0.509546 0 -0.887692 -0.460438 0 0.887692 -0.460438 0 
-0.896969 -0.442093 0 -0.911556 -0.411175 0 0.896969 -0.442093 0 
0.911556 -0.411175 0 -0.932569 -0.360992 0 0.932569 -0.360992 0 
-0.948365 -0.31718 0 -0.950399 -0.311035 0 0.948365 -0.31718 0 
0.950399 -0.311035 0 -0.965668 -0.25978 0 0.965668 -0.25978 0 
-0.978077 -0.208246 0 0.978077 -0.208246 0 -0.987669 -0.156555 0 
0.987669 -0.156555 0 -0.994512 -0.104621 0 0.994512 -0.104621 0 
-0.998626 -0.052404 0 0.998626 -0.052404 0 -1 -1.98732e-17 0 
1 -9.93661e-18 0 -0.998626 0.052404 0 0.998626 0.052404 0 
-0.994512 0.104621 0 0.994512 0.104621 0 -0.987669 0.156555 0 
0.987669 0.156555 0 -0.978077 0.208246 0 0.978077 0.208246 0 
-0.965668 0.25978 0 0.965668 0.25978 0 -0.950399 0.311035 0 
0.950399 0.311035 0 -0.948365 0.31718 0 -0.932569 0.360992 0 
0.932569 0.360992 0 0.948365 0.31718 0 -0.911556 0.411175 0 
0.911556 0.411175 0 -0.896969 0.442093 0 -0.887692 0.460438 0 
0.887692 0.460438 0 0.896969 0.442093 0 -0.860443 0.509546 0 
0.860443 0.509546 0 -0.847006 0.531583 0 -0.829956 0.557828 0 
0.829956 0.557828 0 0.847006 0.531583 0 -0.797681 0.603079 0 
-0.795479 0.605981 0 0.795479 0.605981 0 0.797681 0.603079 0 
-0.756504 0.653989 0 0.756504 0.653989 0 -0.749659 0.661824 0 
-0.712359 0.701815 0 0.712359 0.701815 0 0.749659 0.661824 0 
-0.701815 0.712359 0 -0.661824 0.749659 0 0.661824 0.749659 0 
0.701815 0.712359 0 -0.653989 0.756504 0 -0.605981 0.795479 0 
-0.603079 0.797681 0 0.603079 0.797681 0 0.605981 0.795479 0 
0.653989 0.756504 0 -0.557828 0.829956 0 -0.531583 0.847006 0 
0.531583 0.847006 0 0.557828 0.829956 0 -0.509546 0.860443 0 
-0.460438 0.887692 0 -0.442093 0.896969 0 0.442093 0.896969 0 
0.460438 0.887692 0 0.509546 0.860443 0 -0.411175 0.911556 0 
-0.360992 0.932569 0 -0.31718 0.948365 0 0.31718 0.948365 0 
0.360992 0.932569 0 0.411175 0.911556 0 -0.311035 0.950399 0 
-0.25978 0.965668 0 -0.208246 0.978077 0 -0.156555 0.987669 0 
-0.104621 0.994512 0 -0.052404 0.998626 0 1.30761e-16 1 0 
0.052404 0.998626 0 0.104621 0.994512 0 0.156555 0.987669 0 
0.208246 0.978077 0 0.25978 0.965668 0 0.311035 0.950399 0 
-0.311035 -0.950399 0 -0.31718 -0.948365 0 -0.25978 -0.965668 0 
-0.208246 -0.978077 0 -0.156555 -0.987669 0 -0.104621 -0.994512 0 
-0.052404 -0.998626 0 -1.20824e-16 -1 0 0.052404 -0.998626 0 
0.104621 -0.994512 0 0.156555 -0.987669 0 0.208246 -0.978077 0 
0.25978 -0.965668 0 0.311035 -0.950399 0 0.31718 -0.948365 0 
-0.411175 -0.911556 0 -0.442093 -0.896969 0 -0.360992 -0.932569 0 
0.360992 -0.932569 0 0.411175 -0.911556 0 0.442093 -0.896969 0 
-0.509546 -0.860443 0 -0.531583 -0.847006 0 -0.460438 -0.887692 0 
0.460438 -0.887692 0 0.509546 -0.860443 0 0.531583 -0.847006 0 
-0.557828 -0.829956 0 -0.603079 -0.797681 0 0.557828 -0.829956 0 
0.603079 -0.797681 0 -0.653989 -0.756504 0 -0.661824 -0.749659 0 
-0.605981 -0.795479 0 0.605981 -0.795479 0 0.653989 -0.756504 0 
0.661824 -0.749659 0 -0.701815 -0.712359 0 -0.712359 -0.701815 0 
0.701815 -0.712359 0 0.712359 -0.701815 0 -0.749659 -0.661824 0 
-0.756504 -0.653989 0 0.749659 -0.661824 0 0.756504 -0.653989 0 
-0.795479 -0.605981 0 0.795479 -0.605981 0 -0.797681 -0.603079 0 
-0.829956 -0.557828 0 0.797681 -0.603079 0 0.829956 -0.557828 0 
-0.847006 -0.531583 0 -0.860443 -0.509546 0 0.847006 -0.531583 0 
0.860443 -0.509546 0 -0.887692 -0.460438 0 0.887692 -0.460438 0 
-0.896969 -0.442093 0 -0.911556 -0.411175 0 0.896969 -0.442093 0 
0.911556 -0.411175 0 -0.932569 -0.360992 0 0.932569 -0.360992 0 
-0.948365 -0.31718 0 -0.950399 -0.311035 0 0.948365 -0.31718 0 
0.950399 -0.311035 0 -0.965668 -0.25978 0 0.965668 -0.25978 0 
-0.978077 -0.208246 0 0.978077 -0.208246 0 -0.987669 -0.156555 0 
0.987669 -0.156555 0 -0.994512 -0.104621 0 0.994512 -0.104621 0 
-0.998626 -0.052404 0 0.998626 -0.052404 0 -1 -1.98732e-17 0 
1 -9.93661e-18 0 -0.998626 0.052404 0 0.998626 0.052404 0 
-0.994512 0.104621 0 0.994512 0.104621 0 -0.987669 0.156555 0 
0.987669 0.156555 0 -0.978077 0.208246 0 0.978077 0.208246 0 
-0.965668 0.25978 0 0.965668 0.25978 0 -0.950399 0.311035 0 
0.950399 0.311035 0 -0.948365 0.31718 0 -0.932569 0.360992 0 
0.932569 0.360992 0 0.948365 0.31718 0 -0.911556 0.411175 0 
0.911556 0.411175 0 -0.896969 0.442093 0 -0.887692 0.460438 0 
0.887692 0.460438 0 0.896969 0.442093 0 -0.860443 0.509546 0 
0.860443 0.509546 0 -0.847006 0.531583 0 -0.829956 0.557828 0 
0.829956 0.557828 0 0.847006 0.531583 0 -0.797681 0.603079 0 
-0.795479 0.605981 0 0.795479 0.605981 0 0.797681 0.603079 0 
-0.756504 0.653989 0 0.756504 0.653989 0 -0.749659 0.661824 0 
-0.712359 0.701815 0 0.712359 0.701815 0 0.749659 0.661824 0 
-0.701815 0.712359 0 -0.661824 0.749659 0 0.661824 0.749659 0 
0.701815 0.712359 0 -0.653989 0.756504 0 -0.605981 0.795479 0 
-0.603079 0.797681 0 0.603079 0.797681 0 0.605981 0.795479 0 
0.653989 0.756504 0 -0.557828 0.829956 0 -0.531583 0.847006 0 
0.531583 0.847006 0 0.557828 0.829956 0 -0.509546 0.860443 0 
-0.460438 0.887692 0 -0.442093 0.896969 0 0.442093 0.896969 0 
0.460438 0.887692 0 0.509546 0.860443 0 -0.411175 0.911556 0 
-0.360992 0.932569 0 -0.31718 0.948365 0 0.31718 0.948365 0 
0.360992 0.932569 0 0.411175 0.911556 0 -0.311035 0.950399 0 
-0.25978 0.965668 0 -0.208246 0.978077 0 -0.156555 0.987669 0 
-0.104621 0.994512 0 -0.052404 0.998626 0 1.30761e-16 1 0 
0.052404 0.998626 0 0.104621 0.994512 0 0.156555 0.987669 0 
0.208246 0.978077 0 0.25978 0.965668 0 0.311035 0.950399 0 
-0.311035 -0.950399 0 -0.31718 -0.948365 0 -0.25978 -0.965668 0 
-0.208246 -0.978077 0 -0.156555 -0.987669 0 -0.104621 -0.994512 0 
-0.052404 -0.998626 0 -1.20824e-16 -1 0 0.052404 -0.998626 0 
0.104621 -0.994512 0 0.156555 -0.987669 0 0.208246 -0.978077 0 
0.25978 -0.965668 0 0.311035 -0.950399 0 0.31718 -0.948365 0 
-0.411175 -0.911556 0 -0.442093 -0.896969 0 -0.360992 -0.932569 0 
0.360992 -0.932569 0 0.411175 -0.911556 0 0.442093 -0.896969 0 
-0.509546 -0.860443 0 -0.531583 -0.847006 0 -0.460438 -0.887692 0 
0.460438 -0.887692 0 0.509546 -0.860443 0 0.531583 -0.847006 0 
-0.557828 -0.829956 0 -0.603079 -0.797681 0 0.557828 -0.829956 0 
0.603079 -0.797681 0 -0.653989 -0.756504 0 -0.661824 -0.749659 0 
-0.605981 -0.795479 0 0.605981 -0.795479 0 0.653989 -0.756504 0 
0.661824 -0.749659 0 -0.701815 -0.712359 0 -0.712359 -0.701815 0 
0.701815 -0.712359 0 0.712359 -0.701815 0 -0.749659 -0.661824 0 
-0.756504 -0.653989 0 0.749659 -0.661824 0 0.756504 -0.653989 0 
-0.795479 -0.605981 0 0.795479 -0.605981 0 -0.797681 -0.603079 0 
-0.829956 -0.557828 0 0.797681 -0.603079 0 0.829956 -0.557828 0 
-0.847006 -0.531583 0 -0.860443 -0.509546 0 0.847006 -0.531583 0 
0.860443 -0.509546 0 -0.887692 -0.460438 0 0.887692 -0.460438 0 
-0.896969 -0.442093 0 -0.911556 -0.411175 0 0.896969 -0.442093 0 
0.911556 -0.411175 0 -0.932569 -0.360992 0 0.932569 -0.360992 0 
-0.948365 -0.31718 0 -0.950399 -0.311035 0 0.948365 -0.31718 0 
0.950399 -0.311035 0 -0.965668 -0.25978 0 0.965668 -0.25978 0 
-0.978077 -0.208246 0 0.978077 -0.208246 0 -0.987669 -0.156555 0 
0.987669 -0.156555 0 -0.994512 -0.104621 0 0.994512 -0.104621 0 
-0.998626 -0.052404 0 0.998626 -0.052404 0 -1 -1.98732e-17 0 
1 -9.93661e-18 0 -0.998626 0.052404 0 0.998626 0.052404 0 
-0.994512 0.104621 0 0.994512 0.104621 0 -0.987669 0.156555 0 
0.987669 0.156555 0 -0.978077 0.208246 0 0.978077 0.208246 0 
-0.965668 0.25978 0 0.965668 0.25978 0 -0.950399 0.311035 0 
0.950399 0.311035 0 -0.948365 0.31718 0 -0.932569 0.360992 0 
0.932569 0.360992 0 0.948365 0.31718 0 -0.911556 0.411175 0 
0.911556 0.411175 0 -0.896969 0.442093 0 -0.887692 0.460438 0 
0.887692 0.460438 0 0.896969 0.442093 0 -0.860443 0.509546 0 
0.860443 0.509546 0 -0.847006 0.531583 0 -0.829956 0.557828 0 
0.829956 0.557828 0 0.847006 0.531583 0 -0.797681 0.603079 0 
-0.795479 0.605981 0 0.795479 0.605981 0 0.797681 0.603079 0 
-0.756504 0.653989 0 0.756504 0.653989 0 -0.749659 0.661824 0 
-0.712359 0.701815 0 0.712359 0.701815 0 0.749659 0.661824 0 
-0.701815 0.712359 0 -0.661824 0.749659 0 0.661824 0.749659 0 
0.701815 0.712359 0 -0.653989 0.756504 0 -0.605981 0.795479 0 
-0.603079 0.797681 0 0.603079 0.797681 0 0.605981 0.795479 0 
0.653989 0.756504 0 -0.557828 0.829956 0 -0.531583 0.847006 0 
0.531583 0.847006 0 0.557828 0.829956 0 -0.509546 0.860443 0 
-0.460438 0.887692 0 -0.442093 0.896969 0 0.442093 0.896969 0 
0.460438 0.887692 0 0.509546 0.860443 0 -0.411175 0.911556 0 
-0.360992 0.932569 0 -0.31718 0.948365 0 0.31718 0.948365 0 
0.360992 0.932569 0 0.411175 0.911556 0 -0.311035 0.950399 0 
-0.25978 0.965668 0 -0.208246 0.978077 0 -0.156555 0.987669 0 
-0.104621 0.994512 0 -0.052404 0.998626 0 1.30761e-16 1 0 
0.052404 0.998626 0 0.104621 0.994512 0 0.156555 0.987669 0 
0.208246 0.978077 0 0.25978 0.965668 0 0.311035 0.950399 0 
-0.311035 -0.950399 0 -0.31718 -0.948365 0 -0.25978 -0.965668 0 
-0.208246 -0.978077 0 -0.156555 -0.987669 0 -0.104621 -0.994512 0 
-0.052404 -0.998626 0 -1.20824e-16 -1 0 0.052404 -0.998626 0 
0.104621 -0.994512 0 0.156555 -0.987669 0 0.208246 -0.978077 0 
0.25978 -0.965668 0 0.311035 -0.950399 0 0.31718 -0.948365 0 
-0.411175 -0.911556 0 -0.442093 -0.896969 0 -0.360992 -0.932569 0 
0.360992 -0.932569 0 0.411175 -0.911556 0 0.442093 -0.896969 0 
-0.509546 -0.860443 0 -0.531583 -0.847006 0 -0.460438 -0.887692 0 
0.460438 -0.887692 0 0.509546 -0.860443 0 0.531583 -0.847006 0 
-0.557828 -0.829956 0 -0.603079 -0.797681 0 0.557828 -0.829956 0 
0.603079 -0.797681 0 -0.653989 -0.756504 0 -0.661824 -0.749659 0 
-0.605981 -0.795479 0 0.605981 -0.795479 0 0.653989 -0.756504 0 
0.661824 -0.749659 0 -0.701815 -0.712359 0 -0.712359 -0.701815 0 
0.701815 -0.712359 0 0.712359 -0.701815 0 -0.749659 -0.661824 0 
-0.756504 -0.653989 0 0.749659 -0.661824 0 0.756504 -0.653989 0 
-0.795479 -0.605981 0 0.795479 -0.605981 0 -0.797681 -0.603079 0 
-0.829956 -0.557828 0 0.797681 -0.603079 0 0.829956 -0.557828 0 
-0.847006 -0.531583 0 -0.860443 -0.509546 0 0.847006 -0.531583 0 
0.860443 -0.509546 0 -0.887692 -0.460438 0 0.887692 -0.460438 0 
-0.896969 -0.442093 0 -0.911556 -0.411175 0 0.896969 -0.442093 0 
0.911556 -0.411175 0 -0.932569 -0.360992 0 0.932569 -0.360992 0 
-0.948365 -0.31718 0 -0.950399 -0.311035 0 0.948365 -0.31718 0 
0.950399 -0.311035 0 -0.965668 -0.25978 0 0.965668 -0.25978 0 
-0.978077 -0.208246 0 0.978077 -0.208246 0 -0.987669 -0.156555 0 
0.987669 -0.156555 0 -0.994512 -0.104621 0 0.994512 -0.104621 0 
-0.998626 -0.052404 0 0.998626 -0.052404 0 -1 -1.98732e-17 0 
1 -9.93661e-18 0 -0.998626 0.052404 0 0.998626 0.052404 0 
-0.994512 0.104621 0 0.994512 0.104621 0 -0.987669 0.156555 0 
0.987669 0.156555 0 -0.978077 0.208246 0 0.978077 0.208246 0 
-0.965668 0.25978 0 0.965668 0.25978 0 -0.950399 0.311035 0 
0.950399 0.311035 0 -0.948365 0.31718 0 -0.932569 0.360992 0 
0.932569 0.360992 0 0.948365 0.31718 0 -0.911556 0.411175 0 
0.911556 0.411175 0 -0.896969 0.442093 0 -0.887692 0.460438 0 
0.887692 0.460438 0 0.896969 0.442093 0 -0.860443 0.509546 0 
0.860443 0.509546 0 -0.847006 0.531583 0 -0.829956 0.557828 0 
0.829956 0.557828 0 0.847006 0.531583 0 -0.797681 0.603079 0 
-0.795479 0.605981 0 0.795479 0.605981 0 0.797681 0.603079 0 
-0.756504 0.653989 0 0.756504 0.653989 0 -0.749659 0.661824 0 
-0.712359 0.701815 0 0.712359 0.701815 0 0.749659 0.661824 0 
-0.701815 0.712359 0 -0.661824 0.749659 0 0.661824 0.749659 0 
0.701815 0.712359 0 -0.653989 0.756504 0 -0.605981 0.795479 0 
-0.603079 0.797681 0 0.603079 0.797681 0 0.605981 0.795479 0 
0.653989 0.756504 0 -0.557828 0.829956 0 -0.531583 0.847006 0 
0.531583 0.847006 0 0.557828 0.829956 0 -0.509546 0.860443 0 
-0.460438 0.887692 0 -0.442093 0.896969 0 0.442093 0.896969 0 
0.460438 0.887692 0 0.509546 0.860443 0 -0.411175 0.911556 0 
-0.360992 0.932569 0 -0.31718 0.948365 0 0.31718 0.948365 0 
0.360992 0.932569 0 0.411175 0.911556 0 -0.311035 0.950399 0 
-0.25978 0.965668 0 -0.208246 0.978077 0 -0.156555 0.987669 0 
-0.104621 0.994512 0 -0.052404 0.998626 0 1.30761e-16 1 0 
0.052404 0.998626 0 0.104621 0.994512 0 0.156555 0.987669 0 
0.208246 0.978077 0 0.25978 0.965668 0 0.311035 0.950399 0 
-0.311035 -0.950399 0 -0.31718 -0.948365 0 -0.25978 -0.965668 0 
-0.208246 -0.978077 0 -0.156555 -0.987669 0 -0.104621 -0.994512 0 
-0.052404 -0.998626 0 -1.20824e-16 -1 0 0.052404 -0.998626 0 
0.104621 -0.994512 0 0.156555 -0.987669 0 0.208246 -0.978077 0 
0.25978 -0.965668 0 0.311035 -0.950399 0 0.31718 -0.948365 0 
-0.411175 -0.911556 0 -0.442093 -0.896969 0 -0.360992 -0.932569 0 
0.360992 -0.932569 0 0.411175 -0.911556 0 0.442093 -0.896969 0 
-0.509546 -0.860443 0 -0.531583 -0.847006 0 -0.460438 -0.887692 0 
0.460438 -0.887692 0 0.509546 -0.860443 0 0.531583 -0.847006 0 
-0.557828 -0.829956 0 -0.603079 -0.797681 0 0.557828 -0.829956 0 
0.603079 -0.797681 0 -0.653989 -0.756504 0 -0.661824 -0.749659 0 
-0.605981 -0.795479 0 0.605981 -0.795479 0 0.653989 -0.756504 0 
0.661824 -0.749659 0 -0.701815 -0.712359 0 -0.712359 -0.701815 0 
0.701815 -0.712359 0 0.712359 -0.701815 0 -0.749659 -0.661824 0 
-0.756504 -0.653989 0 0.749659 -0.661824 0 0.756504 -0.653989 0 
-0.795479 -0.605981 0 0.795479 -0.605981 0 -0.797681 -0.603079 0 
-0.829956 -0.557828 0 0.797681 -0.603079 0 0.829956 -0.557828 0 
-0.847006 -0.531583 0 -0.860443 -0.509546 0 0.847006 -0.531583 0 
0.860443 -0.509546 0 -0.887692 -0.460438 0 0.887692 -0.460438 0 
-0.896969 -0.442093 0 -0.911556 -0.411175 0 0.896969 -0.442093 0 
0.911556 -0.411175 0 -0.932569 -0.360992 0 0.932569 -0.360992 0 
-0.948365 -0.31718 0 -0.950399 -0.311035 0 0.948365 -0.31718 0 
0.950399 -0.311035 0 -0.965668 -0.25978 0 0.965668 -0.25978 0 
-0.978077 -0.208246 0 0.978077 -0.208246 0 -0.987669 -0.156555 0 
0.987669 -0.156555 0 -0.994512 -0.104621 0 0.994512 -0.104621 0 
-0.998626 -0.052404 0 0.998626 -0.052404 0 -1 -1.98732e-17 0 
1 -9.93661e-18 0 -0.998626 0.052404 0 0.998626 0.052404 0 
-0.994512 0.104621 0 0.994512 0.104621 0 -0.987669 0.156555 0 
0.987669 0.156555 0 -0.978077 0.208246 0 0.978077 0.208246 0 
-0.965668 0.25978 0 0.965668 0.25978 0 -0.950399 0.311035 0 
0.950399 0.311035 0 -0.948365 0.31718 0 -0.932569 0.360992 0 
0.932569 0.360992 0 0.948365 0.31718 0 -0.911556 0.411175 0 
0.911556 0.411175 0 -0.896969 0.442093 0 -0.887692 0.460438 0 
0.887692 0.460438 0 0.896969 0.442093 0 -0.860443 0.509546 0 
0.860443 0.509546 0 -0.847006 0.531583 0 -0.829956 0.557828 0 
0.829956 0.557828 0 0.847006 0.531583 0 -0.797681 0.603079 0 
-0.795479 0.605981 0 0.795479 0.605981 0 0.797681 0.603079 0 
-0.756504 0.653989 0 0.756504 0.653989 0 -0.749659 0.661824 0 
-0.712359 0.701815 0 0.712359 0.701815 0 0.749659 0.661824 0 
-0.701815 0.712359 0 -0.661824 0.749659 0 0.661824 0.749659 0 
0.701815 0.712359 0 -0.653989 0.756504 0 -0.605981 0.795479 0 
-0.603079 0.797681 0 0.603079 0.797681 0 0.605981 0.795479 0 
0.653989 0.756504 0 -0.557828 0.829956 0 -0.531583 0.847006 0 
0.531583 0.847006 0 0.557828 0.829956 0 -0.509546 0.860443 0 
-0.460438 0.887692 0 -0.442093 0.896969 0 0.442093 0.896969 0 
0.460438 0.887692 0 0.509546 0.860443 0 -0.411175 0.911556 0 
-0.360992 0.932569 0 -0.31718 0.948365 0 0.31718 0.948365 0 
0.360992 0.932569 0 0.411175 0.911556 0 -0.311035 0.950399 0 
-0.25978 0.965668 0 -0.208246 0.978077 0 -0.156555 0.987669 0 
-0.104621 0.994512 0 -0.052404 0.998626 0 1.30761e-16 1 0 
0.052404 0.998626 0 0.104621 0.994512 0 0.156555 0.987669 0 
0.208246 0.978077 0 0.25978 0.965668 0 0.311035 0.950399 0 
-0.311035 -0.950399 0 -0.31718 -0.948365 0 -0.25978 -0.965668 0 
-0.208246 -0.978077 0 -0.156555 -0.987669 0 -0.104621 -0.994512 0 
-0.052404 -0.998626 0 -1.20824e-16 -1 0 0.052404 -0.998626 0 
0.104621 -0.994512 0 0.156555 -0.987669 0 0.208246 -0.978077 0 
0.25978 -0.965668 0 0.311035 -0.950399 0 0.31718 -0.948365 0 
-0.411175 -0.911556 0 -0.442093 -0.896969 0 -0.360992 -0.932569 0 
0.360992 -0.932569 0 0.411175 -0.911556 0 0.442093 -0.896969 0 
-0.509546 -0.860443 0 -0.531583 -0.847006 0 -0.460438 -0.887692 0 
0.460438 -0.887692 0 0.509546 -0.860443 0 0.531583 -0.847006 0 
-0.557828 -0.829956 0 -0.603079 -0.797681 0 0.557828 -0.829956 0 
0.603079 -0.797681 0 -0.653989 -0.756504 0 -0.661824 -0.749659 0 
-0.605981 -0.795479 0 0.605981 -0.795479 0 0.653989 -0.756504 0 
0.661824 -0.749659 0 -0.701815 -0.712359 0 -0.712359 -0.701815 0 
0.701815 -0.712359 0 0.712359 -0.701815 0 -0.749659 -0.661824 0 
-0.756504 -0.653989 0 0.749659 -0.661824 0 0.756504 -0.653989 0 
-0.795479 -0.605981 0 0.795479 -0.605981 0 -0.797681 -0.603079 0 
-0.829956 -0.557828 0 0.797681 -0.603079 0 0.829956 -0.557828 0 
-0.847006 -0.531583 0 -0.860443 -0.509546 0 0.847006 -0.531583 0 
0.860443 -0.509546 0 -0.887692 -0.460438 0 0.887692 -0.460438 0 
-0.896969 -0.442093 0 -0.911556 -0.411175 0 0.896969 -0.442093 0 
0.911556 -0.411175 0 -0.932569 -0.360992 0 0.932569 -0.360992 0 
-0.948365 -0.31718 0 -0.950399 -0.311035 0 0.948365 -0.31718 0 
0.950399 -0.311035 0 -0.965668 -0.25978 0 0.965668 -0.25978 0 
-0.978077 -0.208246 0 0.978077 -0.208246 0 -0.987669 -0.156555 0 
0.987669 -0.156555 0 -0.994512 -0.104621 0 0.994512 -0.104621 0 
-0.998626 -0.052404 0 0.998626 -0.052404 0 -1 -1.98732e-17 0 
1 -9.93661e-18 0 -0.998626 0.052404 0 0.998626 0.052404 0 
-0.994512 0.104621 0 0.994512 0.104621 0 -0.987669 0.156555 0 
0.987669 0.156555 0 -0.978077 0.208246 0 0.978077 0.208246 0 
-0.965668 0.25978 0 0.965668 0.25978 0 -0.950399 0.311035 0 
0.950399 0.311035 0 -0.948365 0.31718 0 -0.932569 0.360992 0 
0.932569 0.360992 0 0.948365 0.31718 0 -0.911556 0.411175 0 
0.911556 0.411175 0 -0.896969 0.442093 0 -0.887692 0.460438 0 
0.887692 0.460438 0 0.896969 0.442093 0 -0.860443 0.509546 0 
0.860443 0.509546 0 -0.847006 0.531583 0 -0.829956 0.557828 0 
0.829956 0.557828 0 0.847006 0.531583 0 -0.797681 0.603079 0 
-0.795479 0.605981 0 0.795479 0.605981 0 0.797681 0.603079 0 
-0.756504 0.653989 0 0.756504 0.653989 0 -0.749659 0.661824 0 
-0.712359 0.701815 0 0.712359 0.701815 0 0.749659 0.661824 0 
-0.701815 0.712359 0 -0.661824 0.749659 0 0.661824 0.749659 0 
0.701815 0.712359 0 -0.653989 0.756504 0 -0.605981 0.795479 0 
-0.603079 0.797681 0 0.603079 0.797681 0 0.605981 0.795479 0 
0.653989 0.756504 0 -0.557828 0.829956 0 -0.531583 0.847006 0 
0.531583 0.847006 0 0.557828 0.829956 0 -0.509546 0.860443 0 
-0.460438 0.887692 0 -0.442093 0.896969 0 0.442093 0.896969 0 
0.460438 0.887692 0 0.509546 0.860443 0 -0.411175 0.911556 0 
-0.360992 0.932569 0 -0.31718 0.948365 0 0.31718 0.948365 0 
0.360992 0.932569 0 0.411175 0.911556 0 -0.311035 0.950399 0 
-0.25978 0.965668 0 -0.208246 0.978077 0 -0.156555 0.987669 0 
-0.104621 0.994512 0 -0.052404 0.998626 0 1.30761e-16 1 0 
0.052404 0.998626 0 0.104621 0.994512 0 0.156555 0.987669 0 
0.208246 0.978077 0 0.25978 0.965668 0 0.311035 0.950399 0 
-0.311035 -0.950399 0 -0.31718 -0.948365 0 -0.25978 -0.965668 0 
-0.208246 -0.978077 0 -0.156555 -0.987669 0 -0.104621 -0.994512 0 
-0.052404 -0.998626 0 -1.20824e-16 -1 0 0.052404 -0.998626 0 
0.104621 -0.994512 0 0.156555 -0.987669 0 0.208246 -0.978077 0 
0.25978 -0.965668 0 0.311035 -0.950399 0 0.31718 -0.948365 0 
-0.411175 -0.911556 0 -0.442093 -0.896969 0 -0.360992 -0.932569 0 
0.360992 -0.932569 0 0.411175 -0.911556 0 0.442093 -0.896969 0 
-0.509546 -0.860443 0 -0.531583 -0.847006 0 -0.460438 -0.887692 0 
0.460438 -0.887692 0 0.509546 -0.860443 0 0.531583 -0.847006 0 
-0.557828 -0.829956 0 -0.603079 -0.797681 0 0.557828 -0.829956 0 
0.603079 -0.797681 0 -0.653989 -0.756504 0 -0.661824 -0.749659 0 
-0.605981 -0.795479 0 0.605981 -0.795479 0 0.653989 -0.756504 0 
0.661824 -0.749659 0 -0.701815 -0.712359 0 -0.712359 -0.701815 0 
0.701815 -0.712359 0 0.712359 -0.701815 0 -0.749659 -0.661824 0 
-0.756504 -0.653989 0 0.749659 -0.661824 0 0.756504 -0.653989 0 
-0.795479 -0.605981 0 0.795479 -0.605981 0 -0.797681 -0.603079 0 
-0.829956 -0.557828 0 0.797681 -0.603079 0 0.829956 -0.557828 0 
-0.847006 -0.531583 0 -0.860443 -0.509546 0 0.847006 -0.531583 0 
0.860443 -0.509546 0 -0.887692 -0.460438 0 0.887692 -0.460438 0 
-0.896969 -0.442093 0 -0.911556 -0.411175 0 0.896969 -0.442093 0 
0.911556 -0.411175 0 -0.932569 -0.360992 0 0.932569 -0.360992 0 
-0.948365 -0.31718 0 -0.950399 -0.311035 0 0.948365 -0.31718 0 
0.950399 -0.311035 0 -0.965668 -0.25978 0 0.965668 -0.25978 0 
-0.978077 -0.208246 0 0.978077 -0.208246 0 -0.987669 -0.156555 0 
0.987669 -0.156555 0 -0.994512 -0.104621 0 0.994512 -0.104621 0 
-0.998626 -0.052404 0 0.998626 -0.052404 0 -1 -1.98732e-17 0 
1 -9.93661e-18 0 -0.998626 0.052404 0 0.998626 0.052404 0 
-0.994512 0.104621 0 0.994512 0.104621 0 -0.987669 0.156555 0 
0.987669 0.156555 0 -0.978077 0.208246 0 0.978077 0.208246 0 
-0.965668 0.25978 0 0.965668 0.25978 0 -0.950399 0.311035 0 
0.950399 0.311035 0 -0.948365 0.31718 0 -0.932569 0.360992 0 
0.932569 0.360992 0 0.948365 0.31718 0 -0.911556 0.411175 0 
0.911556 0.411175 0 -0.896969 0.442093 0 -0.887692 0.460438 0 
0.887692 0.460438 0 0.896969 0.442093 0 -0.860443 0.509546 0 
0.860443 0.509546 0 -0.847006 0.531583 0 -0.829956 0.557828 0 
0.829956 0.557828 0 0.847006 0.531583 0 -0.797681 0.603079 0 
-0.795479 0.605981 0 0.795479 0.605981 0 0.797681 0.603079 0 
-0.756504 0.653989 0 0.756504 0.653989 0 -0.749659 0.661824 0 
-0.712359 0.701815 0 0.712359 0.701815 0 0.749659 0.661824 0 
-0.701815 0.712359 0 -0.661824 0.749659 0 0.661824 0.749659 0 
0.701815 0.712359 0 -0.653989 0.756504 0 -0.605981 0.795479 0 
-0.603079 0.797681 0 0.603079 0.797681 0 0.605981 0.795479 0 
0.653989 0.756504 0 -0.557828 0.829956 0 -0.531583 0.847006 0 
0.531583 0.847006 0 0.557828 0.829956 0 -0.509546 0.860443 0 
-0.460438 0.887692 0 -0.442093 0.896969 0 0.442093 0.896969 0 
0.460438 0.887692 0 0.509546 0.860443 0 -0.411175 0.911556 0 
-0.360992 0.932569 0 -0.31718 0.948365 0 0.31718 0.948365 0 
0.360992 0.932569 0 0.411175 0.911556 0 -0.311035 0.950399 0 
-0.25978 0.965668 0 -0.208246 0.978077 0 -0.156555 0.987669 0 
-0.104621 0.994512 0 -0.052404 0.998626 0 1.30761e-16 1 0 
0.052404 0.998626 0 0.104621 0.994512 0 0.156555 0.987669 0 
0.208246 0.978077 0 0.25978 0.965668 0 0.311035 0.950399 0 
-0.311035 -0.950399 0 -0.31718 -0.948365 0 -0.25978 -0.965668 0 
-0.208246 -0.978077 0 -0.156555 -0.987669 0 -0.104621 -0.994512 0 
-0.052404 -0.998626 0 -1.20824e-16 -1 0 0.052404 -0.998626 0 
0.104621 -0.994512 0 0.156555 -0.987669 0 0.208246 -0.978077 0 
0.25978 -0.965668 0 0.311035 -0.950399 0 0.31718 -0.948365 0 
-0.411175 -0.911556 0 -0.442093 -0.896969 0 -0.360992 -0.932569 0 
0.360992 -0.932569 0 0.411175 -0.911556 0 0.442093 -0.896969 0 
-0.509546 -0.860443 0 -0.531583 -0.847006 0 -0.460438 -0.887692 0 
0.460438 -0.887692 0 0.509546 -0.860443 0 0.531583 -0.847006 0 
-0.557828 -0.829956 0 -0.603079 -0.797681 0 0.557828 -0.829956 0 
0.603079 -0.797681 0 -0.653989 -0.756504 0 -0.661824 -0.749659 0 
-0.605981 -0.795479 0 0.605981 -0.795479 0 0.653989 -0.756504 0 
0.661824 -0.749659 0 -0.701815 -0.712359 0 -0.712359 -0.701815 0 
0.701815 -0.712359 0 0.712359 -0.701815 0 -0.749659 -0.661824 0 
-0.756504 -0.653989 0 0.749659 -0.661824 0 0.756504 -0.653989 0 
-0.795479 -0.605981 0 0.795479 -0.605981 0 -0.797681 -0.603079 0 
-0.829956 -0.557828 0 0.797681 -0.603079 0 0.829956 -0.557828 0 
-0.847006 -0.531583 0 -0.860443 -0.509546 0 0.847006 -0.531583 0 
0.860443 -0.509546 0 -0.887692 -0.460438 0 0.887692 -0.460438 0 
-0.896969 -0.442093 0 -0.911556 -0.411175 0 0.896969 -0.442093 0 
0.911556 -0.411175 0 -0.932569 -0.360992 0 0.932569 -0.360992 0 
-0.948365 -0.31718 0 -0.950399 -0.311035 0 0.948365 -0.31718 0 
0.950399 -0.311035 0 -0.965668 -0.25978 0 0.965668 -0.25978 0 
-0.978077 -0.208246 0 0.978077 -0.208246 0 -0.987669 -0.156555 0 
0.987669 -0.156555 0 -0.994512 -0.104621 0 0.994512 -0.104621 0 
-0.998626 -0.052404 0 0.998626 -0.052404 0 -1 -1.98732e-17 0 
1 -9.93661e-18 0 -0.998626 0.052404 0 0.998626 0.052404 0 
-0.994512 0.104621 0 0.994512 0.104621 0 -0.987669 0.156555 0 
0.987669 0.156555 0 -0.978077 0.208246 0 0.978077 0.208246 0 
-0.965668 0.25978 0 0.965668 0.25978 0 -0.950399 0.311035 0 
0.950399 0.311035 0 -0.948365 0.31718 0 -0.932569 0.360992 0 
0.932569 0.360992 0 0.948365 0.31718 0 -0.911556 0.411175 0 
0.911556 0.411175 0 -0.896969 0.442093 0 -0.887692 0.460438 0 
0.887692 0.460438 0 0.896969 0.442093 0 -0.860443 0.509546 0 
0.860443 0.509546 0 -0.847006 0.531583 0 -0.829956 0.557828 0 
0.829956 0.557828 0 0.847006 0.531583 0 -0.797681 0.603079 0 
-0.795479 0.605981 0 0.795479 0.605981 0 0.797681 0.603079 0 
-0.756504 0.653989 0 0.756504 0.653989 0 -0.749659 0.661824 0 
-0.712359 0.701815 0 0.712359 0.701815 0 0.749659 0.661824 0 
-0.701815 0.712359 0 -0.661824 0.749659 0 0.661824 0.749659 0 
0.701815 0.712359 0 -0.653989 0.756504 0 -0.605981 0.795479 0 
-0.603079 0.797681 0 0.603079 0.797681 0 0.605981 0.795479 0 
0.653989 0.756504 0 -0.557828 0.829956 0 -0.531583 0.847006 0 
0.531583 0.847006 0 0.557828 0.829956 0 -0.509546 0.860443 0 
-0.460438 0.887692 0 -0.442093 0.896969 0 0.442093 0.896969 0 
0.460438 0.887692 0 0.509546 0.860443 0 -0.411175 0.911556 0 
-0.360992 0.932569 0 -0.31718 0.948365 0 0.31718 0.948365 0 
0.360992 0.932569 0 0.411175 0.911556 0 -0.311035 0.950399 0 
-0.25978 0.965668 0 -0.208246 0.978077 0 -0.156555 0.987669 0 
-0.104621 0.994512 0 -0.052404 0.998626 0 1.30761e-16 1 0 
0.052404 0.998626 0 0.104621 0.994512 0 0.156555 0.987669 0 
0.208246 0.978077 0 0.25978 0.965668 0 0.311035 0.950399 0 
-0.311035 -0.950399 0 -0.31718 -0.948365 0 -0.25978 -0.965668 0 
-0.208246 -0.978077 0 -0.156555 -0.987669 0 -0.104621 -0.994512 0 
-0.052404 -0.998626 0 -1.20824e-16 -1 0 0.052404 -0.998626 0 
0.104621 -0.994512 0 0.156555 -0.987669 0 0.208246 -0.978077 0 
0.25978 -0.965668 0 0.311035 -0.950399 0 0.31718 -0.948365 0 
-0.411175 -0.911556 0 -0.442093 -0.896969 0 -0.360992 -0.932569 0 
0.360992 -0.932569 0 0.411175 -0.911556 0 0.442093 -0.896969 0 
-0.509546 -0.860443 0 -0.531583 -0.847006 0 -0.460438 -0.887692 0 
0.460438 -0.887692 0 0.509546 -0.860443 0 0.531583 -0.847006 0 
-0.557828 -0.829956 0 -0.603079 -0.797681 0 0.557828 -0.829956 0 
0.603079 -0.797681 0 -0.653989 -0.756504 0 -0.661824 -0.749659 0 
-0.605981 -0.795479 0 0.605981 -0.795479 0 0.653989 -0.756504 0 
0.661824 -0.749659 0 -0.701815 -0.712359 0 -0.712359 -0.701815 0 
0.701815 -0.712359 0 0.712359 -0.701815 0 -0.749659 -0.661824 0 
-0.756504 -0.653989 0 0.749659 -0.661824 0 0.756504 -0.653989 0 
-0.795479 -0.605981 0 0.795479 -0.605981 0 -0.797681 -0.603079 0 
-0.829956 -0.557828 0 0.797681 -0.603079 0 0.829956 -0.557828 0 
-0.847006 -0.531583 0 -0.860443 -0.509546 0 0.847006 -0.531583 0 
0.860443 -0.509546 0 -0.887692 -0.460438 0 0.887692 -0.460438 0 
-0.896969 -0.442093 0 -0.911556 -0.411175 0 0.896969 -0.442093 0 
0.911556 -0.411175 0 -0.932569 -0.360992 0 0.932569 -0.360992 0 
-0.948365 -0.31718 0 -0.950399 -0.311035 0 0.948365 -0.31718 0 
0.950399 -0.311035 0 -0.965668 -0.25978 0 0.965668 -0.25978 0 
-0.978077 -0.208246 0 0.978077 -0.208246 0 -0.987669 -0.156555 0 
0.987669 -0.156555 0 -0.994512 -0.104621 0 0.994512 -0.104621 0 
-0.998626 -0.052404 0 0.998626 -0.052404 0 -1 -1.98732e-17 0 
1 -9.93661e-18 0 -0.998626 0.052404 0 0.998626 0.052404 0 
-0.994512 0.104621 0 0.994512 0.104621 0 -0.987669 0.156555 0 
0.987669 0.156555 0 -0.978077 0.208246 0 0.978077 0.208246 0 
-0.965668 0.25978 0 0.965668 0.25978 0 -0.950399 0.311035 0 
0.950399 0.311035 0 -0.948365 0.31718 0 -0.932569 0.360992 0 
0.932569 0.360992 0 0.948365 0.31718 0 -0.911556 0.411175 0 
0.911556 0.411175 0 -0.896969 0.442093 0 -0.887692 0.460438 0 
0.887692 0.460438 0 0.896969 0.442093 0 -0.860443 0.509546 0 
0.860443 0.509546 0 -0.847006 0.531583 0 -0.829956 0.557828 0 
0.829956 0.557828 0 0.847006 0.531583 0 -0.797681 0.603079 0 
-0.795479 0.605981 0 0.795479 0.605981 0 0.797681 0.603079 0 
-0.756504 0.653989 0 0.756504 0.653989 0 -0.749659 0.661824 0 
-0.712359 0.701815 0 0.712359 0.701815 0 0.749659 0.661824 0 
-0.701815 0.712359 0 -0.661824 0.749659 0 0.661824 0.749659 0 
0.701815 0.712359 0 -0.653989 0.756504 0 -0.605981 0.795479 0 
-0.603079 0.797681 0 0.603079 0.797681 0 0.605981 0.795479 0 
0.653989 0.756504 0 -0.557828 0.829956 0 -0.531583 0.847006 0 
0.531583 0.847006 0 0.557828 0.829956 0 -0.509546 0.860443 0 
-0.460438 0.887692 0 -0.442093 0.896969 0 0.442093 0.896969 0 
0.460438 0.887692 0 0.509546 0.860443 0 -0.411175 0.911556 0 
-0.360992 0.932569 0 -0.31718 0.948365 0 0.31718 0.948365 0 
0.360992 0.932569 0 0.411175 0.911556 0 -0.311035 0.950399 0 
-0.25978 0.965668 0 -0.208246 0.978077 0 -0.156555 0.987669 0 
-0.104621 0.994512 0 -0.052404 0.998626 0 1.30761e-16 1 0 
0.052404 0.998626 0 0.104621 0.994512 0 0.156555 0.987669 0 
0.208246 0.978077 0 0.25978 0.965668 0 0.311035 0.950399 0 
-0.311035 -0.950399 0 -0.31718 -0.948365 0 -0.25978 -0.965668 0 
-0.208246 -0.978077 0 -0.156555 -0.987669 0 -0.104621 -0.994512 0 
-0.052404 -0.998626 0 -1.20824e-16 -1 0 0.052404 -0.998626 0 
0.104621 -0.994512 0 0.156555 -0.987669 0 0.208246 -0.978077 0 
0.25978 -0.965668 0 0.311035 -0.950399 0 0.31718 -0.948365 0 
-0.411175 -0.911556 0 -0.442093 -0.896969 0 -0.360992 -0.932569 0 
0.360992 -0.932569 0 0.411175 -0.911556 0 0.442093 -0.896969 0 
-0.509546 -0.860443 0 -0.531583 -0.847006 0 -0.460438 -0.887692 0 
0.460438 -0.887692 0 0.509546 -0.860443 0 0.531583 -0.847006 0 
-0.557828 -0.829956 0 -0.603079 -0.797681 0 0.557828 -0.829956 0 
0.603079 -0.797681 0 -0.653989 -0.756504 0 -0.661824 -0.749659 0 
-0.605981 -0.795479 0 0.605981 -0.795479 0 0.653989 -0.756504 0 
0.661824 -0.749659 0 -0.701815 -0.712359 0 -0.712359 -0.701815 0 
0.701815 -0.712359 0 0.712359 -0.701815 0 -0.749659 -0.661824 0 
-0.756504 -0.653989 0 0.749659 -0.661824 0 0.756504 -0.653989 0 
-0.795479 -0.605981 0 0.795479 -0.605981 0 -0.797681 -0.603079 0 
-0.829956 -0.557828 0 0.797681 -0.603079 0 0.829956 -0.557828 0 
-0.847006 -0.531583 0 -0.860443 -0.509546 0 0.847006 -0.531583 0 
0.860443 -0.509546 0 -0.887692 -0.460438 0 0.887692 -0.460438 0 
-0.896969 -0.442093 0 -0.911556 -0.411175 0 0.896969 -0.442093 0 
0.911556 -0.411175 0 -0.932569 -0.360992 0 0.932569 -0.360992 0 
-0.948365 -0.31718 0 -0.950399 -0.311035 0 0.948365 -0.31718 0 
0.950399 -0.311035 0 -0.965668 -0.25978 0 0.965668 -0.25978 0 
-0.978077 -0.208246 0 0.978077 -0.208246 0 -0.987669 -0.156555 0 
0.987669 -0.156555 0 -0.994512 -0.104621 0 0.994512 -0.104621 0 
-0.998626 -0.052404 0 0.998626 -0.052404 0 -1 -1.98732e-17 0 
1 -9.93661e-18 0 -0.998626 0.052404 0 0.998626 0.052404 0 
-0.994512 0.104621 0 0.994512 0.104621 0 -0.987669 0.156555 0 
0.987669 0.156555 0 -0.978077 0.208246 0 0.978077 0.208246 0 
-0.965668 0.25978 0 0.965668 0.25978 0 -0.950399 0.311035 0 
0.950399 0.311035 0 -0.948365 0.31718 0 -0.932569 0.360992 0 
0.932569 0.360992 0 0.948365 0.31718 0 -0.911556 0.411175 0 
0.911556 0.411175 0 -0.896969 0.442093 0 -0.887692 0.460438 0 
0.887692 0.460438 0 0.896969 0.442093 0 -0.860443 0.509546 0 
0.860443 0.509546 0 -0.847006 0.531583 0 -0.829956 0.557828 0 
0.829956 0.557828 0 0.847006 0.531583 0 -0.797681 0.603079 0 
-0.795479 0.605981 0 0.795479 0.605981 0 0.797681 0.603079 0 
-0.756504 0.653989 0 0.756504 0.653989 0 -0.749659 0.661824 0 
-0.712359 0.701815 0 0.712359 0.701815 0 0.749659 0.661824 0 
-0.701815 0.712359 0 -0.661824 0.749659 0 0.661824 0.749659 0 
0.701815 0.712359 0 -0.653989 0.756504 0 -0.605981 0.795479 0 
-0.603079 0.797681 0 0.603079 0.797681 0 0.605981 0.795479 0 
0.653989 0.756504 0 -0.557828 0.829956 0 -0.531583 0.847006 0 
0.531583 0.847006 0 0.557828 0.829956 0 -0.509546 0.860443 0 
-0.460438 0.887692 0 -0.442093 0.896969 0 0.442093 0.896969 0 
0.460438 0.887692 0 0.509546 0.860443 0 -0.411175 0.911556 0 
-0.360992 0.932569 0 -0.31718 0.948365 0 0.31718 0.948365 0 
0.360992 0.932569 0 0.411175 0.911556 0 -0.311035 0.950399 0 
-0.25978 0.965668 0 -0.208246 0.978077 0 -0.156555 0.987669 0 
-0.104621 0.994512 0 -0.052404 0.998626 0 1.30761e-16 1 0 
0.052404 0.998626 0 0.104621 0.994512 0 0.156555 0.987669 0 
0.208246 0.978077 0 0.25978 0.965668 0 0.311035 0.950399 0 
-0.311035 -0.950399 0 -0.31718 -0.948365 0 -0.25978 -0.965668 0 
-0.208246 -0.978077 0 -0.156555 -0.987669 0 -0.104621 -0.994512 0 
-0.052404 -0.998626 0 -1.20824e-16 -1 0 0.052404 -0.998626 0 
0.104621 -0.994512 0 0.156555 -0.987669 0 0.208246 -0.978077 0 
0.25978 -0.965668 0 0.311035 -0.950399 0 0.31718 -0.948365 0 
-0.411175 -0.911556 0 -0.442093 -0.896969 0 -0.360992 -0.932569 0 
0.360992 -0.932569 0 0.411175 -0.911556 0 0.442093 -0.896969 0 
-0.509546 -0.860443 0 -0.531583 -0.847006 0 -0.460438 -0.887692 0 
0.460438 -0.887692 0 0.509546 -0.860443 0 0.531583 -0.847006 0 
-0.557828 -0.829956 0 -0.603079 -0.797681 0 0.557828 -0.829956 0 
0.603079 -0.797681 0 -0.653989 -0.756504 0 -0.661824 -0.749659 0 
-0.605981 -0.795479 0 0.605981 -0.795479 0 0.653989 -0.756504 0 
0.661824 -0.749659 0 -0.701815 -0.712359 0 -0.712359 -0.701815 0 
0.701815 -0.712359 0 0.712359 -0.701815 0 -0.749659 -0.661824 0 
-0.756504 -0.653989 0 0.749659 -0.661824 0 0.756504 -0.653989 0 
-0.795479 -0.605981 0 0.795479 -0.605981 0 -0.797681 -0.603079 0 
-0.829956 -0.557828 0 0.797681 -0.603079 0 0.829956 -0.557828 0 
-0.847006 -0.531583 0 -0.860443 -0.509546 0 0.847006 -0.531583 0 
0.860443 -0.509546 0 -0.887692 -0.460438 0 0.887692 -0.460438 0 
-0.896969 -0.442093 0 -0.911556 -0.411175 0 0.896969 -0.442093 0 
0.911556 -0.411175 0 -0.932569 -0.360992 0 0.932569 -0.360992 0 
-0.948365 -0.31718 0 -0.950399 -0.311035 0 0.948365 -0.31718 0 
0.950399 -0.311035 0 -0.965668 -0.25978 0 0.965668 -0.25978 0 
-0.978077 -0.208246 0 0.978077 -0.208246 0 -0.987669 -0.156555 0 
0.987669 -0.156555 0 -0.994512 -0.104621 0 0.994512 -0.104621 0 
-0.998626 -0.052404 0 0.998626 -0.052404 0 -1 -1.98732e-17 0 
1 -9.93661e-18 0 -0.998626 0.052404 0 0.998626 0.052404 0 
-0.994512 0.104621 0 0.994512 0.104621 0 -0.987669 0.156555 0 
0.987669 0.156555 0 -0.978077 0.208246 0 0.978077 0.208246 0 
-0.965668 0.25978 0 0.965668 0.25978 0 -0.950399 0.311035 0 
0.950399 0.311035 0 -0.948365 0.31718 0 -0.932569 0.360992 0 
0.932569 0.360992 0 0.948365 0.31718 0 -0.911556 0.411175 0 
0.911556 0.411175 0 -0.896969 0.442093 0 -0.887692 0.460438 0 
0.887692 0.460438 0 0.896969 0.442093 0 -0.860443 0.509546 0 
0.860443 0.509546 0 -0.847006 0.531583 0 -0.829956 0.557828 0 
0.829956 0.557828 0 0.847006 0.531583 0 -0.797681 0.603079 0 
-0.795479 0.605981 0 0.795479 0.605981 0 0.797681 0.603079 0 
-0.756504 0.653989 0 0.756504 0.653989 0 -0.749659 0.661824 0 
-0.712359 0.701815 0 0.712359 0.701815 0 0.749659 0.661824 0 
-0.701815 0.712359 0 -0.661824 0.749659 0 0.661824 0.749659 0 
0.701815 0.712359 0 -0.653989 0.756504 0 -0.605981 0.795479 0 
-0.603079 0.797681 0 0.603079 0.797681 0 0.605981 0.795479 0 
0.653989 0.756504 0 -0.557828 0.829956 0 -0.531583 0.847006 0 
0.531583 0.847006 0 0.557828 0.829956 0 -0.509546 0.860443 0 
-0.460438 0.887692 0 -0.442093 0.896969 0 0.442093 0.896969 0 
0.460438 0.887692 0 0.509546 0.860443 0 -0.411175 0.911556 0 
-0.360992 0.932569 0 -0.31718 0.948365 0 0.31718 0.948365 0 
0.360992 0.932569 0 0.411175 0.911556 0 -0.311035 0.950399 0 
-0.25978 0.965668 0 -0.208246 0.978077 0 -0.156555 0.987669 0 
-0.104621 0.994512 0 -0.052404 0.998626 0 1.30761e-16 1 0 
0.052404 0.998626 0 0.104621 0.994512 0 0.156555 0.987669 0 
0.208246 0.978077 0 0.25978 0.965668 0 0.311035 0.950399 0 
-0.311035 -0.950399 0 -0.31718 -0.948365 0 -0.25978 -0.965668 0 
-0.208246 -0.978077 0 -0.156555 -0.987669 0 -0.104621 -0.994512 0 
-0.052404 -0.998626 0 -1.20824e-16 -1 0 0.052404 -0.998626 0 
0.104621 -0.994512 0 0.156555 -0.987669 0 0.208246 -0.978077 0 
0.25978 -0.965668 0 0.311035 -0.950399 0 0.31718 -0.948365 0 
-0.411175 -0.911556 0 -0.442093 -0.896969 0 -0.360992 -0.932569 0 
0.360992 -0.932569 0 0.411175 -0.911556 0 0.442093 -0.896969 0 
-0.509546 -0.860443 0 -0.531583 -0.847006 0 -0.460438 -0.887692 0 
0.460438 -0.887692 0 0.509546 -0.860443 0 0.531583 -0.847006 0 
-0.557828 -0.829956 0 -0.603079 -0.797681 0 0.557828 -0.829956 0 
0.603079 -0.797681 0 -0.653989 -0.756504 0 -0.661824 -0.749659 0 
-0.605981 -0.795479 0 0.605981 -0.795479 0 0.653989 -0.756504 0 
0.661824 -0.749659 0 -0.701815 -0.712359 0 -0.712359 -0.701815 0 
0.701815 -0.712359 0 0.712359 -0.701815 0 -0.749659 -0.661824 0 
-0.756504 -0.653989 0 0.749659 -0.661824 0 0.756504 -0.653989 0 
-0.795479 -0.605981 0 0.795479 -0.605981 0 -0.797681 -0.603079 0 
-0.829956 -0.557828 0 0.797681 -0.603079 0 0.829956 -0.557828 0 
-0.847006 -0.531583 0 -0.860443 -0.509546 0 0.847006 -0.531583 0 
0.860443 -0.509546 0 -0.887692 -0.460438 0 0.887692 -0.460438 0 
-0.896969 -0.442093 0 -0.911556 -0.411175 0 0.896969 -0.442093 0 
0.911556 -0.411175 0 -0.932569 -0.360992 0 0.932569 -0.360992 0 
-0.948365 -0.31718 0 -0.950399 -0.311035 0 0.948365 -0.31718 0 
0.950399 -0.311035 0 -0.965668 -0.25978 0 0.965668 -0.25978 0 
-0.978077 -0.208246 0 0.978077 -0.208246 0 -0.987669 -0.156555 0 
0.987669 -0.156555 0 -0.994512 -0.104621 0 0.994512 -0.104621 0 
-0.998626 -0.052404 0 0.998626 -0.052404 0 -1 -1.98732e-17 0 
1 -9.93661e-18 0 -0.998626 0.052404 0 0.998626 0.052404 0 
-0.994512 0.104621 0 0.994512 0.104621 0 -0.987669 0.156555 0 
0.987669 0.156555 0 -0.978077 0.208246 0 0.978077 0.208246 0 
-0.965668 0.25978 0 0.965668 0.25978 0 -0.950399 0.311035 0 
0.950399 0.311035 0 -0.948365 0.31718 0 -0.932569 0.360992 0 
0.932569 0.360992 0 0.948365 0.31718 0 -0.911556 0.411175 0 
0.911556 0.411175 0 -0.896969 0.442093 0 -0.887692 0.460438 0 
0.887692 0.460438 0 0.896969 0.442093 0 -0.860443 0.509546 0 
0.860443 0.509546 0 -0.847006 0.531583 0 -0.829956 0.557828 0 
0.829956 0.557828 0 0.847006 0.531583 0 -0.797681 0.603079 0 
-0.795479 0.605981 0 0.795479 0.605981 0 0.797681 0.603079 0 
-0.756504 0.653989 0 0.756504 0.653989 0 -0.749659 0.661824 0 
-0.712359 0.701815 0 0.712359 0.701815 0 0.749659 0.661824 0 
-0.701815 0.712359 0 -0.661824 0.749659 0 0.661824 0.749659 0 
0.701815 0.712359 0 -0.653989 0.756504 0 -0.605981 0.795479 0 
-0.603079 0.797681 0 0.603079 0.797681 0 0.605981 0.795479 0 
0.653989 0.756504 0 -0.557828 0.829956 0 -0.531583 0.847006 0 
0.531583 0.847006 0 0.557828 0.829956 0 -0.509546 0.860443 0 
-0.460438 0.887692 0 -0.442093 0.896969 0 0.442093 0.896969 0 
0.460438 0.887692 0 0.509546 0.860443 0 -0.411175 0.911556 0 
-0.360992 0.932569 0 -0.31718 0.948365 0 0.31718 0.948365 0 
0.360992 0.932569 0 0.411175 0.911556 0 -0.311035 0.950399 0 
-0.25978 0.965668 0 -0.208246 0.978077 0 -0.156555 0.987669 0 
-0.104621 0.994512 0 -0.052404 0.998626 0 1.30761e-16 1 0 
0.052404 0.998626 0 0.104621 0.994512 0 0.156555 0.987669 0 
0.208246 0.978077 0 0.25978 0.965668 0 0.311035 0.950399 0 
-0.311035 -0.950399 0 -0.31718 -0.948365 0 -0.25978 -0.965668 0 
-0.208246 -0.978077 0 -0.156555 -0.987669 0 -0.104621 -0.994512 0 
-0.052404 -0.998626 0 -1.20824e-16 -1 0 0.052404 -0.998626 0 
0.104621 -0.994512 0 0.156555 -0.987669 0 0.208246 -0.978077 0 
0.25978 -0.965668 0 0.311035 -0.950399 0 0.31718 -0.948365 0 
-0.411175 -0.911556 0 -0.442093 -0.896969 0 -0.360992 -0.932569 0 
0.360992 -0.932569 0 0.411175 -0.911556 0 0.442093 -0.896969 0 
-0.509546 -0.860443 0 -0.531583 -0.847006 0 -0.460438 -0.887692 0 
0.460438 -0.887692 0 0.509546 -0.860443 0 0.531583 -0.847006 0 
-0.557828 -0.829956 0 -0.603079 -0.797681 0 0.557828 -0.829956 0 
0.603079 -0.797681 0 -0.653989 -0.756504 0 -0.661824 -0.749659 0 
-0.605981 -0.795479 0 0.605981 -0.795479 0 0.653989 -0.756504 0 
0.661824 -0.749659 0 -0.701815 -0.712359 0 -0.712359 -0.701815 0 
0.701815 -0.712359 0 0.712359 -0.701815 0 -0.749659 -0.661824 0 
-0.756504 -0.653989 0 0.749659 -0.661824 0 0.756504 -0.653989 0 
-0.795479 -0.605981 0 0.795479 -0.605981 0 -0.797681 -0.603079 0 
-0.829956 -0.557828 0 0.797681 -0.603079 0 0.829956 -0.557828 0 
-0.847006 -0.531583 0 -0.860443 -0.509546 0 0.847006 -0.531583 0 
0.860443 -0.509546 0 -0.887692 -0.460438 0 0.887692 -0.460438 0 
-0.896969 -0.442093 0 -0.911556 -0.411175 0 0.896969 -0.442093 0 
0.911556 -0.411175 0 -0.932569 -0.360992 0 0.932569 -0.360992 0 
-0.948365 -0.31718 0 -0.950399 -0.311035 0 0.948365 -0.31718 0 
0.950399 -0.311035 0 -0.965668 -0.25978 0 0.965668 -0.25978 0 
-0.978077 -0.208246 0 0.978077 -0.208246 0 -0.987669 -0.156555 0 
0.987669 -0.156555 0 -0.994512 -0.104621 0 0.994512 -0.104621 0 
-0.998626 -0.052404 0 0.998626 -0.052404 0 -1 -1.98732e-17 0 
1 -9.93661e-18 0 -0.998626 0.052404 0 0.998626 0.052404 0 
-0.994512 0.104621 0 0.994512 0.104621 0 -0.987669 0.156555 0 
0.987669 0.156555 0 -0.978077 0.208246 0 0.978077 0.208246 0 
-0.965668 0.25978 0 0.965668 0.25978 0 -0.950399 0.311035 0 
0.950399 0.311035 0 -0.948365 0.31718 0 -0.932569 0.360992 0 
0.932569 0.360992 0 0.948365 0.31718 0 -0.911556 0.411175 0 
0.911556 0.411175 0 -0.896969 0.442093 0 -0.887692 0.460438 0 
0.887692 0.460438 0 0.896969 0.442093 0 -0.860443 0.509546 0 
0.860443 0.509546 0 -0.847006 0.531583 0 -0.829956 0.557828 0 
0.829956 0.557828 0 0.847006 0.531583 0 -0.797681 0.603079 0 
-0.795479 0.605981 0 0.795479 0.605981 0 0.797681 0.603079 0 
-0.756504 0.653989 0 0.756504 0.653989 0 -0.749659 0.661824 0 
-0.712359 0.701815 0 0.712359 0.701815 0 0.749659 0.661824 0 
-0.701815 0.712359 0 -0.661824 0.749659 0 0.661824 0.749659 0 
0.701815 0.712359 0 -0.653989 0.756504 0 -0.605981 0.795479 0 
-0.603079 0.797681 0 0.603079 0.797681 0 0.605981 0.795479 0 
0.653989 0.756504 0 -0.557828 0.829956 0 -0.531583 0.847006 0 
0.531583 0.847006 0 0.557828 0.829956 0 -0.509546 0.860443 0 
-0.460438 0.887692 0 -0.442093 0.896969 0 0.442093 0.896969 0 
0.460438 0.887692 0 0.509546 0.860443 0 -0.411175 0.911556 0 
-0.360992 0.932569 0 -0.31718 0.948365 0 0.31718 0.948365 0 
0.360992 0.932569 0 0.411175 0.911556 0 -0.311035 0.950399 0 
-0.25978 0.965668 0 -0.208246 0.978077 0 -0.156555 0.987669 0 
-0.104621 0.994512 0 -0.052404 0.998626 0 1.30761e-16 1 0 
0.052404 0.998626 0 0.104621 0.994512 0 0.156555 0.987669 0 
0.208246 0.978077 0 0.25978 0.965668 0 0.311035 0.950399 0 
-0.311035 -0.950399 0 -0.31718 -0.948365 0 -0.25978 -0.965668 0 
-0.208246 -0.978077 0 -0.156555 -0.987669 0 -0.104621 -0.994512 0 
-0.052404 -0.998626 0 -1.20824e-16 -1 0 0.052404 -0.998626 0 
0.104621 -0.994512 0 0.156555 -0.987669 0 0.208246 -0.978077 0 
0.25978 -0.965668 0 0.311035 -0.950399 0 0.31718 -0.948365 0 
-0.411175 -0.911556 0 -0.442093 -0.896969 0 -0.360992 -0.932569 0 
0.360992 -0.932569 0 0.411175 -0.911556 0 0.442093 -0.896969 0 
-0.509546 -0.860443 0 -0.531583 -0.847006 0 -0.460438 -0.887692 0 
0.460438 -0.887692 0 0.509546 -0.860443 0 0.531583 -0.847006 0 
-0.557828 -0.829956 0 -0.603079 -0.797681 0 0.557828 -0.829956 0 
0.603079 -0.797681 0 -0.653989 -0.756504 0 -0.661824 -0.749659 0 
-0.605981 -0.795479 0 0.605981 -0.795479 0 0.653989 -0.756504 0 
0.661824 -0.749659 0 -0.701815 -0.712359 0 -0.712359 -0.701815 0 
0.701815 -0.712359 0 0.712359 -0.701815 0 -0.749659 -0.661824 0 
-0.756504 -0.653989 0 0.749659 -0.661824 0 0.756504 -0.653989 0 
-0.795479 -0.605981 0 0.795479 -0.605981 0 -0.797681 -0.603079 0 
-0.829956 -0.557828 0 0.797681 -0.603079 0 0.829956 -0.557828 0 
-0.847006 -0.531583 0 -0.860443 -0.509546 0 0.847006 -0.531583 0 
0.860443 -0.509546 0 -0.887692 -0.460438 0 0.887692 -0.460438 0 
-0.896969 -0.442093 0 -0.911556 -0.411175 0 0.896969 -0.442093 0 
0.911556 -0.411175 0 -0.932569 -0.360992 0 0.932569 -0.360992 0 
-0.948365 -0.31718 0 -0.950399 -0.311035 0 0.948365 -0.31718 0 
0.950399 -0.311035 0 -0.965668 -0.25978 0 0.965668 -0.25978 0 
-0.978077 -0.208246 0 0.978077 -0.208246 0 -0.987669 -0.156555 0 
0.987669 -0.156555 0 -0.994512 -0.104621 0 0.994512 -0.104621 0 
-0.998626 -0.052404 0 0.998626 -0.052404 0 -1 -1.98732e-17 0 
1 -9.93661e-18 0 -0.998626 0.052404 0 0.998626 0.052404 0 
-0.994512 0.104621 0 0.994512 0.104621 0 -0.987669 0.156555 0 
0.987669 0.156555 0 -0.978077 0.208246 0 0.978077 0.208246 0 
-0.965668 0.25978 0 0.965668 0.25978 0 -0.950399 0.311035 0 
0.950399 0.311035 0 -0.948365 0.31718 0 -0.932569 0.360992 0 
0.932569 0.360992 0 0.948365 0.31718 0 -0.911556 0.411175 0 
0.911556 0.411175 0 -0.896969 0.442093 0 -0.887692 0.460438 0 
0.887692 0.460438 0 0.896969 0.442093 0 -0.860443 0.509546 0 
0.860443 0.509546 0 -0.847006 0.531583 0 -0.829956 0.557828 0 
0.829956 0.557828 0 0.847006 0.531583 0 -0.797681 0.603079 0 
-0.795479 0.605981 0 0.795479 0.605981 0 0.797681 0.603079 0 
-0.756504 0.653989 0 0.756504 0.653989 0 -0.749659 0.661824 0 
-0.712359 0.701815 0 0.712359 0.701815 0 0.749659 0.661824 0 
-0.701815 0.712359 0 -0.661824 0.749659 0 0.661824 0.749659 0 
0.701815 0.712359 0 -0.653989 0.756504 0 -0.605981 0.795479 0 
-0.603079 0.797681 0 0.603079 0.797681 0 0.605981 0.795479 0 
0.653989 0.756504 0 -0.557828 0.829956 0 -0.531583 0.847006 0 
0.531583 0.847006 0 0.557828 0.829956 0 -0.509546 0.860443 0 
-0.460438 0.887692 0 -0.442093 0.896969 0 0.442093 0.896969 0 
0.460438 0.887692 0 0.509546 0.860443 0 -0.411175 0.911556 0 
-0.360992 0.932569 0 -0.31718 0.948365 0 0.31718 0.948365 0 
0.360992 0.932569 0 0.411175 0.911556 0 -0.311035 0.950399 0 
-0.25978 0.965668 0 -0.208246 0.978077 0 -0.156555 0.987669 0 
-0.104621 0.994512 0 -0.052404 0.998626 0 1.30761e-16 1 0 
0.052404 0.998626 0 0.104621 0.994512 0 0.156555 0.987669 0 
0.208246 0.978077 0 0.25978 0.965668 0 0.311035 0.950399 0 
-0.311035 -0.950399 0 -0.31718 -0.948365 0 -0.25978 -0.965668 0 
-0.208246 -0.978077 0 -0.156555 -0.987669 0 -0.104621 -0.994512 0 
-0.052404 -0.998626 0 -1.20824e-16 -1 0 0.052404 -0.998626 0 
0.104621 -0.994512 0 0.156555 -0.987669 0 0.208246 -0.978077 0 
0.25978 -0.965668 0 0.311035 -0.950399 0 0.31718 -0.948365 0 
-0.411175 -0.911556 0 -0.442093 -0.896969 0 -0.360992 -0.932569 0 
0.360992 -0.932569 0 0.411175 -0.911556 0 0.442093 -0.896969 0 
-0.509546 -0.860443 0 -0.531583 -0.847006 0 -0.460438 -0.887692 0 
0.460438 -0.887692 0 0.509546 -0.860443 0 0.531583 -0.847006 0 
-0.557828 -0.829956 0 -0.603079 -0.797681 0 0.557828 -0.829956 0 
0.603079 -0.797681 0 -0.653989 -0.756504 0 -0.661824 -0.749659 0 
-0.605981 -0.795479 0 0.605981 -0.795479 0 0.653989 -0.756504 0 
0.661824 -0.749659 0 -0.701815 -0.712359 0 -0.712359 -0.701815 0 
0.701815 -0.712359 0 0.712359 -0.701815 0 -0.749659 -0.661824 0 
-0.756504 -0.653989 0 0.749659 -0.661824 0 0.756504 -0.653989 0 
-0.795479 -0.605981 0 0.795479 -0.605981 0 -0.797681 -0.603079 0 
-0.829956 -0.557828 0 0.797681 -0.603079 0 0.829956 -0.557828 0 
-0.847006 -0.531583 0 -0.860443 -0.509546 0 0.847006 -0.531583 0 
0.860443 -0.509546 0 -0.887692 -0.460438 0 0.887692 -0.460438 0 
-0.896969 -0.442093 0 -0.911556 -0.411175 0 0.896969 -0.442093 0 
0.911556 -0.411175 0 -0.932569 -0.360992 0 0.932569 -0.360992 0 
-0.948365 -0.31718 0 -0.950399 -0.311035 0 0.948365 -0.31718 0 
0.950399 -0.311035 0 -0.965668 -0.25978 0 0.965668 -0.25978 0 
-0.978077 -0.208246 0 0.978077 -0.208246 0 -0.987669 -0.156555 0 
0.987669 -0.156555 0 -0.994512 -0.104621 0 0.994512 -0.104621 0 
-0.998626 -0.052404 0 0.998626 -0.052404 0 -1 -1.98732e-17 0 
1 -9.93661e-18 0 -0.998626 0.052404 0 0.998626 0.052404 0 
-0.994512 0.104621 0 0.994512 0.104621 0 -0.987669 0.156555 0 
0.987669 0.156555 0 -0.978077 0.208246 0 0.978077 0.208246 0 
-0.965668 0.25978 0 0.965668 0.25978 0 -0.950399 0.311035 0 
0.950399 0.311035 0 -0.948365 0.31718 0 -0.932569 0.360992 0 
0.932569 0.360992 0 0.948365 0.31718 0 -0.911556 0.411175 0 
0.911556 0.411175 0 -0.896969 0.442093 0 -0.887692 0.460438 0 
0.887692 0.460438 0 0.896969 0.442093 0 -0.860443 0.509546 0 
0.860443 0.509546 0 -0.847006 0.531583 0 -0.829956 0.557828 0 
0.829956 0.557828 0 0.847006 0.531583 0 -0.797681 0.603079 0 
-0.795479 0.605981 0 0.795479 0.605981 0 0.797681 0.603079 0 
-0.756504 0.653989 0 0.756504 0.653989 0 -0.749659 0.661824 0 
-0.712359 0.701815 0 0.712359 0.701815 0 0.749659 0.661824 0 
-0.701815 0.712359 0 -0.661824 0.749659 0 0.661824 0.749659 0 
0.701815 0.712359 0 -0.653989 0.756504 0 -0.605981 0.795479 0 
-0.603079 0.797681 0 0.603079 0.797681 0 0.605981 0.795479 0 
0.653989 0.756504 0 -0.557828 0.829956 0 -0.531583 0.847006 0 
0.531583 0.847006 0 0.557828 0.829956 0 -0.509546 0.860443 0 
-0.460438 0.887692 0 -0.442093 0.896969 0 0.442093 0.896969 0 
0.460438 0.887692 0 0.509546 0.860443 0 -0.411175 0.911556 0 
-0.360992 0.932569 0 -0.31718 0.948365 0 0.31718 0.948365 0 
0.360992 0.932569 0 0.411175 0.911556 0 -0.311035 0.950399 0 
-0.25978 0.965668 0 -0.208246 0.978077 0 -0.156555 0.987669 0 
-0.104621 0.994512 0 -0.052404 0.998626 0 1.30761e-16 1 0 
0.052404 0.998626 0 0.104621 0.994512 0 0.156555 0.987669 0 
0.208246 0.978077 0 0.25978 0.965668 0 0.311035 0.950399 0 
-0.311035 -0.950399 0 -0.31718 -0.948365 0 -0.25978 -0.965668 0 
-0.208246 -0.978077 0 -0.156555 -0.987669 0 -0.104621 -0.994512 0 
-0.052404 -0.998626 0 -1.20824e-16 -1 0 0.052404 -0.998626 0 
0.104621 -0.994512 0 0.156555 -0.987669 0 0.208246 -0.978077 0 
0.25978 -0.965668 0 0.311035 -0.950399 0 0.31718 -0.948365 0 
-0.411175 -0.911556 0 -0.442093 -0.896969 0 -0.360992 -0.932569 0 
0.360992 -0.932569 0 0.411175 -0.911556 0 0.442093 -0.896969 0 
-0.509546 -0.860443 0 -0.531583 -0.847006 0 -0.460438 -0.887692 0 
0.460438 -0.887692 0 0.509546 -0.860443 0 0.531583 -0.847006 0 
-0.557828 -0.829956 0 -0.603079 -0.797681 0 0.557828 -0.829956 0 
0.603079 -0.797681 0 -0.653989 -0.756504 0 -0.661824 -0.749659 0 
-0.605981 -0.795479 0 0.605981 -0.795479 0 0.653989 -0.756504 0 
0.661824 -0.749659 0 -0.701815 -0.712359 0 -0.712359 -0.701815 0 
0.701815 -0.712359 0 0.712359 -0.701815 0 -0.749659 -0.661824 0 
-0.756504 -0.653989 0 0.749659 -0.661824 0 0.756504 -0.653989 0 
-0.795479 -0.605981 0 0.795479 -0.605981 0 -0.797681 -0.603079 0 
-0.829956 -0.557828 0 0.797681 -0.603079 0 0.829956 -0.557828 0 
-0.847006 -0.531583 0 -0.860443 -0.509546 0 0.847006 -0.531583 0 
0.860443 -0.509546 0 -0.887692 -0.460438 0 0.887692 -0.460438 0 
-0.896969 -0.442093 0 -0.911556 -0.411175 0 0.896969 -0.442093 0 
0.911556 -0.411175 0 -0.932569 -0.360992 0 0.932569 -0.360992 0 
-0.948365 -0.31718 0 -0.950399 -0.311035 0 0.948365 -0.31718 0 
0.950399 -0.311035 0 -0.965668 -0.25978 0 0.965668 -0.25978 0 
-0.978077 -0.208246 0 0.978077 -0.208246 0 -0.987669 -0.156555 0 
0.987669 -0.156555 0 -0.994512 -0.104621 0 0.994512 -0.104621 0 
-0.998626 -0.052404 0 0.998626 -0.052404 0 -1 -1.98732e-17 0 
1 -9.93661e-18 0 -0.998626 0.052404 0 0.998626 0.052404 0 
-0.994512 0.104621 0 0.994512 0.104621 0 -0.987669 0.156555 0 
0.987669 0.156555 0 -0.978077 0.208246 0 0.978077 0.208246 0 
-0.965668 0.25978 0 0.965668 0.25978 0 -0.950399 0.311035 0 
0.950399 0.311035 0 -0.948365 0.31718 0 -0.932569 0.360992 0 
0.932569 0.360992 0 0.948365 0.31718 0 -0.911556 0.411175 0 
0.911556 0.411175 0 -0.896969 0.442093 0 -0.887692 0.460438 0 
0.887692 0.460438 0 0.896969 0.442093 0 -0.860443 0.509546 0 
0.860443 0.509546 0 -0.847006 0.531583 0 -0.829956 0.557828 0 
0.829956 0.557828 0 0.847006 0.531583 0 -0.797681 0.603079 0 
-0.795479 0.605981 0 0.795479 0.605981 0 0.797681 0.603079 0 
-0.756504 0.653989 0 0.756504 0.653989 0 -0.749659 0.661824 0 
-0.712359 0.701815 0 0.712359 0.701815 0 0.749659 0.661824 0 
-0.701815 0.712359 0 -0.661824 0.749659 0 0.661824 0.749659 0 
0.701815 0.712359 0 -0.653989 0.756504 0 -0.605981 0.795479 0 
-0.603079 0.797681 0 0.603079 0.797681 0 0.605981 0.795479 0 
0.653989 0.756504 0 -0.557828 0.829956 0 -0.531583 0.847006 0 
0.531583 0.847006 0 0.557828 0.829956 0 -0.509546 0.860443 0 
-0.460438 0.887692 0 -0.442093 0.896969 0 0.442093 0.896969 0 
0.460438 0.887692 0 0.509546 0.860443 0 -0.411175 0.911556 0 
-0.360992 0.932569 0 -0.31718 0.948365 0 0.31718 0.948365 0 
0.360992 0.932569 0 0.411175 0.911556 0 -0.311035 0.950399 0 
-0.25978 0.965668 0 -0.208246 0.978077 0 -0.156555 0.987669 0 
-0.104621 0.994512 0 -0.052404 0.998626 0 1.30761e-16 1 0 
0.052404 0.998626 0 0.104621 0.994512 0 0.156555 0.987669 0 
0.208246 0.978077 0 0.25978 0.965668 0 0.311035 0.950399 0 
-0.311035 -0.950399 0 -0.31718 -0.948365 0 -0.25978 -0.965668 0 
-0.208246 -0.978077 0 -0.156555 -0.987669 0 -0.104621 -0.994512 0 
-0.052404 -0.998626 0 -1.20824e-16 -1 0 0.052404 -0.998626 0 
0.104621 -0.994512 0 0.156555 -0.987669 0 0.208246 -0.978077 0 
0.25978 -0.965668 0 0.311035 -0.950399 0 0.31718 -0.948365 0 
-0.411175 -0.911556 0 -0.442093 -0.896969 0 -0.360992 -0.932569 0 
0.360992 -0.932569 0 0.411175 -0.911556 0 0.442093 -0.896969 0 
-0.509546 -0.860443 0 -0.531583 -0.847006 0 -0.460438 -0.887692 0 
0.460438 -0.887692 0 0.509546 -0.860443 0 0.531583 -0.847006 0 
-0.557828 -0.829956 0 -0.603079 -0.797681 0 0.557828 -0.829956 0 
0.603079 -0.797681 0 -0.653989 -0.756504 0 -0.661824 -0.749659 0 
-0.605981 -0.795479 0 0.605981 -0.795479 0 0.653989 -0.756504 0 
0.661824 -0.749659 0 -0.701815 -0.712359 0 -0.712359 -0.701815 0 
0.701815 -0.712359 0 0.712359 -0.701815 0 -0.749659 -0.661824 0 
-0.756504 -0.653989 0 0.749659 -0.661824 0 0.756504 -0.653989 0 
-0.795479 -0.605981 0 0.795479 -0.605981 0 -0.797681 -0.603079 0 
-0.829956 -0.557828 0 0.797681 -0.603079 0 0.829956 -0.557828 0 
-0.847006 -0.531583 0 -0.860443 -0.509546 0 0.847006 -0.531583 0 
0.860443 -0.509546 0 -0.887692 -0.460438 0 0.887692 -0.460438 0 
-0.896969 -0.442093 0 -0.911556 -0.411175 0 0.896969 -0.442093 0 
0.911556 -0.411175 0 -0.932569 -0.360992 0 0.932569 -0.360992 0 
-0.948365 -0.31718 0 -0.950399 -0.311035 0 0.948365 -0.31718 0 
0.950399 -0.311035 0 -0.965668 -0.25978 0 0.965668 -0.25978 0 
-0.978077 -0.208246 0 0.978077 -0.208246 0 -0.987669 -0.156555 0 
0.987669 -0.156555 0 -0.994512 -0.104621 0 0.994512 -0.104621 0 
-0.998626 -0.052404 0 0.998626 -0.052404 0 -1 -1.98732e-17 0 
1 -9.93661e-18 0 -0.998626 0.052404 0 0.998626 0.052404 0 
-0.994512 0.104621 0 0.994512 0.104621 0 -0.987669 0.156555 0 
0.987669 0.156555 0 -0.978077 0.208246 0 0.978077 0.208246 0 
-0.965668 0.25978 0 0.965668 0.25978 0 -0.950399 0.311035 0 
0.950399 0.311035 0 -0.948365 0.31718 0 -0.932569 0.360992 0 
0.932569 0.360992 0 0.948365 0.31718 0 -0.911556 0.411175 0 
0.911556 0.411175 0 -0.896969 0.442093 0 -0.887692 0.460438 0 
0.887692 0.460438 0 0.896969 0.442093 0 -0.860443 0.509546 0 
0.860443 0.509546 0 -0.847006 0.531583 0 -0.829956 0.557828 0 
0.829956 0.557828 0 0.847006 0.531583 0 -0.797681 0.603079 0 
-0.795479 0.605981 0 0.795479 0.605981 0 0.797681 0.603079 0 
-0.756504 0.653989 0 0.756504 0.653989 0 -0.749659 0.661824 0 
-0.712359 0.701815 0 0.712359 0.701815 0 0.749659 0.661824 0 
-0.701815 0.712359 0 -0.661824 0.749659 0 0.661824 0.749659 0 
0.701815 0.712359 0 -0.653989 0.756504 0 -0.605981 0.795479 0 
-0.603079 0.797681 0 0.603079 0.797681 0 0.605981 0.795479 0 
0.653989 0.756504 0 -0.557828 0.829956 0 -0.531583 0.847006 0 
0.531583 0.847006 0 0.557828 0.829956 0 -0.509546 0.860443 0 
-0.460438 0.887692 0 -0.442093 0.896969 0 0.442093 0.896969 0 
0.460438 0.887692 0 0.509546 0.860443 0 -0.411175 0.911556 0 
-0.360992 0.932569 0 -0.31718 0.948365 0 0.31718 0.948365 0 
0.360992 0.932569 0 0.411175 0.911556 0 -0.311035 0.950399 0 
-0.25978 0.965668 0 -0.208246 0.978077 0 -0.156555 0.987669 0 
-0.104621 0.994512 0 -0.052404 0.998626 0 1.30761e-16 1 0 
0.052404 0.998626 0 0.104621 0.994512 0 0.156555 0.987669 0 
0.208246 0.978077 0 0.25978 0.965668 0 0.311035 0.950399 0 
-0.311035 -0.950399 0 -0.31718 -0.948365 0 -0.25978 -0.965668 0 
-0.208246 -0.978077 0 -0.156555 -0.987669 0 -0.104621 -0.994512 0 
-0.052404 -0.998626 0 -1.20824e-16 -1 0 0.052404 -0.998626 0 
0.104621 -0.994512 0 0.156555 -0.987669 0 0.208246 -0.978077 0 
0.25978 -0.965668 0 0.311035 -0.950399 0 0.31718 -0.948365 0 
-0.411175 -0.911556 0 -0.442093 -0.896969 0 -0.360992 -0.932569 0 
0.360992 -0.932569 0 0.411175 -0.911556 0 0.442093 -0.896969 0 
-0.509546 -0.860443 0 -0.531583 -0.847006 0 -0.460438 -0.887692 0 
0.460438 -0.887692 0 0.509546 -0.860443 0 0.531583 -0.847006 0 
-0.557828 -0.829956 0 -0.603079 -0.797681 0 0.557828 -0.829956 0 
0.603079 -0.797681 0 -0.653989 -0.756504 0 -0.661824 -0.749659 0 
-0.605981 -0.795479 0 0.605981 -0.795479 0 0.653989 -0.756504 0 
0.661824 -0.749659 0 -0.701815 -0.712359 0 -0.712359 -0.701815 0 
0.701815 -0.712359 0 0.712359 -0.701815 0 -0.749659 -0.661824 0 
-0.756504 -0.653989 0 0.749659 -0.661824 0 0.756504 -0.653989 0 
-0.795479 -0.605981 0 0.795479 -0.605981 0 -0.797681 -0.603079 0 
-0.829956 -0.557828 0 0.797681 -0.603079 0 0.829956 -0.557828 0 
-0.847006 -0.531583 0 -0.860443 -0.509546 0 0.847006 -0.531583 0 
0.860443 -0.509546 0 -0.887692 -0.460438 0 0.887692 -0.460438 0 
-0.896969 -0.442093 0 -0.911556 -0.411175 0 0.896969 -0.442093 0 
0.911556 -0.411175 0 -0.932569 -0.360992 0 0.932569 -0.360992 0 
-0.948365 -0.31718 0 -0.950399 -0.311035 0 0.948365 -0.31718 0 
0.950399 -0.311035 0 -0.965668 -0.25978 0 0.965668 -0.25978 0 
-0.978077 -0.208246 0 0.978077 -0.208246 0 -0.987669 -0.156555 0 
0.987669 -0.156555 0 -0.994512 -0.104621 0 0.994512 -0.104621 0 
-0.998626 -0.052404 0 0.998626 -0.052404 0 -1 -1.98732e-17 0 
1 -9.93661e-18 0 -0.998626 0.052404 0 0.998626 0.052404 0 
-0.994512 0.104621 0 0.994512 0.104621 0 -0.987669 0.156555 0 
0.987669 0.156555 0 -0.978077 0.208246 0 0.978077 0.208246 0 
-0.965668 0.25978 0 0.965668 0.25978 0 -0.950399 0.311035 0 
0.950399 0.311035 0 -0.948365 0.31718 0 -0.932569 0.360992 0 
0.932569 0.360992 0 0.948365 0.31718 0 -0.911556 0.411175 0 
0.911556 0.411175 0 -0.896969 0.442093 0 -0.887692 0.460438 0 
0.887692 0.460438 0 0.896969 0.442093 0 -0.860443 0.509546 0 
0.860443 0.509546 0 -0.847006 0.531583 0 -0.829956 0.557828 0 
0.829956 0.557828 0 0.847006 0.531583 0 -0.797681 0.603079 0 
-0.795479 0.605981 0 0.795479 0.605981 0 0.797681 0.603079 0 
-0.756504 0.653989 0 0.756504 0.653989 0 -0.749659 0.661824 0 
-0.712359 0.701815 0 0.712359 0.701815 0 0.749659 0.661824 0 
-0.701815 0.712359 0 -0.661824 0.749659 0 0.661824 0.749659 0 
0.701815 0.712359 0 -0.653989 0.756504 0 -0.605981 0.795479 0 
-0.603079 0.797681 0 0.603079 0.797681 0 0.605981 0.795479 0 
0.653989 0.756504 0 -0.557828 0.829956 0 -0.531583 0.847006 0 
0.531583 0.847006 0 0.557828 0.829956 0 -0.509546 0.860443 0 
-0.460438 0.887692 0 -0.442093 0.896969 0 0.442093 0.896969 0 
0.460438 0.887692 0 0.509546 0.860443 0 -0.411175 0.911556 0 
-0.360992 0.932569 0 -0.31718 0.948365 0 0.31718 0.948365 0 
0.360992 0.932569 0 0.411175 0.911556 0 -0.311035 0.950399 0 
-0.25978 0.965668 0 -0.208246 0.978077 0 -0.156555 0.987669 0 
-0.104621 0.994512 0 -0.052404 0.998626 0 1.30761e-16 1 0 
0.052404 0.998626 0 0.104621 0.994512 0 0.156555 0.987669 0 
0.208246 0.978077 0 0.25978 0.965668 0 0.311035 0.950399 0 
-0.311035 -0.950399 0 -0.31718 -0.948365 0 -0.25978 -0.965668 0 
-0.208246 -0.978077 0 -0.156555 -0.987669 0 -0.104621 -0.994512 0 
-0.052404 -0.998626 0 -1.20824e-16 -1 0 0.052404 -0.998626 0 
0.104621 -0.994512 0 0.156555 -0.987669 0 0.208246 -0.978077 0 
0.25978 -0.965668 0 0.311035 -0.950399 0 0.31718 -0.948365 0 
-0.411175 -0.911556 0 -0.442093 -0.896969 0 -0.360992 -0.932569 0 
0.360992 -0.932569 0 0.411175 -0.911556 0 0.442093 -0.896969 0 
-0.509546 -0.860443 0 -0.531583 -0.847006 0 -0.460438 -0.887692 0 
0.460438 -0.887692 0 0.509546 -0.860443 0 0.531583 -0.847006 0 
-0.557828 -0.829956 0 -0.603079 -0.797681 0 0.557828 -0.829956 0 
0.603079 -0.797681 0 -0.653989 -0.756504 0 -0.661824 -0.749659 0 
-0.605981 -0.795479 0 0.605981 -0.795479 0 0.653989 -0.756504 0 
0.661824 -0.749659 0 -0.701815 -0.712359 0 -0.712359 -0.701815 0 
0.701815 -0.712359 0 0.712359 -0.701815 0 -0.749659 -0.661824 0 
-0.756504 -0.653989 0 0.749659 -0.661824 0 0.756504 -0.653989 0 
-0.795479 -0.605981 0 0.795479 -0.605981 0 -0.797681 -0.603079 0 
-0.829956 -0.557828 0 0.797681 -0.603079 0 0.829956 -0.557828 0 
-0.847006 -0.531583 0 -0.860443 -0.509546 0 0.847006 -0.531583 0 
0.860443 -0.509546 0 -0.887692 -0.460438 0 0.887692 -0.460438 0 
-0.896969 -0.442093 0 -0.911556 -0.411175 0 0.896969 -0.442093 0 
0.911556 -0.411175 0 -0.932569 -0.360992 0 0.932569 -0.360992 0 
-0.948365 -0.31718 0 -0.950399 -0.311035 0 0.948365 -0.31718 0 
0.950399 -0.311035 0 -0.965668 -0.25978 0 0.965668 -0.25978 0 
-0.978077 -0.208246 0 0.978077 -0.208246 0 -0.987669 -0.156555 0 
0.987669 -0.156555 0 -0.994512 -0.104621 0 0.994512 -0.104621 0 
-0.998626 -0.052404 0 0.998626 -0.052404 0 -1 -1.98732e-17 0 
1 -9.93661e-18 0 -0.998626 0.052404 0 0.998626 0.052404 0 
-0.994512 0.104621 0 0.994512 0.104621 0 -0.987669 0.156555 0 
0.987669 0.156555 0 -0.978077 0.208246 0 0.978077 0.208246 0 
-0.965668 0.25978 0 0.965668 0.25978 0 -0.950399 0.311035 0 
0.950399 0.311035 0 -0.948365 0.31718 0 -0.932569 0.360992 0 
0.932569 0.360992 0 0.948365 0.31718 0 -0.911556 0.411175 0 
0.911556 0.411175 0 -0.896969 0.442093 0 -0.887692 0.460438 0 
0.887692 0.460438 0 0.896969 0.442093 0 -0.860443 0.509546 0 
0.860443 0.509546 0 -0.847006 0.531583 0 -0.829956 0.557828 0 
0.829956 0.557828 0 0.847006 0.531583 0 -0.797681 0.603079 0 
-0.795479 0.605981 0 0.795479 0.605981 0 0.797681 0.603079 0 
-0.756504 0.653989 0 0.756504 0.653989 0 -0.749659 0.661824 0 
-0.712359 0.701815 0 0.712359 0.701815 0 0.749659 0.661824 0 
-0.701815 0.712359 0 -0.661824 0.749659 0 0.661824 0.749659 0 
0.701815 0.712359 0 -0.653989 0.756504 0 -0.605981 0.795479 0 
-0.603079 0.797681 0 0.603079 0.797681 0 0.605981 0.795479 0 
0.653989 0.756504 0 -0.557828 0.829956 0 -0.531583 0.847006 0 
0.531583 0.847006 0 0.557828 0.829956 0 -0.509546 0.860443 0 
-0.460438 0.887692 0 -0.442093 0.896969 0 0.442093 0.896969 0 
0.460438 0.887692 0 0.509546 0.860443 0 -0.411175 0.911556 0 
-0.360992 0.932569 0 -0.31718 0.948365 0 0.31718 0.948365 0 
0.360992 0.932569 0 0.411175 0.911556 0 -0.311035 0.950399 0 
-0.25978 0.965668 0 -0.208246 0.978077 0 -0.156555 0.987669 0 
-0.104621 0.994512 0 -0.052404 0.998626 0 1.30761e-16 1 0 
0.052404 0.998626 0 0.104621 0.994512 0 0.156555 0.987669 0 
0.208246 0.978077 0 0.25978 0.965668 0 0.311035 0.950399 0 
-0.311035 -0.950399 0 -0.31718 -0.948365 0 -0.25978 -0.965668 0 
-0.208246 -0.978077 0 -0.156555 -0.987669 0 -0.104621 -0.994512 0 
-0.052404 -0.998626 0 -1.20824e-16 -1 0 0.052404 -0.998626 0 
0.104621 -0.994512 0 0.156555 -0.987669 0 0.208246 -0.978077 0 
0.25978 -0.965668 0 0.311035 -0.950399 0 0.31718 -0.948365 0 
-0.411175 -0.911556 0 -0.442093 -0.896969 0 -0.360992 -0.932569 0 
0.360992 -0.932569 0 0.411175 -0.911556 0 0.442093 -0.896969 0 
-0.509546 -0.860443 0 -0.531583 -0.847006 0 -0.460438 -0.887692 0 
0.460438 -0.887692 0 0.509546 -0.860443 0 0.531583 -0.847006 0 
-0.557828 -0.829956 0 -0.603079 -0.797681 0 0.557828 -0.829956 0 
0.603079 -0.797681 0 -0.653989 -0.756504 0 -0.661824 -0.749659 0 
-0.605981 -0.795479 0 0.605981 -0.795479 0 0.653989 -0.756504 0 
0.661824 -0.749659 0 -0.701815 -0.712359 0 -0.712359 -0.701815 0 
0.701815 -0.712359 0 0.712359 -0.701815 0 -0.749659 -0.661824 0 
-0.756504 -0.653989 0 0.749659 -0.661824 0 0.756504 -0.653989 0 
-0.795479 -0.605981 0 0.795479 -0.605981 0 -0.797681 -0.603079 0 
-0.829956 -0.557828 0 0.797681 -0.603079 0 0.829956 -0.557828 0 
-0.847006 -0.531583 0 -0.860443 -0.509546 0 0.847006 -0.531583 0 
0.860443 -0.509546 0 -0.887692 -0.460438 0 0.887692 -0.460438 0 
-0.896969 -0.442093 0 -0.911556 -0.411175 0 0.896969 -0.442093 0 
0.911556 -0.411175 0 -0.932569 -0.360992 0 0.932569 -0.360992 0 
-0.948365 -0.31718 0 -0.950399 -0.311035 0 0.948365 -0.31718 0 
0.950399 -0.311035 0 -0.965668 -0.25978 0 0.965668 -0.25978 0 
-0.978077 -0.208246 0 0.978077 -0.208246 0 -0.987669 -0.156555 0 
0.987669 -0.156555 0 -0.994512 -0.104621 0 0.994512 -0.104621 0 
-0.998626 -0.052404 0 0.998626 -0.052404 0 -1 -1.98732e-17 0 
1 -9.93661e-18 0 -0.998626 0.052404 0 0.998626 0.052404 0 
-0.994512 0.104621 0 0.994512 0.104621 0 -0.987669 0.156555 0 
0.987669 0.156555 0 -0.978077 0.208246 0 0.978077 0.208246 0 
-0.965668 0.25978 0 0.965668 0.25978 0 -0.950399 0.311035 0 
0.950399 0.311035 0 -0.948365 0.31718 0 -0.932569 0.360992 0 
0.932569 0.360992 0 0.948365 0.31718 0 -0.911556 0.411175 0 
0.911556 0.411175 0 -0.896969 0.442093 0 -0.887692 0.460438 0 
0.887692 0.460438 0 0.896969 0.442093 0 -0.860443 0.509546 0 
0.860443 0.509546 0 -0.847006 0.531583 0 -0.829956 0.557828 0 
0.829956 0.557828 0 0.847006 0.531583 0 -0.797681 0.603079 0 
-0.795479 0.605981 0 0.795479 0.605981 0 0.797681 0.603079 0 
-0.756504 0.653989 0 0.756504 0.653989 0 -0.749659 0.661824 0 
-0.712359 0.701815 0 0.712359 0.701815 0 0.749659 0.661824 0 
-0.701815 0.712359 0 -0.661824 0.749659 0 0.661824 0.749659 0 
0.701815 0.712359 0 -0.653989 0.756504 0 -0.605981 0.795479 0 
-0.603079 0.797681 0 0.603079 0.797681 0 0.605981 0.795479 0 
0.653989 0.756504 0 -0.557828 0.829956 0 -0.531583 0.847006 0 
0.531583 0.847006 0 0.557828 0.829956 0 -0.509546 0.860443 0 
-0.460438 0.887692 0 -0.442093 0.896969 0 0.442093 0.896969 0 
0.460438 0.887692 0 0.509546 0.860443 0 -0.411175 0.911556 0 
-0.360992 0.932569 0 -0.31718 0.948365 0 0.31718 0.948365 0 
0.360992 0.932569 0 0.411175 0.911556 0 -0.311035 0.950399 0 
-0.25978 0.965668 0 -0.208246 0.978077 0 -0.156555 0.987669 0 
-0.104621 0.994512 0 -0.052404 0.998626 0 1.30761e-16 1 0 
0.052404 0.998626 0 0.104621 0.994512 0 0.156555 0.987669 0 
0.208246 0.978077 0 0.25978 0.965668 0 0.311035 0.950399 0 
-0.311035 -0.950399 0 -0.31718 -0.948365 0 -0.25978 -0.965668 0 
-0.208246 -0.978077 0 -0.156555 -0.987669 0 -0.104621 -0.994512 0 
-0.052404 -0.998626 0 -1.20824e-16 -1 0 0.052404 -0.998626 0 
0.104621 -0.994512 0 0.156555 -0.987669 0 0.208246 -0.978077 0 
0.25978 -0.965668 0 0.311035 -0.950399 0 0.31718 -0.948365 0 
-0.411175 -0.911556 0 -0.442093 -0.896969 0 -0.360992 -0.932569 0 
0.360992 -0.932569 0 0.411175 -0.911556 0 0.442093 -0.896969 0 
-0.509546 -0.860443 0 -0.531583 -0.847006 0 -0.460438 -0.887692 0 
0.460438 -0.887692 0 0.509546 -0.860443 0 0.531583 -0.847006 0 
-0.557828 -0.829956 0 -0.603079 -0.797681 0 0.557828 -0.829956 0 
0.603079 -0.797681 0 -0.653989 -0.756504 0 -0.661824 -0.749659 0 
-0.605981 -0.795479 0 0.605981 -0.795479 0 0.653989 -0.756504 0 
0.661824 -0.749659 0 -0.701815 -0.712359 0 -0.712359 -0.701815 0 
0.701815 -0.712359 0 0.712359 -0.701815 0 -0.749659 -0.661824 0 
-0.756504 -0.653989 0 0.749659 -0.661824 0 0.756504 -0.653989 0 
-0.795479 -0.605981 0 0.795479 -0.605981 0 -0.797681 -0.603079 0 
-0.829956 -0.557828 0 0.797681 -0.603079 0 0.829956 -0.557828 0 
-0.847006 -0.531583 0 -0.860443 -0.509546 0 0.847006 -0.531583 0 
0.860443 -0.509546 0 -0.887692 -0.460438 0 0.887692 -0.460438 0 
-0.896969 -0.442093 0 -0.911556 -0.411175 0 0.896969 -0.442093 0 
0.911556 -0.411175 0 -0.932569 -0.360992 0 0.932569 -0.360992 0 
-0.948365 -0.31718 0 -0.950399 -0.311035 0 0.948365 -0.31718 0 
0.950399 -0.311035 0 -0.965668 -0.25978 0 0.965668 -0.25978 0 
-0.978077 -0.208246 0 0.978077 -0.208246 0 -0.987669 -0.156555 0 
0.987669 -0.156555 0 -0.994512 -0.104621 0 0.994512 -0.104621 0 
-0.998626 -0.052404 0 0.998626 -0.052404 0 -1 -1.98732e-17 0 
1 -9.93661e-18 0 -0.998626 0.052404 0 0.998626 0.052404 0 
-0.994512 0.104621 0 0.994512 0.104621 0 -0.987669 0.156555 0 
0.987669 0.156555 0 -0.978077 0.208246 0 0.978077 0.208246 0 
-0.965668 0.25978 0 0.965668 0.25978 0 -0.950399 0.311035 0 
0.950399 0.311035 0 -0.948365 0.31718 0 -0.932569 0.360992 0 
0.932569 0.360992 0 0.948365 0.31718 0 -0.911556 0.411175 0 
0.911556 0.411175 0 -0.896969 0.442093 0 -0.887692 0.460438 0 
0.887692 0.460438 0 0.896969 0.442093 0 -0.860443 0.509546 0 
0.860443 0.509546 0 -0.847006 0.531583 0 -0.829956 0.557828 0 
0.829956 0.557828 0 0.847006 0.531583 0 -0.797681 0.603079 0 
-0.795479 0.605981 0 0.795479 0.605981 0 0.797681 0.603079 0 
-0.756504 0.653989 0 0.756504 0.653989 0 -0.749659 0.661824 0 
-0.712359 0.701815 0 0.712359 0.701815 0 0.749659 0.661824 0 
-0.701815 0.712359 0 -0.661824 0.749659 0 0.661824 0.749659 0 
0.701815 0.712359 0 -0.653989 0.756504 0 -0.605981 0.795479 0 
-0.603079 0.797681 0 0.603079 0.797681 0 0.605981 0.795479 0 
0.653989 0.756504 0 -0.557828 0.829956 0 -0.531583 0.847006 0 
0.531583 0.847006 0 0.557828 0.829956 0 -0.509546 0.860443 0 
-0.460438 0.887692 0 -0.442093 0.896969 0 0.442093 0.896969 0 
0.460438 0.887692 0 0.509546 0.860443 0 -0.411175 0.911556 0 
-0.360992 0.932569 0 -0.31718 0.948365 0 0.31718 0.948365 0 
0.360992 0.932569 0 0.411175 0.911556 0 -0.311035 0.950399 0 
-0.25978 0.965668 0 -0.208246 0.978077 0 -0.156555 0.987669 0 
-0.104621 0.994512 0 -0.052404 0.998626 0 1.30761e-16 1 0 
0.052404 0.998626 0 0.104621 0.994512 0 0.156555 0.987669 0 
0.208246 0.978077 0 0.25978 0.965668 0 0.311035 0.950399 0 
-0.311035 -0.950399 0 -0.31718 -0.948365 0 -0.25978 -0.965668 0 
-0.208246 -0.978077 0 -0.156555 -0.987669 0 -0.104621 -0.994512 0 
-0.052404 -0.998626 0 -1.20824e-16 -1 0 0.052404 -0.998626 0 
0.104621 -0.994512 0 0.156555 -0.987669 0 0.208246 -0.978077 0 
0.25978 -0.965668 0 0.311035 -0.950399 0 0.31718 -0.948365 0 
-0.411175 -0.911556 0 -0.442093 -0.896969 0 -0.360992 -0.932569 0 
0.360992 -0.932569 0 0.411175 -0.911556 0 0.442093 -0.896969 0 
-0.509546 -0.860443 0 -0.531583 -0.847006 0 -0.460438 -0.887692 0 
0.460438 -0.887692 0 0.509546 -0.860443 0 0.531583 -0.847006 0 
-0.557828 -0.829956 0 -0.603079 -0.797681 0 0.557828 -0.829956 0 
0.603079 -0.797681 0 -0.653989 -0.756504 0 -0.661824 -0.749659 0 
-0.605981 -0.795479 0 0.605981 -0.795479 0 0.653989 -0.756504 0 
0.661824 -0.749659 0 -0.701815 -0.712359 0 -0.712359 -0.701815 0 
0.701815 -0.712359 0 0.712359 -0.701815 0 -0.749659 -0.661824 0 
-0.756504 -0.653989 0 0.749659 -0.661824 0 0.756504 -0.653989 0 
-0.795479 -0.605981 0 0.795479 -0.605981 0 -0.797681 -0.603079 0 
-0.829956 -0.557828 0 0.797681 -0.603079 0 0.829956 -0.557828 0 
-0.847006 -0.531583 0 -0.860443 -0.509546 0 0.847006 -0.531583 0 
0.860443 -0.509546 0 -0.887692 -0.460438 0 0.887692 -0.460438 0 
-0.896969 -0.442093 0 -0.911556 -0.411175 0 0.896969 -0.442093 0 
0.911556 -0.411175 0 -0.932569 -0.360992 0 0.932569 -0.360992 0 
-0.948365 -0.31718 0 -0.950399 -0.311035 0 0.948365 -0.31718 0 
0.950399 -0.311035 0 -0.965668 -0.25978 0 0.965668 -0.25978 0 
-0.978077 -0.208246 0 0.978077 -0.208246 0 -0.987669 -0.156555 0 
0.987669 -0.156555 0 -0.994512 -0.104621 0 0.994512 -0.104621 0 
-0.998626 -0.052404 0 0.998626 -0.052404 0 -1 -1.98732e-17 0 
1 -9.93661e-18 0 -0.998626 0.052404 0 0.998626 0.052404 0 
-0.994512 0.104621 0 0.994512 0.104621 0 -0.987669 0.156555 0 
0.987669 0.156555 0 -0.978077 0.208246 0 0.978077 0.208246 0 
-0.965668 0.25978 0 0.965668 0.25978 0 -0.950399 0.311035 0 
0.950399 0.311035 0 -0.948365 0.31718 0 -0.932569 0.360992 0 
0.932569 0.360992 0 0.948365 0.31718 0 -0.911556 0.411175 0 
0.911556 0.411175 0 -0.896969 0.442093 0 -0.887692 0.460438 0 
0.887692 0.460438 0 0.896969 0.442093 0 -0.860443 0.509546 0 
0.860443 0.509546 0 -0.847006 0.531583 0 -0.829956 0.557828 0 
0.829956 0.557828 0 0.847006 0.531583 0 -0.797681 0.603079 0 
-0.795479 0.605981 0 0.795479 0.605981 0 0.797681 0.603079 0 
-0.756504 0.653989 0 0.756504 0.653989 0 -0.749659 0.661824 0 
-0.712359 0.701815 0 0.712359 0.701815 0 0.749659 0.661824 0 
-0.701815 0.712359 0 -0.661824 0.749659 0 0.661824 0.749659 0 
0.701815 0.712359 0 -0.653989 0.756504 0 -0.605981 0.795479 0 
-0.603079 0.797681 0 0.603079 0.797681 0 0.605981 0.795479 0 
0.653989 0.756504 0 -0.557828 0.829956 0 -0.531583 0.847006 0 
0.531583 0.847006 0 0.557828 0.829956 0 -0.509546 0.860443 0 
-0.460438 0.887692 0 -0.442093 0.896969 0 0.442093 0.896969 0 
0.460438 0.887692 0 0.509546 0.860443 0 -0.411175 0.911556 0 
-0.360992 0.932569 0 -0.31718 0.948365 0 0.31718 0.948365 0 
0.360992 0.932569 0 0.411175 0.911556 0 -0.311035 0.950399 0 
-0.25978 0.965668 0 -0.208246 0.978077 0 -0.156555 0.987669 0 
-0.104621 0.994512 0 -0.052404 0.998626 0 1.30761e-16 1 0 
0.052404 0.998626 0 0.104621 0.994512 0 0.156555 0.987669 0 
0.208246 0.978077 0 0.25978 0.965668 0 0.311035 0.950399 0 
-0.311035 -0.950399 0 -0.31718 -0.948365 0 -0.25978 -0.965668 0 
-0.208246 -0.978077 0 -0.156555 -0.987669 0 -0.104621 -0.994512 0 
-0.052404 -0.998626 0 -1.20824e-16 -1 0 0.052404 -0.998626 0 
0.104621 -0.994512 0 0.156555 -0.987669 0 0.208246 -0.978077 0 
0.25978 -0.965668 0 0.311035 -0.950399 0 0.31718 -0.948365 0 
-0.411175 -0.911556 0 -0.442093 -0.896969 0 -0.360992 -0.932569 0 
0.360992 -0.932569 0 0.411175 -0.911556 0 0.442093 -0.896969 0 
-0.509546 -0.860443 0 -0.531583 -0.847006 0 -0.460438 -0.887692 0 
0.460438 -0.887692 0 0.509546 -0.860443 0 0.531583 -0.847006 0 
-0.557828 -0.829956 0 -0.603079 -0.797681 0 0.557828 -0.829956 0 
0.603079 -0.797681 0 -0.653989 -0.756504 0 -0.661824 -0.749659 0 
-0.605981 -0.795479 0 0.605981 -0.795479 0 0.653989 -0.756504 0 
0.661824 -0.749659 0 -0.701815 -0.712359 0 -0.712359 -0.701815 0 
0.701815 -0.712359 0 0.712359 -0.701815 0 -0.749659 -0.661824 0 
-0.756504 -0.653989 0 0.749659 -0.661824 0 0.756504 -0.653989 0 
-0.795479 -0.605981 0 0.795479 -0.605981 0 -0.797681 -0.603079 0 
-0.829956 -0.557828 0 0.797681 -0.603079 0 0.829956 -0.557828 0 
-0.847006 -0.531583 0 -0.860443 -0.509546 0 0.847006 -0.531583 0 
0.860443 -0.509546 0 -0.887692 -0.460438 0 0.887692 -0.460438 0 
-0.896969 -0.442093 0 -0.911556 -0.411175 0 0.896969 -0.442093 0 
0.911556 -0.411175 0 -0.932569 -0.360992 0 0.932569 -0.360992 0 
-0.948365 -0.31718 0 -0.950399 -0.311035 0 0.948365 -0.31718 0 
0.950399 -0.311035 0 -0.965668 -0.25978 0 0.965668 -0.25978 0 
-0.978077 -0.208246 0 0.978077 -0.208246 0 -0.987669 -0.156555 0 
0.987669 -0.156555 0 -0.994512 -0.104621 0 0.994512 -0.104621 0 
-0.998626 -0.052404 0 0.998626 -0.052404 0 -1 -1.98732e-17 0 
1 -9.93661e-18 0 -0.998626 0.052404 0 0.998626 0.052404 0 
-0.994512 0.104621 0 0.994512 0.104621 0 -0.987669 0.156555 0 
0.987669 0.156555 0 -0.978077 0.208246 0 0.978077 0.208246 0 
-0.965668 0.25978 0 0.965668 0.25978 0 -0.950399 0.311035 0 
0.950399 0.311035 0 -0.948365 0.31718 0 -0.932569 0.360992 0 
0.932569 0.360992 0 0.948365 0.31718 0 -0.911556 0.411175 0 
0.911556 0.411175 0 -0.896969 0.442093 0 -0.887692 0.460438 0 
0.887692 0.460438 0 0.896969 0.442093 0 -0.860443 0.509546 0 
0.860443 0.509546 0 -0.847006 0.531583 0 -0.829956 0.557828 0 
0.829956 0.557828 0 0.847006 0.531583 0 -0.797681 0.603079 0 
-0.795479 0.605981 0 0.795479 0.605981 0 0.797681 0.603079 0 
-0.756504 0.653989 0 0.756504 0.653989 0 -0.749659 0.661824 0 
-0.712359 0.701815 0 0.712359 0.701815 0 0.749659 0.661824 0 
-0.701815 0.712359 0 -0.661824 0.749659 0 0.661824 0.749659 0 
0.701815 0.712359 0 -0.653989 0.756504 0 -0.605981 0.795479 0 
-0.603079 0.797681 0 0.603079 0.797681 0 0.605981 0.795479 0 
0.653989 0.756504 0 -0.557828 0.829956 0 -0.531583 0.847006 0 
0.531583 0.847006 0 0.557828 0.829956 0 -0.509546 0.860443 0 
-0.460438 0.887692 0 -0.442093 0.896969 0 0.442093 0.896969 0 
0.460438 0.887692 0 0.509546 0.860443 0 -0.411175 0.911556 0 
-0.360992 0.932569 0 -0.31718 0.948365 0 0.31718 0.948365 0 
0.360992 0.932569 0 0.411175 0.911556 0 -0.311035 0.950399 0 
-0.25978 0.965668 0 -0.208246 0.978077 0 -0.156555 0.987669 0 
-0.104621 0.994512 0 -0.052404 0.998626 0 1.30761e-16 1 0 
0.052404 0.998626 0 0.104621 0.994512 0 0.156555 0.987669 0 
0.208246 0.978077 0 0.25978 0.965668 0 0.311035 0.950399 0 
-0.311035 -0.950399 0 -0.31718 -0.948365 0 -0.25978 -0.965668 0 
-0.208246 -0.978077 0 -0.156555 -0.987669 0 -0.104621 -0.994512 0 
-0.052404 -0.998626 0 -1.20824e-16 -1 0 0.052404 -0.998626 0 
0.104621 -0.994512 0 0.156555 -0.987669 0 0.208246 -0.978077 0 
0.25978 -0.965668 0 0.311035 -0.950399 0 0.31718 -0.948365 0 
-0.411175 -0.911556 0 -0.442093 -0.896969 0 -0.360992 -0.932569 0 
0.360992 -0.932569 0 0.411175 -0.911556 0 0.442093 -0.896969 0 
-0.509546 -0.860443 0 -0.531583 -0.847006 0 -0.460438 -0.887692 0 
0.460438 -0.887692 0 0.509546 -0.860443 0 0.531583 -0.847006 0 
-0.557828 -0.829956 0 -0.603079 -0.797681 0 0.557828 -0.829956 0 
0.603079 -0.797681 0 -0.653989 -0.756504 0 -0.661824 -0.749659 0 
-0.605981 -0.795479 0 0.605981 -0.795479 0 0.653989 -0.756504 0 
0.661824 -0.749659 0 -0.701815 -0.712359 0 -0.712359 -0.701815 0 
0.701815 -0.712359 0 0.712359 -0.701815 0 -0.749659 -0.661824 0 
-0.756504 -0.653989 0 0.749659 -0.661824 0 0.756504 -0.653989 0 
-0.795479 -0.605981 0 0.795479 -0.605981 0 -0.797681 -0.603079 0 
-0.829956 -0.557828 0 0.797681 -0.603079 0 0.829956 -0.557828 0 
-0.847006 -0.531583 0 -0.860443 -0.509546 0 0.847006 -0.531583 0 
0.860443 -0.509546 0 -0.887692 -0.460438 0 0.887692 -0.460438 0 
-0.896969 -0.442093 0 -0.911556 -0.411175 0 0.896969 -0.442093 0 
0.911556 -0.411175 0 -0.932569 -0.360992 0 0.932569 -0.360992 0 
-0.948365 -0.31718 0 -0.950399 -0.311035 0 0.948365 -0.31718 0 
0.950399 -0.311035 0 -0.965668 -0.25978 0 0.965668 -0.25978 0 
-0.978077 -0.208246 0 0.978077 -0.208246 0 -0.987669 -0.156555 0 
0.987669 -0.156555 0 -0.994512 -0.104621 0 0.994512 -0.104621 0 
-0.998626 -0.052404 0 0.998626 -0.052404 0 -1 -1.98732e-17 0 
1 -9.93661e-18 0 -0.998626 0.052404 0 0.998626 0.052404 0 
-0.994512 0.104621 0 0.994512 0.104621 0 -0.987669 0.156555 0 
0.987669 0.156555 0 -0.978077 0.208246 0 0.978077 0.208246 0 
-0.965668 0.25978 0 0.965668 0.25978 0 -0.950399 0.311035 0 
0.950399 0.311035 0 -0.948365 0.31718 0 -0.932569 0.360992 0 
0.932569 0.360992 0 0.948365 0.31718 0 -0.911556 0.411175 0 
0.911556 0.411175 0 -0.896969 0.442093 0 -0.887692 0.460438 0 
0.887692 0.460438 0 0.896969 0.442093 0 -0.860443 0.509546 0 
0.860443 0.509546 0 -0.847006 0.531583 0 -0.829956 0.557828 0 
0.829956 0.557828 0 0.847006 0.531583 0 -0.797681 0.603079 0 
-0.795479 0.605981 0 0.795479 0.605981 0 0.797681 0.603079 0 
-0.756504 0.653989 0 0.756504 0.653989 0 -0.749659 0.661824 0 
-0.712359 0.701815 0 0.712359 0.701815 0 0.749659 0.661824 0 
-0.701815 0.712359 0 -0.661824 0.749659 0 0.661824 0.749659 0 
0.701815 0.712359 0 -0.653989 0.756504 0 -0.605981 0.795479 0 
-0.603079 0.797681 0 0.603079 0.797681 0 0.605981 0.795479 0 
0.653989 0.756504 0 -0.557828 0.829956 0 -0.531583 0.847006 0 
0.531583 0.847006 0 0.557828 0.829956 0 -0.509546 0.860443 0 
-0.460438 0.887692 0 -0.442093 0.896969 0 0.442093 0.896969 0 
0.460438 0.887692 0 0.509546 0.860443 0 -0.411175 0.911556 0 
-0.360992 0.932569 0 -0.31718 0.948365 0 0.31718 0.948365 0 
0.360992 0.932569 0 0.411175 0.911556 0 -0.311035 0.950399 0 
-0.25978 0.965668 0 -0.208246 0.978077 0 -0.156555 0.987669 0 
-0.104621 0.994512 0 -0.052404 0.998626 0 1.30761e-16 1 0 
0.052404 0.998626 0 0.104621 0.994512 0 0.156555 0.987669 0 
0.208246 0.978077 0 0.25978 0.965668 0 0.311035 0.950399 0 
-0.311035 -0.950399 0 -0.31718 -0.948365 0 -0.25978 -0.965668 0 
-0.208246 -0.978077 0 -0.156555 -0.987669 0 -0.104621 -0.994512 0 
-0.052404 -0.998626 0 -1.20824e-16 -1 0 0.052404 -0.998626 0 
0.104621 -0.994512 0 0.156555 -0.987669 0 0.208246 -0.978077 0 
0.25978 -0.965668 0 0.311035 -0.950399 0 0.31718 -0.948365 0 
-0.411175 -0.911556 0 -0.442093 -0.896969 0 -0.360992 -0.932569 0 
0.360992 -0.932569 0 0.411175 -0.911556 0 0.442093 -0.896969 0 
-0.509546 -0.860443 0 -0.531583 -0.847006 0 -0.460438 -0.887692 0 
0.460438 -0.887692 0 0.509546 -0.860443 0 0.531583 -0.847006 0 
-0.557828 -0.829956 0 -0.603079 -0.797681 0 0.557828 -0.829956 0 
0.603079 -0.797681 0 -0.653989 -0.756504 0 -0.661824 -0.749659 0 
-0.605981 -0.795479 0 0.605981 -0.795479 0 0.653989 -0.756504 0 
0.661824 -0.749659 0 -0.701815 -0.712359 0 -0.712359 -0.701815 0 
0.701815 -0.712359 0 0.712359 -0.701815 0 -0.749659 -0.661824 0 
-0.756504 -0.653989 0 0.749659 -0.661824 0 0.756504 -0.653989 0 
-0.795479 -0.605981 0 0.795479 -0.605981 0 -0.797681 -0.603079 0 
-0.829956 -0.557828 0 0.797681 -0.603079 0 0.829956 -0.557828 0 
-0.847006 -0.531583 0 -0.860443 -0.509546 0 0.847006 -0.531583 0 
0.860443 -0.509546 0 -0.887692 -0.460438 0 0.887692 -0.460438 0 
-0.896969 -0.442093 0 -0.911556 -0.411175 0 0.896969 -0.442093 0 
0.911556 -0.411175 0 -0.932569 -0.360992 0 0.932569 -0.360992 0 
-0.948365 -0.31718 0 -0.950399 -0.311035 0 0.948365 -0.31718 0 
0.950399 -0.311035 0 -0.965668 -0.25978 0 0.965668 -0.25978 0 
-0.978077 -0.208246 0 0.978077 -0.208246 0 -0.987669 -0.156555 0 
0.987669 -0.156555 0 -0.994512 -0.104621 0 0.994512 -0.104621 0 
-0.998626 -0.052404 0 0.998626 -0.052404 0 -1 -1.98732e-17 0 
1 -9.93661e-18 0 -0.998626 0.052404 0 0.998626 0.052404 0 
-0.994512 0.104621 0 0.994512 0.104621 0 -0.987669 0.156555 0 
0.987669 0.156555 0 -0.978077 0.208246 0 0.978077 0.208246 0 
-0.965668 0.25978 0 0.965668 0.25978 0 -0.950399 0.311035 0 
0.950399 0.311035 0 -0.948365 0.31718 0 -0.932569 0.360992 0 
0.932569 0.360992 0 0.948365 0.31718 0 -0.911556 0.411175 0 
0.911556 0.411175 0 -0.896969 0.442093 0 -0.887692 0.460438 0 
0.887692 0.460438 0 0.896969 0.442093 0 -0.860443 0.509546 0 
0.860443 0.509546 0 -0.847006 0.531583 0 -0.829956 0.557828 0 
0.829956 0.557828 0 0.847006 0.531583 0 -0.797681 0.603079 0 
-0.795479 0.605981 0 0.795479 0.605981 0 0.797681 0.603079 0 
-0.756504 0.653989 0 0.756504 0.653989 0 -0.749659 0.661824 0 
-0.712359 0.701815 0 0.712359 0.701815 0 0.749659 0.661824 0 
-0.701815 0.712359 0 -0.661824 0.749659 0 0.661824 0.749659 0 
0.701815 0.712359 0 -0.653989 0.756504 0 -0.605981 0.795479 0 
-0.603079 0.797681 0 0.603079 0.797681 0 0.605981 0.795479 0 
0.653989 0.756504 0 -0.557828 0.829956 0 -0.531583 0.847006 0 
0.531583 0.847006 0 0.557828 0.829956 0 -0.509546 0.860443 0 
-0.460438 0.887692 0 -0.442093 0.896969 0 0.442093 0.896969 0 
0.460438 0.887692 0 0.509546 0.860443 0 -0.411175 0.911556 0 
-0.360992 0.932569 0 -0.31718 0.948365 0 0.31718 0.948365 0 
0.360992 0.932569 0 0.411175 0.911556 0 -0.311035 0.950399 0 
-0.25978 0.965668 0 -0.208246 0.978077 0 -0.156555 0.987669 0 
-0.104621 0.994512 0 -0.052404 0.998626 0 1.30761e-16 1 0 
0.052404 0.998626 0 0.104621 0.994512 0 0.156555 0.987669 0 
0.208246 0.978077 0 0.25978 0.965668 0 0.311035 0.950399 0 
-0.311035 -0.950399 0 -0.31718 -0.948365 0 -0.25978 -0.965668 0 
-0.208246 -0.978077 0 -0.156555 -0.987669 0 -0.104621 -0.994512 0 
-0.052404 -0.998626 0 -1.20824e-16 -1 0 0.052404 -0.998626 0 
0.104621 -0.994512 0 0.156555 -0.987669 0 0.208246 -0.978077 0 
0.25978 -0.965668 0 0.311035 -0.950399 0 0.31718 -0.948365 0 
-0.411175 -0.911556 0 -0.442093 -0.896969 0 -0.360992 -0.932569 0 
0.360992 -0.932569 0 0.411175 -0.911556 0 0.442093 -0.896969 0 
-0.509546 -0.860443 0 -0.531583 -0.847006 0 -0.460438 -0.887692 0 
0.460438 -0.887692 0 0.509546 -0.860443 0 0.531583 -0.847006 0 
-0.557828 -0.829956 0 -0.603079 -0.797681 0 0.557828 -0.829956 0 
0.603079 -0.797681 0 -0.653989 -0.756504 0 -0.661824 -0.749659 0 
-0.605981 -0.795479 0 0.605981 -0.795479 0 0.653989 -0.756504 0 
0.661824 -0.749659 0 -0.701815 -0.712359 0 -0.712359 -0.701815 0 
0.701815 -0.712359 0 0.712359 -0.701815 0 -0.749659 -0.661824 0 
-0.756504 -0.653989 0 0.749659 -0.661824 0 0.756504 -0.653989 0 
-0.795479 -0.605981 0 0.795479 -0.605981 0 -0.797681 -0.603079 0 
-0.829956 -0.557828 0 0.797681 -0.603079 0 0.829956 -0.557828 0 
-0.847006 -0.531583 0 -0.860443 -0.509546 0 0.847006 -0.531583 0 
0.860443 -0.509546 0 -0.887692 -0.460438 0 0.887692 -0.460438 0 
-0.896969 -0.442093 0 -0.911556 -0.411175 0 0.896969 -0.442093 0 
0.911556 -0.411175 0 -0.932569 -0.360992 0 0.932569 -0.360992 0 
-0.948365 -0.31718 0 -0.950399 -0.311035 0 0.948365 -0.31718 0 
0.950399 -0.311035 0 -0.965668 -0.25978 0 0.965668 -0.25978 0 
-0.978077 -0.208246 0 0.978077 -0.208246 0 -0.987669 -0.156555 0 
0.987669 -0.156555 0 -0.994512 -0.104621 0 0.994512 -0.104621 0 
-0.998626 -0.052404 0 0.998626 -0.052404 0 -1 -1.98732e-17 0 
1 -9.93661e-18 0 -0.998626 0.052404 0 0.998626 0.052404 0 
-0.994512 0.104621 0 0.994512 0.104621 0 -0.987669 0.156555 0 
0.987669 0.156555 0 -0.978077 0.208246 0 0.978077 0.208246 0 
-0.965668 0.25978 0 0.965668 0.25978 0 -0.950399 0.311035 0 
0.950399 0.311035 0 -0.948365 0.31718 0 -0.932569 0.360992 0 
0.932569 0.360992 0 0.948365 0.31718 0 -0.911556 0.411175 0 
0.911556 0.411175 0 -0.896969 0.442093 0 -0.887692 0.460438 0 
0.887692 0.460438 0 0.896969 0.442093 0 -0.860443 0.509546 0 
0.860443 0.509546 0 -0.847006 0.531583 0 -0.829956 0.557828 0 
0.829956 0.557828 0 0.847006 0.531583 0 -0.797681 0.603079 0 
-0.795479 0.605981 0 0.795479 0.605981 0 0.797681 0.603079 0 
-0.756504 0.653989 0 0.756504 0.653989 0 -0.749659 0.661824 0 
-0.712359 0.701815 0 0.712359 0.701815 0 0.749659 0.661824 0 
-0.701815 0.712359 0 -0.661824 0.749659 0 0.661824 0.749659 0 
0.701815 0.712359 0 -0.653989 0.756504 0 -0.605981 0.795479 0 
-0.603079 0.797681 0 0.603079 0.797681 0 0.605981 0.795479 0 
0.653989 0.756504 0 -0.557828 0.829956 0 -0.531583 0.847006 0 
0.531583 0.847006 0 0.557828 0.829956 0 -0.509546 0.860443 0 
-0.460438 0.887692 0 -0.442093 0.896969 0 0.442093 0.896969 0 
0.460438 0.887692 0 0.509546 0.860443 0 -0.411175 0.911556 0 
-0.360992 0.932569 0 -0.31718 0.948365 0 0.31718 0.948365 0 
0.360992 0.932569 0 0.411175 0.911556 0 -0.311035 0.950399 0 
-0.25978 0.965668 0 -0.208246 0.978077 0 -0.156555 0.987669 0 
-0.104621 0.994512 0 -0.052404 0.998626 0 1.30761e-16 1 0 
0.052404 0.998626 0 0.104621 0.994512 0 0.156555 0.987669 0 
0.208246 0.978077 0 0.25978 0.965668 0 0.311035 0.950399 0 
-0.311035 -0.950399 0 -0.31718 -0.948365 0 -0.25978 -0.965668 0 
-0.208246 -0.978077 0 -0.156555 -0.987669 0 -0.104621 -0.994512 0 
-0.052404 -0.998626 0 -1.20824e-16 -1 0 0.052404 -0.998626 0 
0.104621 -0.994512 0 0.156555 -0.987669 0 0.208246 -0.978077 0 
0.25978 -0.965668 0 0.311035 -0.950399 0 0.31718 -0.948365 0 
-0.411175 -0.911556 0 -0.442093 -0.896969 0 -0.360992 -0.932569 0 
0.360992 -0.932569 0 0.411175 -0.911556 0 0.442093 -0.896969 0 
-0.509546 -0.860443 0 -0.531583 -0.847006 0 -0.460438 -0.887692 0 
0.460438 -0.887692 0 0.509546 -0.860443 0 0.531583 -0.847006 0 
-0.557828 -0.829956 0 -0.603079 -0.797681 0 0.557828 -0.829956 0 
0.603079 -0.797681 0 -0.653989 -0.756504 0 -0.661824 -0.749659 0 
-0.605981 -0.795479 0 0.605981 -0.795479 0 0.653989 -0.756504 0 
0.661824 -0.749659 0 -0.701815 -0.712359 0 -0.712359 -0.701815 0 
0.701815 -0.712359 0 0.712359 -0.701815 0 -0.749659 -0.661824 0 
-0.756504 -0.653989 0 0.749659 -0.661824 0 0.756504 -0.653989 0 
-0.795479 -0.605981 0 0.795479 -0.605981 0 -0.797681 -0.603079 0 
-0.829956 -0.557828 0 0.797681 -0.603079 0 0.829956 -0.557828 0 
-0.847006 -0.531583 0 -0.860443 -0.509546 0 0.847006 -0.531583 0 
0.860443 -0.509546 0 -0.887692 -0.460438 0 0.887692 -0.460438 0 
-0.896969 -0.442093 0 -0.911556 -0.411175 0 0.896969 -0.442093 0 
0.911556 -0.411175 0 -0.932569 -0.360992 0 0.932569 -0.360992 0 
-0.948365 -0.31718 0 -0.950399 -0.311035 0 0.948365 -0.31718 0 
0.950399 -0.311035 0 -0.965668 -0.25978 0 0.965668 -0.25978 0 
-0.978077 -0.208246 0 0.978077 -0.208246 0 -0.987669 -0.156555 0 
0.987669 -0.156555 0 -0.994512 -0.104621 0 0.994512 -0.104621 0 
-0.998626 -0.052404 0 0.998626 -0.052404 0 -1 -1.98732e-17 0 
1 -9.93661e-18 0 -0.998626 0.052404 0 0.998626 0.052404 0 
-0.994512 0.104621 0 0.994512 0.104621 0 -0.987669 0.156555 0 
0.987669 0.156555 0 -0.978077 0.208246 0 0.978077 0.208246 0 
-0.965668 0.25978 0 0.965668 0.25978 0 -0.950399 0.311035 0 
0.950399 0.311035 0 -0.948365 0.31718 0 -0.932569 0.360992 0 
0.932569 0.360992 0 0.948365 0.31718 0 -0.911556 0.411175 0 
0.911556 0.411175 0 -0.896969 0.442093 0 -0.887692 0.460438 0 
0.887692 0.460438 0 0.896969 0.442093 0 -0.860443 0.509546 0 
0.860443 0.509546 0 -0.847006 0.531583 0 -0.829956 0.557828 0 
0.829956 0.557828 0 0.847006 0.531583 0 -0.797681 0.603079 0 
-0.795479 0.605981 0 0.795479 0.605981 0 0.797681 0.603079 0 
-0.756504 0.653989 0 0.756504 0.653989 0 -0.749659 0.661824 0 
-0.712359 0.701815 0 0.712359 0.701815 0 0.749659 0.661824 0 
-0.701815 0.712359 0 -0.661824 0.749659 0 0.661824 0.749659 0 
0.701815 0.712359 0 -0.653989 0.756504 0 -0.605981 0.795479 0 
-0.603079 0.797681 0 0.603079 0.797681 0 0.605981 0.795479 0 
0.653989 0.756504 0 -0.557828 0.829956 0 -0.531583 0.847006 0 
0.531583 0.847006 0 0.557828 0.829956 0 -0.509546 0.860443 0 
-0.460438 0.887692 0 -0.442093 0.896969 0 0.442093 0.896969 0 
0.460438 0.887692 0 0.509546 0.860443 0 -0.411175 0.911556 0 
-0.360992 0.932569 0 -0.31718 0.948365 0 0.31718 0.948365 0 
0.360992 0.932569 0 0.411175 0.911556 0 -0.311035 0.950399 0 
-0.25978 0.965668 0 -0.208246 0.978077 0 -0.156555 0.987669 0 
-0.104621 0.994512 0 -0.052404 0.998626 0 1.30761e-16 1 0 
0.052404 0.998626 0 0.104621 0.994512 0 0.156555 0.987669 0 
0.208246 0.978077 0 0.25978 0.965668 0 0.311035 0.950399 0 
-0.311035 -0.950399 0 -0.31718 -0.948365 0 -0.25978 -0.965668 0 
-0.208246 -0.978077 0 -0.156555 -0.987669 0 -0.104621 -0.994512 0 
-0.052404 -0.998626 0 -1.20824e-16 -1 0 0.052404 -0.998626 0 
0.104621 -0.994512 0 0.156555 -0.987669 0 0.208246 -0.978077 0 
0.25978 -0.965668 0 0.311035 -0.950399 0 0.31718 -0.948365 0 
-0.411175 -0.911556 0 -0.442093 -0.896969 0 -0.360992 -0.932569 0 
0.360992 -0.932569 0 0.411175 -0.911556 0 0.442093 -0.896969 0 
-0.509546 -0.860443 0 -0.531583 -0.847006 0 -0.460438 -0.887692 0 
0.460438 -0.887692 0 0.509546 -0.860443 0 0.531583 -0.847006 0 
-0.557828 -0.829956 0 -0.603079 -0.797681 0 0.557828 -0.829956 0 
0.603079 -0.797681 0 -0.653989 -0.756504 0 -0.661824 -0.749659 0 
-0.605981 -0.795479 0 0.605981 -0.795479 0 0.653989 -0.756504 0 
0.661824 -0.749659 0 -0.701815 -0.712359 0 -0.712359 -0.701815 0 
0.701815 -0.712359 0 0.712359 -0.701815 0 -0.749659 -0.661824 0 
-0.756504 -0.653989 0 0.749659 -0.661824 0 0.756504 -0.653989 0 
-0.795479 -0.605981 0 0.795479 -0.605981 0 -0.797681 -0.603079 0 
-0.829956 -0.557828 0 0.797681 -0.603079 0 0.829956 -0.557828 0 
-0.847006 -0.531583 0 -0.860443 -0.509546 0 0.847006 -0.531583 0 
0.860443 -0.509546 0 -0.887692 -0.460438 0 0.887692 -0.460438 0 
-0.896969 -0.442093 0 -0.911556 -0.411175 0 0.896969 -0.442093 0 
0.911556 -0.411175 0 -0.932569 -0.360992 0 0.932569 -0.360992 0 
-0.948365 -0.31718 0 -0.950399 -0.311035 0 0.948365 -0.31718 0 
0.950399 -0.311035 0 -0.965668 -0.25978 0 0.965668 -0.25978 0 
-0.978077 -0.208246 0 0.978077 -0.208246 0 -0.987669 -0.156555 0 
0.987669 -0.156555 0 -0.994512 -0.104621 0 0.994512 -0.104621 0 
-0.998626 -0.052404 0 0.998626 -0.052404 0 -1 -1.98732e-17 0 
1 -9.93661e-18 0 -0.998626 0.052404 0 0.998626 0.052404 0 
-0.994512 0.104621 0 0.994512 0.104621 0 -0.987669 0.156555 0 
0.987669 0.156555 0 -0.978077 0.208246 0 0.978077 0.208246 0 
-0.965668 0.25978 0 0.965668 0.25978 0 -0.950399 0.311035 0 
0.950399 0.311035 0 -0.948365 0.31718 0 -0.932569 0.360992 0 
0.932569 0.360992 0 0.948365 0.31718 0 -0.911556 0.411175 0 
0.911556 0.411175 0 -0.896969 0.442093 0 -0.887692 0.460438 0 
0.887692 0.460438 0 0.896969 0.442093 0 -0.860443 0.509546 0 
0.860443 0.509546 0 -0.847006 0.531583 0 -0.829956 0.557828 0 
0.829956 0.557828 0 0.847006 0.531583 0 -0.797681 0.603079 0 
-0.795479 0.605981 0 0.795479 0.605981 0 0.797681 0.603079 0 
-0.756504 0.653989 0 0.756504 0.653989 0 -0.749659 0.661824 0 
-0.712359 0.701815 0 0.712359 0.701815 0 0.749659 0.661824 0 
-0.701815 0.712359 0 -0.661824 0.749659 0 0.661824 0.749659 0 
0.701815 0.712359 0 -0.653989 0.756504 0 -0.605981 0.795479 0 
-0.603079 0.797681 0 0.603079 0.797681 0 0.605981 0.795479 0 
0.653989 0.756504 0 -0.557828 0.829956 0 -0.531583 0.847006 0 
0.531583 0.847006 0 0.557828 0.829956 0 -0.509546 0.860443 0 
-0.460438 0.887692 0 -0.442093 0.896969 0 0.442093 0.896969 0 
0.460438 0.887692 0 0.509546 0.860443 0 -0.411175 0.911556 0 
-0.360992 0.932569 0 -0.31718 0.948365 0 0.31718 0.948365 0 
0.360992 0.932569 0 0.411175 0.911556 0 -0.311035 0.950399 0 
-0.25978 0.965668 0 -0.208246 0.978077 0 -0.156555 0.987669 0 
-0.104621 0.994512 0 -0.052404 0.998626 0 1.30761e-16 1 0 
0.052404 0.998626 0 0.104621 0.994512 0 0.156555 0.987669 0 
0.208246 0.978077 0 0.25978 0.965668 0 0.311035 0.950399 0 
-0.311035 -0.950399 0 -0.31718 -0.948365 0 -0.25978 -0.965668 0 
-0.208246 -0.978077 0 -0.156555 -0.987669 0 -0.104621 -0.994512 0 
-0.052404 -0.998626 0 -1.20824e-16 -1 0 0.052404 -0.998626 0 
0.104621 -0.994512 0 0.156555 -0.987669 0 0.208246 -0.978077 0 
0.25978 -0.965668 0 0.311035 -0.950399 0 0.31718 -0.948365 0 
-0.411175 -0.911556 0 -0.442093 -0.896969 0 -0.360992 -0.932569 0 
0.360992 -0.932569 0 0.411175 -0.911556 0 0.442093 -0.896969 0 
-0.509546 -0.860443 0 -0.531583 -0.847006 0 -0.460438 -0.887692 0 
0.460438 -0.887692 0 0.509546 -0.860443 0 0.531583 -0.847006 0 
-0.557828 -0.829956 0 -0.603079 -0.797681 0 0.557828 -0.829956 0 
0.603079 -0.797681 0 -0.653989 -0.756504 0 -0.661824 -0.749659 0 
-0.605981 -0.795479 0 0.605981 -0.795479 0 0.653989 -0.756504 0 
0.661824 -0.749659 0 -0.701815 -0.712359 0 -0.712359 -0.701815 0 
0.701815 -0.712359 0 0.712359 -0.701815 0 -0.749659 -0.661824 0 
-0.756504 -0.653989 0 0.749659 -0.661824 0 0.756504 -0.653989 0 
-0.795479 -0.605981 0 0.795479 -0.605981 0 -0.797681 -0.603079 0 
-0.829956 -0.557828 0 0.797681 -0.603079 0 0.829956 -0.557828 0 
-0.847006 -0.531583 0 -0.860443 -0.509546 0 0.847006 -0.531583 0 
0.860443 -0.509546 0 -0.887692 -0.460438 0 0.887692 -0.460438 0 
-0.896969 -0.442093 0 -0.911556 -0.411175 0 0.896969 -0.442093 0 
0.911556 -0.411175 0 -0.932569 -0.360992 0 0.932569 -0.360992 0 
-0.948365 -0.31718 0 -0.950399 -0.311035 0 0.948365 -0.31718 0 
0.950399 -0.311035 0 -0.965668 -0.25978 0 0.965668 -0.25978 0 
-0.978077 -0.208246 0 0.978077 -0.208246 0 -0.987669 -0.156555 0 
0.987669 -0.156555 0 -0.994512 -0.104621 0 0.994512 -0.104621 0 
-0.998626 -0.052404 0 0.998626 -0.052404 0 -1 -1.98732e-17 0 
1 -9.93661e-18 0 -0.998626 0.052404 0 0.998626 0.052404 0 
-0.994512 0.104621 0 0.994512 0.104621 0 -0.987669 0.156555 0 
0.987669 0.156555 0 -0.978077 0.208246 0 0.978077 0.208246 0 
-0.965668 0.25978 0 0.965668 0.25978 0 -0.950399 0.311035 0 
0.950399 0.311035 0 -0.948365 0.31718 0 -0.932569 0.360992 0 
0.932569 0.360992 0 0.948365 0.31718 0 -0.911556 0.411175 0 
0.911556 0.411175 0 -0.896969 0.442093 0 -0.887692 0.460438 0 
0.887692 0.460438 0 0.896969 0.442093 0 -0.860443 0.509546 0 
0.860443 0.509546 0 -0.847006 0.531583 0 -0.829956 0.557828 0 
0.829956 0.557828 0 0.847006 0.531583 0 -0.797681 0.603079 0 
-0.795479 0.605981 0 0.795479 0.605981 0 0.797681 0.603079 0 
-0.756504 0.653989 0 0.756504 0.653989 0 -0.749659 0.661824 0 
-0.712359 0.701815 0 0.712359 0.701815 0 0.749659 0.661824 0 
-0.701815 0.712359 0 -0.661824 0.749659 0 0.661824 0.749659 0 
0.701815 0.712359 0 -0.653989 0.756504 0 -0.605981 0.795479 0 
-0.603079 0.797681 0 0.603079 0.797681 0 0.605981 0.795479 0 
0.653989 0.756504 0 -0.557828 0.829956 0 -0.531583 0.847006 0 
0.531583 0.847006 0 0.557828 0.829956 0 -0.509546 0.860443 0 
-0.460438 0.887692 0 -0.442093 0.896969 0 0.442093 0.896969 0 
0.460438 0.887692 0 0.509546 0.860443 0 -0.411175 0.911556 0 
-0.360992 0.932569 0 -0.31718 0.948365 0 0.31718 0.948365 0 
0.360992 0.932569 0 0.411175 0.911556 0 -0.311035 0.950399 0 
-0.25978 0.965668 0 -0.208246 0.978077 0 -0.156555 0.987669 0 
-0.104621 0.994512 0 -0.052404 0.998626 0 1.30761e-16 1 0 
0.052404 0.998626 0 0.104621 0.994512 0 0.156555 0.987669 0 
0.208246 0.978077 0 0.25978 0.965668 0 0.311035 0.950399 0 
-0.311035 -0.950399 0 -0.31718 -0.948365 0 -0.25978 -0.965668 0 
-0.208246 -0.978077 0 -0.156555 -0.987669 0 -0.104621 -0.994512 0 
-0.052404 -0.998626 0 -1.20824e-16 -1 0 0.052404 -0.998626 0 
0.104621 -0.994512 0 0.156555 -0.987669 0 0.208246 -0.978077 0 
0.25978 -0.965668 0 0.311035 -0.950399 0 0.31718 -0.948365 0 
-0.411175 -0.911556 0 -0.442093 -0.896969 0 -0.360992 -0.932569 0 
0.360992 -0.932569 0 0.411175 -0.911556 0 0.442093 -0.896969 0 
-0.509546 -0.860443 0 -0.531583 -0.847006 0 -0.460438 -0.887692 0 
0.460438 -0.887692 0 0.509546 -0.860443 0 0.531583 -0.847006 0 
-0.557828 -0.829956 0 -0.603079 -0.797681 0 0.557828 -0.829956 0 
0.603079 -0.797681 0 -0.653989 -0.756504 0 -0.661824 -0.749659 0 
-0.605981 -0.795479 0 0.605981 -0.795479 0 0.653989 -0.756504 0 
0.661824 -0.749659 0 -0.701815 -0.712359 0 -0.712359 -0.701815 0 
0.701815 -0.712359 0 0.712359 -0.701815 0 -0.749659 -0.661824 0 
-0.756504 -0.653989 0 0.749659 -0.661824 0 0.756504 -0.653989 0 
-0.795479 -0.605981 0 0.795479 -0.605981 0 -0.797681 -0.603079 0 
-0.829956 -0.557828 0 0.797681 -0.603079 0 0.829956 -0.557828 0 
-0.847006 -0.531583 0 -0.860443 -0.509546 0 0.847006 -0.531583 0 
0.860443 -0.509546 0 -0.887692 -0.460438 0 0.887692 -0.460438 0 
-0.896969 -0.442093 0 -0.911556 -0.411175 0 0.896969 -0.442093 0 
0.911556 -0.411175 0 -0.932569 -0.360992 0 0.932569 -0.360992 0 
-0.948365 -0.31718 0 -0.950399 -0.311035 0 0.948365 -0.31718 0 
0.950399 -0.311035 0 -0.965668 -0.25978 0 0.965668 -0.25978 0 
-0.978077 -0.208246 0 0.978077 -0.208246 0 -0.987669 -0.156555 0 
0.987669 -0.156555 0 -0.994512 -0.104621 0 0.994512 -0.104621 0 
-0.998626 -0.052404 0 0.998626 -0.052404 0 -1 -1.98732e-17 0 
1 -9.93661e-18 0 -0.998626 0.052404 0 0.998626 0.052404 0 
-0.994512 0.104621 0 0.994512 0.104621 0 -0.987669 0.156555 0 
0.987669 0.156555 0 -0.978077 0.208246 0 0.978077 0.208246 0 
-0.965668 0.25978 0 0.965668 0.25978 0 -0.950399 0.311035 0 
0.950399 0.311035 0 -0.948365 0.31718 0 -0.932569 0.360992 0 
0.932569 0.360992 0 0.948365 0.31718 0 -0.911556 0.411175 0 
0.911556 0.411175 0 -0.896969 0.442093 0 -0.887692 0.460438 0 
0.887692 0.460438 0 0.896969 0.442093 0 -0.860443 0.509546 0 
0.860443 0.509546 0 -0.847006 0.531583 0 -0.829956 0.557828 0 
0.829956 0.557828 0 0.847006 0.531583 0 -0.797681 0.603079 0 
-0.795479 0.605981 0 0.795479 0.605981 0 0.797681 0.603079 0 
-0.756504 0.653989 0 0.756504 0.653989 0 -0.749659 0.661824 0 
-0.712359 0.701815 0 0.712359 0.701815 0 0.749659 0.661824 0 
-0.701815 0.712359 0 -0.661824 0.749659 0 0.661824 0.749659 0 
0.701815 0.712359 0 -0.653989 0.756504 0 -0.605981 0.795479 0 
-0.603079 0.797681 0 0.603079 0.797681 0 0.605981 0.795479 0 
0.653989 0.756504 0 -0.557828 0.829956 0 -0.531583 0.847006 0 
0.531583 0.847006 0 0.557828 0.829956 0 -0.509546 0.860443 0 
-0.460438 0.887692 0 -0.442093 0.896969 0 0.442093 0.896969 0 
0.460438 0.887692 0 0.509546 0.860443 0 -0.411175 0.911556 0 
-0.360992 0.932569 0 -0.31718 0.948365 0 0.31718 0.948365 0 
0.360992 0.932569 0 0.411175 0.911556 0 -0.311035 0.950399 0 
-0.25978 0.965668 0 -0.208246 0.978077 0 -0.156555 0.987669 0 
-0.104621 0.994512 0 -0.052404 0.998626 0 1.30761e-16 1 0 
0.052404 0.998626 0 0.104621 0.994512 0 0.156555 0.987669 0 
0.208246 0.978077 0 0.25978 0.965668 0 0.311035 0.950399 0 

