# vtk DataFile Version 5.1
vtk output
ASCII
DATASET POLYDATA
POINTS 7440 float
0 30 15 1 30 15 2 30 15 
3 30 15 4 30 15 5 30 15 
6 30 15 7 30 15 8 30 15 
9 30 15 10 30 15 11 30 15 
12 30 15 13 30 15 14 30 15 
15 30 15 16 30 15 17 30 15 
18 30 15 19 30 15 20 30 15 
21 30 15 22 30 15 23 30 15 
24 30 15 25 30 15 26 30 15 
27 30 15 28 30 15 29 30 15 
30 30 15 31 30 15 32 30 15 
33 30 15 34 30 15 35 30 15 
36 30 15 37 30 15 38 30 15 
39 30 15 40 30 15 41 30 15 
42 30 15 43 30 15 44 30 15 
45 30 15 46 30 15 47 30 15 
48 30 15 49 30 15 50 30 15 
51 30 15 52 30 15 53 30 15 
54 30 15 55 30 15 56 30 15 
57 30 15 58 30 15 59 30 15 
0 25 15.8329 1 25 15.8329 2 25 15.8329 
3 25 15.8329 4 25 15.8329 5 25 15.8329 
6 25 15.8329 7 25 15.8329 8 25 15.8329 
9 25 15.8329 10 25 15.8329 11 25 15.8329 
12 25 15.8329 13 25 15.8329 14 25 15.8329 
15 25 15.8329 16 25 15.8329 17 25 15.8329 
18 25 15.8329 19 25 15.8329 20 25 15.8329 
21 25 15.8329 22 25 15.8329 23 25 15.8329 
24 25 15.8329 25 25 15.8329 26 25 15.8329 
27 25 15.8329 28 25 15.8329 29 25 15.8329 
30 25 15.8329 31 25 15.8329 32 25 15.8329 
33 25 15.8329 34 25 15.8329 35 25 15.8329 
36 25 15.8329 37 25 15.8329 38 25 15.8329 
39 25 15.8329 40 25 15.8329 41 25 15.8329 
42 25 15.8329 43 25 15.8329 44 25 15.8329 
45 25 15.8329 46 25 15.8329 47 25 15.8329 
48 25 15.8329 49 25 15.8329 50 25 15.8329 
51 25 15.8329 52 25 15.8329 53 25 15.8329 
54 25 15.8329 55 25 15.8329 56 25 15.8329 
57 25 15.8329 58 25 15.8329 59 25 15.8329 
0 26 15.5375 1 26 15.5375 2 26 15.5375 
3 26 15.5375 4 26 15.5375 5 26 15.5375 
6 26 15.5375 7 26 15.5375 8 26 15.5375 
9 26 15.5375 10 26 15.5375 11 26 15.5375 
12 26 15.5375 13 26 15.5375 14 26 15.5375 
15 26 15.5375 16 26 15.5375 17 26 15.5375 
18 26 15.5375 19 26 15.5375 20 26 15.5375 
21 26 15.5375 22 26 15.5375 23 26 15.5375 
24 26 15.5375 25 26 15.5375 26 26 15.5375 
27 26 15.5375 28 26 15.5375 29 26 15.5375 
30 26 15.5375 31 26 15.5375 32 26 15.5375 
33 26 15.5375 34 26 15.5375 35 26 15.5375 
36 26 15.5375 37 26 15.5375 38 26 15.5375 
39 26 15.5375 40 26 15.5375 41 26 15.5375 
42 26 15.5375 43 26 15.5375 44 26 15.5375 
45 26 15.5375 46 26 15.5375 47 26 15.5375 
48 26 15.5375 49 26 15.5375 50 26 15.5375 
51 26 15.5375 52 26 15.5375 53 26 15.5375 
54 26 15.5375 55 26 15.5375 56 26 15.5375 
57 26 15.5375 58 26 15.5375 59 26 15.5375 
0 27 15.3286 1 27 15.3286 2 27 15.3286 
3 27 15.3286 4 27 15.3286 5 27 15.3286 
6 27 15.3286 7 27 15.3286 8 27 15.3286 
9 27 15.3286 10 27 15.3286 11 27 15.3286 
12 27 15.3286 13 27 15.3286 14 27 15.3286 
15 27 15.3286 16 27 15.3286 17 27 15.3286 
18 27 15.3286 19 27 15.3286 20 27 15.3286 
21 27 15.3286 22 27 15.3286 23 27 15.3286 
24 27 15.3286 25 27 15.3286 26 27 15.3286 
27 27 15.3286 28 27 15.3286 29 27 15.3286 
30 27 15.3286 31 27 15.3286 32 27 15.3286 
33 27 15.3286 34 27 15.3286 35 27 15.3286 
36 27 15.3286 37 27 15.3286 38 27 15.3286 
39 27 15.3286 40 27 15.3286 41 27 15.3286 
42 27 15.3286 43 27 15.3286 44 27 15.3286 
45 27 15.3286 46 27 15.3286 47 27 15.3286 
48 27 15.3286 49 27 15.3286 50 27 15.3286 
51 27 15.3286 52 27 15.3286 53 27 15.3286 
54 27 15.3286 55 27 15.3286 56 27 15.3286 
57 27 15.3286 58 27 15.3286 59 27 15.3286 
0 28 15.1612 1 28 15.1612 2 28 15.1612 
3 28 15.1612 4 28 15.1612 5 28 15.1612 
6 28 15.1612 7 28 15.1612 8 28 15.1612 
9 28 15.1612 10 28 15.1612 11 28 15.1612 
12 28 15.1612 13 28 15.1612 14 28 15.1612 
15 28 15.1612 16 28 15.1612 17 28 15.1612 
18 28 15.1612 19 28 15.1612 20 28 15.1612 
21 28 15.1612 22 28 15.1612 23 28 15.1612 
24 28 15.1612 25 28 15.1612 26 28 15.1612 
27 28 15.1612 28 28 15.1612 29 28 15.1612 
30 28 15.1612 31 28 15.1612 32 28 15.1612 
33 28 15.1612 34 28 15.1612 35 28 15.1612 
36 28 15.1612 37 28 15.1612 38 28 15.1612 
39 28 15.1612 40 28 15.1612 41 28 15.1612 
42 28 15.1612 43 28 15.1612 44 28 15.1612 
45 28 15.1612 46 28 15.1612 47 28 15.1612 
48 28 15.1612 49 28 15.1612 50 28 15.1612 
51 28 15.1612 52 28 15.1612 53 28 15.1612 
54 28 15.1612 55 28 15.1612 56 28 15.1612 
57 28 15.1612 58 28 15.1612 59 28 15.1612 
0 30 15 1 30 15 2 30 15 
3 30 15 4 30 15 5 30 15 
6 30 15 7 30 15 8 30 15 
9 30 15 10 30 15 11 30 15 
12 30 15 13 30 15 14 30 15 
15 30 15 16 30 15 17 30 15 
18 30 15 19 30 15 20 30 15 
21 30 15 22 30 15 23 30 15 
24 30 15 25 30 15 26 30 15 
27 30 15 28 30 15 29 30 15 
30 30 15 31 30 15 32 30 15 
33 30 15 34 30 15 35 30 15 
36 30 15 37 30 15 38 30 15 
39 30 15 40 30 15 41 30 15 
42 30 15 43 30 15 44 30 15 
45 30 15 46 30 15 47 30 15 
48 30 15 49 30 15 50 30 15 
51 30 15 52 30 15 53 30 15 
54 30 15 55 30 15 56 30 15 
57 30 15 58 30 15 59 30 15 
0 29 15.0434 1 29 15.0434 2 29 15.0434 
3 29 15.0434 4 29 15.0434 5 29 15.0434 
6 29 15.0434 7 29 15.0434 8 29 15.0434 
9 29 15.0434 10 29 15.0434 11 29 15.0434 
12 29 15.0434 13 29 15.0434 14 29 15.0434 
15 29 15.0434 16 29 15.0434 17 29 15.0434 
18 29 15.0434 19 29 15.0434 20 29 15.0434 
21 29 15.0434 22 29 15.0434 23 29 15.0434 
24 29 15.0434 25 29 15.0434 26 29 15.0434 
27 29 15.0434 28 29 15.0434 29 29 15.0434 
30 29 15.0434 31 29 15.0434 32 29 15.0434 
33 29 15.0434 34 29 15.0434 35 29 15.0434 
36 29 15.0434 37 29 15.0434 38 29 15.0434 
39 29 15.0434 40 29 15.0434 41 29 15.0434 
42 29 15.0434 43 29 15.0434 44 29 15.0434 
45 29 15.0434 46 29 15.0434 47 29 15.0434 
48 29 15.0434 49 29 15.0434 50 29 15.0434 
51 29 15.0434 52 29 15.0434 53 29 15.0434 
54 29 15.0434 55 29 15.0434 56 29 15.0434 
57 29 15.0434 58 29 15.0434 59 29 15.0434 
0 30 15 1 30 15 2 30 15 
3 30 15 4 30 15 5 30 15 
6 30 15 7 30 15 8 30 15 
9 30 15 10 30 15 11 30 15 
12 30 15 13 30 15 14 30 15 
15 30 15 16 30 15 17 30 15 
18 30 15 19 30 15 20 30 15 
21 30 15 22 30 15 23 30 15 
24 30 15 25 30 15 26 30 15 
27 30 15 28 30 15 29 30 15 
30 30 15 31 30 15 32 30 15 
33 30 15 34 30 15 35 30 15 
36 30 15 37 30 15 38 30 15 
39 30 15 40 30 15 41 30 15 
42 30 15 43 30 15 44 30 15 
45 30 15 46 30 15 47 30 15 
48 30 15 49 30 15 50 30 15 
51 30 15 52 30 15 53 30 15 
54 30 15 55 30 15 56 30 15 
57 30 15 58 30 15 59 30 15 
0 31 15.0434 1 31 15.0434 2 31 15.0434 
3 31 15.0434 4 31 15.0434 5 31 15.0434 
6 31 15.0434 7 31 15.0434 8 31 15.0434 
9 31 15.0434 10 31 15.0434 11 31 15.0434 
12 31 15.0434 13 31 15.0434 14 31 15.0434 
15 31 15.0434 16 31 15.0434 17 31 15.0434 
18 31 15.0434 19 31 15.0434 20 31 15.0434 
21 31 15.0434 22 31 15.0434 23 31 15.0434 
24 31 15.0434 25 31 15.0434 26 31 15.0434 
27 31 15.0434 28 31 15.0434 29 31 15.0434 
30 31 15.0434 31 31 15.0434 32 31 15.0434 
33 31 15.0434 34 31 15.0434 35 31 15.0434 
36 31 15.0434 37 31 15.0434 38 31 15.0434 
39 31 15.0434 40 31 15.0434 41 31 15.0434 
42 31 15.0434 43 31 15.0434 44 31 15.0434 
45 31 15.0434 46 31 15.0434 47 31 15.0434 
48 31 15.0434 49 31 15.0434 50 31 15.0434 
51 31 15.0434 52 31 15.0434 53 31 15.0434 
54 31 15.0434 55 31 15.0434 56 31 15.0434 
57 31 15.0434 58 31 15.0434 59 31 15.0434 
0 32 15.1612 1 32 15.1612 2 32 15.1612 
3 32 15.1612 4 32 15.1612 5 32 15.1612 
6 32 15.1612 7 32 15.1612 8 32 15.1612 
9 32 15.1612 10 32 15.1612 11 32 15.1612 
12 32 15.1612 13 32 15.1612 14 32 15.1612 
15 32 15.1612 16 32 15.1612 17 32 15.1612 
18 32 15.1612 19 32 15.1612 20 32 15.1612 
21 32 15.1612 22 32 15.1612 23 32 15.1612 
24 32 15.1612 25 32 15.1612 26 32 15.1612 
27 32 15.1612 28 32 15.1612 29 32 15.1612 
30 32 15.1612 31 32 15.1612 32 32 15.1612 
33 32 15.1612 34 32 15.1612 35 32 15.1612 
36 32 15.1612 37 32 15.1612 38 32 15.1612 
39 32 15.1612 40 32 15.1612 41 32 15.1612 
42 32 15.1612 43 32 15.1612 44 32 15.1612 
45 32 15.1612 46 32 15.1612 47 32 15.1612 
48 32 15.1612 49 32 15.1612 50 32 15.1612 
51 32 15.1612 52 32 15.1612 53 32 15.1612 
54 32 15.1612 55 32 15.1612 56 32 15.1612 
57 32 15.1612 58 32 15.1612 59 32 15.1612 
0 33 15.3286 1 33 15.3286 2 33 15.3286 
3 33 15.3286 4 33 15.3286 5 33 15.3286 
6 33 15.3286 7 33 15.3286 8 33 15.3286 
9 33 15.3286 10 33 15.3286 11 33 15.3286 
12 33 15.3286 13 33 15.3286 14 33 15.3286 
15 33 15.3286 16 33 15.3286 17 33 15.3286 
18 33 15.3286 19 33 15.3286 20 33 15.3286 
21 33 15.3286 22 33 15.3286 23 33 15.3286 
24 33 15.3286 25 33 15.3286 26 33 15.3286 
27 33 15.3286 28 33 15.3286 29 33 15.3286 
30 33 15.3286 31 33 15.3286 32 33 15.3286 
33 33 15.3286 34 33 15.3286 35 33 15.3286 
36 33 15.3286 37 33 15.3286 38 33 15.3286 
39 33 15.3286 40 33 15.3286 41 33 15.3286 
42 33 15.3286 43 33 15.3286 44 33 15.3286 
45 33 15.3286 46 33 15.3286 47 33 15.3286 
48 33 15.3286 49 33 15.3286 50 33 15.3286 
51 33 15.3286 52 33 15.3286 53 33 15.3286 
54 33 15.3286 55 33 15.3286 56 33 15.3286 
57 33 15.3286 58 33 15.3286 59 33 15.3286 
0 34 15.5375 1 34 15.5375 2 34 15.5375 
3 34 15.5375 4 34 15.5375 5 34 15.5375 
6 34 15.5375 7 34 15.5375 8 34 15.5375 
9 34 15.5375 10 34 15.5375 11 34 15.5375 
12 34 15.5375 13 34 15.5375 14 34 15.5375 
15 34 15.5375 16 34 15.5375 17 34 15.5375 
18 34 15.5375 19 34 15.5375 20 34 15.5375 
21 34 15.5375 22 34 15.5375 23 34 15.5375 
24 34 15.5375 25 34 15.5375 26 34 15.5375 
27 34 15.5375 28 34 15.5375 29 34 15.5375 
30 34 15.5375 31 34 15.5375 32 34 15.5375 
33 34 15.5375 34 34 15.5375 35 34 15.5375 
36 34 15.5375 37 34 15.5375 38 34 15.5375 
39 34 15.5375 40 34 15.5375 41 34 15.5375 
42 34 15.5375 43 34 15.5375 44 34 15.5375 
45 34 15.5375 46 34 15.5375 47 34 15.5375 
48 34 15.5375 49 34 15.5375 50 34 15.5375 
51 34 15.5375 52 34 15.5375 53 34 15.5375 
54 34 15.5375 55 34 15.5375 56 34 15.5375 
57 34 15.5375 58 34 15.5375 59 34 15.5375 
0 35 15.8329 1 35 15.8329 2 35 15.8329 
3 35 15.8329 4 35 15.8329 5 35 15.8329 
6 35 15.8329 7 35 15.8329 8 35 15.8329 
9 35 15.8329 10 35 15.8329 11 35 15.8329 
12 35 15.8329 13 35 15.8329 14 35 15.8329 
15 35 15.8329 16 35 15.8329 17 35 15.8329 
18 35 15.8329 19 35 15.8329 20 35 15.8329 
21 35 15.8329 22 35 15.8329 23 35 15.8329 
24 35 15.8329 25 35 15.8329 26 35 15.8329 
27 35 15.8329 28 35 15.8329 29 35 15.8329 
30 35 15.8329 31 35 15.8329 32 35 15.8329 
33 35 15.8329 34 35 15.8329 35 35 15.8329 
36 35 15.8329 37 35 15.8329 38 35 15.8329 
39 35 15.8329 40 35 15.8329 41 35 15.8329 
42 35 15.8329 43 35 15.8329 44 35 15.8329 
45 35 15.8329 46 35 15.8329 47 35 15.8329 
48 35 15.8329 49 35 15.8329 50 35 15.8329 
51 35 15.8329 52 35 15.8329 53 35 15.8329 
54 35 15.8329 55 35 15.8329 56 35 15.8329 
57 35 15.8329 58 35 15.8329 59 35 15.8329 
0 23 16.7119 1 23 16.7119 2 23 16.7119 
3 23 16.7119 4 23 16.7119 5 23 16.7119 
6 23 16.7119 7 23 16.7119 8 23 16.7119 
9 23 16.7119 10 23 16.7119 11 23 16.7119 
12 23 16.7119 13 23 16.7119 14 23 16.7119 
15 23 16.7119 16 23 16.7119 17 23 16.7119 
18 23 16.7119 19 23 16.7119 20 23 16.7119 
21 23 16.7119 22 23 16.7119 23 23 16.7119 
24 23 16.7119 25 23 16.7119 26 23 16.7119 
27 23 16.7119 28 23 16.7119 29 23 16.7119 
30 23 16.7119 31 23 16.7119 32 23 16.7119 
33 23 16.7119 34 23 16.7119 35 23 16.7119 
36 23 16.7119 37 23 16.7119 38 23 16.7119 
39 23 16.7119 40 23 16.7119 41 23 16.7119 
42 23 16.7119 43 23 16.7119 44 23 16.7119 
45 23 16.7119 46 23 16.7119 47 23 16.7119 
48 23 16.7119 49 23 16.7119 50 23 16.7119 
51 23 16.7119 52 23 16.7119 53 23 16.7119 
54 23 16.7119 55 23 16.7119 56 23 16.7119 
57 23 16.7119 58 23 16.7119 59 23 16.7119 
0 24.6308 16 1 24.6308 16 2 24.6308 16 
3 24.6308 16 4 24.6308 16 5 24.6308 16 
6 24.6308 16 7 24.6308 16 8 24.6308 16 
9 24.6308 16 10 24.6308 16 11 24.6308 16 
12 24.6308 16 13 24.6308 16 14 24.6308 16 
15 24.6308 16 16 24.6308 16 17 24.6308 16 
18 24.6308 16 19 24.6308 16 20 24.6308 16 
21 24.6308 16 22 24.6308 16 23 24.6308 16 
24 24.6308 16 25 24.6308 16 26 24.6308 16 
27 24.6308 16 28 24.6308 16 29 24.6308 16 
30 24.6308 16 31 24.6308 16 32 24.6308 16 
33 24.6308 16 34 24.6308 16 35 24.6308 16 
36 24.6308 16 37 24.6308 16 38 24.6308 16 
39 24.6308 16 40 24.6308 16 41 24.6308 16 
42 24.6308 16 43 24.6308 16 44 24.6308 16 
45 24.6308 16 46 24.6308 16 47 24.6308 16 
48 24.6308 16 49 24.6308 16 50 24.6308 16 
51 24.6308 16 52 24.6308 16 53 24.6308 16 
54 24.6308 16 55 24.6308 16 56 24.6308 16 
57 24.6308 16 58 24.6308 16 59 24.6308 16 
0 24 16.2784 1 24 16.2784 2 24 16.2784 
3 24 16.2784 4 24 16.2784 5 24 16.2784 
6 24 16.2784 7 24 16.2784 8 24 16.2784 
9 24 16.2784 10 24 16.2784 11 24 16.2784 
12 24 16.2784 13 24 16.2784 14 24 16.2784 
15 24 16.2784 16 24 16.2784 17 24 16.2784 
18 24 16.2784 19 24 16.2784 20 24 16.2784 
21 24 16.2784 22 24 16.2784 23 24 16.2784 
24 24 16.2784 25 24 16.2784 26 24 16.2784 
27 24 16.2784 28 24 16.2784 29 24 16.2784 
30 24 16.2784 31 24 16.2784 32 24 16.2784 
33 24 16.2784 34 24 16.2784 35 24 16.2784 
36 24 16.2784 37 24 16.2784 38 24 16.2784 
39 24 16.2784 40 24 16.2784 41 24 16.2784 
42 24 16.2784 43 24 16.2784 44 24 16.2784 
45 24 16.2784 46 24 16.2784 47 24 16.2784 
48 24 16.2784 49 24 16.2784 50 24 16.2784 
51 24 16.2784 52 24 16.2784 53 24 16.2784 
54 24 16.2784 55 24 16.2784 56 24 16.2784 
57 24 16.2784 58 24 16.2784 59 24 16.2784 
0 35.3692 16 1 35.3692 16 2 35.3692 16 
3 35.3692 16 4 35.3692 16 5 35.3692 16 
6 35.3692 16 7 35.3692 16 8 35.3692 16 
9 35.3692 16 10 35.3692 16 11 35.3692 16 
12 35.3692 16 13 35.3692 16 14 35.3692 16 
15 35.3692 16 16 35.3692 16 17 35.3692 16 
18 35.3692 16 19 35.3692 16 20 35.3692 16 
21 35.3692 16 22 35.3692 16 23 35.3692 16 
24 35.3692 16 25 35.3692 16 26 35.3692 16 
27 35.3692 16 28 35.3692 16 29 35.3692 16 
30 35.3692 16 31 35.3692 16 32 35.3692 16 
33 35.3692 16 34 35.3692 16 35 35.3692 16 
36 35.3692 16 37 35.3692 16 38 35.3692 16 
39 35.3692 16 40 35.3692 16 41 35.3692 16 
42 35.3692 16 43 35.3692 16 44 35.3692 16 
45 35.3692 16 46 35.3692 16 47 35.3692 16 
48 35.3692 16 49 35.3692 16 50 35.3692 16 
51 35.3692 16 52 35.3692 16 53 35.3692 16 
54 35.3692 16 55 35.3692 16 56 35.3692 16 
57 35.3692 16 58 35.3692 16 59 35.3692 16 
0 36 16.2784 1 36 16.2784 2 36 16.2784 
3 36 16.2784 4 36 16.2784 5 36 16.2784 
6 36 16.2784 7 36 16.2784 8 36 16.2784 
9 36 16.2784 10 36 16.2784 11 36 16.2784 
12 36 16.2784 13 36 16.2784 14 36 16.2784 
15 36 16.2784 16 36 16.2784 17 36 16.2784 
18 36 16.2784 19 36 16.2784 20 36 16.2784 
21 36 16.2784 22 36 16.2784 23 36 16.2784 
24 36 16.2784 25 36 16.2784 26 36 16.2784 
27 36 16.2784 28 36 16.2784 29 36 16.2784 
30 36 16.2784 31 36 16.2784 32 36 16.2784 
33 36 16.2784 34 36 16.2784 35 36 16.2784 
36 36 16.2784 37 36 16.2784 38 36 16.2784 
39 36 16.2784 40 36 16.2784 41 36 16.2784 
42 36 16.2784 43 36 16.2784 44 36 16.2784 
45 36 16.2784 46 36 16.2784 47 36 16.2784 
48 36 16.2784 49 36 16.2784 50 36 16.2784 
51 36 16.2784 52 36 16.2784 53 36 16.2784 
54 36 16.2784 55 36 16.2784 56 36 16.2784 
57 36 16.2784 58 36 16.2784 59 36 16.2784 
0 37 16.7119 1 37 16.7119 2 37 16.7119 
3 37 16.7119 4 37 16.7119 5 37 16.7119 
6 37 16.7119 7 37 16.7119 8 37 16.7119 
9 37 16.7119 10 37 16.7119 11 37 16.7119 
12 37 16.7119 13 37 16.7119 14 37 16.7119 
15 37 16.7119 16 37 16.7119 17 37 16.7119 
18 37 16.7119 19 37 16.7119 20 37 16.7119 
21 37 16.7119 22 37 16.7119 23 37 16.7119 
24 37 16.7119 25 37 16.7119 26 37 16.7119 
27 37 16.7119 28 37 16.7119 29 37 16.7119 
30 37 16.7119 31 37 16.7119 32 37 16.7119 
33 37 16.7119 34 37 16.7119 35 37 16.7119 
36 37 16.7119 37 37 16.7119 38 37 16.7119 
39 37 16.7119 40 37 16.7119 41 37 16.7119 
42 37 16.7119 43 37 16.7119 44 37 16.7119 
45 37 16.7119 46 37 16.7119 47 37 16.7119 
48 37 16.7119 49 37 16.7119 50 37 16.7119 
51 37 16.7119 52 37 16.7119 53 37 16.7119 
54 37 16.7119 55 37 16.7119 56 37 16.7119 
57 37 16.7119 58 37 16.7119 59 37 16.7119 
0 21 18 1 21 18 2 21 18 
3 21 18 4 21 18 5 21 18 
6 21 18 7 21 18 8 21 18 
9 21 18 10 21 18 11 21 18 
12 21 18 13 21 18 14 21 18 
15 21 18 16 21 18 17 21 18 
18 21 18 19 21 18 20 21 18 
21 21 18 22 21 18 23 21 18 
24 21 18 25 21 18 26 21 18 
27 21 18 28 21 18 29 21 18 
30 21 18 31 21 18 32 21 18 
33 21 18 34 21 18 35 21 18 
36 21 18 37 21 18 38 21 18 
39 21 18 40 21 18 41 21 18 
42 21 18 43 21 18 44 21 18 
45 21 18 46 21 18 47 21 18 
48 21 18 49 21 18 50 21 18 
51 21 18 52 21 18 53 21 18 
54 21 18 55 21 18 56 21 18 
57 21 18 58 21 18 59 21 18 
0 22.528 17 1 22.528 17 2 22.528 17 
3 22.528 17 4 22.528 17 5 22.528 17 
6 22.528 17 7 22.528 17 8 22.528 17 
9 22.528 17 10 22.528 17 11 22.528 17 
12 22.528 17 13 22.528 17 14 22.528 17 
15 22.528 17 16 22.528 17 17 22.528 17 
18 22.528 17 19 22.528 17 20 22.528 17 
21 22.528 17 22 22.528 17 23 22.528 17 
24 22.528 17 25 22.528 17 26 22.528 17 
27 22.528 17 28 22.528 17 29 22.528 17 
30 22.528 17 31 22.528 17 32 22.528 17 
33 22.528 17 34 22.528 17 35 22.528 17 
36 22.528 17 37 22.528 17 38 22.528 17 
39 22.528 17 40 22.528 17 41 22.528 17 
42 22.528 17 43 22.528 17 44 22.528 17 
45 22.528 17 46 22.528 17 47 22.528 17 
48 22.528 17 49 22.528 17 50 22.528 17 
51 22.528 17 52 22.528 17 53 22.528 17 
54 22.528 17 55 22.528 17 56 22.528 17 
57 22.528 17 58 22.528 17 59 22.528 17 
0 22 17.3321 1 22 17.3321 2 22 17.3321 
3 22 17.3321 4 22 17.3321 5 22 17.3321 
6 22 17.3321 7 22 17.3321 8 22 17.3321 
9 22 17.3321 10 22 17.3321 11 22 17.3321 
12 22 17.3321 13 22 17.3321 14 22 17.3321 
15 22 17.3321 16 22 17.3321 17 22 17.3321 
18 22 17.3321 19 22 17.3321 20 22 17.3321 
21 22 17.3321 22 22 17.3321 23 22 17.3321 
24 22 17.3321 25 22 17.3321 26 22 17.3321 
27 22 17.3321 28 22 17.3321 29 22 17.3321 
30 22 17.3321 31 22 17.3321 32 22 17.3321 
33 22 17.3321 34 22 17.3321 35 22 17.3321 
36 22 17.3321 37 22 17.3321 38 22 17.3321 
39 22 17.3321 40 22 17.3321 41 22 17.3321 
42 22 17.3321 43 22 17.3321 44 22 17.3321 
45 22 17.3321 46 22 17.3321 47 22 17.3321 
48 22 17.3321 49 22 17.3321 50 22 17.3321 
51 22 17.3321 52 22 17.3321 53 22 17.3321 
54 22 17.3321 55 22 17.3321 56 22 17.3321 
57 22 17.3321 58 22 17.3321 59 22 17.3321 
0 37.472 17 1 37.472 17 2 37.472 17 
3 37.472 17 4 37.472 17 5 37.472 17 
6 37.472 17 7 37.472 17 8 37.472 17 
9 37.472 17 10 37.472 17 11 37.472 17 
12 37.472 17 13 37.472 17 14 37.472 17 
15 37.472 17 16 37.472 17 17 37.472 17 
18 37.472 17 19 37.472 17 20 37.472 17 
21 37.472 17 22 37.472 17 23 37.472 17 
24 37.472 17 25 37.472 17 26 37.472 17 
27 37.472 17 28 37.472 17 29 37.472 17 
30 37.472 17 31 37.472 17 32 37.472 17 
33 37.472 17 34 37.472 17 35 37.472 17 
36 37.472 17 37 37.472 17 38 37.472 17 
39 37.472 17 40 37.472 17 41 37.472 17 
42 37.472 17 43 37.472 17 44 37.472 17 
45 37.472 17 46 37.472 17 47 37.472 17 
48 37.472 17 49 37.472 17 50 37.472 17 
51 37.472 17 52 37.472 17 53 37.472 17 
54 37.472 17 55 37.472 17 56 37.472 17 
57 37.472 17 58 37.472 17 59 37.472 17 
0 38 17.3321 1 38 17.3321 2 38 17.3321 
3 38 17.3321 4 38 17.3321 5 38 17.3321 
6 38 17.3321 7 38 17.3321 8 38 17.3321 
9 38 17.3321 10 38 17.3321 11 38 17.3321 
12 38 17.3321 13 38 17.3321 14 38 17.3321 
15 38 17.3321 16 38 17.3321 17 38 17.3321 
18 38 17.3321 19 38 17.3321 20 38 17.3321 
21 38 17.3321 22 38 17.3321 23 38 17.3321 
24 38 17.3321 25 38 17.3321 26 38 17.3321 
27 38 17.3321 28 38 17.3321 29 38 17.3321 
30 38 17.3321 31 38 17.3321 32 38 17.3321 
33 38 17.3321 34 38 17.3321 35 38 17.3321 
36 38 17.3321 37 38 17.3321 38 38 17.3321 
39 38 17.3321 40 38 17.3321 41 38 17.3321 
42 38 17.3321 43 38 17.3321 44 38 17.3321 
45 38 17.3321 46 38 17.3321 47 38 17.3321 
48 38 17.3321 49 38 17.3321 50 38 17.3321 
51 38 17.3321 52 38 17.3321 53 38 17.3321 
54 38 17.3321 55 38 17.3321 56 38 17.3321 
57 38 17.3321 58 38 17.3321 59 38 17.3321 
0 39 18 1 39 18 2 39 18 
3 39 18 4 39 18 5 39 18 
6 39 18 7 39 18 8 39 18 
9 39 18 10 39 18 11 39 18 
12 39 18 13 39 18 14 39 18 
15 39 18 16 39 18 17 39 18 
18 39 18 19 39 18 20 39 18 
21 39 18 22 39 18 23 39 18 
24 39 18 25 39 18 26 39 18 
27 39 18 28 39 18 29 39 18 
30 39 18 31 39 18 32 39 18 
33 39 18 34 39 18 35 39 18 
36 39 18 37 39 18 38 39 18 
39 39 18 40 39 18 41 39 18 
42 39 18 43 39 18 44 39 18 
45 39 18 46 39 18 47 39 18 
48 39 18 49 39 18 50 39 18 
51 39 18 52 39 18 53 39 18 
54 39 18 55 39 18 56 39 18 
57 39 18 58 39 18 59 39 18 
0 21 18 1 21 18 2 21 18 
3 21 18 4 21 18 5 21 18 
6 21 18 7 21 18 8 21 18 
9 21 18 10 21 18 11 21 18 
12 21 18 13 21 18 14 21 18 
15 21 18 16 21 18 17 21 18 
18 21 18 19 21 18 20 21 18 
21 21 18 22 21 18 23 21 18 
24 21 18 25 21 18 26 21 18 
27 21 18 28 21 18 29 21 18 
30 21 18 31 21 18 32 21 18 
33 21 18 34 21 18 35 21 18 
36 21 18 37 21 18 38 21 18 
39 21 18 40 21 18 41 21 18 
42 21 18 43 21 18 44 21 18 
45 21 18 46 21 18 47 21 18 
48 21 18 49 21 18 50 21 18 
51 21 18 52 21 18 53 21 18 
54 21 18 55 21 18 56 21 18 
57 21 18 58 21 18 59 21 18 
0 20 18.8049 1 20 18.8049 2 20 18.8049 
3 20 18.8049 4 20 18.8049 5 20 18.8049 
6 20 18.8049 7 20 18.8049 8 20 18.8049 
9 20 18.8049 10 20 18.8049 11 20 18.8049 
12 20 18.8049 13 20 18.8049 14 20 18.8049 
15 20 18.8049 16 20 18.8049 17 20 18.8049 
18 20 18.8049 19 20 18.8049 20 20 18.8049 
21 20 18.8049 22 20 18.8049 23 20 18.8049 
24 20 18.8049 25 20 18.8049 26 20 18.8049 
27 20 18.8049 28 20 18.8049 29 20 18.8049 
30 20 18.8049 31 20 18.8049 32 20 18.8049 
33 20 18.8049 34 20 18.8049 35 20 18.8049 
36 20 18.8049 37 20 18.8049 38 20 18.8049 
39 20 18.8049 40 20 18.8049 41 20 18.8049 
42 20 18.8049 43 20 18.8049 44 20 18.8049 
45 20 18.8049 46 20 18.8049 47 20 18.8049 
48 20 18.8049 49 20 18.8049 50 20 18.8049 
51 20 18.8049 52 20 18.8049 53 20 18.8049 
54 20 18.8049 55 20 18.8049 56 20 18.8049 
57 20 18.8049 58 20 18.8049 59 20 18.8049 
0 39 18 1 39 18 2 39 18 
3 39 18 4 39 18 5 39 18 
6 39 18 7 39 18 8 39 18 
9 39 18 10 39 18 11 39 18 
12 39 18 13 39 18 14 39 18 
15 39 18 16 39 18 17 39 18 
18 39 18 19 39 18 20 39 18 
21 39 18 22 39 18 23 39 18 
24 39 18 25 39 18 26 39 18 
27 39 18 28 39 18 29 39 18 
30 39 18 31 39 18 32 39 18 
33 39 18 34 39 18 35 39 18 
36 39 18 37 39 18 38 39 18 
39 39 18 40 39 18 41 39 18 
42 39 18 43 39 18 44 39 18 
45 39 18 46 39 18 47 39 18 
48 39 18 49 39 18 50 39 18 
51 39 18 52 39 18 53 39 18 
54 39 18 55 39 18 56 39 18 
57 39 18 58 39 18 59 39 18 
0 40 18.8049 1 40 18.8049 2 40 18.8049 
3 40 18.8049 4 40 18.8049 5 40 18.8049 
6 40 18.8049 7 40 18.8049 8 40 18.8049 
9 40 18.8049 10 40 18.8049 11 40 18.8049 
12 40 18.8049 13 40 18.8049 14 40 18.8049 
15 40 18.8049 16 40 18.8049 17 40 18.8049 
18 40 18.8049 19 40 18.8049 20 40 18.8049 
21 40 18.8049 22 40 18.8049 23 40 18.8049 
24 40 18.8049 25 40 18.8049 26 40 18.8049 
27 40 18.8049 28 40 18.8049 29 40 18.8049 
30 40 18.8049 31 40 18.8049 32 40 18.8049 
33 40 18.8049 34 40 18.8049 35 40 18.8049 
36 40 18.8049 37 40 18.8049 38 40 18.8049 
39 40 18.8049 40 40 18.8049 41 40 18.8049 
42 40 18.8049 43 40 18.8049 44 40 18.8049 
45 40 18.8049 46 40 18.8049 47 40 18.8049 
48 40 18.8049 49 40 18.8049 50 40 18.8049 
51 40 18.8049 52 40 18.8049 53 40 18.8049 
54 40 18.8049 55 40 18.8049 56 40 18.8049 
57 40 18.8049 58 40 18.8049 59 40 18.8049 
0 19.791 19 1 19.791 19 2 19.791 19 
3 19.791 19 4 19.791 19 5 19.791 19 
6 19.791 19 7 19.791 19 8 19.791 19 
9 19.791 19 10 19.791 19 11 19.791 19 
12 19.791 19 13 19.791 19 14 19.791 19 
15 19.791 19 16 19.791 19 17 19.791 19 
18 19.791 19 19 19.791 19 20 19.791 19 
21 19.791 19 22 19.791 19 23 19.791 19 
24 19.791 19 25 19.791 19 26 19.791 19 
27 19.791 19 28 19.791 19 29 19.791 19 
30 19.791 19 31 19.791 19 32 19.791 19 
33 19.791 19 34 19.791 19 35 19.791 19 
36 19.791 19 37 19.791 19 38 19.791 19 
39 19.791 19 40 19.791 19 41 19.791 19 
42 19.791 19 43 19.791 19 44 19.791 19 
45 19.791 19 46 19.791 19 47 19.791 19 
48 19.791 19 49 19.791 19 50 19.791 19 
51 19.791 19 52 19.791 19 53 19.791 19 
54 19.791 19 55 19.791 19 56 19.791 19 
57 19.791 19 58 19.791 19 59 19.791 19 
0 19 19.791 1 19 19.791 2 19 19.791 
3 19 19.791 4 19 19.791 5 19 19.791 
6 19 19.791 7 19 19.791 8 19 19.791 
9 19 19.791 10 19 19.791 11 19 19.791 
12 19 19.791 13 19 19.791 14 19 19.791 
15 19 19.791 16 19 19.791 17 19 19.791 
18 19 19.791 19 19 19.791 20 19 19.791 
21 19 19.791 22 19 19.791 23 19 19.791 
24 19 19.791 25 19 19.791 26 19 19.791 
27 19 19.791 28 19 19.791 29 19 19.791 
30 19 19.791 31 19 19.791 32 19 19.791 
33 19 19.791 34 19 19.791 35 19 19.791 
36 19 19.791 37 19 19.791 38 19 19.791 
39 19 19.791 40 19 19.791 41 19 19.791 
42 19 19.791 43 19 19.791 44 19 19.791 
45 19 19.791 46 19 19.791 47 19 19.791 
48 19 19.791 49 19 19.791 50 19 19.791 
51 19 19.791 52 19 19.791 53 19 19.791 
54 19 19.791 55 19 19.791 56 19 19.791 
57 19 19.791 58 19 19.791 59 19 19.791 
0 40.209 19 1 40.209 19 2 40.209 19 
3 40.209 19 4 40.209 19 5 40.209 19 
6 40.209 19 7 40.209 19 8 40.209 19 
9 40.209 19 10 40.209 19 11 40.209 19 
12 40.209 19 13 40.209 19 14 40.209 19 
15 40.209 19 16 40.209 19 17 40.209 19 
18 40.209 19 19 40.209 19 20 40.209 19 
21 40.209 19 22 40.209 19 23 40.209 19 
24 40.209 19 25 40.209 19 26 40.209 19 
27 40.209 19 28 40.209 19 29 40.209 19 
30 40.209 19 31 40.209 19 32 40.209 19 
33 40.209 19 34 40.209 19 35 40.209 19 
36 40.209 19 37 40.209 19 38 40.209 19 
39 40.209 19 40 40.209 19 41 40.209 19 
42 40.209 19 43 40.209 19 44 40.209 19 
45 40.209 19 46 40.209 19 47 40.209 19 
48 40.209 19 49 40.209 19 50 40.209 19 
51 40.209 19 52 40.209 19 53 40.209 19 
54 40.209 19 55 40.209 19 56 40.209 19 
57 40.209 19 58 40.209 19 59 40.209 19 
0 41 19.791 1 41 19.791 2 41 19.791 
3 41 19.791 4 41 19.791 5 41 19.791 
6 41 19.791 7 41 19.791 8 41 19.791 
9 41 19.791 10 41 19.791 11 41 19.791 
12 41 19.791 13 41 19.791 14 41 19.791 
15 41 19.791 16 41 19.791 17 41 19.791 
18 41 19.791 19 41 19.791 20 41 19.791 
21 41 19.791 22 41 19.791 23 41 19.791 
24 41 19.791 25 41 19.791 26 41 19.791 
27 41 19.791 28 41 19.791 29 41 19.791 
30 41 19.791 31 41 19.791 32 41 19.791 
33 41 19.791 34 41 19.791 35 41 19.791 
36 41 19.791 37 41 19.791 38 41 19.791 
39 41 19.791 40 41 19.791 41 41 19.791 
42 41 19.791 43 41 19.791 44 41 19.791 
45 41 19.791 46 41 19.791 47 41 19.791 
48 41 19.791 49 41 19.791 50 41 19.791 
51 41 19.791 52 41 19.791 53 41 19.791 
54 41 19.791 55 41 19.791 56 41 19.791 
57 41 19.791 58 41 19.791 59 41 19.791 
0 18.8049 20 1 18.8049 20 2 18.8049 20 
3 18.8049 20 4 18.8049 20 5 18.8049 20 
6 18.8049 20 7 18.8049 20 8 18.8049 20 
9 18.8049 20 10 18.8049 20 11 18.8049 20 
12 18.8049 20 13 18.8049 20 14 18.8049 20 
15 18.8049 20 16 18.8049 20 17 18.8049 20 
18 18.8049 20 19 18.8049 20 20 18.8049 20 
21 18.8049 20 22 18.8049 20 23 18.8049 20 
24 18.8049 20 25 18.8049 20 26 18.8049 20 
27 18.8049 20 28 18.8049 20 29 18.8049 20 
30 18.8049 20 31 18.8049 20 32 18.8049 20 
33 18.8049 20 34 18.8049 20 35 18.8049 20 
36 18.8049 20 37 18.8049 20 38 18.8049 20 
39 18.8049 20 40 18.8049 20 41 18.8049 20 
42 18.8049 20 43 18.8049 20 44 18.8049 20 
45 18.8049 20 46 18.8049 20 47 18.8049 20 
48 18.8049 20 49 18.8049 20 50 18.8049 20 
51 18.8049 20 52 18.8049 20 53 18.8049 20 
54 18.8049 20 55 18.8049 20 56 18.8049 20 
57 18.8049 20 58 18.8049 20 59 18.8049 20 
0 18 21 1 18 21 2 18 21 
3 18 21 4 18 21 5 18 21 
6 18 21 7 18 21 8 18 21 
9 18 21 10 18 21 11 18 21 
12 18 21 13 18 21 14 18 21 
15 18 21 16 18 21 17 18 21 
18 18 21 19 18 21 20 18 21 
21 18 21 22 18 21 23 18 21 
24 18 21 25 18 21 26 18 21 
27 18 21 28 18 21 29 18 21 
30 18 21 31 18 21 32 18 21 
33 18 21 34 18 21 35 18 21 
36 18 21 37 18 21 38 18 21 
39 18 21 40 18 21 41 18 21 
42 18 21 43 18 21 44 18 21 
45 18 21 46 18 21 47 18 21 
48 18 21 49 18 21 50 18 21 
51 18 21 52 18 21 53 18 21 
54 18 21 55 18 21 56 18 21 
57 18 21 58 18 21 59 18 21 
0 41.1951 20 1 41.1951 20 2 41.1951 20 
3 41.1951 20 4 41.1951 20 5 41.1951 20 
6 41.1951 20 7 41.1951 20 8 41.1951 20 
9 41.1951 20 10 41.1951 20 11 41.1951 20 
12 41.1951 20 13 41.1951 20 14 41.1951 20 
15 41.1951 20 16 41.1951 20 17 41.1951 20 
18 41.1951 20 19 41.1951 20 20 41.1951 20 
21 41.1951 20 22 41.1951 20 23 41.1951 20 
24 41.1951 20 25 41.1951 20 26 41.1951 20 
27 41.1951 20 28 41.1951 20 29 41.1951 20 
30 41.1951 20 31 41.1951 20 32 41.1951 20 
33 41.1951 20 34 41.1951 20 35 41.1951 20 
36 41.1951 20 37 41.1951 20 38 41.1951 20 
39 41.1951 20 40 41.1951 20 41 41.1951 20 
42 41.1951 20 43 41.1951 20 44 41.1951 20 
45 41.1951 20 46 41.1951 20 47 41.1951 20 
48 41.1951 20 49 41.1951 20 50 41.1951 20 
51 41.1951 20 52 41.1951 20 53 41.1951 20 
54 41.1951 20 55 41.1951 20 56 41.1951 20 
57 41.1951 20 58 41.1951 20 59 41.1951 20 
0 42 21 1 42 21 2 42 21 
3 42 21 4 42 21 5 42 21 
6 42 21 7 42 21 8 42 21 
9 42 21 10 42 21 11 42 21 
12 42 21 13 42 21 14 42 21 
15 42 21 16 42 21 17 42 21 
18 42 21 19 42 21 20 42 21 
21 42 21 22 42 21 23 42 21 
24 42 21 25 42 21 26 42 21 
27 42 21 28 42 21 29 42 21 
30 42 21 31 42 21 32 42 21 
33 42 21 34 42 21 35 42 21 
36 42 21 37 42 21 38 42 21 
39 42 21 40 42 21 41 42 21 
42 42 21 43 42 21 44 42 21 
45 42 21 46 42 21 47 42 21 
48 42 21 49 42 21 50 42 21 
51 42 21 52 42 21 53 42 21 
54 42 21 55 42 21 56 42 21 
57 42 21 58 42 21 59 42 21 
0 18 21 1 18 21 2 18 21 
3 18 21 4 18 21 5 18 21 
6 18 21 7 18 21 8 18 21 
9 18 21 10 18 21 11 18 21 
12 18 21 13 18 21 14 18 21 
15 18 21 16 18 21 17 18 21 
18 18 21 19 18 21 20 18 21 
21 18 21 22 18 21 23 18 21 
24 18 21 25 18 21 26 18 21 
27 18 21 28 18 21 29 18 21 
30 18 21 31 18 21 32 18 21 
33 18 21 34 18 21 35 18 21 
36 18 21 37 18 21 38 18 21 
39 18 21 40 18 21 41 18 21 
42 18 21 43 18 21 44 18 21 
45 18 21 46 18 21 47 18 21 
48 18 21 49 18 21 50 18 21 
51 18 21 52 18 21 53 18 21 
54 18 21 55 18 21 56 18 21 
57 18 21 58 18 21 59 18 21 
0 42 21 1 42 21 2 42 21 
3 42 21 4 42 21 5 42 21 
6 42 21 7 42 21 8 42 21 
9 42 21 10 42 21 11 42 21 
12 42 21 13 42 21 14 42 21 
15 42 21 16 42 21 17 42 21 
18 42 21 19 42 21 20 42 21 
21 42 21 22 42 21 23 42 21 
24 42 21 25 42 21 26 42 21 
27 42 21 28 42 21 29 42 21 
30 42 21 31 42 21 32 42 21 
33 42 21 34 42 21 35 42 21 
36 42 21 37 42 21 38 42 21 
39 42 21 40 42 21 41 42 21 
42 42 21 43 42 21 44 42 21 
45 42 21 46 42 21 47 42 21 
48 42 21 49 42 21 50 42 21 
51 42 21 52 42 21 53 42 21 
54 42 21 55 42 21 56 42 21 
57 42 21 58 42 21 59 42 21 
0 17.3321 22 1 17.3321 22 2 17.3321 22 
3 17.3321 22 4 17.3321 22 5 17.3321 22 
6 17.3321 22 7 17.3321 22 8 17.3321 22 
9 17.3321 22 10 17.3321 22 11 17.3321 22 
12 17.3321 22 13 17.3321 22 14 17.3321 22 
15 17.3321 22 16 17.3321 22 17 17.3321 22 
18 17.3321 22 19 17.3321 22 20 17.3321 22 
21 17.3321 22 22 17.3321 22 23 17.3321 22 
24 17.3321 22 25 17.3321 22 26 17.3321 22 
27 17.3321 22 28 17.3321 22 29 17.3321 22 
30 17.3321 22 31 17.3321 22 32 17.3321 22 
33 17.3321 22 34 17.3321 22 35 17.3321 22 
36 17.3321 22 37 17.3321 22 38 17.3321 22 
39 17.3321 22 40 17.3321 22 41 17.3321 22 
42 17.3321 22 43 17.3321 22 44 17.3321 22 
45 17.3321 22 46 17.3321 22 47 17.3321 22 
48 17.3321 22 49 17.3321 22 50 17.3321 22 
51 17.3321 22 52 17.3321 22 53 17.3321 22 
54 17.3321 22 55 17.3321 22 56 17.3321 22 
57 17.3321 22 58 17.3321 22 59 17.3321 22 
0 17 22.528 1 17 22.528 2 17 22.528 
3 17 22.528 4 17 22.528 5 17 22.528 
6 17 22.528 7 17 22.528 8 17 22.528 
9 17 22.528 10 17 22.528 11 17 22.528 
12 17 22.528 13 17 22.528 14 17 22.528 
15 17 22.528 16 17 22.528 17 17 22.528 
18 17 22.528 19 17 22.528 20 17 22.528 
21 17 22.528 22 17 22.528 23 17 22.528 
24 17 22.528 25 17 22.528 26 17 22.528 
27 17 22.528 28 17 22.528 29 17 22.528 
30 17 22.528 31 17 22.528 32 17 22.528 
33 17 22.528 34 17 22.528 35 17 22.528 
36 17 22.528 37 17 22.528 38 17 22.528 
39 17 22.528 40 17 22.528 41 17 22.528 
42 17 22.528 43 17 22.528 44 17 22.528 
45 17 22.528 46 17 22.528 47 17 22.528 
48 17 22.528 49 17 22.528 50 17 22.528 
51 17 22.528 52 17 22.528 53 17 22.528 
54 17 22.528 55 17 22.528 56 17 22.528 
57 17 22.528 58 17 22.528 59 17 22.528 
0 42.6679 22 1 42.6679 22 2 42.6679 22 
3 42.6679 22 4 42.6679 22 5 42.6679 22 
6 42.6679 22 7 42.6679 22 8 42.6679 22 
9 42.6679 22 10 42.6679 22 11 42.6679 22 
12 42.6679 22 13 42.6679 22 14 42.6679 22 
15 42.6679 22 16 42.6679 22 17 42.6679 22 
18 42.6679 22 19 42.6679 22 20 42.6679 22 
21 42.6679 22 22 42.6679 22 23 42.6679 22 
24 42.6679 22 25 42.6679 22 26 42.6679 22 
27 42.6679 22 28 42.6679 22 29 42.6679 22 
30 42.6679 22 31 42.6679 22 32 42.6679 22 
33 42.6679 22 34 42.6679 22 35 42.6679 22 
36 42.6679 22 37 42.6679 22 38 42.6679 22 
39 42.6679 22 40 42.6679 22 41 42.6679 22 
42 42.6679 22 43 42.6679 22 44 42.6679 22 
45 42.6679 22 46 42.6679 22 47 42.6679 22 
48 42.6679 22 49 42.6679 22 50 42.6679 22 
51 42.6679 22 52 42.6679 22 53 42.6679 22 
54 42.6679 22 55 42.6679 22 56 42.6679 22 
57 42.6679 22 58 42.6679 22 59 42.6679 22 
0 43 22.528 1 43 22.528 2 43 22.528 
3 43 22.528 4 43 22.528 5 43 22.528 
6 43 22.528 7 43 22.528 8 43 22.528 
9 43 22.528 10 43 22.528 11 43 22.528 
12 43 22.528 13 43 22.528 14 43 22.528 
15 43 22.528 16 43 22.528 17 43 22.528 
18 43 22.528 19 43 22.528 20 43 22.528 
21 43 22.528 22 43 22.528 23 43 22.528 
24 43 22.528 25 43 22.528 26 43 22.528 
27 43 22.528 28 43 22.528 29 43 22.528 
30 43 22.528 31 43 22.528 32 43 22.528 
33 43 22.528 34 43 22.528 35 43 22.528 
36 43 22.528 37 43 22.528 38 43 22.528 
39 43 22.528 40 43 22.528 41 43 22.528 
42 43 22.528 43 43 22.528 44 43 22.528 
45 43 22.528 46 43 22.528 47 43 22.528 
48 43 22.528 49 43 22.528 50 43 22.528 
51 43 22.528 52 43 22.528 53 43 22.528 
54 43 22.528 55 43 22.528 56 43 22.528 
57 43 22.528 58 43 22.528 59 43 22.528 
0 16.7119 23 1 16.7119 23 2 16.7119 23 
3 16.7119 23 4 16.7119 23 5 16.7119 23 
6 16.7119 23 7 16.7119 23 8 16.7119 23 
9 16.7119 23 10 16.7119 23 11 16.7119 23 
12 16.7119 23 13 16.7119 23 14 16.7119 23 
15 16.7119 23 16 16.7119 23 17 16.7119 23 
18 16.7119 23 19 16.7119 23 20 16.7119 23 
21 16.7119 23 22 16.7119 23 23 16.7119 23 
24 16.7119 23 25 16.7119 23 26 16.7119 23 
27 16.7119 23 28 16.7119 23 29 16.7119 23 
30 16.7119 23 31 16.7119 23 32 16.7119 23 
33 16.7119 23 34 16.7119 23 35 16.7119 23 
36 16.7119 23 37 16.7119 23 38 16.7119 23 
39 16.7119 23 40 16.7119 23 41 16.7119 23 
42 16.7119 23 43 16.7119 23 44 16.7119 23 
45 16.7119 23 46 16.7119 23 47 16.7119 23 
48 16.7119 23 49 16.7119 23 50 16.7119 23 
51 16.7119 23 52 16.7119 23 53 16.7119 23 
54 16.7119 23 55 16.7119 23 56 16.7119 23 
57 16.7119 23 58 16.7119 23 59 16.7119 23 
0 43.2881 23 1 43.2881 23 2 43.2881 23 
3 43.2881 23 4 43.2881 23 5 43.2881 23 
6 43.2881 23 7 43.2881 23 8 43.2881 23 
9 43.2881 23 10 43.2881 23 11 43.2881 23 
12 43.2881 23 13 43.2881 23 14 43.2881 23 
15 43.2881 23 16 43.2881 23 17 43.2881 23 
18 43.2881 23 19 43.2881 23 20 43.2881 23 
21 43.2881 23 22 43.2881 23 23 43.2881 23 
24 43.2881 23 25 43.2881 23 26 43.2881 23 
27 43.2881 23 28 43.2881 23 29 43.2881 23 
30 43.2881 23 31 43.2881 23 32 43.2881 23 
33 43.2881 23 34 43.2881 23 35 43.2881 23 
36 43.2881 23 37 43.2881 23 38 43.2881 23 
39 43.2881 23 40 43.2881 23 41 43.2881 23 
42 43.2881 23 43 43.2881 23 44 43.2881 23 
45 43.2881 23 46 43.2881 23 47 43.2881 23 
48 43.2881 23 49 43.2881 23 50 43.2881 23 
51 43.2881 23 52 43.2881 23 53 43.2881 23 
54 43.2881 23 55 43.2881 23 56 43.2881 23 
57 43.2881 23 58 43.2881 23 59 43.2881 23 
0 16.2784 24 1 16.2784 24 2 16.2784 24 
3 16.2784 24 4 16.2784 24 5 16.2784 24 
6 16.2784 24 7 16.2784 24 8 16.2784 24 
9 16.2784 24 10 16.2784 24 11 16.2784 24 
12 16.2784 24 13 16.2784 24 14 16.2784 24 
15 16.2784 24 16 16.2784 24 17 16.2784 24 
18 16.2784 24 19 16.2784 24 20 16.2784 24 
21 16.2784 24 22 16.2784 24 23 16.2784 24 
24 16.2784 24 25 16.2784 24 26 16.2784 24 
27 16.2784 24 28 16.2784 24 29 16.2784 24 
30 16.2784 24 31 16.2784 24 32 16.2784 24 
33 16.2784 24 34 16.2784 24 35 16.2784 24 
36 16.2784 24 37 16.2784 24 38 16.2784 24 
39 16.2784 24 40 16.2784 24 41 16.2784 24 
42 16.2784 24 43 16.2784 24 44 16.2784 24 
45 16.2784 24 46 16.2784 24 47 16.2784 24 
48 16.2784 24 49 16.2784 24 50 16.2784 24 
51 16.2784 24 52 16.2784 24 53 16.2784 24 
54 16.2784 24 55 16.2784 24 56 16.2784 24 
57 16.2784 24 58 16.2784 24 59 16.2784 24 
0 16 24.6308 1 16 24.6308 2 16 24.6308 
3 16 24.6308 4 16 24.6308 5 16 24.6308 
6 16 24.6308 7 16 24.6308 8 16 24.6308 
9 16 24.6308 10 16 24.6308 11 16 24.6308 
12 16 24.6308 13 16 24.6308 14 16 24.6308 
15 16 24.6308 16 16 24.6308 17 16 24.6308 
18 16 24.6308 19 16 24.6308 20 16 24.6308 
21 16 24.6308 22 16 24.6308 23 16 24.6308 
24 16 24.6308 25 16 24.6308 26 16 24.6308 
27 16 24.6308 28 16 24.6308 29 16 24.6308 
30 16 24.6308 31 16 24.6308 32 16 24.6308 
33 16 24.6308 34 16 24.6308 35 16 24.6308 
36 16 24.6308 37 16 24.6308 38 16 24.6308 
39 16 24.6308 40 16 24.6308 41 16 24.6308 
42 16 24.6308 43 16 24.6308 44 16 24.6308 
45 16 24.6308 46 16 24.6308 47 16 24.6308 
48 16 24.6308 49 16 24.6308 50 16 24.6308 
51 16 24.6308 52 16 24.6308 53 16 24.6308 
54 16 24.6308 55 16 24.6308 56 16 24.6308 
57 16 24.6308 58 16 24.6308 59 16 24.6308 
0 43.7216 24 1 43.7216 24 2 43.7216 24 
3 43.7216 24 4 43.7216 24 5 43.7216 24 
6 43.7216 24 7 43.7216 24 8 43.7216 24 
9 43.7216 24 10 43.7216 24 11 43.7216 24 
12 43.7216 24 13 43.7216 24 14 43.7216 24 
15 43.7216 24 16 43.7216 24 17 43.7216 24 
18 43.7216 24 19 43.7216 24 20 43.7216 24 
21 43.7216 24 22 43.7216 24 23 43.7216 24 
24 43.7216 24 25 43.7216 24 26 43.7216 24 
27 43.7216 24 28 43.7216 24 29 43.7216 24 
30 43.7216 24 31 43.7216 24 32 43.7216 24 
33 43.7216 24 34 43.7216 24 35 43.7216 24 
36 43.7216 24 37 43.7216 24 38 43.7216 24 
39 43.7216 24 40 43.7216 24 41 43.7216 24 
42 43.7216 24 43 43.7216 24 44 43.7216 24 
45 43.7216 24 46 43.7216 24 47 43.7216 24 
48 43.7216 24 49 43.7216 24 50 43.7216 24 
51 43.7216 24 52 43.7216 24 53 43.7216 24 
54 43.7216 24 55 43.7216 24 56 43.7216 24 
57 43.7216 24 58 43.7216 24 59 43.7216 24 
0 44 24.6308 1 44 24.6308 2 44 24.6308 
3 44 24.6308 4 44 24.6308 5 44 24.6308 
6 44 24.6308 7 44 24.6308 8 44 24.6308 
9 44 24.6308 10 44 24.6308 11 44 24.6308 
12 44 24.6308 13 44 24.6308 14 44 24.6308 
15 44 24.6308 16 44 24.6308 17 44 24.6308 
18 44 24.6308 19 44 24.6308 20 44 24.6308 
21 44 24.6308 22 44 24.6308 23 44 24.6308 
24 44 24.6308 25 44 24.6308 26 44 24.6308 
27 44 24.6308 28 44 24.6308 29 44 24.6308 
30 44 24.6308 31 44 24.6308 32 44 24.6308 
33 44 24.6308 34 44 24.6308 35 44 24.6308 
36 44 24.6308 37 44 24.6308 38 44 24.6308 
39 44 24.6308 40 44 24.6308 41 44 24.6308 
42 44 24.6308 43 44 24.6308 44 44 24.6308 
45 44 24.6308 46 44 24.6308 47 44 24.6308 
48 44 24.6308 49 44 24.6308 50 44 24.6308 
51 44 24.6308 52 44 24.6308 53 44 24.6308 
54 44 24.6308 55 44 24.6308 56 44 24.6308 
57 44 24.6308 58 44 24.6308 59 44 24.6308 
0 15.8329 25 1 15.8329 25 2 15.8329 25 
3 15.8329 25 4 15.8329 25 5 15.8329 25 
6 15.8329 25 7 15.8329 25 8 15.8329 25 
9 15.8329 25 10 15.8329 25 11 15.8329 25 
12 15.8329 25 13 15.8329 25 14 15.8329 25 
15 15.8329 25 16 15.8329 25 17 15.8329 25 
18 15.8329 25 19 15.8329 25 20 15.8329 25 
21 15.8329 25 22 15.8329 25 23 15.8329 25 
24 15.8329 25 25 15.8329 25 26 15.8329 25 
27 15.8329 25 28 15.8329 25 29 15.8329 25 
30 15.8329 25 31 15.8329 25 32 15.8329 25 
33 15.8329 25 34 15.8329 25 35 15.8329 25 
36 15.8329 25 37 15.8329 25 38 15.8329 25 
39 15.8329 25 40 15.8329 25 41 15.8329 25 
42 15.8329 25 43 15.8329 25 44 15.8329 25 
45 15.8329 25 46 15.8329 25 47 15.8329 25 
48 15.8329 25 49 15.8329 25 50 15.8329 25 
51 15.8329 25 52 15.8329 25 53 15.8329 25 
54 15.8329 25 55 15.8329 25 56 15.8329 25 
57 15.8329 25 58 15.8329 25 59 15.8329 25 
0 44.1671 25 1 44.1671 25 2 44.1671 25 
3 44.1671 25 4 44.1671 25 5 44.1671 25 
6 44.1671 25 7 44.1671 25 8 44.1671 25 
9 44.1671 25 10 44.1671 25 11 44.1671 25 
12 44.1671 25 13 44.1671 25 14 44.1671 25 
15 44.1671 25 16 44.1671 25 17 44.1671 25 
18 44.1671 25 19 44.1671 25 20 44.1671 25 
21 44.1671 25 22 44.1671 25 23 44.1671 25 
24 44.1671 25 25 44.1671 25 26 44.1671 25 
27 44.1671 25 28 44.1671 25 29 44.1671 25 
30 44.1671 25 31 44.1671 25 32 44.1671 25 
33 44.1671 25 34 44.1671 25 35 44.1671 25 
36 44.1671 25 37 44.1671 25 38 44.1671 25 
39 44.1671 25 40 44.1671 25 41 44.1671 25 
42 44.1671 25 43 44.1671 25 44 44.1671 25 
45 44.1671 25 46 44.1671 25 47 44.1671 25 
48 44.1671 25 49 44.1671 25 50 44.1671 25 
51 44.1671 25 52 44.1671 25 53 44.1671 25 
54 44.1671 25 55 44.1671 25 56 44.1671 25 
57 44.1671 25 58 44.1671 25 59 44.1671 25 
0 15.5375 26 1 15.5375 26 2 15.5375 26 
3 15.5375 26 4 15.5375 26 5 15.5375 26 
6 15.5375 26 7 15.5375 26 8 15.5375 26 
9 15.5375 26 10 15.5375 26 11 15.5375 26 
12 15.5375 26 13 15.5375 26 14 15.5375 26 
15 15.5375 26 16 15.5375 26 17 15.5375 26 
18 15.5375 26 19 15.5375 26 20 15.5375 26 
21 15.5375 26 22 15.5375 26 23 15.5375 26 
24 15.5375 26 25 15.5375 26 26 15.5375 26 
27 15.5375 26 28 15.5375 26 29 15.5375 26 
30 15.5375 26 31 15.5375 26 32 15.5375 26 
33 15.5375 26 34 15.5375 26 35 15.5375 26 
36 15.5375 26 37 15.5375 26 38 15.5375 26 
39 15.5375 26 40 15.5375 26 41 15.5375 26 
42 15.5375 26 43 15.5375 26 44 15.5375 26 
45 15.5375 26 46 15.5375 26 47 15.5375 26 
48 15.5375 26 49 15.5375 26 50 15.5375 26 
51 15.5375 26 52 15.5375 26 53 15.5375 26 
54 15.5375 26 55 15.5375 26 56 15.5375 26 
57 15.5375 26 58 15.5375 26 59 15.5375 26 
0 44.4625 26 1 44.4625 26 2 44.4625 26 
3 44.4625 26 4 44.4625 26 5 44.4625 26 
6 44.4625 26 7 44.4625 26 8 44.4625 26 
9 44.4625 26 10 44.4625 26 11 44.4625 26 
12 44.4625 26 13 44.4625 26 14 44.4625 26 
15 44.4625 26 16 44.4625 26 17 44.4625 26 
18 44.4625 26 19 44.4625 26 20 44.4625 26 
21 44.4625 26 22 44.4625 26 23 44.4625 26 
24 44.4625 26 25 44.4625 26 26 44.4625 26 
27 44.4625 26 28 44.4625 26 29 44.4625 26 
30 44.4625 26 31 44.4625 26 32 44.4625 26 
33 44.4625 26 34 44.4625 26 35 44.4625 26 
36 44.4625 26 37 44.4625 26 38 44.4625 26 
39 44.4625 26 40 44.4625 26 41 44.4625 26 
42 44.4625 26 43 44.4625 26 44 44.4625 26 
45 44.4625 26 46 44.4625 26 47 44.4625 26 
48 44.4625 26 49 44.4625 26 50 44.4625 26 
51 44.4625 26 52 44.4625 26 53 44.4625 26 
54 44.4625 26 55 44.4625 26 56 44.4625 26 
57 44.4625 26 58 44.4625 26 59 44.4625 26 
0 15.3286 27 1 15.3286 27 2 15.3286 27 
3 15.3286 27 4 15.3286 27 5 15.3286 27 
6 15.3286 27 7 15.3286 27 8 15.3286 27 
9 15.3286 27 10 15.3286 27 11 15.3286 27 
12 15.3286 27 13 15.3286 27 14 15.3286 27 
15 15.3286 27 16 15.3286 27 17 15.3286 27 
18 15.3286 27 19 15.3286 27 20 15.3286 27 
21 15.3286 27 22 15.3286 27 23 15.3286 27 
24 15.3286 27 25 15.3286 27 26 15.3286 27 
27 15.3286 27 28 15.3286 27 29 15.3286 27 
30 15.3286 27 31 15.3286 27 32 15.3286 27 
33 15.3286 27 34 15.3286 27 35 15.3286 27 
36 15.3286 27 37 15.3286 27 38 15.3286 27 
39 15.3286 27 40 15.3286 27 41 15.3286 27 
42 15.3286 27 43 15.3286 27 44 15.3286 27 
45 15.3286 27 46 15.3286 27 47 15.3286 27 
48 15.3286 27 49 15.3286 27 50 15.3286 27 
51 15.3286 27 52 15.3286 27 53 15.3286 27 
54 15.3286 27 55 15.3286 27 56 15.3286 27 
57 15.3286 27 58 15.3286 27 59 15.3286 27 
0 44.6714 27 1 44.6714 27 2 44.6714 27 
3 44.6714 27 4 44.6714 27 5 44.6714 27 
6 44.6714 27 7 44.6714 27 8 44.6714 27 
9 44.6714 27 10 44.6714 27 11 44.6714 27 
12 44.6714 27 13 44.6714 27 14 44.6714 27 
15 44.6714 27 16 44.6714 27 17 44.6714 27 
18 44.6714 27 19 44.6714 27 20 44.6714 27 
21 44.6714 27 22 44.6714 27 23 44.6714 27 
24 44.6714 27 25 44.6714 27 26 44.6714 27 
27 44.6714 27 28 44.6714 27 29 44.6714 27 
30 44.6714 27 31 44.6714 27 32 44.6714 27 
33 44.6714 27 34 44.6714 27 35 44.6714 27 
36 44.6714 27 37 44.6714 27 38 44.6714 27 
39 44.6714 27 40 44.6714 27 41 44.6714 27 
42 44.6714 27 43 44.6714 27 44 44.6714 27 
45 44.6714 27 46 44.6714 27 47 44.6714 27 
48 44.6714 27 49 44.6714 27 50 44.6714 27 
51 44.6714 27 52 44.6714 27 53 44.6714 27 
54 44.6714 27 55 44.6714 27 56 44.6714 27 
57 44.6714 27 58 44.6714 27 59 44.6714 27 
0 15.1612 28 1 15.1612 28 2 15.1612 28 
3 15.1612 28 4 15.1612 28 5 15.1612 28 
6 15.1612 28 7 15.1612 28 8 15.1612 28 
9 15.1612 28 10 15.1612 28 11 15.1612 28 
12 15.1612 28 13 15.1612 28 14 15.1612 28 
15 15.1612 28 16 15.1612 28 17 15.1612 28 
18 15.1612 28 19 15.1612 28 20 15.1612 28 
21 15.1612 28 22 15.1612 28 23 15.1612 28 
24 15.1612 28 25 15.1612 28 26 15.1612 28 
27 15.1612 28 28 15.1612 28 29 15.1612 28 
30 15.1612 28 31 15.1612 28 32 15.1612 28 
33 15.1612 28 34 15.1612 28 35 15.1612 28 
36 15.1612 28 37 15.1612 28 38 15.1612 28 
39 15.1612 28 40 15.1612 28 41 15.1612 28 
42 15.1612 28 43 15.1612 28 44 15.1612 28 
45 15.1612 28 46 15.1612 28 47 15.1612 28 
48 15.1612 28 49 15.1612 28 50 15.1612 28 
51 15.1612 28 52 15.1612 28 53 15.1612 28 
54 15.1612 28 55 15.1612 28 56 15.1612 28 
57 15.1612 28 58 15.1612 28 59 15.1612 28 
0 44.8388 28 1 44.8388 28 2 44.8388 28 
3 44.8388 28 4 44.8388 28 5 44.8388 28 
6 44.8388 28 7 44.8388 28 8 44.8388 28 
9 44.8388 28 10 44.8388 28 11 44.8388 28 
12 44.8388 28 13 44.8388 28 14 44.8388 28 
15 44.8388 28 16 44.8388 28 17 44.8388 28 
18 44.8388 28 19 44.8388 28 20 44.8388 28 
21 44.8388 28 22 44.8388 28 23 44.8388 28 
24 44.8388 28 25 44.8388 28 26 44.8388 28 
27 44.8388 28 28 44.8388 28 29 44.8388 28 
30 44.8388 28 31 44.8388 28 32 44.8388 28 
33 44.8388 28 34 44.8388 28 35 44.8388 28 
36 44.8388 28 37 44.8388 28 38 44.8388 28 
39 44.8388 28 40 44.8388 28 41 44.8388 28 
42 44.8388 28 43 44.8388 28 44 44.8388 28 
45 44.8388 28 46 44.8388 28 47 44.8388 28 
48 44.8388 28 49 44.8388 28 50 44.8388 28 
51 44.8388 28 52 44.8388 28 53 44.8388 28 
54 44.8388 28 55 44.8388 28 56 44.8388 28 
57 44.8388 28 58 44.8388 28 59 44.8388 28 
0 15.0434 29 1 15.0434 29 2 15.0434 29 
3 15.0434 29 4 15.0434 29 5 15.0434 29 
6 15.0434 29 7 15.0434 29 8 15.0434 29 
9 15.0434 29 10 15.0434 29 11 15.0434 29 
12 15.0434 29 13 15.0434 29 14 15.0434 29 
15 15.0434 29 16 15.0434 29 17 15.0434 29 
18 15.0434 29 19 15.0434 29 20 15.0434 29 
21 15.0434 29 22 15.0434 29 23 15.0434 29 
24 15.0434 29 25 15.0434 29 26 15.0434 29 
27 15.0434 29 28 15.0434 29 29 15.0434 29 
30 15.0434 29 31 15.0434 29 32 15.0434 29 
33 15.0434 29 34 15.0434 29 35 15.0434 29 
36 15.0434 29 37 15.0434 29 38 15.0434 29 
39 15.0434 29 40 15.0434 29 41 15.0434 29 
42 15.0434 29 43 15.0434 29 44 15.0434 29 
45 15.0434 29 46 15.0434 29 47 15.0434 29 
48 15.0434 29 49 15.0434 29 50 15.0434 29 
51 15.0434 29 52 15.0434 29 53 15.0434 29 
54 15.0434 29 55 15.0434 29 56 15.0434 29 
57 15.0434 29 58 15.0434 29 59 15.0434 29 
0 15 30 1 15 30 2 15 30 
3 15 30 4 15 30 5 15 30 
6 15 30 7 15 30 8 15 30 
9 15 30 10 15 30 11 15 30 
12 15 30 13 15 30 14 15 30 
15 15 30 16 15 30 17 15 30 
18 15 30 19 15 30 20 15 30 
21 15 30 22 15 30 23 15 30 
24 15 30 25 15 30 26 15 30 
27 15 30 28 15 30 29 15 30 
30 15 30 31 15 30 32 15 30 
33 15 30 34 15 30 35 15 30 
36 15 30 37 15 30 38 15 30 
39 15 30 40 15 30 41 15 30 
42 15 30 43 15 30 44 15 30 
45 15 30 46 15 30 47 15 30 
48 15 30 49 15 30 50 15 30 
51 15 30 52 15 30 53 15 30 
54 15 30 55 15 30 56 15 30 
57 15 30 58 15 30 59 15 30 
0 44.9566 29 1 44.9566 29 2 44.9566 29 
3 44.9566 29 4 44.9566 29 5 44.9566 29 
6 44.9566 29 7 44.9566 29 8 44.9566 29 
9 44.9566 29 10 44.9566 29 11 44.9566 29 
12 44.9566 29 13 44.9566 29 14 44.9566 29 
15 44.9566 29 16 44.9566 29 17 44.9566 29 
18 44.9566 29 19 44.9566 29 20 44.9566 29 
21 44.9566 29 22 44.9566 29 23 44.9566 29 
24 44.9566 29 25 44.9566 29 26 44.9566 29 
27 44.9566 29 28 44.9566 29 29 44.9566 29 
30 44.9566 29 31 44.9566 29 32 44.9566 29 
33 44.9566 29 34 44.9566 29 35 44.9566 29 
36 44.9566 29 37 44.9566 29 38 44.9566 29 
39 44.9566 29 40 44.9566 29 41 44.9566 29 
42 44.9566 29 43 44.9566 29 44 44.9566 29 
45 44.9566 29 46 44.9566 29 47 44.9566 29 
48 44.9566 29 49 44.9566 29 50 44.9566 29 
51 44.9566 29 52 44.9566 29 53 44.9566 29 
54 44.9566 29 55 44.9566 29 56 44.9566 29 
57 44.9566 29 58 44.9566 29 59 44.9566 29 
0 45 30 1 45 30 2 45 30 
3 45 30 4 45 30 5 45 30 
6 45 30 7 45 30 8 45 30 
9 45 30 10 45 30 11 45 30 
12 45 30 13 45 30 14 45 30 
15 45 30 16 45 30 17 45 30 
18 45 30 19 45 30 20 45 30 
21 45 30 22 45 30 23 45 30 
24 45 30 25 45 30 26 45 30 
27 45 30 28 45 30 29 45 30 
30 45 30 31 45 30 32 45 30 
33 45 30 34 45 30 35 45 30 
36 45 30 37 45 30 38 45 30 
39 45 30 40 45 30 41 45 30 
42 45 30 43 45 30 44 45 30 
45 45 30 46 45 30 47 45 30 
48 45 30 49 45 30 50 45 30 
51 45 30 52 45 30 53 45 30 
54 45 30 55 45 30 56 45 30 
57 45 30 58 45 30 59 45 30 
0 15 30 1 15 30 2 15 30 
3 15 30 4 15 30 5 15 30 
6 15 30 7 15 30 8 15 30 
9 15 30 10 15 30 11 15 30 
12 15 30 13 15 30 14 15 30 
15 15 30 16 15 30 17 15 30 
18 15 30 19 15 30 20 15 30 
21 15 30 22 15 30 23 15 30 
24 15 30 25 15 30 26 15 30 
27 15 30 28 15 30 29 15 30 
30 15 30 31 15 30 32 15 30 
33 15 30 34 15 30 35 15 30 
36 15 30 37 15 30 38 15 30 
39 15 30 40 15 30 41 15 30 
42 15 30 43 15 30 44 15 30 
45 15 30 46 15 30 47 15 30 
48 15 30 49 15 30 50 15 30 
51 15 30 52 15 30 53 15 30 
54 15 30 55 15 30 56 15 30 
57 15 30 58 15 30 59 15 30 
0 15 30 1 15 30 2 15 30 
3 15 30 4 15 30 5 15 30 
6 15 30 7 15 30 8 15 30 
9 15 30 10 15 30 11 15 30 
12 15 30 13 15 30 14 15 30 
15 15 30 16 15 30 17 15 30 
18 15 30 19 15 30 20 15 30 
21 15 30 22 15 30 23 15 30 
24 15 30 25 15 30 26 15 30 
27 15 30 28 15 30 29 15 30 
30 15 30 31 15 30 32 15 30 
33 15 30 34 15 30 35 15 30 
36 15 30 37 15 30 38 15 30 
39 15 30 40 15 30 41 15 30 
42 15 30 43 15 30 44 15 30 
45 15 30 46 15 30 47 15 30 
48 15 30 49 15 30 50 15 30 
51 15 30 52 15 30 53 15 30 
54 15 30 55 15 30 56 15 30 
57 15 30 58 15 30 59 15 30 
0 45 30 1 45 30 2 45 30 
3 45 30 4 45 30 5 45 30 
6 45 30 7 45 30 8 45 30 
9 45 30 10 45 30 11 45 30 
12 45 30 13 45 30 14 45 30 
15 45 30 16 45 30 17 45 30 
18 45 30 19 45 30 20 45 30 
21 45 30 22 45 30 23 45 30 
24 45 30 25 45 30 26 45 30 
27 45 30 28 45 30 29 45 30 
30 45 30 31 45 30 32 45 30 
33 45 30 34 45 30 35 45 30 
36 45 30 37 45 30 38 45 30 
39 45 30 40 45 30 41 45 30 
42 45 30 43 45 30 44 45 30 
45 45 30 46 45 30 47 45 30 
48 45 30 49 45 30 50 45 30 
51 45 30 52 45 30 53 45 30 
54 45 30 55 45 30 56 45 30 
57 45 30 58 45 30 59 45 30 
0 45 30 1 45 30 2 45 30 
3 45 30 4 45 30 5 45 30 
6 45 30 7 45 30 8 45 30 
9 45 30 10 45 30 11 45 30 
12 45 30 13 45 30 14 45 30 
15 45 30 16 45 30 17 45 30 
18 45 30 19 45 30 20 45 30 
21 45 30 22 45 30 23 45 30 
24 45 30 25 45 30 26 45 30 
27 45 30 28 45 30 29 45 30 
30 45 30 31 45 30 32 45 30 
33 45 30 34 45 30 35 45 30 
36 45 30 37 45 30 38 45 30 
39 45 30 40 45 30 41 45 30 
42 45 30 43 45 30 44 45 30 
45 45 30 46 45 30 47 45 30 
48 45 30 49 45 30 50 45 30 
51 45 30 52 45 30 53 45 30 
54 45 30 55 45 30 56 45 30 
57 45 30 58 45 30 59 45 30 
0 15.0434 31 1 15.0434 31 2 15.0434 31 
3 15.0434 31 4 15.0434 31 5 15.0434 31 
6 15.0434 31 7 15.0434 31 8 15.0434 31 
9 15.0434 31 10 15.0434 31 11 15.0434 31 
12 15.0434 31 13 15.0434 31 14 15.0434 31 
15 15.0434 31 16 15.0434 31 17 15.0434 31 
18 15.0434 31 19 15.0434 31 20 15.0434 31 
21 15.0434 31 22 15.0434 31 23 15.0434 31 
24 15.0434 31 25 15.0434 31 26 15.0434 31 
27 15.0434 31 28 15.0434 31 29 15.0434 31 
30 15.0434 31 31 15.0434 31 32 15.0434 31 
33 15.0434 31 34 15.0434 31 35 15.0434 31 
36 15.0434 31 37 15.0434 31 38 15.0434 31 
39 15.0434 31 40 15.0434 31 41 15.0434 31 
42 15.0434 31 43 15.0434 31 44 15.0434 31 
45 15.0434 31 46 15.0434 31 47 15.0434 31 
48 15.0434 31 49 15.0434 31 50 15.0434 31 
51 15.0434 31 52 15.0434 31 53 15.0434 31 
54 15.0434 31 55 15.0434 31 56 15.0434 31 
57 15.0434 31 58 15.0434 31 59 15.0434 31 
0 44.9566 31 1 44.9566 31 2 44.9566 31 
3 44.9566 31 4 44.9566 31 5 44.9566 31 
6 44.9566 31 7 44.9566 31 8 44.9566 31 
9 44.9566 31 10 44.9566 31 11 44.9566 31 
12 44.9566 31 13 44.9566 31 14 44.9566 31 
15 44.9566 31 16 44.9566 31 17 44.9566 31 
18 44.9566 31 19 44.9566 31 20 44.9566 31 
21 44.9566 31 22 44.9566 31 23 44.9566 31 
24 44.9566 31 25 44.9566 31 26 44.9566 31 
27 44.9566 31 28 44.9566 31 29 44.9566 31 
30 44.9566 31 31 44.9566 31 32 44.9566 31 
33 44.9566 31 34 44.9566 31 35 44.9566 31 
36 44.9566 31 37 44.9566 31 38 44.9566 31 
39 44.9566 31 40 44.9566 31 41 44.9566 31 
42 44.9566 31 43 44.9566 31 44 44.9566 31 
45 44.9566 31 46 44.9566 31 47 44.9566 31 
48 44.9566 31 49 44.9566 31 50 44.9566 31 
51 44.9566 31 52 44.9566 31 53 44.9566 31 
54 44.9566 31 55 44.9566 31 56 44.9566 31 
57 44.9566 31 58 44.9566 31 59 44.9566 31 
0 15.1612 32 1 15.1612 32 2 15.1612 32 
3 15.1612 32 4 15.1612 32 5 15.1612 32 
6 15.1612 32 7 15.1612 32 8 15.1612 32 
9 15.1612 32 10 15.1612 32 11 15.1612 32 
12 15.1612 32 13 15.1612 32 14 15.1612 32 
15 15.1612 32 16 15.1612 32 17 15.1612 32 
18 15.1612 32 19 15.1612 32 20 15.1612 32 
21 15.1612 32 22 15.1612 32 23 15.1612 32 
24 15.1612 32 25 15.1612 32 26 15.1612 32 
27 15.1612 32 28 15.1612 32 29 15.1612 32 
30 15.1612 32 31 15.1612 32 32 15.1612 32 
33 15.1612 32 34 15.1612 32 35 15.1612 32 
36 15.1612 32 37 15.1612 32 38 15.1612 32 
39 15.1612 32 40 15.1612 32 41 15.1612 32 
42 15.1612 32 43 15.1612 32 44 15.1612 32 
45 15.1612 32 46 15.1612 32 47 15.1612 32 
48 15.1612 32 49 15.1612 32 50 15.1612 32 
51 15.1612 32 52 15.1612 32 53 15.1612 32 
54 15.1612 32 55 15.1612 32 56 15.1612 32 
57 15.1612 32 58 15.1612 32 59 15.1612 32 
0 44.8388 32 1 44.8388 32 2 44.8388 32 
3 44.8388 32 4 44.8388 32 5 44.8388 32 
6 44.8388 32 7 44.8388 32 8 44.8388 32 
9 44.8388 32 10 44.8388 32 11 44.8388 32 
12 44.8388 32 13 44.8388 32 14 44.8388 32 
15 44.8388 32 16 44.8388 32 17 44.8388 32 
18 44.8388 32 19 44.8388 32 20 44.8388 32 
21 44.8388 32 22 44.8388 32 23 44.8388 32 
24 44.8388 32 25 44.8388 32 26 44.8388 32 
27 44.8388 32 28 44.8388 32 29 44.8388 32 
30 44.8388 32 31 44.8388 32 32 44.8388 32 
33 44.8388 32 34 44.8388 32 35 44.8388 32 
36 44.8388 32 37 44.8388 32 38 44.8388 32 
39 44.8388 32 40 44.8388 32 41 44.8388 32 
42 44.8388 32 43 44.8388 32 44 44.8388 32 
45 44.8388 32 46 44.8388 32 47 44.8388 32 
48 44.8388 32 49 44.8388 32 50 44.8388 32 
51 44.8388 32 52 44.8388 32 53 44.8388 32 
54 44.8388 32 55 44.8388 32 56 44.8388 32 
57 44.8388 32 58 44.8388 32 59 44.8388 32 
0 15.3286 33 1 15.3286 33 2 15.3286 33 
3 15.3286 33 4 15.3286 33 5 15.3286 33 
6 15.3286 33 7 15.3286 33 8 15.3286 33 
9 15.3286 33 10 15.3286 33 11 15.3286 33 
12 15.3286 33 13 15.3286 33 14 15.3286 33 
15 15.3286 33 16 15.3286 33 17 15.3286 33 
18 15.3286 33 19 15.3286 33 20 15.3286 33 
21 15.3286 33 22 15.3286 33 23 15.3286 33 
24 15.3286 33 25 15.3286 33 26 15.3286 33 
27 15.3286 33 28 15.3286 33 29 15.3286 33 
30 15.3286 33 31 15.3286 33 32 15.3286 33 
33 15.3286 33 34 15.3286 33 35 15.3286 33 
36 15.3286 33 37 15.3286 33 38 15.3286 33 
39 15.3286 33 40 15.3286 33 41 15.3286 33 
42 15.3286 33 43 15.3286 33 44 15.3286 33 
45 15.3286 33 46 15.3286 33 47 15.3286 33 
48 15.3286 33 49 15.3286 33 50 15.3286 33 
51 15.3286 33 52 15.3286 33 53 15.3286 33 
54 15.3286 33 55 15.3286 33 56 15.3286 33 
57 15.3286 33 58 15.3286 33 59 15.3286 33 
0 44.6714 33 1 44.6714 33 2 44.6714 33 
3 44.6714 33 4 44.6714 33 5 44.6714 33 
6 44.6714 33 7 44.6714 33 8 44.6714 33 
9 44.6714 33 10 44.6714 33 11 44.6714 33 
12 44.6714 33 13 44.6714 33 14 44.6714 33 
15 44.6714 33 16 44.6714 33 17 44.6714 33 
18 44.6714 33 19 44.6714 33 20 44.6714 33 
21 44.6714 33 22 44.6714 33 23 44.6714 33 
24 44.6714 33 25 44.6714 33 26 44.6714 33 
27 44.6714 33 28 44.6714 33 29 44.6714 33 
30 44.6714 33 31 44.6714 33 32 44.6714 33 
33 44.6714 33 34 44.6714 33 35 44.6714 33 
36 44.6714 33 37 44.6714 33 38 44.6714 33 
39 44.6714 33 40 44.6714 33 41 44.6714 33 
42 44.6714 33 43 44.6714 33 44 44.6714 33 
45 44.6714 33 46 44.6714 33 47 44.6714 33 
48 44.6714 33 49 44.6714 33 50 44.6714 33 
51 44.6714 33 52 44.6714 33 53 44.6714 33 
54 44.6714 33 55 44.6714 33 56 44.6714 33 
57 44.6714 33 58 44.6714 33 59 44.6714 33 
0 15.5375 34 1 15.5375 34 2 15.5375 34 
3 15.5375 34 4 15.5375 34 5 15.5375 34 
6 15.5375 34 7 15.5375 34 8 15.5375 34 
9 15.5375 34 10 15.5375 34 11 15.5375 34 
12 15.5375 34 13 15.5375 34 14 15.5375 34 
15 15.5375 34 16 15.5375 34 17 15.5375 34 
18 15.5375 34 19 15.5375 34 20 15.5375 34 
21 15.5375 34 22 15.5375 34 23 15.5375 34 
24 15.5375 34 25 15.5375 34 26 15.5375 34 
27 15.5375 34 28 15.5375 34 29 15.5375 34 
30 15.5375 34 31 15.5375 34 32 15.5375 34 
33 15.5375 34 34 15.5375 34 35 15.5375 34 
36 15.5375 34 37 15.5375 34 38 15.5375 34 
39 15.5375 34 40 15.5375 34 41 15.5375 34 
42 15.5375 34 43 15.5375 34 44 15.5375 34 
45 15.5375 34 46 15.5375 34 47 15.5375 34 
48 15.5375 34 49 15.5375 34 50 15.5375 34 
51 15.5375 34 52 15.5375 34 53 15.5375 34 
54 15.5375 34 55 15.5375 34 56 15.5375 34 
57 15.5375 34 58 15.5375 34 59 15.5375 34 
0 44.4625 34 1 44.4625 34 2 44.4625 34 
3 44.4625 34 4 44.4625 34 5 44.4625 34 
6 44.4625 34 7 44.4625 34 8 44.4625 34 
9 44.4625 34 10 44.4625 34 11 44.4625 34 
12 44.4625 34 13 44.4625 34 14 44.4625 34 
15 44.4625 34 16 44.4625 34 17 44.4625 34 
18 44.4625 34 19 44.4625 34 20 44.4625 34 
21 44.4625 34 22 44.4625 34 23 44.4625 34 
24 44.4625 34 25 44.4625 34 26 44.4625 34 
27 44.4625 34 28 44.4625 34 29 44.4625 34 
30 44.4625 34 31 44.4625 34 32 44.4625 34 
33 44.4625 34 34 44.4625 34 35 44.4625 34 
36 44.4625 34 37 44.4625 34 38 44.4625 34 
39 44.4625 34 40 44.4625 34 41 44.4625 34 
42 44.4625 34 43 44.4625 34 44 44.4625 34 
45 44.4625 34 46 44.4625 34 47 44.4625 34 
48 44.4625 34 49 44.4625 34 50 44.4625 34 
51 44.4625 34 52 44.4625 34 53 44.4625 34 
54 44.4625 34 55 44.4625 34 56 44.4625 34 
57 44.4625 34 58 44.4625 34 59 44.4625 34 
0 15.8329 35 1 15.8329 35 2 15.8329 35 
3 15.8329 35 4 15.8329 35 5 15.8329 35 
6 15.8329 35 7 15.8329 35 8 15.8329 35 
9 15.8329 35 10 15.8329 35 11 15.8329 35 
12 15.8329 35 13 15.8329 35 14 15.8329 35 
15 15.8329 35 16 15.8329 35 17 15.8329 35 
18 15.8329 35 19 15.8329 35 20 15.8329 35 
21 15.8329 35 22 15.8329 35 23 15.8329 35 
24 15.8329 35 25 15.8329 35 26 15.8329 35 
27 15.8329 35 28 15.8329 35 29 15.8329 35 
30 15.8329 35 31 15.8329 35 32 15.8329 35 
33 15.8329 35 34 15.8329 35 35 15.8329 35 
36 15.8329 35 37 15.8329 35 38 15.8329 35 
39 15.8329 35 40 15.8329 35 41 15.8329 35 
42 15.8329 35 43 15.8329 35 44 15.8329 35 
45 15.8329 35 46 15.8329 35 47 15.8329 35 
48 15.8329 35 49 15.8329 35 50 15.8329 35 
51 15.8329 35 52 15.8329 35 53 15.8329 35 
54 15.8329 35 55 15.8329 35 56 15.8329 35 
57 15.8329 35 58 15.8329 35 59 15.8329 35 
0 16 35.3692 1 16 35.3692 2 16 35.3692 
3 16 35.3692 4 16 35.3692 5 16 35.3692 
6 16 35.3692 7 16 35.3692 8 16 35.3692 
9 16 35.3692 10 16 35.3692 11 16 35.3692 
12 16 35.3692 13 16 35.3692 14 16 35.3692 
15 16 35.3692 16 16 35.3692 17 16 35.3692 
18 16 35.3692 19 16 35.3692 20 16 35.3692 
21 16 35.3692 22 16 35.3692 23 16 35.3692 
24 16 35.3692 25 16 35.3692 26 16 35.3692 
27 16 35.3692 28 16 35.3692 29 16 35.3692 
30 16 35.3692 31 16 35.3692 32 16 35.3692 
33 16 35.3692 34 16 35.3692 35 16 35.3692 
36 16 35.3692 37 16 35.3692 38 16 35.3692 
39 16 35.3692 40 16 35.3692 41 16 35.3692 
42 16 35.3692 43 16 35.3692 44 16 35.3692 
45 16 35.3692 46 16 35.3692 47 16 35.3692 
48 16 35.3692 49 16 35.3692 50 16 35.3692 
51 16 35.3692 52 16 35.3692 53 16 35.3692 
54 16 35.3692 55 16 35.3692 56 16 35.3692 
57 16 35.3692 58 16 35.3692 59 16 35.3692 
0 44.1671 35 1 44.1671 35 2 44.1671 35 
3 44.1671 35 4 44.1671 35 5 44.1671 35 
6 44.1671 35 7 44.1671 35 8 44.1671 35 
9 44.1671 35 10 44.1671 35 11 44.1671 35 
12 44.1671 35 13 44.1671 35 14 44.1671 35 
15 44.1671 35 16 44.1671 35 17 44.1671 35 
18 44.1671 35 19 44.1671 35 20 44.1671 35 
21 44.1671 35 22 44.1671 35 23 44.1671 35 
24 44.1671 35 25 44.1671 35 26 44.1671 35 
27 44.1671 35 28 44.1671 35 29 44.1671 35 
30 44.1671 35 31 44.1671 35 32 44.1671 35 
33 44.1671 35 34 44.1671 35 35 44.1671 35 
36 44.1671 35 37 44.1671 35 38 44.1671 35 
39 44.1671 35 40 44.1671 35 41 44.1671 35 
42 44.1671 35 43 44.1671 35 44 44.1671 35 
45 44.1671 35 46 44.1671 35 47 44.1671 35 
48 44.1671 35 49 44.1671 35 50 44.1671 35 
51 44.1671 35 52 44.1671 35 53 44.1671 35 
54 44.1671 35 55 44.1671 35 56 44.1671 35 
57 44.1671 35 58 44.1671 35 59 44.1671 35 
0 44 35.3692 1 44 35.3692 2 44 35.3692 
3 44 35.3692 4 44 35.3692 5 44 35.3692 
6 44 35.3692 7 44 35.3692 8 44 35.3692 
9 44 35.3692 10 44 35.3692 11 44 35.3692 
12 44 35.3692 13 44 35.3692 14 44 35.3692 
15 44 35.3692 16 44 35.3692 17 44 35.3692 
18 44 35.3692 19 44 35.3692 20 44 35.3692 
21 44 35.3692 22 44 35.3692 23 44 35.3692 
24 44 35.3692 25 44 35.3692 26 44 35.3692 
27 44 35.3692 28 44 35.3692 29 44 35.3692 
30 44 35.3692 31 44 35.3692 32 44 35.3692 
33 44 35.3692 34 44 35.3692 35 44 35.3692 
36 44 35.3692 37 44 35.3692 38 44 35.3692 
39 44 35.3692 40 44 35.3692 41 44 35.3692 
42 44 35.3692 43 44 35.3692 44 44 35.3692 
45 44 35.3692 46 44 35.3692 47 44 35.3692 
48 44 35.3692 49 44 35.3692 50 44 35.3692 
51 44 35.3692 52 44 35.3692 53 44 35.3692 
54 44 35.3692 55 44 35.3692 56 44 35.3692 
57 44 35.3692 58 44 35.3692 59 44 35.3692 
0 16.2784 36 1 16.2784 36 2 16.2784 36 
3 16.2784 36 4 16.2784 36 5 16.2784 36 
6 16.2784 36 7 16.2784 36 8 16.2784 36 
9 16.2784 36 10 16.2784 36 11 16.2784 36 
12 16.2784 36 13 16.2784 36 14 16.2784 36 
15 16.2784 36 16 16.2784 36 17 16.2784 36 
18 16.2784 36 19 16.2784 36 20 16.2784 36 
21 16.2784 36 22 16.2784 36 23 16.2784 36 
24 16.2784 36 25 16.2784 36 26 16.2784 36 
27 16.2784 36 28 16.2784 36 29 16.2784 36 
30 16.2784 36 31 16.2784 36 32 16.2784 36 
33 16.2784 36 34 16.2784 36 35 16.2784 36 
36 16.2784 36 37 16.2784 36 38 16.2784 36 
39 16.2784 36 40 16.2784 36 41 16.2784 36 
42 16.2784 36 43 16.2784 36 44 16.2784 36 
45 16.2784 36 46 16.2784 36 47 16.2784 36 
48 16.2784 36 49 16.2784 36 50 16.2784 36 
51 16.2784 36 52 16.2784 36 53 16.2784 36 
54 16.2784 36 55 16.2784 36 56 16.2784 36 
57 16.2784 36 58 16.2784 36 59 16.2784 36 
0 43.7216 36 1 43.7216 36 2 43.7216 36 
3 43.7216 36 4 43.7216 36 5 43.7216 36 
6 43.7216 36 7 43.7216 36 8 43.7216 36 
9 43.7216 36 10 43.7216 36 11 43.7216 36 
12 43.7216 36 13 43.7216 36 14 43.7216 36 
15 43.7216 36 16 43.7216 36 17 43.7216 36 
18 43.7216 36 19 43.7216 36 20 43.7216 36 
21 43.7216 36 22 43.7216 36 23 43.7216 36 
24 43.7216 36 25 43.7216 36 26 43.7216 36 
27 43.7216 36 28 43.7216 36 29 43.7216 36 
30 43.7216 36 31 43.7216 36 32 43.7216 36 
33 43.7216 36 34 43.7216 36 35 43.7216 36 
36 43.7216 36 37 43.7216 36 38 43.7216 36 
39 43.7216 36 40 43.7216 36 41 43.7216 36 
42 43.7216 36 43 43.7216 36 44 43.7216 36 
45 43.7216 36 46 43.7216 36 47 43.7216 36 
48 43.7216 36 49 43.7216 36 50 43.7216 36 
51 43.7216 36 52 43.7216 36 53 43.7216 36 
54 43.7216 36 55 43.7216 36 56 43.7216 36 
57 43.7216 36 58 43.7216 36 59 43.7216 36 
0 16.7119 37 1 16.7119 37 2 16.7119 37 
3 16.7119 37 4 16.7119 37 5 16.7119 37 
6 16.7119 37 7 16.7119 37 8 16.7119 37 
9 16.7119 37 10 16.7119 37 11 16.7119 37 
12 16.7119 37 13 16.7119 37 14 16.7119 37 
15 16.7119 37 16 16.7119 37 17 16.7119 37 
18 16.7119 37 19 16.7119 37 20 16.7119 37 
21 16.7119 37 22 16.7119 37 23 16.7119 37 
24 16.7119 37 25 16.7119 37 26 16.7119 37 
27 16.7119 37 28 16.7119 37 29 16.7119 37 
30 16.7119 37 31 16.7119 37 32 16.7119 37 
33 16.7119 37 34 16.7119 37 35 16.7119 37 
36 16.7119 37 37 16.7119 37 38 16.7119 37 
39 16.7119 37 40 16.7119 37 41 16.7119 37 
42 16.7119 37 43 16.7119 37 44 16.7119 37 
45 16.7119 37 46 16.7119 37 47 16.7119 37 
48 16.7119 37 49 16.7119 37 50 16.7119 37 
51 16.7119 37 52 16.7119 37 53 16.7119 37 
54 16.7119 37 55 16.7119 37 56 16.7119 37 
57 16.7119 37 58 16.7119 37 59 16.7119 37 
0 17 37.472 1 17 37.472 2 17 37.472 
3 17 37.472 4 17 37.472 5 17 37.472 
6 17 37.472 7 17 37.472 8 17 37.472 
9 17 37.472 10 17 37.472 11 17 37.472 
12 17 37.472 13 17 37.472 14 17 37.472 
15 17 37.472 16 17 37.472 17 17 37.472 
18 17 37.472 19 17 37.472 20 17 37.472 
21 17 37.472 22 17 37.472 23 17 37.472 
24 17 37.472 25 17 37.472 26 17 37.472 
27 17 37.472 28 17 37.472 29 17 37.472 
30 17 37.472 31 17 37.472 32 17 37.472 
33 17 37.472 34 17 37.472 35 17 37.472 
36 17 37.472 37 17 37.472 38 17 37.472 
39 17 37.472 40 17 37.472 41 17 37.472 
42 17 37.472 43 17 37.472 44 17 37.472 
45 17 37.472 46 17 37.472 47 17 37.472 
48 17 37.472 49 17 37.472 50 17 37.472 
51 17 37.472 52 17 37.472 53 17 37.472 
54 17 37.472 55 17 37.472 56 17 37.472 
57 17 37.472 58 17 37.472 59 17 37.472 
0 43.2881 37 1 43.2881 37 2 43.2881 37 
3 43.2881 37 4 43.2881 37 5 43.2881 37 
6 43.2881 37 7 43.2881 37 8 43.2881 37 
9 43.2881 37 10 43.2881 37 11 43.2881 37 
12 43.2881 37 13 43.2881 37 14 43.2881 37 
15 43.2881 37 16 43.2881 37 17 43.2881 37 
18 43.2881 37 19 43.2881 37 20 43.2881 37 
21 43.2881 37 22 43.2881 37 23 43.2881 37 
24 43.2881 37 25 43.2881 37 26 43.2881 37 
27 43.2881 37 28 43.2881 37 29 43.2881 37 
30 43.2881 37 31 43.2881 37 32 43.2881 37 
33 43.2881 37 34 43.2881 37 35 43.2881 37 
36 43.2881 37 37 43.2881 37 38 43.2881 37 
39 43.2881 37 40 43.2881 37 41 43.2881 37 
42 43.2881 37 43 43.2881 37 44 43.2881 37 
45 43.2881 37 46 43.2881 37 47 43.2881 37 
48 43.2881 37 49 43.2881 37 50 43.2881 37 
51 43.2881 37 52 43.2881 37 53 43.2881 37 
54 43.2881 37 55 43.2881 37 56 43.2881 37 
57 43.2881 37 58 43.2881 37 59 43.2881 37 
0 43 37.472 1 43 37.472 2 43 37.472 
3 43 37.472 4 43 37.472 5 43 37.472 
6 43 37.472 7 43 37.472 8 43 37.472 
9 43 37.472 10 43 37.472 11 43 37.472 
12 43 37.472 13 43 37.472 14 43 37.472 
15 43 37.472 16 43 37.472 17 43 37.472 
18 43 37.472 19 43 37.472 20 43 37.472 
21 43 37.472 22 43 37.472 23 43 37.472 
24 43 37.472 25 43 37.472 26 43 37.472 
27 43 37.472 28 43 37.472 29 43 37.472 
30 43 37.472 31 43 37.472 32 43 37.472 
33 43 37.472 34 43 37.472 35 43 37.472 
36 43 37.472 37 43 37.472 38 43 37.472 
39 43 37.472 40 43 37.472 41 43 37.472 
42 43 37.472 43 43 37.472 44 43 37.472 
45 43 37.472 46 43 37.472 47 43 37.472 
48 43 37.472 49 43 37.472 50 43 37.472 
51 43 37.472 52 43 37.472 53 43 37.472 
54 43 37.472 55 43 37.472 56 43 37.472 
57 43 37.472 58 43 37.472 59 43 37.472 
0 17.3321 38 1 17.3321 38 2 17.3321 38 
3 17.3321 38 4 17.3321 38 5 17.3321 38 
6 17.3321 38 7 17.3321 38 8 17.3321 38 
9 17.3321 38 10 17.3321 38 11 17.3321 38 
12 17.3321 38 13 17.3321 38 14 17.3321 38 
15 17.3321 38 16 17.3321 38 17 17.3321 38 
18 17.3321 38 19 17.3321 38 20 17.3321 38 
21 17.3321 38 22 17.3321 38 23 17.3321 38 
24 17.3321 38 25 17.3321 38 26 17.3321 38 
27 17.3321 38 28 17.3321 38 29 17.3321 38 
30 17.3321 38 31 17.3321 38 32 17.3321 38 
33 17.3321 38 34 17.3321 38 35 17.3321 38 
36 17.3321 38 37 17.3321 38 38 17.3321 38 
39 17.3321 38 40 17.3321 38 41 17.3321 38 
42 17.3321 38 43 17.3321 38 44 17.3321 38 
45 17.3321 38 46 17.3321 38 47 17.3321 38 
48 17.3321 38 49 17.3321 38 50 17.3321 38 
51 17.3321 38 52 17.3321 38 53 17.3321 38 
54 17.3321 38 55 17.3321 38 56 17.3321 38 
57 17.3321 38 58 17.3321 38 59 17.3321 38 
0 42.6679 38 1 42.6679 38 2 42.6679 38 
3 42.6679 38 4 42.6679 38 5 42.6679 38 
6 42.6679 38 7 42.6679 38 8 42.6679 38 
9 42.6679 38 10 42.6679 38 11 42.6679 38 
12 42.6679 38 13 42.6679 38 14 42.6679 38 
15 42.6679 38 16 42.6679 38 17 42.6679 38 
18 42.6679 38 19 42.6679 38 20 42.6679 38 
21 42.6679 38 22 42.6679 38 23 42.6679 38 
24 42.6679 38 25 42.6679 38 26 42.6679 38 
27 42.6679 38 28 42.6679 38 29 42.6679 38 
30 42.6679 38 31 42.6679 38 32 42.6679 38 
33 42.6679 38 34 42.6679 38 35 42.6679 38 
36 42.6679 38 37 42.6679 38 38 42.6679 38 
39 42.6679 38 40 42.6679 38 41 42.6679 38 
42 42.6679 38 43 42.6679 38 44 42.6679 38 
45 42.6679 38 46 42.6679 38 47 42.6679 38 
48 42.6679 38 49 42.6679 38 50 42.6679 38 
51 42.6679 38 52 42.6679 38 53 42.6679 38 
54 42.6679 38 55 42.6679 38 56 42.6679 38 
57 42.6679 38 58 42.6679 38 59 42.6679 38 
0 18 39 1 18 39 2 18 39 
3 18 39 4 18 39 5 18 39 
6 18 39 7 18 39 8 18 39 
9 18 39 10 18 39 11 18 39 
12 18 39 13 18 39 14 18 39 
15 18 39 16 18 39 17 18 39 
18 18 39 19 18 39 20 18 39 
21 18 39 22 18 39 23 18 39 
24 18 39 25 18 39 26 18 39 
27 18 39 28 18 39 29 18 39 
30 18 39 31 18 39 32 18 39 
33 18 39 34 18 39 35 18 39 
36 18 39 37 18 39 38 18 39 
39 18 39 40 18 39 41 18 39 
42 18 39 43 18 39 44 18 39 
45 18 39 46 18 39 47 18 39 
48 18 39 49 18 39 50 18 39 
51 18 39 52 18 39 53 18 39 
54 18 39 55 18 39 56 18 39 
57 18 39 58 18 39 59 18 39 
0 18 39 1 18 39 2 18 39 
3 18 39 4 18 39 5 18 39 
6 18 39 7 18 39 8 18 39 
9 18 39 10 18 39 11 18 39 
12 18 39 13 18 39 14 18 39 
15 18 39 16 18 39 17 18 39 
18 18 39 19 18 39 20 18 39 
21 18 39 22 18 39 23 18 39 
24 18 39 25 18 39 26 18 39 
27 18 39 28 18 39 29 18 39 
30 18 39 31 18 39 32 18 39 
33 18 39 34 18 39 35 18 39 
36 18 39 37 18 39 38 18 39 
39 18 39 40 18 39 41 18 39 
42 18 39 43 18 39 44 18 39 
45 18 39 46 18 39 47 18 39 
48 18 39 49 18 39 50 18 39 
51 18 39 52 18 39 53 18 39 
54 18 39 55 18 39 56 18 39 
57 18 39 58 18 39 59 18 39 
0 42 39 1 42 39 2 42 39 
3 42 39 4 42 39 5 42 39 
6 42 39 7 42 39 8 42 39 
9 42 39 10 42 39 11 42 39 
12 42 39 13 42 39 14 42 39 
15 42 39 16 42 39 17 42 39 
18 42 39 19 42 39 20 42 39 
21 42 39 22 42 39 23 42 39 
24 42 39 25 42 39 26 42 39 
27 42 39 28 42 39 29 42 39 
30 42 39 31 42 39 32 42 39 
33 42 39 34 42 39 35 42 39 
36 42 39 37 42 39 38 42 39 
39 42 39 40 42 39 41 42 39 
42 42 39 43 42 39 44 42 39 
45 42 39 46 42 39 47 42 39 
48 42 39 49 42 39 50 42 39 
51 42 39 52 42 39 53 42 39 
54 42 39 55 42 39 56 42 39 
57 42 39 58 42 39 59 42 39 
0 42 39 1 42 39 2 42 39 
3 42 39 4 42 39 5 42 39 
6 42 39 7 42 39 8 42 39 
9 42 39 10 42 39 11 42 39 
12 42 39 13 42 39 14 42 39 
15 42 39 16 42 39 17 42 39 
18 42 39 19 42 39 20 42 39 
21 42 39 22 42 39 23 42 39 
24 42 39 25 42 39 26 42 39 
27 42 39 28 42 39 29 42 39 
30 42 39 31 42 39 32 42 39 
33 42 39 34 42 39 35 42 39 
36 42 39 37 42 39 38 42 39 
39 42 39 40 42 39 41 42 39 
42 42 39 43 42 39 44 42 39 
45 42 39 46 42 39 47 42 39 
48 42 39 49 42 39 50 42 39 
51 42 39 52 42 39 53 42 39 
54 42 39 55 42 39 56 42 39 
57 42 39 58 42 39 59 42 39 
0 18.8049 40 1 18.8049 40 2 18.8049 40 
3 18.8049 40 4 18.8049 40 5 18.8049 40 
6 18.8049 40 7 18.8049 40 8 18.8049 40 
9 18.8049 40 10 18.8049 40 11 18.8049 40 
12 18.8049 40 13 18.8049 40 14 18.8049 40 
15 18.8049 40 16 18.8049 40 17 18.8049 40 
18 18.8049 40 19 18.8049 40 20 18.8049 40 
21 18.8049 40 22 18.8049 40 23 18.8049 40 
24 18.8049 40 25 18.8049 40 26 18.8049 40 
27 18.8049 40 28 18.8049 40 29 18.8049 40 
30 18.8049 40 31 18.8049 40 32 18.8049 40 
33 18.8049 40 34 18.8049 40 35 18.8049 40 
36 18.8049 40 37 18.8049 40 38 18.8049 40 
39 18.8049 40 40 18.8049 40 41 18.8049 40 
42 18.8049 40 43 18.8049 40 44 18.8049 40 
45 18.8049 40 46 18.8049 40 47 18.8049 40 
48 18.8049 40 49 18.8049 40 50 18.8049 40 
51 18.8049 40 52 18.8049 40 53 18.8049 40 
54 18.8049 40 55 18.8049 40 56 18.8049 40 
57 18.8049 40 58 18.8049 40 59 18.8049 40 
0 19 40.209 1 19 40.209 2 19 40.209 
3 19 40.209 4 19 40.209 5 19 40.209 
6 19 40.209 7 19 40.209 8 19 40.209 
9 19 40.209 10 19 40.209 11 19 40.209 
12 19 40.209 13 19 40.209 14 19 40.209 
15 19 40.209 16 19 40.209 17 19 40.209 
18 19 40.209 19 19 40.209 20 19 40.209 
21 19 40.209 22 19 40.209 23 19 40.209 
24 19 40.209 25 19 40.209 26 19 40.209 
27 19 40.209 28 19 40.209 29 19 40.209 
30 19 40.209 31 19 40.209 32 19 40.209 
33 19 40.209 34 19 40.209 35 19 40.209 
36 19 40.209 37 19 40.209 38 19 40.209 
39 19 40.209 40 19 40.209 41 19 40.209 
42 19 40.209 43 19 40.209 44 19 40.209 
45 19 40.209 46 19 40.209 47 19 40.209 
48 19 40.209 49 19 40.209 50 19 40.209 
51 19 40.209 52 19 40.209 53 19 40.209 
54 19 40.209 55 19 40.209 56 19 40.209 
57 19 40.209 58 19 40.209 59 19 40.209 
0 41.1951 40 1 41.1951 40 2 41.1951 40 
3 41.1951 40 4 41.1951 40 5 41.1951 40 
6 41.1951 40 7 41.1951 40 8 41.1951 40 
9 41.1951 40 10 41.1951 40 11 41.1951 40 
12 41.1951 40 13 41.1951 40 14 41.1951 40 
15 41.1951 40 16 41.1951 40 17 41.1951 40 
18 41.1951 40 19 41.1951 40 20 41.1951 40 
21 41.1951 40 22 41.1951 40 23 41.1951 40 
24 41.1951 40 25 41.1951 40 26 41.1951 40 
27 41.1951 40 28 41.1951 40 29 41.1951 40 
30 41.1951 40 31 41.1951 40 32 41.1951 40 
33 41.1951 40 34 41.1951 40 35 41.1951 40 
36 41.1951 40 37 41.1951 40 38 41.1951 40 
39 41.1951 40 40 41.1951 40 41 41.1951 40 
42 41.1951 40 43 41.1951 40 44 41.1951 40 
45 41.1951 40 46 41.1951 40 47 41.1951 40 
48 41.1951 40 49 41.1951 40 50 41.1951 40 
51 41.1951 40 52 41.1951 40 53 41.1951 40 
54 41.1951 40 55 41.1951 40 56 41.1951 40 
57 41.1951 40 58 41.1951 40 59 41.1951 40 
0 41 40.209 1 41 40.209 2 41 40.209 
3 41 40.209 4 41 40.209 5 41 40.209 
6 41 40.209 7 41 40.209 8 41 40.209 
9 41 40.209 10 41 40.209 11 41 40.209 
12 41 40.209 13 41 40.209 14 41 40.209 
15 41 40.209 16 41 40.209 17 41 40.209 
18 41 40.209 19 41 40.209 20 41 40.209 
21 41 40.209 22 41 40.209 23 41 40.209 
24 41 40.209 25 41 40.209 26 41 40.209 
27 41 40.209 28 41 40.209 29 41 40.209 
30 41 40.209 31 41 40.209 32 41 40.209 
33 41 40.209 34 41 40.209 35 41 40.209 
36 41 40.209 37 41 40.209 38 41 40.209 
39 41 40.209 40 41 40.209 41 41 40.209 
42 41 40.209 43 41 40.209 44 41 40.209 
45 41 40.209 46 41 40.209 47 41 40.209 
48 41 40.209 49 41 40.209 50 41 40.209 
51 41 40.209 52 41 40.209 53 41 40.209 
54 41 40.209 55 41 40.209 56 41 40.209 
57 41 40.209 58 41 40.209 59 41 40.209 
0 19.791 41 1 19.791 41 2 19.791 41 
3 19.791 41 4 19.791 41 5 19.791 41 
6 19.791 41 7 19.791 41 8 19.791 41 
9 19.791 41 10 19.791 41 11 19.791 41 
12 19.791 41 13 19.791 41 14 19.791 41 
15 19.791 41 16 19.791 41 17 19.791 41 
18 19.791 41 19 19.791 41 20 19.791 41 
21 19.791 41 22 19.791 41 23 19.791 41 
24 19.791 41 25 19.791 41 26 19.791 41 
27 19.791 41 28 19.791 41 29 19.791 41 
30 19.791 41 31 19.791 41 32 19.791 41 
33 19.791 41 34 19.791 41 35 19.791 41 
36 19.791 41 37 19.791 41 38 19.791 41 
39 19.791 41 40 19.791 41 41 19.791 41 
42 19.791 41 43 19.791 41 44 19.791 41 
45 19.791 41 46 19.791 41 47 19.791 41 
48 19.791 41 49 19.791 41 50 19.791 41 
51 19.791 41 52 19.791 41 53 19.791 41 
54 19.791 41 55 19.791 41 56 19.791 41 
57 19.791 41 58 19.791 41 59 19.791 41 
0 20 41.1951 1 20 41.1951 2 20 41.1951 
3 20 41.1951 4 20 41.1951 5 20 41.1951 
6 20 41.1951 7 20 41.1951 8 20 41.1951 
9 20 41.1951 10 20 41.1951 11 20 41.1951 
12 20 41.1951 13 20 41.1951 14 20 41.1951 
15 20 41.1951 16 20 41.1951 17 20 41.1951 
18 20 41.1951 19 20 41.1951 20 20 41.1951 
21 20 41.1951 22 20 41.1951 23 20 41.1951 
24 20 41.1951 25 20 41.1951 26 20 41.1951 
27 20 41.1951 28 20 41.1951 29 20 41.1951 
30 20 41.1951 31 20 41.1951 32 20 41.1951 
33 20 41.1951 34 20 41.1951 35 20 41.1951 
36 20 41.1951 37 20 41.1951 38 20 41.1951 
39 20 41.1951 40 20 41.1951 41 20 41.1951 
42 20 41.1951 43 20 41.1951 44 20 41.1951 
45 20 41.1951 46 20 41.1951 47 20 41.1951 
48 20 41.1951 49 20 41.1951 50 20 41.1951 
51 20 41.1951 52 20 41.1951 53 20 41.1951 
54 20 41.1951 55 20 41.1951 56 20 41.1951 
57 20 41.1951 58 20 41.1951 59 20 41.1951 
0 40.209 41 1 40.209 41 2 40.209 41 
3 40.209 41 4 40.209 41 5 40.209 41 
6 40.209 41 7 40.209 41 8 40.209 41 
9 40.209 41 10 40.209 41 11 40.209 41 
12 40.209 41 13 40.209 41 14 40.209 41 
15 40.209 41 16 40.209 41 17 40.209 41 
18 40.209 41 19 40.209 41 20 40.209 41 
21 40.209 41 22 40.209 41 23 40.209 41 
24 40.209 41 25 40.209 41 26 40.209 41 
27 40.209 41 28 40.209 41 29 40.209 41 
30 40.209 41 31 40.209 41 32 40.209 41 
33 40.209 41 34 40.209 41 35 40.209 41 
36 40.209 41 37 40.209 41 38 40.209 41 
39 40.209 41 40 40.209 41 41 40.209 41 
42 40.209 41 43 40.209 41 44 40.209 41 
45 40.209 41 46 40.209 41 47 40.209 41 
48 40.209 41 49 40.209 41 50 40.209 41 
51 40.209 41 52 40.209 41 53 40.209 41 
54 40.209 41 55 40.209 41 56 40.209 41 
57 40.209 41 58 40.209 41 59 40.209 41 
0 40 41.1951 1 40 41.1951 2 40 41.1951 
3 40 41.1951 4 40 41.1951 5 40 41.1951 
6 40 41.1951 7 40 41.1951 8 40 41.1951 
9 40 41.1951 10 40 41.1951 11 40 41.1951 
12 40 41.1951 13 40 41.1951 14 40 41.1951 
15 40 41.1951 16 40 41.1951 17 40 41.1951 
18 40 41.1951 19 40 41.1951 20 40 41.1951 
21 40 41.1951 22 40 41.1951 23 40 41.1951 
24 40 41.1951 25 40 41.1951 26 40 41.1951 
27 40 41.1951 28 40 41.1951 29 40 41.1951 
30 40 41.1951 31 40 41.1951 32 40 41.1951 
33 40 41.1951 34 40 41.1951 35 40 41.1951 
36 40 41.1951 37 40 41.1951 38 40 41.1951 
39 40 41.1951 40 40 41.1951 41 40 41.1951 
42 40 41.1951 43 40 41.1951 44 40 41.1951 
45 40 41.1951 46 40 41.1951 47 40 41.1951 
48 40 41.1951 49 40 41.1951 50 40 41.1951 
51 40 41.1951 52 40 41.1951 53 40 41.1951 
54 40 41.1951 55 40 41.1951 56 40 41.1951 
57 40 41.1951 58 40 41.1951 59 40 41.1951 
0 21 42 1 21 42 2 21 42 
3 21 42 4 21 42 5 21 42 
6 21 42 7 21 42 8 21 42 
9 21 42 10 21 42 11 21 42 
12 21 42 13 21 42 14 21 42 
15 21 42 16 21 42 17 21 42 
18 21 42 19 21 42 20 21 42 
21 21 42 22 21 42 23 21 42 
24 21 42 25 21 42 26 21 42 
27 21 42 28 21 42 29 21 42 
30 21 42 31 21 42 32 21 42 
33 21 42 34 21 42 35 21 42 
36 21 42 37 21 42 38 21 42 
39 21 42 40 21 42 41 21 42 
42 21 42 43 21 42 44 21 42 
45 21 42 46 21 42 47 21 42 
48 21 42 49 21 42 50 21 42 
51 21 42 52 21 42 53 21 42 
54 21 42 55 21 42 56 21 42 
57 21 42 58 21 42 59 21 42 
0 21 42 1 21 42 2 21 42 
3 21 42 4 21 42 5 21 42 
6 21 42 7 21 42 8 21 42 
9 21 42 10 21 42 11 21 42 
12 21 42 13 21 42 14 21 42 
15 21 42 16 21 42 17 21 42 
18 21 42 19 21 42 20 21 42 
21 21 42 22 21 42 23 21 42 
24 21 42 25 21 42 26 21 42 
27 21 42 28 21 42 29 21 42 
30 21 42 31 21 42 32 21 42 
33 21 42 34 21 42 35 21 42 
36 21 42 37 21 42 38 21 42 
39 21 42 40 21 42 41 21 42 
42 21 42 43 21 42 44 21 42 
45 21 42 46 21 42 47 21 42 
48 21 42 49 21 42 50 21 42 
51 21 42 52 21 42 53 21 42 
54 21 42 55 21 42 56 21 42 
57 21 42 58 21 42 59 21 42 
0 22 42.6679 1 22 42.6679 2 22 42.6679 
3 22 42.6679 4 22 42.6679 5 22 42.6679 
6 22 42.6679 7 22 42.6679 8 22 42.6679 
9 22 42.6679 10 22 42.6679 11 22 42.6679 
12 22 42.6679 13 22 42.6679 14 22 42.6679 
15 22 42.6679 16 22 42.6679 17 22 42.6679 
18 22 42.6679 19 22 42.6679 20 22 42.6679 
21 22 42.6679 22 22 42.6679 23 22 42.6679 
24 22 42.6679 25 22 42.6679 26 22 42.6679 
27 22 42.6679 28 22 42.6679 29 22 42.6679 
30 22 42.6679 31 22 42.6679 32 22 42.6679 
33 22 42.6679 34 22 42.6679 35 22 42.6679 
36 22 42.6679 37 22 42.6679 38 22 42.6679 
39 22 42.6679 40 22 42.6679 41 22 42.6679 
42 22 42.6679 43 22 42.6679 44 22 42.6679 
45 22 42.6679 46 22 42.6679 47 22 42.6679 
48 22 42.6679 49 22 42.6679 50 22 42.6679 
51 22 42.6679 52 22 42.6679 53 22 42.6679 
54 22 42.6679 55 22 42.6679 56 22 42.6679 
57 22 42.6679 58 22 42.6679 59 22 42.6679 
0 38 42.6679 1 38 42.6679 2 38 42.6679 
3 38 42.6679 4 38 42.6679 5 38 42.6679 
6 38 42.6679 7 38 42.6679 8 38 42.6679 
9 38 42.6679 10 38 42.6679 11 38 42.6679 
12 38 42.6679 13 38 42.6679 14 38 42.6679 
15 38 42.6679 16 38 42.6679 17 38 42.6679 
18 38 42.6679 19 38 42.6679 20 38 42.6679 
21 38 42.6679 22 38 42.6679 23 38 42.6679 
24 38 42.6679 25 38 42.6679 26 38 42.6679 
27 38 42.6679 28 38 42.6679 29 38 42.6679 
30 38 42.6679 31 38 42.6679 32 38 42.6679 
33 38 42.6679 34 38 42.6679 35 38 42.6679 
36 38 42.6679 37 38 42.6679 38 38 42.6679 
39 38 42.6679 40 38 42.6679 41 38 42.6679 
42 38 42.6679 43 38 42.6679 44 38 42.6679 
45 38 42.6679 46 38 42.6679 47 38 42.6679 
48 38 42.6679 49 38 42.6679 50 38 42.6679 
51 38 42.6679 52 38 42.6679 53 38 42.6679 
54 38 42.6679 55 38 42.6679 56 38 42.6679 
57 38 42.6679 58 38 42.6679 59 38 42.6679 
0 39 42 1 39 42 2 39 42 
3 39 42 4 39 42 5 39 42 
6 39 42 7 39 42 8 39 42 
9 39 42 10 39 42 11 39 42 
12 39 42 13 39 42 14 39 42 
15 39 42 16 39 42 17 39 42 
18 39 42 19 39 42 20 39 42 
21 39 42 22 39 42 23 39 42 
24 39 42 25 39 42 26 39 42 
27 39 42 28 39 42 29 39 42 
30 39 42 31 39 42 32 39 42 
33 39 42 34 39 42 35 39 42 
36 39 42 37 39 42 38 39 42 
39 39 42 40 39 42 41 39 42 
42 39 42 43 39 42 44 39 42 
45 39 42 46 39 42 47 39 42 
48 39 42 49 39 42 50 39 42 
51 39 42 52 39 42 53 39 42 
54 39 42 55 39 42 56 39 42 
57 39 42 58 39 42 59 39 42 
0 39 42 1 39 42 2 39 42 
3 39 42 4 39 42 5 39 42 
6 39 42 7 39 42 8 39 42 
9 39 42 10 39 42 11 39 42 
12 39 42 13 39 42 14 39 42 
15 39 42 16 39 42 17 39 42 
18 39 42 19 39 42 20 39 42 
21 39 42 22 39 42 23 39 42 
24 39 42 25 39 42 26 39 42 
27 39 42 28 39 42 29 39 42 
30 39 42 31 39 42 32 39 42 
33 39 42 34 39 42 35 39 42 
36 39 42 37 39 42 38 39 42 
39 39 42 40 39 42 41 39 42 
42 39 42 43 39 42 44 39 42 
45 39 42 46 39 42 47 39 42 
48 39 42 49 39 42 50 39 42 
51 39 42 52 39 42 53 39 42 
54 39 42 55 39 42 56 39 42 
57 39 42 58 39 42 59 39 42 
0 22.528 43 1 22.528 43 2 22.528 43 
3 22.528 43 4 22.528 43 5 22.528 43 
6 22.528 43 7 22.528 43 8 22.528 43 
9 22.528 43 10 22.528 43 11 22.528 43 
12 22.528 43 13 22.528 43 14 22.528 43 
15 22.528 43 16 22.528 43 17 22.528 43 
18 22.528 43 19 22.528 43 20 22.528 43 
21 22.528 43 22 22.528 43 23 22.528 43 
24 22.528 43 25 22.528 43 26 22.528 43 
27 22.528 43 28 22.528 43 29 22.528 43 
30 22.528 43 31 22.528 43 32 22.528 43 
33 22.528 43 34 22.528 43 35 22.528 43 
36 22.528 43 37 22.528 43 38 22.528 43 
39 22.528 43 40 22.528 43 41 22.528 43 
42 22.528 43 43 22.528 43 44 22.528 43 
45 22.528 43 46 22.528 43 47 22.528 43 
48 22.528 43 49 22.528 43 50 22.528 43 
51 22.528 43 52 22.528 43 53 22.528 43 
54 22.528 43 55 22.528 43 56 22.528 43 
57 22.528 43 58 22.528 43 59 22.528 43 
0 23 43.2881 1 23 43.2881 2 23 43.2881 
3 23 43.2881 4 23 43.2881 5 23 43.2881 
6 23 43.2881 7 23 43.2881 8 23 43.2881 
9 23 43.2881 10 23 43.2881 11 23 43.2881 
12 23 43.2881 13 23 43.2881 14 23 43.2881 
15 23 43.2881 16 23 43.2881 17 23 43.2881 
18 23 43.2881 19 23 43.2881 20 23 43.2881 
21 23 43.2881 22 23 43.2881 23 23 43.2881 
24 23 43.2881 25 23 43.2881 26 23 43.2881 
27 23 43.2881 28 23 43.2881 29 23 43.2881 
30 23 43.2881 31 23 43.2881 32 23 43.2881 
33 23 43.2881 34 23 43.2881 35 23 43.2881 
36 23 43.2881 37 23 43.2881 38 23 43.2881 
39 23 43.2881 40 23 43.2881 41 23 43.2881 
42 23 43.2881 43 23 43.2881 44 23 43.2881 
45 23 43.2881 46 23 43.2881 47 23 43.2881 
48 23 43.2881 49 23 43.2881 50 23 43.2881 
51 23 43.2881 52 23 43.2881 53 23 43.2881 
54 23 43.2881 55 23 43.2881 56 23 43.2881 
57 23 43.2881 58 23 43.2881 59 23 43.2881 
0 24 43.7216 1 24 43.7216 2 24 43.7216 
3 24 43.7216 4 24 43.7216 5 24 43.7216 
6 24 43.7216 7 24 43.7216 8 24 43.7216 
9 24 43.7216 10 24 43.7216 11 24 43.7216 
12 24 43.7216 13 24 43.7216 14 24 43.7216 
15 24 43.7216 16 24 43.7216 17 24 43.7216 
18 24 43.7216 19 24 43.7216 20 24 43.7216 
21 24 43.7216 22 24 43.7216 23 24 43.7216 
24 24 43.7216 25 24 43.7216 26 24 43.7216 
27 24 43.7216 28 24 43.7216 29 24 43.7216 
30 24 43.7216 31 24 43.7216 32 24 43.7216 
33 24 43.7216 34 24 43.7216 35 24 43.7216 
36 24 43.7216 37 24 43.7216 38 24 43.7216 
39 24 43.7216 40 24 43.7216 41 24 43.7216 
42 24 43.7216 43 24 43.7216 44 24 43.7216 
45 24 43.7216 46 24 43.7216 47 24 43.7216 
48 24 43.7216 49 24 43.7216 50 24 43.7216 
51 24 43.7216 52 24 43.7216 53 24 43.7216 
54 24 43.7216 55 24 43.7216 56 24 43.7216 
57 24 43.7216 58 24 43.7216 59 24 43.7216 
0 36 43.7216 1 36 43.7216 2 36 43.7216 
3 36 43.7216 4 36 43.7216 5 36 43.7216 
6 36 43.7216 7 36 43.7216 8 36 43.7216 
9 36 43.7216 10 36 43.7216 11 36 43.7216 
12 36 43.7216 13 36 43.7216 14 36 43.7216 
15 36 43.7216 16 36 43.7216 17 36 43.7216 
18 36 43.7216 19 36 43.7216 20 36 43.7216 
21 36 43.7216 22 36 43.7216 23 36 43.7216 
24 36 43.7216 25 36 43.7216 26 36 43.7216 
27 36 43.7216 28 36 43.7216 29 36 43.7216 
30 36 43.7216 31 36 43.7216 32 36 43.7216 
33 36 43.7216 34 36 43.7216 35 36 43.7216 
36 36 43.7216 37 36 43.7216 38 36 43.7216 
39 36 43.7216 40 36 43.7216 41 36 43.7216 
42 36 43.7216 43 36 43.7216 44 36 43.7216 
45 36 43.7216 46 36 43.7216 47 36 43.7216 
48 36 43.7216 49 36 43.7216 50 36 43.7216 
51 36 43.7216 52 36 43.7216 53 36 43.7216 
54 36 43.7216 55 36 43.7216 56 36 43.7216 
57 36 43.7216 58 36 43.7216 59 36 43.7216 
0 37.472 43 1 37.472 43 2 37.472 43 
3 37.472 43 4 37.472 43 5 37.472 43 
6 37.472 43 7 37.472 43 8 37.472 43 
9 37.472 43 10 37.472 43 11 37.472 43 
12 37.472 43 13 37.472 43 14 37.472 43 
15 37.472 43 16 37.472 43 17 37.472 43 
18 37.472 43 19 37.472 43 20 37.472 43 
21 37.472 43 22 37.472 43 23 37.472 43 
24 37.472 43 25 37.472 43 26 37.472 43 
27 37.472 43 28 37.472 43 29 37.472 43 
30 37.472 43 31 37.472 43 32 37.472 43 
33 37.472 43 34 37.472 43 35 37.472 43 
36 37.472 43 37 37.472 43 38 37.472 43 
39 37.472 43 40 37.472 43 41 37.472 43 
42 37.472 43 43 37.472 43 44 37.472 43 
45 37.472 43 46 37.472 43 47 37.472 43 
48 37.472 43 49 37.472 43 50 37.472 43 
51 37.472 43 52 37.472 43 53 37.472 43 
54 37.472 43 55 37.472 43 56 37.472 43 
57 37.472 43 58 37.472 43 59 37.472 43 
0 37 43.2881 1 37 43.2881 2 37 43.2881 
3 37 43.2881 4 37 43.2881 5 37 43.2881 
6 37 43.2881 7 37 43.2881 8 37 43.2881 
9 37 43.2881 10 37 43.2881 11 37 43.2881 
12 37 43.2881 13 37 43.2881 14 37 43.2881 
15 37 43.2881 16 37 43.2881 17 37 43.2881 
18 37 43.2881 19 37 43.2881 20 37 43.2881 
21 37 43.2881 22 37 43.2881 23 37 43.2881 
24 37 43.2881 25 37 43.2881 26 37 43.2881 
27 37 43.2881 28 37 43.2881 29 37 43.2881 
30 37 43.2881 31 37 43.2881 32 37 43.2881 
33 37 43.2881 34 37 43.2881 35 37 43.2881 
36 37 43.2881 37 37 43.2881 38 37 43.2881 
39 37 43.2881 40 37 43.2881 41 37 43.2881 
42 37 43.2881 43 37 43.2881 44 37 43.2881 
45 37 43.2881 46 37 43.2881 47 37 43.2881 
48 37 43.2881 49 37 43.2881 50 37 43.2881 
51 37 43.2881 52 37 43.2881 53 37 43.2881 
54 37 43.2881 55 37 43.2881 56 37 43.2881 
57 37 43.2881 58 37 43.2881 59 37 43.2881 
0 24.6308 44 1 24.6308 44 2 24.6308 44 
3 24.6308 44 4 24.6308 44 5 24.6308 44 
6 24.6308 44 7 24.6308 44 8 24.6308 44 
9 24.6308 44 10 24.6308 44 11 24.6308 44 
12 24.6308 44 13 24.6308 44 14 24.6308 44 
15 24.6308 44 16 24.6308 44 17 24.6308 44 
18 24.6308 44 19 24.6308 44 20 24.6308 44 
21 24.6308 44 22 24.6308 44 23 24.6308 44 
24 24.6308 44 25 24.6308 44 26 24.6308 44 
27 24.6308 44 28 24.6308 44 29 24.6308 44 
30 24.6308 44 31 24.6308 44 32 24.6308 44 
33 24.6308 44 34 24.6308 44 35 24.6308 44 
36 24.6308 44 37 24.6308 44 38 24.6308 44 
39 24.6308 44 40 24.6308 44 41 24.6308 44 
42 24.6308 44 43 24.6308 44 44 24.6308 44 
45 24.6308 44 46 24.6308 44 47 24.6308 44 
48 24.6308 44 49 24.6308 44 50 24.6308 44 
51 24.6308 44 52 24.6308 44 53 24.6308 44 
54 24.6308 44 55 24.6308 44 56 24.6308 44 
57 24.6308 44 58 24.6308 44 59 24.6308 44 
0 25 44.1671 1 25 44.1671 2 25 44.1671 
3 25 44.1671 4 25 44.1671 5 25 44.1671 
6 25 44.1671 7 25 44.1671 8 25 44.1671 
9 25 44.1671 10 25 44.1671 11 25 44.1671 
12 25 44.1671 13 25 44.1671 14 25 44.1671 
15 25 44.1671 16 25 44.1671 17 25 44.1671 
18 25 44.1671 19 25 44.1671 20 25 44.1671 
21 25 44.1671 22 25 44.1671 23 25 44.1671 
24 25 44.1671 25 25 44.1671 26 25 44.1671 
27 25 44.1671 28 25 44.1671 29 25 44.1671 
30 25 44.1671 31 25 44.1671 32 25 44.1671 
33 25 44.1671 34 25 44.1671 35 25 44.1671 
36 25 44.1671 37 25 44.1671 38 25 44.1671 
39 25 44.1671 40 25 44.1671 41 25 44.1671 
42 25 44.1671 43 25 44.1671 44 25 44.1671 
45 25 44.1671 46 25 44.1671 47 25 44.1671 
48 25 44.1671 49 25 44.1671 50 25 44.1671 
51 25 44.1671 52 25 44.1671 53 25 44.1671 
54 25 44.1671 55 25 44.1671 56 25 44.1671 
57 25 44.1671 58 25 44.1671 59 25 44.1671 
0 26 44.4625 1 26 44.4625 2 26 44.4625 
3 26 44.4625 4 26 44.4625 5 26 44.4625 
6 26 44.4625 7 26 44.4625 8 26 44.4625 
9 26 44.4625 10 26 44.4625 11 26 44.4625 
12 26 44.4625 13 26 44.4625 14 26 44.4625 
15 26 44.4625 16 26 44.4625 17 26 44.4625 
18 26 44.4625 19 26 44.4625 20 26 44.4625 
21 26 44.4625 22 26 44.4625 23 26 44.4625 
24 26 44.4625 25 26 44.4625 26 26 44.4625 
27 26 44.4625 28 26 44.4625 29 26 44.4625 
30 26 44.4625 31 26 44.4625 32 26 44.4625 
33 26 44.4625 34 26 44.4625 35 26 44.4625 
36 26 44.4625 37 26 44.4625 38 26 44.4625 
39 26 44.4625 40 26 44.4625 41 26 44.4625 
42 26 44.4625 43 26 44.4625 44 26 44.4625 
45 26 44.4625 46 26 44.4625 47 26 44.4625 
48 26 44.4625 49 26 44.4625 50 26 44.4625 
51 26 44.4625 52 26 44.4625 53 26 44.4625 
54 26 44.4625 55 26 44.4625 56 26 44.4625 
57 26 44.4625 58 26 44.4625 59 26 44.4625 
0 27 44.6714 1 27 44.6714 2 27 44.6714 
3 27 44.6714 4 27 44.6714 5 27 44.6714 
6 27 44.6714 7 27 44.6714 8 27 44.6714 
9 27 44.6714 10 27 44.6714 11 27 44.6714 
12 27 44.6714 13 27 44.6714 14 27 44.6714 
15 27 44.6714 16 27 44.6714 17 27 44.6714 
18 27 44.6714 19 27 44.6714 20 27 44.6714 
21 27 44.6714 22 27 44.6714 23 27 44.6714 
24 27 44.6714 25 27 44.6714 26 27 44.6714 
27 27 44.6714 28 27 44.6714 29 27 44.6714 
30 27 44.6714 31 27 44.6714 32 27 44.6714 
33 27 44.6714 34 27 44.6714 35 27 44.6714 
36 27 44.6714 37 27 44.6714 38 27 44.6714 
39 27 44.6714 40 27 44.6714 41 27 44.6714 
42 27 44.6714 43 27 44.6714 44 27 44.6714 
45 27 44.6714 46 27 44.6714 47 27 44.6714 
48 27 44.6714 49 27 44.6714 50 27 44.6714 
51 27 44.6714 52 27 44.6714 53 27 44.6714 
54 27 44.6714 55 27 44.6714 56 27 44.6714 
57 27 44.6714 58 27 44.6714 59 27 44.6714 
0 28 44.8388 1 28 44.8388 2 28 44.8388 
3 28 44.8388 4 28 44.8388 5 28 44.8388 
6 28 44.8388 7 28 44.8388 8 28 44.8388 
9 28 44.8388 10 28 44.8388 11 28 44.8388 
12 28 44.8388 13 28 44.8388 14 28 44.8388 
15 28 44.8388 16 28 44.8388 17 28 44.8388 
18 28 44.8388 19 28 44.8388 20 28 44.8388 
21 28 44.8388 22 28 44.8388 23 28 44.8388 
24 28 44.8388 25 28 44.8388 26 28 44.8388 
27 28 44.8388 28 28 44.8388 29 28 44.8388 
30 28 44.8388 31 28 44.8388 32 28 44.8388 
33 28 44.8388 34 28 44.8388 35 28 44.8388 
36 28 44.8388 37 28 44.8388 38 28 44.8388 
39 28 44.8388 40 28 44.8388 41 28 44.8388 
42 28 44.8388 43 28 44.8388 44 28 44.8388 
45 28 44.8388 46 28 44.8388 47 28 44.8388 
48 28 44.8388 49 28 44.8388 50 28 44.8388 
51 28 44.8388 52 28 44.8388 53 28 44.8388 
54 28 44.8388 55 28 44.8388 56 28 44.8388 
57 28 44.8388 58 28 44.8388 59 28 44.8388 
0 29 44.9566 1 29 44.9566 2 29 44.9566 
3 29 44.9566 4 29 44.9566 5 29 44.9566 
6 29 44.9566 7 29 44.9566 8 29 44.9566 
9 29 44.9566 10 29 44.9566 11 29 44.9566 
12 29 44.9566 13 29 44.9566 14 29 44.9566 
15 29 44.9566 16 29 44.9566 17 29 44.9566 
18 29 44.9566 19 29 44.9566 20 29 44.9566 
21 29 44.9566 22 29 44.9566 23 29 44.9566 
24 29 44.9566 25 29 44.9566 26 29 44.9566 
27 29 44.9566 28 29 44.9566 29 29 44.9566 
30 29 44.9566 31 29 44.9566 32 29 44.9566 
33 29 44.9566 34 29 44.9566 35 29 44.9566 
36 29 44.9566 37 29 44.9566 38 29 44.9566 
39 29 44.9566 40 29 44.9566 41 29 44.9566 
42 29 44.9566 43 29 44.9566 44 29 44.9566 
45 29 44.9566 46 29 44.9566 47 29 44.9566 
48 29 44.9566 49 29 44.9566 50 29 44.9566 
51 29 44.9566 52 29 44.9566 53 29 44.9566 
54 29 44.9566 55 29 44.9566 56 29 44.9566 
57 29 44.9566 58 29 44.9566 59 29 44.9566 
0 31 44.9566 1 31 44.9566 2 31 44.9566 
3 31 44.9566 4 31 44.9566 5 31 44.9566 
6 31 44.9566 7 31 44.9566 8 31 44.9566 
9 31 44.9566 10 31 44.9566 11 31 44.9566 
12 31 44.9566 13 31 44.9566 14 31 44.9566 
15 31 44.9566 16 31 44.9566 17 31 44.9566 
18 31 44.9566 19 31 44.9566 20 31 44.9566 
21 31 44.9566 22 31 44.9566 23 31 44.9566 
24 31 44.9566 25 31 44.9566 26 31 44.9566 
27 31 44.9566 28 31 44.9566 29 31 44.9566 
30 31 44.9566 31 31 44.9566 32 31 44.9566 
33 31 44.9566 34 31 44.9566 35 31 44.9566 
36 31 44.9566 37 31 44.9566 38 31 44.9566 
39 31 44.9566 40 31 44.9566 41 31 44.9566 
42 31 44.9566 43 31 44.9566 44 31 44.9566 
45 31 44.9566 46 31 44.9566 47 31 44.9566 
48 31 44.9566 49 31 44.9566 50 31 44.9566 
51 31 44.9566 52 31 44.9566 53 31 44.9566 
54 31 44.9566 55 31 44.9566 56 31 44.9566 
57 31 44.9566 58 31 44.9566 59 31 44.9566 
0 32 44.8388 1 32 44.8388 2 32 44.8388 
3 32 44.8388 4 32 44.8388 5 32 44.8388 
6 32 44.8388 7 32 44.8388 8 32 44.8388 
9 32 44.8388 10 32 44.8388 11 32 44.8388 
12 32 44.8388 13 32 44.8388 14 32 44.8388 
15 32 44.8388 16 32 44.8388 17 32 44.8388 
18 32 44.8388 19 32 44.8388 20 32 44.8388 
21 32 44.8388 22 32 44.8388 23 32 44.8388 
24 32 44.8388 25 32 44.8388 26 32 44.8388 
27 32 44.8388 28 32 44.8388 29 32 44.8388 
30 32 44.8388 31 32 44.8388 32 32 44.8388 
33 32 44.8388 34 32 44.8388 35 32 44.8388 
36 32 44.8388 37 32 44.8388 38 32 44.8388 
39 32 44.8388 40 32 44.8388 41 32 44.8388 
42 32 44.8388 43 32 44.8388 44 32 44.8388 
45 32 44.8388 46 32 44.8388 47 32 44.8388 
48 32 44.8388 49 32 44.8388 50 32 44.8388 
51 32 44.8388 52 32 44.8388 53 32 44.8388 
54 32 44.8388 55 32 44.8388 56 32 44.8388 
57 32 44.8388 58 32 44.8388 59 32 44.8388 
0 33 44.6714 1 33 44.6714 2 33 44.6714 
3 33 44.6714 4 33 44.6714 5 33 44.6714 
6 33 44.6714 7 33 44.6714 8 33 44.6714 
9 33 44.6714 10 33 44.6714 11 33 44.6714 
12 33 44.6714 13 33 44.6714 14 33 44.6714 
15 33 44.6714 16 33 44.6714 17 33 44.6714 
18 33 44.6714 19 33 44.6714 20 33 44.6714 
21 33 44.6714 22 33 44.6714 23 33 44.6714 
24 33 44.6714 25 33 44.6714 26 33 44.6714 
27 33 44.6714 28 33 44.6714 29 33 44.6714 
30 33 44.6714 31 33 44.6714 32 33 44.6714 
33 33 44.6714 34 33 44.6714 35 33 44.6714 
36 33 44.6714 37 33 44.6714 38 33 44.6714 
39 33 44.6714 40 33 44.6714 41 33 44.6714 
42 33 44.6714 43 33 44.6714 44 33 44.6714 
45 33 44.6714 46 33 44.6714 47 33 44.6714 
48 33 44.6714 49 33 44.6714 50 33 44.6714 
51 33 44.6714 52 33 44.6714 53 33 44.6714 
54 33 44.6714 55 33 44.6714 56 33 44.6714 
57 33 44.6714 58 33 44.6714 59 33 44.6714 
0 34 44.4625 1 34 44.4625 2 34 44.4625 
3 34 44.4625 4 34 44.4625 5 34 44.4625 
6 34 44.4625 7 34 44.4625 8 34 44.4625 
9 34 44.4625 10 34 44.4625 11 34 44.4625 
12 34 44.4625 13 34 44.4625 14 34 44.4625 
15 34 44.4625 16 34 44.4625 17 34 44.4625 
18 34 44.4625 19 34 44.4625 20 34 44.4625 
21 34 44.4625 22 34 44.4625 23 34 44.4625 
24 34 44.4625 25 34 44.4625 26 34 44.4625 
27 34 44.4625 28 34 44.4625 29 34 44.4625 
30 34 44.4625 31 34 44.4625 32 34 44.4625 
33 34 44.4625 34 34 44.4625 35 34 44.4625 
36 34 44.4625 37 34 44.4625 38 34 44.4625 
39 34 44.4625 40 34 44.4625 41 34 44.4625 
42 34 44.4625 43 34 44.4625 44 34 44.4625 
45 34 44.4625 46 34 44.4625 47 34 44.4625 
48 34 44.4625 49 34 44.4625 50 34 44.4625 
51 34 44.4625 52 34 44.4625 53 34 44.4625 
54 34 44.4625 55 34 44.4625 56 34 44.4625 
57 34 44.4625 58 34 44.4625 59 34 44.4625 
0 35.3692 44 1 35.3692 44 2 35.3692 44 
3 35.3692 44 4 35.3692 44 5 35.3692 44 
6 35.3692 44 7 35.3692 44 8 35.3692 44 
9 35.3692 44 10 35.3692 44 11 35.3692 44 
12 35.3692 44 13 35.3692 44 14 35.3692 44 
15 35.3692 44 16 35.3692 44 17 35.3692 44 
18 35.3692 44 19 35.3692 44 20 35.3692 44 
21 35.3692 44 22 35.3692 44 23 35.3692 44 
24 35.3692 44 25 35.3692 44 26 35.3692 44 
27 35.3692 44 28 35.3692 44 29 35.3692 44 
30 35.3692 44 31 35.3692 44 32 35.3692 44 
33 35.3692 44 34 35.3692 44 35 35.3692 44 
36 35.3692 44 37 35.3692 44 38 35.3692 44 
39 35.3692 44 40 35.3692 44 41 35.3692 44 
42 35.3692 44 43 35.3692 44 44 35.3692 44 
45 35.3692 44 46 35.3692 44 47 35.3692 44 
48 35.3692 44 49 35.3692 44 50 35.3692 44 
51 35.3692 44 52 35.3692 44 53 35.3692 44 
54 35.3692 44 55 35.3692 44 56 35.3692 44 
57 35.3692 44 58 35.3692 44 59 35.3692 44 
0 35 44.1671 1 35 44.1671 2 35 44.1671 
3 35 44.1671 4 35 44.1671 5 35 44.1671 
6 35 44.1671 7 35 44.1671 8 35 44.1671 
9 35 44.1671 10 35 44.1671 11 35 44.1671 
12 35 44.1671 13 35 44.1671 14 35 44.1671 
15 35 44.1671 16 35 44.1671 17 35 44.1671 
18 35 44.1671 19 35 44.1671 20 35 44.1671 
21 35 44.1671 22 35 44.1671 23 35 44.1671 
24 35 44.1671 25 35 44.1671 26 35 44.1671 
27 35 44.1671 28 35 44.1671 29 35 44.1671 
30 35 44.1671 31 35 44.1671 32 35 44.1671 
33 35 44.1671 34 35 44.1671 35 35 44.1671 
36 35 44.1671 37 35 44.1671 38 35 44.1671 
39 35 44.1671 40 35 44.1671 41 35 44.1671 
42 35 44.1671 43 35 44.1671 44 35 44.1671 
45 35 44.1671 46 35 44.1671 47 35 44.1671 
48 35 44.1671 49 35 44.1671 50 35 44.1671 
51 35 44.1671 52 35 44.1671 53 35 44.1671 
54 35 44.1671 55 35 44.1671 56 35 44.1671 
57 35 44.1671 58 35 44.1671 59 35 44.1671 
0 30 45 1 30 45 2 30 45 
3 30 45 4 30 45 5 30 45 
6 30 45 7 30 45 8 30 45 
9 30 45 10 30 45 11 30 45 
12 30 45 13 30 45 14 30 45 
15 30 45 16 30 45 17 30 45 
18 30 45 19 30 45 20 30 45 
21 30 45 22 30 45 23 30 45 
24 30 45 25 30 45 26 30 45 
27 30 45 28 30 45 29 30 45 
30 30 45 31 30 45 32 30 45 
33 30 45 34 30 45 35 30 45 
36 30 45 37 30 45 38 30 45 
39 30 45 40 30 45 41 30 45 
42 30 45 43 30 45 44 30 45 
45 30 45 46 30 45 47 30 45 
48 30 45 49 30 45 50 30 45 
51 30 45 52 30 45 53 30 45 
54 30 45 55 30 45 56 30 45 
57 30 45 58 30 45 59 30 45 
0 30 45 1 30 45 2 30 45 
3 30 45 4 30 45 5 30 45 
6 30 45 7 30 45 8 30 45 
9 30 45 10 30 45 11 30 45 
12 30 45 13 30 45 14 30 45 
15 30 45 16 30 45 17 30 45 
18 30 45 19 30 45 20 30 45 
21 30 45 22 30 45 23 30 45 
24 30 45 25 30 45 26 30 45 
27 30 45 28 30 45 29 30 45 
30 30 45 31 30 45 32 30 45 
33 30 45 34 30 45 35 30 45 
36 30 45 37 30 45 38 30 45 
39 30 45 40 30 45 41 30 45 
42 30 45 43 30 45 44 30 45 
45 30 45 46 30 45 47 30 45 
48 30 45 49 30 45 50 30 45 
51 30 45 52 30 45 53 30 45 
54 30 45 55 30 45 56 30 45 
57 30 45 58 30 45 59 30 45 
0 30 45 1 30 45 2 30 45 
3 30 45 4 30 45 5 30 45 
6 30 45 7 30 45 8 30 45 
9 30 45 10 30 45 11 30 45 
12 30 45 13 30 45 14 30 45 
15 30 45 16 30 45 17 30 45 
18 30 45 19 30 45 20 30 45 
21 30 45 22 30 45 23 30 45 
24 30 45 25 30 45 26 30 45 
27 30 45 28 30 45 29 30 45 
30 30 45 31 30 45 32 30 45 
33 30 45 34 30 45 35 30 45 
36 30 45 37 30 45 38 30 45 
39 30 45 40 30 45 41 30 45 
42 30 45 43 30 45 44 30 45 
45 30 45 46 30 45 47 30 45 
48 30 45 49 30 45 50 30 45 
51 30 45 52 30 45 53 30 45 
54 30 45 55 30 45 56 30 45 
57 30 45 58 30 45 59 30 45 

POLYGONS 14633 43896
OFFSETS vtktypeint64
0 3 6 9 12 15 18 21 24 
27 30 33 36 39 42 45 48 51 
54 57 60 63 66 69 72 75 78 
81 84 87 90 93 96 99 102 105 
108 111 114 117 120 123 126 129 132 
135 138 141 144 147 150 153 156 159 
162 165 168 171 174 177 180 183 186 
189 192 195 198 201 204 207 210 213 
216 219 222 225 228 231 234 237 240 
243 246 249 252 255 258 261 264 267 
270 273 276 279 282 285 288 291 294 
297 300 303 306 309 312 315 318 321 
324 327 330 333 336 339 342 345 348 
351 354 357 360 363 366 369 372 375 
378 381 384 387 390 393 396 399 402 
405 408 411 414 417 420 423 426 429 
432 435 438 441 444 447 450 453 456 
459 462 465 468 471 474 477 480 483 
486 489 492 495 498 501 504 507 510 
513 516 519 522 525 528 531 534 537 
540 543 546 549 552 555 558 561 564 
567 570 573 576 579 582 585 588 591 
594 597 600 603 606 609 612 615 618 
621 624 627 630 633 636 639 642 645 
648 651 654 657 660 663 666 669 672 
675 678 681 684 687 690 693 696 699 
702 705 708 711 714 717 720 723 726 
729 732 735 738 741 744 747 750 753 
756 759 762 765 768 771 774 777 780 
783 786 789 792 795 798 801 804 807 
810 813 816 819 822 825 828 831 834 
837 840 843 846 849 852 855 858 861 
864 867 870 873 876 879 882 885 888 
891 894 897 900 903 906 909 912 915 
918 921 924 927 930 933 936 939 942 
945 948 951 954 957 960 963 966 969 
972 975 978 981 984 987 990 993 996 
999 1002 1005 1008 1011 1014 1017 1020 1023 
1026 1029 1032 1035 1038 1041 1044 1047 1050 
1053 1056 1059 1062 1065 1068 1071 1074 1077 
1080 1083 1086 1089 1092 1095 1098 1101 1104 
1107 1110 1113 1116 1119 1122 1125 1128 1131 
1134 1137 1140 1143 1146 1149 1152 1155 1158 
1161 1164 1167 1170 1173 1176 1179 1182 1185 
1188 1191 1194 1197 1200 1203 1206 1209 1212 
1215 1218 1221 1224 1227 1230 1233 1236 1239 
1242 1245 1248 1251 1254 1257 1260 1263 1266 
1269 1272 1275 1278 1281 1284 1287 1290 1293 
1296 1299 1302 1305 1308 1311 1314 1317 1320 
1323 1326 1329 1332 1335 1338 1341 1344 1347 
1350 1353 1356 1359 1362 1365 1368 1371 1374 
1377 1380 1383 1386 1389 1392 1395 1398 1401 
1404 1407 1410 1413 1416 1419 1422 1425 1428 
1431 1434 1437 1440 1443 1446 1449 1452 1455 
1458 1461 1464 1467 1470 1473 1476 1479 1482 
1485 1488 1491 1494 1497 1500 1503 1506 1509 
1512 1515 1518 1521 1524 1527 1530 1533 1536 
1539 1542 1545 1548 1551 1554 1557 1560 1563 
1566 1569 1572 1575 1578 1581 1584 1587 1590 
1593 1596 1599 1602 1605 1608 1611 1614 1617 
1620 1623 1626 1629 1632 1635 1638 1641 1644 
1647 1650 1653 1656 1659 1662 1665 1668 1671 
1674 1677 1680 1683 1686 1689 1692 1695 1698 
1701 1704 1707 1710 1713 1716 1719 1722 1725 
1728 1731 1734 1737 1740 1743 1746 1749 1752 
1755 1758 1761 1764 1767 1770 1773 1776 1779 
1782 1785 1788 1791 1794 1797 1800 1803 1806 
1809 1812 1815 1818 1821 1824 1827 1830 1833 
1836 1839 1842 1845 1848 1851 1854 1857 1860 
1863 1866 1869 1872 1875 1878 1881 1884 1887 
1890 1893 1896 1899 1902 1905 1908 1911 1914 
1917 1920 1923 1926 1929 1932 1935 1938 1941 
1944 1947 1950 1953 1956 1959 1962 1965 1968 
1971 1974 1977 1980 1983 1986 1989 1992 1995 
1998 2001 2004 2007 2010 2013 2016 2019 2022 
2025 2028 2031 2034 2037 2040 2043 2046 2049 
2052 2055 2058 2061 2064 2067 2070 2073 2076 
2079 2082 2085 2088 2091 2094 2097 2100 2103 
2106 2109 2112 2115 2118 2121 2124 2127 2130 
2133 2136 2139 2142 2145 2148 2151 2154 2157 
2160 2163 2166 2169 2172 2175 2178 2181 2184 
2187 2190 2193 2196 2199 2202 2205 2208 2211 
2214 2217 2220 2223 2226 2229 2232 2235 2238 
2241 2244 2247 2250 2253 2256 2259 2262 2265 
2268 2271 2274 2277 2280 2283 2286 2289 2292 
2295 2298 2301 2304 2307 2310 2313 2316 2319 
2322 2325 2328 2331 2334 2337 2340 2343 2346 
2349 2352 2355 2358 2361 2364 2367 2370 2373 
2376 2379 2382 2385 2388 2391 2394 2397 2400 
2403 2406 2409 2412 2415 2418 2421 2424 2427 
2430 2433 2436 2439 2442 2445 2448 2451 2454 
2457 2460 2463 2466 2469 2472 2475 2478 2481 
2484 2487 2490 2493 2496 2499 2502 2505 2508 
2511 2514 2517 2520 2523 2526 2529 2532 2535 
2538 2541 2544 2547 2550 2553 2556 2559 2562 
2565 2568 2571 2574 2577 2580 2583 2586 2589 
2592 2595 2598 2601 2604 2607 2610 2613 2616 
2619 2622 2625 2628 2631 2634 2637 2640 2643 
2646 2649 2652 2655 2658 2661 2664 2667 2670 
2673 2676 2679 2682 2685 2688 2691 2694 2697 
2700 2703 2706 2709 2712 2715 2718 2721 2724 
2727 2730 2733 2736 2739 2742 2745 2748 2751 
2754 2757 2760 2763 2766 2769 2772 2775 2778 
2781 2784 2787 2790 2793 2796 2799 2802 2805 
2808 2811 2814 2817 2820 2823 2826 2829 2832 
2835 2838 2841 2844 2847 2850 2853 2856 2859 
2862 2865 2868 2871 2874 2877 2880 2883 2886 
2889 2892 2895 2898 2901 2904 2907 2910 2913 
2916 2919 2922 2925 2928 2931 2934 2937 2940 
2943 2946 2949 2952 2955 2958 2961 2964 2967 
2970 2973 2976 2979 2982 2985 2988 2991 2994 
2997 3000 3003 3006 3009 3012 3015 3018 3021 
3024 3027 3030 3033 3036 3039 3042 3045 3048 
3051 3054 3057 3060 3063 3066 3069 3072 3075 
3078 3081 3084 3087 3090 3093 3096 3099 3102 
3105 3108 3111 3114 3117 3120 3123 3126 3129 
3132 3135 3138 3141 3144 3147 3150 3153 3156 
3159 3162 3165 3168 3171 3174 3177 3180 3183 
3186 3189 3192 3195 3198 3201 3204 3207 3210 
3213 3216 3219 3222 3225 3228 3231 3234 3237 
3240 3243 3246 3249 3252 3255 3258 3261 3264 
3267 3270 3273 3276 3279 3282 3285 3288 3291 
3294 3297 3300 3303 3306 3309 3312 3315 3318 
3321 3324 3327 3330 3333 3336 3339 3342 3345 
3348 3351 3354 3357 3360 3363 3366 3369 3372 
3375 3378 3381 3384 3387 3390 3393 3396 3399 
3402 3405 3408 3411 3414 3417 3420 3423 3426 
3429 3432 3435 3438 3441 3444 3447 3450 3453 
3456 3459 3462 3465 3468 3471 3474 3477 3480 
3483 3486 3489 3492 3495 3498 3501 3504 3507 
3510 3513 3516 3519 3522 3525 3528 3531 3534 
3537 3540 3543 3546 3549 3552 3555 3558 3561 
3564 3567 3570 3573 3576 3579 3582 3585 3588 
3591 3594 3597 3600 3603 3606 3609 3612 3615 
3618 3621 3624 3627 3630 3633 3636 3639 3642 
3645 3648 3651 3654 3657 3660 3663 3666 3669 
3672 3675 3678 3681 3684 3687 3690 3693 3696 
3699 3702 3705 3708 3711 3714 3717 3720 3723 
3726 3729 3732 3735 3738 3741 3744 3747 3750 
3753 3756 3759 3762 3765 3768 3771 3774 3777 
3780 3783 3786 3789 3792 3795 3798 3801 3804 
3807 3810 3813 3816 3819 3822 3825 3828 3831 
3834 3837 3840 3843 3846 3849 3852 3855 3858 
3861 3864 3867 3870 3873 3876 3879 3882 3885 
3888 3891 3894 3897 3900 3903 3906 3909 3912 
3915 3918 3921 3924 3927 3930 3933 3936 3939 
3942 3945 3948 3951 3954 3957 3960 3963 3966 
3969 3972 3975 3978 3981 3984 3987 3990 3993 
3996 3999 4002 4005 4008 4011 4014 4017 4020 
4023 4026 4029 4032 4035 4038 4041 4044 4047 
4050 4053 4056 4059 4062 4065 4068 4071 4074 
4077 4080 4083 4086 4089 4092 4095 4098 4101 
4104 4107 4110 4113 4116 4119 4122 4125 4128 
4131 4134 4137 4140 4143 4146 4149 4152 4155 
4158 4161 4164 4167 4170 4173 4176 4179 4182 
4185 4188 4191 4194 4197 4200 4203 4206 4209 
4212 4215 4218 4221 4224 4227 4230 4233 4236 
4239 4242 4245 4248 4251 4254 4257 4260 4263 
4266 4269 4272 4275 4278 4281 4284 4287 4290 
4293 4296 4299 4302 4305 4308 4311 4314 4317 
4320 4323 4326 4329 4332 4335 4338 4341 4344 
4347 4350 4353 4356 4359 4362 4365 4368 4371 
4374 4377 4380 4383 4386 4389 4392 4395 4398 
4401 4404 4407 4410 4413 4416 4419 4422 4425 
4428 4431 4434 4437 4440 4443 4446 4449 4452 
4455 4458 4461 4464 4467 4470 4473 4476 4479 
4482 4485 4488 4491 4494 4497 4500 4503 4506 
4509 4512 4515 4518 4521 4524 4527 4530 4533 
4536 4539 4542 4545 4548 4551 4554 4557 4560 
4563 4566 4569 4572 4575 4578 4581 4584 4587 
4590 4593 4596 4599 4602 4605 4608 4611 4614 
4617 4620 4623 4626 4629 4632 4635 4638 4641 
4644 4647 4650 4653 4656 4659 4662 4665 4668 
4671 4674 4677 4680 4683 4686 4689 4692 4695 
4698 4701 4704 4707 4710 4713 4716 4719 4722 
4725 4728 4731 4734 4737 4740 4743 4746 4749 
4752 4755 4758 4761 4764 4767 4770 4773 4776 
4779 4782 4785 4788 4791 4794 4797 4800 4803 
4806 4809 4812 4815 4818 4821 4824 4827 4830 
4833 4836 4839 4842 4845 4848 4851 4854 4857 
4860 4863 4866 4869 4872 4875 4878 4881 4884 
4887 4890 4893 4896 4899 4902 4905 4908 4911 
4914 4917 4920 4923 4926 4929 4932 4935 4938 
4941 4944 4947 4950 4953 4956 4959 4962 4965 
4968 4971 4974 4977 4980 4983 4986 4989 4992 
4995 4998 5001 5004 5007 5010 5013 5016 5019 
5022 5025 5028 5031 5034 5037 5040 5043 5046 
5049 5052 5055 5058 5061 5064 5067 5070 5073 
5076 5079 5082 5085 5088 5091 5094 5097 5100 
5103 5106 5109 5112 5115 5118 5121 5124 5127 
5130 5133 5136 5139 5142 5145 5148 5151 5154 
5157 5160 5163 5166 5169 5172 5175 5178 5181 
5184 5187 5190 5193 5196 5199 5202 5205 5208 
5211 5214 5217 5220 5223 5226 5229 5232 5235 
5238 5241 5244 5247 5250 5253 5256 5259 5262 
5265 5268 5271 5274 5277 5280 5283 5286 5289 
5292 5295 5298 5301 5304 5307 5310 5313 5316 
5319 5322 5325 5328 5331 5334 5337 5340 5343 
5346 5349 5352 5355 5358 5361 5364 5367 5370 
5373 5376 5379 5382 5385 5388 5391 5394 5397 
5400 5403 5406 5409 5412 5415 5418 5421 5424 
5427 5430 5433 5436 5439 5442 5445 5448 5451 
5454 5457 5460 5463 5466 5469 5472 5475 5478 
5481 5484 5487 5490 5493 5496 5499 5502 5505 
5508 5511 5514 5517 5520 5523 5526 5529 5532 
5535 5538 5541 5544 5547 5550 5553 5556 5559 
5562 5565 5568 5571 5574 5577 5580 5583 5586 
5589 5592 5595 5598 5601 5604 5607 5610 5613 
5616 5619 5622 5625 5628 5631 5634 5637 5640 
5643 5646 5649 5652 5655 5658 5661 5664 5667 
5670 5673 5676 5679 5682 5685 5688 5691 5694 
5697 5700 5703 5706 5709 5712 5715 5718 5721 
5724 5727 5730 5733 5736 5739 5742 5745 5748 
5751 5754 5757 5760 5763 5766 5769 5772 5775 
5778 5781 5784 5787 5790 5793 5796 5799 5802 
5805 5808 5811 5814 5817 5820 5823 5826 5829 
5832 5835 5838 5841 5844 5847 5850 5853 5856 
5859 5862 5865 5868 5871 5874 5877 5880 5883 
5886 5889 5892 5895 5898 5901 5904 5907 5910 
5913 5916 5919 5922 5925 5928 5931 5934 5937 
5940 5943 5946 5949 5952 5955 5958 5961 5964 
5967 5970 5973 5976 5979 5982 5985 5988 5991 
5994 5997 6000 6003 6006 6009 6012 6015 6018 
6021 6024 6027 6030 6033 6036 6039 6042 6045 
6048 6051 6054 6057 6060 6063 6066 6069 6072 
6075 6078 6081 6084 6087 6090 6093 6096 6099 
6102 6105 6108 6111 6114 6117 6120 6123 6126 
6129 6132 6135 6138 6141 6144 6147 6150 6153 
6156 6159 6162 6165 6168 6171 6174 6177 6180 
6183 6186 6189 6192 6195 6198 6201 6204 6207 
6210 6213 6216 6219 6222 6225 6228 6231 6234 
6237 6240 6243 6246 6249 6252 6255 6258 6261 
6264 6267 6270 6273 6276 6279 6282 6285 6288 
6291 6294 6297 6300 6303 6306 6309 6312 6315 
6318 6321 6324 6327 6330 6333 6336 6339 6342 
6345 6348 6351 6354 6357 6360 6363 6366 6369 
6372 6375 6378 6381 6384 6387 6390 6393 6396 
6399 6402 6405 6408 6411 6414 6417 6420 6423 
6426 6429 6432 6435 6438 6441 6444 6447 6450 
6453 6456 6459 6462 6465 6468 6471 6474 6477 
6480 6483 6486 6489 6492 6495 6498 6501 6504 
6507 6510 6513 6516 6519 6522 6525 6528 6531 
6534 6537 6540 6543 6546 6549 6552 6555 6558 
6561 6564 6567 6570 6573 6576 6579 6582 6585 
6588 6591 6594 6597 6600 6603 6606 6609 6612 
6615 6618 6621 6624 6627 6630 6633 6636 6639 
6642 6645 6648 6651 6654 6657 6660 6663 6666 
6669 6672 6675 6678 6681 6684 6687 6690 6693 
6696 6699 6702 6705 6708 6711 6714 6717 6720 
6723 6726 6729 6732 6735 6738 6741 6744 6747 
6750 6753 6756 6759 6762 6765 6768 6771 6774 
6777 6780 6783 6786 6789 6792 6795 6798 6801 
6804 6807 6810 6813 6816 6819 6822 6825 6828 
6831 6834 6837 6840 6843 6846 6849 6852 6855 
6858 6861 6864 6867 6870 6873 6876 6879 6882 
6885 6888 6891 6894 6897 6900 6903 6906 6909 
6912 6915 6918 6921 6924 6927 6930 6933 6936 
6939 6942 6945 6948 6951 6954 6957 6960 6963 
6966 6969 6972 6975 6978 6981 6984 6987 6990 
6993 6996 6999 7002 7005 7008 7011 7014 7017 
7020 7023 7026 7029 7032 7035 7038 7041 7044 
7047 7050 7053 7056 7059 7062 7065 7068 7071 
7074 7077 7080 7083 7086 7089 7092 7095 7098 
7101 7104 7107 7110 7113 7116 7119 7122 7125 
7128 7131 7134 7137 7140 7143 7146 7149 7152 
7155 7158 7161 7164 7167 7170 7173 7176 7179 
7182 7185 7188 7191 7194 7197 7200 7203 7206 
7209 7212 7215 7218 7221 7224 7227 7230 7233 
7236 7239 7242 7245 7248 7251 7254 7257 7260 
7263 7266 7269 7272 7275 7278 7281 7284 7287 
7290 7293 7296 7299 7302 7305 7308 7311 7314 
7317 7320 7323 7326 7329 7332 7335 7338 7341 
7344 7347 7350 7353 7356 7359 7362 7365 7368 
7371 7374 7377 7380 7383 7386 7389 7392 7395 
7398 7401 7404 7407 7410 7413 7416 7419 7422 
7425 7428 7431 7434 7437 7440 7443 7446 7449 
7452 7455 7458 7461 7464 7467 7470 7473 7476 
7479 7482 7485 7488 7491 7494 7497 7500 7503 
7506 7509 7512 7515 7518 7521 7524 7527 7530 
7533 7536 7539 7542 7545 7548 7551 7554 7557 
7560 7563 7566 7569 7572 7575 7578 7581 7584 
7587 7590 7593 7596 7599 7602 7605 7608 7611 
7614 7617 7620 7623 7626 7629 7632 7635 7638 
7641 7644 7647 7650 7653 7656 7659 7662 7665 
7668 7671 7674 7677 7680 7683 7686 7689 7692 
7695 7698 7701 7704 7707 7710 7713 7716 7719 
7722 7725 7728 7731 7734 7737 7740 7743 7746 
7749 7752 7755 7758 7761 7764 7767 7770 7773 
7776 7779 7782 7785 7788 7791 7794 7797 7800 
7803 7806 7809 7812 7815 7818 7821 7824 7827 
7830 7833 7836 7839 7842 7845 7848 7851 7854 
7857 7860 7863 7866 7869 7872 7875 7878 7881 
7884 7887 7890 7893 7896 7899 7902 7905 7908 
7911 7914 7917 7920 7923 7926 7929 7932 7935 
7938 7941 7944 7947 7950 7953 7956 7959 7962 
7965 7968 7971 7974 7977 7980 7983 7986 7989 
7992 7995 7998 8001 8004 8007 8010 8013 8016 
8019 8022 8025 8028 8031 8034 8037 8040 8043 
8046 8049 8052 8055 8058 8061 8064 8067 8070 
8073 8076 8079 8082 8085 8088 8091 8094 8097 
8100 8103 8106 8109 8112 8115 8118 8121 8124 
8127 8130 8133 8136 8139 8142 8145 8148 8151 
8154 8157 8160 8163 8166 8169 8172 8175 8178 
8181 8184 8187 8190 8193 8196 8199 8202 8205 
8208 8211 8214 8217 8220 8223 8226 8229 8232 
8235 8238 8241 8244 8247 8250 8253 8256 8259 
8262 8265 8268 8271 8274 8277 8280 8283 8286 
8289 8292 8295 8298 8301 8304 8307 8310 8313 
8316 8319 8322 8325 8328 8331 8334 8337 8340 
8343 8346 8349 8352 8355 8358 8361 8364 8367 
8370 8373 8376 8379 8382 8385 8388 8391 8394 
8397 8400 8403 8406 8409 8412 8415 8418 8421 
8424 8427 8430 8433 8436 8439 8442 8445 8448 
8451 8454 8457 8460 8463 8466 8469 8472 8475 
8478 8481 8484 8487 8490 8493 8496 8499 8502 
8505 8508 8511 8514 8517 8520 8523 8526 8529 
8532 8535 8538 8541 8544 8547 8550 8553 8556 
8559 8562 8565 8568 8571 8574 8577 8580 8583 
8586 8589 8592 8595 8598 8601 8604 8607 8610 
8613 8616 8619 8622 8625 8628 8631 8634 8637 
8640 8643 8646 8649 8652 8655 8658 8661 8664 
8667 8670 8673 8676 8679 8682 8685 8688 8691 
8694 8697 8700 8703 8706 8709 8712 8715 8718 
8721 8724 8727 8730 8733 8736 8739 8742 8745 
8748 8751 8754 8757 8760 8763 8766 8769 8772 
8775 8778 8781 8784 8787 8790 8793 8796 8799 
8802 8805 8808 8811 8814 8817 8820 8823 8826 
8829 8832 8835 8838 8841 8844 8847 8850 8853 
8856 8859 8862 8865 8868 8871 8874 8877 8880 
8883 8886 8889 8892 8895 8898 8901 8904 8907 
8910 8913 8916 8919 8922 8925 8928 8931 8934 
8937 8940 8943 8946 8949 8952 8955 8958 8961 
8964 8967 8970 8973 8976 8979 8982 8985 8988 
8991 8994 8997 9000 9003 9006 9009 9012 9015 
9018 9021 9024 9027 9030 9033 9036 9039 9042 
9045 9048 9051 9054 9057 9060 9063 9066 9069 
9072 9075 9078 9081 9084 9087 9090 9093 9096 
9099 9102 9105 9108 9111 9114 9117 9120 9123 
9126 9129 9132 9135 9138 9141 9144 9147 9150 
9153 9156 9159 9162 9165 9168 9171 9174 9177 
9180 9183 9186 9189 9192 9195 9198 9201 9204 
9207 9210 9213 9216 9219 9222 9225 9228 9231 
9234 9237 9240 9243 9246 9249 9252 9255 9258 
9261 9264 9267 9270 9273 9276 9279 9282 9285 
9288 9291 9294 9297 9300 9303 9306 9309 9312 
9315 9318 9321 9324 9327 9330 9333 9336 9339 
9342 9345 9348 9351 9354 9357 9360 9363 9366 
9369 9372 9375 9378 9381 9384 9387 9390 9393 
9396 9399 9402 9405 9408 9411 9414 9417 9420 
9423 9426 9429 9432 9435 9438 9441 9444 9447 
9450 9453 9456 9459 9462 9465 9468 9471 9474 
9477 9480 9483 9486 9489 9492 9495 9498 9501 
9504 9507 9510 9513 9516 9519 9522 9525 9528 
9531 9534 9537 9540 9543 9546 9549 9552 9555 
9558 9561 9564 9567 9570 9573 9576 9579 9582 
9585 9588 9591 9594 9597 9600 9603 9606 9609 
9612 9615 9618 9621 9624 9627 9630 9633 9636 
9639 9642 9645 9648 9651 9654 9657 9660 9663 
9666 9669 9672 9675 9678 9681 9684 9687 9690 
9693 9696 9699 9702 9705 9708 9711 9714 9717 
9720 9723 9726 9729 9732 9735 9738 9741 9744 
9747 9750 9753 9756 9759 9762 9765 9768 9771 
9774 9777 9780 9783 9786 9789 9792 9795 9798 
9801 9804 9807 9810 9813 9816 9819 9822 9825 
9828 9831 9834 9837 9840 9843 9846 9849 9852 
9855 9858 9861 9864 9867 9870 9873 9876 9879 
9882 9885 9888 9891 9894 9897 9900 9903 9906 
9909 9912 9915 9918 9921 9924 9927 9930 9933 
9936 9939 9942 9945 9948 9951 9954 9957 9960 
9963 9966 9969 9972 9975 9978 9981 9984 9987 
9990 9993 9996 9999 10002 10005 10008 10011 10014 
10017 10020 10023 10026 10029 10032 10035 10038 10041 
10044 10047 10050 10053 10056 10059 10062 10065 10068 
10071 10074 10077 10080 10083 10086 10089 10092 10095 
10098 10101 10104 10107 10110 10113 10116 10119 10122 
10125 10128 10131 10134 10137 10140 10143 10146 10149 
10152 10155 10158 10161 10164 10167 10170 10173 10176 
10179 10182 10185 10188 10191 10194 10197 10200 10203 
10206 10209 10212 10215 10218 10221 10224 10227 10230 
10233 10236 10239 10242 10245 10248 10251 10254 10257 
10260 10263 10266 10269 10272 10275 10278 10281 10284 
10287 10290 10293 10296 10299 10302 10305 10308 10311 
10314 10317 10320 10323 10326 10329 10332 10335 10338 
10341 10344 10347 10350 10353 10356 10359 10362 10365 
10368 10371 10374 10377 10380 10383 10386 10389 10392 
10395 10398 10401 10404 10407 10410 10413 10416 10419 
10422 10425 10428 10431 10434 10437 10440 10443 10446 
10449 10452 10455 10458 10461 10464 10467 10470 10473 
10476 10479 10482 10485 10488 10491 10494 10497 10500 
10503 10506 10509 10512 10515 10518 10521 10524 10527 
10530 10533 10536 10539 10542 10545 10548 10551 10554 
10557 10560 10563 10566 10569 10572 10575 10578 10581 
10584 10587 10590 10593 10596 10599 10602 10605 10608 
10611 10614 10617 10620 10623 10626 10629 10632 10635 
10638 10641 10644 10647 10650 10653 10656 10659 10662 
10665 10668 10671 10674 10677 10680 10683 10686 10689 
10692 10695 10698 10701 10704 10707 10710 10713 10716 
10719 10722 10725 10728 10731 10734 10737 10740 10743 
10746 10749 10752 10755 10758 10761 10764 10767 10770 
10773 10776 10779 10782 10785 10788 10791 10794 10797 
10800 10803 10806 10809 10812 10815 10818 10821 10824 
10827 10830 10833 10836 10839 10842 10845 10848 10851 
10854 10857 10860 10863 10866 10869 10872 10875 10878 
10881 10884 10887 10890 10893 10896 10899 10902 10905 
10908 10911 10914 10917 10920 10923 10926 10929 10932 
10935 10938 10941 10944 10947 10950 10953 10956 10959 
10962 10965 10968 10971 10974 10977 10980 10983 10986 
10989 10992 10995 10998 11001 11004 11007 11010 11013 
11016 11019 11022 11025 11028 11031 11034 11037 11040 
11043 11046 11049 11052 11055 11058 11061 11064 11067 
11070 11073 11076 11079 11082 11085 11088 11091 11094 
11097 11100 11103 11106 11109 11112 11115 11118 11121 
11124 11127 11130 11133 11136 11139 11142 11145 11148 
11151 11154 11157 11160 11163 11166 11169 11172 11175 
11178 11181 11184 11187 11190 11193 11196 11199 11202 
11205 11208 11211 11214 11217 11220 11223 11226 11229 
11232 11235 11238 11241 11244 11247 11250 11253 11256 
11259 11262 11265 11268 11271 11274 11277 11280 11283 
11286 11289 11292 11295 11298 11301 11304 11307 11310 
11313 11316 11319 11322 11325 11328 11331 11334 11337 
11340 11343 11346 11349 11352 11355 11358 11361 11364 
11367 11370 11373 11376 11379 11382 11385 11388 11391 
11394 11397 11400 11403 11406 11409 11412 11415 11418 
11421 11424 11427 11430 11433 11436 11439 11442 11445 
11448 11451 11454 11457 11460 11463 11466 11469 11472 
11475 11478 11481 11484 11487 11490 11493 11496 11499 
11502 11505 11508 11511 11514 11517 11520 11523 11526 
11529 11532 11535 11538 11541 11544 11547 11550 11553 
11556 11559 11562 11565 11568 11571 11574 11577 11580 
11583 11586 11589 11592 11595 11598 11601 11604 11607 
11610 11613 11616 11619 11622 11625 11628 11631 11634 
11637 11640 11643 11646 11649 11652 11655 11658 11661 
11664 11667 11670 11673 11676 11679 11682 11685 11688 
11691 11694 11697 11700 11703 11706 11709 11712 11715 
11718 11721 11724 11727 11730 11733 11736 11739 11742 
11745 11748 11751 11754 11757 11760 11763 11766 11769 
11772 11775 11778 11781 11784 11787 11790 11793 11796 
11799 11802 11805 11808 11811 11814 11817 11820 11823 
11826 11829 11832 11835 11838 11841 11844 11847 11850 
11853 11856 11859 11862 11865 11868 11871 11874 11877 
11880 11883 11886 11889 11892 11895 11898 11901 11904 
11907 11910 11913 11916 11919 11922 11925 11928 11931 
11934 11937 11940 11943 11946 11949 11952 11955 11958 
11961 11964 11967 11970 11973 11976 11979 11982 11985 
11988 11991 11994 11997 12000 12003 12006 12009 12012 
12015 12018 12021 12024 12027 12030 12033 12036 12039 
12042 12045 12048 12051 12054 12057 12060 12063 12066 
12069 12072 12075 12078 12081 12084 12087 12090 12093 
12096 12099 12102 12105 12108 12111 12114 12117 12120 
12123 12126 12129 12132 12135 12138 12141 12144 12147 
12150 12153 12156 12159 12162 12165 12168 12171 12174 
12177 12180 12183 12186 12189 12192 12195 12198 12201 
12204 12207 12210 12213 12216 12219 12222 12225 12228 
12231 12234 12237 12240 12243 12246 12249 12252 12255 
12258 12261 12264 12267 12270 12273 12276 12279 12282 
12285 12288 12291 12294 12297 12300 12303 12306 12309 
12312 12315 12318 12321 12324 12327 12330 12333 12336 
12339 12342 12345 12348 12351 12354 12357 12360 12363 
12366 12369 12372 12375 12378 12381 12384 12387 12390 
12393 12396 12399 12402 12405 12408 12411 12414 12417 
12420 12423 12426 12429 12432 12435 12438 12441 12444 
12447 12450 12453 12456 12459 12462 12465 12468 12471 
12474 12477 12480 12483 12486 12489 12492 12495 12498 
12501 12504 12507 12510 12513 12516 12519 12522 12525 
12528 12531 12534 12537 12540 12543 12546 12549 12552 
12555 12558 12561 12564 12567 12570 12573 12576 12579 
12582 12585 12588 12591 12594 12597 12600 12603 12606 
12609 12612 12615 12618 12621 12624 12627 12630 12633 
12636 12639 12642 12645 12648 12651 12654 12657 12660 
12663 12666 12669 12672 12675 12678 12681 12684 12687 
12690 12693 12696 12699 12702 12705 12708 12711 12714 
12717 12720 12723 12726 12729 12732 12735 12738 12741 
12744 12747 12750 12753 12756 12759 12762 12765 12768 
12771 12774 12777 12780 12783 12786 12789 12792 12795 
12798 12801 12804 12807 12810 12813 12816 12819 12822 
12825 12828 12831 12834 12837 12840 12843 12846 12849 
12852 12855 12858 12861 12864 12867 12870 12873 12876 
12879 12882 12885 12888 12891 12894 12897 12900 12903 
12906 12909 12912 12915 12918 12921 12924 12927 12930 
12933 12936 12939 12942 12945 12948 12951 12954 12957 
12960 12963 12966 12969 12972 12975 12978 12981 12984 
12987 12990 12993 12996 12999 13002 13005 13008 13011 
13014 13017 13020 13023 13026 13029 13032 13035 13038 
13041 13044 13047 13050 13053 13056 13059 13062 13065 
13068 13071 13074 13077 13080 13083 13086 13089 13092 
13095 13098 13101 13104 13107 13110 13113 13116 13119 
13122 13125 13128 13131 13134 13137 13140 13143 13146 
13149 13152 13155 13158 13161 13164 13167 13170 13173 
13176 13179 13182 13185 13188 13191 13194 13197 13200 
13203 13206 13209 13212 13215 13218 13221 13224 13227 
13230 13233 13236 13239 13242 13245 13248 13251 13254 
13257 13260 13263 13266 13269 13272 13275 13278 13281 
13284 13287 13290 13293 13296 13299 13302 13305 13308 
13311 13314 13317 13320 13323 13326 13329 13332 13335 
13338 13341 13344 13347 13350 13353 13356 13359 13362 
13365 13368 13371 13374 13377 13380 13383 13386 13389 
13392 13395 13398 13401 13404 13407 13410 13413 13416 
13419 13422 13425 13428 13431 13434 13437 13440 13443 
13446 13449 13452 13455 13458 13461 13464 13467 13470 
13473 13476 13479 13482 13485 13488 13491 13494 13497 
13500 13503 13506 13509 13512 13515 13518 13521 13524 
13527 13530 13533 13536 13539 13542 13545 13548 13551 
13554 13557 13560 13563 13566 13569 13572 13575 13578 
13581 13584 13587 13590 13593 13596 13599 13602 13605 
13608 13611 13614 13617 13620 13623 13626 13629 13632 
13635 13638 13641 13644 13647 13650 13653 13656 13659 
13662 13665 13668 13671 13674 13677 13680 13683 13686 
13689 13692 13695 13698 13701 13704 13707 13710 13713 
13716 13719 13722 13725 13728 13731 13734 13737 13740 
13743 13746 13749 13752 13755 13758 13761 13764 13767 
13770 13773 13776 13779 13782 13785 13788 13791 13794 
13797 13800 13803 13806 13809 13812 13815 13818 13821 
13824 13827 13830 13833 13836 13839 13842 13845 13848 
13851 13854 13857 13860 13863 13866 13869 13872 13875 
13878 13881 13884 13887 13890 13893 13896 13899 13902 
13905 13908 13911 13914 13917 13920 13923 13926 13929 
13932 13935 13938 13941 13944 13947 13950 13953 13956 
13959 13962 13965 13968 13971 13974 13977 13980 13983 
13986 13989 13992 13995 13998 14001 14004 14007 14010 
14013 14016 14019 14022 14025 14028 14031 14034 14037 
14040 14043 14046 14049 14052 14055 14058 14061 14064 
14067 14070 14073 14076 14079 14082 14085 14088 14091 
14094 14097 14100 14103 14106 14109 14112 14115 14118 
14121 14124 14127 14130 14133 14136 14139 14142 14145 
14148 14151 14154 14157 14160 14163 14166 14169 14172 
14175 14178 14181 14184 14187 14190 14193 14196 14199 
14202 14205 14208 14211 14214 14217 14220 14223 14226 
14229 14232 14235 14238 14241 14244 14247 14250 14253 
14256 14259 14262 14265 14268 14271 14274 14277 14280 
14283 14286 14289 14292 14295 14298 14301 14304 14307 
14310 14313 14316 14319 14322 14325 14328 14331 14334 
14337 14340 14343 14346 14349 14352 14355 14358 14361 
14364 14367 14370 14373 14376 14379 14382 14385 14388 
14391 14394 14397 14400 14403 14406 14409 14412 14415 
14418 14421 14424 14427 14430 14433 14436 14439 14442 
14445 14448 14451 14454 14457 14460 14463 14466 14469 
14472 14475 14478 14481 14484 14487 14490 14493 14496 
14499 14502 14505 14508 14511 14514 14517 14520 14523 
14526 14529 14532 14535 14538 14541 14544 14547 14550 
14553 14556 14559 14562 14565 14568 14571 14574 14577 
14580 14583 14586 14589 14592 14595 14598 14601 14604 
14607 14610 14613 14616 14619 14622 14625 14628 14631 
14634 14637 14640 14643 14646 14649 14652 14655 14658 
14661 14664 14667 14670 14673 14676 14679 14682 14685 
14688 14691 14694 14697 14700 14703 14706 14709 14712 
14715 14718 14721 14724 14727 14730 14733 14736 14739 
14742 14745 14748 14751 14754 14757 14760 14763 14766 
14769 14772 14775 14778 14781 14784 14787 14790 14793 
14796 14799 14802 14805 14808 14811 14814 14817 14820 
14823 14826 14829 14832 14835 14838 14841 14844 14847 
14850 14853 14856 14859 14862 14865 14868 14871 14874 
14877 14880 14883 14886 14889 14892 14895 14898 14901 
14904 14907 14910 14913 14916 14919 14922 14925 14928 
14931 14934 14937 14940 14943 14946 14949 14952 14955 
14958 14961 14964 14967 14970 14973 14976 14979 14982 
14985 14988 14991 14994 14997 15000 15003 15006 15009 
15012 15015 15018 15021 15024 15027 15030 15033 15036 
15039 15042 15045 15048 15051 15054 15057 15060 15063 
15066 15069 15072 15075 15078 15081 15084 15087 15090 
15093 15096 15099 15102 15105 15108 15111 15114 15117 
15120 15123 15126 15129 15132 15135 15138 15141 15144 
15147 15150 15153 15156 15159 15162 15165 15168 15171 
15174 15177 15180 15183 15186 15189 15192 15195 15198 
15201 15204 15207 15210 15213 15216 15219 15222 15225 
15228 15231 15234 15237 15240 15243 15246 15249 15252 
15255 15258 15261 15264 15267 15270 15273 15276 15279 
15282 15285 15288 15291 15294 15297 15300 15303 15306 
15309 15312 15315 15318 15321 15324 15327 15330 15333 
15336 15339 15342 15345 15348 15351 15354 15357 15360 
15363 15366 15369 15372 15375 15378 15381 15384 15387 
15390 15393 15396 15399 15402 15405 15408 15411 15414 
15417 15420 15423 15426 15429 15432 15435 15438 15441 
15444 15447 15450 15453 15456 15459 15462 15465 15468 
15471 15474 15477 15480 15483 15486 15489 15492 15495 
15498 15501 15504 15507 15510 15513 15516 15519 15522 
15525 15528 15531 15534 15537 15540 15543 15546 15549 
15552 15555 15558 15561 15564 15567 15570 15573 15576 
15579 15582 15585 15588 15591 15594 15597 15600 15603 
15606 15609 15612 15615 15618 15621 15624 15627 15630 
15633 15636 15639 15642 15645 15648 15651 15654 15657 
15660 15663 15666 15669 15672 15675 15678 15681 15684 
15687 15690 15693 15696 15699 15702 15705 15708 15711 
15714 15717 15720 15723 15726 15729 15732 15735 15738 
15741 15744 15747 15750 15753 15756 15759 15762 15765 
15768 15771 15774 15777 15780 15783 15786 15789 15792 
15795 15798 15801 15804 15807 15810 15813 15816 15819 
15822 15825 15828 15831 15834 15837 15840 15843 15846 
15849 15852 15855 15858 15861 15864 15867 15870 15873 
15876 15879 15882 15885 15888 15891 15894 15897 15900 
15903 15906 15909 15912 15915 15918 15921 15924 15927 
15930 15933 15936 15939 15942 15945 15948 15951 15954 
15957 15960 15963 15966 15969 15972 15975 15978 15981 
15984 15987 15990 15993 15996 15999 16002 16005 16008 
16011 16014 16017 16020 16023 16026 16029 16032 16035 
16038 16041 16044 16047 16050 16053 16056 16059 16062 
16065 16068 16071 16074 16077 16080 16083 16086 16089 
16092 16095 16098 16101 16104 16107 16110 16113 16116 
16119 16122 16125 16128 16131 16134 16137 16140 16143 
16146 16149 16152 16155 16158 16161 16164 16167 16170 
16173 16176 16179 16182 16185 16188 16191 16194 16197 
16200 16203 16206 16209 16212 16215 16218 16221 16224 
16227 16230 16233 16236 16239 16242 16245 16248 16251 
16254 16257 16260 16263 16266 16269 16272 16275 16278 
16281 16284 16287 16290 16293 16296 16299 16302 16305 
16308 16311 16314 16317 16320 16323 16326 16329 16332 
16335 16338 16341 16344 16347 16350 16353 16356 16359 
16362 16365 16368 16371 16374 16377 16380 16383 16386 
16389 16392 16395 16398 16401 16404 16407 16410 16413 
16416 16419 16422 16425 16428 16431 16434 16437 16440 
16443 16446 16449 16452 16455 16458 16461 16464 16467 
16470 16473 16476 16479 16482 16485 16488 16491 16494 
16497 16500 16503 16506 16509 16512 16515 16518 16521 
16524 16527 16530 16533 16536 16539 16542 16545 16548 
16551 16554 16557 16560 16563 16566 16569 16572 16575 
16578 16581 16584 16587 16590 16593 16596 16599 16602 
16605 16608 16611 16614 16617 16620 16623 16626 16629 
16632 16635 16638 16641 16644 16647 16650 16653 16656 
16659 16662 16665 16668 16671 16674 16677 16680 16683 
16686 16689 16692 16695 16698 16701 16704 16707 16710 
16713 16716 16719 16722 16725 16728 16731 16734 16737 
16740 16743 16746 16749 16752 16755 16758 16761 16764 
16767 16770 16773 16776 16779 16782 16785 16788 16791 
16794 16797 16800 16803 16806 16809 16812 16815 16818 
16821 16824 16827 16830 16833 16836 16839 16842 16845 
16848 16851 16854 16857 16860 16863 16866 16869 16872 
16875 16878 16881 16884 16887 16890 16893 16896 16899 
16902 16905 16908 16911 16914 16917 16920 16923 16926 
16929 16932 16935 16938 16941 16944 16947 16950 16953 
16956 16959 16962 16965 16968 16971 16974 16977 16980 
16983 16986 16989 16992 16995 16998 17001 17004 17007 
17010 17013 17016 17019 17022 17025 17028 17031 17034 
17037 17040 17043 17046 17049 17052 17055 17058 17061 
17064 17067 17070 17073 17076 17079 17082 17085 17088 
17091 17094 17097 17100 17103 17106 17109 17112 17115 
17118 17121 17124 17127 17130 17133 17136 17139 17142 
17145 17148 17151 17154 17157 17160 17163 17166 17169 
17172 17175 17178 17181 17184 17187 17190 17193 17196 
17199 17202 17205 17208 17211 17214 17217 17220 17223 
17226 17229 17232 17235 17238 17241 17244 17247 17250 
17253 17256 17259 17262 17265 17268 17271 17274 17277 
17280 17283 17286 17289 17292 17295 17298 17301 17304 
17307 17310 17313 17316 17319 17322 17325 17328 17331 
17334 17337 17340 17343 17346 17349 17352 17355 17358 
17361 17364 17367 17370 17373 17376 17379 17382 17385 
17388 17391 17394 17397 17400 17403 17406 17409 17412 
17415 17418 17421 17424 17427 17430 17433 17436 17439 
17442 17445 17448 17451 17454 17457 17460 17463 17466 
17469 17472 17475 17478 17481 17484 17487 17490 17493 
17496 17499 17502 17505 17508 17511 17514 17517 17520 
17523 17526 17529 17532 17535 17538 17541 17544 17547 
17550 17553 17556 17559 17562 17565 17568 17571 17574 
17577 17580 17583 17586 17589 17592 17595 17598 17601 
17604 17607 17610 17613 17616 17619 17622 17625 17628 
17631 17634 17637 17640 17643 17646 17649 17652 17655 
17658 17661 17664 17667 17670 17673 17676 17679 17682 
17685 17688 17691 17694 17697 17700 17703 17706 17709 
17712 17715 17718 17721 17724 17727 17730 17733 17736 
17739 17742 17745 17748 17751 17754 17757 17760 17763 
17766 17769 17772 17775 17778 17781 17784 17787 17790 
17793 17796 17799 17802 17805 17808 17811 17814 17817 
17820 17823 17826 17829 17832 17835 17838 17841 17844 
17847 17850 17853 17856 17859 17862 17865 17868 17871 
17874 17877 17880 17883 17886 17889 17892 17895 17898 
17901 17904 17907 17910 17913 17916 17919 17922 17925 
17928 17931 17934 17937 17940 17943 17946 17949 17952 
17955 17958 17961 17964 17967 17970 17973 17976 17979 
17982 17985 17988 17991 17994 17997 18000 18003 18006 
18009 18012 18015 18018 18021 18024 18027 18030 18033 
18036 18039 18042 18045 18048 18051 18054 18057 18060 
18063 18066 18069 18072 18075 18078 18081 18084 18087 
18090 18093 18096 18099 18102 18105 18108 18111 18114 
18117 18120 18123 18126 18129 18132 18135 18138 18141 
18144 18147 18150 18153 18156 18159 18162 18165 18168 
18171 18174 18177 18180 18183 18186 18189 18192 18195 
18198 18201 18204 18207 18210 18213 18216 18219 18222 
18225 18228 18231 18234 18237 18240 18243 18246 18249 
18252 18255 18258 18261 18264 18267 18270 18273 18276 
18279 18282 18285 18288 18291 18294 18297 18300 18303 
18306 18309 18312 18315 18318 18321 18324 18327 18330 
18333 18336 18339 18342 18345 18348 18351 18354 18357 
18360 18363 18366 18369 18372 18375 18378 18381 18384 
18387 18390 18393 18396 18399 18402 18405 18408 18411 
18414 18417 18420 18423 18426 18429 18432 18435 18438 
18441 18444 18447 18450 18453 18456 18459 18462 18465 
18468 18471 18474 18477 18480 18483 18486 18489 18492 
18495 18498 18501 18504 18507 18510 18513 18516 18519 
18522 18525 18528 18531 18534 18537 18540 18543 18546 
18549 18552 18555 18558 18561 18564 18567 18570 18573 
18576 18579 18582 18585 18588 18591 18594 18597 18600 
18603 18606 18609 18612 18615 18618 18621 18624 18627 
18630 18633 18636 18639 18642 18645 18648 18651 18654 
18657 18660 18663 18666 18669 18672 18675 18678 18681 
18684 18687 18690 18693 18696 18699 18702 18705 18708 
18711 18714 18717 18720 18723 18726 18729 18732 18735 
18738 18741 18744 18747 18750 18753 18756 18759 18762 
18765 18768 18771 18774 18777 18780 18783 18786 18789 
18792 18795 18798 18801 18804 18807 18810 18813 18816 
18819 18822 18825 18828 18831 18834 18837 18840 18843 
18846 18849 18852 18855 18858 18861 18864 18867 18870 
18873 18876 18879 18882 18885 18888 18891 18894 18897 
18900 18903 18906 18909 18912 18915 18918 18921 18924 
18927 18930 18933 18936 18939 18942 18945 18948 18951 
18954 18957 18960 18963 18966 18969 18972 18975 18978 
18981 18984 18987 18990 18993 18996 18999 19002 19005 
19008 19011 19014 19017 19020 19023 19026 19029 19032 
19035 19038 19041 19044 19047 19050 19053 19056 19059 
19062 19065 19068 19071 19074 19077 19080 19083 19086 
19089 19092 19095 19098 19101 19104 19107 19110 19113 
19116 19119 19122 19125 19128 19131 19134 19137 19140 
19143 19146 19149 19152 19155 19158 19161 19164 19167 
19170 19173 19176 19179 19182 19185 19188 19191 19194 
19197 19200 19203 19206 19209 19212 19215 19218 19221 
19224 19227 19230 19233 19236 19239 19242 19245 19248 
19251 19254 19257 19260 19263 19266 19269 19272 19275 
19278 19281 19284 19287 19290 19293 19296 19299 19302 
19305 19308 19311 19314 19317 19320 19323 19326 19329 
19332 19335 19338 19341 19344 19347 19350 19353 19356 
19359 19362 19365 19368 19371 19374 19377 19380 19383 
19386 19389 19392 19395 19398 19401 19404 19407 19410 
19413 19416 19419 19422 19425 19428 19431 19434 19437 
19440 19443 19446 19449 19452 19455 19458 19461 19464 
19467 19470 19473 19476 19479 19482 19485 19488 19491 
19494 19497 19500 19503 19506 19509 19512 19515 19518 
19521 19524 19527 19530 19533 19536 19539 19542 19545 
19548 19551 19554 19557 19560 19563 19566 19569 19572 
19575 19578 19581 19584 19587 19590 19593 19596 19599 
19602 19605 19608 19611 19614 19617 19620 19623 19626 
19629 19632 19635 19638 19641 19644 19647 19650 19653 
19656 19659 19662 19665 19668 19671 19674 19677 19680 
19683 19686 19689 19692 19695 19698 19701 19704 19707 
19710 19713 19716 19719 19722 19725 19728 19731 19734 
19737 19740 19743 19746 19749 19752 19755 19758 19761 
19764 19767 19770 19773 19776 19779 19782 19785 19788 
19791 19794 19797 19800 19803 19806 19809 19812 19815 
19818 19821 19824 19827 19830 19833 19836 19839 19842 
19845 19848 19851 19854 19857 19860 19863 19866 19869 
19872 19875 19878 19881 19884 19887 19890 19893 19896 
19899 19902 19905 19908 19911 19914 19917 19920 19923 
19926 19929 19932 19935 19938 19941 19944 19947 19950 
19953 19956 19959 19962 19965 19968 19971 19974 19977 
19980 19983 19986 19989 19992 19995 19998 20001 20004 
20007 20010 20013 20016 20019 20022 20025 20028 20031 
20034 20037 20040 20043 20046 20049 20052 20055 20058 
20061 20064 20067 20070 20073 20076 20079 20082 20085 
20088 20091 20094 20097 20100 20103 20106 20109 20112 
20115 20118 20121 20124 20127 20130 20133 20136 20139 
20142 20145 20148 20151 20154 20157 20160 20163 20166 
20169 20172 20175 20178 20181 20184 20187 20190 20193 
20196 20199 20202 20205 20208 20211 20214 20217 20220 
20223 20226 20229 20232 20235 20238 20241 20244 20247 
20250 20253 20256 20259 20262 20265 20268 20271 20274 
20277 20280 20283 20286 20289 20292 20295 20298 20301 
20304 20307 20310 20313 20316 20319 20322 20325 20328 
20331 20334 20337 20340 20343 20346 20349 20352 20355 
20358 20361 20364 20367 20370 20373 20376 20379 20382 
20385 20388 20391 20394 20397 20400 20403 20406 20409 
20412 20415 20418 20421 20424 20427 20430 20433 20436 
20439 20442 20445 20448 20451 20454 20457 20460 20463 
20466 20469 20472 20475 20478 20481 20484 20487 20490 
20493 20496 20499 20502 20505 20508 20511 20514 20517 
20520 20523 20526 20529 20532 20535 20538 20541 20544 
20547 20550 20553 20556 20559 20562 20565 20568 20571 
20574 20577 20580 20583 20586 20589 20592 20595 20598 
20601 20604 20607 20610 20613 20616 20619 20622 20625 
20628 20631 20634 20637 20640 20643 20646 20649 20652 
20655 20658 20661 20664 20667 20670 20673 20676 20679 
20682 20685 20688 20691 20694 20697 20700 20703 20706 
20709 20712 20715 20718 20721 20724 20727 20730 20733 
20736 20739 20742 20745 20748 20751 20754 20757 20760 
20763 20766 20769 20772 20775 20778 20781 20784 20787 
20790 20793 20796 20799 20802 20805 20808 20811 20814 
20817 20820 20823 20826 20829 20832 20835 20838 20841 
20844 20847 20850 20853 20856 20859 20862 20865 20868 
20871 20874 20877 20880 20883 20886 20889 20892 20895 
20898 20901 20904 20907 20910 20913 20916 20919 20922 
20925 20928 20931 20934 20937 20940 20943 20946 20949 
20952 20955 20958 20961 20964 20967 20970 20973 20976 
20979 20982 20985 20988 20991 20994 20997 21000 21003 
21006 21009 21012 21015 21018 21021 21024 21027 21030 
21033 21036 21039 21042 21045 21048 21051 21054 21057 
21060 21063 21066 21069 21072 21075 21078 21081 21084 
21087 21090 21093 21096 21099 21102 21105 21108 21111 
21114 21117 21120 21123 21126 21129 21132 21135 21138 
21141 21144 21147 21150 21153 21156 21159 21162 21165 
21168 21171 21174 21177 21180 21183 21186 21189 21192 
21195 21198 21201 21204 21207 21210 21213 21216 21219 
21222 21225 21228 21231 21234 21237 21240 21243 21246 
21249 21252 21255 21258 21261 21264 21267 21270 21273 
21276 21279 21282 21285 21288 21291 21294 21297 21300 
21303 21306 21309 21312 21315 21318 21321 21324 21327 
21330 21333 21336 21339 21342 21345 21348 21351 21354 
21357 21360 21363 21366 21369 21372 21375 21378 21381 
21384 21387 21390 21393 21396 21399 21402 21405 21408 
21411 21414 21417 21420 21423 21426 21429 21432 21435 
21438 21441 21444 21447 21450 21453 21456 21459 21462 
21465 21468 21471 21474 21477 21480 21483 21486 21489 
21492 21495 21498 21501 21504 21507 21510 21513 21516 
21519 21522 21525 21528 21531 21534 21537 21540 21543 
21546 21549 21552 21555 21558 21561 21564 21567 21570 
21573 21576 21579 21582 21585 21588 21591 21594 21597 
21600 21603 21606 21609 21612 21615 21618 21621 21624 
21627 21630 21633 21636 21639 21642 21645 21648 21651 
21654 21657 21660 21663 21666 21669 21672 21675 21678 
21681 21684 21687 21690 21693 21696 21699 21702 21705 
21708 21711 21714 21717 21720 21723 21726 21729 21732 
21735 21738 21741 21744 21747 21750 21753 21756 21759 
21762 21765 21768 21771 21774 21777 21780 21783 21786 
21789 21792 21795 21798 21801 21804 21807 21810 21813 
21816 21819 21822 21825 21828 21831 21834 21837 21840 
21843 21846 21849 21852 21855 21858 21861 21864 21867 
21870 21873 21876 21879 21882 21885 21888 21891 21894 
21897 21900 21903 21906 21909 21912 21915 21918 21921 
21924 21927 21930 21933 21936 21939 21942 21945 21948 
21951 21954 21957 21960 21963 21966 21969 21972 21975 
21978 21981 21984 21987 21990 21993 21996 21999 22002 
22005 22008 22011 22014 22017 22020 22023 22026 22029 
22032 22035 22038 22041 22044 22047 22050 22053 22056 
22059 22062 22065 22068 22071 22074 22077 22080 22083 
22086 22089 22092 22095 22098 22101 22104 22107 22110 
22113 22116 22119 22122 22125 22128 22131 22134 22137 
22140 22143 22146 22149 22152 22155 22158 22161 22164 
22167 22170 22173 22176 22179 22182 22185 22188 22191 
22194 22197 22200 22203 22206 22209 22212 22215 22218 
22221 22224 22227 22230 22233 22236 22239 22242 22245 
22248 22251 22254 22257 22260 22263 22266 22269 22272 
22275 22278 22281 22284 22287 22290 22293 22296 22299 
22302 22305 22308 22311 22314 22317 22320 22323 22326 
22329 22332 22335 22338 22341 22344 22347 22350 22353 
22356 22359 22362 22365 22368 22371 22374 22377 22380 
22383 22386 22389 22392 22395 22398 22401 22404 22407 
22410 22413 22416 22419 22422 22425 22428 22431 22434 
22437 22440 22443 22446 22449 22452 22455 22458 22461 
22464 22467 22470 22473 22476 22479 22482 22485 22488 
22491 22494 22497 22500 22503 22506 22509 22512 22515 
22518 22521 22524 22527 22530 22533 22536 22539 22542 
22545 22548 22551 22554 22557 22560 22563 22566 22569 
22572 22575 22578 22581 22584 22587 22590 22593 22596 
22599 22602 22605 22608 22611 22614 22617 22620 22623 
22626 22629 22632 22635 22638 22641 22644 22647 22650 
22653 22656 22659 22662 22665 22668 22671 22674 22677 
22680 22683 22686 22689 22692 22695 22698 22701 22704 
22707 22710 22713 22716 22719 22722 22725 22728 22731 
22734 22737 22740 22743 22746 22749 22752 22755 22758 
22761 22764 22767 22770 22773 22776 22779 22782 22785 
22788 22791 22794 22797 22800 22803 22806 22809 22812 
22815 22818 22821 22824 22827 22830 22833 22836 22839 
22842 22845 22848 22851 22854 22857 22860 22863 22866 
22869 22872 22875 22878 22881 22884 22887 22890 22893 
22896 22899 22902 22905 22908 22911 22914 22917 22920 
22923 22926 22929 22932 22935 22938 22941 22944 22947 
22950 22953 22956 22959 22962 22965 22968 22971 22974 
22977 22980 22983 22986 22989 22992 22995 22998 23001 
23004 23007 23010 23013 23016 23019 23022 23025 23028 
23031 23034 23037 23040 23043 23046 23049 23052 23055 
23058 23061 23064 23067 23070 23073 23076 23079 23082 
23085 23088 23091 23094 23097 23100 23103 23106 23109 
23112 23115 23118 23121 23124 23127 23130 23133 23136 
23139 23142 23145 23148 23151 23154 23157 23160 23163 
23166 23169 23172 23175 23178 23181 23184 23187 23190 
23193 23196 23199 23202 23205 23208 23211 23214 23217 
23220 23223 23226 23229 23232 23235 23238 23241 23244 
23247 23250 23253 23256 23259 23262 23265 23268 23271 
23274 23277 23280 23283 23286 23289 23292 23295 23298 
23301 23304 23307 23310 23313 23316 23319 23322 23325 
23328 23331 23334 23337 23340 23343 23346 23349 23352 
23355 23358 23361 23364 23367 23370 23373 23376 23379 
23382 23385 23388 23391 23394 23397 23400 23403 23406 
23409 23412 23415 23418 23421 23424 23427 23430 23433 
23436 23439 23442 23445 23448 23451 23454 23457 23460 
23463 23466 23469 23472 23475 23478 23481 23484 23487 
23490 23493 23496 23499 23502 23505 23508 23511 23514 
23517 23520 23523 23526 23529 23532 23535 23538 23541 
23544 23547 23550 23553 23556 23559 23562 23565 23568 
23571 23574 23577 23580 23583 23586 23589 23592 23595 
23598 23601 23604 23607 23610 23613 23616 23619 23622 
23625 23628 23631 23634 23637 23640 23643 23646 23649 
23652 23655 23658 23661 23664 23667 23670 23673 23676 
23679 23682 23685 23688 23691 23694 23697 23700 23703 
23706 23709 23712 23715 23718 23721 23724 23727 23730 
23733 23736 23739 23742 23745 23748 23751 23754 23757 
23760 23763 23766 23769 23772 23775 23778 23781 23784 
23787 23790 23793 23796 23799 23802 23805 23808 23811 
23814 23817 23820 23823 23826 23829 23832 23835 23838 
23841 23844 23847 23850 23853 23856 23859 23862 23865 
23868 23871 23874 23877 23880 23883 23886 23889 23892 
23895 23898 23901 23904 23907 23910 23913 23916 23919 
23922 23925 23928 23931 23934 23937 23940 23943 23946 
23949 23952 23955 23958 23961 23964 23967 23970 23973 
23976 23979 23982 23985 23988 23991 23994 23997 24000 
24003 24006 24009 24012 24015 24018 24021 24024 24027 
24030 24033 24036 24039 24042 24045 24048 24051 24054 
24057 24060 24063 24066 24069 24072 24075 24078 24081 
24084 24087 24090 24093 24096 24099 24102 24105 24108 
24111 24114 24117 24120 24123 24126 24129 24132 24135 
24138 24141 24144 24147 24150 24153 24156 24159 24162 
24165 24168 24171 24174 24177 24180 24183 24186 24189 
24192 24195 24198 24201 24204 24207 24210 24213 24216 
24219 24222 24225 24228 24231 24234 24237 24240 24243 
24246 24249 24252 24255 24258 24261 24264 24267 24270 
24273 24276 24279 24282 24285 24288 24291 24294 24297 
24300 24303 24306 24309 24312 24315 24318 24321 24324 
24327 24330 24333 24336 24339 24342 24345 24348 24351 
24354 24357 24360 24363 24366 24369 24372 24375 24378 
24381 24384 24387 24390 24393 24396 24399 24402 24405 
24408 24411 24414 24417 24420 24423 24426 24429 24432 
24435 24438 24441 24444 24447 24450 24453 24456 24459 
24462 24465 24468 24471 24474 24477 24480 24483 24486 
24489 24492 24495 24498 24501 24504 24507 24510 24513 
24516 24519 24522 24525 24528 24531 24534 24537 24540 
24543 24546 24549 24552 24555 24558 24561 24564 24567 
24570 24573 24576 24579 24582 24585 24588 24591 24594 
24597 24600 24603 24606 24609 24612 24615 24618 24621 
24624 24627 24630 24633 24636 24639 24642 24645 24648 
24651 24654 24657 24660 24663 24666 24669 24672 24675 
24678 24681 24684 24687 24690 24693 24696 24699 24702 
24705 24708 24711 24714 24717 24720 24723 24726 24729 
24732 24735 24738 24741 24744 24747 24750 24753 24756 
24759 24762 24765 24768 24771 24774 24777 24780 24783 
24786 24789 24792 24795 24798 24801 24804 24807 24810 
24813 24816 24819 24822 24825 24828 24831 24834 24837 
24840 24843 24846 24849 24852 24855 24858 24861 24864 
24867 24870 24873 24876 24879 24882 24885 24888 24891 
24894 24897 24900 24903 24906 24909 24912 24915 24918 
24921 24924 24927 24930 24933 24936 24939 24942 24945 
24948 24951 24954 24957 24960 24963 24966 24969 24972 
24975 24978 24981 24984 24987 24990 24993 24996 24999 
25002 25005 25008 25011 25014 25017 25020 25023 25026 
25029 25032 25035 25038 25041 25044 25047 25050 25053 
25056 25059 25062 25065 25068 25071 25074 25077 25080 
25083 25086 25089 25092 25095 25098 25101 25104 25107 
25110 25113 25116 25119 25122 25125 25128 25131 25134 
25137 25140 25143 25146 25149 25152 25155 25158 25161 
25164 25167 25170 25173 25176 25179 25182 25185 25188 
25191 25194 25197 25200 25203 25206 25209 25212 25215 
25218 25221 25224 25227 25230 25233 25236 25239 25242 
25245 25248 25251 25254 25257 25260 25263 25266 25269 
25272 25275 25278 25281 25284 25287 25290 25293 25296 
25299 25302 25305 25308 25311 25314 25317 25320 25323 
25326 25329 25332 25335 25338 25341 25344 25347 25350 
25353 25356 25359 25362 25365 25368 25371 25374 25377 
25380 25383 25386 25389 25392 25395 25398 25401 25404 
25407 25410 25413 25416 25419 25422 25425 25428 25431 
25434 25437 25440 25443 25446 25449 25452 25455 25458 
25461 25464 25467 25470 25473 25476 25479 25482 25485 
25488 25491 25494 25497 25500 25503 25506 25509 25512 
25515 25518 25521 25524 25527 25530 25533 25536 25539 
25542 25545 25548 25551 25554 25557 25560 25563 25566 
25569 25572 25575 25578 25581 25584 25587 25590 25593 
25596 25599 25602 25605 25608 25611 25614 25617 25620 
25623 25626 25629 25632 25635 25638 25641 25644 25647 
25650 25653 25656 25659 25662 25665 25668 25671 25674 
25677 25680 25683 25686 25689 25692 25695 25698 25701 
25704 25707 25710 25713 25716 25719 25722 25725 25728 
25731 25734 25737 25740 25743 25746 25749 25752 25755 
25758 25761 25764 25767 25770 25773 25776 25779 25782 
25785 25788 25791 25794 25797 25800 25803 25806 25809 
25812 25815 25818 25821 25824 25827 25830 25833 25836 
25839 25842 25845 25848 25851 25854 25857 25860 25863 
25866 25869 25872 25875 25878 25881 25884 25887 25890 
25893 25896 25899 25902 25905 25908 25911 25914 25917 
25920 25923 25926 25929 25932 25935 25938 25941 25944 
25947 25950 25953 25956 25959 25962 25965 25968 25971 
25974 25977 25980 25983 25986 25989 25992 25995 25998 
26001 26004 26007 26010 26013 26016 26019 26022 26025 
26028 26031 26034 26037 26040 26043 26046 26049 26052 
26055 26058 26061 26064 26067 26070 26073 26076 26079 
26082 26085 26088 26091 26094 26097 26100 26103 26106 
26109 26112 26115 26118 26121 26124 26127 26130 26133 
26136 26139 26142 26145 26148 26151 26154 26157 26160 
26163 26166 26169 26172 26175 26178 26181 26184 26187 
26190 26193 26196 26199 26202 26205 26208 26211 26214 
26217 26220 26223 26226 26229 26232 26235 26238 26241 
26244 26247 26250 26253 26256 26259 26262 26265 26268 
26271 26274 26277 26280 26283 26286 26289 26292 26295 
26298 26301 26304 26307 26310 26313 26316 26319 26322 
26325 26328 26331 26334 26337 26340 26343 26346 26349 
26352 26355 26358 26361 26364 26367 26370 26373 26376 
26379 26382 26385 26388 26391 26394 26397 26400 26403 
26406 26409 26412 26415 26418 26421 26424 26427 26430 
26433 26436 26439 26442 26445 26448 26451 26454 26457 
26460 26463 26466 26469 26472 26475 26478 26481 26484 
26487 26490 26493 26496 26499 26502 26505 26508 26511 
26514 26517 26520 26523 26526 26529 26532 26535 26538 
26541 26544 26547 26550 26553 26556 26559 26562 26565 
26568 26571 26574 26577 26580 26583 26586 26589 26592 
26595 26598 26601 26604 26607 26610 26613 26616 26619 
26622 26625 26628 26631 26634 26637 26640 26643 26646 
26649 26652 26655 26658 26661 26664 26667 26670 26673 
26676 26679 26682 26685 26688 26691 26694 26697 26700 
26703 26706 26709 26712 26715 26718 26721 26724 26727 
26730 26733 26736 26739 26742 26745 26748 26751 26754 
26757 26760 26763 26766 26769 26772 26775 26778 26781 
26784 26787 26790 26793 26796 26799 26802 26805 26808 
26811 26814 26817 26820 26823 26826 26829 26832 26835 
26838 26841 26844 26847 26850 26853 26856 26859 26862 
26865 26868 26871 26874 26877 26880 26883 26886 26889 
26892 26895 26898 26901 26904 26907 26910 26913 26916 
26919 26922 26925 26928 26931 26934 26937 26940 26943 
26946 26949 26952 26955 26958 26961 26964 26967 26970 
26973 26976 26979 26982 26985 26988 26991 26994 26997 
27000 27003 27006 27009 27012 27015 27018 27021 27024 
27027 27030 27033 27036 27039 27042 27045 27048 27051 
27054 27057 27060 27063 27066 27069 27072 27075 27078 
27081 27084 27087 27090 27093 27096 27099 27102 27105 
27108 27111 27114 27117 27120 27123 27126 27129 27132 
27135 27138 27141 27144 27147 27150 27153 27156 27159 
27162 27165 27168 27171 27174 27177 27180 27183 27186 
27189 27192 27195 27198 27201 27204 27207 27210 27213 
27216 27219 27222 27225 27228 27231 27234 27237 27240 
27243 27246 27249 27252 27255 27258 27261 27264 27267 
27270 27273 27276 27279 27282 27285 27288 27291 27294 
27297 27300 27303 27306 27309 27312 27315 27318 27321 
27324 27327 27330 27333 27336 27339 27342 27345 27348 
27351 27354 27357 27360 27363 27366 27369 27372 27375 
27378 27381 27384 27387 27390 27393 27396 27399 27402 
27405 27408 27411 27414 27417 27420 27423 27426 27429 
27432 27435 27438 27441 27444 27447 27450 27453 27456 
27459 27462 27465 27468 27471 27474 27477 27480 27483 
27486 27489 27492 27495 27498 27501 27504 27507 27510 
27513 27516 27519 27522 27525 27528 27531 27534 27537 
27540 27543 27546 27549 27552 27555 27558 27561 27564 
27567 27570 27573 27576 27579 27582 27585 27588 27591 
27594 27597 27600 27603 27606 27609 27612 27615 27618 
27621 27624 27627 27630 27633 27636 27639 27642 27645 
27648 27651 27654 27657 27660 27663 27666 27669 27672 
27675 27678 27681 27684 27687 27690 27693 27696 27699 
27702 27705 27708 27711 27714 27717 27720 27723 27726 
27729 27732 27735 27738 27741 27744 27747 27750 27753 
27756 27759 27762 27765 27768 27771 27774 27777 27780 
27783 27786 27789 27792 27795 27798 27801 27804 27807 
27810 27813 27816 27819 27822 27825 27828 27831 27834 
27837 27840 27843 27846 27849 27852 27855 27858 27861 
27864 27867 27870 27873 27876 27879 27882 27885 27888 
27891 27894 27897 27900 27903 27906 27909 27912 27915 
27918 27921 27924 27927 27930 27933 27936 27939 27942 
27945 27948 27951 27954 27957 27960 27963 27966 27969 
27972 27975 27978 27981 27984 27987 27990 27993 27996 
27999 28002 28005 28008 28011 28014 28017 28020 28023 
28026 28029 28032 28035 28038 28041 28044 28047 28050 
28053 28056 28059 28062 28065 28068 28071 28074 28077 
28080 28083 28086 28089 28092 28095 28098 28101 28104 
28107 28110 28113 28116 28119 28122 28125 28128 28131 
28134 28137 28140 28143 28146 28149 28152 28155 28158 
28161 28164 28167 28170 28173 28176 28179 28182 28185 
28188 28191 28194 28197 28200 28203 28206 28209 28212 
28215 28218 28221 28224 28227 28230 28233 28236 28239 
28242 28245 28248 28251 28254 28257 28260 28263 28266 
28269 28272 28275 28278 28281 28284 28287 28290 28293 
28296 28299 28302 28305 28308 28311 28314 28317 28320 
28323 28326 28329 28332 28335 28338 28341 28344 28347 
28350 28353 28356 28359 28362 28365 28368 28371 28374 
28377 28380 28383 28386 28389 28392 28395 28398 28401 
28404 28407 28410 28413 28416 28419 28422 28425 28428 
28431 28434 28437 28440 28443 28446 28449 28452 28455 
28458 28461 28464 28467 28470 28473 28476 28479 28482 
28485 28488 28491 28494 28497 28500 28503 28506 28509 
28512 28515 28518 28521 28524 28527 28530 28533 28536 
28539 28542 28545 28548 28551 28554 28557 28560 28563 
28566 28569 28572 28575 28578 28581 28584 28587 28590 
28593 28596 28599 28602 28605 28608 28611 28614 28617 
28620 28623 28626 28629 28632 28635 28638 28641 28644 
28647 28650 28653 28656 28659 28662 28665 28668 28671 
28674 28677 28680 28683 28686 28689 28692 28695 28698 
28701 28704 28707 28710 28713 28716 28719 28722 28725 
28728 28731 28734 28737 28740 28743 28746 28749 28752 
28755 28758 28761 28764 28767 28770 28773 28776 28779 
28782 28785 28788 28791 28794 28797 28800 28803 28806 
28809 28812 28815 28818 28821 28824 28827 28830 28833 
28836 28839 28842 28845 28848 28851 28854 28857 28860 
28863 28866 28869 28872 28875 28878 28881 28884 28887 
28890 28893 28896 28899 28902 28905 28908 28911 28914 
28917 28920 28923 28926 28929 28932 28935 28938 28941 
28944 28947 28950 28953 28956 28959 28962 28965 28968 
28971 28974 28977 28980 28983 28986 28989 28992 28995 
28998 29001 29004 29007 29010 29013 29016 29019 29022 
29025 29028 29031 29034 29037 29040 29043 29046 29049 
29052 29055 29058 29061 29064 29067 29070 29073 29076 
29079 29082 29085 29088 29091 29094 29097 29100 29103 
29106 29109 29112 29115 29118 29121 29124 29127 29130 
29133 29136 29139 29142 29145 29148 29151 29154 29157 
29160 29163 29166 29169 29172 29175 29178 29181 29184 
29187 29190 29193 29196 29199 29202 29205 29208 29211 
29214 29217 29220 29223 29226 29229 29232 29235 29238 
29241 29244 29247 29250 29253 29256 29259 29262 29265 
29268 29271 29274 29277 29280 29283 29286 29289 29292 
29295 29298 29301 29304 29307 29310 29313 29316 29319 
29322 29325 29328 29331 29334 29337 29340 29343 29346 
29349 29352 29355 29358 29361 29364 29367 29370 29373 
29376 29379 29382 29385 29388 29391 29394 29397 29400 
29403 29406 29409 29412 29415 29418 29421 29424 29427 
29430 29433 29436 29439 29442 29445 29448 29451 29454 
29457 29460 29463 29466 29469 29472 29475 29478 29481 
29484 29487 29490 29493 29496 29499 29502 29505 29508 
29511 29514 29517 29520 29523 29526 29529 29532 29535 
29538 29541 29544 29547 29550 29553 29556 29559 29562 
29565 29568 29571 29574 29577 29580 29583 29586 29589 
29592 29595 29598 29601 29604 29607 29610 29613 29616 
29619 29622 29625 29628 29631 29634 29637 29640 29643 
29646 29649 29652 29655 29658 29661 29664 29667 29670 
29673 29676 29679 29682 29685 29688 29691 29694 29697 
29700 29703 29706 29709 29712 29715 29718 29721 29724 
29727 29730 29733 29736 29739 29742 29745 29748 29751 
29754 29757 29760 29763 29766 29769 29772 29775 29778 
29781 29784 29787 29790 29793 29796 29799 29802 29805 
29808 29811 29814 29817 29820 29823 29826 29829 29832 
29835 29838 29841 29844 29847 29850 29853 29856 29859 
29862 29865 29868 29871 29874 29877 29880 29883 29886 
29889 29892 29895 29898 29901 29904 29907 29910 29913 
29916 29919 29922 29925 29928 29931 29934 29937 29940 
29943 29946 29949 29952 29955 29958 29961 29964 29967 
29970 29973 29976 29979 29982 29985 29988 29991 29994 
29997 30000 30003 30006 30009 30012 30015 30018 30021 
30024 30027 30030 30033 30036 30039 30042 30045 30048 
30051 30054 30057 30060 30063 30066 30069 30072 30075 
30078 30081 30084 30087 30090 30093 30096 30099 30102 
30105 30108 30111 30114 30117 30120 30123 30126 30129 
30132 30135 30138 30141 30144 30147 30150 30153 30156 
30159 30162 30165 30168 30171 30174 30177 30180 30183 
30186 30189 30192 30195 30198 30201 30204 30207 30210 
30213 30216 30219 30222 30225 30228 30231 30234 30237 
30240 30243 30246 30249 30252 30255 30258 30261 30264 
30267 30270 30273 30276 30279 30282 30285 30288 30291 
30294 30297 30300 30303 30306 30309 30312 30315 30318 
30321 30324 30327 30330 30333 30336 30339 30342 30345 
30348 30351 30354 30357 30360 30363 30366 30369 30372 
30375 30378 30381 30384 30387 30390 30393 30396 30399 
30402 30405 30408 30411 30414 30417 30420 30423 30426 
30429 30432 30435 30438 30441 30444 30447 30450 30453 
30456 30459 30462 30465 30468 30471 30474 30477 30480 
30483 30486 30489 30492 30495 30498 30501 30504 30507 
30510 30513 30516 30519 30522 30525 30528 30531 30534 
30537 30540 30543 30546 30549 30552 30555 30558 30561 
30564 30567 30570 30573 30576 30579 30582 30585 30588 
30591 30594 30597 30600 30603 30606 30609 30612 30615 
30618 30621 30624 30627 30630 30633 30636 30639 30642 
30645 30648 30651 30654 30657 30660 30663 30666 30669 
30672 30675 30678 30681 30684 30687 30690 30693 30696 
30699 30702 30705 30708 30711 30714 30717 30720 30723 
30726 30729 30732 30735 30738 30741 30744 30747 30750 
30753 30756 30759 30762 30765 30768 30771 30774 30777 
30780 30783 30786 30789 30792 30795 30798 30801 30804 
30807 30810 30813 30816 30819 30822 30825 30828 30831 
30834 30837 30840 30843 30846 30849 30852 30855 30858 
30861 30864 30867 30870 30873 30876 30879 30882 30885 
30888 30891 30894 30897 30900 30903 30906 30909 30912 
30915 30918 30921 30924 30927 30930 30933 30936 30939 
30942 30945 30948 30951 30954 30957 30960 30963 30966 
30969 30972 30975 30978 30981 30984 30987 30990 30993 
30996 30999 31002 31005 31008 31011 31014 31017 31020 
31023 31026 31029 31032 31035 31038 31041 31044 31047 
31050 31053 31056 31059 31062 31065 31068 31071 31074 
31077 31080 31083 31086 31089 31092 31095 31098 31101 
31104 31107 31110 31113 31116 31119 31122 31125 31128 
31131 31134 31137 31140 31143 31146 31149 31152 31155 
31158 31161 31164 31167 31170 31173 31176 31179 31182 
31185 31188 31191 31194 31197 31200 31203 31206 31209 
31212 31215 31218 31221 31224 31227 31230 31233 31236 
31239 31242 31245 31248 31251 31254 31257 31260 31263 
31266 31269 31272 31275 31278 31281 31284 31287 31290 
31293 31296 31299 31302 31305 31308 31311 31314 31317 
31320 31323 31326 31329 31332 31335 31338 31341 31344 
31347 31350 31353 31356 31359 31362 31365 31368 31371 
31374 31377 31380 31383 31386 31389 31392 31395 31398 
31401 31404 31407 31410 31413 31416 31419 31422 31425 
31428 31431 31434 31437 31440 31443 31446 31449 31452 
31455 31458 31461 31464 31467 31470 31473 31476 31479 
31482 31485 31488 31491 31494 31497 31500 31503 31506 
31509 31512 31515 31518 31521 31524 31527 31530 31533 
31536 31539 31542 31545 31548 31551 31554 31557 31560 
31563 31566 31569 31572 31575 31578 31581 31584 31587 
31590 31593 31596 31599 31602 31605 31608 31611 31614 
31617 31620 31623 31626 31629 31632 31635 31638 31641 
31644 31647 31650 31653 31656 31659 31662 31665 31668 
31671 31674 31677 31680 31683 31686 31689 31692 31695 
31698 31701 31704 31707 31710 31713 31716 31719 31722 
31725 31728 31731 31734 31737 31740 31743 31746 31749 
31752 31755 31758 31761 31764 31767 31770 31773 31776 
31779 31782 31785 31788 31791 31794 31797 31800 31803 
31806 31809 31812 31815 31818 31821 31824 31827 31830 
31833 31836 31839 31842 31845 31848 31851 31854 31857 
31860 31863 31866 31869 31872 31875 31878 31881 31884 
31887 31890 31893 31896 31899 31902 31905 31908 31911 
31914 31917 31920 31923 31926 31929 31932 31935 31938 
31941 31944 31947 31950 31953 31956 31959 31962 31965 
31968 31971 31974 31977 31980 31983 31986 31989 31992 
31995 31998 32001 32004 32007 32010 32013 32016 32019 
32022 32025 32028 32031 32034 32037 32040 32043 32046 
32049 32052 32055 32058 32061 32064 32067 32070 32073 
32076 32079 32082 32085 32088 32091 32094 32097 32100 
32103 32106 32109 32112 32115 32118 32121 32124 32127 
32130 32133 32136 32139 32142 32145 32148 32151 32154 
32157 32160 32163 32166 32169 32172 32175 32178 32181 
32184 32187 32190 32193 32196 32199 32202 32205 32208 
32211 32214 32217 32220 32223 32226 32229 32232 32235 
32238 32241 32244 32247 32250 32253 32256 32259 32262 
32265 32268 32271 32274 32277 32280 32283 32286 32289 
32292 32295 32298 32301 32304 32307 32310 32313 32316 
32319 32322 32325 32328 32331 32334 32337 32340 32343 
32346 32349 32352 32355 32358 32361 32364 32367 32370 
32373 32376 32379 32382 32385 32388 32391 32394 32397 
32400 32403 32406 32409 32412 32415 32418 32421 32424 
32427 32430 32433 32436 32439 32442 32445 32448 32451 
32454 32457 32460 32463 32466 32469 32472 32475 32478 
32481 32484 32487 32490 32493 32496 32499 32502 32505 
32508 32511 32514 32517 32520 32523 32526 32529 32532 
32535 32538 32541 32544 32547 32550 32553 32556 32559 
32562 32565 32568 32571 32574 32577 32580 32583 32586 
32589 32592 32595 32598 32601 32604 32607 32610 32613 
32616 32619 32622 32625 32628 32631 32634 32637 32640 
32643 32646 32649 32652 32655 32658 32661 32664 32667 
32670 32673 32676 32679 32682 32685 32688 32691 32694 
32697 32700 32703 32706 32709 32712 32715 32718 32721 
32724 32727 32730 32733 32736 32739 32742 32745 32748 
32751 32754 32757 32760 32763 32766 32769 32772 32775 
32778 32781 32784 32787 32790 32793 32796 32799 32802 
32805 32808 32811 32814 32817 32820 32823 32826 32829 
32832 32835 32838 32841 32844 32847 32850 32853 32856 
32859 32862 32865 32868 32871 32874 32877 32880 32883 
32886 32889 32892 32895 32898 32901 32904 32907 32910 
32913 32916 32919 32922 32925 32928 32931 32934 32937 
32940 32943 32946 32949 32952 32955 32958 32961 32964 
32967 32970 32973 32976 32979 32982 32985 32988 32991 
32994 32997 33000 33003 33006 33009 33012 33015 33018 
33021 33024 33027 33030 33033 33036 33039 33042 33045 
33048 33051 33054 33057 33060 33063 33066 33069 33072 
33075 33078 33081 33084 33087 33090 33093 33096 33099 
33102 33105 33108 33111 33114 33117 33120 33123 33126 
33129 33132 33135 33138 33141 33144 33147 33150 33153 
33156 33159 33162 33165 33168 33171 33174 33177 33180 
33183 33186 33189 33192 33195 33198 33201 33204 33207 
33210 33213 33216 33219 33222 33225 33228 33231 33234 
33237 33240 33243 33246 33249 33252 33255 33258 33261 
33264 33267 33270 33273 33276 33279 33282 33285 33288 
33291 33294 33297 33300 33303 33306 33309 33312 33315 
33318 33321 33324 33327 33330 33333 33336 33339 33342 
33345 33348 33351 33354 33357 33360 33363 33366 33369 
33372 33375 33378 33381 33384 33387 33390 33393 33396 
33399 33402 33405 33408 33411 33414 33417 33420 33423 
33426 33429 33432 33435 33438 33441 33444 33447 33450 
33453 33456 33459 33462 33465 33468 33471 33474 33477 
33480 33483 33486 33489 33492 33495 33498 33501 33504 
33507 33510 33513 33516 33519 33522 33525 33528 33531 
33534 33537 33540 33543 33546 33549 33552 33555 33558 
33561 33564 33567 33570 33573 33576 33579 33582 33585 
33588 33591 33594 33597 33600 33603 33606 33609 33612 
33615 33618 33621 33624 33627 33630 33633 33636 33639 
33642 33645 33648 33651 33654 33657 33660 33663 33666 
33669 33672 33675 33678 33681 33684 33687 33690 33693 
33696 33699 33702 33705 33708 33711 33714 33717 33720 
33723 33726 33729 33732 33735 33738 33741 33744 33747 
33750 33753 33756 33759 33762 33765 33768 33771 33774 
33777 33780 33783 33786 33789 33792 33795 33798 33801 
33804 33807 33810 33813 33816 33819 33822 33825 33828 
33831 33834 33837 33840 33843 33846 33849 33852 33855 
33858 33861 33864 33867 33870 33873 33876 33879 33882 
33885 33888 33891 33894 33897 33900 33903 33906 33909 
33912 33915 33918 33921 33924 33927 33930 33933 33936 
33939 33942 33945 33948 33951 33954 33957 33960 33963 
33966 33969 33972 33975 33978 33981 33984 33987 33990 
33993 33996 33999 34002 34005 34008 34011 34014 34017 
34020 34023 34026 34029 34032 34035 34038 34041 34044 
34047 34050 34053 34056 34059 34062 34065 34068 34071 
34074 34077 34080 34083 34086 34089 34092 34095 34098 
34101 34104 34107 34110 34113 34116 34119 34122 34125 
34128 34131 34134 34137 34140 34143 34146 34149 34152 
34155 34158 34161 34164 34167 34170 34173 34176 34179 
34182 34185 34188 34191 34194 34197 34200 34203 34206 
34209 34212 34215 34218 34221 34224 34227 34230 34233 
34236 34239 34242 34245 34248 34251 34254 34257 34260 
34263 34266 34269 34272 34275 34278 34281 34284 34287 
34290 34293 34296 34299 34302 34305 34308 34311 34314 
34317 34320 34323 34326 34329 34332 34335 34338 34341 
34344 34347 34350 34353 34356 34359 34362 34365 34368 
34371 34374 34377 34380 34383 34386 34389 34392 34395 
34398 34401 34404 34407 34410 34413 34416 34419 34422 
34425 34428 34431 34434 34437 34440 34443 34446 34449 
34452 34455 34458 34461 34464 34467 34470 34473 34476 
34479 34482 34485 34488 34491 34494 34497 34500 34503 
34506 34509 34512 34515 34518 34521 34524 34527 34530 
34533 34536 34539 34542 34545 34548 34551 34554 34557 
34560 34563 34566 34569 34572 34575 34578 34581 34584 
34587 34590 34593 34596 34599 34602 34605 34608 34611 
34614 34617 34620 34623 34626 34629 34632 34635 34638 
34641 34644 34647 34650 34653 34656 34659 34662 34665 
34668 34671 34674 34677 34680 34683 34686 34689 34692 
34695 34698 34701 34704 34707 34710 34713 34716 34719 
34722 34725 34728 34731 34734 34737 34740 34743 34746 
34749 34752 34755 34758 34761 34764 34767 34770 34773 
34776 34779 34782 34785 34788 34791 34794 34797 34800 
34803 34806 34809 34812 34815 34818 34821 34824 34827 
34830 34833 34836 34839 34842 34845 34848 34851 34854 
34857 34860 34863 34866 34869 34872 34875 34878 34881 
34884 34887 34890 34893 34896 34899 34902 34905 34908 
34911 34914 34917 34920 34923 34926 34929 34932 34935 
34938 34941 34944 34947 34950 34953 34956 34959 34962 
34965 34968 34971 34974 34977 34980 34983 34986 34989 
34992 34995 34998 35001 35004 35007 35010 35013 35016 
35019 35022 35025 35028 35031 35034 35037 35040 35043 
35046 35049 35052 35055 35058 35061 35064 35067 35070 
35073 35076 35079 35082 35085 35088 35091 35094 35097 
35100 35103 35106 35109 35112 35115 35118 35121 35124 
35127 35130 35133 35136 35139 35142 35145 35148 35151 
35154 35157 35160 35163 35166 35169 35172 35175 35178 
35181 35184 35187 35190 35193 35196 35199 35202 35205 
35208 35211 35214 35217 35220 35223 35226 35229 35232 
35235 35238 35241 35244 35247 35250 35253 35256 35259 
35262 35265 35268 35271 35274 35277 35280 35283 35286 
35289 35292 35295 35298 35301 35304 35307 35310 35313 
35316 35319 35322 35325 35328 35331 35334 35337 35340 
35343 35346 35349 35352 35355 35358 35361 35364 35367 
35370 35373 35376 35379 35382 35385 35388 35391 35394 
35397 35400 35403 35406 35409 35412 35415 35418 35421 
35424 35427 35430 35433 35436 35439 35442 35445 35448 
35451 35454 35457 35460 35463 35466 35469 35472 35475 
35478 35481 35484 35487 35490 35493 35496 35499 35502 
35505 35508 35511 35514 35517 35520 35523 35526 35529 
35532 35535 35538 35541 35544 35547 35550 35553 35556 
35559 35562 35565 35568 35571 35574 35577 35580 35583 
35586 35589 35592 35595 35598 35601 35604 35607 35610 
35613 35616 35619 35622 35625 35628 35631 35634 35637 
35640 35643 35646 35649 35652 35655 35658 35661 35664 
35667 35670 35673 35676 35679 35682 35685 35688 35691 
35694 35697 35700 35703 35706 35709 35712 35715 35718 
35721 35724 35727 35730 35733 35736 35739 35742 35745 
35748 35751 35754 35757 35760 35763 35766 35769 35772 
35775 35778 35781 35784 35787 35790 35793 35796 35799 
35802 35805 35808 35811 35814 35817 35820 35823 35826 
35829 35832 35835 35838 35841 35844 35847 35850 35853 
35856 35859 35862 35865 35868 35871 35874 35877 35880 
35883 35886 35889 35892 35895 35898 35901 35904 35907 
35910 35913 35916 35919 35922 35925 35928 35931 35934 
35937 35940 35943 35946 35949 35952 35955 35958 35961 
35964 35967 35970 35973 35976 35979 35982 35985 35988 
35991 35994 35997 36000 36003 36006 36009 36012 36015 
36018 36021 36024 36027 36030 36033 36036 36039 36042 
36045 36048 36051 36054 36057 36060 36063 36066 36069 
36072 36075 36078 36081 36084 36087 36090 36093 36096 
36099 36102 36105 36108 36111 36114 36117 36120 36123 
36126 36129 36132 36135 36138 36141 36144 36147 36150 
36153 36156 36159 36162 36165 36168 36171 36174 36177 
36180 36183 36186 36189 36192 36195 36198 36201 36204 
36207 36210 36213 36216 36219 36222 36225 36228 36231 
36234 36237 36240 36243 36246 36249 36252 36255 36258 
36261 36264 36267 36270 36273 36276 36279 36282 36285 
36288 36291 36294 36297 36300 36303 36306 36309 36312 
36315 36318 36321 36324 36327 36330 36333 36336 36339 
36342 36345 36348 36351 36354 36357 36360 36363 36366 
36369 36372 36375 36378 36381 36384 36387 36390 36393 
36396 36399 36402 36405 36408 36411 36414 36417 36420 
36423 36426 36429 36432 36435 36438 36441 36444 36447 
36450 36453 36456 36459 36462 36465 36468 36471 36474 
36477 36480 36483 36486 36489 36492 36495 36498 36501 
36504 36507 36510 36513 36516 36519 36522 36525 36528 
36531 36534 36537 36540 36543 36546 36549 36552 36555 
36558 36561 36564 36567 36570 36573 36576 36579 36582 
36585 36588 36591 36594 36597 36600 36603 36606 36609 
36612 36615 36618 36621 36624 36627 36630 36633 36636 
36639 36642 36645 36648 36651 36654 36657 36660 36663 
36666 36669 36672 36675 36678 36681 36684 36687 36690 
36693 36696 36699 36702 36705 36708 36711 36714 36717 
36720 36723 36726 36729 36732 36735 36738 36741 36744 
36747 36750 36753 36756 36759 36762 36765 36768 36771 
36774 36777 36780 36783 36786 36789 36792 36795 36798 
36801 36804 36807 36810 36813 36816 36819 36822 36825 
36828 36831 36834 36837 36840 36843 36846 36849 36852 
36855 36858 36861 36864 36867 36870 36873 36876 36879 
36882 36885 36888 36891 36894 36897 36900 36903 36906 
36909 36912 36915 36918 36921 36924 36927 36930 36933 
36936 36939 36942 36945 36948 36951 36954 36957 36960 
36963 36966 36969 36972 36975 36978 36981 36984 36987 
36990 36993 36996 36999 37002 37005 37008 37011 37014 
37017 37020 37023 37026 37029 37032 37035 37038 37041 
37044 37047 37050 37053 37056 37059 37062 37065 37068 
37071 37074 37077 37080 37083 37086 37089 37092 37095 
37098 37101 37104 37107 37110 37113 37116 37119 37122 
37125 37128 37131 37134 37137 37140 37143 37146 37149 
37152 37155 37158 37161 37164 37167 37170 37173 37176 
37179 37182 37185 37188 37191 37194 37197 37200 37203 
37206 37209 37212 37215 37218 37221 37224 37227 37230 
37233 37236 37239 37242 37245 37248 37251 37254 37257 
37260 37263 37266 37269 37272 37275 37278 37281 37284 
37287 37290 37293 37296 37299 37302 37305 37308 37311 
37314 37317 37320 37323 37326 37329 37332 37335 37338 
37341 37344 37347 37350 37353 37356 37359 37362 37365 
37368 37371 37374 37377 37380 37383 37386 37389 37392 
37395 37398 37401 37404 37407 37410 37413 37416 37419 
37422 37425 37428 37431 37434 37437 37440 37443 37446 
37449 37452 37455 37458 37461 37464 37467 37470 37473 
37476 37479 37482 37485 37488 37491 37494 37497 37500 
37503 37506 37509 37512 37515 37518 37521 37524 37527 
37530 37533 37536 37539 37542 37545 37548 37551 37554 
37557 37560 37563 37566 37569 37572 37575 37578 37581 
37584 37587 37590 37593 37596 37599 37602 37605 37608 
37611 37614 37617 37620 37623 37626 37629 37632 37635 
37638 37641 37644 37647 37650 37653 37656 37659 37662 
37665 37668 37671 37674 37677 37680 37683 37686 37689 
37692 37695 37698 37701 37704 37707 37710 37713 37716 
37719 37722 37725 37728 37731 37734 37737 37740 37743 
37746 37749 37752 37755 37758 37761 37764 37767 37770 
37773 37776 37779 37782 37785 37788 37791 37794 37797 
37800 37803 37806 37809 37812 37815 37818 37821 37824 
37827 37830 37833 37836 37839 37842 37845 37848 37851 
37854 37857 37860 37863 37866 37869 37872 37875 37878 
37881 37884 37887 37890 37893 37896 37899 37902 37905 
37908 37911 37914 37917 37920 37923 37926 37929 37932 
37935 37938 37941 37944 37947 37950 37953 37956 37959 
37962 37965 37968 37971 37974 37977 37980 37983 37986 
37989 37992 37995 37998 38001 38004 38007 38010 38013 
38016 38019 38022 38025 38028 38031 38034 38037 38040 
38043 38046 38049 38052 38055 38058 38061 38064 38067 
38070 38073 38076 38079 38082 38085 38088 38091 38094 
38097 38100 38103 38106 38109 38112 38115 38118 38121 
38124 38127 38130 38133 38136 38139 38142 38145 38148 
38151 38154 38157 38160 38163 38166 38169 38172 38175 
38178 38181 38184 38187 38190 38193 38196 38199 38202 
38205 38208 38211 38214 38217 38220 38223 38226 38229 
38232 38235 38238 38241 38244 38247 38250 38253 38256 
38259 38262 38265 38268 38271 38274 38277 38280 38283 
38286 38289 38292 38295 38298 38301 38304 38307 38310 
38313 38316 38319 38322 38325 38328 38331 38334 38337 
38340 38343 38346 38349 38352 38355 38358 38361 38364 
38367 38370 38373 38376 38379 38382 38385 38388 38391 
38394 38397 38400 38403 38406 38409 38412 38415 38418 
38421 38424 38427 38430 38433 38436 38439 38442 38445 
38448 38451 38454 38457 38460 38463 38466 38469 38472 
38475 38478 38481 38484 38487 38490 38493 38496 38499 
38502 38505 38508 38511 38514 38517 38520 38523 38526 
38529 38532 38535 38538 38541 38544 38547 38550 38553 
38556 38559 38562 38565 38568 38571 38574 38577 38580 
38583 38586 38589 38592 38595 38598 38601 38604 38607 
38610 38613 38616 38619 38622 38625 38628 38631 38634 
38637 38640 38643 38646 38649 38652 38655 38658 38661 
38664 38667 38670 38673 38676 38679 38682 38685 38688 
38691 38694 38697 38700 38703 38706 38709 38712 38715 
38718 38721 38724 38727 38730 38733 38736 38739 38742 
38745 38748 38751 38754 38757 38760 38763 38766 38769 
38772 38775 38778 38781 38784 38787 38790 38793 38796 
38799 38802 38805 38808 38811 38814 38817 38820 38823 
38826 38829 38832 38835 38838 38841 38844 38847 38850 
38853 38856 38859 38862 38865 38868 38871 38874 38877 
38880 38883 38886 38889 38892 38895 38898 38901 38904 
38907 38910 38913 38916 38919 38922 38925 38928 38931 
38934 38937 38940 38943 38946 38949 38952 38955 38958 
38961 38964 38967 38970 38973 38976 38979 38982 38985 
38988 38991 38994 38997 39000 39003 39006 39009 39012 
39015 39018 39021 39024 39027 39030 39033 39036 39039 
39042 39045 39048 39051 39054 39057 39060 39063 39066 
39069 39072 39075 39078 39081 39084 39087 39090 39093 
39096 39099 39102 39105 39108 39111 39114 39117 39120 
39123 39126 39129 39132 39135 39138 39141 39144 39147 
39150 39153 39156 39159 39162 39165 39168 39171 39174 
39177 39180 39183 39186 39189 39192 39195 39198 39201 
39204 39207 39210 39213 39216 39219 39222 39225 39228 
39231 39234 39237 39240 39243 39246 39249 39252 39255 
39258 39261 39264 39267 39270 39273 39276 39279 39282 
39285 39288 39291 39294 39297 39300 39303 39306 39309 
39312 39315 39318 39321 39324 39327 39330 39333 39336 
39339 39342 39345 39348 39351 39354 39357 39360 39363 
39366 39369 39372 39375 39378 39381 39384 39387 39390 
39393 39396 39399 39402 39405 39408 39411 39414 39417 
39420 39423 39426 39429 39432 39435 39438 39441 39444 
39447 39450 39453 39456 39459 39462 39465 39468 39471 
39474 39477 39480 39483 39486 39489 39492 39495 39498 
39501 39504 39507 39510 39513 39516 39519 39522 39525 
39528 39531 39534 39537 39540 39543 39546 39549 39552 
39555 39558 39561 39564 39567 39570 39573 39576 39579 
39582 39585 39588 39591 39594 39597 39600 39603 39606 
39609 39612 39615 39618 39621 39624 39627 39630 39633 
39636 39639 39642 39645 39648 39651 39654 39657 39660 
39663 39666 39669 39672 39675 39678 39681 39684 39687 
39690 39693 39696 39699 39702 39705 39708 39711 39714 
39717 39720 39723 39726 39729 39732 39735 39738 39741 
39744 39747 39750 39753 39756 39759 39762 39765 39768 
39771 39774 39777 39780 39783 39786 39789 39792 39795 
39798 39801 39804 39807 39810 39813 39816 39819 39822 
39825 39828 39831 39834 39837 39840 39843 39846 39849 
39852 39855 39858 39861 39864 39867 39870 39873 39876 
39879 39882 39885 39888 39891 39894 39897 39900 39903 
39906 39909 39912 39915 39918 39921 39924 39927 39930 
39933 39936 39939 39942 39945 39948 39951 39954 39957 
39960 39963 39966 39969 39972 39975 39978 39981 39984 
39987 39990 39993 39996 39999 40002 40005 40008 40011 
40014 40017 40020 40023 40026 40029 40032 40035 40038 
40041 40044 40047 40050 40053 40056 40059 40062 40065 
40068 40071 40074 40077 40080 40083 40086 40089 40092 
40095 40098 40101 40104 40107 40110 40113 40116 40119 
40122 40125 40128 40131 40134 40137 40140 40143 40146 
40149 40152 40155 40158 40161 40164 40167 40170 40173 
40176 40179 40182 40185 40188 40191 40194 40197 40200 
40203 40206 40209 40212 40215 40218 40221 40224 40227 
40230 40233 40236 40239 40242 40245 40248 40251 40254 
40257 40260 40263 40266 40269 40272 40275 40278 40281 
40284 40287 40290 40293 40296 40299 40302 40305 40308 
40311 40314 40317 40320 40323 40326 40329 40332 40335 
40338 40341 40344 40347 40350 40353 40356 40359 40362 
40365 40368 40371 40374 40377 40380 40383 40386 40389 
40392 40395 40398 40401 40404 40407 40410 40413 40416 
40419 40422 40425 40428 40431 40434 40437 40440 40443 
40446 40449 40452 40455 40458 40461 40464 40467 40470 
40473 40476 40479 40482 40485 40488 40491 40494 40497 
40500 40503 40506 40509 40512 40515 40518 40521 40524 
40527 40530 40533 40536 40539 40542 40545 40548 40551 
40554 40557 40560 40563 40566 40569 40572 40575 40578 
40581 40584 40587 40590 40593 40596 40599 40602 40605 
40608 40611 40614 40617 40620 40623 40626 40629 40632 
40635 40638 40641 40644 40647 40650 40653 40656 40659 
40662 40665 40668 40671 40674 40677 40680 40683 40686 
40689 40692 40695 40698 40701 40704 40707 40710 40713 
40716 40719 40722 40725 40728 40731 40734 40737 40740 
40743 40746 40749 40752 40755 40758 40761 40764 40767 
40770 40773 40776 40779 40782 40785 40788 40791 40794 
40797 40800 40803 40806 40809 40812 40815 40818 40821 
40824 40827 40830 40833 40836 40839 40842 40845 40848 
40851 40854 40857 40860 40863 40866 40869 40872 40875 
40878 40881 40884 40887 40890 40893 40896 40899 40902 
40905 40908 40911 40914 40917 40920 40923 40926 40929 
40932 40935 40938 40941 40944 40947 40950 40953 40956 
40959 40962 40965 40968 40971 40974 40977 40980 40983 
40986 40989 40992 40995 40998 41001 41004 41007 41010 
41013 41016 41019 41022 41025 41028 41031 41034 41037 
41040 41043 41046 41049 41052 41055 41058 41061 41064 
41067 41070 41073 41076 41079 41082 41085 41088 41091 
41094 41097 41100 41103 41106 41109 41112 41115 41118 
41121 41124 41127 41130 41133 41136 41139 41142 41145 
41148 41151 41154 41157 41160 41163 41166 41169 41172 
41175 41178 41181 41184 41187 41190 41193 41196 41199 
41202 41205 41208 41211 41214 41217 41220 41223 41226 
41229 41232 41235 41238 41241 41244 41247 41250 41253 
41256 41259 41262 41265 41268 41271 41274 41277 41280 
41283 41286 41289 41292 41295 41298 41301 41304 41307 
41310 41313 41316 41319 41322 41325 41328 41331 41334 
41337 41340 41343 41346 41349 41352 41355 41358 41361 
41364 41367 41370 41373 41376 41379 41382 41385 41388 
41391 41394 41397 41400 41403 41406 41409 41412 41415 
41418 41421 41424 41427 41430 41433 41436 41439 41442 
41445 41448 41451 41454 41457 41460 41463 41466 41469 
41472 41475 41478 41481 41484 41487 41490 41493 41496 
41499 41502 41505 41508 41511 41514 41517 41520 41523 
41526 41529 41532 41535 41538 41541 41544 41547 41550 
41553 41556 41559 41562 41565 41568 41571 41574 41577 
41580 41583 41586 41589 41592 41595 41598 41601 41604 
41607 41610 41613 41616 41619 41622 41625 41628 41631 
41634 41637 41640 41643 41646 41649 41652 41655 41658 
41661 41664 41667 41670 41673 41676 41679 41682 41685 
41688 41691 41694 41697 41700 41703 41706 41709 41712 
41715 41718 41721 41724 41727 41730 41733 41736 41739 
41742 41745 41748 41751 41754 41757 41760 41763 41766 
41769 41772 41775 41778 41781 41784 41787 41790 41793 
41796 41799 41802 41805 41808 41811 41814 41817 41820 
41823 41826 41829 41832 41835 41838 41841 41844 41847 
41850 41853 41856 41859 41862 41865 41868 41871 41874 
41877 41880 41883 41886 41889 41892 41895 41898 41901 
41904 41907 41910 41913 41916 41919 41922 41925 41928 
41931 41934 41937 41940 41943 41946 41949 41952 41955 
41958 41961 41964 41967 41970 41973 41976 41979 41982 
41985 41988 41991 41994 41997 42000 42003 42006 42009 
42012 42015 42018 42021 42024 42027 42030 42033 42036 
42039 42042 42045 42048 42051 42054 42057 42060 42063 
42066 42069 42072 42075 42078 42081 42084 42087 42090 
42093 42096 42099 42102 42105 42108 42111 42114 42117 
42120 42123 42126 42129 42132 42135 42138 42141 42144 
42147 42150 42153 42156 42159 42162 42165 42168 42171 
42174 42177 42180 42183 42186 42189 42192 42195 42198 
42201 42204 42207 42210 42213 42216 42219 42222 42225 
42228 42231 42234 42237 42240 42243 42246 42249 42252 
42255 42258 42261 42264 42267 42270 42273 42276 42279 
42282 42285 42288 42291 42294 42297 42300 42303 42306 
42309 42312 42315 42318 42321 42324 42327 42330 42333 
42336 42339 42342 42345 42348 42351 42354 42357 42360 
42363 42366 42369 42372 42375 42378 42381 42384 42387 
42390 42393 42396 42399 42402 42405 42408 42411 42414 
42417 42420 42423 42426 42429 42432 42435 42438 42441 
42444 42447 42450 42453 42456 42459 42462 42465 42468 
42471 42474 42477 42480 42483 42486 42489 42492 42495 
42498 42501 42504 42507 42510 42513 42516 42519 42522 
42525 42528 42531 42534 42537 42540 42543 42546 42549 
42552 42555 42558 42561 42564 42567 42570 42573 42576 
42579 42582 42585 42588 42591 42594 42597 42600 42603 
42606 42609 42612 42615 42618 42621 42624 42627 42630 
42633 42636 42639 42642 42645 42648 42651 42654 42657 
42660 42663 42666 42669 42672 42675 42678 42681 42684 
42687 42690 42693 42696 42699 42702 42705 42708 42711 
42714 42717 42720 42723 42726 42729 42732 42735 42738 
42741 42744 42747 42750 42753 42756 42759 42762 42765 
42768 42771 42774 42777 42780 42783 42786 42789 42792 
42795 42798 42801 42804 42807 42810 42813 42816 42819 
42822 42825 42828 42831 42834 42837 42840 42843 42846 
42849 42852 42855 42858 42861 42864 42867 42870 42873 
42876 42879 42882 42885 42888 42891 42894 42897 42900 
42903 42906 42909 42912 42915 42918 42921 42924 42927 
42930 42933 42936 42939 42942 42945 42948 42951 42954 
42957 42960 42963 42966 42969 42972 42975 42978 42981 
42984 42987 42990 42993 42996 42999 43002 43005 43008 
43011 43014 43017 43020 43023 43026 43029 43032 43035 
43038 43041 43044 43047 43050 43053 43056 43059 43062 
43065 43068 43071 43074 43077 43080 43083 43086 43089 
43092 43095 43098 43101 43104 43107 43110 43113 43116 
43119 43122 43125 43128 43131 43134 43137 43140 43143 
43146 43149 43152 43155 43158 43161 43164 43167 43170 
43173 43176 43179 43182 43185 43188 43191 43194 43197 
43200 43203 43206 43209 43212 43215 43218 43221 43224 
43227 43230 43233 43236 43239 43242 43245 43248 43251 
43254 43257 43260 43263 43266 43269 43272 43275 43278 
43281 43284 43287 43290 43293 43296 43299 43302 43305 
43308 43311 43314 43317 43320 43323 43326 43329 43332 
43335 43338 43341 43344 43347 43350 43353 43356 43359 
43362 43365 43368 43371 43374 43377 43380 43383 43386 
43389 43392 43395 43398 43401 43404 43407 43410 43413 
43416 43419 43422 43425 43428 43431 43434 43437 43440 
43443 43446 43449 43452 43455 43458 43461 43464 43467 
43470 43473 43476 43479 43482 43485 43488 43491 43494 
43497 43500 43503 43506 43509 43512 43515 43518 43521 
43524 43527 43530 43533 43536 43539 43542 43545 43548 
43551 43554 43557 43560 43563 43566 43569 43572 43575 
43578 43581 43584 43587 43590 43593 43596 43599 43602 
43605 43608 43611 43614 43617 43620 43623 43626 43629 
43632 43635 43638 43641 43644 43647 43650 43653 43656 
43659 43662 43665 43668 43671 43674 43677 43680 43683 
43686 43689 43692 43695 43698 43701 43704 43707 43710 
43713 43716 43719 43722 43725 43728 43731 43734 43737 
43740 43743 43746 43749 43752 43755 43758 43761 43764 
43767 43770 43773 43776 43779 43782 43785 43788 43791 
43794 43797 43800 43803 43806 43809 43812 43815 43818 
43821 43824 43827 43830 43833 43836 43839 43842 43845 
43848 43851 43854 43857 43860 43863 43866 43869 43872 
43875 43878 43881 43884 43887 43890 43893 43896 
CONNECTIVITY vtktypeint64
0 1 301 300 0 301 1 2 302 
301 1 302 2 3 303 302 2 303 
3 4 304 303 3 304 4 5 305 
304 4 305 5 6 306 305 5 306 
6 7 307 306 6 307 7 8 308 
307 7 308 8 9 309 308 8 309 
9 10 310 309 9 310 10 11 311 
310 10 311 11 12 312 311 11 312 
12 13 313 312 12 313 13 14 314 
313 13 314 14 15 315 314 14 315 
15 16 316 315 15 316 16 17 317 
316 16 317 17 18 318 317 17 318 
18 19 319 318 18 319 19 20 320 
319 19 320 20 21 321 320 20 321 
21 22 322 321 21 322 22 23 323 
322 22 323 23 24 324 323 23 324 
24 25 325 324 24 325 25 26 326 
325 25 326 26 27 327 326 26 327 
27 28 328 327 27 328 28 29 329 
328 28 329 29 30 330 329 29 330 
30 31 331 330 30 331 31 32 332 
331 31 332 32 33 333 332 32 333 
33 34 334 333 33 334 34 35 335 
334 34 335 35 36 336 335 35 336 
36 37 337 336 36 337 37 38 338 
337 37 338 38 39 339 338 38 339 
39 40 340 339 39 340 40 41 341 
340 40 341 41 42 342 341 41 342 
42 43 343 342 42 343 43 44 344 
343 43 344 44 45 345 344 44 345 
45 46 346 345 45 346 46 47 347 
346 46 347 47 48 348 347 47 348 
48 49 349 348 48 349 49 50 350 
349 49 350 50 51 351 350 50 351 
51 52 352 351 51 352 52 53 353 
352 52 353 53 54 354 353 53 354 
54 55 355 354 54 355 55 56 356 
355 55 356 56 57 357 356 56 357 
57 58 358 357 57 358 58 59 359 
358 58 359 1 0 420 421 1 420 
2 1 421 422 2 421 3 2 422 
423 3 422 4 3 423 424 4 423 
5 4 424 425 5 424 6 5 425 
426 6 425 7 6 426 427 7 426 
8 7 427 428 8 427 9 8 428 
429 9 428 10 9 429 430 10 429 
11 10 430 431 11 430 12 11 431 
432 12 431 13 12 432 433 13 432 
14 13 433 434 14 433 15 14 434 
435 15 434 16 15 435 436 16 435 
17 16 436 437 17 436 18 17 437 
438 18 437 19 18 438 439 19 438 
20 19 439 440 20 439 21 20 440 
441 21 440 22 21 441 442 22 441 
23 22 442 443 23 442 24 23 443 
444 24 443 25 24 444 445 25 444 
26 25 445 446 26 445 27 26 446 
447 27 446 28 27 447 448 28 447 
29 28 448 449 29 448 30 29 449 
450 30 449 31 30 450 451 31 450 
32 31 451 452 32 451 33 32 452 
453 33 452 34 33 453 454 34 453 
35 34 454 455 35 454 36 35 455 
456 36 455 37 36 456 457 37 456 
38 37 457 458 38 457 39 38 458 
459 39 458 40 39 459 460 40 459 
41 40 460 461 41 460 42 41 461 
462 42 461 43 42 462 463 43 462 
44 43 463 464 44 463 45 44 464 
465 45 464 46 45 465 466 46 465 
47 46 466 467 47 466 48 47 467 
468 48 467 49 48 468 469 49 468 
50 49 469 470 50 469 51 50 470 
471 51 470 52 51 471 472 52 471 
53 52 472 473 53 472 54 53 473 
474 54 473 55 54 474 475 55 474 
56 55 475 476 56 475 57 56 476 
477 57 476 58 57 477 478 58 477 
59 58 478 479 59 478 60 61 841 
840 60 841 61 62 842 841 61 842 
62 63 843 842 62 843 63 64 844 
843 63 844 64 65 845 844 64 845 
65 66 846 845 65 846 66 67 847 
846 66 847 67 68 848 847 67 848 
68 69 849 848 68 849 69 70 850 
849 69 850 70 71 851 850 70 851 
71 72 852 851 71 852 72 73 853 
852 72 853 73 74 854 853 73 854 
74 75 855 854 74 855 75 76 856 
855 75 856 76 77 857 856 76 857 
77 78 858 857 77 858 78 79 859 
858 78 859 79 80 860 859 79 860 
80 81 861 860 80 861 81 82 862 
861 81 862 82 83 863 862 82 863 
83 84 864 863 83 864 84 85 865 
864 84 865 85 86 866 865 85 866 
86 87 867 866 86 867 87 88 868 
867 87 868 88 89 869 868 88 869 
89 90 870 869 89 870 90 91 871 
870 90 871 91 92 872 871 91 872 
92 93 873 872 92 873 93 94 874 
873 93 874 94 95 875 874 94 875 
95 96 876 875 95 876 96 97 877 
876 96 877 97 98 878 877 97 878 
98 99 879 878 98 879 99 100 880 
879 99 880 100 101 881 880 100 881 
101 102 882 881 101 882 102 103 883 
882 102 883 103 104 884 883 103 884 
104 105 885 884 104 885 105 106 886 
885 105 886 106 107 887 886 106 887 
107 108 888 887 107 888 108 109 889 
888 108 889 109 110 890 889 109 890 
110 111 891 890 110 891 111 112 892 
891 111 892 112 113 893 892 112 893 
113 114 894 893 113 894 114 115 895 
894 114 895 115 116 896 895 115 896 
116 117 897 896 116 897 117 118 898 
897 117 898 118 119 899 898 118 899 
61 60 121 121 60 120 62 61 122 
122 61 121 63 62 123 123 62 122 
64 63 124 124 63 123 65 64 125 
125 64 124 66 65 126 126 65 125 
67 66 127 127 66 126 68 67 128 
128 67 127 69 68 129 129 68 128 
70 69 130 130 69 129 71 70 131 
131 70 130 72 71 132 132 71 131 
73 72 133 133 72 132 74 73 134 
134 73 133 75 74 135 135 74 134 
76 75 136 136 75 135 77 76 137 
137 76 136 78 77 138 138 77 137 
79 78 139 139 78 138 80 79 140 
140 79 139 81 80 141 141 80 140 
82 81 142 142 81 141 83 82 143 
143 82 142 84 83 144 144 83 143 
85 84 145 145 84 144 86 85 146 
146 85 145 87 86 147 147 86 146 
88 87 148 148 87 147 89 88 149 
149 88 148 90 89 150 150 89 149 
91 90 151 151 90 150 92 91 152 
152 91 151 93 92 153 153 92 152 
94 93 154 154 93 153 95 94 155 
155 94 154 96 95 156 156 95 155 
97 96 157 157 96 156 98 97 158 
158 97 157 99 98 159 159 98 158 
100 99 160 160 99 159 101 100 161 
161 100 160 102 101 162 162 101 161 
103 102 163 163 102 162 104 103 164 
164 103 163 105 104 165 165 104 164 
106 105 166 166 105 165 107 106 167 
167 106 166 108 107 168 168 107 167 
109 108 169 169 108 168 110 109 170 
170 109 169 111 110 171 171 110 170 
112 111 172 172 111 171 113 112 173 
173 112 172 114 113 174 174 113 173 
115 114 175 175 114 174 116 115 176 
176 115 175 117 116 177 177 116 176 
118 117 178 178 117 177 119 118 179 
179 118 178 121 120 181 181 120 180 
122 121 182 182 121 181 123 122 183 
183 122 182 124 123 184 184 123 183 
125 124 185 185 124 184 126 125 186 
186 125 185 127 126 187 187 126 186 
128 127 188 188 127 187 129 128 189 
189 128 188 130 129 190 190 129 189 
131 130 191 191 130 190 132 131 192 
192 131 191 133 132 193 193 132 192 
134 133 194 194 133 193 135 134 195 
195 134 194 136 135 196 196 135 195 
137 136 197 197 136 196 138 137 198 
198 137 197 139 138 199 199 138 198 
140 139 200 200 139 199 141 140 201 
201 140 200 142 141 202 202 141 201 
143 142 203 203 142 202 144 143 204 
204 143 203 145 144 205 205 144 204 
146 145 206 206 145 205 147 146 207 
207 146 206 148 147 208 208 147 207 
149 148 209 209 148 208 150 149 210 
210 149 209 151 150 211 211 150 210 
152 151 212 212 151 211 153 152 213 
213 152 212 154 153 214 214 153 213 
155 154 215 215 154 214 156 155 216 
216 155 215 157 156 217 217 156 216 
158 157 218 218 157 217 159 158 219 
219 158 218 160 159 220 220 159 219 
161 160 221 221 160 220 162 161 222 
222 161 221 163 162 223 223 162 222 
164 163 224 224 163 223 165 164 225 
225 164 224 166 165 226 226 165 225 
167 166 227 227 166 226 168 167 228 
228 167 227 169 168 229 229 168 228 
170 169 230 230 169 229 171 170 231 
231 170 230 172 171 232 232 171 231 
173 172 233 233 172 232 174 173 234 
234 173 233 175 174 235 235 174 234 
176 175 236 236 175 235 177 176 237 
237 176 236 178 177 238 238 177 237 
179 178 239 239 178 238 181 180 241 
241 180 240 182 181 242 242 181 241 
183 182 243 243 182 242 184 183 244 
244 183 243 185 184 245 245 184 244 
186 185 246 246 185 245 187 186 247 
247 186 246 188 187 248 248 187 247 
189 188 249 249 188 248 190 189 250 
250 189 249 191 190 251 251 190 250 
192 191 252 252 191 251 193 192 253 
253 192 252 194 193 254 254 193 253 
195 194 255 255 194 254 196 195 256 
256 195 255 197 196 257 257 196 256 
198 197 258 258 197 257 199 198 259 
259 198 258 200 199 260 260 199 259 
201 200 261 261 200 260 202 201 262 
262 201 261 203 202 263 263 202 262 
204 203 264 264 203 263 205 204 265 
265 204 264 206 205 266 266 205 265 
207 206 267 267 206 266 208 207 268 
268 207 267 209 208 269 269 208 268 
210 209 270 270 209 269 211 210 271 
271 210 270 212 211 272 272 211 271 
213 212 273 273 212 272 214 213 274 
274 213 273 215 214 275 275 214 274 
216 215 276 276 215 275 217 216 277 
277 216 276 218 217 278 278 217 277 
219 218 279 279 218 278 220 219 280 
280 219 279 221 220 281 281 220 280 
222 221 282 282 221 281 223 222 283 
283 222 282 224 223 284 284 223 283 
225 224 285 285 224 284 226 225 286 
286 225 285 227 226 287 287 226 286 
228 227 288 288 227 287 229 228 289 
289 228 288 230 229 290 290 229 289 
231 230 291 291 230 290 232 231 292 
292 231 291 233 232 293 293 232 292 
234 233 294 294 233 293 235 234 295 
295 234 294 236 235 296 296 235 295 
237 236 297 297 236 296 238 237 298 
298 237 297 239 238 299 299 238 298 
241 240 361 361 240 360 242 241 362 
362 241 361 243 242 363 363 242 362 
244 243 364 364 243 363 245 244 365 
365 244 364 246 245 366 366 245 365 
247 246 367 367 246 366 248 247 368 
368 247 367 249 248 369 369 248 368 
250 249 370 370 249 369 251 250 371 
371 250 370 252 251 372 372 251 371 
253 252 373 373 252 372 254 253 374 
374 253 373 255 254 375 375 254 374 
256 255 376 376 255 375 257 256 377 
377 256 376 258 257 378 378 257 377 
259 258 379 379 258 378 260 259 380 
380 259 379 261 260 381 381 260 380 
262 261 382 382 261 381 263 262 383 
383 262 382 264 263 384 384 263 383 
265 264 385 385 264 384 266 265 386 
386 265 385 267 266 387 387 266 386 
268 267 388 388 267 387 269 268 389 
389 268 388 270 269 390 390 269 389 
271 270 391 391 270 390 272 271 392 
392 271 391 273 272 393 393 272 392 
274 273 394 394 273 393 275 274 395 
395 274 394 276 275 396 396 275 395 
277 276 397 397 276 396 278 277 398 
398 277 397 279 278 399 399 278 398 
280 279 400 400 279 399 281 280 401 
401 280 400 282 281 402 402 281 401 
283 282 403 403 282 402 284 283 404 
404 283 403 285 284 405 405 284 404 
286 285 406 406 285 405 287 286 407 
407 286 406 288 287 408 408 287 407 
289 288 409 409 288 408 290 289 410 
410 289 409 291 290 411 411 290 410 
292 291 412 412 291 411 293 292 413 
413 292 412 294 293 414 414 293 413 
295 294 415 415 294 414 296 295 416 
416 295 415 297 296 417 417 296 416 
298 297 418 418 297 417 299 298 419 
419 298 418 301 360 300 361 360 301 
302 361 301 362 361 302 303 362 302 
363 362 303 304 363 303 364 363 304 
305 364 304 365 364 305 306 365 305 
366 365 306 307 366 306 367 366 307 
308 367 307 368 367 308 309 368 308 
369 368 309 310 369 309 370 369 310 
311 370 310 371 370 311 312 371 311 
372 371 312 313 372 312 373 372 313 
314 373 313 374 373 314 315 374 314 
375 374 315 316 375 315 376 375 316 
317 376 316 377 376 317 318 377 317 
378 377 318 319 378 318 379 378 319 
320 379 319 380 379 320 321 380 320 
381 380 321 322 381 321 382 381 322 
323 382 322 383 382 323 324 383 323 
384 383 324 325 384 324 385 384 325 
326 385 325 386 385 326 327 386 326 
387 386 327 328 387 327 388 387 328 
329 388 328 389 388 329 330 389 329 
390 389 330 331 390 330 391 390 331 
332 391 331 392 391 332 333 392 332 
393 392 333 334 393 333 394 393 334 
335 394 334 395 394 335 336 395 335 
396 395 336 337 396 336 397 396 337 
338 397 337 398 397 338 339 398 338 
399 398 339 340 399 339 400 399 340 
341 400 340 401 400 341 342 401 341 
402 401 342 343 402 342 403 402 343 
344 403 343 404 403 344 345 404 344 
405 404 345 346 405 345 406 405 346 
347 406 346 407 406 347 348 407 347 
408 407 348 349 408 348 409 408 349 
350 409 349 410 409 350 351 410 350 
411 410 351 352 411 351 412 411 352 
353 412 352 413 412 353 354 413 353 
414 413 354 355 414 354 415 414 355 
356 415 355 416 415 356 357 416 356 
417 416 357 358 417 357 418 417 358 
359 418 358 419 418 359 420 481 421 
480 481 420 421 482 422 481 482 421 
422 483 423 482 483 422 423 484 424 
483 484 423 424 485 425 484 485 424 
425 486 426 485 486 425 426 487 427 
486 487 426 427 488 428 487 488 427 
428 489 429 488 489 428 429 490 430 
489 490 429 430 491 431 490 491 430 
431 492 432 491 492 431 432 493 433 
492 493 432 433 494 434 493 494 433 
434 495 435 494 495 434 435 496 436 
495 496 435 436 497 437 496 497 436 
437 498 438 497 498 437 438 499 439 
498 499 438 439 500 440 499 500 439 
440 501 441 500 501 440 441 502 442 
501 502 441 442 503 443 502 503 442 
443 504 444 503 504 443 444 505 445 
504 505 444 445 506 446 505 506 445 
446 507 447 506 507 446 447 508 448 
507 508 447 448 509 449 508 509 448 
449 510 450 509 510 449 450 511 451 
510 511 450 451 512 452 511 512 451 
452 513 453 512 513 452 453 514 454 
513 514 453 454 515 455 514 515 454 
455 516 456 515 516 455 456 517 457 
516 517 456 457 518 458 517 518 457 
458 519 459 518 519 458 459 520 460 
519 520 459 460 521 461 520 521 460 
461 522 462 521 522 461 462 523 463 
522 523 462 463 524 464 523 524 463 
464 525 465 524 525 464 465 526 466 
525 526 465 466 527 467 526 527 466 
467 528 468 527 528 467 468 529 469 
528 529 468 469 530 470 529 530 469 
470 531 471 530 531 470 471 532 472 
531 532 471 472 533 473 532 533 472 
473 534 474 533 534 473 474 535 475 
534 535 474 475 536 476 535 536 475 
476 537 477 536 537 476 477 538 478 
537 538 477 478 539 479 538 539 478 
481 480 541 541 480 540 482 481 542 
542 481 541 483 482 543 543 482 542 
484 483 544 544 483 543 485 484 545 
545 484 544 486 485 546 546 485 545 
487 486 547 547 486 546 488 487 548 
548 487 547 489 488 549 549 488 548 
490 489 550 550 489 549 491 490 551 
551 490 550 492 491 552 552 491 551 
493 492 553 553 492 552 494 493 554 
554 493 553 495 494 555 555 494 554 
496 495 556 556 495 555 497 496 557 
557 496 556 498 497 558 558 497 557 
499 498 559 559 498 558 500 499 560 
560 499 559 501 500 561 561 500 560 
502 501 562 562 501 561 503 502 563 
563 502 562 504 503 564 564 503 563 
505 504 565 565 504 564 506 505 566 
566 505 565 507 506 567 567 506 566 
508 507 568 568 507 567 509 508 569 
569 508 568 510 509 570 570 509 569 
511 510 571 571 510 570 512 511 572 
572 511 571 513 512 573 573 512 572 
514 513 574 574 513 573 515 514 575 
575 514 574 516 515 576 576 515 575 
517 516 577 577 516 576 518 517 578 
578 517 577 519 518 579 579 518 578 
520 519 580 580 519 579 521 520 581 
581 520 580 522 521 582 582 521 581 
523 522 583 583 522 582 524 523 584 
584 523 583 525 524 585 585 524 584 
526 525 586 586 525 585 527 526 587 
587 526 586 528 527 588 588 527 587 
529 528 589 589 528 588 530 529 590 
590 529 589 531 530 591 591 530 590 
532 531 592 592 531 591 533 532 593 
593 532 592 534 533 594 594 533 593 
535 534 595 595 534 594 536 535 596 
596 535 595 537 536 597 597 536 596 
538 537 598 598 537 597 539 538 599 
599 538 598 541 540 601 601 540 600 
542 541 602 602 541 601 543 542 603 
603 542 602 544 543 604 604 543 603 
545 544 605 605 544 604 546 545 606 
606 545 605 547 546 607 607 546 606 
548 547 608 608 547 607 549 548 609 
609 548 608 550 549 610 610 549 609 
551 550 611 611 550 610 552 551 612 
612 551 611 553 552 613 613 552 612 
554 553 614 614 553 613 555 554 615 
615 554 614 556 555 616 616 555 615 
557 556 617 617 556 616 558 557 618 
618 557 617 559 558 619 619 558 618 
560 559 620 620 559 619 561 560 621 
621 560 620 562 561 622 622 561 621 
563 562 623 623 562 622 564 563 624 
624 563 623 565 564 625 625 564 624 
566 565 626 626 565 625 567 566 627 
627 566 626 568 567 628 628 567 627 
569 568 629 629 568 628 570 569 630 
630 569 629 571 570 631 631 570 630 
572 571 632 632 571 631 573 572 633 
633 572 632 574 573 634 634 573 633 
575 574 635 635 574 634 576 575 636 
636 575 635 577 576 637 637 576 636 
578 577 638 638 577 637 579 578 639 
639 578 638 580 579 640 640 579 639 
581 580 641 641 580 640 582 581 642 
642 581 641 583 582 643 643 582 642 
584 583 644 644 583 643 585 584 645 
645 584 644 586 585 646 646 585 645 
587 586 647 647 586 646 588 587 648 
648 587 647 589 588 649 649 588 648 
590 589 650 650 589 649 591 590 651 
651 590 650 592 591 652 652 591 651 
593 592 653 653 592 652 594 593 654 
654 593 653 595 594 655 655 594 654 
596 595 656 656 595 655 597 596 657 
657 596 656 598 597 658 658 597 657 
599 598 659 659 598 658 601 600 661 
661 600 660 602 601 662 662 601 661 
603 602 663 663 602 662 604 603 664 
664 603 663 605 604 665 665 604 664 
606 605 666 666 605 665 607 606 667 
667 606 666 608 607 668 668 607 667 
609 608 669 669 608 668 610 609 670 
670 609 669 611 610 671 671 610 670 
612 611 672 672 611 671 613 612 673 
673 612 672 614 613 674 674 613 673 
615 614 675 675 614 674 616 615 676 
676 615 675 617 616 677 677 616 676 
618 617 678 678 617 677 619 618 679 
679 618 678 620 619 680 680 619 679 
621 620 681 681 620 680 622 621 682 
682 621 681 623 622 683 683 622 682 
624 623 684 684 623 683 625 624 685 
685 624 684 626 625 686 686 625 685 
627 626 687 687 626 686 628 627 688 
688 627 687 629 628 689 689 628 688 
630 629 690 690 629 689 631 630 691 
691 630 690 632 631 692 692 631 691 
633 632 693 693 632 692 634 633 694 
694 633 693 635 634 695 695 634 694 
636 635 696 696 635 695 637 636 697 
697 636 696 638 637 698 698 637 697 
639 638 699 699 638 698 640 639 700 
700 639 699 641 640 701 701 640 700 
642 641 702 702 641 701 643 642 703 
703 642 702 644 643 704 704 643 703 
645 644 705 705 644 704 646 645 706 
706 645 705 647 646 707 707 646 706 
648 647 708 708 647 707 649 648 709 
709 648 708 650 649 710 710 649 709 
651 650 711 711 650 710 652 651 712 
712 651 711 653 652 713 713 652 712 
654 653 714 714 653 713 655 654 715 
715 654 714 656 655 716 716 655 715 
657 656 717 717 656 716 658 657 718 
718 657 717 659 658 719 719 658 718 
661 660 721 721 660 720 662 661 722 
722 661 721 663 662 723 723 662 722 
664 663 724 724 663 723 665 664 725 
725 664 724 666 665 726 726 665 725 
667 666 727 727 666 726 668 667 728 
728 667 727 669 668 729 729 668 728 
670 669 730 730 669 729 671 670 731 
731 670 730 672 671 732 732 671 731 
673 672 733 733 672 732 674 673 734 
734 673 733 675 674 735 735 674 734 
676 675 736 736 675 735 677 676 737 
737 676 736 678 677 738 738 677 737 
679 678 739 739 678 738 680 679 740 
740 679 739 681 680 741 741 680 740 
682 681 742 742 681 741 683 682 743 
743 682 742 684 683 744 744 683 743 
685 684 745 745 684 744 686 685 746 
746 685 745 687 686 747 747 686 746 
688 687 748 748 687 747 689 688 749 
749 688 748 690 689 750 750 689 749 
691 690 751 751 690 750 692 691 752 
752 691 751 693 692 753 753 692 752 
694 693 754 754 693 753 695 694 755 
755 694 754 696 695 756 756 695 755 
697 696 757 757 696 756 698 697 758 
758 697 757 699 698 759 759 698 758 
700 699 760 760 699 759 701 700 761 
761 700 760 702 701 762 762 701 761 
703 702 763 763 702 762 704 703 764 
764 703 763 705 704 765 765 704 764 
706 705 766 766 705 765 707 706 767 
767 706 766 708 707 768 768 707 767 
709 708 769 769 708 768 710 709 770 
770 709 769 711 710 771 771 710 770 
712 711 772 772 711 771 713 712 773 
773 712 772 714 713 774 774 713 773 
715 714 775 775 714 774 716 715 776 
776 715 775 717 716 777 777 716 776 
718 717 778 778 717 777 719 718 779 
779 718 778 721 720 960 961 721 960 
722 721 961 962 722 961 723 722 962 
963 723 962 724 723 963 964 724 963 
725 724 964 965 725 964 726 725 965 
966 726 965 727 726 966 967 727 966 
728 727 967 968 728 967 729 728 968 
969 729 968 730 729 969 970 730 969 
731 730 970 971 731 970 732 731 971 
972 732 971 733 732 972 973 733 972 
734 733 973 974 734 973 735 734 974 
975 735 974 736 735 975 976 736 975 
737 736 976 977 737 976 738 737 977 
978 738 977 739 738 978 979 739 978 
740 739 979 980 740 979 741 740 980 
981 741 980 742 741 981 982 742 981 
743 742 982 983 743 982 744 743 983 
984 744 983 745 744 984 985 745 984 
746 745 985 986 746 985 747 746 986 
987 747 986 748 747 987 988 748 987 
749 748 988 989 749 988 750 749 989 
990 750 989 751 750 990 991 751 990 
752 751 991 992 752 991 753 752 992 
993 753 992 754 753 993 994 754 993 
755 754 994 995 755 994 756 755 995 
996 756 995 757 756 996 997 757 996 
758 757 997 998 758 997 759 758 998 
999 759 998 760 759 999 1000 760 999 
761 760 1000 1001 761 1000 762 761 1001 
1002 762 1001 763 762 1002 1003 763 1002 
764 763 1003 1004 764 1003 765 764 1004 
1005 765 1004 766 765 1005 1006 766 1005 
767 766 1006 1007 767 1006 768 767 1007 
1008 768 1007 769 768 1008 1009 769 1008 
770 769 1009 1010 770 1009 771 770 1010 
1011 771 1010 772 771 1011 1012 772 1011 
773 772 1012 1013 773 1012 774 773 1013 
1014 774 1013 775 774 1014 1015 775 1014 
776 775 1015 1016 776 1015 777 776 1016 
1017 777 1016 778 777 1017 1018 778 1017 
779 778 1018 1019 779 1018 780 781 1201 
1200 780 1201 781 782 1202 1201 781 1202 
782 783 1203 1202 782 1203 783 784 1204 
1203 783 1204 784 785 1205 1204 784 1205 
785 786 1206 1205 785 1206 786 787 1207 
1206 786 1207 787 788 1208 1207 787 1208 
788 789 1209 1208 788 1209 789 790 1210 
1209 789 1210 790 791 1211 1210 790 1211 
791 792 1212 1211 791 1212 792 793 1213 
1212 792 1213 793 794 1214 1213 793 1214 
794 795 1215 1214 794 1215 795 796 1216 
1215 795 1216 796 797 1217 1216 796 1217 
797 798 1218 1217 797 1218 798 799 1219 
1218 798 1219 799 800 1220 1219 799 1220 
800 801 1221 1220 800 1221 801 802 1222 
1221 801 1222 802 803 1223 1222 802 1223 
803 804 1224 1223 803 1224 804 805 1225 
1224 804 1225 805 806 1226 1225 805 1226 
806 807 1227 1226 806 1227 807 808 1228 
1227 807 1228 808 809 1229 1228 808 1229 
809 810 1230 1229 809 1230 810 811 1231 
1230 810 1231 811 812 1232 1231 811 1232 
812 813 1233 1232 812 1233 813 814 1234 
1233 813 1234 814 815 1235 1234 814 1235 
815 816 1236 1235 815 1236 816 817 1237 
1236 816 1237 817 818 1238 1237 817 1238 
818 819 1239 1238 818 1239 819 820 1240 
1239 819 1240 820 821 1241 1240 820 1241 
821 822 1242 1241 821 1242 822 823 1243 
1242 822 1243 823 824 1244 1243 823 1244 
824 825 1245 1244 824 1245 825 826 1246 
1245 825 1246 826 827 1247 1246 826 1247 
827 828 1248 1247 827 1248 828 829 1249 
1248 828 1249 829 830 1250 1249 829 1250 
830 831 1251 1250 830 1251 831 832 1252 
1251 831 1252 832 833 1253 1252 832 1253 
833 834 1254 1253 833 1254 834 835 1255 
1254 834 1255 835 836 1256 1255 835 1256 
836 837 1257 1256 836 1257 837 838 1258 
1257 837 1258 838 839 1259 1258 838 1259 
781 780 901 901 780 900 782 781 902 
902 781 901 783 782 903 903 782 902 
784 783 904 904 783 903 785 784 905 
905 784 904 786 785 906 906 785 905 
787 786 907 907 786 906 788 787 908 
908 787 907 789 788 909 909 788 908 
790 789 910 910 789 909 791 790 911 
911 790 910 792 791 912 912 791 911 
793 792 913 913 792 912 794 793 914 
914 793 913 795 794 915 915 794 914 
796 795 916 916 795 915 797 796 917 
917 796 916 798 797 918 918 797 917 
799 798 919 919 798 918 800 799 920 
920 799 919 801 800 921 921 800 920 
802 801 922 922 801 921 803 802 923 
923 802 922 804 803 924 924 803 923 
805 804 925 925 804 924 806 805 926 
926 805 925 807 806 927 927 806 926 
808 807 928 928 807 927 809 808 929 
929 808 928 810 809 930 930 809 929 
811 810 931 931 810 930 812 811 932 
932 811 931 813 812 933 933 812 932 
814 813 934 934 813 933 815 814 935 
935 814 934 816 815 936 936 815 935 
817 816 937 937 816 936 818 817 938 
938 817 937 819 818 939 939 818 938 
820 819 940 940 819 939 821 820 941 
941 820 940 822 821 942 942 821 941 
823 822 943 943 822 942 824 823 944 
944 823 943 825 824 945 945 824 944 
826 825 946 946 825 945 827 826 947 
947 826 946 828 827 948 948 827 947 
829 828 949 949 828 948 830 829 950 
950 829 949 831 830 951 951 830 950 
832 831 952 952 831 951 833 832 953 
953 832 952 834 833 954 954 833 953 
835 834 955 955 834 954 836 835 956 
956 835 955 837 836 957 957 836 956 
838 837 958 958 837 957 839 838 959 
959 838 958 841 900 840 901 900 841 
842 901 841 902 901 842 843 902 842 
903 902 843 844 903 843 904 903 844 
845 904 844 905 904 845 846 905 845 
906 905 846 847 906 846 907 906 847 
848 907 847 908 907 848 849 908 848 
909 908 849 850 909 849 910 909 850 
851 910 850 911 910 851 852 911 851 
912 911 852 853 912 852 913 912 853 
854 913 853 914 913 854 855 914 854 
915 914 855 856 915 855 916 915 856 
857 916 856 917 916 857 858 917 857 
918 917 858 859 918 858 919 918 859 
860 919 859 920 919 860 861 920 860 
921 920 861 862 921 861 922 921 862 
863 922 862 923 922 863 864 923 863 
924 923 864 865 924 864 925 924 865 
866 925 865 926 925 866 867 926 866 
927 926 867 868 927 867 928 927 868 
869 928 868 929 928 869 870 929 869 
930 929 870 871 930 870 931 930 871 
872 931 871 932 931 872 873 932 872 
933 932 873 874 933 873 934 933 874 
875 934 874 935 934 875 876 935 875 
936 935 876 877 936 876 937 936 877 
878 937 877 938 937 878 879 938 878 
939 938 879 880 939 879 940 939 880 
881 940 880 941 940 881 882 941 881 
942 941 882 883 942 882 943 942 883 
884 943 883 944 943 884 885 944 884 
945 944 885 886 945 885 946 945 886 
887 946 886 947 946 887 888 947 887 
948 947 888 889 948 888 949 948 889 
890 949 889 950 949 890 891 950 890 
951 950 891 892 951 891 952 951 892 
893 952 892 953 952 893 894 953 893 
954 953 894 895 954 894 955 954 895 
896 955 895 956 955 896 897 956 896 
957 956 897 898 957 897 958 957 898 
899 958 898 959 958 899 960 1021 961 
1020 1021 960 961 1022 962 1021 1022 961 
962 1023 963 1022 1023 962 963 1024 964 
1023 1024 963 964 1025 965 1024 1025 964 
965 1026 966 1025 1026 965 966 1027 967 
1026 1027 966 967 1028 968 1027 1028 967 
968 1029 969 1028 1029 968 969 1030 970 
1029 1030 969 970 1031 971 1030 1031 970 
971 1032 972 1031 1032 971 972 1033 973 
1032 1033 972 973 1034 974 1033 1034 973 
974 1035 975 1034 1035 974 975 1036 976 
1035 1036 975 976 1037 977 1036 1037 976 
977 1038 978 1037 1038 977 978 1039 979 
1038 1039 978 979 1040 980 1039 1040 979 
980 1041 981 1040 1041 980 981 1042 982 
1041 1042 981 982 1043 983 1042 1043 982 
983 1044 984 1043 1044 983 984 1045 985 
1044 1045 984 985 1046 986 1045 1046 985 
986 1047 987 1046 1047 986 987 1048 988 
1047 1048 987 988 1049 989 1048 1049 988 
989 1050 990 1049 1050 989 990 1051 991 
1050 1051 990 991 1052 992 1051 1052 991 
992 1053 993 1052 1053 992 993 1054 994 
1053 1054 993 994 1055 995 1054 1055 994 
995 1056 996 1055 1056 995 996 1057 997 
1056 1057 996 997 1058 998 1057 1058 997 
998 1059 999 1058 1059 998 999 1060 1000 
1059 1060 999 1000 1061 1001 1060 1061 1000 
1001 1062 1002 1061 1062 1001 1002 1063 1003 
1062 1063 1002 1003 1064 1004 1063 1064 1003 
1004 1065 1005 1064 1065 1004 1005 1066 1006 
1065 1066 1005 1006 1067 1007 1066 1067 1006 
1007 1068 1008 1067 1068 1007 1008 1069 1009 
1068 1069 1008 1009 1070 1010 1069 1070 1009 
1010 1071 1011 1070 1071 1010 1011 1072 1012 
1071 1072 1011 1012 1073 1013 1072 1073 1012 
1013 1074 1014 1073 1074 1013 1014 1075 1015 
1074 1075 1014 1015 1076 1016 1075 1076 1015 
1016 1077 1017 1076 1077 1016 1017 1078 1018 
1077 1078 1017 1018 1079 1019 1078 1079 1018 
1021 1020 1081 1081 1020 1080 1022 1021 1082 
1082 1021 1081 1023 1022 1083 1083 1022 1082 
1024 1023 1084 1084 1023 1083 1025 1024 1085 
1085 1024 1084 1026 1025 1086 1086 1025 1085 
1027 1026 1087 1087 1026 1086 1028 1027 1088 
1088 1027 1087 1029 1028 1089 1089 1028 1088 
1030 1029 1090 1090 1029 1089 1031 1030 1091 
1091 1030 1090 1032 1031 1092 1092 1031 1091 
1033 1032 1093 1093 1032 1092 1034 1033 1094 
1094 1033 1093 1035 1034 1095 1095 1034 1094 
1036 1035 1096 1096 1035 1095 1037 1036 1097 
1097 1036 1096 1038 1037 1098 1098 1037 1097 
1039 1038 1099 1099 1038 1098 1040 1039 1100 
1100 1039 1099 1041 1040 1101 1101 1040 1100 
1042 1041 1102 1102 1041 1101 1043 1042 1103 
1103 1042 1102 1044 1043 1104 1104 1043 1103 
1045 1044 1105 1105 1044 1104 1046 1045 1106 
1106 1045 1105 1047 1046 1107 1107 1046 1106 
1048 1047 1108 1108 1047 1107 1049 1048 1109 
1109 1048 1108 1050 1049 1110 1110 1049 1109 
1051 1050 1111 1111 1050 1110 1052 1051 1112 
1112 1051 1111 1053 1052 1113 1113 1052 1112 
1054 1053 1114 1114 1053 1113 1055 1054 1115 
1115 1054 1114 1056 1055 1116 1116 1055 1115 
1057 1056 1117 1117 1056 1116 1058 1057 1118 
1118 1057 1117 1059 1058 1119 1119 1058 1118 
1060 1059 1120 1120 1059 1119 1061 1060 1121 
1121 1060 1120 1062 1061 1122 1122 1061 1121 
1063 1062 1123 1123 1062 1122 1064 1063 1124 
1124 1063 1123 1065 1064 1125 1125 1064 1124 
1066 1065 1126 1126 1065 1125 1067 1066 1127 
1127 1066 1126 1068 1067 1128 1128 1067 1127 
1069 1068 1129 1129 1068 1128 1070 1069 1130 
1130 1069 1129 1071 1070 1131 1131 1070 1130 
1072 1071 1132 1132 1071 1131 1073 1072 1133 
1133 1072 1132 1074 1073 1134 1134 1073 1133 
1075 1074 1135 1135 1074 1134 1076 1075 1136 
1136 1075 1135 1077 1076 1137 1137 1076 1136 
1078 1077 1138 1138 1077 1137 1079 1078 1139 
1139 1078 1138 1081 1080 1320 1321 1081 1320 
1082 1081 1321 1322 1082 1321 1083 1082 1322 
1323 1083 1322 1084 1083 1323 1324 1084 1323 
1085 1084 1324 1325 1085 1324 1086 1085 1325 
1326 1086 1325 1087 1086 1326 1327 1087 1326 
1088 1087 1327 1328 1088 1327 1089 1088 1328 
1329 1089 1328 1090 1089 1329 1330 1090 1329 
1091 1090 1330 1331 1091 1330 1092 1091 1331 
1332 1092 1331 1093 1092 1332 1333 1093 1332 
1094 1093 1333 1334 1094 1333 1095 1094 1334 
1335 1095 1334 1096 1095 1335 1336 1096 1335 
1097 1096 1336 1337 1097 1336 1098 1097 1337 
1338 1098 1337 1099 1098 1338 1339 1099 1338 
1100 1099 1339 1340 1100 1339 1101 1100 1340 
1341 1101 1340 1102 1101 1341 1342 1102 1341 
1103 1102 1342 1343 1103 1342 1104 1103 1343 
1344 1104 1343 1105 1104 1344 1345 1105 1344 
1106 1105 1345 1346 1106 1345 1107 1106 1346 
1347 1107 1346 1108 1107 1347 1348 1108 1347 
1109 1108 1348 1349 1109 1348 1110 1109 1349 
1350 1110 1349 1111 1110 1350 1351 1111 1350 
1112 1111 1351 1352 1112 1351 1113 1112 1352 
1353 1113 1352 1114 1113 1353 1354 1114 1353 
1115 1114 1354 1355 1115 1354 1116 1115 1355 
1356 1116 1355 1117 1116 1356 1357 1117 1356 
1118 1117 1357 1358 1118 1357 1119 1118 1358 
1359 1119 1358 1120 1119 1359 1360 1120 1359 
1121 1120 1360 1361 1121 1360 1122 1121 1361 
1362 1122 1361 1123 1122 1362 1363 1123 1362 
1124 1123 1363 1364 1124 1363 1125 1124 1364 
1365 1125 1364 1126 1125 1365 1366 1126 1365 
1127 1126 1366 1367 1127 1366 1128 1127 1367 
1368 1128 1367 1129 1128 1368 1369 1129 1368 
1130 1129 1369 1370 1130 1369 1131 1130 1370 
1371 1131 1370 1132 1131 1371 1372 1132 1371 
1133 1132 1372 1373 1133 1372 1134 1133 1373 
1374 1134 1373 1135 1134 1374 1375 1135 1374 
1136 1135 1375 1376 1136 1375 1137 1136 1376 
1377 1137 1376 1138 1137 1377 1378 1138 1377 
1139 1138 1378 1379 1139 1378 1140 1141 1501 
1500 1140 1501 1141 1142 1502 1501 1141 1502 
1142 1143 1503 1502 1142 1503 1143 1144 1504 
1503 1143 1504 1144 1145 1505 1504 1144 1505 
1145 1146 1506 1505 1145 1506 1146 1147 1507 
1506 1146 1507 1147 1148 1508 1507 1147 1508 
1148 1149 1509 1508 1148 1509 1149 1150 1510 
1509 1149 1510 1150 1151 1511 1510 1150 1511 
1151 1152 1512 1511 1151 1512 1152 1153 1513 
1512 1152 1513 1153 1154 1514 1513 1153 1514 
1154 1155 1515 1514 1154 1515 1155 1156 1516 
1515 1155 1516 1156 1157 1517 1516 1156 1517 
1157 1158 1518 1517 1157 1518 1158 1159 1519 
1518 1158 1519 1159 1160 1520 1519 1159 1520 
1160 1161 1521 1520 1160 1521 1161 1162 1522 
1521 1161 1522 1162 1163 1523 1522 1162 1523 
1163 1164 1524 1523 1163 1524 1164 1165 1525 
1524 1164 1525 1165 1166 1526 1525 1165 1526 
1166 1167 1527 1526 1166 1527 1167 1168 1528 
1527 1167 1528 1168 1169 1529 1528 1168 1529 
1169 1170 1530 1529 1169 1530 1170 1171 1531 
1530 1170 1531 1171 1172 1532 1531 1171 1532 
1172 1173 1533 1532 1172 1533 1173 1174 1534 
1533 1173 1534 1174 1175 1535 1534 1174 1535 
1175 1176 1536 1535 1175 1536 1176 1177 1537 
1536 1176 1537 1177 1178 1538 1537 1177 1538 
1178 1179 1539 1538 1178 1539 1179 1180 1540 
1539 1179 1540 1180 1181 1541 1540 1180 1541 
1181 1182 1542 1541 1181 1542 1182 1183 1543 
1542 1182 1543 1183 1184 1544 1543 1183 1544 
1184 1185 1545 1544 1184 1545 1185 1186 1546 
1545 1185 1546 1186 1187 1547 1546 1186 1547 
1187 1188 1548 1547 1187 1548 1188 1189 1549 
1548 1188 1549 1189 1190 1550 1549 1189 1550 
1190 1191 1551 1550 1190 1551 1191 1192 1552 
1551 1191 1552 1192 1193 1553 1552 1192 1553 
1193 1194 1554 1553 1193 1554 1194 1195 1555 
1554 1194 1555 1195 1196 1556 1555 1195 1556 
1196 1197 1557 1556 1196 1557 1197 1198 1558 
1557 1197 1558 1198 1199 1559 1558 1198 1559 
1141 1140 1261 1261 1140 1260 1142 1141 1262 
1262 1141 1261 1143 1142 1263 1263 1142 1262 
1144 1143 1264 1264 1143 1263 1145 1144 1265 
1265 1144 1264 1146 1145 1266 1266 1145 1265 
1147 1146 1267 1267 1146 1266 1148 1147 1268 
1268 1147 1267 1149 1148 1269 1269 1148 1268 
1150 1149 1270 1270 1149 1269 1151 1150 1271 
1271 1150 1270 1152 1151 1272 1272 1151 1271 
1153 1152 1273 1273 1152 1272 1154 1153 1274 
1274 1153 1273 1155 1154 1275 1275 1154 1274 
1156 1155 1276 1276 1155 1275 1157 1156 1277 
1277 1156 1276 1158 1157 1278 1278 1157 1277 
1159 1158 1279 1279 1158 1278 1160 1159 1280 
1280 1159 1279 1161 1160 1281 1281 1160 1280 
1162 1161 1282 1282 1161 1281 1163 1162 1283 
1283 1162 1282 1164 1163 1284 1284 1163 1283 
1165 1164 1285 1285 1164 1284 1166 1165 1286 
1286 1165 1285 1167 1166 1287 1287 1166 1286 
1168 1167 1288 1288 1167 1287 1169 1168 1289 
1289 1168 1288 1170 1169 1290 1290 1169 1289 
1171 1170 1291 1291 1170 1290 1172 1171 1292 
1292 1171 1291 1173 1172 1293 1293 1172 1292 
1174 1173 1294 1294 1173 1293 1175 1174 1295 
1295 1174 1294 1176 1175 1296 1296 1175 1295 
1177 1176 1297 1297 1176 1296 1178 1177 1298 
1298 1177 1297 1179 1178 1299 1299 1178 1298 
1180 1179 1300 1300 1179 1299 1181 1180 1301 
1301 1180 1300 1182 1181 1302 1302 1181 1301 
1183 1182 1303 1303 1182 1302 1184 1183 1304 
1304 1183 1303 1185 1184 1305 1305 1184 1304 
1186 1185 1306 1306 1185 1305 1187 1186 1307 
1307 1186 1306 1188 1187 1308 1308 1187 1307 
1189 1188 1309 1309 1188 1308 1190 1189 1310 
1310 1189 1309 1191 1190 1311 1311 1190 1310 
1192 1191 1312 1312 1191 1311 1193 1192 1313 
1313 1192 1312 1194 1193 1314 1314 1193 1313 
1195 1194 1315 1315 1194 1314 1196 1195 1316 
1316 1195 1315 1197 1196 1317 1317 1196 1316 
1198 1197 1318 1318 1197 1317 1199 1198 1319 
1319 1198 1318 1201 1260 1200 1261 1260 1201 
1202 1261 1201 1262 1261 1202 1203 1262 1202 
1263 1262 1203 1204 1263 1203 1264 1263 1204 
1205 1264 1204 1265 1264 1205 1206 1265 1205 
1266 1265 1206 1207 1266 1206 1267 1266 1207 
1208 1267 1207 1268 1267 1208 1209 1268 1208 
1269 1268 1209 1210 1269 1209 1270 1269 1210 
1211 1270 1210 1271 1270 1211 1212 1271 1211 
1272 1271 1212 1213 1272 1212 1273 1272 1213 
1214 1273 1213 1274 1273 1214 1215 1274 1214 
1275 1274 1215 1216 1275 1215 1276 1275 1216 
1217 1276 1216 1277 1276 1217 1218 1277 1217 
1278 1277 1218 1219 1278 1218 1279 1278 1219 
1220 1279 1219 1280 1279 1220 1221 1280 1220 
1281 1280 1221 1222 1281 1221 1282 1281 1222 
1223 1282 1222 1283 1282 1223 1224 1283 1223 
1284 1283 1224 1225 1284 1224 1285 1284 1225 
1226 1285 1225 1286 1285 1226 1227 1286 1226 
1287 1286 1227 1228 1287 1227 1288 1287 1228 
1229 1288 1228 1289 1288 1229 1230 1289 1229 
1290 1289 1230 1231 1290 1230 1291 1290 1231 
1232 1291 1231 1292 1291 1232 1233 1292 1232 
1293 1292 1233 1234 1293 1233 1294 1293 1234 
1235 1294 1234 1295 1294 1235 1236 1295 1235 
1296 1295 1236 1237 1296 1236 1297 1296 1237 
1238 1297 1237 1298 1297 1238 1239 1298 1238 
1299 1298 1239 1240 1299 1239 1300 1299 1240 
1241 1300 1240 1301 1300 1241 1242 1301 1241 
1302 1301 1242 1243 1302 1242 1303 1302 1243 
1244 1303 1243 1304 1303 1244 1245 1304 1244 
1305 1304 1245 1246 1305 1245 1306 1305 1246 
1247 1306 1246 1307 1306 1247 1248 1307 1247 
1308 1307 1248 1249 1308 1248 1309 1308 1249 
1250 1309 1249 1310 1309 1250 1251 1310 1250 
1311 1310 1251 1252 1311 1251 1312 1311 1252 
1253 1312 1252 1313 1312 1253 1254 1313 1253 
1314 1313 1254 1255 1314 1254 1315 1314 1255 
1256 1315 1255 1316 1315 1256 1257 1316 1256 
1317 1316 1257 1258 1317 1257 1318 1317 1258 
1259 1318 1258 1319 1318 1259 1320 1381 1321 
1380 1381 1320 1321 1382 1322 1381 1382 1321 
1322 1383 1323 1382 1383 1322 1323 1384 1324 
1383 1384 1323 1324 1385 1325 1384 1385 1324 
1325 1386 1326 1385 1386 1325 1326 1387 1327 
1386 1387 1326 1327 1388 1328 1387 1388 1327 
1328 1389 1329 1388 1389 1328 1329 1390 1330 
1389 1390 1329 1330 1391 1331 1390 1391 1330 
1331 1392 1332 1391 1392 1331 1332 1393 1333 
1392 1393 1332 1333 1394 1334 1393 1394 1333 
1334 1395 1335 1394 1395 1334 1335 1396 1336 
1395 1396 1335 1336 1397 1337 1396 1397 1336 
1337 1398 1338 1397 1398 1337 1338 1399 1339 
1398 1399 1338 1339 1400 1340 1399 1400 1339 
1340 1401 1341 1400 1401 1340 1341 1402 1342 
1401 1402 1341 1342 1403 1343 1402 1403 1342 
1343 1404 1344 1403 1404 1343 1344 1405 1345 
1404 1405 1344 1345 1406 1346 1405 1406 1345 
1346 1407 1347 1406 1407 1346 1347 1408 1348 
1407 1408 1347 1348 1409 1349 1408 1409 1348 
1349 1410 1350 1409 1410 1349 1350 1411 1351 
1410 1411 1350 1351 1412 1352 1411 1412 1351 
1352 1413 1353 1412 1413 1352 1353 1414 1354 
1413 1414 1353 1354 1415 1355 1414 1415 1354 
1355 1416 1356 1415 1416 1355 1356 1417 1357 
1416 1417 1356 1357 1418 1358 1417 1418 1357 
1358 1419 1359 1418 1419 1358 1359 1420 1360 
1419 1420 1359 1360 1421 1361 1420 1421 1360 
1361 1422 1362 1421 1422 1361 1362 1423 1363 
1422 1423 1362 1363 1424 1364 1423 1424 1363 
1364 1425 1365 1424 1425 1364 1365 1426 1366 
1425 1426 1365 1366 1427 1367 1426 1427 1366 
1367 1428 1368 1427 1428 1367 1368 1429 1369 
1428 1429 1368 1369 1430 1370 1429 1430 1369 
1370 1431 1371 1430 1431 1370 1371 1432 1372 
1431 1432 1371 1372 1433 1373 1432 1433 1372 
1373 1434 1374 1433 1434 1373 1374 1435 1375 
1434 1435 1374 1375 1436 1376 1435 1436 1375 
1376 1437 1377 1436 1437 1376 1377 1438 1378 
1437 1438 1377 1378 1439 1379 1438 1439 1378 
1381 1380 1441 1441 1380 1440 1382 1381 1442 
1442 1381 1441 1383 1382 1443 1443 1382 1442 
1384 1383 1444 1444 1383 1443 1385 1384 1445 
1445 1384 1444 1386 1385 1446 1446 1385 1445 
1387 1386 1447 1447 1386 1446 1388 1387 1448 
1448 1387 1447 1389 1388 1449 1449 1388 1448 
1390 1389 1450 1450 1389 1449 1391 1390 1451 
1451 1390 1450 1392 1391 1452 1452 1391 1451 
1393 1392 1453 1453 1392 1452 1394 1393 1454 
1454 1393 1453 1395 1394 1455 1455 1394 1454 
1396 1395 1456 1456 1395 1455 1397 1396 1457 
1457 1396 1456 1398 1397 1458 1458 1397 1457 
1399 1398 1459 1459 1398 1458 1400 1399 1460 
1460 1399 1459 1401 1400 1461 1461 1400 1460 
1402 1401 1462 1462 1401 1461 1403 1402 1463 
1463 1402 1462 1404 1403 1464 1464 1403 1463 
1405 1404 1465 1465 1404 1464 1406 1405 1466 
1466 1405 1465 1407 1406 1467 1467 1406 1466 
1408 1407 1468 1468 1407 1467 1409 1408 1469 
1469 1408 1468 1410 1409 1470 1470 1409 1469 
1411 1410 1471 1471 1410 1470 1412 1411 1472 
1472 1411 1471 1413 1412 1473 1473 1412 1472 
1414 1413 1474 1474 1413 1473 1415 1414 1475 
1475 1414 1474 1416 1415 1476 1476 1415 1475 
1417 1416 1477 1477 1416 1476 1418 1417 1478 
1478 1417 1477 1419 1418 1479 1479 1418 1478 
1420 1419 1480 1480 1419 1479 1421 1420 1481 
1481 1420 1480 1422 1421 1482 1482 1421 1481 
1423 1422 1483 1483 1422 1482 1424 1423 1484 
1484 1423 1483 1425 1424 1485 1485 1424 1484 
1426 1425 1486 1486 1425 1485 1427 1426 1487 
1487 1426 1486 1428 1427 1488 1488 1427 1487 
1429 1428 1489 1489 1428 1488 1430 1429 1490 
1490 1429 1489 1431 1430 1491 1491 1430 1490 
1432 1431 1492 1492 1431 1491 1433 1432 1493 
1493 1432 1492 1434 1433 1494 1494 1433 1493 
1435 1434 1495 1495 1434 1494 1436 1435 1496 
1496 1435 1495 1437 1436 1497 1497 1436 1496 
1438 1437 1498 1498 1437 1497 1439 1438 1499 
1499 1438 1498 1441 1440 1620 1621 1441 1620 
1442 1441 1621 1622 1442 1621 1443 1442 1622 
1623 1443 1622 1444 1443 1623 1624 1444 1623 
1445 1444 1624 1625 1445 1624 1446 1445 1625 
1626 1446 1625 1447 1446 1626 1627 1447 1626 
1448 1447 1627 1628 1448 1627 1449 1448 1628 
1629 1449 1628 1450 1449 1629 1630 1450 1629 
1451 1450 1630 1631 1451 1630 1452 1451 1631 
1632 1452 1631 1453 1452 1632 1633 1453 1632 
1454 1453 1633 1634 1454 1633 1455 1454 1634 
1635 1455 1634 1456 1455 1635 1636 1456 1635 
1457 1456 1636 1637 1457 1636 1458 1457 1637 
1638 1458 1637 1459 1458 1638 1639 1459 1638 
1460 1459 1639 1640 1460 1639 1461 1460 1640 
1641 1461 1640 1462 1461 1641 1642 1462 1641 
1463 1462 1642 1643 1463 1642 1464 1463 1643 
1644 1464 1643 1465 1464 1644 1645 1465 1644 
1466 1465 1645 1646 1466 1645 1467 1466 1646 
1647 1467 1646 1468 1467 1647 1648 1468 1647 
1469 1468 1648 1649 1469 1648 1470 1469 1649 
1650 1470 1649 1471 1470 1650 1651 1471 1650 
1472 1471 1651 1652 1472 1651 1473 1472 1652 
1653 1473 1652 1474 1473 1653 1654 1474 1653 
1475 1474 1654 1655 1475 1654 1476 1475 1655 
1656 1476 1655 1477 1476 1656 1657 1477 1656 
1478 1477 1657 1658 1478 1657 1479 1478 1658 
1659 1479 1658 1480 1479 1659 1660 1480 1659 
1481 1480 1660 1661 1481 1660 1482 1481 1661 
1662 1482 1661 1483 1482 1662 1663 1483 1662 
1484 1483 1663 1664 1484 1663 1485 1484 1664 
1665 1485 1664 1486 1485 1665 1666 1486 1665 
1487 1486 1666 1667 1487 1666 1488 1487 1667 
1668 1488 1667 1489 1488 1668 1669 1489 1668 
1490 1489 1669 1670 1490 1669 1491 1490 1670 
1671 1491 1670 1492 1491 1671 1672 1492 1671 
1493 1492 1672 1673 1493 1672 1494 1493 1673 
1674 1494 1673 1495 1494 1674 1675 1495 1674 
1496 1495 1675 1676 1496 1675 1497 1496 1676 
1677 1497 1676 1498 1497 1677 1678 1498 1677 
1499 1498 1678 1679 1499 1678 1560 1561 1741 
1740 1560 1741 1561 1562 1742 1741 1561 1742 
1562 1563 1743 1742 1562 1743 1563 1564 1744 
1743 1563 1744 1564 1565 1745 1744 1564 1745 
1565 1566 1746 1745 1565 1746 1566 1567 1747 
1746 1566 1747 1567 1568 1748 1747 1567 1748 
1568 1569 1749 1748 1568 1749 1569 1570 1750 
1749 1569 1750 1570 1571 1751 1750 1570 1751 
1571 1572 1752 1751 1571 1752 1572 1573 1753 
1752 1572 1753 1573 1574 1754 1753 1573 1754 
1574 1575 1755 1754 1574 1755 1575 1576 1756 
1755 1575 1756 1576 1577 1757 1756 1576 1757 
1577 1578 1758 1757 1577 1758 1578 1579 1759 
1758 1578 1759 1579 1580 1760 1759 1579 1760 
1580 1581 1761 1760 1580 1761 1581 1582 1762 
1761 1581 1762 1582 1583 1763 1762 1582 1763 
1583 1584 1764 1763 1583 1764 1584 1585 1765 
1764 1584 1765 1585 1586 1766 1765 1585 1766 
1586 1587 1767 1766 1586 1767 1587 1588 1768 
1767 1587 1768 1588 1589 1769 1768 1588 1769 
1589 1590 1770 1769 1589 1770 1590 1591 1771 
1770 1590 1771 1591 1592 1772 1771 1591 1772 
1592 1593 1773 1772 1592 1773 1593 1594 1774 
1773 1593 1774 1594 1595 1775 1774 1594 1775 
1595 1596 1776 1775 1595 1776 1596 1597 1777 
1776 1596 1777 1597 1598 1778 1777 1597 1778 
1598 1599 1779 1778 1598 1779 1599 1600 1780 
1779 1599 1780 1600 1601 1781 1780 1600 1781 
1601 1602 1782 1781 1601 1782 1602 1603 1783 
1782 1602 1783 1603 1604 1784 1783 1603 1784 
1604 1605 1785 1784 1604 1785 1605 1606 1786 
1785 1605 1786 1606 1607 1787 1786 1606 1787 
1607 1608 1788 1787 1607 1788 1608 1609 1789 
1788 1608 1789 1609 1610 1790 1789 1609 1790 
1610 1611 1791 1790 1610 1791 1611 1612 1792 
1791 1611 1792 1612 1613 1793 1792 1612 1793 
1613 1614 1794 1793 1613 1794 1614 1615 1795 
1794 1614 1795 1615 1616 1796 1795 1615 1796 
1616 1617 1797 1796 1616 1797 1617 1618 1798 
1797 1617 1798 1618 1619 1799 1798 1618 1799 
1501 1560 1500 1561 1560 1501 1502 1561 1501 
1562 1561 1502 1503 1562 1502 1563 1562 1503 
1504 1563 1503 1564 1563 1504 1505 1564 1504 
1565 1564 1505 1506 1565 1505 1566 1565 1506 
1507 1566 1506 1567 1566 1507 1508 1567 1507 
1568 1567 1508 1509 1568 1508 1569 1568 1509 
1510 1569 1509 1570 1569 1510 1511 1570 1510 
1571 1570 1511 1512 1571 1511 1572 1571 1512 
1513 1572 1512 1573 1572 1513 1514 1573 1513 
1574 1573 1514 1515 1574 1514 1575 1574 1515 
1516 1575 1515 1576 1575 1516 1517 1576 1516 
1577 1576 1517 1518 1577 1517 1578 1577 1518 
1519 1578 1518 1579 1578 1519 1520 1579 1519 
1580 1579 1520 1521 1580 1520 1581 1580 1521 
1522 1581 1521 1582 1581 1522 1523 1582 1522 
1583 1582 1523 1524 1583 1523 1584 1583 1524 
1525 1584 1524 1585 1584 1525 1526 1585 1525 
1586 1585 1526 1527 1586 1526 1587 1586 1527 
1528 1587 1527 1588 1587 1528 1529 1588 1528 
1589 1588 1529 1530 1589 1529 1590 1589 1530 
1531 1590 1530 1591 1590 1531 1532 1591 1531 
1592 1591 1532 1533 1592 1532 1593 1592 1533 
1534 1593 1533 1594 1593 1534 1535 1594 1534 
1595 1594 1535 1536 1595 1535 1596 1595 1536 
1537 1596 1536 1597 1596 1537 1538 1597 1537 
1598 1597 1538 1539 1598 1538 1599 1598 1539 
1540 1599 1539 1600 1599 1540 1541 1600 1540 
1601 1600 1541 1542 1601 1541 1602 1601 1542 
1543 1602 1542 1603 1602 1543 1544 1603 1543 
1604 1603 1544 1545 1604 1544 1605 1604 1545 
1546 1605 1545 1606 1605 1546 1547 1606 1546 
1607 1606 1547 1548 1607 1547 1608 1607 1548 
1549 1608 1548 1609 1608 1549 1550 1609 1549 
1610 1609 1550 1551 1610 1550 1611 1610 1551 
1552 1611 1551 1612 1611 1552 1553 1612 1552 
1613 1612 1553 1554 1613 1553 1614 1613 1554 
1555 1614 1554 1615 1614 1555 1556 1615 1555 
1616 1615 1556 1557 1616 1556 1617 1616 1557 
1558 1617 1557 1618 1617 1558 1559 1618 1558 
1619 1618 1559 1620 1681 1621 1680 1681 1620 
1621 1682 1622 1681 1682 1621 1622 1683 1623 
1682 1683 1622 1623 1684 1624 1683 1684 1623 
1624 1685 1625 1684 1685 1624 1625 1686 1626 
1685 1686 1625 1626 1687 1627 1686 1687 1626 
1627 1688 1628 1687 1688 1627 1628 1689 1629 
1688 1689 1628 1629 1690 1630 1689 1690 1629 
1630 1691 1631 1690 1691 1630 1631 1692 1632 
1691 1692 1631 1632 1693 1633 1692 1693 1632 
1633 1694 1634 1693 1694 1633 1634 1695 1635 
1694 1695 1634 1635 1696 1636 1695 1696 1635 
1636 1697 1637 1696 1697 1636 1637 1698 1638 
1697 1698 1637 1638 1699 1639 1698 1699 1638 
1639 1700 1640 1699 1700 1639 1640 1701 1641 
1700 1701 1640 1641 1702 1642 1701 1702 1641 
1642 1703 1643 1702 1703 1642 1643 1704 1644 
1703 1704 1643 1644 1705 1645 1704 1705 1644 
1645 1706 1646 1705 1706 1645 1646 1707 1647 
1706 1707 1646 1647 1708 1648 1707 1708 1647 
1648 1709 1649 1708 1709 1648 1649 1710 1650 
1709 1710 1649 1650 1711 1651 1710 1711 1650 
1651 1712 1652 1711 1712 1651 1652 1713 1653 
1712 1713 1652 1653 1714 1654 1713 1714 1653 
1654 1715 1655 1714 1715 1654 1655 1716 1656 
1715 1716 1655 1656 1717 1657 1716 1717 1656 
1657 1718 1658 1717 1718 1657 1658 1719 1659 
1718 1719 1658 1659 1720 1660 1719 1720 1659 
1660 1721 1661 1720 1721 1660 1661 1722 1662 
1721 1722 1661 1662 1723 1663 1722 1723 1662 
1663 1724 1664 1723 1724 1663 1664 1725 1665 
1724 1725 1664 1665 1726 1666 1725 1726 1665 
1666 1727 1667 1726 1727 1666 1667 1728 1668 
1727 1728 1667 1668 1729 1669 1728 1729 1668 
1669 1730 1670 1729 1730 1669 1670 1731 1671 
1730 1731 1670 1671 1732 1672 1731 1732 1671 
1672 1733 1673 1732 1733 1672 1673 1734 1674 
1733 1734 1673 1674 1735 1675 1734 1735 1674 
1675 1736 1676 1735 1736 1675 1676 1737 1677 
1736 1737 1676 1677 1738 1678 1737 1738 1677 
1678 1739 1679 1738 1739 1678 1681 1680 1860 
1861 1681 1860 1682 1681 1861 1862 1682 1861 
1683 1682 1862 1863 1683 1862 1684 1683 1863 
1864 1684 1863 1685 1684 1864 1865 1685 1864 
1686 1685 1865 1866 1686 1865 1687 1686 1866 
1867 1687 1866 1688 1687 1867 1868 1688 1867 
1689 1688 1868 1869 1689 1868 1690 1689 1869 
1870 1690 1869 1691 1690 1870 1871 1691 1870 
1692 1691 1871 1872 1692 1871 1693 1692 1872 
1873 1693 1872 1694 1693 1873 1874 1694 1873 
1695 1694 1874 1875 1695 1874 1696 1695 1875 
1876 1696 1875 1697 1696 1876 1877 1697 1876 
1698 1697 1877 1878 1698 1877 1699 1698 1878 
1879 1699 1878 1700 1699 1879 1880 1700 1879 
1701 1700 1880 1881 1701 1880 1702 1701 1881 
1882 1702 1881 1703 1702 1882 1883 1703 1882 
1704 1703 1883 1884 1704 1883 1705 1704 1884 
1885 1705 1884 1706 1705 1885 1886 1706 1885 
1707 1706 1886 1887 1707 1886 1708 1707 1887 
1888 1708 1887 1709 1708 1888 1889 1709 1888 
1710 1709 1889 1890 1710 1889 1711 1710 1890 
1891 1711 1890 1712 1711 1891 1892 1712 1891 
1713 1712 1892 1893 1713 1892 1714 1713 1893 
1894 1714 1893 1715 1714 1894 1895 1715 1894 
1716 1715 1895 1896 1716 1895 1717 1716 1896 
1897 1717 1896 1718 1717 1897 1898 1718 1897 
1719 1718 1898 1899 1719 1898 1720 1719 1899 
1900 1720 1899 1721 1720 1900 1901 1721 1900 
1722 1721 1901 1902 1722 1901 1723 1722 1902 
1903 1723 1902 1724 1723 1903 1904 1724 1903 
1725 1724 1904 1905 1725 1904 1726 1725 1905 
1906 1726 1905 1727 1726 1906 1907 1727 1906 
1728 1727 1907 1908 1728 1907 1729 1728 1908 
1909 1729 1908 1730 1729 1909 1910 1730 1909 
1731 1730 1910 1911 1731 1910 1732 1731 1911 
1912 1732 1911 1733 1732 1912 1913 1733 1912 
1734 1733 1913 1914 1734 1913 1735 1734 1914 
1915 1735 1914 1736 1735 1915 1916 1736 1915 
1737 1736 1916 1917 1737 1916 1738 1737 1917 
1918 1738 1917 1739 1738 1918 1919 1739 1918 
1800 1801 1981 1980 1800 1981 1801 1802 1982 
1981 1801 1982 1802 1803 1983 1982 1802 1983 
1803 1804 1984 1983 1803 1984 1804 1805 1985 
1984 1804 1985 1805 1806 1986 1985 1805 1986 
1806 1807 1987 1986 1806 1987 1807 1808 1988 
1987 1807 1988 1808 1809 1989 1988 1808 1989 
1809 1810 1990 1989 1809 1990 1810 1811 1991 
1990 1810 1991 1811 1812 1992 1991 1811 1992 
1812 1813 1993 1992 1812 1993 1813 1814 1994 
1993 1813 1994 1814 1815 1995 1994 1814 1995 
1815 1816 1996 1995 1815 1996 1816 1817 1997 
1996 1816 1997 1817 1818 1998 1997 1817 1998 
1818 1819 1999 1998 1818 1999 1819 1820 2000 
1999 1819 2000 1820 1821 2001 2000 1820 2001 
1821 1822 2002 2001 1821 2002 1822 1823 2003 
2002 1822 2003 1823 1824 2004 2003 1823 2004 
1824 1825 2005 2004 1824 2005 1825 1826 2006 
2005 1825 2006 1826 1827 2007 2006 1826 2007 
1827 1828 2008 2007 1827 2008 1828 1829 2009 
2008 1828 2009 1829 1830 2010 2009 1829 2010 
1830 1831 2011 2010 1830 2011 1831 1832 2012 
2011 1831 2012 1832 1833 2013 2012 1832 2013 
1833 1834 2014 2013 1833 2014 1834 1835 2015 
2014 1834 2015 1835 1836 2016 2015 1835 2016 
1836 1837 2017 2016 1836 2017 1837 1838 2018 
2017 1837 2018 1838 1839 2019 2018 1838 2019 
1839 1840 2020 2019 1839 2020 1840 1841 2021 
2020 1840 2021 1841 1842 2022 2021 1841 2022 
1842 1843 2023 2022 1842 2023 1843 1844 2024 
2023 1843 2024 1844 1845 2025 2024 1844 2025 
1845 1846 2026 2025 1845 2026 1846 1847 2027 
2026 1846 2027 1847 1848 2028 2027 1847 2028 
1848 1849 2029 2028 1848 2029 1849 1850 2030 
2029 1849 2030 1850 1851 2031 2030 1850 2031 
1851 1852 2032 2031 1851 2032 1852 1853 2033 
2032 1852 2033 1853 1854 2034 2033 1853 2034 
1854 1855 2035 2034 1854 2035 1855 1856 2036 
2035 1855 2036 1856 1857 2037 2036 1856 2037 
1857 1858 2038 2037 1857 2038 1858 1859 2039 
2038 1858 2039 1741 1800 1740 1801 1800 1741 
1742 1801 1741 1802 1801 1742 1743 1802 1742 
1803 1802 1743 1744 1803 1743 1804 1803 1744 
1745 1804 1744 1805 1804 1745 1746 1805 1745 
1806 1805 1746 1747 1806 1746 1807 1806 1747 
1748 1807 1747 1808 1807 1748 1749 1808 1748 
1809 1808 1749 1750 1809 1749 1810 1809 1750 
1751 1810 1750 1811 1810 1751 1752 1811 1751 
1812 1811 1752 1753 1812 1752 1813 1812 1753 
1754 1813 1753 1814 1813 1754 1755 1814 1754 
1815 1814 1755 1756 1815 1755 1816 1815 1756 
1757 1816 1756 1817 1816 1757 1758 1817 1757 
1818 1817 1758 1759 1818 1758 1819 1818 1759 
1760 1819 1759 1820 1819 1760 1761 1820 1760 
1821 1820 1761 1762 1821 1761 1822 1821 1762 
1763 1822 1762 1823 1822 1763 1764 1823 1763 
1824 1823 1764 1765 1824 1764 1825 1824 1765 
1766 1825 1765 1826 1825 1766 1767 1826 1766 
1827 1826 1767 1768 1827 1767 1828 1827 1768 
1769 1828 1768 1829 1828 1769 1770 1829 1769 
1830 1829 1770 1771 1830 1770 1831 1830 1771 
1772 1831 1771 1832 1831 1772 1773 1832 1772 
1833 1832 1773 1774 1833 1773 1834 1833 1774 
1775 1834 1774 1835 1834 1775 1776 1835 1775 
1836 1835 1776 1777 1836 1776 1837 1836 1777 
1778 1837 1777 1838 1837 1778 1779 1838 1778 
1839 1838 1779 1780 1839 1779 1840 1839 1780 
1781 1840 1780 1841 1840 1781 1782 1841 1781 
1842 1841 1782 1783 1842 1782 1843 1842 1783 
1784 1843 1783 1844 1843 1784 1785 1844 1784 
1845 1844 1785 1786 1845 1785 1846 1845 1786 
1787 1846 1786 1847 1846 1787 1788 1847 1787 
1848 1847 1788 1789 1848 1788 1849 1848 1789 
1790 1849 1789 1850 1849 1790 1791 1850 1790 
1851 1850 1791 1792 1851 1791 1852 1851 1792 
1793 1852 1792 1853 1852 1793 1794 1853 1793 
1854 1853 1794 1795 1854 1794 1855 1854 1795 
1796 1855 1795 1856 1855 1796 1797 1856 1796 
1857 1856 1797 1798 1857 1797 1858 1857 1798 
1799 1858 1798 1859 1858 1799 1860 1921 1861 
1920 1921 1860 1861 1922 1862 1921 1922 1861 
1862 1923 1863 1922 1923 1862 1863 1924 1864 
1923 1924 1863 1864 1925 1865 1924 1925 1864 
1865 1926 1866 1925 1926 1865 1866 1927 1867 
1926 1927 1866 1867 1928 1868 1927 1928 1867 
1868 1929 1869 1928 1929 1868 1869 1930 1870 
1929 1930 1869 1870 1931 1871 1930 1931 1870 
1871 1932 1872 1931 1932 1871 1872 1933 1873 
1932 1933 1872 1873 1934 1874 1933 1934 1873 
1874 1935 1875 1934 1935 1874 1875 1936 1876 
1935 1936 1875 1876 1937 1877 1936 1937 1876 
1877 1938 1878 1937 1938 1877 1878 1939 1879 
1938 1939 1878 1879 1940 1880 1939 1940 1879 
1880 1941 1881 1940 1941 1880 1881 1942 1882 
1941 1942 1881 1882 1943 1883 1942 1943 1882 
1883 1944 1884 1943 1944 1883 1884 1945 1885 
1944 1945 1884 1885 1946 1886 1945 1946 1885 
1886 1947 1887 1946 1947 1886 1887 1948 1888 
1947 1948 1887 1888 1949 1889 1948 1949 1888 
1889 1950 1890 1949 1950 1889 1890 1951 1891 
1950 1951 1890 1891 1952 1892 1951 1952 1891 
1892 1953 1893 1952 1953 1892 1893 1954 1894 
1953 1954 1893 1894 1955 1895 1954 1955 1894 
1895 1956 1896 1955 1956 1895 1896 1957 1897 
1956 1957 1896 1897 1958 1898 1957 1958 1897 
1898 1959 1899 1958 1959 1898 1899 1960 1900 
1959 1960 1899 1900 1961 1901 1960 1961 1900 
1901 1962 1902 1961 1962 1901 1902 1963 1903 
1962 1963 1902 1903 1964 1904 1963 1964 1903 
1904 1965 1905 1964 1965 1904 1905 1966 1906 
1965 1966 1905 1906 1967 1907 1966 1967 1906 
1907 1968 1908 1967 1968 1907 1908 1969 1909 
1968 1969 1908 1909 1970 1910 1969 1970 1909 
1910 1971 1911 1970 1971 1910 1911 1972 1912 
1971 1972 1911 1912 1973 1913 1972 1973 1912 
1913 1974 1914 1973 1974 1913 1914 1975 1915 
1974 1975 1914 1915 1976 1916 1975 1976 1915 
1916 1977 1917 1976 1977 1916 1917 1978 1918 
1977 1978 1917 1918 1979 1919 1978 1979 1918 
1921 1920 2100 2101 1921 2100 1922 1921 2101 
2102 1922 2101 1923 1922 2102 2103 1923 2102 
1924 1923 2103 2104 1924 2103 1925 1924 2104 
2105 1925 2104 1926 1925 2105 2106 1926 2105 
1927 1926 2106 2107 1927 2106 1928 1927 2107 
2108 1928 2107 1929 1928 2108 2109 1929 2108 
1930 1929 2109 2110 1930 2109 1931 1930 2110 
2111 1931 2110 1932 1931 2111 2112 1932 2111 
1933 1932 2112 2113 1933 2112 1934 1933 2113 
2114 1934 2113 1935 1934 2114 2115 1935 2114 
1936 1935 2115 2116 1936 2115 1937 1936 2116 
2117 1937 2116 1938 1937 2117 2118 1938 2117 
1939 1938 2118 2119 1939 2118 1940 1939 2119 
2120 1940 2119 1941 1940 2120 2121 1941 2120 
1942 1941 2121 2122 1942 2121 1943 1942 2122 
2123 1943 2122 1944 1943 2123 2124 1944 2123 
1945 1944 2124 2125 1945 2124 1946 1945 2125 
2126 1946 2125 1947 1946 2126 2127 1947 2126 
1948 1947 2127 2128 1948 2127 1949 1948 2128 
2129 1949 2128 1950 1949 2129 2130 1950 2129 
1951 1950 2130 2131 1951 2130 1952 1951 2131 
2132 1952 2131 1953 1952 2132 2133 1953 2132 
1954 1953 2133 2134 1954 2133 1955 1954 2134 
2135 1955 2134 1956 1955 2135 2136 1956 2135 
1957 1956 2136 2137 1957 2136 1958 1957 2137 
2138 1958 2137 1959 1958 2138 2139 1959 2138 
1960 1959 2139 2140 1960 2139 1961 1960 2140 
2141 1961 2140 1962 1961 2141 2142 1962 2141 
1963 1962 2142 2143 1963 2142 1964 1963 2143 
2144 1964 2143 1965 1964 2144 2145 1965 2144 
1966 1965 2145 2146 1966 2145 1967 1966 2146 
2147 1967 2146 1968 1967 2147 2148 1968 2147 
1969 1968 2148 2149 1969 2148 1970 1969 2149 
2150 1970 2149 1971 1970 2150 2151 1971 2150 
1972 1971 2151 2152 1972 2151 1973 1972 2152 
2153 1973 2152 1974 1973 2153 2154 1974 2153 
1975 1974 2154 2155 1975 2154 1976 1975 2155 
2156 1976 2155 1977 1976 2156 2157 1977 2156 
1978 1977 2157 2158 1978 2157 1979 1978 2158 
2159 1979 2158 2040 2041 2221 2220 2040 2221 
2041 2042 2222 2221 2041 2222 2042 2043 2223 
2222 2042 2223 2043 2044 2224 2223 2043 2224 
2044 2045 2225 2224 2044 2225 2045 2046 2226 
2225 2045 2226 2046 2047 2227 2226 2046 2227 
2047 2048 2228 2227 2047 2228 2048 2049 2229 
2228 2048 2229 2049 2050 2230 2229 2049 2230 
2050 2051 2231 2230 2050 2231 2051 2052 2232 
2231 2051 2232 2052 2053 2233 2232 2052 2233 
2053 2054 2234 2233 2053 2234 2054 2055 2235 
2234 2054 2235 2055 2056 2236 2235 2055 2236 
2056 2057 2237 2236 2056 2237 2057 2058 2238 
2237 2057 2238 2058 2059 2239 2238 2058 2239 
2059 2060 2240 2239 2059 2240 2060 2061 2241 
2240 2060 2241 2061 2062 2242 2241 2061 2242 
2062 2063 2243 2242 2062 2243 2063 2064 2244 
2243 2063 2244 2064 2065 2245 2244 2064 2245 
2065 2066 2246 2245 2065 2246 2066 2067 2247 
2246 2066 2247 2067 2068 2248 2247 2067 2248 
2068 2069 2249 2248 2068 2249 2069 2070 2250 
2249 2069 2250 2070 2071 2251 2250 2070 2251 
2071 2072 2252 2251 2071 2252 2072 2073 2253 
2252 2072 2253 2073 2074 2254 2253 2073 2254 
2074 2075 2255 2254 2074 2255 2075 2076 2256 
2255 2075 2256 2076 2077 2257 2256 2076 2257 
2077 2078 2258 2257 2077 2258 2078 2079 2259 
2258 2078 2259 2079 2080 2260 2259 2079 2260 
2080 2081 2261 2260 2080 2261 2081 2082 2262 
2261 2081 2262 2082 2083 2263 2262 2082 2263 
2083 2084 2264 2263 2083 2264 2084 2085 2265 
2264 2084 2265 2085 2086 2266 2265 2085 2266 
2086 2087 2267 2266 2086 2267 2087 2088 2268 
2267 2087 2268 2088 2089 2269 2268 2088 2269 
2089 2090 2270 2269 2089 2270 2090 2091 2271 
2270 2090 2271 2091 2092 2272 2271 2091 2272 
2092 2093 2273 2272 2092 2273 2093 2094 2274 
2273 2093 2274 2094 2095 2275 2274 2094 2275 
2095 2096 2276 2275 2095 2276 2096 2097 2277 
2276 2096 2277 2097 2098 2278 2277 2097 2278 
2098 2099 2279 2278 2098 2279 1981 2040 1980 
2041 2040 1981 1982 2041 1981 2042 2041 1982 
1983 2042 1982 2043 2042 1983 1984 2043 1983 
2044 2043 1984 1985 2044 1984 2045 2044 1985 
1986 2045 1985 2046 2045 1986 1987 2046 1986 
2047 2046 1987 1988 2047 1987 2048 2047 1988 
1989 2048 1988 2049 2048 1989 1990 2049 1989 
2050 2049 1990 1991 2050 1990 2051 2050 1991 
1992 2051 1991 2052 2051 1992 1993 2052 1992 
2053 2052 1993 1994 2053 1993 2054 2053 1994 
1995 2054 1994 2055 2054 1995 1996 2055 1995 
2056 2055 1996 1997 2056 1996 2057 2056 1997 
1998 2057 1997 2058 2057 1998 1999 2058 1998 
2059 2058 1999 2000 2059 1999 2060 2059 2000 
2001 2060 2000 2061 2060 2001 2002 2061 2001 
2062 2061 2002 2003 2062 2002 2063 2062 2003 
2004 2063 2003 2064 2063 2004 2005 2064 2004 
2065 2064 2005 2006 2065 2005 2066 2065 2006 
2007 2066 2006 2067 2066 2007 2008 2067 2007 
2068 2067 2008 2009 2068 2008 2069 2068 2009 
2010 2069 2009 2070 2069 2010 2011 2070 2010 
2071 2070 2011 2012 2071 2011 2072 2071 2012 
2013 2072 2012 2073 2072 2013 2014 2073 2013 
2074 2073 2014 2015 2074 2014 2075 2074 2015 
2016 2075 2015 2076 2075 2016 2017 2076 2016 
2077 2076 2017 2018 2077 2017 2078 2077 2018 
2019 2078 2018 2079 2078 2019 2020 2079 2019 
2080 2079 2020 2021 2080 2020 2081 2080 2021 
2022 2081 2021 2082 2081 2022 2023 2082 2022 
2083 2082 2023 2024 2083 2023 2084 2083 2024 
2025 2084 2024 2085 2084 2025 2026 2085 2025 
2086 2085 2026 2027 2086 2026 2087 2086 2027 
2028 2087 2027 2088 2087 2028 2029 2088 2028 
2089 2088 2029 2030 2089 2029 2090 2089 2030 
2031 2090 2030 2091 2090 2031 2032 2091 2031 
2092 2091 2032 2033 2092 2032 2093 2092 2033 
2034 2093 2033 2094 2093 2034 2035 2094 2034 
2095 2094 2035 2036 2095 2035 2096 2095 2036 
2037 2096 2036 2097 2096 2037 2038 2097 2037 
2098 2097 2038 2039 2098 2038 2099 2098 2039 
2100 2161 2101 2160 2161 2100 2101 2162 2102 
2161 2162 2101 2102 2163 2103 2162 2163 2102 
2103 2164 2104 2163 2164 2103 2104 2165 2105 
2164 2165 2104 2105 2166 2106 2165 2166 2105 
2106 2167 2107 2166 2167 2106 2107 2168 2108 
2167 2168 2107 2108 2169 2109 2168 2169 2108 
2109 2170 2110 2169 2170 2109 2110 2171 2111 
2170 2171 2110 2111 2172 2112 2171 2172 2111 
2112 2173 2113 2172 2173 2112 2113 2174 2114 
2173 2174 2113 2114 2175 2115 2174 2175 2114 
2115 2176 2116 2175 2176 2115 2116 2177 2117 
2176 2177 2116 2117 2178 2118 2177 2178 2117 
2118 2179 2119 2178 2179 2118 2119 2180 2120 
2179 2180 2119 2120 2181 2121 2180 2181 2120 
2121 2182 2122 2181 2182 2121 2122 2183 2123 
2182 2183 2122 2123 2184 2124 2183 2184 2123 
2124 2185 2125 2184 2185 2124 2125 2186 2126 
2185 2186 2125 2126 2187 2127 2186 2187 2126 
2127 2188 2128 2187 2188 2127 2128 2189 2129 
2188 2189 2128 2129 2190 2130 2189 2190 2129 
2130 2191 2131 2190 2191 2130 2131 2192 2132 
2191 2192 2131 2132 2193 2133 2192 2193 2132 
2133 2194 2134 2193 2194 2133 2134 2195 2135 
2194 2195 2134 2135 2196 2136 2195 2196 2135 
2136 2197 2137 2196 2197 2136 2137 2198 2138 
2197 2198 2137 2138 2199 2139 2198 2199 2138 
2139 2200 2140 2199 2200 2139 2140 2201 2141 
2200 2201 2140 2141 2202 2142 2201 2202 2141 
2142 2203 2143 2202 2203 2142 2143 2204 2144 
2203 2204 2143 2144 2205 2145 2204 2205 2144 
2145 2206 2146 2205 2206 2145 2146 2207 2147 
2206 2207 2146 2147 2208 2148 2207 2208 2147 
2148 2209 2149 2208 2209 2148 2149 2210 2150 
2209 2210 2149 2150 2211 2151 2210 2211 2150 
2151 2212 2152 2211 2212 2151 2152 2213 2153 
2212 2213 2152 2153 2214 2154 2213 2214 2153 
2154 2215 2155 2214 2215 2154 2155 2216 2156 
2215 2216 2155 2156 2217 2157 2216 2217 2156 
2157 2218 2158 2217 2218 2157 2158 2219 2159 
2218 2219 2158 2161 2160 2280 2281 2161 2280 
2162 2161 2281 2282 2162 2281 2163 2162 2282 
2283 2163 2282 2164 2163 2283 2284 2164 2283 
2165 2164 2284 2285 2165 2284 2166 2165 2285 
2286 2166 2285 2167 2166 2286 2287 2167 2286 
2168 2167 2287 2288 2168 2287 2169 2168 2288 
2289 2169 2288 2170 2169 2289 2290 2170 2289 
2171 2170 2290 2291 2171 2290 2172 2171 2291 
2292 2172 2291 2173 2172 2292 2293 2173 2292 
2174 2173 2293 2294 2174 2293 2175 2174 2294 
2295 2175 2294 2176 2175 2295 2296 2176 2295 
2177 2176 2296 2297 2177 2296 2178 2177 2297 
2298 2178 2297 2179 2178 2298 2299 2179 2298 
2180 2179 2299 2300 2180 2299 2181 2180 2300 
2301 2181 2300 2182 2181 2301 2302 2182 2301 
2183 2182 2302 2303 2183 2302 2184 2183 2303 
2304 2184 2303 2185 2184 2304 2305 2185 2304 
2186 2185 2305 2306 2186 2305 2187 2186 2306 
2307 2187 2306 2188 2187 2307 2308 2188 2307 
2189 2188 2308 2309 2189 2308 2190 2189 2309 
2310 2190 2309 2191 2190 2310 2311 2191 2310 
2192 2191 2311 2312 2192 2311 2193 2192 2312 
2313 2193 2312 2194 2193 2313 2314 2194 2313 
2195 2194 2314 2315 2195 2314 2196 2195 2315 
2316 2196 2315 2197 2196 2316 2317 2197 2316 
2198 2197 2317 2318 2198 2317 2199 2198 2318 
2319 2199 2318 2200 2199 2319 2320 2200 2319 
2201 2200 2320 2321 2201 2320 2202 2201 2321 
2322 2202 2321 2203 2202 2322 2323 2203 2322 
2204 2203 2323 2324 2204 2323 2205 2204 2324 
2325 2205 2324 2206 2205 2325 2326 2206 2325 
2207 2206 2326 2327 2207 2326 2208 2207 2327 
2328 2208 2327 2209 2208 2328 2329 2209 2328 
2210 2209 2329 2330 2210 2329 2211 2210 2330 
2331 2211 2330 2212 2211 2331 2332 2212 2331 
2213 2212 2332 2333 2213 2332 2214 2213 2333 
2334 2214 2333 2215 2214 2334 2335 2215 2334 
2216 2215 2335 2336 2216 2335 2217 2216 2336 
2337 2217 2336 2218 2217 2337 2338 2218 2337 
2219 2218 2338 2339 2219 2338 2221 2341 2220 
2220 2341 2340 2222 2342 2221 2221 2342 2341 
2223 2343 2222 2222 2343 2342 2224 2344 2223 
2223 2344 2343 2225 2345 2224 2224 2345 2344 
2226 2346 2225 2225 2346 2345 2227 2347 2226 
2226 2347 2346 2228 2348 2227 2227 2348 2347 
2229 2349 2228 2228 2349 2348 2230 2350 2229 
2229 2350 2349 2231 2351 2230 2230 2351 2350 
2232 2352 2231 2231 2352 2351 2233 2353 2232 
2232 2353 2352 2234 2354 2233 2233 2354 2353 
2235 2355 2234 2234 2355 2354 2236 2356 2235 
2235 2356 2355 2237 2357 2236 2236 2357 2356 
2238 2358 2237 2237 2358 2357 2239 2359 2238 
2238 2359 2358 2240 2360 2239 2239 2360 2359 
2241 2361 2240 2240 2361 2360 2242 2362 2241 
2241 2362 2361 2243 2363 2242 2242 2363 2362 
2244 2364 2243 2243 2364 2363 2245 2365 2244 
2244 2365 2364 2246 2366 2245 2245 2366 2365 
2247 2367 2246 2246 2367 2366 2248 2368 2247 
2247 2368 2367 2249 2369 2248 2248 2369 2368 
2250 2370 2249 2249 2370 2369 2251 2371 2250 
2250 2371 2370 2252 2372 2251 2251 2372 2371 
2253 2373 2252 2252 2373 2372 2254 2374 2253 
2253 2374 2373 2255 2375 2254 2254 2375 2374 
2256 2376 2255 2255 2376 2375 2257 2377 2256 
2256 2377 2376 2258 2378 2257 2257 2378 2377 
2259 2379 2258 2258 2379 2378 2260 2380 2259 
2259 2380 2379 2261 2381 2260 2260 2381 2380 
2262 2382 2261 2261 2382 2381 2263 2383 2262 
2262 2383 2382 2264 2384 2263 2263 2384 2383 
2265 2385 2264 2264 2385 2384 2266 2386 2265 
2265 2386 2385 2267 2387 2266 2266 2387 2386 
2268 2388 2267 2267 2388 2387 2269 2389 2268 
2268 2389 2388 2270 2390 2269 2269 2390 2389 
2271 2391 2270 2270 2391 2390 2272 2392 2271 
2271 2392 2391 2273 2393 2272 2272 2393 2392 
2274 2394 2273 2273 2394 2393 2275 2395 2274 
2274 2395 2394 2276 2396 2275 2275 2396 2395 
2277 2397 2276 2276 2397 2396 2278 2398 2277 
2277 2398 2397 2279 2399 2278 2278 2399 2398 
2281 2280 2461 2280 2460 2461 2282 2281 2462 
2281 2461 2462 2283 2282 2463 2282 2462 2463 
2284 2283 2464 2283 2463 2464 2285 2284 2465 
2284 2464 2465 2286 2285 2466 2285 2465 2466 
2287 2286 2467 2286 2466 2467 2288 2287 2468 
2287 2467 2468 2289 2288 2469 2288 2468 2469 
2290 2289 2470 2289 2469 2470 2291 2290 2471 
2290 2470 2471 2292 2291 2472 2291 2471 2472 
2293 2292 2473 2292 2472 2473 2294 2293 2474 
2293 2473 2474 2295 2294 2475 2294 2474 2475 
2296 2295 2476 2295 2475 2476 2297 2296 2477 
2296 2476 2477 2298 2297 2478 2297 2477 2478 
2299 2298 2479 2298 2478 2479 2300 2299 2480 
2299 2479 2480 2301 2300 2481 2300 2480 2481 
2302 2301 2482 2301 2481 2482 2303 2302 2483 
2302 2482 2483 2304 2303 2484 2303 2483 2484 
2305 2304 2485 2304 2484 2485 2306 2305 2486 
2305 2485 2486 2307 2306 2487 2306 2486 2487 
2308 2307 2488 2307 2487 2488 2309 2308 2489 
2308 2488 2489 2310 2309 2490 2309 2489 2490 
2311 2310 2491 2310 2490 2491 2312 2311 2492 
2311 2491 2492 2313 2312 2493 2312 2492 2493 
2314 2313 2494 2313 2493 2494 2315 2314 2495 
2314 2494 2495 2316 2315 2496 2315 2495 2496 
2317 2316 2497 2316 2496 2497 2318 2317 2498 
2317 2497 2498 2319 2318 2499 2318 2498 2499 
2320 2319 2500 2319 2499 2500 2321 2320 2501 
2320 2500 2501 2322 2321 2502 2321 2501 2502 
2323 2322 2503 2322 2502 2503 2324 2323 2504 
2323 2503 2504 2325 2324 2505 2324 2504 2505 
2326 2325 2506 2325 2505 2506 2327 2326 2507 
2326 2506 2507 2328 2327 2508 2327 2507 2508 
2329 2328 2509 2328 2508 2509 2330 2329 2510 
2329 2509 2510 2331 2330 2511 2330 2510 2511 
2332 2331 2512 2331 2511 2512 2333 2332 2513 
2332 2512 2513 2334 2333 2514 2333 2513 2514 
2335 2334 2515 2334 2514 2515 2336 2335 2516 
2335 2515 2516 2337 2336 2517 2336 2516 2517 
2338 2337 2518 2337 2517 2518 2339 2338 2519 
2338 2518 2519 2400 2401 2581 2580 2400 2581 
2401 2402 2582 2581 2401 2582 2402 2403 2583 
2582 2402 2583 2403 2404 2584 2583 2403 2584 
2404 2405 2585 2584 2404 2585 2405 2406 2586 
2585 2405 2586 2406 2407 2587 2586 2406 2587 
2407 2408 2588 2587 2407 2588 2408 2409 2589 
2588 2408 2589 2409 2410 2590 2589 2409 2590 
2410 2411 2591 2590 2410 2591 2411 2412 2592 
2591 2411 2592 2412 2413 2593 2592 2412 2593 
2413 2414 2594 2593 2413 2594 2414 2415 2595 
2594 2414 2595 2415 2416 2596 2595 2415 2596 
2416 2417 2597 2596 2416 2597 2417 2418 2598 
2597 2417 2598 2418 2419 2599 2598 2418 2599 
2419 2420 2600 2599 2419 2600 2420 2421 2601 
2600 2420 2601 2421 2422 2602 2601 2421 2602 
2422 2423 2603 2602 2422 2603 2423 2424 2604 
2603 2423 2604 2424 2425 2605 2604 2424 2605 
2425 2426 2606 2605 2425 2606 2426 2427 2607 
2606 2426 2607 2427 2428 2608 2607 2427 2608 
2428 2429 2609 2608 2428 2609 2429 2430 2610 
2609 2429 2610 2430 2431 2611 2610 2430 2611 
2431 2432 2612 2611 2431 2612 2432 2433 2613 
2612 2432 2613 2433 2434 2614 2613 2433 2614 
2434 2435 2615 2614 2434 2615 2435 2436 2616 
2615 2435 2616 2436 2437 2617 2616 2436 2617 
2437 2438 2618 2617 2437 2618 2438 2439 2619 
2618 2438 2619 2439 2440 2620 2619 2439 2620 
2440 2441 2621 2620 2440 2621 2441 2442 2622 
2621 2441 2622 2442 2443 2623 2622 2442 2623 
2443 2444 2624 2623 2443 2624 2444 2445 2625 
2624 2444 2625 2445 2446 2626 2625 2445 2626 
2446 2447 2627 2626 2446 2627 2447 2448 2628 
2627 2447 2628 2448 2449 2629 2628 2448 2629 
2449 2450 2630 2629 2449 2630 2450 2451 2631 
2630 2450 2631 2451 2452 2632 2631 2451 2632 
2452 2453 2633 2632 2452 2633 2453 2454 2634 
2633 2453 2634 2454 2455 2635 2634 2454 2635 
2455 2456 2636 2635 2455 2636 2456 2457 2637 
2636 2456 2637 2457 2458 2638 2637 2457 2638 
2458 2459 2639 2638 2458 2639 2341 2400 2340 
2401 2400 2341 2342 2401 2341 2402 2401 2342 
2343 2402 2342 2403 2402 2343 2344 2403 2343 
2404 2403 2344 2345 2404 2344 2405 2404 2345 
2346 2405 2345 2406 2405 2346 2347 2406 2346 
2407 2406 2347 2348 2407 2347 2408 2407 2348 
2349 2408 2348 2409 2408 2349 2350 2409 2349 
2410 2409 2350 2351 2410 2350 2411 2410 2351 
2352 2411 2351 2412 2411 2352 2353 2412 2352 
2413 2412 2353 2354 2413 2353 2414 2413 2354 
2355 2414 2354 2415 2414 2355 2356 2415 2355 
2416 2415 2356 2357 2416 2356 2417 2416 2357 
2358 2417 2357 2418 2417 2358 2359 2418 2358 
2419 2418 2359 2360 2419 2359 2420 2419 2360 
2361 2420 2360 2421 2420 2361 2362 2421 2361 
2422 2421 2362 2363 2422 2362 2423 2422 2363 
2364 2423 2363 2424 2423 2364 2365 2424 2364 
2425 2424 2365 2366 2425 2365 2426 2425 2366 
2367 2426 2366 2427 2426 2367 2368 2427 2367 
2428 2427 2368 2369 2428 2368 2429 2428 2369 
2370 2429 2369 2430 2429 2370 2371 2430 2370 
2431 2430 2371 2372 2431 2371 2432 2431 2372 
2373 2432 2372 2433 2432 2373 2374 2433 2373 
2434 2433 2374 2375 2434 2374 2435 2434 2375 
2376 2435 2375 2436 2435 2376 2377 2436 2376 
2437 2436 2377 2378 2437 2377 2438 2437 2378 
2379 2438 2378 2439 2438 2379 2380 2439 2379 
2440 2439 2380 2381 2440 2380 2441 2440 2381 
2382 2441 2381 2442 2441 2382 2383 2442 2382 
2443 2442 2383 2384 2443 2383 2444 2443 2384 
2385 2444 2384 2445 2444 2385 2386 2445 2385 
2446 2445 2386 2387 2446 2386 2447 2446 2387 
2388 2447 2387 2448 2447 2388 2389 2448 2388 
2449 2448 2389 2390 2449 2389 2450 2449 2390 
2391 2450 2390 2451 2450 2391 2392 2451 2391 
2452 2451 2392 2393 2452 2392 2453 2452 2393 
2394 2453 2393 2454 2453 2394 2395 2454 2394 
2455 2454 2395 2396 2455 2395 2456 2455 2396 
2397 2456 2396 2457 2456 2397 2398 2457 2397 
2458 2457 2398 2399 2458 2398 2459 2458 2399 
2460 2521 2461 2520 2521 2460 2461 2522 2462 
2521 2522 2461 2462 2523 2463 2522 2523 2462 
2463 2524 2464 2523 2524 2463 2464 2525 2465 
2524 2525 2464 2465 2526 2466 2525 2526 2465 
2466 2527 2467 2526 2527 2466 2467 2528 2468 
2527 2528 2467 2468 2529 2469 2528 2529 2468 
2469 2530 2470 2529 2530 2469 2470 2531 2471 
2530 2531 2470 2471 2532 2472 2531 2532 2471 
2472 2533 2473 2532 2533 2472 2473 2534 2474 
2533 2534 2473 2474 2535 2475 2534 2535 2474 
2475 2536 2476 2535 2536 2475 2476 2537 2477 
2536 2537 2476 2477 2538 2478 2537 2538 2477 
2478 2539 2479 2538 2539 2478 2479 2540 2480 
2539 2540 2479 2480 2541 2481 2540 2541 2480 
2481 2542 2482 2541 2542 2481 2482 2543 2483 
2542 2543 2482 2483 2544 2484 2543 2544 2483 
2484 2545 2485 2544 2545 2484 2485 2546 2486 
2545 2546 2485 2486 2547 2487 2546 2547 2486 
2487 2548 2488 2547 2548 2487 2488 2549 2489 
2548 2549 2488 2489 2550 2490 2549 2550 2489 
2490 2551 2491 2550 2551 2490 2491 2552 2492 
2551 2552 2491 2492 2553 2493 2552 2553 2492 
2493 2554 2494 2553 2554 2493 2494 2555 2495 
2554 2555 2494 2495 2556 2496 2555 2556 2495 
2496 2557 2497 2556 2557 2496 2497 2558 2498 
2557 2558 2497 2498 2559 2499 2558 2559 2498 
2499 2560 2500 2559 2560 2499 2500 2561 2501 
2560 2561 2500 2501 2562 2502 2561 2562 2501 
2502 2563 2503 2562 2563 2502 2503 2564 2504 
2563 2564 2503 2504 2565 2505 2564 2565 2504 
2505 2566 2506 2565 2566 2505 2506 2567 2507 
2566 2567 2506 2507 2568 2508 2567 2568 2507 
2508 2569 2509 2568 2569 2508 2509 2570 2510 
2569 2570 2509 2510 2571 2511 2570 2571 2510 
2511 2572 2512 2571 2572 2511 2512 2573 2513 
2572 2573 2512 2513 2574 2514 2573 2574 2513 
2514 2575 2515 2574 2575 2514 2515 2576 2516 
2575 2576 2515 2516 2577 2517 2576 2577 2516 
2517 2578 2518 2577 2578 2517 2518 2579 2519 
2578 2579 2518 2521 2520 2640 2641 2521 2640 
2522 2521 2641 2642 2522 2641 2523 2522 2642 
2643 2523 2642 2524 2523 2643 2644 2524 2643 
2525 2524 2644 2645 2525 2644 2526 2525 2645 
2646 2526 2645 2527 2526 2646 2647 2527 2646 
2528 2527 2647 2648 2528 2647 2529 2528 2648 
2649 2529 2648 2530 2529 2649 2650 2530 2649 
2531 2530 2650 2651 2531 2650 2532 2531 2651 
2652 2532 2651 2533 2532 2652 2653 2533 2652 
2534 2533 2653 2654 2534 2653 2535 2534 2654 
2655 2535 2654 2536 2535 2655 2656 2536 2655 
2537 2536 2656 2657 2537 2656 2538 2537 2657 
2658 2538 2657 2539 2538 2658 2659 2539 2658 
2540 2539 2659 2660 2540 2659 2541 2540 2660 
2661 2541 2660 2542 2541 2661 2662 2542 2661 
2543 2542 2662 2663 2543 2662 2544 2543 2663 
2664 2544 2663 2545 2544 2664 2665 2545 2664 
2546 2545 2665 2666 2546 2665 2547 2546 2666 
2667 2547 2666 2548 2547 2667 2668 2548 2667 
2549 2548 2668 2669 2549 2668 2550 2549 2669 
2670 2550 2669 2551 2550 2670 2671 2551 2670 
2552 2551 2671 2672 2552 2671 2553 2552 2672 
2673 2553 2672 2554 2553 2673 2674 2554 2673 
2555 2554 2674 2675 2555 2674 2556 2555 2675 
2676 2556 2675 2557 2556 2676 2677 2557 2676 
2558 2557 2677 2678 2558 2677 2559 2558 2678 
2679 2559 2678 2560 2559 2679 2680 2560 2679 
2561 2560 2680 2681 2561 2680 2562 2561 2681 
2682 2562 2681 2563 2562 2682 2683 2563 2682 
2564 2563 2683 2684 2564 2683 2565 2564 2684 
2685 2565 2684 2566 2565 2685 2686 2566 2685 
2567 2566 2686 2687 2567 2686 2568 2567 2687 
2688 2568 2687 2569 2568 2688 2689 2569 2688 
2570 2569 2689 2690 2570 2689 2571 2570 2690 
2691 2571 2690 2572 2571 2691 2692 2572 2691 
2573 2572 2692 2693 2573 2692 2574 2573 2693 
2694 2574 2693 2575 2574 2694 2695 2575 2694 
2576 2575 2695 2696 2576 2695 2577 2576 2696 
2697 2577 2696 2578 2577 2697 2698 2578 2697 
2579 2578 2698 2699 2579 2698 2581 2701 2580 
2580 2701 2700 2582 2702 2581 2581 2702 2701 
2583 2703 2582 2582 2703 2702 2584 2704 2583 
2583 2704 2703 2585 2705 2584 2584 2705 2704 
2586 2706 2585 2585 2706 2705 2587 2707 2586 
2586 2707 2706 2588 2708 2587 2587 2708 2707 
2589 2709 2588 2588 2709 2708 2590 2710 2589 
2589 2710 2709 2591 2711 2590 2590 2711 2710 
2592 2712 2591 2591 2712 2711 2593 2713 2592 
2592 2713 2712 2594 2714 2593 2593 2714 2713 
2595 2715 2594 2594 2715 2714 2596 2716 2595 
2595 2716 2715 2597 2717 2596 2596 2717 2716 
2598 2718 2597 2597 2718 2717 2599 2719 2598 
2598 2719 2718 2600 2720 2599 2599 2720 2719 
2601 2721 2600 2600 2721 2720 2602 2722 2601 
2601 2722 2721 2603 2723 2602 2602 2723 2722 
2604 2724 2603 2603 2724 2723 2605 2725 2604 
2604 2725 2724 2606 2726 2605 2605 2726 2725 
2607 2727 2606 2606 2727 2726 2608 2728 2607 
2607 2728 2727 2609 2729 2608 2608 2729 2728 
2610 2730 2609 2609 2730 2729 2611 2731 2610 
2610 2731 2730 2612 2732 2611 2611 2732 2731 
2613 2733 2612 2612 2733 2732 2614 2734 2613 
2613 2734 2733 2615 2735 2614 2614 2735 2734 
2616 2736 2615 2615 2736 2735 2617 2737 2616 
2616 2737 2736 2618 2738 2617 2617 2738 2737 
2619 2739 2618 2618 2739 2738 2620 2740 2619 
2619 2740 2739 2621 2741 2620 2620 2741 2740 
2622 2742 2621 2621 2742 2741 2623 2743 2622 
2622 2743 2742 2624 2744 2623 2623 2744 2743 
2625 2745 2624 2624 2745 2744 2626 2746 2625 
2625 2746 2745 2627 2747 2626 2626 2747 2746 
2628 2748 2627 2627 2748 2747 2629 2749 2628 
2628 2749 2748 2630 2750 2629 2629 2750 2749 
2631 2751 2630 2630 2751 2750 2632 2752 2631 
2631 2752 2751 2633 2753 2632 2632 2753 2752 
2634 2754 2633 2633 2754 2753 2635 2755 2634 
2634 2755 2754 2636 2756 2635 2635 2756 2755 
2637 2757 2636 2636 2757 2756 2638 2758 2637 
2637 2758 2757 2639 2759 2638 2638 2759 2758 
2641 2640 2821 2640 2820 2821 2642 2641 2822 
2641 2821 2822 2643 2642 2823 2642 2822 2823 
2644 2643 2824 2643 2823 2824 2645 2644 2825 
2644 2824 2825 2646 2645 2826 2645 2825 2826 
2647 2646 2827 2646 2826 2827 2648 2647 2828 
2647 2827 2828 2649 2648 2829 2648 2828 2829 
2650 2649 2830 2649 2829 2830 2651 2650 2831 
2650 2830 2831 2652 2651 2832 2651 2831 2832 
2653 2652 2833 2652 2832 2833 2654 2653 2834 
2653 2833 2834 2655 2654 2835 2654 2834 2835 
2656 2655 2836 2655 2835 2836 2657 2656 2837 
2656 2836 2837 2658 2657 2838 2657 2837 2838 
2659 2658 2839 2658 2838 2839 2660 2659 2840 
2659 2839 2840 2661 2660 2841 2660 2840 2841 
2662 2661 2842 2661 2841 2842 2663 2662 2843 
2662 2842 2843 2664 2663 2844 2663 2843 2844 
2665 2664 2845 2664 2844 2845 2666 2665 2846 
2665 2845 2846 2667 2666 2847 2666 2846 2847 
2668 2667 2848 2667 2847 2848 2669 2668 2849 
2668 2848 2849 2670 2669 2850 2669 2849 2850 
2671 2670 2851 2670 2850 2851 2672 2671 2852 
2671 2851 2852 2673 2672 2853 2672 2852 2853 
2674 2673 2854 2673 2853 2854 2675 2674 2855 
2674 2854 2855 2676 2675 2856 2675 2855 2856 
2677 2676 2857 2676 2856 2857 2678 2677 2858 
2677 2857 2858 2679 2678 2859 2678 2858 2859 
2680 2679 2860 2679 2859 2860 2681 2680 2861 
2680 2860 2861 2682 2681 2862 2681 2861 2862 
2683 2682 2863 2682 2862 2863 2684 2683 2864 
2683 2863 2864 2685 2684 2865 2684 2864 2865 
2686 2685 2866 2685 2865 2866 2687 2686 2867 
2686 2866 2867 2688 2687 2868 2687 2867 2868 
2689 2688 2869 2688 2868 2869 2690 2689 2870 
2689 2869 2870 2691 2690 2871 2690 2870 2871 
2692 2691 2872 2691 2871 2872 2693 2692 2873 
2692 2872 2873 2694 2693 2874 2693 2873 2874 
2695 2694 2875 2694 2874 2875 2696 2695 2876 
2695 2875 2876 2697 2696 2877 2696 2876 2877 
2698 2697 2878 2697 2877 2878 2699 2698 2879 
2698 2878 2879 2760 2761 2941 2940 2760 2941 
2761 2762 2942 2941 2761 2942 2762 2763 2943 
2942 2762 2943 2763 2764 2944 2943 2763 2944 
2764 2765 2945 2944 2764 2945 2765 2766 2946 
2945 2765 2946 2766 2767 2947 2946 2766 2947 
2767 2768 2948 2947 2767 2948 2768 2769 2949 
2948 2768 2949 2769 2770 2950 2949 2769 2950 
2770 2771 2951 2950 2770 2951 2771 2772 2952 
2951 2771 2952 2772 2773 2953 2952 2772 2953 
2773 2774 2954 2953 2773 2954 2774 2775 2955 
2954 2774 2955 2775 2776 2956 2955 2775 2956 
2776 2777 2957 2956 2776 2957 2777 2778 2958 
2957 2777 2958 2778 2779 2959 2958 2778 2959 
2779 2780 2960 2959 2779 2960 2780 2781 2961 
2960 2780 2961 2781 2782 2962 2961 2781 2962 
2782 2783 2963 2962 2782 2963 2783 2784 2964 
2963 2783 2964 2784 2785 2965 2964 2784 2965 
2785 2786 2966 2965 2785 2966 2786 2787 2967 
2966 2786 2967 2787 2788 2968 2967 2787 2968 
2788 2789 2969 2968 2788 2969 2789 2790 2970 
2969 2789 2970 2790 2791 2971 2970 2790 2971 
2791 2792 2972 2971 2791 2972 2792 2793 2973 
2972 2792 2973 2793 2794 2974 2973 2793 2974 
2794 2795 2975 2974 2794 2975 2795 2796 2976 
2975 2795 2976 2796 2797 2977 2976 2796 2977 
2797 2798 2978 2977 2797 2978 2798 2799 2979 
2978 2798 2979 2799 2800 2980 2979 2799 2980 
2800 2801 2981 2980 2800 2981 2801 2802 2982 
2981 2801 2982 2802 2803 2983 2982 2802 2983 
2803 2804 2984 2983 2803 2984 2804 2805 2985 
2984 2804 2985 2805 2806 2986 2985 2805 2986 
2806 2807 2987 2986 2806 2987 2807 2808 2988 
2987 2807 2988 2808 2809 2989 2988 2808 2989 
2809 2810 2990 2989 2809 2990 2810 2811 2991 
2990 2810 2991 2811 2812 2992 2991 2811 2992 
2812 2813 2993 2992 2812 2993 2813 2814 2994 
2993 2813 2994 2814 2815 2995 2994 2814 2995 
2815 2816 2996 2995 2815 2996 2816 2817 2997 
2996 2816 2997 2817 2818 2998 2997 2817 2998 
2818 2819 2999 2998 2818 2999 2701 2760 2700 
2761 2760 2701 2702 2761 2701 2762 2761 2702 
2703 2762 2702 2763 2762 2703 2704 2763 2703 
2764 2763 2704 2705 2764 2704 2765 2764 2705 
2706 2765 2705 2766 2765 2706 2707 2766 2706 
2767 2766 2707 2708 2767 2707 2768 2767 2708 
2709 2768 2708 2769 2768 2709 2710 2769 2709 
2770 2769 2710 2711 2770 2710 2771 2770 2711 
2712 2771 2711 2772 2771 2712 2713 2772 2712 
2773 2772 2713 2714 2773 2713 2774 2773 2714 
2715 2774 2714 2775 2774 2715 2716 2775 2715 
2776 2775 2716 2717 2776 2716 2777 2776 2717 
2718 2777 2717 2778 2777 2718 2719 2778 2718 
2779 2778 2719 2720 2779 2719 2780 2779 2720 
2721 2780 2720 2781 2780 2721 2722 2781 2721 
2782 2781 2722 2723 2782 2722 2783 2782 2723 
2724 2783 2723 2784 2783 2724 2725 2784 2724 
2785 2784 2725 2726 2785 2725 2786 2785 2726 
2727 2786 2726 2787 2786 2727 2728 2787 2727 
2788 2787 2728 2729 2788 2728 2789 2788 2729 
2730 2789 2729 2790 2789 2730 2731 2790 2730 
2791 2790 2731 2732 2791 2731 2792 2791 2732 
2733 2792 2732 2793 2792 2733 2734 2793 2733 
2794 2793 2734 2735 2794 2734 2795 2794 2735 
2736 2795 2735 2796 2795 2736 2737 2796 2736 
2797 2796 2737 2738 2797 2737 2798 2797 2738 
2739 2798 2738 2799 2798 2739 2740 2799 2739 
2800 2799 2740 2741 2800 2740 2801 2800 2741 
2742 2801 2741 2802 2801 2742 2743 2802 2742 
2803 2802 2743 2744 2803 2743 2804 2803 2744 
2745 2804 2744 2805 2804 2745 2746 2805 2745 
2806 2805 2746 2747 2806 2746 2807 2806 2747 
2748 2807 2747 2808 2807 2748 2749 2808 2748 
2809 2808 2749 2750 2809 2749 2810 2809 2750 
2751 2810 2750 2811 2810 2751 2752 2811 2751 
2812 2811 2752 2753 2812 2752 2813 2812 2753 
2754 2813 2753 2814 2813 2754 2755 2814 2754 
2815 2814 2755 2756 2815 2755 2816 2815 2756 
2757 2816 2756 2817 2816 2757 2758 2817 2757 
2818 2817 2758 2759 2818 2758 2819 2818 2759 
2820 2881 2821 2880 2881 2820 2821 2882 2822 
2881 2882 2821 2822 2883 2823 2882 2883 2822 
2823 2884 2824 2883 2884 2823 2824 2885 2825 
2884 2885 2824 2825 2886 2826 2885 2886 2825 
2826 2887 2827 2886 2887 2826 2827 2888 2828 
2887 2888 2827 2828 2889 2829 2888 2889 2828 
2829 2890 2830 2889 2890 2829 2830 2891 2831 
2890 2891 2830 2831 2892 2832 2891 2892 2831 
2832 2893 2833 2892 2893 2832 2833 2894 2834 
2893 2894 2833 2834 2895 2835 2894 2895 2834 
2835 2896 2836 2895 2896 2835 2836 2897 2837 
2896 2897 2836 2837 2898 2838 2897 2898 2837 
2838 2899 2839 2898 2899 2838 2839 2900 2840 
2899 2900 2839 2840 2901 2841 2900 2901 2840 
2841 2902 2842 2901 2902 2841 2842 2903 2843 
2902 2903 2842 2843 2904 2844 2903 2904 2843 
2844 2905 2845 2904 2905 2844 2845 2906 2846 
2905 2906 2845 2846 2907 2847 2906 2907 2846 
2847 2908 2848 2907 2908 2847 2848 2909 2849 
2908 2909 2848 2849 2910 2850 2909 2910 2849 
2850 2911 2851 2910 2911 2850 2851 2912 2852 
2911 2912 2851 2852 2913 2853 2912 2913 2852 
2853 2914 2854 2913 2914 2853 2854 2915 2855 
2914 2915 2854 2855 2916 2856 2915 2916 2855 
2856 2917 2857 2916 2917 2856 2857 2918 2858 
2917 2918 2857 2858 2919 2859 2918 2919 2858 
2859 2920 2860 2919 2920 2859 2860 2921 2861 
2920 2921 2860 2861 2922 2862 2921 2922 2861 
2862 2923 2863 2922 2923 2862 2863 2924 2864 
2923 2924 2863 2864 2925 2865 2924 2925 2864 
2865 2926 2866 2925 2926 2865 2866 2927 2867 
2926 2927 2866 2867 2928 2868 2927 2928 2867 
2868 2929 2869 2928 2929 2868 2869 2930 2870 
2929 2930 2869 2870 2931 2871 2930 2931 2870 
2871 2932 2872 2931 2932 2871 2872 2933 2873 
2932 2933 2872 2873 2934 2874 2933 2934 2873 
2874 2935 2875 2934 2935 2874 2875 2936 2876 
2935 2936 2875 2876 2937 2877 2936 2937 2876 
2877 2938 2878 2937 2938 2877 2878 2939 2879 
2938 2939 2878 2881 2880 3000 3001 2881 3000 
2882 2881 3001 3002 2882 3001 2883 2882 3002 
3003 2883 3002 2884 2883 3003 3004 2884 3003 
2885 2884 3004 3005 2885 3004 2886 2885 3005 
3006 2886 3005 2887 2886 3006 3007 2887 3006 
2888 2887 3007 3008 2888 3007 2889 2888 3008 
3009 2889 3008 2890 2889 3009 3010 2890 3009 
2891 2890 3010 3011 2891 3010 2892 2891 3011 
3012 2892 3011 2893 2892 3012 3013 2893 3012 
2894 2893 3013 3014 2894 3013 2895 2894 3014 
3015 2895 3014 2896 2895 3015 3016 2896 3015 
2897 2896 3016 3017 2897 3016 2898 2897 3017 
3018 2898 3017 2899 2898 3018 3019 2899 3018 
2900 2899 3019 3020 2900 3019 2901 2900 3020 
3021 2901 3020 2902 2901 3021 3022 2902 3021 
2903 2902 3022 3023 2903 3022 2904 2903 3023 
3024 2904 3023 2905 2904 3024 3025 2905 3024 
2906 2905 3025 3026 2906 3025 2907 2906 3026 
3027 2907 3026 2908 2907 3027 3028 2908 3027 
2909 2908 3028 3029 2909 3028 2910 2909 3029 
3030 2910 3029 2911 2910 3030 3031 2911 3030 
2912 2911 3031 3032 2912 3031 2913 2912 3032 
3033 2913 3032 2914 2913 3033 3034 2914 3033 
2915 2914 3034 3035 2915 3034 2916 2915 3035 
3036 2916 3035 2917 2916 3036 3037 2917 3036 
2918 2917 3037 3038 2918 3037 2919 2918 3038 
3039 2919 3038 2920 2919 3039 3040 2920 3039 
2921 2920 3040 3041 2921 3040 2922 2921 3041 
3042 2922 3041 2923 2922 3042 3043 2923 3042 
2924 2923 3043 3044 2924 3043 2925 2924 3044 
3045 2925 3044 2926 2925 3045 3046 2926 3045 
2927 2926 3046 3047 2927 3046 2928 2927 3047 
3048 2928 3047 2929 2928 3048 3049 2929 3048 
2930 2929 3049 3050 2930 3049 2931 2930 3050 
3051 2931 3050 2932 2931 3051 3052 2932 3051 
2933 2932 3052 3053 2933 3052 2934 2933 3053 
3054 2934 3053 2935 2934 3054 3055 2935 3054 
2936 2935 3055 3056 2936 3055 2937 2936 3056 
3057 2937 3056 2938 2937 3057 3058 2938 3057 
2939 2938 3058 3059 2939 3058 2941 3061 2940 
2940 3061 3060 2942 3062 2941 2941 3062 3061 
2943 3063 2942 2942 3063 3062 2944 3064 2943 
2943 3064 3063 2945 3065 2944 2944 3065 3064 
2946 3066 2945 2945 3066 3065 2947 3067 2946 
2946 3067 3066 2948 3068 2947 2947 3068 3067 
2949 3069 2948 2948 3069 3068 2950 3070 2949 
2949 3070 3069 2951 3071 2950 2950 3071 3070 
2952 3072 2951 2951 3072 3071 2953 3073 2952 
2952 3073 3072 2954 3074 2953 2953 3074 3073 
2955 3075 2954 2954 3075 3074 2956 3076 2955 
2955 3076 3075 2957 3077 2956 2956 3077 3076 
2958 3078 2957 2957 3078 3077 2959 3079 2958 
2958 3079 3078 2960 3080 2959 2959 3080 3079 
2961 3081 2960 2960 3081 3080 2962 3082 2961 
2961 3082 3081 2963 3083 2962 2962 3083 3082 
2964 3084 2963 2963 3084 3083 2965 3085 2964 
2964 3085 3084 2966 3086 2965 2965 3086 3085 
2967 3087 2966 2966 3087 3086 2968 3088 2967 
2967 3088 3087 2969 3089 2968 2968 3089 3088 
2970 3090 2969 2969 3090 3089 2971 3091 2970 
2970 3091 3090 2972 3092 2971 2971 3092 3091 
2973 3093 2972 2972 3093 3092 2974 3094 2973 
2973 3094 3093 2975 3095 2974 2974 3095 3094 
2976 3096 2975 2975 3096 3095 2977 3097 2976 
2976 3097 3096 2978 3098 2977 2977 3098 3097 
2979 3099 2978 2978 3099 3098 2980 3100 2979 
2979 3100 3099 2981 3101 2980 2980 3101 3100 
2982 3102 2981 2981 3102 3101 2983 3103 2982 
2982 3103 3102 2984 3104 2983 2983 3104 3103 
2985 3105 2984 2984 3105 3104 2986 3106 2985 
2985 3106 3105 2987 3107 2986 2986 3107 3106 
2988 3108 2987 2987 3108 3107 2989 3109 2988 
2988 3109 3108 2990 3110 2989 2989 3110 3109 
2991 3111 2990 2990 3111 3110 2992 3112 2991 
2991 3112 3111 2993 3113 2992 2992 3113 3112 
2994 3114 2993 2993 3114 3113 2995 3115 2994 
2994 3115 3114 2996 3116 2995 2995 3116 3115 
2997 3117 2996 2996 3117 3116 2998 3118 2997 
2997 3118 3117 2999 3119 2998 2998 3119 3118 
3001 3000 3121 3000 3120 3121 3002 3001 3122 
3001 3121 3122 3003 3002 3123 3002 3122 3123 
3004 3003 3124 3003 3123 3124 3005 3004 3125 
3004 3124 3125 3006 3005 3126 3005 3125 3126 
3007 3006 3127 3006 3126 3127 3008 3007 3128 
3007 3127 3128 3009 3008 3129 3008 3128 3129 
3010 3009 3130 3009 3129 3130 3011 3010 3131 
3010 3130 3131 3012 3011 3132 3011 3131 3132 
3013 3012 3133 3012 3132 3133 3014 3013 3134 
3013 3133 3134 3015 3014 3135 3014 3134 3135 
3016 3015 3136 3015 3135 3136 3017 3016 3137 
3016 3136 3137 3018 3017 3138 3017 3137 3138 
3019 3018 3139 3018 3138 3139 3020 3019 3140 
3019 3139 3140 3021 3020 3141 3020 3140 3141 
3022 3021 3142 3021 3141 3142 3023 3022 3143 
3022 3142 3143 3024 3023 3144 3023 3143 3144 
3025 3024 3145 3024 3144 3145 3026 3025 3146 
3025 3145 3146 3027 3026 3147 3026 3146 3147 
3028 3027 3148 3027 3147 3148 3029 3028 3149 
3028 3148 3149 3030 3029 3150 3029 3149 3150 
3031 3030 3151 3030 3150 3151 3032 3031 3152 
3031 3151 3152 3033 3032 3153 3032 3152 3153 
3034 3033 3154 3033 3153 3154 3035 3034 3155 
3034 3154 3155 3036 3035 3156 3035 3155 3156 
3037 3036 3157 3036 3156 3157 3038 3037 3158 
3037 3157 3158 3039 3038 3159 3038 3158 3159 
3040 3039 3160 3039 3159 3160 3041 3040 3161 
3040 3160 3161 3042 3041 3162 3041 3161 3162 
3043 3042 3163 3042 3162 3163 3044 3043 3164 
3043 3163 3164 3045 3044 3165 3044 3164 3165 
3046 3045 3166 3045 3165 3166 3047 3046 3167 
3046 3166 3167 3048 3047 3168 3047 3167 3168 
3049 3048 3169 3048 3168 3169 3050 3049 3170 
3049 3169 3170 3051 3050 3171 3050 3170 3171 
3052 3051 3172 3051 3171 3172 3053 3052 3173 
3052 3172 3173 3054 3053 3174 3053 3173 3174 
3055 3054 3175 3054 3174 3175 3056 3055 3176 
3055 3175 3176 3057 3056 3177 3056 3176 3177 
3058 3057 3178 3057 3177 3178 3059 3058 3179 
3058 3178 3179 3061 3181 3060 3060 3181 3180 
3062 3182 3061 3061 3182 3181 3063 3183 3062 
3062 3183 3182 3064 3184 3063 3063 3184 3183 
3065 3185 3064 3064 3185 3184 3066 3186 3065 
3065 3186 3185 3067 3187 3066 3066 3187 3186 
3068 3188 3067 3067 3188 3187 3069 3189 3068 
3068 3189 3188 3070 3190 3069 3069 3190 3189 
3071 3191 3070 3070 3191 3190 3072 3192 3071 
3071 3192 3191 3073 3193 3072 3072 3193 3192 
3074 3194 3073 3073 3194 3193 3075 3195 3074 
3074 3195 3194 3076 3196 3075 3075 3196 3195 
3077 3197 3076 3076 3197 3196 3078 3198 3077 
3077 3198 3197 3079 3199 3078 3078 3199 3198 
3080 3200 3079 3079 3200 3199 3081 3201 3080 
3080 3201 3200 3082 3202 3081 3081 3202 3201 
3083 3203 3082 3082 3203 3202 3084 3204 3083 
3083 3204 3203 3085 3205 3084 3084 3205 3204 
3086 3206 3085 3085 3206 3205 3087 3207 3086 
3086 3207 3206 3088 3208 3087 3087 3208 3207 
3089 3209 3088 3088 3209 3208 3090 3210 3089 
3089 3210 3209 3091 3211 3090 3090 3211 3210 
3092 3212 3091 3091 3212 3211 3093 3213 3092 
3092 3213 3212 3094 3214 3093 3093 3214 3213 
3095 3215 3094 3094 3215 3214 3096 3216 3095 
3095 3216 3215 3097 3217 3096 3096 3217 3216 
3098 3218 3097 3097 3218 3217 3099 3219 3098 
3098 3219 3218 3100 3220 3099 3099 3220 3219 
3101 3221 3100 3100 3221 3220 3102 3222 3101 
3101 3222 3221 3103 3223 3102 3102 3223 3222 
3104 3224 3103 3103 3224 3223 3105 3225 3104 
3104 3225 3224 3106 3226 3105 3105 3226 3225 
3107 3227 3106 3106 3227 3226 3108 3228 3107 
3107 3228 3227 3109 3229 3108 3108 3229 3228 
3110 3230 3109 3109 3230 3229 3111 3231 3110 
3110 3231 3230 3112 3232 3111 3111 3232 3231 
3113 3233 3112 3112 3233 3232 3114 3234 3113 
3113 3234 3233 3115 3235 3114 3114 3235 3234 
3116 3236 3115 3115 3236 3235 3117 3237 3116 
3116 3237 3236 3118 3238 3117 3117 3238 3237 
3119 3239 3118 3118 3239 3238 3121 3120 3241 
3120 3240 3241 3122 3121 3242 3121 3241 3242 
3123 3122 3243 3122 3242 3243 3124 3123 3244 
3123 3243 3244 3125 3124 3245 3124 3244 3245 
3126 3125 3246 3125 3245 3246 3127 3126 3247 
3126 3246 3247 3128 3127 3248 3127 3247 3248 
3129 3128 3249 3128 3248 3249 3130 3129 3250 
3129 3249 3250 3131 3130 3251 3130 3250 3251 
3132 3131 3252 3131 3251 3252 3133 3132 3253 
3132 3252 3253 3134 3133 3254 3133 3253 3254 
3135 3134 3255 3134 3254 3255 3136 3135 3256 
3135 3255 3256 3137 3136 3257 3136 3256 3257 
3138 3137 3258 3137 3257 3258 3139 3138 3259 
3138 3258 3259 3140 3139 3260 3139 3259 3260 
3141 3140 3261 3140 3260 3261 3142 3141 3262 
3141 3261 3262 3143 3142 3263 3142 3262 3263 
3144 3143 3264 3143 3263 3264 3145 3144 3265 
3144 3264 3265 3146 3145 3266 3145 3265 3266 
3147 3146 3267 3146 3266 3267 3148 3147 3268 
3147 3267 3268 3149 3148 3269 3148 3268 3269 
3150 3149 3270 3149 3269 3270 3151 3150 3271 
3150 3270 3271 3152 3151 3272 3151 3271 3272 
3153 3152 3273 3152 3272 3273 3154 3153 3274 
3153 3273 3274 3155 3154 3275 3154 3274 3275 
3156 3155 3276 3155 3275 3276 3157 3156 3277 
3156 3276 3277 3158 3157 3278 3157 3277 3278 
3159 3158 3279 3158 3278 3279 3160 3159 3280 
3159 3279 3280 3161 3160 3281 3160 3280 3281 
3162 3161 3282 3161 3281 3282 3163 3162 3283 
3162 3282 3283 3164 3163 3284 3163 3283 3284 
3165 3164 3285 3164 3284 3285 3166 3165 3286 
3165 3285 3286 3167 3166 3287 3166 3286 3287 
3168 3167 3288 3167 3287 3288 3169 3168 3289 
3168 3288 3289 3170 3169 3290 3169 3289 3290 
3171 3170 3291 3170 3290 3291 3172 3171 3292 
3171 3291 3292 3173 3172 3293 3172 3292 3293 
3174 3173 3294 3173 3293 3294 3175 3174 3295 
3174 3294 3295 3176 3175 3296 3175 3295 3296 
3177 3176 3297 3176 3296 3297 3178 3177 3298 
3177 3297 3298 3179 3178 3299 3178 3298 3299 
3181 3301 3180 3180 3301 3300 3182 3302 3181 
3181 3302 3301 3183 3303 3182 3182 3303 3302 
3184 3304 3183 3183 3304 3303 3185 3305 3184 
3184 3305 3304 3186 3306 3185 3185 3306 3305 
3187 3307 3186 3186 3307 3306 3188 3308 3187 
3187 3308 3307 3189 3309 3188 3188 3309 3308 
3190 3310 3189 3189 3310 3309 3191 3311 3190 
3190 3311 3310 3192 3312 3191 3191 3312 3311 
3193 3313 3192 3192 3313 3312 3194 3314 3193 
3193 3314 3313 3195 3315 3194 3194 3315 3314 
3196 3316 3195 3195 3316 3315 3197 3317 3196 
3196 3317 3316 3198 3318 3197 3197 3318 3317 
3199 3319 3198 3198 3319 3318 3200 3320 3199 
3199 3320 3319 3201 3321 3200 3200 3321 3320 
3202 3322 3201 3201 3322 3321 3203 3323 3202 
3202 3323 3322 3204 3324 3203 3203 3324 3323 
3205 3325 3204 3204 3325 3324 3206 3326 3205 
3205 3326 3325 3207 3327 3206 3206 3327 3326 
3208 3328 3207 3207 3328 3327 3209 3329 3208 
3208 3329 3328 3210 3330 3209 3209 3330 3329 
3211 3331 3210 3210 3331 3330 3212 3332 3211 
3211 3332 3331 3213 3333 3212 3212 3333 3332 
3214 3334 3213 3213 3334 3333 3215 3335 3214 
3214 3335 3334 3216 3336 3215 3215 3336 3335 
3217 3337 3216 3216 3337 3336 3218 3338 3217 
3217 3338 3337 3219 3339 3218 3218 3339 3338 
3220 3340 3219 3219 3340 3339 3221 3341 3220 
3220 3341 3340 3222 3342 3221 3221 3342 3341 
3223 3343 3222 3222 3343 3342 3224 3344 3223 
3223 3344 3343 3225 3345 3224 3224 3345 3344 
3226 3346 3225 3225 3346 3345 3227 3347 3226 
3226 3347 3346 3228 3348 3227 3227 3348 3347 
3229 3349 3228 3228 3349 3348 3230 3350 3229 
3229 3350 3349 3231 3351 3230 3230 3351 3350 
3232 3352 3231 3231 3352 3351 3233 3353 3232 
3232 3353 3352 3234 3354 3233 3233 3354 3353 
3235 3355 3234 3234 3355 3354 3236 3356 3235 
3235 3356 3355 3237 3357 3236 3236 3357 3356 
3238 3358 3237 3237 3358 3357 3239 3359 3238 
3238 3359 3358 3241 3240 3361 3240 3360 3361 
3242 3241 3362 3241 3361 3362 3243 3242 3363 
3242 3362 3363 3244 3243 3364 3243 3363 3364 
3245 3244 3365 3244 3364 3365 3246 3245 3366 
3245 3365 3366 3247 3246 3367 3246 3366 3367 
3248 3247 3368 3247 3367 3368 3249 3248 3369 
3248 3368 3369 3250 3249 3370 3249 3369 3370 
3251 3250 3371 3250 3370 3371 3252 3251 3372 
3251 3371 3372 3253 3252 3373 3252 3372 3373 
3254 3253 3374 3253 3373 3374 3255 3254 3375 
3254 3374 3375 3256 3255 3376 3255 3375 3376 
3257 3256 3377 3256 3376 3377 3258 3257 3378 
3257 3377 3378 3259 3258 3379 3258 3378 3379 
3260 3259 3380 3259 3379 3380 3261 3260 3381 
3260 3380 3381 3262 3261 3382 3261 3381 3382 
3263 3262 3383 3262 3382 3383 3264 3263 3384 
3263 3383 3384 3265 3264 3385 3264 3384 3385 
3266 3265 3386 3265 3385 3386 3267 3266 3387 
3266 3386 3387 3268 3267 3388 3267 3387 3388 
3269 3268 3389 3268 3388 3389 3270 3269 3390 
3269 3389 3390 3271 3270 3391 3270 3390 3391 
3272 3271 3392 3271 3391 3392 3273 3272 3393 
3272 3392 3393 3274 3273 3394 3273 3393 3394 
3275 3274 3395 3274 3394 3395 3276 3275 3396 
3275 3395 3396 3277 3276 3397 3276 3396 3397 
3278 3277 3398 3277 3397 3398 3279 3278 3399 
3278 3398 3399 3280 3279 3400 3279 3399 3400 
3281 3280 3401 3280 3400 3401 3282 3281 3402 
3281 3401 3402 3283 3282 3403 3282 3402 3403 
3284 3283 3404 3283 3403 3404 3285 3284 3405 
3284 3404 3405 3286 3285 3406 3285 3405 3406 
3287 3286 3407 3286 3406 3407 3288 3287 3408 
3287 3407 3408 3289 3288 3409 3288 3408 3409 
3290 3289 3410 3289 3409 3410 3291 3290 3411 
3290 3410 3411 3292 3291 3412 3291 3411 3412 
3293 3292 3413 3292 3412 3413 3294 3293 3414 
3293 3413 3414 3295 3294 3415 3294 3414 3415 
3296 3295 3416 3295 3415 3416 3297 3296 3417 
3296 3416 3417 3298 3297 3418 3297 3417 3418 
3299 3298 3419 3298 3418 3419 3301 3421 3300 
3300 3421 3420 3302 3422 3301 3301 3422 3421 
3303 3423 3302 3302 3423 3422 3304 3424 3303 
3303 3424 3423 3305 3425 3304 3304 3425 3424 
3306 3426 3305 3305 3426 3425 3307 3427 3306 
3306 3427 3426 3308 3428 3307 3307 3428 3427 
3309 3429 3308 3308 3429 3428 3310 3430 3309 
3309 3430 3429 3311 3431 3310 3310 3431 3430 
3312 3432 3311 3311 3432 3431 3313 3433 3312 
3312 3433 3432 3314 3434 3313 3313 3434 3433 
3315 3435 3314 3314 3435 3434 3316 3436 3315 
3315 3436 3435 3317 3437 3316 3316 3437 3436 
3318 3438 3317 3317 3438 3437 3319 3439 3318 
3318 3439 3438 3320 3440 3319 3319 3440 3439 
3321 3441 3320 3320 3441 3440 3322 3442 3321 
3321 3442 3441 3323 3443 3322 3322 3443 3442 
3324 3444 3323 3323 3444 3443 3325 3445 3324 
3324 3445 3444 3326 3446 3325 3325 3446 3445 
3327 3447 3326 3326 3447 3446 3328 3448 3327 
3327 3448 3447 3329 3449 3328 3328 3449 3448 
3330 3450 3329 3329 3450 3449 3331 3451 3330 
3330 3451 3450 3332 3452 3331 3331 3452 3451 
3333 3453 3332 3332 3453 3452 3334 3454 3333 
3333 3454 3453 3335 3455 3334 3334 3455 3454 
3336 3456 3335 3335 3456 3455 3337 3457 3336 
3336 3457 3456 3338 3458 3337 3337 3458 3457 
3339 3459 3338 3338 3459 3458 3340 3460 3339 
3339 3460 3459 3341 3461 3340 3340 3461 3460 
3342 3462 3341 3341 3462 3461 3343 3463 3342 
3342 3463 3462 3344 3464 3343 3343 3464 3463 
3345 3465 3344 3344 3465 3464 3346 3466 3345 
3345 3466 3465 3347 3467 3346 3346 3467 3466 
3348 3468 3347 3347 3468 3467 3349 3469 3348 
3348 3469 3468 3350 3470 3349 3349 3470 3469 
3351 3471 3350 3350 3471 3470 3352 3472 3351 
3351 3472 3471 3353 3473 3352 3352 3473 3472 
3354 3474 3353 3353 3474 3473 3355 3475 3354 
3354 3475 3474 3356 3476 3355 3355 3476 3475 
3357 3477 3356 3356 3477 3476 3358 3478 3357 
3357 3478 3477 3359 3479 3358 3358 3479 3478 
3361 3360 3541 3360 3540 3541 3362 3361 3542 
3361 3541 3542 3363 3362 3543 3362 3542 3543 
3364 3363 3544 3363 3543 3544 3365 3364 3545 
3364 3544 3545 3366 3365 3546 3365 3545 3546 
3367 3366 3547 3366 3546 3547 3368 3367 3548 
3367 3547 3548 3369 3368 3549 3368 3548 3549 
3370 3369 3550 3369 3549 3550 3371 3370 3551 
3370 3550 3551 3372 3371 3552 3371 3551 3552 
3373 3372 3553 3372 3552 3553 3374 3373 3554 
3373 3553 3554 3375 3374 3555 3374 3554 3555 
3376 3375 3556 3375 3555 3556 3377 3376 3557 
3376 3556 3557 3378 3377 3558 3377 3557 3558 
3379 3378 3559 3378 3558 3559 3380 3379 3560 
3379 3559 3560 3381 3380 3561 3380 3560 3561 
3382 3381 3562 3381 3561 3562 3383 3382 3563 
3382 3562 3563 3384 3383 3564 3383 3563 3564 
3385 3384 3565 3384 3564 3565 3386 3385 3566 
3385 3565 3566 3387 3386 3567 3386 3566 3567 
3388 3387 3568 3387 3567 3568 3389 3388 3569 
3388 3568 3569 3390 3389 3570 3389 3569 3570 
3391 3390 3571 3390 3570 3571 3392 3391 3572 
3391 3571 3572 3393 3392 3573 3392 3572 3573 
3394 3393 3574 3393 3573 3574 3395 3394 3575 
3394 3574 3575 3396 3395 3576 3395 3575 3576 
3397 3396 3577 3396 3576 3577 3398 3397 3578 
3397 3577 3578 3399 3398 3579 3398 3578 3579 
3400 3399 3580 3399 3579 3580 3401 3400 3581 
3400 3580 3581 3402 3401 3582 3401 3581 3582 
3403 3402 3583 3402 3582 3583 3404 3403 3584 
3403 3583 3584 3405 3404 3585 3404 3584 3585 
3406 3405 3586 3405 3585 3586 3407 3406 3587 
3406 3586 3587 3408 3407 3588 3407 3587 3588 
3409 3408 3589 3408 3588 3589 3410 3409 3590 
3409 3589 3590 3411 3410 3591 3410 3590 3591 
3412 3411 3592 3411 3591 3592 3413 3412 3593 
3412 3592 3593 3414 3413 3594 3413 3593 3594 
3415 3414 3595 3414 3594 3595 3416 3415 3596 
3415 3595 3596 3417 3416 3597 3416 3596 3597 
3418 3417 3598 3417 3597 3598 3419 3418 3599 
3418 3598 3599 3480 3481 3661 3660 3480 3661 
3481 3482 3662 3661 3481 3662 3482 3483 3663 
3662 3482 3663 3483 3484 3664 3663 3483 3664 
3484 3485 3665 3664 3484 3665 3485 3486 3666 
3665 3485 3666 3486 3487 3667 3666 3486 3667 
3487 3488 3668 3667 3487 3668 3488 3489 3669 
3668 3488 3669 3489 3490 3670 3669 3489 3670 
3490 3491 3671 3670 3490 3671 3491 3492 3672 
3671 3491 3672 3492 3493 3673 3672 3492 3673 
3493 3494 3674 3673 3493 3674 3494 3495 3675 
3674 3494 3675 3495 3496 3676 3675 3495 3676 
3496 3497 3677 3676 3496 3677 3497 3498 3678 
3677 3497 3678 3498 3499 3679 3678 3498 3679 
3499 3500 3680 3679 3499 3680 3500 3501 3681 
3680 3500 3681 3501 3502 3682 3681 3501 3682 
3502 3503 3683 3682 3502 3683 3503 3504 3684 
3683 3503 3684 3504 3505 3685 3684 3504 3685 
3505 3506 3686 3685 3505 3686 3506 3507 3687 
3686 3506 3687 3507 3508 3688 3687 3507 3688 
3508 3509 3689 3688 3508 3689 3509 3510 3690 
3689 3509 3690 3510 3511 3691 3690 3510 3691 
3511 3512 3692 3691 3511 3692 3512 3513 3693 
3692 3512 3693 3513 3514 3694 3693 3513 3694 
3514 3515 3695 3694 3514 3695 3515 3516 3696 
3695 3515 3696 3516 3517 3697 3696 3516 3697 
3517 3518 3698 3697 3517 3698 3518 3519 3699 
3698 3518 3699 3519 3520 3700 3699 3519 3700 
3520 3521 3701 3700 3520 3701 3521 3522 3702 
3701 3521 3702 3522 3523 3703 3702 3522 3703 
3523 3524 3704 3703 3523 3704 3524 3525 3705 
3704 3524 3705 3525 3526 3706 3705 3525 3706 
3526 3527 3707 3706 3526 3707 3527 3528 3708 
3707 3527 3708 3528 3529 3709 3708 3528 3709 
3529 3530 3710 3709 3529 3710 3530 3531 3711 
3710 3530 3711 3531 3532 3712 3711 3531 3712 
3532 3533 3713 3712 3532 3713 3533 3534 3714 
3713 3533 3714 3534 3535 3715 3714 3534 3715 
3535 3536 3716 3715 3535 3716 3536 3537 3717 
3716 3536 3717 3537 3538 3718 3717 3537 3718 
3538 3539 3719 3718 3538 3719 3421 3480 3420 
3481 3480 3421 3422 3481 3421 3482 3481 3422 
3423 3482 3422 3483 3482 3423 3424 3483 3423 
3484 3483 3424 3425 3484 3424 3485 3484 3425 
3426 3485 3425 3486 3485 3426 3427 3486 3426 
3487 3486 3427 3428 3487 3427 3488 3487 3428 
3429 3488 3428 3489 3488 3429 3430 3489 3429 
3490 3489 3430 3431 3490 3430 3491 3490 3431 
3432 3491 3431 3492 3491 3432 3433 3492 3432 
3493 3492 3433 3434 3493 3433 3494 3493 3434 
3435 3494 3434 3495 3494 3435 3436 3495 3435 
3496 3495 3436 3437 3496 3436 3497 3496 3437 
3438 3497 3437 3498 3497 3438 3439 3498 3438 
3499 3498 3439 3440 3499 3439 3500 3499 3440 
3441 3500 3440 3501 3500 3441 3442 3501 3441 
3502 3501 3442 3443 3502 3442 3503 3502 3443 
3444 3503 3443 3504 3503 3444 3445 3504 3444 
3505 3504 3445 3446 3505 3445 3506 3505 3446 
3447 3506 3446 3507 3506 3447 3448 3507 3447 
3508 3507 3448 3449 3508 3448 3509 3508 3449 
3450 3509 3449 3510 3509 3450 3451 3510 3450 
3511 3510 3451 3452 3511 3451 3512 3511 3452 
3453 3512 3452 3513 3512 3453 3454 3513 3453 
3514 3513 3454 3455 3514 3454 3515 3514 3455 
3456 3515 3455 3516 3515 3456 3457 3516 3456 
3517 3516 3457 3458 3517 3457 3518 3517 3458 
3459 3518 3458 3519 3518 3459 3460 3519 3459 
3520 3519 3460 3461 3520 3460 3521 3520 3461 
3462 3521 3461 3522 3521 3462 3463 3522 3462 
3523 3522 3463 3464 3523 3463 3524 3523 3464 
3465 3524 3464 3525 3524 3465 3466 3525 3465 
3526 3525 3466 3467 3526 3466 3527 3526 3467 
3468 3527 3467 3528 3527 3468 3469 3528 3468 
3529 3528 3469 3470 3529 3469 3530 3529 3470 
3471 3530 3470 3531 3530 3471 3472 3531 3471 
3532 3531 3472 3473 3532 3472 3533 3532 3473 
3474 3533 3473 3534 3533 3474 3475 3534 3474 
3535 3534 3475 3476 3535 3475 3536 3535 3476 
3477 3536 3476 3537 3536 3477 3478 3537 3477 
3538 3537 3478 3479 3538 3478 3539 3538 3479 
3540 3601 3541 3600 3601 3540 3541 3602 3542 
3601 3602 3541 3542 3603 3543 3602 3603 3542 
3543 3604 3544 3603 3604 3543 3544 3605 3545 
3604 3605 3544 3545 3606 3546 3605 3606 3545 
3546 3607 3547 3606 3607 3546 3547 3608 3548 
3607 3608 3547 3548 3609 3549 3608 3609 3548 
3549 3610 3550 3609 3610 3549 3550 3611 3551 
3610 3611 3550 3551 3612 3552 3611 3612 3551 
3552 3613 3553 3612 3613 3552 3553 3614 3554 
3613 3614 3553 3554 3615 3555 3614 3615 3554 
3555 3616 3556 3615 3616 3555 3556 3617 3557 
3616 3617 3556 3557 3618 3558 3617 3618 3557 
3558 3619 3559 3618 3619 3558 3559 3620 3560 
3619 3620 3559 3560 3621 3561 3620 3621 3560 
3561 3622 3562 3621 3622 3561 3562 3623 3563 
3622 3623 3562 3563 3624 3564 3623 3624 3563 
3564 3625 3565 3624 3625 3564 3565 3626 3566 
3625 3626 3565 3566 3627 3567 3626 3627 3566 
3567 3628 3568 3627 3628 3567 3568 3629 3569 
3628 3629 3568 3569 3630 3570 3629 3630 3569 
3570 3631 3571 3630 3631 3570 3571 3632 3572 
3631 3632 3571 3572 3633 3573 3632 3633 3572 
3573 3634 3574 3633 3634 3573 3574 3635 3575 
3634 3635 3574 3575 3636 3576 3635 3636 3575 
3576 3637 3577 3636 3637 3576 3577 3638 3578 
3637 3638 3577 3578 3639 3579 3638 3639 3578 
3579 3640 3580 3639 3640 3579 3580 3641 3581 
3640 3641 3580 3581 3642 3582 3641 3642 3581 
3582 3643 3583 3642 3643 3582 3583 3644 3584 
3643 3644 3583 3584 3645 3585 3644 3645 3584 
3585 3646 3586 3645 3646 3585 3586 3647 3587 
3646 3647 3586 3587 3648 3588 3647 3648 3587 
3588 3649 3589 3648 3649 3588 3589 3650 3590 
3649 3650 3589 3590 3651 3591 3650 3651 3590 
3591 3652 3592 3651 3652 3591 3592 3653 3593 
3652 3653 3592 3593 3654 3594 3653 3654 3593 
3594 3655 3595 3654 3655 3594 3595 3656 3596 
3655 3656 3595 3596 3657 3597 3656 3657 3596 
3597 3658 3598 3657 3658 3597 3598 3659 3599 
3658 3659 3598 3601 3600 3780 3781 3601 3780 
3602 3601 3781 3782 3602 3781 3603 3602 3782 
3783 3603 3782 3604 3603 3783 3784 3604 3783 
3605 3604 3784 3785 3605 3784 3606 3605 3785 
3786 3606 3785 3607 3606 3786 3787 3607 3786 
3608 3607 3787 3788 3608 3787 3609 3608 3788 
3789 3609 3788 3610 3609 3789 3790 3610 3789 
3611 3610 3790 3791 3611 3790 3612 3611 3791 
3792 3612 3791 3613 3612 3792 3793 3613 3792 
3614 3613 3793 3794 3614 3793 3615 3614 3794 
3795 3615 3794 3616 3615 3795 3796 3616 3795 
3617 3616 3796 3797 3617 3796 3618 3617 3797 
3798 3618 3797 3619 3618 3798 3799 3619 3798 
3620 3619 3799 3800 3620 3799 3621 3620 3800 
3801 3621 3800 3622 3621 3801 3802 3622 3801 
3623 3622 3802 3803 3623 3802 3624 3623 3803 
3804 3624 3803 3625 3624 3804 3805 3625 3804 
3626 3625 3805 3806 3626 3805 3627 3626 3806 
3807 3627 3806 3628 3627 3807 3808 3628 3807 
3629 3628 3808 3809 3629 3808 3630 3629 3809 
3810 3630 3809 3631 3630 3810 3811 3631 3810 
3632 3631 3811 3812 3632 3811 3633 3632 3812 
3813 3633 3812 3634 3633 3813 3814 3634 3813 
3635 3634 3814 3815 3635 3814 3636 3635 3815 
3816 3636 3815 3637 3636 3816 3817 3637 3816 
3638 3637 3817 3818 3638 3817 3639 3638 3818 
3819 3639 3818 3640 3639 3819 3820 3640 3819 
3641 3640 3820 3821 3641 3820 3642 3641 3821 
3822 3642 3821 3643 3642 3822 3823 3643 3822 
3644 3643 3823 3824 3644 3823 3645 3644 3824 
3825 3645 3824 3646 3645 3825 3826 3646 3825 
3647 3646 3826 3827 3647 3826 3648 3647 3827 
3828 3648 3827 3649 3648 3828 3829 3649 3828 
3650 3649 3829 3830 3650 3829 3651 3650 3830 
3831 3651 3830 3652 3651 3831 3832 3652 3831 
3653 3652 3832 3833 3653 3832 3654 3653 3833 
3834 3654 3833 3655 3654 3834 3835 3655 3834 
3656 3655 3835 3836 3656 3835 3657 3656 3836 
3837 3657 3836 3658 3657 3837 3838 3658 3837 
3659 3658 3838 3839 3659 3838 3660 3661 3721 
3720 3660 3721 3661 3662 3722 3721 3661 3722 
3662 3663 3723 3722 3662 3723 3663 3664 3724 
3723 3663 3724 3664 3665 3725 3724 3664 3725 
3665 3666 3726 3725 3665 3726 3666 3667 3727 
3726 3666 3727 3667 3668 3728 3727 3667 3728 
3668 3669 3729 3728 3668 3729 3669 3670 3730 
3729 3669 3730 3670 3671 3731 3730 3670 3731 
3671 3672 3732 3731 3671 3732 3672 3673 3733 
3732 3672 3733 3673 3674 3734 3733 3673 3734 
3674 3675 3735 3734 3674 3735 3675 3676 3736 
3735 3675 3736 3676 3677 3737 3736 3676 3737 
3677 3678 3738 3737 3677 3738 3678 3679 3739 
3738 3678 3739 3679 3680 3740 3739 3679 3740 
3680 3681 3741 3740 3680 3741 3681 3682 3742 
3741 3681 3742 3682 3683 3743 3742 3682 3743 
3683 3684 3744 3743 3683 3744 3684 3685 3745 
3744 3684 3745 3685 3686 3746 3745 3685 3746 
3686 3687 3747 3746 3686 3747 3687 3688 3748 
3747 3687 3748 3688 3689 3749 3748 3688 3749 
3689 3690 3750 3749 3689 3750 3690 3691 3751 
3750 3690 3751 3691 3692 3752 3751 3691 3752 
3692 3693 3753 3752 3692 3753 3693 3694 3754 
3753 3693 3754 3694 3695 3755 3754 3694 3755 
3695 3696 3756 3755 3695 3756 3696 3697 3757 
3756 3696 3757 3697 3698 3758 3757 3697 3758 
3698 3699 3759 3758 3698 3759 3699 3700 3760 
3759 3699 3760 3700 3701 3761 3760 3700 3761 
3701 3702 3762 3761 3701 3762 3702 3703 3763 
3762 3702 3763 3703 3704 3764 3763 3703 3764 
3704 3705 3765 3764 3704 3765 3705 3706 3766 
3765 3705 3766 3706 3707 3767 3766 3706 3767 
3707 3708 3768 3767 3707 3768 3708 3709 3769 
3768 3708 3769 3709 3710 3770 3769 3709 3770 
3710 3711 3771 3770 3710 3771 3711 3712 3772 
3771 3711 3772 3712 3713 3773 3772 3712 3773 
3713 3714 3774 3773 3713 3774 3714 3715 3775 
3774 3714 3775 3715 3716 3776 3775 3715 3776 
3716 3717 3777 3776 3716 3777 3717 3718 3778 
3777 3717 3778 3718 3719 3779 3778 3718 3779 
3721 3900 3720 3901 3900 3721 3722 3901 3721 
3902 3901 3722 3723 3902 3722 3903 3902 3723 
3724 3903 3723 3904 3903 3724 3725 3904 3724 
3905 3904 3725 3726 3905 3725 3906 3905 3726 
3727 3906 3726 3907 3906 3727 3728 3907 3727 
3908 3907 3728 3729 3908 3728 3909 3908 3729 
3730 3909 3729 3910 3909 3730 3731 3910 3730 
3911 3910 3731 3732 3911 3731 3912 3911 3732 
3733 3912 3732 3913 3912 3733 3734 3913 3733 
3914 3913 3734 3735 3914 3734 3915 3914 3735 
3736 3915 3735 3916 3915 3736 3737 3916 3736 
3917 3916 3737 3738 3917 3737 3918 3917 3738 
3739 3918 3738 3919 3918 3739 3740 3919 3739 
3920 3919 3740 3741 3920 3740 3921 3920 3741 
3742 3921 3741 3922 3921 3742 3743 3922 3742 
3923 3922 3743 3744 3923 3743 3924 3923 3744 
3745 3924 3744 3925 3924 3745 3746 3925 3745 
3926 3925 3746 3747 3926 3746 3927 3926 3747 
3748 3927 3747 3928 3927 3748 3749 3928 3748 
3929 3928 3749 3750 3929 3749 3930 3929 3750 
3751 3930 3750 3931 3930 3751 3752 3931 3751 
3932 3931 3752 3753 3932 3752 3933 3932 3753 
3754 3933 3753 3934 3933 3754 3755 3934 3754 
3935 3934 3755 3756 3935 3755 3936 3935 3756 
3757 3936 3756 3937 3936 3757 3758 3937 3757 
3938 3937 3758 3759 3938 3758 3939 3938 3759 
3760 3939 3759 3940 3939 3760 3761 3940 3760 
3941 3940 3761 3762 3941 3761 3942 3941 3762 
3763 3942 3762 3943 3942 3763 3764 3943 3763 
3944 3943 3764 3765 3944 3764 3945 3944 3765 
3766 3945 3765 3946 3945 3766 3767 3946 3766 
3947 3946 3767 3768 3947 3767 3948 3947 3768 
3769 3948 3768 3949 3948 3769 3770 3949 3769 
3950 3949 3770 3771 3950 3770 3951 3950 3771 
3772 3951 3771 3952 3951 3772 3773 3952 3772 
3953 3952 3773 3774 3953 3773 3954 3953 3774 
3775 3954 3774 3955 3954 3775 3776 3955 3775 
3956 3955 3776 3777 3956 3776 3957 3956 3777 
3778 3957 3777 3958 3957 3778 3779 3958 3778 
3959 3958 3779 3840 3961 3841 3960 3961 3840 
3841 3962 3842 3961 3962 3841 3842 3963 3843 
3962 3963 3842 3843 3964 3844 3963 3964 3843 
3844 3965 3845 3964 3965 3844 3845 3966 3846 
3965 3966 3845 3846 3967 3847 3966 3967 3846 
3847 3968 3848 3967 3968 3847 3848 3969 3849 
3968 3969 3848 3849 3970 3850 3969 3970 3849 
3850 3971 3851 3970 3971 3850 3851 3972 3852 
3971 3972 3851 3852 3973 3853 3972 3973 3852 
3853 3974 3854 3973 3974 3853 3854 3975 3855 
3974 3975 3854 3855 3976 3856 3975 3976 3855 
3856 3977 3857 3976 3977 3856 3857 3978 3858 
3977 3978 3857 3858 3979 3859 3978 3979 3858 
3859 3980 3860 3979 3980 3859 3860 3981 3861 
3980 3981 3860 3861 3982 3862 3981 3982 3861 
3862 3983 3863 3982 3983 3862 3863 3984 3864 
3983 3984 3863 3864 3985 3865 3984 3985 3864 
3865 3986 3866 3985 3986 3865 3866 3987 3867 
3986 3987 3866 3867 3988 3868 3987 3988 3867 
3868 3989 3869 3988 3989 3868 3869 3990 3870 
3989 3990 3869 3870 3991 3871 3990 3991 3870 
3871 3992 3872 3991 3992 3871 3872 3993 3873 
3992 3993 3872 3873 3994 3874 3993 3994 3873 
3874 3995 3875 3994 3995 3874 3875 3996 3876 
3995 3996 3875 3876 3997 3877 3996 3997 3876 
3877 3998 3878 3997 3998 3877 3878 3999 3879 
3998 3999 3878 3879 4000 3880 3999 4000 3879 
3880 4001 3881 4000 4001 3880 3881 4002 3882 
4001 4002 3881 3882 4003 3883 4002 4003 3882 
3883 4004 3884 4003 4004 3883 3884 4005 3885 
4004 4005 3884 3885 4006 3886 4005 4006 3885 
3886 4007 3887 4006 4007 3886 3887 4008 3888 
4007 4008 3887 3888 4009 3889 4008 4009 3888 
3889 4010 3890 4009 4010 3889 3890 4011 3891 
4010 4011 3890 3891 4012 3892 4011 4012 3891 
3892 4013 3893 4012 4013 3892 3893 4014 3894 
4013 4014 3893 3894 4015 3895 4014 4015 3894 
3895 4016 3896 4015 4016 3895 3896 4017 3897 
4016 4017 3896 3897 4018 3898 4017 4018 3897 
3898 4019 3899 4018 4019 3898 3781 3780 3840 
3841 3781 3840 3782 3781 3841 3842 3782 3841 
3783 3782 3842 3843 3783 3842 3784 3783 3843 
3844 3784 3843 3785 3784 3844 3845 3785 3844 
3786 3785 3845 3846 3786 3845 3787 3786 3846 
3847 3787 3846 3788 3787 3847 3848 3788 3847 
3789 3788 3848 3849 3789 3848 3790 3789 3849 
3850 3790 3849 3791 3790 3850 3851 3791 3850 
3792 3791 3851 3852 3792 3851 3793 3792 3852 
3853 3793 3852 3794 3793 3853 3854 3794 3853 
3795 3794 3854 3855 3795 3854 3796 3795 3855 
3856 3796 3855 3797 3796 3856 3857 3797 3856 
3798 3797 3857 3858 3798 3857 3799 3798 3858 
3859 3799 3858 3800 3799 3859 3860 3800 3859 
3801 3800 3860 3861 3801 3860 3802 3801 3861 
3862 3802 3861 3803 3802 3862 3863 3803 3862 
3804 3803 3863 3864 3804 3863 3805 3804 3864 
3865 3805 3864 3806 3805 3865 3866 3806 3865 
3807 3806 3866 3867 3807 3866 3808 3807 3867 
3868 3808 3867 3809 3808 3868 3869 3809 3868 
3810 3809 3869 3870 3810 3869 3811 3810 3870 
3871 3811 3870 3812 3811 3871 3872 3812 3871 
3813 3812 3872 3873 3813 3872 3814 3813 3873 
3874 3814 3873 3815 3814 3874 3875 3815 3874 
3816 3815 3875 3876 3816 3875 3817 3816 3876 
3877 3817 3876 3818 3817 3877 3878 3818 3877 
3819 3818 3878 3879 3819 3878 3820 3819 3879 
3880 3820 3879 3821 3820 3880 3881 3821 3880 
3822 3821 3881 3882 3822 3881 3823 3822 3882 
3883 3823 3882 3824 3823 3883 3884 3824 3883 
3825 3824 3884 3885 3825 3884 3826 3825 3885 
3886 3826 3885 3827 3826 3886 3887 3827 3886 
3828 3827 3887 3888 3828 3887 3829 3828 3888 
3889 3829 3888 3830 3829 3889 3890 3830 3889 
3831 3830 3890 3891 3831 3890 3832 3831 3891 
3892 3832 3891 3833 3832 3892 3893 3833 3892 
3834 3833 3893 3894 3834 3893 3835 3834 3894 
3895 3835 3894 3836 3835 3895 3896 3836 3895 
3837 3836 3896 3897 3837 3896 3838 3837 3897 
3898 3838 3897 3839 3838 3898 3899 3839 3898 
3901 4021 3900 3900 4021 4020 3902 4022 3901 
3901 4022 4021 3903 4023 3902 3902 4023 4022 
3904 4024 3903 3903 4024 4023 3905 4025 3904 
3904 4025 4024 3906 4026 3905 3905 4026 4025 
3907 4027 3906 3906 4027 4026 3908 4028 3907 
3907 4028 4027 3909 4029 3908 3908 4029 4028 
3910 4030 3909 3909 4030 4029 3911 4031 3910 
3910 4031 4030 3912 4032 3911 3911 4032 4031 
3913 4033 3912 3912 4033 4032 3914 4034 3913 
3913 4034 4033 3915 4035 3914 3914 4035 4034 
3916 4036 3915 3915 4036 4035 3917 4037 3916 
3916 4037 4036 3918 4038 3917 3917 4038 4037 
3919 4039 3918 3918 4039 4038 3920 4040 3919 
3919 4040 4039 3921 4041 3920 3920 4041 4040 
3922 4042 3921 3921 4042 4041 3923 4043 3922 
3922 4043 4042 3924 4044 3923 3923 4044 4043 
3925 4045 3924 3924 4045 4044 3926 4046 3925 
3925 4046 4045 3927 4047 3926 3926 4047 4046 
3928 4048 3927 3927 4048 4047 3929 4049 3928 
3928 4049 4048 3930 4050 3929 3929 4050 4049 
3931 4051 3930 3930 4051 4050 3932 4052 3931 
3931 4052 4051 3933 4053 3932 3932 4053 4052 
3934 4054 3933 3933 4054 4053 3935 4055 3934 
3934 4055 4054 3936 4056 3935 3935 4056 4055 
3937 4057 3936 3936 4057 4056 3938 4058 3937 
3937 4058 4057 3939 4059 3938 3938 4059 4058 
3940 4060 3939 3939 4060 4059 3941 4061 3940 
3940 4061 4060 3942 4062 3941 3941 4062 4061 
3943 4063 3942 3942 4063 4062 3944 4064 3943 
3943 4064 4063 3945 4065 3944 3944 4065 4064 
3946 4066 3945 3945 4066 4065 3947 4067 3946 
3946 4067 4066 3948 4068 3947 3947 4068 4067 
3949 4069 3948 3948 4069 4068 3950 4070 3949 
3949 4070 4069 3951 4071 3950 3950 4071 4070 
3952 4072 3951 3951 4072 4071 3953 4073 3952 
3952 4073 4072 3954 4074 3953 3953 4074 4073 
3955 4075 3954 3954 4075 4074 3956 4076 3955 
3955 4076 4075 3957 4077 3956 3956 4077 4076 
3958 4078 3957 3957 4078 4077 3959 4079 3958 
3958 4079 4078 3961 3960 4081 3960 4080 4081 
3962 3961 4082 3961 4081 4082 3963 3962 4083 
3962 4082 4083 3964 3963 4084 3963 4083 4084 
3965 3964 4085 3964 4084 4085 3966 3965 4086 
3965 4085 4086 3967 3966 4087 3966 4086 4087 
3968 3967 4088 3967 4087 4088 3969 3968 4089 
3968 4088 4089 3970 3969 4090 3969 4089 4090 
3971 3970 4091 3970 4090 4091 3972 3971 4092 
3971 4091 4092 3973 3972 4093 3972 4092 4093 
3974 3973 4094 3973 4093 4094 3975 3974 4095 
3974 4094 4095 3976 3975 4096 3975 4095 4096 
3977 3976 4097 3976 4096 4097 3978 3977 4098 
3977 4097 4098 3979 3978 4099 3978 4098 4099 
3980 3979 4100 3979 4099 4100 3981 3980 4101 
3980 4100 4101 3982 3981 4102 3981 4101 4102 
3983 3982 4103 3982 4102 4103 3984 3983 4104 
3983 4103 4104 3985 3984 4105 3984 4104 4105 
3986 3985 4106 3985 4105 4106 3987 3986 4107 
3986 4106 4107 3988 3987 4108 3987 4107 4108 
3989 3988 4109 3988 4108 4109 3990 3989 4110 
3989 4109 4110 3991 3990 4111 3990 4110 4111 
3992 3991 4112 3991 4111 4112 3993 3992 4113 
3992 4112 4113 3994 3993 4114 3993 4113 4114 
3995 3994 4115 3994 4114 4115 3996 3995 4116 
3995 4115 4116 3997 3996 4117 3996 4116 4117 
3998 3997 4118 3997 4117 4118 3999 3998 4119 
3998 4118 4119 4000 3999 4120 3999 4119 4120 
4001 4000 4121 4000 4120 4121 4002 4001 4122 
4001 4121 4122 4003 4002 4123 4002 4122 4123 
4004 4003 4124 4003 4123 4124 4005 4004 4125 
4004 4124 4125 4006 4005 4126 4005 4125 4126 
4007 4006 4127 4006 4126 4127 4008 4007 4128 
4007 4127 4128 4009 4008 4129 4008 4128 4129 
4010 4009 4130 4009 4129 4130 4011 4010 4131 
4010 4130 4131 4012 4011 4132 4011 4131 4132 
4013 4012 4133 4012 4132 4133 4014 4013 4134 
4013 4133 4134 4015 4014 4135 4014 4134 4135 
4016 4015 4136 4015 4135 4136 4017 4016 4137 
4016 4136 4137 4018 4017 4138 4017 4137 4138 
4019 4018 4139 4018 4138 4139 4021 4141 4020 
4020 4141 4140 4022 4142 4021 4021 4142 4141 
4023 4143 4022 4022 4143 4142 4024 4144 4023 
4023 4144 4143 4025 4145 4024 4024 4145 4144 
4026 4146 4025 4025 4146 4145 4027 4147 4026 
4026 4147 4146 4028 4148 4027 4027 4148 4147 
4029 4149 4028 4028 4149 4148 4030 4150 4029 
4029 4150 4149 4031 4151 4030 4030 4151 4150 
4032 4152 4031 4031 4152 4151 4033 4153 4032 
4032 4153 4152 4034 4154 4033 4033 4154 4153 
4035 4155 4034 4034 4155 4154 4036 4156 4035 
4035 4156 4155 4037 4157 4036 4036 4157 4156 
4038 4158 4037 4037 4158 4157 4039 4159 4038 
4038 4159 4158 4040 4160 4039 4039 4160 4159 
4041 4161 4040 4040 4161 4160 4042 4162 4041 
4041 4162 4161 4043 4163 4042 4042 4163 4162 
4044 4164 4043 4043 4164 4163 4045 4165 4044 
4044 4165 4164 4046 4166 4045 4045 4166 4165 
4047 4167 4046 4046 4167 4166 4048 4168 4047 
4047 4168 4167 4049 4169 4048 4048 4169 4168 
4050 4170 4049 4049 4170 4169 4051 4171 4050 
4050 4171 4170 4052 4172 4051 4051 4172 4171 
4053 4173 4052 4052 4173 4172 4054 4174 4053 
4053 4174 4173 4055 4175 4054 4054 4175 4174 
4056 4176 4055 4055 4176 4175 4057 4177 4056 
4056 4177 4176 4058 4178 4057 4057 4178 4177 
4059 4179 4058 4058 4179 4178 4060 4180 4059 
4059 4180 4179 4061 4181 4060 4060 4181 4180 
4062 4182 4061 4061 4182 4181 4063 4183 4062 
4062 4183 4182 4064 4184 4063 4063 4184 4183 
4065 4185 4064 4064 4185 4184 4066 4186 4065 
4065 4186 4185 4067 4187 4066 4066 4187 4186 
4068 4188 4067 4067 4188 4187 4069 4189 4068 
4068 4189 4188 4070 4190 4069 4069 4190 4189 
4071 4191 4070 4070 4191 4190 4072 4192 4071 
4071 4192 4191 4073 4193 4072 4072 4193 4192 
4074 4194 4073 4073 4194 4193 4075 4195 4074 
4074 4195 4194 4076 4196 4075 4075 4196 4195 
4077 4197 4076 4076 4197 4196 4078 4198 4077 
4077 4198 4197 4079 4199 4078 4078 4199 4198 
4081 4080 4201 4080 4200 4201 4082 4081 4202 
4081 4201 4202 4083 4082 4203 4082 4202 4203 
4084 4083 4204 4083 4203 4204 4085 4084 4205 
4084 4204 4205 4086 4085 4206 4085 4205 4206 
4087 4086 4207 4086 4206 4207 4088 4087 4208 
4087 4207 4208 4089 4088 4209 4088 4208 4209 
4090 4089 4210 4089 4209 4210 4091 4090 4211 
4090 4210 4211 4092 4091 4212 4091 4211 4212 
4093 4092 4213 4092 4212 4213 4094 4093 4214 
4093 4213 4214 4095 4094 4215 4094 4214 4215 
4096 4095 4216 4095 4215 4216 4097 4096 4217 
4096 4216 4217 4098 4097 4218 4097 4217 4218 
4099 4098 4219 4098 4218 4219 4100 4099 4220 
4099 4219 4220 4101 4100 4221 4100 4220 4221 
4102 4101 4222 4101 4221 4222 4103 4102 4223 
4102 4222 4223 4104 4103 4224 4103 4223 4224 
4105 4104 4225 4104 4224 4225 4106 4105 4226 
4105 4225 4226 4107 4106 4227 4106 4226 4227 
4108 4107 4228 4107 4227 4228 4109 4108 4229 
4108 4228 4229 4110 4109 4230 4109 4229 4230 
4111 4110 4231 4110 4230 4231 4112 4111 4232 
4111 4231 4232 4113 4112 4233 4112 4232 4233 
4114 4113 4234 4113 4233 4234 4115 4114 4235 
4114 4234 4235 4116 4115 4236 4115 4235 4236 
4117 4116 4237 4116 4236 4237 4118 4117 4238 
4117 4237 4238 4119 4118 4239 4118 4238 4239 
4120 4119 4240 4119 4239 4240 4121 4120 4241 
4120 4240 4241 4122 4121 4242 4121 4241 4242 
4123 4122 4243 4122 4242 4243 4124 4123 4244 
4123 4243 4244 4125 4124 4245 4124 4244 4245 
4126 4125 4246 4125 4245 4246 4127 4126 4247 
4126 4246 4247 4128 4127 4248 4127 4247 4248 
4129 4128 4249 4128 4248 4249 4130 4129 4250 
4129 4249 4250 4131 4130 4251 4130 4250 4251 
4132 4131 4252 4131 4251 4252 4133 4132 4253 
4132 4252 4253 4134 4133 4254 4133 4253 4254 
4135 4134 4255 4134 4254 4255 4136 4135 4256 
4135 4255 4256 4137 4136 4257 4136 4256 4257 
4138 4137 4258 4137 4257 4258 4139 4138 4259 
4138 4258 4259 4141 4261 4140 4140 4261 4260 
4142 4262 4141 4141 4262 4261 4143 4263 4142 
4142 4263 4262 4144 4264 4143 4143 4264 4263 
4145 4265 4144 4144 4265 4264 4146 4266 4145 
4145 4266 4265 4147 4267 4146 4146 4267 4266 
4148 4268 4147 4147 4268 4267 4149 4269 4148 
4148 4269 4268 4150 4270 4149 4149 4270 4269 
4151 4271 4150 4150 4271 4270 4152 4272 4151 
4151 4272 4271 4153 4273 4152 4152 4273 4272 
4154 4274 4153 4153 4274 4273 4155 4275 4154 
4154 4275 4274 4156 4276 4155 4155 4276 4275 
4157 4277 4156 4156 4277 4276 4158 4278 4157 
4157 4278 4277 4159 4279 4158 4158 4279 4278 
4160 4280 4159 4159 4280 4279 4161 4281 4160 
4160 4281 4280 4162 4282 4161 4161 4282 4281 
4163 4283 4162 4162 4283 4282 4164 4284 4163 
4163 4284 4283 4165 4285 4164 4164 4285 4284 
4166 4286 4165 4165 4286 4285 4167 4287 4166 
4166 4287 4286 4168 4288 4167 4167 4288 4287 
4169 4289 4168 4168 4289 4288 4170 4290 4169 
4169 4290 4289 4171 4291 4170 4170 4291 4290 
4172 4292 4171 4171 4292 4291 4173 4293 4172 
4172 4293 4292 4174 4294 4173 4173 4294 4293 
4175 4295 4174 4174 4295 4294 4176 4296 4175 
4175 4296 4295 4177 4297 4176 4176 4297 4296 
4178 4298 4177 4177 4298 4297 4179 4299 4178 
4178 4299 4298 4180 4300 4179 4179 4300 4299 
4181 4301 4180 4180 4301 4300 4182 4302 4181 
4181 4302 4301 4183 4303 4182 4182 4303 4302 
4184 4304 4183 4183 4304 4303 4185 4305 4184 
4184 4305 4304 4186 4306 4185 4185 4306 4305 
4187 4307 4186 4186 4307 4306 4188 4308 4187 
4187 4308 4307 4189 4309 4188 4188 4309 4308 
4190 4310 4189 4189 4310 4309 4191 4311 4190 
4190 4311 4310 4192 4312 4191 4191 4312 4311 
4193 4313 4192 4192 4313 4312 4194 4314 4193 
4193 4314 4313 4195 4315 4194 4194 4315 4314 
4196 4316 4195 4195 4316 4315 4197 4317 4196 
4196 4317 4316 4198 4318 4197 4197 4318 4317 
4199 4319 4198 4198 4319 4318 4201 4200 4321 
4200 4320 4321 4202 4201 4322 4201 4321 4322 
4203 4202 4323 4202 4322 4323 4204 4203 4324 
4203 4323 4324 4205 4204 4325 4204 4324 4325 
4206 4205 4326 4205 4325 4326 4207 4206 4327 
4206 4326 4327 4208 4207 4328 4207 4327 4328 
4209 4208 4329 4208 4328 4329 4210 4209 4330 
4209 4329 4330 4211 4210 4331 4210 4330 4331 
4212 4211 4332 4211 4331 4332 4213 4212 4333 
4212 4332 4333 4214 4213 4334 4213 4333 4334 
4215 4214 4335 4214 4334 4335 4216 4215 4336 
4215 4335 4336 4217 4216 4337 4216 4336 4337 
4218 4217 4338 4217 4337 4338 4219 4218 4339 
4218 4338 4339 4220 4219 4340 4219 4339 4340 
4221 4220 4341 4220 4340 4341 4222 4221 4342 
4221 4341 4342 4223 4222 4343 4222 4342 4343 
4224 4223 4344 4223 4343 4344 4225 4224 4345 
4224 4344 4345 4226 4225 4346 4225 4345 4346 
4227 4226 4347 4226 4346 4347 4228 4227 4348 
4227 4347 4348 4229 4228 4349 4228 4348 4349 
4230 4229 4350 4229 4349 4350 4231 4230 4351 
4230 4350 4351 4232 4231 4352 4231 4351 4352 
4233 4232 4353 4232 4352 4353 4234 4233 4354 
4233 4353 4354 4235 4234 4355 4234 4354 4355 
4236 4235 4356 4235 4355 4356 4237 4236 4357 
4236 4356 4357 4238 4237 4358 4237 4357 4358 
4239 4238 4359 4238 4358 4359 4240 4239 4360 
4239 4359 4360 4241 4240 4361 4240 4360 4361 
4242 4241 4362 4241 4361 4362 4243 4242 4363 
4242 4362 4363 4244 4243 4364 4243 4363 4364 
4245 4244 4365 4244 4364 4365 4246 4245 4366 
4245 4365 4366 4247 4246 4367 4246 4366 4367 
4248 4247 4368 4247 4367 4368 4249 4248 4369 
4248 4368 4369 4250 4249 4370 4249 4369 4370 
4251 4250 4371 4250 4370 4371 4252 4251 4372 
4251 4371 4372 4253 4252 4373 4252 4372 4373 
4254 4253 4374 4253 4373 4374 4255 4254 4375 
4254 4374 4375 4256 4255 4376 4255 4375 4376 
4257 4256 4377 4256 4376 4377 4258 4257 4378 
4257 4377 4378 4259 4258 4379 4258 4378 4379 
4261 4381 4260 4260 4381 4380 4262 4382 4261 
4261 4382 4381 4263 4383 4262 4262 4383 4382 
4264 4384 4263 4263 4384 4383 4265 4385 4264 
4264 4385 4384 4266 4386 4265 4265 4386 4385 
4267 4387 4266 4266 4387 4386 4268 4388 4267 
4267 4388 4387 4269 4389 4268 4268 4389 4388 
4270 4390 4269 4269 4390 4389 4271 4391 4270 
4270 4391 4390 4272 4392 4271 4271 4392 4391 
4273 4393 4272 4272 4393 4392 4274 4394 4273 
4273 4394 4393 4275 4395 4274 4274 4395 4394 
4276 4396 4275 4275 4396 4395 4277 4397 4276 
4276 4397 4396 4278 4398 4277 4277 4398 4397 
4279 4399 4278 4278 4399 4398 4280 4400 4279 
4279 4400 4399 4281 4401 4280 4280 4401 4400 
4282 4402 4281 4281 4402 4401 4283 4403 4282 
4282 4403 4402 4284 4404 4283 4283 4404 4403 
4285 4405 4284 4284 4405 4404 4286 4406 4285 
4285 4406 4405 4287 4407 4286 4286 4407 4406 
4288 4408 4287 4287 4408 4407 4289 4409 4288 
4288 4409 4408 4290 4410 4289 4289 4410 4409 
4291 4411 4290 4290 4411 4410 4292 4412 4291 
4291 4412 4411 4293 4413 4292 4292 4413 4412 
4294 4414 4293 4293 4414 4413 4295 4415 4294 
4294 4415 4414 4296 4416 4295 4295 4416 4415 
4297 4417 4296 4296 4417 4416 4298 4418 4297 
4297 4418 4417 4299 4419 4298 4298 4419 4418 
4300 4420 4299 4299 4420 4419 4301 4421 4300 
4300 4421 4420 4302 4422 4301 4301 4422 4421 
4303 4423 4302 4302 4423 4422 4304 4424 4303 
4303 4424 4423 4305 4425 4304 4304 4425 4424 
4306 4426 4305 4305 4426 4425 4307 4427 4306 
4306 4427 4426 4308 4428 4307 4307 4428 4427 
4309 4429 4308 4308 4429 4428 4310 4430 4309 
4309 4430 4429 4311 4431 4310 4310 4431 4430 
4312 4432 4311 4311 4432 4431 4313 4433 4312 
4312 4433 4432 4314 4434 4313 4313 4434 4433 
4315 4435 4314 4314 4435 4434 4316 4436 4315 
4315 4436 4435 4317 4437 4316 4316 4437 4436 
4318 4438 4317 4317 4438 4437 4319 4439 4318 
4318 4439 4438 4321 4320 4501 4320 4500 4501 
4322 4321 4502 4321 4501 4502 4323 4322 4503 
4322 4502 4503 4324 4323 4504 4323 4503 4504 
4325 4324 4505 4324 4504 4505 4326 4325 4506 
4325 4505 4506 4327 4326 4507 4326 4506 4507 
4328 4327 4508 4327 4507 4508 4329 4328 4509 
4328 4508 4509 4330 4329 4510 4329 4509 4510 
4331 4330 4511 4330 4510 4511 4332 4331 4512 
4331 4511 4512 4333 4332 4513 4332 4512 4513 
4334 4333 4514 4333 4513 4514 4335 4334 4515 
4334 4514 4515 4336 4335 4516 4335 4515 4516 
4337 4336 4517 4336 4516 4517 4338 4337 4518 
4337 4517 4518 4339 4338 4519 4338 4518 4519 
4340 4339 4520 4339 4519 4520 4341 4340 4521 
4340 4520 4521 4342 4341 4522 4341 4521 4522 
4343 4342 4523 4342 4522 4523 4344 4343 4524 
4343 4523 4524 4345 4344 4525 4344 4524 4525 
4346 4345 4526 4345 4525 4526 4347 4346 4527 
4346 4526 4527 4348 4347 4528 4347 4527 4528 
4349 4348 4529 4348 4528 4529 4350 4349 4530 
4349 4529 4530 4351 4350 4531 4350 4530 4531 
4352 4351 4532 4351 4531 4532 4353 4352 4533 
4352 4532 4533 4354 4353 4534 4353 4533 4534 
4355 4354 4535 4354 4534 4535 4356 4355 4536 
4355 4535 4536 4357 4356 4537 4356 4536 4537 
4358 4357 4538 4357 4537 4538 4359 4358 4539 
4358 4538 4539 4360 4359 4540 4359 4539 4540 
4361 4360 4541 4360 4540 4541 4362 4361 4542 
4361 4541 4542 4363 4362 4543 4362 4542 4543 
4364 4363 4544 4363 4543 4544 4365 4364 4545 
4364 4544 4545 4366 4365 4546 4365 4545 4546 
4367 4366 4547 4366 4546 4547 4368 4367 4548 
4367 4547 4548 4369 4368 4549 4368 4548 4549 
4370 4369 4550 4369 4549 4550 4371 4370 4551 
4370 4550 4551 4372 4371 4552 4371 4551 4552 
4373 4372 4553 4372 4552 4553 4374 4373 4554 
4373 4553 4554 4375 4374 4555 4374 4554 4555 
4376 4375 4556 4375 4555 4556 4377 4376 4557 
4376 4556 4557 4378 4377 4558 4377 4557 4558 
4379 4378 4559 4378 4558 4559 4380 4381 4441 
4440 4380 4441 4381 4382 4442 4441 4381 4442 
4382 4383 4443 4442 4382 4443 4383 4384 4444 
4443 4383 4444 4384 4385 4445 4444 4384 4445 
4385 4386 4446 4445 4385 4446 4386 4387 4447 
4446 4386 4447 4387 4388 4448 4447 4387 4448 
4388 4389 4449 4448 4388 4449 4389 4390 4450 
4449 4389 4450 4390 4391 4451 4450 4390 4451 
4391 4392 4452 4451 4391 4452 4392 4393 4453 
4452 4392 4453 4393 4394 4454 4453 4393 4454 
4394 4395 4455 4454 4394 4455 4395 4396 4456 
4455 4395 4456 4396 4397 4457 4456 4396 4457 
4397 4398 4458 4457 4397 4458 4398 4399 4459 
4458 4398 4459 4399 4400 4460 4459 4399 4460 
4400 4401 4461 4460 4400 4461 4401 4402 4462 
4461 4401 4462 4402 4403 4463 4462 4402 4463 
4403 4404 4464 4463 4403 4464 4404 4405 4465 
4464 4404 4465 4405 4406 4466 4465 4405 4466 
4406 4407 4467 4466 4406 4467 4407 4408 4468 
4467 4407 4468 4408 4409 4469 4468 4408 4469 
4409 4410 4470 4469 4409 4470 4410 4411 4471 
4470 4410 4471 4411 4412 4472 4471 4411 4472 
4412 4413 4473 4472 4412 4473 4413 4414 4474 
4473 4413 4474 4414 4415 4475 4474 4414 4475 
4415 4416 4476 4475 4415 4476 4416 4417 4477 
4476 4416 4477 4417 4418 4478 4477 4417 4478 
4418 4419 4479 4478 4418 4479 4419 4420 4480 
4479 4419 4480 4420 4421 4481 4480 4420 4481 
4421 4422 4482 4481 4421 4482 4422 4423 4483 
4482 4422 4483 4423 4424 4484 4483 4423 4484 
4424 4425 4485 4484 4424 4485 4425 4426 4486 
4485 4425 4486 4426 4427 4487 4486 4426 4487 
4427 4428 4488 4487 4427 4488 4428 4429 4489 
4488 4428 4489 4429 4430 4490 4489 4429 4490 
4430 4431 4491 4490 4430 4491 4431 4432 4492 
4491 4431 4492 4432 4433 4493 4492 4432 4493 
4433 4434 4494 4493 4433 4494 4434 4435 4495 
4494 4434 4495 4435 4436 4496 4495 4435 4496 
4436 4437 4497 4496 4436 4497 4437 4438 4498 
4497 4437 4498 4438 4439 4499 4498 4438 4499 
4441 4620 4440 4621 4620 4441 4442 4621 4441 
4622 4621 4442 4443 4622 4442 4623 4622 4443 
4444 4623 4443 4624 4623 4444 4445 4624 4444 
4625 4624 4445 4446 4625 4445 4626 4625 4446 
4447 4626 4446 4627 4626 4447 4448 4627 4447 
4628 4627 4448 4449 4628 4448 4629 4628 4449 
4450 4629 4449 4630 4629 4450 4451 4630 4450 
4631 4630 4451 4452 4631 4451 4632 4631 4452 
4453 4632 4452 4633 4632 4453 4454 4633 4453 
4634 4633 4454 4455 4634 4454 4635 4634 4455 
4456 4635 4455 4636 4635 4456 4457 4636 4456 
4637 4636 4457 4458 4637 4457 4638 4637 4458 
4459 4638 4458 4639 4638 4459 4460 4639 4459 
4640 4639 4460 4461 4640 4460 4641 4640 4461 
4462 4641 4461 4642 4641 4462 4463 4642 4462 
4643 4642 4463 4464 4643 4463 4644 4643 4464 
4465 4644 4464 4645 4644 4465 4466 4645 4465 
4646 4645 4466 4467 4646 4466 4647 4646 4467 
4468 4647 4467 4648 4647 4468 4469 4648 4468 
4649 4648 4469 4470 4649 4469 4650 4649 4470 
4471 4650 4470 4651 4650 4471 4472 4651 4471 
4652 4651 4472 4473 4652 4472 4653 4652 4473 
4474 4653 4473 4654 4653 4474 4475 4654 4474 
4655 4654 4475 4476 4655 4475 4656 4655 4476 
4477 4656 4476 4657 4656 4477 4478 4657 4477 
4658 4657 4478 4479 4658 4478 4659 4658 4479 
4480 4659 4479 4660 4659 4480 4481 4660 4480 
4661 4660 4481 4482 4661 4481 4662 4661 4482 
4483 4662 4482 4663 4662 4483 4484 4663 4483 
4664 4663 4484 4485 4664 4484 4665 4664 4485 
4486 4665 4485 4666 4665 4486 4487 4666 4486 
4667 4666 4487 4488 4667 4487 4668 4667 4488 
4489 4668 4488 4669 4668 4489 4490 4669 4489 
4670 4669 4490 4491 4670 4490 4671 4670 4491 
4492 4671 4491 4672 4671 4492 4493 4672 4492 
4673 4672 4493 4494 4673 4493 4674 4673 4494 
4495 4674 4494 4675 4674 4495 4496 4675 4495 
4676 4675 4496 4497 4676 4496 4677 4676 4497 
4498 4677 4497 4678 4677 4498 4499 4678 4498 
4679 4678 4499 4560 4681 4561 4680 4681 4560 
4561 4682 4562 4681 4682 4561 4562 4683 4563 
4682 4683 4562 4563 4684 4564 4683 4684 4563 
4564 4685 4565 4684 4685 4564 4565 4686 4566 
4685 4686 4565 4566 4687 4567 4686 4687 4566 
4567 4688 4568 4687 4688 4567 4568 4689 4569 
4688 4689 4568 4569 4690 4570 4689 4690 4569 
4570 4691 4571 4690 4691 4570 4571 4692 4572 
4691 4692 4571 4572 4693 4573 4692 4693 4572 
4573 4694 4574 4693 4694 4573 4574 4695 4575 
4694 4695 4574 4575 4696 4576 4695 4696 4575 
4576 4697 4577 4696 4697 4576 4577 4698 4578 
4697 4698 4577 4578 4699 4579 4698 4699 4578 
4579 4700 4580 4699 4700 4579 4580 4701 4581 
4700 4701 4580 4581 4702 4582 4701 4702 4581 
4582 4703 4583 4702 4703 4582 4583 4704 4584 
4703 4704 4583 4584 4705 4585 4704 4705 4584 
4585 4706 4586 4705 4706 4585 4586 4707 4587 
4706 4707 4586 4587 4708 4588 4707 4708 4587 
4588 4709 4589 4708 4709 4588 4589 4710 4590 
4709 4710 4589 4590 4711 4591 4710 4711 4590 
4591 4712 4592 4711 4712 4591 4592 4713 4593 
4712 4713 4592 4593 4714 4594 4713 4714 4593 
4594 4715 4595 4714 4715 4594 4595 4716 4596 
4715 4716 4595 4596 4717 4597 4716 4717 4596 
4597 4718 4598 4717 4718 4597 4598 4719 4599 
4718 4719 4598 4599 4720 4600 4719 4720 4599 
4600 4721 4601 4720 4721 4600 4601 4722 4602 
4721 4722 4601 4602 4723 4603 4722 4723 4602 
4603 4724 4604 4723 4724 4603 4604 4725 4605 
4724 4725 4604 4605 4726 4606 4725 4726 4605 
4606 4727 4607 4726 4727 4606 4607 4728 4608 
4727 4728 4607 4608 4729 4609 4728 4729 4608 
4609 4730 4610 4729 4730 4609 4610 4731 4611 
4730 4731 4610 4611 4732 4612 4731 4732 4611 
4612 4733 4613 4732 4733 4612 4613 4734 4614 
4733 4734 4613 4614 4735 4615 4734 4735 4614 
4615 4736 4616 4735 4736 4615 4616 4737 4617 
4736 4737 4616 4617 4738 4618 4737 4738 4617 
4618 4739 4619 4738 4739 4618 4501 4500 4560 
4561 4501 4560 4502 4501 4561 4562 4502 4561 
4503 4502 4562 4563 4503 4562 4504 4503 4563 
4564 4504 4563 4505 4504 4564 4565 4505 4564 
4506 4505 4565 4566 4506 4565 4507 4506 4566 
4567 4507 4566 4508 4507 4567 4568 4508 4567 
4509 4508 4568 4569 4509 4568 4510 4509 4569 
4570 4510 4569 4511 4510 4570 4571 4511 4570 
4512 4511 4571 4572 4512 4571 4513 4512 4572 
4573 4513 4572 4514 4513 4573 4574 4514 4573 
4515 4514 4574 4575 4515 4574 4516 4515 4575 
4576 4516 4575 4517 4516 4576 4577 4517 4576 
4518 4517 4577 4578 4518 4577 4519 4518 4578 
4579 4519 4578 4520 4519 4579 4580 4520 4579 
4521 4520 4580 4581 4521 4580 4522 4521 4581 
4582 4522 4581 4523 4522 4582 4583 4523 4582 
4524 4523 4583 4584 4524 4583 4525 4524 4584 
4585 4525 4584 4526 4525 4585 4586 4526 4585 
4527 4526 4586 4587 4527 4586 4528 4527 4587 
4588 4528 4587 4529 4528 4588 4589 4529 4588 
4530 4529 4589 4590 4530 4589 4531 4530 4590 
4591 4531 4590 4532 4531 4591 4592 4532 4591 
4533 4532 4592 4593 4533 4592 4534 4533 4593 
4594 4534 4593 4535 4534 4594 4595 4535 4594 
4536 4535 4595 4596 4536 4595 4537 4536 4596 
4597 4537 4596 4538 4537 4597 4598 4538 4597 
4539 4538 4598 4599 4539 4598 4540 4539 4599 
4600 4540 4599 4541 4540 4600 4601 4541 4600 
4542 4541 4601 4602 4542 4601 4543 4542 4602 
4603 4543 4602 4544 4543 4603 4604 4544 4603 
4545 4544 4604 4605 4545 4604 4546 4545 4605 
4606 4546 4605 4547 4546 4606 4607 4547 4606 
4548 4547 4607 4608 4548 4607 4549 4548 4608 
4609 4549 4608 4550 4549 4609 4610 4550 4609 
4551 4550 4610 4611 4551 4610 4552 4551 4611 
4612 4552 4611 4553 4552 4612 4613 4553 4612 
4554 4553 4613 4614 4554 4613 4555 4554 4614 
4615 4555 4614 4556 4555 4615 4616 4556 4615 
4557 4556 4616 4617 4557 4616 4558 4557 4617 
4618 4558 4617 4559 4558 4618 4619 4559 4618 
4621 4741 4620 4620 4741 4740 4622 4742 4621 
4621 4742 4741 4623 4743 4622 4622 4743 4742 
4624 4744 4623 4623 4744 4743 4625 4745 4624 
4624 4745 4744 4626 4746 4625 4625 4746 4745 
4627 4747 4626 4626 4747 4746 4628 4748 4627 
4627 4748 4747 4629 4749 4628 4628 4749 4748 
4630 4750 4629 4629 4750 4749 4631 4751 4630 
4630 4751 4750 4632 4752 4631 4631 4752 4751 
4633 4753 4632 4632 4753 4752 4634 4754 4633 
4633 4754 4753 4635 4755 4634 4634 4755 4754 
4636 4756 4635 4635 4756 4755 4637 4757 4636 
4636 4757 4756 4638 4758 4637 4637 4758 4757 
4639 4759 4638 4638 4759 4758 4640 4760 4639 
4639 4760 4759 4641 4761 4640 4640 4761 4760 
4642 4762 4641 4641 4762 4761 4643 4763 4642 
4642 4763 4762 4644 4764 4643 4643 4764 4763 
4645 4765 4644 4644 4765 4764 4646 4766 4645 
4645 4766 4765 4647 4767 4646 4646 4767 4766 
4648 4768 4647 4647 4768 4767 4649 4769 4648 
4648 4769 4768 4650 4770 4649 4649 4770 4769 
4651 4771 4650 4650 4771 4770 4652 4772 4651 
4651 4772 4771 4653 4773 4652 4652 4773 4772 
4654 4774 4653 4653 4774 4773 4655 4775 4654 
4654 4775 4774 4656 4776 4655 4655 4776 4775 
4657 4777 4656 4656 4777 4776 4658 4778 4657 
4657 4778 4777 4659 4779 4658 4658 4779 4778 
4660 4780 4659 4659 4780 4779 4661 4781 4660 
4660 4781 4780 4662 4782 4661 4661 4782 4781 
4663 4783 4662 4662 4783 4782 4664 4784 4663 
4663 4784 4783 4665 4785 4664 4664 4785 4784 
4666 4786 4665 4665 4786 4785 4667 4787 4666 
4666 4787 4786 4668 4788 4667 4667 4788 4787 
4669 4789 4668 4668 4789 4788 4670 4790 4669 
4669 4790 4789 4671 4791 4670 4670 4791 4790 
4672 4792 4671 4671 4792 4791 4673 4793 4672 
4672 4793 4792 4674 4794 4673 4673 4794 4793 
4675 4795 4674 4674 4795 4794 4676 4796 4675 
4675 4796 4795 4677 4797 4676 4676 4797 4796 
4678 4798 4677 4677 4798 4797 4679 4799 4678 
4678 4799 4798 4681 4680 4861 4680 4860 4861 
4682 4681 4862 4681 4861 4862 4683 4682 4863 
4682 4862 4863 4684 4683 4864 4683 4863 4864 
4685 4684 4865 4684 4864 4865 4686 4685 4866 
4685 4865 4866 4687 4686 4867 4686 4866 4867 
4688 4687 4868 4687 4867 4868 4689 4688 4869 
4688 4868 4869 4690 4689 4870 4689 4869 4870 
4691 4690 4871 4690 4870 4871 4692 4691 4872 
4691 4871 4872 4693 4692 4873 4692 4872 4873 
4694 4693 4874 4693 4873 4874 4695 4694 4875 
4694 4874 4875 4696 4695 4876 4695 4875 4876 
4697 4696 4877 4696 4876 4877 4698 4697 4878 
4697 4877 4878 4699 4698 4879 4698 4878 4879 
4700 4699 4880 4699 4879 4880 4701 4700 4881 
4700 4880 4881 4702 4701 4882 4701 4881 4882 
4703 4702 4883 4702 4882 4883 4704 4703 4884 
4703 4883 4884 4705 4704 4885 4704 4884 4885 
4706 4705 4886 4705 4885 4886 4707 4706 4887 
4706 4886 4887 4708 4707 4888 4707 4887 4888 
4709 4708 4889 4708 4888 4889 4710 4709 4890 
4709 4889 4890 4711 4710 4891 4710 4890 4891 
4712 4711 4892 4711 4891 4892 4713 4712 4893 
4712 4892 4893 4714 4713 4894 4713 4893 4894 
4715 4714 4895 4714 4894 4895 4716 4715 4896 
4715 4895 4896 4717 4716 4897 4716 4896 4897 
4718 4717 4898 4717 4897 4898 4719 4718 4899 
4718 4898 4899 4720 4719 4900 4719 4899 4900 
4721 4720 4901 4720 4900 4901 4722 4721 4902 
4721 4901 4902 4723 4722 4903 4722 4902 4903 
4724 4723 4904 4723 4903 4904 4725 4724 4905 
4724 4904 4905 4726 4725 4906 4725 4905 4906 
4727 4726 4907 4726 4906 4907 4728 4727 4908 
4727 4907 4908 4729 4728 4909 4728 4908 4909 
4730 4729 4910 4729 4909 4910 4731 4730 4911 
4730 4910 4911 4732 4731 4912 4731 4911 4912 
4733 4732 4913 4732 4912 4913 4734 4733 4914 
4733 4913 4914 4735 4734 4915 4734 4914 4915 
4736 4735 4916 4735 4915 4916 4737 4736 4917 
4736 4916 4917 4738 4737 4918 4737 4917 4918 
4739 4738 4919 4738 4918 4919 4740 4741 4801 
4800 4740 4801 4741 4742 4802 4801 4741 4802 
4742 4743 4803 4802 4742 4803 4743 4744 4804 
4803 4743 4804 4744 4745 4805 4804 4744 4805 
4745 4746 4806 4805 4745 4806 4746 4747 4807 
4806 4746 4807 4747 4748 4808 4807 4747 4808 
4748 4749 4809 4808 4748 4809 4749 4750 4810 
4809 4749 4810 4750 4751 4811 4810 4750 4811 
4751 4752 4812 4811 4751 4812 4752 4753 4813 
4812 4752 4813 4753 4754 4814 4813 4753 4814 
4754 4755 4815 4814 4754 4815 4755 4756 4816 
4815 4755 4816 4756 4757 4817 4816 4756 4817 
4757 4758 4818 4817 4757 4818 4758 4759 4819 
4818 4758 4819 4759 4760 4820 4819 4759 4820 
4760 4761 4821 4820 4760 4821 4761 4762 4822 
4821 4761 4822 4762 4763 4823 4822 4762 4823 
4763 4764 4824 4823 4763 4824 4764 4765 4825 
4824 4764 4825 4765 4766 4826 4825 4765 4826 
4766 4767 4827 4826 4766 4827 4767 4768 4828 
4827 4767 4828 4768 4769 4829 4828 4768 4829 
4769 4770 4830 4829 4769 4830 4770 4771 4831 
4830 4770 4831 4771 4772 4832 4831 4771 4832 
4772 4773 4833 4832 4772 4833 4773 4774 4834 
4833 4773 4834 4774 4775 4835 4834 4774 4835 
4775 4776 4836 4835 4775 4836 4776 4777 4837 
4836 4776 4837 4777 4778 4838 4837 4777 4838 
4778 4779 4839 4838 4778 4839 4779 4780 4840 
4839 4779 4840 4780 4781 4841 4840 4780 4841 
4781 4782 4842 4841 4781 4842 4782 4783 4843 
4842 4782 4843 4783 4784 4844 4843 4783 4844 
4784 4785 4845 4844 4784 4845 4785 4786 4846 
4845 4785 4846 4786 4787 4847 4846 4786 4847 
4787 4788 4848 4847 4787 4848 4788 4789 4849 
4848 4788 4849 4789 4790 4850 4849 4789 4850 
4790 4791 4851 4850 4790 4851 4791 4792 4852 
4851 4791 4852 4792 4793 4853 4852 4792 4853 
4793 4794 4854 4853 4793 4854 4794 4795 4855 
4854 4794 4855 4795 4796 4856 4855 4795 4856 
4796 4797 4857 4856 4796 4857 4797 4798 4858 
4857 4797 4858 4798 4799 4859 4858 4798 4859 
4801 4980 4800 4981 4980 4801 4802 4981 4801 
4982 4981 4802 4803 4982 4802 4983 4982 4803 
4804 4983 4803 4984 4983 4804 4805 4984 4804 
4985 4984 4805 4806 4985 4805 4986 4985 4806 
4807 4986 4806 4987 4986 4807 4808 4987 4807 
4988 4987 4808 4809 4988 4808 4989 4988 4809 
4810 4989 4809 4990 4989 4810 4811 4990 4810 
4991 4990 4811 4812 4991 4811 4992 4991 4812 
4813 4992 4812 4993 4992 4813 4814 4993 4813 
4994 4993 4814 4815 4994 4814 4995 4994 4815 
4816 4995 4815 4996 4995 4816 4817 4996 4816 
4997 4996 4817 4818 4997 4817 4998 4997 4818 
4819 4998 4818 4999 4998 4819 4820 4999 4819 
5000 4999 4820 4821 5000 4820 5001 5000 4821 
4822 5001 4821 5002 5001 4822 4823 5002 4822 
5003 5002 4823 4824 5003 4823 5004 5003 4824 
4825 5004 4824 5005 5004 4825 4826 5005 4825 
5006 5005 4826 4827 5006 4826 5007 5006 4827 
4828 5007 4827 5008 5007 4828 4829 5008 4828 
5009 5008 4829 4830 5009 4829 5010 5009 4830 
4831 5010 4830 5011 5010 4831 4832 5011 4831 
5012 5011 4832 4833 5012 4832 5013 5012 4833 
4834 5013 4833 5014 5013 4834 4835 5014 4834 
5015 5014 4835 4836 5015 4835 5016 5015 4836 
4837 5016 4836 5017 5016 4837 4838 5017 4837 
5018 5017 4838 4839 5018 4838 5019 5018 4839 
4840 5019 4839 5020 5019 4840 4841 5020 4840 
5021 5020 4841 4842 5021 4841 5022 5021 4842 
4843 5022 4842 5023 5022 4843 4844 5023 4843 
5024 5023 4844 4845 5024 4844 5025 5024 4845 
4846 5025 4845 5026 5025 4846 4847 5026 4846 
5027 5026 4847 4848 5027 4847 5028 5027 4848 
4849 5028 4848 5029 5028 4849 4850 5029 4849 
5030 5029 4850 4851 5030 4850 5031 5030 4851 
4852 5031 4851 5032 5031 4852 4853 5032 4852 
5033 5032 4853 4854 5033 4853 5034 5033 4854 
4855 5034 4854 5035 5034 4855 4856 5035 4855 
5036 5035 4856 4857 5036 4856 5037 5036 4857 
4858 5037 4857 5038 5037 4858 4859 5038 4858 
5039 5038 4859 4920 5041 4921 5040 5041 4920 
4921 5042 4922 5041 5042 4921 4922 5043 4923 
5042 5043 4922 4923 5044 4924 5043 5044 4923 
4924 5045 4925 5044 5045 4924 4925 5046 4926 
5045 5046 4925 4926 5047 4927 5046 5047 4926 
4927 5048 4928 5047 5048 4927 4928 5049 4929 
5048 5049 4928 4929 5050 4930 5049 5050 4929 
4930 5051 4931 5050 5051 4930 4931 5052 4932 
5051 5052 4931 4932 5053 4933 5052 5053 4932 
4933 5054 4934 5053 5054 4933 4934 5055 4935 
5054 5055 4934 4935 5056 4936 5055 5056 4935 
4936 5057 4937 5056 5057 4936 4937 5058 4938 
5057 5058 4937 4938 5059 4939 5058 5059 4938 
4939 5060 4940 5059 5060 4939 4940 5061 4941 
5060 5061 4940 4941 5062 4942 5061 5062 4941 
4942 5063 4943 5062 5063 4942 4943 5064 4944 
5063 5064 4943 4944 5065 4945 5064 5065 4944 
4945 5066 4946 5065 5066 4945 4946 5067 4947 
5066 5067 4946 4947 5068 4948 5067 5068 4947 
4948 5069 4949 5068 5069 4948 4949 5070 4950 
5069 5070 4949 4950 5071 4951 5070 5071 4950 
4951 5072 4952 5071 5072 4951 4952 5073 4953 
5072 5073 4952 4953 5074 4954 5073 5074 4953 
4954 5075 4955 5074 5075 4954 4955 5076 4956 
5075 5076 4955 4956 5077 4957 5076 5077 4956 
4957 5078 4958 5077 5078 4957 4958 5079 4959 
5078 5079 4958 4959 5080 4960 5079 5080 4959 
4960 5081 4961 5080 5081 4960 4961 5082 4962 
5081 5082 4961 4962 5083 4963 5082 5083 4962 
4963 5084 4964 5083 5084 4963 4964 5085 4965 
5084 5085 4964 4965 5086 4966 5085 5086 4965 
4966 5087 4967 5086 5087 4966 4967 5088 4968 
5087 5088 4967 4968 5089 4969 5088 5089 4968 
4969 5090 4970 5089 5090 4969 4970 5091 4971 
5090 5091 4970 4971 5092 4972 5091 5092 4971 
4972 5093 4973 5092 5093 4972 4973 5094 4974 
5093 5094 4973 4974 5095 4975 5094 5095 4974 
4975 5096 4976 5095 5096 4975 4976 5097 4977 
5096 5097 4976 4977 5098 4978 5097 5098 4977 
4978 5099 4979 5098 5099 4978 4861 4860 4920 
4921 4861 4920 4862 4861 4921 4922 4862 4921 
4863 4862 4922 4923 4863 4922 4864 4863 4923 
4924 4864 4923 4865 4864 4924 4925 4865 4924 
4866 4865 4925 4926 4866 4925 4867 4866 4926 
4927 4867 4926 4868 4867 4927 4928 4868 4927 
4869 4868 4928 4929 4869 4928 4870 4869 4929 
4930 4870 4929 4871 4870 4930 4931 4871 4930 
4872 4871 4931 4932 4872 4931 4873 4872 4932 
4933 4873 4932 4874 4873 4933 4934 4874 4933 
4875 4874 4934 4935 4875 4934 4876 4875 4935 
4936 4876 4935 4877 4876 4936 4937 4877 4936 
4878 4877 4937 4938 4878 4937 4879 4878 4938 
4939 4879 4938 4880 4879 4939 4940 4880 4939 
4881 4880 4940 4941 4881 4940 4882 4881 4941 
4942 4882 4941 4883 4882 4942 4943 4883 4942 
4884 4883 4943 4944 4884 4943 4885 4884 4944 
4945 4885 4944 4886 4885 4945 4946 4886 4945 
4887 4886 4946 4947 4887 4946 4888 4887 4947 
4948 4888 4947 4889 4888 4948 4949 4889 4948 
4890 4889 4949 4950 4890 4949 4891 4890 4950 
4951 4891 4950 4892 4891 4951 4952 4892 4951 
4893 4892 4952 4953 4893 4952 4894 4893 4953 
4954 4894 4953 4895 4894 4954 4955 4895 4954 
4896 4895 4955 4956 4896 4955 4897 4896 4956 
4957 4897 4956 4898 4897 4957 4958 4898 4957 
4899 4898 4958 4959 4899 4958 4900 4899 4959 
4960 4900 4959 4901 4900 4960 4961 4901 4960 
4902 4901 4961 4962 4902 4961 4903 4902 4962 
4963 4903 4962 4904 4903 4963 4964 4904 4963 
4905 4904 4964 4965 4905 4964 4906 4905 4965 
4966 4906 4965 4907 4906 4966 4967 4907 4966 
4908 4907 4967 4968 4908 4967 4909 4908 4968 
4969 4909 4968 4910 4909 4969 4970 4910 4969 
4911 4910 4970 4971 4911 4970 4912 4911 4971 
4972 4912 4971 4913 4912 4972 4973 4913 4972 
4914 4913 4973 4974 4914 4973 4915 4914 4974 
4975 4915 4974 4916 4915 4975 4976 4916 4975 
4917 4916 4976 4977 4917 4976 4918 4917 4977 
4978 4918 4977 4919 4918 4978 4979 4919 4978 
4981 5101 4980 4980 5101 5100 4982 5102 4981 
4981 5102 5101 4983 5103 4982 4982 5103 5102 
4984 5104 4983 4983 5104 5103 4985 5105 4984 
4984 5105 5104 4986 5106 4985 4985 5106 5105 
4987 5107 4986 4986 5107 5106 4988 5108 4987 
4987 5108 5107 4989 5109 4988 4988 5109 5108 
4990 5110 4989 4989 5110 5109 4991 5111 4990 
4990 5111 5110 4992 5112 4991 4991 5112 5111 
4993 5113 4992 4992 5113 5112 4994 5114 4993 
4993 5114 5113 4995 5115 4994 4994 5115 5114 
4996 5116 4995 4995 5116 5115 4997 5117 4996 
4996 5117 5116 4998 5118 4997 4997 5118 5117 
4999 5119 4998 4998 5119 5118 5000 5120 4999 
4999 5120 5119 5001 5121 5000 5000 5121 5120 
5002 5122 5001 5001 5122 5121 5003 5123 5002 
5002 5123 5122 5004 5124 5003 5003 5124 5123 
5005 5125 5004 5004 5125 5124 5006 5126 5005 
5005 5126 5125 5007 5127 5006 5006 5127 5126 
5008 5128 5007 5007 5128 5127 5009 5129 5008 
5008 5129 5128 5010 5130 5009 5009 5130 5129 
5011 5131 5010 5010 5131 5130 5012 5132 5011 
5011 5132 5131 5013 5133 5012 5012 5133 5132 
5014 5134 5013 5013 5134 5133 5015 5135 5014 
5014 5135 5134 5016 5136 5015 5015 5136 5135 
5017 5137 5016 5016 5137 5136 5018 5138 5017 
5017 5138 5137 5019 5139 5018 5018 5139 5138 
5020 5140 5019 5019 5140 5139 5021 5141 5020 
5020 5141 5140 5022 5142 5021 5021 5142 5141 
5023 5143 5022 5022 5143 5142 5024 5144 5023 
5023 5144 5143 5025 5145 5024 5024 5145 5144 
5026 5146 5025 5025 5146 5145 5027 5147 5026 
5026 5147 5146 5028 5148 5027 5027 5148 5147 
5029 5149 5028 5028 5149 5148 5030 5150 5029 
5029 5150 5149 5031 5151 5030 5030 5151 5150 
5032 5152 5031 5031 5152 5151 5033 5153 5032 
5032 5153 5152 5034 5154 5033 5033 5154 5153 
5035 5155 5034 5034 5155 5154 5036 5156 5035 
5035 5156 5155 5037 5157 5036 5036 5157 5156 
5038 5158 5037 5037 5158 5157 5039 5159 5038 
5038 5159 5158 5041 5040 5221 5040 5220 5221 
5042 5041 5222 5041 5221 5222 5043 5042 5223 
5042 5222 5223 5044 5043 5224 5043 5223 5224 
5045 5044 5225 5044 5224 5225 5046 5045 5226 
5045 5225 5226 5047 5046 5227 5046 5226 5227 
5048 5047 5228 5047 5227 5228 5049 5048 5229 
5048 5228 5229 5050 5049 5230 5049 5229 5230 
5051 5050 5231 5050 5230 5231 5052 5051 5232 
5051 5231 5232 5053 5052 5233 5052 5232 5233 
5054 5053 5234 5053 5233 5234 5055 5054 5235 
5054 5234 5235 5056 5055 5236 5055 5235 5236 
5057 5056 5237 5056 5236 5237 5058 5057 5238 
5057 5237 5238 5059 5058 5239 5058 5238 5239 
5060 5059 5240 5059 5239 5240 5061 5060 5241 
5060 5240 5241 5062 5061 5242 5061 5241 5242 
5063 5062 5243 5062 5242 5243 5064 5063 5244 
5063 5243 5244 5065 5064 5245 5064 5244 5245 
5066 5065 5246 5065 5245 5246 5067 5066 5247 
5066 5246 5247 5068 5067 5248 5067 5247 5248 
5069 5068 5249 5068 5248 5249 5070 5069 5250 
5069 5249 5250 5071 5070 5251 5070 5250 5251 
5072 5071 5252 5071 5251 5252 5073 5072 5253 
5072 5252 5253 5074 5073 5254 5073 5253 5254 
5075 5074 5255 5074 5254 5255 5076 5075 5256 
5075 5255 5256 5077 5076 5257 5076 5256 5257 
5078 5077 5258 5077 5257 5258 5079 5078 5259 
5078 5258 5259 5080 5079 5260 5079 5259 5260 
5081 5080 5261 5080 5260 5261 5082 5081 5262 
5081 5261 5262 5083 5082 5263 5082 5262 5263 
5084 5083 5264 5083 5263 5264 5085 5084 5265 
5084 5264 5265 5086 5085 5266 5085 5265 5266 
5087 5086 5267 5086 5266 5267 5088 5087 5268 
5087 5267 5268 5089 5088 5269 5088 5268 5269 
5090 5089 5270 5089 5269 5270 5091 5090 5271 
5090 5270 5271 5092 5091 5272 5091 5271 5272 
5093 5092 5273 5092 5272 5273 5094 5093 5274 
5093 5273 5274 5095 5094 5275 5094 5274 5275 
5096 5095 5276 5095 5275 5276 5097 5096 5277 
5096 5276 5277 5098 5097 5278 5097 5277 5278 
5099 5098 5279 5098 5278 5279 5100 5101 5161 
5160 5100 5161 5101 5102 5162 5161 5101 5162 
5102 5103 5163 5162 5102 5163 5103 5104 5164 
5163 5103 5164 5104 5105 5165 5164 5104 5165 
5105 5106 5166 5165 5105 5166 5106 5107 5167 
5166 5106 5167 5107 5108 5168 5167 5107 5168 
5108 5109 5169 5168 5108 5169 5109 5110 5170 
5169 5109 5170 5110 5111 5171 5170 5110 5171 
5111 5112 5172 5171 5111 5172 5112 5113 5173 
5172 5112 5173 5113 5114 5174 5173 5113 5174 
5114 5115 5175 5174 5114 5175 5115 5116 5176 
5175 5115 5176 5116 5117 5177 5176 5116 5177 
5117 5118 5178 5177 5117 5178 5118 5119 5179 
5178 5118 5179 5119 5120 5180 5179 5119 5180 
5120 5121 5181 5180 5120 5181 5121 5122 5182 
5181 5121 5182 5122 5123 5183 5182 5122 5183 
5123 5124 5184 5183 5123 5184 5124 5125 5185 
5184 5124 5185 5125 5126 5186 5185 5125 5186 
5126 5127 5187 5186 5126 5187 5127 5128 5188 
5187 5127 5188 5128 5129 5189 5188 5128 5189 
5129 5130 5190 5189 5129 5190 5130 5131 5191 
5190 5130 5191 5131 5132 5192 5191 5131 5192 
5132 5133 5193 5192 5132 5193 5133 5134 5194 
5193 5133 5194 5134 5135 5195 5194 5134 5195 
5135 5136 5196 5195 5135 5196 5136 5137 5197 
5196 5136 5197 5137 5138 5198 5197 5137 5198 
5138 5139 5199 5198 5138 5199 5139 5140 5200 
5199 5139 5200 5140 5141 5201 5200 5140 5201 
5141 5142 5202 5201 5141 5202 5142 5143 5203 
5202 5142 5203 5143 5144 5204 5203 5143 5204 
5144 5145 5205 5204 5144 5205 5145 5146 5206 
5205 5145 5206 5146 5147 5207 5206 5146 5207 
5147 5148 5208 5207 5147 5208 5148 5149 5209 
5208 5148 5209 5149 5150 5210 5209 5149 5210 
5150 5151 5211 5210 5150 5211 5151 5152 5212 
5211 5151 5212 5152 5153 5213 5212 5152 5213 
5153 5154 5214 5213 5153 5214 5154 5155 5215 
5214 5154 5215 5155 5156 5216 5215 5155 5216 
5156 5157 5217 5216 5156 5217 5157 5158 5218 
5217 5157 5218 5158 5159 5219 5218 5158 5219 
5161 5340 5160 5341 5340 5161 5162 5341 5161 
5342 5341 5162 5163 5342 5162 5343 5342 5163 
5164 5343 5163 5344 5343 5164 5165 5344 5164 
5345 5344 5165 5166 5345 5165 5346 5345 5166 
5167 5346 5166 5347 5346 5167 5168 5347 5167 
5348 5347 5168 5169 5348 5168 5349 5348 5169 
5170 5349 5169 5350 5349 5170 5171 5350 5170 
5351 5350 5171 5172 5351 5171 5352 5351 5172 
5173 5352 5172 5353 5352 5173 5174 5353 5173 
5354 5353 5174 5175 5354 5174 5355 5354 5175 
5176 5355 5175 5356 5355 5176 5177 5356 5176 
5357 5356 5177 5178 5357 5177 5358 5357 5178 
5179 5358 5178 5359 5358 5179 5180 5359 5179 
5360 5359 5180 5181 5360 5180 5361 5360 5181 
5182 5361 5181 5362 5361 5182 5183 5362 5182 
5363 5362 5183 5184 5363 5183 5364 5363 5184 
5185 5364 5184 5365 5364 5185 5186 5365 5185 
5366 5365 5186 5187 5366 5186 5367 5366 5187 
5188 5367 5187 5368 5367 5188 5189 5368 5188 
5369 5368 5189 5190 5369 5189 5370 5369 5190 
5191 5370 5190 5371 5370 5191 5192 5371 5191 
5372 5371 5192 5193 5372 5192 5373 5372 5193 
5194 5373 5193 5374 5373 5194 5195 5374 5194 
5375 5374 5195 5196 5375 5195 5376 5375 5196 
5197 5376 5196 5377 5376 5197 5198 5377 5197 
5378 5377 5198 5199 5378 5198 5379 5378 5199 
5200 5379 5199 5380 5379 5200 5201 5380 5200 
5381 5380 5201 5202 5381 5201 5382 5381 5202 
5203 5382 5202 5383 5382 5203 5204 5383 5203 
5384 5383 5204 5205 5384 5204 5385 5384 5205 
5206 5385 5205 5386 5385 5206 5207 5386 5206 
5387 5386 5207 5208 5387 5207 5388 5387 5208 
5209 5388 5208 5389 5388 5209 5210 5389 5209 
5390 5389 5210 5211 5390 5210 5391 5390 5211 
5212 5391 5211 5392 5391 5212 5213 5392 5212 
5393 5392 5213 5214 5393 5213 5394 5393 5214 
5215 5394 5214 5395 5394 5215 5216 5395 5215 
5396 5395 5216 5217 5396 5216 5397 5396 5217 
5218 5397 5217 5398 5397 5218 5219 5398 5218 
5399 5398 5219 5280 5461 5281 5460 5461 5280 
5281 5462 5282 5461 5462 5281 5282 5463 5283 
5462 5463 5282 5283 5464 5284 5463 5464 5283 
5284 5465 5285 5464 5465 5284 5285 5466 5286 
5465 5466 5285 5286 5467 5287 5466 5467 5286 
5287 5468 5288 5467 5468 5287 5288 5469 5289 
5468 5469 5288 5289 5470 5290 5469 5470 5289 
5290 5471 5291 5470 5471 5290 5291 5472 5292 
5471 5472 5291 5292 5473 5293 5472 5473 5292 
5293 5474 5294 5473 5474 5293 5294 5475 5295 
5474 5475 5294 5295 5476 5296 5475 5476 5295 
5296 5477 5297 5476 5477 5296 5297 5478 5298 
5477 5478 5297 5298 5479 5299 5478 5479 5298 
5299 5480 5300 5479 5480 5299 5300 5481 5301 
5480 5481 5300 5301 5482 5302 5481 5482 5301 
5302 5483 5303 5482 5483 5302 5303 5484 5304 
5483 5484 5303 5304 5485 5305 5484 5485 5304 
5305 5486 5306 5485 5486 5305 5306 5487 5307 
5486 5487 5306 5307 5488 5308 5487 5488 5307 
5308 5489 5309 5488 5489 5308 5309 5490 5310 
5489 5490 5309 5310 5491 5311 5490 5491 5310 
5311 5492 5312 5491 5492 5311 5312 5493 5313 
5492 5493 5312 5313 5494 5314 5493 5494 5313 
5314 5495 5315 5494 5495 5314 5315 5496 5316 
5495 5496 5315 5316 5497 5317 5496 5497 5316 
5317 5498 5318 5497 5498 5317 5318 5499 5319 
5498 5499 5318 5319 5500 5320 5499 5500 5319 
5320 5501 5321 5500 5501 5320 5321 5502 5322 
5501 5502 5321 5322 5503 5323 5502 5503 5322 
5323 5504 5324 5503 5504 5323 5324 5505 5325 
5504 5505 5324 5325 5506 5326 5505 5506 5325 
5326 5507 5327 5506 5507 5326 5327 5508 5328 
5507 5508 5327 5328 5509 5329 5508 5509 5328 
5329 5510 5330 5509 5510 5329 5330 5511 5331 
5510 5511 5330 5331 5512 5332 5511 5512 5331 
5332 5513 5333 5512 5513 5332 5333 5514 5334 
5513 5514 5333 5334 5515 5335 5514 5515 5334 
5335 5516 5336 5515 5516 5335 5336 5517 5337 
5516 5517 5336 5337 5518 5338 5517 5518 5337 
5338 5519 5339 5518 5519 5338 5221 5220 5280 
5281 5221 5280 5222 5221 5281 5282 5222 5281 
5223 5222 5282 5283 5223 5282 5224 5223 5283 
5284 5224 5283 5225 5224 5284 5285 5225 5284 
5226 5225 5285 5286 5226 5285 5227 5226 5286 
5287 5227 5286 5228 5227 5287 5288 5228 5287 
5229 5228 5288 5289 5229 5288 5230 5229 5289 
5290 5230 5289 5231 5230 5290 5291 5231 5290 
5232 5231 5291 5292 5232 5291 5233 5232 5292 
5293 5233 5292 5234 5233 5293 5294 5234 5293 
5235 5234 5294 5295 5235 5294 5236 5235 5295 
5296 5236 5295 5237 5236 5296 5297 5237 5296 
5238 5237 5297 5298 5238 5297 5239 5238 5298 
5299 5239 5298 5240 5239 5299 5300 5240 5299 
5241 5240 5300 5301 5241 5300 5242 5241 5301 
5302 5242 5301 5243 5242 5302 5303 5243 5302 
5244 5243 5303 5304 5244 5303 5245 5244 5304 
5305 5245 5304 5246 5245 5305 5306 5246 5305 
5247 5246 5306 5307 5247 5306 5248 5247 5307 
5308 5248 5307 5249 5248 5308 5309 5249 5308 
5250 5249 5309 5310 5250 5309 5251 5250 5310 
5311 5251 5310 5252 5251 5311 5312 5252 5311 
5253 5252 5312 5313 5253 5312 5254 5253 5313 
5314 5254 5313 5255 5254 5314 5315 5255 5314 
5256 5255 5315 5316 5256 5315 5257 5256 5316 
5317 5257 5316 5258 5257 5317 5318 5258 5317 
5259 5258 5318 5319 5259 5318 5260 5259 5319 
5320 5260 5319 5261 5260 5320 5321 5261 5320 
5262 5261 5321 5322 5262 5321 5263 5262 5322 
5323 5263 5322 5264 5263 5323 5324 5264 5323 
5265 5264 5324 5325 5265 5324 5266 5265 5325 
5326 5266 5325 5267 5266 5326 5327 5267 5326 
5268 5267 5327 5328 5268 5327 5269 5268 5328 
5329 5269 5328 5270 5269 5329 5330 5270 5329 
5271 5270 5330 5331 5271 5330 5272 5271 5331 
5332 5272 5331 5273 5272 5332 5333 5273 5332 
5274 5273 5333 5334 5274 5333 5275 5274 5334 
5335 5275 5334 5276 5275 5335 5336 5276 5335 
5277 5276 5336 5337 5277 5336 5278 5277 5337 
5338 5278 5337 5279 5278 5338 5339 5279 5338 
5340 5341 5401 5400 5340 5401 5341 5342 5402 
5401 5341 5402 5342 5343 5403 5402 5342 5403 
5343 5344 5404 5403 5343 5404 5344 5345 5405 
5404 5344 5405 5345 5346 5406 5405 5345 5406 
5346 5347 5407 5406 5346 5407 5347 5348 5408 
5407 5347 5408 5348 5349 5409 5408 5348 5409 
5349 5350 5410 5409 5349 5410 5350 5351 5411 
5410 5350 5411 5351 5352 5412 5411 5351 5412 
5352 5353 5413 5412 5352 5413 5353 5354 5414 
5413 5353 5414 5354 5355 5415 5414 5354 5415 
5355 5356 5416 5415 5355 5416 5356 5357 5417 
5416 5356 5417 5357 5358 5418 5417 5357 5418 
5358 5359 5419 5418 5358 5419 5359 5360 5420 
5419 5359 5420 5360 5361 5421 5420 5360 5421 
5361 5362 5422 5421 5361 5422 5362 5363 5423 
5422 5362 5423 5363 5364 5424 5423 5363 5424 
5364 5365 5425 5424 5364 5425 5365 5366 5426 
5425 5365 5426 5366 5367 5427 5426 5366 5427 
5367 5368 5428 5427 5367 5428 5368 5369 5429 
5428 5368 5429 5369 5370 5430 5429 5369 5430 
5370 5371 5431 5430 5370 5431 5371 5372 5432 
5431 5371 5432 5372 5373 5433 5432 5372 5433 
5373 5374 5434 5433 5373 5434 5374 5375 5435 
5434 5374 5435 5375 5376 5436 5435 5375 5436 
5376 5377 5437 5436 5376 5437 5377 5378 5438 
5437 5377 5438 5378 5379 5439 5438 5378 5439 
5379 5380 5440 5439 5379 5440 5380 5381 5441 
5440 5380 5441 5381 5382 5442 5441 5381 5442 
5382 5383 5443 5442 5382 5443 5383 5384 5444 
5443 5383 5444 5384 5385 5445 5444 5384 5445 
5385 5386 5446 5445 5385 5446 5386 5387 5447 
5446 5386 5447 5387 5388 5448 5447 5387 5448 
5388 5389 5449 5448 5388 5449 5389 5390 5450 
5449 5389 5450 5390 5391 5451 5450 5390 5451 
5391 5392 5452 5451 5391 5452 5392 5393 5453 
5452 5392 5453 5393 5394 5454 5453 5393 5454 
5394 5395 5455 5454 5394 5455 5395 5396 5456 
5455 5395 5456 5396 5397 5457 5456 5396 5457 
5397 5398 5458 5457 5397 5458 5398 5399 5459 
5458 5398 5459 5401 5580 5400 5581 5580 5401 
5402 5581 5401 5582 5581 5402 5403 5582 5402 
5583 5582 5403 5404 5583 5403 5584 5583 5404 
5405 5584 5404 5585 5584 5405 5406 5585 5405 
5586 5585 5406 5407 5586 5406 5587 5586 5407 
5408 5587 5407 5588 5587 5408 5409 5588 5408 
5589 5588 5409 5410 5589 5409 5590 5589 5410 
5411 5590 5410 5591 5590 5411 5412 5591 5411 
5592 5591 5412 5413 5592 5412 5593 5592 5413 
5414 5593 5413 5594 5593 5414 5415 5594 5414 
5595 5594 5415 5416 5595 5415 5596 5595 5416 
5417 5596 5416 5597 5596 5417 5418 5597 5417 
5598 5597 5418 5419 5598 5418 5599 5598 5419 
5420 5599 5419 5600 5599 5420 5421 5600 5420 
5601 5600 5421 5422 5601 5421 5602 5601 5422 
5423 5602 5422 5603 5602 5423 5424 5603 5423 
5604 5603 5424 5425 5604 5424 5605 5604 5425 
5426 5605 5425 5606 5605 5426 5427 5606 5426 
5607 5606 5427 5428 5607 5427 5608 5607 5428 
5429 5608 5428 5609 5608 5429 5430 5609 5429 
5610 5609 5430 5431 5610 5430 5611 5610 5431 
5432 5611 5431 5612 5611 5432 5433 5612 5432 
5613 5612 5433 5434 5613 5433 5614 5613 5434 
5435 5614 5434 5615 5614 5435 5436 5615 5435 
5616 5615 5436 5437 5616 5436 5617 5616 5437 
5438 5617 5437 5618 5617 5438 5439 5618 5438 
5619 5618 5439 5440 5619 5439 5620 5619 5440 
5441 5620 5440 5621 5620 5441 5442 5621 5441 
5622 5621 5442 5443 5622 5442 5623 5622 5443 
5444 5623 5443 5624 5623 5444 5445 5624 5444 
5625 5624 5445 5446 5625 5445 5626 5625 5446 
5447 5626 5446 5627 5626 5447 5448 5627 5447 
5628 5627 5448 5449 5628 5448 5629 5628 5449 
5450 5629 5449 5630 5629 5450 5451 5630 5450 
5631 5630 5451 5452 5631 5451 5632 5631 5452 
5453 5632 5452 5633 5632 5453 5454 5633 5453 
5634 5633 5454 5455 5634 5454 5635 5634 5455 
5456 5635 5455 5636 5635 5456 5457 5636 5456 
5637 5636 5457 5458 5637 5457 5638 5637 5458 
5459 5638 5458 5639 5638 5459 5520 5701 5521 
5700 5701 5520 5521 5702 5522 5701 5702 5521 
5522 5703 5523 5702 5703 5522 5523 5704 5524 
5703 5704 5523 5524 5705 5525 5704 5705 5524 
5525 5706 5526 5705 5706 5525 5526 5707 5527 
5706 5707 5526 5527 5708 5528 5707 5708 5527 
5528 5709 5529 5708 5709 5528 5529 5710 5530 
5709 5710 5529 5530 5711 5531 5710 5711 5530 
5531 5712 5532 5711 5712 5531 5532 5713 5533 
5712 5713 5532 5533 5714 5534 5713 5714 5533 
5534 5715 5535 5714 5715 5534 5535 5716 5536 
5715 5716 5535 5536 5717 5537 5716 5717 5536 
5537 5718 5538 5717 5718 5537 5538 5719 5539 
5718 5719 5538 5539 5720 5540 5719 5720 5539 
5540 5721 5541 5720 5721 5540 5541 5722 5542 
5721 5722 5541 5542 5723 5543 5722 5723 5542 
5543 5724 5544 5723 5724 5543 5544 5725 5545 
5724 5725 5544 5545 5726 5546 5725 5726 5545 
5546 5727 5547 5726 5727 5546 5547 5728 5548 
5727 5728 5547 5548 5729 5549 5728 5729 5548 
5549 5730 5550 5729 5730 5549 5550 5731 5551 
5730 5731 5550 5551 5732 5552 5731 5732 5551 
5552 5733 5553 5732 5733 5552 5553 5734 5554 
5733 5734 5553 5554 5735 5555 5734 5735 5554 
5555 5736 5556 5735 5736 5555 5556 5737 5557 
5736 5737 5556 5557 5738 5558 5737 5738 5557 
5558 5739 5559 5738 5739 5558 5559 5740 5560 
5739 5740 5559 5560 5741 5561 5740 5741 5560 
5561 5742 5562 5741 5742 5561 5562 5743 5563 
5742 5743 5562 5563 5744 5564 5743 5744 5563 
5564 5745 5565 5744 5745 5564 5565 5746 5566 
5745 5746 5565 5566 5747 5567 5746 5747 5566 
5567 5748 5568 5747 5748 5567 5568 5749 5569 
5748 5749 5568 5569 5750 5570 5749 5750 5569 
5570 5751 5571 5750 5751 5570 5571 5752 5572 
5751 5752 5571 5572 5753 5573 5752 5753 5572 
5573 5754 5574 5753 5754 5573 5574 5755 5575 
5754 5755 5574 5575 5756 5576 5755 5756 5575 
5576 5757 5577 5756 5757 5576 5577 5758 5578 
5757 5758 5577 5578 5759 5579 5758 5759 5578 
5461 5460 5520 5521 5461 5520 5462 5461 5521 
5522 5462 5521 5463 5462 5522 5523 5463 5522 
5464 5463 5523 5524 5464 5523 5465 5464 5524 
5525 5465 5524 5466 5465 5525 5526 5466 5525 
5467 5466 5526 5527 5467 5526 5468 5467 5527 
5528 5468 5527 5469 5468 5528 5529 5469 5528 
5470 5469 5529 5530 5470 5529 5471 5470 5530 
5531 5471 5530 5472 5471 5531 5532 5472 5531 
5473 5472 5532 5533 5473 5532 5474 5473 5533 
5534 5474 5533 5475 5474 5534 5535 5475 5534 
5476 5475 5535 5536 5476 5535 5477 5476 5536 
5537 5477 5536 5478 5477 5537 5538 5478 5537 
5479 5478 5538 5539 5479 5538 5480 5479 5539 
5540 5480 5539 5481 5480 5540 5541 5481 5540 
5482 5481 5541 5542 5482 5541 5483 5482 5542 
5543 5483 5542 5484 5483 5543 5544 5484 5543 
5485 5484 5544 5545 5485 5544 5486 5485 5545 
5546 5486 5545 5487 5486 5546 5547 5487 5546 
5488 5487 5547 5548 5488 5547 5489 5488 5548 
5549 5489 5548 5490 5489 5549 5550 5490 5549 
5491 5490 5550 5551 5491 5550 5492 5491 5551 
5552 5492 5551 5493 5492 5552 5553 5493 5552 
5494 5493 5553 5554 5494 5553 5495 5494 5554 
5555 5495 5554 5496 5495 5555 5556 5496 5555 
5497 5496 5556 5557 5497 5556 5498 5497 5557 
5558 5498 5557 5499 5498 5558 5559 5499 5558 
5500 5499 5559 5560 5500 5559 5501 5500 5560 
5561 5501 5560 5502 5501 5561 5562 5502 5561 
5503 5502 5562 5563 5503 5562 5504 5503 5563 
5564 5504 5563 5505 5504 5564 5565 5505 5564 
5506 5505 5565 5566 5506 5565 5507 5506 5566 
5567 5507 5566 5508 5507 5567 5568 5508 5567 
5509 5508 5568 5569 5509 5568 5510 5509 5569 
5570 5510 5569 5511 5510 5570 5571 5511 5570 
5512 5511 5571 5572 5512 5571 5513 5512 5572 
5573 5513 5572 5514 5513 5573 5574 5514 5573 
5515 5514 5574 5575 5515 5574 5516 5515 5575 
5576 5516 5575 5517 5516 5576 5577 5517 5576 
5518 5517 5577 5578 5518 5577 5519 5518 5578 
5579 5519 5578 5580 5581 5641 5640 5580 5641 
5581 5582 5642 5641 5581 5642 5582 5583 5643 
5642 5582 5643 5583 5584 5644 5643 5583 5644 
5584 5585 5645 5644 5584 5645 5585 5586 5646 
5645 5585 5646 5586 5587 5647 5646 5586 5647 
5587 5588 5648 5647 5587 5648 5588 5589 5649 
5648 5588 5649 5589 5590 5650 5649 5589 5650 
5590 5591 5651 5650 5590 5651 5591 5592 5652 
5651 5591 5652 5592 5593 5653 5652 5592 5653 
5593 5594 5654 5653 5593 5654 5594 5595 5655 
5654 5594 5655 5595 5596 5656 5655 5595 5656 
5596 5597 5657 5656 5596 5657 5597 5598 5658 
5657 5597 5658 5598 5599 5659 5658 5598 5659 
5599 5600 5660 5659 5599 5660 5600 5601 5661 
5660 5600 5661 5601 5602 5662 5661 5601 5662 
5602 5603 5663 5662 5602 5663 5603 5604 5664 
5663 5603 5664 5604 5605 5665 5664 5604 5665 
5605 5606 5666 5665 5605 5666 5606 5607 5667 
5666 5606 5667 5607 5608 5668 5667 5607 5668 
5608 5609 5669 5668 5608 5669 5609 5610 5670 
5669 5609 5670 5610 5611 5671 5670 5610 5671 
5611 5612 5672 5671 5611 5672 5612 5613 5673 
5672 5612 5673 5613 5614 5674 5673 5613 5674 
5614 5615 5675 5674 5614 5675 5615 5616 5676 
5675 5615 5676 5616 5617 5677 5676 5616 5677 
5617 5618 5678 5677 5617 5678 5618 5619 5679 
5678 5618 5679 5619 5620 5680 5679 5619 5680 
5620 5621 5681 5680 5620 5681 5621 5622 5682 
5681 5621 5682 5622 5623 5683 5682 5622 5683 
5623 5624 5684 5683 5623 5684 5624 5625 5685 
5684 5624 5685 5625 5626 5686 5685 5625 5686 
5626 5627 5687 5686 5626 5687 5627 5628 5688 
5687 5627 5688 5628 5629 5689 5688 5628 5689 
5629 5630 5690 5689 5629 5690 5630 5631 5691 
5690 5630 5691 5631 5632 5692 5691 5631 5692 
5632 5633 5693 5692 5632 5693 5633 5634 5694 
5693 5633 5694 5634 5635 5695 5694 5634 5695 
5635 5636 5696 5695 5635 5696 5636 5637 5697 
5696 5636 5697 5637 5638 5698 5697 5637 5698 
5638 5639 5699 5698 5638 5699 5641 5820 5640 
5821 5820 5641 5642 5821 5641 5822 5821 5642 
5643 5822 5642 5823 5822 5643 5644 5823 5643 
5824 5823 5644 5645 5824 5644 5825 5824 5645 
5646 5825 5645 5826 5825 5646 5647 5826 5646 
5827 5826 5647 5648 5827 5647 5828 5827 5648 
5649 5828 5648 5829 5828 5649 5650 5829 5649 
5830 5829 5650 5651 5830 5650 5831 5830 5651 
5652 5831 5651 5832 5831 5652 5653 5832 5652 
5833 5832 5653 5654 5833 5653 5834 5833 5654 
5655 5834 5654 5835 5834 5655 5656 5835 5655 
5836 5835 5656 5657 5836 5656 5837 5836 5657 
5658 5837 5657 5838 5837 5658 5659 5838 5658 
5839 5838 5659 5660 5839 5659 5840 5839 5660 
5661 5840 5660 5841 5840 5661 5662 5841 5661 
5842 5841 5662 5663 5842 5662 5843 5842 5663 
5664 5843 5663 5844 5843 5664 5665 5844 5664 
5845 5844 5665 5666 5845 5665 5846 5845 5666 
5667 5846 5666 5847 5846 5667 5668 5847 5667 
5848 5847 5668 5669 5848 5668 5849 5848 5669 
5670 5849 5669 5850 5849 5670 5671 5850 5670 
5851 5850 5671 5672 5851 5671 5852 5851 5672 
5673 5852 5672 5853 5852 5673 5674 5853 5673 
5854 5853 5674 5675 5854 5674 5855 5854 5675 
5676 5855 5675 5856 5855 5676 5677 5856 5676 
5857 5856 5677 5678 5857 5677 5858 5857 5678 
5679 5858 5678 5859 5858 5679 5680 5859 5679 
5860 5859 5680 5681 5860 5680 5861 5860 5681 
5682 5861 5681 5862 5861 5682 5683 5862 5682 
5863 5862 5683 5684 5863 5683 5864 5863 5684 
5685 5864 5684 5865 5864 5685 5686 5865 5685 
5866 5865 5686 5687 5866 5686 5867 5866 5687 
5688 5867 5687 5868 5867 5688 5689 5868 5688 
5869 5868 5689 5690 5869 5689 5870 5869 5690 
5691 5870 5690 5871 5870 5691 5692 5871 5691 
5872 5871 5692 5693 5872 5692 5873 5872 5693 
5694 5873 5693 5874 5873 5694 5695 5874 5694 
5875 5874 5695 5696 5875 5695 5876 5875 5696 
5697 5876 5696 5877 5876 5697 5698 5877 5697 
5878 5877 5698 5699 5878 5698 5879 5878 5699 
5760 6061 5761 6060 6061 5760 5761 6062 5762 
6061 6062 5761 5762 6063 5763 6062 6063 5762 
5763 6064 5764 6063 6064 5763 5764 6065 5765 
6064 6065 5764 5765 6066 5766 6065 6066 5765 
5766 6067 5767 6066 6067 5766 5767 6068 5768 
6067 6068 5767 5768 6069 5769 6068 6069 5768 
5769 6070 5770 6069 6070 5769 5770 6071 5771 
6070 6071 5770 5771 6072 5772 6071 6072 5771 
5772 6073 5773 6072 6073 5772 5773 6074 5774 
6073 6074 5773 5774 6075 5775 6074 6075 5774 
5775 6076 5776 6075 6076 5775 5776 6077 5777 
6076 6077 5776 5777 6078 5778 6077 6078 5777 
5778 6079 5779 6078 6079 5778 5779 6080 5780 
6079 6080 5779 5780 6081 5781 6080 6081 5780 
5781 6082 5782 6081 6082 5781 5782 6083 5783 
6082 6083 5782 5783 6084 5784 6083 6084 5783 
5784 6085 5785 6084 6085 5784 5785 6086 5786 
6085 6086 5785 5786 6087 5787 6086 6087 5786 
5787 6088 5788 6087 6088 5787 5788 6089 5789 
6088 6089 5788 5789 6090 5790 6089 6090 5789 
5790 6091 5791 6090 6091 5790 5791 6092 5792 
6091 6092 5791 5792 6093 5793 6092 6093 5792 
5793 6094 5794 6093 6094 5793 5794 6095 5795 
6094 6095 5794 5795 6096 5796 6095 6096 5795 
5796 6097 5797 6096 6097 5796 5797 6098 5798 
6097 6098 5797 5798 6099 5799 6098 6099 5798 
5799 6100 5800 6099 6100 5799 5800 6101 5801 
6100 6101 5800 5801 6102 5802 6101 6102 5801 
5802 6103 5803 6102 6103 5802 5803 6104 5804 
6103 6104 5803 5804 6105 5805 6104 6105 5804 
5805 6106 5806 6105 6106 5805 5806 6107 5807 
6106 6107 5806 5807 6108 5808 6107 6108 5807 
5808 6109 5809 6108 6109 5808 5809 6110 5810 
6109 6110 5809 5810 6111 5811 6110 6111 5810 
5811 6112 5812 6111 6112 5811 5812 6113 5813 
6112 6113 5812 5813 6114 5814 6113 6114 5813 
5814 6115 5815 6114 6115 5814 5815 6116 5816 
6115 6116 5815 5816 6117 5817 6116 6117 5816 
5817 6118 5818 6117 6118 5817 5818 6119 5819 
6118 6119 5818 5701 5700 5760 5761 5701 5760 
5702 5701 5761 5762 5702 5761 5703 5702 5762 
5763 5703 5762 5704 5703 5763 5764 5704 5763 
5705 5704 5764 5765 5705 5764 5706 5705 5765 
5766 5706 5765 5707 5706 5766 5767 5707 5766 
5708 5707 5767 5768 5708 5767 5709 5708 5768 
5769 5709 5768 5710 5709 5769 5770 5710 5769 
5711 5710 5770 5771 5711 5770 5712 5711 5771 
5772 5712 5771 5713 5712 5772 5773 5713 5772 
5714 5713 5773 5774 5714 5773 5715 5714 5774 
5775 5715 5774 5716 5715 5775 5776 5716 5775 
5717 5716 5776 5777 5717 5776 5718 5717 5777 
5778 5718 5777 5719 5718 5778 5779 5719 5778 
5720 5719 5779 5780 5720 5779 5721 5720 5780 
5781 5721 5780 5722 5721 5781 5782 5722 5781 
5723 5722 5782 5783 5723 5782 5724 5723 5783 
5784 5724 5783 5725 5724 5784 5785 5725 5784 
5726 5725 5785 5786 5726 5785 5727 5726 5786 
5787 5727 5786 5728 5727 5787 5788 5728 5787 
5729 5728 5788 5789 5729 5788 5730 5729 5789 
5790 5730 5789 5731 5730 5790 5791 5731 5790 
5732 5731 5791 5792 5732 5791 5733 5732 5792 
5793 5733 5792 5734 5733 5793 5794 5734 5793 
5735 5734 5794 5795 5735 5794 5736 5735 5795 
5796 5736 5795 5737 5736 5796 5797 5737 5796 
5738 5737 5797 5798 5738 5797 5739 5738 5798 
5799 5739 5798 5740 5739 5799 5800 5740 5799 
5741 5740 5800 5801 5741 5800 5742 5741 5801 
5802 5742 5801 5743 5742 5802 5803 5743 5802 
5744 5743 5803 5804 5744 5803 5745 5744 5804 
5805 5745 5804 5746 5745 5805 5806 5746 5805 
5747 5746 5806 5807 5747 5806 5748 5747 5807 
5808 5748 5807 5749 5748 5808 5809 5749 5808 
5750 5749 5809 5810 5750 5809 5751 5750 5810 
5811 5751 5810 5752 5751 5811 5812 5752 5811 
5753 5752 5812 5813 5753 5812 5754 5753 5813 
5814 5754 5813 5755 5754 5814 5815 5755 5814 
5756 5755 5815 5816 5756 5815 5757 5756 5816 
5817 5757 5816 5758 5757 5817 5818 5758 5817 
5759 5758 5818 5819 5759 5818 5820 5821 5881 
5880 5820 5881 5821 5822 5882 5881 5821 5882 
5822 5823 5883 5882 5822 5883 5823 5824 5884 
5883 5823 5884 5824 5825 5885 5884 5824 5885 
5825 5826 5886 5885 5825 5886 5826 5827 5887 
5886 5826 5887 5827 5828 5888 5887 5827 5888 
5828 5829 5889 5888 5828 5889 5829 5830 5890 
5889 5829 5890 5830 5831 5891 5890 5830 5891 
5831 5832 5892 5891 5831 5892 5832 5833 5893 
5892 5832 5893 5833 5834 5894 5893 5833 5894 
5834 5835 5895 5894 5834 5895 5835 5836 5896 
5895 5835 5896 5836 5837 5897 5896 5836 5897 
5837 5838 5898 5897 5837 5898 5838 5839 5899 
5898 5838 5899 5839 5840 5900 5899 5839 5900 
5840 5841 5901 5900 5840 5901 5841 5842 5902 
5901 5841 5902 5842 5843 5903 5902 5842 5903 
5843 5844 5904 5903 5843 5904 5844 5845 5905 
5904 5844 5905 5845 5846 5906 5905 5845 5906 
5846 5847 5907 5906 5846 5907 5847 5848 5908 
5907 5847 5908 5848 5849 5909 5908 5848 5909 
5849 5850 5910 5909 5849 5910 5850 5851 5911 
5910 5850 5911 5851 5852 5912 5911 5851 5912 
5852 5853 5913 5912 5852 5913 5853 5854 5914 
5913 5853 5914 5854 5855 5915 5914 5854 5915 
5855 5856 5916 5915 5855 5916 5856 5857 5917 
5916 5856 5917 5857 5858 5918 5917 5857 5918 
5858 5859 5919 5918 5858 5919 5859 5860 5920 
5919 5859 5920 5860 5861 5921 5920 5860 5921 
5861 5862 5922 5921 5861 5922 5862 5863 5923 
5922 5862 5923 5863 5864 5924 5923 5863 5924 
5864 5865 5925 5924 5864 5925 5865 5866 5926 
5925 5865 5926 5866 5867 5927 5926 5866 5927 
5867 5868 5928 5927 5867 5928 5868 5869 5929 
5928 5868 5929 5869 5870 5930 5929 5869 5930 
5870 5871 5931 5930 5870 5931 5871 5872 5932 
5931 5871 5932 5872 5873 5933 5932 5872 5933 
5873 5874 5934 5933 5873 5934 5874 5875 5935 
5934 5874 5935 5875 5876 5936 5935 5875 5936 
5876 5877 5937 5936 5876 5937 5877 5878 5938 
5937 5877 5938 5878 5879 5939 5938 5878 5939 
5881 5941 5880 5941 5940 5880 5882 5942 5881 
5942 5941 5881 5883 5943 5882 5943 5942 5882 
5884 5944 5883 5944 5943 5883 5885 5945 5884 
5945 5944 5884 5886 5946 5885 5946 5945 5885 
5887 5947 5886 5947 5946 5886 5888 5948 5887 
5948 5947 5887 5889 5949 5888 5949 5948 5888 
5890 5950 5889 5950 5949 5889 5891 5951 5890 
5951 5950 5890 5892 5952 5891 5952 5951 5891 
5893 5953 5892 5953 5952 5892 5894 5954 5893 
5954 5953 5893 5895 5955 5894 5955 5954 5894 
5896 5956 5895 5956 5955 5895 5897 5957 5896 
5957 5956 5896 5898 5958 5897 5958 5957 5897 
5899 5959 5898 5959 5958 5898 5900 5960 5899 
5960 5959 5899 5901 5961 5900 5961 5960 5900 
5902 5962 5901 5962 5961 5901 5903 5963 5902 
5963 5962 5902 5904 5964 5903 5964 5963 5903 
5905 5965 5904 5965 5964 5904 5906 5966 5905 
5966 5965 5905 5907 5967 5906 5967 5966 5906 
5908 5968 5907 5968 5967 5907 5909 5969 5908 
5969 5968 5908 5910 5970 5909 5970 5969 5909 
5911 5971 5910 5971 5970 5910 5912 5972 5911 
5972 5971 5911 5913 5973 5912 5973 5972 5912 
5914 5974 5913 5974 5973 5913 5915 5975 5914 
5975 5974 5914 5916 5976 5915 5976 5975 5915 
5917 5977 5916 5977 5976 5916 5918 5978 5917 
5978 5977 5917 5919 5979 5918 5979 5978 5918 
5920 5980 5919 5980 5979 5919 5921 5981 5920 
5981 5980 5920 5922 5982 5921 5982 5981 5921 
5923 5983 5922 5983 5982 5922 5924 5984 5923 
5984 5983 5923 5925 5985 5924 5985 5984 5924 
5926 5986 5925 5986 5985 5925 5927 5987 5926 
5987 5986 5926 5928 5988 5927 5988 5987 5927 
5929 5989 5928 5989 5988 5928 5930 5990 5929 
5990 5989 5929 5931 5991 5930 5991 5990 5930 
5932 5992 5931 5992 5991 5931 5933 5993 5932 
5993 5992 5932 5934 5994 5933 5994 5993 5933 
5935 5995 5934 5995 5994 5934 5936 5996 5935 
5996 5995 5935 5937 5997 5936 5997 5996 5936 
5938 5998 5937 5998 5997 5937 5939 5999 5938 
5999 5998 5938 5941 6180 5940 6181 6180 5941 
5942 6181 5941 6182 6181 5942 5943 6182 5942 
6183 6182 5943 5944 6183 5943 6184 6183 5944 
5945 6184 5944 6185 6184 5945 5946 6185 5945 
6186 6185 5946 5947 6186 5946 6187 6186 5947 
5948 6187 5947 6188 6187 5948 5949 6188 5948 
6189 6188 5949 5950 6189 5949 6190 6189 5950 
5951 6190 5950 6191 6190 5951 5952 6191 5951 
6192 6191 5952 5953 6192 5952 6193 6192 5953 
5954 6193 5953 6194 6193 5954 5955 6194 5954 
6195 6194 5955 5956 6195 5955 6196 6195 5956 
5957 6196 5956 6197 6196 5957 5958 6197 5957 
6198 6197 5958 5959 6198 5958 6199 6198 5959 
5960 6199 5959 6200 6199 5960 5961 6200 5960 
6201 6200 5961 5962 6201 5961 6202 6201 5962 
5963 6202 5962 6203 6202 5963 5964 6203 5963 
6204 6203 5964 5965 6204 5964 6205 6204 5965 
5966 6205 5965 6206 6205 5966 5967 6206 5966 
6207 6206 5967 5968 6207 5967 6208 6207 5968 
5969 6208 5968 6209 6208 5969 5970 6209 5969 
6210 6209 5970 5971 6210 5970 6211 6210 5971 
5972 6211 5971 6212 6211 5972 5973 6212 5972 
6213 6212 5973 5974 6213 5973 6214 6213 5974 
5975 6214 5974 6215 6214 5975 5976 6215 5975 
6216 6215 5976 5977 6216 5976 6217 6216 5977 
5978 6217 5977 6218 6217 5978 5979 6218 5978 
6219 6218 5979 5980 6219 5979 6220 6219 5980 
5981 6220 5980 6221 6220 5981 5982 6221 5981 
6222 6221 5982 5983 6222 5982 6223 6222 5983 
5984 6223 5983 6224 6223 5984 5985 6224 5984 
6225 6224 5985 5986 6225 5985 6226 6225 5986 
5987 6226 5986 6227 6226 5987 5988 6227 5987 
6228 6227 5988 5989 6228 5988 6229 6228 5989 
5990 6229 5989 6230 6229 5990 5991 6230 5990 
6231 6230 5991 5992 6231 5991 6232 6231 5992 
5993 6232 5992 6233 6232 5993 5994 6233 5993 
6234 6233 5994 5995 6234 5994 6235 6234 5995 
5996 6235 5995 6236 6235 5996 5997 6236 5996 
6237 6236 5997 5998 6237 5997 6238 6237 5998 
5999 6238 5998 6239 6238 5999 6000 6421 6001 
6420 6421 6000 6001 6422 6002 6421 6422 6001 
6002 6423 6003 6422 6423 6002 6003 6424 6004 
6423 6424 6003 6004 6425 6005 6424 6425 6004 
6005 6426 6006 6425 6426 6005 6006 6427 6007 
6426 6427 6006 6007 6428 6008 6427 6428 6007 
6008 6429 6009 6428 6429 6008 6009 6430 6010 
6429 6430 6009 6010 6431 6011 6430 6431 6010 
6011 6432 6012 6431 6432 6011 6012 6433 6013 
6432 6433 6012 6013 6434 6014 6433 6434 6013 
6014 6435 6015 6434 6435 6014 6015 6436 6016 
6435 6436 6015 6016 6437 6017 6436 6437 6016 
6017 6438 6018 6437 6438 6017 6018 6439 6019 
6438 6439 6018 6019 6440 6020 6439 6440 6019 
6020 6441 6021 6440 6441 6020 6021 6442 6022 
6441 6442 6021 6022 6443 6023 6442 6443 6022 
6023 6444 6024 6443 6444 6023 6024 6445 6025 
6444 6445 6024 6025 6446 6026 6445 6446 6025 
6026 6447 6027 6446 6447 6026 6027 6448 6028 
6447 6448 6027 6028 6449 6029 6448 6449 6028 
6029 6450 6030 6449 6450 6029 6030 6451 6031 
6450 6451 6030 6031 6452 6032 6451 6452 6031 
6032 6453 6033 6452 6453 6032 6033 6454 6034 
6453 6454 6033 6034 6455 6035 6454 6455 6034 
6035 6456 6036 6455 6456 6035 6036 6457 6037 
6456 6457 6036 6037 6458 6038 6457 6458 6037 
6038 6459 6039 6458 6459 6038 6039 6460 6040 
6459 6460 6039 6040 6461 6041 6460 6461 6040 
6041 6462 6042 6461 6462 6041 6042 6463 6043 
6462 6463 6042 6043 6464 6044 6463 6464 6043 
6044 6465 6045 6464 6465 6044 6045 6466 6046 
6465 6466 6045 6046 6467 6047 6466 6467 6046 
6047 6468 6048 6467 6468 6047 6048 6469 6049 
6468 6469 6048 6049 6470 6050 6469 6470 6049 
6050 6471 6051 6470 6471 6050 6051 6472 6052 
6471 6472 6051 6052 6473 6053 6472 6473 6052 
6053 6474 6054 6473 6474 6053 6054 6475 6055 
6474 6475 6054 6055 6476 6056 6475 6476 6055 
6056 6477 6057 6476 6477 6056 6057 6478 6058 
6477 6478 6057 6058 6479 6059 6478 6479 6058 
6001 6121 6000 6121 6120 6000 6002 6122 6001 
6122 6121 6001 6003 6123 6002 6123 6122 6002 
6004 6124 6003 6124 6123 6003 6005 6125 6004 
6125 6124 6004 6006 6126 6005 6126 6125 6005 
6007 6127 6006 6127 6126 6006 6008 6128 6007 
6128 6127 6007 6009 6129 6008 6129 6128 6008 
6010 6130 6009 6130 6129 6009 6011 6131 6010 
6131 6130 6010 6012 6132 6011 6132 6131 6011 
6013 6133 6012 6133 6132 6012 6014 6134 6013 
6134 6133 6013 6015 6135 6014 6135 6134 6014 
6016 6136 6015 6136 6135 6015 6017 6137 6016 
6137 6136 6016 6018 6138 6017 6138 6137 6017 
6019 6139 6018 6139 6138 6018 6020 6140 6019 
6140 6139 6019 6021 6141 6020 6141 6140 6020 
6022 6142 6021 6142 6141 6021 6023 6143 6022 
6143 6142 6022 6024 6144 6023 6144 6143 6023 
6025 6145 6024 6145 6144 6024 6026 6146 6025 
6146 6145 6025 6027 6147 6026 6147 6146 6026 
6028 6148 6027 6148 6147 6027 6029 6149 6028 
6149 6148 6028 6030 6150 6029 6150 6149 6029 
6031 6151 6030 6151 6150 6030 6032 6152 6031 
6152 6151 6031 6033 6153 6032 6153 6152 6032 
6034 6154 6033 6154 6153 6033 6035 6155 6034 
6155 6154 6034 6036 6156 6035 6156 6155 6035 
6037 6157 6036 6157 6156 6036 6038 6158 6037 
6158 6157 6037 6039 6159 6038 6159 6158 6038 
6040 6160 6039 6160 6159 6039 6041 6161 6040 
6161 6160 6040 6042 6162 6041 6162 6161 6041 
6043 6163 6042 6163 6162 6042 6044 6164 6043 
6164 6163 6043 6045 6165 6044 6165 6164 6044 
6046 6166 6045 6166 6165 6045 6047 6167 6046 
6167 6166 6046 6048 6168 6047 6168 6167 6047 
6049 6169 6048 6169 6168 6048 6050 6170 6049 
6170 6169 6049 6051 6171 6050 6171 6170 6050 
6052 6172 6051 6172 6171 6051 6053 6173 6052 
6173 6172 6052 6054 6174 6053 6174 6173 6053 
6055 6175 6054 6175 6174 6054 6056 6176 6055 
6176 6175 6055 6057 6177 6056 6177 6176 6056 
6058 6178 6057 6178 6177 6057 6059 6179 6058 
6179 6178 6058 6061 6060 6120 6121 6061 6120 
6062 6061 6121 6122 6062 6121 6063 6062 6122 
6123 6063 6122 6064 6063 6123 6124 6064 6123 
6065 6064 6124 6125 6065 6124 6066 6065 6125 
6126 6066 6125 6067 6066 6126 6127 6067 6126 
6068 6067 6127 6128 6068 6127 6069 6068 6128 
6129 6069 6128 6070 6069 6129 6130 6070 6129 
6071 6070 6130 6131 6071 6130 6072 6071 6131 
6132 6072 6131 6073 6072 6132 6133 6073 6132 
6074 6073 6133 6134 6074 6133 6075 6074 6134 
6135 6075 6134 6076 6075 6135 6136 6076 6135 
6077 6076 6136 6137 6077 6136 6078 6077 6137 
6138 6078 6137 6079 6078 6138 6139 6079 6138 
6080 6079 6139 6140 6080 6139 6081 6080 6140 
6141 6081 6140 6082 6081 6141 6142 6082 6141 
6083 6082 6142 6143 6083 6142 6084 6083 6143 
6144 6084 6143 6085 6084 6144 6145 6085 6144 
6086 6085 6145 6146 6086 6145 6087 6086 6146 
6147 6087 6146 6088 6087 6147 6148 6088 6147 
6089 6088 6148 6149 6089 6148 6090 6089 6149 
6150 6090 6149 6091 6090 6150 6151 6091 6150 
6092 6091 6151 6152 6092 6151 6093 6092 6152 
6153 6093 6152 6094 6093 6153 6154 6094 6153 
6095 6094 6154 6155 6095 6154 6096 6095 6155 
6156 6096 6155 6097 6096 6156 6157 6097 6156 
6098 6097 6157 6158 6098 6157 6099 6098 6158 
6159 6099 6158 6100 6099 6159 6160 6100 6159 
6101 6100 6160 6161 6101 6160 6102 6101 6161 
6162 6102 6161 6103 6102 6162 6163 6103 6162 
6104 6103 6163 6164 6104 6163 6105 6104 6164 
6165 6105 6164 6106 6105 6165 6166 6106 6165 
6107 6106 6166 6167 6107 6166 6108 6107 6167 
6168 6108 6167 6109 6108 6168 6169 6109 6168 
6110 6109 6169 6170 6110 6169 6111 6110 6170 
6171 6111 6170 6112 6111 6171 6172 6112 6171 
6113 6112 6172 6173 6113 6172 6114 6113 6173 
6174 6114 6173 6115 6114 6174 6175 6115 6174 
6116 6115 6175 6176 6116 6175 6117 6116 6176 
6177 6117 6176 6118 6117 6177 6178 6118 6177 
6119 6118 6178 6179 6119 6178 6180 6181 6241 
6240 6180 6241 6181 6182 6242 6241 6181 6242 
6182 6183 6243 6242 6182 6243 6183 6184 6244 
6243 6183 6244 6184 6185 6245 6244 6184 6245 
6185 6186 6246 6245 6185 6246 6186 6187 6247 
6246 6186 6247 6187 6188 6248 6247 6187 6248 
6188 6189 6249 6248 6188 6249 6189 6190 6250 
6249 6189 6250 6190 6191 6251 6250 6190 6251 
6191 6192 6252 6251 6191 6252 6192 6193 6253 
6252 6192 6253 6193 6194 6254 6253 6193 6254 
6194 6195 6255 6254 6194 6255 6195 6196 6256 
6255 6195 6256 6196 6197 6257 6256 6196 6257 
6197 6198 6258 6257 6197 6258 6198 6199 6259 
6258 6198 6259 6199 6200 6260 6259 6199 6260 
6200 6201 6261 6260 6200 6261 6201 6202 6262 
6261 6201 6262 6202 6203 6263 6262 6202 6263 
6203 6204 6264 6263 6203 6264 6204 6205 6265 
6264 6204 6265 6205 6206 6266 6265 6205 6266 
6206 6207 6267 6266 6206 6267 6207 6208 6268 
6267 6207 6268 6208 6209 6269 6268 6208 6269 
6209 6210 6270 6269 6209 6270 6210 6211 6271 
6270 6210 6271 6211 6212 6272 6271 6211 6272 
6212 6213 6273 6272 6212 6273 6213 6214 6274 
6273 6213 6274 6214 6215 6275 6274 6214 6275 
6215 6216 6276 6275 6215 6276 6216 6217 6277 
6276 6216 6277 6217 6218 6278 6277 6217 6278 
6218 6219 6279 6278 6218 6279 6219 6220 6280 
6279 6219 6280 6220 6221 6281 6280 6220 6281 
6221 6222 6282 6281 6221 6282 6222 6223 6283 
6282 6222 6283 6223 6224 6284 6283 6223 6284 
6224 6225 6285 6284 6224 6285 6225 6226 6286 
6285 6225 6286 6226 6227 6287 6286 6226 6287 
6227 6228 6288 6287 6227 6288 6228 6229 6289 
6288 6228 6289 6229 6230 6290 6289 6229 6290 
6230 6231 6291 6290 6230 6291 6231 6232 6292 
6291 6231 6292 6232 6233 6293 6292 6232 6293 
6233 6234 6294 6293 6233 6294 6234 6235 6295 
6294 6234 6295 6235 6236 6296 6295 6235 6296 
6236 6237 6297 6296 6236 6297 6237 6238 6298 
6297 6237 6298 6238 6239 6299 6298 6238 6299 
6241 6301 6240 6301 6300 6240 6242 6302 6241 
6302 6301 6241 6243 6303 6242 6303 6302 6242 
6244 6304 6243 6304 6303 6243 6245 6305 6244 
6305 6304 6244 6246 6306 6245 6306 6305 6245 
6247 6307 6246 6307 6306 6246 6248 6308 6247 
6308 6307 6247 6249 6309 6248 6309 6308 6248 
6250 6310 6249 6310 6309 6249 6251 6311 6250 
6311 6310 6250 6252 6312 6251 6312 6311 6251 
6253 6313 6252 6313 6312 6252 6254 6314 6253 
6314 6313 6253 6255 6315 6254 6315 6314 6254 
6256 6316 6255 6316 6315 6255 6257 6317 6256 
6317 6316 6256 6258 6318 6257 6318 6317 6257 
6259 6319 6258 6319 6318 6258 6260 6320 6259 
6320 6319 6259 6261 6321 6260 6321 6320 6260 
6262 6322 6261 6322 6321 6261 6263 6323 6262 
6323 6322 6262 6264 6324 6263 6324 6323 6263 
6265 6325 6264 6325 6324 6264 6266 6326 6265 
6326 6325 6265 6267 6327 6266 6327 6326 6266 
6268 6328 6267 6328 6327 6267 6269 6329 6268 
6329 6328 6268 6270 6330 6269 6330 6329 6269 
6271 6331 6270 6331 6330 6270 6272 6332 6271 
6332 6331 6271 6273 6333 6272 6333 6332 6272 
6274 6334 6273 6334 6333 6273 6275 6335 6274 
6335 6334 6274 6276 6336 6275 6336 6335 6275 
6277 6337 6276 6337 6336 6276 6278 6338 6277 
6338 6337 6277 6279 6339 6278 6339 6338 6278 
6280 6340 6279 6340 6339 6279 6281 6341 6280 
6341 6340 6280 6282 6342 6281 6342 6341 6281 
6283 6343 6282 6343 6342 6282 6284 6344 6283 
6344 6343 6283 6285 6345 6284 6345 6344 6284 
6286 6346 6285 6346 6345 6285 6287 6347 6286 
6347 6346 6286 6288 6348 6287 6348 6347 6287 
6289 6349 6288 6349 6348 6288 6290 6350 6289 
6350 6349 6289 6291 6351 6290 6351 6350 6290 
6292 6352 6291 6352 6351 6291 6293 6353 6292 
6353 6352 6292 6294 6354 6293 6354 6353 6293 
6295 6355 6294 6355 6354 6294 6296 6356 6295 
6356 6355 6295 6297 6357 6296 6357 6356 6296 
6298 6358 6297 6358 6357 6297 6299 6359 6298 
6359 6358 6298 6301 6540 6300 6541 6540 6301 
6302 6541 6301 6542 6541 6302 6303 6542 6302 
6543 6542 6303 6304 6543 6303 6544 6543 6304 
6305 6544 6304 6545 6544 6305 6306 6545 6305 
6546 6545 6306 6307 6546 6306 6547 6546 6307 
6308 6547 6307 6548 6547 6308 6309 6548 6308 
6549 6548 6309 6310 6549 6309 6550 6549 6310 
6311 6550 6310 6551 6550 6311 6312 6551 6311 
6552 6551 6312 6313 6552 6312 6553 6552 6313 
6314 6553 6313 6554 6553 6314 6315 6554 6314 
6555 6554 6315 6316 6555 6315 6556 6555 6316 
6317 6556 6316 6557 6556 6317 6318 6557 6317 
6558 6557 6318 6319 6558 6318 6559 6558 6319 
6320 6559 6319 6560 6559 6320 6321 6560 6320 
6561 6560 6321 6322 6561 6321 6562 6561 6322 
6323 6562 6322 6563 6562 6323 6324 6563 6323 
6564 6563 6324 6325 6564 6324 6565 6564 6325 
6326 6565 6325 6566 6565 6326 6327 6566 6326 
6567 6566 6327 6328 6567 6327 6568 6567 6328 
6329 6568 6328 6569 6568 6329 6330 6569 6329 
6570 6569 6330 6331 6570 6330 6571 6570 6331 
6332 6571 6331 6572 6571 6332 6333 6572 6332 
6573 6572 6333 6334 6573 6333 6574 6573 6334 
6335 6574 6334 6575 6574 6335 6336 6575 6335 
6576 6575 6336 6337 6576 6336 6577 6576 6337 
6338 6577 6337 6578 6577 6338 6339 6578 6338 
6579 6578 6339 6340 6579 6339 6580 6579 6340 
6341 6580 6340 6581 6580 6341 6342 6581 6341 
6582 6581 6342 6343 6582 6342 6583 6582 6343 
6344 6583 6343 6584 6583 6344 6345 6584 6344 
6585 6584 6345 6346 6585 6345 6586 6585 6346 
6347 6586 6346 6587 6586 6347 6348 6587 6347 
6588 6587 6348 6349 6588 6348 6589 6588 6349 
6350 6589 6349 6590 6589 6350 6351 6590 6350 
6591 6590 6351 6352 6591 6351 6592 6591 6352 
6353 6592 6352 6593 6592 6353 6354 6593 6353 
6594 6593 6354 6355 6594 6354 6595 6594 6355 
6356 6595 6355 6596 6595 6356 6357 6596 6356 
6597 6596 6357 6358 6597 6357 6598 6597 6358 
6359 6598 6358 6599 6598 6359 6360 7141 6361 
7140 7141 6360 6361 7142 6362 7141 7142 6361 
6362 7143 6363 7142 7143 6362 6363 7144 6364 
7143 7144 6363 6364 7145 6365 7144 7145 6364 
6365 7146 6366 7145 7146 6365 6366 7147 6367 
7146 7147 6366 6367 7148 6368 7147 7148 6367 
6368 7149 6369 7148 7149 6368 6369 7150 6370 
7149 7150 6369 6370 7151 6371 7150 7151 6370 
6371 7152 6372 7151 7152 6371 6372 7153 6373 
7152 7153 6372 6373 7154 6374 7153 7154 6373 
6374 7155 6375 7154 7155 6374 6375 7156 6376 
7155 7156 6375 6376 7157 6377 7156 7157 6376 
6377 7158 6378 7157 7158 6377 6378 7159 6379 
7158 7159 6378 6379 7160 6380 7159 7160 6379 
6380 7161 6381 7160 7161 6380 6381 7162 6382 
7161 7162 6381 6382 7163 6383 7162 7163 6382 
6383 7164 6384 7163 7164 6383 6384 7165 6385 
7164 7165 6384 6385 7166 6386 7165 7166 6385 
6386 7167 6387 7166 7167 6386 6387 7168 6388 
7167 7168 6387 6388 7169 6389 7168 7169 6388 
6389 7170 6390 7169 7170 6389 6390 7171 6391 
7170 7171 6390 6391 7172 6392 7171 7172 6391 
6392 7173 6393 7172 7173 6392 6393 7174 6394 
7173 7174 6393 6394 7175 6395 7174 7175 6394 
6395 7176 6396 7175 7176 6395 6396 7177 6397 
7176 7177 6396 6397 7178 6398 7177 7178 6397 
6398 7179 6399 7178 7179 6398 6399 7180 6400 
7179 7180 6399 6400 7181 6401 7180 7181 6400 
6401 7182 6402 7181 7182 6401 6402 7183 6403 
7182 7183 6402 6403 7184 6404 7183 7184 6403 
6404 7185 6405 7184 7185 6404 6405 7186 6406 
7185 7186 6405 6406 7187 6407 7186 7187 6406 
6407 7188 6408 7187 7188 6407 6408 7189 6409 
7188 7189 6408 6409 7190 6410 7189 7190 6409 
6410 7191 6411 7190 7191 6410 6411 7192 6412 
7191 7192 6411 6412 7193 6413 7192 7193 6412 
6413 7194 6414 7193 7194 6413 6414 7195 6415 
7194 7195 6414 6415 7196 6416 7195 7196 6415 
6416 7197 6417 7196 7197 6416 6417 7198 6418 
7197 7198 6417 6418 7199 6419 7198 7199 6418 
6361 6481 6360 6481 6480 6360 6362 6482 6361 
6482 6481 6361 6363 6483 6362 6483 6482 6362 
6364 6484 6363 6484 6483 6363 6365 6485 6364 
6485 6484 6364 6366 6486 6365 6486 6485 6365 
6367 6487 6366 6487 6486 6366 6368 6488 6367 
6488 6487 6367 6369 6489 6368 6489 6488 6368 
6370 6490 6369 6490 6489 6369 6371 6491 6370 
6491 6490 6370 6372 6492 6371 6492 6491 6371 
6373 6493 6372 6493 6492 6372 6374 6494 6373 
6494 6493 6373 6375 6495 6374 6495 6494 6374 
6376 6496 6375 6496 6495 6375 6377 6497 6376 
6497 6496 6376 6378 6498 6377 6498 6497 6377 
6379 6499 6378 6499 6498 6378 6380 6500 6379 
6500 6499 6379 6381 6501 6380 6501 6500 6380 
6382 6502 6381 6502 6501 6381 6383 6503 6382 
6503 6502 6382 6384 6504 6383 6504 6503 6383 
6385 6505 6384 6505 6504 6384 6386 6506 6385 
6506 6505 6385 6387 6507 6386 6507 6506 6386 
6388 6508 6387 6508 6507 6387 6389 6509 6388 
6509 6508 6388 6390 6510 6389 6510 6509 6389 
6391 6511 6390 6511 6510 6390 6392 6512 6391 
6512 6511 6391 6393 6513 6392 6513 6512 6392 
6394 6514 6393 6514 6513 6393 6395 6515 6394 
6515 6514 6394 6396 6516 6395 6516 6515 6395 
6397 6517 6396 6517 6516 6396 6398 6518 6397 
6518 6517 6397 6399 6519 6398 6519 6518 6398 
6400 6520 6399 6520 6519 6399 6401 6521 6400 
6521 6520 6400 6402 6522 6401 6522 6521 6401 
6403 6523 6402 6523 6522 6402 6404 6524 6403 
6524 6523 6403 6405 6525 6404 6525 6524 6404 
6406 6526 6405 6526 6525 6405 6407 6527 6406 
6527 6526 6406 6408 6528 6407 6528 6527 6407 
6409 6529 6408 6529 6528 6408 6410 6530 6409 
6530 6529 6409 6411 6531 6410 6531 6530 6410 
6412 6532 6411 6532 6531 6411 6413 6533 6412 
6533 6532 6412 6414 6534 6413 6534 6533 6413 
6415 6535 6414 6535 6534 6414 6416 6536 6415 
6536 6535 6415 6417 6537 6416 6537 6536 6416 
6418 6538 6417 6538 6537 6417 6419 6539 6418 
6539 6538 6418 6421 6420 6480 6481 6421 6480 
6422 6421 6481 6482 6422 6481 6423 6422 6482 
6483 6423 6482 6424 6423 6483 6484 6424 6483 
6425 6424 6484 6485 6425 6484 6426 6425 6485 
6486 6426 6485 6427 6426 6486 6487 6427 6486 
6428 6427 6487 6488 6428 6487 6429 6428 6488 
6489 6429 6488 6430 6429 6489 6490 6430 6489 
6431 6430 6490 6491 6431 6490 6432 6431 6491 
6492 6432 6491 6433 6432 6492 6493 6433 6492 
6434 6433 6493 6494 6434 6493 6435 6434 6494 
6495 6435 6494 6436 6435 6495 6496 6436 6495 
6437 6436 6496 6497 6437 6496 6438 6437 6497 
6498 6438 6497 6439 6438 6498 6499 6439 6498 
6440 6439 6499 6500 6440 6499 6441 6440 6500 
6501 6441 6500 6442 6441 6501 6502 6442 6501 
6443 6442 6502 6503 6443 6502 6444 6443 6503 
6504 6444 6503 6445 6444 6504 6505 6445 6504 
6446 6445 6505 6506 6446 6505 6447 6446 6506 
6507 6447 6506 6448 6447 6507 6508 6448 6507 
6449 6448 6508 6509 6449 6508 6450 6449 6509 
6510 6450 6509 6451 6450 6510 6511 6451 6510 
6452 6451 6511 6512 6452 6511 6453 6452 6512 
6513 6453 6512 6454 6453 6513 6514 6454 6513 
6455 6454 6514 6515 6455 6514 6456 6455 6515 
6516 6456 6515 6457 6456 6516 6517 6457 6516 
6458 6457 6517 6518 6458 6517 6459 6458 6518 
6519 6459 6518 6460 6459 6519 6520 6460 6519 
6461 6460 6520 6521 6461 6520 6462 6461 6521 
6522 6462 6521 6463 6462 6522 6523 6463 6522 
6464 6463 6523 6524 6464 6523 6465 6464 6524 
6525 6465 6524 6466 6465 6525 6526 6466 6525 
6467 6466 6526 6527 6467 6526 6468 6467 6527 
6528 6468 6527 6469 6468 6528 6529 6469 6528 
6470 6469 6529 6530 6470 6529 6471 6470 6530 
6531 6471 6530 6472 6471 6531 6532 6472 6531 
6473 6472 6532 6533 6473 6532 6474 6473 6533 
6534 6474 6533 6475 6474 6534 6535 6475 6534 
6476 6475 6535 6536 6476 6535 6477 6476 6536 
6537 6477 6536 6478 6477 6537 6538 6478 6537 
6479 6478 6538 6539 6479 6538 6540 6541 6601 
6600 6540 6601 6541 6542 6602 6601 6541 6602 
6542 6543 6603 6602 6542 6603 6543 6544 6604 
6603 6543 6604 6544 6545 6605 6604 6544 6605 
6545 6546 6606 6605 6545 6606 6546 6547 6607 
6606 6546 6607 6547 6548 6608 6607 6547 6608 
6548 6549 6609 6608 6548 6609 6549 6550 6610 
6609 6549 6610 6550 6551 6611 6610 6550 6611 
6551 6552 6612 6611 6551 6612 6552 6553 6613 
6612 6552 6613 6553 6554 6614 6613 6553 6614 
6554 6555 6615 6614 6554 6615 6555 6556 6616 
6615 6555 6616 6556 6557 6617 6616 6556 6617 
6557 6558 6618 6617 6557 6618 6558 6559 6619 
6618 6558 6619 6559 6560 6620 6619 6559 6620 
6560 6561 6621 6620 6560 6621 6561 6562 6622 
6621 6561 6622 6562 6563 6623 6622 6562 6623 
6563 6564 6624 6623 6563 6624 6564 6565 6625 
6624 6564 6625 6565 6566 6626 6625 6565 6626 
6566 6567 6627 6626 6566 6627 6567 6568 6628 
6627 6567 6628 6568 6569 6629 6628 6568 6629 
6569 6570 6630 6629 6569 6630 6570 6571 6631 
6630 6570 6631 6571 6572 6632 6631 6571 6632 
6572 6573 6633 6632 6572 6633 6573 6574 6634 
6633 6573 6634 6574 6575 6635 6634 6574 6635 
6575 6576 6636 6635 6575 6636 6576 6577 6637 
6636 6576 6637 6577 6578 6638 6637 6577 6638 
6578 6579 6639 6638 6578 6639 6579 6580 6640 
6639 6579 6640 6580 6581 6641 6640 6580 6641 
6581 6582 6642 6641 6581 6642 6582 6583 6643 
6642 6582 6643 6583 6584 6644 6643 6583 6644 
6584 6585 6645 6644 6584 6645 6585 6586 6646 
6645 6585 6646 6586 6587 6647 6646 6586 6647 
6587 6588 6648 6647 6587 6648 6588 6589 6649 
6648 6588 6649 6589 6590 6650 6649 6589 6650 
6590 6591 6651 6650 6590 6651 6591 6592 6652 
6651 6591 6652 6592 6593 6653 6652 6592 6653 
6593 6594 6654 6653 6593 6654 6594 6595 6655 
6654 6594 6655 6595 6596 6656 6655 6595 6656 
6596 6597 6657 6656 6596 6657 6597 6598 6658 
6657 6597 6658 6598 6599 6659 6658 6598 6659 
6601 6661 6600 6661 6660 6600 6602 6662 6601 
6662 6661 6601 6603 6663 6602 6663 6662 6602 
6604 6664 6603 6664 6663 6603 6605 6665 6604 
6665 6664 6604 6606 6666 6605 6666 6665 6605 
6607 6667 6606 6667 6666 6606 6608 6668 6607 
6668 6667 6607 6609 6669 6608 6669 6668 6608 
6610 6670 6609 6670 6669 6609 6611 6671 6610 
6671 6670 6610 6612 6672 6611 6672 6671 6611 
6613 6673 6612 6673 6672 6612 6614 6674 6613 
6674 6673 6613 6615 6675 6614 6675 6674 6614 
6616 6676 6615 6676 6675 6615 6617 6677 6616 
6677 6676 6616 6618 6678 6617 6678 6677 6617 
6619 6679 6618 6679 6678 6618 6620 6680 6619 
6680 6679 6619 6621 6681 6620 6681 6680 6620 
6622 6682 6621 6682 6681 6621 6623 6683 6622 
6683 6682 6622 6624 6684 6623 6684 6683 6623 
6625 6685 6624 6685 6684 6624 6626 6686 6625 
6686 6685 6625 6627 6687 6626 6687 6686 6626 
6628 6688 6627 6688 6687 6627 6629 6689 6628 
6689 6688 6628 6630 6690 6629 6690 6689 6629 
6631 6691 6630 6691 6690 6630 6632 6692 6631 
6692 6691 6631 6633 6693 6632 6693 6692 6632 
6634 6694 6633 6694 6693 6633 6635 6695 6634 
6695 6694 6634 6636 6696 6635 6696 6695 6635 
6637 6697 6636 6697 6696 6636 6638 6698 6637 
6698 6697 6637 6639 6699 6638 6699 6698 6638 
6640 6700 6639 6700 6699 6639 6641 6701 6640 
6701 6700 6640 6642 6702 6641 6702 6701 6641 
6643 6703 6642 6703 6702 6642 6644 6704 6643 
6704 6703 6643 6645 6705 6644 6705 6704 6644 
6646 6706 6645 6706 6705 6645 6647 6707 6646 
6707 6706 6646 6648 6708 6647 6708 6707 6647 
6649 6709 6648 6709 6708 6648 6650 6710 6649 
6710 6709 6649 6651 6711 6650 6711 6710 6650 
6652 6712 6651 6712 6711 6651 6653 6713 6652 
6713 6712 6652 6654 6714 6653 6714 6713 6653 
6655 6715 6654 6715 6714 6654 6656 6716 6655 
6716 6715 6655 6657 6717 6656 6717 6716 6656 
6658 6718 6657 6718 6717 6657 6659 6719 6658 
6719 6718 6658 6661 6721 6660 6721 6720 6660 
6662 6722 6661 6722 6721 6661 6663 6723 6662 
6723 6722 6662 6664 6724 6663 6724 6723 6663 
6665 6725 6664 6725 6724 6664 6666 6726 6665 
6726 6725 6665 6667 6727 6666 6727 6726 6666 
6668 6728 6667 6728 6727 6667 6669 6729 6668 
6729 6728 6668 6670 6730 6669 6730 6729 6669 
6671 6731 6670 6731 6730 6670 6672 6732 6671 
6732 6731 6671 6673 6733 6672 6733 6732 6672 
6674 6734 6673 6734 6733 6673 6675 6735 6674 
6735 6734 6674 6676 6736 6675 6736 6735 6675 
6677 6737 6676 6737 6736 6676 6678 6738 6677 
6738 6737 6677 6679 6739 6678 6739 6738 6678 
6680 6740 6679 6740 6739 6679 6681 6741 6680 
6741 6740 6680 6682 6742 6681 6742 6741 6681 
6683 6743 6682 6743 6742 6682 6684 6744 6683 
6744 6743 6683 6685 6745 6684 6745 6744 6684 
6686 6746 6685 6746 6745 6685 6687 6747 6686 
6747 6746 6686 6688 6748 6687 6748 6747 6687 
6689 6749 6688 6749 6748 6688 6690 6750 6689 
6750 6749 6689 6691 6751 6690 6751 6750 6690 
6692 6752 6691 6752 6751 6691 6693 6753 6692 
6753 6752 6692 6694 6754 6693 6754 6753 6693 
6695 6755 6694 6755 6754 6694 6696 6756 6695 
6756 6755 6695 6697 6757 6696 6757 6756 6696 
6698 6758 6697 6758 6757 6697 6699 6759 6698 
6759 6758 6698 6700 6760 6699 6760 6759 6699 
6701 6761 6700 6761 6760 6700 6702 6762 6701 
6762 6761 6701 6703 6763 6702 6763 6762 6702 
6704 6764 6703 6764 6763 6703 6705 6765 6704 
6765 6764 6704 6706 6766 6705 6766 6765 6705 
6707 6767 6706 6767 6766 6706 6708 6768 6707 
6768 6767 6707 6709 6769 6708 6769 6768 6708 
6710 6770 6709 6770 6769 6709 6711 6771 6710 
6771 6770 6710 6712 6772 6711 6772 6771 6711 
6713 6773 6712 6773 6772 6712 6714 6774 6713 
6774 6773 6713 6715 6775 6714 6775 6774 6714 
6716 6776 6715 6776 6775 6715 6717 6777 6716 
6777 6776 6716 6718 6778 6717 6778 6777 6717 
6719 6779 6718 6779 6778 6718 6721 6781 6720 
6781 6780 6720 6722 6782 6721 6782 6781 6721 
6723 6783 6722 6783 6782 6722 6724 6784 6723 
6784 6783 6723 6725 6785 6724 6785 6784 6724 
6726 6786 6725 6786 6785 6725 6727 6787 6726 
6787 6786 6726 6728 6788 6727 6788 6787 6727 
6729 6789 6728 6789 6788 6728 6730 6790 6729 
6790 6789 6729 6731 6791 6730 6791 6790 6730 
6732 6792 6731 6792 6791 6731 6733 6793 6732 
6793 6792 6732 6734 6794 6733 6794 6793 6733 
6735 6795 6734 6795 6794 6734 6736 6796 6735 
6796 6795 6735 6737 6797 6736 6797 6796 6736 
6738 6798 6737 6798 6797 6737 6739 6799 6738 
6799 6798 6738 6740 6800 6739 6800 6799 6739 
6741 6801 6740 6801 6800 6740 6742 6802 6741 
6802 6801 6741 6743 6803 6742 6803 6802 6742 
6744 6804 6743 6804 6803 6743 6745 6805 6744 
6805 6804 6744 6746 6806 6745 6806 6805 6745 
6747 6807 6746 6807 6806 6746 6748 6808 6747 
6808 6807 6747 6749 6809 6748 6809 6808 6748 
6750 6810 6749 6810 6809 6749 6751 6811 6750 
6811 6810 6750 6752 6812 6751 6812 6811 6751 
6753 6813 6752 6813 6812 6752 6754 6814 6753 
6814 6813 6753 6755 6815 6754 6815 6814 6754 
6756 6816 6755 6816 6815 6755 6757 6817 6756 
6817 6816 6756 6758 6818 6757 6818 6817 6757 
6759 6819 6758 6819 6818 6758 6760 6820 6759 
6820 6819 6759 6761 6821 6760 6821 6820 6760 
6762 6822 6761 6822 6821 6761 6763 6823 6762 
6823 6822 6762 6764 6824 6763 6824 6823 6763 
6765 6825 6764 6825 6824 6764 6766 6826 6765 
6826 6825 6765 6767 6827 6766 6827 6826 6766 
6768 6828 6767 6828 6827 6767 6769 6829 6768 
6829 6828 6768 6770 6830 6769 6830 6829 6769 
6771 6831 6770 6831 6830 6770 6772 6832 6771 
6832 6831 6771 6773 6833 6772 6833 6832 6772 
6774 6834 6773 6834 6833 6773 6775 6835 6774 
6835 6834 6774 6776 6836 6775 6836 6835 6775 
6777 6837 6776 6837 6836 6776 6778 6838 6777 
6838 6837 6777 6779 6839 6778 6839 6838 6778 
6781 6841 6780 6841 6840 6780 6782 6842 6781 
6842 6841 6781 6783 6843 6782 6843 6842 6782 
6784 6844 6783 6844 6843 6783 6785 6845 6784 
6845 6844 6784 6786 6846 6785 6846 6845 6785 
6787 6847 6786 6847 6846 6786 6788 6848 6787 
6848 6847 6787 6789 6849 6788 6849 6848 6788 
6790 6850 6789 6850 6849 6789 6791 6851 6790 
6851 6850 6790 6792 6852 6791 6852 6851 6791 
6793 6853 6792 6853 6852 6792 6794 6854 6793 
6854 6853 6793 6795 6855 6794 6855 6854 6794 
6796 6856 6795 6856 6855 6795 6797 6857 6796 
6857 6856 6796 6798 6858 6797 6858 6857 6797 
6799 6859 6798 6859 6858 6798 6800 6860 6799 
6860 6859 6799 6801 6861 6800 6861 6860 6800 
6802 6862 6801 6862 6861 6801 6803 6863 6802 
6863 6862 6802 6804 6864 6803 6864 6863 6803 
6805 6865 6804 6865 6864 6804 6806 6866 6805 
6866 6865 6805 6807 6867 6806 6867 6866 6806 
6808 6868 6807 6868 6867 6807 6809 6869 6808 
6869 6868 6808 6810 6870 6809 6870 6869 6809 
6811 6871 6810 6871 6870 6810 6812 6872 6811 
6872 6871 6811 6813 6873 6812 6873 6872 6812 
6814 6874 6813 6874 6873 6813 6815 6875 6814 
6875 6874 6814 6816 6876 6815 6876 6875 6815 
6817 6877 6816 6877 6876 6816 6818 6878 6817 
6878 6877 6817 6819 6879 6818 6879 6878 6818 
6820 6880 6819 6880 6879 6819 6821 6881 6820 
6881 6880 6820 6822 6882 6821 6882 6881 6821 
6823 6883 6822 6883 6882 6822 6824 6884 6823 
6884 6883 6823 6825 6885 6824 6885 6884 6824 
6826 6886 6825 6886 6885 6825 6827 6887 6826 
6887 6886 6826 6828 6888 6827 6888 6887 6827 
6829 6889 6828 6889 6888 6828 6830 6890 6829 
6890 6889 6829 6831 6891 6830 6891 6890 6830 
6832 6892 6831 6892 6891 6831 6833 6893 6832 
6893 6892 6832 6834 6894 6833 6894 6893 6833 
6835 6895 6834 6895 6894 6834 6836 6896 6835 
6896 6895 6835 6837 6897 6836 6897 6896 6836 
6838 6898 6837 6898 6897 6837 6839 6899 6838 
6899 6898 6838 6841 7260 6840 7261 7260 6841 
6842 7261 6841 7262 7261 6842 6843 7262 6842 
7263 7262 6843 6844 7263 6843 7264 7263 6844 
6845 7264 6844 7265 7264 6845 6846 7265 6845 
7266 7265 6846 6847 7266 6846 7267 7266 6847 
6848 7267 6847 7268 7267 6848 6849 7268 6848 
7269 7268 6849 6850 7269 6849 7270 7269 6850 
6851 7270 6850 7271 7270 6851 6852 7271 6851 
7272 7271 6852 6853 7272 6852 7273 7272 6853 
6854 7273 6853 7274 7273 6854 6855 7274 6854 
7275 7274 6855 6856 7275 6855 7276 7275 6856 
6857 7276 6856 7277 7276 6857 6858 7277 6857 
7278 7277 6858 6859 7278 6858 7279 7278 6859 
6860 7279 6859 7280 7279 6860 6861 7280 6860 
7281 7280 6861 6862 7281 6861 7282 7281 6862 
6863 7282 6862 7283 7282 6863 6864 7283 6863 
7284 7283 6864 6865 7284 6864 7285 7284 6865 
6866 7285 6865 7286 7285 6866 6867 7286 6866 
7287 7286 6867 6868 7287 6867 7288 7287 6868 
6869 7288 6868 7289 7288 6869 6870 7289 6869 
7290 7289 6870 6871 7290 6870 7291 7290 6871 
6872 7291 6871 7292 7291 6872 6873 7292 6872 
7293 7292 6873 6874 7293 6873 7294 7293 6874 
6875 7294 6874 7295 7294 6875 6876 7295 6875 
7296 7295 6876 6877 7296 6876 7297 7296 6877 
6878 7297 6877 7298 7297 6878 6879 7298 6878 
7299 7298 6879 6880 7299 6879 7300 7299 6880 
6881 7300 6880 7301 7300 6881 6882 7301 6881 
7302 7301 6882 6883 7302 6882 7303 7302 6883 
6884 7303 6883 7304 7303 6884 6885 7304 6884 
7305 7304 6885 6886 7305 6885 7306 7305 6886 
6887 7306 6886 7307 7306 6887 6888 7307 6887 
7308 7307 6888 6889 7308 6888 7309 7308 6889 
6890 7309 6889 7310 7309 6890 6891 7310 6890 
7311 7310 6891 6892 7311 6891 7312 7311 6892 
6893 7312 6892 7313 7312 6893 6894 7313 6893 
7314 7313 6894 6895 7314 6894 7315 7314 6895 
6896 7315 6895 7316 7315 6896 6897 7316 6896 
7317 7316 6897 6898 7317 6897 7318 7317 6898 
6899 7318 6898 7319 7318 6899 6900 7321 6901 
7320 7321 6900 6901 7322 6902 7321 7322 6901 
6902 7323 6903 7322 7323 6902 6903 7324 6904 
7323 7324 6903 6904 7325 6905 7324 7325 6904 
6905 7326 6906 7325 7326 6905 6906 7327 6907 
7326 7327 6906 6907 7328 6908 7327 7328 6907 
6908 7329 6909 7328 7329 6908 6909 7330 6910 
7329 7330 6909 6910 7331 6911 7330 7331 6910 
6911 7332 6912 7331 7332 6911 6912 7333 6913 
7332 7333 6912 6913 7334 6914 7333 7334 6913 
6914 7335 6915 7334 7335 6914 6915 7336 6916 
7335 7336 6915 6916 7337 6917 7336 7337 6916 
6917 7338 6918 7337 7338 6917 6918 7339 6919 
7338 7339 6918 6919 7340 6920 7339 7340 6919 
6920 7341 6921 7340 7341 6920 6921 7342 6922 
7341 7342 6921 6922 7343 6923 7342 7343 6922 
6923 7344 6924 7343 7344 6923 6924 7345 6925 
7344 7345 6924 6925 7346 6926 7345 7346 6925 
6926 7347 6927 7346 7347 6926 6927 7348 6928 
7347 7348 6927 6928 7349 6929 7348 7349 6928 
6929 7350 6930 7349 7350 6929 6930 7351 6931 
7350 7351 6930 6931 7352 6932 7351 7352 6931 
6932 7353 6933 7352 7353 6932 6933 7354 6934 
7353 7354 6933 6934 7355 6935 7354 7355 6934 
6935 7356 6936 7355 7356 6935 6936 7357 6937 
7356 7357 6936 6937 7358 6938 7357 7358 6937 
6938 7359 6939 7358 7359 6938 6939 7360 6940 
7359 7360 6939 6940 7361 6941 7360 7361 6940 
6941 7362 6942 7361 7362 6941 6942 7363 6943 
7362 7363 6942 6943 7364 6944 7363 7364 6943 
6944 7365 6945 7364 7365 6944 6945 7366 6946 
7365 7366 6945 6946 7367 6947 7366 7367 6946 
6947 7368 6948 7367 7368 6947 6948 7369 6949 
7368 7369 6948 6949 7370 6950 7369 7370 6949 
6950 7371 6951 7370 7371 6950 6951 7372 6952 
7371 7372 6951 6952 7373 6953 7372 7373 6952 
6953 7374 6954 7373 7374 6953 6954 7375 6955 
7374 7375 6954 6955 7376 6956 7375 7376 6955 
6956 7377 6957 7376 7377 6956 6957 7378 6958 
7377 7378 6957 6958 7379 6959 7378 7379 6958 
6901 6961 6900 6961 6960 6900 6902 6962 6901 
6962 6961 6901 6903 6963 6902 6963 6962 6902 
6904 6964 6903 6964 6963 6903 6905 6965 6904 
6965 6964 6904 6906 6966 6905 6966 6965 6905 
6907 6967 6906 6967 6966 6906 6908 6968 6907 
6968 6967 6907 6909 6969 6908 6969 6968 6908 
6910 6970 6909 6970 6969 6909 6911 6971 6910 
6971 6970 6910 6912 6972 6911 6972 6971 6911 
6913 6973 6912 6973 6972 6912 6914 6974 6913 
6974 6973 6913 6915 6975 6914 6975 6974 6914 
6916 6976 6915 6976 6975 6915 6917 6977 6916 
6977 6976 6916 6918 6978 6917 6978 6977 6917 
6919 6979 6918 6979 6978 6918 6920 6980 6919 
6980 6979 6919 6921 6981 6920 6981 6980 6920 
6922 6982 6921 6982 6981 6921 6923 6983 6922 
6983 6982 6922 6924 6984 6923 6984 6983 6923 
6925 6985 6924 6985 6984 6924 6926 6986 6925 
6986 6985 6925 6927 6987 6926 6987 6986 6926 
6928 6988 6927 6988 6987 6927 6929 6989 6928 
6989 6988 6928 6930 6990 6929 6990 6989 6929 
6931 6991 6930 6991 6990 6930 6932 6992 6931 
6992 6991 6931 6933 6993 6932 6993 6992 6932 
6934 6994 6933 6994 6993 6933 6935 6995 6934 
6995 6994 6934 6936 6996 6935 6996 6995 6935 
6937 6997 6936 6997 6996 6936 6938 6998 6937 
6998 6997 6937 6939 6999 6938 6999 6998 6938 
6940 7000 6939 7000 6999 6939 6941 7001 6940 
7001 7000 6940 6942 7002 6941 7002 7001 6941 
6943 7003 6942 7003 7002 6942 6944 7004 6943 
7004 7003 6943 6945 7005 6944 7005 7004 6944 
6946 7006 6945 7006 7005 6945 6947 7007 6946 
7007 7006 6946 6948 7008 6947 7008 7007 6947 
6949 7009 6948 7009 7008 6948 6950 7010 6949 
7010 7009 6949 6951 7011 6950 7011 7010 6950 
6952 7012 6951 7012 7011 6951 6953 7013 6952 
7013 7012 6952 6954 7014 6953 7014 7013 6953 
6955 7015 6954 7015 7014 6954 6956 7016 6955 
7016 7015 6955 6957 7017 6956 7017 7016 6956 
6958 7018 6957 7018 7017 6957 6959 7019 6958 
7019 7018 6958 6961 7021 6960 7021 7020 6960 
6962 7022 6961 7022 7021 6961 6963 7023 6962 
7023 7022 6962 6964 7024 6963 7024 7023 6963 
6965 7025 6964 7025 7024 6964 6966 7026 6965 
7026 7025 6965 6967 7027 6966 7027 7026 6966 
6968 7028 6967 7028 7027 6967 6969 7029 6968 
7029 7028 6968 6970 7030 6969 7030 7029 6969 
6971 7031 6970 7031 7030 6970 6972 7032 6971 
7032 7031 6971 6973 7033 6972 7033 7032 6972 
6974 7034 6973 7034 7033 6973 6975 7035 6974 
7035 7034 6974 6976 7036 6975 7036 7035 6975 
6977 7037 6976 7037 7036 6976 6978 7038 6977 
7038 7037 6977 6979 7039 6978 7039 7038 6978 
6980 7040 6979 7040 7039 6979 6981 7041 6980 
7041 7040 6980 6982 7042 6981 7042 7041 6981 
6983 7043 6982 7043 7042 6982 6984 7044 6983 
7044 7043 6983 6985 7045 6984 7045 7044 6984 
6986 7046 6985 7046 7045 6985 6987 7047 6986 
7047 7046 6986 6988 7048 6987 7048 7047 6987 
6989 7049 6988 7049 7048 6988 6990 7050 6989 
7050 7049 6989 6991 7051 6990 7051 7050 6990 
6992 7052 6991 7052 7051 6991 6993 7053 6992 
7053 7052 6992 6994 7054 6993 7054 7053 6993 
6995 7055 6994 7055 7054 6994 6996 7056 6995 
7056 7055 6995 6997 7057 6996 7057 7056 6996 
6998 7058 6997 7058 7057 6997 6999 7059 6998 
7059 7058 6998 7000 7060 6999 7060 7059 6999 
7001 7061 7000 7061 7060 7000 7002 7062 7001 
7062 7061 7001 7003 7063 7002 7063 7062 7002 
7004 7064 7003 7064 7063 7003 7005 7065 7004 
7065 7064 7004 7006 7066 7005 7066 7065 7005 
7007 7067 7006 7067 7066 7006 7008 7068 7007 
7068 7067 7007 7009 7069 7008 7069 7068 7008 
7010 7070 7009 7070 7069 7009 7011 7071 7010 
7071 7070 7010 7012 7072 7011 7072 7071 7011 
7013 7073 7012 7073 7072 7012 7014 7074 7013 
7074 7073 7013 7015 7075 7014 7075 7074 7014 
7016 7076 7015 7076 7075 7015 7017 7077 7016 
7077 7076 7016 7018 7078 7017 7078 7077 7017 
7019 7079 7018 7079 7078 7018 7021 7081 7020 
7081 7080 7020 7022 7082 7021 7082 7081 7021 
7023 7083 7022 7083 7082 7022 7024 7084 7023 
7084 7083 7023 7025 7085 7024 7085 7084 7024 
7026 7086 7025 7086 7085 7025 7027 7087 7026 
7087 7086 7026 7028 7088 7027 7088 7087 7027 
7029 7089 7028 7089 7088 7028 7030 7090 7029 
7090 7089 7029 7031 7091 7030 7091 7090 7030 
7032 7092 7031 7092 7091 7031 7033 7093 7032 
7093 7092 7032 7034 7094 7033 7094 7093 7033 
7035 7095 7034 7095 7094 7034 7036 7096 7035 
7096 7095 7035 7037 7097 7036 7097 7096 7036 
7038 7098 7037 7098 7097 7037 7039 7099 7038 
7099 7098 7038 7040 7100 7039 7100 7099 7039 
7041 7101 7040 7101 7100 7040 7042 7102 7041 
7102 7101 7041 7043 7103 7042 7103 7102 7042 
7044 7104 7043 7104 7103 7043 7045 7105 7044 
7105 7104 7044 7046 7106 7045 7106 7105 7045 
7047 7107 7046 7107 7106 7046 7048 7108 7047 
7108 7107 7047 7049 7109 7048 7109 7108 7048 
7050 7110 7049 7110 7109 7049 7051 7111 7050 
7111 7110 7050 7052 7112 7051 7112 7111 7051 
7053 7113 7052 7113 7112 7052 7054 7114 7053 
7114 7113 7053 7055 7115 7054 7115 7114 7054 
7056 7116 7055 7116 7115 7055 7057 7117 7056 
7117 7116 7056 7058 7118 7057 7118 7117 7057 
7059 7119 7058 7119 7118 7058 7060 7120 7059 
7120 7119 7059 7061 7121 7060 7121 7120 7060 
7062 7122 7061 7122 7121 7061 7063 7123 7062 
7123 7122 7062 7064 7124 7063 7124 7123 7063 
7065 7125 7064 7125 7124 7064 7066 7126 7065 
7126 7125 7065 7067 7127 7066 7127 7126 7066 
7068 7128 7067 7128 7127 7067 7069 7129 7068 
7129 7128 7068 7070 7130 7069 7130 7129 7069 
7071 7131 7070 7131 7130 7070 7072 7132 7071 
7132 7131 7071 7073 7133 7072 7133 7132 7072 
7074 7134 7073 7134 7133 7073 7075 7135 7074 
7135 7134 7074 7076 7136 7075 7136 7135 7075 
7077 7137 7076 7137 7136 7076 7078 7138 7077 
7138 7137 7077 7079 7139 7078 7139 7138 7078 
7081 7201 7080 7201 7200 7080 7082 7202 7081 
7202 7201 7081 7083 7203 7082 7203 7202 7082 
7084 7204 7083 7204 7203 7083 7085 7205 7084 
7205 7204 7084 7086 7206 7085 7206 7205 7085 
7087 7207 7086 7207 7206 7086 7088 7208 7087 
7208 7207 7087 7089 7209 7088 7209 7208 7088 
7090 7210 7089 7210 7209 7089 7091 7211 7090 
7211 7210 7090 7092 7212 7091 7212 7211 7091 
7093 7213 7092 7213 7212 7092 7094 7214 7093 
7214 7213 7093 7095 7215 7094 7215 7214 7094 
7096 7216 7095 7216 7215 7095 7097 7217 7096 
7217 7216 7096 7098 7218 7097 7218 7217 7097 
7099 7219 7098 7219 7218 7098 7100 7220 7099 
7220 7219 7099 7101 7221 7100 7221 7220 7100 
7102 7222 7101 7222 7221 7101 7103 7223 7102 
7223 7222 7102 7104 7224 7103 7224 7223 7103 
7105 7225 7104 7225 7224 7104 7106 7226 7105 
7226 7225 7105 7107 7227 7106 7227 7226 7106 
7108 7228 7107 7228 7227 7107 7109 7229 7108 
7229 7228 7108 7110 7230 7109 7230 7229 7109 
7111 7231 7110 7231 7230 7110 7112 7232 7111 
7232 7231 7111 7113 7233 7112 7233 7232 7112 
7114 7234 7113 7234 7233 7113 7115 7235 7114 
7235 7234 7114 7116 7236 7115 7236 7235 7115 
7117 7237 7116 7237 7236 7116 7118 7238 7117 
7238 7237 7117 7119 7239 7118 7239 7238 7118 
7120 7240 7119 7240 7239 7119 7121 7241 7120 
7241 7240 7120 7122 7242 7121 7242 7241 7121 
7123 7243 7122 7243 7242 7122 7124 7244 7123 
7244 7243 7123 7125 7245 7124 7245 7244 7124 
7126 7246 7125 7246 7245 7125 7127 7247 7126 
7247 7246 7126 7128 7248 7127 7248 7247 7127 
7129 7249 7128 7249 7248 7128 7130 7250 7129 
7250 7249 7129 7131 7251 7130 7251 7250 7130 
7132 7252 7131 7252 7251 7131 7133 7253 7132 
7253 7252 7132 7134 7254 7133 7254 7253 7133 
7135 7255 7134 7255 7254 7134 7136 7256 7135 
7256 7255 7135 7137 7257 7136 7257 7256 7136 
7138 7258 7137 7258 7257 7137 7139 7259 7138 
7259 7258 7138 7141 7140 7200 7201 7141 7200 
7142 7141 7201 7202 7142 7201 7143 7142 7202 
7203 7143 7202 7144 7143 7203 7204 7144 7203 
7145 7144 7204 7205 7145 7204 7146 7145 7205 
7206 7146 7205 7147 7146 7206 7207 7147 7206 
7148 7147 7207 7208 7148 7207 7149 7148 7208 
7209 7149 7208 7150 7149 7209 7210 7150 7209 
7151 7150 7210 7211 7151 7210 7152 7151 7211 
7212 7152 7211 7153 7152 7212 7213 7153 7212 
7154 7153 7213 7214 7154 7213 7155 7154 7214 
7215 7155 7214 7156 7155 7215 7216 7156 7215 
7157 7156 7216 7217 7157 7216 7158 7157 7217 
7218 7158 7217 7159 7158 7218 7219 7159 7218 
7160 7159 7219 7220 7160 7219 7161 7160 7220 
7221 7161 7220 7162 7161 7221 7222 7162 7221 
7163 7162 7222 7223 7163 7222 7164 7163 7223 
7224 7164 7223 7165 7164 7224 7225 7165 7224 
7166 7165 7225 7226 7166 7225 7167 7166 7226 
7227 7167 7226 7168 7167 7227 7228 7168 7227 
7169 7168 7228 7229 7169 7228 7170 7169 7229 
7230 7170 7229 7171 7170 7230 7231 7171 7230 
7172 7171 7231 7232 7172 7231 7173 7172 7232 
7233 7173 7232 7174 7173 7233 7234 7174 7233 
7175 7174 7234 7235 7175 7234 7176 7175 7235 
7236 7176 7235 7177 7176 7236 7237 7177 7236 
7178 7177 7237 7238 7178 7237 7179 7178 7238 
7239 7179 7238 7180 7179 7239 7240 7180 7239 
7181 7180 7240 7241 7181 7240 7182 7181 7241 
7242 7182 7241 7183 7182 7242 7243 7183 7242 
7184 7183 7243 7244 7184 7243 7185 7184 7244 
7245 7185 7244 7186 7185 7245 7246 7186 7245 
7187 7186 7246 7247 7187 7246 7188 7187 7247 
7248 7188 7247 7189 7188 7248 7249 7189 7248 
7190 7189 7249 7250 7190 7249 7191 7190 7250 
7251 7191 7250 7192 7191 7251 7252 7192 7251 
7193 7192 7252 7253 7193 7252 7194 7193 7253 
7254 7194 7253 7195 7194 7254 7255 7195 7254 
7196 7195 7255 7256 7196 7255 7197 7196 7256 
7257 7197 7256 7198 7197 7257 7258 7198 7257 
7199 7198 7258 7259 7199 7258 7260 7261 7381 
7380 7260 7381 7261 7262 7382 7381 7261 7382 
7262 7263 7383 7382 7262 7383 7263 7264 7384 
7383 7263 7384 7264 7265 7385 7384 7264 7385 
7265 7266 7386 7385 7265 7386 7266 7267 7387 
7386 7266 7387 7267 7268 7388 7387 7267 7388 
7268 7269 7389 7388 7268 7389 7269 7270 7390 
7389 7269 7390 7270 7271 7391 7390 7270 7391 
7271 7272 7392 7391 7271 7392 7272 7273 7393 
7392 7272 7393 7273 7274 7394 7393 7273 7394 
7274 7275 7395 7394 7274 7395 7275 7276 7396 
7395 7275 7396 7276 7277 7397 7396 7276 7397 
7277 7278 7398 7397 7277 7398 7278 7279 7399 
7398 7278 7399 7279 7280 7400 7399 7279 7400 
7280 7281 7401 7400 7280 7401 7281 7282 7402 
7401 7281 7402 7282 7283 7403 7402 7282 7403 
7283 7284 7404 7403 7283 7404 7284 7285 7405 
7404 7284 7405 7285 7286 7406 7405 7285 7406 
7286 7287 7407 7406 7286 7407 7287 7288 7408 
7407 7287 7408 7288 7289 7409 7408 7288 7409 
7289 7290 7410 7409 7289 7410 7290 7291 7411 
7410 7290 7411 7291 7292 7412 7411 7291 7412 
7292 7293 7413 7412 7292 7413 7293 7294 7414 
7413 7293 7414 7294 7295 7415 7414 7294 7415 
7295 7296 7416 7415 7295 7416 7296 7297 7417 
7416 7296 7417 7297 7298 7418 7417 7297 7418 
7298 7299 7419 7418 7298 7419 7299 7300 7420 
7419 7299 7420 7300 7301 7421 7420 7300 7421 
7301 7302 7422 7421 7301 7422 7302 7303 7423 
7422 7302 7423 7303 7304 7424 7423 7303 7424 
7304 7305 7425 7424 7304 7425 7305 7306 7426 
7425 7305 7426 7306 7307 7427 7426 7306 7427 
7307 7308 7428 7427 7307 7428 7308 7309 7429 
7428 7308 7429 7309 7310 7430 7429 7309 7430 
7310 7311 7431 7430 7310 7431 7311 7312 7432 
7431 7311 7432 7312 7313 7433 7432 7312 7433 
7313 7314 7434 7433 7313 7434 7314 7315 7435 
7434 7314 7435 7315 7316 7436 7435 7315 7436 
7316 7317 7437 7436 7316 7437 7317 7318 7438 
7437 7317 7438 7318 7319 7439 7438 7318 7439 
7321 7320 7380 7381 7321 7380 7322 7321 7381 
7382 7322 7381 7323 7322 7382 7383 7323 7382 
7324 7323 7383 7384 7324 7383 7325 7324 7384 
7385 7325 7384 7326 7325 7385 7386 7326 7385 
7327 7326 7386 7387 7327 7386 7328 7327 7387 
7388 7328 7387 7329 7328 7388 7389 7329 7388 
7330 7329 7389 7390 7330 7389 7331 7330 7390 
7391 7331 7390 7332 7331 7391 7392 7332 7391 
7333 7332 7392 7393 7333 7392 7334 7333 7393 
7394 7334 7393 7335 7334 7394 7395 7335 7394 
7336 7335 7395 7396 7336 7395 7337 7336 7396 
7397 7337 7396 7338 7337 7397 7398 7338 7397 
7339 7338 7398 7399 7339 7398 7340 7339 7399 
7400 7340 7399 7341 7340 7400 7401 7341 7400 
7342 7341 7401 7402 7342 7401 7343 7342 7402 
7403 7343 7402 7344 7343 7403 7404 7344 7403 
7345 7344 7404 7405 7345 7404 7346 7345 7405 
7406 7346 7405 7347 7346 7406 7407 7347 7406 
7348 7347 7407 7408 7348 7407 7349 7348 7408 
7409 7349 7408 7350 7349 7409 7410 7350 7409 
7351 7350 7410 7411 7351 7410 7352 7351 7411 
7412 7352 7411 7353 7352 7412 7413 7353 7412 
7354 7353 7413 7414 7354 7413 7355 7354 7414 
7415 7355 7414 7356 7355 7415 7416 7356 7415 
7357 7356 7416 7417 7357 7416 7358 7357 7417 
7418 7358 7417 7359 7358 7418 7419 7359 7418 
7360 7359 7419 7420 7360 7419 7361 7360 7420 
7421 7361 7420 7362 7361 7421 7422 7362 7421 
7363 7362 7422 7423 7363 7422 7364 7363 7423 
7424 7364 7423 7365 7364 7424 7425 7365 7424 
7366 7365 7425 7426 7366 7425 7367 7366 7426 
7427 7367 7426 7368 7367 7427 7428 7368 7427 
7369 7368 7428 7429 7369 7428 7370 7369 7429 
7430 7370 7429 7371 7370 7430 7431 7371 7430 
7372 7371 7431 7432 7372 7431 7373 7372 7432 
7433 7373 7432 7374 7373 7433 7434 7374 7433 
7375 7374 7434 7435 7375 7434 7376 7375 7435 
7436 7376 7435 7377 7376 7436 7437 7377 7436 
7378 7377 7437 7438 7378 7437 7379 7378 7438 
7439 7379 7438 
POINT_DATA 7440
SCALARS ImageScalars double
LOOKUP_TABLE default
0.5 0.5 0.5 0.5 0.5 0.5 0.5 0.5 0.5 
0.5 0.5 0.5 0.5 0.5 0.5 0.5 0.5 0.5 
0.5 0.5 0.5 0.5 0.5 0.5 0.5 0.5 0.5 
0.5 0.5 0.5 0.5 0.5 0.5 0.5 0.5 0.5 
0.5 0.5 0.5 0.5 0.5 0.5 0.5 0.5 0.5 
0.5 0.5 0.5 0.5 0.5 0.5 0.5 0.5 0.5 
0.5 0.5 0.5 0.5 0.5 0.5 0.5 0.5 0.5 
0.5 0.5 0.5 0.5 0.5 0.5 0.5 0.5 0.5 
0.5 0.5 0.5 0.5 0.5 0.5 0.5 0.5 0.5 
0.5 0.5 0.5 0.5 0.5 0.5 0.5 0.5 0.5 
0.5 0.5 0.5 0.5 0.5 0.5 0.5 0.5 0.5 
0.5 0.5 0.5 0.5 0.5 0.5 0.5 0.5 0.5 
0.5 0.5 0.5 0.5 0.5 0.5 0.5 0.5 0.5 
0.5 0.5 0.5 0.5 0.5 0.5 0.5 0.5 0.5 
0.5 0.5 0.5 0.5 0.5 0.5 0.5 0.5 0.5 
0.5 0.5 0.5 0.5 0.5 0.5 0.5 0.5 0.5 
0.5 0.5 0.5 0.5 0.5 0.5 0.5 0.5 0.5 
0.5 0.5 0.5 0.5 0.5 0.5 0.5 0.5 0.5 
0.5 0.5 0.5 0.5 0.5 0.5 0.5 0.5 0.5 
0.5 0.5 0.5 0.5 0.5 0.5 0.5 0.5 0.5 
0.5 0.5 0.5 0.5 0.5 0.5 0.5 0.5 0.5 
0.5 0.5 0.5 0.5 0.5 0.5 0.5 0.5 0.5 
0.5 0.5 0.5 0.5 0.5 0.5 0.5 0.5 0.5 
0.5 0.5 0.5 0.5 0.5 0.5 0.5 0.5 0.5 
0.5 0.5 0.5 0.5 0.5 0.5 0.5 0.5 0.5 
0.5 0.5 0.5 0.5 0.5 0.5 0.5 0.5 0.5 
0.5 0.5 0.5 0.5 0.5 0.5 0.5 0.5 0.5 
0.5 0.5 0.5 0.5 0.5 0.5 0.5 0.5 0.5 
0.5 0.5 0.5 0.5 0.5 0.5 0.5 0.5 0.5 
0.5 0.5 0.5 0.5 0.5 0.5 0.5 0.5 0.5 
0.5 0.5 0.5 0.5 0.5 0.5 0.5 0.5 0.5 
0.5 0.5 0.5 0.5 0.5 0.5 0.5 0.5 0.5 
0.5 0.5 0.5 0.5 0.5 0.5 0.5 0.5 0.5 
0.5 0.5 0.5 0.5 0.5 0.5 0.5 0.5 0.5 
0.5 0.5 0.5 0.5 0.5 0.5 0.5 0.5 0.5 
0.5 0.5 0.5 0.5 0.5 0.5 0.5 0.5 0.5 
0.5 0.5 0.5 0.5 0.5 0.5 0.5 0.5 0.5 
0.5 0.5 0.5 0.5 0.5 0.5 0.5 0.5 0.5 
0.5 0.5 0.5 0.5 0.5 0.5 0.5 0.5 0.5 
0.5 0.5 0.5 0.5 0.5 0.5 0.5 0.5 0.5 
0.5 0.5 0.5 0.5 0.5 0.5 0.5 0.5 0.5 
0.5 0.5 0.5 0.5 0.5 0.5 0.5 0.5 0.5 
0.5 0.5 0.5 0.5 0.5 0.5 0.5 0.5 0.5 
0.5 0.5 0.5 0.5 0.5 0.5 0.5 0.5 0.5 
0.5 0.5 0.5 0.5 0.5 0.5 0.5 0.5 0.5 
0.5 0.5 0.5 0.5 0.5 0.5 0.5 0.5 0.5 
0.5 0.5 0.5 0.5 0.5 0.5 0.5 0.5 0.5 
0.5 0.5 0.5 0.5 0.5 0.5 0.5 0.5 0.5 
0.5 0.5 0.5 0.5 0.5 0.5 0.5 0.5 0.5 
0.5 0.5 0.5 0.5 0.5 0.5 0.5 0.5 0.5 
0.5 0.5 0.5 0.5 0.5 0.5 0.5 0.5 0.5 
0.5 0.5 0.5 0.5 0.5 0.5 0.5 0.5 0.5 
0.5 0.5 0.5 0.5 0.5 0.5 0.5 0.5 0.5 
0.5 0.5 0.5 0.5 0.5 0.5 0.5 0.5 0.5 
0.5 0.5 0.5 0.5 0.5 0.5 0.5 0.5 0.5 
0.5 0.5 0.5 0.5 0.5 0.5 0.5 0.5 0.5 
0.5 0.5 0.5 0.5 0.5 0.5 0.5 0.5 0.5 
0.5 0.5 0.5 0.5 0.5 0.5 0.5 0.5 0.5 
0.5 0.5 0.5 0.5 0.5 0.5 0.5 0.5 0.5 
0.5 0.5 0.5 0.5 0.5 0.5 0.5 0.5 0.5 
0.5 0.5 0.5 0.5 0.5 0.5 0.5 0.5 0.5 
0.5 0.5 0.5 0.5 0.5 0.5 0.5 0.5 0.5 
0.5 0.5 0.5 0.5 0.5 0.5 0.5 0.5 0.5 
0.5 0.5 0.5 0.5 0.5 0.5 0.5 0.5 0.5 
0.5 0.5 0.5 0.5 0.5 0.5 0.5 0.5 0.5 
0.5 0.5 0.5 0.5 0.5 0.5 0.5 0.5 0.5 
0.5 0.5 0.5 0.5 0.5 0.5 0.5 0.5 0.5 
0.5 0.5 0.5 0.5 0.5 0.5 0.5 0.5 0.5 
0.5 0.5 0.5 0.5 0.5 0.5 0.5 0.5 0.5 
0.5 0.5 0.5 0.5 0.5 0.5 0.5 0.5 0.5 
0.5 0.5 0.5 0.5 0.5 0.5 0.5 0.5 0.5 
0.5 0.5 0.5 0.5 0.5 0.5 0.5 0.5 0.5 
0.5 0.5 0.5 0.5 0.5 0.5 0.5 0.5 0.5 
0.5 0.5 0.5 0.5 0.5 0.5 0.5 0.5 0.5 
0.5 0.5 0.5 0.5 0.5 0.5 0.5 0.5 0.5 
0.5 0.5 0.5 0.5 0.5 0.5 0.5 0.5 0.5 
0.5 0.5 0.5 0.5 0.5 0.5 0.5 0.5 0.5 
0.5 0.5 0.5 0.5 0.5 0.5 0.5 0.5 0.5 
0.5 0.5 0.5 0.5 0.5 0.5 0.5 0.5 0.5 
0.5 0.5 0.5 0.5 0.5 0.5 0.5 0.5 0.5 
0.5 0.5 0.5 0.5 0.5 0.5 0.5 0.5 0.5 
0.5 0.5 0.5 0.5 0.5 0.5 0.5 0.5 0.5 
0.5 0.5 0.5 0.5 0.5 0.5 0.5 0.5 0.5 
0.5 0.5 0.5 0.5 0.5 0.5 0.5 0.5 0.5 
0.5 0.5 0.5 0.5 0.5 0.5 0.5 0.5 0.5 
0.5 0.5 0.5 0.5 0.5 0.5 0.5 0.5 0.5 
0.5 0.5 0.5 0.5 0.5 0.5 0.5 0.5 0.5 
0.5 0.5 0.5 0.5 0.5 0.5 0.5 0.5 0.5 
0.5 0.5 0.5 0.5 0.5 0.5 0.5 0.5 0.5 
0.5 0.5 0.5 0.5 0.5 0.5 0.5 0.5 0.5 
0.5 0.5 0.5 0.5 0.5 0.5 0.5 0.5 0.5 
0.5 0.5 0.5 0.5 0.5 0.5 0.5 0.5 0.5 
0.5 0.5 0.5 0.5 0.5 0.5 0.5 0.5 0.5 
0.5 0.5 0.5 0.5 0.5 0.5 0.5 0.5 0.5 
0.5 0.5 0.5 0.5 0.5 0.5 0.5 0.5 0.5 
0.5 0.5 0.5 0.5 0.5 0.5 0.5 0.5 0.5 
0.5 0.5 0.5 0.5 0.5 0.5 0.5 0.5 0.5 
0.5 0.5 0.5 0.5 0.5 0.5 0.5 0.5 0.5 
0.5 0.5 0.5 0.5 0.5 0.5 0.5 0.5 0.5 
0.5 0.5 0.5 0.5 0.5 0.5 0.5 0.5 0.5 
0.5 0.5 0.5 0.5 0.5 0.5 0.5 0.5 0.5 
0.5 0.5 0.5 0.5 0.5 0.5 0.5 0.5 0.5 
0.5 0.5 0.5 0.5 0.5 0.5 0.5 0.5 0.5 
0.5 0.5 0.5 0.5 0.5 0.5 0.5 0.5 0.5 
0.5 0.5 0.5 0.5 0.5 0.5 0.5 0.5 0.5 
0.5 0.5 0.5 0.5 0.5 0.5 0.5 0.5 0.5 
0.5 0.5 0.5 0.5 0.5 0.5 0.5 0.5 0.5 
0.5 0.5 0.5 0.5 0.5 0.5 0.5 0.5 0.5 
0.5 0.5 0.5 0.5 0.5 0.5 0.5 0.5 0.5 
0.5 0.5 0.5 0.5 0.5 0.5 0.5 0.5 0.5 
0.5 0.5 0.5 0.5 0.5 0.5 0.5 0.5 0.5 
0.5 0.5 0.5 0.5 0.5 0.5 0.5 0.5 0.5 
0.5 0.5 0.5 0.5 0.5 0.5 0.5 0.5 0.5 
0.5 0.5 0.5 0.5 0.5 0.5 0.5 0.5 0.5 
0.5 0.5 0.5 0.5 0.5 0.5 0.5 0.5 0.5 
0.5 0.5 0.5 0.5 0.5 0.5 0.5 0.5 0.5 
0.5 0.5 0.5 0.5 0.5 0.5 0.5 0.5 0.5 
0.5 0.5 0.5 0.5 0.5 0.5 0.5 0.5 0.5 
0.5 0.5 0.5 0.5 0.5 0.5 0.5 0.5 0.5 
0.5 0.5 0.5 0.5 0.5 0.5 0.5 0.5 0.5 
0.5 0.5 0.5 0.5 0.5 0.5 0.5 0.5 0.5 
0.5 0.5 0.5 0.5 0.5 0.5 0.5 0.5 0.5 
0.5 0.5 0.5 0.5 0.5 0.5 0.5 0.5 0.5 
0.5 0.5 0.5 0.5 0.5 0.5 0.5 0.5 0.5 
0.5 0.5 0.5 0.5 0.5 0.5 0.5 0.5 0.5 
0.5 0.5 0.5 0.5 0.5 0.5 0.5 0.5 0.5 
0.5 0.5 0.5 0.5 0.5 0.5 0.5 0.5 0.5 
0.5 0.5 0.5 0.5 0.5 0.5 0.5 0.5 0.5 
0.5 0.5 0.5 0.5 0.5 0.5 0.5 0.5 0.5 
0.5 0.5 0.5 0.5 0.5 0.5 0.5 0.5 0.5 
0.5 0.5 0.5 0.5 0.5 0.5 0.5 0.5 0.5 
0.5 0.5 0.5 0.5 0.5 0.5 0.5 0.5 0.5 
0.5 0.5 0.5 0.5 0.5 0.5 0.5 0.5 0.5 
0.5 0.5 0.5 0.5 0.5 0.5 0.5 0.5 0.5 
0.5 0.5 0.5 0.5 0.5 0.5 0.5 0.5 0.5 
0.5 0.5 0.5 0.5 0.5 0.5 0.5 0.5 0.5 
0.5 0.5 0.5 0.5 0.5 0.5 0.5 0.5 0.5 
0.5 0.5 0.5 0.5 0.5 0.5 0.5 0.5 0.5 
0.5 0.5 0.5 0.5 0.5 0.5 0.5 0.5 0.5 
0.5 0.5 0.5 0.5 0.5 0.5 0.5 0.5 0.5 
0.5 0.5 0.5 0.5 0.5 0.5 0.5 0.5 0.5 
0.5 0.5 0.5 0.5 0.5 0.5 0.5 0.5 0.5 
0.5 0.5 0.5 0.5 0.5 0.5 0.5 0.5 0.5 
0.5 0.5 0.5 0.5 0.5 0.5 0.5 0.5 0.5 
0.5 0.5 0.5 0.5 0.5 0.5 0.5 0.5 0.5 
0.5 0.5 0.5 0.5 0.5 0.5 0.5 0.5 0.5 
0.5 0.5 0.5 0.5 0.5 0.5 0.5 0.5 0.5 
0.5 0.5 0.5 0.5 0.5 0.5 0.5 0.5 0.5 
0.5 0.5 0.5 0.5 0.5 0.5 0.5 0.5 0.5 
0.5 0.5 0.5 0.5 0.5 0.5 0.5 0.5 0.5 
0.5 0.5 0.5 0.5 0.5 0.5 0.5 0.5 0.5 
0.5 0.5 0.5 0.5 0.5 0.5 0.5 0.5 0.5 
0.5 0.5 0.5 0.5 0.5 0.5 0.5 0.5 0.5 
0.5 0.5 0.5 0.5 0.5 0.5 0.5 0.5 0.5 
0.5 0.5 0.5 0.5 0.5 0.5 0.5 0.5 0.5 
0.5 0.5 0.5 0.5 0.5 0.5 0.5 0.5 0.5 
0.5 0.5 0.5 0.5 0.5 0.5 0.5 0.5 0.5 
0.5 0.5 0.5 0.5 0.5 0.5 0.5 0.5 0.5 
0.5 0.5 0.5 0.5 0.5 0.5 0.5 0.5 0.5 
0.5 0.5 0.5 0.5 0.5 0.5 0.5 0.5 0.5 
0.5 0.5 0.5 0.5 0.5 0.5 0.5 0.5 0.5 
0.5 0.5 0.5 0.5 0.5 0.5 0.5 0.5 0.5 
0.5 0.5 0.5 0.5 0.5 0.5 0.5 0.5 0.5 
0.5 0.5 0.5 0.5 0.5 0.5 0.5 0.5 0.5 
0.5 0.5 0.5 0.5 0.5 0.5 0.5 0.5 0.5 
0.5 0.5 0.5 0.5 0.5 0.5 0.5 0.5 0.5 
0.5 0.5 0.5 0.5 0.5 0.5 0.5 0.5 0.5 
0.5 0.5 0.5 0.5 0.5 0.5 0.5 0.5 0.5 
0.5 0.5 0.5 0.5 0.5 0.5 0.5 0.5 0.5 
0.5 0.5 0.5 0.5 0.5 0.5 0.5 0.5 0.5 
0.5 0.5 0.5 0.5 0.5 0.5 0.5 0.5 0.5 
0.5 0.5 0.5 0.5 0.5 0.5 0.5 0.5 0.5 
0.5 0.5 0.5 0.5 0.5 0.5 0.5 0.5 0.5 
0.5 0.5 0.5 0.5 0.5 0.5 0.5 0.5 0.5 
0.5 0.5 0.5 0.5 0.5 0.5 0.5 0.5 0.5 
0.5 0.5 0.5 0.5 0.5 0.5 0.5 0.5 0.5 
0.5 0.5 0.5 0.5 0.5 0.5 0.5 0.5 0.5 
0.5 0.5 0.5 0.5 0.5 0.5 0.5 0.5 0.5 
0.5 0.5 0.5 0.5 0.5 0.5 0.5 0.5 0.5 
0.5 0.5 0.5 0.5 0.5 0.5 0.5 0.5 0.5 
0.5 0.5 0.5 0.5 0.5 0.5 0.5 0.5 0.5 
0.5 0.5 0.5 0.5 0.5 0.5 0.5 0.5 0.5 
0.5 0.5 0.5 0.5 0.5 0.5 0.5 0.5 0.5 
0.5 0.5 0.5 0.5 0.5 0.5 0.5 0.5 0.5 
0.5 0.5 0.5 0.5 0.5 0.5 0.5 0.5 0.5 
0.5 0.5 0.5 0.5 0.5 0.5 0.5 0.5 0.5 
0.5 0.5 0.5 0.5 0.5 0.5 0.5 0.5 0.5 
0.5 0.5 0.5 0.5 0.5 0.5 0.5 0.5 0.5 
0.5 0.5 0.5 0.5 0.5 0.5 0.5 0.5 0.5 
0.5 0.5 0.5 0.5 0.5 0.5 0.5 0.5 0.5 
0.5 0.5 0.5 0.5 0.5 0.5 0.5 0.5 0.5 
0.5 0.5 0.5 0.5 0.5 0.5 0.5 0.5 0.5 
0.5 0.5 0.5 0.5 0.5 0.5 0.5 0.5 0.5 
0.5 0.5 0.5 0.5 0.5 0.5 0.5 0.5 0.5 
0.5 0.5 0.5 0.5 0.5 0.5 0.5 0.5 0.5 
0.5 0.5 0.5 0.5 0.5 0.5 0.5 0.5 0.5 
0.5 0.5 0.5 0.5 0.5 0.5 0.5 0.5 0.5 
0.5 0.5 0.5 0.5 0.5 0.5 0.5 0.5 0.5 
0.5 0.5 0.5 0.5 0.5 0.5 0.5 0.5 0.5 
0.5 0.5 0.5 0.5 0.5 0.5 0.5 0.5 0.5 
0.5 0.5 0.5 0.5 0.5 0.5 0.5 0.5 0.5 
0.5 0.5 0.5 0.5 0.5 0.5 0.5 0.5 0.5 
0.5 0.5 0.5 0.5 0.5 0.5 0.5 0.5 0.5 
0.5 0.5 0.5 0.5 0.5 0.5 0.5 0.5 0.5 
0.5 0.5 0.5 0.5 0.5 0.5 0.5 0.5 0.5 
0.5 0.5 0.5 0.5 0.5 0.5 0.5 0.5 0.5 
0.5 0.5 0.5 0.5 0.5 0.5 0.5 0.5 0.5 
0.5 0.5 0.5 0.5 0.5 0.5 0.5 0.5 0.5 
0.5 0.5 0.5 0.5 0.5 0.5 0.5 0.5 0.5 
0.5 0.5 0.5 0.5 0.5 0.5 0.5 0.5 0.5 
0.5 0.5 0.5 0.5 0.5 0.5 0.5 0.5 0.5 
0.5 0.5 0.5 0.5 0.5 0.5 0.5 0.5 0.5 
0.5 0.5 0.5 0.5 0.5 0.5 0.5 0.5 0.5 
0.5 0.5 0.5 0.5 0.5 0.5 0.5 0.5 0.5 
0.5 0.5 0.5 0.5 0.5 0.5 0.5 0.5 0.5 
0.5 0.5 0.5 0.5 0.5 0.5 0.5 0.5 0.5 
0.5 0.5 0.5 0.5 0.5 0.5 0.5 0.5 0.5 
0.5 0.5 0.5 0.5 0.5 0.5 0.5 0.5 0.5 
0.5 0.5 0.5 0.5 0.5 0.5 0.5 0.5 0.5 
0.5 0.5 0.5 0.5 0.5 0.5 0.5 0.5 0.5 
0.5 0.5 0.5 0.5 0.5 0.5 0.5 0.5 0.5 
0.5 0.5 0.5 0.5 0.5 0.5 0.5 0.5 0.5 
0.5 0.5 0.5 0.5 0.5 0.5 0.5 0.5 0.5 
0.5 0.5 0.5 0.5 0.5 0.5 0.5 0.5 0.5 
0.5 0.5 0.5 0.5 0.5 0.5 0.5 0.5 0.5 
0.5 0.5 0.5 0.5 0.5 0.5 0.5 0.5 0.5 
0.5 0.5 0.5 0.5 0.5 0.5 0.5 0.5 0.5 
0.5 0.5 0.5 0.5 0.5 0.5 0.5 0.5 0.5 
0.5 0.5 0.5 0.5 0.5 0.5 0.5 0.5 0.5 
0.5 0.5 0.5 0.5 0.5 0.5 0.5 0.5 0.5 
0.5 0.5 0.5 0.5 0.5 0.5 0.5 0.5 0.5 
0.5 0.5 0.5 0.5 0.5 0.5 0.5 0.5 0.5 
0.5 0.5 0.5 0.5 0.5 0.5 0.5 0.5 0.5 
0.5 0.5 0.5 0.5 0.5 0.5 0.5 0.5 0.5 
0.5 0.5 0.5 0.5 0.5 0.5 0.5 0.5 0.5 
0.5 0.5 0.5 0.5 0.5 0.5 0.5 0.5 0.5 
0.5 0.5 0.5 0.5 0.5 0.5 0.5 0.5 0.5 
0.5 0.5 0.5 0.5 0.5 0.5 0.5 0.5 0.5 
0.5 0.5 0.5 0.5 0.5 0.5 0.5 0.5 0.5 
0.5 0.5 0.5 0.5 0.5 0.5 0.5 0.5 0.5 
0.5 0.5 0.5 0.5 0.5 0.5 0.5 0.5 0.5 
0.5 0.5 0.5 0.5 0.5 0.5 0.5 0.5 0.5 
0.5 0.5 0.5 0.5 0.5 0.5 0.5 0.5 0.5 
0.5 0.5 0.5 0.5 0.5 0.5 0.5 0.5 0.5 
0.5 0.5 0.5 0.5 0.5 0.5 0.5 0.5 0.5 
0.5 0.5 0.5 0.5 0.5 0.5 0.5 0.5 0.5 
0.5 0.5 0.5 0.5 0.5 0.5 0.5 0.5 0.5 
0.5 0.5 0.5 0.5 0.5 0.5 0.5 0.5 0.5 
0.5 0.5 0.5 0.5 0.5 0.5 0.5 0.5 0.5 
0.5 0.5 0.5 0.5 0.5 0.5 0.5 0.5 0.5 
0.5 0.5 0.5 0.5 0.5 0.5 0.5 0.5 0.5 
0.5 0.5 0.5 0.5 0.5 0.5 0.5 0.5 0.5 
0.5 0.5 0.5 0.5 0.5 0.5 0.5 0.5 0.5 
0.5 0.5 0.5 0.5 0.5 0.5 0.5 0.5 0.5 
0.5 0.5 0.5 0.5 0.5 0.5 0.5 0.5 0.5 
0.5 0.5 0.5 0.5 0.5 0.5 0.5 0.5 0.5 
0.5 0.5 0.5 0.5 0.5 0.5 0.5 0.5 0.5 
0.5 0.5 0.5 0.5 0.5 0.5 0.5 0.5 0.5 
0.5 0.5 0.5 0.5 0.5 0.5 0.5 0.5 0.5 
0.5 0.5 0.5 0.5 0.5 0.5 0.5 0.5 0.5 
0.5 0.5 0.5 0.5 0.5 0.5 0.5 0.5 0.5 
0.5 0.5 0.5 0.5 0.5 0.5 0.5 0.5 0.5 
0.5 0.5 0.5 0.5 0.5 0.5 0.5 0.5 0.5 
0.5 0.5 0.5 0.5 0.5 0.5 0.5 0.5 0.5 
0.5 0.5 0.5 0.5 0.5 0.5 0.5 0.5 0.5 
0.5 0.5 0.5 0.5 0.5 0.5 0.5 0.5 0.5 
0.5 0.5 0.5 0.5 0.5 0.5 0.5 0.5 0.5 
0.5 0.5 0.5 0.5 0.5 0.5 0.5 0.5 0.5 
0.5 0.5 0.5 0.5 0.5 0.5 0.5 0.5 0.5 
0.5 0.5 0.5 0.5 0.5 0.5 0.5 0.5 0.5 
0.5 0.5 0.5 0.5 0.5 0.5 0.5 0.5 0.5 
0.5 0.5 0.5 0.5 0.5 0.5 0.5 0.5 0.5 
0.5 0.5 0.5 0.5 0.5 0.5 0.5 0.5 0.5 
0.5 0.5 0.5 0.5 0.5 0.5 0.5 0.5 0.5 
0.5 0.5 0.5 0.5 0.5 0.5 0.5 0.5 0.5 
0.5 0.5 0.5 0.5 0.5 0.5 0.5 0.5 0.5 
0.5 0.5 0.5 0.5 0.5 0.5 0.5 0.5 0.5 
0.5 0.5 0.5 0.5 0.5 0.5 0.5 0.5 0.5 
0.5 0.5 0.5 0.5 0.5 0.5 0.5 0.5 0.5 
0.5 0.5 0.5 0.5 0.5 0.5 0.5 0.5 0.5 
0.5 0.5 0.5 0.5 0.5 0.5 0.5 0.5 0.5 
0.5 0.5 0.5 0.5 0.5 0.5 0.5 0.5 0.5 
0.5 0.5 0.5 0.5 0.5 0.5 0.5 0.5 0.5 
0.5 0.5 0.5 0.5 0.5 0.5 0.5 0.5 0.5 
0.5 0.5 0.5 0.5 0.5 0.5 0.5 0.5 0.5 
0.5 0.5 0.5 0.5 0.5 0.5 0.5 0.5 0.5 
0.5 0.5 0.5 0.5 0.5 0.5 0.5 0.5 0.5 
0.5 0.5 0.5 0.5 0.5 0.5 0.5 0.5 0.5 
0.5 0.5 0.5 0.5 0.5 0.5 0.5 0.5 0.5 
0.5 0.5 0.5 0.5 0.5 0.5 0.5 0.5 0.5 
0.5 0.5 0.5 0.5 0.5 0.5 0.5 0.5 0.5 
0.5 0.5 0.5 0.5 0.5 0.5 0.5 0.5 0.5 
0.5 0.5 0.5 0.5 0.5 0.5 0.5 0.5 0.5 
0.5 0.5 0.5 0.5 0.5 0.5 0.5 0.5 0.5 
0.5 0.5 0.5 0.5 0.5 0.5 0.5 0.5 0.5 
0.5 0.5 0.5 0.5 0.5 0.5 0.5 0.5 0.5 
0.5 0.5 0.5 0.5 0.5 0.5 0.5 0.5 0.5 
0.5 0.5 0.5 0.5 0.5 0.5 0.5 0.5 0.5 
0.5 0.5 0.5 0.5 0.5 0.5 0.5 0.5 0.5 
0.5 0.5 0.5 0.5 0.5 0.5 0.5 0.5 0.5 
0.5 0.5 0.5 0.5 0.5 0.5 0.5 0.5 0.5 
0.5 0.5 0.5 0.5 0.5 0.5 0.5 0.5 0.5 
0.5 0.5 0.5 0.5 0.5 0.5 0.5 0.5 0.5 
0.5 0.5 0.5 0.5 0.5 0.5 0.5 0.5 0.5 
0.5 0.5 0.5 0.5 0.5 0.5 0.5 0.5 0.5 
0.5 0.5 0.5 0.5 0.5 0.5 0.5 0.5 0.5 
0.5 0.5 0.5 0.5 0.5 0.5 0.5 0.5 0.5 
0.5 0.5 0.5 0.5 0.5 0.5 0.5 0.5 0.5 
0.5 0.5 0.5 0.5 0.5 0.5 0.5 0.5 0.5 
0.5 0.5 0.5 0.5 0.5 0.5 0.5 0.5 0.5 
0.5 0.5 0.5 0.5 0.5 0.5 0.5 0.5 0.5 
0.5 0.5 0.5 0.5 0.5 0.5 0.5 0.5 0.5 
0.5 0.5 0.5 0.5 0.5 0.5 0.5 0.5 0.5 
0.5 0.5 0.5 0.5 0.5 0.5 0.5 0.5 0.5 
0.5 0.5 0.5 0.5 0.5 0.5 0.5 0.5 0.5 
0.5 0.5 0.5 0.5 0.5 0.5 0.5 0.5 0.5 
0.5 0.5 0.5 0.5 0.5 0.5 0.5 0.5 0.5 
0.5 0.5 0.5 0.5 0.5 0.5 0.5 0.5 0.5 
0.5 0.5 0.5 0.5 0.5 0.5 0.5 0.5 0.5 
0.5 0.5 0.5 0.5 0.5 0.5 0.5 0.5 0.5 
0.5 0.5 0.5 0.5 0.5 0.5 0.5 0.5 0.5 
0.5 0.5 0.5 0.5 0.5 0.5 0.5 0.5 0.5 
0.5 0.5 0.5 0.5 0.5 0.5 0.5 0.5 0.5 
0.5 0.5 0.5 0.5 0.5 0.5 0.5 0.5 0.5 
0.5 0.5 0.5 0.5 0.5 0.5 0.5 0.5 0.5 
0.5 0.5 0.5 0.5 0.5 0.5 0.5 0.5 0.5 
0.5 0.5 0.5 0.5 0.5 0.5 0.5 0.5 0.5 
0.5 0.5 0.5 0.5 0.5 0.5 0.5 0.5 0.5 
0.5 0.5 0.5 0.5 0.5 0.5 0.5 0.5 0.5 
0.5 0.5 0.5 0.5 0.5 0.5 0.5 0.5 0.5 
0.5 0.5 0.5 0.5 0.5 0.5 0.5 0.5 0.5 
0.5 0.5 0.5 0.5 0.5 0.5 0.5 0.5 0.5 
0.5 0.5 0.5 0.5 0.5 0.5 0.5 0.5 0.5 
0.5 0.5 0.5 0.5 0.5 0.5 0.5 0.5 0.5 
0.5 0.5 0.5 0.5 0.5 0.5 0.5 0.5 0.5 
0.5 0.5 0.5 0.5 0.5 0.5 0.5 0.5 0.5 
0.5 0.5 0.5 0.5 0.5 0.5 0.5 0.5 0.5 
0.5 0.5 0.5 0.5 0.5 0.5 0.5 0.5 0.5 
0.5 0.5 0.5 0.5 0.5 0.5 0.5 0.5 0.5 
0.5 0.5 0.5 0.5 0.5 0.5 0.5 0.5 0.5 
0.5 0.5 0.5 0.5 0.5 0.5 0.5 0.5 0.5 
0.5 0.5 0.5 0.5 0.5 0.5 0.5 0.5 0.5 
0.5 0.5 0.5 0.5 0.5 0.5 0.5 0.5 0.5 
0.5 0.5 0.5 0.5 0.5 0.5 0.5 0.5 0.5 
0.5 0.5 0.5 0.5 0.5 0.5 0.5 0.5 0.5 
0.5 0.5 0.5 0.5 0.5 0.5 0.5 0.5 0.5 
0.5 0.5 0.5 0.5 0.5 0.5 0.5 0.5 0.5 
0.5 0.5 0.5 0.5 0.5 0.5 0.5 0.5 0.5 
0.5 0.5 0.5 0.5 0.5 0.5 0.5 0.5 0.5 
0.5 0.5 0.5 0.5 0.5 0.5 0.5 0.5 0.5 
0.5 0.5 0.5 0.5 0.5 0.5 0.5 0.5 0.5 
0.5 0.5 0.5 0.5 0.5 0.5 0.5 0.5 0.5 
0.5 0.5 0.5 0.5 0.5 0.5 0.5 0.5 0.5 
0.5 0.5 0.5 0.5 0.5 0.5 0.5 0.5 0.5 
0.5 0.5 0.5 0.5 0.5 0.5 0.5 0.5 0.5 
0.5 0.5 0.5 0.5 0.5 0.5 0.5 0.5 0.5 
0.5 0.5 0.5 0.5 0.5 0.5 0.5 0.5 0.5 
0.5 0.5 0.5 0.5 0.5 0.5 0.5 0.5 0.5 
0.5 0.5 0.5 0.5 0.5 0.5 0.5 0.5 0.5 
0.5 0.5 0.5 0.5 0.5 0.5 0.5 0.5 0.5 
0.5 0.5 0.5 0.5 0.5 0.5 0.5 0.5 0.5 
0.5 0.5 0.5 0.5 0.5 0.5 0.5 0.5 0.5 
0.5 0.5 0.5 0.5 0.5 0.5 0.5 0.5 0.5 
0.5 0.5 0.5 0.5 0.5 0.5 0.5 0.5 0.5 
0.5 0.5 0.5 0.5 0.5 0.5 0.5 0.5 0.5 
0.5 0.5 0.5 0.5 0.5 0.5 0.5 0.5 0.5 
0.5 0.5 0.5 0.5 0.5 0.5 0.5 0.5 0.5 
0.5 0.5 0.5 0.5 0.5 0.5 0.5 0.5 0.5 
0.5 0.5 0.5 0.5 0.5 0.5 0.5 0.5 0.5 
0.5 0.5 0.5 0.5 0.5 0.5 0.5 0.5 0.5 
0.5 0.5 0.5 0.5 0.5 0.5 0.5 0.5 0.5 
0.5 0.5 0.5 0.5 0.5 0.5 0.5 0.5 0.5 
0.5 0.5 0.5 0.5 0.5 0.5 0.5 0.5 0.5 
0.5 0.5 0.5 0.5 0.5 0.5 0.5 0.5 0.5 
0.5 0.5 0.5 0.5 0.5 0.5 0.5 0.5 0.5 
0.5 0.5 0.5 0.5 0.5 0.5 0.5 0.5 0.5 
0.5 0.5 0.5 0.5 0.5 0.5 0.5 0.5 0.5 
0.5 0.5 0.5 0.5 0.5 0.5 0.5 0.5 0.5 
0.5 0.5 0.5 0.5 0.5 0.5 0.5 0.5 0.5 
0.5 0.5 0.5 0.5 0.5 0.5 0.5 0.5 0.5 
0.5 0.5 0.5 0.5 0.5 0.5 0.5 0.5 0.5 
0.5 0.5 0.5 0.5 0.5 0.5 0.5 0.5 0.5 
0.5 0.5 0.5 0.5 0.5 0.5 0.5 0.5 0.5 
0.5 0.5 0.5 0.5 0.5 0.5 0.5 0.5 0.5 
0.5 0.5 0.5 0.5 0.5 0.5 0.5 0.5 0.5 
0.5 0.5 0.5 0.5 0.5 0.5 0.5 0.5 0.5 
0.5 0.5 0.5 0.5 0.5 0.5 0.5 0.5 0.5 
0.5 0.5 0.5 0.5 0.5 0.5 0.5 0.5 0.5 
0.5 0.5 0.5 0.5 0.5 0.5 0.5 0.5 0.5 
0.5 0.5 0.5 0.5 0.5 0.5 0.5 0.5 0.5 
0.5 0.5 0.5 0.5 0.5 0.5 0.5 0.5 0.5 
0.5 0.5 0.5 0.5 0.5 0.5 0.5 0.5 0.5 
0.5 0.5 0.5 0.5 0.5 0.5 0.5 0.5 0.5 
0.5 0.5 0.5 0.5 0.5 0.5 0.5 0.5 0.5 
0.5 0.5 0.5 0.5 0.5 0.5 0.5 0.5 0.5 
0.5 0.5 0.5 0.5 0.5 0.5 0.5 0.5 0.5 
0.5 0.5 0.5 0.5 0.5 0.5 0.5 0.5 0.5 
0.5 0.5 0.5 0.5 0.5 0.5 0.5 0.5 0.5 
0.5 0.5 0.5 0.5 0.5 0.5 0.5 0.5 0.5 
0.5 0.5 0.5 0.5 0.5 0.5 0.5 0.5 0.5 
0.5 0.5 0.5 0.5 0.5 0.5 0.5 0.5 0.5 
0.5 0.5 0.5 0.5 0.5 0.5 0.5 0.5 0.5 
0.5 0.5 0.5 0.5 0.5 0.5 0.5 0.5 0.5 
0.5 0.5 0.5 0.5 0.5 0.5 0.5 0.5 0.5 
0.5 0.5 0.5 0.5 0.5 0.5 0.5 0.5 0.5 
0.5 0.5 0.5 0.5 0.5 0.5 0.5 0.5 0.5 
0.5 0.5 0.5 0.5 0.5 0.5 0.5 0.5 0.5 
0.5 0.5 0.5 0.5 0.5 0.5 0.5 0.5 0.5 
0.5 0.5 0.5 0.5 0.5 0.5 0.5 0.5 0.5 
0.5 0.5 0.5 0.5 0.5 0.5 0.5 0.5 0.5 
0.5 0.5 0.5 0.5 0.5 0.5 0.5 0.5 0.5 
0.5 0.5 0.5 0.5 0.5 0.5 0.5 0.5 0.5 
0.5 0.5 0.5 0.5 0.5 0.5 0.5 0.5 0.5 
0.5 0.5 0.5 0.5 0.5 0.5 0.5 0.5 0.5 
0.5 0.5 0.5 0.5 0.5 0.5 0.5 0.5 0.5 
0.5 0.5 0.5 0.5 0.5 0.5 0.5 0.5 0.5 
0.5 0.5 0.5 0.5 0.5 0.5 0.5 0.5 0.5 
0.5 0.5 0.5 0.5 0.5 0.5 0.5 0.5 0.5 
0.5 0.5 0.5 0.5 0.5 0.5 0.5 0.5 0.5 
0.5 0.5 0.5 0.5 0.5 0.5 0.5 0.5 0.5 
0.5 0.5 0.5 0.5 0.5 0.5 0.5 0.5 0.5 
0.5 0.5 0.5 0.5 0.5 0.5 0.5 0.5 0.5 
0.5 0.5 0.5 0.5 0.5 0.5 0.5 0.5 0.5 
0.5 0.5 0.5 0.5 0.5 0.5 0.5 0.5 0.5 
0.5 0.5 0.5 0.5 0.5 0.5 0.5 0.5 0.5 
0.5 0.5 0.5 0.5 0.5 0.5 0.5 0.5 0.5 
0.5 0.5 0.5 0.5 0.5 0.5 0.5 0.5 0.5 
0.5 0.5 0.5 0.5 0.5 0.5 0.5 0.5 0.5 
0.5 0.5 0.5 0.5 0.5 0.5 0.5 0.5 0.5 
0.5 0.5 0.5 0.5 0.5 0.5 0.5 0.5 0.5 
0.5 0.5 0.5 0.5 0.5 0.5 0.5 0.5 0.5 
0.5 0.5 0.5 0.5 0.5 0.5 0.5 0.5 0.5 
0.5 0.5 0.5 0.5 0.5 0.5 0.5 0.5 0.5 
0.5 0.5 0.5 0.5 0.5 0.5 0.5 0.5 0.5 
0.5 0.5 0.5 0.5 0.5 0.5 0.5 0.5 0.5 
0.5 0.5 0.5 0.5 0.5 0.5 0.5 0.5 0.5 
0.5 0.5 0.5 0.5 0.5 0.5 0.5 0.5 0.5 
0.5 0.5 0.5 0.5 0.5 0.5 0.5 0.5 0.5 
0.5 0.5 0.5 0.5 0.5 0.5 0.5 0.5 0.5 
0.5 0.5 0.5 0.5 0.5 0.5 0.5 0.5 0.5 
0.5 0.5 0.5 0.5 0.5 0.5 0.5 0.5 0.5 
0.5 0.5 0.5 0.5 0.5 0.5 0.5 0.5 0.5 
0.5 0.5 0.5 0.5 0.5 0.5 0.5 0.5 0.5 
0.5 0.5 0.5 0.5 0.5 0.5 0.5 0.5 0.5 
0.5 0.5 0.5 0.5 0.5 0.5 0.5 0.5 0.5 
0.5 0.5 0.5 0.5 0.5 0.5 0.5 0.5 0.5 
0.5 0.5 0.5 0.5 0.5 0.5 0.5 0.5 0.5 
0.5 0.5 0.5 0.5 0.5 0.5 0.5 0.5 0.5 
0.5 0.5 0.5 0.5 0.5 0.5 0.5 0.5 0.5 
0.5 0.5 0.5 0.5 0.5 0.5 0.5 0.5 0.5 
0.5 0.5 0.5 0.5 0.5 0.5 0.5 0.5 0.5 
0.5 0.5 0.5 0.5 0.5 0.5 0.5 0.5 0.5 
0.5 0.5 0.5 0.5 0.5 0.5 0.5 0.5 0.5 
0.5 0.5 0.5 0.5 0.5 0.5 0.5 0.5 0.5 
0.5 0.5 0.5 0.5 0.5 0.5 0.5 0.5 0.5 
0.5 0.5 0.5 0.5 0.5 0.5 0.5 0.5 0.5 
0.5 0.5 0.5 0.5 0.5 0.5 0.5 0.5 0.5 
0.5 0.5 0.5 0.5 0.5 0.5 0.5 0.5 0.5 
0.5 0.5 0.5 0.5 0.5 0.5 0.5 0.5 0.5 
0.5 0.5 0.5 0.5 0.5 0.5 0.5 0.5 0.5 
0.5 0.5 0.5 0.5 0.5 0.5 0.5 0.5 0.5 
0.5 0.5 0.5 0.5 0.5 0.5 0.5 0.5 0.5 
0.5 0.5 0.5 0.5 0.5 0.5 0.5 0.5 0.5 
0.5 0.5 0.5 0.5 0.5 0.5 0.5 0.5 0.5 
0.5 0.5 0.5 0.5 0.5 0.5 0.5 0.5 0.5 
0.5 0.5 0.5 0.5 0.5 0.5 0.5 0.5 0.5 
0.5 0.5 0.5 0.5 0.5 0.5 0.5 0.5 0.5 
0.5 0.5 0.5 0.5 0.5 0.5 0.5 0.5 0.5 
0.5 0.5 0.5 0.5 0.5 0.5 0.5 0.5 0.5 
0.5 0.5 0.5 0.5 0.5 0.5 0.5 0.5 0.5 
0.5 0.5 0.5 0.5 0.5 0.5 0.5 0.5 0.5 
0.5 0.5 0.5 0.5 0.5 0.5 0.5 0.5 0.5 
0.5 0.5 0.5 0.5 0.5 0.5 0.5 0.5 0.5 
0.5 0.5 0.5 0.5 0.5 0.5 0.5 0.5 0.5 
0.5 0.5 0.5 0.5 0.5 0.5 0.5 0.5 0.5 
0.5 0.5 0.5 0.5 0.5 0.5 0.5 0.5 0.5 
0.5 0.5 0.5 0.5 0.5 0.5 0.5 0.5 0.5 
0.5 0.5 0.5 0.5 0.5 0.5 0.5 0.5 0.5 
0.5 0.5 0.5 0.5 0.5 0.5 0.5 0.5 0.5 
0.5 0.5 0.5 0.5 0.5 0.5 0.5 0.5 0.5 
0.5 0.5 0.5 0.5 0.5 0.5 0.5 0.5 0.5 
0.5 0.5 0.5 0.5 0.5 0.5 0.5 0.5 0.5 
0.5 0.5 0.5 0.5 0.5 0.5 0.5 0.5 0.5 
0.5 0.5 0.5 0.5 0.5 0.5 0.5 0.5 0.5 
0.5 0.5 0.5 0.5 0.5 0.5 0.5 0.5 0.5 
0.5 0.5 0.5 0.5 0.5 0.5 0.5 0.5 0.5 
0.5 0.5 0.5 0.5 0.5 0.5 0.5 0.5 0.5 
0.5 0.5 0.5 0.5 0.5 0.5 0.5 0.5 0.5 
0.5 0.5 0.5 0.5 0.5 0.5 0.5 0.5 0.5 
0.5 0.5 0.5 0.5 0.5 0.5 0.5 0.5 0.5 
0.5 0.5 0.5 0.5 0.5 0.5 0.5 0.5 0.5 
0.5 0.5 0.5 0.5 0.5 0.5 0.5 0.5 0.5 
0.5 0.5 0.5 0.5 0.5 0.5 0.5 0.5 0.5 
0.5 0.5 0.5 0.5 0.5 0.5 0.5 0.5 0.5 
0.5 0.5 0.5 0.5 0.5 0.5 0.5 0.5 0.5 
0.5 0.5 0.5 0.5 0.5 0.5 0.5 0.5 0.5 
0.5 0.5 0.5 0.5 0.5 0.5 0.5 0.5 0.5 
0.5 0.5 0.5 0.5 0.5 0.5 0.5 0.5 0.5 
0.5 0.5 0.5 0.5 0.5 0.5 0.5 0.5 0.5 
0.5 0.5 0.5 0.5 0.5 0.5 0.5 0.5 0.5 
0.5 0.5 0.5 0.5 0.5 0.5 0.5 0.5 0.5 
0.5 0.5 0.5 0.5 0.5 0.5 0.5 0.5 0.5 
0.5 0.5 0.5 0.5 0.5 0.5 0.5 0.5 0.5 
0.5 0.5 0.5 0.5 0.5 0.5 0.5 0.5 0.5 
0.5 0.5 0.5 0.5 0.5 0.5 0.5 0.5 0.5 
0.5 0.5 0.5 0.5 0.5 0.5 0.5 0.5 0.5 
0.5 0.5 0.5 0.5 0.5 0.5 0.5 0.5 0.5 
0.5 0.5 0.5 0.5 0.5 0.5 0.5 0.5 0.5 
0.5 0.5 0.5 0.5 0.5 0.5 0.5 0.5 0.5 
0.5 0.5 0.5 0.5 0.5 0.5 0.5 0.5 0.5 
0.5 0.5 0.5 0.5 0.5 0.5 0.5 0.5 0.5 
0.5 0.5 0.5 0.5 0.5 0.5 0.5 0.5 0.5 
0.5 0.5 0.5 0.5 0.5 0.5 0.5 0.5 0.5 
0.5 0.5 0.5 0.5 0.5 0.5 0.5 0.5 0.5 
0.5 0.5 0.5 0.5 0.5 0.5 0.5 0.5 0.5 
0.5 0.5 0.5 0.5 0.5 0.5 0.5 0.5 0.5 
0.5 0.5 0.5 0.5 0.5 0.5 0.5 0.5 0.5 
0.5 0.5 0.5 0.5 0.5 0.5 0.5 0.5 0.5 
0.5 0.5 0.5 0.5 0.5 0.5 0.5 0.5 0.5 
0.5 0.5 0.5 0.5 0.5 0.5 0.5 0.5 0.5 
0.5 0.5 0.5 0.5 0.5 0.5 0.5 0.5 0.5 
0.5 0.5 0.5 0.5 0.5 0.5 0.5 0.5 0.5 
0.5 0.5 0.5 0.5 0.5 0.5 0.5 0.5 0.5 
0.5 0.5 0.5 0.5 0.5 0.5 0.5 0.5 0.5 
0.5 0.5 0.5 0.5 0.5 0.5 0.5 0.5 0.5 
0.5 0.5 0.5 0.5 0.5 0.5 0.5 0.5 0.5 
0.5 0.5 0.5 0.5 0.5 0.5 0.5 0.5 0.5 
0.5 0.5 0.5 0.5 0.5 0.5 0.5 0.5 0.5 
0.5 0.5 0.5 0.5 0.5 0.5 0.5 0.5 0.5 
0.5 0.5 0.5 0.5 0.5 0.5 0.5 0.5 0.5 
0.5 0.5 0.5 0.5 0.5 0.5 0.5 0.5 0.5 
0.5 0.5 0.5 0.5 0.5 0.5 0.5 0.5 0.5 
0.5 0.5 0.5 0.5 0.5 0.5 0.5 0.5 0.5 
0.5 0.5 0.5 0.5 0.5 0.5 0.5 0.5 0.5 
0.5 0.5 0.5 0.5 0.5 0.5 0.5 0.5 0.5 
0.5 0.5 0.5 0.5 0.5 0.5 0.5 0.5 0.5 
0.5 0.5 0.5 0.5 0.5 0.5 0.5 0.5 0.5 
0.5 0.5 0.5 0.5 0.5 0.5 0.5 0.5 0.5 
0.5 0.5 0.5 0.5 0.5 0.5 0.5 0.5 0.5 
0.5 0.5 0.5 0.5 0.5 0.5 0.5 0.5 0.5 
0.5 0.5 0.5 0.5 0.5 0.5 0.5 0.5 0.5 
0.5 0.5 0.5 0.5 0.5 0.5 0.5 0.5 0.5 
0.5 0.5 0.5 0.5 0.5 0.5 0.5 0.5 0.5 
0.5 0.5 0.5 0.5 0.5 0.5 0.5 0.5 0.5 
0.5 0.5 0.5 0.5 0.5 0.5 0.5 0.5 0.5 
0.5 0.5 0.5 0.5 0.5 0.5 0.5 0.5 0.5 
0.5 0.5 0.5 0.5 0.5 0.5 0.5 0.5 0.5 
0.5 0.5 0.5 0.5 0.5 0.5 0.5 0.5 0.5 
0.5 0.5 0.5 0.5 0.5 0.5 0.5 0.5 0.5 
0.5 0.5 0.5 0.5 0.5 0.5 0.5 0.5 0.5 
0.5 0.5 0.5 0.5 0.5 0.5 0.5 0.5 0.5 
0.5 0.5 0.5 0.5 0.5 0.5 0.5 0.5 0.5 
0.5 0.5 0.5 0.5 0.5 0.5 0.5 0.5 0.5 
0.5 0.5 0.5 0.5 0.5 0.5 0.5 0.5 0.5 
0.5 0.5 0.5 0.5 0.5 0.5 0.5 0.5 0.5 
0.5 0.5 0.5 0.5 0.5 0.5 0.5 0.5 0.5 
0.5 0.5 0.5 0.5 0.5 0.5 0.5 0.5 0.5 
0.5 0.5 0.5 0.5 0.5 0.5 0.5 0.5 0.5 
0.5 0.5 0.5 0.5 0.5 0.5 0.5 0.5 0.5 
0.5 0.5 0.5 0.5 0.5 0.5 0.5 0.5 0.5 
0.5 0.5 0.5 0.5 0.5 0.5 0.5 0.5 0.5 
0.5 0.5 0.5 0.5 0.5 0.5 0.5 0.5 0.5 
0.5 0.5 0.5 0.5 0.5 0.5 0.5 0.5 0.5 
0.5 0.5 0.5 0.5 0.5 0.5 0.5 0.5 0.5 
0.5 0.5 0.5 0.5 0.5 0.5 0.5 0.5 0.5 
0.5 0.5 0.5 0.5 0.5 0.5 0.5 0.5 0.5 
0.5 0.5 0.5 0.5 0.5 0.5 0.5 0.5 0.5 
0.5 0.5 0.5 0.5 0.5 0.5 0.5 0.5 0.5 
0.5 0.5 0.5 0.5 0.5 0.5 0.5 0.5 0.5 
0.5 0.5 0.5 0.5 0.5 0.5 0.5 0.5 0.5 
0.5 0.5 0.5 0.5 0.5 0.5 0.5 0.5 0.5 
0.5 0.5 0.5 0.5 0.5 0.5 0.5 0.5 0.5 
0.5 0.5 0.5 0.5 0.5 0.5 0.5 0.5 0.5 
0.5 0.5 0.5 0.5 0.5 0.5 0.5 0.5 0.5 
0.5 0.5 0.5 0.5 0.5 0.5 0.5 0.5 0.5 
0.5 0.5 0.5 0.5 0.5 0.5 0.5 0.5 0.5 
0.5 0.5 0.5 0.5 0.5 0.5 0.5 0.5 0.5 
0.5 0.5 0.5 0.5 0.5 0.5 0.5 0.5 0.5 
0.5 0.5 0.5 0.5 0.5 0.5 0.5 0.5 0.5 
0.5 0.5 0.5 0.5 0.5 0.5 0.5 0.5 0.5 
0.5 0.5 0.5 0.5 0.5 0.5 0.5 0.5 0.5 
0.5 0.5 0.5 0.5 0.5 0.5 0.5 0.5 0.5 
0.5 0.5 0.5 0.5 0.5 0.5 0.5 0.5 0.5 
0.5 0.5 0.5 0.5 0.5 0.5 0.5 0.5 0.5 
0.5 0.5 0.5 0.5 0.5 0.5 0.5 0.5 0.5 
0.5 0.5 0.5 0.5 0.5 0.5 0.5 0.5 0.5 
0.5 0.5 0.5 0.5 0.5 0.5 0.5 0.5 0.5 
0.5 0.5 0.5 0.5 0.5 0.5 0.5 0.5 0.5 
0.5 0.5 0.5 0.5 0.5 0.5 0.5 0.5 0.5 
0.5 0.5 0.5 0.5 0.5 0.5 0.5 0.5 0.5 
0.5 0.5 0.5 0.5 0.5 0.5 0.5 0.5 0.5 
0.5 0.5 0.5 0.5 0.5 0.5 0.5 0.5 0.5 
0.5 0.5 0.5 0.5 0.5 0.5 0.5 0.5 0.5 
0.5 0.5 0.5 0.5 0.5 0.5 0.5 0.5 0.5 
0.5 0.5 0.5 0.5 0.5 0.5 0.5 0.5 0.5 
0.5 0.5 0.5 0.5 0.5 0.5 0.5 0.5 0.5 
0.5 0.5 0.5 0.5 0.5 0.5 0.5 0.5 0.5 
0.5 0.5 0.5 0.5 0.5 0.5 0.5 0.5 0.5 
0.5 0.5 0.5 0.5 0.5 0.5 0.5 0.5 0.5 
0.5 0.5 0.5 0.5 0.5 0.5 0.5 0.5 0.5 
0.5 0.5 0.5 0.5 0.5 0.5 0.5 0.5 0.5 
0.5 0.5 0.5 0.5 0.5 0.5 0.5 0.5 0.5 
0.5 0.5 0.5 0.5 0.5 0.5 0.5 0.5 0.5 
0.5 0.5 0.5 0.5 0.5 0.5 0.5 0.5 0.5 
0.5 0.5 0.5 0.5 0.5 0.5 0.5 0.5 0.5 
0.5 0.5 0.5 0.5 0.5 0.5 0.5 0.5 0.5 
0.5 0.5 0.5 0.5 0.5 0.5 0.5 0.5 0.5 
0.5 0.5 0.5 0.5 0.5 0.5 0.5 0.5 0.5 
0.5 0.5 0.5 0.5 0.5 0.5 0.5 0.5 0.5 
0.5 0.5 0.5 0.5 0.5 0.5 0.5 0.5 0.5 
0.5 0.5 0.5 0.5 0.5 0.5 0.5 0.5 0.5 
0.5 0.5 0.5 0.5 0.5 0.5 0.5 0.5 0.5 
0.5 0.5 0.5 0.5 0.5 0.5 0.5 0.5 0.5 
0.5 0.5 0.5 0.5 0.5 0.5 0.5 0.5 0.5 
0.5 0.5 0.5 0.5 0.5 0.5 0.5 0.5 0.5 
0.5 0.5 0.5 0.5 0.5 0.5 0.5 0.5 0.5 
0.5 0.5 0.5 0.5 0.5 0.5 0.5 0.5 0.5 
0.5 0.5 0.5 0.5 0.5 0.5 0.5 0.5 0.5 
0.5 0.5 0.5 0.5 0.5 0.5 0.5 0.5 0.5 
0.5 0.5 0.5 0.5 0.5 0.5 0.5 0.5 0.5 
0.5 0.5 0.5 0.5 0.5 0.5 0.5 0.5 0.5 
0.5 0.5 0.5 0.5 0.5 0.5 0.5 0.5 0.5 
0.5 0.5 0.5 0.5 0.5 0.5 0.5 0.5 0.5 
0.5 0.5 0.5 0.5 0.5 0.5 0.5 0.5 0.5 
0.5 0.5 0.5 0.5 0.5 0.5 0.5 0.5 0.5 
0.5 0.5 0.5 0.5 0.5 0.5 0.5 0.5 0.5 
0.5 0.5 0.5 0.5 0.5 0.5 0.5 0.5 0.5 
0.5 0.5 0.5 0.5 0.5 0.5 0.5 0.5 0.5 
0.5 0.5 0.5 0.5 0.5 0.5 0.5 0.5 0.5 
0.5 0.5 0.5 0.5 0.5 0.5 0.5 0.5 0.5 
0.5 0.5 0.5 0.5 0.5 0.5 0.5 0.5 0.5 
0.5 0.5 0.5 0.5 0.5 0.5 0.5 0.5 0.5 
0.5 0.5 0.5 0.5 0.5 0.5 0.5 0.5 0.5 
0.5 0.5 0.5 0.5 0.5 0.5 0.5 0.5 0.5 
0.5 0.5 0.5 0.5 0.5 0.5 0.5 0.5 0.5 
0.5 0.5 0.5 0.5 0.5 0.5 0.5 0.5 0.5 
0.5 0.5 0.5 0.5 0.5 0.5 0.5 0.5 0.5 
0.5 0.5 0.5 0.5 0.5 0.5 0.5 0.5 0.5 
0.5 0.5 0.5 0.5 0.5 0.5 0.5 0.5 0.5 
0.5 0.5 0.5 0.5 0.5 0.5 0.5 0.5 0.5 
0.5 0.5 0.5 0.5 0.5 0.5 0.5 0.5 0.5 
0.5 0.5 0.5 0.5 0.5 0.5 0.5 0.5 0.5 
0.5 0.5 0.5 0.5 0.5 0.5 0.5 0.5 0.5 
0.5 0.5 0.5 0.5 0.5 0.5 0.5 0.5 0.5 
0.5 0.5 0.5 0.5 0.5 0.5 0.5 0.5 0.5 
0.5 0.5 0.5 0.5 0.5 0.5 0.5 0.5 0.5 
0.5 0.5 0.5 0.5 0.5 0.5 0.5 0.5 0.5 
0.5 0.5 0.5 0.5 0.5 0.5 0.5 0.5 0.5 
0.5 0.5 0.5 0.5 0.5 0.5 0.5 0.5 0.5 
0.5 0.5 0.5 0.5 0.5 0.5 0.5 0.5 0.5 
0.5 0.5 0.5 0.5 0.5 0.5 0.5 0.5 0.5 
0.5 0.5 0.5 0.5 0.5 0.5 0.5 0.5 0.5 
0.5 0.5 0.5 0.5 0.5 0.5 0.5 0.5 0.5 
0.5 0.5 0.5 0.5 0.5 0.5 0.5 0.5 0.5 
0.5 0.5 0.5 0.5 0.5 0.5 0.5 0.5 0.5 
0.5 0.5 0.5 0.5 0.5 0.5 0.5 0.5 0.5 
0.5 0.5 0.5 0.5 0.5 0.5 0.5 0.5 0.5 
0.5 0.5 0.5 0.5 0.5 0.5 0.5 0.5 0.5 
0.5 0.5 0.5 0.5 0.5 0.5 0.5 0.5 0.5 
0.5 0.5 0.5 0.5 0.5 0.5 0.5 0.5 0.5 
0.5 0.5 0.5 0.5 0.5 0.5 0.5 0.5 0.5 
0.5 0.5 0.5 0.5 0.5 0.5 0.5 0.5 0.5 
0.5 0.5 0.5 0.5 0.5 0.5 0.5 0.5 0.5 
0.5 0.5 0.5 0.5 0.5 0.5 0.5 0.5 0.5 
0.5 0.5 0.5 0.5 0.5 0.5 0.5 0.5 0.5 
0.5 0.5 0.5 0.5 0.5 0.5 0.5 0.5 0.5 
0.5 0.5 0.5 0.5 0.5 0.5 0.5 0.5 0.5 
0.5 0.5 0.5 0.5 0.5 0.5 0.5 0.5 0.5 
0.5 0.5 0.5 0.5 0.5 0.5 0.5 0.5 0.5 
0.5 0.5 0.5 0.5 0.5 0.5 0.5 0.5 0.5 
0.5 0.5 0.5 0.5 0.5 0.5 0.5 0.5 0.5 
0.5 0.5 0.5 0.5 0.5 0.5 0.5 0.5 0.5 
0.5 0.5 0.5 0.5 0.5 0.5 0.5 0.5 0.5 
0.5 0.5 0.5 0.5 0.5 0.5 0.5 0.5 0.5 
0.5 0.5 0.5 0.5 0.5 0.5 0.5 0.5 0.5 
0.5 0.5 0.5 0.5 0.5 0.5 0.5 0.5 0.5 
0.5 0.5 0.5 0.5 0.5 0.5 0.5 0.5 0.5 
0.5 0.5 0.5 0.5 0.5 0.5 0.5 0.5 0.5 
0.5 0.5 0.5 0.5 0.5 0.5 0.5 0.5 0.5 
0.5 0.5 0.5 0.5 0.5 0.5 0.5 0.5 0.5 
0.5 0.5 0.5 0.5 0.5 0.5 0.5 0.5 0.5 
0.5 0.5 0.5 0.5 0.5 0.5 0.5 0.5 0.5 
0.5 0.5 0.5 0.5 0.5 0.5 0.5 0.5 0.5 
0.5 0.5 0.5 0.5 0.5 0.5 0.5 0.5 0.5 
0.5 0.5 0.5 0.5 0.5 0.5 0.5 0.5 0.5 
0.5 0.5 0.5 0.5 0.5 0.5 0.5 0.5 0.5 
0.5 0.5 0.5 0.5 0.5 0.5 0.5 0.5 0.5 
0.5 0.5 0.5 0.5 0.5 0.5 0.5 0.5 0.5 
0.5 0.5 0.5 0.5 0.5 0.5 0.5 0.5 0.5 
0.5 0.5 0.5 0.5 0.5 0.5 0.5 0.5 0.5 
0.5 0.5 0.5 0.5 0.5 0.5 0.5 0.5 0.5 
0.5 0.5 0.5 0.5 0.5 0.5 0.5 0.5 0.5 
0.5 0.5 0.5 0.5 0.5 0.5 0.5 0.5 0.5 
0.5 0.5 0.5 0.5 0.5 0.5 0.5 0.5 0.5 
0.5 0.5 0.5 0.5 0.5 0.5 0.5 0.5 0.5 
0.5 0.5 0.5 0.5 0.5 0.5 0.5 0.5 0.5 
0.5 0.5 0.5 0.5 0.5 0.5 0.5 0.5 0.5 
0.5 0.5 0.5 0.5 0.5 0.5 0.5 0.5 0.5 
0.5 0.5 0.5 0.5 0.5 0.5 0.5 0.5 0.5 
0.5 0.5 0.5 0.5 0.5 0.5 0.5 0.5 0.5 
0.5 0.5 0.5 0.5 0.5 0.5 0.5 0.5 0.5 
0.5 0.5 0.5 0.5 0.5 0.5 0.5 0.5 0.5 
0.5 0.5 0.5 0.5 0.5 0.5 0.5 0.5 0.5 
0.5 0.5 0.5 0.5 0.5 0.5 0.5 0.5 0.5 
0.5 0.5 0.5 0.5 0.5 0.5 0.5 0.5 0.5 
0.5 0.5 0.5 0.5 0.5 0.5 0.5 0.5 0.5 
0.5 0.5 0.5 0.5 0.5 0.5 0.5 0.5 0.5 
0.5 0.5 0.5 0.5 0.5 0.5 0.5 0.5 0.5 
0.5 0.5 0.5 0.5 0.5 0.5 0.5 0.5 0.5 
0.5 0.5 0.5 0.5 0.5 0.5 0.5 0.5 0.5 
0.5 0.5 0.5 0.5 0.5 0.5 0.5 0.5 0.5 
0.5 0.5 0.5 0.5 0.5 0.5 0.5 0.5 0.5 
0.5 0.5 0.5 0.5 0.5 0.5 0.5 0.5 0.5 
0.5 0.5 0.5 0.5 0.5 0.5 0.5 0.5 0.5 
0.5 0.5 0.5 0.5 0.5 0.5 0.5 0.5 0.5 
0.5 0.5 0.5 0.5 0.5 0.5 0.5 0.5 0.5 
0.5 0.5 0.5 0.5 0.5 0.5 0.5 0.5 0.5 
0.5 0.5 0.5 0.5 0.5 0.5 0.5 0.5 0.5 
0.5 0.5 0.5 0.5 0.5 0.5 0.5 0.5 0.5 
0.5 0.5 0.5 0.5 0.5 0.5 0.5 0.5 0.5 
0.5 0.5 0.5 0.5 0.5 0.5 0.5 0.5 0.5 
0.5 0.5 0.5 0.5 0.5 0.5 0.5 0.5 0.5 
0.5 0.5 0.5 0.5 0.5 0.5 0.5 0.5 0.5 
0.5 0.5 0.5 0.5 0.5 0.5 0.5 0.5 0.5 
0.5 0.5 0.5 0.5 0.5 0.5 0.5 0.5 0.5 
0.5 0.5 0.5 0.5 0.5 0.5 0.5 0.5 0.5 
0.5 0.5 0.5 0.5 0.5 0.5 0.5 0.5 0.5 
0.5 0.5 0.5 0.5 0.5 0.5 0.5 0.5 0.5 
0.5 0.5 0.5 0.5 0.5 0.5 0.5 0.5 0.5 
0.5 0.5 0.5 0.5 0.5 0.5 0.5 0.5 0.5 
0.5 0.5 0.5 0.5 0.5 0.5 0.5 0.5 0.5 
0.5 0.5 0.5 0.5 0.5 0.5 0.5 0.5 0.5 
0.5 0.5 0.5 0.5 0.5 0.5 0.5 0.5 0.5 
0.5 0.5 0.5 0.5 0.5 0.5 0.5 0.5 0.5 
0.5 0.5 0.5 0.5 0.5 0.5 0.5 0.5 0.5 
0.5 0.5 0.5 0.5 0.5 0.5 0.5 0.5 0.5 
0.5 0.5 0.5 0.5 0.5 0.5 0.5 0.5 0.5 
0.5 0.5 0.5 0.5 0.5 0.5 0.5 0.5 0.5 
0.5 0.5 0.5 0.5 0.5 0.5 0.5 0.5 0.5 
0.5 0.5 0.5 0.5 0.5 0.5 0.5 0.5 0.5 
0.5 0.5 0.5 0.5 0.5 0.5 0.5 0.5 0.5 
0.5 0.5 0.5 0.5 0.5 0.5 0.5 0.5 0.5 
0.5 0.5 0.5 0.5 0.5 0.5 0.5 0.5 0.5 
0.5 0.5 0.5 0.5 0.5 0.5 0.5 0.5 0.5 
0.5 0.5 0.5 0.5 0.5 0.5 0.5 0.5 0.5 
0.5 0.5 0.5 0.5 0.5 0.5 0.5 0.5 0.5 
0.5 0.5 0.5 0.5 0.5 0.5 0.5 0.5 0.5 
0.5 0.5 0.5 0.5 0.5 0.5 0.5 0.5 0.5 
0.5 0.5 0.5 0.5 0.5 0.5 0.5 0.5 0.5 
0.5 0.5 0.5 0.5 0.5 0.5 0.5 0.5 0.5 
0.5 0.5 0.5 0.5 0.5 0.5 0.5 0.5 0.5 
0.5 0.5 0.5 0.5 0.5 0.5 0.5 0.5 0.5 
0.5 0.5 0.5 0.5 0.5 0.5 0.5 0.5 0.5 
0.5 0.5 0.5 0.5 0.5 0.5 0.5 0.5 0.5 
0.5 0.5 0.5 0.5 0.5 0.5 0.5 0.5 0.5 
0.5 0.5 0.5 0.5 0.5 0.5 0.5 0.5 0.5 
0.5 0.5 0.5 0.5 0.5 0.5 0.5 0.5 0.5 
0.5 0.5 0.5 0.5 0.5 0.5 0.5 0.5 0.5 
0.5 0.5 0.5 0.5 0.5 0.5 0.5 0.5 0.5 
0.5 0.5 0.5 0.5 0.5 0.5 0.5 0.5 0.5 
0.5 0.5 0.5 0.5 0.5 0.5 0.5 0.5 0.5 
0.5 0.5 0.5 0.5 0.5 0.5 0.5 0.5 0.5 
0.5 0.5 0.5 0.5 0.5 0.5 0.5 0.5 0.5 
0.5 0.5 0.5 0.5 0.5 0.5 0.5 0.5 0.5 
0.5 0.5 0.5 0.5 0.5 0.5 0.5 0.5 0.5 
0.5 0.5 0.5 0.5 0.5 0.5 0.5 0.5 0.5 
0.5 0.5 0.5 0.5 0.5 0.5 0.5 0.5 0.5 
0.5 0.5 0.5 0.5 0.5 0.5 0.5 0.5 0.5 
0.5 0.5 0.5 0.5 0.5 0.5 0.5 0.5 0.5 
0.5 0.5 0.5 0.5 0.5 0.5 0.5 0.5 0.5 
0.5 0.5 0.5 0.5 0.5 0.5 0.5 0.5 0.5 
0.5 0.5 0.5 0.5 0.5 0.5 0.5 0.5 0.5 
0.5 0.5 0.5 0.5 0.5 0.5 0.5 0.5 0.5 
0.5 0.5 0.5 0.5 0.5 0.5 0.5 0.5 0.5 
0.5 0.5 0.5 0.5 0.5 0.5 0.5 0.5 0.5 
0.5 0.5 0.5 0.5 0.5 0.5 0.5 0.5 0.5 
0.5 0.5 0.5 0.5 0.5 0.5 0.5 0.5 0.5 
0.5 0.5 0.5 0.5 0.5 0.5 0.5 0.5 0.5 
0.5 0.5 0.5 0.5 0.5 0.5 0.5 0.5 0.5 
0.5 0.5 0.5 0.5 0.5 0.5 0.5 0.5 0.5 
0.5 0.5 0.5 0.5 0.5 0.5 0.5 0.5 0.5 
0.5 0.5 0.5 0.5 0.5 0.5 0.5 0.5 0.5 
0.5 0.5 0.5 0.5 0.5 0.5 0.5 0.5 0.5 
0.5 0.5 0.5 0.5 0.5 0.5 0.5 0.5 0.5 
0.5 0.5 0.5 0.5 0.5 0.5 0.5 0.5 0.5 
0.5 0.5 0.5 0.5 0.5 0.5 0.5 0.5 0.5 
0.5 0.5 0.5 0.5 0.5 0.5 0.5 0.5 0.5 
0.5 0.5 0.5 0.5 0.5 0.5 0.5 0.5 0.5 
0.5 0.5 0.5 0.5 0.5 0.5 0.5 0.5 0.5 
0.5 0.5 0.5 0.5 0.5 0.5 0.5 0.5 0.5 
0.5 0.5 0.5 0.5 0.5 0.5 0.5 0.5 0.5 
0.5 0.5 0.5 0.5 0.5 0.5 0.5 0.5 0.5 
0.5 0.5 0.5 0.5 0.5 0.5 0.5 0.5 0.5 
0.5 0.5 0.5 0.5 0.5 0.5 0.5 0.5 0.5 
0.5 0.5 0.5 0.5 0.5 0.5 0.5 0.5 0.5 
0.5 0.5 0.5 0.5 0.5 0.5 0.5 0.5 0.5 
0.5 0.5 0.5 0.5 0.5 0.5 0.5 0.5 0.5 
0.5 0.5 0.5 0.5 0.5 0.5 0.5 0.5 0.5 
0.5 0.5 0.5 0.5 0.5 0.5 0.5 0.5 0.5 
0.5 0.5 0.5 0.5 0.5 0.5 0.5 0.5 0.5 
0.5 0.5 0.5 0.5 0.5 0.5 0.5 0.5 0.5 
0.5 0.5 0.5 0.5 0.5 0.5 0.5 0.5 0.5 
0.5 0.5 0.5 0.5 0.5 0.5 0.5 0.5 0.5 
0.5 0.5 0.5 0.5 0.5 0.5 0.5 0.5 0.5 
0.5 0.5 0.5 0.5 0.5 0.5 0.5 0.5 0.5 
0.5 0.5 0.5 0.5 0.5 0.5 0.5 0.5 0.5 
0.5 0.5 0.5 0.5 0.5 0.5 0.5 0.5 0.5 
0.5 0.5 0.5 0.5 0.5 0.5 0.5 0.5 0.5 
0.5 0.5 0.5 0.5 0.5 0.5 0.5 0.5 0.5 
0.5 0.5 0.5 0.5 0.5 0.5 0.5 0.5 0.5 
0.5 0.5 0.5 0.5 0.5 0.5 0.5 0.5 0.5 
0.5 0.5 0.5 0.5 0.5 0.5 0.5 0.5 0.5 
0.5 0.5 0.5 0.5 0.5 0.5 0.5 0.5 0.5 
0.5 0.5 0.5 0.5 0.5 0.5 0.5 0.5 0.5 
0.5 0.5 0.5 0.5 0.5 0.5 0.5 0.5 0.5 
0.5 0.5 0.5 0.5 0.5 0.5 0.5 0.5 0.5 
0.5 0.5 0.5 0.5 0.5 0.5 0.5 0.5 0.5 
0.5 0.5 0.5 0.5 0.5 0.5 0.5 0.5 0.5 
0.5 0.5 0.5 0.5 0.5 0.5 0.5 0.5 0.5 
0.5 0.5 0.5 0.5 0.5 0.5 0.5 0.5 0.5 
0.5 0.5 0.5 0.5 0.5 0.5 0.5 0.5 0.5 
0.5 0.5 0.5 0.5 0.5 0.5 0.5 0.5 0.5 
0.5 0.5 0.5 0.5 0.5 0.5 0.5 0.5 0.5 
0.5 0.5 0.5 0.5 0.5 0.5 0.5 0.5 0.5 
0.5 0.5 0.5 0.5 0.5 0.5 0.5 0.5 0.5 
0.5 0.5 0.5 0.5 0.5 0.5 0.5 0.5 0.5 
0.5 0.5 0.5 0.5 0.5 0.5 
NORMALS Normals float
-0 -0 -1 -0 -0 -1 -0 -0 -1 
-0 -0 -1 -0 -0 -1 -0 -0 -1 
-0 -0 -1 -0 -0 -1 -0 -0 -1 
-0 -0 -1 -0 -0 -1 -0 -0 -1 
-0 -0 -1 -0 -0 -1 -0 -0 -1 
-0 -0 -1 -0 -0 -1 -0 -0 -1 
-0 -0 -1 -0 -0 -1 -0 -0 -1 
-0 -0 -1 -0 -0 -1 -0 -0 -1 
-0 -0 -1 -0 -0 -1 -0 -0 -1 
-0 -0 -1 -0 -0 -1 -0 -0 -1 
-0 -0 -1 -0 -0 -1 -0 -0 -1 
-0 -0 -1 -0 -0 -1 -0 -0 -1 
-0 -0 -1 -0 -0 -1 -0 -0 -1 
-0 -0 -1 -0 -0 -1 -0 -0 -1 
-0 -0 -1 -0 -0 -1 -0 -0 -1 
-0 -0 -1 -0 -0 -1 -0 -0 -1 
-0 -0 -1 -0 -0 -1 -0 -0 -1 
-0 -0 -1 -0 -0 -1 -0 -0 -1 
-0 -0 -1 -0 -0 -1 -0 -0 -1 
-0 -0 -1 -0 -0 -1 -0 -0 -1 
-0 -0.394943 -0.918705 -0 -0.394943 -0.918705 -0 -0.394943 -0.918705 
-0 -0.394943 -0.918705 -0 -0.394943 -0.918705 -0 -0.394943 -0.918705 
-0 -0.394943 -0.918705 -0 -0.394943 -0.918705 -0 -0.394943 -0.918705 
-0 -0.394943 -0.918705 -0 -0.394943 -0.918705 -0 -0.394943 -0.918705 
-0 -0.394943 -0.918705 -0 -0.394943 -0.918705 -0 -0.394943 -0.918705 
-0 -0.394943 -0.918705 -0 -0.394943 -0.918705 -0 -0.394943 -0.918705 
-0 -0.394943 -0.918705 -0 -0.394943 -0.918705 -0 -0.394943 -0.918705 
-0 -0.394943 -0.918705 -0 -0.394943 -0.918705 -0 -0.394943 -0.918705 
-0 -0.394943 -0.918705 -0 -0.394943 -0.918705 -0 -0.394943 -0.918705 
-0 -0.394943 -0.918705 -0 -0.394943 -0.918705 -0 -0.394943 -0.918705 
-0 -0.394943 -0.918705 -0 -0.394943 -0.918705 -0 -0.394943 -0.918705 
-0 -0.394943 -0.918705 -0 -0.394943 -0.918705 -0 -0.394943 -0.918705 
-0 -0.394943 -0.918705 -0 -0.394943 -0.918705 -0 -0.394943 -0.918705 
-0 -0.394943 -0.918705 -0 -0.394943 -0.918705 -0 -0.394943 -0.918705 
-0 -0.394943 -0.918705 -0 -0.394943 -0.918705 -0 -0.394943 -0.918705 
-0 -0.394943 -0.918705 -0 -0.394943 -0.918705 -0 -0.394943 -0.918705 
-0 -0.394943 -0.918705 -0 -0.394943 -0.918705 -0 -0.394943 -0.918705 
-0 -0.394943 -0.918705 -0 -0.394943 -0.918705 -0 -0.394943 -0.918705 
-0 -0.394943 -0.918705 -0 -0.394943 -0.918705 -0 -0.394943 -0.918705 
-0 -0.394943 -0.918705 -0 -0.394943 -0.918705 -0 -0.394943 -0.918705 
-0 -0.307072 -0.951686 -0 -0.307072 -0.951686 -0 -0.307072 -0.951686 
-0 -0.307072 -0.951686 -0 -0.307072 -0.951686 -0 -0.307072 -0.951686 
-0 -0.307072 -0.951686 -0 -0.307072 -0.951686 -0 -0.307072 -0.951686 
-0 -0.307072 -0.951686 -0 -0.307072 -0.951686 -0 -0.307072 -0.951686 
-0 -0.307072 -0.951686 -0 -0.307072 -0.951686 -0 -0.307072 -0.951686 
-0 -0.307072 -0.951686 -0 -0.307072 -0.951686 -0 -0.307072 -0.951686 
-0 -0.307072 -0.951686 -0 -0.307072 -0.951686 -0 -0.307072 -0.951686 
-0 -0.307072 -0.951686 -0 -0.307072 -0.951686 -0 -0.307072 -0.951686 
-0 -0.307072 -0.951686 -0 -0.307072 -0.951686 -0 -0.307072 -0.951686 
-0 -0.307072 -0.951686 -0 -0.307072 -0.951686 -0 -0.307072 -0.951686 
-0 -0.307072 -0.951686 -0 -0.307072 -0.951686 -0 -0.307072 -0.951686 
-0 -0.307072 -0.951686 -0 -0.307072 -0.951686 -0 -0.307072 -0.951686 
-0 -0.307072 -0.951686 -0 -0.307072 -0.951686 -0 -0.307072 -0.951686 
-0 -0.307072 -0.951686 -0 -0.307072 -0.951686 -0 -0.307072 -0.951686 
-0 -0.307072 -0.951686 -0 -0.307072 -0.951686 -0 -0.307072 -0.951686 
-0 -0.307072 -0.951686 -0 -0.307072 -0.951686 -0 -0.307072 -0.951686 
-0 -0.307072 -0.951686 -0 -0.307072 -0.951686 -0 -0.307072 -0.951686 
-0 -0.307072 -0.951686 -0 -0.307072 -0.951686 -0 -0.307072 -0.951686 
-0 -0.307072 -0.951686 -0 -0.307072 -0.951686 -0 -0.307072 -0.951686 
-0 -0.307072 -0.951686 -0 -0.307072 -0.951686 -0 -0.307072 -0.951686 
-0 -0.236474 -0.971638 -0 -0.236474 -0.971638 -0 -0.236474 -0.971638 
-0 -0.236474 -0.971638 -0 -0.236474 -0.971638 -0 -0.236474 -0.971638 
-0 -0.236474 -0.971638 -0 -0.236474 -0.971638 -0 -0.236474 -0.971638 
-0 -0.236474 -0.971638 -0 -0.236474 -0.971638 -0 -0.236474 -0.971638 
-0 -0.236474 -0.971638 -0 -0.236474 -0.971638 -0 -0.236474 -0.971638 
-0 -0.236474 -0.971638 -0 -0.236474 -0.971638 -0 -0.236474 -0.971638 
-0 -0.236474 -0.971638 -0 -0.236474 -0.971638 -0 -0.236474 -0.971638 
-0 -0.236474 -0.971638 -0 -0.236474 -0.971638 -0 -0.236474 -0.971638 
-0 -0.236474 -0.971638 -0 -0.236474 -0.971638 -0 -0.236474 -0.971638 
-0 -0.236474 -0.971638 -0 -0.236474 -0.971638 -0 -0.236474 -0.971638 
-0 -0.236474 -0.971638 -0 -0.236474 -0.971638 -0 -0.236474 -0.971638 
-0 -0.236474 -0.971638 -0 -0.236474 -0.971638 -0 -0.236474 -0.971638 
-0 -0.236474 -0.971638 -0 -0.236474 -0.971638 -0 -0.236474 -0.971638 
-0 -0.236474 -0.971638 -0 -0.236474 -0.971638 -0 -0.236474 -0.971638 
-0 -0.236474 -0.971638 -0 -0.236474 -0.971638 -0 -0.236474 -0.971638 
-0 -0.236474 -0.971638 -0 -0.236474 -0.971638 -0 -0.236474 -0.971638 
-0 -0.236474 -0.971638 -0 -0.236474 -0.971638 -0 -0.236474 -0.971638 
-0 -0.236474 -0.971638 -0 -0.236474 -0.971638 -0 -0.236474 -0.971638 
-0 -0.236474 -0.971638 -0 -0.236474 -0.971638 -0 -0.236474 -0.971638 
-0 -0.236474 -0.971638 -0 -0.236474 -0.971638 -0 -0.236474 -0.971638 
-0 -0.167183 -0.985926 -0 -0.167183 -0.985926 -0 -0.167183 -0.985926 
-0 -0.167183 -0.985926 -0 -0.167183 -0.985926 -0 -0.167183 -0.985926 
-0 -0.167183 -0.985926 -0 -0.167183 -0.985926 -0 -0.167183 -0.985926 
-0 -0.167183 -0.985926 -0 -0.167183 -0.985926 -0 -0.167183 -0.985926 
-0 -0.167183 -0.985926 -0 -0.167183 -0.985926 -0 -0.167183 -0.985926 
-0 -0.167183 -0.985926 -0 -0.167183 -0.985926 -0 -0.167183 -0.985926 
-0 -0.167183 -0.985926 -0 -0.167183 -0.985926 -0 -0.167183 -0.985926 
-0 -0.167183 -0.985926 -0 -0.167183 -0.985926 -0 -0.167183 -0.985926 
-0 -0.167183 -0.985926 -0 -0.167183 -0.985926 -0 -0.167183 -0.985926 
-0 -0.167183 -0.985926 -0 -0.167183 -0.985926 -0 -0.167183 -0.985926 
-0 -0.167183 -0.985926 -0 -0.167183 -0.985926 -0 -0.167183 -0.985926 
-0 -0.167183 -0.985926 -0 -0.167183 -0.985926 -0 -0.167183 -0.985926 
-0 -0.167183 -0.985926 -0 -0.167183 -0.985926 -0 -0.167183 -0.985926 
-0 -0.167183 -0.985926 -0 -0.167183 -0.985926 -0 -0.167183 -0.985926 
-0 -0.167183 -0.985926 -0 -0.167183 -0.985926 -0 -0.167183 -0.985926 
-0 -0.167183 -0.985926 -0 -0.167183 -0.985926 -0 -0.167183 -0.985926 
-0 -0.167183 -0.985926 -0 -0.167183 -0.985926 -0 -0.167183 -0.985926 
-0 -0.167183 -0.985926 -0 -0.167183 -0.985926 -0 -0.167183 -0.985926 
-0 -0.167183 -0.985926 -0 -0.167183 -0.985926 -0 -0.167183 -0.985926 
-0 -0.167183 -0.985926 -0 -0.167183 -0.985926 -0 -0.167183 -0.985926 
-0 -0 -1 -0 -0 -1 -0 -0 -1 
-0 -0 -1 -0 -0 -1 -0 -0 -1 
-0 -0 -1 -0 -0 -1 -0 -0 -1 
-0 -0 -1 -0 -0 -1 -0 -0 -1 
-0 -0 -1 -0 -0 -1 -0 -0 -1 
-0 -0 -1 -0 -0 -1 -0 -0 -1 
-0 -0 -1 -0 -0 -1 -0 -0 -1 
-0 -0 -1 -0 -0 -1 -0 -0 -1 
-0 -0 -1 -0 -0 -1 -0 -0 -1 
-0 -0 -1 -0 -0 -1 -0 -0 -1 
-0 -0 -1 -0 -0 -1 -0 -0 -1 
-0 -0 -1 -0 -0 -1 -0 -0 -1 
-0 -0 -1 -0 -0 -1 -0 -0 -1 
-0 -0 -1 -0 -0 -1 -0 -0 -1 
-0 -0 -1 -0 -0 -1 -0 -0 -1 
-0 -0 -1 -0 -0 -1 -0 -0 -1 
-0 -0 -1 -0 -0 -1 -0 -0 -1 
-0 -0 -1 -0 -0 -1 -0 -0 -1 
-0 -0 -1 -0 -0 -1 -0 -0 -1 
-0 -0 -1 -0 -0 -1 -0 -0 -1 
-0 -0.0875439 -0.996161 -0 -0.0875439 -0.996161 -0 -0.0875439 -0.996161 
-0 -0.0875439 -0.996161 -0 -0.0875439 -0.996161 -0 -0.0875439 -0.996161 
-0 -0.0875439 -0.996161 -0 -0.0875439 -0.996161 -0 -0.0875439 -0.996161 
-0 -0.0875439 -0.996161 -0 -0.0875439 -0.996161 -0 -0.0875439 -0.996161 
-0 -0.0875439 -0.996161 -0 -0.0875439 -0.996161 -0 -0.0875439 -0.996161 
-0 -0.0875439 -0.996161 -0 -0.0875439 -0.996161 -0 -0.0875439 -0.996161 
-0 -0.0875439 -0.996161 -0 -0.0875439 -0.996161 -0 -0.0875439 -0.996161 
-0 -0.0875439 -0.996161 -0 -0.0875439 -0.996161 -0 -0.0875439 -0.996161 
-0 -0.0875439 -0.996161 -0 -0.0875439 -0.996161 -0 -0.0875439 -0.996161 
-0 -0.0875439 -0.996161 -0 -0.0875439 -0.996161 -0 -0.0875439 -0.996161 
-0 -0.0875439 -0.996161 -0 -0.0875439 -0.996161 -0 -0.0875439 -0.996161 
-0 -0.0875439 -0.996161 -0 -0.0875439 -0.996161 -0 -0.0875439 -0.996161 
-0 -0.0875439 -0.996161 -0 -0.0875439 -0.996161 -0 -0.0875439 -0.996161 
-0 -0.0875439 -0.996161 -0 -0.0875439 -0.996161 -0 -0.0875439 -0.996161 
-0 -0.0875439 -0.996161 -0 -0.0875439 -0.996161 -0 -0.0875439 -0.996161 
-0 -0.0875439 -0.996161 -0 -0.0875439 -0.996161 -0 -0.0875439 -0.996161 
-0 -0.0875439 -0.996161 -0 -0.0875439 -0.996161 -0 -0.0875439 -0.996161 
-0 -0.0875439 -0.996161 -0 -0.0875439 -0.996161 -0 -0.0875439 -0.996161 
-0 -0.0875439 -0.996161 -0 -0.0875439 -0.996161 -0 -0.0875439 -0.996161 
-0 -0.0875439 -0.996161 -0 -0.0875439 -0.996161 -0 -0.0875439 -0.996161 
-0 -0 -1 -0 -0 -1 -0 -0 -1 
-0 -0 -1 -0 -0 -1 -0 -0 -1 
-0 -0 -1 -0 -0 -1 -0 -0 -1 
-0 -0 -1 -0 -0 -1 -0 -0 -1 
-0 -0 -1 -0 -0 -1 -0 -0 -1 
-0 -0 -1 -0 -0 -1 -0 -0 -1 
-0 -0 -1 -0 -0 -1 -0 -0 -1 
-0 -0 -1 -0 -0 -1 -0 -0 -1 
-0 -0 -1 -0 -0 -1 -0 -0 -1 
-0 -0 -1 -0 -0 -1 -0 -0 -1 
-0 -0 -1 -0 -0 -1 -0 -0 -1 
-0 -0 -1 -0 -0 -1 -0 -0 -1 
-0 -0 -1 -0 -0 -1 -0 -0 -1 
-0 -0 -1 -0 -0 -1 -0 -0 -1 
-0 -0 -1 -0 -0 -1 -0 -0 -1 
-0 -0 -1 -0 -0 -1 -0 -0 -1 
-0 -0 -1 -0 -0 -1 -0 -0 -1 
-0 -0 -1 -0 -0 -1 -0 -0 -1 
-0 -0 -1 -0 -0 -1 -0 -0 -1 
-0 -0 -1 -0 -0 -1 -0 -0 -1 
-0 0.0875439 -0.996161 -0 0.0875439 -0.996161 -0 0.0875439 -0.996161 
-0 0.0875439 -0.996161 -0 0.0875439 -0.996161 -0 0.0875439 -0.996161 
-0 0.0875439 -0.996161 -0 0.0875439 -0.996161 -0 0.0875439 -0.996161 
-0 0.0875439 -0.996161 -0 0.0875439 -0.996161 -0 0.0875439 -0.996161 
-0 0.0875439 -0.996161 -0 0.0875439 -0.996161 -0 0.0875439 -0.996161 
-0 0.0875439 -0.996161 -0 0.0875439 -0.996161 -0 0.0875439 -0.996161 
-0 0.0875439 -0.996161 -0 0.0875439 -0.996161 -0 0.0875439 -0.996161 
-0 0.0875439 -0.996161 -0 0.0875439 -0.996161 -0 0.0875439 -0.996161 
-0 0.0875439 -0.996161 -0 0.0875439 -0.996161 -0 0.0875439 -0.996161 
-0 0.0875439 -0.996161 -0 0.0875439 -0.996161 -0 0.0875439 -0.996161 
-0 0.0875439 -0.996161 -0 0.0875439 -0.996161 -0 0.0875439 -0.996161 
-0 0.0875439 -0.996161 -0 0.0875439 -0.996161 -0 0.0875439 -0.996161 
-0 0.0875439 -0.996161 -0 0.0875439 -0.996161 -0 0.0875439 -0.996161 
-0 0.0875439 -0.996161 -0 0.0875439 -0.996161 -0 0.0875439 -0.996161 
-0 0.0875439 -0.996161 -0 0.0875439 -0.996161 -0 0.0875439 -0.996161 
-0 0.0875439 -0.996161 -0 0.0875439 -0.996161 -0 0.0875439 -0.996161 
-0 0.0875439 -0.996161 -0 0.0875439 -0.996161 -0 0.0875439 -0.996161 
-0 0.0875439 -0.996161 -0 0.0875439 -0.996161 -0 0.0875439 -0.996161 
-0 0.0875439 -0.996161 -0 0.0875439 -0.996161 -0 0.0875439 -0.996161 
-0 0.0875439 -0.996161 -0 0.0875439 -0.996161 -0 0.0875439 -0.996161 
-0 0.167183 -0.985926 -0 0.167183 -0.985926 -0 0.167183 -0.985926 
-0 0.167183 -0.985926 -0 0.167183 -0.985926 -0 0.167183 -0.985926 
-0 0.167183 -0.985926 -0 0.167183 -0.985926 -0 0.167183 -0.985926 
-0 0.167183 -0.985926 -0 0.167183 -0.985926 -0 0.167183 -0.985926 
-0 0.167183 -0.985926 -0 0.167183 -0.985926 -0 0.167183 -0.985926 
-0 0.167183 -0.985926 -0 0.167183 -0.985926 -0 0.167183 -0.985926 
-0 0.167183 -0.985926 -0 0.167183 -0.985926 -0 0.167183 -0.985926 
-0 0.167183 -0.985926 -0 0.167183 -0.985926 -0 0.167183 -0.985926 
-0 0.167183 -0.985926 -0 0.167183 -0.985926 -0 0.167183 -0.985926 
-0 0.167183 -0.985926 -0 0.167183 -0.985926 -0 0.167183 -0.985926 
-0 0.167183 -0.985926 -0 0.167183 -0.985926 -0 0.167183 -0.985926 
-0 0.167183 -0.985926 -0 0.167183 -0.985926 -0 0.167183 -0.985926 
-0 0.167183 -0.985926 -0 0.167183 -0.985926 -0 0.167183 -0.985926 
-0 0.167183 -0.985926 -0 0.167183 -0.985926 -0 0.167183 -0.985926 
-0 0.167183 -0.985926 -0 0.167183 -0.985926 -0 0.167183 -0.985926 
-0 0.167183 -0.985926 -0 0.167183 -0.985926 -0 0.167183 -0.985926 
-0 0.167183 -0.985926 -0 0.167183 -0.985926 -0 0.167183 -0.985926 
-0 0.167183 -0.985926 -0 0.167183 -0.985926 -0 0.167183 -0.985926 
-0 0.167183 -0.985926 -0 0.167183 -0.985926 -0 0.167183 -0.985926 
-0 0.167183 -0.985926 -0 0.167183 -0.985926 -0 0.167183 -0.985926 
-0 0.236474 -0.971638 -0 0.236474 -0.971638 -0 0.236474 -0.971638 
-0 0.236474 -0.971638 -0 0.236474 -0.971638 -0 0.236474 -0.971638 
-0 0.236474 -0.971638 -0 0.236474 -0.971638 -0 0.236474 -0.971638 
-0 0.236474 -0.971638 -0 0.236474 -0.971638 -0 0.236474 -0.971638 
-0 0.236474 -0.971638 -0 0.236474 -0.971638 -0 0.236474 -0.971638 
-0 0.236474 -0.971638 -0 0.236474 -0.971638 -0 0.236474 -0.971638 
-0 0.236474 -0.971638 -0 0.236474 -0.971638 -0 0.236474 -0.971638 
-0 0.236474 -0.971638 -0 0.236474 -0.971638 -0 0.236474 -0.971638 
-0 0.236474 -0.971638 -0 0.236474 -0.971638 -0 0.236474 -0.971638 
-0 0.236474 -0.971638 -0 0.236474 -0.971638 -0 0.236474 -0.971638 
-0 0.236474 -0.971638 -0 0.236474 -0.971638 -0 0.236474 -0.971638 
-0 0.236474 -0.971638 -0 0.236474 -0.971638 -0 0.236474 -0.971638 
-0 0.236474 -0.971638 -0 0.236474 -0.971638 -0 0.236474 -0.971638 
-0 0.236474 -0.971638 -0 0.236474 -0.971638 -0 0.236474 -0.971638 
-0 0.236474 -0.971638 -0 0.236474 -0.971638 -0 0.236474 -0.971638 
-0 0.236474 -0.971638 -0 0.236474 -0.971638 -0 0.236474 -0.971638 
-0 0.236474 -0.971638 -0 0.236474 -0.971638 -0 0.236474 -0.971638 
-0 0.236474 -0.971638 -0 0.236474 -0.971638 -0 0.236474 -0.971638 
-0 0.236474 -0.971638 -0 0.236474 -0.971638 -0 0.236474 -0.971638 
-0 0.236474 -0.971638 -0 0.236474 -0.971638 -0 0.236474 -0.971638 
-0 0.307072 -0.951686 -0 0.307072 -0.951686 -0 0.307072 -0.951686 
-0 0.307072 -0.951686 -0 0.307072 -0.951686 -0 0.307072 -0.951686 
-0 0.307072 -0.951686 -0 0.307072 -0.951686 -0 0.307072 -0.951686 
-0 0.307072 -0.951686 -0 0.307072 -0.951686 -0 0.307072 -0.951686 
-0 0.307072 -0.951686 -0 0.307072 -0.951686 -0 0.307072 -0.951686 
-0 0.307072 -0.951686 -0 0.307072 -0.951686 -0 0.307072 -0.951686 
-0 0.307072 -0.951686 -0 0.307072 -0.951686 -0 0.307072 -0.951686 
-0 0.307072 -0.951686 -0 0.307072 -0.951686 -0 0.307072 -0.951686 
-0 0.307072 -0.951686 -0 0.307072 -0.951686 -0 0.307072 -0.951686 
-0 0.307072 -0.951686 -0 0.307072 -0.951686 -0 0.307072 -0.951686 
-0 0.307072 -0.951686 -0 0.307072 -0.951686 -0 0.307072 -0.951686 
-0 0.307072 -0.951686 -0 0.307072 -0.951686 -0 0.307072 -0.951686 
-0 0.307072 -0.951686 -0 0.307072 -0.951686 -0 0.307072 -0.951686 
-0 0.307072 -0.951686 -0 0.307072 -0.951686 -0 0.307072 -0.951686 
-0 0.307072 -0.951686 -0 0.307072 -0.951686 -0 0.307072 -0.951686 
-0 0.307072 -0.951686 -0 0.307072 -0.951686 -0 0.307072 -0.951686 
-0 0.307072 -0.951686 -0 0.307072 -0.951686 -0 0.307072 -0.951686 
-0 0.307072 -0.951686 -0 0.307072 -0.951686 -0 0.307072 -0.951686 
-0 0.307072 -0.951686 -0 0.307072 -0.951686 -0 0.307072 -0.951686 
-0 0.307072 -0.951686 -0 0.307072 -0.951686 -0 0.307072 -0.951686 
-0 0.394943 -0.918705 -0 0.394943 -0.918705 -0 0.394943 -0.918705 
-0 0.394943 -0.918705 -0 0.394943 -0.918705 -0 0.394943 -0.918705 
-0 0.394943 -0.918705 -0 0.394943 -0.918705 -0 0.394943 -0.918705 
-0 0.394943 -0.918705 -0 0.394943 -0.918705 -0 0.394943 -0.918705 
-0 0.394943 -0.918705 -0 0.394943 -0.918705 -0 0.394943 -0.918705 
-0 0.394943 -0.918705 -0 0.394943 -0.918705 -0 0.394943 -0.918705 
-0 0.394943 -0.918705 -0 0.394943 -0.918705 -0 0.394943 -0.918705 
-0 0.394943 -0.918705 -0 0.394943 -0.918705 -0 0.394943 -0.918705 
-0 0.394943 -0.918705 -0 0.394943 -0.918705 -0 0.394943 -0.918705 
-0 0.394943 -0.918705 -0 0.394943 -0.918705 -0 0.394943 -0.918705 
-0 0.394943 -0.918705 -0 0.394943 -0.918705 -0 0.394943 -0.918705 
-0 0.394943 -0.918705 -0 0.394943 -0.918705 -0 0.394943 -0.918705 
-0 0.394943 -0.918705 -0 0.394943 -0.918705 -0 0.394943 -0.918705 
-0 0.394943 -0.918705 -0 0.394943 -0.918705 -0 0.394943 -0.918705 
-0 0.394943 -0.918705 -0 0.394943 -0.918705 -0 0.394943 -0.918705 
-0 0.394943 -0.918705 -0 0.394943 -0.918705 -0 0.394943 -0.918705 
-0 0.394943 -0.918705 -0 0.394943 -0.918705 -0 0.394943 -0.918705 
-0 0.394943 -0.918705 -0 0.394943 -0.918705 -0 0.394943 -0.918705 
-0 0.394943 -0.918705 -0 0.394943 -0.918705 -0 0.394943 -0.918705 
-0 0.394943 -0.918705 -0 0.394943 -0.918705 -0 0.394943 -0.918705 
-0 -0.513614 -0.858022 -0 -0.513614 -0.858022 -0 -0.513614 -0.858022 
-0 -0.513614 -0.858022 -0 -0.513614 -0.858022 -0 -0.513614 -0.858022 
-0 -0.513614 -0.858022 -0 -0.513614 -0.858022 -0 -0.513614 -0.858022 
-0 -0.513614 -0.858022 -0 -0.513614 -0.858022 -0 -0.513614 -0.858022 
-0 -0.513614 -0.858022 -0 -0.513614 -0.858022 -0 -0.513614 -0.858022 
-0 -0.513614 -0.858022 -0 -0.513614 -0.858022 -0 -0.513614 -0.858022 
-0 -0.513614 -0.858022 -0 -0.513614 -0.858022 -0 -0.513614 -0.858022 
-0 -0.513614 -0.858022 -0 -0.513614 -0.858022 -0 -0.513614 -0.858022 
-0 -0.513614 -0.858022 -0 -0.513614 -0.858022 -0 -0.513614 -0.858022 
-0 -0.513614 -0.858022 -0 -0.513614 -0.858022 -0 -0.513614 -0.858022 
-0 -0.513614 -0.858022 -0 -0.513614 -0.858022 -0 -0.513614 -0.858022 
-0 -0.513614 -0.858022 -0 -0.513614 -0.858022 -0 -0.513614 -0.858022 
-0 -0.513614 -0.858022 -0 -0.513614 -0.858022 -0 -0.513614 -0.858022 
-0 -0.513614 -0.858022 -0 -0.513614 -0.858022 -0 -0.513614 -0.858022 
-0 -0.513614 -0.858022 -0 -0.513614 -0.858022 -0 -0.513614 -0.858022 
-0 -0.513614 -0.858022 -0 -0.513614 -0.858022 -0 -0.513614 -0.858022 
-0 -0.513614 -0.858022 -0 -0.513614 -0.858022 -0 -0.513614 -0.858022 
-0 -0.513614 -0.858022 -0 -0.513614 -0.858022 -0 -0.513614 -0.858022 
-0 -0.513614 -0.858022 -0 -0.513614 -0.858022 -0 -0.513614 -0.858022 
-0 -0.513614 -0.858022 -0 -0.513614 -0.858022 -0 -0.513614 -0.858022 
-0 -0.424328 -0.905508 -0 -0.424328 -0.905508 -0 -0.424328 -0.905508 
-0 -0.424328 -0.905508 -0 -0.424328 -0.905508 -0 -0.424328 -0.905508 
-0 -0.424328 -0.905508 -0 -0.424328 -0.905508 -0 -0.424328 -0.905508 
-0 -0.424328 -0.905508 -0 -0.424328 -0.905508 -0 -0.424328 -0.905508 
-0 -0.424328 -0.905508 -0 -0.424328 -0.905508 -0 -0.424328 -0.905508 
-0 -0.424328 -0.905508 -0 -0.424328 -0.905508 -0 -0.424328 -0.905508 
-0 -0.424328 -0.905508 -0 -0.424328 -0.905508 -0 -0.424328 -0.905508 
-0 -0.424328 -0.905508 -0 -0.424328 -0.905508 -0 -0.424328 -0.905508 
-0 -0.424328 -0.905508 -0 -0.424328 -0.905508 -0 -0.424328 -0.905508 
-0 -0.424328 -0.905508 -0 -0.424328 -0.905508 -0 -0.424328 -0.905508 
-0 -0.424328 -0.905508 -0 -0.424328 -0.905508 -0 -0.424328 -0.905508 
-0 -0.424328 -0.905508 -0 -0.424328 -0.905508 -0 -0.424328 -0.905508 
-0 -0.424328 -0.905508 -0 -0.424328 -0.905508 -0 -0.424328 -0.905508 
-0 -0.424328 -0.905508 -0 -0.424328 -0.905508 -0 -0.424328 -0.905508 
-0 -0.424328 -0.905508 -0 -0.424328 -0.905508 -0 -0.424328 -0.905508 
-0 -0.424328 -0.905508 -0 -0.424328 -0.905508 -0 -0.424328 -0.905508 
-0 -0.424328 -0.905508 -0 -0.424328 -0.905508 -0 -0.424328 -0.905508 
-0 -0.424328 -0.905508 -0 -0.424328 -0.905508 -0 -0.424328 -0.905508 
-0 -0.424328 -0.905508 -0 -0.424328 -0.905508 -0 -0.424328 -0.905508 
-0 -0.424328 -0.905508 -0 -0.424328 -0.905508 -0 -0.424328 -0.905508 
-0 -0.450794 -0.892628 -0 -0.450794 -0.892628 -0 -0.450794 -0.892628 
-0 -0.450794 -0.892628 -0 -0.450794 -0.892628 -0 -0.450794 -0.892628 
-0 -0.450794 -0.892628 -0 -0.450794 -0.892628 -0 -0.450794 -0.892628 
-0 -0.450794 -0.892628 -0 -0.450794 -0.892628 -0 -0.450794 -0.892628 
-0 -0.450794 -0.892628 -0 -0.450794 -0.892628 -0 -0.450794 -0.892628 
-0 -0.450794 -0.892628 -0 -0.450794 -0.892628 -0 -0.450794 -0.892628 
-0 -0.450794 -0.892628 -0 -0.450794 -0.892628 -0 -0.450794 -0.892628 
-0 -0.450794 -0.892628 -0 -0.450794 -0.892628 -0 -0.450794 -0.892628 
-0 -0.450794 -0.892628 -0 -0.450794 -0.892628 -0 -0.450794 -0.892628 
-0 -0.450794 -0.892628 -0 -0.450794 -0.892628 -0 -0.450794 -0.892628 
-0 -0.450794 -0.892628 -0 -0.450794 -0.892628 -0 -0.450794 -0.892628 
-0 -0.450794 -0.892628 -0 -0.450794 -0.892628 -0 -0.450794 -0.892628 
-0 -0.450794 -0.892628 -0 -0.450794 -0.892628 -0 -0.450794 -0.892628 
-0 -0.450794 -0.892628 -0 -0.450794 -0.892628 -0 -0.450794 -0.892628 
-0 -0.450794 -0.892628 -0 -0.450794 -0.892628 -0 -0.450794 -0.892628 
-0 -0.450794 -0.892628 -0 -0.450794 -0.892628 -0 -0.450794 -0.892628 
-0 -0.450794 -0.892628 -0 -0.450794 -0.892628 -0 -0.450794 -0.892628 
-0 -0.450794 -0.892628 -0 -0.450794 -0.892628 -0 -0.450794 -0.892628 
-0 -0.450794 -0.892628 -0 -0.450794 -0.892628 -0 -0.450794 -0.892628 
-0 -0.450794 -0.892628 -0 -0.450794 -0.892628 -0 -0.450794 -0.892628 
-0 0.424328 -0.905508 -0 0.424328 -0.905508 -0 0.424328 -0.905508 
-0 0.424328 -0.905508 -0 0.424328 -0.905508 -0 0.424328 -0.905508 
-0 0.424328 -0.905508 -0 0.424328 -0.905508 -0 0.424328 -0.905508 
-0 0.424328 -0.905508 -0 0.424328 -0.905508 -0 0.424328 -0.905508 
-0 0.424328 -0.905508 -0 0.424328 -0.905508 -0 0.424328 -0.905508 
-0 0.424328 -0.905508 -0 0.424328 -0.905508 -0 0.424328 -0.905508 
-0 0.424328 -0.905508 -0 0.424328 -0.905508 -0 0.424328 -0.905508 
-0 0.424328 -0.905508 -0 0.424328 -0.905508 -0 0.424328 -0.905508 
-0 0.424328 -0.905508 -0 0.424328 -0.905508 -0 0.424328 -0.905508 
-0 0.424328 -0.905508 -0 0.424328 -0.905508 -0 0.424328 -0.905508 
-0 0.424328 -0.905508 -0 0.424328 -0.905508 -0 0.424328 -0.905508 
-0 0.424328 -0.905508 -0 0.424328 -0.905508 -0 0.424328 -0.905508 
-0 0.424328 -0.905508 -0 0.424328 -0.905508 -0 0.424328 -0.905508 
-0 0.424328 -0.905508 -0 0.424328 -0.905508 -0 0.424328 -0.905508 
-0 0.424328 -0.905508 -0 0.424328 -0.905508 -0 0.424328 -0.905508 
-0 0.424328 -0.905508 -0 0.424328 -0.905508 -0 0.424328 -0.905508 
-0 0.424328 -0.905508 -0 0.424328 -0.905508 -0 0.424328 -0.905508 
-0 0.424328 -0.905508 -0 0.424328 -0.905508 -0 0.424328 -0.905508 
-0 0.424328 -0.905508 -0 0.424328 -0.905508 -0 0.424328 -0.905508 
-0 0.424328 -0.905508 -0 0.424328 -0.905508 -0 0.424328 -0.905508 
-0 0.450794 -0.892628 -0 0.450794 -0.892628 -0 0.450794 -0.892628 
-0 0.450794 -0.892628 -0 0.450794 -0.892628 -0 0.450794 -0.892628 
-0 0.450794 -0.892628 -0 0.450794 -0.892628 -0 0.450794 -0.892628 
-0 0.450794 -0.892628 -0 0.450794 -0.892628 -0 0.450794 -0.892628 
-0 0.450794 -0.892628 -0 0.450794 -0.892628 -0 0.450794 -0.892628 
-0 0.450794 -0.892628 -0 0.450794 -0.892628 -0 0.450794 -0.892628 
-0 0.450794 -0.892628 -0 0.450794 -0.892628 -0 0.450794 -0.892628 
-0 0.450794 -0.892628 -0 0.450794 -0.892628 -0 0.450794 -0.892628 
-0 0.450794 -0.892628 -0 0.450794 -0.892628 -0 0.450794 -0.892628 
-0 0.450794 -0.892628 -0 0.450794 -0.892628 -0 0.450794 -0.892628 
-0 0.450794 -0.892628 -0 0.450794 -0.892628 -0 0.450794 -0.892628 
-0 0.450794 -0.892628 -0 0.450794 -0.892628 -0 0.450794 -0.892628 
-0 0.450794 -0.892628 -0 0.450794 -0.892628 -0 0.450794 -0.892628 
-0 0.450794 -0.892628 -0 0.450794 -0.892628 -0 0.450794 -0.892628 
-0 0.450794 -0.892628 -0 0.450794 -0.892628 -0 0.450794 -0.892628 
-0 0.450794 -0.892628 -0 0.450794 -0.892628 -0 0.450794 -0.892628 
-0 0.450794 -0.892628 -0 0.450794 -0.892628 -0 0.450794 -0.892628 
-0 0.450794 -0.892628 -0 0.450794 -0.892628 -0 0.450794 -0.892628 
-0 0.450794 -0.892628 -0 0.450794 -0.892628 -0 0.450794 -0.892628 
-0 0.450794 -0.892628 -0 0.450794 -0.892628 -0 0.450794 -0.892628 
-0 0.513614 -0.858022 -0 0.513614 -0.858022 -0 0.513614 -0.858022 
-0 0.513614 -0.858022 -0 0.513614 -0.858022 -0 0.513614 -0.858022 
-0 0.513614 -0.858022 -0 0.513614 -0.858022 -0 0.513614 -0.858022 
-0 0.513614 -0.858022 -0 0.513614 -0.858022 -0 0.513614 -0.858022 
-0 0.513614 -0.858022 -0 0.513614 -0.858022 -0 0.513614 -0.858022 
-0 0.513614 -0.858022 -0 0.513614 -0.858022 -0 0.513614 -0.858022 
-0 0.513614 -0.858022 -0 0.513614 -0.858022 -0 0.513614 -0.858022 
-0 0.513614 -0.858022 -0 0.513614 -0.858022 -0 0.513614 -0.858022 
-0 0.513614 -0.858022 -0 0.513614 -0.858022 -0 0.513614 -0.858022 
-0 0.513614 -0.858022 -0 0.513614 -0.858022 -0 0.513614 -0.858022 
-0 0.513614 -0.858022 -0 0.513614 -0.858022 -0 0.513614 -0.858022 
-0 0.513614 -0.858022 -0 0.513614 -0.858022 -0 0.513614 -0.858022 
-0 0.513614 -0.858022 -0 0.513614 -0.858022 -0 0.513614 -0.858022 
-0 0.513614 -0.858022 -0 0.513614 -0.858022 -0 0.513614 -0.858022 
-0 0.513614 -0.858022 -0 0.513614 -0.858022 -0 0.513614 -0.858022 
-0 0.513614 -0.858022 -0 0.513614 -0.858022 -0 0.513614 -0.858022 
-0 0.513614 -0.858022 -0 0.513614 -0.858022 -0 0.513614 -0.858022 
-0 0.513614 -0.858022 -0 0.513614 -0.858022 -0 0.513614 -0.858022 
-0 0.513614 -0.858022 -0 0.513614 -0.858022 -0 0.513614 -0.858022 
-0 0.513614 -0.858022 -0 0.513614 -0.858022 -0 0.513614 -0.858022 
-0 -0.630831 -0.77592 -0 -0.630831 -0.77592 -0 -0.630831 -0.77592 
-0 -0.630831 -0.77592 -0 -0.630831 -0.77592 -0 -0.630831 -0.77592 
-0 -0.630831 -0.77592 -0 -0.630831 -0.77592 -0 -0.630831 -0.77592 
-0 -0.630831 -0.77592 -0 -0.630831 -0.77592 -0 -0.630831 -0.77592 
-0 -0.630831 -0.77592 -0 -0.630831 -0.77592 -0 -0.630831 -0.77592 
-0 -0.630831 -0.77592 -0 -0.630831 -0.77592 -0 -0.630831 -0.77592 
-0 -0.630831 -0.77592 -0 -0.630831 -0.77592 -0 -0.630831 -0.77592 
-0 -0.630831 -0.77592 -0 -0.630831 -0.77592 -0 -0.630831 -0.77592 
-0 -0.630831 -0.77592 -0 -0.630831 -0.77592 -0 -0.630831 -0.77592 
-0 -0.630831 -0.77592 -0 -0.630831 -0.77592 -0 -0.630831 -0.77592 
-0 -0.630831 -0.77592 -0 -0.630831 -0.77592 -0 -0.630831 -0.77592 
-0 -0.630831 -0.77592 -0 -0.630831 -0.77592 -0 -0.630831 -0.77592 
-0 -0.630831 -0.77592 -0 -0.630831 -0.77592 -0 -0.630831 -0.77592 
-0 -0.630831 -0.77592 -0 -0.630831 -0.77592 -0 -0.630831 -0.77592 
-0 -0.630831 -0.77592 -0 -0.630831 -0.77592 -0 -0.630831 -0.77592 
-0 -0.630831 -0.77592 -0 -0.630831 -0.77592 -0 -0.630831 -0.77592 
-0 -0.630831 -0.77592 -0 -0.630831 -0.77592 -0 -0.630831 -0.77592 
-0 -0.630831 -0.77592 -0 -0.630831 -0.77592 -0 -0.630831 -0.77592 
-0 -0.630831 -0.77592 -0 -0.630831 -0.77592 -0 -0.630831 -0.77592 
-0 -0.630831 -0.77592 -0 -0.630831 -0.77592 -0 -0.630831 -0.77592 
-0 -0.547083 -0.837079 -0 -0.547083 -0.837079 -0 -0.547083 -0.837079 
-0 -0.547083 -0.837079 -0 -0.547083 -0.837079 -0 -0.547083 -0.837079 
-0 -0.547083 -0.837079 -0 -0.547083 -0.837079 -0 -0.547083 -0.837079 
-0 -0.547083 -0.837079 -0 -0.547083 -0.837079 -0 -0.547083 -0.837079 
-0 -0.547083 -0.837079 -0 -0.547083 -0.837079 -0 -0.547083 -0.837079 
-0 -0.547083 -0.837079 -0 -0.547083 -0.837079 -0 -0.547083 -0.837079 
-0 -0.547083 -0.837079 -0 -0.547083 -0.837079 -0 -0.547083 -0.837079 
-0 -0.547083 -0.837079 -0 -0.547083 -0.837079 -0 -0.547083 -0.837079 
-0 -0.547083 -0.837079 -0 -0.547083 -0.837079 -0 -0.547083 -0.837079 
-0 -0.547083 -0.837079 -0 -0.547083 -0.837079 -0 -0.547083 -0.837079 
-0 -0.547083 -0.837079 -0 -0.547083 -0.837079 -0 -0.547083 -0.837079 
-0 -0.547083 -0.837079 -0 -0.547083 -0.837079 -0 -0.547083 -0.837079 
-0 -0.547083 -0.837079 -0 -0.547083 -0.837079 -0 -0.547083 -0.837079 
-0 -0.547083 -0.837079 -0 -0.547083 -0.837079 -0 -0.547083 -0.837079 
-0 -0.547083 -0.837079 -0 -0.547083 -0.837079 -0 -0.547083 -0.837079 
-0 -0.547083 -0.837079 -0 -0.547083 -0.837079 -0 -0.547083 -0.837079 
-0 -0.547083 -0.837079 -0 -0.547083 -0.837079 -0 -0.547083 -0.837079 
-0 -0.547083 -0.837079 -0 -0.547083 -0.837079 -0 -0.547083 -0.837079 
-0 -0.547083 -0.837079 -0 -0.547083 -0.837079 -0 -0.547083 -0.837079 
-0 -0.547083 -0.837079 -0 -0.547083 -0.837079 -0 -0.547083 -0.837079 
-0 -0.569078 -0.822283 -0 -0.569078 -0.822283 -0 -0.569078 -0.822283 
-0 -0.569078 -0.822283 -0 -0.569078 -0.822283 -0 -0.569078 -0.822283 
-0 -0.569078 -0.822283 -0 -0.569078 -0.822283 -0 -0.569078 -0.822283 
-0 -0.569078 -0.822283 -0 -0.569078 -0.822283 -0 -0.569078 -0.822283 
-0 -0.569078 -0.822283 -0 -0.569078 -0.822283 -0 -0.569078 -0.822283 
-0 -0.569078 -0.822283 -0 -0.569078 -0.822283 -0 -0.569078 -0.822283 
-0 -0.569078 -0.822283 -0 -0.569078 -0.822283 -0 -0.569078 -0.822283 
-0 -0.569078 -0.822283 -0 -0.569078 -0.822283 -0 -0.569078 -0.822283 
-0 -0.569078 -0.822283 -0 -0.569078 -0.822283 -0 -0.569078 -0.822283 
-0 -0.569078 -0.822283 -0 -0.569078 -0.822283 -0 -0.569078 -0.822283 
-0 -0.569078 -0.822283 -0 -0.569078 -0.822283 -0 -0.569078 -0.822283 
-0 -0.569078 -0.822283 -0 -0.569078 -0.822283 -0 -0.569078 -0.822283 
-0 -0.569078 -0.822283 -0 -0.569078 -0.822283 -0 -0.569078 -0.822283 
-0 -0.569078 -0.822283 -0 -0.569078 -0.822283 -0 -0.569078 -0.822283 
-0 -0.569078 -0.822283 -0 -0.569078 -0.822283 -0 -0.569078 -0.822283 
-0 -0.569078 -0.822283 -0 -0.569078 -0.822283 -0 -0.569078 -0.822283 
-0 -0.569078 -0.822283 -0 -0.569078 -0.822283 -0 -0.569078 -0.822283 
-0 -0.569078 -0.822283 -0 -0.569078 -0.822283 -0 -0.569078 -0.822283 
-0 -0.569078 -0.822283 -0 -0.569078 -0.822283 -0 -0.569078 -0.822283 
-0 -0.569078 -0.822283 -0 -0.569078 -0.822283 -0 -0.569078 -0.822283 
-0 0.547083 -0.837079 -0 0.547083 -0.837079 -0 0.547083 -0.837079 
-0 0.547083 -0.837079 -0 0.547083 -0.837079 -0 0.547083 -0.837079 
-0 0.547083 -0.837079 -0 0.547083 -0.837079 -0 0.547083 -0.837079 
-0 0.547083 -0.837079 -0 0.547083 -0.837079 -0 0.547083 -0.837079 
-0 0.547083 -0.837079 -0 0.547083 -0.837079 -0 0.547083 -0.837079 
-0 0.547083 -0.837079 -0 0.547083 -0.837079 -0 0.547083 -0.837079 
-0 0.547083 -0.837079 -0 0.547083 -0.837079 -0 0.547083 -0.837079 
-0 0.547083 -0.837079 -0 0.547083 -0.837079 -0 0.547083 -0.837079 
-0 0.547083 -0.837079 -0 0.547083 -0.837079 -0 0.547083 -0.837079 
-0 0.547083 -0.837079 -0 0.547083 -0.837079 -0 0.547083 -0.837079 
-0 0.547083 -0.837079 -0 0.547083 -0.837079 -0 0.547083 -0.837079 
-0 0.547083 -0.837079 -0 0.547083 -0.837079 -0 0.547083 -0.837079 
-0 0.547083 -0.837079 -0 0.547083 -0.837079 -0 0.547083 -0.837079 
-0 0.547083 -0.837079 -0 0.547083 -0.837079 -0 0.547083 -0.837079 
-0 0.547083 -0.837079 -0 0.547083 -0.837079 -0 0.547083 -0.837079 
-0 0.547083 -0.837079 -0 0.547083 -0.837079 -0 0.547083 -0.837079 
-0 0.547083 -0.837079 -0 0.547083 -0.837079 -0 0.547083 -0.837079 
-0 0.547083 -0.837079 -0 0.547083 -0.837079 -0 0.547083 -0.837079 
-0 0.547083 -0.837079 -0 0.547083 -0.837079 -0 0.547083 -0.837079 
-0 0.547083 -0.837079 -0 0.547083 -0.837079 -0 0.547083 -0.837079 
-0 0.569078 -0.822283 -0 0.569078 -0.822283 -0 0.569078 -0.822283 
-0 0.569078 -0.822283 -0 0.569078 -0.822283 -0 0.569078 -0.822283 
-0 0.569078 -0.822283 -0 0.569078 -0.822283 -0 0.569078 -0.822283 
-0 0.569078 -0.822283 -0 0.569078 -0.822283 -0 0.569078 -0.822283 
-0 0.569078 -0.822283 -0 0.569078 -0.822283 -0 0.569078 -0.822283 
-0 0.569078 -0.822283 -0 0.569078 -0.822283 -0 0.569078 -0.822283 
-0 0.569078 -0.822283 -0 0.569078 -0.822283 -0 0.569078 -0.822283 
-0 0.569078 -0.822283 -0 0.569078 -0.822283 -0 0.569078 -0.822283 
-0 0.569078 -0.822283 -0 0.569078 -0.822283 -0 0.569078 -0.822283 
-0 0.569078 -0.822283 -0 0.569078 -0.822283 -0 0.569078 -0.822283 
-0 0.569078 -0.822283 -0 0.569078 -0.822283 -0 0.569078 -0.822283 
-0 0.569078 -0.822283 -0 0.569078 -0.822283 -0 0.569078 -0.822283 
-0 0.569078 -0.822283 -0 0.569078 -0.822283 -0 0.569078 -0.822283 
-0 0.569078 -0.822283 -0 0.569078 -0.822283 -0 0.569078 -0.822283 
-0 0.569078 -0.822283 -0 0.569078 -0.822283 -0 0.569078 -0.822283 
-0 0.569078 -0.822283 -0 0.569078 -0.822283 -0 0.569078 -0.822283 
-0 0.569078 -0.822283 -0 0.569078 -0.822283 -0 0.569078 -0.822283 
-0 0.569078 -0.822283 -0 0.569078 -0.822283 -0 0.569078 -0.822283 
-0 0.569078 -0.822283 -0 0.569078 -0.822283 -0 0.569078 -0.822283 
-0 0.569078 -0.822283 -0 0.569078 -0.822283 -0 0.569078 -0.822283 
-0 0.630831 -0.77592 -0 0.630831 -0.77592 -0 0.630831 -0.77592 
-0 0.630831 -0.77592 -0 0.630831 -0.77592 -0 0.630831 -0.77592 
-0 0.630831 -0.77592 -0 0.630831 -0.77592 -0 0.630831 -0.77592 
-0 0.630831 -0.77592 -0 0.630831 -0.77592 -0 0.630831 -0.77592 
-0 0.630831 -0.77592 -0 0.630831 -0.77592 -0 0.630831 -0.77592 
-0 0.630831 -0.77592 -0 0.630831 -0.77592 -0 0.630831 -0.77592 
-0 0.630831 -0.77592 -0 0.630831 -0.77592 -0 0.630831 -0.77592 
-0 0.630831 -0.77592 -0 0.630831 -0.77592 -0 0.630831 -0.77592 
-0 0.630831 -0.77592 -0 0.630831 -0.77592 -0 0.630831 -0.77592 
-0 0.630831 -0.77592 -0 0.630831 -0.77592 -0 0.630831 -0.77592 
-0 0.630831 -0.77592 -0 0.630831 -0.77592 -0 0.630831 -0.77592 
-0 0.630831 -0.77592 -0 0.630831 -0.77592 -0 0.630831 -0.77592 
-0 0.630831 -0.77592 -0 0.630831 -0.77592 -0 0.630831 -0.77592 
-0 0.630831 -0.77592 -0 0.630831 -0.77592 -0 0.630831 -0.77592 
-0 0.630831 -0.77592 -0 0.630831 -0.77592 -0 0.630831 -0.77592 
-0 0.630831 -0.77592 -0 0.630831 -0.77592 -0 0.630831 -0.77592 
-0 0.630831 -0.77592 -0 0.630831 -0.77592 -0 0.630831 -0.77592 
-0 0.630831 -0.77592 -0 0.630831 -0.77592 -0 0.630831 -0.77592 
-0 0.630831 -0.77592 -0 0.630831 -0.77592 -0 0.630831 -0.77592 
-0 0.630831 -0.77592 -0 0.630831 -0.77592 -0 0.630831 -0.77592 
-0 -0.630831 -0.77592 -0 -0.630831 -0.77592 -0 -0.630831 -0.77592 
-0 -0.630831 -0.77592 -0 -0.630831 -0.77592 -0 -0.630831 -0.77592 
-0 -0.630831 -0.77592 -0 -0.630831 -0.77592 -0 -0.630831 -0.77592 
-0 -0.630831 -0.77592 -0 -0.630831 -0.77592 -0 -0.630831 -0.77592 
-0 -0.630831 -0.77592 -0 -0.630831 -0.77592 -0 -0.630831 -0.77592 
-0 -0.630831 -0.77592 -0 -0.630831 -0.77592 -0 -0.630831 -0.77592 
-0 -0.630831 -0.77592 -0 -0.630831 -0.77592 -0 -0.630831 -0.77592 
-0 -0.630831 -0.77592 -0 -0.630831 -0.77592 -0 -0.630831 -0.77592 
-0 -0.630831 -0.77592 -0 -0.630831 -0.77592 -0 -0.630831 -0.77592 
-0 -0.630831 -0.77592 -0 -0.630831 -0.77592 -0 -0.630831 -0.77592 
-0 -0.630831 -0.77592 -0 -0.630831 -0.77592 -0 -0.630831 -0.77592 
-0 -0.630831 -0.77592 -0 -0.630831 -0.77592 -0 -0.630831 -0.77592 
-0 -0.630831 -0.77592 -0 -0.630831 -0.77592 -0 -0.630831 -0.77592 
-0 -0.630831 -0.77592 -0 -0.630831 -0.77592 -0 -0.630831 -0.77592 
-0 -0.630831 -0.77592 -0 -0.630831 -0.77592 -0 -0.630831 -0.77592 
-0 -0.630831 -0.77592 -0 -0.630831 -0.77592 -0 -0.630831 -0.77592 
-0 -0.630831 -0.77592 -0 -0.630831 -0.77592 -0 -0.630831 -0.77592 
-0 -0.630831 -0.77592 -0 -0.630831 -0.77592 -0 -0.630831 -0.77592 
-0 -0.630831 -0.77592 -0 -0.630831 -0.77592 -0 -0.630831 -0.77592 
-0 -0.630831 -0.77592 -0 -0.630831 -0.77592 -0 -0.630831 -0.77592 
-0 -0.676892 -0.736082 -0 -0.676892 -0.736082 -0 -0.676892 -0.736082 
-0 -0.676892 -0.736082 -0 -0.676892 -0.736082 -0 -0.676892 -0.736082 
-0 -0.676892 -0.736082 -0 -0.676892 -0.736082 -0 -0.676892 -0.736082 
-0 -0.676892 -0.736082 -0 -0.676892 -0.736082 -0 -0.676892 -0.736082 
-0 -0.676892 -0.736082 -0 -0.676892 -0.736082 -0 -0.676892 -0.736082 
-0 -0.676892 -0.736082 -0 -0.676892 -0.736082 -0 -0.676892 -0.736082 
-0 -0.676892 -0.736082 -0 -0.676892 -0.736082 -0 -0.676892 -0.736082 
-0 -0.676892 -0.736082 -0 -0.676892 -0.736082 -0 -0.676892 -0.736082 
-0 -0.676892 -0.736082 -0 -0.676892 -0.736082 -0 -0.676892 -0.736082 
-0 -0.676892 -0.736082 -0 -0.676892 -0.736082 -0 -0.676892 -0.736082 
-0 -0.676892 -0.736082 -0 -0.676892 -0.736082 -0 -0.676892 -0.736082 
-0 -0.676892 -0.736082 -0 -0.676892 -0.736082 -0 -0.676892 -0.736082 
-0 -0.676892 -0.736082 -0 -0.676892 -0.736082 -0 -0.676892 -0.736082 
-0 -0.676892 -0.736082 -0 -0.676892 -0.736082 -0 -0.676892 -0.736082 
-0 -0.676892 -0.736082 -0 -0.676892 -0.736082 -0 -0.676892 -0.736082 
-0 -0.676892 -0.736082 -0 -0.676892 -0.736082 -0 -0.676892 -0.736082 
-0 -0.676892 -0.736082 -0 -0.676892 -0.736082 -0 -0.676892 -0.736082 
-0 -0.676892 -0.736082 -0 -0.676892 -0.736082 -0 -0.676892 -0.736082 
-0 -0.676892 -0.736082 -0 -0.676892 -0.736082 -0 -0.676892 -0.736082 
-0 -0.676892 -0.736082 -0 -0.676892 -0.736082 -0 -0.676892 -0.736082 
-0 0.630831 -0.77592 -0 0.630831 -0.77592 -0 0.630831 -0.77592 
-0 0.630831 -0.77592 -0 0.630831 -0.77592 -0 0.630831 -0.77592 
-0 0.630831 -0.77592 -0 0.630831 -0.77592 -0 0.630831 -0.77592 
-0 0.630831 -0.77592 -0 0.630831 -0.77592 -0 0.630831 -0.77592 
-0 0.630831 -0.77592 -0 0.630831 -0.77592 -0 0.630831 -0.77592 
-0 0.630831 -0.77592 -0 0.630831 -0.77592 -0 0.630831 -0.77592 
-0 0.630831 -0.77592 -0 0.630831 -0.77592 -0 0.630831 -0.77592 
-0 0.630831 -0.77592 -0 0.630831 -0.77592 -0 0.630831 -0.77592 
-0 0.630831 -0.77592 -0 0.630831 -0.77592 -0 0.630831 -0.77592 
-0 0.630831 -0.77592 -0 0.630831 -0.77592 -0 0.630831 -0.77592 
-0 0.630831 -0.77592 -0 0.630831 -0.77592 -0 0.630831 -0.77592 
-0 0.630831 -0.77592 -0 0.630831 -0.77592 -0 0.630831 -0.77592 
-0 0.630831 -0.77592 -0 0.630831 -0.77592 -0 0.630831 -0.77592 
-0 0.630831 -0.77592 -0 0.630831 -0.77592 -0 0.630831 -0.77592 
-0 0.630831 -0.77592 -0 0.630831 -0.77592 -0 0.630831 -0.77592 
-0 0.630831 -0.77592 -0 0.630831 -0.77592 -0 0.630831 -0.77592 
-0 0.630831 -0.77592 -0 0.630831 -0.77592 -0 0.630831 -0.77592 
-0 0.630831 -0.77592 -0 0.630831 -0.77592 -0 0.630831 -0.77592 
-0 0.630831 -0.77592 -0 0.630831 -0.77592 -0 0.630831 -0.77592 
-0 0.630831 -0.77592 -0 0.630831 -0.77592 -0 0.630831 -0.77592 
-0 0.676892 -0.736082 -0 0.676892 -0.736082 -0 0.676892 -0.736082 
-0 0.676892 -0.736082 -0 0.676892 -0.736082 -0 0.676892 -0.736082 
-0 0.676892 -0.736082 -0 0.676892 -0.736082 -0 0.676892 -0.736082 
-0 0.676892 -0.736082 -0 0.676892 -0.736082 -0 0.676892 -0.736082 
-0 0.676892 -0.736082 -0 0.676892 -0.736082 -0 0.676892 -0.736082 
-0 0.676892 -0.736082 -0 0.676892 -0.736082 -0 0.676892 -0.736082 
-0 0.676892 -0.736082 -0 0.676892 -0.736082 -0 0.676892 -0.736082 
-0 0.676892 -0.736082 -0 0.676892 -0.736082 -0 0.676892 -0.736082 
-0 0.676892 -0.736082 -0 0.676892 -0.736082 -0 0.676892 -0.736082 
-0 0.676892 -0.736082 -0 0.676892 -0.736082 -0 0.676892 -0.736082 
-0 0.676892 -0.736082 -0 0.676892 -0.736082 -0 0.676892 -0.736082 
-0 0.676892 -0.736082 -0 0.676892 -0.736082 -0 0.676892 -0.736082 
-0 0.676892 -0.736082 -0 0.676892 -0.736082 -0 0.676892 -0.736082 
-0 0.676892 -0.736082 -0 0.676892 -0.736082 -0 0.676892 -0.736082 
-0 0.676892 -0.736082 -0 0.676892 -0.736082 -0 0.676892 -0.736082 
-0 0.676892 -0.736082 -0 0.676892 -0.736082 -0 0.676892 -0.736082 
-0 0.676892 -0.736082 -0 0.676892 -0.736082 -0 0.676892 -0.736082 
-0 0.676892 -0.736082 -0 0.676892 -0.736082 -0 0.676892 -0.736082 
-0 0.676892 -0.736082 -0 0.676892 -0.736082 -0 0.676892 -0.736082 
-0 0.676892 -0.736082 -0 0.676892 -0.736082 -0 0.676892 -0.736082 
-0 -0.687006 -0.726651 -0 -0.687006 -0.726651 -0 -0.687006 -0.726651 
-0 -0.687006 -0.726651 -0 -0.687006 -0.726651 -0 -0.687006 -0.726651 
-0 -0.687006 -0.726651 -0 -0.687006 -0.726651 -0 -0.687006 -0.726651 
-0 -0.687006 -0.726651 -0 -0.687006 -0.726651 -0 -0.687006 -0.726651 
-0 -0.687006 -0.726651 -0 -0.687006 -0.726651 -0 -0.687006 -0.726651 
-0 -0.687006 -0.726651 -0 -0.687006 -0.726651 -0 -0.687006 -0.726651 
-0 -0.687006 -0.726651 -0 -0.687006 -0.726651 -0 -0.687006 -0.726651 
-0 -0.687006 -0.726651 -0 -0.687006 -0.726651 -0 -0.687006 -0.726651 
-0 -0.687006 -0.726651 -0 -0.687006 -0.726651 -0 -0.687006 -0.726651 
-0 -0.687006 -0.726651 -0 -0.687006 -0.726651 -0 -0.687006 -0.726651 
-0 -0.687006 -0.726651 -0 -0.687006 -0.726651 -0 -0.687006 -0.726651 
-0 -0.687006 -0.726651 -0 -0.687006 -0.726651 -0 -0.687006 -0.726651 
-0 -0.687006 -0.726651 -0 -0.687006 -0.726651 -0 -0.687006 -0.726651 
-0 -0.687006 -0.726651 -0 -0.687006 -0.726651 -0 -0.687006 -0.726651 
-0 -0.687006 -0.726651 -0 -0.687006 -0.726651 -0 -0.687006 -0.726651 
-0 -0.687006 -0.726651 -0 -0.687006 -0.726651 -0 -0.687006 -0.726651 
-0 -0.687006 -0.726651 -0 -0.687006 -0.726651 -0 -0.687006 -0.726651 
-0 -0.687006 -0.726651 -0 -0.687006 -0.726651 -0 -0.687006 -0.726651 
-0 -0.687006 -0.726651 -0 -0.687006 -0.726651 -0 -0.687006 -0.726651 
-0 -0.687006 -0.726651 -0 -0.687006 -0.726651 -0 -0.687006 -0.726651 
-0 -0.726651 -0.687006 -0 -0.726651 -0.687006 -0 -0.726651 -0.687006 
-0 -0.726651 -0.687006 -0 -0.726651 -0.687006 -0 -0.726651 -0.687006 
-0 -0.726651 -0.687006 -0 -0.726651 -0.687006 -0 -0.726651 -0.687006 
-0 -0.726651 -0.687006 -0 -0.726651 -0.687006 -0 -0.726651 -0.687006 
-0 -0.726651 -0.687006 -0 -0.726651 -0.687006 -0 -0.726651 -0.687006 
-0 -0.726651 -0.687006 -0 -0.726651 -0.687006 -0 -0.726651 -0.687006 
-0 -0.726651 -0.687006 -0 -0.726651 -0.687006 -0 -0.726651 -0.687006 
-0 -0.726651 -0.687006 -0 -0.726651 -0.687006 -0 -0.726651 -0.687006 
-0 -0.726651 -0.687006 -0 -0.726651 -0.687006 -0 -0.726651 -0.687006 
-0 -0.726651 -0.687006 -0 -0.726651 -0.687006 -0 -0.726651 -0.687006 
-0 -0.726651 -0.687006 -0 -0.726651 -0.687006 -0 -0.726651 -0.687006 
-0 -0.726651 -0.687006 -0 -0.726651 -0.687006 -0 -0.726651 -0.687006 
-0 -0.726651 -0.687006 -0 -0.726651 -0.687006 -0 -0.726651 -0.687006 
-0 -0.726651 -0.687006 -0 -0.726651 -0.687006 -0 -0.726651 -0.687006 
-0 -0.726651 -0.687006 -0 -0.726651 -0.687006 -0 -0.726651 -0.687006 
-0 -0.726651 -0.687006 -0 -0.726651 -0.687006 -0 -0.726651 -0.687006 
-0 -0.726651 -0.687006 -0 -0.726651 -0.687006 -0 -0.726651 -0.687006 
-0 -0.726651 -0.687006 -0 -0.726651 -0.687006 -0 -0.726651 -0.687006 
-0 -0.726651 -0.687006 -0 -0.726651 -0.687006 -0 -0.726651 -0.687006 
-0 -0.726651 -0.687006 -0 -0.726651 -0.687006 -0 -0.726651 -0.687006 
-0 0.687006 -0.726651 -0 0.687006 -0.726651 -0 0.687006 -0.726651 
-0 0.687006 -0.726651 -0 0.687006 -0.726651 -0 0.687006 -0.726651 
-0 0.687006 -0.726651 -0 0.687006 -0.726651 -0 0.687006 -0.726651 
-0 0.687006 -0.726651 -0 0.687006 -0.726651 -0 0.687006 -0.726651 
-0 0.687006 -0.726651 -0 0.687006 -0.726651 -0 0.687006 -0.726651 
-0 0.687006 -0.726651 -0 0.687006 -0.726651 -0 0.687006 -0.726651 
-0 0.687006 -0.726651 -0 0.687006 -0.726651 -0 0.687006 -0.726651 
-0 0.687006 -0.726651 -0 0.687006 -0.726651 -0 0.687006 -0.726651 
-0 0.687006 -0.726651 -0 0.687006 -0.726651 -0 0.687006 -0.726651 
-0 0.687006 -0.726651 -0 0.687006 -0.726651 -0 0.687006 -0.726651 
-0 0.687006 -0.726651 -0 0.687006 -0.726651 -0 0.687006 -0.726651 
-0 0.687006 -0.726651 -0 0.687006 -0.726651 -0 0.687006 -0.726651 
-0 0.687006 -0.726651 -0 0.687006 -0.726651 -0 0.687006 -0.726651 
-0 0.687006 -0.726651 -0 0.687006 -0.726651 -0 0.687006 -0.726651 
-0 0.687006 -0.726651 -0 0.687006 -0.726651 -0 0.687006 -0.726651 
-0 0.687006 -0.726651 -0 0.687006 -0.726651 -0 0.687006 -0.726651 
-0 0.687006 -0.726651 -0 0.687006 -0.726651 -0 0.687006 -0.726651 
-0 0.687006 -0.726651 -0 0.687006 -0.726651 -0 0.687006 -0.726651 
-0 0.687006 -0.726651 -0 0.687006 -0.726651 -0 0.687006 -0.726651 
-0 0.687006 -0.726651 -0 0.687006 -0.726651 -0 0.687006 -0.726651 
-0 0.726651 -0.687006 -0 0.726651 -0.687006 -0 0.726651 -0.687006 
-0 0.726651 -0.687006 -0 0.726651 -0.687006 -0 0.726651 -0.687006 
-0 0.726651 -0.687006 -0 0.726651 -0.687006 -0 0.726651 -0.687006 
-0 0.726651 -0.687006 -0 0.726651 -0.687006 -0 0.726651 -0.687006 
-0 0.726651 -0.687006 -0 0.726651 -0.687006 -0 0.726651 -0.687006 
-0 0.726651 -0.687006 -0 0.726651 -0.687006 -0 0.726651 -0.687006 
-0 0.726651 -0.687006 -0 0.726651 -0.687006 -0 0.726651 -0.687006 
-0 0.726651 -0.687006 -0 0.726651 -0.687006 -0 0.726651 -0.687006 
-0 0.726651 -0.687006 -0 0.726651 -0.687006 -0 0.726651 -0.687006 
-0 0.726651 -0.687006 -0 0.726651 -0.687006 -0 0.726651 -0.687006 
-0 0.726651 -0.687006 -0 0.726651 -0.687006 -0 0.726651 -0.687006 
-0 0.726651 -0.687006 -0 0.726651 -0.687006 -0 0.726651 -0.687006 
-0 0.726651 -0.687006 -0 0.726651 -0.687006 -0 0.726651 -0.687006 
-0 0.726651 -0.687006 -0 0.726651 -0.687006 -0 0.726651 -0.687006 
-0 0.726651 -0.687006 -0 0.726651 -0.687006 -0 0.726651 -0.687006 
-0 0.726651 -0.687006 -0 0.726651 -0.687006 -0 0.726651 -0.687006 
-0 0.726651 -0.687006 -0 0.726651 -0.687006 -0 0.726651 -0.687006 
-0 0.726651 -0.687006 -0 0.726651 -0.687006 -0 0.726651 -0.687006 
-0 0.726651 -0.687006 -0 0.726651 -0.687006 -0 0.726651 -0.687006 
-0 0.726651 -0.687006 -0 0.726651 -0.687006 -0 0.726651 -0.687006 
-0 -0.736082 -0.676892 -0 -0.736082 -0.676892 -0 -0.736082 -0.676892 
-0 -0.736082 -0.676892 -0 -0.736082 -0.676892 -0 -0.736082 -0.676892 
-0 -0.736082 -0.676892 -0 -0.736082 -0.676892 -0 -0.736082 -0.676892 
-0 -0.736082 -0.676892 -0 -0.736082 -0.676892 -0 -0.736082 -0.676892 
-0 -0.736082 -0.676892 -0 -0.736082 -0.676892 -0 -0.736082 -0.676892 
-0 -0.736082 -0.676892 -0 -0.736082 -0.676892 -0 -0.736082 -0.676892 
-0 -0.736082 -0.676892 -0 -0.736082 -0.676892 -0 -0.736082 -0.676892 
-0 -0.736082 -0.676892 -0 -0.736082 -0.676892 -0 -0.736082 -0.676892 
-0 -0.736082 -0.676892 -0 -0.736082 -0.676892 -0 -0.736082 -0.676892 
-0 -0.736082 -0.676892 -0 -0.736082 -0.676892 -0 -0.736082 -0.676892 
-0 -0.736082 -0.676892 -0 -0.736082 -0.676892 -0 -0.736082 -0.676892 
-0 -0.736082 -0.676892 -0 -0.736082 -0.676892 -0 -0.736082 -0.676892 
-0 -0.736082 -0.676892 -0 -0.736082 -0.676892 -0 -0.736082 -0.676892 
-0 -0.736082 -0.676892 -0 -0.736082 -0.676892 -0 -0.736082 -0.676892 
-0 -0.736082 -0.676892 -0 -0.736082 -0.676892 -0 -0.736082 -0.676892 
-0 -0.736082 -0.676892 -0 -0.736082 -0.676892 -0 -0.736082 -0.676892 
-0 -0.736082 -0.676892 -0 -0.736082 -0.676892 -0 -0.736082 -0.676892 
-0 -0.736082 -0.676892 -0 -0.736082 -0.676892 -0 -0.736082 -0.676892 
-0 -0.736082 -0.676892 -0 -0.736082 -0.676892 -0 -0.736082 -0.676892 
-0 -0.736082 -0.676892 -0 -0.736082 -0.676892 -0 -0.736082 -0.676892 
-0 -0.77592 -0.630831 -0 -0.77592 -0.630831 -0 -0.77592 -0.630831 
-0 -0.77592 -0.630831 -0 -0.77592 -0.630831 -0 -0.77592 -0.630831 
-0 -0.77592 -0.630831 -0 -0.77592 -0.630831 -0 -0.77592 -0.630831 
-0 -0.77592 -0.630831 -0 -0.77592 -0.630831 -0 -0.77592 -0.630831 
-0 -0.77592 -0.630831 -0 -0.77592 -0.630831 -0 -0.77592 -0.630831 
-0 -0.77592 -0.630831 -0 -0.77592 -0.630831 -0 -0.77592 -0.630831 
-0 -0.77592 -0.630831 -0 -0.77592 -0.630831 -0 -0.77592 -0.630831 
-0 -0.77592 -0.630831 -0 -0.77592 -0.630831 -0 -0.77592 -0.630831 
-0 -0.77592 -0.630831 -0 -0.77592 -0.630831 -0 -0.77592 -0.630831 
-0 -0.77592 -0.630831 -0 -0.77592 -0.630831 -0 -0.77592 -0.630831 
-0 -0.77592 -0.630831 -0 -0.77592 -0.630831 -0 -0.77592 -0.630831 
-0 -0.77592 -0.630831 -0 -0.77592 -0.630831 -0 -0.77592 -0.630831 
-0 -0.77592 -0.630831 -0 -0.77592 -0.630831 -0 -0.77592 -0.630831 
-0 -0.77592 -0.630831 -0 -0.77592 -0.630831 -0 -0.77592 -0.630831 
-0 -0.77592 -0.630831 -0 -0.77592 -0.630831 -0 -0.77592 -0.630831 
-0 -0.77592 -0.630831 -0 -0.77592 -0.630831 -0 -0.77592 -0.630831 
-0 -0.77592 -0.630831 -0 -0.77592 -0.630831 -0 -0.77592 -0.630831 
-0 -0.77592 -0.630831 -0 -0.77592 -0.630831 -0 -0.77592 -0.630831 
-0 -0.77592 -0.630831 -0 -0.77592 -0.630831 -0 -0.77592 -0.630831 
-0 -0.77592 -0.630831 -0 -0.77592 -0.630831 -0 -0.77592 -0.630831 
-0 0.736082 -0.676892 -0 0.736082 -0.676892 -0 0.736082 -0.676892 
-0 0.736082 -0.676892 -0 0.736082 -0.676892 -0 0.736082 -0.676892 
-0 0.736082 -0.676892 -0 0.736082 -0.676892 -0 0.736082 -0.676892 
-0 0.736082 -0.676892 -0 0.736082 -0.676892 -0 0.736082 -0.676892 
-0 0.736082 -0.676892 -0 0.736082 -0.676892 -0 0.736082 -0.676892 
-0 0.736082 -0.676892 -0 0.736082 -0.676892 -0 0.736082 -0.676892 
-0 0.736082 -0.676892 -0 0.736082 -0.676892 -0 0.736082 -0.676892 
-0 0.736082 -0.676892 -0 0.736082 -0.676892 -0 0.736082 -0.676892 
-0 0.736082 -0.676892 -0 0.736082 -0.676892 -0 0.736082 -0.676892 
-0 0.736082 -0.676892 -0 0.736082 -0.676892 -0 0.736082 -0.676892 
-0 0.736082 -0.676892 -0 0.736082 -0.676892 -0 0.736082 -0.676892 
-0 0.736082 -0.676892 -0 0.736082 -0.676892 -0 0.736082 -0.676892 
-0 0.736082 -0.676892 -0 0.736082 -0.676892 -0 0.736082 -0.676892 
-0 0.736082 -0.676892 -0 0.736082 -0.676892 -0 0.736082 -0.676892 
-0 0.736082 -0.676892 -0 0.736082 -0.676892 -0 0.736082 -0.676892 
-0 0.736082 -0.676892 -0 0.736082 -0.676892 -0 0.736082 -0.676892 
-0 0.736082 -0.676892 -0 0.736082 -0.676892 -0 0.736082 -0.676892 
-0 0.736082 -0.676892 -0 0.736082 -0.676892 -0 0.736082 -0.676892 
-0 0.736082 -0.676892 -0 0.736082 -0.676892 -0 0.736082 -0.676892 
-0 0.736082 -0.676892 -0 0.736082 -0.676892 -0 0.736082 -0.676892 
-0 0.77592 -0.630831 -0 0.77592 -0.630831 -0 0.77592 -0.630831 
-0 0.77592 -0.630831 -0 0.77592 -0.630831 -0 0.77592 -0.630831 
-0 0.77592 -0.630831 -0 0.77592 -0.630831 -0 0.77592 -0.630831 
-0 0.77592 -0.630831 -0 0.77592 -0.630831 -0 0.77592 -0.630831 
-0 0.77592 -0.630831 -0 0.77592 -0.630831 -0 0.77592 -0.630831 
-0 0.77592 -0.630831 -0 0.77592 -0.630831 -0 0.77592 -0.630831 
-0 0.77592 -0.630831 -0 0.77592 -0.630831 -0 0.77592 -0.630831 
-0 0.77592 -0.630831 -0 0.77592 -0.630831 -0 0.77592 -0.630831 
-0 0.77592 -0.630831 -0 0.77592 -0.630831 -0 0.77592 -0.630831 
-0 0.77592 -0.630831 -0 0.77592 -0.630831 -0 0.77592 -0.630831 
-0 0.77592 -0.630831 -0 0.77592 -0.630831 -0 0.77592 -0.630831 
-0 0.77592 -0.630831 -0 0.77592 -0.630831 -0 0.77592 -0.630831 
-0 0.77592 -0.630831 -0 0.77592 -0.630831 -0 0.77592 -0.630831 
-0 0.77592 -0.630831 -0 0.77592 -0.630831 -0 0.77592 -0.630831 
-0 0.77592 -0.630831 -0 0.77592 -0.630831 -0 0.77592 -0.630831 
-0 0.77592 -0.630831 -0 0.77592 -0.630831 -0 0.77592 -0.630831 
-0 0.77592 -0.630831 -0 0.77592 -0.630831 -0 0.77592 -0.630831 
-0 0.77592 -0.630831 -0 0.77592 -0.630831 -0 0.77592 -0.630831 
-0 0.77592 -0.630831 -0 0.77592 -0.630831 -0 0.77592 -0.630831 
-0 0.77592 -0.630831 -0 0.77592 -0.630831 -0 0.77592 -0.630831 
-0 -0.77592 -0.630831 -0 -0.77592 -0.630831 -0 -0.77592 -0.630831 
-0 -0.77592 -0.630831 -0 -0.77592 -0.630831 -0 -0.77592 -0.630831 
-0 -0.77592 -0.630831 -0 -0.77592 -0.630831 -0 -0.77592 -0.630831 
-0 -0.77592 -0.630831 -0 -0.77592 -0.630831 -0 -0.77592 -0.630831 
-0 -0.77592 -0.630831 -0 -0.77592 -0.630831 -0 -0.77592 -0.630831 
-0 -0.77592 -0.630831 -0 -0.77592 -0.630831 -0 -0.77592 -0.630831 
-0 -0.77592 -0.630831 -0 -0.77592 -0.630831 -0 -0.77592 -0.630831 
-0 -0.77592 -0.630831 -0 -0.77592 -0.630831 -0 -0.77592 -0.630831 
-0 -0.77592 -0.630831 -0 -0.77592 -0.630831 -0 -0.77592 -0.630831 
-0 -0.77592 -0.630831 -0 -0.77592 -0.630831 -0 -0.77592 -0.630831 
-0 -0.77592 -0.630831 -0 -0.77592 -0.630831 -0 -0.77592 -0.630831 
-0 -0.77592 -0.630831 -0 -0.77592 -0.630831 -0 -0.77592 -0.630831 
-0 -0.77592 -0.630831 -0 -0.77592 -0.630831 -0 -0.77592 -0.630831 
-0 -0.77592 -0.630831 -0 -0.77592 -0.630831 -0 -0.77592 -0.630831 
-0 -0.77592 -0.630831 -0 -0.77592 -0.630831 -0 -0.77592 -0.630831 
-0 -0.77592 -0.630831 -0 -0.77592 -0.630831 -0 -0.77592 -0.630831 
-0 -0.77592 -0.630831 -0 -0.77592 -0.630831 -0 -0.77592 -0.630831 
-0 -0.77592 -0.630831 -0 -0.77592 -0.630831 -0 -0.77592 -0.630831 
-0 -0.77592 -0.630831 -0 -0.77592 -0.630831 -0 -0.77592 -0.630831 
-0 -0.77592 -0.630831 -0 -0.77592 -0.630831 -0 -0.77592 -0.630831 
-0 0.77592 -0.630831 -0 0.77592 -0.630831 -0 0.77592 -0.630831 
-0 0.77592 -0.630831 -0 0.77592 -0.630831 -0 0.77592 -0.630831 
-0 0.77592 -0.630831 -0 0.77592 -0.630831 -0 0.77592 -0.630831 
-0 0.77592 -0.630831 -0 0.77592 -0.630831 -0 0.77592 -0.630831 
-0 0.77592 -0.630831 -0 0.77592 -0.630831 -0 0.77592 -0.630831 
-0 0.77592 -0.630831 -0 0.77592 -0.630831 -0 0.77592 -0.630831 
-0 0.77592 -0.630831 -0 0.77592 -0.630831 -0 0.77592 -0.630831 
-0 0.77592 -0.630831 -0 0.77592 -0.630831 -0 0.77592 -0.630831 
-0 0.77592 -0.630831 -0 0.77592 -0.630831 -0 0.77592 -0.630831 
-0 0.77592 -0.630831 -0 0.77592 -0.630831 -0 0.77592 -0.630831 
-0 0.77592 -0.630831 -0 0.77592 -0.630831 -0 0.77592 -0.630831 
-0 0.77592 -0.630831 -0 0.77592 -0.630831 -0 0.77592 -0.630831 
-0 0.77592 -0.630831 -0 0.77592 -0.630831 -0 0.77592 -0.630831 
-0 0.77592 -0.630831 -0 0.77592 -0.630831 -0 0.77592 -0.630831 
-0 0.77592 -0.630831 -0 0.77592 -0.630831 -0 0.77592 -0.630831 
-0 0.77592 -0.630831 -0 0.77592 -0.630831 -0 0.77592 -0.630831 
-0 0.77592 -0.630831 -0 0.77592 -0.630831 -0 0.77592 -0.630831 
-0 0.77592 -0.630831 -0 0.77592 -0.630831 -0 0.77592 -0.630831 
-0 0.77592 -0.630831 -0 0.77592 -0.630831 -0 0.77592 -0.630831 
-0 0.77592 -0.630831 -0 0.77592 -0.630831 -0 0.77592 -0.630831 
-0 -0.822283 -0.569078 -0 -0.822283 -0.569078 -0 -0.822283 -0.569078 
-0 -0.822283 -0.569078 -0 -0.822283 -0.569078 -0 -0.822283 -0.569078 
-0 -0.822283 -0.569078 -0 -0.822283 -0.569078 -0 -0.822283 -0.569078 
-0 -0.822283 -0.569078 -0 -0.822283 -0.569078 -0 -0.822283 -0.569078 
-0 -0.822283 -0.569078 -0 -0.822283 -0.569078 -0 -0.822283 -0.569078 
-0 -0.822283 -0.569078 -0 -0.822283 -0.569078 -0 -0.822283 -0.569078 
-0 -0.822283 -0.569078 -0 -0.822283 -0.569078 -0 -0.822283 -0.569078 
-0 -0.822283 -0.569078 -0 -0.822283 -0.569078 -0 -0.822283 -0.569078 
-0 -0.822283 -0.569078 -0 -0.822283 -0.569078 -0 -0.822283 -0.569078 
-0 -0.822283 -0.569078 -0 -0.822283 -0.569078 -0 -0.822283 -0.569078 
-0 -0.822283 -0.569078 -0 -0.822283 -0.569078 -0 -0.822283 -0.569078 
-0 -0.822283 -0.569078 -0 -0.822283 -0.569078 -0 -0.822283 -0.569078 
-0 -0.822283 -0.569078 -0 -0.822283 -0.569078 -0 -0.822283 -0.569078 
-0 -0.822283 -0.569078 -0 -0.822283 -0.569078 -0 -0.822283 -0.569078 
-0 -0.822283 -0.569078 -0 -0.822283 -0.569078 -0 -0.822283 -0.569078 
-0 -0.822283 -0.569078 -0 -0.822283 -0.569078 -0 -0.822283 -0.569078 
-0 -0.822283 -0.569078 -0 -0.822283 -0.569078 -0 -0.822283 -0.569078 
-0 -0.822283 -0.569078 -0 -0.822283 -0.569078 -0 -0.822283 -0.569078 
-0 -0.822283 -0.569078 -0 -0.822283 -0.569078 -0 -0.822283 -0.569078 
-0 -0.822283 -0.569078 -0 -0.822283 -0.569078 -0 -0.822283 -0.569078 
-0 -0.837079 -0.547083 -0 -0.837079 -0.547083 -0 -0.837079 -0.547083 
-0 -0.837079 -0.547083 -0 -0.837079 -0.547083 -0 -0.837079 -0.547083 
-0 -0.837079 -0.547083 -0 -0.837079 -0.547083 -0 -0.837079 -0.547083 
-0 -0.837079 -0.547083 -0 -0.837079 -0.547083 -0 -0.837079 -0.547083 
-0 -0.837079 -0.547083 -0 -0.837079 -0.547083 -0 -0.837079 -0.547083 
-0 -0.837079 -0.547083 -0 -0.837079 -0.547083 -0 -0.837079 -0.547083 
-0 -0.837079 -0.547083 -0 -0.837079 -0.547083 -0 -0.837079 -0.547083 
-0 -0.837079 -0.547083 -0 -0.837079 -0.547083 -0 -0.837079 -0.547083 
-0 -0.837079 -0.547083 -0 -0.837079 -0.547083 -0 -0.837079 -0.547083 
-0 -0.837079 -0.547083 -0 -0.837079 -0.547083 -0 -0.837079 -0.547083 
-0 -0.837079 -0.547083 -0 -0.837079 -0.547083 -0 -0.837079 -0.547083 
-0 -0.837079 -0.547083 -0 -0.837079 -0.547083 -0 -0.837079 -0.547083 
-0 -0.837079 -0.547083 -0 -0.837079 -0.547083 -0 -0.837079 -0.547083 
-0 -0.837079 -0.547083 -0 -0.837079 -0.547083 -0 -0.837079 -0.547083 
-0 -0.837079 -0.547083 -0 -0.837079 -0.547083 -0 -0.837079 -0.547083 
-0 -0.837079 -0.547083 -0 -0.837079 -0.547083 -0 -0.837079 -0.547083 
-0 -0.837079 -0.547083 -0 -0.837079 -0.547083 -0 -0.837079 -0.547083 
-0 -0.837079 -0.547083 -0 -0.837079 -0.547083 -0 -0.837079 -0.547083 
-0 -0.837079 -0.547083 -0 -0.837079 -0.547083 -0 -0.837079 -0.547083 
-0 -0.837079 -0.547083 -0 -0.837079 -0.547083 -0 -0.837079 -0.547083 
-0 0.822283 -0.569078 -0 0.822283 -0.569078 -0 0.822283 -0.569078 
-0 0.822283 -0.569078 -0 0.822283 -0.569078 -0 0.822283 -0.569078 
-0 0.822283 -0.569078 -0 0.822283 -0.569078 -0 0.822283 -0.569078 
-0 0.822283 -0.569078 -0 0.822283 -0.569078 -0 0.822283 -0.569078 
-0 0.822283 -0.569078 -0 0.822283 -0.569078 -0 0.822283 -0.569078 
-0 0.822283 -0.569078 -0 0.822283 -0.569078 -0 0.822283 -0.569078 
-0 0.822283 -0.569078 -0 0.822283 -0.569078 -0 0.822283 -0.569078 
-0 0.822283 -0.569078 -0 0.822283 -0.569078 -0 0.822283 -0.569078 
-0 0.822283 -0.569078 -0 0.822283 -0.569078 -0 0.822283 -0.569078 
-0 0.822283 -0.569078 -0 0.822283 -0.569078 -0 0.822283 -0.569078 
-0 0.822283 -0.569078 -0 0.822283 -0.569078 -0 0.822283 -0.569078 
-0 0.822283 -0.569078 -0 0.822283 -0.569078 -0 0.822283 -0.569078 
-0 0.822283 -0.569078 -0 0.822283 -0.569078 -0 0.822283 -0.569078 
-0 0.822283 -0.569078 -0 0.822283 -0.569078 -0 0.822283 -0.569078 
-0 0.822283 -0.569078 -0 0.822283 -0.569078 -0 0.822283 -0.569078 
-0 0.822283 -0.569078 -0 0.822283 -0.569078 -0 0.822283 -0.569078 
-0 0.822283 -0.569078 -0 0.822283 -0.569078 -0 0.822283 -0.569078 
-0 0.822283 -0.569078 -0 0.822283 -0.569078 -0 0.822283 -0.569078 
-0 0.822283 -0.569078 -0 0.822283 -0.569078 -0 0.822283 -0.569078 
-0 0.822283 -0.569078 -0 0.822283 -0.569078 -0 0.822283 -0.569078 
-0 0.837079 -0.547083 -0 0.837079 -0.547083 -0 0.837079 -0.547083 
-0 0.837079 -0.547083 -0 0.837079 -0.547083 -0 0.837079 -0.547083 
-0 0.837079 -0.547083 -0 0.837079 -0.547083 -0 0.837079 -0.547083 
-0 0.837079 -0.547083 -0 0.837079 -0.547083 -0 0.837079 -0.547083 
-0 0.837079 -0.547083 -0 0.837079 -0.547083 -0 0.837079 -0.547083 
-0 0.837079 -0.547083 -0 0.837079 -0.547083 -0 0.837079 -0.547083 
-0 0.837079 -0.547083 -0 0.837079 -0.547083 -0 0.837079 -0.547083 
-0 0.837079 -0.547083 -0 0.837079 -0.547083 -0 0.837079 -0.547083 
-0 0.837079 -0.547083 -0 0.837079 -0.547083 -0 0.837079 -0.547083 
-0 0.837079 -0.547083 -0 0.837079 -0.547083 -0 0.837079 -0.547083 
-0 0.837079 -0.547083 -0 0.837079 -0.547083 -0 0.837079 -0.547083 
-0 0.837079 -0.547083 -0 0.837079 -0.547083 -0 0.837079 -0.547083 
-0 0.837079 -0.547083 -0 0.837079 -0.547083 -0 0.837079 -0.547083 
-0 0.837079 -0.547083 -0 0.837079 -0.547083 -0 0.837079 -0.547083 
-0 0.837079 -0.547083 -0 0.837079 -0.547083 -0 0.837079 -0.547083 
-0 0.837079 -0.547083 -0 0.837079 -0.547083 -0 0.837079 -0.547083 
-0 0.837079 -0.547083 -0 0.837079 -0.547083 -0 0.837079 -0.547083 
-0 0.837079 -0.547083 -0 0.837079 -0.547083 -0 0.837079 -0.547083 
-0 0.837079 -0.547083 -0 0.837079 -0.547083 -0 0.837079 -0.547083 
-0 0.837079 -0.547083 -0 0.837079 -0.547083 -0 0.837079 -0.547083 
-0 -0.858022 -0.513614 -0 -0.858022 -0.513614 -0 -0.858022 -0.513614 
-0 -0.858022 -0.513614 -0 -0.858022 -0.513614 -0 -0.858022 -0.513614 
-0 -0.858022 -0.513614 -0 -0.858022 -0.513614 -0 -0.858022 -0.513614 
-0 -0.858022 -0.513614 -0 -0.858022 -0.513614 -0 -0.858022 -0.513614 
-0 -0.858022 -0.513614 -0 -0.858022 -0.513614 -0 -0.858022 -0.513614 
-0 -0.858022 -0.513614 -0 -0.858022 -0.513614 -0 -0.858022 -0.513614 
-0 -0.858022 -0.513614 -0 -0.858022 -0.513614 -0 -0.858022 -0.513614 
-0 -0.858022 -0.513614 -0 -0.858022 -0.513614 -0 -0.858022 -0.513614 
-0 -0.858022 -0.513614 -0 -0.858022 -0.513614 -0 -0.858022 -0.513614 
-0 -0.858022 -0.513614 -0 -0.858022 -0.513614 -0 -0.858022 -0.513614 
-0 -0.858022 -0.513614 -0 -0.858022 -0.513614 -0 -0.858022 -0.513614 
-0 -0.858022 -0.513614 -0 -0.858022 -0.513614 -0 -0.858022 -0.513614 
-0 -0.858022 -0.513614 -0 -0.858022 -0.513614 -0 -0.858022 -0.513614 
-0 -0.858022 -0.513614 -0 -0.858022 -0.513614 -0 -0.858022 -0.513614 
-0 -0.858022 -0.513614 -0 -0.858022 -0.513614 -0 -0.858022 -0.513614 
-0 -0.858022 -0.513614 -0 -0.858022 -0.513614 -0 -0.858022 -0.513614 
-0 -0.858022 -0.513614 -0 -0.858022 -0.513614 -0 -0.858022 -0.513614 
-0 -0.858022 -0.513614 -0 -0.858022 -0.513614 -0 -0.858022 -0.513614 
-0 -0.858022 -0.513614 -0 -0.858022 -0.513614 -0 -0.858022 -0.513614 
-0 -0.858022 -0.513614 -0 -0.858022 -0.513614 -0 -0.858022 -0.513614 
-0 0.858022 -0.513614 -0 0.858022 -0.513614 -0 0.858022 -0.513614 
-0 0.858022 -0.513614 -0 0.858022 -0.513614 -0 0.858022 -0.513614 
-0 0.858022 -0.513614 -0 0.858022 -0.513614 -0 0.858022 -0.513614 
-0 0.858022 -0.513614 -0 0.858022 -0.513614 -0 0.858022 -0.513614 
-0 0.858022 -0.513614 -0 0.858022 -0.513614 -0 0.858022 -0.513614 
-0 0.858022 -0.513614 -0 0.858022 -0.513614 -0 0.858022 -0.513614 
-0 0.858022 -0.513614 -0 0.858022 -0.513614 -0 0.858022 -0.513614 
-0 0.858022 -0.513614 -0 0.858022 -0.513614 -0 0.858022 -0.513614 
-0 0.858022 -0.513614 -0 0.858022 -0.513614 -0 0.858022 -0.513614 
-0 0.858022 -0.513614 -0 0.858022 -0.513614 -0 0.858022 -0.513614 
-0 0.858022 -0.513614 -0 0.858022 -0.513614 -0 0.858022 -0.513614 
-0 0.858022 -0.513614 -0 0.858022 -0.513614 -0 0.858022 -0.513614 
-0 0.858022 -0.513614 -0 0.858022 -0.513614 -0 0.858022 -0.513614 
-0 0.858022 -0.513614 -0 0.858022 -0.513614 -0 0.858022 -0.513614 
-0 0.858022 -0.513614 -0 0.858022 -0.513614 -0 0.858022 -0.513614 
-0 0.858022 -0.513614 -0 0.858022 -0.513614 -0 0.858022 -0.513614 
-0 0.858022 -0.513614 -0 0.858022 -0.513614 -0 0.858022 -0.513614 
-0 0.858022 -0.513614 -0 0.858022 -0.513614 -0 0.858022 -0.513614 
-0 0.858022 -0.513614 -0 0.858022 -0.513614 -0 0.858022 -0.513614 
-0 0.858022 -0.513614 -0 0.858022 -0.513614 -0 0.858022 -0.513614 
-0 -0.892628 -0.450794 -0 -0.892628 -0.450794 -0 -0.892628 -0.450794 
-0 -0.892628 -0.450794 -0 -0.892628 -0.450794 -0 -0.892628 -0.450794 
-0 -0.892628 -0.450794 -0 -0.892628 -0.450794 -0 -0.892628 -0.450794 
-0 -0.892628 -0.450794 -0 -0.892628 -0.450794 -0 -0.892628 -0.450794 
-0 -0.892628 -0.450794 -0 -0.892628 -0.450794 -0 -0.892628 -0.450794 
-0 -0.892628 -0.450794 -0 -0.892628 -0.450794 -0 -0.892628 -0.450794 
-0 -0.892628 -0.450794 -0 -0.892628 -0.450794 -0 -0.892628 -0.450794 
-0 -0.892628 -0.450794 -0 -0.892628 -0.450794 -0 -0.892628 -0.450794 
-0 -0.892628 -0.450794 -0 -0.892628 -0.450794 -0 -0.892628 -0.450794 
-0 -0.892628 -0.450794 -0 -0.892628 -0.450794 -0 -0.892628 -0.450794 
-0 -0.892628 -0.450794 -0 -0.892628 -0.450794 -0 -0.892628 -0.450794 
-0 -0.892628 -0.450794 -0 -0.892628 -0.450794 -0 -0.892628 -0.450794 
-0 -0.892628 -0.450794 -0 -0.892628 -0.450794 -0 -0.892628 -0.450794 
-0 -0.892628 -0.450794 -0 -0.892628 -0.450794 -0 -0.892628 -0.450794 
-0 -0.892628 -0.450794 -0 -0.892628 -0.450794 -0 -0.892628 -0.450794 
-0 -0.892628 -0.450794 -0 -0.892628 -0.450794 -0 -0.892628 -0.450794 
-0 -0.892628 -0.450794 -0 -0.892628 -0.450794 -0 -0.892628 -0.450794 
-0 -0.892628 -0.450794 -0 -0.892628 -0.450794 -0 -0.892628 -0.450794 
-0 -0.892628 -0.450794 -0 -0.892628 -0.450794 -0 -0.892628 -0.450794 
-0 -0.892628 -0.450794 -0 -0.892628 -0.450794 -0 -0.892628 -0.450794 
-0 -0.905508 -0.424328 -0 -0.905508 -0.424328 -0 -0.905508 -0.424328 
-0 -0.905508 -0.424328 -0 -0.905508 -0.424328 -0 -0.905508 -0.424328 
-0 -0.905508 -0.424328 -0 -0.905508 -0.424328 -0 -0.905508 -0.424328 
-0 -0.905508 -0.424328 -0 -0.905508 -0.424328 -0 -0.905508 -0.424328 
-0 -0.905508 -0.424328 -0 -0.905508 -0.424328 -0 -0.905508 -0.424328 
-0 -0.905508 -0.424328 -0 -0.905508 -0.424328 -0 -0.905508 -0.424328 
-0 -0.905508 -0.424328 -0 -0.905508 -0.424328 -0 -0.905508 -0.424328 
-0 -0.905508 -0.424328 -0 -0.905508 -0.424328 -0 -0.905508 -0.424328 
-0 -0.905508 -0.424328 -0 -0.905508 -0.424328 -0 -0.905508 -0.424328 
-0 -0.905508 -0.424328 -0 -0.905508 -0.424328 -0 -0.905508 -0.424328 
-0 -0.905508 -0.424328 -0 -0.905508 -0.424328 -0 -0.905508 -0.424328 
-0 -0.905508 -0.424328 -0 -0.905508 -0.424328 -0 -0.905508 -0.424328 
-0 -0.905508 -0.424328 -0 -0.905508 -0.424328 -0 -0.905508 -0.424328 
-0 -0.905508 -0.424328 -0 -0.905508 -0.424328 -0 -0.905508 -0.424328 
-0 -0.905508 -0.424328 -0 -0.905508 -0.424328 -0 -0.905508 -0.424328 
-0 -0.905508 -0.424328 -0 -0.905508 -0.424328 -0 -0.905508 -0.424328 
-0 -0.905508 -0.424328 -0 -0.905508 -0.424328 -0 -0.905508 -0.424328 
-0 -0.905508 -0.424328 -0 -0.905508 -0.424328 -0 -0.905508 -0.424328 
-0 -0.905508 -0.424328 -0 -0.905508 -0.424328 -0 -0.905508 -0.424328 
-0 -0.905508 -0.424328 -0 -0.905508 -0.424328 -0 -0.905508 -0.424328 
-0 0.892628 -0.450794 -0 0.892628 -0.450794 -0 0.892628 -0.450794 
-0 0.892628 -0.450794 -0 0.892628 -0.450794 -0 0.892628 -0.450794 
-0 0.892628 -0.450794 -0 0.892628 -0.450794 -0 0.892628 -0.450794 
-0 0.892628 -0.450794 -0 0.892628 -0.450794 -0 0.892628 -0.450794 
-0 0.892628 -0.450794 -0 0.892628 -0.450794 -0 0.892628 -0.450794 
-0 0.892628 -0.450794 -0 0.892628 -0.450794 -0 0.892628 -0.450794 
-0 0.892628 -0.450794 -0 0.892628 -0.450794 -0 0.892628 -0.450794 
-0 0.892628 -0.450794 -0 0.892628 -0.450794 -0 0.892628 -0.450794 
-0 0.892628 -0.450794 -0 0.892628 -0.450794 -0 0.892628 -0.450794 
-0 0.892628 -0.450794 -0 0.892628 -0.450794 -0 0.892628 -0.450794 
-0 0.892628 -0.450794 -0 0.892628 -0.450794 -0 0.892628 -0.450794 
-0 0.892628 -0.450794 -0 0.892628 -0.450794 -0 0.892628 -0.450794 
-0 0.892628 -0.450794 -0 0.892628 -0.450794 -0 0.892628 -0.450794 
-0 0.892628 -0.450794 -0 0.892628 -0.450794 -0 0.892628 -0.450794 
-0 0.892628 -0.450794 -0 0.892628 -0.450794 -0 0.892628 -0.450794 
-0 0.892628 -0.450794 -0 0.892628 -0.450794 -0 0.892628 -0.450794 
-0 0.892628 -0.450794 -0 0.892628 -0.450794 -0 0.892628 -0.450794 
-0 0.892628 -0.450794 -0 0.892628 -0.450794 -0 0.892628 -0.450794 
-0 0.892628 -0.450794 -0 0.892628 -0.450794 -0 0.892628 -0.450794 
-0 0.892628 -0.450794 -0 0.892628 -0.450794 -0 0.892628 -0.450794 
-0 0.905508 -0.424328 -0 0.905508 -0.424328 -0 0.905508 -0.424328 
-0 0.905508 -0.424328 -0 0.905508 -0.424328 -0 0.905508 -0.424328 
-0 0.905508 -0.424328 -0 0.905508 -0.424328 -0 0.905508 -0.424328 
-0 0.905508 -0.424328 -0 0.905508 -0.424328 -0 0.905508 -0.424328 
-0 0.905508 -0.424328 -0 0.905508 -0.424328 -0 0.905508 -0.424328 
-0 0.905508 -0.424328 -0 0.905508 -0.424328 -0 0.905508 -0.424328 
-0 0.905508 -0.424328 -0 0.905508 -0.424328 -0 0.905508 -0.424328 
-0 0.905508 -0.424328 -0 0.905508 -0.424328 -0 0.905508 -0.424328 
-0 0.905508 -0.424328 -0 0.905508 -0.424328 -0 0.905508 -0.424328 
-0 0.905508 -0.424328 -0 0.905508 -0.424328 -0 0.905508 -0.424328 
-0 0.905508 -0.424328 -0 0.905508 -0.424328 -0 0.905508 -0.424328 
-0 0.905508 -0.424328 -0 0.905508 -0.424328 -0 0.905508 -0.424328 
-0 0.905508 -0.424328 -0 0.905508 -0.424328 -0 0.905508 -0.424328 
-0 0.905508 -0.424328 -0 0.905508 -0.424328 -0 0.905508 -0.424328 
-0 0.905508 -0.424328 -0 0.905508 -0.424328 -0 0.905508 -0.424328 
-0 0.905508 -0.424328 -0 0.905508 -0.424328 -0 0.905508 -0.424328 
-0 0.905508 -0.424328 -0 0.905508 -0.424328 -0 0.905508 -0.424328 
-0 0.905508 -0.424328 -0 0.905508 -0.424328 -0 0.905508 -0.424328 
-0 0.905508 -0.424328 -0 0.905508 -0.424328 -0 0.905508 -0.424328 
-0 0.905508 -0.424328 -0 0.905508 -0.424328 -0 0.905508 -0.424328 
-0 -0.918705 -0.394943 -0 -0.918705 -0.394943 -0 -0.918705 -0.394943 
-0 -0.918705 -0.394943 -0 -0.918705 -0.394943 -0 -0.918705 -0.394943 
-0 -0.918705 -0.394943 -0 -0.918705 -0.394943 -0 -0.918705 -0.394943 
-0 -0.918705 -0.394943 -0 -0.918705 -0.394943 -0 -0.918705 -0.394943 
-0 -0.918705 -0.394943 -0 -0.918705 -0.394943 -0 -0.918705 -0.394943 
-0 -0.918705 -0.394943 -0 -0.918705 -0.394943 -0 -0.918705 -0.394943 
-0 -0.918705 -0.394943 -0 -0.918705 -0.394943 -0 -0.918705 -0.394943 
-0 -0.918705 -0.394943 -0 -0.918705 -0.394943 -0 -0.918705 -0.394943 
-0 -0.918705 -0.394943 -0 -0.918705 -0.394943 -0 -0.918705 -0.394943 
-0 -0.918705 -0.394943 -0 -0.918705 -0.394943 -0 -0.918705 -0.394943 
-0 -0.918705 -0.394943 -0 -0.918705 -0.394943 -0 -0.918705 -0.394943 
-0 -0.918705 -0.394943 -0 -0.918705 -0.394943 -0 -0.918705 -0.394943 
-0 -0.918705 -0.394943 -0 -0.918705 -0.394943 -0 -0.918705 -0.394943 
-0 -0.918705 -0.394943 -0 -0.918705 -0.394943 -0 -0.918705 -0.394943 
-0 -0.918705 -0.394943 -0 -0.918705 -0.394943 -0 -0.918705 -0.394943 
-0 -0.918705 -0.394943 -0 -0.918705 -0.394943 -0 -0.918705 -0.394943 
-0 -0.918705 -0.394943 -0 -0.918705 -0.394943 -0 -0.918705 -0.394943 
-0 -0.918705 -0.394943 -0 -0.918705 -0.394943 -0 -0.918705 -0.394943 
-0 -0.918705 -0.394943 -0 -0.918705 -0.394943 -0 -0.918705 -0.394943 
-0 -0.918705 -0.394943 -0 -0.918705 -0.394943 -0 -0.918705 -0.394943 
-0 0.918705 -0.394943 -0 0.918705 -0.394943 -0 0.918705 -0.394943 
-0 0.918705 -0.394943 -0 0.918705 -0.394943 -0 0.918705 -0.394943 
-0 0.918705 -0.394943 -0 0.918705 -0.394943 -0 0.918705 -0.394943 
-0 0.918705 -0.394943 -0 0.918705 -0.394943 -0 0.918705 -0.394943 
-0 0.918705 -0.394943 -0 0.918705 -0.394943 -0 0.918705 -0.394943 
-0 0.918705 -0.394943 -0 0.918705 -0.394943 -0 0.918705 -0.394943 
-0 0.918705 -0.394943 -0 0.918705 -0.394943 -0 0.918705 -0.394943 
-0 0.918705 -0.394943 -0 0.918705 -0.394943 -0 0.918705 -0.394943 
-0 0.918705 -0.394943 -0 0.918705 -0.394943 -0 0.918705 -0.394943 
-0 0.918705 -0.394943 -0 0.918705 -0.394943 -0 0.918705 -0.394943 
-0 0.918705 -0.394943 -0 0.918705 -0.394943 -0 0.918705 -0.394943 
-0 0.918705 -0.394943 -0 0.918705 -0.394943 -0 0.918705 -0.394943 
-0 0.918705 -0.394943 -0 0.918705 -0.394943 -0 0.918705 -0.394943 
-0 0.918705 -0.394943 -0 0.918705 -0.394943 -0 0.918705 -0.394943 
-0 0.918705 -0.394943 -0 0.918705 -0.394943 -0 0.918705 -0.394943 
-0 0.918705 -0.394943 -0 0.918705 -0.394943 -0 0.918705 -0.394943 
-0 0.918705 -0.394943 -0 0.918705 -0.394943 -0 0.918705 -0.394943 
-0 0.918705 -0.394943 -0 0.918705 -0.394943 -0 0.918705 -0.394943 
-0 0.918705 -0.394943 -0 0.918705 -0.394943 -0 0.918705 -0.394943 
-0 0.918705 -0.394943 -0 0.918705 -0.394943 -0 0.918705 -0.394943 
-0 -0.951686 -0.307072 -0 -0.951686 -0.307072 -0 -0.951686 -0.307072 
-0 -0.951686 -0.307072 -0 -0.951686 -0.307072 -0 -0.951686 -0.307072 
-0 -0.951686 -0.307072 -0 -0.951686 -0.307072 -0 -0.951686 -0.307072 
-0 -0.951686 -0.307072 -0 -0.951686 -0.307072 -0 -0.951686 -0.307072 
-0 -0.951686 -0.307072 -0 -0.951686 -0.307072 -0 -0.951686 -0.307072 
-0 -0.951686 -0.307072 -0 -0.951686 -0.307072 -0 -0.951686 -0.307072 
-0 -0.951686 -0.307072 -0 -0.951686 -0.307072 -0 -0.951686 -0.307072 
-0 -0.951686 -0.307072 -0 -0.951686 -0.307072 -0 -0.951686 -0.307072 
-0 -0.951686 -0.307072 -0 -0.951686 -0.307072 -0 -0.951686 -0.307072 
-0 -0.951686 -0.307072 -0 -0.951686 -0.307072 -0 -0.951686 -0.307072 
-0 -0.951686 -0.307072 -0 -0.951686 -0.307072 -0 -0.951686 -0.307072 
-0 -0.951686 -0.307072 -0 -0.951686 -0.307072 -0 -0.951686 -0.307072 
-0 -0.951686 -0.307072 -0 -0.951686 -0.307072 -0 -0.951686 -0.307072 
-0 -0.951686 -0.307072 -0 -0.951686 -0.307072 -0 -0.951686 -0.307072 
-0 -0.951686 -0.307072 -0 -0.951686 -0.307072 -0 -0.951686 -0.307072 
-0 -0.951686 -0.307072 -0 -0.951686 -0.307072 -0 -0.951686 -0.307072 
-0 -0.951686 -0.307072 -0 -0.951686 -0.307072 -0 -0.951686 -0.307072 
-0 -0.951686 -0.307072 -0 -0.951686 -0.307072 -0 -0.951686 -0.307072 
-0 -0.951686 -0.307072 -0 -0.951686 -0.307072 -0 -0.951686 -0.307072 
-0 -0.951686 -0.307072 -0 -0.951686 -0.307072 -0 -0.951686 -0.307072 
-0 0.951686 -0.307072 -0 0.951686 -0.307072 -0 0.951686 -0.307072 
-0 0.951686 -0.307072 -0 0.951686 -0.307072 -0 0.951686 -0.307072 
-0 0.951686 -0.307072 -0 0.951686 -0.307072 -0 0.951686 -0.307072 
-0 0.951686 -0.307072 -0 0.951686 -0.307072 -0 0.951686 -0.307072 
-0 0.951686 -0.307072 -0 0.951686 -0.307072 -0 0.951686 -0.307072 
-0 0.951686 -0.307072 -0 0.951686 -0.307072 -0 0.951686 -0.307072 
-0 0.951686 -0.307072 -0 0.951686 -0.307072 -0 0.951686 -0.307072 
-0 0.951686 -0.307072 -0 0.951686 -0.307072 -0 0.951686 -0.307072 
-0 0.951686 -0.307072 -0 0.951686 -0.307072 -0 0.951686 -0.307072 
-0 0.951686 -0.307072 -0 0.951686 -0.307072 -0 0.951686 -0.307072 
-0 0.951686 -0.307072 -0 0.951686 -0.307072 -0 0.951686 -0.307072 
-0 0.951686 -0.307072 -0 0.951686 -0.307072 -0 0.951686 -0.307072 
-0 0.951686 -0.307072 -0 0.951686 -0.307072 -0 0.951686 -0.307072 
-0 0.951686 -0.307072 -0 0.951686 -0.307072 -0 0.951686 -0.307072 
-0 0.951686 -0.307072 -0 0.951686 -0.307072 -0 0.951686 -0.307072 
-0 0.951686 -0.307072 -0 0.951686 -0.307072 -0 0.951686 -0.307072 
-0 0.951686 -0.307072 -0 0.951686 -0.307072 -0 0.951686 -0.307072 
-0 0.951686 -0.307072 -0 0.951686 -0.307072 -0 0.951686 -0.307072 
-0 0.951686 -0.307072 -0 0.951686 -0.307072 -0 0.951686 -0.307072 
-0 0.951686 -0.307072 -0 0.951686 -0.307072 -0 0.951686 -0.307072 
-0 -0.971638 -0.236474 -0 -0.971638 -0.236474 -0 -0.971638 -0.236474 
-0 -0.971638 -0.236474 -0 -0.971638 -0.236474 -0 -0.971638 -0.236474 
-0 -0.971638 -0.236474 -0 -0.971638 -0.236474 -0 -0.971638 -0.236474 
-0 -0.971638 -0.236474 -0 -0.971638 -0.236474 -0 -0.971638 -0.236474 
-0 -0.971638 -0.236474 -0 -0.971638 -0.236474 -0 -0.971638 -0.236474 
-0 -0.971638 -0.236474 -0 -0.971638 -0.236474 -0 -0.971638 -0.236474 
-0 -0.971638 -0.236474 -0 -0.971638 -0.236474 -0 -0.971638 -0.236474 
-0 -0.971638 -0.236474 -0 -0.971638 -0.236474 -0 -0.971638 -0.236474 
-0 -0.971638 -0.236474 -0 -0.971638 -0.236474 -0 -0.971638 -0.236474 
-0 -0.971638 -0.236474 -0 -0.971638 -0.236474 -0 -0.971638 -0.236474 
-0 -0.971638 -0.236474 -0 -0.971638 -0.236474 -0 -0.971638 -0.236474 
-0 -0.971638 -0.236474 -0 -0.971638 -0.236474 -0 -0.971638 -0.236474 
-0 -0.971638 -0.236474 -0 -0.971638 -0.236474 -0 -0.971638 -0.236474 
-0 -0.971638 -0.236474 -0 -0.971638 -0.236474 -0 -0.971638 -0.236474 
-0 -0.971638 -0.236474 -0 -0.971638 -0.236474 -0 -0.971638 -0.236474 
-0 -0.971638 -0.236474 -0 -0.971638 -0.236474 -0 -0.971638 -0.236474 
-0 -0.971638 -0.236474 -0 -0.971638 -0.236474 -0 -0.971638 -0.236474 
-0 -0.971638 -0.236474 -0 -0.971638 -0.236474 -0 -0.971638 -0.236474 
-0 -0.971638 -0.236474 -0 -0.971638 -0.236474 -0 -0.971638 -0.236474 
-0 -0.971638 -0.236474 -0 -0.971638 -0.236474 -0 -0.971638 -0.236474 
-0 0.971638 -0.236474 -0 0.971638 -0.236474 -0 0.971638 -0.236474 
-0 0.971638 -0.236474 -0 0.971638 -0.236474 -0 0.971638 -0.236474 
-0 0.971638 -0.236474 -0 0.971638 -0.236474 -0 0.971638 -0.236474 
-0 0.971638 -0.236474 -0 0.971638 -0.236474 -0 0.971638 -0.236474 
-0 0.971638 -0.236474 -0 0.971638 -0.236474 -0 0.971638 -0.236474 
-0 0.971638 -0.236474 -0 0.971638 -0.236474 -0 0.971638 -0.236474 
-0 0.971638 -0.236474 -0 0.971638 -0.236474 -0 0.971638 -0.236474 
-0 0.971638 -0.236474 -0 0.971638 -0.236474 -0 0.971638 -0.236474 
-0 0.971638 -0.236474 -0 0.971638 -0.236474 -0 0.971638 -0.236474 
-0 0.971638 -0.236474 -0 0.971638 -0.236474 -0 0.971638 -0.236474 
-0 0.971638 -0.236474 -0 0.971638 -0.236474 -0 0.971638 -0.236474 
-0 0.971638 -0.236474 -0 0.971638 -0.236474 -0 0.971638 -0.236474 
-0 0.971638 -0.236474 -0 0.971638 -0.236474 -0 0.971638 -0.236474 
-0 0.971638 -0.236474 -0 0.971638 -0.236474 -0 0.971638 -0.236474 
-0 0.971638 -0.236474 -0 0.971638 -0.236474 -0 0.971638 -0.236474 
-0 0.971638 -0.236474 -0 0.971638 -0.236474 -0 0.971638 -0.236474 
-0 0.971638 -0.236474 -0 0.971638 -0.236474 -0 0.971638 -0.236474 
-0 0.971638 -0.236474 -0 0.971638 -0.236474 -0 0.971638 -0.236474 
-0 0.971638 -0.236474 -0 0.971638 -0.236474 -0 0.971638 -0.236474 
-0 0.971638 -0.236474 -0 0.971638 -0.236474 -0 0.971638 -0.236474 
-0 -0.985926 -0.167183 -0 -0.985926 -0.167183 -0 -0.985926 -0.167183 
-0 -0.985926 -0.167183 -0 -0.985926 -0.167183 -0 -0.985926 -0.167183 
-0 -0.985926 -0.167183 -0 -0.985926 -0.167183 -0 -0.985926 -0.167183 
-0 -0.985926 -0.167183 -0 -0.985926 -0.167183 -0 -0.985926 -0.167183 
-0 -0.985926 -0.167183 -0 -0.985926 -0.167183 -0 -0.985926 -0.167183 
-0 -0.985926 -0.167183 -0 -0.985926 -0.167183 -0 -0.985926 -0.167183 
-0 -0.985926 -0.167183 -0 -0.985926 -0.167183 -0 -0.985926 -0.167183 
-0 -0.985926 -0.167183 -0 -0.985926 -0.167183 -0 -0.985926 -0.167183 
-0 -0.985926 -0.167183 -0 -0.985926 -0.167183 -0 -0.985926 -0.167183 
-0 -0.985926 -0.167183 -0 -0.985926 -0.167183 -0 -0.985926 -0.167183 
-0 -0.985926 -0.167183 -0 -0.985926 -0.167183 -0 -0.985926 -0.167183 
-0 -0.985926 -0.167183 -0 -0.985926 -0.167183 -0 -0.985926 -0.167183 
-0 -0.985926 -0.167183 -0 -0.985926 -0.167183 -0 -0.985926 -0.167183 
-0 -0.985926 -0.167183 -0 -0.985926 -0.167183 -0 -0.985926 -0.167183 
-0 -0.985926 -0.167183 -0 -0.985926 -0.167183 -0 -0.985926 -0.167183 
-0 -0.985926 -0.167183 -0 -0.985926 -0.167183 -0 -0.985926 -0.167183 
-0 -0.985926 -0.167183 -0 -0.985926 -0.167183 -0 -0.985926 -0.167183 
-0 -0.985926 -0.167183 -0 -0.985926 -0.167183 -0 -0.985926 -0.167183 
-0 -0.985926 -0.167183 -0 -0.985926 -0.167183 -0 -0.985926 -0.167183 
-0 -0.985926 -0.167183 -0 -0.985926 -0.167183 -0 -0.985926 -0.167183 
-0 0.985926 -0.167183 -0 0.985926 -0.167183 -0 0.985926 -0.167183 
-0 0.985926 -0.167183 -0 0.985926 -0.167183 -0 0.985926 -0.167183 
-0 0.985926 -0.167183 -0 0.985926 -0.167183 -0 0.985926 -0.167183 
-0 0.985926 -0.167183 -0 0.985926 -0.167183 -0 0.985926 -0.167183 
-0 0.985926 -0.167183 -0 0.985926 -0.167183 -0 0.985926 -0.167183 
-0 0.985926 -0.167183 -0 0.985926 -0.167183 -0 0.985926 -0.167183 
-0 0.985926 -0.167183 -0 0.985926 -0.167183 -0 0.985926 -0.167183 
-0 0.985926 -0.167183 -0 0.985926 -0.167183 -0 0.985926 -0.167183 
-0 0.985926 -0.167183 -0 0.985926 -0.167183 -0 0.985926 -0.167183 
-0 0.985926 -0.167183 -0 0.985926 -0.167183 -0 0.985926 -0.167183 
-0 0.985926 -0.167183 -0 0.985926 -0.167183 -0 0.985926 -0.167183 
-0 0.985926 -0.167183 -0 0.985926 -0.167183 -0 0.985926 -0.167183 
-0 0.985926 -0.167183 -0 0.985926 -0.167183 -0 0.985926 -0.167183 
-0 0.985926 -0.167183 -0 0.985926 -0.167183 -0 0.985926 -0.167183 
-0 0.985926 -0.167183 -0 0.985926 -0.167183 -0 0.985926 -0.167183 
-0 0.985926 -0.167183 -0 0.985926 -0.167183 -0 0.985926 -0.167183 
-0 0.985926 -0.167183 -0 0.985926 -0.167183 -0 0.985926 -0.167183 
-0 0.985926 -0.167183 -0 0.985926 -0.167183 -0 0.985926 -0.167183 
-0 0.985926 -0.167183 -0 0.985926 -0.167183 -0 0.985926 -0.167183 
-0 0.985926 -0.167183 -0 0.985926 -0.167183 -0 0.985926 -0.167183 
-0 -0.996161 -0.0875439 -0 -0.996161 -0.0875439 -0 -0.996161 -0.0875439 
-0 -0.996161 -0.0875439 -0 -0.996161 -0.0875439 -0 -0.996161 -0.0875439 
-0 -0.996161 -0.0875439 -0 -0.996161 -0.0875439 -0 -0.996161 -0.0875439 
-0 -0.996161 -0.0875439 -0 -0.996161 -0.0875439 -0 -0.996161 -0.0875439 
-0 -0.996161 -0.0875439 -0 -0.996161 -0.0875439 -0 -0.996161 -0.0875439 
-0 -0.996161 -0.0875439 -0 -0.996161 -0.0875439 -0 -0.996161 -0.0875439 
-0 -0.996161 -0.0875439 -0 -0.996161 -0.0875439 -0 -0.996161 -0.0875439 
-0 -0.996161 -0.0875439 -0 -0.996161 -0.0875439 -0 -0.996161 -0.0875439 
-0 -0.996161 -0.0875439 -0 -0.996161 -0.0875439 -0 -0.996161 -0.0875439 
-0 -0.996161 -0.0875439 -0 -0.996161 -0.0875439 -0 -0.996161 -0.0875439 
-0 -0.996161 -0.0875439 -0 -0.996161 -0.0875439 -0 -0.996161 -0.0875439 
-0 -0.996161 -0.0875439 -0 -0.996161 -0.0875439 -0 -0.996161 -0.0875439 
-0 -0.996161 -0.0875439 -0 -0.996161 -0.0875439 -0 -0.996161 -0.0875439 
-0 -0.996161 -0.0875439 -0 -0.996161 -0.0875439 -0 -0.996161 -0.0875439 
-0 -0.996161 -0.0875439 -0 -0.996161 -0.0875439 -0 -0.996161 -0.0875439 
-0 -0.996161 -0.0875439 -0 -0.996161 -0.0875439 -0 -0.996161 -0.0875439 
-0 -0.996161 -0.0875439 -0 -0.996161 -0.0875439 -0 -0.996161 -0.0875439 
-0 -0.996161 -0.0875439 -0 -0.996161 -0.0875439 -0 -0.996161 -0.0875439 
-0 -0.996161 -0.0875439 -0 -0.996161 -0.0875439 -0 -0.996161 -0.0875439 
-0 -0.996161 -0.0875439 -0 -0.996161 -0.0875439 -0 -0.996161 -0.0875439 
-0 -1 -0 -0 -1 -0 -0 -1 -0 
-0 -1 -0 -0 -1 -0 -0 -1 -0 
-0 -1 -0 -0 -1 -0 -0 -1 -0 
-0 -1 -0 -0 -1 -0 -0 -1 -0 
-0 -1 -0 -0 -1 -0 -0 -1 -0 
-0 -1 -0 -0 -1 -0 -0 -1 -0 
-0 -1 -0 -0 -1 -0 -0 -1 -0 
-0 -1 -0 -0 -1 -0 -0 -1 -0 
-0 -1 -0 -0 -1 -0 -0 -1 -0 
-0 -1 -0 -0 -1 -0 -0 -1 -0 
-0 -1 -0 -0 -1 -0 -0 -1 -0 
-0 -1 -0 -0 -1 -0 -0 -1 -0 
-0 -1 -0 -0 -1 -0 -0 -1 -0 
-0 -1 -0 -0 -1 -0 -0 -1 -0 
-0 -1 -0 -0 -1 -0 -0 -1 -0 
-0 -1 -0 -0 -1 -0 -0 -1 -0 
-0 -1 -0 -0 -1 -0 -0 -1 -0 
-0 -1 -0 -0 -1 -0 -0 -1 -0 
-0 -1 -0 -0 -1 -0 -0 -1 -0 
-0 -1 -0 -0 -1 -0 -0 -1 -0 
-0 0.996161 -0.0875439 -0 0.996161 -0.0875439 -0 0.996161 -0.0875439 
-0 0.996161 -0.0875439 -0 0.996161 -0.0875439 -0 0.996161 -0.0875439 
-0 0.996161 -0.0875439 -0 0.996161 -0.0875439 -0 0.996161 -0.0875439 
-0 0.996161 -0.0875439 -0 0.996161 -0.0875439 -0 0.996161 -0.0875439 
-0 0.996161 -0.0875439 -0 0.996161 -0.0875439 -0 0.996161 -0.0875439 
-0 0.996161 -0.0875439 -0 0.996161 -0.0875439 -0 0.996161 -0.0875439 
-0 0.996161 -0.0875439 -0 0.996161 -0.0875439 -0 0.996161 -0.0875439 
-0 0.996161 -0.0875439 -0 0.996161 -0.0875439 -0 0.996161 -0.0875439 
-0 0.996161 -0.0875439 -0 0.996161 -0.0875439 -0 0.996161 -0.0875439 
-0 0.996161 -0.0875439 -0 0.996161 -0.0875439 -0 0.996161 -0.0875439 
-0 0.996161 -0.0875439 -0 0.996161 -0.0875439 -0 0.996161 -0.0875439 
-0 0.996161 -0.0875439 -0 0.996161 -0.0875439 -0 0.996161 -0.0875439 
-0 0.996161 -0.0875439 -0 0.996161 -0.0875439 -0 0.996161 -0.0875439 
-0 0.996161 -0.0875439 -0 0.996161 -0.0875439 -0 0.996161 -0.0875439 
-0 0.996161 -0.0875439 -0 0.996161 -0.0875439 -0 0.996161 -0.0875439 
-0 0.996161 -0.0875439 -0 0.996161 -0.0875439 -0 0.996161 -0.0875439 
-0 0.996161 -0.0875439 -0 0.996161 -0.0875439 -0 0.996161 -0.0875439 
-0 0.996161 -0.0875439 -0 0.996161 -0.0875439 -0 0.996161 -0.0875439 
-0 0.996161 -0.0875439 -0 0.996161 -0.0875439 -0 0.996161 -0.0875439 
-0 0.996161 -0.0875439 -0 0.996161 -0.0875439 -0 0.996161 -0.0875439 
-0 1 -0 -0 1 -0 -0 1 -0 
-0 1 -0 -0 1 -0 -0 1 -0 
-0 1 -0 -0 1 -0 -0 1 -0 
-0 1 -0 -0 1 -0 -0 1 -0 
-0 1 -0 -0 1 -0 -0 1 -0 
-0 1 -0 -0 1 -0 -0 1 -0 
-0 1 -0 -0 1 -0 -0 1 -0 
-0 1 -0 -0 1 -0 -0 1 -0 
-0 1 -0 -0 1 -0 -0 1 -0 
-0 1 -0 -0 1 -0 -0 1 -0 
-0 1 -0 -0 1 -0 -0 1 -0 
-0 1 -0 -0 1 -0 -0 1 -0 
-0 1 -0 -0 1 -0 -0 1 -0 
-0 1 -0 -0 1 -0 -0 1 -0 
-0 1 -0 -0 1 -0 -0 1 -0 
-0 1 -0 -0 1 -0 -0 1 -0 
-0 1 -0 -0 1 -0 -0 1 -0 
-0 1 -0 -0 1 -0 -0 1 -0 
-0 1 -0 -0 1 -0 -0 1 -0 
-0 1 -0 -0 1 -0 -0 1 -0 
-0 -1 -0 -0 -1 -0 -0 -1 -0 
-0 -1 -0 -0 -1 -0 -0 -1 -0 
-0 -1 -0 -0 -1 -0 -0 -1 -0 
-0 -1 -0 -0 -1 -0 -0 -1 -0 
-0 -1 -0 -0 -1 -0 -0 -1 -0 
-0 -1 -0 -0 -1 -0 -0 -1 -0 
-0 -1 -0 -0 -1 -0 -0 -1 -0 
-0 -1 -0 -0 -1 -0 -0 -1 -0 
-0 -1 -0 -0 -1 -0 -0 -1 -0 
-0 -1 -0 -0 -1 -0 -0 -1 -0 
-0 -1 -0 -0 -1 -0 -0 -1 -0 
-0 -1 -0 -0 -1 -0 -0 -1 -0 
-0 -1 -0 -0 -1 -0 -0 -1 -0 
-0 -1 -0 -0 -1 -0 -0 -1 -0 
-0 -1 -0 -0 -1 -0 -0 -1 -0 
-0 -1 -0 -0 -1 -0 -0 -1 -0 
-0 -1 -0 -0 -1 -0 -0 -1 -0 
-0 -1 -0 -0 -1 -0 -0 -1 -0 
-0 -1 -0 -0 -1 -0 -0 -1 -0 
-0 -1 -0 -0 -1 -0 -0 -1 -0 
-0 -1 -0 -0 -1 -0 -0 -1 -0 
-0 -1 -0 -0 -1 -0 -0 -1 -0 
-0 -1 -0 -0 -1 -0 -0 -1 -0 
-0 -1 -0 -0 -1 -0 -0 -1 -0 
-0 -1 -0 -0 -1 -0 -0 -1 -0 
-0 -1 -0 -0 -1 -0 -0 -1 -0 
-0 -1 -0 -0 -1 -0 -0 -1 -0 
-0 -1 -0 -0 -1 -0 -0 -1 -0 
-0 -1 -0 -0 -1 -0 -0 -1 -0 
-0 -1 -0 -0 -1 -0 -0 -1 -0 
-0 -1 -0 -0 -1 -0 -0 -1 -0 
-0 -1 -0 -0 -1 -0 -0 -1 -0 
-0 -1 -0 -0 -1 -0 -0 -1 -0 
-0 -1 -0 -0 -1 -0 -0 -1 -0 
-0 -1 -0 -0 -1 -0 -0 -1 -0 
-0 -1 -0 -0 -1 -0 -0 -1 -0 
-0 -1 -0 -0 -1 -0 -0 -1 -0 
-0 -1 -0 -0 -1 -0 -0 -1 -0 
-0 -1 -0 -0 -1 -0 -0 -1 -0 
-0 -1 -0 -0 -1 -0 -0 -1 -0 
-0 1 -0 -0 1 -0 -0 1 -0 
-0 1 -0 -0 1 -0 -0 1 -0 
-0 1 -0 -0 1 -0 -0 1 -0 
-0 1 -0 -0 1 -0 -0 1 -0 
-0 1 -0 -0 1 -0 -0 1 -0 
-0 1 -0 -0 1 -0 -0 1 -0 
-0 1 -0 -0 1 -0 -0 1 -0 
-0 1 -0 -0 1 -0 -0 1 -0 
-0 1 -0 -0 1 -0 -0 1 -0 
-0 1 -0 -0 1 -0 -0 1 -0 
-0 1 -0 -0 1 -0 -0 1 -0 
-0 1 -0 -0 1 -0 -0 1 -0 
-0 1 -0 -0 1 -0 -0 1 -0 
-0 1 -0 -0 1 -0 -0 1 -0 
-0 1 -0 -0 1 -0 -0 1 -0 
-0 1 -0 -0 1 -0 -0 1 -0 
-0 1 -0 -0 1 -0 -0 1 -0 
-0 1 -0 -0 1 -0 -0 1 -0 
-0 1 -0 -0 1 -0 -0 1 -0 
-0 1 -0 -0 1 -0 -0 1 -0 
-0 1 -0 -0 1 -0 -0 1 -0 
-0 1 -0 -0 1 -0 -0 1 -0 
-0 1 -0 -0 1 -0 -0 1 -0 
-0 1 -0 -0 1 -0 -0 1 -0 
-0 1 -0 -0 1 -0 -0 1 -0 
-0 1 -0 -0 1 -0 -0 1 -0 
-0 1 -0 -0 1 -0 -0 1 -0 
-0 1 -0 -0 1 -0 -0 1 -0 
-0 1 -0 -0 1 -0 -0 1 -0 
-0 1 -0 -0 1 -0 -0 1 -0 
-0 1 -0 -0 1 -0 -0 1 -0 
-0 1 -0 -0 1 -0 -0 1 -0 
-0 1 -0 -0 1 -0 -0 1 -0 
-0 1 -0 -0 1 -0 -0 1 -0 
-0 1 -0 -0 1 -0 -0 1 -0 
-0 1 -0 -0 1 -0 -0 1 -0 
-0 1 -0 -0 1 -0 -0 1 -0 
-0 1 -0 -0 1 -0 -0 1 -0 
-0 1 -0 -0 1 -0 -0 1 -0 
-0 1 -0 -0 1 -0 -0 1 -0 
-0 -0.996161 0.0875439 -0 -0.996161 0.0875439 -0 -0.996161 0.0875439 
-0 -0.996161 0.0875439 -0 -0.996161 0.0875439 -0 -0.996161 0.0875439 
-0 -0.996161 0.0875439 -0 -0.996161 0.0875439 -0 -0.996161 0.0875439 
-0 -0.996161 0.0875439 -0 -0.996161 0.0875439 -0 -0.996161 0.0875439 
-0 -0.996161 0.0875439 -0 -0.996161 0.0875439 -0 -0.996161 0.0875439 
-0 -0.996161 0.0875439 -0 -0.996161 0.0875439 -0 -0.996161 0.0875439 
-0 -0.996161 0.0875439 -0 -0.996161 0.0875439 -0 -0.996161 0.0875439 
-0 -0.996161 0.0875439 -0 -0.996161 0.0875439 -0 -0.996161 0.0875439 
-0 -0.996161 0.0875439 -0 -0.996161 0.0875439 -0 -0.996161 0.0875439 
-0 -0.996161 0.0875439 -0 -0.996161 0.0875439 -0 -0.996161 0.0875439 
-0 -0.996161 0.0875439 -0 -0.996161 0.0875439 -0 -0.996161 0.0875439 
-0 -0.996161 0.0875439 -0 -0.996161 0.0875439 -0 -0.996161 0.0875439 
-0 -0.996161 0.0875439 -0 -0.996161 0.0875439 -0 -0.996161 0.0875439 
-0 -0.996161 0.0875439 -0 -0.996161 0.0875439 -0 -0.996161 0.0875439 
-0 -0.996161 0.0875439 -0 -0.996161 0.0875439 -0 -0.996161 0.0875439 
-0 -0.996161 0.0875439 -0 -0.996161 0.0875439 -0 -0.996161 0.0875439 
-0 -0.996161 0.0875439 -0 -0.996161 0.0875439 -0 -0.996161 0.0875439 
-0 -0.996161 0.0875439 -0 -0.996161 0.0875439 -0 -0.996161 0.0875439 
-0 -0.996161 0.0875439 -0 -0.996161 0.0875439 -0 -0.996161 0.0875439 
-0 -0.996161 0.0875439 -0 -0.996161 0.0875439 -0 -0.996161 0.0875439 
-0 0.996161 0.0875439 -0 0.996161 0.0875439 -0 0.996161 0.0875439 
-0 0.996161 0.0875439 -0 0.996161 0.0875439 -0 0.996161 0.0875439 
-0 0.996161 0.0875439 -0 0.996161 0.0875439 -0 0.996161 0.0875439 
-0 0.996161 0.0875439 -0 0.996161 0.0875439 -0 0.996161 0.0875439 
-0 0.996161 0.0875439 -0 0.996161 0.0875439 -0 0.996161 0.0875439 
-0 0.996161 0.0875439 -0 0.996161 0.0875439 -0 0.996161 0.0875439 
-0 0.996161 0.0875439 -0 0.996161 0.0875439 -0 0.996161 0.0875439 
-0 0.996161 0.0875439 -0 0.996161 0.0875439 -0 0.996161 0.0875439 
-0 0.996161 0.0875439 -0 0.996161 0.0875439 -0 0.996161 0.0875439 
-0 0.996161 0.0875439 -0 0.996161 0.0875439 -0 0.996161 0.0875439 
-0 0.996161 0.0875439 -0 0.996161 0.0875439 -0 0.996161 0.0875439 
-0 0.996161 0.0875439 -0 0.996161 0.0875439 -0 0.996161 0.0875439 
-0 0.996161 0.0875439 -0 0.996161 0.0875439 -0 0.996161 0.0875439 
-0 0.996161 0.0875439 -0 0.996161 0.0875439 -0 0.996161 0.0875439 
-0 0.996161 0.0875439 -0 0.996161 0.0875439 -0 0.996161 0.0875439 
-0 0.996161 0.0875439 -0 0.996161 0.0875439 -0 0.996161 0.0875439 
-0 0.996161 0.0875439 -0 0.996161 0.0875439 -0 0.996161 0.0875439 
-0 0.996161 0.0875439 -0 0.996161 0.0875439 -0 0.996161 0.0875439 
-0 0.996161 0.0875439 -0 0.996161 0.0875439 -0 0.996161 0.0875439 
-0 0.996161 0.0875439 -0 0.996161 0.0875439 -0 0.996161 0.0875439 
-0 -0.985926 0.167183 -0 -0.985926 0.167183 -0 -0.985926 0.167183 
-0 -0.985926 0.167183 -0 -0.985926 0.167183 -0 -0.985926 0.167183 
-0 -0.985926 0.167183 -0 -0.985926 0.167183 -0 -0.985926 0.167183 
-0 -0.985926 0.167183 -0 -0.985926 0.167183 -0 -0.985926 0.167183 
-0 -0.985926 0.167183 -0 -0.985926 0.167183 -0 -0.985926 0.167183 
-0 -0.985926 0.167183 -0 -0.985926 0.167183 -0 -0.985926 0.167183 
-0 -0.985926 0.167183 -0 -0.985926 0.167183 -0 -0.985926 0.167183 
-0 -0.985926 0.167183 -0 -0.985926 0.167183 -0 -0.985926 0.167183 
-0 -0.985926 0.167183 -0 -0.985926 0.167183 -0 -0.985926 0.167183 
-0 -0.985926 0.167183 -0 -0.985926 0.167183 -0 -0.985926 0.167183 
-0 -0.985926 0.167183 -0 -0.985926 0.167183 -0 -0.985926 0.167183 
-0 -0.985926 0.167183 -0 -0.985926 0.167183 -0 -0.985926 0.167183 
-0 -0.985926 0.167183 -0 -0.985926 0.167183 -0 -0.985926 0.167183 
-0 -0.985926 0.167183 -0 -0.985926 0.167183 -0 -0.985926 0.167183 
-0 -0.985926 0.167183 -0 -0.985926 0.167183 -0 -0.985926 0.167183 
-0 -0.985926 0.167183 -0 -0.985926 0.167183 -0 -0.985926 0.167183 
-0 -0.985926 0.167183 -0 -0.985926 0.167183 -0 -0.985926 0.167183 
-0 -0.985926 0.167183 -0 -0.985926 0.167183 -0 -0.985926 0.167183 
-0 -0.985926 0.167183 -0 -0.985926 0.167183 -0 -0.985926 0.167183 
-0 -0.985926 0.167183 -0 -0.985926 0.167183 -0 -0.985926 0.167183 
-0 0.985926 0.167183 -0 0.985926 0.167183 -0 0.985926 0.167183 
-0 0.985926 0.167183 -0 0.985926 0.167183 -0 0.985926 0.167183 
-0 0.985926 0.167183 -0 0.985926 0.167183 -0 0.985926 0.167183 
-0 0.985926 0.167183 -0 0.985926 0.167183 -0 0.985926 0.167183 
-0 0.985926 0.167183 -0 0.985926 0.167183 -0 0.985926 0.167183 
-0 0.985926 0.167183 -0 0.985926 0.167183 -0 0.985926 0.167183 
-0 0.985926 0.167183 -0 0.985926 0.167183 -0 0.985926 0.167183 
-0 0.985926 0.167183 -0 0.985926 0.167183 -0 0.985926 0.167183 
-0 0.985926 0.167183 -0 0.985926 0.167183 -0 0.985926 0.167183 
-0 0.985926 0.167183 -0 0.985926 0.167183 -0 0.985926 0.167183 
-0 0.985926 0.167183 -0 0.985926 0.167183 -0 0.985926 0.167183 
-0 0.985926 0.167183 -0 0.985926 0.167183 -0 0.985926 0.167183 
-0 0.985926 0.167183 -0 0.985926 0.167183 -0 0.985926 0.167183 
-0 0.985926 0.167183 -0 0.985926 0.167183 -0 0.985926 0.167183 
-0 0.985926 0.167183 -0 0.985926 0.167183 -0 0.985926 0.167183 
-0 0.985926 0.167183 -0 0.985926 0.167183 -0 0.985926 0.167183 
-0 0.985926 0.167183 -0 0.985926 0.167183 -0 0.985926 0.167183 
-0 0.985926 0.167183 -0 0.985926 0.167183 -0 0.985926 0.167183 
-0 0.985926 0.167183 -0 0.985926 0.167183 -0 0.985926 0.167183 
-0 0.985926 0.167183 -0 0.985926 0.167183 -0 0.985926 0.167183 
-0 -0.971638 0.236474 -0 -0.971638 0.236474 -0 -0.971638 0.236474 
-0 -0.971638 0.236474 -0 -0.971638 0.236474 -0 -0.971638 0.236474 
-0 -0.971638 0.236474 -0 -0.971638 0.236474 -0 -0.971638 0.236474 
-0 -0.971638 0.236474 -0 -0.971638 0.236474 -0 -0.971638 0.236474 
-0 -0.971638 0.236474 -0 -0.971638 0.236474 -0 -0.971638 0.236474 
-0 -0.971638 0.236474 -0 -0.971638 0.236474 -0 -0.971638 0.236474 
-0 -0.971638 0.236474 -0 -0.971638 0.236474 -0 -0.971638 0.236474 
-0 -0.971638 0.236474 -0 -0.971638 0.236474 -0 -0.971638 0.236474 
-0 -0.971638 0.236474 -0 -0.971638 0.236474 -0 -0.971638 0.236474 
-0 -0.971638 0.236474 -0 -0.971638 0.236474 -0 -0.971638 0.236474 
-0 -0.971638 0.236474 -0 -0.971638 0.236474 -0 -0.971638 0.236474 
-0 -0.971638 0.236474 -0 -0.971638 0.236474 -0 -0.971638 0.236474 
-0 -0.971638 0.236474 -0 -0.971638 0.236474 -0 -0.971638 0.236474 
-0 -0.971638 0.236474 -0 -0.971638 0.236474 -0 -0.971638 0.236474 
-0 -0.971638 0.236474 -0 -0.971638 0.236474 -0 -0.971638 0.236474 
-0 -0.971638 0.236474 -0 -0.971638 0.236474 -0 -0.971638 0.236474 
-0 -0.971638 0.236474 -0 -0.971638 0.236474 -0 -0.971638 0.236474 
-0 -0.971638 0.236474 -0 -0.971638 0.236474 -0 -0.971638 0.236474 
-0 -0.971638 0.236474 -0 -0.971638 0.236474 -0 -0.971638 0.236474 
-0 -0.971638 0.236474 -0 -0.971638 0.236474 -0 -0.971638 0.236474 
-0 0.971638 0.236474 -0 0.971638 0.236474 -0 0.971638 0.236474 
-0 0.971638 0.236474 -0 0.971638 0.236474 -0 0.971638 0.236474 
-0 0.971638 0.236474 -0 0.971638 0.236474 -0 0.971638 0.236474 
-0 0.971638 0.236474 -0 0.971638 0.236474 -0 0.971638 0.236474 
-0 0.971638 0.236474 -0 0.971638 0.236474 -0 0.971638 0.236474 
-0 0.971638 0.236474 -0 0.971638 0.236474 -0 0.971638 0.236474 
-0 0.971638 0.236474 -0 0.971638 0.236474 -0 0.971638 0.236474 
-0 0.971638 0.236474 -0 0.971638 0.236474 -0 0.971638 0.236474 
-0 0.971638 0.236474 -0 0.971638 0.236474 -0 0.971638 0.236474 
-0 0.971638 0.236474 -0 0.971638 0.236474 -0 0.971638 0.236474 
-0 0.971638 0.236474 -0 0.971638 0.236474 -0 0.971638 0.236474 
-0 0.971638 0.236474 -0 0.971638 0.236474 -0 0.971638 0.236474 
-0 0.971638 0.236474 -0 0.971638 0.236474 -0 0.971638 0.236474 
-0 0.971638 0.236474 -0 0.971638 0.236474 -0 0.971638 0.236474 
-0 0.971638 0.236474 -0 0.971638 0.236474 -0 0.971638 0.236474 
-0 0.971638 0.236474 -0 0.971638 0.236474 -0 0.971638 0.236474 
-0 0.971638 0.236474 -0 0.971638 0.236474 -0 0.971638 0.236474 
-0 0.971638 0.236474 -0 0.971638 0.236474 -0 0.971638 0.236474 
-0 0.971638 0.236474 -0 0.971638 0.236474 -0 0.971638 0.236474 
-0 0.971638 0.236474 -0 0.971638 0.236474 -0 0.971638 0.236474 
-0 -0.951686 0.307072 -0 -0.951686 0.307072 -0 -0.951686 0.307072 
-0 -0.951686 0.307072 -0 -0.951686 0.307072 -0 -0.951686 0.307072 
-0 -0.951686 0.307072 -0 -0.951686 0.307072 -0 -0.951686 0.307072 
-0 -0.951686 0.307072 -0 -0.951686 0.307072 -0 -0.951686 0.307072 
-0 -0.951686 0.307072 -0 -0.951686 0.307072 -0 -0.951686 0.307072 
-0 -0.951686 0.307072 -0 -0.951686 0.307072 -0 -0.951686 0.307072 
-0 -0.951686 0.307072 -0 -0.951686 0.307072 -0 -0.951686 0.307072 
-0 -0.951686 0.307072 -0 -0.951686 0.307072 -0 -0.951686 0.307072 
-0 -0.951686 0.307072 -0 -0.951686 0.307072 -0 -0.951686 0.307072 
-0 -0.951686 0.307072 -0 -0.951686 0.307072 -0 -0.951686 0.307072 
-0 -0.951686 0.307072 -0 -0.951686 0.307072 -0 -0.951686 0.307072 
-0 -0.951686 0.307072 -0 -0.951686 0.307072 -0 -0.951686 0.307072 
-0 -0.951686 0.307072 -0 -0.951686 0.307072 -0 -0.951686 0.307072 
-0 -0.951686 0.307072 -0 -0.951686 0.307072 -0 -0.951686 0.307072 
-0 -0.951686 0.307072 -0 -0.951686 0.307072 -0 -0.951686 0.307072 
-0 -0.951686 0.307072 -0 -0.951686 0.307072 -0 -0.951686 0.307072 
-0 -0.951686 0.307072 -0 -0.951686 0.307072 -0 -0.951686 0.307072 
-0 -0.951686 0.307072 -0 -0.951686 0.307072 -0 -0.951686 0.307072 
-0 -0.951686 0.307072 -0 -0.951686 0.307072 -0 -0.951686 0.307072 
-0 -0.951686 0.307072 -0 -0.951686 0.307072 -0 -0.951686 0.307072 
-0 0.951686 0.307072 -0 0.951686 0.307072 -0 0.951686 0.307072 
-0 0.951686 0.307072 -0 0.951686 0.307072 -0 0.951686 0.307072 
-0 0.951686 0.307072 -0 0.951686 0.307072 -0 0.951686 0.307072 
-0 0.951686 0.307072 -0 0.951686 0.307072 -0 0.951686 0.307072 
-0 0.951686 0.307072 -0 0.951686 0.307072 -0 0.951686 0.307072 
-0 0.951686 0.307072 -0 0.951686 0.307072 -0 0.951686 0.307072 
-0 0.951686 0.307072 -0 0.951686 0.307072 -0 0.951686 0.307072 
-0 0.951686 0.307072 -0 0.951686 0.307072 -0 0.951686 0.307072 
-0 0.951686 0.307072 -0 0.951686 0.307072 -0 0.951686 0.307072 
-0 0.951686 0.307072 -0 0.951686 0.307072 -0 0.951686 0.307072 
-0 0.951686 0.307072 -0 0.951686 0.307072 -0 0.951686 0.307072 
-0 0.951686 0.307072 -0 0.951686 0.307072 -0 0.951686 0.307072 
-0 0.951686 0.307072 -0 0.951686 0.307072 -0 0.951686 0.307072 
-0 0.951686 0.307072 -0 0.951686 0.307072 -0 0.951686 0.307072 
-0 0.951686 0.307072 -0 0.951686 0.307072 -0 0.951686 0.307072 
-0 0.951686 0.307072 -0 0.951686 0.307072 -0 0.951686 0.307072 
-0 0.951686 0.307072 -0 0.951686 0.307072 -0 0.951686 0.307072 
-0 0.951686 0.307072 -0 0.951686 0.307072 -0 0.951686 0.307072 
-0 0.951686 0.307072 -0 0.951686 0.307072 -0 0.951686 0.307072 
-0 0.951686 0.307072 -0 0.951686 0.307072 -0 0.951686 0.307072 
-0 -0.918705 0.394943 -0 -0.918705 0.394943 -0 -0.918705 0.394943 
-0 -0.918705 0.394943 -0 -0.918705 0.394943 -0 -0.918705 0.394943 
-0 -0.918705 0.394943 -0 -0.918705 0.394943 -0 -0.918705 0.394943 
-0 -0.918705 0.394943 -0 -0.918705 0.394943 -0 -0.918705 0.394943 
-0 -0.918705 0.394943 -0 -0.918705 0.394943 -0 -0.918705 0.394943 
-0 -0.918705 0.394943 -0 -0.918705 0.394943 -0 -0.918705 0.394943 
-0 -0.918705 0.394943 -0 -0.918705 0.394943 -0 -0.918705 0.394943 
-0 -0.918705 0.394943 -0 -0.918705 0.394943 -0 -0.918705 0.394943 
-0 -0.918705 0.394943 -0 -0.918705 0.394943 -0 -0.918705 0.394943 
-0 -0.918705 0.394943 -0 -0.918705 0.394943 -0 -0.918705 0.394943 
-0 -0.918705 0.394943 -0 -0.918705 0.394943 -0 -0.918705 0.394943 
-0 -0.918705 0.394943 -0 -0.918705 0.394943 -0 -0.918705 0.394943 
-0 -0.918705 0.394943 -0 -0.918705 0.394943 -0 -0.918705 0.394943 
-0 -0.918705 0.394943 -0 -0.918705 0.394943 -0 -0.918705 0.394943 
-0 -0.918705 0.394943 -0 -0.918705 0.394943 -0 -0.918705 0.394943 
-0 -0.918705 0.394943 -0 -0.918705 0.394943 -0 -0.918705 0.394943 
-0 -0.918705 0.394943 -0 -0.918705 0.394943 -0 -0.918705 0.394943 
-0 -0.918705 0.394943 -0 -0.918705 0.394943 -0 -0.918705 0.394943 
-0 -0.918705 0.394943 -0 -0.918705 0.394943 -0 -0.918705 0.394943 
-0 -0.918705 0.394943 -0 -0.918705 0.394943 -0 -0.918705 0.394943 
-0 -0.905508 0.424328 -0 -0.905508 0.424328 -0 -0.905508 0.424328 
-0 -0.905508 0.424328 -0 -0.905508 0.424328 -0 -0.905508 0.424328 
-0 -0.905508 0.424328 -0 -0.905508 0.424328 -0 -0.905508 0.424328 
-0 -0.905508 0.424328 -0 -0.905508 0.424328 -0 -0.905508 0.424328 
-0 -0.905508 0.424328 -0 -0.905508 0.424328 -0 -0.905508 0.424328 
-0 -0.905508 0.424328 -0 -0.905508 0.424328 -0 -0.905508 0.424328 
-0 -0.905508 0.424328 -0 -0.905508 0.424328 -0 -0.905508 0.424328 
-0 -0.905508 0.424328 -0 -0.905508 0.424328 -0 -0.905508 0.424328 
-0 -0.905508 0.424328 -0 -0.905508 0.424328 -0 -0.905508 0.424328 
-0 -0.905508 0.424328 -0 -0.905508 0.424328 -0 -0.905508 0.424328 
-0 -0.905508 0.424328 -0 -0.905508 0.424328 -0 -0.905508 0.424328 
-0 -0.905508 0.424328 -0 -0.905508 0.424328 -0 -0.905508 0.424328 
-0 -0.905508 0.424328 -0 -0.905508 0.424328 -0 -0.905508 0.424328 
-0 -0.905508 0.424328 -0 -0.905508 0.424328 -0 -0.905508 0.424328 
-0 -0.905508 0.424328 -0 -0.905508 0.424328 -0 -0.905508 0.424328 
-0 -0.905508 0.424328 -0 -0.905508 0.424328 -0 -0.905508 0.424328 
-0 -0.905508 0.424328 -0 -0.905508 0.424328 -0 -0.905508 0.424328 
-0 -0.905508 0.424328 -0 -0.905508 0.424328 -0 -0.905508 0.424328 
-0 -0.905508 0.424328 -0 -0.905508 0.424328 -0 -0.905508 0.424328 
-0 -0.905508 0.424328 -0 -0.905508 0.424328 -0 -0.905508 0.424328 
-0 0.918705 0.394943 -0 0.918705 0.394943 -0 0.918705 0.394943 
-0 0.918705 0.394943 -0 0.918705 0.394943 -0 0.918705 0.394943 
-0 0.918705 0.394943 -0 0.918705 0.394943 -0 0.918705 0.394943 
-0 0.918705 0.394943 -0 0.918705 0.394943 -0 0.918705 0.394943 
-0 0.918705 0.394943 -0 0.918705 0.394943 -0 0.918705 0.394943 
-0 0.918705 0.394943 -0 0.918705 0.394943 -0 0.918705 0.394943 
-0 0.918705 0.394943 -0 0.918705 0.394943 -0 0.918705 0.394943 
-0 0.918705 0.394943 -0 0.918705 0.394943 -0 0.918705 0.394943 
-0 0.918705 0.394943 -0 0.918705 0.394943 -0 0.918705 0.394943 
-0 0.918705 0.394943 -0 0.918705 0.394943 -0 0.918705 0.394943 
-0 0.918705 0.394943 -0 0.918705 0.394943 -0 0.918705 0.394943 
-0 0.918705 0.394943 -0 0.918705 0.394943 -0 0.918705 0.394943 
-0 0.918705 0.394943 -0 0.918705 0.394943 -0 0.918705 0.394943 
-0 0.918705 0.394943 -0 0.918705 0.394943 -0 0.918705 0.394943 
-0 0.918705 0.394943 -0 0.918705 0.394943 -0 0.918705 0.394943 
-0 0.918705 0.394943 -0 0.918705 0.394943 -0 0.918705 0.394943 
-0 0.918705 0.394943 -0 0.918705 0.394943 -0 0.918705 0.394943 
-0 0.918705 0.394943 -0 0.918705 0.394943 -0 0.918705 0.394943 
-0 0.918705 0.394943 -0 0.918705 0.394943 -0 0.918705 0.394943 
-0 0.918705 0.394943 -0 0.918705 0.394943 -0 0.918705 0.394943 
-0 0.905508 0.424328 -0 0.905508 0.424328 -0 0.905508 0.424328 
-0 0.905508 0.424328 -0 0.905508 0.424328 -0 0.905508 0.424328 
-0 0.905508 0.424328 -0 0.905508 0.424328 -0 0.905508 0.424328 
-0 0.905508 0.424328 -0 0.905508 0.424328 -0 0.905508 0.424328 
-0 0.905508 0.424328 -0 0.905508 0.424328 -0 0.905508 0.424328 
-0 0.905508 0.424328 -0 0.905508 0.424328 -0 0.905508 0.424328 
-0 0.905508 0.424328 -0 0.905508 0.424328 -0 0.905508 0.424328 
-0 0.905508 0.424328 -0 0.905508 0.424328 -0 0.905508 0.424328 
-0 0.905508 0.424328 -0 0.905508 0.424328 -0 0.905508 0.424328 
-0 0.905508 0.424328 -0 0.905508 0.424328 -0 0.905508 0.424328 
-0 0.905508 0.424328 -0 0.905508 0.424328 -0 0.905508 0.424328 
-0 0.905508 0.424328 -0 0.905508 0.424328 -0 0.905508 0.424328 
-0 0.905508 0.424328 -0 0.905508 0.424328 -0 0.905508 0.424328 
-0 0.905508 0.424328 -0 0.905508 0.424328 -0 0.905508 0.424328 
-0 0.905508 0.424328 -0 0.905508 0.424328 -0 0.905508 0.424328 
-0 0.905508 0.424328 -0 0.905508 0.424328 -0 0.905508 0.424328 
-0 0.905508 0.424328 -0 0.905508 0.424328 -0 0.905508 0.424328 
-0 0.905508 0.424328 -0 0.905508 0.424328 -0 0.905508 0.424328 
-0 0.905508 0.424328 -0 0.905508 0.424328 -0 0.905508 0.424328 
-0 0.905508 0.424328 -0 0.905508 0.424328 -0 0.905508 0.424328 
-0 -0.892628 0.450794 -0 -0.892628 0.450794 -0 -0.892628 0.450794 
-0 -0.892628 0.450794 -0 -0.892628 0.450794 -0 -0.892628 0.450794 
-0 -0.892628 0.450794 -0 -0.892628 0.450794 -0 -0.892628 0.450794 
-0 -0.892628 0.450794 -0 -0.892628 0.450794 -0 -0.892628 0.450794 
-0 -0.892628 0.450794 -0 -0.892628 0.450794 -0 -0.892628 0.450794 
-0 -0.892628 0.450794 -0 -0.892628 0.450794 -0 -0.892628 0.450794 
-0 -0.892628 0.450794 -0 -0.892628 0.450794 -0 -0.892628 0.450794 
-0 -0.892628 0.450794 -0 -0.892628 0.450794 -0 -0.892628 0.450794 
-0 -0.892628 0.450794 -0 -0.892628 0.450794 -0 -0.892628 0.450794 
-0 -0.892628 0.450794 -0 -0.892628 0.450794 -0 -0.892628 0.450794 
-0 -0.892628 0.450794 -0 -0.892628 0.450794 -0 -0.892628 0.450794 
-0 -0.892628 0.450794 -0 -0.892628 0.450794 -0 -0.892628 0.450794 
-0 -0.892628 0.450794 -0 -0.892628 0.450794 -0 -0.892628 0.450794 
-0 -0.892628 0.450794 -0 -0.892628 0.450794 -0 -0.892628 0.450794 
-0 -0.892628 0.450794 -0 -0.892628 0.450794 -0 -0.892628 0.450794 
-0 -0.892628 0.450794 -0 -0.892628 0.450794 -0 -0.892628 0.450794 
-0 -0.892628 0.450794 -0 -0.892628 0.450794 -0 -0.892628 0.450794 
-0 -0.892628 0.450794 -0 -0.892628 0.450794 -0 -0.892628 0.450794 
-0 -0.892628 0.450794 -0 -0.892628 0.450794 -0 -0.892628 0.450794 
-0 -0.892628 0.450794 -0 -0.892628 0.450794 -0 -0.892628 0.450794 
-0 0.892628 0.450794 -0 0.892628 0.450794 -0 0.892628 0.450794 
-0 0.892628 0.450794 -0 0.892628 0.450794 -0 0.892628 0.450794 
-0 0.892628 0.450794 -0 0.892628 0.450794 -0 0.892628 0.450794 
-0 0.892628 0.450794 -0 0.892628 0.450794 -0 0.892628 0.450794 
-0 0.892628 0.450794 -0 0.892628 0.450794 -0 0.892628 0.450794 
-0 0.892628 0.450794 -0 0.892628 0.450794 -0 0.892628 0.450794 
-0 0.892628 0.450794 -0 0.892628 0.450794 -0 0.892628 0.450794 
-0 0.892628 0.450794 -0 0.892628 0.450794 -0 0.892628 0.450794 
-0 0.892628 0.450794 -0 0.892628 0.450794 -0 0.892628 0.450794 
-0 0.892628 0.450794 -0 0.892628 0.450794 -0 0.892628 0.450794 
-0 0.892628 0.450794 -0 0.892628 0.450794 -0 0.892628 0.450794 
-0 0.892628 0.450794 -0 0.892628 0.450794 -0 0.892628 0.450794 
-0 0.892628 0.450794 -0 0.892628 0.450794 -0 0.892628 0.450794 
-0 0.892628 0.450794 -0 0.892628 0.450794 -0 0.892628 0.450794 
-0 0.892628 0.450794 -0 0.892628 0.450794 -0 0.892628 0.450794 
-0 0.892628 0.450794 -0 0.892628 0.450794 -0 0.892628 0.450794 
-0 0.892628 0.450794 -0 0.892628 0.450794 -0 0.892628 0.450794 
-0 0.892628 0.450794 -0 0.892628 0.450794 -0 0.892628 0.450794 
-0 0.892628 0.450794 -0 0.892628 0.450794 -0 0.892628 0.450794 
-0 0.892628 0.450794 -0 0.892628 0.450794 -0 0.892628 0.450794 
-0 -0.858022 0.513614 -0 -0.858022 0.513614 -0 -0.858022 0.513614 
-0 -0.858022 0.513614 -0 -0.858022 0.513614 -0 -0.858022 0.513614 
-0 -0.858022 0.513614 -0 -0.858022 0.513614 -0 -0.858022 0.513614 
-0 -0.858022 0.513614 -0 -0.858022 0.513614 -0 -0.858022 0.513614 
-0 -0.858022 0.513614 -0 -0.858022 0.513614 -0 -0.858022 0.513614 
-0 -0.858022 0.513614 -0 -0.858022 0.513614 -0 -0.858022 0.513614 
-0 -0.858022 0.513614 -0 -0.858022 0.513614 -0 -0.858022 0.513614 
-0 -0.858022 0.513614 -0 -0.858022 0.513614 -0 -0.858022 0.513614 
-0 -0.858022 0.513614 -0 -0.858022 0.513614 -0 -0.858022 0.513614 
-0 -0.858022 0.513614 -0 -0.858022 0.513614 -0 -0.858022 0.513614 
-0 -0.858022 0.513614 -0 -0.858022 0.513614 -0 -0.858022 0.513614 
-0 -0.858022 0.513614 -0 -0.858022 0.513614 -0 -0.858022 0.513614 
-0 -0.858022 0.513614 -0 -0.858022 0.513614 -0 -0.858022 0.513614 
-0 -0.858022 0.513614 -0 -0.858022 0.513614 -0 -0.858022 0.513614 
-0 -0.858022 0.513614 -0 -0.858022 0.513614 -0 -0.858022 0.513614 
-0 -0.858022 0.513614 -0 -0.858022 0.513614 -0 -0.858022 0.513614 
-0 -0.858022 0.513614 -0 -0.858022 0.513614 -0 -0.858022 0.513614 
-0 -0.858022 0.513614 -0 -0.858022 0.513614 -0 -0.858022 0.513614 
-0 -0.858022 0.513614 -0 -0.858022 0.513614 -0 -0.858022 0.513614 
-0 -0.858022 0.513614 -0 -0.858022 0.513614 -0 -0.858022 0.513614 
-0 -0.837079 0.547083 -0 -0.837079 0.547083 -0 -0.837079 0.547083 
-0 -0.837079 0.547083 -0 -0.837079 0.547083 -0 -0.837079 0.547083 
-0 -0.837079 0.547083 -0 -0.837079 0.547083 -0 -0.837079 0.547083 
-0 -0.837079 0.547083 -0 -0.837079 0.547083 -0 -0.837079 0.547083 
-0 -0.837079 0.547083 -0 -0.837079 0.547083 -0 -0.837079 0.547083 
-0 -0.837079 0.547083 -0 -0.837079 0.547083 -0 -0.837079 0.547083 
-0 -0.837079 0.547083 -0 -0.837079 0.547083 -0 -0.837079 0.547083 
-0 -0.837079 0.547083 -0 -0.837079 0.547083 -0 -0.837079 0.547083 
-0 -0.837079 0.547083 -0 -0.837079 0.547083 -0 -0.837079 0.547083 
-0 -0.837079 0.547083 -0 -0.837079 0.547083 -0 -0.837079 0.547083 
-0 -0.837079 0.547083 -0 -0.837079 0.547083 -0 -0.837079 0.547083 
-0 -0.837079 0.547083 -0 -0.837079 0.547083 -0 -0.837079 0.547083 
-0 -0.837079 0.547083 -0 -0.837079 0.547083 -0 -0.837079 0.547083 
-0 -0.837079 0.547083 -0 -0.837079 0.547083 -0 -0.837079 0.547083 
-0 -0.837079 0.547083 -0 -0.837079 0.547083 -0 -0.837079 0.547083 
-0 -0.837079 0.547083 -0 -0.837079 0.547083 -0 -0.837079 0.547083 
-0 -0.837079 0.547083 -0 -0.837079 0.547083 -0 -0.837079 0.547083 
-0 -0.837079 0.547083 -0 -0.837079 0.547083 -0 -0.837079 0.547083 
-0 -0.837079 0.547083 -0 -0.837079 0.547083 -0 -0.837079 0.547083 
-0 -0.837079 0.547083 -0 -0.837079 0.547083 -0 -0.837079 0.547083 
-0 0.858022 0.513614 -0 0.858022 0.513614 -0 0.858022 0.513614 
-0 0.858022 0.513614 -0 0.858022 0.513614 -0 0.858022 0.513614 
-0 0.858022 0.513614 -0 0.858022 0.513614 -0 0.858022 0.513614 
-0 0.858022 0.513614 -0 0.858022 0.513614 -0 0.858022 0.513614 
-0 0.858022 0.513614 -0 0.858022 0.513614 -0 0.858022 0.513614 
-0 0.858022 0.513614 -0 0.858022 0.513614 -0 0.858022 0.513614 
-0 0.858022 0.513614 -0 0.858022 0.513614 -0 0.858022 0.513614 
-0 0.858022 0.513614 -0 0.858022 0.513614 -0 0.858022 0.513614 
-0 0.858022 0.513614 -0 0.858022 0.513614 -0 0.858022 0.513614 
-0 0.858022 0.513614 -0 0.858022 0.513614 -0 0.858022 0.513614 
-0 0.858022 0.513614 -0 0.858022 0.513614 -0 0.858022 0.513614 
-0 0.858022 0.513614 -0 0.858022 0.513614 -0 0.858022 0.513614 
-0 0.858022 0.513614 -0 0.858022 0.513614 -0 0.858022 0.513614 
-0 0.858022 0.513614 -0 0.858022 0.513614 -0 0.858022 0.513614 
-0 0.858022 0.513614 -0 0.858022 0.513614 -0 0.858022 0.513614 
-0 0.858022 0.513614 -0 0.858022 0.513614 -0 0.858022 0.513614 
-0 0.858022 0.513614 -0 0.858022 0.513614 -0 0.858022 0.513614 
-0 0.858022 0.513614 -0 0.858022 0.513614 -0 0.858022 0.513614 
-0 0.858022 0.513614 -0 0.858022 0.513614 -0 0.858022 0.513614 
-0 0.858022 0.513614 -0 0.858022 0.513614 -0 0.858022 0.513614 
-0 0.837079 0.547083 -0 0.837079 0.547083 -0 0.837079 0.547083 
-0 0.837079 0.547083 -0 0.837079 0.547083 -0 0.837079 0.547083 
-0 0.837079 0.547083 -0 0.837079 0.547083 -0 0.837079 0.547083 
-0 0.837079 0.547083 -0 0.837079 0.547083 -0 0.837079 0.547083 
-0 0.837079 0.547083 -0 0.837079 0.547083 -0 0.837079 0.547083 
-0 0.837079 0.547083 -0 0.837079 0.547083 -0 0.837079 0.547083 
-0 0.837079 0.547083 -0 0.837079 0.547083 -0 0.837079 0.547083 
-0 0.837079 0.547083 -0 0.837079 0.547083 -0 0.837079 0.547083 
-0 0.837079 0.547083 -0 0.837079 0.547083 -0 0.837079 0.547083 
-0 0.837079 0.547083 -0 0.837079 0.547083 -0 0.837079 0.547083 
-0 0.837079 0.547083 -0 0.837079 0.547083 -0 0.837079 0.547083 
-0 0.837079 0.547083 -0 0.837079 0.547083 -0 0.837079 0.547083 
-0 0.837079 0.547083 -0 0.837079 0.547083 -0 0.837079 0.547083 
-0 0.837079 0.547083 -0 0.837079 0.547083 -0 0.837079 0.547083 
-0 0.837079 0.547083 -0 0.837079 0.547083 -0 0.837079 0.547083 
-0 0.837079 0.547083 -0 0.837079 0.547083 -0 0.837079 0.547083 
-0 0.837079 0.547083 -0 0.837079 0.547083 -0 0.837079 0.547083 
-0 0.837079 0.547083 -0 0.837079 0.547083 -0 0.837079 0.547083 
-0 0.837079 0.547083 -0 0.837079 0.547083 -0 0.837079 0.547083 
-0 0.837079 0.547083 -0 0.837079 0.547083 -0 0.837079 0.547083 
-0 -0.822283 0.569078 -0 -0.822283 0.569078 -0 -0.822283 0.569078 
-0 -0.822283 0.569078 -0 -0.822283 0.569078 -0 -0.822283 0.569078 
-0 -0.822283 0.569078 -0 -0.822283 0.569078 -0 -0.822283 0.569078 
-0 -0.822283 0.569078 -0 -0.822283 0.569078 -0 -0.822283 0.569078 
-0 -0.822283 0.569078 -0 -0.822283 0.569078 -0 -0.822283 0.569078 
-0 -0.822283 0.569078 -0 -0.822283 0.569078 -0 -0.822283 0.569078 
-0 -0.822283 0.569078 -0 -0.822283 0.569078 -0 -0.822283 0.569078 
-0 -0.822283 0.569078 -0 -0.822283 0.569078 -0 -0.822283 0.569078 
-0 -0.822283 0.569078 -0 -0.822283 0.569078 -0 -0.822283 0.569078 
-0 -0.822283 0.569078 -0 -0.822283 0.569078 -0 -0.822283 0.569078 
-0 -0.822283 0.569078 -0 -0.822283 0.569078 -0 -0.822283 0.569078 
-0 -0.822283 0.569078 -0 -0.822283 0.569078 -0 -0.822283 0.569078 
-0 -0.822283 0.569078 -0 -0.822283 0.569078 -0 -0.822283 0.569078 
-0 -0.822283 0.569078 -0 -0.822283 0.569078 -0 -0.822283 0.569078 
-0 -0.822283 0.569078 -0 -0.822283 0.569078 -0 -0.822283 0.569078 
-0 -0.822283 0.569078 -0 -0.822283 0.569078 -0 -0.822283 0.569078 
-0 -0.822283 0.569078 -0 -0.822283 0.569078 -0 -0.822283 0.569078 
-0 -0.822283 0.569078 -0 -0.822283 0.569078 -0 -0.822283 0.569078 
-0 -0.822283 0.569078 -0 -0.822283 0.569078 -0 -0.822283 0.569078 
-0 -0.822283 0.569078 -0 -0.822283 0.569078 -0 -0.822283 0.569078 
-0 0.822283 0.569078 -0 0.822283 0.569078 -0 0.822283 0.569078 
-0 0.822283 0.569078 -0 0.822283 0.569078 -0 0.822283 0.569078 
-0 0.822283 0.569078 -0 0.822283 0.569078 -0 0.822283 0.569078 
-0 0.822283 0.569078 -0 0.822283 0.569078 -0 0.822283 0.569078 
-0 0.822283 0.569078 -0 0.822283 0.569078 -0 0.822283 0.569078 
-0 0.822283 0.569078 -0 0.822283 0.569078 -0 0.822283 0.569078 
-0 0.822283 0.569078 -0 0.822283 0.569078 -0 0.822283 0.569078 
-0 0.822283 0.569078 -0 0.822283 0.569078 -0 0.822283 0.569078 
-0 0.822283 0.569078 -0 0.822283 0.569078 -0 0.822283 0.569078 
-0 0.822283 0.569078 -0 0.822283 0.569078 -0 0.822283 0.569078 
-0 0.822283 0.569078 -0 0.822283 0.569078 -0 0.822283 0.569078 
-0 0.822283 0.569078 -0 0.822283 0.569078 -0 0.822283 0.569078 
-0 0.822283 0.569078 -0 0.822283 0.569078 -0 0.822283 0.569078 
-0 0.822283 0.569078 -0 0.822283 0.569078 -0 0.822283 0.569078 
-0 0.822283 0.569078 -0 0.822283 0.569078 -0 0.822283 0.569078 
-0 0.822283 0.569078 -0 0.822283 0.569078 -0 0.822283 0.569078 
-0 0.822283 0.569078 -0 0.822283 0.569078 -0 0.822283 0.569078 
-0 0.822283 0.569078 -0 0.822283 0.569078 -0 0.822283 0.569078 
-0 0.822283 0.569078 -0 0.822283 0.569078 -0 0.822283 0.569078 
-0 0.822283 0.569078 -0 0.822283 0.569078 -0 0.822283 0.569078 
-0 -0.77592 0.630831 -0 -0.77592 0.630831 -0 -0.77592 0.630831 
-0 -0.77592 0.630831 -0 -0.77592 0.630831 -0 -0.77592 0.630831 
-0 -0.77592 0.630831 -0 -0.77592 0.630831 -0 -0.77592 0.630831 
-0 -0.77592 0.630831 -0 -0.77592 0.630831 -0 -0.77592 0.630831 
-0 -0.77592 0.630831 -0 -0.77592 0.630831 -0 -0.77592 0.630831 
-0 -0.77592 0.630831 -0 -0.77592 0.630831 -0 -0.77592 0.630831 
-0 -0.77592 0.630831 -0 -0.77592 0.630831 -0 -0.77592 0.630831 
-0 -0.77592 0.630831 -0 -0.77592 0.630831 -0 -0.77592 0.630831 
-0 -0.77592 0.630831 -0 -0.77592 0.630831 -0 -0.77592 0.630831 
-0 -0.77592 0.630831 -0 -0.77592 0.630831 -0 -0.77592 0.630831 
-0 -0.77592 0.630831 -0 -0.77592 0.630831 -0 -0.77592 0.630831 
-0 -0.77592 0.630831 -0 -0.77592 0.630831 -0 -0.77592 0.630831 
-0 -0.77592 0.630831 -0 -0.77592 0.630831 -0 -0.77592 0.630831 
-0 -0.77592 0.630831 -0 -0.77592 0.630831 -0 -0.77592 0.630831 
-0 -0.77592 0.630831 -0 -0.77592 0.630831 -0 -0.77592 0.630831 
-0 -0.77592 0.630831 -0 -0.77592 0.630831 -0 -0.77592 0.630831 
-0 -0.77592 0.630831 -0 -0.77592 0.630831 -0 -0.77592 0.630831 
-0 -0.77592 0.630831 -0 -0.77592 0.630831 -0 -0.77592 0.630831 
-0 -0.77592 0.630831 -0 -0.77592 0.630831 -0 -0.77592 0.630831 
-0 -0.77592 0.630831 -0 -0.77592 0.630831 -0 -0.77592 0.630831 
-0 -0.77592 0.630831 -0 -0.77592 0.630831 -0 -0.77592 0.630831 
-0 -0.77592 0.630831 -0 -0.77592 0.630831 -0 -0.77592 0.630831 
-0 -0.77592 0.630831 -0 -0.77592 0.630831 -0 -0.77592 0.630831 
-0 -0.77592 0.630831 -0 -0.77592 0.630831 -0 -0.77592 0.630831 
-0 -0.77592 0.630831 -0 -0.77592 0.630831 -0 -0.77592 0.630831 
-0 -0.77592 0.630831 -0 -0.77592 0.630831 -0 -0.77592 0.630831 
-0 -0.77592 0.630831 -0 -0.77592 0.630831 -0 -0.77592 0.630831 
-0 -0.77592 0.630831 -0 -0.77592 0.630831 -0 -0.77592 0.630831 
-0 -0.77592 0.630831 -0 -0.77592 0.630831 -0 -0.77592 0.630831 
-0 -0.77592 0.630831 -0 -0.77592 0.630831 -0 -0.77592 0.630831 
-0 -0.77592 0.630831 -0 -0.77592 0.630831 -0 -0.77592 0.630831 
-0 -0.77592 0.630831 -0 -0.77592 0.630831 -0 -0.77592 0.630831 
-0 -0.77592 0.630831 -0 -0.77592 0.630831 -0 -0.77592 0.630831 
-0 -0.77592 0.630831 -0 -0.77592 0.630831 -0 -0.77592 0.630831 
-0 -0.77592 0.630831 -0 -0.77592 0.630831 -0 -0.77592 0.630831 
-0 -0.77592 0.630831 -0 -0.77592 0.630831 -0 -0.77592 0.630831 
-0 -0.77592 0.630831 -0 -0.77592 0.630831 -0 -0.77592 0.630831 
-0 -0.77592 0.630831 -0 -0.77592 0.630831 -0 -0.77592 0.630831 
-0 -0.77592 0.630831 -0 -0.77592 0.630831 -0 -0.77592 0.630831 
-0 -0.77592 0.630831 -0 -0.77592 0.630831 -0 -0.77592 0.630831 
-0 0.77592 0.630831 -0 0.77592 0.630831 -0 0.77592 0.630831 
-0 0.77592 0.630831 -0 0.77592 0.630831 -0 0.77592 0.630831 
-0 0.77592 0.630831 -0 0.77592 0.630831 -0 0.77592 0.630831 
-0 0.77592 0.630831 -0 0.77592 0.630831 -0 0.77592 0.630831 
-0 0.77592 0.630831 -0 0.77592 0.630831 -0 0.77592 0.630831 
-0 0.77592 0.630831 -0 0.77592 0.630831 -0 0.77592 0.630831 
-0 0.77592 0.630831 -0 0.77592 0.630831 -0 0.77592 0.630831 
-0 0.77592 0.630831 -0 0.77592 0.630831 -0 0.77592 0.630831 
-0 0.77592 0.630831 -0 0.77592 0.630831 -0 0.77592 0.630831 
-0 0.77592 0.630831 -0 0.77592 0.630831 -0 0.77592 0.630831 
-0 0.77592 0.630831 -0 0.77592 0.630831 -0 0.77592 0.630831 
-0 0.77592 0.630831 -0 0.77592 0.630831 -0 0.77592 0.630831 
-0 0.77592 0.630831 -0 0.77592 0.630831 -0 0.77592 0.630831 
-0 0.77592 0.630831 -0 0.77592 0.630831 -0 0.77592 0.630831 
-0 0.77592 0.630831 -0 0.77592 0.630831 -0 0.77592 0.630831 
-0 0.77592 0.630831 -0 0.77592 0.630831 -0 0.77592 0.630831 
-0 0.77592 0.630831 -0 0.77592 0.630831 -0 0.77592 0.630831 
-0 0.77592 0.630831 -0 0.77592 0.630831 -0 0.77592 0.630831 
-0 0.77592 0.630831 -0 0.77592 0.630831 -0 0.77592 0.630831 
-0 0.77592 0.630831 -0 0.77592 0.630831 -0 0.77592 0.630831 
-0 0.77592 0.630831 -0 0.77592 0.630831 -0 0.77592 0.630831 
-0 0.77592 0.630831 -0 0.77592 0.630831 -0 0.77592 0.630831 
-0 0.77592 0.630831 -0 0.77592 0.630831 -0 0.77592 0.630831 
-0 0.77592 0.630831 -0 0.77592 0.630831 -0 0.77592 0.630831 
-0 0.77592 0.630831 -0 0.77592 0.630831 -0 0.77592 0.630831 
-0 0.77592 0.630831 -0 0.77592 0.630831 -0 0.77592 0.630831 
-0 0.77592 0.630831 -0 0.77592 0.630831 -0 0.77592 0.630831 
-0 0.77592 0.630831 -0 0.77592 0.630831 -0 0.77592 0.630831 
-0 0.77592 0.630831 -0 0.77592 0.630831 -0 0.77592 0.630831 
-0 0.77592 0.630831 -0 0.77592 0.630831 -0 0.77592 0.630831 
-0 0.77592 0.630831 -0 0.77592 0.630831 -0 0.77592 0.630831 
-0 0.77592 0.630831 -0 0.77592 0.630831 -0 0.77592 0.630831 
-0 0.77592 0.630831 -0 0.77592 0.630831 -0 0.77592 0.630831 
-0 0.77592 0.630831 -0 0.77592 0.630831 -0 0.77592 0.630831 
-0 0.77592 0.630831 -0 0.77592 0.630831 -0 0.77592 0.630831 
-0 0.77592 0.630831 -0 0.77592 0.630831 -0 0.77592 0.630831 
-0 0.77592 0.630831 -0 0.77592 0.630831 -0 0.77592 0.630831 
-0 0.77592 0.630831 -0 0.77592 0.630831 -0 0.77592 0.630831 
-0 0.77592 0.630831 -0 0.77592 0.630831 -0 0.77592 0.630831 
-0 0.77592 0.630831 -0 0.77592 0.630831 -0 0.77592 0.630831 
-0 -0.736082 0.676892 -0 -0.736082 0.676892 -0 -0.736082 0.676892 
-0 -0.736082 0.676892 -0 -0.736082 0.676892 -0 -0.736082 0.676892 
-0 -0.736082 0.676892 -0 -0.736082 0.676892 -0 -0.736082 0.676892 
-0 -0.736082 0.676892 -0 -0.736082 0.676892 -0 -0.736082 0.676892 
-0 -0.736082 0.676892 -0 -0.736082 0.676892 -0 -0.736082 0.676892 
-0 -0.736082 0.676892 -0 -0.736082 0.676892 -0 -0.736082 0.676892 
-0 -0.736082 0.676892 -0 -0.736082 0.676892 -0 -0.736082 0.676892 
-0 -0.736082 0.676892 -0 -0.736082 0.676892 -0 -0.736082 0.676892 
-0 -0.736082 0.676892 -0 -0.736082 0.676892 -0 -0.736082 0.676892 
-0 -0.736082 0.676892 -0 -0.736082 0.676892 -0 -0.736082 0.676892 
-0 -0.736082 0.676892 -0 -0.736082 0.676892 -0 -0.736082 0.676892 
-0 -0.736082 0.676892 -0 -0.736082 0.676892 -0 -0.736082 0.676892 
-0 -0.736082 0.676892 -0 -0.736082 0.676892 -0 -0.736082 0.676892 
-0 -0.736082 0.676892 -0 -0.736082 0.676892 -0 -0.736082 0.676892 
-0 -0.736082 0.676892 -0 -0.736082 0.676892 -0 -0.736082 0.676892 
-0 -0.736082 0.676892 -0 -0.736082 0.676892 -0 -0.736082 0.676892 
-0 -0.736082 0.676892 -0 -0.736082 0.676892 -0 -0.736082 0.676892 
-0 -0.736082 0.676892 -0 -0.736082 0.676892 -0 -0.736082 0.676892 
-0 -0.736082 0.676892 -0 -0.736082 0.676892 -0 -0.736082 0.676892 
-0 -0.736082 0.676892 -0 -0.736082 0.676892 -0 -0.736082 0.676892 
-0 -0.726651 0.687006 -0 -0.726651 0.687006 -0 -0.726651 0.687006 
-0 -0.726651 0.687006 -0 -0.726651 0.687006 -0 -0.726651 0.687006 
-0 -0.726651 0.687006 -0 -0.726651 0.687006 -0 -0.726651 0.687006 
-0 -0.726651 0.687006 -0 -0.726651 0.687006 -0 -0.726651 0.687006 
-0 -0.726651 0.687006 -0 -0.726651 0.687006 -0 -0.726651 0.687006 
-0 -0.726651 0.687006 -0 -0.726651 0.687006 -0 -0.726651 0.687006 
-0 -0.726651 0.687006 -0 -0.726651 0.687006 -0 -0.726651 0.687006 
-0 -0.726651 0.687006 -0 -0.726651 0.687006 -0 -0.726651 0.687006 
-0 -0.726651 0.687006 -0 -0.726651 0.687006 -0 -0.726651 0.687006 
-0 -0.726651 0.687006 -0 -0.726651 0.687006 -0 -0.726651 0.687006 
-0 -0.726651 0.687006 -0 -0.726651 0.687006 -0 -0.726651 0.687006 
-0 -0.726651 0.687006 -0 -0.726651 0.687006 -0 -0.726651 0.687006 
-0 -0.726651 0.687006 -0 -0.726651 0.687006 -0 -0.726651 0.687006 
-0 -0.726651 0.687006 -0 -0.726651 0.687006 -0 -0.726651 0.687006 
-0 -0.726651 0.687006 -0 -0.726651 0.687006 -0 -0.726651 0.687006 
-0 -0.726651 0.687006 -0 -0.726651 0.687006 -0 -0.726651 0.687006 
-0 -0.726651 0.687006 -0 -0.726651 0.687006 -0 -0.726651 0.687006 
-0 -0.726651 0.687006 -0 -0.726651 0.687006 -0 -0.726651 0.687006 
-0 -0.726651 0.687006 -0 -0.726651 0.687006 -0 -0.726651 0.687006 
-0 -0.726651 0.687006 -0 -0.726651 0.687006 -0 -0.726651 0.687006 
-0 0.736082 0.676892 -0 0.736082 0.676892 -0 0.736082 0.676892 
-0 0.736082 0.676892 -0 0.736082 0.676892 -0 0.736082 0.676892 
-0 0.736082 0.676892 -0 0.736082 0.676892 -0 0.736082 0.676892 
-0 0.736082 0.676892 -0 0.736082 0.676892 -0 0.736082 0.676892 
-0 0.736082 0.676892 -0 0.736082 0.676892 -0 0.736082 0.676892 
-0 0.736082 0.676892 -0 0.736082 0.676892 -0 0.736082 0.676892 
-0 0.736082 0.676892 -0 0.736082 0.676892 -0 0.736082 0.676892 
-0 0.736082 0.676892 -0 0.736082 0.676892 -0 0.736082 0.676892 
-0 0.736082 0.676892 -0 0.736082 0.676892 -0 0.736082 0.676892 
-0 0.736082 0.676892 -0 0.736082 0.676892 -0 0.736082 0.676892 
-0 0.736082 0.676892 -0 0.736082 0.676892 -0 0.736082 0.676892 
-0 0.736082 0.676892 -0 0.736082 0.676892 -0 0.736082 0.676892 
-0 0.736082 0.676892 -0 0.736082 0.676892 -0 0.736082 0.676892 
-0 0.736082 0.676892 -0 0.736082 0.676892 -0 0.736082 0.676892 
-0 0.736082 0.676892 -0 0.736082 0.676892 -0 0.736082 0.676892 
-0 0.736082 0.676892 -0 0.736082 0.676892 -0 0.736082 0.676892 
-0 0.736082 0.676892 -0 0.736082 0.676892 -0 0.736082 0.676892 
-0 0.736082 0.676892 -0 0.736082 0.676892 -0 0.736082 0.676892 
-0 0.736082 0.676892 -0 0.736082 0.676892 -0 0.736082 0.676892 
-0 0.736082 0.676892 -0 0.736082 0.676892 -0 0.736082 0.676892 
-0 0.726651 0.687006 -0 0.726651 0.687006 -0 0.726651 0.687006 
-0 0.726651 0.687006 -0 0.726651 0.687006 -0 0.726651 0.687006 
-0 0.726651 0.687006 -0 0.726651 0.687006 -0 0.726651 0.687006 
-0 0.726651 0.687006 -0 0.726651 0.687006 -0 0.726651 0.687006 
-0 0.726651 0.687006 -0 0.726651 0.687006 -0 0.726651 0.687006 
-0 0.726651 0.687006 -0 0.726651 0.687006 -0 0.726651 0.687006 
-0 0.726651 0.687006 -0 0.726651 0.687006 -0 0.726651 0.687006 
-0 0.726651 0.687006 -0 0.726651 0.687006 -0 0.726651 0.687006 
-0 0.726651 0.687006 -0 0.726651 0.687006 -0 0.726651 0.687006 
-0 0.726651 0.687006 -0 0.726651 0.687006 -0 0.726651 0.687006 
-0 0.726651 0.687006 -0 0.726651 0.687006 -0 0.726651 0.687006 
-0 0.726651 0.687006 -0 0.726651 0.687006 -0 0.726651 0.687006 
-0 0.726651 0.687006 -0 0.726651 0.687006 -0 0.726651 0.687006 
-0 0.726651 0.687006 -0 0.726651 0.687006 -0 0.726651 0.687006 
-0 0.726651 0.687006 -0 0.726651 0.687006 -0 0.726651 0.687006 
-0 0.726651 0.687006 -0 0.726651 0.687006 -0 0.726651 0.687006 
-0 0.726651 0.687006 -0 0.726651 0.687006 -0 0.726651 0.687006 
-0 0.726651 0.687006 -0 0.726651 0.687006 -0 0.726651 0.687006 
-0 0.726651 0.687006 -0 0.726651 0.687006 -0 0.726651 0.687006 
-0 0.726651 0.687006 -0 0.726651 0.687006 -0 0.726651 0.687006 
-0 -0.687006 0.726651 -0 -0.687006 0.726651 -0 -0.687006 0.726651 
-0 -0.687006 0.726651 -0 -0.687006 0.726651 -0 -0.687006 0.726651 
-0 -0.687006 0.726651 -0 -0.687006 0.726651 -0 -0.687006 0.726651 
-0 -0.687006 0.726651 -0 -0.687006 0.726651 -0 -0.687006 0.726651 
-0 -0.687006 0.726651 -0 -0.687006 0.726651 -0 -0.687006 0.726651 
-0 -0.687006 0.726651 -0 -0.687006 0.726651 -0 -0.687006 0.726651 
-0 -0.687006 0.726651 -0 -0.687006 0.726651 -0 -0.687006 0.726651 
-0 -0.687006 0.726651 -0 -0.687006 0.726651 -0 -0.687006 0.726651 
-0 -0.687006 0.726651 -0 -0.687006 0.726651 -0 -0.687006 0.726651 
-0 -0.687006 0.726651 -0 -0.687006 0.726651 -0 -0.687006 0.726651 
-0 -0.687006 0.726651 -0 -0.687006 0.726651 -0 -0.687006 0.726651 
-0 -0.687006 0.726651 -0 -0.687006 0.726651 -0 -0.687006 0.726651 
-0 -0.687006 0.726651 -0 -0.687006 0.726651 -0 -0.687006 0.726651 
-0 -0.687006 0.726651 -0 -0.687006 0.726651 -0 -0.687006 0.726651 
-0 -0.687006 0.726651 -0 -0.687006 0.726651 -0 -0.687006 0.726651 
-0 -0.687006 0.726651 -0 -0.687006 0.726651 -0 -0.687006 0.726651 
-0 -0.687006 0.726651 -0 -0.687006 0.726651 -0 -0.687006 0.726651 
-0 -0.687006 0.726651 -0 -0.687006 0.726651 -0 -0.687006 0.726651 
-0 -0.687006 0.726651 -0 -0.687006 0.726651 -0 -0.687006 0.726651 
-0 -0.687006 0.726651 -0 -0.687006 0.726651 -0 -0.687006 0.726651 
-0 -0.676892 0.736082 -0 -0.676892 0.736082 -0 -0.676892 0.736082 
-0 -0.676892 0.736082 -0 -0.676892 0.736082 -0 -0.676892 0.736082 
-0 -0.676892 0.736082 -0 -0.676892 0.736082 -0 -0.676892 0.736082 
-0 -0.676892 0.736082 -0 -0.676892 0.736082 -0 -0.676892 0.736082 
-0 -0.676892 0.736082 -0 -0.676892 0.736082 -0 -0.676892 0.736082 
-0 -0.676892 0.736082 -0 -0.676892 0.736082 -0 -0.676892 0.736082 
-0 -0.676892 0.736082 -0 -0.676892 0.736082 -0 -0.676892 0.736082 
-0 -0.676892 0.736082 -0 -0.676892 0.736082 -0 -0.676892 0.736082 
-0 -0.676892 0.736082 -0 -0.676892 0.736082 -0 -0.676892 0.736082 
-0 -0.676892 0.736082 -0 -0.676892 0.736082 -0 -0.676892 0.736082 
-0 -0.676892 0.736082 -0 -0.676892 0.736082 -0 -0.676892 0.736082 
-0 -0.676892 0.736082 -0 -0.676892 0.736082 -0 -0.676892 0.736082 
-0 -0.676892 0.736082 -0 -0.676892 0.736082 -0 -0.676892 0.736082 
-0 -0.676892 0.736082 -0 -0.676892 0.736082 -0 -0.676892 0.736082 
-0 -0.676892 0.736082 -0 -0.676892 0.736082 -0 -0.676892 0.736082 
-0 -0.676892 0.736082 -0 -0.676892 0.736082 -0 -0.676892 0.736082 
-0 -0.676892 0.736082 -0 -0.676892 0.736082 -0 -0.676892 0.736082 
-0 -0.676892 0.736082 -0 -0.676892 0.736082 -0 -0.676892 0.736082 
-0 -0.676892 0.736082 -0 -0.676892 0.736082 -0 -0.676892 0.736082 
-0 -0.676892 0.736082 -0 -0.676892 0.736082 -0 -0.676892 0.736082 
-0 0.687006 0.726651 -0 0.687006 0.726651 -0 0.687006 0.726651 
-0 0.687006 0.726651 -0 0.687006 0.726651 -0 0.687006 0.726651 
-0 0.687006 0.726651 -0 0.687006 0.726651 -0 0.687006 0.726651 
-0 0.687006 0.726651 -0 0.687006 0.726651 -0 0.687006 0.726651 
-0 0.687006 0.726651 -0 0.687006 0.726651 -0 0.687006 0.726651 
-0 0.687006 0.726651 -0 0.687006 0.726651 -0 0.687006 0.726651 
-0 0.687006 0.726651 -0 0.687006 0.726651 -0 0.687006 0.726651 
-0 0.687006 0.726651 -0 0.687006 0.726651 -0 0.687006 0.726651 
-0 0.687006 0.726651 -0 0.687006 0.726651 -0 0.687006 0.726651 
-0 0.687006 0.726651 -0 0.687006 0.726651 -0 0.687006 0.726651 
-0 0.687006 0.726651 -0 0.687006 0.726651 -0 0.687006 0.726651 
-0 0.687006 0.726651 -0 0.687006 0.726651 -0 0.687006 0.726651 
-0 0.687006 0.726651 -0 0.687006 0.726651 -0 0.687006 0.726651 
-0 0.687006 0.726651 -0 0.687006 0.726651 -0 0.687006 0.726651 
-0 0.687006 0.726651 -0 0.687006 0.726651 -0 0.687006 0.726651 
-0 0.687006 0.726651 -0 0.687006 0.726651 -0 0.687006 0.726651 
-0 0.687006 0.726651 -0 0.687006 0.726651 -0 0.687006 0.726651 
-0 0.687006 0.726651 -0 0.687006 0.726651 -0 0.687006 0.726651 
-0 0.687006 0.726651 -0 0.687006 0.726651 -0 0.687006 0.726651 
-0 0.687006 0.726651 -0 0.687006 0.726651 -0 0.687006 0.726651 
-0 0.676892 0.736082 -0 0.676892 0.736082 -0 0.676892 0.736082 
-0 0.676892 0.736082 -0 0.676892 0.736082 -0 0.676892 0.736082 
-0 0.676892 0.736082 -0 0.676892 0.736082 -0 0.676892 0.736082 
-0 0.676892 0.736082 -0 0.676892 0.736082 -0 0.676892 0.736082 
-0 0.676892 0.736082 -0 0.676892 0.736082 -0 0.676892 0.736082 
-0 0.676892 0.736082 -0 0.676892 0.736082 -0 0.676892 0.736082 
-0 0.676892 0.736082 -0 0.676892 0.736082 -0 0.676892 0.736082 
-0 0.676892 0.736082 -0 0.676892 0.736082 -0 0.676892 0.736082 
-0 0.676892 0.736082 -0 0.676892 0.736082 -0 0.676892 0.736082 
-0 0.676892 0.736082 -0 0.676892 0.736082 -0 0.676892 0.736082 
-0 0.676892 0.736082 -0 0.676892 0.736082 -0 0.676892 0.736082 
-0 0.676892 0.736082 -0 0.676892 0.736082 -0 0.676892 0.736082 
-0 0.676892 0.736082 -0 0.676892 0.736082 -0 0.676892 0.736082 
-0 0.676892 0.736082 -0 0.676892 0.736082 -0 0.676892 0.736082 
-0 0.676892 0.736082 -0 0.676892 0.736082 -0 0.676892 0.736082 
-0 0.676892 0.736082 -0 0.676892 0.736082 -0 0.676892 0.736082 
-0 0.676892 0.736082 -0 0.676892 0.736082 -0 0.676892 0.736082 
-0 0.676892 0.736082 -0 0.676892 0.736082 -0 0.676892 0.736082 
-0 0.676892 0.736082 -0 0.676892 0.736082 -0 0.676892 0.736082 
-0 0.676892 0.736082 -0 0.676892 0.736082 -0 0.676892 0.736082 
-0 -0.630831 0.77592 -0 -0.630831 0.77592 -0 -0.630831 0.77592 
-0 -0.630831 0.77592 -0 -0.630831 0.77592 -0 -0.630831 0.77592 
-0 -0.630831 0.77592 -0 -0.630831 0.77592 -0 -0.630831 0.77592 
-0 -0.630831 0.77592 -0 -0.630831 0.77592 -0 -0.630831 0.77592 
-0 -0.630831 0.77592 -0 -0.630831 0.77592 -0 -0.630831 0.77592 
-0 -0.630831 0.77592 -0 -0.630831 0.77592 -0 -0.630831 0.77592 
-0 -0.630831 0.77592 -0 -0.630831 0.77592 -0 -0.630831 0.77592 
-0 -0.630831 0.77592 -0 -0.630831 0.77592 -0 -0.630831 0.77592 
-0 -0.630831 0.77592 -0 -0.630831 0.77592 -0 -0.630831 0.77592 
-0 -0.630831 0.77592 -0 -0.630831 0.77592 -0 -0.630831 0.77592 
-0 -0.630831 0.77592 -0 -0.630831 0.77592 -0 -0.630831 0.77592 
-0 -0.630831 0.77592 -0 -0.630831 0.77592 -0 -0.630831 0.77592 
-0 -0.630831 0.77592 -0 -0.630831 0.77592 -0 -0.630831 0.77592 
-0 -0.630831 0.77592 -0 -0.630831 0.77592 -0 -0.630831 0.77592 
-0 -0.630831 0.77592 -0 -0.630831 0.77592 -0 -0.630831 0.77592 
-0 -0.630831 0.77592 -0 -0.630831 0.77592 -0 -0.630831 0.77592 
-0 -0.630831 0.77592 -0 -0.630831 0.77592 -0 -0.630831 0.77592 
-0 -0.630831 0.77592 -0 -0.630831 0.77592 -0 -0.630831 0.77592 
-0 -0.630831 0.77592 -0 -0.630831 0.77592 -0 -0.630831 0.77592 
-0 -0.630831 0.77592 -0 -0.630831 0.77592 -0 -0.630831 0.77592 
-0 -0.630831 0.77592 -0 -0.630831 0.77592 -0 -0.630831 0.77592 
-0 -0.630831 0.77592 -0 -0.630831 0.77592 -0 -0.630831 0.77592 
-0 -0.630831 0.77592 -0 -0.630831 0.77592 -0 -0.630831 0.77592 
-0 -0.630831 0.77592 -0 -0.630831 0.77592 -0 -0.630831 0.77592 
-0 -0.630831 0.77592 -0 -0.630831 0.77592 -0 -0.630831 0.77592 
-0 -0.630831 0.77592 -0 -0.630831 0.77592 -0 -0.630831 0.77592 
-0 -0.630831 0.77592 -0 -0.630831 0.77592 -0 -0.630831 0.77592 
-0 -0.630831 0.77592 -0 -0.630831 0.77592 -0 -0.630831 0.77592 
-0 -0.630831 0.77592 -0 -0.630831 0.77592 -0 -0.630831 0.77592 
-0 -0.630831 0.77592 -0 -0.630831 0.77592 -0 -0.630831 0.77592 
-0 -0.630831 0.77592 -0 -0.630831 0.77592 -0 -0.630831 0.77592 
-0 -0.630831 0.77592 -0 -0.630831 0.77592 -0 -0.630831 0.77592 
-0 -0.630831 0.77592 -0 -0.630831 0.77592 -0 -0.630831 0.77592 
-0 -0.630831 0.77592 -0 -0.630831 0.77592 -0 -0.630831 0.77592 
-0 -0.630831 0.77592 -0 -0.630831 0.77592 -0 -0.630831 0.77592 
-0 -0.630831 0.77592 -0 -0.630831 0.77592 -0 -0.630831 0.77592 
-0 -0.630831 0.77592 -0 -0.630831 0.77592 -0 -0.630831 0.77592 
-0 -0.630831 0.77592 -0 -0.630831 0.77592 -0 -0.630831 0.77592 
-0 -0.630831 0.77592 -0 -0.630831 0.77592 -0 -0.630831 0.77592 
-0 -0.630831 0.77592 -0 -0.630831 0.77592 -0 -0.630831 0.77592 
-0 -0.569078 0.822283 -0 -0.569078 0.822283 -0 -0.569078 0.822283 
-0 -0.569078 0.822283 -0 -0.569078 0.822283 -0 -0.569078 0.822283 
-0 -0.569078 0.822283 -0 -0.569078 0.822283 -0 -0.569078 0.822283 
-0 -0.569078 0.822283 -0 -0.569078 0.822283 -0 -0.569078 0.822283 
-0 -0.569078 0.822283 -0 -0.569078 0.822283 -0 -0.569078 0.822283 
-0 -0.569078 0.822283 -0 -0.569078 0.822283 -0 -0.569078 0.822283 
-0 -0.569078 0.822283 -0 -0.569078 0.822283 -0 -0.569078 0.822283 
-0 -0.569078 0.822283 -0 -0.569078 0.822283 -0 -0.569078 0.822283 
-0 -0.569078 0.822283 -0 -0.569078 0.822283 -0 -0.569078 0.822283 
-0 -0.569078 0.822283 -0 -0.569078 0.822283 -0 -0.569078 0.822283 
-0 -0.569078 0.822283 -0 -0.569078 0.822283 -0 -0.569078 0.822283 
-0 -0.569078 0.822283 -0 -0.569078 0.822283 -0 -0.569078 0.822283 
-0 -0.569078 0.822283 -0 -0.569078 0.822283 -0 -0.569078 0.822283 
-0 -0.569078 0.822283 -0 -0.569078 0.822283 -0 -0.569078 0.822283 
-0 -0.569078 0.822283 -0 -0.569078 0.822283 -0 -0.569078 0.822283 
-0 -0.569078 0.822283 -0 -0.569078 0.822283 -0 -0.569078 0.822283 
-0 -0.569078 0.822283 -0 -0.569078 0.822283 -0 -0.569078 0.822283 
-0 -0.569078 0.822283 -0 -0.569078 0.822283 -0 -0.569078 0.822283 
-0 -0.569078 0.822283 -0 -0.569078 0.822283 -0 -0.569078 0.822283 
-0 -0.569078 0.822283 -0 -0.569078 0.822283 -0 -0.569078 0.822283 
-0 0.569078 0.822283 -0 0.569078 0.822283 -0 0.569078 0.822283 
-0 0.569078 0.822283 -0 0.569078 0.822283 -0 0.569078 0.822283 
-0 0.569078 0.822283 -0 0.569078 0.822283 -0 0.569078 0.822283 
-0 0.569078 0.822283 -0 0.569078 0.822283 -0 0.569078 0.822283 
-0 0.569078 0.822283 -0 0.569078 0.822283 -0 0.569078 0.822283 
-0 0.569078 0.822283 -0 0.569078 0.822283 -0 0.569078 0.822283 
-0 0.569078 0.822283 -0 0.569078 0.822283 -0 0.569078 0.822283 
-0 0.569078 0.822283 -0 0.569078 0.822283 -0 0.569078 0.822283 
-0 0.569078 0.822283 -0 0.569078 0.822283 -0 0.569078 0.822283 
-0 0.569078 0.822283 -0 0.569078 0.822283 -0 0.569078 0.822283 
-0 0.569078 0.822283 -0 0.569078 0.822283 -0 0.569078 0.822283 
-0 0.569078 0.822283 -0 0.569078 0.822283 -0 0.569078 0.822283 
-0 0.569078 0.822283 -0 0.569078 0.822283 -0 0.569078 0.822283 
-0 0.569078 0.822283 -0 0.569078 0.822283 -0 0.569078 0.822283 
-0 0.569078 0.822283 -0 0.569078 0.822283 -0 0.569078 0.822283 
-0 0.569078 0.822283 -0 0.569078 0.822283 -0 0.569078 0.822283 
-0 0.569078 0.822283 -0 0.569078 0.822283 -0 0.569078 0.822283 
-0 0.569078 0.822283 -0 0.569078 0.822283 -0 0.569078 0.822283 
-0 0.569078 0.822283 -0 0.569078 0.822283 -0 0.569078 0.822283 
-0 0.569078 0.822283 -0 0.569078 0.822283 -0 0.569078 0.822283 
-0 0.630831 0.77592 -0 0.630831 0.77592 -0 0.630831 0.77592 
-0 0.630831 0.77592 -0 0.630831 0.77592 -0 0.630831 0.77592 
-0 0.630831 0.77592 -0 0.630831 0.77592 -0 0.630831 0.77592 
-0 0.630831 0.77592 -0 0.630831 0.77592 -0 0.630831 0.77592 
-0 0.630831 0.77592 -0 0.630831 0.77592 -0 0.630831 0.77592 
-0 0.630831 0.77592 -0 0.630831 0.77592 -0 0.630831 0.77592 
-0 0.630831 0.77592 -0 0.630831 0.77592 -0 0.630831 0.77592 
-0 0.630831 0.77592 -0 0.630831 0.77592 -0 0.630831 0.77592 
-0 0.630831 0.77592 -0 0.630831 0.77592 -0 0.630831 0.77592 
-0 0.630831 0.77592 -0 0.630831 0.77592 -0 0.630831 0.77592 
-0 0.630831 0.77592 -0 0.630831 0.77592 -0 0.630831 0.77592 
-0 0.630831 0.77592 -0 0.630831 0.77592 -0 0.630831 0.77592 
-0 0.630831 0.77592 -0 0.630831 0.77592 -0 0.630831 0.77592 
-0 0.630831 0.77592 -0 0.630831 0.77592 -0 0.630831 0.77592 
-0 0.630831 0.77592 -0 0.630831 0.77592 -0 0.630831 0.77592 
-0 0.630831 0.77592 -0 0.630831 0.77592 -0 0.630831 0.77592 
-0 0.630831 0.77592 -0 0.630831 0.77592 -0 0.630831 0.77592 
-0 0.630831 0.77592 -0 0.630831 0.77592 -0 0.630831 0.77592 
-0 0.630831 0.77592 -0 0.630831 0.77592 -0 0.630831 0.77592 
-0 0.630831 0.77592 -0 0.630831 0.77592 -0 0.630831 0.77592 
-0 0.630831 0.77592 -0 0.630831 0.77592 -0 0.630831 0.77592 
-0 0.630831 0.77592 -0 0.630831 0.77592 -0 0.630831 0.77592 
-0 0.630831 0.77592 -0 0.630831 0.77592 -0 0.630831 0.77592 
-0 0.630831 0.77592 -0 0.630831 0.77592 -0 0.630831 0.77592 
-0 0.630831 0.77592 -0 0.630831 0.77592 -0 0.630831 0.77592 
-0 0.630831 0.77592 -0 0.630831 0.77592 -0 0.630831 0.77592 
-0 0.630831 0.77592 -0 0.630831 0.77592 -0 0.630831 0.77592 
-0 0.630831 0.77592 -0 0.630831 0.77592 -0 0.630831 0.77592 
-0 0.630831 0.77592 -0 0.630831 0.77592 -0 0.630831 0.77592 
-0 0.630831 0.77592 -0 0.630831 0.77592 -0 0.630831 0.77592 
-0 0.630831 0.77592 -0 0.630831 0.77592 -0 0.630831 0.77592 
-0 0.630831 0.77592 -0 0.630831 0.77592 -0 0.630831 0.77592 
-0 0.630831 0.77592 -0 0.630831 0.77592 -0 0.630831 0.77592 
-0 0.630831 0.77592 -0 0.630831 0.77592 -0 0.630831 0.77592 
-0 0.630831 0.77592 -0 0.630831 0.77592 -0 0.630831 0.77592 
-0 0.630831 0.77592 -0 0.630831 0.77592 -0 0.630831 0.77592 
-0 0.630831 0.77592 -0 0.630831 0.77592 -0 0.630831 0.77592 
-0 0.630831 0.77592 -0 0.630831 0.77592 -0 0.630831 0.77592 
-0 0.630831 0.77592 -0 0.630831 0.77592 -0 0.630831 0.77592 
-0 0.630831 0.77592 -0 0.630831 0.77592 -0 0.630831 0.77592 
-0 -0.547083 0.837079 -0 -0.547083 0.837079 -0 -0.547083 0.837079 
-0 -0.547083 0.837079 -0 -0.547083 0.837079 -0 -0.547083 0.837079 
-0 -0.547083 0.837079 -0 -0.547083 0.837079 -0 -0.547083 0.837079 
-0 -0.547083 0.837079 -0 -0.547083 0.837079 -0 -0.547083 0.837079 
-0 -0.547083 0.837079 -0 -0.547083 0.837079 -0 -0.547083 0.837079 
-0 -0.547083 0.837079 -0 -0.547083 0.837079 -0 -0.547083 0.837079 
-0 -0.547083 0.837079 -0 -0.547083 0.837079 -0 -0.547083 0.837079 
-0 -0.547083 0.837079 -0 -0.547083 0.837079 -0 -0.547083 0.837079 
-0 -0.547083 0.837079 -0 -0.547083 0.837079 -0 -0.547083 0.837079 
-0 -0.547083 0.837079 -0 -0.547083 0.837079 -0 -0.547083 0.837079 
-0 -0.547083 0.837079 -0 -0.547083 0.837079 -0 -0.547083 0.837079 
-0 -0.547083 0.837079 -0 -0.547083 0.837079 -0 -0.547083 0.837079 
-0 -0.547083 0.837079 -0 -0.547083 0.837079 -0 -0.547083 0.837079 
-0 -0.547083 0.837079 -0 -0.547083 0.837079 -0 -0.547083 0.837079 
-0 -0.547083 0.837079 -0 -0.547083 0.837079 -0 -0.547083 0.837079 
-0 -0.547083 0.837079 -0 -0.547083 0.837079 -0 -0.547083 0.837079 
-0 -0.547083 0.837079 -0 -0.547083 0.837079 -0 -0.547083 0.837079 
-0 -0.547083 0.837079 -0 -0.547083 0.837079 -0 -0.547083 0.837079 
-0 -0.547083 0.837079 -0 -0.547083 0.837079 -0 -0.547083 0.837079 
-0 -0.547083 0.837079 -0 -0.547083 0.837079 -0 -0.547083 0.837079 
-0 -0.513614 0.858022 -0 -0.513614 0.858022 -0 -0.513614 0.858022 
-0 -0.513614 0.858022 -0 -0.513614 0.858022 -0 -0.513614 0.858022 
-0 -0.513614 0.858022 -0 -0.513614 0.858022 -0 -0.513614 0.858022 
-0 -0.513614 0.858022 -0 -0.513614 0.858022 -0 -0.513614 0.858022 
-0 -0.513614 0.858022 -0 -0.513614 0.858022 -0 -0.513614 0.858022 
-0 -0.513614 0.858022 -0 -0.513614 0.858022 -0 -0.513614 0.858022 
-0 -0.513614 0.858022 -0 -0.513614 0.858022 -0 -0.513614 0.858022 
-0 -0.513614 0.858022 -0 -0.513614 0.858022 -0 -0.513614 0.858022 
-0 -0.513614 0.858022 -0 -0.513614 0.858022 -0 -0.513614 0.858022 
-0 -0.513614 0.858022 -0 -0.513614 0.858022 -0 -0.513614 0.858022 
-0 -0.513614 0.858022 -0 -0.513614 0.858022 -0 -0.513614 0.858022 
-0 -0.513614 0.858022 -0 -0.513614 0.858022 -0 -0.513614 0.858022 
-0 -0.513614 0.858022 -0 -0.513614 0.858022 -0 -0.513614 0.858022 
-0 -0.513614 0.858022 -0 -0.513614 0.858022 -0 -0.513614 0.858022 
-0 -0.513614 0.858022 -0 -0.513614 0.858022 -0 -0.513614 0.858022 
-0 -0.513614 0.858022 -0 -0.513614 0.858022 -0 -0.513614 0.858022 
-0 -0.513614 0.858022 -0 -0.513614 0.858022 -0 -0.513614 0.858022 
-0 -0.513614 0.858022 -0 -0.513614 0.858022 -0 -0.513614 0.858022 
-0 -0.513614 0.858022 -0 -0.513614 0.858022 -0 -0.513614 0.858022 
-0 -0.513614 0.858022 -0 -0.513614 0.858022 -0 -0.513614 0.858022 
-0 -0.450794 0.892628 -0 -0.450794 0.892628 -0 -0.450794 0.892628 
-0 -0.450794 0.892628 -0 -0.450794 0.892628 -0 -0.450794 0.892628 
-0 -0.450794 0.892628 -0 -0.450794 0.892628 -0 -0.450794 0.892628 
-0 -0.450794 0.892628 -0 -0.450794 0.892628 -0 -0.450794 0.892628 
-0 -0.450794 0.892628 -0 -0.450794 0.892628 -0 -0.450794 0.892628 
-0 -0.450794 0.892628 -0 -0.450794 0.892628 -0 -0.450794 0.892628 
-0 -0.450794 0.892628 -0 -0.450794 0.892628 -0 -0.450794 0.892628 
-0 -0.450794 0.892628 -0 -0.450794 0.892628 -0 -0.450794 0.892628 
-0 -0.450794 0.892628 -0 -0.450794 0.892628 -0 -0.450794 0.892628 
-0 -0.450794 0.892628 -0 -0.450794 0.892628 -0 -0.450794 0.892628 
-0 -0.450794 0.892628 -0 -0.450794 0.892628 -0 -0.450794 0.892628 
-0 -0.450794 0.892628 -0 -0.450794 0.892628 -0 -0.450794 0.892628 
-0 -0.450794 0.892628 -0 -0.450794 0.892628 -0 -0.450794 0.892628 
-0 -0.450794 0.892628 -0 -0.450794 0.892628 -0 -0.450794 0.892628 
-0 -0.450794 0.892628 -0 -0.450794 0.892628 -0 -0.450794 0.892628 
-0 -0.450794 0.892628 -0 -0.450794 0.892628 -0 -0.450794 0.892628 
-0 -0.450794 0.892628 -0 -0.450794 0.892628 -0 -0.450794 0.892628 
-0 -0.450794 0.892628 -0 -0.450794 0.892628 -0 -0.450794 0.892628 
-0 -0.450794 0.892628 -0 -0.450794 0.892628 -0 -0.450794 0.892628 
-0 -0.450794 0.892628 -0 -0.450794 0.892628 -0 -0.450794 0.892628 
-0 0.450794 0.892628 -0 0.450794 0.892628 -0 0.450794 0.892628 
-0 0.450794 0.892628 -0 0.450794 0.892628 -0 0.450794 0.892628 
-0 0.450794 0.892628 -0 0.450794 0.892628 -0 0.450794 0.892628 
-0 0.450794 0.892628 -0 0.450794 0.892628 -0 0.450794 0.892628 
-0 0.450794 0.892628 -0 0.450794 0.892628 -0 0.450794 0.892628 
-0 0.450794 0.892628 -0 0.450794 0.892628 -0 0.450794 0.892628 
-0 0.450794 0.892628 -0 0.450794 0.892628 -0 0.450794 0.892628 
-0 0.450794 0.892628 -0 0.450794 0.892628 -0 0.450794 0.892628 
-0 0.450794 0.892628 -0 0.450794 0.892628 -0 0.450794 0.892628 
-0 0.450794 0.892628 -0 0.450794 0.892628 -0 0.450794 0.892628 
-0 0.450794 0.892628 -0 0.450794 0.892628 -0 0.450794 0.892628 
-0 0.450794 0.892628 -0 0.450794 0.892628 -0 0.450794 0.892628 
-0 0.450794 0.892628 -0 0.450794 0.892628 -0 0.450794 0.892628 
-0 0.450794 0.892628 -0 0.450794 0.892628 -0 0.450794 0.892628 
-0 0.450794 0.892628 -0 0.450794 0.892628 -0 0.450794 0.892628 
-0 0.450794 0.892628 -0 0.450794 0.892628 -0 0.450794 0.892628 
-0 0.450794 0.892628 -0 0.450794 0.892628 -0 0.450794 0.892628 
-0 0.450794 0.892628 -0 0.450794 0.892628 -0 0.450794 0.892628 
-0 0.450794 0.892628 -0 0.450794 0.892628 -0 0.450794 0.892628 
-0 0.450794 0.892628 -0 0.450794 0.892628 -0 0.450794 0.892628 
-0 0.547083 0.837079 -0 0.547083 0.837079 -0 0.547083 0.837079 
-0 0.547083 0.837079 -0 0.547083 0.837079 -0 0.547083 0.837079 
-0 0.547083 0.837079 -0 0.547083 0.837079 -0 0.547083 0.837079 
-0 0.547083 0.837079 -0 0.547083 0.837079 -0 0.547083 0.837079 
-0 0.547083 0.837079 -0 0.547083 0.837079 -0 0.547083 0.837079 
-0 0.547083 0.837079 -0 0.547083 0.837079 -0 0.547083 0.837079 
-0 0.547083 0.837079 -0 0.547083 0.837079 -0 0.547083 0.837079 
-0 0.547083 0.837079 -0 0.547083 0.837079 -0 0.547083 0.837079 
-0 0.547083 0.837079 -0 0.547083 0.837079 -0 0.547083 0.837079 
-0 0.547083 0.837079 -0 0.547083 0.837079 -0 0.547083 0.837079 
-0 0.547083 0.837079 -0 0.547083 0.837079 -0 0.547083 0.837079 
-0 0.547083 0.837079 -0 0.547083 0.837079 -0 0.547083 0.837079 
-0 0.547083 0.837079 -0 0.547083 0.837079 -0 0.547083 0.837079 
-0 0.547083 0.837079 -0 0.547083 0.837079 -0 0.547083 0.837079 
-0 0.547083 0.837079 -0 0.547083 0.837079 -0 0.547083 0.837079 
-0 0.547083 0.837079 -0 0.547083 0.837079 -0 0.547083 0.837079 
-0 0.547083 0.837079 -0 0.547083 0.837079 -0 0.547083 0.837079 
-0 0.547083 0.837079 -0 0.547083 0.837079 -0 0.547083 0.837079 
-0 0.547083 0.837079 -0 0.547083 0.837079 -0 0.547083 0.837079 
-0 0.547083 0.837079 -0 0.547083 0.837079 -0 0.547083 0.837079 
-0 0.513614 0.858022 -0 0.513614 0.858022 -0 0.513614 0.858022 
-0 0.513614 0.858022 -0 0.513614 0.858022 -0 0.513614 0.858022 
-0 0.513614 0.858022 -0 0.513614 0.858022 -0 0.513614 0.858022 
-0 0.513614 0.858022 -0 0.513614 0.858022 -0 0.513614 0.858022 
-0 0.513614 0.858022 -0 0.513614 0.858022 -0 0.513614 0.858022 
-0 0.513614 0.858022 -0 0.513614 0.858022 -0 0.513614 0.858022 
-0 0.513614 0.858022 -0 0.513614 0.858022 -0 0.513614 0.858022 
-0 0.513614 0.858022 -0 0.513614 0.858022 -0 0.513614 0.858022 
-0 0.513614 0.858022 -0 0.513614 0.858022 -0 0.513614 0.858022 
-0 0.513614 0.858022 -0 0.513614 0.858022 -0 0.513614 0.858022 
-0 0.513614 0.858022 -0 0.513614 0.858022 -0 0.513614 0.858022 
-0 0.513614 0.858022 -0 0.513614 0.858022 -0 0.513614 0.858022 
-0 0.513614 0.858022 -0 0.513614 0.858022 -0 0.513614 0.858022 
-0 0.513614 0.858022 -0 0.513614 0.858022 -0 0.513614 0.858022 
-0 0.513614 0.858022 -0 0.513614 0.858022 -0 0.513614 0.858022 
-0 0.513614 0.858022 -0 0.513614 0.858022 -0 0.513614 0.858022 
-0 0.513614 0.858022 -0 0.513614 0.858022 -0 0.513614 0.858022 
-0 0.513614 0.858022 -0 0.513614 0.858022 -0 0.513614 0.858022 
-0 0.513614 0.858022 -0 0.513614 0.858022 -0 0.513614 0.858022 
-0 0.513614 0.858022 -0 0.513614 0.858022 -0 0.513614 0.858022 
-0 -0.424328 0.905508 -0 -0.424328 0.905508 -0 -0.424328 0.905508 
-0 -0.424328 0.905508 -0 -0.424328 0.905508 -0 -0.424328 0.905508 
-0 -0.424328 0.905508 -0 -0.424328 0.905508 -0 -0.424328 0.905508 
-0 -0.424328 0.905508 -0 -0.424328 0.905508 -0 -0.424328 0.905508 
-0 -0.424328 0.905508 -0 -0.424328 0.905508 -0 -0.424328 0.905508 
-0 -0.424328 0.905508 -0 -0.424328 0.905508 -0 -0.424328 0.905508 
-0 -0.424328 0.905508 -0 -0.424328 0.905508 -0 -0.424328 0.905508 
-0 -0.424328 0.905508 -0 -0.424328 0.905508 -0 -0.424328 0.905508 
-0 -0.424328 0.905508 -0 -0.424328 0.905508 -0 -0.424328 0.905508 
-0 -0.424328 0.905508 -0 -0.424328 0.905508 -0 -0.424328 0.905508 
-0 -0.424328 0.905508 -0 -0.424328 0.905508 -0 -0.424328 0.905508 
-0 -0.424328 0.905508 -0 -0.424328 0.905508 -0 -0.424328 0.905508 
-0 -0.424328 0.905508 -0 -0.424328 0.905508 -0 -0.424328 0.905508 
-0 -0.424328 0.905508 -0 -0.424328 0.905508 -0 -0.424328 0.905508 
-0 -0.424328 0.905508 -0 -0.424328 0.905508 -0 -0.424328 0.905508 
-0 -0.424328 0.905508 -0 -0.424328 0.905508 -0 -0.424328 0.905508 
-0 -0.424328 0.905508 -0 -0.424328 0.905508 -0 -0.424328 0.905508 
-0 -0.424328 0.905508 -0 -0.424328 0.905508 -0 -0.424328 0.905508 
-0 -0.424328 0.905508 -0 -0.424328 0.905508 -0 -0.424328 0.905508 
-0 -0.424328 0.905508 -0 -0.424328 0.905508 -0 -0.424328 0.905508 
-0 -0.394943 0.918705 -0 -0.394943 0.918705 -0 -0.394943 0.918705 
-0 -0.394943 0.918705 -0 -0.394943 0.918705 -0 -0.394943 0.918705 
-0 -0.394943 0.918705 -0 -0.394943 0.918705 -0 -0.394943 0.918705 
-0 -0.394943 0.918705 -0 -0.394943 0.918705 -0 -0.394943 0.918705 
-0 -0.394943 0.918705 -0 -0.394943 0.918705 -0 -0.394943 0.918705 
-0 -0.394943 0.918705 -0 -0.394943 0.918705 -0 -0.394943 0.918705 
-0 -0.394943 0.918705 -0 -0.394943 0.918705 -0 -0.394943 0.918705 
-0 -0.394943 0.918705 -0 -0.394943 0.918705 -0 -0.394943 0.918705 
-0 -0.394943 0.918705 -0 -0.394943 0.918705 -0 -0.394943 0.918705 
-0 -0.394943 0.918705 -0 -0.394943 0.918705 -0 -0.394943 0.918705 
-0 -0.394943 0.918705 -0 -0.394943 0.918705 -0 -0.394943 0.918705 
-0 -0.394943 0.918705 -0 -0.394943 0.918705 -0 -0.394943 0.918705 
-0 -0.394943 0.918705 -0 -0.394943 0.918705 -0 -0.394943 0.918705 
-0 -0.394943 0.918705 -0 -0.394943 0.918705 -0 -0.394943 0.918705 
-0 -0.394943 0.918705 -0 -0.394943 0.918705 -0 -0.394943 0.918705 
-0 -0.394943 0.918705 -0 -0.394943 0.918705 -0 -0.394943 0.918705 
-0 -0.394943 0.918705 -0 -0.394943 0.918705 -0 -0.394943 0.918705 
-0 -0.394943 0.918705 -0 -0.394943 0.918705 -0 -0.394943 0.918705 
-0 -0.394943 0.918705 -0 -0.394943 0.918705 -0 -0.394943 0.918705 
-0 -0.394943 0.918705 -0 -0.394943 0.918705 -0 -0.394943 0.918705 
-0 -0.307072 0.951686 -0 -0.307072 0.951686 -0 -0.307072 0.951686 
-0 -0.307072 0.951686 -0 -0.307072 0.951686 -0 -0.307072 0.951686 
-0 -0.307072 0.951686 -0 -0.307072 0.951686 -0 -0.307072 0.951686 
-0 -0.307072 0.951686 -0 -0.307072 0.951686 -0 -0.307072 0.951686 
-0 -0.307072 0.951686 -0 -0.307072 0.951686 -0 -0.307072 0.951686 
-0 -0.307072 0.951686 -0 -0.307072 0.951686 -0 -0.307072 0.951686 
-0 -0.307072 0.951686 -0 -0.307072 0.951686 -0 -0.307072 0.951686 
-0 -0.307072 0.951686 -0 -0.307072 0.951686 -0 -0.307072 0.951686 
-0 -0.307072 0.951686 -0 -0.307072 0.951686 -0 -0.307072 0.951686 
-0 -0.307072 0.951686 -0 -0.307072 0.951686 -0 -0.307072 0.951686 
-0 -0.307072 0.951686 -0 -0.307072 0.951686 -0 -0.307072 0.951686 
-0 -0.307072 0.951686 -0 -0.307072 0.951686 -0 -0.307072 0.951686 
-0 -0.307072 0.951686 -0 -0.307072 0.951686 -0 -0.307072 0.951686 
-0 -0.307072 0.951686 -0 -0.307072 0.951686 -0 -0.307072 0.951686 
-0 -0.307072 0.951686 -0 -0.307072 0.951686 -0 -0.307072 0.951686 
-0 -0.307072 0.951686 -0 -0.307072 0.951686 -0 -0.307072 0.951686 
-0 -0.307072 0.951686 -0 -0.307072 0.951686 -0 -0.307072 0.951686 
-0 -0.307072 0.951686 -0 -0.307072 0.951686 -0 -0.307072 0.951686 
-0 -0.307072 0.951686 -0 -0.307072 0.951686 -0 -0.307072 0.951686 
-0 -0.307072 0.951686 -0 -0.307072 0.951686 -0 -0.307072 0.951686 
-0 -0.236474 0.971638 -0 -0.236474 0.971638 -0 -0.236474 0.971638 
-0 -0.236474 0.971638 -0 -0.236474 0.971638 -0 -0.236474 0.971638 
-0 -0.236474 0.971638 -0 -0.236474 0.971638 -0 -0.236474 0.971638 
-0 -0.236474 0.971638 -0 -0.236474 0.971638 -0 -0.236474 0.971638 
-0 -0.236474 0.971638 -0 -0.236474 0.971638 -0 -0.236474 0.971638 
-0 -0.236474 0.971638 -0 -0.236474 0.971638 -0 -0.236474 0.971638 
-0 -0.236474 0.971638 -0 -0.236474 0.971638 -0 -0.236474 0.971638 
-0 -0.236474 0.971638 -0 -0.236474 0.971638 -0 -0.236474 0.971638 
-0 -0.236474 0.971638 -0 -0.236474 0.971638 -0 -0.236474 0.971638 
-0 -0.236474 0.971638 -0 -0.236474 0.971638 -0 -0.236474 0.971638 
-0 -0.236474 0.971638 -0 -0.236474 0.971638 -0 -0.236474 0.971638 
-0 -0.236474 0.971638 -0 -0.236474 0.971638 -0 -0.236474 0.971638 
-0 -0.236474 0.971638 -0 -0.236474 0.971638 -0 -0.236474 0.971638 
-0 -0.236474 0.971638 -0 -0.236474 0.971638 -0 -0.236474 0.971638 
-0 -0.236474 0.971638 -0 -0.236474 0.971638 -0 -0.236474 0.971638 
-0 -0.236474 0.971638 -0 -0.236474 0.971638 -0 -0.236474 0.971638 
-0 -0.236474 0.971638 -0 -0.236474 0.971638 -0 -0.236474 0.971638 
-0 -0.236474 0.971638 -0 -0.236474 0.971638 -0 -0.236474 0.971638 
-0 -0.236474 0.971638 -0 -0.236474 0.971638 -0 -0.236474 0.971638 
-0 -0.236474 0.971638 -0 -0.236474 0.971638 -0 -0.236474 0.971638 
-0 -0.167183 0.985926 -0 -0.167183 0.985926 -0 -0.167183 0.985926 
-0 -0.167183 0.985926 -0 -0.167183 0.985926 -0 -0.167183 0.985926 
-0 -0.167183 0.985926 -0 -0.167183 0.985926 -0 -0.167183 0.985926 
-0 -0.167183 0.985926 -0 -0.167183 0.985926 -0 -0.167183 0.985926 
-0 -0.167183 0.985926 -0 -0.167183 0.985926 -0 -0.167183 0.985926 
-0 -0.167183 0.985926 -0 -0.167183 0.985926 -0 -0.167183 0.985926 
-0 -0.167183 0.985926 -0 -0.167183 0.985926 -0 -0.167183 0.985926 
-0 -0.167183 0.985926 -0 -0.167183 0.985926 -0 -0.167183 0.985926 
-0 -0.167183 0.985926 -0 -0.167183 0.985926 -0 -0.167183 0.985926 
-0 -0.167183 0.985926 -0 -0.167183 0.985926 -0 -0.167183 0.985926 
-0 -0.167183 0.985926 -0 -0.167183 0.985926 -0 -0.167183 0.985926 
-0 -0.167183 0.985926 -0 -0.167183 0.985926 -0 -0.167183 0.985926 
-0 -0.167183 0.985926 -0 -0.167183 0.985926 -0 -0.167183 0.985926 
-0 -0.167183 0.985926 -0 -0.167183 0.985926 -0 -0.167183 0.985926 
-0 -0.167183 0.985926 -0 -0.167183 0.985926 -0 -0.167183 0.985926 
-0 -0.167183 0.985926 -0 -0.167183 0.985926 -0 -0.167183 0.985926 
-0 -0.167183 0.985926 -0 -0.167183 0.985926 -0 -0.167183 0.985926 
-0 -0.167183 0.985926 -0 -0.167183 0.985926 -0 -0.167183 0.985926 
-0 -0.167183 0.985926 -0 -0.167183 0.985926 -0 -0.167183 0.985926 
-0 -0.167183 0.985926 -0 -0.167183 0.985926 -0 -0.167183 0.985926 
-0 -0.0875439 0.996161 -0 -0.0875439 0.996161 -0 -0.0875439 0.996161 
-0 -0.0875439 0.996161 -0 -0.0875439 0.996161 -0 -0.0875439 0.996161 
-0 -0.0875439 0.996161 -0 -0.0875439 0.996161 -0 -0.0875439 0.996161 
-0 -0.0875439 0.996161 -0 -0.0875439 0.996161 -0 -0.0875439 0.996161 
-0 -0.0875439 0.996161 -0 -0.0875439 0.996161 -0 -0.0875439 0.996161 
-0 -0.0875439 0.996161 -0 -0.0875439 0.996161 -0 -0.0875439 0.996161 
-0 -0.0875439 0.996161 -0 -0.0875439 0.996161 -0 -0.0875439 0.996161 
-0 -0.0875439 0.996161 -0 -0.0875439 0.996161 -0 -0.0875439 0.996161 
-0 -0.0875439 0.996161 -0 -0.0875439 0.996161 -0 -0.0875439 0.996161 
-0 -0.0875439 0.996161 -0 -0.0875439 0.996161 -0 -0.0875439 0.996161 
-0 -0.0875439 0.996161 -0 -0.0875439 0.996161 -0 -0.0875439 0.996161 
-0 -0.0875439 0.996161 -0 -0.0875439 0.996161 -0 -0.0875439 0.996161 
-0 -0.0875439 0.996161 -0 -0.0875439 0.996161 -0 -0.0875439 0.996161 
-0 -0.0875439 0.996161 -0 -0.0875439 0.996161 -0 -0.0875439 0.996161 
-0 -0.0875439 0.996161 -0 -0.0875439 0.996161 -0 -0.0875439 0.996161 
-0 -0.0875439 0.996161 -0 -0.0875439 0.996161 -0 -0.0875439 0.996161 
-0 -0.0875439 0.996161 -0 -0.0875439 0.996161 -0 -0.0875439 0.996161 
-0 -0.0875439 0.996161 -0 -0.0875439 0.996161 -0 -0.0875439 0.996161 
-0 -0.0875439 0.996161 -0 -0.0875439 0.996161 -0 -0.0875439 0.996161 
-0 -0.0875439 0.996161 -0 -0.0875439 0.996161 -0 -0.0875439 0.996161 
-0 0.0875439 0.996161 -0 0.0875439 0.996161 -0 0.0875439 0.996161 
-0 0.0875439 0.996161 -0 0.0875439 0.996161 -0 0.0875439 0.996161 
-0 0.0875439 0.996161 -0 0.0875439 0.996161 -0 0.0875439 0.996161 
-0 0.0875439 0.996161 -0 0.0875439 0.996161 -0 0.0875439 0.996161 
-0 0.0875439 0.996161 -0 0.0875439 0.996161 -0 0.0875439 0.996161 
-0 0.0875439 0.996161 -0 0.0875439 0.996161 -0 0.0875439 0.996161 
-0 0.0875439 0.996161 -0 0.0875439 0.996161 -0 0.0875439 0.996161 
-0 0.0875439 0.996161 -0 0.0875439 0.996161 -0 0.0875439 0.996161 
-0 0.0875439 0.996161 -0 0.0875439 0.996161 -0 0.0875439 0.996161 
-0 0.0875439 0.996161 -0 0.0875439 0.996161 -0 0.0875439 0.996161 
-0 0.0875439 0.996161 -0 0.0875439 0.996161 -0 0.0875439 0.996161 
-0 0.0875439 0.996161 -0 0.0875439 0.996161 -0 0.0875439 0.996161 
-0 0.0875439 0.996161 -0 0.0875439 0.996161 -0 0.0875439 0.996161 
-0 0.0875439 0.996161 -0 0.0875439 0.996161 -0 0.0875439 0.996161 
-0 0.0875439 0.996161 -0 0.0875439 0.996161 -0 0.0875439 0.996161 
-0 0.0875439 0.996161 -0 0.0875439 0.996161 -0 0.0875439 0.996161 
-0 0.0875439 0.996161 -0 0.0875439 0.996161 -0 0.0875439 0.996161 
-0 0.0875439 0.996161 -0 0.0875439 0.996161 -0 0.0875439 0.996161 
-0 0.0875439 0.996161 -0 0.0875439 0.996161 -0 0.0875439 0.996161 
-0 0.0875439 0.996161 -0 0.0875439 0.996161 -0 0.0875439 0.996161 
-0 0.167183 0.985926 -0 0.167183 0.985926 -0 0.167183 0.985926 
-0 0.167183 0.985926 -0 0.167183 0.985926 -0 0.167183 0.985926 
-0 0.167183 0.985926 -0 0.167183 0.985926 -0 0.167183 0.985926 
-0 0.167183 0.985926 -0 0.167183 0.985926 -0 0.167183 0.985926 
-0 0.167183 0.985926 -0 0.167183 0.985926 -0 0.167183 0.985926 
-0 0.167183 0.985926 -0 0.167183 0.985926 -0 0.167183 0.985926 
-0 0.167183 0.985926 -0 0.167183 0.985926 -0 0.167183 0.985926 
-0 0.167183 0.985926 -0 0.167183 0.985926 -0 0.167183 0.985926 
-0 0.167183 0.985926 -0 0.167183 0.985926 -0 0.167183 0.985926 
-0 0.167183 0.985926 -0 0.167183 0.985926 -0 0.167183 0.985926 
-0 0.167183 0.985926 -0 0.167183 0.985926 -0 0.167183 0.985926 
-0 0.167183 0.985926 -0 0.167183 0.985926 -0 0.167183 0.985926 
-0 0.167183 0.985926 -0 0.167183 0.985926 -0 0.167183 0.985926 
-0 0.167183 0.985926 -0 0.167183 0.985926 -0 0.167183 0.985926 
-0 0.167183 0.985926 -0 0.167183 0.985926 -0 0.167183 0.985926 
-0 0.167183 0.985926 -0 0.167183 0.985926 -0 0.167183 0.985926 
-0 0.167183 0.985926 -0 0.167183 0.985926 -0 0.167183 0.985926 
-0 0.167183 0.985926 -0 0.167183 0.985926 -0 0.167183 0.985926 
-0 0.167183 0.985926 -0 0.167183 0.985926 -0 0.167183 0.985926 
-0 0.167183 0.985926 -0 0.167183 0.985926 -0 0.167183 0.985926 
-0 0.236474 0.971638 -0 0.236474 0.971638 -0 0.236474 0.971638 
-0 0.236474 0.971638 -0 0.236474 0.971638 -0 0.236474 0.971638 
-0 0.236474 0.971638 -0 0.236474 0.971638 -0 0.236474 0.971638 
-0 0.236474 0.971638 -0 0.236474 0.971638 -0 0.236474 0.971638 
-0 0.236474 0.971638 -0 0.236474 0.971638 -0 0.236474 0.971638 
-0 0.236474 0.971638 -0 0.236474 0.971638 -0 0.236474 0.971638 
-0 0.236474 0.971638 -0 0.236474 0.971638 -0 0.236474 0.971638 
-0 0.236474 0.971638 -0 0.236474 0.971638 -0 0.236474 0.971638 
-0 0.236474 0.971638 -0 0.236474 0.971638 -0 0.236474 0.971638 
-0 0.236474 0.971638 -0 0.236474 0.971638 -0 0.236474 0.971638 
-0 0.236474 0.971638 -0 0.236474 0.971638 -0 0.236474 0.971638 
-0 0.236474 0.971638 -0 0.236474 0.971638 -0 0.236474 0.971638 
-0 0.236474 0.971638 -0 0.236474 0.971638 -0 0.236474 0.971638 
-0 0.236474 0.971638 -0 0.236474 0.971638 -0 0.236474 0.971638 
-0 0.236474 0.971638 -0 0.236474 0.971638 -0 0.236474 0.971638 
-0 0.236474 0.971638 -0 0.236474 0.971638 -0 0.236474 0.971638 
-0 0.236474 0.971638 -0 0.236474 0.971638 -0 0.236474 0.971638 
-0 0.236474 0.971638 -0 0.236474 0.971638 -0 0.236474 0.971638 
-0 0.236474 0.971638 -0 0.236474 0.971638 -0 0.236474 0.971638 
-0 0.236474 0.971638 -0 0.236474 0.971638 -0 0.236474 0.971638 
-0 0.307072 0.951686 -0 0.307072 0.951686 -0 0.307072 0.951686 
-0 0.307072 0.951686 -0 0.307072 0.951686 -0 0.307072 0.951686 
-0 0.307072 0.951686 -0 0.307072 0.951686 -0 0.307072 0.951686 
-0 0.307072 0.951686 -0 0.307072 0.951686 -0 0.307072 0.951686 
-0 0.307072 0.951686 -0 0.307072 0.951686 -0 0.307072 0.951686 
-0 0.307072 0.951686 -0 0.307072 0.951686 -0 0.307072 0.951686 
-0 0.307072 0.951686 -0 0.307072 0.951686 -0 0.307072 0.951686 
-0 0.307072 0.951686 -0 0.307072 0.951686 -0 0.307072 0.951686 
-0 0.307072 0.951686 -0 0.307072 0.951686 -0 0.307072 0.951686 
-0 0.307072 0.951686 -0 0.307072 0.951686 -0 0.307072 0.951686 
-0 0.307072 0.951686 -0 0.307072 0.951686 -0 0.307072 0.951686 
-0 0.307072 0.951686 -0 0.307072 0.951686 -0 0.307072 0.951686 
-0 0.307072 0.951686 -0 0.307072 0.951686 -0 0.307072 0.951686 
-0 0.307072 0.951686 -0 0.307072 0.951686 -0 0.307072 0.951686 
-0 0.307072 0.951686 -0 0.307072 0.951686 -0 0.307072 0.951686 
-0 0.307072 0.951686 -0 0.307072 0.951686 -0 0.307072 0.951686 
-0 0.307072 0.951686 -0 0.307072 0.951686 -0 0.307072 0.951686 
-0 0.307072 0.951686 -0 0.307072 0.951686 -0 0.307072 0.951686 
-0 0.307072 0.951686 -0 0.307072 0.951686 -0 0.307072 0.951686 
-0 0.307072 0.951686 -0 0.307072 0.951686 -0 0.307072 0.951686 
-0 0.424328 0.905508 -0 0.424328 0.905508 -0 0.424328 0.905508 
-0 0.424328 0.905508 -0 0.424328 0.905508 -0 0.424328 0.905508 
-0 0.424328 0.905508 -0 0.424328 0.905508 -0 0.424328 0.905508 
-0 0.424328 0.905508 -0 0.424328 0.905508 -0 0.424328 0.905508 
-0 0.424328 0.905508 -0 0.424328 0.905508 -0 0.424328 0.905508 
-0 0.424328 0.905508 -0 0.424328 0.905508 -0 0.424328 0.905508 
-0 0.424328 0.905508 -0 0.424328 0.905508 -0 0.424328 0.905508 
-0 0.424328 0.905508 -0 0.424328 0.905508 -0 0.424328 0.905508 
-0 0.424328 0.905508 -0 0.424328 0.905508 -0 0.424328 0.905508 
-0 0.424328 0.905508 -0 0.424328 0.905508 -0 0.424328 0.905508 
-0 0.424328 0.905508 -0 0.424328 0.905508 -0 0.424328 0.905508 
-0 0.424328 0.905508 -0 0.424328 0.905508 -0 0.424328 0.905508 
-0 0.424328 0.905508 -0 0.424328 0.905508 -0 0.424328 0.905508 
-0 0.424328 0.905508 -0 0.424328 0.905508 -0 0.424328 0.905508 
-0 0.424328 0.905508 -0 0.424328 0.905508 -0 0.424328 0.905508 
-0 0.424328 0.905508 -0 0.424328 0.905508 -0 0.424328 0.905508 
-0 0.424328 0.905508 -0 0.424328 0.905508 -0 0.424328 0.905508 
-0 0.424328 0.905508 -0 0.424328 0.905508 -0 0.424328 0.905508 
-0 0.424328 0.905508 -0 0.424328 0.905508 -0 0.424328 0.905508 
-0 0.424328 0.905508 -0 0.424328 0.905508 -0 0.424328 0.905508 
-0 0.394943 0.918705 -0 0.394943 0.918705 -0 0.394943 0.918705 
-0 0.394943 0.918705 -0 0.394943 0.918705 -0 0.394943 0.918705 
-0 0.394943 0.918705 -0 0.394943 0.918705 -0 0.394943 0.918705 
-0 0.394943 0.918705 -0 0.394943 0.918705 -0 0.394943 0.918705 
-0 0.394943 0.918705 -0 0.394943 0.918705 -0 0.394943 0.918705 
-0 0.394943 0.918705 -0 0.394943 0.918705 -0 0.394943 0.918705 
-0 0.394943 0.918705 -0 0.394943 0.918705 -0 0.394943 0.918705 
-0 0.394943 0.918705 -0 0.394943 0.918705 -0 0.394943 0.918705 
-0 0.394943 0.918705 -0 0.394943 0.918705 -0 0.394943 0.918705 
-0 0.394943 0.918705 -0 0.394943 0.918705 -0 0.394943 0.918705 
-0 0.394943 0.918705 -0 0.394943 0.918705 -0 0.394943 0.918705 
-0 0.394943 0.918705 -0 0.394943 0.918705 -0 0.394943 0.918705 
-0 0.394943 0.918705 -0 0.394943 0.918705 -0 0.394943 0.918705 
-0 0.394943 0.918705 -0 0.394943 0.918705 -0 0.394943 0.918705 
-0 0.394943 0.918705 -0 0.394943 0.918705 -0 0.394943 0.918705 
-0 0.394943 0.918705 -0 0.394943 0.918705 -0 0.394943 0.918705 
-0 0.394943 0.918705 -0 0.394943 0.918705 -0 0.394943 0.918705 
-0 0.394943 0.918705 -0 0.394943 0.918705 -0 0.394943 0.918705 
-0 0.394943 0.918705 -0 0.394943 0.918705 -0 0.394943 0.918705 
-0 0.394943 0.918705 -0 0.394943 0.918705 -0 0.394943 0.918705 
-0 -0 1 -0 -0 1 -0 -0 1 
-0 -0 1 -0 -0 1 -0 -0 1 
-0 -0 1 -0 -0 1 -0 -0 1 
-0 -0 1 -0 -0 1 -0 -0 1 
-0 -0 1 -0 -0 1 -0 -0 1 
-0 -0 1 -0 -0 1 -0 -0 1 
-0 -0 1 -0 -0 1 -0 -0 1 
-0 -0 1 -0 -0 1 -0 -0 1 
-0 -0 1 -0 -0 1 -0 -0 1 
-0 -0 1 -0 -0 1 -0 -0 1 
-0 -0 1 -0 -0 1 -0 -0 1 
-0 -0 1 -0 -0 1 -0 -0 1 
-0 -0 1 -0 -0 1 -0 -0 1 
-0 -0 1 -0 -0 1 -0 -0 1 
-0 -0 1 -0 -0 1 -0 -0 1 
-0 -0 1 -0 -0 1 -0 -0 1 
-0 -0 1 -0 -0 1 -0 -0 1 
-0 -0 1 -0 -0 1 -0 -0 1 
-0 -0 1 -0 -0 1 -0 -0 1 
-0 -0 1 -0 -0 1 -0 -0 1 
-0 -0 1 -0 -0 1 -0 -0 1 
-0 -0 1 -0 -0 1 -0 -0 1 
-0 -0 1 -0 -0 1 -0 -0 1 
-0 -0 1 -0 -0 1 -0 -0 1 
-0 -0 1 -0 -0 1 -0 -0 1 
-0 -0 1 -0 -0 1 -0 -0 1 
-0 -0 1 -0 -0 1 -0 -0 1 
-0 -0 1 -0 -0 1 -0 -0 1 
-0 -0 1 -0 -0 1 -0 -0 1 
-0 -0 1 -0 -0 1 -0 -0 1 
-0 -0 1 -0 -0 1 -0 -0 1 
-0 -0 1 -0 -0 1 -0 -0 1 
-0 -0 1 -0 -0 1 -0 -0 1 
-0 -0 1 -0 -0 1 -0 -0 1 
-0 -0 1 -0 -0 1 -0 -0 1 
-0 -0 1 -0 -0 1 -0 -0 1 
-0 -0 1 -0 -0 1 -0 -0 1 
-0 -0 1 -0 -0 1 -0 -0 1 
-0 -0 1 -0 -0 1 -0 -0 1 
-0 -0 1 -0 -0 1 -0 -0 1 
-0 -0 1 -0 -0 1 -0 -0 1 
-0 -0 1 -0 -0 1 -0 -0 1 
-0 -0 1 -0 -0 1 -0 -0 1 
-0 -0 1 -0 -0 1 -0 -0 1 
-0 -0 1 -0 -0 1 -0 -0 1 
-0 -0 1 -0 -0 1 -0 -0 1 
-0 -0 1 -0 -0 1 -0 -0 1 
-0 -0 1 -0 -0 1 -0 -0 1 
-0 -0 1 -0 -0 1 -0 -0 1 
-0 -0 1 -0 -0 1 -0 -0 1 
-0 -0 1 -0 -0 1 -0 -0 1 
-0 -0 1 -0 -0 1 -0 -0 1 
-0 -0 1 -0 -0 1 -0 -0 1 
-0 -0 1 -0 -0 1 -0 -0 1 
-0 -0 1 -0 -0 1 -0 -0 1 
-0 -0 1 -0 -0 1 -0 -0 1 
-0 -0 1 -0 -0 1 -0 -0 1 
-0 -0 1 -0 -0 1 -0 -0 1 
-0 -0 1 -0 -0 1 -0 -0 1 
-0 -0 1 -0 -0 1 -0 -0 1 

