# vtk DataFile Version 5.1
vtk output
ASCII
DATASET POLYDATA
POINTS 6960 float
0 25 15.8861 1 25 15.8861 1 24.7232 16 
0 24.7232 16 2 25 15.8861 2 24.7232 16 
3 25 15.8861 3 24.7232 16 4 25 15.8861 
4 24.7232 16 5 25 15.8861 5 24.7232 16 
6 25 15.8861 6 24.7232 16 7 25 15.8861 
7 24.7232 16 8 25 15.8861 8 24.7232 16 
9 25 15.8861 9 24.7232 16 10 25 15.8861 
10 24.7232 16 11 25 15.8861 11 24.7232 16 
12 25 15.8861 12 24.7232 16 13 25 15.8861 
13 24.7232 16 14 25 15.8861 14 24.7232 16 
15 25 15.8861 15 24.7232 16 16 25 15.8861 
16 24.7232 16 17 25 15.8861 17 24.7232 16 
18 25 15.8861 18 24.7232 16 19 25 15.8861 
19 24.7232 16 20 25 15.8861 20 24.7232 16 
21 25 15.8861 21 24.7232 16 22 25 15.8861 
22 24.7232 16 23 25 15.8861 23 24.7232 16 
24 25 15.8861 24 24.7232 16 25 25 15.8861 
25 24.7232 16 26 25 15.8861 26 24.7232 16 
27 25 15.8861 27 24.7232 16 28 25 15.8861 
28 24.7232 16 29 25 15.8861 29 24.7232 16 
30 25 15.8861 30 24.7232 16 31 25 15.8861 
31 24.7232 16 32 25 15.8861 32 24.7232 16 
33 25 15.8861 33 24.7232 16 34 25 15.8861 
34 24.7232 16 35 25 15.8861 35 24.7232 16 
36 25 15.8861 36 24.7232 16 37 25 15.8861 
37 24.7232 16 38 25 15.8861 38 24.7232 16 
39 25 15.8861 39 24.7232 16 40 25 15.8861 
40 24.7232 16 41 25 15.8861 41 24.7232 16 
42 25 15.8861 42 24.7232 16 43 25 15.8861 
43 24.7232 16 44 25 15.8861 44 24.7232 16 
45 25 15.8861 45 24.7232 16 46 25 15.8861 
46 24.7232 16 47 25 15.8861 47 24.7232 16 
48 25 15.8861 48 24.7232 16 49 25 15.8861 
49 24.7232 16 50 25 15.8861 50 24.7232 16 
51 25 15.8861 51 24.7232 16 52 25 15.8861 
52 24.7232 16 53 25 15.8861 53 24.7232 16 
54 25 15.8861 54 24.7232 16 55 25 15.8861 
55 24.7232 16 56 25 15.8861 56 24.7232 16 
57 25 15.8861 57 24.7232 16 58 25 15.8861 
58 24.7232 16 59 25 15.8861 59 24.7232 16 
1 26 15.5745 0 26 15.5745 2 26 15.5745 
3 26 15.5745 4 26 15.5745 5 26 15.5745 
6 26 15.5745 7 26 15.5745 8 26 15.5745 
9 26 15.5745 10 26 15.5745 11 26 15.5745 
12 26 15.5745 13 26 15.5745 14 26 15.5745 
15 26 15.5745 16 26 15.5745 17 26 15.5745 
18 26 15.5745 19 26 15.5745 20 26 15.5745 
21 26 15.5745 22 26 15.5745 23 26 15.5745 
24 26 15.5745 25 26 15.5745 26 26 15.5745 
27 26 15.5745 28 26 15.5745 29 26 15.5745 
30 26 15.5745 31 26 15.5745 32 26 15.5745 
33 26 15.5745 34 26 15.5745 35 26 15.5745 
36 26 15.5745 37 26 15.5745 38 26 15.5745 
39 26 15.5745 40 26 15.5745 41 26 15.5745 
42 26 15.5745 43 26 15.5745 44 26 15.5745 
45 26 15.5745 46 26 15.5745 47 26 15.5745 
48 26 15.5745 49 26 15.5745 50 26 15.5745 
51 26 15.5745 52 26 15.5745 53 26 15.5745 
54 26 15.5745 55 26 15.5745 56 26 15.5745 
57 26 15.5745 58 26 15.5745 59 26 15.5745 
1 27 15.3452 0 27 15.3452 2 27 15.3452 
3 27 15.3452 4 27 15.3452 5 27 15.3452 
6 27 15.3452 7 27 15.3452 8 27 15.3452 
9 27 15.3452 10 27 15.3452 11 27 15.3452 
12 27 15.3452 13 27 15.3452 14 27 15.3452 
15 27 15.3452 16 27 15.3452 17 27 15.3452 
18 27 15.3452 19 27 15.3452 20 27 15.3452 
21 27 15.3452 22 27 15.3452 23 27 15.3452 
24 27 15.3452 25 27 15.3452 26 27 15.3452 
27 27 15.3452 28 27 15.3452 29 27 15.3452 
30 27 15.3452 31 27 15.3452 32 27 15.3452 
33 27 15.3452 34 27 15.3452 35 27 15.3452 
36 27 15.3452 37 27 15.3452 38 27 15.3452 
39 27 15.3452 40 27 15.3452 41 27 15.3452 
42 27 15.3452 43 27 15.3452 44 27 15.3452 
45 27 15.3452 46 27 15.3452 47 27 15.3452 
48 27 15.3452 49 27 15.3452 50 27 15.3452 
51 27 15.3452 52 27 15.3452 53 27 15.3452 
54 27 15.3452 55 27 15.3452 56 27 15.3452 
57 27 15.3452 58 27 15.3452 59 27 15.3452 
1 28 15.1779 0 28 15.1779 2 28 15.1779 
3 28 15.1779 4 28 15.1779 5 28 15.1779 
6 28 15.1779 7 28 15.1779 8 28 15.1779 
9 28 15.1779 10 28 15.1779 11 28 15.1779 
12 28 15.1779 13 28 15.1779 14 28 15.1779 
15 28 15.1779 16 28 15.1779 17 28 15.1779 
18 28 15.1779 19 28 15.1779 20 28 15.1779 
21 28 15.1779 22 28 15.1779 23 28 15.1779 
24 28 15.1779 25 28 15.1779 26 28 15.1779 
27 28 15.1779 28 28 15.1779 29 28 15.1779 
30 28 15.1779 31 28 15.1779 32 28 15.1779 
33 28 15.1779 34 28 15.1779 35 28 15.1779 
36 28 15.1779 37 28 15.1779 38 28 15.1779 
39 28 15.1779 40 28 15.1779 41 28 15.1779 
42 28 15.1779 43 28 15.1779 44 28 15.1779 
45 28 15.1779 46 28 15.1779 47 28 15.1779 
48 28 15.1779 49 28 15.1779 50 28 15.1779 
51 28 15.1779 52 28 15.1779 53 28 15.1779 
54 28 15.1779 55 28 15.1779 56 28 15.1779 
57 28 15.1779 58 28 15.1779 59 28 15.1779 
1 29 15.0729 0 29 15.0729 2 29 15.0729 
3 29 15.0729 4 29 15.0729 5 29 15.0729 
6 29 15.0729 7 29 15.0729 8 29 15.0729 
9 29 15.0729 10 29 15.0729 11 29 15.0729 
12 29 15.0729 13 29 15.0729 14 29 15.0729 
15 29 15.0729 16 29 15.0729 17 29 15.0729 
18 29 15.0729 19 29 15.0729 20 29 15.0729 
21 29 15.0729 22 29 15.0729 23 29 15.0729 
24 29 15.0729 25 29 15.0729 26 29 15.0729 
27 29 15.0729 28 29 15.0729 29 29 15.0729 
30 29 15.0729 31 29 15.0729 32 29 15.0729 
33 29 15.0729 34 29 15.0729 35 29 15.0729 
36 29 15.0729 37 29 15.0729 38 29 15.0729 
39 29 15.0729 40 29 15.0729 41 29 15.0729 
42 29 15.0729 43 29 15.0729 44 29 15.0729 
45 29 15.0729 46 29 15.0729 47 29 15.0729 
48 29 15.0729 49 29 15.0729 50 29 15.0729 
51 29 15.0729 52 29 15.0729 53 29 15.0729 
54 29 15.0729 55 29 15.0729 56 29 15.0729 
57 29 15.0729 58 29 15.0729 59 29 15.0729 
1 30 15.0367 0 30 15.0367 2 30 15.0367 
3 30 15.0367 4 30 15.0367 5 30 15.0367 
6 30 15.0367 7 30 15.0367 8 30 15.0367 
9 30 15.0367 10 30 15.0367 11 30 15.0367 
12 30 15.0367 13 30 15.0367 14 30 15.0367 
15 30 15.0367 16 30 15.0367 17 30 15.0367 
18 30 15.0367 19 30 15.0367 20 30 15.0367 
21 30 15.0367 22 30 15.0367 23 30 15.0367 
24 30 15.0367 25 30 15.0367 26 30 15.0367 
27 30 15.0367 28 30 15.0367 29 30 15.0367 
30 30 15.0367 31 30 15.0367 32 30 15.0367 
33 30 15.0367 34 30 15.0367 35 30 15.0367 
36 30 15.0367 37 30 15.0367 38 30 15.0367 
39 30 15.0367 40 30 15.0367 41 30 15.0367 
42 30 15.0367 43 30 15.0367 44 30 15.0367 
45 30 15.0367 46 30 15.0367 47 30 15.0367 
48 30 15.0367 49 30 15.0367 50 30 15.0367 
51 30 15.0367 52 30 15.0367 53 30 15.0367 
54 30 15.0367 55 30 15.0367 56 30 15.0367 
57 30 15.0367 58 30 15.0367 59 30 15.0367 
1 31 15.0729 0 31 15.0729 2 31 15.0729 
3 31 15.0729 4 31 15.0729 5 31 15.0729 
6 31 15.0729 7 31 15.0729 8 31 15.0729 
9 31 15.0729 10 31 15.0729 11 31 15.0729 
12 31 15.0729 13 31 15.0729 14 31 15.0729 
15 31 15.0729 16 31 15.0729 17 31 15.0729 
18 31 15.0729 19 31 15.0729 20 31 15.0729 
21 31 15.0729 22 31 15.0729 23 31 15.0729 
24 31 15.0729 25 31 15.0729 26 31 15.0729 
27 31 15.0729 28 31 15.0729 29 31 15.0729 
30 31 15.0729 31 31 15.0729 32 31 15.0729 
33 31 15.0729 34 31 15.0729 35 31 15.0729 
36 31 15.0729 37 31 15.0729 38 31 15.0729 
39 31 15.0729 40 31 15.0729 41 31 15.0729 
42 31 15.0729 43 31 15.0729 44 31 15.0729 
45 31 15.0729 46 31 15.0729 47 31 15.0729 
48 31 15.0729 49 31 15.0729 50 31 15.0729 
51 31 15.0729 52 31 15.0729 53 31 15.0729 
54 31 15.0729 55 31 15.0729 56 31 15.0729 
57 31 15.0729 58 31 15.0729 59 31 15.0729 
1 32 15.1779 0 32 15.1779 2 32 15.1779 
3 32 15.1779 4 32 15.1779 5 32 15.1779 
6 32 15.1779 7 32 15.1779 8 32 15.1779 
9 32 15.1779 10 32 15.1779 11 32 15.1779 
12 32 15.1779 13 32 15.1779 14 32 15.1779 
15 32 15.1779 16 32 15.1779 17 32 15.1779 
18 32 15.1779 19 32 15.1779 20 32 15.1779 
21 32 15.1779 22 32 15.1779 23 32 15.1779 
24 32 15.1779 25 32 15.1779 26 32 15.1779 
27 32 15.1779 28 32 15.1779 29 32 15.1779 
30 32 15.1779 31 32 15.1779 32 32 15.1779 
33 32 15.1779 34 32 15.1779 35 32 15.1779 
36 32 15.1779 37 32 15.1779 38 32 15.1779 
39 32 15.1779 40 32 15.1779 41 32 15.1779 
42 32 15.1779 43 32 15.1779 44 32 15.1779 
45 32 15.1779 46 32 15.1779 47 32 15.1779 
48 32 15.1779 49 32 15.1779 50 32 15.1779 
51 32 15.1779 52 32 15.1779 53 32 15.1779 
54 32 15.1779 55 32 15.1779 56 32 15.1779 
57 32 15.1779 58 32 15.1779 59 32 15.1779 
1 33 15.3452 0 33 15.3452 2 33 15.3452 
3 33 15.3452 4 33 15.3452 5 33 15.3452 
6 33 15.3452 7 33 15.3452 8 33 15.3452 
9 33 15.3452 10 33 15.3452 11 33 15.3452 
12 33 15.3452 13 33 15.3452 14 33 15.3452 
15 33 15.3452 16 33 15.3452 17 33 15.3452 
18 33 15.3452 19 33 15.3452 20 33 15.3452 
21 33 15.3452 22 33 15.3452 23 33 15.3452 
24 33 15.3452 25 33 15.3452 26 33 15.3452 
27 33 15.3452 28 33 15.3452 29 33 15.3452 
30 33 15.3452 31 33 15.3452 32 33 15.3452 
33 33 15.3452 34 33 15.3452 35 33 15.3452 
36 33 15.3452 37 33 15.3452 38 33 15.3452 
39 33 15.3452 40 33 15.3452 41 33 15.3452 
42 33 15.3452 43 33 15.3452 44 33 15.3452 
45 33 15.3452 46 33 15.3452 47 33 15.3452 
48 33 15.3452 49 33 15.3452 50 33 15.3452 
51 33 15.3452 52 33 15.3452 53 33 15.3452 
54 33 15.3452 55 33 15.3452 56 33 15.3452 
57 33 15.3452 58 33 15.3452 59 33 15.3452 
1 34 15.5745 0 34 15.5745 2 34 15.5745 
3 34 15.5745 4 34 15.5745 5 34 15.5745 
6 34 15.5745 7 34 15.5745 8 34 15.5745 
9 34 15.5745 10 34 15.5745 11 34 15.5745 
12 34 15.5745 13 34 15.5745 14 34 15.5745 
15 34 15.5745 16 34 15.5745 17 34 15.5745 
18 34 15.5745 19 34 15.5745 20 34 15.5745 
21 34 15.5745 22 34 15.5745 23 34 15.5745 
24 34 15.5745 25 34 15.5745 26 34 15.5745 
27 34 15.5745 28 34 15.5745 29 34 15.5745 
30 34 15.5745 31 34 15.5745 32 34 15.5745 
33 34 15.5745 34 34 15.5745 35 34 15.5745 
36 34 15.5745 37 34 15.5745 38 34 15.5745 
39 34 15.5745 40 34 15.5745 41 34 15.5745 
42 34 15.5745 43 34 15.5745 44 34 15.5745 
45 34 15.5745 46 34 15.5745 47 34 15.5745 
48 34 15.5745 49 34 15.5745 50 34 15.5745 
51 34 15.5745 52 34 15.5745 53 34 15.5745 
54 34 15.5745 55 34 15.5745 56 34 15.5745 
57 34 15.5745 58 34 15.5745 59 34 15.5745 
1 35 15.8861 0 35 15.8861 2 35 15.8861 
3 35 15.8861 4 35 15.8861 5 35 15.8861 
6 35 15.8861 7 35 15.8861 8 35 15.8861 
9 35 15.8861 10 35 15.8861 11 35 15.8861 
12 35 15.8861 13 35 15.8861 14 35 15.8861 
15 35 15.8861 16 35 15.8861 17 35 15.8861 
18 35 15.8861 19 35 15.8861 20 35 15.8861 
21 35 15.8861 22 35 15.8861 23 35 15.8861 
24 35 15.8861 25 35 15.8861 26 35 15.8861 
27 35 15.8861 28 35 15.8861 29 35 15.8861 
30 35 15.8861 31 35 15.8861 32 35 15.8861 
33 35 15.8861 34 35 15.8861 35 35 15.8861 
36 35 15.8861 37 35 15.8861 38 35 15.8861 
39 35 15.8861 40 35 15.8861 41 35 15.8861 
42 35 15.8861 43 35 15.8861 44 35 15.8861 
45 35 15.8861 46 35 15.8861 47 35 15.8861 
48 35 15.8861 49 35 15.8861 50 35 15.8861 
51 35 15.8861 52 35 15.8861 53 35 15.8861 
54 35 15.8861 55 35 15.8861 56 35 15.8861 
57 35 15.8861 58 35 15.8861 59 35 15.8861 
0 35.2768 16 1 35.2768 16 2 35.2768 16 
3 35.2768 16 4 35.2768 16 5 35.2768 16 
6 35.2768 16 7 35.2768 16 8 35.2768 16 
9 35.2768 16 10 35.2768 16 11 35.2768 16 
12 35.2768 16 13 35.2768 16 14 35.2768 16 
15 35.2768 16 16 35.2768 16 17 35.2768 16 
18 35.2768 16 19 35.2768 16 20 35.2768 16 
21 35.2768 16 22 35.2768 16 23 35.2768 16 
24 35.2768 16 25 35.2768 16 26 35.2768 16 
27 35.2768 16 28 35.2768 16 29 35.2768 16 
30 35.2768 16 31 35.2768 16 32 35.2768 16 
33 35.2768 16 34 35.2768 16 35 35.2768 16 
36 35.2768 16 37 35.2768 16 38 35.2768 16 
39 35.2768 16 40 35.2768 16 41 35.2768 16 
42 35.2768 16 43 35.2768 16 44 35.2768 16 
45 35.2768 16 46 35.2768 16 47 35.2768 16 
48 35.2768 16 49 35.2768 16 50 35.2768 16 
51 35.2768 16 52 35.2768 16 53 35.2768 16 
54 35.2768 16 55 35.2768 16 56 35.2768 16 
57 35.2768 16 58 35.2768 16 59 35.2768 16 
0 23 16.7643 1 23 16.7643 1 22.5947 17 
0 22.5947 17 2 23 16.7643 2 22.5947 17 
3 23 16.7643 3 22.5947 17 4 23 16.7643 
4 22.5947 17 5 23 16.7643 5 22.5947 17 
6 23 16.7643 6 22.5947 17 7 23 16.7643 
7 22.5947 17 8 23 16.7643 8 22.5947 17 
9 23 16.7643 9 22.5947 17 10 23 16.7643 
10 22.5947 17 11 23 16.7643 11 22.5947 17 
12 23 16.7643 12 22.5947 17 13 23 16.7643 
13 22.5947 17 14 23 16.7643 14 22.5947 17 
15 23 16.7643 15 22.5947 17 16 23 16.7643 
16 22.5947 17 17 23 16.7643 17 22.5947 17 
18 23 16.7643 18 22.5947 17 19 23 16.7643 
19 22.5947 17 20 23 16.7643 20 22.5947 17 
21 23 16.7643 21 22.5947 17 22 23 16.7643 
22 22.5947 17 23 23 16.7643 23 22.5947 17 
24 23 16.7643 24 22.5947 17 25 23 16.7643 
25 22.5947 17 26 23 16.7643 26 22.5947 17 
27 23 16.7643 27 22.5947 17 28 23 16.7643 
28 22.5947 17 29 23 16.7643 29 22.5947 17 
30 23 16.7643 30 22.5947 17 31 23 16.7643 
31 22.5947 17 32 23 16.7643 32 22.5947 17 
33 23 16.7643 33 22.5947 17 34 23 16.7643 
34 22.5947 17 35 23 16.7643 35 22.5947 17 
36 23 16.7643 36 22.5947 17 37 23 16.7643 
37 22.5947 17 38 23 16.7643 38 22.5947 17 
39 23 16.7643 39 22.5947 17 40 23 16.7643 
40 22.5947 17 41 23 16.7643 41 22.5947 17 
42 23 16.7643 42 22.5947 17 43 23 16.7643 
43 22.5947 17 44 23 16.7643 44 22.5947 17 
45 23 16.7643 45 22.5947 17 46 23 16.7643 
46 22.5947 17 47 23 16.7643 47 22.5947 17 
48 23 16.7643 48 22.5947 17 49 23 16.7643 
49 22.5947 17 50 23 16.7643 50 22.5947 17 
51 23 16.7643 51 22.5947 17 52 23 16.7643 
52 22.5947 17 53 23 16.7643 53 22.5947 17 
54 23 16.7643 54 22.5947 17 55 23 16.7643 
55 22.5947 17 56 23 16.7643 56 22.5947 17 
57 23 16.7643 57 22.5947 17 58 23 16.7643 
58 22.5947 17 59 23 16.7643 59 22.5947 17 
1 24 16.2978 0 24 16.2978 2 24 16.2978 
3 24 16.2978 4 24 16.2978 5 24 16.2978 
6 24 16.2978 7 24 16.2978 8 24 16.2978 
9 24 16.2978 10 24 16.2978 11 24 16.2978 
12 24 16.2978 13 24 16.2978 14 24 16.2978 
15 24 16.2978 16 24 16.2978 17 24 16.2978 
18 24 16.2978 19 24 16.2978 20 24 16.2978 
21 24 16.2978 22 24 16.2978 23 24 16.2978 
24 24 16.2978 25 24 16.2978 26 24 16.2978 
27 24 16.2978 28 24 16.2978 29 24 16.2978 
30 24 16.2978 31 24 16.2978 32 24 16.2978 
33 24 16.2978 34 24 16.2978 35 24 16.2978 
36 24 16.2978 37 24 16.2978 38 24 16.2978 
39 24 16.2978 40 24 16.2978 41 24 16.2978 
42 24 16.2978 43 24 16.2978 44 24 16.2978 
45 24 16.2978 46 24 16.2978 47 24 16.2978 
48 24 16.2978 49 24 16.2978 50 24 16.2978 
51 24 16.2978 52 24 16.2978 53 24 16.2978 
54 24 16.2978 55 24 16.2978 56 24 16.2978 
57 24 16.2978 58 24 16.2978 59 24 16.2978 
1 36 16.2978 0 36 16.2978 2 36 16.2978 
3 36 16.2978 4 36 16.2978 5 36 16.2978 
6 36 16.2978 7 36 16.2978 8 36 16.2978 
9 36 16.2978 10 36 16.2978 11 36 16.2978 
12 36 16.2978 13 36 16.2978 14 36 16.2978 
15 36 16.2978 16 36 16.2978 17 36 16.2978 
18 36 16.2978 19 36 16.2978 20 36 16.2978 
21 36 16.2978 22 36 16.2978 23 36 16.2978 
24 36 16.2978 25 36 16.2978 26 36 16.2978 
27 36 16.2978 28 36 16.2978 29 36 16.2978 
30 36 16.2978 31 36 16.2978 32 36 16.2978 
33 36 16.2978 34 36 16.2978 35 36 16.2978 
36 36 16.2978 37 36 16.2978 38 36 16.2978 
39 36 16.2978 40 36 16.2978 41 36 16.2978 
42 36 16.2978 43 36 16.2978 44 36 16.2978 
45 36 16.2978 46 36 16.2978 47 36 16.2978 
48 36 16.2978 49 36 16.2978 50 36 16.2978 
51 36 16.2978 52 36 16.2978 53 36 16.2978 
54 36 16.2978 55 36 16.2978 56 36 16.2978 
57 36 16.2978 58 36 16.2978 59 36 16.2978 
1 37 16.7643 0 37 16.7643 2 37 16.7643 
3 37 16.7643 4 37 16.7643 5 37 16.7643 
6 37 16.7643 7 37 16.7643 8 37 16.7643 
9 37 16.7643 10 37 16.7643 11 37 16.7643 
12 37 16.7643 13 37 16.7643 14 37 16.7643 
15 37 16.7643 16 37 16.7643 17 37 16.7643 
18 37 16.7643 19 37 16.7643 20 37 16.7643 
21 37 16.7643 22 37 16.7643 23 37 16.7643 
24 37 16.7643 25 37 16.7643 26 37 16.7643 
27 37 16.7643 28 37 16.7643 29 37 16.7643 
30 37 16.7643 31 37 16.7643 32 37 16.7643 
33 37 16.7643 34 37 16.7643 35 37 16.7643 
36 37 16.7643 37 37 16.7643 38 37 16.7643 
39 37 16.7643 40 37 16.7643 41 37 16.7643 
42 37 16.7643 43 37 16.7643 44 37 16.7643 
45 37 16.7643 46 37 16.7643 47 37 16.7643 
48 37 16.7643 49 37 16.7643 50 37 16.7643 
51 37 16.7643 52 37 16.7643 53 37 16.7643 
54 37 16.7643 55 37 16.7643 56 37 16.7643 
57 37 16.7643 58 37 16.7643 59 37 16.7643 
0 37.4053 17 1 37.4053 17 2 37.4053 17 
3 37.4053 17 4 37.4053 17 5 37.4053 17 
6 37.4053 17 7 37.4053 17 8 37.4053 17 
9 37.4053 17 10 37.4053 17 11 37.4053 17 
12 37.4053 17 13 37.4053 17 14 37.4053 17 
15 37.4053 17 16 37.4053 17 17 37.4053 17 
18 37.4053 17 19 37.4053 17 20 37.4053 17 
21 37.4053 17 22 37.4053 17 23 37.4053 17 
24 37.4053 17 25 37.4053 17 26 37.4053 17 
27 37.4053 17 28 37.4053 17 29 37.4053 17 
30 37.4053 17 31 37.4053 17 32 37.4053 17 
33 37.4053 17 34 37.4053 17 35 37.4053 17 
36 37.4053 17 37 37.4053 17 38 37.4053 17 
39 37.4053 17 40 37.4053 17 41 37.4053 17 
42 37.4053 17 43 37.4053 17 44 37.4053 17 
45 37.4053 17 46 37.4053 17 47 37.4053 17 
48 37.4053 17 49 37.4053 17 50 37.4053 17 
51 37.4053 17 52 37.4053 17 53 37.4053 17 
54 37.4053 17 55 37.4053 17 56 37.4053 17 
57 37.4053 17 58 37.4053 17 59 37.4053 17 
0 22 17.3587 1 22 17.3587 1 21.0596 18 
0 21.0596 18 2 22 17.3587 2 21.0596 18 
3 22 17.3587 3 21.0596 18 4 22 17.3587 
4 21.0596 18 5 22 17.3587 5 21.0596 18 
6 22 17.3587 6 21.0596 18 7 22 17.3587 
7 21.0596 18 8 22 17.3587 8 21.0596 18 
9 22 17.3587 9 21.0596 18 10 22 17.3587 
10 21.0596 18 11 22 17.3587 11 21.0596 18 
12 22 17.3587 12 21.0596 18 13 22 17.3587 
13 21.0596 18 14 22 17.3587 14 21.0596 18 
15 22 17.3587 15 21.0596 18 16 22 17.3587 
16 21.0596 18 17 22 17.3587 17 21.0596 18 
18 22 17.3587 18 21.0596 18 19 22 17.3587 
19 21.0596 18 20 22 17.3587 20 21.0596 18 
21 22 17.3587 21 21.0596 18 22 22 17.3587 
22 21.0596 18 23 22 17.3587 23 21.0596 18 
24 22 17.3587 24 21.0596 18 25 22 17.3587 
25 21.0596 18 26 22 17.3587 26 21.0596 18 
27 22 17.3587 27 21.0596 18 28 22 17.3587 
28 21.0596 18 29 22 17.3587 29 21.0596 18 
30 22 17.3587 30 21.0596 18 31 22 17.3587 
31 21.0596 18 32 22 17.3587 32 21.0596 18 
33 22 17.3587 33 21.0596 18 34 22 17.3587 
34 21.0596 18 35 22 17.3587 35 21.0596 18 
36 22 17.3587 36 21.0596 18 37 22 17.3587 
37 21.0596 18 38 22 17.3587 38 21.0596 18 
39 22 17.3587 39 21.0596 18 40 22 17.3587 
40 21.0596 18 41 22 17.3587 41 21.0596 18 
42 22 17.3587 42 21.0596 18 43 22 17.3587 
43 21.0596 18 44 22 17.3587 44 21.0596 18 
45 22 17.3587 45 21.0596 18 46 22 17.3587 
46 21.0596 18 47 22 17.3587 47 21.0596 18 
48 22 17.3587 48 21.0596 18 49 22 17.3587 
49 21.0596 18 50 22 17.3587 50 21.0596 18 
51 22 17.3587 51 21.0596 18 52 22 17.3587 
52 21.0596 18 53 22 17.3587 53 21.0596 18 
54 22 17.3587 54 21.0596 18 55 22 17.3587 
55 21.0596 18 56 22 17.3587 56 21.0596 18 
57 22 17.3587 57 21.0596 18 58 22 17.3587 
58 21.0596 18 59 22 17.3587 59 21.0596 18 
1 38 17.3587 0 38 17.3587 2 38 17.3587 
3 38 17.3587 4 38 17.3587 5 38 17.3587 
6 38 17.3587 7 38 17.3587 8 38 17.3587 
9 38 17.3587 10 38 17.3587 11 38 17.3587 
12 38 17.3587 13 38 17.3587 14 38 17.3587 
15 38 17.3587 16 38 17.3587 17 38 17.3587 
18 38 17.3587 19 38 17.3587 20 38 17.3587 
21 38 17.3587 22 38 17.3587 23 38 17.3587 
24 38 17.3587 25 38 17.3587 26 38 17.3587 
27 38 17.3587 28 38 17.3587 29 38 17.3587 
30 38 17.3587 31 38 17.3587 32 38 17.3587 
33 38 17.3587 34 38 17.3587 35 38 17.3587 
36 38 17.3587 37 38 17.3587 38 38 17.3587 
39 38 17.3587 40 38 17.3587 41 38 17.3587 
42 38 17.3587 43 38 17.3587 44 38 17.3587 
45 38 17.3587 46 38 17.3587 47 38 17.3587 
48 38 17.3587 49 38 17.3587 50 38 17.3587 
51 38 17.3587 52 38 17.3587 53 38 17.3587 
54 38 17.3587 55 38 17.3587 56 38 17.3587 
57 38 17.3587 58 38 17.3587 59 38 17.3587 
0 38.9404 18 1 38.9404 18 2 38.9404 18 
3 38.9404 18 4 38.9404 18 5 38.9404 18 
6 38.9404 18 7 38.9404 18 8 38.9404 18 
9 38.9404 18 10 38.9404 18 11 38.9404 18 
12 38.9404 18 13 38.9404 18 14 38.9404 18 
15 38.9404 18 16 38.9404 18 17 38.9404 18 
18 38.9404 18 19 38.9404 18 20 38.9404 18 
21 38.9404 18 22 38.9404 18 23 38.9404 18 
24 38.9404 18 25 38.9404 18 26 38.9404 18 
27 38.9404 18 28 38.9404 18 29 38.9404 18 
30 38.9404 18 31 38.9404 18 32 38.9404 18 
33 38.9404 18 34 38.9404 18 35 38.9404 18 
36 38.9404 18 37 38.9404 18 38 38.9404 18 
39 38.9404 18 40 38.9404 18 41 38.9404 18 
42 38.9404 18 43 38.9404 18 44 38.9404 18 
45 38.9404 18 46 38.9404 18 47 38.9404 18 
48 38.9404 18 49 38.9404 18 50 38.9404 18 
51 38.9404 18 52 38.9404 18 53 38.9404 18 
54 38.9404 18 55 38.9404 18 56 38.9404 18 
57 38.9404 18 58 38.9404 18 59 38.9404 18 
0 20 18.8614 1 20 18.8614 1 19.8497 19 
0 19.8497 19 2 20 18.8614 2 19.8497 19 
3 20 18.8614 3 19.8497 19 4 20 18.8614 
4 19.8497 19 5 20 18.8614 5 19.8497 19 
6 20 18.8614 6 19.8497 19 7 20 18.8614 
7 19.8497 19 8 20 18.8614 8 19.8497 19 
9 20 18.8614 9 19.8497 19 10 20 18.8614 
10 19.8497 19 11 20 18.8614 11 19.8497 19 
12 20 18.8614 12 19.8497 19 13 20 18.8614 
13 19.8497 19 14 20 18.8614 14 19.8497 19 
15 20 18.8614 15 19.8497 19 16 20 18.8614 
16 19.8497 19 17 20 18.8614 17 19.8497 19 
18 20 18.8614 18 19.8497 19 19 20 18.8614 
19 19.8497 19 20 20 18.8614 20 19.8497 19 
21 20 18.8614 21 19.8497 19 22 20 18.8614 
22 19.8497 19 23 20 18.8614 23 19.8497 19 
24 20 18.8614 24 19.8497 19 25 20 18.8614 
25 19.8497 19 26 20 18.8614 26 19.8497 19 
27 20 18.8614 27 19.8497 19 28 20 18.8614 
28 19.8497 19 29 20 18.8614 29 19.8497 19 
30 20 18.8614 30 19.8497 19 31 20 18.8614 
31 19.8497 19 32 20 18.8614 32 19.8497 19 
33 20 18.8614 33 19.8497 19 34 20 18.8614 
34 19.8497 19 35 20 18.8614 35 19.8497 19 
36 20 18.8614 36 19.8497 19 37 20 18.8614 
37 19.8497 19 38 20 18.8614 38 19.8497 19 
39 20 18.8614 39 19.8497 19 40 20 18.8614 
40 19.8497 19 41 20 18.8614 41 19.8497 19 
42 20 18.8614 42 19.8497 19 43 20 18.8614 
43 19.8497 19 44 20 18.8614 44 19.8497 19 
45 20 18.8614 45 19.8497 19 46 20 18.8614 
46 19.8497 19 47 20 18.8614 47 19.8497 19 
48 20 18.8614 48 19.8497 19 49 20 18.8614 
49 19.8497 19 50 20 18.8614 50 19.8497 19 
51 20 18.8614 51 19.8497 19 52 20 18.8614 
52 19.8497 19 53 20 18.8614 53 19.8497 19 
54 20 18.8614 54 19.8497 19 55 20 18.8614 
55 19.8497 19 56 20 18.8614 56 19.8497 19 
57 20 18.8614 57 19.8497 19 58 20 18.8614 
58 19.8497 19 59 20 18.8614 59 19.8497 19 
1 21 18.045 0 21 18.045 2 21 18.045 
3 21 18.045 4 21 18.045 5 21 18.045 
6 21 18.045 7 21 18.045 8 21 18.045 
9 21 18.045 10 21 18.045 11 21 18.045 
12 21 18.045 13 21 18.045 14 21 18.045 
15 21 18.045 16 21 18.045 17 21 18.045 
18 21 18.045 19 21 18.045 20 21 18.045 
21 21 18.045 22 21 18.045 23 21 18.045 
24 21 18.045 25 21 18.045 26 21 18.045 
27 21 18.045 28 21 18.045 29 21 18.045 
30 21 18.045 31 21 18.045 32 21 18.045 
33 21 18.045 34 21 18.045 35 21 18.045 
36 21 18.045 37 21 18.045 38 21 18.045 
39 21 18.045 40 21 18.045 41 21 18.045 
42 21 18.045 43 21 18.045 44 21 18.045 
45 21 18.045 46 21 18.045 47 21 18.045 
48 21 18.045 49 21 18.045 50 21 18.045 
51 21 18.045 52 21 18.045 53 21 18.045 
54 21 18.045 55 21 18.045 56 21 18.045 
57 21 18.045 58 21 18.045 59 21 18.045 
1 39 18.045 0 39 18.045 2 39 18.045 
3 39 18.045 4 39 18.045 5 39 18.045 
6 39 18.045 7 39 18.045 8 39 18.045 
9 39 18.045 10 39 18.045 11 39 18.045 
12 39 18.045 13 39 18.045 14 39 18.045 
15 39 18.045 16 39 18.045 17 39 18.045 
18 39 18.045 19 39 18.045 20 39 18.045 
21 39 18.045 22 39 18.045 23 39 18.045 
24 39 18.045 25 39 18.045 26 39 18.045 
27 39 18.045 28 39 18.045 29 39 18.045 
30 39 18.045 31 39 18.045 32 39 18.045 
33 39 18.045 34 39 18.045 35 39 18.045 
36 39 18.045 37 39 18.045 38 39 18.045 
39 39 18.045 40 39 18.045 41 39 18.045 
42 39 18.045 43 39 18.045 44 39 18.045 
45 39 18.045 46 39 18.045 47 39 18.045 
48 39 18.045 49 39 18.045 50 39 18.045 
51 39 18.045 52 39 18.045 53 39 18.045 
54 39 18.045 55 39 18.045 56 39 18.045 
57 39 18.045 58 39 18.045 59 39 18.045 
1 40 18.8614 0 40 18.8614 2 40 18.8614 
3 40 18.8614 4 40 18.8614 5 40 18.8614 
6 40 18.8614 7 40 18.8614 8 40 18.8614 
9 40 18.8614 10 40 18.8614 11 40 18.8614 
12 40 18.8614 13 40 18.8614 14 40 18.8614 
15 40 18.8614 16 40 18.8614 17 40 18.8614 
18 40 18.8614 19 40 18.8614 20 40 18.8614 
21 40 18.8614 22 40 18.8614 23 40 18.8614 
24 40 18.8614 25 40 18.8614 26 40 18.8614 
27 40 18.8614 28 40 18.8614 29 40 18.8614 
30 40 18.8614 31 40 18.8614 32 40 18.8614 
33 40 18.8614 34 40 18.8614 35 40 18.8614 
36 40 18.8614 37 40 18.8614 38 40 18.8614 
39 40 18.8614 40 40 18.8614 41 40 18.8614 
42 40 18.8614 43 40 18.8614 44 40 18.8614 
45 40 18.8614 46 40 18.8614 47 40 18.8614 
48 40 18.8614 49 40 18.8614 50 40 18.8614 
51 40 18.8614 52 40 18.8614 53 40 18.8614 
54 40 18.8614 55 40 18.8614 56 40 18.8614 
57 40 18.8614 58 40 18.8614 59 40 18.8614 
0 40.1503 19 1 40.1503 19 2 40.1503 19 
3 40.1503 19 4 40.1503 19 5 40.1503 19 
6 40.1503 19 7 40.1503 19 8 40.1503 19 
9 40.1503 19 10 40.1503 19 11 40.1503 19 
12 40.1503 19 13 40.1503 19 14 40.1503 19 
15 40.1503 19 16 40.1503 19 17 40.1503 19 
18 40.1503 19 19 40.1503 19 20 40.1503 19 
21 40.1503 19 22 40.1503 19 23 40.1503 19 
24 40.1503 19 25 40.1503 19 26 40.1503 19 
27 40.1503 19 28 40.1503 19 29 40.1503 19 
30 40.1503 19 31 40.1503 19 32 40.1503 19 
33 40.1503 19 34 40.1503 19 35 40.1503 19 
36 40.1503 19 37 40.1503 19 38 40.1503 19 
39 40.1503 19 40 40.1503 19 41 40.1503 19 
42 40.1503 19 43 40.1503 19 44 40.1503 19 
45 40.1503 19 46 40.1503 19 47 40.1503 19 
48 40.1503 19 49 40.1503 19 50 40.1503 19 
51 40.1503 19 52 40.1503 19 53 40.1503 19 
54 40.1503 19 55 40.1503 19 56 40.1503 19 
57 40.1503 19 58 40.1503 19 59 40.1503 19 
0 19 19.8497 1 19 19.8497 1 18.8614 20 
0 18.8614 20 2 19 19.8497 2 18.8614 20 
3 19 19.8497 3 18.8614 20 4 19 19.8497 
4 18.8614 20 5 19 19.8497 5 18.8614 20 
6 19 19.8497 6 18.8614 20 7 19 19.8497 
7 18.8614 20 8 19 19.8497 8 18.8614 20 
9 19 19.8497 9 18.8614 20 10 19 19.8497 
10 18.8614 20 11 19 19.8497 11 18.8614 20 
12 19 19.8497 12 18.8614 20 13 19 19.8497 
13 18.8614 20 14 19 19.8497 14 18.8614 20 
15 19 19.8497 15 18.8614 20 16 19 19.8497 
16 18.8614 20 17 19 19.8497 17 18.8614 20 
18 19 19.8497 18 18.8614 20 19 19 19.8497 
19 18.8614 20 20 19 19.8497 20 18.8614 20 
21 19 19.8497 21 18.8614 20 22 19 19.8497 
22 18.8614 20 23 19 19.8497 23 18.8614 20 
24 19 19.8497 24 18.8614 20 25 19 19.8497 
25 18.8614 20 26 19 19.8497 26 18.8614 20 
27 19 19.8497 27 18.8614 20 28 19 19.8497 
28 18.8614 20 29 19 19.8497 29 18.8614 20 
30 19 19.8497 30 18.8614 20 31 19 19.8497 
31 18.8614 20 32 19 19.8497 32 18.8614 20 
33 19 19.8497 33 18.8614 20 34 19 19.8497 
34 18.8614 20 35 19 19.8497 35 18.8614 20 
36 19 19.8497 36 18.8614 20 37 19 19.8497 
37 18.8614 20 38 19 19.8497 38 18.8614 20 
39 19 19.8497 39 18.8614 20 40 19 19.8497 
40 18.8614 20 41 19 19.8497 41 18.8614 20 
42 19 19.8497 42 18.8614 20 43 19 19.8497 
43 18.8614 20 44 19 19.8497 44 18.8614 20 
45 19 19.8497 45 18.8614 20 46 19 19.8497 
46 18.8614 20 47 19 19.8497 47 18.8614 20 
48 19 19.8497 48 18.8614 20 49 19 19.8497 
49 18.8614 20 50 19 19.8497 50 18.8614 20 
51 19 19.8497 51 18.8614 20 52 19 19.8497 
52 18.8614 20 53 19 19.8497 53 18.8614 20 
54 19 19.8497 54 18.8614 20 55 19 19.8497 
55 18.8614 20 56 19 19.8497 56 18.8614 20 
57 19 19.8497 57 18.8614 20 58 19 19.8497 
58 18.8614 20 59 19 19.8497 59 18.8614 20 
1 41 19.8497 0 41 19.8497 2 41 19.8497 
3 41 19.8497 4 41 19.8497 5 41 19.8497 
6 41 19.8497 7 41 19.8497 8 41 19.8497 
9 41 19.8497 10 41 19.8497 11 41 19.8497 
12 41 19.8497 13 41 19.8497 14 41 19.8497 
15 41 19.8497 16 41 19.8497 17 41 19.8497 
18 41 19.8497 19 41 19.8497 20 41 19.8497 
21 41 19.8497 22 41 19.8497 23 41 19.8497 
24 41 19.8497 25 41 19.8497 26 41 19.8497 
27 41 19.8497 28 41 19.8497 29 41 19.8497 
30 41 19.8497 31 41 19.8497 32 41 19.8497 
33 41 19.8497 34 41 19.8497 35 41 19.8497 
36 41 19.8497 37 41 19.8497 38 41 19.8497 
39 41 19.8497 40 41 19.8497 41 41 19.8497 
42 41 19.8497 43 41 19.8497 44 41 19.8497 
45 41 19.8497 46 41 19.8497 47 41 19.8497 
48 41 19.8497 49 41 19.8497 50 41 19.8497 
51 41 19.8497 52 41 19.8497 53 41 19.8497 
54 41 19.8497 55 41 19.8497 56 41 19.8497 
57 41 19.8497 58 41 19.8497 59 41 19.8497 
0 41.1386 20 1 41.1386 20 2 41.1386 20 
3 41.1386 20 4 41.1386 20 5 41.1386 20 
6 41.1386 20 7 41.1386 20 8 41.1386 20 
9 41.1386 20 10 41.1386 20 11 41.1386 20 
12 41.1386 20 13 41.1386 20 14 41.1386 20 
15 41.1386 20 16 41.1386 20 17 41.1386 20 
18 41.1386 20 19 41.1386 20 20 41.1386 20 
21 41.1386 20 22 41.1386 20 23 41.1386 20 
24 41.1386 20 25 41.1386 20 26 41.1386 20 
27 41.1386 20 28 41.1386 20 29 41.1386 20 
30 41.1386 20 31 41.1386 20 32 41.1386 20 
33 41.1386 20 34 41.1386 20 35 41.1386 20 
36 41.1386 20 37 41.1386 20 38 41.1386 20 
39 41.1386 20 40 41.1386 20 41 41.1386 20 
42 41.1386 20 43 41.1386 20 44 41.1386 20 
45 41.1386 20 46 41.1386 20 47 41.1386 20 
48 41.1386 20 49 41.1386 20 50 41.1386 20 
51 41.1386 20 52 41.1386 20 53 41.1386 20 
54 41.1386 20 55 41.1386 20 56 41.1386 20 
57 41.1386 20 58 41.1386 20 59 41.1386 20 
1 18.045 21 0 18.045 21 2 18.045 21 
3 18.045 21 4 18.045 21 5 18.045 21 
6 18.045 21 7 18.045 21 8 18.045 21 
9 18.045 21 10 18.045 21 11 18.045 21 
12 18.045 21 13 18.045 21 14 18.045 21 
15 18.045 21 16 18.045 21 17 18.045 21 
18 18.045 21 19 18.045 21 20 18.045 21 
21 18.045 21 22 18.045 21 23 18.045 21 
24 18.045 21 25 18.045 21 26 18.045 21 
27 18.045 21 28 18.045 21 29 18.045 21 
30 18.045 21 31 18.045 21 32 18.045 21 
33 18.045 21 34 18.045 21 35 18.045 21 
36 18.045 21 37 18.045 21 38 18.045 21 
39 18.045 21 40 18.045 21 41 18.045 21 
42 18.045 21 43 18.045 21 44 18.045 21 
45 18.045 21 46 18.045 21 47 18.045 21 
48 18.045 21 49 18.045 21 50 18.045 21 
51 18.045 21 52 18.045 21 53 18.045 21 
54 18.045 21 55 18.045 21 56 18.045 21 
57 18.045 21 58 18.045 21 59 18.045 21 
1 41.955 21 0 41.955 21 2 41.955 21 
3 41.955 21 4 41.955 21 5 41.955 21 
6 41.955 21 7 41.955 21 8 41.955 21 
9 41.955 21 10 41.955 21 11 41.955 21 
12 41.955 21 13 41.955 21 14 41.955 21 
15 41.955 21 16 41.955 21 17 41.955 21 
18 41.955 21 19 41.955 21 20 41.955 21 
21 41.955 21 22 41.955 21 23 41.955 21 
24 41.955 21 25 41.955 21 26 41.955 21 
27 41.955 21 28 41.955 21 29 41.955 21 
30 41.955 21 31 41.955 21 32 41.955 21 
33 41.955 21 34 41.955 21 35 41.955 21 
36 41.955 21 37 41.955 21 38 41.955 21 
39 41.955 21 40 41.955 21 41 41.955 21 
42 41.955 21 43 41.955 21 44 41.955 21 
45 41.955 21 46 41.955 21 47 41.955 21 
48 41.955 21 49 41.955 21 50 41.955 21 
51 41.955 21 52 41.955 21 53 41.955 21 
54 41.955 21 55 41.955 21 56 41.955 21 
57 41.955 21 58 41.955 21 59 41.955 21 
0 18 21.0596 1 18 21.0596 1 17.3587 22 
0 17.3587 22 2 18 21.0596 2 17.3587 22 
3 18 21.0596 3 17.3587 22 4 18 21.0596 
4 17.3587 22 5 18 21.0596 5 17.3587 22 
6 18 21.0596 6 17.3587 22 7 18 21.0596 
7 17.3587 22 8 18 21.0596 8 17.3587 22 
9 18 21.0596 9 17.3587 22 10 18 21.0596 
10 17.3587 22 11 18 21.0596 11 17.3587 22 
12 18 21.0596 12 17.3587 22 13 18 21.0596 
13 17.3587 22 14 18 21.0596 14 17.3587 22 
15 18 21.0596 15 17.3587 22 16 18 21.0596 
16 17.3587 22 17 18 21.0596 17 17.3587 22 
18 18 21.0596 18 17.3587 22 19 18 21.0596 
19 17.3587 22 20 18 21.0596 20 17.3587 22 
21 18 21.0596 21 17.3587 22 22 18 21.0596 
22 17.3587 22 23 18 21.0596 23 17.3587 22 
24 18 21.0596 24 17.3587 22 25 18 21.0596 
25 17.3587 22 26 18 21.0596 26 17.3587 22 
27 18 21.0596 27 17.3587 22 28 18 21.0596 
28 17.3587 22 29 18 21.0596 29 17.3587 22 
30 18 21.0596 30 17.3587 22 31 18 21.0596 
31 17.3587 22 32 18 21.0596 32 17.3587 22 
33 18 21.0596 33 17.3587 22 34 18 21.0596 
34 17.3587 22 35 18 21.0596 35 17.3587 22 
36 18 21.0596 36 17.3587 22 37 18 21.0596 
37 17.3587 22 38 18 21.0596 38 17.3587 22 
39 18 21.0596 39 17.3587 22 40 18 21.0596 
40 17.3587 22 41 18 21.0596 41 17.3587 22 
42 18 21.0596 42 17.3587 22 43 18 21.0596 
43 17.3587 22 44 18 21.0596 44 17.3587 22 
45 18 21.0596 45 17.3587 22 46 18 21.0596 
46 17.3587 22 47 18 21.0596 47 17.3587 22 
48 18 21.0596 48 17.3587 22 49 18 21.0596 
49 17.3587 22 50 18 21.0596 50 17.3587 22 
51 18 21.0596 51 17.3587 22 52 18 21.0596 
52 17.3587 22 53 18 21.0596 53 17.3587 22 
54 18 21.0596 54 17.3587 22 55 18 21.0596 
55 17.3587 22 56 18 21.0596 56 17.3587 22 
57 18 21.0596 57 17.3587 22 58 18 21.0596 
58 17.3587 22 59 18 21.0596 59 17.3587 22 
1 42 21.0596 0 42 21.0596 2 42 21.0596 
3 42 21.0596 4 42 21.0596 5 42 21.0596 
6 42 21.0596 7 42 21.0596 8 42 21.0596 
9 42 21.0596 10 42 21.0596 11 42 21.0596 
12 42 21.0596 13 42 21.0596 14 42 21.0596 
15 42 21.0596 16 42 21.0596 17 42 21.0596 
18 42 21.0596 19 42 21.0596 20 42 21.0596 
21 42 21.0596 22 42 21.0596 23 42 21.0596 
24 42 21.0596 25 42 21.0596 26 42 21.0596 
27 42 21.0596 28 42 21.0596 29 42 21.0596 
30 42 21.0596 31 42 21.0596 32 42 21.0596 
33 42 21.0596 34 42 21.0596 35 42 21.0596 
36 42 21.0596 37 42 21.0596 38 42 21.0596 
39 42 21.0596 40 42 21.0596 41 42 21.0596 
42 42 21.0596 43 42 21.0596 44 42 21.0596 
45 42 21.0596 46 42 21.0596 47 42 21.0596 
48 42 21.0596 49 42 21.0596 50 42 21.0596 
51 42 21.0596 52 42 21.0596 53 42 21.0596 
54 42 21.0596 55 42 21.0596 56 42 21.0596 
57 42 21.0596 58 42 21.0596 59 42 21.0596 
0 42.6413 22 1 42.6413 22 2 42.6413 22 
3 42.6413 22 4 42.6413 22 5 42.6413 22 
6 42.6413 22 7 42.6413 22 8 42.6413 22 
9 42.6413 22 10 42.6413 22 11 42.6413 22 
12 42.6413 22 13 42.6413 22 14 42.6413 22 
15 42.6413 22 16 42.6413 22 17 42.6413 22 
18 42.6413 22 19 42.6413 22 20 42.6413 22 
21 42.6413 22 22 42.6413 22 23 42.6413 22 
24 42.6413 22 25 42.6413 22 26 42.6413 22 
27 42.6413 22 28 42.6413 22 29 42.6413 22 
30 42.6413 22 31 42.6413 22 32 42.6413 22 
33 42.6413 22 34 42.6413 22 35 42.6413 22 
36 42.6413 22 37 42.6413 22 38 42.6413 22 
39 42.6413 22 40 42.6413 22 41 42.6413 22 
42 42.6413 22 43 42.6413 22 44 42.6413 22 
45 42.6413 22 46 42.6413 22 47 42.6413 22 
48 42.6413 22 49 42.6413 22 50 42.6413 22 
51 42.6413 22 52 42.6413 22 53 42.6413 22 
54 42.6413 22 55 42.6413 22 56 42.6413 22 
57 42.6413 22 58 42.6413 22 59 42.6413 22 
0 17 22.5947 1 17 22.5947 1 16.7643 23 
0 16.7643 23 2 17 22.5947 2 16.7643 23 
3 17 22.5947 3 16.7643 23 4 17 22.5947 
4 16.7643 23 5 17 22.5947 5 16.7643 23 
6 17 22.5947 6 16.7643 23 7 17 22.5947 
7 16.7643 23 8 17 22.5947 8 16.7643 23 
9 17 22.5947 9 16.7643 23 10 17 22.5947 
10 16.7643 23 11 17 22.5947 11 16.7643 23 
12 17 22.5947 12 16.7643 23 13 17 22.5947 
13 16.7643 23 14 17 22.5947 14 16.7643 23 
15 17 22.5947 15 16.7643 23 16 17 22.5947 
16 16.7643 23 17 17 22.5947 17 16.7643 23 
18 17 22.5947 18 16.7643 23 19 17 22.5947 
19 16.7643 23 20 17 22.5947 20 16.7643 23 
21 17 22.5947 21 16.7643 23 22 17 22.5947 
22 16.7643 23 23 17 22.5947 23 16.7643 23 
24 17 22.5947 24 16.7643 23 25 17 22.5947 
25 16.7643 23 26 17 22.5947 26 16.7643 23 
27 17 22.5947 27 16.7643 23 28 17 22.5947 
28 16.7643 23 29 17 22.5947 29 16.7643 23 
30 17 22.5947 30 16.7643 23 31 17 22.5947 
31 16.7643 23 32 17 22.5947 32 16.7643 23 
33 17 22.5947 33 16.7643 23 34 17 22.5947 
34 16.7643 23 35 17 22.5947 35 16.7643 23 
36 17 22.5947 36 16.7643 23 37 17 22.5947 
37 16.7643 23 38 17 22.5947 38 16.7643 23 
39 17 22.5947 39 16.7643 23 40 17 22.5947 
40 16.7643 23 41 17 22.5947 41 16.7643 23 
42 17 22.5947 42 16.7643 23 43 17 22.5947 
43 16.7643 23 44 17 22.5947 44 16.7643 23 
45 17 22.5947 45 16.7643 23 46 17 22.5947 
46 16.7643 23 47 17 22.5947 47 16.7643 23 
48 17 22.5947 48 16.7643 23 49 17 22.5947 
49 16.7643 23 50 17 22.5947 50 16.7643 23 
51 17 22.5947 51 16.7643 23 52 17 22.5947 
52 16.7643 23 53 17 22.5947 53 16.7643 23 
54 17 22.5947 54 16.7643 23 55 17 22.5947 
55 16.7643 23 56 17 22.5947 56 16.7643 23 
57 17 22.5947 57 16.7643 23 58 17 22.5947 
58 16.7643 23 59 17 22.5947 59 16.7643 23 
1 43 22.5947 0 43 22.5947 2 43 22.5947 
3 43 22.5947 4 43 22.5947 5 43 22.5947 
6 43 22.5947 7 43 22.5947 8 43 22.5947 
9 43 22.5947 10 43 22.5947 11 43 22.5947 
12 43 22.5947 13 43 22.5947 14 43 22.5947 
15 43 22.5947 16 43 22.5947 17 43 22.5947 
18 43 22.5947 19 43 22.5947 20 43 22.5947 
21 43 22.5947 22 43 22.5947 23 43 22.5947 
24 43 22.5947 25 43 22.5947 26 43 22.5947 
27 43 22.5947 28 43 22.5947 29 43 22.5947 
30 43 22.5947 31 43 22.5947 32 43 22.5947 
33 43 22.5947 34 43 22.5947 35 43 22.5947 
36 43 22.5947 37 43 22.5947 38 43 22.5947 
39 43 22.5947 40 43 22.5947 41 43 22.5947 
42 43 22.5947 43 43 22.5947 44 43 22.5947 
45 43 22.5947 46 43 22.5947 47 43 22.5947 
48 43 22.5947 49 43 22.5947 50 43 22.5947 
51 43 22.5947 52 43 22.5947 53 43 22.5947 
54 43 22.5947 55 43 22.5947 56 43 22.5947 
57 43 22.5947 58 43 22.5947 59 43 22.5947 
0 43.2357 23 1 43.2357 23 2 43.2357 23 
3 43.2357 23 4 43.2357 23 5 43.2357 23 
6 43.2357 23 7 43.2357 23 8 43.2357 23 
9 43.2357 23 10 43.2357 23 11 43.2357 23 
12 43.2357 23 13 43.2357 23 14 43.2357 23 
15 43.2357 23 16 43.2357 23 17 43.2357 23 
18 43.2357 23 19 43.2357 23 20 43.2357 23 
21 43.2357 23 22 43.2357 23 23 43.2357 23 
24 43.2357 23 25 43.2357 23 26 43.2357 23 
27 43.2357 23 28 43.2357 23 29 43.2357 23 
30 43.2357 23 31 43.2357 23 32 43.2357 23 
33 43.2357 23 34 43.2357 23 35 43.2357 23 
36 43.2357 23 37 43.2357 23 38 43.2357 23 
39 43.2357 23 40 43.2357 23 41 43.2357 23 
42 43.2357 23 43 43.2357 23 44 43.2357 23 
45 43.2357 23 46 43.2357 23 47 43.2357 23 
48 43.2357 23 49 43.2357 23 50 43.2357 23 
51 43.2357 23 52 43.2357 23 53 43.2357 23 
54 43.2357 23 55 43.2357 23 56 43.2357 23 
57 43.2357 23 58 43.2357 23 59 43.2357 23 
1 16.2978 24 0 16.2978 24 2 16.2978 24 
3 16.2978 24 4 16.2978 24 5 16.2978 24 
6 16.2978 24 7 16.2978 24 8 16.2978 24 
9 16.2978 24 10 16.2978 24 11 16.2978 24 
12 16.2978 24 13 16.2978 24 14 16.2978 24 
15 16.2978 24 16 16.2978 24 17 16.2978 24 
18 16.2978 24 19 16.2978 24 20 16.2978 24 
21 16.2978 24 22 16.2978 24 23 16.2978 24 
24 16.2978 24 25 16.2978 24 26 16.2978 24 
27 16.2978 24 28 16.2978 24 29 16.2978 24 
30 16.2978 24 31 16.2978 24 32 16.2978 24 
33 16.2978 24 34 16.2978 24 35 16.2978 24 
36 16.2978 24 37 16.2978 24 38 16.2978 24 
39 16.2978 24 40 16.2978 24 41 16.2978 24 
42 16.2978 24 43 16.2978 24 44 16.2978 24 
45 16.2978 24 46 16.2978 24 47 16.2978 24 
48 16.2978 24 49 16.2978 24 50 16.2978 24 
51 16.2978 24 52 16.2978 24 53 16.2978 24 
54 16.2978 24 55 16.2978 24 56 16.2978 24 
57 16.2978 24 58 16.2978 24 59 16.2978 24 
1 43.7022 24 0 43.7022 24 2 43.7022 24 
3 43.7022 24 4 43.7022 24 5 43.7022 24 
6 43.7022 24 7 43.7022 24 8 43.7022 24 
9 43.7022 24 10 43.7022 24 11 43.7022 24 
12 43.7022 24 13 43.7022 24 14 43.7022 24 
15 43.7022 24 16 43.7022 24 17 43.7022 24 
18 43.7022 24 19 43.7022 24 20 43.7022 24 
21 43.7022 24 22 43.7022 24 23 43.7022 24 
24 43.7022 24 25 43.7022 24 26 43.7022 24 
27 43.7022 24 28 43.7022 24 29 43.7022 24 
30 43.7022 24 31 43.7022 24 32 43.7022 24 
33 43.7022 24 34 43.7022 24 35 43.7022 24 
36 43.7022 24 37 43.7022 24 38 43.7022 24 
39 43.7022 24 40 43.7022 24 41 43.7022 24 
42 43.7022 24 43 43.7022 24 44 43.7022 24 
45 43.7022 24 46 43.7022 24 47 43.7022 24 
48 43.7022 24 49 43.7022 24 50 43.7022 24 
51 43.7022 24 52 43.7022 24 53 43.7022 24 
54 43.7022 24 55 43.7022 24 56 43.7022 24 
57 43.7022 24 58 43.7022 24 59 43.7022 24 
0 16 24.7232 1 16 24.7232 1 15.8861 25 
0 15.8861 25 2 16 24.7232 2 15.8861 25 
3 16 24.7232 3 15.8861 25 4 16 24.7232 
4 15.8861 25 5 16 24.7232 5 15.8861 25 
6 16 24.7232 6 15.8861 25 7 16 24.7232 
7 15.8861 25 8 16 24.7232 8 15.8861 25 
9 16 24.7232 9 15.8861 25 10 16 24.7232 
10 15.8861 25 11 16 24.7232 11 15.8861 25 
12 16 24.7232 12 15.8861 25 13 16 24.7232 
13 15.8861 25 14 16 24.7232 14 15.8861 25 
15 16 24.7232 15 15.8861 25 16 16 24.7232 
16 15.8861 25 17 16 24.7232 17 15.8861 25 
18 16 24.7232 18 15.8861 25 19 16 24.7232 
19 15.8861 25 20 16 24.7232 20 15.8861 25 
21 16 24.7232 21 15.8861 25 22 16 24.7232 
22 15.8861 25 23 16 24.7232 23 15.8861 25 
24 16 24.7232 24 15.8861 25 25 16 24.7232 
25 15.8861 25 26 16 24.7232 26 15.8861 25 
27 16 24.7232 27 15.8861 25 28 16 24.7232 
28 15.8861 25 29 16 24.7232 29 15.8861 25 
30 16 24.7232 30 15.8861 25 31 16 24.7232 
31 15.8861 25 32 16 24.7232 32 15.8861 25 
33 16 24.7232 33 15.8861 25 34 16 24.7232 
34 15.8861 25 35 16 24.7232 35 15.8861 25 
36 16 24.7232 36 15.8861 25 37 16 24.7232 
37 15.8861 25 38 16 24.7232 38 15.8861 25 
39 16 24.7232 39 15.8861 25 40 16 24.7232 
40 15.8861 25 41 16 24.7232 41 15.8861 25 
42 16 24.7232 42 15.8861 25 43 16 24.7232 
43 15.8861 25 44 16 24.7232 44 15.8861 25 
45 16 24.7232 45 15.8861 25 46 16 24.7232 
46 15.8861 25 47 16 24.7232 47 15.8861 25 
48 16 24.7232 48 15.8861 25 49 16 24.7232 
49 15.8861 25 50 16 24.7232 50 15.8861 25 
51 16 24.7232 51 15.8861 25 52 16 24.7232 
52 15.8861 25 53 16 24.7232 53 15.8861 25 
54 16 24.7232 54 15.8861 25 55 16 24.7232 
55 15.8861 25 56 16 24.7232 56 15.8861 25 
57 16 24.7232 57 15.8861 25 58 16 24.7232 
58 15.8861 25 59 16 24.7232 59 15.8861 25 
1 44 24.7232 0 44 24.7232 2 44 24.7232 
3 44 24.7232 4 44 24.7232 5 44 24.7232 
6 44 24.7232 7 44 24.7232 8 44 24.7232 
9 44 24.7232 10 44 24.7232 11 44 24.7232 
12 44 24.7232 13 44 24.7232 14 44 24.7232 
15 44 24.7232 16 44 24.7232 17 44 24.7232 
18 44 24.7232 19 44 24.7232 20 44 24.7232 
21 44 24.7232 22 44 24.7232 23 44 24.7232 
24 44 24.7232 25 44 24.7232 26 44 24.7232 
27 44 24.7232 28 44 24.7232 29 44 24.7232 
30 44 24.7232 31 44 24.7232 32 44 24.7232 
33 44 24.7232 34 44 24.7232 35 44 24.7232 
36 44 24.7232 37 44 24.7232 38 44 24.7232 
39 44 24.7232 40 44 24.7232 41 44 24.7232 
42 44 24.7232 43 44 24.7232 44 44 24.7232 
45 44 24.7232 46 44 24.7232 47 44 24.7232 
48 44 24.7232 49 44 24.7232 50 44 24.7232 
51 44 24.7232 52 44 24.7232 53 44 24.7232 
54 44 24.7232 55 44 24.7232 56 44 24.7232 
57 44 24.7232 58 44 24.7232 59 44 24.7232 
0 44.1139 25 1 44.1139 25 2 44.1139 25 
3 44.1139 25 4 44.1139 25 5 44.1139 25 
6 44.1139 25 7 44.1139 25 8 44.1139 25 
9 44.1139 25 10 44.1139 25 11 44.1139 25 
12 44.1139 25 13 44.1139 25 14 44.1139 25 
15 44.1139 25 16 44.1139 25 17 44.1139 25 
18 44.1139 25 19 44.1139 25 20 44.1139 25 
21 44.1139 25 22 44.1139 25 23 44.1139 25 
24 44.1139 25 25 44.1139 25 26 44.1139 25 
27 44.1139 25 28 44.1139 25 29 44.1139 25 
30 44.1139 25 31 44.1139 25 32 44.1139 25 
33 44.1139 25 34 44.1139 25 35 44.1139 25 
36 44.1139 25 37 44.1139 25 38 44.1139 25 
39 44.1139 25 40 44.1139 25 41 44.1139 25 
42 44.1139 25 43 44.1139 25 44 44.1139 25 
45 44.1139 25 46 44.1139 25 47 44.1139 25 
48 44.1139 25 49 44.1139 25 50 44.1139 25 
51 44.1139 25 52 44.1139 25 53 44.1139 25 
54 44.1139 25 55 44.1139 25 56 44.1139 25 
57 44.1139 25 58 44.1139 25 59 44.1139 25 
1 15.5745 26 0 15.5745 26 2 15.5745 26 
3 15.5745 26 4 15.5745 26 5 15.5745 26 
6 15.5745 26 7 15.5745 26 8 15.5745 26 
9 15.5745 26 10 15.5745 26 11 15.5745 26 
12 15.5745 26 13 15.5745 26 14 15.5745 26 
15 15.5745 26 16 15.5745 26 17 15.5745 26 
18 15.5745 26 19 15.5745 26 20 15.5745 26 
21 15.5745 26 22 15.5745 26 23 15.5745 26 
24 15.5745 26 25 15.5745 26 26 15.5745 26 
27 15.5745 26 28 15.5745 26 29 15.5745 26 
30 15.5745 26 31 15.5745 26 32 15.5745 26 
33 15.5745 26 34 15.5745 26 35 15.5745 26 
36 15.5745 26 37 15.5745 26 38 15.5745 26 
39 15.5745 26 40 15.5745 26 41 15.5745 26 
42 15.5745 26 43 15.5745 26 44 15.5745 26 
45 15.5745 26 46 15.5745 26 47 15.5745 26 
48 15.5745 26 49 15.5745 26 50 15.5745 26 
51 15.5745 26 52 15.5745 26 53 15.5745 26 
54 15.5745 26 55 15.5745 26 56 15.5745 26 
57 15.5745 26 58 15.5745 26 59 15.5745 26 
1 44.4255 26 0 44.4255 26 2 44.4255 26 
3 44.4255 26 4 44.4255 26 5 44.4255 26 
6 44.4255 26 7 44.4255 26 8 44.4255 26 
9 44.4255 26 10 44.4255 26 11 44.4255 26 
12 44.4255 26 13 44.4255 26 14 44.4255 26 
15 44.4255 26 16 44.4255 26 17 44.4255 26 
18 44.4255 26 19 44.4255 26 20 44.4255 26 
21 44.4255 26 22 44.4255 26 23 44.4255 26 
24 44.4255 26 25 44.4255 26 26 44.4255 26 
27 44.4255 26 28 44.4255 26 29 44.4255 26 
30 44.4255 26 31 44.4255 26 32 44.4255 26 
33 44.4255 26 34 44.4255 26 35 44.4255 26 
36 44.4255 26 37 44.4255 26 38 44.4255 26 
39 44.4255 26 40 44.4255 26 41 44.4255 26 
42 44.4255 26 43 44.4255 26 44 44.4255 26 
45 44.4255 26 46 44.4255 26 47 44.4255 26 
48 44.4255 26 49 44.4255 26 50 44.4255 26 
51 44.4255 26 52 44.4255 26 53 44.4255 26 
54 44.4255 26 55 44.4255 26 56 44.4255 26 
57 44.4255 26 58 44.4255 26 59 44.4255 26 
1 15.3452 27 0 15.3452 27 2 15.3452 27 
3 15.3452 27 4 15.3452 27 5 15.3452 27 
6 15.3452 27 7 15.3452 27 8 15.3452 27 
9 15.3452 27 10 15.3452 27 11 15.3452 27 
12 15.3452 27 13 15.3452 27 14 15.3452 27 
15 15.3452 27 16 15.3452 27 17 15.3452 27 
18 15.3452 27 19 15.3452 27 20 15.3452 27 
21 15.3452 27 22 15.3452 27 23 15.3452 27 
24 15.3452 27 25 15.3452 27 26 15.3452 27 
27 15.3452 27 28 15.3452 27 29 15.3452 27 
30 15.3452 27 31 15.3452 27 32 15.3452 27 
33 15.3452 27 34 15.3452 27 35 15.3452 27 
36 15.3452 27 37 15.3452 27 38 15.3452 27 
39 15.3452 27 40 15.3452 27 41 15.3452 27 
42 15.3452 27 43 15.3452 27 44 15.3452 27 
45 15.3452 27 46 15.3452 27 47 15.3452 27 
48 15.3452 27 49 15.3452 27 50 15.3452 27 
51 15.3452 27 52 15.3452 27 53 15.3452 27 
54 15.3452 27 55 15.3452 27 56 15.3452 27 
57 15.3452 27 58 15.3452 27 59 15.3452 27 
1 44.6548 27 0 44.6548 27 2 44.6548 27 
3 44.6548 27 4 44.6548 27 5 44.6548 27 
6 44.6548 27 7 44.6548 27 8 44.6548 27 
9 44.6548 27 10 44.6548 27 11 44.6548 27 
12 44.6548 27 13 44.6548 27 14 44.6548 27 
15 44.6548 27 16 44.6548 27 17 44.6548 27 
18 44.6548 27 19 44.6548 27 20 44.6548 27 
21 44.6548 27 22 44.6548 27 23 44.6548 27 
24 44.6548 27 25 44.6548 27 26 44.6548 27 
27 44.6548 27 28 44.6548 27 29 44.6548 27 
30 44.6548 27 31 44.6548 27 32 44.6548 27 
33 44.6548 27 34 44.6548 27 35 44.6548 27 
36 44.6548 27 37 44.6548 27 38 44.6548 27 
39 44.6548 27 40 44.6548 27 41 44.6548 27 
42 44.6548 27 43 44.6548 27 44 44.6548 27 
45 44.6548 27 46 44.6548 27 47 44.6548 27 
48 44.6548 27 49 44.6548 27 50 44.6548 27 
51 44.6548 27 52 44.6548 27 53 44.6548 27 
54 44.6548 27 55 44.6548 27 56 44.6548 27 
57 44.6548 27 58 44.6548 27 59 44.6548 27 
1 15.1779 28 0 15.1779 28 2 15.1779 28 
3 15.1779 28 4 15.1779 28 5 15.1779 28 
6 15.1779 28 7 15.1779 28 8 15.1779 28 
9 15.1779 28 10 15.1779 28 11 15.1779 28 
12 15.1779 28 13 15.1779 28 14 15.1779 28 
15 15.1779 28 16 15.1779 28 17 15.1779 28 
18 15.1779 28 19 15.1779 28 20 15.1779 28 
21 15.1779 28 22 15.1779 28 23 15.1779 28 
24 15.1779 28 25 15.1779 28 26 15.1779 28 
27 15.1779 28 28 15.1779 28 29 15.1779 28 
30 15.1779 28 31 15.1779 28 32 15.1779 28 
33 15.1779 28 34 15.1779 28 35 15.1779 28 
36 15.1779 28 37 15.1779 28 38 15.1779 28 
39 15.1779 28 40 15.1779 28 41 15.1779 28 
42 15.1779 28 43 15.1779 28 44 15.1779 28 
45 15.1779 28 46 15.1779 28 47 15.1779 28 
48 15.1779 28 49 15.1779 28 50 15.1779 28 
51 15.1779 28 52 15.1779 28 53 15.1779 28 
54 15.1779 28 55 15.1779 28 56 15.1779 28 
57 15.1779 28 58 15.1779 28 59 15.1779 28 
1 44.8221 28 0 44.8221 28 2 44.8221 28 
3 44.8221 28 4 44.8221 28 5 44.8221 28 
6 44.8221 28 7 44.8221 28 8 44.8221 28 
9 44.8221 28 10 44.8221 28 11 44.8221 28 
12 44.8221 28 13 44.8221 28 14 44.8221 28 
15 44.8221 28 16 44.8221 28 17 44.8221 28 
18 44.8221 28 19 44.8221 28 20 44.8221 28 
21 44.8221 28 22 44.8221 28 23 44.8221 28 
24 44.8221 28 25 44.8221 28 26 44.8221 28 
27 44.8221 28 28 44.8221 28 29 44.8221 28 
30 44.8221 28 31 44.8221 28 32 44.8221 28 
33 44.8221 28 34 44.8221 28 35 44.8221 28 
36 44.8221 28 37 44.8221 28 38 44.8221 28 
39 44.8221 28 40 44.8221 28 41 44.8221 28 
42 44.8221 28 43 44.8221 28 44 44.8221 28 
45 44.8221 28 46 44.8221 28 47 44.8221 28 
48 44.8221 28 49 44.8221 28 50 44.8221 28 
51 44.8221 28 52 44.8221 28 53 44.8221 28 
54 44.8221 28 55 44.8221 28 56 44.8221 28 
57 44.8221 28 58 44.8221 28 59 44.8221 28 
1 15.0729 29 0 15.0729 29 2 15.0729 29 
3 15.0729 29 4 15.0729 29 5 15.0729 29 
6 15.0729 29 7 15.0729 29 8 15.0729 29 
9 15.0729 29 10 15.0729 29 11 15.0729 29 
12 15.0729 29 13 15.0729 29 14 15.0729 29 
15 15.0729 29 16 15.0729 29 17 15.0729 29 
18 15.0729 29 19 15.0729 29 20 15.0729 29 
21 15.0729 29 22 15.0729 29 23 15.0729 29 
24 15.0729 29 25 15.0729 29 26 15.0729 29 
27 15.0729 29 28 15.0729 29 29 15.0729 29 
30 15.0729 29 31 15.0729 29 32 15.0729 29 
33 15.0729 29 34 15.0729 29 35 15.0729 29 
36 15.0729 29 37 15.0729 29 38 15.0729 29 
39 15.0729 29 40 15.0729 29 41 15.0729 29 
42 15.0729 29 43 15.0729 29 44 15.0729 29 
45 15.0729 29 46 15.0729 29 47 15.0729 29 
48 15.0729 29 49 15.0729 29 50 15.0729 29 
51 15.0729 29 52 15.0729 29 53 15.0729 29 
54 15.0729 29 55 15.0729 29 56 15.0729 29 
57 15.0729 29 58 15.0729 29 59 15.0729 29 
1 44.9271 29 0 44.9271 29 2 44.9271 29 
3 44.9271 29 4 44.9271 29 5 44.9271 29 
6 44.9271 29 7 44.9271 29 8 44.9271 29 
9 44.9271 29 10 44.9271 29 11 44.9271 29 
12 44.9271 29 13 44.9271 29 14 44.9271 29 
15 44.9271 29 16 44.9271 29 17 44.9271 29 
18 44.9271 29 19 44.9271 29 20 44.9271 29 
21 44.9271 29 22 44.9271 29 23 44.9271 29 
24 44.9271 29 25 44.9271 29 26 44.9271 29 
27 44.9271 29 28 44.9271 29 29 44.9271 29 
30 44.9271 29 31 44.9271 29 32 44.9271 29 
33 44.9271 29 34 44.9271 29 35 44.9271 29 
36 44.9271 29 37 44.9271 29 38 44.9271 29 
39 44.9271 29 40 44.9271 29 41 44.9271 29 
42 44.9271 29 43 44.9271 29 44 44.9271 29 
45 44.9271 29 46 44.9271 29 47 44.9271 29 
48 44.9271 29 49 44.9271 29 50 44.9271 29 
51 44.9271 29 52 44.9271 29 53 44.9271 29 
54 44.9271 29 55 44.9271 29 56 44.9271 29 
57 44.9271 29 58 44.9271 29 59 44.9271 29 
1 15.0367 30 0 15.0367 30 2 15.0367 30 
3 15.0367 30 4 15.0367 30 5 15.0367 30 
6 15.0367 30 7 15.0367 30 8 15.0367 30 
9 15.0367 30 10 15.0367 30 11 15.0367 30 
12 15.0367 30 13 15.0367 30 14 15.0367 30 
15 15.0367 30 16 15.0367 30 17 15.0367 30 
18 15.0367 30 19 15.0367 30 20 15.0367 30 
21 15.0367 30 22 15.0367 30 23 15.0367 30 
24 15.0367 30 25 15.0367 30 26 15.0367 30 
27 15.0367 30 28 15.0367 30 29 15.0367 30 
30 15.0367 30 31 15.0367 30 32 15.0367 30 
33 15.0367 30 34 15.0367 30 35 15.0367 30 
36 15.0367 30 37 15.0367 30 38 15.0367 30 
39 15.0367 30 40 15.0367 30 41 15.0367 30 
42 15.0367 30 43 15.0367 30 44 15.0367 30 
45 15.0367 30 46 15.0367 30 47 15.0367 30 
48 15.0367 30 49 15.0367 30 50 15.0367 30 
51 15.0367 30 52 15.0367 30 53 15.0367 30 
54 15.0367 30 55 15.0367 30 56 15.0367 30 
57 15.0367 30 58 15.0367 30 59 15.0367 30 
1 44.9633 30 0 44.9633 30 2 44.9633 30 
3 44.9633 30 4 44.9633 30 5 44.9633 30 
6 44.9633 30 7 44.9633 30 8 44.9633 30 
9 44.9633 30 10 44.9633 30 11 44.9633 30 
12 44.9633 30 13 44.9633 30 14 44.9633 30 
15 44.9633 30 16 44.9633 30 17 44.9633 30 
18 44.9633 30 19 44.9633 30 20 44.9633 30 
21 44.9633 30 22 44.9633 30 23 44.9633 30 
24 44.9633 30 25 44.9633 30 26 44.9633 30 
27 44.9633 30 28 44.9633 30 29 44.9633 30 
30 44.9633 30 31 44.9633 30 32 44.9633 30 
33 44.9633 30 34 44.9633 30 35 44.9633 30 
36 44.9633 30 37 44.9633 30 38 44.9633 30 
39 44.9633 30 40 44.9633 30 41 44.9633 30 
42 44.9633 30 43 44.9633 30 44 44.9633 30 
45 44.9633 30 46 44.9633 30 47 44.9633 30 
48 44.9633 30 49 44.9633 30 50 44.9633 30 
51 44.9633 30 52 44.9633 30 53 44.9633 30 
54 44.9633 30 55 44.9633 30 56 44.9633 30 
57 44.9633 30 58 44.9633 30 59 44.9633 30 
1 15.0729 31 0 15.0729 31 2 15.0729 31 
3 15.0729 31 4 15.0729 31 5 15.0729 31 
6 15.0729 31 7 15.0729 31 8 15.0729 31 
9 15.0729 31 10 15.0729 31 11 15.0729 31 
12 15.0729 31 13 15.0729 31 14 15.0729 31 
15 15.0729 31 16 15.0729 31 17 15.0729 31 
18 15.0729 31 19 15.0729 31 20 15.0729 31 
21 15.0729 31 22 15.0729 31 23 15.0729 31 
24 15.0729 31 25 15.0729 31 26 15.0729 31 
27 15.0729 31 28 15.0729 31 29 15.0729 31 
30 15.0729 31 31 15.0729 31 32 15.0729 31 
33 15.0729 31 34 15.0729 31 35 15.0729 31 
36 15.0729 31 37 15.0729 31 38 15.0729 31 
39 15.0729 31 40 15.0729 31 41 15.0729 31 
42 15.0729 31 43 15.0729 31 44 15.0729 31 
45 15.0729 31 46 15.0729 31 47 15.0729 31 
48 15.0729 31 49 15.0729 31 50 15.0729 31 
51 15.0729 31 52 15.0729 31 53 15.0729 31 
54 15.0729 31 55 15.0729 31 56 15.0729 31 
57 15.0729 31 58 15.0729 31 59 15.0729 31 
1 44.9271 31 0 44.9271 31 2 44.9271 31 
3 44.9271 31 4 44.9271 31 5 44.9271 31 
6 44.9271 31 7 44.9271 31 8 44.9271 31 
9 44.9271 31 10 44.9271 31 11 44.9271 31 
12 44.9271 31 13 44.9271 31 14 44.9271 31 
15 44.9271 31 16 44.9271 31 17 44.9271 31 
18 44.9271 31 19 44.9271 31 20 44.9271 31 
21 44.9271 31 22 44.9271 31 23 44.9271 31 
24 44.9271 31 25 44.9271 31 26 44.9271 31 
27 44.9271 31 28 44.9271 31 29 44.9271 31 
30 44.9271 31 31 44.9271 31 32 44.9271 31 
33 44.9271 31 34 44.9271 31 35 44.9271 31 
36 44.9271 31 37 44.9271 31 38 44.9271 31 
39 44.9271 31 40 44.9271 31 41 44.9271 31 
42 44.9271 31 43 44.9271 31 44 44.9271 31 
45 44.9271 31 46 44.9271 31 47 44.9271 31 
48 44.9271 31 49 44.9271 31 50 44.9271 31 
51 44.9271 31 52 44.9271 31 53 44.9271 31 
54 44.9271 31 55 44.9271 31 56 44.9271 31 
57 44.9271 31 58 44.9271 31 59 44.9271 31 
1 15.1779 32 0 15.1779 32 2 15.1779 32 
3 15.1779 32 4 15.1779 32 5 15.1779 32 
6 15.1779 32 7 15.1779 32 8 15.1779 32 
9 15.1779 32 10 15.1779 32 11 15.1779 32 
12 15.1779 32 13 15.1779 32 14 15.1779 32 
15 15.1779 32 16 15.1779 32 17 15.1779 32 
18 15.1779 32 19 15.1779 32 20 15.1779 32 
21 15.1779 32 22 15.1779 32 23 15.1779 32 
24 15.1779 32 25 15.1779 32 26 15.1779 32 
27 15.1779 32 28 15.1779 32 29 15.1779 32 
30 15.1779 32 31 15.1779 32 32 15.1779 32 
33 15.1779 32 34 15.1779 32 35 15.1779 32 
36 15.1779 32 37 15.1779 32 38 15.1779 32 
39 15.1779 32 40 15.1779 32 41 15.1779 32 
42 15.1779 32 43 15.1779 32 44 15.1779 32 
45 15.1779 32 46 15.1779 32 47 15.1779 32 
48 15.1779 32 49 15.1779 32 50 15.1779 32 
51 15.1779 32 52 15.1779 32 53 15.1779 32 
54 15.1779 32 55 15.1779 32 56 15.1779 32 
57 15.1779 32 58 15.1779 32 59 15.1779 32 
1 44.8221 32 0 44.8221 32 2 44.8221 32 
3 44.8221 32 4 44.8221 32 5 44.8221 32 
6 44.8221 32 7 44.8221 32 8 44.8221 32 
9 44.8221 32 10 44.8221 32 11 44.8221 32 
12 44.8221 32 13 44.8221 32 14 44.8221 32 
15 44.8221 32 16 44.8221 32 17 44.8221 32 
18 44.8221 32 19 44.8221 32 20 44.8221 32 
21 44.8221 32 22 44.8221 32 23 44.8221 32 
24 44.8221 32 25 44.8221 32 26 44.8221 32 
27 44.8221 32 28 44.8221 32 29 44.8221 32 
30 44.8221 32 31 44.8221 32 32 44.8221 32 
33 44.8221 32 34 44.8221 32 35 44.8221 32 
36 44.8221 32 37 44.8221 32 38 44.8221 32 
39 44.8221 32 40 44.8221 32 41 44.8221 32 
42 44.8221 32 43 44.8221 32 44 44.8221 32 
45 44.8221 32 46 44.8221 32 47 44.8221 32 
48 44.8221 32 49 44.8221 32 50 44.8221 32 
51 44.8221 32 52 44.8221 32 53 44.8221 32 
54 44.8221 32 55 44.8221 32 56 44.8221 32 
57 44.8221 32 58 44.8221 32 59 44.8221 32 
1 15.3452 33 0 15.3452 33 2 15.3452 33 
3 15.3452 33 4 15.3452 33 5 15.3452 33 
6 15.3452 33 7 15.3452 33 8 15.3452 33 
9 15.3452 33 10 15.3452 33 11 15.3452 33 
12 15.3452 33 13 15.3452 33 14 15.3452 33 
15 15.3452 33 16 15.3452 33 17 15.3452 33 
18 15.3452 33 19 15.3452 33 20 15.3452 33 
21 15.3452 33 22 15.3452 33 23 15.3452 33 
24 15.3452 33 25 15.3452 33 26 15.3452 33 
27 15.3452 33 28 15.3452 33 29 15.3452 33 
30 15.3452 33 31 15.3452 33 32 15.3452 33 
33 15.3452 33 34 15.3452 33 35 15.3452 33 
36 15.3452 33 37 15.3452 33 38 15.3452 33 
39 15.3452 33 40 15.3452 33 41 15.3452 33 
42 15.3452 33 43 15.3452 33 44 15.3452 33 
45 15.3452 33 46 15.3452 33 47 15.3452 33 
48 15.3452 33 49 15.3452 33 50 15.3452 33 
51 15.3452 33 52 15.3452 33 53 15.3452 33 
54 15.3452 33 55 15.3452 33 56 15.3452 33 
57 15.3452 33 58 15.3452 33 59 15.3452 33 
1 44.6548 33 0 44.6548 33 2 44.6548 33 
3 44.6548 33 4 44.6548 33 5 44.6548 33 
6 44.6548 33 7 44.6548 33 8 44.6548 33 
9 44.6548 33 10 44.6548 33 11 44.6548 33 
12 44.6548 33 13 44.6548 33 14 44.6548 33 
15 44.6548 33 16 44.6548 33 17 44.6548 33 
18 44.6548 33 19 44.6548 33 20 44.6548 33 
21 44.6548 33 22 44.6548 33 23 44.6548 33 
24 44.6548 33 25 44.6548 33 26 44.6548 33 
27 44.6548 33 28 44.6548 33 29 44.6548 33 
30 44.6548 33 31 44.6548 33 32 44.6548 33 
33 44.6548 33 34 44.6548 33 35 44.6548 33 
36 44.6548 33 37 44.6548 33 38 44.6548 33 
39 44.6548 33 40 44.6548 33 41 44.6548 33 
42 44.6548 33 43 44.6548 33 44 44.6548 33 
45 44.6548 33 46 44.6548 33 47 44.6548 33 
48 44.6548 33 49 44.6548 33 50 44.6548 33 
51 44.6548 33 52 44.6548 33 53 44.6548 33 
54 44.6548 33 55 44.6548 33 56 44.6548 33 
57 44.6548 33 58 44.6548 33 59 44.6548 33 
1 15.5745 34 0 15.5745 34 2 15.5745 34 
3 15.5745 34 4 15.5745 34 5 15.5745 34 
6 15.5745 34 7 15.5745 34 8 15.5745 34 
9 15.5745 34 10 15.5745 34 11 15.5745 34 
12 15.5745 34 13 15.5745 34 14 15.5745 34 
15 15.5745 34 16 15.5745 34 17 15.5745 34 
18 15.5745 34 19 15.5745 34 20 15.5745 34 
21 15.5745 34 22 15.5745 34 23 15.5745 34 
24 15.5745 34 25 15.5745 34 26 15.5745 34 
27 15.5745 34 28 15.5745 34 29 15.5745 34 
30 15.5745 34 31 15.5745 34 32 15.5745 34 
33 15.5745 34 34 15.5745 34 35 15.5745 34 
36 15.5745 34 37 15.5745 34 38 15.5745 34 
39 15.5745 34 40 15.5745 34 41 15.5745 34 
42 15.5745 34 43 15.5745 34 44 15.5745 34 
45 15.5745 34 46 15.5745 34 47 15.5745 34 
48 15.5745 34 49 15.5745 34 50 15.5745 34 
51 15.5745 34 52 15.5745 34 53 15.5745 34 
54 15.5745 34 55 15.5745 34 56 15.5745 34 
57 15.5745 34 58 15.5745 34 59 15.5745 34 
1 44.4255 34 0 44.4255 34 2 44.4255 34 
3 44.4255 34 4 44.4255 34 5 44.4255 34 
6 44.4255 34 7 44.4255 34 8 44.4255 34 
9 44.4255 34 10 44.4255 34 11 44.4255 34 
12 44.4255 34 13 44.4255 34 14 44.4255 34 
15 44.4255 34 16 44.4255 34 17 44.4255 34 
18 44.4255 34 19 44.4255 34 20 44.4255 34 
21 44.4255 34 22 44.4255 34 23 44.4255 34 
24 44.4255 34 25 44.4255 34 26 44.4255 34 
27 44.4255 34 28 44.4255 34 29 44.4255 34 
30 44.4255 34 31 44.4255 34 32 44.4255 34 
33 44.4255 34 34 44.4255 34 35 44.4255 34 
36 44.4255 34 37 44.4255 34 38 44.4255 34 
39 44.4255 34 40 44.4255 34 41 44.4255 34 
42 44.4255 34 43 44.4255 34 44 44.4255 34 
45 44.4255 34 46 44.4255 34 47 44.4255 34 
48 44.4255 34 49 44.4255 34 50 44.4255 34 
51 44.4255 34 52 44.4255 34 53 44.4255 34 
54 44.4255 34 55 44.4255 34 56 44.4255 34 
57 44.4255 34 58 44.4255 34 59 44.4255 34 
1 15.8861 35 0 15.8861 35 2 15.8861 35 
3 15.8861 35 4 15.8861 35 5 15.8861 35 
6 15.8861 35 7 15.8861 35 8 15.8861 35 
9 15.8861 35 10 15.8861 35 11 15.8861 35 
12 15.8861 35 13 15.8861 35 14 15.8861 35 
15 15.8861 35 16 15.8861 35 17 15.8861 35 
18 15.8861 35 19 15.8861 35 20 15.8861 35 
21 15.8861 35 22 15.8861 35 23 15.8861 35 
24 15.8861 35 25 15.8861 35 26 15.8861 35 
27 15.8861 35 28 15.8861 35 29 15.8861 35 
30 15.8861 35 31 15.8861 35 32 15.8861 35 
33 15.8861 35 34 15.8861 35 35 15.8861 35 
36 15.8861 35 37 15.8861 35 38 15.8861 35 
39 15.8861 35 40 15.8861 35 41 15.8861 35 
42 15.8861 35 43 15.8861 35 44 15.8861 35 
45 15.8861 35 46 15.8861 35 47 15.8861 35 
48 15.8861 35 49 15.8861 35 50 15.8861 35 
51 15.8861 35 52 15.8861 35 53 15.8861 35 
54 15.8861 35 55 15.8861 35 56 15.8861 35 
57 15.8861 35 58 15.8861 35 59 15.8861 35 
1 44.1139 35 0 44.1139 35 2 44.1139 35 
3 44.1139 35 4 44.1139 35 5 44.1139 35 
6 44.1139 35 7 44.1139 35 8 44.1139 35 
9 44.1139 35 10 44.1139 35 11 44.1139 35 
12 44.1139 35 13 44.1139 35 14 44.1139 35 
15 44.1139 35 16 44.1139 35 17 44.1139 35 
18 44.1139 35 19 44.1139 35 20 44.1139 35 
21 44.1139 35 22 44.1139 35 23 44.1139 35 
24 44.1139 35 25 44.1139 35 26 44.1139 35 
27 44.1139 35 28 44.1139 35 29 44.1139 35 
30 44.1139 35 31 44.1139 35 32 44.1139 35 
33 44.1139 35 34 44.1139 35 35 44.1139 35 
36 44.1139 35 37 44.1139 35 38 44.1139 35 
39 44.1139 35 40 44.1139 35 41 44.1139 35 
42 44.1139 35 43 44.1139 35 44 44.1139 35 
45 44.1139 35 46 44.1139 35 47 44.1139 35 
48 44.1139 35 49 44.1139 35 50 44.1139 35 
51 44.1139 35 52 44.1139 35 53 44.1139 35 
54 44.1139 35 55 44.1139 35 56 44.1139 35 
57 44.1139 35 58 44.1139 35 59 44.1139 35 
1 16 35.2768 0 16 35.2768 2 16 35.2768 
3 16 35.2768 4 16 35.2768 5 16 35.2768 
6 16 35.2768 7 16 35.2768 8 16 35.2768 
9 16 35.2768 10 16 35.2768 11 16 35.2768 
12 16 35.2768 13 16 35.2768 14 16 35.2768 
15 16 35.2768 16 16 35.2768 17 16 35.2768 
18 16 35.2768 19 16 35.2768 20 16 35.2768 
21 16 35.2768 22 16 35.2768 23 16 35.2768 
24 16 35.2768 25 16 35.2768 26 16 35.2768 
27 16 35.2768 28 16 35.2768 29 16 35.2768 
30 16 35.2768 31 16 35.2768 32 16 35.2768 
33 16 35.2768 34 16 35.2768 35 16 35.2768 
36 16 35.2768 37 16 35.2768 38 16 35.2768 
39 16 35.2768 40 16 35.2768 41 16 35.2768 
42 16 35.2768 43 16 35.2768 44 16 35.2768 
45 16 35.2768 46 16 35.2768 47 16 35.2768 
48 16 35.2768 49 16 35.2768 50 16 35.2768 
51 16 35.2768 52 16 35.2768 53 16 35.2768 
54 16 35.2768 55 16 35.2768 56 16 35.2768 
57 16 35.2768 58 16 35.2768 59 16 35.2768 
0 16.2978 36 1 16.2978 36 2 16.2978 36 
3 16.2978 36 4 16.2978 36 5 16.2978 36 
6 16.2978 36 7 16.2978 36 8 16.2978 36 
9 16.2978 36 10 16.2978 36 11 16.2978 36 
12 16.2978 36 13 16.2978 36 14 16.2978 36 
15 16.2978 36 16 16.2978 36 17 16.2978 36 
18 16.2978 36 19 16.2978 36 20 16.2978 36 
21 16.2978 36 22 16.2978 36 23 16.2978 36 
24 16.2978 36 25 16.2978 36 26 16.2978 36 
27 16.2978 36 28 16.2978 36 29 16.2978 36 
30 16.2978 36 31 16.2978 36 32 16.2978 36 
33 16.2978 36 34 16.2978 36 35 16.2978 36 
36 16.2978 36 37 16.2978 36 38 16.2978 36 
39 16.2978 36 40 16.2978 36 41 16.2978 36 
42 16.2978 36 43 16.2978 36 44 16.2978 36 
45 16.2978 36 46 16.2978 36 47 16.2978 36 
48 16.2978 36 49 16.2978 36 50 16.2978 36 
51 16.2978 36 52 16.2978 36 53 16.2978 36 
54 16.2978 36 55 16.2978 36 56 16.2978 36 
57 16.2978 36 58 16.2978 36 59 16.2978 36 
0 44 35.2768 1 43.7022 36 1 44 35.2768 
0 43.7022 36 2 43.7022 36 2 44 35.2768 
3 43.7022 36 3 44 35.2768 4 43.7022 36 
4 44 35.2768 5 43.7022 36 5 44 35.2768 
6 43.7022 36 6 44 35.2768 7 43.7022 36 
7 44 35.2768 8 43.7022 36 8 44 35.2768 
9 43.7022 36 9 44 35.2768 10 43.7022 36 
10 44 35.2768 11 43.7022 36 11 44 35.2768 
12 43.7022 36 12 44 35.2768 13 43.7022 36 
13 44 35.2768 14 43.7022 36 14 44 35.2768 
15 43.7022 36 15 44 35.2768 16 43.7022 36 
16 44 35.2768 17 43.7022 36 17 44 35.2768 
18 43.7022 36 18 44 35.2768 19 43.7022 36 
19 44 35.2768 20 43.7022 36 20 44 35.2768 
21 43.7022 36 21 44 35.2768 22 43.7022 36 
22 44 35.2768 23 43.7022 36 23 44 35.2768 
24 43.7022 36 24 44 35.2768 25 43.7022 36 
25 44 35.2768 26 43.7022 36 26 44 35.2768 
27 43.7022 36 27 44 35.2768 28 43.7022 36 
28 44 35.2768 29 43.7022 36 29 44 35.2768 
30 43.7022 36 30 44 35.2768 31 43.7022 36 
31 44 35.2768 32 43.7022 36 32 44 35.2768 
33 43.7022 36 33 44 35.2768 34 43.7022 36 
34 44 35.2768 35 43.7022 36 35 44 35.2768 
36 43.7022 36 36 44 35.2768 37 43.7022 36 
37 44 35.2768 38 43.7022 36 38 44 35.2768 
39 43.7022 36 39 44 35.2768 40 43.7022 36 
40 44 35.2768 41 43.7022 36 41 44 35.2768 
42 43.7022 36 42 44 35.2768 43 43.7022 36 
43 44 35.2768 44 43.7022 36 44 44 35.2768 
45 43.7022 36 45 44 35.2768 46 43.7022 36 
46 44 35.2768 47 43.7022 36 47 44 35.2768 
48 43.7022 36 48 44 35.2768 49 43.7022 36 
49 44 35.2768 50 43.7022 36 50 44 35.2768 
51 43.7022 36 51 44 35.2768 52 43.7022 36 
52 44 35.2768 53 43.7022 36 53 44 35.2768 
54 43.7022 36 54 44 35.2768 55 43.7022 36 
55 44 35.2768 56 43.7022 36 56 44 35.2768 
57 43.7022 36 57 44 35.2768 58 43.7022 36 
58 44 35.2768 59 43.7022 36 59 44 35.2768 
1 16.7643 37 0 16.7643 37 2 16.7643 37 
3 16.7643 37 4 16.7643 37 5 16.7643 37 
6 16.7643 37 7 16.7643 37 8 16.7643 37 
9 16.7643 37 10 16.7643 37 11 16.7643 37 
12 16.7643 37 13 16.7643 37 14 16.7643 37 
15 16.7643 37 16 16.7643 37 17 16.7643 37 
18 16.7643 37 19 16.7643 37 20 16.7643 37 
21 16.7643 37 22 16.7643 37 23 16.7643 37 
24 16.7643 37 25 16.7643 37 26 16.7643 37 
27 16.7643 37 28 16.7643 37 29 16.7643 37 
30 16.7643 37 31 16.7643 37 32 16.7643 37 
33 16.7643 37 34 16.7643 37 35 16.7643 37 
36 16.7643 37 37 16.7643 37 38 16.7643 37 
39 16.7643 37 40 16.7643 37 41 16.7643 37 
42 16.7643 37 43 16.7643 37 44 16.7643 37 
45 16.7643 37 46 16.7643 37 47 16.7643 37 
48 16.7643 37 49 16.7643 37 50 16.7643 37 
51 16.7643 37 52 16.7643 37 53 16.7643 37 
54 16.7643 37 55 16.7643 37 56 16.7643 37 
57 16.7643 37 58 16.7643 37 59 16.7643 37 
1 43.2357 37 0 43.2357 37 2 43.2357 37 
3 43.2357 37 4 43.2357 37 5 43.2357 37 
6 43.2357 37 7 43.2357 37 8 43.2357 37 
9 43.2357 37 10 43.2357 37 11 43.2357 37 
12 43.2357 37 13 43.2357 37 14 43.2357 37 
15 43.2357 37 16 43.2357 37 17 43.2357 37 
18 43.2357 37 19 43.2357 37 20 43.2357 37 
21 43.2357 37 22 43.2357 37 23 43.2357 37 
24 43.2357 37 25 43.2357 37 26 43.2357 37 
27 43.2357 37 28 43.2357 37 29 43.2357 37 
30 43.2357 37 31 43.2357 37 32 43.2357 37 
33 43.2357 37 34 43.2357 37 35 43.2357 37 
36 43.2357 37 37 43.2357 37 38 43.2357 37 
39 43.2357 37 40 43.2357 37 41 43.2357 37 
42 43.2357 37 43 43.2357 37 44 43.2357 37 
45 43.2357 37 46 43.2357 37 47 43.2357 37 
48 43.2357 37 49 43.2357 37 50 43.2357 37 
51 43.2357 37 52 43.2357 37 53 43.2357 37 
54 43.2357 37 55 43.2357 37 56 43.2357 37 
57 43.2357 37 58 43.2357 37 59 43.2357 37 
1 17 37.4053 0 17 37.4053 2 17 37.4053 
3 17 37.4053 4 17 37.4053 5 17 37.4053 
6 17 37.4053 7 17 37.4053 8 17 37.4053 
9 17 37.4053 10 17 37.4053 11 17 37.4053 
12 17 37.4053 13 17 37.4053 14 17 37.4053 
15 17 37.4053 16 17 37.4053 17 17 37.4053 
18 17 37.4053 19 17 37.4053 20 17 37.4053 
21 17 37.4053 22 17 37.4053 23 17 37.4053 
24 17 37.4053 25 17 37.4053 26 17 37.4053 
27 17 37.4053 28 17 37.4053 29 17 37.4053 
30 17 37.4053 31 17 37.4053 32 17 37.4053 
33 17 37.4053 34 17 37.4053 35 17 37.4053 
36 17 37.4053 37 17 37.4053 38 17 37.4053 
39 17 37.4053 40 17 37.4053 41 17 37.4053 
42 17 37.4053 43 17 37.4053 44 17 37.4053 
45 17 37.4053 46 17 37.4053 47 17 37.4053 
48 17 37.4053 49 17 37.4053 50 17 37.4053 
51 17 37.4053 52 17 37.4053 53 17 37.4053 
54 17 37.4053 55 17 37.4053 56 17 37.4053 
57 17 37.4053 58 17 37.4053 59 17 37.4053 
0 17.3587 38 1 17.3587 38 2 17.3587 38 
3 17.3587 38 4 17.3587 38 5 17.3587 38 
6 17.3587 38 7 17.3587 38 8 17.3587 38 
9 17.3587 38 10 17.3587 38 11 17.3587 38 
12 17.3587 38 13 17.3587 38 14 17.3587 38 
15 17.3587 38 16 17.3587 38 17 17.3587 38 
18 17.3587 38 19 17.3587 38 20 17.3587 38 
21 17.3587 38 22 17.3587 38 23 17.3587 38 
24 17.3587 38 25 17.3587 38 26 17.3587 38 
27 17.3587 38 28 17.3587 38 29 17.3587 38 
30 17.3587 38 31 17.3587 38 32 17.3587 38 
33 17.3587 38 34 17.3587 38 35 17.3587 38 
36 17.3587 38 37 17.3587 38 38 17.3587 38 
39 17.3587 38 40 17.3587 38 41 17.3587 38 
42 17.3587 38 43 17.3587 38 44 17.3587 38 
45 17.3587 38 46 17.3587 38 47 17.3587 38 
48 17.3587 38 49 17.3587 38 50 17.3587 38 
51 17.3587 38 52 17.3587 38 53 17.3587 38 
54 17.3587 38 55 17.3587 38 56 17.3587 38 
57 17.3587 38 58 17.3587 38 59 17.3587 38 
0 43 37.4053 1 42.6413 38 1 43 37.4053 
0 42.6413 38 2 42.6413 38 2 43 37.4053 
3 42.6413 38 3 43 37.4053 4 42.6413 38 
4 43 37.4053 5 42.6413 38 5 43 37.4053 
6 42.6413 38 6 43 37.4053 7 42.6413 38 
7 43 37.4053 8 42.6413 38 8 43 37.4053 
9 42.6413 38 9 43 37.4053 10 42.6413 38 
10 43 37.4053 11 42.6413 38 11 43 37.4053 
12 42.6413 38 12 43 37.4053 13 42.6413 38 
13 43 37.4053 14 42.6413 38 14 43 37.4053 
15 42.6413 38 15 43 37.4053 16 42.6413 38 
16 43 37.4053 17 42.6413 38 17 43 37.4053 
18 42.6413 38 18 43 37.4053 19 42.6413 38 
19 43 37.4053 20 42.6413 38 20 43 37.4053 
21 42.6413 38 21 43 37.4053 22 42.6413 38 
22 43 37.4053 23 42.6413 38 23 43 37.4053 
24 42.6413 38 24 43 37.4053 25 42.6413 38 
25 43 37.4053 26 42.6413 38 26 43 37.4053 
27 42.6413 38 27 43 37.4053 28 42.6413 38 
28 43 37.4053 29 42.6413 38 29 43 37.4053 
30 42.6413 38 30 43 37.4053 31 42.6413 38 
31 43 37.4053 32 42.6413 38 32 43 37.4053 
33 42.6413 38 33 43 37.4053 34 42.6413 38 
34 43 37.4053 35 42.6413 38 35 43 37.4053 
36 42.6413 38 36 43 37.4053 37 42.6413 38 
37 43 37.4053 38 42.6413 38 38 43 37.4053 
39 42.6413 38 39 43 37.4053 40 42.6413 38 
40 43 37.4053 41 42.6413 38 41 43 37.4053 
42 42.6413 38 42 43 37.4053 43 42.6413 38 
43 43 37.4053 44 42.6413 38 44 43 37.4053 
45 42.6413 38 45 43 37.4053 46 42.6413 38 
46 43 37.4053 47 42.6413 38 47 43 37.4053 
48 42.6413 38 48 43 37.4053 49 42.6413 38 
49 43 37.4053 50 42.6413 38 50 43 37.4053 
51 42.6413 38 51 43 37.4053 52 42.6413 38 
52 43 37.4053 53 42.6413 38 53 43 37.4053 
54 42.6413 38 54 43 37.4053 55 42.6413 38 
55 43 37.4053 56 42.6413 38 56 43 37.4053 
57 42.6413 38 57 43 37.4053 58 42.6413 38 
58 43 37.4053 59 42.6413 38 59 43 37.4053 
1 18 38.9404 0 18 38.9404 2 18 38.9404 
3 18 38.9404 4 18 38.9404 5 18 38.9404 
6 18 38.9404 7 18 38.9404 8 18 38.9404 
9 18 38.9404 10 18 38.9404 11 18 38.9404 
12 18 38.9404 13 18 38.9404 14 18 38.9404 
15 18 38.9404 16 18 38.9404 17 18 38.9404 
18 18 38.9404 19 18 38.9404 20 18 38.9404 
21 18 38.9404 22 18 38.9404 23 18 38.9404 
24 18 38.9404 25 18 38.9404 26 18 38.9404 
27 18 38.9404 28 18 38.9404 29 18 38.9404 
30 18 38.9404 31 18 38.9404 32 18 38.9404 
33 18 38.9404 34 18 38.9404 35 18 38.9404 
36 18 38.9404 37 18 38.9404 38 18 38.9404 
39 18 38.9404 40 18 38.9404 41 18 38.9404 
42 18 38.9404 43 18 38.9404 44 18 38.9404 
45 18 38.9404 46 18 38.9404 47 18 38.9404 
48 18 38.9404 49 18 38.9404 50 18 38.9404 
51 18 38.9404 52 18 38.9404 53 18 38.9404 
54 18 38.9404 55 18 38.9404 56 18 38.9404 
57 18 38.9404 58 18 38.9404 59 18 38.9404 
0 18.045 39 1 18.045 39 2 18.045 39 
3 18.045 39 4 18.045 39 5 18.045 39 
6 18.045 39 7 18.045 39 8 18.045 39 
9 18.045 39 10 18.045 39 11 18.045 39 
12 18.045 39 13 18.045 39 14 18.045 39 
15 18.045 39 16 18.045 39 17 18.045 39 
18 18.045 39 19 18.045 39 20 18.045 39 
21 18.045 39 22 18.045 39 23 18.045 39 
24 18.045 39 25 18.045 39 26 18.045 39 
27 18.045 39 28 18.045 39 29 18.045 39 
30 18.045 39 31 18.045 39 32 18.045 39 
33 18.045 39 34 18.045 39 35 18.045 39 
36 18.045 39 37 18.045 39 38 18.045 39 
39 18.045 39 40 18.045 39 41 18.045 39 
42 18.045 39 43 18.045 39 44 18.045 39 
45 18.045 39 46 18.045 39 47 18.045 39 
48 18.045 39 49 18.045 39 50 18.045 39 
51 18.045 39 52 18.045 39 53 18.045 39 
54 18.045 39 55 18.045 39 56 18.045 39 
57 18.045 39 58 18.045 39 59 18.045 39 
0 42 38.9404 1 41.955 39 1 42 38.9404 
0 41.955 39 2 41.955 39 2 42 38.9404 
3 41.955 39 3 42 38.9404 4 41.955 39 
4 42 38.9404 5 41.955 39 5 42 38.9404 
6 41.955 39 6 42 38.9404 7 41.955 39 
7 42 38.9404 8 41.955 39 8 42 38.9404 
9 41.955 39 9 42 38.9404 10 41.955 39 
10 42 38.9404 11 41.955 39 11 42 38.9404 
12 41.955 39 12 42 38.9404 13 41.955 39 
13 42 38.9404 14 41.955 39 14 42 38.9404 
15 41.955 39 15 42 38.9404 16 41.955 39 
16 42 38.9404 17 41.955 39 17 42 38.9404 
18 41.955 39 18 42 38.9404 19 41.955 39 
19 42 38.9404 20 41.955 39 20 42 38.9404 
21 41.955 39 21 42 38.9404 22 41.955 39 
22 42 38.9404 23 41.955 39 23 42 38.9404 
24 41.955 39 24 42 38.9404 25 41.955 39 
25 42 38.9404 26 41.955 39 26 42 38.9404 
27 41.955 39 27 42 38.9404 28 41.955 39 
28 42 38.9404 29 41.955 39 29 42 38.9404 
30 41.955 39 30 42 38.9404 31 41.955 39 
31 42 38.9404 32 41.955 39 32 42 38.9404 
33 41.955 39 33 42 38.9404 34 41.955 39 
34 42 38.9404 35 41.955 39 35 42 38.9404 
36 41.955 39 36 42 38.9404 37 41.955 39 
37 42 38.9404 38 41.955 39 38 42 38.9404 
39 41.955 39 39 42 38.9404 40 41.955 39 
40 42 38.9404 41 41.955 39 41 42 38.9404 
42 41.955 39 42 42 38.9404 43 41.955 39 
43 42 38.9404 44 41.955 39 44 42 38.9404 
45 41.955 39 45 42 38.9404 46 41.955 39 
46 42 38.9404 47 41.955 39 47 42 38.9404 
48 41.955 39 48 42 38.9404 49 41.955 39 
49 42 38.9404 50 41.955 39 50 42 38.9404 
51 41.955 39 51 42 38.9404 52 41.955 39 
52 42 38.9404 53 41.955 39 53 42 38.9404 
54 41.955 39 54 42 38.9404 55 41.955 39 
55 42 38.9404 56 41.955 39 56 42 38.9404 
57 41.955 39 57 42 38.9404 58 41.955 39 
58 42 38.9404 59 41.955 39 59 42 38.9404 
1 18.8614 40 0 18.8614 40 2 18.8614 40 
3 18.8614 40 4 18.8614 40 5 18.8614 40 
6 18.8614 40 7 18.8614 40 8 18.8614 40 
9 18.8614 40 10 18.8614 40 11 18.8614 40 
12 18.8614 40 13 18.8614 40 14 18.8614 40 
15 18.8614 40 16 18.8614 40 17 18.8614 40 
18 18.8614 40 19 18.8614 40 20 18.8614 40 
21 18.8614 40 22 18.8614 40 23 18.8614 40 
24 18.8614 40 25 18.8614 40 26 18.8614 40 
27 18.8614 40 28 18.8614 40 29 18.8614 40 
30 18.8614 40 31 18.8614 40 32 18.8614 40 
33 18.8614 40 34 18.8614 40 35 18.8614 40 
36 18.8614 40 37 18.8614 40 38 18.8614 40 
39 18.8614 40 40 18.8614 40 41 18.8614 40 
42 18.8614 40 43 18.8614 40 44 18.8614 40 
45 18.8614 40 46 18.8614 40 47 18.8614 40 
48 18.8614 40 49 18.8614 40 50 18.8614 40 
51 18.8614 40 52 18.8614 40 53 18.8614 40 
54 18.8614 40 55 18.8614 40 56 18.8614 40 
57 18.8614 40 58 18.8614 40 59 18.8614 40 
1 41.1386 40 0 41.1386 40 2 41.1386 40 
3 41.1386 40 4 41.1386 40 5 41.1386 40 
6 41.1386 40 7 41.1386 40 8 41.1386 40 
9 41.1386 40 10 41.1386 40 11 41.1386 40 
12 41.1386 40 13 41.1386 40 14 41.1386 40 
15 41.1386 40 16 41.1386 40 17 41.1386 40 
18 41.1386 40 19 41.1386 40 20 41.1386 40 
21 41.1386 40 22 41.1386 40 23 41.1386 40 
24 41.1386 40 25 41.1386 40 26 41.1386 40 
27 41.1386 40 28 41.1386 40 29 41.1386 40 
30 41.1386 40 31 41.1386 40 32 41.1386 40 
33 41.1386 40 34 41.1386 40 35 41.1386 40 
36 41.1386 40 37 41.1386 40 38 41.1386 40 
39 41.1386 40 40 41.1386 40 41 41.1386 40 
42 41.1386 40 43 41.1386 40 44 41.1386 40 
45 41.1386 40 46 41.1386 40 47 41.1386 40 
48 41.1386 40 49 41.1386 40 50 41.1386 40 
51 41.1386 40 52 41.1386 40 53 41.1386 40 
54 41.1386 40 55 41.1386 40 56 41.1386 40 
57 41.1386 40 58 41.1386 40 59 41.1386 40 
1 19 40.1503 0 19 40.1503 2 19 40.1503 
3 19 40.1503 4 19 40.1503 5 19 40.1503 
6 19 40.1503 7 19 40.1503 8 19 40.1503 
9 19 40.1503 10 19 40.1503 11 19 40.1503 
12 19 40.1503 13 19 40.1503 14 19 40.1503 
15 19 40.1503 16 19 40.1503 17 19 40.1503 
18 19 40.1503 19 19 40.1503 20 19 40.1503 
21 19 40.1503 22 19 40.1503 23 19 40.1503 
24 19 40.1503 25 19 40.1503 26 19 40.1503 
27 19 40.1503 28 19 40.1503 29 19 40.1503 
30 19 40.1503 31 19 40.1503 32 19 40.1503 
33 19 40.1503 34 19 40.1503 35 19 40.1503 
36 19 40.1503 37 19 40.1503 38 19 40.1503 
39 19 40.1503 40 19 40.1503 41 19 40.1503 
42 19 40.1503 43 19 40.1503 44 19 40.1503 
45 19 40.1503 46 19 40.1503 47 19 40.1503 
48 19 40.1503 49 19 40.1503 50 19 40.1503 
51 19 40.1503 52 19 40.1503 53 19 40.1503 
54 19 40.1503 55 19 40.1503 56 19 40.1503 
57 19 40.1503 58 19 40.1503 59 19 40.1503 
0 19.8497 41 1 19.8497 41 2 19.8497 41 
3 19.8497 41 4 19.8497 41 5 19.8497 41 
6 19.8497 41 7 19.8497 41 8 19.8497 41 
9 19.8497 41 10 19.8497 41 11 19.8497 41 
12 19.8497 41 13 19.8497 41 14 19.8497 41 
15 19.8497 41 16 19.8497 41 17 19.8497 41 
18 19.8497 41 19 19.8497 41 20 19.8497 41 
21 19.8497 41 22 19.8497 41 23 19.8497 41 
24 19.8497 41 25 19.8497 41 26 19.8497 41 
27 19.8497 41 28 19.8497 41 29 19.8497 41 
30 19.8497 41 31 19.8497 41 32 19.8497 41 
33 19.8497 41 34 19.8497 41 35 19.8497 41 
36 19.8497 41 37 19.8497 41 38 19.8497 41 
39 19.8497 41 40 19.8497 41 41 19.8497 41 
42 19.8497 41 43 19.8497 41 44 19.8497 41 
45 19.8497 41 46 19.8497 41 47 19.8497 41 
48 19.8497 41 49 19.8497 41 50 19.8497 41 
51 19.8497 41 52 19.8497 41 53 19.8497 41 
54 19.8497 41 55 19.8497 41 56 19.8497 41 
57 19.8497 41 58 19.8497 41 59 19.8497 41 
0 41 40.1503 1 40.1503 41 1 41 40.1503 
0 40.1503 41 2 40.1503 41 2 41 40.1503 
3 40.1503 41 3 41 40.1503 4 40.1503 41 
4 41 40.1503 5 40.1503 41 5 41 40.1503 
6 40.1503 41 6 41 40.1503 7 40.1503 41 
7 41 40.1503 8 40.1503 41 8 41 40.1503 
9 40.1503 41 9 41 40.1503 10 40.1503 41 
10 41 40.1503 11 40.1503 41 11 41 40.1503 
12 40.1503 41 12 41 40.1503 13 40.1503 41 
13 41 40.1503 14 40.1503 41 14 41 40.1503 
15 40.1503 41 15 41 40.1503 16 40.1503 41 
16 41 40.1503 17 40.1503 41 17 41 40.1503 
18 40.1503 41 18 41 40.1503 19 40.1503 41 
19 41 40.1503 20 40.1503 41 20 41 40.1503 
21 40.1503 41 21 41 40.1503 22 40.1503 41 
22 41 40.1503 23 40.1503 41 23 41 40.1503 
24 40.1503 41 24 41 40.1503 25 40.1503 41 
25 41 40.1503 26 40.1503 41 26 41 40.1503 
27 40.1503 41 27 41 40.1503 28 40.1503 41 
28 41 40.1503 29 40.1503 41 29 41 40.1503 
30 40.1503 41 30 41 40.1503 31 40.1503 41 
31 41 40.1503 32 40.1503 41 32 41 40.1503 
33 40.1503 41 33 41 40.1503 34 40.1503 41 
34 41 40.1503 35 40.1503 41 35 41 40.1503 
36 40.1503 41 36 41 40.1503 37 40.1503 41 
37 41 40.1503 38 40.1503 41 38 41 40.1503 
39 40.1503 41 39 41 40.1503 40 40.1503 41 
40 41 40.1503 41 40.1503 41 41 41 40.1503 
42 40.1503 41 42 41 40.1503 43 40.1503 41 
43 41 40.1503 44 40.1503 41 44 41 40.1503 
45 40.1503 41 45 41 40.1503 46 40.1503 41 
46 41 40.1503 47 40.1503 41 47 41 40.1503 
48 40.1503 41 48 41 40.1503 49 40.1503 41 
49 41 40.1503 50 40.1503 41 50 41 40.1503 
51 40.1503 41 51 41 40.1503 52 40.1503 41 
52 41 40.1503 53 40.1503 41 53 41 40.1503 
54 40.1503 41 54 41 40.1503 55 40.1503 41 
55 41 40.1503 56 40.1503 41 56 41 40.1503 
57 40.1503 41 57 41 40.1503 58 40.1503 41 
58 41 40.1503 59 40.1503 41 59 41 40.1503 
1 20 41.1386 0 20 41.1386 2 20 41.1386 
3 20 41.1386 4 20 41.1386 5 20 41.1386 
6 20 41.1386 7 20 41.1386 8 20 41.1386 
9 20 41.1386 10 20 41.1386 11 20 41.1386 
12 20 41.1386 13 20 41.1386 14 20 41.1386 
15 20 41.1386 16 20 41.1386 17 20 41.1386 
18 20 41.1386 19 20 41.1386 20 20 41.1386 
21 20 41.1386 22 20 41.1386 23 20 41.1386 
24 20 41.1386 25 20 41.1386 26 20 41.1386 
27 20 41.1386 28 20 41.1386 29 20 41.1386 
30 20 41.1386 31 20 41.1386 32 20 41.1386 
33 20 41.1386 34 20 41.1386 35 20 41.1386 
36 20 41.1386 37 20 41.1386 38 20 41.1386 
39 20 41.1386 40 20 41.1386 41 20 41.1386 
42 20 41.1386 43 20 41.1386 44 20 41.1386 
45 20 41.1386 46 20 41.1386 47 20 41.1386 
48 20 41.1386 49 20 41.1386 50 20 41.1386 
51 20 41.1386 52 20 41.1386 53 20 41.1386 
54 20 41.1386 55 20 41.1386 56 20 41.1386 
57 20 41.1386 58 20 41.1386 59 20 41.1386 
1 21 41.955 0 21 41.955 2 21 41.955 
3 21 41.955 4 21 41.955 5 21 41.955 
6 21 41.955 7 21 41.955 8 21 41.955 
9 21 41.955 10 21 41.955 11 21 41.955 
12 21 41.955 13 21 41.955 14 21 41.955 
15 21 41.955 16 21 41.955 17 21 41.955 
18 21 41.955 19 21 41.955 20 21 41.955 
21 21 41.955 22 21 41.955 23 21 41.955 
24 21 41.955 25 21 41.955 26 21 41.955 
27 21 41.955 28 21 41.955 29 21 41.955 
30 21 41.955 31 21 41.955 32 21 41.955 
33 21 41.955 34 21 41.955 35 21 41.955 
36 21 41.955 37 21 41.955 38 21 41.955 
39 21 41.955 40 21 41.955 41 21 41.955 
42 21 41.955 43 21 41.955 44 21 41.955 
45 21 41.955 46 21 41.955 47 21 41.955 
48 21 41.955 49 21 41.955 50 21 41.955 
51 21 41.955 52 21 41.955 53 21 41.955 
54 21 41.955 55 21 41.955 56 21 41.955 
57 21 41.955 58 21 41.955 59 21 41.955 
0 21.0596 42 1 21.0596 42 2 21.0596 42 
3 21.0596 42 4 21.0596 42 5 21.0596 42 
6 21.0596 42 7 21.0596 42 8 21.0596 42 
9 21.0596 42 10 21.0596 42 11 21.0596 42 
12 21.0596 42 13 21.0596 42 14 21.0596 42 
15 21.0596 42 16 21.0596 42 17 21.0596 42 
18 21.0596 42 19 21.0596 42 20 21.0596 42 
21 21.0596 42 22 21.0596 42 23 21.0596 42 
24 21.0596 42 25 21.0596 42 26 21.0596 42 
27 21.0596 42 28 21.0596 42 29 21.0596 42 
30 21.0596 42 31 21.0596 42 32 21.0596 42 
33 21.0596 42 34 21.0596 42 35 21.0596 42 
36 21.0596 42 37 21.0596 42 38 21.0596 42 
39 21.0596 42 40 21.0596 42 41 21.0596 42 
42 21.0596 42 43 21.0596 42 44 21.0596 42 
45 21.0596 42 46 21.0596 42 47 21.0596 42 
48 21.0596 42 49 21.0596 42 50 21.0596 42 
51 21.0596 42 52 21.0596 42 53 21.0596 42 
54 21.0596 42 55 21.0596 42 56 21.0596 42 
57 21.0596 42 58 21.0596 42 59 21.0596 42 
0 39 41.955 1 38.9404 42 1 39 41.955 
0 38.9404 42 2 38.9404 42 2 39 41.955 
3 38.9404 42 3 39 41.955 4 38.9404 42 
4 39 41.955 5 38.9404 42 5 39 41.955 
6 38.9404 42 6 39 41.955 7 38.9404 42 
7 39 41.955 8 38.9404 42 8 39 41.955 
9 38.9404 42 9 39 41.955 10 38.9404 42 
10 39 41.955 11 38.9404 42 11 39 41.955 
12 38.9404 42 12 39 41.955 13 38.9404 42 
13 39 41.955 14 38.9404 42 14 39 41.955 
15 38.9404 42 15 39 41.955 16 38.9404 42 
16 39 41.955 17 38.9404 42 17 39 41.955 
18 38.9404 42 18 39 41.955 19 38.9404 42 
19 39 41.955 20 38.9404 42 20 39 41.955 
21 38.9404 42 21 39 41.955 22 38.9404 42 
22 39 41.955 23 38.9404 42 23 39 41.955 
24 38.9404 42 24 39 41.955 25 38.9404 42 
25 39 41.955 26 38.9404 42 26 39 41.955 
27 38.9404 42 27 39 41.955 28 38.9404 42 
28 39 41.955 29 38.9404 42 29 39 41.955 
30 38.9404 42 30 39 41.955 31 38.9404 42 
31 39 41.955 32 38.9404 42 32 39 41.955 
33 38.9404 42 33 39 41.955 34 38.9404 42 
34 39 41.955 35 38.9404 42 35 39 41.955 
36 38.9404 42 36 39 41.955 37 38.9404 42 
37 39 41.955 38 38.9404 42 38 39 41.955 
39 38.9404 42 39 39 41.955 40 38.9404 42 
40 39 41.955 41 38.9404 42 41 39 41.955 
42 38.9404 42 42 39 41.955 43 38.9404 42 
43 39 41.955 44 38.9404 42 44 39 41.955 
45 38.9404 42 45 39 41.955 46 38.9404 42 
46 39 41.955 47 38.9404 42 47 39 41.955 
48 38.9404 42 48 39 41.955 49 38.9404 42 
49 39 41.955 50 38.9404 42 50 39 41.955 
51 38.9404 42 51 39 41.955 52 38.9404 42 
52 39 41.955 53 38.9404 42 53 39 41.955 
54 38.9404 42 54 39 41.955 55 38.9404 42 
55 39 41.955 56 38.9404 42 56 39 41.955 
57 38.9404 42 57 39 41.955 58 38.9404 42 
58 39 41.955 59 38.9404 42 59 39 41.955 
1 40 41.1386 0 40 41.1386 2 40 41.1386 
3 40 41.1386 4 40 41.1386 5 40 41.1386 
6 40 41.1386 7 40 41.1386 8 40 41.1386 
9 40 41.1386 10 40 41.1386 11 40 41.1386 
12 40 41.1386 13 40 41.1386 14 40 41.1386 
15 40 41.1386 16 40 41.1386 17 40 41.1386 
18 40 41.1386 19 40 41.1386 20 40 41.1386 
21 40 41.1386 22 40 41.1386 23 40 41.1386 
24 40 41.1386 25 40 41.1386 26 40 41.1386 
27 40 41.1386 28 40 41.1386 29 40 41.1386 
30 40 41.1386 31 40 41.1386 32 40 41.1386 
33 40 41.1386 34 40 41.1386 35 40 41.1386 
36 40 41.1386 37 40 41.1386 38 40 41.1386 
39 40 41.1386 40 40 41.1386 41 40 41.1386 
42 40 41.1386 43 40 41.1386 44 40 41.1386 
45 40 41.1386 46 40 41.1386 47 40 41.1386 
48 40 41.1386 49 40 41.1386 50 40 41.1386 
51 40 41.1386 52 40 41.1386 53 40 41.1386 
54 40 41.1386 55 40 41.1386 56 40 41.1386 
57 40 41.1386 58 40 41.1386 59 40 41.1386 
1 22 42.6413 0 22 42.6413 2 22 42.6413 
3 22 42.6413 4 22 42.6413 5 22 42.6413 
6 22 42.6413 7 22 42.6413 8 22 42.6413 
9 22 42.6413 10 22 42.6413 11 22 42.6413 
12 22 42.6413 13 22 42.6413 14 22 42.6413 
15 22 42.6413 16 22 42.6413 17 22 42.6413 
18 22 42.6413 19 22 42.6413 20 22 42.6413 
21 22 42.6413 22 22 42.6413 23 22 42.6413 
24 22 42.6413 25 22 42.6413 26 22 42.6413 
27 22 42.6413 28 22 42.6413 29 22 42.6413 
30 22 42.6413 31 22 42.6413 32 22 42.6413 
33 22 42.6413 34 22 42.6413 35 22 42.6413 
36 22 42.6413 37 22 42.6413 38 22 42.6413 
39 22 42.6413 40 22 42.6413 41 22 42.6413 
42 22 42.6413 43 22 42.6413 44 22 42.6413 
45 22 42.6413 46 22 42.6413 47 22 42.6413 
48 22 42.6413 49 22 42.6413 50 22 42.6413 
51 22 42.6413 52 22 42.6413 53 22 42.6413 
54 22 42.6413 55 22 42.6413 56 22 42.6413 
57 22 42.6413 58 22 42.6413 59 22 42.6413 
0 22.5947 43 1 22.5947 43 2 22.5947 43 
3 22.5947 43 4 22.5947 43 5 22.5947 43 
6 22.5947 43 7 22.5947 43 8 22.5947 43 
9 22.5947 43 10 22.5947 43 11 22.5947 43 
12 22.5947 43 13 22.5947 43 14 22.5947 43 
15 22.5947 43 16 22.5947 43 17 22.5947 43 
18 22.5947 43 19 22.5947 43 20 22.5947 43 
21 22.5947 43 22 22.5947 43 23 22.5947 43 
24 22.5947 43 25 22.5947 43 26 22.5947 43 
27 22.5947 43 28 22.5947 43 29 22.5947 43 
30 22.5947 43 31 22.5947 43 32 22.5947 43 
33 22.5947 43 34 22.5947 43 35 22.5947 43 
36 22.5947 43 37 22.5947 43 38 22.5947 43 
39 22.5947 43 40 22.5947 43 41 22.5947 43 
42 22.5947 43 43 22.5947 43 44 22.5947 43 
45 22.5947 43 46 22.5947 43 47 22.5947 43 
48 22.5947 43 49 22.5947 43 50 22.5947 43 
51 22.5947 43 52 22.5947 43 53 22.5947 43 
54 22.5947 43 55 22.5947 43 56 22.5947 43 
57 22.5947 43 58 22.5947 43 59 22.5947 43 
0 38 42.6413 1 37.4053 43 1 38 42.6413 
0 37.4053 43 2 37.4053 43 2 38 42.6413 
3 37.4053 43 3 38 42.6413 4 37.4053 43 
4 38 42.6413 5 37.4053 43 5 38 42.6413 
6 37.4053 43 6 38 42.6413 7 37.4053 43 
7 38 42.6413 8 37.4053 43 8 38 42.6413 
9 37.4053 43 9 38 42.6413 10 37.4053 43 
10 38 42.6413 11 37.4053 43 11 38 42.6413 
12 37.4053 43 12 38 42.6413 13 37.4053 43 
13 38 42.6413 14 37.4053 43 14 38 42.6413 
15 37.4053 43 15 38 42.6413 16 37.4053 43 
16 38 42.6413 17 37.4053 43 17 38 42.6413 
18 37.4053 43 18 38 42.6413 19 37.4053 43 
19 38 42.6413 20 37.4053 43 20 38 42.6413 
21 37.4053 43 21 38 42.6413 22 37.4053 43 
22 38 42.6413 23 37.4053 43 23 38 42.6413 
24 37.4053 43 24 38 42.6413 25 37.4053 43 
25 38 42.6413 26 37.4053 43 26 38 42.6413 
27 37.4053 43 27 38 42.6413 28 37.4053 43 
28 38 42.6413 29 37.4053 43 29 38 42.6413 
30 37.4053 43 30 38 42.6413 31 37.4053 43 
31 38 42.6413 32 37.4053 43 32 38 42.6413 
33 37.4053 43 33 38 42.6413 34 37.4053 43 
34 38 42.6413 35 37.4053 43 35 38 42.6413 
36 37.4053 43 36 38 42.6413 37 37.4053 43 
37 38 42.6413 38 37.4053 43 38 38 42.6413 
39 37.4053 43 39 38 42.6413 40 37.4053 43 
40 38 42.6413 41 37.4053 43 41 38 42.6413 
42 37.4053 43 42 38 42.6413 43 37.4053 43 
43 38 42.6413 44 37.4053 43 44 38 42.6413 
45 37.4053 43 45 38 42.6413 46 37.4053 43 
46 38 42.6413 47 37.4053 43 47 38 42.6413 
48 37.4053 43 48 38 42.6413 49 37.4053 43 
49 38 42.6413 50 37.4053 43 50 38 42.6413 
51 37.4053 43 51 38 42.6413 52 37.4053 43 
52 38 42.6413 53 37.4053 43 53 38 42.6413 
54 37.4053 43 54 38 42.6413 55 37.4053 43 
55 38 42.6413 56 37.4053 43 56 38 42.6413 
57 37.4053 43 57 38 42.6413 58 37.4053 43 
58 38 42.6413 59 37.4053 43 59 38 42.6413 
1 23 43.2357 0 23 43.2357 2 23 43.2357 
3 23 43.2357 4 23 43.2357 5 23 43.2357 
6 23 43.2357 7 23 43.2357 8 23 43.2357 
9 23 43.2357 10 23 43.2357 11 23 43.2357 
12 23 43.2357 13 23 43.2357 14 23 43.2357 
15 23 43.2357 16 23 43.2357 17 23 43.2357 
18 23 43.2357 19 23 43.2357 20 23 43.2357 
21 23 43.2357 22 23 43.2357 23 23 43.2357 
24 23 43.2357 25 23 43.2357 26 23 43.2357 
27 23 43.2357 28 23 43.2357 29 23 43.2357 
30 23 43.2357 31 23 43.2357 32 23 43.2357 
33 23 43.2357 34 23 43.2357 35 23 43.2357 
36 23 43.2357 37 23 43.2357 38 23 43.2357 
39 23 43.2357 40 23 43.2357 41 23 43.2357 
42 23 43.2357 43 23 43.2357 44 23 43.2357 
45 23 43.2357 46 23 43.2357 47 23 43.2357 
48 23 43.2357 49 23 43.2357 50 23 43.2357 
51 23 43.2357 52 23 43.2357 53 23 43.2357 
54 23 43.2357 55 23 43.2357 56 23 43.2357 
57 23 43.2357 58 23 43.2357 59 23 43.2357 
1 24 43.7022 0 24 43.7022 2 24 43.7022 
3 24 43.7022 4 24 43.7022 5 24 43.7022 
6 24 43.7022 7 24 43.7022 8 24 43.7022 
9 24 43.7022 10 24 43.7022 11 24 43.7022 
12 24 43.7022 13 24 43.7022 14 24 43.7022 
15 24 43.7022 16 24 43.7022 17 24 43.7022 
18 24 43.7022 19 24 43.7022 20 24 43.7022 
21 24 43.7022 22 24 43.7022 23 24 43.7022 
24 24 43.7022 25 24 43.7022 26 24 43.7022 
27 24 43.7022 28 24 43.7022 29 24 43.7022 
30 24 43.7022 31 24 43.7022 32 24 43.7022 
33 24 43.7022 34 24 43.7022 35 24 43.7022 
36 24 43.7022 37 24 43.7022 38 24 43.7022 
39 24 43.7022 40 24 43.7022 41 24 43.7022 
42 24 43.7022 43 24 43.7022 44 24 43.7022 
45 24 43.7022 46 24 43.7022 47 24 43.7022 
48 24 43.7022 49 24 43.7022 50 24 43.7022 
51 24 43.7022 52 24 43.7022 53 24 43.7022 
54 24 43.7022 55 24 43.7022 56 24 43.7022 
57 24 43.7022 58 24 43.7022 59 24 43.7022 
0 24.7232 44 1 24.7232 44 2 24.7232 44 
3 24.7232 44 4 24.7232 44 5 24.7232 44 
6 24.7232 44 7 24.7232 44 8 24.7232 44 
9 24.7232 44 10 24.7232 44 11 24.7232 44 
12 24.7232 44 13 24.7232 44 14 24.7232 44 
15 24.7232 44 16 24.7232 44 17 24.7232 44 
18 24.7232 44 19 24.7232 44 20 24.7232 44 
21 24.7232 44 22 24.7232 44 23 24.7232 44 
24 24.7232 44 25 24.7232 44 26 24.7232 44 
27 24.7232 44 28 24.7232 44 29 24.7232 44 
30 24.7232 44 31 24.7232 44 32 24.7232 44 
33 24.7232 44 34 24.7232 44 35 24.7232 44 
36 24.7232 44 37 24.7232 44 38 24.7232 44 
39 24.7232 44 40 24.7232 44 41 24.7232 44 
42 24.7232 44 43 24.7232 44 44 24.7232 44 
45 24.7232 44 46 24.7232 44 47 24.7232 44 
48 24.7232 44 49 24.7232 44 50 24.7232 44 
51 24.7232 44 52 24.7232 44 53 24.7232 44 
54 24.7232 44 55 24.7232 44 56 24.7232 44 
57 24.7232 44 58 24.7232 44 59 24.7232 44 
0 36 43.7022 1 35.2768 44 1 36 43.7022 
0 35.2768 44 2 35.2768 44 2 36 43.7022 
3 35.2768 44 3 36 43.7022 4 35.2768 44 
4 36 43.7022 5 35.2768 44 5 36 43.7022 
6 35.2768 44 6 36 43.7022 7 35.2768 44 
7 36 43.7022 8 35.2768 44 8 36 43.7022 
9 35.2768 44 9 36 43.7022 10 35.2768 44 
10 36 43.7022 11 35.2768 44 11 36 43.7022 
12 35.2768 44 12 36 43.7022 13 35.2768 44 
13 36 43.7022 14 35.2768 44 14 36 43.7022 
15 35.2768 44 15 36 43.7022 16 35.2768 44 
16 36 43.7022 17 35.2768 44 17 36 43.7022 
18 35.2768 44 18 36 43.7022 19 35.2768 44 
19 36 43.7022 20 35.2768 44 20 36 43.7022 
21 35.2768 44 21 36 43.7022 22 35.2768 44 
22 36 43.7022 23 35.2768 44 23 36 43.7022 
24 35.2768 44 24 36 43.7022 25 35.2768 44 
25 36 43.7022 26 35.2768 44 26 36 43.7022 
27 35.2768 44 27 36 43.7022 28 35.2768 44 
28 36 43.7022 29 35.2768 44 29 36 43.7022 
30 35.2768 44 30 36 43.7022 31 35.2768 44 
31 36 43.7022 32 35.2768 44 32 36 43.7022 
33 35.2768 44 33 36 43.7022 34 35.2768 44 
34 36 43.7022 35 35.2768 44 35 36 43.7022 
36 35.2768 44 36 36 43.7022 37 35.2768 44 
37 36 43.7022 38 35.2768 44 38 36 43.7022 
39 35.2768 44 39 36 43.7022 40 35.2768 44 
40 36 43.7022 41 35.2768 44 41 36 43.7022 
42 35.2768 44 42 36 43.7022 43 35.2768 44 
43 36 43.7022 44 35.2768 44 44 36 43.7022 
45 35.2768 44 45 36 43.7022 46 35.2768 44 
46 36 43.7022 47 35.2768 44 47 36 43.7022 
48 35.2768 44 48 36 43.7022 49 35.2768 44 
49 36 43.7022 50 35.2768 44 50 36 43.7022 
51 35.2768 44 51 36 43.7022 52 35.2768 44 
52 36 43.7022 53 35.2768 44 53 36 43.7022 
54 35.2768 44 54 36 43.7022 55 35.2768 44 
55 36 43.7022 56 35.2768 44 56 36 43.7022 
57 35.2768 44 57 36 43.7022 58 35.2768 44 
58 36 43.7022 59 35.2768 44 59 36 43.7022 
1 37 43.2357 0 37 43.2357 2 37 43.2357 
3 37 43.2357 4 37 43.2357 5 37 43.2357 
6 37 43.2357 7 37 43.2357 8 37 43.2357 
9 37 43.2357 10 37 43.2357 11 37 43.2357 
12 37 43.2357 13 37 43.2357 14 37 43.2357 
15 37 43.2357 16 37 43.2357 17 37 43.2357 
18 37 43.2357 19 37 43.2357 20 37 43.2357 
21 37 43.2357 22 37 43.2357 23 37 43.2357 
24 37 43.2357 25 37 43.2357 26 37 43.2357 
27 37 43.2357 28 37 43.2357 29 37 43.2357 
30 37 43.2357 31 37 43.2357 32 37 43.2357 
33 37 43.2357 34 37 43.2357 35 37 43.2357 
36 37 43.2357 37 37 43.2357 38 37 43.2357 
39 37 43.2357 40 37 43.2357 41 37 43.2357 
42 37 43.2357 43 37 43.2357 44 37 43.2357 
45 37 43.2357 46 37 43.2357 47 37 43.2357 
48 37 43.2357 49 37 43.2357 50 37 43.2357 
51 37 43.2357 52 37 43.2357 53 37 43.2357 
54 37 43.2357 55 37 43.2357 56 37 43.2357 
57 37 43.2357 58 37 43.2357 59 37 43.2357 
1 25 44.1139 0 25 44.1139 2 25 44.1139 
3 25 44.1139 4 25 44.1139 5 25 44.1139 
6 25 44.1139 7 25 44.1139 8 25 44.1139 
9 25 44.1139 10 25 44.1139 11 25 44.1139 
12 25 44.1139 13 25 44.1139 14 25 44.1139 
15 25 44.1139 16 25 44.1139 17 25 44.1139 
18 25 44.1139 19 25 44.1139 20 25 44.1139 
21 25 44.1139 22 25 44.1139 23 25 44.1139 
24 25 44.1139 25 25 44.1139 26 25 44.1139 
27 25 44.1139 28 25 44.1139 29 25 44.1139 
30 25 44.1139 31 25 44.1139 32 25 44.1139 
33 25 44.1139 34 25 44.1139 35 25 44.1139 
36 25 44.1139 37 25 44.1139 38 25 44.1139 
39 25 44.1139 40 25 44.1139 41 25 44.1139 
42 25 44.1139 43 25 44.1139 44 25 44.1139 
45 25 44.1139 46 25 44.1139 47 25 44.1139 
48 25 44.1139 49 25 44.1139 50 25 44.1139 
51 25 44.1139 52 25 44.1139 53 25 44.1139 
54 25 44.1139 55 25 44.1139 56 25 44.1139 
57 25 44.1139 58 25 44.1139 59 25 44.1139 
1 26 44.4255 0 26 44.4255 2 26 44.4255 
3 26 44.4255 4 26 44.4255 5 26 44.4255 
6 26 44.4255 7 26 44.4255 8 26 44.4255 
9 26 44.4255 10 26 44.4255 11 26 44.4255 
12 26 44.4255 13 26 44.4255 14 26 44.4255 
15 26 44.4255 16 26 44.4255 17 26 44.4255 
18 26 44.4255 19 26 44.4255 20 26 44.4255 
21 26 44.4255 22 26 44.4255 23 26 44.4255 
24 26 44.4255 25 26 44.4255 26 26 44.4255 
27 26 44.4255 28 26 44.4255 29 26 44.4255 
30 26 44.4255 31 26 44.4255 32 26 44.4255 
33 26 44.4255 34 26 44.4255 35 26 44.4255 
36 26 44.4255 37 26 44.4255 38 26 44.4255 
39 26 44.4255 40 26 44.4255 41 26 44.4255 
42 26 44.4255 43 26 44.4255 44 26 44.4255 
45 26 44.4255 46 26 44.4255 47 26 44.4255 
48 26 44.4255 49 26 44.4255 50 26 44.4255 
51 26 44.4255 52 26 44.4255 53 26 44.4255 
54 26 44.4255 55 26 44.4255 56 26 44.4255 
57 26 44.4255 58 26 44.4255 59 26 44.4255 
1 27 44.6548 0 27 44.6548 2 27 44.6548 
3 27 44.6548 4 27 44.6548 5 27 44.6548 
6 27 44.6548 7 27 44.6548 8 27 44.6548 
9 27 44.6548 10 27 44.6548 11 27 44.6548 
12 27 44.6548 13 27 44.6548 14 27 44.6548 
15 27 44.6548 16 27 44.6548 17 27 44.6548 
18 27 44.6548 19 27 44.6548 20 27 44.6548 
21 27 44.6548 22 27 44.6548 23 27 44.6548 
24 27 44.6548 25 27 44.6548 26 27 44.6548 
27 27 44.6548 28 27 44.6548 29 27 44.6548 
30 27 44.6548 31 27 44.6548 32 27 44.6548 
33 27 44.6548 34 27 44.6548 35 27 44.6548 
36 27 44.6548 37 27 44.6548 38 27 44.6548 
39 27 44.6548 40 27 44.6548 41 27 44.6548 
42 27 44.6548 43 27 44.6548 44 27 44.6548 
45 27 44.6548 46 27 44.6548 47 27 44.6548 
48 27 44.6548 49 27 44.6548 50 27 44.6548 
51 27 44.6548 52 27 44.6548 53 27 44.6548 
54 27 44.6548 55 27 44.6548 56 27 44.6548 
57 27 44.6548 58 27 44.6548 59 27 44.6548 
1 28 44.8221 0 28 44.8221 2 28 44.8221 
3 28 44.8221 4 28 44.8221 5 28 44.8221 
6 28 44.8221 7 28 44.8221 8 28 44.8221 
9 28 44.8221 10 28 44.8221 11 28 44.8221 
12 28 44.8221 13 28 44.8221 14 28 44.8221 
15 28 44.8221 16 28 44.8221 17 28 44.8221 
18 28 44.8221 19 28 44.8221 20 28 44.8221 
21 28 44.8221 22 28 44.8221 23 28 44.8221 
24 28 44.8221 25 28 44.8221 26 28 44.8221 
27 28 44.8221 28 28 44.8221 29 28 44.8221 
30 28 44.8221 31 28 44.8221 32 28 44.8221 
33 28 44.8221 34 28 44.8221 35 28 44.8221 
36 28 44.8221 37 28 44.8221 38 28 44.8221 
39 28 44.8221 40 28 44.8221 41 28 44.8221 
42 28 44.8221 43 28 44.8221 44 28 44.8221 
45 28 44.8221 46 28 44.8221 47 28 44.8221 
48 28 44.8221 49 28 44.8221 50 28 44.8221 
51 28 44.8221 52 28 44.8221 53 28 44.8221 
54 28 44.8221 55 28 44.8221 56 28 44.8221 
57 28 44.8221 58 28 44.8221 59 28 44.8221 
1 29 44.9271 0 29 44.9271 2 29 44.9271 
3 29 44.9271 4 29 44.9271 5 29 44.9271 
6 29 44.9271 7 29 44.9271 8 29 44.9271 
9 29 44.9271 10 29 44.9271 11 29 44.9271 
12 29 44.9271 13 29 44.9271 14 29 44.9271 
15 29 44.9271 16 29 44.9271 17 29 44.9271 
18 29 44.9271 19 29 44.9271 20 29 44.9271 
21 29 44.9271 22 29 44.9271 23 29 44.9271 
24 29 44.9271 25 29 44.9271 26 29 44.9271 
27 29 44.9271 28 29 44.9271 29 29 44.9271 
30 29 44.9271 31 29 44.9271 32 29 44.9271 
33 29 44.9271 34 29 44.9271 35 29 44.9271 
36 29 44.9271 37 29 44.9271 38 29 44.9271 
39 29 44.9271 40 29 44.9271 41 29 44.9271 
42 29 44.9271 43 29 44.9271 44 29 44.9271 
45 29 44.9271 46 29 44.9271 47 29 44.9271 
48 29 44.9271 49 29 44.9271 50 29 44.9271 
51 29 44.9271 52 29 44.9271 53 29 44.9271 
54 29 44.9271 55 29 44.9271 56 29 44.9271 
57 29 44.9271 58 29 44.9271 59 29 44.9271 
1 30 44.9633 0 30 44.9633 2 30 44.9633 
3 30 44.9633 4 30 44.9633 5 30 44.9633 
6 30 44.9633 7 30 44.9633 8 30 44.9633 
9 30 44.9633 10 30 44.9633 11 30 44.9633 
12 30 44.9633 13 30 44.9633 14 30 44.9633 
15 30 44.9633 16 30 44.9633 17 30 44.9633 
18 30 44.9633 19 30 44.9633 20 30 44.9633 
21 30 44.9633 22 30 44.9633 23 30 44.9633 
24 30 44.9633 25 30 44.9633 26 30 44.9633 
27 30 44.9633 28 30 44.9633 29 30 44.9633 
30 30 44.9633 31 30 44.9633 32 30 44.9633 
33 30 44.9633 34 30 44.9633 35 30 44.9633 
36 30 44.9633 37 30 44.9633 38 30 44.9633 
39 30 44.9633 40 30 44.9633 41 30 44.9633 
42 30 44.9633 43 30 44.9633 44 30 44.9633 
45 30 44.9633 46 30 44.9633 47 30 44.9633 
48 30 44.9633 49 30 44.9633 50 30 44.9633 
51 30 44.9633 52 30 44.9633 53 30 44.9633 
54 30 44.9633 55 30 44.9633 56 30 44.9633 
57 30 44.9633 58 30 44.9633 59 30 44.9633 
1 31 44.9271 0 31 44.9271 2 31 44.9271 
3 31 44.9271 4 31 44.9271 5 31 44.9271 
6 31 44.9271 7 31 44.9271 8 31 44.9271 
9 31 44.9271 10 31 44.9271 11 31 44.9271 
12 31 44.9271 13 31 44.9271 14 31 44.9271 
15 31 44.9271 16 31 44.9271 17 31 44.9271 
18 31 44.9271 19 31 44.9271 20 31 44.9271 
21 31 44.9271 22 31 44.9271 23 31 44.9271 
24 31 44.9271 25 31 44.9271 26 31 44.9271 
27 31 44.9271 28 31 44.9271 29 31 44.9271 
30 31 44.9271 31 31 44.9271 32 31 44.9271 
33 31 44.9271 34 31 44.9271 35 31 44.9271 
36 31 44.9271 37 31 44.9271 38 31 44.9271 
39 31 44.9271 40 31 44.9271 41 31 44.9271 
42 31 44.9271 43 31 44.9271 44 31 44.9271 
45 31 44.9271 46 31 44.9271 47 31 44.9271 
48 31 44.9271 49 31 44.9271 50 31 44.9271 
51 31 44.9271 52 31 44.9271 53 31 44.9271 
54 31 44.9271 55 31 44.9271 56 31 44.9271 
57 31 44.9271 58 31 44.9271 59 31 44.9271 
1 32 44.8221 0 32 44.8221 2 32 44.8221 
3 32 44.8221 4 32 44.8221 5 32 44.8221 
6 32 44.8221 7 32 44.8221 8 32 44.8221 
9 32 44.8221 10 32 44.8221 11 32 44.8221 
12 32 44.8221 13 32 44.8221 14 32 44.8221 
15 32 44.8221 16 32 44.8221 17 32 44.8221 
18 32 44.8221 19 32 44.8221 20 32 44.8221 
21 32 44.8221 22 32 44.8221 23 32 44.8221 
24 32 44.8221 25 32 44.8221 26 32 44.8221 
27 32 44.8221 28 32 44.8221 29 32 44.8221 
30 32 44.8221 31 32 44.8221 32 32 44.8221 
33 32 44.8221 34 32 44.8221 35 32 44.8221 
36 32 44.8221 37 32 44.8221 38 32 44.8221 
39 32 44.8221 40 32 44.8221 41 32 44.8221 
42 32 44.8221 43 32 44.8221 44 32 44.8221 
45 32 44.8221 46 32 44.8221 47 32 44.8221 
48 32 44.8221 49 32 44.8221 50 32 44.8221 
51 32 44.8221 52 32 44.8221 53 32 44.8221 
54 32 44.8221 55 32 44.8221 56 32 44.8221 
57 32 44.8221 58 32 44.8221 59 32 44.8221 
1 33 44.6548 0 33 44.6548 2 33 44.6548 
3 33 44.6548 4 33 44.6548 5 33 44.6548 
6 33 44.6548 7 33 44.6548 8 33 44.6548 
9 33 44.6548 10 33 44.6548 11 33 44.6548 
12 33 44.6548 13 33 44.6548 14 33 44.6548 
15 33 44.6548 16 33 44.6548 17 33 44.6548 
18 33 44.6548 19 33 44.6548 20 33 44.6548 
21 33 44.6548 22 33 44.6548 23 33 44.6548 
24 33 44.6548 25 33 44.6548 26 33 44.6548 
27 33 44.6548 28 33 44.6548 29 33 44.6548 
30 33 44.6548 31 33 44.6548 32 33 44.6548 
33 33 44.6548 34 33 44.6548 35 33 44.6548 
36 33 44.6548 37 33 44.6548 38 33 44.6548 
39 33 44.6548 40 33 44.6548 41 33 44.6548 
42 33 44.6548 43 33 44.6548 44 33 44.6548 
45 33 44.6548 46 33 44.6548 47 33 44.6548 
48 33 44.6548 49 33 44.6548 50 33 44.6548 
51 33 44.6548 52 33 44.6548 53 33 44.6548 
54 33 44.6548 55 33 44.6548 56 33 44.6548 
57 33 44.6548 58 33 44.6548 59 33 44.6548 
1 34 44.4255 0 34 44.4255 2 34 44.4255 
3 34 44.4255 4 34 44.4255 5 34 44.4255 
6 34 44.4255 7 34 44.4255 8 34 44.4255 
9 34 44.4255 10 34 44.4255 11 34 44.4255 
12 34 44.4255 13 34 44.4255 14 34 44.4255 
15 34 44.4255 16 34 44.4255 17 34 44.4255 
18 34 44.4255 19 34 44.4255 20 34 44.4255 
21 34 44.4255 22 34 44.4255 23 34 44.4255 
24 34 44.4255 25 34 44.4255 26 34 44.4255 
27 34 44.4255 28 34 44.4255 29 34 44.4255 
30 34 44.4255 31 34 44.4255 32 34 44.4255 
33 34 44.4255 34 34 44.4255 35 34 44.4255 
36 34 44.4255 37 34 44.4255 38 34 44.4255 
39 34 44.4255 40 34 44.4255 41 34 44.4255 
42 34 44.4255 43 34 44.4255 44 34 44.4255 
45 34 44.4255 46 34 44.4255 47 34 44.4255 
48 34 44.4255 49 34 44.4255 50 34 44.4255 
51 34 44.4255 52 34 44.4255 53 34 44.4255 
54 34 44.4255 55 34 44.4255 56 34 44.4255 
57 34 44.4255 58 34 44.4255 59 34 44.4255 
1 35 44.1139 0 35 44.1139 2 35 44.1139 
3 35 44.1139 4 35 44.1139 5 35 44.1139 
6 35 44.1139 7 35 44.1139 8 35 44.1139 
9 35 44.1139 10 35 44.1139 11 35 44.1139 
12 35 44.1139 13 35 44.1139 14 35 44.1139 
15 35 44.1139 16 35 44.1139 17 35 44.1139 
18 35 44.1139 19 35 44.1139 20 35 44.1139 
21 35 44.1139 22 35 44.1139 23 35 44.1139 
24 35 44.1139 25 35 44.1139 26 35 44.1139 
27 35 44.1139 28 35 44.1139 29 35 44.1139 
30 35 44.1139 31 35 44.1139 32 35 44.1139 
33 35 44.1139 34 35 44.1139 35 35 44.1139 
36 35 44.1139 37 35 44.1139 38 35 44.1139 
39 35 44.1139 40 35 44.1139 41 35 44.1139 
42 35 44.1139 43 35 44.1139 44 35 44.1139 
45 35 44.1139 46 35 44.1139 47 35 44.1139 
48 35 44.1139 49 35 44.1139 50 35 44.1139 
51 35 44.1139 52 35 44.1139 53 35 44.1139 
54 35 44.1139 55 35 44.1139 56 35 44.1139 
57 35 44.1139 58 35 44.1139 59 35 44.1139 

POLYGONS 13689 41064
OFFSETS vtktypeint64
0 3 6 9 12 15 18 21 24 
27 30 33 36 39 42 45 48 51 
54 57 60 63 66 69 72 75 78 
81 84 87 90 93 96 99 102 105 
108 111 114 117 120 123 126 129 132 
135 138 141 144 147 150 153 156 159 
162 165 168 171 174 177 180 183 186 
189 192 195 198 201 204 207 210 213 
216 219 222 225 228 231 234 237 240 
243 246 249 252 255 258 261 264 267 
270 273 276 279 282 285 288 291 294 
297 300 303 306 309 312 315 318 321 
324 327 330 333 336 339 342 345 348 
351 354 357 360 363 366 369 372 375 
378 381 384 387 390 393 396 399 402 
405 408 411 414 417 420 423 426 429 
432 435 438 441 444 447 450 453 456 
459 462 465 468 471 474 477 480 483 
486 489 492 495 498 501 504 507 510 
513 516 519 522 525 528 531 534 537 
540 543 546 549 552 555 558 561 564 
567 570 573 576 579 582 585 588 591 
594 597 600 603 606 609 612 615 618 
621 624 627 630 633 636 639 642 645 
648 651 654 657 660 663 666 669 672 
675 678 681 684 687 690 693 696 699 
702 705 708 711 714 717 720 723 726 
729 732 735 738 741 744 747 750 753 
756 759 762 765 768 771 774 777 780 
783 786 789 792 795 798 801 804 807 
810 813 816 819 822 825 828 831 834 
837 840 843 846 849 852 855 858 861 
864 867 870 873 876 879 882 885 888 
891 894 897 900 903 906 909 912 915 
918 921 924 927 930 933 936 939 942 
945 948 951 954 957 960 963 966 969 
972 975 978 981 984 987 990 993 996 
999 1002 1005 1008 1011 1014 1017 1020 1023 
1026 1029 1032 1035 1038 1041 1044 1047 1050 
1053 1056 1059 1062 1065 1068 1071 1074 1077 
1080 1083 1086 1089 1092 1095 1098 1101 1104 
1107 1110 1113 1116 1119 1122 1125 1128 1131 
1134 1137 1140 1143 1146 1149 1152 1155 1158 
1161 1164 1167 1170 1173 1176 1179 1182 1185 
1188 1191 1194 1197 1200 1203 1206 1209 1212 
1215 1218 1221 1224 1227 1230 1233 1236 1239 
1242 1245 1248 1251 1254 1257 1260 1263 1266 
1269 1272 1275 1278 1281 1284 1287 1290 1293 
1296 1299 1302 1305 1308 1311 1314 1317 1320 
1323 1326 1329 1332 1335 1338 1341 1344 1347 
1350 1353 1356 1359 1362 1365 1368 1371 1374 
1377 1380 1383 1386 1389 1392 1395 1398 1401 
1404 1407 1410 1413 1416 1419 1422 1425 1428 
1431 1434 1437 1440 1443 1446 1449 1452 1455 
1458 1461 1464 1467 1470 1473 1476 1479 1482 
1485 1488 1491 1494 1497 1500 1503 1506 1509 
1512 1515 1518 1521 1524 1527 1530 1533 1536 
1539 1542 1545 1548 1551 1554 1557 1560 1563 
1566 1569 1572 1575 1578 1581 1584 1587 1590 
1593 1596 1599 1602 1605 1608 1611 1614 1617 
1620 1623 1626 1629 1632 1635 1638 1641 1644 
1647 1650 1653 1656 1659 1662 1665 1668 1671 
1674 1677 1680 1683 1686 1689 1692 1695 1698 
1701 1704 1707 1710 1713 1716 1719 1722 1725 
1728 1731 1734 1737 1740 1743 1746 1749 1752 
1755 1758 1761 1764 1767 1770 1773 1776 1779 
1782 1785 1788 1791 1794 1797 1800 1803 1806 
1809 1812 1815 1818 1821 1824 1827 1830 1833 
1836 1839 1842 1845 1848 1851 1854 1857 1860 
1863 1866 1869 1872 1875 1878 1881 1884 1887 
1890 1893 1896 1899 1902 1905 1908 1911 1914 
1917 1920 1923 1926 1929 1932 1935 1938 1941 
1944 1947 1950 1953 1956 1959 1962 1965 1968 
1971 1974 1977 1980 1983 1986 1989 1992 1995 
1998 2001 2004 2007 2010 2013 2016 2019 2022 
2025 2028 2031 2034 2037 2040 2043 2046 2049 
2052 2055 2058 2061 2064 2067 2070 2073 2076 
2079 2082 2085 2088 2091 2094 2097 2100 2103 
2106 2109 2112 2115 2118 2121 2124 2127 2130 
2133 2136 2139 2142 2145 2148 2151 2154 2157 
2160 2163 2166 2169 2172 2175 2178 2181 2184 
2187 2190 2193 2196 2199 2202 2205 2208 2211 
2214 2217 2220 2223 2226 2229 2232 2235 2238 
2241 2244 2247 2250 2253 2256 2259 2262 2265 
2268 2271 2274 2277 2280 2283 2286 2289 2292 
2295 2298 2301 2304 2307 2310 2313 2316 2319 
2322 2325 2328 2331 2334 2337 2340 2343 2346 
2349 2352 2355 2358 2361 2364 2367 2370 2373 
2376 2379 2382 2385 2388 2391 2394 2397 2400 
2403 2406 2409 2412 2415 2418 2421 2424 2427 
2430 2433 2436 2439 2442 2445 2448 2451 2454 
2457 2460 2463 2466 2469 2472 2475 2478 2481 
2484 2487 2490 2493 2496 2499 2502 2505 2508 
2511 2514 2517 2520 2523 2526 2529 2532 2535 
2538 2541 2544 2547 2550 2553 2556 2559 2562 
2565 2568 2571 2574 2577 2580 2583 2586 2589 
2592 2595 2598 2601 2604 2607 2610 2613 2616 
2619 2622 2625 2628 2631 2634 2637 2640 2643 
2646 2649 2652 2655 2658 2661 2664 2667 2670 
2673 2676 2679 2682 2685 2688 2691 2694 2697 
2700 2703 2706 2709 2712 2715 2718 2721 2724 
2727 2730 2733 2736 2739 2742 2745 2748 2751 
2754 2757 2760 2763 2766 2769 2772 2775 2778 
2781 2784 2787 2790 2793 2796 2799 2802 2805 
2808 2811 2814 2817 2820 2823 2826 2829 2832 
2835 2838 2841 2844 2847 2850 2853 2856 2859 
2862 2865 2868 2871 2874 2877 2880 2883 2886 
2889 2892 2895 2898 2901 2904 2907 2910 2913 
2916 2919 2922 2925 2928 2931 2934 2937 2940 
2943 2946 2949 2952 2955 2958 2961 2964 2967 
2970 2973 2976 2979 2982 2985 2988 2991 2994 
2997 3000 3003 3006 3009 3012 3015 3018 3021 
3024 3027 3030 3033 3036 3039 3042 3045 3048 
3051 3054 3057 3060 3063 3066 3069 3072 3075 
3078 3081 3084 3087 3090 3093 3096 3099 3102 
3105 3108 3111 3114 3117 3120 3123 3126 3129 
3132 3135 3138 3141 3144 3147 3150 3153 3156 
3159 3162 3165 3168 3171 3174 3177 3180 3183 
3186 3189 3192 3195 3198 3201 3204 3207 3210 
3213 3216 3219 3222 3225 3228 3231 3234 3237 
3240 3243 3246 3249 3252 3255 3258 3261 3264 
3267 3270 3273 3276 3279 3282 3285 3288 3291 
3294 3297 3300 3303 3306 3309 3312 3315 3318 
3321 3324 3327 3330 3333 3336 3339 3342 3345 
3348 3351 3354 3357 3360 3363 3366 3369 3372 
3375 3378 3381 3384 3387 3390 3393 3396 3399 
3402 3405 3408 3411 3414 3417 3420 3423 3426 
3429 3432 3435 3438 3441 3444 3447 3450 3453 
3456 3459 3462 3465 3468 3471 3474 3477 3480 
3483 3486 3489 3492 3495 3498 3501 3504 3507 
3510 3513 3516 3519 3522 3525 3528 3531 3534 
3537 3540 3543 3546 3549 3552 3555 3558 3561 
3564 3567 3570 3573 3576 3579 3582 3585 3588 
3591 3594 3597 3600 3603 3606 3609 3612 3615 
3618 3621 3624 3627 3630 3633 3636 3639 3642 
3645 3648 3651 3654 3657 3660 3663 3666 3669 
3672 3675 3678 3681 3684 3687 3690 3693 3696 
3699 3702 3705 3708 3711 3714 3717 3720 3723 
3726 3729 3732 3735 3738 3741 3744 3747 3750 
3753 3756 3759 3762 3765 3768 3771 3774 3777 
3780 3783 3786 3789 3792 3795 3798 3801 3804 
3807 3810 3813 3816 3819 3822 3825 3828 3831 
3834 3837 3840 3843 3846 3849 3852 3855 3858 
3861 3864 3867 3870 3873 3876 3879 3882 3885 
3888 3891 3894 3897 3900 3903 3906 3909 3912 
3915 3918 3921 3924 3927 3930 3933 3936 3939 
3942 3945 3948 3951 3954 3957 3960 3963 3966 
3969 3972 3975 3978 3981 3984 3987 3990 3993 
3996 3999 4002 4005 4008 4011 4014 4017 4020 
4023 4026 4029 4032 4035 4038 4041 4044 4047 
4050 4053 4056 4059 4062 4065 4068 4071 4074 
4077 4080 4083 4086 4089 4092 4095 4098 4101 
4104 4107 4110 4113 4116 4119 4122 4125 4128 
4131 4134 4137 4140 4143 4146 4149 4152 4155 
4158 4161 4164 4167 4170 4173 4176 4179 4182 
4185 4188 4191 4194 4197 4200 4203 4206 4209 
4212 4215 4218 4221 4224 4227 4230 4233 4236 
4239 4242 4245 4248 4251 4254 4257 4260 4263 
4266 4269 4272 4275 4278 4281 4284 4287 4290 
4293 4296 4299 4302 4305 4308 4311 4314 4317 
4320 4323 4326 4329 4332 4335 4338 4341 4344 
4347 4350 4353 4356 4359 4362 4365 4368 4371 
4374 4377 4380 4383 4386 4389 4392 4395 4398 
4401 4404 4407 4410 4413 4416 4419 4422 4425 
4428 4431 4434 4437 4440 4443 4446 4449 4452 
4455 4458 4461 4464 4467 4470 4473 4476 4479 
4482 4485 4488 4491 4494 4497 4500 4503 4506 
4509 4512 4515 4518 4521 4524 4527 4530 4533 
4536 4539 4542 4545 4548 4551 4554 4557 4560 
4563 4566 4569 4572 4575 4578 4581 4584 4587 
4590 4593 4596 4599 4602 4605 4608 4611 4614 
4617 4620 4623 4626 4629 4632 4635 4638 4641 
4644 4647 4650 4653 4656 4659 4662 4665 4668 
4671 4674 4677 4680 4683 4686 4689 4692 4695 
4698 4701 4704 4707 4710 4713 4716 4719 4722 
4725 4728 4731 4734 4737 4740 4743 4746 4749 
4752 4755 4758 4761 4764 4767 4770 4773 4776 
4779 4782 4785 4788 4791 4794 4797 4800 4803 
4806 4809 4812 4815 4818 4821 4824 4827 4830 
4833 4836 4839 4842 4845 4848 4851 4854 4857 
4860 4863 4866 4869 4872 4875 4878 4881 4884 
4887 4890 4893 4896 4899 4902 4905 4908 4911 
4914 4917 4920 4923 4926 4929 4932 4935 4938 
4941 4944 4947 4950 4953 4956 4959 4962 4965 
4968 4971 4974 4977 4980 4983 4986 4989 4992 
4995 4998 5001 5004 5007 5010 5013 5016 5019 
5022 5025 5028 5031 5034 5037 5040 5043 5046 
5049 5052 5055 5058 5061 5064 5067 5070 5073 
5076 5079 5082 5085 5088 5091 5094 5097 5100 
5103 5106 5109 5112 5115 5118 5121 5124 5127 
5130 5133 5136 5139 5142 5145 5148 5151 5154 
5157 5160 5163 5166 5169 5172 5175 5178 5181 
5184 5187 5190 5193 5196 5199 5202 5205 5208 
5211 5214 5217 5220 5223 5226 5229 5232 5235 
5238 5241 5244 5247 5250 5253 5256 5259 5262 
5265 5268 5271 5274 5277 5280 5283 5286 5289 
5292 5295 5298 5301 5304 5307 5310 5313 5316 
5319 5322 5325 5328 5331 5334 5337 5340 5343 
5346 5349 5352 5355 5358 5361 5364 5367 5370 
5373 5376 5379 5382 5385 5388 5391 5394 5397 
5400 5403 5406 5409 5412 5415 5418 5421 5424 
5427 5430 5433 5436 5439 5442 5445 5448 5451 
5454 5457 5460 5463 5466 5469 5472 5475 5478 
5481 5484 5487 5490 5493 5496 5499 5502 5505 
5508 5511 5514 5517 5520 5523 5526 5529 5532 
5535 5538 5541 5544 5547 5550 5553 5556 5559 
5562 5565 5568 5571 5574 5577 5580 5583 5586 
5589 5592 5595 5598 5601 5604 5607 5610 5613 
5616 5619 5622 5625 5628 5631 5634 5637 5640 
5643 5646 5649 5652 5655 5658 5661 5664 5667 
5670 5673 5676 5679 5682 5685 5688 5691 5694 
5697 5700 5703 5706 5709 5712 5715 5718 5721 
5724 5727 5730 5733 5736 5739 5742 5745 5748 
5751 5754 5757 5760 5763 5766 5769 5772 5775 
5778 5781 5784 5787 5790 5793 5796 5799 5802 
5805 5808 5811 5814 5817 5820 5823 5826 5829 
5832 5835 5838 5841 5844 5847 5850 5853 5856 
5859 5862 5865 5868 5871 5874 5877 5880 5883 
5886 5889 5892 5895 5898 5901 5904 5907 5910 
5913 5916 5919 5922 5925 5928 5931 5934 5937 
5940 5943 5946 5949 5952 5955 5958 5961 5964 
5967 5970 5973 5976 5979 5982 5985 5988 5991 
5994 5997 6000 6003 6006 6009 6012 6015 6018 
6021 6024 6027 6030 6033 6036 6039 6042 6045 
6048 6051 6054 6057 6060 6063 6066 6069 6072 
6075 6078 6081 6084 6087 6090 6093 6096 6099 
6102 6105 6108 6111 6114 6117 6120 6123 6126 
6129 6132 6135 6138 6141 6144 6147 6150 6153 
6156 6159 6162 6165 6168 6171 6174 6177 6180 
6183 6186 6189 6192 6195 6198 6201 6204 6207 
6210 6213 6216 6219 6222 6225 6228 6231 6234 
6237 6240 6243 6246 6249 6252 6255 6258 6261 
6264 6267 6270 6273 6276 6279 6282 6285 6288 
6291 6294 6297 6300 6303 6306 6309 6312 6315 
6318 6321 6324 6327 6330 6333 6336 6339 6342 
6345 6348 6351 6354 6357 6360 6363 6366 6369 
6372 6375 6378 6381 6384 6387 6390 6393 6396 
6399 6402 6405 6408 6411 6414 6417 6420 6423 
6426 6429 6432 6435 6438 6441 6444 6447 6450 
6453 6456 6459 6462 6465 6468 6471 6474 6477 
6480 6483 6486 6489 6492 6495 6498 6501 6504 
6507 6510 6513 6516 6519 6522 6525 6528 6531 
6534 6537 6540 6543 6546 6549 6552 6555 6558 
6561 6564 6567 6570 6573 6576 6579 6582 6585 
6588 6591 6594 6597 6600 6603 6606 6609 6612 
6615 6618 6621 6624 6627 6630 6633 6636 6639 
6642 6645 6648 6651 6654 6657 6660 6663 6666 
6669 6672 6675 6678 6681 6684 6687 6690 6693 
6696 6699 6702 6705 6708 6711 6714 6717 6720 
6723 6726 6729 6732 6735 6738 6741 6744 6747 
6750 6753 6756 6759 6762 6765 6768 6771 6774 
6777 6780 6783 6786 6789 6792 6795 6798 6801 
6804 6807 6810 6813 6816 6819 6822 6825 6828 
6831 6834 6837 6840 6843 6846 6849 6852 6855 
6858 6861 6864 6867 6870 6873 6876 6879 6882 
6885 6888 6891 6894 6897 6900 6903 6906 6909 
6912 6915 6918 6921 6924 6927 6930 6933 6936 
6939 6942 6945 6948 6951 6954 6957 6960 6963 
6966 6969 6972 6975 6978 6981 6984 6987 6990 
6993 6996 6999 7002 7005 7008 7011 7014 7017 
7020 7023 7026 7029 7032 7035 7038 7041 7044 
7047 7050 7053 7056 7059 7062 7065 7068 7071 
7074 7077 7080 7083 7086 7089 7092 7095 7098 
7101 7104 7107 7110 7113 7116 7119 7122 7125 
7128 7131 7134 7137 7140 7143 7146 7149 7152 
7155 7158 7161 7164 7167 7170 7173 7176 7179 
7182 7185 7188 7191 7194 7197 7200 7203 7206 
7209 7212 7215 7218 7221 7224 7227 7230 7233 
7236 7239 7242 7245 7248 7251 7254 7257 7260 
7263 7266 7269 7272 7275 7278 7281 7284 7287 
7290 7293 7296 7299 7302 7305 7308 7311 7314 
7317 7320 7323 7326 7329 7332 7335 7338 7341 
7344 7347 7350 7353 7356 7359 7362 7365 7368 
7371 7374 7377 7380 7383 7386 7389 7392 7395 
7398 7401 7404 7407 7410 7413 7416 7419 7422 
7425 7428 7431 7434 7437 7440 7443 7446 7449 
7452 7455 7458 7461 7464 7467 7470 7473 7476 
7479 7482 7485 7488 7491 7494 7497 7500 7503 
7506 7509 7512 7515 7518 7521 7524 7527 7530 
7533 7536 7539 7542 7545 7548 7551 7554 7557 
7560 7563 7566 7569 7572 7575 7578 7581 7584 
7587 7590 7593 7596 7599 7602 7605 7608 7611 
7614 7617 7620 7623 7626 7629 7632 7635 7638 
7641 7644 7647 7650 7653 7656 7659 7662 7665 
7668 7671 7674 7677 7680 7683 7686 7689 7692 
7695 7698 7701 7704 7707 7710 7713 7716 7719 
7722 7725 7728 7731 7734 7737 7740 7743 7746 
7749 7752 7755 7758 7761 7764 7767 7770 7773 
7776 7779 7782 7785 7788 7791 7794 7797 7800 
7803 7806 7809 7812 7815 7818 7821 7824 7827 
7830 7833 7836 7839 7842 7845 7848 7851 7854 
7857 7860 7863 7866 7869 7872 7875 7878 7881 
7884 7887 7890 7893 7896 7899 7902 7905 7908 
7911 7914 7917 7920 7923 7926 7929 7932 7935 
7938 7941 7944 7947 7950 7953 7956 7959 7962 
7965 7968 7971 7974 7977 7980 7983 7986 7989 
7992 7995 7998 8001 8004 8007 8010 8013 8016 
8019 8022 8025 8028 8031 8034 8037 8040 8043 
8046 8049 8052 8055 8058 8061 8064 8067 8070 
8073 8076 8079 8082 8085 8088 8091 8094 8097 
8100 8103 8106 8109 8112 8115 8118 8121 8124 
8127 8130 8133 8136 8139 8142 8145 8148 8151 
8154 8157 8160 8163 8166 8169 8172 8175 8178 
8181 8184 8187 8190 8193 8196 8199 8202 8205 
8208 8211 8214 8217 8220 8223 8226 8229 8232 
8235 8238 8241 8244 8247 8250 8253 8256 8259 
8262 8265 8268 8271 8274 8277 8280 8283 8286 
8289 8292 8295 8298 8301 8304 8307 8310 8313 
8316 8319 8322 8325 8328 8331 8334 8337 8340 
8343 8346 8349 8352 8355 8358 8361 8364 8367 
8370 8373 8376 8379 8382 8385 8388 8391 8394 
8397 8400 8403 8406 8409 8412 8415 8418 8421 
8424 8427 8430 8433 8436 8439 8442 8445 8448 
8451 8454 8457 8460 8463 8466 8469 8472 8475 
8478 8481 8484 8487 8490 8493 8496 8499 8502 
8505 8508 8511 8514 8517 8520 8523 8526 8529 
8532 8535 8538 8541 8544 8547 8550 8553 8556 
8559 8562 8565 8568 8571 8574 8577 8580 8583 
8586 8589 8592 8595 8598 8601 8604 8607 8610 
8613 8616 8619 8622 8625 8628 8631 8634 8637 
8640 8643 8646 8649 8652 8655 8658 8661 8664 
8667 8670 8673 8676 8679 8682 8685 8688 8691 
8694 8697 8700 8703 8706 8709 8712 8715 8718 
8721 8724 8727 8730 8733 8736 8739 8742 8745 
8748 8751 8754 8757 8760 8763 8766 8769 8772 
8775 8778 8781 8784 8787 8790 8793 8796 8799 
8802 8805 8808 8811 8814 8817 8820 8823 8826 
8829 8832 8835 8838 8841 8844 8847 8850 8853 
8856 8859 8862 8865 8868 8871 8874 8877 8880 
8883 8886 8889 8892 8895 8898 8901 8904 8907 
8910 8913 8916 8919 8922 8925 8928 8931 8934 
8937 8940 8943 8946 8949 8952 8955 8958 8961 
8964 8967 8970 8973 8976 8979 8982 8985 8988 
8991 8994 8997 9000 9003 9006 9009 9012 9015 
9018 9021 9024 9027 9030 9033 9036 9039 9042 
9045 9048 9051 9054 9057 9060 9063 9066 9069 
9072 9075 9078 9081 9084 9087 9090 9093 9096 
9099 9102 9105 9108 9111 9114 9117 9120 9123 
9126 9129 9132 9135 9138 9141 9144 9147 9150 
9153 9156 9159 9162 9165 9168 9171 9174 9177 
9180 9183 9186 9189 9192 9195 9198 9201 9204 
9207 9210 9213 9216 9219 9222 9225 9228 9231 
9234 9237 9240 9243 9246 9249 9252 9255 9258 
9261 9264 9267 9270 9273 9276 9279 9282 9285 
9288 9291 9294 9297 9300 9303 9306 9309 9312 
9315 9318 9321 9324 9327 9330 9333 9336 9339 
9342 9345 9348 9351 9354 9357 9360 9363 9366 
9369 9372 9375 9378 9381 9384 9387 9390 9393 
9396 9399 9402 9405 9408 9411 9414 9417 9420 
9423 9426 9429 9432 9435 9438 9441 9444 9447 
9450 9453 9456 9459 9462 9465 9468 9471 9474 
9477 9480 9483 9486 9489 9492 9495 9498 9501 
9504 9507 9510 9513 9516 9519 9522 9525 9528 
9531 9534 9537 9540 9543 9546 9549 9552 9555 
9558 9561 9564 9567 9570 9573 9576 9579 9582 
9585 9588 9591 9594 9597 9600 9603 9606 9609 
9612 9615 9618 9621 9624 9627 9630 9633 9636 
9639 9642 9645 9648 9651 9654 9657 9660 9663 
9666 9669 9672 9675 9678 9681 9684 9687 9690 
9693 9696 9699 9702 9705 9708 9711 9714 9717 
9720 9723 9726 9729 9732 9735 9738 9741 9744 
9747 9750 9753 9756 9759 9762 9765 9768 9771 
9774 9777 9780 9783 9786 9789 9792 9795 9798 
9801 9804 9807 9810 9813 9816 9819 9822 9825 
9828 9831 9834 9837 9840 9843 9846 9849 9852 
9855 9858 9861 9864 9867 9870 9873 9876 9879 
9882 9885 9888 9891 9894 9897 9900 9903 9906 
9909 9912 9915 9918 9921 9924 9927 9930 9933 
9936 9939 9942 9945 9948 9951 9954 9957 9960 
9963 9966 9969 9972 9975 9978 9981 9984 9987 
9990 9993 9996 9999 10002 10005 10008 10011 10014 
10017 10020 10023 10026 10029 10032 10035 10038 10041 
10044 10047 10050 10053 10056 10059 10062 10065 10068 
10071 10074 10077 10080 10083 10086 10089 10092 10095 
10098 10101 10104 10107 10110 10113 10116 10119 10122 
10125 10128 10131 10134 10137 10140 10143 10146 10149 
10152 10155 10158 10161 10164 10167 10170 10173 10176 
10179 10182 10185 10188 10191 10194 10197 10200 10203 
10206 10209 10212 10215 10218 10221 10224 10227 10230 
10233 10236 10239 10242 10245 10248 10251 10254 10257 
10260 10263 10266 10269 10272 10275 10278 10281 10284 
10287 10290 10293 10296 10299 10302 10305 10308 10311 
10314 10317 10320 10323 10326 10329 10332 10335 10338 
10341 10344 10347 10350 10353 10356 10359 10362 10365 
10368 10371 10374 10377 10380 10383 10386 10389 10392 
10395 10398 10401 10404 10407 10410 10413 10416 10419 
10422 10425 10428 10431 10434 10437 10440 10443 10446 
10449 10452 10455 10458 10461 10464 10467 10470 10473 
10476 10479 10482 10485 10488 10491 10494 10497 10500 
10503 10506 10509 10512 10515 10518 10521 10524 10527 
10530 10533 10536 10539 10542 10545 10548 10551 10554 
10557 10560 10563 10566 10569 10572 10575 10578 10581 
10584 10587 10590 10593 10596 10599 10602 10605 10608 
10611 10614 10617 10620 10623 10626 10629 10632 10635 
10638 10641 10644 10647 10650 10653 10656 10659 10662 
10665 10668 10671 10674 10677 10680 10683 10686 10689 
10692 10695 10698 10701 10704 10707 10710 10713 10716 
10719 10722 10725 10728 10731 10734 10737 10740 10743 
10746 10749 10752 10755 10758 10761 10764 10767 10770 
10773 10776 10779 10782 10785 10788 10791 10794 10797 
10800 10803 10806 10809 10812 10815 10818 10821 10824 
10827 10830 10833 10836 10839 10842 10845 10848 10851 
10854 10857 10860 10863 10866 10869 10872 10875 10878 
10881 10884 10887 10890 10893 10896 10899 10902 10905 
10908 10911 10914 10917 10920 10923 10926 10929 10932 
10935 10938 10941 10944 10947 10950 10953 10956 10959 
10962 10965 10968 10971 10974 10977 10980 10983 10986 
10989 10992 10995 10998 11001 11004 11007 11010 11013 
11016 11019 11022 11025 11028 11031 11034 11037 11040 
11043 11046 11049 11052 11055 11058 11061 11064 11067 
11070 11073 11076 11079 11082 11085 11088 11091 11094 
11097 11100 11103 11106 11109 11112 11115 11118 11121 
11124 11127 11130 11133 11136 11139 11142 11145 11148 
11151 11154 11157 11160 11163 11166 11169 11172 11175 
11178 11181 11184 11187 11190 11193 11196 11199 11202 
11205 11208 11211 11214 11217 11220 11223 11226 11229 
11232 11235 11238 11241 11244 11247 11250 11253 11256 
11259 11262 11265 11268 11271 11274 11277 11280 11283 
11286 11289 11292 11295 11298 11301 11304 11307 11310 
11313 11316 11319 11322 11325 11328 11331 11334 11337 
11340 11343 11346 11349 11352 11355 11358 11361 11364 
11367 11370 11373 11376 11379 11382 11385 11388 11391 
11394 11397 11400 11403 11406 11409 11412 11415 11418 
11421 11424 11427 11430 11433 11436 11439 11442 11445 
11448 11451 11454 11457 11460 11463 11466 11469 11472 
11475 11478 11481 11484 11487 11490 11493 11496 11499 
11502 11505 11508 11511 11514 11517 11520 11523 11526 
11529 11532 11535 11538 11541 11544 11547 11550 11553 
11556 11559 11562 11565 11568 11571 11574 11577 11580 
11583 11586 11589 11592 11595 11598 11601 11604 11607 
11610 11613 11616 11619 11622 11625 11628 11631 11634 
11637 11640 11643 11646 11649 11652 11655 11658 11661 
11664 11667 11670 11673 11676 11679 11682 11685 11688 
11691 11694 11697 11700 11703 11706 11709 11712 11715 
11718 11721 11724 11727 11730 11733 11736 11739 11742 
11745 11748 11751 11754 11757 11760 11763 11766 11769 
11772 11775 11778 11781 11784 11787 11790 11793 11796 
11799 11802 11805 11808 11811 11814 11817 11820 11823 
11826 11829 11832 11835 11838 11841 11844 11847 11850 
11853 11856 11859 11862 11865 11868 11871 11874 11877 
11880 11883 11886 11889 11892 11895 11898 11901 11904 
11907 11910 11913 11916 11919 11922 11925 11928 11931 
11934 11937 11940 11943 11946 11949 11952 11955 11958 
11961 11964 11967 11970 11973 11976 11979 11982 11985 
11988 11991 11994 11997 12000 12003 12006 12009 12012 
12015 12018 12021 12024 12027 12030 12033 12036 12039 
12042 12045 12048 12051 12054 12057 12060 12063 12066 
12069 12072 12075 12078 12081 12084 12087 12090 12093 
12096 12099 12102 12105 12108 12111 12114 12117 12120 
12123 12126 12129 12132 12135 12138 12141 12144 12147 
12150 12153 12156 12159 12162 12165 12168 12171 12174 
12177 12180 12183 12186 12189 12192 12195 12198 12201 
12204 12207 12210 12213 12216 12219 12222 12225 12228 
12231 12234 12237 12240 12243 12246 12249 12252 12255 
12258 12261 12264 12267 12270 12273 12276 12279 12282 
12285 12288 12291 12294 12297 12300 12303 12306 12309 
12312 12315 12318 12321 12324 12327 12330 12333 12336 
12339 12342 12345 12348 12351 12354 12357 12360 12363 
12366 12369 12372 12375 12378 12381 12384 12387 12390 
12393 12396 12399 12402 12405 12408 12411 12414 12417 
12420 12423 12426 12429 12432 12435 12438 12441 12444 
12447 12450 12453 12456 12459 12462 12465 12468 12471 
12474 12477 12480 12483 12486 12489 12492 12495 12498 
12501 12504 12507 12510 12513 12516 12519 12522 12525 
12528 12531 12534 12537 12540 12543 12546 12549 12552 
12555 12558 12561 12564 12567 12570 12573 12576 12579 
12582 12585 12588 12591 12594 12597 12600 12603 12606 
12609 12612 12615 12618 12621 12624 12627 12630 12633 
12636 12639 12642 12645 12648 12651 12654 12657 12660 
12663 12666 12669 12672 12675 12678 12681 12684 12687 
12690 12693 12696 12699 12702 12705 12708 12711 12714 
12717 12720 12723 12726 12729 12732 12735 12738 12741 
12744 12747 12750 12753 12756 12759 12762 12765 12768 
12771 12774 12777 12780 12783 12786 12789 12792 12795 
12798 12801 12804 12807 12810 12813 12816 12819 12822 
12825 12828 12831 12834 12837 12840 12843 12846 12849 
12852 12855 12858 12861 12864 12867 12870 12873 12876 
12879 12882 12885 12888 12891 12894 12897 12900 12903 
12906 12909 12912 12915 12918 12921 12924 12927 12930 
12933 12936 12939 12942 12945 12948 12951 12954 12957 
12960 12963 12966 12969 12972 12975 12978 12981 12984 
12987 12990 12993 12996 12999 13002 13005 13008 13011 
13014 13017 13020 13023 13026 13029 13032 13035 13038 
13041 13044 13047 13050 13053 13056 13059 13062 13065 
13068 13071 13074 13077 13080 13083 13086 13089 13092 
13095 13098 13101 13104 13107 13110 13113 13116 13119 
13122 13125 13128 13131 13134 13137 13140 13143 13146 
13149 13152 13155 13158 13161 13164 13167 13170 13173 
13176 13179 13182 13185 13188 13191 13194 13197 13200 
13203 13206 13209 13212 13215 13218 13221 13224 13227 
13230 13233 13236 13239 13242 13245 13248 13251 13254 
13257 13260 13263 13266 13269 13272 13275 13278 13281 
13284 13287 13290 13293 13296 13299 13302 13305 13308 
13311 13314 13317 13320 13323 13326 13329 13332 13335 
13338 13341 13344 13347 13350 13353 13356 13359 13362 
13365 13368 13371 13374 13377 13380 13383 13386 13389 
13392 13395 13398 13401 13404 13407 13410 13413 13416 
13419 13422 13425 13428 13431 13434 13437 13440 13443 
13446 13449 13452 13455 13458 13461 13464 13467 13470 
13473 13476 13479 13482 13485 13488 13491 13494 13497 
13500 13503 13506 13509 13512 13515 13518 13521 13524 
13527 13530 13533 13536 13539 13542 13545 13548 13551 
13554 13557 13560 13563 13566 13569 13572 13575 13578 
13581 13584 13587 13590 13593 13596 13599 13602 13605 
13608 13611 13614 13617 13620 13623 13626 13629 13632 
13635 13638 13641 13644 13647 13650 13653 13656 13659 
13662 13665 13668 13671 13674 13677 13680 13683 13686 
13689 13692 13695 13698 13701 13704 13707 13710 13713 
13716 13719 13722 13725 13728 13731 13734 13737 13740 
13743 13746 13749 13752 13755 13758 13761 13764 13767 
13770 13773 13776 13779 13782 13785 13788 13791 13794 
13797 13800 13803 13806 13809 13812 13815 13818 13821 
13824 13827 13830 13833 13836 13839 13842 13845 13848 
13851 13854 13857 13860 13863 13866 13869 13872 13875 
13878 13881 13884 13887 13890 13893 13896 13899 13902 
13905 13908 13911 13914 13917 13920 13923 13926 13929 
13932 13935 13938 13941 13944 13947 13950 13953 13956 
13959 13962 13965 13968 13971 13974 13977 13980 13983 
13986 13989 13992 13995 13998 14001 14004 14007 14010 
14013 14016 14019 14022 14025 14028 14031 14034 14037 
14040 14043 14046 14049 14052 14055 14058 14061 14064 
14067 14070 14073 14076 14079 14082 14085 14088 14091 
14094 14097 14100 14103 14106 14109 14112 14115 14118 
14121 14124 14127 14130 14133 14136 14139 14142 14145 
14148 14151 14154 14157 14160 14163 14166 14169 14172 
14175 14178 14181 14184 14187 14190 14193 14196 14199 
14202 14205 14208 14211 14214 14217 14220 14223 14226 
14229 14232 14235 14238 14241 14244 14247 14250 14253 
14256 14259 14262 14265 14268 14271 14274 14277 14280 
14283 14286 14289 14292 14295 14298 14301 14304 14307 
14310 14313 14316 14319 14322 14325 14328 14331 14334 
14337 14340 14343 14346 14349 14352 14355 14358 14361 
14364 14367 14370 14373 14376 14379 14382 14385 14388 
14391 14394 14397 14400 14403 14406 14409 14412 14415 
14418 14421 14424 14427 14430 14433 14436 14439 14442 
14445 14448 14451 14454 14457 14460 14463 14466 14469 
14472 14475 14478 14481 14484 14487 14490 14493 14496 
14499 14502 14505 14508 14511 14514 14517 14520 14523 
14526 14529 14532 14535 14538 14541 14544 14547 14550 
14553 14556 14559 14562 14565 14568 14571 14574 14577 
14580 14583 14586 14589 14592 14595 14598 14601 14604 
14607 14610 14613 14616 14619 14622 14625 14628 14631 
14634 14637 14640 14643 14646 14649 14652 14655 14658 
14661 14664 14667 14670 14673 14676 14679 14682 14685 
14688 14691 14694 14697 14700 14703 14706 14709 14712 
14715 14718 14721 14724 14727 14730 14733 14736 14739 
14742 14745 14748 14751 14754 14757 14760 14763 14766 
14769 14772 14775 14778 14781 14784 14787 14790 14793 
14796 14799 14802 14805 14808 14811 14814 14817 14820 
14823 14826 14829 14832 14835 14838 14841 14844 14847 
14850 14853 14856 14859 14862 14865 14868 14871 14874 
14877 14880 14883 14886 14889 14892 14895 14898 14901 
14904 14907 14910 14913 14916 14919 14922 14925 14928 
14931 14934 14937 14940 14943 14946 14949 14952 14955 
14958 14961 14964 14967 14970 14973 14976 14979 14982 
14985 14988 14991 14994 14997 15000 15003 15006 15009 
15012 15015 15018 15021 15024 15027 15030 15033 15036 
15039 15042 15045 15048 15051 15054 15057 15060 15063 
15066 15069 15072 15075 15078 15081 15084 15087 15090 
15093 15096 15099 15102 15105 15108 15111 15114 15117 
15120 15123 15126 15129 15132 15135 15138 15141 15144 
15147 15150 15153 15156 15159 15162 15165 15168 15171 
15174 15177 15180 15183 15186 15189 15192 15195 15198 
15201 15204 15207 15210 15213 15216 15219 15222 15225 
15228 15231 15234 15237 15240 15243 15246 15249 15252 
15255 15258 15261 15264 15267 15270 15273 15276 15279 
15282 15285 15288 15291 15294 15297 15300 15303 15306 
15309 15312 15315 15318 15321 15324 15327 15330 15333 
15336 15339 15342 15345 15348 15351 15354 15357 15360 
15363 15366 15369 15372 15375 15378 15381 15384 15387 
15390 15393 15396 15399 15402 15405 15408 15411 15414 
15417 15420 15423 15426 15429 15432 15435 15438 15441 
15444 15447 15450 15453 15456 15459 15462 15465 15468 
15471 15474 15477 15480 15483 15486 15489 15492 15495 
15498 15501 15504 15507 15510 15513 15516 15519 15522 
15525 15528 15531 15534 15537 15540 15543 15546 15549 
15552 15555 15558 15561 15564 15567 15570 15573 15576 
15579 15582 15585 15588 15591 15594 15597 15600 15603 
15606 15609 15612 15615 15618 15621 15624 15627 15630 
15633 15636 15639 15642 15645 15648 15651 15654 15657 
15660 15663 15666 15669 15672 15675 15678 15681 15684 
15687 15690 15693 15696 15699 15702 15705 15708 15711 
15714 15717 15720 15723 15726 15729 15732 15735 15738 
15741 15744 15747 15750 15753 15756 15759 15762 15765 
15768 15771 15774 15777 15780 15783 15786 15789 15792 
15795 15798 15801 15804 15807 15810 15813 15816 15819 
15822 15825 15828 15831 15834 15837 15840 15843 15846 
15849 15852 15855 15858 15861 15864 15867 15870 15873 
15876 15879 15882 15885 15888 15891 15894 15897 15900 
15903 15906 15909 15912 15915 15918 15921 15924 15927 
15930 15933 15936 15939 15942 15945 15948 15951 15954 
15957 15960 15963 15966 15969 15972 15975 15978 15981 
15984 15987 15990 15993 15996 15999 16002 16005 16008 
16011 16014 16017 16020 16023 16026 16029 16032 16035 
16038 16041 16044 16047 16050 16053 16056 16059 16062 
16065 16068 16071 16074 16077 16080 16083 16086 16089 
16092 16095 16098 16101 16104 16107 16110 16113 16116 
16119 16122 16125 16128 16131 16134 16137 16140 16143 
16146 16149 16152 16155 16158 16161 16164 16167 16170 
16173 16176 16179 16182 16185 16188 16191 16194 16197 
16200 16203 16206 16209 16212 16215 16218 16221 16224 
16227 16230 16233 16236 16239 16242 16245 16248 16251 
16254 16257 16260 16263 16266 16269 16272 16275 16278 
16281 16284 16287 16290 16293 16296 16299 16302 16305 
16308 16311 16314 16317 16320 16323 16326 16329 16332 
16335 16338 16341 16344 16347 16350 16353 16356 16359 
16362 16365 16368 16371 16374 16377 16380 16383 16386 
16389 16392 16395 16398 16401 16404 16407 16410 16413 
16416 16419 16422 16425 16428 16431 16434 16437 16440 
16443 16446 16449 16452 16455 16458 16461 16464 16467 
16470 16473 16476 16479 16482 16485 16488 16491 16494 
16497 16500 16503 16506 16509 16512 16515 16518 16521 
16524 16527 16530 16533 16536 16539 16542 16545 16548 
16551 16554 16557 16560 16563 16566 16569 16572 16575 
16578 16581 16584 16587 16590 16593 16596 16599 16602 
16605 16608 16611 16614 16617 16620 16623 16626 16629 
16632 16635 16638 16641 16644 16647 16650 16653 16656 
16659 16662 16665 16668 16671 16674 16677 16680 16683 
16686 16689 16692 16695 16698 16701 16704 16707 16710 
16713 16716 16719 16722 16725 16728 16731 16734 16737 
16740 16743 16746 16749 16752 16755 16758 16761 16764 
16767 16770 16773 16776 16779 16782 16785 16788 16791 
16794 16797 16800 16803 16806 16809 16812 16815 16818 
16821 16824 16827 16830 16833 16836 16839 16842 16845 
16848 16851 16854 16857 16860 16863 16866 16869 16872 
16875 16878 16881 16884 16887 16890 16893 16896 16899 
16902 16905 16908 16911 16914 16917 16920 16923 16926 
16929 16932 16935 16938 16941 16944 16947 16950 16953 
16956 16959 16962 16965 16968 16971 16974 16977 16980 
16983 16986 16989 16992 16995 16998 17001 17004 17007 
17010 17013 17016 17019 17022 17025 17028 17031 17034 
17037 17040 17043 17046 17049 17052 17055 17058 17061 
17064 17067 17070 17073 17076 17079 17082 17085 17088 
17091 17094 17097 17100 17103 17106 17109 17112 17115 
17118 17121 17124 17127 17130 17133 17136 17139 17142 
17145 17148 17151 17154 17157 17160 17163 17166 17169 
17172 17175 17178 17181 17184 17187 17190 17193 17196 
17199 17202 17205 17208 17211 17214 17217 17220 17223 
17226 17229 17232 17235 17238 17241 17244 17247 17250 
17253 17256 17259 17262 17265 17268 17271 17274 17277 
17280 17283 17286 17289 17292 17295 17298 17301 17304 
17307 17310 17313 17316 17319 17322 17325 17328 17331 
17334 17337 17340 17343 17346 17349 17352 17355 17358 
17361 17364 17367 17370 17373 17376 17379 17382 17385 
17388 17391 17394 17397 17400 17403 17406 17409 17412 
17415 17418 17421 17424 17427 17430 17433 17436 17439 
17442 17445 17448 17451 17454 17457 17460 17463 17466 
17469 17472 17475 17478 17481 17484 17487 17490 17493 
17496 17499 17502 17505 17508 17511 17514 17517 17520 
17523 17526 17529 17532 17535 17538 17541 17544 17547 
17550 17553 17556 17559 17562 17565 17568 17571 17574 
17577 17580 17583 17586 17589 17592 17595 17598 17601 
17604 17607 17610 17613 17616 17619 17622 17625 17628 
17631 17634 17637 17640 17643 17646 17649 17652 17655 
17658 17661 17664 17667 17670 17673 17676 17679 17682 
17685 17688 17691 17694 17697 17700 17703 17706 17709 
17712 17715 17718 17721 17724 17727 17730 17733 17736 
17739 17742 17745 17748 17751 17754 17757 17760 17763 
17766 17769 17772 17775 17778 17781 17784 17787 17790 
17793 17796 17799 17802 17805 17808 17811 17814 17817 
17820 17823 17826 17829 17832 17835 17838 17841 17844 
17847 17850 17853 17856 17859 17862 17865 17868 17871 
17874 17877 17880 17883 17886 17889 17892 17895 17898 
17901 17904 17907 17910 17913 17916 17919 17922 17925 
17928 17931 17934 17937 17940 17943 17946 17949 17952 
17955 17958 17961 17964 17967 17970 17973 17976 17979 
17982 17985 17988 17991 17994 17997 18000 18003 18006 
18009 18012 18015 18018 18021 18024 18027 18030 18033 
18036 18039 18042 18045 18048 18051 18054 18057 18060 
18063 18066 18069 18072 18075 18078 18081 18084 18087 
18090 18093 18096 18099 18102 18105 18108 18111 18114 
18117 18120 18123 18126 18129 18132 18135 18138 18141 
18144 18147 18150 18153 18156 18159 18162 18165 18168 
18171 18174 18177 18180 18183 18186 18189 18192 18195 
18198 18201 18204 18207 18210 18213 18216 18219 18222 
18225 18228 18231 18234 18237 18240 18243 18246 18249 
18252 18255 18258 18261 18264 18267 18270 18273 18276 
18279 18282 18285 18288 18291 18294 18297 18300 18303 
18306 18309 18312 18315 18318 18321 18324 18327 18330 
18333 18336 18339 18342 18345 18348 18351 18354 18357 
18360 18363 18366 18369 18372 18375 18378 18381 18384 
18387 18390 18393 18396 18399 18402 18405 18408 18411 
18414 18417 18420 18423 18426 18429 18432 18435 18438 
18441 18444 18447 18450 18453 18456 18459 18462 18465 
18468 18471 18474 18477 18480 18483 18486 18489 18492 
18495 18498 18501 18504 18507 18510 18513 18516 18519 
18522 18525 18528 18531 18534 18537 18540 18543 18546 
18549 18552 18555 18558 18561 18564 18567 18570 18573 
18576 18579 18582 18585 18588 18591 18594 18597 18600 
18603 18606 18609 18612 18615 18618 18621 18624 18627 
18630 18633 18636 18639 18642 18645 18648 18651 18654 
18657 18660 18663 18666 18669 18672 18675 18678 18681 
18684 18687 18690 18693 18696 18699 18702 18705 18708 
18711 18714 18717 18720 18723 18726 18729 18732 18735 
18738 18741 18744 18747 18750 18753 18756 18759 18762 
18765 18768 18771 18774 18777 18780 18783 18786 18789 
18792 18795 18798 18801 18804 18807 18810 18813 18816 
18819 18822 18825 18828 18831 18834 18837 18840 18843 
18846 18849 18852 18855 18858 18861 18864 18867 18870 
18873 18876 18879 18882 18885 18888 18891 18894 18897 
18900 18903 18906 18909 18912 18915 18918 18921 18924 
18927 18930 18933 18936 18939 18942 18945 18948 18951 
18954 18957 18960 18963 18966 18969 18972 18975 18978 
18981 18984 18987 18990 18993 18996 18999 19002 19005 
19008 19011 19014 19017 19020 19023 19026 19029 19032 
19035 19038 19041 19044 19047 19050 19053 19056 19059 
19062 19065 19068 19071 19074 19077 19080 19083 19086 
19089 19092 19095 19098 19101 19104 19107 19110 19113 
19116 19119 19122 19125 19128 19131 19134 19137 19140 
19143 19146 19149 19152 19155 19158 19161 19164 19167 
19170 19173 19176 19179 19182 19185 19188 19191 19194 
19197 19200 19203 19206 19209 19212 19215 19218 19221 
19224 19227 19230 19233 19236 19239 19242 19245 19248 
19251 19254 19257 19260 19263 19266 19269 19272 19275 
19278 19281 19284 19287 19290 19293 19296 19299 19302 
19305 19308 19311 19314 19317 19320 19323 19326 19329 
19332 19335 19338 19341 19344 19347 19350 19353 19356 
19359 19362 19365 19368 19371 19374 19377 19380 19383 
19386 19389 19392 19395 19398 19401 19404 19407 19410 
19413 19416 19419 19422 19425 19428 19431 19434 19437 
19440 19443 19446 19449 19452 19455 19458 19461 19464 
19467 19470 19473 19476 19479 19482 19485 19488 19491 
19494 19497 19500 19503 19506 19509 19512 19515 19518 
19521 19524 19527 19530 19533 19536 19539 19542 19545 
19548 19551 19554 19557 19560 19563 19566 19569 19572 
19575 19578 19581 19584 19587 19590 19593 19596 19599 
19602 19605 19608 19611 19614 19617 19620 19623 19626 
19629 19632 19635 19638 19641 19644 19647 19650 19653 
19656 19659 19662 19665 19668 19671 19674 19677 19680 
19683 19686 19689 19692 19695 19698 19701 19704 19707 
19710 19713 19716 19719 19722 19725 19728 19731 19734 
19737 19740 19743 19746 19749 19752 19755 19758 19761 
19764 19767 19770 19773 19776 19779 19782 19785 19788 
19791 19794 19797 19800 19803 19806 19809 19812 19815 
19818 19821 19824 19827 19830 19833 19836 19839 19842 
19845 19848 19851 19854 19857 19860 19863 19866 19869 
19872 19875 19878 19881 19884 19887 19890 19893 19896 
19899 19902 19905 19908 19911 19914 19917 19920 19923 
19926 19929 19932 19935 19938 19941 19944 19947 19950 
19953 19956 19959 19962 19965 19968 19971 19974 19977 
19980 19983 19986 19989 19992 19995 19998 20001 20004 
20007 20010 20013 20016 20019 20022 20025 20028 20031 
20034 20037 20040 20043 20046 20049 20052 20055 20058 
20061 20064 20067 20070 20073 20076 20079 20082 20085 
20088 20091 20094 20097 20100 20103 20106 20109 20112 
20115 20118 20121 20124 20127 20130 20133 20136 20139 
20142 20145 20148 20151 20154 20157 20160 20163 20166 
20169 20172 20175 20178 20181 20184 20187 20190 20193 
20196 20199 20202 20205 20208 20211 20214 20217 20220 
20223 20226 20229 20232 20235 20238 20241 20244 20247 
20250 20253 20256 20259 20262 20265 20268 20271 20274 
20277 20280 20283 20286 20289 20292 20295 20298 20301 
20304 20307 20310 20313 20316 20319 20322 20325 20328 
20331 20334 20337 20340 20343 20346 20349 20352 20355 
20358 20361 20364 20367 20370 20373 20376 20379 20382 
20385 20388 20391 20394 20397 20400 20403 20406 20409 
20412 20415 20418 20421 20424 20427 20430 20433 20436 
20439 20442 20445 20448 20451 20454 20457 20460 20463 
20466 20469 20472 20475 20478 20481 20484 20487 20490 
20493 20496 20499 20502 20505 20508 20511 20514 20517 
20520 20523 20526 20529 20532 20535 20538 20541 20544 
20547 20550 20553 20556 20559 20562 20565 20568 20571 
20574 20577 20580 20583 20586 20589 20592 20595 20598 
20601 20604 20607 20610 20613 20616 20619 20622 20625 
20628 20631 20634 20637 20640 20643 20646 20649 20652 
20655 20658 20661 20664 20667 20670 20673 20676 20679 
20682 20685 20688 20691 20694 20697 20700 20703 20706 
20709 20712 20715 20718 20721 20724 20727 20730 20733 
20736 20739 20742 20745 20748 20751 20754 20757 20760 
20763 20766 20769 20772 20775 20778 20781 20784 20787 
20790 20793 20796 20799 20802 20805 20808 20811 20814 
20817 20820 20823 20826 20829 20832 20835 20838 20841 
20844 20847 20850 20853 20856 20859 20862 20865 20868 
20871 20874 20877 20880 20883 20886 20889 20892 20895 
20898 20901 20904 20907 20910 20913 20916 20919 20922 
20925 20928 20931 20934 20937 20940 20943 20946 20949 
20952 20955 20958 20961 20964 20967 20970 20973 20976 
20979 20982 20985 20988 20991 20994 20997 21000 21003 
21006 21009 21012 21015 21018 21021 21024 21027 21030 
21033 21036 21039 21042 21045 21048 21051 21054 21057 
21060 21063 21066 21069 21072 21075 21078 21081 21084 
21087 21090 21093 21096 21099 21102 21105 21108 21111 
21114 21117 21120 21123 21126 21129 21132 21135 21138 
21141 21144 21147 21150 21153 21156 21159 21162 21165 
21168 21171 21174 21177 21180 21183 21186 21189 21192 
21195 21198 21201 21204 21207 21210 21213 21216 21219 
21222 21225 21228 21231 21234 21237 21240 21243 21246 
21249 21252 21255 21258 21261 21264 21267 21270 21273 
21276 21279 21282 21285 21288 21291 21294 21297 21300 
21303 21306 21309 21312 21315 21318 21321 21324 21327 
21330 21333 21336 21339 21342 21345 21348 21351 21354 
21357 21360 21363 21366 21369 21372 21375 21378 21381 
21384 21387 21390 21393 21396 21399 21402 21405 21408 
21411 21414 21417 21420 21423 21426 21429 21432 21435 
21438 21441 21444 21447 21450 21453 21456 21459 21462 
21465 21468 21471 21474 21477 21480 21483 21486 21489 
21492 21495 21498 21501 21504 21507 21510 21513 21516 
21519 21522 21525 21528 21531 21534 21537 21540 21543 
21546 21549 21552 21555 21558 21561 21564 21567 21570 
21573 21576 21579 21582 21585 21588 21591 21594 21597 
21600 21603 21606 21609 21612 21615 21618 21621 21624 
21627 21630 21633 21636 21639 21642 21645 21648 21651 
21654 21657 21660 21663 21666 21669 21672 21675 21678 
21681 21684 21687 21690 21693 21696 21699 21702 21705 
21708 21711 21714 21717 21720 21723 21726 21729 21732 
21735 21738 21741 21744 21747 21750 21753 21756 21759 
21762 21765 21768 21771 21774 21777 21780 21783 21786 
21789 21792 21795 21798 21801 21804 21807 21810 21813 
21816 21819 21822 21825 21828 21831 21834 21837 21840 
21843 21846 21849 21852 21855 21858 21861 21864 21867 
21870 21873 21876 21879 21882 21885 21888 21891 21894 
21897 21900 21903 21906 21909 21912 21915 21918 21921 
21924 21927 21930 21933 21936 21939 21942 21945 21948 
21951 21954 21957 21960 21963 21966 21969 21972 21975 
21978 21981 21984 21987 21990 21993 21996 21999 22002 
22005 22008 22011 22014 22017 22020 22023 22026 22029 
22032 22035 22038 22041 22044 22047 22050 22053 22056 
22059 22062 22065 22068 22071 22074 22077 22080 22083 
22086 22089 22092 22095 22098 22101 22104 22107 22110 
22113 22116 22119 22122 22125 22128 22131 22134 22137 
22140 22143 22146 22149 22152 22155 22158 22161 22164 
22167 22170 22173 22176 22179 22182 22185 22188 22191 
22194 22197 22200 22203 22206 22209 22212 22215 22218 
22221 22224 22227 22230 22233 22236 22239 22242 22245 
22248 22251 22254 22257 22260 22263 22266 22269 22272 
22275 22278 22281 22284 22287 22290 22293 22296 22299 
22302 22305 22308 22311 22314 22317 22320 22323 22326 
22329 22332 22335 22338 22341 22344 22347 22350 22353 
22356 22359 22362 22365 22368 22371 22374 22377 22380 
22383 22386 22389 22392 22395 22398 22401 22404 22407 
22410 22413 22416 22419 22422 22425 22428 22431 22434 
22437 22440 22443 22446 22449 22452 22455 22458 22461 
22464 22467 22470 22473 22476 22479 22482 22485 22488 
22491 22494 22497 22500 22503 22506 22509 22512 22515 
22518 22521 22524 22527 22530 22533 22536 22539 22542 
22545 22548 22551 22554 22557 22560 22563 22566 22569 
22572 22575 22578 22581 22584 22587 22590 22593 22596 
22599 22602 22605 22608 22611 22614 22617 22620 22623 
22626 22629 22632 22635 22638 22641 22644 22647 22650 
22653 22656 22659 22662 22665 22668 22671 22674 22677 
22680 22683 22686 22689 22692 22695 22698 22701 22704 
22707 22710 22713 22716 22719 22722 22725 22728 22731 
22734 22737 22740 22743 22746 22749 22752 22755 22758 
22761 22764 22767 22770 22773 22776 22779 22782 22785 
22788 22791 22794 22797 22800 22803 22806 22809 22812 
22815 22818 22821 22824 22827 22830 22833 22836 22839 
22842 22845 22848 22851 22854 22857 22860 22863 22866 
22869 22872 22875 22878 22881 22884 22887 22890 22893 
22896 22899 22902 22905 22908 22911 22914 22917 22920 
22923 22926 22929 22932 22935 22938 22941 22944 22947 
22950 22953 22956 22959 22962 22965 22968 22971 22974 
22977 22980 22983 22986 22989 22992 22995 22998 23001 
23004 23007 23010 23013 23016 23019 23022 23025 23028 
23031 23034 23037 23040 23043 23046 23049 23052 23055 
23058 23061 23064 23067 23070 23073 23076 23079 23082 
23085 23088 23091 23094 23097 23100 23103 23106 23109 
23112 23115 23118 23121 23124 23127 23130 23133 23136 
23139 23142 23145 23148 23151 23154 23157 23160 23163 
23166 23169 23172 23175 23178 23181 23184 23187 23190 
23193 23196 23199 23202 23205 23208 23211 23214 23217 
23220 23223 23226 23229 23232 23235 23238 23241 23244 
23247 23250 23253 23256 23259 23262 23265 23268 23271 
23274 23277 23280 23283 23286 23289 23292 23295 23298 
23301 23304 23307 23310 23313 23316 23319 23322 23325 
23328 23331 23334 23337 23340 23343 23346 23349 23352 
23355 23358 23361 23364 23367 23370 23373 23376 23379 
23382 23385 23388 23391 23394 23397 23400 23403 23406 
23409 23412 23415 23418 23421 23424 23427 23430 23433 
23436 23439 23442 23445 23448 23451 23454 23457 23460 
23463 23466 23469 23472 23475 23478 23481 23484 23487 
23490 23493 23496 23499 23502 23505 23508 23511 23514 
23517 23520 23523 23526 23529 23532 23535 23538 23541 
23544 23547 23550 23553 23556 23559 23562 23565 23568 
23571 23574 23577 23580 23583 23586 23589 23592 23595 
23598 23601 23604 23607 23610 23613 23616 23619 23622 
23625 23628 23631 23634 23637 23640 23643 23646 23649 
23652 23655 23658 23661 23664 23667 23670 23673 23676 
23679 23682 23685 23688 23691 23694 23697 23700 23703 
23706 23709 23712 23715 23718 23721 23724 23727 23730 
23733 23736 23739 23742 23745 23748 23751 23754 23757 
23760 23763 23766 23769 23772 23775 23778 23781 23784 
23787 23790 23793 23796 23799 23802 23805 23808 23811 
23814 23817 23820 23823 23826 23829 23832 23835 23838 
23841 23844 23847 23850 23853 23856 23859 23862 23865 
23868 23871 23874 23877 23880 23883 23886 23889 23892 
23895 23898 23901 23904 23907 23910 23913 23916 23919 
23922 23925 23928 23931 23934 23937 23940 23943 23946 
23949 23952 23955 23958 23961 23964 23967 23970 23973 
23976 23979 23982 23985 23988 23991 23994 23997 24000 
24003 24006 24009 24012 24015 24018 24021 24024 24027 
24030 24033 24036 24039 24042 24045 24048 24051 24054 
24057 24060 24063 24066 24069 24072 24075 24078 24081 
24084 24087 24090 24093 24096 24099 24102 24105 24108 
24111 24114 24117 24120 24123 24126 24129 24132 24135 
24138 24141 24144 24147 24150 24153 24156 24159 24162 
24165 24168 24171 24174 24177 24180 24183 24186 24189 
24192 24195 24198 24201 24204 24207 24210 24213 24216 
24219 24222 24225 24228 24231 24234 24237 24240 24243 
24246 24249 24252 24255 24258 24261 24264 24267 24270 
24273 24276 24279 24282 24285 24288 24291 24294 24297 
24300 24303 24306 24309 24312 24315 24318 24321 24324 
24327 24330 24333 24336 24339 24342 24345 24348 24351 
24354 24357 24360 24363 24366 24369 24372 24375 24378 
24381 24384 24387 24390 24393 24396 24399 24402 24405 
24408 24411 24414 24417 24420 24423 24426 24429 24432 
24435 24438 24441 24444 24447 24450 24453 24456 24459 
24462 24465 24468 24471 24474 24477 24480 24483 24486 
24489 24492 24495 24498 24501 24504 24507 24510 24513 
24516 24519 24522 24525 24528 24531 24534 24537 24540 
24543 24546 24549 24552 24555 24558 24561 24564 24567 
24570 24573 24576 24579 24582 24585 24588 24591 24594 
24597 24600 24603 24606 24609 24612 24615 24618 24621 
24624 24627 24630 24633 24636 24639 24642 24645 24648 
24651 24654 24657 24660 24663 24666 24669 24672 24675 
24678 24681 24684 24687 24690 24693 24696 24699 24702 
24705 24708 24711 24714 24717 24720 24723 24726 24729 
24732 24735 24738 24741 24744 24747 24750 24753 24756 
24759 24762 24765 24768 24771 24774 24777 24780 24783 
24786 24789 24792 24795 24798 24801 24804 24807 24810 
24813 24816 24819 24822 24825 24828 24831 24834 24837 
24840 24843 24846 24849 24852 24855 24858 24861 24864 
24867 24870 24873 24876 24879 24882 24885 24888 24891 
24894 24897 24900 24903 24906 24909 24912 24915 24918 
24921 24924 24927 24930 24933 24936 24939 24942 24945 
24948 24951 24954 24957 24960 24963 24966 24969 24972 
24975 24978 24981 24984 24987 24990 24993 24996 24999 
25002 25005 25008 25011 25014 25017 25020 25023 25026 
25029 25032 25035 25038 25041 25044 25047 25050 25053 
25056 25059 25062 25065 25068 25071 25074 25077 25080 
25083 25086 25089 25092 25095 25098 25101 25104 25107 
25110 25113 25116 25119 25122 25125 25128 25131 25134 
25137 25140 25143 25146 25149 25152 25155 25158 25161 
25164 25167 25170 25173 25176 25179 25182 25185 25188 
25191 25194 25197 25200 25203 25206 25209 25212 25215 
25218 25221 25224 25227 25230 25233 25236 25239 25242 
25245 25248 25251 25254 25257 25260 25263 25266 25269 
25272 25275 25278 25281 25284 25287 25290 25293 25296 
25299 25302 25305 25308 25311 25314 25317 25320 25323 
25326 25329 25332 25335 25338 25341 25344 25347 25350 
25353 25356 25359 25362 25365 25368 25371 25374 25377 
25380 25383 25386 25389 25392 25395 25398 25401 25404 
25407 25410 25413 25416 25419 25422 25425 25428 25431 
25434 25437 25440 25443 25446 25449 25452 25455 25458 
25461 25464 25467 25470 25473 25476 25479 25482 25485 
25488 25491 25494 25497 25500 25503 25506 25509 25512 
25515 25518 25521 25524 25527 25530 25533 25536 25539 
25542 25545 25548 25551 25554 25557 25560 25563 25566 
25569 25572 25575 25578 25581 25584 25587 25590 25593 
25596 25599 25602 25605 25608 25611 25614 25617 25620 
25623 25626 25629 25632 25635 25638 25641 25644 25647 
25650 25653 25656 25659 25662 25665 25668 25671 25674 
25677 25680 25683 25686 25689 25692 25695 25698 25701 
25704 25707 25710 25713 25716 25719 25722 25725 25728 
25731 25734 25737 25740 25743 25746 25749 25752 25755 
25758 25761 25764 25767 25770 25773 25776 25779 25782 
25785 25788 25791 25794 25797 25800 25803 25806 25809 
25812 25815 25818 25821 25824 25827 25830 25833 25836 
25839 25842 25845 25848 25851 25854 25857 25860 25863 
25866 25869 25872 25875 25878 25881 25884 25887 25890 
25893 25896 25899 25902 25905 25908 25911 25914 25917 
25920 25923 25926 25929 25932 25935 25938 25941 25944 
25947 25950 25953 25956 25959 25962 25965 25968 25971 
25974 25977 25980 25983 25986 25989 25992 25995 25998 
26001 26004 26007 26010 26013 26016 26019 26022 26025 
26028 26031 26034 26037 26040 26043 26046 26049 26052 
26055 26058 26061 26064 26067 26070 26073 26076 26079 
26082 26085 26088 26091 26094 26097 26100 26103 26106 
26109 26112 26115 26118 26121 26124 26127 26130 26133 
26136 26139 26142 26145 26148 26151 26154 26157 26160 
26163 26166 26169 26172 26175 26178 26181 26184 26187 
26190 26193 26196 26199 26202 26205 26208 26211 26214 
26217 26220 26223 26226 26229 26232 26235 26238 26241 
26244 26247 26250 26253 26256 26259 26262 26265 26268 
26271 26274 26277 26280 26283 26286 26289 26292 26295 
26298 26301 26304 26307 26310 26313 26316 26319 26322 
26325 26328 26331 26334 26337 26340 26343 26346 26349 
26352 26355 26358 26361 26364 26367 26370 26373 26376 
26379 26382 26385 26388 26391 26394 26397 26400 26403 
26406 26409 26412 26415 26418 26421 26424 26427 26430 
26433 26436 26439 26442 26445 26448 26451 26454 26457 
26460 26463 26466 26469 26472 26475 26478 26481 26484 
26487 26490 26493 26496 26499 26502 26505 26508 26511 
26514 26517 26520 26523 26526 26529 26532 26535 26538 
26541 26544 26547 26550 26553 26556 26559 26562 26565 
26568 26571 26574 26577 26580 26583 26586 26589 26592 
26595 26598 26601 26604 26607 26610 26613 26616 26619 
26622 26625 26628 26631 26634 26637 26640 26643 26646 
26649 26652 26655 26658 26661 26664 26667 26670 26673 
26676 26679 26682 26685 26688 26691 26694 26697 26700 
26703 26706 26709 26712 26715 26718 26721 26724 26727 
26730 26733 26736 26739 26742 26745 26748 26751 26754 
26757 26760 26763 26766 26769 26772 26775 26778 26781 
26784 26787 26790 26793 26796 26799 26802 26805 26808 
26811 26814 26817 26820 26823 26826 26829 26832 26835 
26838 26841 26844 26847 26850 26853 26856 26859 26862 
26865 26868 26871 26874 26877 26880 26883 26886 26889 
26892 26895 26898 26901 26904 26907 26910 26913 26916 
26919 26922 26925 26928 26931 26934 26937 26940 26943 
26946 26949 26952 26955 26958 26961 26964 26967 26970 
26973 26976 26979 26982 26985 26988 26991 26994 26997 
27000 27003 27006 27009 27012 27015 27018 27021 27024 
27027 27030 27033 27036 27039 27042 27045 27048 27051 
27054 27057 27060 27063 27066 27069 27072 27075 27078 
27081 27084 27087 27090 27093 27096 27099 27102 27105 
27108 27111 27114 27117 27120 27123 27126 27129 27132 
27135 27138 27141 27144 27147 27150 27153 27156 27159 
27162 27165 27168 27171 27174 27177 27180 27183 27186 
27189 27192 27195 27198 27201 27204 27207 27210 27213 
27216 27219 27222 27225 27228 27231 27234 27237 27240 
27243 27246 27249 27252 27255 27258 27261 27264 27267 
27270 27273 27276 27279 27282 27285 27288 27291 27294 
27297 27300 27303 27306 27309 27312 27315 27318 27321 
27324 27327 27330 27333 27336 27339 27342 27345 27348 
27351 27354 27357 27360 27363 27366 27369 27372 27375 
27378 27381 27384 27387 27390 27393 27396 27399 27402 
27405 27408 27411 27414 27417 27420 27423 27426 27429 
27432 27435 27438 27441 27444 27447 27450 27453 27456 
27459 27462 27465 27468 27471 27474 27477 27480 27483 
27486 27489 27492 27495 27498 27501 27504 27507 27510 
27513 27516 27519 27522 27525 27528 27531 27534 27537 
27540 27543 27546 27549 27552 27555 27558 27561 27564 
27567 27570 27573 27576 27579 27582 27585 27588 27591 
27594 27597 27600 27603 27606 27609 27612 27615 27618 
27621 27624 27627 27630 27633 27636 27639 27642 27645 
27648 27651 27654 27657 27660 27663 27666 27669 27672 
27675 27678 27681 27684 27687 27690 27693 27696 27699 
27702 27705 27708 27711 27714 27717 27720 27723 27726 
27729 27732 27735 27738 27741 27744 27747 27750 27753 
27756 27759 27762 27765 27768 27771 27774 27777 27780 
27783 27786 27789 27792 27795 27798 27801 27804 27807 
27810 27813 27816 27819 27822 27825 27828 27831 27834 
27837 27840 27843 27846 27849 27852 27855 27858 27861 
27864 27867 27870 27873 27876 27879 27882 27885 27888 
27891 27894 27897 27900 27903 27906 27909 27912 27915 
27918 27921 27924 27927 27930 27933 27936 27939 27942 
27945 27948 27951 27954 27957 27960 27963 27966 27969 
27972 27975 27978 27981 27984 27987 27990 27993 27996 
27999 28002 28005 28008 28011 28014 28017 28020 28023 
28026 28029 28032 28035 28038 28041 28044 28047 28050 
28053 28056 28059 28062 28065 28068 28071 28074 28077 
28080 28083 28086 28089 28092 28095 28098 28101 28104 
28107 28110 28113 28116 28119 28122 28125 28128 28131 
28134 28137 28140 28143 28146 28149 28152 28155 28158 
28161 28164 28167 28170 28173 28176 28179 28182 28185 
28188 28191 28194 28197 28200 28203 28206 28209 28212 
28215 28218 28221 28224 28227 28230 28233 28236 28239 
28242 28245 28248 28251 28254 28257 28260 28263 28266 
28269 28272 28275 28278 28281 28284 28287 28290 28293 
28296 28299 28302 28305 28308 28311 28314 28317 28320 
28323 28326 28329 28332 28335 28338 28341 28344 28347 
28350 28353 28356 28359 28362 28365 28368 28371 28374 
28377 28380 28383 28386 28389 28392 28395 28398 28401 
28404 28407 28410 28413 28416 28419 28422 28425 28428 
28431 28434 28437 28440 28443 28446 28449 28452 28455 
28458 28461 28464 28467 28470 28473 28476 28479 28482 
28485 28488 28491 28494 28497 28500 28503 28506 28509 
28512 28515 28518 28521 28524 28527 28530 28533 28536 
28539 28542 28545 28548 28551 28554 28557 28560 28563 
28566 28569 28572 28575 28578 28581 28584 28587 28590 
28593 28596 28599 28602 28605 28608 28611 28614 28617 
28620 28623 28626 28629 28632 28635 28638 28641 28644 
28647 28650 28653 28656 28659 28662 28665 28668 28671 
28674 28677 28680 28683 28686 28689 28692 28695 28698 
28701 28704 28707 28710 28713 28716 28719 28722 28725 
28728 28731 28734 28737 28740 28743 28746 28749 28752 
28755 28758 28761 28764 28767 28770 28773 28776 28779 
28782 28785 28788 28791 28794 28797 28800 28803 28806 
28809 28812 28815 28818 28821 28824 28827 28830 28833 
28836 28839 28842 28845 28848 28851 28854 28857 28860 
28863 28866 28869 28872 28875 28878 28881 28884 28887 
28890 28893 28896 28899 28902 28905 28908 28911 28914 
28917 28920 28923 28926 28929 28932 28935 28938 28941 
28944 28947 28950 28953 28956 28959 28962 28965 28968 
28971 28974 28977 28980 28983 28986 28989 28992 28995 
28998 29001 29004 29007 29010 29013 29016 29019 29022 
29025 29028 29031 29034 29037 29040 29043 29046 29049 
29052 29055 29058 29061 29064 29067 29070 29073 29076 
29079 29082 29085 29088 29091 29094 29097 29100 29103 
29106 29109 29112 29115 29118 29121 29124 29127 29130 
29133 29136 29139 29142 29145 29148 29151 29154 29157 
29160 29163 29166 29169 29172 29175 29178 29181 29184 
29187 29190 29193 29196 29199 29202 29205 29208 29211 
29214 29217 29220 29223 29226 29229 29232 29235 29238 
29241 29244 29247 29250 29253 29256 29259 29262 29265 
29268 29271 29274 29277 29280 29283 29286 29289 29292 
29295 29298 29301 29304 29307 29310 29313 29316 29319 
29322 29325 29328 29331 29334 29337 29340 29343 29346 
29349 29352 29355 29358 29361 29364 29367 29370 29373 
29376 29379 29382 29385 29388 29391 29394 29397 29400 
29403 29406 29409 29412 29415 29418 29421 29424 29427 
29430 29433 29436 29439 29442 29445 29448 29451 29454 
29457 29460 29463 29466 29469 29472 29475 29478 29481 
29484 29487 29490 29493 29496 29499 29502 29505 29508 
29511 29514 29517 29520 29523 29526 29529 29532 29535 
29538 29541 29544 29547 29550 29553 29556 29559 29562 
29565 29568 29571 29574 29577 29580 29583 29586 29589 
29592 29595 29598 29601 29604 29607 29610 29613 29616 
29619 29622 29625 29628 29631 29634 29637 29640 29643 
29646 29649 29652 29655 29658 29661 29664 29667 29670 
29673 29676 29679 29682 29685 29688 29691 29694 29697 
29700 29703 29706 29709 29712 29715 29718 29721 29724 
29727 29730 29733 29736 29739 29742 29745 29748 29751 
29754 29757 29760 29763 29766 29769 29772 29775 29778 
29781 29784 29787 29790 29793 29796 29799 29802 29805 
29808 29811 29814 29817 29820 29823 29826 29829 29832 
29835 29838 29841 29844 29847 29850 29853 29856 29859 
29862 29865 29868 29871 29874 29877 29880 29883 29886 
29889 29892 29895 29898 29901 29904 29907 29910 29913 
29916 29919 29922 29925 29928 29931 29934 29937 29940 
29943 29946 29949 29952 29955 29958 29961 29964 29967 
29970 29973 29976 29979 29982 29985 29988 29991 29994 
29997 30000 30003 30006 30009 30012 30015 30018 30021 
30024 30027 30030 30033 30036 30039 30042 30045 30048 
30051 30054 30057 30060 30063 30066 30069 30072 30075 
30078 30081 30084 30087 30090 30093 30096 30099 30102 
30105 30108 30111 30114 30117 30120 30123 30126 30129 
30132 30135 30138 30141 30144 30147 30150 30153 30156 
30159 30162 30165 30168 30171 30174 30177 30180 30183 
30186 30189 30192 30195 30198 30201 30204 30207 30210 
30213 30216 30219 30222 30225 30228 30231 30234 30237 
30240 30243 30246 30249 30252 30255 30258 30261 30264 
30267 30270 30273 30276 30279 30282 30285 30288 30291 
30294 30297 30300 30303 30306 30309 30312 30315 30318 
30321 30324 30327 30330 30333 30336 30339 30342 30345 
30348 30351 30354 30357 30360 30363 30366 30369 30372 
30375 30378 30381 30384 30387 30390 30393 30396 30399 
30402 30405 30408 30411 30414 30417 30420 30423 30426 
30429 30432 30435 30438 30441 30444 30447 30450 30453 
30456 30459 30462 30465 30468 30471 30474 30477 30480 
30483 30486 30489 30492 30495 30498 30501 30504 30507 
30510 30513 30516 30519 30522 30525 30528 30531 30534 
30537 30540 30543 30546 30549 30552 30555 30558 30561 
30564 30567 30570 30573 30576 30579 30582 30585 30588 
30591 30594 30597 30600 30603 30606 30609 30612 30615 
30618 30621 30624 30627 30630 30633 30636 30639 30642 
30645 30648 30651 30654 30657 30660 30663 30666 30669 
30672 30675 30678 30681 30684 30687 30690 30693 30696 
30699 30702 30705 30708 30711 30714 30717 30720 30723 
30726 30729 30732 30735 30738 30741 30744 30747 30750 
30753 30756 30759 30762 30765 30768 30771 30774 30777 
30780 30783 30786 30789 30792 30795 30798 30801 30804 
30807 30810 30813 30816 30819 30822 30825 30828 30831 
30834 30837 30840 30843 30846 30849 30852 30855 30858 
30861 30864 30867 30870 30873 30876 30879 30882 30885 
30888 30891 30894 30897 30900 30903 30906 30909 30912 
30915 30918 30921 30924 30927 30930 30933 30936 30939 
30942 30945 30948 30951 30954 30957 30960 30963 30966 
30969 30972 30975 30978 30981 30984 30987 30990 30993 
30996 30999 31002 31005 31008 31011 31014 31017 31020 
31023 31026 31029 31032 31035 31038 31041 31044 31047 
31050 31053 31056 31059 31062 31065 31068 31071 31074 
31077 31080 31083 31086 31089 31092 31095 31098 31101 
31104 31107 31110 31113 31116 31119 31122 31125 31128 
31131 31134 31137 31140 31143 31146 31149 31152 31155 
31158 31161 31164 31167 31170 31173 31176 31179 31182 
31185 31188 31191 31194 31197 31200 31203 31206 31209 
31212 31215 31218 31221 31224 31227 31230 31233 31236 
31239 31242 31245 31248 31251 31254 31257 31260 31263 
31266 31269 31272 31275 31278 31281 31284 31287 31290 
31293 31296 31299 31302 31305 31308 31311 31314 31317 
31320 31323 31326 31329 31332 31335 31338 31341 31344 
31347 31350 31353 31356 31359 31362 31365 31368 31371 
31374 31377 31380 31383 31386 31389 31392 31395 31398 
31401 31404 31407 31410 31413 31416 31419 31422 31425 
31428 31431 31434 31437 31440 31443 31446 31449 31452 
31455 31458 31461 31464 31467 31470 31473 31476 31479 
31482 31485 31488 31491 31494 31497 31500 31503 31506 
31509 31512 31515 31518 31521 31524 31527 31530 31533 
31536 31539 31542 31545 31548 31551 31554 31557 31560 
31563 31566 31569 31572 31575 31578 31581 31584 31587 
31590 31593 31596 31599 31602 31605 31608 31611 31614 
31617 31620 31623 31626 31629 31632 31635 31638 31641 
31644 31647 31650 31653 31656 31659 31662 31665 31668 
31671 31674 31677 31680 31683 31686 31689 31692 31695 
31698 31701 31704 31707 31710 31713 31716 31719 31722 
31725 31728 31731 31734 31737 31740 31743 31746 31749 
31752 31755 31758 31761 31764 31767 31770 31773 31776 
31779 31782 31785 31788 31791 31794 31797 31800 31803 
31806 31809 31812 31815 31818 31821 31824 31827 31830 
31833 31836 31839 31842 31845 31848 31851 31854 31857 
31860 31863 31866 31869 31872 31875 31878 31881 31884 
31887 31890 31893 31896 31899 31902 31905 31908 31911 
31914 31917 31920 31923 31926 31929 31932 31935 31938 
31941 31944 31947 31950 31953 31956 31959 31962 31965 
31968 31971 31974 31977 31980 31983 31986 31989 31992 
31995 31998 32001 32004 32007 32010 32013 32016 32019 
32022 32025 32028 32031 32034 32037 32040 32043 32046 
32049 32052 32055 32058 32061 32064 32067 32070 32073 
32076 32079 32082 32085 32088 32091 32094 32097 32100 
32103 32106 32109 32112 32115 32118 32121 32124 32127 
32130 32133 32136 32139 32142 32145 32148 32151 32154 
32157 32160 32163 32166 32169 32172 32175 32178 32181 
32184 32187 32190 32193 32196 32199 32202 32205 32208 
32211 32214 32217 32220 32223 32226 32229 32232 32235 
32238 32241 32244 32247 32250 32253 32256 32259 32262 
32265 32268 32271 32274 32277 32280 32283 32286 32289 
32292 32295 32298 32301 32304 32307 32310 32313 32316 
32319 32322 32325 32328 32331 32334 32337 32340 32343 
32346 32349 32352 32355 32358 32361 32364 32367 32370 
32373 32376 32379 32382 32385 32388 32391 32394 32397 
32400 32403 32406 32409 32412 32415 32418 32421 32424 
32427 32430 32433 32436 32439 32442 32445 32448 32451 
32454 32457 32460 32463 32466 32469 32472 32475 32478 
32481 32484 32487 32490 32493 32496 32499 32502 32505 
32508 32511 32514 32517 32520 32523 32526 32529 32532 
32535 32538 32541 32544 32547 32550 32553 32556 32559 
32562 32565 32568 32571 32574 32577 32580 32583 32586 
32589 32592 32595 32598 32601 32604 32607 32610 32613 
32616 32619 32622 32625 32628 32631 32634 32637 32640 
32643 32646 32649 32652 32655 32658 32661 32664 32667 
32670 32673 32676 32679 32682 32685 32688 32691 32694 
32697 32700 32703 32706 32709 32712 32715 32718 32721 
32724 32727 32730 32733 32736 32739 32742 32745 32748 
32751 32754 32757 32760 32763 32766 32769 32772 32775 
32778 32781 32784 32787 32790 32793 32796 32799 32802 
32805 32808 32811 32814 32817 32820 32823 32826 32829 
32832 32835 32838 32841 32844 32847 32850 32853 32856 
32859 32862 32865 32868 32871 32874 32877 32880 32883 
32886 32889 32892 32895 32898 32901 32904 32907 32910 
32913 32916 32919 32922 32925 32928 32931 32934 32937 
32940 32943 32946 32949 32952 32955 32958 32961 32964 
32967 32970 32973 32976 32979 32982 32985 32988 32991 
32994 32997 33000 33003 33006 33009 33012 33015 33018 
33021 33024 33027 33030 33033 33036 33039 33042 33045 
33048 33051 33054 33057 33060 33063 33066 33069 33072 
33075 33078 33081 33084 33087 33090 33093 33096 33099 
33102 33105 33108 33111 33114 33117 33120 33123 33126 
33129 33132 33135 33138 33141 33144 33147 33150 33153 
33156 33159 33162 33165 33168 33171 33174 33177 33180 
33183 33186 33189 33192 33195 33198 33201 33204 33207 
33210 33213 33216 33219 33222 33225 33228 33231 33234 
33237 33240 33243 33246 33249 33252 33255 33258 33261 
33264 33267 33270 33273 33276 33279 33282 33285 33288 
33291 33294 33297 33300 33303 33306 33309 33312 33315 
33318 33321 33324 33327 33330 33333 33336 33339 33342 
33345 33348 33351 33354 33357 33360 33363 33366 33369 
33372 33375 33378 33381 33384 33387 33390 33393 33396 
33399 33402 33405 33408 33411 33414 33417 33420 33423 
33426 33429 33432 33435 33438 33441 33444 33447 33450 
33453 33456 33459 33462 33465 33468 33471 33474 33477 
33480 33483 33486 33489 33492 33495 33498 33501 33504 
33507 33510 33513 33516 33519 33522 33525 33528 33531 
33534 33537 33540 33543 33546 33549 33552 33555 33558 
33561 33564 33567 33570 33573 33576 33579 33582 33585 
33588 33591 33594 33597 33600 33603 33606 33609 33612 
33615 33618 33621 33624 33627 33630 33633 33636 33639 
33642 33645 33648 33651 33654 33657 33660 33663 33666 
33669 33672 33675 33678 33681 33684 33687 33690 33693 
33696 33699 33702 33705 33708 33711 33714 33717 33720 
33723 33726 33729 33732 33735 33738 33741 33744 33747 
33750 33753 33756 33759 33762 33765 33768 33771 33774 
33777 33780 33783 33786 33789 33792 33795 33798 33801 
33804 33807 33810 33813 33816 33819 33822 33825 33828 
33831 33834 33837 33840 33843 33846 33849 33852 33855 
33858 33861 33864 33867 33870 33873 33876 33879 33882 
33885 33888 33891 33894 33897 33900 33903 33906 33909 
33912 33915 33918 33921 33924 33927 33930 33933 33936 
33939 33942 33945 33948 33951 33954 33957 33960 33963 
33966 33969 33972 33975 33978 33981 33984 33987 33990 
33993 33996 33999 34002 34005 34008 34011 34014 34017 
34020 34023 34026 34029 34032 34035 34038 34041 34044 
34047 34050 34053 34056 34059 34062 34065 34068 34071 
34074 34077 34080 34083 34086 34089 34092 34095 34098 
34101 34104 34107 34110 34113 34116 34119 34122 34125 
34128 34131 34134 34137 34140 34143 34146 34149 34152 
34155 34158 34161 34164 34167 34170 34173 34176 34179 
34182 34185 34188 34191 34194 34197 34200 34203 34206 
34209 34212 34215 34218 34221 34224 34227 34230 34233 
34236 34239 34242 34245 34248 34251 34254 34257 34260 
34263 34266 34269 34272 34275 34278 34281 34284 34287 
34290 34293 34296 34299 34302 34305 34308 34311 34314 
34317 34320 34323 34326 34329 34332 34335 34338 34341 
34344 34347 34350 34353 34356 34359 34362 34365 34368 
34371 34374 34377 34380 34383 34386 34389 34392 34395 
34398 34401 34404 34407 34410 34413 34416 34419 34422 
34425 34428 34431 34434 34437 34440 34443 34446 34449 
34452 34455 34458 34461 34464 34467 34470 34473 34476 
34479 34482 34485 34488 34491 34494 34497 34500 34503 
34506 34509 34512 34515 34518 34521 34524 34527 34530 
34533 34536 34539 34542 34545 34548 34551 34554 34557 
34560 34563 34566 34569 34572 34575 34578 34581 34584 
34587 34590 34593 34596 34599 34602 34605 34608 34611 
34614 34617 34620 34623 34626 34629 34632 34635 34638 
34641 34644 34647 34650 34653 34656 34659 34662 34665 
34668 34671 34674 34677 34680 34683 34686 34689 34692 
34695 34698 34701 34704 34707 34710 34713 34716 34719 
34722 34725 34728 34731 34734 34737 34740 34743 34746 
34749 34752 34755 34758 34761 34764 34767 34770 34773 
34776 34779 34782 34785 34788 34791 34794 34797 34800 
34803 34806 34809 34812 34815 34818 34821 34824 34827 
34830 34833 34836 34839 34842 34845 34848 34851 34854 
34857 34860 34863 34866 34869 34872 34875 34878 34881 
34884 34887 34890 34893 34896 34899 34902 34905 34908 
34911 34914 34917 34920 34923 34926 34929 34932 34935 
34938 34941 34944 34947 34950 34953 34956 34959 34962 
34965 34968 34971 34974 34977 34980 34983 34986 34989 
34992 34995 34998 35001 35004 35007 35010 35013 35016 
35019 35022 35025 35028 35031 35034 35037 35040 35043 
35046 35049 35052 35055 35058 35061 35064 35067 35070 
35073 35076 35079 35082 35085 35088 35091 35094 35097 
35100 35103 35106 35109 35112 35115 35118 35121 35124 
35127 35130 35133 35136 35139 35142 35145 35148 35151 
35154 35157 35160 35163 35166 35169 35172 35175 35178 
35181 35184 35187 35190 35193 35196 35199 35202 35205 
35208 35211 35214 35217 35220 35223 35226 35229 35232 
35235 35238 35241 35244 35247 35250 35253 35256 35259 
35262 35265 35268 35271 35274 35277 35280 35283 35286 
35289 35292 35295 35298 35301 35304 35307 35310 35313 
35316 35319 35322 35325 35328 35331 35334 35337 35340 
35343 35346 35349 35352 35355 35358 35361 35364 35367 
35370 35373 35376 35379 35382 35385 35388 35391 35394 
35397 35400 35403 35406 35409 35412 35415 35418 35421 
35424 35427 35430 35433 35436 35439 35442 35445 35448 
35451 35454 35457 35460 35463 35466 35469 35472 35475 
35478 35481 35484 35487 35490 35493 35496 35499 35502 
35505 35508 35511 35514 35517 35520 35523 35526 35529 
35532 35535 35538 35541 35544 35547 35550 35553 35556 
35559 35562 35565 35568 35571 35574 35577 35580 35583 
35586 35589 35592 35595 35598 35601 35604 35607 35610 
35613 35616 35619 35622 35625 35628 35631 35634 35637 
35640 35643 35646 35649 35652 35655 35658 35661 35664 
35667 35670 35673 35676 35679 35682 35685 35688 35691 
35694 35697 35700 35703 35706 35709 35712 35715 35718 
35721 35724 35727 35730 35733 35736 35739 35742 35745 
35748 35751 35754 35757 35760 35763 35766 35769 35772 
35775 35778 35781 35784 35787 35790 35793 35796 35799 
35802 35805 35808 35811 35814 35817 35820 35823 35826 
35829 35832 35835 35838 35841 35844 35847 35850 35853 
35856 35859 35862 35865 35868 35871 35874 35877 35880 
35883 35886 35889 35892 35895 35898 35901 35904 35907 
35910 35913 35916 35919 35922 35925 35928 35931 35934 
35937 35940 35943 35946 35949 35952 35955 35958 35961 
35964 35967 35970 35973 35976 35979 35982 35985 35988 
35991 35994 35997 36000 36003 36006 36009 36012 36015 
36018 36021 36024 36027 36030 36033 36036 36039 36042 
36045 36048 36051 36054 36057 36060 36063 36066 36069 
36072 36075 36078 36081 36084 36087 36090 36093 36096 
36099 36102 36105 36108 36111 36114 36117 36120 36123 
36126 36129 36132 36135 36138 36141 36144 36147 36150 
36153 36156 36159 36162 36165 36168 36171 36174 36177 
36180 36183 36186 36189 36192 36195 36198 36201 36204 
36207 36210 36213 36216 36219 36222 36225 36228 36231 
36234 36237 36240 36243 36246 36249 36252 36255 36258 
36261 36264 36267 36270 36273 36276 36279 36282 36285 
36288 36291 36294 36297 36300 36303 36306 36309 36312 
36315 36318 36321 36324 36327 36330 36333 36336 36339 
36342 36345 36348 36351 36354 36357 36360 36363 36366 
36369 36372 36375 36378 36381 36384 36387 36390 36393 
36396 36399 36402 36405 36408 36411 36414 36417 36420 
36423 36426 36429 36432 36435 36438 36441 36444 36447 
36450 36453 36456 36459 36462 36465 36468 36471 36474 
36477 36480 36483 36486 36489 36492 36495 36498 36501 
36504 36507 36510 36513 36516 36519 36522 36525 36528 
36531 36534 36537 36540 36543 36546 36549 36552 36555 
36558 36561 36564 36567 36570 36573 36576 36579 36582 
36585 36588 36591 36594 36597 36600 36603 36606 36609 
36612 36615 36618 36621 36624 36627 36630 36633 36636 
36639 36642 36645 36648 36651 36654 36657 36660 36663 
36666 36669 36672 36675 36678 36681 36684 36687 36690 
36693 36696 36699 36702 36705 36708 36711 36714 36717 
36720 36723 36726 36729 36732 36735 36738 36741 36744 
36747 36750 36753 36756 36759 36762 36765 36768 36771 
36774 36777 36780 36783 36786 36789 36792 36795 36798 
36801 36804 36807 36810 36813 36816 36819 36822 36825 
36828 36831 36834 36837 36840 36843 36846 36849 36852 
36855 36858 36861 36864 36867 36870 36873 36876 36879 
36882 36885 36888 36891 36894 36897 36900 36903 36906 
36909 36912 36915 36918 36921 36924 36927 36930 36933 
36936 36939 36942 36945 36948 36951 36954 36957 36960 
36963 36966 36969 36972 36975 36978 36981 36984 36987 
36990 36993 36996 36999 37002 37005 37008 37011 37014 
37017 37020 37023 37026 37029 37032 37035 37038 37041 
37044 37047 37050 37053 37056 37059 37062 37065 37068 
37071 37074 37077 37080 37083 37086 37089 37092 37095 
37098 37101 37104 37107 37110 37113 37116 37119 37122 
37125 37128 37131 37134 37137 37140 37143 37146 37149 
37152 37155 37158 37161 37164 37167 37170 37173 37176 
37179 37182 37185 37188 37191 37194 37197 37200 37203 
37206 37209 37212 37215 37218 37221 37224 37227 37230 
37233 37236 37239 37242 37245 37248 37251 37254 37257 
37260 37263 37266 37269 37272 37275 37278 37281 37284 
37287 37290 37293 37296 37299 37302 37305 37308 37311 
37314 37317 37320 37323 37326 37329 37332 37335 37338 
37341 37344 37347 37350 37353 37356 37359 37362 37365 
37368 37371 37374 37377 37380 37383 37386 37389 37392 
37395 37398 37401 37404 37407 37410 37413 37416 37419 
37422 37425 37428 37431 37434 37437 37440 37443 37446 
37449 37452 37455 37458 37461 37464 37467 37470 37473 
37476 37479 37482 37485 37488 37491 37494 37497 37500 
37503 37506 37509 37512 37515 37518 37521 37524 37527 
37530 37533 37536 37539 37542 37545 37548 37551 37554 
37557 37560 37563 37566 37569 37572 37575 37578 37581 
37584 37587 37590 37593 37596 37599 37602 37605 37608 
37611 37614 37617 37620 37623 37626 37629 37632 37635 
37638 37641 37644 37647 37650 37653 37656 37659 37662 
37665 37668 37671 37674 37677 37680 37683 37686 37689 
37692 37695 37698 37701 37704 37707 37710 37713 37716 
37719 37722 37725 37728 37731 37734 37737 37740 37743 
37746 37749 37752 37755 37758 37761 37764 37767 37770 
37773 37776 37779 37782 37785 37788 37791 37794 37797 
37800 37803 37806 37809 37812 37815 37818 37821 37824 
37827 37830 37833 37836 37839 37842 37845 37848 37851 
37854 37857 37860 37863 37866 37869 37872 37875 37878 
37881 37884 37887 37890 37893 37896 37899 37902 37905 
37908 37911 37914 37917 37920 37923 37926 37929 37932 
37935 37938 37941 37944 37947 37950 37953 37956 37959 
37962 37965 37968 37971 37974 37977 37980 37983 37986 
37989 37992 37995 37998 38001 38004 38007 38010 38013 
38016 38019 38022 38025 38028 38031 38034 38037 38040 
38043 38046 38049 38052 38055 38058 38061 38064 38067 
38070 38073 38076 38079 38082 38085 38088 38091 38094 
38097 38100 38103 38106 38109 38112 38115 38118 38121 
38124 38127 38130 38133 38136 38139 38142 38145 38148 
38151 38154 38157 38160 38163 38166 38169 38172 38175 
38178 38181 38184 38187 38190 38193 38196 38199 38202 
38205 38208 38211 38214 38217 38220 38223 38226 38229 
38232 38235 38238 38241 38244 38247 38250 38253 38256 
38259 38262 38265 38268 38271 38274 38277 38280 38283 
38286 38289 38292 38295 38298 38301 38304 38307 38310 
38313 38316 38319 38322 38325 38328 38331 38334 38337 
38340 38343 38346 38349 38352 38355 38358 38361 38364 
38367 38370 38373 38376 38379 38382 38385 38388 38391 
38394 38397 38400 38403 38406 38409 38412 38415 38418 
38421 38424 38427 38430 38433 38436 38439 38442 38445 
38448 38451 38454 38457 38460 38463 38466 38469 38472 
38475 38478 38481 38484 38487 38490 38493 38496 38499 
38502 38505 38508 38511 38514 38517 38520 38523 38526 
38529 38532 38535 38538 38541 38544 38547 38550 38553 
38556 38559 38562 38565 38568 38571 38574 38577 38580 
38583 38586 38589 38592 38595 38598 38601 38604 38607 
38610 38613 38616 38619 38622 38625 38628 38631 38634 
38637 38640 38643 38646 38649 38652 38655 38658 38661 
38664 38667 38670 38673 38676 38679 38682 38685 38688 
38691 38694 38697 38700 38703 38706 38709 38712 38715 
38718 38721 38724 38727 38730 38733 38736 38739 38742 
38745 38748 38751 38754 38757 38760 38763 38766 38769 
38772 38775 38778 38781 38784 38787 38790 38793 38796 
38799 38802 38805 38808 38811 38814 38817 38820 38823 
38826 38829 38832 38835 38838 38841 38844 38847 38850 
38853 38856 38859 38862 38865 38868 38871 38874 38877 
38880 38883 38886 38889 38892 38895 38898 38901 38904 
38907 38910 38913 38916 38919 38922 38925 38928 38931 
38934 38937 38940 38943 38946 38949 38952 38955 38958 
38961 38964 38967 38970 38973 38976 38979 38982 38985 
38988 38991 38994 38997 39000 39003 39006 39009 39012 
39015 39018 39021 39024 39027 39030 39033 39036 39039 
39042 39045 39048 39051 39054 39057 39060 39063 39066 
39069 39072 39075 39078 39081 39084 39087 39090 39093 
39096 39099 39102 39105 39108 39111 39114 39117 39120 
39123 39126 39129 39132 39135 39138 39141 39144 39147 
39150 39153 39156 39159 39162 39165 39168 39171 39174 
39177 39180 39183 39186 39189 39192 39195 39198 39201 
39204 39207 39210 39213 39216 39219 39222 39225 39228 
39231 39234 39237 39240 39243 39246 39249 39252 39255 
39258 39261 39264 39267 39270 39273 39276 39279 39282 
39285 39288 39291 39294 39297 39300 39303 39306 39309 
39312 39315 39318 39321 39324 39327 39330 39333 39336 
39339 39342 39345 39348 39351 39354 39357 39360 39363 
39366 39369 39372 39375 39378 39381 39384 39387 39390 
39393 39396 39399 39402 39405 39408 39411 39414 39417 
39420 39423 39426 39429 39432 39435 39438 39441 39444 
39447 39450 39453 39456 39459 39462 39465 39468 39471 
39474 39477 39480 39483 39486 39489 39492 39495 39498 
39501 39504 39507 39510 39513 39516 39519 39522 39525 
39528 39531 39534 39537 39540 39543 39546 39549 39552 
39555 39558 39561 39564 39567 39570 39573 39576 39579 
39582 39585 39588 39591 39594 39597 39600 39603 39606 
39609 39612 39615 39618 39621 39624 39627 39630 39633 
39636 39639 39642 39645 39648 39651 39654 39657 39660 
39663 39666 39669 39672 39675 39678 39681 39684 39687 
39690 39693 39696 39699 39702 39705 39708 39711 39714 
39717 39720 39723 39726 39729 39732 39735 39738 39741 
39744 39747 39750 39753 39756 39759 39762 39765 39768 
39771 39774 39777 39780 39783 39786 39789 39792 39795 
39798 39801 39804 39807 39810 39813 39816 39819 39822 
39825 39828 39831 39834 39837 39840 39843 39846 39849 
39852 39855 39858 39861 39864 39867 39870 39873 39876 
39879 39882 39885 39888 39891 39894 39897 39900 39903 
39906 39909 39912 39915 39918 39921 39924 39927 39930 
39933 39936 39939 39942 39945 39948 39951 39954 39957 
39960 39963 39966 39969 39972 39975 39978 39981 39984 
39987 39990 39993 39996 39999 40002 40005 40008 40011 
40014 40017 40020 40023 40026 40029 40032 40035 40038 
40041 40044 40047 40050 40053 40056 40059 40062 40065 
40068 40071 40074 40077 40080 40083 40086 40089 40092 
40095 40098 40101 40104 40107 40110 40113 40116 40119 
40122 40125 40128 40131 40134 40137 40140 40143 40146 
40149 40152 40155 40158 40161 40164 40167 40170 40173 
40176 40179 40182 40185 40188 40191 40194 40197 40200 
40203 40206 40209 40212 40215 40218 40221 40224 40227 
40230 40233 40236 40239 40242 40245 40248 40251 40254 
40257 40260 40263 40266 40269 40272 40275 40278 40281 
40284 40287 40290 40293 40296 40299 40302 40305 40308 
40311 40314 40317 40320 40323 40326 40329 40332 40335 
40338 40341 40344 40347 40350 40353 40356 40359 40362 
40365 40368 40371 40374 40377 40380 40383 40386 40389 
40392 40395 40398 40401 40404 40407 40410 40413 40416 
40419 40422 40425 40428 40431 40434 40437 40440 40443 
40446 40449 40452 40455 40458 40461 40464 40467 40470 
40473 40476 40479 40482 40485 40488 40491 40494 40497 
40500 40503 40506 40509 40512 40515 40518 40521 40524 
40527 40530 40533 40536 40539 40542 40545 40548 40551 
40554 40557 40560 40563 40566 40569 40572 40575 40578 
40581 40584 40587 40590 40593 40596 40599 40602 40605 
40608 40611 40614 40617 40620 40623 40626 40629 40632 
40635 40638 40641 40644 40647 40650 40653 40656 40659 
40662 40665 40668 40671 40674 40677 40680 40683 40686 
40689 40692 40695 40698 40701 40704 40707 40710 40713 
40716 40719 40722 40725 40728 40731 40734 40737 40740 
40743 40746 40749 40752 40755 40758 40761 40764 40767 
40770 40773 40776 40779 40782 40785 40788 40791 40794 
40797 40800 40803 40806 40809 40812 40815 40818 40821 
40824 40827 40830 40833 40836 40839 40842 40845 40848 
40851 40854 40857 40860 40863 40866 40869 40872 40875 
40878 40881 40884 40887 40890 40893 40896 40899 40902 
40905 40908 40911 40914 40917 40920 40923 40926 40929 
40932 40935 40938 40941 40944 40947 40950 40953 40956 
40959 40962 40965 40968 40971 40974 40977 40980 40983 
40986 40989 40992 40995 40998 41001 41004 41007 41010 
41013 41016 41019 41022 41025 41028 41031 41034 41037 
41040 41043 41046 41049 41052 41055 41058 41061 41064 

CONNECTIVITY vtktypeint64
0 1 2 3 0 2 1 4 5 
2 1 5 4 6 7 5 4 7 
6 8 9 7 6 9 8 10 11 
9 8 11 10 12 13 11 10 13 
12 14 15 13 12 15 14 16 17 
15 14 17 16 18 19 17 16 19 
18 20 21 19 18 21 20 22 23 
21 20 23 22 24 25 23 22 25 
24 26 27 25 24 27 26 28 29 
27 26 29 28 30 31 29 28 31 
30 32 33 31 30 33 32 34 35 
33 32 35 34 36 37 35 34 37 
36 38 39 37 36 39 38 40 41 
39 38 41 40 42 43 41 40 43 
42 44 45 43 42 45 44 46 47 
45 44 47 46 48 49 47 46 49 
48 50 51 49 48 51 50 52 53 
51 50 53 52 54 55 53 52 55 
54 56 57 55 54 57 56 58 59 
57 56 59 58 60 61 59 58 61 
60 62 63 61 60 63 62 64 65 
63 62 65 64 66 67 65 64 67 
66 68 69 67 66 69 68 70 71 
69 68 71 70 72 73 71 70 73 
72 74 75 73 72 75 74 76 77 
75 74 77 76 78 79 77 76 79 
78 80 81 79 78 81 80 82 83 
81 80 83 82 84 85 83 82 85 
84 86 87 85 84 87 86 88 89 
87 86 89 88 90 91 89 88 91 
90 92 93 91 90 93 92 94 95 
93 92 95 94 96 97 95 94 97 
96 98 99 97 96 99 98 100 101 
99 98 101 100 102 103 101 100 103 
102 104 105 103 102 105 104 106 107 
105 104 107 106 108 109 107 106 109 
108 110 111 109 108 111 110 112 113 
111 110 113 112 114 115 113 112 115 
114 116 117 115 114 117 116 118 119 
117 116 119 1 0 120 120 0 121 
4 1 122 122 1 120 6 4 123 
123 4 122 8 6 124 124 6 123 
10 8 125 125 8 124 12 10 126 
126 10 125 14 12 127 127 12 126 
16 14 128 128 14 127 18 16 129 
129 16 128 20 18 130 130 18 129 
22 20 131 131 20 130 24 22 132 
132 22 131 26 24 133 133 24 132 
28 26 134 134 26 133 30 28 135 
135 28 134 32 30 136 136 30 135 
34 32 137 137 32 136 36 34 138 
138 34 137 38 36 139 139 36 138 
40 38 140 140 38 139 42 40 141 
141 40 140 44 42 142 142 42 141 
46 44 143 143 44 142 48 46 144 
144 46 143 50 48 145 145 48 144 
52 50 146 146 50 145 54 52 147 
147 52 146 56 54 148 148 54 147 
58 56 149 149 56 148 60 58 150 
150 58 149 62 60 151 151 60 150 
64 62 152 152 62 151 66 64 153 
153 64 152 68 66 154 154 66 153 
70 68 155 155 68 154 72 70 156 
156 70 155 74 72 157 157 72 156 
76 74 158 158 74 157 78 76 159 
159 76 158 80 78 160 160 78 159 
82 80 161 161 80 160 84 82 162 
162 82 161 86 84 163 163 84 162 
88 86 164 164 86 163 90 88 165 
165 88 164 92 90 166 166 90 165 
94 92 167 167 92 166 96 94 168 
168 94 167 98 96 169 169 96 168 
100 98 170 170 98 169 102 100 171 
171 100 170 104 102 172 172 102 171 
106 104 173 173 104 172 108 106 174 
174 106 173 110 108 175 175 108 174 
112 110 176 176 110 175 114 112 177 
177 112 176 116 114 178 178 114 177 
118 116 179 179 116 178 120 121 180 
180 121 181 122 120 182 182 120 180 
123 122 183 183 122 182 124 123 184 
184 123 183 125 124 185 185 124 184 
126 125 186 186 125 185 127 126 187 
187 126 186 128 127 188 188 127 187 
129 128 189 189 128 188 130 129 190 
190 129 189 131 130 191 191 130 190 
132 131 192 192 131 191 133 132 193 
193 132 192 134 133 194 194 133 193 
135 134 195 195 134 194 136 135 196 
196 135 195 137 136 197 197 136 196 
138 137 198 198 137 197 139 138 199 
199 138 198 140 139 200 200 139 199 
141 140 201 201 140 200 142 141 202 
202 141 201 143 142 203 203 142 202 
144 143 204 204 143 203 145 144 205 
205 144 204 146 145 206 206 145 205 
147 146 207 207 146 206 148 147 208 
208 147 207 149 148 209 209 148 208 
150 149 210 210 149 209 151 150 211 
211 150 210 152 151 212 212 151 211 
153 152 213 213 152 212 154 153 214 
214 153 213 155 154 215 215 154 214 
156 155 216 216 155 215 157 156 217 
217 156 216 158 157 218 218 157 217 
159 158 219 219 158 218 160 159 220 
220 159 219 161 160 221 221 160 220 
162 161 222 222 161 221 163 162 223 
223 162 222 164 163 224 224 163 223 
165 164 225 225 164 224 166 165 226 
226 165 225 167 166 227 227 166 226 
168 167 228 228 167 227 169 168 229 
229 168 228 170 169 230 230 169 229 
171 170 231 231 170 230 172 171 232 
232 171 231 173 172 233 233 172 232 
174 173 234 234 173 233 175 174 235 
235 174 234 176 175 236 236 175 235 
177 176 237 237 176 236 178 177 238 
238 177 237 179 178 239 239 178 238 
180 181 240 240 181 241 182 180 242 
242 180 240 183 182 243 243 182 242 
184 183 244 244 183 243 185 184 245 
245 184 244 186 185 246 246 185 245 
187 186 247 247 186 246 188 187 248 
248 187 247 189 188 249 249 188 248 
190 189 250 250 189 249 191 190 251 
251 190 250 192 191 252 252 191 251 
193 192 253 253 192 252 194 193 254 
254 193 253 195 194 255 255 194 254 
196 195 256 256 195 255 197 196 257 
257 196 256 198 197 258 258 197 257 
199 198 259 259 198 258 200 199 260 
260 199 259 201 200 261 261 200 260 
202 201 262 262 201 261 203 202 263 
263 202 262 204 203 264 264 203 263 
205 204 265 265 204 264 206 205 266 
266 205 265 207 206 267 267 206 266 
208 207 268 268 207 267 209 208 269 
269 208 268 210 209 270 270 209 269 
211 210 271 271 210 270 212 211 272 
272 211 271 213 212 273 273 212 272 
214 213 274 274 213 273 215 214 275 
275 214 274 216 215 276 276 215 275 
217 216 277 277 216 276 218 217 278 
278 217 277 219 218 279 279 218 278 
220 219 280 280 219 279 221 220 281 
281 220 280 222 221 282 282 221 281 
223 222 283 283 222 282 224 223 284 
284 223 283 225 224 285 285 224 284 
226 225 286 286 225 285 227 226 287 
287 226 286 228 227 288 288 227 287 
229 228 289 289 228 288 230 229 290 
290 229 289 231 230 291 291 230 290 
232 231 292 292 231 291 233 232 293 
293 232 292 234 233 294 294 233 293 
235 234 295 295 234 294 236 235 296 
296 235 295 237 236 297 297 236 296 
238 237 298 298 237 297 239 238 299 
299 238 298 240 241 300 300 241 301 
242 240 302 302 240 300 243 242 303 
303 242 302 244 243 304 304 243 303 
245 244 305 305 244 304 246 245 306 
306 245 305 247 246 307 307 246 306 
248 247 308 308 247 307 249 248 309 
309 248 308 250 249 310 310 249 309 
251 250 311 311 250 310 252 251 312 
312 251 311 253 252 313 313 252 312 
254 253 314 314 253 313 255 254 315 
315 254 314 256 255 316 316 255 315 
257 256 317 317 256 316 258 257 318 
318 257 317 259 258 319 319 258 318 
260 259 320 320 259 319 261 260 321 
321 260 320 262 261 322 322 261 321 
263 262 323 323 262 322 264 263 324 
324 263 323 265 264 325 325 264 324 
266 265 326 326 265 325 267 266 327 
327 266 326 268 267 328 328 267 327 
269 268 329 329 268 328 270 269 330 
330 269 329 271 270 331 331 270 330 
272 271 332 332 271 331 273 272 333 
333 272 332 274 273 334 334 273 333 
275 274 335 335 274 334 276 275 336 
336 275 335 277 276 337 337 276 336 
278 277 338 338 277 337 279 278 339 
339 278 338 280 279 340 340 279 339 
281 280 341 341 280 340 282 281 342 
342 281 341 283 282 343 343 282 342 
284 283 344 344 283 343 285 284 345 
345 284 344 286 285 346 346 285 345 
287 286 347 347 286 346 288 287 348 
348 287 347 289 288 349 349 288 348 
290 289 350 350 289 349 291 290 351 
351 290 350 292 291 352 352 291 351 
293 292 353 353 292 352 294 293 354 
354 293 353 295 294 355 355 294 354 
296 295 356 356 295 355 297 296 357 
357 296 356 298 297 358 358 297 357 
299 298 359 359 298 358 300 301 360 
360 301 361 302 300 362 362 300 360 
303 302 363 363 302 362 304 303 364 
364 303 363 305 304 365 365 304 364 
306 305 366 366 305 365 307 306 367 
367 306 366 308 307 368 368 307 367 
309 308 369 369 308 368 310 309 370 
370 309 369 311 310 371 371 310 370 
312 311 372 372 311 371 313 312 373 
373 312 372 314 313 374 374 313 373 
315 314 375 375 314 374 316 315 376 
376 315 375 317 316 377 377 316 376 
318 317 378 378 317 377 319 318 379 
379 318 378 320 319 380 380 319 379 
321 320 381 381 320 380 322 321 382 
382 321 381 323 322 383 383 322 382 
324 323 384 384 323 383 325 324 385 
385 324 384 326 325 386 386 325 385 
327 326 387 387 326 386 328 327 388 
388 327 387 329 328 389 389 328 388 
330 329 390 390 329 389 331 330 391 
391 330 390 332 331 392 392 331 391 
333 332 393 393 332 392 334 333 394 
394 333 393 335 334 395 395 334 394 
336 335 396 396 335 395 337 336 397 
397 336 396 338 337 398 398 337 397 
339 338 399 399 338 398 340 339 400 
400 339 399 341 340 401 401 340 400 
342 341 402 402 341 401 343 342 403 
403 342 402 344 343 404 404 343 403 
345 344 405 405 344 404 346 345 406 
406 345 405 347 346 407 407 346 406 
348 347 408 408 347 407 349 348 409 
409 348 408 350 349 410 410 349 409 
351 350 411 411 350 410 352 351 412 
412 351 411 353 352 413 413 352 412 
354 353 414 414 353 413 355 354 415 
415 354 414 356 355 416 416 355 415 
357 356 417 417 356 416 358 357 418 
418 357 417 359 358 419 419 358 418 
360 361 420 420 361 421 362 360 422 
422 360 420 363 362 423 423 362 422 
364 363 424 424 363 423 365 364 425 
425 364 424 366 365 426 426 365 425 
367 366 427 427 366 426 368 367 428 
428 367 427 369 368 429 429 368 428 
370 369 430 430 369 429 371 370 431 
431 370 430 372 371 432 432 371 431 
373 372 433 433 372 432 374 373 434 
434 373 433 375 374 435 435 374 434 
376 375 436 436 375 435 377 376 437 
437 376 436 378 377 438 438 377 437 
379 378 439 439 378 438 380 379 440 
440 379 439 381 380 441 441 380 440 
382 381 442 442 381 441 383 382 443 
443 382 442 384 383 444 444 383 443 
385 384 445 445 384 444 386 385 446 
446 385 445 387 386 447 447 386 446 
388 387 448 448 387 447 389 388 449 
449 388 448 390 389 450 450 389 449 
391 390 451 451 390 450 392 391 452 
452 391 451 393 392 453 453 392 452 
394 393 454 454 393 453 395 394 455 
455 394 454 396 395 456 456 395 455 
397 396 457 457 396 456 398 397 458 
458 397 457 399 398 459 459 398 458 
400 399 460 460 399 459 401 400 461 
461 400 460 402 401 462 462 401 461 
403 402 463 463 402 462 404 403 464 
464 403 463 405 404 465 465 404 464 
406 405 466 466 405 465 407 406 467 
467 406 466 408 407 468 468 407 467 
409 408 469 469 408 468 410 409 470 
470 409 469 411 410 471 471 410 470 
412 411 472 472 411 471 413 412 473 
473 412 472 414 413 474 474 413 473 
415 414 475 475 414 474 416 415 476 
476 415 475 417 416 477 477 416 476 
418 417 478 478 417 477 419 418 479 
479 418 478 420 421 480 480 421 481 
422 420 482 482 420 480 423 422 483 
483 422 482 424 423 484 484 423 483 
425 424 485 485 424 484 426 425 486 
486 425 485 427 426 487 487 426 486 
428 427 488 488 427 487 429 428 489 
489 428 488 430 429 490 490 429 489 
431 430 491 491 430 490 432 431 492 
492 431 491 433 432 493 493 432 492 
434 433 494 494 433 493 435 434 495 
495 434 494 436 435 496 496 435 495 
437 436 497 497 436 496 438 437 498 
498 437 497 439 438 499 499 438 498 
440 439 500 500 439 499 441 440 501 
501 440 500 442 441 502 502 441 501 
443 442 503 503 442 502 444 443 504 
504 443 503 445 444 505 505 444 504 
446 445 506 506 445 505 447 446 507 
507 446 506 448 447 508 508 447 507 
449 448 509 509 448 508 450 449 510 
510 449 509 451 450 511 511 450 510 
452 451 512 512 451 511 453 452 513 
513 452 512 454 453 514 514 453 513 
455 454 515 515 454 514 456 455 516 
516 455 515 457 456 517 517 456 516 
458 457 518 518 457 517 459 458 519 
519 458 518 460 459 520 520 459 519 
461 460 521 521 460 520 462 461 522 
522 461 521 463 462 523 523 462 522 
464 463 524 524 463 523 465 464 525 
525 464 524 466 465 526 526 465 525 
467 466 527 527 466 526 468 467 528 
528 467 527 469 468 529 529 468 528 
470 469 530 530 469 529 471 470 531 
531 470 530 472 471 532 532 471 531 
473 472 533 533 472 532 474 473 534 
534 473 533 475 474 535 535 474 534 
476 475 536 536 475 535 477 476 537 
537 476 536 478 477 538 538 477 537 
479 478 539 539 478 538 480 481 540 
540 481 541 482 480 542 542 480 540 
483 482 543 543 482 542 484 483 544 
544 483 543 485 484 545 545 484 544 
486 485 546 546 485 545 487 486 547 
547 486 546 488 487 548 548 487 547 
489 488 549 549 488 548 490 489 550 
550 489 549 491 490 551 551 490 550 
492 491 552 552 491 551 493 492 553 
553 492 552 494 493 554 554 493 553 
495 494 555 555 494 554 496 495 556 
556 495 555 497 496 557 557 496 556 
498 497 558 558 497 557 499 498 559 
559 498 558 500 499 560 560 499 559 
501 500 561 561 500 560 502 501 562 
562 501 561 503 502 563 563 502 562 
504 503 564 564 503 563 505 504 565 
565 504 564 506 505 566 566 505 565 
507 506 567 567 506 566 508 507 568 
568 507 567 509 508 569 569 508 568 
510 509 570 570 509 569 511 510 571 
571 510 570 512 511 572 572 511 571 
513 512 573 573 512 572 514 513 574 
574 513 573 515 514 575 575 514 574 
516 515 576 576 515 575 517 516 577 
577 516 576 518 517 578 578 517 577 
519 518 579 579 518 578 520 519 580 
580 519 579 521 520 581 581 520 580 
522 521 582 582 521 581 523 522 583 
583 522 582 524 523 584 584 523 583 
525 524 585 585 524 584 526 525 586 
586 525 585 527 526 587 587 526 586 
528 527 588 588 527 587 529 528 589 
589 528 588 530 529 590 590 529 589 
531 530 591 591 530 590 532 531 592 
592 531 591 533 532 593 593 532 592 
534 533 594 594 533 593 535 534 595 
595 534 594 536 535 596 596 535 595 
537 536 597 597 536 596 538 537 598 
598 537 597 539 538 599 599 538 598 
540 541 600 600 541 601 542 540 602 
602 540 600 543 542 603 603 542 602 
544 543 604 604 543 603 545 544 605 
605 544 604 546 545 606 606 545 605 
547 546 607 607 546 606 548 547 608 
608 547 607 549 548 609 609 548 608 
550 549 610 610 549 609 551 550 611 
611 550 610 552 551 612 612 551 611 
553 552 613 613 552 612 554 553 614 
614 553 613 555 554 615 615 554 614 
556 555 616 616 555 615 557 556 617 
617 556 616 558 557 618 618 557 617 
559 558 619 619 558 618 560 559 620 
620 559 619 561 560 621 621 560 620 
562 561 622 622 561 621 563 562 623 
623 562 622 564 563 624 624 563 623 
565 564 625 625 564 624 566 565 626 
626 565 625 567 566 627 627 566 626 
568 567 628 628 567 627 569 568 629 
629 568 628 570 569 630 630 569 629 
571 570 631 631 570 630 572 571 632 
632 571 631 573 572 633 633 572 632 
574 573 634 634 573 633 575 574 635 
635 574 634 576 575 636 636 575 635 
577 576 637 637 576 636 578 577 638 
638 577 637 579 578 639 639 578 638 
580 579 640 640 579 639 581 580 641 
641 580 640 582 581 642 642 581 641 
583 582 643 643 582 642 584 583 644 
644 583 643 585 584 645 645 584 644 
586 585 646 646 585 645 587 586 647 
647 586 646 588 587 648 648 587 647 
589 588 649 649 588 648 590 589 650 
650 589 649 591 590 651 651 590 650 
592 591 652 652 591 651 593 592 653 
653 592 652 594 593 654 654 593 653 
595 594 655 655 594 654 596 595 656 
656 595 655 597 596 657 657 596 656 
598 597 658 658 597 657 599 598 659 
659 598 658 600 601 660 660 601 661 
602 600 662 662 600 660 603 602 663 
663 602 662 604 603 664 664 603 663 
605 604 665 665 604 664 606 605 666 
666 605 665 607 606 667 667 606 666 
608 607 668 668 607 667 609 608 669 
669 608 668 610 609 670 670 609 669 
611 610 671 671 610 670 612 611 672 
672 611 671 613 612 673 673 612 672 
614 613 674 674 613 673 615 614 675 
675 614 674 616 615 676 676 615 675 
617 616 677 677 616 676 618 617 678 
678 617 677 619 618 679 679 618 678 
620 619 680 680 619 679 621 620 681 
681 620 680 622 621 682 682 621 681 
623 622 683 683 622 682 624 623 684 
684 623 683 625 624 685 685 624 684 
626 625 686 686 625 685 627 626 687 
687 626 686 628 627 688 688 627 687 
629 628 689 689 628 688 630 629 690 
690 629 689 631 630 691 691 630 690 
632 631 692 692 631 691 633 632 693 
693 632 692 634 633 694 694 633 693 
635 634 695 695 634 694 636 635 696 
696 635 695 637 636 697 697 636 696 
638 637 698 698 637 697 639 638 699 
699 638 698 640 639 700 700 639 699 
641 640 701 701 640 700 642 641 702 
702 641 701 643 642 703 703 642 702 
644 643 704 704 643 703 645 644 705 
705 644 704 646 645 706 706 645 705 
647 646 707 707 646 706 648 647 708 
708 647 707 649 648 709 709 648 708 
650 649 710 710 649 709 651 650 711 
711 650 710 652 651 712 712 651 711 
653 652 713 713 652 712 654 653 714 
714 653 713 655 654 715 715 654 714 
656 655 716 716 655 715 657 656 717 
717 656 716 658 657 718 718 657 717 
659 658 719 719 658 718 660 661 720 
721 660 720 662 660 721 722 662 721 
663 662 722 723 663 722 664 663 723 
724 664 723 665 664 724 725 665 724 
666 665 725 726 666 725 667 666 726 
727 667 726 668 667 727 728 668 727 
669 668 728 729 669 728 670 669 729 
730 670 729 671 670 730 731 671 730 
672 671 731 732 672 731 673 672 732 
733 673 732 674 673 733 734 674 733 
675 674 734 735 675 734 676 675 735 
736 676 735 677 676 736 737 677 736 
678 677 737 738 678 737 679 678 738 
739 679 738 680 679 739 740 680 739 
681 680 740 741 681 740 682 681 741 
742 682 741 683 682 742 743 683 742 
684 683 743 744 684 743 685 684 744 
745 685 744 686 685 745 746 686 745 
687 686 746 747 687 746 688 687 747 
748 688 747 689 688 748 749 689 748 
690 689 749 750 690 749 691 690 750 
751 691 750 692 691 751 752 692 751 
693 692 752 753 693 752 694 693 753 
754 694 753 695 694 754 755 695 754 
696 695 755 756 696 755 697 696 756 
757 697 756 698 697 757 758 698 757 
699 698 758 759 699 758 700 699 759 
760 700 759 701 700 760 761 701 760 
702 701 761 762 702 761 703 702 762 
763 703 762 704 703 763 764 704 763 
705 704 764 765 705 764 706 705 765 
766 706 765 707 706 766 767 707 766 
708 707 767 768 708 767 709 708 768 
769 709 768 710 709 769 770 710 769 
711 710 770 771 711 770 712 711 771 
772 712 771 713 712 772 773 713 772 
714 713 773 774 714 773 715 714 774 
775 715 774 716 715 775 776 716 775 
717 716 776 777 717 776 718 717 777 
778 718 777 719 718 778 779 719 778 
780 781 782 783 780 782 781 784 785 
782 781 785 784 786 787 785 784 787 
786 788 789 787 786 789 788 790 791 
789 788 791 790 792 793 791 790 793 
792 794 795 793 792 795 794 796 797 
795 794 797 796 798 799 797 796 799 
798 800 801 799 798 801 800 802 803 
801 800 803 802 804 805 803 802 805 
804 806 807 805 804 807 806 808 809 
807 806 809 808 810 811 809 808 811 
810 812 813 811 810 813 812 814 815 
813 812 815 814 816 817 815 814 817 
816 818 819 817 816 819 818 820 821 
819 818 821 820 822 823 821 820 823 
822 824 825 823 822 825 824 826 827 
825 824 827 826 828 829 827 826 829 
828 830 831 829 828 831 830 832 833 
831 830 833 832 834 835 833 832 835 
834 836 837 835 834 837 836 838 839 
837 836 839 838 840 841 839 838 841 
840 842 843 841 840 843 842 844 845 
843 842 845 844 846 847 845 844 847 
846 848 849 847 846 849 848 850 851 
849 848 851 850 852 853 851 850 853 
852 854 855 853 852 855 854 856 857 
855 854 857 856 858 859 857 856 859 
858 860 861 859 858 861 860 862 863 
861 860 863 862 864 865 863 862 865 
864 866 867 865 864 867 866 868 869 
867 866 869 868 870 871 869 868 871 
870 872 873 871 870 873 872 874 875 
873 872 875 874 876 877 875 874 877 
876 878 879 877 876 879 878 880 881 
879 878 881 880 882 883 881 880 883 
882 884 885 883 882 885 884 886 887 
885 884 887 886 888 889 887 886 889 
888 890 891 889 888 891 890 892 893 
891 890 893 892 894 895 893 892 895 
894 896 897 895 894 897 896 898 899 
897 896 899 781 780 900 900 780 901 
784 781 902 902 781 900 786 784 903 
903 784 902 788 786 904 904 786 903 
790 788 905 905 788 904 792 790 906 
906 790 905 794 792 907 907 792 906 
796 794 908 908 794 907 798 796 909 
909 796 908 800 798 910 910 798 909 
802 800 911 911 800 910 804 802 912 
912 802 911 806 804 913 913 804 912 
808 806 914 914 806 913 810 808 915 
915 808 914 812 810 916 916 810 915 
814 812 917 917 812 916 816 814 918 
918 814 917 818 816 919 919 816 918 
820 818 920 920 818 919 822 820 921 
921 820 920 824 822 922 922 822 921 
826 824 923 923 824 922 828 826 924 
924 826 923 830 828 925 925 828 924 
832 830 926 926 830 925 834 832 927 
927 832 926 836 834 928 928 834 927 
838 836 929 929 836 928 840 838 930 
930 838 929 842 840 931 931 840 930 
844 842 932 932 842 931 846 844 933 
933 844 932 848 846 934 934 846 933 
850 848 935 935 848 934 852 850 936 
936 850 935 854 852 937 937 852 936 
856 854 938 938 854 937 858 856 939 
939 856 938 860 858 940 940 858 939 
862 860 941 941 860 940 864 862 942 
942 862 941 866 864 943 943 864 942 
868 866 944 944 866 943 870 868 945 
945 868 944 872 870 946 946 870 945 
874 872 947 947 872 946 876 874 948 
948 874 947 878 876 949 949 876 948 
880 878 950 950 878 949 882 880 951 
951 880 950 884 882 952 952 882 951 
886 884 953 953 884 952 888 886 954 
954 886 953 890 888 955 955 888 954 
892 890 956 956 890 955 894 892 957 
957 892 956 896 894 958 958 894 957 
898 896 959 959 896 958 2 901 3 
900 901 2 5 900 2 902 900 5 
7 902 5 903 902 7 9 903 7 
904 903 9 11 904 9 905 904 11 
13 905 11 906 905 13 15 906 13 
907 906 15 17 907 15 908 907 17 
19 908 17 909 908 19 21 909 19 
910 909 21 23 910 21 911 910 23 
25 911 23 912 911 25 27 912 25 
913 912 27 29 913 27 914 913 29 
31 914 29 915 914 31 33 915 31 
916 915 33 35 916 33 917 916 35 
37 917 35 918 917 37 39 918 37 
919 918 39 41 919 39 920 919 41 
43 920 41 921 920 43 45 921 43 
922 921 45 47 922 45 923 922 47 
49 923 47 924 923 49 51 924 49 
925 924 51 53 925 51 926 925 53 
55 926 53 927 926 55 57 927 55 
928 927 57 59 928 57 929 928 59 
61 929 59 930 929 61 63 930 61 
931 930 63 65 931 63 932 931 65 
67 932 65 933 932 67 69 933 67 
934 933 69 71 934 69 935 934 71 
73 935 71 936 935 73 75 936 73 
937 936 75 77 937 75 938 937 77 
79 938 77 939 938 79 81 939 79 
940 939 81 83 940 81 941 940 83 
85 941 83 942 941 85 87 942 85 
943 942 87 89 943 87 944 943 89 
91 944 89 945 944 91 93 945 91 
946 945 93 95 946 93 947 946 95 
97 947 95 948 947 97 99 948 97 
949 948 99 101 949 99 950 949 101 
103 950 101 951 950 103 105 951 103 
952 951 105 107 952 105 953 952 107 
109 953 107 954 953 109 111 954 109 
955 954 111 113 955 111 956 955 113 
115 956 113 957 956 115 117 957 115 
958 957 117 119 958 117 959 958 119 
720 960 721 961 960 720 721 962 722 
960 962 721 722 963 723 962 963 722 
723 964 724 963 964 723 724 965 725 
964 965 724 725 966 726 965 966 725 
726 967 727 966 967 726 727 968 728 
967 968 727 728 969 729 968 969 728 
729 970 730 969 970 729 730 971 731 
970 971 730 731 972 732 971 972 731 
732 973 733 972 973 732 733 974 734 
973 974 733 734 975 735 974 975 734 
735 976 736 975 976 735 736 977 737 
976 977 736 737 978 738 977 978 737 
738 979 739 978 979 738 739 980 740 
979 980 739 740 981 741 980 981 740 
741 982 742 981 982 741 742 983 743 
982 983 742 743 984 744 983 984 743 
744 985 745 984 985 744 745 986 746 
985 986 745 746 987 747 986 987 746 
747 988 748 987 988 747 748 989 749 
988 989 748 749 990 750 989 990 749 
750 991 751 990 991 750 751 992 752 
991 992 751 752 993 753 992 993 752 
753 994 754 993 994 753 754 995 755 
994 995 754 755 996 756 995 996 755 
756 997 757 996 997 756 757 998 758 
997 998 757 758 999 759 998 999 758 
759 1000 760 999 1000 759 760 1001 761 
1000 1001 760 761 1002 762 1001 1002 761 
762 1003 763 1002 1003 762 763 1004 764 
1003 1004 763 764 1005 765 1004 1005 764 
765 1006 766 1005 1006 765 766 1007 767 
1006 1007 766 767 1008 768 1007 1008 767 
768 1009 769 1008 1009 768 769 1010 770 
1009 1010 769 770 1011 771 1010 1011 770 
771 1012 772 1011 1012 771 772 1013 773 
1012 1013 772 773 1014 774 1013 1014 773 
774 1015 775 1014 1015 774 775 1016 776 
1015 1016 775 776 1017 777 1016 1017 776 
777 1018 778 1017 1018 777 778 1019 779 
1018 1019 778 960 961 1020 1020 961 1021 
962 960 1022 1022 960 1020 963 962 1023 
1023 962 1022 964 963 1024 1024 963 1023 
965 964 1025 1025 964 1024 966 965 1026 
1026 965 1025 967 966 1027 1027 966 1026 
968 967 1028 1028 967 1027 969 968 1029 
1029 968 1028 970 969 1030 1030 969 1029 
971 970 1031 1031 970 1030 972 971 1032 
1032 971 1031 973 972 1033 1033 972 1032 
974 973 1034 1034 973 1033 975 974 1035 
1035 974 1034 976 975 1036 1036 975 1035 
977 976 1037 1037 976 1036 978 977 1038 
1038 977 1037 979 978 1039 1039 978 1038 
980 979 1040 1040 979 1039 981 980 1041 
1041 980 1040 982 981 1042 1042 981 1041 
983 982 1043 1043 982 1042 984 983 1044 
1044 983 1043 985 984 1045 1045 984 1044 
986 985 1046 1046 985 1045 987 986 1047 
1047 986 1046 988 987 1048 1048 987 1047 
989 988 1049 1049 988 1048 990 989 1050 
1050 989 1049 991 990 1051 1051 990 1050 
992 991 1052 1052 991 1051 993 992 1053 
1053 992 1052 994 993 1054 1054 993 1053 
995 994 1055 1055 994 1054 996 995 1056 
1056 995 1055 997 996 1057 1057 996 1056 
998 997 1058 1058 997 1057 999 998 1059 
1059 998 1058 1000 999 1060 1060 999 1059 
1001 1000 1061 1061 1000 1060 1002 1001 1062 
1062 1001 1061 1003 1002 1063 1063 1002 1062 
1004 1003 1064 1064 1003 1063 1005 1004 1065 
1065 1004 1064 1006 1005 1066 1066 1005 1065 
1007 1006 1067 1067 1006 1066 1008 1007 1068 
1068 1007 1067 1009 1008 1069 1069 1008 1068 
1010 1009 1070 1070 1009 1069 1011 1010 1071 
1071 1010 1070 1012 1011 1072 1072 1011 1071 
1013 1012 1073 1073 1012 1072 1014 1013 1074 
1074 1013 1073 1015 1014 1075 1075 1014 1074 
1016 1015 1076 1076 1015 1075 1017 1016 1077 
1077 1016 1076 1018 1017 1078 1078 1017 1077 
1019 1018 1079 1079 1018 1078 1020 1021 1080 
1081 1020 1080 1022 1020 1081 1082 1022 1081 
1023 1022 1082 1083 1023 1082 1024 1023 1083 
1084 1024 1083 1025 1024 1084 1085 1025 1084 
1026 1025 1085 1086 1026 1085 1027 1026 1086 
1087 1027 1086 1028 1027 1087 1088 1028 1087 
1029 1028 1088 1089 1029 1088 1030 1029 1089 
1090 1030 1089 1031 1030 1090 1091 1031 1090 
1032 1031 1091 1092 1032 1091 1033 1032 1092 
1093 1033 1092 1034 1033 1093 1094 1034 1093 
1035 1034 1094 1095 1035 1094 1036 1035 1095 
1096 1036 1095 1037 1036 1096 1097 1037 1096 
1038 1037 1097 1098 1038 1097 1039 1038 1098 
1099 1039 1098 1040 1039 1099 1100 1040 1099 
1041 1040 1100 1101 1041 1100 1042 1041 1101 
1102 1042 1101 1043 1042 1102 1103 1043 1102 
1044 1043 1103 1104 1044 1103 1045 1044 1104 
1105 1045 1104 1046 1045 1105 1106 1046 1105 
1047 1046 1106 1107 1047 1106 1048 1047 1107 
1108 1048 1107 1049 1048 1108 1109 1049 1108 
1050 1049 1109 1110 1050 1109 1051 1050 1110 
1111 1051 1110 1052 1051 1111 1112 1052 1111 
1053 1052 1112 1113 1053 1112 1054 1053 1113 
1114 1054 1113 1055 1054 1114 1115 1055 1114 
1056 1055 1115 1116 1056 1115 1057 1056 1116 
1117 1057 1116 1058 1057 1117 1118 1058 1117 
1059 1058 1118 1119 1059 1118 1060 1059 1119 
1120 1060 1119 1061 1060 1120 1121 1061 1120 
1062 1061 1121 1122 1062 1121 1063 1062 1122 
1123 1063 1122 1064 1063 1123 1124 1064 1123 
1065 1064 1124 1125 1065 1124 1066 1065 1125 
1126 1066 1125 1067 1066 1126 1127 1067 1126 
1068 1067 1127 1128 1068 1127 1069 1068 1128 
1129 1069 1128 1070 1069 1129 1130 1070 1129 
1071 1070 1130 1131 1071 1130 1072 1071 1131 
1132 1072 1131 1073 1072 1132 1133 1073 1132 
1074 1073 1133 1134 1074 1133 1075 1074 1134 
1135 1075 1134 1076 1075 1135 1136 1076 1135 
1077 1076 1136 1137 1077 1136 1078 1077 1137 
1138 1078 1137 1079 1078 1138 1139 1079 1138 
1140 1141 1142 1143 1140 1142 1141 1144 1145 
1142 1141 1145 1144 1146 1147 1145 1144 1147 
1146 1148 1149 1147 1146 1149 1148 1150 1151 
1149 1148 1151 1150 1152 1153 1151 1150 1153 
1152 1154 1155 1153 1152 1155 1154 1156 1157 
1155 1154 1157 1156 1158 1159 1157 1156 1159 
1158 1160 1161 1159 1158 1161 1160 1162 1163 
1161 1160 1163 1162 1164 1165 1163 1162 1165 
1164 1166 1167 1165 1164 1167 1166 1168 1169 
1167 1166 1169 1168 1170 1171 1169 1168 1171 
1170 1172 1173 1171 1170 1173 1172 1174 1175 
1173 1172 1175 1174 1176 1177 1175 1174 1177 
1176 1178 1179 1177 1176 1179 1178 1180 1181 
1179 1178 1181 1180 1182 1183 1181 1180 1183 
1182 1184 1185 1183 1182 1185 1184 1186 1187 
1185 1184 1187 1186 1188 1189 1187 1186 1189 
1188 1190 1191 1189 1188 1191 1190 1192 1193 
1191 1190 1193 1192 1194 1195 1193 1192 1195 
1194 1196 1197 1195 1194 1197 1196 1198 1199 
1197 1196 1199 1198 1200 1201 1199 1198 1201 
1200 1202 1203 1201 1200 1203 1202 1204 1205 
1203 1202 1205 1204 1206 1207 1205 1204 1207 
1206 1208 1209 1207 1206 1209 1208 1210 1211 
1209 1208 1211 1210 1212 1213 1211 1210 1213 
1212 1214 1215 1213 1212 1215 1214 1216 1217 
1215 1214 1217 1216 1218 1219 1217 1216 1219 
1218 1220 1221 1219 1218 1221 1220 1222 1223 
1221 1220 1223 1222 1224 1225 1223 1222 1225 
1224 1226 1227 1225 1224 1227 1226 1228 1229 
1227 1226 1229 1228 1230 1231 1229 1228 1231 
1230 1232 1233 1231 1230 1233 1232 1234 1235 
1233 1232 1235 1234 1236 1237 1235 1234 1237 
1236 1238 1239 1237 1236 1239 1238 1240 1241 
1239 1238 1241 1240 1242 1243 1241 1240 1243 
1242 1244 1245 1243 1242 1245 1244 1246 1247 
1245 1244 1247 1246 1248 1249 1247 1246 1249 
1248 1250 1251 1249 1248 1251 1250 1252 1253 
1251 1250 1253 1252 1254 1255 1253 1252 1255 
1254 1256 1257 1255 1254 1257 1256 1258 1259 
1257 1256 1259 782 1140 783 1141 1140 782 
785 1141 782 1144 1141 785 787 1144 785 
1146 1144 787 789 1146 787 1148 1146 789 
791 1148 789 1150 1148 791 793 1150 791 
1152 1150 793 795 1152 793 1154 1152 795 
797 1154 795 1156 1154 797 799 1156 797 
1158 1156 799 801 1158 799 1160 1158 801 
803 1160 801 1162 1160 803 805 1162 803 
1164 1162 805 807 1164 805 1166 1164 807 
809 1166 807 1168 1166 809 811 1168 809 
1170 1168 811 813 1170 811 1172 1170 813 
815 1172 813 1174 1172 815 817 1174 815 
1176 1174 817 819 1176 817 1178 1176 819 
821 1178 819 1180 1178 821 823 1180 821 
1182 1180 823 825 1182 823 1184 1182 825 
827 1184 825 1186 1184 827 829 1186 827 
1188 1186 829 831 1188 829 1190 1188 831 
833 1190 831 1192 1190 833 835 1192 833 
1194 1192 835 837 1194 835 1196 1194 837 
839 1196 837 1198 1196 839 841 1198 839 
1200 1198 841 843 1200 841 1202 1200 843 
845 1202 843 1204 1202 845 847 1204 845 
1206 1204 847 849 1206 847 1208 1206 849 
851 1208 849 1210 1208 851 853 1210 851 
1212 1210 853 855 1212 853 1214 1212 855 
857 1214 855 1216 1214 857 859 1216 857 
1218 1216 859 861 1218 859 1220 1218 861 
863 1220 861 1222 1220 863 865 1222 863 
1224 1222 865 867 1224 865 1226 1224 867 
869 1226 867 1228 1226 869 871 1228 869 
1230 1228 871 873 1230 871 1232 1230 873 
875 1232 873 1234 1232 875 877 1234 875 
1236 1234 877 879 1236 877 1238 1236 879 
881 1238 879 1240 1238 881 883 1240 881 
1242 1240 883 885 1242 883 1244 1242 885 
887 1244 885 1246 1244 887 889 1246 887 
1248 1246 889 891 1248 889 1250 1248 891 
893 1250 891 1252 1250 893 895 1252 893 
1254 1252 895 897 1254 895 1256 1254 897 
899 1256 897 1258 1256 899 1080 1260 1081 
1261 1260 1080 1081 1262 1082 1260 1262 1081 
1082 1263 1083 1262 1263 1082 1083 1264 1084 
1263 1264 1083 1084 1265 1085 1264 1265 1084 
1085 1266 1086 1265 1266 1085 1086 1267 1087 
1266 1267 1086 1087 1268 1088 1267 1268 1087 
1088 1269 1089 1268 1269 1088 1089 1270 1090 
1269 1270 1089 1090 1271 1091 1270 1271 1090 
1091 1272 1092 1271 1272 1091 1092 1273 1093 
1272 1273 1092 1093 1274 1094 1273 1274 1093 
1094 1275 1095 1274 1275 1094 1095 1276 1096 
1275 1276 1095 1096 1277 1097 1276 1277 1096 
1097 1278 1098 1277 1278 1097 1098 1279 1099 
1278 1279 1098 1099 1280 1100 1279 1280 1099 
1100 1281 1101 1280 1281 1100 1101 1282 1102 
1281 1282 1101 1102 1283 1103 1282 1283 1102 
1103 1284 1104 1283 1284 1103 1104 1285 1105 
1284 1285 1104 1105 1286 1106 1285 1286 1105 
1106 1287 1107 1286 1287 1106 1107 1288 1108 
1287 1288 1107 1108 1289 1109 1288 1289 1108 
1109 1290 1110 1289 1290 1109 1110 1291 1111 
1290 1291 1110 1111 1292 1112 1291 1292 1111 
1112 1293 1113 1292 1293 1112 1113 1294 1114 
1293 1294 1113 1114 1295 1115 1294 1295 1114 
1115 1296 1116 1295 1296 1115 1116 1297 1117 
1296 1297 1116 1117 1298 1118 1297 1298 1117 
1118 1299 1119 1298 1299 1118 1119 1300 1120 
1299 1300 1119 1120 1301 1121 1300 1301 1120 
1121 1302 1122 1301 1302 1121 1122 1303 1123 
1302 1303 1122 1123 1304 1124 1303 1304 1123 
1124 1305 1125 1304 1305 1124 1125 1306 1126 
1305 1306 1125 1126 1307 1127 1306 1307 1126 
1127 1308 1128 1307 1308 1127 1128 1309 1129 
1308 1309 1128 1129 1310 1130 1309 1310 1129 
1130 1311 1131 1310 1311 1130 1131 1312 1132 
1311 1312 1131 1132 1313 1133 1312 1313 1132 
1133 1314 1134 1313 1314 1133 1134 1315 1135 
1314 1315 1134 1135 1316 1136 1315 1316 1135 
1136 1317 1137 1316 1317 1136 1137 1318 1138 
1317 1318 1137 1138 1319 1139 1318 1319 1138 
1260 1261 1320 1321 1260 1320 1262 1260 1321 
1322 1262 1321 1263 1262 1322 1323 1263 1322 
1264 1263 1323 1324 1264 1323 1265 1264 1324 
1325 1265 1324 1266 1265 1325 1326 1266 1325 
1267 1266 1326 1327 1267 1326 1268 1267 1327 
1328 1268 1327 1269 1268 1328 1329 1269 1328 
1270 1269 1329 1330 1270 1329 1271 1270 1330 
1331 1271 1330 1272 1271 1331 1332 1272 1331 
1273 1272 1332 1333 1273 1332 1274 1273 1333 
1334 1274 1333 1275 1274 1334 1335 1275 1334 
1276 1275 1335 1336 1276 1335 1277 1276 1336 
1337 1277 1336 1278 1277 1337 1338 1278 1337 
1279 1278 1338 1339 1279 1338 1280 1279 1339 
1340 1280 1339 1281 1280 1340 1341 1281 1340 
1282 1281 1341 1342 1282 1341 1283 1282 1342 
1343 1283 1342 1284 1283 1343 1344 1284 1343 
1285 1284 1344 1345 1285 1344 1286 1285 1345 
1346 1286 1345 1287 1286 1346 1347 1287 1346 
1288 1287 1347 1348 1288 1347 1289 1288 1348 
1349 1289 1348 1290 1289 1349 1350 1290 1349 
1291 1290 1350 1351 1291 1350 1292 1291 1351 
1352 1292 1351 1293 1292 1352 1353 1293 1352 
1294 1293 1353 1354 1294 1353 1295 1294 1354 
1355 1295 1354 1296 1295 1355 1356 1296 1355 
1297 1296 1356 1357 1297 1356 1298 1297 1357 
1358 1298 1357 1299 1298 1358 1359 1299 1358 
1300 1299 1359 1360 1300 1359 1301 1300 1360 
1361 1301 1360 1302 1301 1361 1362 1302 1361 
1303 1302 1362 1363 1303 1362 1304 1303 1363 
1364 1304 1363 1305 1304 1364 1365 1305 1364 
1306 1305 1365 1366 1306 1365 1307 1306 1366 
1367 1307 1366 1308 1307 1367 1368 1308 1367 
1309 1308 1368 1369 1309 1368 1310 1309 1369 
1370 1310 1369 1311 1310 1370 1371 1311 1370 
1312 1311 1371 1372 1312 1371 1313 1312 1372 
1373 1313 1372 1314 1313 1373 1374 1314 1373 
1315 1314 1374 1375 1315 1374 1316 1315 1375 
1376 1316 1375 1317 1316 1376 1377 1317 1376 
1318 1317 1377 1378 1318 1377 1319 1318 1378 
1379 1319 1378 1380 1381 1382 1383 1380 1382 
1381 1384 1385 1382 1381 1385 1384 1386 1387 
1385 1384 1387 1386 1388 1389 1387 1386 1389 
1388 1390 1391 1389 1388 1391 1390 1392 1393 
1391 1390 1393 1392 1394 1395 1393 1392 1395 
1394 1396 1397 1395 1394 1397 1396 1398 1399 
1397 1396 1399 1398 1400 1401 1399 1398 1401 
1400 1402 1403 1401 1400 1403 1402 1404 1405 
1403 1402 1405 1404 1406 1407 1405 1404 1407 
1406 1408 1409 1407 1406 1409 1408 1410 1411 
1409 1408 1411 1410 1412 1413 1411 1410 1413 
1412 1414 1415 1413 1412 1415 1414 1416 1417 
1415 1414 1417 1416 1418 1419 1417 1416 1419 
1418 1420 1421 1419 1418 1421 1420 1422 1423 
1421 1420 1423 1422 1424 1425 1423 1422 1425 
1424 1426 1427 1425 1424 1427 1426 1428 1429 
1427 1426 1429 1428 1430 1431 1429 1428 1431 
1430 1432 1433 1431 1430 1433 1432 1434 1435 
1433 1432 1435 1434 1436 1437 1435 1434 1437 
1436 1438 1439 1437 1436 1439 1438 1440 1441 
1439 1438 1441 1440 1442 1443 1441 1440 1443 
1442 1444 1445 1443 1442 1445 1444 1446 1447 
1445 1444 1447 1446 1448 1449 1447 1446 1449 
1448 1450 1451 1449 1448 1451 1450 1452 1453 
1451 1450 1453 1452 1454 1455 1453 1452 1455 
1454 1456 1457 1455 1454 1457 1456 1458 1459 
1457 1456 1459 1458 1460 1461 1459 1458 1461 
1460 1462 1463 1461 1460 1463 1462 1464 1465 
1463 1462 1465 1464 1466 1467 1465 1464 1467 
1466 1468 1469 1467 1466 1469 1468 1470 1471 
1469 1468 1471 1470 1472 1473 1471 1470 1473 
1472 1474 1475 1473 1472 1475 1474 1476 1477 
1475 1474 1477 1476 1478 1479 1477 1476 1479 
1478 1480 1481 1479 1478 1481 1480 1482 1483 
1481 1480 1483 1482 1484 1485 1483 1482 1485 
1484 1486 1487 1485 1484 1487 1486 1488 1489 
1487 1486 1489 1488 1490 1491 1489 1488 1491 
1490 1492 1493 1491 1490 1493 1492 1494 1495 
1493 1492 1495 1494 1496 1497 1495 1494 1497 
1496 1498 1499 1497 1496 1499 1381 1380 1500 
1500 1380 1501 1384 1381 1502 1502 1381 1500 
1386 1384 1503 1503 1384 1502 1388 1386 1504 
1504 1386 1503 1390 1388 1505 1505 1388 1504 
1392 1390 1506 1506 1390 1505 1394 1392 1507 
1507 1392 1506 1396 1394 1508 1508 1394 1507 
1398 1396 1509 1509 1396 1508 1400 1398 1510 
1510 1398 1509 1402 1400 1511 1511 1400 1510 
1404 1402 1512 1512 1402 1511 1406 1404 1513 
1513 1404 1512 1408 1406 1514 1514 1406 1513 
1410 1408 1515 1515 1408 1514 1412 1410 1516 
1516 1410 1515 1414 1412 1517 1517 1412 1516 
1416 1414 1518 1518 1414 1517 1418 1416 1519 
1519 1416 1518 1420 1418 1520 1520 1418 1519 
1422 1420 1521 1521 1420 1520 1424 1422 1522 
1522 1422 1521 1426 1424 1523 1523 1424 1522 
1428 1426 1524 1524 1426 1523 1430 1428 1525 
1525 1428 1524 1432 1430 1526 1526 1430 1525 
1434 1432 1527 1527 1432 1526 1436 1434 1528 
1528 1434 1527 1438 1436 1529 1529 1436 1528 
1440 1438 1530 1530 1438 1529 1442 1440 1531 
1531 1440 1530 1444 1442 1532 1532 1442 1531 
1446 1444 1533 1533 1444 1532 1448 1446 1534 
1534 1446 1533 1450 1448 1535 1535 1448 1534 
1452 1450 1536 1536 1450 1535 1454 1452 1537 
1537 1452 1536 1456 1454 1538 1538 1454 1537 
1458 1456 1539 1539 1456 1538 1460 1458 1540 
1540 1458 1539 1462 1460 1541 1541 1460 1540 
1464 1462 1542 1542 1462 1541 1466 1464 1543 
1543 1464 1542 1468 1466 1544 1544 1466 1543 
1470 1468 1545 1545 1468 1544 1472 1470 1546 
1546 1470 1545 1474 1472 1547 1547 1472 1546 
1476 1474 1548 1548 1474 1547 1478 1476 1549 
1549 1476 1548 1480 1478 1550 1550 1478 1549 
1482 1480 1551 1551 1480 1550 1484 1482 1552 
1552 1482 1551 1486 1484 1553 1553 1484 1552 
1488 1486 1554 1554 1486 1553 1490 1488 1555 
1555 1488 1554 1492 1490 1556 1556 1490 1555 
1494 1492 1557 1557 1492 1556 1496 1494 1558 
1558 1494 1557 1498 1496 1559 1559 1496 1558 
1142 1501 1143 1500 1501 1142 1145 1500 1142 
1502 1500 1145 1147 1502 1145 1503 1502 1147 
1149 1503 1147 1504 1503 1149 1151 1504 1149 
1505 1504 1151 1153 1505 1151 1506 1505 1153 
1155 1506 1153 1507 1506 1155 1157 1507 1155 
1508 1507 1157 1159 1508 1157 1509 1508 1159 
1161 1509 1159 1510 1509 1161 1163 1510 1161 
1511 1510 1163 1165 1511 1163 1512 1511 1165 
1167 1512 1165 1513 1512 1167 1169 1513 1167 
1514 1513 1169 1171 1514 1169 1515 1514 1171 
1173 1515 1171 1516 1515 1173 1175 1516 1173 
1517 1516 1175 1177 1517 1175 1518 1517 1177 
1179 1518 1177 1519 1518 1179 1181 1519 1179 
1520 1519 1181 1183 1520 1181 1521 1520 1183 
1185 1521 1183 1522 1521 1185 1187 1522 1185 
1523 1522 1187 1189 1523 1187 1524 1523 1189 
1191 1524 1189 1525 1524 1191 1193 1525 1191 
1526 1525 1193 1195 1526 1193 1527 1526 1195 
1197 1527 1195 1528 1527 1197 1199 1528 1197 
1529 1528 1199 1201 1529 1199 1530 1529 1201 
1203 1530 1201 1531 1530 1203 1205 1531 1203 
1532 1531 1205 1207 1532 1205 1533 1532 1207 
1209 1533 1207 1534 1533 1209 1211 1534 1209 
1535 1534 1211 1213 1535 1211 1536 1535 1213 
1215 1536 1213 1537 1536 1215 1217 1537 1215 
1538 1537 1217 1219 1538 1217 1539 1538 1219 
1221 1539 1219 1540 1539 1221 1223 1540 1221 
1541 1540 1223 1225 1541 1223 1542 1541 1225 
1227 1542 1225 1543 1542 1227 1229 1543 1227 
1544 1543 1229 1231 1544 1229 1545 1544 1231 
1233 1545 1231 1546 1545 1233 1235 1546 1233 
1547 1546 1235 1237 1547 1235 1548 1547 1237 
1239 1548 1237 1549 1548 1239 1241 1549 1239 
1550 1549 1241 1243 1550 1241 1551 1550 1243 
1245 1551 1243 1552 1551 1245 1247 1552 1245 
1553 1552 1247 1249 1553 1247 1554 1553 1249 
1251 1554 1249 1555 1554 1251 1253 1555 1251 
1556 1555 1253 1255 1556 1253 1557 1556 1255 
1257 1557 1255 1558 1557 1257 1259 1558 1257 
1559 1558 1259 1320 1560 1321 1561 1560 1320 
1321 1562 1322 1560 1562 1321 1322 1563 1323 
1562 1563 1322 1323 1564 1324 1563 1564 1323 
1324 1565 1325 1564 1565 1324 1325 1566 1326 
1565 1566 1325 1326 1567 1327 1566 1567 1326 
1327 1568 1328 1567 1568 1327 1328 1569 1329 
1568 1569 1328 1329 1570 1330 1569 1570 1329 
1330 1571 1331 1570 1571 1330 1331 1572 1332 
1571 1572 1331 1332 1573 1333 1572 1573 1332 
1333 1574 1334 1573 1574 1333 1334 1575 1335 
1574 1575 1334 1335 1576 1336 1575 1576 1335 
1336 1577 1337 1576 1577 1336 1337 1578 1338 
1577 1578 1337 1338 1579 1339 1578 1579 1338 
1339 1580 1340 1579 1580 1339 1340 1581 1341 
1580 1581 1340 1341 1582 1342 1581 1582 1341 
1342 1583 1343 1582 1583 1342 1343 1584 1344 
1583 1584 1343 1344 1585 1345 1584 1585 1344 
1345 1586 1346 1585 1586 1345 1346 1587 1347 
1586 1587 1346 1347 1588 1348 1587 1588 1347 
1348 1589 1349 1588 1589 1348 1349 1590 1350 
1589 1590 1349 1350 1591 1351 1590 1591 1350 
1351 1592 1352 1591 1592 1351 1352 1593 1353 
1592 1593 1352 1353 1594 1354 1593 1594 1353 
1354 1595 1355 1594 1595 1354 1355 1596 1356 
1595 1596 1355 1356 1597 1357 1596 1597 1356 
1357 1598 1358 1597 1598 1357 1358 1599 1359 
1598 1599 1358 1359 1600 1360 1599 1600 1359 
1360 1601 1361 1600 1601 1360 1361 1602 1362 
1601 1602 1361 1362 1603 1363 1602 1603 1362 
1363 1604 1364 1603 1604 1363 1364 1605 1365 
1604 1605 1364 1365 1606 1366 1605 1606 1365 
1366 1607 1367 1606 1607 1366 1367 1608 1368 
1607 1608 1367 1368 1609 1369 1608 1609 1368 
1369 1610 1370 1609 1610 1369 1370 1611 1371 
1610 1611 1370 1371 1612 1372 1611 1612 1371 
1372 1613 1373 1612 1613 1372 1373 1614 1374 
1613 1614 1373 1374 1615 1375 1614 1615 1374 
1375 1616 1376 1615 1616 1375 1376 1617 1377 
1616 1617 1376 1377 1618 1378 1617 1618 1377 
1378 1619 1379 1618 1619 1378 1560 1561 1620 
1620 1561 1621 1562 1560 1622 1622 1560 1620 
1563 1562 1623 1623 1562 1622 1564 1563 1624 
1624 1563 1623 1565 1564 1625 1625 1564 1624 
1566 1565 1626 1626 1565 1625 1567 1566 1627 
1627 1566 1626 1568 1567 1628 1628 1567 1627 
1569 1568 1629 1629 1568 1628 1570 1569 1630 
1630 1569 1629 1571 1570 1631 1631 1570 1630 
1572 1571 1632 1632 1571 1631 1573 1572 1633 
1633 1572 1632 1574 1573 1634 1634 1573 1633 
1575 1574 1635 1635 1574 1634 1576 1575 1636 
1636 1575 1635 1577 1576 1637 1637 1576 1636 
1578 1577 1638 1638 1577 1637 1579 1578 1639 
1639 1578 1638 1580 1579 1640 1640 1579 1639 
1581 1580 1641 1641 1580 1640 1582 1581 1642 
1642 1581 1641 1583 1582 1643 1643 1582 1642 
1584 1583 1644 1644 1583 1643 1585 1584 1645 
1645 1584 1644 1586 1585 1646 1646 1585 1645 
1587 1586 1647 1647 1586 1646 1588 1587 1648 
1648 1587 1647 1589 1588 1649 1649 1588 1648 
1590 1589 1650 1650 1589 1649 1591 1590 1651 
1651 1590 1650 1592 1591 1652 1652 1591 1651 
1593 1592 1653 1653 1592 1652 1594 1593 1654 
1654 1593 1653 1595 1594 1655 1655 1594 1654 
1596 1595 1656 1656 1595 1655 1597 1596 1657 
1657 1596 1656 1598 1597 1658 1658 1597 1657 
1599 1598 1659 1659 1598 1658 1600 1599 1660 
1660 1599 1659 1601 1600 1661 1661 1600 1660 
1602 1601 1662 1662 1601 1661 1603 1602 1663 
1663 1602 1662 1604 1603 1664 1664 1603 1663 
1605 1604 1665 1665 1604 1664 1606 1605 1666 
1666 1605 1665 1607 1606 1667 1667 1606 1666 
1608 1607 1668 1668 1607 1667 1609 1608 1669 
1669 1608 1668 1610 1609 1670 1670 1609 1669 
1611 1610 1671 1671 1610 1670 1612 1611 1672 
1672 1611 1671 1613 1612 1673 1673 1612 1672 
1614 1613 1674 1674 1613 1673 1615 1614 1675 
1675 1614 1674 1616 1615 1676 1676 1615 1675 
1617 1616 1677 1677 1616 1676 1618 1617 1678 
1678 1617 1677 1619 1618 1679 1679 1618 1678 
1620 1621 1680 1681 1620 1680 1622 1620 1681 
1682 1622 1681 1623 1622 1682 1683 1623 1682 
1624 1623 1683 1684 1624 1683 1625 1624 1684 
1685 1625 1684 1626 1625 1685 1686 1626 1685 
1627 1626 1686 1687 1627 1686 1628 1627 1687 
1688 1628 1687 1629 1628 1688 1689 1629 1688 
1630 1629 1689 1690 1630 1689 1631 1630 1690 
1691 1631 1690 1632 1631 1691 1692 1632 1691 
1633 1632 1692 1693 1633 1692 1634 1633 1693 
1694 1634 1693 1635 1634 1694 1695 1635 1694 
1636 1635 1695 1696 1636 1695 1637 1636 1696 
1697 1637 1696 1638 1637 1697 1698 1638 1697 
1639 1638 1698 1699 1639 1698 1640 1639 1699 
1700 1640 1699 1641 1640 1700 1701 1641 1700 
1642 1641 1701 1702 1642 1701 1643 1642 1702 
1703 1643 1702 1644 1643 1703 1704 1644 1703 
1645 1644 1704 1705 1645 1704 1646 1645 1705 
1706 1646 1705 1647 1646 1706 1707 1647 1706 
1648 1647 1707 1708 1648 1707 1649 1648 1708 
1709 1649 1708 1650 1649 1709 1710 1650 1709 
1651 1650 1710 1711 1651 1710 1652 1651 1711 
1712 1652 1711 1653 1652 1712 1713 1653 1712 
1654 1653 1713 1714 1654 1713 1655 1654 1714 
1715 1655 1714 1656 1655 1715 1716 1656 1715 
1657 1656 1716 1717 1657 1716 1658 1657 1717 
1718 1658 1717 1659 1658 1718 1719 1659 1718 
1660 1659 1719 1720 1660 1719 1661 1660 1720 
1721 1661 1720 1662 1661 1721 1722 1662 1721 
1663 1662 1722 1723 1663 1722 1664 1663 1723 
1724 1664 1723 1665 1664 1724 1725 1665 1724 
1666 1665 1725 1726 1666 1725 1667 1666 1726 
1727 1667 1726 1668 1667 1727 1728 1668 1727 
1669 1668 1728 1729 1669 1728 1670 1669 1729 
1730 1670 1729 1671 1670 1730 1731 1671 1730 
1672 1671 1731 1732 1672 1731 1673 1672 1732 
1733 1673 1732 1674 1673 1733 1734 1674 1733 
1675 1674 1734 1735 1675 1734 1676 1675 1735 
1736 1676 1735 1677 1676 1736 1737 1677 1736 
1678 1677 1737 1738 1678 1737 1679 1678 1738 
1739 1679 1738 1740 1741 1742 1743 1740 1742 
1741 1744 1745 1742 1741 1745 1744 1746 1747 
1745 1744 1747 1746 1748 1749 1747 1746 1749 
1748 1750 1751 1749 1748 1751 1750 1752 1753 
1751 1750 1753 1752 1754 1755 1753 1752 1755 
1754 1756 1757 1755 1754 1757 1756 1758 1759 
1757 1756 1759 1758 1760 1761 1759 1758 1761 
1760 1762 1763 1761 1760 1763 1762 1764 1765 
1763 1762 1765 1764 1766 1767 1765 1764 1767 
1766 1768 1769 1767 1766 1769 1768 1770 1771 
1769 1768 1771 1770 1772 1773 1771 1770 1773 
1772 1774 1775 1773 1772 1775 1774 1776 1777 
1775 1774 1777 1776 1778 1779 1777 1776 1779 
1778 1780 1781 1779 1778 1781 1780 1782 1783 
1781 1780 1783 1782 1784 1785 1783 1782 1785 
1784 1786 1787 1785 1784 1787 1786 1788 1789 
1787 1786 1789 1788 1790 1791 1789 1788 1791 
1790 1792 1793 1791 1790 1793 1792 1794 1795 
1793 1792 1795 1794 1796 1797 1795 1794 1797 
1796 1798 1799 1797 1796 1799 1798 1800 1801 
1799 1798 1801 1800 1802 1803 1801 1800 1803 
1802 1804 1805 1803 1802 1805 1804 1806 1807 
1805 1804 1807 1806 1808 1809 1807 1806 1809 
1808 1810 1811 1809 1808 1811 1810 1812 1813 
1811 1810 1813 1812 1814 1815 1813 1812 1815 
1814 1816 1817 1815 1814 1817 1816 1818 1819 
1817 1816 1819 1818 1820 1821 1819 1818 1821 
1820 1822 1823 1821 1820 1823 1822 1824 1825 
1823 1822 1825 1824 1826 1827 1825 1824 1827 
1826 1828 1829 1827 1826 1829 1828 1830 1831 
1829 1828 1831 1830 1832 1833 1831 1830 1833 
1832 1834 1835 1833 1832 1835 1834 1836 1837 
1835 1834 1837 1836 1838 1839 1837 1836 1839 
1838 1840 1841 1839 1838 1841 1840 1842 1843 
1841 1840 1843 1842 1844 1845 1843 1842 1845 
1844 1846 1847 1845 1844 1847 1846 1848 1849 
1847 1846 1849 1848 1850 1851 1849 1848 1851 
1850 1852 1853 1851 1850 1853 1852 1854 1855 
1853 1852 1855 1854 1856 1857 1855 1854 1857 
1856 1858 1859 1857 1856 1859 1382 1740 1383 
1741 1740 1382 1385 1741 1382 1744 1741 1385 
1387 1744 1385 1746 1744 1387 1389 1746 1387 
1748 1746 1389 1391 1748 1389 1750 1748 1391 
1393 1750 1391 1752 1750 1393 1395 1752 1393 
1754 1752 1395 1397 1754 1395 1756 1754 1397 
1399 1756 1397 1758 1756 1399 1401 1758 1399 
1760 1758 1401 1403 1760 1401 1762 1760 1403 
1405 1762 1403 1764 1762 1405 1407 1764 1405 
1766 1764 1407 1409 1766 1407 1768 1766 1409 
1411 1768 1409 1770 1768 1411 1413 1770 1411 
1772 1770 1413 1415 1772 1413 1774 1772 1415 
1417 1774 1415 1776 1774 1417 1419 1776 1417 
1778 1776 1419 1421 1778 1419 1780 1778 1421 
1423 1780 1421 1782 1780 1423 1425 1782 1423 
1784 1782 1425 1427 1784 1425 1786 1784 1427 
1429 1786 1427 1788 1786 1429 1431 1788 1429 
1790 1788 1431 1433 1790 1431 1792 1790 1433 
1435 1792 1433 1794 1792 1435 1437 1794 1435 
1796 1794 1437 1439 1796 1437 1798 1796 1439 
1441 1798 1439 1800 1798 1441 1443 1800 1441 
1802 1800 1443 1445 1802 1443 1804 1802 1445 
1447 1804 1445 1806 1804 1447 1449 1806 1447 
1808 1806 1449 1451 1808 1449 1810 1808 1451 
1453 1810 1451 1812 1810 1453 1455 1812 1453 
1814 1812 1455 1457 1814 1455 1816 1814 1457 
1459 1816 1457 1818 1816 1459 1461 1818 1459 
1820 1818 1461 1463 1820 1461 1822 1820 1463 
1465 1822 1463 1824 1822 1465 1467 1824 1465 
1826 1824 1467 1469 1826 1467 1828 1826 1469 
1471 1828 1469 1830 1828 1471 1473 1830 1471 
1832 1830 1473 1475 1832 1473 1834 1832 1475 
1477 1834 1475 1836 1834 1477 1479 1836 1477 
1838 1836 1479 1481 1838 1479 1840 1838 1481 
1483 1840 1481 1842 1840 1483 1485 1842 1483 
1844 1842 1485 1487 1844 1485 1846 1844 1487 
1489 1846 1487 1848 1846 1489 1491 1848 1489 
1850 1848 1491 1493 1850 1491 1852 1850 1493 
1495 1852 1493 1854 1852 1495 1497 1854 1495 
1856 1854 1497 1499 1856 1497 1858 1856 1499 
1680 1860 1681 1861 1860 1680 1681 1862 1682 
1860 1862 1681 1682 1863 1683 1862 1863 1682 
1683 1864 1684 1863 1864 1683 1684 1865 1685 
1864 1865 1684 1685 1866 1686 1865 1866 1685 
1686 1867 1687 1866 1867 1686 1687 1868 1688 
1867 1868 1687 1688 1869 1689 1868 1869 1688 
1689 1870 1690 1869 1870 1689 1690 1871 1691 
1870 1871 1690 1691 1872 1692 1871 1872 1691 
1692 1873 1693 1872 1873 1692 1693 1874 1694 
1873 1874 1693 1694 1875 1695 1874 1875 1694 
1695 1876 1696 1875 1876 1695 1696 1877 1697 
1876 1877 1696 1697 1878 1698 1877 1878 1697 
1698 1879 1699 1878 1879 1698 1699 1880 1700 
1879 1880 1699 1700 1881 1701 1880 1881 1700 
1701 1882 1702 1881 1882 1701 1702 1883 1703 
1882 1883 1702 1703 1884 1704 1883 1884 1703 
1704 1885 1705 1884 1885 1704 1705 1886 1706 
1885 1886 1705 1706 1887 1707 1886 1887 1706 
1707 1888 1708 1887 1888 1707 1708 1889 1709 
1888 1889 1708 1709 1890 1710 1889 1890 1709 
1710 1891 1711 1890 1891 1710 1711 1892 1712 
1891 1892 1711 1712 1893 1713 1892 1893 1712 
1713 1894 1714 1893 1894 1713 1714 1895 1715 
1894 1895 1714 1715 1896 1716 1895 1896 1715 
1716 1897 1717 1896 1897 1716 1717 1898 1718 
1897 1898 1717 1718 1899 1719 1898 1899 1718 
1719 1900 1720 1899 1900 1719 1720 1901 1721 
1900 1901 1720 1721 1902 1722 1901 1902 1721 
1722 1903 1723 1902 1903 1722 1723 1904 1724 
1903 1904 1723 1724 1905 1725 1904 1905 1724 
1725 1906 1726 1905 1906 1725 1726 1907 1727 
1906 1907 1726 1727 1908 1728 1907 1908 1727 
1728 1909 1729 1908 1909 1728 1729 1910 1730 
1909 1910 1729 1730 1911 1731 1910 1911 1730 
1731 1912 1732 1911 1912 1731 1732 1913 1733 
1912 1913 1732 1733 1914 1734 1913 1914 1733 
1734 1915 1735 1914 1915 1734 1735 1916 1736 
1915 1916 1735 1736 1917 1737 1916 1917 1736 
1737 1918 1738 1917 1918 1737 1738 1919 1739 
1918 1919 1738 1860 1861 1920 1921 1860 1920 
1862 1860 1921 1922 1862 1921 1863 1862 1922 
1923 1863 1922 1864 1863 1923 1924 1864 1923 
1865 1864 1924 1925 1865 1924 1866 1865 1925 
1926 1866 1925 1867 1866 1926 1927 1867 1926 
1868 1867 1927 1928 1868 1927 1869 1868 1928 
1929 1869 1928 1870 1869 1929 1930 1870 1929 
1871 1870 1930 1931 1871 1930 1872 1871 1931 
1932 1872 1931 1873 1872 1932 1933 1873 1932 
1874 1873 1933 1934 1874 1933 1875 1874 1934 
1935 1875 1934 1876 1875 1935 1936 1876 1935 
1877 1876 1936 1937 1877 1936 1878 1877 1937 
1938 1878 1937 1879 1878 1938 1939 1879 1938 
1880 1879 1939 1940 1880 1939 1881 1880 1940 
1941 1881 1940 1882 1881 1941 1942 1882 1941 
1883 1882 1942 1943 1883 1942 1884 1883 1943 
1944 1884 1943 1885 1884 1944 1945 1885 1944 
1886 1885 1945 1946 1886 1945 1887 1886 1946 
1947 1887 1946 1888 1887 1947 1948 1888 1947 
1889 1888 1948 1949 1889 1948 1890 1889 1949 
1950 1890 1949 1891 1890 1950 1951 1891 1950 
1892 1891 1951 1952 1892 1951 1893 1892 1952 
1953 1893 1952 1894 1893 1953 1954 1894 1953 
1895 1894 1954 1955 1895 1954 1896 1895 1955 
1956 1896 1955 1897 1896 1956 1957 1897 1956 
1898 1897 1957 1958 1898 1957 1899 1898 1958 
1959 1899 1958 1900 1899 1959 1960 1900 1959 
1901 1900 1960 1961 1901 1960 1902 1901 1961 
1962 1902 1961 1903 1902 1962 1963 1903 1962 
1904 1903 1963 1964 1904 1963 1905 1904 1964 
1965 1905 1964 1906 1905 1965 1966 1906 1965 
1907 1906 1966 1967 1907 1966 1908 1907 1967 
1968 1908 1967 1909 1908 1968 1969 1909 1968 
1910 1909 1969 1970 1910 1969 1911 1910 1970 
1971 1911 1970 1912 1911 1971 1972 1912 1971 
1913 1912 1972 1973 1913 1972 1914 1913 1973 
1974 1914 1973 1915 1914 1974 1975 1915 1974 
1916 1915 1975 1976 1916 1975 1917 1916 1976 
1977 1917 1976 1918 1917 1977 1978 1918 1977 
1919 1918 1978 1979 1919 1978 1742 1980 1743 
1743 1980 1981 1745 1982 1742 1742 1982 1980 
1747 1983 1745 1745 1983 1982 1749 1984 1747 
1747 1984 1983 1751 1985 1749 1749 1985 1984 
1753 1986 1751 1751 1986 1985 1755 1987 1753 
1753 1987 1986 1757 1988 1755 1755 1988 1987 
1759 1989 1757 1757 1989 1988 1761 1990 1759 
1759 1990 1989 1763 1991 1761 1761 1991 1990 
1765 1992 1763 1763 1992 1991 1767 1993 1765 
1765 1993 1992 1769 1994 1767 1767 1994 1993 
1771 1995 1769 1769 1995 1994 1773 1996 1771 
1771 1996 1995 1775 1997 1773 1773 1997 1996 
1777 1998 1775 1775 1998 1997 1779 1999 1777 
1777 1999 1998 1781 2000 1779 1779 2000 1999 
1783 2001 1781 1781 2001 2000 1785 2002 1783 
1783 2002 2001 1787 2003 1785 1785 2003 2002 
1789 2004 1787 1787 2004 2003 1791 2005 1789 
1789 2005 2004 1793 2006 1791 1791 2006 2005 
1795 2007 1793 1793 2007 2006 1797 2008 1795 
1795 2008 2007 1799 2009 1797 1797 2009 2008 
1801 2010 1799 1799 2010 2009 1803 2011 1801 
1801 2011 2010 1805 2012 1803 1803 2012 2011 
1807 2013 1805 1805 2013 2012 1809 2014 1807 
1807 2014 2013 1811 2015 1809 1809 2015 2014 
1813 2016 1811 1811 2016 2015 1815 2017 1813 
1813 2017 2016 1817 2018 1815 1815 2018 2017 
1819 2019 1817 1817 2019 2018 1821 2020 1819 
1819 2020 2019 1823 2021 1821 1821 2021 2020 
1825 2022 1823 1823 2022 2021 1827 2023 1825 
1825 2023 2022 1829 2024 1827 1827 2024 2023 
1831 2025 1829 1829 2025 2024 1833 2026 1831 
1831 2026 2025 1835 2027 1833 1833 2027 2026 
1837 2028 1835 1835 2028 2027 1839 2029 1837 
1837 2029 2028 1841 2030 1839 1839 2030 2029 
1843 2031 1841 1841 2031 2030 1845 2032 1843 
1843 2032 2031 1847 2033 1845 1845 2033 2032 
1849 2034 1847 1847 2034 2033 1851 2035 1849 
1849 2035 2034 1853 2036 1851 1851 2036 2035 
1855 2037 1853 1853 2037 2036 1857 2038 1855 
1855 2038 2037 1859 2039 1857 1857 2039 2038 
1921 1920 2040 1920 2041 2040 1922 1921 2042 
1921 2040 2042 1923 1922 2043 1922 2042 2043 
1924 1923 2044 1923 2043 2044 1925 1924 2045 
1924 2044 2045 1926 1925 2046 1925 2045 2046 
1927 1926 2047 1926 2046 2047 1928 1927 2048 
1927 2047 2048 1929 1928 2049 1928 2048 2049 
1930 1929 2050 1929 2049 2050 1931 1930 2051 
1930 2050 2051 1932 1931 2052 1931 2051 2052 
1933 1932 2053 1932 2052 2053 1934 1933 2054 
1933 2053 2054 1935 1934 2055 1934 2054 2055 
1936 1935 2056 1935 2055 2056 1937 1936 2057 
1936 2056 2057 1938 1937 2058 1937 2057 2058 
1939 1938 2059 1938 2058 2059 1940 1939 2060 
1939 2059 2060 1941 1940 2061 1940 2060 2061 
1942 1941 2062 1941 2061 2062 1943 1942 2063 
1942 2062 2063 1944 1943 2064 1943 2063 2064 
1945 1944 2065 1944 2064 2065 1946 1945 2066 
1945 2065 2066 1947 1946 2067 1946 2066 2067 
1948 1947 2068 1947 2067 2068 1949 1948 2069 
1948 2068 2069 1950 1949 2070 1949 2069 2070 
1951 1950 2071 1950 2070 2071 1952 1951 2072 
1951 2071 2072 1953 1952 2073 1952 2072 2073 
1954 1953 2074 1953 2073 2074 1955 1954 2075 
1954 2074 2075 1956 1955 2076 1955 2075 2076 
1957 1956 2077 1956 2076 2077 1958 1957 2078 
1957 2077 2078 1959 1958 2079 1958 2078 2079 
1960 1959 2080 1959 2079 2080 1961 1960 2081 
1960 2080 2081 1962 1961 2082 1961 2081 2082 
1963 1962 2083 1962 2082 2083 1964 1963 2084 
1963 2083 2084 1965 1964 2085 1964 2084 2085 
1966 1965 2086 1965 2085 2086 1967 1966 2087 
1966 2086 2087 1968 1967 2088 1967 2087 2088 
1969 1968 2089 1968 2088 2089 1970 1969 2090 
1969 2089 2090 1971 1970 2091 1970 2090 2091 
1972 1971 2092 1971 2091 2092 1973 1972 2093 
1972 2092 2093 1974 1973 2094 1973 2093 2094 
1975 1974 2095 1974 2094 2095 1976 1975 2096 
1975 2095 2096 1977 1976 2097 1976 2096 2097 
1978 1977 2098 1977 2097 2098 1979 1978 2099 
1978 2098 2099 2100 2101 2102 2103 2100 2102 
2101 2104 2105 2102 2101 2105 2104 2106 2107 
2105 2104 2107 2106 2108 2109 2107 2106 2109 
2108 2110 2111 2109 2108 2111 2110 2112 2113 
2111 2110 2113 2112 2114 2115 2113 2112 2115 
2114 2116 2117 2115 2114 2117 2116 2118 2119 
2117 2116 2119 2118 2120 2121 2119 2118 2121 
2120 2122 2123 2121 2120 2123 2122 2124 2125 
2123 2122 2125 2124 2126 2127 2125 2124 2127 
2126 2128 2129 2127 2126 2129 2128 2130 2131 
2129 2128 2131 2130 2132 2133 2131 2130 2133 
2132 2134 2135 2133 2132 2135 2134 2136 2137 
2135 2134 2137 2136 2138 2139 2137 2136 2139 
2138 2140 2141 2139 2138 2141 2140 2142 2143 
2141 2140 2143 2142 2144 2145 2143 2142 2145 
2144 2146 2147 2145 2144 2147 2146 2148 2149 
2147 2146 2149 2148 2150 2151 2149 2148 2151 
2150 2152 2153 2151 2150 2153 2152 2154 2155 
2153 2152 2155 2154 2156 2157 2155 2154 2157 
2156 2158 2159 2157 2156 2159 2158 2160 2161 
2159 2158 2161 2160 2162 2163 2161 2160 2163 
2162 2164 2165 2163 2162 2165 2164 2166 2167 
2165 2164 2167 2166 2168 2169 2167 2166 2169 
2168 2170 2171 2169 2168 2171 2170 2172 2173 
2171 2170 2173 2172 2174 2175 2173 2172 2175 
2174 2176 2177 2175 2174 2177 2176 2178 2179 
2177 2176 2179 2178 2180 2181 2179 2178 2181 
2180 2182 2183 2181 2180 2183 2182 2184 2185 
2183 2182 2185 2184 2186 2187 2185 2184 2187 
2186 2188 2189 2187 2186 2189 2188 2190 2191 
2189 2188 2191 2190 2192 2193 2191 2190 2193 
2192 2194 2195 2193 2192 2195 2194 2196 2197 
2195 2194 2197 2196 2198 2199 2197 2196 2199 
2198 2200 2201 2199 2198 2201 2200 2202 2203 
2201 2200 2203 2202 2204 2205 2203 2202 2205 
2204 2206 2207 2205 2204 2207 2206 2208 2209 
2207 2206 2209 2208 2210 2211 2209 2208 2211 
2210 2212 2213 2211 2210 2213 2212 2214 2215 
2213 2212 2215 2214 2216 2217 2215 2214 2217 
2216 2218 2219 2217 2216 2219 1980 2100 1981 
2101 2100 1980 1982 2101 1980 2104 2101 1982 
1983 2104 1982 2106 2104 1983 1984 2106 1983 
2108 2106 1984 1985 2108 1984 2110 2108 1985 
1986 2110 1985 2112 2110 1986 1987 2112 1986 
2114 2112 1987 1988 2114 1987 2116 2114 1988 
1989 2116 1988 2118 2116 1989 1990 2118 1989 
2120 2118 1990 1991 2120 1990 2122 2120 1991 
1992 2122 1991 2124 2122 1992 1993 2124 1992 
2126 2124 1993 1994 2126 1993 2128 2126 1994 
1995 2128 1994 2130 2128 1995 1996 2130 1995 
2132 2130 1996 1997 2132 1996 2134 2132 1997 
1998 2134 1997 2136 2134 1998 1999 2136 1998 
2138 2136 1999 2000 2138 1999 2140 2138 2000 
2001 2140 2000 2142 2140 2001 2002 2142 2001 
2144 2142 2002 2003 2144 2002 2146 2144 2003 
2004 2146 2003 2148 2146 2004 2005 2148 2004 
2150 2148 2005 2006 2150 2005 2152 2150 2006 
2007 2152 2006 2154 2152 2007 2008 2154 2007 
2156 2154 2008 2009 2156 2008 2158 2156 2009 
2010 2158 2009 2160 2158 2010 2011 2160 2010 
2162 2160 2011 2012 2162 2011 2164 2162 2012 
2013 2164 2012 2166 2164 2013 2014 2166 2013 
2168 2166 2014 2015 2168 2014 2170 2168 2015 
2016 2170 2015 2172 2170 2016 2017 2172 2016 
2174 2172 2017 2018 2174 2017 2176 2174 2018 
2019 2176 2018 2178 2176 2019 2020 2178 2019 
2180 2178 2020 2021 2180 2020 2182 2180 2021 
2022 2182 2021 2184 2182 2022 2023 2184 2022 
2186 2184 2023 2024 2186 2023 2188 2186 2024 
2025 2188 2024 2190 2188 2025 2026 2190 2025 
2192 2190 2026 2027 2192 2026 2194 2192 2027 
2028 2194 2027 2196 2194 2028 2029 2196 2028 
2198 2196 2029 2030 2198 2029 2200 2198 2030 
2031 2200 2030 2202 2200 2031 2032 2202 2031 
2204 2202 2032 2033 2204 2032 2206 2204 2033 
2034 2206 2033 2208 2206 2034 2035 2208 2034 
2210 2208 2035 2036 2210 2035 2212 2210 2036 
2037 2212 2036 2214 2212 2037 2038 2214 2037 
2216 2214 2038 2039 2216 2038 2218 2216 2039 
2041 2220 2040 2221 2220 2041 2040 2222 2042 
2220 2222 2040 2042 2223 2043 2222 2223 2042 
2043 2224 2044 2223 2224 2043 2044 2225 2045 
2224 2225 2044 2045 2226 2046 2225 2226 2045 
2046 2227 2047 2226 2227 2046 2047 2228 2048 
2227 2228 2047 2048 2229 2049 2228 2229 2048 
2049 2230 2050 2229 2230 2049 2050 2231 2051 
2230 2231 2050 2051 2232 2052 2231 2232 2051 
2052 2233 2053 2232 2233 2052 2053 2234 2054 
2233 2234 2053 2054 2235 2055 2234 2235 2054 
2055 2236 2056 2235 2236 2055 2056 2237 2057 
2236 2237 2056 2057 2238 2058 2237 2238 2057 
2058 2239 2059 2238 2239 2058 2059 2240 2060 
2239 2240 2059 2060 2241 2061 2240 2241 2060 
2061 2242 2062 2241 2242 2061 2062 2243 2063 
2242 2243 2062 2063 2244 2064 2243 2244 2063 
2064 2245 2065 2244 2245 2064 2065 2246 2066 
2245 2246 2065 2066 2247 2067 2246 2247 2066 
2067 2248 2068 2247 2248 2067 2068 2249 2069 
2248 2249 2068 2069 2250 2070 2249 2250 2069 
2070 2251 2071 2250 2251 2070 2071 2252 2072 
2251 2252 2071 2072 2253 2073 2252 2253 2072 
2073 2254 2074 2253 2254 2073 2074 2255 2075 
2254 2255 2074 2075 2256 2076 2255 2256 2075 
2076 2257 2077 2256 2257 2076 2077 2258 2078 
2257 2258 2077 2078 2259 2079 2258 2259 2078 
2079 2260 2080 2259 2260 2079 2080 2261 2081 
2260 2261 2080 2081 2262 2082 2261 2262 2081 
2082 2263 2083 2262 2263 2082 2083 2264 2084 
2263 2264 2083 2084 2265 2085 2264 2265 2084 
2085 2266 2086 2265 2266 2085 2086 2267 2087 
2266 2267 2086 2087 2268 2088 2267 2268 2087 
2088 2269 2089 2268 2269 2088 2089 2270 2090 
2269 2270 2089 2090 2271 2091 2270 2271 2090 
2091 2272 2092 2271 2272 2091 2092 2273 2093 
2272 2273 2092 2093 2274 2094 2273 2274 2093 
2094 2275 2095 2274 2275 2094 2095 2276 2096 
2275 2276 2095 2096 2277 2097 2276 2277 2096 
2097 2278 2098 2277 2278 2097 2098 2279 2099 
2278 2279 2098 2220 2221 2280 2281 2220 2280 
2222 2220 2281 2282 2222 2281 2223 2222 2282 
2283 2223 2282 2224 2223 2283 2284 2224 2283 
2225 2224 2284 2285 2225 2284 2226 2225 2285 
2286 2226 2285 2227 2226 2286 2287 2227 2286 
2228 2227 2287 2288 2228 2287 2229 2228 2288 
2289 2229 2288 2230 2229 2289 2290 2230 2289 
2231 2230 2290 2291 2231 2290 2232 2231 2291 
2292 2232 2291 2233 2232 2292 2293 2233 2292 
2234 2233 2293 2294 2234 2293 2235 2234 2294 
2295 2235 2294 2236 2235 2295 2296 2236 2295 
2237 2236 2296 2297 2237 2296 2238 2237 2297 
2298 2238 2297 2239 2238 2298 2299 2239 2298 
2240 2239 2299 2300 2240 2299 2241 2240 2300 
2301 2241 2300 2242 2241 2301 2302 2242 2301 
2243 2242 2302 2303 2243 2302 2244 2243 2303 
2304 2244 2303 2245 2244 2304 2305 2245 2304 
2246 2245 2305 2306 2246 2305 2247 2246 2306 
2307 2247 2306 2248 2247 2307 2308 2248 2307 
2249 2248 2308 2309 2249 2308 2250 2249 2309 
2310 2250 2309 2251 2250 2310 2311 2251 2310 
2252 2251 2311 2312 2252 2311 2253 2252 2312 
2313 2253 2312 2254 2253 2313 2314 2254 2313 
2255 2254 2314 2315 2255 2314 2256 2255 2315 
2316 2256 2315 2257 2256 2316 2317 2257 2316 
2258 2257 2317 2318 2258 2317 2259 2258 2318 
2319 2259 2318 2260 2259 2319 2320 2260 2319 
2261 2260 2320 2321 2261 2320 2262 2261 2321 
2322 2262 2321 2263 2262 2322 2323 2263 2322 
2264 2263 2323 2324 2264 2323 2265 2264 2324 
2325 2265 2324 2266 2265 2325 2326 2266 2325 
2267 2266 2326 2327 2267 2326 2268 2267 2327 
2328 2268 2327 2269 2268 2328 2329 2269 2328 
2270 2269 2329 2330 2270 2329 2271 2270 2330 
2331 2271 2330 2272 2271 2331 2332 2272 2331 
2273 2272 2332 2333 2273 2332 2274 2273 2333 
2334 2274 2333 2275 2274 2334 2335 2275 2334 
2276 2275 2335 2336 2276 2335 2277 2276 2336 
2337 2277 2336 2278 2277 2337 2338 2278 2337 
2279 2278 2338 2339 2279 2338 2340 2341 2342 
2343 2340 2342 2341 2344 2345 2342 2341 2345 
2344 2346 2347 2345 2344 2347 2346 2348 2349 
2347 2346 2349 2348 2350 2351 2349 2348 2351 
2350 2352 2353 2351 2350 2353 2352 2354 2355 
2353 2352 2355 2354 2356 2357 2355 2354 2357 
2356 2358 2359 2357 2356 2359 2358 2360 2361 
2359 2358 2361 2360 2362 2363 2361 2360 2363 
2362 2364 2365 2363 2362 2365 2364 2366 2367 
2365 2364 2367 2366 2368 2369 2367 2366 2369 
2368 2370 2371 2369 2368 2371 2370 2372 2373 
2371 2370 2373 2372 2374 2375 2373 2372 2375 
2374 2376 2377 2375 2374 2377 2376 2378 2379 
2377 2376 2379 2378 2380 2381 2379 2378 2381 
2380 2382 2383 2381 2380 2383 2382 2384 2385 
2383 2382 2385 2384 2386 2387 2385 2384 2387 
2386 2388 2389 2387 2386 2389 2388 2390 2391 
2389 2388 2391 2390 2392 2393 2391 2390 2393 
2392 2394 2395 2393 2392 2395 2394 2396 2397 
2395 2394 2397 2396 2398 2399 2397 2396 2399 
2398 2400 2401 2399 2398 2401 2400 2402 2403 
2401 2400 2403 2402 2404 2405 2403 2402 2405 
2404 2406 2407 2405 2404 2407 2406 2408 2409 
2407 2406 2409 2408 2410 2411 2409 2408 2411 
2410 2412 2413 2411 2410 2413 2412 2414 2415 
2413 2412 2415 2414 2416 2417 2415 2414 2417 
2416 2418 2419 2417 2416 2419 2418 2420 2421 
2419 2418 2421 2420 2422 2423 2421 2420 2423 
2422 2424 2425 2423 2422 2425 2424 2426 2427 
2425 2424 2427 2426 2428 2429 2427 2426 2429 
2428 2430 2431 2429 2428 2431 2430 2432 2433 
2431 2430 2433 2432 2434 2435 2433 2432 2435 
2434 2436 2437 2435 2434 2437 2436 2438 2439 
2437 2436 2439 2438 2440 2441 2439 2438 2441 
2440 2442 2443 2441 2440 2443 2442 2444 2445 
2443 2442 2445 2444 2446 2447 2445 2444 2447 
2446 2448 2449 2447 2446 2449 2448 2450 2451 
2449 2448 2451 2450 2452 2453 2451 2450 2453 
2452 2454 2455 2453 2452 2455 2454 2456 2457 
2455 2454 2457 2456 2458 2459 2457 2456 2459 
2102 2340 2103 2341 2340 2102 2105 2341 2102 
2344 2341 2105 2107 2344 2105 2346 2344 2107 
2109 2346 2107 2348 2346 2109 2111 2348 2109 
2350 2348 2111 2113 2350 2111 2352 2350 2113 
2115 2352 2113 2354 2352 2115 2117 2354 2115 
2356 2354 2117 2119 2356 2117 2358 2356 2119 
2121 2358 2119 2360 2358 2121 2123 2360 2121 
2362 2360 2123 2125 2362 2123 2364 2362 2125 
2127 2364 2125 2366 2364 2127 2129 2366 2127 
2368 2366 2129 2131 2368 2129 2370 2368 2131 
2133 2370 2131 2372 2370 2133 2135 2372 2133 
2374 2372 2135 2137 2374 2135 2376 2374 2137 
2139 2376 2137 2378 2376 2139 2141 2378 2139 
2380 2378 2141 2143 2380 2141 2382 2380 2143 
2145 2382 2143 2384 2382 2145 2147 2384 2145 
2386 2384 2147 2149 2386 2147 2388 2386 2149 
2151 2388 2149 2390 2388 2151 2153 2390 2151 
2392 2390 2153 2155 2392 2153 2394 2392 2155 
2157 2394 2155 2396 2394 2157 2159 2396 2157 
2398 2396 2159 2161 2398 2159 2400 2398 2161 
2163 2400 2161 2402 2400 2163 2165 2402 2163 
2404 2402 2165 2167 2404 2165 2406 2404 2167 
2169 2406 2167 2408 2406 2169 2171 2408 2169 
2410 2408 2171 2173 2410 2171 2412 2410 2173 
2175 2412 2173 2414 2412 2175 2177 2414 2175 
2416 2414 2177 2179 2416 2177 2418 2416 2179 
2181 2418 2179 2420 2418 2181 2183 2420 2181 
2422 2420 2183 2185 2422 2183 2424 2422 2185 
2187 2424 2185 2426 2424 2187 2189 2426 2187 
2428 2426 2189 2191 2428 2189 2430 2428 2191 
2193 2430 2191 2432 2430 2193 2195 2432 2193 
2434 2432 2195 2197 2434 2195 2436 2434 2197 
2199 2436 2197 2438 2436 2199 2201 2438 2199 
2440 2438 2201 2203 2440 2201 2442 2440 2203 
2205 2442 2203 2444 2442 2205 2207 2444 2205 
2446 2444 2207 2209 2446 2207 2448 2446 2209 
2211 2448 2209 2450 2448 2211 2213 2450 2211 
2452 2450 2213 2215 2452 2213 2454 2452 2215 
2217 2454 2215 2456 2454 2217 2219 2456 2217 
2458 2456 2219 2280 2460 2281 2461 2460 2280 
2281 2462 2282 2460 2462 2281 2282 2463 2283 
2462 2463 2282 2283 2464 2284 2463 2464 2283 
2284 2465 2285 2464 2465 2284 2285 2466 2286 
2465 2466 2285 2286 2467 2287 2466 2467 2286 
2287 2468 2288 2467 2468 2287 2288 2469 2289 
2468 2469 2288 2289 2470 2290 2469 2470 2289 
2290 2471 2291 2470 2471 2290 2291 2472 2292 
2471 2472 2291 2292 2473 2293 2472 2473 2292 
2293 2474 2294 2473 2474 2293 2294 2475 2295 
2474 2475 2294 2295 2476 2296 2475 2476 2295 
2296 2477 2297 2476 2477 2296 2297 2478 2298 
2477 2478 2297 2298 2479 2299 2478 2479 2298 
2299 2480 2300 2479 2480 2299 2300 2481 2301 
2480 2481 2300 2301 2482 2302 2481 2482 2301 
2302 2483 2303 2482 2483 2302 2303 2484 2304 
2483 2484 2303 2304 2485 2305 2484 2485 2304 
2305 2486 2306 2485 2486 2305 2306 2487 2307 
2486 2487 2306 2307 2488 2308 2487 2488 2307 
2308 2489 2309 2488 2489 2308 2309 2490 2310 
2489 2490 2309 2310 2491 2311 2490 2491 2310 
2311 2492 2312 2491 2492 2311 2312 2493 2313 
2492 2493 2312 2313 2494 2314 2493 2494 2313 
2314 2495 2315 2494 2495 2314 2315 2496 2316 
2495 2496 2315 2316 2497 2317 2496 2497 2316 
2317 2498 2318 2497 2498 2317 2318 2499 2319 
2498 2499 2318 2319 2500 2320 2499 2500 2319 
2320 2501 2321 2500 2501 2320 2321 2502 2322 
2501 2502 2321 2322 2503 2323 2502 2503 2322 
2323 2504 2324 2503 2504 2323 2324 2505 2325 
2504 2505 2324 2325 2506 2326 2505 2506 2325 
2326 2507 2327 2506 2507 2326 2327 2508 2328 
2507 2508 2327 2328 2509 2329 2508 2509 2328 
2329 2510 2330 2509 2510 2329 2330 2511 2331 
2510 2511 2330 2331 2512 2332 2511 2512 2331 
2332 2513 2333 2512 2513 2332 2333 2514 2334 
2513 2514 2333 2334 2515 2335 2514 2515 2334 
2335 2516 2336 2515 2516 2335 2336 2517 2337 
2516 2517 2336 2337 2518 2338 2517 2518 2337 
2338 2519 2339 2518 2519 2338 2460 2461 2520 
2521 2460 2520 2462 2460 2521 2522 2462 2521 
2463 2462 2522 2523 2463 2522 2464 2463 2523 
2524 2464 2523 2465 2464 2524 2525 2465 2524 
2466 2465 2525 2526 2466 2525 2467 2466 2526 
2527 2467 2526 2468 2467 2527 2528 2468 2527 
2469 2468 2528 2529 2469 2528 2470 2469 2529 
2530 2470 2529 2471 2470 2530 2531 2471 2530 
2472 2471 2531 2532 2472 2531 2473 2472 2532 
2533 2473 2532 2474 2473 2533 2534 2474 2533 
2475 2474 2534 2535 2475 2534 2476 2475 2535 
2536 2476 2535 2477 2476 2536 2537 2477 2536 
2478 2477 2537 2538 2478 2537 2479 2478 2538 
2539 2479 2538 2480 2479 2539 2540 2480 2539 
2481 2480 2540 2541 2481 2540 2482 2481 2541 
2542 2482 2541 2483 2482 2542 2543 2483 2542 
2484 2483 2543 2544 2484 2543 2485 2484 2544 
2545 2485 2544 2486 2485 2545 2546 2486 2545 
2487 2486 2546 2547 2487 2546 2488 2487 2547 
2548 2488 2547 2489 2488 2548 2549 2489 2548 
2490 2489 2549 2550 2490 2549 2491 2490 2550 
2551 2491 2550 2492 2491 2551 2552 2492 2551 
2493 2492 2552 2553 2493 2552 2494 2493 2553 
2554 2494 2553 2495 2494 2554 2555 2495 2554 
2496 2495 2555 2556 2496 2555 2497 2496 2556 
2557 2497 2556 2498 2497 2557 2558 2498 2557 
2499 2498 2558 2559 2499 2558 2500 2499 2559 
2560 2500 2559 2501 2500 2560 2561 2501 2560 
2502 2501 2561 2562 2502 2561 2503 2502 2562 
2563 2503 2562 2504 2503 2563 2564 2504 2563 
2505 2504 2564 2565 2505 2564 2506 2505 2565 
2566 2506 2565 2507 2506 2566 2567 2507 2566 
2508 2507 2567 2568 2508 2567 2509 2508 2568 
2569 2509 2568 2510 2509 2569 2570 2510 2569 
2511 2510 2570 2571 2511 2570 2512 2511 2571 
2572 2512 2571 2513 2512 2572 2573 2513 2572 
2514 2513 2573 2574 2514 2573 2515 2514 2574 
2575 2515 2574 2516 2515 2575 2576 2516 2575 
2517 2516 2576 2577 2517 2576 2518 2517 2577 
2578 2518 2577 2519 2518 2578 2579 2519 2578 
2342 2580 2343 2343 2580 2581 2345 2582 2342 
2342 2582 2580 2347 2583 2345 2345 2583 2582 
2349 2584 2347 2347 2584 2583 2351 2585 2349 
2349 2585 2584 2353 2586 2351 2351 2586 2585 
2355 2587 2353 2353 2587 2586 2357 2588 2355 
2355 2588 2587 2359 2589 2357 2357 2589 2588 
2361 2590 2359 2359 2590 2589 2363 2591 2361 
2361 2591 2590 2365 2592 2363 2363 2592 2591 
2367 2593 2365 2365 2593 2592 2369 2594 2367 
2367 2594 2593 2371 2595 2369 2369 2595 2594 
2373 2596 2371 2371 2596 2595 2375 2597 2373 
2373 2597 2596 2377 2598 2375 2375 2598 2597 
2379 2599 2377 2377 2599 2598 2381 2600 2379 
2379 2600 2599 2383 2601 2381 2381 2601 2600 
2385 2602 2383 2383 2602 2601 2387 2603 2385 
2385 2603 2602 2389 2604 2387 2387 2604 2603 
2391 2605 2389 2389 2605 2604 2393 2606 2391 
2391 2606 2605 2395 2607 2393 2393 2607 2606 
2397 2608 2395 2395 2608 2607 2399 2609 2397 
2397 2609 2608 2401 2610 2399 2399 2610 2609 
2403 2611 2401 2401 2611 2610 2405 2612 2403 
2403 2612 2611 2407 2613 2405 2405 2613 2612 
2409 2614 2407 2407 2614 2613 2411 2615 2409 
2409 2615 2614 2413 2616 2411 2411 2616 2615 
2415 2617 2413 2413 2617 2616 2417 2618 2415 
2415 2618 2617 2419 2619 2417 2417 2619 2618 
2421 2620 2419 2419 2620 2619 2423 2621 2421 
2421 2621 2620 2425 2622 2423 2423 2622 2621 
2427 2623 2425 2425 2623 2622 2429 2624 2427 
2427 2624 2623 2431 2625 2429 2429 2625 2624 
2433 2626 2431 2431 2626 2625 2435 2627 2433 
2433 2627 2626 2437 2628 2435 2435 2628 2627 
2439 2629 2437 2437 2629 2628 2441 2630 2439 
2439 2630 2629 2443 2631 2441 2441 2631 2630 
2445 2632 2443 2443 2632 2631 2447 2633 2445 
2445 2633 2632 2449 2634 2447 2447 2634 2633 
2451 2635 2449 2449 2635 2634 2453 2636 2451 
2451 2636 2635 2455 2637 2453 2453 2637 2636 
2457 2638 2455 2455 2638 2637 2459 2639 2457 
2457 2639 2638 2521 2520 2640 2520 2641 2640 
2522 2521 2642 2521 2640 2642 2523 2522 2643 
2522 2642 2643 2524 2523 2644 2523 2643 2644 
2525 2524 2645 2524 2644 2645 2526 2525 2646 
2525 2645 2646 2527 2526 2647 2526 2646 2647 
2528 2527 2648 2527 2647 2648 2529 2528 2649 
2528 2648 2649 2530 2529 2650 2529 2649 2650 
2531 2530 2651 2530 2650 2651 2532 2531 2652 
2531 2651 2652 2533 2532 2653 2532 2652 2653 
2534 2533 2654 2533 2653 2654 2535 2534 2655 
2534 2654 2655 2536 2535 2656 2535 2655 2656 
2537 2536 2657 2536 2656 2657 2538 2537 2658 
2537 2657 2658 2539 2538 2659 2538 2658 2659 
2540 2539 2660 2539 2659 2660 2541 2540 2661 
2540 2660 2661 2542 2541 2662 2541 2661 2662 
2543 2542 2663 2542 2662 2663 2544 2543 2664 
2543 2663 2664 2545 2544 2665 2544 2664 2665 
2546 2545 2666 2545 2665 2666 2547 2546 2667 
2546 2666 2667 2548 2547 2668 2547 2667 2668 
2549 2548 2669 2548 2668 2669 2550 2549 2670 
2549 2669 2670 2551 2550 2671 2550 2670 2671 
2552 2551 2672 2551 2671 2672 2553 2552 2673 
2552 2672 2673 2554 2553 2674 2553 2673 2674 
2555 2554 2675 2554 2674 2675 2556 2555 2676 
2555 2675 2676 2557 2556 2677 2556 2676 2677 
2558 2557 2678 2557 2677 2678 2559 2558 2679 
2558 2678 2679 2560 2559 2680 2559 2679 2680 
2561 2560 2681 2560 2680 2681 2562 2561 2682 
2561 2681 2682 2563 2562 2683 2562 2682 2683 
2564 2563 2684 2563 2683 2684 2565 2564 2685 
2564 2684 2685 2566 2565 2686 2565 2685 2686 
2567 2566 2687 2566 2686 2687 2568 2567 2688 
2567 2687 2688 2569 2568 2689 2568 2688 2689 
2570 2569 2690 2569 2689 2690 2571 2570 2691 
2570 2690 2691 2572 2571 2692 2571 2691 2692 
2573 2572 2693 2572 2692 2693 2574 2573 2694 
2573 2693 2694 2575 2574 2695 2574 2694 2695 
2576 2575 2696 2575 2695 2696 2577 2576 2697 
2576 2696 2697 2578 2577 2698 2577 2697 2698 
2579 2578 2699 2578 2698 2699 2700 2701 2702 
2703 2700 2702 2701 2704 2705 2702 2701 2705 
2704 2706 2707 2705 2704 2707 2706 2708 2709 
2707 2706 2709 2708 2710 2711 2709 2708 2711 
2710 2712 2713 2711 2710 2713 2712 2714 2715 
2713 2712 2715 2714 2716 2717 2715 2714 2717 
2716 2718 2719 2717 2716 2719 2718 2720 2721 
2719 2718 2721 2720 2722 2723 2721 2720 2723 
2722 2724 2725 2723 2722 2725 2724 2726 2727 
2725 2724 2727 2726 2728 2729 2727 2726 2729 
2728 2730 2731 2729 2728 2731 2730 2732 2733 
2731 2730 2733 2732 2734 2735 2733 2732 2735 
2734 2736 2737 2735 2734 2737 2736 2738 2739 
2737 2736 2739 2738 2740 2741 2739 2738 2741 
2740 2742 2743 2741 2740 2743 2742 2744 2745 
2743 2742 2745 2744 2746 2747 2745 2744 2747 
2746 2748 2749 2747 2746 2749 2748 2750 2751 
2749 2748 2751 2750 2752 2753 2751 2750 2753 
2752 2754 2755 2753 2752 2755 2754 2756 2757 
2755 2754 2757 2756 2758 2759 2757 2756 2759 
2758 2760 2761 2759 2758 2761 2760 2762 2763 
2761 2760 2763 2762 2764 2765 2763 2762 2765 
2764 2766 2767 2765 2764 2767 2766 2768 2769 
2767 2766 2769 2768 2770 2771 2769 2768 2771 
2770 2772 2773 2771 2770 2773 2772 2774 2775 
2773 2772 2775 2774 2776 2777 2775 2774 2777 
2776 2778 2779 2777 2776 2779 2778 2780 2781 
2779 2778 2781 2780 2782 2783 2781 2780 2783 
2782 2784 2785 2783 2782 2785 2784 2786 2787 
2785 2784 2787 2786 2788 2789 2787 2786 2789 
2788 2790 2791 2789 2788 2791 2790 2792 2793 
2791 2790 2793 2792 2794 2795 2793 2792 2795 
2794 2796 2797 2795 2794 2797 2796 2798 2799 
2797 2796 2799 2798 2800 2801 2799 2798 2801 
2800 2802 2803 2801 2800 2803 2802 2804 2805 
2803 2802 2805 2804 2806 2807 2805 2804 2807 
2806 2808 2809 2807 2806 2809 2808 2810 2811 
2809 2808 2811 2810 2812 2813 2811 2810 2813 
2812 2814 2815 2813 2812 2815 2814 2816 2817 
2815 2814 2817 2816 2818 2819 2817 2816 2819 
2580 2700 2581 2701 2700 2580 2582 2701 2580 
2704 2701 2582 2583 2704 2582 2706 2704 2583 
2584 2706 2583 2708 2706 2584 2585 2708 2584 
2710 2708 2585 2586 2710 2585 2712 2710 2586 
2587 2712 2586 2714 2712 2587 2588 2714 2587 
2716 2714 2588 2589 2716 2588 2718 2716 2589 
2590 2718 2589 2720 2718 2590 2591 2720 2590 
2722 2720 2591 2592 2722 2591 2724 2722 2592 
2593 2724 2592 2726 2724 2593 2594 2726 2593 
2728 2726 2594 2595 2728 2594 2730 2728 2595 
2596 2730 2595 2732 2730 2596 2597 2732 2596 
2734 2732 2597 2598 2734 2597 2736 2734 2598 
2599 2736 2598 2738 2736 2599 2600 2738 2599 
2740 2738 2600 2601 2740 2600 2742 2740 2601 
2602 2742 2601 2744 2742 2602 2603 2744 2602 
2746 2744 2603 2604 2746 2603 2748 2746 2604 
2605 2748 2604 2750 2748 2605 2606 2750 2605 
2752 2750 2606 2607 2752 2606 2754 2752 2607 
2608 2754 2607 2756 2754 2608 2609 2756 2608 
2758 2756 2609 2610 2758 2609 2760 2758 2610 
2611 2760 2610 2762 2760 2611 2612 2762 2611 
2764 2762 2612 2613 2764 2612 2766 2764 2613 
2614 2766 2613 2768 2766 2614 2615 2768 2614 
2770 2768 2615 2616 2770 2615 2772 2770 2616 
2617 2772 2616 2774 2772 2617 2618 2774 2617 
2776 2774 2618 2619 2776 2618 2778 2776 2619 
2620 2778 2619 2780 2778 2620 2621 2780 2620 
2782 2780 2621 2622 2782 2621 2784 2782 2622 
2623 2784 2622 2786 2784 2623 2624 2786 2623 
2788 2786 2624 2625 2788 2624 2790 2788 2625 
2626 2790 2625 2792 2790 2626 2627 2792 2626 
2794 2792 2627 2628 2794 2627 2796 2794 2628 
2629 2796 2628 2798 2796 2629 2630 2798 2629 
2800 2798 2630 2631 2800 2630 2802 2800 2631 
2632 2802 2631 2804 2802 2632 2633 2804 2632 
2806 2804 2633 2634 2806 2633 2808 2806 2634 
2635 2808 2634 2810 2808 2635 2636 2810 2635 
2812 2810 2636 2637 2812 2636 2814 2812 2637 
2638 2814 2637 2816 2814 2638 2639 2816 2638 
2818 2816 2639 2641 2820 2640 2821 2820 2641 
2640 2822 2642 2820 2822 2640 2642 2823 2643 
2822 2823 2642 2643 2824 2644 2823 2824 2643 
2644 2825 2645 2824 2825 2644 2645 2826 2646 
2825 2826 2645 2646 2827 2647 2826 2827 2646 
2647 2828 2648 2827 2828 2647 2648 2829 2649 
2828 2829 2648 2649 2830 2650 2829 2830 2649 
2650 2831 2651 2830 2831 2650 2651 2832 2652 
2831 2832 2651 2652 2833 2653 2832 2833 2652 
2653 2834 2654 2833 2834 2653 2654 2835 2655 
2834 2835 2654 2655 2836 2656 2835 2836 2655 
2656 2837 2657 2836 2837 2656 2657 2838 2658 
2837 2838 2657 2658 2839 2659 2838 2839 2658 
2659 2840 2660 2839 2840 2659 2660 2841 2661 
2840 2841 2660 2661 2842 2662 2841 2842 2661 
2662 2843 2663 2842 2843 2662 2663 2844 2664 
2843 2844 2663 2664 2845 2665 2844 2845 2664 
2665 2846 2666 2845 2846 2665 2666 2847 2667 
2846 2847 2666 2667 2848 2668 2847 2848 2667 
2668 2849 2669 2848 2849 2668 2669 2850 2670 
2849 2850 2669 2670 2851 2671 2850 2851 2670 
2671 2852 2672 2851 2852 2671 2672 2853 2673 
2852 2853 2672 2673 2854 2674 2853 2854 2673 
2674 2855 2675 2854 2855 2674 2675 2856 2676 
2855 2856 2675 2676 2857 2677 2856 2857 2676 
2677 2858 2678 2857 2858 2677 2678 2859 2679 
2858 2859 2678 2679 2860 2680 2859 2860 2679 
2680 2861 2681 2860 2861 2680 2681 2862 2682 
2861 2862 2681 2682 2863 2683 2862 2863 2682 
2683 2864 2684 2863 2864 2683 2684 2865 2685 
2864 2865 2684 2685 2866 2686 2865 2866 2685 
2686 2867 2687 2866 2867 2686 2687 2868 2688 
2867 2868 2687 2688 2869 2689 2868 2869 2688 
2689 2870 2690 2869 2870 2689 2690 2871 2691 
2870 2871 2690 2691 2872 2692 2871 2872 2691 
2692 2873 2693 2872 2873 2692 2693 2874 2694 
2873 2874 2693 2694 2875 2695 2874 2875 2694 
2695 2876 2696 2875 2876 2695 2696 2877 2697 
2876 2877 2696 2697 2878 2698 2877 2878 2697 
2698 2879 2699 2878 2879 2698 2820 2821 2880 
2881 2820 2880 2822 2820 2881 2882 2822 2881 
2823 2822 2882 2883 2823 2882 2824 2823 2883 
2884 2824 2883 2825 2824 2884 2885 2825 2884 
2826 2825 2885 2886 2826 2885 2827 2826 2886 
2887 2827 2886 2828 2827 2887 2888 2828 2887 
2829 2828 2888 2889 2829 2888 2830 2829 2889 
2890 2830 2889 2831 2830 2890 2891 2831 2890 
2832 2831 2891 2892 2832 2891 2833 2832 2892 
2893 2833 2892 2834 2833 2893 2894 2834 2893 
2835 2834 2894 2895 2835 2894 2836 2835 2895 
2896 2836 2895 2837 2836 2896 2897 2837 2896 
2838 2837 2897 2898 2838 2897 2839 2838 2898 
2899 2839 2898 2840 2839 2899 2900 2840 2899 
2841 2840 2900 2901 2841 2900 2842 2841 2901 
2902 2842 2901 2843 2842 2902 2903 2843 2902 
2844 2843 2903 2904 2844 2903 2845 2844 2904 
2905 2845 2904 2846 2845 2905 2906 2846 2905 
2847 2846 2906 2907 2847 2906 2848 2847 2907 
2908 2848 2907 2849 2848 2908 2909 2849 2908 
2850 2849 2909 2910 2850 2909 2851 2850 2910 
2911 2851 2910 2852 2851 2911 2912 2852 2911 
2853 2852 2912 2913 2853 2912 2854 2853 2913 
2914 2854 2913 2855 2854 2914 2915 2855 2914 
2856 2855 2915 2916 2856 2915 2857 2856 2916 
2917 2857 2916 2858 2857 2917 2918 2858 2917 
2859 2858 2918 2919 2859 2918 2860 2859 2919 
2920 2860 2919 2861 2860 2920 2921 2861 2920 
2862 2861 2921 2922 2862 2921 2863 2862 2922 
2923 2863 2922 2864 2863 2923 2924 2864 2923 
2865 2864 2924 2925 2865 2924 2866 2865 2925 
2926 2866 2925 2867 2866 2926 2927 2867 2926 
2868 2867 2927 2928 2868 2927 2869 2868 2928 
2929 2869 2928 2870 2869 2929 2930 2870 2929 
2871 2870 2930 2931 2871 2930 2872 2871 2931 
2932 2872 2931 2873 2872 2932 2933 2873 2932 
2874 2873 2933 2934 2874 2933 2875 2874 2934 
2935 2875 2934 2876 2875 2935 2936 2876 2935 
2877 2876 2936 2937 2877 2936 2878 2877 2937 
2938 2878 2937 2879 2878 2938 2939 2879 2938 
2702 2940 2703 2703 2940 2941 2705 2942 2702 
2702 2942 2940 2707 2943 2705 2705 2943 2942 
2709 2944 2707 2707 2944 2943 2711 2945 2709 
2709 2945 2944 2713 2946 2711 2711 2946 2945 
2715 2947 2713 2713 2947 2946 2717 2948 2715 
2715 2948 2947 2719 2949 2717 2717 2949 2948 
2721 2950 2719 2719 2950 2949 2723 2951 2721 
2721 2951 2950 2725 2952 2723 2723 2952 2951 
2727 2953 2725 2725 2953 2952 2729 2954 2727 
2727 2954 2953 2731 2955 2729 2729 2955 2954 
2733 2956 2731 2731 2956 2955 2735 2957 2733 
2733 2957 2956 2737 2958 2735 2735 2958 2957 
2739 2959 2737 2737 2959 2958 2741 2960 2739 
2739 2960 2959 2743 2961 2741 2741 2961 2960 
2745 2962 2743 2743 2962 2961 2747 2963 2745 
2745 2963 2962 2749 2964 2747 2747 2964 2963 
2751 2965 2749 2749 2965 2964 2753 2966 2751 
2751 2966 2965 2755 2967 2753 2753 2967 2966 
2757 2968 2755 2755 2968 2967 2759 2969 2757 
2757 2969 2968 2761 2970 2759 2759 2970 2969 
2763 2971 2761 2761 2971 2970 2765 2972 2763 
2763 2972 2971 2767 2973 2765 2765 2973 2972 
2769 2974 2767 2767 2974 2973 2771 2975 2769 
2769 2975 2974 2773 2976 2771 2771 2976 2975 
2775 2977 2773 2773 2977 2976 2777 2978 2775 
2775 2978 2977 2779 2979 2777 2777 2979 2978 
2781 2980 2779 2779 2980 2979 2783 2981 2781 
2781 2981 2980 2785 2982 2783 2783 2982 2981 
2787 2983 2785 2785 2983 2982 2789 2984 2787 
2787 2984 2983 2791 2985 2789 2789 2985 2984 
2793 2986 2791 2791 2986 2985 2795 2987 2793 
2793 2987 2986 2797 2988 2795 2795 2988 2987 
2799 2989 2797 2797 2989 2988 2801 2990 2799 
2799 2990 2989 2803 2991 2801 2801 2991 2990 
2805 2992 2803 2803 2992 2991 2807 2993 2805 
2805 2993 2992 2809 2994 2807 2807 2994 2993 
2811 2995 2809 2809 2995 2994 2813 2996 2811 
2811 2996 2995 2815 2997 2813 2813 2997 2996 
2817 2998 2815 2815 2998 2997 2819 2999 2817 
2817 2999 2998 2881 2880 3000 2880 3001 3000 
2882 2881 3002 2881 3000 3002 2883 2882 3003 
2882 3002 3003 2884 2883 3004 2883 3003 3004 
2885 2884 3005 2884 3004 3005 2886 2885 3006 
2885 3005 3006 2887 2886 3007 2886 3006 3007 
2888 2887 3008 2887 3007 3008 2889 2888 3009 
2888 3008 3009 2890 2889 3010 2889 3009 3010 
2891 2890 3011 2890 3010 3011 2892 2891 3012 
2891 3011 3012 2893 2892 3013 2892 3012 3013 
2894 2893 3014 2893 3013 3014 2895 2894 3015 
2894 3014 3015 2896 2895 3016 2895 3015 3016 
2897 2896 3017 2896 3016 3017 2898 2897 3018 
2897 3017 3018 2899 2898 3019 2898 3018 3019 
2900 2899 3020 2899 3019 3020 2901 2900 3021 
2900 3020 3021 2902 2901 3022 2901 3021 3022 
2903 2902 3023 2902 3022 3023 2904 2903 3024 
2903 3023 3024 2905 2904 3025 2904 3024 3025 
2906 2905 3026 2905 3025 3026 2907 2906 3027 
2906 3026 3027 2908 2907 3028 2907 3027 3028 
2909 2908 3029 2908 3028 3029 2910 2909 3030 
2909 3029 3030 2911 2910 3031 2910 3030 3031 
2912 2911 3032 2911 3031 3032 2913 2912 3033 
2912 3032 3033 2914 2913 3034 2913 3033 3034 
2915 2914 3035 2914 3034 3035 2916 2915 3036 
2915 3035 3036 2917 2916 3037 2916 3036 3037 
2918 2917 3038 2917 3037 3038 2919 2918 3039 
2918 3038 3039 2920 2919 3040 2919 3039 3040 
2921 2920 3041 2920 3040 3041 2922 2921 3042 
2921 3041 3042 2923 2922 3043 2922 3042 3043 
2924 2923 3044 2923 3043 3044 2925 2924 3045 
2924 3044 3045 2926 2925 3046 2925 3045 3046 
2927 2926 3047 2926 3046 3047 2928 2927 3048 
2927 3047 3048 2929 2928 3049 2928 3048 3049 
2930 2929 3050 2929 3049 3050 2931 2930 3051 
2930 3050 3051 2932 2931 3052 2931 3051 3052 
2933 2932 3053 2932 3052 3053 2934 2933 3054 
2933 3053 3054 2935 2934 3055 2934 3054 3055 
2936 2935 3056 2935 3055 3056 2937 2936 3057 
2936 3056 3057 2938 2937 3058 2937 3057 3058 
2939 2938 3059 2938 3058 3059 2940 3060 2941 
2941 3060 3061 2942 3062 2940 2940 3062 3060 
2943 3063 2942 2942 3063 3062 2944 3064 2943 
2943 3064 3063 2945 3065 2944 2944 3065 3064 
2946 3066 2945 2945 3066 3065 2947 3067 2946 
2946 3067 3066 2948 3068 2947 2947 3068 3067 
2949 3069 2948 2948 3069 3068 2950 3070 2949 
2949 3070 3069 2951 3071 2950 2950 3071 3070 
2952 3072 2951 2951 3072 3071 2953 3073 2952 
2952 3073 3072 2954 3074 2953 2953 3074 3073 
2955 3075 2954 2954 3075 3074 2956 3076 2955 
2955 3076 3075 2957 3077 2956 2956 3077 3076 
2958 3078 2957 2957 3078 3077 2959 3079 2958 
2958 3079 3078 2960 3080 2959 2959 3080 3079 
2961 3081 2960 2960 3081 3080 2962 3082 2961 
2961 3082 3081 2963 3083 2962 2962 3083 3082 
2964 3084 2963 2963 3084 3083 2965 3085 2964 
2964 3085 3084 2966 3086 2965 2965 3086 3085 
2967 3087 2966 2966 3087 3086 2968 3088 2967 
2967 3088 3087 2969 3089 2968 2968 3089 3088 
2970 3090 2969 2969 3090 3089 2971 3091 2970 
2970 3091 3090 2972 3092 2971 2971 3092 3091 
2973 3093 2972 2972 3093 3092 2974 3094 2973 
2973 3094 3093 2975 3095 2974 2974 3095 3094 
2976 3096 2975 2975 3096 3095 2977 3097 2976 
2976 3097 3096 2978 3098 2977 2977 3098 3097 
2979 3099 2978 2978 3099 3098 2980 3100 2979 
2979 3100 3099 2981 3101 2980 2980 3101 3100 
2982 3102 2981 2981 3102 3101 2983 3103 2982 
2982 3103 3102 2984 3104 2983 2983 3104 3103 
2985 3105 2984 2984 3105 3104 2986 3106 2985 
2985 3106 3105 2987 3107 2986 2986 3107 3106 
2988 3108 2987 2987 3108 3107 2989 3109 2988 
2988 3109 3108 2990 3110 2989 2989 3110 3109 
2991 3111 2990 2990 3111 3110 2992 3112 2991 
2991 3112 3111 2993 3113 2992 2992 3113 3112 
2994 3114 2993 2993 3114 3113 2995 3115 2994 
2994 3115 3114 2996 3116 2995 2995 3116 3115 
2997 3117 2996 2996 3117 3116 2998 3118 2997 
2997 3118 3117 2999 3119 2998 2998 3119 3118 
3000 3001 3120 3001 3121 3120 3002 3000 3122 
3000 3120 3122 3003 3002 3123 3002 3122 3123 
3004 3003 3124 3003 3123 3124 3005 3004 3125 
3004 3124 3125 3006 3005 3126 3005 3125 3126 
3007 3006 3127 3006 3126 3127 3008 3007 3128 
3007 3127 3128 3009 3008 3129 3008 3128 3129 
3010 3009 3130 3009 3129 3130 3011 3010 3131 
3010 3130 3131 3012 3011 3132 3011 3131 3132 
3013 3012 3133 3012 3132 3133 3014 3013 3134 
3013 3133 3134 3015 3014 3135 3014 3134 3135 
3016 3015 3136 3015 3135 3136 3017 3016 3137 
3016 3136 3137 3018 3017 3138 3017 3137 3138 
3019 3018 3139 3018 3138 3139 3020 3019 3140 
3019 3139 3140 3021 3020 3141 3020 3140 3141 
3022 3021 3142 3021 3141 3142 3023 3022 3143 
3022 3142 3143 3024 3023 3144 3023 3143 3144 
3025 3024 3145 3024 3144 3145 3026 3025 3146 
3025 3145 3146 3027 3026 3147 3026 3146 3147 
3028 3027 3148 3027 3147 3148 3029 3028 3149 
3028 3148 3149 3030 3029 3150 3029 3149 3150 
3031 3030 3151 3030 3150 3151 3032 3031 3152 
3031 3151 3152 3033 3032 3153 3032 3152 3153 
3034 3033 3154 3033 3153 3154 3035 3034 3155 
3034 3154 3155 3036 3035 3156 3035 3155 3156 
3037 3036 3157 3036 3156 3157 3038 3037 3158 
3037 3157 3158 3039 3038 3159 3038 3158 3159 
3040 3039 3160 3039 3159 3160 3041 3040 3161 
3040 3160 3161 3042 3041 3162 3041 3161 3162 
3043 3042 3163 3042 3162 3163 3044 3043 3164 
3043 3163 3164 3045 3044 3165 3044 3164 3165 
3046 3045 3166 3045 3165 3166 3047 3046 3167 
3046 3166 3167 3048 3047 3168 3047 3167 3168 
3049 3048 3169 3048 3168 3169 3050 3049 3170 
3049 3169 3170 3051 3050 3171 3050 3170 3171 
3052 3051 3172 3051 3171 3172 3053 3052 3173 
3052 3172 3173 3054 3053 3174 3053 3173 3174 
3055 3054 3175 3054 3174 3175 3056 3055 3176 
3055 3175 3176 3057 3056 3177 3056 3176 3177 
3058 3057 3178 3057 3177 3178 3059 3058 3179 
3058 3178 3179 3060 3180 3061 3061 3180 3181 
3062 3182 3060 3060 3182 3180 3063 3183 3062 
3062 3183 3182 3064 3184 3063 3063 3184 3183 
3065 3185 3064 3064 3185 3184 3066 3186 3065 
3065 3186 3185 3067 3187 3066 3066 3187 3186 
3068 3188 3067 3067 3188 3187 3069 3189 3068 
3068 3189 3188 3070 3190 3069 3069 3190 3189 
3071 3191 3070 3070 3191 3190 3072 3192 3071 
3071 3192 3191 3073 3193 3072 3072 3193 3192 
3074 3194 3073 3073 3194 3193 3075 3195 3074 
3074 3195 3194 3076 3196 3075 3075 3196 3195 
3077 3197 3076 3076 3197 3196 3078 3198 3077 
3077 3198 3197 3079 3199 3078 3078 3199 3198 
3080 3200 3079 3079 3200 3199 3081 3201 3080 
3080 3201 3200 3082 3202 3081 3081 3202 3201 
3083 3203 3082 3082 3203 3202 3084 3204 3083 
3083 3204 3203 3085 3205 3084 3084 3205 3204 
3086 3206 3085 3085 3206 3205 3087 3207 3086 
3086 3207 3206 3088 3208 3087 3087 3208 3207 
3089 3209 3088 3088 3209 3208 3090 3210 3089 
3089 3210 3209 3091 3211 3090 3090 3211 3210 
3092 3212 3091 3091 3212 3211 3093 3213 3092 
3092 3213 3212 3094 3214 3093 3093 3214 3213 
3095 3215 3094 3094 3215 3214 3096 3216 3095 
3095 3216 3215 3097 3217 3096 3096 3217 3216 
3098 3218 3097 3097 3218 3217 3099 3219 3098 
3098 3219 3218 3100 3220 3099 3099 3220 3219 
3101 3221 3100 3100 3221 3220 3102 3222 3101 
3101 3222 3221 3103 3223 3102 3102 3223 3222 
3104 3224 3103 3103 3224 3223 3105 3225 3104 
3104 3225 3224 3106 3226 3105 3105 3226 3225 
3107 3227 3106 3106 3227 3226 3108 3228 3107 
3107 3228 3227 3109 3229 3108 3108 3229 3228 
3110 3230 3109 3109 3230 3229 3111 3231 3110 
3110 3231 3230 3112 3232 3111 3111 3232 3231 
3113 3233 3112 3112 3233 3232 3114 3234 3113 
3113 3234 3233 3115 3235 3114 3114 3235 3234 
3116 3236 3115 3115 3236 3235 3117 3237 3116 
3116 3237 3236 3118 3238 3117 3117 3238 3237 
3119 3239 3118 3118 3239 3238 3120 3121 3240 
3121 3241 3240 3122 3120 3242 3120 3240 3242 
3123 3122 3243 3122 3242 3243 3124 3123 3244 
3123 3243 3244 3125 3124 3245 3124 3244 3245 
3126 3125 3246 3125 3245 3246 3127 3126 3247 
3126 3246 3247 3128 3127 3248 3127 3247 3248 
3129 3128 3249 3128 3248 3249 3130 3129 3250 
3129 3249 3250 3131 3130 3251 3130 3250 3251 
3132 3131 3252 3131 3251 3252 3133 3132 3253 
3132 3252 3253 3134 3133 3254 3133 3253 3254 
3135 3134 3255 3134 3254 3255 3136 3135 3256 
3135 3255 3256 3137 3136 3257 3136 3256 3257 
3138 3137 3258 3137 3257 3258 3139 3138 3259 
3138 3258 3259 3140 3139 3260 3139 3259 3260 
3141 3140 3261 3140 3260 3261 3142 3141 3262 
3141 3261 3262 3143 3142 3263 3142 3262 3263 
3144 3143 3264 3143 3263 3264 3145 3144 3265 
3144 3264 3265 3146 3145 3266 3145 3265 3266 
3147 3146 3267 3146 3266 3267 3148 3147 3268 
3147 3267 3268 3149 3148 3269 3148 3268 3269 
3150 3149 3270 3149 3269 3270 3151 3150 3271 
3150 3270 3271 3152 3151 3272 3151 3271 3272 
3153 3152 3273 3152 3272 3273 3154 3153 3274 
3153 3273 3274 3155 3154 3275 3154 3274 3275 
3156 3155 3276 3155 3275 3276 3157 3156 3277 
3156 3276 3277 3158 3157 3278 3157 3277 3278 
3159 3158 3279 3158 3278 3279 3160 3159 3280 
3159 3279 3280 3161 3160 3281 3160 3280 3281 
3162 3161 3282 3161 3281 3282 3163 3162 3283 
3162 3282 3283 3164 3163 3284 3163 3283 3284 
3165 3164 3285 3164 3284 3285 3166 3165 3286 
3165 3285 3286 3167 3166 3287 3166 3286 3287 
3168 3167 3288 3167 3287 3288 3169 3168 3289 
3168 3288 3289 3170 3169 3290 3169 3289 3290 
3171 3170 3291 3170 3290 3291 3172 3171 3292 
3171 3291 3292 3173 3172 3293 3172 3292 3293 
3174 3173 3294 3173 3293 3294 3175 3174 3295 
3174 3294 3295 3176 3175 3296 3175 3295 3296 
3177 3176 3297 3176 3296 3297 3178 3177 3298 
3177 3297 3298 3179 3178 3299 3178 3298 3299 
3180 3300 3181 3181 3300 3301 3182 3302 3180 
3180 3302 3300 3183 3303 3182 3182 3303 3302 
3184 3304 3183 3183 3304 3303 3185 3305 3184 
3184 3305 3304 3186 3306 3185 3185 3306 3305 
3187 3307 3186 3186 3307 3306 3188 3308 3187 
3187 3308 3307 3189 3309 3188 3188 3309 3308 
3190 3310 3189 3189 3310 3309 3191 3311 3190 
3190 3311 3310 3192 3312 3191 3191 3312 3311 
3193 3313 3192 3192 3313 3312 3194 3314 3193 
3193 3314 3313 3195 3315 3194 3194 3315 3314 
3196 3316 3195 3195 3316 3315 3197 3317 3196 
3196 3317 3316 3198 3318 3197 3197 3318 3317 
3199 3319 3198 3198 3319 3318 3200 3320 3199 
3199 3320 3319 3201 3321 3200 3200 3321 3320 
3202 3322 3201 3201 3322 3321 3203 3323 3202 
3202 3323 3322 3204 3324 3203 3203 3324 3323 
3205 3325 3204 3204 3325 3324 3206 3326 3205 
3205 3326 3325 3207 3327 3206 3206 3327 3326 
3208 3328 3207 3207 3328 3327 3209 3329 3208 
3208 3329 3328 3210 3330 3209 3209 3330 3329 
3211 3331 3210 3210 3331 3330 3212 3332 3211 
3211 3332 3331 3213 3333 3212 3212 3333 3332 
3214 3334 3213 3213 3334 3333 3215 3335 3214 
3214 3335 3334 3216 3336 3215 3215 3336 3335 
3217 3337 3216 3216 3337 3336 3218 3338 3217 
3217 3338 3337 3219 3339 3218 3218 3339 3338 
3220 3340 3219 3219 3340 3339 3221 3341 3220 
3220 3341 3340 3222 3342 3221 3221 3342 3341 
3223 3343 3222 3222 3343 3342 3224 3344 3223 
3223 3344 3343 3225 3345 3224 3224 3345 3344 
3226 3346 3225 3225 3346 3345 3227 3347 3226 
3226 3347 3346 3228 3348 3227 3227 3348 3347 
3229 3349 3228 3228 3349 3348 3230 3350 3229 
3229 3350 3349 3231 3351 3230 3230 3351 3350 
3232 3352 3231 3231 3352 3351 3233 3353 3232 
3232 3353 3352 3234 3354 3233 3233 3354 3353 
3235 3355 3234 3234 3355 3354 3236 3356 3235 
3235 3356 3355 3237 3357 3236 3236 3357 3356 
3238 3358 3237 3237 3358 3357 3239 3359 3238 
3238 3359 3358 3240 3241 3360 3241 3361 3360 
3242 3240 3362 3240 3360 3362 3243 3242 3363 
3242 3362 3363 3244 3243 3364 3243 3363 3364 
3245 3244 3365 3244 3364 3365 3246 3245 3366 
3245 3365 3366 3247 3246 3367 3246 3366 3367 
3248 3247 3368 3247 3367 3368 3249 3248 3369 
3248 3368 3369 3250 3249 3370 3249 3369 3370 
3251 3250 3371 3250 3370 3371 3252 3251 3372 
3251 3371 3372 3253 3252 3373 3252 3372 3373 
3254 3253 3374 3253 3373 3374 3255 3254 3375 
3254 3374 3375 3256 3255 3376 3255 3375 3376 
3257 3256 3377 3256 3376 3377 3258 3257 3378 
3257 3377 3378 3259 3258 3379 3258 3378 3379 
3260 3259 3380 3259 3379 3380 3261 3260 3381 
3260 3380 3381 3262 3261 3382 3261 3381 3382 
3263 3262 3383 3262 3382 3383 3264 3263 3384 
3263 3383 3384 3265 3264 3385 3264 3384 3385 
3266 3265 3386 3265 3385 3386 3267 3266 3387 
3266 3386 3387 3268 3267 3388 3267 3387 3388 
3269 3268 3389 3268 3388 3389 3270 3269 3390 
3269 3389 3390 3271 3270 3391 3270 3390 3391 
3272 3271 3392 3271 3391 3392 3273 3272 3393 
3272 3392 3393 3274 3273 3394 3273 3393 3394 
3275 3274 3395 3274 3394 3395 3276 3275 3396 
3275 3395 3396 3277 3276 3397 3276 3396 3397 
3278 3277 3398 3277 3397 3398 3279 3278 3399 
3278 3398 3399 3280 3279 3400 3279 3399 3400 
3281 3280 3401 3280 3400 3401 3282 3281 3402 
3281 3401 3402 3283 3282 3403 3282 3402 3403 
3284 3283 3404 3283 3403 3404 3285 3284 3405 
3284 3404 3405 3286 3285 3406 3285 3405 3406 
3287 3286 3407 3286 3406 3407 3288 3287 3408 
3287 3407 3408 3289 3288 3409 3288 3408 3409 
3290 3289 3410 3289 3409 3410 3291 3290 3411 
3290 3410 3411 3292 3291 3412 3291 3411 3412 
3293 3292 3413 3292 3412 3413 3294 3293 3414 
3293 3413 3414 3295 3294 3415 3294 3414 3415 
3296 3295 3416 3295 3415 3416 3297 3296 3417 
3296 3416 3417 3298 3297 3418 3297 3417 3418 
3299 3298 3419 3298 3418 3419 3300 3420 3301 
3301 3420 3421 3302 3422 3300 3300 3422 3420 
3303 3423 3302 3302 3423 3422 3304 3424 3303 
3303 3424 3423 3305 3425 3304 3304 3425 3424 
3306 3426 3305 3305 3426 3425 3307 3427 3306 
3306 3427 3426 3308 3428 3307 3307 3428 3427 
3309 3429 3308 3308 3429 3428 3310 3430 3309 
3309 3430 3429 3311 3431 3310 3310 3431 3430 
3312 3432 3311 3311 3432 3431 3313 3433 3312 
3312 3433 3432 3314 3434 3313 3313 3434 3433 
3315 3435 3314 3314 3435 3434 3316 3436 3315 
3315 3436 3435 3317 3437 3316 3316 3437 3436 
3318 3438 3317 3317 3438 3437 3319 3439 3318 
3318 3439 3438 3320 3440 3319 3319 3440 3439 
3321 3441 3320 3320 3441 3440 3322 3442 3321 
3321 3442 3441 3323 3443 3322 3322 3443 3442 
3324 3444 3323 3323 3444 3443 3325 3445 3324 
3324 3445 3444 3326 3446 3325 3325 3446 3445 
3327 3447 3326 3326 3447 3446 3328 3448 3327 
3327 3448 3447 3329 3449 3328 3328 3449 3448 
3330 3450 3329 3329 3450 3449 3331 3451 3330 
3330 3451 3450 3332 3452 3331 3331 3452 3451 
3333 3453 3332 3332 3453 3452 3334 3454 3333 
3333 3454 3453 3335 3455 3334 3334 3455 3454 
3336 3456 3335 3335 3456 3455 3337 3457 3336 
3336 3457 3456 3338 3458 3337 3337 3458 3457 
3339 3459 3338 3338 3459 3458 3340 3460 3339 
3339 3460 3459 3341 3461 3340 3340 3461 3460 
3342 3462 3341 3341 3462 3461 3343 3463 3342 
3342 3463 3462 3344 3464 3343 3343 3464 3463 
3345 3465 3344 3344 3465 3464 3346 3466 3345 
3345 3466 3465 3347 3467 3346 3346 3467 3466 
3348 3468 3347 3347 3468 3467 3349 3469 3348 
3348 3469 3468 3350 3470 3349 3349 3470 3469 
3351 3471 3350 3350 3471 3470 3352 3472 3351 
3351 3472 3471 3353 3473 3352 3352 3473 3472 
3354 3474 3353 3353 3474 3473 3355 3475 3354 
3354 3475 3474 3356 3476 3355 3355 3476 3475 
3357 3477 3356 3356 3477 3476 3358 3478 3357 
3357 3478 3477 3359 3479 3358 3358 3479 3478 
3360 3361 3480 3361 3481 3480 3362 3360 3482 
3360 3480 3482 3363 3362 3483 3362 3482 3483 
3364 3363 3484 3363 3483 3484 3365 3364 3485 
3364 3484 3485 3366 3365 3486 3365 3485 3486 
3367 3366 3487 3366 3486 3487 3368 3367 3488 
3367 3487 3488 3369 3368 3489 3368 3488 3489 
3370 3369 3490 3369 3489 3490 3371 3370 3491 
3370 3490 3491 3372 3371 3492 3371 3491 3492 
3373 3372 3493 3372 3492 3493 3374 3373 3494 
3373 3493 3494 3375 3374 3495 3374 3494 3495 
3376 3375 3496 3375 3495 3496 3377 3376 3497 
3376 3496 3497 3378 3377 3498 3377 3497 3498 
3379 3378 3499 3378 3498 3499 3380 3379 3500 
3379 3499 3500 3381 3380 3501 3380 3500 3501 
3382 3381 3502 3381 3501 3502 3383 3382 3503 
3382 3502 3503 3384 3383 3504 3383 3503 3504 
3385 3384 3505 3384 3504 3505 3386 3385 3506 
3385 3505 3506 3387 3386 3507 3386 3506 3507 
3388 3387 3508 3387 3507 3508 3389 3388 3509 
3388 3508 3509 3390 3389 3510 3389 3509 3510 
3391 3390 3511 3390 3510 3511 3392 3391 3512 
3391 3511 3512 3393 3392 3513 3392 3512 3513 
3394 3393 3514 3393 3513 3514 3395 3394 3515 
3394 3514 3515 3396 3395 3516 3395 3515 3516 
3397 3396 3517 3396 3516 3517 3398 3397 3518 
3397 3517 3518 3399 3398 3519 3398 3518 3519 
3400 3399 3520 3399 3519 3520 3401 3400 3521 
3400 3520 3521 3402 3401 3522 3401 3521 3522 
3403 3402 3523 3402 3522 3523 3404 3403 3524 
3403 3523 3524 3405 3404 3525 3404 3524 3525 
3406 3405 3526 3405 3525 3526 3407 3406 3527 
3406 3526 3527 3408 3407 3528 3407 3527 3528 
3409 3408 3529 3408 3528 3529 3410 3409 3530 
3409 3529 3530 3411 3410 3531 3410 3530 3531 
3412 3411 3532 3411 3531 3532 3413 3412 3533 
3412 3532 3533 3414 3413 3534 3413 3533 3534 
3415 3414 3535 3414 3534 3535 3416 3415 3536 
3415 3535 3536 3417 3416 3537 3416 3536 3537 
3418 3417 3538 3417 3537 3538 3419 3418 3539 
3418 3538 3539 3420 3540 3421 3421 3540 3541 
3422 3542 3420 3420 3542 3540 3423 3543 3422 
3422 3543 3542 3424 3544 3423 3423 3544 3543 
3425 3545 3424 3424 3545 3544 3426 3546 3425 
3425 3546 3545 3427 3547 3426 3426 3547 3546 
3428 3548 3427 3427 3548 3547 3429 3549 3428 
3428 3549 3548 3430 3550 3429 3429 3550 3549 
3431 3551 3430 3430 3551 3550 3432 3552 3431 
3431 3552 3551 3433 3553 3432 3432 3553 3552 
3434 3554 3433 3433 3554 3553 3435 3555 3434 
3434 3555 3554 3436 3556 3435 3435 3556 3555 
3437 3557 3436 3436 3557 3556 3438 3558 3437 
3437 3558 3557 3439 3559 3438 3438 3559 3558 
3440 3560 3439 3439 3560 3559 3441 3561 3440 
3440 3561 3560 3442 3562 3441 3441 3562 3561 
3443 3563 3442 3442 3563 3562 3444 3564 3443 
3443 3564 3563 3445 3565 3444 3444 3565 3564 
3446 3566 3445 3445 3566 3565 3447 3567 3446 
3446 3567 3566 3448 3568 3447 3447 3568 3567 
3449 3569 3448 3448 3569 3568 3450 3570 3449 
3449 3570 3569 3451 3571 3450 3450 3571 3570 
3452 3572 3451 3451 3572 3571 3453 3573 3452 
3452 3573 3572 3454 3574 3453 3453 3574 3573 
3455 3575 3454 3454 3575 3574 3456 3576 3455 
3455 3576 3575 3457 3577 3456 3456 3577 3576 
3458 3578 3457 3457 3578 3577 3459 3579 3458 
3458 3579 3578 3460 3580 3459 3459 3580 3579 
3461 3581 3460 3460 3581 3580 3462 3582 3461 
3461 3582 3581 3463 3583 3462 3462 3583 3582 
3464 3584 3463 3463 3584 3583 3465 3585 3464 
3464 3585 3584 3466 3586 3465 3465 3586 3585 
3467 3587 3466 3466 3587 3586 3468 3588 3467 
3467 3588 3587 3469 3589 3468 3468 3589 3588 
3470 3590 3469 3469 3590 3589 3471 3591 3470 
3470 3591 3590 3472 3592 3471 3471 3592 3591 
3473 3593 3472 3472 3593 3592 3474 3594 3473 
3473 3594 3593 3475 3595 3474 3474 3595 3594 
3476 3596 3475 3475 3596 3595 3477 3597 3476 
3476 3597 3596 3478 3598 3477 3477 3598 3597 
3479 3599 3478 3478 3599 3598 3480 3481 3600 
3481 3601 3600 3482 3480 3602 3480 3600 3602 
3483 3482 3603 3482 3602 3603 3484 3483 3604 
3483 3603 3604 3485 3484 3605 3484 3604 3605 
3486 3485 3606 3485 3605 3606 3487 3486 3607 
3486 3606 3607 3488 3487 3608 3487 3607 3608 
3489 3488 3609 3488 3608 3609 3490 3489 3610 
3489 3609 3610 3491 3490 3611 3490 3610 3611 
3492 3491 3612 3491 3611 3612 3493 3492 3613 
3492 3612 3613 3494 3493 3614 3493 3613 3614 
3495 3494 3615 3494 3614 3615 3496 3495 3616 
3495 3615 3616 3497 3496 3617 3496 3616 3617 
3498 3497 3618 3497 3617 3618 3499 3498 3619 
3498 3618 3619 3500 3499 3620 3499 3619 3620 
3501 3500 3621 3500 3620 3621 3502 3501 3622 
3501 3621 3622 3503 3502 3623 3502 3622 3623 
3504 3503 3624 3503 3623 3624 3505 3504 3625 
3504 3624 3625 3506 3505 3626 3505 3625 3626 
3507 3506 3627 3506 3626 3627 3508 3507 3628 
3507 3627 3628 3509 3508 3629 3508 3628 3629 
3510 3509 3630 3509 3629 3630 3511 3510 3631 
3510 3630 3631 3512 3511 3632 3511 3631 3632 
3513 3512 3633 3512 3632 3633 3514 3513 3634 
3513 3633 3634 3515 3514 3635 3514 3634 3635 
3516 3515 3636 3515 3635 3636 3517 3516 3637 
3516 3636 3637 3518 3517 3638 3517 3637 3638 
3519 3518 3639 3518 3638 3639 3520 3519 3640 
3519 3639 3640 3521 3520 3641 3520 3640 3641 
3522 3521 3642 3521 3641 3642 3523 3522 3643 
3522 3642 3643 3524 3523 3644 3523 3643 3644 
3525 3524 3645 3524 3644 3645 3526 3525 3646 
3525 3645 3646 3527 3526 3647 3526 3646 3647 
3528 3527 3648 3527 3647 3648 3529 3528 3649 
3528 3648 3649 3530 3529 3650 3529 3649 3650 
3531 3530 3651 3530 3650 3651 3532 3531 3652 
3531 3651 3652 3533 3532 3653 3532 3652 3653 
3534 3533 3654 3533 3653 3654 3535 3534 3655 
3534 3654 3655 3536 3535 3656 3535 3655 3656 
3537 3536 3657 3536 3656 3657 3538 3537 3658 
3537 3657 3658 3539 3538 3659 3538 3658 3659 
3540 3660 3541 3541 3660 3661 3542 3662 3540 
3540 3662 3660 3543 3663 3542 3542 3663 3662 
3544 3664 3543 3543 3664 3663 3545 3665 3544 
3544 3665 3664 3546 3666 3545 3545 3666 3665 
3547 3667 3546 3546 3667 3666 3548 3668 3547 
3547 3668 3667 3549 3669 3548 3548 3669 3668 
3550 3670 3549 3549 3670 3669 3551 3671 3550 
3550 3671 3670 3552 3672 3551 3551 3672 3671 
3553 3673 3552 3552 3673 3672 3554 3674 3553 
3553 3674 3673 3555 3675 3554 3554 3675 3674 
3556 3676 3555 3555 3676 3675 3557 3677 3556 
3556 3677 3676 3558 3678 3557 3557 3678 3677 
3559 3679 3558 3558 3679 3678 3560 3680 3559 
3559 3680 3679 3561 3681 3560 3560 3681 3680 
3562 3682 3561 3561 3682 3681 3563 3683 3562 
3562 3683 3682 3564 3684 3563 3563 3684 3683 
3565 3685 3564 3564 3685 3684 3566 3686 3565 
3565 3686 3685 3567 3687 3566 3566 3687 3686 
3568 3688 3567 3567 3688 3687 3569 3689 3568 
3568 3689 3688 3570 3690 3569 3569 3690 3689 
3571 3691 3570 3570 3691 3690 3572 3692 3571 
3571 3692 3691 3573 3693 3572 3572 3693 3692 
3574 3694 3573 3573 3694 3693 3575 3695 3574 
3574 3695 3694 3576 3696 3575 3575 3696 3695 
3577 3697 3576 3576 3697 3696 3578 3698 3577 
3577 3698 3697 3579 3699 3578 3578 3699 3698 
3580 3700 3579 3579 3700 3699 3581 3701 3580 
3580 3701 3700 3582 3702 3581 3581 3702 3701 
3583 3703 3582 3582 3703 3702 3584 3704 3583 
3583 3704 3703 3585 3705 3584 3584 3705 3704 
3586 3706 3585 3585 3706 3705 3587 3707 3586 
3586 3707 3706 3588 3708 3587 3587 3708 3707 
3589 3709 3588 3588 3709 3708 3590 3710 3589 
3589 3710 3709 3591 3711 3590 3590 3711 3710 
3592 3712 3591 3591 3712 3711 3593 3713 3592 
3592 3713 3712 3594 3714 3593 3593 3714 3713 
3595 3715 3594 3594 3715 3714 3596 3716 3595 
3595 3716 3715 3597 3717 3596 3596 3717 3716 
3598 3718 3597 3597 3718 3717 3599 3719 3598 
3598 3719 3718 3600 3601 3720 3601 3721 3720 
3602 3600 3722 3600 3720 3722 3603 3602 3723 
3602 3722 3723 3604 3603 3724 3603 3723 3724 
3605 3604 3725 3604 3724 3725 3606 3605 3726 
3605 3725 3726 3607 3606 3727 3606 3726 3727 
3608 3607 3728 3607 3727 3728 3609 3608 3729 
3608 3728 3729 3610 3609 3730 3609 3729 3730 
3611 3610 3731 3610 3730 3731 3612 3611 3732 
3611 3731 3732 3613 3612 3733 3612 3732 3733 
3614 3613 3734 3613 3733 3734 3615 3614 3735 
3614 3734 3735 3616 3615 3736 3615 3735 3736 
3617 3616 3737 3616 3736 3737 3618 3617 3738 
3617 3737 3738 3619 3618 3739 3618 3738 3739 
3620 3619 3740 3619 3739 3740 3621 3620 3741 
3620 3740 3741 3622 3621 3742 3621 3741 3742 
3623 3622 3743 3622 3742 3743 3624 3623 3744 
3623 3743 3744 3625 3624 3745 3624 3744 3745 
3626 3625 3746 3625 3745 3746 3627 3626 3747 
3626 3746 3747 3628 3627 3748 3627 3747 3748 
3629 3628 3749 3628 3748 3749 3630 3629 3750 
3629 3749 3750 3631 3630 3751 3630 3750 3751 
3632 3631 3752 3631 3751 3752 3633 3632 3753 
3632 3752 3753 3634 3633 3754 3633 3753 3754 
3635 3634 3755 3634 3754 3755 3636 3635 3756 
3635 3755 3756 3637 3636 3757 3636 3756 3757 
3638 3637 3758 3637 3757 3758 3639 3638 3759 
3638 3758 3759 3640 3639 3760 3639 3759 3760 
3641 3640 3761 3640 3760 3761 3642 3641 3762 
3641 3761 3762 3643 3642 3763 3642 3762 3763 
3644 3643 3764 3643 3763 3764 3645 3644 3765 
3644 3764 3765 3646 3645 3766 3645 3765 3766 
3647 3646 3767 3646 3766 3767 3648 3647 3768 
3647 3767 3768 3649 3648 3769 3648 3768 3769 
3650 3649 3770 3649 3769 3770 3651 3650 3771 
3650 3770 3771 3652 3651 3772 3651 3771 3772 
3653 3652 3773 3652 3772 3773 3654 3653 3774 
3653 3773 3774 3655 3654 3775 3654 3774 3775 
3656 3655 3776 3655 3775 3776 3657 3656 3777 
3656 3776 3777 3658 3657 3778 3657 3777 3778 
3659 3658 3779 3658 3778 3779 3660 3780 3661 
3661 3780 3781 3662 3782 3660 3660 3782 3780 
3663 3783 3662 3662 3783 3782 3664 3784 3663 
3663 3784 3783 3665 3785 3664 3664 3785 3784 
3666 3786 3665 3665 3786 3785 3667 3787 3666 
3666 3787 3786 3668 3788 3667 3667 3788 3787 
3669 3789 3668 3668 3789 3788 3670 3790 3669 
3669 3790 3789 3671 3791 3670 3670 3791 3790 
3672 3792 3671 3671 3792 3791 3673 3793 3672 
3672 3793 3792 3674 3794 3673 3673 3794 3793 
3675 3795 3674 3674 3795 3794 3676 3796 3675 
3675 3796 3795 3677 3797 3676 3676 3797 3796 
3678 3798 3677 3677 3798 3797 3679 3799 3678 
3678 3799 3798 3680 3800 3679 3679 3800 3799 
3681 3801 3680 3680 3801 3800 3682 3802 3681 
3681 3802 3801 3683 3803 3682 3682 3803 3802 
3684 3804 3683 3683 3804 3803 3685 3805 3684 
3684 3805 3804 3686 3806 3685 3685 3806 3805 
3687 3807 3686 3686 3807 3806 3688 3808 3687 
3687 3808 3807 3689 3809 3688 3688 3809 3808 
3690 3810 3689 3689 3810 3809 3691 3811 3690 
3690 3811 3810 3692 3812 3691 3691 3812 3811 
3693 3813 3692 3692 3813 3812 3694 3814 3693 
3693 3814 3813 3695 3815 3694 3694 3815 3814 
3696 3816 3695 3695 3816 3815 3697 3817 3696 
3696 3817 3816 3698 3818 3697 3697 3818 3817 
3699 3819 3698 3698 3819 3818 3700 3820 3699 
3699 3820 3819 3701 3821 3700 3700 3821 3820 
3702 3822 3701 3701 3822 3821 3703 3823 3702 
3702 3823 3822 3704 3824 3703 3703 3824 3823 
3705 3825 3704 3704 3825 3824 3706 3826 3705 
3705 3826 3825 3707 3827 3706 3706 3827 3826 
3708 3828 3707 3707 3828 3827 3709 3829 3708 
3708 3829 3828 3710 3830 3709 3709 3830 3829 
3711 3831 3710 3710 3831 3830 3712 3832 3711 
3711 3832 3831 3713 3833 3712 3712 3833 3832 
3714 3834 3713 3713 3834 3833 3715 3835 3714 
3714 3835 3834 3716 3836 3715 3715 3836 3835 
3717 3837 3716 3716 3837 3836 3718 3838 3717 
3717 3838 3837 3719 3839 3718 3718 3839 3838 
3720 3721 3840 3721 3841 3840 3722 3720 3842 
3720 3840 3842 3723 3722 3843 3722 3842 3843 
3724 3723 3844 3723 3843 3844 3725 3724 3845 
3724 3844 3845 3726 3725 3846 3725 3845 3846 
3727 3726 3847 3726 3846 3847 3728 3727 3848 
3727 3847 3848 3729 3728 3849 3728 3848 3849 
3730 3729 3850 3729 3849 3850 3731 3730 3851 
3730 3850 3851 3732 3731 3852 3731 3851 3852 
3733 3732 3853 3732 3852 3853 3734 3733 3854 
3733 3853 3854 3735 3734 3855 3734 3854 3855 
3736 3735 3856 3735 3855 3856 3737 3736 3857 
3736 3856 3857 3738 3737 3858 3737 3857 3858 
3739 3738 3859 3738 3858 3859 3740 3739 3860 
3739 3859 3860 3741 3740 3861 3740 3860 3861 
3742 3741 3862 3741 3861 3862 3743 3742 3863 
3742 3862 3863 3744 3743 3864 3743 3863 3864 
3745 3744 3865 3744 3864 3865 3746 3745 3866 
3745 3865 3866 3747 3746 3867 3746 3866 3867 
3748 3747 3868 3747 3867 3868 3749 3748 3869 
3748 3868 3869 3750 3749 3870 3749 3869 3870 
3751 3750 3871 3750 3870 3871 3752 3751 3872 
3751 3871 3872 3753 3752 3873 3752 3872 3873 
3754 3753 3874 3753 3873 3874 3755 3754 3875 
3754 3874 3875 3756 3755 3876 3755 3875 3876 
3757 3756 3877 3756 3876 3877 3758 3757 3878 
3757 3877 3878 3759 3758 3879 3758 3878 3879 
3760 3759 3880 3759 3879 3880 3761 3760 3881 
3760 3880 3881 3762 3761 3882 3761 3881 3882 
3763 3762 3883 3762 3882 3883 3764 3763 3884 
3763 3883 3884 3765 3764 3885 3764 3884 3885 
3766 3765 3886 3765 3885 3886 3767 3766 3887 
3766 3886 3887 3768 3767 3888 3767 3887 3888 
3769 3768 3889 3768 3888 3889 3770 3769 3890 
3769 3889 3890 3771 3770 3891 3770 3890 3891 
3772 3771 3892 3771 3891 3892 3773 3772 3893 
3772 3892 3893 3774 3773 3894 3773 3893 3894 
3775 3774 3895 3774 3894 3895 3776 3775 3896 
3775 3895 3896 3777 3776 3897 3776 3896 3897 
3778 3777 3898 3777 3897 3898 3779 3778 3899 
3778 3898 3899 3780 3900 3781 3781 3900 3901 
3782 3902 3780 3780 3902 3900 3783 3903 3782 
3782 3903 3902 3784 3904 3783 3783 3904 3903 
3785 3905 3784 3784 3905 3904 3786 3906 3785 
3785 3906 3905 3787 3907 3786 3786 3907 3906 
3788 3908 3787 3787 3908 3907 3789 3909 3788 
3788 3909 3908 3790 3910 3789 3789 3910 3909 
3791 3911 3790 3790 3911 3910 3792 3912 3791 
3791 3912 3911 3793 3913 3792 3792 3913 3912 
3794 3914 3793 3793 3914 3913 3795 3915 3794 
3794 3915 3914 3796 3916 3795 3795 3916 3915 
3797 3917 3796 3796 3917 3916 3798 3918 3797 
3797 3918 3917 3799 3919 3798 3798 3919 3918 
3800 3920 3799 3799 3920 3919 3801 3921 3800 
3800 3921 3920 3802 3922 3801 3801 3922 3921 
3803 3923 3802 3802 3923 3922 3804 3924 3803 
3803 3924 3923 3805 3925 3804 3804 3925 3924 
3806 3926 3805 3805 3926 3925 3807 3927 3806 
3806 3927 3926 3808 3928 3807 3807 3928 3927 
3809 3929 3808 3808 3929 3928 3810 3930 3809 
3809 3930 3929 3811 3931 3810 3810 3931 3930 
3812 3932 3811 3811 3932 3931 3813 3933 3812 
3812 3933 3932 3814 3934 3813 3813 3934 3933 
3815 3935 3814 3814 3935 3934 3816 3936 3815 
3815 3936 3935 3817 3937 3816 3816 3937 3936 
3818 3938 3817 3817 3938 3937 3819 3939 3818 
3818 3939 3938 3820 3940 3819 3819 3940 3939 
3821 3941 3820 3820 3941 3940 3822 3942 3821 
3821 3942 3941 3823 3943 3822 3822 3943 3942 
3824 3944 3823 3823 3944 3943 3825 3945 3824 
3824 3945 3944 3826 3946 3825 3825 3946 3945 
3827 3947 3826 3826 3947 3946 3828 3948 3827 
3827 3948 3947 3829 3949 3828 3828 3949 3948 
3830 3950 3829 3829 3950 3949 3831 3951 3830 
3830 3951 3950 3832 3952 3831 3831 3952 3951 
3833 3953 3832 3832 3953 3952 3834 3954 3833 
3833 3954 3953 3835 3955 3834 3834 3955 3954 
3836 3956 3835 3835 3956 3955 3837 3957 3836 
3836 3957 3956 3838 3958 3837 3837 3958 3957 
3839 3959 3838 3838 3959 3958 3840 3841 3960 
3841 3961 3960 3842 3840 3962 3840 3960 3962 
3843 3842 3963 3842 3962 3963 3844 3843 3964 
3843 3963 3964 3845 3844 3965 3844 3964 3965 
3846 3845 3966 3845 3965 3966 3847 3846 3967 
3846 3966 3967 3848 3847 3968 3847 3967 3968 
3849 3848 3969 3848 3968 3969 3850 3849 3970 
3849 3969 3970 3851 3850 3971 3850 3970 3971 
3852 3851 3972 3851 3971 3972 3853 3852 3973 
3852 3972 3973 3854 3853 3974 3853 3973 3974 
3855 3854 3975 3854 3974 3975 3856 3855 3976 
3855 3975 3976 3857 3856 3977 3856 3976 3977 
3858 3857 3978 3857 3977 3978 3859 3858 3979 
3858 3978 3979 3860 3859 3980 3859 3979 3980 
3861 3860 3981 3860 3980 3981 3862 3861 3982 
3861 3981 3982 3863 3862 3983 3862 3982 3983 
3864 3863 3984 3863 3983 3984 3865 3864 3985 
3864 3984 3985 3866 3865 3986 3865 3985 3986 
3867 3866 3987 3866 3986 3987 3868 3867 3988 
3867 3987 3988 3869 3868 3989 3868 3988 3989 
3870 3869 3990 3869 3989 3990 3871 3870 3991 
3870 3990 3991 3872 3871 3992 3871 3991 3992 
3873 3872 3993 3872 3992 3993 3874 3873 3994 
3873 3993 3994 3875 3874 3995 3874 3994 3995 
3876 3875 3996 3875 3995 3996 3877 3876 3997 
3876 3996 3997 3878 3877 3998 3877 3997 3998 
3879 3878 3999 3878 3998 3999 3880 3879 4000 
3879 3999 4000 3881 3880 4001 3880 4000 4001 
3882 3881 4002 3881 4001 4002 3883 3882 4003 
3882 4002 4003 3884 3883 4004 3883 4003 4004 
3885 3884 4005 3884 4004 4005 3886 3885 4006 
3885 4005 4006 3887 3886 4007 3886 4006 4007 
3888 3887 4008 3887 4007 4008 3889 3888 4009 
3888 4008 4009 3890 3889 4010 3889 4009 4010 
3891 3890 4011 3890 4010 4011 3892 3891 4012 
3891 4011 4012 3893 3892 4013 3892 4012 4013 
3894 3893 4014 3893 4013 4014 3895 3894 4015 
3894 4014 4015 3896 3895 4016 3895 4015 4016 
3897 3896 4017 3896 4016 4017 3898 3897 4018 
3897 4017 4018 3899 3898 4019 3898 4018 4019 
3900 4020 3901 3901 4020 4021 3902 4022 3900 
3900 4022 4020 3903 4023 3902 3902 4023 4022 
3904 4024 3903 3903 4024 4023 3905 4025 3904 
3904 4025 4024 3906 4026 3905 3905 4026 4025 
3907 4027 3906 3906 4027 4026 3908 4028 3907 
3907 4028 4027 3909 4029 3908 3908 4029 4028 
3910 4030 3909 3909 4030 4029 3911 4031 3910 
3910 4031 4030 3912 4032 3911 3911 4032 4031 
3913 4033 3912 3912 4033 4032 3914 4034 3913 
3913 4034 4033 3915 4035 3914 3914 4035 4034 
3916 4036 3915 3915 4036 4035 3917 4037 3916 
3916 4037 4036 3918 4038 3917 3917 4038 4037 
3919 4039 3918 3918 4039 4038 3920 4040 3919 
3919 4040 4039 3921 4041 3920 3920 4041 4040 
3922 4042 3921 3921 4042 4041 3923 4043 3922 
3922 4043 4042 3924 4044 3923 3923 4044 4043 
3925 4045 3924 3924 4045 4044 3926 4046 3925 
3925 4046 4045 3927 4047 3926 3926 4047 4046 
3928 4048 3927 3927 4048 4047 3929 4049 3928 
3928 4049 4048 3930 4050 3929 3929 4050 4049 
3931 4051 3930 3930 4051 4050 3932 4052 3931 
3931 4052 4051 3933 4053 3932 3932 4053 4052 
3934 4054 3933 3933 4054 4053 3935 4055 3934 
3934 4055 4054 3936 4056 3935 3935 4056 4055 
3937 4057 3936 3936 4057 4056 3938 4058 3937 
3937 4058 4057 3939 4059 3938 3938 4059 4058 
3940 4060 3939 3939 4060 4059 3941 4061 3940 
3940 4061 4060 3942 4062 3941 3941 4062 4061 
3943 4063 3942 3942 4063 4062 3944 4064 3943 
3943 4064 4063 3945 4065 3944 3944 4065 4064 
3946 4066 3945 3945 4066 4065 3947 4067 3946 
3946 4067 4066 3948 4068 3947 3947 4068 4067 
3949 4069 3948 3948 4069 4068 3950 4070 3949 
3949 4070 4069 3951 4071 3950 3950 4071 4070 
3952 4072 3951 3951 4072 4071 3953 4073 3952 
3952 4073 4072 3954 4074 3953 3953 4074 4073 
3955 4075 3954 3954 4075 4074 3956 4076 3955 
3955 4076 4075 3957 4077 3956 3956 4077 4076 
3958 4078 3957 3957 4078 4077 3959 4079 3958 
3958 4079 4078 3960 3961 4080 3961 4081 4080 
3962 3960 4082 3960 4080 4082 3963 3962 4083 
3962 4082 4083 3964 3963 4084 3963 4083 4084 
3965 3964 4085 3964 4084 4085 3966 3965 4086 
3965 4085 4086 3967 3966 4087 3966 4086 4087 
3968 3967 4088 3967 4087 4088 3969 3968 4089 
3968 4088 4089 3970 3969 4090 3969 4089 4090 
3971 3970 4091 3970 4090 4091 3972 3971 4092 
3971 4091 4092 3973 3972 4093 3972 4092 4093 
3974 3973 4094 3973 4093 4094 3975 3974 4095 
3974 4094 4095 3976 3975 4096 3975 4095 4096 
3977 3976 4097 3976 4096 4097 3978 3977 4098 
3977 4097 4098 3979 3978 4099 3978 4098 4099 
3980 3979 4100 3979 4099 4100 3981 3980 4101 
3980 4100 4101 3982 3981 4102 3981 4101 4102 
3983 3982 4103 3982 4102 4103 3984 3983 4104 
3983 4103 4104 3985 3984 4105 3984 4104 4105 
3986 3985 4106 3985 4105 4106 3987 3986 4107 
3986 4106 4107 3988 3987 4108 3987 4107 4108 
3989 3988 4109 3988 4108 4109 3990 3989 4110 
3989 4109 4110 3991 3990 4111 3990 4110 4111 
3992 3991 4112 3991 4111 4112 3993 3992 4113 
3992 4112 4113 3994 3993 4114 3993 4113 4114 
3995 3994 4115 3994 4114 4115 3996 3995 4116 
3995 4115 4116 3997 3996 4117 3996 4116 4117 
3998 3997 4118 3997 4117 4118 3999 3998 4119 
3998 4118 4119 4000 3999 4120 3999 4119 4120 
4001 4000 4121 4000 4120 4121 4002 4001 4122 
4001 4121 4122 4003 4002 4123 4002 4122 4123 
4004 4003 4124 4003 4123 4124 4005 4004 4125 
4004 4124 4125 4006 4005 4126 4005 4125 4126 
4007 4006 4127 4006 4126 4127 4008 4007 4128 
4007 4127 4128 4009 4008 4129 4008 4128 4129 
4010 4009 4130 4009 4129 4130 4011 4010 4131 
4010 4130 4131 4012 4011 4132 4011 4131 4132 
4013 4012 4133 4012 4132 4133 4014 4013 4134 
4013 4133 4134 4015 4014 4135 4014 4134 4135 
4016 4015 4136 4015 4135 4136 4017 4016 4137 
4016 4136 4137 4018 4017 4138 4017 4137 4138 
4019 4018 4139 4018 4138 4139 4021 4020 4140 
4141 4021 4140 4020 4022 4142 4140 4020 4142 
4022 4023 4143 4142 4022 4143 4023 4024 4144 
4143 4023 4144 4024 4025 4145 4144 4024 4145 
4025 4026 4146 4145 4025 4146 4026 4027 4147 
4146 4026 4147 4027 4028 4148 4147 4027 4148 
4028 4029 4149 4148 4028 4149 4029 4030 4150 
4149 4029 4150 4030 4031 4151 4150 4030 4151 
4031 4032 4152 4151 4031 4152 4032 4033 4153 
4152 4032 4153 4033 4034 4154 4153 4033 4154 
4034 4035 4155 4154 4034 4155 4035 4036 4156 
4155 4035 4156 4036 4037 4157 4156 4036 4157 
4037 4038 4158 4157 4037 4158 4038 4039 4159 
4158 4038 4159 4039 4040 4160 4159 4039 4160 
4040 4041 4161 4160 4040 4161 4041 4042 4162 
4161 4041 4162 4042 4043 4163 4162 4042 4163 
4043 4044 4164 4163 4043 4164 4044 4045 4165 
4164 4044 4165 4045 4046 4166 4165 4045 4166 
4046 4047 4167 4166 4046 4167 4047 4048 4168 
4167 4047 4168 4048 4049 4169 4168 4048 4169 
4049 4050 4170 4169 4049 4170 4050 4051 4171 
4170 4050 4171 4051 4052 4172 4171 4051 4172 
4052 4053 4173 4172 4052 4173 4053 4054 4174 
4173 4053 4174 4054 4055 4175 4174 4054 4175 
4055 4056 4176 4175 4055 4176 4056 4057 4177 
4176 4056 4177 4057 4058 4178 4177 4057 4178 
4058 4059 4179 4178 4058 4179 4059 4060 4180 
4179 4059 4180 4060 4061 4181 4180 4060 4181 
4061 4062 4182 4181 4061 4182 4062 4063 4183 
4182 4062 4183 4063 4064 4184 4183 4063 4184 
4064 4065 4185 4184 4064 4185 4065 4066 4186 
4185 4065 4186 4066 4067 4187 4186 4066 4187 
4067 4068 4188 4187 4067 4188 4068 4069 4189 
4188 4068 4189 4069 4070 4190 4189 4069 4190 
4070 4071 4191 4190 4070 4191 4071 4072 4192 
4191 4071 4192 4072 4073 4193 4192 4072 4193 
4073 4074 4194 4193 4073 4194 4074 4075 4195 
4194 4074 4195 4075 4076 4196 4195 4075 4196 
4076 4077 4197 4196 4076 4197 4077 4078 4198 
4197 4077 4198 4078 4079 4199 4198 4078 4199 
4140 4200 4141 4201 4200 4140 4142 4201 4140 
4202 4201 4142 4143 4202 4142 4203 4202 4143 
4144 4203 4143 4204 4203 4144 4145 4204 4144 
4205 4204 4145 4146 4205 4145 4206 4205 4146 
4147 4206 4146 4207 4206 4147 4148 4207 4147 
4208 4207 4148 4149 4208 4148 4209 4208 4149 
4150 4209 4149 4210 4209 4150 4151 4210 4150 
4211 4210 4151 4152 4211 4151 4212 4211 4152 
4153 4212 4152 4213 4212 4153 4154 4213 4153 
4214 4213 4154 4155 4214 4154 4215 4214 4155 
4156 4215 4155 4216 4215 4156 4157 4216 4156 
4217 4216 4157 4158 4217 4157 4218 4217 4158 
4159 4218 4158 4219 4218 4159 4160 4219 4159 
4220 4219 4160 4161 4220 4160 4221 4220 4161 
4162 4221 4161 4222 4221 4162 4163 4222 4162 
4223 4222 4163 4164 4223 4163 4224 4223 4164 
4165 4224 4164 4225 4224 4165 4166 4225 4165 
4226 4225 4166 4167 4226 4166 4227 4226 4167 
4168 4227 4167 4228 4227 4168 4169 4228 4168 
4229 4228 4169 4170 4229 4169 4230 4229 4170 
4171 4230 4170 4231 4230 4171 4172 4231 4171 
4232 4231 4172 4173 4232 4172 4233 4232 4173 
4174 4233 4173 4234 4233 4174 4175 4234 4174 
4235 4234 4175 4176 4235 4175 4236 4235 4176 
4177 4236 4176 4237 4236 4177 4178 4237 4177 
4238 4237 4178 4179 4238 4178 4239 4238 4179 
4180 4239 4179 4240 4239 4180 4181 4240 4180 
4241 4240 4181 4182 4241 4181 4242 4241 4182 
4183 4242 4182 4243 4242 4183 4184 4243 4183 
4244 4243 4184 4185 4244 4184 4245 4244 4185 
4186 4245 4185 4246 4245 4186 4187 4246 4186 
4247 4246 4187 4188 4247 4187 4248 4247 4188 
4189 4248 4188 4249 4248 4189 4190 4249 4189 
4250 4249 4190 4191 4250 4190 4251 4250 4191 
4192 4251 4191 4252 4251 4192 4193 4252 4192 
4253 4252 4193 4194 4253 4193 4254 4253 4194 
4195 4254 4194 4255 4254 4195 4196 4255 4195 
4256 4255 4196 4197 4256 4196 4257 4256 4197 
4198 4257 4197 4258 4257 4198 4199 4258 4198 
4259 4258 4199 4260 4261 4262 4263 4261 4260 
4262 4264 4265 4261 4264 4262 4265 4266 4267 
4264 4266 4265 4267 4268 4269 4266 4268 4267 
4269 4270 4271 4268 4270 4269 4271 4272 4273 
4270 4272 4271 4273 4274 4275 4272 4274 4273 
4275 4276 4277 4274 4276 4275 4277 4278 4279 
4276 4278 4277 4279 4280 4281 4278 4280 4279 
4281 4282 4283 4280 4282 4281 4283 4284 4285 
4282 4284 4283 4285 4286 4287 4284 4286 4285 
4287 4288 4289 4286 4288 4287 4289 4290 4291 
4288 4290 4289 4291 4292 4293 4290 4292 4291 
4293 4294 4295 4292 4294 4293 4295 4296 4297 
4294 4296 4295 4297 4298 4299 4296 4298 4297 
4299 4300 4301 4298 4300 4299 4301 4302 4303 
4300 4302 4301 4303 4304 4305 4302 4304 4303 
4305 4306 4307 4304 4306 4305 4307 4308 4309 
4306 4308 4307 4309 4310 4311 4308 4310 4309 
4311 4312 4313 4310 4312 4311 4313 4314 4315 
4312 4314 4313 4315 4316 4317 4314 4316 4315 
4317 4318 4319 4316 4318 4317 4319 4320 4321 
4318 4320 4319 4321 4322 4323 4320 4322 4321 
4323 4324 4325 4322 4324 4323 4325 4326 4327 
4324 4326 4325 4327 4328 4329 4326 4328 4327 
4329 4330 4331 4328 4330 4329 4331 4332 4333 
4330 4332 4331 4333 4334 4335 4332 4334 4333 
4335 4336 4337 4334 4336 4335 4337 4338 4339 
4336 4338 4337 4339 4340 4341 4338 4340 4339 
4341 4342 4343 4340 4342 4341 4343 4344 4345 
4342 4344 4343 4345 4346 4347 4344 4346 4345 
4347 4348 4349 4346 4348 4347 4349 4350 4351 
4348 4350 4349 4351 4352 4353 4350 4352 4351 
4353 4354 4355 4352 4354 4353 4355 4356 4357 
4354 4356 4355 4357 4358 4359 4356 4358 4357 
4359 4360 4361 4358 4360 4359 4361 4362 4363 
4360 4362 4361 4363 4364 4365 4362 4364 4363 
4365 4366 4367 4364 4366 4365 4367 4368 4369 
4366 4368 4367 4369 4370 4371 4368 4370 4369 
4371 4372 4373 4370 4372 4371 4373 4374 4375 
4372 4374 4373 4375 4376 4377 4374 4376 4375 
4377 4378 4379 4376 4378 4377 4080 4081 4260 
4262 4080 4260 4082 4080 4262 4265 4082 4262 
4083 4082 4265 4267 4083 4265 4084 4083 4267 
4269 4084 4267 4085 4084 4269 4271 4085 4269 
4086 4085 4271 4273 4086 4271 4087 4086 4273 
4275 4087 4273 4088 4087 4275 4277 4088 4275 
4089 4088 4277 4279 4089 4277 4090 4089 4279 
4281 4090 4279 4091 4090 4281 4283 4091 4281 
4092 4091 4283 4285 4092 4283 4093 4092 4285 
4287 4093 4285 4094 4093 4287 4289 4094 4287 
4095 4094 4289 4291 4095 4289 4096 4095 4291 
4293 4096 4291 4097 4096 4293 4295 4097 4293 
4098 4097 4295 4297 4098 4295 4099 4098 4297 
4299 4099 4297 4100 4099 4299 4301 4100 4299 
4101 4100 4301 4303 4101 4301 4102 4101 4303 
4305 4102 4303 4103 4102 4305 4307 4103 4305 
4104 4103 4307 4309 4104 4307 4105 4104 4309 
4311 4105 4309 4106 4105 4311 4313 4106 4311 
4107 4106 4313 4315 4107 4313 4108 4107 4315 
4317 4108 4315 4109 4108 4317 4319 4109 4317 
4110 4109 4319 4321 4110 4319 4111 4110 4321 
4323 4111 4321 4112 4111 4323 4325 4112 4323 
4113 4112 4325 4327 4113 4325 4114 4113 4327 
4329 4114 4327 4115 4114 4329 4331 4115 4329 
4116 4115 4331 4333 4116 4331 4117 4116 4333 
4335 4117 4333 4118 4117 4335 4337 4118 4335 
4119 4118 4337 4339 4119 4337 4120 4119 4339 
4341 4120 4339 4121 4120 4341 4343 4121 4341 
4122 4121 4343 4345 4122 4343 4123 4122 4345 
4347 4123 4345 4124 4123 4347 4349 4124 4347 
4125 4124 4349 4351 4125 4349 4126 4125 4351 
4353 4126 4351 4127 4126 4353 4355 4127 4353 
4128 4127 4355 4357 4128 4355 4129 4128 4357 
4359 4129 4357 4130 4129 4359 4361 4130 4359 
4131 4130 4361 4363 4131 4361 4132 4131 4363 
4365 4132 4363 4133 4132 4365 4367 4133 4365 
4134 4133 4367 4369 4134 4367 4135 4134 4369 
4371 4135 4369 4136 4135 4371 4373 4136 4371 
4137 4136 4373 4375 4137 4373 4138 4137 4375 
4377 4138 4375 4139 4138 4377 4379 4139 4377 
4201 4380 4200 4200 4380 4381 4202 4382 4201 
4201 4382 4380 4203 4383 4202 4202 4383 4382 
4204 4384 4203 4203 4384 4383 4205 4385 4204 
4204 4385 4384 4206 4386 4205 4205 4386 4385 
4207 4387 4206 4206 4387 4386 4208 4388 4207 
4207 4388 4387 4209 4389 4208 4208 4389 4388 
4210 4390 4209 4209 4390 4389 4211 4391 4210 
4210 4391 4390 4212 4392 4211 4211 4392 4391 
4213 4393 4212 4212 4393 4392 4214 4394 4213 
4213 4394 4393 4215 4395 4214 4214 4395 4394 
4216 4396 4215 4215 4396 4395 4217 4397 4216 
4216 4397 4396 4218 4398 4217 4217 4398 4397 
4219 4399 4218 4218 4399 4398 4220 4400 4219 
4219 4400 4399 4221 4401 4220 4220 4401 4400 
4222 4402 4221 4221 4402 4401 4223 4403 4222 
4222 4403 4402 4224 4404 4223 4223 4404 4403 
4225 4405 4224 4224 4405 4404 4226 4406 4225 
4225 4406 4405 4227 4407 4226 4226 4407 4406 
4228 4408 4227 4227 4408 4407 4229 4409 4228 
4228 4409 4408 4230 4410 4229 4229 4410 4409 
4231 4411 4230 4230 4411 4410 4232 4412 4231 
4231 4412 4411 4233 4413 4232 4232 4413 4412 
4234 4414 4233 4233 4414 4413 4235 4415 4234 
4234 4415 4414 4236 4416 4235 4235 4416 4415 
4237 4417 4236 4236 4417 4416 4238 4418 4237 
4237 4418 4417 4239 4419 4238 4238 4419 4418 
4240 4420 4239 4239 4420 4419 4241 4421 4240 
4240 4421 4420 4242 4422 4241 4241 4422 4421 
4243 4423 4242 4242 4423 4422 4244 4424 4243 
4243 4424 4423 4245 4425 4244 4244 4425 4424 
4246 4426 4245 4245 4426 4425 4247 4427 4246 
4246 4427 4426 4248 4428 4247 4247 4428 4427 
4249 4429 4248 4248 4429 4428 4250 4430 4249 
4249 4430 4429 4251 4431 4250 4250 4431 4430 
4252 4432 4251 4251 4432 4431 4253 4433 4252 
4252 4433 4432 4254 4434 4253 4253 4434 4433 
4255 4435 4254 4254 4435 4434 4256 4436 4255 
4255 4436 4435 4257 4437 4256 4256 4437 4436 
4258 4438 4257 4257 4438 4437 4259 4439 4258 
4258 4439 4438 4261 4263 4440 4263 4441 4440 
4264 4261 4442 4261 4440 4442 4266 4264 4443 
4264 4442 4443 4268 4266 4444 4266 4443 4444 
4270 4268 4445 4268 4444 4445 4272 4270 4446 
4270 4445 4446 4274 4272 4447 4272 4446 4447 
4276 4274 4448 4274 4447 4448 4278 4276 4449 
4276 4448 4449 4280 4278 4450 4278 4449 4450 
4282 4280 4451 4280 4450 4451 4284 4282 4452 
4282 4451 4452 4286 4284 4453 4284 4452 4453 
4288 4286 4454 4286 4453 4454 4290 4288 4455 
4288 4454 4455 4292 4290 4456 4290 4455 4456 
4294 4292 4457 4292 4456 4457 4296 4294 4458 
4294 4457 4458 4298 4296 4459 4296 4458 4459 
4300 4298 4460 4298 4459 4460 4302 4300 4461 
4300 4460 4461 4304 4302 4462 4302 4461 4462 
4306 4304 4463 4304 4462 4463 4308 4306 4464 
4306 4463 4464 4310 4308 4465 4308 4464 4465 
4312 4310 4466 4310 4465 4466 4314 4312 4467 
4312 4466 4467 4316 4314 4468 4314 4467 4468 
4318 4316 4469 4316 4468 4469 4320 4318 4470 
4318 4469 4470 4322 4320 4471 4320 4470 4471 
4324 4322 4472 4322 4471 4472 4326 4324 4473 
4324 4472 4473 4328 4326 4474 4326 4473 4474 
4330 4328 4475 4328 4474 4475 4332 4330 4476 
4330 4475 4476 4334 4332 4477 4332 4476 4477 
4336 4334 4478 4334 4477 4478 4338 4336 4479 
4336 4478 4479 4340 4338 4480 4338 4479 4480 
4342 4340 4481 4340 4480 4481 4344 4342 4482 
4342 4481 4482 4346 4344 4483 4344 4482 4483 
4348 4346 4484 4346 4483 4484 4350 4348 4485 
4348 4484 4485 4352 4350 4486 4350 4485 4486 
4354 4352 4487 4352 4486 4487 4356 4354 4488 
4354 4487 4488 4358 4356 4489 4356 4488 4489 
4360 4358 4490 4358 4489 4490 4362 4360 4491 
4360 4490 4491 4364 4362 4492 4362 4491 4492 
4366 4364 4493 4364 4492 4493 4368 4366 4494 
4366 4493 4494 4370 4368 4495 4368 4494 4495 
4372 4370 4496 4370 4495 4496 4374 4372 4497 
4372 4496 4497 4376 4374 4498 4374 4497 4498 
4378 4376 4499 4376 4498 4499 4381 4380 4500 
4501 4381 4500 4380 4382 4502 4500 4380 4502 
4382 4383 4503 4502 4382 4503 4383 4384 4504 
4503 4383 4504 4384 4385 4505 4504 4384 4505 
4385 4386 4506 4505 4385 4506 4386 4387 4507 
4506 4386 4507 4387 4388 4508 4507 4387 4508 
4388 4389 4509 4508 4388 4509 4389 4390 4510 
4509 4389 4510 4390 4391 4511 4510 4390 4511 
4391 4392 4512 4511 4391 4512 4392 4393 4513 
4512 4392 4513 4393 4394 4514 4513 4393 4514 
4394 4395 4515 4514 4394 4515 4395 4396 4516 
4515 4395 4516 4396 4397 4517 4516 4396 4517 
4397 4398 4518 4517 4397 4518 4398 4399 4519 
4518 4398 4519 4399 4400 4520 4519 4399 4520 
4400 4401 4521 4520 4400 4521 4401 4402 4522 
4521 4401 4522 4402 4403 4523 4522 4402 4523 
4403 4404 4524 4523 4403 4524 4404 4405 4525 
4524 4404 4525 4405 4406 4526 4525 4405 4526 
4406 4407 4527 4526 4406 4527 4407 4408 4528 
4527 4407 4528 4408 4409 4529 4528 4408 4529 
4409 4410 4530 4529 4409 4530 4410 4411 4531 
4530 4410 4531 4411 4412 4532 4531 4411 4532 
4412 4413 4533 4532 4412 4533 4413 4414 4534 
4533 4413 4534 4414 4415 4535 4534 4414 4535 
4415 4416 4536 4535 4415 4536 4416 4417 4537 
4536 4416 4537 4417 4418 4538 4537 4417 4538 
4418 4419 4539 4538 4418 4539 4419 4420 4540 
4539 4419 4540 4420 4421 4541 4540 4420 4541 
4421 4422 4542 4541 4421 4542 4422 4423 4543 
4542 4422 4543 4423 4424 4544 4543 4423 4544 
4424 4425 4545 4544 4424 4545 4425 4426 4546 
4545 4425 4546 4426 4427 4547 4546 4426 4547 
4427 4428 4548 4547 4427 4548 4428 4429 4549 
4548 4428 4549 4429 4430 4550 4549 4429 4550 
4430 4431 4551 4550 4430 4551 4431 4432 4552 
4551 4431 4552 4432 4433 4553 4552 4432 4553 
4433 4434 4554 4553 4433 4554 4434 4435 4555 
4554 4434 4555 4435 4436 4556 4555 4435 4556 
4436 4437 4557 4556 4436 4557 4437 4438 4558 
4557 4437 4558 4438 4439 4559 4558 4438 4559 
4500 4560 4501 4561 4560 4500 4502 4561 4500 
4562 4561 4502 4503 4562 4502 4563 4562 4503 
4504 4563 4503 4564 4563 4504 4505 4564 4504 
4565 4564 4505 4506 4565 4505 4566 4565 4506 
4507 4566 4506 4567 4566 4507 4508 4567 4507 
4568 4567 4508 4509 4568 4508 4569 4568 4509 
4510 4569 4509 4570 4569 4510 4511 4570 4510 
4571 4570 4511 4512 4571 4511 4572 4571 4512 
4513 4572 4512 4573 4572 4513 4514 4573 4513 
4574 4573 4514 4515 4574 4514 4575 4574 4515 
4516 4575 4515 4576 4575 4516 4517 4576 4516 
4577 4576 4517 4518 4577 4517 4578 4577 4518 
4519 4578 4518 4579 4578 4519 4520 4579 4519 
4580 4579 4520 4521 4580 4520 4581 4580 4521 
4522 4581 4521 4582 4581 4522 4523 4582 4522 
4583 4582 4523 4524 4583 4523 4584 4583 4524 
4525 4584 4524 4585 4584 4525 4526 4585 4525 
4586 4585 4526 4527 4586 4526 4587 4586 4527 
4528 4587 4527 4588 4587 4528 4529 4588 4528 
4589 4588 4529 4530 4589 4529 4590 4589 4530 
4531 4590 4530 4591 4590 4531 4532 4591 4531 
4592 4591 4532 4533 4592 4532 4593 4592 4533 
4534 4593 4533 4594 4593 4534 4535 4594 4534 
4595 4594 4535 4536 4595 4535 4596 4595 4536 
4537 4596 4536 4597 4596 4537 4538 4597 4537 
4598 4597 4538 4539 4598 4538 4599 4598 4539 
4540 4599 4539 4600 4599 4540 4541 4600 4540 
4601 4600 4541 4542 4601 4541 4602 4601 4542 
4543 4602 4542 4603 4602 4543 4544 4603 4543 
4604 4603 4544 4545 4604 4544 4605 4604 4545 
4546 4605 4545 4606 4605 4546 4547 4606 4546 
4607 4606 4547 4548 4607 4547 4608 4607 4548 
4549 4608 4548 4609 4608 4549 4550 4609 4549 
4610 4609 4550 4551 4610 4550 4611 4610 4551 
4552 4611 4551 4612 4611 4552 4553 4612 4552 
4613 4612 4553 4554 4613 4553 4614 4613 4554 
4555 4614 4554 4615 4614 4555 4556 4615 4555 
4616 4615 4556 4557 4616 4556 4617 4616 4557 
4558 4617 4557 4618 4617 4558 4559 4618 4558 
4619 4618 4559 4620 4621 4622 4623 4621 4620 
4622 4624 4625 4621 4624 4622 4625 4626 4627 
4624 4626 4625 4627 4628 4629 4626 4628 4627 
4629 4630 4631 4628 4630 4629 4631 4632 4633 
4630 4632 4631 4633 4634 4635 4632 4634 4633 
4635 4636 4637 4634 4636 4635 4637 4638 4639 
4636 4638 4637 4639 4640 4641 4638 4640 4639 
4641 4642 4643 4640 4642 4641 4643 4644 4645 
4642 4644 4643 4645 4646 4647 4644 4646 4645 
4647 4648 4649 4646 4648 4647 4649 4650 4651 
4648 4650 4649 4651 4652 4653 4650 4652 4651 
4653 4654 4655 4652 4654 4653 4655 4656 4657 
4654 4656 4655 4657 4658 4659 4656 4658 4657 
4659 4660 4661 4658 4660 4659 4661 4662 4663 
4660 4662 4661 4663 4664 4665 4662 4664 4663 
4665 4666 4667 4664 4666 4665 4667 4668 4669 
4666 4668 4667 4669 4670 4671 4668 4670 4669 
4671 4672 4673 4670 4672 4671 4673 4674 4675 
4672 4674 4673 4675 4676 4677 4674 4676 4675 
4677 4678 4679 4676 4678 4677 4679 4680 4681 
4678 4680 4679 4681 4682 4683 4680 4682 4681 
4683 4684 4685 4682 4684 4683 4685 4686 4687 
4684 4686 4685 4687 4688 4689 4686 4688 4687 
4689 4690 4691 4688 4690 4689 4691 4692 4693 
4690 4692 4691 4693 4694 4695 4692 4694 4693 
4695 4696 4697 4694 4696 4695 4697 4698 4699 
4696 4698 4697 4699 4700 4701 4698 4700 4699 
4701 4702 4703 4700 4702 4701 4703 4704 4705 
4702 4704 4703 4705 4706 4707 4704 4706 4705 
4707 4708 4709 4706 4708 4707 4709 4710 4711 
4708 4710 4709 4711 4712 4713 4710 4712 4711 
4713 4714 4715 4712 4714 4713 4715 4716 4717 
4714 4716 4715 4717 4718 4719 4716 4718 4717 
4719 4720 4721 4718 4720 4719 4721 4722 4723 
4720 4722 4721 4723 4724 4725 4722 4724 4723 
4725 4726 4727 4724 4726 4725 4727 4728 4729 
4726 4728 4727 4729 4730 4731 4728 4730 4729 
4731 4732 4733 4730 4732 4731 4733 4734 4735 
4732 4734 4733 4735 4736 4737 4734 4736 4735 
4737 4738 4739 4736 4738 4737 4440 4441 4620 
4622 4440 4620 4442 4440 4622 4625 4442 4622 
4443 4442 4625 4627 4443 4625 4444 4443 4627 
4629 4444 4627 4445 4444 4629 4631 4445 4629 
4446 4445 4631 4633 4446 4631 4447 4446 4633 
4635 4447 4633 4448 4447 4635 4637 4448 4635 
4449 4448 4637 4639 4449 4637 4450 4449 4639 
4641 4450 4639 4451 4450 4641 4643 4451 4641 
4452 4451 4643 4645 4452 4643 4453 4452 4645 
4647 4453 4645 4454 4453 4647 4649 4454 4647 
4455 4454 4649 4651 4455 4649 4456 4455 4651 
4653 4456 4651 4457 4456 4653 4655 4457 4653 
4458 4457 4655 4657 4458 4655 4459 4458 4657 
4659 4459 4657 4460 4459 4659 4661 4460 4659 
4461 4460 4661 4663 4461 4661 4462 4461 4663 
4665 4462 4663 4463 4462 4665 4667 4463 4665 
4464 4463 4667 4669 4464 4667 4465 4464 4669 
4671 4465 4669 4466 4465 4671 4673 4466 4671 
4467 4466 4673 4675 4467 4673 4468 4467 4675 
4677 4468 4675 4469 4468 4677 4679 4469 4677 
4470 4469 4679 4681 4470 4679 4471 4470 4681 
4683 4471 4681 4472 4471 4683 4685 4472 4683 
4473 4472 4685 4687 4473 4685 4474 4473 4687 
4689 4474 4687 4475 4474 4689 4691 4475 4689 
4476 4475 4691 4693 4476 4691 4477 4476 4693 
4695 4477 4693 4478 4477 4695 4697 4478 4695 
4479 4478 4697 4699 4479 4697 4480 4479 4699 
4701 4480 4699 4481 4480 4701 4703 4481 4701 
4482 4481 4703 4705 4482 4703 4483 4482 4705 
4707 4483 4705 4484 4483 4707 4709 4484 4707 
4485 4484 4709 4711 4485 4709 4486 4485 4711 
4713 4486 4711 4487 4486 4713 4715 4487 4713 
4488 4487 4715 4717 4488 4715 4489 4488 4717 
4719 4489 4717 4490 4489 4719 4721 4490 4719 
4491 4490 4721 4723 4491 4721 4492 4491 4723 
4725 4492 4723 4493 4492 4725 4727 4493 4725 
4494 4493 4727 4729 4494 4727 4495 4494 4729 
4731 4495 4729 4496 4495 4731 4733 4496 4731 
4497 4496 4733 4735 4497 4733 4498 4497 4735 
4737 4498 4735 4499 4498 4737 4739 4499 4737 
4560 4561 4740 4741 4560 4740 4561 4562 4742 
4740 4561 4742 4562 4563 4743 4742 4562 4743 
4563 4564 4744 4743 4563 4744 4564 4565 4745 
4744 4564 4745 4565 4566 4746 4745 4565 4746 
4566 4567 4747 4746 4566 4747 4567 4568 4748 
4747 4567 4748 4568 4569 4749 4748 4568 4749 
4569 4570 4750 4749 4569 4750 4570 4571 4751 
4750 4570 4751 4571 4572 4752 4751 4571 4752 
4572 4573 4753 4752 4572 4753 4573 4574 4754 
4753 4573 4754 4574 4575 4755 4754 4574 4755 
4575 4576 4756 4755 4575 4756 4576 4577 4757 
4756 4576 4757 4577 4578 4758 4757 4577 4758 
4578 4579 4759 4758 4578 4759 4579 4580 4760 
4759 4579 4760 4580 4581 4761 4760 4580 4761 
4581 4582 4762 4761 4581 4762 4582 4583 4763 
4762 4582 4763 4583 4584 4764 4763 4583 4764 
4584 4585 4765 4764 4584 4765 4585 4586 4766 
4765 4585 4766 4586 4587 4767 4766 4586 4767 
4587 4588 4768 4767 4587 4768 4588 4589 4769 
4768 4588 4769 4589 4590 4770 4769 4589 4770 
4590 4591 4771 4770 4590 4771 4591 4592 4772 
4771 4591 4772 4592 4593 4773 4772 4592 4773 
4593 4594 4774 4773 4593 4774 4594 4595 4775 
4774 4594 4775 4595 4596 4776 4775 4595 4776 
4596 4597 4777 4776 4596 4777 4597 4598 4778 
4777 4597 4778 4598 4599 4779 4778 4598 4779 
4599 4600 4780 4779 4599 4780 4600 4601 4781 
4780 4600 4781 4601 4602 4782 4781 4601 4782 
4602 4603 4783 4782 4602 4783 4603 4604 4784 
4783 4603 4784 4604 4605 4785 4784 4604 4785 
4605 4606 4786 4785 4605 4786 4606 4607 4787 
4786 4606 4787 4607 4608 4788 4787 4607 4788 
4608 4609 4789 4788 4608 4789 4609 4610 4790 
4789 4609 4790 4610 4611 4791 4790 4610 4791 
4611 4612 4792 4791 4611 4792 4612 4613 4793 
4792 4612 4793 4613 4614 4794 4793 4613 4794 
4614 4615 4795 4794 4614 4795 4615 4616 4796 
4795 4615 4796 4616 4617 4797 4796 4616 4797 
4617 4618 4798 4797 4617 4798 4618 4619 4799 
4798 4618 4799 4740 4800 4741 4801 4800 4740 
4742 4801 4740 4802 4801 4742 4743 4802 4742 
4803 4802 4743 4744 4803 4743 4804 4803 4744 
4745 4804 4744 4805 4804 4745 4746 4805 4745 
4806 4805 4746 4747 4806 4746 4807 4806 4747 
4748 4807 4747 4808 4807 4748 4749 4808 4748 
4809 4808 4749 4750 4809 4749 4810 4809 4750 
4751 4810 4750 4811 4810 4751 4752 4811 4751 
4812 4811 4752 4753 4812 4752 4813 4812 4753 
4754 4813 4753 4814 4813 4754 4755 4814 4754 
4815 4814 4755 4756 4815 4755 4816 4815 4756 
4757 4816 4756 4817 4816 4757 4758 4817 4757 
4818 4817 4758 4759 4818 4758 4819 4818 4759 
4760 4819 4759 4820 4819 4760 4761 4820 4760 
4821 4820 4761 4762 4821 4761 4822 4821 4762 
4763 4822 4762 4823 4822 4763 4764 4823 4763 
4824 4823 4764 4765 4824 4764 4825 4824 4765 
4766 4825 4765 4826 4825 4766 4767 4826 4766 
4827 4826 4767 4768 4827 4767 4828 4827 4768 
4769 4828 4768 4829 4828 4769 4770 4829 4769 
4830 4829 4770 4771 4830 4770 4831 4830 4771 
4772 4831 4771 4832 4831 4772 4773 4832 4772 
4833 4832 4773 4774 4833 4773 4834 4833 4774 
4775 4834 4774 4835 4834 4775 4776 4835 4775 
4836 4835 4776 4777 4836 4776 4837 4836 4777 
4778 4837 4777 4838 4837 4778 4779 4838 4778 
4839 4838 4779 4780 4839 4779 4840 4839 4780 
4781 4840 4780 4841 4840 4781 4782 4841 4781 
4842 4841 4782 4783 4842 4782 4843 4842 4783 
4784 4843 4783 4844 4843 4784 4785 4844 4784 
4845 4844 4785 4786 4845 4785 4846 4845 4786 
4787 4846 4786 4847 4846 4787 4788 4847 4787 
4848 4847 4788 4789 4848 4788 4849 4848 4789 
4790 4849 4789 4850 4849 4790 4791 4850 4790 
4851 4850 4791 4792 4851 4791 4852 4851 4792 
4793 4852 4792 4853 4852 4793 4794 4853 4793 
4854 4853 4794 4795 4854 4794 4855 4854 4795 
4796 4855 4795 4856 4855 4796 4797 4856 4796 
4857 4856 4797 4798 4857 4797 4858 4857 4798 
4799 4858 4798 4859 4858 4799 4860 4861 4862 
4863 4861 4860 4862 4864 4865 4861 4864 4862 
4865 4866 4867 4864 4866 4865 4867 4868 4869 
4866 4868 4867 4869 4870 4871 4868 4870 4869 
4871 4872 4873 4870 4872 4871 4873 4874 4875 
4872 4874 4873 4875 4876 4877 4874 4876 4875 
4877 4878 4879 4876 4878 4877 4879 4880 4881 
4878 4880 4879 4881 4882 4883 4880 4882 4881 
4883 4884 4885 4882 4884 4883 4885 4886 4887 
4884 4886 4885 4887 4888 4889 4886 4888 4887 
4889 4890 4891 4888 4890 4889 4891 4892 4893 
4890 4892 4891 4893 4894 4895 4892 4894 4893 
4895 4896 4897 4894 4896 4895 4897 4898 4899 
4896 4898 4897 4899 4900 4901 4898 4900 4899 
4901 4902 4903 4900 4902 4901 4903 4904 4905 
4902 4904 4903 4905 4906 4907 4904 4906 4905 
4907 4908 4909 4906 4908 4907 4909 4910 4911 
4908 4910 4909 4911 4912 4913 4910 4912 4911 
4913 4914 4915 4912 4914 4913 4915 4916 4917 
4914 4916 4915 4917 4918 4919 4916 4918 4917 
4919 4920 4921 4918 4920 4919 4921 4922 4923 
4920 4922 4921 4923 4924 4925 4922 4924 4923 
4925 4926 4927 4924 4926 4925 4927 4928 4929 
4926 4928 4927 4929 4930 4931 4928 4930 4929 
4931 4932 4933 4930 4932 4931 4933 4934 4935 
4932 4934 4933 4935 4936 4937 4934 4936 4935 
4937 4938 4939 4936 4938 4937 4939 4940 4941 
4938 4940 4939 4941 4942 4943 4940 4942 4941 
4943 4944 4945 4942 4944 4943 4945 4946 4947 
4944 4946 4945 4947 4948 4949 4946 4948 4947 
4949 4950 4951 4948 4950 4949 4951 4952 4953 
4950 4952 4951 4953 4954 4955 4952 4954 4953 
4955 4956 4957 4954 4956 4955 4957 4958 4959 
4956 4958 4957 4959 4960 4961 4958 4960 4959 
4961 4962 4963 4960 4962 4961 4963 4964 4965 
4962 4964 4963 4965 4966 4967 4964 4966 4965 
4967 4968 4969 4966 4968 4967 4969 4970 4971 
4968 4970 4969 4971 4972 4973 4970 4972 4971 
4973 4974 4975 4972 4974 4973 4975 4976 4977 
4974 4976 4975 4977 4978 4979 4976 4978 4977 
4621 4623 4860 4862 4621 4860 4624 4621 4862 
4865 4624 4862 4626 4624 4865 4867 4626 4865 
4628 4626 4867 4869 4628 4867 4630 4628 4869 
4871 4630 4869 4632 4630 4871 4873 4632 4871 
4634 4632 4873 4875 4634 4873 4636 4634 4875 
4877 4636 4875 4638 4636 4877 4879 4638 4877 
4640 4638 4879 4881 4640 4879 4642 4640 4881 
4883 4642 4881 4644 4642 4883 4885 4644 4883 
4646 4644 4885 4887 4646 4885 4648 4646 4887 
4889 4648 4887 4650 4648 4889 4891 4650 4889 
4652 4650 4891 4893 4652 4891 4654 4652 4893 
4895 4654 4893 4656 4654 4895 4897 4656 4895 
4658 4656 4897 4899 4658 4897 4660 4658 4899 
4901 4660 4899 4662 4660 4901 4903 4662 4901 
4664 4662 4903 4905 4664 4903 4666 4664 4905 
4907 4666 4905 4668 4666 4907 4909 4668 4907 
4670 4668 4909 4911 4670 4909 4672 4670 4911 
4913 4672 4911 4674 4672 4913 4915 4674 4913 
4676 4674 4915 4917 4676 4915 4678 4676 4917 
4919 4678 4917 4680 4678 4919 4921 4680 4919 
4682 4680 4921 4923 4682 4921 4684 4682 4923 
4925 4684 4923 4686 4684 4925 4927 4686 4925 
4688 4686 4927 4929 4688 4927 4690 4688 4929 
4931 4690 4929 4692 4690 4931 4933 4692 4931 
4694 4692 4933 4935 4694 4933 4696 4694 4935 
4937 4696 4935 4698 4696 4937 4939 4698 4937 
4700 4698 4939 4941 4700 4939 4702 4700 4941 
4943 4702 4941 4704 4702 4943 4945 4704 4943 
4706 4704 4945 4947 4706 4945 4708 4706 4947 
4949 4708 4947 4710 4708 4949 4951 4710 4949 
4712 4710 4951 4953 4712 4951 4714 4712 4953 
4955 4714 4953 4716 4714 4955 4957 4716 4955 
4718 4716 4957 4959 4718 4957 4720 4718 4959 
4961 4720 4959 4722 4720 4961 4963 4722 4961 
4724 4722 4963 4965 4724 4963 4726 4724 4965 
4967 4726 4965 4728 4726 4967 4969 4728 4967 
4730 4728 4969 4971 4730 4969 4732 4730 4971 
4973 4732 4971 4734 4732 4973 4975 4734 4973 
4736 4734 4975 4977 4736 4975 4738 4736 4977 
4979 4738 4977 4801 4980 4800 4800 4980 4981 
4802 4982 4801 4801 4982 4980 4803 4983 4802 
4802 4983 4982 4804 4984 4803 4803 4984 4983 
4805 4985 4804 4804 4985 4984 4806 4986 4805 
4805 4986 4985 4807 4987 4806 4806 4987 4986 
4808 4988 4807 4807 4988 4987 4809 4989 4808 
4808 4989 4988 4810 4990 4809 4809 4990 4989 
4811 4991 4810 4810 4991 4990 4812 4992 4811 
4811 4992 4991 4813 4993 4812 4812 4993 4992 
4814 4994 4813 4813 4994 4993 4815 4995 4814 
4814 4995 4994 4816 4996 4815 4815 4996 4995 
4817 4997 4816 4816 4997 4996 4818 4998 4817 
4817 4998 4997 4819 4999 4818 4818 4999 4998 
4820 5000 4819 4819 5000 4999 4821 5001 4820 
4820 5001 5000 4822 5002 4821 4821 5002 5001 
4823 5003 4822 4822 5003 5002 4824 5004 4823 
4823 5004 5003 4825 5005 4824 4824 5005 5004 
4826 5006 4825 4825 5006 5005 4827 5007 4826 
4826 5007 5006 4828 5008 4827 4827 5008 5007 
4829 5009 4828 4828 5009 5008 4830 5010 4829 
4829 5010 5009 4831 5011 4830 4830 5011 5010 
4832 5012 4831 4831 5012 5011 4833 5013 4832 
4832 5013 5012 4834 5014 4833 4833 5014 5013 
4835 5015 4834 4834 5015 5014 4836 5016 4835 
4835 5016 5015 4837 5017 4836 4836 5017 5016 
4838 5018 4837 4837 5018 5017 4839 5019 4838 
4838 5019 5018 4840 5020 4839 4839 5020 5019 
4841 5021 4840 4840 5021 5020 4842 5022 4841 
4841 5022 5021 4843 5023 4842 4842 5023 5022 
4844 5024 4843 4843 5024 5023 4845 5025 4844 
4844 5025 5024 4846 5026 4845 4845 5026 5025 
4847 5027 4846 4846 5027 5026 4848 5028 4847 
4847 5028 5027 4849 5029 4848 4848 5029 5028 
4850 5030 4849 4849 5030 5029 4851 5031 4850 
4850 5031 5030 4852 5032 4851 4851 5032 5031 
4853 5033 4852 4852 5033 5032 4854 5034 4853 
4853 5034 5033 4855 5035 4854 4854 5035 5034 
4856 5036 4855 4855 5036 5035 4857 5037 4856 
4856 5037 5036 4858 5038 4857 4857 5038 5037 
4859 5039 4858 4858 5039 5038 4861 4863 5040 
4863 5041 5040 4864 4861 5042 4861 5040 5042 
4866 4864 5043 4864 5042 5043 4868 4866 5044 
4866 5043 5044 4870 4868 5045 4868 5044 5045 
4872 4870 5046 4870 5045 5046 4874 4872 5047 
4872 5046 5047 4876 4874 5048 4874 5047 5048 
4878 4876 5049 4876 5048 5049 4880 4878 5050 
4878 5049 5050 4882 4880 5051 4880 5050 5051 
4884 4882 5052 4882 5051 5052 4886 4884 5053 
4884 5052 5053 4888 4886 5054 4886 5053 5054 
4890 4888 5055 4888 5054 5055 4892 4890 5056 
4890 5055 5056 4894 4892 5057 4892 5056 5057 
4896 4894 5058 4894 5057 5058 4898 4896 5059 
4896 5058 5059 4900 4898 5060 4898 5059 5060 
4902 4900 5061 4900 5060 5061 4904 4902 5062 
4902 5061 5062 4906 4904 5063 4904 5062 5063 
4908 4906 5064 4906 5063 5064 4910 4908 5065 
4908 5064 5065 4912 4910 5066 4910 5065 5066 
4914 4912 5067 4912 5066 5067 4916 4914 5068 
4914 5067 5068 4918 4916 5069 4916 5068 5069 
4920 4918 5070 4918 5069 5070 4922 4920 5071 
4920 5070 5071 4924 4922 5072 4922 5071 5072 
4926 4924 5073 4924 5072 5073 4928 4926 5074 
4926 5073 5074 4930 4928 5075 4928 5074 5075 
4932 4930 5076 4930 5075 5076 4934 4932 5077 
4932 5076 5077 4936 4934 5078 4934 5077 5078 
4938 4936 5079 4936 5078 5079 4940 4938 5080 
4938 5079 5080 4942 4940 5081 4940 5080 5081 
4944 4942 5082 4942 5081 5082 4946 4944 5083 
4944 5082 5083 4948 4946 5084 4946 5083 5084 
4950 4948 5085 4948 5084 5085 4952 4950 5086 
4950 5085 5086 4954 4952 5087 4952 5086 5087 
4956 4954 5088 4954 5087 5088 4958 4956 5089 
4956 5088 5089 4960 4958 5090 4958 5089 5090 
4962 4960 5091 4960 5090 5091 4964 4962 5092 
4962 5091 5092 4966 4964 5093 4964 5092 5093 
4968 4966 5094 4966 5093 5094 4970 4968 5095 
4968 5094 5095 4972 4970 5096 4970 5095 5096 
4974 4972 5097 4972 5096 5097 4976 4974 5098 
4974 5097 5098 4978 4976 5099 4976 5098 5099 
4981 4980 5100 5101 4981 5100 4980 4982 5102 
5100 4980 5102 4982 4983 5103 5102 4982 5103 
4983 4984 5104 5103 4983 5104 4984 4985 5105 
5104 4984 5105 4985 4986 5106 5105 4985 5106 
4986 4987 5107 5106 4986 5107 4987 4988 5108 
5107 4987 5108 4988 4989 5109 5108 4988 5109 
4989 4990 5110 5109 4989 5110 4990 4991 5111 
5110 4990 5111 4991 4992 5112 5111 4991 5112 
4992 4993 5113 5112 4992 5113 4993 4994 5114 
5113 4993 5114 4994 4995 5115 5114 4994 5115 
4995 4996 5116 5115 4995 5116 4996 4997 5117 
5116 4996 5117 4997 4998 5118 5117 4997 5118 
4998 4999 5119 5118 4998 5119 4999 5000 5120 
5119 4999 5120 5000 5001 5121 5120 5000 5121 
5001 5002 5122 5121 5001 5122 5002 5003 5123 
5122 5002 5123 5003 5004 5124 5123 5003 5124 
5004 5005 5125 5124 5004 5125 5005 5006 5126 
5125 5005 5126 5006 5007 5127 5126 5006 5127 
5007 5008 5128 5127 5007 5128 5008 5009 5129 
5128 5008 5129 5009 5010 5130 5129 5009 5130 
5010 5011 5131 5130 5010 5131 5011 5012 5132 
5131 5011 5132 5012 5013 5133 5132 5012 5133 
5013 5014 5134 5133 5013 5134 5014 5015 5135 
5134 5014 5135 5015 5016 5136 5135 5015 5136 
5016 5017 5137 5136 5016 5137 5017 5018 5138 
5137 5017 5138 5018 5019 5139 5138 5018 5139 
5019 5020 5140 5139 5019 5140 5020 5021 5141 
5140 5020 5141 5021 5022 5142 5141 5021 5142 
5022 5023 5143 5142 5022 5143 5023 5024 5144 
5143 5023 5144 5024 5025 5145 5144 5024 5145 
5025 5026 5146 5145 5025 5146 5026 5027 5147 
5146 5026 5147 5027 5028 5148 5147 5027 5148 
5028 5029 5149 5148 5028 5149 5029 5030 5150 
5149 5029 5150 5030 5031 5151 5150 5030 5151 
5031 5032 5152 5151 5031 5152 5032 5033 5153 
5152 5032 5153 5033 5034 5154 5153 5033 5154 
5034 5035 5155 5154 5034 5155 5035 5036 5156 
5155 5035 5156 5036 5037 5157 5156 5036 5157 
5037 5038 5158 5157 5037 5158 5038 5039 5159 
5158 5038 5159 5100 5160 5101 5161 5160 5100 
5102 5161 5100 5162 5161 5102 5103 5162 5102 
5163 5162 5103 5104 5163 5103 5164 5163 5104 
5105 5164 5104 5165 5164 5105 5106 5165 5105 
5166 5165 5106 5107 5166 5106 5167 5166 5107 
5108 5167 5107 5168 5167 5108 5109 5168 5108 
5169 5168 5109 5110 5169 5109 5170 5169 5110 
5111 5170 5110 5171 5170 5111 5112 5171 5111 
5172 5171 5112 5113 5172 5112 5173 5172 5113 
5114 5173 5113 5174 5173 5114 5115 5174 5114 
5175 5174 5115 5116 5175 5115 5176 5175 5116 
5117 5176 5116 5177 5176 5117 5118 5177 5117 
5178 5177 5118 5119 5178 5118 5179 5178 5119 
5120 5179 5119 5180 5179 5120 5121 5180 5120 
5181 5180 5121 5122 5181 5121 5182 5181 5122 
5123 5182 5122 5183 5182 5123 5124 5183 5123 
5184 5183 5124 5125 5184 5124 5185 5184 5125 
5126 5185 5125 5186 5185 5126 5127 5186 5126 
5187 5186 5127 5128 5187 5127 5188 5187 5128 
5129 5188 5128 5189 5188 5129 5130 5189 5129 
5190 5189 5130 5131 5190 5130 5191 5190 5131 
5132 5191 5131 5192 5191 5132 5133 5192 5132 
5193 5192 5133 5134 5193 5133 5194 5193 5134 
5135 5194 5134 5195 5194 5135 5136 5195 5135 
5196 5195 5136 5137 5196 5136 5197 5196 5137 
5138 5197 5137 5198 5197 5138 5139 5198 5138 
5199 5198 5139 5140 5199 5139 5200 5199 5140 
5141 5200 5140 5201 5200 5141 5142 5201 5141 
5202 5201 5142 5143 5202 5142 5203 5202 5143 
5144 5203 5143 5204 5203 5144 5145 5204 5144 
5205 5204 5145 5146 5205 5145 5206 5205 5146 
5147 5206 5146 5207 5206 5147 5148 5207 5147 
5208 5207 5148 5149 5208 5148 5209 5208 5149 
5150 5209 5149 5210 5209 5150 5151 5210 5150 
5211 5210 5151 5152 5211 5151 5212 5211 5152 
5153 5212 5152 5213 5212 5153 5154 5213 5153 
5214 5213 5154 5155 5214 5154 5215 5214 5155 
5156 5215 5155 5216 5215 5156 5157 5216 5156 
5217 5216 5157 5158 5217 5157 5218 5217 5158 
5159 5218 5158 5219 5218 5159 5220 5221 5222 
5223 5221 5220 5222 5224 5225 5221 5224 5222 
5225 5226 5227 5224 5226 5225 5227 5228 5229 
5226 5228 5227 5229 5230 5231 5228 5230 5229 
5231 5232 5233 5230 5232 5231 5233 5234 5235 
5232 5234 5233 5235 5236 5237 5234 5236 5235 
5237 5238 5239 5236 5238 5237 5239 5240 5241 
5238 5240 5239 5241 5242 5243 5240 5242 5241 
5243 5244 5245 5242 5244 5243 5245 5246 5247 
5244 5246 5245 5247 5248 5249 5246 5248 5247 
5249 5250 5251 5248 5250 5249 5251 5252 5253 
5250 5252 5251 5253 5254 5255 5252 5254 5253 
5255 5256 5257 5254 5256 5255 5257 5258 5259 
5256 5258 5257 5259 5260 5261 5258 5260 5259 
5261 5262 5263 5260 5262 5261 5263 5264 5265 
5262 5264 5263 5265 5266 5267 5264 5266 5265 
5267 5268 5269 5266 5268 5267 5269 5270 5271 
5268 5270 5269 5271 5272 5273 5270 5272 5271 
5273 5274 5275 5272 5274 5273 5275 5276 5277 
5274 5276 5275 5277 5278 5279 5276 5278 5277 
5279 5280 5281 5278 5280 5279 5281 5282 5283 
5280 5282 5281 5283 5284 5285 5282 5284 5283 
5285 5286 5287 5284 5286 5285 5287 5288 5289 
5286 5288 5287 5289 5290 5291 5288 5290 5289 
5291 5292 5293 5290 5292 5291 5293 5294 5295 
5292 5294 5293 5295 5296 5297 5294 5296 5295 
5297 5298 5299 5296 5298 5297 5299 5300 5301 
5298 5300 5299 5301 5302 5303 5300 5302 5301 
5303 5304 5305 5302 5304 5303 5305 5306 5307 
5304 5306 5305 5307 5308 5309 5306 5308 5307 
5309 5310 5311 5308 5310 5309 5311 5312 5313 
5310 5312 5311 5313 5314 5315 5312 5314 5313 
5315 5316 5317 5314 5316 5315 5317 5318 5319 
5316 5318 5317 5319 5320 5321 5318 5320 5319 
5321 5322 5323 5320 5322 5321 5323 5324 5325 
5322 5324 5323 5325 5326 5327 5324 5326 5325 
5327 5328 5329 5326 5328 5327 5329 5330 5331 
5328 5330 5329 5331 5332 5333 5330 5332 5331 
5333 5334 5335 5332 5334 5333 5335 5336 5337 
5334 5336 5335 5337 5338 5339 5336 5338 5337 
5040 5041 5220 5222 5040 5220 5042 5040 5222 
5225 5042 5222 5043 5042 5225 5227 5043 5225 
5044 5043 5227 5229 5044 5227 5045 5044 5229 
5231 5045 5229 5046 5045 5231 5233 5046 5231 
5047 5046 5233 5235 5047 5233 5048 5047 5235 
5237 5048 5235 5049 5048 5237 5239 5049 5237 
5050 5049 5239 5241 5050 5239 5051 5050 5241 
5243 5051 5241 5052 5051 5243 5245 5052 5243 
5053 5052 5245 5247 5053 5245 5054 5053 5247 
5249 5054 5247 5055 5054 5249 5251 5055 5249 
5056 5055 5251 5253 5056 5251 5057 5056 5253 
5255 5057 5253 5058 5057 5255 5257 5058 5255 
5059 5058 5257 5259 5059 5257 5060 5059 5259 
5261 5060 5259 5061 5060 5261 5263 5061 5261 
5062 5061 5263 5265 5062 5263 5063 5062 5265 
5267 5063 5265 5064 5063 5267 5269 5064 5267 
5065 5064 5269 5271 5065 5269 5066 5065 5271 
5273 5066 5271 5067 5066 5273 5275 5067 5273 
5068 5067 5275 5277 5068 5275 5069 5068 5277 
5279 5069 5277 5070 5069 5279 5281 5070 5279 
5071 5070 5281 5283 5071 5281 5072 5071 5283 
5285 5072 5283 5073 5072 5285 5287 5073 5285 
5074 5073 5287 5289 5074 5287 5075 5074 5289 
5291 5075 5289 5076 5075 5291 5293 5076 5291 
5077 5076 5293 5295 5077 5293 5078 5077 5295 
5297 5078 5295 5079 5078 5297 5299 5079 5297 
5080 5079 5299 5301 5080 5299 5081 5080 5301 
5303 5081 5301 5082 5081 5303 5305 5082 5303 
5083 5082 5305 5307 5083 5305 5084 5083 5307 
5309 5084 5307 5085 5084 5309 5311 5085 5309 
5086 5085 5311 5313 5086 5311 5087 5086 5313 
5315 5087 5313 5088 5087 5315 5317 5088 5315 
5089 5088 5317 5319 5089 5317 5090 5089 5319 
5321 5090 5319 5091 5090 5321 5323 5091 5321 
5092 5091 5323 5325 5092 5323 5093 5092 5325 
5327 5093 5325 5094 5093 5327 5329 5094 5327 
5095 5094 5329 5331 5095 5329 5096 5095 5331 
5333 5096 5331 5097 5096 5333 5335 5097 5333 
5098 5097 5335 5337 5098 5335 5099 5098 5337 
5339 5099 5337 5160 5161 5340 5341 5160 5340 
5161 5162 5342 5340 5161 5342 5162 5163 5343 
5342 5162 5343 5163 5164 5344 5343 5163 5344 
5164 5165 5345 5344 5164 5345 5165 5166 5346 
5345 5165 5346 5166 5167 5347 5346 5166 5347 
5167 5168 5348 5347 5167 5348 5168 5169 5349 
5348 5168 5349 5169 5170 5350 5349 5169 5350 
5170 5171 5351 5350 5170 5351 5171 5172 5352 
5351 5171 5352 5172 5173 5353 5352 5172 5353 
5173 5174 5354 5353 5173 5354 5174 5175 5355 
5354 5174 5355 5175 5176 5356 5355 5175 5356 
5176 5177 5357 5356 5176 5357 5177 5178 5358 
5357 5177 5358 5178 5179 5359 5358 5178 5359 
5179 5180 5360 5359 5179 5360 5180 5181 5361 
5360 5180 5361 5181 5182 5362 5361 5181 5362 
5182 5183 5363 5362 5182 5363 5183 5184 5364 
5363 5183 5364 5184 5185 5365 5364 5184 5365 
5185 5186 5366 5365 5185 5366 5186 5187 5367 
5366 5186 5367 5187 5188 5368 5367 5187 5368 
5188 5189 5369 5368 5188 5369 5189 5190 5370 
5369 5189 5370 5190 5191 5371 5370 5190 5371 
5191 5192 5372 5371 5191 5372 5192 5193 5373 
5372 5192 5373 5193 5194 5374 5373 5193 5374 
5194 5195 5375 5374 5194 5375 5195 5196 5376 
5375 5195 5376 5196 5197 5377 5376 5196 5377 
5197 5198 5378 5377 5197 5378 5198 5199 5379 
5378 5198 5379 5199 5200 5380 5379 5199 5380 
5200 5201 5381 5380 5200 5381 5201 5202 5382 
5381 5201 5382 5202 5203 5383 5382 5202 5383 
5203 5204 5384 5383 5203 5384 5204 5205 5385 
5384 5204 5385 5205 5206 5386 5385 5205 5386 
5206 5207 5387 5386 5206 5387 5207 5208 5388 
5387 5207 5388 5208 5209 5389 5388 5208 5389 
5209 5210 5390 5389 5209 5390 5210 5211 5391 
5390 5210 5391 5211 5212 5392 5391 5211 5392 
5212 5213 5393 5392 5212 5393 5213 5214 5394 
5393 5213 5394 5214 5215 5395 5394 5214 5395 
5215 5216 5396 5395 5215 5396 5216 5217 5397 
5396 5216 5397 5217 5218 5398 5397 5217 5398 
5218 5219 5399 5398 5218 5399 5340 5400 5341 
5400 5401 5341 5342 5402 5340 5402 5400 5340 
5343 5403 5342 5403 5402 5342 5344 5404 5343 
5404 5403 5343 5345 5405 5344 5405 5404 5344 
5346 5406 5345 5406 5405 5345 5347 5407 5346 
5407 5406 5346 5348 5408 5347 5408 5407 5347 
5349 5409 5348 5409 5408 5348 5350 5410 5349 
5410 5409 5349 5351 5411 5350 5411 5410 5350 
5352 5412 5351 5412 5411 5351 5353 5413 5352 
5413 5412 5352 5354 5414 5353 5414 5413 5353 
5355 5415 5354 5415 5414 5354 5356 5416 5355 
5416 5415 5355 5357 5417 5356 5417 5416 5356 
5358 5418 5357 5418 5417 5357 5359 5419 5358 
5419 5418 5358 5360 5420 5359 5420 5419 5359 
5361 5421 5360 5421 5420 5360 5362 5422 5361 
5422 5421 5361 5363 5423 5362 5423 5422 5362 
5364 5424 5363 5424 5423 5363 5365 5425 5364 
5425 5424 5364 5366 5426 5365 5426 5425 5365 
5367 5427 5366 5427 5426 5366 5368 5428 5367 
5428 5427 5367 5369 5429 5368 5429 5428 5368 
5370 5430 5369 5430 5429 5369 5371 5431 5370 
5431 5430 5370 5372 5432 5371 5432 5431 5371 
5373 5433 5372 5433 5432 5372 5374 5434 5373 
5434 5433 5373 5375 5435 5374 5435 5434 5374 
5376 5436 5375 5436 5435 5375 5377 5437 5376 
5437 5436 5376 5378 5438 5377 5438 5437 5377 
5379 5439 5378 5439 5438 5378 5380 5440 5379 
5440 5439 5379 5381 5441 5380 5441 5440 5380 
5382 5442 5381 5442 5441 5381 5383 5443 5382 
5443 5442 5382 5384 5444 5383 5444 5443 5383 
5385 5445 5384 5445 5444 5384 5386 5446 5385 
5446 5445 5385 5387 5447 5386 5447 5446 5386 
5388 5448 5387 5448 5447 5387 5389 5449 5388 
5449 5448 5388 5390 5450 5389 5450 5449 5389 
5391 5451 5390 5451 5450 5390 5392 5452 5391 
5452 5451 5391 5393 5453 5392 5453 5452 5392 
5394 5454 5393 5454 5453 5393 5395 5455 5394 
5455 5454 5394 5396 5456 5395 5456 5455 5395 
5397 5457 5396 5457 5456 5396 5398 5458 5397 
5458 5457 5397 5399 5459 5398 5459 5458 5398 
5400 5460 5401 5461 5460 5400 5402 5461 5400 
5462 5461 5402 5403 5462 5402 5463 5462 5403 
5404 5463 5403 5464 5463 5404 5405 5464 5404 
5465 5464 5405 5406 5465 5405 5466 5465 5406 
5407 5466 5406 5467 5466 5407 5408 5467 5407 
5468 5467 5408 5409 5468 5408 5469 5468 5409 
5410 5469 5409 5470 5469 5410 5411 5470 5410 
5471 5470 5411 5412 5471 5411 5472 5471 5412 
5413 5472 5412 5473 5472 5413 5414 5473 5413 
5474 5473 5414 5415 5474 5414 5475 5474 5415 
5416 5475 5415 5476 5475 5416 5417 5476 5416 
5477 5476 5417 5418 5477 5417 5478 5477 5418 
5419 5478 5418 5479 5478 5419 5420 5479 5419 
5480 5479 5420 5421 5480 5420 5481 5480 5421 
5422 5481 5421 5482 5481 5422 5423 5482 5422 
5483 5482 5423 5424 5483 5423 5484 5483 5424 
5425 5484 5424 5485 5484 5425 5426 5485 5425 
5486 5485 5426 5427 5486 5426 5487 5486 5427 
5428 5487 5427 5488 5487 5428 5429 5488 5428 
5489 5488 5429 5430 5489 5429 5490 5489 5430 
5431 5490 5430 5491 5490 5431 5432 5491 5431 
5492 5491 5432 5433 5492 5432 5493 5492 5433 
5434 5493 5433 5494 5493 5434 5435 5494 5434 
5495 5494 5435 5436 5495 5435 5496 5495 5436 
5437 5496 5436 5497 5496 5437 5438 5497 5437 
5498 5497 5438 5439 5498 5438 5499 5498 5439 
5440 5499 5439 5500 5499 5440 5441 5500 5440 
5501 5500 5441 5442 5501 5441 5502 5501 5442 
5443 5502 5442 5503 5502 5443 5444 5503 5443 
5504 5503 5444 5445 5504 5444 5505 5504 5445 
5446 5505 5445 5506 5505 5446 5447 5506 5446 
5507 5506 5447 5448 5507 5447 5508 5507 5448 
5449 5508 5448 5509 5508 5449 5450 5509 5449 
5510 5509 5450 5451 5510 5450 5511 5510 5451 
5452 5511 5451 5512 5511 5452 5453 5512 5452 
5513 5512 5453 5454 5513 5453 5514 5513 5454 
5455 5514 5454 5515 5514 5455 5456 5515 5455 
5516 5515 5456 5457 5516 5456 5517 5516 5457 
5458 5517 5457 5518 5517 5458 5459 5518 5458 
5519 5518 5459 5520 5521 5522 5523 5521 5520 
5522 5524 5525 5521 5524 5522 5525 5526 5527 
5524 5526 5525 5527 5528 5529 5526 5528 5527 
5529 5530 5531 5528 5530 5529 5531 5532 5533 
5530 5532 5531 5533 5534 5535 5532 5534 5533 
5535 5536 5537 5534 5536 5535 5537 5538 5539 
5536 5538 5537 5539 5540 5541 5538 5540 5539 
5541 5542 5543 5540 5542 5541 5543 5544 5545 
5542 5544 5543 5545 5546 5547 5544 5546 5545 
5547 5548 5549 5546 5548 5547 5549 5550 5551 
5548 5550 5549 5551 5552 5553 5550 5552 5551 
5553 5554 5555 5552 5554 5553 5555 5556 5557 
5554 5556 5555 5557 5558 5559 5556 5558 5557 
5559 5560 5561 5558 5560 5559 5561 5562 5563 
5560 5562 5561 5563 5564 5565 5562 5564 5563 
5565 5566 5567 5564 5566 5565 5567 5568 5569 
5566 5568 5567 5569 5570 5571 5568 5570 5569 
5571 5572 5573 5570 5572 5571 5573 5574 5575 
5572 5574 5573 5575 5576 5577 5574 5576 5575 
5577 5578 5579 5576 5578 5577 5579 5580 5581 
5578 5580 5579 5581 5582 5583 5580 5582 5581 
5583 5584 5585 5582 5584 5583 5585 5586 5587 
5584 5586 5585 5587 5588 5589 5586 5588 5587 
5589 5590 5591 5588 5590 5589 5591 5592 5593 
5590 5592 5591 5593 5594 5595 5592 5594 5593 
5595 5596 5597 5594 5596 5595 5597 5598 5599 
5596 5598 5597 5599 5600 5601 5598 5600 5599 
5601 5602 5603 5600 5602 5601 5603 5604 5605 
5602 5604 5603 5605 5606 5607 5604 5606 5605 
5607 5608 5609 5606 5608 5607 5609 5610 5611 
5608 5610 5609 5611 5612 5613 5610 5612 5611 
5613 5614 5615 5612 5614 5613 5615 5616 5617 
5614 5616 5615 5617 5618 5619 5616 5618 5617 
5619 5620 5621 5618 5620 5619 5621 5622 5623 
5620 5622 5621 5623 5624 5625 5622 5624 5623 
5625 5626 5627 5624 5626 5625 5627 5628 5629 
5626 5628 5627 5629 5630 5631 5628 5630 5629 
5631 5632 5633 5630 5632 5631 5633 5634 5635 
5632 5634 5633 5635 5636 5637 5634 5636 5635 
5637 5638 5639 5636 5638 5637 5522 5640 5520 
5640 5641 5520 5525 5642 5522 5642 5640 5522 
5527 5643 5525 5643 5642 5525 5529 5644 5527 
5644 5643 5527 5531 5645 5529 5645 5644 5529 
5533 5646 5531 5646 5645 5531 5535 5647 5533 
5647 5646 5533 5537 5648 5535 5648 5647 5535 
5539 5649 5537 5649 5648 5537 5541 5650 5539 
5650 5649 5539 5543 5651 5541 5651 5650 5541 
5545 5652 5543 5652 5651 5543 5547 5653 5545 
5653 5652 5545 5549 5654 5547 5654 5653 5547 
5551 5655 5549 5655 5654 5549 5553 5656 5551 
5656 5655 5551 5555 5657 5553 5657 5656 5553 
5557 5658 5555 5658 5657 5555 5559 5659 5557 
5659 5658 5557 5561 5660 5559 5660 5659 5559 
5563 5661 5561 5661 5660 5561 5565 5662 5563 
5662 5661 5563 5567 5663 5565 5663 5662 5565 
5569 5664 5567 5664 5663 5567 5571 5665 5569 
5665 5664 5569 5573 5666 5571 5666 5665 5571 
5575 5667 5573 5667 5666 5573 5577 5668 5575 
5668 5667 5575 5579 5669 5577 5669 5668 5577 
5581 5670 5579 5670 5669 5579 5583 5671 5581 
5671 5670 5581 5585 5672 5583 5672 5671 5583 
5587 5673 5585 5673 5672 5585 5589 5674 5587 
5674 5673 5587 5591 5675 5589 5675 5674 5589 
5593 5676 5591 5676 5675 5591 5595 5677 5593 
5677 5676 5593 5597 5678 5595 5678 5677 5595 
5599 5679 5597 5679 5678 5597 5601 5680 5599 
5680 5679 5599 5603 5681 5601 5681 5680 5601 
5605 5682 5603 5682 5681 5603 5607 5683 5605 
5683 5682 5605 5609 5684 5607 5684 5683 5607 
5611 5685 5609 5685 5684 5609 5613 5686 5611 
5686 5685 5611 5615 5687 5613 5687 5686 5613 
5617 5688 5615 5688 5687 5615 5619 5689 5617 
5689 5688 5617 5621 5690 5619 5690 5689 5619 
5623 5691 5621 5691 5690 5621 5625 5692 5623 
5692 5691 5623 5627 5693 5625 5693 5692 5625 
5629 5694 5627 5694 5693 5627 5631 5695 5629 
5695 5694 5629 5633 5696 5631 5696 5695 5631 
5635 5697 5633 5697 5696 5633 5637 5698 5635 
5698 5697 5635 5639 5699 5637 5699 5698 5637 
5221 5223 5641 5640 5221 5641 5224 5221 5640 
5642 5224 5640 5226 5224 5642 5643 5226 5642 
5228 5226 5643 5644 5228 5643 5230 5228 5644 
5645 5230 5644 5232 5230 5645 5646 5232 5645 
5234 5232 5646 5647 5234 5646 5236 5234 5647 
5648 5236 5647 5238 5236 5648 5649 5238 5648 
5240 5238 5649 5650 5240 5649 5242 5240 5650 
5651 5242 5650 5244 5242 5651 5652 5244 5651 
5246 5244 5652 5653 5246 5652 5248 5246 5653 
5654 5248 5653 5250 5248 5654 5655 5250 5654 
5252 5250 5655 5656 5252 5655 5254 5252 5656 
5657 5254 5656 5256 5254 5657 5658 5256 5657 
5258 5256 5658 5659 5258 5658 5260 5258 5659 
5660 5260 5659 5262 5260 5660 5661 5262 5660 
5264 5262 5661 5662 5264 5661 5266 5264 5662 
5663 5266 5662 5268 5266 5663 5664 5268 5663 
5270 5268 5664 5665 5270 5664 5272 5270 5665 
5666 5272 5665 5274 5272 5666 5667 5274 5666 
5276 5274 5667 5668 5276 5667 5278 5276 5668 
5669 5278 5668 5280 5278 5669 5670 5280 5669 
5282 5280 5670 5671 5282 5670 5284 5282 5671 
5672 5284 5671 5286 5284 5672 5673 5286 5672 
5288 5286 5673 5674 5288 5673 5290 5288 5674 
5675 5290 5674 5292 5290 5675 5676 5292 5675 
5294 5292 5676 5677 5294 5676 5296 5294 5677 
5678 5296 5677 5298 5296 5678 5679 5298 5678 
5300 5298 5679 5680 5300 5679 5302 5300 5680 
5681 5302 5680 5304 5302 5681 5682 5304 5681 
5306 5304 5682 5683 5306 5682 5308 5306 5683 
5684 5308 5683 5310 5308 5684 5685 5310 5684 
5312 5310 5685 5686 5312 5685 5314 5312 5686 
5687 5314 5686 5316 5314 5687 5688 5316 5687 
5318 5316 5688 5689 5318 5688 5320 5318 5689 
5690 5320 5689 5322 5320 5690 5691 5322 5690 
5324 5322 5691 5692 5324 5691 5326 5324 5692 
5693 5326 5692 5328 5326 5693 5694 5328 5693 
5330 5328 5694 5695 5330 5694 5332 5330 5695 
5696 5332 5695 5334 5332 5696 5697 5334 5696 
5336 5334 5697 5698 5336 5697 5338 5336 5698 
5699 5338 5698 5460 5461 5700 5701 5460 5700 
5461 5462 5702 5700 5461 5702 5462 5463 5703 
5702 5462 5703 5463 5464 5704 5703 5463 5704 
5464 5465 5705 5704 5464 5705 5465 5466 5706 
5705 5465 5706 5466 5467 5707 5706 5466 5707 
5467 5468 5708 5707 5467 5708 5468 5469 5709 
5708 5468 5709 5469 5470 5710 5709 5469 5710 
5470 5471 5711 5710 5470 5711 5471 5472 5712 
5711 5471 5712 5472 5473 5713 5712 5472 5713 
5473 5474 5714 5713 5473 5714 5474 5475 5715 
5714 5474 5715 5475 5476 5716 5715 5475 5716 
5476 5477 5717 5716 5476 5717 5477 5478 5718 
5717 5477 5718 5478 5479 5719 5718 5478 5719 
5479 5480 5720 5719 5479 5720 5480 5481 5721 
5720 5480 5721 5481 5482 5722 5721 5481 5722 
5482 5483 5723 5722 5482 5723 5483 5484 5724 
5723 5483 5724 5484 5485 5725 5724 5484 5725 
5485 5486 5726 5725 5485 5726 5486 5487 5727 
5726 5486 5727 5487 5488 5728 5727 5487 5728 
5488 5489 5729 5728 5488 5729 5489 5490 5730 
5729 5489 5730 5490 5491 5731 5730 5490 5731 
5491 5492 5732 5731 5491 5732 5492 5493 5733 
5732 5492 5733 5493 5494 5734 5733 5493 5734 
5494 5495 5735 5734 5494 5735 5495 5496 5736 
5735 5495 5736 5496 5497 5737 5736 5496 5737 
5497 5498 5738 5737 5497 5738 5498 5499 5739 
5738 5498 5739 5499 5500 5740 5739 5499 5740 
5500 5501 5741 5740 5500 5741 5501 5502 5742 
5741 5501 5742 5502 5503 5743 5742 5502 5743 
5503 5504 5744 5743 5503 5744 5504 5505 5745 
5744 5504 5745 5505 5506 5746 5745 5505 5746 
5506 5507 5747 5746 5506 5747 5507 5508 5748 
5747 5507 5748 5508 5509 5749 5748 5508 5749 
5509 5510 5750 5749 5509 5750 5510 5511 5751 
5750 5510 5751 5511 5512 5752 5751 5511 5752 
5512 5513 5753 5752 5512 5753 5513 5514 5754 
5753 5513 5754 5514 5515 5755 5754 5514 5755 
5515 5516 5756 5755 5515 5756 5516 5517 5757 
5756 5516 5757 5517 5518 5758 5757 5517 5758 
5518 5519 5759 5758 5518 5759 5700 5760 5701 
5761 5760 5700 5702 5761 5700 5762 5761 5702 
5703 5762 5702 5763 5762 5703 5704 5763 5703 
5764 5763 5704 5705 5764 5704 5765 5764 5705 
5706 5765 5705 5766 5765 5706 5707 5766 5706 
5767 5766 5707 5708 5767 5707 5768 5767 5708 
5709 5768 5708 5769 5768 5709 5710 5769 5709 
5770 5769 5710 5711 5770 5710 5771 5770 5711 
5712 5771 5711 5772 5771 5712 5713 5772 5712 
5773 5772 5713 5714 5773 5713 5774 5773 5714 
5715 5774 5714 5775 5774 5715 5716 5775 5715 
5776 5775 5716 5717 5776 5716 5777 5776 5717 
5718 5777 5717 5778 5777 5718 5719 5778 5718 
5779 5778 5719 5720 5779 5719 5780 5779 5720 
5721 5780 5720 5781 5780 5721 5722 5781 5721 
5782 5781 5722 5723 5782 5722 5783 5782 5723 
5724 5783 5723 5784 5783 5724 5725 5784 5724 
5785 5784 5725 5726 5785 5725 5786 5785 5726 
5727 5786 5726 5787 5786 5727 5728 5787 5727 
5788 5787 5728 5729 5788 5728 5789 5788 5729 
5730 5789 5729 5790 5789 5730 5731 5790 5730 
5791 5790 5731 5732 5791 5731 5792 5791 5732 
5733 5792 5732 5793 5792 5733 5734 5793 5733 
5794 5793 5734 5735 5794 5734 5795 5794 5735 
5736 5795 5735 5796 5795 5736 5737 5796 5736 
5797 5796 5737 5738 5797 5737 5798 5797 5738 
5739 5798 5738 5799 5798 5739 5740 5799 5739 
5800 5799 5740 5741 5800 5740 5801 5800 5741 
5742 5801 5741 5802 5801 5742 5743 5802 5742 
5803 5802 5743 5744 5803 5743 5804 5803 5744 
5745 5804 5744 5805 5804 5745 5746 5805 5745 
5806 5805 5746 5747 5806 5746 5807 5806 5747 
5748 5807 5747 5808 5807 5748 5749 5808 5748 
5809 5808 5749 5750 5809 5749 5810 5809 5750 
5751 5810 5750 5811 5810 5751 5752 5811 5751 
5812 5811 5752 5753 5812 5752 5813 5812 5753 
5754 5813 5753 5814 5813 5754 5755 5814 5754 
5815 5814 5755 5756 5815 5755 5816 5815 5756 
5757 5816 5756 5817 5816 5757 5758 5817 5757 
5818 5817 5758 5759 5818 5758 5819 5818 5759 
5820 5821 5822 5823 5821 5820 5822 5824 5825 
5821 5824 5822 5825 5826 5827 5824 5826 5825 
5827 5828 5829 5826 5828 5827 5829 5830 5831 
5828 5830 5829 5831 5832 5833 5830 5832 5831 
5833 5834 5835 5832 5834 5833 5835 5836 5837 
5834 5836 5835 5837 5838 5839 5836 5838 5837 
5839 5840 5841 5838 5840 5839 5841 5842 5843 
5840 5842 5841 5843 5844 5845 5842 5844 5843 
5845 5846 5847 5844 5846 5845 5847 5848 5849 
5846 5848 5847 5849 5850 5851 5848 5850 5849 
5851 5852 5853 5850 5852 5851 5853 5854 5855 
5852 5854 5853 5855 5856 5857 5854 5856 5855 
5857 5858 5859 5856 5858 5857 5859 5860 5861 
5858 5860 5859 5861 5862 5863 5860 5862 5861 
5863 5864 5865 5862 5864 5863 5865 5866 5867 
5864 5866 5865 5867 5868 5869 5866 5868 5867 
5869 5870 5871 5868 5870 5869 5871 5872 5873 
5870 5872 5871 5873 5874 5875 5872 5874 5873 
5875 5876 5877 5874 5876 5875 5877 5878 5879 
5876 5878 5877 5879 5880 5881 5878 5880 5879 
5881 5882 5883 5880 5882 5881 5883 5884 5885 
5882 5884 5883 5885 5886 5887 5884 5886 5885 
5887 5888 5889 5886 5888 5887 5889 5890 5891 
5888 5890 5889 5891 5892 5893 5890 5892 5891 
5893 5894 5895 5892 5894 5893 5895 5896 5897 
5894 5896 5895 5897 5898 5899 5896 5898 5897 
5899 5900 5901 5898 5900 5899 5901 5902 5903 
5900 5902 5901 5903 5904 5905 5902 5904 5903 
5905 5906 5907 5904 5906 5905 5907 5908 5909 
5906 5908 5907 5909 5910 5911 5908 5910 5909 
5911 5912 5913 5910 5912 5911 5913 5914 5915 
5912 5914 5913 5915 5916 5917 5914 5916 5915 
5917 5918 5919 5916 5918 5917 5919 5920 5921 
5918 5920 5919 5921 5922 5923 5920 5922 5921 
5923 5924 5925 5922 5924 5923 5925 5926 5927 
5924 5926 5925 5927 5928 5929 5926 5928 5927 
5929 5930 5931 5928 5930 5929 5931 5932 5933 
5930 5932 5931 5933 5934 5935 5932 5934 5933 
5935 5936 5937 5934 5936 5935 5937 5938 5939 
5936 5938 5937 5521 5523 5820 5822 5521 5820 
5524 5521 5822 5825 5524 5822 5526 5524 5825 
5827 5526 5825 5528 5526 5827 5829 5528 5827 
5530 5528 5829 5831 5530 5829 5532 5530 5831 
5833 5532 5831 5534 5532 5833 5835 5534 5833 
5536 5534 5835 5837 5536 5835 5538 5536 5837 
5839 5538 5837 5540 5538 5839 5841 5540 5839 
5542 5540 5841 5843 5542 5841 5544 5542 5843 
5845 5544 5843 5546 5544 5845 5847 5546 5845 
5548 5546 5847 5849 5548 5847 5550 5548 5849 
5851 5550 5849 5552 5550 5851 5853 5552 5851 
5554 5552 5853 5855 5554 5853 5556 5554 5855 
5857 5556 5855 5558 5556 5857 5859 5558 5857 
5560 5558 5859 5861 5560 5859 5562 5560 5861 
5863 5562 5861 5564 5562 5863 5865 5564 5863 
5566 5564 5865 5867 5566 5865 5568 5566 5867 
5869 5568 5867 5570 5568 5869 5871 5570 5869 
5572 5570 5871 5873 5572 5871 5574 5572 5873 
5875 5574 5873 5576 5574 5875 5877 5576 5875 
5578 5576 5877 5879 5578 5877 5580 5578 5879 
5881 5580 5879 5582 5580 5881 5883 5582 5881 
5584 5582 5883 5885 5584 5883 5586 5584 5885 
5887 5586 5885 5588 5586 5887 5889 5588 5887 
5590 5588 5889 5891 5590 5889 5592 5590 5891 
5893 5592 5891 5594 5592 5893 5895 5594 5893 
5596 5594 5895 5897 5596 5895 5598 5596 5897 
5899 5598 5897 5600 5598 5899 5901 5600 5899 
5602 5600 5901 5903 5602 5901 5604 5602 5903 
5905 5604 5903 5606 5604 5905 5907 5606 5905 
5608 5606 5907 5909 5608 5907 5610 5608 5909 
5911 5610 5909 5612 5610 5911 5913 5612 5911 
5614 5612 5913 5915 5614 5913 5616 5614 5915 
5917 5616 5915 5618 5616 5917 5919 5618 5917 
5620 5618 5919 5921 5620 5919 5622 5620 5921 
5923 5622 5921 5624 5622 5923 5925 5624 5923 
5626 5624 5925 5927 5626 5925 5628 5626 5927 
5929 5628 5927 5630 5628 5929 5931 5630 5929 
5632 5630 5931 5933 5632 5931 5634 5632 5933 
5935 5634 5933 5636 5634 5935 5937 5636 5935 
5638 5636 5937 5939 5638 5937 5760 5761 5940 
5941 5760 5940 5761 5762 5942 5940 5761 5942 
5762 5763 5943 5942 5762 5943 5763 5764 5944 
5943 5763 5944 5764 5765 5945 5944 5764 5945 
5765 5766 5946 5945 5765 5946 5766 5767 5947 
5946 5766 5947 5767 5768 5948 5947 5767 5948 
5768 5769 5949 5948 5768 5949 5769 5770 5950 
5949 5769 5950 5770 5771 5951 5950 5770 5951 
5771 5772 5952 5951 5771 5952 5772 5773 5953 
5952 5772 5953 5773 5774 5954 5953 5773 5954 
5774 5775 5955 5954 5774 5955 5775 5776 5956 
5955 5775 5956 5776 5777 5957 5956 5776 5957 
5777 5778 5958 5957 5777 5958 5778 5779 5959 
5958 5778 5959 5779 5780 5960 5959 5779 5960 
5780 5781 5961 5960 5780 5961 5781 5782 5962 
5961 5781 5962 5782 5783 5963 5962 5782 5963 
5783 5784 5964 5963 5783 5964 5784 5785 5965 
5964 5784 5965 5785 5786 5966 5965 5785 5966 
5786 5787 5967 5966 5786 5967 5787 5788 5968 
5967 5787 5968 5788 5789 5969 5968 5788 5969 
5789 5790 5970 5969 5789 5970 5790 5791 5971 
5970 5790 5971 5791 5792 5972 5971 5791 5972 
5792 5793 5973 5972 5792 5973 5793 5794 5974 
5973 5793 5974 5794 5795 5975 5974 5794 5975 
5795 5796 5976 5975 5795 5976 5796 5797 5977 
5976 5796 5977 5797 5798 5978 5977 5797 5978 
5798 5799 5979 5978 5798 5979 5799 5800 5980 
5979 5799 5980 5800 5801 5981 5980 5800 5981 
5801 5802 5982 5981 5801 5982 5802 5803 5983 
5982 5802 5983 5803 5804 5984 5983 5803 5984 
5804 5805 5985 5984 5804 5985 5805 5806 5986 
5985 5805 5986 5806 5807 5987 5986 5806 5987 
5807 5808 5988 5987 5807 5988 5808 5809 5989 
5988 5808 5989 5809 5810 5990 5989 5809 5990 
5810 5811 5991 5990 5810 5991 5811 5812 5992 
5991 5811 5992 5812 5813 5993 5992 5812 5993 
5813 5814 5994 5993 5813 5994 5814 5815 5995 
5994 5814 5995 5815 5816 5996 5995 5815 5996 
5816 5817 5997 5996 5816 5997 5817 5818 5998 
5997 5817 5998 5818 5819 5999 5998 5818 5999 
5940 6000 5941 6000 6001 5941 5942 6002 5940 
6002 6000 5940 5943 6003 5942 6003 6002 5942 
5944 6004 5943 6004 6003 5943 5945 6005 5944 
6005 6004 5944 5946 6006 5945 6006 6005 5945 
5947 6007 5946 6007 6006 5946 5948 6008 5947 
6008 6007 5947 5949 6009 5948 6009 6008 5948 
5950 6010 5949 6010 6009 5949 5951 6011 5950 
6011 6010 5950 5952 6012 5951 6012 6011 5951 
5953 6013 5952 6013 6012 5952 5954 6014 5953 
6014 6013 5953 5955 6015 5954 6015 6014 5954 
5956 6016 5955 6016 6015 5955 5957 6017 5956 
6017 6016 5956 5958 6018 5957 6018 6017 5957 
5959 6019 5958 6019 6018 5958 5960 6020 5959 
6020 6019 5959 5961 6021 5960 6021 6020 5960 
5962 6022 5961 6022 6021 5961 5963 6023 5962 
6023 6022 5962 5964 6024 5963 6024 6023 5963 
5965 6025 5964 6025 6024 5964 5966 6026 5965 
6026 6025 5965 5967 6027 5966 6027 6026 5966 
5968 6028 5967 6028 6027 5967 5969 6029 5968 
6029 6028 5968 5970 6030 5969 6030 6029 5969 
5971 6031 5970 6031 6030 5970 5972 6032 5971 
6032 6031 5971 5973 6033 5972 6033 6032 5972 
5974 6034 5973 6034 6033 5973 5975 6035 5974 
6035 6034 5974 5976 6036 5975 6036 6035 5975 
5977 6037 5976 6037 6036 5976 5978 6038 5977 
6038 6037 5977 5979 6039 5978 6039 6038 5978 
5980 6040 5979 6040 6039 5979 5981 6041 5980 
6041 6040 5980 5982 6042 5981 6042 6041 5981 
5983 6043 5982 6043 6042 5982 5984 6044 5983 
6044 6043 5983 5985 6045 5984 6045 6044 5984 
5986 6046 5985 6046 6045 5985 5987 6047 5986 
6047 6046 5986 5988 6048 5987 6048 6047 5987 
5989 6049 5988 6049 6048 5988 5990 6050 5989 
6050 6049 5989 5991 6051 5990 6051 6050 5990 
5992 6052 5991 6052 6051 5991 5993 6053 5992 
6053 6052 5992 5994 6054 5993 6054 6053 5993 
5995 6055 5994 6055 6054 5994 5996 6056 5995 
6056 6055 5995 5997 6057 5996 6057 6056 5996 
5998 6058 5997 6058 6057 5997 5999 6059 5998 
6059 6058 5998 6000 6060 6001 6061 6060 6000 
6002 6061 6000 6062 6061 6002 6003 6062 6002 
6063 6062 6003 6004 6063 6003 6064 6063 6004 
6005 6064 6004 6065 6064 6005 6006 6065 6005 
6066 6065 6006 6007 6066 6006 6067 6066 6007 
6008 6067 6007 6068 6067 6008 6009 6068 6008 
6069 6068 6009 6010 6069 6009 6070 6069 6010 
6011 6070 6010 6071 6070 6011 6012 6071 6011 
6072 6071 6012 6013 6072 6012 6073 6072 6013 
6014 6073 6013 6074 6073 6014 6015 6074 6014 
6075 6074 6015 6016 6075 6015 6076 6075 6016 
6017 6076 6016 6077 6076 6017 6018 6077 6017 
6078 6077 6018 6019 6078 6018 6079 6078 6019 
6020 6079 6019 6080 6079 6020 6021 6080 6020 
6081 6080 6021 6022 6081 6021 6082 6081 6022 
6023 6082 6022 6083 6082 6023 6024 6083 6023 
6084 6083 6024 6025 6084 6024 6085 6084 6025 
6026 6085 6025 6086 6085 6026 6027 6086 6026 
6087 6086 6027 6028 6087 6027 6088 6087 6028 
6029 6088 6028 6089 6088 6029 6030 6089 6029 
6090 6089 6030 6031 6090 6030 6091 6090 6031 
6032 6091 6031 6092 6091 6032 6033 6092 6032 
6093 6092 6033 6034 6093 6033 6094 6093 6034 
6035 6094 6034 6095 6094 6035 6036 6095 6035 
6096 6095 6036 6037 6096 6036 6097 6096 6037 
6038 6097 6037 6098 6097 6038 6039 6098 6038 
6099 6098 6039 6040 6099 6039 6100 6099 6040 
6041 6100 6040 6101 6100 6041 6042 6101 6041 
6102 6101 6042 6043 6102 6042 6103 6102 6043 
6044 6103 6043 6104 6103 6044 6045 6104 6044 
6105 6104 6045 6046 6105 6045 6106 6105 6046 
6047 6106 6046 6107 6106 6047 6048 6107 6047 
6108 6107 6048 6049 6108 6048 6109 6108 6049 
6050 6109 6049 6110 6109 6050 6051 6110 6050 
6111 6110 6051 6052 6111 6051 6112 6111 6052 
6053 6112 6052 6113 6112 6053 6054 6113 6053 
6114 6113 6054 6055 6114 6054 6115 6114 6055 
6056 6115 6055 6116 6115 6056 6057 6116 6056 
6117 6116 6057 6058 6117 6057 6118 6117 6058 
6059 6118 6058 6119 6118 6059 6120 6121 6122 
6123 6121 6120 6122 6124 6125 6121 6124 6122 
6125 6126 6127 6124 6126 6125 6127 6128 6129 
6126 6128 6127 6129 6130 6131 6128 6130 6129 
6131 6132 6133 6130 6132 6131 6133 6134 6135 
6132 6134 6133 6135 6136 6137 6134 6136 6135 
6137 6138 6139 6136 6138 6137 6139 6140 6141 
6138 6140 6139 6141 6142 6143 6140 6142 6141 
6143 6144 6145 6142 6144 6143 6145 6146 6147 
6144 6146 6145 6147 6148 6149 6146 6148 6147 
6149 6150 6151 6148 6150 6149 6151 6152 6153 
6150 6152 6151 6153 6154 6155 6152 6154 6153 
6155 6156 6157 6154 6156 6155 6157 6158 6159 
6156 6158 6157 6159 6160 6161 6158 6160 6159 
6161 6162 6163 6160 6162 6161 6163 6164 6165 
6162 6164 6163 6165 6166 6167 6164 6166 6165 
6167 6168 6169 6166 6168 6167 6169 6170 6171 
6168 6170 6169 6171 6172 6173 6170 6172 6171 
6173 6174 6175 6172 6174 6173 6175 6176 6177 
6174 6176 6175 6177 6178 6179 6176 6178 6177 
6179 6180 6181 6178 6180 6179 6181 6182 6183 
6180 6182 6181 6183 6184 6185 6182 6184 6183 
6185 6186 6187 6184 6186 6185 6187 6188 6189 
6186 6188 6187 6189 6190 6191 6188 6190 6189 
6191 6192 6193 6190 6192 6191 6193 6194 6195 
6192 6194 6193 6195 6196 6197 6194 6196 6195 
6197 6198 6199 6196 6198 6197 6199 6200 6201 
6198 6200 6199 6201 6202 6203 6200 6202 6201 
6203 6204 6205 6202 6204 6203 6205 6206 6207 
6204 6206 6205 6207 6208 6209 6206 6208 6207 
6209 6210 6211 6208 6210 6209 6211 6212 6213 
6210 6212 6211 6213 6214 6215 6212 6214 6213 
6215 6216 6217 6214 6216 6215 6217 6218 6219 
6216 6218 6217 6219 6220 6221 6218 6220 6219 
6221 6222 6223 6220 6222 6221 6223 6224 6225 
6222 6224 6223 6225 6226 6227 6224 6226 6225 
6227 6228 6229 6226 6228 6227 6229 6230 6231 
6228 6230 6229 6231 6232 6233 6230 6232 6231 
6233 6234 6235 6232 6234 6233 6235 6236 6237 
6234 6236 6235 6237 6238 6239 6236 6238 6237 
6122 6240 6120 6240 6241 6120 6125 6242 6122 
6242 6240 6122 6127 6243 6125 6243 6242 6125 
6129 6244 6127 6244 6243 6127 6131 6245 6129 
6245 6244 6129 6133 6246 6131 6246 6245 6131 
6135 6247 6133 6247 6246 6133 6137 6248 6135 
6248 6247 6135 6139 6249 6137 6249 6248 6137 
6141 6250 6139 6250 6249 6139 6143 6251 6141 
6251 6250 6141 6145 6252 6143 6252 6251 6143 
6147 6253 6145 6253 6252 6145 6149 6254 6147 
6254 6253 6147 6151 6255 6149 6255 6254 6149 
6153 6256 6151 6256 6255 6151 6155 6257 6153 
6257 6256 6153 6157 6258 6155 6258 6257 6155 
6159 6259 6157 6259 6258 6157 6161 6260 6159 
6260 6259 6159 6163 6261 6161 6261 6260 6161 
6165 6262 6163 6262 6261 6163 6167 6263 6165 
6263 6262 6165 6169 6264 6167 6264 6263 6167 
6171 6265 6169 6265 6264 6169 6173 6266 6171 
6266 6265 6171 6175 6267 6173 6267 6266 6173 
6177 6268 6175 6268 6267 6175 6179 6269 6177 
6269 6268 6177 6181 6270 6179 6270 6269 6179 
6183 6271 6181 6271 6270 6181 6185 6272 6183 
6272 6271 6183 6187 6273 6185 6273 6272 6185 
6189 6274 6187 6274 6273 6187 6191 6275 6189 
6275 6274 6189 6193 6276 6191 6276 6275 6191 
6195 6277 6193 6277 6276 6193 6197 6278 6195 
6278 6277 6195 6199 6279 6197 6279 6278 6197 
6201 6280 6199 6280 6279 6199 6203 6281 6201 
6281 6280 6201 6205 6282 6203 6282 6281 6203 
6207 6283 6205 6283 6282 6205 6209 6284 6207 
6284 6283 6207 6211 6285 6209 6285 6284 6209 
6213 6286 6211 6286 6285 6211 6215 6287 6213 
6287 6286 6213 6217 6288 6215 6288 6287 6215 
6219 6289 6217 6289 6288 6217 6221 6290 6219 
6290 6289 6219 6223 6291 6221 6291 6290 6221 
6225 6292 6223 6292 6291 6223 6227 6293 6225 
6293 6292 6225 6229 6294 6227 6294 6293 6227 
6231 6295 6229 6295 6294 6229 6233 6296 6231 
6296 6295 6231 6235 6297 6233 6297 6296 6233 
6237 6298 6235 6298 6297 6235 6239 6299 6237 
6299 6298 6237 5821 5823 6241 6240 5821 6241 
5824 5821 6240 6242 5824 6240 5826 5824 6242 
6243 5826 6242 5828 5826 6243 6244 5828 6243 
5830 5828 6244 6245 5830 6244 5832 5830 6245 
6246 5832 6245 5834 5832 6246 6247 5834 6246 
5836 5834 6247 6248 5836 6247 5838 5836 6248 
6249 5838 6248 5840 5838 6249 6250 5840 6249 
5842 5840 6250 6251 5842 6250 5844 5842 6251 
6252 5844 6251 5846 5844 6252 6253 5846 6252 
5848 5846 6253 6254 5848 6253 5850 5848 6254 
6255 5850 6254 5852 5850 6255 6256 5852 6255 
5854 5852 6256 6257 5854 6256 5856 5854 6257 
6258 5856 6257 5858 5856 6258 6259 5858 6258 
5860 5858 6259 6260 5860 6259 5862 5860 6260 
6261 5862 6260 5864 5862 6261 6262 5864 6261 
5866 5864 6262 6263 5866 6262 5868 5866 6263 
6264 5868 6263 5870 5868 6264 6265 5870 6264 
5872 5870 6265 6266 5872 6265 5874 5872 6266 
6267 5874 6266 5876 5874 6267 6268 5876 6267 
5878 5876 6268 6269 5878 6268 5880 5878 6269 
6270 5880 6269 5882 5880 6270 6271 5882 6270 
5884 5882 6271 6272 5884 6271 5886 5884 6272 
6273 5886 6272 5888 5886 6273 6274 5888 6273 
5890 5888 6274 6275 5890 6274 5892 5890 6275 
6276 5892 6275 5894 5892 6276 6277 5894 6276 
5896 5894 6277 6278 5896 6277 5898 5896 6278 
6279 5898 6278 5900 5898 6279 6280 5900 6279 
5902 5900 6280 6281 5902 6280 5904 5902 6281 
6282 5904 6281 5906 5904 6282 6283 5906 6282 
5908 5906 6283 6284 5908 6283 5910 5908 6284 
6285 5910 6284 5912 5910 6285 6286 5912 6285 
5914 5912 6286 6287 5914 6286 5916 5914 6287 
6288 5916 6287 5918 5916 6288 6289 5918 6288 
5920 5918 6289 6290 5920 6289 5922 5920 6290 
6291 5922 6290 5924 5922 6291 6292 5924 6291 
5926 5924 6292 6293 5926 6292 5928 5926 6293 
6294 5928 6293 5930 5928 6294 6295 5930 6294 
5932 5930 6295 6296 5932 6295 5934 5932 6296 
6297 5934 6296 5936 5934 6297 6298 5936 6297 
5938 5936 6298 6299 5938 6298 6060 6061 6300 
6301 6060 6300 6061 6062 6302 6300 6061 6302 
6062 6063 6303 6302 6062 6303 6063 6064 6304 
6303 6063 6304 6064 6065 6305 6304 6064 6305 
6065 6066 6306 6305 6065 6306 6066 6067 6307 
6306 6066 6307 6067 6068 6308 6307 6067 6308 
6068 6069 6309 6308 6068 6309 6069 6070 6310 
6309 6069 6310 6070 6071 6311 6310 6070 6311 
6071 6072 6312 6311 6071 6312 6072 6073 6313 
6312 6072 6313 6073 6074 6314 6313 6073 6314 
6074 6075 6315 6314 6074 6315 6075 6076 6316 
6315 6075 6316 6076 6077 6317 6316 6076 6317 
6077 6078 6318 6317 6077 6318 6078 6079 6319 
6318 6078 6319 6079 6080 6320 6319 6079 6320 
6080 6081 6321 6320 6080 6321 6081 6082 6322 
6321 6081 6322 6082 6083 6323 6322 6082 6323 
6083 6084 6324 6323 6083 6324 6084 6085 6325 
6324 6084 6325 6085 6086 6326 6325 6085 6326 
6086 6087 6327 6326 6086 6327 6087 6088 6328 
6327 6087 6328 6088 6089 6329 6328 6088 6329 
6089 6090 6330 6329 6089 6330 6090 6091 6331 
6330 6090 6331 6091 6092 6332 6331 6091 6332 
6092 6093 6333 6332 6092 6333 6093 6094 6334 
6333 6093 6334 6094 6095 6335 6334 6094 6335 
6095 6096 6336 6335 6095 6336 6096 6097 6337 
6336 6096 6337 6097 6098 6338 6337 6097 6338 
6098 6099 6339 6338 6098 6339 6099 6100 6340 
6339 6099 6340 6100 6101 6341 6340 6100 6341 
6101 6102 6342 6341 6101 6342 6102 6103 6343 
6342 6102 6343 6103 6104 6344 6343 6103 6344 
6104 6105 6345 6344 6104 6345 6105 6106 6346 
6345 6105 6346 6106 6107 6347 6346 6106 6347 
6107 6108 6348 6347 6107 6348 6108 6109 6349 
6348 6108 6349 6109 6110 6350 6349 6109 6350 
6110 6111 6351 6350 6110 6351 6111 6112 6352 
6351 6111 6352 6112 6113 6353 6352 6112 6353 
6113 6114 6354 6353 6113 6354 6114 6115 6355 
6354 6114 6355 6115 6116 6356 6355 6115 6356 
6116 6117 6357 6356 6116 6357 6117 6118 6358 
6357 6117 6358 6118 6119 6359 6358 6118 6359 
6300 6360 6301 6360 6361 6301 6302 6362 6300 
6362 6360 6300 6303 6363 6302 6363 6362 6302 
6304 6364 6303 6364 6363 6303 6305 6365 6304 
6365 6364 6304 6306 6366 6305 6366 6365 6305 
6307 6367 6306 6367 6366 6306 6308 6368 6307 
6368 6367 6307 6309 6369 6308 6369 6368 6308 
6310 6370 6309 6370 6369 6309 6311 6371 6310 
6371 6370 6310 6312 6372 6311 6372 6371 6311 
6313 6373 6312 6373 6372 6312 6314 6374 6313 
6374 6373 6313 6315 6375 6314 6375 6374 6314 
6316 6376 6315 6376 6375 6315 6317 6377 6316 
6377 6376 6316 6318 6378 6317 6378 6377 6317 
6319 6379 6318 6379 6378 6318 6320 6380 6319 
6380 6379 6319 6321 6381 6320 6381 6380 6320 
6322 6382 6321 6382 6381 6321 6323 6383 6322 
6383 6382 6322 6324 6384 6323 6384 6383 6323 
6325 6385 6324 6385 6384 6324 6326 6386 6325 
6386 6385 6325 6327 6387 6326 6387 6386 6326 
6328 6388 6327 6388 6387 6327 6329 6389 6328 
6389 6388 6328 6330 6390 6329 6390 6389 6329 
6331 6391 6330 6391 6390 6330 6332 6392 6331 
6392 6391 6331 6333 6393 6332 6393 6392 6332 
6334 6394 6333 6394 6393 6333 6335 6395 6334 
6395 6394 6334 6336 6396 6335 6396 6395 6335 
6337 6397 6336 6397 6396 6336 6338 6398 6337 
6398 6397 6337 6339 6399 6338 6399 6398 6338 
6340 6400 6339 6400 6399 6339 6341 6401 6340 
6401 6400 6340 6342 6402 6341 6402 6401 6341 
6343 6403 6342 6403 6402 6342 6344 6404 6343 
6404 6403 6343 6345 6405 6344 6405 6404 6344 
6346 6406 6345 6406 6405 6345 6347 6407 6346 
6407 6406 6346 6348 6408 6347 6408 6407 6347 
6349 6409 6348 6409 6408 6348 6350 6410 6349 
6410 6409 6349 6351 6411 6350 6411 6410 6350 
6352 6412 6351 6412 6411 6351 6353 6413 6352 
6413 6412 6352 6354 6414 6353 6414 6413 6353 
6355 6415 6354 6415 6414 6354 6356 6416 6355 
6416 6415 6355 6357 6417 6356 6417 6416 6356 
6358 6418 6357 6418 6417 6357 6359 6419 6358 
6419 6418 6358 6360 6420 6361 6420 6421 6361 
6362 6422 6360 6422 6420 6360 6363 6423 6362 
6423 6422 6362 6364 6424 6363 6424 6423 6363 
6365 6425 6364 6425 6424 6364 6366 6426 6365 
6426 6425 6365 6367 6427 6366 6427 6426 6366 
6368 6428 6367 6428 6427 6367 6369 6429 6368 
6429 6428 6368 6370 6430 6369 6430 6429 6369 
6371 6431 6370 6431 6430 6370 6372 6432 6371 
6432 6431 6371 6373 6433 6372 6433 6432 6372 
6374 6434 6373 6434 6433 6373 6375 6435 6374 
6435 6434 6374 6376 6436 6375 6436 6435 6375 
6377 6437 6376 6437 6436 6376 6378 6438 6377 
6438 6437 6377 6379 6439 6378 6439 6438 6378 
6380 6440 6379 6440 6439 6379 6381 6441 6380 
6441 6440 6380 6382 6442 6381 6442 6441 6381 
6383 6443 6382 6443 6442 6382 6384 6444 6383 
6444 6443 6383 6385 6445 6384 6445 6444 6384 
6386 6446 6385 6446 6445 6385 6387 6447 6386 
6447 6446 6386 6388 6448 6387 6448 6447 6387 
6389 6449 6388 6449 6448 6388 6390 6450 6389 
6450 6449 6389 6391 6451 6390 6451 6450 6390 
6392 6452 6391 6452 6451 6391 6393 6453 6392 
6453 6452 6392 6394 6454 6393 6454 6453 6393 
6395 6455 6394 6455 6454 6394 6396 6456 6395 
6456 6455 6395 6397 6457 6396 6457 6456 6396 
6398 6458 6397 6458 6457 6397 6399 6459 6398 
6459 6458 6398 6400 6460 6399 6460 6459 6399 
6401 6461 6400 6461 6460 6400 6402 6462 6401 
6462 6461 6401 6403 6463 6402 6463 6462 6402 
6404 6464 6403 6464 6463 6403 6405 6465 6404 
6465 6464 6404 6406 6466 6405 6466 6465 6405 
6407 6467 6406 6467 6466 6406 6408 6468 6407 
6468 6467 6407 6409 6469 6408 6469 6468 6408 
6410 6470 6409 6470 6469 6409 6411 6471 6410 
6471 6470 6410 6412 6472 6411 6472 6471 6411 
6413 6473 6412 6473 6472 6412 6414 6474 6413 
6474 6473 6413 6415 6475 6414 6475 6474 6414 
6416 6476 6415 6476 6475 6415 6417 6477 6416 
6477 6476 6416 6418 6478 6417 6478 6477 6417 
6419 6479 6418 6479 6478 6418 6420 6480 6421 
6480 6481 6421 6422 6482 6420 6482 6480 6420 
6423 6483 6422 6483 6482 6422 6424 6484 6423 
6484 6483 6423 6425 6485 6424 6485 6484 6424 
6426 6486 6425 6486 6485 6425 6427 6487 6426 
6487 6486 6426 6428 6488 6427 6488 6487 6427 
6429 6489 6428 6489 6488 6428 6430 6490 6429 
6490 6489 6429 6431 6491 6430 6491 6490 6430 
6432 6492 6431 6492 6491 6431 6433 6493 6432 
6493 6492 6432 6434 6494 6433 6494 6493 6433 
6435 6495 6434 6495 6494 6434 6436 6496 6435 
6496 6495 6435 6437 6497 6436 6497 6496 6436 
6438 6498 6437 6498 6497 6437 6439 6499 6438 
6499 6498 6438 6440 6500 6439 6500 6499 6439 
6441 6501 6440 6501 6500 6440 6442 6502 6441 
6502 6501 6441 6443 6503 6442 6503 6502 6442 
6444 6504 6443 6504 6503 6443 6445 6505 6444 
6505 6504 6444 6446 6506 6445 6506 6505 6445 
6447 6507 6446 6507 6506 6446 6448 6508 6447 
6508 6507 6447 6449 6509 6448 6509 6508 6448 
6450 6510 6449 6510 6509 6449 6451 6511 6450 
6511 6510 6450 6452 6512 6451 6512 6511 6451 
6453 6513 6452 6513 6512 6452 6454 6514 6453 
6514 6513 6453 6455 6515 6454 6515 6514 6454 
6456 6516 6455 6516 6515 6455 6457 6517 6456 
6517 6516 6456 6458 6518 6457 6518 6517 6457 
6459 6519 6458 6519 6518 6458 6460 6520 6459 
6520 6519 6459 6461 6521 6460 6521 6520 6460 
6462 6522 6461 6522 6521 6461 6463 6523 6462 
6523 6522 6462 6464 6524 6463 6524 6523 6463 
6465 6525 6464 6525 6524 6464 6466 6526 6465 
6526 6525 6465 6467 6527 6466 6527 6526 6466 
6468 6528 6467 6528 6527 6467 6469 6529 6468 
6529 6528 6468 6470 6530 6469 6530 6529 6469 
6471 6531 6470 6531 6530 6470 6472 6532 6471 
6532 6531 6471 6473 6533 6472 6533 6532 6472 
6474 6534 6473 6534 6533 6473 6475 6535 6474 
6535 6534 6474 6476 6536 6475 6536 6535 6475 
6477 6537 6476 6537 6536 6476 6478 6538 6477 
6538 6537 6477 6479 6539 6478 6539 6538 6478 
6480 6540 6481 6540 6541 6481 6482 6542 6480 
6542 6540 6480 6483 6543 6482 6543 6542 6482 
6484 6544 6483 6544 6543 6483 6485 6545 6484 
6545 6544 6484 6486 6546 6485 6546 6545 6485 
6487 6547 6486 6547 6546 6486 6488 6548 6487 
6548 6547 6487 6489 6549 6488 6549 6548 6488 
6490 6550 6489 6550 6549 6489 6491 6551 6490 
6551 6550 6490 6492 6552 6491 6552 6551 6491 
6493 6553 6492 6553 6552 6492 6494 6554 6493 
6554 6553 6493 6495 6555 6494 6555 6554 6494 
6496 6556 6495 6556 6555 6495 6497 6557 6496 
6557 6556 6496 6498 6558 6497 6558 6557 6497 
6499 6559 6498 6559 6558 6498 6500 6560 6499 
6560 6559 6499 6501 6561 6500 6561 6560 6500 
6502 6562 6501 6562 6561 6501 6503 6563 6502 
6563 6562 6502 6504 6564 6503 6564 6563 6503 
6505 6565 6504 6565 6564 6504 6506 6566 6505 
6566 6565 6505 6507 6567 6506 6567 6566 6506 
6508 6568 6507 6568 6567 6507 6509 6569 6508 
6569 6568 6508 6510 6570 6509 6570 6569 6509 
6511 6571 6510 6571 6570 6510 6512 6572 6511 
6572 6571 6511 6513 6573 6512 6573 6572 6512 
6514 6574 6513 6574 6573 6513 6515 6575 6514 
6575 6574 6514 6516 6576 6515 6576 6575 6515 
6517 6577 6516 6577 6576 6516 6518 6578 6517 
6578 6577 6517 6519 6579 6518 6579 6578 6518 
6520 6580 6519 6580 6579 6519 6521 6581 6520 
6581 6580 6520 6522 6582 6521 6582 6581 6521 
6523 6583 6522 6583 6582 6522 6524 6584 6523 
6584 6583 6523 6525 6585 6524 6585 6584 6524 
6526 6586 6525 6586 6585 6525 6527 6587 6526 
6587 6586 6526 6528 6588 6527 6588 6587 6527 
6529 6589 6528 6589 6588 6528 6530 6590 6529 
6590 6589 6529 6531 6591 6530 6591 6590 6530 
6532 6592 6531 6592 6591 6531 6533 6593 6532 
6593 6592 6532 6534 6594 6533 6594 6593 6533 
6535 6595 6534 6595 6594 6534 6536 6596 6535 
6596 6595 6535 6537 6597 6536 6597 6596 6536 
6538 6598 6537 6598 6597 6537 6539 6599 6538 
6599 6598 6538 6540 6600 6541 6600 6601 6541 
6542 6602 6540 6602 6600 6540 6543 6603 6542 
6603 6602 6542 6544 6604 6543 6604 6603 6543 
6545 6605 6544 6605 6604 6544 6546 6606 6545 
6606 6605 6545 6547 6607 6546 6607 6606 6546 
6548 6608 6547 6608 6607 6547 6549 6609 6548 
6609 6608 6548 6550 6610 6549 6610 6609 6549 
6551 6611 6550 6611 6610 6550 6552 6612 6551 
6612 6611 6551 6553 6613 6552 6613 6612 6552 
6554 6614 6553 6614 6613 6553 6555 6615 6554 
6615 6614 6554 6556 6616 6555 6616 6615 6555 
6557 6617 6556 6617 6616 6556 6558 6618 6557 
6618 6617 6557 6559 6619 6558 6619 6618 6558 
6560 6620 6559 6620 6619 6559 6561 6621 6560 
6621 6620 6560 6562 6622 6561 6622 6621 6561 
6563 6623 6562 6623 6622 6562 6564 6624 6563 
6624 6623 6563 6565 6625 6564 6625 6624 6564 
6566 6626 6565 6626 6625 6565 6567 6627 6566 
6627 6626 6566 6568 6628 6567 6628 6627 6567 
6569 6629 6568 6629 6628 6568 6570 6630 6569 
6630 6629 6569 6571 6631 6570 6631 6630 6570 
6572 6632 6571 6632 6631 6571 6573 6633 6572 
6633 6632 6572 6574 6634 6573 6634 6633 6573 
6575 6635 6574 6635 6634 6574 6576 6636 6575 
6636 6635 6575 6577 6637 6576 6637 6636 6576 
6578 6638 6577 6638 6637 6577 6579 6639 6578 
6639 6638 6578 6580 6640 6579 6640 6639 6579 
6581 6641 6580 6641 6640 6580 6582 6642 6581 
6642 6641 6581 6583 6643 6582 6643 6642 6582 
6584 6644 6583 6644 6643 6583 6585 6645 6584 
6645 6644 6584 6586 6646 6585 6646 6645 6585 
6587 6647 6586 6647 6646 6586 6588 6648 6587 
6648 6647 6587 6589 6649 6588 6649 6648 6588 
6590 6650 6589 6650 6649 6589 6591 6651 6590 
6651 6650 6590 6592 6652 6591 6652 6651 6591 
6593 6653 6592 6653 6652 6592 6594 6654 6593 
6654 6653 6593 6595 6655 6594 6655 6654 6594 
6596 6656 6595 6656 6655 6595 6597 6657 6596 
6657 6656 6596 6598 6658 6597 6658 6657 6597 
6599 6659 6598 6659 6658 6598 6600 6660 6601 
6660 6661 6601 6602 6662 6600 6662 6660 6600 
6603 6663 6602 6663 6662 6602 6604 6664 6603 
6664 6663 6603 6605 6665 6604 6665 6664 6604 
6606 6666 6605 6666 6665 6605 6607 6667 6606 
6667 6666 6606 6608 6668 6607 6668 6667 6607 
6609 6669 6608 6669 6668 6608 6610 6670 6609 
6670 6669 6609 6611 6671 6610 6671 6670 6610 
6612 6672 6611 6672 6671 6611 6613 6673 6612 
6673 6672 6612 6614 6674 6613 6674 6673 6613 
6615 6675 6614 6675 6674 6614 6616 6676 6615 
6676 6675 6615 6617 6677 6616 6677 6676 6616 
6618 6678 6617 6678 6677 6617 6619 6679 6618 
6679 6678 6618 6620 6680 6619 6680 6679 6619 
6621 6681 6620 6681 6680 6620 6622 6682 6621 
6682 6681 6621 6623 6683 6622 6683 6682 6622 
6624 6684 6623 6684 6683 6623 6625 6685 6624 
6685 6684 6624 6626 6686 6625 6686 6685 6625 
6627 6687 6626 6687 6686 6626 6628 6688 6627 
6688 6687 6627 6629 6689 6628 6689 6688 6628 
6630 6690 6629 6690 6689 6629 6631 6691 6630 
6691 6690 6630 6632 6692 6631 6692 6691 6631 
6633 6693 6632 6693 6692 6632 6634 6694 6633 
6694 6693 6633 6635 6695 6634 6695 6694 6634 
6636 6696 6635 6696 6695 6635 6637 6697 6636 
6697 6696 6636 6638 6698 6637 6698 6697 6637 
6639 6699 6638 6699 6698 6638 6640 6700 6639 
6700 6699 6639 6641 6701 6640 6701 6700 6640 
6642 6702 6641 6702 6701 6641 6643 6703 6642 
6703 6702 6642 6644 6704 6643 6704 6703 6643 
6645 6705 6644 6705 6704 6644 6646 6706 6645 
6706 6705 6645 6647 6707 6646 6707 6706 6646 
6648 6708 6647 6708 6707 6647 6649 6709 6648 
6709 6708 6648 6650 6710 6649 6710 6709 6649 
6651 6711 6650 6711 6710 6650 6652 6712 6651 
6712 6711 6651 6653 6713 6652 6713 6712 6652 
6654 6714 6653 6714 6713 6653 6655 6715 6654 
6715 6714 6654 6656 6716 6655 6716 6715 6655 
6657 6717 6656 6717 6716 6656 6658 6718 6657 
6718 6717 6657 6659 6719 6658 6719 6718 6658 
6660 6720 6661 6720 6721 6661 6662 6722 6660 
6722 6720 6660 6663 6723 6662 6723 6722 6662 
6664 6724 6663 6724 6723 6663 6665 6725 6664 
6725 6724 6664 6666 6726 6665 6726 6725 6665 
6667 6727 6666 6727 6726 6666 6668 6728 6667 
6728 6727 6667 6669 6729 6668 6729 6728 6668 
6670 6730 6669 6730 6729 6669 6671 6731 6670 
6731 6730 6670 6672 6732 6671 6732 6731 6671 
6673 6733 6672 6733 6732 6672 6674 6734 6673 
6734 6733 6673 6675 6735 6674 6735 6734 6674 
6676 6736 6675 6736 6735 6675 6677 6737 6676 
6737 6736 6676 6678 6738 6677 6738 6737 6677 
6679 6739 6678 6739 6738 6678 6680 6740 6679 
6740 6739 6679 6681 6741 6680 6741 6740 6680 
6682 6742 6681 6742 6741 6681 6683 6743 6682 
6743 6742 6682 6684 6744 6683 6744 6743 6683 
6685 6745 6684 6745 6744 6684 6686 6746 6685 
6746 6745 6685 6687 6747 6686 6747 6746 6686 
6688 6748 6687 6748 6747 6687 6689 6749 6688 
6749 6748 6688 6690 6750 6689 6750 6749 6689 
6691 6751 6690 6751 6750 6690 6692 6752 6691 
6752 6751 6691 6693 6753 6692 6753 6752 6692 
6694 6754 6693 6754 6753 6693 6695 6755 6694 
6755 6754 6694 6696 6756 6695 6756 6755 6695 
6697 6757 6696 6757 6756 6696 6698 6758 6697 
6758 6757 6697 6699 6759 6698 6759 6758 6698 
6700 6760 6699 6760 6759 6699 6701 6761 6700 
6761 6760 6700 6702 6762 6701 6762 6761 6701 
6703 6763 6702 6763 6762 6702 6704 6764 6703 
6764 6763 6703 6705 6765 6704 6765 6764 6704 
6706 6766 6705 6766 6765 6705 6707 6767 6706 
6767 6766 6706 6708 6768 6707 6768 6767 6707 
6709 6769 6708 6769 6768 6708 6710 6770 6709 
6770 6769 6709 6711 6771 6710 6771 6770 6710 
6712 6772 6711 6772 6771 6711 6713 6773 6712 
6773 6772 6712 6714 6774 6713 6774 6773 6713 
6715 6775 6714 6775 6774 6714 6716 6776 6715 
6776 6775 6715 6717 6777 6716 6777 6776 6716 
6718 6778 6717 6778 6777 6717 6719 6779 6718 
6779 6778 6718 6720 6780 6721 6780 6781 6721 
6722 6782 6720 6782 6780 6720 6723 6783 6722 
6783 6782 6722 6724 6784 6723 6784 6783 6723 
6725 6785 6724 6785 6784 6724 6726 6786 6725 
6786 6785 6725 6727 6787 6726 6787 6786 6726 
6728 6788 6727 6788 6787 6727 6729 6789 6728 
6789 6788 6728 6730 6790 6729 6790 6789 6729 
6731 6791 6730 6791 6790 6730 6732 6792 6731 
6792 6791 6731 6733 6793 6732 6793 6792 6732 
6734 6794 6733 6794 6793 6733 6735 6795 6734 
6795 6794 6734 6736 6796 6735 6796 6795 6735 
6737 6797 6736 6797 6796 6736 6738 6798 6737 
6798 6797 6737 6739 6799 6738 6799 6798 6738 
6740 6800 6739 6800 6799 6739 6741 6801 6740 
6801 6800 6740 6742 6802 6741 6802 6801 6741 
6743 6803 6742 6803 6802 6742 6744 6804 6743 
6804 6803 6743 6745 6805 6744 6805 6804 6744 
6746 6806 6745 6806 6805 6745 6747 6807 6746 
6807 6806 6746 6748 6808 6747 6808 6807 6747 
6749 6809 6748 6809 6808 6748 6750 6810 6749 
6810 6809 6749 6751 6811 6750 6811 6810 6750 
6752 6812 6751 6812 6811 6751 6753 6813 6752 
6813 6812 6752 6754 6814 6753 6814 6813 6753 
6755 6815 6754 6815 6814 6754 6756 6816 6755 
6816 6815 6755 6757 6817 6756 6817 6816 6756 
6758 6818 6757 6818 6817 6757 6759 6819 6758 
6819 6818 6758 6760 6820 6759 6820 6819 6759 
6761 6821 6760 6821 6820 6760 6762 6822 6761 
6822 6821 6761 6763 6823 6762 6823 6822 6762 
6764 6824 6763 6824 6823 6763 6765 6825 6764 
6825 6824 6764 6766 6826 6765 6826 6825 6765 
6767 6827 6766 6827 6826 6766 6768 6828 6767 
6828 6827 6767 6769 6829 6768 6829 6828 6768 
6770 6830 6769 6830 6829 6769 6771 6831 6770 
6831 6830 6770 6772 6832 6771 6832 6831 6771 
6773 6833 6772 6833 6832 6772 6774 6834 6773 
6834 6833 6773 6775 6835 6774 6835 6834 6774 
6776 6836 6775 6836 6835 6775 6777 6837 6776 
6837 6836 6776 6778 6838 6777 6838 6837 6777 
6779 6839 6778 6839 6838 6778 6780 6840 6781 
6840 6841 6781 6782 6842 6780 6842 6840 6780 
6783 6843 6782 6843 6842 6782 6784 6844 6783 
6844 6843 6783 6785 6845 6784 6845 6844 6784 
6786 6846 6785 6846 6845 6785 6787 6847 6786 
6847 6846 6786 6788 6848 6787 6848 6847 6787 
6789 6849 6788 6849 6848 6788 6790 6850 6789 
6850 6849 6789 6791 6851 6790 6851 6850 6790 
6792 6852 6791 6852 6851 6791 6793 6853 6792 
6853 6852 6792 6794 6854 6793 6854 6853 6793 
6795 6855 6794 6855 6854 6794 6796 6856 6795 
6856 6855 6795 6797 6857 6796 6857 6856 6796 
6798 6858 6797 6858 6857 6797 6799 6859 6798 
6859 6858 6798 6800 6860 6799 6860 6859 6799 
6801 6861 6800 6861 6860 6800 6802 6862 6801 
6862 6861 6801 6803 6863 6802 6863 6862 6802 
6804 6864 6803 6864 6863 6803 6805 6865 6804 
6865 6864 6804 6806 6866 6805 6866 6865 6805 
6807 6867 6806 6867 6866 6806 6808 6868 6807 
6868 6867 6807 6809 6869 6808 6869 6868 6808 
6810 6870 6809 6870 6869 6809 6811 6871 6810 
6871 6870 6810 6812 6872 6811 6872 6871 6811 
6813 6873 6812 6873 6872 6812 6814 6874 6813 
6874 6873 6813 6815 6875 6814 6875 6874 6814 
6816 6876 6815 6876 6875 6815 6817 6877 6816 
6877 6876 6816 6818 6878 6817 6878 6877 6817 
6819 6879 6818 6879 6878 6818 6820 6880 6819 
6880 6879 6819 6821 6881 6820 6881 6880 6820 
6822 6882 6821 6882 6881 6821 6823 6883 6822 
6883 6882 6822 6824 6884 6823 6884 6883 6823 
6825 6885 6824 6885 6884 6824 6826 6886 6825 
6886 6885 6825 6827 6887 6826 6887 6886 6826 
6828 6888 6827 6888 6887 6827 6829 6889 6828 
6889 6888 6828 6830 6890 6829 6890 6889 6829 
6831 6891 6830 6891 6890 6830 6832 6892 6831 
6892 6891 6831 6833 6893 6832 6893 6892 6832 
6834 6894 6833 6894 6893 6833 6835 6895 6834 
6895 6894 6834 6836 6896 6835 6896 6895 6835 
6837 6897 6836 6897 6896 6836 6838 6898 6837 
6898 6897 6837 6839 6899 6838 6899 6898 6838 
6840 6900 6841 6900 6901 6841 6842 6902 6840 
6902 6900 6840 6843 6903 6842 6903 6902 6842 
6844 6904 6843 6904 6903 6843 6845 6905 6844 
6905 6904 6844 6846 6906 6845 6906 6905 6845 
6847 6907 6846 6907 6906 6846 6848 6908 6847 
6908 6907 6847 6849 6909 6848 6909 6908 6848 
6850 6910 6849 6910 6909 6849 6851 6911 6850 
6911 6910 6850 6852 6912 6851 6912 6911 6851 
6853 6913 6852 6913 6912 6852 6854 6914 6853 
6914 6913 6853 6855 6915 6854 6915 6914 6854 
6856 6916 6855 6916 6915 6855 6857 6917 6856 
6917 6916 6856 6858 6918 6857 6918 6917 6857 
6859 6919 6858 6919 6918 6858 6860 6920 6859 
6920 6919 6859 6861 6921 6860 6921 6920 6860 
6862 6922 6861 6922 6921 6861 6863 6923 6862 
6923 6922 6862 6864 6924 6863 6924 6923 6863 
6865 6925 6864 6925 6924 6864 6866 6926 6865 
6926 6925 6865 6867 6927 6866 6927 6926 6866 
6868 6928 6867 6928 6927 6867 6869 6929 6868 
6929 6928 6868 6870 6930 6869 6930 6929 6869 
6871 6931 6870 6931 6930 6870 6872 6932 6871 
6932 6931 6871 6873 6933 6872 6933 6932 6872 
6874 6934 6873 6934 6933 6873 6875 6935 6874 
6935 6934 6874 6876 6936 6875 6936 6935 6875 
6877 6937 6876 6937 6936 6876 6878 6938 6877 
6938 6937 6877 6879 6939 6878 6939 6938 6878 
6880 6940 6879 6940 6939 6879 6881 6941 6880 
6941 6940 6880 6882 6942 6881 6942 6941 6881 
6883 6943 6882 6943 6942 6882 6884 6944 6883 
6944 6943 6883 6885 6945 6884 6945 6944 6884 
6886 6946 6885 6946 6945 6885 6887 6947 6886 
6947 6946 6886 6888 6948 6887 6948 6947 6887 
6889 6949 6888 6949 6948 6888 6890 6950 6889 
6950 6949 6889 6891 6951 6890 6951 6950 6890 
6892 6952 6891 6952 6951 6891 6893 6953 6892 
6953 6952 6892 6894 6954 6893 6954 6953 6893 
6895 6955 6894 6955 6954 6894 6896 6956 6895 
6956 6955 6895 6897 6957 6896 6957 6956 6896 
6898 6958 6897 6958 6957 6897 6899 6959 6898 
6959 6958 6898 6121 6123 6901 6900 6121 6901 
6124 6121 6900 6902 6124 6900 6126 6124 6902 
6903 6126 6902 6128 6126 6903 6904 6128 6903 
6130 6128 6904 6905 6130 6904 6132 6130 6905 
6906 6132 6905 6134 6132 6906 6907 6134 6906 
6136 6134 6907 6908 6136 6907 6138 6136 6908 
6909 6138 6908 6140 6138 6909 6910 6140 6909 
6142 6140 6910 6911 6142 6910 6144 6142 6911 
6912 6144 6911 6146 6144 6912 6913 6146 6912 
6148 6146 6913 6914 6148 6913 6150 6148 6914 
6915 6150 6914 6152 6150 6915 6916 6152 6915 
6154 6152 6916 6917 6154 6916 6156 6154 6917 
6918 6156 6917 6158 6156 6918 6919 6158 6918 
6160 6158 6919 6920 6160 6919 6162 6160 6920 
6921 6162 6920 6164 6162 6921 6922 6164 6921 
6166 6164 6922 6923 6166 6922 6168 6166 6923 
6924 6168 6923 6170 6168 6924 6925 6170 6924 
6172 6170 6925 6926 6172 6925 6174 6172 6926 
6927 6174 6926 6176 6174 6927 6928 6176 6927 
6178 6176 6928 6929 6178 6928 6180 6178 6929 
6930 6180 6929 6182 6180 6930 6931 6182 6930 
6184 6182 6931 6932 6184 6931 6186 6184 6932 
6933 6186 6932 6188 6186 6933 6934 6188 6933 
6190 6188 6934 6935 6190 6934 6192 6190 6935 
6936 6192 6935 6194 6192 6936 6937 6194 6936 
6196 6194 6937 6938 6196 6937 6198 6196 6938 
6939 6198 6938 6200 6198 6939 6940 6200 6939 
6202 6200 6940 6941 6202 6940 6204 6202 6941 
6942 6204 6941 6206 6204 6942 6943 6206 6942 
6208 6206 6943 6944 6208 6943 6210 6208 6944 
6945 6210 6944 6212 6210 6945 6946 6212 6945 
6214 6212 6946 6947 6214 6946 6216 6214 6947 
6948 6216 6947 6218 6216 6948 6949 6218 6948 
6220 6218 6949 6950 6220 6949 6222 6220 6950 
6951 6222 6950 6224 6222 6951 6952 6224 6951 
6226 6224 6952 6953 6226 6952 6228 6226 6953 
6954 6228 6953 6230 6228 6954 6955 6230 6954 
6232 6230 6955 6956 6232 6955 6234 6232 6956 
6957 6234 6956 6236 6234 6957 6958 6236 6957 
6238 6236 6958 6959 6238 6958 
POINT_DATA 6960
SCALARS scalars float
LOOKUP_TABLE default
0.5 0.5 0.5 0.5 0.5 0.5 0.5 0.5 0.5 
0.5 0.5 0.5 0.5 0.5 0.5 0.5 0.5 0.5 
0.5 0.5 0.5 0.5 0.5 0.5 0.5 0.5 0.5 
0.5 0.5 0.5 0.5 0.5 0.5 0.5 0.5 0.5 
0.5 0.5 0.5 0.5 0.5 0.5 0.5 0.5 0.5 
0.5 0.5 0.5 0.5 0.5 0.5 0.5 0.5 0.5 
0.5 0.5 0.5 0.5 0.5 0.5 0.5 0.5 0.5 
0.5 0.5 0.5 0.5 0.5 0.5 0.5 0.5 0.5 
0.5 0.5 0.5 0.5 0.5 0.5 0.5 0.5 0.5 
0.5 0.5 0.5 0.5 0.5 0.5 0.5 0.5 0.5 
0.5 0.5 0.5 0.5 0.5 0.5 0.5 0.5 0.5 
0.5 0.5 0.5 0.5 0.5 0.5 0.5 0.5 0.5 
0.5 0.5 0.5 0.5 0.5 0.5 0.5 0.5 0.5 
0.5 0.5 0.5 0.5 0.5 0.5 0.5 0.5 0.5 
0.5 0.5 0.5 0.5 0.5 0.5 0.5 0.5 0.5 
0.5 0.5 0.5 0.5 0.5 0.5 0.5 0.5 0.5 
0.5 0.5 0.5 0.5 0.5 0.5 0.5 0.5 0.5 
0.5 0.5 0.5 0.5 0.5 0.5 0.5 0.5 0.5 
0.5 0.5 0.5 0.5 0.5 0.5 0.5 0.5 0.5 
0.5 0.5 0.5 0.5 0.5 0.5 0.5 0.5 0.5 
0.5 0.5 0.5 0.5 0.5 0.5 0.5 0.5 0.5 
0.5 0.5 0.5 0.5 0.5 0.5 0.5 0.5 0.5 
0.5 0.5 0.5 0.5 0.5 0.5 0.5 0.5 0.5 
0.5 0.5 0.5 0.5 0.5 0.5 0.5 0.5 0.5 
0.5 0.5 0.5 0.5 0.5 0.5 0.5 0.5 0.5 
0.5 0.5 0.5 0.5 0.5 0.5 0.5 0.5 0.5 
0.5 0.5 0.5 0.5 0.5 0.5 0.5 0.5 0.5 
0.5 0.5 0.5 0.5 0.5 0.5 0.5 0.5 0.5 
0.5 0.5 0.5 0.5 0.5 0.5 0.5 0.5 0.5 
0.5 0.5 0.5 0.5 0.5 0.5 0.5 0.5 0.5 
0.5 0.5 0.5 0.5 0.5 0.5 0.5 0.5 0.5 
0.5 0.5 0.5 0.5 0.5 0.5 0.5 0.5 0.5 
0.5 0.5 0.5 0.5 0.5 0.5 0.5 0.5 0.5 
0.5 0.5 0.5 0.5 0.5 0.5 0.5 0.5 0.5 
0.5 0.5 0.5 0.5 0.5 0.5 0.5 0.5 0.5 
0.5 0.5 0.5 0.5 0.5 0.5 0.5 0.5 0.5 
0.5 0.5 0.5 0.5 0.5 0.5 0.5 0.5 0.5 
0.5 0.5 0.5 0.5 0.5 0.5 0.5 0.5 0.5 
0.5 0.5 0.5 0.5 0.5 0.5 0.5 0.5 0.5 
0.5 0.5 0.5 0.5 0.5 0.5 0.5 0.5 0.5 
0.5 0.5 0.5 0.5 0.5 0.5 0.5 0.5 0.5 
0.5 0.5 0.5 0.5 0.5 0.5 0.5 0.5 0.5 
0.5 0.5 0.5 0.5 0.5 0.5 0.5 0.5 0.5 
0.5 0.5 0.5 0.5 0.5 0.5 0.5 0.5 0.5 
0.5 0.5 0.5 0.5 0.5 0.5 0.5 0.5 0.5 
0.5 0.5 0.5 0.5 0.5 0.5 0.5 0.5 0.5 
0.5 0.5 0.5 0.5 0.5 0.5 0.5 0.5 0.5 
0.5 0.5 0.5 0.5 0.5 0.5 0.5 0.5 0.5 
0.5 0.5 0.5 0.5 0.5 0.5 0.5 0.5 0.5 
0.5 0.5 0.5 0.5 0.5 0.5 0.5 0.5 0.5 
0.5 0.5 0.5 0.5 0.5 0.5 0.5 0.5 0.5 
0.5 0.5 0.5 0.5 0.5 0.5 0.5 0.5 0.5 
0.5 0.5 0.5 0.5 0.5 0.5 0.5 0.5 0.5 
0.5 0.5 0.5 0.5 0.5 0.5 0.5 0.5 0.5 
0.5 0.5 0.5 0.5 0.5 0.5 0.5 0.5 0.5 
0.5 0.5 0.5 0.5 0.5 0.5 0.5 0.5 0.5 
0.5 0.5 0.5 0.5 0.5 0.5 0.5 0.5 0.5 
0.5 0.5 0.5 0.5 0.5 0.5 0.5 0.5 0.5 
0.5 0.5 0.5 0.5 0.5 0.5 0.5 0.5 0.5 
0.5 0.5 0.5 0.5 0.5 0.5 0.5 0.5 0.5 
0.5 0.5 0.5 0.5 0.5 0.5 0.5 0.5 0.5 
0.5 0.5 0.5 0.5 0.5 0.5 0.5 0.5 0.5 
0.5 0.5 0.5 0.5 0.5 0.5 0.5 0.5 0.5 
0.5 0.5 0.5 0.5 0.5 0.5 0.5 0.5 0.5 
0.5 0.5 0.5 0.5 0.5 0.5 0.5 0.5 0.5 
0.5 0.5 0.5 0.5 0.5 0.5 0.5 0.5 0.5 
0.5 0.5 0.5 0.5 0.5 0.5 0.5 0.5 0.5 
0.5 0.5 0.5 0.5 0.5 0.5 0.5 0.5 0.5 
0.5 0.5 0.5 0.5 0.5 0.5 0.5 0.5 0.5 
0.5 0.5 0.5 0.5 0.5 0.5 0.5 0.5 0.5 
0.5 0.5 0.5 0.5 0.5 0.5 0.5 0.5 0.5 
0.5 0.5 0.5 0.5 0.5 0.5 0.5 0.5 0.5 
0.5 0.5 0.5 0.5 0.5 0.5 0.5 0.5 0.5 
0.5 0.5 0.5 0.5 0.5 0.5 0.5 0.5 0.5 
0.5 0.5 0.5 0.5 0.5 0.5 0.5 0.5 0.5 
0.5 0.5 0.5 0.5 0.5 0.5 0.5 0.5 0.5 
0.5 0.5 0.5 0.5 0.5 0.5 0.5 0.5 0.5 
0.5 0.5 0.5 0.5 0.5 0.5 0.5 0.5 0.5 
0.5 0.5 0.5 0.5 0.5 0.5 0.5 0.5 0.5 
0.5 0.5 0.5 0.5 0.5 0.5 0.5 0.5 0.5 
0.5 0.5 0.5 0.5 0.5 0.5 0.5 0.5 0.5 
0.5 0.5 0.5 0.5 0.5 0.5 0.5 0.5 0.5 
0.5 0.5 0.5 0.5 0.5 0.5 0.5 0.5 0.5 
0.5 0.5 0.5 0.5 0.5 0.5 0.5 0.5 0.5 
0.5 0.5 0.5 0.5 0.5 0.5 0.5 0.5 0.5 
0.5 0.5 0.5 0.5 0.5 0.5 0.5 0.5 0.5 
0.5 0.5 0.5 0.5 0.5 0.5 0.5 0.5 0.5 
0.5 0.5 0.5 0.5 0.5 0.5 0.5 0.5 0.5 
0.5 0.5 0.5 0.5 0.5 0.5 0.5 0.5 0.5 
0.5 0.5 0.5 0.5 0.5 0.5 0.5 0.5 0.5 
0.5 0.5 0.5 0.5 0.5 0.5 0.5 0.5 0.5 
0.5 0.5 0.5 0.5 0.5 0.5 0.5 0.5 0.5 
0.5 0.5 0.5 0.5 0.5 0.5 0.5 0.5 0.5 
0.5 0.5 0.5 0.5 0.5 0.5 0.5 0.5 0.5 
0.5 0.5 0.5 0.5 0.5 0.5 0.5 0.5 0.5 
0.5 0.5 0.5 0.5 0.5 0.5 0.5 0.5 0.5 
0.5 0.5 0.5 0.5 0.5 0.5 0.5 0.5 0.5 
0.5 0.5 0.5 0.5 0.5 0.5 0.5 0.5 0.5 
0.5 0.5 0.5 0.5 0.5 0.5 0.5 0.5 0.5 
0.5 0.5 0.5 0.5 0.5 0.5 0.5 0.5 0.5 
0.5 0.5 0.5 0.5 0.5 0.5 0.5 0.5 0.5 
0.5 0.5 0.5 0.5 0.5 0.5 0.5 0.5 0.5 
0.5 0.5 0.5 0.5 0.5 0.5 0.5 0.5 0.5 
0.5 0.5 0.5 0.5 0.5 0.5 0.5 0.5 0.5 
0.5 0.5 0.5 0.5 0.5 0.5 0.5 0.5 0.5 
0.5 0.5 0.5 0.5 0.5 0.5 0.5 0.5 0.5 
0.5 0.5 0.5 0.5 0.5 0.5 0.5 0.5 0.5 
0.5 0.5 0.5 0.5 0.5 0.5 0.5 0.5 0.5 
0.5 0.5 0.5 0.5 0.5 0.5 0.5 0.5 0.5 
0.5 0.5 0.5 0.5 0.5 0.5 0.5 0.5 0.5 
0.5 0.5 0.5 0.5 0.5 0.5 0.5 0.5 0.5 
0.5 0.5 0.5 0.5 0.5 0.5 0.5 0.5 0.5 
0.5 0.5 0.5 0.5 0.5 0.5 0.5 0.5 0.5 
0.5 0.5 0.5 0.5 0.5 0.5 0.5 0.5 0.5 
0.5 0.5 0.5 0.5 0.5 0.5 0.5 0.5 0.5 
0.5 0.5 0.5 0.5 0.5 0.5 0.5 0.5 0.5 
0.5 0.5 0.5 0.5 0.5 0.5 0.5 0.5 0.5 
0.5 0.5 0.5 0.5 0.5 0.5 0.5 0.5 0.5 
0.5 0.5 0.5 0.5 0.5 0.5 0.5 0.5 0.5 
0.5 0.5 0.5 0.5 0.5 0.5 0.5 0.5 0.5 
0.5 0.5 0.5 0.5 0.5 0.5 0.5 0.5 0.5 
0.5 0.5 0.5 0.5 0.5 0.5 0.5 0.5 0.5 
0.5 0.5 0.5 0.5 0.5 0.5 0.5 0.5 0.5 
0.5 0.5 0.5 0.5 0.5 0.5 0.5 0.5 0.5 
0.5 0.5 0.5 0.5 0.5 0.5 0.5 0.5 0.5 
0.5 0.5 0.5 0.5 0.5 0.5 0.5 0.5 0.5 
0.5 0.5 0.5 0.5 0.5 0.5 0.5 0.5 0.5 
0.5 0.5 0.5 0.5 0.5 0.5 0.5 0.5 0.5 
0.5 0.5 0.5 0.5 0.5 0.5 0.5 0.5 0.5 
0.5 0.5 0.5 0.5 0.5 0.5 0.5 0.5 0.5 
0.5 0.5 0.5 0.5 0.5 0.5 0.5 0.5 0.5 
0.5 0.5 0.5 0.5 0.5 0.5 0.5 0.5 0.5 
0.5 0.5 0.5 0.5 0.5 0.5 0.5 0.5 0.5 
0.5 0.5 0.5 0.5 0.5 0.5 0.5 0.5 0.5 
0.5 0.5 0.5 0.5 0.5 0.5 0.5 0.5 0.5 
0.5 0.5 0.5 0.5 0.5 0.5 0.5 0.5 0.5 
0.5 0.5 0.5 0.5 0.5 0.5 0.5 0.5 0.5 
0.5 0.5 0.5 0.5 0.5 0.5 0.5 0.5 0.5 
0.5 0.5 0.5 0.5 0.5 0.5 0.5 0.5 0.5 
0.5 0.5 0.5 0.5 0.5 0.5 0.5 0.5 0.5 
0.5 0.5 0.5 0.5 0.5 0.5 0.5 0.5 0.5 
0.5 0.5 0.5 0.5 0.5 0.5 0.5 0.5 0.5 
0.5 0.5 0.5 0.5 0.5 0.5 0.5 0.5 0.5 
0.5 0.5 0.5 0.5 0.5 0.5 0.5 0.5 0.5 
0.5 0.5 0.5 0.5 0.5 0.5 0.5 0.5 0.5 
0.5 0.5 0.5 0.5 0.5 0.5 0.5 0.5 0.5 
0.5 0.5 0.5 0.5 0.5 0.5 0.5 0.5 0.5 
0.5 0.5 0.5 0.5 0.5 0.5 0.5 0.5 0.5 
0.5 0.5 0.5 0.5 0.5 0.5 0.5 0.5 0.5 
0.5 0.5 0.5 0.5 0.5 0.5 0.5 0.5 0.5 
0.5 0.5 0.5 0.5 0.5 0.5 0.5 0.5 0.5 
0.5 0.5 0.5 0.5 0.5 0.5 0.5 0.5 0.5 
0.5 0.5 0.5 0.5 0.5 0.5 0.5 0.5 0.5 
0.5 0.5 0.5 0.5 0.5 0.5 0.5 0.5 0.5 
0.5 0.5 0.5 0.5 0.5 0.5 0.5 0.5 0.5 
0.5 0.5 0.5 0.5 0.5 0.5 0.5 0.5 0.5 
0.5 0.5 0.5 0.5 0.5 0.5 0.5 0.5 0.5 
0.5 0.5 0.5 0.5 0.5 0.5 0.5 0.5 0.5 
0.5 0.5 0.5 0.5 0.5 0.5 0.5 0.5 0.5 
0.5 0.5 0.5 0.5 0.5 0.5 0.5 0.5 0.5 
0.5 0.5 0.5 0.5 0.5 0.5 0.5 0.5 0.5 
0.5 0.5 0.5 0.5 0.5 0.5 0.5 0.5 0.5 
0.5 0.5 0.5 0.5 0.5 0.5 0.5 0.5 0.5 
0.5 0.5 0.5 0.5 0.5 0.5 0.5 0.5 0.5 
0.5 0.5 0.5 0.5 0.5 0.5 0.5 0.5 0.5 
0.5 0.5 0.5 0.5 0.5 0.5 0.5 0.5 0.5 
0.5 0.5 0.5 0.5 0.5 0.5 0.5 0.5 0.5 
0.5 0.5 0.5 0.5 0.5 0.5 0.5 0.5 0.5 
0.5 0.5 0.5 0.5 0.5 0.5 0.5 0.5 0.5 
0.5 0.5 0.5 0.5 0.5 0.5 0.5 0.5 0.5 
0.5 0.5 0.5 0.5 0.5 0.5 0.5 0.5 0.5 
0.5 0.5 0.5 0.5 0.5 0.5 0.5 0.5 0.5 
0.5 0.5 0.5 0.5 0.5 0.5 0.5 0.5 0.5 
0.5 0.5 0.5 0.5 0.5 0.5 0.5 0.5 0.5 
0.5 0.5 0.5 0.5 0.5 0.5 0.5 0.5 0.5 
0.5 0.5 0.5 0.5 0.5 0.5 0.5 0.5 0.5 
0.5 0.5 0.5 0.5 0.5 0.5 0.5 0.5 0.5 
0.5 0.5 0.5 0.5 0.5 0.5 0.5 0.5 0.5 
0.5 0.5 0.5 0.5 0.5 0.5 0.5 0.5 0.5 
0.5 0.5 0.5 0.5 0.5 0.5 0.5 0.5 0.5 
0.5 0.5 0.5 0.5 0.5 0.5 0.5 0.5 0.5 
0.5 0.5 0.5 0.5 0.5 0.5 0.5 0.5 0.5 
0.5 0.5 0.5 0.5 0.5 0.5 0.5 0.5 0.5 
0.5 0.5 0.5 0.5 0.5 0.5 0.5 0.5 0.5 
0.5 0.5 0.5 0.5 0.5 0.5 0.5 0.5 0.5 
0.5 0.5 0.5 0.5 0.5 0.5 0.5 0.5 0.5 
0.5 0.5 0.5 0.5 0.5 0.5 0.5 0.5 0.5 
0.5 0.5 0.5 0.5 0.5 0.5 0.5 0.5 0.5 
0.5 0.5 0.5 0.5 0.5 0.5 0.5 0.5 0.5 
0.5 0.5 0.5 0.5 0.5 0.5 0.5 0.5 0.5 
0.5 0.5 0.5 0.5 0.5 0.5 0.5 0.5 0.5 
0.5 0.5 0.5 0.5 0.5 0.5 0.5 0.5 0.5 
0.5 0.5 0.5 0.5 0.5 0.5 0.5 0.5 0.5 
0.5 0.5 0.5 0.5 0.5 0.5 0.5 0.5 0.5 
0.5 0.5 0.5 0.5 0.5 0.5 0.5 0.5 0.5 
0.5 0.5 0.5 0.5 0.5 0.5 0.5 0.5 0.5 
0.5 0.5 0.5 0.5 0.5 0.5 0.5 0.5 0.5 
0.5 0.5 0.5 0.5 0.5 0.5 0.5 0.5 0.5 
0.5 0.5 0.5 0.5 0.5 0.5 0.5 0.5 0.5 
0.5 0.5 0.5 0.5 0.5 0.5 0.5 0.5 0.5 
0.5 0.5 0.5 0.5 0.5 0.5 0.5 0.5 0.5 
0.5 0.5 0.5 0.5 0.5 0.5 0.5 0.5 0.5 
0.5 0.5 0.5 0.5 0.5 0.5 0.5 0.5 0.5 
0.5 0.5 0.5 0.5 0.5 0.5 0.5 0.5 0.5 
0.5 0.5 0.5 0.5 0.5 0.5 0.5 0.5 0.5 
0.5 0.5 0.5 0.5 0.5 0.5 0.5 0.5 0.5 
0.5 0.5 0.5 0.5 0.5 0.5 0.5 0.5 0.5 
0.5 0.5 0.5 0.5 0.5 0.5 0.5 0.5 0.5 
0.5 0.5 0.5 0.5 0.5 0.5 0.5 0.5 0.5 
0.5 0.5 0.5 0.5 0.5 0.5 0.5 0.5 0.5 
0.5 0.5 0.5 0.5 0.5 0.5 0.5 0.5 0.5 
0.5 0.5 0.5 0.5 0.5 0.5 0.5 0.5 0.5 
0.5 0.5 0.5 0.5 0.5 0.5 0.5 0.5 0.5 
0.5 0.5 0.5 0.5 0.5 0.5 0.5 0.5 0.5 
0.5 0.5 0.5 0.5 0.5 0.5 0.5 0.5 0.5 
0.5 0.5 0.5 0.5 0.5 0.5 0.5 0.5 0.5 
0.5 0.5 0.5 0.5 0.5 0.5 0.5 0.5 0.5 
0.5 0.5 0.5 0.5 0.5 0.5 0.5 0.5 0.5 
0.5 0.5 0.5 0.5 0.5 0.5 0.5 0.5 0.5 
0.5 0.5 0.5 0.5 0.5 0.5 0.5 0.5 0.5 
0.5 0.5 0.5 0.5 0.5 0.5 0.5 0.5 0.5 
0.5 0.5 0.5 0.5 0.5 0.5 0.5 0.5 0.5 
0.5 0.5 0.5 0.5 0.5 0.5 0.5 0.5 0.5 
0.5 0.5 0.5 0.5 0.5 0.5 0.5 0.5 0.5 
0.5 0.5 0.5 0.5 0.5 0.5 0.5 0.5 0.5 
0.5 0.5 0.5 0.5 0.5 0.5 0.5 0.5 0.5 
0.5 0.5 0.5 0.5 0.5 0.5 0.5 0.5 0.5 
0.5 0.5 0.5 0.5 0.5 0.5 0.5 0.5 0.5 
0.5 0.5 0.5 0.5 0.5 0.5 0.5 0.5 0.5 
0.5 0.5 0.5 0.5 0.5 0.5 0.5 0.5 0.5 
0.5 0.5 0.5 0.5 0.5 0.5 0.5 0.5 0.5 
0.5 0.5 0.5 0.5 0.5 0.5 0.5 0.5 0.5 
0.5 0.5 0.5 0.5 0.5 0.5 0.5 0.5 0.5 
0.5 0.5 0.5 0.5 0.5 0.5 0.5 0.5 0.5 
0.5 0.5 0.5 0.5 0.5 0.5 0.5 0.5 0.5 
0.5 0.5 0.5 0.5 0.5 0.5 0.5 0.5 0.5 
0.5 0.5 0.5 0.5 0.5 0.5 0.5 0.5 0.5 
0.5 0.5 0.5 0.5 0.5 0.5 0.5 0.5 0.5 
0.5 0.5 0.5 0.5 0.5 0.5 0.5 0.5 0.5 
0.5 0.5 0.5 0.5 0.5 0.5 0.5 0.5 0.5 
0.5 0.5 0.5 0.5 0.5 0.5 0.5 0.5 0.5 
0.5 0.5 0.5 0.5 0.5 0.5 0.5 0.5 0.5 
0.5 0.5 0.5 0.5 0.5 0.5 0.5 0.5 0.5 
0.5 0.5 0.5 0.5 0.5 0.5 0.5 0.5 0.5 
0.5 0.5 0.5 0.5 0.5 0.5 0.5 0.5 0.5 
0.5 0.5 0.5 0.5 0.5 0.5 0.5 0.5 0.5 
0.5 0.5 0.5 0.5 0.5 0.5 0.5 0.5 0.5 
0.5 0.5 0.5 0.5 0.5 0.5 0.5 0.5 0.5 
0.5 0.5 0.5 0.5 0.5 0.5 0.5 0.5 0.5 
0.5 0.5 0.5 0.5 0.5 0.5 0.5 0.5 0.5 
0.5 0.5 0.5 0.5 0.5 0.5 0.5 0.5 0.5 
0.5 0.5 0.5 0.5 0.5 0.5 0.5 0.5 0.5 
0.5 0.5 0.5 0.5 0.5 0.5 0.5 0.5 0.5 
0.5 0.5 0.5 0.5 0.5 0.5 0.5 0.5 0.5 
0.5 0.5 0.5 0.5 0.5 0.5 0.5 0.5 0.5 
0.5 0.5 0.5 0.5 0.5 0.5 0.5 0.5 0.5 
0.5 0.5 0.5 0.5 0.5 0.5 0.5 0.5 0.5 
0.5 0.5 0.5 0.5 0.5 0.5 0.5 0.5 0.5 
0.5 0.5 0.5 0.5 0.5 0.5 0.5 0.5 0.5 
0.5 0.5 0.5 0.5 0.5 0.5 0.5 0.5 0.5 
0.5 0.5 0.5 0.5 0.5 0.5 0.5 0.5 0.5 
0.5 0.5 0.5 0.5 0.5 0.5 0.5 0.5 0.5 
0.5 0.5 0.5 0.5 0.5 0.5 0.5 0.5 0.5 
0.5 0.5 0.5 0.5 0.5 0.5 0.5 0.5 0.5 
0.5 0.5 0.5 0.5 0.5 0.5 0.5 0.5 0.5 
0.5 0.5 0.5 0.5 0.5 0.5 0.5 0.5 0.5 
0.5 0.5 0.5 0.5 0.5 0.5 0.5 0.5 0.5 
0.5 0.5 0.5 0.5 0.5 0.5 0.5 0.5 0.5 
0.5 0.5 0.5 0.5 0.5 0.5 0.5 0.5 0.5 
0.5 0.5 0.5 0.5 0.5 0.5 0.5 0.5 0.5 
0.5 0.5 0.5 0.5 0.5 0.5 0.5 0.5 0.5 
0.5 0.5 0.5 0.5 0.5 0.5 0.5 0.5 0.5 
0.5 0.5 0.5 0.5 0.5 0.5 0.5 0.5 0.5 
0.5 0.5 0.5 0.5 0.5 0.5 0.5 0.5 0.5 
0.5 0.5 0.5 0.5 0.5 0.5 0.5 0.5 0.5 
0.5 0.5 0.5 0.5 0.5 0.5 0.5 0.5 0.5 
0.5 0.5 0.5 0.5 0.5 0.5 0.5 0.5 0.5 
0.5 0.5 0.5 0.5 0.5 0.5 0.5 0.5 0.5 
0.5 0.5 0.5 0.5 0.5 0.5 0.5 0.5 0.5 
0.5 0.5 0.5 0.5 0.5 0.5 0.5 0.5 0.5 
0.5 0.5 0.5 0.5 0.5 0.5 0.5 0.5 0.5 
0.5 0.5 0.5 0.5 0.5 0.5 0.5 0.5 0.5 
0.5 0.5 0.5 0.5 0.5 0.5 0.5 0.5 0.5 
0.5 0.5 0.5 0.5 0.5 0.5 0.5 0.5 0.5 
0.5 0.5 0.5 0.5 0.5 0.5 0.5 0.5 0.5 
0.5 0.5 0.5 0.5 0.5 0.5 0.5 0.5 0.5 
0.5 0.5 0.5 0.5 0.5 0.5 0.5 0.5 0.5 
0.5 0.5 0.5 0.5 0.5 0.5 0.5 0.5 0.5 
0.5 0.5 0.5 0.5 0.5 0.5 0.5 0.5 0.5 
0.5 0.5 0.5 0.5 0.5 0.5 0.5 0.5 0.5 
0.5 0.5 0.5 0.5 0.5 0.5 0.5 0.5 0.5 
0.5 0.5 0.5 0.5 0.5 0.5 0.5 0.5 0.5 
0.5 0.5 0.5 0.5 0.5 0.5 0.5 0.5 0.5 
0.5 0.5 0.5 0.5 0.5 0.5 0.5 0.5 0.5 
0.5 0.5 0.5 0.5 0.5 0.5 0.5 0.5 0.5 
0.5 0.5 0.5 0.5 0.5 0.5 0.5 0.5 0.5 
0.5 0.5 0.5 0.5 0.5 0.5 0.5 0.5 0.5 
0.5 0.5 0.5 0.5 0.5 0.5 0.5 0.5 0.5 
0.5 0.5 0.5 0.5 0.5 0.5 0.5 0.5 0.5 
0.5 0.5 0.5 0.5 0.5 0.5 0.5 0.5 0.5 
0.5 0.5 0.5 0.5 0.5 0.5 0.5 0.5 0.5 
0.5 0.5 0.5 0.5 0.5 0.5 0.5 0.5 0.5 
0.5 0.5 0.5 0.5 0.5 0.5 0.5 0.5 0.5 
0.5 0.5 0.5 0.5 0.5 0.5 0.5 0.5 0.5 
0.5 0.5 0.5 0.5 0.5 0.5 0.5 0.5 0.5 
0.5 0.5 0.5 0.5 0.5 0.5 0.5 0.5 0.5 
0.5 0.5 0.5 0.5 0.5 0.5 0.5 0.5 0.5 
0.5 0.5 0.5 0.5 0.5 0.5 0.5 0.5 0.5 
0.5 0.5 0.5 0.5 0.5 0.5 0.5 0.5 0.5 
0.5 0.5 0.5 0.5 0.5 0.5 0.5 0.5 0.5 
0.5 0.5 0.5 0.5 0.5 0.5 0.5 0.5 0.5 
0.5 0.5 0.5 0.5 0.5 0.5 0.5 0.5 0.5 
0.5 0.5 0.5 0.5 0.5 0.5 0.5 0.5 0.5 
0.5 0.5 0.5 0.5 0.5 0.5 0.5 0.5 0.5 
0.5 0.5 0.5 0.5 0.5 0.5 0.5 0.5 0.5 
0.5 0.5 0.5 0.5 0.5 0.5 0.5 0.5 0.5 
0.5 0.5 0.5 0.5 0.5 0.5 0.5 0.5 0.5 
0.5 0.5 0.5 0.5 0.5 0.5 0.5 0.5 0.5 
0.5 0.5 0.5 0.5 0.5 0.5 0.5 0.5 0.5 
0.5 0.5 0.5 0.5 0.5 0.5 0.5 0.5 0.5 
0.5 0.5 0.5 0.5 0.5 0.5 0.5 0.5 0.5 
0.5 0.5 0.5 0.5 0.5 0.5 0.5 0.5 0.5 
0.5 0.5 0.5 0.5 0.5 0.5 0.5 0.5 0.5 
0.5 0.5 0.5 0.5 0.5 0.5 0.5 0.5 0.5 
0.5 0.5 0.5 0.5 0.5 0.5 0.5 0.5 0.5 
0.5 0.5 0.5 0.5 0.5 0.5 0.5 0.5 0.5 
0.5 0.5 0.5 0.5 0.5 0.5 0.5 0.5 0.5 
0.5 0.5 0.5 0.5 0.5 0.5 0.5 0.5 0.5 
0.5 0.5 0.5 0.5 0.5 0.5 0.5 0.5 0.5 
0.5 0.5 0.5 0.5 0.5 0.5 0.5 0.5 0.5 
0.5 0.5 0.5 0.5 0.5 0.5 0.5 0.5 0.5 
0.5 0.5 0.5 0.5 0.5 0.5 0.5 0.5 0.5 
0.5 0.5 0.5 0.5 0.5 0.5 0.5 0.5 0.5 
0.5 0.5 0.5 0.5 0.5 0.5 0.5 0.5 0.5 
0.5 0.5 0.5 0.5 0.5 0.5 0.5 0.5 0.5 
0.5 0.5 0.5 0.5 0.5 0.5 0.5 0.5 0.5 
0.5 0.5 0.5 0.5 0.5 0.5 0.5 0.5 0.5 
0.5 0.5 0.5 0.5 0.5 0.5 0.5 0.5 0.5 
0.5 0.5 0.5 0.5 0.5 0.5 0.5 0.5 0.5 
0.5 0.5 0.5 0.5 0.5 0.5 0.5 0.5 0.5 
0.5 0.5 0.5 0.5 0.5 0.5 0.5 0.5 0.5 
0.5 0.5 0.5 0.5 0.5 0.5 0.5 0.5 0.5 
0.5 0.5 0.5 0.5 0.5 0.5 0.5 0.5 0.5 
0.5 0.5 0.5 0.5 0.5 0.5 0.5 0.5 0.5 
0.5 0.5 0.5 0.5 0.5 0.5 0.5 0.5 0.5 
0.5 0.5 0.5 0.5 0.5 0.5 0.5 0.5 0.5 
0.5 0.5 0.5 0.5 0.5 0.5 0.5 0.5 0.5 
0.5 0.5 0.5 0.5 0.5 0.5 0.5 0.5 0.5 
0.5 0.5 0.5 0.5 0.5 0.5 0.5 0.5 0.5 
0.5 0.5 0.5 0.5 0.5 0.5 0.5 0.5 0.5 
0.5 0.5 0.5 0.5 0.5 0.5 0.5 0.5 0.5 
0.5 0.5 0.5 0.5 0.5 0.5 0.5 0.5 0.5 
0.5 0.5 0.5 0.5 0.5 0.5 0.5 0.5 0.5 
0.5 0.5 0.5 0.5 0.5 0.5 0.5 0.5 0.5 
0.5 0.5 0.5 0.5 0.5 0.5 0.5 0.5 0.5 
0.5 0.5 0.5 0.5 0.5 0.5 0.5 0.5 0.5 
0.5 0.5 0.5 0.5 0.5 0.5 0.5 0.5 0.5 
0.5 0.5 0.5 0.5 0.5 0.5 0.5 0.5 0.5 
0.5 0.5 0.5 0.5 0.5 0.5 0.5 0.5 0.5 
0.5 0.5 0.5 0.5 0.5 0.5 0.5 0.5 0.5 
0.5 0.5 0.5 0.5 0.5 0.5 0.5 0.5 0.5 
0.5 0.5 0.5 0.5 0.5 0.5 0.5 0.5 0.5 
0.5 0.5 0.5 0.5 0.5 0.5 0.5 0.5 0.5 
0.5 0.5 0.5 0.5 0.5 0.5 0.5 0.5 0.5 
0.5 0.5 0.5 0.5 0.5 0.5 0.5 0.5 0.5 
0.5 0.5 0.5 0.5 0.5 0.5 0.5 0.5 0.5 
0.5 0.5 0.5 0.5 0.5 0.5 0.5 0.5 0.5 
0.5 0.5 0.5 0.5 0.5 0.5 0.5 0.5 0.5 
0.5 0.5 0.5 0.5 0.5 0.5 0.5 0.5 0.5 
0.5 0.5 0.5 0.5 0.5 0.5 0.5 0.5 0.5 
0.5 0.5 0.5 0.5 0.5 0.5 0.5 0.5 0.5 
0.5 0.5 0.5 0.5 0.5 0.5 0.5 0.5 0.5 
0.5 0.5 0.5 0.5 0.5 0.5 0.5 0.5 0.5 
0.5 0.5 0.5 0.5 0.5 0.5 0.5 0.5 0.5 
0.5 0.5 0.5 0.5 0.5 0.5 0.5 0.5 0.5 
0.5 0.5 0.5 0.5 0.5 0.5 0.5 0.5 0.5 
0.5 0.5 0.5 0.5 0.5 0.5 0.5 0.5 0.5 
0.5 0.5 0.5 0.5 0.5 0.5 0.5 0.5 0.5 
0.5 0.5 0.5 0.5 0.5 0.5 0.5 0.5 0.5 
0.5 0.5 0.5 0.5 0.5 0.5 0.5 0.5 0.5 
0.5 0.5 0.5 0.5 0.5 0.5 0.5 0.5 0.5 
0.5 0.5 0.5 0.5 0.5 0.5 0.5 0.5 0.5 
0.5 0.5 0.5 0.5 0.5 0.5 0.5 0.5 0.5 
0.5 0.5 0.5 0.5 0.5 0.5 0.5 0.5 0.5 
0.5 0.5 0.5 0.5 0.5 0.5 0.5 0.5 0.5 
0.5 0.5 0.5 0.5 0.5 0.5 0.5 0.5 0.5 
0.5 0.5 0.5 0.5 0.5 0.5 0.5 0.5 0.5 
0.5 0.5 0.5 0.5 0.5 0.5 0.5 0.5 0.5 
0.5 0.5 0.5 0.5 0.5 0.5 0.5 0.5 0.5 
0.5 0.5 0.5 0.5 0.5 0.5 0.5 0.5 0.5 
0.5 0.5 0.5 0.5 0.5 0.5 0.5 0.5 0.5 
0.5 0.5 0.5 0.5 0.5 0.5 0.5 0.5 0.5 
0.5 0.5 0.5 0.5 0.5 0.5 0.5 0.5 0.5 
0.5 0.5 0.5 0.5 0.5 0.5 0.5 0.5 0.5 
0.5 0.5 0.5 0.5 0.5 0.5 0.5 0.5 0.5 
0.5 0.5 0.5 0.5 0.5 0.5 0.5 0.5 0.5 
0.5 0.5 0.5 0.5 0.5 0.5 0.5 0.5 0.5 
0.5 0.5 0.5 0.5 0.5 0.5 0.5 0.5 0.5 
0.5 0.5 0.5 0.5 0.5 0.5 0.5 0.5 0.5 
0.5 0.5 0.5 0.5 0.5 0.5 0.5 0.5 0.5 
0.5 0.5 0.5 0.5 0.5 0.5 0.5 0.5 0.5 
0.5 0.5 0.5 0.5 0.5 0.5 0.5 0.5 0.5 
0.5 0.5 0.5 0.5 0.5 0.5 0.5 0.5 0.5 
0.5 0.5 0.5 0.5 0.5 0.5 0.5 0.5 0.5 
0.5 0.5 0.5 0.5 0.5 0.5 0.5 0.5 0.5 
0.5 0.5 0.5 0.5 0.5 0.5 0.5 0.5 0.5 
0.5 0.5 0.5 0.5 0.5 0.5 0.5 0.5 0.5 
0.5 0.5 0.5 0.5 0.5 0.5 0.5 0.5 0.5 
0.5 0.5 0.5 0.5 0.5 0.5 0.5 0.5 0.5 
0.5 0.5 0.5 0.5 0.5 0.5 0.5 0.5 0.5 
0.5 0.5 0.5 0.5 0.5 0.5 0.5 0.5 0.5 
0.5 0.5 0.5 0.5 0.5 0.5 0.5 0.5 0.5 
0.5 0.5 0.5 0.5 0.5 0.5 0.5 0.5 0.5 
0.5 0.5 0.5 0.5 0.5 0.5 0.5 0.5 0.5 
0.5 0.5 0.5 0.5 0.5 0.5 0.5 0.5 0.5 
0.5 0.5 0.5 0.5 0.5 0.5 0.5 0.5 0.5 
0.5 0.5 0.5 0.5 0.5 0.5 0.5 0.5 0.5 
0.5 0.5 0.5 0.5 0.5 0.5 0.5 0.5 0.5 
0.5 0.5 0.5 0.5 0.5 0.5 0.5 0.5 0.5 
0.5 0.5 0.5 0.5 0.5 0.5 0.5 0.5 0.5 
0.5 0.5 0.5 0.5 0.5 0.5 0.5 0.5 0.5 
0.5 0.5 0.5 0.5 0.5 0.5 0.5 0.5 0.5 
0.5 0.5 0.5 0.5 0.5 0.5 0.5 0.5 0.5 
0.5 0.5 0.5 0.5 0.5 0.5 0.5 0.5 0.5 
0.5 0.5 0.5 0.5 0.5 0.5 0.5 0.5 0.5 
0.5 0.5 0.5 0.5 0.5 0.5 0.5 0.5 0.5 
0.5 0.5 0.5 0.5 0.5 0.5 0.5 0.5 0.5 
0.5 0.5 0.5 0.5 0.5 0.5 0.5 0.5 0.5 
0.5 0.5 0.5 0.5 0.5 0.5 0.5 0.5 0.5 
0.5 0.5 0.5 0.5 0.5 0.5 0.5 0.5 0.5 
0.5 0.5 0.5 0.5 0.5 0.5 0.5 0.5 0.5 
0.5 0.5 0.5 0.5 0.5 0.5 0.5 0.5 0.5 
0.5 0.5 0.5 0.5 0.5 0.5 0.5 0.5 0.5 
0.5 0.5 0.5 0.5 0.5 0.5 0.5 0.5 0.5 
0.5 0.5 0.5 0.5 0.5 0.5 0.5 0.5 0.5 
0.5 0.5 0.5 0.5 0.5 0.5 0.5 0.5 0.5 
0.5 0.5 0.5 0.5 0.5 0.5 0.5 0.5 0.5 
0.5 0.5 0.5 0.5 0.5 0.5 0.5 0.5 0.5 
0.5 0.5 0.5 0.5 0.5 0.5 0.5 0.5 0.5 
0.5 0.5 0.5 0.5 0.5 0.5 0.5 0.5 0.5 
0.5 0.5 0.5 0.5 0.5 0.5 0.5 0.5 0.5 
0.5 0.5 0.5 0.5 0.5 0.5 0.5 0.5 0.5 
0.5 0.5 0.5 0.5 0.5 0.5 0.5 0.5 0.5 
0.5 0.5 0.5 0.5 0.5 0.5 0.5 0.5 0.5 
0.5 0.5 0.5 0.5 0.5 0.5 0.5 0.5 0.5 
0.5 0.5 0.5 0.5 0.5 0.5 0.5 0.5 0.5 
0.5 0.5 0.5 0.5 0.5 0.5 0.5 0.5 0.5 
0.5 0.5 0.5 0.5 0.5 0.5 0.5 0.5 0.5 
0.5 0.5 0.5 0.5 0.5 0.5 0.5 0.5 0.5 
0.5 0.5 0.5 0.5 0.5 0.5 0.5 0.5 0.5 
0.5 0.5 0.5 0.5 0.5 0.5 0.5 0.5 0.5 
0.5 0.5 0.5 0.5 0.5 0.5 0.5 0.5 0.5 
0.5 0.5 0.5 0.5 0.5 0.5 0.5 0.5 0.5 
0.5 0.5 0.5 0.5 0.5 0.5 0.5 0.5 0.5 
0.5 0.5 0.5 0.5 0.5 0.5 0.5 0.5 0.5 
0.5 0.5 0.5 0.5 0.5 0.5 0.5 0.5 0.5 
0.5 0.5 0.5 0.5 0.5 0.5 0.5 0.5 0.5 
0.5 0.5 0.5 0.5 0.5 0.5 0.5 0.5 0.5 
0.5 0.5 0.5 0.5 0.5 0.5 0.5 0.5 0.5 
0.5 0.5 0.5 0.5 0.5 0.5 0.5 0.5 0.5 
0.5 0.5 0.5 0.5 0.5 0.5 0.5 0.5 0.5 
0.5 0.5 0.5 0.5 0.5 0.5 0.5 0.5 0.5 
0.5 0.5 0.5 0.5 0.5 0.5 0.5 0.5 0.5 
0.5 0.5 0.5 0.5 0.5 0.5 0.5 0.5 0.5 
0.5 0.5 0.5 0.5 0.5 0.5 0.5 0.5 0.5 
0.5 0.5 0.5 0.5 0.5 0.5 0.5 0.5 0.5 
0.5 0.5 0.5 0.5 0.5 0.5 0.5 0.5 0.5 
0.5 0.5 0.5 0.5 0.5 0.5 0.5 0.5 0.5 
0.5 0.5 0.5 0.5 0.5 0.5 0.5 0.5 0.5 
0.5 0.5 0.5 0.5 0.5 0.5 0.5 0.5 0.5 
0.5 0.5 0.5 0.5 0.5 0.5 0.5 0.5 0.5 
0.5 0.5 0.5 0.5 0.5 0.5 0.5 0.5 0.5 
0.5 0.5 0.5 0.5 0.5 0.5 0.5 0.5 0.5 
0.5 0.5 0.5 0.5 0.5 0.5 0.5 0.5 0.5 
0.5 0.5 0.5 0.5 0.5 0.5 0.5 0.5 0.5 
0.5 0.5 0.5 0.5 0.5 0.5 0.5 0.5 0.5 
0.5 0.5 0.5 0.5 0.5 0.5 0.5 0.5 0.5 
0.5 0.5 0.5 0.5 0.5 0.5 0.5 0.5 0.5 
0.5 0.5 0.5 0.5 0.5 0.5 0.5 0.5 0.5 
0.5 0.5 0.5 0.5 0.5 0.5 0.5 0.5 0.5 
0.5 0.5 0.5 0.5 0.5 0.5 0.5 0.5 0.5 
0.5 0.5 0.5 0.5 0.5 0.5 0.5 0.5 0.5 
0.5 0.5 0.5 0.5 0.5 0.5 0.5 0.5 0.5 
0.5 0.5 0.5 0.5 0.5 0.5 0.5 0.5 0.5 
0.5 0.5 0.5 0.5 0.5 0.5 0.5 0.5 0.5 
0.5 0.5 0.5 0.5 0.5 0.5 0.5 0.5 0.5 
0.5 0.5 0.5 0.5 0.5 0.5 0.5 0.5 0.5 
0.5 0.5 0.5 0.5 0.5 0.5 0.5 0.5 0.5 
0.5 0.5 0.5 0.5 0.5 0.5 0.5 0.5 0.5 
0.5 0.5 0.5 0.5 0.5 0.5 0.5 0.5 0.5 
0.5 0.5 0.5 0.5 0.5 0.5 0.5 0.5 0.5 
0.5 0.5 0.5 0.5 0.5 0.5 0.5 0.5 0.5 
0.5 0.5 0.5 0.5 0.5 0.5 0.5 0.5 0.5 
0.5 0.5 0.5 0.5 0.5 0.5 0.5 0.5 0.5 
0.5 0.5 0.5 0.5 0.5 0.5 0.5 0.5 0.5 
0.5 0.5 0.5 0.5 0.5 0.5 0.5 0.5 0.5 
0.5 0.5 0.5 0.5 0.5 0.5 0.5 0.5 0.5 
0.5 0.5 0.5 0.5 0.5 0.5 0.5 0.5 0.5 
0.5 0.5 0.5 0.5 0.5 0.5 0.5 0.5 0.5 
0.5 0.5 0.5 0.5 0.5 0.5 0.5 0.5 0.5 
0.5 0.5 0.5 0.5 0.5 0.5 0.5 0.5 0.5 
0.5 0.5 0.5 0.5 0.5 0.5 0.5 0.5 0.5 
0.5 0.5 0.5 0.5 0.5 0.5 0.5 0.5 0.5 
0.5 0.5 0.5 0.5 0.5 0.5 0.5 0.5 0.5 
0.5 0.5 0.5 0.5 0.5 0.5 0.5 0.5 0.5 
0.5 0.5 0.5 0.5 0.5 0.5 0.5 0.5 0.5 
0.5 0.5 0.5 0.5 0.5 0.5 0.5 0.5 0.5 
0.5 0.5 0.5 0.5 0.5 0.5 0.5 0.5 0.5 
0.5 0.5 0.5 0.5 0.5 0.5 0.5 0.5 0.5 
0.5 0.5 0.5 0.5 0.5 0.5 0.5 0.5 0.5 
0.5 0.5 0.5 0.5 0.5 0.5 0.5 0.5 0.5 
0.5 0.5 0.5 0.5 0.5 0.5 0.5 0.5 0.5 
0.5 0.5 0.5 0.5 0.5 0.5 0.5 0.5 0.5 
0.5 0.5 0.5 0.5 0.5 0.5 0.5 0.5 0.5 
0.5 0.5 0.5 0.5 0.5 0.5 0.5 0.5 0.5 
0.5 0.5 0.5 0.5 0.5 0.5 0.5 0.5 0.5 
0.5 0.5 0.5 0.5 0.5 0.5 0.5 0.5 0.5 
0.5 0.5 0.5 0.5 0.5 0.5 0.5 0.5 0.5 
0.5 0.5 0.5 0.5 0.5 0.5 0.5 0.5 0.5 
0.5 0.5 0.5 0.5 0.5 0.5 0.5 0.5 0.5 
0.5 0.5 0.5 0.5 0.5 0.5 0.5 0.5 0.5 
0.5 0.5 0.5 0.5 0.5 0.5 0.5 0.5 0.5 
0.5 0.5 0.5 0.5 0.5 0.5 0.5 0.5 0.5 
0.5 0.5 0.5 0.5 0.5 0.5 0.5 0.5 0.5 
0.5 0.5 0.5 0.5 0.5 0.5 0.5 0.5 0.5 
0.5 0.5 0.5 0.5 0.5 0.5 0.5 0.5 0.5 
0.5 0.5 0.5 0.5 0.5 0.5 0.5 0.5 0.5 
0.5 0.5 0.5 0.5 0.5 0.5 0.5 0.5 0.5 
0.5 0.5 0.5 0.5 0.5 0.5 0.5 0.5 0.5 
0.5 0.5 0.5 0.5 0.5 0.5 0.5 0.5 0.5 
0.5 0.5 0.5 0.5 0.5 0.5 0.5 0.5 0.5 
0.5 0.5 0.5 0.5 0.5 0.5 0.5 0.5 0.5 
0.5 0.5 0.5 0.5 0.5 0.5 0.5 0.5 0.5 
0.5 0.5 0.5 0.5 0.5 0.5 0.5 0.5 0.5 
0.5 0.5 0.5 0.5 0.5 0.5 0.5 0.5 0.5 
0.5 0.5 0.5 0.5 0.5 0.5 0.5 0.5 0.5 
0.5 0.5 0.5 0.5 0.5 0.5 0.5 0.5 0.5 
0.5 0.5 0.5 0.5 0.5 0.5 0.5 0.5 0.5 
0.5 0.5 0.5 0.5 0.5 0.5 0.5 0.5 0.5 
0.5 0.5 0.5 0.5 0.5 0.5 0.5 0.5 0.5 
0.5 0.5 0.5 0.5 0.5 0.5 0.5 0.5 0.5 
0.5 0.5 0.5 0.5 0.5 0.5 0.5 0.5 0.5 
0.5 0.5 0.5 0.5 0.5 0.5 0.5 0.5 0.5 
0.5 0.5 0.5 0.5 0.5 0.5 0.5 0.5 0.5 
0.5 0.5 0.5 0.5 0.5 0.5 0.5 0.5 0.5 
0.5 0.5 0.5 0.5 0.5 0.5 0.5 0.5 0.5 
0.5 0.5 0.5 0.5 0.5 0.5 0.5 0.5 0.5 
0.5 0.5 0.5 0.5 0.5 0.5 0.5 0.5 0.5 
0.5 0.5 0.5 0.5 0.5 0.5 0.5 0.5 0.5 
0.5 0.5 0.5 0.5 0.5 0.5 0.5 0.5 0.5 
0.5 0.5 0.5 0.5 0.5 0.5 0.5 0.5 0.5 
0.5 0.5 0.5 0.5 0.5 0.5 0.5 0.5 0.5 
0.5 0.5 0.5 0.5 0.5 0.5 0.5 0.5 0.5 
0.5 0.5 0.5 0.5 0.5 0.5 0.5 0.5 0.5 
0.5 0.5 0.5 0.5 0.5 0.5 0.5 0.5 0.5 
0.5 0.5 0.5 0.5 0.5 0.5 0.5 0.5 0.5 
0.5 0.5 0.5 0.5 0.5 0.5 0.5 0.5 0.5 
0.5 0.5 0.5 0.5 0.5 0.5 0.5 0.5 0.5 
0.5 0.5 0.5 0.5 0.5 0.5 0.5 0.5 0.5 
0.5 0.5 0.5 0.5 0.5 0.5 0.5 0.5 0.5 
0.5 0.5 0.5 0.5 0.5 0.5 0.5 0.5 0.5 
0.5 0.5 0.5 0.5 0.5 0.5 0.5 0.5 0.5 
0.5 0.5 0.5 0.5 0.5 0.5 0.5 0.5 0.5 
0.5 0.5 0.5 0.5 0.5 0.5 0.5 0.5 0.5 
0.5 0.5 0.5 0.5 0.5 0.5 0.5 0.5 0.5 
0.5 0.5 0.5 0.5 0.5 0.5 0.5 0.5 0.5 
0.5 0.5 0.5 0.5 0.5 0.5 0.5 0.5 0.5 
0.5 0.5 0.5 0.5 0.5 0.5 0.5 0.5 0.5 
0.5 0.5 0.5 0.5 0.5 0.5 0.5 0.5 0.5 
0.5 0.5 0.5 0.5 0.5 0.5 0.5 0.5 0.5 
0.5 0.5 0.5 0.5 0.5 0.5 0.5 0.5 0.5 
0.5 0.5 0.5 0.5 0.5 0.5 0.5 0.5 0.5 
0.5 0.5 0.5 0.5 0.5 0.5 0.5 0.5 0.5 
0.5 0.5 0.5 0.5 0.5 0.5 0.5 0.5 0.5 
0.5 0.5 0.5 0.5 0.5 0.5 0.5 0.5 0.5 
0.5 0.5 0.5 0.5 0.5 0.5 0.5 0.5 0.5 
0.5 0.5 0.5 0.5 0.5 0.5 0.5 0.5 0.5 
0.5 0.5 0.5 0.5 0.5 0.5 0.5 0.5 0.5 
0.5 0.5 0.5 0.5 0.5 0.5 0.5 0.5 0.5 
0.5 0.5 0.5 0.5 0.5 0.5 0.5 0.5 0.5 
0.5 0.5 0.5 0.5 0.5 0.5 0.5 0.5 0.5 
0.5 0.5 0.5 0.5 0.5 0.5 0.5 0.5 0.5 
0.5 0.5 0.5 0.5 0.5 0.5 0.5 0.5 0.5 
0.5 0.5 0.5 0.5 0.5 0.5 0.5 0.5 0.5 
0.5 0.5 0.5 0.5 0.5 0.5 0.5 0.5 0.5 
0.5 0.5 0.5 0.5 0.5 0.5 0.5 0.5 0.5 
0.5 0.5 0.5 0.5 0.5 0.5 0.5 0.5 0.5 
0.5 0.5 0.5 0.5 0.5 0.5 0.5 0.5 0.5 
0.5 0.5 0.5 0.5 0.5 0.5 0.5 0.5 0.5 
0.5 0.5 0.5 0.5 0.5 0.5 0.5 0.5 0.5 
0.5 0.5 0.5 0.5 0.5 0.5 0.5 0.5 0.5 
0.5 0.5 0.5 0.5 0.5 0.5 0.5 0.5 0.5 
0.5 0.5 0.5 0.5 0.5 0.5 0.5 0.5 0.5 
0.5 0.5 0.5 0.5 0.5 0.5 0.5 0.5 0.5 
0.5 0.5 0.5 0.5 0.5 0.5 0.5 0.5 0.5 
0.5 0.5 0.5 0.5 0.5 0.5 0.5 0.5 0.5 
0.5 0.5 0.5 0.5 0.5 0.5 0.5 0.5 0.5 
0.5 0.5 0.5 0.5 0.5 0.5 0.5 0.5 0.5 
0.5 0.5 0.5 0.5 0.5 0.5 0.5 0.5 0.5 
0.5 0.5 0.5 0.5 0.5 0.5 0.5 0.5 0.5 
0.5 0.5 0.5 0.5 0.5 0.5 0.5 0.5 0.5 
0.5 0.5 0.5 0.5 0.5 0.5 0.5 0.5 0.5 
0.5 0.5 0.5 0.5 0.5 0.5 0.5 0.5 0.5 
0.5 0.5 0.5 0.5 0.5 0.5 0.5 0.5 0.5 
0.5 0.5 0.5 0.5 0.5 0.5 0.5 0.5 0.5 
0.5 0.5 0.5 0.5 0.5 0.5 0.5 0.5 0.5 
0.5 0.5 0.5 0.5 0.5 0.5 0.5 0.5 0.5 
0.5 0.5 0.5 0.5 0.5 0.5 0.5 0.5 0.5 
0.5 0.5 0.5 0.5 0.5 0.5 0.5 0.5 0.5 
0.5 0.5 0.5 0.5 0.5 0.5 0.5 0.5 0.5 
0.5 0.5 0.5 0.5 0.5 0.5 0.5 0.5 0.5 
0.5 0.5 0.5 0.5 0.5 0.5 0.5 0.5 0.5 
0.5 0.5 0.5 0.5 0.5 0.5 0.5 0.5 0.5 
0.5 0.5 0.5 0.5 0.5 0.5 0.5 0.5 0.5 
0.5 0.5 0.5 0.5 0.5 0.5 0.5 0.5 0.5 
0.5 0.5 0.5 0.5 0.5 0.5 0.5 0.5 0.5 
0.5 0.5 0.5 0.5 0.5 0.5 0.5 0.5 0.5 
0.5 0.5 0.5 0.5 0.5 0.5 0.5 0.5 0.5 
0.5 0.5 0.5 0.5 0.5 0.5 0.5 0.5 0.5 
0.5 0.5 0.5 0.5 0.5 0.5 0.5 0.5 0.5 
0.5 0.5 0.5 0.5 0.5 0.5 0.5 0.5 0.5 
0.5 0.5 0.5 0.5 0.5 0.5 0.5 0.5 0.5 
0.5 0.5 0.5 0.5 0.5 0.5 0.5 0.5 0.5 
0.5 0.5 0.5 0.5 0.5 0.5 0.5 0.5 0.5 
0.5 0.5 0.5 0.5 0.5 0.5 0.5 0.5 0.5 
0.5 0.5 0.5 0.5 0.5 0.5 0.5 0.5 0.5 
0.5 0.5 0.5 0.5 0.5 0.5 0.5 0.5 0.5 
0.5 0.5 0.5 0.5 0.5 0.5 0.5 0.5 0.5 
0.5 0.5 0.5 0.5 0.5 0.5 0.5 0.5 0.5 
0.5 0.5 0.5 0.5 0.5 0.5 0.5 0.5 0.5 
0.5 0.5 0.5 0.5 0.5 0.5 0.5 0.5 0.5 
0.5 0.5 0.5 0.5 0.5 0.5 0.5 0.5 0.5 
0.5 0.5 0.5 0.5 0.5 0.5 0.5 0.5 0.5 
0.5 0.5 0.5 0.5 0.5 0.5 0.5 0.5 0.5 
0.5 0.5 0.5 0.5 0.5 0.5 0.5 0.5 0.5 
0.5 0.5 0.5 0.5 0.5 0.5 0.5 0.5 0.5 
0.5 0.5 0.5 0.5 0.5 0.5 0.5 0.5 0.5 
0.5 0.5 0.5 0.5 0.5 0.5 0.5 0.5 0.5 
0.5 0.5 0.5 0.5 0.5 0.5 0.5 0.5 0.5 
0.5 0.5 0.5 0.5 0.5 0.5 0.5 0.5 0.5 
0.5 0.5 0.5 0.5 0.5 0.5 0.5 0.5 0.5 
0.5 0.5 0.5 0.5 0.5 0.5 0.5 0.5 0.5 
0.5 0.5 0.5 0.5 0.5 0.5 0.5 0.5 0.5 
0.5 0.5 0.5 0.5 0.5 0.5 0.5 0.5 0.5 
0.5 0.5 0.5 0.5 0.5 0.5 0.5 0.5 0.5 
0.5 0.5 0.5 0.5 0.5 0.5 0.5 0.5 0.5 
0.5 0.5 0.5 0.5 0.5 0.5 0.5 0.5 0.5 
0.5 0.5 0.5 0.5 0.5 0.5 0.5 0.5 0.5 
0.5 0.5 0.5 0.5 0.5 0.5 0.5 0.5 0.5 
0.5 0.5 0.5 0.5 0.5 0.5 0.5 0.5 0.5 
0.5 0.5 0.5 0.5 0.5 0.5 0.5 0.5 0.5 
0.5 0.5 0.5 0.5 0.5 0.5 0.5 0.5 0.5 
0.5 0.5 0.5 0.5 0.5 0.5 0.5 0.5 0.5 
0.5 0.5 0.5 0.5 0.5 0.5 0.5 0.5 0.5 
0.5 0.5 0.5 0.5 0.5 0.5 0.5 0.5 0.5 
0.5 0.5 0.5 0.5 0.5 0.5 0.5 0.5 0.5 
0.5 0.5 0.5 0.5 0.5 0.5 0.5 0.5 0.5 
0.5 0.5 0.5 0.5 0.5 0.5 0.5 0.5 0.5 
0.5 0.5 0.5 0.5 0.5 0.5 0.5 0.5 0.5 
0.5 0.5 0.5 0.5 0.5 0.5 0.5 0.5 0.5 
0.5 0.5 0.5 0.5 0.5 0.5 0.5 0.5 0.5 
0.5 0.5 0.5 0.5 0.5 0.5 0.5 0.5 0.5 
0.5 0.5 0.5 0.5 0.5 0.5 0.5 0.5 0.5 
0.5 0.5 0.5 0.5 0.5 0.5 0.5 0.5 0.5 
0.5 0.5 0.5 0.5 0.5 0.5 0.5 0.5 0.5 
0.5 0.5 0.5 0.5 0.5 0.5 0.5 0.5 0.5 
0.5 0.5 0.5 0.5 0.5 0.5 0.5 0.5 0.5 
0.5 0.5 0.5 0.5 0.5 0.5 0.5 0.5 0.5 
0.5 0.5 0.5 0.5 0.5 0.5 0.5 0.5 0.5 
0.5 0.5 0.5 0.5 0.5 0.5 0.5 0.5 0.5 
0.5 0.5 0.5 0.5 0.5 0.5 0.5 0.5 0.5 
0.5 0.5 0.5 0.5 0.5 0.5 0.5 0.5 0.5 
0.5 0.5 0.5 0.5 0.5 0.5 0.5 0.5 0.5 
0.5 0.5 0.5 0.5 0.5 0.5 0.5 0.5 0.5 
0.5 0.5 0.5 0.5 0.5 0.5 0.5 0.5 0.5 
0.5 0.5 0.5 0.5 0.5 0.5 0.5 0.5 0.5 
0.5 0.5 0.5 0.5 0.5 0.5 0.5 0.5 0.5 
0.5 0.5 0.5 0.5 0.5 0.5 0.5 0.5 0.5 
0.5 0.5 0.5 0.5 0.5 0.5 0.5 0.5 0.5 
0.5 0.5 0.5 0.5 0.5 0.5 0.5 0.5 0.5 
0.5 0.5 0.5 0.5 0.5 0.5 0.5 0.5 0.5 
0.5 0.5 0.5 0.5 0.5 0.5 0.5 0.5 0.5 
0.5 0.5 0.5 0.5 0.5 0.5 0.5 0.5 0.5 
0.5 0.5 0.5 0.5 0.5 0.5 0.5 0.5 0.5 
0.5 0.5 0.5 0.5 0.5 0.5 0.5 0.5 0.5 
0.5 0.5 0.5 0.5 0.5 0.5 0.5 0.5 0.5 
0.5 0.5 0.5 0.5 0.5 0.5 0.5 0.5 0.5 
0.5 0.5 0.5 0.5 0.5 0.5 0.5 0.5 0.5 
0.5 0.5 0.5 0.5 0.5 0.5 0.5 0.5 0.5 
0.5 0.5 0.5 0.5 0.5 0.5 0.5 0.5 0.5 
0.5 0.5 0.5 0.5 0.5 0.5 0.5 0.5 0.5 
0.5 0.5 0.5 0.5 0.5 0.5 0.5 0.5 0.5 
0.5 0.5 0.5 0.5 0.5 0.5 0.5 0.5 0.5 
0.5 0.5 0.5 0.5 0.5 0.5 0.5 0.5 0.5 
0.5 0.5 0.5 0.5 0.5 0.5 0.5 0.5 0.5 
0.5 0.5 0.5 0.5 0.5 0.5 0.5 0.5 0.5 
0.5 0.5 0.5 0.5 0.5 0.5 0.5 0.5 0.5 
0.5 0.5 0.5 0.5 0.5 0.5 0.5 0.5 0.5 
0.5 0.5 0.5 0.5 0.5 0.5 0.5 0.5 0.5 
0.5 0.5 0.5 0.5 0.5 0.5 0.5 0.5 0.5 
0.5 0.5 0.5 0.5 0.5 0.5 0.5 0.5 0.5 
0.5 0.5 0.5 0.5 0.5 0.5 0.5 0.5 0.5 
0.5 0.5 0.5 0.5 0.5 0.5 0.5 0.5 0.5 
0.5 0.5 0.5 0.5 0.5 0.5 0.5 0.5 0.5 
0.5 0.5 0.5 0.5 0.5 0.5 0.5 0.5 0.5 
0.5 0.5 0.5 0.5 0.5 0.5 0.5 0.5 0.5 
0.5 0.5 0.5 0.5 0.5 0.5 0.5 0.5 0.5 
0.5 0.5 0.5 0.5 0.5 0.5 0.5 0.5 0.5 
0.5 0.5 0.5 0.5 0.5 0.5 0.5 0.5 0.5 
0.5 0.5 0.5 0.5 0.5 0.5 0.5 0.5 0.5 
0.5 0.5 0.5 0.5 0.5 0.5 0.5 0.5 0.5 
0.5 0.5 0.5 0.5 0.5 0.5 0.5 0.5 0.5 
0.5 0.5 0.5 0.5 0.5 0.5 0.5 0.5 0.5 
0.5 0.5 0.5 0.5 0.5 0.5 0.5 0.5 0.5 
0.5 0.5 0.5 0.5 0.5 0.5 0.5 0.5 0.5 
0.5 0.5 0.5 0.5 0.5 0.5 0.5 0.5 0.5 
0.5 0.5 0.5 0.5 0.5 0.5 0.5 0.5 0.5 
0.5 0.5 0.5 0.5 0.5 0.5 0.5 0.5 0.5 
0.5 0.5 0.5 0.5 0.5 0.5 0.5 0.5 0.5 
0.5 0.5 0.5 0.5 0.5 0.5 0.5 0.5 0.5 
0.5 0.5 0.5 0.5 0.5 0.5 0.5 0.5 0.5 
0.5 0.5 0.5 0.5 0.5 0.5 0.5 0.5 0.5 
0.5 0.5 0.5 0.5 0.5 0.5 0.5 0.5 0.5 
0.5 0.5 0.5 0.5 0.5 0.5 0.5 0.5 0.5 
0.5 0.5 0.5 0.5 0.5 0.5 0.5 0.5 0.5 
0.5 0.5 0.5 0.5 0.5 0.5 0.5 0.5 0.5 
0.5 0.5 0.5 0.5 0.5 0.5 0.5 0.5 0.5 
0.5 0.5 0.5 0.5 0.5 0.5 0.5 0.5 0.5 
0.5 0.5 0.5 0.5 0.5 0.5 0.5 0.5 0.5 
0.5 0.5 0.5 0.5 0.5 0.5 0.5 0.5 0.5 
0.5 0.5 0.5 0.5 0.5 0.5 0.5 0.5 0.5 
0.5 0.5 0.5 0.5 0.5 0.5 0.5 0.5 0.5 
0.5 0.5 0.5 0.5 0.5 0.5 0.5 0.5 0.5 
0.5 0.5 0.5 0.5 0.5 0.5 0.5 0.5 0.5 
0.5 0.5 0.5 0.5 0.5 0.5 0.5 0.5 0.5 
0.5 0.5 0.5 0.5 0.5 0.5 0.5 0.5 0.5 
0.5 0.5 0.5 0.5 0.5 0.5 0.5 0.5 0.5 
0.5 0.5 0.5 0.5 0.5 0.5 0.5 0.5 0.5 
0.5 0.5 0.5 0.5 0.5 0.5 0.5 0.5 0.5 
0.5 0.5 0.5 0.5 0.5 0.5 0.5 0.5 0.5 
0.5 0.5 0.5 0.5 0.5 0.5 0.5 0.5 0.5 
0.5 0.5 0.5 0.5 0.5 0.5 0.5 0.5 0.5 
0.5 0.5 0.5 0.5 0.5 0.5 0.5 0.5 0.5 
0.5 0.5 0.5 0.5 0.5 0.5 0.5 0.5 0.5 
0.5 0.5 0.5 0.5 0.5 0.5 0.5 0.5 0.5 
0.5 0.5 0.5 0.5 0.5 0.5 0.5 0.5 0.5 
0.5 0.5 0.5 0.5 0.5 0.5 0.5 0.5 0.5 
0.5 0.5 0.5 0.5 0.5 0.5 0.5 0.5 0.5 
0.5 0.5 0.5 0.5 0.5 0.5 0.5 0.5 0.5 
0.5 0.5 0.5 0.5 0.5 0.5 0.5 0.5 0.5 
0.5 0.5 0.5 0.5 0.5 0.5 0.5 0.5 0.5 
0.5 0.5 0.5 0.5 0.5 0.5 0.5 0.5 0.5 
0.5 0.5 0.5 0.5 0.5 0.5 0.5 0.5 0.5 
0.5 0.5 0.5 0.5 0.5 0.5 0.5 0.5 0.5 
0.5 0.5 0.5 0.5 0.5 0.5 0.5 0.5 0.5 
0.5 0.5 0.5 0.5 0.5 0.5 0.5 0.5 0.5 
0.5 0.5 0.5 0.5 0.5 0.5 0.5 0.5 0.5 
0.5 0.5 0.5 0.5 0.5 0.5 0.5 0.5 0.5 
0.5 0.5 0.5 0.5 0.5 0.5 0.5 0.5 0.5 
0.5 0.5 0.5 0.5 0.5 0.5 0.5 0.5 0.5 
0.5 0.5 0.5 0.5 0.5 0.5 0.5 0.5 0.5 
0.5 0.5 0.5 0.5 0.5 0.5 0.5 0.5 0.5 
0.5 0.5 0.5 0.5 0.5 0.5 0.5 0.5 0.5 
0.5 0.5 0.5 0.5 0.5 0.5 0.5 0.5 0.5 
0.5 0.5 0.5 0.5 0.5 0.5 0.5 0.5 0.5 
0.5 0.5 0.5 0.5 0.5 0.5 0.5 0.5 0.5 
0.5 0.5 0.5 0.5 0.5 0.5 0.5 0.5 0.5 
0.5 0.5 0.5 0.5 0.5 0.5 0.5 0.5 0.5 
0.5 0.5 0.5 0.5 0.5 0.5 0.5 0.5 0.5 
0.5 0.5 0.5 0.5 0.5 0.5 0.5 0.5 0.5 
0.5 0.5 0.5 0.5 0.5 0.5 0.5 0.5 0.5 
0.5 0.5 0.5 0.5 0.5 0.5 0.5 0.5 0.5 
0.5 0.5 0.5 0.5 0.5 0.5 0.5 0.5 0.5 
0.5 0.5 0.5 
NORMALS normals float
0 -0.357906 -0.933757 0 -0.357906 -0.933757 0 -0.376412 -0.926452 
0 -0.376412 -0.926452 0 -0.357906 -0.933757 0 -0.376412 -0.926452 
0 -0.357906 -0.933757 0 -0.376412 -0.926452 0 -0.357906 -0.933757 
0 -0.376412 -0.926452 0 -0.357906 -0.933757 0 -0.376412 -0.926452 
0 -0.357906 -0.933757 0 -0.376412 -0.926452 0 -0.357906 -0.933757 
0 -0.376412 -0.926452 0 -0.357906 -0.933757 0 -0.376412 -0.926452 
0 -0.357906 -0.933757 0 -0.376412 -0.926452 0 -0.357906 -0.933757 
0 -0.376412 -0.926452 0 -0.357906 -0.933757 0 -0.376412 -0.926452 
0 -0.357906 -0.933757 0 -0.376412 -0.926452 0 -0.357906 -0.933757 
0 -0.376412 -0.926452 0 -0.357906 -0.933757 0 -0.376412 -0.926452 
0 -0.357906 -0.933757 0 -0.376412 -0.926452 0 -0.357906 -0.933757 
0 -0.376412 -0.926452 0 -0.357906 -0.933757 0 -0.376412 -0.926452 
0 -0.357906 -0.933757 0 -0.376412 -0.926452 0 -0.357906 -0.933757 
0 -0.376412 -0.926452 0 -0.357906 -0.933757 0 -0.376412 -0.926452 
0 -0.357906 -0.933757 0 -0.376412 -0.926452 0 -0.357906 -0.933757 
0 -0.376412 -0.926452 0 -0.357906 -0.933757 0 -0.376412 -0.926452 
0 -0.357906 -0.933757 0 -0.376412 -0.926452 0 -0.357906 -0.933757 
0 -0.376412 -0.926452 0 -0.357906 -0.933757 0 -0.376412 -0.926452 
0 -0.357906 -0.933757 0 -0.376412 -0.926452 0 -0.357906 -0.933757 
0 -0.376412 -0.926452 0 -0.357906 -0.933757 0 -0.376412 -0.926452 
0 -0.357906 -0.933757 0 -0.376412 -0.926452 0 -0.357906 -0.933757 
0 -0.376412 -0.926452 0 -0.357906 -0.933757 0 -0.376412 -0.926452 
0 -0.357906 -0.933757 0 -0.376412 -0.926452 0 -0.357906 -0.933757 
0 -0.376412 -0.926452 0 -0.357906 -0.933757 0 -0.376412 -0.926452 
0 -0.357906 -0.933757 0 -0.376412 -0.926452 0 -0.357906 -0.933757 
0 -0.376412 -0.926452 0 -0.357906 -0.933757 0 -0.376412 -0.926452 
0 -0.357906 -0.933757 0 -0.376412 -0.926452 0 -0.357906 -0.933757 
0 -0.376412 -0.926452 0 -0.357906 -0.933757 0 -0.376412 -0.926452 
0 -0.357906 -0.933757 0 -0.376412 -0.926452 0 -0.357906 -0.933757 
0 -0.376412 -0.926452 0 -0.357906 -0.933757 0 -0.376412 -0.926452 
0 -0.357906 -0.933757 0 -0.376412 -0.926452 0 -0.357906 -0.933757 
0 -0.376412 -0.926452 0 -0.357906 -0.933757 0 -0.376412 -0.926452 
0 -0.357906 -0.933757 0 -0.376412 -0.926452 0 -0.357906 -0.933757 
0 -0.376412 -0.926452 0 -0.357906 -0.933757 0 -0.376412 -0.926452 
0 -0.357906 -0.933757 0 -0.376412 -0.926452 0 -0.357906 -0.933757 
0 -0.376412 -0.926452 0 -0.357906 -0.933757 0 -0.376412 -0.926452 
0 -0.357906 -0.933757 0 -0.376412 -0.926452 0 -0.357906 -0.933757 
0 -0.376412 -0.926452 0 -0.357906 -0.933757 0 -0.376412 -0.926452 
0 -0.357906 -0.933757 0 -0.376412 -0.926452 0 -0.357906 -0.933757 
0 -0.376412 -0.926452 0 -0.357906 -0.933757 0 -0.376412 -0.926452 
0 -0.287079 -0.957907 0 -0.287079 -0.957907 0 -0.287079 -0.957907 
0 -0.287079 -0.957907 0 -0.287079 -0.957907 0 -0.287079 -0.957907 
0 -0.287079 -0.957907 0 -0.287079 -0.957907 0 -0.287079 -0.957907 
0 -0.287079 -0.957907 0 -0.287079 -0.957907 0 -0.287079 -0.957907 
0 -0.287079 -0.957907 0 -0.287079 -0.957907 0 -0.287079 -0.957907 
0 -0.287079 -0.957907 0 -0.287079 -0.957907 0 -0.287079 -0.957907 
0 -0.287079 -0.957907 0 -0.287079 -0.957907 0 -0.287079 -0.957907 
0 -0.287079 -0.957907 0 -0.287079 -0.957907 0 -0.287079 -0.957907 
0 -0.287079 -0.957907 0 -0.287079 -0.957907 0 -0.287079 -0.957907 
0 -0.287079 -0.957907 0 -0.287079 -0.957907 0 -0.287079 -0.957907 
0 -0.287079 -0.957907 0 -0.287079 -0.957907 0 -0.287079 -0.957907 
0 -0.287079 -0.957907 0 -0.287079 -0.957907 0 -0.287079 -0.957907 
0 -0.287079 -0.957907 0 -0.287079 -0.957907 0 -0.287079 -0.957907 
0 -0.287079 -0.957907 0 -0.287079 -0.957907 0 -0.287079 -0.957907 
0 -0.287079 -0.957907 0 -0.287079 -0.957907 0 -0.287079 -0.957907 
0 -0.287079 -0.957907 0 -0.287079 -0.957907 0 -0.287079 -0.957907 
0 -0.287079 -0.957907 0 -0.287079 -0.957907 0 -0.287079 -0.957907 
0 -0.287079 -0.957907 0 -0.287079 -0.957907 0 -0.287079 -0.957907 
0 -0.287079 -0.957907 0 -0.287079 -0.957907 0 -0.287079 -0.957907 
0 -0.287079 -0.957907 0 -0.287079 -0.957907 0 -0.287079 -0.957907 
0 -0.216822 -0.976211 0 -0.216822 -0.976211 0 -0.216822 -0.976211 
0 -0.216822 -0.976211 0 -0.216822 -0.976211 0 -0.216822 -0.976211 
0 -0.216822 -0.976211 0 -0.216822 -0.976211 0 -0.216822 -0.976211 
0 -0.216822 -0.976211 0 -0.216822 -0.976211 0 -0.216822 -0.976211 
0 -0.216822 -0.976211 0 -0.216822 -0.976211 0 -0.216822 -0.976211 
0 -0.216822 -0.976211 0 -0.216822 -0.976211 0 -0.216822 -0.976211 
0 -0.216822 -0.976211 0 -0.216822 -0.976211 0 -0.216822 -0.976211 
0 -0.216822 -0.976211 0 -0.216822 -0.976211 0 -0.216822 -0.976211 
0 -0.216822 -0.976211 0 -0.216822 -0.976211 0 -0.216822 -0.976211 
0 -0.216822 -0.976211 0 -0.216822 -0.976211 0 -0.216822 -0.976211 
0 -0.216822 -0.976211 0 -0.216822 -0.976211 0 -0.216822 -0.976211 
0 -0.216822 -0.976211 0 -0.216822 -0.976211 0 -0.216822 -0.976211 
0 -0.216822 -0.976211 0 -0.216822 -0.976211 0 -0.216822 -0.976211 
0 -0.216822 -0.976211 0 -0.216822 -0.976211 0 -0.216822 -0.976211 
0 -0.216822 -0.976211 0 -0.216822 -0.976211 0 -0.216822 -0.976211 
0 -0.216822 -0.976211 0 -0.216822 -0.976211 0 -0.216822 -0.976211 
0 -0.216822 -0.976211 0 -0.216822 -0.976211 0 -0.216822 -0.976211 
0 -0.216822 -0.976211 0 -0.216822 -0.976211 0 -0.216822 -0.976211 
0 -0.216822 -0.976211 0 -0.216822 -0.976211 0 -0.216822 -0.976211 
0 -0.216822 -0.976211 0 -0.216822 -0.976211 0 -0.216822 -0.976211 
0 -0.146191 -0.989256 0 -0.146191 -0.989256 0 -0.146191 -0.989256 
0 -0.146191 -0.989256 0 -0.146191 -0.989256 0 -0.146191 -0.989256 
0 -0.146191 -0.989256 0 -0.146191 -0.989256 0 -0.146191 -0.989256 
0 -0.146191 -0.989256 0 -0.146191 -0.989256 0 -0.146191 -0.989256 
0 -0.146191 -0.989256 0 -0.146191 -0.989256 0 -0.146191 -0.989256 
0 -0.146191 -0.989256 0 -0.146191 -0.989256 0 -0.146191 -0.989256 
0 -0.146191 -0.989256 0 -0.146191 -0.989256 0 -0.146191 -0.989256 
0 -0.146191 -0.989256 0 -0.146191 -0.989256 0 -0.146191 -0.989256 
0 -0.146191 -0.989256 0 -0.146191 -0.989256 0 -0.146191 -0.989256 
0 -0.146191 -0.989256 0 -0.146191 -0.989256 0 -0.146191 -0.989256 
0 -0.146191 -0.989256 0 -0.146191 -0.989256 0 -0.146191 -0.989256 
0 -0.146191 -0.989256 0 -0.146191 -0.989256 0 -0.146191 -0.989256 
0 -0.146191 -0.989256 0 -0.146191 -0.989256 0 -0.146191 -0.989256 
0 -0.146191 -0.989256 0 -0.146191 -0.989256 0 -0.146191 -0.989256 
0 -0.146191 -0.989256 0 -0.146191 -0.989256 0 -0.146191 -0.989256 
0 -0.146191 -0.989256 0 -0.146191 -0.989256 0 -0.146191 -0.989256 
0 -0.146191 -0.989256 0 -0.146191 -0.989256 0 -0.146191 -0.989256 
0 -0.146191 -0.989256 0 -0.146191 -0.989256 0 -0.146191 -0.989256 
0 -0.146191 -0.989256 0 -0.146191 -0.989256 0 -0.146191 -0.989256 
0 -0.146191 -0.989256 0 -0.146191 -0.989256 0 -0.146191 -0.989256 
0 -0.0738198 -0.997272 0 -0.0738198 -0.997272 0 -0.0738198 -0.997272 
0 -0.0738198 -0.997272 0 -0.0738198 -0.997272 0 -0.0738198 -0.997272 
0 -0.0738198 -0.997272 0 -0.0738198 -0.997272 0 -0.0738198 -0.997272 
0 -0.0738198 -0.997272 0 -0.0738198 -0.997272 0 -0.0738198 -0.997272 
0 -0.0738198 -0.997272 0 -0.0738198 -0.997272 0 -0.0738198 -0.997272 
0 -0.0738198 -0.997272 0 -0.0738198 -0.997272 0 -0.0738198 -0.997272 
0 -0.0738198 -0.997272 0 -0.0738198 -0.997272 0 -0.0738198 -0.997272 
0 -0.0738198 -0.997272 0 -0.0738198 -0.997272 0 -0.0738198 -0.997272 
0 -0.0738198 -0.997272 0 -0.0738198 -0.997272 0 -0.0738198 -0.997272 
0 -0.0738198 -0.997272 0 -0.0738198 -0.997272 0 -0.0738198 -0.997272 
0 -0.0738198 -0.997272 0 -0.0738198 -0.997272 0 -0.0738198 -0.997272 
0 -0.0738198 -0.997272 0 -0.0738198 -0.997272 0 -0.0738198 -0.997272 
0 -0.0738198 -0.997272 0 -0.0738198 -0.997272 0 -0.0738198 -0.997272 
0 -0.0738198 -0.997272 0 -0.0738198 -0.997272 0 -0.0738198 -0.997272 
0 -0.0738198 -0.997272 0 -0.0738198 -0.997272 0 -0.0738198 -0.997272 
0 -0.0738198 -0.997272 0 -0.0738198 -0.997272 0 -0.0738198 -0.997272 
0 -0.0738198 -0.997272 0 -0.0738198 -0.997272 0 -0.0738198 -0.997272 
0 -0.0738198 -0.997272 0 -0.0738198 -0.997272 0 -0.0738198 -0.997272 
0 -0.0738198 -0.997272 0 -0.0738198 -0.997272 0 -0.0738198 -0.997272 
0 -0.0738198 -0.997272 0 -0.0738198 -0.997272 0 -0.0738198 -0.997272 
0 -2.48401e-16 -1 0 -2.48401e-16 -1 0 -2.48401e-16 -1 
0 -2.48401e-16 -1 0 -2.48401e-16 -1 0 -2.48401e-16 -1 
0 -2.48401e-16 -1 0 -2.48401e-16 -1 0 -2.48401e-16 -1 
0 -2.48401e-16 -1 0 -2.48401e-16 -1 0 -2.48401e-16 -1 
0 -2.48401e-16 -1 0 -2.48401e-16 -1 0 -2.48401e-16 -1 
0 -2.48401e-16 -1 0 -2.48401e-16 -1 0 -2.48401e-16 -1 
0 -2.48401e-16 -1 0 -2.48401e-16 -1 0 -2.48401e-16 -1 
0 -2.48401e-16 -1 0 -2.48401e-16 -1 0 -2.48401e-16 -1 
0 -2.48401e-16 -1 0 -2.48401e-16 -1 0 -2.48401e-16 -1 
0 -2.48401e-16 -1 0 -2.48401e-16 -1 0 -2.48401e-16 -1 
0 -2.48401e-16 -1 0 -2.48401e-16 -1 0 -2.48401e-16 -1 
0 -2.48401e-16 -1 0 -2.48401e-16 -1 0 -2.48401e-16 -1 
0 -2.48401e-16 -1 0 -2.48401e-16 -1 0 -2.48401e-16 -1 
0 -2.48401e-16 -1 0 -2.48401e-16 -1 0 -2.48401e-16 -1 
0 -2.48401e-16 -1 0 -2.48401e-16 -1 0 -2.48401e-16 -1 
0 -2.48401e-16 -1 0 -2.48401e-16 -1 0 -2.48401e-16 -1 
0 -2.48401e-16 -1 0 -2.48401e-16 -1 0 -2.48401e-16 -1 
0 -2.48401e-16 -1 0 -2.48401e-16 -1 0 -2.48401e-16 -1 
0 -2.48401e-16 -1 0 -2.48401e-16 -1 0 -2.48401e-16 -1 
0 -2.48401e-16 -1 0 -2.48401e-16 -1 0 -2.48401e-16 -1 
0 0.0738198 -0.997272 0 0.0738198 -0.997272 0 0.0738198 -0.997272 
0 0.0738198 -0.997272 0 0.0738198 -0.997272 0 0.0738198 -0.997272 
0 0.0738198 -0.997272 0 0.0738198 -0.997272 0 0.0738198 -0.997272 
0 0.0738198 -0.997272 0 0.0738198 -0.997272 0 0.0738198 -0.997272 
0 0.0738198 -0.997272 0 0.0738198 -0.997272 0 0.0738198 -0.997272 
0 0.0738198 -0.997272 0 0.0738198 -0.997272 0 0.0738198 -0.997272 
0 0.0738198 -0.997272 0 0.0738198 -0.997272 0 0.0738198 -0.997272 
0 0.0738198 -0.997272 0 0.0738198 -0.997272 0 0.0738198 -0.997272 
0 0.0738198 -0.997272 0 0.0738198 -0.997272 0 0.0738198 -0.997272 
0 0.0738198 -0.997272 0 0.0738198 -0.997272 0 0.0738198 -0.997272 
0 0.0738198 -0.997272 0 0.0738198 -0.997272 0 0.0738198 -0.997272 
0 0.0738198 -0.997272 0 0.0738198 -0.997272 0 0.0738198 -0.997272 
0 0.0738198 -0.997272 0 0.0738198 -0.997272 0 0.0738198 -0.997272 
0 0.0738198 -0.997272 0 0.0738198 -0.997272 0 0.0738198 -0.997272 
0 0.0738198 -0.997272 0 0.0738198 -0.997272 0 0.0738198 -0.997272 
0 0.0738198 -0.997272 0 0.0738198 -0.997272 0 0.0738198 -0.997272 
0 0.0738198 -0.997272 0 0.0738198 -0.997272 0 0.0738198 -0.997272 
0 0.0738198 -0.997272 0 0.0738198 -0.997272 0 0.0738198 -0.997272 
0 0.0738198 -0.997272 0 0.0738198 -0.997272 0 0.0738198 -0.997272 
0 0.0738198 -0.997272 0 0.0738198 -0.997272 0 0.0738198 -0.997272 
0 0.146191 -0.989256 0 0.146191 -0.989256 0 0.146191 -0.989256 
0 0.146191 -0.989256 0 0.146191 -0.989256 0 0.146191 -0.989256 
0 0.146191 -0.989256 0 0.146191 -0.989256 0 0.146191 -0.989256 
0 0.146191 -0.989256 0 0.146191 -0.989256 0 0.146191 -0.989256 
0 0.146191 -0.989256 0 0.146191 -0.989256 0 0.146191 -0.989256 
0 0.146191 -0.989256 0 0.146191 -0.989256 0 0.146191 -0.989256 
0 0.146191 -0.989256 0 0.146191 -0.989256 0 0.146191 -0.989256 
0 0.146191 -0.989256 0 0.146191 -0.989256 0 0.146191 -0.989256 
0 0.146191 -0.989256 0 0.146191 -0.989256 0 0.146191 -0.989256 
0 0.146191 -0.989256 0 0.146191 -0.989256 0 0.146191 -0.989256 
0 0.146191 -0.989256 0 0.146191 -0.989256 0 0.146191 -0.989256 
0 0.146191 -0.989256 0 0.146191 -0.989256 0 0.146191 -0.989256 
0 0.146191 -0.989256 0 0.146191 -0.989256 0 0.146191 -0.989256 
0 0.146191 -0.989256 0 0.146191 -0.989256 0 0.146191 -0.989256 
0 0.146191 -0.989256 0 0.146191 -0.989256 0 0.146191 -0.989256 
0 0.146191 -0.989256 0 0.146191 -0.989256 0 0.146191 -0.989256 
0 0.146191 -0.989256 0 0.146191 -0.989256 0 0.146191 -0.989256 
0 0.146191 -0.989256 0 0.146191 -0.989256 0 0.146191 -0.989256 
0 0.146191 -0.989256 0 0.146191 -0.989256 0 0.146191 -0.989256 
0 0.146191 -0.989256 0 0.146191 -0.989256 0 0.146191 -0.989256 
0 0.216822 -0.976211 0 0.216822 -0.976211 0 0.216822 -0.976211 
0 0.216822 -0.976211 0 0.216822 -0.976211 0 0.216822 -0.976211 
0 0.216822 -0.976211 0 0.216822 -0.976211 0 0.216822 -0.976211 
0 0.216822 -0.976211 0 0.216822 -0.976211 0 0.216822 -0.976211 
0 0.216822 -0.976211 0 0.216822 -0.976211 0 0.216822 -0.976211 
0 0.216822 -0.976211 0 0.216822 -0.976211 0 0.216822 -0.976211 
0 0.216822 -0.976211 0 0.216822 -0.976211 0 0.216822 -0.976211 
0 0.216822 -0.976211 0 0.216822 -0.976211 0 0.216822 -0.976211 
0 0.216822 -0.976211 0 0.216822 -0.976211 0 0.216822 -0.976211 
0 0.216822 -0.976211 0 0.216822 -0.976211 0 0.216822 -0.976211 
0 0.216822 -0.976211 0 0.216822 -0.976211 0 0.216822 -0.976211 
0 0.216822 -0.976211 0 0.216822 -0.976211 0 0.216822 -0.976211 
0 0.216822 -0.976211 0 0.216822 -0.976211 0 0.216822 -0.976211 
0 0.216822 -0.976211 0 0.216822 -0.976211 0 0.216822 -0.976211 
0 0.216822 -0.976211 0 0.216822 -0.976211 0 0.216822 -0.976211 
0 0.216822 -0.976211 0 0.216822 -0.976211 0 0.216822 -0.976211 
0 0.216822 -0.976211 0 0.216822 -0.976211 0 0.216822 -0.976211 
0 0.216822 -0.976211 0 0.216822 -0.976211 0 0.216822 -0.976211 
0 0.216822 -0.976211 0 0.216822 -0.976211 0 0.216822 -0.976211 
0 0.216822 -0.976211 0 0.216822 -0.976211 0 0.216822 -0.976211 
0 0.287079 -0.957907 0 0.287079 -0.957907 0 0.287079 -0.957907 
0 0.287079 -0.957907 0 0.287079 -0.957907 0 0.287079 -0.957907 
0 0.287079 -0.957907 0 0.287079 -0.957907 0 0.287079 -0.957907 
0 0.287079 -0.957907 0 0.287079 -0.957907 0 0.287079 -0.957907 
0 0.287079 -0.957907 0 0.287079 -0.957907 0 0.287079 -0.957907 
0 0.287079 -0.957907 0 0.287079 -0.957907 0 0.287079 -0.957907 
0 0.287079 -0.957907 0 0.287079 -0.957907 0 0.287079 -0.957907 
0 0.287079 -0.957907 0 0.287079 -0.957907 0 0.287079 -0.957907 
0 0.287079 -0.957907 0 0.287079 -0.957907 0 0.287079 -0.957907 
0 0.287079 -0.957907 0 0.287079 -0.957907 0 0.287079 -0.957907 
0 0.287079 -0.957907 0 0.287079 -0.957907 0 0.287079 -0.957907 
0 0.287079 -0.957907 0 0.287079 -0.957907 0 0.287079 -0.957907 
0 0.287079 -0.957907 0 0.287079 -0.957907 0 0.287079 -0.957907 
0 0.287079 -0.957907 0 0.287079 -0.957907 0 0.287079 -0.957907 
0 0.287079 -0.957907 0 0.287079 -0.957907 0 0.287079 -0.957907 
0 0.287079 -0.957907 0 0.287079 -0.957907 0 0.287079 -0.957907 
0 0.287079 -0.957907 0 0.287079 -0.957907 0 0.287079 -0.957907 
0 0.287079 -0.957907 0 0.287079 -0.957907 0 0.287079 -0.957907 
0 0.287079 -0.957907 0 0.287079 -0.957907 0 0.287079 -0.957907 
0 0.287079 -0.957907 0 0.287079 -0.957907 0 0.287079 -0.957907 
0 0.357906 -0.933757 0 0.357906 -0.933757 0 0.357906 -0.933757 
0 0.357906 -0.933757 0 0.357906 -0.933757 0 0.357906 -0.933757 
0 0.357906 -0.933757 0 0.357906 -0.933757 0 0.357906 -0.933757 
0 0.357906 -0.933757 0 0.357906 -0.933757 0 0.357906 -0.933757 
0 0.357906 -0.933757 0 0.357906 -0.933757 0 0.357906 -0.933757 
0 0.357906 -0.933757 0 0.357906 -0.933757 0 0.357906 -0.933757 
0 0.357906 -0.933757 0 0.357906 -0.933757 0 0.357906 -0.933757 
0 0.357906 -0.933757 0 0.357906 -0.933757 0 0.357906 -0.933757 
0 0.357906 -0.933757 0 0.357906 -0.933757 0 0.357906 -0.933757 
0 0.357906 -0.933757 0 0.357906 -0.933757 0 0.357906 -0.933757 
0 0.357906 -0.933757 0 0.357906 -0.933757 0 0.357906 -0.933757 
0 0.357906 -0.933757 0 0.357906 -0.933757 0 0.357906 -0.933757 
0 0.357906 -0.933757 0 0.357906 -0.933757 0 0.357906 -0.933757 
0 0.357906 -0.933757 0 0.357906 -0.933757 0 0.357906 -0.933757 
0 0.357906 -0.933757 0 0.357906 -0.933757 0 0.357906 -0.933757 
0 0.357906 -0.933757 0 0.357906 -0.933757 0 0.357906 -0.933757 
0 0.357906 -0.933757 0 0.357906 -0.933757 0 0.357906 -0.933757 
0 0.357906 -0.933757 0 0.357906 -0.933757 0 0.357906 -0.933757 
0 0.357906 -0.933757 0 0.357906 -0.933757 0 0.357906 -0.933757 
0 0.357906 -0.933757 0 0.357906 -0.933757 0 0.357906 -0.933757 
0 0.376412 -0.926452 0 0.376412 -0.926452 0 0.376412 -0.926452 
0 0.376412 -0.926452 0 0.376412 -0.926452 0 0.376412 -0.926452 
0 0.376412 -0.926452 0 0.376412 -0.926452 0 0.376412 -0.926452 
0 0.376412 -0.926452 0 0.376412 -0.926452 0 0.376412 -0.926452 
0 0.376412 -0.926452 0 0.376412 -0.926452 0 0.376412 -0.926452 
0 0.376412 -0.926452 0 0.376412 -0.926452 0 0.376412 -0.926452 
0 0.376412 -0.926452 0 0.376412 -0.926452 0 0.376412 -0.926452 
0 0.376412 -0.926452 0 0.376412 -0.926452 0 0.376412 -0.926452 
0 0.376412 -0.926452 0 0.376412 -0.926452 0 0.376412 -0.926452 
0 0.376412 -0.926452 0 0.376412 -0.926452 0 0.376412 -0.926452 
0 0.376412 -0.926452 0 0.376412 -0.926452 0 0.376412 -0.926452 
0 0.376412 -0.926452 0 0.376412 -0.926452 0 0.376412 -0.926452 
0 0.376412 -0.926452 0 0.376412 -0.926452 0 0.376412 -0.926452 
0 0.376412 -0.926452 0 0.376412 -0.926452 0 0.376412 -0.926452 
0 0.376412 -0.926452 0 0.376412 -0.926452 0 0.376412 -0.926452 
0 0.376412 -0.926452 0 0.376412 -0.926452 0 0.376412 -0.926452 
0 0.376412 -0.926452 0 0.376412 -0.926452 0 0.376412 -0.926452 
0 0.376412 -0.926452 0 0.376412 -0.926452 0 0.376412 -0.926452 
0 0.376412 -0.926452 0 0.376412 -0.926452 0 0.376412 -0.926452 
0 0.376412 -0.926452 0 0.376412 -0.926452 0 0.376412 -0.926452 
0 -0.487986 -0.872851 0 -0.487986 -0.872851 0 -0.513512 -0.858083 
0 -0.513512 -0.858083 0 -0.487986 -0.872851 0 -0.513512 -0.858083 
0 -0.487986 -0.872851 0 -0.513512 -0.858083 0 -0.487986 -0.872851 
0 -0.513512 -0.858083 0 -0.487986 -0.872851 0 -0.513512 -0.858083 
0 -0.487986 -0.872851 0 -0.513512 -0.858083 0 -0.487986 -0.872851 
0 -0.513512 -0.858083 0 -0.487986 -0.872851 0 -0.513512 -0.858083 
0 -0.487986 -0.872851 0 -0.513512 -0.858083 0 -0.487986 -0.872851 
0 -0.513512 -0.858083 0 -0.487986 -0.872851 0 -0.513512 -0.858083 
0 -0.487986 -0.872851 0 -0.513512 -0.858083 0 -0.487986 -0.872851 
0 -0.513512 -0.858083 0 -0.487986 -0.872851 0 -0.513512 -0.858083 
0 -0.487986 -0.872851 0 -0.513512 -0.858083 0 -0.487986 -0.872851 
0 -0.513512 -0.858083 0 -0.487986 -0.872851 0 -0.513512 -0.858083 
0 -0.487986 -0.872851 0 -0.513512 -0.858083 0 -0.487986 -0.872851 
0 -0.513512 -0.858083 0 -0.487986 -0.872851 0 -0.513512 -0.858083 
0 -0.487986 -0.872851 0 -0.513512 -0.858083 0 -0.487986 -0.872851 
0 -0.513512 -0.858083 0 -0.487986 -0.872851 0 -0.513512 -0.858083 
0 -0.487986 -0.872851 0 -0.513512 -0.858083 0 -0.487986 -0.872851 
0 -0.513512 -0.858083 0 -0.487986 -0.872851 0 -0.513512 -0.858083 
0 -0.487986 -0.872851 0 -0.513512 -0.858083 0 -0.487986 -0.872851 
0 -0.513512 -0.858083 0 -0.487986 -0.872851 0 -0.513512 -0.858083 
0 -0.487986 -0.872851 0 -0.513512 -0.858083 0 -0.487986 -0.872851 
0 -0.513512 -0.858083 0 -0.487986 -0.872851 0 -0.513512 -0.858083 
0 -0.487986 -0.872851 0 -0.513512 -0.858083 0 -0.487986 -0.872851 
0 -0.513512 -0.858083 0 -0.487986 -0.872851 0 -0.513512 -0.858083 
0 -0.487986 -0.872851 0 -0.513512 -0.858083 0 -0.487986 -0.872851 
0 -0.513512 -0.858083 0 -0.487986 -0.872851 0 -0.513512 -0.858083 
0 -0.487986 -0.872851 0 -0.513512 -0.858083 0 -0.487986 -0.872851 
0 -0.513512 -0.858083 0 -0.487986 -0.872851 0 -0.513512 -0.858083 
0 -0.487986 -0.872851 0 -0.513512 -0.858083 0 -0.487986 -0.872851 
0 -0.513512 -0.858083 0 -0.487986 -0.872851 0 -0.513512 -0.858083 
0 -0.487986 -0.872851 0 -0.513512 -0.858083 0 -0.487986 -0.872851 
0 -0.513512 -0.858083 0 -0.487986 -0.872851 0 -0.513512 -0.858083 
0 -0.487986 -0.872851 0 -0.513512 -0.858083 0 -0.487986 -0.872851 
0 -0.513512 -0.858083 0 -0.487986 -0.872851 0 -0.513512 -0.858083 
0 -0.487986 -0.872851 0 -0.513512 -0.858083 0 -0.487986 -0.872851 
0 -0.513512 -0.858083 0 -0.487986 -0.872851 0 -0.513512 -0.858083 
0 -0.487986 -0.872851 0 -0.513512 -0.858083 0 -0.487986 -0.872851 
0 -0.513512 -0.858083 0 -0.487986 -0.872851 0 -0.513512 -0.858083 
0 -0.487986 -0.872851 0 -0.513512 -0.858083 0 -0.487986 -0.872851 
0 -0.513512 -0.858083 0 -0.487986 -0.872851 0 -0.513512 -0.858083 
0 -0.422387 -0.906416 0 -0.422387 -0.906416 0 -0.422387 -0.906416 
0 -0.422387 -0.906416 0 -0.422387 -0.906416 0 -0.422387 -0.906416 
0 -0.422387 -0.906416 0 -0.422387 -0.906416 0 -0.422387 -0.906416 
0 -0.422387 -0.906416 0 -0.422387 -0.906416 0 -0.422387 -0.906416 
0 -0.422387 -0.906416 0 -0.422387 -0.906416 0 -0.422387 -0.906416 
0 -0.422387 -0.906416 0 -0.422387 -0.906416 0 -0.422387 -0.906416 
0 -0.422387 -0.906416 0 -0.422387 -0.906416 0 -0.422387 -0.906416 
0 -0.422387 -0.906416 0 -0.422387 -0.906416 0 -0.422387 -0.906416 
0 -0.422387 -0.906416 0 -0.422387 -0.906416 0 -0.422387 -0.906416 
0 -0.422387 -0.906416 0 -0.422387 -0.906416 0 -0.422387 -0.906416 
0 -0.422387 -0.906416 0 -0.422387 -0.906416 0 -0.422387 -0.906416 
0 -0.422387 -0.906416 0 -0.422387 -0.906416 0 -0.422387 -0.906416 
0 -0.422387 -0.906416 0 -0.422387 -0.906416 0 -0.422387 -0.906416 
0 -0.422387 -0.906416 0 -0.422387 -0.906416 0 -0.422387 -0.906416 
0 -0.422387 -0.906416 0 -0.422387 -0.906416 0 -0.422387 -0.906416 
0 -0.422387 -0.906416 0 -0.422387 -0.906416 0 -0.422387 -0.906416 
0 -0.422387 -0.906416 0 -0.422387 -0.906416 0 -0.422387 -0.906416 
0 -0.422387 -0.906416 0 -0.422387 -0.906416 0 -0.422387 -0.906416 
0 -0.422387 -0.906416 0 -0.422387 -0.906416 0 -0.422387 -0.906416 
0 -0.422387 -0.906416 0 -0.422387 -0.906416 0 -0.422387 -0.906416 
0 0.422387 -0.906416 0 0.422387 -0.906416 0 0.422387 -0.906416 
0 0.422387 -0.906416 0 0.422387 -0.906416 0 0.422387 -0.906416 
0 0.422387 -0.906416 0 0.422387 -0.906416 0 0.422387 -0.906416 
0 0.422387 -0.906416 0 0.422387 -0.906416 0 0.422387 -0.906416 
0 0.422387 -0.906416 0 0.422387 -0.906416 0 0.422387 -0.906416 
0 0.422387 -0.906416 0 0.422387 -0.906416 0 0.422387 -0.906416 
0 0.422387 -0.906416 0 0.422387 -0.906416 0 0.422387 -0.906416 
0 0.422387 -0.906416 0 0.422387 -0.906416 0 0.422387 -0.906416 
0 0.422387 -0.906416 0 0.422387 -0.906416 0 0.422387 -0.906416 
0 0.422387 -0.906416 0 0.422387 -0.906416 0 0.422387 -0.906416 
0 0.422387 -0.906416 0 0.422387 -0.906416 0 0.422387 -0.906416 
0 0.422387 -0.906416 0 0.422387 -0.906416 0 0.422387 -0.906416 
0 0.422387 -0.906416 0 0.422387 -0.906416 0 0.422387 -0.906416 
0 0.422387 -0.906416 0 0.422387 -0.906416 0 0.422387 -0.906416 
0 0.422387 -0.906416 0 0.422387 -0.906416 0 0.422387 -0.906416 
0 0.422387 -0.906416 0 0.422387 -0.906416 0 0.422387 -0.906416 
0 0.422387 -0.906416 0 0.422387 -0.906416 0 0.422387 -0.906416 
0 0.422387 -0.906416 0 0.422387 -0.906416 0 0.422387 -0.906416 
0 0.422387 -0.906416 0 0.422387 -0.906416 0 0.422387 -0.906416 
0 0.422387 -0.906416 0 0.422387 -0.906416 0 0.422387 -0.906416 
0 0.487986 -0.872851 0 0.487986 -0.872851 0 0.487986 -0.872851 
0 0.487986 -0.872851 0 0.487986 -0.872851 0 0.487986 -0.872851 
0 0.487986 -0.872851 0 0.487986 -0.872851 0 0.487986 -0.872851 
0 0.487986 -0.872851 0 0.487986 -0.872851 0 0.487986 -0.872851 
0 0.487986 -0.872851 0 0.487986 -0.872851 0 0.487986 -0.872851 
0 0.487986 -0.872851 0 0.487986 -0.872851 0 0.487986 -0.872851 
0 0.487986 -0.872851 0 0.487986 -0.872851 0 0.487986 -0.872851 
0 0.487986 -0.872851 0 0.487986 -0.872851 0 0.487986 -0.872851 
0 0.487986 -0.872851 0 0.487986 -0.872851 0 0.487986 -0.872851 
0 0.487986 -0.872851 0 0.487986 -0.872851 0 0.487986 -0.872851 
0 0.487986 -0.872851 0 0.487986 -0.872851 0 0.487986 -0.872851 
0 0.487986 -0.872851 0 0.487986 -0.872851 0 0.487986 -0.872851 
0 0.487986 -0.872851 0 0.487986 -0.872851 0 0.487986 -0.872851 
0 0.487986 -0.872851 0 0.487986 -0.872851 0 0.487986 -0.872851 
0 0.487986 -0.872851 0 0.487986 -0.872851 0 0.487986 -0.872851 
0 0.487986 -0.872851 0 0.487986 -0.872851 0 0.487986 -0.872851 
0 0.487986 -0.872851 0 0.487986 -0.872851 0 0.487986 -0.872851 
0 0.487986 -0.872851 0 0.487986 -0.872851 0 0.487986 -0.872851 
0 0.487986 -0.872851 0 0.487986 -0.872851 0 0.487986 -0.872851 
0 0.487986 -0.872851 0 0.487986 -0.872851 0 0.487986 -0.872851 
0 0.513512 -0.858083 0 0.513512 -0.858083 0 0.513512 -0.858083 
0 0.513512 -0.858083 0 0.513512 -0.858083 0 0.513512 -0.858083 
0 0.513512 -0.858083 0 0.513512 -0.858083 0 0.513512 -0.858083 
0 0.513512 -0.858083 0 0.513512 -0.858083 0 0.513512 -0.858083 
0 0.513512 -0.858083 0 0.513512 -0.858083 0 0.513512 -0.858083 
0 0.513512 -0.858083 0 0.513512 -0.858083 0 0.513512 -0.858083 
0 0.513512 -0.858083 0 0.513512 -0.858083 0 0.513512 -0.858083 
0 0.513512 -0.858083 0 0.513512 -0.858083 0 0.513512 -0.858083 
0 0.513512 -0.858083 0 0.513512 -0.858083 0 0.513512 -0.858083 
0 0.513512 -0.858083 0 0.513512 -0.858083 0 0.513512 -0.858083 
0 0.513512 -0.858083 0 0.513512 -0.858083 0 0.513512 -0.858083 
0 0.513512 -0.858083 0 0.513512 -0.858083 0 0.513512 -0.858083 
0 0.513512 -0.858083 0 0.513512 -0.858083 0 0.513512 -0.858083 
0 0.513512 -0.858083 0 0.513512 -0.858083 0 0.513512 -0.858083 
0 0.513512 -0.858083 0 0.513512 -0.858083 0 0.513512 -0.858083 
0 0.513512 -0.858083 0 0.513512 -0.858083 0 0.513512 -0.858083 
0 0.513512 -0.858083 0 0.513512 -0.858083 0 0.513512 -0.858083 
0 0.513512 -0.858083 0 0.513512 -0.858083 0 0.513512 -0.858083 
0 0.513512 -0.858083 0 0.513512 -0.858083 0 0.513512 -0.858083 
0 0.513512 -0.858083 0 0.513512 -0.858083 0 0.513512 -0.858083 
0 -0.549956 -0.835194 0 -0.549956 -0.835194 0 -0.608746 -0.793365 
0 -0.608746 -0.793365 0 -0.549956 -0.835194 0 -0.608746 -0.793365 
0 -0.549956 -0.835194 0 -0.608746 -0.793365 0 -0.549956 -0.835194 
0 -0.608746 -0.793365 0 -0.549956 -0.835194 0 -0.608746 -0.793365 
0 -0.549956 -0.835194 0 -0.608746 -0.793365 0 -0.549956 -0.835194 
0 -0.608746 -0.793365 0 -0.549956 -0.835194 0 -0.608746 -0.793365 
0 -0.549956 -0.835194 0 -0.608746 -0.793365 0 -0.549956 -0.835194 
0 -0.608746 -0.793365 0 -0.549956 -0.835194 0 -0.608746 -0.793365 
0 -0.549956 -0.835194 0 -0.608746 -0.793365 0 -0.549956 -0.835194 
0 -0.608746 -0.793365 0 -0.549956 -0.835194 0 -0.608746 -0.793365 
0 -0.549956 -0.835194 0 -0.608746 -0.793365 0 -0.549956 -0.835194 
0 -0.608746 -0.793365 0 -0.549956 -0.835194 0 -0.608746 -0.793365 
0 -0.549956 -0.835194 0 -0.608746 -0.793365 0 -0.549956 -0.835194 
0 -0.608746 -0.793365 0 -0.549956 -0.835194 0 -0.608746 -0.793365 
0 -0.549956 -0.835194 0 -0.608746 -0.793365 0 -0.549956 -0.835194 
0 -0.608746 -0.793365 0 -0.549956 -0.835194 0 -0.608746 -0.793365 
0 -0.549956 -0.835194 0 -0.608746 -0.793365 0 -0.549956 -0.835194 
0 -0.608746 -0.793365 0 -0.549956 -0.835194 0 -0.608746 -0.793365 
0 -0.549956 -0.835194 0 -0.608746 -0.793365 0 -0.549956 -0.835194 
0 -0.608746 -0.793365 0 -0.549956 -0.835194 0 -0.608746 -0.793365 
0 -0.549956 -0.835194 0 -0.608746 -0.793365 0 -0.549956 -0.835194 
0 -0.608746 -0.793365 0 -0.549956 -0.835194 0 -0.608746 -0.793365 
0 -0.549956 -0.835194 0 -0.608746 -0.793365 0 -0.549956 -0.835194 
0 -0.608746 -0.793365 0 -0.549956 -0.835194 0 -0.608746 -0.793365 
0 -0.549956 -0.835194 0 -0.608746 -0.793365 0 -0.549956 -0.835194 
0 -0.608746 -0.793365 0 -0.549956 -0.835194 0 -0.608746 -0.793365 
0 -0.549956 -0.835194 0 -0.608746 -0.793365 0 -0.549956 -0.835194 
0 -0.608746 -0.793365 0 -0.549956 -0.835194 0 -0.608746 -0.793365 
0 -0.549956 -0.835194 0 -0.608746 -0.793365 0 -0.549956 -0.835194 
0 -0.608746 -0.793365 0 -0.549956 -0.835194 0 -0.608746 -0.793365 
0 -0.549956 -0.835194 0 -0.608746 -0.793365 0 -0.549956 -0.835194 
0 -0.608746 -0.793365 0 -0.549956 -0.835194 0 -0.608746 -0.793365 
0 -0.549956 -0.835194 0 -0.608746 -0.793365 0 -0.549956 -0.835194 
0 -0.608746 -0.793365 0 -0.549956 -0.835194 0 -0.608746 -0.793365 
0 -0.549956 -0.835194 0 -0.608746 -0.793365 0 -0.549956 -0.835194 
0 -0.608746 -0.793365 0 -0.549956 -0.835194 0 -0.608746 -0.793365 
0 -0.549956 -0.835194 0 -0.608746 -0.793365 0 -0.549956 -0.835194 
0 -0.608746 -0.793365 0 -0.549956 -0.835194 0 -0.608746 -0.793365 
0 -0.549956 -0.835194 0 -0.608746 -0.793365 0 -0.549956 -0.835194 
0 -0.608746 -0.793365 0 -0.549956 -0.835194 0 -0.608746 -0.793365 
0 0.549956 -0.835194 0 0.549956 -0.835194 0 0.549956 -0.835194 
0 0.549956 -0.835194 0 0.549956 -0.835194 0 0.549956 -0.835194 
0 0.549956 -0.835194 0 0.549956 -0.835194 0 0.549956 -0.835194 
0 0.549956 -0.835194 0 0.549956 -0.835194 0 0.549956 -0.835194 
0 0.549956 -0.835194 0 0.549956 -0.835194 0 0.549956 -0.835194 
0 0.549956 -0.835194 0 0.549956 -0.835194 0 0.549956 -0.835194 
0 0.549956 -0.835194 0 0.549956 -0.835194 0 0.549956 -0.835194 
0 0.549956 -0.835194 0 0.549956 -0.835194 0 0.549956 -0.835194 
0 0.549956 -0.835194 0 0.549956 -0.835194 0 0.549956 -0.835194 
0 0.549956 -0.835194 0 0.549956 -0.835194 0 0.549956 -0.835194 
0 0.549956 -0.835194 0 0.549956 -0.835194 0 0.549956 -0.835194 
0 0.549956 -0.835194 0 0.549956 -0.835194 0 0.549956 -0.835194 
0 0.549956 -0.835194 0 0.549956 -0.835194 0 0.549956 -0.835194 
0 0.549956 -0.835194 0 0.549956 -0.835194 0 0.549956 -0.835194 
0 0.549956 -0.835194 0 0.549956 -0.835194 0 0.549956 -0.835194 
0 0.549956 -0.835194 0 0.549956 -0.835194 0 0.549956 -0.835194 
0 0.549956 -0.835194 0 0.549956 -0.835194 0 0.549956 -0.835194 
0 0.549956 -0.835194 0 0.549956 -0.835194 0 0.549956 -0.835194 
0 0.549956 -0.835194 0 0.549956 -0.835194 0 0.549956 -0.835194 
0 0.549956 -0.835194 0 0.549956 -0.835194 0 0.549956 -0.835194 
0 0.608746 -0.793365 0 0.608746 -0.793365 0 0.608746 -0.793365 
0 0.608746 -0.793365 0 0.608746 -0.793365 0 0.608746 -0.793365 
0 0.608746 -0.793365 0 0.608746 -0.793365 0 0.608746 -0.793365 
0 0.608746 -0.793365 0 0.608746 -0.793365 0 0.608746 -0.793365 
0 0.608746 -0.793365 0 0.608746 -0.793365 0 0.608746 -0.793365 
0 0.608746 -0.793365 0 0.608746 -0.793365 0 0.608746 -0.793365 
0 0.608746 -0.793365 0 0.608746 -0.793365 0 0.608746 -0.793365 
0 0.608746 -0.793365 0 0.608746 -0.793365 0 0.608746 -0.793365 
0 0.608746 -0.793365 0 0.608746 -0.793365 0 0.608746 -0.793365 
0 0.608746 -0.793365 0 0.608746 -0.793365 0 0.608746 -0.793365 
0 0.608746 -0.793365 0 0.608746 -0.793365 0 0.608746 -0.793365 
0 0.608746 -0.793365 0 0.608746 -0.793365 0 0.608746 -0.793365 
0 0.608746 -0.793365 0 0.608746 -0.793365 0 0.608746 -0.793365 
0 0.608746 -0.793365 0 0.608746 -0.793365 0 0.608746 -0.793365 
0 0.608746 -0.793365 0 0.608746 -0.793365 0 0.608746 -0.793365 
0 0.608746 -0.793365 0 0.608746 -0.793365 0 0.608746 -0.793365 
0 0.608746 -0.793365 0 0.608746 -0.793365 0 0.608746 -0.793365 
0 0.608746 -0.793365 0 0.608746 -0.793365 0 0.608746 -0.793365 
0 0.608746 -0.793365 0 0.608746 -0.793365 0 0.608746 -0.793365 
0 0.608746 -0.793365 0 0.608746 -0.793365 0 0.608746 -0.793365 
0 -0.672452 -0.740141 0 -0.672452 -0.740141 0 -0.680632 -0.732625 
0 -0.680632 -0.732625 0 -0.672452 -0.740141 0 -0.680632 -0.732625 
0 -0.672452 -0.740141 0 -0.680632 -0.732625 0 -0.672452 -0.740141 
0 -0.680632 -0.732625 0 -0.672452 -0.740141 0 -0.680632 -0.732625 
0 -0.672452 -0.740141 0 -0.680632 -0.732625 0 -0.672452 -0.740141 
0 -0.680632 -0.732625 0 -0.672452 -0.740141 0 -0.680632 -0.732625 
0 -0.672452 -0.740141 0 -0.680632 -0.732625 0 -0.672452 -0.740141 
0 -0.680632 -0.732625 0 -0.672452 -0.740141 0 -0.680632 -0.732625 
0 -0.672452 -0.740141 0 -0.680632 -0.732625 0 -0.672452 -0.740141 
0 -0.680632 -0.732625 0 -0.672452 -0.740141 0 -0.680632 -0.732625 
0 -0.672452 -0.740141 0 -0.680632 -0.732625 0 -0.672452 -0.740141 
0 -0.680632 -0.732625 0 -0.672452 -0.740141 0 -0.680632 -0.732625 
0 -0.672452 -0.740141 0 -0.680632 -0.732625 0 -0.672452 -0.740141 
0 -0.680632 -0.732625 0 -0.672452 -0.740141 0 -0.680632 -0.732625 
0 -0.672452 -0.740141 0 -0.680632 -0.732625 0 -0.672452 -0.740141 
0 -0.680632 -0.732625 0 -0.672452 -0.740141 0 -0.680632 -0.732625 
0 -0.672452 -0.740141 0 -0.680632 -0.732625 0 -0.672452 -0.740141 
0 -0.680632 -0.732625 0 -0.672452 -0.740141 0 -0.680632 -0.732625 
0 -0.672452 -0.740141 0 -0.680632 -0.732625 0 -0.672452 -0.740141 
0 -0.680632 -0.732625 0 -0.672452 -0.740141 0 -0.680632 -0.732625 
0 -0.672452 -0.740141 0 -0.680632 -0.732625 0 -0.672452 -0.740141 
0 -0.680632 -0.732625 0 -0.672452 -0.740141 0 -0.680632 -0.732625 
0 -0.672452 -0.740141 0 -0.680632 -0.732625 0 -0.672452 -0.740141 
0 -0.680632 -0.732625 0 -0.672452 -0.740141 0 -0.680632 -0.732625 
0 -0.672452 -0.740141 0 -0.680632 -0.732625 0 -0.672452 -0.740141 
0 -0.680632 -0.732625 0 -0.672452 -0.740141 0 -0.680632 -0.732625 
0 -0.672452 -0.740141 0 -0.680632 -0.732625 0 -0.672452 -0.740141 
0 -0.680632 -0.732625 0 -0.672452 -0.740141 0 -0.680632 -0.732625 
0 -0.672452 -0.740141 0 -0.680632 -0.732625 0 -0.672452 -0.740141 
0 -0.680632 -0.732625 0 -0.672452 -0.740141 0 -0.680632 -0.732625 
0 -0.672452 -0.740141 0 -0.680632 -0.732625 0 -0.672452 -0.740141 
0 -0.680632 -0.732625 0 -0.672452 -0.740141 0 -0.680632 -0.732625 
0 -0.672452 -0.740141 0 -0.680632 -0.732625 0 -0.672452 -0.740141 
0 -0.680632 -0.732625 0 -0.672452 -0.740141 0 -0.680632 -0.732625 
0 -0.672452 -0.740141 0 -0.680632 -0.732625 0 -0.672452 -0.740141 
0 -0.680632 -0.732625 0 -0.672452 -0.740141 0 -0.680632 -0.732625 
0 -0.672452 -0.740141 0 -0.680632 -0.732625 0 -0.672452 -0.740141 
0 -0.680632 -0.732625 0 -0.672452 -0.740141 0 -0.680632 -0.732625 
0 -0.672452 -0.740141 0 -0.680632 -0.732625 0 -0.672452 -0.740141 
0 -0.680632 -0.732625 0 -0.672452 -0.740141 0 -0.680632 -0.732625 
0 -0.612134 -0.790754 0 -0.612134 -0.790754 0 -0.612134 -0.790754 
0 -0.612134 -0.790754 0 -0.612134 -0.790754 0 -0.612134 -0.790754 
0 -0.612134 -0.790754 0 -0.612134 -0.790754 0 -0.612134 -0.790754 
0 -0.612134 -0.790754 0 -0.612134 -0.790754 0 -0.612134 -0.790754 
0 -0.612134 -0.790754 0 -0.612134 -0.790754 0 -0.612134 -0.790754 
0 -0.612134 -0.790754 0 -0.612134 -0.790754 0 -0.612134 -0.790754 
0 -0.612134 -0.790754 0 -0.612134 -0.790754 0 -0.612134 -0.790754 
0 -0.612134 -0.790754 0 -0.612134 -0.790754 0 -0.612134 -0.790754 
0 -0.612134 -0.790754 0 -0.612134 -0.790754 0 -0.612134 -0.790754 
0 -0.612134 -0.790754 0 -0.612134 -0.790754 0 -0.612134 -0.790754 
0 -0.612134 -0.790754 0 -0.612134 -0.790754 0 -0.612134 -0.790754 
0 -0.612134 -0.790754 0 -0.612134 -0.790754 0 -0.612134 -0.790754 
0 -0.612134 -0.790754 0 -0.612134 -0.790754 0 -0.612134 -0.790754 
0 -0.612134 -0.790754 0 -0.612134 -0.790754 0 -0.612134 -0.790754 
0 -0.612134 -0.790754 0 -0.612134 -0.790754 0 -0.612134 -0.790754 
0 -0.612134 -0.790754 0 -0.612134 -0.790754 0 -0.612134 -0.790754 
0 -0.612134 -0.790754 0 -0.612134 -0.790754 0 -0.612134 -0.790754 
0 -0.612134 -0.790754 0 -0.612134 -0.790754 0 -0.612134 -0.790754 
0 -0.612134 -0.790754 0 -0.612134 -0.790754 0 -0.612134 -0.790754 
0 -0.612134 -0.790754 0 -0.612134 -0.790754 0 -0.612134 -0.790754 
0 0.612134 -0.790754 0 0.612134 -0.790754 0 0.612134 -0.790754 
0 0.612134 -0.790754 0 0.612134 -0.790754 0 0.612134 -0.790754 
0 0.612134 -0.790754 0 0.612134 -0.790754 0 0.612134 -0.790754 
0 0.612134 -0.790754 0 0.612134 -0.790754 0 0.612134 -0.790754 
0 0.612134 -0.790754 0 0.612134 -0.790754 0 0.612134 -0.790754 
0 0.612134 -0.790754 0 0.612134 -0.790754 0 0.612134 -0.790754 
0 0.612134 -0.790754 0 0.612134 -0.790754 0 0.612134 -0.790754 
0 0.612134 -0.790754 0 0.612134 -0.790754 0 0.612134 -0.790754 
0 0.612134 -0.790754 0 0.612134 -0.790754 0 0.612134 -0.790754 
0 0.612134 -0.790754 0 0.612134 -0.790754 0 0.612134 -0.790754 
0 0.612134 -0.790754 0 0.612134 -0.790754 0 0.612134 -0.790754 
0 0.612134 -0.790754 0 0.612134 -0.790754 0 0.612134 -0.790754 
0 0.612134 -0.790754 0 0.612134 -0.790754 0 0.612134 -0.790754 
0 0.612134 -0.790754 0 0.612134 -0.790754 0 0.612134 -0.790754 
0 0.612134 -0.790754 0 0.612134 -0.790754 0 0.612134 -0.790754 
0 0.612134 -0.790754 0 0.612134 -0.790754 0 0.612134 -0.790754 
0 0.612134 -0.790754 0 0.612134 -0.790754 0 0.612134 -0.790754 
0 0.612134 -0.790754 0 0.612134 -0.790754 0 0.612134 -0.790754 
0 0.612134 -0.790754 0 0.612134 -0.790754 0 0.612134 -0.790754 
0 0.612134 -0.790754 0 0.612134 -0.790754 0 0.612134 -0.790754 
0 0.672452 -0.740141 0 0.672452 -0.740141 0 0.672452 -0.740141 
0 0.672452 -0.740141 0 0.672452 -0.740141 0 0.672452 -0.740141 
0 0.672452 -0.740141 0 0.672452 -0.740141 0 0.672452 -0.740141 
0 0.672452 -0.740141 0 0.672452 -0.740141 0 0.672452 -0.740141 
0 0.672452 -0.740141 0 0.672452 -0.740141 0 0.672452 -0.740141 
0 0.672452 -0.740141 0 0.672452 -0.740141 0 0.672452 -0.740141 
0 0.672452 -0.740141 0 0.672452 -0.740141 0 0.672452 -0.740141 
0 0.672452 -0.740141 0 0.672452 -0.740141 0 0.672452 -0.740141 
0 0.672452 -0.740141 0 0.672452 -0.740141 0 0.672452 -0.740141 
0 0.672452 -0.740141 0 0.672452 -0.740141 0 0.672452 -0.740141 
0 0.672452 -0.740141 0 0.672452 -0.740141 0 0.672452 -0.740141 
0 0.672452 -0.740141 0 0.672452 -0.740141 0 0.672452 -0.740141 
0 0.672452 -0.740141 0 0.672452 -0.740141 0 0.672452 -0.740141 
0 0.672452 -0.740141 0 0.672452 -0.740141 0 0.672452 -0.740141 
0 0.672452 -0.740141 0 0.672452 -0.740141 0 0.672452 -0.740141 
0 0.672452 -0.740141 0 0.672452 -0.740141 0 0.672452 -0.740141 
0 0.672452 -0.740141 0 0.672452 -0.740141 0 0.672452 -0.740141 
0 0.672452 -0.740141 0 0.672452 -0.740141 0 0.672452 -0.740141 
0 0.672452 -0.740141 0 0.672452 -0.740141 0 0.672452 -0.740141 
0 0.672452 -0.740141 0 0.672452 -0.740141 0 0.672452 -0.740141 
0 0.680632 -0.732625 0 0.680632 -0.732625 0 0.680632 -0.732625 
0 0.680632 -0.732625 0 0.680632 -0.732625 0 0.680632 -0.732625 
0 0.680632 -0.732625 0 0.680632 -0.732625 0 0.680632 -0.732625 
0 0.680632 -0.732625 0 0.680632 -0.732625 0 0.680632 -0.732625 
0 0.680632 -0.732625 0 0.680632 -0.732625 0 0.680632 -0.732625 
0 0.680632 -0.732625 0 0.680632 -0.732625 0 0.680632 -0.732625 
0 0.680632 -0.732625 0 0.680632 -0.732625 0 0.680632 -0.732625 
0 0.680632 -0.732625 0 0.680632 -0.732625 0 0.680632 -0.732625 
0 0.680632 -0.732625 0 0.680632 -0.732625 0 0.680632 -0.732625 
0 0.680632 -0.732625 0 0.680632 -0.732625 0 0.680632 -0.732625 
0 0.680632 -0.732625 0 0.680632 -0.732625 0 0.680632 -0.732625 
0 0.680632 -0.732625 0 0.680632 -0.732625 0 0.680632 -0.732625 
0 0.680632 -0.732625 0 0.680632 -0.732625 0 0.680632 -0.732625 
0 0.680632 -0.732625 0 0.680632 -0.732625 0 0.680632 -0.732625 
0 0.680632 -0.732625 0 0.680632 -0.732625 0 0.680632 -0.732625 
0 0.680632 -0.732625 0 0.680632 -0.732625 0 0.680632 -0.732625 
0 0.680632 -0.732625 0 0.680632 -0.732625 0 0.680632 -0.732625 
0 0.680632 -0.732625 0 0.680632 -0.732625 0 0.680632 -0.732625 
0 0.680632 -0.732625 0 0.680632 -0.732625 0 0.680632 -0.732625 
0 0.680632 -0.732625 0 0.680632 -0.732625 0 0.680632 -0.732625 
0 -0.732625 -0.680632 0 -0.732625 -0.680632 0 -0.740141 -0.672452 
0 -0.740141 -0.672452 0 -0.732625 -0.680632 0 -0.740141 -0.672452 
0 -0.732625 -0.680632 0 -0.740141 -0.672452 0 -0.732625 -0.680632 
0 -0.740141 -0.672452 0 -0.732625 -0.680632 0 -0.740141 -0.672452 
0 -0.732625 -0.680632 0 -0.740141 -0.672452 0 -0.732625 -0.680632 
0 -0.740141 -0.672452 0 -0.732625 -0.680632 0 -0.740141 -0.672452 
0 -0.732625 -0.680632 0 -0.740141 -0.672452 0 -0.732625 -0.680632 
0 -0.740141 -0.672452 0 -0.732625 -0.680632 0 -0.740141 -0.672452 
0 -0.732625 -0.680632 0 -0.740141 -0.672452 0 -0.732625 -0.680632 
0 -0.740141 -0.672452 0 -0.732625 -0.680632 0 -0.740141 -0.672452 
0 -0.732625 -0.680632 0 -0.740141 -0.672452 0 -0.732625 -0.680632 
0 -0.740141 -0.672452 0 -0.732625 -0.680632 0 -0.740141 -0.672452 
0 -0.732625 -0.680632 0 -0.740141 -0.672452 0 -0.732625 -0.680632 
0 -0.740141 -0.672452 0 -0.732625 -0.680632 0 -0.740141 -0.672452 
0 -0.732625 -0.680632 0 -0.740141 -0.672452 0 -0.732625 -0.680632 
0 -0.740141 -0.672452 0 -0.732625 -0.680632 0 -0.740141 -0.672452 
0 -0.732625 -0.680632 0 -0.740141 -0.672452 0 -0.732625 -0.680632 
0 -0.740141 -0.672452 0 -0.732625 -0.680632 0 -0.740141 -0.672452 
0 -0.732625 -0.680632 0 -0.740141 -0.672452 0 -0.732625 -0.680632 
0 -0.740141 -0.672452 0 -0.732625 -0.680632 0 -0.740141 -0.672452 
0 -0.732625 -0.680632 0 -0.740141 -0.672452 0 -0.732625 -0.680632 
0 -0.740141 -0.672452 0 -0.732625 -0.680632 0 -0.740141 -0.672452 
0 -0.732625 -0.680632 0 -0.740141 -0.672452 0 -0.732625 -0.680632 
0 -0.740141 -0.672452 0 -0.732625 -0.680632 0 -0.740141 -0.672452 
0 -0.732625 -0.680632 0 -0.740141 -0.672452 0 -0.732625 -0.680632 
0 -0.740141 -0.672452 0 -0.732625 -0.680632 0 -0.740141 -0.672452 
0 -0.732625 -0.680632 0 -0.740141 -0.672452 0 -0.732625 -0.680632 
0 -0.740141 -0.672452 0 -0.732625 -0.680632 0 -0.740141 -0.672452 
0 -0.732625 -0.680632 0 -0.740141 -0.672452 0 -0.732625 -0.680632 
0 -0.740141 -0.672452 0 -0.732625 -0.680632 0 -0.740141 -0.672452 
0 -0.732625 -0.680632 0 -0.740141 -0.672452 0 -0.732625 -0.680632 
0 -0.740141 -0.672452 0 -0.732625 -0.680632 0 -0.740141 -0.672452 
0 -0.732625 -0.680632 0 -0.740141 -0.672452 0 -0.732625 -0.680632 
0 -0.740141 -0.672452 0 -0.732625 -0.680632 0 -0.740141 -0.672452 
0 -0.732625 -0.680632 0 -0.740141 -0.672452 0 -0.732625 -0.680632 
0 -0.740141 -0.672452 0 -0.732625 -0.680632 0 -0.740141 -0.672452 
0 -0.732625 -0.680632 0 -0.740141 -0.672452 0 -0.732625 -0.680632 
0 -0.740141 -0.672452 0 -0.732625 -0.680632 0 -0.740141 -0.672452 
0 -0.732625 -0.680632 0 -0.740141 -0.672452 0 -0.732625 -0.680632 
0 -0.740141 -0.672452 0 -0.732625 -0.680632 0 -0.740141 -0.672452 
0 0.732625 -0.680632 0 0.732625 -0.680632 0 0.732625 -0.680632 
0 0.732625 -0.680632 0 0.732625 -0.680632 0 0.732625 -0.680632 
0 0.732625 -0.680632 0 0.732625 -0.680632 0 0.732625 -0.680632 
0 0.732625 -0.680632 0 0.732625 -0.680632 0 0.732625 -0.680632 
0 0.732625 -0.680632 0 0.732625 -0.680632 0 0.732625 -0.680632 
0 0.732625 -0.680632 0 0.732625 -0.680632 0 0.732625 -0.680632 
0 0.732625 -0.680632 0 0.732625 -0.680632 0 0.732625 -0.680632 
0 0.732625 -0.680632 0 0.732625 -0.680632 0 0.732625 -0.680632 
0 0.732625 -0.680632 0 0.732625 -0.680632 0 0.732625 -0.680632 
0 0.732625 -0.680632 0 0.732625 -0.680632 0 0.732625 -0.680632 
0 0.732625 -0.680632 0 0.732625 -0.680632 0 0.732625 -0.680632 
0 0.732625 -0.680632 0 0.732625 -0.680632 0 0.732625 -0.680632 
0 0.732625 -0.680632 0 0.732625 -0.680632 0 0.732625 -0.680632 
0 0.732625 -0.680632 0 0.732625 -0.680632 0 0.732625 -0.680632 
0 0.732625 -0.680632 0 0.732625 -0.680632 0 0.732625 -0.680632 
0 0.732625 -0.680632 0 0.732625 -0.680632 0 0.732625 -0.680632 
0 0.732625 -0.680632 0 0.732625 -0.680632 0 0.732625 -0.680632 
0 0.732625 -0.680632 0 0.732625 -0.680632 0 0.732625 -0.680632 
0 0.732625 -0.680632 0 0.732625 -0.680632 0 0.732625 -0.680632 
0 0.732625 -0.680632 0 0.732625 -0.680632 0 0.732625 -0.680632 
0 0.740141 -0.672452 0 0.740141 -0.672452 0 0.740141 -0.672452 
0 0.740141 -0.672452 0 0.740141 -0.672452 0 0.740141 -0.672452 
0 0.740141 -0.672452 0 0.740141 -0.672452 0 0.740141 -0.672452 
0 0.740141 -0.672452 0 0.740141 -0.672452 0 0.740141 -0.672452 
0 0.740141 -0.672452 0 0.740141 -0.672452 0 0.740141 -0.672452 
0 0.740141 -0.672452 0 0.740141 -0.672452 0 0.740141 -0.672452 
0 0.740141 -0.672452 0 0.740141 -0.672452 0 0.740141 -0.672452 
0 0.740141 -0.672452 0 0.740141 -0.672452 0 0.740141 -0.672452 
0 0.740141 -0.672452 0 0.740141 -0.672452 0 0.740141 -0.672452 
0 0.740141 -0.672452 0 0.740141 -0.672452 0 0.740141 -0.672452 
0 0.740141 -0.672452 0 0.740141 -0.672452 0 0.740141 -0.672452 
0 0.740141 -0.672452 0 0.740141 -0.672452 0 0.740141 -0.672452 
0 0.740141 -0.672452 0 0.740141 -0.672452 0 0.740141 -0.672452 
0 0.740141 -0.672452 0 0.740141 -0.672452 0 0.740141 -0.672452 
0 0.740141 -0.672452 0 0.740141 -0.672452 0 0.740141 -0.672452 
0 0.740141 -0.672452 0 0.740141 -0.672452 0 0.740141 -0.672452 
0 0.740141 -0.672452 0 0.740141 -0.672452 0 0.740141 -0.672452 
0 0.740141 -0.672452 0 0.740141 -0.672452 0 0.740141 -0.672452 
0 0.740141 -0.672452 0 0.740141 -0.672452 0 0.740141 -0.672452 
0 0.740141 -0.672452 0 0.740141 -0.672452 0 0.740141 -0.672452 
0 -0.790754 -0.612134 0 -0.790754 -0.612134 0 -0.790754 -0.612134 
0 -0.790754 -0.612134 0 -0.790754 -0.612134 0 -0.790754 -0.612134 
0 -0.790754 -0.612134 0 -0.790754 -0.612134 0 -0.790754 -0.612134 
0 -0.790754 -0.612134 0 -0.790754 -0.612134 0 -0.790754 -0.612134 
0 -0.790754 -0.612134 0 -0.790754 -0.612134 0 -0.790754 -0.612134 
0 -0.790754 -0.612134 0 -0.790754 -0.612134 0 -0.790754 -0.612134 
0 -0.790754 -0.612134 0 -0.790754 -0.612134 0 -0.790754 -0.612134 
0 -0.790754 -0.612134 0 -0.790754 -0.612134 0 -0.790754 -0.612134 
0 -0.790754 -0.612134 0 -0.790754 -0.612134 0 -0.790754 -0.612134 
0 -0.790754 -0.612134 0 -0.790754 -0.612134 0 -0.790754 -0.612134 
0 -0.790754 -0.612134 0 -0.790754 -0.612134 0 -0.790754 -0.612134 
0 -0.790754 -0.612134 0 -0.790754 -0.612134 0 -0.790754 -0.612134 
0 -0.790754 -0.612134 0 -0.790754 -0.612134 0 -0.790754 -0.612134 
0 -0.790754 -0.612134 0 -0.790754 -0.612134 0 -0.790754 -0.612134 
0 -0.790754 -0.612134 0 -0.790754 -0.612134 0 -0.790754 -0.612134 
0 -0.790754 -0.612134 0 -0.790754 -0.612134 0 -0.790754 -0.612134 
0 -0.790754 -0.612134 0 -0.790754 -0.612134 0 -0.790754 -0.612134 
0 -0.790754 -0.612134 0 -0.790754 -0.612134 0 -0.790754 -0.612134 
0 -0.790754 -0.612134 0 -0.790754 -0.612134 0 -0.790754 -0.612134 
0 -0.790754 -0.612134 0 -0.790754 -0.612134 0 -0.790754 -0.612134 
0 0.790754 -0.612134 0 0.790754 -0.612134 0 0.790754 -0.612134 
0 0.790754 -0.612134 0 0.790754 -0.612134 0 0.790754 -0.612134 
0 0.790754 -0.612134 0 0.790754 -0.612134 0 0.790754 -0.612134 
0 0.790754 -0.612134 0 0.790754 -0.612134 0 0.790754 -0.612134 
0 0.790754 -0.612134 0 0.790754 -0.612134 0 0.790754 -0.612134 
0 0.790754 -0.612134 0 0.790754 -0.612134 0 0.790754 -0.612134 
0 0.790754 -0.612134 0 0.790754 -0.612134 0 0.790754 -0.612134 
0 0.790754 -0.612134 0 0.790754 -0.612134 0 0.790754 -0.612134 
0 0.790754 -0.612134 0 0.790754 -0.612134 0 0.790754 -0.612134 
0 0.790754 -0.612134 0 0.790754 -0.612134 0 0.790754 -0.612134 
0 0.790754 -0.612134 0 0.790754 -0.612134 0 0.790754 -0.612134 
0 0.790754 -0.612134 0 0.790754 -0.612134 0 0.790754 -0.612134 
0 0.790754 -0.612134 0 0.790754 -0.612134 0 0.790754 -0.612134 
0 0.790754 -0.612134 0 0.790754 -0.612134 0 0.790754 -0.612134 
0 0.790754 -0.612134 0 0.790754 -0.612134 0 0.790754 -0.612134 
0 0.790754 -0.612134 0 0.790754 -0.612134 0 0.790754 -0.612134 
0 0.790754 -0.612134 0 0.790754 -0.612134 0 0.790754 -0.612134 
0 0.790754 -0.612134 0 0.790754 -0.612134 0 0.790754 -0.612134 
0 0.790754 -0.612134 0 0.790754 -0.612134 0 0.790754 -0.612134 
0 0.790754 -0.612134 0 0.790754 -0.612134 0 0.790754 -0.612134 
0 -0.793365 -0.608746 0 -0.793365 -0.608746 0 -0.835194 -0.549956 
0 -0.835194 -0.549956 0 -0.793365 -0.608746 0 -0.835194 -0.549956 
0 -0.793365 -0.608746 0 -0.835194 -0.549956 0 -0.793365 -0.608746 
0 -0.835194 -0.549956 0 -0.793365 -0.608746 0 -0.835194 -0.549956 
0 -0.793365 -0.608746 0 -0.835194 -0.549956 0 -0.793365 -0.608746 
0 -0.835194 -0.549956 0 -0.793365 -0.608746 0 -0.835194 -0.549956 
0 -0.793365 -0.608746 0 -0.835194 -0.549956 0 -0.793365 -0.608746 
0 -0.835194 -0.549956 0 -0.793365 -0.608746 0 -0.835194 -0.549956 
0 -0.793365 -0.608746 0 -0.835194 -0.549956 0 -0.793365 -0.608746 
0 -0.835194 -0.549956 0 -0.793365 -0.608746 0 -0.835194 -0.549956 
0 -0.793365 -0.608746 0 -0.835194 -0.549956 0 -0.793365 -0.608746 
0 -0.835194 -0.549956 0 -0.793365 -0.608746 0 -0.835194 -0.549956 
0 -0.793365 -0.608746 0 -0.835194 -0.549956 0 -0.793365 -0.608746 
0 -0.835194 -0.549956 0 -0.793365 -0.608746 0 -0.835194 -0.549956 
0 -0.793365 -0.608746 0 -0.835194 -0.549956 0 -0.793365 -0.608746 
0 -0.835194 -0.549956 0 -0.793365 -0.608746 0 -0.835194 -0.549956 
0 -0.793365 -0.608746 0 -0.835194 -0.549956 0 -0.793365 -0.608746 
0 -0.835194 -0.549956 0 -0.793365 -0.608746 0 -0.835194 -0.549956 
0 -0.793365 -0.608746 0 -0.835194 -0.549956 0 -0.793365 -0.608746 
0 -0.835194 -0.549956 0 -0.793365 -0.608746 0 -0.835194 -0.549956 
0 -0.793365 -0.608746 0 -0.835194 -0.549956 0 -0.793365 -0.608746 
0 -0.835194 -0.549956 0 -0.793365 -0.608746 0 -0.835194 -0.549956 
0 -0.793365 -0.608746 0 -0.835194 -0.549956 0 -0.793365 -0.608746 
0 -0.835194 -0.549956 0 -0.793365 -0.608746 0 -0.835194 -0.549956 
0 -0.793365 -0.608746 0 -0.835194 -0.549956 0 -0.793365 -0.608746 
0 -0.835194 -0.549956 0 -0.793365 -0.608746 0 -0.835194 -0.549956 
0 -0.793365 -0.608746 0 -0.835194 -0.549956 0 -0.793365 -0.608746 
0 -0.835194 -0.549956 0 -0.793365 -0.608746 0 -0.835194 -0.549956 
0 -0.793365 -0.608746 0 -0.835194 -0.549956 0 -0.793365 -0.608746 
0 -0.835194 -0.549956 0 -0.793365 -0.608746 0 -0.835194 -0.549956 
0 -0.793365 -0.608746 0 -0.835194 -0.549956 0 -0.793365 -0.608746 
0 -0.835194 -0.549956 0 -0.793365 -0.608746 0 -0.835194 -0.549956 
0 -0.793365 -0.608746 0 -0.835194 -0.549956 0 -0.793365 -0.608746 
0 -0.835194 -0.549956 0 -0.793365 -0.608746 0 -0.835194 -0.549956 
0 -0.793365 -0.608746 0 -0.835194 -0.549956 0 -0.793365 -0.608746 
0 -0.835194 -0.549956 0 -0.793365 -0.608746 0 -0.835194 -0.549956 
0 -0.793365 -0.608746 0 -0.835194 -0.549956 0 -0.793365 -0.608746 
0 -0.835194 -0.549956 0 -0.793365 -0.608746 0 -0.835194 -0.549956 
0 -0.793365 -0.608746 0 -0.835194 -0.549956 0 -0.793365 -0.608746 
0 -0.835194 -0.549956 0 -0.793365 -0.608746 0 -0.835194 -0.549956 
0 0.793365 -0.608746 0 0.793365 -0.608746 0 0.793365 -0.608746 
0 0.793365 -0.608746 0 0.793365 -0.608746 0 0.793365 -0.608746 
0 0.793365 -0.608746 0 0.793365 -0.608746 0 0.793365 -0.608746 
0 0.793365 -0.608746 0 0.793365 -0.608746 0 0.793365 -0.608746 
0 0.793365 -0.608746 0 0.793365 -0.608746 0 0.793365 -0.608746 
0 0.793365 -0.608746 0 0.793365 -0.608746 0 0.793365 -0.608746 
0 0.793365 -0.608746 0 0.793365 -0.608746 0 0.793365 -0.608746 
0 0.793365 -0.608746 0 0.793365 -0.608746 0 0.793365 -0.608746 
0 0.793365 -0.608746 0 0.793365 -0.608746 0 0.793365 -0.608746 
0 0.793365 -0.608746 0 0.793365 -0.608746 0 0.793365 -0.608746 
0 0.793365 -0.608746 0 0.793365 -0.608746 0 0.793365 -0.608746 
0 0.793365 -0.608746 0 0.793365 -0.608746 0 0.793365 -0.608746 
0 0.793365 -0.608746 0 0.793365 -0.608746 0 0.793365 -0.608746 
0 0.793365 -0.608746 0 0.793365 -0.608746 0 0.793365 -0.608746 
0 0.793365 -0.608746 0 0.793365 -0.608746 0 0.793365 -0.608746 
0 0.793365 -0.608746 0 0.793365 -0.608746 0 0.793365 -0.608746 
0 0.793365 -0.608746 0 0.793365 -0.608746 0 0.793365 -0.608746 
0 0.793365 -0.608746 0 0.793365 -0.608746 0 0.793365 -0.608746 
0 0.793365 -0.608746 0 0.793365 -0.608746 0 0.793365 -0.608746 
0 0.793365 -0.608746 0 0.793365 -0.608746 0 0.793365 -0.608746 
0 0.835194 -0.549956 0 0.835194 -0.549956 0 0.835194 -0.549956 
0 0.835194 -0.549956 0 0.835194 -0.549956 0 0.835194 -0.549956 
0 0.835194 -0.549956 0 0.835194 -0.549956 0 0.835194 -0.549956 
0 0.835194 -0.549956 0 0.835194 -0.549956 0 0.835194 -0.549956 
0 0.835194 -0.549956 0 0.835194 -0.549956 0 0.835194 -0.549956 
0 0.835194 -0.549956 0 0.835194 -0.549956 0 0.835194 -0.549956 
0 0.835194 -0.549956 0 0.835194 -0.549956 0 0.835194 -0.549956 
0 0.835194 -0.549956 0 0.835194 -0.549956 0 0.835194 -0.549956 
0 0.835194 -0.549956 0 0.835194 -0.549956 0 0.835194 -0.549956 
0 0.835194 -0.549956 0 0.835194 -0.549956 0 0.835194 -0.549956 
0 0.835194 -0.549956 0 0.835194 -0.549956 0 0.835194 -0.549956 
0 0.835194 -0.549956 0 0.835194 -0.549956 0 0.835194 -0.549956 
0 0.835194 -0.549956 0 0.835194 -0.549956 0 0.835194 -0.549956 
0 0.835194 -0.549956 0 0.835194 -0.549956 0 0.835194 -0.549956 
0 0.835194 -0.549956 0 0.835194 -0.549956 0 0.835194 -0.549956 
0 0.835194 -0.549956 0 0.835194 -0.549956 0 0.835194 -0.549956 
0 0.835194 -0.549956 0 0.835194 -0.549956 0 0.835194 -0.549956 
0 0.835194 -0.549956 0 0.835194 -0.549956 0 0.835194 -0.549956 
0 0.835194 -0.549956 0 0.835194 -0.549956 0 0.835194 -0.549956 
0 0.835194 -0.549956 0 0.835194 -0.549956 0 0.835194 -0.549956 
0 -0.858083 -0.513512 0 -0.858083 -0.513512 0 -0.872851 -0.487986 
0 -0.872851 -0.487986 0 -0.858083 -0.513512 0 -0.872851 -0.487986 
0 -0.858083 -0.513512 0 -0.872851 -0.487986 0 -0.858083 -0.513512 
0 -0.872851 -0.487986 0 -0.858083 -0.513512 0 -0.872851 -0.487986 
0 -0.858083 -0.513512 0 -0.872851 -0.487986 0 -0.858083 -0.513512 
0 -0.872851 -0.487986 0 -0.858083 -0.513512 0 -0.872851 -0.487986 
0 -0.858083 -0.513512 0 -0.872851 -0.487986 0 -0.858083 -0.513512 
0 -0.872851 -0.487986 0 -0.858083 -0.513512 0 -0.872851 -0.487986 
0 -0.858083 -0.513512 0 -0.872851 -0.487986 0 -0.858083 -0.513512 
0 -0.872851 -0.487986 0 -0.858083 -0.513512 0 -0.872851 -0.487986 
0 -0.858083 -0.513512 0 -0.872851 -0.487986 0 -0.858083 -0.513512 
0 -0.872851 -0.487986 0 -0.858083 -0.513512 0 -0.872851 -0.487986 
0 -0.858083 -0.513512 0 -0.872851 -0.487986 0 -0.858083 -0.513512 
0 -0.872851 -0.487986 0 -0.858083 -0.513512 0 -0.872851 -0.487986 
0 -0.858083 -0.513512 0 -0.872851 -0.487986 0 -0.858083 -0.513512 
0 -0.872851 -0.487986 0 -0.858083 -0.513512 0 -0.872851 -0.487986 
0 -0.858083 -0.513512 0 -0.872851 -0.487986 0 -0.858083 -0.513512 
0 -0.872851 -0.487986 0 -0.858083 -0.513512 0 -0.872851 -0.487986 
0 -0.858083 -0.513512 0 -0.872851 -0.487986 0 -0.858083 -0.513512 
0 -0.872851 -0.487986 0 -0.858083 -0.513512 0 -0.872851 -0.487986 
0 -0.858083 -0.513512 0 -0.872851 -0.487986 0 -0.858083 -0.513512 
0 -0.872851 -0.487986 0 -0.858083 -0.513512 0 -0.872851 -0.487986 
0 -0.858083 -0.513512 0 -0.872851 -0.487986 0 -0.858083 -0.513512 
0 -0.872851 -0.487986 0 -0.858083 -0.513512 0 -0.872851 -0.487986 
0 -0.858083 -0.513512 0 -0.872851 -0.487986 0 -0.858083 -0.513512 
0 -0.872851 -0.487986 0 -0.858083 -0.513512 0 -0.872851 -0.487986 
0 -0.858083 -0.513512 0 -0.872851 -0.487986 0 -0.858083 -0.513512 
0 -0.872851 -0.487986 0 -0.858083 -0.513512 0 -0.872851 -0.487986 
0 -0.858083 -0.513512 0 -0.872851 -0.487986 0 -0.858083 -0.513512 
0 -0.872851 -0.487986 0 -0.858083 -0.513512 0 -0.872851 -0.487986 
0 -0.858083 -0.513512 0 -0.872851 -0.487986 0 -0.858083 -0.513512 
0 -0.872851 -0.487986 0 -0.858083 -0.513512 0 -0.872851 -0.487986 
0 -0.858083 -0.513512 0 -0.872851 -0.487986 0 -0.858083 -0.513512 
0 -0.872851 -0.487986 0 -0.858083 -0.513512 0 -0.872851 -0.487986 
0 -0.858083 -0.513512 0 -0.872851 -0.487986 0 -0.858083 -0.513512 
0 -0.872851 -0.487986 0 -0.858083 -0.513512 0 -0.872851 -0.487986 
0 -0.858083 -0.513512 0 -0.872851 -0.487986 0 -0.858083 -0.513512 
0 -0.872851 -0.487986 0 -0.858083 -0.513512 0 -0.872851 -0.487986 
0 -0.858083 -0.513512 0 -0.872851 -0.487986 0 -0.858083 -0.513512 
0 -0.872851 -0.487986 0 -0.858083 -0.513512 0 -0.872851 -0.487986 
0 0.858083 -0.513512 0 0.858083 -0.513512 0 0.858083 -0.513512 
0 0.858083 -0.513512 0 0.858083 -0.513512 0 0.858083 -0.513512 
0 0.858083 -0.513512 0 0.858083 -0.513512 0 0.858083 -0.513512 
0 0.858083 -0.513512 0 0.858083 -0.513512 0 0.858083 -0.513512 
0 0.858083 -0.513512 0 0.858083 -0.513512 0 0.858083 -0.513512 
0 0.858083 -0.513512 0 0.858083 -0.513512 0 0.858083 -0.513512 
0 0.858083 -0.513512 0 0.858083 -0.513512 0 0.858083 -0.513512 
0 0.858083 -0.513512 0 0.858083 -0.513512 0 0.858083 -0.513512 
0 0.858083 -0.513512 0 0.858083 -0.513512 0 0.858083 -0.513512 
0 0.858083 -0.513512 0 0.858083 -0.513512 0 0.858083 -0.513512 
0 0.858083 -0.513512 0 0.858083 -0.513512 0 0.858083 -0.513512 
0 0.858083 -0.513512 0 0.858083 -0.513512 0 0.858083 -0.513512 
0 0.858083 -0.513512 0 0.858083 -0.513512 0 0.858083 -0.513512 
0 0.858083 -0.513512 0 0.858083 -0.513512 0 0.858083 -0.513512 
0 0.858083 -0.513512 0 0.858083 -0.513512 0 0.858083 -0.513512 
0 0.858083 -0.513512 0 0.858083 -0.513512 0 0.858083 -0.513512 
0 0.858083 -0.513512 0 0.858083 -0.513512 0 0.858083 -0.513512 
0 0.858083 -0.513512 0 0.858083 -0.513512 0 0.858083 -0.513512 
0 0.858083 -0.513512 0 0.858083 -0.513512 0 0.858083 -0.513512 
0 0.858083 -0.513512 0 0.858083 -0.513512 0 0.858083 -0.513512 
0 0.872851 -0.487986 0 0.872851 -0.487986 0 0.872851 -0.487986 
0 0.872851 -0.487986 0 0.872851 -0.487986 0 0.872851 -0.487986 
0 0.872851 -0.487986 0 0.872851 -0.487986 0 0.872851 -0.487986 
0 0.872851 -0.487986 0 0.872851 -0.487986 0 0.872851 -0.487986 
0 0.872851 -0.487986 0 0.872851 -0.487986 0 0.872851 -0.487986 
0 0.872851 -0.487986 0 0.872851 -0.487986 0 0.872851 -0.487986 
0 0.872851 -0.487986 0 0.872851 -0.487986 0 0.872851 -0.487986 
0 0.872851 -0.487986 0 0.872851 -0.487986 0 0.872851 -0.487986 
0 0.872851 -0.487986 0 0.872851 -0.487986 0 0.872851 -0.487986 
0 0.872851 -0.487986 0 0.872851 -0.487986 0 0.872851 -0.487986 
0 0.872851 -0.487986 0 0.872851 -0.487986 0 0.872851 -0.487986 
0 0.872851 -0.487986 0 0.872851 -0.487986 0 0.872851 -0.487986 
0 0.872851 -0.487986 0 0.872851 -0.487986 0 0.872851 -0.487986 
0 0.872851 -0.487986 0 0.872851 -0.487986 0 0.872851 -0.487986 
0 0.872851 -0.487986 0 0.872851 -0.487986 0 0.872851 -0.487986 
0 0.872851 -0.487986 0 0.872851 -0.487986 0 0.872851 -0.487986 
0 0.872851 -0.487986 0 0.872851 -0.487986 0 0.872851 -0.487986 
0 0.872851 -0.487986 0 0.872851 -0.487986 0 0.872851 -0.487986 
0 0.872851 -0.487986 0 0.872851 -0.487986 0 0.872851 -0.487986 
0 0.872851 -0.487986 0 0.872851 -0.487986 0 0.872851 -0.487986 
0 -0.906416 -0.422387 0 -0.906416 -0.422387 0 -0.906416 -0.422387 
0 -0.906416 -0.422387 0 -0.906416 -0.422387 0 -0.906416 -0.422387 
0 -0.906416 -0.422387 0 -0.906416 -0.422387 0 -0.906416 -0.422387 
0 -0.906416 -0.422387 0 -0.906416 -0.422387 0 -0.906416 -0.422387 
0 -0.906416 -0.422387 0 -0.906416 -0.422387 0 -0.906416 -0.422387 
0 -0.906416 -0.422387 0 -0.906416 -0.422387 0 -0.906416 -0.422387 
0 -0.906416 -0.422387 0 -0.906416 -0.422387 0 -0.906416 -0.422387 
0 -0.906416 -0.422387 0 -0.906416 -0.422387 0 -0.906416 -0.422387 
0 -0.906416 -0.422387 0 -0.906416 -0.422387 0 -0.906416 -0.422387 
0 -0.906416 -0.422387 0 -0.906416 -0.422387 0 -0.906416 -0.422387 
0 -0.906416 -0.422387 0 -0.906416 -0.422387 0 -0.906416 -0.422387 
0 -0.906416 -0.422387 0 -0.906416 -0.422387 0 -0.906416 -0.422387 
0 -0.906416 -0.422387 0 -0.906416 -0.422387 0 -0.906416 -0.422387 
0 -0.906416 -0.422387 0 -0.906416 -0.422387 0 -0.906416 -0.422387 
0 -0.906416 -0.422387 0 -0.906416 -0.422387 0 -0.906416 -0.422387 
0 -0.906416 -0.422387 0 -0.906416 -0.422387 0 -0.906416 -0.422387 
0 -0.906416 -0.422387 0 -0.906416 -0.422387 0 -0.906416 -0.422387 
0 -0.906416 -0.422387 0 -0.906416 -0.422387 0 -0.906416 -0.422387 
0 -0.906416 -0.422387 0 -0.906416 -0.422387 0 -0.906416 -0.422387 
0 -0.906416 -0.422387 0 -0.906416 -0.422387 0 -0.906416 -0.422387 
0 0.906416 -0.422387 0 0.906416 -0.422387 0 0.906416 -0.422387 
0 0.906416 -0.422387 0 0.906416 -0.422387 0 0.906416 -0.422387 
0 0.906416 -0.422387 0 0.906416 -0.422387 0 0.906416 -0.422387 
0 0.906416 -0.422387 0 0.906416 -0.422387 0 0.906416 -0.422387 
0 0.906416 -0.422387 0 0.906416 -0.422387 0 0.906416 -0.422387 
0 0.906416 -0.422387 0 0.906416 -0.422387 0 0.906416 -0.422387 
0 0.906416 -0.422387 0 0.906416 -0.422387 0 0.906416 -0.422387 
0 0.906416 -0.422387 0 0.906416 -0.422387 0 0.906416 -0.422387 
0 0.906416 -0.422387 0 0.906416 -0.422387 0 0.906416 -0.422387 
0 0.906416 -0.422387 0 0.906416 -0.422387 0 0.906416 -0.422387 
0 0.906416 -0.422387 0 0.906416 -0.422387 0 0.906416 -0.422387 
0 0.906416 -0.422387 0 0.906416 -0.422387 0 0.906416 -0.422387 
0 0.906416 -0.422387 0 0.906416 -0.422387 0 0.906416 -0.422387 
0 0.906416 -0.422387 0 0.906416 -0.422387 0 0.906416 -0.422387 
0 0.906416 -0.422387 0 0.906416 -0.422387 0 0.906416 -0.422387 
0 0.906416 -0.422387 0 0.906416 -0.422387 0 0.906416 -0.422387 
0 0.906416 -0.422387 0 0.906416 -0.422387 0 0.906416 -0.422387 
0 0.906416 -0.422387 0 0.906416 -0.422387 0 0.906416 -0.422387 
0 0.906416 -0.422387 0 0.906416 -0.422387 0 0.906416 -0.422387 
0 0.906416 -0.422387 0 0.906416 -0.422387 0 0.906416 -0.422387 
0 -0.926452 -0.376412 0 -0.926452 -0.376412 0 -0.933757 -0.357906 
0 -0.933757 -0.357906 0 -0.926452 -0.376412 0 -0.933757 -0.357906 
0 -0.926452 -0.376412 0 -0.933757 -0.357906 0 -0.926452 -0.376412 
0 -0.933757 -0.357906 0 -0.926452 -0.376412 0 -0.933757 -0.357906 
0 -0.926452 -0.376412 0 -0.933757 -0.357906 0 -0.926452 -0.376412 
0 -0.933757 -0.357906 0 -0.926452 -0.376412 0 -0.933757 -0.357906 
0 -0.926452 -0.376412 0 -0.933757 -0.357906 0 -0.926452 -0.376412 
0 -0.933757 -0.357906 0 -0.926452 -0.376412 0 -0.933757 -0.357906 
0 -0.926452 -0.376412 0 -0.933757 -0.357906 0 -0.926452 -0.376412 
0 -0.933757 -0.357906 0 -0.926452 -0.376412 0 -0.933757 -0.357906 
0 -0.926452 -0.376412 0 -0.933757 -0.357906 0 -0.926452 -0.376412 
0 -0.933757 -0.357906 0 -0.926452 -0.376412 0 -0.933757 -0.357906 
0 -0.926452 -0.376412 0 -0.933757 -0.357906 0 -0.926452 -0.376412 
0 -0.933757 -0.357906 0 -0.926452 -0.376412 0 -0.933757 -0.357906 
0 -0.926452 -0.376412 0 -0.933757 -0.357906 0 -0.926452 -0.376412 
0 -0.933757 -0.357906 0 -0.926452 -0.376412 0 -0.933757 -0.357906 
0 -0.926452 -0.376412 0 -0.933757 -0.357906 0 -0.926452 -0.376412 
0 -0.933757 -0.357906 0 -0.926452 -0.376412 0 -0.933757 -0.357906 
0 -0.926452 -0.376412 0 -0.933757 -0.357906 0 -0.926452 -0.376412 
0 -0.933757 -0.357906 0 -0.926452 -0.376412 0 -0.933757 -0.357906 
0 -0.926452 -0.376412 0 -0.933757 -0.357906 0 -0.926452 -0.376412 
0 -0.933757 -0.357906 0 -0.926452 -0.376412 0 -0.933757 -0.357906 
0 -0.926452 -0.376412 0 -0.933757 -0.357906 0 -0.926452 -0.376412 
0 -0.933757 -0.357906 0 -0.926452 -0.376412 0 -0.933757 -0.357906 
0 -0.926452 -0.376412 0 -0.933757 -0.357906 0 -0.926452 -0.376412 
0 -0.933757 -0.357906 0 -0.926452 -0.376412 0 -0.933757 -0.357906 
0 -0.926452 -0.376412 0 -0.933757 -0.357906 0 -0.926452 -0.376412 
0 -0.933757 -0.357906 0 -0.926452 -0.376412 0 -0.933757 -0.357906 
0 -0.926452 -0.376412 0 -0.933757 -0.357906 0 -0.926452 -0.376412 
0 -0.933757 -0.357906 0 -0.926452 -0.376412 0 -0.933757 -0.357906 
0 -0.926452 -0.376412 0 -0.933757 -0.357906 0 -0.926452 -0.376412 
0 -0.933757 -0.357906 0 -0.926452 -0.376412 0 -0.933757 -0.357906 
0 -0.926452 -0.376412 0 -0.933757 -0.357906 0 -0.926452 -0.376412 
0 -0.933757 -0.357906 0 -0.926452 -0.376412 0 -0.933757 -0.357906 
0 -0.926452 -0.376412 0 -0.933757 -0.357906 0 -0.926452 -0.376412 
0 -0.933757 -0.357906 0 -0.926452 -0.376412 0 -0.933757 -0.357906 
0 -0.926452 -0.376412 0 -0.933757 -0.357906 0 -0.926452 -0.376412 
0 -0.933757 -0.357906 0 -0.926452 -0.376412 0 -0.933757 -0.357906 
0 -0.926452 -0.376412 0 -0.933757 -0.357906 0 -0.926452 -0.376412 
0 -0.933757 -0.357906 0 -0.926452 -0.376412 0 -0.933757 -0.357906 
0 0.926452 -0.376412 0 0.926452 -0.376412 0 0.926452 -0.376412 
0 0.926452 -0.376412 0 0.926452 -0.376412 0 0.926452 -0.376412 
0 0.926452 -0.376412 0 0.926452 -0.376412 0 0.926452 -0.376412 
0 0.926452 -0.376412 0 0.926452 -0.376412 0 0.926452 -0.376412 
0 0.926452 -0.376412 0 0.926452 -0.376412 0 0.926452 -0.376412 
0 0.926452 -0.376412 0 0.926452 -0.376412 0 0.926452 -0.376412 
0 0.926452 -0.376412 0 0.926452 -0.376412 0 0.926452 -0.376412 
0 0.926452 -0.376412 0 0.926452 -0.376412 0 0.926452 -0.376412 
0 0.926452 -0.376412 0 0.926452 -0.376412 0 0.926452 -0.376412 
0 0.926452 -0.376412 0 0.926452 -0.376412 0 0.926452 -0.376412 
0 0.926452 -0.376412 0 0.926452 -0.376412 0 0.926452 -0.376412 
0 0.926452 -0.376412 0 0.926452 -0.376412 0 0.926452 -0.376412 
0 0.926452 -0.376412 0 0.926452 -0.376412 0 0.926452 -0.376412 
0 0.926452 -0.376412 0 0.926452 -0.376412 0 0.926452 -0.376412 
0 0.926452 -0.376412 0 0.926452 -0.376412 0 0.926452 -0.376412 
0 0.926452 -0.376412 0 0.926452 -0.376412 0 0.926452 -0.376412 
0 0.926452 -0.376412 0 0.926452 -0.376412 0 0.926452 -0.376412 
0 0.926452 -0.376412 0 0.926452 -0.376412 0 0.926452 -0.376412 
0 0.926452 -0.376412 0 0.926452 -0.376412 0 0.926452 -0.376412 
0 0.926452 -0.376412 0 0.926452 -0.376412 0 0.926452 -0.376412 
0 0.933757 -0.357906 0 0.933757 -0.357906 0 0.933757 -0.357906 
0 0.933757 -0.357906 0 0.933757 -0.357906 0 0.933757 -0.357906 
0 0.933757 -0.357906 0 0.933757 -0.357906 0 0.933757 -0.357906 
0 0.933757 -0.357906 0 0.933757 -0.357906 0 0.933757 -0.357906 
0 0.933757 -0.357906 0 0.933757 -0.357906 0 0.933757 -0.357906 
0 0.933757 -0.357906 0 0.933757 -0.357906 0 0.933757 -0.357906 
0 0.933757 -0.357906 0 0.933757 -0.357906 0 0.933757 -0.357906 
0 0.933757 -0.357906 0 0.933757 -0.357906 0 0.933757 -0.357906 
0 0.933757 -0.357906 0 0.933757 -0.357906 0 0.933757 -0.357906 
0 0.933757 -0.357906 0 0.933757 -0.357906 0 0.933757 -0.357906 
0 0.933757 -0.357906 0 0.933757 -0.357906 0 0.933757 -0.357906 
0 0.933757 -0.357906 0 0.933757 -0.357906 0 0.933757 -0.357906 
0 0.933757 -0.357906 0 0.933757 -0.357906 0 0.933757 -0.357906 
0 0.933757 -0.357906 0 0.933757 -0.357906 0 0.933757 -0.357906 
0 0.933757 -0.357906 0 0.933757 -0.357906 0 0.933757 -0.357906 
0 0.933757 -0.357906 0 0.933757 -0.357906 0 0.933757 -0.357906 
0 0.933757 -0.357906 0 0.933757 -0.357906 0 0.933757 -0.357906 
0 0.933757 -0.357906 0 0.933757 -0.357906 0 0.933757 -0.357906 
0 0.933757 -0.357906 0 0.933757 -0.357906 0 0.933757 -0.357906 
0 0.933757 -0.357906 0 0.933757 -0.357906 0 0.933757 -0.357906 
0 -0.957907 -0.287079 0 -0.957907 -0.287079 0 -0.957907 -0.287079 
0 -0.957907 -0.287079 0 -0.957907 -0.287079 0 -0.957907 -0.287079 
0 -0.957907 -0.287079 0 -0.957907 -0.287079 0 -0.957907 -0.287079 
0 -0.957907 -0.287079 0 -0.957907 -0.287079 0 -0.957907 -0.287079 
0 -0.957907 -0.287079 0 -0.957907 -0.287079 0 -0.957907 -0.287079 
0 -0.957907 -0.287079 0 -0.957907 -0.287079 0 -0.957907 -0.287079 
0 -0.957907 -0.287079 0 -0.957907 -0.287079 0 -0.957907 -0.287079 
0 -0.957907 -0.287079 0 -0.957907 -0.287079 0 -0.957907 -0.287079 
0 -0.957907 -0.287079 0 -0.957907 -0.287079 0 -0.957907 -0.287079 
0 -0.957907 -0.287079 0 -0.957907 -0.287079 0 -0.957907 -0.287079 
0 -0.957907 -0.287079 0 -0.957907 -0.287079 0 -0.957907 -0.287079 
0 -0.957907 -0.287079 0 -0.957907 -0.287079 0 -0.957907 -0.287079 
0 -0.957907 -0.287079 0 -0.957907 -0.287079 0 -0.957907 -0.287079 
0 -0.957907 -0.287079 0 -0.957907 -0.287079 0 -0.957907 -0.287079 
0 -0.957907 -0.287079 0 -0.957907 -0.287079 0 -0.957907 -0.287079 
0 -0.957907 -0.287079 0 -0.957907 -0.287079 0 -0.957907 -0.287079 
0 -0.957907 -0.287079 0 -0.957907 -0.287079 0 -0.957907 -0.287079 
0 -0.957907 -0.287079 0 -0.957907 -0.287079 0 -0.957907 -0.287079 
0 -0.957907 -0.287079 0 -0.957907 -0.287079 0 -0.957907 -0.287079 
0 -0.957907 -0.287079 0 -0.957907 -0.287079 0 -0.957907 -0.287079 
0 0.957907 -0.287079 0 0.957907 -0.287079 0 0.957907 -0.287079 
0 0.957907 -0.287079 0 0.957907 -0.287079 0 0.957907 -0.287079 
0 0.957907 -0.287079 0 0.957907 -0.287079 0 0.957907 -0.287079 
0 0.957907 -0.287079 0 0.957907 -0.287079 0 0.957907 -0.287079 
0 0.957907 -0.287079 0 0.957907 -0.287079 0 0.957907 -0.287079 
0 0.957907 -0.287079 0 0.957907 -0.287079 0 0.957907 -0.287079 
0 0.957907 -0.287079 0 0.957907 -0.287079 0 0.957907 -0.287079 
0 0.957907 -0.287079 0 0.957907 -0.287079 0 0.957907 -0.287079 
0 0.957907 -0.287079 0 0.957907 -0.287079 0 0.957907 -0.287079 
0 0.957907 -0.287079 0 0.957907 -0.287079 0 0.957907 -0.287079 
0 0.957907 -0.287079 0 0.957907 -0.287079 0 0.957907 -0.287079 
0 0.957907 -0.287079 0 0.957907 -0.287079 0 0.957907 -0.287079 
0 0.957907 -0.287079 0 0.957907 -0.287079 0 0.957907 -0.287079 
0 0.957907 -0.287079 0 0.957907 -0.287079 0 0.957907 -0.287079 
0 0.957907 -0.287079 0 0.957907 -0.287079 0 0.957907 -0.287079 
0 0.957907 -0.287079 0 0.957907 -0.287079 0 0.957907 -0.287079 
0 0.957907 -0.287079 0 0.957907 -0.287079 0 0.957907 -0.287079 
0 0.957907 -0.287079 0 0.957907 -0.287079 0 0.957907 -0.287079 
0 0.957907 -0.287079 0 0.957907 -0.287079 0 0.957907 -0.287079 
0 0.957907 -0.287079 0 0.957907 -0.287079 0 0.957907 -0.287079 
0 -0.976211 -0.216822 0 -0.976211 -0.216822 0 -0.976211 -0.216822 
0 -0.976211 -0.216822 0 -0.976211 -0.216822 0 -0.976211 -0.216822 
0 -0.976211 -0.216822 0 -0.976211 -0.216822 0 -0.976211 -0.216822 
0 -0.976211 -0.216822 0 -0.976211 -0.216822 0 -0.976211 -0.216822 
0 -0.976211 -0.216822 0 -0.976211 -0.216822 0 -0.976211 -0.216822 
0 -0.976211 -0.216822 0 -0.976211 -0.216822 0 -0.976211 -0.216822 
0 -0.976211 -0.216822 0 -0.976211 -0.216822 0 -0.976211 -0.216822 
0 -0.976211 -0.216822 0 -0.976211 -0.216822 0 -0.976211 -0.216822 
0 -0.976211 -0.216822 0 -0.976211 -0.216822 0 -0.976211 -0.216822 
0 -0.976211 -0.216822 0 -0.976211 -0.216822 0 -0.976211 -0.216822 
0 -0.976211 -0.216822 0 -0.976211 -0.216822 0 -0.976211 -0.216822 
0 -0.976211 -0.216822 0 -0.976211 -0.216822 0 -0.976211 -0.216822 
0 -0.976211 -0.216822 0 -0.976211 -0.216822 0 -0.976211 -0.216822 
0 -0.976211 -0.216822 0 -0.976211 -0.216822 0 -0.976211 -0.216822 
0 -0.976211 -0.216822 0 -0.976211 -0.216822 0 -0.976211 -0.216822 
0 -0.976211 -0.216822 0 -0.976211 -0.216822 0 -0.976211 -0.216822 
0 -0.976211 -0.216822 0 -0.976211 -0.216822 0 -0.976211 -0.216822 
0 -0.976211 -0.216822 0 -0.976211 -0.216822 0 -0.976211 -0.216822 
0 -0.976211 -0.216822 0 -0.976211 -0.216822 0 -0.976211 -0.216822 
0 -0.976211 -0.216822 0 -0.976211 -0.216822 0 -0.976211 -0.216822 
0 0.976211 -0.216822 0 0.976211 -0.216822 0 0.976211 -0.216822 
0 0.976211 -0.216822 0 0.976211 -0.216822 0 0.976211 -0.216822 
0 0.976211 -0.216822 0 0.976211 -0.216822 0 0.976211 -0.216822 
0 0.976211 -0.216822 0 0.976211 -0.216822 0 0.976211 -0.216822 
0 0.976211 -0.216822 0 0.976211 -0.216822 0 0.976211 -0.216822 
0 0.976211 -0.216822 0 0.976211 -0.216822 0 0.976211 -0.216822 
0 0.976211 -0.216822 0 0.976211 -0.216822 0 0.976211 -0.216822 
0 0.976211 -0.216822 0 0.976211 -0.216822 0 0.976211 -0.216822 
0 0.976211 -0.216822 0 0.976211 -0.216822 0 0.976211 -0.216822 
0 0.976211 -0.216822 0 0.976211 -0.216822 0 0.976211 -0.216822 
0 0.976211 -0.216822 0 0.976211 -0.216822 0 0.976211 -0.216822 
0 0.976211 -0.216822 0 0.976211 -0.216822 0 0.976211 -0.216822 
0 0.976211 -0.216822 0 0.976211 -0.216822 0 0.976211 -0.216822 
0 0.976211 -0.216822 0 0.976211 -0.216822 0 0.976211 -0.216822 
0 0.976211 -0.216822 0 0.976211 -0.216822 0 0.976211 -0.216822 
0 0.976211 -0.216822 0 0.976211 -0.216822 0 0.976211 -0.216822 
0 0.976211 -0.216822 0 0.976211 -0.216822 0 0.976211 -0.216822 
0 0.976211 -0.216822 0 0.976211 -0.216822 0 0.976211 -0.216822 
0 0.976211 -0.216822 0 0.976211 -0.216822 0 0.976211 -0.216822 
0 0.976211 -0.216822 0 0.976211 -0.216822 0 0.976211 -0.216822 
0 -0.989256 -0.146191 0 -0.989256 -0.146191 0 -0.989256 -0.146191 
0 -0.989256 -0.146191 0 -0.989256 -0.146191 0 -0.989256 -0.146191 
0 -0.989256 -0.146191 0 -0.989256 -0.146191 0 -0.989256 -0.146191 
0 -0.989256 -0.146191 0 -0.989256 -0.146191 0 -0.989256 -0.146191 
0 -0.989256 -0.146191 0 -0.989256 -0.146191 0 -0.989256 -0.146191 
0 -0.989256 -0.146191 0 -0.989256 -0.146191 0 -0.989256 -0.146191 
0 -0.989256 -0.146191 0 -0.989256 -0.146191 0 -0.989256 -0.146191 
0 -0.989256 -0.146191 0 -0.989256 -0.146191 0 -0.989256 -0.146191 
0 -0.989256 -0.146191 0 -0.989256 -0.146191 0 -0.989256 -0.146191 
0 -0.989256 -0.146191 0 -0.989256 -0.146191 0 -0.989256 -0.146191 
0 -0.989256 -0.146191 0 -0.989256 -0.146191 0 -0.989256 -0.146191 
0 -0.989256 -0.146191 0 -0.989256 -0.146191 0 -0.989256 -0.146191 
0 -0.989256 -0.146191 0 -0.989256 -0.146191 0 -0.989256 -0.146191 
0 -0.989256 -0.146191 0 -0.989256 -0.146191 0 -0.989256 -0.146191 
0 -0.989256 -0.146191 0 -0.989256 -0.146191 0 -0.989256 -0.146191 
0 -0.989256 -0.146191 0 -0.989256 -0.146191 0 -0.989256 -0.146191 
0 -0.989256 -0.146191 0 -0.989256 -0.146191 0 -0.989256 -0.146191 
0 -0.989256 -0.146191 0 -0.989256 -0.146191 0 -0.989256 -0.146191 
0 -0.989256 -0.146191 0 -0.989256 -0.146191 0 -0.989256 -0.146191 
0 -0.989256 -0.146191 0 -0.989256 -0.146191 0 -0.989256 -0.146191 
0 0.989256 -0.146191 0 0.989256 -0.146191 0 0.989256 -0.146191 
0 0.989256 -0.146191 0 0.989256 -0.146191 0 0.989256 -0.146191 
0 0.989256 -0.146191 0 0.989256 -0.146191 0 0.989256 -0.146191 
0 0.989256 -0.146191 0 0.989256 -0.146191 0 0.989256 -0.146191 
0 0.989256 -0.146191 0 0.989256 -0.146191 0 0.989256 -0.146191 
0 0.989256 -0.146191 0 0.989256 -0.146191 0 0.989256 -0.146191 
0 0.989256 -0.146191 0 0.989256 -0.146191 0 0.989256 -0.146191 
0 0.989256 -0.146191 0 0.989256 -0.146191 0 0.989256 -0.146191 
0 0.989256 -0.146191 0 0.989256 -0.146191 0 0.989256 -0.146191 
0 0.989256 -0.146191 0 0.989256 -0.146191 0 0.989256 -0.146191 
0 0.989256 -0.146191 0 0.989256 -0.146191 0 0.989256 -0.146191 
0 0.989256 -0.146191 0 0.989256 -0.146191 0 0.989256 -0.146191 
0 0.989256 -0.146191 0 0.989256 -0.146191 0 0.989256 -0.146191 
0 0.989256 -0.146191 0 0.989256 -0.146191 0 0.989256 -0.146191 
0 0.989256 -0.146191 0 0.989256 -0.146191 0 0.989256 -0.146191 
0 0.989256 -0.146191 0 0.989256 -0.146191 0 0.989256 -0.146191 
0 0.989256 -0.146191 0 0.989256 -0.146191 0 0.989256 -0.146191 
0 0.989256 -0.146191 0 0.989256 -0.146191 0 0.989256 -0.146191 
0 0.989256 -0.146191 0 0.989256 -0.146191 0 0.989256 -0.146191 
0 0.989256 -0.146191 0 0.989256 -0.146191 0 0.989256 -0.146191 
0 -0.997272 -0.0738198 0 -0.997272 -0.0738198 0 -0.997272 -0.0738198 
0 -0.997272 -0.0738198 0 -0.997272 -0.0738198 0 -0.997272 -0.0738198 
0 -0.997272 -0.0738198 0 -0.997272 -0.0738198 0 -0.997272 -0.0738198 
0 -0.997272 -0.0738198 0 -0.997272 -0.0738198 0 -0.997272 -0.0738198 
0 -0.997272 -0.0738198 0 -0.997272 -0.0738198 0 -0.997272 -0.0738198 
0 -0.997272 -0.0738198 0 -0.997272 -0.0738198 0 -0.997272 -0.0738198 
0 -0.997272 -0.0738198 0 -0.997272 -0.0738198 0 -0.997272 -0.0738198 
0 -0.997272 -0.0738198 0 -0.997272 -0.0738198 0 -0.997272 -0.0738198 
0 -0.997272 -0.0738198 0 -0.997272 -0.0738198 0 -0.997272 -0.0738198 
0 -0.997272 -0.0738198 0 -0.997272 -0.0738198 0 -0.997272 -0.0738198 
0 -0.997272 -0.0738198 0 -0.997272 -0.0738198 0 -0.997272 -0.0738198 
0 -0.997272 -0.0738198 0 -0.997272 -0.0738198 0 -0.997272 -0.0738198 
0 -0.997272 -0.0738198 0 -0.997272 -0.0738198 0 -0.997272 -0.0738198 
0 -0.997272 -0.0738198 0 -0.997272 -0.0738198 0 -0.997272 -0.0738198 
0 -0.997272 -0.0738198 0 -0.997272 -0.0738198 0 -0.997272 -0.0738198 
0 -0.997272 -0.0738198 0 -0.997272 -0.0738198 0 -0.997272 -0.0738198 
0 -0.997272 -0.0738198 0 -0.997272 -0.0738198 0 -0.997272 -0.0738198 
0 -0.997272 -0.0738198 0 -0.997272 -0.0738198 0 -0.997272 -0.0738198 
0 -0.997272 -0.0738198 0 -0.997272 -0.0738198 0 -0.997272 -0.0738198 
0 -0.997272 -0.0738198 0 -0.997272 -0.0738198 0 -0.997272 -0.0738198 
0 0.997272 -0.0738198 0 0.997272 -0.0738198 0 0.997272 -0.0738198 
0 0.997272 -0.0738198 0 0.997272 -0.0738198 0 0.997272 -0.0738198 
0 0.997272 -0.0738198 0 0.997272 -0.0738198 0 0.997272 -0.0738198 
0 0.997272 -0.0738198 0 0.997272 -0.0738198 0 0.997272 -0.0738198 
0 0.997272 -0.0738198 0 0.997272 -0.0738198 0 0.997272 -0.0738198 
0 0.997272 -0.0738198 0 0.997272 -0.0738198 0 0.997272 -0.0738198 
0 0.997272 -0.0738198 0 0.997272 -0.0738198 0 0.997272 -0.0738198 
0 0.997272 -0.0738198 0 0.997272 -0.0738198 0 0.997272 -0.0738198 
0 0.997272 -0.0738198 0 0.997272 -0.0738198 0 0.997272 -0.0738198 
0 0.997272 -0.0738198 0 0.997272 -0.0738198 0 0.997272 -0.0738198 
0 0.997272 -0.0738198 0 0.997272 -0.0738198 0 0.997272 -0.0738198 
0 0.997272 -0.0738198 0 0.997272 -0.0738198 0 0.997272 -0.0738198 
0 0.997272 -0.0738198 0 0.997272 -0.0738198 0 0.997272 -0.0738198 
0 0.997272 -0.0738198 0 0.997272 -0.0738198 0 0.997272 -0.0738198 
0 0.997272 -0.0738198 0 0.997272 -0.0738198 0 0.997272 -0.0738198 
0 0.997272 -0.0738198 0 0.997272 -0.0738198 0 0.997272 -0.0738198 
0 0.997272 -0.0738198 0 0.997272 -0.0738198 0 0.997272 -0.0738198 
0 0.997272 -0.0738198 0 0.997272 -0.0738198 0 0.997272 -0.0738198 
0 0.997272 -0.0738198 0 0.997272 -0.0738198 0 0.997272 -0.0738198 
0 0.997272 -0.0738198 0 0.997272 -0.0738198 0 0.997272 -0.0738198 
0 -1 1.06227e-16 0 -1 1.06227e-16 0 -1 1.06227e-16 
0 -1 1.06227e-16 0 -1 1.06227e-16 0 -1 1.06227e-16 
0 -1 1.06227e-16 0 -1 1.06227e-16 0 -1 1.06227e-16 
0 -1 1.06227e-16 0 -1 1.06227e-16 0 -1 1.06227e-16 
0 -1 1.06227e-16 0 -1 1.06227e-16 0 -1 1.06227e-16 
0 -1 1.06227e-16 0 -1 1.06227e-16 0 -1 1.06227e-16 
0 -1 1.06227e-16 0 -1 1.06227e-16 0 -1 1.06227e-16 
0 -1 1.06227e-16 0 -1 1.06227e-16 0 -1 1.06227e-16 
0 -1 1.06227e-16 0 -1 1.06227e-16 0 -1 1.06227e-16 
0 -1 1.06227e-16 0 -1 1.06227e-16 0 -1 1.06227e-16 
0 -1 1.06227e-16 0 -1 1.06227e-16 0 -1 1.06227e-16 
0 -1 1.06227e-16 0 -1 1.06227e-16 0 -1 1.06227e-16 
0 -1 1.06227e-16 0 -1 1.06227e-16 0 -1 1.06227e-16 
0 -1 1.06227e-16 0 -1 1.06227e-16 0 -1 1.06227e-16 
0 -1 1.06227e-16 0 -1 1.06227e-16 0 -1 1.06227e-16 
0 -1 1.06227e-16 0 -1 1.06227e-16 0 -1 1.06227e-16 
0 -1 1.06227e-16 0 -1 1.06227e-16 0 -1 1.06227e-16 
0 -1 1.06227e-16 0 -1 1.06227e-16 0 -1 1.06227e-16 
0 -1 1.06227e-16 0 -1 1.06227e-16 0 -1 1.06227e-16 
0 -1 1.06227e-16 0 -1 1.06227e-16 0 -1 1.06227e-16 
0 1 2.76513e-16 0 1 2.76513e-16 0 1 2.76513e-16 
0 1 2.76513e-16 0 1 2.76513e-16 0 1 2.76513e-16 
0 1 2.76513e-16 0 1 2.76513e-16 0 1 2.76513e-16 
0 1 2.76513e-16 0 1 2.76513e-16 0 1 2.76513e-16 
0 1 2.76513e-16 0 1 2.76513e-16 0 1 2.76513e-16 
0 1 2.76513e-16 0 1 2.76513e-16 0 1 2.76513e-16 
0 1 2.76513e-16 0 1 2.76513e-16 0 1 2.76513e-16 
0 1 2.76513e-16 0 1 2.76513e-16 0 1 2.76513e-16 
0 1 2.76513e-16 0 1 2.76513e-16 0 1 2.76513e-16 
0 1 2.76513e-16 0 1 2.76513e-16 0 1 2.76513e-16 
0 1 2.76513e-16 0 1 2.76513e-16 0 1 2.76513e-16 
0 1 2.76513e-16 0 1 2.76513e-16 0 1 2.76513e-16 
0 1 2.76513e-16 0 1 2.76513e-16 0 1 2.76513e-16 
0 1 2.76513e-16 0 1 2.76513e-16 0 1 2.76513e-16 
0 1 2.76513e-16 0 1 2.76513e-16 0 1 2.76513e-16 
0 1 2.76513e-16 0 1 2.76513e-16 0 1 2.76513e-16 
0 1 2.76513e-16 0 1 2.76513e-16 0 1 2.76513e-16 
0 1 2.76513e-16 0 1 2.76513e-16 0 1 2.76513e-16 
0 1 2.76513e-16 0 1 2.76513e-16 0 1 2.76513e-16 
0 1 2.76513e-16 0 1 2.76513e-16 0 1 2.76513e-16 
0 -0.997272 0.0738198 0 -0.997272 0.0738198 0 -0.997272 0.0738198 
0 -0.997272 0.0738198 0 -0.997272 0.0738198 0 -0.997272 0.0738198 
0 -0.997272 0.0738198 0 -0.997272 0.0738198 0 -0.997272 0.0738198 
0 -0.997272 0.0738198 0 -0.997272 0.0738198 0 -0.997272 0.0738198 
0 -0.997272 0.0738198 0 -0.997272 0.0738198 0 -0.997272 0.0738198 
0 -0.997272 0.0738198 0 -0.997272 0.0738198 0 -0.997272 0.0738198 
0 -0.997272 0.0738198 0 -0.997272 0.0738198 0 -0.997272 0.0738198 
0 -0.997272 0.0738198 0 -0.997272 0.0738198 0 -0.997272 0.0738198 
0 -0.997272 0.0738198 0 -0.997272 0.0738198 0 -0.997272 0.0738198 
0 -0.997272 0.0738198 0 -0.997272 0.0738198 0 -0.997272 0.0738198 
0 -0.997272 0.0738198 0 -0.997272 0.0738198 0 -0.997272 0.0738198 
0 -0.997272 0.0738198 0 -0.997272 0.0738198 0 -0.997272 0.0738198 
0 -0.997272 0.0738198 0 -0.997272 0.0738198 0 -0.997272 0.0738198 
0 -0.997272 0.0738198 0 -0.997272 0.0738198 0 -0.997272 0.0738198 
0 -0.997272 0.0738198 0 -0.997272 0.0738198 0 -0.997272 0.0738198 
0 -0.997272 0.0738198 0 -0.997272 0.0738198 0 -0.997272 0.0738198 
0 -0.997272 0.0738198 0 -0.997272 0.0738198 0 -0.997272 0.0738198 
0 -0.997272 0.0738198 0 -0.997272 0.0738198 0 -0.997272 0.0738198 
0 -0.997272 0.0738198 0 -0.997272 0.0738198 0 -0.997272 0.0738198 
0 -0.997272 0.0738198 0 -0.997272 0.0738198 0 -0.997272 0.0738198 
0 0.997272 0.0738198 0 0.997272 0.0738198 0 0.997272 0.0738198 
0 0.997272 0.0738198 0 0.997272 0.0738198 0 0.997272 0.0738198 
0 0.997272 0.0738198 0 0.997272 0.0738198 0 0.997272 0.0738198 
0 0.997272 0.0738198 0 0.997272 0.0738198 0 0.997272 0.0738198 
0 0.997272 0.0738198 0 0.997272 0.0738198 0 0.997272 0.0738198 
0 0.997272 0.0738198 0 0.997272 0.0738198 0 0.997272 0.0738198 
0 0.997272 0.0738198 0 0.997272 0.0738198 0 0.997272 0.0738198 
0 0.997272 0.0738198 0 0.997272 0.0738198 0 0.997272 0.0738198 
0 0.997272 0.0738198 0 0.997272 0.0738198 0 0.997272 0.0738198 
0 0.997272 0.0738198 0 0.997272 0.0738198 0 0.997272 0.0738198 
0 0.997272 0.0738198 0 0.997272 0.0738198 0 0.997272 0.0738198 
0 0.997272 0.0738198 0 0.997272 0.0738198 0 0.997272 0.0738198 
0 0.997272 0.0738198 0 0.997272 0.0738198 0 0.997272 0.0738198 
0 0.997272 0.0738198 0 0.997272 0.0738198 0 0.997272 0.0738198 
0 0.997272 0.0738198 0 0.997272 0.0738198 0 0.997272 0.0738198 
0 0.997272 0.0738198 0 0.997272 0.0738198 0 0.997272 0.0738198 
0 0.997272 0.0738198 0 0.997272 0.0738198 0 0.997272 0.0738198 
0 0.997272 0.0738198 0 0.997272 0.0738198 0 0.997272 0.0738198 
0 0.997272 0.0738198 0 0.997272 0.0738198 0 0.997272 0.0738198 
0 0.997272 0.0738198 0 0.997272 0.0738198 0 0.997272 0.0738198 
0 -0.989256 0.146191 0 -0.989256 0.146191 0 -0.989256 0.146191 
0 -0.989256 0.146191 0 -0.989256 0.146191 0 -0.989256 0.146191 
0 -0.989256 0.146191 0 -0.989256 0.146191 0 -0.989256 0.146191 
0 -0.989256 0.146191 0 -0.989256 0.146191 0 -0.989256 0.146191 
0 -0.989256 0.146191 0 -0.989256 0.146191 0 -0.989256 0.146191 
0 -0.989256 0.146191 0 -0.989256 0.146191 0 -0.989256 0.146191 
0 -0.989256 0.146191 0 -0.989256 0.146191 0 -0.989256 0.146191 
0 -0.989256 0.146191 0 -0.989256 0.146191 0 -0.989256 0.146191 
0 -0.989256 0.146191 0 -0.989256 0.146191 0 -0.989256 0.146191 
0 -0.989256 0.146191 0 -0.989256 0.146191 0 -0.989256 0.146191 
0 -0.989256 0.146191 0 -0.989256 0.146191 0 -0.989256 0.146191 
0 -0.989256 0.146191 0 -0.989256 0.146191 0 -0.989256 0.146191 
0 -0.989256 0.146191 0 -0.989256 0.146191 0 -0.989256 0.146191 
0 -0.989256 0.146191 0 -0.989256 0.146191 0 -0.989256 0.146191 
0 -0.989256 0.146191 0 -0.989256 0.146191 0 -0.989256 0.146191 
0 -0.989256 0.146191 0 -0.989256 0.146191 0 -0.989256 0.146191 
0 -0.989256 0.146191 0 -0.989256 0.146191 0 -0.989256 0.146191 
0 -0.989256 0.146191 0 -0.989256 0.146191 0 -0.989256 0.146191 
0 -0.989256 0.146191 0 -0.989256 0.146191 0 -0.989256 0.146191 
0 -0.989256 0.146191 0 -0.989256 0.146191 0 -0.989256 0.146191 
0 0.989256 0.146191 0 0.989256 0.146191 0 0.989256 0.146191 
0 0.989256 0.146191 0 0.989256 0.146191 0 0.989256 0.146191 
0 0.989256 0.146191 0 0.989256 0.146191 0 0.989256 0.146191 
0 0.989256 0.146191 0 0.989256 0.146191 0 0.989256 0.146191 
0 0.989256 0.146191 0 0.989256 0.146191 0 0.989256 0.146191 
0 0.989256 0.146191 0 0.989256 0.146191 0 0.989256 0.146191 
0 0.989256 0.146191 0 0.989256 0.146191 0 0.989256 0.146191 
0 0.989256 0.146191 0 0.989256 0.146191 0 0.989256 0.146191 
0 0.989256 0.146191 0 0.989256 0.146191 0 0.989256 0.146191 
0 0.989256 0.146191 0 0.989256 0.146191 0 0.989256 0.146191 
0 0.989256 0.146191 0 0.989256 0.146191 0 0.989256 0.146191 
0 0.989256 0.146191 0 0.989256 0.146191 0 0.989256 0.146191 
0 0.989256 0.146191 0 0.989256 0.146191 0 0.989256 0.146191 
0 0.989256 0.146191 0 0.989256 0.146191 0 0.989256 0.146191 
0 0.989256 0.146191 0 0.989256 0.146191 0 0.989256 0.146191 
0 0.989256 0.146191 0 0.989256 0.146191 0 0.989256 0.146191 
0 0.989256 0.146191 0 0.989256 0.146191 0 0.989256 0.146191 
0 0.989256 0.146191 0 0.989256 0.146191 0 0.989256 0.146191 
0 0.989256 0.146191 0 0.989256 0.146191 0 0.989256 0.146191 
0 0.989256 0.146191 0 0.989256 0.146191 0 0.989256 0.146191 
0 -0.976211 0.216822 0 -0.976211 0.216822 0 -0.976211 0.216822 
0 -0.976211 0.216822 0 -0.976211 0.216822 0 -0.976211 0.216822 
0 -0.976211 0.216822 0 -0.976211 0.216822 0 -0.976211 0.216822 
0 -0.976211 0.216822 0 -0.976211 0.216822 0 -0.976211 0.216822 
0 -0.976211 0.216822 0 -0.976211 0.216822 0 -0.976211 0.216822 
0 -0.976211 0.216822 0 -0.976211 0.216822 0 -0.976211 0.216822 
0 -0.976211 0.216822 0 -0.976211 0.216822 0 -0.976211 0.216822 
0 -0.976211 0.216822 0 -0.976211 0.216822 0 -0.976211 0.216822 
0 -0.976211 0.216822 0 -0.976211 0.216822 0 -0.976211 0.216822 
0 -0.976211 0.216822 0 -0.976211 0.216822 0 -0.976211 0.216822 
0 -0.976211 0.216822 0 -0.976211 0.216822 0 -0.976211 0.216822 
0 -0.976211 0.216822 0 -0.976211 0.216822 0 -0.976211 0.216822 
0 -0.976211 0.216822 0 -0.976211 0.216822 0 -0.976211 0.216822 
0 -0.976211 0.216822 0 -0.976211 0.216822 0 -0.976211 0.216822 
0 -0.976211 0.216822 0 -0.976211 0.216822 0 -0.976211 0.216822 
0 -0.976211 0.216822 0 -0.976211 0.216822 0 -0.976211 0.216822 
0 -0.976211 0.216822 0 -0.976211 0.216822 0 -0.976211 0.216822 
0 -0.976211 0.216822 0 -0.976211 0.216822 0 -0.976211 0.216822 
0 -0.976211 0.216822 0 -0.976211 0.216822 0 -0.976211 0.216822 
0 -0.976211 0.216822 0 -0.976211 0.216822 0 -0.976211 0.216822 
0 0.976211 0.216822 0 0.976211 0.216822 0 0.976211 0.216822 
0 0.976211 0.216822 0 0.976211 0.216822 0 0.976211 0.216822 
0 0.976211 0.216822 0 0.976211 0.216822 0 0.976211 0.216822 
0 0.976211 0.216822 0 0.976211 0.216822 0 0.976211 0.216822 
0 0.976211 0.216822 0 0.976211 0.216822 0 0.976211 0.216822 
0 0.976211 0.216822 0 0.976211 0.216822 0 0.976211 0.216822 
0 0.976211 0.216822 0 0.976211 0.216822 0 0.976211 0.216822 
0 0.976211 0.216822 0 0.976211 0.216822 0 0.976211 0.216822 
0 0.976211 0.216822 0 0.976211 0.216822 0 0.976211 0.216822 
0 0.976211 0.216822 0 0.976211 0.216822 0 0.976211 0.216822 
0 0.976211 0.216822 0 0.976211 0.216822 0 0.976211 0.216822 
0 0.976211 0.216822 0 0.976211 0.216822 0 0.976211 0.216822 
0 0.976211 0.216822 0 0.976211 0.216822 0 0.976211 0.216822 
0 0.976211 0.216822 0 0.976211 0.216822 0 0.976211 0.216822 
0 0.976211 0.216822 0 0.976211 0.216822 0 0.976211 0.216822 
0 0.976211 0.216822 0 0.976211 0.216822 0 0.976211 0.216822 
0 0.976211 0.216822 0 0.976211 0.216822 0 0.976211 0.216822 
0 0.976211 0.216822 0 0.976211 0.216822 0 0.976211 0.216822 
0 0.976211 0.216822 0 0.976211 0.216822 0 0.976211 0.216822 
0 0.976211 0.216822 0 0.976211 0.216822 0 0.976211 0.216822 
0 -0.957907 0.287079 0 -0.957907 0.287079 0 -0.957907 0.287079 
0 -0.957907 0.287079 0 -0.957907 0.287079 0 -0.957907 0.287079 
0 -0.957907 0.287079 0 -0.957907 0.287079 0 -0.957907 0.287079 
0 -0.957907 0.287079 0 -0.957907 0.287079 0 -0.957907 0.287079 
0 -0.957907 0.287079 0 -0.957907 0.287079 0 -0.957907 0.287079 
0 -0.957907 0.287079 0 -0.957907 0.287079 0 -0.957907 0.287079 
0 -0.957907 0.287079 0 -0.957907 0.287079 0 -0.957907 0.287079 
0 -0.957907 0.287079 0 -0.957907 0.287079 0 -0.957907 0.287079 
0 -0.957907 0.287079 0 -0.957907 0.287079 0 -0.957907 0.287079 
0 -0.957907 0.287079 0 -0.957907 0.287079 0 -0.957907 0.287079 
0 -0.957907 0.287079 0 -0.957907 0.287079 0 -0.957907 0.287079 
0 -0.957907 0.287079 0 -0.957907 0.287079 0 -0.957907 0.287079 
0 -0.957907 0.287079 0 -0.957907 0.287079 0 -0.957907 0.287079 
0 -0.957907 0.287079 0 -0.957907 0.287079 0 -0.957907 0.287079 
0 -0.957907 0.287079 0 -0.957907 0.287079 0 -0.957907 0.287079 
0 -0.957907 0.287079 0 -0.957907 0.287079 0 -0.957907 0.287079 
0 -0.957907 0.287079 0 -0.957907 0.287079 0 -0.957907 0.287079 
0 -0.957907 0.287079 0 -0.957907 0.287079 0 -0.957907 0.287079 
0 -0.957907 0.287079 0 -0.957907 0.287079 0 -0.957907 0.287079 
0 -0.957907 0.287079 0 -0.957907 0.287079 0 -0.957907 0.287079 
0 0.957907 0.287079 0 0.957907 0.287079 0 0.957907 0.287079 
0 0.957907 0.287079 0 0.957907 0.287079 0 0.957907 0.287079 
0 0.957907 0.287079 0 0.957907 0.287079 0 0.957907 0.287079 
0 0.957907 0.287079 0 0.957907 0.287079 0 0.957907 0.287079 
0 0.957907 0.287079 0 0.957907 0.287079 0 0.957907 0.287079 
0 0.957907 0.287079 0 0.957907 0.287079 0 0.957907 0.287079 
0 0.957907 0.287079 0 0.957907 0.287079 0 0.957907 0.287079 
0 0.957907 0.287079 0 0.957907 0.287079 0 0.957907 0.287079 
0 0.957907 0.287079 0 0.957907 0.287079 0 0.957907 0.287079 
0 0.957907 0.287079 0 0.957907 0.287079 0 0.957907 0.287079 
0 0.957907 0.287079 0 0.957907 0.287079 0 0.957907 0.287079 
0 0.957907 0.287079 0 0.957907 0.287079 0 0.957907 0.287079 
0 0.957907 0.287079 0 0.957907 0.287079 0 0.957907 0.287079 
0 0.957907 0.287079 0 0.957907 0.287079 0 0.957907 0.287079 
0 0.957907 0.287079 0 0.957907 0.287079 0 0.957907 0.287079 
0 0.957907 0.287079 0 0.957907 0.287079 0 0.957907 0.287079 
0 0.957907 0.287079 0 0.957907 0.287079 0 0.957907 0.287079 
0 0.957907 0.287079 0 0.957907 0.287079 0 0.957907 0.287079 
0 0.957907 0.287079 0 0.957907 0.287079 0 0.957907 0.287079 
0 0.957907 0.287079 0 0.957907 0.287079 0 0.957907 0.287079 
0 -0.933757 0.357906 0 -0.933757 0.357906 0 -0.933757 0.357906 
0 -0.933757 0.357906 0 -0.933757 0.357906 0 -0.933757 0.357906 
0 -0.933757 0.357906 0 -0.933757 0.357906 0 -0.933757 0.357906 
0 -0.933757 0.357906 0 -0.933757 0.357906 0 -0.933757 0.357906 
0 -0.933757 0.357906 0 -0.933757 0.357906 0 -0.933757 0.357906 
0 -0.933757 0.357906 0 -0.933757 0.357906 0 -0.933757 0.357906 
0 -0.933757 0.357906 0 -0.933757 0.357906 0 -0.933757 0.357906 
0 -0.933757 0.357906 0 -0.933757 0.357906 0 -0.933757 0.357906 
0 -0.933757 0.357906 0 -0.933757 0.357906 0 -0.933757 0.357906 
0 -0.933757 0.357906 0 -0.933757 0.357906 0 -0.933757 0.357906 
0 -0.933757 0.357906 0 -0.933757 0.357906 0 -0.933757 0.357906 
0 -0.933757 0.357906 0 -0.933757 0.357906 0 -0.933757 0.357906 
0 -0.933757 0.357906 0 -0.933757 0.357906 0 -0.933757 0.357906 
0 -0.933757 0.357906 0 -0.933757 0.357906 0 -0.933757 0.357906 
0 -0.933757 0.357906 0 -0.933757 0.357906 0 -0.933757 0.357906 
0 -0.933757 0.357906 0 -0.933757 0.357906 0 -0.933757 0.357906 
0 -0.933757 0.357906 0 -0.933757 0.357906 0 -0.933757 0.357906 
0 -0.933757 0.357906 0 -0.933757 0.357906 0 -0.933757 0.357906 
0 -0.933757 0.357906 0 -0.933757 0.357906 0 -0.933757 0.357906 
0 -0.933757 0.357906 0 -0.933757 0.357906 0 -0.933757 0.357906 
0 0.933757 0.357906 0 0.933757 0.357906 0 0.933757 0.357906 
0 0.933757 0.357906 0 0.933757 0.357906 0 0.933757 0.357906 
0 0.933757 0.357906 0 0.933757 0.357906 0 0.933757 0.357906 
0 0.933757 0.357906 0 0.933757 0.357906 0 0.933757 0.357906 
0 0.933757 0.357906 0 0.933757 0.357906 0 0.933757 0.357906 
0 0.933757 0.357906 0 0.933757 0.357906 0 0.933757 0.357906 
0 0.933757 0.357906 0 0.933757 0.357906 0 0.933757 0.357906 
0 0.933757 0.357906 0 0.933757 0.357906 0 0.933757 0.357906 
0 0.933757 0.357906 0 0.933757 0.357906 0 0.933757 0.357906 
0 0.933757 0.357906 0 0.933757 0.357906 0 0.933757 0.357906 
0 0.933757 0.357906 0 0.933757 0.357906 0 0.933757 0.357906 
0 0.933757 0.357906 0 0.933757 0.357906 0 0.933757 0.357906 
0 0.933757 0.357906 0 0.933757 0.357906 0 0.933757 0.357906 
0 0.933757 0.357906 0 0.933757 0.357906 0 0.933757 0.357906 
0 0.933757 0.357906 0 0.933757 0.357906 0 0.933757 0.357906 
0 0.933757 0.357906 0 0.933757 0.357906 0 0.933757 0.357906 
0 0.933757 0.357906 0 0.933757 0.357906 0 0.933757 0.357906 
0 0.933757 0.357906 0 0.933757 0.357906 0 0.933757 0.357906 
0 0.933757 0.357906 0 0.933757 0.357906 0 0.933757 0.357906 
0 0.933757 0.357906 0 0.933757 0.357906 0 0.933757 0.357906 
0 -0.926452 0.376412 0 -0.926452 0.376412 0 -0.926452 0.376412 
0 -0.926452 0.376412 0 -0.926452 0.376412 0 -0.926452 0.376412 
0 -0.926452 0.376412 0 -0.926452 0.376412 0 -0.926452 0.376412 
0 -0.926452 0.376412 0 -0.926452 0.376412 0 -0.926452 0.376412 
0 -0.926452 0.376412 0 -0.926452 0.376412 0 -0.926452 0.376412 
0 -0.926452 0.376412 0 -0.926452 0.376412 0 -0.926452 0.376412 
0 -0.926452 0.376412 0 -0.926452 0.376412 0 -0.926452 0.376412 
0 -0.926452 0.376412 0 -0.926452 0.376412 0 -0.926452 0.376412 
0 -0.926452 0.376412 0 -0.926452 0.376412 0 -0.926452 0.376412 
0 -0.926452 0.376412 0 -0.926452 0.376412 0 -0.926452 0.376412 
0 -0.926452 0.376412 0 -0.926452 0.376412 0 -0.926452 0.376412 
0 -0.926452 0.376412 0 -0.926452 0.376412 0 -0.926452 0.376412 
0 -0.926452 0.376412 0 -0.926452 0.376412 0 -0.926452 0.376412 
0 -0.926452 0.376412 0 -0.926452 0.376412 0 -0.926452 0.376412 
0 -0.926452 0.376412 0 -0.926452 0.376412 0 -0.926452 0.376412 
0 -0.926452 0.376412 0 -0.926452 0.376412 0 -0.926452 0.376412 
0 -0.926452 0.376412 0 -0.926452 0.376412 0 -0.926452 0.376412 
0 -0.926452 0.376412 0 -0.926452 0.376412 0 -0.926452 0.376412 
0 -0.926452 0.376412 0 -0.926452 0.376412 0 -0.926452 0.376412 
0 -0.926452 0.376412 0 -0.926452 0.376412 0 -0.926452 0.376412 
0 -0.906416 0.422387 0 -0.906416 0.422387 0 -0.906416 0.422387 
0 -0.906416 0.422387 0 -0.906416 0.422387 0 -0.906416 0.422387 
0 -0.906416 0.422387 0 -0.906416 0.422387 0 -0.906416 0.422387 
0 -0.906416 0.422387 0 -0.906416 0.422387 0 -0.906416 0.422387 
0 -0.906416 0.422387 0 -0.906416 0.422387 0 -0.906416 0.422387 
0 -0.906416 0.422387 0 -0.906416 0.422387 0 -0.906416 0.422387 
0 -0.906416 0.422387 0 -0.906416 0.422387 0 -0.906416 0.422387 
0 -0.906416 0.422387 0 -0.906416 0.422387 0 -0.906416 0.422387 
0 -0.906416 0.422387 0 -0.906416 0.422387 0 -0.906416 0.422387 
0 -0.906416 0.422387 0 -0.906416 0.422387 0 -0.906416 0.422387 
0 -0.906416 0.422387 0 -0.906416 0.422387 0 -0.906416 0.422387 
0 -0.906416 0.422387 0 -0.906416 0.422387 0 -0.906416 0.422387 
0 -0.906416 0.422387 0 -0.906416 0.422387 0 -0.906416 0.422387 
0 -0.906416 0.422387 0 -0.906416 0.422387 0 -0.906416 0.422387 
0 -0.906416 0.422387 0 -0.906416 0.422387 0 -0.906416 0.422387 
0 -0.906416 0.422387 0 -0.906416 0.422387 0 -0.906416 0.422387 
0 -0.906416 0.422387 0 -0.906416 0.422387 0 -0.906416 0.422387 
0 -0.906416 0.422387 0 -0.906416 0.422387 0 -0.906416 0.422387 
0 -0.906416 0.422387 0 -0.906416 0.422387 0 -0.906416 0.422387 
0 -0.906416 0.422387 0 -0.906416 0.422387 0 -0.906416 0.422387 
0 0.926452 0.376412 0 0.906416 0.422387 0 0.926452 0.376412 
0 0.906416 0.422387 0 0.906416 0.422387 0 0.926452 0.376412 
0 0.906416 0.422387 0 0.926452 0.376412 0 0.906416 0.422387 
0 0.926452 0.376412 0 0.906416 0.422387 0 0.926452 0.376412 
0 0.906416 0.422387 0 0.926452 0.376412 0 0.906416 0.422387 
0 0.926452 0.376412 0 0.906416 0.422387 0 0.926452 0.376412 
0 0.906416 0.422387 0 0.926452 0.376412 0 0.906416 0.422387 
0 0.926452 0.376412 0 0.906416 0.422387 0 0.926452 0.376412 
0 0.906416 0.422387 0 0.926452 0.376412 0 0.906416 0.422387 
0 0.926452 0.376412 0 0.906416 0.422387 0 0.926452 0.376412 
0 0.906416 0.422387 0 0.926452 0.376412 0 0.906416 0.422387 
0 0.926452 0.376412 0 0.906416 0.422387 0 0.926452 0.376412 
0 0.906416 0.422387 0 0.926452 0.376412 0 0.906416 0.422387 
0 0.926452 0.376412 0 0.906416 0.422387 0 0.926452 0.376412 
0 0.906416 0.422387 0 0.926452 0.376412 0 0.906416 0.422387 
0 0.926452 0.376412 0 0.906416 0.422387 0 0.926452 0.376412 
0 0.906416 0.422387 0 0.926452 0.376412 0 0.906416 0.422387 
0 0.926452 0.376412 0 0.906416 0.422387 0 0.926452 0.376412 
0 0.906416 0.422387 0 0.926452 0.376412 0 0.906416 0.422387 
0 0.926452 0.376412 0 0.906416 0.422387 0 0.926452 0.376412 
0 0.906416 0.422387 0 0.926452 0.376412 0 0.906416 0.422387 
0 0.926452 0.376412 0 0.906416 0.422387 0 0.926452 0.376412 
0 0.906416 0.422387 0 0.926452 0.376412 0 0.906416 0.422387 
0 0.926452 0.376412 0 0.906416 0.422387 0 0.926452 0.376412 
0 0.906416 0.422387 0 0.926452 0.376412 0 0.906416 0.422387 
0 0.926452 0.376412 0 0.906416 0.422387 0 0.926452 0.376412 
0 0.906416 0.422387 0 0.926452 0.376412 0 0.906416 0.422387 
0 0.926452 0.376412 0 0.906416 0.422387 0 0.926452 0.376412 
0 0.906416 0.422387 0 0.926452 0.376412 0 0.906416 0.422387 
0 0.926452 0.376412 0 0.906416 0.422387 0 0.926452 0.376412 
0 0.906416 0.422387 0 0.926452 0.376412 0 0.906416 0.422387 
0 0.926452 0.376412 0 0.906416 0.422387 0 0.926452 0.376412 
0 0.906416 0.422387 0 0.926452 0.376412 0 0.906416 0.422387 
0 0.926452 0.376412 0 0.906416 0.422387 0 0.926452 0.376412 
0 0.906416 0.422387 0 0.926452 0.376412 0 0.906416 0.422387 
0 0.926452 0.376412 0 0.906416 0.422387 0 0.926452 0.376412 
0 0.906416 0.422387 0 0.926452 0.376412 0 0.906416 0.422387 
0 0.926452 0.376412 0 0.906416 0.422387 0 0.926452 0.376412 
0 0.906416 0.422387 0 0.926452 0.376412 0 0.906416 0.422387 
0 0.926452 0.376412 0 0.906416 0.422387 0 0.926452 0.376412 
0 -0.872851 0.487986 0 -0.872851 0.487986 0 -0.872851 0.487986 
0 -0.872851 0.487986 0 -0.872851 0.487986 0 -0.872851 0.487986 
0 -0.872851 0.487986 0 -0.872851 0.487986 0 -0.872851 0.487986 
0 -0.872851 0.487986 0 -0.872851 0.487986 0 -0.872851 0.487986 
0 -0.872851 0.487986 0 -0.872851 0.487986 0 -0.872851 0.487986 
0 -0.872851 0.487986 0 -0.872851 0.487986 0 -0.872851 0.487986 
0 -0.872851 0.487986 0 -0.872851 0.487986 0 -0.872851 0.487986 
0 -0.872851 0.487986 0 -0.872851 0.487986 0 -0.872851 0.487986 
0 -0.872851 0.487986 0 -0.872851 0.487986 0 -0.872851 0.487986 
0 -0.872851 0.487986 0 -0.872851 0.487986 0 -0.872851 0.487986 
0 -0.872851 0.487986 0 -0.872851 0.487986 0 -0.872851 0.487986 
0 -0.872851 0.487986 0 -0.872851 0.487986 0 -0.872851 0.487986 
0 -0.872851 0.487986 0 -0.872851 0.487986 0 -0.872851 0.487986 
0 -0.872851 0.487986 0 -0.872851 0.487986 0 -0.872851 0.487986 
0 -0.872851 0.487986 0 -0.872851 0.487986 0 -0.872851 0.487986 
0 -0.872851 0.487986 0 -0.872851 0.487986 0 -0.872851 0.487986 
0 -0.872851 0.487986 0 -0.872851 0.487986 0 -0.872851 0.487986 
0 -0.872851 0.487986 0 -0.872851 0.487986 0 -0.872851 0.487986 
0 -0.872851 0.487986 0 -0.872851 0.487986 0 -0.872851 0.487986 
0 -0.872851 0.487986 0 -0.872851 0.487986 0 -0.872851 0.487986 
0 0.872851 0.487986 0 0.872851 0.487986 0 0.872851 0.487986 
0 0.872851 0.487986 0 0.872851 0.487986 0 0.872851 0.487986 
0 0.872851 0.487986 0 0.872851 0.487986 0 0.872851 0.487986 
0 0.872851 0.487986 0 0.872851 0.487986 0 0.872851 0.487986 
0 0.872851 0.487986 0 0.872851 0.487986 0 0.872851 0.487986 
0 0.872851 0.487986 0 0.872851 0.487986 0 0.872851 0.487986 
0 0.872851 0.487986 0 0.872851 0.487986 0 0.872851 0.487986 
0 0.872851 0.487986 0 0.872851 0.487986 0 0.872851 0.487986 
0 0.872851 0.487986 0 0.872851 0.487986 0 0.872851 0.487986 
0 0.872851 0.487986 0 0.872851 0.487986 0 0.872851 0.487986 
0 0.872851 0.487986 0 0.872851 0.487986 0 0.872851 0.487986 
0 0.872851 0.487986 0 0.872851 0.487986 0 0.872851 0.487986 
0 0.872851 0.487986 0 0.872851 0.487986 0 0.872851 0.487986 
0 0.872851 0.487986 0 0.872851 0.487986 0 0.872851 0.487986 
0 0.872851 0.487986 0 0.872851 0.487986 0 0.872851 0.487986 
0 0.872851 0.487986 0 0.872851 0.487986 0 0.872851 0.487986 
0 0.872851 0.487986 0 0.872851 0.487986 0 0.872851 0.487986 
0 0.872851 0.487986 0 0.872851 0.487986 0 0.872851 0.487986 
0 0.872851 0.487986 0 0.872851 0.487986 0 0.872851 0.487986 
0 0.872851 0.487986 0 0.872851 0.487986 0 0.872851 0.487986 
0 -0.858083 0.513512 0 -0.858083 0.513512 0 -0.858083 0.513512 
0 -0.858083 0.513512 0 -0.858083 0.513512 0 -0.858083 0.513512 
0 -0.858083 0.513512 0 -0.858083 0.513512 0 -0.858083 0.513512 
0 -0.858083 0.513512 0 -0.858083 0.513512 0 -0.858083 0.513512 
0 -0.858083 0.513512 0 -0.858083 0.513512 0 -0.858083 0.513512 
0 -0.858083 0.513512 0 -0.858083 0.513512 0 -0.858083 0.513512 
0 -0.858083 0.513512 0 -0.858083 0.513512 0 -0.858083 0.513512 
0 -0.858083 0.513512 0 -0.858083 0.513512 0 -0.858083 0.513512 
0 -0.858083 0.513512 0 -0.858083 0.513512 0 -0.858083 0.513512 
0 -0.858083 0.513512 0 -0.858083 0.513512 0 -0.858083 0.513512 
0 -0.858083 0.513512 0 -0.858083 0.513512 0 -0.858083 0.513512 
0 -0.858083 0.513512 0 -0.858083 0.513512 0 -0.858083 0.513512 
0 -0.858083 0.513512 0 -0.858083 0.513512 0 -0.858083 0.513512 
0 -0.858083 0.513512 0 -0.858083 0.513512 0 -0.858083 0.513512 
0 -0.858083 0.513512 0 -0.858083 0.513512 0 -0.858083 0.513512 
0 -0.858083 0.513512 0 -0.858083 0.513512 0 -0.858083 0.513512 
0 -0.858083 0.513512 0 -0.858083 0.513512 0 -0.858083 0.513512 
0 -0.858083 0.513512 0 -0.858083 0.513512 0 -0.858083 0.513512 
0 -0.858083 0.513512 0 -0.858083 0.513512 0 -0.858083 0.513512 
0 -0.858083 0.513512 0 -0.858083 0.513512 0 -0.858083 0.513512 
0 -0.835194 0.549956 0 -0.835194 0.549956 0 -0.835194 0.549956 
0 -0.835194 0.549956 0 -0.835194 0.549956 0 -0.835194 0.549956 
0 -0.835194 0.549956 0 -0.835194 0.549956 0 -0.835194 0.549956 
0 -0.835194 0.549956 0 -0.835194 0.549956 0 -0.835194 0.549956 
0 -0.835194 0.549956 0 -0.835194 0.549956 0 -0.835194 0.549956 
0 -0.835194 0.549956 0 -0.835194 0.549956 0 -0.835194 0.549956 
0 -0.835194 0.549956 0 -0.835194 0.549956 0 -0.835194 0.549956 
0 -0.835194 0.549956 0 -0.835194 0.549956 0 -0.835194 0.549956 
0 -0.835194 0.549956 0 -0.835194 0.549956 0 -0.835194 0.549956 
0 -0.835194 0.549956 0 -0.835194 0.549956 0 -0.835194 0.549956 
0 -0.835194 0.549956 0 -0.835194 0.549956 0 -0.835194 0.549956 
0 -0.835194 0.549956 0 -0.835194 0.549956 0 -0.835194 0.549956 
0 -0.835194 0.549956 0 -0.835194 0.549956 0 -0.835194 0.549956 
0 -0.835194 0.549956 0 -0.835194 0.549956 0 -0.835194 0.549956 
0 -0.835194 0.549956 0 -0.835194 0.549956 0 -0.835194 0.549956 
0 -0.835194 0.549956 0 -0.835194 0.549956 0 -0.835194 0.549956 
0 -0.835194 0.549956 0 -0.835194 0.549956 0 -0.835194 0.549956 
0 -0.835194 0.549956 0 -0.835194 0.549956 0 -0.835194 0.549956 
0 -0.835194 0.549956 0 -0.835194 0.549956 0 -0.835194 0.549956 
0 -0.835194 0.549956 0 -0.835194 0.549956 0 -0.835194 0.549956 
0 0.858083 0.513512 0 0.835194 0.549956 0 0.858083 0.513512 
0 0.835194 0.549956 0 0.835194 0.549956 0 0.858083 0.513512 
0 0.835194 0.549956 0 0.858083 0.513512 0 0.835194 0.549956 
0 0.858083 0.513512 0 0.835194 0.549956 0 0.858083 0.513512 
0 0.835194 0.549956 0 0.858083 0.513512 0 0.835194 0.549956 
0 0.858083 0.513512 0 0.835194 0.549956 0 0.858083 0.513512 
0 0.835194 0.549956 0 0.858083 0.513512 0 0.835194 0.549956 
0 0.858083 0.513512 0 0.835194 0.549956 0 0.858083 0.513512 
0 0.835194 0.549956 0 0.858083 0.513512 0 0.835194 0.549956 
0 0.858083 0.513512 0 0.835194 0.549956 0 0.858083 0.513512 
0 0.835194 0.549956 0 0.858083 0.513512 0 0.835194 0.549956 
0 0.858083 0.513512 0 0.835194 0.549956 0 0.858083 0.513512 
0 0.835194 0.549956 0 0.858083 0.513512 0 0.835194 0.549956 
0 0.858083 0.513512 0 0.835194 0.549956 0 0.858083 0.513512 
0 0.835194 0.549956 0 0.858083 0.513512 0 0.835194 0.549956 
0 0.858083 0.513512 0 0.835194 0.549956 0 0.858083 0.513512 
0 0.835194 0.549956 0 0.858083 0.513512 0 0.835194 0.549956 
0 0.858083 0.513512 0 0.835194 0.549956 0 0.858083 0.513512 
0 0.835194 0.549956 0 0.858083 0.513512 0 0.835194 0.549956 
0 0.858083 0.513512 0 0.835194 0.549956 0 0.858083 0.513512 
0 0.835194 0.549956 0 0.858083 0.513512 0 0.835194 0.549956 
0 0.858083 0.513512 0 0.835194 0.549956 0 0.858083 0.513512 
0 0.835194 0.549956 0 0.858083 0.513512 0 0.835194 0.549956 
0 0.858083 0.513512 0 0.835194 0.549956 0 0.858083 0.513512 
0 0.835194 0.549956 0 0.858083 0.513512 0 0.835194 0.549956 
0 0.858083 0.513512 0 0.835194 0.549956 0 0.858083 0.513512 
0 0.835194 0.549956 0 0.858083 0.513512 0 0.835194 0.549956 
0 0.858083 0.513512 0 0.835194 0.549956 0 0.858083 0.513512 
0 0.835194 0.549956 0 0.858083 0.513512 0 0.835194 0.549956 
0 0.858083 0.513512 0 0.835194 0.549956 0 0.858083 0.513512 
0 0.835194 0.549956 0 0.858083 0.513512 0 0.835194 0.549956 
0 0.858083 0.513512 0 0.835194 0.549956 0 0.858083 0.513512 
0 0.835194 0.549956 0 0.858083 0.513512 0 0.835194 0.549956 
0 0.858083 0.513512 0 0.835194 0.549956 0 0.858083 0.513512 
0 0.835194 0.549956 0 0.858083 0.513512 0 0.835194 0.549956 
0 0.858083 0.513512 0 0.835194 0.549956 0 0.858083 0.513512 
0 0.835194 0.549956 0 0.858083 0.513512 0 0.835194 0.549956 
0 0.858083 0.513512 0 0.835194 0.549956 0 0.858083 0.513512 
0 0.835194 0.549956 0 0.858083 0.513512 0 0.835194 0.549956 
0 0.858083 0.513512 0 0.835194 0.549956 0 0.858083 0.513512 
0 -0.793365 0.608746 0 -0.793365 0.608746 0 -0.793365 0.608746 
0 -0.793365 0.608746 0 -0.793365 0.608746 0 -0.793365 0.608746 
0 -0.793365 0.608746 0 -0.793365 0.608746 0 -0.793365 0.608746 
0 -0.793365 0.608746 0 -0.793365 0.608746 0 -0.793365 0.608746 
0 -0.793365 0.608746 0 -0.793365 0.608746 0 -0.793365 0.608746 
0 -0.793365 0.608746 0 -0.793365 0.608746 0 -0.793365 0.608746 
0 -0.793365 0.608746 0 -0.793365 0.608746 0 -0.793365 0.608746 
0 -0.793365 0.608746 0 -0.793365 0.608746 0 -0.793365 0.608746 
0 -0.793365 0.608746 0 -0.793365 0.608746 0 -0.793365 0.608746 
0 -0.793365 0.608746 0 -0.793365 0.608746 0 -0.793365 0.608746 
0 -0.793365 0.608746 0 -0.793365 0.608746 0 -0.793365 0.608746 
0 -0.793365 0.608746 0 -0.793365 0.608746 0 -0.793365 0.608746 
0 -0.793365 0.608746 0 -0.793365 0.608746 0 -0.793365 0.608746 
0 -0.793365 0.608746 0 -0.793365 0.608746 0 -0.793365 0.608746 
0 -0.793365 0.608746 0 -0.793365 0.608746 0 -0.793365 0.608746 
0 -0.793365 0.608746 0 -0.793365 0.608746 0 -0.793365 0.608746 
0 -0.793365 0.608746 0 -0.793365 0.608746 0 -0.793365 0.608746 
0 -0.793365 0.608746 0 -0.793365 0.608746 0 -0.793365 0.608746 
0 -0.793365 0.608746 0 -0.793365 0.608746 0 -0.793365 0.608746 
0 -0.793365 0.608746 0 -0.793365 0.608746 0 -0.793365 0.608746 
0 -0.790754 0.612134 0 -0.790754 0.612134 0 -0.790754 0.612134 
0 -0.790754 0.612134 0 -0.790754 0.612134 0 -0.790754 0.612134 
0 -0.790754 0.612134 0 -0.790754 0.612134 0 -0.790754 0.612134 
0 -0.790754 0.612134 0 -0.790754 0.612134 0 -0.790754 0.612134 
0 -0.790754 0.612134 0 -0.790754 0.612134 0 -0.790754 0.612134 
0 -0.790754 0.612134 0 -0.790754 0.612134 0 -0.790754 0.612134 
0 -0.790754 0.612134 0 -0.790754 0.612134 0 -0.790754 0.612134 
0 -0.790754 0.612134 0 -0.790754 0.612134 0 -0.790754 0.612134 
0 -0.790754 0.612134 0 -0.790754 0.612134 0 -0.790754 0.612134 
0 -0.790754 0.612134 0 -0.790754 0.612134 0 -0.790754 0.612134 
0 -0.790754 0.612134 0 -0.790754 0.612134 0 -0.790754 0.612134 
0 -0.790754 0.612134 0 -0.790754 0.612134 0 -0.790754 0.612134 
0 -0.790754 0.612134 0 -0.790754 0.612134 0 -0.790754 0.612134 
0 -0.790754 0.612134 0 -0.790754 0.612134 0 -0.790754 0.612134 
0 -0.790754 0.612134 0 -0.790754 0.612134 0 -0.790754 0.612134 
0 -0.790754 0.612134 0 -0.790754 0.612134 0 -0.790754 0.612134 
0 -0.790754 0.612134 0 -0.790754 0.612134 0 -0.790754 0.612134 
0 -0.790754 0.612134 0 -0.790754 0.612134 0 -0.790754 0.612134 
0 -0.790754 0.612134 0 -0.790754 0.612134 0 -0.790754 0.612134 
0 -0.790754 0.612134 0 -0.790754 0.612134 0 -0.790754 0.612134 
0 0.793365 0.608746 0 0.790754 0.612134 0 0.793365 0.608746 
0 0.790754 0.612134 0 0.790754 0.612134 0 0.793365 0.608746 
0 0.790754 0.612134 0 0.793365 0.608746 0 0.790754 0.612134 
0 0.793365 0.608746 0 0.790754 0.612134 0 0.793365 0.608746 
0 0.790754 0.612134 0 0.793365 0.608746 0 0.790754 0.612134 
0 0.793365 0.608746 0 0.790754 0.612134 0 0.793365 0.608746 
0 0.790754 0.612134 0 0.793365 0.608746 0 0.790754 0.612134 
0 0.793365 0.608746 0 0.790754 0.612134 0 0.793365 0.608746 
0 0.790754 0.612134 0 0.793365 0.608746 0 0.790754 0.612134 
0 0.793365 0.608746 0 0.790754 0.612134 0 0.793365 0.608746 
0 0.790754 0.612134 0 0.793365 0.608746 0 0.790754 0.612134 
0 0.793365 0.608746 0 0.790754 0.612134 0 0.793365 0.608746 
0 0.790754 0.612134 0 0.793365 0.608746 0 0.790754 0.612134 
0 0.793365 0.608746 0 0.790754 0.612134 0 0.793365 0.608746 
0 0.790754 0.612134 0 0.793365 0.608746 0 0.790754 0.612134 
0 0.793365 0.608746 0 0.790754 0.612134 0 0.793365 0.608746 
0 0.790754 0.612134 0 0.793365 0.608746 0 0.790754 0.612134 
0 0.793365 0.608746 0 0.790754 0.612134 0 0.793365 0.608746 
0 0.790754 0.612134 0 0.793365 0.608746 0 0.790754 0.612134 
0 0.793365 0.608746 0 0.790754 0.612134 0 0.793365 0.608746 
0 0.790754 0.612134 0 0.793365 0.608746 0 0.790754 0.612134 
0 0.793365 0.608746 0 0.790754 0.612134 0 0.793365 0.608746 
0 0.790754 0.612134 0 0.793365 0.608746 0 0.790754 0.612134 
0 0.793365 0.608746 0 0.790754 0.612134 0 0.793365 0.608746 
0 0.790754 0.612134 0 0.793365 0.608746 0 0.790754 0.612134 
0 0.793365 0.608746 0 0.790754 0.612134 0 0.793365 0.608746 
0 0.790754 0.612134 0 0.793365 0.608746 0 0.790754 0.612134 
0 0.793365 0.608746 0 0.790754 0.612134 0 0.793365 0.608746 
0 0.790754 0.612134 0 0.793365 0.608746 0 0.790754 0.612134 
0 0.793365 0.608746 0 0.790754 0.612134 0 0.793365 0.608746 
0 0.790754 0.612134 0 0.793365 0.608746 0 0.790754 0.612134 
0 0.793365 0.608746 0 0.790754 0.612134 0 0.793365 0.608746 
0 0.790754 0.612134 0 0.793365 0.608746 0 0.790754 0.612134 
0 0.793365 0.608746 0 0.790754 0.612134 0 0.793365 0.608746 
0 0.790754 0.612134 0 0.793365 0.608746 0 0.790754 0.612134 
0 0.793365 0.608746 0 0.790754 0.612134 0 0.793365 0.608746 
0 0.790754 0.612134 0 0.793365 0.608746 0 0.790754 0.612134 
0 0.793365 0.608746 0 0.790754 0.612134 0 0.793365 0.608746 
0 0.790754 0.612134 0 0.793365 0.608746 0 0.790754 0.612134 
0 0.793365 0.608746 0 0.790754 0.612134 0 0.793365 0.608746 
0 -0.740141 0.672452 0 -0.740141 0.672452 0 -0.740141 0.672452 
0 -0.740141 0.672452 0 -0.740141 0.672452 0 -0.740141 0.672452 
0 -0.740141 0.672452 0 -0.740141 0.672452 0 -0.740141 0.672452 
0 -0.740141 0.672452 0 -0.740141 0.672452 0 -0.740141 0.672452 
0 -0.740141 0.672452 0 -0.740141 0.672452 0 -0.740141 0.672452 
0 -0.740141 0.672452 0 -0.740141 0.672452 0 -0.740141 0.672452 
0 -0.740141 0.672452 0 -0.740141 0.672452 0 -0.740141 0.672452 
0 -0.740141 0.672452 0 -0.740141 0.672452 0 -0.740141 0.672452 
0 -0.740141 0.672452 0 -0.740141 0.672452 0 -0.740141 0.672452 
0 -0.740141 0.672452 0 -0.740141 0.672452 0 -0.740141 0.672452 
0 -0.740141 0.672452 0 -0.740141 0.672452 0 -0.740141 0.672452 
0 -0.740141 0.672452 0 -0.740141 0.672452 0 -0.740141 0.672452 
0 -0.740141 0.672452 0 -0.740141 0.672452 0 -0.740141 0.672452 
0 -0.740141 0.672452 0 -0.740141 0.672452 0 -0.740141 0.672452 
0 -0.740141 0.672452 0 -0.740141 0.672452 0 -0.740141 0.672452 
0 -0.740141 0.672452 0 -0.740141 0.672452 0 -0.740141 0.672452 
0 -0.740141 0.672452 0 -0.740141 0.672452 0 -0.740141 0.672452 
0 -0.740141 0.672452 0 -0.740141 0.672452 0 -0.740141 0.672452 
0 -0.740141 0.672452 0 -0.740141 0.672452 0 -0.740141 0.672452 
0 -0.740141 0.672452 0 -0.740141 0.672452 0 -0.740141 0.672452 
0 0.740141 0.672452 0 0.740141 0.672452 0 0.740141 0.672452 
0 0.740141 0.672452 0 0.740141 0.672452 0 0.740141 0.672452 
0 0.740141 0.672452 0 0.740141 0.672452 0 0.740141 0.672452 
0 0.740141 0.672452 0 0.740141 0.672452 0 0.740141 0.672452 
0 0.740141 0.672452 0 0.740141 0.672452 0 0.740141 0.672452 
0 0.740141 0.672452 0 0.740141 0.672452 0 0.740141 0.672452 
0 0.740141 0.672452 0 0.740141 0.672452 0 0.740141 0.672452 
0 0.740141 0.672452 0 0.740141 0.672452 0 0.740141 0.672452 
0 0.740141 0.672452 0 0.740141 0.672452 0 0.740141 0.672452 
0 0.740141 0.672452 0 0.740141 0.672452 0 0.740141 0.672452 
0 0.740141 0.672452 0 0.740141 0.672452 0 0.740141 0.672452 
0 0.740141 0.672452 0 0.740141 0.672452 0 0.740141 0.672452 
0 0.740141 0.672452 0 0.740141 0.672452 0 0.740141 0.672452 
0 0.740141 0.672452 0 0.740141 0.672452 0 0.740141 0.672452 
0 0.740141 0.672452 0 0.740141 0.672452 0 0.740141 0.672452 
0 0.740141 0.672452 0 0.740141 0.672452 0 0.740141 0.672452 
0 0.740141 0.672452 0 0.740141 0.672452 0 0.740141 0.672452 
0 0.740141 0.672452 0 0.740141 0.672452 0 0.740141 0.672452 
0 0.740141 0.672452 0 0.740141 0.672452 0 0.740141 0.672452 
0 0.740141 0.672452 0 0.740141 0.672452 0 0.740141 0.672452 
0 -0.732625 0.680632 0 -0.732625 0.680632 0 -0.732625 0.680632 
0 -0.732625 0.680632 0 -0.732625 0.680632 0 -0.732625 0.680632 
0 -0.732625 0.680632 0 -0.732625 0.680632 0 -0.732625 0.680632 
0 -0.732625 0.680632 0 -0.732625 0.680632 0 -0.732625 0.680632 
0 -0.732625 0.680632 0 -0.732625 0.680632 0 -0.732625 0.680632 
0 -0.732625 0.680632 0 -0.732625 0.680632 0 -0.732625 0.680632 
0 -0.732625 0.680632 0 -0.732625 0.680632 0 -0.732625 0.680632 
0 -0.732625 0.680632 0 -0.732625 0.680632 0 -0.732625 0.680632 
0 -0.732625 0.680632 0 -0.732625 0.680632 0 -0.732625 0.680632 
0 -0.732625 0.680632 0 -0.732625 0.680632 0 -0.732625 0.680632 
0 -0.732625 0.680632 0 -0.732625 0.680632 0 -0.732625 0.680632 
0 -0.732625 0.680632 0 -0.732625 0.680632 0 -0.732625 0.680632 
0 -0.732625 0.680632 0 -0.732625 0.680632 0 -0.732625 0.680632 
0 -0.732625 0.680632 0 -0.732625 0.680632 0 -0.732625 0.680632 
0 -0.732625 0.680632 0 -0.732625 0.680632 0 -0.732625 0.680632 
0 -0.732625 0.680632 0 -0.732625 0.680632 0 -0.732625 0.680632 
0 -0.732625 0.680632 0 -0.732625 0.680632 0 -0.732625 0.680632 
0 -0.732625 0.680632 0 -0.732625 0.680632 0 -0.732625 0.680632 
0 -0.732625 0.680632 0 -0.732625 0.680632 0 -0.732625 0.680632 
0 -0.732625 0.680632 0 -0.732625 0.680632 0 -0.732625 0.680632 
0 -0.680632 0.732625 0 -0.680632 0.732625 0 -0.680632 0.732625 
0 -0.680632 0.732625 0 -0.680632 0.732625 0 -0.680632 0.732625 
0 -0.680632 0.732625 0 -0.680632 0.732625 0 -0.680632 0.732625 
0 -0.680632 0.732625 0 -0.680632 0.732625 0 -0.680632 0.732625 
0 -0.680632 0.732625 0 -0.680632 0.732625 0 -0.680632 0.732625 
0 -0.680632 0.732625 0 -0.680632 0.732625 0 -0.680632 0.732625 
0 -0.680632 0.732625 0 -0.680632 0.732625 0 -0.680632 0.732625 
0 -0.680632 0.732625 0 -0.680632 0.732625 0 -0.680632 0.732625 
0 -0.680632 0.732625 0 -0.680632 0.732625 0 -0.680632 0.732625 
0 -0.680632 0.732625 0 -0.680632 0.732625 0 -0.680632 0.732625 
0 -0.680632 0.732625 0 -0.680632 0.732625 0 -0.680632 0.732625 
0 -0.680632 0.732625 0 -0.680632 0.732625 0 -0.680632 0.732625 
0 -0.680632 0.732625 0 -0.680632 0.732625 0 -0.680632 0.732625 
0 -0.680632 0.732625 0 -0.680632 0.732625 0 -0.680632 0.732625 
0 -0.680632 0.732625 0 -0.680632 0.732625 0 -0.680632 0.732625 
0 -0.680632 0.732625 0 -0.680632 0.732625 0 -0.680632 0.732625 
0 -0.680632 0.732625 0 -0.680632 0.732625 0 -0.680632 0.732625 
0 -0.680632 0.732625 0 -0.680632 0.732625 0 -0.680632 0.732625 
0 -0.680632 0.732625 0 -0.680632 0.732625 0 -0.680632 0.732625 
0 -0.680632 0.732625 0 -0.680632 0.732625 0 -0.680632 0.732625 
0 0.732625 0.680632 0 0.680632 0.732625 0 0.732625 0.680632 
0 0.680632 0.732625 0 0.680632 0.732625 0 0.732625 0.680632 
0 0.680632 0.732625 0 0.732625 0.680632 0 0.680632 0.732625 
0 0.732625 0.680632 0 0.680632 0.732625 0 0.732625 0.680632 
0 0.680632 0.732625 0 0.732625 0.680632 0 0.680632 0.732625 
0 0.732625 0.680632 0 0.680632 0.732625 0 0.732625 0.680632 
0 0.680632 0.732625 0 0.732625 0.680632 0 0.680632 0.732625 
0 0.732625 0.680632 0 0.680632 0.732625 0 0.732625 0.680632 
0 0.680632 0.732625 0 0.732625 0.680632 0 0.680632 0.732625 
0 0.732625 0.680632 0 0.680632 0.732625 0 0.732625 0.680632 
0 0.680632 0.732625 0 0.732625 0.680632 0 0.680632 0.732625 
0 0.732625 0.680632 0 0.680632 0.732625 0 0.732625 0.680632 
0 0.680632 0.732625 0 0.732625 0.680632 0 0.680632 0.732625 
0 0.732625 0.680632 0 0.680632 0.732625 0 0.732625 0.680632 
0 0.680632 0.732625 0 0.732625 0.680632 0 0.680632 0.732625 
0 0.732625 0.680632 0 0.680632 0.732625 0 0.732625 0.680632 
0 0.680632 0.732625 0 0.732625 0.680632 0 0.680632 0.732625 
0 0.732625 0.680632 0 0.680632 0.732625 0 0.732625 0.680632 
0 0.680632 0.732625 0 0.732625 0.680632 0 0.680632 0.732625 
0 0.732625 0.680632 0 0.680632 0.732625 0 0.732625 0.680632 
0 0.680632 0.732625 0 0.732625 0.680632 0 0.680632 0.732625 
0 0.732625 0.680632 0 0.680632 0.732625 0 0.732625 0.680632 
0 0.680632 0.732625 0 0.732625 0.680632 0 0.680632 0.732625 
0 0.732625 0.680632 0 0.680632 0.732625 0 0.732625 0.680632 
0 0.680632 0.732625 0 0.732625 0.680632 0 0.680632 0.732625 
0 0.732625 0.680632 0 0.680632 0.732625 0 0.732625 0.680632 
0 0.680632 0.732625 0 0.732625 0.680632 0 0.680632 0.732625 
0 0.732625 0.680632 0 0.680632 0.732625 0 0.732625 0.680632 
0 0.680632 0.732625 0 0.732625 0.680632 0 0.680632 0.732625 
0 0.732625 0.680632 0 0.680632 0.732625 0 0.732625 0.680632 
0 0.680632 0.732625 0 0.732625 0.680632 0 0.680632 0.732625 
0 0.732625 0.680632 0 0.680632 0.732625 0 0.732625 0.680632 
0 0.680632 0.732625 0 0.732625 0.680632 0 0.680632 0.732625 
0 0.732625 0.680632 0 0.680632 0.732625 0 0.732625 0.680632 
0 0.680632 0.732625 0 0.732625 0.680632 0 0.680632 0.732625 
0 0.732625 0.680632 0 0.680632 0.732625 0 0.732625 0.680632 
0 0.680632 0.732625 0 0.732625 0.680632 0 0.680632 0.732625 
0 0.732625 0.680632 0 0.680632 0.732625 0 0.732625 0.680632 
0 0.680632 0.732625 0 0.732625 0.680632 0 0.680632 0.732625 
0 0.732625 0.680632 0 0.680632 0.732625 0 0.732625 0.680632 
0 -0.672452 0.740141 0 -0.672452 0.740141 0 -0.672452 0.740141 
0 -0.672452 0.740141 0 -0.672452 0.740141 0 -0.672452 0.740141 
0 -0.672452 0.740141 0 -0.672452 0.740141 0 -0.672452 0.740141 
0 -0.672452 0.740141 0 -0.672452 0.740141 0 -0.672452 0.740141 
0 -0.672452 0.740141 0 -0.672452 0.740141 0 -0.672452 0.740141 
0 -0.672452 0.740141 0 -0.672452 0.740141 0 -0.672452 0.740141 
0 -0.672452 0.740141 0 -0.672452 0.740141 0 -0.672452 0.740141 
0 -0.672452 0.740141 0 -0.672452 0.740141 0 -0.672452 0.740141 
0 -0.672452 0.740141 0 -0.672452 0.740141 0 -0.672452 0.740141 
0 -0.672452 0.740141 0 -0.672452 0.740141 0 -0.672452 0.740141 
0 -0.672452 0.740141 0 -0.672452 0.740141 0 -0.672452 0.740141 
0 -0.672452 0.740141 0 -0.672452 0.740141 0 -0.672452 0.740141 
0 -0.672452 0.740141 0 -0.672452 0.740141 0 -0.672452 0.740141 
0 -0.672452 0.740141 0 -0.672452 0.740141 0 -0.672452 0.740141 
0 -0.672452 0.740141 0 -0.672452 0.740141 0 -0.672452 0.740141 
0 -0.672452 0.740141 0 -0.672452 0.740141 0 -0.672452 0.740141 
0 -0.672452 0.740141 0 -0.672452 0.740141 0 -0.672452 0.740141 
0 -0.672452 0.740141 0 -0.672452 0.740141 0 -0.672452 0.740141 
0 -0.672452 0.740141 0 -0.672452 0.740141 0 -0.672452 0.740141 
0 -0.672452 0.740141 0 -0.672452 0.740141 0 -0.672452 0.740141 
0 -0.612134 0.790754 0 -0.612134 0.790754 0 -0.612134 0.790754 
0 -0.612134 0.790754 0 -0.612134 0.790754 0 -0.612134 0.790754 
0 -0.612134 0.790754 0 -0.612134 0.790754 0 -0.612134 0.790754 
0 -0.612134 0.790754 0 -0.612134 0.790754 0 -0.612134 0.790754 
0 -0.612134 0.790754 0 -0.612134 0.790754 0 -0.612134 0.790754 
0 -0.612134 0.790754 0 -0.612134 0.790754 0 -0.612134 0.790754 
0 -0.612134 0.790754 0 -0.612134 0.790754 0 -0.612134 0.790754 
0 -0.612134 0.790754 0 -0.612134 0.790754 0 -0.612134 0.790754 
0 -0.612134 0.790754 0 -0.612134 0.790754 0 -0.612134 0.790754 
0 -0.612134 0.790754 0 -0.612134 0.790754 0 -0.612134 0.790754 
0 -0.612134 0.790754 0 -0.612134 0.790754 0 -0.612134 0.790754 
0 -0.612134 0.790754 0 -0.612134 0.790754 0 -0.612134 0.790754 
0 -0.612134 0.790754 0 -0.612134 0.790754 0 -0.612134 0.790754 
0 -0.612134 0.790754 0 -0.612134 0.790754 0 -0.612134 0.790754 
0 -0.612134 0.790754 0 -0.612134 0.790754 0 -0.612134 0.790754 
0 -0.612134 0.790754 0 -0.612134 0.790754 0 -0.612134 0.790754 
0 -0.612134 0.790754 0 -0.612134 0.790754 0 -0.612134 0.790754 
0 -0.612134 0.790754 0 -0.612134 0.790754 0 -0.612134 0.790754 
0 -0.612134 0.790754 0 -0.612134 0.790754 0 -0.612134 0.790754 
0 -0.612134 0.790754 0 -0.612134 0.790754 0 -0.612134 0.790754 
0 -0.608746 0.793365 0 -0.608746 0.793365 0 -0.608746 0.793365 
0 -0.608746 0.793365 0 -0.608746 0.793365 0 -0.608746 0.793365 
0 -0.608746 0.793365 0 -0.608746 0.793365 0 -0.608746 0.793365 
0 -0.608746 0.793365 0 -0.608746 0.793365 0 -0.608746 0.793365 
0 -0.608746 0.793365 0 -0.608746 0.793365 0 -0.608746 0.793365 
0 -0.608746 0.793365 0 -0.608746 0.793365 0 -0.608746 0.793365 
0 -0.608746 0.793365 0 -0.608746 0.793365 0 -0.608746 0.793365 
0 -0.608746 0.793365 0 -0.608746 0.793365 0 -0.608746 0.793365 
0 -0.608746 0.793365 0 -0.608746 0.793365 0 -0.608746 0.793365 
0 -0.608746 0.793365 0 -0.608746 0.793365 0 -0.608746 0.793365 
0 -0.608746 0.793365 0 -0.608746 0.793365 0 -0.608746 0.793365 
0 -0.608746 0.793365 0 -0.608746 0.793365 0 -0.608746 0.793365 
0 -0.608746 0.793365 0 -0.608746 0.793365 0 -0.608746 0.793365 
0 -0.608746 0.793365 0 -0.608746 0.793365 0 -0.608746 0.793365 
0 -0.608746 0.793365 0 -0.608746 0.793365 0 -0.608746 0.793365 
0 -0.608746 0.793365 0 -0.608746 0.793365 0 -0.608746 0.793365 
0 -0.608746 0.793365 0 -0.608746 0.793365 0 -0.608746 0.793365 
0 -0.608746 0.793365 0 -0.608746 0.793365 0 -0.608746 0.793365 
0 -0.608746 0.793365 0 -0.608746 0.793365 0 -0.608746 0.793365 
0 -0.608746 0.793365 0 -0.608746 0.793365 0 -0.608746 0.793365 
0 0.612134 0.790754 0 0.608746 0.793365 0 0.612134 0.790754 
0 0.608746 0.793365 0 0.608746 0.793365 0 0.612134 0.790754 
0 0.608746 0.793365 0 0.612134 0.790754 0 0.608746 0.793365 
0 0.612134 0.790754 0 0.608746 0.793365 0 0.612134 0.790754 
0 0.608746 0.793365 0 0.612134 0.790754 0 0.608746 0.793365 
0 0.612134 0.790754 0 0.608746 0.793365 0 0.612134 0.790754 
0 0.608746 0.793365 0 0.612134 0.790754 0 0.608746 0.793365 
0 0.612134 0.790754 0 0.608746 0.793365 0 0.612134 0.790754 
0 0.608746 0.793365 0 0.612134 0.790754 0 0.608746 0.793365 
0 0.612134 0.790754 0 0.608746 0.793365 0 0.612134 0.790754 
0 0.608746 0.793365 0 0.612134 0.790754 0 0.608746 0.793365 
0 0.612134 0.790754 0 0.608746 0.793365 0 0.612134 0.790754 
0 0.608746 0.793365 0 0.612134 0.790754 0 0.608746 0.793365 
0 0.612134 0.790754 0 0.608746 0.793365 0 0.612134 0.790754 
0 0.608746 0.793365 0 0.612134 0.790754 0 0.608746 0.793365 
0 0.612134 0.790754 0 0.608746 0.793365 0 0.612134 0.790754 
0 0.608746 0.793365 0 0.612134 0.790754 0 0.608746 0.793365 
0 0.612134 0.790754 0 0.608746 0.793365 0 0.612134 0.790754 
0 0.608746 0.793365 0 0.612134 0.790754 0 0.608746 0.793365 
0 0.612134 0.790754 0 0.608746 0.793365 0 0.612134 0.790754 
0 0.608746 0.793365 0 0.612134 0.790754 0 0.608746 0.793365 
0 0.612134 0.790754 0 0.608746 0.793365 0 0.612134 0.790754 
0 0.608746 0.793365 0 0.612134 0.790754 0 0.608746 0.793365 
0 0.612134 0.790754 0 0.608746 0.793365 0 0.612134 0.790754 
0 0.608746 0.793365 0 0.612134 0.790754 0 0.608746 0.793365 
0 0.612134 0.790754 0 0.608746 0.793365 0 0.612134 0.790754 
0 0.608746 0.793365 0 0.612134 0.790754 0 0.608746 0.793365 
0 0.612134 0.790754 0 0.608746 0.793365 0 0.612134 0.790754 
0 0.608746 0.793365 0 0.612134 0.790754 0 0.608746 0.793365 
0 0.612134 0.790754 0 0.608746 0.793365 0 0.612134 0.790754 
0 0.608746 0.793365 0 0.612134 0.790754 0 0.608746 0.793365 
0 0.612134 0.790754 0 0.608746 0.793365 0 0.612134 0.790754 
0 0.608746 0.793365 0 0.612134 0.790754 0 0.608746 0.793365 
0 0.612134 0.790754 0 0.608746 0.793365 0 0.612134 0.790754 
0 0.608746 0.793365 0 0.612134 0.790754 0 0.608746 0.793365 
0 0.612134 0.790754 0 0.608746 0.793365 0 0.612134 0.790754 
0 0.608746 0.793365 0 0.612134 0.790754 0 0.608746 0.793365 
0 0.612134 0.790754 0 0.608746 0.793365 0 0.612134 0.790754 
0 0.608746 0.793365 0 0.612134 0.790754 0 0.608746 0.793365 
0 0.612134 0.790754 0 0.608746 0.793365 0 0.612134 0.790754 
0 0.672452 0.740141 0 0.672452 0.740141 0 0.672452 0.740141 
0 0.672452 0.740141 0 0.672452 0.740141 0 0.672452 0.740141 
0 0.672452 0.740141 0 0.672452 0.740141 0 0.672452 0.740141 
0 0.672452 0.740141 0 0.672452 0.740141 0 0.672452 0.740141 
0 0.672452 0.740141 0 0.672452 0.740141 0 0.672452 0.740141 
0 0.672452 0.740141 0 0.672452 0.740141 0 0.672452 0.740141 
0 0.672452 0.740141 0 0.672452 0.740141 0 0.672452 0.740141 
0 0.672452 0.740141 0 0.672452 0.740141 0 0.672452 0.740141 
0 0.672452 0.740141 0 0.672452 0.740141 0 0.672452 0.740141 
0 0.672452 0.740141 0 0.672452 0.740141 0 0.672452 0.740141 
0 0.672452 0.740141 0 0.672452 0.740141 0 0.672452 0.740141 
0 0.672452 0.740141 0 0.672452 0.740141 0 0.672452 0.740141 
0 0.672452 0.740141 0 0.672452 0.740141 0 0.672452 0.740141 
0 0.672452 0.740141 0 0.672452 0.740141 0 0.672452 0.740141 
0 0.672452 0.740141 0 0.672452 0.740141 0 0.672452 0.740141 
0 0.672452 0.740141 0 0.672452 0.740141 0 0.672452 0.740141 
0 0.672452 0.740141 0 0.672452 0.740141 0 0.672452 0.740141 
0 0.672452 0.740141 0 0.672452 0.740141 0 0.672452 0.740141 
0 0.672452 0.740141 0 0.672452 0.740141 0 0.672452 0.740141 
0 0.672452 0.740141 0 0.672452 0.740141 0 0.672452 0.740141 
0 -0.549956 0.835194 0 -0.549956 0.835194 0 -0.549956 0.835194 
0 -0.549956 0.835194 0 -0.549956 0.835194 0 -0.549956 0.835194 
0 -0.549956 0.835194 0 -0.549956 0.835194 0 -0.549956 0.835194 
0 -0.549956 0.835194 0 -0.549956 0.835194 0 -0.549956 0.835194 
0 -0.549956 0.835194 0 -0.549956 0.835194 0 -0.549956 0.835194 
0 -0.549956 0.835194 0 -0.549956 0.835194 0 -0.549956 0.835194 
0 -0.549956 0.835194 0 -0.549956 0.835194 0 -0.549956 0.835194 
0 -0.549956 0.835194 0 -0.549956 0.835194 0 -0.549956 0.835194 
0 -0.549956 0.835194 0 -0.549956 0.835194 0 -0.549956 0.835194 
0 -0.549956 0.835194 0 -0.549956 0.835194 0 -0.549956 0.835194 
0 -0.549956 0.835194 0 -0.549956 0.835194 0 -0.549956 0.835194 
0 -0.549956 0.835194 0 -0.549956 0.835194 0 -0.549956 0.835194 
0 -0.549956 0.835194 0 -0.549956 0.835194 0 -0.549956 0.835194 
0 -0.549956 0.835194 0 -0.549956 0.835194 0 -0.549956 0.835194 
0 -0.549956 0.835194 0 -0.549956 0.835194 0 -0.549956 0.835194 
0 -0.549956 0.835194 0 -0.549956 0.835194 0 -0.549956 0.835194 
0 -0.549956 0.835194 0 -0.549956 0.835194 0 -0.549956 0.835194 
0 -0.549956 0.835194 0 -0.549956 0.835194 0 -0.549956 0.835194 
0 -0.549956 0.835194 0 -0.549956 0.835194 0 -0.549956 0.835194 
0 -0.549956 0.835194 0 -0.549956 0.835194 0 -0.549956 0.835194 
0 -0.513512 0.858083 0 -0.513512 0.858083 0 -0.513512 0.858083 
0 -0.513512 0.858083 0 -0.513512 0.858083 0 -0.513512 0.858083 
0 -0.513512 0.858083 0 -0.513512 0.858083 0 -0.513512 0.858083 
0 -0.513512 0.858083 0 -0.513512 0.858083 0 -0.513512 0.858083 
0 -0.513512 0.858083 0 -0.513512 0.858083 0 -0.513512 0.858083 
0 -0.513512 0.858083 0 -0.513512 0.858083 0 -0.513512 0.858083 
0 -0.513512 0.858083 0 -0.513512 0.858083 0 -0.513512 0.858083 
0 -0.513512 0.858083 0 -0.513512 0.858083 0 -0.513512 0.858083 
0 -0.513512 0.858083 0 -0.513512 0.858083 0 -0.513512 0.858083 
0 -0.513512 0.858083 0 -0.513512 0.858083 0 -0.513512 0.858083 
0 -0.513512 0.858083 0 -0.513512 0.858083 0 -0.513512 0.858083 
0 -0.513512 0.858083 0 -0.513512 0.858083 0 -0.513512 0.858083 
0 -0.513512 0.858083 0 -0.513512 0.858083 0 -0.513512 0.858083 
0 -0.513512 0.858083 0 -0.513512 0.858083 0 -0.513512 0.858083 
0 -0.513512 0.858083 0 -0.513512 0.858083 0 -0.513512 0.858083 
0 -0.513512 0.858083 0 -0.513512 0.858083 0 -0.513512 0.858083 
0 -0.513512 0.858083 0 -0.513512 0.858083 0 -0.513512 0.858083 
0 -0.513512 0.858083 0 -0.513512 0.858083 0 -0.513512 0.858083 
0 -0.513512 0.858083 0 -0.513512 0.858083 0 -0.513512 0.858083 
0 -0.513512 0.858083 0 -0.513512 0.858083 0 -0.513512 0.858083 
0 0.549956 0.835194 0 0.513512 0.858083 0 0.549956 0.835194 
0 0.513512 0.858083 0 0.513512 0.858083 0 0.549956 0.835194 
0 0.513512 0.858083 0 0.549956 0.835194 0 0.513512 0.858083 
0 0.549956 0.835194 0 0.513512 0.858083 0 0.549956 0.835194 
0 0.513512 0.858083 0 0.549956 0.835194 0 0.513512 0.858083 
0 0.549956 0.835194 0 0.513512 0.858083 0 0.549956 0.835194 
0 0.513512 0.858083 0 0.549956 0.835194 0 0.513512 0.858083 
0 0.549956 0.835194 0 0.513512 0.858083 0 0.549956 0.835194 
0 0.513512 0.858083 0 0.549956 0.835194 0 0.513512 0.858083 
0 0.549956 0.835194 0 0.513512 0.858083 0 0.549956 0.835194 
0 0.513512 0.858083 0 0.549956 0.835194 0 0.513512 0.858083 
0 0.549956 0.835194 0 0.513512 0.858083 0 0.549956 0.835194 
0 0.513512 0.858083 0 0.549956 0.835194 0 0.513512 0.858083 
0 0.549956 0.835194 0 0.513512 0.858083 0 0.549956 0.835194 
0 0.513512 0.858083 0 0.549956 0.835194 0 0.513512 0.858083 
0 0.549956 0.835194 0 0.513512 0.858083 0 0.549956 0.835194 
0 0.513512 0.858083 0 0.549956 0.835194 0 0.513512 0.858083 
0 0.549956 0.835194 0 0.513512 0.858083 0 0.549956 0.835194 
0 0.513512 0.858083 0 0.549956 0.835194 0 0.513512 0.858083 
0 0.549956 0.835194 0 0.513512 0.858083 0 0.549956 0.835194 
0 0.513512 0.858083 0 0.549956 0.835194 0 0.513512 0.858083 
0 0.549956 0.835194 0 0.513512 0.858083 0 0.549956 0.835194 
0 0.513512 0.858083 0 0.549956 0.835194 0 0.513512 0.858083 
0 0.549956 0.835194 0 0.513512 0.858083 0 0.549956 0.835194 
0 0.513512 0.858083 0 0.549956 0.835194 0 0.513512 0.858083 
0 0.549956 0.835194 0 0.513512 0.858083 0 0.549956 0.835194 
0 0.513512 0.858083 0 0.549956 0.835194 0 0.513512 0.858083 
0 0.549956 0.835194 0 0.513512 0.858083 0 0.549956 0.835194 
0 0.513512 0.858083 0 0.549956 0.835194 0 0.513512 0.858083 
0 0.549956 0.835194 0 0.513512 0.858083 0 0.549956 0.835194 
0 0.513512 0.858083 0 0.549956 0.835194 0 0.513512 0.858083 
0 0.549956 0.835194 0 0.513512 0.858083 0 0.549956 0.835194 
0 0.513512 0.858083 0 0.549956 0.835194 0 0.513512 0.858083 
0 0.549956 0.835194 0 0.513512 0.858083 0 0.549956 0.835194 
0 0.513512 0.858083 0 0.549956 0.835194 0 0.513512 0.858083 
0 0.549956 0.835194 0 0.513512 0.858083 0 0.549956 0.835194 
0 0.513512 0.858083 0 0.549956 0.835194 0 0.513512 0.858083 
0 0.549956 0.835194 0 0.513512 0.858083 0 0.549956 0.835194 
0 0.513512 0.858083 0 0.549956 0.835194 0 0.513512 0.858083 
0 0.549956 0.835194 0 0.513512 0.858083 0 0.549956 0.835194 
0 -0.487986 0.872851 0 -0.487986 0.872851 0 -0.487986 0.872851 
0 -0.487986 0.872851 0 -0.487986 0.872851 0 -0.487986 0.872851 
0 -0.487986 0.872851 0 -0.487986 0.872851 0 -0.487986 0.872851 
0 -0.487986 0.872851 0 -0.487986 0.872851 0 -0.487986 0.872851 
0 -0.487986 0.872851 0 -0.487986 0.872851 0 -0.487986 0.872851 
0 -0.487986 0.872851 0 -0.487986 0.872851 0 -0.487986 0.872851 
0 -0.487986 0.872851 0 -0.487986 0.872851 0 -0.487986 0.872851 
0 -0.487986 0.872851 0 -0.487986 0.872851 0 -0.487986 0.872851 
0 -0.487986 0.872851 0 -0.487986 0.872851 0 -0.487986 0.872851 
0 -0.487986 0.872851 0 -0.487986 0.872851 0 -0.487986 0.872851 
0 -0.487986 0.872851 0 -0.487986 0.872851 0 -0.487986 0.872851 
0 -0.487986 0.872851 0 -0.487986 0.872851 0 -0.487986 0.872851 
0 -0.487986 0.872851 0 -0.487986 0.872851 0 -0.487986 0.872851 
0 -0.487986 0.872851 0 -0.487986 0.872851 0 -0.487986 0.872851 
0 -0.487986 0.872851 0 -0.487986 0.872851 0 -0.487986 0.872851 
0 -0.487986 0.872851 0 -0.487986 0.872851 0 -0.487986 0.872851 
0 -0.487986 0.872851 0 -0.487986 0.872851 0 -0.487986 0.872851 
0 -0.487986 0.872851 0 -0.487986 0.872851 0 -0.487986 0.872851 
0 -0.487986 0.872851 0 -0.487986 0.872851 0 -0.487986 0.872851 
0 -0.487986 0.872851 0 -0.487986 0.872851 0 -0.487986 0.872851 
0 -0.422387 0.906416 0 -0.422387 0.906416 0 -0.422387 0.906416 
0 -0.422387 0.906416 0 -0.422387 0.906416 0 -0.422387 0.906416 
0 -0.422387 0.906416 0 -0.422387 0.906416 0 -0.422387 0.906416 
0 -0.422387 0.906416 0 -0.422387 0.906416 0 -0.422387 0.906416 
0 -0.422387 0.906416 0 -0.422387 0.906416 0 -0.422387 0.906416 
0 -0.422387 0.906416 0 -0.422387 0.906416 0 -0.422387 0.906416 
0 -0.422387 0.906416 0 -0.422387 0.906416 0 -0.422387 0.906416 
0 -0.422387 0.906416 0 -0.422387 0.906416 0 -0.422387 0.906416 
0 -0.422387 0.906416 0 -0.422387 0.906416 0 -0.422387 0.906416 
0 -0.422387 0.906416 0 -0.422387 0.906416 0 -0.422387 0.906416 
0 -0.422387 0.906416 0 -0.422387 0.906416 0 -0.422387 0.906416 
0 -0.422387 0.906416 0 -0.422387 0.906416 0 -0.422387 0.906416 
0 -0.422387 0.906416 0 -0.422387 0.906416 0 -0.422387 0.906416 
0 -0.422387 0.906416 0 -0.422387 0.906416 0 -0.422387 0.906416 
0 -0.422387 0.906416 0 -0.422387 0.906416 0 -0.422387 0.906416 
0 -0.422387 0.906416 0 -0.422387 0.906416 0 -0.422387 0.906416 
0 -0.422387 0.906416 0 -0.422387 0.906416 0 -0.422387 0.906416 
0 -0.422387 0.906416 0 -0.422387 0.906416 0 -0.422387 0.906416 
0 -0.422387 0.906416 0 -0.422387 0.906416 0 -0.422387 0.906416 
0 -0.422387 0.906416 0 -0.422387 0.906416 0 -0.422387 0.906416 
0 -0.376412 0.926452 0 -0.376412 0.926452 0 -0.376412 0.926452 
0 -0.376412 0.926452 0 -0.376412 0.926452 0 -0.376412 0.926452 
0 -0.376412 0.926452 0 -0.376412 0.926452 0 -0.376412 0.926452 
0 -0.376412 0.926452 0 -0.376412 0.926452 0 -0.376412 0.926452 
0 -0.376412 0.926452 0 -0.376412 0.926452 0 -0.376412 0.926452 
0 -0.376412 0.926452 0 -0.376412 0.926452 0 -0.376412 0.926452 
0 -0.376412 0.926452 0 -0.376412 0.926452 0 -0.376412 0.926452 
0 -0.376412 0.926452 0 -0.376412 0.926452 0 -0.376412 0.926452 
0 -0.376412 0.926452 0 -0.376412 0.926452 0 -0.376412 0.926452 
0 -0.376412 0.926452 0 -0.376412 0.926452 0 -0.376412 0.926452 
0 -0.376412 0.926452 0 -0.376412 0.926452 0 -0.376412 0.926452 
0 -0.376412 0.926452 0 -0.376412 0.926452 0 -0.376412 0.926452 
0 -0.376412 0.926452 0 -0.376412 0.926452 0 -0.376412 0.926452 
0 -0.376412 0.926452 0 -0.376412 0.926452 0 -0.376412 0.926452 
0 -0.376412 0.926452 0 -0.376412 0.926452 0 -0.376412 0.926452 
0 -0.376412 0.926452 0 -0.376412 0.926452 0 -0.376412 0.926452 
0 -0.376412 0.926452 0 -0.376412 0.926452 0 -0.376412 0.926452 
0 -0.376412 0.926452 0 -0.376412 0.926452 0 -0.376412 0.926452 
0 -0.376412 0.926452 0 -0.376412 0.926452 0 -0.376412 0.926452 
0 -0.376412 0.926452 0 -0.376412 0.926452 0 -0.376412 0.926452 
0 0.422387 0.906416 0 0.376412 0.926452 0 0.422387 0.906416 
0 0.376412 0.926452 0 0.376412 0.926452 0 0.422387 0.906416 
0 0.376412 0.926452 0 0.422387 0.906416 0 0.376412 0.926452 
0 0.422387 0.906416 0 0.376412 0.926452 0 0.422387 0.906416 
0 0.376412 0.926452 0 0.422387 0.906416 0 0.376412 0.926452 
0 0.422387 0.906416 0 0.376412 0.926452 0 0.422387 0.906416 
0 0.376412 0.926452 0 0.422387 0.906416 0 0.376412 0.926452 
0 0.422387 0.906416 0 0.376412 0.926452 0 0.422387 0.906416 
0 0.376412 0.926452 0 0.422387 0.906416 0 0.376412 0.926452 
0 0.422387 0.906416 0 0.376412 0.926452 0 0.422387 0.906416 
0 0.376412 0.926452 0 0.422387 0.906416 0 0.376412 0.926452 
0 0.422387 0.906416 0 0.376412 0.926452 0 0.422387 0.906416 
0 0.376412 0.926452 0 0.422387 0.906416 0 0.376412 0.926452 
0 0.422387 0.906416 0 0.376412 0.926452 0 0.422387 0.906416 
0 0.376412 0.926452 0 0.422387 0.906416 0 0.376412 0.926452 
0 0.422387 0.906416 0 0.376412 0.926452 0 0.422387 0.906416 
0 0.376412 0.926452 0 0.422387 0.906416 0 0.376412 0.926452 
0 0.422387 0.906416 0 0.376412 0.926452 0 0.422387 0.906416 
0 0.376412 0.926452 0 0.422387 0.906416 0 0.376412 0.926452 
0 0.422387 0.906416 0 0.376412 0.926452 0 0.422387 0.906416 
0 0.376412 0.926452 0 0.422387 0.906416 0 0.376412 0.926452 
0 0.422387 0.906416 0 0.376412 0.926452 0 0.422387 0.906416 
0 0.376412 0.926452 0 0.422387 0.906416 0 0.376412 0.926452 
0 0.422387 0.906416 0 0.376412 0.926452 0 0.422387 0.906416 
0 0.376412 0.926452 0 0.422387 0.906416 0 0.376412 0.926452 
0 0.422387 0.906416 0 0.376412 0.926452 0 0.422387 0.906416 
0 0.376412 0.926452 0 0.422387 0.906416 0 0.376412 0.926452 
0 0.422387 0.906416 0 0.376412 0.926452 0 0.422387 0.906416 
0 0.376412 0.926452 0 0.422387 0.906416 0 0.376412 0.926452 
0 0.422387 0.906416 0 0.376412 0.926452 0 0.422387 0.906416 
0 0.376412 0.926452 0 0.422387 0.906416 0 0.376412 0.926452 
0 0.422387 0.906416 0 0.376412 0.926452 0 0.422387 0.906416 
0 0.376412 0.926452 0 0.422387 0.906416 0 0.376412 0.926452 
0 0.422387 0.906416 0 0.376412 0.926452 0 0.422387 0.906416 
0 0.376412 0.926452 0 0.422387 0.906416 0 0.376412 0.926452 
0 0.422387 0.906416 0 0.376412 0.926452 0 0.422387 0.906416 
0 0.376412 0.926452 0 0.422387 0.906416 0 0.376412 0.926452 
0 0.422387 0.906416 0 0.376412 0.926452 0 0.422387 0.906416 
0 0.376412 0.926452 0 0.422387 0.906416 0 0.376412 0.926452 
0 0.422387 0.906416 0 0.376412 0.926452 0 0.422387 0.906416 
0 0.487986 0.872851 0 0.487986 0.872851 0 0.487986 0.872851 
0 0.487986 0.872851 0 0.487986 0.872851 0 0.487986 0.872851 
0 0.487986 0.872851 0 0.487986 0.872851 0 0.487986 0.872851 
0 0.487986 0.872851 0 0.487986 0.872851 0 0.487986 0.872851 
0 0.487986 0.872851 0 0.487986 0.872851 0 0.487986 0.872851 
0 0.487986 0.872851 0 0.487986 0.872851 0 0.487986 0.872851 
0 0.487986 0.872851 0 0.487986 0.872851 0 0.487986 0.872851 
0 0.487986 0.872851 0 0.487986 0.872851 0 0.487986 0.872851 
0 0.487986 0.872851 0 0.487986 0.872851 0 0.487986 0.872851 
0 0.487986 0.872851 0 0.487986 0.872851 0 0.487986 0.872851 
0 0.487986 0.872851 0 0.487986 0.872851 0 0.487986 0.872851 
0 0.487986 0.872851 0 0.487986 0.872851 0 0.487986 0.872851 
0 0.487986 0.872851 0 0.487986 0.872851 0 0.487986 0.872851 
0 0.487986 0.872851 0 0.487986 0.872851 0 0.487986 0.872851 
0 0.487986 0.872851 0 0.487986 0.872851 0 0.487986 0.872851 
0 0.487986 0.872851 0 0.487986 0.872851 0 0.487986 0.872851 
0 0.487986 0.872851 0 0.487986 0.872851 0 0.487986 0.872851 
0 0.487986 0.872851 0 0.487986 0.872851 0 0.487986 0.872851 
0 0.487986 0.872851 0 0.487986 0.872851 0 0.487986 0.872851 
0 0.487986 0.872851 0 0.487986 0.872851 0 0.487986 0.872851 
0 -0.357906 0.933757 0 -0.357906 0.933757 0 -0.357906 0.933757 
0 -0.357906 0.933757 0 -0.357906 0.933757 0 -0.357906 0.933757 
0 -0.357906 0.933757 0 -0.357906 0.933757 0 -0.357906 0.933757 
0 -0.357906 0.933757 0 -0.357906 0.933757 0 -0.357906 0.933757 
0 -0.357906 0.933757 0 -0.357906 0.933757 0 -0.357906 0.933757 
0 -0.357906 0.933757 0 -0.357906 0.933757 0 -0.357906 0.933757 
0 -0.357906 0.933757 0 -0.357906 0.933757 0 -0.357906 0.933757 
0 -0.357906 0.933757 0 -0.357906 0.933757 0 -0.357906 0.933757 
0 -0.357906 0.933757 0 -0.357906 0.933757 0 -0.357906 0.933757 
0 -0.357906 0.933757 0 -0.357906 0.933757 0 -0.357906 0.933757 
0 -0.357906 0.933757 0 -0.357906 0.933757 0 -0.357906 0.933757 
0 -0.357906 0.933757 0 -0.357906 0.933757 0 -0.357906 0.933757 
0 -0.357906 0.933757 0 -0.357906 0.933757 0 -0.357906 0.933757 
0 -0.357906 0.933757 0 -0.357906 0.933757 0 -0.357906 0.933757 
0 -0.357906 0.933757 0 -0.357906 0.933757 0 -0.357906 0.933757 
0 -0.357906 0.933757 0 -0.357906 0.933757 0 -0.357906 0.933757 
0 -0.357906 0.933757 0 -0.357906 0.933757 0 -0.357906 0.933757 
0 -0.357906 0.933757 0 -0.357906 0.933757 0 -0.357906 0.933757 
0 -0.357906 0.933757 0 -0.357906 0.933757 0 -0.357906 0.933757 
0 -0.357906 0.933757 0 -0.357906 0.933757 0 -0.357906 0.933757 
0 -0.287079 0.957907 0 -0.287079 0.957907 0 -0.287079 0.957907 
0 -0.287079 0.957907 0 -0.287079 0.957907 0 -0.287079 0.957907 
0 -0.287079 0.957907 0 -0.287079 0.957907 0 -0.287079 0.957907 
0 -0.287079 0.957907 0 -0.287079 0.957907 0 -0.287079 0.957907 
0 -0.287079 0.957907 0 -0.287079 0.957907 0 -0.287079 0.957907 
0 -0.287079 0.957907 0 -0.287079 0.957907 0 -0.287079 0.957907 
0 -0.287079 0.957907 0 -0.287079 0.957907 0 -0.287079 0.957907 
0 -0.287079 0.957907 0 -0.287079 0.957907 0 -0.287079 0.957907 
0 -0.287079 0.957907 0 -0.287079 0.957907 0 -0.287079 0.957907 
0 -0.287079 0.957907 0 -0.287079 0.957907 0 -0.287079 0.957907 
0 -0.287079 0.957907 0 -0.287079 0.957907 0 -0.287079 0.957907 
0 -0.287079 0.957907 0 -0.287079 0.957907 0 -0.287079 0.957907 
0 -0.287079 0.957907 0 -0.287079 0.957907 0 -0.287079 0.957907 
0 -0.287079 0.957907 0 -0.287079 0.957907 0 -0.287079 0.957907 
0 -0.287079 0.957907 0 -0.287079 0.957907 0 -0.287079 0.957907 
0 -0.287079 0.957907 0 -0.287079 0.957907 0 -0.287079 0.957907 
0 -0.287079 0.957907 0 -0.287079 0.957907 0 -0.287079 0.957907 
0 -0.287079 0.957907 0 -0.287079 0.957907 0 -0.287079 0.957907 
0 -0.287079 0.957907 0 -0.287079 0.957907 0 -0.287079 0.957907 
0 -0.287079 0.957907 0 -0.287079 0.957907 0 -0.287079 0.957907 
0 -0.216822 0.976211 0 -0.216822 0.976211 0 -0.216822 0.976211 
0 -0.216822 0.976211 0 -0.216822 0.976211 0 -0.216822 0.976211 
0 -0.216822 0.976211 0 -0.216822 0.976211 0 -0.216822 0.976211 
0 -0.216822 0.976211 0 -0.216822 0.976211 0 -0.216822 0.976211 
0 -0.216822 0.976211 0 -0.216822 0.976211 0 -0.216822 0.976211 
0 -0.216822 0.976211 0 -0.216822 0.976211 0 -0.216822 0.976211 
0 -0.216822 0.976211 0 -0.216822 0.976211 0 -0.216822 0.976211 
0 -0.216822 0.976211 0 -0.216822 0.976211 0 -0.216822 0.976211 
0 -0.216822 0.976211 0 -0.216822 0.976211 0 -0.216822 0.976211 
0 -0.216822 0.976211 0 -0.216822 0.976211 0 -0.216822 0.976211 
0 -0.216822 0.976211 0 -0.216822 0.976211 0 -0.216822 0.976211 
0 -0.216822 0.976211 0 -0.216822 0.976211 0 -0.216822 0.976211 
0 -0.216822 0.976211 0 -0.216822 0.976211 0 -0.216822 0.976211 
0 -0.216822 0.976211 0 -0.216822 0.976211 0 -0.216822 0.976211 
0 -0.216822 0.976211 0 -0.216822 0.976211 0 -0.216822 0.976211 
0 -0.216822 0.976211 0 -0.216822 0.976211 0 -0.216822 0.976211 
0 -0.216822 0.976211 0 -0.216822 0.976211 0 -0.216822 0.976211 
0 -0.216822 0.976211 0 -0.216822 0.976211 0 -0.216822 0.976211 
0 -0.216822 0.976211 0 -0.216822 0.976211 0 -0.216822 0.976211 
0 -0.216822 0.976211 0 -0.216822 0.976211 0 -0.216822 0.976211 
0 -0.146191 0.989256 0 -0.146191 0.989256 0 -0.146191 0.989256 
0 -0.146191 0.989256 0 -0.146191 0.989256 0 -0.146191 0.989256 
0 -0.146191 0.989256 0 -0.146191 0.989256 0 -0.146191 0.989256 
0 -0.146191 0.989256 0 -0.146191 0.989256 0 -0.146191 0.989256 
0 -0.146191 0.989256 0 -0.146191 0.989256 0 -0.146191 0.989256 
0 -0.146191 0.989256 0 -0.146191 0.989256 0 -0.146191 0.989256 
0 -0.146191 0.989256 0 -0.146191 0.989256 0 -0.146191 0.989256 
0 -0.146191 0.989256 0 -0.146191 0.989256 0 -0.146191 0.989256 
0 -0.146191 0.989256 0 -0.146191 0.989256 0 -0.146191 0.989256 
0 -0.146191 0.989256 0 -0.146191 0.989256 0 -0.146191 0.989256 
0 -0.146191 0.989256 0 -0.146191 0.989256 0 -0.146191 0.989256 
0 -0.146191 0.989256 0 -0.146191 0.989256 0 -0.146191 0.989256 
0 -0.146191 0.989256 0 -0.146191 0.989256 0 -0.146191 0.989256 
0 -0.146191 0.989256 0 -0.146191 0.989256 0 -0.146191 0.989256 
0 -0.146191 0.989256 0 -0.146191 0.989256 0 -0.146191 0.989256 
0 -0.146191 0.989256 0 -0.146191 0.989256 0 -0.146191 0.989256 
0 -0.146191 0.989256 0 -0.146191 0.989256 0 -0.146191 0.989256 
0 -0.146191 0.989256 0 -0.146191 0.989256 0 -0.146191 0.989256 
0 -0.146191 0.989256 0 -0.146191 0.989256 0 -0.146191 0.989256 
0 -0.146191 0.989256 0 -0.146191 0.989256 0 -0.146191 0.989256 
0 -0.0738198 0.997272 0 -0.0738198 0.997272 0 -0.0738198 0.997272 
0 -0.0738198 0.997272 0 -0.0738198 0.997272 0 -0.0738198 0.997272 
0 -0.0738198 0.997272 0 -0.0738198 0.997272 0 -0.0738198 0.997272 
0 -0.0738198 0.997272 0 -0.0738198 0.997272 0 -0.0738198 0.997272 
0 -0.0738198 0.997272 0 -0.0738198 0.997272 0 -0.0738198 0.997272 
0 -0.0738198 0.997272 0 -0.0738198 0.997272 0 -0.0738198 0.997272 
0 -0.0738198 0.997272 0 -0.0738198 0.997272 0 -0.0738198 0.997272 
0 -0.0738198 0.997272 0 -0.0738198 0.997272 0 -0.0738198 0.997272 
0 -0.0738198 0.997272 0 -0.0738198 0.997272 0 -0.0738198 0.997272 
0 -0.0738198 0.997272 0 -0.0738198 0.997272 0 -0.0738198 0.997272 
0 -0.0738198 0.997272 0 -0.0738198 0.997272 0 -0.0738198 0.997272 
0 -0.0738198 0.997272 0 -0.0738198 0.997272 0 -0.0738198 0.997272 
0 -0.0738198 0.997272 0 -0.0738198 0.997272 0 -0.0738198 0.997272 
0 -0.0738198 0.997272 0 -0.0738198 0.997272 0 -0.0738198 0.997272 
0 -0.0738198 0.997272 0 -0.0738198 0.997272 0 -0.0738198 0.997272 
0 -0.0738198 0.997272 0 -0.0738198 0.997272 0 -0.0738198 0.997272 
0 -0.0738198 0.997272 0 -0.0738198 0.997272 0 -0.0738198 0.997272 
0 -0.0738198 0.997272 0 -0.0738198 0.997272 0 -0.0738198 0.997272 
0 -0.0738198 0.997272 0 -0.0738198 0.997272 0 -0.0738198 0.997272 
0 -0.0738198 0.997272 0 -0.0738198 0.997272 0 -0.0738198 0.997272 
0 -3.61656e-16 1 0 -3.61656e-16 1 0 -3.61656e-16 1 
0 -3.61656e-16 1 0 -3.61656e-16 1 0 -3.61656e-16 1 
0 -3.61656e-16 1 0 -3.61656e-16 1 0 -3.61656e-16 1 
0 -3.61656e-16 1 0 -3.61656e-16 1 0 -3.61656e-16 1 
0 -3.61656e-16 1 0 -3.61656e-16 1 0 -3.61656e-16 1 
0 -3.61656e-16 1 0 -3.61656e-16 1 0 -3.61656e-16 1 
0 -3.61656e-16 1 0 -3.61656e-16 1 0 -3.61656e-16 1 
0 -3.61656e-16 1 0 -3.61656e-16 1 0 -3.61656e-16 1 
0 -3.61656e-16 1 0 -3.61656e-16 1 0 -3.61656e-16 1 
0 -3.61656e-16 1 0 -3.61656e-16 1 0 -3.61656e-16 1 
0 -3.61656e-16 1 0 -3.61656e-16 1 0 -3.61656e-16 1 
0 -3.61656e-16 1 0 -3.61656e-16 1 0 -3.61656e-16 1 
0 -3.61656e-16 1 0 -3.61656e-16 1 0 -3.61656e-16 1 
0 -3.61656e-16 1 0 -3.61656e-16 1 0 -3.61656e-16 1 
0 -3.61656e-16 1 0 -3.61656e-16 1 0 -3.61656e-16 1 
0 -3.61656e-16 1 0 -3.61656e-16 1 0 -3.61656e-16 1 
0 -3.61656e-16 1 0 -3.61656e-16 1 0 -3.61656e-16 1 
0 -3.61656e-16 1 0 -3.61656e-16 1 0 -3.61656e-16 1 
0 -3.61656e-16 1 0 -3.61656e-16 1 0 -3.61656e-16 1 
0 -3.61656e-16 1 0 -3.61656e-16 1 0 -3.61656e-16 1 
0 0.0738198 0.997272 0 0.0738198 0.997272 0 0.0738198 0.997272 
0 0.0738198 0.997272 0 0.0738198 0.997272 0 0.0738198 0.997272 
0 0.0738198 0.997272 0 0.0738198 0.997272 0 0.0738198 0.997272 
0 0.0738198 0.997272 0 0.0738198 0.997272 0 0.0738198 0.997272 
0 0.0738198 0.997272 0 0.0738198 0.997272 0 0.0738198 0.997272 
0 0.0738198 0.997272 0 0.0738198 0.997272 0 0.0738198 0.997272 
0 0.0738198 0.997272 0 0.0738198 0.997272 0 0.0738198 0.997272 
0 0.0738198 0.997272 0 0.0738198 0.997272 0 0.0738198 0.997272 
0 0.0738198 0.997272 0 0.0738198 0.997272 0 0.0738198 0.997272 
0 0.0738198 0.997272 0 0.0738198 0.997272 0 0.0738198 0.997272 
0 0.0738198 0.997272 0 0.0738198 0.997272 0 0.0738198 0.997272 
0 0.0738198 0.997272 0 0.0738198 0.997272 0 0.0738198 0.997272 
0 0.0738198 0.997272 0 0.0738198 0.997272 0 0.0738198 0.997272 
0 0.0738198 0.997272 0 0.0738198 0.997272 0 0.0738198 0.997272 
0 0.0738198 0.997272 0 0.0738198 0.997272 0 0.0738198 0.997272 
0 0.0738198 0.997272 0 0.0738198 0.997272 0 0.0738198 0.997272 
0 0.0738198 0.997272 0 0.0738198 0.997272 0 0.0738198 0.997272 
0 0.0738198 0.997272 0 0.0738198 0.997272 0 0.0738198 0.997272 
0 0.0738198 0.997272 0 0.0738198 0.997272 0 0.0738198 0.997272 
0 0.0738198 0.997272 0 0.0738198 0.997272 0 0.0738198 0.997272 
0 0.146191 0.989256 0 0.146191 0.989256 0 0.146191 0.989256 
0 0.146191 0.989256 0 0.146191 0.989256 0 0.146191 0.989256 
0 0.146191 0.989256 0 0.146191 0.989256 0 0.146191 0.989256 
0 0.146191 0.989256 0 0.146191 0.989256 0 0.146191 0.989256 
0 0.146191 0.989256 0 0.146191 0.989256 0 0.146191 0.989256 
0 0.146191 0.989256 0 0.146191 0.989256 0 0.146191 0.989256 
0 0.146191 0.989256 0 0.146191 0.989256 0 0.146191 0.989256 
0 0.146191 0.989256 0 0.146191 0.989256 0 0.146191 0.989256 
0 0.146191 0.989256 0 0.146191 0.989256 0 0.146191 0.989256 
0 0.146191 0.989256 0 0.146191 0.989256 0 0.146191 0.989256 
0 0.146191 0.989256 0 0.146191 0.989256 0 0.146191 0.989256 
0 0.146191 0.989256 0 0.146191 0.989256 0 0.146191 0.989256 
0 0.146191 0.989256 0 0.146191 0.989256 0 0.146191 0.989256 
0 0.146191 0.989256 0 0.146191 0.989256 0 0.146191 0.989256 
0 0.146191 0.989256 0 0.146191 0.989256 0 0.146191 0.989256 
0 0.146191 0.989256 0 0.146191 0.989256 0 0.146191 0.989256 
0 0.146191 0.989256 0 0.146191 0.989256 0 0.146191 0.989256 
0 0.146191 0.989256 0 0.146191 0.989256 0 0.146191 0.989256 
0 0.146191 0.989256 0 0.146191 0.989256 0 0.146191 0.989256 
0 0.146191 0.989256 0 0.146191 0.989256 0 0.146191 0.989256 
0 0.216822 0.976211 0 0.216822 0.976211 0 0.216822 0.976211 
0 0.216822 0.976211 0 0.216822 0.976211 0 0.216822 0.976211 
0 0.216822 0.976211 0 0.216822 0.976211 0 0.216822 0.976211 
0 0.216822 0.976211 0 0.216822 0.976211 0 0.216822 0.976211 
0 0.216822 0.976211 0 0.216822 0.976211 0 0.216822 0.976211 
0 0.216822 0.976211 0 0.216822 0.976211 0 0.216822 0.976211 
0 0.216822 0.976211 0 0.216822 0.976211 0 0.216822 0.976211 
0 0.216822 0.976211 0 0.216822 0.976211 0 0.216822 0.976211 
0 0.216822 0.976211 0 0.216822 0.976211 0 0.216822 0.976211 
0 0.216822 0.976211 0 0.216822 0.976211 0 0.216822 0.976211 
0 0.216822 0.976211 0 0.216822 0.976211 0 0.216822 0.976211 
0 0.216822 0.976211 0 0.216822 0.976211 0 0.216822 0.976211 
0 0.216822 0.976211 0 0.216822 0.976211 0 0.216822 0.976211 
0 0.216822 0.976211 0 0.216822 0.976211 0 0.216822 0.976211 
0 0.216822 0.976211 0 0.216822 0.976211 0 0.216822 0.976211 
0 0.216822 0.976211 0 0.216822 0.976211 0 0.216822 0.976211 
0 0.216822 0.976211 0 0.216822 0.976211 0 0.216822 0.976211 
0 0.216822 0.976211 0 0.216822 0.976211 0 0.216822 0.976211 
0 0.216822 0.976211 0 0.216822 0.976211 0 0.216822 0.976211 
0 0.216822 0.976211 0 0.216822 0.976211 0 0.216822 0.976211 
0 0.287079 0.957907 0 0.287079 0.957907 0 0.287079 0.957907 
0 0.287079 0.957907 0 0.287079 0.957907 0 0.287079 0.957907 
0 0.287079 0.957907 0 0.287079 0.957907 0 0.287079 0.957907 
0 0.287079 0.957907 0 0.287079 0.957907 0 0.287079 0.957907 
0 0.287079 0.957907 0 0.287079 0.957907 0 0.287079 0.957907 
0 0.287079 0.957907 0 0.287079 0.957907 0 0.287079 0.957907 
0 0.287079 0.957907 0 0.287079 0.957907 0 0.287079 0.957907 
0 0.287079 0.957907 0 0.287079 0.957907 0 0.287079 0.957907 
0 0.287079 0.957907 0 0.287079 0.957907 0 0.287079 0.957907 
0 0.287079 0.957907 0 0.287079 0.957907 0 0.287079 0.957907 
0 0.287079 0.957907 0 0.287079 0.957907 0 0.287079 0.957907 
0 0.287079 0.957907 0 0.287079 0.957907 0 0.287079 0.957907 
0 0.287079 0.957907 0 0.287079 0.957907 0 0.287079 0.957907 
0 0.287079 0.957907 0 0.287079 0.957907 0 0.287079 0.957907 
0 0.287079 0.957907 0 0.287079 0.957907 0 0.287079 0.957907 
0 0.287079 0.957907 0 0.287079 0.957907 0 0.287079 0.957907 
0 0.287079 0.957907 0 0.287079 0.957907 0 0.287079 0.957907 
0 0.287079 0.957907 0 0.287079 0.957907 0 0.287079 0.957907 
0 0.287079 0.957907 0 0.287079 0.957907 0 0.287079 0.957907 
0 0.287079 0.957907 0 0.287079 0.957907 0 0.287079 0.957907 
0 0.357906 0.933757 0 0.357906 0.933757 0 0.357906 0.933757 
0 0.357906 0.933757 0 0.357906 0.933757 0 0.357906 0.933757 
0 0.357906 0.933757 0 0.357906 0.933757 0 0.357906 0.933757 
0 0.357906 0.933757 0 0.357906 0.933757 0 0.357906 0.933757 
0 0.357906 0.933757 0 0.357906 0.933757 0 0.357906 0.933757 
0 0.357906 0.933757 0 0.357906 0.933757 0 0.357906 0.933757 
0 0.357906 0.933757 0 0.357906 0.933757 0 0.357906 0.933757 
0 0.357906 0.933757 0 0.357906 0.933757 0 0.357906 0.933757 
0 0.357906 0.933757 0 0.357906 0.933757 0 0.357906 0.933757 
0 0.357906 0.933757 0 0.357906 0.933757 0 0.357906 0.933757 
0 0.357906 0.933757 0 0.357906 0.933757 0 0.357906 0.933757 
0 0.357906 0.933757 0 0.357906 0.933757 0 0.357906 0.933757 
0 0.357906 0.933757 0 0.357906 0.933757 0 0.357906 0.933757 
0 0.357906 0.933757 0 0.357906 0.933757 0 0.357906 0.933757 
0 0.357906 0.933757 0 0.357906 0.933757 0 0.357906 0.933757 
0 0.357906 0.933757 0 0.357906 0.933757 0 0.357906 0.933757 
0 0.357906 0.933757 0 0.357906 0.933757 0 0.357906 0.933757 
0 0.357906 0.933757 0 0.357906 0.933757 0 0.357906 0.933757 
0 0.357906 0.933757 0 0.357906 0.933757 0 0.357906 0.933757 
0 0.357906 0.933757 0 0.357906 0.933757 0 0.357906 0.933757 

