2,1,0
0,1,3
5,0,4
5,2,0
7,4,6
7,5,4
9,6,8
9,7,6
11,8,10
11,9,8
13,10,12
13,11,10
15,12,14
15,13,12
17,14,16
17,15,14
19,16,18
19,17,16
21,18,20
21,19,18
23,20,22
23,21,20
22,24,23
23,24,25
28,27,26
26,27,29
31,26,30
31,28,26
30,3,1
30,1,31
32,25,24
32,24,33
35,33,34
35,32,33
34,36,35
35,36,37
40,39,38
38,39,41
38,29,27
38,27,40
42,37,36
42,36,43
43,44,42
42,44,45
48,47,46
46,47,49
51,46,50
51,48,46
50,41,39
50,39,51
52,45,44
52,44,53
55,53,54
55,52,53
54,56,55
55,56,57
60,59,58
58,59,61
58,49,47
58,47,60
62,57,56
62,56,63
63,64,62
62,64,65
59,66,61
67,66,59
68,65,64
68,69,65
72,71,70
70,71,73
70,66,67
70,67,72
74,69,68
74,68,75
75,76,74
74,76,77
80,79,78
78,79,81
78,73,71
78,71,80
82,77,76
82,76,83
83,84,82
82,84,85
79,86,81
87,86,79
88,85,84
88,89,85
92,91,90
90,91,93
90,86,87
90,87,92
94,89,88
94,88,95
95,96,94
94,96,97
91,98,93
99,98,91
100,97,96
100,101,97
99,102,98
103,102,99
104,101,100
104,105,101
103,106,102
107,106,103
108,105,104
108,109,105
107,110,106
111,110,107
112,109,108
112,113,109
111,114,110
115,114,111
116,113,112
116,117,113
115,118,114
119,118,115
120,117,116
120,121,117
119,122,118
123,122,119
124,121,120
124,125,121
123,126,122
127,126,123
128,125,124
128,129,125
127,130,126
131,130,127
132,129,128
132,133,129
131,134,130
135,134,131
136,133,132
136,137,133
135,138,134
134,138,139
140,139,138
140,138,141
144,143,142
144,142,145
136,142,137
137,142,143
141,146,140
147,146,141
148,144,145
148,149,144
147,150,146
146,150,151
152,151,150
152,150,153
156,155,154
156,154,157
148,154,149
149,154,155
153,158,152
152,158,159
160,159,158
160,158,161
164,163,162
164,162,165
157,162,156
156,162,163
161,166,160
167,166,161
168,164,165
168,169,164
167,170,166
166,170,171
172,171,170
172,170,173
176,175,174
176,174,177
168,174,169
169,174,175
173,178,172
172,178,179
179,181,180
178,181,179
182,180,181
182,181,183
186,185,184
186,184,187
184,189,188
185,189,184
177,188,176
176,188,189
183,190,182
182,190,191
192,191,190
192,190,193
196,195,194
196,194,197
187,194,186
186,194,195
193,198,192
192,198,199
199,201,200
198,201,199
202,200,201
202,201,203
206,205,204
206,204,207
204,209,208
205,209,204
197,208,196
196,208,209
203,210,202
202,210,211
211,213,212
210,213,211
212,215,214
213,215,212
214,217,216
215,217,214
216,219,218
217,219,216
218,221,220
219,221,218
220,223,222
221,223,220
222,225,224
223,225,222
224,227,226
225,227,224
226,229,228
227,229,226
228,231,230
229,231,228
207,230,206
206,230,231
233,232,2
2,232,1
234,2,5
234,233,2
235,5,7
235,234,5
236,7,9
236,235,7
237,9,11
237,236,9
238,11,13
238,237,11
239,13,15
239,238,13
240,15,17
240,239,15
241,17,19
241,240,17
242,19,21
242,241,19
243,21,23
243,242,21
23,25,243
243,25,244
246,245,28
28,245,27
247,28,31
247,246,28
31,1,232
31,232,247
248,244,25
248,25,32
249,32,35
249,248,32
35,37,249
249,37,250
252,251,40
40,251,39
40,27,245
40,245,252
253,250,37
253,37,42
42,45,253
253,45,254
256,255,48
48,255,47
257,48,51
257,256,48
51,39,251
51,251,257
258,254,45
258,45,52
259,52,55
259,258,52
55,57,259
259,57,260
262,261,60
60,261,59
60,47,255
60,255,262
263,260,57
263,57,62
62,65,263
263,65,264
261,67,59
265,67,261
69,264,65
69,266,264
268,267,72
72,267,71
72,67,265
72,265,268
269,266,69
269,69,74
74,77,269
269,77,270
272,271,80
80,271,79
80,71,267
80,267,272
273,270,77
273,77,82
82,85,273
273,85,274
271,87,79
275,87,271
89,274,85
89,276,274
278,277,92
92,277,91
92,87,275
92,275,278
279,276,89
279,89,94
94,97,279
279,97,280
277,99,91
281,99,277
101,280,97
101,282,280
281,103,99
283,103,281
105,282,101
105,284,282
283,107,103
285,107,283
109,284,105
109,286,284
285,111,107
287,111,285
113,286,109
113,288,286
287,115,111
289,115,287
117,288,113
117,290,288
289,119,115
291,119,289
121,290,117
121,292,290
291,123,119
293,123,291
125,292,121
125,294,292
293,127,123
295,127,293
129,294,125
129,296,294
295,131,127
297,131,295
133,296,129
133,298,296
297,135,131
299,135,297
137,298,133
137,300,298
299,301,135
135,301,138
141,138,301
141,301,302
304,303,143
304,143,144
137,143,300
300,143,303
302,147,141
305,147,302
149,304,144
149,306,304
305,307,147
147,307,150
153,150,307
153,307,308
310,309,155
310,155,156
149,155,306
306,155,309
308,311,153
153,311,158
161,158,311
161,311,312
314,313,163
314,163,164
156,163,310
310,163,313
312,167,161
315,167,312
169,314,164
169,316,314
315,317,167
167,317,170
173,170,317
173,317,318
320,319,175
320,175,176
169,175,316
316,175,319
318,321,173
173,321,178
178,322,181
321,322,178
183,181,322
183,322,323
325,324,185
325,185,186
185,326,189
324,326,185
176,189,320
320,189,326
323,327,183
183,327,190
193,190,327
193,327,328
330,329,195
330,195,196
186,195,325
325,195,329
328,331,193
193,331,198
198,332,201
331,332,198
203,201,332
203,332,333
335,334,205
335,205,206
205,336,209
334,336,205
196,209,330
330,209,336
333,337,203
203,337,210
210,338,213
337,338,210
213,339,215
338,339,213
215,340,217
339,340,215
217,341,219
340,341,217
219,342,221
341,342,219
221,343,223
342,343,221
223,344,225
343,344,223
225,345,227
344,345,225
227,346,229
345,346,227
229,347,231
346,347,229
206,231,335
335,231,347
349,348,233
233,348,232
350,233,234
350,349,233
351,234,235
351,350,234
352,235,236
352,351,235
353,236,237
353,352,236
354,237,238
354,353,237
355,238,239
355,354,238
356,239,240
356,355,239
357,240,241
357,356,240
358,241,242
358,357,241
359,242,243
359,358,242
243,244,359
359,244,360
362,361,246
246,361,245
363,246,247
363,362,246
247,232,348
247,348,363
364,360,244
364,244,248
365,248,249
365,364,248
249,250,365
365,250,366
368,367,252
252,367,251
252,245,361
252,361,368
369,366,250
369,250,253
253,254,369
369,254,370
372,371,256
256,371,255
373,256,257
373,372,256
257,251,367
257,367,373
374,370,254
374,254,258
375,258,259
375,374,258
259,260,375
375,260,376
378,377,262
262,377,261
262,255,371
262,371,378
379,376,260
379,260,263
263,264,379
379,264,380
377,265,261
381,265,377
266,380,264
266,382,380
384,383,268
268,383,267
268,265,381
268,381,384
385,382,266
385,266,269
269,270,385
385,270,386
388,387,272
272,387,271
272,267,383
272,383,388
389,386,270
389,270,273
273,274,389
389,274,390
387,275,271
391,275,387
276,390,274
276,392,390
394,393,278
278,393,277
278,275,391
278,391,394
395,392,276
395,276,279
279,280,395
395,280,396
393,281,277
397,281,393
282,396,280
282,398,396
397,283,281
399,283,397
284,398,282
284,400,398
399,285,283
401,285,399
286,400,284
286,402,400
401,287,285
403,287,401
288,402,286
288,404,402
403,289,287
405,289,403
290,404,288
290,406,404
405,291,289
407,291,405
292,406,290
292,408,406
407,293,291
409,293,407
294,408,292
294,410,408
409,295,293
411,295,409
296,410,294
296,412,410
411,297,295
413,297,411
298,412,296
298,414,412
413,299,297
415,299,413
300,414,298
300,416,414
415,417,299
299,417,301
302,301,417
302,417,418
420,419,303
420,303,304
300,303,416
416,303,419
418,305,302
421,305,418
306,420,304
306,422,420
421,423,305
305,423,307
308,307,423
308,423,424
426,425,309
426,309,310
306,309,422
422,309,425
424,427,308
308,427,311
312,311,427
312,427,428
430,429,313
430,313,314
310,313,426
426,313,429
428,315,312
431,315,428
316,430,314
316,432,430
431,433,315
315,433,317
318,317,433
318,433,434
436,435,319
436,319,320
316,319,432
432,319,435
434,437,318
318,437,321
321,438,322
437,438,321
323,322,438
323,438,439
441,440,324
441,324,325
324,442,326
440,442,324
320,326,436
436,326,442
439,443,323
323,443,327
328,327,443
328,443,444
446,445,329
446,329,330
325,329,441
441,329,445
444,447,328
328,447,331
331,448,332
447,448,331
333,332,448
333,448,449
451,450,334
451,334,335
334,452,336
450,452,334
330,336,446
446,336,452
449,453,333
333,453,337
337,454,338
453,454,337
338,455,339
454,455,338
339,456,340
455,456,339
340,457,341
456,457,340
341,458,342
457,458,341
342,459,343
458,459,342
343,460,344
459,460,343
344,461,345
460,461,344
345,462,346
461,462,345
346,463,347
462,463,346
335,347,451
451,347,463
465,464,349
349,464,348
466,349,350
466,465,349
467,350,351
467,466,350
468,351,352
468,467,351
469,352,353
469,468,352
470,353,354
470,469,353
471,354,355
471,470,354
472,355,356
472,471,355
473,356,357
473,472,356
474,357,358
474,473,357
475,358,359
475,474,358
359,360,475
475,360,476
478,477,362
362,477,361
479,362,363
479,478,362
363,348,464
363,464,479
480,476,360
480,360,364
481,364,365
481,480,364
365,366,481
481,366,482
484,483,368
368,483,367
368,361,477
368,477,484
485,482,366
485,366,369
369,370,485
485,370,486
488,487,372
372,487,371
489,372,373
489,488,372
373,367,483
373,483,489
490,486,370
490,370,374
491,374,375
491,490,374
375,376,491
491,376,492
494,493,378
378,493,377
378,371,487
378,487,494
495,492,376
495,376,379
379,380,495
495,380,496
493,381,377
497,381,493
382,496,380
382,498,496
500,499,384
384,499,383
384,381,497
384,497,500
501,498,382
501,382,385
385,386,501
501,386,502
504,503,388
388,503,387
388,383,499
388,499,504
505,502,386
505,386,389
389,390,505
505,390,506
503,391,387
507,391,503
392,506,390
392,508,506
510,509,394
394,509,393
394,391,507
394,507,510
511,508,392
511,392,395
395,396,511
511,396,512
509,397,393
513,397,509
398,512,396
398,514,512
513,399,397
515,399,513
400,514,398
400,516,514
515,401,399
517,401,515
402,516,400
402,518,516
517,403,401
519,403,517
404,518,402
404,520,518
519,405,403
521,405,519
406,520,404
406,522,520
521,407,405
523,407,521
408,522,406
408,524,522
523,409,407
525,409,523
410,524,408
410,526,524
525,411,409
527,411,525
412,526,410
412,528,526
527,413,411
529,413,527
414,528,412
414,530,528
529,415,413
531,415,529
416,530,414
416,532,530
531,533,415
415,533,417
418,417,533
418,533,534
536,535,419
536,419,420
416,419,532
532,419,535
534,421,418
537,421,534
422,536,420
422,538,536
537,539,421
421,539,423
424,423,539
424,539,540
542,541,425
542,425,426
422,425,538
538,425,541
540,543,424
424,543,427
428,427,543
428,543,544
546,545,429
546,429,430
426,429,542
542,429,545
544,431,428
547,431,544
432,546,430
432,548,546
547,549,431
431,549,433
434,433,549
434,549,550
552,551,435
552,435,436
432,435,548
548,435,551
550,553,434
434,553,437
437,554,438
553,554,437
439,438,554
439,554,555
557,556,440
557,440,441
440,558,442
556,558,440
436,442,552
552,442,558
555,559,439
439,559,443
444,443,559
444,559,560
562,561,445
562,445,446
441,445,557
557,445,561
560,563,444
444,563,447
447,564,448
563,564,447
449,448,564
449,564,565
567,566,450
567,450,451
450,568,452
566,568,450
446,452,562
562,452,568
565,569,449
449,569,453
453,570,454
569,570,453
454,571,455
570,571,454
455,572,456
571,572,455
456,573,457
572,573,456
457,574,458
573,574,457
458,575,459
574,575,458
459,576,460
575,576,459
460,577,461
576,577,460
461,578,462
577,578,461
462,579,463
578,579,462
451,463,567
567,463,579
581,580,465
465,580,464
582,465,466
582,581,465
583,466,467
583,582,466
584,467,468
584,583,467
585,468,469
585,584,468
586,469,470
586,585,469
587,470,471
587,586,470
588,471,472
588,587,471
589,472,473
589,588,472
590,473,474
590,589,473
591,474,475
591,590,474
475,476,591
591,476,592
594,593,478
478,593,477
595,478,479
595,594,478
479,464,580
479,580,595
596,592,476
596,476,480
597,480,481
597,596,480
481,482,597
597,482,598
600,599,484
484,599,483
484,477,593
484,593,600
601,598,482
601,482,485
485,486,601
601,486,602
604,603,488
488,603,487
605,488,489
605,604,488
489,483,599
489,599,605
606,602,486
606,486,490
607,490,491
607,606,490
491,492,607
607,492,608
610,609,494
494,609,493
494,487,603
494,603,610
611,608,492
611,492,495
495,496,611
611,496,612
609,497,493
613,497,609
498,612,496
498,614,612
616,615,500
500,615,499
500,497,613
500,613,616
617,614,498
617,498,501
501,502,617
617,502,618
620,619,504
504,619,503
504,499,615
504,615,620
621,618,502
621,502,505
505,506,621
621,506,622
619,507,503
623,507,619
508,622,506
508,624,622
626,625,510
510,625,509
510,507,623
510,623,626
627,624,508
627,508,511
511,512,627
627,512,628
625,513,509
629,513,625
514,628,512
514,630,628
629,515,513
631,515,629
516,630,514
516,632,630
631,517,515
633,517,631
518,632,516
518,634,632
633,519,517
635,519,633
520,634,518
520,636,634
635,521,519
637,521,635
522,636,520
522,638,636
637,523,521
639,523,637
524,638,522
524,640,638
639,525,523
641,525,639
526,640,524
526,642,640
641,527,525
643,527,641
528,642,526
528,644,642
643,529,527
645,529,643
530,644,528
530,646,644
645,531,529
647,531,645
532,646,530
532,648,646
647,649,531
531,649,533
534,533,649
534,649,650
652,651,535
652,535,536
532,535,648
648,535,651
650,537,534
653,537,650
538,652,536
538,654,652
653,655,537
537,655,539
540,539,655
540,655,656
658,657,541
658,541,542
538,541,654
654,541,657
656,659,540
540,659,543
544,543,659
544,659,660
662,661,545
662,545,546
542,545,658
658,545,661
660,547,544
663,547,660
548,662,546
548,664,662
663,665,547
547,665,549
550,549,665
550,665,666
668,667,551
668,551,552
548,551,664
664,551,667
666,669,550
550,669,553
553,670,554
669,670,553
555,554,670
555,670,671
673,672,556
673,556,557
556,674,558
672,674,556
552,558,668
668,558,674
671,675,555
555,675,559
560,559,675
560,675,676
678,677,561
678,561,562
557,561,673
673,561,677
676,679,560
560,679,563
563,680,564
679,680,563
565,564,680
565,680,681
683,682,566
683,566,567
566,684,568
682,684,566
562,568,678
678,568,684
681,685,565
565,685,569
569,686,570
685,686,569
570,687,571
686,687,570
571,688,572
687,688,571
572,689,573
688,689,572
573,690,574
689,690,573
574,691,575
690,691,574
575,692,576
691,692,575
576,693,577
692,693,576
577,694,578
693,694,577
578,695,579
694,695,578
567,579,683
683,579,695
697,696,581
581,696,580
698,581,582
698,697,581
699,582,583
699,698,582
700,583,584
700,699,583
701,584,585
701,700,584
702,585,586
702,701,585
703,586,587
703,702,586
704,587,588
704,703,587
705,588,589
705,704,588
706,589,590
706,705,589
707,590,591
707,706,590
591,592,707
707,592,708
710,709,594
594,709,593
711,594,595
711,710,594
595,580,696
595,696,711
712,708,592
712,592,596
713,596,597
713,712,596
597,598,713
713,598,714
716,715,600
600,715,599
600,593,709
600,709,716
717,714,598
717,598,601
601,602,717
717,602,718
720,719,604
604,719,603
721,604,605
721,720,604
605,599,715
605,715,721
722,718,602
722,602,606
723,606,607
723,722,606
607,608,723
723,608,724
726,725,610
610,725,609
610,603,719
610,719,726
727,724,608
727,608,611
611,612,727
727,612,728
725,613,609
729,613,725
614,728,612
614,730,728
732,731,616
616,731,615
616,613,729
616,729,732
733,730,614
733,614,617
617,618,733
733,618,734
736,735,620
620,735,619
620,615,731
620,731,736
737,734,618
737,618,621
621,622,737
737,622,738
735,623,619
739,623,735
624,738,622
624,740,738
742,741,626
626,741,625
626,623,739
626,739,742
743,740,624
743,624,627
627,628,743
743,628,744
741,629,625
745,629,741
630,744,628
630,746,744
745,631,629
747,631,745
632,746,630
632,748,746
747,633,631
749,633,747
634,748,632
634,750,748
749,635,633
751,635,749
636,750,634
636,752,750
751,637,635
753,637,751
638,752,636
638,754,752
753,639,637
755,639,753
640,754,638
640,756,754
755,641,639
757,641,755
642,756,640
642,758,756
757,643,641
759,643,757
644,758,642
644,760,758
759,645,643
761,645,759
646,760,644
646,762,760
761,647,645
763,647,761
648,762,646
648,764,762
763,765,647
647,765,649
650,649,765
650,765,766
768,767,651
768,651,652
648,651,764
764,651,767
766,653,650
769,653,766
654,768,652
654,770,768
769,771,653
653,771,655
656,655,771
656,771,772
774,773,657
774,657,658
654,657,770
770,657,773
772,775,656
656,775,659
660,659,775
660,775,776
778,777,661
778,661,662
658,661,774
774,661,777
776,663,660
779,663,776
664,778,662
664,780,778
779,781,663
663,781,665
666,665,781
666,781,782
784,783,667
784,667,668
664,667,780
780,667,783
782,785,666
666,785,669
669,786,670
785,786,669
671,670,786
671,786,787
789,788,672
789,672,673
672,790,674
788,790,672
668,674,784
784,674,790
787,791,671
671,791,675
676,675,791
676,791,792
794,793,677
794,677,678
673,677,789
789,677,793
792,795,676
676,795,679
679,796,680
795,796,679
681,680,796
681,796,797
799,798,682
799,682,683
682,800,684
798,800,682
678,684,794
794,684,800
797,801,681
681,801,685
685,802,686
801,802,685
686,803,687
802,803,686
687,804,688
803,804,687
688,805,689
804,805,688
689,806,690
805,806,689
690,807,691
806,807,690
691,808,692
807,808,691
692,809,693
808,809,692
693,810,694
809,810,693
694,811,695
810,811,694
683,695,799
799,695,811
813,812,697
697,812,696
814,697,698
814,813,697
815,698,699
815,814,698
816,699,700
816,815,699
817,700,701
817,816,700
818,701,702
818,817,701
819,702,703
819,818,702
820,703,704
820,819,703
821,704,705
821,820,704
822,705,706
822,821,705
823,706,707
823,822,706
707,708,823
823,708,824
826,825,710
710,825,709
827,710,711
827,826,710
711,696,812
711,812,827
828,824,708
828,708,712
829,712,713
829,828,712
713,714,829
829,714,830
832,831,716
716,831,715
716,709,825
716,825,832
833,830,714
833,714,717
717,718,833
833,718,834
836,835,720
720,835,719
837,720,721
837,836,720
721,715,831
721,831,837
838,834,718
838,718,722
839,722,723
839,838,722
723,724,839
839,724,840
842,841,726
726,841,725
726,719,835
726,835,842
843,840,724
843,724,727
727,728,843
843,728,844
841,729,725
845,729,841
730,844,728
730,846,844
848,847,732
732,847,731
732,729,845
732,845,848
849,846,730
849,730,733
733,734,849
849,734,850
852,851,736
736,851,735
736,731,847
736,847,852
853,850,734
853,734,737
737,738,853
853,738,854
851,739,735
855,739,851
740,854,738
740,856,854
858,857,742
742,857,741
742,739,855
742,855,858
859,856,740
859,740,743
743,744,859
859,744,860
857,745,741
861,745,857
746,860,744
746,862,860
861,747,745
863,747,861
748,862,746
748,864,862
863,749,747
865,749,863
750,864,748
750,866,864
865,751,749
867,751,865
752,866,750
752,868,866
867,753,751
869,753,867
754,868,752
754,870,868
869,755,753
871,755,869
756,870,754
756,872,870
871,757,755
873,757,871
758,872,756
758,874,872
873,759,757
875,759,873
760,874,758
760,876,874
875,761,759
877,761,875
762,876,760
762,878,876
877,763,761
879,763,877
764,878,762
764,880,878
879,881,763
763,881,765
766,765,881
766,881,882
884,883,767
884,767,768
764,767,880
880,767,883
882,769,766
885,769,882
770,884,768
770,886,884
885,887,769
769,887,771
772,771,887
772,887,888
890,889,773
890,773,774
770,773,886
886,773,889
888,891,772
772,891,775
776,775,891
776,891,892
894,893,777
894,777,778
774,777,890
890,777,893
892,779,776
895,779,892
780,894,778
780,896,894
895,897,779
779,897,781
782,781,897
782,897,898
900,899,783
900,783,784
780,783,896
896,783,899
898,901,782
782,901,785
785,902,786
901,902,785
787,786,902
787,902,903
905,904,788
905,788,789
788,906,790
904,906,788
784,790,900
900,790,906
903,907,787
787,907,791
792,791,907
792,907,908
910,909,793
910,793,794
789,793,905
905,793,909
908,911,792
792,911,795
795,912,796
911,912,795
797,796,912
797,912,913
915,914,798
915,798,799
798,916,800
914,916,798
794,800,910
910,800,916
913,917,797
797,917,801
801,918,802
917,918,801
802,919,803
918,919,802
803,920,804
919,920,803
804,921,805
920,921,804
805,922,806
921,922,805
806,923,807
922,923,806
807,924,808
923,924,807
808,925,809
924,925,808
809,926,810
925,926,809
810,927,811
926,927,810
799,811,915
915,811,927
929,928,813
813,928,812
930,813,814
930,929,813
931,814,815
931,930,814
932,815,816
932,931,815
933,816,817
933,932,816
934,817,818
934,933,817
935,818,819
935,934,818
936,819,820
936,935,819
937,820,821
937,936,820
938,821,822
938,937,821
939,822,823
939,938,822
823,824,939
939,824,940
942,941,826
826,941,825
943,826,827
943,942,826
827,812,928
827,928,943
944,940,824
944,824,828
945,828,829
945,944,828
829,830,945
945,830,946
948,947,832
832,947,831
832,825,941
832,941,948
949,946,830
949,830,833
833,834,949
949,834,950
952,951,836
836,951,835
953,836,837
953,952,836
837,831,947
837,947,953
954,950,834
954,834,838
955,838,839
955,954,838
839,840,955
955,840,956
958,957,842
842,957,841
842,835,951
842,951,958
959,956,840
959,840,843
843,844,959
959,844,960
957,845,841
961,845,957
846,960,844
846,962,960
964,963,848
848,963,847
848,845,961
848,961,964
965,962,846
965,846,849
849,850,965
965,850,966
968,967,852
852,967,851
852,847,963
852,963,968
969,966,850
969,850,853
853,854,969
969,854,970
967,855,851
971,855,967
856,970,854
856,972,970
974,973,858
858,973,857
858,855,971
858,971,974
975,972,856
975,856,859
859,860,975
975,860,976
973,861,857
977,861,973
862,976,860
862,978,976
977,863,861
979,863,977
864,978,862
864,980,978
979,865,863
981,865,979
866,980,864
866,982,980
981,867,865
983,867,981
868,982,866
868,984,982
983,869,867
985,869,983
870,984,868
870,986,984
985,871,869
987,871,985
872,986,870
872,988,986
987,873,871
989,873,987
874,988,872
874,990,988
989,875,873
991,875,989
876,990,874
876,992,990
991,877,875
993,877,991
878,992,876
878,994,992
993,879,877
995,879,993
880,994,878
880,996,994
995,997,879
879,997,881
882,881,997
882,997,998
1000,999,883
1000,883,884
880,883,996
996,883,999
998,885,882
1001,885,998
886,1000,884
886,1002,1000
1001,1003,885
885,1003,887
888,887,1003
888,1003,1004
1006,1005,889
1006,889,890
886,889,1002
1002,889,1005
1004,1007,888
888,1007,891
892,891,1007
892,1007,1008
1010,1009,893
1010,893,894
890,893,1006
1006,893,1009
1008,895,892
1011,895,1008
896,1010,894
896,1012,1010
1011,1013,895
895,1013,897
898,897,1013
898,1013,1014
1016,1015,899
1016,899,900
896,899,1012
1012,899,1015
1014,1017,898
898,1017,901
901,1018,902
1017,1018,901
903,902,1018
903,1018,1019
1021,1020,904
1021,904,905
904,1022,906
1020,1022,904
900,906,1016
1016,906,1022
1019,1023,903
903,1023,907
908,907,1023
908,1023,1024
1026,1025,909
1026,909,910
905,909,1021
1021,909,1025
1024,1027,908
908,1027,911
911,1028,912
1027,1028,911
913,912,1028
913,1028,1029
1031,1030,914
1031,914,915
914,1032,916
1030,1032,914
910,916,1026
1026,916,1032
1029,1033,913
913,1033,917
917,1034,918
1033,1034,917
918,1035,919
1034,1035,918
919,1036,920
1035,1036,919
920,1037,921
1036,1037,920
921,1038,922
1037,1038,921
922,1039,923
1038,1039,922
923,1040,924
1039,1040,923
924,1041,925
1040,1041,924
925,1042,926
1041,1042,925
926,1043,927
1042,1043,926
915,927,1031
1031,927,1043
1045,1044,929
929,1044,928
1046,929,930
1046,1045,929
1047,930,931
1047,1046,930
1048,931,932
1048,1047,931
1049,932,933
1049,1048,932
1050,933,934
1050,1049,933
1051,934,935
1051,1050,934
1052,935,936
1052,1051,935
1053,936,937
1053,1052,936
1054,937,938
1054,1053,937
1055,938,939
1055,1054,938
939,940,1055
1055,940,1056
1058,1057,942
942,1057,941
1059,942,943
1059,1058,942
943,928,1044
943,1044,1059
1060,1056,940
1060,940,944
1061,944,945
1061,1060,944
945,946,1061
1061,946,1062
1064,1063,948
948,1063,947
948,941,1057
948,1057,1064
1065,1062,946
1065,946,949
949,950,1065
1065,950,1066
1068,1067,952
952,1067,951
1069,952,953
1069,1068,952
953,947,1063
953,1063,1069
1070,1066,950
1070,950,954
1071,954,955
1071,1070,954
955,956,1071
1071,956,1072
1074,1073,958
958,1073,957
958,951,1067
958,1067,1074
1075,1072,956
1075,956,959
959,960,1075
1075,960,1076
1073,961,957
1077,961,1073
962,1076,960
962,1078,1076
1080,1079,964
964,1079,963
964,961,1077
964,1077,1080
1081,1078,962
1081,962,965
965,966,1081
1081,966,1082
1084,1083,968
968,1083,967
968,963,1079
968,1079,1084
1085,1082,966
1085,966,969
969,970,1085
1085,970,1086
1083,971,967
1087,971,1083
972,1086,970
972,1088,1086
1090,1089,974
974,1089,973
974,971,1087
974,1087,1090
1091,1088,972
1091,972,975
975,976,1091
1091,976,1092
1089,977,973
1093,977,1089
978,1092,976
978,1094,1092
1093,979,977
1095,979,1093
980,1094,978
980,1096,1094
1095,981,979
1097,981,1095
982,1096,980
982,1098,1096
1097,983,981
1099,983,1097
984,1098,982
984,1100,1098
1099,985,983
1101,985,1099
986,1100,984
986,1102,1100
1101,987,985
1103,987,1101
988,1102,986
988,1104,1102
1103,989,987
1105,989,1103
990,1104,988
990,1106,1104
1105,991,989
1107,991,1105
992,1106,990
992,1108,1106
1107,993,991
1109,993,1107
994,1108,992
994,1110,1108
1109,995,993
1111,995,1109
996,1110,994
996,1112,1110
1111,1113,995
995,1113,997
998,997,1113
998,1113,1114
1116,1115,999
1116,999,1000
996,999,1112
1112,999,1115
1114,1001,998
1117,1001,1114
1002,1116,1000
1002,1118,1116
1117,1119,1001
1001,1119,1003
1004,1003,1119
1004,1119,1120
1122,1121,1005
1122,1005,1006
1002,1005,1118
1118,1005,1121
1120,1123,1004
1004,1123,1007
1008,1007,1123
1008,1123,1124
1126,1125,1009
1126,1009,1010
1006,1009,1122
1122,1009,1125
1124,1011,1008
1127,1011,1124
1012,1126,1010
1012,1128,1126
1127,1129,1011
1011,1129,1013
1014,1013,1129
1014,1129,1130
1132,1131,1015
1132,1015,1016
1012,1015,1128
1128,1015,1131
1130,1133,1014
1014,1133,1017
1017,1134,1018
1133,1134,1017
1019,1018,1134
1019,1134,1135
1137,1136,1020
1137,1020,1021
1020,1138,1022
1136,1138,1020
1016,1022,1132
1132,1022,1138
1135,1139,1019
1019,1139,1023
1024,1023,1139
1024,1139,1140
1142,1141,1025
1142,1025,1026
1021,1025,1137
1137,1025,1141
1140,1143,1024
1024,1143,1027
1027,1144,1028
1143,1144,1027
1029,1028,1144
1029,1144,1145
1147,1146,1030
1147,1030,1031
1030,1148,1032
1146,1148,1030
1026,1032,1142
1142,1032,1148
1145,1149,1029
1029,1149,1033
1033,1150,1034
1149,1150,1033
1034,1151,1035
1150,1151,1034
1035,1152,1036
1151,1152,1035
1036,1153,1037
1152,1153,1036
1037,1154,1038
1153,1154,1037
1038,1155,1039
1154,1155,1038
1039,1156,1040
1155,1156,1039
1040,1157,1041
1156,1157,1040
1041,1158,1042
1157,1158,1041
1042,1159,1043
1158,1159,1042
1031,1043,1147
1147,1043,1159
1161,1160,1045
1045,1160,1044
1162,1045,1046
1162,1161,1045
1163,1046,1047
1163,1162,1046
1164,1047,1048
1164,1163,1047
1165,1048,1049
1165,1164,1048
1166,1049,1050
1166,1165,1049
1167,1050,1051
1167,1166,1050
1168,1051,1052
1168,1167,1051
1169,1052,1053
1169,1168,1052
1170,1053,1054
1170,1169,1053
1171,1054,1055
1171,1170,1054
1055,1056,1171
1171,1056,1172
1174,1173,1058
1058,1173,1057
1175,1058,1059
1175,1174,1058
1059,1044,1160
1059,1160,1175
1176,1172,1056
1176,1056,1060
1177,1060,1061
1177,1176,1060
1061,1062,1177
1177,1062,1178
1180,1179,1064
1064,1179,1063
1064,1057,1173
1064,1173,1180
1181,1178,1062
1181,1062,1065
1065,1066,1181
1181,1066,1182
1184,1183,1068
1068,1183,1067
1185,1068,1069
1185,1184,1068
1069,1063,1179
1069,1179,1185
1186,1182,1066
1186,1066,1070
1187,1070,1071
1187,1186,1070
1071,1072,1187
1187,1072,1188
1190,1189,1074
1074,1189,1073
1074,1067,1183
1074,1183,1190
1191,1188,1072
1191,1072,1075
1075,1076,1191
1191,1076,1192
1189,1077,1073
1193,1077,1189
1078,1192,1076
1078,1194,1192
1196,1195,1080
1080,1195,1079
1080,1077,1193
1080,1193,1196
1197,1194,1078
1197,1078,1081
1081,1082,1197
1197,1082,1198
1200,1199,1084
1084,1199,1083
1084,1079,1195
1084,1195,1200
1201,1198,1082
1201,1082,1085
1085,1086,1201
1201,1086,1202
1199,1087,1083
1203,1087,1199
1088,1202,1086
1088,1204,1202
1206,1205,1090
1090,1205,1089
1090,1087,1203
1090,1203,1206
1207,1204,1088
1207,1088,1091
1091,1092,1207
1207,1092,1208
1205,1093,1089
1209,1093,1205
1094,1208,1092
1094,1210,1208
1209,1095,1093
1211,1095,1209
1096,1210,1094
1096,1212,1210
1211,1097,1095
1213,1097,1211
1098,1212,1096
1098,1214,1212
1213,1099,1097
1215,1099,1213
1100,1214,1098
1100,1216,1214
1215,1101,1099
1217,1101,1215
1102,1216,1100
1102,1218,1216
1217,1103,1101
1219,1103,1217
1104,1218,1102
1104,1220,1218
1219,1105,1103
1221,1105,1219
1106,1220,1104
1106,1222,1220
1221,1107,1105
1223,1107,1221
1108,1222,1106
1108,1224,1222
1223,1109,1107
1225,1109,1223
1110,1224,1108
1110,1226,1224
1225,1111,1109
1227,1111,1225
1112,1226,1110
1112,1228,1226
1227,1229,1111
1111,1229,1113
1114,1113,1229
1114,1229,1230
1232,1231,1115
1232,1115,1116
1112,1115,1228
1228,1115,1231
1230,1117,1114
1233,1117,1230
1118,1232,1116
1118,1234,1232
1233,1235,1117
1117,1235,1119
1120,1119,1235
1120,1235,1236
1238,1237,1121
1238,1121,1122
1118,1121,1234
1234,1121,1237
1236,1239,1120
1120,1239,1123
1124,1123,1239
1124,1239,1240
1242,1241,1125
1242,1125,1126
1122,1125,1238
1238,1125,1241
1240,1127,1124
1243,1127,1240
1128,1242,1126
1128,1244,1242
1243,1245,1127
1127,1245,1129
1130,1129,1245
1130,1245,1246
1248,1247,1131
1248,1131,1132
1128,1131,1244
1244,1131,1247
1246,1249,1130
1130,1249,1133
1133,1250,1134
1249,1250,1133
1135,1134,1250
1135,1250,1251
1253,1252,1136
1253,1136,1137
1136,1254,1138
1252,1254,1136
1132,1138,1248
1248,1138,1254
1251,1255,1135
1135,1255,1139
1140,1139,1255
1140,1255,1256
1258,1257,1141
1258,1141,1142
1137,1141,1253
1253,1141,1257
1256,1259,1140
1140,1259,1143
1143,1260,1144
1259,1260,1143
1145,1144,1260
1145,1260,1261
1263,1262,1146
1263,1146,1147
1146,1264,1148
1262,1264,1146
1142,1148,1258
1258,1148,1264
1261,1265,1145
1145,1265,1149
1149,1266,1150
1265,1266,1149
1150,1267,1151
1266,1267,1150
1151,1268,1152
1267,1268,1151
1152,1269,1153
1268,1269,1152
1153,1270,1154
1269,1270,1153
1154,1271,1155
1270,1271,1154
1155,1272,1156
1271,1272,1155
1156,1273,1157
1272,1273,1156
1157,1274,1158
1273,1274,1157
1158,1275,1159
1274,1275,1158
1147,1159,1263
1263,1159,1275
1277,1276,1161
1161,1276,1160
1278,1161,1162
1278,1277,1161
1279,1162,1163
1279,1278,1162
1280,1163,1164
1280,1279,1163
1281,1164,1165
1281,1280,1164
1282,1165,1166
1282,1281,1165
1283,1166,1167
1283,1282,1166
1284,1167,1168
1284,1283,1167
1285,1168,1169
1285,1284,1168
1286,1169,1170
1286,1285,1169
1287,1170,1171
1287,1286,1170
1171,1172,1287
1287,1172,1288
1290,1289,1174
1174,1289,1173
1291,1174,1175
1291,1290,1174
1175,1160,1276
1175,1276,1291
1292,1288,1172
1292,1172,1176
1293,1176,1177
1293,1292,1176
1177,1178,1293
1293,1178,1294
1296,1295,1180
1180,1295,1179
1180,1173,1289
1180,1289,1296
1297,1294,1178
1297,1178,1181
1181,1182,1297
1297,1182,1298
1300,1299,1184
1184,1299,1183
1301,1184,1185
1301,1300,1184
1185,1179,1295
1185,1295,1301
1302,1298,1182
1302,1182,1186
1303,1186,1187
1303,1302,1186
1187,1188,1303
1303,1188,1304
1306,1305,1190
1190,1305,1189
1190,1183,1299
1190,1299,1306
1307,1304,1188
1307,1188,1191
1191,1192,1307
1307,1192,1308
1305,1193,1189
1309,1193,1305
1194,1308,1192
1194,1310,1308
1312,1311,1196
1196,1311,1195
1196,1193,1309
1196,1309,1312
1313,1310,1194
1313,1194,1197
1197,1198,1313
1313,1198,1314
1316,1315,1200
1200,1315,1199
1200,1195,1311
1200,1311,1316
1317,1314,1198
1317,1198,1201
1201,1202,1317
1317,1202,1318
1315,1203,1199
1319,1203,1315
1204,1318,1202
1204,1320,1318
1322,1321,1206
1206,1321,1205
1206,1203,1319
1206,1319,1322
1323,1320,1204
1323,1204,1207
1207,1208,1323
1323,1208,1324
1321,1209,1205
1325,1209,1321
1210,1324,1208
1210,1326,1324
1325,1211,1209
1327,1211,1325
1212,1326,1210
1212,1328,1326
1327,1213,1211
1329,1213,1327
1214,1328,1212
1214,1330,1328
1329,1215,1213
1331,1215,1329
1216,1330,1214
1216,1332,1330
1331,1217,1215
1333,1217,1331
1218,1332,1216
1218,1334,1332
1333,1219,1217
1335,1219,1333
1220,1334,1218
1220,1336,1334
1335,1221,1219
1337,1221,1335
1222,1336,1220
1222,1338,1336
1337,1223,1221
1339,1223,1337
1224,1338,1222
1224,1340,1338
1339,1225,1223
1341,1225,1339
1226,1340,1224
1226,1342,1340
1341,1227,1225
1343,1227,1341
1228,1342,1226
1228,1344,1342
1343,1345,1227
1227,1345,1229
1230,1229,1345
1230,1345,1346
1348,1347,1231
1348,1231,1232
1228,1231,1344
1344,1231,1347
1346,1233,1230
1349,1233,1346
1234,1348,1232
1234,1350,1348
1349,1351,1233
1233,1351,1235
1236,1235,1351
1236,1351,1352
1354,1353,1237
1354,1237,1238
1234,1237,1350
1350,1237,1353
1352,1355,1236
1236,1355,1239
1240,1239,1355
1240,1355,1356
1358,1357,1241
1358,1241,1242
1238,1241,1354
1354,1241,1357
1356,1243,1240
1359,1243,1356
1244,1358,1242
1244,1360,1358
1359,1361,1243
1243,1361,1245
1246,1245,1361
1246,1361,1362
1364,1363,1247
1364,1247,1248
1244,1247,1360
1360,1247,1363
1362,1365,1246
1246,1365,1249
1249,1366,1250
1365,1366,1249
1251,1250,1366
1251,1366,1367
1369,1368,1252
1369,1252,1253
1252,1370,1254
1368,1370,1252
1248,1254,1364
1364,1254,1370
1367,1371,1251
1251,1371,1255
1256,1255,1371
1256,1371,1372
1374,1373,1257
1374,1257,1258
1253,1257,1369
1369,1257,1373
1372,1375,1256
1256,1375,1259
1259,1376,1260
1375,1376,1259
1261,1260,1376
1261,1376,1377
1379,1378,1262
1379,1262,1263
1262,1380,1264
1378,1380,1262
1258,1264,1374
1374,1264,1380
1377,1381,1261
1261,1381,1265
1265,1382,1266
1381,1382,1265
1266,1383,1267
1382,1383,1266
1267,1384,1268
1383,1384,1267
1268,1385,1269
1384,1385,1268
1269,1386,1270
1385,1386,1269
1270,1387,1271
1386,1387,1270
1271,1388,1272
1387,1388,1271
1272,1389,1273
1388,1389,1272
1273,1390,1274
1389,1390,1273
1274,1391,1275
1390,1391,1274
1263,1275,1379
1379,1275,1391
1393,1392,1277
1277,1392,1276
1394,1277,1278
1394,1393,1277
1395,1278,1279
1395,1394,1278
1396,1279,1280
1396,1395,1279
1397,1280,1281
1397,1396,1280
1398,1281,1282
1398,1397,1281
1399,1282,1283
1399,1398,1282
1400,1283,1284
1400,1399,1283
1401,1284,1285
1401,1400,1284
1402,1285,1286
1402,1401,1285
1403,1286,1287
1403,1402,1286
1287,1288,1403
1403,1288,1404
1406,1405,1290
1290,1405,1289
1407,1290,1291
1407,1406,1290
1291,1276,1392
1291,1392,1407
1408,1404,1288
1408,1288,1292
1409,1292,1293
1409,1408,1292
1293,1294,1409
1409,1294,1410
1412,1411,1296
1296,1411,1295
1296,1289,1405
1296,1405,1412
1413,1410,1294
1413,1294,1297
1297,1298,1413
1413,1298,1414
1416,1415,1300
1300,1415,1299
1417,1300,1301
1417,1416,1300
1301,1295,1411
1301,1411,1417
1418,1414,1298
1418,1298,1302
1419,1302,1303
1419,1418,1302
1303,1304,1419
1419,1304,1420
1422,1421,1306
1306,1421,1305
1306,1299,1415
1306,1415,1422
1423,1420,1304
1423,1304,1307
1307,1308,1423
1423,1308,1424
1421,1309,1305
1425,1309,1421
1310,1424,1308
1310,1426,1424
1428,1427,1312
1312,1427,1311
1312,1309,1425
1312,1425,1428
1429,1426,1310
1429,1310,1313
1313,1314,1429
1429,1314,1430
1432,1431,1316
1316,1431,1315
1316,1311,1427
1316,1427,1432
1433,1430,1314
1433,1314,1317
1317,1318,1433
1433,1318,1434
1431,1319,1315
1435,1319,1431
1320,1434,1318
1320,1436,1434
1438,1437,1322
1322,1437,1321
1322,1319,1435
1322,1435,1438
1439,1436,1320
1439,1320,1323
1323,1324,1439
1439,1324,1440
1437,1325,1321
1441,1325,1437
1326,1440,1324
1326,1442,1440
1441,1327,1325
1443,1327,1441
1328,1442,1326
1328,1444,1442
1443,1329,1327
1445,1329,1443
1330,1444,1328
1330,1446,1444
1445,1331,1329
1447,1331,1445
1332,1446,1330
1332,1448,1446
1447,1333,1331
1449,1333,1447
1334,1448,1332
1334,1450,1448
1449,1335,1333
1451,1335,1449
1336,1450,1334
1336,1452,1450
1451,1337,1335
1453,1337,1451
1338,1452,1336
1338,1454,1452
1453,1339,1337
1455,1339,1453
1340,1454,1338
1340,1456,1454
1455,1341,1339
1457,1341,1455
1342,1456,1340
1342,1458,1456
1457,1343,1341
1459,1343,1457
1344,1458,1342
1344,1460,1458
1459,1461,1343
1343,1461,1345
1346,1345,1461
1346,1461,1462
1464,1463,1347
1464,1347,1348
1344,1347,1460
1460,1347,1463
1462,1349,1346
1465,1349,1462
1350,1464,1348
1350,1466,1464
1465,1467,1349
1349,1467,1351
1352,1351,1467
1352,1467,1468
1470,1469,1353
1470,1353,1354
1350,1353,1466
1466,1353,1469
1468,1471,1352
1352,1471,1355
1356,1355,1471
1356,1471,1472
1474,1473,1357
1474,1357,1358
1354,1357,1470
1470,1357,1473
1472,1359,1356
1475,1359,1472
1360,1474,1358
1360,1476,1474
1475,1477,1359
1359,1477,1361
1362,1361,1477
1362,1477,1478
1480,1479,1363
1480,1363,1364
1360,1363,1476
1476,1363,1479
1478,1481,1362
1362,1481,1365
1365,1482,1366
1481,1482,1365
1367,1366,1482
1367,1482,1483
1485,1484,1368
1485,1368,1369
1368,1486,1370
1484,1486,1368
1364,1370,1480
1480,1370,1486
1483,1487,1367
1367,1487,1371
1372,1371,1487
1372,1487,1488
1490,1489,1373
1490,1373,1374
1369,1373,1485
1485,1373,1489
1488,1491,1372
1372,1491,1375
1375,1492,1376
1491,1492,1375
1377,1376,1492
1377,1492,1493
1495,1494,1378
1495,1378,1379
1378,1496,1380
1494,1496,1378
1374,1380,1490
1490,1380,1496
1493,1497,1377
1377,1497,1381
1381,1498,1382
1497,1498,1381
1382,1499,1383
1498,1499,1382
1383,1500,1384
1499,1500,1383
1384,1501,1385
1500,1501,1384
1385,1502,1386
1501,1502,1385
1386,1503,1387
1502,1503,1386
1387,1504,1388
1503,1504,1387
1388,1505,1389
1504,1505,1388
1389,1506,1390
1505,1506,1389
1390,1507,1391
1506,1507,1390
1379,1391,1495
1495,1391,1507
1509,1508,1393
1393,1508,1392
1510,1393,1394
1510,1509,1393
1511,1394,1395
1511,1510,1394
1512,1395,1396
1512,1511,1395
1513,1396,1397
1513,1512,1396
1514,1397,1398
1514,1513,1397
1515,1398,1399
1515,1514,1398
1516,1399,1400
1516,1515,1399
1517,1400,1401
1517,1516,1400
1518,1401,1402
1518,1517,1401
1519,1402,1403
1519,1518,1402
1403,1404,1519
1519,1404,1520
1522,1521,1406
1406,1521,1405
1523,1406,1407
1523,1522,1406
1407,1392,1508
1407,1508,1523
1524,1520,1404
1524,1404,1408
1525,1408,1409
1525,1524,1408
1409,1410,1525
1525,1410,1526
1528,1527,1412
1412,1527,1411
1412,1405,1521
1412,1521,1528
1529,1526,1410
1529,1410,1413
1413,1414,1529
1529,1414,1530
1532,1531,1416
1416,1531,1415
1533,1416,1417
1533,1532,1416
1417,1411,1527
1417,1527,1533
1534,1530,1414
1534,1414,1418
1535,1418,1419
1535,1534,1418
1419,1420,1535
1535,1420,1536
1538,1537,1422
1422,1537,1421
1422,1415,1531
1422,1531,1538
1539,1536,1420
1539,1420,1423
1423,1424,1539
1539,1424,1540
1537,1425,1421
1541,1425,1537
1426,1540,1424
1426,1542,1540
1544,1543,1428
1428,1543,1427
1428,1425,1541
1428,1541,1544
1545,1542,1426
1545,1426,1429
1429,1430,1545
1545,1430,1546
1548,1547,1432
1432,1547,1431
1432,1427,1543
1432,1543,1548
1549,1546,1430
1549,1430,1433
1433,1434,1549
1549,1434,1550
1547,1435,1431
1551,1435,1547
1436,1550,1434
1436,1552,1550
1554,1553,1438
1438,1553,1437
1438,1435,1551
1438,1551,1554
1555,1552,1436
1555,1436,1439
1439,1440,1555
1555,1440,1556
1553,1441,1437
1557,1441,1553
1442,1556,1440
1442,1558,1556
1557,1443,1441
1559,1443,1557
1444,1558,1442
1444,1560,1558
1559,1445,1443
1561,1445,1559
1446,1560,1444
1446,1562,1560
1561,1447,1445
1563,1447,1561
1448,1562,1446
1448,1564,1562
1563,1449,1447
1565,1449,1563
1450,1564,1448
1450,1566,1564
1565,1451,1449
1567,1451,1565
1452,1566,1450
1452,1568,1566
1567,1453,1451
1569,1453,1567
1454,1568,1452
1454,1570,1568
1569,1455,1453
1571,1455,1569
1456,1570,1454
1456,1572,1570
1571,1457,1455
1573,1457,1571
1458,1572,1456
1458,1574,1572
1573,1459,1457
1575,1459,1573
1460,1574,1458
1460,1576,1574
1575,1577,1459
1459,1577,1461
1462,1461,1577
1462,1577,1578
1580,1579,1463
1580,1463,1464
1460,1463,1576
1576,1463,1579
1578,1465,1462
1581,1465,1578
1466,1580,1464
1466,1582,1580
1581,1583,1465
1465,1583,1467
1468,1467,1583
1468,1583,1584
1586,1585,1469
1586,1469,1470
1466,1469,1582
1582,1469,1585
1584,1587,1468
1468,1587,1471
1472,1471,1587
1472,1587,1588
1590,1589,1473
1590,1473,1474
1470,1473,1586
1586,1473,1589
1588,1475,1472
1591,1475,1588
1476,1590,1474
1476,1592,1590
1591,1593,1475
1475,1593,1477
1478,1477,1593
1478,1593,1594
1596,1595,1479
1596,1479,1480
1476,1479,1592
1592,1479,1595
1594,1597,1478
1478,1597,1481
1481,1598,1482
1597,1598,1481
1483,1482,1598
1483,1598,1599
1601,1600,1484
1601,1484,1485
1484,1602,1486
1600,1602,1484
1480,1486,1596
1596,1486,1602
1599,1603,1483
1483,1603,1487
1488,1487,1603
1488,1603,1604
1606,1605,1489
1606,1489,1490
1485,1489,1601
1601,1489,1605
1604,1607,1488
1488,1607,1491
1491,1608,1492
1607,1608,1491
1493,1492,1608
1493,1608,1609
1611,1610,1494
1611,1494,1495
1494,1612,1496
1610,1612,1494
1490,1496,1606
1606,1496,1612
1609,1613,1493
1493,1613,1497
1497,1614,1498
1613,1614,1497
1498,1615,1499
1614,1615,1498
1499,1616,1500
1615,1616,1499
1500,1617,1501
1616,1617,1500
1501,1618,1502
1617,1618,1501
1502,1619,1503
1618,1619,1502
1503,1620,1504
1619,1620,1503
1504,1621,1505
1620,1621,1504
1505,1622,1506
1621,1622,1505
1506,1623,1507
1622,1623,1506
1495,1507,1611
1611,1507,1623
1625,1624,1509
1509,1624,1508
1626,1509,1510
1626,1625,1509
1627,1510,1511
1627,1626,1510
1628,1511,1512
1628,1627,1511
1629,1512,1513
1629,1628,1512
1630,1513,1514
1630,1629,1513
1631,1514,1515
1631,1630,1514
1632,1515,1516
1632,1631,1515
1633,1516,1517
1633,1632,1516
1634,1517,1518
1634,1633,1517
1635,1518,1519
1635,1634,1518
1519,1520,1635
1635,1520,1636
1638,1637,1522
1522,1637,1521
1639,1522,1523
1639,1638,1522
1523,1508,1624
1523,1624,1639
1640,1636,1520
1640,1520,1524
1641,1524,1525
1641,1640,1524
1525,1526,1641
1641,1526,1642
1644,1643,1528
1528,1643,1527
1528,1521,1637
1528,1637,1644
1645,1642,1526
1645,1526,1529
1529,1530,1645
1645,1530,1646
1648,1647,1532
1532,1647,1531
1649,1532,1533
1649,1648,1532
1533,1527,1643
1533,1643,1649
1650,1646,1530
1650,1530,1534
1651,1534,1535
1651,1650,1534
1535,1536,1651
1651,1536,1652
1654,1653,1538
1538,1653,1537
1538,1531,1647
1538,1647,1654
1655,1652,1536
1655,1536,1539
1539,1540,1655
1655,1540,1656
1653,1541,1537
1657,1541,1653
1542,1656,1540
1542,1658,1656
1660,1659,1544
1544,1659,1543
1544,1541,1657
1544,1657,1660
1661,1658,1542
1661,1542,1545
1545,1546,1661
1661,1546,1662
1664,1663,1548
1548,1663,1547
1548,1543,1659
1548,1659,1664
1665,1662,1546
1665,1546,1549
1549,1550,1665
1665,1550,1666
1663,1551,1547
1667,1551,1663
1552,1666,1550
1552,1668,1666
1670,1669,1554
1554,1669,1553
1554,1551,1667
1554,1667,1670
1671,1668,1552
1671,1552,1555
1555,1556,1671
1671,1556,1672
1669,1557,1553
1673,1557,1669
1558,1672,1556
1558,1674,1672
1673,1559,1557
1675,1559,1673
1560,1674,1558
1560,1676,1674
1675,1561,1559
1677,1561,1675
1562,1676,1560
1562,1678,1676
1677,1563,1561
1679,1563,1677
1564,1678,1562
1564,1680,1678
1679,1565,1563
1681,1565,1679
1566,1680,1564
1566,1682,1680
1681,1567,1565
1683,1567,1681
1568,1682,1566
1568,1684,1682
1683,1569,1567
1685,1569,1683
1570,1684,1568
1570,1686,1684
1685,1571,1569
1687,1571,1685
1572,1686,1570
1572,1688,1686
1687,1573,1571
1689,1573,1687
1574,1688,1572
1574,1690,1688
1689,1575,1573
1691,1575,1689
1576,1690,1574
1576,1692,1690
1691,1693,1575
1575,1693,1577
1578,1577,1693
1578,1693,1694
1696,1695,1579
1696,1579,1580
1576,1579,1692
1692,1579,1695
1694,1581,1578
1697,1581,1694
1582,1696,1580
1582,1698,1696
1697,1699,1581
1581,1699,1583
1584,1583,1699
1584,1699,1700
1702,1701,1585
1702,1585,1586
1582,1585,1698
1698,1585,1701
1700,1703,1584
1584,1703,1587
1588,1587,1703
1588,1703,1704
1706,1705,1589
1706,1589,1590
1586,1589,1702
1702,1589,1705
1704,1591,1588
1707,1591,1704
1592,1706,1590
1592,1708,1706
1707,1709,1591
1591,1709,1593
1594,1593,1709
1594,1709,1710
1712,1711,1595
1712,1595,1596
1592,1595,1708
1708,1595,1711
1710,1713,1594
1594,1713,1597
1597,1714,1598
1713,1714,1597
1599,1598,1714
1599,1714,1715
1717,1716,1600
1717,1600,1601
1600,1718,1602
1716,1718,1600
1596,1602,1712
1712,1602,1718
1715,1719,1599
1599,1719,1603
1604,1603,1719
1604,1719,1720
1722,1721,1605
1722,1605,1606
1601,1605,1717
1717,1605,1721
1720,1723,1604
1604,1723,1607
1607,1724,1608
1723,1724,1607
1609,1608,1724
1609,1724,1725
1727,1726,1610
1727,1610,1611
1610,1728,1612
1726,1728,1610
1606,1612,1722
1722,1612,1728
1725,1729,1609
1609,1729,1613
1613,1730,1614
1729,1730,1613
1614,1731,1615
1730,1731,1614
1615,1732,1616
1731,1732,1615
1616,1733,1617
1732,1733,1616
1617,1734,1618
1733,1734,1617
1618,1735,1619
1734,1735,1618
1619,1736,1620
1735,1736,1619
1620,1737,1621
1736,1737,1620
1621,1738,1622
1737,1738,1621
1622,1739,1623
1738,1739,1622
1611,1623,1727
1727,1623,1739
1741,1740,1625
1625,1740,1624
1742,1625,1626
1742,1741,1625
1743,1626,1627
1743,1742,1626
1744,1627,1628
1744,1743,1627
1745,1628,1629
1745,1744,1628
1746,1629,1630
1746,1745,1629
1747,1630,1631
1747,1746,1630
1748,1631,1632
1748,1747,1631
1749,1632,1633
1749,1748,1632
1750,1633,1634
1750,1749,1633
1751,1634,1635
1751,1750,1634
1635,1636,1751
1751,1636,1752
1754,1753,1638
1638,1753,1637
1755,1638,1639
1755,1754,1638
1639,1624,1740
1639,1740,1755
1756,1752,1636
1756,1636,1640
1757,1640,1641
1757,1756,1640
1641,1642,1757
1757,1642,1758
1760,1759,1644
1644,1759,1643
1644,1637,1753
1644,1753,1760
1761,1758,1642
1761,1642,1645
1645,1646,1761
1761,1646,1762
1764,1763,1648
1648,1763,1647
1765,1648,1649
1765,1764,1648
1649,1643,1759
1649,1759,1765
1766,1762,1646
1766,1646,1650
1767,1650,1651
1767,1766,1650
1651,1652,1767
1767,1652,1768
1770,1769,1654
1654,1769,1653
1654,1647,1763
1654,1763,1770
1771,1768,1652
1771,1652,1655
1655,1656,1771
1771,1656,1772
1769,1657,1653
1773,1657,1769
1658,1772,1656
1658,1774,1772
1776,1775,1660
1660,1775,1659
1660,1657,1773
1660,1773,1776
1777,1774,1658
1777,1658,1661
1661,1662,1777
1777,1662,1778
1780,1779,1664
1664,1779,1663
1664,1659,1775
1664,1775,1780
1781,1778,1662
1781,1662,1665
1665,1666,1781
1781,1666,1782
1779,1667,1663
1783,1667,1779
1668,1782,1666
1668,1784,1782
1786,1785,1670
1670,1785,1669
1670,1667,1783
1670,1783,1786
1787,1784,1668
1787,1668,1671
1671,1672,1787
1787,1672,1788
1785,1673,1669
1789,1673,1785
1674,1788,1672
1674,1790,1788
1789,1675,1673
1791,1675,1789
1676,1790,1674
1676,1792,1790
1791,1677,1675
1793,1677,1791
1678,1792,1676
1678,1794,1792
1793,1679,1677
1795,1679,1793
1680,1794,1678
1680,1796,1794
1795,1681,1679
1797,1681,1795
1682,1796,1680
1682,1798,1796
1797,1683,1681
1799,1683,1797
1684,1798,1682
1684,1800,1798
1799,1685,1683
1801,1685,1799
1686,1800,1684
1686,1802,1800
1801,1687,1685
1803,1687,1801
1688,1802,1686
1688,1804,1802
1803,1689,1687
1805,1689,1803
1690,1804,1688
1690,1806,1804
1805,1691,1689
1807,1691,1805
1692,1806,1690
1692,1808,1806
1807,1809,1691
1691,1809,1693
1694,1693,1809
1694,1809,1810
1812,1811,1695
1812,1695,1696
1692,1695,1808
1808,1695,1811
1810,1697,1694
1813,1697,1810
1698,1812,1696
1698,1814,1812
1813,1815,1697
1697,1815,1699
1700,1699,1815
1700,1815,1816
1818,1817,1701
1818,1701,1702
1698,1701,1814
1814,1701,1817
1816,1819,1700
1700,1819,1703
1704,1703,1819
1704,1819,1820
1822,1821,1705
1822,1705,1706
1702,1705,1818
1818,1705,1821
1820,1707,1704
1823,1707,1820
1708,1822,1706
1708,1824,1822
1823,1825,1707
1707,1825,1709
1710,1709,1825
1710,1825,1826
1828,1827,1711
1828,1711,1712
1708,1711,1824
1824,1711,1827
1826,1829,1710
1710,1829,1713
1713,1830,1714
1829,1830,1713
1715,1714,1830
1715,1830,1831
1833,1832,1716
1833,1716,1717
1716,1834,1718
1832,1834,1716
1712,1718,1828
1828,1718,1834
1831,1835,1715
1715,1835,1719
1720,1719,1835
1720,1835,1836
1838,1837,1721
1838,1721,1722
1717,1721,1833
1833,1721,1837
1836,1839,1720
1720,1839,1723
1723,1840,1724
1839,1840,1723
1725,1724,1840
1725,1840,1841
1843,1842,1726
1843,1726,1727
1726,1844,1728
1842,1844,1726
1722,1728,1838
1838,1728,1844
1841,1845,1725
1725,1845,1729
1729,1846,1730
1845,1846,1729
1730,1847,1731
1846,1847,1730
1731,1848,1732
1847,1848,1731
1732,1849,1733
1848,1849,1732
1733,1850,1734
1849,1850,1733
1734,1851,1735
1850,1851,1734
1735,1852,1736
1851,1852,1735
1736,1853,1737
1852,1853,1736
1737,1854,1738
1853,1854,1737
1738,1855,1739
1854,1855,1738
1727,1739,1843
1843,1739,1855
1857,1856,1741
1741,1856,1740
1858,1741,1742
1858,1857,1741
1859,1742,1743
1859,1858,1742
1860,1743,1744
1860,1859,1743
1861,1744,1745
1861,1860,1744
1862,1745,1746
1862,1861,1745
1863,1746,1747
1863,1862,1746
1864,1747,1748
1864,1863,1747
1865,1748,1749
1865,1864,1748
1866,1749,1750
1866,1865,1749
1867,1750,1751
1867,1866,1750
1751,1752,1867
1867,1752,1868
1870,1869,1754
1754,1869,1753
1871,1754,1755
1871,1870,1754
1755,1740,1856
1755,1856,1871
1872,1868,1752
1872,1752,1756
1873,1756,1757
1873,1872,1756
1757,1758,1873
1873,1758,1874
1876,1875,1760
1760,1875,1759
1760,1753,1869
1760,1869,1876
1877,1874,1758
1877,1758,1761
1761,1762,1877
1877,1762,1878
1880,1879,1764
1764,1879,1763
1881,1764,1765
1881,1880,1764
1765,1759,1875
1765,1875,1881
1882,1878,1762
1882,1762,1766
1883,1766,1767
1883,1882,1766
1767,1768,1883
1883,1768,1884
1886,1885,1770
1770,1885,1769
1770,1763,1879
1770,1879,1886
1887,1884,1768
1887,1768,1771
1771,1772,1887
1887,1772,1888
1885,1773,1769
1889,1773,1885
1774,1888,1772
1774,1890,1888
1892,1891,1776
1776,1891,1775
1776,1773,1889
1776,1889,1892
1893,1890,1774
1893,1774,1777
1777,1778,1893
1893,1778,1894
1896,1895,1780
1780,1895,1779
1780,1775,1891
1780,1891,1896
1897,1894,1778
1897,1778,1781
1781,1782,1897
1897,1782,1898
1895,1783,1779
1899,1783,1895
1784,1898,1782
1784,1900,1898
1902,1901,1786
1786,1901,1785
1786,1783,1899
1786,1899,1902
1903,1900,1784
1903,1784,1787
1787,1788,1903
1903,1788,1904
1901,1789,1785
1905,1789,1901
1790,1904,1788
1790,1906,1904
1905,1791,1789
1907,1791,1905
1792,1906,1790
1792,1908,1906
1907,1793,1791
1909,1793,1907
1794,1908,1792
1794,1910,1908
1909,1795,1793
1911,1795,1909
1796,1910,1794
1796,1912,1910
1911,1797,1795
1913,1797,1911
1798,1912,1796
1798,1914,1912
1913,1799,1797
1915,1799,1913
1800,1914,1798
1800,1916,1914
1915,1801,1799
1917,1801,1915
1802,1916,1800
1802,1918,1916
1917,1803,1801
1919,1803,1917
1804,1918,1802
1804,1920,1918
1919,1805,1803
1921,1805,1919
1806,1920,1804
1806,1922,1920
1921,1807,1805
1923,1807,1921
1808,1922,1806
1808,1924,1922
1923,1925,1807
1807,1925,1809
1810,1809,1925
1810,1925,1926
1928,1927,1811
1928,1811,1812
1808,1811,1924
1924,1811,1927
1926,1813,1810
1929,1813,1926
1814,1928,1812
1814,1930,1928
1929,1931,1813
1813,1931,1815
1816,1815,1931
1816,1931,1932
1934,1933,1817
1934,1817,1818
1814,1817,1930
1930,1817,1933
1932,1935,1816
1816,1935,1819
1820,1819,1935
1820,1935,1936
1938,1937,1821
1938,1821,1822
1818,1821,1934
1934,1821,1937
1936,1823,1820
1939,1823,1936
1824,1938,1822
1824,1940,1938
1939,1941,1823
1823,1941,1825
1826,1825,1941
1826,1941,1942
1944,1943,1827
1944,1827,1828
1824,1827,1940
1940,1827,1943
1942,1945,1826
1826,1945,1829
1829,1946,1830
1945,1946,1829
1831,1830,1946
1831,1946,1947
1949,1948,1832
1949,1832,1833
1832,1950,1834
1948,1950,1832
1828,1834,1944
1944,1834,1950
1947,1951,1831
1831,1951,1835
1836,1835,1951
1836,1951,1952
1954,1953,1837
1954,1837,1838
1833,1837,1949
1949,1837,1953
1952,1955,1836
1836,1955,1839
1839,1956,1840
1955,1956,1839
1841,1840,1956
1841,1956,1957
1959,1958,1842
1959,1842,1843
1842,1960,1844
1958,1960,1842
1838,1844,1954
1954,1844,1960
1957,1961,1841
1841,1961,1845
1845,1962,1846
1961,1962,1845
1846,1963,1847
1962,1963,1846
1847,1964,1848
1963,1964,1847
1848,1965,1849
1964,1965,1848
1849,1966,1850
1965,1966,1849
1850,1967,1851
1966,1967,1850
1851,1968,1852
1967,1968,1851
1852,1969,1853
1968,1969,1852
1853,1970,1854
1969,1970,1853
1854,1971,1855
1970,1971,1854
1843,1855,1959
1959,1855,1971
1973,1972,1857
1857,1972,1856
1974,1857,1858
1974,1973,1857
1975,1858,1859
1975,1974,1858
1976,1859,1860
1976,1975,1859
1977,1860,1861
1977,1976,1860
1978,1861,1862
1978,1977,1861
1979,1862,1863
1979,1978,1862
1980,1863,1864
1980,1979,1863
1981,1864,1865
1981,1980,1864
1982,1865,1866
1982,1981,1865
1983,1866,1867
1983,1982,1866
1867,1868,1983
1983,1868,1984
1986,1985,1870
1870,1985,1869
1987,1870,1871
1987,1986,1870
1871,1856,1972
1871,1972,1987
1988,1984,1868
1988,1868,1872
1989,1872,1873
1989,1988,1872
1873,1874,1989
1989,1874,1990
1992,1991,1876
1876,1991,1875
1876,1869,1985
1876,1985,1992
1993,1990,1874
1993,1874,1877
1877,1878,1993
1993,1878,1994
1996,1995,1880
1880,1995,1879
1997,1880,1881
1997,1996,1880
1881,1875,1991
1881,1991,1997
1998,1994,1878
1998,1878,1882
1999,1882,1883
1999,1998,1882
1883,1884,1999
1999,1884,2000
2002,2001,1886
1886,2001,1885
1886,1879,1995
1886,1995,2002
2003,2000,1884
2003,1884,1887
1887,1888,2003
2003,1888,2004
2001,1889,1885
2005,1889,2001
1890,2004,1888
1890,2006,2004
2008,2007,1892
1892,2007,1891
1892,1889,2005
1892,2005,2008
2009,2006,1890
2009,1890,1893
1893,1894,2009
2009,1894,2010
2012,2011,1896
1896,2011,1895
1896,1891,2007
1896,2007,2012
2013,2010,1894
2013,1894,1897
1897,1898,2013
2013,1898,2014
2011,1899,1895
2015,1899,2011
1900,2014,1898
1900,2016,2014
2018,2017,1902
1902,2017,1901
1902,1899,2015
1902,2015,2018
2019,2016,1900
2019,1900,1903
1903,1904,2019
2019,1904,2020
2017,1905,1901
2021,1905,2017
1906,2020,1904
1906,2022,2020
2021,1907,1905
2023,1907,2021
1908,2022,1906
1908,2024,2022
2023,1909,1907
2025,1909,2023
1910,2024,1908
1910,2026,2024
2025,1911,1909
2027,1911,2025
1912,2026,1910
1912,2028,2026
2027,1913,1911
2029,1913,2027
1914,2028,1912
1914,2030,2028
2029,1915,1913
2031,1915,2029
1916,2030,1914
1916,2032,2030
2031,1917,1915
2033,1917,2031
1918,2032,1916
1918,2034,2032
2033,1919,1917
2035,1919,2033
1920,2034,1918
1920,2036,2034
2035,1921,1919
2037,1921,2035
1922,2036,1920
1922,2038,2036
2037,1923,1921
2039,1923,2037
1924,2038,1922
1924,2040,2038
2039,2041,1923
1923,2041,1925
1926,1925,2041
1926,2041,2042
2044,2043,1927
2044,1927,1928
1924,1927,2040
2040,1927,2043
2042,1929,1926
2045,1929,2042
1930,2044,1928
1930,2046,2044
2045,2047,1929
1929,2047,1931
1932,1931,2047
1932,2047,2048
2050,2049,1933
2050,1933,1934
1930,1933,2046
2046,1933,2049
2048,2051,1932
1932,2051,1935
1936,1935,2051
1936,2051,2052
2054,2053,1937
2054,1937,1938
1934,1937,2050
2050,1937,2053
2052,1939,1936
2055,1939,2052
1940,2054,1938
1940,2056,2054
2055,2057,1939
1939,2057,1941
1942,1941,2057
1942,2057,2058
2060,2059,1943
2060,1943,1944
1940,1943,2056
2056,1943,2059
2058,2061,1942
1942,2061,1945
1945,2062,1946
2061,2062,1945
1947,1946,2062
1947,2062,2063
2065,2064,1948
2065,1948,1949
1948,2066,1950
2064,2066,1948
1944,1950,2060
2060,1950,2066
2063,2067,1947
1947,2067,1951
1952,1951,2067
1952,2067,2068
2070,2069,1953
2070,1953,1954
1949,1953,2065
2065,1953,2069
2068,2071,1952
1952,2071,1955
1955,2072,1956
2071,2072,1955
1957,1956,2072
1957,2072,2073
2075,2074,1958
2075,1958,1959
1958,2076,1960
2074,2076,1958
1954,1960,2070
2070,1960,2076
2073,2077,1957
1957,2077,1961
1961,2078,1962
2077,2078,1961
1962,2079,1963
2078,2079,1962
1963,2080,1964
2079,2080,1963
1964,2081,1965
2080,2081,1964
1965,2082,1966
2081,2082,1965
1966,2083,1967
2082,2083,1966
1967,2084,1968
2083,2084,1967
1968,2085,1969
2084,2085,1968
1969,2086,1970
2085,2086,1969
1970,2087,1971
2086,2087,1970
1959,1971,2075
2075,1971,2087
2089,2088,1973
1973,2088,1972
2090,1973,1974
2090,2089,1973
2091,1974,1975
2091,2090,1974
2092,1975,1976
2092,2091,1975
2093,1976,1977
2093,2092,1976
2094,1977,1978
2094,2093,1977
2095,1978,1979
2095,2094,1978
2096,1979,1980
2096,2095,1979
2097,1980,1981
2097,2096,1980
2098,1981,1982
2098,2097,1981
2099,1982,1983
2099,2098,1982
1983,1984,2099
2099,1984,2100
2102,2101,1986
1986,2101,1985
2103,1986,1987
2103,2102,1986
1987,1972,2088
1987,2088,2103
2104,2100,1984
2104,1984,1988
2105,1988,1989
2105,2104,1988
1989,1990,2105
2105,1990,2106
2108,2107,1992
1992,2107,1991
1992,1985,2101
1992,2101,2108
2109,2106,1990
2109,1990,1993
1993,1994,2109
2109,1994,2110
2112,2111,1996
1996,2111,1995
2113,1996,1997
2113,2112,1996
1997,1991,2107
1997,2107,2113
2114,2110,1994
2114,1994,1998
2115,1998,1999
2115,2114,1998
1999,2000,2115
2115,2000,2116
2118,2117,2002
2002,2117,2001
2002,1995,2111
2002,2111,2118
2119,2116,2000
2119,2000,2003
2003,2004,2119
2119,2004,2120
2117,2005,2001
2121,2005,2117
2006,2120,2004
2006,2122,2120
2124,2123,2008
2008,2123,2007
2008,2005,2121
2008,2121,2124
2125,2122,2006
2125,2006,2009
2009,2010,2125
2125,2010,2126
2128,2127,2012
2012,2127,2011
2012,2007,2123
2012,2123,2128
2129,2126,2010
2129,2010,2013
2013,2014,2129
2129,2014,2130
2127,2015,2011
2131,2015,2127
2016,2130,2014
2016,2132,2130
2134,2133,2018
2018,2133,2017
2018,2015,2131
2018,2131,2134
2135,2132,2016
2135,2016,2019
2019,2020,2135
2135,2020,2136
2133,2021,2017
2137,2021,2133
2022,2136,2020
2022,2138,2136
2137,2023,2021
2139,2023,2137
2024,2138,2022
2024,2140,2138
2139,2025,2023
2141,2025,2139
2026,2140,2024
2026,2142,2140
2141,2027,2025
2143,2027,2141
2028,2142,2026
2028,2144,2142
2143,2029,2027
2145,2029,2143
2030,2144,2028
2030,2146,2144
2145,2031,2029
2147,2031,2145
2032,2146,2030
2032,2148,2146
2147,2033,2031
2149,2033,2147
2034,2148,2032
2034,2150,2148
2149,2035,2033
2151,2035,2149
2036,2150,2034
2036,2152,2150
2151,2037,2035
2153,2037,2151
2038,2152,2036
2038,2154,2152
2153,2039,2037
2155,2039,2153
2040,2154,2038
2040,2156,2154
2155,2157,2039
2039,2157,2041
2042,2041,2157
2042,2157,2158
2160,2159,2043
2160,2043,2044
2040,2043,2156
2156,2043,2159
2158,2045,2042
2161,2045,2158
2046,2160,2044
2046,2162,2160
2161,2163,2045
2045,2163,2047
2048,2047,2163
2048,2163,2164
2166,2165,2049
2166,2049,2050
2046,2049,2162
2162,2049,2165
2164,2167,2048
2048,2167,2051
2052,2051,2167
2052,2167,2168
2170,2169,2053
2170,2053,2054
2050,2053,2166
2166,2053,2169
2168,2055,2052
2171,2055,2168
2056,2170,2054
2056,2172,2170
2171,2173,2055
2055,2173,2057
2058,2057,2173
2058,2173,2174
2176,2175,2059
2176,2059,2060
2056,2059,2172
2172,2059,2175
2174,2177,2058
2058,2177,2061
2061,2178,2062
2177,2178,2061
2063,2062,2178
2063,2178,2179
2181,2180,2064
2181,2064,2065
2064,2182,2066
2180,2182,2064
2060,2066,2176
2176,2066,2182
2179,2183,2063
2063,2183,2067
2068,2067,2183
2068,2183,2184
2186,2185,2069
2186,2069,2070
2065,2069,2181
2181,2069,2185
2184,2187,2068
2068,2187,2071
2071,2188,2072
2187,2188,2071
2073,2072,2188
2073,2188,2189
2191,2190,2074
2191,2074,2075
2074,2192,2076
2190,2192,2074
2070,2076,2186
2186,2076,2192
2189,2193,2073
2073,2193,2077
2077,2194,2078
2193,2194,2077
2078,2195,2079
2194,2195,2078
2079,2196,2080
2195,2196,2079
2080,2197,2081
2196,2197,2080
2081,2198,2082
2197,2198,2081
2082,2199,2083
2198,2199,2082
2083,2200,2084
2199,2200,2083
2084,2201,2085
2200,2201,2084
2085,2202,2086
2201,2202,2085
2086,2203,2087
2202,2203,2086
2075,2087,2191
2191,2087,2203
2205,2204,2089
2089,2204,2088
2206,2089,2090
2206,2205,2089
2207,2090,2091
2207,2206,2090
2208,2091,2092
2208,2207,2091
2209,2092,2093
2209,2208,2092
2210,2093,2094
2210,2209,2093
2211,2094,2095
2211,2210,2094
2212,2095,2096
2212,2211,2095
2213,2096,2097
2213,2212,2096
2214,2097,2098
2214,2213,2097
2215,2098,2099
2215,2214,2098
2099,2100,2215
2215,2100,2216
2218,2217,2102
2102,2217,2101
2219,2102,2103
2219,2218,2102
2103,2088,2204
2103,2204,2219
2220,2216,2100
2220,2100,2104
2221,2104,2105
2221,2220,2104
2105,2106,2221
2221,2106,2222
2224,2223,2108
2108,2223,2107
2108,2101,2217
2108,2217,2224
2225,2222,2106
2225,2106,2109
2109,2110,2225
2225,2110,2226
2228,2227,2112
2112,2227,2111
2229,2112,2113
2229,2228,2112
2113,2107,2223
2113,2223,2229
2230,2226,2110
2230,2110,2114
2231,2114,2115
2231,2230,2114
2115,2116,2231
2231,2116,2232
2234,2233,2118
2118,2233,2117
2118,2111,2227
2118,2227,2234
2235,2232,2116
2235,2116,2119
2119,2120,2235
2235,2120,2236
2233,2121,2117
2237,2121,2233
2122,2236,2120
2122,2238,2236
2240,2239,2124
2124,2239,2123
2124,2121,2237
2124,2237,2240
2241,2238,2122
2241,2122,2125
2125,2126,2241
2241,2126,2242
2244,2243,2128
2128,2243,2127
2128,2123,2239
2128,2239,2244
2245,2242,2126
2245,2126,2129
2129,2130,2245
2245,2130,2246
2243,2131,2127
2247,2131,2243
2132,2246,2130
2132,2248,2246
2250,2249,2134
2134,2249,2133
2134,2131,2247
2134,2247,2250
2251,2248,2132
2251,2132,2135
2135,2136,2251
2251,2136,2252
2249,2137,2133
2253,2137,2249
2138,2252,2136
2138,2254,2252
2253,2139,2137
2255,2139,2253
2140,2254,2138
2140,2256,2254
2255,2141,2139
2257,2141,2255
2142,2256,2140
2142,2258,2256
2257,2143,2141
2259,2143,2257
2144,2258,2142
2144,2260,2258
2259,2145,2143
2261,2145,2259
2146,2260,2144
2146,2262,2260
2261,2147,2145
2263,2147,2261
2148,2262,2146
2148,2264,2262
2263,2149,2147
2265,2149,2263
2150,2264,2148
2150,2266,2264
2265,2151,2149
2267,2151,2265
2152,2266,2150
2152,2268,2266
2267,2153,2151
2269,2153,2267
2154,2268,2152
2154,2270,2268
2269,2155,2153
2271,2155,2269
2156,2270,2154
2156,2272,2270
2271,2273,2155
2155,2273,2157
2158,2157,2273
2158,2273,2274
2276,2275,2159
2276,2159,2160
2156,2159,2272
2272,2159,2275
2274,2161,2158
2277,2161,2274
2162,2276,2160
2162,2278,2276
2277,2279,2161
2161,2279,2163
2164,2163,2279
2164,2279,2280
2282,2281,2165
2282,2165,2166
2162,2165,2278
2278,2165,2281
2280,2283,2164
2164,2283,2167
2168,2167,2283
2168,2283,2284
2286,2285,2169
2286,2169,2170
2166,2169,2282
2282,2169,2285
2284,2171,2168
2287,2171,2284
2172,2286,2170
2172,2288,2286
2287,2289,2171
2171,2289,2173
2174,2173,2289
2174,2289,2290
2292,2291,2175
2292,2175,2176
2172,2175,2288
2288,2175,2291
2290,2293,2174
2174,2293,2177
2177,2294,2178
2293,2294,2177
2179,2178,2294
2179,2294,2295
2297,2296,2180
2297,2180,2181
2180,2298,2182
2296,2298,2180
2176,2182,2292
2292,2182,2298
2295,2299,2179
2179,2299,2183
2184,2183,2299
2184,2299,2300
2302,2301,2185
2302,2185,2186
2181,2185,2297
2297,2185,2301
2300,2303,2184
2184,2303,2187
2187,2304,2188
2303,2304,2187
2189,2188,2304
2189,2304,2305
2307,2306,2190
2307,2190,2191
2190,2308,2192
2306,2308,2190
2186,2192,2302
2302,2192,2308
2305,2309,2189
2189,2309,2193
2193,2310,2194
2309,2310,2193
2194,2311,2195
2310,2311,2194
2195,2312,2196
2311,2312,2195
2196,2313,2197
2312,2313,2196
2197,2314,2198
2313,2314,2197
2198,2315,2199
2314,2315,2198
2199,2316,2200
2315,2316,2199
2200,2317,2201
2316,2317,2200
2201,2318,2202
2317,2318,2201
2202,2319,2203
2318,2319,2202
2191,2203,2307
2307,2203,2319
2321,2320,2205
2205,2320,2204
2322,2205,2206
2322,2321,2205
2323,2206,2207
2323,2322,2206
2324,2207,2208
2324,2323,2207
2325,2208,2209
2325,2324,2208
2326,2209,2210
2326,2325,2209
2327,2210,2211
2327,2326,2210
2328,2211,2212
2328,2327,2211
2329,2212,2213
2329,2328,2212
2330,2213,2214
2330,2329,2213
2331,2214,2215
2331,2330,2214
2215,2216,2331
2331,2216,2332
2334,2333,2218
2218,2333,2217
2335,2218,2219
2335,2334,2218
2219,2204,2320
2219,2320,2335
2336,2332,2216
2336,2216,2220
2337,2220,2221
2337,2336,2220
2221,2222,2337
2337,2222,2338
2340,2339,2224
2224,2339,2223
2224,2217,2333
2224,2333,2340
2341,2338,2222
2341,2222,2225
2225,2226,2341
2341,2226,2342
2344,2343,2228
2228,2343,2227
2345,2228,2229
2345,2344,2228
2229,2223,2339
2229,2339,2345
2346,2342,2226
2346,2226,2230
2347,2230,2231
2347,2346,2230
2231,2232,2347
2347,2232,2348
2350,2349,2234
2234,2349,2233
2234,2227,2343
2234,2343,2350
2351,2348,2232
2351,2232,2235
2235,2236,2351
2351,2236,2352
2349,2237,2233
2353,2237,2349
2238,2352,2236
2238,2354,2352
2356,2355,2240
2240,2355,2239
2240,2237,2353
2240,2353,2356
2357,2354,2238
2357,2238,2241
2241,2242,2357
2357,2242,2358
2360,2359,2244
2244,2359,2243
2244,2239,2355
2244,2355,2360
2361,2358,2242
2361,2242,2245
2245,2246,2361
2361,2246,2362
2359,2247,2243
2363,2247,2359
2248,2362,2246
2248,2364,2362
2366,2365,2250
2250,2365,2249
2250,2247,2363
2250,2363,2366
2367,2364,2248
2367,2248,2251
2251,2252,2367
2367,2252,2368
2365,2253,2249
2369,2253,2365
2254,2368,2252
2254,2370,2368
2369,2255,2253
2371,2255,2369
2256,2370,2254
2256,2372,2370
2371,2257,2255
2373,2257,2371
2258,2372,2256
2258,2374,2372
2373,2259,2257
2375,2259,2373
2260,2374,2258
2260,2376,2374
2375,2261,2259
2377,2261,2375
2262,2376,2260
2262,2378,2376
2377,2263,2261
2379,2263,2377
2264,2378,2262
2264,2380,2378
2379,2265,2263
2381,2265,2379
2266,2380,2264
2266,2382,2380
2381,2267,2265
2383,2267,2381
2268,2382,2266
2268,2384,2382
2383,2269,2267
2385,2269,2383
2270,2384,2268
2270,2386,2384
2385,2271,2269
2387,2271,2385
2272,2386,2270
2272,2388,2386
2387,2389,2271
2271,2389,2273
2274,2273,2389
2274,2389,2390
2392,2391,2275
2392,2275,2276
2272,2275,2388
2388,2275,2391
2390,2277,2274
2393,2277,2390
2278,2392,2276
2278,2394,2392
2393,2395,2277
2277,2395,2279
2280,2279,2395
2280,2395,2396
2398,2397,2281
2398,2281,2282
2278,2281,2394
2394,2281,2397
2396,2399,2280
2280,2399,2283
2284,2283,2399
2284,2399,2400
2402,2401,2285
2402,2285,2286
2282,2285,2398
2398,2285,2401
2400,2287,2284
2403,2287,2400
2288,2402,2286
2288,2404,2402
2403,2405,2287
2287,2405,2289
2290,2289,2405
2290,2405,2406
2408,2407,2291
2408,2291,2292
2288,2291,2404
2404,2291,2407
2406,2409,2290
2290,2409,2293
2293,2410,2294
2409,2410,2293
2295,2294,2410
2295,2410,2411
2413,2412,2296
2413,2296,2297
2296,2414,2298
2412,2414,2296
2292,2298,2408
2408,2298,2414
2411,2415,2295
2295,2415,2299
2300,2299,2415
2300,2415,2416
2418,2417,2301
2418,2301,2302
2297,2301,2413
2413,2301,2417
2416,2419,2300
2300,2419,2303
2303,2420,2304
2419,2420,2303
2305,2304,2420
2305,2420,2421
2423,2422,2306
2423,2306,2307
2306,2424,2308
2422,2424,2306
2302,2308,2418
2418,2308,2424
2421,2425,2305
2305,2425,2309
2309,2426,2310
2425,2426,2309
2310,2427,2311
2426,2427,2310
2311,2428,2312
2427,2428,2311
2312,2429,2313
2428,2429,2312
2313,2430,2314
2429,2430,2313
2314,2431,2315
2430,2431,2314
2315,2432,2316
2431,2432,2315
2316,2433,2317
2432,2433,2316
2317,2434,2318
2433,2434,2317
2318,2435,2319
2434,2435,2318
2307,2319,2423
2423,2319,2435
2437,2436,2321
2321,2436,2320
2438,2321,2322
2438,2437,2321
2439,2322,2323
2439,2438,2322
2440,2323,2324
2440,2439,2323
2441,2324,2325
2441,2440,2324
2442,2325,2326
2442,2441,2325
2443,2326,2327
2443,2442,2326
2444,2327,2328
2444,2443,2327
2445,2328,2329
2445,2444,2328
2446,2329,2330
2446,2445,2329
2447,2330,2331
2447,2446,2330
2331,2332,2447
2447,2332,2448
2450,2449,2334
2334,2449,2333
2451,2334,2335
2451,2450,2334
2335,2320,2436
2335,2436,2451
2452,2448,2332
2452,2332,2336
2453,2336,2337
2453,2452,2336
2337,2338,2453
2453,2338,2454
2456,2455,2340
2340,2455,2339
2340,2333,2449
2340,2449,2456
2457,2454,2338
2457,2338,2341
2341,2342,2457
2457,2342,2458
2460,2459,2344
2344,2459,2343
2461,2344,2345
2461,2460,2344
2345,2339,2455
2345,2455,2461
2462,2458,2342
2462,2342,2346
2463,2346,2347
2463,2462,2346
2347,2348,2463
2463,2348,2464
2466,2465,2350
2350,2465,2349
2350,2343,2459
2350,2459,2466
2467,2464,2348
2467,2348,2351
2351,2352,2467
2467,2352,2468
2465,2353,2349
2469,2353,2465
2354,2468,2352
2354,2470,2468
2472,2471,2356
2356,2471,2355
2356,2353,2469
2356,2469,2472
2473,2470,2354
2473,2354,2357
2357,2358,2473
2473,2358,2474
2476,2475,2360
2360,2475,2359
2360,2355,2471
2360,2471,2476
2477,2474,2358
2477,2358,2361
2361,2362,2477
2477,2362,2478
2475,2363,2359
2479,2363,2475
2364,2478,2362
2364,2480,2478
2482,2481,2366
2366,2481,2365
2366,2363,2479
2366,2479,2482
2483,2480,2364
2483,2364,2367
2367,2368,2483
2483,2368,2484
2481,2369,2365
2485,2369,2481
2370,2484,2368
2370,2486,2484
2485,2371,2369
2487,2371,2485
2372,2486,2370
2372,2488,2486
2487,2373,2371
2489,2373,2487
2374,2488,2372
2374,2490,2488
2489,2375,2373
2491,2375,2489
2376,2490,2374
2376,2492,2490
2491,2377,2375
2493,2377,2491
2378,2492,2376
2378,2494,2492
2493,2379,2377
2495,2379,2493
2380,2494,2378
2380,2496,2494
2495,2381,2379
2497,2381,2495
2382,2496,2380
2382,2498,2496
2497,2383,2381
2499,2383,2497
2384,2498,2382
2384,2500,2498
2499,2385,2383
2501,2385,2499
2386,2500,2384
2386,2502,2500
2501,2387,2385
2503,2387,2501
2388,2502,2386
2388,2504,2502
2503,2505,2387
2387,2505,2389
2390,2389,2505
2390,2505,2506
2508,2507,2391
2508,2391,2392
2388,2391,2504
2504,2391,2507
2506,2393,2390
2509,2393,2506
2394,2508,2392
2394,2510,2508
2509,2511,2393
2393,2511,2395
2396,2395,2511
2396,2511,2512
2514,2513,2397
2514,2397,2398
2394,2397,2510
2510,2397,2513
2512,2515,2396
2396,2515,2399
2400,2399,2515
2400,2515,2516
2518,2517,2401
2518,2401,2402
2398,2401,2514
2514,2401,2517
2516,2403,2400
2519,2403,2516
2404,2518,2402
2404,2520,2518
2519,2521,2403
2403,2521,2405
2406,2405,2521
2406,2521,2522
2524,2523,2407
2524,2407,2408
2404,2407,2520
2520,2407,2523
2522,2525,2406
2406,2525,2409
2409,2526,2410
2525,2526,2409
2411,2410,2526
2411,2526,2527
2529,2528,2412
2529,2412,2413
2412,2530,2414
2528,2530,2412
2408,2414,2524
2524,2414,2530
2527,2531,2411
2411,2531,2415
2416,2415,2531
2416,2531,2532
2534,2533,2417
2534,2417,2418
2413,2417,2529
2529,2417,2533
2532,2535,2416
2416,2535,2419
2419,2536,2420
2535,2536,2419
2421,2420,2536
2421,2536,2537
2539,2538,2422
2539,2422,2423
2422,2540,2424
2538,2540,2422
2418,2424,2534
2534,2424,2540
2537,2541,2421
2421,2541,2425
2425,2542,2426
2541,2542,2425
2426,2543,2427
2542,2543,2426
2427,2544,2428
2543,2544,2427
2428,2545,2429
2544,2545,2428
2429,2546,2430
2545,2546,2429
2430,2547,2431
2546,2547,2430
2431,2548,2432
2547,2548,2431
2432,2549,2433
2548,2549,2432
2433,2550,2434
2549,2550,2433
2434,2551,2435
2550,2551,2434
2423,2435,2539
2539,2435,2551
2553,2552,2437
2437,2552,2436
2554,2437,2438
2554,2553,2437
2555,2438,2439
2555,2554,2438
2556,2439,2440
2556,2555,2439
2557,2440,2441
2557,2556,2440
2558,2441,2442
2558,2557,2441
2559,2442,2443
2559,2558,2442
2560,2443,2444
2560,2559,2443
2561,2444,2445
2561,2560,2444
2562,2445,2446
2562,2561,2445
2563,2446,2447
2563,2562,2446
2447,2448,2563
2563,2448,2564
2566,2565,2450
2450,2565,2449
2567,2450,2451
2567,2566,2450
2451,2436,2552
2451,2552,2567
2568,2564,2448
2568,2448,2452
2569,2452,2453
2569,2568,2452
2453,2454,2569
2569,2454,2570
2572,2571,2456
2456,2571,2455
2456,2449,2565
2456,2565,2572
2573,2570,2454
2573,2454,2457
2457,2458,2573
2573,2458,2574
2576,2575,2460
2460,2575,2459
2577,2460,2461
2577,2576,2460
2461,2455,2571
2461,2571,2577
2578,2574,2458
2578,2458,2462
2579,2462,2463
2579,2578,2462
2463,2464,2579
2579,2464,2580
2582,2581,2466
2466,2581,2465
2466,2459,2575
2466,2575,2582
2583,2580,2464
2583,2464,2467
2467,2468,2583
2583,2468,2584
2581,2469,2465
2585,2469,2581
2470,2584,2468
2470,2586,2584
2588,2587,2472
2472,2587,2471
2472,2469,2585
2472,2585,2588
2589,2586,2470
2589,2470,2473
2473,2474,2589
2589,2474,2590
2592,2591,2476
2476,2591,2475
2476,2471,2587
2476,2587,2592
2593,2590,2474
2593,2474,2477
2477,2478,2593
2593,2478,2594
2591,2479,2475
2595,2479,2591
2480,2594,2478
2480,2596,2594
2598,2597,2482
2482,2597,2481
2482,2479,2595
2482,2595,2598
2599,2596,2480
2599,2480,2483
2483,2484,2599
2599,2484,2600
2597,2485,2481
2601,2485,2597
2486,2600,2484
2486,2602,2600
2601,2487,2485
2603,2487,2601
2488,2602,2486
2488,2604,2602
2603,2489,2487
2605,2489,2603
2490,2604,2488
2490,2606,2604
2605,2491,2489
2607,2491,2605
2492,2606,2490
2492,2608,2606
2607,2493,2491
2609,2493,2607
2494,2608,2492
2494,2610,2608
2609,2495,2493
2611,2495,2609
2496,2610,2494
2496,2612,2610
2611,2497,2495
2613,2497,2611
2498,2612,2496
2498,2614,2612
2613,2499,2497
2615,2499,2613
2500,2614,2498
2500,2616,2614
2615,2501,2499
2617,2501,2615
2502,2616,2500
2502,2618,2616
2617,2503,2501
2619,2503,2617
2504,2618,2502
2504,2620,2618
2619,2621,2503
2503,2621,2505
2506,2505,2621
2506,2621,2622
2624,2623,2507
2624,2507,2508
2504,2507,2620
2620,2507,2623
2622,2509,2506
2625,2509,2622
2510,2624,2508
2510,2626,2624
2625,2627,2509
2509,2627,2511
2512,2511,2627
2512,2627,2628
2630,2629,2513
2630,2513,2514
2510,2513,2626
2626,2513,2629
2628,2631,2512
2512,2631,2515
2516,2515,2631
2516,2631,2632
2634,2633,2517
2634,2517,2518
2514,2517,2630
2630,2517,2633
2632,2519,2516
2635,2519,2632
2520,2634,2518
2520,2636,2634
2635,2637,2519
2519,2637,2521
2522,2521,2637
2522,2637,2638
2640,2639,2523
2640,2523,2524
2520,2523,2636
2636,2523,2639
2638,2641,2522
2522,2641,2525
2525,2642,2526
2641,2642,2525
2527,2526,2642
2527,2642,2643
2645,2644,2528
2645,2528,2529
2528,2646,2530
2644,2646,2528
2524,2530,2640
2640,2530,2646
2643,2647,2527
2527,2647,2531
2532,2531,2647
2532,2647,2648
2650,2649,2533
2650,2533,2534
2529,2533,2645
2645,2533,2649
2648,2651,2532
2532,2651,2535
2535,2652,2536
2651,2652,2535
2537,2536,2652
2537,2652,2653
2655,2654,2538
2655,2538,2539
2538,2656,2540
2654,2656,2538
2534,2540,2650
2650,2540,2656
2653,2657,2537
2537,2657,2541
2541,2658,2542
2657,2658,2541
2542,2659,2543
2658,2659,2542
2543,2660,2544
2659,2660,2543
2544,2661,2545
2660,2661,2544
2545,2662,2546
2661,2662,2545
2546,2663,2547
2662,2663,2546
2547,2664,2548
2663,2664,2547
2548,2665,2549
2664,2665,2548
2549,2666,2550
2665,2666,2549
2550,2667,2551
2666,2667,2550
2539,2551,2655
2655,2551,2667
2669,2668,2553
2553,2668,2552
2670,2553,2554
2670,2669,2553
2671,2554,2555
2671,2670,2554
2672,2555,2556
2672,2671,2555
2673,2556,2557
2673,2672,2556
2674,2557,2558
2674,2673,2557
2675,2558,2559
2675,2674,2558
2676,2559,2560
2676,2675,2559
2677,2560,2561
2677,2676,2560
2678,2561,2562
2678,2677,2561
2679,2562,2563
2679,2678,2562
2563,2564,2679
2679,2564,2680
2682,2681,2566
2566,2681,2565
2683,2566,2567
2683,2682,2566
2567,2552,2668
2567,2668,2683
2684,2680,2564
2684,2564,2568
2685,2568,2569
2685,2684,2568
2569,2570,2685
2685,2570,2686
2688,2687,2572
2572,2687,2571
2572,2565,2681
2572,2681,2688
2689,2686,2570
2689,2570,2573
2573,2574,2689
2689,2574,2690
2692,2691,2576
2576,2691,2575
2693,2576,2577
2693,2692,2576
2577,2571,2687
2577,2687,2693
2694,2690,2574
2694,2574,2578
2695,2578,2579
2695,2694,2578
2579,2580,2695
2695,2580,2696
2698,2697,2582
2582,2697,2581
2582,2575,2691
2582,2691,2698
2699,2696,2580
2699,2580,2583
2583,2584,2699
2699,2584,2700
2697,2585,2581
2701,2585,2697
2586,2700,2584
2586,2702,2700
2704,2703,2588
2588,2703,2587
2588,2585,2701
2588,2701,2704
2705,2702,2586
2705,2586,2589
2589,2590,2705
2705,2590,2706
2708,2707,2592
2592,2707,2591
2592,2587,2703
2592,2703,2708
2709,2706,2590
2709,2590,2593
2593,2594,2709
2709,2594,2710
2707,2595,2591
2711,2595,2707
2596,2710,2594
2596,2712,2710
2714,2713,2598
2598,2713,2597
2598,2595,2711
2598,2711,2714
2715,2712,2596
2715,2596,2599
2599,2600,2715
2715,2600,2716
2713,2601,2597
2717,2601,2713
2602,2716,2600
2602,2718,2716
2717,2603,2601
2719,2603,2717
2604,2718,2602
2604,2720,2718
2719,2605,2603
2721,2605,2719
2606,2720,2604
2606,2722,2720
2721,2607,2605
2723,2607,2721
2608,2722,2606
2608,2724,2722
2723,2609,2607
2725,2609,2723
2610,2724,2608
2610,2726,2724
2725,2611,2609
2727,2611,2725
2612,2726,2610
2612,2728,2726
2727,2613,2611
2729,2613,2727
2614,2728,2612
2614,2730,2728
2729,2615,2613
2731,2615,2729
2616,2730,2614
2616,2732,2730
2731,2617,2615
2733,2617,2731
2618,2732,2616
2618,2734,2732
2733,2619,2617
2735,2619,2733
2620,2734,2618
2620,2736,2734
2735,2737,2619
2619,2737,2621
2622,2621,2737
2622,2737,2738
2740,2739,2623
2740,2623,2624
2620,2623,2736
2736,2623,2739
2738,2625,2622
2741,2625,2738
2626,2740,2624
2626,2742,2740
2741,2743,2625
2625,2743,2627
2628,2627,2743
2628,2743,2744
2746,2745,2629
2746,2629,2630
2626,2629,2742
2742,2629,2745
2744,2747,2628
2628,2747,2631
2632,2631,2747
2632,2747,2748
2750,2749,2633
2750,2633,2634
2630,2633,2746
2746,2633,2749
2748,2635,2632
2751,2635,2748
2636,2750,2634
2636,2752,2750
2751,2753,2635
2635,2753,2637
2638,2637,2753
2638,2753,2754
2756,2755,2639
2756,2639,2640
2636,2639,2752
2752,2639,2755
2754,2757,2638
2638,2757,2641
2641,2758,2642
2757,2758,2641
2643,2642,2758
2643,2758,2759
2761,2760,2644
2761,2644,2645
2644,2762,2646
2760,2762,2644
2640,2646,2756
2756,2646,2762
2759,2763,2643
2643,2763,2647
2648,2647,2763
2648,2763,2764
2766,2765,2649
2766,2649,2650
2645,2649,2761
2761,2649,2765
2764,2767,2648
2648,2767,2651
2651,2768,2652
2767,2768,2651
2653,2652,2768
2653,2768,2769
2771,2770,2654
2771,2654,2655
2654,2772,2656
2770,2772,2654
2650,2656,2766
2766,2656,2772
2769,2773,2653
2653,2773,2657
2657,2774,2658
2773,2774,2657
2658,2775,2659
2774,2775,2658
2659,2776,2660
2775,2776,2659
2660,2777,2661
2776,2777,2660
2661,2778,2662
2777,2778,2661
2662,2779,2663
2778,2779,2662
2663,2780,2664
2779,2780,2663
2664,2781,2665
2780,2781,2664
2665,2782,2666
2781,2782,2665
2666,2783,2667
2782,2783,2666
2655,2667,2771
2771,2667,2783
2785,2784,2669
2669,2784,2668
2786,2669,2670
2786,2785,2669
2787,2670,2671
2787,2786,2670
2788,2671,2672
2788,2787,2671
2789,2672,2673
2789,2788,2672
2790,2673,2674
2790,2789,2673
2791,2674,2675
2791,2790,2674
2792,2675,2676
2792,2791,2675
2793,2676,2677
2793,2792,2676
2794,2677,2678
2794,2793,2677
2795,2678,2679
2795,2794,2678
2679,2680,2795
2795,2680,2796
2798,2797,2682
2682,2797,2681
2799,2682,2683
2799,2798,2682
2683,2668,2784
2683,2784,2799
2800,2796,2680
2800,2680,2684
2801,2684,2685
2801,2800,2684
2685,2686,2801
2801,2686,2802
2804,2803,2688
2688,2803,2687
2688,2681,2797
2688,2797,2804
2805,2802,2686
2805,2686,2689
2689,2690,2805
2805,2690,2806
2808,2807,2692
2692,2807,2691
2809,2692,2693
2809,2808,2692
2693,2687,2803
2693,2803,2809
2810,2806,2690
2810,2690,2694
2811,2694,2695
2811,2810,2694
2695,2696,2811
2811,2696,2812
2814,2813,2698
2698,2813,2697
2698,2691,2807
2698,2807,2814
2815,2812,2696
2815,2696,2699
2699,2700,2815
2815,2700,2816
2813,2701,2697
2817,2701,2813
2702,2816,2700
2702,2818,2816
2820,2819,2704
2704,2819,2703
2704,2701,2817
2704,2817,2820
2821,2818,2702
2821,2702,2705
2705,2706,2821
2821,2706,2822
2824,2823,2708
2708,2823,2707
2708,2703,2819
2708,2819,2824
2825,2822,2706
2825,2706,2709
2709,2710,2825
2825,2710,2826
2823,2711,2707
2827,2711,2823
2712,2826,2710
2712,2828,2826
2830,2829,2714
2714,2829,2713
2714,2711,2827
2714,2827,2830
2831,2828,2712
2831,2712,2715
2715,2716,2831
2831,2716,2832
2829,2717,2713
2833,2717,2829
2718,2832,2716
2718,2834,2832
2833,2719,2717
2835,2719,2833
2720,2834,2718
2720,2836,2834
2835,2721,2719
2837,2721,2835
2722,2836,2720
2722,2838,2836
2837,2723,2721
2839,2723,2837
2724,2838,2722
2724,2840,2838
2839,2725,2723
2841,2725,2839
2726,2840,2724
2726,2842,2840
2841,2727,2725
2843,2727,2841
2728,2842,2726
2728,2844,2842
2843,2729,2727
2845,2729,2843
2730,2844,2728
2730,2846,2844
2845,2731,2729
2847,2731,2845
2732,2846,2730
2732,2848,2846
2847,2733,2731
2849,2733,2847
2734,2848,2732
2734,2850,2848
2849,2735,2733
2851,2735,2849
2736,2850,2734
2736,2852,2850
2851,2853,2735
2735,2853,2737
2738,2737,2853
2738,2853,2854
2856,2855,2739
2856,2739,2740
2736,2739,2852
2852,2739,2855
2854,2741,2738
2857,2741,2854
2742,2856,2740
2742,2858,2856
2857,2859,2741
2741,2859,2743
2744,2743,2859
2744,2859,2860
2862,2861,2745
2862,2745,2746
2742,2745,2858
2858,2745,2861
2860,2863,2744
2744,2863,2747
2748,2747,2863
2748,2863,2864
2866,2865,2749
2866,2749,2750
2746,2749,2862
2862,2749,2865
2864,2751,2748
2867,2751,2864
2752,2866,2750
2752,2868,2866
2867,2869,2751
2751,2869,2753
2754,2753,2869
2754,2869,2870
2872,2871,2755
2872,2755,2756
2752,2755,2868
2868,2755,2871
2870,2873,2754
2754,2873,2757
2757,2874,2758
2873,2874,2757
2759,2758,2874
2759,2874,2875
2877,2876,2760
2877,2760,2761
2760,2878,2762
2876,2878,2760
2756,2762,2872
2872,2762,2878
2875,2879,2759
2759,2879,2763
2764,2763,2879
2764,2879,2880
2882,2881,2765
2882,2765,2766
2761,2765,2877
2877,2765,2881
2880,2883,2764
2764,2883,2767
2767,2884,2768
2883,2884,2767
2769,2768,2884
2769,2884,2885
2887,2886,2770
2887,2770,2771
2770,2888,2772
2886,2888,2770
2766,2772,2882
2882,2772,2888
2885,2889,2769
2769,2889,2773
2773,2890,2774
2889,2890,2773
2774,2891,2775
2890,2891,2774
2775,2892,2776
2891,2892,2775
2776,2893,2777
2892,2893,2776
2777,2894,2778
2893,2894,2777
2778,2895,2779
2894,2895,2778
2779,2896,2780
2895,2896,2779
2780,2897,2781
2896,2897,2780
2781,2898,2782
2897,2898,2781
2782,2899,2783
2898,2899,2782
2771,2783,2887
2887,2783,2899
2901,2900,2785
2785,2900,2784
2902,2785,2786
2902,2901,2785
2903,2786,2787
2903,2902,2786
2904,2787,2788
2904,2903,2787
2905,2788,2789
2905,2904,2788
2906,2789,2790
2906,2905,2789
2907,2790,2791
2907,2906,2790
2908,2791,2792
2908,2907,2791
2909,2792,2793
2909,2908,2792
2910,2793,2794
2910,2909,2793
2911,2794,2795
2911,2910,2794
2795,2796,2911
2911,2796,2912
2914,2913,2798
2798,2913,2797
2915,2798,2799
2915,2914,2798
2799,2784,2900
2799,2900,2915
2916,2912,2796
2916,2796,2800
2917,2800,2801
2917,2916,2800
2801,2802,2917
2917,2802,2918
2920,2919,2804
2804,2919,2803
2804,2797,2913
2804,2913,2920
2921,2918,2802
2921,2802,2805
2805,2806,2921
2921,2806,2922
2924,2923,2808
2808,2923,2807
2925,2808,2809
2925,2924,2808
2809,2803,2919
2809,2919,2925
2926,2922,2806
2926,2806,2810
2927,2810,2811
2927,2926,2810
2811,2812,2927
2927,2812,2928
2930,2929,2814
2814,2929,2813
2814,2807,2923
2814,2923,2930
2931,2928,2812
2931,2812,2815
2815,2816,2931
2931,2816,2932
2929,2817,2813
2933,2817,2929
2818,2932,2816
2818,2934,2932
2936,2935,2820
2820,2935,2819
2820,2817,2933
2820,2933,2936
2937,2934,2818
2937,2818,2821
2821,2822,2937
2937,2822,2938
2940,2939,2824
2824,2939,2823
2824,2819,2935
2824,2935,2940
2941,2938,2822
2941,2822,2825
2825,2826,2941
2941,2826,2942
2939,2827,2823
2943,2827,2939
2828,2942,2826
2828,2944,2942
2946,2945,2830
2830,2945,2829
2830,2827,2943
2830,2943,2946
2947,2944,2828
2947,2828,2831
2831,2832,2947
2947,2832,2948
2945,2833,2829
2949,2833,2945
2834,2948,2832
2834,2950,2948
2949,2835,2833
2951,2835,2949
2836,2950,2834
2836,2952,2950
2951,2837,2835
2953,2837,2951
2838,2952,2836
2838,2954,2952
2953,2839,2837
2955,2839,2953
2840,2954,2838
2840,2956,2954
2955,2841,2839
2957,2841,2955
2842,2956,2840
2842,2958,2956
2957,2843,2841
2959,2843,2957
2844,2958,2842
2844,2960,2958
2959,2845,2843
2961,2845,2959
2846,2960,2844
2846,2962,2960
2961,2847,2845
2963,2847,2961
2848,2962,2846
2848,2964,2962
2963,2849,2847
2965,2849,2963
2850,2964,2848
2850,2966,2964
2965,2851,2849
2967,2851,2965
2852,2966,2850
2852,2968,2966
2967,2969,2851
2851,2969,2853
2854,2853,2969
2854,2969,2970
2972,2971,2855
2972,2855,2856
2852,2855,2968
2968,2855,2971
2970,2857,2854
2973,2857,2970
2858,2972,2856
2858,2974,2972
2973,2975,2857
2857,2975,2859
2860,2859,2975
2860,2975,2976
2978,2977,2861
2978,2861,2862
2858,2861,2974
2974,2861,2977
2976,2979,2860
2860,2979,2863
2864,2863,2979
2864,2979,2980
2982,2981,2865
2982,2865,2866
2862,2865,2978
2978,2865,2981
2980,2867,2864
2983,2867,2980
2868,2982,2866
2868,2984,2982
2983,2985,2867
2867,2985,2869
2870,2869,2985
2870,2985,2986
2988,2987,2871
2988,2871,2872
2868,2871,2984
2984,2871,2987
2986,2989,2870
2870,2989,2873
2873,2990,2874
2989,2990,2873
2875,2874,2990
2875,2990,2991
2993,2992,2876
2993,2876,2877
2876,2994,2878
2992,2994,2876
2872,2878,2988
2988,2878,2994
2991,2995,2875
2875,2995,2879
2880,2879,2995
2880,2995,2996
2998,2997,2881
2998,2881,2882
2877,2881,2993
2993,2881,2997
2996,2999,2880
2880,2999,2883
2883,3000,2884
2999,3000,2883
2885,2884,3000
2885,3000,3001
3003,3002,2886
3003,2886,2887
2886,3004,2888
3002,3004,2886
2882,2888,2998
2998,2888,3004
3001,3005,2885
2885,3005,2889
2889,3006,2890
3005,3006,2889
2890,3007,2891
3006,3007,2890
2891,3008,2892
3007,3008,2891
2892,3009,2893
3008,3009,2892
2893,3010,2894
3009,3010,2893
2894,3011,2895
3010,3011,2894
2895,3012,2896
3011,3012,2895
2896,3013,2897
3012,3013,2896
2897,3014,2898
3013,3014,2897
2898,3015,2899
3014,3015,2898
2887,2899,3003
3003,2899,3015
3017,3016,2901
2901,3016,2900
3018,2901,2902
3018,3017,2901
3019,2902,2903
3019,3018,2902
3020,2903,2904
3020,3019,2903
3021,2904,2905
3021,3020,2904
3022,2905,2906
3022,3021,2905
3023,2906,2907
3023,3022,2906
3024,2907,2908
3024,3023,2907
3025,2908,2909
3025,3024,2908
3026,2909,2910
3026,3025,2909
3027,2910,2911
3027,3026,2910
2911,2912,3027
3027,2912,3028
3030,3029,2914
2914,3029,2913
3031,2914,2915
3031,3030,2914
2915,2900,3016
2915,3016,3031
3032,3028,2912
3032,2912,2916
3033,2916,2917
3033,3032,2916
2917,2918,3033
3033,2918,3034
3036,3035,2920
2920,3035,2919
2920,2913,3029
2920,3029,3036
3037,3034,2918
3037,2918,2921
2921,2922,3037
3037,2922,3038
3040,3039,2924
2924,3039,2923
3041,2924,2925
3041,3040,2924
2925,2919,3035
2925,3035,3041
3042,3038,2922
3042,2922,2926
3043,2926,2927
3043,3042,2926
2927,2928,3043
3043,2928,3044
3046,3045,2930
2930,3045,2929
2930,2923,3039
2930,3039,3046
3047,3044,2928
3047,2928,2931
2931,2932,3047
3047,2932,3048
3045,2933,2929
3049,2933,3045
2934,3048,2932
2934,3050,3048
3052,3051,2936
2936,3051,2935
2936,2933,3049
2936,3049,3052
3053,3050,2934
3053,2934,2937
2937,2938,3053
3053,2938,3054
3056,3055,2940
2940,3055,2939
2940,2935,3051
2940,3051,3056
3057,3054,2938
3057,2938,2941
2941,2942,3057
3057,2942,3058
3055,2943,2939
3059,2943,3055
2944,3058,2942
2944,3060,3058
3062,3061,2946
2946,3061,2945
2946,2943,3059
2946,3059,3062
3063,3060,2944
3063,2944,2947
2947,2948,3063
3063,2948,3064
3061,2949,2945
3065,2949,3061
2950,3064,2948
2950,3066,3064
3065,2951,2949
3067,2951,3065
2952,3066,2950
2952,3068,3066
3067,2953,2951
3069,2953,3067
2954,3068,2952
2954,3070,3068
3069,2955,2953
3071,2955,3069
2956,3070,2954
2956,3072,3070
3071,2957,2955
3073,2957,3071
2958,3072,2956
2958,3074,3072
3073,2959,2957
3075,2959,3073
2960,3074,2958
2960,3076,3074
3075,2961,2959
3077,2961,3075
2962,3076,2960
2962,3078,3076
3077,2963,2961
3079,2963,3077
2964,3078,2962
2964,3080,3078
3079,2965,2963
3081,2965,3079
2966,3080,2964
2966,3082,3080
3081,2967,2965
3083,2967,3081
2968,3082,2966
2968,3084,3082
3083,3085,2967
2967,3085,2969
2970,2969,3085
2970,3085,3086
3088,3087,2971
3088,2971,2972
2968,2971,3084
3084,2971,3087
3086,2973,2970
3089,2973,3086
2974,3088,2972
2974,3090,3088
3089,3091,2973
2973,3091,2975
2976,2975,3091
2976,3091,3092
3094,3093,2977
3094,2977,2978
2974,2977,3090
3090,2977,3093
3092,3095,2976
2976,3095,2979
2980,2979,3095
2980,3095,3096
3098,3097,2981
3098,2981,2982
2978,2981,3094
3094,2981,3097
3096,2983,2980
3099,2983,3096
2984,3098,2982
2984,3100,3098
3099,3101,2983
2983,3101,2985
2986,2985,3101
2986,3101,3102
3104,3103,2987
3104,2987,2988
2984,2987,3100
3100,2987,3103
3102,3105,2986
2986,3105,2989
2989,3106,2990
3105,3106,2989
2991,2990,3106
2991,3106,3107
3109,3108,2992
3109,2992,2993
2992,3110,2994
3108,3110,2992
2988,2994,3104
3104,2994,3110
3107,3111,2991
2991,3111,2995
2996,2995,3111
2996,3111,3112
3114,3113,2997
3114,2997,2998
2993,2997,3109
3109,2997,3113
3112,3115,2996
2996,3115,2999
2999,3116,3000
3115,3116,2999
3001,3000,3116
3001,3116,3117
3119,3118,3002
3119,3002,3003
3002,3120,3004
3118,3120,3002
2998,3004,3114
3114,3004,3120
3117,3121,3001
3001,3121,3005
3005,3122,3006
3121,3122,3005
3006,3123,3007
3122,3123,3006
3007,3124,3008
3123,3124,3007
3008,3125,3009
3124,3125,3008
3009,3126,3010
3125,3126,3009
3010,3127,3011
3126,3127,3010
3011,3128,3012
3127,3128,3011
3012,3129,3013
3128,3129,3012
3013,3130,3014
3129,3130,3013
3014,3131,3015
3130,3131,3014
3003,3015,3119
3119,3015,3131
3133,3132,3017
3017,3132,3016
3134,3017,3018
3134,3133,3017
3135,3018,3019
3135,3134,3018
3136,3019,3020
3136,3135,3019
3137,3020,3021
3137,3136,3020
3138,3021,3022
3138,3137,3021
3139,3022,3023
3139,3138,3022
3140,3023,3024
3140,3139,3023
3141,3024,3025
3141,3140,3024
3142,3025,3026
3142,3141,3025
3143,3026,3027
3143,3142,3026
3027,3028,3143
3143,3028,3144
3146,3145,3030
3030,3145,3029
3147,3030,3031
3147,3146,3030
3031,3016,3132
3031,3132,3147
3148,3144,3028
3148,3028,3032
3149,3032,3033
3149,3148,3032
3033,3034,3149
3149,3034,3150
3152,3151,3036
3036,3151,3035
3036,3029,3145
3036,3145,3152
3153,3150,3034
3153,3034,3037
3037,3038,3153
3153,3038,3154
3156,3155,3040
3040,3155,3039
3157,3040,3041
3157,3156,3040
3041,3035,3151
3041,3151,3157
3158,3154,3038
3158,3038,3042
3159,3042,3043
3159,3158,3042
3043,3044,3159
3159,3044,3160
3162,3161,3046
3046,3161,3045
3046,3039,3155
3046,3155,3162
3163,3160,3044
3163,3044,3047
3047,3048,3163
3163,3048,3164
3161,3049,3045
3165,3049,3161
3050,3164,3048
3050,3166,3164
3168,3167,3052
3052,3167,3051
3052,3049,3165
3052,3165,3168
3169,3166,3050
3169,3050,3053
3053,3054,3169
3169,3054,3170
3172,3171,3056
3056,3171,3055
3056,3051,3167
3056,3167,3172
3173,3170,3054
3173,3054,3057
3057,3058,3173
3173,3058,3174
3171,3059,3055
3175,3059,3171
3060,3174,3058
3060,3176,3174
3178,3177,3062
3062,3177,3061
3062,3059,3175
3062,3175,3178
3179,3176,3060
3179,3060,3063
3063,3064,3179
3179,3064,3180
3177,3065,3061
3181,3065,3177
3066,3180,3064
3066,3182,3180
3181,3067,3065
3183,3067,3181
3068,3182,3066
3068,3184,3182
3183,3069,3067
3185,3069,3183
3070,3184,3068
3070,3186,3184
3185,3071,3069
3187,3071,3185
3072,3186,3070
3072,3188,3186
3187,3073,3071
3189,3073,3187
3074,3188,3072
3074,3190,3188
3189,3075,3073
3191,3075,3189
3076,3190,3074
3076,3192,3190
3191,3077,3075
3193,3077,3191
3078,3192,3076
3078,3194,3192
3193,3079,3077
3195,3079,3193
3080,3194,3078
3080,3196,3194
3195,3081,3079
3197,3081,3195
3082,3196,3080
3082,3198,3196
3197,3083,3081
3199,3083,3197
3084,3198,3082
3084,3200,3198
3199,3201,3083
3083,3201,3085
3086,3085,3201
3086,3201,3202
3204,3203,3087
3204,3087,3088
3084,3087,3200
3200,3087,3203
3202,3089,3086
3205,3089,3202
3090,3204,3088
3090,3206,3204
3205,3207,3089
3089,3207,3091
3092,3091,3207
3092,3207,3208
3210,3209,3093
3210,3093,3094
3090,3093,3206
3206,3093,3209
3208,3211,3092
3092,3211,3095
3096,3095,3211
3096,3211,3212
3214,3213,3097
3214,3097,3098
3094,3097,3210
3210,3097,3213
3212,3099,3096
3215,3099,3212
3100,3214,3098
3100,3216,3214
3215,3217,3099
3099,3217,3101
3102,3101,3217
3102,3217,3218
3220,3219,3103
3220,3103,3104
3100,3103,3216
3216,3103,3219
3218,3221,3102
3102,3221,3105
3105,3222,3106
3221,3222,3105
3107,3106,3222
3107,3222,3223
3225,3224,3108
3225,3108,3109
3108,3226,3110
3224,3226,3108
3104,3110,3220
3220,3110,3226
3223,3227,3107
3107,3227,3111
3112,3111,3227
3112,3227,3228
3230,3229,3113
3230,3113,3114
3109,3113,3225
3225,3113,3229
3228,3231,3112
3112,3231,3115
3115,3232,3116
3231,3232,3115
3117,3116,3232
3117,3232,3233
3235,3234,3118
3235,3118,3119
3118,3236,3120
3234,3236,3118
3114,3120,3230
3230,3120,3236
3233,3237,3117
3117,3237,3121
3121,3238,3122
3237,3238,3121
3122,3239,3123
3238,3239,3122
3123,3240,3124
3239,3240,3123
3124,3241,3125
3240,3241,3124
3125,3242,3126
3241,3242,3125
3126,3243,3127
3242,3243,3126
3127,3244,3128
3243,3244,3127
3128,3245,3129
3244,3245,3128
3129,3246,3130
3245,3246,3129
3130,3247,3131
3246,3247,3130
3119,3131,3235
3235,3131,3247
3249,3248,3133
3133,3248,3132
3250,3133,3134
3250,3249,3133
3251,3134,3135
3251,3250,3134
3252,3135,3136
3252,3251,3135
3253,3136,3137
3253,3252,3136
3254,3137,3138
3254,3253,3137
3255,3138,3139
3255,3254,3138
3256,3139,3140
3256,3255,3139
3257,3140,3141
3257,3256,3140
3258,3141,3142
3258,3257,3141
3259,3142,3143
3259,3258,3142
3143,3144,3259
3259,3144,3260
3262,3261,3146
3146,3261,3145
3263,3146,3147
3263,3262,3146
3147,3132,3248
3147,3248,3263
3264,3260,3144
3264,3144,3148
3265,3148,3149
3265,3264,3148
3149,3150,3265
3265,3150,3266
3268,3267,3152
3152,3267,3151
3152,3145,3261
3152,3261,3268
3269,3266,3150
3269,3150,3153
3153,3154,3269
3269,3154,3270
3272,3271,3156
3156,3271,3155
3273,3156,3157
3273,3272,3156
3157,3151,3267
3157,3267,3273
3274,3270,3154
3274,3154,3158
3275,3158,3159
3275,3274,3158
3159,3160,3275
3275,3160,3276
3278,3277,3162
3162,3277,3161
3162,3155,3271
3162,3271,3278
3279,3276,3160
3279,3160,3163
3163,3164,3279
3279,3164,3280
3277,3165,3161
3281,3165,3277
3166,3280,3164
3166,3282,3280
3284,3283,3168
3168,3283,3167
3168,3165,3281
3168,3281,3284
3285,3282,3166
3285,3166,3169
3169,3170,3285
3285,3170,3286
3288,3287,3172
3172,3287,3171
3172,3167,3283
3172,3283,3288
3289,3286,3170
3289,3170,3173
3173,3174,3289
3289,3174,3290
3287,3175,3171
3291,3175,3287
3176,3290,3174
3176,3292,3290
3294,3293,3178
3178,3293,3177
3178,3175,3291
3178,3291,3294
3295,3292,3176
3295,3176,3179
3179,3180,3295
3295,3180,3296
3293,3181,3177
3297,3181,3293
3182,3296,3180
3182,3298,3296
3297,3183,3181
3299,3183,3297
3184,3298,3182
3184,3300,3298
3299,3185,3183
3301,3185,3299
3186,3300,3184
3186,3302,3300
3301,3187,3185
3303,3187,3301
3188,3302,3186
3188,3304,3302
3303,3189,3187
3305,3189,3303
3190,3304,3188
3190,3306,3304
3305,3191,3189
3307,3191,3305
3192,3306,3190
3192,3308,3306
3307,3193,3191
3309,3193,3307
3194,3308,3192
3194,3310,3308
3309,3195,3193
3311,3195,3309
3196,3310,3194
3196,3312,3310
3311,3197,3195
3313,3197,3311
3198,3312,3196
3198,3314,3312
3313,3199,3197
3315,3199,3313
3200,3314,3198
3200,3316,3314
3315,3317,3199
3199,3317,3201
3202,3201,3317
3202,3317,3318
3320,3319,3203
3320,3203,3204
3200,3203,3316
3316,3203,3319
3318,3205,3202
3321,3205,3318
3206,3320,3204
3206,3322,3320
3321,3323,3205
3205,3323,3207
3208,3207,3323
3208,3323,3324
3326,3325,3209
3326,3209,3210
3206,3209,3322
3322,3209,3325
3324,3327,3208
3208,3327,3211
3212,3211,3327
3212,3327,3328
3330,3329,3213
3330,3213,3214
3210,3213,3326
3326,3213,3329
3328,3215,3212
3331,3215,3328
3216,3330,3214
3216,3332,3330
3331,3333,3215
3215,3333,3217
3218,3217,3333
3218,3333,3334
3336,3335,3219
3336,3219,3220
3216,3219,3332
3332,3219,3335
3334,3337,3218
3218,3337,3221
3221,3338,3222
3337,3338,3221
3223,3222,3338
3223,3338,3339
3341,3340,3224
3341,3224,3225
3224,3342,3226
3340,3342,3224
3220,3226,3336
3336,3226,3342
3339,3343,3223
3223,3343,3227
3228,3227,3343
3228,3343,3344
3346,3345,3229
3346,3229,3230
3225,3229,3341
3341,3229,3345
3344,3347,3228
3228,3347,3231
3231,3348,3232
3347,3348,3231
3233,3232,3348
3233,3348,3349
3351,3350,3234
3351,3234,3235
3234,3352,3236
3350,3352,3234
3230,3236,3346
3346,3236,3352
3349,3353,3233
3233,3353,3237
3237,3354,3238
3353,3354,3237
3238,3355,3239
3354,3355,3238
3239,3356,3240
3355,3356,3239
3240,3357,3241
3356,3357,3240
3241,3358,3242
3357,3358,3241
3242,3359,3243
3358,3359,3242
3243,3360,3244
3359,3360,3243
3244,3361,3245
3360,3361,3244
3245,3362,3246
3361,3362,3245
3246,3363,3247
3362,3363,3246
3235,3247,3351
3351,3247,3363
3365,3364,3249
3249,3364,3248
3366,3249,3250
3366,3365,3249
3367,3250,3251
3367,3366,3250
3368,3251,3252
3368,3367,3251
3369,3252,3253
3369,3368,3252
3370,3253,3254
3370,3369,3253
3371,3254,3255
3371,3370,3254
3372,3255,3256
3372,3371,3255
3373,3256,3257
3373,3372,3256
3374,3257,3258
3374,3373,3257
3375,3258,3259
3375,3374,3258
3259,3260,3375
3375,3260,3376
3378,3377,3262
3262,3377,3261
3379,3262,3263
3379,3378,3262
3263,3248,3364
3263,3364,3379
3380,3376,3260
3380,3260,3264
3381,3264,3265
3381,3380,3264
3265,3266,3381
3381,3266,3382
3384,3383,3268
3268,3383,3267
3268,3261,3377
3268,3377,3384
3385,3382,3266
3385,3266,3269
3269,3270,3385
3385,3270,3386
3388,3387,3272
3272,3387,3271
3389,3272,3273
3389,3388,3272
3273,3267,3383
3273,3383,3389
3390,3386,3270
3390,3270,3274
3391,3274,3275
3391,3390,3274
3275,3276,3391
3391,3276,3392
3394,3393,3278
3278,3393,3277
3278,3271,3387
3278,3387,3394
3395,3392,3276
3395,3276,3279
3279,3280,3395
3395,3280,3396
3393,3281,3277
3397,3281,3393
3282,3396,3280
3282,3398,3396
3400,3399,3284
3284,3399,3283
3284,3281,3397
3284,3397,3400
3401,3398,3282
3401,3282,3285
3285,3286,3401
3401,3286,3402
3404,3403,3288
3288,3403,3287
3288,3283,3399
3288,3399,3404
3405,3402,3286
3405,3286,3289
3289,3290,3405
3405,3290,3406
3403,3291,3287
3407,3291,3403
3292,3406,3290
3292,3408,3406
3410,3409,3294
3294,3409,3293
3294,3291,3407
3294,3407,3410
3411,3408,3292
3411,3292,3295
3295,3296,3411
3411,3296,3412
3409,3297,3293
3413,3297,3409
3298,3412,3296
3298,3414,3412
3413,3299,3297
3415,3299,3413
3300,3414,3298
3300,3416,3414
3415,3301,3299
3417,3301,3415
3302,3416,3300
3302,3418,3416
3417,3303,3301
3419,3303,3417
3304,3418,3302
3304,3420,3418
3419,3305,3303
3421,3305,3419
3306,3420,3304
3306,3422,3420
3421,3307,3305
3423,3307,3421
3308,3422,3306
3308,3424,3422
3423,3309,3307
3425,3309,3423
3310,3424,3308
3310,3426,3424
3425,3311,3309
3427,3311,3425
3312,3426,3310
3312,3428,3426
3427,3313,3311
3429,3313,3427
3314,3428,3312
3314,3430,3428
3429,3315,3313
3431,3315,3429
3316,3430,3314
3316,3432,3430
3431,3433,3315
3315,3433,3317
3318,3317,3433
3318,3433,3434
3436,3435,3319
3436,3319,3320
3316,3319,3432
3432,3319,3435
3434,3321,3318
3437,3321,3434
3322,3436,3320
3322,3438,3436
3437,3439,3321
3321,3439,3323
3324,3323,3439
3324,3439,3440
3442,3441,3325
3442,3325,3326
3322,3325,3438
3438,3325,3441
3440,3443,3324
3324,3443,3327
3328,3327,3443
3328,3443,3444
3446,3445,3329
3446,3329,3330
3326,3329,3442
3442,3329,3445
3444,3331,3328
3447,3331,3444
3332,3446,3330
3332,3448,3446
3447,3449,3331
3331,3449,3333
3334,3333,3449
3334,3449,3450
3452,3451,3335
3452,3335,3336
3332,3335,3448
3448,3335,3451
3450,3453,3334
3334,3453,3337
3337,3454,3338
3453,3454,3337
3339,3338,3454
3339,3454,3455
3457,3456,3340
3457,3340,3341
3340,3458,3342
3456,3458,3340
3336,3342,3452
3452,3342,3458
3455,3459,3339
3339,3459,3343
3344,3343,3459
3344,3459,3460
3462,3461,3345
3462,3345,3346
3341,3345,3457
3457,3345,3461
3460,3463,3344
3344,3463,3347
3347,3464,3348
3463,3464,3347
3349,3348,3464
3349,3464,3465
3467,3466,3350
3467,3350,3351
3350,3468,3352
3466,3468,3350
3346,3352,3462
3462,3352,3468
3465,3469,3349
3349,3469,3353
3353,3470,3354
3469,3470,3353
3354,3471,3355
3470,3471,3354
3355,3472,3356
3471,3472,3355
3356,3473,3357
3472,3473,3356
3357,3474,3358
3473,3474,3357
3358,3475,3359
3474,3475,3358
3359,3476,3360
3475,3476,3359
3360,3477,3361
3476,3477,3360
3361,3478,3362
3477,3478,3361
3362,3479,3363
3478,3479,3362
3351,3363,3467
3467,3363,3479
3481,3480,3365
3365,3480,3364
3482,3365,3366
3482,3481,3365
3483,3366,3367
3483,3482,3366
3484,3367,3368
3484,3483,3367
3485,3368,3369
3485,3484,3368
3486,3369,3370
3486,3485,3369
3487,3370,3371
3487,3486,3370
3488,3371,3372
3488,3487,3371
3489,3372,3373
3489,3488,3372
3490,3373,3374
3490,3489,3373
3491,3374,3375
3491,3490,3374
3375,3376,3491
3491,3376,3492
3494,3493,3378
3378,3493,3377
3495,3378,3379
3495,3494,3378
3379,3364,3480
3379,3480,3495
3496,3492,3376
3496,3376,3380
3497,3380,3381
3497,3496,3380
3381,3382,3497
3497,3382,3498
3500,3499,3384
3384,3499,3383
3384,3377,3493
3384,3493,3500
3501,3498,3382
3501,3382,3385
3385,3386,3501
3501,3386,3502
3504,3503,3388
3388,3503,3387
3505,3388,3389
3505,3504,3388
3389,3383,3499
3389,3499,3505
3506,3502,3386
3506,3386,3390
3507,3390,3391
3507,3506,3390
3391,3392,3507
3507,3392,3508
3510,3509,3394
3394,3509,3393
3394,3387,3503
3394,3503,3510
3511,3508,3392
3511,3392,3395
3395,3396,3511
3511,3396,3512
3509,3397,3393
3513,3397,3509
3398,3512,3396
3398,3514,3512
3516,3515,3400
3400,3515,3399
3400,3397,3513
3400,3513,3516
3517,3514,3398
3517,3398,3401
3401,3402,3517
3517,3402,3518
3520,3519,3404
3404,3519,3403
3404,3399,3515
3404,3515,3520
3521,3518,3402
3521,3402,3405
3405,3406,3521
3521,3406,3522
3519,3407,3403
3523,3407,3519
3408,3522,3406
3408,3524,3522
3526,3525,3410
3410,3525,3409
3410,3407,3523
3410,3523,3526
3527,3524,3408
3527,3408,3411
3411,3412,3527
3527,3412,3528
3525,3413,3409
3529,3413,3525
3414,3528,3412
3414,3530,3528
3529,3415,3413
3531,3415,3529
3416,3530,3414
3416,3532,3530
3531,3417,3415
3533,3417,3531
3418,3532,3416
3418,3534,3532
3533,3419,3417
3535,3419,3533
3420,3534,3418
3420,3536,3534
3535,3421,3419
3537,3421,3535
3422,3536,3420
3422,3538,3536
3537,3423,3421
3539,3423,3537
3424,3538,3422
3424,3540,3538
3539,3425,3423
3541,3425,3539
3426,3540,3424
3426,3542,3540
3541,3427,3425
3543,3427,3541
3428,3542,3426
3428,3544,3542
3543,3429,3427
3545,3429,3543
3430,3544,3428
3430,3546,3544
3545,3431,3429
3547,3431,3545
3432,3546,3430
3432,3548,3546
3547,3549,3431
3431,3549,3433
3434,3433,3549
3434,3549,3550
3552,3551,3435
3552,3435,3436
3432,3435,3548
3548,3435,3551
3550,3437,3434
3553,3437,3550
3438,3552,3436
3438,3554,3552
3553,3555,3437
3437,3555,3439
3440,3439,3555
3440,3555,3556
3558,3557,3441
3558,3441,3442
3438,3441,3554
3554,3441,3557
3556,3559,3440
3440,3559,3443
3444,3443,3559
3444,3559,3560
3562,3561,3445
3562,3445,3446
3442,3445,3558
3558,3445,3561
3560,3447,3444
3563,3447,3560
3448,3562,3446
3448,3564,3562
3563,3565,3447
3447,3565,3449
3450,3449,3565
3450,3565,3566
3568,3567,3451
3568,3451,3452
3448,3451,3564
3564,3451,3567
3566,3569,3450
3450,3569,3453
3453,3570,3454
3569,3570,3453
3455,3454,3570
3455,3570,3571
3573,3572,3456
3573,3456,3457
3456,3574,3458
3572,3574,3456
3452,3458,3568
3568,3458,3574
3571,3575,3455
3455,3575,3459
3460,3459,3575
3460,3575,3576
3578,3577,3461
3578,3461,3462
3457,3461,3573
3573,3461,3577
3576,3579,3460
3460,3579,3463
3463,3580,3464
3579,3580,3463
3465,3464,3580
3465,3580,3581
3583,3582,3466
3583,3466,3467
3466,3584,3468
3582,3584,3466
3462,3468,3578
3578,3468,3584
3581,3585,3465
3465,3585,3469
3469,3586,3470
3585,3586,3469
3470,3587,3471
3586,3587,3470
3471,3588,3472
3587,3588,3471
3472,3589,3473
3588,3589,3472
3473,3590,3474
3589,3590,3473
3474,3591,3475
3590,3591,3474
3475,3592,3476
3591,3592,3475
3476,3593,3477
3592,3593,3476
3477,3594,3478
3593,3594,3477
3478,3595,3479
3594,3595,3478
3467,3479,3583
3583,3479,3595
3597,3596,3481
3481,3596,3480
3598,3481,3482
3598,3597,3481
3599,3482,3483
3599,3598,3482
3600,3483,3484
3600,3599,3483
3601,3484,3485
3601,3600,3484
3602,3485,3486
3602,3601,3485
3603,3486,3487
3603,3602,3486
3604,3487,3488
3604,3603,3487
3605,3488,3489
3605,3604,3488
3606,3489,3490
3606,3605,3489
3607,3490,3491
3607,3606,3490
3491,3492,3607
3607,3492,3608
3610,3609,3494
3494,3609,3493
3611,3494,3495
3611,3610,3494
3495,3480,3596
3495,3596,3611
3612,3608,3492
3612,3492,3496
3613,3496,3497
3613,3612,3496
3497,3498,3613
3613,3498,3614
3616,3615,3500
3500,3615,3499
3500,3493,3609
3500,3609,3616
3617,3614,3498
3617,3498,3501
3501,3502,3617
3617,3502,3618
3620,3619,3504
3504,3619,3503
3621,3504,3505
3621,3620,3504
3505,3499,3615
3505,3615,3621
3622,3618,3502
3622,3502,3506
3623,3506,3507
3623,3622,3506
3507,3508,3623
3623,3508,3624
3626,3625,3510
3510,3625,3509
3510,3503,3619
3510,3619,3626
3627,3624,3508
3627,3508,3511
3511,3512,3627
3627,3512,3628
3625,3513,3509
3629,3513,3625
3514,3628,3512
3514,3630,3628
3632,3631,3516
3516,3631,3515
3516,3513,3629
3516,3629,3632
3633,3630,3514
3633,3514,3517
3517,3518,3633
3633,3518,3634
3636,3635,3520
3520,3635,3519
3520,3515,3631
3520,3631,3636
3637,3634,3518
3637,3518,3521
3521,3522,3637
3637,3522,3638
3635,3523,3519
3639,3523,3635
3524,3638,3522
3524,3640,3638
3642,3641,3526
3526,3641,3525
3526,3523,3639
3526,3639,3642
3643,3640,3524
3643,3524,3527
3527,3528,3643
3643,3528,3644
3641,3529,3525
3645,3529,3641
3530,3644,3528
3530,3646,3644
3645,3531,3529
3647,3531,3645
3532,3646,3530
3532,3648,3646
3647,3533,3531
3649,3533,3647
3534,3648,3532
3534,3650,3648
3649,3535,3533
3651,3535,3649
3536,3650,3534
3536,3652,3650
3651,3537,3535
3653,3537,3651
3538,3652,3536
3538,3654,3652
3653,3539,3537
3655,3539,3653
3540,3654,3538
3540,3656,3654
3655,3541,3539
3657,3541,3655
3542,3656,3540
3542,3658,3656
3657,3543,3541
3659,3543,3657
3544,3658,3542
3544,3660,3658
3659,3545,3543
3661,3545,3659
3546,3660,3544
3546,3662,3660
3661,3547,3545
3663,3547,3661
3548,3662,3546
3548,3664,3662
3663,3665,3547
3547,3665,3549
3550,3549,3665
3550,3665,3666
3668,3667,3551
3668,3551,3552
3548,3551,3664
3664,3551,3667
3666,3553,3550
3669,3553,3666
3554,3668,3552
3554,3670,3668
3669,3671,3553
3553,3671,3555
3556,3555,3671
3556,3671,3672
3674,3673,3557
3674,3557,3558
3554,3557,3670
3670,3557,3673
3672,3675,3556
3556,3675,3559
3560,3559,3675
3560,3675,3676
3678,3677,3561
3678,3561,3562
3558,3561,3674
3674,3561,3677
3676,3563,3560
3679,3563,3676
3564,3678,3562
3564,3680,3678
3679,3681,3563
3563,3681,3565
3566,3565,3681
3566,3681,3682
3684,3683,3567
3684,3567,3568
3564,3567,3680
3680,3567,3683
3682,3685,3566
3566,3685,3569
3569,3686,3570
3685,3686,3569
3571,3570,3686
3571,3686,3687
3689,3688,3572
3689,3572,3573
3572,3690,3574
3688,3690,3572
3568,3574,3684
3684,3574,3690
3687,3691,3571
3571,3691,3575
3576,3575,3691
3576,3691,3692
3694,3693,3577
3694,3577,3578
3573,3577,3689
3689,3577,3693
3692,3695,3576
3576,3695,3579
3579,3696,3580
3695,3696,3579
3581,3580,3696
3581,3696,3697
3699,3698,3582
3699,3582,3583
3582,3700,3584
3698,3700,3582
3578,3584,3694
3694,3584,3700
3697,3701,3581
3581,3701,3585
3585,3702,3586
3701,3702,3585
3586,3703,3587
3702,3703,3586
3587,3704,3588
3703,3704,3587
3588,3705,3589
3704,3705,3588
3589,3706,3590
3705,3706,3589
3590,3707,3591
3706,3707,3590
3591,3708,3592
3707,3708,3591
3592,3709,3593
3708,3709,3592
3593,3710,3594
3709,3710,3593
3594,3711,3595
3710,3711,3594
3583,3595,3699
3699,3595,3711
3713,3712,3597
3597,3712,3596
3714,3597,3598
3714,3713,3597
3715,3598,3599
3715,3714,3598
3716,3599,3600
3716,3715,3599
3717,3600,3601
3717,3716,3600
3718,3601,3602
3718,3717,3601
3719,3602,3603
3719,3718,3602
3720,3603,3604
3720,3719,3603
3721,3604,3605
3721,3720,3604
3722,3605,3606
3722,3721,3605
3723,3606,3607
3723,3722,3606
3607,3608,3723
3723,3608,3724
3726,3725,3610
3610,3725,3609
3727,3610,3611
3727,3726,3610
3611,3596,3712
3611,3712,3727
3728,3724,3608
3728,3608,3612
3729,3612,3613
3729,3728,3612
3613,3614,3729
3729,3614,3730
3732,3731,3616
3616,3731,3615
3616,3609,3725
3616,3725,3732
3733,3730,3614
3733,3614,3617
3617,3618,3733
3733,3618,3734
3736,3735,3620
3620,3735,3619
3737,3620,3621
3737,3736,3620
3621,3615,3731
3621,3731,3737
3738,3734,3618
3738,3618,3622
3739,3622,3623
3739,3738,3622
3623,3624,3739
3739,3624,3740
3742,3741,3626
3626,3741,3625
3626,3619,3735
3626,3735,3742
3743,3740,3624
3743,3624,3627
3627,3628,3743
3743,3628,3744
3741,3629,3625
3745,3629,3741
3630,3744,3628
3630,3746,3744
3748,3747,3632
3632,3747,3631
3632,3629,3745
3632,3745,3748
3749,3746,3630
3749,3630,3633
3633,3634,3749
3749,3634,3750
3752,3751,3636
3636,3751,3635
3636,3631,3747
3636,3747,3752
3753,3750,3634
3753,3634,3637
3637,3638,3753
3753,3638,3754
3751,3639,3635
3755,3639,3751
3640,3754,3638
3640,3756,3754
3758,3757,3642
3642,3757,3641
3642,3639,3755
3642,3755,3758
3759,3756,3640
3759,3640,3643
3643,3644,3759
3759,3644,3760
3757,3645,3641
3761,3645,3757
3646,3760,3644
3646,3762,3760
3761,3647,3645
3763,3647,3761
3648,3762,3646
3648,3764,3762
3763,3649,3647
3765,3649,3763
3650,3764,3648
3650,3766,3764
3765,3651,3649
3767,3651,3765
3652,3766,3650
3652,3768,3766
3767,3653,3651
3769,3653,3767
3654,3768,3652
3654,3770,3768
3769,3655,3653
3771,3655,3769
3656,3770,3654
3656,3772,3770
3771,3657,3655
3773,3657,3771
3658,3772,3656
3658,3774,3772
3773,3659,3657
3775,3659,3773
3660,3774,3658
3660,3776,3774
3775,3661,3659
3777,3661,3775
3662,3776,3660
3662,3778,3776
3777,3663,3661
3779,3663,3777
3664,3778,3662
3664,3780,3778
3779,3781,3663
3663,3781,3665
3666,3665,3781
3666,3781,3782
3784,3783,3667
3784,3667,3668
3664,3667,3780
3780,3667,3783
3782,3669,3666
3785,3669,3782
3670,3784,3668
3670,3786,3784
3785,3787,3669
3669,3787,3671
3672,3671,3787
3672,3787,3788
3790,3789,3673
3790,3673,3674
3670,3673,3786
3786,3673,3789
3788,3791,3672
3672,3791,3675
3676,3675,3791
3676,3791,3792
3794,3793,3677
3794,3677,3678
3674,3677,3790
3790,3677,3793
3792,3679,3676
3795,3679,3792
3680,3794,3678
3680,3796,3794
3795,3797,3679
3679,3797,3681
3682,3681,3797
3682,3797,3798
3800,3799,3683
3800,3683,3684
3680,3683,3796
3796,3683,3799
3798,3801,3682
3682,3801,3685
3685,3802,3686
3801,3802,3685
3687,3686,3802
3687,3802,3803
3805,3804,3688
3805,3688,3689
3688,3806,3690
3804,3806,3688
3684,3690,3800
3800,3690,3806
3803,3807,3687
3687,3807,3691
3692,3691,3807
3692,3807,3808
3810,3809,3693
3810,3693,3694
3689,3693,3805
3805,3693,3809
3808,3811,3692
3692,3811,3695
3695,3812,3696
3811,3812,3695
3697,3696,3812
3697,3812,3813
3815,3814,3698
3815,3698,3699
3698,3816,3700
3814,3816,3698
3694,3700,3810
3810,3700,3816
3813,3817,3697
3697,3817,3701
3701,3818,3702
3817,3818,3701
3702,3819,3703
3818,3819,3702
3703,3820,3704
3819,3820,3703
3704,3821,3705
3820,3821,3704
3705,3822,3706
3821,3822,3705
3706,3823,3707
3822,3823,3706
3707,3824,3708
3823,3824,3707
3708,3825,3709
3824,3825,3708
3709,3826,3710
3825,3826,3709
3710,3827,3711
3826,3827,3710
3699,3711,3815
3815,3711,3827
3829,3828,3713
3713,3828,3712
3830,3713,3714
3830,3829,3713
3831,3714,3715
3831,3830,3714
3832,3715,3716
3832,3831,3715
3833,3716,3717
3833,3832,3716
3834,3717,3718
3834,3833,3717
3835,3718,3719
3835,3834,3718
3836,3719,3720
3836,3835,3719
3837,3720,3721
3837,3836,3720
3838,3721,3722
3838,3837,3721
3839,3722,3723
3839,3838,3722
3723,3724,3839
3839,3724,3840
3842,3841,3726
3726,3841,3725
3843,3726,3727
3843,3842,3726
3727,3712,3828
3727,3828,3843
3844,3840,3724
3844,3724,3728
3845,3728,3729
3845,3844,3728
3729,3730,3845
3845,3730,3846
3848,3847,3732
3732,3847,3731
3732,3725,3841
3732,3841,3848
3849,3846,3730
3849,3730,3733
3733,3734,3849
3849,3734,3850
3852,3851,3736
3736,3851,3735
3853,3736,3737
3853,3852,3736
3737,3731,3847
3737,3847,3853
3854,3850,3734
3854,3734,3738
3855,3738,3739
3855,3854,3738
3739,3740,3855
3855,3740,3856
3858,3857,3742
3742,3857,3741
3742,3735,3851
3742,3851,3858
3859,3856,3740
3859,3740,3743
3743,3744,3859
3859,3744,3860
3857,3745,3741
3861,3745,3857
3746,3860,3744
3746,3862,3860
3864,3863,3748
3748,3863,3747
3748,3745,3861
3748,3861,3864
3865,3862,3746
3865,3746,3749
3749,3750,3865
3865,3750,3866
3868,3867,3752
3752,3867,3751
3752,3747,3863
3752,3863,3868
3869,3866,3750
3869,3750,3753
3753,3754,3869
3869,3754,3870
3867,3755,3751
3871,3755,3867
3756,3870,3754
3756,3872,3870
3874,3873,3758
3758,3873,3757
3758,3755,3871
3758,3871,3874
3875,3872,3756
3875,3756,3759
3759,3760,3875
3875,3760,3876
3873,3761,3757
3877,3761,3873
3762,3876,3760
3762,3878,3876
3877,3763,3761
3879,3763,3877
3764,3878,3762
3764,3880,3878
3879,3765,3763
3881,3765,3879
3766,3880,3764
3766,3882,3880
3881,3767,3765
3883,3767,3881
3768,3882,3766
3768,3884,3882
3883,3769,3767
3885,3769,3883
3770,3884,3768
3770,3886,3884
3885,3771,3769
3887,3771,3885
3772,3886,3770
3772,3888,3886
3887,3773,3771
3889,3773,3887
3774,3888,3772
3774,3890,3888
3889,3775,3773
3891,3775,3889
3776,3890,3774
3776,3892,3890
3891,3777,3775
3893,3777,3891
3778,3892,3776
3778,3894,3892
3893,3779,3777
3895,3779,3893
3780,3894,3778
3780,3896,3894
3895,3897,3779
3779,3897,3781
3782,3781,3897
3782,3897,3898
3900,3899,3783
3900,3783,3784
3780,3783,3896
3896,3783,3899
3898,3785,3782
3901,3785,3898
3786,3900,3784
3786,3902,3900
3901,3903,3785
3785,3903,3787
3788,3787,3903
3788,3903,3904
3906,3905,3789
3906,3789,3790
3786,3789,3902
3902,3789,3905
3904,3907,3788
3788,3907,3791
3792,3791,3907
3792,3907,3908
3910,3909,3793
3910,3793,3794
3790,3793,3906
3906,3793,3909
3908,3795,3792
3911,3795,3908
3796,3910,3794
3796,3912,3910
3911,3913,3795
3795,3913,3797
3798,3797,3913
3798,3913,3914
3916,3915,3799
3916,3799,3800
3796,3799,3912
3912,3799,3915
3914,3917,3798
3798,3917,3801
3801,3918,3802
3917,3918,3801
3803,3802,3918
3803,3918,3919
3921,3920,3804
3921,3804,3805
3804,3922,3806
3920,3922,3804
3800,3806,3916
3916,3806,3922
3919,3923,3803
3803,3923,3807
3808,3807,3923
3808,3923,3924
3926,3925,3809
3926,3809,3810
3805,3809,3921
3921,3809,3925
3924,3927,3808
3808,3927,3811
3811,3928,3812
3927,3928,3811
3813,3812,3928
3813,3928,3929
3931,3930,3814
3931,3814,3815
3814,3932,3816
3930,3932,3814
3810,3816,3926
3926,3816,3932
3929,3933,3813
3813,3933,3817
3817,3934,3818
3933,3934,3817
3818,3935,3819
3934,3935,3818
3819,3936,3820
3935,3936,3819
3820,3937,3821
3936,3937,3820
3821,3938,3822
3937,3938,3821
3822,3939,3823
3938,3939,3822
3823,3940,3824
3939,3940,3823
3824,3941,3825
3940,3941,3824
3825,3942,3826
3941,3942,3825
3826,3943,3827
3942,3943,3826
3815,3827,3931
3931,3827,3943
3945,3944,3829
3829,3944,3828
3946,3829,3830
3946,3945,3829
3947,3830,3831
3947,3946,3830
3948,3831,3832
3948,3947,3831
3949,3832,3833
3949,3948,3832
3950,3833,3834
3950,3949,3833
3951,3834,3835
3951,3950,3834
3952,3835,3836
3952,3951,3835
3953,3836,3837
3953,3952,3836
3954,3837,3838
3954,3953,3837
3955,3838,3839
3955,3954,3838
3839,3840,3955
3955,3840,3956
3958,3957,3842
3842,3957,3841
3959,3842,3843
3959,3958,3842
3843,3828,3944
3843,3944,3959
3960,3956,3840
3960,3840,3844
3961,3844,3845
3961,3960,3844
3845,3846,3961
3961,3846,3962
3964,3963,3848
3848,3963,3847
3848,3841,3957
3848,3957,3964
3965,3962,3846
3965,3846,3849
3849,3850,3965
3965,3850,3966
3968,3967,3852
3852,3967,3851
3969,3852,3853
3969,3968,3852
3853,3847,3963
3853,3963,3969
3970,3966,3850
3970,3850,3854
3971,3854,3855
3971,3970,3854
3855,3856,3971
3971,3856,3972
3974,3973,3858
3858,3973,3857
3858,3851,3967
3858,3967,3974
3975,3972,3856
3975,3856,3859
3859,3860,3975
3975,3860,3976
3973,3861,3857
3977,3861,3973
3862,3976,3860
3862,3978,3976
3980,3979,3864
3864,3979,3863
3864,3861,3977
3864,3977,3980
3981,3978,3862
3981,3862,3865
3865,3866,3981
3981,3866,3982
3984,3983,3868
3868,3983,3867
3868,3863,3979
3868,3979,3984
3985,3982,3866
3985,3866,3869
3869,3870,3985
3985,3870,3986
3983,3871,3867
3987,3871,3983
3872,3986,3870
3872,3988,3986
3990,3989,3874
3874,3989,3873
3874,3871,3987
3874,3987,3990
3991,3988,3872
3991,3872,3875
3875,3876,3991
3991,3876,3992
3989,3877,3873
3993,3877,3989
3878,3992,3876
3878,3994,3992
3993,3879,3877
3995,3879,3993
3880,3994,3878
3880,3996,3994
3995,3881,3879
3997,3881,3995
3882,3996,3880
3882,3998,3996
3997,3883,3881
3999,3883,3997
3884,3998,3882
3884,4000,3998
3999,3885,3883
4001,3885,3999
3886,4000,3884
3886,4002,4000
4001,3887,3885
4003,3887,4001
3888,4002,3886
3888,4004,4002
4003,3889,3887
4005,3889,4003
3890,4004,3888
3890,4006,4004
4005,3891,3889
4007,3891,4005
3892,4006,3890
3892,4008,4006
4007,3893,3891
4009,3893,4007
3894,4008,3892
3894,4010,4008
4009,3895,3893
4011,3895,4009
3896,4010,3894
3896,4012,4010
4011,4013,3895
3895,4013,3897
3898,3897,4013
3898,4013,4014
4016,4015,3899
4016,3899,3900
3896,3899,4012
4012,3899,4015
4014,3901,3898
4017,3901,4014
3902,4016,3900
3902,4018,4016
4017,4019,3901
3901,4019,3903
3904,3903,4019
3904,4019,4020
4022,4021,3905
4022,3905,3906
3902,3905,4018
4018,3905,4021
4020,4023,3904
3904,4023,3907
3908,3907,4023
3908,4023,4024
4026,4025,3909
4026,3909,3910
3906,3909,4022
4022,3909,4025
4024,3911,3908
4027,3911,4024
3912,4026,3910
3912,4028,4026
4027,4029,3911
3911,4029,3913
3914,3913,4029
3914,4029,4030
4032,4031,3915
4032,3915,3916
3912,3915,4028
4028,3915,4031
4030,4033,3914
3914,4033,3917
3917,4034,3918
4033,4034,3917
3919,3918,4034
3919,4034,4035
4037,4036,3920
4037,3920,3921
3920,4038,3922
4036,4038,3920
3916,3922,4032
4032,3922,4038
4035,4039,3919
3919,4039,3923
3924,3923,4039
3924,4039,4040
4042,4041,3925
4042,3925,3926
3921,3925,4037
4037,3925,4041
4040,4043,3924
3924,4043,3927
3927,4044,3928
4043,4044,3927
3929,3928,4044
3929,4044,4045
4047,4046,3930
4047,3930,3931
3930,4048,3932
4046,4048,3930
3926,3932,4042
4042,3932,4048
4045,4049,3929
3929,4049,3933
3933,4050,3934
4049,4050,3933
3934,4051,3935
4050,4051,3934
3935,4052,3936
4051,4052,3935
3936,4053,3937
4052,4053,3936
3937,4054,3938
4053,4054,3937
3938,4055,3939
4054,4055,3938
3939,4056,3940
4055,4056,3939
3940,4057,3941
4056,4057,3940
3941,4058,3942
4057,4058,3941
3942,4059,3943
4058,4059,3942
3931,3943,4047
4047,3943,4059
4061,4060,3945
3945,4060,3944
4062,3945,3946
4062,4061,3945
4063,3946,3947
4063,4062,3946
4064,3947,3948
4064,4063,3947
4065,3948,3949
4065,4064,3948
4066,3949,3950
4066,4065,3949
4067,3950,3951
4067,4066,3950
4068,3951,3952
4068,4067,3951
4069,3952,3953
4069,4068,3952
4070,3953,3954
4070,4069,3953
4071,3954,3955
4071,4070,3954
3955,3956,4071
4071,3956,4072
4074,4073,3958
3958,4073,3957
4075,3958,3959
4075,4074,3958
3959,3944,4060
3959,4060,4075
4076,4072,3956
4076,3956,3960
4077,3960,3961
4077,4076,3960
3961,3962,4077
4077,3962,4078
4080,4079,3964
3964,4079,3963
3964,3957,4073
3964,4073,4080
4081,4078,3962
4081,3962,3965
3965,3966,4081
4081,3966,4082
4084,4083,3968
3968,4083,3967
4085,3968,3969
4085,4084,3968
3969,3963,4079
3969,4079,4085
4086,4082,3966
4086,3966,3970
4087,3970,3971
4087,4086,3970
3971,3972,4087
4087,3972,4088
4090,4089,3974
3974,4089,3973
3974,3967,4083
3974,4083,4090
4091,4088,3972
4091,3972,3975
3975,3976,4091
4091,3976,4092
4089,3977,3973
4093,3977,4089
3978,4092,3976
3978,4094,4092
4096,4095,3980
3980,4095,3979
3980,3977,4093
3980,4093,4096
4097,4094,3978
4097,3978,3981
3981,3982,4097
4097,3982,4098
4100,4099,3984
3984,4099,3983
3984,3979,4095
3984,4095,4100
4101,4098,3982
4101,3982,3985
3985,3986,4101
4101,3986,4102
4099,3987,3983
4103,3987,4099
3988,4102,3986
3988,4104,4102
4106,4105,3990
3990,4105,3989
3990,3987,4103
3990,4103,4106
4107,4104,3988
4107,3988,3991
3991,3992,4107
4107,3992,4108
4105,3993,3989
4109,3993,4105
3994,4108,3992
3994,4110,4108
4109,3995,3993
4111,3995,4109
3996,4110,3994
3996,4112,4110
4111,3997,3995
4113,3997,4111
3998,4112,3996
3998,4114,4112
4113,3999,3997
4115,3999,4113
4000,4114,3998
4000,4116,4114
4115,4001,3999
4117,4001,4115
4002,4116,4000
4002,4118,4116
4117,4003,4001
4119,4003,4117
4004,4118,4002
4004,4120,4118
4119,4005,4003
4121,4005,4119
4006,4120,4004
4006,4122,4120
4121,4007,4005
4123,4007,4121
4008,4122,4006
4008,4124,4122
4123,4009,4007
4125,4009,4123
4010,4124,4008
4010,4126,4124
4125,4011,4009
4127,4011,4125
4012,4126,4010
4012,4128,4126
4127,4129,4011
4011,4129,4013
4014,4013,4129
4014,4129,4130
4132,4131,4015
4132,4015,4016
4012,4015,4128
4128,4015,4131
4130,4017,4014
4133,4017,4130
4018,4132,4016
4018,4134,4132
4133,4135,4017
4017,4135,4019
4020,4019,4135
4020,4135,4136
4138,4137,4021
4138,4021,4022
4018,4021,4134
4134,4021,4137
4136,4139,4020
4020,4139,4023
4024,4023,4139
4024,4139,4140
4142,4141,4025
4142,4025,4026
4022,4025,4138
4138,4025,4141
4140,4027,4024
4143,4027,4140
4028,4142,4026
4028,4144,4142
4143,4145,4027
4027,4145,4029
4030,4029,4145
4030,4145,4146
4148,4147,4031
4148,4031,4032
4028,4031,4144
4144,4031,4147
4146,4149,4030
4030,4149,4033
4033,4150,4034
4149,4150,4033
4035,4034,4150
4035,4150,4151
4153,4152,4036
4153,4036,4037
4036,4154,4038
4152,4154,4036
4032,4038,4148
4148,4038,4154
4151,4155,4035
4035,4155,4039
4040,4039,4155
4040,4155,4156
4158,4157,4041
4158,4041,4042
4037,4041,4153
4153,4041,4157
4156,4159,4040
4040,4159,4043
4043,4160,4044
4159,4160,4043
4045,4044,4160
4045,4160,4161
4163,4162,4046
4163,4046,4047
4046,4164,4048
4162,4164,4046
4042,4048,4158
4158,4048,4164
4161,4165,4045
4045,4165,4049
4049,4166,4050
4165,4166,4049
4050,4167,4051
4166,4167,4050
4051,4168,4052
4167,4168,4051
4052,4169,4053
4168,4169,4052
4053,4170,4054
4169,4170,4053
4054,4171,4055
4170,4171,4054
4055,4172,4056
4171,4172,4055
4056,4173,4057
4172,4173,4056
4057,4174,4058
4173,4174,4057
4058,4175,4059
4174,4175,4058
4047,4059,4163
4163,4059,4175
4177,4176,4061
4061,4176,4060
4178,4061,4062
4178,4177,4061
4179,4062,4063
4179,4178,4062
4180,4063,4064
4180,4179,4063
4181,4064,4065
4181,4180,4064
4182,4065,4066
4182,4181,4065
4183,4066,4067
4183,4182,4066
4184,4067,4068
4184,4183,4067
4185,4068,4069
4185,4184,4068
4186,4069,4070
4186,4185,4069
4187,4070,4071
4187,4186,4070
4071,4072,4187
4187,4072,4188
4190,4189,4074
4074,4189,4073
4191,4074,4075
4191,4190,4074
4075,4060,4176
4075,4176,4191
4192,4188,4072
4192,4072,4076
4193,4076,4077
4193,4192,4076
4077,4078,4193
4193,4078,4194
4196,4195,4080
4080,4195,4079
4080,4073,4189
4080,4189,4196
4197,4194,4078
4197,4078,4081
4081,4082,4197
4197,4082,4198
4200,4199,4084
4084,4199,4083
4201,4084,4085
4201,4200,4084
4085,4079,4195
4085,4195,4201
4202,4198,4082
4202,4082,4086
4203,4086,4087
4203,4202,4086
4087,4088,4203
4203,4088,4204
4206,4205,4090
4090,4205,4089
4090,4083,4199
4090,4199,4206
4207,4204,4088
4207,4088,4091
4091,4092,4207
4207,4092,4208
4205,4093,4089
4209,4093,4205
4094,4208,4092
4094,4210,4208
4212,4211,4096
4096,4211,4095
4096,4093,4209
4096,4209,4212
4213,4210,4094
4213,4094,4097
4097,4098,4213
4213,4098,4214
4216,4215,4100
4100,4215,4099
4100,4095,4211
4100,4211,4216
4217,4214,4098
4217,4098,4101
4101,4102,4217
4217,4102,4218
4215,4103,4099
4219,4103,4215
4104,4218,4102
4104,4220,4218
4222,4221,4106
4106,4221,4105
4106,4103,4219
4106,4219,4222
4223,4220,4104
4223,4104,4107
4107,4108,4223
4223,4108,4224
4221,4109,4105
4225,4109,4221
4110,4224,4108
4110,4226,4224
4225,4111,4109
4227,4111,4225
4112,4226,4110
4112,4228,4226
4227,4113,4111
4229,4113,4227
4114,4228,4112
4114,4230,4228
4229,4115,4113
4231,4115,4229
4116,4230,4114
4116,4232,4230
4231,4117,4115
4233,4117,4231
4118,4232,4116
4118,4234,4232
4233,4119,4117
4235,4119,4233
4120,4234,4118
4120,4236,4234
4235,4121,4119
4237,4121,4235
4122,4236,4120
4122,4238,4236
4237,4123,4121
4239,4123,4237
4124,4238,4122
4124,4240,4238
4239,4125,4123
4241,4125,4239
4126,4240,4124
4126,4242,4240
4241,4127,4125
4243,4127,4241
4128,4242,4126
4128,4244,4242
4243,4245,4127
4127,4245,4129
4130,4129,4245
4130,4245,4246
4248,4247,4131
4248,4131,4132
4128,4131,4244
4244,4131,4247
4246,4133,4130
4249,4133,4246
4134,4248,4132
4134,4250,4248
4249,4251,4133
4133,4251,4135
4136,4135,4251
4136,4251,4252
4254,4253,4137
4254,4137,4138
4134,4137,4250
4250,4137,4253
4252,4255,4136
4136,4255,4139
4140,4139,4255
4140,4255,4256
4258,4257,4141
4258,4141,4142
4138,4141,4254
4254,4141,4257
4256,4143,4140
4259,4143,4256
4144,4258,4142
4144,4260,4258
4259,4261,4143
4143,4261,4145
4146,4145,4261
4146,4261,4262
4264,4263,4147
4264,4147,4148
4144,4147,4260
4260,4147,4263
4262,4265,4146
4146,4265,4149
4149,4266,4150
4265,4266,4149
4151,4150,4266
4151,4266,4267
4269,4268,4152
4269,4152,4153
4152,4270,4154
4268,4270,4152
4148,4154,4264
4264,4154,4270
4267,4271,4151
4151,4271,4155
4156,4155,4271
4156,4271,4272
4274,4273,4157
4274,4157,4158
4153,4157,4269
4269,4157,4273
4272,4275,4156
4156,4275,4159
4159,4276,4160
4275,4276,4159
4161,4160,4276
4161,4276,4277
4279,4278,4162
4279,4162,4163
4162,4280,4164
4278,4280,4162
4158,4164,4274
4274,4164,4280
4277,4281,4161
4161,4281,4165
4165,4282,4166
4281,4282,4165
4166,4283,4167
4282,4283,4166
4167,4284,4168
4283,4284,4167
4168,4285,4169
4284,4285,4168
4169,4286,4170
4285,4286,4169
4170,4287,4171
4286,4287,4170
4171,4288,4172
4287,4288,4171
4172,4289,4173
4288,4289,4172
4173,4290,4174
4289,4290,4173
4174,4291,4175
4290,4291,4174
4163,4175,4279
4279,4175,4291
4293,4292,4177
4177,4292,4176
4294,4177,4178
4294,4293,4177
4295,4178,4179
4295,4294,4178
4296,4179,4180
4296,4295,4179
4297,4180,4181
4297,4296,4180
4298,4181,4182
4298,4297,4181
4299,4182,4183
4299,4298,4182
4300,4183,4184
4300,4299,4183
4301,4184,4185
4301,4300,4184
4302,4185,4186
4302,4301,4185
4303,4186,4187
4303,4302,4186
4187,4188,4303
4303,4188,4304
4306,4305,4190
4190,4305,4189
4307,4190,4191
4307,4306,4190
4191,4176,4292
4191,4292,4307
4308,4304,4188
4308,4188,4192
4309,4192,4193
4309,4308,4192
4193,4194,4309
4309,4194,4310
4312,4311,4196
4196,4311,4195
4196,4189,4305
4196,4305,4312
4313,4310,4194
4313,4194,4197
4197,4198,4313
4313,4198,4314
4316,4315,4200
4200,4315,4199
4317,4200,4201
4317,4316,4200
4201,4195,4311
4201,4311,4317
4318,4314,4198
4318,4198,4202
4319,4202,4203
4319,4318,4202
4203,4204,4319
4319,4204,4320
4322,4321,4206
4206,4321,4205
4206,4199,4315
4206,4315,4322
4323,4320,4204
4323,4204,4207
4207,4208,4323
4323,4208,4324
4321,4209,4205
4325,4209,4321
4210,4324,4208
4210,4326,4324
4328,4327,4212
4212,4327,4211
4212,4209,4325
4212,4325,4328
4329,4326,4210
4329,4210,4213
4213,4214,4329
4329,4214,4330
4332,4331,4216
4216,4331,4215
4216,4211,4327
4216,4327,4332
4333,4330,4214
4333,4214,4217
4217,4218,4333
4333,4218,4334
4331,4219,4215
4335,4219,4331
4220,4334,4218
4220,4336,4334
4338,4337,4222
4222,4337,4221
4222,4219,4335
4222,4335,4338
4339,4336,4220
4339,4220,4223
4223,4224,4339
4339,4224,4340
4337,4225,4221
4341,4225,4337
4226,4340,4224
4226,4342,4340
4341,4227,4225
4343,4227,4341
4228,4342,4226
4228,4344,4342
4343,4229,4227
4345,4229,4343
4230,4344,4228
4230,4346,4344
4345,4231,4229
4347,4231,4345
4232,4346,4230
4232,4348,4346
4347,4233,4231
4349,4233,4347
4234,4348,4232
4234,4350,4348
4349,4235,4233
4351,4235,4349
4236,4350,4234
4236,4352,4350
4351,4237,4235
4353,4237,4351
4238,4352,4236
4238,4354,4352
4353,4239,4237
4355,4239,4353
4240,4354,4238
4240,4356,4354
4355,4241,4239
4357,4241,4355
4242,4356,4240
4242,4358,4356
4357,4243,4241
4359,4243,4357
4244,4358,4242
4244,4360,4358
4359,4361,4243
4243,4361,4245
4246,4245,4361
4246,4361,4362
4364,4363,4247
4364,4247,4248
4244,4247,4360
4360,4247,4363
4362,4249,4246
4365,4249,4362
4250,4364,4248
4250,4366,4364
4365,4367,4249
4249,4367,4251
4252,4251,4367
4252,4367,4368
4370,4369,4253
4370,4253,4254
4250,4253,4366
4366,4253,4369
4368,4371,4252
4252,4371,4255
4256,4255,4371
4256,4371,4372
4374,4373,4257
4374,4257,4258
4254,4257,4370
4370,4257,4373
4372,4259,4256
4375,4259,4372
4260,4374,4258
4260,4376,4374
4375,4377,4259
4259,4377,4261
4262,4261,4377
4262,4377,4378
4380,4379,4263
4380,4263,4264
4260,4263,4376
4376,4263,4379
4378,4381,4262
4262,4381,4265
4265,4382,4266
4381,4382,4265
4267,4266,4382
4267,4382,4383
4385,4384,4268
4385,4268,4269
4268,4386,4270
4384,4386,4268
4264,4270,4380
4380,4270,4386
4383,4387,4267
4267,4387,4271
4272,4271,4387
4272,4387,4388
4390,4389,4273
4390,4273,4274
4269,4273,4385
4385,4273,4389
4388,4391,4272
4272,4391,4275
4275,4392,4276
4391,4392,4275
4277,4276,4392
4277,4392,4393
4395,4394,4278
4395,4278,4279
4278,4396,4280
4394,4396,4278
4274,4280,4390
4390,4280,4396
4393,4397,4277
4277,4397,4281
4281,4398,4282
4397,4398,4281
4282,4399,4283
4398,4399,4282
4283,4400,4284
4399,4400,4283
4284,4401,4285
4400,4401,4284
4285,4402,4286
4401,4402,4285
4286,4403,4287
4402,4403,4286
4287,4404,4288
4403,4404,4287
4288,4405,4289
4404,4405,4288
4289,4406,4290
4405,4406,4289
4290,4407,4291
4406,4407,4290
4279,4291,4395
4395,4291,4407
4409,4408,4293
4293,4408,4292
4410,4293,4294
4410,4409,4293
4411,4294,4295
4411,4410,4294
4412,4295,4296
4412,4411,4295
4413,4296,4297
4413,4412,4296
4414,4297,4298
4414,4413,4297
4415,4298,4299
4415,4414,4298
4416,4299,4300
4416,4415,4299
4417,4300,4301
4417,4416,4300
4418,4301,4302
4418,4417,4301
4419,4302,4303
4419,4418,4302
4303,4304,4419
4419,4304,4420
4422,4421,4306
4306,4421,4305
4423,4306,4307
4423,4422,4306
4307,4292,4408
4307,4408,4423
4424,4420,4304
4424,4304,4308
4425,4308,4309
4425,4424,4308
4309,4310,4425
4425,4310,4426
4428,4427,4312
4312,4427,4311
4312,4305,4421
4312,4421,4428
4429,4426,4310
4429,4310,4313
4313,4314,4429
4429,4314,4430
4432,4431,4316
4316,4431,4315
4433,4316,4317
4433,4432,4316
4317,4311,4427
4317,4427,4433
4434,4430,4314
4434,4314,4318
4435,4318,4319
4435,4434,4318
4319,4320,4435
4435,4320,4436
4438,4437,4322
4322,4437,4321
4322,4315,4431
4322,4431,4438
4439,4436,4320
4439,4320,4323
4323,4324,4439
4439,4324,4440
4437,4325,4321
4441,4325,4437
4326,4440,4324
4326,4442,4440
4444,4443,4328
4328,4443,4327
4328,4325,4441
4328,4441,4444
4445,4442,4326
4445,4326,4329
4329,4330,4445
4445,4330,4446
4448,4447,4332
4332,4447,4331
4332,4327,4443
4332,4443,4448
4449,4446,4330
4449,4330,4333
4333,4334,4449
4449,4334,4450
4447,4335,4331
4451,4335,4447
4336,4450,4334
4336,4452,4450
4454,4453,4338
4338,4453,4337
4338,4335,4451
4338,4451,4454
4455,4452,4336
4455,4336,4339
4339,4340,4455
4455,4340,4456
4453,4341,4337
4457,4341,4453
4342,4456,4340
4342,4458,4456
4457,4343,4341
4459,4343,4457
4344,4458,4342
4344,4460,4458
4459,4345,4343
4461,4345,4459
4346,4460,4344
4346,4462,4460
4461,4347,4345
4463,4347,4461
4348,4462,4346
4348,4464,4462
4463,4349,4347
4465,4349,4463
4350,4464,4348
4350,4466,4464
4465,4351,4349
4467,4351,4465
4352,4466,4350
4352,4468,4466
4467,4353,4351
4469,4353,4467
4354,4468,4352
4354,4470,4468
4469,4355,4353
4471,4355,4469
4356,4470,4354
4356,4472,4470
4471,4357,4355
4473,4357,4471
4358,4472,4356
4358,4474,4472
4473,4359,4357
4475,4359,4473
4360,4474,4358
4360,4476,4474
4475,4477,4359
4359,4477,4361
4362,4361,4477
4362,4477,4478
4480,4479,4363
4480,4363,4364
4360,4363,4476
4476,4363,4479
4478,4365,4362
4481,4365,4478
4366,4480,4364
4366,4482,4480
4481,4483,4365
4365,4483,4367
4368,4367,4483
4368,4483,4484
4486,4485,4369
4486,4369,4370
4366,4369,4482
4482,4369,4485
4484,4487,4368
4368,4487,4371
4372,4371,4487
4372,4487,4488
4490,4489,4373
4490,4373,4374
4370,4373,4486
4486,4373,4489
4488,4375,4372
4491,4375,4488
4376,4490,4374
4376,4492,4490
4491,4493,4375
4375,4493,4377
4378,4377,4493
4378,4493,4494
4496,4495,4379
4496,4379,4380
4376,4379,4492
4492,4379,4495
4494,4497,4378
4378,4497,4381
4381,4498,4382
4497,4498,4381
4383,4382,4498
4383,4498,4499
4501,4500,4384
4501,4384,4385
4384,4502,4386
4500,4502,4384
4380,4386,4496
4496,4386,4502
4499,4503,4383
4383,4503,4387
4388,4387,4503
4388,4503,4504
4506,4505,4389
4506,4389,4390
4385,4389,4501
4501,4389,4505
4504,4507,4388
4388,4507,4391
4391,4508,4392
4507,4508,4391
4393,4392,4508
4393,4508,4509
4511,4510,4394
4511,4394,4395
4394,4512,4396
4510,4512,4394
4390,4396,4506
4506,4396,4512
4509,4513,4393
4393,4513,4397
4397,4514,4398
4513,4514,4397
4398,4515,4399
4514,4515,4398
4399,4516,4400
4515,4516,4399
4400,4517,4401
4516,4517,4400
4401,4518,4402
4517,4518,4401
4402,4519,4403
4518,4519,4402
4403,4520,4404
4519,4520,4403
4404,4521,4405
4520,4521,4404
4405,4522,4406
4521,4522,4405
4406,4523,4407
4522,4523,4406
4395,4407,4511
4511,4407,4523
4525,4524,4409
4409,4524,4408
4526,4409,4410
4526,4525,4409
4527,4410,4411
4527,4526,4410
4528,4411,4412
4528,4527,4411
4529,4412,4413
4529,4528,4412
4530,4413,4414
4530,4529,4413
4531,4414,4415
4531,4530,4414
4532,4415,4416
4532,4531,4415
4533,4416,4417
4533,4532,4416
4534,4417,4418
4534,4533,4417
4535,4418,4419
4535,4534,4418
4419,4420,4535
4535,4420,4536
4538,4537,4422
4422,4537,4421
4539,4422,4423
4539,4538,4422
4423,4408,4524
4423,4524,4539
4540,4536,4420
4540,4420,4424
4541,4424,4425
4541,4540,4424
4425,4426,4541
4541,4426,4542
4544,4543,4428
4428,4543,4427
4428,4421,4537
4428,4537,4544
4545,4542,4426
4545,4426,4429
4429,4430,4545
4545,4430,4546
4548,4547,4432
4432,4547,4431
4549,4432,4433
4549,4548,4432
4433,4427,4543
4433,4543,4549
4550,4546,4430
4550,4430,4434
4551,4434,4435
4551,4550,4434
4435,4436,4551
4551,4436,4552
4554,4553,4438
4438,4553,4437
4438,4431,4547
4438,4547,4554
4555,4552,4436
4555,4436,4439
4439,4440,4555
4555,4440,4556
4553,4441,4437
4557,4441,4553
4442,4556,4440
4442,4558,4556
4560,4559,4444
4444,4559,4443
4444,4441,4557
4444,4557,4560
4561,4558,4442
4561,4442,4445
4445,4446,4561
4561,4446,4562
4564,4563,4448
4448,4563,4447
4448,4443,4559
4448,4559,4564
4565,4562,4446
4565,4446,4449
4449,4450,4565
4565,4450,4566
4563,4451,4447
4567,4451,4563
4452,4566,4450
4452,4568,4566
4570,4569,4454
4454,4569,4453
4454,4451,4567
4454,4567,4570
4571,4568,4452
4571,4452,4455
4455,4456,4571
4571,4456,4572
4569,4457,4453
4573,4457,4569
4458,4572,4456
4458,4574,4572
4573,4459,4457
4575,4459,4573
4460,4574,4458
4460,4576,4574
4575,4461,4459
4577,4461,4575
4462,4576,4460
4462,4578,4576
4577,4463,4461
4579,4463,4577
4464,4578,4462
4464,4580,4578
4579,4465,4463
4581,4465,4579
4466,4580,4464
4466,4582,4580
4581,4467,4465
4583,4467,4581
4468,4582,4466
4468,4584,4582
4583,4469,4467
4585,4469,4583
4470,4584,4468
4470,4586,4584
4585,4471,4469
4587,4471,4585
4472,4586,4470
4472,4588,4586
4587,4473,4471
4589,4473,4587
4474,4588,4472
4474,4590,4588
4589,4475,4473
4591,4475,4589
4476,4590,4474
4476,4592,4590
4591,4593,4475
4475,4593,4477
4478,4477,4593
4478,4593,4594
4596,4595,4479
4596,4479,4480
4476,4479,4592
4592,4479,4595
4594,4481,4478
4597,4481,4594
4482,4596,4480
4482,4598,4596
4597,4599,4481
4481,4599,4483
4484,4483,4599
4484,4599,4600
4602,4601,4485
4602,4485,4486
4482,4485,4598
4598,4485,4601
4600,4603,4484
4484,4603,4487
4488,4487,4603
4488,4603,4604
4606,4605,4489
4606,4489,4490
4486,4489,4602
4602,4489,4605
4604,4491,4488
4607,4491,4604
4492,4606,4490
4492,4608,4606
4607,4609,4491
4491,4609,4493
4494,4493,4609
4494,4609,4610
4612,4611,4495
4612,4495,4496
4492,4495,4608
4608,4495,4611
4610,4613,4494
4494,4613,4497
4497,4614,4498
4613,4614,4497
4499,4498,4614
4499,4614,4615
4617,4616,4500
4617,4500,4501
4500,4618,4502
4616,4618,4500
4496,4502,4612
4612,4502,4618
4615,4619,4499
4499,4619,4503
4504,4503,4619
4504,4619,4620
4622,4621,4505
4622,4505,4506
4501,4505,4617
4617,4505,4621
4620,4623,4504
4504,4623,4507
4507,4624,4508
4623,4624,4507
4509,4508,4624
4509,4624,4625
4627,4626,4510
4627,4510,4511
4510,4628,4512
4626,4628,4510
4506,4512,4622
4622,4512,4628
4625,4629,4509
4509,4629,4513
4513,4630,4514
4629,4630,4513
4514,4631,4515
4630,4631,4514
4515,4632,4516
4631,4632,4515
4516,4633,4517
4632,4633,4516
4517,4634,4518
4633,4634,4517
4518,4635,4519
4634,4635,4518
4519,4636,4520
4635,4636,4519
4520,4637,4521
4636,4637,4520
4521,4638,4522
4637,4638,4521
4522,4639,4523
4638,4639,4522
4511,4523,4627
4627,4523,4639
4641,4640,4525
4525,4640,4524
4642,4525,4526
4642,4641,4525
4643,4526,4527
4643,4642,4526
4644,4527,4528
4644,4643,4527
4645,4528,4529
4645,4644,4528
4646,4529,4530
4646,4645,4529
4647,4530,4531
4647,4646,4530
4648,4531,4532
4648,4647,4531
4649,4532,4533
4649,4648,4532
4650,4533,4534
4650,4649,4533
4651,4534,4535
4651,4650,4534
4535,4536,4651
4651,4536,4652
4654,4653,4538
4538,4653,4537
4655,4538,4539
4655,4654,4538
4539,4524,4640
4539,4640,4655
4656,4652,4536
4656,4536,4540
4657,4540,4541
4657,4656,4540
4541,4542,4657
4657,4542,4658
4660,4659,4544
4544,4659,4543
4544,4537,4653
4544,4653,4660
4661,4658,4542
4661,4542,4545
4545,4546,4661
4661,4546,4662
4664,4663,4548
4548,4663,4547
4665,4548,4549
4665,4664,4548
4549,4543,4659
4549,4659,4665
4666,4662,4546
4666,4546,4550
4667,4550,4551
4667,4666,4550
4551,4552,4667
4667,4552,4668
4670,4669,4554
4554,4669,4553
4554,4547,4663
4554,4663,4670
4671,4668,4552
4671,4552,4555
4555,4556,4671
4671,4556,4672
4669,4557,4553
4673,4557,4669
4558,4672,4556
4558,4674,4672
4676,4675,4560
4560,4675,4559
4560,4557,4673
4560,4673,4676
4677,4674,4558
4677,4558,4561
4561,4562,4677
4677,4562,4678
4680,4679,4564
4564,4679,4563
4564,4559,4675
4564,4675,4680
4681,4678,4562
4681,4562,4565
4565,4566,4681
4681,4566,4682
4679,4567,4563
4683,4567,4679
4568,4682,4566
4568,4684,4682
4686,4685,4570
4570,4685,4569
4570,4567,4683
4570,4683,4686
4687,4684,4568
4687,4568,4571
4571,4572,4687
4687,4572,4688
4685,4573,4569
4689,4573,4685
4574,4688,4572
4574,4690,4688
4689,4575,4573
4691,4575,4689
4576,4690,4574
4576,4692,4690
4691,4577,4575
4693,4577,4691
4578,4692,4576
4578,4694,4692
4693,4579,4577
4695,4579,4693
4580,4694,4578
4580,4696,4694
4695,4581,4579
4697,4581,4695
4582,4696,4580
4582,4698,4696
4697,4583,4581
4699,4583,4697
4584,4698,4582
4584,4700,4698
4699,4585,4583
4701,4585,4699
4586,4700,4584
4586,4702,4700
4701,4587,4585
4703,4587,4701
4588,4702,4586
4588,4704,4702
4703,4589,4587
4705,4589,4703
4590,4704,4588
4590,4706,4704
4705,4591,4589
4707,4591,4705
4592,4706,4590
4592,4708,4706
4707,4709,4591
4591,4709,4593
4594,4593,4709
4594,4709,4710
4712,4711,4595
4712,4595,4596
4592,4595,4708
4708,4595,4711
4710,4597,4594
4713,4597,4710
4598,4712,4596
4598,4714,4712
4713,4715,4597
4597,4715,4599
4600,4599,4715
4600,4715,4716
4718,4717,4601
4718,4601,4602
4598,4601,4714
4714,4601,4717
4716,4719,4600
4600,4719,4603
4604,4603,4719
4604,4719,4720
4722,4721,4605
4722,4605,4606
4602,4605,4718
4718,4605,4721
4720,4607,4604
4723,4607,4720
4608,4722,4606
4608,4724,4722
4723,4725,4607
4607,4725,4609
4610,4609,4725
4610,4725,4726
4728,4727,4611
4728,4611,4612
4608,4611,4724
4724,4611,4727
4726,4729,4610
4610,4729,4613
4613,4730,4614
4729,4730,4613
4615,4614,4730
4615,4730,4731
4733,4732,4616
4733,4616,4617
4616,4734,4618
4732,4734,4616
4612,4618,4728
4728,4618,4734
4731,4735,4615
4615,4735,4619
4620,4619,4735
4620,4735,4736
4738,4737,4621
4738,4621,4622
4617,4621,4733
4733,4621,4737
4736,4739,4620
4620,4739,4623
4623,4740,4624
4739,4740,4623
4625,4624,4740
4625,4740,4741
4743,4742,4626
4743,4626,4627
4626,4744,4628
4742,4744,4626
4622,4628,4738
4738,4628,4744
4741,4745,4625
4625,4745,4629
4629,4746,4630
4745,4746,4629
4630,4747,4631
4746,4747,4630
4631,4748,4632
4747,4748,4631
4632,4749,4633
4748,4749,4632
4633,4750,4634
4749,4750,4633
4634,4751,4635
4750,4751,4634
4635,4752,4636
4751,4752,4635
4636,4753,4637
4752,4753,4636
4637,4754,4638
4753,4754,4637
4638,4755,4639
4754,4755,4638
4627,4639,4743
4743,4639,4755
4757,4756,4641
4641,4756,4640
4758,4641,4642
4758,4757,4641
4759,4642,4643
4759,4758,4642
4760,4643,4644
4760,4759,4643
4761,4644,4645
4761,4760,4644
4762,4645,4646
4762,4761,4645
4763,4646,4647
4763,4762,4646
4764,4647,4648
4764,4763,4647
4765,4648,4649
4765,4764,4648
4766,4649,4650
4766,4765,4649
4767,4650,4651
4767,4766,4650
4651,4652,4767
4767,4652,4768
4770,4769,4654
4654,4769,4653
4771,4654,4655
4771,4770,4654
4655,4640,4756
4655,4756,4771
4772,4768,4652
4772,4652,4656
4773,4656,4657
4773,4772,4656
4657,4658,4773
4773,4658,4774
4776,4775,4660
4660,4775,4659
4660,4653,4769
4660,4769,4776
4777,4774,4658
4777,4658,4661
4661,4662,4777
4777,4662,4778
4780,4779,4664
4664,4779,4663
4781,4664,4665
4781,4780,4664
4665,4659,4775
4665,4775,4781
4782,4778,4662
4782,4662,4666
4783,4666,4667
4783,4782,4666
4667,4668,4783
4783,4668,4784
4786,4785,4670
4670,4785,4669
4670,4663,4779
4670,4779,4786
4787,4784,4668
4787,4668,4671
4671,4672,4787
4787,4672,4788
4785,4673,4669
4789,4673,4785
4674,4788,4672
4674,4790,4788
4792,4791,4676
4676,4791,4675
4676,4673,4789
4676,4789,4792
4793,4790,4674
4793,4674,4677
4677,4678,4793
4793,4678,4794
4796,4795,4680
4680,4795,4679
4680,4675,4791
4680,4791,4796
4797,4794,4678
4797,4678,4681
4681,4682,4797
4797,4682,4798
4795,4683,4679
4799,4683,4795
4684,4798,4682
4684,4800,4798
4802,4801,4686
4686,4801,4685
4686,4683,4799
4686,4799,4802
4803,4800,4684
4803,4684,4687
4687,4688,4803
4803,4688,4804
4801,4689,4685
4805,4689,4801
4690,4804,4688
4690,4806,4804
4805,4691,4689
4807,4691,4805
4692,4806,4690
4692,4808,4806
4807,4693,4691
4809,4693,4807
4694,4808,4692
4694,4810,4808
4809,4695,4693
4811,4695,4809
4696,4810,4694
4696,4812,4810
4811,4697,4695
4813,4697,4811
4698,4812,4696
4698,4814,4812
4813,4699,4697
4815,4699,4813
4700,4814,4698
4700,4816,4814
4815,4701,4699
4817,4701,4815
4702,4816,4700
4702,4818,4816
4817,4703,4701
4819,4703,4817
4704,4818,4702
4704,4820,4818
4819,4705,4703
4821,4705,4819
4706,4820,4704
4706,4822,4820
4821,4707,4705
4823,4707,4821
4708,4822,4706
4708,4824,4822
4823,4825,4707
4707,4825,4709
4710,4709,4825
4710,4825,4826
4828,4827,4711
4828,4711,4712
4708,4711,4824
4824,4711,4827
4826,4713,4710
4829,4713,4826
4714,4828,4712
4714,4830,4828
4829,4831,4713
4713,4831,4715
4716,4715,4831
4716,4831,4832
4834,4833,4717
4834,4717,4718
4714,4717,4830
4830,4717,4833
4832,4835,4716
4716,4835,4719
4720,4719,4835
4720,4835,4836
4838,4837,4721
4838,4721,4722
4718,4721,4834
4834,4721,4837
4836,4723,4720
4839,4723,4836
4724,4838,4722
4724,4840,4838
4839,4841,4723
4723,4841,4725
4726,4725,4841
4726,4841,4842
4844,4843,4727
4844,4727,4728
4724,4727,4840
4840,4727,4843
4842,4845,4726
4726,4845,4729
4729,4846,4730
4845,4846,4729
4731,4730,4846
4731,4846,4847
4849,4848,4732
4849,4732,4733
4732,4850,4734
4848,4850,4732
4728,4734,4844
4844,4734,4850
4847,4851,4731
4731,4851,4735
4736,4735,4851
4736,4851,4852
4854,4853,4737
4854,4737,4738
4733,4737,4849
4849,4737,4853
4852,4855,4736
4736,4855,4739
4739,4856,4740
4855,4856,4739
4741,4740,4856
4741,4856,4857
4859,4858,4742
4859,4742,4743
4742,4860,4744
4858,4860,4742
4738,4744,4854
4854,4744,4860
4857,4861,4741
4741,4861,4745
4745,4862,4746
4861,4862,4745
4746,4863,4747
4862,4863,4746
4747,4864,4748
4863,4864,4747
4748,4865,4749
4864,4865,4748
4749,4866,4750
4865,4866,4749
4750,4867,4751
4866,4867,4750
4751,4868,4752
4867,4868,4751
4752,4869,4753
4868,4869,4752
4753,4870,4754
4869,4870,4753
4754,4871,4755
4870,4871,4754
4743,4755,4859
4859,4755,4871
4873,4872,4757
4757,4872,4756
4874,4757,4758
4874,4873,4757
4875,4758,4759
4875,4874,4758
4876,4759,4760
4876,4875,4759
4877,4760,4761
4877,4876,4760
4878,4761,4762
4878,4877,4761
4879,4762,4763
4879,4878,4762
4880,4763,4764
4880,4879,4763
4881,4764,4765
4881,4880,4764
4882,4765,4766
4882,4881,4765
4883,4766,4767
4883,4882,4766
4767,4768,4883
4883,4768,4884
4886,4885,4770
4770,4885,4769
4887,4770,4771
4887,4886,4770
4771,4756,4872
4771,4872,4887
4888,4884,4768
4888,4768,4772
4889,4772,4773
4889,4888,4772
4773,4774,4889
4889,4774,4890
4892,4891,4776
4776,4891,4775
4776,4769,4885
4776,4885,4892
4893,4890,4774
4893,4774,4777
4777,4778,4893
4893,4778,4894
4896,4895,4780
4780,4895,4779
4897,4780,4781
4897,4896,4780
4781,4775,4891
4781,4891,4897
4898,4894,4778
4898,4778,4782
4899,4782,4783
4899,4898,4782
4783,4784,4899
4899,4784,4900
4902,4901,4786
4786,4901,4785
4786,4779,4895
4786,4895,4902
4903,4900,4784
4903,4784,4787
4787,4788,4903
4903,4788,4904
4901,4789,4785
4905,4789,4901
4790,4904,4788
4790,4906,4904
4908,4907,4792
4792,4907,4791
4792,4789,4905
4792,4905,4908
4909,4906,4790
4909,4790,4793
4793,4794,4909
4909,4794,4910
4912,4911,4796
4796,4911,4795
4796,4791,4907
4796,4907,4912
4913,4910,4794
4913,4794,4797
4797,4798,4913
4913,4798,4914
4911,4799,4795
4915,4799,4911
4800,4914,4798
4800,4916,4914
4918,4917,4802
4802,4917,4801
4802,4799,4915
4802,4915,4918
4919,4916,4800
4919,4800,4803
4803,4804,4919
4919,4804,4920
4917,4805,4801
4921,4805,4917
4806,4920,4804
4806,4922,4920
4921,4807,4805
4923,4807,4921
4808,4922,4806
4808,4924,4922
4923,4809,4807
4925,4809,4923
4810,4924,4808
4810,4926,4924
4925,4811,4809
4927,4811,4925
4812,4926,4810
4812,4928,4926
4927,4813,4811
4929,4813,4927
4814,4928,4812
4814,4930,4928
4929,4815,4813
4931,4815,4929
4816,4930,4814
4816,4932,4930
4931,4817,4815
4933,4817,4931
4818,4932,4816
4818,4934,4932
4933,4819,4817
4935,4819,4933
4820,4934,4818
4820,4936,4934
4935,4821,4819
4937,4821,4935
4822,4936,4820
4822,4938,4936
4937,4823,4821
4939,4823,4937
4824,4938,4822
4824,4940,4938
4939,4941,4823
4823,4941,4825
4826,4825,4941
4826,4941,4942
4944,4943,4827
4944,4827,4828
4824,4827,4940
4940,4827,4943
4942,4829,4826
4945,4829,4942
4830,4944,4828
4830,4946,4944
4945,4947,4829
4829,4947,4831
4832,4831,4947
4832,4947,4948
4950,4949,4833
4950,4833,4834
4830,4833,4946
4946,4833,4949
4948,4951,4832
4832,4951,4835
4836,4835,4951
4836,4951,4952
4954,4953,4837
4954,4837,4838
4834,4837,4950
4950,4837,4953
4952,4839,4836
4955,4839,4952
4840,4954,4838
4840,4956,4954
4955,4957,4839
4839,4957,4841
4842,4841,4957
4842,4957,4958
4960,4959,4843
4960,4843,4844
4840,4843,4956
4956,4843,4959
4958,4961,4842
4842,4961,4845
4845,4962,4846
4961,4962,4845
4847,4846,4962
4847,4962,4963
4965,4964,4848
4965,4848,4849
4848,4966,4850
4964,4966,4848
4844,4850,4960
4960,4850,4966
4963,4967,4847
4847,4967,4851
4852,4851,4967
4852,4967,4968
4970,4969,4853
4970,4853,4854
4849,4853,4965
4965,4853,4969
4968,4971,4852
4852,4971,4855
4855,4972,4856
4971,4972,4855
4857,4856,4972
4857,4972,4973
4975,4974,4858
4975,4858,4859
4858,4976,4860
4974,4976,4858
4854,4860,4970
4970,4860,4976
4973,4977,4857
4857,4977,4861
4861,4978,4862
4977,4978,4861
4862,4979,4863
4978,4979,4862
4863,4980,4864
4979,4980,4863
4864,4981,4865
4980,4981,4864
4865,4982,4866
4981,4982,4865
4866,4983,4867
4982,4983,4866
4867,4984,4868
4983,4984,4867
4868,4985,4869
4984,4985,4868
4869,4986,4870
4985,4986,4869
4870,4987,4871
4986,4987,4870
4859,4871,4975
4975,4871,4987
4989,4988,4873
4873,4988,4872
4990,4873,4874
4990,4989,4873
4991,4874,4875
4991,4990,4874
4992,4875,4876
4992,4991,4875
4993,4876,4877
4993,4992,4876
4994,4877,4878
4994,4993,4877
4995,4878,4879
4995,4994,4878
4996,4879,4880
4996,4995,4879
4997,4880,4881
4997,4996,4880
4998,4881,4882
4998,4997,4881
4999,4882,4883
4999,4998,4882
4883,4884,4999
4999,4884,5000
5002,5001,4886
4886,5001,4885
5003,4886,4887
5003,5002,4886
4887,4872,4988
4887,4988,5003
5004,5000,4884
5004,4884,4888
5005,4888,4889
5005,5004,4888
4889,4890,5005
5005,4890,5006
5008,5007,4892
4892,5007,4891
4892,4885,5001
4892,5001,5008
5009,5006,4890
5009,4890,4893
4893,4894,5009
5009,4894,5010
5012,5011,4896
4896,5011,4895
5013,4896,4897
5013,5012,4896
4897,4891,5007
4897,5007,5013
5014,5010,4894
5014,4894,4898
5015,4898,4899
5015,5014,4898
4899,4900,5015
5015,4900,5016
5018,5017,4902
4902,5017,4901
4902,4895,5011
4902,5011,5018
5019,5016,4900
5019,4900,4903
4903,4904,5019
5019,4904,5020
5017,4905,4901
5021,4905,5017
4906,5020,4904
4906,5022,5020
5024,5023,4908
4908,5023,4907
4908,4905,5021
4908,5021,5024
5025,5022,4906
5025,4906,4909
4909,4910,5025
5025,4910,5026
5028,5027,4912
4912,5027,4911
4912,4907,5023
4912,5023,5028
5029,5026,4910
5029,4910,4913
4913,4914,5029
5029,4914,5030
5027,4915,4911
5031,4915,5027
4916,5030,4914
4916,5032,5030
5034,5033,4918
4918,5033,4917
4918,4915,5031
4918,5031,5034
5035,5032,4916
5035,4916,4919
4919,4920,5035
5035,4920,5036
5033,4921,4917
5037,4921,5033
4922,5036,4920
4922,5038,5036
5037,4923,4921
5039,4923,5037
4924,5038,4922
4924,5040,5038
5039,4925,4923
5041,4925,5039
4926,5040,4924
4926,5042,5040
5041,4927,4925
5043,4927,5041
4928,5042,4926
4928,5044,5042
5043,4929,4927
5045,4929,5043
4930,5044,4928
4930,5046,5044
5045,4931,4929
5047,4931,5045
4932,5046,4930
4932,5048,5046
5047,4933,4931
5049,4933,5047
4934,5048,4932
4934,5050,5048
5049,4935,4933
5051,4935,5049
4936,5050,4934
4936,5052,5050
5051,4937,4935
5053,4937,5051
4938,5052,4936
4938,5054,5052
5053,4939,4937
5055,4939,5053
4940,5054,4938
4940,5056,5054
5055,5057,4939
4939,5057,4941
4942,4941,5057
4942,5057,5058
5060,5059,4943
5060,4943,4944
4940,4943,5056
5056,4943,5059
5058,4945,4942
5061,4945,5058
4946,5060,4944
4946,5062,5060
5061,5063,4945
4945,5063,4947
4948,4947,5063
4948,5063,5064
5066,5065,4949
5066,4949,4950
4946,4949,5062
5062,4949,5065
5064,5067,4948
4948,5067,4951
4952,4951,5067
4952,5067,5068
5070,5069,4953
5070,4953,4954
4950,4953,5066
5066,4953,5069
5068,4955,4952
5071,4955,5068
4956,5070,4954
4956,5072,5070
5071,5073,4955
4955,5073,4957
4958,4957,5073
4958,5073,5074
5076,5075,4959
5076,4959,4960
4956,4959,5072
5072,4959,5075
5074,5077,4958
4958,5077,4961
4961,5078,4962
5077,5078,4961
4963,4962,5078
4963,5078,5079
5081,5080,4964
5081,4964,4965
4964,5082,4966
5080,5082,4964
4960,4966,5076
5076,4966,5082
5079,5083,4963
4963,5083,4967
4968,4967,5083
4968,5083,5084
5086,5085,4969
5086,4969,4970
4965,4969,5081
5081,4969,5085
5084,5087,4968
4968,5087,4971
4971,5088,4972
5087,5088,4971
4973,4972,5088
4973,5088,5089
5091,5090,4974
5091,4974,4975
4974,5092,4976
5090,5092,4974
4970,4976,5086
5086,4976,5092
5089,5093,4973
4973,5093,4977
4977,5094,4978
5093,5094,4977
4978,5095,4979
5094,5095,4978
4979,5096,4980
5095,5096,4979
4980,5097,4981
5096,5097,4980
4981,5098,4982
5097,5098,4981
4982,5099,4983
5098,5099,4982
4983,5100,4984
5099,5100,4983
4984,5101,4985
5100,5101,4984
4985,5102,4986
5101,5102,4985
4986,5103,4987
5102,5103,4986
4975,4987,5091
5091,4987,5103
5105,5104,4989
4989,5104,4988
5106,4989,4990
5106,5105,4989
5107,4990,4991
5107,5106,4990
5108,4991,4992
5108,5107,4991
5109,4992,4993
5109,5108,4992
5110,4993,4994
5110,5109,4993
5111,4994,4995
5111,5110,4994
5112,4995,4996
5112,5111,4995
5113,4996,4997
5113,5112,4996
5114,4997,4998
5114,5113,4997
5115,4998,4999
5115,5114,4998
4999,5000,5115
5115,5000,5116
5118,5117,5002
5002,5117,5001
5119,5002,5003
5119,5118,5002
5003,4988,5104
5003,5104,5119
5120,5116,5000
5120,5000,5004
5121,5004,5005
5121,5120,5004
5005,5006,5121
5121,5006,5122
5124,5123,5008
5008,5123,5007
5008,5001,5117
5008,5117,5124
5125,5122,5006
5125,5006,5009
5009,5010,5125
5125,5010,5126
5128,5127,5012
5012,5127,5011
5129,5012,5013
5129,5128,5012
5013,5007,5123
5013,5123,5129
5130,5126,5010
5130,5010,5014
5131,5014,5015
5131,5130,5014
5015,5016,5131
5131,5016,5132
5134,5133,5018
5018,5133,5017
5018,5011,5127
5018,5127,5134
5135,5132,5016
5135,5016,5019
5019,5020,5135
5135,5020,5136
5133,5021,5017
5137,5021,5133
5022,5136,5020
5022,5138,5136
5140,5139,5024
5024,5139,5023
5024,5021,5137
5024,5137,5140
5141,5138,5022
5141,5022,5025
5025,5026,5141
5141,5026,5142
5144,5143,5028
5028,5143,5027
5028,5023,5139
5028,5139,5144
5145,5142,5026
5145,5026,5029
5029,5030,5145
5145,5030,5146
5143,5031,5027
5147,5031,5143
5032,5146,5030
5032,5148,5146
5150,5149,5034
5034,5149,5033
5034,5031,5147
5034,5147,5150
5151,5148,5032
5151,5032,5035
5035,5036,5151
5151,5036,5152
5149,5037,5033
5153,5037,5149
5038,5152,5036
5038,5154,5152
5153,5039,5037
5155,5039,5153
5040,5154,5038
5040,5156,5154
5155,5041,5039
5157,5041,5155
5042,5156,5040
5042,5158,5156
5157,5043,5041
5159,5043,5157
5044,5158,5042
5044,5160,5158
5159,5045,5043
5161,5045,5159
5046,5160,5044
5046,5162,5160
5161,5047,5045
5163,5047,5161
5048,5162,5046
5048,5164,5162
5163,5049,5047
5165,5049,5163
5050,5164,5048
5050,5166,5164
5165,5051,5049
5167,5051,5165
5052,5166,5050
5052,5168,5166
5167,5053,5051
5169,5053,5167
5054,5168,5052
5054,5170,5168
5169,5055,5053
5171,5055,5169
5056,5170,5054
5056,5172,5170
5171,5173,5055
5055,5173,5057
5058,5057,5173
5058,5173,5174
5176,5175,5059
5176,5059,5060
5056,5059,5172
5172,5059,5175
5174,5061,5058
5177,5061,5174
5062,5176,5060
5062,5178,5176
5177,5179,5061
5061,5179,5063
5064,5063,5179
5064,5179,5180
5182,5181,5065
5182,5065,5066
5062,5065,5178
5178,5065,5181
5180,5183,5064
5064,5183,5067
5068,5067,5183
5068,5183,5184
5186,5185,5069
5186,5069,5070
5066,5069,5182
5182,5069,5185
5184,5071,5068
5187,5071,5184
5072,5186,5070
5072,5188,5186
5187,5189,5071
5071,5189,5073
5074,5073,5189
5074,5189,5190
5192,5191,5075
5192,5075,5076
5072,5075,5188
5188,5075,5191
5190,5193,5074
5074,5193,5077
5077,5194,5078
5193,5194,5077
5079,5078,5194
5079,5194,5195
5197,5196,5080
5197,5080,5081
5080,5198,5082
5196,5198,5080
5076,5082,5192
5192,5082,5198
5195,5199,5079
5079,5199,5083
5084,5083,5199
5084,5199,5200
5202,5201,5085
5202,5085,5086
5081,5085,5197
5197,5085,5201
5200,5203,5084
5084,5203,5087
5087,5204,5088
5203,5204,5087
5089,5088,5204
5089,5204,5205
5207,5206,5090
5207,5090,5091
5090,5208,5092
5206,5208,5090
5086,5092,5202
5202,5092,5208
5205,5209,5089
5089,5209,5093
5093,5210,5094
5209,5210,5093
5094,5211,5095
5210,5211,5094
5095,5212,5096
5211,5212,5095
5096,5213,5097
5212,5213,5096
5097,5214,5098
5213,5214,5097
5098,5215,5099
5214,5215,5098
5099,5216,5100
5215,5216,5099
5100,5217,5101
5216,5217,5100
5101,5218,5102
5217,5218,5101
5102,5219,5103
5218,5219,5102
5091,5103,5207
5207,5103,5219
5221,5220,5105
5105,5220,5104
5222,5105,5106
5222,5221,5105
5223,5106,5107
5223,5222,5106
5224,5107,5108
5224,5223,5107
5225,5108,5109
5225,5224,5108
5226,5109,5110
5226,5225,5109
5227,5110,5111
5227,5226,5110
5228,5111,5112
5228,5227,5111
5229,5112,5113
5229,5228,5112
5230,5113,5114
5230,5229,5113
5231,5114,5115
5231,5230,5114
5115,5116,5231
5231,5116,5232
5234,5233,5118
5118,5233,5117
5235,5118,5119
5235,5234,5118
5119,5104,5220
5119,5220,5235
5236,5232,5116
5236,5116,5120
5237,5120,5121
5237,5236,5120
5121,5122,5237
5237,5122,5238
5240,5239,5124
5124,5239,5123
5124,5117,5233
5124,5233,5240
5241,5238,5122
5241,5122,5125
5125,5126,5241
5241,5126,5242
5244,5243,5128
5128,5243,5127
5245,5128,5129
5245,5244,5128
5129,5123,5239
5129,5239,5245
5246,5242,5126
5246,5126,5130
5247,5130,5131
5247,5246,5130
5131,5132,5247
5247,5132,5248
5250,5249,5134
5134,5249,5133
5134,5127,5243
5134,5243,5250
5251,5248,5132
5251,5132,5135
5135,5136,5251
5251,5136,5252
5249,5137,5133
5253,5137,5249
5138,5252,5136
5138,5254,5252
5256,5255,5140
5140,5255,5139
5140,5137,5253
5140,5253,5256
5257,5254,5138
5257,5138,5141
5141,5142,5257
5257,5142,5258
5260,5259,5144
5144,5259,5143
5144,5139,5255
5144,5255,5260
5261,5258,5142
5261,5142,5145
5145,5146,5261
5261,5146,5262
5259,5147,5143
5263,5147,5259
5148,5262,5146
5148,5264,5262
5266,5265,5150
5150,5265,5149
5150,5147,5263
5150,5263,5266
5267,5264,5148
5267,5148,5151
5151,5152,5267
5267,5152,5268
5265,5153,5149
5269,5153,5265
5154,5268,5152
5154,5270,5268
5269,5155,5153
5271,5155,5269
5156,5270,5154
5156,5272,5270
5271,5157,5155
5273,5157,5271
5158,5272,5156
5158,5274,5272
5273,5159,5157
5275,5159,5273
5160,5274,5158
5160,5276,5274
5275,5161,5159
5277,5161,5275
5162,5276,5160
5162,5278,5276
5277,5163,5161
5279,5163,5277
5164,5278,5162
5164,5280,5278
5279,5165,5163
5281,5165,5279
5166,5280,5164
5166,5282,5280
5281,5167,5165
5283,5167,5281
5168,5282,5166
5168,5284,5282
5283,5169,5167
5285,5169,5283
5170,5284,5168
5170,5286,5284
5285,5171,5169
5287,5171,5285
5172,5286,5170
5172,5288,5286
5287,5289,5171
5171,5289,5173
5174,5173,5289
5174,5289,5290
5292,5291,5175
5292,5175,5176
5172,5175,5288
5288,5175,5291
5290,5177,5174
5293,5177,5290
5178,5292,5176
5178,5294,5292
5293,5295,5177
5177,5295,5179
5180,5179,5295
5180,5295,5296
5298,5297,5181
5298,5181,5182
5178,5181,5294
5294,5181,5297
5296,5299,5180
5180,5299,5183
5184,5183,5299
5184,5299,5300
5302,5301,5185
5302,5185,5186
5182,5185,5298
5298,5185,5301
5300,5187,5184
5303,5187,5300
5188,5302,5186
5188,5304,5302
5303,5305,5187
5187,5305,5189
5190,5189,5305
5190,5305,5306
5308,5307,5191
5308,5191,5192
5188,5191,5304
5304,5191,5307
5306,5309,5190
5190,5309,5193
5193,5310,5194
5309,5310,5193
5195,5194,5310
5195,5310,5311
5313,5312,5196
5313,5196,5197
5196,5314,5198
5312,5314,5196
5192,5198,5308
5308,5198,5314
5311,5315,5195
5195,5315,5199
5200,5199,5315
5200,5315,5316
5318,5317,5201
5318,5201,5202
5197,5201,5313
5313,5201,5317
5316,5319,5200
5200,5319,5203
5203,5320,5204
5319,5320,5203
5205,5204,5320
5205,5320,5321
5323,5322,5206
5323,5206,5207
5206,5324,5208
5322,5324,5206
5202,5208,5318
5318,5208,5324
5321,5325,5205
5205,5325,5209
5209,5326,5210
5325,5326,5209
5210,5327,5211
5326,5327,5210
5211,5328,5212
5327,5328,5211
5212,5329,5213
5328,5329,5212
5213,5330,5214
5329,5330,5213
5214,5331,5215
5330,5331,5214
5215,5332,5216
5331,5332,5215
5216,5333,5217
5332,5333,5216
5217,5334,5218
5333,5334,5217
5218,5335,5219
5334,5335,5218
5207,5219,5323
5323,5219,5335
5337,5336,5221
5221,5336,5220
5338,5221,5222
5338,5337,5221
5339,5222,5223
5339,5338,5222
5340,5223,5224
5340,5339,5223
5341,5224,5225
5341,5340,5224
5342,5225,5226
5342,5341,5225
5343,5226,5227
5343,5342,5226
5344,5227,5228
5344,5343,5227
5345,5228,5229
5345,5344,5228
5346,5229,5230
5346,5345,5229
5347,5230,5231
5347,5346,5230
5231,5232,5347
5347,5232,5348
5350,5349,5234
5234,5349,5233
5351,5234,5235
5351,5350,5234
5235,5220,5336
5235,5336,5351
5352,5348,5232
5352,5232,5236
5353,5236,5237
5353,5352,5236
5237,5238,5353
5353,5238,5354
5356,5355,5240
5240,5355,5239
5240,5233,5349
5240,5349,5356
5357,5354,5238
5357,5238,5241
5241,5242,5357
5357,5242,5358
5360,5359,5244
5244,5359,5243
5361,5244,5245
5361,5360,5244
5245,5239,5355
5245,5355,5361
5362,5358,5242
5362,5242,5246
5363,5246,5247
5363,5362,5246
5247,5248,5363
5363,5248,5364
5366,5365,5250
5250,5365,5249
5250,5243,5359
5250,5359,5366
5367,5364,5248
5367,5248,5251
5251,5252,5367
5367,5252,5368
5365,5253,5249
5369,5253,5365
5254,5368,5252
5254,5370,5368
5372,5371,5256
5256,5371,5255
5256,5253,5369
5256,5369,5372
5373,5370,5254
5373,5254,5257
5257,5258,5373
5373,5258,5374
5376,5375,5260
5260,5375,5259
5260,5255,5371
5260,5371,5376
5377,5374,5258
5377,5258,5261
5261,5262,5377
5377,5262,5378
5375,5263,5259
5379,5263,5375
5264,5378,5262
5264,5380,5378
5382,5381,5266
5266,5381,5265
5266,5263,5379
5266,5379,5382
5383,5380,5264
5383,5264,5267
5267,5268,5383
5383,5268,5384
5381,5269,5265
5385,5269,5381
5270,5384,5268
5270,5386,5384
5385,5271,5269
5387,5271,5385
5272,5386,5270
5272,5388,5386
5387,5273,5271
5389,5273,5387
5274,5388,5272
5274,5390,5388
5389,5275,5273
5391,5275,5389
5276,5390,5274
5276,5392,5390
5391,5277,5275
5393,5277,5391
5278,5392,5276
5278,5394,5392
5393,5279,5277
5395,5279,5393
5280,5394,5278
5280,5396,5394
5395,5281,5279
5397,5281,5395
5282,5396,5280
5282,5398,5396
5397,5283,5281
5399,5283,5397
5284,5398,5282
5284,5400,5398
5399,5285,5283
5401,5285,5399
5286,5400,5284
5286,5402,5400
5401,5287,5285
5403,5287,5401
5288,5402,5286
5288,5404,5402
5403,5405,5287
5287,5405,5289
5290,5289,5405
5290,5405,5406
5408,5407,5291
5408,5291,5292
5288,5291,5404
5404,5291,5407
5406,5293,5290
5409,5293,5406
5294,5408,5292
5294,5410,5408
5409,5411,5293
5293,5411,5295
5296,5295,5411
5296,5411,5412
5414,5413,5297
5414,5297,5298
5294,5297,5410
5410,5297,5413
5412,5415,5296
5296,5415,5299
5300,5299,5415
5300,5415,5416
5418,5417,5301
5418,5301,5302
5298,5301,5414
5414,5301,5417
5416,5303,5300
5419,5303,5416
5304,5418,5302
5304,5420,5418
5419,5421,5303
5303,5421,5305
5306,5305,5421
5306,5421,5422
5424,5423,5307
5424,5307,5308
5304,5307,5420
5420,5307,5423
5422,5425,5306
5306,5425,5309
5309,5426,5310
5425,5426,5309
5311,5310,5426
5311,5426,5427
5429,5428,5312
5429,5312,5313
5312,5430,5314
5428,5430,5312
5308,5314,5424
5424,5314,5430
5427,5431,5311
5311,5431,5315
5316,5315,5431
5316,5431,5432
5434,5433,5317
5434,5317,5318
5313,5317,5429
5429,5317,5433
5432,5435,5316
5316,5435,5319
5319,5436,5320
5435,5436,5319
5321,5320,5436
5321,5436,5437
5439,5438,5322
5439,5322,5323
5322,5440,5324
5438,5440,5322
5318,5324,5434
5434,5324,5440
5437,5441,5321
5321,5441,5325
5325,5442,5326
5441,5442,5325
5326,5443,5327
5442,5443,5326
5327,5444,5328
5443,5444,5327
5328,5445,5329
5444,5445,5328
5329,5446,5330
5445,5446,5329
5330,5447,5331
5446,5447,5330
5331,5448,5332
5447,5448,5331
5332,5449,5333
5448,5449,5332
5333,5450,5334
5449,5450,5333
5334,5451,5335
5450,5451,5334
5323,5335,5439
5439,5335,5451
5453,5452,5337
5337,5452,5336
5454,5337,5338
5454,5453,5337
5455,5338,5339
5455,5454,5338
5456,5339,5340
5456,5455,5339
5457,5340,5341
5457,5456,5340
5458,5341,5342
5458,5457,5341
5459,5342,5343
5459,5458,5342
5460,5343,5344
5460,5459,5343
5461,5344,5345
5461,5460,5344
5462,5345,5346
5462,5461,5345
5463,5346,5347
5463,5462,5346
5347,5348,5463
5463,5348,5464
5466,5465,5350
5350,5465,5349
5467,5350,5351
5467,5466,5350
5351,5336,5452
5351,5452,5467
5468,5464,5348
5468,5348,5352
5469,5352,5353
5469,5468,5352
5353,5354,5469
5469,5354,5470
5472,5471,5356
5356,5471,5355
5356,5349,5465
5356,5465,5472
5473,5470,5354
5473,5354,5357
5357,5358,5473
5473,5358,5474
5476,5475,5360
5360,5475,5359
5477,5360,5361
5477,5476,5360
5361,5355,5471
5361,5471,5477
5478,5474,5358
5478,5358,5362
5479,5362,5363
5479,5478,5362
5363,5364,5479
5479,5364,5480
5482,5481,5366
5366,5481,5365
5366,5359,5475
5366,5475,5482
5483,5480,5364
5483,5364,5367
5367,5368,5483
5483,5368,5484
5481,5369,5365
5485,5369,5481
5370,5484,5368
5370,5486,5484
5488,5487,5372
5372,5487,5371
5372,5369,5485
5372,5485,5488
5489,5486,5370
5489,5370,5373
5373,5374,5489
5489,5374,5490
5492,5491,5376
5376,5491,5375
5376,5371,5487
5376,5487,5492
5493,5490,5374
5493,5374,5377
5377,5378,5493
5493,5378,5494
5491,5379,5375
5495,5379,5491
5380,5494,5378
5380,5496,5494
5498,5497,5382
5382,5497,5381
5382,5379,5495
5382,5495,5498
5499,5496,5380
5499,5380,5383
5383,5384,5499
5499,5384,5500
5497,5385,5381
5501,5385,5497
5386,5500,5384
5386,5502,5500
5501,5387,5385
5503,5387,5501
5388,5502,5386
5388,5504,5502
5503,5389,5387
5505,5389,5503
5390,5504,5388
5390,5506,5504
5505,5391,5389
5507,5391,5505
5392,5506,5390
5392,5508,5506
5507,5393,5391
5509,5393,5507
5394,5508,5392
5394,5510,5508
5509,5395,5393
5511,5395,5509
5396,5510,5394
5396,5512,5510
5511,5397,5395
5513,5397,5511
5398,5512,5396
5398,5514,5512
5513,5399,5397
5515,5399,5513
5400,5514,5398
5400,5516,5514
5515,5401,5399
5517,5401,5515
5402,5516,5400
5402,5518,5516
5517,5403,5401
5519,5403,5517
5404,5518,5402
5404,5520,5518
5519,5521,5403
5403,5521,5405
5406,5405,5521
5406,5521,5522
5524,5523,5407
5524,5407,5408
5404,5407,5520
5520,5407,5523
5522,5409,5406
5525,5409,5522
5410,5524,5408
5410,5526,5524
5525,5527,5409
5409,5527,5411
5412,5411,5527
5412,5527,5528
5530,5529,5413
5530,5413,5414
5410,5413,5526
5526,5413,5529
5528,5531,5412
5412,5531,5415
5416,5415,5531
5416,5531,5532
5534,5533,5417
5534,5417,5418
5414,5417,5530
5530,5417,5533
5532,5419,5416
5535,5419,5532
5420,5534,5418
5420,5536,5534
5535,5537,5419
5419,5537,5421
5422,5421,5537
5422,5537,5538
5540,5539,5423
5540,5423,5424
5420,5423,5536
5536,5423,5539
5538,5541,5422
5422,5541,5425
5425,5542,5426
5541,5542,5425
5427,5426,5542
5427,5542,5543
5545,5544,5428
5545,5428,5429
5428,5546,5430
5544,5546,5428
5424,5430,5540
5540,5430,5546
5543,5547,5427
5427,5547,5431
5432,5431,5547
5432,5547,5548
5550,5549,5433
5550,5433,5434
5429,5433,5545
5545,5433,5549
5548,5551,5432
5432,5551,5435
5435,5552,5436
5551,5552,5435
5437,5436,5552
5437,5552,5553
5555,5554,5438
5555,5438,5439
5438,5556,5440
5554,5556,5438
5434,5440,5550
5550,5440,5556
5553,5557,5437
5437,5557,5441
5441,5558,5442
5557,5558,5441
5442,5559,5443
5558,5559,5442
5443,5560,5444
5559,5560,5443
5444,5561,5445
5560,5561,5444
5445,5562,5446
5561,5562,5445
5446,5563,5447
5562,5563,5446
5447,5564,5448
5563,5564,5447
5448,5565,5449
5564,5565,5448
5449,5566,5450
5565,5566,5449
5450,5567,5451
5566,5567,5450
5439,5451,5555
5555,5451,5567
5569,5568,5453
5453,5568,5452
5570,5453,5454
5570,5569,5453
5571,5454,5455
5571,5570,5454
5572,5455,5456
5572,5571,5455
5573,5456,5457
5573,5572,5456
5574,5457,5458
5574,5573,5457
5575,5458,5459
5575,5574,5458
5576,5459,5460
5576,5575,5459
5577,5460,5461
5577,5576,5460
5578,5461,5462
5578,5577,5461
5579,5462,5463
5579,5578,5462
5463,5464,5579
5579,5464,5580
5582,5581,5466
5466,5581,5465
5583,5466,5467
5583,5582,5466
5467,5452,5568
5467,5568,5583
5584,5580,5464
5584,5464,5468
5585,5468,5469
5585,5584,5468
5469,5470,5585
5585,5470,5586
5588,5587,5472
5472,5587,5471
5472,5465,5581
5472,5581,5588
5589,5586,5470
5589,5470,5473
5473,5474,5589
5589,5474,5590
5592,5591,5476
5476,5591,5475
5593,5476,5477
5593,5592,5476
5477,5471,5587
5477,5587,5593
5594,5590,5474
5594,5474,5478
5595,5478,5479
5595,5594,5478
5479,5480,5595
5595,5480,5596
5598,5597,5482
5482,5597,5481
5482,5475,5591
5482,5591,5598
5599,5596,5480
5599,5480,5483
5483,5484,5599
5599,5484,5600
5597,5485,5481
5601,5485,5597
5486,5600,5484
5486,5602,5600
5604,5603,5488
5488,5603,5487
5488,5485,5601
5488,5601,5604
5605,5602,5486
5605,5486,5489
5489,5490,5605
5605,5490,5606
5608,5607,5492
5492,5607,5491
5492,5487,5603
5492,5603,5608
5609,5606,5490
5609,5490,5493
5493,5494,5609
5609,5494,5610
5607,5495,5491
5611,5495,5607
5496,5610,5494
5496,5612,5610
5614,5613,5498
5498,5613,5497
5498,5495,5611
5498,5611,5614
5615,5612,5496
5615,5496,5499
5499,5500,5615
5615,5500,5616
5613,5501,5497
5617,5501,5613
5502,5616,5500
5502,5618,5616
5617,5503,5501
5619,5503,5617
5504,5618,5502
5504,5620,5618
5619,5505,5503
5621,5505,5619
5506,5620,5504
5506,5622,5620
5621,5507,5505
5623,5507,5621
5508,5622,5506
5508,5624,5622
5623,5509,5507
5625,5509,5623
5510,5624,5508
5510,5626,5624
5625,5511,5509
5627,5511,5625
5512,5626,5510
5512,5628,5626
5627,5513,5511
5629,5513,5627
5514,5628,5512
5514,5630,5628
5629,5515,5513
5631,5515,5629
5516,5630,5514
5516,5632,5630
5631,5517,5515
5633,5517,5631
5518,5632,5516
5518,5634,5632
5633,5519,5517
5635,5519,5633
5520,5634,5518
5520,5636,5634
5635,5637,5519
5519,5637,5521
5522,5521,5637
5522,5637,5638
5640,5639,5523
5640,5523,5524
5520,5523,5636
5636,5523,5639
5638,5525,5522
5641,5525,5638
5526,5640,5524
5526,5642,5640
5641,5643,5525
5525,5643,5527
5528,5527,5643
5528,5643,5644
5646,5645,5529
5646,5529,5530
5526,5529,5642
5642,5529,5645
5644,5647,5528
5528,5647,5531
5532,5531,5647
5532,5647,5648
5650,5649,5533
5650,5533,5534
5530,5533,5646
5646,5533,5649
5648,5535,5532
5651,5535,5648
5536,5650,5534
5536,5652,5650
5651,5653,5535
5535,5653,5537
5538,5537,5653
5538,5653,5654
5656,5655,5539
5656,5539,5540
5536,5539,5652
5652,5539,5655
5654,5657,5538
5538,5657,5541
5541,5658,5542
5657,5658,5541
5543,5542,5658
5543,5658,5659
5661,5660,5544
5661,5544,5545
5544,5662,5546
5660,5662,5544
5540,5546,5656
5656,5546,5662
5659,5663,5543
5543,5663,5547
5548,5547,5663
5548,5663,5664
5666,5665,5549
5666,5549,5550
5545,5549,5661
5661,5549,5665
5664,5667,5548
5548,5667,5551
5551,5668,5552
5667,5668,5551
5553,5552,5668
5553,5668,5669
5671,5670,5554
5671,5554,5555
5554,5672,5556
5670,5672,5554
5550,5556,5666
5666,5556,5672
5669,5673,5553
5553,5673,5557
5557,5674,5558
5673,5674,5557
5558,5675,5559
5674,5675,5558
5559,5676,5560
5675,5676,5559
5560,5677,5561
5676,5677,5560
5561,5678,5562
5677,5678,5561
5562,5679,5563
5678,5679,5562
5563,5680,5564
5679,5680,5563
5564,5681,5565
5680,5681,5564
5565,5682,5566
5681,5682,5565
5566,5683,5567
5682,5683,5566
5555,5567,5671
5671,5567,5683
5685,5684,5569
5569,5684,5568
5686,5569,5570
5686,5685,5569
5687,5570,5571
5687,5686,5570
5688,5571,5572
5688,5687,5571
5689,5572,5573
5689,5688,5572
5690,5573,5574
5690,5689,5573
5691,5574,5575
5691,5690,5574
5692,5575,5576
5692,5691,5575
5693,5576,5577
5693,5692,5576
5694,5577,5578
5694,5693,5577
5695,5578,5579
5695,5694,5578
5579,5580,5695
5695,5580,5696
5698,5697,5582
5582,5697,5581
5699,5582,5583
5699,5698,5582
5583,5568,5684
5583,5684,5699
5700,5696,5580
5700,5580,5584
5701,5584,5585
5701,5700,5584
5585,5586,5701
5701,5586,5702
5704,5703,5588
5588,5703,5587
5588,5581,5697
5588,5697,5704
5705,5702,5586
5705,5586,5589
5589,5590,5705
5705,5590,5706
5708,5707,5592
5592,5707,5591
5709,5592,5593
5709,5708,5592
5593,5587,5703
5593,5703,5709
5710,5706,5590
5710,5590,5594
5711,5594,5595
5711,5710,5594
5595,5596,5711
5711,5596,5712
5714,5713,5598
5598,5713,5597
5598,5591,5707
5598,5707,5714
5715,5712,5596
5715,5596,5599
5599,5600,5715
5715,5600,5716
5713,5601,5597
5717,5601,5713
5602,5716,5600
5602,5718,5716
5720,5719,5604
5604,5719,5603
5604,5601,5717
5604,5717,5720
5721,5718,5602
5721,5602,5605
5605,5606,5721
5721,5606,5722
5724,5723,5608
5608,5723,5607
5608,5603,5719
5608,5719,5724
5725,5722,5606
5725,5606,5609
5609,5610,5725
5725,5610,5726
5723,5611,5607
5727,5611,5723
5612,5726,5610
5612,5728,5726
5730,5729,5614
5614,5729,5613
5614,5611,5727
5614,5727,5730
5731,5728,5612
5731,5612,5615
5615,5616,5731
5731,5616,5732
5729,5617,5613
5733,5617,5729
5618,5732,5616
5618,5734,5732
5733,5619,5617
5735,5619,5733
5620,5734,5618
5620,5736,5734
5735,5621,5619
5737,5621,5735
5622,5736,5620
5622,5738,5736
5737,5623,5621
5739,5623,5737
5624,5738,5622
5624,5740,5738
5739,5625,5623
5741,5625,5739
5626,5740,5624
5626,5742,5740
5741,5627,5625
5743,5627,5741
5628,5742,5626
5628,5744,5742
5743,5629,5627
5745,5629,5743
5630,5744,5628
5630,5746,5744
5745,5631,5629
5747,5631,5745
5632,5746,5630
5632,5748,5746
5747,5633,5631
5749,5633,5747
5634,5748,5632
5634,5750,5748
5749,5635,5633
5751,5635,5749
5636,5750,5634
5636,5752,5750
5751,5753,5635
5635,5753,5637
5638,5637,5753
5638,5753,5754
5756,5755,5639
5756,5639,5640
5636,5639,5752
5752,5639,5755
5754,5641,5638
5757,5641,5754
5642,5756,5640
5642,5758,5756
5757,5759,5641
5641,5759,5643
5644,5643,5759
5644,5759,5760
5762,5761,5645
5762,5645,5646
5642,5645,5758
5758,5645,5761
5760,5763,5644
5644,5763,5647
5648,5647,5763
5648,5763,5764
5766,5765,5649
5766,5649,5650
5646,5649,5762
5762,5649,5765
5764,5651,5648
5767,5651,5764
5652,5766,5650
5652,5768,5766
5767,5769,5651
5651,5769,5653
5654,5653,5769
5654,5769,5770
5772,5771,5655
5772,5655,5656
5652,5655,5768
5768,5655,5771
5770,5773,5654
5654,5773,5657
5657,5774,5658
5773,5774,5657
5659,5658,5774
5659,5774,5775
5777,5776,5660
5777,5660,5661
5660,5778,5662
5776,5778,5660
5656,5662,5772
5772,5662,5778
5775,5779,5659
5659,5779,5663
5664,5663,5779
5664,5779,5780
5782,5781,5665
5782,5665,5666
5661,5665,5777
5777,5665,5781
5780,5783,5664
5664,5783,5667
5667,5784,5668
5783,5784,5667
5669,5668,5784
5669,5784,5785
5787,5786,5670
5787,5670,5671
5670,5788,5672
5786,5788,5670
5666,5672,5782
5782,5672,5788
5785,5789,5669
5669,5789,5673
5673,5790,5674
5789,5790,5673
5674,5791,5675
5790,5791,5674
5675,5792,5676
5791,5792,5675
5676,5793,5677
5792,5793,5676
5677,5794,5678
5793,5794,5677
5678,5795,5679
5794,5795,5678
5679,5796,5680
5795,5796,5679
5680,5797,5681
5796,5797,5680
5681,5798,5682
5797,5798,5681
5682,5799,5683
5798,5799,5682
5671,5683,5787
5787,5683,5799
5801,5800,5685
5685,5800,5684
5802,5685,5686
5802,5801,5685
5803,5686,5687
5803,5802,5686
5804,5687,5688
5804,5803,5687
5805,5688,5689
5805,5804,5688
5806,5689,5690
5806,5805,5689
5807,5690,5691
5807,5806,5690
5808,5691,5692
5808,5807,5691
5809,5692,5693
5809,5808,5692
5810,5693,5694
5810,5809,5693
5811,5694,5695
5811,5810,5694
5695,5696,5811
5811,5696,5812
5814,5813,5698
5698,5813,5697
5815,5698,5699
5815,5814,5698
5699,5684,5800
5699,5800,5815
5816,5812,5696
5816,5696,5700
5817,5700,5701
5817,5816,5700
5701,5702,5817
5817,5702,5818
5820,5819,5704
5704,5819,5703
5704,5697,5813
5704,5813,5820
5821,5818,5702
5821,5702,5705
5705,5706,5821
5821,5706,5822
5824,5823,5708
5708,5823,5707
5825,5708,5709
5825,5824,5708
5709,5703,5819
5709,5819,5825
5826,5822,5706
5826,5706,5710
5827,5710,5711
5827,5826,5710
5711,5712,5827
5827,5712,5828
5830,5829,5714
5714,5829,5713
5714,5707,5823
5714,5823,5830
5831,5828,5712
5831,5712,5715
5715,5716,5831
5831,5716,5832
5829,5717,5713
5833,5717,5829
5718,5832,5716
5718,5834,5832
5836,5835,5720
5720,5835,5719
5720,5717,5833
5720,5833,5836
5837,5834,5718
5837,5718,5721
5721,5722,5837
5837,5722,5838
5840,5839,5724
5724,5839,5723
5724,5719,5835
5724,5835,5840
5841,5838,5722
5841,5722,5725
5725,5726,5841
5841,5726,5842
5839,5727,5723
5843,5727,5839
5728,5842,5726
5728,5844,5842
5846,5845,5730
5730,5845,5729
5730,5727,5843
5730,5843,5846
5847,5844,5728
5847,5728,5731
5731,5732,5847
5847,5732,5848
5845,5733,5729
5849,5733,5845
5734,5848,5732
5734,5850,5848
5849,5735,5733
5851,5735,5849
5736,5850,5734
5736,5852,5850
5851,5737,5735
5853,5737,5851
5738,5852,5736
5738,5854,5852
5853,5739,5737
5855,5739,5853
5740,5854,5738
5740,5856,5854
5855,5741,5739
5857,5741,5855
5742,5856,5740
5742,5858,5856
5857,5743,5741
5859,5743,5857
5744,5858,5742
5744,5860,5858
5859,5745,5743
5861,5745,5859
5746,5860,5744
5746,5862,5860
5861,5747,5745
5863,5747,5861
5748,5862,5746
5748,5864,5862
5863,5749,5747
5865,5749,5863
5750,5864,5748
5750,5866,5864
5865,5751,5749
5867,5751,5865
5752,5866,5750
5752,5868,5866
5867,5869,5751
5751,5869,5753
5754,5753,5869
5754,5869,5870
5872,5871,5755
5872,5755,5756
5752,5755,5868
5868,5755,5871
5870,5757,5754
5873,5757,5870
5758,5872,5756
5758,5874,5872
5873,5875,5757
5757,5875,5759
5760,5759,5875
5760,5875,5876
5878,5877,5761
5878,5761,5762
5758,5761,5874
5874,5761,5877
5876,5879,5760
5760,5879,5763
5764,5763,5879
5764,5879,5880
5882,5881,5765
5882,5765,5766
5762,5765,5878
5878,5765,5881
5880,5767,5764
5883,5767,5880
5768,5882,5766
5768,5884,5882
5883,5885,5767
5767,5885,5769
5770,5769,5885
5770,5885,5886
5888,5887,5771
5888,5771,5772
5768,5771,5884
5884,5771,5887
5886,5889,5770
5770,5889,5773
5773,5890,5774
5889,5890,5773
5775,5774,5890
5775,5890,5891
5893,5892,5776
5893,5776,5777
5776,5894,5778
5892,5894,5776
5772,5778,5888
5888,5778,5894
5891,5895,5775
5775,5895,5779
5780,5779,5895
5780,5895,5896
5898,5897,5781
5898,5781,5782
5777,5781,5893
5893,5781,5897
5896,5899,5780
5780,5899,5783
5783,5900,5784
5899,5900,5783
5785,5784,5900
5785,5900,5901
5903,5902,5786
5903,5786,5787
5786,5904,5788
5902,5904,5786
5782,5788,5898
5898,5788,5904
5901,5905,5785
5785,5905,5789
5789,5906,5790
5905,5906,5789
5790,5907,5791
5906,5907,5790
5791,5908,5792
5907,5908,5791
5792,5909,5793
5908,5909,5792
5793,5910,5794
5909,5910,5793
5794,5911,5795
5910,5911,5794
5795,5912,5796
5911,5912,5795
5796,5913,5797
5912,5913,5796
5797,5914,5798
5913,5914,5797
5798,5915,5799
5914,5915,5798
5787,5799,5903
5903,5799,5915
5917,5916,5801
5801,5916,5800
5918,5801,5802
5918,5917,5801
5919,5802,5803
5919,5918,5802
5920,5803,5804
5920,5919,5803
5921,5804,5805
5921,5920,5804
5922,5805,5806
5922,5921,5805
5923,5806,5807
5923,5922,5806
5924,5807,5808
5924,5923,5807
5925,5808,5809
5925,5924,5808
5926,5809,5810
5926,5925,5809
5927,5810,5811
5927,5926,5810
5811,5812,5927
5927,5812,5928
5930,5929,5814
5814,5929,5813
5931,5814,5815
5931,5930,5814
5815,5800,5916
5815,5916,5931
5932,5928,5812
5932,5812,5816
5933,5816,5817
5933,5932,5816
5817,5818,5933
5933,5818,5934
5936,5935,5820
5820,5935,5819
5820,5813,5929
5820,5929,5936
5937,5934,5818
5937,5818,5821
5821,5822,5937
5937,5822,5938
5940,5939,5824
5824,5939,5823
5941,5824,5825
5941,5940,5824
5825,5819,5935
5825,5935,5941
5942,5938,5822
5942,5822,5826
5943,5826,5827
5943,5942,5826
5827,5828,5943
5943,5828,5944
5946,5945,5830
5830,5945,5829
5830,5823,5939
5830,5939,5946
5947,5944,5828
5947,5828,5831
5831,5832,5947
5947,5832,5948
5945,5833,5829
5949,5833,5945
5834,5948,5832
5834,5950,5948
5952,5951,5836
5836,5951,5835
5836,5833,5949
5836,5949,5952
5953,5950,5834
5953,5834,5837
5837,5838,5953
5953,5838,5954
5956,5955,5840
5840,5955,5839
5840,5835,5951
5840,5951,5956
5957,5954,5838
5957,5838,5841
5841,5842,5957
5957,5842,5958
5955,5843,5839
5959,5843,5955
5844,5958,5842
5844,5960,5958
5962,5961,5846
5846,5961,5845
5846,5843,5959
5846,5959,5962
5963,5960,5844
5963,5844,5847
5847,5848,5963
5963,5848,5964
5961,5849,5845
5965,5849,5961
5850,5964,5848
5850,5966,5964
5965,5851,5849
5967,5851,5965
5852,5966,5850
5852,5968,5966
5967,5853,5851
5969,5853,5967
5854,5968,5852
5854,5970,5968
5969,5855,5853
5971,5855,5969
5856,5970,5854
5856,5972,5970
5971,5857,5855
5973,5857,5971
5858,5972,5856
5858,5974,5972
5973,5859,5857
5975,5859,5973
5860,5974,5858
5860,5976,5974
5975,5861,5859
5977,5861,5975
5862,5976,5860
5862,5978,5976
5977,5863,5861
5979,5863,5977
5864,5978,5862
5864,5980,5978
5979,5865,5863
5981,5865,5979
5866,5980,5864
5866,5982,5980
5981,5867,5865
5983,5867,5981
5868,5982,5866
5868,5984,5982
5983,5985,5867
5867,5985,5869
5870,5869,5985
5870,5985,5986
5988,5987,5871
5988,5871,5872
5868,5871,5984
5984,5871,5987
5986,5873,5870
5989,5873,5986
5874,5988,5872
5874,5990,5988
5989,5991,5873
5873,5991,5875
5876,5875,5991
5876,5991,5992
5994,5993,5877
5994,5877,5878
5874,5877,5990
5990,5877,5993
5992,5995,5876
5876,5995,5879
5880,5879,5995
5880,5995,5996
5998,5997,5881
5998,5881,5882
5878,5881,5994
5994,5881,5997
5996,5883,5880
5999,5883,5996
5884,5998,5882
5884,6000,5998
5999,6001,5883
5883,6001,5885
5886,5885,6001
5886,6001,6002
6004,6003,5887
6004,5887,5888
5884,5887,6000
6000,5887,6003
6002,6005,5886
5886,6005,5889
5889,6006,5890
6005,6006,5889
5891,5890,6006
5891,6006,6007
6009,6008,5892
6009,5892,5893
5892,6010,5894
6008,6010,5892
5888,5894,6004
6004,5894,6010
6007,6011,5891
5891,6011,5895
5896,5895,6011
5896,6011,6012
6014,6013,5897
6014,5897,5898
5893,5897,6009
6009,5897,6013
6012,6015,5896
5896,6015,5899
5899,6016,5900
6015,6016,5899
5901,5900,6016
5901,6016,6017
6019,6018,5902
6019,5902,5903
5902,6020,5904
6018,6020,5902
5898,5904,6014
6014,5904,6020
6017,6021,5901
5901,6021,5905
5905,6022,5906
6021,6022,5905
5906,6023,5907
6022,6023,5906
5907,6024,5908
6023,6024,5907
5908,6025,5909
6024,6025,5908
5909,6026,5910
6025,6026,5909
5910,6027,5911
6026,6027,5910
5911,6028,5912
6027,6028,5911
5912,6029,5913
6028,6029,5912
5913,6030,5914
6029,6030,5913
5914,6031,5915
6030,6031,5914
5903,5915,6019
6019,5915,6031
6033,6032,5917
5917,6032,5916
6034,5917,5918
6034,6033,5917
6035,5918,5919
6035,6034,5918
6036,5919,5920
6036,6035,5919
6037,5920,5921
6037,6036,5920
6038,5921,5922
6038,6037,5921
6039,5922,5923
6039,6038,5922
6040,5923,5924
6040,6039,5923
6041,5924,5925
6041,6040,5924
6042,5925,5926
6042,6041,5925
6043,5926,5927
6043,6042,5926
5927,5928,6043
6043,5928,6044
6046,6045,5930
5930,6045,5929
6047,5930,5931
6047,6046,5930
5931,5916,6032
5931,6032,6047
6048,6044,5928
6048,5928,5932
6049,5932,5933
6049,6048,5932
5933,5934,6049
6049,5934,6050
6052,6051,5936
5936,6051,5935
5936,5929,6045
5936,6045,6052
6053,6050,5934
6053,5934,5937
5937,5938,6053
6053,5938,6054
6056,6055,5940
5940,6055,5939
6057,5940,5941
6057,6056,5940
5941,5935,6051
5941,6051,6057
6058,6054,5938
6058,5938,5942
6059,5942,5943
6059,6058,5942
5943,5944,6059
6059,5944,6060
6062,6061,5946
5946,6061,5945
5946,5939,6055
5946,6055,6062
6063,6060,5944
6063,5944,5947
5947,5948,6063
6063,5948,6064
6061,5949,5945
6065,5949,6061
5950,6064,5948
5950,6066,6064
6068,6067,5952
5952,6067,5951
5952,5949,6065
5952,6065,6068
6069,6066,5950
6069,5950,5953
5953,5954,6069
6069,5954,6070
6072,6071,5956
5956,6071,5955
5956,5951,6067
5956,6067,6072
6073,6070,5954
6073,5954,5957
5957,5958,6073
6073,5958,6074
6071,5959,5955
6075,5959,6071
5960,6074,5958
5960,6076,6074
6078,6077,5962
5962,6077,5961
5962,5959,6075
5962,6075,6078
6079,6076,5960
6079,5960,5963
5963,5964,6079
6079,5964,6080
6077,5965,5961
6081,5965,6077
5966,6080,5964
5966,6082,6080
6081,5967,5965
6083,5967,6081
5968,6082,5966
5968,6084,6082
6083,5969,5967
6085,5969,6083
5970,6084,5968
5970,6086,6084
6085,5971,5969
6087,5971,6085
5972,6086,5970
5972,6088,6086
6087,5973,5971
6089,5973,6087
5974,6088,5972
5974,6090,6088
6089,5975,5973
6091,5975,6089
5976,6090,5974
5976,6092,6090
6091,5977,5975
6093,5977,6091
5978,6092,5976
5978,6094,6092
6093,5979,5977
6095,5979,6093
5980,6094,5978
5980,6096,6094
6095,5981,5979
6097,5981,6095
5982,6096,5980
5982,6098,6096
6097,5983,5981
6099,5983,6097
5984,6098,5982
5984,6100,6098
6099,6101,5983
5983,6101,5985
5986,5985,6101
5986,6101,6102
6104,6103,5987
6104,5987,5988
5984,5987,6100
6100,5987,6103
6102,5989,5986
6105,5989,6102
5990,6104,5988
5990,6106,6104
6105,6107,5989
5989,6107,5991
5992,5991,6107
5992,6107,6108
6110,6109,5993
6110,5993,5994
5990,5993,6106
6106,5993,6109
6108,6111,5992
5992,6111,5995
5996,5995,6111
5996,6111,6112
6114,6113,5997
6114,5997,5998
5994,5997,6110
6110,5997,6113
6112,5999,5996
6115,5999,6112
6000,6114,5998
6000,6116,6114
6115,6117,5999
5999,6117,6001
6002,6001,6117
6002,6117,6118
6120,6119,6003
6120,6003,6004
6000,6003,6116
6116,6003,6119
6118,6121,6002
6002,6121,6005
6005,6122,6006
6121,6122,6005
6007,6006,6122
6007,6122,6123
6125,6124,6008
6125,6008,6009
6008,6126,6010
6124,6126,6008
6004,6010,6120
6120,6010,6126
6123,6127,6007
6007,6127,6011
6012,6011,6127
6012,6127,6128
6130,6129,6013
6130,6013,6014
6009,6013,6125
6125,6013,6129
6128,6131,6012
6012,6131,6015
6015,6132,6016
6131,6132,6015
6017,6016,6132
6017,6132,6133
6135,6134,6018
6135,6018,6019
6018,6136,6020
6134,6136,6018
6014,6020,6130
6130,6020,6136
6133,6137,6017
6017,6137,6021
6021,6138,6022
6137,6138,6021
6022,6139,6023
6138,6139,6022
6023,6140,6024
6139,6140,6023
6024,6141,6025
6140,6141,6024
6025,6142,6026
6141,6142,6025
6026,6143,6027
6142,6143,6026
6027,6144,6028
6143,6144,6027
6028,6145,6029
6144,6145,6028
6029,6146,6030
6145,6146,6029
6030,6147,6031
6146,6147,6030
6019,6031,6135
6135,6031,6147
6149,6148,6033
6033,6148,6032
6150,6033,6034
6150,6149,6033
6151,6034,6035
6151,6150,6034
6152,6035,6036
6152,6151,6035
6153,6036,6037
6153,6152,6036
6154,6037,6038
6154,6153,6037
6155,6038,6039
6155,6154,6038
6156,6039,6040
6156,6155,6039
6157,6040,6041
6157,6156,6040
6158,6041,6042
6158,6157,6041
6159,6042,6043
6159,6158,6042
6043,6044,6159
6159,6044,6160
6162,6161,6046
6046,6161,6045
6163,6046,6047
6163,6162,6046
6047,6032,6148
6047,6148,6163
6164,6160,6044
6164,6044,6048
6165,6048,6049
6165,6164,6048
6049,6050,6165
6165,6050,6166
6168,6167,6052
6052,6167,6051
6052,6045,6161
6052,6161,6168
6169,6166,6050
6169,6050,6053
6053,6054,6169
6169,6054,6170
6172,6171,6056
6056,6171,6055
6173,6056,6057
6173,6172,6056
6057,6051,6167
6057,6167,6173
6174,6170,6054
6174,6054,6058
6175,6058,6059
6175,6174,6058
6059,6060,6175
6175,6060,6176
6178,6177,6062
6062,6177,6061
6062,6055,6171
6062,6171,6178
6179,6176,6060
6179,6060,6063
6063,6064,6179
6179,6064,6180
6177,6065,6061
6181,6065,6177
6066,6180,6064
6066,6182,6180
6184,6183,6068
6068,6183,6067
6068,6065,6181
6068,6181,6184
6185,6182,6066
6185,6066,6069
6069,6070,6185
6185,6070,6186
6188,6187,6072
6072,6187,6071
6072,6067,6183
6072,6183,6188
6189,6186,6070
6189,6070,6073
6073,6074,6189
6189,6074,6190
6187,6075,6071
6191,6075,6187
6076,6190,6074
6076,6192,6190
6194,6193,6078
6078,6193,6077
6078,6075,6191
6078,6191,6194
6195,6192,6076
6195,6076,6079
6079,6080,6195
6195,6080,6196
6193,6081,6077
6197,6081,6193
6082,6196,6080
6082,6198,6196
6197,6083,6081
6199,6083,6197
6084,6198,6082
6084,6200,6198
6199,6085,6083
6201,6085,6199
6086,6200,6084
6086,6202,6200
6201,6087,6085
6203,6087,6201
6088,6202,6086
6088,6204,6202
6203,6089,6087
6205,6089,6203
6090,6204,6088
6090,6206,6204
6205,6091,6089
6207,6091,6205
6092,6206,6090
6092,6208,6206
6207,6093,6091
6209,6093,6207
6094,6208,6092
6094,6210,6208
6209,6095,6093
6211,6095,6209
6096,6210,6094
6096,6212,6210
6211,6097,6095
6213,6097,6211
6098,6212,6096
6098,6214,6212
6213,6099,6097
6215,6099,6213
6100,6214,6098
6100,6216,6214
6215,6217,6099
6099,6217,6101
6102,6101,6217
6102,6217,6218
6220,6219,6103
6220,6103,6104
6100,6103,6216
6216,6103,6219
6218,6105,6102
6221,6105,6218
6106,6220,6104
6106,6222,6220
6221,6223,6105
6105,6223,6107
6108,6107,6223
6108,6223,6224
6226,6225,6109
6226,6109,6110
6106,6109,6222
6222,6109,6225
6224,6227,6108
6108,6227,6111
6112,6111,6227
6112,6227,6228
6230,6229,6113
6230,6113,6114
6110,6113,6226
6226,6113,6229
6228,6115,6112
6231,6115,6228
6116,6230,6114
6116,6232,6230
6231,6233,6115
6115,6233,6117
6118,6117,6233
6118,6233,6234
6236,6235,6119
6236,6119,6120
6116,6119,6232
6232,6119,6235
6234,6237,6118
6118,6237,6121
6121,6238,6122
6237,6238,6121
6123,6122,6238
6123,6238,6239
6241,6240,6124
6241,6124,6125
6124,6242,6126
6240,6242,6124
6120,6126,6236
6236,6126,6242
6239,6243,6123
6123,6243,6127
6128,6127,6243
6128,6243,6244
6246,6245,6129
6246,6129,6130
6125,6129,6241
6241,6129,6245
6244,6247,6128
6128,6247,6131
6131,6248,6132
6247,6248,6131
6133,6132,6248
6133,6248,6249
6251,6250,6134
6251,6134,6135
6134,6252,6136
6250,6252,6134
6130,6136,6246
6246,6136,6252
6249,6253,6133
6133,6253,6137
6137,6254,6138
6253,6254,6137
6138,6255,6139
6254,6255,6138
6139,6256,6140
6255,6256,6139
6140,6257,6141
6256,6257,6140
6141,6258,6142
6257,6258,6141
6142,6259,6143
6258,6259,6142
6143,6260,6144
6259,6260,6143
6144,6261,6145
6260,6261,6144
6145,6262,6146
6261,6262,6145
6146,6263,6147
6262,6263,6146
6135,6147,6251
6251,6147,6263
6265,6264,6149
6149,6264,6148
6266,6149,6150
6266,6265,6149
6267,6150,6151
6267,6266,6150
6268,6151,6152
6268,6267,6151
6269,6152,6153
6269,6268,6152
6270,6153,6154
6270,6269,6153
6271,6154,6155
6271,6270,6154
6272,6155,6156
6272,6271,6155
6273,6156,6157
6273,6272,6156
6274,6157,6158
6274,6273,6157
6275,6158,6159
6275,6274,6158
6159,6160,6275
6275,6160,6276
6278,6277,6162
6162,6277,6161
6279,6162,6163
6279,6278,6162
6163,6148,6264
6163,6264,6279
6280,6276,6160
6280,6160,6164
6281,6164,6165
6281,6280,6164
6165,6166,6281
6281,6166,6282
6284,6283,6168
6168,6283,6167
6168,6161,6277
6168,6277,6284
6285,6282,6166
6285,6166,6169
6169,6170,6285
6285,6170,6286
6288,6287,6172
6172,6287,6171
6289,6172,6173
6289,6288,6172
6173,6167,6283
6173,6283,6289
6290,6286,6170
6290,6170,6174
6291,6174,6175
6291,6290,6174
6175,6176,6291
6291,6176,6292
6294,6293,6178
6178,6293,6177
6178,6171,6287
6178,6287,6294
6295,6292,6176
6295,6176,6179
6179,6180,6295
6295,6180,6296
6293,6181,6177
6297,6181,6293
6182,6296,6180
6182,6298,6296
6300,6299,6184
6184,6299,6183
6184,6181,6297
6184,6297,6300
6301,6298,6182
6301,6182,6185
6185,6186,6301
6301,6186,6302
6304,6303,6188
6188,6303,6187
6188,6183,6299
6188,6299,6304
6305,6302,6186
6305,6186,6189
6189,6190,6305
6305,6190,6306
6303,6191,6187
6307,6191,6303
6192,6306,6190
6192,6308,6306
6310,6309,6194
6194,6309,6193
6194,6191,6307
6194,6307,6310
6311,6308,6192
6311,6192,6195
6195,6196,6311
6311,6196,6312
6309,6197,6193
6313,6197,6309
6198,6312,6196
6198,6314,6312
6313,6199,6197
6315,6199,6313
6200,6314,6198
6200,6316,6314
6315,6201,6199
6317,6201,6315
6202,6316,6200
6202,6318,6316
6317,6203,6201
6319,6203,6317
6204,6318,6202
6204,6320,6318
6319,6205,6203
6321,6205,6319
6206,6320,6204
6206,6322,6320
6321,6207,6205
6323,6207,6321
6208,6322,6206
6208,6324,6322
6323,6209,6207
6325,6209,6323
6210,6324,6208
6210,6326,6324
6325,6211,6209
6327,6211,6325
6212,6326,6210
6212,6328,6326
6327,6213,6211
6329,6213,6327
6214,6328,6212
6214,6330,6328
6329,6215,6213
6331,6215,6329
6216,6330,6214
6216,6332,6330
6331,6333,6215
6215,6333,6217
6218,6217,6333
6218,6333,6334
6336,6335,6219
6336,6219,6220
6216,6219,6332
6332,6219,6335
6334,6221,6218
6337,6221,6334
6222,6336,6220
6222,6338,6336
6337,6339,6221
6221,6339,6223
6224,6223,6339
6224,6339,6340
6342,6341,6225
6342,6225,6226
6222,6225,6338
6338,6225,6341
6340,6343,6224
6224,6343,6227
6228,6227,6343
6228,6343,6344
6346,6345,6229
6346,6229,6230
6226,6229,6342
6342,6229,6345
6344,6231,6228
6347,6231,6344
6232,6346,6230
6232,6348,6346
6347,6349,6231
6231,6349,6233
6234,6233,6349
6234,6349,6350
6352,6351,6235
6352,6235,6236
6232,6235,6348
6348,6235,6351
6350,6353,6234
6234,6353,6237
6237,6354,6238
6353,6354,6237
6239,6238,6354
6239,6354,6355
6357,6356,6240
6357,6240,6241
6240,6358,6242
6356,6358,6240
6236,6242,6352
6352,6242,6358
6355,6359,6239
6239,6359,6243
6244,6243,6359
6244,6359,6360
6362,6361,6245
6362,6245,6246
6241,6245,6357
6357,6245,6361
6360,6363,6244
6244,6363,6247
6247,6364,6248
6363,6364,6247
6249,6248,6364
6249,6364,6365
6367,6366,6250
6367,6250,6251
6250,6368,6252
6366,6368,6250
6246,6252,6362
6362,6252,6368
6365,6369,6249
6249,6369,6253
6253,6370,6254
6369,6370,6253
6254,6371,6255
6370,6371,6254
6255,6372,6256
6371,6372,6255
6256,6373,6257
6372,6373,6256
6257,6374,6258
6373,6374,6257
6258,6375,6259
6374,6375,6258
6259,6376,6260
6375,6376,6259
6260,6377,6261
6376,6377,6260
6261,6378,6262
6377,6378,6261
6262,6379,6263
6378,6379,6262
6251,6263,6367
6367,6263,6379
6381,6380,6265
6265,6380,6264
6382,6265,6266
6382,6381,6265
6383,6266,6267
6383,6382,6266
6384,6267,6268
6384,6383,6267
6385,6268,6269
6385,6384,6268
6386,6269,6270
6386,6385,6269
6387,6270,6271
6387,6386,6270
6388,6271,6272
6388,6387,6271
6389,6272,6273
6389,6388,6272
6390,6273,6274
6390,6389,6273
6391,6274,6275
6391,6390,6274
6275,6276,6391
6391,6276,6392
6394,6393,6278
6278,6393,6277
6395,6278,6279
6395,6394,6278
6279,6264,6380
6279,6380,6395
6396,6392,6276
6396,6276,6280
6397,6280,6281
6397,6396,6280
6281,6282,6397
6397,6282,6398
6400,6399,6284
6284,6399,6283
6284,6277,6393
6284,6393,6400
6401,6398,6282
6401,6282,6285
6285,6286,6401
6401,6286,6402
6404,6403,6288
6288,6403,6287
6405,6288,6289
6405,6404,6288
6289,6283,6399
6289,6399,6405
6406,6402,6286
6406,6286,6290
6407,6290,6291
6407,6406,6290
6291,6292,6407
6407,6292,6408
6410,6409,6294
6294,6409,6293
6294,6287,6403
6294,6403,6410
6411,6408,6292
6411,6292,6295
6295,6296,6411
6411,6296,6412
6409,6297,6293
6413,6297,6409
6298,6412,6296
6298,6414,6412
6416,6415,6300
6300,6415,6299
6300,6297,6413
6300,6413,6416
6417,6414,6298
6417,6298,6301
6301,6302,6417
6417,6302,6418
6420,6419,6304
6304,6419,6303
6304,6299,6415
6304,6415,6420
6421,6418,6302
6421,6302,6305
6305,6306,6421
6421,6306,6422
6419,6307,6303
6423,6307,6419
6308,6422,6306
6308,6424,6422
6426,6425,6310
6310,6425,6309
6310,6307,6423
6310,6423,6426
6427,6424,6308
6427,6308,6311
6311,6312,6427
6427,6312,6428
6425,6313,6309
6429,6313,6425
6314,6428,6312
6314,6430,6428
6429,6315,6313
6431,6315,6429
6316,6430,6314
6316,6432,6430
6431,6317,6315
6433,6317,6431
6318,6432,6316
6318,6434,6432
6433,6319,6317
6435,6319,6433
6320,6434,6318
6320,6436,6434
6435,6321,6319
6437,6321,6435
6322,6436,6320
6322,6438,6436
6437,6323,6321
6439,6323,6437
6324,6438,6322
6324,6440,6438
6439,6325,6323
6441,6325,6439
6326,6440,6324
6326,6442,6440
6441,6327,6325
6443,6327,6441
6328,6442,6326
6328,6444,6442
6443,6329,6327
6445,6329,6443
6330,6444,6328
6330,6446,6444
6445,6331,6329
6447,6331,6445
6332,6446,6330
6332,6448,6446
6447,6449,6331
6331,6449,6333
6334,6333,6449
6334,6449,6450
6452,6451,6335
6452,6335,6336
6332,6335,6448
6448,6335,6451
6450,6337,6334
6453,6337,6450
6338,6452,6336
6338,6454,6452
6453,6455,6337
6337,6455,6339
6340,6339,6455
6340,6455,6456
6458,6457,6341
6458,6341,6342
6338,6341,6454
6454,6341,6457
6456,6459,6340
6340,6459,6343
6344,6343,6459
6344,6459,6460
6462,6461,6345
6462,6345,6346
6342,6345,6458
6458,6345,6461
6460,6347,6344
6463,6347,6460
6348,6462,6346
6348,6464,6462
6463,6465,6347
6347,6465,6349
6350,6349,6465
6350,6465,6466
6468,6467,6351
6468,6351,6352
6348,6351,6464
6464,6351,6467
6466,6469,6350
6350,6469,6353
6353,6470,6354
6469,6470,6353
6355,6354,6470
6355,6470,6471
6473,6472,6356
6473,6356,6357
6356,6474,6358
6472,6474,6356
6352,6358,6468
6468,6358,6474
6471,6475,6355
6355,6475,6359
6360,6359,6475
6360,6475,6476
6478,6477,6361
6478,6361,6362
6357,6361,6473
6473,6361,6477
6476,6479,6360
6360,6479,6363
6363,6480,6364
6479,6480,6363
6365,6364,6480
6365,6480,6481
6483,6482,6366
6483,6366,6367
6366,6484,6368
6482,6484,6366
6362,6368,6478
6478,6368,6484
6481,6485,6365
6365,6485,6369
6369,6486,6370
6485,6486,6369
6370,6487,6371
6486,6487,6370
6371,6488,6372
6487,6488,6371
6372,6489,6373
6488,6489,6372
6373,6490,6374
6489,6490,6373
6374,6491,6375
6490,6491,6374
6375,6492,6376
6491,6492,6375
6376,6493,6377
6492,6493,6376
6377,6494,6378
6493,6494,6377
6378,6495,6379
6494,6495,6378
6367,6379,6483
6483,6379,6495
6497,6496,6381
6381,6496,6380
6498,6381,6382
6498,6497,6381
6499,6382,6383
6499,6498,6382
6500,6383,6384
6500,6499,6383
6501,6384,6385
6501,6500,6384
6502,6385,6386
6502,6501,6385
6503,6386,6387
6503,6502,6386
6504,6387,6388
6504,6503,6387
6505,6388,6389
6505,6504,6388
6506,6389,6390
6506,6505,6389
6507,6390,6391
6507,6506,6390
6391,6392,6507
6507,6392,6508
6510,6509,6394
6394,6509,6393
6511,6394,6395
6511,6510,6394
6395,6380,6496
6395,6496,6511
6512,6508,6392
6512,6392,6396
6513,6396,6397
6513,6512,6396
6397,6398,6513
6513,6398,6514
6516,6515,6400
6400,6515,6399
6400,6393,6509
6400,6509,6516
6517,6514,6398
6517,6398,6401
6401,6402,6517
6517,6402,6518
6520,6519,6404
6404,6519,6403
6521,6404,6405
6521,6520,6404
6405,6399,6515
6405,6515,6521
6522,6518,6402
6522,6402,6406
6523,6406,6407
6523,6522,6406
6407,6408,6523
6523,6408,6524
6526,6525,6410
6410,6525,6409
6410,6403,6519
6410,6519,6526
6527,6524,6408
6527,6408,6411
6411,6412,6527
6527,6412,6528
6525,6413,6409
6529,6413,6525
6414,6528,6412
6414,6530,6528
6532,6531,6416
6416,6531,6415
6416,6413,6529
6416,6529,6532
6533,6530,6414
6533,6414,6417
6417,6418,6533
6533,6418,6534
6536,6535,6420
6420,6535,6419
6420,6415,6531
6420,6531,6536
6537,6534,6418
6537,6418,6421
6421,6422,6537
6537,6422,6538
6535,6423,6419
6539,6423,6535
6424,6538,6422
6424,6540,6538
6542,6541,6426
6426,6541,6425
6426,6423,6539
6426,6539,6542
6543,6540,6424
6543,6424,6427
6427,6428,6543
6543,6428,6544
6541,6429,6425
6545,6429,6541
6430,6544,6428
6430,6546,6544
6545,6431,6429
6547,6431,6545
6432,6546,6430
6432,6548,6546
6547,6433,6431
6549,6433,6547
6434,6548,6432
6434,6550,6548
6549,6435,6433
6551,6435,6549
6436,6550,6434
6436,6552,6550
6551,6437,6435
6553,6437,6551
6438,6552,6436
6438,6554,6552
6553,6439,6437
6555,6439,6553
6440,6554,6438
6440,6556,6554
6555,6441,6439
6557,6441,6555
6442,6556,6440
6442,6558,6556
6557,6443,6441
6559,6443,6557
6444,6558,6442
6444,6560,6558
6559,6445,6443
6561,6445,6559
6446,6560,6444
6446,6562,6560
6561,6447,6445
6563,6447,6561
6448,6562,6446
6448,6564,6562
6563,6565,6447
6447,6565,6449
6450,6449,6565
6450,6565,6566
6568,6567,6451
6568,6451,6452
6448,6451,6564
6564,6451,6567
6566,6453,6450
6569,6453,6566
6454,6568,6452
6454,6570,6568
6569,6571,6453
6453,6571,6455
6456,6455,6571
6456,6571,6572
6574,6573,6457
6574,6457,6458
6454,6457,6570
6570,6457,6573
6572,6575,6456
6456,6575,6459
6460,6459,6575
6460,6575,6576
6578,6577,6461
6578,6461,6462
6458,6461,6574
6574,6461,6577
6576,6463,6460
6579,6463,6576
6464,6578,6462
6464,6580,6578
6579,6581,6463
6463,6581,6465
6466,6465,6581
6466,6581,6582
6584,6583,6467
6584,6467,6468
6464,6467,6580
6580,6467,6583
6582,6585,6466
6466,6585,6469
6469,6586,6470
6585,6586,6469
6471,6470,6586
6471,6586,6587
6589,6588,6472
6589,6472,6473
6472,6590,6474
6588,6590,6472
6468,6474,6584
6584,6474,6590
6587,6591,6471
6471,6591,6475
6476,6475,6591
6476,6591,6592
6594,6593,6477
6594,6477,6478
6473,6477,6589
6589,6477,6593
6592,6595,6476
6476,6595,6479
6479,6596,6480
6595,6596,6479
6481,6480,6596
6481,6596,6597
6599,6598,6482
6599,6482,6483
6482,6600,6484
6598,6600,6482
6478,6484,6594
6594,6484,6600
6597,6601,6481
6481,6601,6485
6485,6602,6486
6601,6602,6485
6486,6603,6487
6602,6603,6486
6487,6604,6488
6603,6604,6487
6488,6605,6489
6604,6605,6488
6489,6606,6490
6605,6606,6489
6490,6607,6491
6606,6607,6490
6491,6608,6492
6607,6608,6491
6492,6609,6493
6608,6609,6492
6493,6610,6494
6609,6610,6493
6494,6611,6495
6610,6611,6494
6483,6495,6599
6599,6495,6611
6613,6612,6497
6497,6612,6496
6614,6497,6498
6614,6613,6497
6615,6498,6499
6615,6614,6498
6616,6499,6500
6616,6615,6499
6617,6500,6501
6617,6616,6500
6618,6501,6502
6618,6617,6501
6619,6502,6503
6619,6618,6502
6620,6503,6504
6620,6619,6503
6621,6504,6505
6621,6620,6504
6622,6505,6506
6622,6621,6505
6623,6506,6507
6623,6622,6506
6507,6508,6623
6623,6508,6624
6626,6625,6510
6510,6625,6509
6627,6510,6511
6627,6626,6510
6511,6496,6612
6511,6612,6627
6628,6624,6508
6628,6508,6512
6629,6512,6513
6629,6628,6512
6513,6514,6629
6629,6514,6630
6632,6631,6516
6516,6631,6515
6516,6509,6625
6516,6625,6632
6633,6630,6514
6633,6514,6517
6517,6518,6633
6633,6518,6634
6636,6635,6520
6520,6635,6519
6637,6520,6521
6637,6636,6520
6521,6515,6631
6521,6631,6637
6638,6634,6518
6638,6518,6522
6639,6522,6523
6639,6638,6522
6523,6524,6639
6639,6524,6640
6642,6641,6526
6526,6641,6525
6526,6519,6635
6526,6635,6642
6643,6640,6524
6643,6524,6527
6527,6528,6643
6643,6528,6644
6641,6529,6525
6645,6529,6641
6530,6644,6528
6530,6646,6644
6648,6647,6532
6532,6647,6531
6532,6529,6645
6532,6645,6648
6649,6646,6530
6649,6530,6533
6533,6534,6649
6649,6534,6650
6652,6651,6536
6536,6651,6535
6536,6531,6647
6536,6647,6652
6653,6650,6534
6653,6534,6537
6537,6538,6653
6653,6538,6654
6651,6539,6535
6655,6539,6651
6540,6654,6538
6540,6656,6654
6658,6657,6542
6542,6657,6541
6542,6539,6655
6542,6655,6658
6659,6656,6540
6659,6540,6543
6543,6544,6659
6659,6544,6660
6657,6545,6541
6661,6545,6657
6546,6660,6544
6546,6662,6660
6661,6547,6545
6663,6547,6661
6548,6662,6546
6548,6664,6662
6663,6549,6547
6665,6549,6663
6550,6664,6548
6550,6666,6664
6665,6551,6549
6667,6551,6665
6552,6666,6550
6552,6668,6666
6667,6553,6551
6669,6553,6667
6554,6668,6552
6554,6670,6668
6669,6555,6553
6671,6555,6669
6556,6670,6554
6556,6672,6670
6671,6557,6555
6673,6557,6671
6558,6672,6556
6558,6674,6672
6673,6559,6557
6675,6559,6673
6560,6674,6558
6560,6676,6674
6675,6561,6559
6677,6561,6675
6562,6676,6560
6562,6678,6676
6677,6563,6561
6679,6563,6677
6564,6678,6562
6564,6680,6678
6679,6681,6563
6563,6681,6565
6566,6565,6681
6566,6681,6682
6684,6683,6567
6684,6567,6568
6564,6567,6680
6680,6567,6683
6682,6569,6566
6685,6569,6682
6570,6684,6568
6570,6686,6684
6685,6687,6569
6569,6687,6571
6572,6571,6687
6572,6687,6688
6690,6689,6573
6690,6573,6574
6570,6573,6686
6686,6573,6689
6688,6691,6572
6572,6691,6575
6576,6575,6691
6576,6691,6692
6694,6693,6577
6694,6577,6578
6574,6577,6690
6690,6577,6693
6692,6579,6576
6695,6579,6692
6580,6694,6578
6580,6696,6694
6695,6697,6579
6579,6697,6581
6582,6581,6697
6582,6697,6698
6700,6699,6583
6700,6583,6584
6580,6583,6696
6696,6583,6699
6698,6701,6582
6582,6701,6585
6585,6702,6586
6701,6702,6585
6587,6586,6702
6587,6702,6703
6705,6704,6588
6705,6588,6589
6588,6706,6590
6704,6706,6588
6584,6590,6700
6700,6590,6706
6703,6707,6587
6587,6707,6591
6592,6591,6707
6592,6707,6708
6710,6709,6593
6710,6593,6594
6589,6593,6705
6705,6593,6709
6708,6711,6592
6592,6711,6595
6595,6712,6596
6711,6712,6595
6597,6596,6712
6597,6712,6713
6715,6714,6598
6715,6598,6599
6598,6716,6600
6714,6716,6598
6594,6600,6710
6710,6600,6716
6713,6717,6597
6597,6717,6601
6601,6718,6602
6717,6718,6601
6602,6719,6603
6718,6719,6602
6603,6720,6604
6719,6720,6603
6604,6721,6605
6720,6721,6604
6605,6722,6606
6721,6722,6605
6606,6723,6607
6722,6723,6606
6607,6724,6608
6723,6724,6607
6608,6725,6609
6724,6725,6608
6609,6726,6610
6725,6726,6609
6610,6727,6611
6726,6727,6610
6599,6611,6715
6715,6611,6727
6729,6728,6613
6613,6728,6612
6730,6613,6614
6730,6729,6613
6731,6614,6615
6731,6730,6614
6732,6615,6616
6732,6731,6615
6733,6616,6617
6733,6732,6616
6734,6617,6618
6734,6733,6617
6735,6618,6619
6735,6734,6618
6736,6619,6620
6736,6735,6619
6737,6620,6621
6737,6736,6620
6738,6621,6622
6738,6737,6621
6739,6622,6623
6739,6738,6622
6623,6624,6739
6739,6624,6740
6742,6741,6626
6626,6741,6625
6743,6626,6627
6743,6742,6626
6627,6612,6728
6627,6728,6743
6744,6740,6624
6744,6624,6628
6745,6628,6629
6745,6744,6628
6629,6630,6745
6745,6630,6746
6748,6747,6632
6632,6747,6631
6632,6625,6741
6632,6741,6748
6749,6746,6630
6749,6630,6633
6633,6634,6749
6749,6634,6750
6752,6751,6636
6636,6751,6635
6753,6636,6637
6753,6752,6636
6637,6631,6747
6637,6747,6753
6754,6750,6634
6754,6634,6638
6755,6638,6639
6755,6754,6638
6639,6640,6755
6755,6640,6756
6758,6757,6642
6642,6757,6641
6642,6635,6751
6642,6751,6758
6759,6756,6640
6759,6640,6643
6643,6644,6759
6759,6644,6760
6757,6645,6641
6761,6645,6757
6646,6760,6644
6646,6762,6760
6764,6763,6648
6648,6763,6647
6648,6645,6761
6648,6761,6764
6765,6762,6646
6765,6646,6649
6649,6650,6765
6765,6650,6766
6768,6767,6652
6652,6767,6651
6652,6647,6763
6652,6763,6768
6769,6766,6650
6769,6650,6653
6653,6654,6769
6769,6654,6770
6767,6655,6651
6771,6655,6767
6656,6770,6654
6656,6772,6770
6774,6773,6658
6658,6773,6657
6658,6655,6771
6658,6771,6774
6775,6772,6656
6775,6656,6659
6659,6660,6775
6775,6660,6776
6773,6661,6657
6777,6661,6773
6662,6776,6660
6662,6778,6776
6777,6663,6661
6779,6663,6777
6664,6778,6662
6664,6780,6778
6779,6665,6663
6781,6665,6779
6666,6780,6664
6666,6782,6780
6781,6667,6665
6783,6667,6781
6668,6782,6666
6668,6784,6782
6783,6669,6667
6785,6669,6783
6670,6784,6668
6670,6786,6784
6785,6671,6669
6787,6671,6785
6672,6786,6670
6672,6788,6786
6787,6673,6671
6789,6673,6787
6674,6788,6672
6674,6790,6788
6789,6675,6673
6791,6675,6789
6676,6790,6674
6676,6792,6790
6791,6677,6675
6793,6677,6791
6678,6792,6676
6678,6794,6792
6793,6679,6677
6795,6679,6793
6680,6794,6678
6680,6796,6794
6795,6797,6679
6679,6797,6681
6682,6681,6797
6682,6797,6798
6800,6799,6683
6800,6683,6684
6680,6683,6796
6796,6683,6799
6798,6685,6682
6801,6685,6798
6686,6800,6684
6686,6802,6800
6801,6803,6685
6685,6803,6687
6688,6687,6803
6688,6803,6804
6806,6805,6689
6806,6689,6690
6686,6689,6802
6802,6689,6805
6804,6807,6688
6688,6807,6691
6692,6691,6807
6692,6807,6808
6810,6809,6693
6810,6693,6694
6690,6693,6806
6806,6693,6809
6808,6695,6692
6811,6695,6808
6696,6810,6694
6696,6812,6810
6811,6813,6695
6695,6813,6697
6698,6697,6813
6698,6813,6814
6816,6815,6699
6816,6699,6700
6696,6699,6812
6812,6699,6815
6814,6817,6698
6698,6817,6701
6701,6818,6702
6817,6818,6701
6703,6702,6818
6703,6818,6819
6821,6820,6704
6821,6704,6705
6704,6822,6706
6820,6822,6704
6700,6706,6816
6816,6706,6822
6819,6823,6703
6703,6823,6707
6708,6707,6823
6708,6823,6824
6826,6825,6709
6826,6709,6710
6705,6709,6821
6821,6709,6825
6824,6827,6708
6708,6827,6711
6711,6828,6712
6827,6828,6711
6713,6712,6828
6713,6828,6829
6831,6830,6714
6831,6714,6715
6714,6832,6716
6830,6832,6714
6710,6716,6826
6826,6716,6832
6829,6833,6713
6713,6833,6717
6717,6834,6718
6833,6834,6717
6718,6835,6719
6834,6835,6718
6719,6836,6720
6835,6836,6719
6720,6837,6721
6836,6837,6720
6721,6838,6722
6837,6838,6721
6722,6839,6723
6838,6839,6722
6723,6840,6724
6839,6840,6723
6724,6841,6725
6840,6841,6724
6725,6842,6726
6841,6842,6725
6726,6843,6727
6842,6843,6726
6715,6727,6831
6831,6727,6843
6845,6844,6729
6729,6844,6728
6846,6729,6730
6846,6845,6729
6847,6730,6731
6847,6846,6730
6848,6731,6732
6848,6847,6731
6849,6732,6733
6849,6848,6732
6850,6733,6734
6850,6849,6733
6851,6734,6735
6851,6850,6734
6852,6735,6736
6852,6851,6735
6853,6736,6737
6853,6852,6736
6854,6737,6738
6854,6853,6737
6855,6738,6739
6855,6854,6738
6739,6740,6855
6855,6740,6856
6858,6857,6742
6742,6857,6741
6859,6742,6743
6859,6858,6742
6743,6728,6844
6743,6844,6859
6860,6856,6740
6860,6740,6744
6861,6744,6745
6861,6860,6744
6745,6746,6861
6861,6746,6862
6864,6863,6748
6748,6863,6747
6748,6741,6857
6748,6857,6864
6865,6862,6746
6865,6746,6749
6749,6750,6865
6865,6750,6866
6868,6867,6752
6752,6867,6751
6869,6752,6753
6869,6868,6752
6753,6747,6863
6753,6863,6869
6870,6866,6750
6870,6750,6754
6871,6754,6755
6871,6870,6754
6755,6756,6871
6871,6756,6872
6874,6873,6758
6758,6873,6757
6758,6751,6867
6758,6867,6874
6875,6872,6756
6875,6756,6759
6759,6760,6875
6875,6760,6876
6873,6761,6757
6877,6761,6873
6762,6876,6760
6762,6878,6876
6880,6879,6764
6764,6879,6763
6764,6761,6877
6764,6877,6880
6881,6878,6762
6881,6762,6765
6765,6766,6881
6881,6766,6882
6884,6883,6768
6768,6883,6767
6768,6763,6879
6768,6879,6884
6885,6882,6766
6885,6766,6769
6769,6770,6885
6885,6770,6886
6883,6771,6767
6887,6771,6883
6772,6886,6770
6772,6888,6886
6890,6889,6774
6774,6889,6773
6774,6771,6887
6774,6887,6890
6891,6888,6772
6891,6772,6775
6775,6776,6891
6891,6776,6892
6889,6777,6773
6893,6777,6889
6778,6892,6776
6778,6894,6892
6893,6779,6777
6895,6779,6893
6780,6894,6778
6780,6896,6894
6895,6781,6779
6897,6781,6895
6782,6896,6780
6782,6898,6896
6897,6783,6781
6899,6783,6897
6784,6898,6782
6784,6900,6898
6899,6785,6783
6901,6785,6899
6786,6900,6784
6786,6902,6900
6901,6787,6785
6903,6787,6901
6788,6902,6786
6788,6904,6902
6903,6789,6787
6905,6789,6903
6790,6904,6788
6790,6906,6904
6905,6791,6789
6907,6791,6905
6792,6906,6790
6792,6908,6906
6907,6793,6791
6909,6793,6907
6794,6908,6792
6794,6910,6908
6909,6795,6793
6911,6795,6909
6796,6910,6794
6796,6912,6910
6911,6913,6795
6795,6913,6797
6798,6797,6913
6798,6913,6914
6916,6915,6799
6916,6799,6800
6796,6799,6912
6912,6799,6915
6914,6801,6798
6917,6801,6914
6802,6916,6800
6802,6918,6916
6917,6919,6801
6801,6919,6803
6804,6803,6919
6804,6919,6920
6922,6921,6805
6922,6805,6806
6802,6805,6918
6918,6805,6921
6920,6923,6804
6804,6923,6807
6808,6807,6923
6808,6923,6924
6926,6925,6809
6926,6809,6810
6806,6809,6922
6922,6809,6925
6924,6811,6808
6927,6811,6924
6812,6926,6810
6812,6928,6926
6927,6929,6811
6811,6929,6813
6814,6813,6929
6814,6929,6930
6932,6931,6815
6932,6815,6816
6812,6815,6928
6928,6815,6931
6930,6933,6814
6814,6933,6817
6817,6934,6818
6933,6934,6817
6819,6818,6934
6819,6934,6935
6937,6936,6820
6937,6820,6821
6820,6938,6822
6936,6938,6820
6816,6822,6932
6932,6822,6938
6935,6939,6819
6819,6939,6823
6824,6823,6939
6824,6939,6940
6942,6941,6825
6942,6825,6826
6821,6825,6937
6937,6825,6941
6940,6943,6824
6824,6943,6827
6827,6944,6828
6943,6944,6827
6829,6828,6944
6829,6944,6945
6947,6946,6830
6947,6830,6831
6830,6948,6832
6946,6948,6830
6826,6832,6942
6942,6832,6948
6945,6949,6829
6829,6949,6833
6833,6950,6834
6949,6950,6833
6834,6951,6835
6950,6951,6834
6835,6952,6836
6951,6952,6835
6836,6953,6837
6952,6953,6836
6837,6954,6838
6953,6954,6837
6838,6955,6839
6954,6955,6838
6839,6956,6840
6955,6956,6839
6840,6957,6841
6956,6957,6840
6841,6958,6842
6957,6958,6841
6842,6959,6843
6958,6959,6842
6831,6843,6947
6947,6843,6959
