0.000000000000000000e+00,2.500000000000000000e+01,1.588609981536865234e+01
1.000000000000000000e+00,2.500000000000000000e+01,1.588609981536865234e+01
1.000000000000000000e+00,2.472319984436035156e+01,1.600000000000000000e+01
0.000000000000000000e+00,2.472319984436035156e+01,1.600000000000000000e+01
2.000000000000000000e+00,2.500000000000000000e+01,1.588609981536865234e+01
2.000000000000000000e+00,2.472319984436035156e+01,1.600000000000000000e+01
3.000000000000000000e+00,2.500000000000000000e+01,1.588609981536865234e+01
3.000000000000000000e+00,2.472319984436035156e+01,1.600000000000000000e+01
4.000000000000000000e+00,2.500000000000000000e+01,1.588609981536865234e+01
4.000000000000000000e+00,2.472319984436035156e+01,1.600000000000000000e+01
5.000000000000000000e+00,2.500000000000000000e+01,1.588609981536865234e+01
5.000000000000000000e+00,2.472319984436035156e+01,1.600000000000000000e+01
6.000000000000000000e+00,2.500000000000000000e+01,1.588609981536865234e+01
6.000000000000000000e+00,2.472319984436035156e+01,1.600000000000000000e+01
7.000000000000000000e+00,2.500000000000000000e+01,1.588609981536865234e+01
7.000000000000000000e+00,2.472319984436035156e+01,1.600000000000000000e+01
8.000000000000000000e+00,2.500000000000000000e+01,1.588609981536865234e+01
8.000000000000000000e+00,2.472319984436035156e+01,1.600000000000000000e+01
9.000000000000000000e+00,2.500000000000000000e+01,1.588609981536865234e+01
9.000000000000000000e+00,2.472319984436035156e+01,1.600000000000000000e+01
1.000000000000000000e+01,2.500000000000000000e+01,1.588609981536865234e+01
1.000000000000000000e+01,2.472319984436035156e+01,1.600000000000000000e+01
1.100000000000000000e+01,2.500000000000000000e+01,1.588609981536865234e+01
1.100000000000000000e+01,2.472319984436035156e+01,1.600000000000000000e+01
1.200000000000000000e+01,2.500000000000000000e+01,1.588609981536865234e+01
1.200000000000000000e+01,2.472319984436035156e+01,1.600000000000000000e+01
1.300000000000000000e+01,2.500000000000000000e+01,1.588609981536865234e+01
1.300000000000000000e+01,2.472319984436035156e+01,1.600000000000000000e+01
1.400000000000000000e+01,2.500000000000000000e+01,1.588609981536865234e+01
1.400000000000000000e+01,2.472319984436035156e+01,1.600000000000000000e+01
1.500000000000000000e+01,2.500000000000000000e+01,1.588609981536865234e+01
1.500000000000000000e+01,2.472319984436035156e+01,1.600000000000000000e+01
1.600000000000000000e+01,2.500000000000000000e+01,1.588609981536865234e+01
1.600000000000000000e+01,2.472319984436035156e+01,1.600000000000000000e+01
1.700000000000000000e+01,2.500000000000000000e+01,1.588609981536865234e+01
1.700000000000000000e+01,2.472319984436035156e+01,1.600000000000000000e+01
1.800000000000000000e+01,2.500000000000000000e+01,1.588609981536865234e+01
1.800000000000000000e+01,2.472319984436035156e+01,1.600000000000000000e+01
1.900000000000000000e+01,2.500000000000000000e+01,1.588609981536865234e+01
1.900000000000000000e+01,2.472319984436035156e+01,1.600000000000000000e+01
2.000000000000000000e+01,2.500000000000000000e+01,1.588609981536865234e+01
2.000000000000000000e+01,2.472319984436035156e+01,1.600000000000000000e+01
2.100000000000000000e+01,2.500000000000000000e+01,1.588609981536865234e+01
2.100000000000000000e+01,2.472319984436035156e+01,1.600000000000000000e+01
2.200000000000000000e+01,2.500000000000000000e+01,1.588609981536865234e+01
2.200000000000000000e+01,2.472319984436035156e+01,1.600000000000000000e+01
2.300000000000000000e+01,2.500000000000000000e+01,1.588609981536865234e+01
2.300000000000000000e+01,2.472319984436035156e+01,1.600000000000000000e+01
2.400000000000000000e+01,2.500000000000000000e+01,1.588609981536865234e+01
2.400000000000000000e+01,2.472319984436035156e+01,1.600000000000000000e+01
2.500000000000000000e+01,2.500000000000000000e+01,1.588609981536865234e+01
2.500000000000000000e+01,2.472319984436035156e+01,1.600000000000000000e+01
2.600000000000000000e+01,2.500000000000000000e+01,1.588609981536865234e+01
2.600000000000000000e+01,2.472319984436035156e+01,1.600000000000000000e+01
2.700000000000000000e+01,2.500000000000000000e+01,1.588609981536865234e+01
2.700000000000000000e+01,2.472319984436035156e+01,1.600000000000000000e+01
2.800000000000000000e+01,2.500000000000000000e+01,1.588609981536865234e+01
2.800000000000000000e+01,2.472319984436035156e+01,1.600000000000000000e+01
2.900000000000000000e+01,2.500000000000000000e+01,1.588609981536865234e+01
2.900000000000000000e+01,2.472319984436035156e+01,1.600000000000000000e+01
3.000000000000000000e+01,2.500000000000000000e+01,1.588609981536865234e+01
3.000000000000000000e+01,2.472319984436035156e+01,1.600000000000000000e+01
3.100000000000000000e+01,2.500000000000000000e+01,1.588609981536865234e+01
3.100000000000000000e+01,2.472319984436035156e+01,1.600000000000000000e+01
3.200000000000000000e+01,2.500000000000000000e+01,1.588609981536865234e+01
3.200000000000000000e+01,2.472319984436035156e+01,1.600000000000000000e+01
3.300000000000000000e+01,2.500000000000000000e+01,1.588609981536865234e+01
3.300000000000000000e+01,2.472319984436035156e+01,1.600000000000000000e+01
3.400000000000000000e+01,2.500000000000000000e+01,1.588609981536865234e+01
3.400000000000000000e+01,2.472319984436035156e+01,1.600000000000000000e+01
3.500000000000000000e+01,2.500000000000000000e+01,1.588609981536865234e+01
3.500000000000000000e+01,2.472319984436035156e+01,1.600000000000000000e+01
3.600000000000000000e+01,2.500000000000000000e+01,1.588609981536865234e+01
3.600000000000000000e+01,2.472319984436035156e+01,1.600000000000000000e+01
3.700000000000000000e+01,2.500000000000000000e+01,1.588609981536865234e+01
3.700000000000000000e+01,2.472319984436035156e+01,1.600000000000000000e+01
3.800000000000000000e+01,2.500000000000000000e+01,1.588609981536865234e+01
3.800000000000000000e+01,2.472319984436035156e+01,1.600000000000000000e+01
3.900000000000000000e+01,2.500000000000000000e+01,1.588609981536865234e+01
3.900000000000000000e+01,2.472319984436035156e+01,1.600000000000000000e+01
4.000000000000000000e+01,2.500000000000000000e+01,1.588609981536865234e+01
4.000000000000000000e+01,2.472319984436035156e+01,1.600000000000000000e+01
4.100000000000000000e+01,2.500000000000000000e+01,1.588609981536865234e+01
4.100000000000000000e+01,2.472319984436035156e+01,1.600000000000000000e+01
4.200000000000000000e+01,2.500000000000000000e+01,1.588609981536865234e+01
4.200000000000000000e+01,2.472319984436035156e+01,1.600000000000000000e+01
4.300000000000000000e+01,2.500000000000000000e+01,1.588609981536865234e+01
4.300000000000000000e+01,2.472319984436035156e+01,1.600000000000000000e+01
4.400000000000000000e+01,2.500000000000000000e+01,1.588609981536865234e+01
4.400000000000000000e+01,2.472319984436035156e+01,1.600000000000000000e+01
4.500000000000000000e+01,2.500000000000000000e+01,1.588609981536865234e+01
4.500000000000000000e+01,2.472319984436035156e+01,1.600000000000000000e+01
4.600000000000000000e+01,2.500000000000000000e+01,1.588609981536865234e+01
4.600000000000000000e+01,2.472319984436035156e+01,1.600000000000000000e+01
4.700000000000000000e+01,2.500000000000000000e+01,1.588609981536865234e+01
4.700000000000000000e+01,2.472319984436035156e+01,1.600000000000000000e+01
4.800000000000000000e+01,2.500000000000000000e+01,1.588609981536865234e+01
4.800000000000000000e+01,2.472319984436035156e+01,1.600000000000000000e+01
4.900000000000000000e+01,2.500000000000000000e+01,1.588609981536865234e+01
4.900000000000000000e+01,2.472319984436035156e+01,1.600000000000000000e+01
5.000000000000000000e+01,2.500000000000000000e+01,1.588609981536865234e+01
5.000000000000000000e+01,2.472319984436035156e+01,1.600000000000000000e+01
5.100000000000000000e+01,2.500000000000000000e+01,1.588609981536865234e+01
5.100000000000000000e+01,2.472319984436035156e+01,1.600000000000000000e+01
5.200000000000000000e+01,2.500000000000000000e+01,1.588609981536865234e+01
5.200000000000000000e+01,2.472319984436035156e+01,1.600000000000000000e+01
5.300000000000000000e+01,2.500000000000000000e+01,1.588609981536865234e+01
5.300000000000000000e+01,2.472319984436035156e+01,1.600000000000000000e+01
5.400000000000000000e+01,2.500000000000000000e+01,1.588609981536865234e+01
5.400000000000000000e+01,2.472319984436035156e+01,1.600000000000000000e+01
5.500000000000000000e+01,2.500000000000000000e+01,1.588609981536865234e+01
5.500000000000000000e+01,2.472319984436035156e+01,1.600000000000000000e+01
5.600000000000000000e+01,2.500000000000000000e+01,1.588609981536865234e+01
5.600000000000000000e+01,2.472319984436035156e+01,1.600000000000000000e+01
5.700000000000000000e+01,2.500000000000000000e+01,1.588609981536865234e+01
5.700000000000000000e+01,2.472319984436035156e+01,1.600000000000000000e+01
5.800000000000000000e+01,2.500000000000000000e+01,1.588609981536865234e+01
5.800000000000000000e+01,2.472319984436035156e+01,1.600000000000000000e+01
5.900000000000000000e+01,2.500000000000000000e+01,1.588609981536865234e+01
5.900000000000000000e+01,2.472319984436035156e+01,1.600000000000000000e+01
1.000000000000000000e+00,2.600000000000000000e+01,1.557450008392333984e+01
0.000000000000000000e+00,2.600000000000000000e+01,1.557450008392333984e+01
2.000000000000000000e+00,2.600000000000000000e+01,1.557450008392333984e+01
3.000000000000000000e+00,2.600000000000000000e+01,1.557450008392333984e+01
4.000000000000000000e+00,2.600000000000000000e+01,1.557450008392333984e+01
5.000000000000000000e+00,2.600000000000000000e+01,1.557450008392333984e+01
6.000000000000000000e+00,2.600000000000000000e+01,1.557450008392333984e+01
7.000000000000000000e+00,2.600000000000000000e+01,1.557450008392333984e+01
8.000000000000000000e+00,2.600000000000000000e+01,1.557450008392333984e+01
9.000000000000000000e+00,2.600000000000000000e+01,1.557450008392333984e+01
1.000000000000000000e+01,2.600000000000000000e+01,1.557450008392333984e+01
1.100000000000000000e+01,2.600000000000000000e+01,1.557450008392333984e+01
1.200000000000000000e+01,2.600000000000000000e+01,1.557450008392333984e+01
1.300000000000000000e+01,2.600000000000000000e+01,1.557450008392333984e+01
1.400000000000000000e+01,2.600000000000000000e+01,1.557450008392333984e+01
1.500000000000000000e+01,2.600000000000000000e+01,1.557450008392333984e+01
1.600000000000000000e+01,2.600000000000000000e+01,1.557450008392333984e+01
1.700000000000000000e+01,2.600000000000000000e+01,1.557450008392333984e+01
1.800000000000000000e+01,2.600000000000000000e+01,1.557450008392333984e+01
1.900000000000000000e+01,2.600000000000000000e+01,1.557450008392333984e+01
2.000000000000000000e+01,2.600000000000000000e+01,1.557450008392333984e+01
2.100000000000000000e+01,2.600000000000000000e+01,1.557450008392333984e+01
2.200000000000000000e+01,2.600000000000000000e+01,1.557450008392333984e+01
2.300000000000000000e+01,2.600000000000000000e+01,1.557450008392333984e+01
2.400000000000000000e+01,2.600000000000000000e+01,1.557450008392333984e+01
2.500000000000000000e+01,2.600000000000000000e+01,1.557450008392333984e+01
2.600000000000000000e+01,2.600000000000000000e+01,1.557450008392333984e+01
2.700000000000000000e+01,2.600000000000000000e+01,1.557450008392333984e+01
2.800000000000000000e+01,2.600000000000000000e+01,1.557450008392333984e+01
2.900000000000000000e+01,2.600000000000000000e+01,1.557450008392333984e+01
3.000000000000000000e+01,2.600000000000000000e+01,1.557450008392333984e+01
3.100000000000000000e+01,2.600000000000000000e+01,1.557450008392333984e+01
3.200000000000000000e+01,2.600000000000000000e+01,1.557450008392333984e+01
3.300000000000000000e+01,2.600000000000000000e+01,1.557450008392333984e+01
3.400000000000000000e+01,2.600000000000000000e+01,1.557450008392333984e+01
3.500000000000000000e+01,2.600000000000000000e+01,1.557450008392333984e+01
3.600000000000000000e+01,2.600000000000000000e+01,1.557450008392333984e+01
3.700000000000000000e+01,2.600000000000000000e+01,1.557450008392333984e+01
3.800000000000000000e+01,2.600000000000000000e+01,1.557450008392333984e+01
3.900000000000000000e+01,2.600000000000000000e+01,1.557450008392333984e+01
4.000000000000000000e+01,2.600000000000000000e+01,1.557450008392333984e+01
4.100000000000000000e+01,2.600000000000000000e+01,1.557450008392333984e+01
4.200000000000000000e+01,2.600000000000000000e+01,1.557450008392333984e+01
4.300000000000000000e+01,2.600000000000000000e+01,1.557450008392333984e+01
4.400000000000000000e+01,2.600000000000000000e+01,1.557450008392333984e+01
4.500000000000000000e+01,2.600000000000000000e+01,1.557450008392333984e+01
4.600000000000000000e+01,2.600000000000000000e+01,1.557450008392333984e+01
4.700000000000000000e+01,2.600000000000000000e+01,1.557450008392333984e+01
4.800000000000000000e+01,2.600000000000000000e+01,1.557450008392333984e+01
4.900000000000000000e+01,2.600000000000000000e+01,1.557450008392333984e+01
5.000000000000000000e+01,2.600000000000000000e+01,1.557450008392333984e+01
5.100000000000000000e+01,2.600000000000000000e+01,1.557450008392333984e+01
5.200000000000000000e+01,2.600000000000000000e+01,1.557450008392333984e+01
5.300000000000000000e+01,2.600000000000000000e+01,1.557450008392333984e+01
5.400000000000000000e+01,2.600000000000000000e+01,1.557450008392333984e+01
5.500000000000000000e+01,2.600000000000000000e+01,1.557450008392333984e+01
5.600000000000000000e+01,2.600000000000000000e+01,1.557450008392333984e+01
5.700000000000000000e+01,2.600000000000000000e+01,1.557450008392333984e+01
5.800000000000000000e+01,2.600000000000000000e+01,1.557450008392333984e+01
5.900000000000000000e+01,2.600000000000000000e+01,1.557450008392333984e+01
1.000000000000000000e+00,2.700000000000000000e+01,1.534519958496093750e+01
0.000000000000000000e+00,2.700000000000000000e+01,1.534519958496093750e+01
2.000000000000000000e+00,2.700000000000000000e+01,1.534519958496093750e+01
3.000000000000000000e+00,2.700000000000000000e+01,1.534519958496093750e+01
4.000000000000000000e+00,2.700000000000000000e+01,1.534519958496093750e+01
5.000000000000000000e+00,2.700000000000000000e+01,1.534519958496093750e+01
6.000000000000000000e+00,2.700000000000000000e+01,1.534519958496093750e+01
7.000000000000000000e+00,2.700000000000000000e+01,1.534519958496093750e+01
8.000000000000000000e+00,2.700000000000000000e+01,1.534519958496093750e+01
9.000000000000000000e+00,2.700000000000000000e+01,1.534519958496093750e+01
1.000000000000000000e+01,2.700000000000000000e+01,1.534519958496093750e+01
1.100000000000000000e+01,2.700000000000000000e+01,1.534519958496093750e+01
1.200000000000000000e+01,2.700000000000000000e+01,1.534519958496093750e+01
1.300000000000000000e+01,2.700000000000000000e+01,1.534519958496093750e+01
1.400000000000000000e+01,2.700000000000000000e+01,1.534519958496093750e+01
1.500000000000000000e+01,2.700000000000000000e+01,1.534519958496093750e+01
1.600000000000000000e+01,2.700000000000000000e+01,1.534519958496093750e+01
1.700000000000000000e+01,2.700000000000000000e+01,1.534519958496093750e+01
1.800000000000000000e+01,2.700000000000000000e+01,1.534519958496093750e+01
1.900000000000000000e+01,2.700000000000000000e+01,1.534519958496093750e+01
2.000000000000000000e+01,2.700000000000000000e+01,1.534519958496093750e+01
2.100000000000000000e+01,2.700000000000000000e+01,1.534519958496093750e+01
2.200000000000000000e+01,2.700000000000000000e+01,1.534519958496093750e+01
2.300000000000000000e+01,2.700000000000000000e+01,1.534519958496093750e+01
2.400000000000000000e+01,2.700000000000000000e+01,1.534519958496093750e+01
2.500000000000000000e+01,2.700000000000000000e+01,1.534519958496093750e+01
2.600000000000000000e+01,2.700000000000000000e+01,1.534519958496093750e+01
2.700000000000000000e+01,2.700000000000000000e+01,1.534519958496093750e+01
2.800000000000000000e+01,2.700000000000000000e+01,1.534519958496093750e+01
2.900000000000000000e+01,2.700000000000000000e+01,1.534519958496093750e+01
3.000000000000000000e+01,2.700000000000000000e+01,1.534519958496093750e+01
3.100000000000000000e+01,2.700000000000000000e+01,1.534519958496093750e+01
3.200000000000000000e+01,2.700000000000000000e+01,1.534519958496093750e+01
3.300000000000000000e+01,2.700000000000000000e+01,1.534519958496093750e+01
3.400000000000000000e+01,2.700000000000000000e+01,1.534519958496093750e+01
3.500000000000000000e+01,2.700000000000000000e+01,1.534519958496093750e+01
3.600000000000000000e+01,2.700000000000000000e+01,1.534519958496093750e+01
3.700000000000000000e+01,2.700000000000000000e+01,1.534519958496093750e+01
3.800000000000000000e+01,2.700000000000000000e+01,1.534519958496093750e+01
3.900000000000000000e+01,2.700000000000000000e+01,1.534519958496093750e+01
4.000000000000000000e+01,2.700000000000000000e+01,1.534519958496093750e+01
4.100000000000000000e+01,2.700000000000000000e+01,1.534519958496093750e+01
4.200000000000000000e+01,2.700000000000000000e+01,1.534519958496093750e+01
4.300000000000000000e+01,2.700000000000000000e+01,1.534519958496093750e+01
4.400000000000000000e+01,2.700000000000000000e+01,1.534519958496093750e+01
4.500000000000000000e+01,2.700000000000000000e+01,1.534519958496093750e+01
4.600000000000000000e+01,2.700000000000000000e+01,1.534519958496093750e+01
4.700000000000000000e+01,2.700000000000000000e+01,1.534519958496093750e+01
4.800000000000000000e+01,2.700000000000000000e+01,1.534519958496093750e+01
4.900000000000000000e+01,2.700000000000000000e+01,1.534519958496093750e+01
5.000000000000000000e+01,2.700000000000000000e+01,1.534519958496093750e+01
5.100000000000000000e+01,2.700000000000000000e+01,1.534519958496093750e+01
5.200000000000000000e+01,2.700000000000000000e+01,1.534519958496093750e+01
5.300000000000000000e+01,2.700000000000000000e+01,1.534519958496093750e+01
5.400000000000000000e+01,2.700000000000000000e+01,1.534519958496093750e+01
5.500000000000000000e+01,2.700000000000000000e+01,1.534519958496093750e+01
5.600000000000000000e+01,2.700000000000000000e+01,1.534519958496093750e+01
5.700000000000000000e+01,2.700000000000000000e+01,1.534519958496093750e+01
5.800000000000000000e+01,2.700000000000000000e+01,1.534519958496093750e+01
5.900000000000000000e+01,2.700000000000000000e+01,1.534519958496093750e+01
1.000000000000000000e+00,2.800000000000000000e+01,1.517790031433105469e+01
0.000000000000000000e+00,2.800000000000000000e+01,1.517790031433105469e+01
2.000000000000000000e+00,2.800000000000000000e+01,1.517790031433105469e+01
3.000000000000000000e+00,2.800000000000000000e+01,1.517790031433105469e+01
4.000000000000000000e+00,2.800000000000000000e+01,1.517790031433105469e+01
5.000000000000000000e+00,2.800000000000000000e+01,1.517790031433105469e+01
6.000000000000000000e+00,2.800000000000000000e+01,1.517790031433105469e+01
7.000000000000000000e+00,2.800000000000000000e+01,1.517790031433105469e+01
8.000000000000000000e+00,2.800000000000000000e+01,1.517790031433105469e+01
9.000000000000000000e+00,2.800000000000000000e+01,1.517790031433105469e+01
1.000000000000000000e+01,2.800000000000000000e+01,1.517790031433105469e+01
1.100000000000000000e+01,2.800000000000000000e+01,1.517790031433105469e+01
1.200000000000000000e+01,2.800000000000000000e+01,1.517790031433105469e+01
1.300000000000000000e+01,2.800000000000000000e+01,1.517790031433105469e+01
1.400000000000000000e+01,2.800000000000000000e+01,1.517790031433105469e+01
1.500000000000000000e+01,2.800000000000000000e+01,1.517790031433105469e+01
1.600000000000000000e+01,2.800000000000000000e+01,1.517790031433105469e+01
1.700000000000000000e+01,2.800000000000000000e+01,1.517790031433105469e+01
1.800000000000000000e+01,2.800000000000000000e+01,1.517790031433105469e+01
1.900000000000000000e+01,2.800000000000000000e+01,1.517790031433105469e+01
2.000000000000000000e+01,2.800000000000000000e+01,1.517790031433105469e+01
2.100000000000000000e+01,2.800000000000000000e+01,1.517790031433105469e+01
2.200000000000000000e+01,2.800000000000000000e+01,1.517790031433105469e+01
2.300000000000000000e+01,2.800000000000000000e+01,1.517790031433105469e+01
2.400000000000000000e+01,2.800000000000000000e+01,1.517790031433105469e+01
2.500000000000000000e+01,2.800000000000000000e+01,1.517790031433105469e+01
2.600000000000000000e+01,2.800000000000000000e+01,1.517790031433105469e+01
2.700000000000000000e+01,2.800000000000000000e+01,1.517790031433105469e+01
2.800000000000000000e+01,2.800000000000000000e+01,1.517790031433105469e+01
2.900000000000000000e+01,2.800000000000000000e+01,1.517790031433105469e+01
3.000000000000000000e+01,2.800000000000000000e+01,1.517790031433105469e+01
3.100000000000000000e+01,2.800000000000000000e+01,1.517790031433105469e+01
3.200000000000000000e+01,2.800000000000000000e+01,1.517790031433105469e+01
3.300000000000000000e+01,2.800000000000000000e+01,1.517790031433105469e+01
3.400000000000000000e+01,2.800000000000000000e+01,1.517790031433105469e+01
3.500000000000000000e+01,2.800000000000000000e+01,1.517790031433105469e+01
3.600000000000000000e+01,2.800000000000000000e+01,1.517790031433105469e+01
3.700000000000000000e+01,2.800000000000000000e+01,1.517790031433105469e+01
3.800000000000000000e+01,2.800000000000000000e+01,1.517790031433105469e+01
3.900000000000000000e+01,2.800000000000000000e+01,1.517790031433105469e+01
4.000000000000000000e+01,2.800000000000000000e+01,1.517790031433105469e+01
4.100000000000000000e+01,2.800000000000000000e+01,1.517790031433105469e+01
4.200000000000000000e+01,2.800000000000000000e+01,1.517790031433105469e+01
4.300000000000000000e+01,2.800000000000000000e+01,1.517790031433105469e+01
4.400000000000000000e+01,2.800000000000000000e+01,1.517790031433105469e+01
4.500000000000000000e+01,2.800000000000000000e+01,1.517790031433105469e+01
4.600000000000000000e+01,2.800000000000000000e+01,1.517790031433105469e+01
4.700000000000000000e+01,2.800000000000000000e+01,1.517790031433105469e+01
4.800000000000000000e+01,2.800000000000000000e+01,1.517790031433105469e+01
4.900000000000000000e+01,2.800000000000000000e+01,1.517790031433105469e+01
5.000000000000000000e+01,2.800000000000000000e+01,1.517790031433105469e+01
5.100000000000000000e+01,2.800000000000000000e+01,1.517790031433105469e+01
5.200000000000000000e+01,2.800000000000000000e+01,1.517790031433105469e+01
5.300000000000000000e+01,2.800000000000000000e+01,1.517790031433105469e+01
5.400000000000000000e+01,2.800000000000000000e+01,1.517790031433105469e+01
5.500000000000000000e+01,2.800000000000000000e+01,1.517790031433105469e+01
5.600000000000000000e+01,2.800000000000000000e+01,1.517790031433105469e+01
5.700000000000000000e+01,2.800000000000000000e+01,1.517790031433105469e+01
5.800000000000000000e+01,2.800000000000000000e+01,1.517790031433105469e+01
5.900000000000000000e+01,2.800000000000000000e+01,1.517790031433105469e+01
1.000000000000000000e+00,2.900000000000000000e+01,1.507289981842041016e+01
0.000000000000000000e+00,2.900000000000000000e+01,1.507289981842041016e+01
2.000000000000000000e+00,2.900000000000000000e+01,1.507289981842041016e+01
3.000000000000000000e+00,2.900000000000000000e+01,1.507289981842041016e+01
4.000000000000000000e+00,2.900000000000000000e+01,1.507289981842041016e+01
5.000000000000000000e+00,2.900000000000000000e+01,1.507289981842041016e+01
6.000000000000000000e+00,2.900000000000000000e+01,1.507289981842041016e+01
7.000000000000000000e+00,2.900000000000000000e+01,1.507289981842041016e+01
8.000000000000000000e+00,2.900000000000000000e+01,1.507289981842041016e+01
9.000000000000000000e+00,2.900000000000000000e+01,1.507289981842041016e+01
1.000000000000000000e+01,2.900000000000000000e+01,1.507289981842041016e+01
1.100000000000000000e+01,2.900000000000000000e+01,1.507289981842041016e+01
1.200000000000000000e+01,2.900000000000000000e+01,1.507289981842041016e+01
1.300000000000000000e+01,2.900000000000000000e+01,1.507289981842041016e+01
1.400000000000000000e+01,2.900000000000000000e+01,1.507289981842041016e+01
1.500000000000000000e+01,2.900000000000000000e+01,1.507289981842041016e+01
1.600000000000000000e+01,2.900000000000000000e+01,1.507289981842041016e+01
1.700000000000000000e+01,2.900000000000000000e+01,1.507289981842041016e+01
1.800000000000000000e+01,2.900000000000000000e+01,1.507289981842041016e+01
1.900000000000000000e+01,2.900000000000000000e+01,1.507289981842041016e+01
2.000000000000000000e+01,2.900000000000000000e+01,1.507289981842041016e+01
2.100000000000000000e+01,2.900000000000000000e+01,1.507289981842041016e+01
2.200000000000000000e+01,2.900000000000000000e+01,1.507289981842041016e+01
2.300000000000000000e+01,2.900000000000000000e+01,1.507289981842041016e+01
2.400000000000000000e+01,2.900000000000000000e+01,1.507289981842041016e+01
2.500000000000000000e+01,2.900000000000000000e+01,1.507289981842041016e+01
2.600000000000000000e+01,2.900000000000000000e+01,1.507289981842041016e+01
2.700000000000000000e+01,2.900000000000000000e+01,1.507289981842041016e+01
2.800000000000000000e+01,2.900000000000000000e+01,1.507289981842041016e+01
2.900000000000000000e+01,2.900000000000000000e+01,1.507289981842041016e+01
3.000000000000000000e+01,2.900000000000000000e+01,1.507289981842041016e+01
3.100000000000000000e+01,2.900000000000000000e+01,1.507289981842041016e+01
3.200000000000000000e+01,2.900000000000000000e+01,1.507289981842041016e+01
3.300000000000000000e+01,2.900000000000000000e+01,1.507289981842041016e+01
3.400000000000000000e+01,2.900000000000000000e+01,1.507289981842041016e+01
3.500000000000000000e+01,2.900000000000000000e+01,1.507289981842041016e+01
3.600000000000000000e+01,2.900000000000000000e+01,1.507289981842041016e+01
3.700000000000000000e+01,2.900000000000000000e+01,1.507289981842041016e+01
3.800000000000000000e+01,2.900000000000000000e+01,1.507289981842041016e+01
3.900000000000000000e+01,2.900000000000000000e+01,1.507289981842041016e+01
4.000000000000000000e+01,2.900000000000000000e+01,1.507289981842041016e+01
4.100000000000000000e+01,2.900000000000000000e+01,1.507289981842041016e+01
4.200000000000000000e+01,2.900000000000000000e+01,1.507289981842041016e+01
4.300000000000000000e+01,2.900000000000000000e+01,1.507289981842041016e+01
4.400000000000000000e+01,2.900000000000000000e+01,1.507289981842041016e+01
4.500000000000000000e+01,2.900000000000000000e+01,1.507289981842041016e+01
4.600000000000000000e+01,2.900000000000000000e+01,1.507289981842041016e+01
4.700000000000000000e+01,2.900000000000000000e+01,1.507289981842041016e+01
4.800000000000000000e+01,2.900000000000000000e+01,1.507289981842041016e+01
4.900000000000000000e+01,2.900000000000000000e+01,1.507289981842041016e+01
5.000000000000000000e+01,2.900000000000000000e+01,1.507289981842041016e+01
5.100000000000000000e+01,2.900000000000000000e+01,1.507289981842041016e+01
5.200000000000000000e+01,2.900000000000000000e+01,1.507289981842041016e+01
5.300000000000000000e+01,2.900000000000000000e+01,1.507289981842041016e+01
5.400000000000000000e+01,2.900000000000000000e+01,1.507289981842041016e+01
5.500000000000000000e+01,2.900000000000000000e+01,1.507289981842041016e+01
5.600000000000000000e+01,2.900000000000000000e+01,1.507289981842041016e+01
5.700000000000000000e+01,2.900000000000000000e+01,1.507289981842041016e+01
5.800000000000000000e+01,2.900000000000000000e+01,1.507289981842041016e+01
5.900000000000000000e+01,2.900000000000000000e+01,1.507289981842041016e+01
1.000000000000000000e+00,3.000000000000000000e+01,1.503670024871826172e+01
0.000000000000000000e+00,3.000000000000000000e+01,1.503670024871826172e+01
2.000000000000000000e+00,3.000000000000000000e+01,1.503670024871826172e+01
3.000000000000000000e+00,3.000000000000000000e+01,1.503670024871826172e+01
4.000000000000000000e+00,3.000000000000000000e+01,1.503670024871826172e+01
5.000000000000000000e+00,3.000000000000000000e+01,1.503670024871826172e+01
6.000000000000000000e+00,3.000000000000000000e+01,1.503670024871826172e+01
7.000000000000000000e+00,3.000000000000000000e+01,1.503670024871826172e+01
8.000000000000000000e+00,3.000000000000000000e+01,1.503670024871826172e+01
9.000000000000000000e+00,3.000000000000000000e+01,1.503670024871826172e+01
1.000000000000000000e+01,3.000000000000000000e+01,1.503670024871826172e+01
1.100000000000000000e+01,3.000000000000000000e+01,1.503670024871826172e+01
1.200000000000000000e+01,3.000000000000000000e+01,1.503670024871826172e+01
1.300000000000000000e+01,3.000000000000000000e+01,1.503670024871826172e+01
1.400000000000000000e+01,3.000000000000000000e+01,1.503670024871826172e+01
1.500000000000000000e+01,3.000000000000000000e+01,1.503670024871826172e+01
1.600000000000000000e+01,3.000000000000000000e+01,1.503670024871826172e+01
1.700000000000000000e+01,3.000000000000000000e+01,1.503670024871826172e+01
1.800000000000000000e+01,3.000000000000000000e+01,1.503670024871826172e+01
1.900000000000000000e+01,3.000000000000000000e+01,1.503670024871826172e+01
2.000000000000000000e+01,3.000000000000000000e+01,1.503670024871826172e+01
2.100000000000000000e+01,3.000000000000000000e+01,1.503670024871826172e+01
2.200000000000000000e+01,3.000000000000000000e+01,1.503670024871826172e+01
2.300000000000000000e+01,3.000000000000000000e+01,1.503670024871826172e+01
2.400000000000000000e+01,3.000000000000000000e+01,1.503670024871826172e+01
2.500000000000000000e+01,3.000000000000000000e+01,1.503670024871826172e+01
2.600000000000000000e+01,3.000000000000000000e+01,1.503670024871826172e+01
2.700000000000000000e+01,3.000000000000000000e+01,1.503670024871826172e+01
2.800000000000000000e+01,3.000000000000000000e+01,1.503670024871826172e+01
2.900000000000000000e+01,3.000000000000000000e+01,1.503670024871826172e+01
3.000000000000000000e+01,3.000000000000000000e+01,1.503670024871826172e+01
3.100000000000000000e+01,3.000000000000000000e+01,1.503670024871826172e+01
3.200000000000000000e+01,3.000000000000000000e+01,1.503670024871826172e+01
3.300000000000000000e+01,3.000000000000000000e+01,1.503670024871826172e+01
3.400000000000000000e+01,3.000000000000000000e+01,1.503670024871826172e+01
3.500000000000000000e+01,3.000000000000000000e+01,1.503670024871826172e+01
3.600000000000000000e+01,3.000000000000000000e+01,1.503670024871826172e+01
3.700000000000000000e+01,3.000000000000000000e+01,1.503670024871826172e+01
3.800000000000000000e+01,3.000000000000000000e+01,1.503670024871826172e+01
3.900000000000000000e+01,3.000000000000000000e+01,1.503670024871826172e+01
4.000000000000000000e+01,3.000000000000000000e+01,1.503670024871826172e+01
4.100000000000000000e+01,3.000000000000000000e+01,1.503670024871826172e+01
4.200000000000000000e+01,3.000000000000000000e+01,1.503670024871826172e+01
4.300000000000000000e+01,3.000000000000000000e+01,1.503670024871826172e+01
4.400000000000000000e+01,3.000000000000000000e+01,1.503670024871826172e+01
4.500000000000000000e+01,3.000000000000000000e+01,1.503670024871826172e+01
4.600000000000000000e+01,3.000000000000000000e+01,1.503670024871826172e+01
4.700000000000000000e+01,3.000000000000000000e+01,1.503670024871826172e+01
4.800000000000000000e+01,3.000000000000000000e+01,1.503670024871826172e+01
4.900000000000000000e+01,3.000000000000000000e+01,1.503670024871826172e+01
5.000000000000000000e+01,3.000000000000000000e+01,1.503670024871826172e+01
5.100000000000000000e+01,3.000000000000000000e+01,1.503670024871826172e+01
5.200000000000000000e+01,3.000000000000000000e+01,1.503670024871826172e+01
5.300000000000000000e+01,3.000000000000000000e+01,1.503670024871826172e+01
5.400000000000000000e+01,3.000000000000000000e+01,1.503670024871826172e+01
5.500000000000000000e+01,3.000000000000000000e+01,1.503670024871826172e+01
5.600000000000000000e+01,3.000000000000000000e+01,1.503670024871826172e+01
5.700000000000000000e+01,3.000000000000000000e+01,1.503670024871826172e+01
5.800000000000000000e+01,3.000000000000000000e+01,1.503670024871826172e+01
5.900000000000000000e+01,3.000000000000000000e+01,1.503670024871826172e+01
1.000000000000000000e+00,3.100000000000000000e+01,1.507289981842041016e+01
0.000000000000000000e+00,3.100000000000000000e+01,1.507289981842041016e+01
2.000000000000000000e+00,3.100000000000000000e+01,1.507289981842041016e+01
3.000000000000000000e+00,3.100000000000000000e+01,1.507289981842041016e+01
4.000000000000000000e+00,3.100000000000000000e+01,1.507289981842041016e+01
5.000000000000000000e+00,3.100000000000000000e+01,1.507289981842041016e+01
6.000000000000000000e+00,3.100000000000000000e+01,1.507289981842041016e+01
7.000000000000000000e+00,3.100000000000000000e+01,1.507289981842041016e+01
8.000000000000000000e+00,3.100000000000000000e+01,1.507289981842041016e+01
9.000000000000000000e+00,3.100000000000000000e+01,1.507289981842041016e+01
1.000000000000000000e+01,3.100000000000000000e+01,1.507289981842041016e+01
1.100000000000000000e+01,3.100000000000000000e+01,1.507289981842041016e+01
1.200000000000000000e+01,3.100000000000000000e+01,1.507289981842041016e+01
1.300000000000000000e+01,3.100000000000000000e+01,1.507289981842041016e+01
1.400000000000000000e+01,3.100000000000000000e+01,1.507289981842041016e+01
1.500000000000000000e+01,3.100000000000000000e+01,1.507289981842041016e+01
1.600000000000000000e+01,3.100000000000000000e+01,1.507289981842041016e+01
1.700000000000000000e+01,3.100000000000000000e+01,1.507289981842041016e+01
1.800000000000000000e+01,3.100000000000000000e+01,1.507289981842041016e+01
1.900000000000000000e+01,3.100000000000000000e+01,1.507289981842041016e+01
2.000000000000000000e+01,3.100000000000000000e+01,1.507289981842041016e+01
2.100000000000000000e+01,3.100000000000000000e+01,1.507289981842041016e+01
2.200000000000000000e+01,3.100000000000000000e+01,1.507289981842041016e+01
2.300000000000000000e+01,3.100000000000000000e+01,1.507289981842041016e+01
2.400000000000000000e+01,3.100000000000000000e+01,1.507289981842041016e+01
2.500000000000000000e+01,3.100000000000000000e+01,1.507289981842041016e+01
2.600000000000000000e+01,3.100000000000000000e+01,1.507289981842041016e+01
2.700000000000000000e+01,3.100000000000000000e+01,1.507289981842041016e+01
2.800000000000000000e+01,3.100000000000000000e+01,1.507289981842041016e+01
2.900000000000000000e+01,3.100000000000000000e+01,1.507289981842041016e+01
3.000000000000000000e+01,3.100000000000000000e+01,1.507289981842041016e+01
3.100000000000000000e+01,3.100000000000000000e+01,1.507289981842041016e+01
3.200000000000000000e+01,3.100000000000000000e+01,1.507289981842041016e+01
3.300000000000000000e+01,3.100000000000000000e+01,1.507289981842041016e+01
3.400000000000000000e+01,3.100000000000000000e+01,1.507289981842041016e+01
3.500000000000000000e+01,3.100000000000000000e+01,1.507289981842041016e+01
3.600000000000000000e+01,3.100000000000000000e+01,1.507289981842041016e+01
3.700000000000000000e+01,3.100000000000000000e+01,1.507289981842041016e+01
3.800000000000000000e+01,3.100000000000000000e+01,1.507289981842041016e+01
3.900000000000000000e+01,3.100000000000000000e+01,1.507289981842041016e+01
4.000000000000000000e+01,3.100000000000000000e+01,1.507289981842041016e+01
4.100000000000000000e+01,3.100000000000000000e+01,1.507289981842041016e+01
4.200000000000000000e+01,3.100000000000000000e+01,1.507289981842041016e+01
4.300000000000000000e+01,3.100000000000000000e+01,1.507289981842041016e+01
4.400000000000000000e+01,3.100000000000000000e+01,1.507289981842041016e+01
4.500000000000000000e+01,3.100000000000000000e+01,1.507289981842041016e+01
4.600000000000000000e+01,3.100000000000000000e+01,1.507289981842041016e+01
4.700000000000000000e+01,3.100000000000000000e+01,1.507289981842041016e+01
4.800000000000000000e+01,3.100000000000000000e+01,1.507289981842041016e+01
4.900000000000000000e+01,3.100000000000000000e+01,1.507289981842041016e+01
5.000000000000000000e+01,3.100000000000000000e+01,1.507289981842041016e+01
5.100000000000000000e+01,3.100000000000000000e+01,1.507289981842041016e+01
5.200000000000000000e+01,3.100000000000000000e+01,1.507289981842041016e+01
5.300000000000000000e+01,3.100000000000000000e+01,1.507289981842041016e+01
5.400000000000000000e+01,3.100000000000000000e+01,1.507289981842041016e+01
5.500000000000000000e+01,3.100000000000000000e+01,1.507289981842041016e+01
5.600000000000000000e+01,3.100000000000000000e+01,1.507289981842041016e+01
5.700000000000000000e+01,3.100000000000000000e+01,1.507289981842041016e+01
5.800000000000000000e+01,3.100000000000000000e+01,1.507289981842041016e+01
5.900000000000000000e+01,3.100000000000000000e+01,1.507289981842041016e+01
1.000000000000000000e+00,3.200000000000000000e+01,1.517790031433105469e+01
0.000000000000000000e+00,3.200000000000000000e+01,1.517790031433105469e+01
2.000000000000000000e+00,3.200000000000000000e+01,1.517790031433105469e+01
3.000000000000000000e+00,3.200000000000000000e+01,1.517790031433105469e+01
4.000000000000000000e+00,3.200000000000000000e+01,1.517790031433105469e+01
5.000000000000000000e+00,3.200000000000000000e+01,1.517790031433105469e+01
6.000000000000000000e+00,3.200000000000000000e+01,1.517790031433105469e+01
7.000000000000000000e+00,3.200000000000000000e+01,1.517790031433105469e+01
8.000000000000000000e+00,3.200000000000000000e+01,1.517790031433105469e+01
9.000000000000000000e+00,3.200000000000000000e+01,1.517790031433105469e+01
1.000000000000000000e+01,3.200000000000000000e+01,1.517790031433105469e+01
1.100000000000000000e+01,3.200000000000000000e+01,1.517790031433105469e+01
1.200000000000000000e+01,3.200000000000000000e+01,1.517790031433105469e+01
1.300000000000000000e+01,3.200000000000000000e+01,1.517790031433105469e+01
1.400000000000000000e+01,3.200000000000000000e+01,1.517790031433105469e+01
1.500000000000000000e+01,3.200000000000000000e+01,1.517790031433105469e+01
1.600000000000000000e+01,3.200000000000000000e+01,1.517790031433105469e+01
1.700000000000000000e+01,3.200000000000000000e+01,1.517790031433105469e+01
1.800000000000000000e+01,3.200000000000000000e+01,1.517790031433105469e+01
1.900000000000000000e+01,3.200000000000000000e+01,1.517790031433105469e+01
2.000000000000000000e+01,3.200000000000000000e+01,1.517790031433105469e+01
2.100000000000000000e+01,3.200000000000000000e+01,1.517790031433105469e+01
2.200000000000000000e+01,3.200000000000000000e+01,1.517790031433105469e+01
2.300000000000000000e+01,3.200000000000000000e+01,1.517790031433105469e+01
2.400000000000000000e+01,3.200000000000000000e+01,1.517790031433105469e+01
2.500000000000000000e+01,3.200000000000000000e+01,1.517790031433105469e+01
2.600000000000000000e+01,3.200000000000000000e+01,1.517790031433105469e+01
2.700000000000000000e+01,3.200000000000000000e+01,1.517790031433105469e+01
2.800000000000000000e+01,3.200000000000000000e+01,1.517790031433105469e+01
2.900000000000000000e+01,3.200000000000000000e+01,1.517790031433105469e+01
3.000000000000000000e+01,3.200000000000000000e+01,1.517790031433105469e+01
3.100000000000000000e+01,3.200000000000000000e+01,1.517790031433105469e+01
3.200000000000000000e+01,3.200000000000000000e+01,1.517790031433105469e+01
3.300000000000000000e+01,3.200000000000000000e+01,1.517790031433105469e+01
3.400000000000000000e+01,3.200000000000000000e+01,1.517790031433105469e+01
3.500000000000000000e+01,3.200000000000000000e+01,1.517790031433105469e+01
3.600000000000000000e+01,3.200000000000000000e+01,1.517790031433105469e+01
3.700000000000000000e+01,3.200000000000000000e+01,1.517790031433105469e+01
3.800000000000000000e+01,3.200000000000000000e+01,1.517790031433105469e+01
3.900000000000000000e+01,3.200000000000000000e+01,1.517790031433105469e+01
4.000000000000000000e+01,3.200000000000000000e+01,1.517790031433105469e+01
4.100000000000000000e+01,3.200000000000000000e+01,1.517790031433105469e+01
4.200000000000000000e+01,3.200000000000000000e+01,1.517790031433105469e+01
4.300000000000000000e+01,3.200000000000000000e+01,1.517790031433105469e+01
4.400000000000000000e+01,3.200000000000000000e+01,1.517790031433105469e+01
4.500000000000000000e+01,3.200000000000000000e+01,1.517790031433105469e+01
4.600000000000000000e+01,3.200000000000000000e+01,1.517790031433105469e+01
4.700000000000000000e+01,3.200000000000000000e+01,1.517790031433105469e+01
4.800000000000000000e+01,3.200000000000000000e+01,1.517790031433105469e+01
4.900000000000000000e+01,3.200000000000000000e+01,1.517790031433105469e+01
5.000000000000000000e+01,3.200000000000000000e+01,1.517790031433105469e+01
5.100000000000000000e+01,3.200000000000000000e+01,1.517790031433105469e+01
5.200000000000000000e+01,3.200000000000000000e+01,1.517790031433105469e+01
5.300000000000000000e+01,3.200000000000000000e+01,1.517790031433105469e+01
5.400000000000000000e+01,3.200000000000000000e+01,1.517790031433105469e+01
5.500000000000000000e+01,3.200000000000000000e+01,1.517790031433105469e+01
5.600000000000000000e+01,3.200000000000000000e+01,1.517790031433105469e+01
5.700000000000000000e+01,3.200000000000000000e+01,1.517790031433105469e+01
5.800000000000000000e+01,3.200000000000000000e+01,1.517790031433105469e+01
5.900000000000000000e+01,3.200000000000000000e+01,1.517790031433105469e+01
1.000000000000000000e+00,3.300000000000000000e+01,1.534519958496093750e+01
0.000000000000000000e+00,3.300000000000000000e+01,1.534519958496093750e+01
2.000000000000000000e+00,3.300000000000000000e+01,1.534519958496093750e+01
3.000000000000000000e+00,3.300000000000000000e+01,1.534519958496093750e+01
4.000000000000000000e+00,3.300000000000000000e+01,1.534519958496093750e+01
5.000000000000000000e+00,3.300000000000000000e+01,1.534519958496093750e+01
6.000000000000000000e+00,3.300000000000000000e+01,1.534519958496093750e+01
7.000000000000000000e+00,3.300000000000000000e+01,1.534519958496093750e+01
8.000000000000000000e+00,3.300000000000000000e+01,1.534519958496093750e+01
9.000000000000000000e+00,3.300000000000000000e+01,1.534519958496093750e+01
1.000000000000000000e+01,3.300000000000000000e+01,1.534519958496093750e+01
1.100000000000000000e+01,3.300000000000000000e+01,1.534519958496093750e+01
1.200000000000000000e+01,3.300000000000000000e+01,1.534519958496093750e+01
1.300000000000000000e+01,3.300000000000000000e+01,1.534519958496093750e+01
1.400000000000000000e+01,3.300000000000000000e+01,1.534519958496093750e+01
1.500000000000000000e+01,3.300000000000000000e+01,1.534519958496093750e+01
1.600000000000000000e+01,3.300000000000000000e+01,1.534519958496093750e+01
1.700000000000000000e+01,3.300000000000000000e+01,1.534519958496093750e+01
1.800000000000000000e+01,3.300000000000000000e+01,1.534519958496093750e+01
1.900000000000000000e+01,3.300000000000000000e+01,1.534519958496093750e+01
2.000000000000000000e+01,3.300000000000000000e+01,1.534519958496093750e+01
2.100000000000000000e+01,3.300000000000000000e+01,1.534519958496093750e+01
2.200000000000000000e+01,3.300000000000000000e+01,1.534519958496093750e+01
2.300000000000000000e+01,3.300000000000000000e+01,1.534519958496093750e+01
2.400000000000000000e+01,3.300000000000000000e+01,1.534519958496093750e+01
2.500000000000000000e+01,3.300000000000000000e+01,1.534519958496093750e+01
2.600000000000000000e+01,3.300000000000000000e+01,1.534519958496093750e+01
2.700000000000000000e+01,3.300000000000000000e+01,1.534519958496093750e+01
2.800000000000000000e+01,3.300000000000000000e+01,1.534519958496093750e+01
2.900000000000000000e+01,3.300000000000000000e+01,1.534519958496093750e+01
3.000000000000000000e+01,3.300000000000000000e+01,1.534519958496093750e+01
3.100000000000000000e+01,3.300000000000000000e+01,1.534519958496093750e+01
3.200000000000000000e+01,3.300000000000000000e+01,1.534519958496093750e+01
3.300000000000000000e+01,3.300000000000000000e+01,1.534519958496093750e+01
3.400000000000000000e+01,3.300000000000000000e+01,1.534519958496093750e+01
3.500000000000000000e+01,3.300000000000000000e+01,1.534519958496093750e+01
3.600000000000000000e+01,3.300000000000000000e+01,1.534519958496093750e+01
3.700000000000000000e+01,3.300000000000000000e+01,1.534519958496093750e+01
3.800000000000000000e+01,3.300000000000000000e+01,1.534519958496093750e+01
3.900000000000000000e+01,3.300000000000000000e+01,1.534519958496093750e+01
4.000000000000000000e+01,3.300000000000000000e+01,1.534519958496093750e+01
4.100000000000000000e+01,3.300000000000000000e+01,1.534519958496093750e+01
4.200000000000000000e+01,3.300000000000000000e+01,1.534519958496093750e+01
4.300000000000000000e+01,3.300000000000000000e+01,1.534519958496093750e+01
4.400000000000000000e+01,3.300000000000000000e+01,1.534519958496093750e+01
4.500000000000000000e+01,3.300000000000000000e+01,1.534519958496093750e+01
4.600000000000000000e+01,3.300000000000000000e+01,1.534519958496093750e+01
4.700000000000000000e+01,3.300000000000000000e+01,1.534519958496093750e+01
4.800000000000000000e+01,3.300000000000000000e+01,1.534519958496093750e+01
4.900000000000000000e+01,3.300000000000000000e+01,1.534519958496093750e+01
5.000000000000000000e+01,3.300000000000000000e+01,1.534519958496093750e+01
5.100000000000000000e+01,3.300000000000000000e+01,1.534519958496093750e+01
5.200000000000000000e+01,3.300000000000000000e+01,1.534519958496093750e+01
5.300000000000000000e+01,3.300000000000000000e+01,1.534519958496093750e+01
5.400000000000000000e+01,3.300000000000000000e+01,1.534519958496093750e+01
5.500000000000000000e+01,3.300000000000000000e+01,1.534519958496093750e+01
5.600000000000000000e+01,3.300000000000000000e+01,1.534519958496093750e+01
5.700000000000000000e+01,3.300000000000000000e+01,1.534519958496093750e+01
5.800000000000000000e+01,3.300000000000000000e+01,1.534519958496093750e+01
5.900000000000000000e+01,3.300000000000000000e+01,1.534519958496093750e+01
1.000000000000000000e+00,3.400000000000000000e+01,1.557450008392333984e+01
0.000000000000000000e+00,3.400000000000000000e+01,1.557450008392333984e+01
2.000000000000000000e+00,3.400000000000000000e+01,1.557450008392333984e+01
3.000000000000000000e+00,3.400000000000000000e+01,1.557450008392333984e+01
4.000000000000000000e+00,3.400000000000000000e+01,1.557450008392333984e+01
5.000000000000000000e+00,3.400000000000000000e+01,1.557450008392333984e+01
6.000000000000000000e+00,3.400000000000000000e+01,1.557450008392333984e+01
7.000000000000000000e+00,3.400000000000000000e+01,1.557450008392333984e+01
8.000000000000000000e+00,3.400000000000000000e+01,1.557450008392333984e+01
9.000000000000000000e+00,3.400000000000000000e+01,1.557450008392333984e+01
1.000000000000000000e+01,3.400000000000000000e+01,1.557450008392333984e+01
1.100000000000000000e+01,3.400000000000000000e+01,1.557450008392333984e+01
1.200000000000000000e+01,3.400000000000000000e+01,1.557450008392333984e+01
1.300000000000000000e+01,3.400000000000000000e+01,1.557450008392333984e+01
1.400000000000000000e+01,3.400000000000000000e+01,1.557450008392333984e+01
1.500000000000000000e+01,3.400000000000000000e+01,1.557450008392333984e+01
1.600000000000000000e+01,3.400000000000000000e+01,1.557450008392333984e+01
1.700000000000000000e+01,3.400000000000000000e+01,1.557450008392333984e+01
1.800000000000000000e+01,3.400000000000000000e+01,1.557450008392333984e+01
1.900000000000000000e+01,3.400000000000000000e+01,1.557450008392333984e+01
2.000000000000000000e+01,3.400000000000000000e+01,1.557450008392333984e+01
2.100000000000000000e+01,3.400000000000000000e+01,1.557450008392333984e+01
2.200000000000000000e+01,3.400000000000000000e+01,1.557450008392333984e+01
2.300000000000000000e+01,3.400000000000000000e+01,1.557450008392333984e+01
2.400000000000000000e+01,3.400000000000000000e+01,1.557450008392333984e+01
2.500000000000000000e+01,3.400000000000000000e+01,1.557450008392333984e+01
2.600000000000000000e+01,3.400000000000000000e+01,1.557450008392333984e+01
2.700000000000000000e+01,3.400000000000000000e+01,1.557450008392333984e+01
2.800000000000000000e+01,3.400000000000000000e+01,1.557450008392333984e+01
2.900000000000000000e+01,3.400000000000000000e+01,1.557450008392333984e+01
3.000000000000000000e+01,3.400000000000000000e+01,1.557450008392333984e+01
3.100000000000000000e+01,3.400000000000000000e+01,1.557450008392333984e+01
3.200000000000000000e+01,3.400000000000000000e+01,1.557450008392333984e+01
3.300000000000000000e+01,3.400000000000000000e+01,1.557450008392333984e+01
3.400000000000000000e+01,3.400000000000000000e+01,1.557450008392333984e+01
3.500000000000000000e+01,3.400000000000000000e+01,1.557450008392333984e+01
3.600000000000000000e+01,3.400000000000000000e+01,1.557450008392333984e+01
3.700000000000000000e+01,3.400000000000000000e+01,1.557450008392333984e+01
3.800000000000000000e+01,3.400000000000000000e+01,1.557450008392333984e+01
3.900000000000000000e+01,3.400000000000000000e+01,1.557450008392333984e+01
4.000000000000000000e+01,3.400000000000000000e+01,1.557450008392333984e+01
4.100000000000000000e+01,3.400000000000000000e+01,1.557450008392333984e+01
4.200000000000000000e+01,3.400000000000000000e+01,1.557450008392333984e+01
4.300000000000000000e+01,3.400000000000000000e+01,1.557450008392333984e+01
4.400000000000000000e+01,3.400000000000000000e+01,1.557450008392333984e+01
4.500000000000000000e+01,3.400000000000000000e+01,1.557450008392333984e+01
4.600000000000000000e+01,3.400000000000000000e+01,1.557450008392333984e+01
4.700000000000000000e+01,3.400000000000000000e+01,1.557450008392333984e+01
4.800000000000000000e+01,3.400000000000000000e+01,1.557450008392333984e+01
4.900000000000000000e+01,3.400000000000000000e+01,1.557450008392333984e+01
5.000000000000000000e+01,3.400000000000000000e+01,1.557450008392333984e+01
5.100000000000000000e+01,3.400000000000000000e+01,1.557450008392333984e+01
5.200000000000000000e+01,3.400000000000000000e+01,1.557450008392333984e+01
5.300000000000000000e+01,3.400000000000000000e+01,1.557450008392333984e+01
5.400000000000000000e+01,3.400000000000000000e+01,1.557450008392333984e+01
5.500000000000000000e+01,3.400000000000000000e+01,1.557450008392333984e+01
5.600000000000000000e+01,3.400000000000000000e+01,1.557450008392333984e+01
5.700000000000000000e+01,3.400000000000000000e+01,1.557450008392333984e+01
5.800000000000000000e+01,3.400000000000000000e+01,1.557450008392333984e+01
5.900000000000000000e+01,3.400000000000000000e+01,1.557450008392333984e+01
1.000000000000000000e+00,3.500000000000000000e+01,1.588609981536865234e+01
0.000000000000000000e+00,3.500000000000000000e+01,1.588609981536865234e+01
2.000000000000000000e+00,3.500000000000000000e+01,1.588609981536865234e+01
3.000000000000000000e+00,3.500000000000000000e+01,1.588609981536865234e+01
4.000000000000000000e+00,3.500000000000000000e+01,1.588609981536865234e+01
5.000000000000000000e+00,3.500000000000000000e+01,1.588609981536865234e+01
6.000000000000000000e+00,3.500000000000000000e+01,1.588609981536865234e+01
7.000000000000000000e+00,3.500000000000000000e+01,1.588609981536865234e+01
8.000000000000000000e+00,3.500000000000000000e+01,1.588609981536865234e+01
9.000000000000000000e+00,3.500000000000000000e+01,1.588609981536865234e+01
1.000000000000000000e+01,3.500000000000000000e+01,1.588609981536865234e+01
1.100000000000000000e+01,3.500000000000000000e+01,1.588609981536865234e+01
1.200000000000000000e+01,3.500000000000000000e+01,1.588609981536865234e+01
1.300000000000000000e+01,3.500000000000000000e+01,1.588609981536865234e+01
1.400000000000000000e+01,3.500000000000000000e+01,1.588609981536865234e+01
1.500000000000000000e+01,3.500000000000000000e+01,1.588609981536865234e+01
1.600000000000000000e+01,3.500000000000000000e+01,1.588609981536865234e+01
1.700000000000000000e+01,3.500000000000000000e+01,1.588609981536865234e+01
1.800000000000000000e+01,3.500000000000000000e+01,1.588609981536865234e+01
1.900000000000000000e+01,3.500000000000000000e+01,1.588609981536865234e+01
2.000000000000000000e+01,3.500000000000000000e+01,1.588609981536865234e+01
2.100000000000000000e+01,3.500000000000000000e+01,1.588609981536865234e+01
2.200000000000000000e+01,3.500000000000000000e+01,1.588609981536865234e+01
2.300000000000000000e+01,3.500000000000000000e+01,1.588609981536865234e+01
2.400000000000000000e+01,3.500000000000000000e+01,1.588609981536865234e+01
2.500000000000000000e+01,3.500000000000000000e+01,1.588609981536865234e+01
2.600000000000000000e+01,3.500000000000000000e+01,1.588609981536865234e+01
2.700000000000000000e+01,3.500000000000000000e+01,1.588609981536865234e+01
2.800000000000000000e+01,3.500000000000000000e+01,1.588609981536865234e+01
2.900000000000000000e+01,3.500000000000000000e+01,1.588609981536865234e+01
3.000000000000000000e+01,3.500000000000000000e+01,1.588609981536865234e+01
3.100000000000000000e+01,3.500000000000000000e+01,1.588609981536865234e+01
3.200000000000000000e+01,3.500000000000000000e+01,1.588609981536865234e+01
3.300000000000000000e+01,3.500000000000000000e+01,1.588609981536865234e+01
3.400000000000000000e+01,3.500000000000000000e+01,1.588609981536865234e+01
3.500000000000000000e+01,3.500000000000000000e+01,1.588609981536865234e+01
3.600000000000000000e+01,3.500000000000000000e+01,1.588609981536865234e+01
3.700000000000000000e+01,3.500000000000000000e+01,1.588609981536865234e+01
3.800000000000000000e+01,3.500000000000000000e+01,1.588609981536865234e+01
3.900000000000000000e+01,3.500000000000000000e+01,1.588609981536865234e+01
4.000000000000000000e+01,3.500000000000000000e+01,1.588609981536865234e+01
4.100000000000000000e+01,3.500000000000000000e+01,1.588609981536865234e+01
4.200000000000000000e+01,3.500000000000000000e+01,1.588609981536865234e+01
4.300000000000000000e+01,3.500000000000000000e+01,1.588609981536865234e+01
4.400000000000000000e+01,3.500000000000000000e+01,1.588609981536865234e+01
4.500000000000000000e+01,3.500000000000000000e+01,1.588609981536865234e+01
4.600000000000000000e+01,3.500000000000000000e+01,1.588609981536865234e+01
4.700000000000000000e+01,3.500000000000000000e+01,1.588609981536865234e+01
4.800000000000000000e+01,3.500000000000000000e+01,1.588609981536865234e+01
4.900000000000000000e+01,3.500000000000000000e+01,1.588609981536865234e+01
5.000000000000000000e+01,3.500000000000000000e+01,1.588609981536865234e+01
5.100000000000000000e+01,3.500000000000000000e+01,1.588609981536865234e+01
5.200000000000000000e+01,3.500000000000000000e+01,1.588609981536865234e+01
5.300000000000000000e+01,3.500000000000000000e+01,1.588609981536865234e+01
5.400000000000000000e+01,3.500000000000000000e+01,1.588609981536865234e+01
5.500000000000000000e+01,3.500000000000000000e+01,1.588609981536865234e+01
5.600000000000000000e+01,3.500000000000000000e+01,1.588609981536865234e+01
5.700000000000000000e+01,3.500000000000000000e+01,1.588609981536865234e+01
5.800000000000000000e+01,3.500000000000000000e+01,1.588609981536865234e+01
5.900000000000000000e+01,3.500000000000000000e+01,1.588609981536865234e+01
0.000000000000000000e+00,3.527679824829101562e+01,1.600000000000000000e+01
1.000000000000000000e+00,3.527679824829101562e+01,1.600000000000000000e+01
2.000000000000000000e+00,3.527679824829101562e+01,1.600000000000000000e+01
3.000000000000000000e+00,3.527679824829101562e+01,1.600000000000000000e+01
4.000000000000000000e+00,3.527679824829101562e+01,1.600000000000000000e+01
5.000000000000000000e+00,3.527679824829101562e+01,1.600000000000000000e+01
6.000000000000000000e+00,3.527679824829101562e+01,1.600000000000000000e+01
7.000000000000000000e+00,3.527679824829101562e+01,1.600000000000000000e+01
8.000000000000000000e+00,3.527679824829101562e+01,1.600000000000000000e+01
9.000000000000000000e+00,3.527679824829101562e+01,1.600000000000000000e+01
1.000000000000000000e+01,3.527679824829101562e+01,1.600000000000000000e+01
1.100000000000000000e+01,3.527679824829101562e+01,1.600000000000000000e+01
1.200000000000000000e+01,3.527679824829101562e+01,1.600000000000000000e+01
1.300000000000000000e+01,3.527679824829101562e+01,1.600000000000000000e+01
1.400000000000000000e+01,3.527679824829101562e+01,1.600000000000000000e+01
1.500000000000000000e+01,3.527679824829101562e+01,1.600000000000000000e+01
1.600000000000000000e+01,3.527679824829101562e+01,1.600000000000000000e+01
1.700000000000000000e+01,3.527679824829101562e+01,1.600000000000000000e+01
1.800000000000000000e+01,3.527679824829101562e+01,1.600000000000000000e+01
1.900000000000000000e+01,3.527679824829101562e+01,1.600000000000000000e+01
2.000000000000000000e+01,3.527679824829101562e+01,1.600000000000000000e+01
2.100000000000000000e+01,3.527679824829101562e+01,1.600000000000000000e+01
2.200000000000000000e+01,3.527679824829101562e+01,1.600000000000000000e+01
2.300000000000000000e+01,3.527679824829101562e+01,1.600000000000000000e+01
2.400000000000000000e+01,3.527679824829101562e+01,1.600000000000000000e+01
2.500000000000000000e+01,3.527679824829101562e+01,1.600000000000000000e+01
2.600000000000000000e+01,3.527679824829101562e+01,1.600000000000000000e+01
2.700000000000000000e+01,3.527679824829101562e+01,1.600000000000000000e+01
2.800000000000000000e+01,3.527679824829101562e+01,1.600000000000000000e+01
2.900000000000000000e+01,3.527679824829101562e+01,1.600000000000000000e+01
3.000000000000000000e+01,3.527679824829101562e+01,1.600000000000000000e+01
3.100000000000000000e+01,3.527679824829101562e+01,1.600000000000000000e+01
3.200000000000000000e+01,3.527679824829101562e+01,1.600000000000000000e+01
3.300000000000000000e+01,3.527679824829101562e+01,1.600000000000000000e+01
3.400000000000000000e+01,3.527679824829101562e+01,1.600000000000000000e+01
3.500000000000000000e+01,3.527679824829101562e+01,1.600000000000000000e+01
3.600000000000000000e+01,3.527679824829101562e+01,1.600000000000000000e+01
3.700000000000000000e+01,3.527679824829101562e+01,1.600000000000000000e+01
3.800000000000000000e+01,3.527679824829101562e+01,1.600000000000000000e+01
3.900000000000000000e+01,3.527679824829101562e+01,1.600000000000000000e+01
4.000000000000000000e+01,3.527679824829101562e+01,1.600000000000000000e+01
4.100000000000000000e+01,3.527679824829101562e+01,1.600000000000000000e+01
4.200000000000000000e+01,3.527679824829101562e+01,1.600000000000000000e+01
4.300000000000000000e+01,3.527679824829101562e+01,1.600000000000000000e+01
4.400000000000000000e+01,3.527679824829101562e+01,1.600000000000000000e+01
4.500000000000000000e+01,3.527679824829101562e+01,1.600000000000000000e+01
4.600000000000000000e+01,3.527679824829101562e+01,1.600000000000000000e+01
4.700000000000000000e+01,3.527679824829101562e+01,1.600000000000000000e+01
4.800000000000000000e+01,3.527679824829101562e+01,1.600000000000000000e+01
4.900000000000000000e+01,3.527679824829101562e+01,1.600000000000000000e+01
5.000000000000000000e+01,3.527679824829101562e+01,1.600000000000000000e+01
5.100000000000000000e+01,3.527679824829101562e+01,1.600000000000000000e+01
5.200000000000000000e+01,3.527679824829101562e+01,1.600000000000000000e+01
5.300000000000000000e+01,3.527679824829101562e+01,1.600000000000000000e+01
5.400000000000000000e+01,3.527679824829101562e+01,1.600000000000000000e+01
5.500000000000000000e+01,3.527679824829101562e+01,1.600000000000000000e+01
5.600000000000000000e+01,3.527679824829101562e+01,1.600000000000000000e+01
5.700000000000000000e+01,3.527679824829101562e+01,1.600000000000000000e+01
5.800000000000000000e+01,3.527679824829101562e+01,1.600000000000000000e+01
5.900000000000000000e+01,3.527679824829101562e+01,1.600000000000000000e+01
0.000000000000000000e+00,2.300000000000000000e+01,1.676429939270019531e+01
1.000000000000000000e+00,2.300000000000000000e+01,1.676429939270019531e+01
1.000000000000000000e+00,2.259469985961914062e+01,1.700000000000000000e+01
0.000000000000000000e+00,2.259469985961914062e+01,1.700000000000000000e+01
2.000000000000000000e+00,2.300000000000000000e+01,1.676429939270019531e+01
2.000000000000000000e+00,2.259469985961914062e+01,1.700000000000000000e+01
3.000000000000000000e+00,2.300000000000000000e+01,1.676429939270019531e+01
3.000000000000000000e+00,2.259469985961914062e+01,1.700000000000000000e+01
4.000000000000000000e+00,2.300000000000000000e+01,1.676429939270019531e+01
4.000000000000000000e+00,2.259469985961914062e+01,1.700000000000000000e+01
5.000000000000000000e+00,2.300000000000000000e+01,1.676429939270019531e+01
5.000000000000000000e+00,2.259469985961914062e+01,1.700000000000000000e+01
6.000000000000000000e+00,2.300000000000000000e+01,1.676429939270019531e+01
6.000000000000000000e+00,2.259469985961914062e+01,1.700000000000000000e+01
7.000000000000000000e+00,2.300000000000000000e+01,1.676429939270019531e+01
7.000000000000000000e+00,2.259469985961914062e+01,1.700000000000000000e+01
8.000000000000000000e+00,2.300000000000000000e+01,1.676429939270019531e+01
8.000000000000000000e+00,2.259469985961914062e+01,1.700000000000000000e+01
9.000000000000000000e+00,2.300000000000000000e+01,1.676429939270019531e+01
9.000000000000000000e+00,2.259469985961914062e+01,1.700000000000000000e+01
1.000000000000000000e+01,2.300000000000000000e+01,1.676429939270019531e+01
1.000000000000000000e+01,2.259469985961914062e+01,1.700000000000000000e+01
1.100000000000000000e+01,2.300000000000000000e+01,1.676429939270019531e+01
1.100000000000000000e+01,2.259469985961914062e+01,1.700000000000000000e+01
1.200000000000000000e+01,2.300000000000000000e+01,1.676429939270019531e+01
1.200000000000000000e+01,2.259469985961914062e+01,1.700000000000000000e+01
1.300000000000000000e+01,2.300000000000000000e+01,1.676429939270019531e+01
1.300000000000000000e+01,2.259469985961914062e+01,1.700000000000000000e+01
1.400000000000000000e+01,2.300000000000000000e+01,1.676429939270019531e+01
1.400000000000000000e+01,2.259469985961914062e+01,1.700000000000000000e+01
1.500000000000000000e+01,2.300000000000000000e+01,1.676429939270019531e+01
1.500000000000000000e+01,2.259469985961914062e+01,1.700000000000000000e+01
1.600000000000000000e+01,2.300000000000000000e+01,1.676429939270019531e+01
1.600000000000000000e+01,2.259469985961914062e+01,1.700000000000000000e+01
1.700000000000000000e+01,2.300000000000000000e+01,1.676429939270019531e+01
1.700000000000000000e+01,2.259469985961914062e+01,1.700000000000000000e+01
1.800000000000000000e+01,2.300000000000000000e+01,1.676429939270019531e+01
1.800000000000000000e+01,2.259469985961914062e+01,1.700000000000000000e+01
1.900000000000000000e+01,2.300000000000000000e+01,1.676429939270019531e+01
1.900000000000000000e+01,2.259469985961914062e+01,1.700000000000000000e+01
2.000000000000000000e+01,2.300000000000000000e+01,1.676429939270019531e+01
2.000000000000000000e+01,2.259469985961914062e+01,1.700000000000000000e+01
2.100000000000000000e+01,2.300000000000000000e+01,1.676429939270019531e+01
2.100000000000000000e+01,2.259469985961914062e+01,1.700000000000000000e+01
2.200000000000000000e+01,2.300000000000000000e+01,1.676429939270019531e+01
2.200000000000000000e+01,2.259469985961914062e+01,1.700000000000000000e+01
2.300000000000000000e+01,2.300000000000000000e+01,1.676429939270019531e+01
2.300000000000000000e+01,2.259469985961914062e+01,1.700000000000000000e+01
2.400000000000000000e+01,2.300000000000000000e+01,1.676429939270019531e+01
2.400000000000000000e+01,2.259469985961914062e+01,1.700000000000000000e+01
2.500000000000000000e+01,2.300000000000000000e+01,1.676429939270019531e+01
2.500000000000000000e+01,2.259469985961914062e+01,1.700000000000000000e+01
2.600000000000000000e+01,2.300000000000000000e+01,1.676429939270019531e+01
2.600000000000000000e+01,2.259469985961914062e+01,1.700000000000000000e+01
2.700000000000000000e+01,2.300000000000000000e+01,1.676429939270019531e+01
2.700000000000000000e+01,2.259469985961914062e+01,1.700000000000000000e+01
2.800000000000000000e+01,2.300000000000000000e+01,1.676429939270019531e+01
2.800000000000000000e+01,2.259469985961914062e+01,1.700000000000000000e+01
2.900000000000000000e+01,2.300000000000000000e+01,1.676429939270019531e+01
2.900000000000000000e+01,2.259469985961914062e+01,1.700000000000000000e+01
3.000000000000000000e+01,2.300000000000000000e+01,1.676429939270019531e+01
3.000000000000000000e+01,2.259469985961914062e+01,1.700000000000000000e+01
3.100000000000000000e+01,2.300000000000000000e+01,1.676429939270019531e+01
3.100000000000000000e+01,2.259469985961914062e+01,1.700000000000000000e+01
3.200000000000000000e+01,2.300000000000000000e+01,1.676429939270019531e+01
3.200000000000000000e+01,2.259469985961914062e+01,1.700000000000000000e+01
3.300000000000000000e+01,2.300000000000000000e+01,1.676429939270019531e+01
3.300000000000000000e+01,2.259469985961914062e+01,1.700000000000000000e+01
3.400000000000000000e+01,2.300000000000000000e+01,1.676429939270019531e+01
3.400000000000000000e+01,2.259469985961914062e+01,1.700000000000000000e+01
3.500000000000000000e+01,2.300000000000000000e+01,1.676429939270019531e+01
3.500000000000000000e+01,2.259469985961914062e+01,1.700000000000000000e+01
3.600000000000000000e+01,2.300000000000000000e+01,1.676429939270019531e+01
3.600000000000000000e+01,2.259469985961914062e+01,1.700000000000000000e+01
3.700000000000000000e+01,2.300000000000000000e+01,1.676429939270019531e+01
3.700000000000000000e+01,2.259469985961914062e+01,1.700000000000000000e+01
3.800000000000000000e+01,2.300000000000000000e+01,1.676429939270019531e+01
3.800000000000000000e+01,2.259469985961914062e+01,1.700000000000000000e+01
3.900000000000000000e+01,2.300000000000000000e+01,1.676429939270019531e+01
3.900000000000000000e+01,2.259469985961914062e+01,1.700000000000000000e+01
4.000000000000000000e+01,2.300000000000000000e+01,1.676429939270019531e+01
4.000000000000000000e+01,2.259469985961914062e+01,1.700000000000000000e+01
4.100000000000000000e+01,2.300000000000000000e+01,1.676429939270019531e+01
4.100000000000000000e+01,2.259469985961914062e+01,1.700000000000000000e+01
4.200000000000000000e+01,2.300000000000000000e+01,1.676429939270019531e+01
4.200000000000000000e+01,2.259469985961914062e+01,1.700000000000000000e+01
4.300000000000000000e+01,2.300000000000000000e+01,1.676429939270019531e+01
4.300000000000000000e+01,2.259469985961914062e+01,1.700000000000000000e+01
4.400000000000000000e+01,2.300000000000000000e+01,1.676429939270019531e+01
4.400000000000000000e+01,2.259469985961914062e+01,1.700000000000000000e+01
4.500000000000000000e+01,2.300000000000000000e+01,1.676429939270019531e+01
4.500000000000000000e+01,2.259469985961914062e+01,1.700000000000000000e+01
4.600000000000000000e+01,2.300000000000000000e+01,1.676429939270019531e+01
4.600000000000000000e+01,2.259469985961914062e+01,1.700000000000000000e+01
4.700000000000000000e+01,2.300000000000000000e+01,1.676429939270019531e+01
4.700000000000000000e+01,2.259469985961914062e+01,1.700000000000000000e+01
4.800000000000000000e+01,2.300000000000000000e+01,1.676429939270019531e+01
4.800000000000000000e+01,2.259469985961914062e+01,1.700000000000000000e+01
4.900000000000000000e+01,2.300000000000000000e+01,1.676429939270019531e+01
4.900000000000000000e+01,2.259469985961914062e+01,1.700000000000000000e+01
5.000000000000000000e+01,2.300000000000000000e+01,1.676429939270019531e+01
5.000000000000000000e+01,2.259469985961914062e+01,1.700000000000000000e+01
5.100000000000000000e+01,2.300000000000000000e+01,1.676429939270019531e+01
5.100000000000000000e+01,2.259469985961914062e+01,1.700000000000000000e+01
5.200000000000000000e+01,2.300000000000000000e+01,1.676429939270019531e+01
5.200000000000000000e+01,2.259469985961914062e+01,1.700000000000000000e+01
5.300000000000000000e+01,2.300000000000000000e+01,1.676429939270019531e+01
5.300000000000000000e+01,2.259469985961914062e+01,1.700000000000000000e+01
5.400000000000000000e+01,2.300000000000000000e+01,1.676429939270019531e+01
5.400000000000000000e+01,2.259469985961914062e+01,1.700000000000000000e+01
5.500000000000000000e+01,2.300000000000000000e+01,1.676429939270019531e+01
5.500000000000000000e+01,2.259469985961914062e+01,1.700000000000000000e+01
5.600000000000000000e+01,2.300000000000000000e+01,1.676429939270019531e+01
5.600000000000000000e+01,2.259469985961914062e+01,1.700000000000000000e+01
5.700000000000000000e+01,2.300000000000000000e+01,1.676429939270019531e+01
5.700000000000000000e+01,2.259469985961914062e+01,1.700000000000000000e+01
5.800000000000000000e+01,2.300000000000000000e+01,1.676429939270019531e+01
5.800000000000000000e+01,2.259469985961914062e+01,1.700000000000000000e+01
5.900000000000000000e+01,2.300000000000000000e+01,1.676429939270019531e+01
5.900000000000000000e+01,2.259469985961914062e+01,1.700000000000000000e+01
1.000000000000000000e+00,2.400000000000000000e+01,1.629780006408691406e+01
0.000000000000000000e+00,2.400000000000000000e+01,1.629780006408691406e+01
2.000000000000000000e+00,2.400000000000000000e+01,1.629780006408691406e+01
3.000000000000000000e+00,2.400000000000000000e+01,1.629780006408691406e+01
4.000000000000000000e+00,2.400000000000000000e+01,1.629780006408691406e+01
5.000000000000000000e+00,2.400000000000000000e+01,1.629780006408691406e+01
6.000000000000000000e+00,2.400000000000000000e+01,1.629780006408691406e+01
7.000000000000000000e+00,2.400000000000000000e+01,1.629780006408691406e+01
8.000000000000000000e+00,2.400000000000000000e+01,1.629780006408691406e+01
9.000000000000000000e+00,2.400000000000000000e+01,1.629780006408691406e+01
1.000000000000000000e+01,2.400000000000000000e+01,1.629780006408691406e+01
1.100000000000000000e+01,2.400000000000000000e+01,1.629780006408691406e+01
1.200000000000000000e+01,2.400000000000000000e+01,1.629780006408691406e+01
1.300000000000000000e+01,2.400000000000000000e+01,1.629780006408691406e+01
1.400000000000000000e+01,2.400000000000000000e+01,1.629780006408691406e+01
1.500000000000000000e+01,2.400000000000000000e+01,1.629780006408691406e+01
1.600000000000000000e+01,2.400000000000000000e+01,1.629780006408691406e+01
1.700000000000000000e+01,2.400000000000000000e+01,1.629780006408691406e+01
1.800000000000000000e+01,2.400000000000000000e+01,1.629780006408691406e+01
1.900000000000000000e+01,2.400000000000000000e+01,1.629780006408691406e+01
2.000000000000000000e+01,2.400000000000000000e+01,1.629780006408691406e+01
2.100000000000000000e+01,2.400000000000000000e+01,1.629780006408691406e+01
2.200000000000000000e+01,2.400000000000000000e+01,1.629780006408691406e+01
2.300000000000000000e+01,2.400000000000000000e+01,1.629780006408691406e+01
2.400000000000000000e+01,2.400000000000000000e+01,1.629780006408691406e+01
2.500000000000000000e+01,2.400000000000000000e+01,1.629780006408691406e+01
2.600000000000000000e+01,2.400000000000000000e+01,1.629780006408691406e+01
2.700000000000000000e+01,2.400000000000000000e+01,1.629780006408691406e+01
2.800000000000000000e+01,2.400000000000000000e+01,1.629780006408691406e+01
2.900000000000000000e+01,2.400000000000000000e+01,1.629780006408691406e+01
3.000000000000000000e+01,2.400000000000000000e+01,1.629780006408691406e+01
3.100000000000000000e+01,2.400000000000000000e+01,1.629780006408691406e+01
3.200000000000000000e+01,2.400000000000000000e+01,1.629780006408691406e+01
3.300000000000000000e+01,2.400000000000000000e+01,1.629780006408691406e+01
3.400000000000000000e+01,2.400000000000000000e+01,1.629780006408691406e+01
3.500000000000000000e+01,2.400000000000000000e+01,1.629780006408691406e+01
3.600000000000000000e+01,2.400000000000000000e+01,1.629780006408691406e+01
3.700000000000000000e+01,2.400000000000000000e+01,1.629780006408691406e+01
3.800000000000000000e+01,2.400000000000000000e+01,1.629780006408691406e+01
3.900000000000000000e+01,2.400000000000000000e+01,1.629780006408691406e+01
4.000000000000000000e+01,2.400000000000000000e+01,1.629780006408691406e+01
4.100000000000000000e+01,2.400000000000000000e+01,1.629780006408691406e+01
4.200000000000000000e+01,2.400000000000000000e+01,1.629780006408691406e+01
4.300000000000000000e+01,2.400000000000000000e+01,1.629780006408691406e+01
4.400000000000000000e+01,2.400000000000000000e+01,1.629780006408691406e+01
4.500000000000000000e+01,2.400000000000000000e+01,1.629780006408691406e+01
4.600000000000000000e+01,2.400000000000000000e+01,1.629780006408691406e+01
4.700000000000000000e+01,2.400000000000000000e+01,1.629780006408691406e+01
4.800000000000000000e+01,2.400000000000000000e+01,1.629780006408691406e+01
4.900000000000000000e+01,2.400000000000000000e+01,1.629780006408691406e+01
5.000000000000000000e+01,2.400000000000000000e+01,1.629780006408691406e+01
5.100000000000000000e+01,2.400000000000000000e+01,1.629780006408691406e+01
5.200000000000000000e+01,2.400000000000000000e+01,1.629780006408691406e+01
5.300000000000000000e+01,2.400000000000000000e+01,1.629780006408691406e+01
5.400000000000000000e+01,2.400000000000000000e+01,1.629780006408691406e+01
5.500000000000000000e+01,2.400000000000000000e+01,1.629780006408691406e+01
5.600000000000000000e+01,2.400000000000000000e+01,1.629780006408691406e+01
5.700000000000000000e+01,2.400000000000000000e+01,1.629780006408691406e+01
5.800000000000000000e+01,2.400000000000000000e+01,1.629780006408691406e+01
5.900000000000000000e+01,2.400000000000000000e+01,1.629780006408691406e+01
1.000000000000000000e+00,3.600000000000000000e+01,1.629780006408691406e+01
0.000000000000000000e+00,3.600000000000000000e+01,1.629780006408691406e+01
2.000000000000000000e+00,3.600000000000000000e+01,1.629780006408691406e+01
3.000000000000000000e+00,3.600000000000000000e+01,1.629780006408691406e+01
4.000000000000000000e+00,3.600000000000000000e+01,1.629780006408691406e+01
5.000000000000000000e+00,3.600000000000000000e+01,1.629780006408691406e+01
6.000000000000000000e+00,3.600000000000000000e+01,1.629780006408691406e+01
7.000000000000000000e+00,3.600000000000000000e+01,1.629780006408691406e+01
8.000000000000000000e+00,3.600000000000000000e+01,1.629780006408691406e+01
9.000000000000000000e+00,3.600000000000000000e+01,1.629780006408691406e+01
1.000000000000000000e+01,3.600000000000000000e+01,1.629780006408691406e+01
1.100000000000000000e+01,3.600000000000000000e+01,1.629780006408691406e+01
1.200000000000000000e+01,3.600000000000000000e+01,1.629780006408691406e+01
1.300000000000000000e+01,3.600000000000000000e+01,1.629780006408691406e+01
1.400000000000000000e+01,3.600000000000000000e+01,1.629780006408691406e+01
1.500000000000000000e+01,3.600000000000000000e+01,1.629780006408691406e+01
1.600000000000000000e+01,3.600000000000000000e+01,1.629780006408691406e+01
1.700000000000000000e+01,3.600000000000000000e+01,1.629780006408691406e+01
1.800000000000000000e+01,3.600000000000000000e+01,1.629780006408691406e+01
1.900000000000000000e+01,3.600000000000000000e+01,1.629780006408691406e+01
2.000000000000000000e+01,3.600000000000000000e+01,1.629780006408691406e+01
2.100000000000000000e+01,3.600000000000000000e+01,1.629780006408691406e+01
2.200000000000000000e+01,3.600000000000000000e+01,1.629780006408691406e+01
2.300000000000000000e+01,3.600000000000000000e+01,1.629780006408691406e+01
2.400000000000000000e+01,3.600000000000000000e+01,1.629780006408691406e+01
2.500000000000000000e+01,3.600000000000000000e+01,1.629780006408691406e+01
2.600000000000000000e+01,3.600000000000000000e+01,1.629780006408691406e+01
2.700000000000000000e+01,3.600000000000000000e+01,1.629780006408691406e+01
2.800000000000000000e+01,3.600000000000000000e+01,1.629780006408691406e+01
2.900000000000000000e+01,3.600000000000000000e+01,1.629780006408691406e+01
3.000000000000000000e+01,3.600000000000000000e+01,1.629780006408691406e+01
3.100000000000000000e+01,3.600000000000000000e+01,1.629780006408691406e+01
3.200000000000000000e+01,3.600000000000000000e+01,1.629780006408691406e+01
3.300000000000000000e+01,3.600000000000000000e+01,1.629780006408691406e+01
3.400000000000000000e+01,3.600000000000000000e+01,1.629780006408691406e+01
3.500000000000000000e+01,3.600000000000000000e+01,1.629780006408691406e+01
3.600000000000000000e+01,3.600000000000000000e+01,1.629780006408691406e+01
3.700000000000000000e+01,3.600000000000000000e+01,1.629780006408691406e+01
3.800000000000000000e+01,3.600000000000000000e+01,1.629780006408691406e+01
3.900000000000000000e+01,3.600000000000000000e+01,1.629780006408691406e+01
4.000000000000000000e+01,3.600000000000000000e+01,1.629780006408691406e+01
4.100000000000000000e+01,3.600000000000000000e+01,1.629780006408691406e+01
4.200000000000000000e+01,3.600000000000000000e+01,1.629780006408691406e+01
4.300000000000000000e+01,3.600000000000000000e+01,1.629780006408691406e+01
4.400000000000000000e+01,3.600000000000000000e+01,1.629780006408691406e+01
4.500000000000000000e+01,3.600000000000000000e+01,1.629780006408691406e+01
4.600000000000000000e+01,3.600000000000000000e+01,1.629780006408691406e+01
4.700000000000000000e+01,3.600000000000000000e+01,1.629780006408691406e+01
4.800000000000000000e+01,3.600000000000000000e+01,1.629780006408691406e+01
4.900000000000000000e+01,3.600000000000000000e+01,1.629780006408691406e+01
5.000000000000000000e+01,3.600000000000000000e+01,1.629780006408691406e+01
5.100000000000000000e+01,3.600000000000000000e+01,1.629780006408691406e+01
5.200000000000000000e+01,3.600000000000000000e+01,1.629780006408691406e+01
5.300000000000000000e+01,3.600000000000000000e+01,1.629780006408691406e+01
5.400000000000000000e+01,3.600000000000000000e+01,1.629780006408691406e+01
5.500000000000000000e+01,3.600000000000000000e+01,1.629780006408691406e+01
5.600000000000000000e+01,3.600000000000000000e+01,1.629780006408691406e+01
5.700000000000000000e+01,3.600000000000000000e+01,1.629780006408691406e+01
5.800000000000000000e+01,3.600000000000000000e+01,1.629780006408691406e+01
5.900000000000000000e+01,3.600000000000000000e+01,1.629780006408691406e+01
1.000000000000000000e+00,3.700000000000000000e+01,1.676429939270019531e+01
0.000000000000000000e+00,3.700000000000000000e+01,1.676429939270019531e+01
2.000000000000000000e+00,3.700000000000000000e+01,1.676429939270019531e+01
3.000000000000000000e+00,3.700000000000000000e+01,1.676429939270019531e+01
4.000000000000000000e+00,3.700000000000000000e+01,1.676429939270019531e+01
5.000000000000000000e+00,3.700000000000000000e+01,1.676429939270019531e+01
6.000000000000000000e+00,3.700000000000000000e+01,1.676429939270019531e+01
7.000000000000000000e+00,3.700000000000000000e+01,1.676429939270019531e+01
8.000000000000000000e+00,3.700000000000000000e+01,1.676429939270019531e+01
9.000000000000000000e+00,3.700000000000000000e+01,1.676429939270019531e+01
1.000000000000000000e+01,3.700000000000000000e+01,1.676429939270019531e+01
1.100000000000000000e+01,3.700000000000000000e+01,1.676429939270019531e+01
1.200000000000000000e+01,3.700000000000000000e+01,1.676429939270019531e+01
1.300000000000000000e+01,3.700000000000000000e+01,1.676429939270019531e+01
1.400000000000000000e+01,3.700000000000000000e+01,1.676429939270019531e+01
1.500000000000000000e+01,3.700000000000000000e+01,1.676429939270019531e+01
1.600000000000000000e+01,3.700000000000000000e+01,1.676429939270019531e+01
1.700000000000000000e+01,3.700000000000000000e+01,1.676429939270019531e+01
1.800000000000000000e+01,3.700000000000000000e+01,1.676429939270019531e+01
1.900000000000000000e+01,3.700000000000000000e+01,1.676429939270019531e+01
2.000000000000000000e+01,3.700000000000000000e+01,1.676429939270019531e+01
2.100000000000000000e+01,3.700000000000000000e+01,1.676429939270019531e+01
2.200000000000000000e+01,3.700000000000000000e+01,1.676429939270019531e+01
2.300000000000000000e+01,3.700000000000000000e+01,1.676429939270019531e+01
2.400000000000000000e+01,3.700000000000000000e+01,1.676429939270019531e+01
2.500000000000000000e+01,3.700000000000000000e+01,1.676429939270019531e+01
2.600000000000000000e+01,3.700000000000000000e+01,1.676429939270019531e+01
2.700000000000000000e+01,3.700000000000000000e+01,1.676429939270019531e+01
2.800000000000000000e+01,3.700000000000000000e+01,1.676429939270019531e+01
2.900000000000000000e+01,3.700000000000000000e+01,1.676429939270019531e+01
3.000000000000000000e+01,3.700000000000000000e+01,1.676429939270019531e+01
3.100000000000000000e+01,3.700000000000000000e+01,1.676429939270019531e+01
3.200000000000000000e+01,3.700000000000000000e+01,1.676429939270019531e+01
3.300000000000000000e+01,3.700000000000000000e+01,1.676429939270019531e+01
3.400000000000000000e+01,3.700000000000000000e+01,1.676429939270019531e+01
3.500000000000000000e+01,3.700000000000000000e+01,1.676429939270019531e+01
3.600000000000000000e+01,3.700000000000000000e+01,1.676429939270019531e+01
3.700000000000000000e+01,3.700000000000000000e+01,1.676429939270019531e+01
3.800000000000000000e+01,3.700000000000000000e+01,1.676429939270019531e+01
3.900000000000000000e+01,3.700000000000000000e+01,1.676429939270019531e+01
4.000000000000000000e+01,3.700000000000000000e+01,1.676429939270019531e+01
4.100000000000000000e+01,3.700000000000000000e+01,1.676429939270019531e+01
4.200000000000000000e+01,3.700000000000000000e+01,1.676429939270019531e+01
4.300000000000000000e+01,3.700000000000000000e+01,1.676429939270019531e+01
4.400000000000000000e+01,3.700000000000000000e+01,1.676429939270019531e+01
4.500000000000000000e+01,3.700000000000000000e+01,1.676429939270019531e+01
4.600000000000000000e+01,3.700000000000000000e+01,1.676429939270019531e+01
4.700000000000000000e+01,3.700000000000000000e+01,1.676429939270019531e+01
4.800000000000000000e+01,3.700000000000000000e+01,1.676429939270019531e+01
4.900000000000000000e+01,3.700000000000000000e+01,1.676429939270019531e+01
5.000000000000000000e+01,3.700000000000000000e+01,1.676429939270019531e+01
5.100000000000000000e+01,3.700000000000000000e+01,1.676429939270019531e+01
5.200000000000000000e+01,3.700000000000000000e+01,1.676429939270019531e+01
5.300000000000000000e+01,3.700000000000000000e+01,1.676429939270019531e+01
5.400000000000000000e+01,3.700000000000000000e+01,1.676429939270019531e+01
5.500000000000000000e+01,3.700000000000000000e+01,1.676429939270019531e+01
5.600000000000000000e+01,3.700000000000000000e+01,1.676429939270019531e+01
5.700000000000000000e+01,3.700000000000000000e+01,1.676429939270019531e+01
5.800000000000000000e+01,3.700000000000000000e+01,1.676429939270019531e+01
5.900000000000000000e+01,3.700000000000000000e+01,1.676429939270019531e+01
0.000000000000000000e+00,3.740530014038085938e+01,1.700000000000000000e+01
1.000000000000000000e+00,3.740530014038085938e+01,1.700000000000000000e+01
2.000000000000000000e+00,3.740530014038085938e+01,1.700000000000000000e+01
3.000000000000000000e+00,3.740530014038085938e+01,1.700000000000000000e+01
4.000000000000000000e+00,3.740530014038085938e+01,1.700000000000000000e+01
5.000000000000000000e+00,3.740530014038085938e+01,1.700000000000000000e+01
6.000000000000000000e+00,3.740530014038085938e+01,1.700000000000000000e+01
7.000000000000000000e+00,3.740530014038085938e+01,1.700000000000000000e+01
8.000000000000000000e+00,3.740530014038085938e+01,1.700000000000000000e+01
9.000000000000000000e+00,3.740530014038085938e+01,1.700000000000000000e+01
1.000000000000000000e+01,3.740530014038085938e+01,1.700000000000000000e+01
1.100000000000000000e+01,3.740530014038085938e+01,1.700000000000000000e+01
1.200000000000000000e+01,3.740530014038085938e+01,1.700000000000000000e+01
1.300000000000000000e+01,3.740530014038085938e+01,1.700000000000000000e+01
1.400000000000000000e+01,3.740530014038085938e+01,1.700000000000000000e+01
1.500000000000000000e+01,3.740530014038085938e+01,1.700000000000000000e+01
1.600000000000000000e+01,3.740530014038085938e+01,1.700000000000000000e+01
1.700000000000000000e+01,3.740530014038085938e+01,1.700000000000000000e+01
1.800000000000000000e+01,3.740530014038085938e+01,1.700000000000000000e+01
1.900000000000000000e+01,3.740530014038085938e+01,1.700000000000000000e+01
2.000000000000000000e+01,3.740530014038085938e+01,1.700000000000000000e+01
2.100000000000000000e+01,3.740530014038085938e+01,1.700000000000000000e+01
2.200000000000000000e+01,3.740530014038085938e+01,1.700000000000000000e+01
2.300000000000000000e+01,3.740530014038085938e+01,1.700000000000000000e+01
2.400000000000000000e+01,3.740530014038085938e+01,1.700000000000000000e+01
2.500000000000000000e+01,3.740530014038085938e+01,1.700000000000000000e+01
2.600000000000000000e+01,3.740530014038085938e+01,1.700000000000000000e+01
2.700000000000000000e+01,3.740530014038085938e+01,1.700000000000000000e+01
2.800000000000000000e+01,3.740530014038085938e+01,1.700000000000000000e+01
2.900000000000000000e+01,3.740530014038085938e+01,1.700000000000000000e+01
3.000000000000000000e+01,3.740530014038085938e+01,1.700000000000000000e+01
3.100000000000000000e+01,3.740530014038085938e+01,1.700000000000000000e+01
3.200000000000000000e+01,3.740530014038085938e+01,1.700000000000000000e+01
3.300000000000000000e+01,3.740530014038085938e+01,1.700000000000000000e+01
3.400000000000000000e+01,3.740530014038085938e+01,1.700000000000000000e+01
3.500000000000000000e+01,3.740530014038085938e+01,1.700000000000000000e+01
3.600000000000000000e+01,3.740530014038085938e+01,1.700000000000000000e+01
3.700000000000000000e+01,3.740530014038085938e+01,1.700000000000000000e+01
3.800000000000000000e+01,3.740530014038085938e+01,1.700000000000000000e+01
3.900000000000000000e+01,3.740530014038085938e+01,1.700000000000000000e+01
4.000000000000000000e+01,3.740530014038085938e+01,1.700000000000000000e+01
4.100000000000000000e+01,3.740530014038085938e+01,1.700000000000000000e+01
4.200000000000000000e+01,3.740530014038085938e+01,1.700000000000000000e+01
4.300000000000000000e+01,3.740530014038085938e+01,1.700000000000000000e+01
4.400000000000000000e+01,3.740530014038085938e+01,1.700000000000000000e+01
4.500000000000000000e+01,3.740530014038085938e+01,1.700000000000000000e+01
4.600000000000000000e+01,3.740530014038085938e+01,1.700000000000000000e+01
4.700000000000000000e+01,3.740530014038085938e+01,1.700000000000000000e+01
4.800000000000000000e+01,3.740530014038085938e+01,1.700000000000000000e+01
4.900000000000000000e+01,3.740530014038085938e+01,1.700000000000000000e+01
5.000000000000000000e+01,3.740530014038085938e+01,1.700000000000000000e+01
5.100000000000000000e+01,3.740530014038085938e+01,1.700000000000000000e+01
5.200000000000000000e+01,3.740530014038085938e+01,1.700000000000000000e+01
5.300000000000000000e+01,3.740530014038085938e+01,1.700000000000000000e+01
5.400000000000000000e+01,3.740530014038085938e+01,1.700000000000000000e+01
5.500000000000000000e+01,3.740530014038085938e+01,1.700000000000000000e+01
5.600000000000000000e+01,3.740530014038085938e+01,1.700000000000000000e+01
5.700000000000000000e+01,3.740530014038085938e+01,1.700000000000000000e+01
5.800000000000000000e+01,3.740530014038085938e+01,1.700000000000000000e+01
5.900000000000000000e+01,3.740530014038085938e+01,1.700000000000000000e+01
0.000000000000000000e+00,2.200000000000000000e+01,1.735869979858398438e+01
1.000000000000000000e+00,2.200000000000000000e+01,1.735869979858398438e+01
1.000000000000000000e+00,2.105960083007812500e+01,1.800000000000000000e+01
0.000000000000000000e+00,2.105960083007812500e+01,1.800000000000000000e+01
2.000000000000000000e+00,2.200000000000000000e+01,1.735869979858398438e+01
2.000000000000000000e+00,2.105960083007812500e+01,1.800000000000000000e+01
3.000000000000000000e+00,2.200000000000000000e+01,1.735869979858398438e+01
3.000000000000000000e+00,2.105960083007812500e+01,1.800000000000000000e+01
4.000000000000000000e+00,2.200000000000000000e+01,1.735869979858398438e+01
4.000000000000000000e+00,2.105960083007812500e+01,1.800000000000000000e+01
5.000000000000000000e+00,2.200000000000000000e+01,1.735869979858398438e+01
5.000000000000000000e+00,2.105960083007812500e+01,1.800000000000000000e+01
6.000000000000000000e+00,2.200000000000000000e+01,1.735869979858398438e+01
6.000000000000000000e+00,2.105960083007812500e+01,1.800000000000000000e+01
7.000000000000000000e+00,2.200000000000000000e+01,1.735869979858398438e+01
7.000000000000000000e+00,2.105960083007812500e+01,1.800000000000000000e+01
8.000000000000000000e+00,2.200000000000000000e+01,1.735869979858398438e+01
8.000000000000000000e+00,2.105960083007812500e+01,1.800000000000000000e+01
9.000000000000000000e+00,2.200000000000000000e+01,1.735869979858398438e+01
9.000000000000000000e+00,2.105960083007812500e+01,1.800000000000000000e+01
1.000000000000000000e+01,2.200000000000000000e+01,1.735869979858398438e+01
1.000000000000000000e+01,2.105960083007812500e+01,1.800000000000000000e+01
1.100000000000000000e+01,2.200000000000000000e+01,1.735869979858398438e+01
1.100000000000000000e+01,2.105960083007812500e+01,1.800000000000000000e+01
1.200000000000000000e+01,2.200000000000000000e+01,1.735869979858398438e+01
1.200000000000000000e+01,2.105960083007812500e+01,1.800000000000000000e+01
1.300000000000000000e+01,2.200000000000000000e+01,1.735869979858398438e+01
1.300000000000000000e+01,2.105960083007812500e+01,1.800000000000000000e+01
1.400000000000000000e+01,2.200000000000000000e+01,1.735869979858398438e+01
1.400000000000000000e+01,2.105960083007812500e+01,1.800000000000000000e+01
1.500000000000000000e+01,2.200000000000000000e+01,1.735869979858398438e+01
1.500000000000000000e+01,2.105960083007812500e+01,1.800000000000000000e+01
1.600000000000000000e+01,2.200000000000000000e+01,1.735869979858398438e+01
1.600000000000000000e+01,2.105960083007812500e+01,1.800000000000000000e+01
1.700000000000000000e+01,2.200000000000000000e+01,1.735869979858398438e+01
1.700000000000000000e+01,2.105960083007812500e+01,1.800000000000000000e+01
1.800000000000000000e+01,2.200000000000000000e+01,1.735869979858398438e+01
1.800000000000000000e+01,2.105960083007812500e+01,1.800000000000000000e+01
1.900000000000000000e+01,2.200000000000000000e+01,1.735869979858398438e+01
1.900000000000000000e+01,2.105960083007812500e+01,1.800000000000000000e+01
2.000000000000000000e+01,2.200000000000000000e+01,1.735869979858398438e+01
2.000000000000000000e+01,2.105960083007812500e+01,1.800000000000000000e+01
2.100000000000000000e+01,2.200000000000000000e+01,1.735869979858398438e+01
2.100000000000000000e+01,2.105960083007812500e+01,1.800000000000000000e+01
2.200000000000000000e+01,2.200000000000000000e+01,1.735869979858398438e+01
2.200000000000000000e+01,2.105960083007812500e+01,1.800000000000000000e+01
2.300000000000000000e+01,2.200000000000000000e+01,1.735869979858398438e+01
2.300000000000000000e+01,2.105960083007812500e+01,1.800000000000000000e+01
2.400000000000000000e+01,2.200000000000000000e+01,1.735869979858398438e+01
2.400000000000000000e+01,2.105960083007812500e+01,1.800000000000000000e+01
2.500000000000000000e+01,2.200000000000000000e+01,1.735869979858398438e+01
2.500000000000000000e+01,2.105960083007812500e+01,1.800000000000000000e+01
2.600000000000000000e+01,2.200000000000000000e+01,1.735869979858398438e+01
2.600000000000000000e+01,2.105960083007812500e+01,1.800000000000000000e+01
2.700000000000000000e+01,2.200000000000000000e+01,1.735869979858398438e+01
2.700000000000000000e+01,2.105960083007812500e+01,1.800000000000000000e+01
2.800000000000000000e+01,2.200000000000000000e+01,1.735869979858398438e+01
2.800000000000000000e+01,2.105960083007812500e+01,1.800000000000000000e+01
2.900000000000000000e+01,2.200000000000000000e+01,1.735869979858398438e+01
2.900000000000000000e+01,2.105960083007812500e+01,1.800000000000000000e+01
3.000000000000000000e+01,2.200000000000000000e+01,1.735869979858398438e+01
3.000000000000000000e+01,2.105960083007812500e+01,1.800000000000000000e+01
3.100000000000000000e+01,2.200000000000000000e+01,1.735869979858398438e+01
3.100000000000000000e+01,2.105960083007812500e+01,1.800000000000000000e+01
3.200000000000000000e+01,2.200000000000000000e+01,1.735869979858398438e+01
3.200000000000000000e+01,2.105960083007812500e+01,1.800000000000000000e+01
3.300000000000000000e+01,2.200000000000000000e+01,1.735869979858398438e+01
3.300000000000000000e+01,2.105960083007812500e+01,1.800000000000000000e+01
3.400000000000000000e+01,2.200000000000000000e+01,1.735869979858398438e+01
3.400000000000000000e+01,2.105960083007812500e+01,1.800000000000000000e+01
3.500000000000000000e+01,2.200000000000000000e+01,1.735869979858398438e+01
3.500000000000000000e+01,2.105960083007812500e+01,1.800000000000000000e+01
3.600000000000000000e+01,2.200000000000000000e+01,1.735869979858398438e+01
3.600000000000000000e+01,2.105960083007812500e+01,1.800000000000000000e+01
3.700000000000000000e+01,2.200000000000000000e+01,1.735869979858398438e+01
3.700000000000000000e+01,2.105960083007812500e+01,1.800000000000000000e+01
3.800000000000000000e+01,2.200000000000000000e+01,1.735869979858398438e+01
3.800000000000000000e+01,2.105960083007812500e+01,1.800000000000000000e+01
3.900000000000000000e+01,2.200000000000000000e+01,1.735869979858398438e+01
3.900000000000000000e+01,2.105960083007812500e+01,1.800000000000000000e+01
4.000000000000000000e+01,2.200000000000000000e+01,1.735869979858398438e+01
4.000000000000000000e+01,2.105960083007812500e+01,1.800000000000000000e+01
4.100000000000000000e+01,2.200000000000000000e+01,1.735869979858398438e+01
4.100000000000000000e+01,2.105960083007812500e+01,1.800000000000000000e+01
4.200000000000000000e+01,2.200000000000000000e+01,1.735869979858398438e+01
4.200000000000000000e+01,2.105960083007812500e+01,1.800000000000000000e+01
4.300000000000000000e+01,2.200000000000000000e+01,1.735869979858398438e+01
4.300000000000000000e+01,2.105960083007812500e+01,1.800000000000000000e+01
4.400000000000000000e+01,2.200000000000000000e+01,1.735869979858398438e+01
4.400000000000000000e+01,2.105960083007812500e+01,1.800000000000000000e+01
4.500000000000000000e+01,2.200000000000000000e+01,1.735869979858398438e+01
4.500000000000000000e+01,2.105960083007812500e+01,1.800000000000000000e+01
4.600000000000000000e+01,2.200000000000000000e+01,1.735869979858398438e+01
4.600000000000000000e+01,2.105960083007812500e+01,1.800000000000000000e+01
4.700000000000000000e+01,2.200000000000000000e+01,1.735869979858398438e+01
4.700000000000000000e+01,2.105960083007812500e+01,1.800000000000000000e+01
4.800000000000000000e+01,2.200000000000000000e+01,1.735869979858398438e+01
4.800000000000000000e+01,2.105960083007812500e+01,1.800000000000000000e+01
4.900000000000000000e+01,2.200000000000000000e+01,1.735869979858398438e+01
4.900000000000000000e+01,2.105960083007812500e+01,1.800000000000000000e+01
5.000000000000000000e+01,2.200000000000000000e+01,1.735869979858398438e+01
5.000000000000000000e+01,2.105960083007812500e+01,1.800000000000000000e+01
5.100000000000000000e+01,2.200000000000000000e+01,1.735869979858398438e+01
5.100000000000000000e+01,2.105960083007812500e+01,1.800000000000000000e+01
5.200000000000000000e+01,2.200000000000000000e+01,1.735869979858398438e+01
5.200000000000000000e+01,2.105960083007812500e+01,1.800000000000000000e+01
5.300000000000000000e+01,2.200000000000000000e+01,1.735869979858398438e+01
5.300000000000000000e+01,2.105960083007812500e+01,1.800000000000000000e+01
5.400000000000000000e+01,2.200000000000000000e+01,1.735869979858398438e+01
5.400000000000000000e+01,2.105960083007812500e+01,1.800000000000000000e+01
5.500000000000000000e+01,2.200000000000000000e+01,1.735869979858398438e+01
5.500000000000000000e+01,2.105960083007812500e+01,1.800000000000000000e+01
5.600000000000000000e+01,2.200000000000000000e+01,1.735869979858398438e+01
5.600000000000000000e+01,2.105960083007812500e+01,1.800000000000000000e+01
5.700000000000000000e+01,2.200000000000000000e+01,1.735869979858398438e+01
5.700000000000000000e+01,2.105960083007812500e+01,1.800000000000000000e+01
5.800000000000000000e+01,2.200000000000000000e+01,1.735869979858398438e+01
5.800000000000000000e+01,2.105960083007812500e+01,1.800000000000000000e+01
5.900000000000000000e+01,2.200000000000000000e+01,1.735869979858398438e+01
5.900000000000000000e+01,2.105960083007812500e+01,1.800000000000000000e+01
1.000000000000000000e+00,3.800000000000000000e+01,1.735869979858398438e+01
0.000000000000000000e+00,3.800000000000000000e+01,1.735869979858398438e+01
2.000000000000000000e+00,3.800000000000000000e+01,1.735869979858398438e+01
3.000000000000000000e+00,3.800000000000000000e+01,1.735869979858398438e+01
4.000000000000000000e+00,3.800000000000000000e+01,1.735869979858398438e+01
5.000000000000000000e+00,3.800000000000000000e+01,1.735869979858398438e+01
6.000000000000000000e+00,3.800000000000000000e+01,1.735869979858398438e+01
7.000000000000000000e+00,3.800000000000000000e+01,1.735869979858398438e+01
8.000000000000000000e+00,3.800000000000000000e+01,1.735869979858398438e+01
9.000000000000000000e+00,3.800000000000000000e+01,1.735869979858398438e+01
1.000000000000000000e+01,3.800000000000000000e+01,1.735869979858398438e+01
1.100000000000000000e+01,3.800000000000000000e+01,1.735869979858398438e+01
1.200000000000000000e+01,3.800000000000000000e+01,1.735869979858398438e+01
1.300000000000000000e+01,3.800000000000000000e+01,1.735869979858398438e+01
1.400000000000000000e+01,3.800000000000000000e+01,1.735869979858398438e+01
1.500000000000000000e+01,3.800000000000000000e+01,1.735869979858398438e+01
1.600000000000000000e+01,3.800000000000000000e+01,1.735869979858398438e+01
1.700000000000000000e+01,3.800000000000000000e+01,1.735869979858398438e+01
1.800000000000000000e+01,3.800000000000000000e+01,1.735869979858398438e+01
1.900000000000000000e+01,3.800000000000000000e+01,1.735869979858398438e+01
2.000000000000000000e+01,3.800000000000000000e+01,1.735869979858398438e+01
2.100000000000000000e+01,3.800000000000000000e+01,1.735869979858398438e+01
2.200000000000000000e+01,3.800000000000000000e+01,1.735869979858398438e+01
2.300000000000000000e+01,3.800000000000000000e+01,1.735869979858398438e+01
2.400000000000000000e+01,3.800000000000000000e+01,1.735869979858398438e+01
2.500000000000000000e+01,3.800000000000000000e+01,1.735869979858398438e+01
2.600000000000000000e+01,3.800000000000000000e+01,1.735869979858398438e+01
2.700000000000000000e+01,3.800000000000000000e+01,1.735869979858398438e+01
2.800000000000000000e+01,3.800000000000000000e+01,1.735869979858398438e+01
2.900000000000000000e+01,3.800000000000000000e+01,1.735869979858398438e+01
3.000000000000000000e+01,3.800000000000000000e+01,1.735869979858398438e+01
3.100000000000000000e+01,3.800000000000000000e+01,1.735869979858398438e+01
3.200000000000000000e+01,3.800000000000000000e+01,1.735869979858398438e+01
3.300000000000000000e+01,3.800000000000000000e+01,1.735869979858398438e+01
3.400000000000000000e+01,3.800000000000000000e+01,1.735869979858398438e+01
3.500000000000000000e+01,3.800000000000000000e+01,1.735869979858398438e+01
3.600000000000000000e+01,3.800000000000000000e+01,1.735869979858398438e+01
3.700000000000000000e+01,3.800000000000000000e+01,1.735869979858398438e+01
3.800000000000000000e+01,3.800000000000000000e+01,1.735869979858398438e+01
3.900000000000000000e+01,3.800000000000000000e+01,1.735869979858398438e+01
4.000000000000000000e+01,3.800000000000000000e+01,1.735869979858398438e+01
4.100000000000000000e+01,3.800000000000000000e+01,1.735869979858398438e+01
4.200000000000000000e+01,3.800000000000000000e+01,1.735869979858398438e+01
4.300000000000000000e+01,3.800000000000000000e+01,1.735869979858398438e+01
4.400000000000000000e+01,3.800000000000000000e+01,1.735869979858398438e+01
4.500000000000000000e+01,3.800000000000000000e+01,1.735869979858398438e+01
4.600000000000000000e+01,3.800000000000000000e+01,1.735869979858398438e+01
4.700000000000000000e+01,3.800000000000000000e+01,1.735869979858398438e+01
4.800000000000000000e+01,3.800000000000000000e+01,1.735869979858398438e+01
4.900000000000000000e+01,3.800000000000000000e+01,1.735869979858398438e+01
5.000000000000000000e+01,3.800000000000000000e+01,1.735869979858398438e+01
5.100000000000000000e+01,3.800000000000000000e+01,1.735869979858398438e+01
5.200000000000000000e+01,3.800000000000000000e+01,1.735869979858398438e+01
5.300000000000000000e+01,3.800000000000000000e+01,1.735869979858398438e+01
5.400000000000000000e+01,3.800000000000000000e+01,1.735869979858398438e+01
5.500000000000000000e+01,3.800000000000000000e+01,1.735869979858398438e+01
5.600000000000000000e+01,3.800000000000000000e+01,1.735869979858398438e+01
5.700000000000000000e+01,3.800000000000000000e+01,1.735869979858398438e+01
5.800000000000000000e+01,3.800000000000000000e+01,1.735869979858398438e+01
5.900000000000000000e+01,3.800000000000000000e+01,1.735869979858398438e+01
0.000000000000000000e+00,3.894039916992187500e+01,1.800000000000000000e+01
1.000000000000000000e+00,3.894039916992187500e+01,1.800000000000000000e+01
2.000000000000000000e+00,3.894039916992187500e+01,1.800000000000000000e+01
3.000000000000000000e+00,3.894039916992187500e+01,1.800000000000000000e+01
4.000000000000000000e+00,3.894039916992187500e+01,1.800000000000000000e+01
5.000000000000000000e+00,3.894039916992187500e+01,1.800000000000000000e+01
6.000000000000000000e+00,3.894039916992187500e+01,1.800000000000000000e+01
7.000000000000000000e+00,3.894039916992187500e+01,1.800000000000000000e+01
8.000000000000000000e+00,3.894039916992187500e+01,1.800000000000000000e+01
9.000000000000000000e+00,3.894039916992187500e+01,1.800000000000000000e+01
1.000000000000000000e+01,3.894039916992187500e+01,1.800000000000000000e+01
1.100000000000000000e+01,3.894039916992187500e+01,1.800000000000000000e+01
1.200000000000000000e+01,3.894039916992187500e+01,1.800000000000000000e+01
1.300000000000000000e+01,3.894039916992187500e+01,1.800000000000000000e+01
1.400000000000000000e+01,3.894039916992187500e+01,1.800000000000000000e+01
1.500000000000000000e+01,3.894039916992187500e+01,1.800000000000000000e+01
1.600000000000000000e+01,3.894039916992187500e+01,1.800000000000000000e+01
1.700000000000000000e+01,3.894039916992187500e+01,1.800000000000000000e+01
1.800000000000000000e+01,3.894039916992187500e+01,1.800000000000000000e+01
1.900000000000000000e+01,3.894039916992187500e+01,1.800000000000000000e+01
2.000000000000000000e+01,3.894039916992187500e+01,1.800000000000000000e+01
2.100000000000000000e+01,3.894039916992187500e+01,1.800000000000000000e+01
2.200000000000000000e+01,3.894039916992187500e+01,1.800000000000000000e+01
2.300000000000000000e+01,3.894039916992187500e+01,1.800000000000000000e+01
2.400000000000000000e+01,3.894039916992187500e+01,1.800000000000000000e+01
2.500000000000000000e+01,3.894039916992187500e+01,1.800000000000000000e+01
2.600000000000000000e+01,3.894039916992187500e+01,1.800000000000000000e+01
2.700000000000000000e+01,3.894039916992187500e+01,1.800000000000000000e+01
2.800000000000000000e+01,3.894039916992187500e+01,1.800000000000000000e+01
2.900000000000000000e+01,3.894039916992187500e+01,1.800000000000000000e+01
3.000000000000000000e+01,3.894039916992187500e+01,1.800000000000000000e+01
3.100000000000000000e+01,3.894039916992187500e+01,1.800000000000000000e+01
3.200000000000000000e+01,3.894039916992187500e+01,1.800000000000000000e+01
3.300000000000000000e+01,3.894039916992187500e+01,1.800000000000000000e+01
3.400000000000000000e+01,3.894039916992187500e+01,1.800000000000000000e+01
3.500000000000000000e+01,3.894039916992187500e+01,1.800000000000000000e+01
3.600000000000000000e+01,3.894039916992187500e+01,1.800000000000000000e+01
3.700000000000000000e+01,3.894039916992187500e+01,1.800000000000000000e+01
3.800000000000000000e+01,3.894039916992187500e+01,1.800000000000000000e+01
3.900000000000000000e+01,3.894039916992187500e+01,1.800000000000000000e+01
4.000000000000000000e+01,3.894039916992187500e+01,1.800000000000000000e+01
4.100000000000000000e+01,3.894039916992187500e+01,1.800000000000000000e+01
4.200000000000000000e+01,3.894039916992187500e+01,1.800000000000000000e+01
4.300000000000000000e+01,3.894039916992187500e+01,1.800000000000000000e+01
4.400000000000000000e+01,3.894039916992187500e+01,1.800000000000000000e+01
4.500000000000000000e+01,3.894039916992187500e+01,1.800000000000000000e+01
4.600000000000000000e+01,3.894039916992187500e+01,1.800000000000000000e+01
4.700000000000000000e+01,3.894039916992187500e+01,1.800000000000000000e+01
4.800000000000000000e+01,3.894039916992187500e+01,1.800000000000000000e+01
4.900000000000000000e+01,3.894039916992187500e+01,1.800000000000000000e+01
5.000000000000000000e+01,3.894039916992187500e+01,1.800000000000000000e+01
5.100000000000000000e+01,3.894039916992187500e+01,1.800000000000000000e+01
5.200000000000000000e+01,3.894039916992187500e+01,1.800000000000000000e+01
5.300000000000000000e+01,3.894039916992187500e+01,1.800000000000000000e+01
5.400000000000000000e+01,3.894039916992187500e+01,1.800000000000000000e+01
5.500000000000000000e+01,3.894039916992187500e+01,1.800000000000000000e+01
5.600000000000000000e+01,3.894039916992187500e+01,1.800000000000000000e+01
5.700000000000000000e+01,3.894039916992187500e+01,1.800000000000000000e+01
5.800000000000000000e+01,3.894039916992187500e+01,1.800000000000000000e+01
5.900000000000000000e+01,3.894039916992187500e+01,1.800000000000000000e+01
0.000000000000000000e+00,2.000000000000000000e+01,1.886140060424804688e+01
1.000000000000000000e+00,2.000000000000000000e+01,1.886140060424804688e+01
1.000000000000000000e+00,1.984970092773437500e+01,1.900000000000000000e+01
0.000000000000000000e+00,1.984970092773437500e+01,1.900000000000000000e+01
2.000000000000000000e+00,2.000000000000000000e+01,1.886140060424804688e+01
2.000000000000000000e+00,1.984970092773437500e+01,1.900000000000000000e+01
3.000000000000000000e+00,2.000000000000000000e+01,1.886140060424804688e+01
3.000000000000000000e+00,1.984970092773437500e+01,1.900000000000000000e+01
4.000000000000000000e+00,2.000000000000000000e+01,1.886140060424804688e+01
4.000000000000000000e+00,1.984970092773437500e+01,1.900000000000000000e+01
5.000000000000000000e+00,2.000000000000000000e+01,1.886140060424804688e+01
5.000000000000000000e+00,1.984970092773437500e+01,1.900000000000000000e+01
6.000000000000000000e+00,2.000000000000000000e+01,1.886140060424804688e+01
6.000000000000000000e+00,1.984970092773437500e+01,1.900000000000000000e+01
7.000000000000000000e+00,2.000000000000000000e+01,1.886140060424804688e+01
7.000000000000000000e+00,1.984970092773437500e+01,1.900000000000000000e+01
8.000000000000000000e+00,2.000000000000000000e+01,1.886140060424804688e+01
8.000000000000000000e+00,1.984970092773437500e+01,1.900000000000000000e+01
9.000000000000000000e+00,2.000000000000000000e+01,1.886140060424804688e+01
9.000000000000000000e+00,1.984970092773437500e+01,1.900000000000000000e+01
1.000000000000000000e+01,2.000000000000000000e+01,1.886140060424804688e+01
1.000000000000000000e+01,1.984970092773437500e+01,1.900000000000000000e+01
1.100000000000000000e+01,2.000000000000000000e+01,1.886140060424804688e+01
1.100000000000000000e+01,1.984970092773437500e+01,1.900000000000000000e+01
1.200000000000000000e+01,2.000000000000000000e+01,1.886140060424804688e+01
1.200000000000000000e+01,1.984970092773437500e+01,1.900000000000000000e+01
1.300000000000000000e+01,2.000000000000000000e+01,1.886140060424804688e+01
1.300000000000000000e+01,1.984970092773437500e+01,1.900000000000000000e+01
1.400000000000000000e+01,2.000000000000000000e+01,1.886140060424804688e+01
1.400000000000000000e+01,1.984970092773437500e+01,1.900000000000000000e+01
1.500000000000000000e+01,2.000000000000000000e+01,1.886140060424804688e+01
1.500000000000000000e+01,1.984970092773437500e+01,1.900000000000000000e+01
1.600000000000000000e+01,2.000000000000000000e+01,1.886140060424804688e+01
1.600000000000000000e+01,1.984970092773437500e+01,1.900000000000000000e+01
1.700000000000000000e+01,2.000000000000000000e+01,1.886140060424804688e+01
1.700000000000000000e+01,1.984970092773437500e+01,1.900000000000000000e+01
1.800000000000000000e+01,2.000000000000000000e+01,1.886140060424804688e+01
1.800000000000000000e+01,1.984970092773437500e+01,1.900000000000000000e+01
1.900000000000000000e+01,2.000000000000000000e+01,1.886140060424804688e+01
1.900000000000000000e+01,1.984970092773437500e+01,1.900000000000000000e+01
2.000000000000000000e+01,2.000000000000000000e+01,1.886140060424804688e+01
2.000000000000000000e+01,1.984970092773437500e+01,1.900000000000000000e+01
2.100000000000000000e+01,2.000000000000000000e+01,1.886140060424804688e+01
2.100000000000000000e+01,1.984970092773437500e+01,1.900000000000000000e+01
2.200000000000000000e+01,2.000000000000000000e+01,1.886140060424804688e+01
2.200000000000000000e+01,1.984970092773437500e+01,1.900000000000000000e+01
2.300000000000000000e+01,2.000000000000000000e+01,1.886140060424804688e+01
2.300000000000000000e+01,1.984970092773437500e+01,1.900000000000000000e+01
2.400000000000000000e+01,2.000000000000000000e+01,1.886140060424804688e+01
2.400000000000000000e+01,1.984970092773437500e+01,1.900000000000000000e+01
2.500000000000000000e+01,2.000000000000000000e+01,1.886140060424804688e+01
2.500000000000000000e+01,1.984970092773437500e+01,1.900000000000000000e+01
2.600000000000000000e+01,2.000000000000000000e+01,1.886140060424804688e+01
2.600000000000000000e+01,1.984970092773437500e+01,1.900000000000000000e+01
2.700000000000000000e+01,2.000000000000000000e+01,1.886140060424804688e+01
2.700000000000000000e+01,1.984970092773437500e+01,1.900000000000000000e+01
2.800000000000000000e+01,2.000000000000000000e+01,1.886140060424804688e+01
2.800000000000000000e+01,1.984970092773437500e+01,1.900000000000000000e+01
2.900000000000000000e+01,2.000000000000000000e+01,1.886140060424804688e+01
2.900000000000000000e+01,1.984970092773437500e+01,1.900000000000000000e+01
3.000000000000000000e+01,2.000000000000000000e+01,1.886140060424804688e+01
3.000000000000000000e+01,1.984970092773437500e+01,1.900000000000000000e+01
3.100000000000000000e+01,2.000000000000000000e+01,1.886140060424804688e+01
3.100000000000000000e+01,1.984970092773437500e+01,1.900000000000000000e+01
3.200000000000000000e+01,2.000000000000000000e+01,1.886140060424804688e+01
3.200000000000000000e+01,1.984970092773437500e+01,1.900000000000000000e+01
3.300000000000000000e+01,2.000000000000000000e+01,1.886140060424804688e+01
3.300000000000000000e+01,1.984970092773437500e+01,1.900000000000000000e+01
3.400000000000000000e+01,2.000000000000000000e+01,1.886140060424804688e+01
3.400000000000000000e+01,1.984970092773437500e+01,1.900000000000000000e+01
3.500000000000000000e+01,2.000000000000000000e+01,1.886140060424804688e+01
3.500000000000000000e+01,1.984970092773437500e+01,1.900000000000000000e+01
3.600000000000000000e+01,2.000000000000000000e+01,1.886140060424804688e+01
3.600000000000000000e+01,1.984970092773437500e+01,1.900000000000000000e+01
3.700000000000000000e+01,2.000000000000000000e+01,1.886140060424804688e+01
3.700000000000000000e+01,1.984970092773437500e+01,1.900000000000000000e+01
3.800000000000000000e+01,2.000000000000000000e+01,1.886140060424804688e+01
3.800000000000000000e+01,1.984970092773437500e+01,1.900000000000000000e+01
3.900000000000000000e+01,2.000000000000000000e+01,1.886140060424804688e+01
3.900000000000000000e+01,1.984970092773437500e+01,1.900000000000000000e+01
4.000000000000000000e+01,2.000000000000000000e+01,1.886140060424804688e+01
4.000000000000000000e+01,1.984970092773437500e+01,1.900000000000000000e+01
4.100000000000000000e+01,2.000000000000000000e+01,1.886140060424804688e+01
4.100000000000000000e+01,1.984970092773437500e+01,1.900000000000000000e+01
4.200000000000000000e+01,2.000000000000000000e+01,1.886140060424804688e+01
4.200000000000000000e+01,1.984970092773437500e+01,1.900000000000000000e+01
4.300000000000000000e+01,2.000000000000000000e+01,1.886140060424804688e+01
4.300000000000000000e+01,1.984970092773437500e+01,1.900000000000000000e+01
4.400000000000000000e+01,2.000000000000000000e+01,1.886140060424804688e+01
4.400000000000000000e+01,1.984970092773437500e+01,1.900000000000000000e+01
4.500000000000000000e+01,2.000000000000000000e+01,1.886140060424804688e+01
4.500000000000000000e+01,1.984970092773437500e+01,1.900000000000000000e+01
4.600000000000000000e+01,2.000000000000000000e+01,1.886140060424804688e+01
4.600000000000000000e+01,1.984970092773437500e+01,1.900000000000000000e+01
4.700000000000000000e+01,2.000000000000000000e+01,1.886140060424804688e+01
4.700000000000000000e+01,1.984970092773437500e+01,1.900000000000000000e+01
4.800000000000000000e+01,2.000000000000000000e+01,1.886140060424804688e+01
4.800000000000000000e+01,1.984970092773437500e+01,1.900000000000000000e+01
4.900000000000000000e+01,2.000000000000000000e+01,1.886140060424804688e+01
4.900000000000000000e+01,1.984970092773437500e+01,1.900000000000000000e+01
5.000000000000000000e+01,2.000000000000000000e+01,1.886140060424804688e+01
5.000000000000000000e+01,1.984970092773437500e+01,1.900000000000000000e+01
5.100000000000000000e+01,2.000000000000000000e+01,1.886140060424804688e+01
5.100000000000000000e+01,1.984970092773437500e+01,1.900000000000000000e+01
5.200000000000000000e+01,2.000000000000000000e+01,1.886140060424804688e+01
5.200000000000000000e+01,1.984970092773437500e+01,1.900000000000000000e+01
5.300000000000000000e+01,2.000000000000000000e+01,1.886140060424804688e+01
5.300000000000000000e+01,1.984970092773437500e+01,1.900000000000000000e+01
5.400000000000000000e+01,2.000000000000000000e+01,1.886140060424804688e+01
5.400000000000000000e+01,1.984970092773437500e+01,1.900000000000000000e+01
5.500000000000000000e+01,2.000000000000000000e+01,1.886140060424804688e+01
5.500000000000000000e+01,1.984970092773437500e+01,1.900000000000000000e+01
5.600000000000000000e+01,2.000000000000000000e+01,1.886140060424804688e+01
5.600000000000000000e+01,1.984970092773437500e+01,1.900000000000000000e+01
5.700000000000000000e+01,2.000000000000000000e+01,1.886140060424804688e+01
5.700000000000000000e+01,1.984970092773437500e+01,1.900000000000000000e+01
5.800000000000000000e+01,2.000000000000000000e+01,1.886140060424804688e+01
5.800000000000000000e+01,1.984970092773437500e+01,1.900000000000000000e+01
5.900000000000000000e+01,2.000000000000000000e+01,1.886140060424804688e+01
5.900000000000000000e+01,1.984970092773437500e+01,1.900000000000000000e+01
1.000000000000000000e+00,2.100000000000000000e+01,1.804500007629394531e+01
0.000000000000000000e+00,2.100000000000000000e+01,1.804500007629394531e+01
2.000000000000000000e+00,2.100000000000000000e+01,1.804500007629394531e+01
3.000000000000000000e+00,2.100000000000000000e+01,1.804500007629394531e+01
4.000000000000000000e+00,2.100000000000000000e+01,1.804500007629394531e+01
5.000000000000000000e+00,2.100000000000000000e+01,1.804500007629394531e+01
6.000000000000000000e+00,2.100000000000000000e+01,1.804500007629394531e+01
7.000000000000000000e+00,2.100000000000000000e+01,1.804500007629394531e+01
8.000000000000000000e+00,2.100000000000000000e+01,1.804500007629394531e+01
9.000000000000000000e+00,2.100000000000000000e+01,1.804500007629394531e+01
1.000000000000000000e+01,2.100000000000000000e+01,1.804500007629394531e+01
1.100000000000000000e+01,2.100000000000000000e+01,1.804500007629394531e+01
1.200000000000000000e+01,2.100000000000000000e+01,1.804500007629394531e+01
1.300000000000000000e+01,2.100000000000000000e+01,1.804500007629394531e+01
1.400000000000000000e+01,2.100000000000000000e+01,1.804500007629394531e+01
1.500000000000000000e+01,2.100000000000000000e+01,1.804500007629394531e+01
1.600000000000000000e+01,2.100000000000000000e+01,1.804500007629394531e+01
1.700000000000000000e+01,2.100000000000000000e+01,1.804500007629394531e+01
1.800000000000000000e+01,2.100000000000000000e+01,1.804500007629394531e+01
1.900000000000000000e+01,2.100000000000000000e+01,1.804500007629394531e+01
2.000000000000000000e+01,2.100000000000000000e+01,1.804500007629394531e+01
2.100000000000000000e+01,2.100000000000000000e+01,1.804500007629394531e+01
2.200000000000000000e+01,2.100000000000000000e+01,1.804500007629394531e+01
2.300000000000000000e+01,2.100000000000000000e+01,1.804500007629394531e+01
2.400000000000000000e+01,2.100000000000000000e+01,1.804500007629394531e+01
2.500000000000000000e+01,2.100000000000000000e+01,1.804500007629394531e+01
2.600000000000000000e+01,2.100000000000000000e+01,1.804500007629394531e+01
2.700000000000000000e+01,2.100000000000000000e+01,1.804500007629394531e+01
2.800000000000000000e+01,2.100000000000000000e+01,1.804500007629394531e+01
2.900000000000000000e+01,2.100000000000000000e+01,1.804500007629394531e+01
3.000000000000000000e+01,2.100000000000000000e+01,1.804500007629394531e+01
3.100000000000000000e+01,2.100000000000000000e+01,1.804500007629394531e+01
3.200000000000000000e+01,2.100000000000000000e+01,1.804500007629394531e+01
3.300000000000000000e+01,2.100000000000000000e+01,1.804500007629394531e+01
3.400000000000000000e+01,2.100000000000000000e+01,1.804500007629394531e+01
3.500000000000000000e+01,2.100000000000000000e+01,1.804500007629394531e+01
3.600000000000000000e+01,2.100000000000000000e+01,1.804500007629394531e+01
3.700000000000000000e+01,2.100000000000000000e+01,1.804500007629394531e+01
3.800000000000000000e+01,2.100000000000000000e+01,1.804500007629394531e+01
3.900000000000000000e+01,2.100000000000000000e+01,1.804500007629394531e+01
4.000000000000000000e+01,2.100000000000000000e+01,1.804500007629394531e+01
4.100000000000000000e+01,2.100000000000000000e+01,1.804500007629394531e+01
4.200000000000000000e+01,2.100000000000000000e+01,1.804500007629394531e+01
4.300000000000000000e+01,2.100000000000000000e+01,1.804500007629394531e+01
4.400000000000000000e+01,2.100000000000000000e+01,1.804500007629394531e+01
4.500000000000000000e+01,2.100000000000000000e+01,1.804500007629394531e+01
4.600000000000000000e+01,2.100000000000000000e+01,1.804500007629394531e+01
4.700000000000000000e+01,2.100000000000000000e+01,1.804500007629394531e+01
4.800000000000000000e+01,2.100000000000000000e+01,1.804500007629394531e+01
4.900000000000000000e+01,2.100000000000000000e+01,1.804500007629394531e+01
5.000000000000000000e+01,2.100000000000000000e+01,1.804500007629394531e+01
5.100000000000000000e+01,2.100000000000000000e+01,1.804500007629394531e+01
5.200000000000000000e+01,2.100000000000000000e+01,1.804500007629394531e+01
5.300000000000000000e+01,2.100000000000000000e+01,1.804500007629394531e+01
5.400000000000000000e+01,2.100000000000000000e+01,1.804500007629394531e+01
5.500000000000000000e+01,2.100000000000000000e+01,1.804500007629394531e+01
5.600000000000000000e+01,2.100000000000000000e+01,1.804500007629394531e+01
5.700000000000000000e+01,2.100000000000000000e+01,1.804500007629394531e+01
5.800000000000000000e+01,2.100000000000000000e+01,1.804500007629394531e+01
5.900000000000000000e+01,2.100000000000000000e+01,1.804500007629394531e+01
1.000000000000000000e+00,3.900000000000000000e+01,1.804500007629394531e+01
0.000000000000000000e+00,3.900000000000000000e+01,1.804500007629394531e+01
2.000000000000000000e+00,3.900000000000000000e+01,1.804500007629394531e+01
3.000000000000000000e+00,3.900000000000000000e+01,1.804500007629394531e+01
4.000000000000000000e+00,3.900000000000000000e+01,1.804500007629394531e+01
5.000000000000000000e+00,3.900000000000000000e+01,1.804500007629394531e+01
6.000000000000000000e+00,3.900000000000000000e+01,1.804500007629394531e+01
7.000000000000000000e+00,3.900000000000000000e+01,1.804500007629394531e+01
8.000000000000000000e+00,3.900000000000000000e+01,1.804500007629394531e+01
9.000000000000000000e+00,3.900000000000000000e+01,1.804500007629394531e+01
1.000000000000000000e+01,3.900000000000000000e+01,1.804500007629394531e+01
1.100000000000000000e+01,3.900000000000000000e+01,1.804500007629394531e+01
1.200000000000000000e+01,3.900000000000000000e+01,1.804500007629394531e+01
1.300000000000000000e+01,3.900000000000000000e+01,1.804500007629394531e+01
1.400000000000000000e+01,3.900000000000000000e+01,1.804500007629394531e+01
1.500000000000000000e+01,3.900000000000000000e+01,1.804500007629394531e+01
1.600000000000000000e+01,3.900000000000000000e+01,1.804500007629394531e+01
1.700000000000000000e+01,3.900000000000000000e+01,1.804500007629394531e+01
1.800000000000000000e+01,3.900000000000000000e+01,1.804500007629394531e+01
1.900000000000000000e+01,3.900000000000000000e+01,1.804500007629394531e+01
2.000000000000000000e+01,3.900000000000000000e+01,1.804500007629394531e+01
2.100000000000000000e+01,3.900000000000000000e+01,1.804500007629394531e+01
2.200000000000000000e+01,3.900000000000000000e+01,1.804500007629394531e+01
2.300000000000000000e+01,3.900000000000000000e+01,1.804500007629394531e+01
2.400000000000000000e+01,3.900000000000000000e+01,1.804500007629394531e+01
2.500000000000000000e+01,3.900000000000000000e+01,1.804500007629394531e+01
2.600000000000000000e+01,3.900000000000000000e+01,1.804500007629394531e+01
2.700000000000000000e+01,3.900000000000000000e+01,1.804500007629394531e+01
2.800000000000000000e+01,3.900000000000000000e+01,1.804500007629394531e+01
2.900000000000000000e+01,3.900000000000000000e+01,1.804500007629394531e+01
3.000000000000000000e+01,3.900000000000000000e+01,1.804500007629394531e+01
3.100000000000000000e+01,3.900000000000000000e+01,1.804500007629394531e+01
3.200000000000000000e+01,3.900000000000000000e+01,1.804500007629394531e+01
3.300000000000000000e+01,3.900000000000000000e+01,1.804500007629394531e+01
3.400000000000000000e+01,3.900000000000000000e+01,1.804500007629394531e+01
3.500000000000000000e+01,3.900000000000000000e+01,1.804500007629394531e+01
3.600000000000000000e+01,3.900000000000000000e+01,1.804500007629394531e+01
3.700000000000000000e+01,3.900000000000000000e+01,1.804500007629394531e+01
3.800000000000000000e+01,3.900000000000000000e+01,1.804500007629394531e+01
3.900000000000000000e+01,3.900000000000000000e+01,1.804500007629394531e+01
4.000000000000000000e+01,3.900000000000000000e+01,1.804500007629394531e+01
4.100000000000000000e+01,3.900000000000000000e+01,1.804500007629394531e+01
4.200000000000000000e+01,3.900000000000000000e+01,1.804500007629394531e+01
4.300000000000000000e+01,3.900000000000000000e+01,1.804500007629394531e+01
4.400000000000000000e+01,3.900000000000000000e+01,1.804500007629394531e+01
4.500000000000000000e+01,3.900000000000000000e+01,1.804500007629394531e+01
4.600000000000000000e+01,3.900000000000000000e+01,1.804500007629394531e+01
4.700000000000000000e+01,3.900000000000000000e+01,1.804500007629394531e+01
4.800000000000000000e+01,3.900000000000000000e+01,1.804500007629394531e+01
4.900000000000000000e+01,3.900000000000000000e+01,1.804500007629394531e+01
5.000000000000000000e+01,3.900000000000000000e+01,1.804500007629394531e+01
5.100000000000000000e+01,3.900000000000000000e+01,1.804500007629394531e+01
5.200000000000000000e+01,3.900000000000000000e+01,1.804500007629394531e+01
5.300000000000000000e+01,3.900000000000000000e+01,1.804500007629394531e+01
5.400000000000000000e+01,3.900000000000000000e+01,1.804500007629394531e+01
5.500000000000000000e+01,3.900000000000000000e+01,1.804500007629394531e+01
5.600000000000000000e+01,3.900000000000000000e+01,1.804500007629394531e+01
5.700000000000000000e+01,3.900000000000000000e+01,1.804500007629394531e+01
5.800000000000000000e+01,3.900000000000000000e+01,1.804500007629394531e+01
5.900000000000000000e+01,3.900000000000000000e+01,1.804500007629394531e+01
1.000000000000000000e+00,4.000000000000000000e+01,1.886140060424804688e+01
0.000000000000000000e+00,4.000000000000000000e+01,1.886140060424804688e+01
2.000000000000000000e+00,4.000000000000000000e+01,1.886140060424804688e+01
3.000000000000000000e+00,4.000000000000000000e+01,1.886140060424804688e+01
4.000000000000000000e+00,4.000000000000000000e+01,1.886140060424804688e+01
5.000000000000000000e+00,4.000000000000000000e+01,1.886140060424804688e+01
6.000000000000000000e+00,4.000000000000000000e+01,1.886140060424804688e+01
7.000000000000000000e+00,4.000000000000000000e+01,1.886140060424804688e+01
8.000000000000000000e+00,4.000000000000000000e+01,1.886140060424804688e+01
9.000000000000000000e+00,4.000000000000000000e+01,1.886140060424804688e+01
1.000000000000000000e+01,4.000000000000000000e+01,1.886140060424804688e+01
1.100000000000000000e+01,4.000000000000000000e+01,1.886140060424804688e+01
1.200000000000000000e+01,4.000000000000000000e+01,1.886140060424804688e+01
1.300000000000000000e+01,4.000000000000000000e+01,1.886140060424804688e+01
1.400000000000000000e+01,4.000000000000000000e+01,1.886140060424804688e+01
1.500000000000000000e+01,4.000000000000000000e+01,1.886140060424804688e+01
1.600000000000000000e+01,4.000000000000000000e+01,1.886140060424804688e+01
1.700000000000000000e+01,4.000000000000000000e+01,1.886140060424804688e+01
1.800000000000000000e+01,4.000000000000000000e+01,1.886140060424804688e+01
1.900000000000000000e+01,4.000000000000000000e+01,1.886140060424804688e+01
2.000000000000000000e+01,4.000000000000000000e+01,1.886140060424804688e+01
2.100000000000000000e+01,4.000000000000000000e+01,1.886140060424804688e+01
2.200000000000000000e+01,4.000000000000000000e+01,1.886140060424804688e+01
2.300000000000000000e+01,4.000000000000000000e+01,1.886140060424804688e+01
2.400000000000000000e+01,4.000000000000000000e+01,1.886140060424804688e+01
2.500000000000000000e+01,4.000000000000000000e+01,1.886140060424804688e+01
2.600000000000000000e+01,4.000000000000000000e+01,1.886140060424804688e+01
2.700000000000000000e+01,4.000000000000000000e+01,1.886140060424804688e+01
2.800000000000000000e+01,4.000000000000000000e+01,1.886140060424804688e+01
2.900000000000000000e+01,4.000000000000000000e+01,1.886140060424804688e+01
3.000000000000000000e+01,4.000000000000000000e+01,1.886140060424804688e+01
3.100000000000000000e+01,4.000000000000000000e+01,1.886140060424804688e+01
3.200000000000000000e+01,4.000000000000000000e+01,1.886140060424804688e+01
3.300000000000000000e+01,4.000000000000000000e+01,1.886140060424804688e+01
3.400000000000000000e+01,4.000000000000000000e+01,1.886140060424804688e+01
3.500000000000000000e+01,4.000000000000000000e+01,1.886140060424804688e+01
3.600000000000000000e+01,4.000000000000000000e+01,1.886140060424804688e+01
3.700000000000000000e+01,4.000000000000000000e+01,1.886140060424804688e+01
3.800000000000000000e+01,4.000000000000000000e+01,1.886140060424804688e+01
3.900000000000000000e+01,4.000000000000000000e+01,1.886140060424804688e+01
4.000000000000000000e+01,4.000000000000000000e+01,1.886140060424804688e+01
4.100000000000000000e+01,4.000000000000000000e+01,1.886140060424804688e+01
4.200000000000000000e+01,4.000000000000000000e+01,1.886140060424804688e+01
4.300000000000000000e+01,4.000000000000000000e+01,1.886140060424804688e+01
4.400000000000000000e+01,4.000000000000000000e+01,1.886140060424804688e+01
4.500000000000000000e+01,4.000000000000000000e+01,1.886140060424804688e+01
4.600000000000000000e+01,4.000000000000000000e+01,1.886140060424804688e+01
4.700000000000000000e+01,4.000000000000000000e+01,1.886140060424804688e+01
4.800000000000000000e+01,4.000000000000000000e+01,1.886140060424804688e+01
4.900000000000000000e+01,4.000000000000000000e+01,1.886140060424804688e+01
5.000000000000000000e+01,4.000000000000000000e+01,1.886140060424804688e+01
5.100000000000000000e+01,4.000000000000000000e+01,1.886140060424804688e+01
5.200000000000000000e+01,4.000000000000000000e+01,1.886140060424804688e+01
5.300000000000000000e+01,4.000000000000000000e+01,1.886140060424804688e+01
5.400000000000000000e+01,4.000000000000000000e+01,1.886140060424804688e+01
5.500000000000000000e+01,4.000000000000000000e+01,1.886140060424804688e+01
5.600000000000000000e+01,4.000000000000000000e+01,1.886140060424804688e+01
5.700000000000000000e+01,4.000000000000000000e+01,1.886140060424804688e+01
5.800000000000000000e+01,4.000000000000000000e+01,1.886140060424804688e+01
5.900000000000000000e+01,4.000000000000000000e+01,1.886140060424804688e+01
0.000000000000000000e+00,4.015029907226562500e+01,1.900000000000000000e+01
1.000000000000000000e+00,4.015029907226562500e+01,1.900000000000000000e+01
2.000000000000000000e+00,4.015029907226562500e+01,1.900000000000000000e+01
3.000000000000000000e+00,4.015029907226562500e+01,1.900000000000000000e+01
4.000000000000000000e+00,4.015029907226562500e+01,1.900000000000000000e+01
5.000000000000000000e+00,4.015029907226562500e+01,1.900000000000000000e+01
6.000000000000000000e+00,4.015029907226562500e+01,1.900000000000000000e+01
7.000000000000000000e+00,4.015029907226562500e+01,1.900000000000000000e+01
8.000000000000000000e+00,4.015029907226562500e+01,1.900000000000000000e+01
9.000000000000000000e+00,4.015029907226562500e+01,1.900000000000000000e+01
1.000000000000000000e+01,4.015029907226562500e+01,1.900000000000000000e+01
1.100000000000000000e+01,4.015029907226562500e+01,1.900000000000000000e+01
1.200000000000000000e+01,4.015029907226562500e+01,1.900000000000000000e+01
1.300000000000000000e+01,4.015029907226562500e+01,1.900000000000000000e+01
1.400000000000000000e+01,4.015029907226562500e+01,1.900000000000000000e+01
1.500000000000000000e+01,4.015029907226562500e+01,1.900000000000000000e+01
1.600000000000000000e+01,4.015029907226562500e+01,1.900000000000000000e+01
1.700000000000000000e+01,4.015029907226562500e+01,1.900000000000000000e+01
1.800000000000000000e+01,4.015029907226562500e+01,1.900000000000000000e+01
1.900000000000000000e+01,4.015029907226562500e+01,1.900000000000000000e+01
2.000000000000000000e+01,4.015029907226562500e+01,1.900000000000000000e+01
2.100000000000000000e+01,4.015029907226562500e+01,1.900000000000000000e+01
2.200000000000000000e+01,4.015029907226562500e+01,1.900000000000000000e+01
2.300000000000000000e+01,4.015029907226562500e+01,1.900000000000000000e+01
2.400000000000000000e+01,4.015029907226562500e+01,1.900000000000000000e+01
2.500000000000000000e+01,4.015029907226562500e+01,1.900000000000000000e+01
2.600000000000000000e+01,4.015029907226562500e+01,1.900000000000000000e+01
2.700000000000000000e+01,4.015029907226562500e+01,1.900000000000000000e+01
2.800000000000000000e+01,4.015029907226562500e+01,1.900000000000000000e+01
2.900000000000000000e+01,4.015029907226562500e+01,1.900000000000000000e+01
3.000000000000000000e+01,4.015029907226562500e+01,1.900000000000000000e+01
3.100000000000000000e+01,4.015029907226562500e+01,1.900000000000000000e+01
3.200000000000000000e+01,4.015029907226562500e+01,1.900000000000000000e+01
3.300000000000000000e+01,4.015029907226562500e+01,1.900000000000000000e+01
3.400000000000000000e+01,4.015029907226562500e+01,1.900000000000000000e+01
3.500000000000000000e+01,4.015029907226562500e+01,1.900000000000000000e+01
3.600000000000000000e+01,4.015029907226562500e+01,1.900000000000000000e+01
3.700000000000000000e+01,4.015029907226562500e+01,1.900000000000000000e+01
3.800000000000000000e+01,4.015029907226562500e+01,1.900000000000000000e+01
3.900000000000000000e+01,4.015029907226562500e+01,1.900000000000000000e+01
4.000000000000000000e+01,4.015029907226562500e+01,1.900000000000000000e+01
4.100000000000000000e+01,4.015029907226562500e+01,1.900000000000000000e+01
4.200000000000000000e+01,4.015029907226562500e+01,1.900000000000000000e+01
4.300000000000000000e+01,4.015029907226562500e+01,1.900000000000000000e+01
4.400000000000000000e+01,4.015029907226562500e+01,1.900000000000000000e+01
4.500000000000000000e+01,4.015029907226562500e+01,1.900000000000000000e+01
4.600000000000000000e+01,4.015029907226562500e+01,1.900000000000000000e+01
4.700000000000000000e+01,4.015029907226562500e+01,1.900000000000000000e+01
4.800000000000000000e+01,4.015029907226562500e+01,1.900000000000000000e+01
4.900000000000000000e+01,4.015029907226562500e+01,1.900000000000000000e+01
5.000000000000000000e+01,4.015029907226562500e+01,1.900000000000000000e+01
5.100000000000000000e+01,4.015029907226562500e+01,1.900000000000000000e+01
5.200000000000000000e+01,4.015029907226562500e+01,1.900000000000000000e+01
5.300000000000000000e+01,4.015029907226562500e+01,1.900000000000000000e+01
5.400000000000000000e+01,4.015029907226562500e+01,1.900000000000000000e+01
5.500000000000000000e+01,4.015029907226562500e+01,1.900000000000000000e+01
5.600000000000000000e+01,4.015029907226562500e+01,1.900000000000000000e+01
5.700000000000000000e+01,4.015029907226562500e+01,1.900000000000000000e+01
5.800000000000000000e+01,4.015029907226562500e+01,1.900000000000000000e+01
5.900000000000000000e+01,4.015029907226562500e+01,1.900000000000000000e+01
0.000000000000000000e+00,1.900000000000000000e+01,1.984970092773437500e+01
1.000000000000000000e+00,1.900000000000000000e+01,1.984970092773437500e+01
1.000000000000000000e+00,1.886140060424804688e+01,2.000000000000000000e+01
0.000000000000000000e+00,1.886140060424804688e+01,2.000000000000000000e+01
2.000000000000000000e+00,1.900000000000000000e+01,1.984970092773437500e+01
2.000000000000000000e+00,1.886140060424804688e+01,2.000000000000000000e+01
3.000000000000000000e+00,1.900000000000000000e+01,1.984970092773437500e+01
3.000000000000000000e+00,1.886140060424804688e+01,2.000000000000000000e+01
4.000000000000000000e+00,1.900000000000000000e+01,1.984970092773437500e+01
4.000000000000000000e+00,1.886140060424804688e+01,2.000000000000000000e+01
5.000000000000000000e+00,1.900000000000000000e+01,1.984970092773437500e+01
5.000000000000000000e+00,1.886140060424804688e+01,2.000000000000000000e+01
6.000000000000000000e+00,1.900000000000000000e+01,1.984970092773437500e+01
6.000000000000000000e+00,1.886140060424804688e+01,2.000000000000000000e+01
7.000000000000000000e+00,1.900000000000000000e+01,1.984970092773437500e+01
7.000000000000000000e+00,1.886140060424804688e+01,2.000000000000000000e+01
8.000000000000000000e+00,1.900000000000000000e+01,1.984970092773437500e+01
8.000000000000000000e+00,1.886140060424804688e+01,2.000000000000000000e+01
9.000000000000000000e+00,1.900000000000000000e+01,1.984970092773437500e+01
9.000000000000000000e+00,1.886140060424804688e+01,2.000000000000000000e+01
1.000000000000000000e+01,1.900000000000000000e+01,1.984970092773437500e+01
1.000000000000000000e+01,1.886140060424804688e+01,2.000000000000000000e+01
1.100000000000000000e+01,1.900000000000000000e+01,1.984970092773437500e+01
1.100000000000000000e+01,1.886140060424804688e+01,2.000000000000000000e+01
1.200000000000000000e+01,1.900000000000000000e+01,1.984970092773437500e+01
1.200000000000000000e+01,1.886140060424804688e+01,2.000000000000000000e+01
1.300000000000000000e+01,1.900000000000000000e+01,1.984970092773437500e+01
1.300000000000000000e+01,1.886140060424804688e+01,2.000000000000000000e+01
1.400000000000000000e+01,1.900000000000000000e+01,1.984970092773437500e+01
1.400000000000000000e+01,1.886140060424804688e+01,2.000000000000000000e+01
1.500000000000000000e+01,1.900000000000000000e+01,1.984970092773437500e+01
1.500000000000000000e+01,1.886140060424804688e+01,2.000000000000000000e+01
1.600000000000000000e+01,1.900000000000000000e+01,1.984970092773437500e+01
1.600000000000000000e+01,1.886140060424804688e+01,2.000000000000000000e+01
1.700000000000000000e+01,1.900000000000000000e+01,1.984970092773437500e+01
1.700000000000000000e+01,1.886140060424804688e+01,2.000000000000000000e+01
1.800000000000000000e+01,1.900000000000000000e+01,1.984970092773437500e+01
1.800000000000000000e+01,1.886140060424804688e+01,2.000000000000000000e+01
1.900000000000000000e+01,1.900000000000000000e+01,1.984970092773437500e+01
1.900000000000000000e+01,1.886140060424804688e+01,2.000000000000000000e+01
2.000000000000000000e+01,1.900000000000000000e+01,1.984970092773437500e+01
2.000000000000000000e+01,1.886140060424804688e+01,2.000000000000000000e+01
2.100000000000000000e+01,1.900000000000000000e+01,1.984970092773437500e+01
2.100000000000000000e+01,1.886140060424804688e+01,2.000000000000000000e+01
2.200000000000000000e+01,1.900000000000000000e+01,1.984970092773437500e+01
2.200000000000000000e+01,1.886140060424804688e+01,2.000000000000000000e+01
2.300000000000000000e+01,1.900000000000000000e+01,1.984970092773437500e+01
2.300000000000000000e+01,1.886140060424804688e+01,2.000000000000000000e+01
2.400000000000000000e+01,1.900000000000000000e+01,1.984970092773437500e+01
2.400000000000000000e+01,1.886140060424804688e+01,2.000000000000000000e+01
2.500000000000000000e+01,1.900000000000000000e+01,1.984970092773437500e+01
2.500000000000000000e+01,1.886140060424804688e+01,2.000000000000000000e+01
2.600000000000000000e+01,1.900000000000000000e+01,1.984970092773437500e+01
2.600000000000000000e+01,1.886140060424804688e+01,2.000000000000000000e+01
2.700000000000000000e+01,1.900000000000000000e+01,1.984970092773437500e+01
2.700000000000000000e+01,1.886140060424804688e+01,2.000000000000000000e+01
2.800000000000000000e+01,1.900000000000000000e+01,1.984970092773437500e+01
2.800000000000000000e+01,1.886140060424804688e+01,2.000000000000000000e+01
2.900000000000000000e+01,1.900000000000000000e+01,1.984970092773437500e+01
2.900000000000000000e+01,1.886140060424804688e+01,2.000000000000000000e+01
3.000000000000000000e+01,1.900000000000000000e+01,1.984970092773437500e+01
3.000000000000000000e+01,1.886140060424804688e+01,2.000000000000000000e+01
3.100000000000000000e+01,1.900000000000000000e+01,1.984970092773437500e+01
3.100000000000000000e+01,1.886140060424804688e+01,2.000000000000000000e+01
3.200000000000000000e+01,1.900000000000000000e+01,1.984970092773437500e+01
3.200000000000000000e+01,1.886140060424804688e+01,2.000000000000000000e+01
3.300000000000000000e+01,1.900000000000000000e+01,1.984970092773437500e+01
3.300000000000000000e+01,1.886140060424804688e+01,2.000000000000000000e+01
3.400000000000000000e+01,1.900000000000000000e+01,1.984970092773437500e+01
3.400000000000000000e+01,1.886140060424804688e+01,2.000000000000000000e+01
3.500000000000000000e+01,1.900000000000000000e+01,1.984970092773437500e+01
3.500000000000000000e+01,1.886140060424804688e+01,2.000000000000000000e+01
3.600000000000000000e+01,1.900000000000000000e+01,1.984970092773437500e+01
3.600000000000000000e+01,1.886140060424804688e+01,2.000000000000000000e+01
3.700000000000000000e+01,1.900000000000000000e+01,1.984970092773437500e+01
3.700000000000000000e+01,1.886140060424804688e+01,2.000000000000000000e+01
3.800000000000000000e+01,1.900000000000000000e+01,1.984970092773437500e+01
3.800000000000000000e+01,1.886140060424804688e+01,2.000000000000000000e+01
3.900000000000000000e+01,1.900000000000000000e+01,1.984970092773437500e+01
3.900000000000000000e+01,1.886140060424804688e+01,2.000000000000000000e+01
4.000000000000000000e+01,1.900000000000000000e+01,1.984970092773437500e+01
4.000000000000000000e+01,1.886140060424804688e+01,2.000000000000000000e+01
4.100000000000000000e+01,1.900000000000000000e+01,1.984970092773437500e+01
4.100000000000000000e+01,1.886140060424804688e+01,2.000000000000000000e+01
4.200000000000000000e+01,1.900000000000000000e+01,1.984970092773437500e+01
4.200000000000000000e+01,1.886140060424804688e+01,2.000000000000000000e+01
4.300000000000000000e+01,1.900000000000000000e+01,1.984970092773437500e+01
4.300000000000000000e+01,1.886140060424804688e+01,2.000000000000000000e+01
4.400000000000000000e+01,1.900000000000000000e+01,1.984970092773437500e+01
4.400000000000000000e+01,1.886140060424804688e+01,2.000000000000000000e+01
4.500000000000000000e+01,1.900000000000000000e+01,1.984970092773437500e+01
4.500000000000000000e+01,1.886140060424804688e+01,2.000000000000000000e+01
4.600000000000000000e+01,1.900000000000000000e+01,1.984970092773437500e+01
4.600000000000000000e+01,1.886140060424804688e+01,2.000000000000000000e+01
4.700000000000000000e+01,1.900000000000000000e+01,1.984970092773437500e+01
4.700000000000000000e+01,1.886140060424804688e+01,2.000000000000000000e+01
4.800000000000000000e+01,1.900000000000000000e+01,1.984970092773437500e+01
4.800000000000000000e+01,1.886140060424804688e+01,2.000000000000000000e+01
4.900000000000000000e+01,1.900000000000000000e+01,1.984970092773437500e+01
4.900000000000000000e+01,1.886140060424804688e+01,2.000000000000000000e+01
5.000000000000000000e+01,1.900000000000000000e+01,1.984970092773437500e+01
5.000000000000000000e+01,1.886140060424804688e+01,2.000000000000000000e+01
5.100000000000000000e+01,1.900000000000000000e+01,1.984970092773437500e+01
5.100000000000000000e+01,1.886140060424804688e+01,2.000000000000000000e+01
5.200000000000000000e+01,1.900000000000000000e+01,1.984970092773437500e+01
5.200000000000000000e+01,1.886140060424804688e+01,2.000000000000000000e+01
5.300000000000000000e+01,1.900000000000000000e+01,1.984970092773437500e+01
5.300000000000000000e+01,1.886140060424804688e+01,2.000000000000000000e+01
5.400000000000000000e+01,1.900000000000000000e+01,1.984970092773437500e+01
5.400000000000000000e+01,1.886140060424804688e+01,2.000000000000000000e+01
5.500000000000000000e+01,1.900000000000000000e+01,1.984970092773437500e+01
5.500000000000000000e+01,1.886140060424804688e+01,2.000000000000000000e+01
5.600000000000000000e+01,1.900000000000000000e+01,1.984970092773437500e+01
5.600000000000000000e+01,1.886140060424804688e+01,2.000000000000000000e+01
5.700000000000000000e+01,1.900000000000000000e+01,1.984970092773437500e+01
5.700000000000000000e+01,1.886140060424804688e+01,2.000000000000000000e+01
5.800000000000000000e+01,1.900000000000000000e+01,1.984970092773437500e+01
5.800000000000000000e+01,1.886140060424804688e+01,2.000000000000000000e+01
5.900000000000000000e+01,1.900000000000000000e+01,1.984970092773437500e+01
5.900000000000000000e+01,1.886140060424804688e+01,2.000000000000000000e+01
1.000000000000000000e+00,4.100000000000000000e+01,1.984970092773437500e+01
0.000000000000000000e+00,4.100000000000000000e+01,1.984970092773437500e+01
2.000000000000000000e+00,4.100000000000000000e+01,1.984970092773437500e+01
3.000000000000000000e+00,4.100000000000000000e+01,1.984970092773437500e+01
4.000000000000000000e+00,4.100000000000000000e+01,1.984970092773437500e+01
5.000000000000000000e+00,4.100000000000000000e+01,1.984970092773437500e+01
6.000000000000000000e+00,4.100000000000000000e+01,1.984970092773437500e+01
7.000000000000000000e+00,4.100000000000000000e+01,1.984970092773437500e+01
8.000000000000000000e+00,4.100000000000000000e+01,1.984970092773437500e+01
9.000000000000000000e+00,4.100000000000000000e+01,1.984970092773437500e+01
1.000000000000000000e+01,4.100000000000000000e+01,1.984970092773437500e+01
1.100000000000000000e+01,4.100000000000000000e+01,1.984970092773437500e+01
1.200000000000000000e+01,4.100000000000000000e+01,1.984970092773437500e+01
1.300000000000000000e+01,4.100000000000000000e+01,1.984970092773437500e+01
1.400000000000000000e+01,4.100000000000000000e+01,1.984970092773437500e+01
1.500000000000000000e+01,4.100000000000000000e+01,1.984970092773437500e+01
1.600000000000000000e+01,4.100000000000000000e+01,1.984970092773437500e+01
1.700000000000000000e+01,4.100000000000000000e+01,1.984970092773437500e+01
1.800000000000000000e+01,4.100000000000000000e+01,1.984970092773437500e+01
1.900000000000000000e+01,4.100000000000000000e+01,1.984970092773437500e+01
2.000000000000000000e+01,4.100000000000000000e+01,1.984970092773437500e+01
2.100000000000000000e+01,4.100000000000000000e+01,1.984970092773437500e+01
2.200000000000000000e+01,4.100000000000000000e+01,1.984970092773437500e+01
2.300000000000000000e+01,4.100000000000000000e+01,1.984970092773437500e+01
2.400000000000000000e+01,4.100000000000000000e+01,1.984970092773437500e+01
2.500000000000000000e+01,4.100000000000000000e+01,1.984970092773437500e+01
2.600000000000000000e+01,4.100000000000000000e+01,1.984970092773437500e+01
2.700000000000000000e+01,4.100000000000000000e+01,1.984970092773437500e+01
2.800000000000000000e+01,4.100000000000000000e+01,1.984970092773437500e+01
2.900000000000000000e+01,4.100000000000000000e+01,1.984970092773437500e+01
3.000000000000000000e+01,4.100000000000000000e+01,1.984970092773437500e+01
3.100000000000000000e+01,4.100000000000000000e+01,1.984970092773437500e+01
3.200000000000000000e+01,4.100000000000000000e+01,1.984970092773437500e+01
3.300000000000000000e+01,4.100000000000000000e+01,1.984970092773437500e+01
3.400000000000000000e+01,4.100000000000000000e+01,1.984970092773437500e+01
3.500000000000000000e+01,4.100000000000000000e+01,1.984970092773437500e+01
3.600000000000000000e+01,4.100000000000000000e+01,1.984970092773437500e+01
3.700000000000000000e+01,4.100000000000000000e+01,1.984970092773437500e+01
3.800000000000000000e+01,4.100000000000000000e+01,1.984970092773437500e+01
3.900000000000000000e+01,4.100000000000000000e+01,1.984970092773437500e+01
4.000000000000000000e+01,4.100000000000000000e+01,1.984970092773437500e+01
4.100000000000000000e+01,4.100000000000000000e+01,1.984970092773437500e+01
4.200000000000000000e+01,4.100000000000000000e+01,1.984970092773437500e+01
4.300000000000000000e+01,4.100000000000000000e+01,1.984970092773437500e+01
4.400000000000000000e+01,4.100000000000000000e+01,1.984970092773437500e+01
4.500000000000000000e+01,4.100000000000000000e+01,1.984970092773437500e+01
4.600000000000000000e+01,4.100000000000000000e+01,1.984970092773437500e+01
4.700000000000000000e+01,4.100000000000000000e+01,1.984970092773437500e+01
4.800000000000000000e+01,4.100000000000000000e+01,1.984970092773437500e+01
4.900000000000000000e+01,4.100000000000000000e+01,1.984970092773437500e+01
5.000000000000000000e+01,4.100000000000000000e+01,1.984970092773437500e+01
5.100000000000000000e+01,4.100000000000000000e+01,1.984970092773437500e+01
5.200000000000000000e+01,4.100000000000000000e+01,1.984970092773437500e+01
5.300000000000000000e+01,4.100000000000000000e+01,1.984970092773437500e+01
5.400000000000000000e+01,4.100000000000000000e+01,1.984970092773437500e+01
5.500000000000000000e+01,4.100000000000000000e+01,1.984970092773437500e+01
5.600000000000000000e+01,4.100000000000000000e+01,1.984970092773437500e+01
5.700000000000000000e+01,4.100000000000000000e+01,1.984970092773437500e+01
5.800000000000000000e+01,4.100000000000000000e+01,1.984970092773437500e+01
5.900000000000000000e+01,4.100000000000000000e+01,1.984970092773437500e+01
0.000000000000000000e+00,4.113859939575195312e+01,2.000000000000000000e+01
1.000000000000000000e+00,4.113859939575195312e+01,2.000000000000000000e+01
2.000000000000000000e+00,4.113859939575195312e+01,2.000000000000000000e+01
3.000000000000000000e+00,4.113859939575195312e+01,2.000000000000000000e+01
4.000000000000000000e+00,4.113859939575195312e+01,2.000000000000000000e+01
5.000000000000000000e+00,4.113859939575195312e+01,2.000000000000000000e+01
6.000000000000000000e+00,4.113859939575195312e+01,2.000000000000000000e+01
7.000000000000000000e+00,4.113859939575195312e+01,2.000000000000000000e+01
8.000000000000000000e+00,4.113859939575195312e+01,2.000000000000000000e+01
9.000000000000000000e+00,4.113859939575195312e+01,2.000000000000000000e+01
1.000000000000000000e+01,4.113859939575195312e+01,2.000000000000000000e+01
1.100000000000000000e+01,4.113859939575195312e+01,2.000000000000000000e+01
1.200000000000000000e+01,4.113859939575195312e+01,2.000000000000000000e+01
1.300000000000000000e+01,4.113859939575195312e+01,2.000000000000000000e+01
1.400000000000000000e+01,4.113859939575195312e+01,2.000000000000000000e+01
1.500000000000000000e+01,4.113859939575195312e+01,2.000000000000000000e+01
1.600000000000000000e+01,4.113859939575195312e+01,2.000000000000000000e+01
1.700000000000000000e+01,4.113859939575195312e+01,2.000000000000000000e+01
1.800000000000000000e+01,4.113859939575195312e+01,2.000000000000000000e+01
1.900000000000000000e+01,4.113859939575195312e+01,2.000000000000000000e+01
2.000000000000000000e+01,4.113859939575195312e+01,2.000000000000000000e+01
2.100000000000000000e+01,4.113859939575195312e+01,2.000000000000000000e+01
2.200000000000000000e+01,4.113859939575195312e+01,2.000000000000000000e+01
2.300000000000000000e+01,4.113859939575195312e+01,2.000000000000000000e+01
2.400000000000000000e+01,4.113859939575195312e+01,2.000000000000000000e+01
2.500000000000000000e+01,4.113859939575195312e+01,2.000000000000000000e+01
2.600000000000000000e+01,4.113859939575195312e+01,2.000000000000000000e+01
2.700000000000000000e+01,4.113859939575195312e+01,2.000000000000000000e+01
2.800000000000000000e+01,4.113859939575195312e+01,2.000000000000000000e+01
2.900000000000000000e+01,4.113859939575195312e+01,2.000000000000000000e+01
3.000000000000000000e+01,4.113859939575195312e+01,2.000000000000000000e+01
3.100000000000000000e+01,4.113859939575195312e+01,2.000000000000000000e+01
3.200000000000000000e+01,4.113859939575195312e+01,2.000000000000000000e+01
3.300000000000000000e+01,4.113859939575195312e+01,2.000000000000000000e+01
3.400000000000000000e+01,4.113859939575195312e+01,2.000000000000000000e+01
3.500000000000000000e+01,4.113859939575195312e+01,2.000000000000000000e+01
3.600000000000000000e+01,4.113859939575195312e+01,2.000000000000000000e+01
3.700000000000000000e+01,4.113859939575195312e+01,2.000000000000000000e+01
3.800000000000000000e+01,4.113859939575195312e+01,2.000000000000000000e+01
3.900000000000000000e+01,4.113859939575195312e+01,2.000000000000000000e+01
4.000000000000000000e+01,4.113859939575195312e+01,2.000000000000000000e+01
4.100000000000000000e+01,4.113859939575195312e+01,2.000000000000000000e+01
4.200000000000000000e+01,4.113859939575195312e+01,2.000000000000000000e+01
4.300000000000000000e+01,4.113859939575195312e+01,2.000000000000000000e+01
4.400000000000000000e+01,4.113859939575195312e+01,2.000000000000000000e+01
4.500000000000000000e+01,4.113859939575195312e+01,2.000000000000000000e+01
4.600000000000000000e+01,4.113859939575195312e+01,2.000000000000000000e+01
4.700000000000000000e+01,4.113859939575195312e+01,2.000000000000000000e+01
4.800000000000000000e+01,4.113859939575195312e+01,2.000000000000000000e+01
4.900000000000000000e+01,4.113859939575195312e+01,2.000000000000000000e+01
5.000000000000000000e+01,4.113859939575195312e+01,2.000000000000000000e+01
5.100000000000000000e+01,4.113859939575195312e+01,2.000000000000000000e+01
5.200000000000000000e+01,4.113859939575195312e+01,2.000000000000000000e+01
5.300000000000000000e+01,4.113859939575195312e+01,2.000000000000000000e+01
5.400000000000000000e+01,4.113859939575195312e+01,2.000000000000000000e+01
5.500000000000000000e+01,4.113859939575195312e+01,2.000000000000000000e+01
5.600000000000000000e+01,4.113859939575195312e+01,2.000000000000000000e+01
5.700000000000000000e+01,4.113859939575195312e+01,2.000000000000000000e+01
5.800000000000000000e+01,4.113859939575195312e+01,2.000000000000000000e+01
5.900000000000000000e+01,4.113859939575195312e+01,2.000000000000000000e+01
1.000000000000000000e+00,1.804500007629394531e+01,2.100000000000000000e+01
0.000000000000000000e+00,1.804500007629394531e+01,2.100000000000000000e+01
2.000000000000000000e+00,1.804500007629394531e+01,2.100000000000000000e+01
3.000000000000000000e+00,1.804500007629394531e+01,2.100000000000000000e+01
4.000000000000000000e+00,1.804500007629394531e+01,2.100000000000000000e+01
5.000000000000000000e+00,1.804500007629394531e+01,2.100000000000000000e+01
6.000000000000000000e+00,1.804500007629394531e+01,2.100000000000000000e+01
7.000000000000000000e+00,1.804500007629394531e+01,2.100000000000000000e+01
8.000000000000000000e+00,1.804500007629394531e+01,2.100000000000000000e+01
9.000000000000000000e+00,1.804500007629394531e+01,2.100000000000000000e+01
1.000000000000000000e+01,1.804500007629394531e+01,2.100000000000000000e+01
1.100000000000000000e+01,1.804500007629394531e+01,2.100000000000000000e+01
1.200000000000000000e+01,1.804500007629394531e+01,2.100000000000000000e+01
1.300000000000000000e+01,1.804500007629394531e+01,2.100000000000000000e+01
1.400000000000000000e+01,1.804500007629394531e+01,2.100000000000000000e+01
1.500000000000000000e+01,1.804500007629394531e+01,2.100000000000000000e+01
1.600000000000000000e+01,1.804500007629394531e+01,2.100000000000000000e+01
1.700000000000000000e+01,1.804500007629394531e+01,2.100000000000000000e+01
1.800000000000000000e+01,1.804500007629394531e+01,2.100000000000000000e+01
1.900000000000000000e+01,1.804500007629394531e+01,2.100000000000000000e+01
2.000000000000000000e+01,1.804500007629394531e+01,2.100000000000000000e+01
2.100000000000000000e+01,1.804500007629394531e+01,2.100000000000000000e+01
2.200000000000000000e+01,1.804500007629394531e+01,2.100000000000000000e+01
2.300000000000000000e+01,1.804500007629394531e+01,2.100000000000000000e+01
2.400000000000000000e+01,1.804500007629394531e+01,2.100000000000000000e+01
2.500000000000000000e+01,1.804500007629394531e+01,2.100000000000000000e+01
2.600000000000000000e+01,1.804500007629394531e+01,2.100000000000000000e+01
2.700000000000000000e+01,1.804500007629394531e+01,2.100000000000000000e+01
2.800000000000000000e+01,1.804500007629394531e+01,2.100000000000000000e+01
2.900000000000000000e+01,1.804500007629394531e+01,2.100000000000000000e+01
3.000000000000000000e+01,1.804500007629394531e+01,2.100000000000000000e+01
3.100000000000000000e+01,1.804500007629394531e+01,2.100000000000000000e+01
3.200000000000000000e+01,1.804500007629394531e+01,2.100000000000000000e+01
3.300000000000000000e+01,1.804500007629394531e+01,2.100000000000000000e+01
3.400000000000000000e+01,1.804500007629394531e+01,2.100000000000000000e+01
3.500000000000000000e+01,1.804500007629394531e+01,2.100000000000000000e+01
3.600000000000000000e+01,1.804500007629394531e+01,2.100000000000000000e+01
3.700000000000000000e+01,1.804500007629394531e+01,2.100000000000000000e+01
3.800000000000000000e+01,1.804500007629394531e+01,2.100000000000000000e+01
3.900000000000000000e+01,1.804500007629394531e+01,2.100000000000000000e+01
4.000000000000000000e+01,1.804500007629394531e+01,2.100000000000000000e+01
4.100000000000000000e+01,1.804500007629394531e+01,2.100000000000000000e+01
4.200000000000000000e+01,1.804500007629394531e+01,2.100000000000000000e+01
4.300000000000000000e+01,1.804500007629394531e+01,2.100000000000000000e+01
4.400000000000000000e+01,1.804500007629394531e+01,2.100000000000000000e+01
4.500000000000000000e+01,1.804500007629394531e+01,2.100000000000000000e+01
4.600000000000000000e+01,1.804500007629394531e+01,2.100000000000000000e+01
4.700000000000000000e+01,1.804500007629394531e+01,2.100000000000000000e+01
4.800000000000000000e+01,1.804500007629394531e+01,2.100000000000000000e+01
4.900000000000000000e+01,1.804500007629394531e+01,2.100000000000000000e+01
5.000000000000000000e+01,1.804500007629394531e+01,2.100000000000000000e+01
5.100000000000000000e+01,1.804500007629394531e+01,2.100000000000000000e+01
5.200000000000000000e+01,1.804500007629394531e+01,2.100000000000000000e+01
5.300000000000000000e+01,1.804500007629394531e+01,2.100000000000000000e+01
5.400000000000000000e+01,1.804500007629394531e+01,2.100000000000000000e+01
5.500000000000000000e+01,1.804500007629394531e+01,2.100000000000000000e+01
5.600000000000000000e+01,1.804500007629394531e+01,2.100000000000000000e+01
5.700000000000000000e+01,1.804500007629394531e+01,2.100000000000000000e+01
5.800000000000000000e+01,1.804500007629394531e+01,2.100000000000000000e+01
5.900000000000000000e+01,1.804500007629394531e+01,2.100000000000000000e+01
1.000000000000000000e+00,4.195500183105468750e+01,2.100000000000000000e+01
0.000000000000000000e+00,4.195500183105468750e+01,2.100000000000000000e+01
2.000000000000000000e+00,4.195500183105468750e+01,2.100000000000000000e+01
3.000000000000000000e+00,4.195500183105468750e+01,2.100000000000000000e+01
4.000000000000000000e+00,4.195500183105468750e+01,2.100000000000000000e+01
5.000000000000000000e+00,4.195500183105468750e+01,2.100000000000000000e+01
6.000000000000000000e+00,4.195500183105468750e+01,2.100000000000000000e+01
7.000000000000000000e+00,4.195500183105468750e+01,2.100000000000000000e+01
8.000000000000000000e+00,4.195500183105468750e+01,2.100000000000000000e+01
9.000000000000000000e+00,4.195500183105468750e+01,2.100000000000000000e+01
1.000000000000000000e+01,4.195500183105468750e+01,2.100000000000000000e+01
1.100000000000000000e+01,4.195500183105468750e+01,2.100000000000000000e+01
1.200000000000000000e+01,4.195500183105468750e+01,2.100000000000000000e+01
1.300000000000000000e+01,4.195500183105468750e+01,2.100000000000000000e+01
1.400000000000000000e+01,4.195500183105468750e+01,2.100000000000000000e+01
1.500000000000000000e+01,4.195500183105468750e+01,2.100000000000000000e+01
1.600000000000000000e+01,4.195500183105468750e+01,2.100000000000000000e+01
1.700000000000000000e+01,4.195500183105468750e+01,2.100000000000000000e+01
1.800000000000000000e+01,4.195500183105468750e+01,2.100000000000000000e+01
1.900000000000000000e+01,4.195500183105468750e+01,2.100000000000000000e+01
2.000000000000000000e+01,4.195500183105468750e+01,2.100000000000000000e+01
2.100000000000000000e+01,4.195500183105468750e+01,2.100000000000000000e+01
2.200000000000000000e+01,4.195500183105468750e+01,2.100000000000000000e+01
2.300000000000000000e+01,4.195500183105468750e+01,2.100000000000000000e+01
2.400000000000000000e+01,4.195500183105468750e+01,2.100000000000000000e+01
2.500000000000000000e+01,4.195500183105468750e+01,2.100000000000000000e+01
2.600000000000000000e+01,4.195500183105468750e+01,2.100000000000000000e+01
2.700000000000000000e+01,4.195500183105468750e+01,2.100000000000000000e+01
2.800000000000000000e+01,4.195500183105468750e+01,2.100000000000000000e+01
2.900000000000000000e+01,4.195500183105468750e+01,2.100000000000000000e+01
3.000000000000000000e+01,4.195500183105468750e+01,2.100000000000000000e+01
3.100000000000000000e+01,4.195500183105468750e+01,2.100000000000000000e+01
3.200000000000000000e+01,4.195500183105468750e+01,2.100000000000000000e+01
3.300000000000000000e+01,4.195500183105468750e+01,2.100000000000000000e+01
3.400000000000000000e+01,4.195500183105468750e+01,2.100000000000000000e+01
3.500000000000000000e+01,4.195500183105468750e+01,2.100000000000000000e+01
3.600000000000000000e+01,4.195500183105468750e+01,2.100000000000000000e+01
3.700000000000000000e+01,4.195500183105468750e+01,2.100000000000000000e+01
3.800000000000000000e+01,4.195500183105468750e+01,2.100000000000000000e+01
3.900000000000000000e+01,4.195500183105468750e+01,2.100000000000000000e+01
4.000000000000000000e+01,4.195500183105468750e+01,2.100000000000000000e+01
4.100000000000000000e+01,4.195500183105468750e+01,2.100000000000000000e+01
4.200000000000000000e+01,4.195500183105468750e+01,2.100000000000000000e+01
4.300000000000000000e+01,4.195500183105468750e+01,2.100000000000000000e+01
4.400000000000000000e+01,4.195500183105468750e+01,2.100000000000000000e+01
4.500000000000000000e+01,4.195500183105468750e+01,2.100000000000000000e+01
4.600000000000000000e+01,4.195500183105468750e+01,2.100000000000000000e+01
4.700000000000000000e+01,4.195500183105468750e+01,2.100000000000000000e+01
4.800000000000000000e+01,4.195500183105468750e+01,2.100000000000000000e+01
4.900000000000000000e+01,4.195500183105468750e+01,2.100000000000000000e+01
5.000000000000000000e+01,4.195500183105468750e+01,2.100000000000000000e+01
5.100000000000000000e+01,4.195500183105468750e+01,2.100000000000000000e+01
5.200000000000000000e+01,4.195500183105468750e+01,2.100000000000000000e+01
5.300000000000000000e+01,4.195500183105468750e+01,2.100000000000000000e+01
5.400000000000000000e+01,4.195500183105468750e+01,2.100000000000000000e+01
5.500000000000000000e+01,4.195500183105468750e+01,2.100000000000000000e+01
5.600000000000000000e+01,4.195500183105468750e+01,2.100000000000000000e+01
5.700000000000000000e+01,4.195500183105468750e+01,2.100000000000000000e+01
5.800000000000000000e+01,4.195500183105468750e+01,2.100000000000000000e+01
5.900000000000000000e+01,4.195500183105468750e+01,2.100000000000000000e+01
0.000000000000000000e+00,1.800000000000000000e+01,2.105960083007812500e+01
1.000000000000000000e+00,1.800000000000000000e+01,2.105960083007812500e+01
1.000000000000000000e+00,1.735869979858398438e+01,2.200000000000000000e+01
0.000000000000000000e+00,1.735869979858398438e+01,2.200000000000000000e+01
2.000000000000000000e+00,1.800000000000000000e+01,2.105960083007812500e+01
2.000000000000000000e+00,1.735869979858398438e+01,2.200000000000000000e+01
3.000000000000000000e+00,1.800000000000000000e+01,2.105960083007812500e+01
3.000000000000000000e+00,1.735869979858398438e+01,2.200000000000000000e+01
4.000000000000000000e+00,1.800000000000000000e+01,2.105960083007812500e+01
4.000000000000000000e+00,1.735869979858398438e+01,2.200000000000000000e+01
5.000000000000000000e+00,1.800000000000000000e+01,2.105960083007812500e+01
5.000000000000000000e+00,1.735869979858398438e+01,2.200000000000000000e+01
6.000000000000000000e+00,1.800000000000000000e+01,2.105960083007812500e+01
6.000000000000000000e+00,1.735869979858398438e+01,2.200000000000000000e+01
7.000000000000000000e+00,1.800000000000000000e+01,2.105960083007812500e+01
7.000000000000000000e+00,1.735869979858398438e+01,2.200000000000000000e+01
8.000000000000000000e+00,1.800000000000000000e+01,2.105960083007812500e+01
8.000000000000000000e+00,1.735869979858398438e+01,2.200000000000000000e+01
9.000000000000000000e+00,1.800000000000000000e+01,2.105960083007812500e+01
9.000000000000000000e+00,1.735869979858398438e+01,2.200000000000000000e+01
1.000000000000000000e+01,1.800000000000000000e+01,2.105960083007812500e+01
1.000000000000000000e+01,1.735869979858398438e+01,2.200000000000000000e+01
1.100000000000000000e+01,1.800000000000000000e+01,2.105960083007812500e+01
1.100000000000000000e+01,1.735869979858398438e+01,2.200000000000000000e+01
1.200000000000000000e+01,1.800000000000000000e+01,2.105960083007812500e+01
1.200000000000000000e+01,1.735869979858398438e+01,2.200000000000000000e+01
1.300000000000000000e+01,1.800000000000000000e+01,2.105960083007812500e+01
1.300000000000000000e+01,1.735869979858398438e+01,2.200000000000000000e+01
1.400000000000000000e+01,1.800000000000000000e+01,2.105960083007812500e+01
1.400000000000000000e+01,1.735869979858398438e+01,2.200000000000000000e+01
1.500000000000000000e+01,1.800000000000000000e+01,2.105960083007812500e+01
1.500000000000000000e+01,1.735869979858398438e+01,2.200000000000000000e+01
1.600000000000000000e+01,1.800000000000000000e+01,2.105960083007812500e+01
1.600000000000000000e+01,1.735869979858398438e+01,2.200000000000000000e+01
1.700000000000000000e+01,1.800000000000000000e+01,2.105960083007812500e+01
1.700000000000000000e+01,1.735869979858398438e+01,2.200000000000000000e+01
1.800000000000000000e+01,1.800000000000000000e+01,2.105960083007812500e+01
1.800000000000000000e+01,1.735869979858398438e+01,2.200000000000000000e+01
1.900000000000000000e+01,1.800000000000000000e+01,2.105960083007812500e+01
1.900000000000000000e+01,1.735869979858398438e+01,2.200000000000000000e+01
2.000000000000000000e+01,1.800000000000000000e+01,2.105960083007812500e+01
2.000000000000000000e+01,1.735869979858398438e+01,2.200000000000000000e+01
2.100000000000000000e+01,1.800000000000000000e+01,2.105960083007812500e+01
2.100000000000000000e+01,1.735869979858398438e+01,2.200000000000000000e+01
2.200000000000000000e+01,1.800000000000000000e+01,2.105960083007812500e+01
2.200000000000000000e+01,1.735869979858398438e+01,2.200000000000000000e+01
2.300000000000000000e+01,1.800000000000000000e+01,2.105960083007812500e+01
2.300000000000000000e+01,1.735869979858398438e+01,2.200000000000000000e+01
2.400000000000000000e+01,1.800000000000000000e+01,2.105960083007812500e+01
2.400000000000000000e+01,1.735869979858398438e+01,2.200000000000000000e+01
2.500000000000000000e+01,1.800000000000000000e+01,2.105960083007812500e+01
2.500000000000000000e+01,1.735869979858398438e+01,2.200000000000000000e+01
2.600000000000000000e+01,1.800000000000000000e+01,2.105960083007812500e+01
2.600000000000000000e+01,1.735869979858398438e+01,2.200000000000000000e+01
2.700000000000000000e+01,1.800000000000000000e+01,2.105960083007812500e+01
2.700000000000000000e+01,1.735869979858398438e+01,2.200000000000000000e+01
2.800000000000000000e+01,1.800000000000000000e+01,2.105960083007812500e+01
2.800000000000000000e+01,1.735869979858398438e+01,2.200000000000000000e+01
2.900000000000000000e+01,1.800000000000000000e+01,2.105960083007812500e+01
2.900000000000000000e+01,1.735869979858398438e+01,2.200000000000000000e+01
3.000000000000000000e+01,1.800000000000000000e+01,2.105960083007812500e+01
3.000000000000000000e+01,1.735869979858398438e+01,2.200000000000000000e+01
3.100000000000000000e+01,1.800000000000000000e+01,2.105960083007812500e+01
3.100000000000000000e+01,1.735869979858398438e+01,2.200000000000000000e+01
3.200000000000000000e+01,1.800000000000000000e+01,2.105960083007812500e+01
3.200000000000000000e+01,1.735869979858398438e+01,2.200000000000000000e+01
3.300000000000000000e+01,1.800000000000000000e+01,2.105960083007812500e+01
3.300000000000000000e+01,1.735869979858398438e+01,2.200000000000000000e+01
3.400000000000000000e+01,1.800000000000000000e+01,2.105960083007812500e+01
3.400000000000000000e+01,1.735869979858398438e+01,2.200000000000000000e+01
3.500000000000000000e+01,1.800000000000000000e+01,2.105960083007812500e+01
3.500000000000000000e+01,1.735869979858398438e+01,2.200000000000000000e+01
3.600000000000000000e+01,1.800000000000000000e+01,2.105960083007812500e+01
3.600000000000000000e+01,1.735869979858398438e+01,2.200000000000000000e+01
3.700000000000000000e+01,1.800000000000000000e+01,2.105960083007812500e+01
3.700000000000000000e+01,1.735869979858398438e+01,2.200000000000000000e+01
3.800000000000000000e+01,1.800000000000000000e+01,2.105960083007812500e+01
3.800000000000000000e+01,1.735869979858398438e+01,2.200000000000000000e+01
3.900000000000000000e+01,1.800000000000000000e+01,2.105960083007812500e+01
3.900000000000000000e+01,1.735869979858398438e+01,2.200000000000000000e+01
4.000000000000000000e+01,1.800000000000000000e+01,2.105960083007812500e+01
4.000000000000000000e+01,1.735869979858398438e+01,2.200000000000000000e+01
4.100000000000000000e+01,1.800000000000000000e+01,2.105960083007812500e+01
4.100000000000000000e+01,1.735869979858398438e+01,2.200000000000000000e+01
4.200000000000000000e+01,1.800000000000000000e+01,2.105960083007812500e+01
4.200000000000000000e+01,1.735869979858398438e+01,2.200000000000000000e+01
4.300000000000000000e+01,1.800000000000000000e+01,2.105960083007812500e+01
4.300000000000000000e+01,1.735869979858398438e+01,2.200000000000000000e+01
4.400000000000000000e+01,1.800000000000000000e+01,2.105960083007812500e+01
4.400000000000000000e+01,1.735869979858398438e+01,2.200000000000000000e+01
4.500000000000000000e+01,1.800000000000000000e+01,2.105960083007812500e+01
4.500000000000000000e+01,1.735869979858398438e+01,2.200000000000000000e+01
4.600000000000000000e+01,1.800000000000000000e+01,2.105960083007812500e+01
4.600000000000000000e+01,1.735869979858398438e+01,2.200000000000000000e+01
4.700000000000000000e+01,1.800000000000000000e+01,2.105960083007812500e+01
4.700000000000000000e+01,1.735869979858398438e+01,2.200000000000000000e+01
4.800000000000000000e+01,1.800000000000000000e+01,2.105960083007812500e+01
4.800000000000000000e+01,1.735869979858398438e+01,2.200000000000000000e+01
4.900000000000000000e+01,1.800000000000000000e+01,2.105960083007812500e+01
4.900000000000000000e+01,1.735869979858398438e+01,2.200000000000000000e+01
5.000000000000000000e+01,1.800000000000000000e+01,2.105960083007812500e+01
5.000000000000000000e+01,1.735869979858398438e+01,2.200000000000000000e+01
5.100000000000000000e+01,1.800000000000000000e+01,2.105960083007812500e+01
5.100000000000000000e+01,1.735869979858398438e+01,2.200000000000000000e+01
5.200000000000000000e+01,1.800000000000000000e+01,2.105960083007812500e+01
5.200000000000000000e+01,1.735869979858398438e+01,2.200000000000000000e+01
5.300000000000000000e+01,1.800000000000000000e+01,2.105960083007812500e+01
5.300000000000000000e+01,1.735869979858398438e+01,2.200000000000000000e+01
5.400000000000000000e+01,1.800000000000000000e+01,2.105960083007812500e+01
5.400000000000000000e+01,1.735869979858398438e+01,2.200000000000000000e+01
5.500000000000000000e+01,1.800000000000000000e+01,2.105960083007812500e+01
5.500000000000000000e+01,1.735869979858398438e+01,2.200000000000000000e+01
5.600000000000000000e+01,1.800000000000000000e+01,2.105960083007812500e+01
5.600000000000000000e+01,1.735869979858398438e+01,2.200000000000000000e+01
5.700000000000000000e+01,1.800000000000000000e+01,2.105960083007812500e+01
5.700000000000000000e+01,1.735869979858398438e+01,2.200000000000000000e+01
5.800000000000000000e+01,1.800000000000000000e+01,2.105960083007812500e+01
5.800000000000000000e+01,1.735869979858398438e+01,2.200000000000000000e+01
5.900000000000000000e+01,1.800000000000000000e+01,2.105960083007812500e+01
5.900000000000000000e+01,1.735869979858398438e+01,2.200000000000000000e+01
1.000000000000000000e+00,4.200000000000000000e+01,2.105960083007812500e+01
0.000000000000000000e+00,4.200000000000000000e+01,2.105960083007812500e+01
2.000000000000000000e+00,4.200000000000000000e+01,2.105960083007812500e+01
3.000000000000000000e+00,4.200000000000000000e+01,2.105960083007812500e+01
4.000000000000000000e+00,4.200000000000000000e+01,2.105960083007812500e+01
5.000000000000000000e+00,4.200000000000000000e+01,2.105960083007812500e+01
6.000000000000000000e+00,4.200000000000000000e+01,2.105960083007812500e+01
7.000000000000000000e+00,4.200000000000000000e+01,2.105960083007812500e+01
8.000000000000000000e+00,4.200000000000000000e+01,2.105960083007812500e+01
9.000000000000000000e+00,4.200000000000000000e+01,2.105960083007812500e+01
1.000000000000000000e+01,4.200000000000000000e+01,2.105960083007812500e+01
1.100000000000000000e+01,4.200000000000000000e+01,2.105960083007812500e+01
1.200000000000000000e+01,4.200000000000000000e+01,2.105960083007812500e+01
1.300000000000000000e+01,4.200000000000000000e+01,2.105960083007812500e+01
1.400000000000000000e+01,4.200000000000000000e+01,2.105960083007812500e+01
1.500000000000000000e+01,4.200000000000000000e+01,2.105960083007812500e+01
1.600000000000000000e+01,4.200000000000000000e+01,2.105960083007812500e+01
1.700000000000000000e+01,4.200000000000000000e+01,2.105960083007812500e+01
1.800000000000000000e+01,4.200000000000000000e+01,2.105960083007812500e+01
1.900000000000000000e+01,4.200000000000000000e+01,2.105960083007812500e+01
2.000000000000000000e+01,4.200000000000000000e+01,2.105960083007812500e+01
2.100000000000000000e+01,4.200000000000000000e+01,2.105960083007812500e+01
2.200000000000000000e+01,4.200000000000000000e+01,2.105960083007812500e+01
2.300000000000000000e+01,4.200000000000000000e+01,2.105960083007812500e+01
2.400000000000000000e+01,4.200000000000000000e+01,2.105960083007812500e+01
2.500000000000000000e+01,4.200000000000000000e+01,2.105960083007812500e+01
2.600000000000000000e+01,4.200000000000000000e+01,2.105960083007812500e+01
2.700000000000000000e+01,4.200000000000000000e+01,2.105960083007812500e+01
2.800000000000000000e+01,4.200000000000000000e+01,2.105960083007812500e+01
2.900000000000000000e+01,4.200000000000000000e+01,2.105960083007812500e+01
3.000000000000000000e+01,4.200000000000000000e+01,2.105960083007812500e+01
3.100000000000000000e+01,4.200000000000000000e+01,2.105960083007812500e+01
3.200000000000000000e+01,4.200000000000000000e+01,2.105960083007812500e+01
3.300000000000000000e+01,4.200000000000000000e+01,2.105960083007812500e+01
3.400000000000000000e+01,4.200000000000000000e+01,2.105960083007812500e+01
3.500000000000000000e+01,4.200000000000000000e+01,2.105960083007812500e+01
3.600000000000000000e+01,4.200000000000000000e+01,2.105960083007812500e+01
3.700000000000000000e+01,4.200000000000000000e+01,2.105960083007812500e+01
3.800000000000000000e+01,4.200000000000000000e+01,2.105960083007812500e+01
3.900000000000000000e+01,4.200000000000000000e+01,2.105960083007812500e+01
4.000000000000000000e+01,4.200000000000000000e+01,2.105960083007812500e+01
4.100000000000000000e+01,4.200000000000000000e+01,2.105960083007812500e+01
4.200000000000000000e+01,4.200000000000000000e+01,2.105960083007812500e+01
4.300000000000000000e+01,4.200000000000000000e+01,2.105960083007812500e+01
4.400000000000000000e+01,4.200000000000000000e+01,2.105960083007812500e+01
4.500000000000000000e+01,4.200000000000000000e+01,2.105960083007812500e+01
4.600000000000000000e+01,4.200000000000000000e+01,2.105960083007812500e+01
4.700000000000000000e+01,4.200000000000000000e+01,2.105960083007812500e+01
4.800000000000000000e+01,4.200000000000000000e+01,2.105960083007812500e+01
4.900000000000000000e+01,4.200000000000000000e+01,2.105960083007812500e+01
5.000000000000000000e+01,4.200000000000000000e+01,2.105960083007812500e+01
5.100000000000000000e+01,4.200000000000000000e+01,2.105960083007812500e+01
5.200000000000000000e+01,4.200000000000000000e+01,2.105960083007812500e+01
5.300000000000000000e+01,4.200000000000000000e+01,2.105960083007812500e+01
5.400000000000000000e+01,4.200000000000000000e+01,2.105960083007812500e+01
5.500000000000000000e+01,4.200000000000000000e+01,2.105960083007812500e+01
5.600000000000000000e+01,4.200000000000000000e+01,2.105960083007812500e+01
5.700000000000000000e+01,4.200000000000000000e+01,2.105960083007812500e+01
5.800000000000000000e+01,4.200000000000000000e+01,2.105960083007812500e+01
5.900000000000000000e+01,4.200000000000000000e+01,2.105960083007812500e+01
0.000000000000000000e+00,4.264130020141601562e+01,2.200000000000000000e+01
1.000000000000000000e+00,4.264130020141601562e+01,2.200000000000000000e+01
2.000000000000000000e+00,4.264130020141601562e+01,2.200000000000000000e+01
3.000000000000000000e+00,4.264130020141601562e+01,2.200000000000000000e+01
4.000000000000000000e+00,4.264130020141601562e+01,2.200000000000000000e+01
5.000000000000000000e+00,4.264130020141601562e+01,2.200000000000000000e+01
6.000000000000000000e+00,4.264130020141601562e+01,2.200000000000000000e+01
7.000000000000000000e+00,4.264130020141601562e+01,2.200000000000000000e+01
8.000000000000000000e+00,4.264130020141601562e+01,2.200000000000000000e+01
9.000000000000000000e+00,4.264130020141601562e+01,2.200000000000000000e+01
1.000000000000000000e+01,4.264130020141601562e+01,2.200000000000000000e+01
1.100000000000000000e+01,4.264130020141601562e+01,2.200000000000000000e+01
1.200000000000000000e+01,4.264130020141601562e+01,2.200000000000000000e+01
1.300000000000000000e+01,4.264130020141601562e+01,2.200000000000000000e+01
1.400000000000000000e+01,4.264130020141601562e+01,2.200000000000000000e+01
1.500000000000000000e+01,4.264130020141601562e+01,2.200000000000000000e+01
1.600000000000000000e+01,4.264130020141601562e+01,2.200000000000000000e+01
1.700000000000000000e+01,4.264130020141601562e+01,2.200000000000000000e+01
1.800000000000000000e+01,4.264130020141601562e+01,2.200000000000000000e+01
1.900000000000000000e+01,4.264130020141601562e+01,2.200000000000000000e+01
2.000000000000000000e+01,4.264130020141601562e+01,2.200000000000000000e+01
2.100000000000000000e+01,4.264130020141601562e+01,2.200000000000000000e+01
2.200000000000000000e+01,4.264130020141601562e+01,2.200000000000000000e+01
2.300000000000000000e+01,4.264130020141601562e+01,2.200000000000000000e+01
2.400000000000000000e+01,4.264130020141601562e+01,2.200000000000000000e+01
2.500000000000000000e+01,4.264130020141601562e+01,2.200000000000000000e+01
2.600000000000000000e+01,4.264130020141601562e+01,2.200000000000000000e+01
2.700000000000000000e+01,4.264130020141601562e+01,2.200000000000000000e+01
2.800000000000000000e+01,4.264130020141601562e+01,2.200000000000000000e+01
2.900000000000000000e+01,4.264130020141601562e+01,2.200000000000000000e+01
3.000000000000000000e+01,4.264130020141601562e+01,2.200000000000000000e+01
3.100000000000000000e+01,4.264130020141601562e+01,2.200000000000000000e+01
3.200000000000000000e+01,4.264130020141601562e+01,2.200000000000000000e+01
3.300000000000000000e+01,4.264130020141601562e+01,2.200000000000000000e+01
3.400000000000000000e+01,4.264130020141601562e+01,2.200000000000000000e+01
3.500000000000000000e+01,4.264130020141601562e+01,2.200000000000000000e+01
3.600000000000000000e+01,4.264130020141601562e+01,2.200000000000000000e+01
3.700000000000000000e+01,4.264130020141601562e+01,2.200000000000000000e+01
3.800000000000000000e+01,4.264130020141601562e+01,2.200000000000000000e+01
3.900000000000000000e+01,4.264130020141601562e+01,2.200000000000000000e+01
4.000000000000000000e+01,4.264130020141601562e+01,2.200000000000000000e+01
4.100000000000000000e+01,4.264130020141601562e+01,2.200000000000000000e+01
4.200000000000000000e+01,4.264130020141601562e+01,2.200000000000000000e+01
4.300000000000000000e+01,4.264130020141601562e+01,2.200000000000000000e+01
4.400000000000000000e+01,4.264130020141601562e+01,2.200000000000000000e+01
4.500000000000000000e+01,4.264130020141601562e+01,2.200000000000000000e+01
4.600000000000000000e+01,4.264130020141601562e+01,2.200000000000000000e+01
4.700000000000000000e+01,4.264130020141601562e+01,2.200000000000000000e+01
4.800000000000000000e+01,4.264130020141601562e+01,2.200000000000000000e+01
4.900000000000000000e+01,4.264130020141601562e+01,2.200000000000000000e+01
5.000000000000000000e+01,4.264130020141601562e+01,2.200000000000000000e+01
5.100000000000000000e+01,4.264130020141601562e+01,2.200000000000000000e+01
5.200000000000000000e+01,4.264130020141601562e+01,2.200000000000000000e+01
5.300000000000000000e+01,4.264130020141601562e+01,2.200000000000000000e+01
5.400000000000000000e+01,4.264130020141601562e+01,2.200000000000000000e+01
5.500000000000000000e+01,4.264130020141601562e+01,2.200000000000000000e+01
5.600000000000000000e+01,4.264130020141601562e+01,2.200000000000000000e+01
5.700000000000000000e+01,4.264130020141601562e+01,2.200000000000000000e+01
5.800000000000000000e+01,4.264130020141601562e+01,2.200000000000000000e+01
5.900000000000000000e+01,4.264130020141601562e+01,2.200000000000000000e+01
0.000000000000000000e+00,1.700000000000000000e+01,2.259469985961914062e+01
1.000000000000000000e+00,1.700000000000000000e+01,2.259469985961914062e+01
1.000000000000000000e+00,1.676429939270019531e+01,2.300000000000000000e+01
0.000000000000000000e+00,1.676429939270019531e+01,2.300000000000000000e+01
2.000000000000000000e+00,1.700000000000000000e+01,2.259469985961914062e+01
2.000000000000000000e+00,1.676429939270019531e+01,2.300000000000000000e+01
3.000000000000000000e+00,1.700000000000000000e+01,2.259469985961914062e+01
3.000000000000000000e+00,1.676429939270019531e+01,2.300000000000000000e+01
4.000000000000000000e+00,1.700000000000000000e+01,2.259469985961914062e+01
4.000000000000000000e+00,1.676429939270019531e+01,2.300000000000000000e+01
5.000000000000000000e+00,1.700000000000000000e+01,2.259469985961914062e+01
5.000000000000000000e+00,1.676429939270019531e+01,2.300000000000000000e+01
6.000000000000000000e+00,1.700000000000000000e+01,2.259469985961914062e+01
6.000000000000000000e+00,1.676429939270019531e+01,2.300000000000000000e+01
7.000000000000000000e+00,1.700000000000000000e+01,2.259469985961914062e+01
7.000000000000000000e+00,1.676429939270019531e+01,2.300000000000000000e+01
8.000000000000000000e+00,1.700000000000000000e+01,2.259469985961914062e+01
8.000000000000000000e+00,1.676429939270019531e+01,2.300000000000000000e+01
9.000000000000000000e+00,1.700000000000000000e+01,2.259469985961914062e+01
9.000000000000000000e+00,1.676429939270019531e+01,2.300000000000000000e+01
1.000000000000000000e+01,1.700000000000000000e+01,2.259469985961914062e+01
1.000000000000000000e+01,1.676429939270019531e+01,2.300000000000000000e+01
1.100000000000000000e+01,1.700000000000000000e+01,2.259469985961914062e+01
1.100000000000000000e+01,1.676429939270019531e+01,2.300000000000000000e+01
1.200000000000000000e+01,1.700000000000000000e+01,2.259469985961914062e+01
1.200000000000000000e+01,1.676429939270019531e+01,2.300000000000000000e+01
1.300000000000000000e+01,1.700000000000000000e+01,2.259469985961914062e+01
1.300000000000000000e+01,1.676429939270019531e+01,2.300000000000000000e+01
1.400000000000000000e+01,1.700000000000000000e+01,2.259469985961914062e+01
1.400000000000000000e+01,1.676429939270019531e+01,2.300000000000000000e+01
1.500000000000000000e+01,1.700000000000000000e+01,2.259469985961914062e+01
1.500000000000000000e+01,1.676429939270019531e+01,2.300000000000000000e+01
1.600000000000000000e+01,1.700000000000000000e+01,2.259469985961914062e+01
1.600000000000000000e+01,1.676429939270019531e+01,2.300000000000000000e+01
1.700000000000000000e+01,1.700000000000000000e+01,2.259469985961914062e+01
1.700000000000000000e+01,1.676429939270019531e+01,2.300000000000000000e+01
1.800000000000000000e+01,1.700000000000000000e+01,2.259469985961914062e+01
1.800000000000000000e+01,1.676429939270019531e+01,2.300000000000000000e+01
1.900000000000000000e+01,1.700000000000000000e+01,2.259469985961914062e+01
1.900000000000000000e+01,1.676429939270019531e+01,2.300000000000000000e+01
2.000000000000000000e+01,1.700000000000000000e+01,2.259469985961914062e+01
2.000000000000000000e+01,1.676429939270019531e+01,2.300000000000000000e+01
2.100000000000000000e+01,1.700000000000000000e+01,2.259469985961914062e+01
2.100000000000000000e+01,1.676429939270019531e+01,2.300000000000000000e+01
2.200000000000000000e+01,1.700000000000000000e+01,2.259469985961914062e+01
2.200000000000000000e+01,1.676429939270019531e+01,2.300000000000000000e+01
2.300000000000000000e+01,1.700000000000000000e+01,2.259469985961914062e+01
2.300000000000000000e+01,1.676429939270019531e+01,2.300000000000000000e+01
2.400000000000000000e+01,1.700000000000000000e+01,2.259469985961914062e+01
2.400000000000000000e+01,1.676429939270019531e+01,2.300000000000000000e+01
2.500000000000000000e+01,1.700000000000000000e+01,2.259469985961914062e+01
2.500000000000000000e+01,1.676429939270019531e+01,2.300000000000000000e+01
2.600000000000000000e+01,1.700000000000000000e+01,2.259469985961914062e+01
2.600000000000000000e+01,1.676429939270019531e+01,2.300000000000000000e+01
2.700000000000000000e+01,1.700000000000000000e+01,2.259469985961914062e+01
2.700000000000000000e+01,1.676429939270019531e+01,2.300000000000000000e+01
2.800000000000000000e+01,1.700000000000000000e+01,2.259469985961914062e+01
2.800000000000000000e+01,1.676429939270019531e+01,2.300000000000000000e+01
2.900000000000000000e+01,1.700000000000000000e+01,2.259469985961914062e+01
2.900000000000000000e+01,1.676429939270019531e+01,2.300000000000000000e+01
3.000000000000000000e+01,1.700000000000000000e+01,2.259469985961914062e+01
3.000000000000000000e+01,1.676429939270019531e+01,2.300000000000000000e+01
3.100000000000000000e+01,1.700000000000000000e+01,2.259469985961914062e+01
3.100000000000000000e+01,1.676429939270019531e+01,2.300000000000000000e+01
3.200000000000000000e+01,1.700000000000000000e+01,2.259469985961914062e+01
3.200000000000000000e+01,1.676429939270019531e+01,2.300000000000000000e+01
3.300000000000000000e+01,1.700000000000000000e+01,2.259469985961914062e+01
3.300000000000000000e+01,1.676429939270019531e+01,2.300000000000000000e+01
3.400000000000000000e+01,1.700000000000000000e+01,2.259469985961914062e+01
3.400000000000000000e+01,1.676429939270019531e+01,2.300000000000000000e+01
3.500000000000000000e+01,1.700000000000000000e+01,2.259469985961914062e+01
3.500000000000000000e+01,1.676429939270019531e+01,2.300000000000000000e+01
3.600000000000000000e+01,1.700000000000000000e+01,2.259469985961914062e+01
3.600000000000000000e+01,1.676429939270019531e+01,2.300000000000000000e+01
3.700000000000000000e+01,1.700000000000000000e+01,2.259469985961914062e+01
3.700000000000000000e+01,1.676429939270019531e+01,2.300000000000000000e+01
3.800000000000000000e+01,1.700000000000000000e+01,2.259469985961914062e+01
3.800000000000000000e+01,1.676429939270019531e+01,2.300000000000000000e+01
3.900000000000000000e+01,1.700000000000000000e+01,2.259469985961914062e+01
3.900000000000000000e+01,1.676429939270019531e+01,2.300000000000000000e+01
4.000000000000000000e+01,1.700000000000000000e+01,2.259469985961914062e+01
4.000000000000000000e+01,1.676429939270019531e+01,2.300000000000000000e+01
4.100000000000000000e+01,1.700000000000000000e+01,2.259469985961914062e+01
4.100000000000000000e+01,1.676429939270019531e+01,2.300000000000000000e+01
4.200000000000000000e+01,1.700000000000000000e+01,2.259469985961914062e+01
4.200000000000000000e+01,1.676429939270019531e+01,2.300000000000000000e+01
4.300000000000000000e+01,1.700000000000000000e+01,2.259469985961914062e+01
4.300000000000000000e+01,1.676429939270019531e+01,2.300000000000000000e+01
4.400000000000000000e+01,1.700000000000000000e+01,2.259469985961914062e+01
4.400000000000000000e+01,1.676429939270019531e+01,2.300000000000000000e+01
4.500000000000000000e+01,1.700000000000000000e+01,2.259469985961914062e+01
4.500000000000000000e+01,1.676429939270019531e+01,2.300000000000000000e+01
4.600000000000000000e+01,1.700000000000000000e+01,2.259469985961914062e+01
4.600000000000000000e+01,1.676429939270019531e+01,2.300000000000000000e+01
4.700000000000000000e+01,1.700000000000000000e+01,2.259469985961914062e+01
4.700000000000000000e+01,1.676429939270019531e+01,2.300000000000000000e+01
4.800000000000000000e+01,1.700000000000000000e+01,2.259469985961914062e+01
4.800000000000000000e+01,1.676429939270019531e+01,2.300000000000000000e+01
4.900000000000000000e+01,1.700000000000000000e+01,2.259469985961914062e+01
4.900000000000000000e+01,1.676429939270019531e+01,2.300000000000000000e+01
5.000000000000000000e+01,1.700000000000000000e+01,2.259469985961914062e+01
5.000000000000000000e+01,1.676429939270019531e+01,2.300000000000000000e+01
5.100000000000000000e+01,1.700000000000000000e+01,2.259469985961914062e+01
5.100000000000000000e+01,1.676429939270019531e+01,2.300000000000000000e+01
5.200000000000000000e+01,1.700000000000000000e+01,2.259469985961914062e+01
5.200000000000000000e+01,1.676429939270019531e+01,2.300000000000000000e+01
5.300000000000000000e+01,1.700000000000000000e+01,2.259469985961914062e+01
5.300000000000000000e+01,1.676429939270019531e+01,2.300000000000000000e+01
5.400000000000000000e+01,1.700000000000000000e+01,2.259469985961914062e+01
5.400000000000000000e+01,1.676429939270019531e+01,2.300000000000000000e+01
5.500000000000000000e+01,1.700000000000000000e+01,2.259469985961914062e+01
5.500000000000000000e+01,1.676429939270019531e+01,2.300000000000000000e+01
5.600000000000000000e+01,1.700000000000000000e+01,2.259469985961914062e+01
5.600000000000000000e+01,1.676429939270019531e+01,2.300000000000000000e+01
5.700000000000000000e+01,1.700000000000000000e+01,2.259469985961914062e+01
5.700000000000000000e+01,1.676429939270019531e+01,2.300000000000000000e+01
5.800000000000000000e+01,1.700000000000000000e+01,2.259469985961914062e+01
5.800000000000000000e+01,1.676429939270019531e+01,2.300000000000000000e+01
5.900000000000000000e+01,1.700000000000000000e+01,2.259469985961914062e+01
5.900000000000000000e+01,1.676429939270019531e+01,2.300000000000000000e+01
1.000000000000000000e+00,4.300000000000000000e+01,2.259469985961914062e+01
0.000000000000000000e+00,4.300000000000000000e+01,2.259469985961914062e+01
2.000000000000000000e+00,4.300000000000000000e+01,2.259469985961914062e+01
3.000000000000000000e+00,4.300000000000000000e+01,2.259469985961914062e+01
4.000000000000000000e+00,4.300000000000000000e+01,2.259469985961914062e+01
5.000000000000000000e+00,4.300000000000000000e+01,2.259469985961914062e+01
6.000000000000000000e+00,4.300000000000000000e+01,2.259469985961914062e+01
7.000000000000000000e+00,4.300000000000000000e+01,2.259469985961914062e+01
8.000000000000000000e+00,4.300000000000000000e+01,2.259469985961914062e+01
9.000000000000000000e+00,4.300000000000000000e+01,2.259469985961914062e+01
1.000000000000000000e+01,4.300000000000000000e+01,2.259469985961914062e+01
1.100000000000000000e+01,4.300000000000000000e+01,2.259469985961914062e+01
1.200000000000000000e+01,4.300000000000000000e+01,2.259469985961914062e+01
1.300000000000000000e+01,4.300000000000000000e+01,2.259469985961914062e+01
1.400000000000000000e+01,4.300000000000000000e+01,2.259469985961914062e+01
1.500000000000000000e+01,4.300000000000000000e+01,2.259469985961914062e+01
1.600000000000000000e+01,4.300000000000000000e+01,2.259469985961914062e+01
1.700000000000000000e+01,4.300000000000000000e+01,2.259469985961914062e+01
1.800000000000000000e+01,4.300000000000000000e+01,2.259469985961914062e+01
1.900000000000000000e+01,4.300000000000000000e+01,2.259469985961914062e+01
2.000000000000000000e+01,4.300000000000000000e+01,2.259469985961914062e+01
2.100000000000000000e+01,4.300000000000000000e+01,2.259469985961914062e+01
2.200000000000000000e+01,4.300000000000000000e+01,2.259469985961914062e+01
2.300000000000000000e+01,4.300000000000000000e+01,2.259469985961914062e+01
2.400000000000000000e+01,4.300000000000000000e+01,2.259469985961914062e+01
2.500000000000000000e+01,4.300000000000000000e+01,2.259469985961914062e+01
2.600000000000000000e+01,4.300000000000000000e+01,2.259469985961914062e+01
2.700000000000000000e+01,4.300000000000000000e+01,2.259469985961914062e+01
2.800000000000000000e+01,4.300000000000000000e+01,2.259469985961914062e+01
2.900000000000000000e+01,4.300000000000000000e+01,2.259469985961914062e+01
3.000000000000000000e+01,4.300000000000000000e+01,2.259469985961914062e+01
3.100000000000000000e+01,4.300000000000000000e+01,2.259469985961914062e+01
3.200000000000000000e+01,4.300000000000000000e+01,2.259469985961914062e+01
3.300000000000000000e+01,4.300000000000000000e+01,2.259469985961914062e+01
3.400000000000000000e+01,4.300000000000000000e+01,2.259469985961914062e+01
3.500000000000000000e+01,4.300000000000000000e+01,2.259469985961914062e+01
3.600000000000000000e+01,4.300000000000000000e+01,2.259469985961914062e+01
3.700000000000000000e+01,4.300000000000000000e+01,2.259469985961914062e+01
3.800000000000000000e+01,4.300000000000000000e+01,2.259469985961914062e+01
3.900000000000000000e+01,4.300000000000000000e+01,2.259469985961914062e+01
4.000000000000000000e+01,4.300000000000000000e+01,2.259469985961914062e+01
4.100000000000000000e+01,4.300000000000000000e+01,2.259469985961914062e+01
4.200000000000000000e+01,4.300000000000000000e+01,2.259469985961914062e+01
4.300000000000000000e+01,4.300000000000000000e+01,2.259469985961914062e+01
4.400000000000000000e+01,4.300000000000000000e+01,2.259469985961914062e+01
4.500000000000000000e+01,4.300000000000000000e+01,2.259469985961914062e+01
4.600000000000000000e+01,4.300000000000000000e+01,2.259469985961914062e+01
4.700000000000000000e+01,4.300000000000000000e+01,2.259469985961914062e+01
4.800000000000000000e+01,4.300000000000000000e+01,2.259469985961914062e+01
4.900000000000000000e+01,4.300000000000000000e+01,2.259469985961914062e+01
5.000000000000000000e+01,4.300000000000000000e+01,2.259469985961914062e+01
5.100000000000000000e+01,4.300000000000000000e+01,2.259469985961914062e+01
5.200000000000000000e+01,4.300000000000000000e+01,2.259469985961914062e+01
5.300000000000000000e+01,4.300000000000000000e+01,2.259469985961914062e+01
5.400000000000000000e+01,4.300000000000000000e+01,2.259469985961914062e+01
5.500000000000000000e+01,4.300000000000000000e+01,2.259469985961914062e+01
5.600000000000000000e+01,4.300000000000000000e+01,2.259469985961914062e+01
5.700000000000000000e+01,4.300000000000000000e+01,2.259469985961914062e+01
5.800000000000000000e+01,4.300000000000000000e+01,2.259469985961914062e+01
5.900000000000000000e+01,4.300000000000000000e+01,2.259469985961914062e+01
0.000000000000000000e+00,4.323569869995117188e+01,2.300000000000000000e+01
1.000000000000000000e+00,4.323569869995117188e+01,2.300000000000000000e+01
2.000000000000000000e+00,4.323569869995117188e+01,2.300000000000000000e+01
3.000000000000000000e+00,4.323569869995117188e+01,2.300000000000000000e+01
4.000000000000000000e+00,4.323569869995117188e+01,2.300000000000000000e+01
5.000000000000000000e+00,4.323569869995117188e+01,2.300000000000000000e+01
6.000000000000000000e+00,4.323569869995117188e+01,2.300000000000000000e+01
7.000000000000000000e+00,4.323569869995117188e+01,2.300000000000000000e+01
8.000000000000000000e+00,4.323569869995117188e+01,2.300000000000000000e+01
9.000000000000000000e+00,4.323569869995117188e+01,2.300000000000000000e+01
1.000000000000000000e+01,4.323569869995117188e+01,2.300000000000000000e+01
1.100000000000000000e+01,4.323569869995117188e+01,2.300000000000000000e+01
1.200000000000000000e+01,4.323569869995117188e+01,2.300000000000000000e+01
1.300000000000000000e+01,4.323569869995117188e+01,2.300000000000000000e+01
1.400000000000000000e+01,4.323569869995117188e+01,2.300000000000000000e+01
1.500000000000000000e+01,4.323569869995117188e+01,2.300000000000000000e+01
1.600000000000000000e+01,4.323569869995117188e+01,2.300000000000000000e+01
1.700000000000000000e+01,4.323569869995117188e+01,2.300000000000000000e+01
1.800000000000000000e+01,4.323569869995117188e+01,2.300000000000000000e+01
1.900000000000000000e+01,4.323569869995117188e+01,2.300000000000000000e+01
2.000000000000000000e+01,4.323569869995117188e+01,2.300000000000000000e+01
2.100000000000000000e+01,4.323569869995117188e+01,2.300000000000000000e+01
2.200000000000000000e+01,4.323569869995117188e+01,2.300000000000000000e+01
2.300000000000000000e+01,4.323569869995117188e+01,2.300000000000000000e+01
2.400000000000000000e+01,4.323569869995117188e+01,2.300000000000000000e+01
2.500000000000000000e+01,4.323569869995117188e+01,2.300000000000000000e+01
2.600000000000000000e+01,4.323569869995117188e+01,2.300000000000000000e+01
2.700000000000000000e+01,4.323569869995117188e+01,2.300000000000000000e+01
2.800000000000000000e+01,4.323569869995117188e+01,2.300000000000000000e+01
2.900000000000000000e+01,4.323569869995117188e+01,2.300000000000000000e+01
3.000000000000000000e+01,4.323569869995117188e+01,2.300000000000000000e+01
3.100000000000000000e+01,4.323569869995117188e+01,2.300000000000000000e+01
3.200000000000000000e+01,4.323569869995117188e+01,2.300000000000000000e+01
3.300000000000000000e+01,4.323569869995117188e+01,2.300000000000000000e+01
3.400000000000000000e+01,4.323569869995117188e+01,2.300000000000000000e+01
3.500000000000000000e+01,4.323569869995117188e+01,2.300000000000000000e+01
3.600000000000000000e+01,4.323569869995117188e+01,2.300000000000000000e+01
3.700000000000000000e+01,4.323569869995117188e+01,2.300000000000000000e+01
3.800000000000000000e+01,4.323569869995117188e+01,2.300000000000000000e+01
3.900000000000000000e+01,4.323569869995117188e+01,2.300000000000000000e+01
4.000000000000000000e+01,4.323569869995117188e+01,2.300000000000000000e+01
4.100000000000000000e+01,4.323569869995117188e+01,2.300000000000000000e+01
4.200000000000000000e+01,4.323569869995117188e+01,2.300000000000000000e+01
4.300000000000000000e+01,4.323569869995117188e+01,2.300000000000000000e+01
4.400000000000000000e+01,4.323569869995117188e+01,2.300000000000000000e+01
4.500000000000000000e+01,4.323569869995117188e+01,2.300000000000000000e+01
4.600000000000000000e+01,4.323569869995117188e+01,2.300000000000000000e+01
4.700000000000000000e+01,4.323569869995117188e+01,2.300000000000000000e+01
4.800000000000000000e+01,4.323569869995117188e+01,2.300000000000000000e+01
4.900000000000000000e+01,4.323569869995117188e+01,2.300000000000000000e+01
5.000000000000000000e+01,4.323569869995117188e+01,2.300000000000000000e+01
5.100000000000000000e+01,4.323569869995117188e+01,2.300000000000000000e+01
5.200000000000000000e+01,4.323569869995117188e+01,2.300000000000000000e+01
5.300000000000000000e+01,4.323569869995117188e+01,2.300000000000000000e+01
5.400000000000000000e+01,4.323569869995117188e+01,2.300000000000000000e+01
5.500000000000000000e+01,4.323569869995117188e+01,2.300000000000000000e+01
5.600000000000000000e+01,4.323569869995117188e+01,2.300000000000000000e+01
5.700000000000000000e+01,4.323569869995117188e+01,2.300000000000000000e+01
5.800000000000000000e+01,4.323569869995117188e+01,2.300000000000000000e+01
5.900000000000000000e+01,4.323569869995117188e+01,2.300000000000000000e+01
1.000000000000000000e+00,1.629780006408691406e+01,2.400000000000000000e+01
0.000000000000000000e+00,1.629780006408691406e+01,2.400000000000000000e+01
2.000000000000000000e+00,1.629780006408691406e+01,2.400000000000000000e+01
3.000000000000000000e+00,1.629780006408691406e+01,2.400000000000000000e+01
4.000000000000000000e+00,1.629780006408691406e+01,2.400000000000000000e+01
5.000000000000000000e+00,1.629780006408691406e+01,2.400000000000000000e+01
6.000000000000000000e+00,1.629780006408691406e+01,2.400000000000000000e+01
7.000000000000000000e+00,1.629780006408691406e+01,2.400000000000000000e+01
8.000000000000000000e+00,1.629780006408691406e+01,2.400000000000000000e+01
9.000000000000000000e+00,1.629780006408691406e+01,2.400000000000000000e+01
1.000000000000000000e+01,1.629780006408691406e+01,2.400000000000000000e+01
1.100000000000000000e+01,1.629780006408691406e+01,2.400000000000000000e+01
1.200000000000000000e+01,1.629780006408691406e+01,2.400000000000000000e+01
1.300000000000000000e+01,1.629780006408691406e+01,2.400000000000000000e+01
1.400000000000000000e+01,1.629780006408691406e+01,2.400000000000000000e+01
1.500000000000000000e+01,1.629780006408691406e+01,2.400000000000000000e+01
1.600000000000000000e+01,1.629780006408691406e+01,2.400000000000000000e+01
1.700000000000000000e+01,1.629780006408691406e+01,2.400000000000000000e+01
1.800000000000000000e+01,1.629780006408691406e+01,2.400000000000000000e+01
1.900000000000000000e+01,1.629780006408691406e+01,2.400000000000000000e+01
2.000000000000000000e+01,1.629780006408691406e+01,2.400000000000000000e+01
2.100000000000000000e+01,1.629780006408691406e+01,2.400000000000000000e+01
2.200000000000000000e+01,1.629780006408691406e+01,2.400000000000000000e+01
2.300000000000000000e+01,1.629780006408691406e+01,2.400000000000000000e+01
2.400000000000000000e+01,1.629780006408691406e+01,2.400000000000000000e+01
2.500000000000000000e+01,1.629780006408691406e+01,2.400000000000000000e+01
2.600000000000000000e+01,1.629780006408691406e+01,2.400000000000000000e+01
2.700000000000000000e+01,1.629780006408691406e+01,2.400000000000000000e+01
2.800000000000000000e+01,1.629780006408691406e+01,2.400000000000000000e+01
2.900000000000000000e+01,1.629780006408691406e+01,2.400000000000000000e+01
3.000000000000000000e+01,1.629780006408691406e+01,2.400000000000000000e+01
3.100000000000000000e+01,1.629780006408691406e+01,2.400000000000000000e+01
3.200000000000000000e+01,1.629780006408691406e+01,2.400000000000000000e+01
3.300000000000000000e+01,1.629780006408691406e+01,2.400000000000000000e+01
3.400000000000000000e+01,1.629780006408691406e+01,2.400000000000000000e+01
3.500000000000000000e+01,1.629780006408691406e+01,2.400000000000000000e+01
3.600000000000000000e+01,1.629780006408691406e+01,2.400000000000000000e+01
3.700000000000000000e+01,1.629780006408691406e+01,2.400000000000000000e+01
3.800000000000000000e+01,1.629780006408691406e+01,2.400000000000000000e+01
3.900000000000000000e+01,1.629780006408691406e+01,2.400000000000000000e+01
4.000000000000000000e+01,1.629780006408691406e+01,2.400000000000000000e+01
4.100000000000000000e+01,1.629780006408691406e+01,2.400000000000000000e+01
4.200000000000000000e+01,1.629780006408691406e+01,2.400000000000000000e+01
4.300000000000000000e+01,1.629780006408691406e+01,2.400000000000000000e+01
4.400000000000000000e+01,1.629780006408691406e+01,2.400000000000000000e+01
4.500000000000000000e+01,1.629780006408691406e+01,2.400000000000000000e+01
4.600000000000000000e+01,1.629780006408691406e+01,2.400000000000000000e+01
4.700000000000000000e+01,1.629780006408691406e+01,2.400000000000000000e+01
4.800000000000000000e+01,1.629780006408691406e+01,2.400000000000000000e+01
4.900000000000000000e+01,1.629780006408691406e+01,2.400000000000000000e+01
5.000000000000000000e+01,1.629780006408691406e+01,2.400000000000000000e+01
5.100000000000000000e+01,1.629780006408691406e+01,2.400000000000000000e+01
5.200000000000000000e+01,1.629780006408691406e+01,2.400000000000000000e+01
5.300000000000000000e+01,1.629780006408691406e+01,2.400000000000000000e+01
5.400000000000000000e+01,1.629780006408691406e+01,2.400000000000000000e+01
5.500000000000000000e+01,1.629780006408691406e+01,2.400000000000000000e+01
5.600000000000000000e+01,1.629780006408691406e+01,2.400000000000000000e+01
5.700000000000000000e+01,1.629780006408691406e+01,2.400000000000000000e+01
5.800000000000000000e+01,1.629780006408691406e+01,2.400000000000000000e+01
5.900000000000000000e+01,1.629780006408691406e+01,2.400000000000000000e+01
1.000000000000000000e+00,4.370220184326171875e+01,2.400000000000000000e+01
0.000000000000000000e+00,4.370220184326171875e+01,2.400000000000000000e+01
2.000000000000000000e+00,4.370220184326171875e+01,2.400000000000000000e+01
3.000000000000000000e+00,4.370220184326171875e+01,2.400000000000000000e+01
4.000000000000000000e+00,4.370220184326171875e+01,2.400000000000000000e+01
5.000000000000000000e+00,4.370220184326171875e+01,2.400000000000000000e+01
6.000000000000000000e+00,4.370220184326171875e+01,2.400000000000000000e+01
7.000000000000000000e+00,4.370220184326171875e+01,2.400000000000000000e+01
8.000000000000000000e+00,4.370220184326171875e+01,2.400000000000000000e+01
9.000000000000000000e+00,4.370220184326171875e+01,2.400000000000000000e+01
1.000000000000000000e+01,4.370220184326171875e+01,2.400000000000000000e+01
1.100000000000000000e+01,4.370220184326171875e+01,2.400000000000000000e+01
1.200000000000000000e+01,4.370220184326171875e+01,2.400000000000000000e+01
1.300000000000000000e+01,4.370220184326171875e+01,2.400000000000000000e+01
1.400000000000000000e+01,4.370220184326171875e+01,2.400000000000000000e+01
1.500000000000000000e+01,4.370220184326171875e+01,2.400000000000000000e+01
1.600000000000000000e+01,4.370220184326171875e+01,2.400000000000000000e+01
1.700000000000000000e+01,4.370220184326171875e+01,2.400000000000000000e+01
1.800000000000000000e+01,4.370220184326171875e+01,2.400000000000000000e+01
1.900000000000000000e+01,4.370220184326171875e+01,2.400000000000000000e+01
2.000000000000000000e+01,4.370220184326171875e+01,2.400000000000000000e+01
2.100000000000000000e+01,4.370220184326171875e+01,2.400000000000000000e+01
2.200000000000000000e+01,4.370220184326171875e+01,2.400000000000000000e+01
2.300000000000000000e+01,4.370220184326171875e+01,2.400000000000000000e+01
2.400000000000000000e+01,4.370220184326171875e+01,2.400000000000000000e+01
2.500000000000000000e+01,4.370220184326171875e+01,2.400000000000000000e+01
2.600000000000000000e+01,4.370220184326171875e+01,2.400000000000000000e+01
2.700000000000000000e+01,4.370220184326171875e+01,2.400000000000000000e+01
2.800000000000000000e+01,4.370220184326171875e+01,2.400000000000000000e+01
2.900000000000000000e+01,4.370220184326171875e+01,2.400000000000000000e+01
3.000000000000000000e+01,4.370220184326171875e+01,2.400000000000000000e+01
3.100000000000000000e+01,4.370220184326171875e+01,2.400000000000000000e+01
3.200000000000000000e+01,4.370220184326171875e+01,2.400000000000000000e+01
3.300000000000000000e+01,4.370220184326171875e+01,2.400000000000000000e+01
3.400000000000000000e+01,4.370220184326171875e+01,2.400000000000000000e+01
3.500000000000000000e+01,4.370220184326171875e+01,2.400000000000000000e+01
3.600000000000000000e+01,4.370220184326171875e+01,2.400000000000000000e+01
3.700000000000000000e+01,4.370220184326171875e+01,2.400000000000000000e+01
3.800000000000000000e+01,4.370220184326171875e+01,2.400000000000000000e+01
3.900000000000000000e+01,4.370220184326171875e+01,2.400000000000000000e+01
4.000000000000000000e+01,4.370220184326171875e+01,2.400000000000000000e+01
4.100000000000000000e+01,4.370220184326171875e+01,2.400000000000000000e+01
4.200000000000000000e+01,4.370220184326171875e+01,2.400000000000000000e+01
4.300000000000000000e+01,4.370220184326171875e+01,2.400000000000000000e+01
4.400000000000000000e+01,4.370220184326171875e+01,2.400000000000000000e+01
4.500000000000000000e+01,4.370220184326171875e+01,2.400000000000000000e+01
4.600000000000000000e+01,4.370220184326171875e+01,2.400000000000000000e+01
4.700000000000000000e+01,4.370220184326171875e+01,2.400000000000000000e+01
4.800000000000000000e+01,4.370220184326171875e+01,2.400000000000000000e+01
4.900000000000000000e+01,4.370220184326171875e+01,2.400000000000000000e+01
5.000000000000000000e+01,4.370220184326171875e+01,2.400000000000000000e+01
5.100000000000000000e+01,4.370220184326171875e+01,2.400000000000000000e+01
5.200000000000000000e+01,4.370220184326171875e+01,2.400000000000000000e+01
5.300000000000000000e+01,4.370220184326171875e+01,2.400000000000000000e+01
5.400000000000000000e+01,4.370220184326171875e+01,2.400000000000000000e+01
5.500000000000000000e+01,4.370220184326171875e+01,2.400000000000000000e+01
5.600000000000000000e+01,4.370220184326171875e+01,2.400000000000000000e+01
5.700000000000000000e+01,4.370220184326171875e+01,2.400000000000000000e+01
5.800000000000000000e+01,4.370220184326171875e+01,2.400000000000000000e+01
5.900000000000000000e+01,4.370220184326171875e+01,2.400000000000000000e+01
0.000000000000000000e+00,1.600000000000000000e+01,2.472319984436035156e+01
1.000000000000000000e+00,1.600000000000000000e+01,2.472319984436035156e+01
1.000000000000000000e+00,1.588609981536865234e+01,2.500000000000000000e+01
0.000000000000000000e+00,1.588609981536865234e+01,2.500000000000000000e+01
2.000000000000000000e+00,1.600000000000000000e+01,2.472319984436035156e+01
2.000000000000000000e+00,1.588609981536865234e+01,2.500000000000000000e+01
3.000000000000000000e+00,1.600000000000000000e+01,2.472319984436035156e+01
3.000000000000000000e+00,1.588609981536865234e+01,2.500000000000000000e+01
4.000000000000000000e+00,1.600000000000000000e+01,2.472319984436035156e+01
4.000000000000000000e+00,1.588609981536865234e+01,2.500000000000000000e+01
5.000000000000000000e+00,1.600000000000000000e+01,2.472319984436035156e+01
5.000000000000000000e+00,1.588609981536865234e+01,2.500000000000000000e+01
6.000000000000000000e+00,1.600000000000000000e+01,2.472319984436035156e+01
6.000000000000000000e+00,1.588609981536865234e+01,2.500000000000000000e+01
7.000000000000000000e+00,1.600000000000000000e+01,2.472319984436035156e+01
7.000000000000000000e+00,1.588609981536865234e+01,2.500000000000000000e+01
8.000000000000000000e+00,1.600000000000000000e+01,2.472319984436035156e+01
8.000000000000000000e+00,1.588609981536865234e+01,2.500000000000000000e+01
9.000000000000000000e+00,1.600000000000000000e+01,2.472319984436035156e+01
9.000000000000000000e+00,1.588609981536865234e+01,2.500000000000000000e+01
1.000000000000000000e+01,1.600000000000000000e+01,2.472319984436035156e+01
1.000000000000000000e+01,1.588609981536865234e+01,2.500000000000000000e+01
1.100000000000000000e+01,1.600000000000000000e+01,2.472319984436035156e+01
1.100000000000000000e+01,1.588609981536865234e+01,2.500000000000000000e+01
1.200000000000000000e+01,1.600000000000000000e+01,2.472319984436035156e+01
1.200000000000000000e+01,1.588609981536865234e+01,2.500000000000000000e+01
1.300000000000000000e+01,1.600000000000000000e+01,2.472319984436035156e+01
1.300000000000000000e+01,1.588609981536865234e+01,2.500000000000000000e+01
1.400000000000000000e+01,1.600000000000000000e+01,2.472319984436035156e+01
1.400000000000000000e+01,1.588609981536865234e+01,2.500000000000000000e+01
1.500000000000000000e+01,1.600000000000000000e+01,2.472319984436035156e+01
1.500000000000000000e+01,1.588609981536865234e+01,2.500000000000000000e+01
1.600000000000000000e+01,1.600000000000000000e+01,2.472319984436035156e+01
1.600000000000000000e+01,1.588609981536865234e+01,2.500000000000000000e+01
1.700000000000000000e+01,1.600000000000000000e+01,2.472319984436035156e+01
1.700000000000000000e+01,1.588609981536865234e+01,2.500000000000000000e+01
1.800000000000000000e+01,1.600000000000000000e+01,2.472319984436035156e+01
1.800000000000000000e+01,1.588609981536865234e+01,2.500000000000000000e+01
1.900000000000000000e+01,1.600000000000000000e+01,2.472319984436035156e+01
1.900000000000000000e+01,1.588609981536865234e+01,2.500000000000000000e+01
2.000000000000000000e+01,1.600000000000000000e+01,2.472319984436035156e+01
2.000000000000000000e+01,1.588609981536865234e+01,2.500000000000000000e+01
2.100000000000000000e+01,1.600000000000000000e+01,2.472319984436035156e+01
2.100000000000000000e+01,1.588609981536865234e+01,2.500000000000000000e+01
2.200000000000000000e+01,1.600000000000000000e+01,2.472319984436035156e+01
2.200000000000000000e+01,1.588609981536865234e+01,2.500000000000000000e+01
2.300000000000000000e+01,1.600000000000000000e+01,2.472319984436035156e+01
2.300000000000000000e+01,1.588609981536865234e+01,2.500000000000000000e+01
2.400000000000000000e+01,1.600000000000000000e+01,2.472319984436035156e+01
2.400000000000000000e+01,1.588609981536865234e+01,2.500000000000000000e+01
2.500000000000000000e+01,1.600000000000000000e+01,2.472319984436035156e+01
2.500000000000000000e+01,1.588609981536865234e+01,2.500000000000000000e+01
2.600000000000000000e+01,1.600000000000000000e+01,2.472319984436035156e+01
2.600000000000000000e+01,1.588609981536865234e+01,2.500000000000000000e+01
2.700000000000000000e+01,1.600000000000000000e+01,2.472319984436035156e+01
2.700000000000000000e+01,1.588609981536865234e+01,2.500000000000000000e+01
2.800000000000000000e+01,1.600000000000000000e+01,2.472319984436035156e+01
2.800000000000000000e+01,1.588609981536865234e+01,2.500000000000000000e+01
2.900000000000000000e+01,1.600000000000000000e+01,2.472319984436035156e+01
2.900000000000000000e+01,1.588609981536865234e+01,2.500000000000000000e+01
3.000000000000000000e+01,1.600000000000000000e+01,2.472319984436035156e+01
3.000000000000000000e+01,1.588609981536865234e+01,2.500000000000000000e+01
3.100000000000000000e+01,1.600000000000000000e+01,2.472319984436035156e+01
3.100000000000000000e+01,1.588609981536865234e+01,2.500000000000000000e+01
3.200000000000000000e+01,1.600000000000000000e+01,2.472319984436035156e+01
3.200000000000000000e+01,1.588609981536865234e+01,2.500000000000000000e+01
3.300000000000000000e+01,1.600000000000000000e+01,2.472319984436035156e+01
3.300000000000000000e+01,1.588609981536865234e+01,2.500000000000000000e+01
3.400000000000000000e+01,1.600000000000000000e+01,2.472319984436035156e+01
3.400000000000000000e+01,1.588609981536865234e+01,2.500000000000000000e+01
3.500000000000000000e+01,1.600000000000000000e+01,2.472319984436035156e+01
3.500000000000000000e+01,1.588609981536865234e+01,2.500000000000000000e+01
3.600000000000000000e+01,1.600000000000000000e+01,2.472319984436035156e+01
3.600000000000000000e+01,1.588609981536865234e+01,2.500000000000000000e+01
3.700000000000000000e+01,1.600000000000000000e+01,2.472319984436035156e+01
3.700000000000000000e+01,1.588609981536865234e+01,2.500000000000000000e+01
3.800000000000000000e+01,1.600000000000000000e+01,2.472319984436035156e+01
3.800000000000000000e+01,1.588609981536865234e+01,2.500000000000000000e+01
3.900000000000000000e+01,1.600000000000000000e+01,2.472319984436035156e+01
3.900000000000000000e+01,1.588609981536865234e+01,2.500000000000000000e+01
4.000000000000000000e+01,1.600000000000000000e+01,2.472319984436035156e+01
4.000000000000000000e+01,1.588609981536865234e+01,2.500000000000000000e+01
4.100000000000000000e+01,1.600000000000000000e+01,2.472319984436035156e+01
4.100000000000000000e+01,1.588609981536865234e+01,2.500000000000000000e+01
4.200000000000000000e+01,1.600000000000000000e+01,2.472319984436035156e+01
4.200000000000000000e+01,1.588609981536865234e+01,2.500000000000000000e+01
4.300000000000000000e+01,1.600000000000000000e+01,2.472319984436035156e+01
4.300000000000000000e+01,1.588609981536865234e+01,2.500000000000000000e+01
4.400000000000000000e+01,1.600000000000000000e+01,2.472319984436035156e+01
4.400000000000000000e+01,1.588609981536865234e+01,2.500000000000000000e+01
4.500000000000000000e+01,1.600000000000000000e+01,2.472319984436035156e+01
4.500000000000000000e+01,1.588609981536865234e+01,2.500000000000000000e+01
4.600000000000000000e+01,1.600000000000000000e+01,2.472319984436035156e+01
4.600000000000000000e+01,1.588609981536865234e+01,2.500000000000000000e+01
4.700000000000000000e+01,1.600000000000000000e+01,2.472319984436035156e+01
4.700000000000000000e+01,1.588609981536865234e+01,2.500000000000000000e+01
4.800000000000000000e+01,1.600000000000000000e+01,2.472319984436035156e+01
4.800000000000000000e+01,1.588609981536865234e+01,2.500000000000000000e+01
4.900000000000000000e+01,1.600000000000000000e+01,2.472319984436035156e+01
4.900000000000000000e+01,1.588609981536865234e+01,2.500000000000000000e+01
5.000000000000000000e+01,1.600000000000000000e+01,2.472319984436035156e+01
5.000000000000000000e+01,1.588609981536865234e+01,2.500000000000000000e+01
5.100000000000000000e+01,1.600000000000000000e+01,2.472319984436035156e+01
5.100000000000000000e+01,1.588609981536865234e+01,2.500000000000000000e+01
5.200000000000000000e+01,1.600000000000000000e+01,2.472319984436035156e+01
5.200000000000000000e+01,1.588609981536865234e+01,2.500000000000000000e+01
5.300000000000000000e+01,1.600000000000000000e+01,2.472319984436035156e+01
5.300000000000000000e+01,1.588609981536865234e+01,2.500000000000000000e+01
5.400000000000000000e+01,1.600000000000000000e+01,2.472319984436035156e+01
5.400000000000000000e+01,1.588609981536865234e+01,2.500000000000000000e+01
5.500000000000000000e+01,1.600000000000000000e+01,2.472319984436035156e+01
5.500000000000000000e+01,1.588609981536865234e+01,2.500000000000000000e+01
5.600000000000000000e+01,1.600000000000000000e+01,2.472319984436035156e+01
5.600000000000000000e+01,1.588609981536865234e+01,2.500000000000000000e+01
5.700000000000000000e+01,1.600000000000000000e+01,2.472319984436035156e+01
5.700000000000000000e+01,1.588609981536865234e+01,2.500000000000000000e+01
5.800000000000000000e+01,1.600000000000000000e+01,2.472319984436035156e+01
5.800000000000000000e+01,1.588609981536865234e+01,2.500000000000000000e+01
5.900000000000000000e+01,1.600000000000000000e+01,2.472319984436035156e+01
5.900000000000000000e+01,1.588609981536865234e+01,2.500000000000000000e+01
1.000000000000000000e+00,4.400000000000000000e+01,2.472319984436035156e+01
0.000000000000000000e+00,4.400000000000000000e+01,2.472319984436035156e+01
2.000000000000000000e+00,4.400000000000000000e+01,2.472319984436035156e+01
3.000000000000000000e+00,4.400000000000000000e+01,2.472319984436035156e+01
4.000000000000000000e+00,4.400000000000000000e+01,2.472319984436035156e+01
5.000000000000000000e+00,4.400000000000000000e+01,2.472319984436035156e+01
6.000000000000000000e+00,4.400000000000000000e+01,2.472319984436035156e+01
7.000000000000000000e+00,4.400000000000000000e+01,2.472319984436035156e+01
8.000000000000000000e+00,4.400000000000000000e+01,2.472319984436035156e+01
9.000000000000000000e+00,4.400000000000000000e+01,2.472319984436035156e+01
1.000000000000000000e+01,4.400000000000000000e+01,2.472319984436035156e+01
1.100000000000000000e+01,4.400000000000000000e+01,2.472319984436035156e+01
1.200000000000000000e+01,4.400000000000000000e+01,2.472319984436035156e+01
1.300000000000000000e+01,4.400000000000000000e+01,2.472319984436035156e+01
1.400000000000000000e+01,4.400000000000000000e+01,2.472319984436035156e+01
1.500000000000000000e+01,4.400000000000000000e+01,2.472319984436035156e+01
1.600000000000000000e+01,4.400000000000000000e+01,2.472319984436035156e+01
1.700000000000000000e+01,4.400000000000000000e+01,2.472319984436035156e+01
1.800000000000000000e+01,4.400000000000000000e+01,2.472319984436035156e+01
1.900000000000000000e+01,4.400000000000000000e+01,2.472319984436035156e+01
2.000000000000000000e+01,4.400000000000000000e+01,2.472319984436035156e+01
2.100000000000000000e+01,4.400000000000000000e+01,2.472319984436035156e+01
2.200000000000000000e+01,4.400000000000000000e+01,2.472319984436035156e+01
2.300000000000000000e+01,4.400000000000000000e+01,2.472319984436035156e+01
2.400000000000000000e+01,4.400000000000000000e+01,2.472319984436035156e+01
2.500000000000000000e+01,4.400000000000000000e+01,2.472319984436035156e+01
2.600000000000000000e+01,4.400000000000000000e+01,2.472319984436035156e+01
2.700000000000000000e+01,4.400000000000000000e+01,2.472319984436035156e+01
2.800000000000000000e+01,4.400000000000000000e+01,2.472319984436035156e+01
2.900000000000000000e+01,4.400000000000000000e+01,2.472319984436035156e+01
3.000000000000000000e+01,4.400000000000000000e+01,2.472319984436035156e+01
3.100000000000000000e+01,4.400000000000000000e+01,2.472319984436035156e+01
3.200000000000000000e+01,4.400000000000000000e+01,2.472319984436035156e+01
3.300000000000000000e+01,4.400000000000000000e+01,2.472319984436035156e+01
3.400000000000000000e+01,4.400000000000000000e+01,2.472319984436035156e+01
3.500000000000000000e+01,4.400000000000000000e+01,2.472319984436035156e+01
3.600000000000000000e+01,4.400000000000000000e+01,2.472319984436035156e+01
3.700000000000000000e+01,4.400000000000000000e+01,2.472319984436035156e+01
3.800000000000000000e+01,4.400000000000000000e+01,2.472319984436035156e+01
3.900000000000000000e+01,4.400000000000000000e+01,2.472319984436035156e+01
4.000000000000000000e+01,4.400000000000000000e+01,2.472319984436035156e+01
4.100000000000000000e+01,4.400000000000000000e+01,2.472319984436035156e+01
4.200000000000000000e+01,4.400000000000000000e+01,2.472319984436035156e+01
4.300000000000000000e+01,4.400000000000000000e+01,2.472319984436035156e+01
4.400000000000000000e+01,4.400000000000000000e+01,2.472319984436035156e+01
4.500000000000000000e+01,4.400000000000000000e+01,2.472319984436035156e+01
4.600000000000000000e+01,4.400000000000000000e+01,2.472319984436035156e+01
4.700000000000000000e+01,4.400000000000000000e+01,2.472319984436035156e+01
4.800000000000000000e+01,4.400000000000000000e+01,2.472319984436035156e+01
4.900000000000000000e+01,4.400000000000000000e+01,2.472319984436035156e+01
5.000000000000000000e+01,4.400000000000000000e+01,2.472319984436035156e+01
5.100000000000000000e+01,4.400000000000000000e+01,2.472319984436035156e+01
5.200000000000000000e+01,4.400000000000000000e+01,2.472319984436035156e+01
5.300000000000000000e+01,4.400000000000000000e+01,2.472319984436035156e+01
5.400000000000000000e+01,4.400000000000000000e+01,2.472319984436035156e+01
5.500000000000000000e+01,4.400000000000000000e+01,2.472319984436035156e+01
5.600000000000000000e+01,4.400000000000000000e+01,2.472319984436035156e+01
5.700000000000000000e+01,4.400000000000000000e+01,2.472319984436035156e+01
5.800000000000000000e+01,4.400000000000000000e+01,2.472319984436035156e+01
5.900000000000000000e+01,4.400000000000000000e+01,2.472319984436035156e+01
0.000000000000000000e+00,4.411389923095703125e+01,2.500000000000000000e+01
1.000000000000000000e+00,4.411389923095703125e+01,2.500000000000000000e+01
2.000000000000000000e+00,4.411389923095703125e+01,2.500000000000000000e+01
3.000000000000000000e+00,4.411389923095703125e+01,2.500000000000000000e+01
4.000000000000000000e+00,4.411389923095703125e+01,2.500000000000000000e+01
5.000000000000000000e+00,4.411389923095703125e+01,2.500000000000000000e+01
6.000000000000000000e+00,4.411389923095703125e+01,2.500000000000000000e+01
7.000000000000000000e+00,4.411389923095703125e+01,2.500000000000000000e+01
8.000000000000000000e+00,4.411389923095703125e+01,2.500000000000000000e+01
9.000000000000000000e+00,4.411389923095703125e+01,2.500000000000000000e+01
1.000000000000000000e+01,4.411389923095703125e+01,2.500000000000000000e+01
1.100000000000000000e+01,4.411389923095703125e+01,2.500000000000000000e+01
1.200000000000000000e+01,4.411389923095703125e+01,2.500000000000000000e+01
1.300000000000000000e+01,4.411389923095703125e+01,2.500000000000000000e+01
1.400000000000000000e+01,4.411389923095703125e+01,2.500000000000000000e+01
1.500000000000000000e+01,4.411389923095703125e+01,2.500000000000000000e+01
1.600000000000000000e+01,4.411389923095703125e+01,2.500000000000000000e+01
1.700000000000000000e+01,4.411389923095703125e+01,2.500000000000000000e+01
1.800000000000000000e+01,4.411389923095703125e+01,2.500000000000000000e+01
1.900000000000000000e+01,4.411389923095703125e+01,2.500000000000000000e+01
2.000000000000000000e+01,4.411389923095703125e+01,2.500000000000000000e+01
2.100000000000000000e+01,4.411389923095703125e+01,2.500000000000000000e+01
2.200000000000000000e+01,4.411389923095703125e+01,2.500000000000000000e+01
2.300000000000000000e+01,4.411389923095703125e+01,2.500000000000000000e+01
2.400000000000000000e+01,4.411389923095703125e+01,2.500000000000000000e+01
2.500000000000000000e+01,4.411389923095703125e+01,2.500000000000000000e+01
2.600000000000000000e+01,4.411389923095703125e+01,2.500000000000000000e+01
2.700000000000000000e+01,4.411389923095703125e+01,2.500000000000000000e+01
2.800000000000000000e+01,4.411389923095703125e+01,2.500000000000000000e+01
2.900000000000000000e+01,4.411389923095703125e+01,2.500000000000000000e+01
3.000000000000000000e+01,4.411389923095703125e+01,2.500000000000000000e+01
3.100000000000000000e+01,4.411389923095703125e+01,2.500000000000000000e+01
3.200000000000000000e+01,4.411389923095703125e+01,2.500000000000000000e+01
3.300000000000000000e+01,4.411389923095703125e+01,2.500000000000000000e+01
3.400000000000000000e+01,4.411389923095703125e+01,2.500000000000000000e+01
3.500000000000000000e+01,4.411389923095703125e+01,2.500000000000000000e+01
3.600000000000000000e+01,4.411389923095703125e+01,2.500000000000000000e+01
3.700000000000000000e+01,4.411389923095703125e+01,2.500000000000000000e+01
3.800000000000000000e+01,4.411389923095703125e+01,2.500000000000000000e+01
3.900000000000000000e+01,4.411389923095703125e+01,2.500000000000000000e+01
4.000000000000000000e+01,4.411389923095703125e+01,2.500000000000000000e+01
4.100000000000000000e+01,4.411389923095703125e+01,2.500000000000000000e+01
4.200000000000000000e+01,4.411389923095703125e+01,2.500000000000000000e+01
4.300000000000000000e+01,4.411389923095703125e+01,2.500000000000000000e+01
4.400000000000000000e+01,4.411389923095703125e+01,2.500000000000000000e+01
4.500000000000000000e+01,4.411389923095703125e+01,2.500000000000000000e+01
4.600000000000000000e+01,4.411389923095703125e+01,2.500000000000000000e+01
4.700000000000000000e+01,4.411389923095703125e+01,2.500000000000000000e+01
4.800000000000000000e+01,4.411389923095703125e+01,2.500000000000000000e+01
4.900000000000000000e+01,4.411389923095703125e+01,2.500000000000000000e+01
5.000000000000000000e+01,4.411389923095703125e+01,2.500000000000000000e+01
5.100000000000000000e+01,4.411389923095703125e+01,2.500000000000000000e+01
5.200000000000000000e+01,4.411389923095703125e+01,2.500000000000000000e+01
5.300000000000000000e+01,4.411389923095703125e+01,2.500000000000000000e+01
5.400000000000000000e+01,4.411389923095703125e+01,2.500000000000000000e+01
5.500000000000000000e+01,4.411389923095703125e+01,2.500000000000000000e+01
5.600000000000000000e+01,4.411389923095703125e+01,2.500000000000000000e+01
5.700000000000000000e+01,4.411389923095703125e+01,2.500000000000000000e+01
5.800000000000000000e+01,4.411389923095703125e+01,2.500000000000000000e+01
5.900000000000000000e+01,4.411389923095703125e+01,2.500000000000000000e+01
1.000000000000000000e+00,1.557450008392333984e+01,2.600000000000000000e+01
0.000000000000000000e+00,1.557450008392333984e+01,2.600000000000000000e+01
2.000000000000000000e+00,1.557450008392333984e+01,2.600000000000000000e+01
3.000000000000000000e+00,1.557450008392333984e+01,2.600000000000000000e+01
4.000000000000000000e+00,1.557450008392333984e+01,2.600000000000000000e+01
5.000000000000000000e+00,1.557450008392333984e+01,2.600000000000000000e+01
6.000000000000000000e+00,1.557450008392333984e+01,2.600000000000000000e+01
7.000000000000000000e+00,1.557450008392333984e+01,2.600000000000000000e+01
8.000000000000000000e+00,1.557450008392333984e+01,2.600000000000000000e+01
9.000000000000000000e+00,1.557450008392333984e+01,2.600000000000000000e+01
1.000000000000000000e+01,1.557450008392333984e+01,2.600000000000000000e+01
1.100000000000000000e+01,1.557450008392333984e+01,2.600000000000000000e+01
1.200000000000000000e+01,1.557450008392333984e+01,2.600000000000000000e+01
1.300000000000000000e+01,1.557450008392333984e+01,2.600000000000000000e+01
1.400000000000000000e+01,1.557450008392333984e+01,2.600000000000000000e+01
1.500000000000000000e+01,1.557450008392333984e+01,2.600000000000000000e+01
1.600000000000000000e+01,1.557450008392333984e+01,2.600000000000000000e+01
1.700000000000000000e+01,1.557450008392333984e+01,2.600000000000000000e+01
1.800000000000000000e+01,1.557450008392333984e+01,2.600000000000000000e+01
1.900000000000000000e+01,1.557450008392333984e+01,2.600000000000000000e+01
2.000000000000000000e+01,1.557450008392333984e+01,2.600000000000000000e+01
2.100000000000000000e+01,1.557450008392333984e+01,2.600000000000000000e+01
2.200000000000000000e+01,1.557450008392333984e+01,2.600000000000000000e+01
2.300000000000000000e+01,1.557450008392333984e+01,2.600000000000000000e+01
2.400000000000000000e+01,1.557450008392333984e+01,2.600000000000000000e+01
2.500000000000000000e+01,1.557450008392333984e+01,2.600000000000000000e+01
2.600000000000000000e+01,1.557450008392333984e+01,2.600000000000000000e+01
2.700000000000000000e+01,1.557450008392333984e+01,2.600000000000000000e+01
2.800000000000000000e+01,1.557450008392333984e+01,2.600000000000000000e+01
2.900000000000000000e+01,1.557450008392333984e+01,2.600000000000000000e+01
3.000000000000000000e+01,1.557450008392333984e+01,2.600000000000000000e+01
3.100000000000000000e+01,1.557450008392333984e+01,2.600000000000000000e+01
3.200000000000000000e+01,1.557450008392333984e+01,2.600000000000000000e+01
3.300000000000000000e+01,1.557450008392333984e+01,2.600000000000000000e+01
3.400000000000000000e+01,1.557450008392333984e+01,2.600000000000000000e+01
3.500000000000000000e+01,1.557450008392333984e+01,2.600000000000000000e+01
3.600000000000000000e+01,1.557450008392333984e+01,2.600000000000000000e+01
3.700000000000000000e+01,1.557450008392333984e+01,2.600000000000000000e+01
3.800000000000000000e+01,1.557450008392333984e+01,2.600000000000000000e+01
3.900000000000000000e+01,1.557450008392333984e+01,2.600000000000000000e+01
4.000000000000000000e+01,1.557450008392333984e+01,2.600000000000000000e+01
4.100000000000000000e+01,1.557450008392333984e+01,2.600000000000000000e+01
4.200000000000000000e+01,1.557450008392333984e+01,2.600000000000000000e+01
4.300000000000000000e+01,1.557450008392333984e+01,2.600000000000000000e+01
4.400000000000000000e+01,1.557450008392333984e+01,2.600000000000000000e+01
4.500000000000000000e+01,1.557450008392333984e+01,2.600000000000000000e+01
4.600000000000000000e+01,1.557450008392333984e+01,2.600000000000000000e+01
4.700000000000000000e+01,1.557450008392333984e+01,2.600000000000000000e+01
4.800000000000000000e+01,1.557450008392333984e+01,2.600000000000000000e+01
4.900000000000000000e+01,1.557450008392333984e+01,2.600000000000000000e+01
5.000000000000000000e+01,1.557450008392333984e+01,2.600000000000000000e+01
5.100000000000000000e+01,1.557450008392333984e+01,2.600000000000000000e+01
5.200000000000000000e+01,1.557450008392333984e+01,2.600000000000000000e+01
5.300000000000000000e+01,1.557450008392333984e+01,2.600000000000000000e+01
5.400000000000000000e+01,1.557450008392333984e+01,2.600000000000000000e+01
5.500000000000000000e+01,1.557450008392333984e+01,2.600000000000000000e+01
5.600000000000000000e+01,1.557450008392333984e+01,2.600000000000000000e+01
5.700000000000000000e+01,1.557450008392333984e+01,2.600000000000000000e+01
5.800000000000000000e+01,1.557450008392333984e+01,2.600000000000000000e+01
5.900000000000000000e+01,1.557450008392333984e+01,2.600000000000000000e+01
1.000000000000000000e+00,4.442549896240234375e+01,2.600000000000000000e+01
0.000000000000000000e+00,4.442549896240234375e+01,2.600000000000000000e+01
2.000000000000000000e+00,4.442549896240234375e+01,2.600000000000000000e+01
3.000000000000000000e+00,4.442549896240234375e+01,2.600000000000000000e+01
4.000000000000000000e+00,4.442549896240234375e+01,2.600000000000000000e+01
5.000000000000000000e+00,4.442549896240234375e+01,2.600000000000000000e+01
6.000000000000000000e+00,4.442549896240234375e+01,2.600000000000000000e+01
7.000000000000000000e+00,4.442549896240234375e+01,2.600000000000000000e+01
8.000000000000000000e+00,4.442549896240234375e+01,2.600000000000000000e+01
9.000000000000000000e+00,4.442549896240234375e+01,2.600000000000000000e+01
1.000000000000000000e+01,4.442549896240234375e+01,2.600000000000000000e+01
1.100000000000000000e+01,4.442549896240234375e+01,2.600000000000000000e+01
1.200000000000000000e+01,4.442549896240234375e+01,2.600000000000000000e+01
1.300000000000000000e+01,4.442549896240234375e+01,2.600000000000000000e+01
1.400000000000000000e+01,4.442549896240234375e+01,2.600000000000000000e+01
1.500000000000000000e+01,4.442549896240234375e+01,2.600000000000000000e+01
1.600000000000000000e+01,4.442549896240234375e+01,2.600000000000000000e+01
1.700000000000000000e+01,4.442549896240234375e+01,2.600000000000000000e+01
1.800000000000000000e+01,4.442549896240234375e+01,2.600000000000000000e+01
1.900000000000000000e+01,4.442549896240234375e+01,2.600000000000000000e+01
2.000000000000000000e+01,4.442549896240234375e+01,2.600000000000000000e+01
2.100000000000000000e+01,4.442549896240234375e+01,2.600000000000000000e+01
2.200000000000000000e+01,4.442549896240234375e+01,2.600000000000000000e+01
2.300000000000000000e+01,4.442549896240234375e+01,2.600000000000000000e+01
2.400000000000000000e+01,4.442549896240234375e+01,2.600000000000000000e+01
2.500000000000000000e+01,4.442549896240234375e+01,2.600000000000000000e+01
2.600000000000000000e+01,4.442549896240234375e+01,2.600000000000000000e+01
2.700000000000000000e+01,4.442549896240234375e+01,2.600000000000000000e+01
2.800000000000000000e+01,4.442549896240234375e+01,2.600000000000000000e+01
2.900000000000000000e+01,4.442549896240234375e+01,2.600000000000000000e+01
3.000000000000000000e+01,4.442549896240234375e+01,2.600000000000000000e+01
3.100000000000000000e+01,4.442549896240234375e+01,2.600000000000000000e+01
3.200000000000000000e+01,4.442549896240234375e+01,2.600000000000000000e+01
3.300000000000000000e+01,4.442549896240234375e+01,2.600000000000000000e+01
3.400000000000000000e+01,4.442549896240234375e+01,2.600000000000000000e+01
3.500000000000000000e+01,4.442549896240234375e+01,2.600000000000000000e+01
3.600000000000000000e+01,4.442549896240234375e+01,2.600000000000000000e+01
3.700000000000000000e+01,4.442549896240234375e+01,2.600000000000000000e+01
3.800000000000000000e+01,4.442549896240234375e+01,2.600000000000000000e+01
3.900000000000000000e+01,4.442549896240234375e+01,2.600000000000000000e+01
4.000000000000000000e+01,4.442549896240234375e+01,2.600000000000000000e+01
4.100000000000000000e+01,4.442549896240234375e+01,2.600000000000000000e+01
4.200000000000000000e+01,4.442549896240234375e+01,2.600000000000000000e+01
4.300000000000000000e+01,4.442549896240234375e+01,2.600000000000000000e+01
4.400000000000000000e+01,4.442549896240234375e+01,2.600000000000000000e+01
4.500000000000000000e+01,4.442549896240234375e+01,2.600000000000000000e+01
4.600000000000000000e+01,4.442549896240234375e+01,2.600000000000000000e+01
4.700000000000000000e+01,4.442549896240234375e+01,2.600000000000000000e+01
4.800000000000000000e+01,4.442549896240234375e+01,2.600000000000000000e+01
4.900000000000000000e+01,4.442549896240234375e+01,2.600000000000000000e+01
5.000000000000000000e+01,4.442549896240234375e+01,2.600000000000000000e+01
5.100000000000000000e+01,4.442549896240234375e+01,2.600000000000000000e+01
5.200000000000000000e+01,4.442549896240234375e+01,2.600000000000000000e+01
5.300000000000000000e+01,4.442549896240234375e+01,2.600000000000000000e+01
5.400000000000000000e+01,4.442549896240234375e+01,2.600000000000000000e+01
5.500000000000000000e+01,4.442549896240234375e+01,2.600000000000000000e+01
5.600000000000000000e+01,4.442549896240234375e+01,2.600000000000000000e+01
5.700000000000000000e+01,4.442549896240234375e+01,2.600000000000000000e+01
5.800000000000000000e+01,4.442549896240234375e+01,2.600000000000000000e+01
5.900000000000000000e+01,4.442549896240234375e+01,2.600000000000000000e+01
1.000000000000000000e+00,1.534519958496093750e+01,2.700000000000000000e+01
0.000000000000000000e+00,1.534519958496093750e+01,2.700000000000000000e+01
2.000000000000000000e+00,1.534519958496093750e+01,2.700000000000000000e+01
3.000000000000000000e+00,1.534519958496093750e+01,2.700000000000000000e+01
4.000000000000000000e+00,1.534519958496093750e+01,2.700000000000000000e+01
5.000000000000000000e+00,1.534519958496093750e+01,2.700000000000000000e+01
6.000000000000000000e+00,1.534519958496093750e+01,2.700000000000000000e+01
7.000000000000000000e+00,1.534519958496093750e+01,2.700000000000000000e+01
8.000000000000000000e+00,1.534519958496093750e+01,2.700000000000000000e+01
9.000000000000000000e+00,1.534519958496093750e+01,2.700000000000000000e+01
1.000000000000000000e+01,1.534519958496093750e+01,2.700000000000000000e+01
1.100000000000000000e+01,1.534519958496093750e+01,2.700000000000000000e+01
1.200000000000000000e+01,1.534519958496093750e+01,2.700000000000000000e+01
1.300000000000000000e+01,1.534519958496093750e+01,2.700000000000000000e+01
1.400000000000000000e+01,1.534519958496093750e+01,2.700000000000000000e+01
1.500000000000000000e+01,1.534519958496093750e+01,2.700000000000000000e+01
1.600000000000000000e+01,1.534519958496093750e+01,2.700000000000000000e+01
1.700000000000000000e+01,1.534519958496093750e+01,2.700000000000000000e+01
1.800000000000000000e+01,1.534519958496093750e+01,2.700000000000000000e+01
1.900000000000000000e+01,1.534519958496093750e+01,2.700000000000000000e+01
2.000000000000000000e+01,1.534519958496093750e+01,2.700000000000000000e+01
2.100000000000000000e+01,1.534519958496093750e+01,2.700000000000000000e+01
2.200000000000000000e+01,1.534519958496093750e+01,2.700000000000000000e+01
2.300000000000000000e+01,1.534519958496093750e+01,2.700000000000000000e+01
2.400000000000000000e+01,1.534519958496093750e+01,2.700000000000000000e+01
2.500000000000000000e+01,1.534519958496093750e+01,2.700000000000000000e+01
2.600000000000000000e+01,1.534519958496093750e+01,2.700000000000000000e+01
2.700000000000000000e+01,1.534519958496093750e+01,2.700000000000000000e+01
2.800000000000000000e+01,1.534519958496093750e+01,2.700000000000000000e+01
2.900000000000000000e+01,1.534519958496093750e+01,2.700000000000000000e+01
3.000000000000000000e+01,1.534519958496093750e+01,2.700000000000000000e+01
3.100000000000000000e+01,1.534519958496093750e+01,2.700000000000000000e+01
3.200000000000000000e+01,1.534519958496093750e+01,2.700000000000000000e+01
3.300000000000000000e+01,1.534519958496093750e+01,2.700000000000000000e+01
3.400000000000000000e+01,1.534519958496093750e+01,2.700000000000000000e+01
3.500000000000000000e+01,1.534519958496093750e+01,2.700000000000000000e+01
3.600000000000000000e+01,1.534519958496093750e+01,2.700000000000000000e+01
3.700000000000000000e+01,1.534519958496093750e+01,2.700000000000000000e+01
3.800000000000000000e+01,1.534519958496093750e+01,2.700000000000000000e+01
3.900000000000000000e+01,1.534519958496093750e+01,2.700000000000000000e+01
4.000000000000000000e+01,1.534519958496093750e+01,2.700000000000000000e+01
4.100000000000000000e+01,1.534519958496093750e+01,2.700000000000000000e+01
4.200000000000000000e+01,1.534519958496093750e+01,2.700000000000000000e+01
4.300000000000000000e+01,1.534519958496093750e+01,2.700000000000000000e+01
4.400000000000000000e+01,1.534519958496093750e+01,2.700000000000000000e+01
4.500000000000000000e+01,1.534519958496093750e+01,2.700000000000000000e+01
4.600000000000000000e+01,1.534519958496093750e+01,2.700000000000000000e+01
4.700000000000000000e+01,1.534519958496093750e+01,2.700000000000000000e+01
4.800000000000000000e+01,1.534519958496093750e+01,2.700000000000000000e+01
4.900000000000000000e+01,1.534519958496093750e+01,2.700000000000000000e+01
5.000000000000000000e+01,1.534519958496093750e+01,2.700000000000000000e+01
5.100000000000000000e+01,1.534519958496093750e+01,2.700000000000000000e+01
5.200000000000000000e+01,1.534519958496093750e+01,2.700000000000000000e+01
5.300000000000000000e+01,1.534519958496093750e+01,2.700000000000000000e+01
5.400000000000000000e+01,1.534519958496093750e+01,2.700000000000000000e+01
5.500000000000000000e+01,1.534519958496093750e+01,2.700000000000000000e+01
5.600000000000000000e+01,1.534519958496093750e+01,2.700000000000000000e+01
5.700000000000000000e+01,1.534519958496093750e+01,2.700000000000000000e+01
5.800000000000000000e+01,1.534519958496093750e+01,2.700000000000000000e+01
5.900000000000000000e+01,1.534519958496093750e+01,2.700000000000000000e+01
1.000000000000000000e+00,4.465480041503906250e+01,2.700000000000000000e+01
0.000000000000000000e+00,4.465480041503906250e+01,2.700000000000000000e+01
2.000000000000000000e+00,4.465480041503906250e+01,2.700000000000000000e+01
3.000000000000000000e+00,4.465480041503906250e+01,2.700000000000000000e+01
4.000000000000000000e+00,4.465480041503906250e+01,2.700000000000000000e+01
5.000000000000000000e+00,4.465480041503906250e+01,2.700000000000000000e+01
6.000000000000000000e+00,4.465480041503906250e+01,2.700000000000000000e+01
7.000000000000000000e+00,4.465480041503906250e+01,2.700000000000000000e+01
8.000000000000000000e+00,4.465480041503906250e+01,2.700000000000000000e+01
9.000000000000000000e+00,4.465480041503906250e+01,2.700000000000000000e+01
1.000000000000000000e+01,4.465480041503906250e+01,2.700000000000000000e+01
1.100000000000000000e+01,4.465480041503906250e+01,2.700000000000000000e+01
1.200000000000000000e+01,4.465480041503906250e+01,2.700000000000000000e+01
1.300000000000000000e+01,4.465480041503906250e+01,2.700000000000000000e+01
1.400000000000000000e+01,4.465480041503906250e+01,2.700000000000000000e+01
1.500000000000000000e+01,4.465480041503906250e+01,2.700000000000000000e+01
1.600000000000000000e+01,4.465480041503906250e+01,2.700000000000000000e+01
1.700000000000000000e+01,4.465480041503906250e+01,2.700000000000000000e+01
1.800000000000000000e+01,4.465480041503906250e+01,2.700000000000000000e+01
1.900000000000000000e+01,4.465480041503906250e+01,2.700000000000000000e+01
2.000000000000000000e+01,4.465480041503906250e+01,2.700000000000000000e+01
2.100000000000000000e+01,4.465480041503906250e+01,2.700000000000000000e+01
2.200000000000000000e+01,4.465480041503906250e+01,2.700000000000000000e+01
2.300000000000000000e+01,4.465480041503906250e+01,2.700000000000000000e+01
2.400000000000000000e+01,4.465480041503906250e+01,2.700000000000000000e+01
2.500000000000000000e+01,4.465480041503906250e+01,2.700000000000000000e+01
2.600000000000000000e+01,4.465480041503906250e+01,2.700000000000000000e+01
2.700000000000000000e+01,4.465480041503906250e+01,2.700000000000000000e+01
2.800000000000000000e+01,4.465480041503906250e+01,2.700000000000000000e+01
2.900000000000000000e+01,4.465480041503906250e+01,2.700000000000000000e+01
3.000000000000000000e+01,4.465480041503906250e+01,2.700000000000000000e+01
3.100000000000000000e+01,4.465480041503906250e+01,2.700000000000000000e+01
3.200000000000000000e+01,4.465480041503906250e+01,2.700000000000000000e+01
3.300000000000000000e+01,4.465480041503906250e+01,2.700000000000000000e+01
3.400000000000000000e+01,4.465480041503906250e+01,2.700000000000000000e+01
3.500000000000000000e+01,4.465480041503906250e+01,2.700000000000000000e+01
3.600000000000000000e+01,4.465480041503906250e+01,2.700000000000000000e+01
3.700000000000000000e+01,4.465480041503906250e+01,2.700000000000000000e+01
3.800000000000000000e+01,4.465480041503906250e+01,2.700000000000000000e+01
3.900000000000000000e+01,4.465480041503906250e+01,2.700000000000000000e+01
4.000000000000000000e+01,4.465480041503906250e+01,2.700000000000000000e+01
4.100000000000000000e+01,4.465480041503906250e+01,2.700000000000000000e+01
4.200000000000000000e+01,4.465480041503906250e+01,2.700000000000000000e+01
4.300000000000000000e+01,4.465480041503906250e+01,2.700000000000000000e+01
4.400000000000000000e+01,4.465480041503906250e+01,2.700000000000000000e+01
4.500000000000000000e+01,4.465480041503906250e+01,2.700000000000000000e+01
4.600000000000000000e+01,4.465480041503906250e+01,2.700000000000000000e+01
4.700000000000000000e+01,4.465480041503906250e+01,2.700000000000000000e+01
4.800000000000000000e+01,4.465480041503906250e+01,2.700000000000000000e+01
4.900000000000000000e+01,4.465480041503906250e+01,2.700000000000000000e+01
5.000000000000000000e+01,4.465480041503906250e+01,2.700000000000000000e+01
5.100000000000000000e+01,4.465480041503906250e+01,2.700000000000000000e+01
5.200000000000000000e+01,4.465480041503906250e+01,2.700000000000000000e+01
5.300000000000000000e+01,4.465480041503906250e+01,2.700000000000000000e+01
5.400000000000000000e+01,4.465480041503906250e+01,2.700000000000000000e+01
5.500000000000000000e+01,4.465480041503906250e+01,2.700000000000000000e+01
5.600000000000000000e+01,4.465480041503906250e+01,2.700000000000000000e+01
5.700000000000000000e+01,4.465480041503906250e+01,2.700000000000000000e+01
5.800000000000000000e+01,4.465480041503906250e+01,2.700000000000000000e+01
5.900000000000000000e+01,4.465480041503906250e+01,2.700000000000000000e+01
1.000000000000000000e+00,1.517790031433105469e+01,2.800000000000000000e+01
0.000000000000000000e+00,1.517790031433105469e+01,2.800000000000000000e+01
2.000000000000000000e+00,1.517790031433105469e+01,2.800000000000000000e+01
3.000000000000000000e+00,1.517790031433105469e+01,2.800000000000000000e+01
4.000000000000000000e+00,1.517790031433105469e+01,2.800000000000000000e+01
5.000000000000000000e+00,1.517790031433105469e+01,2.800000000000000000e+01
6.000000000000000000e+00,1.517790031433105469e+01,2.800000000000000000e+01
7.000000000000000000e+00,1.517790031433105469e+01,2.800000000000000000e+01
8.000000000000000000e+00,1.517790031433105469e+01,2.800000000000000000e+01
9.000000000000000000e+00,1.517790031433105469e+01,2.800000000000000000e+01
1.000000000000000000e+01,1.517790031433105469e+01,2.800000000000000000e+01
1.100000000000000000e+01,1.517790031433105469e+01,2.800000000000000000e+01
1.200000000000000000e+01,1.517790031433105469e+01,2.800000000000000000e+01
1.300000000000000000e+01,1.517790031433105469e+01,2.800000000000000000e+01
1.400000000000000000e+01,1.517790031433105469e+01,2.800000000000000000e+01
1.500000000000000000e+01,1.517790031433105469e+01,2.800000000000000000e+01
1.600000000000000000e+01,1.517790031433105469e+01,2.800000000000000000e+01
1.700000000000000000e+01,1.517790031433105469e+01,2.800000000000000000e+01
1.800000000000000000e+01,1.517790031433105469e+01,2.800000000000000000e+01
1.900000000000000000e+01,1.517790031433105469e+01,2.800000000000000000e+01
2.000000000000000000e+01,1.517790031433105469e+01,2.800000000000000000e+01
2.100000000000000000e+01,1.517790031433105469e+01,2.800000000000000000e+01
2.200000000000000000e+01,1.517790031433105469e+01,2.800000000000000000e+01
2.300000000000000000e+01,1.517790031433105469e+01,2.800000000000000000e+01
2.400000000000000000e+01,1.517790031433105469e+01,2.800000000000000000e+01
2.500000000000000000e+01,1.517790031433105469e+01,2.800000000000000000e+01
2.600000000000000000e+01,1.517790031433105469e+01,2.800000000000000000e+01
2.700000000000000000e+01,1.517790031433105469e+01,2.800000000000000000e+01
2.800000000000000000e+01,1.517790031433105469e+01,2.800000000000000000e+01
2.900000000000000000e+01,1.517790031433105469e+01,2.800000000000000000e+01
3.000000000000000000e+01,1.517790031433105469e+01,2.800000000000000000e+01
3.100000000000000000e+01,1.517790031433105469e+01,2.800000000000000000e+01
3.200000000000000000e+01,1.517790031433105469e+01,2.800000000000000000e+01
3.300000000000000000e+01,1.517790031433105469e+01,2.800000000000000000e+01
3.400000000000000000e+01,1.517790031433105469e+01,2.800000000000000000e+01
3.500000000000000000e+01,1.517790031433105469e+01,2.800000000000000000e+01
3.600000000000000000e+01,1.517790031433105469e+01,2.800000000000000000e+01
3.700000000000000000e+01,1.517790031433105469e+01,2.800000000000000000e+01
3.800000000000000000e+01,1.517790031433105469e+01,2.800000000000000000e+01
3.900000000000000000e+01,1.517790031433105469e+01,2.800000000000000000e+01
4.000000000000000000e+01,1.517790031433105469e+01,2.800000000000000000e+01
4.100000000000000000e+01,1.517790031433105469e+01,2.800000000000000000e+01
4.200000000000000000e+01,1.517790031433105469e+01,2.800000000000000000e+01
4.300000000000000000e+01,1.517790031433105469e+01,2.800000000000000000e+01
4.400000000000000000e+01,1.517790031433105469e+01,2.800000000000000000e+01
4.500000000000000000e+01,1.517790031433105469e+01,2.800000000000000000e+01
4.600000000000000000e+01,1.517790031433105469e+01,2.800000000000000000e+01
4.700000000000000000e+01,1.517790031433105469e+01,2.800000000000000000e+01
4.800000000000000000e+01,1.517790031433105469e+01,2.800000000000000000e+01
4.900000000000000000e+01,1.517790031433105469e+01,2.800000000000000000e+01
5.000000000000000000e+01,1.517790031433105469e+01,2.800000000000000000e+01
5.100000000000000000e+01,1.517790031433105469e+01,2.800000000000000000e+01
5.200000000000000000e+01,1.517790031433105469e+01,2.800000000000000000e+01
5.300000000000000000e+01,1.517790031433105469e+01,2.800000000000000000e+01
5.400000000000000000e+01,1.517790031433105469e+01,2.800000000000000000e+01
5.500000000000000000e+01,1.517790031433105469e+01,2.800000000000000000e+01
5.600000000000000000e+01,1.517790031433105469e+01,2.800000000000000000e+01
5.700000000000000000e+01,1.517790031433105469e+01,2.800000000000000000e+01
5.800000000000000000e+01,1.517790031433105469e+01,2.800000000000000000e+01
5.900000000000000000e+01,1.517790031433105469e+01,2.800000000000000000e+01
1.000000000000000000e+00,4.482210159301757812e+01,2.800000000000000000e+01
0.000000000000000000e+00,4.482210159301757812e+01,2.800000000000000000e+01
2.000000000000000000e+00,4.482210159301757812e+01,2.800000000000000000e+01
3.000000000000000000e+00,4.482210159301757812e+01,2.800000000000000000e+01
4.000000000000000000e+00,4.482210159301757812e+01,2.800000000000000000e+01
5.000000000000000000e+00,4.482210159301757812e+01,2.800000000000000000e+01
6.000000000000000000e+00,4.482210159301757812e+01,2.800000000000000000e+01
7.000000000000000000e+00,4.482210159301757812e+01,2.800000000000000000e+01
8.000000000000000000e+00,4.482210159301757812e+01,2.800000000000000000e+01
9.000000000000000000e+00,4.482210159301757812e+01,2.800000000000000000e+01
1.000000000000000000e+01,4.482210159301757812e+01,2.800000000000000000e+01
1.100000000000000000e+01,4.482210159301757812e+01,2.800000000000000000e+01
1.200000000000000000e+01,4.482210159301757812e+01,2.800000000000000000e+01
1.300000000000000000e+01,4.482210159301757812e+01,2.800000000000000000e+01
1.400000000000000000e+01,4.482210159301757812e+01,2.800000000000000000e+01
1.500000000000000000e+01,4.482210159301757812e+01,2.800000000000000000e+01
1.600000000000000000e+01,4.482210159301757812e+01,2.800000000000000000e+01
1.700000000000000000e+01,4.482210159301757812e+01,2.800000000000000000e+01
1.800000000000000000e+01,4.482210159301757812e+01,2.800000000000000000e+01
1.900000000000000000e+01,4.482210159301757812e+01,2.800000000000000000e+01
2.000000000000000000e+01,4.482210159301757812e+01,2.800000000000000000e+01
2.100000000000000000e+01,4.482210159301757812e+01,2.800000000000000000e+01
2.200000000000000000e+01,4.482210159301757812e+01,2.800000000000000000e+01
2.300000000000000000e+01,4.482210159301757812e+01,2.800000000000000000e+01
2.400000000000000000e+01,4.482210159301757812e+01,2.800000000000000000e+01
2.500000000000000000e+01,4.482210159301757812e+01,2.800000000000000000e+01
2.600000000000000000e+01,4.482210159301757812e+01,2.800000000000000000e+01
2.700000000000000000e+01,4.482210159301757812e+01,2.800000000000000000e+01
2.800000000000000000e+01,4.482210159301757812e+01,2.800000000000000000e+01
2.900000000000000000e+01,4.482210159301757812e+01,2.800000000000000000e+01
3.000000000000000000e+01,4.482210159301757812e+01,2.800000000000000000e+01
3.100000000000000000e+01,4.482210159301757812e+01,2.800000000000000000e+01
3.200000000000000000e+01,4.482210159301757812e+01,2.800000000000000000e+01
3.300000000000000000e+01,4.482210159301757812e+01,2.800000000000000000e+01
3.400000000000000000e+01,4.482210159301757812e+01,2.800000000000000000e+01
3.500000000000000000e+01,4.482210159301757812e+01,2.800000000000000000e+01
3.600000000000000000e+01,4.482210159301757812e+01,2.800000000000000000e+01
3.700000000000000000e+01,4.482210159301757812e+01,2.800000000000000000e+01
3.800000000000000000e+01,4.482210159301757812e+01,2.800000000000000000e+01
3.900000000000000000e+01,4.482210159301757812e+01,2.800000000000000000e+01
4.000000000000000000e+01,4.482210159301757812e+01,2.800000000000000000e+01
4.100000000000000000e+01,4.482210159301757812e+01,2.800000000000000000e+01
4.200000000000000000e+01,4.482210159301757812e+01,2.800000000000000000e+01
4.300000000000000000e+01,4.482210159301757812e+01,2.800000000000000000e+01
4.400000000000000000e+01,4.482210159301757812e+01,2.800000000000000000e+01
4.500000000000000000e+01,4.482210159301757812e+01,2.800000000000000000e+01
4.600000000000000000e+01,4.482210159301757812e+01,2.800000000000000000e+01
4.700000000000000000e+01,4.482210159301757812e+01,2.800000000000000000e+01
4.800000000000000000e+01,4.482210159301757812e+01,2.800000000000000000e+01
4.900000000000000000e+01,4.482210159301757812e+01,2.800000000000000000e+01
5.000000000000000000e+01,4.482210159301757812e+01,2.800000000000000000e+01
5.100000000000000000e+01,4.482210159301757812e+01,2.800000000000000000e+01
5.200000000000000000e+01,4.482210159301757812e+01,2.800000000000000000e+01
5.300000000000000000e+01,4.482210159301757812e+01,2.800000000000000000e+01
5.400000000000000000e+01,4.482210159301757812e+01,2.800000000000000000e+01
5.500000000000000000e+01,4.482210159301757812e+01,2.800000000000000000e+01
5.600000000000000000e+01,4.482210159301757812e+01,2.800000000000000000e+01
5.700000000000000000e+01,4.482210159301757812e+01,2.800000000000000000e+01
5.800000000000000000e+01,4.482210159301757812e+01,2.800000000000000000e+01
5.900000000000000000e+01,4.482210159301757812e+01,2.800000000000000000e+01
1.000000000000000000e+00,1.507289981842041016e+01,2.900000000000000000e+01
0.000000000000000000e+00,1.507289981842041016e+01,2.900000000000000000e+01
2.000000000000000000e+00,1.507289981842041016e+01,2.900000000000000000e+01
3.000000000000000000e+00,1.507289981842041016e+01,2.900000000000000000e+01
4.000000000000000000e+00,1.507289981842041016e+01,2.900000000000000000e+01
5.000000000000000000e+00,1.507289981842041016e+01,2.900000000000000000e+01
6.000000000000000000e+00,1.507289981842041016e+01,2.900000000000000000e+01
7.000000000000000000e+00,1.507289981842041016e+01,2.900000000000000000e+01
8.000000000000000000e+00,1.507289981842041016e+01,2.900000000000000000e+01
9.000000000000000000e+00,1.507289981842041016e+01,2.900000000000000000e+01
1.000000000000000000e+01,1.507289981842041016e+01,2.900000000000000000e+01
1.100000000000000000e+01,1.507289981842041016e+01,2.900000000000000000e+01
1.200000000000000000e+01,1.507289981842041016e+01,2.900000000000000000e+01
1.300000000000000000e+01,1.507289981842041016e+01,2.900000000000000000e+01
1.400000000000000000e+01,1.507289981842041016e+01,2.900000000000000000e+01
1.500000000000000000e+01,1.507289981842041016e+01,2.900000000000000000e+01
1.600000000000000000e+01,1.507289981842041016e+01,2.900000000000000000e+01
1.700000000000000000e+01,1.507289981842041016e+01,2.900000000000000000e+01
1.800000000000000000e+01,1.507289981842041016e+01,2.900000000000000000e+01
1.900000000000000000e+01,1.507289981842041016e+01,2.900000000000000000e+01
2.000000000000000000e+01,1.507289981842041016e+01,2.900000000000000000e+01
2.100000000000000000e+01,1.507289981842041016e+01,2.900000000000000000e+01
2.200000000000000000e+01,1.507289981842041016e+01,2.900000000000000000e+01
2.300000000000000000e+01,1.507289981842041016e+01,2.900000000000000000e+01
2.400000000000000000e+01,1.507289981842041016e+01,2.900000000000000000e+01
2.500000000000000000e+01,1.507289981842041016e+01,2.900000000000000000e+01
2.600000000000000000e+01,1.507289981842041016e+01,2.900000000000000000e+01
2.700000000000000000e+01,1.507289981842041016e+01,2.900000000000000000e+01
2.800000000000000000e+01,1.507289981842041016e+01,2.900000000000000000e+01
2.900000000000000000e+01,1.507289981842041016e+01,2.900000000000000000e+01
3.000000000000000000e+01,1.507289981842041016e+01,2.900000000000000000e+01
3.100000000000000000e+01,1.507289981842041016e+01,2.900000000000000000e+01
3.200000000000000000e+01,1.507289981842041016e+01,2.900000000000000000e+01
3.300000000000000000e+01,1.507289981842041016e+01,2.900000000000000000e+01
3.400000000000000000e+01,1.507289981842041016e+01,2.900000000000000000e+01
3.500000000000000000e+01,1.507289981842041016e+01,2.900000000000000000e+01
3.600000000000000000e+01,1.507289981842041016e+01,2.900000000000000000e+01
3.700000000000000000e+01,1.507289981842041016e+01,2.900000000000000000e+01
3.800000000000000000e+01,1.507289981842041016e+01,2.900000000000000000e+01
3.900000000000000000e+01,1.507289981842041016e+01,2.900000000000000000e+01
4.000000000000000000e+01,1.507289981842041016e+01,2.900000000000000000e+01
4.100000000000000000e+01,1.507289981842041016e+01,2.900000000000000000e+01
4.200000000000000000e+01,1.507289981842041016e+01,2.900000000000000000e+01
4.300000000000000000e+01,1.507289981842041016e+01,2.900000000000000000e+01
4.400000000000000000e+01,1.507289981842041016e+01,2.900000000000000000e+01
4.500000000000000000e+01,1.507289981842041016e+01,2.900000000000000000e+01
4.600000000000000000e+01,1.507289981842041016e+01,2.900000000000000000e+01
4.700000000000000000e+01,1.507289981842041016e+01,2.900000000000000000e+01
4.800000000000000000e+01,1.507289981842041016e+01,2.900000000000000000e+01
4.900000000000000000e+01,1.507289981842041016e+01,2.900000000000000000e+01
5.000000000000000000e+01,1.507289981842041016e+01,2.900000000000000000e+01
5.100000000000000000e+01,1.507289981842041016e+01,2.900000000000000000e+01
5.200000000000000000e+01,1.507289981842041016e+01,2.900000000000000000e+01
5.300000000000000000e+01,1.507289981842041016e+01,2.900000000000000000e+01
5.400000000000000000e+01,1.507289981842041016e+01,2.900000000000000000e+01
5.500000000000000000e+01,1.507289981842041016e+01,2.900000000000000000e+01
5.600000000000000000e+01,1.507289981842041016e+01,2.900000000000000000e+01
5.700000000000000000e+01,1.507289981842041016e+01,2.900000000000000000e+01
5.800000000000000000e+01,1.507289981842041016e+01,2.900000000000000000e+01
5.900000000000000000e+01,1.507289981842041016e+01,2.900000000000000000e+01
1.000000000000000000e+00,4.492710113525390625e+01,2.900000000000000000e+01
0.000000000000000000e+00,4.492710113525390625e+01,2.900000000000000000e+01
2.000000000000000000e+00,4.492710113525390625e+01,2.900000000000000000e+01
3.000000000000000000e+00,4.492710113525390625e+01,2.900000000000000000e+01
4.000000000000000000e+00,4.492710113525390625e+01,2.900000000000000000e+01
5.000000000000000000e+00,4.492710113525390625e+01,2.900000000000000000e+01
6.000000000000000000e+00,4.492710113525390625e+01,2.900000000000000000e+01
7.000000000000000000e+00,4.492710113525390625e+01,2.900000000000000000e+01
8.000000000000000000e+00,4.492710113525390625e+01,2.900000000000000000e+01
9.000000000000000000e+00,4.492710113525390625e+01,2.900000000000000000e+01
1.000000000000000000e+01,4.492710113525390625e+01,2.900000000000000000e+01
1.100000000000000000e+01,4.492710113525390625e+01,2.900000000000000000e+01
1.200000000000000000e+01,4.492710113525390625e+01,2.900000000000000000e+01
1.300000000000000000e+01,4.492710113525390625e+01,2.900000000000000000e+01
1.400000000000000000e+01,4.492710113525390625e+01,2.900000000000000000e+01
1.500000000000000000e+01,4.492710113525390625e+01,2.900000000000000000e+01
1.600000000000000000e+01,4.492710113525390625e+01,2.900000000000000000e+01
1.700000000000000000e+01,4.492710113525390625e+01,2.900000000000000000e+01
1.800000000000000000e+01,4.492710113525390625e+01,2.900000000000000000e+01
1.900000000000000000e+01,4.492710113525390625e+01,2.900000000000000000e+01
2.000000000000000000e+01,4.492710113525390625e+01,2.900000000000000000e+01
2.100000000000000000e+01,4.492710113525390625e+01,2.900000000000000000e+01
2.200000000000000000e+01,4.492710113525390625e+01,2.900000000000000000e+01
2.300000000000000000e+01,4.492710113525390625e+01,2.900000000000000000e+01
2.400000000000000000e+01,4.492710113525390625e+01,2.900000000000000000e+01
2.500000000000000000e+01,4.492710113525390625e+01,2.900000000000000000e+01
2.600000000000000000e+01,4.492710113525390625e+01,2.900000000000000000e+01
2.700000000000000000e+01,4.492710113525390625e+01,2.900000000000000000e+01
2.800000000000000000e+01,4.492710113525390625e+01,2.900000000000000000e+01
2.900000000000000000e+01,4.492710113525390625e+01,2.900000000000000000e+01
3.000000000000000000e+01,4.492710113525390625e+01,2.900000000000000000e+01
3.100000000000000000e+01,4.492710113525390625e+01,2.900000000000000000e+01
3.200000000000000000e+01,4.492710113525390625e+01,2.900000000000000000e+01
3.300000000000000000e+01,4.492710113525390625e+01,2.900000000000000000e+01
3.400000000000000000e+01,4.492710113525390625e+01,2.900000000000000000e+01
3.500000000000000000e+01,4.492710113525390625e+01,2.900000000000000000e+01
3.600000000000000000e+01,4.492710113525390625e+01,2.900000000000000000e+01
3.700000000000000000e+01,4.492710113525390625e+01,2.900000000000000000e+01
3.800000000000000000e+01,4.492710113525390625e+01,2.900000000000000000e+01
3.900000000000000000e+01,4.492710113525390625e+01,2.900000000000000000e+01
4.000000000000000000e+01,4.492710113525390625e+01,2.900000000000000000e+01
4.100000000000000000e+01,4.492710113525390625e+01,2.900000000000000000e+01
4.200000000000000000e+01,4.492710113525390625e+01,2.900000000000000000e+01
4.300000000000000000e+01,4.492710113525390625e+01,2.900000000000000000e+01
4.400000000000000000e+01,4.492710113525390625e+01,2.900000000000000000e+01
4.500000000000000000e+01,4.492710113525390625e+01,2.900000000000000000e+01
4.600000000000000000e+01,4.492710113525390625e+01,2.900000000000000000e+01
4.700000000000000000e+01,4.492710113525390625e+01,2.900000000000000000e+01
4.800000000000000000e+01,4.492710113525390625e+01,2.900000000000000000e+01
4.900000000000000000e+01,4.492710113525390625e+01,2.900000000000000000e+01
5.000000000000000000e+01,4.492710113525390625e+01,2.900000000000000000e+01
5.100000000000000000e+01,4.492710113525390625e+01,2.900000000000000000e+01
5.200000000000000000e+01,4.492710113525390625e+01,2.900000000000000000e+01
5.300000000000000000e+01,4.492710113525390625e+01,2.900000000000000000e+01
5.400000000000000000e+01,4.492710113525390625e+01,2.900000000000000000e+01
5.500000000000000000e+01,4.492710113525390625e+01,2.900000000000000000e+01
5.600000000000000000e+01,4.492710113525390625e+01,2.900000000000000000e+01
5.700000000000000000e+01,4.492710113525390625e+01,2.900000000000000000e+01
5.800000000000000000e+01,4.492710113525390625e+01,2.900000000000000000e+01
5.900000000000000000e+01,4.492710113525390625e+01,2.900000000000000000e+01
1.000000000000000000e+00,1.503670024871826172e+01,3.000000000000000000e+01
0.000000000000000000e+00,1.503670024871826172e+01,3.000000000000000000e+01
2.000000000000000000e+00,1.503670024871826172e+01,3.000000000000000000e+01
3.000000000000000000e+00,1.503670024871826172e+01,3.000000000000000000e+01
4.000000000000000000e+00,1.503670024871826172e+01,3.000000000000000000e+01
5.000000000000000000e+00,1.503670024871826172e+01,3.000000000000000000e+01
6.000000000000000000e+00,1.503670024871826172e+01,3.000000000000000000e+01
7.000000000000000000e+00,1.503670024871826172e+01,3.000000000000000000e+01
8.000000000000000000e+00,1.503670024871826172e+01,3.000000000000000000e+01
9.000000000000000000e+00,1.503670024871826172e+01,3.000000000000000000e+01
1.000000000000000000e+01,1.503670024871826172e+01,3.000000000000000000e+01
1.100000000000000000e+01,1.503670024871826172e+01,3.000000000000000000e+01
1.200000000000000000e+01,1.503670024871826172e+01,3.000000000000000000e+01
1.300000000000000000e+01,1.503670024871826172e+01,3.000000000000000000e+01
1.400000000000000000e+01,1.503670024871826172e+01,3.000000000000000000e+01
1.500000000000000000e+01,1.503670024871826172e+01,3.000000000000000000e+01
1.600000000000000000e+01,1.503670024871826172e+01,3.000000000000000000e+01
1.700000000000000000e+01,1.503670024871826172e+01,3.000000000000000000e+01
1.800000000000000000e+01,1.503670024871826172e+01,3.000000000000000000e+01
1.900000000000000000e+01,1.503670024871826172e+01,3.000000000000000000e+01
2.000000000000000000e+01,1.503670024871826172e+01,3.000000000000000000e+01
2.100000000000000000e+01,1.503670024871826172e+01,3.000000000000000000e+01
2.200000000000000000e+01,1.503670024871826172e+01,3.000000000000000000e+01
2.300000000000000000e+01,1.503670024871826172e+01,3.000000000000000000e+01
2.400000000000000000e+01,1.503670024871826172e+01,3.000000000000000000e+01
2.500000000000000000e+01,1.503670024871826172e+01,3.000000000000000000e+01
2.600000000000000000e+01,1.503670024871826172e+01,3.000000000000000000e+01
2.700000000000000000e+01,1.503670024871826172e+01,3.000000000000000000e+01
2.800000000000000000e+01,1.503670024871826172e+01,3.000000000000000000e+01
2.900000000000000000e+01,1.503670024871826172e+01,3.000000000000000000e+01
3.000000000000000000e+01,1.503670024871826172e+01,3.000000000000000000e+01
3.100000000000000000e+01,1.503670024871826172e+01,3.000000000000000000e+01
3.200000000000000000e+01,1.503670024871826172e+01,3.000000000000000000e+01
3.300000000000000000e+01,1.503670024871826172e+01,3.000000000000000000e+01
3.400000000000000000e+01,1.503670024871826172e+01,3.000000000000000000e+01
3.500000000000000000e+01,1.503670024871826172e+01,3.000000000000000000e+01
3.600000000000000000e+01,1.503670024871826172e+01,3.000000000000000000e+01
3.700000000000000000e+01,1.503670024871826172e+01,3.000000000000000000e+01
3.800000000000000000e+01,1.503670024871826172e+01,3.000000000000000000e+01
3.900000000000000000e+01,1.503670024871826172e+01,3.000000000000000000e+01
4.000000000000000000e+01,1.503670024871826172e+01,3.000000000000000000e+01
4.100000000000000000e+01,1.503670024871826172e+01,3.000000000000000000e+01
4.200000000000000000e+01,1.503670024871826172e+01,3.000000000000000000e+01
4.300000000000000000e+01,1.503670024871826172e+01,3.000000000000000000e+01
4.400000000000000000e+01,1.503670024871826172e+01,3.000000000000000000e+01
4.500000000000000000e+01,1.503670024871826172e+01,3.000000000000000000e+01
4.600000000000000000e+01,1.503670024871826172e+01,3.000000000000000000e+01
4.700000000000000000e+01,1.503670024871826172e+01,3.000000000000000000e+01
4.800000000000000000e+01,1.503670024871826172e+01,3.000000000000000000e+01
4.900000000000000000e+01,1.503670024871826172e+01,3.000000000000000000e+01
5.000000000000000000e+01,1.503670024871826172e+01,3.000000000000000000e+01
5.100000000000000000e+01,1.503670024871826172e+01,3.000000000000000000e+01
5.200000000000000000e+01,1.503670024871826172e+01,3.000000000000000000e+01
5.300000000000000000e+01,1.503670024871826172e+01,3.000000000000000000e+01
5.400000000000000000e+01,1.503670024871826172e+01,3.000000000000000000e+01
5.500000000000000000e+01,1.503670024871826172e+01,3.000000000000000000e+01
5.600000000000000000e+01,1.503670024871826172e+01,3.000000000000000000e+01
5.700000000000000000e+01,1.503670024871826172e+01,3.000000000000000000e+01
5.800000000000000000e+01,1.503670024871826172e+01,3.000000000000000000e+01
5.900000000000000000e+01,1.503670024871826172e+01,3.000000000000000000e+01
1.000000000000000000e+00,4.496329879760742188e+01,3.000000000000000000e+01
0.000000000000000000e+00,4.496329879760742188e+01,3.000000000000000000e+01
2.000000000000000000e+00,4.496329879760742188e+01,3.000000000000000000e+01
3.000000000000000000e+00,4.496329879760742188e+01,3.000000000000000000e+01
4.000000000000000000e+00,4.496329879760742188e+01,3.000000000000000000e+01
5.000000000000000000e+00,4.496329879760742188e+01,3.000000000000000000e+01
6.000000000000000000e+00,4.496329879760742188e+01,3.000000000000000000e+01
7.000000000000000000e+00,4.496329879760742188e+01,3.000000000000000000e+01
8.000000000000000000e+00,4.496329879760742188e+01,3.000000000000000000e+01
9.000000000000000000e+00,4.496329879760742188e+01,3.000000000000000000e+01
1.000000000000000000e+01,4.496329879760742188e+01,3.000000000000000000e+01
1.100000000000000000e+01,4.496329879760742188e+01,3.000000000000000000e+01
1.200000000000000000e+01,4.496329879760742188e+01,3.000000000000000000e+01
1.300000000000000000e+01,4.496329879760742188e+01,3.000000000000000000e+01
1.400000000000000000e+01,4.496329879760742188e+01,3.000000000000000000e+01
1.500000000000000000e+01,4.496329879760742188e+01,3.000000000000000000e+01
1.600000000000000000e+01,4.496329879760742188e+01,3.000000000000000000e+01
1.700000000000000000e+01,4.496329879760742188e+01,3.000000000000000000e+01
1.800000000000000000e+01,4.496329879760742188e+01,3.000000000000000000e+01
1.900000000000000000e+01,4.496329879760742188e+01,3.000000000000000000e+01
2.000000000000000000e+01,4.496329879760742188e+01,3.000000000000000000e+01
2.100000000000000000e+01,4.496329879760742188e+01,3.000000000000000000e+01
2.200000000000000000e+01,4.496329879760742188e+01,3.000000000000000000e+01
2.300000000000000000e+01,4.496329879760742188e+01,3.000000000000000000e+01
2.400000000000000000e+01,4.496329879760742188e+01,3.000000000000000000e+01
2.500000000000000000e+01,4.496329879760742188e+01,3.000000000000000000e+01
2.600000000000000000e+01,4.496329879760742188e+01,3.000000000000000000e+01
2.700000000000000000e+01,4.496329879760742188e+01,3.000000000000000000e+01
2.800000000000000000e+01,4.496329879760742188e+01,3.000000000000000000e+01
2.900000000000000000e+01,4.496329879760742188e+01,3.000000000000000000e+01
3.000000000000000000e+01,4.496329879760742188e+01,3.000000000000000000e+01
3.100000000000000000e+01,4.496329879760742188e+01,3.000000000000000000e+01
3.200000000000000000e+01,4.496329879760742188e+01,3.000000000000000000e+01
3.300000000000000000e+01,4.496329879760742188e+01,3.000000000000000000e+01
3.400000000000000000e+01,4.496329879760742188e+01,3.000000000000000000e+01
3.500000000000000000e+01,4.496329879760742188e+01,3.000000000000000000e+01
3.600000000000000000e+01,4.496329879760742188e+01,3.000000000000000000e+01
3.700000000000000000e+01,4.496329879760742188e+01,3.000000000000000000e+01
3.800000000000000000e+01,4.496329879760742188e+01,3.000000000000000000e+01
3.900000000000000000e+01,4.496329879760742188e+01,3.000000000000000000e+01
4.000000000000000000e+01,4.496329879760742188e+01,3.000000000000000000e+01
4.100000000000000000e+01,4.496329879760742188e+01,3.000000000000000000e+01
4.200000000000000000e+01,4.496329879760742188e+01,3.000000000000000000e+01
4.300000000000000000e+01,4.496329879760742188e+01,3.000000000000000000e+01
4.400000000000000000e+01,4.496329879760742188e+01,3.000000000000000000e+01
4.500000000000000000e+01,4.496329879760742188e+01,3.000000000000000000e+01
4.600000000000000000e+01,4.496329879760742188e+01,3.000000000000000000e+01
4.700000000000000000e+01,4.496329879760742188e+01,3.000000000000000000e+01
4.800000000000000000e+01,4.496329879760742188e+01,3.000000000000000000e+01
4.900000000000000000e+01,4.496329879760742188e+01,3.000000000000000000e+01
5.000000000000000000e+01,4.496329879760742188e+01,3.000000000000000000e+01
5.100000000000000000e+01,4.496329879760742188e+01,3.000000000000000000e+01
5.200000000000000000e+01,4.496329879760742188e+01,3.000000000000000000e+01
5.300000000000000000e+01,4.496329879760742188e+01,3.000000000000000000e+01
5.400000000000000000e+01,4.496329879760742188e+01,3.000000000000000000e+01
5.500000000000000000e+01,4.496329879760742188e+01,3.000000000000000000e+01
5.600000000000000000e+01,4.496329879760742188e+01,3.000000000000000000e+01
5.700000000000000000e+01,4.496329879760742188e+01,3.000000000000000000e+01
5.800000000000000000e+01,4.496329879760742188e+01,3.000000000000000000e+01
5.900000000000000000e+01,4.496329879760742188e+01,3.000000000000000000e+01
1.000000000000000000e+00,1.507289981842041016e+01,3.100000000000000000e+01
0.000000000000000000e+00,1.507289981842041016e+01,3.100000000000000000e+01
2.000000000000000000e+00,1.507289981842041016e+01,3.100000000000000000e+01
3.000000000000000000e+00,1.507289981842041016e+01,3.100000000000000000e+01
4.000000000000000000e+00,1.507289981842041016e+01,3.100000000000000000e+01
5.000000000000000000e+00,1.507289981842041016e+01,3.100000000000000000e+01
6.000000000000000000e+00,1.507289981842041016e+01,3.100000000000000000e+01
7.000000000000000000e+00,1.507289981842041016e+01,3.100000000000000000e+01
8.000000000000000000e+00,1.507289981842041016e+01,3.100000000000000000e+01
9.000000000000000000e+00,1.507289981842041016e+01,3.100000000000000000e+01
1.000000000000000000e+01,1.507289981842041016e+01,3.100000000000000000e+01
1.100000000000000000e+01,1.507289981842041016e+01,3.100000000000000000e+01
1.200000000000000000e+01,1.507289981842041016e+01,3.100000000000000000e+01
1.300000000000000000e+01,1.507289981842041016e+01,3.100000000000000000e+01
1.400000000000000000e+01,1.507289981842041016e+01,3.100000000000000000e+01
1.500000000000000000e+01,1.507289981842041016e+01,3.100000000000000000e+01
1.600000000000000000e+01,1.507289981842041016e+01,3.100000000000000000e+01
1.700000000000000000e+01,1.507289981842041016e+01,3.100000000000000000e+01
1.800000000000000000e+01,1.507289981842041016e+01,3.100000000000000000e+01
1.900000000000000000e+01,1.507289981842041016e+01,3.100000000000000000e+01
2.000000000000000000e+01,1.507289981842041016e+01,3.100000000000000000e+01
2.100000000000000000e+01,1.507289981842041016e+01,3.100000000000000000e+01
2.200000000000000000e+01,1.507289981842041016e+01,3.100000000000000000e+01
2.300000000000000000e+01,1.507289981842041016e+01,3.100000000000000000e+01
2.400000000000000000e+01,1.507289981842041016e+01,3.100000000000000000e+01
2.500000000000000000e+01,1.507289981842041016e+01,3.100000000000000000e+01
2.600000000000000000e+01,1.507289981842041016e+01,3.100000000000000000e+01
2.700000000000000000e+01,1.507289981842041016e+01,3.100000000000000000e+01
2.800000000000000000e+01,1.507289981842041016e+01,3.100000000000000000e+01
2.900000000000000000e+01,1.507289981842041016e+01,3.100000000000000000e+01
3.000000000000000000e+01,1.507289981842041016e+01,3.100000000000000000e+01
3.100000000000000000e+01,1.507289981842041016e+01,3.100000000000000000e+01
3.200000000000000000e+01,1.507289981842041016e+01,3.100000000000000000e+01
3.300000000000000000e+01,1.507289981842041016e+01,3.100000000000000000e+01
3.400000000000000000e+01,1.507289981842041016e+01,3.100000000000000000e+01
3.500000000000000000e+01,1.507289981842041016e+01,3.100000000000000000e+01
3.600000000000000000e+01,1.507289981842041016e+01,3.100000000000000000e+01
3.700000000000000000e+01,1.507289981842041016e+01,3.100000000000000000e+01
3.800000000000000000e+01,1.507289981842041016e+01,3.100000000000000000e+01
3.900000000000000000e+01,1.507289981842041016e+01,3.100000000000000000e+01
4.000000000000000000e+01,1.507289981842041016e+01,3.100000000000000000e+01
4.100000000000000000e+01,1.507289981842041016e+01,3.100000000000000000e+01
4.200000000000000000e+01,1.507289981842041016e+01,3.100000000000000000e+01
4.300000000000000000e+01,1.507289981842041016e+01,3.100000000000000000e+01
4.400000000000000000e+01,1.507289981842041016e+01,3.100000000000000000e+01
4.500000000000000000e+01,1.507289981842041016e+01,3.100000000000000000e+01
4.600000000000000000e+01,1.507289981842041016e+01,3.100000000000000000e+01
4.700000000000000000e+01,1.507289981842041016e+01,3.100000000000000000e+01
4.800000000000000000e+01,1.507289981842041016e+01,3.100000000000000000e+01
4.900000000000000000e+01,1.507289981842041016e+01,3.100000000000000000e+01
5.000000000000000000e+01,1.507289981842041016e+01,3.100000000000000000e+01
5.100000000000000000e+01,1.507289981842041016e+01,3.100000000000000000e+01
5.200000000000000000e+01,1.507289981842041016e+01,3.100000000000000000e+01
5.300000000000000000e+01,1.507289981842041016e+01,3.100000000000000000e+01
5.400000000000000000e+01,1.507289981842041016e+01,3.100000000000000000e+01
5.500000000000000000e+01,1.507289981842041016e+01,3.100000000000000000e+01
5.600000000000000000e+01,1.507289981842041016e+01,3.100000000000000000e+01
5.700000000000000000e+01,1.507289981842041016e+01,3.100000000000000000e+01
5.800000000000000000e+01,1.507289981842041016e+01,3.100000000000000000e+01
5.900000000000000000e+01,1.507289981842041016e+01,3.100000000000000000e+01
1.000000000000000000e+00,4.492710113525390625e+01,3.100000000000000000e+01
0.000000000000000000e+00,4.492710113525390625e+01,3.100000000000000000e+01
2.000000000000000000e+00,4.492710113525390625e+01,3.100000000000000000e+01
3.000000000000000000e+00,4.492710113525390625e+01,3.100000000000000000e+01
4.000000000000000000e+00,4.492710113525390625e+01,3.100000000000000000e+01
5.000000000000000000e+00,4.492710113525390625e+01,3.100000000000000000e+01
6.000000000000000000e+00,4.492710113525390625e+01,3.100000000000000000e+01
7.000000000000000000e+00,4.492710113525390625e+01,3.100000000000000000e+01
8.000000000000000000e+00,4.492710113525390625e+01,3.100000000000000000e+01
9.000000000000000000e+00,4.492710113525390625e+01,3.100000000000000000e+01
1.000000000000000000e+01,4.492710113525390625e+01,3.100000000000000000e+01
1.100000000000000000e+01,4.492710113525390625e+01,3.100000000000000000e+01
1.200000000000000000e+01,4.492710113525390625e+01,3.100000000000000000e+01
1.300000000000000000e+01,4.492710113525390625e+01,3.100000000000000000e+01
1.400000000000000000e+01,4.492710113525390625e+01,3.100000000000000000e+01
1.500000000000000000e+01,4.492710113525390625e+01,3.100000000000000000e+01
1.600000000000000000e+01,4.492710113525390625e+01,3.100000000000000000e+01
1.700000000000000000e+01,4.492710113525390625e+01,3.100000000000000000e+01
1.800000000000000000e+01,4.492710113525390625e+01,3.100000000000000000e+01
1.900000000000000000e+01,4.492710113525390625e+01,3.100000000000000000e+01
2.000000000000000000e+01,4.492710113525390625e+01,3.100000000000000000e+01
2.100000000000000000e+01,4.492710113525390625e+01,3.100000000000000000e+01
2.200000000000000000e+01,4.492710113525390625e+01,3.100000000000000000e+01
2.300000000000000000e+01,4.492710113525390625e+01,3.100000000000000000e+01
2.400000000000000000e+01,4.492710113525390625e+01,3.100000000000000000e+01
2.500000000000000000e+01,4.492710113525390625e+01,3.100000000000000000e+01
2.600000000000000000e+01,4.492710113525390625e+01,3.100000000000000000e+01
2.700000000000000000e+01,4.492710113525390625e+01,3.100000000000000000e+01
2.800000000000000000e+01,4.492710113525390625e+01,3.100000000000000000e+01
2.900000000000000000e+01,4.492710113525390625e+01,3.100000000000000000e+01
3.000000000000000000e+01,4.492710113525390625e+01,3.100000000000000000e+01
3.100000000000000000e+01,4.492710113525390625e+01,3.100000000000000000e+01
3.200000000000000000e+01,4.492710113525390625e+01,3.100000000000000000e+01
3.300000000000000000e+01,4.492710113525390625e+01,3.100000000000000000e+01
3.400000000000000000e+01,4.492710113525390625e+01,3.100000000000000000e+01
3.500000000000000000e+01,4.492710113525390625e+01,3.100000000000000000e+01
3.600000000000000000e+01,4.492710113525390625e+01,3.100000000000000000e+01
3.700000000000000000e+01,4.492710113525390625e+01,3.100000000000000000e+01
3.800000000000000000e+01,4.492710113525390625e+01,3.100000000000000000e+01
3.900000000000000000e+01,4.492710113525390625e+01,3.100000000000000000e+01
4.000000000000000000e+01,4.492710113525390625e+01,3.100000000000000000e+01
4.100000000000000000e+01,4.492710113525390625e+01,3.100000000000000000e+01
4.200000000000000000e+01,4.492710113525390625e+01,3.100000000000000000e+01
4.300000000000000000e+01,4.492710113525390625e+01,3.100000000000000000e+01
4.400000000000000000e+01,4.492710113525390625e+01,3.100000000000000000e+01
4.500000000000000000e+01,4.492710113525390625e+01,3.100000000000000000e+01
4.600000000000000000e+01,4.492710113525390625e+01,3.100000000000000000e+01
4.700000000000000000e+01,4.492710113525390625e+01,3.100000000000000000e+01
4.800000000000000000e+01,4.492710113525390625e+01,3.100000000000000000e+01
4.900000000000000000e+01,4.492710113525390625e+01,3.100000000000000000e+01
5.000000000000000000e+01,4.492710113525390625e+01,3.100000000000000000e+01
5.100000000000000000e+01,4.492710113525390625e+01,3.100000000000000000e+01
5.200000000000000000e+01,4.492710113525390625e+01,3.100000000000000000e+01
5.300000000000000000e+01,4.492710113525390625e+01,3.100000000000000000e+01
5.400000000000000000e+01,4.492710113525390625e+01,3.100000000000000000e+01
5.500000000000000000e+01,4.492710113525390625e+01,3.100000000000000000e+01
5.600000000000000000e+01,4.492710113525390625e+01,3.100000000000000000e+01
5.700000000000000000e+01,4.492710113525390625e+01,3.100000000000000000e+01
5.800000000000000000e+01,4.492710113525390625e+01,3.100000000000000000e+01
5.900000000000000000e+01,4.492710113525390625e+01,3.100000000000000000e+01
1.000000000000000000e+00,1.517790031433105469e+01,3.200000000000000000e+01
0.000000000000000000e+00,1.517790031433105469e+01,3.200000000000000000e+01
2.000000000000000000e+00,1.517790031433105469e+01,3.200000000000000000e+01
3.000000000000000000e+00,1.517790031433105469e+01,3.200000000000000000e+01
4.000000000000000000e+00,1.517790031433105469e+01,3.200000000000000000e+01
5.000000000000000000e+00,1.517790031433105469e+01,3.200000000000000000e+01
6.000000000000000000e+00,1.517790031433105469e+01,3.200000000000000000e+01
7.000000000000000000e+00,1.517790031433105469e+01,3.200000000000000000e+01
8.000000000000000000e+00,1.517790031433105469e+01,3.200000000000000000e+01
9.000000000000000000e+00,1.517790031433105469e+01,3.200000000000000000e+01
1.000000000000000000e+01,1.517790031433105469e+01,3.200000000000000000e+01
1.100000000000000000e+01,1.517790031433105469e+01,3.200000000000000000e+01
1.200000000000000000e+01,1.517790031433105469e+01,3.200000000000000000e+01
1.300000000000000000e+01,1.517790031433105469e+01,3.200000000000000000e+01
1.400000000000000000e+01,1.517790031433105469e+01,3.200000000000000000e+01
1.500000000000000000e+01,1.517790031433105469e+01,3.200000000000000000e+01
1.600000000000000000e+01,1.517790031433105469e+01,3.200000000000000000e+01
1.700000000000000000e+01,1.517790031433105469e+01,3.200000000000000000e+01
1.800000000000000000e+01,1.517790031433105469e+01,3.200000000000000000e+01
1.900000000000000000e+01,1.517790031433105469e+01,3.200000000000000000e+01
2.000000000000000000e+01,1.517790031433105469e+01,3.200000000000000000e+01
2.100000000000000000e+01,1.517790031433105469e+01,3.200000000000000000e+01
2.200000000000000000e+01,1.517790031433105469e+01,3.200000000000000000e+01
2.300000000000000000e+01,1.517790031433105469e+01,3.200000000000000000e+01
2.400000000000000000e+01,1.517790031433105469e+01,3.200000000000000000e+01
2.500000000000000000e+01,1.517790031433105469e+01,3.200000000000000000e+01
2.600000000000000000e+01,1.517790031433105469e+01,3.200000000000000000e+01
2.700000000000000000e+01,1.517790031433105469e+01,3.200000000000000000e+01
2.800000000000000000e+01,1.517790031433105469e+01,3.200000000000000000e+01
2.900000000000000000e+01,1.517790031433105469e+01,3.200000000000000000e+01
3.000000000000000000e+01,1.517790031433105469e+01,3.200000000000000000e+01
3.100000000000000000e+01,1.517790031433105469e+01,3.200000000000000000e+01
3.200000000000000000e+01,1.517790031433105469e+01,3.200000000000000000e+01
3.300000000000000000e+01,1.517790031433105469e+01,3.200000000000000000e+01
3.400000000000000000e+01,1.517790031433105469e+01,3.200000000000000000e+01
3.500000000000000000e+01,1.517790031433105469e+01,3.200000000000000000e+01
3.600000000000000000e+01,1.517790031433105469e+01,3.200000000000000000e+01
3.700000000000000000e+01,1.517790031433105469e+01,3.200000000000000000e+01
3.800000000000000000e+01,1.517790031433105469e+01,3.200000000000000000e+01
3.900000000000000000e+01,1.517790031433105469e+01,3.200000000000000000e+01
4.000000000000000000e+01,1.517790031433105469e+01,3.200000000000000000e+01
4.100000000000000000e+01,1.517790031433105469e+01,3.200000000000000000e+01
4.200000000000000000e+01,1.517790031433105469e+01,3.200000000000000000e+01
4.300000000000000000e+01,1.517790031433105469e+01,3.200000000000000000e+01
4.400000000000000000e+01,1.517790031433105469e+01,3.200000000000000000e+01
4.500000000000000000e+01,1.517790031433105469e+01,3.200000000000000000e+01
4.600000000000000000e+01,1.517790031433105469e+01,3.200000000000000000e+01
4.700000000000000000e+01,1.517790031433105469e+01,3.200000000000000000e+01
4.800000000000000000e+01,1.517790031433105469e+01,3.200000000000000000e+01
4.900000000000000000e+01,1.517790031433105469e+01,3.200000000000000000e+01
5.000000000000000000e+01,1.517790031433105469e+01,3.200000000000000000e+01
5.100000000000000000e+01,1.517790031433105469e+01,3.200000000000000000e+01
5.200000000000000000e+01,1.517790031433105469e+01,3.200000000000000000e+01
5.300000000000000000e+01,1.517790031433105469e+01,3.200000000000000000e+01
5.400000000000000000e+01,1.517790031433105469e+01,3.200000000000000000e+01
5.500000000000000000e+01,1.517790031433105469e+01,3.200000000000000000e+01
5.600000000000000000e+01,1.517790031433105469e+01,3.200000000000000000e+01
5.700000000000000000e+01,1.517790031433105469e+01,3.200000000000000000e+01
5.800000000000000000e+01,1.517790031433105469e+01,3.200000000000000000e+01
5.900000000000000000e+01,1.517790031433105469e+01,3.200000000000000000e+01
1.000000000000000000e+00,4.482210159301757812e+01,3.200000000000000000e+01
0.000000000000000000e+00,4.482210159301757812e+01,3.200000000000000000e+01
2.000000000000000000e+00,4.482210159301757812e+01,3.200000000000000000e+01
3.000000000000000000e+00,4.482210159301757812e+01,3.200000000000000000e+01
4.000000000000000000e+00,4.482210159301757812e+01,3.200000000000000000e+01
5.000000000000000000e+00,4.482210159301757812e+01,3.200000000000000000e+01
6.000000000000000000e+00,4.482210159301757812e+01,3.200000000000000000e+01
7.000000000000000000e+00,4.482210159301757812e+01,3.200000000000000000e+01
8.000000000000000000e+00,4.482210159301757812e+01,3.200000000000000000e+01
9.000000000000000000e+00,4.482210159301757812e+01,3.200000000000000000e+01
1.000000000000000000e+01,4.482210159301757812e+01,3.200000000000000000e+01
1.100000000000000000e+01,4.482210159301757812e+01,3.200000000000000000e+01
1.200000000000000000e+01,4.482210159301757812e+01,3.200000000000000000e+01
1.300000000000000000e+01,4.482210159301757812e+01,3.200000000000000000e+01
1.400000000000000000e+01,4.482210159301757812e+01,3.200000000000000000e+01
1.500000000000000000e+01,4.482210159301757812e+01,3.200000000000000000e+01
1.600000000000000000e+01,4.482210159301757812e+01,3.200000000000000000e+01
1.700000000000000000e+01,4.482210159301757812e+01,3.200000000000000000e+01
1.800000000000000000e+01,4.482210159301757812e+01,3.200000000000000000e+01
1.900000000000000000e+01,4.482210159301757812e+01,3.200000000000000000e+01
2.000000000000000000e+01,4.482210159301757812e+01,3.200000000000000000e+01
2.100000000000000000e+01,4.482210159301757812e+01,3.200000000000000000e+01
2.200000000000000000e+01,4.482210159301757812e+01,3.200000000000000000e+01
2.300000000000000000e+01,4.482210159301757812e+01,3.200000000000000000e+01
2.400000000000000000e+01,4.482210159301757812e+01,3.200000000000000000e+01
2.500000000000000000e+01,4.482210159301757812e+01,3.200000000000000000e+01
2.600000000000000000e+01,4.482210159301757812e+01,3.200000000000000000e+01
2.700000000000000000e+01,4.482210159301757812e+01,3.200000000000000000e+01
2.800000000000000000e+01,4.482210159301757812e+01,3.200000000000000000e+01
2.900000000000000000e+01,4.482210159301757812e+01,3.200000000000000000e+01
3.000000000000000000e+01,4.482210159301757812e+01,3.200000000000000000e+01
3.100000000000000000e+01,4.482210159301757812e+01,3.200000000000000000e+01
3.200000000000000000e+01,4.482210159301757812e+01,3.200000000000000000e+01
3.300000000000000000e+01,4.482210159301757812e+01,3.200000000000000000e+01
3.400000000000000000e+01,4.482210159301757812e+01,3.200000000000000000e+01
3.500000000000000000e+01,4.482210159301757812e+01,3.200000000000000000e+01
3.600000000000000000e+01,4.482210159301757812e+01,3.200000000000000000e+01
3.700000000000000000e+01,4.482210159301757812e+01,3.200000000000000000e+01
3.800000000000000000e+01,4.482210159301757812e+01,3.200000000000000000e+01
3.900000000000000000e+01,4.482210159301757812e+01,3.200000000000000000e+01
4.000000000000000000e+01,4.482210159301757812e+01,3.200000000000000000e+01
4.100000000000000000e+01,4.482210159301757812e+01,3.200000000000000000e+01
4.200000000000000000e+01,4.482210159301757812e+01,3.200000000000000000e+01
4.300000000000000000e+01,4.482210159301757812e+01,3.200000000000000000e+01
4.400000000000000000e+01,4.482210159301757812e+01,3.200000000000000000e+01
4.500000000000000000e+01,4.482210159301757812e+01,3.200000000000000000e+01
4.600000000000000000e+01,4.482210159301757812e+01,3.200000000000000000e+01
4.700000000000000000e+01,4.482210159301757812e+01,3.200000000000000000e+01
4.800000000000000000e+01,4.482210159301757812e+01,3.200000000000000000e+01
4.900000000000000000e+01,4.482210159301757812e+01,3.200000000000000000e+01
5.000000000000000000e+01,4.482210159301757812e+01,3.200000000000000000e+01
5.100000000000000000e+01,4.482210159301757812e+01,3.200000000000000000e+01
5.200000000000000000e+01,4.482210159301757812e+01,3.200000000000000000e+01
5.300000000000000000e+01,4.482210159301757812e+01,3.200000000000000000e+01
5.400000000000000000e+01,4.482210159301757812e+01,3.200000000000000000e+01
5.500000000000000000e+01,4.482210159301757812e+01,3.200000000000000000e+01
5.600000000000000000e+01,4.482210159301757812e+01,3.200000000000000000e+01
5.700000000000000000e+01,4.482210159301757812e+01,3.200000000000000000e+01
5.800000000000000000e+01,4.482210159301757812e+01,3.200000000000000000e+01
5.900000000000000000e+01,4.482210159301757812e+01,3.200000000000000000e+01
1.000000000000000000e+00,1.534519958496093750e+01,3.300000000000000000e+01
0.000000000000000000e+00,1.534519958496093750e+01,3.300000000000000000e+01
2.000000000000000000e+00,1.534519958496093750e+01,3.300000000000000000e+01
3.000000000000000000e+00,1.534519958496093750e+01,3.300000000000000000e+01
4.000000000000000000e+00,1.534519958496093750e+01,3.300000000000000000e+01
5.000000000000000000e+00,1.534519958496093750e+01,3.300000000000000000e+01
6.000000000000000000e+00,1.534519958496093750e+01,3.300000000000000000e+01
7.000000000000000000e+00,1.534519958496093750e+01,3.300000000000000000e+01
8.000000000000000000e+00,1.534519958496093750e+01,3.300000000000000000e+01
9.000000000000000000e+00,1.534519958496093750e+01,3.300000000000000000e+01
1.000000000000000000e+01,1.534519958496093750e+01,3.300000000000000000e+01
1.100000000000000000e+01,1.534519958496093750e+01,3.300000000000000000e+01
1.200000000000000000e+01,1.534519958496093750e+01,3.300000000000000000e+01
1.300000000000000000e+01,1.534519958496093750e+01,3.300000000000000000e+01
1.400000000000000000e+01,1.534519958496093750e+01,3.300000000000000000e+01
1.500000000000000000e+01,1.534519958496093750e+01,3.300000000000000000e+01
1.600000000000000000e+01,1.534519958496093750e+01,3.300000000000000000e+01
1.700000000000000000e+01,1.534519958496093750e+01,3.300000000000000000e+01
1.800000000000000000e+01,1.534519958496093750e+01,3.300000000000000000e+01
1.900000000000000000e+01,1.534519958496093750e+01,3.300000000000000000e+01
2.000000000000000000e+01,1.534519958496093750e+01,3.300000000000000000e+01
2.100000000000000000e+01,1.534519958496093750e+01,3.300000000000000000e+01
2.200000000000000000e+01,1.534519958496093750e+01,3.300000000000000000e+01
2.300000000000000000e+01,1.534519958496093750e+01,3.300000000000000000e+01
2.400000000000000000e+01,1.534519958496093750e+01,3.300000000000000000e+01
2.500000000000000000e+01,1.534519958496093750e+01,3.300000000000000000e+01
2.600000000000000000e+01,1.534519958496093750e+01,3.300000000000000000e+01
2.700000000000000000e+01,1.534519958496093750e+01,3.300000000000000000e+01
2.800000000000000000e+01,1.534519958496093750e+01,3.300000000000000000e+01
2.900000000000000000e+01,1.534519958496093750e+01,3.300000000000000000e+01
3.000000000000000000e+01,1.534519958496093750e+01,3.300000000000000000e+01
3.100000000000000000e+01,1.534519958496093750e+01,3.300000000000000000e+01
3.200000000000000000e+01,1.534519958496093750e+01,3.300000000000000000e+01
3.300000000000000000e+01,1.534519958496093750e+01,3.300000000000000000e+01
3.400000000000000000e+01,1.534519958496093750e+01,3.300000000000000000e+01
3.500000000000000000e+01,1.534519958496093750e+01,3.300000000000000000e+01
3.600000000000000000e+01,1.534519958496093750e+01,3.300000000000000000e+01
3.700000000000000000e+01,1.534519958496093750e+01,3.300000000000000000e+01
3.800000000000000000e+01,1.534519958496093750e+01,3.300000000000000000e+01
3.900000000000000000e+01,1.534519958496093750e+01,3.300000000000000000e+01
4.000000000000000000e+01,1.534519958496093750e+01,3.300000000000000000e+01
4.100000000000000000e+01,1.534519958496093750e+01,3.300000000000000000e+01
4.200000000000000000e+01,1.534519958496093750e+01,3.300000000000000000e+01
4.300000000000000000e+01,1.534519958496093750e+01,3.300000000000000000e+01
4.400000000000000000e+01,1.534519958496093750e+01,3.300000000000000000e+01
4.500000000000000000e+01,1.534519958496093750e+01,3.300000000000000000e+01
4.600000000000000000e+01,1.534519958496093750e+01,3.300000000000000000e+01
4.700000000000000000e+01,1.534519958496093750e+01,3.300000000000000000e+01
4.800000000000000000e+01,1.534519958496093750e+01,3.300000000000000000e+01
4.900000000000000000e+01,1.534519958496093750e+01,3.300000000000000000e+01
5.000000000000000000e+01,1.534519958496093750e+01,3.300000000000000000e+01
5.100000000000000000e+01,1.534519958496093750e+01,3.300000000000000000e+01
5.200000000000000000e+01,1.534519958496093750e+01,3.300000000000000000e+01
5.300000000000000000e+01,1.534519958496093750e+01,3.300000000000000000e+01
5.400000000000000000e+01,1.534519958496093750e+01,3.300000000000000000e+01
5.500000000000000000e+01,1.534519958496093750e+01,3.300000000000000000e+01
5.600000000000000000e+01,1.534519958496093750e+01,3.300000000000000000e+01
5.700000000000000000e+01,1.534519958496093750e+01,3.300000000000000000e+01
5.800000000000000000e+01,1.534519958496093750e+01,3.300000000000000000e+01
5.900000000000000000e+01,1.534519958496093750e+01,3.300000000000000000e+01
1.000000000000000000e+00,4.465480041503906250e+01,3.300000000000000000e+01
0.000000000000000000e+00,4.465480041503906250e+01,3.300000000000000000e+01
2.000000000000000000e+00,4.465480041503906250e+01,3.300000000000000000e+01
3.000000000000000000e+00,4.465480041503906250e+01,3.300000000000000000e+01
4.000000000000000000e+00,4.465480041503906250e+01,3.300000000000000000e+01
5.000000000000000000e+00,4.465480041503906250e+01,3.300000000000000000e+01
6.000000000000000000e+00,4.465480041503906250e+01,3.300000000000000000e+01
7.000000000000000000e+00,4.465480041503906250e+01,3.300000000000000000e+01
8.000000000000000000e+00,4.465480041503906250e+01,3.300000000000000000e+01
9.000000000000000000e+00,4.465480041503906250e+01,3.300000000000000000e+01
1.000000000000000000e+01,4.465480041503906250e+01,3.300000000000000000e+01
1.100000000000000000e+01,4.465480041503906250e+01,3.300000000000000000e+01
1.200000000000000000e+01,4.465480041503906250e+01,3.300000000000000000e+01
1.300000000000000000e+01,4.465480041503906250e+01,3.300000000000000000e+01
1.400000000000000000e+01,4.465480041503906250e+01,3.300000000000000000e+01
1.500000000000000000e+01,4.465480041503906250e+01,3.300000000000000000e+01
1.600000000000000000e+01,4.465480041503906250e+01,3.300000000000000000e+01
1.700000000000000000e+01,4.465480041503906250e+01,3.300000000000000000e+01
1.800000000000000000e+01,4.465480041503906250e+01,3.300000000000000000e+01
1.900000000000000000e+01,4.465480041503906250e+01,3.300000000000000000e+01
2.000000000000000000e+01,4.465480041503906250e+01,3.300000000000000000e+01
2.100000000000000000e+01,4.465480041503906250e+01,3.300000000000000000e+01
2.200000000000000000e+01,4.465480041503906250e+01,3.300000000000000000e+01
2.300000000000000000e+01,4.465480041503906250e+01,3.300000000000000000e+01
2.400000000000000000e+01,4.465480041503906250e+01,3.300000000000000000e+01
2.500000000000000000e+01,4.465480041503906250e+01,3.300000000000000000e+01
2.600000000000000000e+01,4.465480041503906250e+01,3.300000000000000000e+01
2.700000000000000000e+01,4.465480041503906250e+01,3.300000000000000000e+01
2.800000000000000000e+01,4.465480041503906250e+01,3.300000000000000000e+01
2.900000000000000000e+01,4.465480041503906250e+01,3.300000000000000000e+01
3.000000000000000000e+01,4.465480041503906250e+01,3.300000000000000000e+01
3.100000000000000000e+01,4.465480041503906250e+01,3.300000000000000000e+01
3.200000000000000000e+01,4.465480041503906250e+01,3.300000000000000000e+01
3.300000000000000000e+01,4.465480041503906250e+01,3.300000000000000000e+01
3.400000000000000000e+01,4.465480041503906250e+01,3.300000000000000000e+01
3.500000000000000000e+01,4.465480041503906250e+01,3.300000000000000000e+01
3.600000000000000000e+01,4.465480041503906250e+01,3.300000000000000000e+01
3.700000000000000000e+01,4.465480041503906250e+01,3.300000000000000000e+01
3.800000000000000000e+01,4.465480041503906250e+01,3.300000000000000000e+01
3.900000000000000000e+01,4.465480041503906250e+01,3.300000000000000000e+01
4.000000000000000000e+01,4.465480041503906250e+01,3.300000000000000000e+01
4.100000000000000000e+01,4.465480041503906250e+01,3.300000000000000000e+01
4.200000000000000000e+01,4.465480041503906250e+01,3.300000000000000000e+01
4.300000000000000000e+01,4.465480041503906250e+01,3.300000000000000000e+01
4.400000000000000000e+01,4.465480041503906250e+01,3.300000000000000000e+01
4.500000000000000000e+01,4.465480041503906250e+01,3.300000000000000000e+01
4.600000000000000000e+01,4.465480041503906250e+01,3.300000000000000000e+01
4.700000000000000000e+01,4.465480041503906250e+01,3.300000000000000000e+01
4.800000000000000000e+01,4.465480041503906250e+01,3.300000000000000000e+01
4.900000000000000000e+01,4.465480041503906250e+01,3.300000000000000000e+01
5.000000000000000000e+01,4.465480041503906250e+01,3.300000000000000000e+01
5.100000000000000000e+01,4.465480041503906250e+01,3.300000000000000000e+01
5.200000000000000000e+01,4.465480041503906250e+01,3.300000000000000000e+01
5.300000000000000000e+01,4.465480041503906250e+01,3.300000000000000000e+01
5.400000000000000000e+01,4.465480041503906250e+01,3.300000000000000000e+01
5.500000000000000000e+01,4.465480041503906250e+01,3.300000000000000000e+01
5.600000000000000000e+01,4.465480041503906250e+01,3.300000000000000000e+01
5.700000000000000000e+01,4.465480041503906250e+01,3.300000000000000000e+01
5.800000000000000000e+01,4.465480041503906250e+01,3.300000000000000000e+01
5.900000000000000000e+01,4.465480041503906250e+01,3.300000000000000000e+01
1.000000000000000000e+00,1.557450008392333984e+01,3.400000000000000000e+01
0.000000000000000000e+00,1.557450008392333984e+01,3.400000000000000000e+01
2.000000000000000000e+00,1.557450008392333984e+01,3.400000000000000000e+01
3.000000000000000000e+00,1.557450008392333984e+01,3.400000000000000000e+01
4.000000000000000000e+00,1.557450008392333984e+01,3.400000000000000000e+01
5.000000000000000000e+00,1.557450008392333984e+01,3.400000000000000000e+01
6.000000000000000000e+00,1.557450008392333984e+01,3.400000000000000000e+01
7.000000000000000000e+00,1.557450008392333984e+01,3.400000000000000000e+01
8.000000000000000000e+00,1.557450008392333984e+01,3.400000000000000000e+01
9.000000000000000000e+00,1.557450008392333984e+01,3.400000000000000000e+01
1.000000000000000000e+01,1.557450008392333984e+01,3.400000000000000000e+01
1.100000000000000000e+01,1.557450008392333984e+01,3.400000000000000000e+01
1.200000000000000000e+01,1.557450008392333984e+01,3.400000000000000000e+01
1.300000000000000000e+01,1.557450008392333984e+01,3.400000000000000000e+01
1.400000000000000000e+01,1.557450008392333984e+01,3.400000000000000000e+01
1.500000000000000000e+01,1.557450008392333984e+01,3.400000000000000000e+01
1.600000000000000000e+01,1.557450008392333984e+01,3.400000000000000000e+01
1.700000000000000000e+01,1.557450008392333984e+01,3.400000000000000000e+01
1.800000000000000000e+01,1.557450008392333984e+01,3.400000000000000000e+01
1.900000000000000000e+01,1.557450008392333984e+01,3.400000000000000000e+01
2.000000000000000000e+01,1.557450008392333984e+01,3.400000000000000000e+01
2.100000000000000000e+01,1.557450008392333984e+01,3.400000000000000000e+01
2.200000000000000000e+01,1.557450008392333984e+01,3.400000000000000000e+01
2.300000000000000000e+01,1.557450008392333984e+01,3.400000000000000000e+01
2.400000000000000000e+01,1.557450008392333984e+01,3.400000000000000000e+01
2.500000000000000000e+01,1.557450008392333984e+01,3.400000000000000000e+01
2.600000000000000000e+01,1.557450008392333984e+01,3.400000000000000000e+01
2.700000000000000000e+01,1.557450008392333984e+01,3.400000000000000000e+01
2.800000000000000000e+01,1.557450008392333984e+01,3.400000000000000000e+01
2.900000000000000000e+01,1.557450008392333984e+01,3.400000000000000000e+01
3.000000000000000000e+01,1.557450008392333984e+01,3.400000000000000000e+01
3.100000000000000000e+01,1.557450008392333984e+01,3.400000000000000000e+01
3.200000000000000000e+01,1.557450008392333984e+01,3.400000000000000000e+01
3.300000000000000000e+01,1.557450008392333984e+01,3.400000000000000000e+01
3.400000000000000000e+01,1.557450008392333984e+01,3.400000000000000000e+01
3.500000000000000000e+01,1.557450008392333984e+01,3.400000000000000000e+01
3.600000000000000000e+01,1.557450008392333984e+01,3.400000000000000000e+01
3.700000000000000000e+01,1.557450008392333984e+01,3.400000000000000000e+01
3.800000000000000000e+01,1.557450008392333984e+01,3.400000000000000000e+01
3.900000000000000000e+01,1.557450008392333984e+01,3.400000000000000000e+01
4.000000000000000000e+01,1.557450008392333984e+01,3.400000000000000000e+01
4.100000000000000000e+01,1.557450008392333984e+01,3.400000000000000000e+01
4.200000000000000000e+01,1.557450008392333984e+01,3.400000000000000000e+01
4.300000000000000000e+01,1.557450008392333984e+01,3.400000000000000000e+01
4.400000000000000000e+01,1.557450008392333984e+01,3.400000000000000000e+01
4.500000000000000000e+01,1.557450008392333984e+01,3.400000000000000000e+01
4.600000000000000000e+01,1.557450008392333984e+01,3.400000000000000000e+01
4.700000000000000000e+01,1.557450008392333984e+01,3.400000000000000000e+01
4.800000000000000000e+01,1.557450008392333984e+01,3.400000000000000000e+01
4.900000000000000000e+01,1.557450008392333984e+01,3.400000000000000000e+01
5.000000000000000000e+01,1.557450008392333984e+01,3.400000000000000000e+01
5.100000000000000000e+01,1.557450008392333984e+01,3.400000000000000000e+01
5.200000000000000000e+01,1.557450008392333984e+01,3.400000000000000000e+01
5.300000000000000000e+01,1.557450008392333984e+01,3.400000000000000000e+01
5.400000000000000000e+01,1.557450008392333984e+01,3.400000000000000000e+01
5.500000000000000000e+01,1.557450008392333984e+01,3.400000000000000000e+01
5.600000000000000000e+01,1.557450008392333984e+01,3.400000000000000000e+01
5.700000000000000000e+01,1.557450008392333984e+01,3.400000000000000000e+01
5.800000000000000000e+01,1.557450008392333984e+01,3.400000000000000000e+01
5.900000000000000000e+01,1.557450008392333984e+01,3.400000000000000000e+01
1.000000000000000000e+00,4.442549896240234375e+01,3.400000000000000000e+01
0.000000000000000000e+00,4.442549896240234375e+01,3.400000000000000000e+01
2.000000000000000000e+00,4.442549896240234375e+01,3.400000000000000000e+01
3.000000000000000000e+00,4.442549896240234375e+01,3.400000000000000000e+01
4.000000000000000000e+00,4.442549896240234375e+01,3.400000000000000000e+01
5.000000000000000000e+00,4.442549896240234375e+01,3.400000000000000000e+01
6.000000000000000000e+00,4.442549896240234375e+01,3.400000000000000000e+01
7.000000000000000000e+00,4.442549896240234375e+01,3.400000000000000000e+01
8.000000000000000000e+00,4.442549896240234375e+01,3.400000000000000000e+01
9.000000000000000000e+00,4.442549896240234375e+01,3.400000000000000000e+01
1.000000000000000000e+01,4.442549896240234375e+01,3.400000000000000000e+01
1.100000000000000000e+01,4.442549896240234375e+01,3.400000000000000000e+01
1.200000000000000000e+01,4.442549896240234375e+01,3.400000000000000000e+01
1.300000000000000000e+01,4.442549896240234375e+01,3.400000000000000000e+01
1.400000000000000000e+01,4.442549896240234375e+01,3.400000000000000000e+01
1.500000000000000000e+01,4.442549896240234375e+01,3.400000000000000000e+01
1.600000000000000000e+01,4.442549896240234375e+01,3.400000000000000000e+01
1.700000000000000000e+01,4.442549896240234375e+01,3.400000000000000000e+01
1.800000000000000000e+01,4.442549896240234375e+01,3.400000000000000000e+01
1.900000000000000000e+01,4.442549896240234375e+01,3.400000000000000000e+01
2.000000000000000000e+01,4.442549896240234375e+01,3.400000000000000000e+01
2.100000000000000000e+01,4.442549896240234375e+01,3.400000000000000000e+01
2.200000000000000000e+01,4.442549896240234375e+01,3.400000000000000000e+01
2.300000000000000000e+01,4.442549896240234375e+01,3.400000000000000000e+01
2.400000000000000000e+01,4.442549896240234375e+01,3.400000000000000000e+01
2.500000000000000000e+01,4.442549896240234375e+01,3.400000000000000000e+01
2.600000000000000000e+01,4.442549896240234375e+01,3.400000000000000000e+01
2.700000000000000000e+01,4.442549896240234375e+01,3.400000000000000000e+01
2.800000000000000000e+01,4.442549896240234375e+01,3.400000000000000000e+01
2.900000000000000000e+01,4.442549896240234375e+01,3.400000000000000000e+01
3.000000000000000000e+01,4.442549896240234375e+01,3.400000000000000000e+01
3.100000000000000000e+01,4.442549896240234375e+01,3.400000000000000000e+01
3.200000000000000000e+01,4.442549896240234375e+01,3.400000000000000000e+01
3.300000000000000000e+01,4.442549896240234375e+01,3.400000000000000000e+01
3.400000000000000000e+01,4.442549896240234375e+01,3.400000000000000000e+01
3.500000000000000000e+01,4.442549896240234375e+01,3.400000000000000000e+01
3.600000000000000000e+01,4.442549896240234375e+01,3.400000000000000000e+01
3.700000000000000000e+01,4.442549896240234375e+01,3.400000000000000000e+01
3.800000000000000000e+01,4.442549896240234375e+01,3.400000000000000000e+01
3.900000000000000000e+01,4.442549896240234375e+01,3.400000000000000000e+01
4.000000000000000000e+01,4.442549896240234375e+01,3.400000000000000000e+01
4.100000000000000000e+01,4.442549896240234375e+01,3.400000000000000000e+01
4.200000000000000000e+01,4.442549896240234375e+01,3.400000000000000000e+01
4.300000000000000000e+01,4.442549896240234375e+01,3.400000000000000000e+01
4.400000000000000000e+01,4.442549896240234375e+01,3.400000000000000000e+01
4.500000000000000000e+01,4.442549896240234375e+01,3.400000000000000000e+01
4.600000000000000000e+01,4.442549896240234375e+01,3.400000000000000000e+01
4.700000000000000000e+01,4.442549896240234375e+01,3.400000000000000000e+01
4.800000000000000000e+01,4.442549896240234375e+01,3.400000000000000000e+01
4.900000000000000000e+01,4.442549896240234375e+01,3.400000000000000000e+01
5.000000000000000000e+01,4.442549896240234375e+01,3.400000000000000000e+01
5.100000000000000000e+01,4.442549896240234375e+01,3.400000000000000000e+01
5.200000000000000000e+01,4.442549896240234375e+01,3.400000000000000000e+01
5.300000000000000000e+01,4.442549896240234375e+01,3.400000000000000000e+01
5.400000000000000000e+01,4.442549896240234375e+01,3.400000000000000000e+01
5.500000000000000000e+01,4.442549896240234375e+01,3.400000000000000000e+01
5.600000000000000000e+01,4.442549896240234375e+01,3.400000000000000000e+01
5.700000000000000000e+01,4.442549896240234375e+01,3.400000000000000000e+01
5.800000000000000000e+01,4.442549896240234375e+01,3.400000000000000000e+01
5.900000000000000000e+01,4.442549896240234375e+01,3.400000000000000000e+01
1.000000000000000000e+00,1.588609981536865234e+01,3.500000000000000000e+01
0.000000000000000000e+00,1.588609981536865234e+01,3.500000000000000000e+01
2.000000000000000000e+00,1.588609981536865234e+01,3.500000000000000000e+01
3.000000000000000000e+00,1.588609981536865234e+01,3.500000000000000000e+01
4.000000000000000000e+00,1.588609981536865234e+01,3.500000000000000000e+01
5.000000000000000000e+00,1.588609981536865234e+01,3.500000000000000000e+01
6.000000000000000000e+00,1.588609981536865234e+01,3.500000000000000000e+01
7.000000000000000000e+00,1.588609981536865234e+01,3.500000000000000000e+01
8.000000000000000000e+00,1.588609981536865234e+01,3.500000000000000000e+01
9.000000000000000000e+00,1.588609981536865234e+01,3.500000000000000000e+01
1.000000000000000000e+01,1.588609981536865234e+01,3.500000000000000000e+01
1.100000000000000000e+01,1.588609981536865234e+01,3.500000000000000000e+01
1.200000000000000000e+01,1.588609981536865234e+01,3.500000000000000000e+01
1.300000000000000000e+01,1.588609981536865234e+01,3.500000000000000000e+01
1.400000000000000000e+01,1.588609981536865234e+01,3.500000000000000000e+01
1.500000000000000000e+01,1.588609981536865234e+01,3.500000000000000000e+01
1.600000000000000000e+01,1.588609981536865234e+01,3.500000000000000000e+01
1.700000000000000000e+01,1.588609981536865234e+01,3.500000000000000000e+01
1.800000000000000000e+01,1.588609981536865234e+01,3.500000000000000000e+01
1.900000000000000000e+01,1.588609981536865234e+01,3.500000000000000000e+01
2.000000000000000000e+01,1.588609981536865234e+01,3.500000000000000000e+01
2.100000000000000000e+01,1.588609981536865234e+01,3.500000000000000000e+01
2.200000000000000000e+01,1.588609981536865234e+01,3.500000000000000000e+01
2.300000000000000000e+01,1.588609981536865234e+01,3.500000000000000000e+01
2.400000000000000000e+01,1.588609981536865234e+01,3.500000000000000000e+01
2.500000000000000000e+01,1.588609981536865234e+01,3.500000000000000000e+01
2.600000000000000000e+01,1.588609981536865234e+01,3.500000000000000000e+01
2.700000000000000000e+01,1.588609981536865234e+01,3.500000000000000000e+01
2.800000000000000000e+01,1.588609981536865234e+01,3.500000000000000000e+01
2.900000000000000000e+01,1.588609981536865234e+01,3.500000000000000000e+01
3.000000000000000000e+01,1.588609981536865234e+01,3.500000000000000000e+01
3.100000000000000000e+01,1.588609981536865234e+01,3.500000000000000000e+01
3.200000000000000000e+01,1.588609981536865234e+01,3.500000000000000000e+01
3.300000000000000000e+01,1.588609981536865234e+01,3.500000000000000000e+01
3.400000000000000000e+01,1.588609981536865234e+01,3.500000000000000000e+01
3.500000000000000000e+01,1.588609981536865234e+01,3.500000000000000000e+01
3.600000000000000000e+01,1.588609981536865234e+01,3.500000000000000000e+01
3.700000000000000000e+01,1.588609981536865234e+01,3.500000000000000000e+01
3.800000000000000000e+01,1.588609981536865234e+01,3.500000000000000000e+01
3.900000000000000000e+01,1.588609981536865234e+01,3.500000000000000000e+01
4.000000000000000000e+01,1.588609981536865234e+01,3.500000000000000000e+01
4.100000000000000000e+01,1.588609981536865234e+01,3.500000000000000000e+01
4.200000000000000000e+01,1.588609981536865234e+01,3.500000000000000000e+01
4.300000000000000000e+01,1.588609981536865234e+01,3.500000000000000000e+01
4.400000000000000000e+01,1.588609981536865234e+01,3.500000000000000000e+01
4.500000000000000000e+01,1.588609981536865234e+01,3.500000000000000000e+01
4.600000000000000000e+01,1.588609981536865234e+01,3.500000000000000000e+01
4.700000000000000000e+01,1.588609981536865234e+01,3.500000000000000000e+01
4.800000000000000000e+01,1.588609981536865234e+01,3.500000000000000000e+01
4.900000000000000000e+01,1.588609981536865234e+01,3.500000000000000000e+01
5.000000000000000000e+01,1.588609981536865234e+01,3.500000000000000000e+01
5.100000000000000000e+01,1.588609981536865234e+01,3.500000000000000000e+01
5.200000000000000000e+01,1.588609981536865234e+01,3.500000000000000000e+01
5.300000000000000000e+01,1.588609981536865234e+01,3.500000000000000000e+01
5.400000000000000000e+01,1.588609981536865234e+01,3.500000000000000000e+01
5.500000000000000000e+01,1.588609981536865234e+01,3.500000000000000000e+01
5.600000000000000000e+01,1.588609981536865234e+01,3.500000000000000000e+01
5.700000000000000000e+01,1.588609981536865234e+01,3.500000000000000000e+01
5.800000000000000000e+01,1.588609981536865234e+01,3.500000000000000000e+01
5.900000000000000000e+01,1.588609981536865234e+01,3.500000000000000000e+01
1.000000000000000000e+00,4.411389923095703125e+01,3.500000000000000000e+01
0.000000000000000000e+00,4.411389923095703125e+01,3.500000000000000000e+01
2.000000000000000000e+00,4.411389923095703125e+01,3.500000000000000000e+01
3.000000000000000000e+00,4.411389923095703125e+01,3.500000000000000000e+01
4.000000000000000000e+00,4.411389923095703125e+01,3.500000000000000000e+01
5.000000000000000000e+00,4.411389923095703125e+01,3.500000000000000000e+01
6.000000000000000000e+00,4.411389923095703125e+01,3.500000000000000000e+01
7.000000000000000000e+00,4.411389923095703125e+01,3.500000000000000000e+01
8.000000000000000000e+00,4.411389923095703125e+01,3.500000000000000000e+01
9.000000000000000000e+00,4.411389923095703125e+01,3.500000000000000000e+01
1.000000000000000000e+01,4.411389923095703125e+01,3.500000000000000000e+01
1.100000000000000000e+01,4.411389923095703125e+01,3.500000000000000000e+01
1.200000000000000000e+01,4.411389923095703125e+01,3.500000000000000000e+01
1.300000000000000000e+01,4.411389923095703125e+01,3.500000000000000000e+01
1.400000000000000000e+01,4.411389923095703125e+01,3.500000000000000000e+01
1.500000000000000000e+01,4.411389923095703125e+01,3.500000000000000000e+01
1.600000000000000000e+01,4.411389923095703125e+01,3.500000000000000000e+01
1.700000000000000000e+01,4.411389923095703125e+01,3.500000000000000000e+01
1.800000000000000000e+01,4.411389923095703125e+01,3.500000000000000000e+01
1.900000000000000000e+01,4.411389923095703125e+01,3.500000000000000000e+01
2.000000000000000000e+01,4.411389923095703125e+01,3.500000000000000000e+01
2.100000000000000000e+01,4.411389923095703125e+01,3.500000000000000000e+01
2.200000000000000000e+01,4.411389923095703125e+01,3.500000000000000000e+01
2.300000000000000000e+01,4.411389923095703125e+01,3.500000000000000000e+01
2.400000000000000000e+01,4.411389923095703125e+01,3.500000000000000000e+01
2.500000000000000000e+01,4.411389923095703125e+01,3.500000000000000000e+01
2.600000000000000000e+01,4.411389923095703125e+01,3.500000000000000000e+01
2.700000000000000000e+01,4.411389923095703125e+01,3.500000000000000000e+01
2.800000000000000000e+01,4.411389923095703125e+01,3.500000000000000000e+01
2.900000000000000000e+01,4.411389923095703125e+01,3.500000000000000000e+01
3.000000000000000000e+01,4.411389923095703125e+01,3.500000000000000000e+01
3.100000000000000000e+01,4.411389923095703125e+01,3.500000000000000000e+01
3.200000000000000000e+01,4.411389923095703125e+01,3.500000000000000000e+01
3.300000000000000000e+01,4.411389923095703125e+01,3.500000000000000000e+01
3.400000000000000000e+01,4.411389923095703125e+01,3.500000000000000000e+01
3.500000000000000000e+01,4.411389923095703125e+01,3.500000000000000000e+01
3.600000000000000000e+01,4.411389923095703125e+01,3.500000000000000000e+01
3.700000000000000000e+01,4.411389923095703125e+01,3.500000000000000000e+01
3.800000000000000000e+01,4.411389923095703125e+01,3.500000000000000000e+01
3.900000000000000000e+01,4.411389923095703125e+01,3.500000000000000000e+01
4.000000000000000000e+01,4.411389923095703125e+01,3.500000000000000000e+01
4.100000000000000000e+01,4.411389923095703125e+01,3.500000000000000000e+01
4.200000000000000000e+01,4.411389923095703125e+01,3.500000000000000000e+01
4.300000000000000000e+01,4.411389923095703125e+01,3.500000000000000000e+01
4.400000000000000000e+01,4.411389923095703125e+01,3.500000000000000000e+01
4.500000000000000000e+01,4.411389923095703125e+01,3.500000000000000000e+01
4.600000000000000000e+01,4.411389923095703125e+01,3.500000000000000000e+01
4.700000000000000000e+01,4.411389923095703125e+01,3.500000000000000000e+01
4.800000000000000000e+01,4.411389923095703125e+01,3.500000000000000000e+01
4.900000000000000000e+01,4.411389923095703125e+01,3.500000000000000000e+01
5.000000000000000000e+01,4.411389923095703125e+01,3.500000000000000000e+01
5.100000000000000000e+01,4.411389923095703125e+01,3.500000000000000000e+01
5.200000000000000000e+01,4.411389923095703125e+01,3.500000000000000000e+01
5.300000000000000000e+01,4.411389923095703125e+01,3.500000000000000000e+01
5.400000000000000000e+01,4.411389923095703125e+01,3.500000000000000000e+01
5.500000000000000000e+01,4.411389923095703125e+01,3.500000000000000000e+01
5.600000000000000000e+01,4.411389923095703125e+01,3.500000000000000000e+01
5.700000000000000000e+01,4.411389923095703125e+01,3.500000000000000000e+01
5.800000000000000000e+01,4.411389923095703125e+01,3.500000000000000000e+01
5.900000000000000000e+01,4.411389923095703125e+01,3.500000000000000000e+01
1.000000000000000000e+00,1.600000000000000000e+01,3.527679824829101562e+01
0.000000000000000000e+00,1.600000000000000000e+01,3.527679824829101562e+01
2.000000000000000000e+00,1.600000000000000000e+01,3.527679824829101562e+01
3.000000000000000000e+00,1.600000000000000000e+01,3.527679824829101562e+01
4.000000000000000000e+00,1.600000000000000000e+01,3.527679824829101562e+01
5.000000000000000000e+00,1.600000000000000000e+01,3.527679824829101562e+01
6.000000000000000000e+00,1.600000000000000000e+01,3.527679824829101562e+01
7.000000000000000000e+00,1.600000000000000000e+01,3.527679824829101562e+01
8.000000000000000000e+00,1.600000000000000000e+01,3.527679824829101562e+01
9.000000000000000000e+00,1.600000000000000000e+01,3.527679824829101562e+01
1.000000000000000000e+01,1.600000000000000000e+01,3.527679824829101562e+01
1.100000000000000000e+01,1.600000000000000000e+01,3.527679824829101562e+01
1.200000000000000000e+01,1.600000000000000000e+01,3.527679824829101562e+01
1.300000000000000000e+01,1.600000000000000000e+01,3.527679824829101562e+01
1.400000000000000000e+01,1.600000000000000000e+01,3.527679824829101562e+01
1.500000000000000000e+01,1.600000000000000000e+01,3.527679824829101562e+01
1.600000000000000000e+01,1.600000000000000000e+01,3.527679824829101562e+01
1.700000000000000000e+01,1.600000000000000000e+01,3.527679824829101562e+01
1.800000000000000000e+01,1.600000000000000000e+01,3.527679824829101562e+01
1.900000000000000000e+01,1.600000000000000000e+01,3.527679824829101562e+01
2.000000000000000000e+01,1.600000000000000000e+01,3.527679824829101562e+01
2.100000000000000000e+01,1.600000000000000000e+01,3.527679824829101562e+01
2.200000000000000000e+01,1.600000000000000000e+01,3.527679824829101562e+01
2.300000000000000000e+01,1.600000000000000000e+01,3.527679824829101562e+01
2.400000000000000000e+01,1.600000000000000000e+01,3.527679824829101562e+01
2.500000000000000000e+01,1.600000000000000000e+01,3.527679824829101562e+01
2.600000000000000000e+01,1.600000000000000000e+01,3.527679824829101562e+01
2.700000000000000000e+01,1.600000000000000000e+01,3.527679824829101562e+01
2.800000000000000000e+01,1.600000000000000000e+01,3.527679824829101562e+01
2.900000000000000000e+01,1.600000000000000000e+01,3.527679824829101562e+01
3.000000000000000000e+01,1.600000000000000000e+01,3.527679824829101562e+01
3.100000000000000000e+01,1.600000000000000000e+01,3.527679824829101562e+01
3.200000000000000000e+01,1.600000000000000000e+01,3.527679824829101562e+01
3.300000000000000000e+01,1.600000000000000000e+01,3.527679824829101562e+01
3.400000000000000000e+01,1.600000000000000000e+01,3.527679824829101562e+01
3.500000000000000000e+01,1.600000000000000000e+01,3.527679824829101562e+01
3.600000000000000000e+01,1.600000000000000000e+01,3.527679824829101562e+01
3.700000000000000000e+01,1.600000000000000000e+01,3.527679824829101562e+01
3.800000000000000000e+01,1.600000000000000000e+01,3.527679824829101562e+01
3.900000000000000000e+01,1.600000000000000000e+01,3.527679824829101562e+01
4.000000000000000000e+01,1.600000000000000000e+01,3.527679824829101562e+01
4.100000000000000000e+01,1.600000000000000000e+01,3.527679824829101562e+01
4.200000000000000000e+01,1.600000000000000000e+01,3.527679824829101562e+01
4.300000000000000000e+01,1.600000000000000000e+01,3.527679824829101562e+01
4.400000000000000000e+01,1.600000000000000000e+01,3.527679824829101562e+01
4.500000000000000000e+01,1.600000000000000000e+01,3.527679824829101562e+01
4.600000000000000000e+01,1.600000000000000000e+01,3.527679824829101562e+01
4.700000000000000000e+01,1.600000000000000000e+01,3.527679824829101562e+01
4.800000000000000000e+01,1.600000000000000000e+01,3.527679824829101562e+01
4.900000000000000000e+01,1.600000000000000000e+01,3.527679824829101562e+01
5.000000000000000000e+01,1.600000000000000000e+01,3.527679824829101562e+01
5.100000000000000000e+01,1.600000000000000000e+01,3.527679824829101562e+01
5.200000000000000000e+01,1.600000000000000000e+01,3.527679824829101562e+01
5.300000000000000000e+01,1.600000000000000000e+01,3.527679824829101562e+01
5.400000000000000000e+01,1.600000000000000000e+01,3.527679824829101562e+01
5.500000000000000000e+01,1.600000000000000000e+01,3.527679824829101562e+01
5.600000000000000000e+01,1.600000000000000000e+01,3.527679824829101562e+01
5.700000000000000000e+01,1.600000000000000000e+01,3.527679824829101562e+01
5.800000000000000000e+01,1.600000000000000000e+01,3.527679824829101562e+01
5.900000000000000000e+01,1.600000000000000000e+01,3.527679824829101562e+01
0.000000000000000000e+00,1.629780006408691406e+01,3.600000000000000000e+01
1.000000000000000000e+00,1.629780006408691406e+01,3.600000000000000000e+01
2.000000000000000000e+00,1.629780006408691406e+01,3.600000000000000000e+01
3.000000000000000000e+00,1.629780006408691406e+01,3.600000000000000000e+01
4.000000000000000000e+00,1.629780006408691406e+01,3.600000000000000000e+01
5.000000000000000000e+00,1.629780006408691406e+01,3.600000000000000000e+01
6.000000000000000000e+00,1.629780006408691406e+01,3.600000000000000000e+01
7.000000000000000000e+00,1.629780006408691406e+01,3.600000000000000000e+01
8.000000000000000000e+00,1.629780006408691406e+01,3.600000000000000000e+01
9.000000000000000000e+00,1.629780006408691406e+01,3.600000000000000000e+01
1.000000000000000000e+01,1.629780006408691406e+01,3.600000000000000000e+01
1.100000000000000000e+01,1.629780006408691406e+01,3.600000000000000000e+01
1.200000000000000000e+01,1.629780006408691406e+01,3.600000000000000000e+01
1.300000000000000000e+01,1.629780006408691406e+01,3.600000000000000000e+01
1.400000000000000000e+01,1.629780006408691406e+01,3.600000000000000000e+01
1.500000000000000000e+01,1.629780006408691406e+01,3.600000000000000000e+01
1.600000000000000000e+01,1.629780006408691406e+01,3.600000000000000000e+01
1.700000000000000000e+01,1.629780006408691406e+01,3.600000000000000000e+01
1.800000000000000000e+01,1.629780006408691406e+01,3.600000000000000000e+01
1.900000000000000000e+01,1.629780006408691406e+01,3.600000000000000000e+01
2.000000000000000000e+01,1.629780006408691406e+01,3.600000000000000000e+01
2.100000000000000000e+01,1.629780006408691406e+01,3.600000000000000000e+01
2.200000000000000000e+01,1.629780006408691406e+01,3.600000000000000000e+01
2.300000000000000000e+01,1.629780006408691406e+01,3.600000000000000000e+01
2.400000000000000000e+01,1.629780006408691406e+01,3.600000000000000000e+01
2.500000000000000000e+01,1.629780006408691406e+01,3.600000000000000000e+01
2.600000000000000000e+01,1.629780006408691406e+01,3.600000000000000000e+01
2.700000000000000000e+01,1.629780006408691406e+01,3.600000000000000000e+01
2.800000000000000000e+01,1.629780006408691406e+01,3.600000000000000000e+01
2.900000000000000000e+01,1.629780006408691406e+01,3.600000000000000000e+01
3.000000000000000000e+01,1.629780006408691406e+01,3.600000000000000000e+01
3.100000000000000000e+01,1.629780006408691406e+01,3.600000000000000000e+01
3.200000000000000000e+01,1.629780006408691406e+01,3.600000000000000000e+01
3.300000000000000000e+01,1.629780006408691406e+01,3.600000000000000000e+01
3.400000000000000000e+01,1.629780006408691406e+01,3.600000000000000000e+01
3.500000000000000000e+01,1.629780006408691406e+01,3.600000000000000000e+01
3.600000000000000000e+01,1.629780006408691406e+01,3.600000000000000000e+01
3.700000000000000000e+01,1.629780006408691406e+01,3.600000000000000000e+01
3.800000000000000000e+01,1.629780006408691406e+01,3.600000000000000000e+01
3.900000000000000000e+01,1.629780006408691406e+01,3.600000000000000000e+01
4.000000000000000000e+01,1.629780006408691406e+01,3.600000000000000000e+01
4.100000000000000000e+01,1.629780006408691406e+01,3.600000000000000000e+01
4.200000000000000000e+01,1.629780006408691406e+01,3.600000000000000000e+01
4.300000000000000000e+01,1.629780006408691406e+01,3.600000000000000000e+01
4.400000000000000000e+01,1.629780006408691406e+01,3.600000000000000000e+01
4.500000000000000000e+01,1.629780006408691406e+01,3.600000000000000000e+01
4.600000000000000000e+01,1.629780006408691406e+01,3.600000000000000000e+01
4.700000000000000000e+01,1.629780006408691406e+01,3.600000000000000000e+01
4.800000000000000000e+01,1.629780006408691406e+01,3.600000000000000000e+01
4.900000000000000000e+01,1.629780006408691406e+01,3.600000000000000000e+01
5.000000000000000000e+01,1.629780006408691406e+01,3.600000000000000000e+01
5.100000000000000000e+01,1.629780006408691406e+01,3.600000000000000000e+01
5.200000000000000000e+01,1.629780006408691406e+01,3.600000000000000000e+01
5.300000000000000000e+01,1.629780006408691406e+01,3.600000000000000000e+01
5.400000000000000000e+01,1.629780006408691406e+01,3.600000000000000000e+01
5.500000000000000000e+01,1.629780006408691406e+01,3.600000000000000000e+01
5.600000000000000000e+01,1.629780006408691406e+01,3.600000000000000000e+01
5.700000000000000000e+01,1.629780006408691406e+01,3.600000000000000000e+01
5.800000000000000000e+01,1.629780006408691406e+01,3.600000000000000000e+01
5.900000000000000000e+01,1.629780006408691406e+01,3.600000000000000000e+01
0.000000000000000000e+00,4.400000000000000000e+01,3.527679824829101562e+01
1.000000000000000000e+00,4.370220184326171875e+01,3.600000000000000000e+01
1.000000000000000000e+00,4.400000000000000000e+01,3.527679824829101562e+01
0.000000000000000000e+00,4.370220184326171875e+01,3.600000000000000000e+01
2.000000000000000000e+00,4.370220184326171875e+01,3.600000000000000000e+01
2.000000000000000000e+00,4.400000000000000000e+01,3.527679824829101562e+01
3.000000000000000000e+00,4.370220184326171875e+01,3.600000000000000000e+01
3.000000000000000000e+00,4.400000000000000000e+01,3.527679824829101562e+01
4.000000000000000000e+00,4.370220184326171875e+01,3.600000000000000000e+01
4.000000000000000000e+00,4.400000000000000000e+01,3.527679824829101562e+01
5.000000000000000000e+00,4.370220184326171875e+01,3.600000000000000000e+01
5.000000000000000000e+00,4.400000000000000000e+01,3.527679824829101562e+01
6.000000000000000000e+00,4.370220184326171875e+01,3.600000000000000000e+01
6.000000000000000000e+00,4.400000000000000000e+01,3.527679824829101562e+01
7.000000000000000000e+00,4.370220184326171875e+01,3.600000000000000000e+01
7.000000000000000000e+00,4.400000000000000000e+01,3.527679824829101562e+01
8.000000000000000000e+00,4.370220184326171875e+01,3.600000000000000000e+01
8.000000000000000000e+00,4.400000000000000000e+01,3.527679824829101562e+01
9.000000000000000000e+00,4.370220184326171875e+01,3.600000000000000000e+01
9.000000000000000000e+00,4.400000000000000000e+01,3.527679824829101562e+01
1.000000000000000000e+01,4.370220184326171875e+01,3.600000000000000000e+01
1.000000000000000000e+01,4.400000000000000000e+01,3.527679824829101562e+01
1.100000000000000000e+01,4.370220184326171875e+01,3.600000000000000000e+01
1.100000000000000000e+01,4.400000000000000000e+01,3.527679824829101562e+01
1.200000000000000000e+01,4.370220184326171875e+01,3.600000000000000000e+01
1.200000000000000000e+01,4.400000000000000000e+01,3.527679824829101562e+01
1.300000000000000000e+01,4.370220184326171875e+01,3.600000000000000000e+01
1.300000000000000000e+01,4.400000000000000000e+01,3.527679824829101562e+01
1.400000000000000000e+01,4.370220184326171875e+01,3.600000000000000000e+01
1.400000000000000000e+01,4.400000000000000000e+01,3.527679824829101562e+01
1.500000000000000000e+01,4.370220184326171875e+01,3.600000000000000000e+01
1.500000000000000000e+01,4.400000000000000000e+01,3.527679824829101562e+01
1.600000000000000000e+01,4.370220184326171875e+01,3.600000000000000000e+01
1.600000000000000000e+01,4.400000000000000000e+01,3.527679824829101562e+01
1.700000000000000000e+01,4.370220184326171875e+01,3.600000000000000000e+01
1.700000000000000000e+01,4.400000000000000000e+01,3.527679824829101562e+01
1.800000000000000000e+01,4.370220184326171875e+01,3.600000000000000000e+01
1.800000000000000000e+01,4.400000000000000000e+01,3.527679824829101562e+01
1.900000000000000000e+01,4.370220184326171875e+01,3.600000000000000000e+01
1.900000000000000000e+01,4.400000000000000000e+01,3.527679824829101562e+01
2.000000000000000000e+01,4.370220184326171875e+01,3.600000000000000000e+01
2.000000000000000000e+01,4.400000000000000000e+01,3.527679824829101562e+01
2.100000000000000000e+01,4.370220184326171875e+01,3.600000000000000000e+01
2.100000000000000000e+01,4.400000000000000000e+01,3.527679824829101562e+01
2.200000000000000000e+01,4.370220184326171875e+01,3.600000000000000000e+01
2.200000000000000000e+01,4.400000000000000000e+01,3.527679824829101562e+01
2.300000000000000000e+01,4.370220184326171875e+01,3.600000000000000000e+01
2.300000000000000000e+01,4.400000000000000000e+01,3.527679824829101562e+01
2.400000000000000000e+01,4.370220184326171875e+01,3.600000000000000000e+01
2.400000000000000000e+01,4.400000000000000000e+01,3.527679824829101562e+01
2.500000000000000000e+01,4.370220184326171875e+01,3.600000000000000000e+01
2.500000000000000000e+01,4.400000000000000000e+01,3.527679824829101562e+01
2.600000000000000000e+01,4.370220184326171875e+01,3.600000000000000000e+01
2.600000000000000000e+01,4.400000000000000000e+01,3.527679824829101562e+01
2.700000000000000000e+01,4.370220184326171875e+01,3.600000000000000000e+01
2.700000000000000000e+01,4.400000000000000000e+01,3.527679824829101562e+01
2.800000000000000000e+01,4.370220184326171875e+01,3.600000000000000000e+01
2.800000000000000000e+01,4.400000000000000000e+01,3.527679824829101562e+01
2.900000000000000000e+01,4.370220184326171875e+01,3.600000000000000000e+01
2.900000000000000000e+01,4.400000000000000000e+01,3.527679824829101562e+01
3.000000000000000000e+01,4.370220184326171875e+01,3.600000000000000000e+01
3.000000000000000000e+01,4.400000000000000000e+01,3.527679824829101562e+01
3.100000000000000000e+01,4.370220184326171875e+01,3.600000000000000000e+01
3.100000000000000000e+01,4.400000000000000000e+01,3.527679824829101562e+01
3.200000000000000000e+01,4.370220184326171875e+01,3.600000000000000000e+01
3.200000000000000000e+01,4.400000000000000000e+01,3.527679824829101562e+01
3.300000000000000000e+01,4.370220184326171875e+01,3.600000000000000000e+01
3.300000000000000000e+01,4.400000000000000000e+01,3.527679824829101562e+01
3.400000000000000000e+01,4.370220184326171875e+01,3.600000000000000000e+01
3.400000000000000000e+01,4.400000000000000000e+01,3.527679824829101562e+01
3.500000000000000000e+01,4.370220184326171875e+01,3.600000000000000000e+01
3.500000000000000000e+01,4.400000000000000000e+01,3.527679824829101562e+01
3.600000000000000000e+01,4.370220184326171875e+01,3.600000000000000000e+01
3.600000000000000000e+01,4.400000000000000000e+01,3.527679824829101562e+01
3.700000000000000000e+01,4.370220184326171875e+01,3.600000000000000000e+01
3.700000000000000000e+01,4.400000000000000000e+01,3.527679824829101562e+01
3.800000000000000000e+01,4.370220184326171875e+01,3.600000000000000000e+01
3.800000000000000000e+01,4.400000000000000000e+01,3.527679824829101562e+01
3.900000000000000000e+01,4.370220184326171875e+01,3.600000000000000000e+01
3.900000000000000000e+01,4.400000000000000000e+01,3.527679824829101562e+01
4.000000000000000000e+01,4.370220184326171875e+01,3.600000000000000000e+01
4.000000000000000000e+01,4.400000000000000000e+01,3.527679824829101562e+01
4.100000000000000000e+01,4.370220184326171875e+01,3.600000000000000000e+01
4.100000000000000000e+01,4.400000000000000000e+01,3.527679824829101562e+01
4.200000000000000000e+01,4.370220184326171875e+01,3.600000000000000000e+01
4.200000000000000000e+01,4.400000000000000000e+01,3.527679824829101562e+01
4.300000000000000000e+01,4.370220184326171875e+01,3.600000000000000000e+01
4.300000000000000000e+01,4.400000000000000000e+01,3.527679824829101562e+01
4.400000000000000000e+01,4.370220184326171875e+01,3.600000000000000000e+01
4.400000000000000000e+01,4.400000000000000000e+01,3.527679824829101562e+01
4.500000000000000000e+01,4.370220184326171875e+01,3.600000000000000000e+01
4.500000000000000000e+01,4.400000000000000000e+01,3.527679824829101562e+01
4.600000000000000000e+01,4.370220184326171875e+01,3.600000000000000000e+01
4.600000000000000000e+01,4.400000000000000000e+01,3.527679824829101562e+01
4.700000000000000000e+01,4.370220184326171875e+01,3.600000000000000000e+01
4.700000000000000000e+01,4.400000000000000000e+01,3.527679824829101562e+01
4.800000000000000000e+01,4.370220184326171875e+01,3.600000000000000000e+01
4.800000000000000000e+01,4.400000000000000000e+01,3.527679824829101562e+01
4.900000000000000000e+01,4.370220184326171875e+01,3.600000000000000000e+01
4.900000000000000000e+01,4.400000000000000000e+01,3.527679824829101562e+01
5.000000000000000000e+01,4.370220184326171875e+01,3.600000000000000000e+01
5.000000000000000000e+01,4.400000000000000000e+01,3.527679824829101562e+01
5.100000000000000000e+01,4.370220184326171875e+01,3.600000000000000000e+01
5.100000000000000000e+01,4.400000000000000000e+01,3.527679824829101562e+01
5.200000000000000000e+01,4.370220184326171875e+01,3.600000000000000000e+01
5.200000000000000000e+01,4.400000000000000000e+01,3.527679824829101562e+01
5.300000000000000000e+01,4.370220184326171875e+01,3.600000000000000000e+01
5.300000000000000000e+01,4.400000000000000000e+01,3.527679824829101562e+01
5.400000000000000000e+01,4.370220184326171875e+01,3.600000000000000000e+01
5.400000000000000000e+01,4.400000000000000000e+01,3.527679824829101562e+01
5.500000000000000000e+01,4.370220184326171875e+01,3.600000000000000000e+01
5.500000000000000000e+01,4.400000000000000000e+01,3.527679824829101562e+01
5.600000000000000000e+01,4.370220184326171875e+01,3.600000000000000000e+01
5.600000000000000000e+01,4.400000000000000000e+01,3.527679824829101562e+01
5.700000000000000000e+01,4.370220184326171875e+01,3.600000000000000000e+01
5.700000000000000000e+01,4.400000000000000000e+01,3.527679824829101562e+01
5.800000000000000000e+01,4.370220184326171875e+01,3.600000000000000000e+01
5.800000000000000000e+01,4.400000000000000000e+01,3.527679824829101562e+01
5.900000000000000000e+01,4.370220184326171875e+01,3.600000000000000000e+01
5.900000000000000000e+01,4.400000000000000000e+01,3.527679824829101562e+01
1.000000000000000000e+00,1.676429939270019531e+01,3.700000000000000000e+01
0.000000000000000000e+00,1.676429939270019531e+01,3.700000000000000000e+01
2.000000000000000000e+00,1.676429939270019531e+01,3.700000000000000000e+01
3.000000000000000000e+00,1.676429939270019531e+01,3.700000000000000000e+01
4.000000000000000000e+00,1.676429939270019531e+01,3.700000000000000000e+01
5.000000000000000000e+00,1.676429939270019531e+01,3.700000000000000000e+01
6.000000000000000000e+00,1.676429939270019531e+01,3.700000000000000000e+01
7.000000000000000000e+00,1.676429939270019531e+01,3.700000000000000000e+01
8.000000000000000000e+00,1.676429939270019531e+01,3.700000000000000000e+01
9.000000000000000000e+00,1.676429939270019531e+01,3.700000000000000000e+01
1.000000000000000000e+01,1.676429939270019531e+01,3.700000000000000000e+01
1.100000000000000000e+01,1.676429939270019531e+01,3.700000000000000000e+01
1.200000000000000000e+01,1.676429939270019531e+01,3.700000000000000000e+01
1.300000000000000000e+01,1.676429939270019531e+01,3.700000000000000000e+01
1.400000000000000000e+01,1.676429939270019531e+01,3.700000000000000000e+01
1.500000000000000000e+01,1.676429939270019531e+01,3.700000000000000000e+01
1.600000000000000000e+01,1.676429939270019531e+01,3.700000000000000000e+01
1.700000000000000000e+01,1.676429939270019531e+01,3.700000000000000000e+01
1.800000000000000000e+01,1.676429939270019531e+01,3.700000000000000000e+01
1.900000000000000000e+01,1.676429939270019531e+01,3.700000000000000000e+01
2.000000000000000000e+01,1.676429939270019531e+01,3.700000000000000000e+01
2.100000000000000000e+01,1.676429939270019531e+01,3.700000000000000000e+01
2.200000000000000000e+01,1.676429939270019531e+01,3.700000000000000000e+01
2.300000000000000000e+01,1.676429939270019531e+01,3.700000000000000000e+01
2.400000000000000000e+01,1.676429939270019531e+01,3.700000000000000000e+01
2.500000000000000000e+01,1.676429939270019531e+01,3.700000000000000000e+01
2.600000000000000000e+01,1.676429939270019531e+01,3.700000000000000000e+01
2.700000000000000000e+01,1.676429939270019531e+01,3.700000000000000000e+01
2.800000000000000000e+01,1.676429939270019531e+01,3.700000000000000000e+01
2.900000000000000000e+01,1.676429939270019531e+01,3.700000000000000000e+01
3.000000000000000000e+01,1.676429939270019531e+01,3.700000000000000000e+01
3.100000000000000000e+01,1.676429939270019531e+01,3.700000000000000000e+01
3.200000000000000000e+01,1.676429939270019531e+01,3.700000000000000000e+01
3.300000000000000000e+01,1.676429939270019531e+01,3.700000000000000000e+01
3.400000000000000000e+01,1.676429939270019531e+01,3.700000000000000000e+01
3.500000000000000000e+01,1.676429939270019531e+01,3.700000000000000000e+01
3.600000000000000000e+01,1.676429939270019531e+01,3.700000000000000000e+01
3.700000000000000000e+01,1.676429939270019531e+01,3.700000000000000000e+01
3.800000000000000000e+01,1.676429939270019531e+01,3.700000000000000000e+01
3.900000000000000000e+01,1.676429939270019531e+01,3.700000000000000000e+01
4.000000000000000000e+01,1.676429939270019531e+01,3.700000000000000000e+01
4.100000000000000000e+01,1.676429939270019531e+01,3.700000000000000000e+01
4.200000000000000000e+01,1.676429939270019531e+01,3.700000000000000000e+01
4.300000000000000000e+01,1.676429939270019531e+01,3.700000000000000000e+01
4.400000000000000000e+01,1.676429939270019531e+01,3.700000000000000000e+01
4.500000000000000000e+01,1.676429939270019531e+01,3.700000000000000000e+01
4.600000000000000000e+01,1.676429939270019531e+01,3.700000000000000000e+01
4.700000000000000000e+01,1.676429939270019531e+01,3.700000000000000000e+01
4.800000000000000000e+01,1.676429939270019531e+01,3.700000000000000000e+01
4.900000000000000000e+01,1.676429939270019531e+01,3.700000000000000000e+01
5.000000000000000000e+01,1.676429939270019531e+01,3.700000000000000000e+01
5.100000000000000000e+01,1.676429939270019531e+01,3.700000000000000000e+01
5.200000000000000000e+01,1.676429939270019531e+01,3.700000000000000000e+01
5.300000000000000000e+01,1.676429939270019531e+01,3.700000000000000000e+01
5.400000000000000000e+01,1.676429939270019531e+01,3.700000000000000000e+01
5.500000000000000000e+01,1.676429939270019531e+01,3.700000000000000000e+01
5.600000000000000000e+01,1.676429939270019531e+01,3.700000000000000000e+01
5.700000000000000000e+01,1.676429939270019531e+01,3.700000000000000000e+01
5.800000000000000000e+01,1.676429939270019531e+01,3.700000000000000000e+01
5.900000000000000000e+01,1.676429939270019531e+01,3.700000000000000000e+01
1.000000000000000000e+00,4.323569869995117188e+01,3.700000000000000000e+01
0.000000000000000000e+00,4.323569869995117188e+01,3.700000000000000000e+01
2.000000000000000000e+00,4.323569869995117188e+01,3.700000000000000000e+01
3.000000000000000000e+00,4.323569869995117188e+01,3.700000000000000000e+01
4.000000000000000000e+00,4.323569869995117188e+01,3.700000000000000000e+01
5.000000000000000000e+00,4.323569869995117188e+01,3.700000000000000000e+01
6.000000000000000000e+00,4.323569869995117188e+01,3.700000000000000000e+01
7.000000000000000000e+00,4.323569869995117188e+01,3.700000000000000000e+01
8.000000000000000000e+00,4.323569869995117188e+01,3.700000000000000000e+01
9.000000000000000000e+00,4.323569869995117188e+01,3.700000000000000000e+01
1.000000000000000000e+01,4.323569869995117188e+01,3.700000000000000000e+01
1.100000000000000000e+01,4.323569869995117188e+01,3.700000000000000000e+01
1.200000000000000000e+01,4.323569869995117188e+01,3.700000000000000000e+01
1.300000000000000000e+01,4.323569869995117188e+01,3.700000000000000000e+01
1.400000000000000000e+01,4.323569869995117188e+01,3.700000000000000000e+01
1.500000000000000000e+01,4.323569869995117188e+01,3.700000000000000000e+01
1.600000000000000000e+01,4.323569869995117188e+01,3.700000000000000000e+01
1.700000000000000000e+01,4.323569869995117188e+01,3.700000000000000000e+01
1.800000000000000000e+01,4.323569869995117188e+01,3.700000000000000000e+01
1.900000000000000000e+01,4.323569869995117188e+01,3.700000000000000000e+01
2.000000000000000000e+01,4.323569869995117188e+01,3.700000000000000000e+01
2.100000000000000000e+01,4.323569869995117188e+01,3.700000000000000000e+01
2.200000000000000000e+01,4.323569869995117188e+01,3.700000000000000000e+01
2.300000000000000000e+01,4.323569869995117188e+01,3.700000000000000000e+01
2.400000000000000000e+01,4.323569869995117188e+01,3.700000000000000000e+01
2.500000000000000000e+01,4.323569869995117188e+01,3.700000000000000000e+01
2.600000000000000000e+01,4.323569869995117188e+01,3.700000000000000000e+01
2.700000000000000000e+01,4.323569869995117188e+01,3.700000000000000000e+01
2.800000000000000000e+01,4.323569869995117188e+01,3.700000000000000000e+01
2.900000000000000000e+01,4.323569869995117188e+01,3.700000000000000000e+01
3.000000000000000000e+01,4.323569869995117188e+01,3.700000000000000000e+01
3.100000000000000000e+01,4.323569869995117188e+01,3.700000000000000000e+01
3.200000000000000000e+01,4.323569869995117188e+01,3.700000000000000000e+01
3.300000000000000000e+01,4.323569869995117188e+01,3.700000000000000000e+01
3.400000000000000000e+01,4.323569869995117188e+01,3.700000000000000000e+01
3.500000000000000000e+01,4.323569869995117188e+01,3.700000000000000000e+01
3.600000000000000000e+01,4.323569869995117188e+01,3.700000000000000000e+01
3.700000000000000000e+01,4.323569869995117188e+01,3.700000000000000000e+01
3.800000000000000000e+01,4.323569869995117188e+01,3.700000000000000000e+01
3.900000000000000000e+01,4.323569869995117188e+01,3.700000000000000000e+01
4.000000000000000000e+01,4.323569869995117188e+01,3.700000000000000000e+01
4.100000000000000000e+01,4.323569869995117188e+01,3.700000000000000000e+01
4.200000000000000000e+01,4.323569869995117188e+01,3.700000000000000000e+01
4.300000000000000000e+01,4.323569869995117188e+01,3.700000000000000000e+01
4.400000000000000000e+01,4.323569869995117188e+01,3.700000000000000000e+01
4.500000000000000000e+01,4.323569869995117188e+01,3.700000000000000000e+01
4.600000000000000000e+01,4.323569869995117188e+01,3.700000000000000000e+01
4.700000000000000000e+01,4.323569869995117188e+01,3.700000000000000000e+01
4.800000000000000000e+01,4.323569869995117188e+01,3.700000000000000000e+01
4.900000000000000000e+01,4.323569869995117188e+01,3.700000000000000000e+01
5.000000000000000000e+01,4.323569869995117188e+01,3.700000000000000000e+01
5.100000000000000000e+01,4.323569869995117188e+01,3.700000000000000000e+01
5.200000000000000000e+01,4.323569869995117188e+01,3.700000000000000000e+01
5.300000000000000000e+01,4.323569869995117188e+01,3.700000000000000000e+01
5.400000000000000000e+01,4.323569869995117188e+01,3.700000000000000000e+01
5.500000000000000000e+01,4.323569869995117188e+01,3.700000000000000000e+01
5.600000000000000000e+01,4.323569869995117188e+01,3.700000000000000000e+01
5.700000000000000000e+01,4.323569869995117188e+01,3.700000000000000000e+01
5.800000000000000000e+01,4.323569869995117188e+01,3.700000000000000000e+01
5.900000000000000000e+01,4.323569869995117188e+01,3.700000000000000000e+01
1.000000000000000000e+00,1.700000000000000000e+01,3.740530014038085938e+01
0.000000000000000000e+00,1.700000000000000000e+01,3.740530014038085938e+01
2.000000000000000000e+00,1.700000000000000000e+01,3.740530014038085938e+01
3.000000000000000000e+00,1.700000000000000000e+01,3.740530014038085938e+01
4.000000000000000000e+00,1.700000000000000000e+01,3.740530014038085938e+01
5.000000000000000000e+00,1.700000000000000000e+01,3.740530014038085938e+01
6.000000000000000000e+00,1.700000000000000000e+01,3.740530014038085938e+01
7.000000000000000000e+00,1.700000000000000000e+01,3.740530014038085938e+01
8.000000000000000000e+00,1.700000000000000000e+01,3.740530014038085938e+01
9.000000000000000000e+00,1.700000000000000000e+01,3.740530014038085938e+01
1.000000000000000000e+01,1.700000000000000000e+01,3.740530014038085938e+01
1.100000000000000000e+01,1.700000000000000000e+01,3.740530014038085938e+01
1.200000000000000000e+01,1.700000000000000000e+01,3.740530014038085938e+01
1.300000000000000000e+01,1.700000000000000000e+01,3.740530014038085938e+01
1.400000000000000000e+01,1.700000000000000000e+01,3.740530014038085938e+01
1.500000000000000000e+01,1.700000000000000000e+01,3.740530014038085938e+01
1.600000000000000000e+01,1.700000000000000000e+01,3.740530014038085938e+01
1.700000000000000000e+01,1.700000000000000000e+01,3.740530014038085938e+01
1.800000000000000000e+01,1.700000000000000000e+01,3.740530014038085938e+01
1.900000000000000000e+01,1.700000000000000000e+01,3.740530014038085938e+01
2.000000000000000000e+01,1.700000000000000000e+01,3.740530014038085938e+01
2.100000000000000000e+01,1.700000000000000000e+01,3.740530014038085938e+01
2.200000000000000000e+01,1.700000000000000000e+01,3.740530014038085938e+01
2.300000000000000000e+01,1.700000000000000000e+01,3.740530014038085938e+01
2.400000000000000000e+01,1.700000000000000000e+01,3.740530014038085938e+01
2.500000000000000000e+01,1.700000000000000000e+01,3.740530014038085938e+01
2.600000000000000000e+01,1.700000000000000000e+01,3.740530014038085938e+01
2.700000000000000000e+01,1.700000000000000000e+01,3.740530014038085938e+01
2.800000000000000000e+01,1.700000000000000000e+01,3.740530014038085938e+01
2.900000000000000000e+01,1.700000000000000000e+01,3.740530014038085938e+01
3.000000000000000000e+01,1.700000000000000000e+01,3.740530014038085938e+01
3.100000000000000000e+01,1.700000000000000000e+01,3.740530014038085938e+01
3.200000000000000000e+01,1.700000000000000000e+01,3.740530014038085938e+01
3.300000000000000000e+01,1.700000000000000000e+01,3.740530014038085938e+01
3.400000000000000000e+01,1.700000000000000000e+01,3.740530014038085938e+01
3.500000000000000000e+01,1.700000000000000000e+01,3.740530014038085938e+01
3.600000000000000000e+01,1.700000000000000000e+01,3.740530014038085938e+01
3.700000000000000000e+01,1.700000000000000000e+01,3.740530014038085938e+01
3.800000000000000000e+01,1.700000000000000000e+01,3.740530014038085938e+01
3.900000000000000000e+01,1.700000000000000000e+01,3.740530014038085938e+01
4.000000000000000000e+01,1.700000000000000000e+01,3.740530014038085938e+01
4.100000000000000000e+01,1.700000000000000000e+01,3.740530014038085938e+01
4.200000000000000000e+01,1.700000000000000000e+01,3.740530014038085938e+01
4.300000000000000000e+01,1.700000000000000000e+01,3.740530014038085938e+01
4.400000000000000000e+01,1.700000000000000000e+01,3.740530014038085938e+01
4.500000000000000000e+01,1.700000000000000000e+01,3.740530014038085938e+01
4.600000000000000000e+01,1.700000000000000000e+01,3.740530014038085938e+01
4.700000000000000000e+01,1.700000000000000000e+01,3.740530014038085938e+01
4.800000000000000000e+01,1.700000000000000000e+01,3.740530014038085938e+01
4.900000000000000000e+01,1.700000000000000000e+01,3.740530014038085938e+01
5.000000000000000000e+01,1.700000000000000000e+01,3.740530014038085938e+01
5.100000000000000000e+01,1.700000000000000000e+01,3.740530014038085938e+01
5.200000000000000000e+01,1.700000000000000000e+01,3.740530014038085938e+01
5.300000000000000000e+01,1.700000000000000000e+01,3.740530014038085938e+01
5.400000000000000000e+01,1.700000000000000000e+01,3.740530014038085938e+01
5.500000000000000000e+01,1.700000000000000000e+01,3.740530014038085938e+01
5.600000000000000000e+01,1.700000000000000000e+01,3.740530014038085938e+01
5.700000000000000000e+01,1.700000000000000000e+01,3.740530014038085938e+01
5.800000000000000000e+01,1.700000000000000000e+01,3.740530014038085938e+01
5.900000000000000000e+01,1.700000000000000000e+01,3.740530014038085938e+01
0.000000000000000000e+00,1.735869979858398438e+01,3.800000000000000000e+01
1.000000000000000000e+00,1.735869979858398438e+01,3.800000000000000000e+01
2.000000000000000000e+00,1.735869979858398438e+01,3.800000000000000000e+01
3.000000000000000000e+00,1.735869979858398438e+01,3.800000000000000000e+01
4.000000000000000000e+00,1.735869979858398438e+01,3.800000000000000000e+01
5.000000000000000000e+00,1.735869979858398438e+01,3.800000000000000000e+01
6.000000000000000000e+00,1.735869979858398438e+01,3.800000000000000000e+01
7.000000000000000000e+00,1.735869979858398438e+01,3.800000000000000000e+01
8.000000000000000000e+00,1.735869979858398438e+01,3.800000000000000000e+01
9.000000000000000000e+00,1.735869979858398438e+01,3.800000000000000000e+01
1.000000000000000000e+01,1.735869979858398438e+01,3.800000000000000000e+01
1.100000000000000000e+01,1.735869979858398438e+01,3.800000000000000000e+01
1.200000000000000000e+01,1.735869979858398438e+01,3.800000000000000000e+01
1.300000000000000000e+01,1.735869979858398438e+01,3.800000000000000000e+01
1.400000000000000000e+01,1.735869979858398438e+01,3.800000000000000000e+01
1.500000000000000000e+01,1.735869979858398438e+01,3.800000000000000000e+01
1.600000000000000000e+01,1.735869979858398438e+01,3.800000000000000000e+01
1.700000000000000000e+01,1.735869979858398438e+01,3.800000000000000000e+01
1.800000000000000000e+01,1.735869979858398438e+01,3.800000000000000000e+01
1.900000000000000000e+01,1.735869979858398438e+01,3.800000000000000000e+01
2.000000000000000000e+01,1.735869979858398438e+01,3.800000000000000000e+01
2.100000000000000000e+01,1.735869979858398438e+01,3.800000000000000000e+01
2.200000000000000000e+01,1.735869979858398438e+01,3.800000000000000000e+01
2.300000000000000000e+01,1.735869979858398438e+01,3.800000000000000000e+01
2.400000000000000000e+01,1.735869979858398438e+01,3.800000000000000000e+01
2.500000000000000000e+01,1.735869979858398438e+01,3.800000000000000000e+01
2.600000000000000000e+01,1.735869979858398438e+01,3.800000000000000000e+01
2.700000000000000000e+01,1.735869979858398438e+01,3.800000000000000000e+01
2.800000000000000000e+01,1.735869979858398438e+01,3.800000000000000000e+01
2.900000000000000000e+01,1.735869979858398438e+01,3.800000000000000000e+01
3.000000000000000000e+01,1.735869979858398438e+01,3.800000000000000000e+01
3.100000000000000000e+01,1.735869979858398438e+01,3.800000000000000000e+01
3.200000000000000000e+01,1.735869979858398438e+01,3.800000000000000000e+01
3.300000000000000000e+01,1.735869979858398438e+01,3.800000000000000000e+01
3.400000000000000000e+01,1.735869979858398438e+01,3.800000000000000000e+01
3.500000000000000000e+01,1.735869979858398438e+01,3.800000000000000000e+01
3.600000000000000000e+01,1.735869979858398438e+01,3.800000000000000000e+01
3.700000000000000000e+01,1.735869979858398438e+01,3.800000000000000000e+01
3.800000000000000000e+01,1.735869979858398438e+01,3.800000000000000000e+01
3.900000000000000000e+01,1.735869979858398438e+01,3.800000000000000000e+01
4.000000000000000000e+01,1.735869979858398438e+01,3.800000000000000000e+01
4.100000000000000000e+01,1.735869979858398438e+01,3.800000000000000000e+01
4.200000000000000000e+01,1.735869979858398438e+01,3.800000000000000000e+01
4.300000000000000000e+01,1.735869979858398438e+01,3.800000000000000000e+01
4.400000000000000000e+01,1.735869979858398438e+01,3.800000000000000000e+01
4.500000000000000000e+01,1.735869979858398438e+01,3.800000000000000000e+01
4.600000000000000000e+01,1.735869979858398438e+01,3.800000000000000000e+01
4.700000000000000000e+01,1.735869979858398438e+01,3.800000000000000000e+01
4.800000000000000000e+01,1.735869979858398438e+01,3.800000000000000000e+01
4.900000000000000000e+01,1.735869979858398438e+01,3.800000000000000000e+01
5.000000000000000000e+01,1.735869979858398438e+01,3.800000000000000000e+01
5.100000000000000000e+01,1.735869979858398438e+01,3.800000000000000000e+01
5.200000000000000000e+01,1.735869979858398438e+01,3.800000000000000000e+01
5.300000000000000000e+01,1.735869979858398438e+01,3.800000000000000000e+01
5.400000000000000000e+01,1.735869979858398438e+01,3.800000000000000000e+01
5.500000000000000000e+01,1.735869979858398438e+01,3.800000000000000000e+01
5.600000000000000000e+01,1.735869979858398438e+01,3.800000000000000000e+01
5.700000000000000000e+01,1.735869979858398438e+01,3.800000000000000000e+01
5.800000000000000000e+01,1.735869979858398438e+01,3.800000000000000000e+01
5.900000000000000000e+01,1.735869979858398438e+01,3.800000000000000000e+01
0.000000000000000000e+00,4.300000000000000000e+01,3.740530014038085938e+01
1.000000000000000000e+00,4.264130020141601562e+01,3.800000000000000000e+01
1.000000000000000000e+00,4.300000000000000000e+01,3.740530014038085938e+01
0.000000000000000000e+00,4.264130020141601562e+01,3.800000000000000000e+01
2.000000000000000000e+00,4.264130020141601562e+01,3.800000000000000000e+01
2.000000000000000000e+00,4.300000000000000000e+01,3.740530014038085938e+01
3.000000000000000000e+00,4.264130020141601562e+01,3.800000000000000000e+01
3.000000000000000000e+00,4.300000000000000000e+01,3.740530014038085938e+01
4.000000000000000000e+00,4.264130020141601562e+01,3.800000000000000000e+01
4.000000000000000000e+00,4.300000000000000000e+01,3.740530014038085938e+01
5.000000000000000000e+00,4.264130020141601562e+01,3.800000000000000000e+01
5.000000000000000000e+00,4.300000000000000000e+01,3.740530014038085938e+01
6.000000000000000000e+00,4.264130020141601562e+01,3.800000000000000000e+01
6.000000000000000000e+00,4.300000000000000000e+01,3.740530014038085938e+01
7.000000000000000000e+00,4.264130020141601562e+01,3.800000000000000000e+01
7.000000000000000000e+00,4.300000000000000000e+01,3.740530014038085938e+01
8.000000000000000000e+00,4.264130020141601562e+01,3.800000000000000000e+01
8.000000000000000000e+00,4.300000000000000000e+01,3.740530014038085938e+01
9.000000000000000000e+00,4.264130020141601562e+01,3.800000000000000000e+01
9.000000000000000000e+00,4.300000000000000000e+01,3.740530014038085938e+01
1.000000000000000000e+01,4.264130020141601562e+01,3.800000000000000000e+01
1.000000000000000000e+01,4.300000000000000000e+01,3.740530014038085938e+01
1.100000000000000000e+01,4.264130020141601562e+01,3.800000000000000000e+01
1.100000000000000000e+01,4.300000000000000000e+01,3.740530014038085938e+01
1.200000000000000000e+01,4.264130020141601562e+01,3.800000000000000000e+01
1.200000000000000000e+01,4.300000000000000000e+01,3.740530014038085938e+01
1.300000000000000000e+01,4.264130020141601562e+01,3.800000000000000000e+01
1.300000000000000000e+01,4.300000000000000000e+01,3.740530014038085938e+01
1.400000000000000000e+01,4.264130020141601562e+01,3.800000000000000000e+01
1.400000000000000000e+01,4.300000000000000000e+01,3.740530014038085938e+01
1.500000000000000000e+01,4.264130020141601562e+01,3.800000000000000000e+01
1.500000000000000000e+01,4.300000000000000000e+01,3.740530014038085938e+01
1.600000000000000000e+01,4.264130020141601562e+01,3.800000000000000000e+01
1.600000000000000000e+01,4.300000000000000000e+01,3.740530014038085938e+01
1.700000000000000000e+01,4.264130020141601562e+01,3.800000000000000000e+01
1.700000000000000000e+01,4.300000000000000000e+01,3.740530014038085938e+01
1.800000000000000000e+01,4.264130020141601562e+01,3.800000000000000000e+01
1.800000000000000000e+01,4.300000000000000000e+01,3.740530014038085938e+01
1.900000000000000000e+01,4.264130020141601562e+01,3.800000000000000000e+01
1.900000000000000000e+01,4.300000000000000000e+01,3.740530014038085938e+01
2.000000000000000000e+01,4.264130020141601562e+01,3.800000000000000000e+01
2.000000000000000000e+01,4.300000000000000000e+01,3.740530014038085938e+01
2.100000000000000000e+01,4.264130020141601562e+01,3.800000000000000000e+01
2.100000000000000000e+01,4.300000000000000000e+01,3.740530014038085938e+01
2.200000000000000000e+01,4.264130020141601562e+01,3.800000000000000000e+01
2.200000000000000000e+01,4.300000000000000000e+01,3.740530014038085938e+01
2.300000000000000000e+01,4.264130020141601562e+01,3.800000000000000000e+01
2.300000000000000000e+01,4.300000000000000000e+01,3.740530014038085938e+01
2.400000000000000000e+01,4.264130020141601562e+01,3.800000000000000000e+01
2.400000000000000000e+01,4.300000000000000000e+01,3.740530014038085938e+01
2.500000000000000000e+01,4.264130020141601562e+01,3.800000000000000000e+01
2.500000000000000000e+01,4.300000000000000000e+01,3.740530014038085938e+01
2.600000000000000000e+01,4.264130020141601562e+01,3.800000000000000000e+01
2.600000000000000000e+01,4.300000000000000000e+01,3.740530014038085938e+01
2.700000000000000000e+01,4.264130020141601562e+01,3.800000000000000000e+01
2.700000000000000000e+01,4.300000000000000000e+01,3.740530014038085938e+01
2.800000000000000000e+01,4.264130020141601562e+01,3.800000000000000000e+01
2.800000000000000000e+01,4.300000000000000000e+01,3.740530014038085938e+01
2.900000000000000000e+01,4.264130020141601562e+01,3.800000000000000000e+01
2.900000000000000000e+01,4.300000000000000000e+01,3.740530014038085938e+01
3.000000000000000000e+01,4.264130020141601562e+01,3.800000000000000000e+01
3.000000000000000000e+01,4.300000000000000000e+01,3.740530014038085938e+01
3.100000000000000000e+01,4.264130020141601562e+01,3.800000000000000000e+01
3.100000000000000000e+01,4.300000000000000000e+01,3.740530014038085938e+01
3.200000000000000000e+01,4.264130020141601562e+01,3.800000000000000000e+01
3.200000000000000000e+01,4.300000000000000000e+01,3.740530014038085938e+01
3.300000000000000000e+01,4.264130020141601562e+01,3.800000000000000000e+01
3.300000000000000000e+01,4.300000000000000000e+01,3.740530014038085938e+01
3.400000000000000000e+01,4.264130020141601562e+01,3.800000000000000000e+01
3.400000000000000000e+01,4.300000000000000000e+01,3.740530014038085938e+01
3.500000000000000000e+01,4.264130020141601562e+01,3.800000000000000000e+01
3.500000000000000000e+01,4.300000000000000000e+01,3.740530014038085938e+01
3.600000000000000000e+01,4.264130020141601562e+01,3.800000000000000000e+01
3.600000000000000000e+01,4.300000000000000000e+01,3.740530014038085938e+01
3.700000000000000000e+01,4.264130020141601562e+01,3.800000000000000000e+01
3.700000000000000000e+01,4.300000000000000000e+01,3.740530014038085938e+01
3.800000000000000000e+01,4.264130020141601562e+01,3.800000000000000000e+01
3.800000000000000000e+01,4.300000000000000000e+01,3.740530014038085938e+01
3.900000000000000000e+01,4.264130020141601562e+01,3.800000000000000000e+01
3.900000000000000000e+01,4.300000000000000000e+01,3.740530014038085938e+01
4.000000000000000000e+01,4.264130020141601562e+01,3.800000000000000000e+01
4.000000000000000000e+01,4.300000000000000000e+01,3.740530014038085938e+01
4.100000000000000000e+01,4.264130020141601562e+01,3.800000000000000000e+01
4.100000000000000000e+01,4.300000000000000000e+01,3.740530014038085938e+01
4.200000000000000000e+01,4.264130020141601562e+01,3.800000000000000000e+01
4.200000000000000000e+01,4.300000000000000000e+01,3.740530014038085938e+01
4.300000000000000000e+01,4.264130020141601562e+01,3.800000000000000000e+01
4.300000000000000000e+01,4.300000000000000000e+01,3.740530014038085938e+01
4.400000000000000000e+01,4.264130020141601562e+01,3.800000000000000000e+01
4.400000000000000000e+01,4.300000000000000000e+01,3.740530014038085938e+01
4.500000000000000000e+01,4.264130020141601562e+01,3.800000000000000000e+01
4.500000000000000000e+01,4.300000000000000000e+01,3.740530014038085938e+01
4.600000000000000000e+01,4.264130020141601562e+01,3.800000000000000000e+01
4.600000000000000000e+01,4.300000000000000000e+01,3.740530014038085938e+01
4.700000000000000000e+01,4.264130020141601562e+01,3.800000000000000000e+01
4.700000000000000000e+01,4.300000000000000000e+01,3.740530014038085938e+01
4.800000000000000000e+01,4.264130020141601562e+01,3.800000000000000000e+01
4.800000000000000000e+01,4.300000000000000000e+01,3.740530014038085938e+01
4.900000000000000000e+01,4.264130020141601562e+01,3.800000000000000000e+01
4.900000000000000000e+01,4.300000000000000000e+01,3.740530014038085938e+01
5.000000000000000000e+01,4.264130020141601562e+01,3.800000000000000000e+01
5.000000000000000000e+01,4.300000000000000000e+01,3.740530014038085938e+01
5.100000000000000000e+01,4.264130020141601562e+01,3.800000000000000000e+01
5.100000000000000000e+01,4.300000000000000000e+01,3.740530014038085938e+01
5.200000000000000000e+01,4.264130020141601562e+01,3.800000000000000000e+01
5.200000000000000000e+01,4.300000000000000000e+01,3.740530014038085938e+01
5.300000000000000000e+01,4.264130020141601562e+01,3.800000000000000000e+01
5.300000000000000000e+01,4.300000000000000000e+01,3.740530014038085938e+01
5.400000000000000000e+01,4.264130020141601562e+01,3.800000000000000000e+01
5.400000000000000000e+01,4.300000000000000000e+01,3.740530014038085938e+01
5.500000000000000000e+01,4.264130020141601562e+01,3.800000000000000000e+01
5.500000000000000000e+01,4.300000000000000000e+01,3.740530014038085938e+01
5.600000000000000000e+01,4.264130020141601562e+01,3.800000000000000000e+01
5.600000000000000000e+01,4.300000000000000000e+01,3.740530014038085938e+01
5.700000000000000000e+01,4.264130020141601562e+01,3.800000000000000000e+01
5.700000000000000000e+01,4.300000000000000000e+01,3.740530014038085938e+01
5.800000000000000000e+01,4.264130020141601562e+01,3.800000000000000000e+01
5.800000000000000000e+01,4.300000000000000000e+01,3.740530014038085938e+01
5.900000000000000000e+01,4.264130020141601562e+01,3.800000000000000000e+01
5.900000000000000000e+01,4.300000000000000000e+01,3.740530014038085938e+01
1.000000000000000000e+00,1.800000000000000000e+01,3.894039916992187500e+01
0.000000000000000000e+00,1.800000000000000000e+01,3.894039916992187500e+01
2.000000000000000000e+00,1.800000000000000000e+01,3.894039916992187500e+01
3.000000000000000000e+00,1.800000000000000000e+01,3.894039916992187500e+01
4.000000000000000000e+00,1.800000000000000000e+01,3.894039916992187500e+01
5.000000000000000000e+00,1.800000000000000000e+01,3.894039916992187500e+01
6.000000000000000000e+00,1.800000000000000000e+01,3.894039916992187500e+01
7.000000000000000000e+00,1.800000000000000000e+01,3.894039916992187500e+01
8.000000000000000000e+00,1.800000000000000000e+01,3.894039916992187500e+01
9.000000000000000000e+00,1.800000000000000000e+01,3.894039916992187500e+01
1.000000000000000000e+01,1.800000000000000000e+01,3.894039916992187500e+01
1.100000000000000000e+01,1.800000000000000000e+01,3.894039916992187500e+01
1.200000000000000000e+01,1.800000000000000000e+01,3.894039916992187500e+01
1.300000000000000000e+01,1.800000000000000000e+01,3.894039916992187500e+01
1.400000000000000000e+01,1.800000000000000000e+01,3.894039916992187500e+01
1.500000000000000000e+01,1.800000000000000000e+01,3.894039916992187500e+01
1.600000000000000000e+01,1.800000000000000000e+01,3.894039916992187500e+01
1.700000000000000000e+01,1.800000000000000000e+01,3.894039916992187500e+01
1.800000000000000000e+01,1.800000000000000000e+01,3.894039916992187500e+01
1.900000000000000000e+01,1.800000000000000000e+01,3.894039916992187500e+01
2.000000000000000000e+01,1.800000000000000000e+01,3.894039916992187500e+01
2.100000000000000000e+01,1.800000000000000000e+01,3.894039916992187500e+01
2.200000000000000000e+01,1.800000000000000000e+01,3.894039916992187500e+01
2.300000000000000000e+01,1.800000000000000000e+01,3.894039916992187500e+01
2.400000000000000000e+01,1.800000000000000000e+01,3.894039916992187500e+01
2.500000000000000000e+01,1.800000000000000000e+01,3.894039916992187500e+01
2.600000000000000000e+01,1.800000000000000000e+01,3.894039916992187500e+01
2.700000000000000000e+01,1.800000000000000000e+01,3.894039916992187500e+01
2.800000000000000000e+01,1.800000000000000000e+01,3.894039916992187500e+01
2.900000000000000000e+01,1.800000000000000000e+01,3.894039916992187500e+01
3.000000000000000000e+01,1.800000000000000000e+01,3.894039916992187500e+01
3.100000000000000000e+01,1.800000000000000000e+01,3.894039916992187500e+01
3.200000000000000000e+01,1.800000000000000000e+01,3.894039916992187500e+01
3.300000000000000000e+01,1.800000000000000000e+01,3.894039916992187500e+01
3.400000000000000000e+01,1.800000000000000000e+01,3.894039916992187500e+01
3.500000000000000000e+01,1.800000000000000000e+01,3.894039916992187500e+01
3.600000000000000000e+01,1.800000000000000000e+01,3.894039916992187500e+01
3.700000000000000000e+01,1.800000000000000000e+01,3.894039916992187500e+01
3.800000000000000000e+01,1.800000000000000000e+01,3.894039916992187500e+01
3.900000000000000000e+01,1.800000000000000000e+01,3.894039916992187500e+01
4.000000000000000000e+01,1.800000000000000000e+01,3.894039916992187500e+01
4.100000000000000000e+01,1.800000000000000000e+01,3.894039916992187500e+01
4.200000000000000000e+01,1.800000000000000000e+01,3.894039916992187500e+01
4.300000000000000000e+01,1.800000000000000000e+01,3.894039916992187500e+01
4.400000000000000000e+01,1.800000000000000000e+01,3.894039916992187500e+01
4.500000000000000000e+01,1.800000000000000000e+01,3.894039916992187500e+01
4.600000000000000000e+01,1.800000000000000000e+01,3.894039916992187500e+01
4.700000000000000000e+01,1.800000000000000000e+01,3.894039916992187500e+01
4.800000000000000000e+01,1.800000000000000000e+01,3.894039916992187500e+01
4.900000000000000000e+01,1.800000000000000000e+01,3.894039916992187500e+01
5.000000000000000000e+01,1.800000000000000000e+01,3.894039916992187500e+01
5.100000000000000000e+01,1.800000000000000000e+01,3.894039916992187500e+01
5.200000000000000000e+01,1.800000000000000000e+01,3.894039916992187500e+01
5.300000000000000000e+01,1.800000000000000000e+01,3.894039916992187500e+01
5.400000000000000000e+01,1.800000000000000000e+01,3.894039916992187500e+01
5.500000000000000000e+01,1.800000000000000000e+01,3.894039916992187500e+01
5.600000000000000000e+01,1.800000000000000000e+01,3.894039916992187500e+01
5.700000000000000000e+01,1.800000000000000000e+01,3.894039916992187500e+01
5.800000000000000000e+01,1.800000000000000000e+01,3.894039916992187500e+01
5.900000000000000000e+01,1.800000000000000000e+01,3.894039916992187500e+01
0.000000000000000000e+00,1.804500007629394531e+01,3.900000000000000000e+01
1.000000000000000000e+00,1.804500007629394531e+01,3.900000000000000000e+01
2.000000000000000000e+00,1.804500007629394531e+01,3.900000000000000000e+01
3.000000000000000000e+00,1.804500007629394531e+01,3.900000000000000000e+01
4.000000000000000000e+00,1.804500007629394531e+01,3.900000000000000000e+01
5.000000000000000000e+00,1.804500007629394531e+01,3.900000000000000000e+01
6.000000000000000000e+00,1.804500007629394531e+01,3.900000000000000000e+01
7.000000000000000000e+00,1.804500007629394531e+01,3.900000000000000000e+01
8.000000000000000000e+00,1.804500007629394531e+01,3.900000000000000000e+01
9.000000000000000000e+00,1.804500007629394531e+01,3.900000000000000000e+01
1.000000000000000000e+01,1.804500007629394531e+01,3.900000000000000000e+01
1.100000000000000000e+01,1.804500007629394531e+01,3.900000000000000000e+01
1.200000000000000000e+01,1.804500007629394531e+01,3.900000000000000000e+01
1.300000000000000000e+01,1.804500007629394531e+01,3.900000000000000000e+01
1.400000000000000000e+01,1.804500007629394531e+01,3.900000000000000000e+01
1.500000000000000000e+01,1.804500007629394531e+01,3.900000000000000000e+01
1.600000000000000000e+01,1.804500007629394531e+01,3.900000000000000000e+01
1.700000000000000000e+01,1.804500007629394531e+01,3.900000000000000000e+01
1.800000000000000000e+01,1.804500007629394531e+01,3.900000000000000000e+01
1.900000000000000000e+01,1.804500007629394531e+01,3.900000000000000000e+01
2.000000000000000000e+01,1.804500007629394531e+01,3.900000000000000000e+01
2.100000000000000000e+01,1.804500007629394531e+01,3.900000000000000000e+01
2.200000000000000000e+01,1.804500007629394531e+01,3.900000000000000000e+01
2.300000000000000000e+01,1.804500007629394531e+01,3.900000000000000000e+01
2.400000000000000000e+01,1.804500007629394531e+01,3.900000000000000000e+01
2.500000000000000000e+01,1.804500007629394531e+01,3.900000000000000000e+01
2.600000000000000000e+01,1.804500007629394531e+01,3.900000000000000000e+01
2.700000000000000000e+01,1.804500007629394531e+01,3.900000000000000000e+01
2.800000000000000000e+01,1.804500007629394531e+01,3.900000000000000000e+01
2.900000000000000000e+01,1.804500007629394531e+01,3.900000000000000000e+01
3.000000000000000000e+01,1.804500007629394531e+01,3.900000000000000000e+01
3.100000000000000000e+01,1.804500007629394531e+01,3.900000000000000000e+01
3.200000000000000000e+01,1.804500007629394531e+01,3.900000000000000000e+01
3.300000000000000000e+01,1.804500007629394531e+01,3.900000000000000000e+01
3.400000000000000000e+01,1.804500007629394531e+01,3.900000000000000000e+01
3.500000000000000000e+01,1.804500007629394531e+01,3.900000000000000000e+01
3.600000000000000000e+01,1.804500007629394531e+01,3.900000000000000000e+01
3.700000000000000000e+01,1.804500007629394531e+01,3.900000000000000000e+01
3.800000000000000000e+01,1.804500007629394531e+01,3.900000000000000000e+01
3.900000000000000000e+01,1.804500007629394531e+01,3.900000000000000000e+01
4.000000000000000000e+01,1.804500007629394531e+01,3.900000000000000000e+01
4.100000000000000000e+01,1.804500007629394531e+01,3.900000000000000000e+01
4.200000000000000000e+01,1.804500007629394531e+01,3.900000000000000000e+01
4.300000000000000000e+01,1.804500007629394531e+01,3.900000000000000000e+01
4.400000000000000000e+01,1.804500007629394531e+01,3.900000000000000000e+01
4.500000000000000000e+01,1.804500007629394531e+01,3.900000000000000000e+01
4.600000000000000000e+01,1.804500007629394531e+01,3.900000000000000000e+01
4.700000000000000000e+01,1.804500007629394531e+01,3.900000000000000000e+01
4.800000000000000000e+01,1.804500007629394531e+01,3.900000000000000000e+01
4.900000000000000000e+01,1.804500007629394531e+01,3.900000000000000000e+01
5.000000000000000000e+01,1.804500007629394531e+01,3.900000000000000000e+01
5.100000000000000000e+01,1.804500007629394531e+01,3.900000000000000000e+01
5.200000000000000000e+01,1.804500007629394531e+01,3.900000000000000000e+01
5.300000000000000000e+01,1.804500007629394531e+01,3.900000000000000000e+01
5.400000000000000000e+01,1.804500007629394531e+01,3.900000000000000000e+01
5.500000000000000000e+01,1.804500007629394531e+01,3.900000000000000000e+01
5.600000000000000000e+01,1.804500007629394531e+01,3.900000000000000000e+01
5.700000000000000000e+01,1.804500007629394531e+01,3.900000000000000000e+01
5.800000000000000000e+01,1.804500007629394531e+01,3.900000000000000000e+01
5.900000000000000000e+01,1.804500007629394531e+01,3.900000000000000000e+01
0.000000000000000000e+00,4.200000000000000000e+01,3.894039916992187500e+01
1.000000000000000000e+00,4.195500183105468750e+01,3.900000000000000000e+01
1.000000000000000000e+00,4.200000000000000000e+01,3.894039916992187500e+01
0.000000000000000000e+00,4.195500183105468750e+01,3.900000000000000000e+01
2.000000000000000000e+00,4.195500183105468750e+01,3.900000000000000000e+01
2.000000000000000000e+00,4.200000000000000000e+01,3.894039916992187500e+01
3.000000000000000000e+00,4.195500183105468750e+01,3.900000000000000000e+01
3.000000000000000000e+00,4.200000000000000000e+01,3.894039916992187500e+01
4.000000000000000000e+00,4.195500183105468750e+01,3.900000000000000000e+01
4.000000000000000000e+00,4.200000000000000000e+01,3.894039916992187500e+01
5.000000000000000000e+00,4.195500183105468750e+01,3.900000000000000000e+01
5.000000000000000000e+00,4.200000000000000000e+01,3.894039916992187500e+01
6.000000000000000000e+00,4.195500183105468750e+01,3.900000000000000000e+01
6.000000000000000000e+00,4.200000000000000000e+01,3.894039916992187500e+01
7.000000000000000000e+00,4.195500183105468750e+01,3.900000000000000000e+01
7.000000000000000000e+00,4.200000000000000000e+01,3.894039916992187500e+01
8.000000000000000000e+00,4.195500183105468750e+01,3.900000000000000000e+01
8.000000000000000000e+00,4.200000000000000000e+01,3.894039916992187500e+01
9.000000000000000000e+00,4.195500183105468750e+01,3.900000000000000000e+01
9.000000000000000000e+00,4.200000000000000000e+01,3.894039916992187500e+01
1.000000000000000000e+01,4.195500183105468750e+01,3.900000000000000000e+01
1.000000000000000000e+01,4.200000000000000000e+01,3.894039916992187500e+01
1.100000000000000000e+01,4.195500183105468750e+01,3.900000000000000000e+01
1.100000000000000000e+01,4.200000000000000000e+01,3.894039916992187500e+01
1.200000000000000000e+01,4.195500183105468750e+01,3.900000000000000000e+01
1.200000000000000000e+01,4.200000000000000000e+01,3.894039916992187500e+01
1.300000000000000000e+01,4.195500183105468750e+01,3.900000000000000000e+01
1.300000000000000000e+01,4.200000000000000000e+01,3.894039916992187500e+01
1.400000000000000000e+01,4.195500183105468750e+01,3.900000000000000000e+01
1.400000000000000000e+01,4.200000000000000000e+01,3.894039916992187500e+01
1.500000000000000000e+01,4.195500183105468750e+01,3.900000000000000000e+01
1.500000000000000000e+01,4.200000000000000000e+01,3.894039916992187500e+01
1.600000000000000000e+01,4.195500183105468750e+01,3.900000000000000000e+01
1.600000000000000000e+01,4.200000000000000000e+01,3.894039916992187500e+01
1.700000000000000000e+01,4.195500183105468750e+01,3.900000000000000000e+01
1.700000000000000000e+01,4.200000000000000000e+01,3.894039916992187500e+01
1.800000000000000000e+01,4.195500183105468750e+01,3.900000000000000000e+01
1.800000000000000000e+01,4.200000000000000000e+01,3.894039916992187500e+01
1.900000000000000000e+01,4.195500183105468750e+01,3.900000000000000000e+01
1.900000000000000000e+01,4.200000000000000000e+01,3.894039916992187500e+01
2.000000000000000000e+01,4.195500183105468750e+01,3.900000000000000000e+01
2.000000000000000000e+01,4.200000000000000000e+01,3.894039916992187500e+01
2.100000000000000000e+01,4.195500183105468750e+01,3.900000000000000000e+01
2.100000000000000000e+01,4.200000000000000000e+01,3.894039916992187500e+01
2.200000000000000000e+01,4.195500183105468750e+01,3.900000000000000000e+01
2.200000000000000000e+01,4.200000000000000000e+01,3.894039916992187500e+01
2.300000000000000000e+01,4.195500183105468750e+01,3.900000000000000000e+01
2.300000000000000000e+01,4.200000000000000000e+01,3.894039916992187500e+01
2.400000000000000000e+01,4.195500183105468750e+01,3.900000000000000000e+01
2.400000000000000000e+01,4.200000000000000000e+01,3.894039916992187500e+01
2.500000000000000000e+01,4.195500183105468750e+01,3.900000000000000000e+01
2.500000000000000000e+01,4.200000000000000000e+01,3.894039916992187500e+01
2.600000000000000000e+01,4.195500183105468750e+01,3.900000000000000000e+01
2.600000000000000000e+01,4.200000000000000000e+01,3.894039916992187500e+01
2.700000000000000000e+01,4.195500183105468750e+01,3.900000000000000000e+01
2.700000000000000000e+01,4.200000000000000000e+01,3.894039916992187500e+01
2.800000000000000000e+01,4.195500183105468750e+01,3.900000000000000000e+01
2.800000000000000000e+01,4.200000000000000000e+01,3.894039916992187500e+01
2.900000000000000000e+01,4.195500183105468750e+01,3.900000000000000000e+01
2.900000000000000000e+01,4.200000000000000000e+01,3.894039916992187500e+01
3.000000000000000000e+01,4.195500183105468750e+01,3.900000000000000000e+01
3.000000000000000000e+01,4.200000000000000000e+01,3.894039916992187500e+01
3.100000000000000000e+01,4.195500183105468750e+01,3.900000000000000000e+01
3.100000000000000000e+01,4.200000000000000000e+01,3.894039916992187500e+01
3.200000000000000000e+01,4.195500183105468750e+01,3.900000000000000000e+01
3.200000000000000000e+01,4.200000000000000000e+01,3.894039916992187500e+01
3.300000000000000000e+01,4.195500183105468750e+01,3.900000000000000000e+01
3.300000000000000000e+01,4.200000000000000000e+01,3.894039916992187500e+01
3.400000000000000000e+01,4.195500183105468750e+01,3.900000000000000000e+01
3.400000000000000000e+01,4.200000000000000000e+01,3.894039916992187500e+01
3.500000000000000000e+01,4.195500183105468750e+01,3.900000000000000000e+01
3.500000000000000000e+01,4.200000000000000000e+01,3.894039916992187500e+01
3.600000000000000000e+01,4.195500183105468750e+01,3.900000000000000000e+01
3.600000000000000000e+01,4.200000000000000000e+01,3.894039916992187500e+01
3.700000000000000000e+01,4.195500183105468750e+01,3.900000000000000000e+01
3.700000000000000000e+01,4.200000000000000000e+01,3.894039916992187500e+01
3.800000000000000000e+01,4.195500183105468750e+01,3.900000000000000000e+01
3.800000000000000000e+01,4.200000000000000000e+01,3.894039916992187500e+01
3.900000000000000000e+01,4.195500183105468750e+01,3.900000000000000000e+01
3.900000000000000000e+01,4.200000000000000000e+01,3.894039916992187500e+01
4.000000000000000000e+01,4.195500183105468750e+01,3.900000000000000000e+01
4.000000000000000000e+01,4.200000000000000000e+01,3.894039916992187500e+01
4.100000000000000000e+01,4.195500183105468750e+01,3.900000000000000000e+01
4.100000000000000000e+01,4.200000000000000000e+01,3.894039916992187500e+01
4.200000000000000000e+01,4.195500183105468750e+01,3.900000000000000000e+01
4.200000000000000000e+01,4.200000000000000000e+01,3.894039916992187500e+01
4.300000000000000000e+01,4.195500183105468750e+01,3.900000000000000000e+01
4.300000000000000000e+01,4.200000000000000000e+01,3.894039916992187500e+01
4.400000000000000000e+01,4.195500183105468750e+01,3.900000000000000000e+01
4.400000000000000000e+01,4.200000000000000000e+01,3.894039916992187500e+01
4.500000000000000000e+01,4.195500183105468750e+01,3.900000000000000000e+01
4.500000000000000000e+01,4.200000000000000000e+01,3.894039916992187500e+01
4.600000000000000000e+01,4.195500183105468750e+01,3.900000000000000000e+01
4.600000000000000000e+01,4.200000000000000000e+01,3.894039916992187500e+01
4.700000000000000000e+01,4.195500183105468750e+01,3.900000000000000000e+01
4.700000000000000000e+01,4.200000000000000000e+01,3.894039916992187500e+01
4.800000000000000000e+01,4.195500183105468750e+01,3.900000000000000000e+01
4.800000000000000000e+01,4.200000000000000000e+01,3.894039916992187500e+01
4.900000000000000000e+01,4.195500183105468750e+01,3.900000000000000000e+01
4.900000000000000000e+01,4.200000000000000000e+01,3.894039916992187500e+01
5.000000000000000000e+01,4.195500183105468750e+01,3.900000000000000000e+01
5.000000000000000000e+01,4.200000000000000000e+01,3.894039916992187500e+01
5.100000000000000000e+01,4.195500183105468750e+01,3.900000000000000000e+01
5.100000000000000000e+01,4.200000000000000000e+01,3.894039916992187500e+01
5.200000000000000000e+01,4.195500183105468750e+01,3.900000000000000000e+01
5.200000000000000000e+01,4.200000000000000000e+01,3.894039916992187500e+01
5.300000000000000000e+01,4.195500183105468750e+01,3.900000000000000000e+01
5.300000000000000000e+01,4.200000000000000000e+01,3.894039916992187500e+01
5.400000000000000000e+01,4.195500183105468750e+01,3.900000000000000000e+01
5.400000000000000000e+01,4.200000000000000000e+01,3.894039916992187500e+01
5.500000000000000000e+01,4.195500183105468750e+01,3.900000000000000000e+01
5.500000000000000000e+01,4.200000000000000000e+01,3.894039916992187500e+01
5.600000000000000000e+01,4.195500183105468750e+01,3.900000000000000000e+01
5.600000000000000000e+01,4.200000000000000000e+01,3.894039916992187500e+01
5.700000000000000000e+01,4.195500183105468750e+01,3.900000000000000000e+01
5.700000000000000000e+01,4.200000000000000000e+01,3.894039916992187500e+01
5.800000000000000000e+01,4.195500183105468750e+01,3.900000000000000000e+01
5.800000000000000000e+01,4.200000000000000000e+01,3.894039916992187500e+01
5.900000000000000000e+01,4.195500183105468750e+01,3.900000000000000000e+01
5.900000000000000000e+01,4.200000000000000000e+01,3.894039916992187500e+01
1.000000000000000000e+00,1.886140060424804688e+01,4.000000000000000000e+01
0.000000000000000000e+00,1.886140060424804688e+01,4.000000000000000000e+01
2.000000000000000000e+00,1.886140060424804688e+01,4.000000000000000000e+01
3.000000000000000000e+00,1.886140060424804688e+01,4.000000000000000000e+01
4.000000000000000000e+00,1.886140060424804688e+01,4.000000000000000000e+01
5.000000000000000000e+00,1.886140060424804688e+01,4.000000000000000000e+01
6.000000000000000000e+00,1.886140060424804688e+01,4.000000000000000000e+01
7.000000000000000000e+00,1.886140060424804688e+01,4.000000000000000000e+01
8.000000000000000000e+00,1.886140060424804688e+01,4.000000000000000000e+01
9.000000000000000000e+00,1.886140060424804688e+01,4.000000000000000000e+01
1.000000000000000000e+01,1.886140060424804688e+01,4.000000000000000000e+01
1.100000000000000000e+01,1.886140060424804688e+01,4.000000000000000000e+01
1.200000000000000000e+01,1.886140060424804688e+01,4.000000000000000000e+01
1.300000000000000000e+01,1.886140060424804688e+01,4.000000000000000000e+01
1.400000000000000000e+01,1.886140060424804688e+01,4.000000000000000000e+01
1.500000000000000000e+01,1.886140060424804688e+01,4.000000000000000000e+01
1.600000000000000000e+01,1.886140060424804688e+01,4.000000000000000000e+01
1.700000000000000000e+01,1.886140060424804688e+01,4.000000000000000000e+01
1.800000000000000000e+01,1.886140060424804688e+01,4.000000000000000000e+01
1.900000000000000000e+01,1.886140060424804688e+01,4.000000000000000000e+01
2.000000000000000000e+01,1.886140060424804688e+01,4.000000000000000000e+01
2.100000000000000000e+01,1.886140060424804688e+01,4.000000000000000000e+01
2.200000000000000000e+01,1.886140060424804688e+01,4.000000000000000000e+01
2.300000000000000000e+01,1.886140060424804688e+01,4.000000000000000000e+01
2.400000000000000000e+01,1.886140060424804688e+01,4.000000000000000000e+01
2.500000000000000000e+01,1.886140060424804688e+01,4.000000000000000000e+01
2.600000000000000000e+01,1.886140060424804688e+01,4.000000000000000000e+01
2.700000000000000000e+01,1.886140060424804688e+01,4.000000000000000000e+01
2.800000000000000000e+01,1.886140060424804688e+01,4.000000000000000000e+01
2.900000000000000000e+01,1.886140060424804688e+01,4.000000000000000000e+01
3.000000000000000000e+01,1.886140060424804688e+01,4.000000000000000000e+01
3.100000000000000000e+01,1.886140060424804688e+01,4.000000000000000000e+01
3.200000000000000000e+01,1.886140060424804688e+01,4.000000000000000000e+01
3.300000000000000000e+01,1.886140060424804688e+01,4.000000000000000000e+01
3.400000000000000000e+01,1.886140060424804688e+01,4.000000000000000000e+01
3.500000000000000000e+01,1.886140060424804688e+01,4.000000000000000000e+01
3.600000000000000000e+01,1.886140060424804688e+01,4.000000000000000000e+01
3.700000000000000000e+01,1.886140060424804688e+01,4.000000000000000000e+01
3.800000000000000000e+01,1.886140060424804688e+01,4.000000000000000000e+01
3.900000000000000000e+01,1.886140060424804688e+01,4.000000000000000000e+01
4.000000000000000000e+01,1.886140060424804688e+01,4.000000000000000000e+01
4.100000000000000000e+01,1.886140060424804688e+01,4.000000000000000000e+01
4.200000000000000000e+01,1.886140060424804688e+01,4.000000000000000000e+01
4.300000000000000000e+01,1.886140060424804688e+01,4.000000000000000000e+01
4.400000000000000000e+01,1.886140060424804688e+01,4.000000000000000000e+01
4.500000000000000000e+01,1.886140060424804688e+01,4.000000000000000000e+01
4.600000000000000000e+01,1.886140060424804688e+01,4.000000000000000000e+01
4.700000000000000000e+01,1.886140060424804688e+01,4.000000000000000000e+01
4.800000000000000000e+01,1.886140060424804688e+01,4.000000000000000000e+01
4.900000000000000000e+01,1.886140060424804688e+01,4.000000000000000000e+01
5.000000000000000000e+01,1.886140060424804688e+01,4.000000000000000000e+01
5.100000000000000000e+01,1.886140060424804688e+01,4.000000000000000000e+01
5.200000000000000000e+01,1.886140060424804688e+01,4.000000000000000000e+01
5.300000000000000000e+01,1.886140060424804688e+01,4.000000000000000000e+01
5.400000000000000000e+01,1.886140060424804688e+01,4.000000000000000000e+01
5.500000000000000000e+01,1.886140060424804688e+01,4.000000000000000000e+01
5.600000000000000000e+01,1.886140060424804688e+01,4.000000000000000000e+01
5.700000000000000000e+01,1.886140060424804688e+01,4.000000000000000000e+01
5.800000000000000000e+01,1.886140060424804688e+01,4.000000000000000000e+01
5.900000000000000000e+01,1.886140060424804688e+01,4.000000000000000000e+01
1.000000000000000000e+00,4.113859939575195312e+01,4.000000000000000000e+01
0.000000000000000000e+00,4.113859939575195312e+01,4.000000000000000000e+01
2.000000000000000000e+00,4.113859939575195312e+01,4.000000000000000000e+01
3.000000000000000000e+00,4.113859939575195312e+01,4.000000000000000000e+01
4.000000000000000000e+00,4.113859939575195312e+01,4.000000000000000000e+01
5.000000000000000000e+00,4.113859939575195312e+01,4.000000000000000000e+01
6.000000000000000000e+00,4.113859939575195312e+01,4.000000000000000000e+01
7.000000000000000000e+00,4.113859939575195312e+01,4.000000000000000000e+01
8.000000000000000000e+00,4.113859939575195312e+01,4.000000000000000000e+01
9.000000000000000000e+00,4.113859939575195312e+01,4.000000000000000000e+01
1.000000000000000000e+01,4.113859939575195312e+01,4.000000000000000000e+01
1.100000000000000000e+01,4.113859939575195312e+01,4.000000000000000000e+01
1.200000000000000000e+01,4.113859939575195312e+01,4.000000000000000000e+01
1.300000000000000000e+01,4.113859939575195312e+01,4.000000000000000000e+01
1.400000000000000000e+01,4.113859939575195312e+01,4.000000000000000000e+01
1.500000000000000000e+01,4.113859939575195312e+01,4.000000000000000000e+01
1.600000000000000000e+01,4.113859939575195312e+01,4.000000000000000000e+01
1.700000000000000000e+01,4.113859939575195312e+01,4.000000000000000000e+01
1.800000000000000000e+01,4.113859939575195312e+01,4.000000000000000000e+01
1.900000000000000000e+01,4.113859939575195312e+01,4.000000000000000000e+01
2.000000000000000000e+01,4.113859939575195312e+01,4.000000000000000000e+01
2.100000000000000000e+01,4.113859939575195312e+01,4.000000000000000000e+01
2.200000000000000000e+01,4.113859939575195312e+01,4.000000000000000000e+01
2.300000000000000000e+01,4.113859939575195312e+01,4.000000000000000000e+01
2.400000000000000000e+01,4.113859939575195312e+01,4.000000000000000000e+01
2.500000000000000000e+01,4.113859939575195312e+01,4.000000000000000000e+01
2.600000000000000000e+01,4.113859939575195312e+01,4.000000000000000000e+01
2.700000000000000000e+01,4.113859939575195312e+01,4.000000000000000000e+01
2.800000000000000000e+01,4.113859939575195312e+01,4.000000000000000000e+01
2.900000000000000000e+01,4.113859939575195312e+01,4.000000000000000000e+01
3.000000000000000000e+01,4.113859939575195312e+01,4.000000000000000000e+01
3.100000000000000000e+01,4.113859939575195312e+01,4.000000000000000000e+01
3.200000000000000000e+01,4.113859939575195312e+01,4.000000000000000000e+01
3.300000000000000000e+01,4.113859939575195312e+01,4.000000000000000000e+01
3.400000000000000000e+01,4.113859939575195312e+01,4.000000000000000000e+01
3.500000000000000000e+01,4.113859939575195312e+01,4.000000000000000000e+01
3.600000000000000000e+01,4.113859939575195312e+01,4.000000000000000000e+01
3.700000000000000000e+01,4.113859939575195312e+01,4.000000000000000000e+01
3.800000000000000000e+01,4.113859939575195312e+01,4.000000000000000000e+01
3.900000000000000000e+01,4.113859939575195312e+01,4.000000000000000000e+01
4.000000000000000000e+01,4.113859939575195312e+01,4.000000000000000000e+01
4.100000000000000000e+01,4.113859939575195312e+01,4.000000000000000000e+01
4.200000000000000000e+01,4.113859939575195312e+01,4.000000000000000000e+01
4.300000000000000000e+01,4.113859939575195312e+01,4.000000000000000000e+01
4.400000000000000000e+01,4.113859939575195312e+01,4.000000000000000000e+01
4.500000000000000000e+01,4.113859939575195312e+01,4.000000000000000000e+01
4.600000000000000000e+01,4.113859939575195312e+01,4.000000000000000000e+01
4.700000000000000000e+01,4.113859939575195312e+01,4.000000000000000000e+01
4.800000000000000000e+01,4.113859939575195312e+01,4.000000000000000000e+01
4.900000000000000000e+01,4.113859939575195312e+01,4.000000000000000000e+01
5.000000000000000000e+01,4.113859939575195312e+01,4.000000000000000000e+01
5.100000000000000000e+01,4.113859939575195312e+01,4.000000000000000000e+01
5.200000000000000000e+01,4.113859939575195312e+01,4.000000000000000000e+01
5.300000000000000000e+01,4.113859939575195312e+01,4.000000000000000000e+01
5.400000000000000000e+01,4.113859939575195312e+01,4.000000000000000000e+01
5.500000000000000000e+01,4.113859939575195312e+01,4.000000000000000000e+01
5.600000000000000000e+01,4.113859939575195312e+01,4.000000000000000000e+01
5.700000000000000000e+01,4.113859939575195312e+01,4.000000000000000000e+01
5.800000000000000000e+01,4.113859939575195312e+01,4.000000000000000000e+01
5.900000000000000000e+01,4.113859939575195312e+01,4.000000000000000000e+01
1.000000000000000000e+00,1.900000000000000000e+01,4.015029907226562500e+01
0.000000000000000000e+00,1.900000000000000000e+01,4.015029907226562500e+01
2.000000000000000000e+00,1.900000000000000000e+01,4.015029907226562500e+01
3.000000000000000000e+00,1.900000000000000000e+01,4.015029907226562500e+01
4.000000000000000000e+00,1.900000000000000000e+01,4.015029907226562500e+01
5.000000000000000000e+00,1.900000000000000000e+01,4.015029907226562500e+01
6.000000000000000000e+00,1.900000000000000000e+01,4.015029907226562500e+01
7.000000000000000000e+00,1.900000000000000000e+01,4.015029907226562500e+01
8.000000000000000000e+00,1.900000000000000000e+01,4.015029907226562500e+01
9.000000000000000000e+00,1.900000000000000000e+01,4.015029907226562500e+01
1.000000000000000000e+01,1.900000000000000000e+01,4.015029907226562500e+01
1.100000000000000000e+01,1.900000000000000000e+01,4.015029907226562500e+01
1.200000000000000000e+01,1.900000000000000000e+01,4.015029907226562500e+01
1.300000000000000000e+01,1.900000000000000000e+01,4.015029907226562500e+01
1.400000000000000000e+01,1.900000000000000000e+01,4.015029907226562500e+01
1.500000000000000000e+01,1.900000000000000000e+01,4.015029907226562500e+01
1.600000000000000000e+01,1.900000000000000000e+01,4.015029907226562500e+01
1.700000000000000000e+01,1.900000000000000000e+01,4.015029907226562500e+01
1.800000000000000000e+01,1.900000000000000000e+01,4.015029907226562500e+01
1.900000000000000000e+01,1.900000000000000000e+01,4.015029907226562500e+01
2.000000000000000000e+01,1.900000000000000000e+01,4.015029907226562500e+01
2.100000000000000000e+01,1.900000000000000000e+01,4.015029907226562500e+01
2.200000000000000000e+01,1.900000000000000000e+01,4.015029907226562500e+01
2.300000000000000000e+01,1.900000000000000000e+01,4.015029907226562500e+01
2.400000000000000000e+01,1.900000000000000000e+01,4.015029907226562500e+01
2.500000000000000000e+01,1.900000000000000000e+01,4.015029907226562500e+01
2.600000000000000000e+01,1.900000000000000000e+01,4.015029907226562500e+01
2.700000000000000000e+01,1.900000000000000000e+01,4.015029907226562500e+01
2.800000000000000000e+01,1.900000000000000000e+01,4.015029907226562500e+01
2.900000000000000000e+01,1.900000000000000000e+01,4.015029907226562500e+01
3.000000000000000000e+01,1.900000000000000000e+01,4.015029907226562500e+01
3.100000000000000000e+01,1.900000000000000000e+01,4.015029907226562500e+01
3.200000000000000000e+01,1.900000000000000000e+01,4.015029907226562500e+01
3.300000000000000000e+01,1.900000000000000000e+01,4.015029907226562500e+01
3.400000000000000000e+01,1.900000000000000000e+01,4.015029907226562500e+01
3.500000000000000000e+01,1.900000000000000000e+01,4.015029907226562500e+01
3.600000000000000000e+01,1.900000000000000000e+01,4.015029907226562500e+01
3.700000000000000000e+01,1.900000000000000000e+01,4.015029907226562500e+01
3.800000000000000000e+01,1.900000000000000000e+01,4.015029907226562500e+01
3.900000000000000000e+01,1.900000000000000000e+01,4.015029907226562500e+01
4.000000000000000000e+01,1.900000000000000000e+01,4.015029907226562500e+01
4.100000000000000000e+01,1.900000000000000000e+01,4.015029907226562500e+01
4.200000000000000000e+01,1.900000000000000000e+01,4.015029907226562500e+01
4.300000000000000000e+01,1.900000000000000000e+01,4.015029907226562500e+01
4.400000000000000000e+01,1.900000000000000000e+01,4.015029907226562500e+01
4.500000000000000000e+01,1.900000000000000000e+01,4.015029907226562500e+01
4.600000000000000000e+01,1.900000000000000000e+01,4.015029907226562500e+01
4.700000000000000000e+01,1.900000000000000000e+01,4.015029907226562500e+01
4.800000000000000000e+01,1.900000000000000000e+01,4.015029907226562500e+01
4.900000000000000000e+01,1.900000000000000000e+01,4.015029907226562500e+01
5.000000000000000000e+01,1.900000000000000000e+01,4.015029907226562500e+01
5.100000000000000000e+01,1.900000000000000000e+01,4.015029907226562500e+01
5.200000000000000000e+01,1.900000000000000000e+01,4.015029907226562500e+01
5.300000000000000000e+01,1.900000000000000000e+01,4.015029907226562500e+01
5.400000000000000000e+01,1.900000000000000000e+01,4.015029907226562500e+01
5.500000000000000000e+01,1.900000000000000000e+01,4.015029907226562500e+01
5.600000000000000000e+01,1.900000000000000000e+01,4.015029907226562500e+01
5.700000000000000000e+01,1.900000000000000000e+01,4.015029907226562500e+01
5.800000000000000000e+01,1.900000000000000000e+01,4.015029907226562500e+01
5.900000000000000000e+01,1.900000000000000000e+01,4.015029907226562500e+01
0.000000000000000000e+00,1.984970092773437500e+01,4.100000000000000000e+01
1.000000000000000000e+00,1.984970092773437500e+01,4.100000000000000000e+01
2.000000000000000000e+00,1.984970092773437500e+01,4.100000000000000000e+01
3.000000000000000000e+00,1.984970092773437500e+01,4.100000000000000000e+01
4.000000000000000000e+00,1.984970092773437500e+01,4.100000000000000000e+01
5.000000000000000000e+00,1.984970092773437500e+01,4.100000000000000000e+01
6.000000000000000000e+00,1.984970092773437500e+01,4.100000000000000000e+01
7.000000000000000000e+00,1.984970092773437500e+01,4.100000000000000000e+01
8.000000000000000000e+00,1.984970092773437500e+01,4.100000000000000000e+01
9.000000000000000000e+00,1.984970092773437500e+01,4.100000000000000000e+01
1.000000000000000000e+01,1.984970092773437500e+01,4.100000000000000000e+01
1.100000000000000000e+01,1.984970092773437500e+01,4.100000000000000000e+01
1.200000000000000000e+01,1.984970092773437500e+01,4.100000000000000000e+01
1.300000000000000000e+01,1.984970092773437500e+01,4.100000000000000000e+01
1.400000000000000000e+01,1.984970092773437500e+01,4.100000000000000000e+01
1.500000000000000000e+01,1.984970092773437500e+01,4.100000000000000000e+01
1.600000000000000000e+01,1.984970092773437500e+01,4.100000000000000000e+01
1.700000000000000000e+01,1.984970092773437500e+01,4.100000000000000000e+01
1.800000000000000000e+01,1.984970092773437500e+01,4.100000000000000000e+01
1.900000000000000000e+01,1.984970092773437500e+01,4.100000000000000000e+01
2.000000000000000000e+01,1.984970092773437500e+01,4.100000000000000000e+01
2.100000000000000000e+01,1.984970092773437500e+01,4.100000000000000000e+01
2.200000000000000000e+01,1.984970092773437500e+01,4.100000000000000000e+01
2.300000000000000000e+01,1.984970092773437500e+01,4.100000000000000000e+01
2.400000000000000000e+01,1.984970092773437500e+01,4.100000000000000000e+01
2.500000000000000000e+01,1.984970092773437500e+01,4.100000000000000000e+01
2.600000000000000000e+01,1.984970092773437500e+01,4.100000000000000000e+01
2.700000000000000000e+01,1.984970092773437500e+01,4.100000000000000000e+01
2.800000000000000000e+01,1.984970092773437500e+01,4.100000000000000000e+01
2.900000000000000000e+01,1.984970092773437500e+01,4.100000000000000000e+01
3.000000000000000000e+01,1.984970092773437500e+01,4.100000000000000000e+01
3.100000000000000000e+01,1.984970092773437500e+01,4.100000000000000000e+01
3.200000000000000000e+01,1.984970092773437500e+01,4.100000000000000000e+01
3.300000000000000000e+01,1.984970092773437500e+01,4.100000000000000000e+01
3.400000000000000000e+01,1.984970092773437500e+01,4.100000000000000000e+01
3.500000000000000000e+01,1.984970092773437500e+01,4.100000000000000000e+01
3.600000000000000000e+01,1.984970092773437500e+01,4.100000000000000000e+01
3.700000000000000000e+01,1.984970092773437500e+01,4.100000000000000000e+01
3.800000000000000000e+01,1.984970092773437500e+01,4.100000000000000000e+01
3.900000000000000000e+01,1.984970092773437500e+01,4.100000000000000000e+01
4.000000000000000000e+01,1.984970092773437500e+01,4.100000000000000000e+01
4.100000000000000000e+01,1.984970092773437500e+01,4.100000000000000000e+01
4.200000000000000000e+01,1.984970092773437500e+01,4.100000000000000000e+01
4.300000000000000000e+01,1.984970092773437500e+01,4.100000000000000000e+01
4.400000000000000000e+01,1.984970092773437500e+01,4.100000000000000000e+01
4.500000000000000000e+01,1.984970092773437500e+01,4.100000000000000000e+01
4.600000000000000000e+01,1.984970092773437500e+01,4.100000000000000000e+01
4.700000000000000000e+01,1.984970092773437500e+01,4.100000000000000000e+01
4.800000000000000000e+01,1.984970092773437500e+01,4.100000000000000000e+01
4.900000000000000000e+01,1.984970092773437500e+01,4.100000000000000000e+01
5.000000000000000000e+01,1.984970092773437500e+01,4.100000000000000000e+01
5.100000000000000000e+01,1.984970092773437500e+01,4.100000000000000000e+01
5.200000000000000000e+01,1.984970092773437500e+01,4.100000000000000000e+01
5.300000000000000000e+01,1.984970092773437500e+01,4.100000000000000000e+01
5.400000000000000000e+01,1.984970092773437500e+01,4.100000000000000000e+01
5.500000000000000000e+01,1.984970092773437500e+01,4.100000000000000000e+01
5.600000000000000000e+01,1.984970092773437500e+01,4.100000000000000000e+01
5.700000000000000000e+01,1.984970092773437500e+01,4.100000000000000000e+01
5.800000000000000000e+01,1.984970092773437500e+01,4.100000000000000000e+01
5.900000000000000000e+01,1.984970092773437500e+01,4.100000000000000000e+01
0.000000000000000000e+00,4.100000000000000000e+01,4.015029907226562500e+01
1.000000000000000000e+00,4.015029907226562500e+01,4.100000000000000000e+01
1.000000000000000000e+00,4.100000000000000000e+01,4.015029907226562500e+01
0.000000000000000000e+00,4.015029907226562500e+01,4.100000000000000000e+01
2.000000000000000000e+00,4.015029907226562500e+01,4.100000000000000000e+01
2.000000000000000000e+00,4.100000000000000000e+01,4.015029907226562500e+01
3.000000000000000000e+00,4.015029907226562500e+01,4.100000000000000000e+01
3.000000000000000000e+00,4.100000000000000000e+01,4.015029907226562500e+01
4.000000000000000000e+00,4.015029907226562500e+01,4.100000000000000000e+01
4.000000000000000000e+00,4.100000000000000000e+01,4.015029907226562500e+01
5.000000000000000000e+00,4.015029907226562500e+01,4.100000000000000000e+01
5.000000000000000000e+00,4.100000000000000000e+01,4.015029907226562500e+01
6.000000000000000000e+00,4.015029907226562500e+01,4.100000000000000000e+01
6.000000000000000000e+00,4.100000000000000000e+01,4.015029907226562500e+01
7.000000000000000000e+00,4.015029907226562500e+01,4.100000000000000000e+01
7.000000000000000000e+00,4.100000000000000000e+01,4.015029907226562500e+01
8.000000000000000000e+00,4.015029907226562500e+01,4.100000000000000000e+01
8.000000000000000000e+00,4.100000000000000000e+01,4.015029907226562500e+01
9.000000000000000000e+00,4.015029907226562500e+01,4.100000000000000000e+01
9.000000000000000000e+00,4.100000000000000000e+01,4.015029907226562500e+01
1.000000000000000000e+01,4.015029907226562500e+01,4.100000000000000000e+01
1.000000000000000000e+01,4.100000000000000000e+01,4.015029907226562500e+01
1.100000000000000000e+01,4.015029907226562500e+01,4.100000000000000000e+01
1.100000000000000000e+01,4.100000000000000000e+01,4.015029907226562500e+01
1.200000000000000000e+01,4.015029907226562500e+01,4.100000000000000000e+01
1.200000000000000000e+01,4.100000000000000000e+01,4.015029907226562500e+01
1.300000000000000000e+01,4.015029907226562500e+01,4.100000000000000000e+01
1.300000000000000000e+01,4.100000000000000000e+01,4.015029907226562500e+01
1.400000000000000000e+01,4.015029907226562500e+01,4.100000000000000000e+01
1.400000000000000000e+01,4.100000000000000000e+01,4.015029907226562500e+01
1.500000000000000000e+01,4.015029907226562500e+01,4.100000000000000000e+01
1.500000000000000000e+01,4.100000000000000000e+01,4.015029907226562500e+01
1.600000000000000000e+01,4.015029907226562500e+01,4.100000000000000000e+01
1.600000000000000000e+01,4.100000000000000000e+01,4.015029907226562500e+01
1.700000000000000000e+01,4.015029907226562500e+01,4.100000000000000000e+01
1.700000000000000000e+01,4.100000000000000000e+01,4.015029907226562500e+01
1.800000000000000000e+01,4.015029907226562500e+01,4.100000000000000000e+01
1.800000000000000000e+01,4.100000000000000000e+01,4.015029907226562500e+01
1.900000000000000000e+01,4.015029907226562500e+01,4.100000000000000000e+01
1.900000000000000000e+01,4.100000000000000000e+01,4.015029907226562500e+01
2.000000000000000000e+01,4.015029907226562500e+01,4.100000000000000000e+01
2.000000000000000000e+01,4.100000000000000000e+01,4.015029907226562500e+01
2.100000000000000000e+01,4.015029907226562500e+01,4.100000000000000000e+01
2.100000000000000000e+01,4.100000000000000000e+01,4.015029907226562500e+01
2.200000000000000000e+01,4.015029907226562500e+01,4.100000000000000000e+01
2.200000000000000000e+01,4.100000000000000000e+01,4.015029907226562500e+01
2.300000000000000000e+01,4.015029907226562500e+01,4.100000000000000000e+01
2.300000000000000000e+01,4.100000000000000000e+01,4.015029907226562500e+01
2.400000000000000000e+01,4.015029907226562500e+01,4.100000000000000000e+01
2.400000000000000000e+01,4.100000000000000000e+01,4.015029907226562500e+01
2.500000000000000000e+01,4.015029907226562500e+01,4.100000000000000000e+01
2.500000000000000000e+01,4.100000000000000000e+01,4.015029907226562500e+01
2.600000000000000000e+01,4.015029907226562500e+01,4.100000000000000000e+01
2.600000000000000000e+01,4.100000000000000000e+01,4.015029907226562500e+01
2.700000000000000000e+01,4.015029907226562500e+01,4.100000000000000000e+01
2.700000000000000000e+01,4.100000000000000000e+01,4.015029907226562500e+01
2.800000000000000000e+01,4.015029907226562500e+01,4.100000000000000000e+01
2.800000000000000000e+01,4.100000000000000000e+01,4.015029907226562500e+01
2.900000000000000000e+01,4.015029907226562500e+01,4.100000000000000000e+01
2.900000000000000000e+01,4.100000000000000000e+01,4.015029907226562500e+01
3.000000000000000000e+01,4.015029907226562500e+01,4.100000000000000000e+01
3.000000000000000000e+01,4.100000000000000000e+01,4.015029907226562500e+01
3.100000000000000000e+01,4.015029907226562500e+01,4.100000000000000000e+01
3.100000000000000000e+01,4.100000000000000000e+01,4.015029907226562500e+01
3.200000000000000000e+01,4.015029907226562500e+01,4.100000000000000000e+01
3.200000000000000000e+01,4.100000000000000000e+01,4.015029907226562500e+01
3.300000000000000000e+01,4.015029907226562500e+01,4.100000000000000000e+01
3.300000000000000000e+01,4.100000000000000000e+01,4.015029907226562500e+01
3.400000000000000000e+01,4.015029907226562500e+01,4.100000000000000000e+01
3.400000000000000000e+01,4.100000000000000000e+01,4.015029907226562500e+01
3.500000000000000000e+01,4.015029907226562500e+01,4.100000000000000000e+01
3.500000000000000000e+01,4.100000000000000000e+01,4.015029907226562500e+01
3.600000000000000000e+01,4.015029907226562500e+01,4.100000000000000000e+01
3.600000000000000000e+01,4.100000000000000000e+01,4.015029907226562500e+01
3.700000000000000000e+01,4.015029907226562500e+01,4.100000000000000000e+01
3.700000000000000000e+01,4.100000000000000000e+01,4.015029907226562500e+01
3.800000000000000000e+01,4.015029907226562500e+01,4.100000000000000000e+01
3.800000000000000000e+01,4.100000000000000000e+01,4.015029907226562500e+01
3.900000000000000000e+01,4.015029907226562500e+01,4.100000000000000000e+01
3.900000000000000000e+01,4.100000000000000000e+01,4.015029907226562500e+01
4.000000000000000000e+01,4.015029907226562500e+01,4.100000000000000000e+01
4.000000000000000000e+01,4.100000000000000000e+01,4.015029907226562500e+01
4.100000000000000000e+01,4.015029907226562500e+01,4.100000000000000000e+01
4.100000000000000000e+01,4.100000000000000000e+01,4.015029907226562500e+01
4.200000000000000000e+01,4.015029907226562500e+01,4.100000000000000000e+01
4.200000000000000000e+01,4.100000000000000000e+01,4.015029907226562500e+01
4.300000000000000000e+01,4.015029907226562500e+01,4.100000000000000000e+01
4.300000000000000000e+01,4.100000000000000000e+01,4.015029907226562500e+01
4.400000000000000000e+01,4.015029907226562500e+01,4.100000000000000000e+01
4.400000000000000000e+01,4.100000000000000000e+01,4.015029907226562500e+01
4.500000000000000000e+01,4.015029907226562500e+01,4.100000000000000000e+01
4.500000000000000000e+01,4.100000000000000000e+01,4.015029907226562500e+01
4.600000000000000000e+01,4.015029907226562500e+01,4.100000000000000000e+01
4.600000000000000000e+01,4.100000000000000000e+01,4.015029907226562500e+01
4.700000000000000000e+01,4.015029907226562500e+01,4.100000000000000000e+01
4.700000000000000000e+01,4.100000000000000000e+01,4.015029907226562500e+01
4.800000000000000000e+01,4.015029907226562500e+01,4.100000000000000000e+01
4.800000000000000000e+01,4.100000000000000000e+01,4.015029907226562500e+01
4.900000000000000000e+01,4.015029907226562500e+01,4.100000000000000000e+01
4.900000000000000000e+01,4.100000000000000000e+01,4.015029907226562500e+01
5.000000000000000000e+01,4.015029907226562500e+01,4.100000000000000000e+01
5.000000000000000000e+01,4.100000000000000000e+01,4.015029907226562500e+01
5.100000000000000000e+01,4.015029907226562500e+01,4.100000000000000000e+01
5.100000000000000000e+01,4.100000000000000000e+01,4.015029907226562500e+01
5.200000000000000000e+01,4.015029907226562500e+01,4.100000000000000000e+01
5.200000000000000000e+01,4.100000000000000000e+01,4.015029907226562500e+01
5.300000000000000000e+01,4.015029907226562500e+01,4.100000000000000000e+01
5.300000000000000000e+01,4.100000000000000000e+01,4.015029907226562500e+01
5.400000000000000000e+01,4.015029907226562500e+01,4.100000000000000000e+01
5.400000000000000000e+01,4.100000000000000000e+01,4.015029907226562500e+01
5.500000000000000000e+01,4.015029907226562500e+01,4.100000000000000000e+01
5.500000000000000000e+01,4.100000000000000000e+01,4.015029907226562500e+01
5.600000000000000000e+01,4.015029907226562500e+01,4.100000000000000000e+01
5.600000000000000000e+01,4.100000000000000000e+01,4.015029907226562500e+01
5.700000000000000000e+01,4.015029907226562500e+01,4.100000000000000000e+01
5.700000000000000000e+01,4.100000000000000000e+01,4.015029907226562500e+01
5.800000000000000000e+01,4.015029907226562500e+01,4.100000000000000000e+01
5.800000000000000000e+01,4.100000000000000000e+01,4.015029907226562500e+01
5.900000000000000000e+01,4.015029907226562500e+01,4.100000000000000000e+01
5.900000000000000000e+01,4.100000000000000000e+01,4.015029907226562500e+01
1.000000000000000000e+00,2.000000000000000000e+01,4.113859939575195312e+01
0.000000000000000000e+00,2.000000000000000000e+01,4.113859939575195312e+01
2.000000000000000000e+00,2.000000000000000000e+01,4.113859939575195312e+01
3.000000000000000000e+00,2.000000000000000000e+01,4.113859939575195312e+01
4.000000000000000000e+00,2.000000000000000000e+01,4.113859939575195312e+01
5.000000000000000000e+00,2.000000000000000000e+01,4.113859939575195312e+01
6.000000000000000000e+00,2.000000000000000000e+01,4.113859939575195312e+01
7.000000000000000000e+00,2.000000000000000000e+01,4.113859939575195312e+01
8.000000000000000000e+00,2.000000000000000000e+01,4.113859939575195312e+01
9.000000000000000000e+00,2.000000000000000000e+01,4.113859939575195312e+01
1.000000000000000000e+01,2.000000000000000000e+01,4.113859939575195312e+01
1.100000000000000000e+01,2.000000000000000000e+01,4.113859939575195312e+01
1.200000000000000000e+01,2.000000000000000000e+01,4.113859939575195312e+01
1.300000000000000000e+01,2.000000000000000000e+01,4.113859939575195312e+01
1.400000000000000000e+01,2.000000000000000000e+01,4.113859939575195312e+01
1.500000000000000000e+01,2.000000000000000000e+01,4.113859939575195312e+01
1.600000000000000000e+01,2.000000000000000000e+01,4.113859939575195312e+01
1.700000000000000000e+01,2.000000000000000000e+01,4.113859939575195312e+01
1.800000000000000000e+01,2.000000000000000000e+01,4.113859939575195312e+01
1.900000000000000000e+01,2.000000000000000000e+01,4.113859939575195312e+01
2.000000000000000000e+01,2.000000000000000000e+01,4.113859939575195312e+01
2.100000000000000000e+01,2.000000000000000000e+01,4.113859939575195312e+01
2.200000000000000000e+01,2.000000000000000000e+01,4.113859939575195312e+01
2.300000000000000000e+01,2.000000000000000000e+01,4.113859939575195312e+01
2.400000000000000000e+01,2.000000000000000000e+01,4.113859939575195312e+01
2.500000000000000000e+01,2.000000000000000000e+01,4.113859939575195312e+01
2.600000000000000000e+01,2.000000000000000000e+01,4.113859939575195312e+01
2.700000000000000000e+01,2.000000000000000000e+01,4.113859939575195312e+01
2.800000000000000000e+01,2.000000000000000000e+01,4.113859939575195312e+01
2.900000000000000000e+01,2.000000000000000000e+01,4.113859939575195312e+01
3.000000000000000000e+01,2.000000000000000000e+01,4.113859939575195312e+01
3.100000000000000000e+01,2.000000000000000000e+01,4.113859939575195312e+01
3.200000000000000000e+01,2.000000000000000000e+01,4.113859939575195312e+01
3.300000000000000000e+01,2.000000000000000000e+01,4.113859939575195312e+01
3.400000000000000000e+01,2.000000000000000000e+01,4.113859939575195312e+01
3.500000000000000000e+01,2.000000000000000000e+01,4.113859939575195312e+01
3.600000000000000000e+01,2.000000000000000000e+01,4.113859939575195312e+01
3.700000000000000000e+01,2.000000000000000000e+01,4.113859939575195312e+01
3.800000000000000000e+01,2.000000000000000000e+01,4.113859939575195312e+01
3.900000000000000000e+01,2.000000000000000000e+01,4.113859939575195312e+01
4.000000000000000000e+01,2.000000000000000000e+01,4.113859939575195312e+01
4.100000000000000000e+01,2.000000000000000000e+01,4.113859939575195312e+01
4.200000000000000000e+01,2.000000000000000000e+01,4.113859939575195312e+01
4.300000000000000000e+01,2.000000000000000000e+01,4.113859939575195312e+01
4.400000000000000000e+01,2.000000000000000000e+01,4.113859939575195312e+01
4.500000000000000000e+01,2.000000000000000000e+01,4.113859939575195312e+01
4.600000000000000000e+01,2.000000000000000000e+01,4.113859939575195312e+01
4.700000000000000000e+01,2.000000000000000000e+01,4.113859939575195312e+01
4.800000000000000000e+01,2.000000000000000000e+01,4.113859939575195312e+01
4.900000000000000000e+01,2.000000000000000000e+01,4.113859939575195312e+01
5.000000000000000000e+01,2.000000000000000000e+01,4.113859939575195312e+01
5.100000000000000000e+01,2.000000000000000000e+01,4.113859939575195312e+01
5.200000000000000000e+01,2.000000000000000000e+01,4.113859939575195312e+01
5.300000000000000000e+01,2.000000000000000000e+01,4.113859939575195312e+01
5.400000000000000000e+01,2.000000000000000000e+01,4.113859939575195312e+01
5.500000000000000000e+01,2.000000000000000000e+01,4.113859939575195312e+01
5.600000000000000000e+01,2.000000000000000000e+01,4.113859939575195312e+01
5.700000000000000000e+01,2.000000000000000000e+01,4.113859939575195312e+01
5.800000000000000000e+01,2.000000000000000000e+01,4.113859939575195312e+01
5.900000000000000000e+01,2.000000000000000000e+01,4.113859939575195312e+01
1.000000000000000000e+00,2.100000000000000000e+01,4.195500183105468750e+01
0.000000000000000000e+00,2.100000000000000000e+01,4.195500183105468750e+01
2.000000000000000000e+00,2.100000000000000000e+01,4.195500183105468750e+01
3.000000000000000000e+00,2.100000000000000000e+01,4.195500183105468750e+01
4.000000000000000000e+00,2.100000000000000000e+01,4.195500183105468750e+01
5.000000000000000000e+00,2.100000000000000000e+01,4.195500183105468750e+01
6.000000000000000000e+00,2.100000000000000000e+01,4.195500183105468750e+01
7.000000000000000000e+00,2.100000000000000000e+01,4.195500183105468750e+01
8.000000000000000000e+00,2.100000000000000000e+01,4.195500183105468750e+01
9.000000000000000000e+00,2.100000000000000000e+01,4.195500183105468750e+01
1.000000000000000000e+01,2.100000000000000000e+01,4.195500183105468750e+01
1.100000000000000000e+01,2.100000000000000000e+01,4.195500183105468750e+01
1.200000000000000000e+01,2.100000000000000000e+01,4.195500183105468750e+01
1.300000000000000000e+01,2.100000000000000000e+01,4.195500183105468750e+01
1.400000000000000000e+01,2.100000000000000000e+01,4.195500183105468750e+01
1.500000000000000000e+01,2.100000000000000000e+01,4.195500183105468750e+01
1.600000000000000000e+01,2.100000000000000000e+01,4.195500183105468750e+01
1.700000000000000000e+01,2.100000000000000000e+01,4.195500183105468750e+01
1.800000000000000000e+01,2.100000000000000000e+01,4.195500183105468750e+01
1.900000000000000000e+01,2.100000000000000000e+01,4.195500183105468750e+01
2.000000000000000000e+01,2.100000000000000000e+01,4.195500183105468750e+01
2.100000000000000000e+01,2.100000000000000000e+01,4.195500183105468750e+01
2.200000000000000000e+01,2.100000000000000000e+01,4.195500183105468750e+01
2.300000000000000000e+01,2.100000000000000000e+01,4.195500183105468750e+01
2.400000000000000000e+01,2.100000000000000000e+01,4.195500183105468750e+01
2.500000000000000000e+01,2.100000000000000000e+01,4.195500183105468750e+01
2.600000000000000000e+01,2.100000000000000000e+01,4.195500183105468750e+01
2.700000000000000000e+01,2.100000000000000000e+01,4.195500183105468750e+01
2.800000000000000000e+01,2.100000000000000000e+01,4.195500183105468750e+01
2.900000000000000000e+01,2.100000000000000000e+01,4.195500183105468750e+01
3.000000000000000000e+01,2.100000000000000000e+01,4.195500183105468750e+01
3.100000000000000000e+01,2.100000000000000000e+01,4.195500183105468750e+01
3.200000000000000000e+01,2.100000000000000000e+01,4.195500183105468750e+01
3.300000000000000000e+01,2.100000000000000000e+01,4.195500183105468750e+01
3.400000000000000000e+01,2.100000000000000000e+01,4.195500183105468750e+01
3.500000000000000000e+01,2.100000000000000000e+01,4.195500183105468750e+01
3.600000000000000000e+01,2.100000000000000000e+01,4.195500183105468750e+01
3.700000000000000000e+01,2.100000000000000000e+01,4.195500183105468750e+01
3.800000000000000000e+01,2.100000000000000000e+01,4.195500183105468750e+01
3.900000000000000000e+01,2.100000000000000000e+01,4.195500183105468750e+01
4.000000000000000000e+01,2.100000000000000000e+01,4.195500183105468750e+01
4.100000000000000000e+01,2.100000000000000000e+01,4.195500183105468750e+01
4.200000000000000000e+01,2.100000000000000000e+01,4.195500183105468750e+01
4.300000000000000000e+01,2.100000000000000000e+01,4.195500183105468750e+01
4.400000000000000000e+01,2.100000000000000000e+01,4.195500183105468750e+01
4.500000000000000000e+01,2.100000000000000000e+01,4.195500183105468750e+01
4.600000000000000000e+01,2.100000000000000000e+01,4.195500183105468750e+01
4.700000000000000000e+01,2.100000000000000000e+01,4.195500183105468750e+01
4.800000000000000000e+01,2.100000000000000000e+01,4.195500183105468750e+01
4.900000000000000000e+01,2.100000000000000000e+01,4.195500183105468750e+01
5.000000000000000000e+01,2.100000000000000000e+01,4.195500183105468750e+01
5.100000000000000000e+01,2.100000000000000000e+01,4.195500183105468750e+01
5.200000000000000000e+01,2.100000000000000000e+01,4.195500183105468750e+01
5.300000000000000000e+01,2.100000000000000000e+01,4.195500183105468750e+01
5.400000000000000000e+01,2.100000000000000000e+01,4.195500183105468750e+01
5.500000000000000000e+01,2.100000000000000000e+01,4.195500183105468750e+01
5.600000000000000000e+01,2.100000000000000000e+01,4.195500183105468750e+01
5.700000000000000000e+01,2.100000000000000000e+01,4.195500183105468750e+01
5.800000000000000000e+01,2.100000000000000000e+01,4.195500183105468750e+01
5.900000000000000000e+01,2.100000000000000000e+01,4.195500183105468750e+01
0.000000000000000000e+00,2.105960083007812500e+01,4.200000000000000000e+01
1.000000000000000000e+00,2.105960083007812500e+01,4.200000000000000000e+01
2.000000000000000000e+00,2.105960083007812500e+01,4.200000000000000000e+01
3.000000000000000000e+00,2.105960083007812500e+01,4.200000000000000000e+01
4.000000000000000000e+00,2.105960083007812500e+01,4.200000000000000000e+01
5.000000000000000000e+00,2.105960083007812500e+01,4.200000000000000000e+01
6.000000000000000000e+00,2.105960083007812500e+01,4.200000000000000000e+01
7.000000000000000000e+00,2.105960083007812500e+01,4.200000000000000000e+01
8.000000000000000000e+00,2.105960083007812500e+01,4.200000000000000000e+01
9.000000000000000000e+00,2.105960083007812500e+01,4.200000000000000000e+01
1.000000000000000000e+01,2.105960083007812500e+01,4.200000000000000000e+01
1.100000000000000000e+01,2.105960083007812500e+01,4.200000000000000000e+01
1.200000000000000000e+01,2.105960083007812500e+01,4.200000000000000000e+01
1.300000000000000000e+01,2.105960083007812500e+01,4.200000000000000000e+01
1.400000000000000000e+01,2.105960083007812500e+01,4.200000000000000000e+01
1.500000000000000000e+01,2.105960083007812500e+01,4.200000000000000000e+01
1.600000000000000000e+01,2.105960083007812500e+01,4.200000000000000000e+01
1.700000000000000000e+01,2.105960083007812500e+01,4.200000000000000000e+01
1.800000000000000000e+01,2.105960083007812500e+01,4.200000000000000000e+01
1.900000000000000000e+01,2.105960083007812500e+01,4.200000000000000000e+01
2.000000000000000000e+01,2.105960083007812500e+01,4.200000000000000000e+01
2.100000000000000000e+01,2.105960083007812500e+01,4.200000000000000000e+01
2.200000000000000000e+01,2.105960083007812500e+01,4.200000000000000000e+01
2.300000000000000000e+01,2.105960083007812500e+01,4.200000000000000000e+01
2.400000000000000000e+01,2.105960083007812500e+01,4.200000000000000000e+01
2.500000000000000000e+01,2.105960083007812500e+01,4.200000000000000000e+01
2.600000000000000000e+01,2.105960083007812500e+01,4.200000000000000000e+01
2.700000000000000000e+01,2.105960083007812500e+01,4.200000000000000000e+01
2.800000000000000000e+01,2.105960083007812500e+01,4.200000000000000000e+01
2.900000000000000000e+01,2.105960083007812500e+01,4.200000000000000000e+01
3.000000000000000000e+01,2.105960083007812500e+01,4.200000000000000000e+01
3.100000000000000000e+01,2.105960083007812500e+01,4.200000000000000000e+01
3.200000000000000000e+01,2.105960083007812500e+01,4.200000000000000000e+01
3.300000000000000000e+01,2.105960083007812500e+01,4.200000000000000000e+01
3.400000000000000000e+01,2.105960083007812500e+01,4.200000000000000000e+01
3.500000000000000000e+01,2.105960083007812500e+01,4.200000000000000000e+01
3.600000000000000000e+01,2.105960083007812500e+01,4.200000000000000000e+01
3.700000000000000000e+01,2.105960083007812500e+01,4.200000000000000000e+01
3.800000000000000000e+01,2.105960083007812500e+01,4.200000000000000000e+01
3.900000000000000000e+01,2.105960083007812500e+01,4.200000000000000000e+01
4.000000000000000000e+01,2.105960083007812500e+01,4.200000000000000000e+01
4.100000000000000000e+01,2.105960083007812500e+01,4.200000000000000000e+01
4.200000000000000000e+01,2.105960083007812500e+01,4.200000000000000000e+01
4.300000000000000000e+01,2.105960083007812500e+01,4.200000000000000000e+01
4.400000000000000000e+01,2.105960083007812500e+01,4.200000000000000000e+01
4.500000000000000000e+01,2.105960083007812500e+01,4.200000000000000000e+01
4.600000000000000000e+01,2.105960083007812500e+01,4.200000000000000000e+01
4.700000000000000000e+01,2.105960083007812500e+01,4.200000000000000000e+01
4.800000000000000000e+01,2.105960083007812500e+01,4.200000000000000000e+01
4.900000000000000000e+01,2.105960083007812500e+01,4.200000000000000000e+01
5.000000000000000000e+01,2.105960083007812500e+01,4.200000000000000000e+01
5.100000000000000000e+01,2.105960083007812500e+01,4.200000000000000000e+01
5.200000000000000000e+01,2.105960083007812500e+01,4.200000000000000000e+01
5.300000000000000000e+01,2.105960083007812500e+01,4.200000000000000000e+01
5.400000000000000000e+01,2.105960083007812500e+01,4.200000000000000000e+01
5.500000000000000000e+01,2.105960083007812500e+01,4.200000000000000000e+01
5.600000000000000000e+01,2.105960083007812500e+01,4.200000000000000000e+01
5.700000000000000000e+01,2.105960083007812500e+01,4.200000000000000000e+01
5.800000000000000000e+01,2.105960083007812500e+01,4.200000000000000000e+01
5.900000000000000000e+01,2.105960083007812500e+01,4.200000000000000000e+01
0.000000000000000000e+00,3.900000000000000000e+01,4.195500183105468750e+01
1.000000000000000000e+00,3.894039916992187500e+01,4.200000000000000000e+01
1.000000000000000000e+00,3.900000000000000000e+01,4.195500183105468750e+01
0.000000000000000000e+00,3.894039916992187500e+01,4.200000000000000000e+01
2.000000000000000000e+00,3.894039916992187500e+01,4.200000000000000000e+01
2.000000000000000000e+00,3.900000000000000000e+01,4.195500183105468750e+01
3.000000000000000000e+00,3.894039916992187500e+01,4.200000000000000000e+01
3.000000000000000000e+00,3.900000000000000000e+01,4.195500183105468750e+01
4.000000000000000000e+00,3.894039916992187500e+01,4.200000000000000000e+01
4.000000000000000000e+00,3.900000000000000000e+01,4.195500183105468750e+01
5.000000000000000000e+00,3.894039916992187500e+01,4.200000000000000000e+01
5.000000000000000000e+00,3.900000000000000000e+01,4.195500183105468750e+01
6.000000000000000000e+00,3.894039916992187500e+01,4.200000000000000000e+01
6.000000000000000000e+00,3.900000000000000000e+01,4.195500183105468750e+01
7.000000000000000000e+00,3.894039916992187500e+01,4.200000000000000000e+01
7.000000000000000000e+00,3.900000000000000000e+01,4.195500183105468750e+01
8.000000000000000000e+00,3.894039916992187500e+01,4.200000000000000000e+01
8.000000000000000000e+00,3.900000000000000000e+01,4.195500183105468750e+01
9.000000000000000000e+00,3.894039916992187500e+01,4.200000000000000000e+01
9.000000000000000000e+00,3.900000000000000000e+01,4.195500183105468750e+01
1.000000000000000000e+01,3.894039916992187500e+01,4.200000000000000000e+01
1.000000000000000000e+01,3.900000000000000000e+01,4.195500183105468750e+01
1.100000000000000000e+01,3.894039916992187500e+01,4.200000000000000000e+01
1.100000000000000000e+01,3.900000000000000000e+01,4.195500183105468750e+01
1.200000000000000000e+01,3.894039916992187500e+01,4.200000000000000000e+01
1.200000000000000000e+01,3.900000000000000000e+01,4.195500183105468750e+01
1.300000000000000000e+01,3.894039916992187500e+01,4.200000000000000000e+01
1.300000000000000000e+01,3.900000000000000000e+01,4.195500183105468750e+01
1.400000000000000000e+01,3.894039916992187500e+01,4.200000000000000000e+01
1.400000000000000000e+01,3.900000000000000000e+01,4.195500183105468750e+01
1.500000000000000000e+01,3.894039916992187500e+01,4.200000000000000000e+01
1.500000000000000000e+01,3.900000000000000000e+01,4.195500183105468750e+01
1.600000000000000000e+01,3.894039916992187500e+01,4.200000000000000000e+01
1.600000000000000000e+01,3.900000000000000000e+01,4.195500183105468750e+01
1.700000000000000000e+01,3.894039916992187500e+01,4.200000000000000000e+01
1.700000000000000000e+01,3.900000000000000000e+01,4.195500183105468750e+01
1.800000000000000000e+01,3.894039916992187500e+01,4.200000000000000000e+01
1.800000000000000000e+01,3.900000000000000000e+01,4.195500183105468750e+01
1.900000000000000000e+01,3.894039916992187500e+01,4.200000000000000000e+01
1.900000000000000000e+01,3.900000000000000000e+01,4.195500183105468750e+01
2.000000000000000000e+01,3.894039916992187500e+01,4.200000000000000000e+01
2.000000000000000000e+01,3.900000000000000000e+01,4.195500183105468750e+01
2.100000000000000000e+01,3.894039916992187500e+01,4.200000000000000000e+01
2.100000000000000000e+01,3.900000000000000000e+01,4.195500183105468750e+01
2.200000000000000000e+01,3.894039916992187500e+01,4.200000000000000000e+01
2.200000000000000000e+01,3.900000000000000000e+01,4.195500183105468750e+01
2.300000000000000000e+01,3.894039916992187500e+01,4.200000000000000000e+01
2.300000000000000000e+01,3.900000000000000000e+01,4.195500183105468750e+01
2.400000000000000000e+01,3.894039916992187500e+01,4.200000000000000000e+01
2.400000000000000000e+01,3.900000000000000000e+01,4.195500183105468750e+01
2.500000000000000000e+01,3.894039916992187500e+01,4.200000000000000000e+01
2.500000000000000000e+01,3.900000000000000000e+01,4.195500183105468750e+01
2.600000000000000000e+01,3.894039916992187500e+01,4.200000000000000000e+01
2.600000000000000000e+01,3.900000000000000000e+01,4.195500183105468750e+01
2.700000000000000000e+01,3.894039916992187500e+01,4.200000000000000000e+01
2.700000000000000000e+01,3.900000000000000000e+01,4.195500183105468750e+01
2.800000000000000000e+01,3.894039916992187500e+01,4.200000000000000000e+01
2.800000000000000000e+01,3.900000000000000000e+01,4.195500183105468750e+01
2.900000000000000000e+01,3.894039916992187500e+01,4.200000000000000000e+01
2.900000000000000000e+01,3.900000000000000000e+01,4.195500183105468750e+01
3.000000000000000000e+01,3.894039916992187500e+01,4.200000000000000000e+01
3.000000000000000000e+01,3.900000000000000000e+01,4.195500183105468750e+01
3.100000000000000000e+01,3.894039916992187500e+01,4.200000000000000000e+01
3.100000000000000000e+01,3.900000000000000000e+01,4.195500183105468750e+01
3.200000000000000000e+01,3.894039916992187500e+01,4.200000000000000000e+01
3.200000000000000000e+01,3.900000000000000000e+01,4.195500183105468750e+01
3.300000000000000000e+01,3.894039916992187500e+01,4.200000000000000000e+01
3.300000000000000000e+01,3.900000000000000000e+01,4.195500183105468750e+01
3.400000000000000000e+01,3.894039916992187500e+01,4.200000000000000000e+01
3.400000000000000000e+01,3.900000000000000000e+01,4.195500183105468750e+01
3.500000000000000000e+01,3.894039916992187500e+01,4.200000000000000000e+01
3.500000000000000000e+01,3.900000000000000000e+01,4.195500183105468750e+01
3.600000000000000000e+01,3.894039916992187500e+01,4.200000000000000000e+01
3.600000000000000000e+01,3.900000000000000000e+01,4.195500183105468750e+01
3.700000000000000000e+01,3.894039916992187500e+01,4.200000000000000000e+01
3.700000000000000000e+01,3.900000000000000000e+01,4.195500183105468750e+01
3.800000000000000000e+01,3.894039916992187500e+01,4.200000000000000000e+01
3.800000000000000000e+01,3.900000000000000000e+01,4.195500183105468750e+01
3.900000000000000000e+01,3.894039916992187500e+01,4.200000000000000000e+01
3.900000000000000000e+01,3.900000000000000000e+01,4.195500183105468750e+01
4.000000000000000000e+01,3.894039916992187500e+01,4.200000000000000000e+01
4.000000000000000000e+01,3.900000000000000000e+01,4.195500183105468750e+01
4.100000000000000000e+01,3.894039916992187500e+01,4.200000000000000000e+01
4.100000000000000000e+01,3.900000000000000000e+01,4.195500183105468750e+01
4.200000000000000000e+01,3.894039916992187500e+01,4.200000000000000000e+01
4.200000000000000000e+01,3.900000000000000000e+01,4.195500183105468750e+01
4.300000000000000000e+01,3.894039916992187500e+01,4.200000000000000000e+01
4.300000000000000000e+01,3.900000000000000000e+01,4.195500183105468750e+01
4.400000000000000000e+01,3.894039916992187500e+01,4.200000000000000000e+01
4.400000000000000000e+01,3.900000000000000000e+01,4.195500183105468750e+01
4.500000000000000000e+01,3.894039916992187500e+01,4.200000000000000000e+01
4.500000000000000000e+01,3.900000000000000000e+01,4.195500183105468750e+01
4.600000000000000000e+01,3.894039916992187500e+01,4.200000000000000000e+01
4.600000000000000000e+01,3.900000000000000000e+01,4.195500183105468750e+01
4.700000000000000000e+01,3.894039916992187500e+01,4.200000000000000000e+01
4.700000000000000000e+01,3.900000000000000000e+01,4.195500183105468750e+01
4.800000000000000000e+01,3.894039916992187500e+01,4.200000000000000000e+01
4.800000000000000000e+01,3.900000000000000000e+01,4.195500183105468750e+01
4.900000000000000000e+01,3.894039916992187500e+01,4.200000000000000000e+01
4.900000000000000000e+01,3.900000000000000000e+01,4.195500183105468750e+01
5.000000000000000000e+01,3.894039916992187500e+01,4.200000000000000000e+01
5.000000000000000000e+01,3.900000000000000000e+01,4.195500183105468750e+01
5.100000000000000000e+01,3.894039916992187500e+01,4.200000000000000000e+01
5.100000000000000000e+01,3.900000000000000000e+01,4.195500183105468750e+01
5.200000000000000000e+01,3.894039916992187500e+01,4.200000000000000000e+01
5.200000000000000000e+01,3.900000000000000000e+01,4.195500183105468750e+01
5.300000000000000000e+01,3.894039916992187500e+01,4.200000000000000000e+01
5.300000000000000000e+01,3.900000000000000000e+01,4.195500183105468750e+01
5.400000000000000000e+01,3.894039916992187500e+01,4.200000000000000000e+01
5.400000000000000000e+01,3.900000000000000000e+01,4.195500183105468750e+01
5.500000000000000000e+01,3.894039916992187500e+01,4.200000000000000000e+01
5.500000000000000000e+01,3.900000000000000000e+01,4.195500183105468750e+01
5.600000000000000000e+01,3.894039916992187500e+01,4.200000000000000000e+01
5.600000000000000000e+01,3.900000000000000000e+01,4.195500183105468750e+01
5.700000000000000000e+01,3.894039916992187500e+01,4.200000000000000000e+01
5.700000000000000000e+01,3.900000000000000000e+01,4.195500183105468750e+01
5.800000000000000000e+01,3.894039916992187500e+01,4.200000000000000000e+01
5.800000000000000000e+01,3.900000000000000000e+01,4.195500183105468750e+01
5.900000000000000000e+01,3.894039916992187500e+01,4.200000000000000000e+01
5.900000000000000000e+01,3.900000000000000000e+01,4.195500183105468750e+01
1.000000000000000000e+00,4.000000000000000000e+01,4.113859939575195312e+01
0.000000000000000000e+00,4.000000000000000000e+01,4.113859939575195312e+01
2.000000000000000000e+00,4.000000000000000000e+01,4.113859939575195312e+01
3.000000000000000000e+00,4.000000000000000000e+01,4.113859939575195312e+01
4.000000000000000000e+00,4.000000000000000000e+01,4.113859939575195312e+01
5.000000000000000000e+00,4.000000000000000000e+01,4.113859939575195312e+01
6.000000000000000000e+00,4.000000000000000000e+01,4.113859939575195312e+01
7.000000000000000000e+00,4.000000000000000000e+01,4.113859939575195312e+01
8.000000000000000000e+00,4.000000000000000000e+01,4.113859939575195312e+01
9.000000000000000000e+00,4.000000000000000000e+01,4.113859939575195312e+01
1.000000000000000000e+01,4.000000000000000000e+01,4.113859939575195312e+01
1.100000000000000000e+01,4.000000000000000000e+01,4.113859939575195312e+01
1.200000000000000000e+01,4.000000000000000000e+01,4.113859939575195312e+01
1.300000000000000000e+01,4.000000000000000000e+01,4.113859939575195312e+01
1.400000000000000000e+01,4.000000000000000000e+01,4.113859939575195312e+01
1.500000000000000000e+01,4.000000000000000000e+01,4.113859939575195312e+01
1.600000000000000000e+01,4.000000000000000000e+01,4.113859939575195312e+01
1.700000000000000000e+01,4.000000000000000000e+01,4.113859939575195312e+01
1.800000000000000000e+01,4.000000000000000000e+01,4.113859939575195312e+01
1.900000000000000000e+01,4.000000000000000000e+01,4.113859939575195312e+01
2.000000000000000000e+01,4.000000000000000000e+01,4.113859939575195312e+01
2.100000000000000000e+01,4.000000000000000000e+01,4.113859939575195312e+01
2.200000000000000000e+01,4.000000000000000000e+01,4.113859939575195312e+01
2.300000000000000000e+01,4.000000000000000000e+01,4.113859939575195312e+01
2.400000000000000000e+01,4.000000000000000000e+01,4.113859939575195312e+01
2.500000000000000000e+01,4.000000000000000000e+01,4.113859939575195312e+01
2.600000000000000000e+01,4.000000000000000000e+01,4.113859939575195312e+01
2.700000000000000000e+01,4.000000000000000000e+01,4.113859939575195312e+01
2.800000000000000000e+01,4.000000000000000000e+01,4.113859939575195312e+01
2.900000000000000000e+01,4.000000000000000000e+01,4.113859939575195312e+01
3.000000000000000000e+01,4.000000000000000000e+01,4.113859939575195312e+01
3.100000000000000000e+01,4.000000000000000000e+01,4.113859939575195312e+01
3.200000000000000000e+01,4.000000000000000000e+01,4.113859939575195312e+01
3.300000000000000000e+01,4.000000000000000000e+01,4.113859939575195312e+01
3.400000000000000000e+01,4.000000000000000000e+01,4.113859939575195312e+01
3.500000000000000000e+01,4.000000000000000000e+01,4.113859939575195312e+01
3.600000000000000000e+01,4.000000000000000000e+01,4.113859939575195312e+01
3.700000000000000000e+01,4.000000000000000000e+01,4.113859939575195312e+01
3.800000000000000000e+01,4.000000000000000000e+01,4.113859939575195312e+01
3.900000000000000000e+01,4.000000000000000000e+01,4.113859939575195312e+01
4.000000000000000000e+01,4.000000000000000000e+01,4.113859939575195312e+01
4.100000000000000000e+01,4.000000000000000000e+01,4.113859939575195312e+01
4.200000000000000000e+01,4.000000000000000000e+01,4.113859939575195312e+01
4.300000000000000000e+01,4.000000000000000000e+01,4.113859939575195312e+01
4.400000000000000000e+01,4.000000000000000000e+01,4.113859939575195312e+01
4.500000000000000000e+01,4.000000000000000000e+01,4.113859939575195312e+01
4.600000000000000000e+01,4.000000000000000000e+01,4.113859939575195312e+01
4.700000000000000000e+01,4.000000000000000000e+01,4.113859939575195312e+01
4.800000000000000000e+01,4.000000000000000000e+01,4.113859939575195312e+01
4.900000000000000000e+01,4.000000000000000000e+01,4.113859939575195312e+01
5.000000000000000000e+01,4.000000000000000000e+01,4.113859939575195312e+01
5.100000000000000000e+01,4.000000000000000000e+01,4.113859939575195312e+01
5.200000000000000000e+01,4.000000000000000000e+01,4.113859939575195312e+01
5.300000000000000000e+01,4.000000000000000000e+01,4.113859939575195312e+01
5.400000000000000000e+01,4.000000000000000000e+01,4.113859939575195312e+01
5.500000000000000000e+01,4.000000000000000000e+01,4.113859939575195312e+01
5.600000000000000000e+01,4.000000000000000000e+01,4.113859939575195312e+01
5.700000000000000000e+01,4.000000000000000000e+01,4.113859939575195312e+01
5.800000000000000000e+01,4.000000000000000000e+01,4.113859939575195312e+01
5.900000000000000000e+01,4.000000000000000000e+01,4.113859939575195312e+01
1.000000000000000000e+00,2.200000000000000000e+01,4.264130020141601562e+01
0.000000000000000000e+00,2.200000000000000000e+01,4.264130020141601562e+01
2.000000000000000000e+00,2.200000000000000000e+01,4.264130020141601562e+01
3.000000000000000000e+00,2.200000000000000000e+01,4.264130020141601562e+01
4.000000000000000000e+00,2.200000000000000000e+01,4.264130020141601562e+01
5.000000000000000000e+00,2.200000000000000000e+01,4.264130020141601562e+01
6.000000000000000000e+00,2.200000000000000000e+01,4.264130020141601562e+01
7.000000000000000000e+00,2.200000000000000000e+01,4.264130020141601562e+01
8.000000000000000000e+00,2.200000000000000000e+01,4.264130020141601562e+01
9.000000000000000000e+00,2.200000000000000000e+01,4.264130020141601562e+01
1.000000000000000000e+01,2.200000000000000000e+01,4.264130020141601562e+01
1.100000000000000000e+01,2.200000000000000000e+01,4.264130020141601562e+01
1.200000000000000000e+01,2.200000000000000000e+01,4.264130020141601562e+01
1.300000000000000000e+01,2.200000000000000000e+01,4.264130020141601562e+01
1.400000000000000000e+01,2.200000000000000000e+01,4.264130020141601562e+01
1.500000000000000000e+01,2.200000000000000000e+01,4.264130020141601562e+01
1.600000000000000000e+01,2.200000000000000000e+01,4.264130020141601562e+01
1.700000000000000000e+01,2.200000000000000000e+01,4.264130020141601562e+01
1.800000000000000000e+01,2.200000000000000000e+01,4.264130020141601562e+01
1.900000000000000000e+01,2.200000000000000000e+01,4.264130020141601562e+01
2.000000000000000000e+01,2.200000000000000000e+01,4.264130020141601562e+01
2.100000000000000000e+01,2.200000000000000000e+01,4.264130020141601562e+01
2.200000000000000000e+01,2.200000000000000000e+01,4.264130020141601562e+01
2.300000000000000000e+01,2.200000000000000000e+01,4.264130020141601562e+01
2.400000000000000000e+01,2.200000000000000000e+01,4.264130020141601562e+01
2.500000000000000000e+01,2.200000000000000000e+01,4.264130020141601562e+01
2.600000000000000000e+01,2.200000000000000000e+01,4.264130020141601562e+01
2.700000000000000000e+01,2.200000000000000000e+01,4.264130020141601562e+01
2.800000000000000000e+01,2.200000000000000000e+01,4.264130020141601562e+01
2.900000000000000000e+01,2.200000000000000000e+01,4.264130020141601562e+01
3.000000000000000000e+01,2.200000000000000000e+01,4.264130020141601562e+01
3.100000000000000000e+01,2.200000000000000000e+01,4.264130020141601562e+01
3.200000000000000000e+01,2.200000000000000000e+01,4.264130020141601562e+01
3.300000000000000000e+01,2.200000000000000000e+01,4.264130020141601562e+01
3.400000000000000000e+01,2.200000000000000000e+01,4.264130020141601562e+01
3.500000000000000000e+01,2.200000000000000000e+01,4.264130020141601562e+01
3.600000000000000000e+01,2.200000000000000000e+01,4.264130020141601562e+01
3.700000000000000000e+01,2.200000000000000000e+01,4.264130020141601562e+01
3.800000000000000000e+01,2.200000000000000000e+01,4.264130020141601562e+01
3.900000000000000000e+01,2.200000000000000000e+01,4.264130020141601562e+01
4.000000000000000000e+01,2.200000000000000000e+01,4.264130020141601562e+01
4.100000000000000000e+01,2.200000000000000000e+01,4.264130020141601562e+01
4.200000000000000000e+01,2.200000000000000000e+01,4.264130020141601562e+01
4.300000000000000000e+01,2.200000000000000000e+01,4.264130020141601562e+01
4.400000000000000000e+01,2.200000000000000000e+01,4.264130020141601562e+01
4.500000000000000000e+01,2.200000000000000000e+01,4.264130020141601562e+01
4.600000000000000000e+01,2.200000000000000000e+01,4.264130020141601562e+01
4.700000000000000000e+01,2.200000000000000000e+01,4.264130020141601562e+01
4.800000000000000000e+01,2.200000000000000000e+01,4.264130020141601562e+01
4.900000000000000000e+01,2.200000000000000000e+01,4.264130020141601562e+01
5.000000000000000000e+01,2.200000000000000000e+01,4.264130020141601562e+01
5.100000000000000000e+01,2.200000000000000000e+01,4.264130020141601562e+01
5.200000000000000000e+01,2.200000000000000000e+01,4.264130020141601562e+01
5.300000000000000000e+01,2.200000000000000000e+01,4.264130020141601562e+01
5.400000000000000000e+01,2.200000000000000000e+01,4.264130020141601562e+01
5.500000000000000000e+01,2.200000000000000000e+01,4.264130020141601562e+01
5.600000000000000000e+01,2.200000000000000000e+01,4.264130020141601562e+01
5.700000000000000000e+01,2.200000000000000000e+01,4.264130020141601562e+01
5.800000000000000000e+01,2.200000000000000000e+01,4.264130020141601562e+01
5.900000000000000000e+01,2.200000000000000000e+01,4.264130020141601562e+01
0.000000000000000000e+00,2.259469985961914062e+01,4.300000000000000000e+01
1.000000000000000000e+00,2.259469985961914062e+01,4.300000000000000000e+01
2.000000000000000000e+00,2.259469985961914062e+01,4.300000000000000000e+01
3.000000000000000000e+00,2.259469985961914062e+01,4.300000000000000000e+01
4.000000000000000000e+00,2.259469985961914062e+01,4.300000000000000000e+01
5.000000000000000000e+00,2.259469985961914062e+01,4.300000000000000000e+01
6.000000000000000000e+00,2.259469985961914062e+01,4.300000000000000000e+01
7.000000000000000000e+00,2.259469985961914062e+01,4.300000000000000000e+01
8.000000000000000000e+00,2.259469985961914062e+01,4.300000000000000000e+01
9.000000000000000000e+00,2.259469985961914062e+01,4.300000000000000000e+01
1.000000000000000000e+01,2.259469985961914062e+01,4.300000000000000000e+01
1.100000000000000000e+01,2.259469985961914062e+01,4.300000000000000000e+01
1.200000000000000000e+01,2.259469985961914062e+01,4.300000000000000000e+01
1.300000000000000000e+01,2.259469985961914062e+01,4.300000000000000000e+01
1.400000000000000000e+01,2.259469985961914062e+01,4.300000000000000000e+01
1.500000000000000000e+01,2.259469985961914062e+01,4.300000000000000000e+01
1.600000000000000000e+01,2.259469985961914062e+01,4.300000000000000000e+01
1.700000000000000000e+01,2.259469985961914062e+01,4.300000000000000000e+01
1.800000000000000000e+01,2.259469985961914062e+01,4.300000000000000000e+01
1.900000000000000000e+01,2.259469985961914062e+01,4.300000000000000000e+01
2.000000000000000000e+01,2.259469985961914062e+01,4.300000000000000000e+01
2.100000000000000000e+01,2.259469985961914062e+01,4.300000000000000000e+01
2.200000000000000000e+01,2.259469985961914062e+01,4.300000000000000000e+01
2.300000000000000000e+01,2.259469985961914062e+01,4.300000000000000000e+01
2.400000000000000000e+01,2.259469985961914062e+01,4.300000000000000000e+01
2.500000000000000000e+01,2.259469985961914062e+01,4.300000000000000000e+01
2.600000000000000000e+01,2.259469985961914062e+01,4.300000000000000000e+01
2.700000000000000000e+01,2.259469985961914062e+01,4.300000000000000000e+01
2.800000000000000000e+01,2.259469985961914062e+01,4.300000000000000000e+01
2.900000000000000000e+01,2.259469985961914062e+01,4.300000000000000000e+01
3.000000000000000000e+01,2.259469985961914062e+01,4.300000000000000000e+01
3.100000000000000000e+01,2.259469985961914062e+01,4.300000000000000000e+01
3.200000000000000000e+01,2.259469985961914062e+01,4.300000000000000000e+01
3.300000000000000000e+01,2.259469985961914062e+01,4.300000000000000000e+01
3.400000000000000000e+01,2.259469985961914062e+01,4.300000000000000000e+01
3.500000000000000000e+01,2.259469985961914062e+01,4.300000000000000000e+01
3.600000000000000000e+01,2.259469985961914062e+01,4.300000000000000000e+01
3.700000000000000000e+01,2.259469985961914062e+01,4.300000000000000000e+01
3.800000000000000000e+01,2.259469985961914062e+01,4.300000000000000000e+01
3.900000000000000000e+01,2.259469985961914062e+01,4.300000000000000000e+01
4.000000000000000000e+01,2.259469985961914062e+01,4.300000000000000000e+01
4.100000000000000000e+01,2.259469985961914062e+01,4.300000000000000000e+01
4.200000000000000000e+01,2.259469985961914062e+01,4.300000000000000000e+01
4.300000000000000000e+01,2.259469985961914062e+01,4.300000000000000000e+01
4.400000000000000000e+01,2.259469985961914062e+01,4.300000000000000000e+01
4.500000000000000000e+01,2.259469985961914062e+01,4.300000000000000000e+01
4.600000000000000000e+01,2.259469985961914062e+01,4.300000000000000000e+01
4.700000000000000000e+01,2.259469985961914062e+01,4.300000000000000000e+01
4.800000000000000000e+01,2.259469985961914062e+01,4.300000000000000000e+01
4.900000000000000000e+01,2.259469985961914062e+01,4.300000000000000000e+01
5.000000000000000000e+01,2.259469985961914062e+01,4.300000000000000000e+01
5.100000000000000000e+01,2.259469985961914062e+01,4.300000000000000000e+01
5.200000000000000000e+01,2.259469985961914062e+01,4.300000000000000000e+01
5.300000000000000000e+01,2.259469985961914062e+01,4.300000000000000000e+01
5.400000000000000000e+01,2.259469985961914062e+01,4.300000000000000000e+01
5.500000000000000000e+01,2.259469985961914062e+01,4.300000000000000000e+01
5.600000000000000000e+01,2.259469985961914062e+01,4.300000000000000000e+01
5.700000000000000000e+01,2.259469985961914062e+01,4.300000000000000000e+01
5.800000000000000000e+01,2.259469985961914062e+01,4.300000000000000000e+01
5.900000000000000000e+01,2.259469985961914062e+01,4.300000000000000000e+01
0.000000000000000000e+00,3.800000000000000000e+01,4.264130020141601562e+01
1.000000000000000000e+00,3.740530014038085938e+01,4.300000000000000000e+01
1.000000000000000000e+00,3.800000000000000000e+01,4.264130020141601562e+01
0.000000000000000000e+00,3.740530014038085938e+01,4.300000000000000000e+01
2.000000000000000000e+00,3.740530014038085938e+01,4.300000000000000000e+01
2.000000000000000000e+00,3.800000000000000000e+01,4.264130020141601562e+01
3.000000000000000000e+00,3.740530014038085938e+01,4.300000000000000000e+01
3.000000000000000000e+00,3.800000000000000000e+01,4.264130020141601562e+01
4.000000000000000000e+00,3.740530014038085938e+01,4.300000000000000000e+01
4.000000000000000000e+00,3.800000000000000000e+01,4.264130020141601562e+01
5.000000000000000000e+00,3.740530014038085938e+01,4.300000000000000000e+01
5.000000000000000000e+00,3.800000000000000000e+01,4.264130020141601562e+01
6.000000000000000000e+00,3.740530014038085938e+01,4.300000000000000000e+01
6.000000000000000000e+00,3.800000000000000000e+01,4.264130020141601562e+01
7.000000000000000000e+00,3.740530014038085938e+01,4.300000000000000000e+01
7.000000000000000000e+00,3.800000000000000000e+01,4.264130020141601562e+01
8.000000000000000000e+00,3.740530014038085938e+01,4.300000000000000000e+01
8.000000000000000000e+00,3.800000000000000000e+01,4.264130020141601562e+01
9.000000000000000000e+00,3.740530014038085938e+01,4.300000000000000000e+01
9.000000000000000000e+00,3.800000000000000000e+01,4.264130020141601562e+01
1.000000000000000000e+01,3.740530014038085938e+01,4.300000000000000000e+01
1.000000000000000000e+01,3.800000000000000000e+01,4.264130020141601562e+01
1.100000000000000000e+01,3.740530014038085938e+01,4.300000000000000000e+01
1.100000000000000000e+01,3.800000000000000000e+01,4.264130020141601562e+01
1.200000000000000000e+01,3.740530014038085938e+01,4.300000000000000000e+01
1.200000000000000000e+01,3.800000000000000000e+01,4.264130020141601562e+01
1.300000000000000000e+01,3.740530014038085938e+01,4.300000000000000000e+01
1.300000000000000000e+01,3.800000000000000000e+01,4.264130020141601562e+01
1.400000000000000000e+01,3.740530014038085938e+01,4.300000000000000000e+01
1.400000000000000000e+01,3.800000000000000000e+01,4.264130020141601562e+01
1.500000000000000000e+01,3.740530014038085938e+01,4.300000000000000000e+01
1.500000000000000000e+01,3.800000000000000000e+01,4.264130020141601562e+01
1.600000000000000000e+01,3.740530014038085938e+01,4.300000000000000000e+01
1.600000000000000000e+01,3.800000000000000000e+01,4.264130020141601562e+01
1.700000000000000000e+01,3.740530014038085938e+01,4.300000000000000000e+01
1.700000000000000000e+01,3.800000000000000000e+01,4.264130020141601562e+01
1.800000000000000000e+01,3.740530014038085938e+01,4.300000000000000000e+01
1.800000000000000000e+01,3.800000000000000000e+01,4.264130020141601562e+01
1.900000000000000000e+01,3.740530014038085938e+01,4.300000000000000000e+01
1.900000000000000000e+01,3.800000000000000000e+01,4.264130020141601562e+01
2.000000000000000000e+01,3.740530014038085938e+01,4.300000000000000000e+01
2.000000000000000000e+01,3.800000000000000000e+01,4.264130020141601562e+01
2.100000000000000000e+01,3.740530014038085938e+01,4.300000000000000000e+01
2.100000000000000000e+01,3.800000000000000000e+01,4.264130020141601562e+01
2.200000000000000000e+01,3.740530014038085938e+01,4.300000000000000000e+01
2.200000000000000000e+01,3.800000000000000000e+01,4.264130020141601562e+01
2.300000000000000000e+01,3.740530014038085938e+01,4.300000000000000000e+01
2.300000000000000000e+01,3.800000000000000000e+01,4.264130020141601562e+01
2.400000000000000000e+01,3.740530014038085938e+01,4.300000000000000000e+01
2.400000000000000000e+01,3.800000000000000000e+01,4.264130020141601562e+01
2.500000000000000000e+01,3.740530014038085938e+01,4.300000000000000000e+01
2.500000000000000000e+01,3.800000000000000000e+01,4.264130020141601562e+01
2.600000000000000000e+01,3.740530014038085938e+01,4.300000000000000000e+01
2.600000000000000000e+01,3.800000000000000000e+01,4.264130020141601562e+01
2.700000000000000000e+01,3.740530014038085938e+01,4.300000000000000000e+01
2.700000000000000000e+01,3.800000000000000000e+01,4.264130020141601562e+01
2.800000000000000000e+01,3.740530014038085938e+01,4.300000000000000000e+01
2.800000000000000000e+01,3.800000000000000000e+01,4.264130020141601562e+01
2.900000000000000000e+01,3.740530014038085938e+01,4.300000000000000000e+01
2.900000000000000000e+01,3.800000000000000000e+01,4.264130020141601562e+01
3.000000000000000000e+01,3.740530014038085938e+01,4.300000000000000000e+01
3.000000000000000000e+01,3.800000000000000000e+01,4.264130020141601562e+01
3.100000000000000000e+01,3.740530014038085938e+01,4.300000000000000000e+01
3.100000000000000000e+01,3.800000000000000000e+01,4.264130020141601562e+01
3.200000000000000000e+01,3.740530014038085938e+01,4.300000000000000000e+01
3.200000000000000000e+01,3.800000000000000000e+01,4.264130020141601562e+01
3.300000000000000000e+01,3.740530014038085938e+01,4.300000000000000000e+01
3.300000000000000000e+01,3.800000000000000000e+01,4.264130020141601562e+01
3.400000000000000000e+01,3.740530014038085938e+01,4.300000000000000000e+01
3.400000000000000000e+01,3.800000000000000000e+01,4.264130020141601562e+01
3.500000000000000000e+01,3.740530014038085938e+01,4.300000000000000000e+01
3.500000000000000000e+01,3.800000000000000000e+01,4.264130020141601562e+01
3.600000000000000000e+01,3.740530014038085938e+01,4.300000000000000000e+01
3.600000000000000000e+01,3.800000000000000000e+01,4.264130020141601562e+01
3.700000000000000000e+01,3.740530014038085938e+01,4.300000000000000000e+01
3.700000000000000000e+01,3.800000000000000000e+01,4.264130020141601562e+01
3.800000000000000000e+01,3.740530014038085938e+01,4.300000000000000000e+01
3.800000000000000000e+01,3.800000000000000000e+01,4.264130020141601562e+01
3.900000000000000000e+01,3.740530014038085938e+01,4.300000000000000000e+01
3.900000000000000000e+01,3.800000000000000000e+01,4.264130020141601562e+01
4.000000000000000000e+01,3.740530014038085938e+01,4.300000000000000000e+01
4.000000000000000000e+01,3.800000000000000000e+01,4.264130020141601562e+01
4.100000000000000000e+01,3.740530014038085938e+01,4.300000000000000000e+01
4.100000000000000000e+01,3.800000000000000000e+01,4.264130020141601562e+01
4.200000000000000000e+01,3.740530014038085938e+01,4.300000000000000000e+01
4.200000000000000000e+01,3.800000000000000000e+01,4.264130020141601562e+01
4.300000000000000000e+01,3.740530014038085938e+01,4.300000000000000000e+01
4.300000000000000000e+01,3.800000000000000000e+01,4.264130020141601562e+01
4.400000000000000000e+01,3.740530014038085938e+01,4.300000000000000000e+01
4.400000000000000000e+01,3.800000000000000000e+01,4.264130020141601562e+01
4.500000000000000000e+01,3.740530014038085938e+01,4.300000000000000000e+01
4.500000000000000000e+01,3.800000000000000000e+01,4.264130020141601562e+01
4.600000000000000000e+01,3.740530014038085938e+01,4.300000000000000000e+01
4.600000000000000000e+01,3.800000000000000000e+01,4.264130020141601562e+01
4.700000000000000000e+01,3.740530014038085938e+01,4.300000000000000000e+01
4.700000000000000000e+01,3.800000000000000000e+01,4.264130020141601562e+01
4.800000000000000000e+01,3.740530014038085938e+01,4.300000000000000000e+01
4.800000000000000000e+01,3.800000000000000000e+01,4.264130020141601562e+01
4.900000000000000000e+01,3.740530014038085938e+01,4.300000000000000000e+01
4.900000000000000000e+01,3.800000000000000000e+01,4.264130020141601562e+01
5.000000000000000000e+01,3.740530014038085938e+01,4.300000000000000000e+01
5.000000000000000000e+01,3.800000000000000000e+01,4.264130020141601562e+01
5.100000000000000000e+01,3.740530014038085938e+01,4.300000000000000000e+01
5.100000000000000000e+01,3.800000000000000000e+01,4.264130020141601562e+01
5.200000000000000000e+01,3.740530014038085938e+01,4.300000000000000000e+01
5.200000000000000000e+01,3.800000000000000000e+01,4.264130020141601562e+01
5.300000000000000000e+01,3.740530014038085938e+01,4.300000000000000000e+01
5.300000000000000000e+01,3.800000000000000000e+01,4.264130020141601562e+01
5.400000000000000000e+01,3.740530014038085938e+01,4.300000000000000000e+01
5.400000000000000000e+01,3.800000000000000000e+01,4.264130020141601562e+01
5.500000000000000000e+01,3.740530014038085938e+01,4.300000000000000000e+01
5.500000000000000000e+01,3.800000000000000000e+01,4.264130020141601562e+01
5.600000000000000000e+01,3.740530014038085938e+01,4.300000000000000000e+01
5.600000000000000000e+01,3.800000000000000000e+01,4.264130020141601562e+01
5.700000000000000000e+01,3.740530014038085938e+01,4.300000000000000000e+01
5.700000000000000000e+01,3.800000000000000000e+01,4.264130020141601562e+01
5.800000000000000000e+01,3.740530014038085938e+01,4.300000000000000000e+01
5.800000000000000000e+01,3.800000000000000000e+01,4.264130020141601562e+01
5.900000000000000000e+01,3.740530014038085938e+01,4.300000000000000000e+01
5.900000000000000000e+01,3.800000000000000000e+01,4.264130020141601562e+01
1.000000000000000000e+00,2.300000000000000000e+01,4.323569869995117188e+01
0.000000000000000000e+00,2.300000000000000000e+01,4.323569869995117188e+01
2.000000000000000000e+00,2.300000000000000000e+01,4.323569869995117188e+01
3.000000000000000000e+00,2.300000000000000000e+01,4.323569869995117188e+01
4.000000000000000000e+00,2.300000000000000000e+01,4.323569869995117188e+01
5.000000000000000000e+00,2.300000000000000000e+01,4.323569869995117188e+01
6.000000000000000000e+00,2.300000000000000000e+01,4.323569869995117188e+01
7.000000000000000000e+00,2.300000000000000000e+01,4.323569869995117188e+01
8.000000000000000000e+00,2.300000000000000000e+01,4.323569869995117188e+01
9.000000000000000000e+00,2.300000000000000000e+01,4.323569869995117188e+01
1.000000000000000000e+01,2.300000000000000000e+01,4.323569869995117188e+01
1.100000000000000000e+01,2.300000000000000000e+01,4.323569869995117188e+01
1.200000000000000000e+01,2.300000000000000000e+01,4.323569869995117188e+01
1.300000000000000000e+01,2.300000000000000000e+01,4.323569869995117188e+01
1.400000000000000000e+01,2.300000000000000000e+01,4.323569869995117188e+01
1.500000000000000000e+01,2.300000000000000000e+01,4.323569869995117188e+01
1.600000000000000000e+01,2.300000000000000000e+01,4.323569869995117188e+01
1.700000000000000000e+01,2.300000000000000000e+01,4.323569869995117188e+01
1.800000000000000000e+01,2.300000000000000000e+01,4.323569869995117188e+01
1.900000000000000000e+01,2.300000000000000000e+01,4.323569869995117188e+01
2.000000000000000000e+01,2.300000000000000000e+01,4.323569869995117188e+01
2.100000000000000000e+01,2.300000000000000000e+01,4.323569869995117188e+01
2.200000000000000000e+01,2.300000000000000000e+01,4.323569869995117188e+01
2.300000000000000000e+01,2.300000000000000000e+01,4.323569869995117188e+01
2.400000000000000000e+01,2.300000000000000000e+01,4.323569869995117188e+01
2.500000000000000000e+01,2.300000000000000000e+01,4.323569869995117188e+01
2.600000000000000000e+01,2.300000000000000000e+01,4.323569869995117188e+01
2.700000000000000000e+01,2.300000000000000000e+01,4.323569869995117188e+01
2.800000000000000000e+01,2.300000000000000000e+01,4.323569869995117188e+01
2.900000000000000000e+01,2.300000000000000000e+01,4.323569869995117188e+01
3.000000000000000000e+01,2.300000000000000000e+01,4.323569869995117188e+01
3.100000000000000000e+01,2.300000000000000000e+01,4.323569869995117188e+01
3.200000000000000000e+01,2.300000000000000000e+01,4.323569869995117188e+01
3.300000000000000000e+01,2.300000000000000000e+01,4.323569869995117188e+01
3.400000000000000000e+01,2.300000000000000000e+01,4.323569869995117188e+01
3.500000000000000000e+01,2.300000000000000000e+01,4.323569869995117188e+01
3.600000000000000000e+01,2.300000000000000000e+01,4.323569869995117188e+01
3.700000000000000000e+01,2.300000000000000000e+01,4.323569869995117188e+01
3.800000000000000000e+01,2.300000000000000000e+01,4.323569869995117188e+01
3.900000000000000000e+01,2.300000000000000000e+01,4.323569869995117188e+01
4.000000000000000000e+01,2.300000000000000000e+01,4.323569869995117188e+01
4.100000000000000000e+01,2.300000000000000000e+01,4.323569869995117188e+01
4.200000000000000000e+01,2.300000000000000000e+01,4.323569869995117188e+01
4.300000000000000000e+01,2.300000000000000000e+01,4.323569869995117188e+01
4.400000000000000000e+01,2.300000000000000000e+01,4.323569869995117188e+01
4.500000000000000000e+01,2.300000000000000000e+01,4.323569869995117188e+01
4.600000000000000000e+01,2.300000000000000000e+01,4.323569869995117188e+01
4.700000000000000000e+01,2.300000000000000000e+01,4.323569869995117188e+01
4.800000000000000000e+01,2.300000000000000000e+01,4.323569869995117188e+01
4.900000000000000000e+01,2.300000000000000000e+01,4.323569869995117188e+01
5.000000000000000000e+01,2.300000000000000000e+01,4.323569869995117188e+01
5.100000000000000000e+01,2.300000000000000000e+01,4.323569869995117188e+01
5.200000000000000000e+01,2.300000000000000000e+01,4.323569869995117188e+01
5.300000000000000000e+01,2.300000000000000000e+01,4.323569869995117188e+01
5.400000000000000000e+01,2.300000000000000000e+01,4.323569869995117188e+01
5.500000000000000000e+01,2.300000000000000000e+01,4.323569869995117188e+01
5.600000000000000000e+01,2.300000000000000000e+01,4.323569869995117188e+01
5.700000000000000000e+01,2.300000000000000000e+01,4.323569869995117188e+01
5.800000000000000000e+01,2.300000000000000000e+01,4.323569869995117188e+01
5.900000000000000000e+01,2.300000000000000000e+01,4.323569869995117188e+01
1.000000000000000000e+00,2.400000000000000000e+01,4.370220184326171875e+01
0.000000000000000000e+00,2.400000000000000000e+01,4.370220184326171875e+01
2.000000000000000000e+00,2.400000000000000000e+01,4.370220184326171875e+01
3.000000000000000000e+00,2.400000000000000000e+01,4.370220184326171875e+01
4.000000000000000000e+00,2.400000000000000000e+01,4.370220184326171875e+01
5.000000000000000000e+00,2.400000000000000000e+01,4.370220184326171875e+01
6.000000000000000000e+00,2.400000000000000000e+01,4.370220184326171875e+01
7.000000000000000000e+00,2.400000000000000000e+01,4.370220184326171875e+01
8.000000000000000000e+00,2.400000000000000000e+01,4.370220184326171875e+01
9.000000000000000000e+00,2.400000000000000000e+01,4.370220184326171875e+01
1.000000000000000000e+01,2.400000000000000000e+01,4.370220184326171875e+01
1.100000000000000000e+01,2.400000000000000000e+01,4.370220184326171875e+01
1.200000000000000000e+01,2.400000000000000000e+01,4.370220184326171875e+01
1.300000000000000000e+01,2.400000000000000000e+01,4.370220184326171875e+01
1.400000000000000000e+01,2.400000000000000000e+01,4.370220184326171875e+01
1.500000000000000000e+01,2.400000000000000000e+01,4.370220184326171875e+01
1.600000000000000000e+01,2.400000000000000000e+01,4.370220184326171875e+01
1.700000000000000000e+01,2.400000000000000000e+01,4.370220184326171875e+01
1.800000000000000000e+01,2.400000000000000000e+01,4.370220184326171875e+01
1.900000000000000000e+01,2.400000000000000000e+01,4.370220184326171875e+01
2.000000000000000000e+01,2.400000000000000000e+01,4.370220184326171875e+01
2.100000000000000000e+01,2.400000000000000000e+01,4.370220184326171875e+01
2.200000000000000000e+01,2.400000000000000000e+01,4.370220184326171875e+01
2.300000000000000000e+01,2.400000000000000000e+01,4.370220184326171875e+01
2.400000000000000000e+01,2.400000000000000000e+01,4.370220184326171875e+01
2.500000000000000000e+01,2.400000000000000000e+01,4.370220184326171875e+01
2.600000000000000000e+01,2.400000000000000000e+01,4.370220184326171875e+01
2.700000000000000000e+01,2.400000000000000000e+01,4.370220184326171875e+01
2.800000000000000000e+01,2.400000000000000000e+01,4.370220184326171875e+01
2.900000000000000000e+01,2.400000000000000000e+01,4.370220184326171875e+01
3.000000000000000000e+01,2.400000000000000000e+01,4.370220184326171875e+01
3.100000000000000000e+01,2.400000000000000000e+01,4.370220184326171875e+01
3.200000000000000000e+01,2.400000000000000000e+01,4.370220184326171875e+01
3.300000000000000000e+01,2.400000000000000000e+01,4.370220184326171875e+01
3.400000000000000000e+01,2.400000000000000000e+01,4.370220184326171875e+01
3.500000000000000000e+01,2.400000000000000000e+01,4.370220184326171875e+01
3.600000000000000000e+01,2.400000000000000000e+01,4.370220184326171875e+01
3.700000000000000000e+01,2.400000000000000000e+01,4.370220184326171875e+01
3.800000000000000000e+01,2.400000000000000000e+01,4.370220184326171875e+01
3.900000000000000000e+01,2.400000000000000000e+01,4.370220184326171875e+01
4.000000000000000000e+01,2.400000000000000000e+01,4.370220184326171875e+01
4.100000000000000000e+01,2.400000000000000000e+01,4.370220184326171875e+01
4.200000000000000000e+01,2.400000000000000000e+01,4.370220184326171875e+01
4.300000000000000000e+01,2.400000000000000000e+01,4.370220184326171875e+01
4.400000000000000000e+01,2.400000000000000000e+01,4.370220184326171875e+01
4.500000000000000000e+01,2.400000000000000000e+01,4.370220184326171875e+01
4.600000000000000000e+01,2.400000000000000000e+01,4.370220184326171875e+01
4.700000000000000000e+01,2.400000000000000000e+01,4.370220184326171875e+01
4.800000000000000000e+01,2.400000000000000000e+01,4.370220184326171875e+01
4.900000000000000000e+01,2.400000000000000000e+01,4.370220184326171875e+01
5.000000000000000000e+01,2.400000000000000000e+01,4.370220184326171875e+01
5.100000000000000000e+01,2.400000000000000000e+01,4.370220184326171875e+01
5.200000000000000000e+01,2.400000000000000000e+01,4.370220184326171875e+01
5.300000000000000000e+01,2.400000000000000000e+01,4.370220184326171875e+01
5.400000000000000000e+01,2.400000000000000000e+01,4.370220184326171875e+01
5.500000000000000000e+01,2.400000000000000000e+01,4.370220184326171875e+01
5.600000000000000000e+01,2.400000000000000000e+01,4.370220184326171875e+01
5.700000000000000000e+01,2.400000000000000000e+01,4.370220184326171875e+01
5.800000000000000000e+01,2.400000000000000000e+01,4.370220184326171875e+01
5.900000000000000000e+01,2.400000000000000000e+01,4.370220184326171875e+01
0.000000000000000000e+00,2.472319984436035156e+01,4.400000000000000000e+01
1.000000000000000000e+00,2.472319984436035156e+01,4.400000000000000000e+01
2.000000000000000000e+00,2.472319984436035156e+01,4.400000000000000000e+01
3.000000000000000000e+00,2.472319984436035156e+01,4.400000000000000000e+01
4.000000000000000000e+00,2.472319984436035156e+01,4.400000000000000000e+01
5.000000000000000000e+00,2.472319984436035156e+01,4.400000000000000000e+01
6.000000000000000000e+00,2.472319984436035156e+01,4.400000000000000000e+01
7.000000000000000000e+00,2.472319984436035156e+01,4.400000000000000000e+01
8.000000000000000000e+00,2.472319984436035156e+01,4.400000000000000000e+01
9.000000000000000000e+00,2.472319984436035156e+01,4.400000000000000000e+01
1.000000000000000000e+01,2.472319984436035156e+01,4.400000000000000000e+01
1.100000000000000000e+01,2.472319984436035156e+01,4.400000000000000000e+01
1.200000000000000000e+01,2.472319984436035156e+01,4.400000000000000000e+01
1.300000000000000000e+01,2.472319984436035156e+01,4.400000000000000000e+01
1.400000000000000000e+01,2.472319984436035156e+01,4.400000000000000000e+01
1.500000000000000000e+01,2.472319984436035156e+01,4.400000000000000000e+01
1.600000000000000000e+01,2.472319984436035156e+01,4.400000000000000000e+01
1.700000000000000000e+01,2.472319984436035156e+01,4.400000000000000000e+01
1.800000000000000000e+01,2.472319984436035156e+01,4.400000000000000000e+01
1.900000000000000000e+01,2.472319984436035156e+01,4.400000000000000000e+01
2.000000000000000000e+01,2.472319984436035156e+01,4.400000000000000000e+01
2.100000000000000000e+01,2.472319984436035156e+01,4.400000000000000000e+01
2.200000000000000000e+01,2.472319984436035156e+01,4.400000000000000000e+01
2.300000000000000000e+01,2.472319984436035156e+01,4.400000000000000000e+01
2.400000000000000000e+01,2.472319984436035156e+01,4.400000000000000000e+01
2.500000000000000000e+01,2.472319984436035156e+01,4.400000000000000000e+01
2.600000000000000000e+01,2.472319984436035156e+01,4.400000000000000000e+01
2.700000000000000000e+01,2.472319984436035156e+01,4.400000000000000000e+01
2.800000000000000000e+01,2.472319984436035156e+01,4.400000000000000000e+01
2.900000000000000000e+01,2.472319984436035156e+01,4.400000000000000000e+01
3.000000000000000000e+01,2.472319984436035156e+01,4.400000000000000000e+01
3.100000000000000000e+01,2.472319984436035156e+01,4.400000000000000000e+01
3.200000000000000000e+01,2.472319984436035156e+01,4.400000000000000000e+01
3.300000000000000000e+01,2.472319984436035156e+01,4.400000000000000000e+01
3.400000000000000000e+01,2.472319984436035156e+01,4.400000000000000000e+01
3.500000000000000000e+01,2.472319984436035156e+01,4.400000000000000000e+01
3.600000000000000000e+01,2.472319984436035156e+01,4.400000000000000000e+01
3.700000000000000000e+01,2.472319984436035156e+01,4.400000000000000000e+01
3.800000000000000000e+01,2.472319984436035156e+01,4.400000000000000000e+01
3.900000000000000000e+01,2.472319984436035156e+01,4.400000000000000000e+01
4.000000000000000000e+01,2.472319984436035156e+01,4.400000000000000000e+01
4.100000000000000000e+01,2.472319984436035156e+01,4.400000000000000000e+01
4.200000000000000000e+01,2.472319984436035156e+01,4.400000000000000000e+01
4.300000000000000000e+01,2.472319984436035156e+01,4.400000000000000000e+01
4.400000000000000000e+01,2.472319984436035156e+01,4.400000000000000000e+01
4.500000000000000000e+01,2.472319984436035156e+01,4.400000000000000000e+01
4.600000000000000000e+01,2.472319984436035156e+01,4.400000000000000000e+01
4.700000000000000000e+01,2.472319984436035156e+01,4.400000000000000000e+01
4.800000000000000000e+01,2.472319984436035156e+01,4.400000000000000000e+01
4.900000000000000000e+01,2.472319984436035156e+01,4.400000000000000000e+01
5.000000000000000000e+01,2.472319984436035156e+01,4.400000000000000000e+01
5.100000000000000000e+01,2.472319984436035156e+01,4.400000000000000000e+01
5.200000000000000000e+01,2.472319984436035156e+01,4.400000000000000000e+01
5.300000000000000000e+01,2.472319984436035156e+01,4.400000000000000000e+01
5.400000000000000000e+01,2.472319984436035156e+01,4.400000000000000000e+01
5.500000000000000000e+01,2.472319984436035156e+01,4.400000000000000000e+01
5.600000000000000000e+01,2.472319984436035156e+01,4.400000000000000000e+01
5.700000000000000000e+01,2.472319984436035156e+01,4.400000000000000000e+01
5.800000000000000000e+01,2.472319984436035156e+01,4.400000000000000000e+01
5.900000000000000000e+01,2.472319984436035156e+01,4.400000000000000000e+01
0.000000000000000000e+00,3.600000000000000000e+01,4.370220184326171875e+01
1.000000000000000000e+00,3.527679824829101562e+01,4.400000000000000000e+01
1.000000000000000000e+00,3.600000000000000000e+01,4.370220184326171875e+01
0.000000000000000000e+00,3.527679824829101562e+01,4.400000000000000000e+01
2.000000000000000000e+00,3.527679824829101562e+01,4.400000000000000000e+01
2.000000000000000000e+00,3.600000000000000000e+01,4.370220184326171875e+01
3.000000000000000000e+00,3.527679824829101562e+01,4.400000000000000000e+01
3.000000000000000000e+00,3.600000000000000000e+01,4.370220184326171875e+01
4.000000000000000000e+00,3.527679824829101562e+01,4.400000000000000000e+01
4.000000000000000000e+00,3.600000000000000000e+01,4.370220184326171875e+01
5.000000000000000000e+00,3.527679824829101562e+01,4.400000000000000000e+01
5.000000000000000000e+00,3.600000000000000000e+01,4.370220184326171875e+01
6.000000000000000000e+00,3.527679824829101562e+01,4.400000000000000000e+01
6.000000000000000000e+00,3.600000000000000000e+01,4.370220184326171875e+01
7.000000000000000000e+00,3.527679824829101562e+01,4.400000000000000000e+01
7.000000000000000000e+00,3.600000000000000000e+01,4.370220184326171875e+01
8.000000000000000000e+00,3.527679824829101562e+01,4.400000000000000000e+01
8.000000000000000000e+00,3.600000000000000000e+01,4.370220184326171875e+01
9.000000000000000000e+00,3.527679824829101562e+01,4.400000000000000000e+01
9.000000000000000000e+00,3.600000000000000000e+01,4.370220184326171875e+01
1.000000000000000000e+01,3.527679824829101562e+01,4.400000000000000000e+01
1.000000000000000000e+01,3.600000000000000000e+01,4.370220184326171875e+01
1.100000000000000000e+01,3.527679824829101562e+01,4.400000000000000000e+01
1.100000000000000000e+01,3.600000000000000000e+01,4.370220184326171875e+01
1.200000000000000000e+01,3.527679824829101562e+01,4.400000000000000000e+01
1.200000000000000000e+01,3.600000000000000000e+01,4.370220184326171875e+01
1.300000000000000000e+01,3.527679824829101562e+01,4.400000000000000000e+01
1.300000000000000000e+01,3.600000000000000000e+01,4.370220184326171875e+01
1.400000000000000000e+01,3.527679824829101562e+01,4.400000000000000000e+01
1.400000000000000000e+01,3.600000000000000000e+01,4.370220184326171875e+01
1.500000000000000000e+01,3.527679824829101562e+01,4.400000000000000000e+01
1.500000000000000000e+01,3.600000000000000000e+01,4.370220184326171875e+01
1.600000000000000000e+01,3.527679824829101562e+01,4.400000000000000000e+01
1.600000000000000000e+01,3.600000000000000000e+01,4.370220184326171875e+01
1.700000000000000000e+01,3.527679824829101562e+01,4.400000000000000000e+01
1.700000000000000000e+01,3.600000000000000000e+01,4.370220184326171875e+01
1.800000000000000000e+01,3.527679824829101562e+01,4.400000000000000000e+01
1.800000000000000000e+01,3.600000000000000000e+01,4.370220184326171875e+01
1.900000000000000000e+01,3.527679824829101562e+01,4.400000000000000000e+01
1.900000000000000000e+01,3.600000000000000000e+01,4.370220184326171875e+01
2.000000000000000000e+01,3.527679824829101562e+01,4.400000000000000000e+01
2.000000000000000000e+01,3.600000000000000000e+01,4.370220184326171875e+01
2.100000000000000000e+01,3.527679824829101562e+01,4.400000000000000000e+01
2.100000000000000000e+01,3.600000000000000000e+01,4.370220184326171875e+01
2.200000000000000000e+01,3.527679824829101562e+01,4.400000000000000000e+01
2.200000000000000000e+01,3.600000000000000000e+01,4.370220184326171875e+01
2.300000000000000000e+01,3.527679824829101562e+01,4.400000000000000000e+01
2.300000000000000000e+01,3.600000000000000000e+01,4.370220184326171875e+01
2.400000000000000000e+01,3.527679824829101562e+01,4.400000000000000000e+01
2.400000000000000000e+01,3.600000000000000000e+01,4.370220184326171875e+01
2.500000000000000000e+01,3.527679824829101562e+01,4.400000000000000000e+01
2.500000000000000000e+01,3.600000000000000000e+01,4.370220184326171875e+01
2.600000000000000000e+01,3.527679824829101562e+01,4.400000000000000000e+01
2.600000000000000000e+01,3.600000000000000000e+01,4.370220184326171875e+01
2.700000000000000000e+01,3.527679824829101562e+01,4.400000000000000000e+01
2.700000000000000000e+01,3.600000000000000000e+01,4.370220184326171875e+01
2.800000000000000000e+01,3.527679824829101562e+01,4.400000000000000000e+01
2.800000000000000000e+01,3.600000000000000000e+01,4.370220184326171875e+01
2.900000000000000000e+01,3.527679824829101562e+01,4.400000000000000000e+01
2.900000000000000000e+01,3.600000000000000000e+01,4.370220184326171875e+01
3.000000000000000000e+01,3.527679824829101562e+01,4.400000000000000000e+01
3.000000000000000000e+01,3.600000000000000000e+01,4.370220184326171875e+01
3.100000000000000000e+01,3.527679824829101562e+01,4.400000000000000000e+01
3.100000000000000000e+01,3.600000000000000000e+01,4.370220184326171875e+01
3.200000000000000000e+01,3.527679824829101562e+01,4.400000000000000000e+01
3.200000000000000000e+01,3.600000000000000000e+01,4.370220184326171875e+01
3.300000000000000000e+01,3.527679824829101562e+01,4.400000000000000000e+01
3.300000000000000000e+01,3.600000000000000000e+01,4.370220184326171875e+01
3.400000000000000000e+01,3.527679824829101562e+01,4.400000000000000000e+01
3.400000000000000000e+01,3.600000000000000000e+01,4.370220184326171875e+01
3.500000000000000000e+01,3.527679824829101562e+01,4.400000000000000000e+01
3.500000000000000000e+01,3.600000000000000000e+01,4.370220184326171875e+01
3.600000000000000000e+01,3.527679824829101562e+01,4.400000000000000000e+01
3.600000000000000000e+01,3.600000000000000000e+01,4.370220184326171875e+01
3.700000000000000000e+01,3.527679824829101562e+01,4.400000000000000000e+01
3.700000000000000000e+01,3.600000000000000000e+01,4.370220184326171875e+01
3.800000000000000000e+01,3.527679824829101562e+01,4.400000000000000000e+01
3.800000000000000000e+01,3.600000000000000000e+01,4.370220184326171875e+01
3.900000000000000000e+01,3.527679824829101562e+01,4.400000000000000000e+01
3.900000000000000000e+01,3.600000000000000000e+01,4.370220184326171875e+01
4.000000000000000000e+01,3.527679824829101562e+01,4.400000000000000000e+01
4.000000000000000000e+01,3.600000000000000000e+01,4.370220184326171875e+01
4.100000000000000000e+01,3.527679824829101562e+01,4.400000000000000000e+01
4.100000000000000000e+01,3.600000000000000000e+01,4.370220184326171875e+01
4.200000000000000000e+01,3.527679824829101562e+01,4.400000000000000000e+01
4.200000000000000000e+01,3.600000000000000000e+01,4.370220184326171875e+01
4.300000000000000000e+01,3.527679824829101562e+01,4.400000000000000000e+01
4.300000000000000000e+01,3.600000000000000000e+01,4.370220184326171875e+01
4.400000000000000000e+01,3.527679824829101562e+01,4.400000000000000000e+01
4.400000000000000000e+01,3.600000000000000000e+01,4.370220184326171875e+01
4.500000000000000000e+01,3.527679824829101562e+01,4.400000000000000000e+01
4.500000000000000000e+01,3.600000000000000000e+01,4.370220184326171875e+01
4.600000000000000000e+01,3.527679824829101562e+01,4.400000000000000000e+01
4.600000000000000000e+01,3.600000000000000000e+01,4.370220184326171875e+01
4.700000000000000000e+01,3.527679824829101562e+01,4.400000000000000000e+01
4.700000000000000000e+01,3.600000000000000000e+01,4.370220184326171875e+01
4.800000000000000000e+01,3.527679824829101562e+01,4.400000000000000000e+01
4.800000000000000000e+01,3.600000000000000000e+01,4.370220184326171875e+01
4.900000000000000000e+01,3.527679824829101562e+01,4.400000000000000000e+01
4.900000000000000000e+01,3.600000000000000000e+01,4.370220184326171875e+01
5.000000000000000000e+01,3.527679824829101562e+01,4.400000000000000000e+01
5.000000000000000000e+01,3.600000000000000000e+01,4.370220184326171875e+01
5.100000000000000000e+01,3.527679824829101562e+01,4.400000000000000000e+01
5.100000000000000000e+01,3.600000000000000000e+01,4.370220184326171875e+01
5.200000000000000000e+01,3.527679824829101562e+01,4.400000000000000000e+01
5.200000000000000000e+01,3.600000000000000000e+01,4.370220184326171875e+01
5.300000000000000000e+01,3.527679824829101562e+01,4.400000000000000000e+01
5.300000000000000000e+01,3.600000000000000000e+01,4.370220184326171875e+01
5.400000000000000000e+01,3.527679824829101562e+01,4.400000000000000000e+01
5.400000000000000000e+01,3.600000000000000000e+01,4.370220184326171875e+01
5.500000000000000000e+01,3.527679824829101562e+01,4.400000000000000000e+01
5.500000000000000000e+01,3.600000000000000000e+01,4.370220184326171875e+01
5.600000000000000000e+01,3.527679824829101562e+01,4.400000000000000000e+01
5.600000000000000000e+01,3.600000000000000000e+01,4.370220184326171875e+01
5.700000000000000000e+01,3.527679824829101562e+01,4.400000000000000000e+01
5.700000000000000000e+01,3.600000000000000000e+01,4.370220184326171875e+01
5.800000000000000000e+01,3.527679824829101562e+01,4.400000000000000000e+01
5.800000000000000000e+01,3.600000000000000000e+01,4.370220184326171875e+01
5.900000000000000000e+01,3.527679824829101562e+01,4.400000000000000000e+01
5.900000000000000000e+01,3.600000000000000000e+01,4.370220184326171875e+01
1.000000000000000000e+00,3.700000000000000000e+01,4.323569869995117188e+01
0.000000000000000000e+00,3.700000000000000000e+01,4.323569869995117188e+01
2.000000000000000000e+00,3.700000000000000000e+01,4.323569869995117188e+01
3.000000000000000000e+00,3.700000000000000000e+01,4.323569869995117188e+01
4.000000000000000000e+00,3.700000000000000000e+01,4.323569869995117188e+01
5.000000000000000000e+00,3.700000000000000000e+01,4.323569869995117188e+01
6.000000000000000000e+00,3.700000000000000000e+01,4.323569869995117188e+01
7.000000000000000000e+00,3.700000000000000000e+01,4.323569869995117188e+01
8.000000000000000000e+00,3.700000000000000000e+01,4.323569869995117188e+01
9.000000000000000000e+00,3.700000000000000000e+01,4.323569869995117188e+01
1.000000000000000000e+01,3.700000000000000000e+01,4.323569869995117188e+01
1.100000000000000000e+01,3.700000000000000000e+01,4.323569869995117188e+01
1.200000000000000000e+01,3.700000000000000000e+01,4.323569869995117188e+01
1.300000000000000000e+01,3.700000000000000000e+01,4.323569869995117188e+01
1.400000000000000000e+01,3.700000000000000000e+01,4.323569869995117188e+01
1.500000000000000000e+01,3.700000000000000000e+01,4.323569869995117188e+01
1.600000000000000000e+01,3.700000000000000000e+01,4.323569869995117188e+01
1.700000000000000000e+01,3.700000000000000000e+01,4.323569869995117188e+01
1.800000000000000000e+01,3.700000000000000000e+01,4.323569869995117188e+01
1.900000000000000000e+01,3.700000000000000000e+01,4.323569869995117188e+01
2.000000000000000000e+01,3.700000000000000000e+01,4.323569869995117188e+01
2.100000000000000000e+01,3.700000000000000000e+01,4.323569869995117188e+01
2.200000000000000000e+01,3.700000000000000000e+01,4.323569869995117188e+01
2.300000000000000000e+01,3.700000000000000000e+01,4.323569869995117188e+01
2.400000000000000000e+01,3.700000000000000000e+01,4.323569869995117188e+01
2.500000000000000000e+01,3.700000000000000000e+01,4.323569869995117188e+01
2.600000000000000000e+01,3.700000000000000000e+01,4.323569869995117188e+01
2.700000000000000000e+01,3.700000000000000000e+01,4.323569869995117188e+01
2.800000000000000000e+01,3.700000000000000000e+01,4.323569869995117188e+01
2.900000000000000000e+01,3.700000000000000000e+01,4.323569869995117188e+01
3.000000000000000000e+01,3.700000000000000000e+01,4.323569869995117188e+01
3.100000000000000000e+01,3.700000000000000000e+01,4.323569869995117188e+01
3.200000000000000000e+01,3.700000000000000000e+01,4.323569869995117188e+01
3.300000000000000000e+01,3.700000000000000000e+01,4.323569869995117188e+01
3.400000000000000000e+01,3.700000000000000000e+01,4.323569869995117188e+01
3.500000000000000000e+01,3.700000000000000000e+01,4.323569869995117188e+01
3.600000000000000000e+01,3.700000000000000000e+01,4.323569869995117188e+01
3.700000000000000000e+01,3.700000000000000000e+01,4.323569869995117188e+01
3.800000000000000000e+01,3.700000000000000000e+01,4.323569869995117188e+01
3.900000000000000000e+01,3.700000000000000000e+01,4.323569869995117188e+01
4.000000000000000000e+01,3.700000000000000000e+01,4.323569869995117188e+01
4.100000000000000000e+01,3.700000000000000000e+01,4.323569869995117188e+01
4.200000000000000000e+01,3.700000000000000000e+01,4.323569869995117188e+01
4.300000000000000000e+01,3.700000000000000000e+01,4.323569869995117188e+01
4.400000000000000000e+01,3.700000000000000000e+01,4.323569869995117188e+01
4.500000000000000000e+01,3.700000000000000000e+01,4.323569869995117188e+01
4.600000000000000000e+01,3.700000000000000000e+01,4.323569869995117188e+01
4.700000000000000000e+01,3.700000000000000000e+01,4.323569869995117188e+01
4.800000000000000000e+01,3.700000000000000000e+01,4.323569869995117188e+01
4.900000000000000000e+01,3.700000000000000000e+01,4.323569869995117188e+01
5.000000000000000000e+01,3.700000000000000000e+01,4.323569869995117188e+01
5.100000000000000000e+01,3.700000000000000000e+01,4.323569869995117188e+01
5.200000000000000000e+01,3.700000000000000000e+01,4.323569869995117188e+01
5.300000000000000000e+01,3.700000000000000000e+01,4.323569869995117188e+01
5.400000000000000000e+01,3.700000000000000000e+01,4.323569869995117188e+01
5.500000000000000000e+01,3.700000000000000000e+01,4.323569869995117188e+01
5.600000000000000000e+01,3.700000000000000000e+01,4.323569869995117188e+01
5.700000000000000000e+01,3.700000000000000000e+01,4.323569869995117188e+01
5.800000000000000000e+01,3.700000000000000000e+01,4.323569869995117188e+01
5.900000000000000000e+01,3.700000000000000000e+01,4.323569869995117188e+01
1.000000000000000000e+00,2.500000000000000000e+01,4.411389923095703125e+01
0.000000000000000000e+00,2.500000000000000000e+01,4.411389923095703125e+01
2.000000000000000000e+00,2.500000000000000000e+01,4.411389923095703125e+01
3.000000000000000000e+00,2.500000000000000000e+01,4.411389923095703125e+01
4.000000000000000000e+00,2.500000000000000000e+01,4.411389923095703125e+01
5.000000000000000000e+00,2.500000000000000000e+01,4.411389923095703125e+01
6.000000000000000000e+00,2.500000000000000000e+01,4.411389923095703125e+01
7.000000000000000000e+00,2.500000000000000000e+01,4.411389923095703125e+01
8.000000000000000000e+00,2.500000000000000000e+01,4.411389923095703125e+01
9.000000000000000000e+00,2.500000000000000000e+01,4.411389923095703125e+01
1.000000000000000000e+01,2.500000000000000000e+01,4.411389923095703125e+01
1.100000000000000000e+01,2.500000000000000000e+01,4.411389923095703125e+01
1.200000000000000000e+01,2.500000000000000000e+01,4.411389923095703125e+01
1.300000000000000000e+01,2.500000000000000000e+01,4.411389923095703125e+01
1.400000000000000000e+01,2.500000000000000000e+01,4.411389923095703125e+01
1.500000000000000000e+01,2.500000000000000000e+01,4.411389923095703125e+01
1.600000000000000000e+01,2.500000000000000000e+01,4.411389923095703125e+01
1.700000000000000000e+01,2.500000000000000000e+01,4.411389923095703125e+01
1.800000000000000000e+01,2.500000000000000000e+01,4.411389923095703125e+01
1.900000000000000000e+01,2.500000000000000000e+01,4.411389923095703125e+01
2.000000000000000000e+01,2.500000000000000000e+01,4.411389923095703125e+01
2.100000000000000000e+01,2.500000000000000000e+01,4.411389923095703125e+01
2.200000000000000000e+01,2.500000000000000000e+01,4.411389923095703125e+01
2.300000000000000000e+01,2.500000000000000000e+01,4.411389923095703125e+01
2.400000000000000000e+01,2.500000000000000000e+01,4.411389923095703125e+01
2.500000000000000000e+01,2.500000000000000000e+01,4.411389923095703125e+01
2.600000000000000000e+01,2.500000000000000000e+01,4.411389923095703125e+01
2.700000000000000000e+01,2.500000000000000000e+01,4.411389923095703125e+01
2.800000000000000000e+01,2.500000000000000000e+01,4.411389923095703125e+01
2.900000000000000000e+01,2.500000000000000000e+01,4.411389923095703125e+01
3.000000000000000000e+01,2.500000000000000000e+01,4.411389923095703125e+01
3.100000000000000000e+01,2.500000000000000000e+01,4.411389923095703125e+01
3.200000000000000000e+01,2.500000000000000000e+01,4.411389923095703125e+01
3.300000000000000000e+01,2.500000000000000000e+01,4.411389923095703125e+01
3.400000000000000000e+01,2.500000000000000000e+01,4.411389923095703125e+01
3.500000000000000000e+01,2.500000000000000000e+01,4.411389923095703125e+01
3.600000000000000000e+01,2.500000000000000000e+01,4.411389923095703125e+01
3.700000000000000000e+01,2.500000000000000000e+01,4.411389923095703125e+01
3.800000000000000000e+01,2.500000000000000000e+01,4.411389923095703125e+01
3.900000000000000000e+01,2.500000000000000000e+01,4.411389923095703125e+01
4.000000000000000000e+01,2.500000000000000000e+01,4.411389923095703125e+01
4.100000000000000000e+01,2.500000000000000000e+01,4.411389923095703125e+01
4.200000000000000000e+01,2.500000000000000000e+01,4.411389923095703125e+01
4.300000000000000000e+01,2.500000000000000000e+01,4.411389923095703125e+01
4.400000000000000000e+01,2.500000000000000000e+01,4.411389923095703125e+01
4.500000000000000000e+01,2.500000000000000000e+01,4.411389923095703125e+01
4.600000000000000000e+01,2.500000000000000000e+01,4.411389923095703125e+01
4.700000000000000000e+01,2.500000000000000000e+01,4.411389923095703125e+01
4.800000000000000000e+01,2.500000000000000000e+01,4.411389923095703125e+01
4.900000000000000000e+01,2.500000000000000000e+01,4.411389923095703125e+01
5.000000000000000000e+01,2.500000000000000000e+01,4.411389923095703125e+01
5.100000000000000000e+01,2.500000000000000000e+01,4.411389923095703125e+01
5.200000000000000000e+01,2.500000000000000000e+01,4.411389923095703125e+01
5.300000000000000000e+01,2.500000000000000000e+01,4.411389923095703125e+01
5.400000000000000000e+01,2.500000000000000000e+01,4.411389923095703125e+01
5.500000000000000000e+01,2.500000000000000000e+01,4.411389923095703125e+01
5.600000000000000000e+01,2.500000000000000000e+01,4.411389923095703125e+01
5.700000000000000000e+01,2.500000000000000000e+01,4.411389923095703125e+01
5.800000000000000000e+01,2.500000000000000000e+01,4.411389923095703125e+01
5.900000000000000000e+01,2.500000000000000000e+01,4.411389923095703125e+01
1.000000000000000000e+00,2.600000000000000000e+01,4.442549896240234375e+01
0.000000000000000000e+00,2.600000000000000000e+01,4.442549896240234375e+01
2.000000000000000000e+00,2.600000000000000000e+01,4.442549896240234375e+01
3.000000000000000000e+00,2.600000000000000000e+01,4.442549896240234375e+01
4.000000000000000000e+00,2.600000000000000000e+01,4.442549896240234375e+01
5.000000000000000000e+00,2.600000000000000000e+01,4.442549896240234375e+01
6.000000000000000000e+00,2.600000000000000000e+01,4.442549896240234375e+01
7.000000000000000000e+00,2.600000000000000000e+01,4.442549896240234375e+01
8.000000000000000000e+00,2.600000000000000000e+01,4.442549896240234375e+01
9.000000000000000000e+00,2.600000000000000000e+01,4.442549896240234375e+01
1.000000000000000000e+01,2.600000000000000000e+01,4.442549896240234375e+01
1.100000000000000000e+01,2.600000000000000000e+01,4.442549896240234375e+01
1.200000000000000000e+01,2.600000000000000000e+01,4.442549896240234375e+01
1.300000000000000000e+01,2.600000000000000000e+01,4.442549896240234375e+01
1.400000000000000000e+01,2.600000000000000000e+01,4.442549896240234375e+01
1.500000000000000000e+01,2.600000000000000000e+01,4.442549896240234375e+01
1.600000000000000000e+01,2.600000000000000000e+01,4.442549896240234375e+01
1.700000000000000000e+01,2.600000000000000000e+01,4.442549896240234375e+01
1.800000000000000000e+01,2.600000000000000000e+01,4.442549896240234375e+01
1.900000000000000000e+01,2.600000000000000000e+01,4.442549896240234375e+01
2.000000000000000000e+01,2.600000000000000000e+01,4.442549896240234375e+01
2.100000000000000000e+01,2.600000000000000000e+01,4.442549896240234375e+01
2.200000000000000000e+01,2.600000000000000000e+01,4.442549896240234375e+01
2.300000000000000000e+01,2.600000000000000000e+01,4.442549896240234375e+01
2.400000000000000000e+01,2.600000000000000000e+01,4.442549896240234375e+01
2.500000000000000000e+01,2.600000000000000000e+01,4.442549896240234375e+01
2.600000000000000000e+01,2.600000000000000000e+01,4.442549896240234375e+01
2.700000000000000000e+01,2.600000000000000000e+01,4.442549896240234375e+01
2.800000000000000000e+01,2.600000000000000000e+01,4.442549896240234375e+01
2.900000000000000000e+01,2.600000000000000000e+01,4.442549896240234375e+01
3.000000000000000000e+01,2.600000000000000000e+01,4.442549896240234375e+01
3.100000000000000000e+01,2.600000000000000000e+01,4.442549896240234375e+01
3.200000000000000000e+01,2.600000000000000000e+01,4.442549896240234375e+01
3.300000000000000000e+01,2.600000000000000000e+01,4.442549896240234375e+01
3.400000000000000000e+01,2.600000000000000000e+01,4.442549896240234375e+01
3.500000000000000000e+01,2.600000000000000000e+01,4.442549896240234375e+01
3.600000000000000000e+01,2.600000000000000000e+01,4.442549896240234375e+01
3.700000000000000000e+01,2.600000000000000000e+01,4.442549896240234375e+01
3.800000000000000000e+01,2.600000000000000000e+01,4.442549896240234375e+01
3.900000000000000000e+01,2.600000000000000000e+01,4.442549896240234375e+01
4.000000000000000000e+01,2.600000000000000000e+01,4.442549896240234375e+01
4.100000000000000000e+01,2.600000000000000000e+01,4.442549896240234375e+01
4.200000000000000000e+01,2.600000000000000000e+01,4.442549896240234375e+01
4.300000000000000000e+01,2.600000000000000000e+01,4.442549896240234375e+01
4.400000000000000000e+01,2.600000000000000000e+01,4.442549896240234375e+01
4.500000000000000000e+01,2.600000000000000000e+01,4.442549896240234375e+01
4.600000000000000000e+01,2.600000000000000000e+01,4.442549896240234375e+01
4.700000000000000000e+01,2.600000000000000000e+01,4.442549896240234375e+01
4.800000000000000000e+01,2.600000000000000000e+01,4.442549896240234375e+01
4.900000000000000000e+01,2.600000000000000000e+01,4.442549896240234375e+01
5.000000000000000000e+01,2.600000000000000000e+01,4.442549896240234375e+01
5.100000000000000000e+01,2.600000000000000000e+01,4.442549896240234375e+01
5.200000000000000000e+01,2.600000000000000000e+01,4.442549896240234375e+01
5.300000000000000000e+01,2.600000000000000000e+01,4.442549896240234375e+01
5.400000000000000000e+01,2.600000000000000000e+01,4.442549896240234375e+01
5.500000000000000000e+01,2.600000000000000000e+01,4.442549896240234375e+01
5.600000000000000000e+01,2.600000000000000000e+01,4.442549896240234375e+01
5.700000000000000000e+01,2.600000000000000000e+01,4.442549896240234375e+01
5.800000000000000000e+01,2.600000000000000000e+01,4.442549896240234375e+01
5.900000000000000000e+01,2.600000000000000000e+01,4.442549896240234375e+01
1.000000000000000000e+00,2.700000000000000000e+01,4.465480041503906250e+01
0.000000000000000000e+00,2.700000000000000000e+01,4.465480041503906250e+01
2.000000000000000000e+00,2.700000000000000000e+01,4.465480041503906250e+01
3.000000000000000000e+00,2.700000000000000000e+01,4.465480041503906250e+01
4.000000000000000000e+00,2.700000000000000000e+01,4.465480041503906250e+01
5.000000000000000000e+00,2.700000000000000000e+01,4.465480041503906250e+01
6.000000000000000000e+00,2.700000000000000000e+01,4.465480041503906250e+01
7.000000000000000000e+00,2.700000000000000000e+01,4.465480041503906250e+01
8.000000000000000000e+00,2.700000000000000000e+01,4.465480041503906250e+01
9.000000000000000000e+00,2.700000000000000000e+01,4.465480041503906250e+01
1.000000000000000000e+01,2.700000000000000000e+01,4.465480041503906250e+01
1.100000000000000000e+01,2.700000000000000000e+01,4.465480041503906250e+01
1.200000000000000000e+01,2.700000000000000000e+01,4.465480041503906250e+01
1.300000000000000000e+01,2.700000000000000000e+01,4.465480041503906250e+01
1.400000000000000000e+01,2.700000000000000000e+01,4.465480041503906250e+01
1.500000000000000000e+01,2.700000000000000000e+01,4.465480041503906250e+01
1.600000000000000000e+01,2.700000000000000000e+01,4.465480041503906250e+01
1.700000000000000000e+01,2.700000000000000000e+01,4.465480041503906250e+01
1.800000000000000000e+01,2.700000000000000000e+01,4.465480041503906250e+01
1.900000000000000000e+01,2.700000000000000000e+01,4.465480041503906250e+01
2.000000000000000000e+01,2.700000000000000000e+01,4.465480041503906250e+01
2.100000000000000000e+01,2.700000000000000000e+01,4.465480041503906250e+01
2.200000000000000000e+01,2.700000000000000000e+01,4.465480041503906250e+01
2.300000000000000000e+01,2.700000000000000000e+01,4.465480041503906250e+01
2.400000000000000000e+01,2.700000000000000000e+01,4.465480041503906250e+01
2.500000000000000000e+01,2.700000000000000000e+01,4.465480041503906250e+01
2.600000000000000000e+01,2.700000000000000000e+01,4.465480041503906250e+01
2.700000000000000000e+01,2.700000000000000000e+01,4.465480041503906250e+01
2.800000000000000000e+01,2.700000000000000000e+01,4.465480041503906250e+01
2.900000000000000000e+01,2.700000000000000000e+01,4.465480041503906250e+01
3.000000000000000000e+01,2.700000000000000000e+01,4.465480041503906250e+01
3.100000000000000000e+01,2.700000000000000000e+01,4.465480041503906250e+01
3.200000000000000000e+01,2.700000000000000000e+01,4.465480041503906250e+01
3.300000000000000000e+01,2.700000000000000000e+01,4.465480041503906250e+01
3.400000000000000000e+01,2.700000000000000000e+01,4.465480041503906250e+01
3.500000000000000000e+01,2.700000000000000000e+01,4.465480041503906250e+01
3.600000000000000000e+01,2.700000000000000000e+01,4.465480041503906250e+01
3.700000000000000000e+01,2.700000000000000000e+01,4.465480041503906250e+01
3.800000000000000000e+01,2.700000000000000000e+01,4.465480041503906250e+01
3.900000000000000000e+01,2.700000000000000000e+01,4.465480041503906250e+01
4.000000000000000000e+01,2.700000000000000000e+01,4.465480041503906250e+01
4.100000000000000000e+01,2.700000000000000000e+01,4.465480041503906250e+01
4.200000000000000000e+01,2.700000000000000000e+01,4.465480041503906250e+01
4.300000000000000000e+01,2.700000000000000000e+01,4.465480041503906250e+01
4.400000000000000000e+01,2.700000000000000000e+01,4.465480041503906250e+01
4.500000000000000000e+01,2.700000000000000000e+01,4.465480041503906250e+01
4.600000000000000000e+01,2.700000000000000000e+01,4.465480041503906250e+01
4.700000000000000000e+01,2.700000000000000000e+01,4.465480041503906250e+01
4.800000000000000000e+01,2.700000000000000000e+01,4.465480041503906250e+01
4.900000000000000000e+01,2.700000000000000000e+01,4.465480041503906250e+01
5.000000000000000000e+01,2.700000000000000000e+01,4.465480041503906250e+01
5.100000000000000000e+01,2.700000000000000000e+01,4.465480041503906250e+01
5.200000000000000000e+01,2.700000000000000000e+01,4.465480041503906250e+01
5.300000000000000000e+01,2.700000000000000000e+01,4.465480041503906250e+01
5.400000000000000000e+01,2.700000000000000000e+01,4.465480041503906250e+01
5.500000000000000000e+01,2.700000000000000000e+01,4.465480041503906250e+01
5.600000000000000000e+01,2.700000000000000000e+01,4.465480041503906250e+01
5.700000000000000000e+01,2.700000000000000000e+01,4.465480041503906250e+01
5.800000000000000000e+01,2.700000000000000000e+01,4.465480041503906250e+01
5.900000000000000000e+01,2.700000000000000000e+01,4.465480041503906250e+01
1.000000000000000000e+00,2.800000000000000000e+01,4.482210159301757812e+01
0.000000000000000000e+00,2.800000000000000000e+01,4.482210159301757812e+01
2.000000000000000000e+00,2.800000000000000000e+01,4.482210159301757812e+01
3.000000000000000000e+00,2.800000000000000000e+01,4.482210159301757812e+01
4.000000000000000000e+00,2.800000000000000000e+01,4.482210159301757812e+01
5.000000000000000000e+00,2.800000000000000000e+01,4.482210159301757812e+01
6.000000000000000000e+00,2.800000000000000000e+01,4.482210159301757812e+01
7.000000000000000000e+00,2.800000000000000000e+01,4.482210159301757812e+01
8.000000000000000000e+00,2.800000000000000000e+01,4.482210159301757812e+01
9.000000000000000000e+00,2.800000000000000000e+01,4.482210159301757812e+01
1.000000000000000000e+01,2.800000000000000000e+01,4.482210159301757812e+01
1.100000000000000000e+01,2.800000000000000000e+01,4.482210159301757812e+01
1.200000000000000000e+01,2.800000000000000000e+01,4.482210159301757812e+01
1.300000000000000000e+01,2.800000000000000000e+01,4.482210159301757812e+01
1.400000000000000000e+01,2.800000000000000000e+01,4.482210159301757812e+01
1.500000000000000000e+01,2.800000000000000000e+01,4.482210159301757812e+01
1.600000000000000000e+01,2.800000000000000000e+01,4.482210159301757812e+01
1.700000000000000000e+01,2.800000000000000000e+01,4.482210159301757812e+01
1.800000000000000000e+01,2.800000000000000000e+01,4.482210159301757812e+01
1.900000000000000000e+01,2.800000000000000000e+01,4.482210159301757812e+01
2.000000000000000000e+01,2.800000000000000000e+01,4.482210159301757812e+01
2.100000000000000000e+01,2.800000000000000000e+01,4.482210159301757812e+01
2.200000000000000000e+01,2.800000000000000000e+01,4.482210159301757812e+01
2.300000000000000000e+01,2.800000000000000000e+01,4.482210159301757812e+01
2.400000000000000000e+01,2.800000000000000000e+01,4.482210159301757812e+01
2.500000000000000000e+01,2.800000000000000000e+01,4.482210159301757812e+01
2.600000000000000000e+01,2.800000000000000000e+01,4.482210159301757812e+01
2.700000000000000000e+01,2.800000000000000000e+01,4.482210159301757812e+01
2.800000000000000000e+01,2.800000000000000000e+01,4.482210159301757812e+01
2.900000000000000000e+01,2.800000000000000000e+01,4.482210159301757812e+01
3.000000000000000000e+01,2.800000000000000000e+01,4.482210159301757812e+01
3.100000000000000000e+01,2.800000000000000000e+01,4.482210159301757812e+01
3.200000000000000000e+01,2.800000000000000000e+01,4.482210159301757812e+01
3.300000000000000000e+01,2.800000000000000000e+01,4.482210159301757812e+01
3.400000000000000000e+01,2.800000000000000000e+01,4.482210159301757812e+01
3.500000000000000000e+01,2.800000000000000000e+01,4.482210159301757812e+01
3.600000000000000000e+01,2.800000000000000000e+01,4.482210159301757812e+01
3.700000000000000000e+01,2.800000000000000000e+01,4.482210159301757812e+01
3.800000000000000000e+01,2.800000000000000000e+01,4.482210159301757812e+01
3.900000000000000000e+01,2.800000000000000000e+01,4.482210159301757812e+01
4.000000000000000000e+01,2.800000000000000000e+01,4.482210159301757812e+01
4.100000000000000000e+01,2.800000000000000000e+01,4.482210159301757812e+01
4.200000000000000000e+01,2.800000000000000000e+01,4.482210159301757812e+01
4.300000000000000000e+01,2.800000000000000000e+01,4.482210159301757812e+01
4.400000000000000000e+01,2.800000000000000000e+01,4.482210159301757812e+01
4.500000000000000000e+01,2.800000000000000000e+01,4.482210159301757812e+01
4.600000000000000000e+01,2.800000000000000000e+01,4.482210159301757812e+01
4.700000000000000000e+01,2.800000000000000000e+01,4.482210159301757812e+01
4.800000000000000000e+01,2.800000000000000000e+01,4.482210159301757812e+01
4.900000000000000000e+01,2.800000000000000000e+01,4.482210159301757812e+01
5.000000000000000000e+01,2.800000000000000000e+01,4.482210159301757812e+01
5.100000000000000000e+01,2.800000000000000000e+01,4.482210159301757812e+01
5.200000000000000000e+01,2.800000000000000000e+01,4.482210159301757812e+01
5.300000000000000000e+01,2.800000000000000000e+01,4.482210159301757812e+01
5.400000000000000000e+01,2.800000000000000000e+01,4.482210159301757812e+01
5.500000000000000000e+01,2.800000000000000000e+01,4.482210159301757812e+01
5.600000000000000000e+01,2.800000000000000000e+01,4.482210159301757812e+01
5.700000000000000000e+01,2.800000000000000000e+01,4.482210159301757812e+01
5.800000000000000000e+01,2.800000000000000000e+01,4.482210159301757812e+01
5.900000000000000000e+01,2.800000000000000000e+01,4.482210159301757812e+01
1.000000000000000000e+00,2.900000000000000000e+01,4.492710113525390625e+01
0.000000000000000000e+00,2.900000000000000000e+01,4.492710113525390625e+01
2.000000000000000000e+00,2.900000000000000000e+01,4.492710113525390625e+01
3.000000000000000000e+00,2.900000000000000000e+01,4.492710113525390625e+01
4.000000000000000000e+00,2.900000000000000000e+01,4.492710113525390625e+01
5.000000000000000000e+00,2.900000000000000000e+01,4.492710113525390625e+01
6.000000000000000000e+00,2.900000000000000000e+01,4.492710113525390625e+01
7.000000000000000000e+00,2.900000000000000000e+01,4.492710113525390625e+01
8.000000000000000000e+00,2.900000000000000000e+01,4.492710113525390625e+01
9.000000000000000000e+00,2.900000000000000000e+01,4.492710113525390625e+01
1.000000000000000000e+01,2.900000000000000000e+01,4.492710113525390625e+01
1.100000000000000000e+01,2.900000000000000000e+01,4.492710113525390625e+01
1.200000000000000000e+01,2.900000000000000000e+01,4.492710113525390625e+01
1.300000000000000000e+01,2.900000000000000000e+01,4.492710113525390625e+01
1.400000000000000000e+01,2.900000000000000000e+01,4.492710113525390625e+01
1.500000000000000000e+01,2.900000000000000000e+01,4.492710113525390625e+01
1.600000000000000000e+01,2.900000000000000000e+01,4.492710113525390625e+01
1.700000000000000000e+01,2.900000000000000000e+01,4.492710113525390625e+01
1.800000000000000000e+01,2.900000000000000000e+01,4.492710113525390625e+01
1.900000000000000000e+01,2.900000000000000000e+01,4.492710113525390625e+01
2.000000000000000000e+01,2.900000000000000000e+01,4.492710113525390625e+01
2.100000000000000000e+01,2.900000000000000000e+01,4.492710113525390625e+01
2.200000000000000000e+01,2.900000000000000000e+01,4.492710113525390625e+01
2.300000000000000000e+01,2.900000000000000000e+01,4.492710113525390625e+01
2.400000000000000000e+01,2.900000000000000000e+01,4.492710113525390625e+01
2.500000000000000000e+01,2.900000000000000000e+01,4.492710113525390625e+01
2.600000000000000000e+01,2.900000000000000000e+01,4.492710113525390625e+01
2.700000000000000000e+01,2.900000000000000000e+01,4.492710113525390625e+01
2.800000000000000000e+01,2.900000000000000000e+01,4.492710113525390625e+01
2.900000000000000000e+01,2.900000000000000000e+01,4.492710113525390625e+01
3.000000000000000000e+01,2.900000000000000000e+01,4.492710113525390625e+01
3.100000000000000000e+01,2.900000000000000000e+01,4.492710113525390625e+01
3.200000000000000000e+01,2.900000000000000000e+01,4.492710113525390625e+01
3.300000000000000000e+01,2.900000000000000000e+01,4.492710113525390625e+01
3.400000000000000000e+01,2.900000000000000000e+01,4.492710113525390625e+01
3.500000000000000000e+01,2.900000000000000000e+01,4.492710113525390625e+01
3.600000000000000000e+01,2.900000000000000000e+01,4.492710113525390625e+01
3.700000000000000000e+01,2.900000000000000000e+01,4.492710113525390625e+01
3.800000000000000000e+01,2.900000000000000000e+01,4.492710113525390625e+01
3.900000000000000000e+01,2.900000000000000000e+01,4.492710113525390625e+01
4.000000000000000000e+01,2.900000000000000000e+01,4.492710113525390625e+01
4.100000000000000000e+01,2.900000000000000000e+01,4.492710113525390625e+01
4.200000000000000000e+01,2.900000000000000000e+01,4.492710113525390625e+01
4.300000000000000000e+01,2.900000000000000000e+01,4.492710113525390625e+01
4.400000000000000000e+01,2.900000000000000000e+01,4.492710113525390625e+01
4.500000000000000000e+01,2.900000000000000000e+01,4.492710113525390625e+01
4.600000000000000000e+01,2.900000000000000000e+01,4.492710113525390625e+01
4.700000000000000000e+01,2.900000000000000000e+01,4.492710113525390625e+01
4.800000000000000000e+01,2.900000000000000000e+01,4.492710113525390625e+01
4.900000000000000000e+01,2.900000000000000000e+01,4.492710113525390625e+01
5.000000000000000000e+01,2.900000000000000000e+01,4.492710113525390625e+01
5.100000000000000000e+01,2.900000000000000000e+01,4.492710113525390625e+01
5.200000000000000000e+01,2.900000000000000000e+01,4.492710113525390625e+01
5.300000000000000000e+01,2.900000000000000000e+01,4.492710113525390625e+01
5.400000000000000000e+01,2.900000000000000000e+01,4.492710113525390625e+01
5.500000000000000000e+01,2.900000000000000000e+01,4.492710113525390625e+01
5.600000000000000000e+01,2.900000000000000000e+01,4.492710113525390625e+01
5.700000000000000000e+01,2.900000000000000000e+01,4.492710113525390625e+01
5.800000000000000000e+01,2.900000000000000000e+01,4.492710113525390625e+01
5.900000000000000000e+01,2.900000000000000000e+01,4.492710113525390625e+01
1.000000000000000000e+00,3.000000000000000000e+01,4.496329879760742188e+01
0.000000000000000000e+00,3.000000000000000000e+01,4.496329879760742188e+01
2.000000000000000000e+00,3.000000000000000000e+01,4.496329879760742188e+01
3.000000000000000000e+00,3.000000000000000000e+01,4.496329879760742188e+01
4.000000000000000000e+00,3.000000000000000000e+01,4.496329879760742188e+01
5.000000000000000000e+00,3.000000000000000000e+01,4.496329879760742188e+01
6.000000000000000000e+00,3.000000000000000000e+01,4.496329879760742188e+01
7.000000000000000000e+00,3.000000000000000000e+01,4.496329879760742188e+01
8.000000000000000000e+00,3.000000000000000000e+01,4.496329879760742188e+01
9.000000000000000000e+00,3.000000000000000000e+01,4.496329879760742188e+01
1.000000000000000000e+01,3.000000000000000000e+01,4.496329879760742188e+01
1.100000000000000000e+01,3.000000000000000000e+01,4.496329879760742188e+01
1.200000000000000000e+01,3.000000000000000000e+01,4.496329879760742188e+01
1.300000000000000000e+01,3.000000000000000000e+01,4.496329879760742188e+01
1.400000000000000000e+01,3.000000000000000000e+01,4.496329879760742188e+01
1.500000000000000000e+01,3.000000000000000000e+01,4.496329879760742188e+01
1.600000000000000000e+01,3.000000000000000000e+01,4.496329879760742188e+01
1.700000000000000000e+01,3.000000000000000000e+01,4.496329879760742188e+01
1.800000000000000000e+01,3.000000000000000000e+01,4.496329879760742188e+01
1.900000000000000000e+01,3.000000000000000000e+01,4.496329879760742188e+01
2.000000000000000000e+01,3.000000000000000000e+01,4.496329879760742188e+01
2.100000000000000000e+01,3.000000000000000000e+01,4.496329879760742188e+01
2.200000000000000000e+01,3.000000000000000000e+01,4.496329879760742188e+01
2.300000000000000000e+01,3.000000000000000000e+01,4.496329879760742188e+01
2.400000000000000000e+01,3.000000000000000000e+01,4.496329879760742188e+01
2.500000000000000000e+01,3.000000000000000000e+01,4.496329879760742188e+01
2.600000000000000000e+01,3.000000000000000000e+01,4.496329879760742188e+01
2.700000000000000000e+01,3.000000000000000000e+01,4.496329879760742188e+01
2.800000000000000000e+01,3.000000000000000000e+01,4.496329879760742188e+01
2.900000000000000000e+01,3.000000000000000000e+01,4.496329879760742188e+01
3.000000000000000000e+01,3.000000000000000000e+01,4.496329879760742188e+01
3.100000000000000000e+01,3.000000000000000000e+01,4.496329879760742188e+01
3.200000000000000000e+01,3.000000000000000000e+01,4.496329879760742188e+01
3.300000000000000000e+01,3.000000000000000000e+01,4.496329879760742188e+01
3.400000000000000000e+01,3.000000000000000000e+01,4.496329879760742188e+01
3.500000000000000000e+01,3.000000000000000000e+01,4.496329879760742188e+01
3.600000000000000000e+01,3.000000000000000000e+01,4.496329879760742188e+01
3.700000000000000000e+01,3.000000000000000000e+01,4.496329879760742188e+01
3.800000000000000000e+01,3.000000000000000000e+01,4.496329879760742188e+01
3.900000000000000000e+01,3.000000000000000000e+01,4.496329879760742188e+01
4.000000000000000000e+01,3.000000000000000000e+01,4.496329879760742188e+01
4.100000000000000000e+01,3.000000000000000000e+01,4.496329879760742188e+01
4.200000000000000000e+01,3.000000000000000000e+01,4.496329879760742188e+01
4.300000000000000000e+01,3.000000000000000000e+01,4.496329879760742188e+01
4.400000000000000000e+01,3.000000000000000000e+01,4.496329879760742188e+01
4.500000000000000000e+01,3.000000000000000000e+01,4.496329879760742188e+01
4.600000000000000000e+01,3.000000000000000000e+01,4.496329879760742188e+01
4.700000000000000000e+01,3.000000000000000000e+01,4.496329879760742188e+01
4.800000000000000000e+01,3.000000000000000000e+01,4.496329879760742188e+01
4.900000000000000000e+01,3.000000000000000000e+01,4.496329879760742188e+01
5.000000000000000000e+01,3.000000000000000000e+01,4.496329879760742188e+01
5.100000000000000000e+01,3.000000000000000000e+01,4.496329879760742188e+01
5.200000000000000000e+01,3.000000000000000000e+01,4.496329879760742188e+01
5.300000000000000000e+01,3.000000000000000000e+01,4.496329879760742188e+01
5.400000000000000000e+01,3.000000000000000000e+01,4.496329879760742188e+01
5.500000000000000000e+01,3.000000000000000000e+01,4.496329879760742188e+01
5.600000000000000000e+01,3.000000000000000000e+01,4.496329879760742188e+01
5.700000000000000000e+01,3.000000000000000000e+01,4.496329879760742188e+01
5.800000000000000000e+01,3.000000000000000000e+01,4.496329879760742188e+01
5.900000000000000000e+01,3.000000000000000000e+01,4.496329879760742188e+01
1.000000000000000000e+00,3.100000000000000000e+01,4.492710113525390625e+01
0.000000000000000000e+00,3.100000000000000000e+01,4.492710113525390625e+01
2.000000000000000000e+00,3.100000000000000000e+01,4.492710113525390625e+01
3.000000000000000000e+00,3.100000000000000000e+01,4.492710113525390625e+01
4.000000000000000000e+00,3.100000000000000000e+01,4.492710113525390625e+01
5.000000000000000000e+00,3.100000000000000000e+01,4.492710113525390625e+01
6.000000000000000000e+00,3.100000000000000000e+01,4.492710113525390625e+01
7.000000000000000000e+00,3.100000000000000000e+01,4.492710113525390625e+01
8.000000000000000000e+00,3.100000000000000000e+01,4.492710113525390625e+01
9.000000000000000000e+00,3.100000000000000000e+01,4.492710113525390625e+01
1.000000000000000000e+01,3.100000000000000000e+01,4.492710113525390625e+01
1.100000000000000000e+01,3.100000000000000000e+01,4.492710113525390625e+01
1.200000000000000000e+01,3.100000000000000000e+01,4.492710113525390625e+01
1.300000000000000000e+01,3.100000000000000000e+01,4.492710113525390625e+01
1.400000000000000000e+01,3.100000000000000000e+01,4.492710113525390625e+01
1.500000000000000000e+01,3.100000000000000000e+01,4.492710113525390625e+01
1.600000000000000000e+01,3.100000000000000000e+01,4.492710113525390625e+01
1.700000000000000000e+01,3.100000000000000000e+01,4.492710113525390625e+01
1.800000000000000000e+01,3.100000000000000000e+01,4.492710113525390625e+01
1.900000000000000000e+01,3.100000000000000000e+01,4.492710113525390625e+01
2.000000000000000000e+01,3.100000000000000000e+01,4.492710113525390625e+01
2.100000000000000000e+01,3.100000000000000000e+01,4.492710113525390625e+01
2.200000000000000000e+01,3.100000000000000000e+01,4.492710113525390625e+01
2.300000000000000000e+01,3.100000000000000000e+01,4.492710113525390625e+01
2.400000000000000000e+01,3.100000000000000000e+01,4.492710113525390625e+01
2.500000000000000000e+01,3.100000000000000000e+01,4.492710113525390625e+01
2.600000000000000000e+01,3.100000000000000000e+01,4.492710113525390625e+01
2.700000000000000000e+01,3.100000000000000000e+01,4.492710113525390625e+01
2.800000000000000000e+01,3.100000000000000000e+01,4.492710113525390625e+01
2.900000000000000000e+01,3.100000000000000000e+01,4.492710113525390625e+01
3.000000000000000000e+01,3.100000000000000000e+01,4.492710113525390625e+01
3.100000000000000000e+01,3.100000000000000000e+01,4.492710113525390625e+01
3.200000000000000000e+01,3.100000000000000000e+01,4.492710113525390625e+01
3.300000000000000000e+01,3.100000000000000000e+01,4.492710113525390625e+01
3.400000000000000000e+01,3.100000000000000000e+01,4.492710113525390625e+01
3.500000000000000000e+01,3.100000000000000000e+01,4.492710113525390625e+01
3.600000000000000000e+01,3.100000000000000000e+01,4.492710113525390625e+01
3.700000000000000000e+01,3.100000000000000000e+01,4.492710113525390625e+01
3.800000000000000000e+01,3.100000000000000000e+01,4.492710113525390625e+01
3.900000000000000000e+01,3.100000000000000000e+01,4.492710113525390625e+01
4.000000000000000000e+01,3.100000000000000000e+01,4.492710113525390625e+01
4.100000000000000000e+01,3.100000000000000000e+01,4.492710113525390625e+01
4.200000000000000000e+01,3.100000000000000000e+01,4.492710113525390625e+01
4.300000000000000000e+01,3.100000000000000000e+01,4.492710113525390625e+01
4.400000000000000000e+01,3.100000000000000000e+01,4.492710113525390625e+01
4.500000000000000000e+01,3.100000000000000000e+01,4.492710113525390625e+01
4.600000000000000000e+01,3.100000000000000000e+01,4.492710113525390625e+01
4.700000000000000000e+01,3.100000000000000000e+01,4.492710113525390625e+01
4.800000000000000000e+01,3.100000000000000000e+01,4.492710113525390625e+01
4.900000000000000000e+01,3.100000000000000000e+01,4.492710113525390625e+01
5.000000000000000000e+01,3.100000000000000000e+01,4.492710113525390625e+01
5.100000000000000000e+01,3.100000000000000000e+01,4.492710113525390625e+01
5.200000000000000000e+01,3.100000000000000000e+01,4.492710113525390625e+01
5.300000000000000000e+01,3.100000000000000000e+01,4.492710113525390625e+01
5.400000000000000000e+01,3.100000000000000000e+01,4.492710113525390625e+01
5.500000000000000000e+01,3.100000000000000000e+01,4.492710113525390625e+01
5.600000000000000000e+01,3.100000000000000000e+01,4.492710113525390625e+01
5.700000000000000000e+01,3.100000000000000000e+01,4.492710113525390625e+01
5.800000000000000000e+01,3.100000000000000000e+01,4.492710113525390625e+01
5.900000000000000000e+01,3.100000000000000000e+01,4.492710113525390625e+01
1.000000000000000000e+00,3.200000000000000000e+01,4.482210159301757812e+01
0.000000000000000000e+00,3.200000000000000000e+01,4.482210159301757812e+01
2.000000000000000000e+00,3.200000000000000000e+01,4.482210159301757812e+01
3.000000000000000000e+00,3.200000000000000000e+01,4.482210159301757812e+01
4.000000000000000000e+00,3.200000000000000000e+01,4.482210159301757812e+01
5.000000000000000000e+00,3.200000000000000000e+01,4.482210159301757812e+01
6.000000000000000000e+00,3.200000000000000000e+01,4.482210159301757812e+01
7.000000000000000000e+00,3.200000000000000000e+01,4.482210159301757812e+01
8.000000000000000000e+00,3.200000000000000000e+01,4.482210159301757812e+01
9.000000000000000000e+00,3.200000000000000000e+01,4.482210159301757812e+01
1.000000000000000000e+01,3.200000000000000000e+01,4.482210159301757812e+01
1.100000000000000000e+01,3.200000000000000000e+01,4.482210159301757812e+01
1.200000000000000000e+01,3.200000000000000000e+01,4.482210159301757812e+01
1.300000000000000000e+01,3.200000000000000000e+01,4.482210159301757812e+01
1.400000000000000000e+01,3.200000000000000000e+01,4.482210159301757812e+01
1.500000000000000000e+01,3.200000000000000000e+01,4.482210159301757812e+01
1.600000000000000000e+01,3.200000000000000000e+01,4.482210159301757812e+01
1.700000000000000000e+01,3.200000000000000000e+01,4.482210159301757812e+01
1.800000000000000000e+01,3.200000000000000000e+01,4.482210159301757812e+01
1.900000000000000000e+01,3.200000000000000000e+01,4.482210159301757812e+01
2.000000000000000000e+01,3.200000000000000000e+01,4.482210159301757812e+01
2.100000000000000000e+01,3.200000000000000000e+01,4.482210159301757812e+01
2.200000000000000000e+01,3.200000000000000000e+01,4.482210159301757812e+01
2.300000000000000000e+01,3.200000000000000000e+01,4.482210159301757812e+01
2.400000000000000000e+01,3.200000000000000000e+01,4.482210159301757812e+01
2.500000000000000000e+01,3.200000000000000000e+01,4.482210159301757812e+01
2.600000000000000000e+01,3.200000000000000000e+01,4.482210159301757812e+01
2.700000000000000000e+01,3.200000000000000000e+01,4.482210159301757812e+01
2.800000000000000000e+01,3.200000000000000000e+01,4.482210159301757812e+01
2.900000000000000000e+01,3.200000000000000000e+01,4.482210159301757812e+01
3.000000000000000000e+01,3.200000000000000000e+01,4.482210159301757812e+01
3.100000000000000000e+01,3.200000000000000000e+01,4.482210159301757812e+01
3.200000000000000000e+01,3.200000000000000000e+01,4.482210159301757812e+01
3.300000000000000000e+01,3.200000000000000000e+01,4.482210159301757812e+01
3.400000000000000000e+01,3.200000000000000000e+01,4.482210159301757812e+01
3.500000000000000000e+01,3.200000000000000000e+01,4.482210159301757812e+01
3.600000000000000000e+01,3.200000000000000000e+01,4.482210159301757812e+01
3.700000000000000000e+01,3.200000000000000000e+01,4.482210159301757812e+01
3.800000000000000000e+01,3.200000000000000000e+01,4.482210159301757812e+01
3.900000000000000000e+01,3.200000000000000000e+01,4.482210159301757812e+01
4.000000000000000000e+01,3.200000000000000000e+01,4.482210159301757812e+01
4.100000000000000000e+01,3.200000000000000000e+01,4.482210159301757812e+01
4.200000000000000000e+01,3.200000000000000000e+01,4.482210159301757812e+01
4.300000000000000000e+01,3.200000000000000000e+01,4.482210159301757812e+01
4.400000000000000000e+01,3.200000000000000000e+01,4.482210159301757812e+01
4.500000000000000000e+01,3.200000000000000000e+01,4.482210159301757812e+01
4.600000000000000000e+01,3.200000000000000000e+01,4.482210159301757812e+01
4.700000000000000000e+01,3.200000000000000000e+01,4.482210159301757812e+01
4.800000000000000000e+01,3.200000000000000000e+01,4.482210159301757812e+01
4.900000000000000000e+01,3.200000000000000000e+01,4.482210159301757812e+01
5.000000000000000000e+01,3.200000000000000000e+01,4.482210159301757812e+01
5.100000000000000000e+01,3.200000000000000000e+01,4.482210159301757812e+01
5.200000000000000000e+01,3.200000000000000000e+01,4.482210159301757812e+01
5.300000000000000000e+01,3.200000000000000000e+01,4.482210159301757812e+01
5.400000000000000000e+01,3.200000000000000000e+01,4.482210159301757812e+01
5.500000000000000000e+01,3.200000000000000000e+01,4.482210159301757812e+01
5.600000000000000000e+01,3.200000000000000000e+01,4.482210159301757812e+01
5.700000000000000000e+01,3.200000000000000000e+01,4.482210159301757812e+01
5.800000000000000000e+01,3.200000000000000000e+01,4.482210159301757812e+01
5.900000000000000000e+01,3.200000000000000000e+01,4.482210159301757812e+01
1.000000000000000000e+00,3.300000000000000000e+01,4.465480041503906250e+01
0.000000000000000000e+00,3.300000000000000000e+01,4.465480041503906250e+01
2.000000000000000000e+00,3.300000000000000000e+01,4.465480041503906250e+01
3.000000000000000000e+00,3.300000000000000000e+01,4.465480041503906250e+01
4.000000000000000000e+00,3.300000000000000000e+01,4.465480041503906250e+01
5.000000000000000000e+00,3.300000000000000000e+01,4.465480041503906250e+01
6.000000000000000000e+00,3.300000000000000000e+01,4.465480041503906250e+01
7.000000000000000000e+00,3.300000000000000000e+01,4.465480041503906250e+01
8.000000000000000000e+00,3.300000000000000000e+01,4.465480041503906250e+01
9.000000000000000000e+00,3.300000000000000000e+01,4.465480041503906250e+01
1.000000000000000000e+01,3.300000000000000000e+01,4.465480041503906250e+01
1.100000000000000000e+01,3.300000000000000000e+01,4.465480041503906250e+01
1.200000000000000000e+01,3.300000000000000000e+01,4.465480041503906250e+01
1.300000000000000000e+01,3.300000000000000000e+01,4.465480041503906250e+01
1.400000000000000000e+01,3.300000000000000000e+01,4.465480041503906250e+01
1.500000000000000000e+01,3.300000000000000000e+01,4.465480041503906250e+01
1.600000000000000000e+01,3.300000000000000000e+01,4.465480041503906250e+01
1.700000000000000000e+01,3.300000000000000000e+01,4.465480041503906250e+01
1.800000000000000000e+01,3.300000000000000000e+01,4.465480041503906250e+01
1.900000000000000000e+01,3.300000000000000000e+01,4.465480041503906250e+01
2.000000000000000000e+01,3.300000000000000000e+01,4.465480041503906250e+01
2.100000000000000000e+01,3.300000000000000000e+01,4.465480041503906250e+01
2.200000000000000000e+01,3.300000000000000000e+01,4.465480041503906250e+01
2.300000000000000000e+01,3.300000000000000000e+01,4.465480041503906250e+01
2.400000000000000000e+01,3.300000000000000000e+01,4.465480041503906250e+01
2.500000000000000000e+01,3.300000000000000000e+01,4.465480041503906250e+01
2.600000000000000000e+01,3.300000000000000000e+01,4.465480041503906250e+01
2.700000000000000000e+01,3.300000000000000000e+01,4.465480041503906250e+01
2.800000000000000000e+01,3.300000000000000000e+01,4.465480041503906250e+01
2.900000000000000000e+01,3.300000000000000000e+01,4.465480041503906250e+01
3.000000000000000000e+01,3.300000000000000000e+01,4.465480041503906250e+01
3.100000000000000000e+01,3.300000000000000000e+01,4.465480041503906250e+01
3.200000000000000000e+01,3.300000000000000000e+01,4.465480041503906250e+01
3.300000000000000000e+01,3.300000000000000000e+01,4.465480041503906250e+01
3.400000000000000000e+01,3.300000000000000000e+01,4.465480041503906250e+01
3.500000000000000000e+01,3.300000000000000000e+01,4.465480041503906250e+01
3.600000000000000000e+01,3.300000000000000000e+01,4.465480041503906250e+01
3.700000000000000000e+01,3.300000000000000000e+01,4.465480041503906250e+01
3.800000000000000000e+01,3.300000000000000000e+01,4.465480041503906250e+01
3.900000000000000000e+01,3.300000000000000000e+01,4.465480041503906250e+01
4.000000000000000000e+01,3.300000000000000000e+01,4.465480041503906250e+01
4.100000000000000000e+01,3.300000000000000000e+01,4.465480041503906250e+01
4.200000000000000000e+01,3.300000000000000000e+01,4.465480041503906250e+01
4.300000000000000000e+01,3.300000000000000000e+01,4.465480041503906250e+01
4.400000000000000000e+01,3.300000000000000000e+01,4.465480041503906250e+01
4.500000000000000000e+01,3.300000000000000000e+01,4.465480041503906250e+01
4.600000000000000000e+01,3.300000000000000000e+01,4.465480041503906250e+01
4.700000000000000000e+01,3.300000000000000000e+01,4.465480041503906250e+01
4.800000000000000000e+01,3.300000000000000000e+01,4.465480041503906250e+01
4.900000000000000000e+01,3.300000000000000000e+01,4.465480041503906250e+01
5.000000000000000000e+01,3.300000000000000000e+01,4.465480041503906250e+01
5.100000000000000000e+01,3.300000000000000000e+01,4.465480041503906250e+01
5.200000000000000000e+01,3.300000000000000000e+01,4.465480041503906250e+01
5.300000000000000000e+01,3.300000000000000000e+01,4.465480041503906250e+01
5.400000000000000000e+01,3.300000000000000000e+01,4.465480041503906250e+01
5.500000000000000000e+01,3.300000000000000000e+01,4.465480041503906250e+01
5.600000000000000000e+01,3.300000000000000000e+01,4.465480041503906250e+01
5.700000000000000000e+01,3.300000000000000000e+01,4.465480041503906250e+01
5.800000000000000000e+01,3.300000000000000000e+01,4.465480041503906250e+01
5.900000000000000000e+01,3.300000000000000000e+01,4.465480041503906250e+01
1.000000000000000000e+00,3.400000000000000000e+01,4.442549896240234375e+01
0.000000000000000000e+00,3.400000000000000000e+01,4.442549896240234375e+01
2.000000000000000000e+00,3.400000000000000000e+01,4.442549896240234375e+01
3.000000000000000000e+00,3.400000000000000000e+01,4.442549896240234375e+01
4.000000000000000000e+00,3.400000000000000000e+01,4.442549896240234375e+01
5.000000000000000000e+00,3.400000000000000000e+01,4.442549896240234375e+01
6.000000000000000000e+00,3.400000000000000000e+01,4.442549896240234375e+01
7.000000000000000000e+00,3.400000000000000000e+01,4.442549896240234375e+01
8.000000000000000000e+00,3.400000000000000000e+01,4.442549896240234375e+01
9.000000000000000000e+00,3.400000000000000000e+01,4.442549896240234375e+01
1.000000000000000000e+01,3.400000000000000000e+01,4.442549896240234375e+01
1.100000000000000000e+01,3.400000000000000000e+01,4.442549896240234375e+01
1.200000000000000000e+01,3.400000000000000000e+01,4.442549896240234375e+01
1.300000000000000000e+01,3.400000000000000000e+01,4.442549896240234375e+01
1.400000000000000000e+01,3.400000000000000000e+01,4.442549896240234375e+01
1.500000000000000000e+01,3.400000000000000000e+01,4.442549896240234375e+01
1.600000000000000000e+01,3.400000000000000000e+01,4.442549896240234375e+01
1.700000000000000000e+01,3.400000000000000000e+01,4.442549896240234375e+01
1.800000000000000000e+01,3.400000000000000000e+01,4.442549896240234375e+01
1.900000000000000000e+01,3.400000000000000000e+01,4.442549896240234375e+01
2.000000000000000000e+01,3.400000000000000000e+01,4.442549896240234375e+01
2.100000000000000000e+01,3.400000000000000000e+01,4.442549896240234375e+01
2.200000000000000000e+01,3.400000000000000000e+01,4.442549896240234375e+01
2.300000000000000000e+01,3.400000000000000000e+01,4.442549896240234375e+01
2.400000000000000000e+01,3.400000000000000000e+01,4.442549896240234375e+01
2.500000000000000000e+01,3.400000000000000000e+01,4.442549896240234375e+01
2.600000000000000000e+01,3.400000000000000000e+01,4.442549896240234375e+01
2.700000000000000000e+01,3.400000000000000000e+01,4.442549896240234375e+01
2.800000000000000000e+01,3.400000000000000000e+01,4.442549896240234375e+01
2.900000000000000000e+01,3.400000000000000000e+01,4.442549896240234375e+01
3.000000000000000000e+01,3.400000000000000000e+01,4.442549896240234375e+01
3.100000000000000000e+01,3.400000000000000000e+01,4.442549896240234375e+01
3.200000000000000000e+01,3.400000000000000000e+01,4.442549896240234375e+01
3.300000000000000000e+01,3.400000000000000000e+01,4.442549896240234375e+01
3.400000000000000000e+01,3.400000000000000000e+01,4.442549896240234375e+01
3.500000000000000000e+01,3.400000000000000000e+01,4.442549896240234375e+01
3.600000000000000000e+01,3.400000000000000000e+01,4.442549896240234375e+01
3.700000000000000000e+01,3.400000000000000000e+01,4.442549896240234375e+01
3.800000000000000000e+01,3.400000000000000000e+01,4.442549896240234375e+01
3.900000000000000000e+01,3.400000000000000000e+01,4.442549896240234375e+01
4.000000000000000000e+01,3.400000000000000000e+01,4.442549896240234375e+01
4.100000000000000000e+01,3.400000000000000000e+01,4.442549896240234375e+01
4.200000000000000000e+01,3.400000000000000000e+01,4.442549896240234375e+01
4.300000000000000000e+01,3.400000000000000000e+01,4.442549896240234375e+01
4.400000000000000000e+01,3.400000000000000000e+01,4.442549896240234375e+01
4.500000000000000000e+01,3.400000000000000000e+01,4.442549896240234375e+01
4.600000000000000000e+01,3.400000000000000000e+01,4.442549896240234375e+01
4.700000000000000000e+01,3.400000000000000000e+01,4.442549896240234375e+01
4.800000000000000000e+01,3.400000000000000000e+01,4.442549896240234375e+01
4.900000000000000000e+01,3.400000000000000000e+01,4.442549896240234375e+01
5.000000000000000000e+01,3.400000000000000000e+01,4.442549896240234375e+01
5.100000000000000000e+01,3.400000000000000000e+01,4.442549896240234375e+01
5.200000000000000000e+01,3.400000000000000000e+01,4.442549896240234375e+01
5.300000000000000000e+01,3.400000000000000000e+01,4.442549896240234375e+01
5.400000000000000000e+01,3.400000000000000000e+01,4.442549896240234375e+01
5.500000000000000000e+01,3.400000000000000000e+01,4.442549896240234375e+01
5.600000000000000000e+01,3.400000000000000000e+01,4.442549896240234375e+01
5.700000000000000000e+01,3.400000000000000000e+01,4.442549896240234375e+01
5.800000000000000000e+01,3.400000000000000000e+01,4.442549896240234375e+01
5.900000000000000000e+01,3.400000000000000000e+01,4.442549896240234375e+01
1.000000000000000000e+00,3.500000000000000000e+01,4.411389923095703125e+01
0.000000000000000000e+00,3.500000000000000000e+01,4.411389923095703125e+01
2.000000000000000000e+00,3.500000000000000000e+01,4.411389923095703125e+01
3.000000000000000000e+00,3.500000000000000000e+01,4.411389923095703125e+01
4.000000000000000000e+00,3.500000000000000000e+01,4.411389923095703125e+01
5.000000000000000000e+00,3.500000000000000000e+01,4.411389923095703125e+01
6.000000000000000000e+00,3.500000000000000000e+01,4.411389923095703125e+01
7.000000000000000000e+00,3.500000000000000000e+01,4.411389923095703125e+01
8.000000000000000000e+00,3.500000000000000000e+01,4.411389923095703125e+01
9.000000000000000000e+00,3.500000000000000000e+01,4.411389923095703125e+01
1.000000000000000000e+01,3.500000000000000000e+01,4.411389923095703125e+01
1.100000000000000000e+01,3.500000000000000000e+01,4.411389923095703125e+01
1.200000000000000000e+01,3.500000000000000000e+01,4.411389923095703125e+01
1.300000000000000000e+01,3.500000000000000000e+01,4.411389923095703125e+01
1.400000000000000000e+01,3.500000000000000000e+01,4.411389923095703125e+01
1.500000000000000000e+01,3.500000000000000000e+01,4.411389923095703125e+01
1.600000000000000000e+01,3.500000000000000000e+01,4.411389923095703125e+01
1.700000000000000000e+01,3.500000000000000000e+01,4.411389923095703125e+01
1.800000000000000000e+01,3.500000000000000000e+01,4.411389923095703125e+01
1.900000000000000000e+01,3.500000000000000000e+01,4.411389923095703125e+01
2.000000000000000000e+01,3.500000000000000000e+01,4.411389923095703125e+01
2.100000000000000000e+01,3.500000000000000000e+01,4.411389923095703125e+01
2.200000000000000000e+01,3.500000000000000000e+01,4.411389923095703125e+01
2.300000000000000000e+01,3.500000000000000000e+01,4.411389923095703125e+01
2.400000000000000000e+01,3.500000000000000000e+01,4.411389923095703125e+01
2.500000000000000000e+01,3.500000000000000000e+01,4.411389923095703125e+01
2.600000000000000000e+01,3.500000000000000000e+01,4.411389923095703125e+01
2.700000000000000000e+01,3.500000000000000000e+01,4.411389923095703125e+01
2.800000000000000000e+01,3.500000000000000000e+01,4.411389923095703125e+01
2.900000000000000000e+01,3.500000000000000000e+01,4.411389923095703125e+01
3.000000000000000000e+01,3.500000000000000000e+01,4.411389923095703125e+01
3.100000000000000000e+01,3.500000000000000000e+01,4.411389923095703125e+01
3.200000000000000000e+01,3.500000000000000000e+01,4.411389923095703125e+01
3.300000000000000000e+01,3.500000000000000000e+01,4.411389923095703125e+01
3.400000000000000000e+01,3.500000000000000000e+01,4.411389923095703125e+01
3.500000000000000000e+01,3.500000000000000000e+01,4.411389923095703125e+01
3.600000000000000000e+01,3.500000000000000000e+01,4.411389923095703125e+01
3.700000000000000000e+01,3.500000000000000000e+01,4.411389923095703125e+01
3.800000000000000000e+01,3.500000000000000000e+01,4.411389923095703125e+01
3.900000000000000000e+01,3.500000000000000000e+01,4.411389923095703125e+01
4.000000000000000000e+01,3.500000000000000000e+01,4.411389923095703125e+01
4.100000000000000000e+01,3.500000000000000000e+01,4.411389923095703125e+01
4.200000000000000000e+01,3.500000000000000000e+01,4.411389923095703125e+01
4.300000000000000000e+01,3.500000000000000000e+01,4.411389923095703125e+01
4.400000000000000000e+01,3.500000000000000000e+01,4.411389923095703125e+01
4.500000000000000000e+01,3.500000000000000000e+01,4.411389923095703125e+01
4.600000000000000000e+01,3.500000000000000000e+01,4.411389923095703125e+01
4.700000000000000000e+01,3.500000000000000000e+01,4.411389923095703125e+01
4.800000000000000000e+01,3.500000000000000000e+01,4.411389923095703125e+01
4.900000000000000000e+01,3.500000000000000000e+01,4.411389923095703125e+01
5.000000000000000000e+01,3.500000000000000000e+01,4.411389923095703125e+01
5.100000000000000000e+01,3.500000000000000000e+01,4.411389923095703125e+01
5.200000000000000000e+01,3.500000000000000000e+01,4.411389923095703125e+01
5.300000000000000000e+01,3.500000000000000000e+01,4.411389923095703125e+01
5.400000000000000000e+01,3.500000000000000000e+01,4.411389923095703125e+01
5.500000000000000000e+01,3.500000000000000000e+01,4.411389923095703125e+01
5.600000000000000000e+01,3.500000000000000000e+01,4.411389923095703125e+01
5.700000000000000000e+01,3.500000000000000000e+01,4.411389923095703125e+01
5.800000000000000000e+01,3.500000000000000000e+01,4.411389923095703125e+01
5.900000000000000000e+01,3.500000000000000000e+01,4.411389923095703125e+01
