# vtk DataFile Version 5.1
vtk output
ASCII
DATASET POLYDATA
POINTS 7470 float
30 24 10.9904 30 23.9742 11 29.6729 24 11 
30.3271 24 11 27 25 10.9327 27 24.7863 11 
26.6666 25 11 28 25 10.7963 28 24.3339 11 
29 25 10.7194 29 24.0617 11 30 25 10.6946 
31 24.0617 11 31 25 10.7194 32 25 10.7963 
32 24.3339 11 33 25 10.9327 33 24.7863 11 
33.3334 25 11 26 26 10.8768 26 25.5182 11 
25.5182 26 11 27 26 10.6946 28 26 10.5752 
29 26 10.5067 30 26 10.4842 31 26 10.5067 
32 26 10.5752 33 26 10.6946 34 25.5182 11 
34 26 10.8768 34.4818 26 11 25 27 10.9327 
25 26.6666 11 24.7863 27 11 26 27 10.6946 
27 27 10.5293 28 27 10.4166 29 27 10.3485 
30 27 10.3253 31 27 10.3485 32 27 10.4166 
33 27 10.5293 34 27 10.6946 35 26.6666 11 
35 27 10.9327 35.2137 27 11 25 28 10.7963 
24.3339 28 11 26 28 10.5752 27 28 10.4166 
28 28 10.3017 29 28 10.2281 30 28 10.2022 
31 28 10.2281 32 28 10.3017 33 28 10.4166 
34 28 10.5752 35 28 10.7963 35.6661 28 11 
25 29 10.7194 24.0617 29 11 26 29 10.5067 
27 29 10.3485 28 29 10.2281 29 29 10.1482 
30 29 10.1198 31 29 10.1482 32 29 10.2281 
33 29 10.3485 34 29 10.5067 35 29 10.7194 
35.9383 29 11 24 30 10.9904 24 29.6729 11 
23.9742 30 11 25 30 10.6946 26 30 10.4842 
27 30 10.3253 28 30 10.2022 29 30 10.1198 
30 30 10.0904 31 30 10.1198 32 30 10.2022 
33 30 10.3253 34 30 10.4842 35 30 10.6946 
36 29.6729 11 36 30 10.9904 36.0258 30 11 
24 30.3271 11 24.0617 31 11 25 31 10.7194 
26 31 10.5067 27 31 10.3485 28 31 10.2281 
29 31 10.1482 30 31 10.1198 31 31 10.1482 
32 31 10.2281 33 31 10.3485 34 31 10.5067 
35 31 10.7194 35.9383 31 11 36 30.3271 11 
25 32 10.7963 24.3339 32 11 26 32 10.5752 
27 32 10.4166 28 32 10.3017 29 32 10.2281 
30 32 10.2022 31 32 10.2281 32 32 10.3017 
33 32 10.4166 34 32 10.5752 35 32 10.7963 
35.6661 32 11 25 33 10.9327 24.7863 33 11 
26 33 10.6946 27 33 10.5293 28 33 10.4166 
29 33 10.3485 30 33 10.3253 31 33 10.3485 
32 33 10.4166 33 33 10.5293 34 33 10.6946 
35 33 10.9327 35.2137 33 11 25 33.3334 11 
25.5182 34 11 26 34 10.8768 27 34 10.6946 
28 34 10.5752 29 34 10.5067 30 34 10.4842 
31 34 10.5067 32 34 10.5752 33 34 10.6946 
34 34 10.8768 34.4818 34 11 35 33.3334 11 
26 34.4818 11 26.6666 35 11 27 35 10.9327 
28 35 10.7963 29 35 10.7194 30 35 10.6946 
31 35 10.7194 32 35 10.7963 33 35 10.9327 
33.3334 35 11 34 34.4818 11 27 35.2137 11 
28 35.6661 11 29 35.9383 11 29.6729 36 11 
30 36 10.9904 30.3271 36 11 31 35.9383 11 
32 35.6661 11 33 35.2137 11 30 36.0258 11 
27 22 11.9941 27 21.9881 12 26.9718 22 12 
28 22 11.8492 28 21.6909 12 29 22 11.7664 
29 21.5156 12 30 22 11.7394 30 21.4574 12 
31 22 11.7664 31 21.5156 12 32 22 11.8492 
32 21.6909 12 33 22 11.9941 33 21.9881 12 
33.0282 22 12 26 23 11.7664 26 22.4522 12 
25.0895 23 12 27 23 11.5814 28 23 11.4526 
29 23 11.3752 30 23 11.3492 31 23 11.3752 
32 23 11.4526 33 23 11.5814 34 22.4522 12 
34 23 11.7664 34.9105 23 12 24 24 11.9643 
24 23.9067 12 23.9067 24 12 25 24 11.6597 
25 23.0622 12 26 24 11.4269 27 24 11.2437 
28 24 11.1063 29 24 11.0199 31 24 11.0199 
32 24 11.1063 33 24 11.2437 34 24 11.4269 
35 23.0622 12 35 24 11.6597 36 24 11.9643 
36 23.9067 12 36.0933 24 12 24 25 11.6597 
23.0622 25 12 25 25 11.3753 26 25 11.1344 
34 25 11.1344 35 25 11.3753 36 25 11.6597 
36.9378 25 12 23 26 11.7664 23 25.0895 12 
22.4522 26 12 24 26 11.4269 25 26 11.1344 
35 26 11.1344 36 26 11.4269 37 25.0895 12 
37 26 11.7664 37.5478 26 12 22 27 11.9941 
22 26.9718 12 21.9881 27 12 23 27 11.5814 
24 27 11.2437 36 27 11.2437 37 27 11.5814 
38 26.9718 12 38 27 11.9941 38.0118 27 12 
22 28 11.8492 21.6909 28 12 23 28 11.4526 
24 28 11.1063 36 28 11.1063 37 28 11.4526 
38 28 11.8492 38.3091 28 12 22 29 11.7664 
21.5156 29 12 23 29 11.3752 24 29 11.0199 
36 29 11.0199 37 29 11.3752 38 29 11.7664 
38.4844 29 12 22 30 11.7394 21.4574 30 12 
23 30 11.3492 37 30 11.3492 38 30 11.7394 
38.5426 30 12 22 31 11.7664 21.5156 31 12 
23 31 11.3752 24 31 11.0199 36 31 11.0199 
37 31 11.3752 38 31 11.7664 38.4844 31 12 
22 32 11.8492 21.6909 32 12 23 32 11.4526 
24 32 11.1063 36 32 11.1063 37 32 11.4526 
38 32 11.8492 38.3091 32 12 22 33 11.9941 
21.9881 33 12 23 33 11.5814 24 33 11.2437 
36 33 11.2437 37 33 11.5814 38 33 11.9941 
38.0118 33 12 22 33.0282 12 22.4522 34 12 
23 34 11.7664 24 34 11.4269 25 34 11.1344 
35 34 11.1344 36 34 11.4269 37 34 11.7664 
37.5478 34 12 38 33.0282 12 23 34.9105 12 
23.0622 35 12 24 35 11.6597 25 35 11.3753 
26 35 11.1344 34 35 11.1344 35 35 11.3753 
36 35 11.6597 36.9378 35 12 37 34.9105 12 
24 36 11.9643 23.9067 36 12 25 36 11.6597 
26 36 11.4269 27 36 11.2437 28 36 11.1063 
29 36 11.0199 31 36 11.0199 32 36 11.1063 
33 36 11.2437 34 36 11.4269 35 36 11.6597 
36 36 11.9643 36.0933 36 12 24 36.0933 12 
25 36.9378 12 25.0895 37 12 26 37 11.7664 
27 37 11.5814 28 37 11.4526 29 37 11.3752 
30 37 11.3492 31 37 11.3752 32 37 11.4526 
33 37 11.5814 34 37 11.7664 34.9105 37 12 
35 36.9378 12 36 36.0933 12 26 37.5478 12 
26.9718 38 12 27 38 11.9941 28 38 11.8492 
29 38 11.7664 30 38 11.7394 31 38 11.7664 
32 38 11.8492 33 38 11.9941 33.0282 38 12 
34 37.5478 12 27 38.0118 12 28 38.3091 12 
29 38.4844 12 30 38.5426 12 31 38.4844 12 
32 38.3091 12 33 38.0118 12 28 20 12.8721 
28 19.7967 13 27.1654 20 13 29 20 12.784 
29 19.6539 13 30 20 12.7552 30 19.6068 13 
31 20 12.784 31 19.6539 13 32 20 12.8721 
32 19.7967 13 32.8346 20 13 25 21 12.9328 
25 20.883 13 24.8014 21 13 26 21 12.6701 
26 20.4105 13 27 21 12.4764 27 20.0441 13 
28 21 12.339 29 21 12.2556 30 21 12.2274 
31 21 12.2556 32 21 12.339 33 20.0441 13 
33 21 12.4764 34 21 12.6701 34 20.4105 13 
35 21 12.9328 35 20.883 13 35.1986 21 13 
24 22 12.7553 24 21.517 13 23.3709 22 13 
25 22 12.449 26 22 12.1993 34 22 12.1993 
35 22 12.449 36 21.517 13 36 22 12.7553 
36.6291 22 13 23 23 12.6983 23 22.3216 13 
22.3216 23 13 24 23 12.3391 25 23 12.0243 
35 23 12.0243 36 23 12.3391 37 22.3216 13 
37 23 12.6983 37.6784 23 13 22 24 12.7553 
22 23.3709 13 21.517 24 13 23 24 12.3391 
37 24 12.3391 38 23.3709 13 38 24 12.7553 
38.483 24 13 21 25 12.9328 21 24.8014 13 
20.883 25 13 22 25 12.449 23 25 12.0243 
37 25 12.0243 38 25 12.449 39 24.8014 13 
39 25 12.9328 39.117 25 13 21 26 12.6701 
20.4105 26 13 22 26 12.1993 38 26 12.1993 
39 26 12.6701 39.5895 26 13 21 27 12.4764 
20.0441 27 13 39 27 12.4764 39.9559 27 13 
20 28 12.8721 20 27.1654 13 19.7967 28 13 
21 28 12.339 39 28 12.339 40 27.1654 13 
40 28 12.8721 40.2033 28 13 20 29 12.784 
19.6539 29 13 21 29 12.2556 39 29 12.2556 
40 29 12.784 40.3461 29 13 20 30 12.7552 
19.6068 30 13 21 30 12.2274 39 30 12.2274 
40 30 12.7552 40.3932 30 13 20 31 12.784 
19.6539 31 13 21 31 12.2556 39 31 12.2556 
40 31 12.784 40.3461 31 13 20 32 12.8721 
19.7967 32 13 21 32 12.339 39 32 12.339 
40 32 12.8721 40.2033 32 13 20 32.8346 13 
20.0441 33 13 21 33 12.4764 39 33 12.4764 
39.9559 33 13 40 32.8346 13 21 34 12.6701 
20.4105 34 13 22 34 12.1993 38 34 12.1993 
39 34 12.6701 39.5895 34 13 21 35 12.9328 
20.883 35 13 22 35 12.449 23 35 12.0243 
37 35 12.0243 38 35 12.449 39 35 12.9328 
39.117 35 13 21 35.1986 13 21.517 36 13 
22 36 12.7553 23 36 12.3391 37 36 12.3391 
38 36 12.7553 38.483 36 13 39 35.1986 13 
22 36.6291 13 22.3216 37 13 23 37 12.6983 
24 37 12.3391 25 37 12.0243 35 37 12.0243 
36 37 12.3391 37 37 12.6983 37.6784 37 13 
38 36.6291 13 23 37.6784 13 23.3709 38 13 
24 38 12.7553 25 38 12.449 26 38 12.1993 
34 38 12.1993 35 38 12.449 36 38 12.7553 
36.6291 38 13 37 37.6784 13 24 38.483 13 
24.8014 39 13 25 39 12.9328 26 39 12.6701 
27 39 12.4764 28 39 12.339 29 39 12.2556 
30 39 12.2274 31 39 12.2556 32 39 12.339 
33 39 12.4764 34 39 12.6701 35 39 12.9328 
35.1986 39 13 36 38.483 13 25 39.117 13 
26 39.5895 13 27 39.9559 13 27.1654 40 13 
28 40 12.8721 29 40 12.784 30 40 12.7552 
31 40 12.784 32 40 12.8721 32.8346 40 13 
33 39.9559 13 34 39.5895 13 35 39.117 13 
28 40.2033 13 29 40.3461 13 30 40.3932 13 
31 40.3461 13 32 40.2033 13 26 19 13.8657 
26 18.8137 14 25.5362 19 14 27 19 13.6522 
27 18.5114 14 28 19 13.5052 28 18.298 14 
29 19 13.4177 29 18.1685 14 30 19 13.3885 
30 18.1249 14 31 19 13.4177 31 18.1685 14 
32 19 13.5052 32 18.298 14 33 19 13.6522 
33 18.5114 14 34 19 13.8657 34 18.8137 14 
34.4638 19 14 24 20 13.8346 24 19.7494 14 
23.601 20 14 25 20 13.5049 25 19.231 14 
26 20 13.2406 27 20 13.0263 33 20 13.0263 
34 20 13.2406 35 19.231 14 35 20 13.5049 
36 20 13.8346 36 19.7494 14 36.399 20 14 
23 21 13.6522 23 20.4111 14 22.2561 21 14 
24 21 13.2704 36 21 13.2704 37 20.4111 14 
37 21 13.6522 37.7439 21 14 22 22 13.593 
22 21.2263 14 21.2263 22 14 23 22 13.1505 
37 22 13.1505 38 21.2263 14 38 22 13.593 
38.7737 22 14 21 23 13.6522 21 22.2561 14 
20.4111 23 14 22 23 13.1505 38 23 13.1505 
39 22.2561 14 39 23 13.6522 39.5889 23 14 
20 24 13.8346 20 23.601 14 19.7494 24 14 
21 24 13.2704 39 24 13.2704 40 23.601 14 
40 24 13.8346 40.2506 24 14 20 25 13.5049 
19.231 25 14 40 25 13.5049 40.769 25 14 
19 26 13.8657 19 25.5362 14 18.8137 26 14 
20 26 13.2406 40 26 13.2406 41 25.5362 14 
41 26 13.8657 41.1863 26 14 19 27 13.6522 
18.5114 27 14 20 27 13.0263 40 27 13.0263 
41 27 13.6522 41.4886 27 14 19 28 13.5052 
18.298 28 14 41 28 13.5052 41.702 28 14 
19 29 13.4177 18.1685 29 14 41 29 13.4177 
41.8315 29 14 19 30 13.3885 18.1249 30 14 
41 30 13.3885 41.8751 30 14 19 31 13.4177 
18.1685 31 14 41 31 13.4177 41.8315 31 14 
19 32 13.5052 18.298 32 14 41 32 13.5052 
41.702 32 14 19 33 13.6522 18.5114 33 14 
20 33 13.0263 40 33 13.0263 41 33 13.6522 
41.4886 33 14 19 34 13.8657 18.8137 34 14 
20 34 13.2406 40 34 13.2406 41 34 13.8657 
41.1863 34 14 19 34.4638 14 19.231 35 14 
20 35 13.5049 40 35 13.5049 40.769 35 14 
41 34.4638 14 20 36 13.8346 19.7494 36 14 
21 36 13.2704 39 36 13.2704 40 36 13.8346 
40.2506 36 14 20 36.399 14 20.4111 37 14 
21 37 13.6522 22 37 13.1505 38 37 13.1505 
39 37 13.6522 39.5889 37 14 40 36.399 14 
21 37.7439 14 21.2263 38 14 22 38 13.593 
23 38 13.1505 37 38 13.1505 38 38 13.593 
38.7737 38 14 39 37.7439 14 22 38.7737 14 
22.2561 39 14 23 39 13.6522 24 39 13.2704 
36 39 13.2704 37 39 13.6522 37.7439 39 14 
38 38.7737 14 23 39.5889 14 23.601 40 14 
24 40 13.8346 25 40 13.5049 26 40 13.2406 
27 40 13.0263 33 40 13.0263 34 40 13.2406 
35 40 13.5049 36 40 13.8346 36.399 40 14 
37 39.5889 14 24 40.2506 14 25 40.769 14 
25.5362 41 14 26 41 13.8657 27 41 13.6522 
28 41 13.5052 29 41 13.4177 30 41 13.3885 
31 41 13.4177 32 41 13.5052 33 41 13.6522 
34 41 13.8657 34.4638 41 14 35 40.769 14 
36 40.2506 14 26 41.1863 14 27 41.4886 14 
28 41.702 14 29 41.8315 14 30 41.8751 14 
31 41.8315 14 32 41.702 14 33 41.4886 14 
34 41.1863 14 29 17 14.9241 29 16.9141 15 
28.273 17 15 30 17 14.8899 30 16.8752 15 
31 17 14.9241 31 16.9141 15 31.727 17 15 
25 18 14.8918 25 17.8686 15 24.7111 18 15 
26 18 14.6003 26 17.5101 15 27 18 14.3816 
27 17.2355 15 28 18 14.2241 28 17.0339 15 
29 18 14.1272 30 18 14.0944 31 18 14.1272 
32 17.0339 15 32 18 14.2241 33 18 14.3816 
33 17.2355 15 34 18 14.6003 34 17.5101 15 
35 18 14.8918 35 17.8686 15 35.289 18 15 
23 19 14.9259 23 18.903 15 22.8544 19 15 
24 19 14.506 24 18.3405 15 25 19 14.1594 
35 19 14.1594 36 18.3405 15 36 19 14.506 
37 19 14.9259 37 18.903 15 37.1456 19 15 
22 20 14.7276 22 19.6074 15 21.518 20 15 
23 20 14.2555 37 20 14.2555 38 19.6074 15 
38 20 14.7276 38.482 20 15 21 21 14.6636 
21 20.4635 15 20.4635 21 15 22 21 14.1273 
38 21 14.1273 39 20.4635 15 39 21 14.6636 
39.5365 21 15 20 22 14.7276 20 21.518 15 
19.6074 22 15 21 22 14.1273 39 22 14.1273 
40 21.518 15 40 22 14.7276 40.3926 22 15 
19 23 14.9259 19 22.8544 15 18.903 23 15 
20 23 14.2555 40 23 14.2555 41 22.8544 15 
41 23 14.9259 41.097 23 15 19 24 14.506 
18.3405 24 15 41 24 14.506 41.6595 24 15 
18 25 14.8918 18 24.7111 15 17.8686 25 15 
19 25 14.1594 41 25 14.1594 42 24.7111 15 
42 25 14.8918 42.1314 25 15 18 26 14.6003 
17.5101 26 15 42 26 14.6003 42.4899 26 15 
18 27 14.3816 17.2355 27 15 42 27 14.3816 
42.7645 27 15 18 28 14.2241 17.0339 28 15 
42 28 14.2241 42.9661 28 15 17 29 14.9241 
17 28.273 15 16.9141 29 15 18 29 14.1272 
42 29 14.1272 43 28.273 15 43 29 14.9241 
43.0859 29 15 17 30 14.8899 16.8752 30 15 
18 30 14.0944 42 30 14.0944 43 30 14.8899 
43.1248 30 15 17 31 14.9241 16.9141 31 15 
18 31 14.1272 42 31 14.1272 43 31 14.9241 
43.0859 31 15 17 31.727 15 17.0339 32 15 
18 32 14.2241 42 32 14.2241 42.9661 32 15 
43 31.727 15 18 33 14.3816 17.2355 33 15 
42 33 14.3816 42.7645 33 15 18 34 14.6003 
17.5101 34 15 42 34 14.6003 42.4899 34 15 
18 35 14.8918 17.8686 35 15 19 35 14.1594 
41 35 14.1594 42 35 14.8918 42.1314 35 15 
18 35.289 15 18.3405 36 15 19 36 14.506 
41 36 14.506 41.6595 36 15 42 35.289 15 
19 37 14.9259 18.903 37 15 20 37 14.2555 
40 37 14.2555 41 37 14.9259 41.097 37 15 
19 37.1456 15 19.6074 38 15 20 38 14.7276 
21 38 14.1273 39 38 14.1273 40 38 14.7276 
40.3926 38 15 41 37.1456 15 20 38.482 15 
20.4635 39 15 21 39 14.6636 22 39 14.1273 
38 39 14.1273 39 39 14.6636 39.5365 39 15 
40 38.482 15 21 39.5365 15 21.518 40 15 
22 40 14.7276 23 40 14.2555 37 40 14.2555 
38 40 14.7276 38.482 40 15 39 39.5365 15 
22 40.3926 15 22.8544 41 15 23 41 14.9259 
24 41 14.506 25 41 14.1594 35 41 14.1594 
36 41 14.506 37 41 14.9259 37.1456 41 15 
38 40.3926 15 23 41.097 15 24 41.6595 15 
24.7111 42 15 25 42 14.8918 26 42 14.6003 
27 42 14.3816 28 42 14.2241 29 42 14.1272 
30 42 14.0944 31 42 14.1272 32 42 14.2241 
33 42 14.3816 34 42 14.6003 35 42 14.8918 
35.289 42 15 36 41.6595 15 37 41.097 15 
25 42.1314 15 26 42.4899 15 27 42.7645 15 
28 42.9661 15 28.273 43 15 29 43 14.9241 
30 43 14.8899 31 43 14.9241 31.727 43 15 
32 42.9661 15 33 42.7645 15 34 42.4899 15 
35 42.1314 15 29 43.0859 15 30 43.1248 15 
31 43.0859 15 28 16 15.9562 28 15.9562 16 
27.7632 16 16 29 16 15.8471 29 15.8471 16 
30 16 15.8114 30 15.8114 16 31 16 15.8471 
31 15.8471 16 32 16 15.9562 32 15.9562 16 
32.2368 16 16 25 17 15.7448 25 16.7275 16 
24.3488 17 16 26 17 15.4406 26 16.4006 16 
27 17 15.2045 27 16.1449 16 28 17 15.0296 
32 17 15.0296 33 16.1449 16 33 17 15.2045 
34 17 15.4406 34 16.4006 16 35 17 15.7448 
35 16.7275 16 35.6512 17 16 23 18 15.7106 
23 17.6676 16 22.4551 18 16 24 18 15.2721 
24 17.1557 16 36 18 15.2721 36 17.1557 16 
37 18 15.7106 37 17.6676 16 37.5449 18 16 
22 19 15.4404 22 18.2981 16 21.0508 19 16 
38 19 15.4404 38 18.2981 16 38.9492 19 16 
20 20 15.958 20 19.9436 16 19.9436 20 16 
21 20 15.3061 21 19.0414 16 39 20 15.3061 
39 19.0414 16 40 20 15.958 40 19.9436 16 
40.0564 20 16 20 21 15.3061 19.0414 21 16 
40 21 15.3061 40.9586 21 16 19 22 15.4404 
19 21.0508 16 18.2981 22 16 41 22 15.4404 
41 21.0508 16 41.7019 22 16 18 23 15.7106 
18 22.4551 16 17.6676 23 16 42 23 15.7106 
42 22.4551 16 42.3324 23 16 18 24 15.2721 
17.1557 24 16 42 24 15.2721 42.8443 24 16 
17 25 15.7448 17 24.3488 16 16.7275 25 16 
43 25 15.7448 43 24.3488 16 43.2725 25 16 
17 26 15.4406 16.4006 26 16 43 26 15.4406 
43.5994 26 16 17 27 15.2045 16.1449 27 16 
43 27 15.2045 43.8551 27 16 16 28 15.9562 
16 27.7632 16 15.9562 28 16 17 28 15.0296 
43 28 15.0296 44 27.7632 16 44 28 15.9562 
44.0438 28 16 16 29 15.8471 15.8471 29 16 
44 29 15.8471 44.1529 29 16 16 30 15.8114 
15.8114 30 16 44 30 15.8114 44.1886 30 16 
16 31 15.8471 15.8471 31 16 44 31 15.8471 
44.1529 31 16 16 32 15.9562 15.9562 32 16 
17 32 15.0296 43 32 15.0296 44 32 15.9562 
44.0438 32 16 16 32.2368 16 16.1449 33 16 
17 33 15.2045 43 33 15.2045 43.8551 33 16 
44 32.2368 16 17 34 15.4406 16.4006 34 16 
43 34 15.4406 43.5994 34 16 17 35 15.7448 
16.7275 35 16 43 35 15.7448 43.2725 35 16 
17 35.6512 16 18 36 15.2721 17.1557 36 16 
42 36 15.2721 42.8443 36 16 43 35.6512 16 
18 37 15.7106 17.6676 37 16 42 37 15.7106 
42.3324 37 16 18 37.5449 16 19 38 15.4404 
18.2981 38 16 41 38 15.4404 41.7019 38 16 
42 37.5449 16 19 38.9492 16 20 39 15.3061 
19.0414 39 16 40 39 15.3061 40.9586 39 16 
41 38.9492 16 20 40 15.958 19.9436 40 16 
21 40 15.3061 39 40 15.3061 40 40 15.958 
40.0564 40 16 20 40.0564 16 21 40.9586 16 
22 41 15.4404 21.0508 41 16 38 41 15.4404 
38.9492 41 16 39 40.9586 16 40 40.0564 16 
22 41.7019 16 23 42 15.7106 22.4551 42 16 
24 42 15.2721 36 42 15.2721 37 42 15.7106 
37.5449 42 16 38 41.7019 16 23 42.3324 16 
24 42.8443 16 25 43 15.7448 24.3488 43 16 
26 43 15.4406 27 43 15.2045 28 43 15.0296 
32 43 15.0296 33 43 15.2045 34 43 15.4406 
35 43 15.7448 35.6512 43 16 36 42.8443 16 
37 42.3324 16 25 43.2725 16 26 43.5994 16 
27 43.8551 16 27.7632 44 16 28 44 15.9562 
29 44 15.8471 30 44 15.8114 31 44 15.8471 
32 44 15.9562 32.2368 44 16 33 43.8551 16 
34 43.5994 16 35 43.2725 16 28 44.0438 16 
29 44.1529 16 30 44.1886 16 31 44.1529 16 
32 44.0438 16 29 15 16.9141 29 14.9241 17 
28.273 15 17 30 15 16.8752 30 14.8899 17 
31 15 16.9141 31 14.9241 17 31.727 15 17 
25 16 16.7275 25 15.7448 17 24.3488 16 17 
26 16 16.4006 26 15.4406 17 27 16 16.1449 
27 15.2045 17 28 15.0296 17 32 15.0296 17 
33 16 16.1449 33 15.2045 17 34 16 16.4006 
34 15.4406 17 35 16 16.7275 35 15.7448 17 
35.6512 16 17 23 17 16.6175 23 16.6175 17 
22.3229 17 17 24 17 16.1447 24 16.1447 17 
36 17 16.1447 36 16.1447 17 37 17 16.6175 
37 16.6175 17 37.6771 17 17 21 18 16.8781 
21 17.8692 17 20.8308 18 17 22 18 16.2553 
22 17.1958 17 38 18 16.2553 38 17.1958 17 
39 18 16.8781 39 17.8692 17 39.1692 18 17 
20 19 16.7278 20 18.6836 17 19.655 19 17 
21 19 16.0327 39 19 16.0327 40 18.6836 17 
40 19 16.7278 40.345 19 17 19 20 16.7278 
19 19.655 17 18.6836 20 17 41 20 16.7278 
41 19.655 17 41.3164 20 17 18 21 16.8781 
18 20.8308 17 17.8692 21 17 19 21 16.0327 
41 21 16.0327 42 20.8308 17 42 21 16.8781 
42.1308 21 17 18 22 16.2553 17.1958 22 17 
42 22 16.2553 42.8042 22 17 17 23 16.6175 
17 22.3229 17 16.6175 23 17 43 23 16.6175 
43 22.3229 17 43.3825 23 17 17 24 16.1447 
16.1447 24 17 43 24 16.1447 43.8553 24 17 
16 25 16.7275 16 24.3488 17 15.7448 25 17 
44 25 16.7275 44 24.3488 17 44.2552 25 17 
16 26 16.4006 15.4406 26 17 44 26 16.4006 
44.5594 26 17 16 27 16.1449 15.2045 27 17 
44 27 16.1449 44.7955 27 17 15.0296 28 17 
44.9704 28 17 15 29 16.9141 15 28.273 17 
14.9241 29 17 45 28.273 17 45 29 16.9141 
45.0759 29 17 15 30 16.8752 14.8899 30 17 
45 30 16.8752 45.1101 30 17 15 31 16.9141 
14.9241 31 17 45 31 16.9141 45.0759 31 17 
15 31.727 17 15.0296 32 17 44.9704 32 17 
45 31.727 17 16 33 16.1449 15.2045 33 17 
44 33 16.1449 44.7955 33 17 16 34 16.4006 
15.4406 34 17 44 34 16.4006 44.5594 34 17 
16 35 16.7275 15.7448 35 17 44 35 16.7275 
44.2552 35 17 16 35.6512 17 17 36 16.1447 
16.1447 36 17 43 36 16.1447 43.8553 36 17 
44 35.6512 17 17 37 16.6175 16.6175 37 17 
43 37 16.6175 43.3825 37 17 17 37.6771 17 
18 38 16.2553 17.1958 38 17 42 38 16.2553 
42.8042 38 17 43 37.6771 17 18 39 16.8781 
17.8692 39 17 19 39 16.0327 41 39 16.0327 
42 39 16.8781 42.1308 39 17 18 39.1692 17 
18.6836 40 17 19 40 16.7278 41 40 16.7278 
41.3164 40 17 42 39.1692 17 19 40.345 17 
20 41 16.7278 19.655 41 17 21 41 16.0327 
39 41 16.0327 40 41 16.7278 40.345 41 17 
41 40.345 17 20 41.3164 17 20.8308 42 17 
21 42 16.8781 22 42 16.2553 38 42 16.2553 
39 42 16.8781 39.1692 42 17 40 41.3164 17 
21 42.1308 17 22 42.8042 17 23 43 16.6175 
22.3229 43 17 24 43 16.1447 36 43 16.1447 
37 43 16.6175 37.6771 43 17 38 42.8042 17 
39 42.1308 17 23 43.3825 17 24 43.8553 17 
25 44 16.7275 24.3488 44 17 26 44 16.4006 
27 44 16.1449 33 44 16.1449 34 44 16.4006 
35 44 16.7275 35.6512 44 17 36 43.8553 17 
37 43.3825 17 25 44.2552 17 26 44.5594 17 
27 44.7955 17 28 44.9704 17 29 45 16.9141 
28.273 45 17 30 45 16.8752 31 45 16.9141 
31.727 45 17 32 44.9704 17 33 44.7955 17 
34 44.5594 17 35 44.2552 17 29 45.0759 17 
30 45.1101 17 31 45.0759 17 25 15 17.8686 
25 14.8918 18 24.7111 15 18 26 15 17.5101 
26 14.6003 18 27 15 17.2355 27 14.3816 18 
28 15 17.0339 28 14.2241 18 29 14.1272 18 
30 14.0944 18 31 14.1272 18 32 15 17.0339 
32 14.2241 18 33 15 17.2355 33 14.3816 18 
34 15 17.5101 34 14.6003 18 35 15 17.8686 
35 14.8918 18 35.289 15 18 23 16 17.6676 
23 15.7106 18 22.4551 16 18 24 16 17.1557 
24 15.2721 18 36 16 17.1557 36 15.2721 18 
37 16 17.6676 37 15.7106 18 37.5449 16 18 
21 17 17.8692 21 16.8781 18 20.8308 17 18 
22 17 17.1958 22 16.2553 18 38 17 17.1958 
38 16.2553 18 39 17 17.8692 39 16.8781 18 
39.1692 17 18 20 18 17.6282 20 17.6282 18 
19.5607 18 18 40 18 17.6282 40 17.6282 18 
40.4393 18 18 19 19 17.5495 19 18.512 18 
18.512 19 18 41 19 17.5495 41 18.512 18 
41.488 19 18 18 20 17.6282 18 19.5607 18 
17.6282 20 18 42 20 17.6282 42 19.5607 18 
42.3718 20 18 17 21 17.8692 17 20.8308 18 
16.8781 21 18 43 21 17.8692 43 20.8308 18 
43.1219 21 18 17 22 17.1958 16.2553 22 18 
43 22 17.1958 43.7447 22 18 16 23 17.6676 
16 22.4551 18 15.7106 23 18 44 23 17.6676 
44 22.4551 18 44.2894 23 18 16 24 17.1557 
15.2721 24 18 44 24 17.1557 44.7279 24 18 
15 25 17.8686 15 24.7111 18 14.8918 25 18 
45 25 17.8686 45 24.7111 18 45.1082 25 18 
15 26 17.5101 14.6003 26 18 45 26 17.5101 
45.3997 26 18 15 27 17.2355 14.3816 27 18 
45 27 17.2355 45.6184 27 18 15 28 17.0339 
14.2241 28 18 45 28 17.0339 45.7759 28 18 
14.1272 29 18 45.8728 29 18 14.0944 30 18 
45.9056 30 18 14.1272 31 18 45.8728 31 18 
15 32 17.0339 14.2241 32 18 45 32 17.0339 
45.7759 32 18 15 33 17.2355 14.3816 33 18 
45 33 17.2355 45.6184 33 18 15 34 17.5101 
14.6003 34 18 45 34 17.5101 45.3997 34 18 
15 35 17.8686 14.8918 35 18 45 35 17.8686 
45.1082 35 18 15 35.289 18 16 36 17.1557 
15.2721 36 18 44 36 17.1557 44.7279 36 18 
45 35.289 18 16 37 17.6676 15.7106 37 18 
44 37 17.6676 44.2894 37 18 16 37.5449 18 
17 38 17.1958 16.2553 38 18 43 38 17.1958 
43.7447 38 18 44 37.5449 18 17 39 17.8692 
16.8781 39 18 43 39 17.8692 43.1219 39 18 
17 39.1692 18 18 40 17.6282 17.6282 40 18 
42 40 17.6282 42.3718 40 18 43 39.1692 18 
18 40.4393 18 19 41 17.5495 18.512 41 18 
41 41 17.5495 41.488 41 18 42 40.4393 18 
19 41.488 18 20 42 17.6282 19.5607 42 18 
40 42 17.6282 40.4393 42 18 41 41.488 18 
20 42.3718 18 21 43 17.8692 20.8308 43 18 
22 43 17.1958 38 43 17.1958 39 43 17.8692 
39.1692 43 18 40 42.3718 18 21 43.1219 18 
22 43.7447 18 23 44 17.6676 22.4551 44 18 
24 44 17.1557 36 44 17.1557 37 44 17.6676 
37.5449 44 18 38 43.7447 18 39 43.1219 18 
23 44.2894 18 24 44.7279 18 25 45 17.8686 
24.7111 45 18 26 45 17.5101 27 45 17.2355 
28 45 17.0339 32 45 17.0339 33 45 17.2355 
34 45 17.5101 35 45 17.8686 35.289 45 18 
36 44.7279 18 37 44.2894 18 25 45.1082 18 
26 45.3997 18 27 45.6184 18 28 45.7759 18 
29 45.8728 18 30 45.9056 18 31 45.8728 18 
32 45.7759 18 33 45.6184 18 34 45.3997 18 
35 45.1082 18 26 14 18.8137 26 13.8657 19 
25.5362 14 19 27 14 18.5114 27 13.6522 19 
28 14 18.298 28 13.5052 19 29 14 18.1685 
29 13.4177 19 30 14 18.1249 30 13.3885 19 
31 14 18.1685 31 13.4177 19 32 14 18.298 
32 13.5052 19 33 14 18.5114 33 13.6522 19 
34 14 18.8137 34 13.8657 19 34.4638 14 19 
23 15 18.903 23 14.9259 19 22.8544 15 19 
24 15 18.3405 24 14.506 19 25 14.1594 19 
35 14.1594 19 36 15 18.3405 36 14.506 19 
37 15 18.903 37 14.9259 19 37.1456 15 19 
22 16 18.2981 22 15.4404 19 21.0508 16 19 
38 16 18.2981 38 15.4404 19 38.9492 16 19 
20 17 18.6836 20 16.7278 19 19.655 17 19 
21 16.0327 19 39 16.0327 19 40 17 18.6836 
40 16.7278 19 40.345 17 19 19 18 18.512 
19 17.5495 19 18.512 18 19 41 18 18.512 
41 17.5495 19 41.488 18 19 18 19 18.512 
18 18.512 19 17.5495 19 19 42 19 18.512 
42 18.512 19 42.4505 19 19 17 20 18.6836 
17 19.655 19 16.7278 20 19 43 20 18.6836 
43 19.655 19 43.2722 20 19 16.0327 21 19 
43.9673 21 19 16 22 18.2981 16 21.0508 19 
15.4404 22 19 44 21.0508 19 44 22 18.2981 
44.5596 22 19 15 23 18.903 15 22.8544 19 
14.9259 23 19 45 23 18.903 45 22.8544 19 
45.0741 23 19 15 24 18.3405 14.506 24 19 
45 24 18.3405 45.494 24 19 14.1594 25 19 
45.8406 25 19 14 26 18.8137 14 25.5362 19 
13.8657 26 19 46 25.5362 19 46 26 18.8137 
46.1343 26 19 14 27 18.5114 13.6522 27 19 
46 27 18.5114 46.3478 27 19 14 28 18.298 
13.5052 28 19 46 28 18.298 46.4948 28 19 
14 29 18.1685 13.4177 29 19 46 29 18.1685 
46.5823 29 19 14 30 18.1249 13.3885 30 19 
46 30 18.1249 46.6115 30 19 14 31 18.1685 
13.4177 31 19 46 31 18.1685 46.5823 31 19 
14 32 18.298 13.5052 32 19 46 32 18.298 
46.4948 32 19 14 33 18.5114 13.6522 33 19 
46 33 18.5114 46.3478 33 19 14 34 18.8137 
13.8657 34 19 46 34 18.8137 46.1343 34 19 
14 34.4638 19 14.1594 35 19 45.8406 35 19 
46 34.4638 19 15 36 18.3405 14.506 36 19 
45 36 18.3405 45.494 36 19 15 37 18.903 
14.9259 37 19 45 37 18.903 45.0741 37 19 
15 37.1456 19 16 38 18.2981 15.4404 38 19 
44 38 18.2981 44.5596 38 19 45 37.1456 19 
16 38.9492 19 16.0327 39 19 43.9673 39 19 
44 38.9492 19 17 40 18.6836 16.7278 40 19 
43 40 18.6836 43.2722 40 19 17 40.345 19 
18 41 18.512 17.5495 41 19 42 41 18.512 
42.4505 41 19 43 40.345 19 18 41.488 19 
19 42 18.512 18.512 42 19 41 42 18.512 
41.488 42 19 42 41.488 19 19 42.4505 19 
20 43 18.6836 19.655 43 19 40 43 18.6836 
40.345 43 19 41 42.4505 19 20 43.2722 19 
21 43.9673 19 22 44 18.2981 21.0508 44 19 
38 44 18.2981 38.9492 44 19 39 43.9673 19 
40 43.2722 19 22 44.5596 19 23 45 18.903 
22.8544 45 19 24 45 18.3405 36 45 18.3405 
37 45 18.903 37.1456 45 19 38 44.5596 19 
23 45.0741 19 24 45.494 19 25 45.8406 19 
26 46 18.8137 25.5362 46 19 27 46 18.5114 
28 46 18.298 29 46 18.1685 30 46 18.1249 
31 46 18.1685 32 46 18.298 33 46 18.5114 
34 46 18.8137 34.4638 46 19 35 45.8406 19 
36 45.494 19 37 45.0741 19 26 46.1343 19 
27 46.3478 19 28 46.4948 19 29 46.5823 19 
30 46.6115 19 31 46.5823 19 32 46.4948 19 
33 46.3478 19 34 46.1343 19 28 13 19.7967 
28 12.8721 20 27.1654 13 20 29 13 19.6539 
29 12.784 20 30 13 19.6068 30 12.7552 20 
31 13 19.6539 31 12.784 20 32 13 19.7967 
32 12.8721 20 32.8346 13 20 24 14 19.7494 
24 13.8346 20 23.601 14 20 25 14 19.231 
25 13.5049 20 26 13.2406 20 27 13.0263 20 
33 13.0263 20 34 13.2406 20 35 14 19.231 
35 13.5049 20 36 14 19.7494 36 13.8346 20 
36.399 14 20 22 15 19.6074 22 14.7276 20 
21.518 15 20 23 14.2555 20 37 14.2555 20 
38 15 19.6074 38 14.7276 20 38.482 15 20 
20 16 19.9436 20 15.958 20 19.9436 16 20 
21 16 19.0414 21 15.3061 20 39 16 19.0414 
39 15.3061 20 40 16 19.9436 40 15.958 20 
40.0564 16 20 19 17 19.655 19 16.7278 20 
18.6836 17 20 41 17 19.655 41 16.7278 20 
41.3164 17 20 18 18 19.5607 18 17.6282 20 
17.6282 18 20 42 18 19.5607 42 17.6282 20 
42.3718 18 20 17 19 19.655 17 18.6836 20 
16.7278 19 20 43 19 19.655 43 18.6836 20 
43.2722 19 20 16 20 19.9436 16 19.9436 20 
15.958 20 20 44 20 19.9436 44 19.9436 20 
44.042 20 20 16 21 19.0414 15.3061 21 20 
44 21 19.0414 44.6939 21 20 15 22 19.6074 
15 21.518 20 14.7276 22 20 45 22 19.6074 
45 21.518 20 45.2724 22 20 14.2555 23 20 
45.7445 23 20 14 24 19.7494 14 23.601 20 
13.8346 24 20 46 23.601 20 46 24 19.7494 
46.1654 24 20 14 25 19.231 13.5049 25 20 
46 25 19.231 46.4951 25 20 13.2406 26 20 
46.7594 26 20 13.0263 27 20 46.9737 27 20 
13 28 19.7967 13 27.1654 20 12.8721 28 20 
47 27.1654 20 47 28 19.7967 47.1279 28 20 
13 29 19.6539 12.784 29 20 47 29 19.6539 
47.216 29 20 13 30 19.6068 12.7552 30 20 
47 30 19.6068 47.2448 30 20 13 31 19.6539 
12.784 31 20 47 31 19.6539 47.216 31 20 
13 32 19.7967 12.8721 32 20 47 32 19.7967 
47.1279 32 20 13 32.8346 20 13.0263 33 20 
46.9737 33 20 47 32.8346 20 13.2406 34 20 
46.7594 34 20 14 35 19.231 13.5049 35 20 
46 35 19.231 46.4951 35 20 14 36 19.7494 
13.8346 36 20 46 36 19.7494 46.1654 36 20 
14 36.399 20 14.2555 37 20 45.7445 37 20 
46 36.399 20 15 38 19.6074 14.7276 38 20 
45 38 19.6074 45.2724 38 20 15 38.482 20 
16 39 19.0414 15.3061 39 20 44 39 19.0414 
44.6939 39 20 45 38.482 20 16 40 19.9436 
15.958 40 20 44 40 19.9436 44.042 40 20 
16 40.0564 20 17 41 19.655 16.7278 41 20 
43 41 19.655 43.2722 41 20 44 40.0564 20 
17 41.3164 20 18 42 19.5607 17.6282 42 20 
42 42 19.5607 42.3718 42 20 43 41.3164 20 
18 42.3718 20 19 43 19.655 18.6836 43 20 
41 43 19.655 41.3164 43 20 42 42.3718 20 
19 43.2722 20 20 44 19.9436 19.9436 44 20 
21 44 19.0414 39 44 19.0414 40 44 19.9436 
40.0564 44 20 41 43.2722 20 20 44.042 20 
21 44.6939 20 22 45 19.6074 21.518 45 20 
38 45 19.6074 38.482 45 20 39 44.6939 20 
40 44.042 20 22 45.2724 20 23 45.7445 20 
24 46 19.7494 23.601 46 20 25 46 19.231 
35 46 19.231 36 46 19.7494 36.399 46 20 
37 45.7445 20 38 45.2724 20 24 46.1654 20 
25 46.4951 20 26 46.7594 20 27 46.9737 20 
28 47 19.7967 27.1654 47 20 29 47 19.6539 
30 47 19.6068 31 47 19.6539 32 47 19.7967 
32.8346 47 20 33 46.9737 20 34 46.7594 20 
35 46.4951 20 36 46.1654 20 28 47.1279 20 
29 47.216 20 30 47.2448 20 31 47.216 20 
32 47.1279 20 25 13 20.883 25 12.9328 21 
24.8014 13 21 26 13 20.4105 26 12.6701 21 
27 13 20.0441 27 12.4764 21 28 12.339 21 
29 12.2556 21 30 12.2274 21 31 12.2556 21 
32 12.339 21 33 13 20.0441 33 12.4764 21 
34 13 20.4105 34 12.6701 21 35 13 20.883 
35 12.9328 21 35.1986 13 21 23 14 20.4111 
23 13.6522 21 22.2561 14 21 24 13.2704 21 
36 13.2704 21 37 14 20.4111 37 13.6522 21 
37.7439 14 21 21 15 20.4635 21 14.6636 21 
20.4635 15 21 22 14.1273 21 38 14.1273 21 
39 15 20.4635 39 14.6636 21 39.5365 15 21 
20 15.3061 21 19.0414 16 21 40 15.3061 21 
40.9586 16 21 18 17 20.8308 18 16.8781 21 
17.8692 17 21 19 16.0327 21 41 16.0327 21 
42 17 20.8308 42 16.8781 21 42.1308 17 21 
17 18 20.8308 17 17.8692 21 16.8781 18 21 
43 18 20.8308 43 17.8692 21 43.1219 18 21 
16.0327 19 21 43.9673 19 21 16 19.0414 21 
15.3061 20 21 44 19.0414 21 44.6939 20 21 
15 21 20.4635 15 20.4635 21 14.6636 21 21 
45 20.4635 21 45 21 20.4635 45.3364 21 21 
14.1273 22 21 45.8727 22 21 14 23 20.4111 
14 22.2561 21 13.6522 23 21 46 22.2561 21 
46 23 20.4111 46.3478 23 21 13.2704 24 21 
46.7296 24 21 13 25 20.883 13 24.8014 21 
12.9328 25 21 47 24.8014 21 47 25 20.883 
47.0672 25 21 13 26 20.4105 12.6701 26 21 
47 26 20.4105 47.3299 26 21 13 27 20.0441 
12.4764 27 21 47 27 20.0441 47.5236 27 21 
12.339 28 21 47.661 28 21 12.2556 29 21 
47.7444 29 21 12.2274 30 21 47.7726 30 21 
12.2556 31 21 47.7444 31 21 12.339 32 21 
47.661 32 21 13 33 20.0441 12.4764 33 21 
47 33 20.0441 47.5236 33 21 13 34 20.4105 
12.6701 34 21 47 34 20.4105 47.3299 34 21 
13 35 20.883 12.9328 35 21 47 35 20.883 
47.0672 35 21 13 35.1986 21 13.2704 36 21 
46.7296 36 21 47 35.1986 21 14 37 20.4111 
13.6522 37 21 46 37 20.4111 46.3478 37 21 
14 37.7439 21 14.1273 38 21 45.8727 38 21 
46 37.7439 21 15 39 20.4635 14.6636 39 21 
45 39 20.4635 45.3364 39 21 15 39.5365 21 
15.3061 40 21 44.6939 40 21 45 39.5365 21 
16 40.9586 21 16.0327 41 21 43.9673 41 21 
44 40.9586 21 17 42 20.8308 16.8781 42 21 
43 42 20.8308 43.1219 42 21 17 42.1308 21 
18 43 20.8308 17.8692 43 21 42 43 20.8308 
42.1308 43 21 43 42.1308 21 18 43.1219 21 
19 43.9673 21 19.0414 44 21 40.9586 44 21 
41 43.9673 21 42 43.1219 21 20 44.6939 21 
21 45 20.4635 20.4635 45 21 39 45 20.4635 
39.5365 45 21 40 44.6939 21 21 45.3364 21 
22 45.8727 21 23 46 20.4111 22.2561 46 21 
37 46 20.4111 37.7439 46 21 38 45.8727 21 
39 45.3364 21 23 46.3478 21 24 46.7296 21 
25 47 20.883 24.8014 47 21 26 47 20.4105 
27 47 20.0441 33 47 20.0441 34 47 20.4105 
35 47 20.883 35.1986 47 21 36 46.7296 21 
37 46.3478 21 25 47.0672 21 26 47.3299 21 
27 47.5236 21 28 47.661 21 29 47.7444 21 
30 47.7726 21 31 47.7444 21 32 47.661 21 
33 47.5236 21 34 47.3299 21 35 47.0672 21 
27 12 21.9881 27 11.9941 22 26.9718 12 22 
28 12 21.6909 28 11.8492 22 29 12 21.5156 
29 11.7664 22 30 12 21.4574 30 11.7394 22 
31 12 21.5156 31 11.7664 22 32 12 21.6909 
32 11.8492 22 33 12 21.9881 33 11.9941 22 
33.0282 12 22 24 13 21.517 24 12.7553 22 
23.3709 13 22 25 12.449 22 26 12.1993 22 
34 12.1993 22 35 12.449 22 36 13 21.517 
36 12.7553 22 36.6291 13 22 22 14 21.2263 
22 13.593 22 21.2263 14 22 23 13.1505 22 
37 13.1505 22 38 14 21.2263 38 13.593 22 
38.7737 14 22 20 15 21.518 20 14.7276 22 
19.6074 15 22 21 14.1273 22 39 14.1273 22 
40 15 21.518 40 14.7276 22 40.3926 15 22 
19 16 21.0508 19 15.4404 22 18.2981 16 22 
41 16 21.0508 41 15.4404 22 41.7019 16 22 
18 16.2553 22 17.1958 17 22 42 16.2553 22 
42.8042 17 22 17 17.1958 22 16.2553 18 22 
43 17.1958 22 43.7447 18 22 16 19 21.0508 
16 18.2981 22 15.4404 19 22 44 18.2981 22 
44 19 21.0508 44.5596 19 22 15 20 21.518 
15 19.6074 22 14.7276 20 22 45 20 21.518 
45 19.6074 22 45.2724 20 22 14.1273 21 22 
45.8727 21 22 14 22 21.2263 14 21.2263 22 
13.593 22 22 46 21.2263 22 46 22 21.2263 
46.407 22 22 13.1505 23 22 46.8495 23 22 
13 24 21.517 13 23.3709 22 12.7553 24 22 
47 23.3709 22 47 24 21.517 47.2447 24 22 
12.449 25 22 47.551 25 22 12.1993 26 22 
47.8007 26 22 12 27 21.9881 12 26.9718 22 
11.9941 27 22 48 26.9718 22 48 27 21.9881 
48.0059 27 22 12 28 21.6909 11.8492 28 22 
48 28 21.6909 48.1508 28 22 12 29 21.5156 
11.7664 29 22 48 29 21.5156 48.2336 29 22 
12 30 21.4574 11.7394 30 22 48 30 21.4574 
48.2606 30 22 12 31 21.5156 11.7664 31 22 
48 31 21.5156 48.2336 31 22 12 32 21.6909 
11.8492 32 22 48 32 21.6909 48.1508 32 22 
12 33 21.9881 11.9941 33 22 48 33 21.9881 
48.0059 33 22 12 33.0282 22 12.1993 34 22 
47.8007 34 22 48 33.0282 22 12.449 35 22 
47.551 35 22 13 36 21.517 12.7553 36 22 
47 36 21.517 47.2447 36 22 13 36.6291 22 
13.1505 37 22 46.8495 37 22 47 36.6291 22 
14 38 21.2263 13.593 38 22 46 38 21.2263 
46.407 38 22 14 38.7737 22 14.1273 39 22 
45.8727 39 22 46 38.7737 22 15 40 21.518 
14.7276 40 22 45 40 21.518 45.2724 40 22 
15 40.3926 22 16 41 21.0508 15.4404 41 22 
44 41 21.0508 44.5596 41 22 45 40.3926 22 
16 41.7019 22 16.2553 42 22 43.7447 42 22 
44 41.7019 22 17 42.8042 22 17.1958 43 22 
42.8042 43 22 43 42.8042 22 18 43.7447 22 
19 44 21.0508 18.2981 44 22 41 44 21.0508 
41.7019 44 22 42 43.7447 22 19 44.5596 22 
20 45 21.518 19.6074 45 22 40 45 21.518 
40.3926 45 22 41 44.5596 22 20 45.2724 22 
21 45.8727 22 22 46 21.2263 21.2263 46 22 
38 46 21.2263 38.7737 46 22 39 45.8727 22 
40 45.2724 22 22 46.407 22 23 46.8495 22 
24 47 21.517 23.3709 47 22 36 47 21.517 
36.6291 47 22 37 46.8495 22 38 46.407 22 
24 47.2447 22 25 47.551 22 26 47.8007 22 
27 48 21.9881 26.9718 48 22 28 48 21.6909 
29 48 21.5156 30 48 21.4574 31 48 21.5156 
32 48 21.6909 33 48 21.9881 33.0282 48 22 
34 47.8007 22 35 47.551 22 36 47.2447 22 
27 48.0059 22 28 48.1508 22 29 48.2336 22 
30 48.2606 22 31 48.2336 22 32 48.1508 22 
33 48.0059 22 26 12 22.4522 26 11.7664 23 
25.0895 12 23 27 11.5814 23 28 11.4526 23 
29 11.3752 23 30 11.3492 23 31 11.3752 23 
32 11.4526 23 33 11.5814 23 34 12 22.4522 
34 11.7664 23 34.9105 12 23 23 13 22.3216 
23 12.6983 23 22.3216 13 23 24 12.3391 23 
25 12.0243 23 35 12.0243 23 36 12.3391 23 
37 13 22.3216 37 12.6983 23 37.6784 13 23 
21 14 22.2561 21 13.6522 23 20.4111 14 23 
22 13.1505 23 38 13.1505 23 39 14 22.2561 
39 13.6522 23 39.5889 14 23 19 15 22.8544 
19 14.9259 23 18.903 15 23 20 14.2555 23 
40 14.2555 23 41 15 22.8544 41 14.9259 23 
41.097 15 23 18 16 22.4551 18 15.7106 23 
17.6676 16 23 42 16 22.4551 42 15.7106 23 
42.3324 16 23 17 17 22.3229 17 16.6175 23 
16.6175 17 23 43 17 22.3229 43 16.6175 23 
43.3825 17 23 16 18 22.4551 16 17.6676 23 
15.7106 18 23 44 18 22.4551 44 17.6676 23 
44.2894 18 23 15 19 22.8544 15 18.903 23 
14.9259 19 23 45 19 22.8544 45 18.903 23 
45.0741 19 23 14.2555 20 23 45.7445 20 23 
14 21 22.2561 14 20.4111 23 13.6522 21 23 
46 20.4111 23 46 21 22.2561 46.3478 21 23 
13.1505 22 23 46.8495 22 23 13 23 22.3216 
13 22.3216 23 12.6983 23 23 47 22.3216 23 
47 23 22.3216 47.3017 23 23 12.3391 24 23 
47.6609 24 23 12.0243 25 23 47.9757 25 23 
12 26 22.4522 12 25.0895 23 11.7664 26 23 
48 25.0895 23 48 26 22.4522 48.2336 26 23 
11.5814 27 23 48.4186 27 23 11.4526 28 23 
48.5474 28 23 11.3752 29 23 48.6248 29 23 
11.3492 30 23 48.6508 30 23 11.3752 31 23 
48.6248 31 23 11.4526 32 23 48.5474 32 23 
11.5814 33 23 48.4186 33 23 12 34 22.4522 
11.7664 34 23 48 34 22.4522 48.2336 34 23 
12 34.9105 23 12.0243 35 23 47.9757 35 23 
48 34.9105 23 12.3391 36 23 47.6609 36 23 
13 37 22.3216 12.6983 37 23 47 37 22.3216 
47.3017 37 23 13 37.6784 23 13.1505 38 23 
46.8495 38 23 47 37.6784 23 14 39 22.2561 
13.6522 39 23 46 39 22.2561 46.3478 39 23 
14 39.5889 23 14.2555 40 23 45.7445 40 23 
46 39.5889 23 15 41 22.8544 14.9259 41 23 
45 41 22.8544 45.0741 41 23 15 41.097 23 
16 42 22.4551 15.7106 42 23 44 42 22.4551 
44.2894 42 23 45 41.097 23 16 42.3324 23 
17 43 22.3229 16.6175 43 23 43 43 22.3229 
43.3825 43 23 44 42.3324 23 17 43.3825 23 
18 44 22.4551 17.6676 44 23 42 44 22.4551 
42.3324 44 23 43 43.3825 23 18 44.2894 23 
19 45 22.8544 18.903 45 23 41 45 22.8544 
41.097 45 23 42 44.2894 23 19 45.0741 23 
20 45.7445 23 21 46 22.2561 20.4111 46 23 
39 46 22.2561 39.5889 46 23 40 45.7445 23 
41 45.0741 23 21 46.3478 23 22 46.8495 23 
23 47 22.3216 22.3216 47 23 37 47 22.3216 
37.6784 47 23 38 46.8495 23 39 46.3478 23 
23 47.3017 23 24 47.6609 23 25 47.9757 23 
26 48 22.4522 25.0895 48 23 34 48 22.4522 
34.9105 48 23 35 47.9757 23 36 47.6609 23 
37 47.3017 23 26 48.2336 23 27 48.4186 23 
28 48.5474 23 29 48.6248 23 30 48.6508 23 
31 48.6248 23 32 48.5474 23 33 48.4186 23 
34 48.2336 23 30 11 23.9742 30 10.9904 24 
29.6729 11 24 30.3271 11 24 24 12 23.9067 
24 11.9643 24 23.9067 12 24 25 12 23.0622 
25 11.6597 24 26 11.4269 24 27 11.2437 24 
28 11.1063 24 29 11.0199 24 31 11.0199 24 
32 11.1063 24 33 11.2437 24 34 11.4269 24 
35 12 23.0622 35 11.6597 24 36 12 23.9067 
36 11.9643 24 36.0933 12 24 22 13 23.3709 
22 12.7553 24 21.517 13 24 23 12.3391 24 
37 12.3391 24 38 13 23.3709 38 12.7553 24 
38.483 13 24 20 14 23.601 20 13.8346 24 
19.7494 14 24 21 13.2704 24 39 13.2704 24 
40 14 23.601 40 13.8346 24 40.2506 14 24 
19 14.506 24 18.3405 15 24 41 14.506 24 
41.6595 15 24 18 15.2721 24 17.1557 16 24 
42 15.2721 24 42.8443 16 24 17 16.1447 24 
16.1447 17 24 43 16.1447 24 43.8553 17 24 
16 17.1557 24 15.2721 18 24 44 17.1557 24 
44.7279 18 24 15 18.3405 24 14.506 19 24 
45 18.3405 24 45.494 19 24 14 20 23.601 
14 19.7494 24 13.8346 20 24 46 19.7494 24 
46 20 23.601 46.1654 20 24 13.2704 21 24 
46.7296 21 24 13 22 23.3709 13 21.517 24 
12.7553 22 24 47 21.517 24 47 22 23.3709 
47.2447 22 24 12.3391 23 24 47.6609 23 24 
12 24 23.9067 12 23.9067 24 11.9643 24 24 
48 23.9067 24 48 24 23.9067 48.0357 24 24 
12 25 23.0622 11.6597 25 24 48 25 23.0622 
48.3403 25 24 11.4269 26 24 48.5731 26 24 
11.2437 27 24 48.7563 27 24 11.1063 28 24 
48.8937 28 24 11.0199 29 24 48.9801 29 24 
11 30 23.9742 11 29.6729 24 10.9904 30 24 
49 29.6729 24 49 30 23.9742 49.0096 30 24 
11 30.3271 24 11.0199 31 24 48.9801 31 24 
49 30.3271 24 11.1063 32 24 48.8937 32 24 
11.2437 33 24 48.7563 33 24 11.4269 34 24 
48.5731 34 24 12 35 23.0622 11.6597 35 24 
48 35 23.0622 48.3403 35 24 12 36 23.9067 
11.9643 36 24 48 36 23.9067 48.0357 36 24 
12 36.0933 24 12.3391 37 24 47.6609 37 24 
48 36.0933 24 13 38 23.3709 12.7553 38 24 
47 38 23.3709 47.2447 38 24 13 38.483 24 
13.2704 39 24 46.7296 39 24 47 38.483 24 
14 40 23.601 13.8346 40 24 46 40 23.601 
46.1654 40 24 14 40.2506 24 14.506 41 24 
45.494 41 24 46 40.2506 24 15 41.6595 24 
15.2721 42 24 44.7279 42 24 45 41.6595 24 
16 42.8443 24 16.1447 43 24 43.8553 43 24 
44 42.8443 24 17 43.8553 24 17.1557 44 24 
42.8443 44 24 43 43.8553 24 18 44.7279 24 
18.3405 45 24 41.6595 45 24 42 44.7279 24 
19 45.494 24 20 46 23.601 19.7494 46 24 
40 46 23.601 40.2506 46 24 41 45.494 24 
20 46.1654 24 21 46.7296 24 22 47 23.3709 
21.517 47 24 38 47 23.3709 38.483 47 24 
39 46.7296 24 40 46.1654 24 22 47.2447 24 
23 47.6609 24 24 48 23.9067 23.9067 48 24 
25 48 23.0622 35 48 23.0622 36 48 23.9067 
36.0933 48 24 37 47.6609 24 38 47.2447 24 
24 48.0357 24 25 48.3403 24 26 48.5731 24 
27 48.7563 24 28 48.8937 24 29 48.9801 24 
30 49 23.9742 29.6729 49 24 30.3271 49 24 
31 48.9801 24 32 48.8937 24 33 48.7563 24 
34 48.5731 24 35 48.3403 24 36 48.0357 24 
30 49.0096 24 27 11 24.7863 27 10.9327 25 
26.6666 11 25 28 11 24.3339 28 10.7963 25 
29 11 24.0617 29 10.7194 25 30 10.6946 25 
31 11 24.0617 31 10.7194 25 32 11 24.3339 
32 10.7963 25 33 11 24.7863 33 10.9327 25 
33.3334 11 25 24 11.6597 25 23.0622 12 25 
25 11.3753 25 26 11.1344 25 34 11.1344 25 
35 11.3753 25 36 11.6597 25 36.9378 12 25 
21 13 24.8014 21 12.9328 25 20.883 13 25 
22 12.449 25 23 12.0243 25 37 12.0243 25 
38 12.449 25 39 13 24.8014 39 12.9328 25 
39.117 13 25 20 13.5049 25 19.231 14 25 
40 13.5049 25 40.769 14 25 18 15 24.7111 
18 14.8918 25 17.8686 15 25 19 14.1594 25 
41 14.1594 25 42 15 24.7111 42 14.8918 25 
42.1314 15 25 17 16 24.3488 17 15.7448 25 
16.7275 16 25 43 16 24.3488 43 15.7448 25 
43.2725 16 25 16 17 24.3488 16 16.7275 25 
15.7448 17 25 44 17 24.3488 44 16.7275 25 
44.2552 17 25 15 18 24.7111 15 17.8686 25 
14.8918 18 25 45 18 24.7111 45 17.8686 25 
45.1082 18 25 14.1594 19 25 45.8406 19 25 
14 19.231 25 13.5049 20 25 46 19.231 25 
46.4951 20 25 13 21 24.8014 13 20.883 25 
12.9328 21 25 47 20.883 25 47 21 24.8014 
47.0672 21 25 12.449 22 25 47.551 22 25 
12.0243 23 25 47.9757 23 25 12 23.0622 25 
11.6597 24 25 48 23.0622 25 48.3403 24 25 
11.3753 25 25 48.6247 25 25 11.1344 26 25 
48.8656 26 25 11 27 24.7863 11 26.6666 25 
10.9327 27 25 49 26.6666 25 49 27 24.7863 
49.0673 27 25 11 28 24.3339 10.7963 28 25 
49 28 24.3339 49.2037 28 25 11 29 24.0617 
10.7194 29 25 49 29 24.0617 49.2806 29 25 
10.6946 30 25 49.3054 30 25 11 31 24.0617 
10.7194 31 25 49 31 24.0617 49.2806 31 25 
11 32 24.3339 10.7963 32 25 49 32 24.3339 
49.2037 32 25 11 33 24.7863 10.9327 33 25 
49 33 24.7863 49.0673 33 25 11 33.3334 25 
11.1344 34 25 48.8656 34 25 49 33.3334 25 
11.3753 35 25 48.6247 35 25 11.6597 36 25 
48.3403 36 25 12 36.9378 25 12.0243 37 25 
47.9757 37 25 48 36.9378 25 12.449 38 25 
47.551 38 25 13 39 24.8014 12.9328 39 25 
47 39 24.8014 47.0672 39 25 13 39.117 25 
13.5049 40 25 46.4951 40 25 47 39.117 25 
14 40.769 25 14.1594 41 25 45.8406 41 25 
46 40.769 25 15 42 24.7111 14.8918 42 25 
45 42 24.7111 45.1082 42 25 15 42.1314 25 
16 43 24.3488 15.7448 43 25 44 43 24.3488 
44.2552 43 25 45 42.1314 25 16 43.2725 25 
17 44 24.3488 16.7275 44 25 43 44 24.3488 
43.2725 44 25 44 43.2725 25 17 44.2552 25 
18 45 24.7111 17.8686 45 25 42 45 24.7111 
42.1314 45 25 43 44.2552 25 18 45.1082 25 
19 45.8406 25 19.231 46 25 40.769 46 25 
41 45.8406 25 42 45.1082 25 20 46.4951 25 
21 47 24.8014 20.883 47 25 39 47 24.8014 
39.117 47 25 40 46.4951 25 21 47.0672 25 
22 47.551 25 23 47.9757 25 23.0622 48 25 
36.9378 48 25 37 47.9757 25 38 47.551 25 
39 47.0672 25 24 48.3403 25 25 48.6247 25 
26 48.8656 25 27 49 24.7863 26.6666 49 25 
28 49 24.3339 29 49 24.0617 31 49 24.0617 
32 49 24.3339 33 49 24.7863 33.3334 49 25 
34 48.8656 25 35 48.6247 25 36 48.3403 25 
27 49.0673 25 28 49.2037 25 29 49.2806 25 
30 49.3054 25 31 49.2806 25 32 49.2037 25 
33 49.0673 25 26 11 25.5182 26 10.8768 26 
25.5182 11 26 27 10.6946 26 28 10.5752 26 
29 10.5067 26 30 10.4842 26 31 10.5067 26 
32 10.5752 26 33 10.6946 26 34 11 25.5182 
34 10.8768 26 34.4818 11 26 23 12 25.0895 
23 11.7664 26 22.4522 12 26 24 11.4269 26 
25 11.1344 26 35 11.1344 26 36 11.4269 26 
37 12 25.0895 37 11.7664 26 37.5478 12 26 
21 12.6701 26 20.4105 13 26 22 12.1993 26 
38 12.1993 26 39 12.6701 26 39.5895 13 26 
19 14 25.5362 19 13.8657 26 18.8137 14 26 
20 13.2406 26 40 13.2406 26 41 14 25.5362 
41 13.8657 26 41.1863 14 26 18 14.6003 26 
17.5101 15 26 42 14.6003 26 42.4899 15 26 
17 15.4406 26 16.4006 16 26 43 15.4406 26 
43.5994 16 26 16 16.4006 26 15.4406 17 26 
44 16.4006 26 44.5594 17 26 15 17.5101 26 
14.6003 18 26 45 17.5101 26 45.3997 18 26 
14 19 25.5362 14 18.8137 26 13.8657 19 26 
46 18.8137 26 46 19 25.5362 46.1343 19 26 
13.2406 20 26 46.7594 20 26 13 20.4105 26 
12.6701 21 26 47 20.4105 26 47.3299 21 26 
12.1993 22 26 47.8007 22 26 12 23 25.0895 
12 22.4522 26 11.7664 23 26 48 22.4522 26 
48 23 25.0895 48.2336 23 26 11.4269 24 26 
48.5731 24 26 11.1344 25 26 48.8656 25 26 
11 26 25.5182 11 25.5182 26 10.8768 26 26 
49 25.5182 26 49 26 25.5182 49.1232 26 26 
10.6946 27 26 49.3054 27 26 10.5752 28 26 
49.4248 28 26 10.5067 29 26 49.4933 29 26 
10.4842 30 26 49.5158 30 26 10.5067 31 26 
49.4933 31 26 10.5752 32 26 49.4248 32 26 
10.6946 33 26 49.3054 33 26 11 34 25.5182 
10.8768 34 26 49 34 25.5182 49.1232 34 26 
11 34.4818 26 11.1344 35 26 48.8656 35 26 
49 34.4818 26 11.4269 36 26 48.5731 36 26 
12 37 25.0895 11.7664 37 26 48 37 25.0895 
48.2336 37 26 12 37.5478 26 12.1993 38 26 
47.8007 38 26 48 37.5478 26 12.6701 39 26 
47.3299 39 26 13 39.5895 26 13.2406 40 26 
46.7594 40 26 47 39.5895 26 14 41 25.5362 
13.8657 41 26 46 41 25.5362 46.1343 41 26 
14 41.1863 26 14.6003 42 26 45.3997 42 26 
46 41.1863 26 15 42.4899 26 15.4406 43 26 
44.5594 43 26 45 42.4899 26 16 43.5994 26 
16.4006 44 26 43.5994 44 26 44 43.5994 26 
17 44.5594 26 17.5101 45 26 42.4899 45 26 
43 44.5594 26 18 45.3997 26 19 46 25.5362 
18.8137 46 26 41 46 25.5362 41.1863 46 26 
42 45.3997 26 19 46.1343 26 20 46.7594 26 
20.4105 47 26 39.5895 47 26 40 46.7594 26 
41 46.1343 26 21 47.3299 26 22 47.8007 26 
23 48 25.0895 22.4522 48 26 37 48 25.0895 
37.5478 48 26 38 47.8007 26 39 47.3299 26 
23 48.2336 26 24 48.5731 26 25 48.8656 26 
26 49 25.5182 25.5182 49 26 34 49 25.5182 
34.4818 49 26 35 48.8656 26 36 48.5731 26 
37 48.2336 26 26 49.1232 26 27 49.3054 26 
28 49.4248 26 29 49.4933 26 30 49.5158 26 
31 49.4933 26 32 49.4248 26 33 49.3054 26 
34 49.1232 26 25 11 26.6666 25 10.9327 27 
24.7863 11 27 26 10.6946 27 27 10.5293 27 
28 10.4166 27 29 10.3485 27 30 10.3253 27 
31 10.3485 27 32 10.4166 27 33 10.5293 27 
34 10.6946 27 35 11 26.6666 35 10.9327 27 
35.2137 11 27 22 12 26.9718 22 11.9941 27 
21.9881 12 27 23 11.5814 27 24 11.2437 27 
36 11.2437 27 37 11.5814 27 38 12 26.9718 
38 11.9941 27 38.0118 12 27 21 12.4764 27 
20.0441 13 27 39 12.4764 27 39.9559 13 27 
19 13.6522 27 18.5114 14 27 20 13.0263 27 
40 13.0263 27 41 13.6522 27 41.4886 14 27 
18 14.3816 27 17.2355 15 27 42 14.3816 27 
42.7645 15 27 17 15.2045 27 16.1449 16 27 
43 15.2045 27 43.8551 16 27 16 16.1449 27 
15.2045 17 27 44 16.1449 27 44.7955 17 27 
15 17.2355 27 14.3816 18 27 45 17.2355 27 
45.6184 18 27 14 18.5114 27 13.6522 19 27 
46 18.5114 27 46.3478 19 27 13.0263 20 27 
46.9737 20 27 13 20.0441 27 12.4764 21 27 
47 20.0441 27 47.5236 21 27 12 22 26.9718 
12 21.9881 27 11.9941 22 27 48 21.9881 27 
48 22 26.9718 48.0059 22 27 11.5814 23 27 
48.4186 23 27 11.2437 24 27 48.7563 24 27 
11 25 26.6666 11 24.7863 27 10.9327 25 27 
49 24.7863 27 49 25 26.6666 49.0673 25 27 
10.6946 26 27 49.3054 26 27 10.5293 27 27 
49.4707 27 27 10.4166 28 27 49.5834 28 27 
10.3485 29 27 49.6515 29 27 10.3253 30 27 
49.6747 30 27 10.3485 31 27 49.6515 31 27 
10.4166 32 27 49.5834 32 27 10.5293 33 27 
49.4707 33 27 10.6946 34 27 49.3054 34 27 
11 35 26.6666 10.9327 35 27 49 35 26.6666 
49.0673 35 27 11 35.2137 27 11.2437 36 27 
48.7563 36 27 49 35.2137 27 11.5814 37 27 
48.4186 37 27 12 38 26.9718 11.9941 38 27 
48 38 26.9718 48.0059 38 27 12 38.0118 27 
12.4764 39 27 47.5236 39 27 48 38.0118 27 
13 39.9559 27 13.0263 40 27 46.9737 40 27 
47 39.9559 27 13.6522 41 27 46.3478 41 27 
14 41.4886 27 14.3816 42 27 45.6184 42 27 
46 41.4886 27 15 42.7645 27 15.2045 43 27 
44.7955 43 27 45 42.7645 27 16 43.8551 27 
16.1449 44 27 43.8551 44 27 44 43.8551 27 
17 44.7955 27 17.2355 45 27 42.7645 45 27 
43 44.7955 27 18 45.6184 27 18.5114 46 27 
41.4886 46 27 42 45.6184 27 19 46.3478 27 
20 46.9737 27 20.0441 47 27 39.9559 47 27 
40 46.9737 27 41 46.3478 27 21 47.5236 27 
22 48 26.9718 21.9881 48 27 38 48 26.9718 
38.0118 48 27 39 47.5236 27 22 48.0059 27 
23 48.4186 27 24 48.7563 27 25 49 26.6666 
24.7863 49 27 35 49 26.6666 35.2137 49 27 
36 48.7563 27 37 48.4186 27 38 48.0059 27 
25 49.0673 27 26 49.3054 27 27 49.4707 27 
28 49.5834 27 29 49.6515 27 30 49.6747 27 
31 49.6515 27 32 49.5834 27 33 49.4707 27 
34 49.3054 27 35 49.0673 27 25 10.7963 28 
24.3339 11 28 26 10.5752 28 27 10.4166 28 
28 10.3017 28 29 10.2281 28 30 10.2022 28 
31 10.2281 28 32 10.3017 28 33 10.4166 28 
34 10.5752 28 35 10.7963 28 35.6661 11 28 
22 11.8492 28 21.6909 12 28 23 11.4526 28 
24 11.1063 28 36 11.1063 28 37 11.4526 28 
38 11.8492 28 38.3091 12 28 20 13 27.1654 
20 12.8721 28 19.7967 13 28 21 12.339 28 
39 12.339 28 40 13 27.1654 40 12.8721 28 
40.2033 13 28 19 13.5052 28 18.298 14 28 
41 13.5052 28 41.702 14 28 18 14.2241 28 
17.0339 15 28 42 14.2241 28 42.9661 15 28 
16 16 27.7632 16 15.9562 28 15.9562 16 28 
17 15.0296 28 43 15.0296 28 44 16 27.7632 
44 15.9562 28 44.0438 16 28 15.0296 17 28 
44.9704 17 28 15 17.0339 28 14.2241 18 28 
45 17.0339 28 45.7759 18 28 14 18.298 28 
13.5052 19 28 46 18.298 28 46.4948 19 28 
13 20 27.1654 13 19.7967 28 12.8721 20 28 
47 19.7967 28 47 20 27.1654 47.1279 20 28 
12.339 21 28 47.661 21 28 12 21.6909 28 
11.8492 22 28 48 21.6909 28 48.1508 22 28 
11.4526 23 28 48.5474 23 28 11.1063 24 28 
48.8937 24 28 11 24.3339 28 10.7963 25 28 
49 24.3339 28 49.2037 25 28 10.5752 26 28 
49.4248 26 28 10.4166 27 28 49.5834 27 28 
10.3017 28 28 49.6983 28 28 10.2281 29 28 
49.7719 29 28 10.2022 30 28 49.7978 30 28 
10.2281 31 28 49.7719 31 28 10.3017 32 28 
49.6983 32 28 10.4166 33 28 49.5834 33 28 
10.5752 34 28 49.4248 34 28 10.7963 35 28 
49.2037 35 28 11 35.6661 28 11.1063 36 28 
48.8937 36 28 49 35.6661 28 11.4526 37 28 
48.5474 37 28 11.8492 38 28 48.1508 38 28 
12 38.3091 28 12.339 39 28 47.661 39 28 
48 38.3091 28 13 40 27.1654 12.8721 40 28 
47 40 27.1654 47.1279 40 28 13 40.2033 28 
13.5052 41 28 46.4948 41 28 47 40.2033 28 
14 41.702 28 14.2241 42 28 45.7759 42 28 
46 41.702 28 15 42.9661 28 15.0296 43 28 
44.9704 43 28 45 42.9661 28 16 44 27.7632 
15.9562 44 28 44 44 27.7632 44.0438 44 28 
16 44.0438 28 17 44.9704 28 17.0339 45 28 
42.9661 45 28 43 44.9704 28 44 44.0438 28 
18 45.7759 28 18.298 46 28 41.702 46 28 
42 45.7759 28 19 46.4948 28 20 47 27.1654 
19.7967 47 28 40 47 27.1654 40.2033 47 28 
41 46.4948 28 20 47.1279 28 21 47.661 28 
21.6909 48 28 38.3091 48 28 39 47.661 28 
40 47.1279 28 22 48.1508 28 23 48.5474 28 
24 48.8937 28 24.3339 49 28 35.6661 49 28 
36 48.8937 28 37 48.5474 28 38 48.1508 28 
25 49.2037 28 26 49.4248 28 27 49.5834 28 
28 49.6983 28 29 49.7719 28 30 49.7978 28 
31 49.7719 28 32 49.6983 28 33 49.5834 28 
34 49.4248 28 35 49.2037 28 25 10.7194 29 
24.0617 11 29 26 10.5067 29 27 10.3485 29 
28 10.2281 29 29 10.1482 29 30 10.1198 29 
31 10.1482 29 32 10.2281 29 33 10.3485 29 
34 10.5067 29 35 10.7194 29 35.9383 11 29 
22 11.7664 29 21.5156 12 29 23 11.3752 29 
24 11.0199 29 36 11.0199 29 37 11.3752 29 
38 11.7664 29 38.4844 12 29 20 12.784 29 
19.6539 13 29 21 12.2556 29 39 12.2556 29 
40 12.784 29 40.3461 13 29 19 13.4177 29 
18.1685 14 29 41 13.4177 29 41.8315 14 29 
17 15 28.273 17 14.9241 29 16.9141 15 29 
18 14.1272 29 42 14.1272 29 43 15 28.273 
43 14.9241 29 43.0859 15 29 16 15.8471 29 
15.8471 16 29 44 15.8471 29 44.1529 16 29 
15 17 28.273 15 16.9141 29 14.9241 17 29 
45 16.9141 29 45 17 28.273 45.0759 17 29 
14.1272 18 29 45.8728 18 29 14 18.1685 29 
13.4177 19 29 46 18.1685 29 46.5823 19 29 
13 19.6539 29 12.784 20 29 47 19.6539 29 
47.216 20 29 12.2556 21 29 47.7444 21 29 
12 21.5156 29 11.7664 22 29 48 21.5156 29 
48.2336 22 29 11.3752 23 29 48.6248 23 29 
11.0199 24 29 48.9801 24 29 11 24.0617 29 
10.7194 25 29 49 24.0617 29 49.2806 25 29 
10.5067 26 29 49.4933 26 29 10.3485 27 29 
49.6515 27 29 10.2281 28 29 49.7719 28 29 
10.1482 29 29 49.8518 29 29 10.1198 30 29 
49.8802 30 29 10.1482 31 29 49.8518 31 29 
10.2281 32 29 49.7719 32 29 10.3485 33 29 
49.6515 33 29 10.5067 34 29 49.4933 34 29 
10.7194 35 29 49.2806 35 29 11 35.9383 29 
11.0199 36 29 48.9801 36 29 49 35.9383 29 
11.3752 37 29 48.6248 37 29 11.7664 38 29 
48.2336 38 29 12 38.4844 29 12.2556 39 29 
47.7444 39 29 48 38.4844 29 12.784 40 29 
47.216 40 29 13 40.3461 29 13.4177 41 29 
46.5823 41 29 47 40.3461 29 14 41.8315 29 
14.1272 42 29 45.8728 42 29 46 41.8315 29 
15 43 28.273 14.9241 43 29 45 43 28.273 
45.0759 43 29 15 43.0859 29 15.8471 44 29 
44.1529 44 29 45 43.0859 29 16 44.1529 29 
17 45 28.273 16.9141 45 29 43 45 28.273 
43.0859 45 29 44 44.1529 29 17 45.0759 29 
18 45.8728 29 18.1685 46 29 41.8315 46 29 
42 45.8728 29 43 45.0759 29 19 46.5823 29 
19.6539 47 29 40.3461 47 29 41 46.5823 29 
20 47.216 29 21 47.7444 29 21.5156 48 29 
38.4844 48 29 39 47.7444 29 40 47.216 29 
22 48.2336 29 23 48.6248 29 24 48.9801 29 
24.0617 49 29 35.9383 49 29 36 48.9801 29 
37 48.6248 29 38 48.2336 29 25 49.2806 29 
26 49.4933 29 27 49.6515 29 28 49.7719 29 
29 49.8518 29 30 49.8802 29 31 49.8518 29 
32 49.7719 29 33 49.6515 29 34 49.4933 29 
35 49.2806 29 24 11 29.6729 24 10.9904 30 
23.9742 11 30 25 10.6946 30 26 10.4842 30 
27 10.3253 30 28 10.2022 30 29 10.1198 30 
30 10.0904 30 31 10.1198 30 32 10.2022 30 
33 10.3253 30 34 10.4842 30 35 10.6946 30 
36 11 29.6729 36 10.9904 30 36.0258 11 30 
22 11.7394 30 21.4574 12 30 23 11.3492 30 
37 11.3492 30 38 11.7394 30 38.5426 12 30 
20 12.7552 30 19.6068 13 30 21 12.2274 30 
39 12.2274 30 40 12.7552 30 40.3932 13 30 
19 13.3885 30 18.1249 14 30 41 13.3885 30 
41.8751 14 30 17 14.8899 30 16.8752 15 30 
18 14.0944 30 42 14.0944 30 43 14.8899 30 
43.1248 15 30 16 15.8114 30 15.8114 16 30 
44 15.8114 30 44.1886 16 30 15 16.8752 30 
14.8899 17 30 45 16.8752 30 45.1101 17 30 
14.0944 18 30 45.9056 18 30 14 18.1249 30 
13.3885 19 30 46 18.1249 30 46.6115 19 30 
13 19.6068 30 12.7552 20 30 47 19.6068 30 
47.2448 20 30 12.2274 21 30 47.7726 21 30 
12 21.4574 30 11.7394 22 30 48 21.4574 30 
48.2606 22 30 11.3492 23 30 48.6508 23 30 
11 24 29.6729 11 23.9742 30 10.9904 24 30 
49 23.9742 30 49 24 29.6729 49.0096 24 30 
10.6946 25 30 49.3054 25 30 10.4842 26 30 
49.5158 26 30 10.3253 27 30 49.6747 27 30 
10.2022 28 30 49.7978 28 30 10.1198 29 30 
49.8802 29 30 10.0904 30 30 49.9096 30 30 
10.1198 31 30 49.8802 31 30 10.2022 32 30 
49.7978 32 30 10.3253 33 30 49.6747 33 30 
10.4842 34 30 49.5158 34 30 10.6946 35 30 
49.3054 35 30 11 36 29.6729 10.9904 36 30 
49 36 29.6729 49.0096 36 30 11 36.0258 30 
11.3492 37 30 48.6508 37 30 49 36.0258 30 
11.7394 38 30 48.2606 38 30 12 38.5426 30 
12.2274 39 30 47.7726 39 30 48 38.5426 30 
12.7552 40 30 47.2448 40 30 13 40.3932 30 
13.3885 41 30 46.6115 41 30 47 40.3932 30 
14 41.8751 30 14.0944 42 30 45.9056 42 30 
46 41.8751 30 14.8899 43 30 45.1101 43 30 
15 43.1248 30 15.8114 44 30 44.1886 44 30 
45 43.1248 30 16 44.1886 30 16.8752 45 30 
43.1248 45 30 44 44.1886 30 17 45.1101 30 
18 45.9056 30 18.1249 46 30 41.8751 46 30 
42 45.9056 30 43 45.1101 30 19 46.6115 30 
19.6068 47 30 40.3932 47 30 41 46.6115 30 
20 47.2448 30 21 47.7726 30 21.4574 48 30 
38.5426 48 30 39 47.7726 30 40 47.2448 30 
22 48.2606 30 23 48.6508 30 24 49 29.6729 
23.9742 49 30 36 49 29.6729 36.0258 49 30 
37 48.6508 30 38 48.2606 30 24 49.0096 30 
25 49.3054 30 26 49.5158 30 27 49.6747 30 
28 49.7978 30 29 49.8802 30 30 49.9096 30 
31 49.8802 30 32 49.7978 30 33 49.6747 30 
34 49.5158 30 35 49.3054 30 36 49.0096 30 
24 11 30.3271 24.0617 11 31 25 10.7194 31 
26 10.5067 31 27 10.3485 31 28 10.2281 31 
29 10.1482 31 30 10.1198 31 31 10.1482 31 
32 10.2281 31 33 10.3485 31 34 10.5067 31 
35 10.7194 31 36 11 30.3271 35.9383 11 31 
22 11.7664 31 21.5156 12 31 23 11.3752 31 
24 11.0199 31 36 11.0199 31 37 11.3752 31 
38 11.7664 31 38.4844 12 31 20 12.784 31 
19.6539 13 31 21 12.2556 31 39 12.2556 31 
40 12.784 31 40.3461 13 31 19 13.4177 31 
18.1685 14 31 41 13.4177 31 41.8315 14 31 
17 14.9241 31 16.9141 15 31 18 14.1272 31 
42 14.1272 31 43 14.9241 31 43.0859 15 31 
16 15.8471 31 15.8471 16 31 44 15.8471 31 
44.1529 16 31 15 16.9141 31 14.9241 17 31 
45 16.9141 31 45.0759 17 31 14.1272 18 31 
45.8728 18 31 14 18.1685 31 13.4177 19 31 
46 18.1685 31 46.5823 19 31 13 19.6539 31 
12.784 20 31 47 19.6539 31 47.216 20 31 
12.2556 21 31 47.7444 21 31 12 21.5156 31 
11.7664 22 31 48 21.5156 31 48.2336 22 31 
11.3752 23 31 48.6248 23 31 11 24 30.3271 
11.0199 24 31 49 24 30.3271 48.9801 24 31 
11 24.0617 31 10.7194 25 31 49 24.0617 31 
49.2806 25 31 10.5067 26 31 49.4933 26 31 
10.3485 27 31 49.6515 27 31 10.2281 28 31 
49.7719 28 31 10.1482 29 31 49.8518 29 31 
10.1198 30 31 49.8802 30 31 10.1482 31 31 
49.8518 31 31 10.2281 32 31 49.7719 32 31 
10.3485 33 31 49.6515 33 31 10.5067 34 31 
49.4933 34 31 10.7194 35 31 49.2806 35 31 
11 35.9383 31 11 36 30.3271 11.0199 36 31 
49 36 30.3271 48.9801 36 31 49 35.9383 31 
11.3752 37 31 48.6248 37 31 11.7664 38 31 
48.2336 38 31 12 38.4844 31 12.2556 39 31 
47.7444 39 31 48 38.4844 31 12.784 40 31 
47.216 40 31 13 40.3461 31 13.4177 41 31 
46.5823 41 31 47 40.3461 31 14 41.8315 31 
14.1272 42 31 45.8728 42 31 46 41.8315 31 
14.9241 43 31 45.0759 43 31 15 43.0859 31 
15.8471 44 31 44.1529 44 31 45 43.0859 31 
16 44.1529 31 16.9141 45 31 43.0859 45 31 
44 44.1529 31 17 45.0759 31 18 45.8728 31 
18.1685 46 31 41.8315 46 31 42 45.8728 31 
43 45.0759 31 19 46.5823 31 19.6539 47 31 
40.3461 47 31 41 46.5823 31 20 47.216 31 
21 47.7444 31 21.5156 48 31 38.4844 48 31 
39 47.7444 31 40 47.216 31 22 48.2336 31 
23 48.6248 31 24 48.9801 31 24 49 30.3271 
24.0617 49 31 36 49 30.3271 35.9383 49 31 
36 48.9801 31 37 48.6248 31 38 48.2336 31 
25 49.2806 31 26 49.4933 31 27 49.6515 31 
28 49.7719 31 29 49.8518 31 30 49.8802 31 
31 49.8518 31 32 49.7719 31 33 49.6515 31 
34 49.4933 31 35 49.2806 31 25 10.7963 32 
24.3339 11 32 26 10.5752 32 27 10.4166 32 
28 10.3017 32 29 10.2281 32 30 10.2022 32 
31 10.2281 32 32 10.3017 32 33 10.4166 32 
34 10.5752 32 35 10.7963 32 35.6661 11 32 
22 11.8492 32 21.6909 12 32 23 11.4526 32 
24 11.1063 32 36 11.1063 32 37 11.4526 32 
38 11.8492 32 38.3091 12 32 20 12.8721 32 
19.7967 13 32 21 12.339 32 39 12.339 32 
40 12.8721 32 40.2033 13 32 19 13.5052 32 
18.298 14 32 41 13.5052 32 41.702 14 32 
17 15 31.727 17.0339 15 32 18 14.2241 32 
42 14.2241 32 43 15 31.727 42.9661 15 32 
16 15.9562 32 15.9562 16 32 17 15.0296 32 
43 15.0296 32 44 15.9562 32 44.0438 16 32 
15 17 31.727 15.0296 17 32 45 17 31.727 
44.9704 17 32 15 17.0339 32 14.2241 18 32 
45 17.0339 32 45.7759 18 32 14 18.298 32 
13.5052 19 32 46 18.298 32 46.4948 19 32 
13 19.7967 32 12.8721 20 32 47 19.7967 32 
47.1279 20 32 12.339 21 32 47.661 21 32 
12 21.6909 32 11.8492 22 32 48 21.6909 32 
48.1508 22 32 11.4526 23 32 48.5474 23 32 
11.1063 24 32 48.8937 24 32 11 24.3339 32 
10.7963 25 32 49 24.3339 32 49.2037 25 32 
10.5752 26 32 49.4248 26 32 10.4166 27 32 
49.5834 27 32 10.3017 28 32 49.6983 28 32 
10.2281 29 32 49.7719 29 32 10.2022 30 32 
49.7978 30 32 10.2281 31 32 49.7719 31 32 
10.3017 32 32 49.6983 32 32 10.4166 33 32 
49.5834 33 32 10.5752 34 32 49.4248 34 32 
10.7963 35 32 49.2037 35 32 11 35.6661 32 
11.1063 36 32 48.8937 36 32 49 35.6661 32 
11.4526 37 32 48.5474 37 32 11.8492 38 32 
48.1508 38 32 12 38.3091 32 12.339 39 32 
47.661 39 32 48 38.3091 32 12.8721 40 32 
47.1279 40 32 13 40.2033 32 13.5052 41 32 
46.4948 41 32 47 40.2033 32 14 41.702 32 
14.2241 42 32 45.7759 42 32 46 41.702 32 
15 42.9661 32 15 43 31.727 15.0296 43 32 
45 43 31.727 44.9704 43 32 45 42.9661 32 
15.9562 44 32 44.0438 44 32 16 44.0438 32 
17 44.9704 32 17 45 31.727 17.0339 45 32 
43 45 31.727 42.9661 45 32 43 44.9704 32 
44 44.0438 32 18 45.7759 32 18.298 46 32 
41.702 46 32 42 45.7759 32 19 46.4948 32 
19.7967 47 32 40.2033 47 32 41 46.4948 32 
20 47.1279 32 21 47.661 32 21.6909 48 32 
38.3091 48 32 39 47.661 32 40 47.1279 32 
22 48.1508 32 23 48.5474 32 24 48.8937 32 
24.3339 49 32 35.6661 49 32 36 48.8937 32 
37 48.5474 32 38 48.1508 32 25 49.2037 32 
26 49.4248 32 27 49.5834 32 28 49.6983 32 
29 49.7719 32 30 49.7978 32 31 49.7719 32 
32 49.6983 32 33 49.5834 32 34 49.4248 32 
35 49.2037 32 25 10.9327 33 24.7863 11 33 
26 10.6946 33 27 10.5293 33 28 10.4166 33 
29 10.3485 33 30 10.3253 33 31 10.3485 33 
32 10.4166 33 33 10.5293 33 34 10.6946 33 
35 10.9327 33 35.2137 11 33 22 11.9941 33 
21.9881 12 33 23 11.5814 33 24 11.2437 33 
36 11.2437 33 37 11.5814 33 38 11.9941 33 
38.0118 12 33 20 13 32.8346 20.0441 13 33 
21 12.4764 33 39 12.4764 33 40 13 32.8346 
39.9559 13 33 19 13.6522 33 18.5114 14 33 
20 13.0263 33 40 13.0263 33 41 13.6522 33 
41.4886 14 33 18 14.3816 33 17.2355 15 33 
42 14.3816 33 42.7645 15 33 16 16 32.2368 
16.1449 16 33 17 15.2045 33 43 15.2045 33 
44 16 32.2368 43.8551 16 33 16 16.1449 33 
15.2045 17 33 44 16.1449 33 44.7955 17 33 
15 17.2355 33 14.3816 18 33 45 17.2355 33 
45.6184 18 33 14 18.5114 33 13.6522 19 33 
46 18.5114 33 46.3478 19 33 13 20 32.8346 
13.0263 20 33 47 20 32.8346 46.9737 20 33 
13 20.0441 33 12.4764 21 33 47 20.0441 33 
47.5236 21 33 12 21.9881 33 11.9941 22 33 
48 21.9881 33 48.0059 22 33 11.5814 23 33 
48.4186 23 33 11.2437 24 33 48.7563 24 33 
11 24.7863 33 10.9327 25 33 49 24.7863 33 
49.0673 25 33 10.6946 26 33 49.3054 26 33 
10.5293 27 33 49.4707 27 33 10.4166 28 33 
49.5834 28 33 10.3485 29 33 49.6515 29 33 
10.3253 30 33 49.6747 30 33 10.3485 31 33 
49.6515 31 33 10.4166 32 33 49.5834 32 33 
10.5293 33 33 49.4707 33 33 10.6946 34 33 
49.3054 34 33 10.9327 35 33 49.0673 35 33 
11 35.2137 33 11.2437 36 33 48.7563 36 33 
49 35.2137 33 11.5814 37 33 48.4186 37 33 
11.9941 38 33 48.0059 38 33 12 38.0118 33 
12.4764 39 33 47.5236 39 33 48 38.0118 33 
13 39.9559 33 13 40 32.8346 13.0263 40 33 
47 40 32.8346 46.9737 40 33 47 39.9559 33 
13.6522 41 33 46.3478 41 33 14 41.4886 33 
14.3816 42 33 45.6184 42 33 46 41.4886 33 
15 42.7645 33 15.2045 43 33 44.7955 43 33 
45 42.7645 33 16 43.8551 33 16 44 32.2368 
16.1449 44 33 44 44 32.2368 43.8551 44 33 
44 43.8551 33 17 44.7955 33 17.2355 45 33 
42.7645 45 33 43 44.7955 33 18 45.6184 33 
18.5114 46 33 41.4886 46 33 42 45.6184 33 
19 46.3478 33 20 46.9737 33 20 47 32.8346 
20.0441 47 33 40 47 32.8346 39.9559 47 33 
40 46.9737 33 41 46.3478 33 21 47.5236 33 
21.9881 48 33 38.0118 48 33 39 47.5236 33 
22 48.0059 33 23 48.4186 33 24 48.7563 33 
24.7863 49 33 35.2137 49 33 36 48.7563 33 
37 48.4186 33 38 48.0059 33 25 49.0673 33 
26 49.3054 33 27 49.4707 33 28 49.5834 33 
29 49.6515 33 30 49.6747 33 31 49.6515 33 
32 49.5834 33 33 49.4707 33 34 49.3054 33 
35 49.0673 33 25 11 33.3334 25.5182 11 34 
26 10.8768 34 27 10.6946 34 28 10.5752 34 
29 10.5067 34 30 10.4842 34 31 10.5067 34 
32 10.5752 34 33 10.6946 34 34 10.8768 34 
35 11 33.3334 34.4818 11 34 22 12 33.0282 
22.4522 12 34 23 11.7664 34 24 11.4269 34 
25 11.1344 34 35 11.1344 34 36 11.4269 34 
37 11.7664 34 38 12 33.0282 37.5478 12 34 
21 12.6701 34 20.4105 13 34 22 12.1993 34 
38 12.1993 34 39 12.6701 34 39.5895 13 34 
19 13.8657 34 18.8137 14 34 20 13.2406 34 
40 13.2406 34 41 13.8657 34 41.1863 14 34 
18 14.6003 34 17.5101 15 34 42 14.6003 34 
42.4899 15 34 17 15.4406 34 16.4006 16 34 
43 15.4406 34 43.5994 16 34 16 16.4006 34 
15.4406 17 34 44 16.4006 34 44.5594 17 34 
15 17.5101 34 14.6003 18 34 45 17.5101 34 
45.3997 18 34 14 18.8137 34 13.8657 19 34 
46 18.8137 34 46.1343 19 34 13.2406 20 34 
46.7594 20 34 13 20.4105 34 12.6701 21 34 
47 20.4105 34 47.3299 21 34 12 22 33.0282 
12.1993 22 34 48 22 33.0282 47.8007 22 34 
12 22.4522 34 11.7664 23 34 48 22.4522 34 
48.2336 23 34 11.4269 24 34 48.5731 24 34 
11 25 33.3334 11.1344 25 34 49 25 33.3334 
48.8656 25 34 11 25.5182 34 10.8768 26 34 
49 25.5182 34 49.1232 26 34 10.6946 27 34 
49.3054 27 34 10.5752 28 34 49.4248 28 34 
10.5067 29 34 49.4933 29 34 10.4842 30 34 
49.5158 30 34 10.5067 31 34 49.4933 31 34 
10.5752 32 34 49.4248 32 34 10.6946 33 34 
49.3054 33 34 10.8768 34 34 49.1232 34 34 
11 34.4818 34 11 35 33.3334 11.1344 35 34 
49 35 33.3334 48.8656 35 34 49 34.4818 34 
11.4269 36 34 48.5731 36 34 11.7664 37 34 
48.2336 37 34 12 37.5478 34 12 38 33.0282 
12.1993 38 34 48 38 33.0282 47.8007 38 34 
48 37.5478 34 12.6701 39 34 47.3299 39 34 
13 39.5895 34 13.2406 40 34 46.7594 40 34 
47 39.5895 34 13.8657 41 34 46.1343 41 34 
14 41.1863 34 14.6003 42 34 45.3997 42 34 
46 41.1863 34 15 42.4899 34 15.4406 43 34 
44.5594 43 34 45 42.4899 34 16 43.5994 34 
16.4006 44 34 43.5994 44 34 44 43.5994 34 
17 44.5594 34 17.5101 45 34 42.4899 45 34 
43 44.5594 34 18 45.3997 34 18.8137 46 34 
41.1863 46 34 42 45.3997 34 19 46.1343 34 
20 46.7594 34 20.4105 47 34 39.5895 47 34 
40 46.7594 34 41 46.1343 34 21 47.3299 34 
22 47.8007 34 22 48 33.0282 22.4522 48 34 
38 48 33.0282 37.5478 48 34 38 47.8007 34 
39 47.3299 34 23 48.2336 34 24 48.5731 34 
25 48.8656 34 25 49 33.3334 25.5182 49 34 
35 49 33.3334 34.4818 49 34 35 48.8656 34 
36 48.5731 34 37 48.2336 34 26 49.1232 34 
27 49.3054 34 28 49.4248 34 29 49.4933 34 
30 49.5158 34 31 49.4933 34 32 49.4248 34 
33 49.3054 34 34 49.1232 34 26 11 34.4818 
26.6666 11 35 27 10.9327 35 28 10.7963 35 
29 10.7194 35 30 10.6946 35 31 10.7194 35 
32 10.7963 35 33 10.9327 35 34 11 34.4818 
33.3334 11 35 23 12 34.9105 23.0622 12 35 
24 11.6597 35 25 11.3753 35 26 11.1344 35 
34 11.1344 35 35 11.3753 35 36 11.6597 35 
37 12 34.9105 36.9378 12 35 21 12.9328 35 
20.883 13 35 22 12.449 35 23 12.0243 35 
37 12.0243 35 38 12.449 35 39 12.9328 35 
39.117 13 35 19 14 34.4638 19.231 14 35 
20 13.5049 35 40 13.5049 35 41 14 34.4638 
40.769 14 35 18 14.8918 35 17.8686 15 35 
19 14.1594 35 41 14.1594 35 42 14.8918 35 
42.1314 15 35 17 15.7448 35 16.7275 16 35 
43 15.7448 35 43.2725 16 35 16 16.7275 35 
15.7448 17 35 44 16.7275 35 44.2552 17 35 
15 17.8686 35 14.8918 18 35 45 17.8686 35 
45.1082 18 35 14 19 34.4638 14.1594 19 35 
46 19 34.4638 45.8406 19 35 14 19.231 35 
13.5049 20 35 46 19.231 35 46.4951 20 35 
13 20.883 35 12.9328 21 35 47 20.883 35 
47.0672 21 35 12.449 22 35 47.551 22 35 
12 23 34.9105 12.0243 23 35 48 23 34.9105 
47.9757 23 35 12 23.0622 35 11.6597 24 35 
48 23.0622 35 48.3403 24 35 11.3753 25 35 
48.6247 25 35 11 26 34.4818 11.1344 26 35 
49 26 34.4818 48.8656 26 35 11 26.6666 35 
10.9327 27 35 49 26.6666 35 49.0673 27 35 
10.7963 28 35 49.2037 28 35 10.7194 29 35 
49.2806 29 35 10.6946 30 35 49.3054 30 35 
10.7194 31 35 49.2806 31 35 10.7963 32 35 
49.2037 32 35 10.9327 33 35 49.0673 33 35 
11 33.3334 35 11 34 34.4818 11.1344 34 35 
49 34 34.4818 48.8656 34 35 49 33.3334 35 
11.3753 35 35 48.6247 35 35 11.6597 36 35 
48.3403 36 35 12 36.9378 35 12 37 34.9105 
12.0243 37 35 48 37 34.9105 47.9757 37 35 
48 36.9378 35 12.449 38 35 47.551 38 35 
12.9328 39 35 47.0672 39 35 13 39.117 35 
13.5049 40 35 46.4951 40 35 47 39.117 35 
14 40.769 35 14 41 34.4638 14.1594 41 35 
46 41 34.4638 45.8406 41 35 46 40.769 35 
14.8918 42 35 45.1082 42 35 15 42.1314 35 
15.7448 43 35 44.2552 43 35 45 42.1314 35 
16 43.2725 35 16.7275 44 35 43.2725 44 35 
44 43.2725 35 17 44.2552 35 17.8686 45 35 
42.1314 45 35 43 44.2552 35 18 45.1082 35 
19 45.8406 35 19 46 34.4638 19.231 46 35 
41 46 34.4638 40.769 46 35 41 45.8406 35 
42 45.1082 35 20 46.4951 35 20.883 47 35 
39.117 47 35 40 46.4951 35 21 47.0672 35 
22 47.551 35 23 47.9757 35 23 48 34.9105 
23.0622 48 35 37 48 34.9105 36.9378 48 35 
37 47.9757 35 38 47.551 35 39 47.0672 35 
24 48.3403 35 25 48.6247 35 26 48.8656 35 
26 49 34.4818 26.6666 49 35 34 49 34.4818 
33.3334 49 35 34 48.8656 35 35 48.6247 35 
36 48.3403 35 27 49.0673 35 28 49.2037 35 
29 49.2806 35 30 49.3054 35 31 49.2806 35 
32 49.2037 35 33 49.0673 35 27 11 35.2137 
28 11 35.6661 29 11 35.9383 29.6729 11 36 
30 10.9904 36 31 11 35.9383 30.3271 11 36 
32 11 35.6661 33 11 35.2137 24 11.9643 36 
23.9067 12 36 25 11.6597 36 26 11.4269 36 
27 11.2437 36 28 11.1063 36 29 11.0199 36 
31 11.0199 36 32 11.1063 36 33 11.2437 36 
34 11.4269 36 35 11.6597 36 36 11.9643 36 
36.0933 12 36 21 13 35.1986 21.517 13 36 
22 12.7553 36 23 12.3391 36 37 12.3391 36 
38 12.7553 36 39 13 35.1986 38.483 13 36 
20 13.8346 36 19.7494 14 36 21 13.2704 36 
39 13.2704 36 40 13.8346 36 40.2506 14 36 
18 15 35.289 18.3405 15 36 19 14.506 36 
41 14.506 36 42 15 35.289 41.6595 15 36 
17 16 35.6512 17.1557 16 36 18 15.2721 36 
42 15.2721 36 43 16 35.6512 42.8443 16 36 
16 17 35.6512 16.1447 17 36 17 16.1447 36 
43 16.1447 36 44 17 35.6512 43.8553 17 36 
15 18 35.289 15.2721 18 36 16 17.1557 36 
44 17.1557 36 45 18 35.289 44.7279 18 36 
15 18.3405 36 14.506 19 36 45 18.3405 36 
45.494 19 36 14 19.7494 36 13.8346 20 36 
46 19.7494 36 46.1654 20 36 13 21 35.1986 
13.2704 21 36 47 21 35.1986 46.7296 21 36 
13 21.517 36 12.7553 22 36 47 21.517 36 
47.2447 22 36 12.3391 23 36 47.6609 23 36 
12 23.9067 36 11.9643 24 36 48 23.9067 36 
48.0357 24 36 11.6597 25 36 48.3403 25 36 
11.4269 26 36 48.5731 26 36 11 27 35.2137 
11.2437 27 36 49 27 35.2137 48.7563 27 36 
11 28 35.6661 11.1063 28 36 49 28 35.6661 
48.8937 28 36 11 29 35.9383 11.0199 29 36 
49 29 35.9383 48.9801 29 36 11 29.6729 36 
10.9904 30 36 49 29.6729 36 49.0096 30 36 
11 30.3271 36 11 31 35.9383 11.0199 31 36 
49 31 35.9383 48.9801 31 36 49 30.3271 36 
11 32 35.6661 11.1063 32 36 49 32 35.6661 
48.8937 32 36 11 33 35.2137 11.2437 33 36 
49 33 35.2137 48.7563 33 36 11.4269 34 36 
48.5731 34 36 11.6597 35 36 48.3403 35 36 
11.9643 36 36 48.0357 36 36 12 36.0933 36 
12.3391 37 36 47.6609 37 36 48 36.0933 36 
12.7553 38 36 47.2447 38 36 13 38.483 36 
13 39 35.1986 13.2704 39 36 47 39 35.1986 
46.7296 39 36 47 38.483 36 13.8346 40 36 
46.1654 40 36 14 40.2506 36 14.506 41 36 
45.494 41 36 46 40.2506 36 15 41.6595 36 
15 42 35.289 15.2721 42 36 45 42 35.289 
44.7279 42 36 45 41.6595 36 16 42.8443 36 
16 43 35.6512 16.1447 43 36 44 43 35.6512 
43.8553 43 36 44 42.8443 36 17 43.8553 36 
17 44 35.6512 17.1557 44 36 43 44 35.6512 
42.8443 44 36 43 43.8553 36 18 44.7279 36 
18 45 35.289 18.3405 45 36 42 45 35.289 
41.6595 45 36 42 44.7279 36 19 45.494 36 
19.7494 46 36 40.2506 46 36 41 45.494 36 
20 46.1654 36 21 46.7296 36 21 47 35.1986 
21.517 47 36 39 47 35.1986 38.483 47 36 
39 46.7296 36 40 46.1654 36 22 47.2447 36 
23 47.6609 36 23.9067 48 36 36.0933 48 36 
37 47.6609 36 38 47.2447 36 24 48.0357 36 
25 48.3403 36 26 48.5731 36 27 48.7563 36 
27 49 35.2137 28 48.8937 36 28 49 35.6661 
29 48.9801 36 29 49 35.9383 29.6729 49 36 
31 49 35.9383 30.3271 49 36 31 48.9801 36 
32 48.8937 36 32 49 35.6661 33 48.7563 36 
33 49 35.2137 34 48.5731 36 35 48.3403 36 
36 48.0357 36 30 49.0096 36 30 11 36.0258 
24 12 36.0933 25 12 36.9378 25.0895 12 37 
26 11.7664 37 27 11.5814 37 28 11.4526 37 
29 11.3752 37 30 11.3492 37 31 11.3752 37 
32 11.4526 37 33 11.5814 37 34 11.7664 37 
35 12 36.9378 34.9105 12 37 36 12 36.0933 
22 13 36.6291 22.3216 13 37 23 12.6983 37 
24 12.3391 37 25 12.0243 37 35 12.0243 37 
36 12.3391 37 37 12.6983 37 38 13 36.6291 
37.6784 13 37 20 14 36.399 20.4111 14 37 
21 13.6522 37 22 13.1505 37 38 13.1505 37 
39 13.6522 37 40 14 36.399 39.5889 14 37 
19 14.9259 37 18.903 15 37 20 14.2555 37 
40 14.2555 37 41 14.9259 37 41.097 15 37 
18 15.7106 37 17.6676 16 37 42 15.7106 37 
42.3324 16 37 17 16.6175 37 16.6175 17 37 
43 16.6175 37 43.3825 17 37 16 17.6676 37 
15.7106 18 37 44 17.6676 37 44.2894 18 37 
15 18.903 37 14.9259 19 37 45 18.903 37 
45.0741 19 37 14 20 36.399 14.2555 20 37 
46 20 36.399 45.7445 20 37 14 20.4111 37 
13.6522 21 37 46 20.4111 37 46.3478 21 37 
13 22 36.6291 13.1505 22 37 47 22 36.6291 
46.8495 22 37 13 22.3216 37 12.6983 23 37 
47 22.3216 37 47.3017 23 37 12 24 36.0933 
12.3391 24 37 48 24 36.0933 47.6609 24 37 
12 25 36.9378 12.0243 25 37 48 25 36.9378 
47.9757 25 37 12 25.0895 37 11.7664 26 37 
48 25.0895 37 48.2336 26 37 11.5814 27 37 
48.4186 27 37 11.4526 28 37 48.5474 28 37 
11.3752 29 37 48.6248 29 37 11 30 36.0258 
11.3492 30 37 49 30 36.0258 48.6508 30 37 
11.3752 31 37 48.6248 31 37 11.4526 32 37 
48.5474 32 37 11.5814 33 37 48.4186 33 37 
11.7664 34 37 48.2336 34 37 12 34.9105 37 
12 35 36.9378 12.0243 35 37 48 35 36.9378 
47.9757 35 37 48 34.9105 37 12 36 36.0933 
12.3391 36 37 48 36 36.0933 47.6609 36 37 
12.6983 37 37 47.3017 37 37 13 37.6784 37 
13 38 36.6291 13.1505 38 37 47 38 36.6291 
46.8495 38 37 47 37.6784 37 13.6522 39 37 
46.3478 39 37 14 39.5889 37 14 40 36.399 
14.2555 40 37 46 40 36.399 45.7445 40 37 
46 39.5889 37 14.9259 41 37 45.0741 41 37 
15 41.097 37 15.7106 42 37 44.2894 42 37 
45 41.097 37 16 42.3324 37 16.6175 43 37 
43.3825 43 37 44 42.3324 37 17 43.3825 37 
17.6676 44 37 42.3324 44 37 43 43.3825 37 
18 44.2894 37 18.903 45 37 41.097 45 37 
42 44.2894 37 19 45.0741 37 20 45.7445 37 
20 46 36.399 20.4111 46 37 40 46 36.399 
39.5889 46 37 40 45.7445 37 41 45.0741 37 
21 46.3478 37 22 46.8495 37 22 47 36.6291 
22.3216 47 37 38 47 36.6291 37.6784 47 37 
38 46.8495 37 39 46.3478 37 23 47.3017 37 
24 47.6609 37 24 48 36.0933 25 47.9757 37 
25 48 36.9378 25.0895 48 37 35 48 36.9378 
34.9105 48 37 35 47.9757 37 36 47.6609 37 
36 48 36.0933 37 47.3017 37 26 48.2336 37 
27 48.4186 37 28 48.5474 37 29 48.6248 37 
30 48.6508 37 30 49 36.0258 31 48.6248 37 
32 48.5474 37 33 48.4186 37 34 48.2336 37 
26 12 37.5478 26.9718 12 38 27 11.9941 38 
28 11.8492 38 29 11.7664 38 30 11.7394 38 
31 11.7664 38 32 11.8492 38 33 11.9941 38 
34 12 37.5478 33.0282 12 38 23 13 37.6784 
23.3709 13 38 24 12.7553 38 25 12.449 38 
26 12.1993 38 34 12.1993 38 35 12.449 38 
36 12.7553 38 37 13 37.6784 36.6291 13 38 
21 14 37.7439 21.2263 14 38 22 13.593 38 
23 13.1505 38 37 13.1505 38 38 13.593 38 
39 14 37.7439 38.7737 14 38 19 15 37.1456 
19.6074 15 38 20 14.7276 38 21 14.1273 38 
39 14.1273 38 40 14.7276 38 41 15 37.1456 
40.3926 15 38 18 16 37.5449 18.2981 16 38 
19 15.4404 38 41 15.4404 38 42 16 37.5449 
41.7019 16 38 17 17 37.6771 17.1958 17 38 
18 16.2553 38 42 16.2553 38 43 17 37.6771 
42.8042 17 38 16 18 37.5449 16.2553 18 38 
17 17.1958 38 43 17.1958 38 44 18 37.5449 
43.7447 18 38 15 19 37.1456 15.4404 19 38 
16 18.2981 38 44 18.2981 38 45 19 37.1456 
44.5596 19 38 15 19.6074 38 14.7276 20 38 
45 19.6074 38 45.2724 20 38 14 21 37.7439 
14.1273 21 38 46 21 37.7439 45.8727 21 38 
14 21.2263 38 13.593 22 38 46 21.2263 38 
46.407 22 38 13 23 37.6784 13.1505 23 38 
47 23 37.6784 46.8495 23 38 13 23.3709 38 
12.7553 24 38 47 23.3709 38 47.2447 24 38 
12.449 25 38 47.551 25 38 12 26 37.5478 
12.1993 26 38 48 26 37.5478 47.8007 26 38 
12 26.9718 38 11.9941 27 38 48 26.9718 38 
48.0059 27 38 11.8492 28 38 48.1508 28 38 
11.7664 29 38 48.2336 29 38 11.7394 30 38 
48.2606 30 38 11.7664 31 38 48.2336 31 38 
11.8492 32 38 48.1508 32 38 11.9941 33 38 
48.0059 33 38 12 33.0282 38 12 34 37.5478 
12.1993 34 38 48 34 37.5478 47.8007 34 38 
48 33.0282 38 12.449 35 38 47.551 35 38 
12.7553 36 38 47.2447 36 38 13 36.6291 38 
13 37 37.6784 13.1505 37 38 47 37 37.6784 
46.8495 37 38 47 36.6291 38 13.593 38 38 
46.407 38 38 14 38.7737 38 14 39 37.7439 
14.1273 39 38 46 39 37.7439 45.8727 39 38 
46 38.7737 38 14.7276 40 38 45.2724 40 38 
15 40.3926 38 15 41 37.1456 15.4404 41 38 
45 41 37.1456 44.5596 41 38 45 40.3926 38 
16 41.7019 38 16 42 37.5449 16.2553 42 38 
44 42 37.5449 43.7447 42 38 44 41.7019 38 
17 42.8042 38 17 43 37.6771 17.1958 43 38 
43 43 37.6771 42.8042 43 38 43 42.8042 38 
18 43.7447 38 18 44 37.5449 18.2981 44 38 
42 44 37.5449 41.7019 44 38 42 43.7447 38 
19 44.5596 38 19 45 37.1456 19.6074 45 38 
41 45 37.1456 40.3926 45 38 41 44.5596 38 
20 45.2724 38 21 45.8727 38 21 46 37.7439 
21.2263 46 38 39 46 37.7439 38.7737 46 38 
39 45.8727 38 40 45.2724 38 22 46.407 38 
23 46.8495 38 23 47 37.6784 23.3709 47 38 
37 47 37.6784 36.6291 47 38 37 46.8495 38 
38 46.407 38 24 47.2447 38 25 47.551 38 
26 47.8007 38 26 48 37.5478 26.9718 48 38 
34 48 37.5478 33.0282 48 38 34 47.8007 38 
35 47.551 38 36 47.2447 38 27 48.0059 38 
28 48.1508 38 29 48.2336 38 30 48.2606 38 
31 48.2336 38 32 48.1508 38 33 48.0059 38 
27 12 38.0118 28 12 38.3091 29 12 38.4844 
30 12 38.5426 31 12 38.4844 32 12 38.3091 
33 12 38.0118 24 13 38.483 24.8014 13 39 
25 12.9328 39 26 12.6701 39 27 12.4764 39 
28 12.339 39 29 12.2556 39 30 12.2274 39 
31 12.2556 39 32 12.339 39 33 12.4764 39 
34 12.6701 39 35 12.9328 39 36 13 38.483 
35.1986 13 39 22 14 38.7737 22.2561 14 39 
23 13.6522 39 24 13.2704 39 36 13.2704 39 
37 13.6522 39 38 14 38.7737 37.7439 14 39 
20 15 38.482 20.4635 15 39 21 14.6636 39 
22 14.1273 39 38 14.1273 39 39 14.6636 39 
40 15 38.482 39.5365 15 39 19 16 38.9492 
19.0414 16 39 20 15.3061 39 40 15.3061 39 
41 16 38.9492 40.9586 16 39 18 16.8781 39 
17.8692 17 39 19 16.0327 39 41 16.0327 39 
42 16.8781 39 42.1308 17 39 17 17.8692 39 
16.8781 18 39 43 17.8692 39 43.1219 18 39 
16 19 38.9492 16.0327 19 39 44 19 38.9492 
43.9673 19 39 15 20 38.482 15.3061 20 39 
16 19.0414 39 44 19.0414 39 45 20 38.482 
44.6939 20 39 15 20.4635 39 14.6636 21 39 
45 20.4635 39 45.3364 21 39 14 22 38.7737 
14.1273 22 39 46 22 38.7737 45.8727 22 39 
14 22.2561 39 13.6522 23 39 46 22.2561 39 
46.3478 23 39 13 24 38.483 13.2704 24 39 
47 24 38.483 46.7296 24 39 13 24.8014 39 
12.9328 25 39 47 24.8014 39 47.0672 25 39 
12.6701 26 39 47.3299 26 39 12 27 38.0118 
12.4764 27 39 48 27 38.0118 47.5236 27 39 
12 28 38.3091 12.339 28 39 48 28 38.3091 
47.661 28 39 12 29 38.4844 12.2556 29 39 
48 29 38.4844 47.7444 29 39 12 30 38.5426 
12.2274 30 39 48 30 38.5426 47.7726 30 39 
12 31 38.4844 12.2556 31 39 48 31 38.4844 
47.7444 31 39 12 32 38.3091 12.339 32 39 
48 32 38.3091 47.661 32 39 12 33 38.0118 
12.4764 33 39 48 33 38.0118 47.5236 33 39 
12.6701 34 39 47.3299 34 39 12.9328 35 39 
47.0672 35 39 13 35.1986 39 13 36 38.483 
13.2704 36 39 47 36 38.483 46.7296 36 39 
47 35.1986 39 13.6522 37 39 46.3478 37 39 
14 37.7439 39 14 38 38.7737 14.1273 38 39 
46 38 38.7737 45.8727 38 39 46 37.7439 39 
14.6636 39 39 45.3364 39 39 15 39.5365 39 
15 40 38.482 15.3061 40 39 45 40 38.482 
44.6939 40 39 45 39.5365 39 16 40.9586 39 
16 41 38.9492 16.0327 41 39 44 41 38.9492 
43.9673 41 39 44 40.9586 39 16.8781 42 39 
43.1219 42 39 17 42.1308 39 17.8692 43 39 
42.1308 43 39 43 42.1308 39 18 43.1219 39 
19 43.9673 39 19 44 38.9492 19.0414 44 39 
41 44 38.9492 40.9586 44 39 41 43.9673 39 
42 43.1219 39 20 44.6939 39 20 45 38.482 
20.4635 45 39 40 45 38.482 39.5365 45 39 
40 44.6939 39 21 45.3364 39 22 45.8727 39 
22 46 38.7737 22.2561 46 39 38 46 38.7737 
37.7439 46 39 38 45.8727 39 39 45.3364 39 
23 46.3478 39 24 46.7296 39 24 47 38.483 
24.8014 47 39 36 47 38.483 35.1986 47 39 
36 46.7296 39 37 46.3478 39 25 47.0672 39 
26 47.3299 39 27 47.5236 39 27 48 38.0118 
28 47.661 39 28 48 38.3091 29 47.7444 39 
29 48 38.4844 30 47.7726 39 30 48 38.5426 
31 47.7444 39 31 48 38.4844 32 47.661 39 
32 48 38.3091 33 47.5236 39 33 48 38.0118 
34 47.3299 39 35 47.0672 39 25 13 39.117 
26 13 39.5895 27 13 39.9559 27.1654 13 40 
28 12.8721 40 29 12.784 40 30 12.7552 40 
31 12.784 40 32 12.8721 40 33 13 39.9559 
32.8346 13 40 34 13 39.5895 35 13 39.117 
23 14 39.5889 23.601 14 40 24 13.8346 40 
25 13.5049 40 26 13.2406 40 27 13.0263 40 
33 13.0263 40 34 13.2406 40 35 13.5049 40 
36 13.8346 40 37 14 39.5889 36.399 14 40 
21 15 39.5365 21.518 15 40 22 14.7276 40 
23 14.2555 40 37 14.2555 40 38 14.7276 40 
39 15 39.5365 38.482 15 40 20 15.958 40 
19.9436 16 40 21 15.3061 40 39 15.3061 40 
40 15.958 40 40.0564 16 40 18 17 39.1692 
18.6836 17 40 19 16.7278 40 41 16.7278 40 
42 17 39.1692 41.3164 17 40 17 18 39.1692 
17.6282 18 40 18 17.6282 40 42 17.6282 40 
43 18 39.1692 42.3718 18 40 17 18.6836 40 
16.7278 19 40 43 18.6836 40 43.2722 19 40 
16 19.9436 40 15.958 20 40 44 19.9436 40 
44.042 20 40 15 21 39.5365 15.3061 21 40 
45 21 39.5365 44.6939 21 40 15 21.518 40 
14.7276 22 40 45 21.518 40 45.2724 22 40 
14 23 39.5889 14.2555 23 40 46 23 39.5889 
45.7445 23 40 14 23.601 40 13.8346 24 40 
46 23.601 40 46.1654 24 40 13 25 39.117 
13.5049 25 40 47 25 39.117 46.4951 25 40 
13 26 39.5895 13.2406 26 40 47 26 39.5895 
46.7594 26 40 13 27 39.9559 13.0263 27 40 
47 27 39.9559 46.9737 27 40 13 27.1654 40 
12.8721 28 40 47 27.1654 40 47.1279 28 40 
12.784 29 40 47.216 29 40 12.7552 30 40 
47.2448 30 40 12.784 31 40 47.216 31 40 
12.8721 32 40 47.1279 32 40 13 32.8346 40 
13 33 39.9559 13.0263 33 40 47 33 39.9559 
46.9737 33 40 47 32.8346 40 13 34 39.5895 
13.2406 34 40 47 34 39.5895 46.7594 34 40 
13 35 39.117 13.5049 35 40 47 35 39.117 
46.4951 35 40 13.8346 36 40 46.1654 36 40 
14 36.399 40 14 37 39.5889 14.2555 37 40 
46 37 39.5889 45.7445 37 40 46 36.399 40 
14.7276 38 40 45.2724 38 40 15 38.482 40 
15 39 39.5365 15.3061 39 40 45 39 39.5365 
44.6939 39 40 45 38.482 40 15.958 40 40 
44.042 40 40 16 40.0564 40 16.7278 41 40 
43.2722 41 40 44 40.0564 40 17 41.3164 40 
17 42 39.1692 17.6282 42 40 43 42 39.1692 
42.3718 42 40 43 41.3164 40 18 42.3718 40 
18 43 39.1692 18.6836 43 40 42 43 39.1692 
41.3164 43 40 42 42.3718 40 19 43.2722 40 
19.9436 44 40 40.0564 44 40 41 43.2722 40 
20 44.042 40 21 44.6939 40 21 45 39.5365 
21.518 45 40 39 45 39.5365 38.482 45 40 
39 44.6939 40 40 44.042 40 22 45.2724 40 
23 45.7445 40 23 46 39.5889 23.601 46 40 
37 46 39.5889 36.399 46 40 37 45.7445 40 
38 45.2724 40 24 46.1654 40 25 46.4951 40 
25 47 39.117 26 46.7594 40 26 47 39.5895 
27 46.9737 40 27 47 39.9559 27.1654 47 40 
33 47 39.9559 32.8346 47 40 33 46.9737 40 
34 46.7594 40 34 47 39.5895 35 46.4951 40 
35 47 39.117 36 46.1654 40 28 47.1279 40 
29 47.216 40 30 47.2448 40 31 47.216 40 
32 47.1279 40 28 13 40.2033 29 13 40.3461 
30 13 40.3932 31 13 40.3461 32 13 40.2033 
24 14 40.2506 25 14 40.769 25.5362 14 41 
26 13.8657 41 27 13.6522 41 28 13.5052 41 
29 13.4177 41 30 13.3885 41 31 13.4177 41 
32 13.5052 41 33 13.6522 41 34 13.8657 41 
35 14 40.769 34.4638 14 41 36 14 40.2506 
22 15 40.3926 22.8544 15 41 23 14.9259 41 
24 14.506 41 25 14.1594 41 35 14.1594 41 
36 14.506 41 37 14.9259 41 38 15 40.3926 
37.1456 15 41 20 16 40.0564 21 16 40.9586 
21.0508 16 41 22 15.4404 41 38 15.4404 41 
39 16 40.9586 38.9492 16 41 40 16 40.0564 
19 17 40.345 19.655 17 41 20 16.7278 41 
21 16.0327 41 39 16.0327 41 40 16.7278 41 
41 17 40.345 40.345 17 41 18 18 40.4393 
18.512 18 41 19 17.5495 41 41 17.5495 41 
42 18 40.4393 41.488 18 41 17 19 40.345 
17.5495 19 41 18 18.512 41 42 18.512 41 
43 19 40.345 42.4505 19 41 16 20 40.0564 
16.7278 20 41 17 19.655 41 43 19.655 41 
44 20 40.0564 43.2722 20 41 16 21 40.9586 
16.0327 21 41 44 21 40.9586 43.9673 21 41 
15 22 40.3926 15.4404 22 41 16 21.0508 41 
44 21.0508 41 45 22 40.3926 44.5596 22 41 
15 22.8544 41 14.9259 23 41 45 22.8544 41 
45.0741 23 41 14 24 40.2506 14.506 24 41 
46 24 40.2506 45.494 24 41 14 25 40.769 
14.1594 25 41 46 25 40.769 45.8406 25 41 
14 25.5362 41 13.8657 26 41 46 25.5362 41 
46.1343 26 41 13.6522 27 41 46.3478 27 41 
13 28 40.2033 13.5052 28 41 47 28 40.2033 
46.4948 28 41 13 29 40.3461 13.4177 29 41 
47 29 40.3461 46.5823 29 41 13 30 40.3932 
13.3885 30 41 47 30 40.3932 46.6115 30 41 
13 31 40.3461 13.4177 31 41 47 31 40.3461 
46.5823 31 41 13 32 40.2033 13.5052 32 41 
47 32 40.2033 46.4948 32 41 13.6522 33 41 
46.3478 33 41 13.8657 34 41 46.1343 34 41 
14 34.4638 41 14 35 40.769 14.1594 35 41 
46 35 40.769 45.8406 35 41 46 34.4638 41 
14 36 40.2506 14.506 36 41 46 36 40.2506 
45.494 36 41 14.9259 37 41 45.0741 37 41 
15 37.1456 41 15 38 40.3926 15.4404 38 41 
45 38 40.3926 44.5596 38 41 45 37.1456 41 
16 38.9492 41 16 39 40.9586 16.0327 39 41 
44 39 40.9586 43.9673 39 41 44 38.9492 41 
16 40 40.0564 16.7278 40 41 44 40 40.0564 
43.2722 40 41 17 40.345 41 17 41 40.345 
17.5495 41 41 43 41 40.345 42.4505 41 41 
43 40.345 41 18 41.488 41 18 42 40.4393 
18.512 42 41 42 42 40.4393 41.488 42 41 
42 41.488 41 19 42.4505 41 19 43 40.345 
19.655 43 41 41 43 40.345 40.345 43 41 
41 42.4505 41 20 43.2722 41 20 44 40.0564 
21 43.9673 41 21 44 40.9586 21.0508 44 41 
39 44 40.9586 38.9492 44 41 39 43.9673 41 
40 43.2722 41 40 44 40.0564 22 44.5596 41 
22 45 40.3926 22.8544 45 41 38 45 40.3926 
37.1456 45 41 38 44.5596 41 23 45.0741 41 
24 45.494 41 24 46 40.2506 25 45.8406 41 
25 46 40.769 25.5362 46 41 35 46 40.769 
34.4638 46 41 35 45.8406 41 36 45.494 41 
36 46 40.2506 37 45.0741 41 26 46.1343 41 
27 46.3478 41 28 46.4948 41 28 47 40.2033 
29 46.5823 41 29 47 40.3461 30 46.6115 41 
30 47 40.3932 31 46.5823 41 31 47 40.3461 
32 46.4948 41 32 47 40.2033 33 46.3478 41 
34 46.1343 41 26 14 41.1863 27 14 41.4886 
28 14 41.702 29 14 41.8315 30 14 41.8751 
31 14 41.8315 32 14 41.702 33 14 41.4886 
34 14 41.1863 23 15 41.097 24 15 41.6595 
24.7111 15 42 25 14.8918 42 26 14.6003 42 
27 14.3816 42 28 14.2241 42 29 14.1272 42 
30 14.0944 42 31 14.1272 42 32 14.2241 42 
33 14.3816 42 34 14.6003 42 35 14.8918 42 
36 15 41.6595 35.289 15 42 37 15 41.097 
22 16 41.7019 22.4551 16 42 23 15.7106 42 
24 15.2721 42 36 15.2721 42 37 15.7106 42 
38 16 41.7019 37.5449 16 42 20 17 41.3164 
20.8308 17 42 21 16.8781 42 22 16.2553 42 
38 16.2553 42 39 16.8781 42 40 17 41.3164 
39.1692 17 42 19 18 41.488 19.5607 18 42 
20 17.6282 42 40 17.6282 42 41 18 41.488 
40.4393 18 42 18 19 41.488 18.512 19 42 
19 18.512 42 41 18.512 42 42 19 41.488 
41.488 19 42 17 20 41.3164 17.6282 20 42 
18 19.5607 42 42 19.5607 42 43 20 41.3164 
42.3718 20 42 17 20.8308 42 16.8781 21 42 
43 20.8308 42 43.1219 21 42 16 22 41.7019 
16.2553 22 42 44 22 41.7019 43.7447 22 42 
15 23 41.097 15.7106 23 42 16 22.4551 42 
44 22.4551 42 45 23 41.097 44.2894 23 42 
15 24 41.6595 15.2721 24 42 45 24 41.6595 
44.7279 24 42 15 24.7111 42 14.8918 25 42 
45 24.7111 42 45.1082 25 42 14 26 41.1863 
14.6003 26 42 46 26 41.1863 45.3997 26 42 
14 27 41.4886 14.3816 27 42 46 27 41.4886 
45.6184 27 42 14 28 41.702 14.2241 28 42 
46 28 41.702 45.7759 28 42 14 29 41.8315 
14.1272 29 42 46 29 41.8315 45.8728 29 42 
14 30 41.8751 14.0944 30 42 46 30 41.8751 
45.9056 30 42 14 31 41.8315 14.1272 31 42 
46 31 41.8315 45.8728 31 42 14 32 41.702 
14.2241 32 42 46 32 41.702 45.7759 32 42 
14 33 41.4886 14.3816 33 42 46 33 41.4886 
45.6184 33 42 14 34 41.1863 14.6003 34 42 
46 34 41.1863 45.3997 34 42 14.8918 35 42 
45.1082 35 42 15 35.289 42 15 36 41.6595 
15.2721 36 42 45 36 41.6595 44.7279 36 42 
45 35.289 42 15 37 41.097 15.7106 37 42 
45 37 41.097 44.2894 37 42 16 37.5449 42 
16 38 41.7019 16.2553 38 42 44 38 41.7019 
43.7447 38 42 44 37.5449 42 16.8781 39 42 
43.1219 39 42 17 39.1692 42 17 40 41.3164 
17.6282 40 42 43 40 41.3164 42.3718 40 42 
43 39.1692 42 18 40.4393 42 18 41 41.488 
18.512 41 42 42 41 41.488 41.488 41 42 
42 40.4393 42 19 41.488 42 19 42 41.488 
19.5607 42 42 41 42 41.488 40.4393 42 42 
41 41.488 42 20 42.3718 42 20 43 41.3164 
20.8308 43 42 40 43 41.3164 39.1692 43 42 
40 42.3718 42 21 43.1219 42 22 43.7447 42 
22 44 41.7019 22.4551 44 42 38 44 41.7019 
37.5449 44 42 38 43.7447 42 39 43.1219 42 
23 44.2894 42 23 45 41.097 24 44.7279 42 
24 45 41.6595 24.7111 45 42 36 45 41.6595 
35.289 45 42 36 44.7279 42 37 44.2894 42 
37 45 41.097 25 45.1082 42 26 45.3997 42 
26 46 41.1863 27 45.6184 42 27 46 41.4886 
28 45.7759 42 28 46 41.702 29 45.8728 42 
29 46 41.8315 30 45.9056 42 30 46 41.8751 
31 45.8728 42 31 46 41.8315 32 45.7759 42 
32 46 41.702 33 45.6184 42 33 46 41.4886 
34 45.3997 42 34 46 41.1863 35 45.1082 42 
25 15 42.1314 26 15 42.4899 27 15 42.7645 
28 15 42.9661 28.273 15 43 29 14.9241 43 
30 14.8899 43 31 14.9241 43 32 15 42.9661 
31.727 15 43 33 15 42.7645 34 15 42.4899 
35 15 42.1314 23 16 42.3324 24 16 42.8443 
24.3488 16 43 25 15.7448 43 26 15.4406 43 
27 15.2045 43 28 15.0296 43 32 15.0296 43 
33 15.2045 43 34 15.4406 43 35 15.7448 43 
36 16 42.8443 35.6512 16 43 37 16 42.3324 
21 17 42.1308 22 17 42.8042 22.3229 17 43 
23 16.6175 43 24 16.1447 43 36 16.1447 43 
37 16.6175 43 38 17 42.8042 37.6771 17 43 
39 17 42.1308 20 18 42.3718 20.8308 18 43 
21 17.8692 43 22 17.1958 43 38 17.1958 43 
39 17.8692 43 40 18 42.3718 39.1692 18 43 
19 19 42.4505 19.655 19 43 20 18.6836 43 
40 18.6836 43 41 19 42.4505 40.345 19 43 
18 20 42.3718 18.6836 20 43 19 19.655 43 
41 19.655 43 42 20 42.3718 41.3164 20 43 
17 21 42.1308 17.8692 21 43 18 20.8308 43 
42 20.8308 43 43 21 42.1308 42.1308 21 43 
17 22 42.8042 17.1958 22 43 43 22 42.8042 
42.8042 22 43 16 23 42.3324 16.6175 23 43 
17 22.3229 43 43 22.3229 43 44 23 42.3324 
43.3825 23 43 16 24 42.8443 16.1447 24 43 
44 24 42.8443 43.8553 24 43 15 25 42.1314 
15.7448 25 43 16 24.3488 43 44 24.3488 43 
45 25 42.1314 44.2552 25 43 15 26 42.4899 
15.4406 26 43 45 26 42.4899 44.5594 26 43 
15 27 42.7645 15.2045 27 43 45 27 42.7645 
44.7955 27 43 15 28 42.9661 15.0296 28 43 
45 28 42.9661 44.9704 28 43 15 28.273 43 
14.9241 29 43 45 28.273 43 45.0759 29 43 
14.8899 30 43 45.1101 30 43 14.9241 31 43 
45.0759 31 43 15 31.727 43 15 32 42.9661 
15.0296 32 43 45 32 42.9661 44.9704 32 43 
45 31.727 43 15 33 42.7645 15.2045 33 43 
45 33 42.7645 44.7955 33 43 15 34 42.4899 
15.4406 34 43 45 34 42.4899 44.5594 34 43 
15 35 42.1314 15.7448 35 43 45 35 42.1314 
44.2552 35 43 16 35.6512 43 16 36 42.8443 
16.1447 36 43 44 36 42.8443 43.8553 36 43 
44 35.6512 43 16 37 42.3324 16.6175 37 43 
44 37 42.3324 43.3825 37 43 17 37.6771 43 
17 38 42.8042 17.1958 38 43 43 38 42.8042 
42.8042 38 43 43 37.6771 43 17 39 42.1308 
17.8692 39 43 43 39 42.1308 42.1308 39 43 
18 39.1692 43 18 40 42.3718 18.6836 40 43 
42 40 42.3718 41.3164 40 43 42 39.1692 43 
19 40.345 43 19 41 42.4505 19.655 41 43 
41 41 42.4505 40.345 41 43 41 40.345 43 
20 41.3164 43 20 42 42.3718 20.8308 42 43 
40 42 42.3718 39.1692 42 43 40 41.3164 43 
21 42.1308 43 21 43 42.1308 22 42.8042 43 
22 43 42.8042 22.3229 43 43 38 43 42.8042 
37.6771 43 43 38 42.8042 43 39 42.1308 43 
39 43 42.1308 23 43.3825 43 23 44 42.3324 
24 43.8553 43 24 44 42.8443 24.3488 44 43 
36 44 42.8443 35.6512 44 43 36 43.8553 43 
37 43.3825 43 37 44 42.3324 25 44.2552 43 
25 45 42.1314 26 44.5594 43 26 45 42.4899 
27 44.7955 43 27 45 42.7645 28 44.9704 43 
28 45 42.9661 28.273 45 43 32 45 42.9661 
31.727 45 43 32 44.9704 43 33 44.7955 43 
33 45 42.7645 34 44.5594 43 34 45 42.4899 
35 44.2552 43 35 45 42.1314 29 45.0759 43 
30 45.1101 43 31 45.0759 43 29 15 43.0859 
30 15 43.1248 31 15 43.0859 25 16 43.2725 
26 16 43.5994 27 16 43.8551 27.7632 16 44 
28 15.9562 44 29 15.8471 44 30 15.8114 44 
31 15.8471 44 32 15.9562 44 33 16 43.8551 
32.2368 16 44 34 16 43.5994 35 16 43.2725 
23 17 43.3825 24 17 43.8553 24.3488 17 44 
25 16.7275 44 26 16.4006 44 27 16.1449 44 
33 16.1449 44 34 16.4006 44 35 16.7275 44 
36 17 43.8553 35.6512 17 44 37 17 43.3825 
21 18 43.1219 22 18 43.7447 22.4551 18 44 
23 17.6676 44 24 17.1557 44 36 17.1557 44 
37 17.6676 44 38 18 43.7447 37.5449 18 44 
39 18 43.1219 20 19 43.2722 21 19 43.9673 
21.0508 19 44 22 18.2981 44 38 18.2981 44 
39 19 43.9673 38.9492 19 44 40 19 43.2722 
19 20 43.2722 19.9436 20 44 20 19.9436 44 
21 19.0414 44 39 19.0414 44 40 19.9436 44 
41 20 43.2722 40.0564 20 44 18 21 43.1219 
19 21 43.9673 19.0414 21 44 41 21 43.9673 
40.9586 21 44 42 21 43.1219 18 22 43.7447 
18.2981 22 44 19 21.0508 44 41 21.0508 44 
42 22 43.7447 41.7019 22 44 17 23 43.3825 
17.6676 23 44 18 22.4551 44 42 22.4551 44 
43 23 43.3825 42.3324 23 44 17 24 43.8553 
17.1557 24 44 43 24 43.8553 42.8443 24 44 
16 25 43.2725 16.7275 25 44 17 24.3488 44 
43 24.3488 44 44 25 43.2725 43.2725 25 44 
16 26 43.5994 16.4006 26 44 44 26 43.5994 
43.5994 26 44 16 27 43.8551 16.1449 27 44 
44 27 43.8551 43.8551 27 44 16 27.7632 44 
15.9562 28 44 44 27.7632 44 44.0438 28 44 
15 29 43.0859 15.8471 29 44 45 29 43.0859 
44.1529 29 44 15 30 43.1248 15.8114 30 44 
45 30 43.1248 44.1886 30 44 15 31 43.0859 
15.8471 31 44 45 31 43.0859 44.1529 31 44 
15.9562 32 44 44.0438 32 44 16 32.2368 44 
16 33 43.8551 16.1449 33 44 44 33 43.8551 
43.8551 33 44 44 32.2368 44 16 34 43.5994 
16.4006 34 44 44 34 43.5994 43.5994 34 44 
16 35 43.2725 16.7275 35 44 44 35 43.2725 
43.2725 35 44 17 35.6512 44 17 36 43.8553 
17.1557 36 44 43 36 43.8553 42.8443 36 44 
43 35.6512 44 17 37 43.3825 17.6676 37 44 
43 37 43.3825 42.3324 37 44 18 37.5449 44 
18 38 43.7447 18.2981 38 44 42 38 43.7447 
41.7019 38 44 42 37.5449 44 18 39 43.1219 
19 38.9492 44 19 39 43.9673 19.0414 39 44 
41 39 43.9673 40.9586 39 44 41 38.9492 44 
42 39 43.1219 19 40 43.2722 19.9436 40 44 
41 40 43.2722 40.0564 40 44 20 40.0564 44 
20 41 43.2722 21 40.9586 44 21 41 43.9673 
21.0508 41 44 39 41 43.9673 38.9492 41 44 
39 40.9586 44 40 40.0564 44 40 41 43.2722 
21 42 43.1219 22 41.7019 44 22 42 43.7447 
22.4551 42 44 38 42 43.7447 37.5449 42 44 
38 41.7019 44 39 42 43.1219 23 42.3324 44 
23 43 43.3825 24 42.8443 44 24 43 43.8553 
24.3488 43 44 36 43 43.8553 35.6512 43 44 
36 42.8443 44 37 42.3324 44 37 43 43.3825 
25 43.2725 44 25 44 43.2725 26 43.5994 44 
26 44 43.5994 27 43.8551 44 27 44 43.8551 
27.7632 44 44 33 44 43.8551 32.2368 44 44 
33 43.8551 44 34 43.5994 44 34 44 43.5994 
35 43.2725 44 35 44 43.2725 28 44.0438 44 
29 44.1529 44 29 45 43.0859 30 44.1886 44 
30 45 43.1248 31 44.1529 44 31 45 43.0859 
32 44.0438 44 28 16 44.0438 29 16 44.1529 
30 16 44.1886 31 16 44.1529 32 16 44.0438 
25 17 44.2552 26 17 44.5594 27 17 44.7955 
28 17 44.9704 28.273 17 45 29 16.9141 45 
30 16.8752 45 31 16.9141 45 32 17 44.9704 
31.727 17 45 33 17 44.7955 34 17 44.5594 
35 17 44.2552 23 18 44.2894 24 18 44.7279 
24.7111 18 45 25 17.8686 45 26 17.5101 45 
27 17.2355 45 28 17.0339 45 32 17.0339 45 
33 17.2355 45 34 17.5101 45 35 17.8686 45 
36 18 44.7279 35.289 18 45 37 18 44.2894 
22 19 44.5596 22.8544 19 45 23 18.903 45 
24 18.3405 45 36 18.3405 45 37 18.903 45 
38 19 44.5596 37.1456 19 45 20 20 44.042 
21 20 44.6939 21.518 20 45 22 19.6074 45 
38 19.6074 45 39 20 44.6939 38.482 20 45 
40 20 44.042 20 21 44.6939 20.4635 21 45 
21 20.4635 45 39 20.4635 45 40 21 44.6939 
39.5365 21 45 19 22 44.5596 19.6074 22 45 
20 21.518 45 40 21.518 45 41 22 44.5596 
40.3926 22 45 18 23 44.2894 18.903 23 45 
19 22.8544 45 41 22.8544 45 42 23 44.2894 
41.097 23 45 18 24 44.7279 18.3405 24 45 
42 24 44.7279 41.6595 24 45 17 25 44.2552 
17.8686 25 45 18 24.7111 45 42 24.7111 45 
43 25 44.2552 42.1314 25 45 17 26 44.5594 
17.5101 26 45 43 26 44.5594 42.4899 26 45 
17 27 44.7955 17.2355 27 45 43 27 44.7955 
42.7645 27 45 16 28 44.0438 17 28 44.9704 
17.0339 28 45 43 28 44.9704 42.9661 28 45 
44 28 44.0438 16 29 44.1529 16.9141 29 45 
17 28.273 45 43 28.273 45 44 29 44.1529 
43.0859 29 45 16 30 44.1886 16.8752 30 45 
44 30 44.1886 43.1248 30 45 16 31 44.1529 
16.9141 31 45 44 31 44.1529 43.0859 31 45 
16 32 44.0438 17 31.727 45 17 32 44.9704 
17.0339 32 45 43 32 44.9704 42.9661 32 45 
43 31.727 45 44 32 44.0438 17 33 44.7955 
17.2355 33 45 43 33 44.7955 42.7645 33 45 
17 34 44.5594 17.5101 34 45 43 34 44.5594 
42.4899 34 45 17 35 44.2552 17.8686 35 45 
43 35 44.2552 42.1314 35 45 18 35.289 45 
18 36 44.7279 18.3405 36 45 42 36 44.7279 
41.6595 36 45 42 35.289 45 18 37 44.2894 
18.903 37 45 42 37 44.2894 41.097 37 45 
19 37.1456 45 19 38 44.5596 19.6074 38 45 
41 38 44.5596 40.3926 38 45 41 37.1456 45 
20 38.482 45 20 39 44.6939 20.4635 39 45 
40 39 44.6939 39.5365 39 45 40 38.482 45 
20 40 44.042 21 39.5365 45 21 40 44.6939 
21.518 40 45 39 40 44.6939 38.482 40 45 
39 39.5365 45 40 40 44.042 22 40.3926 45 
22 41 44.5596 22.8544 41 45 38 41 44.5596 
37.1456 41 45 38 40.3926 45 23 41.097 45 
23 42 44.2894 24 41.6595 45 24 42 44.7279 
24.7111 42 45 36 42 44.7279 35.289 42 45 
36 41.6595 45 37 41.097 45 37 42 44.2894 
25 42.1314 45 25 43 44.2552 26 42.4899 45 
26 43 44.5594 27 42.7645 45 27 43 44.7955 
28 42.9661 45 28 43 44.9704 28.273 43 45 
32 43 44.9704 31.727 43 45 32 42.9661 45 
33 42.7645 45 33 43 44.7955 34 42.4899 45 
34 43 44.5594 35 42.1314 45 35 43 44.2552 
28 44 44.0438 29 43.0859 45 29 44 44.1529 
30 43.1248 45 30 44 44.1886 31 43.0859 45 
31 44 44.1529 32 44 44.0438 29 17 45.0759 
30 17 45.1101 31 17 45.0759 25 18 45.1082 
26 18 45.3997 27 18 45.6184 28 18 45.7759 
29 18 45.8728 30 18 45.9056 31 18 45.8728 
32 18 45.7759 33 18 45.6184 34 18 45.3997 
35 18 45.1082 23 19 45.0741 24 19 45.494 
25 19 45.8406 25.5362 19 46 26 18.8137 46 
27 18.5114 46 28 18.298 46 29 18.1685 46 
30 18.1249 46 31 18.1685 46 32 18.298 46 
33 18.5114 46 34 18.8137 46 35 19 45.8406 
34.4638 19 46 36 19 45.494 37 19 45.0741 
22 20 45.2724 23 20 45.7445 23.601 20 46 
24 19.7494 46 25 19.231 46 35 19.231 46 
36 19.7494 46 37 20 45.7445 36.399 20 46 
38 20 45.2724 21 21 45.3364 22 21 45.8727 
22.2561 21 46 23 20.4111 46 37 20.4111 46 
38 21 45.8727 37.7439 21 46 39 21 45.3364 
20 22 45.2724 21 22 45.8727 21.2263 22 46 
22 21.2263 46 38 21.2263 46 39 22 45.8727 
38.7737 22 46 40 22 45.2724 19 23 45.0741 
20 23 45.7445 20.4111 23 46 21 22.2561 46 
39 22.2561 46 40 23 45.7445 39.5889 23 46 
41 23 45.0741 19 24 45.494 19.7494 24 46 
20 23.601 46 40 23.601 46 41 24 45.494 
40.2506 24 46 18 25 45.1082 19 25 45.8406 
19.231 25 46 41 25 45.8406 40.769 25 46 
42 25 45.1082 18 26 45.3997 18.8137 26 46 
19 25.5362 46 41 25.5362 46 42 26 45.3997 
41.1863 26 46 18 27 45.6184 18.5114 27 46 
42 27 45.6184 41.4886 27 46 18 28 45.7759 
18.298 28 46 42 28 45.7759 41.702 28 46 
17 29 45.0759 18 29 45.8728 18.1685 29 46 
42 29 45.8728 41.8315 29 46 43 29 45.0759 
17 30 45.1101 18 30 45.9056 18.1249 30 46 
42 30 45.9056 41.8751 30 46 43 30 45.1101 
17 31 45.0759 18 31 45.8728 18.1685 31 46 
42 31 45.8728 41.8315 31 46 43 31 45.0759 
18 32 45.7759 18.298 32 46 42 32 45.7759 
41.702 32 46 18 33 45.6184 18.5114 33 46 
42 33 45.6184 41.4886 33 46 18 34 45.3997 
18.8137 34 46 42 34 45.3997 41.1863 34 46 
18 35 45.1082 19 34.4638 46 19 35 45.8406 
19.231 35 46 41 35 45.8406 40.769 35 46 
41 34.4638 46 42 35 45.1082 19 36 45.494 
19.7494 36 46 41 36 45.494 40.2506 36 46 
19 37 45.0741 20 36.399 46 20 37 45.7445 
20.4111 37 46 40 37 45.7445 39.5889 37 46 
40 36.399 46 41 37 45.0741 20 38 45.2724 
21 37.7439 46 21 38 45.8727 21.2263 38 46 
39 38 45.8727 38.7737 38 46 39 37.7439 46 
40 38 45.2724 21 39 45.3364 22 38.7737 46 
22 39 45.8727 22.2561 39 46 38 39 45.8727 
37.7439 39 46 38 38.7737 46 39 39 45.3364 
22 40 45.2724 23 39.5889 46 23 40 45.7445 
23.601 40 46 37 40 45.7445 36.399 40 46 
37 39.5889 46 38 40 45.2724 23 41 45.0741 
24 40.2506 46 24 41 45.494 25 40.769 46 
25 41 45.8406 25.5362 41 46 35 41 45.8406 
34.4638 41 46 35 40.769 46 36 40.2506 46 
36 41 45.494 37 41 45.0741 25 42 45.1082 
26 41.1863 46 26 42 45.3997 27 41.4886 46 
27 42 45.6184 28 41.702 46 28 42 45.7759 
29 41.8315 46 29 42 45.8728 30 41.8751 46 
30 42 45.9056 31 41.8315 46 31 42 45.8728 
32 41.702 46 32 42 45.7759 33 41.4886 46 
33 42 45.6184 34 41.1863 46 34 42 45.3997 
35 42 45.1082 29 43 45.0759 30 43 45.1101 
31 43 45.0759 26 19 46.1343 27 19 46.3478 
28 19 46.4948 29 19 46.5823 30 19 46.6115 
31 19 46.5823 32 19 46.4948 33 19 46.3478 
34 19 46.1343 24 20 46.1654 25 20 46.4951 
26 20 46.7594 27 20 46.9737 27.1654 20 47 
28 19.7967 47 29 19.6539 47 30 19.6068 47 
31 19.6539 47 32 19.7967 47 33 20 46.9737 
32.8346 20 47 34 20 46.7594 35 20 46.4951 
36 20 46.1654 23 21 46.3478 24 21 46.7296 
24.8014 21 47 25 20.883 47 26 20.4105 47 
27 20.0441 47 33 20.0441 47 34 20.4105 47 
35 20.883 47 36 21 46.7296 35.1986 21 47 
37 21 46.3478 22 22 46.407 23 22 46.8495 
23.3709 22 47 24 21.517 47 36 21.517 47 
37 22 46.8495 36.6291 22 47 38 22 46.407 
21 23 46.3478 22 23 46.8495 22.3216 23 47 
23 22.3216 47 37 22.3216 47 38 23 46.8495 
37.6784 23 47 39 23 46.3478 20 24 46.1654 
21 24 46.7296 21.517 24 47 22 23.3709 47 
38 23.3709 47 39 24 46.7296 38.483 24 47 
40 24 46.1654 20 25 46.4951 20.883 25 47 
21 24.8014 47 39 24.8014 47 40 25 46.4951 
39.117 25 47 19 26 46.1343 20 26 46.7594 
20.4105 26 47 40 26 46.7594 39.5895 26 47 
41 26 46.1343 19 27 46.3478 20 27 46.9737 
20.0441 27 47 40 27 46.9737 39.9559 27 47 
41 27 46.3478 19 28 46.4948 19.7967 28 47 
20 27.1654 47 40 27.1654 47 41 28 46.4948 
40.2033 28 47 19 29 46.5823 19.6539 29 47 
41 29 46.5823 40.3461 29 47 19 30 46.6115 
19.6068 30 47 41 30 46.6115 40.3932 30 47 
19 31 46.5823 19.6539 31 47 41 31 46.5823 
40.3461 31 47 19 32 46.4948 19.7967 32 47 
41 32 46.4948 40.2033 32 47 19 33 46.3478 
20 32.8346 47 20 33 46.9737 20.0441 33 47 
40 33 46.9737 39.9559 33 47 40 32.8346 47 
41 33 46.3478 19 34 46.1343 20 34 46.7594 
20.4105 34 47 40 34 46.7594 39.5895 34 47 
41 34 46.1343 20 35 46.4951 20.883 35 47 
40 35 46.4951 39.117 35 47 20 36 46.1654 
21 35.1986 47 21 36 46.7296 21.517 36 47 
39 36 46.7296 38.483 36 47 39 35.1986 47 
40 36 46.1654 21 37 46.3478 22 36.6291 47 
22 37 46.8495 22.3216 37 47 38 37 46.8495 
37.6784 37 47 38 36.6291 47 39 37 46.3478 
22 38 46.407 23 37.6784 47 23 38 46.8495 
23.3709 38 47 37 38 46.8495 36.6291 38 47 
37 37.6784 47 38 38 46.407 23 39 46.3478 
24 38.483 47 24 39 46.7296 24.8014 39 47 
36 39 46.7296 35.1986 39 47 36 38.483 47 
37 39 46.3478 24 40 46.1654 25 39.117 47 
25 40 46.4951 26 39.5895 47 26 40 46.7594 
27 39.9559 47 27 40 46.9737 27.1654 40 47 
33 40 46.9737 32.8346 40 47 33 39.9559 47 
34 39.5895 47 34 40 46.7594 35 39.117 47 
35 40 46.4951 36 40 46.1654 26 41 46.1343 
27 41 46.3478 28 40.2033 47 28 41 46.4948 
29 40.3461 47 29 41 46.5823 30 40.3932 47 
30 41 46.6115 31 40.3461 47 31 41 46.5823 
32 40.2033 47 32 41 46.4948 33 41 46.3478 
34 41 46.1343 28 20 47.1279 29 20 47.216 
30 20 47.2448 31 20 47.216 32 20 47.1279 
25 21 47.0672 26 21 47.3299 27 21 47.5236 
28 21 47.661 29 21 47.7444 30 21 47.7726 
31 21 47.7444 32 21 47.661 33 21 47.5236 
34 21 47.3299 35 21 47.0672 24 22 47.2447 
25 22 47.551 26 22 47.8007 26.9718 22 48 
27 21.9881 48 28 21.6909 48 29 21.5156 48 
30 21.4574 48 31 21.5156 48 32 21.6909 48 
33 21.9881 48 34 22 47.8007 33.0282 22 48 
35 22 47.551 36 22 47.2447 23 23 47.3017 
24 23 47.6609 25 23 47.9757 25.0895 23 48 
26 22.4522 48 34 22.4522 48 35 23 47.9757 
34.9105 23 48 36 23 47.6609 37 23 47.3017 
22 24 47.2447 23 24 47.6609 23.9067 24 48 
24 23.9067 48 25 23.0622 48 35 23.0622 48 
36 23.9067 48 37 24 47.6609 36.0933 24 48 
38 24 47.2447 21 25 47.0672 22 25 47.551 
23 25 47.9757 23.0622 25 48 37 25 47.9757 
36.9378 25 48 38 25 47.551 39 25 47.0672 
21 26 47.3299 22 26 47.8007 22.4522 26 48 
23 25.0895 48 37 25.0895 48 38 26 47.8007 
37.5478 26 48 39 26 47.3299 21 27 47.5236 
21.9881 27 48 22 26.9718 48 38 26.9718 48 
39 27 47.5236 38.0118 27 48 20 28 47.1279 
21 28 47.661 21.6909 28 48 39 28 47.661 
38.3091 28 48 40 28 47.1279 20 29 47.216 
21 29 47.7444 21.5156 29 48 39 29 47.7444 
38.4844 29 48 40 29 47.216 20 30 47.2448 
21 30 47.7726 21.4574 30 48 39 30 47.7726 
38.5426 30 48 40 30 47.2448 20 31 47.216 
21 31 47.7444 21.5156 31 48 39 31 47.7444 
38.4844 31 48 40 31 47.216 20 32 47.1279 
21 32 47.661 21.6909 32 48 39 32 47.661 
38.3091 32 48 40 32 47.1279 21 33 47.5236 
21.9881 33 48 39 33 47.5236 38.0118 33 48 
21 34 47.3299 22 33.0282 48 22 34 47.8007 
22.4522 34 48 38 34 47.8007 37.5478 34 48 
38 33.0282 48 39 34 47.3299 21 35 47.0672 
22 35 47.551 23 34.9105 48 23 35 47.9757 
23.0622 35 48 37 35 47.9757 36.9378 35 48 
37 34.9105 48 38 35 47.551 39 35 47.0672 
22 36 47.2447 23 36 47.6609 23.9067 36 48 
37 36 47.6609 36.0933 36 48 38 36 47.2447 
23 37 47.3017 24 36.0933 48 24 37 47.6609 
25 36.9378 48 25 37 47.9757 25.0895 37 48 
35 37 47.9757 34.9105 37 48 35 36.9378 48 
36 36.0933 48 36 37 47.6609 37 37 47.3017 
24 38 47.2447 25 38 47.551 26 37.5478 48 
26 38 47.8007 26.9718 38 48 34 38 47.8007 
33.0282 38 48 34 37.5478 48 35 38 47.551 
36 38 47.2447 25 39 47.0672 26 39 47.3299 
27 38.0118 48 27 39 47.5236 28 38.3091 48 
28 39 47.661 29 38.4844 48 29 39 47.7444 
30 38.5426 48 30 39 47.7726 31 38.4844 48 
31 39 47.7444 32 38.3091 48 32 39 47.661 
33 38.0118 48 33 39 47.5236 34 39 47.3299 
35 39 47.0672 28 40 47.1279 29 40 47.216 
30 40 47.2448 31 40 47.216 32 40 47.1279 
27 22 48.0059 28 22 48.1508 29 22 48.2336 
30 22 48.2606 31 22 48.2336 32 22 48.1508 
33 22 48.0059 26 23 48.2336 27 23 48.4186 
28 23 48.5474 29 23 48.6248 30 23 48.6508 
31 23 48.6248 32 23 48.5474 33 23 48.4186 
34 23 48.2336 24 24 48.0357 25 24 48.3403 
26 24 48.5731 27 24 48.7563 28 24 48.8937 
29 24 48.9801 29.6729 24 49 30 23.9742 49 
31 24 48.9801 30.3271 24 49 32 24 48.8937 
33 24 48.7563 34 24 48.5731 35 24 48.3403 
36 24 48.0357 24 25 48.3403 25 25 48.6247 
26 25 48.8656 26.6666 25 49 27 24.7863 49 
28 24.3339 49 29 24.0617 49 31 24.0617 49 
32 24.3339 49 33 24.7863 49 34 25 48.8656 
33.3334 25 49 35 25 48.6247 36 25 48.3403 
23 26 48.2336 24 26 48.5731 25 26 48.8656 
25.5182 26 49 26 25.5182 49 34 25.5182 49 
35 26 48.8656 34.4818 26 49 36 26 48.5731 
37 26 48.2336 22 27 48.0059 23 27 48.4186 
24 27 48.7563 24.7863 27 49 25 26.6666 49 
35 26.6666 49 36 27 48.7563 35.2137 27 49 
37 27 48.4186 38 27 48.0059 22 28 48.1508 
23 28 48.5474 24 28 48.8937 24.3339 28 49 
36 28 48.8937 35.6661 28 49 37 28 48.5474 
38 28 48.1508 22 29 48.2336 23 29 48.6248 
24 29 48.9801 24.0617 29 49 36 29 48.9801 
35.9383 29 49 37 29 48.6248 38 29 48.2336 
22 30 48.2606 23 30 48.6508 23.9742 30 49 
24 29.6729 49 36 29.6729 49 37 30 48.6508 
36.0258 30 49 38 30 48.2606 22 31 48.2336 
23 31 48.6248 24 30.3271 49 24 31 48.9801 
24.0617 31 49 36 31 48.9801 35.9383 31 49 
36 30.3271 49 37 31 48.6248 38 31 48.2336 
22 32 48.1508 23 32 48.5474 24 32 48.8937 
24.3339 32 49 36 32 48.8937 35.6661 32 49 
37 32 48.5474 38 32 48.1508 22 33 48.0059 
23 33 48.4186 24 33 48.7563 24.7863 33 49 
36 33 48.7563 35.2137 33 49 37 33 48.4186 
38 33 48.0059 23 34 48.2336 24 34 48.5731 
25 33.3334 49 25 34 48.8656 25.5182 34 49 
35 34 48.8656 34.4818 34 49 35 33.3334 49 
36 34 48.5731 37 34 48.2336 24 35 48.3403 
25 35 48.6247 26 34.4818 49 26 35 48.8656 
26.6666 35 49 34 35 48.8656 33.3334 35 49 
34 34.4818 49 35 35 48.6247 36 35 48.3403 
24 36 48.0357 25 36 48.3403 26 36 48.5731 
27 35.2137 49 27 36 48.7563 28 35.6661 49 
28 36 48.8937 29 35.9383 49 29 36 48.9801 
29.6729 36 49 31 36 48.9801 30.3271 36 49 
31 35.9383 49 32 35.6661 49 32 36 48.8937 
33 35.2137 49 33 36 48.7563 34 36 48.5731 
35 36 48.3403 36 36 48.0357 26 37 48.2336 
27 37 48.4186 28 37 48.5474 29 37 48.6248 
30 36.0258 49 30 37 48.6508 31 37 48.6248 
32 37 48.5474 33 37 48.4186 34 37 48.2336 
27 38 48.0059 28 38 48.1508 29 38 48.2336 
30 38 48.2606 31 38 48.2336 32 38 48.1508 
33 38 48.0059 30 24 49.0096 27 25 49.0673 
28 25 49.2037 29 25 49.2806 30 25 49.3054 
31 25 49.2806 32 25 49.2037 33 25 49.0673 
26 26 49.1232 27 26 49.3054 28 26 49.4248 
29 26 49.4933 30 26 49.5158 31 26 49.4933 
32 26 49.4248 33 26 49.3054 34 26 49.1232 
25 27 49.0673 26 27 49.3054 27 27 49.4707 
28 27 49.5834 29 27 49.6515 30 27 49.6747 
31 27 49.6515 32 27 49.5834 33 27 49.4707 
34 27 49.3054 35 27 49.0673 25 28 49.2037 
26 28 49.4248 27 28 49.5834 28 28 49.6983 
29 28 49.7719 30 28 49.7978 31 28 49.7719 
32 28 49.6983 33 28 49.5834 34 28 49.4248 
35 28 49.2037 25 29 49.2806 26 29 49.4933 
27 29 49.6515 28 29 49.7719 29 29 49.8518 
30 29 49.8802 31 29 49.8518 32 29 49.7719 
33 29 49.6515 34 29 49.4933 35 29 49.2806 
24 30 49.0096 25 30 49.3054 26 30 49.5158 
27 30 49.6747 28 30 49.7978 29 30 49.8802 
30 30 49.9096 31 30 49.8802 32 30 49.7978 
33 30 49.6747 34 30 49.5158 35 30 49.3054 
36 30 49.0096 25 31 49.2806 26 31 49.4933 
27 31 49.6515 28 31 49.7719 29 31 49.8518 
30 31 49.8802 31 31 49.8518 32 31 49.7719 
33 31 49.6515 34 31 49.4933 35 31 49.2806 
25 32 49.2037 26 32 49.4248 27 32 49.5834 
28 32 49.6983 29 32 49.7719 30 32 49.7978 
31 32 49.7719 32 32 49.6983 33 32 49.5834 
34 32 49.4248 35 32 49.2037 25 33 49.0673 
26 33 49.3054 27 33 49.4707 28 33 49.5834 
29 33 49.6515 30 33 49.6747 31 33 49.6515 
32 33 49.5834 33 33 49.4707 34 33 49.3054 
35 33 49.0673 26 34 49.1232 27 34 49.3054 
28 34 49.4248 29 34 49.4933 30 34 49.5158 
31 34 49.4933 32 34 49.4248 33 34 49.3054 
34 34 49.1232 27 35 49.0673 28 35 49.2037 
29 35 49.2806 30 35 49.3054 31 35 49.2806 
32 35 49.2037 33 35 49.0673 30 36 49.0096 

POLYGONS 14937 44808
OFFSETS vtktypeint64
0 3 6 9 12 15 18 21 24 
27 30 33 36 39 42 45 48 51 
54 57 60 63 66 69 72 75 78 
81 84 87 90 93 96 99 102 105 
108 111 114 117 120 123 126 129 132 
135 138 141 144 147 150 153 156 159 
162 165 168 171 174 177 180 183 186 
189 192 195 198 201 204 207 210 213 
216 219 222 225 228 231 234 237 240 
243 246 249 252 255 258 261 264 267 
270 273 276 279 282 285 288 291 294 
297 300 303 306 309 312 315 318 321 
324 327 330 333 336 339 342 345 348 
351 354 357 360 363 366 369 372 375 
378 381 384 387 390 393 396 399 402 
405 408 411 414 417 420 423 426 429 
432 435 438 441 444 447 450 453 456 
459 462 465 468 471 474 477 480 483 
486 489 492 495 498 501 504 507 510 
513 516 519 522 525 528 531 534 537 
540 543 546 549 552 555 558 561 564 
567 570 573 576 579 582 585 588 591 
594 597 600 603 606 609 612 615 618 
621 624 627 630 633 636 639 642 645 
648 651 654 657 660 663 666 669 672 
675 678 681 684 687 690 693 696 699 
702 705 708 711 714 717 720 723 726 
729 732 735 738 741 744 747 750 753 
756 759 762 765 768 771 774 777 780 
783 786 789 792 795 798 801 804 807 
810 813 816 819 822 825 828 831 834 
837 840 843 846 849 852 855 858 861 
864 867 870 873 876 879 882 885 888 
891 894 897 900 903 906 909 912 915 
918 921 924 927 930 933 936 939 942 
945 948 951 954 957 960 963 966 969 
972 975 978 981 984 987 990 993 996 
999 1002 1005 1008 1011 1014 1017 1020 1023 
1026 1029 1032 1035 1038 1041 1044 1047 1050 
1053 1056 1059 1062 1065 1068 1071 1074 1077 
1080 1083 1086 1089 1092 1095 1098 1101 1104 
1107 1110 1113 1116 1119 1122 1125 1128 1131 
1134 1137 1140 1143 1146 1149 1152 1155 1158 
1161 1164 1167 1170 1173 1176 1179 1182 1185 
1188 1191 1194 1197 1200 1203 1206 1209 1212 
1215 1218 1221 1224 1227 1230 1233 1236 1239 
1242 1245 1248 1251 1254 1257 1260 1263 1266 
1269 1272 1275 1278 1281 1284 1287 1290 1293 
1296 1299 1302 1305 1308 1311 1314 1317 1320 
1323 1326 1329 1332 1335 1338 1341 1344 1347 
1350 1353 1356 1359 1362 1365 1368 1371 1374 
1377 1380 1383 1386 1389 1392 1395 1398 1401 
1404 1407 1410 1413 1416 1419 1422 1425 1428 
1431 1434 1437 1440 1443 1446 1449 1452 1455 
1458 1461 1464 1467 1470 1473 1476 1479 1482 
1485 1488 1491 1494 1497 1500 1503 1506 1509 
1512 1515 1518 1521 1524 1527 1530 1533 1536 
1539 1542 1545 1548 1551 1554 1557 1560 1563 
1566 1569 1572 1575 1578 1581 1584 1587 1590 
1593 1596 1599 1602 1605 1608 1611 1614 1617 
1620 1623 1626 1629 1632 1635 1638 1641 1644 
1647 1650 1653 1656 1659 1662 1665 1668 1671 
1674 1677 1680 1683 1686 1689 1692 1695 1698 
1701 1704 1707 1710 1713 1716 1719 1722 1725 
1728 1731 1734 1737 1740 1743 1746 1749 1752 
1755 1758 1761 1764 1767 1770 1773 1776 1779 
1782 1785 1788 1791 1794 1797 1800 1803 1806 
1809 1812 1815 1818 1821 1824 1827 1830 1833 
1836 1839 1842 1845 1848 1851 1854 1857 1860 
1863 1866 1869 1872 1875 1878 1881 1884 1887 
1890 1893 1896 1899 1902 1905 1908 1911 1914 
1917 1920 1923 1926 1929 1932 1935 1938 1941 
1944 1947 1950 1953 1956 1959 1962 1965 1968 
1971 1974 1977 1980 1983 1986 1989 1992 1995 
1998 2001 2004 2007 2010 2013 2016 2019 2022 
2025 2028 2031 2034 2037 2040 2043 2046 2049 
2052 2055 2058 2061 2064 2067 2070 2073 2076 
2079 2082 2085 2088 2091 2094 2097 2100 2103 
2106 2109 2112 2115 2118 2121 2124 2127 2130 
2133 2136 2139 2142 2145 2148 2151 2154 2157 
2160 2163 2166 2169 2172 2175 2178 2181 2184 
2187 2190 2193 2196 2199 2202 2205 2208 2211 
2214 2217 2220 2223 2226 2229 2232 2235 2238 
2241 2244 2247 2250 2253 2256 2259 2262 2265 
2268 2271 2274 2277 2280 2283 2286 2289 2292 
2295 2298 2301 2304 2307 2310 2313 2316 2319 
2322 2325 2328 2331 2334 2337 2340 2343 2346 
2349 2352 2355 2358 2361 2364 2367 2370 2373 
2376 2379 2382 2385 2388 2391 2394 2397 2400 
2403 2406 2409 2412 2415 2418 2421 2424 2427 
2430 2433 2436 2439 2442 2445 2448 2451 2454 
2457 2460 2463 2466 2469 2472 2475 2478 2481 
2484 2487 2490 2493 2496 2499 2502 2505 2508 
2511 2514 2517 2520 2523 2526 2529 2532 2535 
2538 2541 2544 2547 2550 2553 2556 2559 2562 
2565 2568 2571 2574 2577 2580 2583 2586 2589 
2592 2595 2598 2601 2604 2607 2610 2613 2616 
2619 2622 2625 2628 2631 2634 2637 2640 2643 
2646 2649 2652 2655 2658 2661 2664 2667 2670 
2673 2676 2679 2682 2685 2688 2691 2694 2697 
2700 2703 2706 2709 2712 2715 2718 2721 2724 
2727 2730 2733 2736 2739 2742 2745 2748 2751 
2754 2757 2760 2763 2766 2769 2772 2775 2778 
2781 2784 2787 2790 2793 2796 2799 2802 2805 
2808 2811 2814 2817 2820 2823 2826 2829 2832 
2835 2838 2841 2844 2847 2850 2853 2856 2859 
2862 2865 2868 2871 2874 2877 2880 2883 2886 
2889 2892 2895 2898 2901 2904 2907 2910 2913 
2916 2919 2922 2925 2928 2931 2934 2937 2940 
2943 2946 2949 2952 2955 2958 2961 2964 2967 
2970 2973 2976 2979 2982 2985 2988 2991 2994 
2997 3000 3003 3006 3009 3012 3015 3018 3021 
3024 3027 3030 3033 3036 3039 3042 3045 3048 
3051 3054 3057 3060 3063 3066 3069 3072 3075 
3078 3081 3084 3087 3090 3093 3096 3099 3102 
3105 3108 3111 3114 3117 3120 3123 3126 3129 
3132 3135 3138 3141 3144 3147 3150 3153 3156 
3159 3162 3165 3168 3171 3174 3177 3180 3183 
3186 3189 3192 3195 3198 3201 3204 3207 3210 
3213 3216 3219 3222 3225 3228 3231 3234 3237 
3240 3243 3246 3249 3252 3255 3258 3261 3264 
3267 3270 3273 3276 3279 3282 3285 3288 3291 
3294 3297 3300 3303 3306 3309 3312 3315 3318 
3321 3324 3327 3330 3333 3336 3339 3342 3345 
3348 3351 3354 3357 3360 3363 3366 3369 3372 
3375 3378 3381 3384 3387 3390 3393 3396 3399 
3402 3405 3408 3411 3414 3417 3420 3423 3426 
3429 3432 3435 3438 3441 3444 3447 3450 3453 
3456 3459 3462 3465 3468 3471 3474 3477 3480 
3483 3486 3489 3492 3495 3498 3501 3504 3507 
3510 3513 3516 3519 3522 3525 3528 3531 3534 
3537 3540 3543 3546 3549 3552 3555 3558 3561 
3564 3567 3570 3573 3576 3579 3582 3585 3588 
3591 3594 3597 3600 3603 3606 3609 3612 3615 
3618 3621 3624 3627 3630 3633 3636 3639 3642 
3645 3648 3651 3654 3657 3660 3663 3666 3669 
3672 3675 3678 3681 3684 3687 3690 3693 3696 
3699 3702 3705 3708 3711 3714 3717 3720 3723 
3726 3729 3732 3735 3738 3741 3744 3747 3750 
3753 3756 3759 3762 3765 3768 3771 3774 3777 
3780 3783 3786 3789 3792 3795 3798 3801 3804 
3807 3810 3813 3816 3819 3822 3825 3828 3831 
3834 3837 3840 3843 3846 3849 3852 3855 3858 
3861 3864 3867 3870 3873 3876 3879 3882 3885 
3888 3891 3894 3897 3900 3903 3906 3909 3912 
3915 3918 3921 3924 3927 3930 3933 3936 3939 
3942 3945 3948 3951 3954 3957 3960 3963 3966 
3969 3972 3975 3978 3981 3984 3987 3990 3993 
3996 3999 4002 4005 4008 4011 4014 4017 4020 
4023 4026 4029 4032 4035 4038 4041 4044 4047 
4050 4053 4056 4059 4062 4065 4068 4071 4074 
4077 4080 4083 4086 4089 4092 4095 4098 4101 
4104 4107 4110 4113 4116 4119 4122 4125 4128 
4131 4134 4137 4140 4143 4146 4149 4152 4155 
4158 4161 4164 4167 4170 4173 4176 4179 4182 
4185 4188 4191 4194 4197 4200 4203 4206 4209 
4212 4215 4218 4221 4224 4227 4230 4233 4236 
4239 4242 4245 4248 4251 4254 4257 4260 4263 
4266 4269 4272 4275 4278 4281 4284 4287 4290 
4293 4296 4299 4302 4305 4308 4311 4314 4317 
4320 4323 4326 4329 4332 4335 4338 4341 4344 
4347 4350 4353 4356 4359 4362 4365 4368 4371 
4374 4377 4380 4383 4386 4389 4392 4395 4398 
4401 4404 4407 4410 4413 4416 4419 4422 4425 
4428 4431 4434 4437 4440 4443 4446 4449 4452 
4455 4458 4461 4464 4467 4470 4473 4476 4479 
4482 4485 4488 4491 4494 4497 4500 4503 4506 
4509 4512 4515 4518 4521 4524 4527 4530 4533 
4536 4539 4542 4545 4548 4551 4554 4557 4560 
4563 4566 4569 4572 4575 4578 4581 4584 4587 
4590 4593 4596 4599 4602 4605 4608 4611 4614 
4617 4620 4623 4626 4629 4632 4635 4638 4641 
4644 4647 4650 4653 4656 4659 4662 4665 4668 
4671 4674 4677 4680 4683 4686 4689 4692 4695 
4698 4701 4704 4707 4710 4713 4716 4719 4722 
4725 4728 4731 4734 4737 4740 4743 4746 4749 
4752 4755 4758 4761 4764 4767 4770 4773 4776 
4779 4782 4785 4788 4791 4794 4797 4800 4803 
4806 4809 4812 4815 4818 4821 4824 4827 4830 
4833 4836 4839 4842 4845 4848 4851 4854 4857 
4860 4863 4866 4869 4872 4875 4878 4881 4884 
4887 4890 4893 4896 4899 4902 4905 4908 4911 
4914 4917 4920 4923 4926 4929 4932 4935 4938 
4941 4944 4947 4950 4953 4956 4959 4962 4965 
4968 4971 4974 4977 4980 4983 4986 4989 4992 
4995 4998 5001 5004 5007 5010 5013 5016 5019 
5022 5025 5028 5031 5034 5037 5040 5043 5046 
5049 5052 5055 5058 5061 5064 5067 5070 5073 
5076 5079 5082 5085 5088 5091 5094 5097 5100 
5103 5106 5109 5112 5115 5118 5121 5124 5127 
5130 5133 5136 5139 5142 5145 5148 5151 5154 
5157 5160 5163 5166 5169 5172 5175 5178 5181 
5184 5187 5190 5193 5196 5199 5202 5205 5208 
5211 5214 5217 5220 5223 5226 5229 5232 5235 
5238 5241 5244 5247 5250 5253 5256 5259 5262 
5265 5268 5271 5274 5277 5280 5283 5286 5289 
5292 5295 5298 5301 5304 5307 5310 5313 5316 
5319 5322 5325 5328 5331 5334 5337 5340 5343 
5346 5349 5352 5355 5358 5361 5364 5367 5370 
5373 5376 5379 5382 5385 5388 5391 5394 5397 
5400 5403 5406 5409 5412 5415 5418 5421 5424 
5427 5430 5433 5436 5439 5442 5445 5448 5451 
5454 5457 5460 5463 5466 5469 5472 5475 5478 
5481 5484 5487 5490 5493 5496 5499 5502 5505 
5508 5511 5514 5517 5520 5523 5526 5529 5532 
5535 5538 5541 5544 5547 5550 5553 5556 5559 
5562 5565 5568 5571 5574 5577 5580 5583 5586 
5589 5592 5595 5598 5601 5604 5607 5610 5613 
5616 5619 5622 5625 5628 5631 5634 5637 5640 
5643 5646 5649 5652 5655 5658 5661 5664 5667 
5670 5673 5676 5679 5682 5685 5688 5691 5694 
5697 5700 5703 5706 5709 5712 5715 5718 5721 
5724 5727 5730 5733 5736 5739 5742 5745 5748 
5751 5754 5757 5760 5763 5766 5769 5772 5775 
5778 5781 5784 5787 5790 5793 5796 5799 5802 
5805 5808 5811 5814 5817 5820 5823 5826 5829 
5832 5835 5838 5841 5844 5847 5850 5853 5856 
5859 5862 5865 5868 5871 5874 5877 5880 5883 
5886 5889 5892 5895 5898 5901 5904 5907 5910 
5913 5916 5919 5922 5925 5928 5931 5934 5937 
5940 5943 5946 5949 5952 5955 5958 5961 5964 
5967 5970 5973 5976 5979 5982 5985 5988 5991 
5994 5997 6000 6003 6006 6009 6012 6015 6018 
6021 6024 6027 6030 6033 6036 6039 6042 6045 
6048 6051 6054 6057 6060 6063 6066 6069 6072 
6075 6078 6081 6084 6087 6090 6093 6096 6099 
6102 6105 6108 6111 6114 6117 6120 6123 6126 
6129 6132 6135 6138 6141 6144 6147 6150 6153 
6156 6159 6162 6165 6168 6171 6174 6177 6180 
6183 6186 6189 6192 6195 6198 6201 6204 6207 
6210 6213 6216 6219 6222 6225 6228 6231 6234 
6237 6240 6243 6246 6249 6252 6255 6258 6261 
6264 6267 6270 6273 6276 6279 6282 6285 6288 
6291 6294 6297 6300 6303 6306 6309 6312 6315 
6318 6321 6324 6327 6330 6333 6336 6339 6342 
6345 6348 6351 6354 6357 6360 6363 6366 6369 
6372 6375 6378 6381 6384 6387 6390 6393 6396 
6399 6402 6405 6408 6411 6414 6417 6420 6423 
6426 6429 6432 6435 6438 6441 6444 6447 6450 
6453 6456 6459 6462 6465 6468 6471 6474 6477 
6480 6483 6486 6489 6492 6495 6498 6501 6504 
6507 6510 6513 6516 6519 6522 6525 6528 6531 
6534 6537 6540 6543 6546 6549 6552 6555 6558 
6561 6564 6567 6570 6573 6576 6579 6582 6585 
6588 6591 6594 6597 6600 6603 6606 6609 6612 
6615 6618 6621 6624 6627 6630 6633 6636 6639 
6642 6645 6648 6651 6654 6657 6660 6663 6666 
6669 6672 6675 6678 6681 6684 6687 6690 6693 
6696 6699 6702 6705 6708 6711 6714 6717 6720 
6723 6726 6729 6732 6735 6738 6741 6744 6747 
6750 6753 6756 6759 6762 6765 6768 6771 6774 
6777 6780 6783 6786 6789 6792 6795 6798 6801 
6804 6807 6810 6813 6816 6819 6822 6825 6828 
6831 6834 6837 6840 6843 6846 6849 6852 6855 
6858 6861 6864 6867 6870 6873 6876 6879 6882 
6885 6888 6891 6894 6897 6900 6903 6906 6909 
6912 6915 6918 6921 6924 6927 6930 6933 6936 
6939 6942 6945 6948 6951 6954 6957 6960 6963 
6966 6969 6972 6975 6978 6981 6984 6987 6990 
6993 6996 6999 7002 7005 7008 7011 7014 7017 
7020 7023 7026 7029 7032 7035 7038 7041 7044 
7047 7050 7053 7056 7059 7062 7065 7068 7071 
7074 7077 7080 7083 7086 7089 7092 7095 7098 
7101 7104 7107 7110 7113 7116 7119 7122 7125 
7128 7131 7134 7137 7140 7143 7146 7149 7152 
7155 7158 7161 7164 7167 7170 7173 7176 7179 
7182 7185 7188 7191 7194 7197 7200 7203 7206 
7209 7212 7215 7218 7221 7224 7227 7230 7233 
7236 7239 7242 7245 7248 7251 7254 7257 7260 
7263 7266 7269 7272 7275 7278 7281 7284 7287 
7290 7293 7296 7299 7302 7305 7308 7311 7314 
7317 7320 7323 7326 7329 7332 7335 7338 7341 
7344 7347 7350 7353 7356 7359 7362 7365 7368 
7371 7374 7377 7380 7383 7386 7389 7392 7395 
7398 7401 7404 7407 7410 7413 7416 7419 7422 
7425 7428 7431 7434 7437 7440 7443 7446 7449 
7452 7455 7458 7461 7464 7467 7470 7473 7476 
7479 7482 7485 7488 7491 7494 7497 7500 7503 
7506 7509 7512 7515 7518 7521 7524 7527 7530 
7533 7536 7539 7542 7545 7548 7551 7554 7557 
7560 7563 7566 7569 7572 7575 7578 7581 7584 
7587 7590 7593 7596 7599 7602 7605 7608 7611 
7614 7617 7620 7623 7626 7629 7632 7635 7638 
7641 7644 7647 7650 7653 7656 7659 7662 7665 
7668 7671 7674 7677 7680 7683 7686 7689 7692 
7695 7698 7701 7704 7707 7710 7713 7716 7719 
7722 7725 7728 7731 7734 7737 7740 7743 7746 
7749 7752 7755 7758 7761 7764 7767 7770 7773 
7776 7779 7782 7785 7788 7791 7794 7797 7800 
7803 7806 7809 7812 7815 7818 7821 7824 7827 
7830 7833 7836 7839 7842 7845 7848 7851 7854 
7857 7860 7863 7866 7869 7872 7875 7878 7881 
7884 7887 7890 7893 7896 7899 7902 7905 7908 
7911 7914 7917 7920 7923 7926 7929 7932 7935 
7938 7941 7944 7947 7950 7953 7956 7959 7962 
7965 7968 7971 7974 7977 7980 7983 7986 7989 
7992 7995 7998 8001 8004 8007 8010 8013 8016 
8019 8022 8025 8028 8031 8034 8037 8040 8043 
8046 8049 8052 8055 8058 8061 8064 8067 8070 
8073 8076 8079 8082 8085 8088 8091 8094 8097 
8100 8103 8106 8109 8112 8115 8118 8121 8124 
8127 8130 8133 8136 8139 8142 8145 8148 8151 
8154 8157 8160 8163 8166 8169 8172 8175 8178 
8181 8184 8187 8190 8193 8196 8199 8202 8205 
8208 8211 8214 8217 8220 8223 8226 8229 8232 
8235 8238 8241 8244 8247 8250 8253 8256 8259 
8262 8265 8268 8271 8274 8277 8280 8283 8286 
8289 8292 8295 8298 8301 8304 8307 8310 8313 
8316 8319 8322 8325 8328 8331 8334 8337 8340 
8343 8346 8349 8352 8355 8358 8361 8364 8367 
8370 8373 8376 8379 8382 8385 8388 8391 8394 
8397 8400 8403 8406 8409 8412 8415 8418 8421 
8424 8427 8430 8433 8436 8439 8442 8445 8448 
8451 8454 8457 8460 8463 8466 8469 8472 8475 
8478 8481 8484 8487 8490 8493 8496 8499 8502 
8505 8508 8511 8514 8517 8520 8523 8526 8529 
8532 8535 8538 8541 8544 8547 8550 8553 8556 
8559 8562 8565 8568 8571 8574 8577 8580 8583 
8586 8589 8592 8595 8598 8601 8604 8607 8610 
8613 8616 8619 8622 8625 8628 8631 8634 8637 
8640 8643 8646 8649 8652 8655 8658 8661 8664 
8667 8670 8673 8676 8679 8682 8685 8688 8691 
8694 8697 8700 8703 8706 8709 8712 8715 8718 
8721 8724 8727 8730 8733 8736 8739 8742 8745 
8748 8751 8754 8757 8760 8763 8766 8769 8772 
8775 8778 8781 8784 8787 8790 8793 8796 8799 
8802 8805 8808 8811 8814 8817 8820 8823 8826 
8829 8832 8835 8838 8841 8844 8847 8850 8853 
8856 8859 8862 8865 8868 8871 8874 8877 8880 
8883 8886 8889 8892 8895 8898 8901 8904 8907 
8910 8913 8916 8919 8922 8925 8928 8931 8934 
8937 8940 8943 8946 8949 8952 8955 8958 8961 
8964 8967 8970 8973 8976 8979 8982 8985 8988 
8991 8994 8997 9000 9003 9006 9009 9012 9015 
9018 9021 9024 9027 9030 9033 9036 9039 9042 
9045 9048 9051 9054 9057 9060 9063 9066 9069 
9072 9075 9078 9081 9084 9087 9090 9093 9096 
9099 9102 9105 9108 9111 9114 9117 9120 9123 
9126 9129 9132 9135 9138 9141 9144 9147 9150 
9153 9156 9159 9162 9165 9168 9171 9174 9177 
9180 9183 9186 9189 9192 9195 9198 9201 9204 
9207 9210 9213 9216 9219 9222 9225 9228 9231 
9234 9237 9240 9243 9246 9249 9252 9255 9258 
9261 9264 9267 9270 9273 9276 9279 9282 9285 
9288 9291 9294 9297 9300 9303 9306 9309 9312 
9315 9318 9321 9324 9327 9330 9333 9336 9339 
9342 9345 9348 9351 9354 9357 9360 9363 9366 
9369 9372 9375 9378 9381 9384 9387 9390 9393 
9396 9399 9402 9405 9408 9411 9414 9417 9420 
9423 9426 9429 9432 9435 9438 9441 9444 9447 
9450 9453 9456 9459 9462 9465 9468 9471 9474 
9477 9480 9483 9486 9489 9492 9495 9498 9501 
9504 9507 9510 9513 9516 9519 9522 9525 9528 
9531 9534 9537 9540 9543 9546 9549 9552 9555 
9558 9561 9564 9567 9570 9573 9576 9579 9582 
9585 9588 9591 9594 9597 9600 9603 9606 9609 
9612 9615 9618 9621 9624 9627 9630 9633 9636 
9639 9642 9645 9648 9651 9654 9657 9660 9663 
9666 9669 9672 9675 9678 9681 9684 9687 9690 
9693 9696 9699 9702 9705 9708 9711 9714 9717 
9720 9723 9726 9729 9732 9735 9738 9741 9744 
9747 9750 9753 9756 9759 9762 9765 9768 9771 
9774 9777 9780 9783 9786 9789 9792 9795 9798 
9801 9804 9807 9810 9813 9816 9819 9822 9825 
9828 9831 9834 9837 9840 9843 9846 9849 9852 
9855 9858 9861 9864 9867 9870 9873 9876 9879 
9882 9885 9888 9891 9894 9897 9900 9903 9906 
9909 9912 9915 9918 9921 9924 9927 9930 9933 
9936 9939 9942 9945 9948 9951 9954 9957 9960 
9963 9966 9969 9972 9975 9978 9981 9984 9987 
9990 9993 9996 9999 10002 10005 10008 10011 10014 
10017 10020 10023 10026 10029 10032 10035 10038 10041 
10044 10047 10050 10053 10056 10059 10062 10065 10068 
10071 10074 10077 10080 10083 10086 10089 10092 10095 
10098 10101 10104 10107 10110 10113 10116 10119 10122 
10125 10128 10131 10134 10137 10140 10143 10146 10149 
10152 10155 10158 10161 10164 10167 10170 10173 10176 
10179 10182 10185 10188 10191 10194 10197 10200 10203 
10206 10209 10212 10215 10218 10221 10224 10227 10230 
10233 10236 10239 10242 10245 10248 10251 10254 10257 
10260 10263 10266 10269 10272 10275 10278 10281 10284 
10287 10290 10293 10296 10299 10302 10305 10308 10311 
10314 10317 10320 10323 10326 10329 10332 10335 10338 
10341 10344 10347 10350 10353 10356 10359 10362 10365 
10368 10371 10374 10377 10380 10383 10386 10389 10392 
10395 10398 10401 10404 10407 10410 10413 10416 10419 
10422 10425 10428 10431 10434 10437 10440 10443 10446 
10449 10452 10455 10458 10461 10464 10467 10470 10473 
10476 10479 10482 10485 10488 10491 10494 10497 10500 
10503 10506 10509 10512 10515 10518 10521 10524 10527 
10530 10533 10536 10539 10542 10545 10548 10551 10554 
10557 10560 10563 10566 10569 10572 10575 10578 10581 
10584 10587 10590 10593 10596 10599 10602 10605 10608 
10611 10614 10617 10620 10623 10626 10629 10632 10635 
10638 10641 10644 10647 10650 10653 10656 10659 10662 
10665 10668 10671 10674 10677 10680 10683 10686 10689 
10692 10695 10698 10701 10704 10707 10710 10713 10716 
10719 10722 10725 10728 10731 10734 10737 10740 10743 
10746 10749 10752 10755 10758 10761 10764 10767 10770 
10773 10776 10779 10782 10785 10788 10791 10794 10797 
10800 10803 10806 10809 10812 10815 10818 10821 10824 
10827 10830 10833 10836 10839 10842 10845 10848 10851 
10854 10857 10860 10863 10866 10869 10872 10875 10878 
10881 10884 10887 10890 10893 10896 10899 10902 10905 
10908 10911 10914 10917 10920 10923 10926 10929 10932 
10935 10938 10941 10944 10947 10950 10953 10956 10959 
10962 10965 10968 10971 10974 10977 10980 10983 10986 
10989 10992 10995 10998 11001 11004 11007 11010 11013 
11016 11019 11022 11025 11028 11031 11034 11037 11040 
11043 11046 11049 11052 11055 11058 11061 11064 11067 
11070 11073 11076 11079 11082 11085 11088 11091 11094 
11097 11100 11103 11106 11109 11112 11115 11118 11121 
11124 11127 11130 11133 11136 11139 11142 11145 11148 
11151 11154 11157 11160 11163 11166 11169 11172 11175 
11178 11181 11184 11187 11190 11193 11196 11199 11202 
11205 11208 11211 11214 11217 11220 11223 11226 11229 
11232 11235 11238 11241 11244 11247 11250 11253 11256 
11259 11262 11265 11268 11271 11274 11277 11280 11283 
11286 11289 11292 11295 11298 11301 11304 11307 11310 
11313 11316 11319 11322 11325 11328 11331 11334 11337 
11340 11343 11346 11349 11352 11355 11358 11361 11364 
11367 11370 11373 11376 11379 11382 11385 11388 11391 
11394 11397 11400 11403 11406 11409 11412 11415 11418 
11421 11424 11427 11430 11433 11436 11439 11442 11445 
11448 11451 11454 11457 11460 11463 11466 11469 11472 
11475 11478 11481 11484 11487 11490 11493 11496 11499 
11502 11505 11508 11511 11514 11517 11520 11523 11526 
11529 11532 11535 11538 11541 11544 11547 11550 11553 
11556 11559 11562 11565 11568 11571 11574 11577 11580 
11583 11586 11589 11592 11595 11598 11601 11604 11607 
11610 11613 11616 11619 11622 11625 11628 11631 11634 
11637 11640 11643 11646 11649 11652 11655 11658 11661 
11664 11667 11670 11673 11676 11679 11682 11685 11688 
11691 11694 11697 11700 11703 11706 11709 11712 11715 
11718 11721 11724 11727 11730 11733 11736 11739 11742 
11745 11748 11751 11754 11757 11760 11763 11766 11769 
11772 11775 11778 11781 11784 11787 11790 11793 11796 
11799 11802 11805 11808 11811 11814 11817 11820 11823 
11826 11829 11832 11835 11838 11841 11844 11847 11850 
11853 11856 11859 11862 11865 11868 11871 11874 11877 
11880 11883 11886 11889 11892 11895 11898 11901 11904 
11907 11910 11913 11916 11919 11922 11925 11928 11931 
11934 11937 11940 11943 11946 11949 11952 11955 11958 
11961 11964 11967 11970 11973 11976 11979 11982 11985 
11988 11991 11994 11997 12000 12003 12006 12009 12012 
12015 12018 12021 12024 12027 12030 12033 12036 12039 
12042 12045 12048 12051 12054 12057 12060 12063 12066 
12069 12072 12075 12078 12081 12084 12087 12090 12093 
12096 12099 12102 12105 12108 12111 12114 12117 12120 
12123 12126 12129 12132 12135 12138 12141 12144 12147 
12150 12153 12156 12159 12162 12165 12168 12171 12174 
12177 12180 12183 12186 12189 12192 12195 12198 12201 
12204 12207 12210 12213 12216 12219 12222 12225 12228 
12231 12234 12237 12240 12243 12246 12249 12252 12255 
12258 12261 12264 12267 12270 12273 12276 12279 12282 
12285 12288 12291 12294 12297 12300 12303 12306 12309 
12312 12315 12318 12321 12324 12327 12330 12333 12336 
12339 12342 12345 12348 12351 12354 12357 12360 12363 
12366 12369 12372 12375 12378 12381 12384 12387 12390 
12393 12396 12399 12402 12405 12408 12411 12414 12417 
12420 12423 12426 12429 12432 12435 12438 12441 12444 
12447 12450 12453 12456 12459 12462 12465 12468 12471 
12474 12477 12480 12483 12486 12489 12492 12495 12498 
12501 12504 12507 12510 12513 12516 12519 12522 12525 
12528 12531 12534 12537 12540 12543 12546 12549 12552 
12555 12558 12561 12564 12567 12570 12573 12576 12579 
12582 12585 12588 12591 12594 12597 12600 12603 12606 
12609 12612 12615 12618 12621 12624 12627 12630 12633 
12636 12639 12642 12645 12648 12651 12654 12657 12660 
12663 12666 12669 12672 12675 12678 12681 12684 12687 
12690 12693 12696 12699 12702 12705 12708 12711 12714 
12717 12720 12723 12726 12729 12732 12735 12738 12741 
12744 12747 12750 12753 12756 12759 12762 12765 12768 
12771 12774 12777 12780 12783 12786 12789 12792 12795 
12798 12801 12804 12807 12810 12813 12816 12819 12822 
12825 12828 12831 12834 12837 12840 12843 12846 12849 
12852 12855 12858 12861 12864 12867 12870 12873 12876 
12879 12882 12885 12888 12891 12894 12897 12900 12903 
12906 12909 12912 12915 12918 12921 12924 12927 12930 
12933 12936 12939 12942 12945 12948 12951 12954 12957 
12960 12963 12966 12969 12972 12975 12978 12981 12984 
12987 12990 12993 12996 12999 13002 13005 13008 13011 
13014 13017 13020 13023 13026 13029 13032 13035 13038 
13041 13044 13047 13050 13053 13056 13059 13062 13065 
13068 13071 13074 13077 13080 13083 13086 13089 13092 
13095 13098 13101 13104 13107 13110 13113 13116 13119 
13122 13125 13128 13131 13134 13137 13140 13143 13146 
13149 13152 13155 13158 13161 13164 13167 13170 13173 
13176 13179 13182 13185 13188 13191 13194 13197 13200 
13203 13206 13209 13212 13215 13218 13221 13224 13227 
13230 13233 13236 13239 13242 13245 13248 13251 13254 
13257 13260 13263 13266 13269 13272 13275 13278 13281 
13284 13287 13290 13293 13296 13299 13302 13305 13308 
13311 13314 13317 13320 13323 13326 13329 13332 13335 
13338 13341 13344 13347 13350 13353 13356 13359 13362 
13365 13368 13371 13374 13377 13380 13383 13386 13389 
13392 13395 13398 13401 13404 13407 13410 13413 13416 
13419 13422 13425 13428 13431 13434 13437 13440 13443 
13446 13449 13452 13455 13458 13461 13464 13467 13470 
13473 13476 13479 13482 13485 13488 13491 13494 13497 
13500 13503 13506 13509 13512 13515 13518 13521 13524 
13527 13530 13533 13536 13539 13542 13545 13548 13551 
13554 13557 13560 13563 13566 13569 13572 13575 13578 
13581 13584 13587 13590 13593 13596 13599 13602 13605 
13608 13611 13614 13617 13620 13623 13626 13629 13632 
13635 13638 13641 13644 13647 13650 13653 13656 13659 
13662 13665 13668 13671 13674 13677 13680 13683 13686 
13689 13692 13695 13698 13701 13704 13707 13710 13713 
13716 13719 13722 13725 13728 13731 13734 13737 13740 
13743 13746 13749 13752 13755 13758 13761 13764 13767 
13770 13773 13776 13779 13782 13785 13788 13791 13794 
13797 13800 13803 13806 13809 13812 13815 13818 13821 
13824 13827 13830 13833 13836 13839 13842 13845 13848 
13851 13854 13857 13860 13863 13866 13869 13872 13875 
13878 13881 13884 13887 13890 13893 13896 13899 13902 
13905 13908 13911 13914 13917 13920 13923 13926 13929 
13932 13935 13938 13941 13944 13947 13950 13953 13956 
13959 13962 13965 13968 13971 13974 13977 13980 13983 
13986 13989 13992 13995 13998 14001 14004 14007 14010 
14013 14016 14019 14022 14025 14028 14031 14034 14037 
14040 14043 14046 14049 14052 14055 14058 14061 14064 
14067 14070 14073 14076 14079 14082 14085 14088 14091 
14094 14097 14100 14103 14106 14109 14112 14115 14118 
14121 14124 14127 14130 14133 14136 14139 14142 14145 
14148 14151 14154 14157 14160 14163 14166 14169 14172 
14175 14178 14181 14184 14187 14190 14193 14196 14199 
14202 14205 14208 14211 14214 14217 14220 14223 14226 
14229 14232 14235 14238 14241 14244 14247 14250 14253 
14256 14259 14262 14265 14268 14271 14274 14277 14280 
14283 14286 14289 14292 14295 14298 14301 14304 14307 
14310 14313 14316 14319 14322 14325 14328 14331 14334 
14337 14340 14343 14346 14349 14352 14355 14358 14361 
14364 14367 14370 14373 14376 14379 14382 14385 14388 
14391 14394 14397 14400 14403 14406 14409 14412 14415 
14418 14421 14424 14427 14430 14433 14436 14439 14442 
14445 14448 14451 14454 14457 14460 14463 14466 14469 
14472 14475 14478 14481 14484 14487 14490 14493 14496 
14499 14502 14505 14508 14511 14514 14517 14520 14523 
14526 14529 14532 14535 14538 14541 14544 14547 14550 
14553 14556 14559 14562 14565 14568 14571 14574 14577 
14580 14583 14586 14589 14592 14595 14598 14601 14604 
14607 14610 14613 14616 14619 14622 14625 14628 14631 
14634 14637 14640 14643 14646 14649 14652 14655 14658 
14661 14664 14667 14670 14673 14676 14679 14682 14685 
14688 14691 14694 14697 14700 14703 14706 14709 14712 
14715 14718 14721 14724 14727 14730 14733 14736 14739 
14742 14745 14748 14751 14754 14757 14760 14763 14766 
14769 14772 14775 14778 14781 14784 14787 14790 14793 
14796 14799 14802 14805 14808 14811 14814 14817 14820 
14823 14826 14829 14832 14835 14838 14841 14844 14847 
14850 14853 14856 14859 14862 14865 14868 14871 14874 
14877 14880 14883 14886 14889 14892 14895 14898 14901 
14904 14907 14910 14913 14916 14919 14922 14925 14928 
14931 14934 14937 14940 14943 14946 14949 14952 14955 
14958 14961 14964 14967 14970 14973 14976 14979 14982 
14985 14988 14991 14994 14997 15000 15003 15006 15009 
15012 15015 15018 15021 15024 15027 15030 15033 15036 
15039 15042 15045 15048 15051 15054 15057 15060 15063 
15066 15069 15072 15075 15078 15081 15084 15087 15090 
15093 15096 15099 15102 15105 15108 15111 15114 15117 
15120 15123 15126 15129 15132 15135 15138 15141 15144 
15147 15150 15153 15156 15159 15162 15165 15168 15171 
15174 15177 15180 15183 15186 15189 15192 15195 15198 
15201 15204 15207 15210 15213 15216 15219 15222 15225 
15228 15231 15234 15237 15240 15243 15246 15249 15252 
15255 15258 15261 15264 15267 15270 15273 15276 15279 
15282 15285 15288 15291 15294 15297 15300 15303 15306 
15309 15312 15315 15318 15321 15324 15327 15330 15333 
15336 15339 15342 15345 15348 15351 15354 15357 15360 
15363 15366 15369 15372 15375 15378 15381 15384 15387 
15390 15393 15396 15399 15402 15405 15408 15411 15414 
15417 15420 15423 15426 15429 15432 15435 15438 15441 
15444 15447 15450 15453 15456 15459 15462 15465 15468 
15471 15474 15477 15480 15483 15486 15489 15492 15495 
15498 15501 15504 15507 15510 15513 15516 15519 15522 
15525 15528 15531 15534 15537 15540 15543 15546 15549 
15552 15555 15558 15561 15564 15567 15570 15573 15576 
15579 15582 15585 15588 15591 15594 15597 15600 15603 
15606 15609 15612 15615 15618 15621 15624 15627 15630 
15633 15636 15639 15642 15645 15648 15651 15654 15657 
15660 15663 15666 15669 15672 15675 15678 15681 15684 
15687 15690 15693 15696 15699 15702 15705 15708 15711 
15714 15717 15720 15723 15726 15729 15732 15735 15738 
15741 15744 15747 15750 15753 15756 15759 15762 15765 
15768 15771 15774 15777 15780 15783 15786 15789 15792 
15795 15798 15801 15804 15807 15810 15813 15816 15819 
15822 15825 15828 15831 15834 15837 15840 15843 15846 
15849 15852 15855 15858 15861 15864 15867 15870 15873 
15876 15879 15882 15885 15888 15891 15894 15897 15900 
15903 15906 15909 15912 15915 15918 15921 15924 15927 
15930 15933 15936 15939 15942 15945 15948 15951 15954 
15957 15960 15963 15966 15969 15972 15975 15978 15981 
15984 15987 15990 15993 15996 15999 16002 16005 16008 
16011 16014 16017 16020 16023 16026 16029 16032 16035 
16038 16041 16044 16047 16050 16053 16056 16059 16062 
16065 16068 16071 16074 16077 16080 16083 16086 16089 
16092 16095 16098 16101 16104 16107 16110 16113 16116 
16119 16122 16125 16128 16131 16134 16137 16140 16143 
16146 16149 16152 16155 16158 16161 16164 16167 16170 
16173 16176 16179 16182 16185 16188 16191 16194 16197 
16200 16203 16206 16209 16212 16215 16218 16221 16224 
16227 16230 16233 16236 16239 16242 16245 16248 16251 
16254 16257 16260 16263 16266 16269 16272 16275 16278 
16281 16284 16287 16290 16293 16296 16299 16302 16305 
16308 16311 16314 16317 16320 16323 16326 16329 16332 
16335 16338 16341 16344 16347 16350 16353 16356 16359 
16362 16365 16368 16371 16374 16377 16380 16383 16386 
16389 16392 16395 16398 16401 16404 16407 16410 16413 
16416 16419 16422 16425 16428 16431 16434 16437 16440 
16443 16446 16449 16452 16455 16458 16461 16464 16467 
16470 16473 16476 16479 16482 16485 16488 16491 16494 
16497 16500 16503 16506 16509 16512 16515 16518 16521 
16524 16527 16530 16533 16536 16539 16542 16545 16548 
16551 16554 16557 16560 16563 16566 16569 16572 16575 
16578 16581 16584 16587 16590 16593 16596 16599 16602 
16605 16608 16611 16614 16617 16620 16623 16626 16629 
16632 16635 16638 16641 16644 16647 16650 16653 16656 
16659 16662 16665 16668 16671 16674 16677 16680 16683 
16686 16689 16692 16695 16698 16701 16704 16707 16710 
16713 16716 16719 16722 16725 16728 16731 16734 16737 
16740 16743 16746 16749 16752 16755 16758 16761 16764 
16767 16770 16773 16776 16779 16782 16785 16788 16791 
16794 16797 16800 16803 16806 16809 16812 16815 16818 
16821 16824 16827 16830 16833 16836 16839 16842 16845 
16848 16851 16854 16857 16860 16863 16866 16869 16872 
16875 16878 16881 16884 16887 16890 16893 16896 16899 
16902 16905 16908 16911 16914 16917 16920 16923 16926 
16929 16932 16935 16938 16941 16944 16947 16950 16953 
16956 16959 16962 16965 16968 16971 16974 16977 16980 
16983 16986 16989 16992 16995 16998 17001 17004 17007 
17010 17013 17016 17019 17022 17025 17028 17031 17034 
17037 17040 17043 17046 17049 17052 17055 17058 17061 
17064 17067 17070 17073 17076 17079 17082 17085 17088 
17091 17094 17097 17100 17103 17106 17109 17112 17115 
17118 17121 17124 17127 17130 17133 17136 17139 17142 
17145 17148 17151 17154 17157 17160 17163 17166 17169 
17172 17175 17178 17181 17184 17187 17190 17193 17196 
17199 17202 17205 17208 17211 17214 17217 17220 17223 
17226 17229 17232 17235 17238 17241 17244 17247 17250 
17253 17256 17259 17262 17265 17268 17271 17274 17277 
17280 17283 17286 17289 17292 17295 17298 17301 17304 
17307 17310 17313 17316 17319 17322 17325 17328 17331 
17334 17337 17340 17343 17346 17349 17352 17355 17358 
17361 17364 17367 17370 17373 17376 17379 17382 17385 
17388 17391 17394 17397 17400 17403 17406 17409 17412 
17415 17418 17421 17424 17427 17430 17433 17436 17439 
17442 17445 17448 17451 17454 17457 17460 17463 17466 
17469 17472 17475 17478 17481 17484 17487 17490 17493 
17496 17499 17502 17505 17508 17511 17514 17517 17520 
17523 17526 17529 17532 17535 17538 17541 17544 17547 
17550 17553 17556 17559 17562 17565 17568 17571 17574 
17577 17580 17583 17586 17589 17592 17595 17598 17601 
17604 17607 17610 17613 17616 17619 17622 17625 17628 
17631 17634 17637 17640 17643 17646 17649 17652 17655 
17658 17661 17664 17667 17670 17673 17676 17679 17682 
17685 17688 17691 17694 17697 17700 17703 17706 17709 
17712 17715 17718 17721 17724 17727 17730 17733 17736 
17739 17742 17745 17748 17751 17754 17757 17760 17763 
17766 17769 17772 17775 17778 17781 17784 17787 17790 
17793 17796 17799 17802 17805 17808 17811 17814 17817 
17820 17823 17826 17829 17832 17835 17838 17841 17844 
17847 17850 17853 17856 17859 17862 17865 17868 17871 
17874 17877 17880 17883 17886 17889 17892 17895 17898 
17901 17904 17907 17910 17913 17916 17919 17922 17925 
17928 17931 17934 17937 17940 17943 17946 17949 17952 
17955 17958 17961 17964 17967 17970 17973 17976 17979 
17982 17985 17988 17991 17994 17997 18000 18003 18006 
18009 18012 18015 18018 18021 18024 18027 18030 18033 
18036 18039 18042 18045 18048 18051 18054 18057 18060 
18063 18066 18069 18072 18075 18078 18081 18084 18087 
18090 18093 18096 18099 18102 18105 18108 18111 18114 
18117 18120 18123 18126 18129 18132 18135 18138 18141 
18144 18147 18150 18153 18156 18159 18162 18165 18168 
18171 18174 18177 18180 18183 18186 18189 18192 18195 
18198 18201 18204 18207 18210 18213 18216 18219 18222 
18225 18228 18231 18234 18237 18240 18243 18246 18249 
18252 18255 18258 18261 18264 18267 18270 18273 18276 
18279 18282 18285 18288 18291 18294 18297 18300 18303 
18306 18309 18312 18315 18318 18321 18324 18327 18330 
18333 18336 18339 18342 18345 18348 18351 18354 18357 
18360 18363 18366 18369 18372 18375 18378 18381 18384 
18387 18390 18393 18396 18399 18402 18405 18408 18411 
18414 18417 18420 18423 18426 18429 18432 18435 18438 
18441 18444 18447 18450 18453 18456 18459 18462 18465 
18468 18471 18474 18477 18480 18483 18486 18489 18492 
18495 18498 18501 18504 18507 18510 18513 18516 18519 
18522 18525 18528 18531 18534 18537 18540 18543 18546 
18549 18552 18555 18558 18561 18564 18567 18570 18573 
18576 18579 18582 18585 18588 18591 18594 18597 18600 
18603 18606 18609 18612 18615 18618 18621 18624 18627 
18630 18633 18636 18639 18642 18645 18648 18651 18654 
18657 18660 18663 18666 18669 18672 18675 18678 18681 
18684 18687 18690 18693 18696 18699 18702 18705 18708 
18711 18714 18717 18720 18723 18726 18729 18732 18735 
18738 18741 18744 18747 18750 18753 18756 18759 18762 
18765 18768 18771 18774 18777 18780 18783 18786 18789 
18792 18795 18798 18801 18804 18807 18810 18813 18816 
18819 18822 18825 18828 18831 18834 18837 18840 18843 
18846 18849 18852 18855 18858 18861 18864 18867 18870 
18873 18876 18879 18882 18885 18888 18891 18894 18897 
18900 18903 18906 18909 18912 18915 18918 18921 18924 
18927 18930 18933 18936 18939 18942 18945 18948 18951 
18954 18957 18960 18963 18966 18969 18972 18975 18978 
18981 18984 18987 18990 18993 18996 18999 19002 19005 
19008 19011 19014 19017 19020 19023 19026 19029 19032 
19035 19038 19041 19044 19047 19050 19053 19056 19059 
19062 19065 19068 19071 19074 19077 19080 19083 19086 
19089 19092 19095 19098 19101 19104 19107 19110 19113 
19116 19119 19122 19125 19128 19131 19134 19137 19140 
19143 19146 19149 19152 19155 19158 19161 19164 19167 
19170 19173 19176 19179 19182 19185 19188 19191 19194 
19197 19200 19203 19206 19209 19212 19215 19218 19221 
19224 19227 19230 19233 19236 19239 19242 19245 19248 
19251 19254 19257 19260 19263 19266 19269 19272 19275 
19278 19281 19284 19287 19290 19293 19296 19299 19302 
19305 19308 19311 19314 19317 19320 19323 19326 19329 
19332 19335 19338 19341 19344 19347 19350 19353 19356 
19359 19362 19365 19368 19371 19374 19377 19380 19383 
19386 19389 19392 19395 19398 19401 19404 19407 19410 
19413 19416 19419 19422 19425 19428 19431 19434 19437 
19440 19443 19446 19449 19452 19455 19458 19461 19464 
19467 19470 19473 19476 19479 19482 19485 19488 19491 
19494 19497 19500 19503 19506 19509 19512 19515 19518 
19521 19524 19527 19530 19533 19536 19539 19542 19545 
19548 19551 19554 19557 19560 19563 19566 19569 19572 
19575 19578 19581 19584 19587 19590 19593 19596 19599 
19602 19605 19608 19611 19614 19617 19620 19623 19626 
19629 19632 19635 19638 19641 19644 19647 19650 19653 
19656 19659 19662 19665 19668 19671 19674 19677 19680 
19683 19686 19689 19692 19695 19698 19701 19704 19707 
19710 19713 19716 19719 19722 19725 19728 19731 19734 
19737 19740 19743 19746 19749 19752 19755 19758 19761 
19764 19767 19770 19773 19776 19779 19782 19785 19788 
19791 19794 19797 19800 19803 19806 19809 19812 19815 
19818 19821 19824 19827 19830 19833 19836 19839 19842 
19845 19848 19851 19854 19857 19860 19863 19866 19869 
19872 19875 19878 19881 19884 19887 19890 19893 19896 
19899 19902 19905 19908 19911 19914 19917 19920 19923 
19926 19929 19932 19935 19938 19941 19944 19947 19950 
19953 19956 19959 19962 19965 19968 19971 19974 19977 
19980 19983 19986 19989 19992 19995 19998 20001 20004 
20007 20010 20013 20016 20019 20022 20025 20028 20031 
20034 20037 20040 20043 20046 20049 20052 20055 20058 
20061 20064 20067 20070 20073 20076 20079 20082 20085 
20088 20091 20094 20097 20100 20103 20106 20109 20112 
20115 20118 20121 20124 20127 20130 20133 20136 20139 
20142 20145 20148 20151 20154 20157 20160 20163 20166 
20169 20172 20175 20178 20181 20184 20187 20190 20193 
20196 20199 20202 20205 20208 20211 20214 20217 20220 
20223 20226 20229 20232 20235 20238 20241 20244 20247 
20250 20253 20256 20259 20262 20265 20268 20271 20274 
20277 20280 20283 20286 20289 20292 20295 20298 20301 
20304 20307 20310 20313 20316 20319 20322 20325 20328 
20331 20334 20337 20340 20343 20346 20349 20352 20355 
20358 20361 20364 20367 20370 20373 20376 20379 20382 
20385 20388 20391 20394 20397 20400 20403 20406 20409 
20412 20415 20418 20421 20424 20427 20430 20433 20436 
20439 20442 20445 20448 20451 20454 20457 20460 20463 
20466 20469 20472 20475 20478 20481 20484 20487 20490 
20493 20496 20499 20502 20505 20508 20511 20514 20517 
20520 20523 20526 20529 20532 20535 20538 20541 20544 
20547 20550 20553 20556 20559 20562 20565 20568 20571 
20574 20577 20580 20583 20586 20589 20592 20595 20598 
20601 20604 20607 20610 20613 20616 20619 20622 20625 
20628 20631 20634 20637 20640 20643 20646 20649 20652 
20655 20658 20661 20664 20667 20670 20673 20676 20679 
20682 20685 20688 20691 20694 20697 20700 20703 20706 
20709 20712 20715 20718 20721 20724 20727 20730 20733 
20736 20739 20742 20745 20748 20751 20754 20757 20760 
20763 20766 20769 20772 20775 20778 20781 20784 20787 
20790 20793 20796 20799 20802 20805 20808 20811 20814 
20817 20820 20823 20826 20829 20832 20835 20838 20841 
20844 20847 20850 20853 20856 20859 20862 20865 20868 
20871 20874 20877 20880 20883 20886 20889 20892 20895 
20898 20901 20904 20907 20910 20913 20916 20919 20922 
20925 20928 20931 20934 20937 20940 20943 20946 20949 
20952 20955 20958 20961 20964 20967 20970 20973 20976 
20979 20982 20985 20988 20991 20994 20997 21000 21003 
21006 21009 21012 21015 21018 21021 21024 21027 21030 
21033 21036 21039 21042 21045 21048 21051 21054 21057 
21060 21063 21066 21069 21072 21075 21078 21081 21084 
21087 21090 21093 21096 21099 21102 21105 21108 21111 
21114 21117 21120 21123 21126 21129 21132 21135 21138 
21141 21144 21147 21150 21153 21156 21159 21162 21165 
21168 21171 21174 21177 21180 21183 21186 21189 21192 
21195 21198 21201 21204 21207 21210 21213 21216 21219 
21222 21225 21228 21231 21234 21237 21240 21243 21246 
21249 21252 21255 21258 21261 21264 21267 21270 21273 
21276 21279 21282 21285 21288 21291 21294 21297 21300 
21303 21306 21309 21312 21315 21318 21321 21324 21327 
21330 21333 21336 21339 21342 21345 21348 21351 21354 
21357 21360 21363 21366 21369 21372 21375 21378 21381 
21384 21387 21390 21393 21396 21399 21402 21405 21408 
21411 21414 21417 21420 21423 21426 21429 21432 21435 
21438 21441 21444 21447 21450 21453 21456 21459 21462 
21465 21468 21471 21474 21477 21480 21483 21486 21489 
21492 21495 21498 21501 21504 21507 21510 21513 21516 
21519 21522 21525 21528 21531 21534 21537 21540 21543 
21546 21549 21552 21555 21558 21561 21564 21567 21570 
21573 21576 21579 21582 21585 21588 21591 21594 21597 
21600 21603 21606 21609 21612 21615 21618 21621 21624 
21627 21630 21633 21636 21639 21642 21645 21648 21651 
21654 21657 21660 21663 21666 21669 21672 21675 21678 
21681 21684 21687 21690 21693 21696 21699 21702 21705 
21708 21711 21714 21717 21720 21723 21726 21729 21732 
21735 21738 21741 21744 21747 21750 21753 21756 21759 
21762 21765 21768 21771 21774 21777 21780 21783 21786 
21789 21792 21795 21798 21801 21804 21807 21810 21813 
21816 21819 21822 21825 21828 21831 21834 21837 21840 
21843 21846 21849 21852 21855 21858 21861 21864 21867 
21870 21873 21876 21879 21882 21885 21888 21891 21894 
21897 21900 21903 21906 21909 21912 21915 21918 21921 
21924 21927 21930 21933 21936 21939 21942 21945 21948 
21951 21954 21957 21960 21963 21966 21969 21972 21975 
21978 21981 21984 21987 21990 21993 21996 21999 22002 
22005 22008 22011 22014 22017 22020 22023 22026 22029 
22032 22035 22038 22041 22044 22047 22050 22053 22056 
22059 22062 22065 22068 22071 22074 22077 22080 22083 
22086 22089 22092 22095 22098 22101 22104 22107 22110 
22113 22116 22119 22122 22125 22128 22131 22134 22137 
22140 22143 22146 22149 22152 22155 22158 22161 22164 
22167 22170 22173 22176 22179 22182 22185 22188 22191 
22194 22197 22200 22203 22206 22209 22212 22215 22218 
22221 22224 22227 22230 22233 22236 22239 22242 22245 
22248 22251 22254 22257 22260 22263 22266 22269 22272 
22275 22278 22281 22284 22287 22290 22293 22296 22299 
22302 22305 22308 22311 22314 22317 22320 22323 22326 
22329 22332 22335 22338 22341 22344 22347 22350 22353 
22356 22359 22362 22365 22368 22371 22374 22377 22380 
22383 22386 22389 22392 22395 22398 22401 22404 22407 
22410 22413 22416 22419 22422 22425 22428 22431 22434 
22437 22440 22443 22446 22449 22452 22455 22458 22461 
22464 22467 22470 22473 22476 22479 22482 22485 22488 
22491 22494 22497 22500 22503 22506 22509 22512 22515 
22518 22521 22524 22527 22530 22533 22536 22539 22542 
22545 22548 22551 22554 22557 22560 22563 22566 22569 
22572 22575 22578 22581 22584 22587 22590 22593 22596 
22599 22602 22605 22608 22611 22614 22617 22620 22623 
22626 22629 22632 22635 22638 22641 22644 22647 22650 
22653 22656 22659 22662 22665 22668 22671 22674 22677 
22680 22683 22686 22689 22692 22695 22698 22701 22704 
22707 22710 22713 22716 22719 22722 22725 22728 22731 
22734 22737 22740 22743 22746 22749 22752 22755 22758 
22761 22764 22767 22770 22773 22776 22779 22782 22785 
22788 22791 22794 22797 22800 22803 22806 22809 22812 
22815 22818 22821 22824 22827 22830 22833 22836 22839 
22842 22845 22848 22851 22854 22857 22860 22863 22866 
22869 22872 22875 22878 22881 22884 22887 22890 22893 
22896 22899 22902 22905 22908 22911 22914 22917 22920 
22923 22926 22929 22932 22935 22938 22941 22944 22947 
22950 22953 22956 22959 22962 22965 22968 22971 22974 
22977 22980 22983 22986 22989 22992 22995 22998 23001 
23004 23007 23010 23013 23016 23019 23022 23025 23028 
23031 23034 23037 23040 23043 23046 23049 23052 23055 
23058 23061 23064 23067 23070 23073 23076 23079 23082 
23085 23088 23091 23094 23097 23100 23103 23106 23109 
23112 23115 23118 23121 23124 23127 23130 23133 23136 
23139 23142 23145 23148 23151 23154 23157 23160 23163 
23166 23169 23172 23175 23178 23181 23184 23187 23190 
23193 23196 23199 23202 23205 23208 23211 23214 23217 
23220 23223 23226 23229 23232 23235 23238 23241 23244 
23247 23250 23253 23256 23259 23262 23265 23268 23271 
23274 23277 23280 23283 23286 23289 23292 23295 23298 
23301 23304 23307 23310 23313 23316 23319 23322 23325 
23328 23331 23334 23337 23340 23343 23346 23349 23352 
23355 23358 23361 23364 23367 23370 23373 23376 23379 
23382 23385 23388 23391 23394 23397 23400 23403 23406 
23409 23412 23415 23418 23421 23424 23427 23430 23433 
23436 23439 23442 23445 23448 23451 23454 23457 23460 
23463 23466 23469 23472 23475 23478 23481 23484 23487 
23490 23493 23496 23499 23502 23505 23508 23511 23514 
23517 23520 23523 23526 23529 23532 23535 23538 23541 
23544 23547 23550 23553 23556 23559 23562 23565 23568 
23571 23574 23577 23580 23583 23586 23589 23592 23595 
23598 23601 23604 23607 23610 23613 23616 23619 23622 
23625 23628 23631 23634 23637 23640 23643 23646 23649 
23652 23655 23658 23661 23664 23667 23670 23673 23676 
23679 23682 23685 23688 23691 23694 23697 23700 23703 
23706 23709 23712 23715 23718 23721 23724 23727 23730 
23733 23736 23739 23742 23745 23748 23751 23754 23757 
23760 23763 23766 23769 23772 23775 23778 23781 23784 
23787 23790 23793 23796 23799 23802 23805 23808 23811 
23814 23817 23820 23823 23826 23829 23832 23835 23838 
23841 23844 23847 23850 23853 23856 23859 23862 23865 
23868 23871 23874 23877 23880 23883 23886 23889 23892 
23895 23898 23901 23904 23907 23910 23913 23916 23919 
23922 23925 23928 23931 23934 23937 23940 23943 23946 
23949 23952 23955 23958 23961 23964 23967 23970 23973 
23976 23979 23982 23985 23988 23991 23994 23997 24000 
24003 24006 24009 24012 24015 24018 24021 24024 24027 
24030 24033 24036 24039 24042 24045 24048 24051 24054 
24057 24060 24063 24066 24069 24072 24075 24078 24081 
24084 24087 24090 24093 24096 24099 24102 24105 24108 
24111 24114 24117 24120 24123 24126 24129 24132 24135 
24138 24141 24144 24147 24150 24153 24156 24159 24162 
24165 24168 24171 24174 24177 24180 24183 24186 24189 
24192 24195 24198 24201 24204 24207 24210 24213 24216 
24219 24222 24225 24228 24231 24234 24237 24240 24243 
24246 24249 24252 24255 24258 24261 24264 24267 24270 
24273 24276 24279 24282 24285 24288 24291 24294 24297 
24300 24303 24306 24309 24312 24315 24318 24321 24324 
24327 24330 24333 24336 24339 24342 24345 24348 24351 
24354 24357 24360 24363 24366 24369 24372 24375 24378 
24381 24384 24387 24390 24393 24396 24399 24402 24405 
24408 24411 24414 24417 24420 24423 24426 24429 24432 
24435 24438 24441 24444 24447 24450 24453 24456 24459 
24462 24465 24468 24471 24474 24477 24480 24483 24486 
24489 24492 24495 24498 24501 24504 24507 24510 24513 
24516 24519 24522 24525 24528 24531 24534 24537 24540 
24543 24546 24549 24552 24555 24558 24561 24564 24567 
24570 24573 24576 24579 24582 24585 24588 24591 24594 
24597 24600 24603 24606 24609 24612 24615 24618 24621 
24624 24627 24630 24633 24636 24639 24642 24645 24648 
24651 24654 24657 24660 24663 24666 24669 24672 24675 
24678 24681 24684 24687 24690 24693 24696 24699 24702 
24705 24708 24711 24714 24717 24720 24723 24726 24729 
24732 24735 24738 24741 24744 24747 24750 24753 24756 
24759 24762 24765 24768 24771 24774 24777 24780 24783 
24786 24789 24792 24795 24798 24801 24804 24807 24810 
24813 24816 24819 24822 24825 24828 24831 24834 24837 
24840 24843 24846 24849 24852 24855 24858 24861 24864 
24867 24870 24873 24876 24879 24882 24885 24888 24891 
24894 24897 24900 24903 24906 24909 24912 24915 24918 
24921 24924 24927 24930 24933 24936 24939 24942 24945 
24948 24951 24954 24957 24960 24963 24966 24969 24972 
24975 24978 24981 24984 24987 24990 24993 24996 24999 
25002 25005 25008 25011 25014 25017 25020 25023 25026 
25029 25032 25035 25038 25041 25044 25047 25050 25053 
25056 25059 25062 25065 25068 25071 25074 25077 25080 
25083 25086 25089 25092 25095 25098 25101 25104 25107 
25110 25113 25116 25119 25122 25125 25128 25131 25134 
25137 25140 25143 25146 25149 25152 25155 25158 25161 
25164 25167 25170 25173 25176 25179 25182 25185 25188 
25191 25194 25197 25200 25203 25206 25209 25212 25215 
25218 25221 25224 25227 25230 25233 25236 25239 25242 
25245 25248 25251 25254 25257 25260 25263 25266 25269 
25272 25275 25278 25281 25284 25287 25290 25293 25296 
25299 25302 25305 25308 25311 25314 25317 25320 25323 
25326 25329 25332 25335 25338 25341 25344 25347 25350 
25353 25356 25359 25362 25365 25368 25371 25374 25377 
25380 25383 25386 25389 25392 25395 25398 25401 25404 
25407 25410 25413 25416 25419 25422 25425 25428 25431 
25434 25437 25440 25443 25446 25449 25452 25455 25458 
25461 25464 25467 25470 25473 25476 25479 25482 25485 
25488 25491 25494 25497 25500 25503 25506 25509 25512 
25515 25518 25521 25524 25527 25530 25533 25536 25539 
25542 25545 25548 25551 25554 25557 25560 25563 25566 
25569 25572 25575 25578 25581 25584 25587 25590 25593 
25596 25599 25602 25605 25608 25611 25614 25617 25620 
25623 25626 25629 25632 25635 25638 25641 25644 25647 
25650 25653 25656 25659 25662 25665 25668 25671 25674 
25677 25680 25683 25686 25689 25692 25695 25698 25701 
25704 25707 25710 25713 25716 25719 25722 25725 25728 
25731 25734 25737 25740 25743 25746 25749 25752 25755 
25758 25761 25764 25767 25770 25773 25776 25779 25782 
25785 25788 25791 25794 25797 25800 25803 25806 25809 
25812 25815 25818 25821 25824 25827 25830 25833 25836 
25839 25842 25845 25848 25851 25854 25857 25860 25863 
25866 25869 25872 25875 25878 25881 25884 25887 25890 
25893 25896 25899 25902 25905 25908 25911 25914 25917 
25920 25923 25926 25929 25932 25935 25938 25941 25944 
25947 25950 25953 25956 25959 25962 25965 25968 25971 
25974 25977 25980 25983 25986 25989 25992 25995 25998 
26001 26004 26007 26010 26013 26016 26019 26022 26025 
26028 26031 26034 26037 26040 26043 26046 26049 26052 
26055 26058 26061 26064 26067 26070 26073 26076 26079 
26082 26085 26088 26091 26094 26097 26100 26103 26106 
26109 26112 26115 26118 26121 26124 26127 26130 26133 
26136 26139 26142 26145 26148 26151 26154 26157 26160 
26163 26166 26169 26172 26175 26178 26181 26184 26187 
26190 26193 26196 26199 26202 26205 26208 26211 26214 
26217 26220 26223 26226 26229 26232 26235 26238 26241 
26244 26247 26250 26253 26256 26259 26262 26265 26268 
26271 26274 26277 26280 26283 26286 26289 26292 26295 
26298 26301 26304 26307 26310 26313 26316 26319 26322 
26325 26328 26331 26334 26337 26340 26343 26346 26349 
26352 26355 26358 26361 26364 26367 26370 26373 26376 
26379 26382 26385 26388 26391 26394 26397 26400 26403 
26406 26409 26412 26415 26418 26421 26424 26427 26430 
26433 26436 26439 26442 26445 26448 26451 26454 26457 
26460 26463 26466 26469 26472 26475 26478 26481 26484 
26487 26490 26493 26496 26499 26502 26505 26508 26511 
26514 26517 26520 26523 26526 26529 26532 26535 26538 
26541 26544 26547 26550 26553 26556 26559 26562 26565 
26568 26571 26574 26577 26580 26583 26586 26589 26592 
26595 26598 26601 26604 26607 26610 26613 26616 26619 
26622 26625 26628 26631 26634 26637 26640 26643 26646 
26649 26652 26655 26658 26661 26664 26667 26670 26673 
26676 26679 26682 26685 26688 26691 26694 26697 26700 
26703 26706 26709 26712 26715 26718 26721 26724 26727 
26730 26733 26736 26739 26742 26745 26748 26751 26754 
26757 26760 26763 26766 26769 26772 26775 26778 26781 
26784 26787 26790 26793 26796 26799 26802 26805 26808 
26811 26814 26817 26820 26823 26826 26829 26832 26835 
26838 26841 26844 26847 26850 26853 26856 26859 26862 
26865 26868 26871 26874 26877 26880 26883 26886 26889 
26892 26895 26898 26901 26904 26907 26910 26913 26916 
26919 26922 26925 26928 26931 26934 26937 26940 26943 
26946 26949 26952 26955 26958 26961 26964 26967 26970 
26973 26976 26979 26982 26985 26988 26991 26994 26997 
27000 27003 27006 27009 27012 27015 27018 27021 27024 
27027 27030 27033 27036 27039 27042 27045 27048 27051 
27054 27057 27060 27063 27066 27069 27072 27075 27078 
27081 27084 27087 27090 27093 27096 27099 27102 27105 
27108 27111 27114 27117 27120 27123 27126 27129 27132 
27135 27138 27141 27144 27147 27150 27153 27156 27159 
27162 27165 27168 27171 27174 27177 27180 27183 27186 
27189 27192 27195 27198 27201 27204 27207 27210 27213 
27216 27219 27222 27225 27228 27231 27234 27237 27240 
27243 27246 27249 27252 27255 27258 27261 27264 27267 
27270 27273 27276 27279 27282 27285 27288 27291 27294 
27297 27300 27303 27306 27309 27312 27315 27318 27321 
27324 27327 27330 27333 27336 27339 27342 27345 27348 
27351 27354 27357 27360 27363 27366 27369 27372 27375 
27378 27381 27384 27387 27390 27393 27396 27399 27402 
27405 27408 27411 27414 27417 27420 27423 27426 27429 
27432 27435 27438 27441 27444 27447 27450 27453 27456 
27459 27462 27465 27468 27471 27474 27477 27480 27483 
27486 27489 27492 27495 27498 27501 27504 27507 27510 
27513 27516 27519 27522 27525 27528 27531 27534 27537 
27540 27543 27546 27549 27552 27555 27558 27561 27564 
27567 27570 27573 27576 27579 27582 27585 27588 27591 
27594 27597 27600 27603 27606 27609 27612 27615 27618 
27621 27624 27627 27630 27633 27636 27639 27642 27645 
27648 27651 27654 27657 27660 27663 27666 27669 27672 
27675 27678 27681 27684 27687 27690 27693 27696 27699 
27702 27705 27708 27711 27714 27717 27720 27723 27726 
27729 27732 27735 27738 27741 27744 27747 27750 27753 
27756 27759 27762 27765 27768 27771 27774 27777 27780 
27783 27786 27789 27792 27795 27798 27801 27804 27807 
27810 27813 27816 27819 27822 27825 27828 27831 27834 
27837 27840 27843 27846 27849 27852 27855 27858 27861 
27864 27867 27870 27873 27876 27879 27882 27885 27888 
27891 27894 27897 27900 27903 27906 27909 27912 27915 
27918 27921 27924 27927 27930 27933 27936 27939 27942 
27945 27948 27951 27954 27957 27960 27963 27966 27969 
27972 27975 27978 27981 27984 27987 27990 27993 27996 
27999 28002 28005 28008 28011 28014 28017 28020 28023 
28026 28029 28032 28035 28038 28041 28044 28047 28050 
28053 28056 28059 28062 28065 28068 28071 28074 28077 
28080 28083 28086 28089 28092 28095 28098 28101 28104 
28107 28110 28113 28116 28119 28122 28125 28128 28131 
28134 28137 28140 28143 28146 28149 28152 28155 28158 
28161 28164 28167 28170 28173 28176 28179 28182 28185 
28188 28191 28194 28197 28200 28203 28206 28209 28212 
28215 28218 28221 28224 28227 28230 28233 28236 28239 
28242 28245 28248 28251 28254 28257 28260 28263 28266 
28269 28272 28275 28278 28281 28284 28287 28290 28293 
28296 28299 28302 28305 28308 28311 28314 28317 28320 
28323 28326 28329 28332 28335 28338 28341 28344 28347 
28350 28353 28356 28359 28362 28365 28368 28371 28374 
28377 28380 28383 28386 28389 28392 28395 28398 28401 
28404 28407 28410 28413 28416 28419 28422 28425 28428 
28431 28434 28437 28440 28443 28446 28449 28452 28455 
28458 28461 28464 28467 28470 28473 28476 28479 28482 
28485 28488 28491 28494 28497 28500 28503 28506 28509 
28512 28515 28518 28521 28524 28527 28530 28533 28536 
28539 28542 28545 28548 28551 28554 28557 28560 28563 
28566 28569 28572 28575 28578 28581 28584 28587 28590 
28593 28596 28599 28602 28605 28608 28611 28614 28617 
28620 28623 28626 28629 28632 28635 28638 28641 28644 
28647 28650 28653 28656 28659 28662 28665 28668 28671 
28674 28677 28680 28683 28686 28689 28692 28695 28698 
28701 28704 28707 28710 28713 28716 28719 28722 28725 
28728 28731 28734 28737 28740 28743 28746 28749 28752 
28755 28758 28761 28764 28767 28770 28773 28776 28779 
28782 28785 28788 28791 28794 28797 28800 28803 28806 
28809 28812 28815 28818 28821 28824 28827 28830 28833 
28836 28839 28842 28845 28848 28851 28854 28857 28860 
28863 28866 28869 28872 28875 28878 28881 28884 28887 
28890 28893 28896 28899 28902 28905 28908 28911 28914 
28917 28920 28923 28926 28929 28932 28935 28938 28941 
28944 28947 28950 28953 28956 28959 28962 28965 28968 
28971 28974 28977 28980 28983 28986 28989 28992 28995 
28998 29001 29004 29007 29010 29013 29016 29019 29022 
29025 29028 29031 29034 29037 29040 29043 29046 29049 
29052 29055 29058 29061 29064 29067 29070 29073 29076 
29079 29082 29085 29088 29091 29094 29097 29100 29103 
29106 29109 29112 29115 29118 29121 29124 29127 29130 
29133 29136 29139 29142 29145 29148 29151 29154 29157 
29160 29163 29166 29169 29172 29175 29178 29181 29184 
29187 29190 29193 29196 29199 29202 29205 29208 29211 
29214 29217 29220 29223 29226 29229 29232 29235 29238 
29241 29244 29247 29250 29253 29256 29259 29262 29265 
29268 29271 29274 29277 29280 29283 29286 29289 29292 
29295 29298 29301 29304 29307 29310 29313 29316 29319 
29322 29325 29328 29331 29334 29337 29340 29343 29346 
29349 29352 29355 29358 29361 29364 29367 29370 29373 
29376 29379 29382 29385 29388 29391 29394 29397 29400 
29403 29406 29409 29412 29415 29418 29421 29424 29427 
29430 29433 29436 29439 29442 29445 29448 29451 29454 
29457 29460 29463 29466 29469 29472 29475 29478 29481 
29484 29487 29490 29493 29496 29499 29502 29505 29508 
29511 29514 29517 29520 29523 29526 29529 29532 29535 
29538 29541 29544 29547 29550 29553 29556 29559 29562 
29565 29568 29571 29574 29577 29580 29583 29586 29589 
29592 29595 29598 29601 29604 29607 29610 29613 29616 
29619 29622 29625 29628 29631 29634 29637 29640 29643 
29646 29649 29652 29655 29658 29661 29664 29667 29670 
29673 29676 29679 29682 29685 29688 29691 29694 29697 
29700 29703 29706 29709 29712 29715 29718 29721 29724 
29727 29730 29733 29736 29739 29742 29745 29748 29751 
29754 29757 29760 29763 29766 29769 29772 29775 29778 
29781 29784 29787 29790 29793 29796 29799 29802 29805 
29808 29811 29814 29817 29820 29823 29826 29829 29832 
29835 29838 29841 29844 29847 29850 29853 29856 29859 
29862 29865 29868 29871 29874 29877 29880 29883 29886 
29889 29892 29895 29898 29901 29904 29907 29910 29913 
29916 29919 29922 29925 29928 29931 29934 29937 29940 
29943 29946 29949 29952 29955 29958 29961 29964 29967 
29970 29973 29976 29979 29982 29985 29988 29991 29994 
29997 30000 30003 30006 30009 30012 30015 30018 30021 
30024 30027 30030 30033 30036 30039 30042 30045 30048 
30051 30054 30057 30060 30063 30066 30069 30072 30075 
30078 30081 30084 30087 30090 30093 30096 30099 30102 
30105 30108 30111 30114 30117 30120 30123 30126 30129 
30132 30135 30138 30141 30144 30147 30150 30153 30156 
30159 30162 30165 30168 30171 30174 30177 30180 30183 
30186 30189 30192 30195 30198 30201 30204 30207 30210 
30213 30216 30219 30222 30225 30228 30231 30234 30237 
30240 30243 30246 30249 30252 30255 30258 30261 30264 
30267 30270 30273 30276 30279 30282 30285 30288 30291 
30294 30297 30300 30303 30306 30309 30312 30315 30318 
30321 30324 30327 30330 30333 30336 30339 30342 30345 
30348 30351 30354 30357 30360 30363 30366 30369 30372 
30375 30378 30381 30384 30387 30390 30393 30396 30399 
30402 30405 30408 30411 30414 30417 30420 30423 30426 
30429 30432 30435 30438 30441 30444 30447 30450 30453 
30456 30459 30462 30465 30468 30471 30474 30477 30480 
30483 30486 30489 30492 30495 30498 30501 30504 30507 
30510 30513 30516 30519 30522 30525 30528 30531 30534 
30537 30540 30543 30546 30549 30552 30555 30558 30561 
30564 30567 30570 30573 30576 30579 30582 30585 30588 
30591 30594 30597 30600 30603 30606 30609 30612 30615 
30618 30621 30624 30627 30630 30633 30636 30639 30642 
30645 30648 30651 30654 30657 30660 30663 30666 30669 
30672 30675 30678 30681 30684 30687 30690 30693 30696 
30699 30702 30705 30708 30711 30714 30717 30720 30723 
30726 30729 30732 30735 30738 30741 30744 30747 30750 
30753 30756 30759 30762 30765 30768 30771 30774 30777 
30780 30783 30786 30789 30792 30795 30798 30801 30804 
30807 30810 30813 30816 30819 30822 30825 30828 30831 
30834 30837 30840 30843 30846 30849 30852 30855 30858 
30861 30864 30867 30870 30873 30876 30879 30882 30885 
30888 30891 30894 30897 30900 30903 30906 30909 30912 
30915 30918 30921 30924 30927 30930 30933 30936 30939 
30942 30945 30948 30951 30954 30957 30960 30963 30966 
30969 30972 30975 30978 30981 30984 30987 30990 30993 
30996 30999 31002 31005 31008 31011 31014 31017 31020 
31023 31026 31029 31032 31035 31038 31041 31044 31047 
31050 31053 31056 31059 31062 31065 31068 31071 31074 
31077 31080 31083 31086 31089 31092 31095 31098 31101 
31104 31107 31110 31113 31116 31119 31122 31125 31128 
31131 31134 31137 31140 31143 31146 31149 31152 31155 
31158 31161 31164 31167 31170 31173 31176 31179 31182 
31185 31188 31191 31194 31197 31200 31203 31206 31209 
31212 31215 31218 31221 31224 31227 31230 31233 31236 
31239 31242 31245 31248 31251 31254 31257 31260 31263 
31266 31269 31272 31275 31278 31281 31284 31287 31290 
31293 31296 31299 31302 31305 31308 31311 31314 31317 
31320 31323 31326 31329 31332 31335 31338 31341 31344 
31347 31350 31353 31356 31359 31362 31365 31368 31371 
31374 31377 31380 31383 31386 31389 31392 31395 31398 
31401 31404 31407 31410 31413 31416 31419 31422 31425 
31428 31431 31434 31437 31440 31443 31446 31449 31452 
31455 31458 31461 31464 31467 31470 31473 31476 31479 
31482 31485 31488 31491 31494 31497 31500 31503 31506 
31509 31512 31515 31518 31521 31524 31527 31530 31533 
31536 31539 31542 31545 31548 31551 31554 31557 31560 
31563 31566 31569 31572 31575 31578 31581 31584 31587 
31590 31593 31596 31599 31602 31605 31608 31611 31614 
31617 31620 31623 31626 31629 31632 31635 31638 31641 
31644 31647 31650 31653 31656 31659 31662 31665 31668 
31671 31674 31677 31680 31683 31686 31689 31692 31695 
31698 31701 31704 31707 31710 31713 31716 31719 31722 
31725 31728 31731 31734 31737 31740 31743 31746 31749 
31752 31755 31758 31761 31764 31767 31770 31773 31776 
31779 31782 31785 31788 31791 31794 31797 31800 31803 
31806 31809 31812 31815 31818 31821 31824 31827 31830 
31833 31836 31839 31842 31845 31848 31851 31854 31857 
31860 31863 31866 31869 31872 31875 31878 31881 31884 
31887 31890 31893 31896 31899 31902 31905 31908 31911 
31914 31917 31920 31923 31926 31929 31932 31935 31938 
31941 31944 31947 31950 31953 31956 31959 31962 31965 
31968 31971 31974 31977 31980 31983 31986 31989 31992 
31995 31998 32001 32004 32007 32010 32013 32016 32019 
32022 32025 32028 32031 32034 32037 32040 32043 32046 
32049 32052 32055 32058 32061 32064 32067 32070 32073 
32076 32079 32082 32085 32088 32091 32094 32097 32100 
32103 32106 32109 32112 32115 32118 32121 32124 32127 
32130 32133 32136 32139 32142 32145 32148 32151 32154 
32157 32160 32163 32166 32169 32172 32175 32178 32181 
32184 32187 32190 32193 32196 32199 32202 32205 32208 
32211 32214 32217 32220 32223 32226 32229 32232 32235 
32238 32241 32244 32247 32250 32253 32256 32259 32262 
32265 32268 32271 32274 32277 32280 32283 32286 32289 
32292 32295 32298 32301 32304 32307 32310 32313 32316 
32319 32322 32325 32328 32331 32334 32337 32340 32343 
32346 32349 32352 32355 32358 32361 32364 32367 32370 
32373 32376 32379 32382 32385 32388 32391 32394 32397 
32400 32403 32406 32409 32412 32415 32418 32421 32424 
32427 32430 32433 32436 32439 32442 32445 32448 32451 
32454 32457 32460 32463 32466 32469 32472 32475 32478 
32481 32484 32487 32490 32493 32496 32499 32502 32505 
32508 32511 32514 32517 32520 32523 32526 32529 32532 
32535 32538 32541 32544 32547 32550 32553 32556 32559 
32562 32565 32568 32571 32574 32577 32580 32583 32586 
32589 32592 32595 32598 32601 32604 32607 32610 32613 
32616 32619 32622 32625 32628 32631 32634 32637 32640 
32643 32646 32649 32652 32655 32658 32661 32664 32667 
32670 32673 32676 32679 32682 32685 32688 32691 32694 
32697 32700 32703 32706 32709 32712 32715 32718 32721 
32724 32727 32730 32733 32736 32739 32742 32745 32748 
32751 32754 32757 32760 32763 32766 32769 32772 32775 
32778 32781 32784 32787 32790 32793 32796 32799 32802 
32805 32808 32811 32814 32817 32820 32823 32826 32829 
32832 32835 32838 32841 32844 32847 32850 32853 32856 
32859 32862 32865 32868 32871 32874 32877 32880 32883 
32886 32889 32892 32895 32898 32901 32904 32907 32910 
32913 32916 32919 32922 32925 32928 32931 32934 32937 
32940 32943 32946 32949 32952 32955 32958 32961 32964 
32967 32970 32973 32976 32979 32982 32985 32988 32991 
32994 32997 33000 33003 33006 33009 33012 33015 33018 
33021 33024 33027 33030 33033 33036 33039 33042 33045 
33048 33051 33054 33057 33060 33063 33066 33069 33072 
33075 33078 33081 33084 33087 33090 33093 33096 33099 
33102 33105 33108 33111 33114 33117 33120 33123 33126 
33129 33132 33135 33138 33141 33144 33147 33150 33153 
33156 33159 33162 33165 33168 33171 33174 33177 33180 
33183 33186 33189 33192 33195 33198 33201 33204 33207 
33210 33213 33216 33219 33222 33225 33228 33231 33234 
33237 33240 33243 33246 33249 33252 33255 33258 33261 
33264 33267 33270 33273 33276 33279 33282 33285 33288 
33291 33294 33297 33300 33303 33306 33309 33312 33315 
33318 33321 33324 33327 33330 33333 33336 33339 33342 
33345 33348 33351 33354 33357 33360 33363 33366 33369 
33372 33375 33378 33381 33384 33387 33390 33393 33396 
33399 33402 33405 33408 33411 33414 33417 33420 33423 
33426 33429 33432 33435 33438 33441 33444 33447 33450 
33453 33456 33459 33462 33465 33468 33471 33474 33477 
33480 33483 33486 33489 33492 33495 33498 33501 33504 
33507 33510 33513 33516 33519 33522 33525 33528 33531 
33534 33537 33540 33543 33546 33549 33552 33555 33558 
33561 33564 33567 33570 33573 33576 33579 33582 33585 
33588 33591 33594 33597 33600 33603 33606 33609 33612 
33615 33618 33621 33624 33627 33630 33633 33636 33639 
33642 33645 33648 33651 33654 33657 33660 33663 33666 
33669 33672 33675 33678 33681 33684 33687 33690 33693 
33696 33699 33702 33705 33708 33711 33714 33717 33720 
33723 33726 33729 33732 33735 33738 33741 33744 33747 
33750 33753 33756 33759 33762 33765 33768 33771 33774 
33777 33780 33783 33786 33789 33792 33795 33798 33801 
33804 33807 33810 33813 33816 33819 33822 33825 33828 
33831 33834 33837 33840 33843 33846 33849 33852 33855 
33858 33861 33864 33867 33870 33873 33876 33879 33882 
33885 33888 33891 33894 33897 33900 33903 33906 33909 
33912 33915 33918 33921 33924 33927 33930 33933 33936 
33939 33942 33945 33948 33951 33954 33957 33960 33963 
33966 33969 33972 33975 33978 33981 33984 33987 33990 
33993 33996 33999 34002 34005 34008 34011 34014 34017 
34020 34023 34026 34029 34032 34035 34038 34041 34044 
34047 34050 34053 34056 34059 34062 34065 34068 34071 
34074 34077 34080 34083 34086 34089 34092 34095 34098 
34101 34104 34107 34110 34113 34116 34119 34122 34125 
34128 34131 34134 34137 34140 34143 34146 34149 34152 
34155 34158 34161 34164 34167 34170 34173 34176 34179 
34182 34185 34188 34191 34194 34197 34200 34203 34206 
34209 34212 34215 34218 34221 34224 34227 34230 34233 
34236 34239 34242 34245 34248 34251 34254 34257 34260 
34263 34266 34269 34272 34275 34278 34281 34284 34287 
34290 34293 34296 34299 34302 34305 34308 34311 34314 
34317 34320 34323 34326 34329 34332 34335 34338 34341 
34344 34347 34350 34353 34356 34359 34362 34365 34368 
34371 34374 34377 34380 34383 34386 34389 34392 34395 
34398 34401 34404 34407 34410 34413 34416 34419 34422 
34425 34428 34431 34434 34437 34440 34443 34446 34449 
34452 34455 34458 34461 34464 34467 34470 34473 34476 
34479 34482 34485 34488 34491 34494 34497 34500 34503 
34506 34509 34512 34515 34518 34521 34524 34527 34530 
34533 34536 34539 34542 34545 34548 34551 34554 34557 
34560 34563 34566 34569 34572 34575 34578 34581 34584 
34587 34590 34593 34596 34599 34602 34605 34608 34611 
34614 34617 34620 34623 34626 34629 34632 34635 34638 
34641 34644 34647 34650 34653 34656 34659 34662 34665 
34668 34671 34674 34677 34680 34683 34686 34689 34692 
34695 34698 34701 34704 34707 34710 34713 34716 34719 
34722 34725 34728 34731 34734 34737 34740 34743 34746 
34749 34752 34755 34758 34761 34764 34767 34770 34773 
34776 34779 34782 34785 34788 34791 34794 34797 34800 
34803 34806 34809 34812 34815 34818 34821 34824 34827 
34830 34833 34836 34839 34842 34845 34848 34851 34854 
34857 34860 34863 34866 34869 34872 34875 34878 34881 
34884 34887 34890 34893 34896 34899 34902 34905 34908 
34911 34914 34917 34920 34923 34926 34929 34932 34935 
34938 34941 34944 34947 34950 34953 34956 34959 34962 
34965 34968 34971 34974 34977 34980 34983 34986 34989 
34992 34995 34998 35001 35004 35007 35010 35013 35016 
35019 35022 35025 35028 35031 35034 35037 35040 35043 
35046 35049 35052 35055 35058 35061 35064 35067 35070 
35073 35076 35079 35082 35085 35088 35091 35094 35097 
35100 35103 35106 35109 35112 35115 35118 35121 35124 
35127 35130 35133 35136 35139 35142 35145 35148 35151 
35154 35157 35160 35163 35166 35169 35172 35175 35178 
35181 35184 35187 35190 35193 35196 35199 35202 35205 
35208 35211 35214 35217 35220 35223 35226 35229 35232 
35235 35238 35241 35244 35247 35250 35253 35256 35259 
35262 35265 35268 35271 35274 35277 35280 35283 35286 
35289 35292 35295 35298 35301 35304 35307 35310 35313 
35316 35319 35322 35325 35328 35331 35334 35337 35340 
35343 35346 35349 35352 35355 35358 35361 35364 35367 
35370 35373 35376 35379 35382 35385 35388 35391 35394 
35397 35400 35403 35406 35409 35412 35415 35418 35421 
35424 35427 35430 35433 35436 35439 35442 35445 35448 
35451 35454 35457 35460 35463 35466 35469 35472 35475 
35478 35481 35484 35487 35490 35493 35496 35499 35502 
35505 35508 35511 35514 35517 35520 35523 35526 35529 
35532 35535 35538 35541 35544 35547 35550 35553 35556 
35559 35562 35565 35568 35571 35574 35577 35580 35583 
35586 35589 35592 35595 35598 35601 35604 35607 35610 
35613 35616 35619 35622 35625 35628 35631 35634 35637 
35640 35643 35646 35649 35652 35655 35658 35661 35664 
35667 35670 35673 35676 35679 35682 35685 35688 35691 
35694 35697 35700 35703 35706 35709 35712 35715 35718 
35721 35724 35727 35730 35733 35736 35739 35742 35745 
35748 35751 35754 35757 35760 35763 35766 35769 35772 
35775 35778 35781 35784 35787 35790 35793 35796 35799 
35802 35805 35808 35811 35814 35817 35820 35823 35826 
35829 35832 35835 35838 35841 35844 35847 35850 35853 
35856 35859 35862 35865 35868 35871 35874 35877 35880 
35883 35886 35889 35892 35895 35898 35901 35904 35907 
35910 35913 35916 35919 35922 35925 35928 35931 35934 
35937 35940 35943 35946 35949 35952 35955 35958 35961 
35964 35967 35970 35973 35976 35979 35982 35985 35988 
35991 35994 35997 36000 36003 36006 36009 36012 36015 
36018 36021 36024 36027 36030 36033 36036 36039 36042 
36045 36048 36051 36054 36057 36060 36063 36066 36069 
36072 36075 36078 36081 36084 36087 36090 36093 36096 
36099 36102 36105 36108 36111 36114 36117 36120 36123 
36126 36129 36132 36135 36138 36141 36144 36147 36150 
36153 36156 36159 36162 36165 36168 36171 36174 36177 
36180 36183 36186 36189 36192 36195 36198 36201 36204 
36207 36210 36213 36216 36219 36222 36225 36228 36231 
36234 36237 36240 36243 36246 36249 36252 36255 36258 
36261 36264 36267 36270 36273 36276 36279 36282 36285 
36288 36291 36294 36297 36300 36303 36306 36309 36312 
36315 36318 36321 36324 36327 36330 36333 36336 36339 
36342 36345 36348 36351 36354 36357 36360 36363 36366 
36369 36372 36375 36378 36381 36384 36387 36390 36393 
36396 36399 36402 36405 36408 36411 36414 36417 36420 
36423 36426 36429 36432 36435 36438 36441 36444 36447 
36450 36453 36456 36459 36462 36465 36468 36471 36474 
36477 36480 36483 36486 36489 36492 36495 36498 36501 
36504 36507 36510 36513 36516 36519 36522 36525 36528 
36531 36534 36537 36540 36543 36546 36549 36552 36555 
36558 36561 36564 36567 36570 36573 36576 36579 36582 
36585 36588 36591 36594 36597 36600 36603 36606 36609 
36612 36615 36618 36621 36624 36627 36630 36633 36636 
36639 36642 36645 36648 36651 36654 36657 36660 36663 
36666 36669 36672 36675 36678 36681 36684 36687 36690 
36693 36696 36699 36702 36705 36708 36711 36714 36717 
36720 36723 36726 36729 36732 36735 36738 36741 36744 
36747 36750 36753 36756 36759 36762 36765 36768 36771 
36774 36777 36780 36783 36786 36789 36792 36795 36798 
36801 36804 36807 36810 36813 36816 36819 36822 36825 
36828 36831 36834 36837 36840 36843 36846 36849 36852 
36855 36858 36861 36864 36867 36870 36873 36876 36879 
36882 36885 36888 36891 36894 36897 36900 36903 36906 
36909 36912 36915 36918 36921 36924 36927 36930 36933 
36936 36939 36942 36945 36948 36951 36954 36957 36960 
36963 36966 36969 36972 36975 36978 36981 36984 36987 
36990 36993 36996 36999 37002 37005 37008 37011 37014 
37017 37020 37023 37026 37029 37032 37035 37038 37041 
37044 37047 37050 37053 37056 37059 37062 37065 37068 
37071 37074 37077 37080 37083 37086 37089 37092 37095 
37098 37101 37104 37107 37110 37113 37116 37119 37122 
37125 37128 37131 37134 37137 37140 37143 37146 37149 
37152 37155 37158 37161 37164 37167 37170 37173 37176 
37179 37182 37185 37188 37191 37194 37197 37200 37203 
37206 37209 37212 37215 37218 37221 37224 37227 37230 
37233 37236 37239 37242 37245 37248 37251 37254 37257 
37260 37263 37266 37269 37272 37275 37278 37281 37284 
37287 37290 37293 37296 37299 37302 37305 37308 37311 
37314 37317 37320 37323 37326 37329 37332 37335 37338 
37341 37344 37347 37350 37353 37356 37359 37362 37365 
37368 37371 37374 37377 37380 37383 37386 37389 37392 
37395 37398 37401 37404 37407 37410 37413 37416 37419 
37422 37425 37428 37431 37434 37437 37440 37443 37446 
37449 37452 37455 37458 37461 37464 37467 37470 37473 
37476 37479 37482 37485 37488 37491 37494 37497 37500 
37503 37506 37509 37512 37515 37518 37521 37524 37527 
37530 37533 37536 37539 37542 37545 37548 37551 37554 
37557 37560 37563 37566 37569 37572 37575 37578 37581 
37584 37587 37590 37593 37596 37599 37602 37605 37608 
37611 37614 37617 37620 37623 37626 37629 37632 37635 
37638 37641 37644 37647 37650 37653 37656 37659 37662 
37665 37668 37671 37674 37677 37680 37683 37686 37689 
37692 37695 37698 37701 37704 37707 37710 37713 37716 
37719 37722 37725 37728 37731 37734 37737 37740 37743 
37746 37749 37752 37755 37758 37761 37764 37767 37770 
37773 37776 37779 37782 37785 37788 37791 37794 37797 
37800 37803 37806 37809 37812 37815 37818 37821 37824 
37827 37830 37833 37836 37839 37842 37845 37848 37851 
37854 37857 37860 37863 37866 37869 37872 37875 37878 
37881 37884 37887 37890 37893 37896 37899 37902 37905 
37908 37911 37914 37917 37920 37923 37926 37929 37932 
37935 37938 37941 37944 37947 37950 37953 37956 37959 
37962 37965 37968 37971 37974 37977 37980 37983 37986 
37989 37992 37995 37998 38001 38004 38007 38010 38013 
38016 38019 38022 38025 38028 38031 38034 38037 38040 
38043 38046 38049 38052 38055 38058 38061 38064 38067 
38070 38073 38076 38079 38082 38085 38088 38091 38094 
38097 38100 38103 38106 38109 38112 38115 38118 38121 
38124 38127 38130 38133 38136 38139 38142 38145 38148 
38151 38154 38157 38160 38163 38166 38169 38172 38175 
38178 38181 38184 38187 38190 38193 38196 38199 38202 
38205 38208 38211 38214 38217 38220 38223 38226 38229 
38232 38235 38238 38241 38244 38247 38250 38253 38256 
38259 38262 38265 38268 38271 38274 38277 38280 38283 
38286 38289 38292 38295 38298 38301 38304 38307 38310 
38313 38316 38319 38322 38325 38328 38331 38334 38337 
38340 38343 38346 38349 38352 38355 38358 38361 38364 
38367 38370 38373 38376 38379 38382 38385 38388 38391 
38394 38397 38400 38403 38406 38409 38412 38415 38418 
38421 38424 38427 38430 38433 38436 38439 38442 38445 
38448 38451 38454 38457 38460 38463 38466 38469 38472 
38475 38478 38481 38484 38487 38490 38493 38496 38499 
38502 38505 38508 38511 38514 38517 38520 38523 38526 
38529 38532 38535 38538 38541 38544 38547 38550 38553 
38556 38559 38562 38565 38568 38571 38574 38577 38580 
38583 38586 38589 38592 38595 38598 38601 38604 38607 
38610 38613 38616 38619 38622 38625 38628 38631 38634 
38637 38640 38643 38646 38649 38652 38655 38658 38661 
38664 38667 38670 38673 38676 38679 38682 38685 38688 
38691 38694 38697 38700 38703 38706 38709 38712 38715 
38718 38721 38724 38727 38730 38733 38736 38739 38742 
38745 38748 38751 38754 38757 38760 38763 38766 38769 
38772 38775 38778 38781 38784 38787 38790 38793 38796 
38799 38802 38805 38808 38811 38814 38817 38820 38823 
38826 38829 38832 38835 38838 38841 38844 38847 38850 
38853 38856 38859 38862 38865 38868 38871 38874 38877 
38880 38883 38886 38889 38892 38895 38898 38901 38904 
38907 38910 38913 38916 38919 38922 38925 38928 38931 
38934 38937 38940 38943 38946 38949 38952 38955 38958 
38961 38964 38967 38970 38973 38976 38979 38982 38985 
38988 38991 38994 38997 39000 39003 39006 39009 39012 
39015 39018 39021 39024 39027 39030 39033 39036 39039 
39042 39045 39048 39051 39054 39057 39060 39063 39066 
39069 39072 39075 39078 39081 39084 39087 39090 39093 
39096 39099 39102 39105 39108 39111 39114 39117 39120 
39123 39126 39129 39132 39135 39138 39141 39144 39147 
39150 39153 39156 39159 39162 39165 39168 39171 39174 
39177 39180 39183 39186 39189 39192 39195 39198 39201 
39204 39207 39210 39213 39216 39219 39222 39225 39228 
39231 39234 39237 39240 39243 39246 39249 39252 39255 
39258 39261 39264 39267 39270 39273 39276 39279 39282 
39285 39288 39291 39294 39297 39300 39303 39306 39309 
39312 39315 39318 39321 39324 39327 39330 39333 39336 
39339 39342 39345 39348 39351 39354 39357 39360 39363 
39366 39369 39372 39375 39378 39381 39384 39387 39390 
39393 39396 39399 39402 39405 39408 39411 39414 39417 
39420 39423 39426 39429 39432 39435 39438 39441 39444 
39447 39450 39453 39456 39459 39462 39465 39468 39471 
39474 39477 39480 39483 39486 39489 39492 39495 39498 
39501 39504 39507 39510 39513 39516 39519 39522 39525 
39528 39531 39534 39537 39540 39543 39546 39549 39552 
39555 39558 39561 39564 39567 39570 39573 39576 39579 
39582 39585 39588 39591 39594 39597 39600 39603 39606 
39609 39612 39615 39618 39621 39624 39627 39630 39633 
39636 39639 39642 39645 39648 39651 39654 39657 39660 
39663 39666 39669 39672 39675 39678 39681 39684 39687 
39690 39693 39696 39699 39702 39705 39708 39711 39714 
39717 39720 39723 39726 39729 39732 39735 39738 39741 
39744 39747 39750 39753 39756 39759 39762 39765 39768 
39771 39774 39777 39780 39783 39786 39789 39792 39795 
39798 39801 39804 39807 39810 39813 39816 39819 39822 
39825 39828 39831 39834 39837 39840 39843 39846 39849 
39852 39855 39858 39861 39864 39867 39870 39873 39876 
39879 39882 39885 39888 39891 39894 39897 39900 39903 
39906 39909 39912 39915 39918 39921 39924 39927 39930 
39933 39936 39939 39942 39945 39948 39951 39954 39957 
39960 39963 39966 39969 39972 39975 39978 39981 39984 
39987 39990 39993 39996 39999 40002 40005 40008 40011 
40014 40017 40020 40023 40026 40029 40032 40035 40038 
40041 40044 40047 40050 40053 40056 40059 40062 40065 
40068 40071 40074 40077 40080 40083 40086 40089 40092 
40095 40098 40101 40104 40107 40110 40113 40116 40119 
40122 40125 40128 40131 40134 40137 40140 40143 40146 
40149 40152 40155 40158 40161 40164 40167 40170 40173 
40176 40179 40182 40185 40188 40191 40194 40197 40200 
40203 40206 40209 40212 40215 40218 40221 40224 40227 
40230 40233 40236 40239 40242 40245 40248 40251 40254 
40257 40260 40263 40266 40269 40272 40275 40278 40281 
40284 40287 40290 40293 40296 40299 40302 40305 40308 
40311 40314 40317 40320 40323 40326 40329 40332 40335 
40338 40341 40344 40347 40350 40353 40356 40359 40362 
40365 40368 40371 40374 40377 40380 40383 40386 40389 
40392 40395 40398 40401 40404 40407 40410 40413 40416 
40419 40422 40425 40428 40431 40434 40437 40440 40443 
40446 40449 40452 40455 40458 40461 40464 40467 40470 
40473 40476 40479 40482 40485 40488 40491 40494 40497 
40500 40503 40506 40509 40512 40515 40518 40521 40524 
40527 40530 40533 40536 40539 40542 40545 40548 40551 
40554 40557 40560 40563 40566 40569 40572 40575 40578 
40581 40584 40587 40590 40593 40596 40599 40602 40605 
40608 40611 40614 40617 40620 40623 40626 40629 40632 
40635 40638 40641 40644 40647 40650 40653 40656 40659 
40662 40665 40668 40671 40674 40677 40680 40683 40686 
40689 40692 40695 40698 40701 40704 40707 40710 40713 
40716 40719 40722 40725 40728 40731 40734 40737 40740 
40743 40746 40749 40752 40755 40758 40761 40764 40767 
40770 40773 40776 40779 40782 40785 40788 40791 40794 
40797 40800 40803 40806 40809 40812 40815 40818 40821 
40824 40827 40830 40833 40836 40839 40842 40845 40848 
40851 40854 40857 40860 40863 40866 40869 40872 40875 
40878 40881 40884 40887 40890 40893 40896 40899 40902 
40905 40908 40911 40914 40917 40920 40923 40926 40929 
40932 40935 40938 40941 40944 40947 40950 40953 40956 
40959 40962 40965 40968 40971 40974 40977 40980 40983 
40986 40989 40992 40995 40998 41001 41004 41007 41010 
41013 41016 41019 41022 41025 41028 41031 41034 41037 
41040 41043 41046 41049 41052 41055 41058 41061 41064 
41067 41070 41073 41076 41079 41082 41085 41088 41091 
41094 41097 41100 41103 41106 41109 41112 41115 41118 
41121 41124 41127 41130 41133 41136 41139 41142 41145 
41148 41151 41154 41157 41160 41163 41166 41169 41172 
41175 41178 41181 41184 41187 41190 41193 41196 41199 
41202 41205 41208 41211 41214 41217 41220 41223 41226 
41229 41232 41235 41238 41241 41244 41247 41250 41253 
41256 41259 41262 41265 41268 41271 41274 41277 41280 
41283 41286 41289 41292 41295 41298 41301 41304 41307 
41310 41313 41316 41319 41322 41325 41328 41331 41334 
41337 41340 41343 41346 41349 41352 41355 41358 41361 
41364 41367 41370 41373 41376 41379 41382 41385 41388 
41391 41394 41397 41400 41403 41406 41409 41412 41415 
41418 41421 41424 41427 41430 41433 41436 41439 41442 
41445 41448 41451 41454 41457 41460 41463 41466 41469 
41472 41475 41478 41481 41484 41487 41490 41493 41496 
41499 41502 41505 41508 41511 41514 41517 41520 41523 
41526 41529 41532 41535 41538 41541 41544 41547 41550 
41553 41556 41559 41562 41565 41568 41571 41574 41577 
41580 41583 41586 41589 41592 41595 41598 41601 41604 
41607 41610 41613 41616 41619 41622 41625 41628 41631 
41634 41637 41640 41643 41646 41649 41652 41655 41658 
41661 41664 41667 41670 41673 41676 41679 41682 41685 
41688 41691 41694 41697 41700 41703 41706 41709 41712 
41715 41718 41721 41724 41727 41730 41733 41736 41739 
41742 41745 41748 41751 41754 41757 41760 41763 41766 
41769 41772 41775 41778 41781 41784 41787 41790 41793 
41796 41799 41802 41805 41808 41811 41814 41817 41820 
41823 41826 41829 41832 41835 41838 41841 41844 41847 
41850 41853 41856 41859 41862 41865 41868 41871 41874 
41877 41880 41883 41886 41889 41892 41895 41898 41901 
41904 41907 41910 41913 41916 41919 41922 41925 41928 
41931 41934 41937 41940 41943 41946 41949 41952 41955 
41958 41961 41964 41967 41970 41973 41976 41979 41982 
41985 41988 41991 41994 41997 42000 42003 42006 42009 
42012 42015 42018 42021 42024 42027 42030 42033 42036 
42039 42042 42045 42048 42051 42054 42057 42060 42063 
42066 42069 42072 42075 42078 42081 42084 42087 42090 
42093 42096 42099 42102 42105 42108 42111 42114 42117 
42120 42123 42126 42129 42132 42135 42138 42141 42144 
42147 42150 42153 42156 42159 42162 42165 42168 42171 
42174 42177 42180 42183 42186 42189 42192 42195 42198 
42201 42204 42207 42210 42213 42216 42219 42222 42225 
42228 42231 42234 42237 42240 42243 42246 42249 42252 
42255 42258 42261 42264 42267 42270 42273 42276 42279 
42282 42285 42288 42291 42294 42297 42300 42303 42306 
42309 42312 42315 42318 42321 42324 42327 42330 42333 
42336 42339 42342 42345 42348 42351 42354 42357 42360 
42363 42366 42369 42372 42375 42378 42381 42384 42387 
42390 42393 42396 42399 42402 42405 42408 42411 42414 
42417 42420 42423 42426 42429 42432 42435 42438 42441 
42444 42447 42450 42453 42456 42459 42462 42465 42468 
42471 42474 42477 42480 42483 42486 42489 42492 42495 
42498 42501 42504 42507 42510 42513 42516 42519 42522 
42525 42528 42531 42534 42537 42540 42543 42546 42549 
42552 42555 42558 42561 42564 42567 42570 42573 42576 
42579 42582 42585 42588 42591 42594 42597 42600 42603 
42606 42609 42612 42615 42618 42621 42624 42627 42630 
42633 42636 42639 42642 42645 42648 42651 42654 42657 
42660 42663 42666 42669 42672 42675 42678 42681 42684 
42687 42690 42693 42696 42699 42702 42705 42708 42711 
42714 42717 42720 42723 42726 42729 42732 42735 42738 
42741 42744 42747 42750 42753 42756 42759 42762 42765 
42768 42771 42774 42777 42780 42783 42786 42789 42792 
42795 42798 42801 42804 42807 42810 42813 42816 42819 
42822 42825 42828 42831 42834 42837 42840 42843 42846 
42849 42852 42855 42858 42861 42864 42867 42870 42873 
42876 42879 42882 42885 42888 42891 42894 42897 42900 
42903 42906 42909 42912 42915 42918 42921 42924 42927 
42930 42933 42936 42939 42942 42945 42948 42951 42954 
42957 42960 42963 42966 42969 42972 42975 42978 42981 
42984 42987 42990 42993 42996 42999 43002 43005 43008 
43011 43014 43017 43020 43023 43026 43029 43032 43035 
43038 43041 43044 43047 43050 43053 43056 43059 43062 
43065 43068 43071 43074 43077 43080 43083 43086 43089 
43092 43095 43098 43101 43104 43107 43110 43113 43116 
43119 43122 43125 43128 43131 43134 43137 43140 43143 
43146 43149 43152 43155 43158 43161 43164 43167 43170 
43173 43176 43179 43182 43185 43188 43191 43194 43197 
43200 43203 43206 43209 43212 43215 43218 43221 43224 
43227 43230 43233 43236 43239 43242 43245 43248 43251 
43254 43257 43260 43263 43266 43269 43272 43275 43278 
43281 43284 43287 43290 43293 43296 43299 43302 43305 
43308 43311 43314 43317 43320 43323 43326 43329 43332 
43335 43338 43341 43344 43347 43350 43353 43356 43359 
43362 43365 43368 43371 43374 43377 43380 43383 43386 
43389 43392 43395 43398 43401 43404 43407 43410 43413 
43416 43419 43422 43425 43428 43431 43434 43437 43440 
43443 43446 43449 43452 43455 43458 43461 43464 43467 
43470 43473 43476 43479 43482 43485 43488 43491 43494 
43497 43500 43503 43506 43509 43512 43515 43518 43521 
43524 43527 43530 43533 43536 43539 43542 43545 43548 
43551 43554 43557 43560 43563 43566 43569 43572 43575 
43578 43581 43584 43587 43590 43593 43596 43599 43602 
43605 43608 43611 43614 43617 43620 43623 43626 43629 
43632 43635 43638 43641 43644 43647 43650 43653 43656 
43659 43662 43665 43668 43671 43674 43677 43680 43683 
43686 43689 43692 43695 43698 43701 43704 43707 43710 
43713 43716 43719 43722 43725 43728 43731 43734 43737 
43740 43743 43746 43749 43752 43755 43758 43761 43764 
43767 43770 43773 43776 43779 43782 43785 43788 43791 
43794 43797 43800 43803 43806 43809 43812 43815 43818 
43821 43824 43827 43830 43833 43836 43839 43842 43845 
43848 43851 43854 43857 43860 43863 43866 43869 43872 
43875 43878 43881 43884 43887 43890 43893 43896 43899 
43902 43905 43908 43911 43914 43917 43920 43923 43926 
43929 43932 43935 43938 43941 43944 43947 43950 43953 
43956 43959 43962 43965 43968 43971 43974 43977 43980 
43983 43986 43989 43992 43995 43998 44001 44004 44007 
44010 44013 44016 44019 44022 44025 44028 44031 44034 
44037 44040 44043 44046 44049 44052 44055 44058 44061 
44064 44067 44070 44073 44076 44079 44082 44085 44088 
44091 44094 44097 44100 44103 44106 44109 44112 44115 
44118 44121 44124 44127 44130 44133 44136 44139 44142 
44145 44148 44151 44154 44157 44160 44163 44166 44169 
44172 44175 44178 44181 44184 44187 44190 44193 44196 
44199 44202 44205 44208 44211 44214 44217 44220 44223 
44226 44229 44232 44235 44238 44241 44244 44247 44250 
44253 44256 44259 44262 44265 44268 44271 44274 44277 
44280 44283 44286 44289 44292 44295 44298 44301 44304 
44307 44310 44313 44316 44319 44322 44325 44328 44331 
44334 44337 44340 44343 44346 44349 44352 44355 44358 
44361 44364 44367 44370 44373 44376 44379 44382 44385 
44388 44391 44394 44397 44400 44403 44406 44409 44412 
44415 44418 44421 44424 44427 44430 44433 44436 44439 
44442 44445 44448 44451 44454 44457 44460 44463 44466 
44469 44472 44475 44478 44481 44484 44487 44490 44493 
44496 44499 44502 44505 44508 44511 44514 44517 44520 
44523 44526 44529 44532 44535 44538 44541 44544 44547 
44550 44553 44556 44559 44562 44565 44568 44571 44574 
44577 44580 44583 44586 44589 44592 44595 44598 44601 
44604 44607 44610 44613 44616 44619 44622 44625 44628 
44631 44634 44637 44640 44643 44646 44649 44652 44655 
44658 44661 44664 44667 44670 44673 44676 44679 44682 
44685 44688 44691 44694 44697 44700 44703 44706 44709 
44712 44715 44718 44721 44724 44727 44730 44733 44736 
44739 44742 44745 44748 44751 44754 44757 44760 44763 
44766 44769 44772 44775 44778 44781 44784 44787 44790 
44793 44796 44799 44802 44805 44808 
CONNECTIVITY vtktypeint64
0 1 2 1 0 3 4 5 6 
4 7 8 5 4 8 7 9 10 
8 7 10 2 10 9 2 9 0 
0 9 11 12 3 0 12 0 13 
13 0 11 13 14 15 12 13 15 
14 16 17 15 14 17 17 16 18 
19 20 21 6 20 19 6 19 4 
4 19 22 7 4 23 23 4 22 
9 7 24 24 7 23 11 9 25 
25 9 24 13 11 26 26 11 25 
14 13 27 27 13 26 16 14 28 
28 14 27 29 18 16 29 16 30 
30 16 28 29 30 31 32 33 34 
21 33 32 21 32 19 19 32 35 
22 19 36 36 19 35 23 22 37 
37 22 36 24 23 38 38 23 37 
25 24 39 39 24 38 26 25 40 
40 25 39 27 26 41 41 26 40 
28 27 42 42 27 41 30 28 43 
43 28 42 44 31 30 44 30 45 
45 30 43 44 45 46 47 32 34 
48 47 34 35 32 49 49 32 47 
36 35 50 50 35 49 37 36 51 
51 36 50 38 37 52 52 37 51 
39 38 53 53 38 52 40 39 54 
54 39 53 41 40 55 55 40 54 
42 41 56 56 41 55 43 42 57 
57 42 56 45 43 58 58 43 57 
59 46 45 58 59 45 60 47 48 
61 60 48 49 47 62 62 47 60 
50 49 63 63 49 62 51 50 64 
64 50 63 52 51 65 65 51 64 
53 52 66 66 52 65 54 53 67 
67 53 66 55 54 68 68 54 67 
56 55 69 69 55 68 57 56 70 
70 56 69 58 57 71 71 57 70 
72 59 58 71 72 58 73 74 75 
61 74 73 61 73 60 60 73 76 
62 60 77 77 60 76 63 62 78 
78 62 77 64 63 79 79 63 78 
65 64 80 80 64 79 66 65 81 
81 65 80 67 66 82 82 66 81 
68 67 83 83 67 82 69 68 84 
84 68 83 70 69 85 85 69 84 
71 70 86 86 70 85 87 72 71 
87 71 88 88 71 86 87 88 89 
73 75 90 90 91 92 90 92 73 
73 92 76 77 76 93 93 76 92 
78 77 94 94 77 93 79 78 95 
95 78 94 80 79 96 96 79 95 
81 80 97 97 80 96 82 81 98 
98 81 97 83 82 99 99 82 98 
84 83 100 100 83 99 85 84 101 
101 84 100 86 85 102 102 85 101 
103 104 88 103 88 102 102 88 86 
89 88 104 105 92 91 106 105 91 
93 92 107 107 92 105 94 93 108 
108 93 107 95 94 109 109 94 108 
96 95 110 110 95 109 97 96 111 
111 96 110 98 97 112 112 97 111 
99 98 113 113 98 112 100 99 114 
114 99 113 101 100 115 115 100 114 
102 101 116 116 101 115 117 103 102 
116 117 102 118 105 106 119 118 106 
107 105 120 120 105 118 108 107 121 
121 107 120 109 108 122 122 108 121 
110 109 123 123 109 122 111 110 124 
124 110 123 112 111 125 125 111 124 
113 112 126 126 112 125 114 113 127 
127 113 126 115 114 128 128 114 127 
116 115 129 129 115 128 130 117 116 
129 130 116 118 119 131 131 132 133 
131 133 118 118 133 120 121 120 134 
134 120 133 122 121 135 135 121 134 
123 122 136 136 122 135 124 123 137 
137 123 136 125 124 138 138 124 137 
126 125 139 139 125 138 127 126 140 
140 126 139 128 127 141 141 127 140 
142 143 129 142 129 141 141 129 128 
130 129 143 133 132 144 144 145 146 
144 146 133 133 146 134 135 134 147 
147 134 146 136 135 148 148 135 147 
137 136 149 149 136 148 138 137 150 
150 137 149 139 138 151 151 138 150 
140 139 152 152 139 151 153 154 141 
153 141 152 152 141 140 142 141 154 
146 145 155 147 146 155 156 147 155 
148 147 156 157 148 156 157 158 159 
157 159 148 148 159 149 160 161 150 
160 150 159 159 150 149 151 150 161 
162 151 161 152 151 162 163 152 162 
153 152 163 159 158 164 160 159 164 
165 166 167 165 168 169 166 165 169 
168 170 171 169 168 171 170 172 173 
171 170 173 172 174 175 173 172 175 
174 176 177 175 174 177 176 178 179 
177 176 179 179 178 180 181 182 183 
167 182 181 167 181 165 165 181 184 
168 165 185 185 165 184 170 168 186 
186 168 185 172 170 187 187 170 186 
174 172 188 188 172 187 176 174 189 
189 174 188 178 176 190 190 176 189 
191 180 178 191 178 192 192 178 190 
191 192 193 194 195 196 194 197 198 
195 194 198 183 198 197 183 197 181 
181 197 199 184 181 200 200 181 199 
185 184 201 201 184 200 186 185 202 
202 185 201 1 202 2 1 187 202 
187 186 202 3 187 1 3 203 187 
203 188 187 189 188 204 204 188 203 
190 189 205 205 189 204 192 190 206 
206 190 205 207 193 192 207 192 208 
208 192 206 208 209 210 207 208 210 
210 209 211 212 194 196 213 212 196 
197 194 214 214 194 212 199 197 215 
215 197 214 5 215 6 5 200 215 
200 199 215 8 200 5 201 200 8 
10 201 8 202 201 10 2 202 10 
3 12 203 15 203 12 204 203 15 
17 204 15 205 204 17 18 205 17 
18 216 205 216 206 205 208 206 217 
217 206 216 209 208 218 218 208 217 
219 211 209 218 219 209 220 221 222 
213 221 220 213 220 212 212 220 223 
214 212 224 224 212 223 20 224 21 
20 215 224 215 214 224 6 215 20 
18 29 216 31 216 29 31 225 216 
225 217 216 218 217 226 226 217 225 
227 219 218 227 218 228 228 218 226 
227 228 229 230 231 232 222 231 230 
222 230 220 220 230 233 223 220 234 
234 220 233 33 234 34 33 224 234 
224 223 234 21 224 33 31 44 225 
46 225 44 46 235 225 235 226 225 
228 226 236 236 226 235 237 229 228 
237 228 238 238 228 236 237 238 239 
240 230 232 241 240 232 233 230 242 
242 230 240 234 233 243 243 233 242 
34 243 48 234 243 34 235 59 244 
46 59 235 236 235 245 245 235 244 
238 236 246 246 236 245 247 239 238 
246 247 238 248 240 241 249 248 241 
242 240 250 250 240 248 243 242 251 
251 242 250 48 251 61 243 251 48 
244 72 252 59 72 244 245 244 253 
253 244 252 246 245 254 254 245 253 
255 247 246 254 255 246 256 248 249 
257 256 249 250 248 258 258 248 256 
74 258 75 74 251 258 251 250 258 
61 251 74 72 87 252 89 252 87 
89 259 252 259 253 252 254 253 260 
260 253 259 261 255 254 260 261 254 
262 256 257 263 262 257 258 256 264 
264 256 262 75 265 90 75 258 265 
258 264 265 90 265 91 104 103 266 
104 259 89 104 266 259 266 267 259 
260 259 268 268 259 267 269 261 260 
268 269 260 270 262 263 271 270 263 
264 262 272 272 262 270 265 264 273 
273 264 272 91 273 106 265 273 91 
266 117 274 103 117 266 267 266 275 
275 266 274 268 267 276 276 267 275 
277 269 268 276 277 268 278 270 271 
279 278 271 272 270 280 280 270 278 
273 272 281 281 272 280 106 281 119 
273 281 106 274 130 282 117 130 274 
275 274 283 283 274 282 276 275 284 
284 275 283 285 277 276 284 285 276 
278 279 286 286 287 288 286 288 278 
278 288 280 281 280 289 289 280 288 
119 290 131 119 281 290 281 289 290 
131 290 132 143 142 291 143 282 130 
143 291 282 291 292 282 283 282 293 
293 282 292 294 295 284 294 284 293 
293 284 283 285 284 295 288 287 296 
296 297 298 296 298 288 288 298 289 
290 289 299 299 289 298 132 300 144 
132 290 300 290 299 300 144 300 145 
154 153 301 154 291 142 154 301 291 
301 302 291 292 291 303 303 291 302 
304 305 293 304 293 303 303 293 292 
294 293 305 306 298 297 307 306 297 
299 298 308 308 298 306 300 299 309 
309 299 308 145 310 155 145 300 310 
300 309 310 155 311 156 310 311 155 
156 312 157 311 312 156 157 312 158 
161 160 313 161 314 162 313 314 161 
162 315 163 314 315 162 163 301 153 
163 315 301 315 316 301 302 301 317 
317 301 316 303 302 318 318 302 317 
319 304 303 318 319 303 306 307 320 
308 306 320 321 308 320 321 322 323 
321 323 308 308 323 309 310 309 324 
324 309 323 311 310 325 325 310 324 
312 311 326 326 311 325 158 327 164 
158 312 327 312 326 327 164 313 160 
164 327 313 327 328 313 314 313 329 
329 313 328 315 314 330 330 314 329 
316 315 331 331 315 330 332 333 317 
332 317 331 331 317 316 318 317 333 
334 318 333 319 318 334 323 322 335 
335 336 337 335 337 323 323 337 324 
325 324 338 338 324 337 326 325 339 
339 325 338 327 326 340 340 326 339 
328 327 341 341 327 340 329 328 342 
342 328 341 330 329 343 343 329 342 
344 345 331 344 331 343 343 331 330 
332 331 345 337 336 346 338 337 346 
347 338 346 339 338 347 348 339 347 
340 339 348 349 340 348 341 340 349 
350 341 349 342 341 350 351 342 350 
343 342 351 352 343 351 344 343 352 
353 354 355 353 356 357 354 353 357 
356 358 359 357 356 359 358 360 361 
359 358 361 360 362 363 361 360 363 
363 362 364 365 366 367 365 368 369 
366 365 369 368 370 371 369 368 371 
355 371 370 355 370 353 353 370 372 
356 353 373 373 353 372 358 356 374 
374 356 373 360 358 375 375 358 374 
362 360 376 376 360 375 377 364 362 
377 362 378 378 362 376 378 379 380 
377 378 380 379 381 382 380 379 382 
382 381 383 384 385 386 367 385 384 
367 384 365 365 384 387 368 365 388 
388 365 387 166 388 167 166 370 388 
370 368 388 169 370 166 372 370 169 
171 372 169 373 372 171 173 373 171 
374 373 173 175 374 173 375 374 175 
177 375 175 376 375 177 179 376 177 
378 376 179 180 378 179 180 389 378 
389 379 378 381 379 390 390 379 389 
391 383 381 391 381 392 392 381 390 
391 392 393 394 395 396 386 395 394 
386 394 384 384 394 397 387 384 398 
398 384 397 182 398 183 182 388 398 
388 387 398 167 388 182 180 191 389 
193 389 191 193 399 389 399 390 389 
392 390 400 400 390 399 401 393 392 
401 392 402 402 392 400 401 402 403 
404 405 406 396 405 404 396 404 394 
394 404 407 195 407 196 195 397 407 
397 394 407 198 397 195 398 397 198 
183 398 198 193 207 399 210 399 207 
400 399 210 211 400 210 211 408 400 
408 402 400 409 403 402 409 402 410 
410 402 408 409 410 411 412 413 414 
406 413 412 406 412 404 404 412 415 
407 404 416 416 404 415 196 416 213 
407 416 196 408 219 417 211 219 408 
410 408 418 418 408 417 419 411 410 
419 410 420 420 410 418 419 420 421 
422 412 414 423 422 414 415 412 424 
424 412 422 221 424 222 221 416 424 
416 415 424 213 416 221 219 227 417 
229 417 227 229 425 417 425 418 417 
420 418 426 426 418 425 427 421 420 
426 427 420 428 422 423 429 428 423 
231 428 232 231 424 428 424 422 428 
222 424 231 229 237 425 239 425 237 
239 430 425 430 426 425 431 427 426 
430 431 426 432 433 434 429 433 432 
429 432 428 428 432 435 232 435 241 
428 435 232 430 247 436 239 247 430 
437 431 430 437 430 438 438 430 436 
437 438 439 440 432 434 441 440 434 
435 432 442 442 432 440 241 442 249 
435 442 241 436 255 443 247 255 436 
438 436 444 444 436 443 445 439 438 
444 445 438 446 440 441 447 446 441 
442 440 448 448 440 446 249 448 257 
442 448 249 443 261 449 255 261 443 
444 443 450 450 443 449 451 445 444 
450 451 444 452 446 447 453 452 447 
448 446 454 454 446 452 257 454 263 
448 454 257 449 269 455 261 269 449 
450 449 456 456 449 455 457 451 450 
456 457 450 458 452 453 459 458 453 
454 452 460 460 452 458 263 460 271 
454 460 263 455 277 461 269 277 455 
456 455 462 462 455 461 463 457 456 
462 463 456 458 459 464 464 465 466 
464 466 458 458 466 460 271 466 279 
460 466 271 461 285 467 277 285 461 
468 469 462 468 462 467 467 462 461 
463 462 469 470 466 465 471 470 465 
279 472 286 279 466 472 466 470 472 
286 472 287 295 294 473 295 467 285 
295 473 467 473 474 467 475 468 467 
474 475 467 476 470 471 477 476 471 
472 470 478 478 470 476 287 479 296 
287 472 479 472 478 479 296 479 297 
305 304 480 305 473 294 305 480 473 
480 481 473 474 473 482 482 473 481 
483 475 474 482 483 474 476 477 484 
484 485 486 484 486 476 476 486 478 
479 478 487 487 478 486 297 487 307 
479 487 297 480 319 488 304 319 480 
481 480 489 489 480 488 490 491 482 
490 482 489 489 482 481 483 482 491 
486 485 492 492 493 494 492 494 486 
486 494 487 307 495 320 307 487 495 
487 494 495 320 496 321 495 496 320 
321 496 322 333 332 497 333 498 334 
497 498 333 334 488 319 334 498 488 
498 499 488 500 501 489 500 489 499 
499 489 488 490 489 501 494 493 502 
502 503 504 502 504 494 494 504 495 
496 495 505 505 495 504 322 506 335 
322 496 506 496 505 506 335 506 336 
345 344 507 345 497 332 345 507 497 
507 508 497 498 497 509 509 497 508 
510 511 499 510 499 509 509 499 498 
500 499 511 504 503 512 512 513 514 
512 514 504 504 514 505 506 505 515 
515 505 514 336 516 346 336 506 516 
506 515 516 346 517 347 516 517 346 
347 518 348 517 518 347 348 519 349 
518 519 348 349 520 350 519 520 349 
350 521 351 520 521 350 351 522 352 
521 522 351 352 507 344 352 522 507 
522 523 507 508 507 524 524 507 523 
525 526 509 525 509 524 524 509 508 
510 509 526 514 513 527 515 514 527 
528 515 527 516 515 528 529 516 528 
529 530 531 529 531 516 516 531 517 
518 517 532 532 517 531 519 518 533 
533 518 532 520 519 534 534 519 533 
521 520 535 535 520 534 536 537 522 
536 522 535 535 522 521 523 522 537 
538 523 537 524 523 538 539 524 538 
525 524 539 531 530 540 532 531 540 
541 532 540 533 532 541 542 533 541 
534 533 542 543 534 542 535 534 543 
544 535 543 536 535 544 545 546 547 
545 548 549 546 545 549 548 550 551 
549 548 551 550 552 553 551 550 553 
552 554 555 553 552 555 554 556 557 
555 554 557 556 558 559 557 556 559 
558 560 561 559 558 561 560 562 563 
561 560 563 563 562 564 565 566 567 
565 568 569 566 565 569 547 569 568 
547 568 545 545 568 570 548 545 571 
571 545 570 354 571 355 354 550 571 
550 548 571 357 550 354 552 550 357 
359 552 357 554 552 359 361 554 359 
556 554 361 363 556 361 558 556 363 
364 558 363 364 572 558 572 560 558 
562 560 573 573 560 572 574 564 562 
574 562 575 575 562 573 575 576 577 
574 575 577 577 576 578 579 580 581 
567 580 579 567 579 565 565 579 582 
366 582 367 366 568 582 568 565 582 
369 568 366 570 568 369 371 570 369 
571 570 371 355 571 371 364 377 572 
380 572 377 573 572 380 382 573 380 
575 573 382 383 575 382 383 583 575 
583 576 575 584 578 576 584 576 585 
585 576 583 584 585 586 587 588 589 
581 588 587 581 587 579 579 587 590 
385 590 386 385 582 590 582 579 590 
367 582 385 383 391 583 393 583 391 
393 591 583 591 585 583 592 586 585 
592 585 593 593 585 591 592 593 594 
595 596 597 589 596 595 589 595 587 
587 595 598 395 598 396 395 590 598 
590 587 598 386 590 395 393 401 591 
403 591 401 403 599 591 599 593 591 
600 594 593 600 593 601 601 593 599 
600 601 602 603 604 605 597 604 603 
597 603 595 595 603 606 405 606 406 
405 598 606 598 595 606 396 598 405 
403 409 599 411 599 409 411 607 599 
607 601 599 608 602 601 608 601 609 
609 601 607 608 609 610 611 603 605 
612 611 605 413 611 414 413 606 611 
606 603 611 406 606 413 411 419 607 
421 607 419 421 613 607 613 609 607 
614 610 609 613 614 609 615 616 617 
612 616 615 612 615 611 611 615 618 
414 618 423 611 618 414 613 427 619 
421 427 613 620 614 613 620 613 621 
621 613 619 620 621 622 623 615 617 
624 623 617 618 615 625 625 615 623 
423 625 429 618 625 423 619 431 626 
427 431 619 621 619 627 627 619 626 
628 622 621 627 628 621 629 623 624 
630 629 624 433 629 434 433 625 629 
625 623 629 429 625 433 431 437 626 
439 626 437 439 631 626 631 627 626 
632 628 627 631 632 627 633 629 630 
634 633 630 434 633 441 629 633 434 
631 445 635 439 445 631 636 632 631 
635 636 631 637 633 634 638 637 634 
441 637 447 633 637 441 635 451 639 
445 451 635 640 636 635 639 640 635 
641 637 638 642 641 638 447 641 453 
637 641 447 639 457 643 451 457 639 
644 640 639 643 644 639 645 641 642 
646 645 642 453 645 459 641 645 453 
643 463 647 457 463 643 648 644 643 
647 648 643 649 645 646 650 649 646 
459 651 464 459 645 651 645 649 651 
464 651 465 469 468 652 469 647 463 
469 652 647 652 653 647 654 648 647 
653 654 647 655 649 650 656 655 650 
651 649 657 657 649 655 465 657 471 
651 657 465 652 475 658 468 475 652 
653 652 659 659 652 658 660 654 653 
659 660 653 655 656 661 661 662 663 
661 663 655 655 663 657 471 663 477 
657 663 471 658 483 664 475 483 658 
665 666 659 665 659 664 664 659 658 
660 659 666 667 663 662 668 667 662 
477 669 484 477 663 669 663 667 669 
484 669 485 491 490 670 491 664 483 
491 670 664 670 671 664 672 665 664 
671 672 664 667 668 673 673 674 675 
673 675 667 667 675 669 485 676 492 
485 669 676 669 675 676 492 676 493 
501 500 677 501 670 490 501 677 670 
677 678 670 679 680 671 679 671 678 
678 671 670 672 671 680 675 674 681 
681 682 683 681 683 675 675 683 676 
493 684 502 493 676 684 676 683 684 
502 684 503 511 510 685 511 677 500 
511 685 677 685 686 677 687 688 678 
687 678 686 686 678 677 679 678 688 
683 682 689 689 690 691 689 691 683 
683 691 684 503 692 512 503 684 692 
684 691 692 512 692 513 526 525 693 
526 685 510 526 693 685 693 694 685 
695 696 686 695 686 694 694 686 685 
687 686 696 691 690 697 697 698 699 
697 699 691 691 699 692 513 700 527 
513 692 700 692 699 700 527 701 528 
700 701 527 528 702 529 701 702 528 
529 702 530 537 536 703 537 704 538 
703 704 537 538 705 539 704 705 538 
539 693 525 539 705 693 705 706 693 
707 708 694 707 694 706 706 694 693 
695 694 708 699 698 709 700 699 709 
710 700 709 710 711 712 710 712 700 
700 712 701 702 701 713 713 701 712 
530 714 540 530 702 714 702 713 714 
540 715 541 714 715 540 541 716 542 
715 716 541 542 717 543 716 717 542 
543 718 544 717 718 543 544 703 536 
544 718 703 718 719 703 704 703 720 
720 703 719 721 722 705 721 705 720 
720 705 704 706 705 722 723 706 722 
707 706 723 712 711 724 713 712 724 
725 713 724 714 713 725 726 714 725 
715 714 726 727 715 726 716 715 727 
728 716 727 717 716 728 729 717 728 
718 717 729 730 718 729 719 718 730 
731 719 730 720 719 731 732 720 731 
721 720 732 733 734 735 733 736 737 
734 733 737 736 738 739 737 736 739 
739 738 740 741 742 743 741 744 745 
742 741 745 744 746 747 745 744 747 
746 748 749 747 746 749 735 749 748 
735 748 733 733 748 750 736 733 751 
751 733 750 738 736 752 752 736 751 
753 740 738 753 738 754 754 738 752 
754 755 756 753 754 756 755 757 758 
756 755 758 757 759 760 758 757 760 
760 759 761 762 763 764 762 765 766 
763 762 766 743 766 765 743 765 741 
741 765 767 546 767 547 546 744 767 
744 741 767 549 744 546 746 744 549 
551 746 549 748 746 551 553 748 551 
750 748 553 555 750 553 751 750 555 
557 751 555 752 751 557 559 752 557 
754 752 559 561 754 559 755 754 561 
563 755 561 757 755 563 564 757 563 
564 768 757 768 759 757 769 761 759 
769 759 770 770 759 768 770 771 772 
769 770 772 772 771 773 774 775 776 
764 775 774 764 774 762 762 774 777 
566 777 567 566 765 777 765 762 777 
569 765 566 767 765 569 547 767 569 
564 574 768 577 768 574 770 768 577 
578 770 577 578 778 770 778 771 770 
779 773 771 779 771 780 780 771 778 
779 780 781 782 783 784 776 783 782 
776 782 774 774 782 785 580 785 581 
580 777 785 777 774 785 567 777 580 
578 584 778 586 778 584 586 786 778 
786 780 778 787 781 780 787 780 788 
788 780 786 787 788 789 790 791 792 
784 791 790 784 790 782 782 790 793 
588 793 589 588 785 793 785 782 793 
581 785 588 586 592 786 594 786 592 
594 794 786 794 788 786 795 789 788 
795 788 796 796 788 794 795 796 797 
798 799 800 792 799 798 792 798 790 
790 798 801 596 801 597 596 793 801 
793 790 801 589 793 596 594 600 794 
602 794 600 602 802 794 802 796 794 
803 797 796 803 796 804 804 796 802 
803 804 805 806 798 800 807 806 800 
604 806 605 604 801 806 801 798 806 
597 801 604 602 608 802 610 802 608 
610 808 802 808 804 802 809 805 804 
808 809 804 810 811 812 807 811 810 
807 810 806 806 810 813 605 813 612 
806 813 605 808 614 814 610 614 808 
815 809 808 815 808 816 816 808 814 
815 816 817 818 810 812 819 818 812 
616 818 617 616 813 818 813 810 818 
612 813 616 614 620 814 622 814 620 
622 820 814 820 816 814 821 817 816 
820 821 816 822 818 819 823 822 819 
617 822 624 818 822 617 820 628 824 
622 628 820 825 821 820 824 825 820 
826 822 823 827 826 823 624 826 630 
822 826 624 824 632 828 628 632 824 
829 825 824 828 829 824 830 831 832 
827 831 830 827 830 826 826 830 833 
630 833 634 826 833 630 828 636 834 
632 636 828 835 829 828 835 828 836 
836 828 834 835 836 837 838 830 832 
839 838 832 833 830 840 840 830 838 
634 840 638 833 840 634 834 640 841 
636 640 834 836 834 842 842 834 841 
843 837 836 842 843 836 844 838 839 
845 844 839 840 838 846 846 838 844 
638 846 642 840 846 638 841 644 847 
640 644 841 842 841 848 848 841 847 
849 843 842 848 849 842 844 845 850 
850 851 852 850 852 844 844 852 846 
642 852 646 846 852 642 847 648 853 
644 648 847 854 855 848 854 848 853 
853 848 847 849 848 855 856 852 851 
857 856 851 646 856 650 852 856 646 
853 654 858 648 654 853 859 854 853 
858 859 853 860 856 857 861 860 857 
650 860 656 856 860 650 858 660 862 
654 660 858 863 859 858 862 863 858 
864 860 861 865 864 861 656 866 661 
656 860 866 860 864 866 661 866 662 
666 665 867 666 862 660 666 867 862 
867 868 862 869 863 862 868 869 862 
864 865 870 870 871 872 870 872 864 
864 872 866 662 872 668 866 872 662 
867 672 873 665 672 867 874 875 868 
874 868 873 873 868 867 869 868 875 
876 872 871 877 876 871 668 878 673 
668 872 878 872 876 878 673 878 674 
680 679 879 680 873 672 680 879 873 
879 880 873 881 874 873 880 881 873 
876 877 882 882 883 884 882 884 876 
876 884 878 674 885 681 674 878 885 
878 884 885 681 885 682 688 687 886 
688 879 679 688 886 879 886 887 879 
888 889 880 888 880 887 887 880 879 
881 880 889 884 883 890 890 891 892 
890 892 884 884 892 885 682 893 689 
682 885 893 885 892 893 689 893 690 
696 695 894 696 886 687 696 894 886 
894 895 886 896 897 887 896 887 895 
895 887 886 888 887 897 892 891 898 
898 899 900 898 900 892 892 900 893 
690 901 697 690 893 901 893 900 901 
697 901 698 708 707 902 708 894 695 
708 902 894 902 903 894 904 905 895 
904 895 903 903 895 894 896 895 905 
900 899 906 906 907 908 906 908 900 
900 908 901 698 909 709 698 901 909 
901 908 909 709 910 710 909 910 709 
710 910 711 722 721 911 722 912 723 
911 912 722 723 902 707 723 912 902 
912 913 902 914 915 903 914 903 913 
913 903 902 904 903 915 908 907 916 
909 908 916 917 909 916 917 918 919 
917 919 909 909 919 910 711 920 724 
711 910 920 910 919 920 724 921 725 
920 921 724 725 922 726 921 922 725 
726 923 727 922 923 726 727 924 728 
923 924 727 728 925 729 924 925 728 
729 926 730 925 926 729 730 927 731 
926 927 730 731 928 732 927 928 731 
732 911 721 732 928 911 928 929 911 
930 931 912 930 912 929 929 912 911 
913 912 931 932 913 931 914 913 932 
919 918 933 920 919 933 934 920 933 
921 920 934 935 921 934 922 921 935 
936 922 935 936 937 938 936 938 922 
922 938 923 924 923 939 939 923 938 
925 924 940 940 924 939 941 942 926 
941 926 940 940 926 925 927 926 942 
943 927 942 928 927 943 944 928 943 
929 928 944 945 929 944 930 929 945 
938 937 946 939 938 946 947 939 946 
940 939 947 948 940 947 941 940 948 
949 950 951 949 952 953 950 949 953 
952 954 955 953 952 955 954 956 957 
955 954 957 956 958 959 957 956 959 
959 958 960 961 962 963 961 964 965 
962 961 965 964 966 967 965 964 967 
951 967 966 951 966 949 949 966 968 
734 968 735 734 952 968 952 949 968 
737 952 734 954 952 737 739 954 737 
956 954 739 740 956 739 740 969 956 
969 958 956 970 960 958 970 958 971 
971 958 969 971 972 973 970 971 973 
972 974 975 973 972 975 975 974 976 
977 978 979 977 980 981 978 977 981 
963 981 980 961 963 980 961 980 743 
961 743 742 745 961 742 964 961 745 
747 964 745 966 964 747 749 966 747 
968 966 749 735 968 749 740 753 969 
756 969 753 971 969 756 758 971 756 
972 971 758 760 972 758 974 972 760 
761 982 983 760 761 983 760 983 976 
760 976 974 982 984 985 983 982 985 
985 984 986 987 988 989 979 988 987 
977 979 987 977 987 764 977 764 763 
766 977 763 980 977 766 743 980 766 
761 769 982 772 982 769 984 982 772 
773 990 991 772 773 991 772 991 986 
772 986 984 991 990 992 993 994 995 
993 996 997 994 993 997 989 997 996 
987 989 996 987 996 776 987 776 775 
764 987 775 773 779 990 781 998 999 
779 781 999 779 999 992 779 992 990 
998 1000 1001 999 998 1001 1001 1000 1002 
1003 993 995 1004 1003 995 783 1003 784 
783 996 1003 996 993 1003 776 996 783 
781 787 998 789 998 787 789 1005 998 
1005 1000 998 1006 1002 1000 1005 1006 1000 
1007 1008 1009 1004 1008 1007 1003 1004 1007 
1003 1007 792 1003 792 791 784 1003 791 
789 795 1005 797 1010 1011 795 797 1011 
795 1011 1006 795 1006 1005 1011 1010 1012 
1013 1014 1015 1009 1014 1013 1007 1009 1013 
1007 1013 800 1007 800 799 792 1007 799 
797 803 1010 805 1016 1017 803 805 1017 
803 1017 1012 803 1012 1010 1017 1016 1018 
1019 1013 1015 1020 1019 1015 800 1019 807 
1013 1019 800 1016 809 1021 805 809 1016 
1022 1018 1016 1021 1022 1016 1023 1024 1025 
1020 1024 1023 1019 1020 1023 1019 1023 812 
1019 812 811 807 1019 811 809 815 1021 
817 1026 1027 815 817 1027 815 1027 1022 
815 1022 1021 1027 1026 1028 1029 1023 1025 
1030 1029 1025 812 1029 819 1023 1029 812 
1026 821 1031 817 821 1026 1032 1028 1026 
1031 1032 1026 1033 1029 1030 1034 1033 1030 
819 1033 823 1029 1033 819 1031 825 1035 
821 825 1031 1036 1032 1031 1035 1036 1031 
1037 1038 1039 1034 1038 1037 1034 1037 1033 
1033 1037 1040 823 1040 827 1033 1040 823 
1035 829 1041 825 829 1035 1042 1036 1035 
1042 1035 1043 1043 1035 1041 1042 1043 1044 
1045 1037 1039 1046 1045 1039 831 1045 832 
831 1040 1045 1040 1037 1045 827 1040 831 
829 835 1041 837 1041 835 837 1047 1041 
1047 1043 1041 1048 1044 1043 1047 1048 1043 
1049 1045 1046 1050 1049 1046 832 1049 839 
1045 1049 832 1047 843 1051 837 843 1047 
1052 1048 1047 1051 1052 1047 1053 1049 1050 
1054 1053 1050 839 1053 845 1049 1053 839 
1051 849 1055 843 849 1051 1056 1052 1051 
1055 1056 1051 1057 1053 1054 1058 1057 1054 
845 1059 850 845 1053 1059 1053 1057 1059 
850 1059 851 855 854 1060 855 1055 849 
855 1060 1055 1060 1061 1055 1062 1056 1055 
1061 1062 1055 1057 1058 1063 1063 1064 1065 
1063 1065 1057 1057 1065 1059 851 1065 857 
1059 1065 851 1060 859 1066 854 859 1060 
1067 1068 1061 1067 1061 1066 1066 1061 1060 
1062 1061 1068 1069 1065 1064 1070 1069 1064 
857 1069 861 1065 1069 857 1066 863 1071 
859 863 1066 1072 1067 1066 1071 1072 1066 
1073 1069 1070 1074 1073 1070 861 1073 865 
1069 1073 861 1071 869 1075 863 869 1071 
1076 1072 1071 1075 1076 1071 1073 1074 1077 
1078 1077 1079 870 1077 1078 870 1073 1077 
870 865 1073 870 1078 871 875 874 1080 
875 1080 1081 869 875 1081 869 1081 1082 
869 1082 1075 1076 1075 1082 1083 1078 1079 
1084 1083 1079 871 1083 877 1078 1083 871 
1080 881 1085 874 881 1080 1086 1081 1080 
1085 1086 1080 1083 1084 1087 1088 1087 1089 
882 1087 1088 882 1083 1087 882 877 1083 
882 1088 883 889 888 1090 889 1090 1091 
881 889 1091 881 1091 1092 881 1092 1085 
1086 1085 1092 1088 1089 1093 1094 1093 1095 
890 1093 1094 890 1088 1093 890 883 1088 
890 1094 891 897 896 1096 897 1096 1097 
888 897 1097 888 1097 1098 888 1098 1090 
1091 1090 1098 1099 1094 1095 1100 1099 1095 
891 1101 898 891 1094 1101 1094 1099 1101 
898 1101 899 905 904 1102 905 1096 896 
905 1102 1096 1102 1103 1096 1104 1097 1096 
1103 1104 1096 1099 1100 1105 1101 1099 1105 
1106 1101 1105 1107 1106 1108 906 1106 1107 
906 1101 1106 906 899 1101 906 1107 907 
915 914 1109 915 1109 1110 904 915 1110 
904 1110 1111 904 1111 1102 1103 1102 1111 
1112 1103 1111 1104 1103 1112 1107 1108 1113 
1114 1113 1115 916 1113 1114 916 1107 1113 
916 907 1107 916 1116 917 1114 1116 916 
917 1116 918 931 930 1117 931 1118 932 
1117 1118 931 932 1118 1119 914 932 1119 
914 1119 1120 914 1120 1109 1110 1109 1120 
1114 1115 1121 1116 1114 1121 1122 1116 1121 
1123 1122 1124 933 1122 1123 933 1116 1122 
933 918 1116 933 1125 934 1123 1125 933 
934 1126 935 1125 1126 934 935 1127 936 
1126 1127 935 936 1127 937 942 941 1128 
942 1129 943 1128 1129 942 943 1130 944 
1129 1130 943 944 1131 945 1130 1131 944 
945 1131 1132 930 945 1132 930 1132 1133 
930 1133 1117 1118 1117 1133 1134 1118 1133 
1119 1118 1134 1123 1124 1135 1125 1123 1135 
1136 1125 1135 1126 1125 1136 1137 1126 1136 
1137 1138 1139 1137 1139 1126 1126 1139 1127 
937 1140 946 937 1127 1140 1127 1139 1140 
946 1141 947 1140 1141 946 947 1142 948 
1141 1142 947 948 1128 941 948 1142 1128 
1142 1143 1128 1144 1145 1129 1144 1129 1143 
1143 1129 1128 1130 1129 1145 1146 1130 1145 
1131 1130 1146 1147 1131 1146 1132 1131 1147 
1139 1138 1148 1140 1139 1148 1149 1140 1148 
1141 1140 1149 1150 1141 1149 1142 1141 1150 
1151 1142 1150 1143 1142 1151 1152 1143 1151 
1144 1143 1152 1153 1154 1155 1153 1156 1157 
1154 1153 1157 1156 1158 1159 1157 1156 1159 
1159 1158 1160 1161 1162 1163 1161 1164 1165 
1162 1161 1165 1164 1166 1167 1165 1164 1167 
1166 951 950 1166 950 1167 1167 950 1168 
1155 953 1153 1155 1168 953 1168 950 953 
955 1153 953 1156 1153 955 957 1156 955 
1158 1156 957 1158 1169 1160 1158 957 1169 
957 959 1169 960 1170 1171 960 1171 959 
959 1171 1169 1170 1172 1173 1171 1170 1173 
1172 1174 1175 1173 1172 1175 1175 1174 1176 
1177 1178 1179 1177 1180 1181 1178 1177 1181 
1163 1181 1180 1161 1163 1180 1161 1180 963 
1161 963 962 965 1161 962 1164 1161 965 
967 1164 965 1166 1164 967 951 1166 967 
960 970 1170 973 1170 970 1172 1170 973 
975 1172 973 1174 1172 975 976 1182 1183 
975 976 1183 975 1183 1176 975 1176 1174 
1182 1184 1185 1183 1182 1185 1185 1184 1186 
1187 1188 1189 1187 1190 1191 1188 1187 1191 
1179 1191 1190 1177 1179 1190 1177 1190 979 
1177 979 978 981 1177 978 1180 1177 981 
963 1180 981 976 983 1182 985 1182 983 
1184 1182 985 986 1192 1193 985 986 1193 
985 1193 1186 985 1186 1184 1192 1194 1195 
1193 1192 1195 1195 1194 1196 1197 1198 1199 
1189 1198 1197 1189 1197 1187 1187 1197 1200 
988 1200 989 988 1190 1200 1190 1187 1200 
979 1190 988 986 991 1192 992 1192 991 
992 1201 1192 1201 1194 1192 1202 1196 1194 
1202 1194 1203 1203 1194 1201 1202 1203 1204 
1205 1206 1207 1199 1206 1205 1197 1199 1205 
1197 1205 995 1197 995 994 997 1197 994 
1200 1197 997 989 1200 997 992 999 1201 
1001 1201 999 1203 1201 1001 1002 1208 1209 
1001 1002 1209 1001 1209 1204 1001 1204 1203 
1209 1208 1210 1211 1212 1213 1207 1212 1211 
1207 1211 1205 1205 1211 1214 995 1214 1004 
1205 1214 995 1208 1006 1215 1002 1006 1208 
1216 1210 1208 1216 1208 1217 1217 1208 1215 
1216 1217 1218 1219 1211 1213 1220 1219 1213 
1008 1219 1009 1008 1214 1219 1214 1211 1219 
1004 1214 1008 1006 1011 1215 1012 1215 1011 
1012 1221 1215 1221 1217 1215 1222 1218 1217 
1221 1222 1217 1223 1224 1225 1220 1224 1223 
1219 1220 1223 1219 1223 1015 1219 1015 1014 
1009 1219 1014 1012 1017 1221 1018 1226 1227 
1017 1018 1227 1017 1227 1222 1017 1222 1221 
1227 1226 1228 1229 1223 1225 1230 1229 1225 
1015 1229 1020 1223 1229 1015 1226 1022 1231 
1018 1022 1226 1232 1228 1226 1231 1232 1226 
1233 1234 1235 1230 1234 1233 1229 1230 1233 
1229 1233 1025 1229 1025 1024 1020 1229 1024 
1022 1027 1231 1028 1236 1237 1027 1028 1237 
1027 1237 1232 1027 1232 1231 1237 1236 1238 
1239 1233 1235 1240 1239 1235 1025 1239 1030 
1233 1239 1025 1236 1032 1241 1028 1032 1236 
1242 1238 1236 1241 1242 1236 1243 1239 1240 
1244 1243 1240 1030 1243 1034 1239 1243 1030 
1241 1036 1245 1032 1036 1241 1246 1242 1241 
1245 1246 1241 1038 1243 1244 1038 1244 1039 
1039 1244 1247 1034 1243 1038 1036 1042 1245 
1245 1042 1044 1245 1044 1246 1246 1044 1248 
1249 1250 1251 1249 1247 1250 1249 1046 1247 
1046 1039 1247 1252 1048 1253 1252 1248 1048 
1248 1044 1048 1252 1253 1254 1255 1249 1251 
1256 1255 1251 1046 1255 1050 1249 1255 1046 
1253 1052 1257 1048 1052 1253 1258 1254 1253 
1257 1258 1253 1259 1255 1256 1260 1259 1256 
1050 1259 1054 1255 1259 1050 1257 1056 1261 
1052 1056 1257 1262 1258 1257 1261 1262 1257 
1259 1260 1263 1263 1054 1259 1263 1264 1054 
1264 1058 1054 1261 1265 1266 1261 1056 1265 
1056 1062 1265 1262 1261 1266 1267 1063 1058 
1267 1058 1268 1268 1058 1264 1063 1267 1064 
1068 1067 1269 1068 1269 1270 1068 1270 1062 
1062 1270 1265 1271 1267 1268 1272 1271 1268 
1064 1271 1070 1267 1271 1064 1269 1072 1273 
1067 1072 1269 1274 1270 1269 1273 1274 1269 
1275 1271 1272 1276 1275 1272 1070 1275 1074 
1271 1275 1070 1273 1076 1277 1072 1076 1273 
1278 1274 1273 1277 1278 1273 1275 1276 1279 
1280 1279 1281 1077 1279 1280 1077 1275 1279 
1077 1074 1275 1077 1280 1079 1082 1081 1282 
1082 1282 1283 1076 1082 1283 1076 1283 1284 
1076 1284 1277 1278 1277 1284 1285 1280 1281 
1286 1285 1281 1079 1285 1084 1280 1285 1079 
1282 1086 1287 1081 1086 1282 1288 1283 1282 
1287 1288 1282 1285 1286 1289 1290 1289 1291 
1087 1289 1290 1087 1285 1289 1087 1084 1285 
1087 1290 1089 1092 1091 1292 1092 1292 1293 
1086 1092 1293 1086 1293 1294 1086 1294 1287 
1288 1287 1294 1295 1290 1291 1296 1295 1291 
1089 1297 1093 1089 1290 1297 1290 1295 1297 
1093 1297 1095 1098 1097 1298 1098 1292 1091 
1098 1298 1292 1298 1299 1292 1300 1293 1292 
1299 1300 1292 1295 1296 1301 1301 1302 1303 
1301 1303 1295 1295 1303 1297 1095 1303 1100 
1297 1303 1095 1298 1104 1304 1097 1104 1298 
1305 1306 1299 1305 1299 1304 1304 1299 1298 
1300 1299 1306 1303 1302 1307 1308 1307 1309 
1105 1307 1308 1105 1303 1307 1105 1100 1303 
1105 1310 1106 1308 1310 1105 1106 1310 1108 
1111 1110 1311 1111 1312 1112 1311 1312 1111 
1112 1312 1313 1104 1112 1313 1104 1313 1314 
1104 1314 1304 1305 1304 1314 1308 1309 1315 
1315 1316 1317 1315 1317 1308 1308 1317 1310 
1108 1318 1113 1108 1310 1318 1310 1317 1318 
1113 1318 1115 1120 1119 1319 1120 1311 1110 
1120 1319 1311 1319 1320 1311 1321 1322 1312 
1321 1312 1320 1320 1312 1311 1313 1312 1322 
1317 1316 1323 1318 1317 1323 1324 1318 1323 
1325 1324 1326 1121 1324 1325 1121 1318 1324 
1121 1115 1318 1121 1327 1122 1325 1327 1121 
1122 1327 1124 1133 1132 1328 1133 1329 1134 
1328 1329 1133 1134 1329 1330 1119 1134 1330 
1119 1330 1331 1119 1331 1319 1320 1319 1331 
1332 1320 1331 1321 1320 1332 1325 1326 1333 
1327 1325 1333 1334 1327 1333 1335 1334 1336 
1135 1334 1335 1135 1327 1334 1135 1124 1327 
1135 1337 1136 1335 1337 1135 1136 1338 1137 
1337 1338 1136 1137 1338 1138 1145 1144 1339 
1145 1340 1146 1339 1340 1145 1146 1341 1147 
1340 1341 1146 1147 1341 1342 1132 1147 1342 
1132 1342 1343 1132 1343 1328 1329 1328 1343 
1344 1329 1343 1330 1329 1344 1335 1336 1345 
1337 1335 1345 1346 1337 1345 1338 1337 1346 
1347 1338 1346 1138 1338 1347 1138 1347 1148 
1148 1347 1348 1349 1348 1350 1349 1149 1348 
1149 1148 1348 1149 1351 1150 1349 1351 1149 
1150 1352 1151 1351 1352 1150 1353 1151 1352 
1353 1354 1151 1354 1152 1151 1339 1144 1152 
1339 1152 1355 1355 1152 1354 1340 1339 1355 
1356 1340 1355 1341 1340 1356 1357 1341 1356 
1342 1341 1357 1349 1350 1358 1351 1349 1358 
1359 1351 1358 1352 1351 1359 1360 1352 1359 
1353 1352 1360 1361 1362 1363 1361 1364 1365 
1362 1361 1365 1364 1366 1367 1365 1364 1367 
1366 1368 1369 1367 1366 1369 1368 1155 1154 
1368 1154 1369 1369 1154 1370 1157 1371 1154 
1154 1371 1370 1159 1372 1157 1157 1372 1371 
1160 1373 1374 1160 1374 1159 1159 1374 1372 
1373 1375 1376 1374 1373 1376 1375 1377 1378 
1376 1375 1378 1377 1379 1380 1378 1377 1380 
1380 1379 1381 1382 1383 1384 1382 1385 1386 
1383 1382 1386 1363 1386 1385 1361 1363 1385 
1361 1385 1163 1361 1163 1162 1165 1361 1162 
1364 1361 1165 1167 1364 1165 1366 1364 1167 
1168 1366 1167 1368 1366 1168 1155 1368 1168 
1160 1169 1373 1171 1373 1169 1375 1373 1171 
1173 1375 1171 1377 1375 1173 1175 1377 1173 
1379 1377 1175 1176 1387 1388 1175 1176 1388 
1175 1388 1381 1175 1381 1379 1387 1389 1390 
1388 1387 1390 1390 1389 1391 1392 1393 1394 
1392 1395 1396 1393 1392 1396 1384 1396 1395 
1382 1384 1395 1382 1395 1179 1382 1179 1178 
1181 1382 1178 1385 1382 1181 1163 1385 1181 
1176 1183 1387 1185 1387 1183 1389 1387 1185 
1186 1397 1398 1185 1186 1398 1185 1398 1391 
1185 1391 1389 1397 1399 1400 1398 1397 1400 
1400 1399 1401 1402 1403 1404 1394 1403 1402 
1392 1394 1402 1392 1402 1189 1392 1189 1188 
1191 1392 1188 1395 1392 1191 1179 1395 1191 
1186 1193 1397 1195 1397 1193 1399 1397 1195 
1196 1405 1406 1195 1196 1406 1195 1406 1401 
1195 1401 1399 1406 1405 1407 1408 1409 1410 
1404 1409 1408 1402 1404 1408 1402 1408 1199 
1402 1199 1198 1189 1402 1198 1196 1202 1405 
1204 1411 1412 1202 1204 1412 1202 1412 1407 
1202 1407 1405 1412 1411 1413 1414 1415 1416 
1410 1415 1414 1408 1410 1414 1408 1414 1207 
1408 1207 1206 1199 1408 1206 1204 1209 1411 
1210 1417 1418 1209 1210 1418 1209 1418 1413 
1209 1413 1411 1418 1417 1419 1420 1421 1422 
1416 1421 1420 1414 1416 1420 1414 1420 1213 
1414 1213 1212 1207 1414 1212 1210 1216 1417 
1218 1423 1424 1216 1218 1424 1216 1424 1419 
1216 1419 1417 1424 1423 1425 1426 1420 1422 
1427 1426 1422 1213 1426 1220 1420 1426 1213 
1423 1222 1428 1218 1222 1423 1429 1425 1423 
1428 1429 1423 1430 1431 1432 1427 1431 1430 
1426 1427 1430 1426 1430 1225 1426 1225 1224 
1220 1426 1224 1222 1227 1428 1228 1433 1434 
1227 1228 1434 1227 1434 1429 1227 1429 1428 
1434 1433 1435 1436 1430 1432 1437 1436 1432 
1225 1436 1230 1430 1436 1225 1433 1232 1438 
1228 1232 1433 1439 1435 1433 1438 1439 1433 
1440 1441 1442 1437 1441 1440 1436 1437 1440 
1436 1440 1235 1436 1235 1234 1230 1436 1234 
1232 1237 1438 1238 1443 1444 1237 1238 1444 
1237 1444 1439 1237 1439 1438 1444 1443 1445 
1446 1440 1442 1447 1446 1442 1235 1446 1240 
1440 1446 1235 1443 1242 1448 1238 1242 1443 
1449 1445 1443 1448 1449 1443 1450 1446 1447 
1451 1450 1447 1240 1450 1244 1446 1450 1240 
1448 1246 1452 1242 1246 1448 1453 1449 1448 
1452 1453 1448 1454 1450 1451 1455 1454 1451 
1244 1454 1247 1450 1454 1244 1452 1248 1456 
1246 1248 1452 1457 1453 1452 1456 1457 1452 
1250 1454 1455 1250 1455 1251 1251 1455 1458 
1247 1454 1250 1248 1252 1456 1456 1252 1254 
1456 1254 1457 1457 1254 1459 1251 1458 1256 
1458 1460 1256 1254 1258 1459 1459 1258 1461 
1256 1460 1260 1460 1462 1260 1258 1262 1461 
1461 1262 1463 1464 1263 1260 1464 1260 1465 
1465 1260 1462 1263 1464 1264 1266 1265 1466 
1266 1466 1467 1266 1467 1262 1262 1467 1463 
1468 1464 1465 1469 1468 1465 1264 1468 1268 
1464 1468 1264 1466 1270 1470 1265 1270 1466 
1471 1467 1466 1470 1471 1466 1472 1468 1469 
1473 1472 1469 1268 1472 1272 1468 1472 1268 
1470 1274 1474 1270 1274 1470 1475 1471 1470 
1474 1475 1470 1476 1472 1473 1477 1476 1473 
1272 1476 1276 1472 1476 1272 1474 1278 1478 
1274 1278 1474 1479 1475 1474 1478 1479 1474 
1476 1477 1480 1481 1480 1482 1279 1480 1481 
1279 1476 1480 1279 1276 1476 1279 1481 1281 
1284 1283 1483 1284 1483 1484 1278 1284 1484 
1278 1484 1485 1278 1485 1478 1479 1478 1485 
1486 1481 1482 1487 1486 1482 1281 1486 1286 
1481 1486 1281 1483 1288 1488 1283 1288 1483 
1489 1484 1483 1488 1489 1483 1486 1487 1490 
1491 1490 1492 1289 1490 1491 1289 1486 1490 
1289 1286 1486 1289 1491 1291 1294 1293 1493 
1294 1493 1494 1288 1294 1494 1288 1494 1495 
1288 1495 1488 1489 1488 1495 1496 1491 1492 
1497 1496 1492 1291 1496 1296 1491 1496 1291 
1493 1300 1498 1293 1300 1493 1499 1494 1493 
1498 1499 1493 1496 1497 1500 1501 1500 1502 
1301 1500 1501 1301 1496 1500 1301 1296 1496 
1301 1501 1302 1306 1305 1503 1306 1503 1504 
1300 1306 1504 1300 1504 1505 1300 1505 1498 
1499 1498 1505 1501 1502 1506 1507 1506 1508 
1307 1506 1507 1307 1501 1506 1307 1302 1501 
1307 1507 1309 1314 1313 1509 1314 1509 1510 
1305 1314 1510 1305 1510 1511 1305 1511 1503 
1504 1503 1511 1507 1508 1512 1513 1512 1514 
1315 1512 1513 1315 1507 1512 1315 1309 1507 
1315 1513 1316 1322 1321 1515 1322 1515 1516 
1313 1322 1516 1313 1516 1517 1313 1517 1509 
1510 1509 1517 1513 1514 1518 1519 1518 1520 
1323 1518 1519 1323 1513 1518 1323 1316 1513 
1323 1521 1324 1519 1521 1323 1324 1521 1326 
1331 1330 1522 1331 1523 1332 1522 1523 1331 
1332 1523 1524 1321 1332 1524 1321 1524 1525 
1321 1525 1515 1516 1515 1525 1519 1520 1526 
1521 1519 1526 1527 1521 1526 1528 1527 1529 
1333 1527 1528 1333 1521 1527 1333 1326 1521 
1333 1530 1334 1528 1530 1333 1334 1530 1336 
1343 1342 1531 1343 1532 1344 1531 1532 1343 
1344 1532 1533 1330 1344 1533 1330 1533 1534 
1330 1534 1522 1523 1522 1534 1535 1523 1534 
1524 1523 1535 1528 1529 1536 1530 1528 1536 
1537 1530 1536 1538 1537 1539 1345 1537 1538 
1345 1530 1537 1345 1336 1530 1345 1540 1346 
1538 1540 1345 1346 1541 1347 1540 1541 1346 
1347 1542 1348 1541 1542 1347 1348 1542 1350 
1354 1353 1543 1354 1544 1355 1543 1544 1354 
1355 1545 1356 1544 1545 1355 1356 1546 1357 
1545 1546 1356 1357 1546 1547 1342 1357 1547 
1342 1547 1548 1342 1548 1531 1532 1531 1548 
1549 1532 1548 1533 1532 1549 1538 1539 1550 
1540 1538 1550 1551 1540 1550 1541 1540 1551 
1552 1541 1551 1542 1541 1552 1553 1542 1552 
1350 1542 1553 1350 1553 1358 1358 1553 1554 
1359 1358 1555 1358 1554 1555 1360 1359 1556 
1359 1555 1556 1543 1353 1360 1543 1360 1557 
1557 1360 1556 1544 1543 1557 1558 1544 1557 
1545 1544 1558 1559 1545 1558 1546 1545 1559 
1560 1546 1559 1547 1546 1560 1561 1562 1563 
1561 1564 1565 1562 1561 1565 1564 1566 1567 
1565 1564 1567 1566 1568 1569 1567 1566 1569 
1568 1570 1571 1569 1568 1571 1570 1572 1573 
1571 1570 1573 1572 1574 1575 1573 1572 1575 
1574 1576 1577 1575 1574 1577 1576 1578 1579 
1577 1576 1579 1579 1578 1580 1581 1582 1583 
1581 1584 1585 1582 1581 1585 1584 1363 1362 
1584 1362 1585 1585 1362 1586 1563 1365 1561 
1563 1586 1365 1586 1362 1365 1367 1561 1365 
1564 1561 1367 1369 1564 1367 1566 1564 1369 
1370 1566 1369 1568 1566 1370 1371 1568 1370 
1570 1568 1371 1372 1570 1371 1572 1570 1372 
1374 1572 1372 1574 1572 1374 1376 1574 1374 
1576 1574 1376 1378 1576 1376 1578 1576 1378 
1578 1587 1580 1578 1378 1587 1378 1380 1587 
1381 1588 1589 1381 1589 1380 1380 1589 1587 
1588 1590 1591 1589 1588 1591 1591 1590 1592 
1593 1594 1595 1583 1594 1593 1581 1583 1593 
1581 1593 1384 1581 1384 1383 1386 1581 1383 
1584 1581 1386 1363 1584 1386 1381 1388 1588 
1390 1588 1388 1590 1588 1390 1391 1596 1597 
1390 1391 1597 1390 1597 1592 1390 1592 1590 
1597 1596 1598 1599 1600 1601 1599 1394 1393 
1599 1393 1600 1600 1393 1602 1595 1396 1593 
1595 1602 1396 1602 1393 1396 1384 1593 1396 
1391 1398 1596 1596 1603 1598 1596 1398 1603 
1398 1400 1603 1401 1604 1605 1401 1605 1400 
1400 1605 1603 1605 1604 1606 1607 1608 1609 
1601 1608 1607 1599 1601 1607 1599 1607 1404 
1599 1404 1403 1394 1599 1403 1401 1406 1604 
1407 1610 1611 1406 1407 1611 1406 1611 1606 
1406 1606 1604 1611 1610 1612 1613 1614 1615 
1609 1614 1613 1607 1609 1613 1607 1613 1410 
1607 1410 1409 1404 1607 1409 1407 1412 1610 
1413 1616 1617 1412 1413 1617 1412 1617 1612 
1412 1612 1610 1617 1616 1618 1619 1620 1621 
1615 1620 1619 1613 1615 1619 1613 1619 1416 
1613 1416 1415 1410 1613 1415 1413 1418 1616 
1419 1622 1623 1418 1419 1623 1418 1623 1618 
1418 1618 1616 1623 1622 1624 1421 1619 1621 
1421 1621 1422 1422 1621 1625 1416 1619 1421 
1419 1424 1622 1622 1424 1425 1622 1425 1624 
1624 1425 1626 1627 1628 1629 1627 1625 1628 
1627 1427 1625 1427 1422 1625 1630 1429 1631 
1630 1626 1429 1626 1425 1429 1630 1631 1632 
1633 1634 1635 1629 1634 1633 1627 1629 1633 
1627 1633 1432 1627 1432 1431 1427 1627 1431 
1429 1434 1631 1435 1636 1637 1434 1435 1637 
1434 1637 1632 1434 1632 1631 1637 1636 1638 
1639 1633 1635 1640 1639 1635 1432 1639 1437 
1633 1639 1432 1636 1439 1641 1435 1439 1636 
1642 1638 1636 1641 1642 1636 1441 1639 1640 
1441 1640 1442 1442 1640 1643 1437 1639 1441 
1439 1444 1641 1641 1444 1445 1641 1445 1642 
1642 1445 1644 1645 1646 1647 1645 1643 1646 
1645 1447 1643 1447 1442 1643 1648 1449 1649 
1648 1644 1449 1644 1445 1449 1648 1649 1650 
1651 1645 1647 1652 1651 1647 1447 1651 1451 
1645 1651 1447 1649 1453 1653 1449 1453 1649 
1654 1650 1649 1653 1654 1649 1655 1651 1652 
1656 1655 1652 1451 1655 1455 1651 1655 1451 
1653 1457 1657 1453 1457 1653 1658 1654 1653 
1657 1658 1653 1659 1655 1656 1660 1659 1656 
1455 1659 1458 1655 1659 1455 1657 1459 1661 
1457 1459 1657 1662 1658 1657 1661 1662 1657 
1663 1659 1660 1664 1663 1660 1458 1663 1460 
1659 1663 1458 1661 1461 1665 1459 1461 1661 
1666 1662 1661 1665 1666 1661 1667 1663 1664 
1668 1667 1664 1460 1667 1462 1663 1667 1460 
1665 1463 1669 1461 1463 1665 1670 1666 1665 
1669 1670 1665 1671 1667 1668 1672 1671 1668 
1462 1671 1465 1667 1671 1462 1669 1467 1673 
1463 1467 1669 1674 1670 1669 1673 1674 1669 
1675 1671 1672 1676 1675 1672 1465 1675 1469 
1671 1675 1465 1673 1471 1677 1467 1471 1673 
1678 1674 1673 1677 1678 1673 1679 1675 1676 
1680 1679 1676 1469 1679 1473 1675 1679 1469 
1677 1475 1681 1471 1475 1677 1682 1678 1677 
1681 1682 1677 1679 1680 1683 1683 1473 1679 
1683 1684 1473 1684 1477 1473 1681 1685 1686 
1681 1475 1685 1475 1479 1685 1682 1681 1686 
1687 1480 1477 1687 1477 1688 1688 1477 1684 
1480 1687 1482 1485 1484 1689 1485 1689 1690 
1485 1690 1479 1479 1690 1685 1691 1687 1688 
1692 1691 1688 1482 1691 1487 1687 1691 1482 
1689 1489 1693 1484 1489 1689 1694 1690 1689 
1693 1694 1689 1691 1692 1695 1696 1695 1697 
1490 1695 1696 1490 1691 1695 1490 1487 1691 
1490 1696 1492 1495 1494 1698 1495 1698 1699 
1489 1495 1699 1489 1699 1700 1489 1700 1693 
1694 1693 1700 1696 1697 1701 1701 1492 1696 
1701 1702 1492 1702 1497 1492 1698 1703 1704 
1698 1494 1703 1494 1499 1703 1699 1698 1704 
1705 1500 1497 1705 1497 1706 1706 1497 1702 
1500 1705 1502 1505 1504 1707 1505 1707 1708 
1505 1708 1499 1499 1708 1703 1705 1706 1709 
1710 1709 1711 1506 1709 1710 1506 1705 1709 
1506 1502 1705 1506 1710 1508 1511 1510 1712 
1511 1712 1713 1504 1511 1713 1504 1713 1714 
1504 1714 1707 1708 1707 1714 1710 1711 1715 
1716 1715 1717 1512 1715 1716 1512 1710 1715 
1512 1508 1710 1512 1716 1514 1517 1516 1718 
1517 1718 1719 1510 1517 1719 1510 1719 1720 
1510 1720 1712 1713 1712 1720 1716 1717 1721 
1722 1721 1723 1518 1721 1722 1518 1716 1721 
1518 1514 1716 1518 1722 1520 1525 1524 1724 
1525 1724 1725 1516 1525 1725 1516 1725 1726 
1516 1726 1718 1719 1718 1726 1722 1723 1727 
1520 1722 1727 1520 1727 1526 1526 1727 1728 
1729 1728 1730 1729 1527 1728 1527 1526 1728 
1527 1729 1529 1534 1533 1731 1732 1534 1731 
1732 1733 1534 1733 1535 1534 1724 1524 1535 
1724 1535 1734 1734 1535 1733 1725 1724 1734 
1729 1730 1735 1736 1735 1737 1536 1735 1736 
1536 1729 1735 1536 1529 1729 1536 1738 1537 
1736 1738 1536 1537 1738 1539 1548 1547 1739 
1548 1740 1549 1739 1740 1548 1549 1740 1741 
1533 1549 1741 1533 1741 1742 1533 1742 1731 
1732 1731 1742 1736 1737 1743 1738 1736 1743 
1744 1738 1743 1539 1738 1744 1539 1744 1550 
1550 1744 1745 1746 1745 1747 1746 1551 1745 
1551 1550 1745 1551 1748 1552 1746 1748 1551 
1552 1749 1553 1748 1749 1552 1553 1750 1554 
1749 1750 1553 1554 1751 1555 1750 1751 1554 
1555 1752 1556 1751 1752 1555 1556 1753 1557 
1752 1753 1556 1557 1754 1558 1753 1754 1557 
1558 1755 1559 1754 1755 1558 1756 1559 1755 
1756 1757 1559 1757 1560 1559 1739 1547 1560 
1739 1560 1758 1758 1560 1757 1740 1739 1758 
1759 1740 1758 1741 1740 1759 1746 1747 1760 
1748 1746 1760 1761 1748 1760 1749 1748 1761 
1762 1749 1761 1750 1749 1762 1763 1750 1762 
1751 1750 1763 1764 1751 1763 1752 1751 1764 
1765 1752 1764 1753 1752 1765 1766 1753 1765 
1754 1753 1766 1767 1754 1766 1755 1754 1767 
1768 1755 1767 1756 1755 1768 1769 1770 1771 
1769 1772 1773 1770 1769 1773 1772 1774 1775 
1773 1772 1775 1774 1776 1777 1775 1774 1777 
1776 1778 1779 1777 1776 1779 1779 1778 1780 
1781 1782 1783 1781 1784 1785 1782 1781 1785 
1784 1563 1562 1784 1562 1785 1785 1562 1786 
1565 1787 1562 1562 1787 1786 1771 1567 1769 
1771 1787 1567 1787 1565 1567 1569 1769 1567 
1772 1769 1569 1571 1772 1569 1774 1772 1571 
1573 1774 1571 1776 1774 1573 1575 1776 1573 
1778 1776 1575 1778 1788 1780 1778 1575 1788 
1575 1577 1788 1579 1789 1577 1577 1789 1788 
1580 1790 1791 1580 1791 1579 1579 1791 1789 
1790 1792 1793 1791 1790 1793 1793 1792 1794 
1795 1796 1797 1795 1583 1582 1795 1582 1796 
1796 1582 1798 1783 1585 1781 1783 1798 1585 
1798 1582 1585 1586 1781 1585 1784 1781 1586 
1563 1784 1586 1580 1587 1790 1589 1790 1587 
1792 1790 1589 1792 1799 1794 1792 1589 1799 
1589 1591 1799 1592 1800 1801 1592 1801 1591 
1591 1801 1799 1801 1800 1802 1803 1804 1805 
1803 1806 1807 1804 1803 1807 1797 1807 1806 
1795 1797 1806 1795 1806 1595 1795 1595 1594 
1583 1795 1594 1592 1597 1800 1598 1808 1809 
1597 1598 1809 1597 1809 1802 1597 1802 1800 
1808 1810 1811 1809 1808 1811 1811 1810 1812 
1813 1814 1815 1805 1814 1813 1803 1805 1813 
1803 1813 1601 1803 1601 1600 1602 1803 1600 
1806 1803 1602 1595 1806 1602 1598 1603 1808 
1605 1808 1603 1810 1808 1605 1606 1816 1817 
1605 1606 1817 1605 1817 1812 1605 1812 1810 
1817 1816 1818 1819 1820 1821 1815 1820 1819 
1813 1815 1819 1813 1819 1609 1813 1609 1608 
1601 1813 1608 1606 1611 1816 1612 1822 1823 
1611 1612 1823 1611 1823 1818 1611 1818 1816 
1823 1822 1824 1825 1826 1827 1821 1826 1825 
1819 1821 1825 1819 1825 1615 1819 1615 1614 
1609 1819 1614 1612 1617 1822 1618 1828 1829 
1617 1618 1829 1617 1829 1824 1617 1824 1822 
1829 1828 1830 1831 1832 1833 1827 1832 1831 
1825 1827 1831 1825 1831 1621 1825 1621 1620 
1615 1825 1620 1618 1623 1828 1624 1834 1835 
1623 1624 1835 1623 1835 1830 1623 1830 1828 
1835 1834 1836 1837 1831 1833 1838 1837 1833 
1621 1837 1625 1831 1837 1621 1834 1626 1839 
1624 1626 1834 1840 1836 1834 1839 1840 1834 
1841 1842 1843 1838 1842 1841 1837 1838 1841 
1837 1841 1629 1837 1629 1628 1625 1837 1628 
1626 1630 1839 1632 1844 1845 1630 1632 1845 
1630 1845 1840 1630 1840 1839 1845 1844 1846 
1634 1841 1843 1634 1843 1635 1635 1843 1847 
1629 1841 1634 1632 1637 1844 1844 1637 1638 
1844 1638 1846 1846 1638 1848 1849 1850 1851 
1849 1847 1850 1849 1640 1847 1640 1635 1847 
1852 1642 1853 1852 1848 1642 1848 1638 1642 
1852 1853 1854 1855 1849 1851 1856 1855 1851 
1640 1855 1643 1849 1855 1640 1853 1644 1857 
1642 1644 1853 1858 1854 1853 1857 1858 1853 
1646 1855 1856 1646 1856 1647 1647 1856 1859 
1643 1855 1646 1644 1648 1857 1857 1648 1650 
1857 1650 1858 1858 1650 1860 1647 1859 1652 
1859 1861 1652 1650 1654 1860 1860 1654 1862 
1863 1864 1865 1863 1861 1864 1863 1656 1861 
1656 1652 1861 1866 1658 1867 1866 1862 1658 
1862 1654 1658 1866 1867 1868 1869 1863 1865 
1870 1869 1865 1656 1869 1660 1863 1869 1656 
1867 1662 1871 1658 1662 1867 1872 1868 1867 
1871 1872 1867 1873 1869 1870 1874 1873 1870 
1660 1873 1664 1869 1873 1660 1871 1666 1875 
1662 1666 1871 1876 1872 1871 1875 1876 1871 
1877 1873 1874 1878 1877 1874 1664 1877 1668 
1873 1877 1664 1875 1670 1879 1666 1670 1875 
1880 1876 1875 1879 1880 1875 1881 1877 1878 
1882 1881 1878 1668 1881 1672 1877 1881 1668 
1879 1674 1883 1670 1674 1879 1884 1880 1879 
1883 1884 1879 1881 1882 1885 1885 1672 1881 
1885 1886 1672 1886 1676 1672 1883 1887 1888 
1883 1674 1887 1674 1678 1887 1884 1883 1888 
1676 1886 1680 1886 1889 1680 1678 1682 1887 
1887 1682 1890 1891 1683 1680 1891 1680 1892 
1892 1680 1889 1683 1891 1684 1686 1685 1893 
1686 1893 1894 1686 1894 1682 1682 1894 1890 
1895 1891 1892 1896 1895 1892 1684 1895 1688 
1891 1895 1684 1893 1690 1897 1685 1690 1893 
1898 1894 1893 1897 1898 1893 1895 1896 1899 
1899 1688 1895 1899 1900 1688 1900 1692 1688 
1897 1901 1902 1897 1690 1901 1690 1694 1901 
1898 1897 1902 1903 1695 1692 1903 1692 1904 
1904 1692 1900 1695 1903 1697 1700 1699 1905 
1700 1905 1906 1700 1906 1694 1694 1906 1901 
1903 1904 1907 1908 1907 1909 1701 1907 1908 
1701 1903 1907 1701 1697 1903 1701 1908 1702 
1704 1703 1910 1704 1910 1911 1699 1704 1911 
1699 1911 1912 1699 1912 1905 1906 1905 1912 
1913 1908 1909 1914 1913 1909 1702 1913 1706 
1908 1913 1702 1910 1708 1915 1703 1708 1910 
1916 1911 1910 1915 1916 1910 1913 1914 1917 
1918 1917 1919 1709 1917 1918 1709 1913 1917 
1709 1706 1913 1709 1918 1711 1714 1713 1920 
1714 1920 1921 1708 1714 1921 1708 1921 1922 
1708 1922 1915 1916 1915 1922 1918 1919 1923 
1924 1923 1925 1715 1923 1924 1715 1918 1923 
1715 1711 1918 1715 1924 1717 1720 1719 1926 
1720 1926 1927 1713 1720 1927 1713 1927 1928 
1713 1928 1920 1921 1920 1928 1924 1925 1929 
1930 1929 1931 1721 1929 1930 1721 1924 1929 
1721 1717 1924 1721 1930 1723 1726 1725 1932 
1726 1932 1933 1719 1726 1933 1719 1933 1934 
1719 1934 1926 1927 1926 1934 1930 1931 1935 
1936 1935 1937 1727 1935 1936 1727 1930 1935 
1727 1723 1930 1727 1938 1728 1936 1938 1727 
1728 1938 1730 1733 1732 1939 1733 1940 1734 
1939 1940 1733 1734 1940 1941 1725 1734 1941 
1725 1941 1942 1725 1942 1932 1933 1932 1942 
1936 1937 1943 1938 1936 1943 1944 1938 1943 
1945 1944 1946 1735 1944 1945 1735 1938 1944 
1735 1730 1938 1735 1945 1737 1742 1741 1947 
1742 1947 1948 1732 1742 1948 1732 1948 1949 
1732 1949 1939 1940 1939 1949 1950 1940 1949 
1941 1940 1950 1945 1946 1951 1737 1945 1951 
1737 1951 1743 1743 1951 1952 1953 1952 1954 
1953 1744 1952 1744 1743 1952 1744 1955 1745 
1953 1955 1744 1745 1955 1747 1757 1756 1956 
1757 1957 1758 1956 1957 1757 1958 1758 1957 
1958 1959 1758 1959 1759 1758 1947 1741 1759 
1947 1759 1960 1960 1759 1959 1948 1947 1960 
1953 1954 1961 1955 1953 1961 1962 1955 1961 
1747 1955 1962 1747 1962 1760 1760 1962 1963 
1761 1760 1964 1760 1963 1964 1965 1964 1966 
1965 1762 1964 1762 1761 1964 1762 1967 1763 
1965 1967 1762 1763 1968 1764 1967 1968 1763 
1764 1969 1765 1968 1969 1764 1765 1970 1766 
1969 1970 1765 1971 1766 1970 1971 1972 1766 
1972 1767 1766 1768 1767 1973 1767 1972 1973 
1956 1756 1768 1956 1768 1974 1974 1768 1973 
1957 1956 1974 1975 1957 1974 1958 1957 1975 
1965 1966 1976 1967 1965 1976 1977 1967 1976 
1968 1967 1977 1978 1968 1977 1969 1968 1978 
1979 1969 1978 1970 1969 1979 1980 1970 1979 
1971 1970 1980 1981 1982 1983 1981 1984 1985 
1982 1981 1985 1984 1986 1987 1985 1984 1987 
1986 1771 1770 1986 1770 1987 1987 1770 1988 
1773 1989 1770 1770 1989 1988 1775 1990 1773 
1773 1990 1989 1777 1991 1775 1775 1991 1990 
1779 1992 1777 1777 1992 1991 1780 1993 1994 
1780 1994 1779 1779 1994 1992 1993 1995 1996 
1994 1993 1996 1995 1997 1998 1996 1995 1998 
1998 1997 1999 2000 2001 2002 2000 1783 1782 
2000 1782 2001 2001 1782 2003 1983 1785 1981 
1983 2003 1785 2003 1782 1785 1786 1981 1785 
1984 1981 1786 1787 1984 1786 1986 1984 1787 
1771 1986 1787 1780 1788 1993 1789 1993 1788 
1995 1993 1789 1791 1995 1789 1997 1995 1791 
1997 2004 1999 1997 1791 2004 1791 1793 2004 
1794 2005 2006 1794 2006 1793 1793 2006 2004 
2006 2005 2007 2008 2009 2010 2008 1797 1796 
2008 1796 2009 2009 1796 2011 2002 1798 2000 
2002 2011 1798 2011 1796 1798 1783 2000 1798 
1794 1799 2005 2005 2012 2007 2005 1799 2012 
1799 1801 2012 1802 2013 2014 1802 2014 1801 
1801 2014 2012 2014 2013 2015 1804 2016 2017 
1805 1804 2017 2010 1807 2008 2010 2016 1807 
2016 1804 1807 1797 2008 1807 1802 1809 2013 
2013 2018 2015 2013 1809 2018 1809 1811 2018 
2018 1811 1812 2019 2018 1812 2020 2021 2022 
2020 1815 1814 2020 1814 2021 2021 1814 2023 
2017 1814 1805 2023 1814 2017 1812 2024 2019 
1817 2024 1812 1818 2025 2026 1818 2026 1817 
1817 2026 2024 2026 2025 2027 2028 2029 2030 
2022 2029 2028 2020 2022 2028 2020 2028 1821 
2020 1821 1820 1815 2020 1820 1818 1823 2025 
1824 2031 2032 1823 1824 2032 1823 2032 2027 
1823 2027 2025 2032 2031 2033 1826 2028 2030 
1826 2030 1827 1827 2030 2034 1821 2028 1826 
1824 1829 2031 2031 1829 1830 2031 1830 2033 
2033 1830 2035 1832 2036 2037 1833 1832 2037 
2034 1832 1827 2036 1832 2034 1830 2038 2035 
1835 2038 1830 2038 1835 1836 2039 2038 1836 
2040 2041 2042 2040 2037 2041 2040 1838 2037 
1838 1833 2037 2043 1840 2044 2043 2039 1840 
2039 1836 1840 2043 2044 2045 1842 2040 2042 
1842 2042 1843 1843 2042 2046 1838 2040 1842 
1840 1845 2044 2044 1845 1846 2044 1846 2045 
2045 1846 2047 2048 2049 2050 2048 2046 2049 
2048 1847 2046 1847 1843 2046 2051 1848 2052 
2051 2047 1848 2047 1846 1848 2051 2052 2053 
1850 2048 2050 1850 2050 1851 1851 2050 2054 
1847 2048 1850 1848 1852 2052 2052 1852 1854 
2052 1854 2053 2053 1854 2055 2056 2057 2058 
2056 2054 2057 2056 1856 2054 1856 1851 2054 
2059 1858 2060 2059 2055 1858 2055 1854 1858 
2059 2060 2061 2062 2056 2058 2063 2062 2058 
1856 2062 1859 2056 2062 1856 2060 1860 2064 
1858 1860 2060 2065 2061 2060 2064 2065 2060 
2066 2062 2063 2067 2066 2063 1859 2066 1861 
2062 2066 1859 2064 1862 2068 1860 1862 2064 
2069 2065 2064 2068 2069 2064 1864 2066 2067 
1864 2067 1865 1865 2067 2070 1861 2066 1864 
1862 1866 2068 2068 1866 1868 2068 1868 2069 
2069 1868 2071 1865 2070 1870 2070 2072 1870 
1868 1872 2071 2071 1872 2073 1870 2072 1874 
2072 2074 1874 1872 1876 2073 2073 1876 2075 
1874 2074 1878 2074 2076 1878 1876 1880 2075 
2075 1880 2077 1878 2076 1882 2076 2078 1882 
1880 1884 2077 2077 1884 2079 2080 1885 1882 
2080 1882 2081 2081 1882 2078 1885 2080 1886 
1888 1887 2082 1888 2082 2083 1888 2083 1884 
1884 2083 2079 2084 2080 2081 2085 2084 2081 
1886 2084 1889 2080 2084 1886 2082 1890 2086 
1887 1890 2082 2087 2083 2082 2086 2087 2082 
2088 2084 2085 2089 2088 2085 1889 2088 1892 
2084 2088 1889 2086 1894 2090 1890 1894 2086 
2091 2087 2086 2090 2091 2086 2088 2089 2092 
2092 1892 2088 2092 2093 1892 2093 1896 1892 
2090 2094 2095 2090 1894 2094 1894 1898 2094 
2091 2090 2095 2096 1899 1896 2096 1896 2097 
2097 1896 2093 1899 2096 1900 1902 1901 2098 
1902 2098 2099 1902 2099 1898 1898 2099 2094 
2096 2097 2100 2100 1900 2096 2100 2101 1900 
2101 1904 1900 2098 2102 2103 2098 1901 2102 
1901 1906 2102 2099 2098 2103 2104 1907 1904 
2104 1904 2105 2105 1904 2101 1907 2104 1909 
1912 1911 2106 1912 2106 2107 1912 2107 1906 
1906 2107 2102 2104 2105 2108 2108 1909 2104 
2108 2109 1909 2109 1914 1909 2106 2110 2111 
2106 1911 2110 1911 1916 2110 2107 2106 2111 
1914 2109 2112 1917 1914 2112 2112 1919 1917 
2113 1919 2112 1922 2114 2115 1921 2114 1922 
2110 1916 1922 2115 2110 1922 2116 1923 1919 
2116 1919 2117 2117 1919 2113 1923 2116 1925 
1928 1927 2118 1928 2118 2119 1928 2119 1921 
1921 2119 2114 2116 2117 2120 2121 2120 2122 
1929 2120 2121 1929 2116 2120 1929 1925 2116 
1929 2121 1931 1934 1933 2123 1934 2123 2124 
1927 1934 2124 1927 2124 2125 1927 2125 2118 
2119 2118 2125 2121 2122 2126 1931 2121 2126 
1931 2126 1935 1935 2126 2127 2127 1937 1935 
2128 1937 2127 1942 2129 2130 1941 2129 1942 
2123 1933 1942 2123 1942 2131 2131 1942 2130 
2124 2123 2131 1937 2128 2132 1943 1937 2132 
2133 2132 2134 2133 1944 2132 1944 1943 2132 
1944 2133 1946 1949 1948 2135 2136 1949 2135 
2136 2137 1949 2137 1950 1949 2129 1941 1950 
2137 2129 1950 2133 2134 2138 1946 2133 2138 
1946 2138 1951 1951 2138 2139 2140 2139 2141 
2140 1952 2139 1952 1951 2139 1952 2140 1954 
1959 1958 2142 2143 1959 2142 2143 2144 1959 
2144 1960 1959 2135 1948 1960 2135 1960 2145 
2145 1960 2144 2136 2135 2145 2140 2141 2146 
1954 2140 2146 1954 2146 1961 1961 2146 2147 
2148 2147 2149 2148 1962 2147 1962 1961 2147 
1962 2150 1963 2148 2150 1962 1963 2151 1964 
2150 2151 1963 1964 2151 1966 1972 1971 2152 
1972 2153 1973 2152 2153 1972 1973 2154 1974 
2153 2154 1973 2155 1974 2154 2155 2156 1974 
2156 1975 1974 2142 1958 1975 2142 1975 2157 
2157 1975 2156 2143 2142 2157 2148 2149 2158 
2150 2148 2158 2159 2150 2158 2151 2150 2159 
2160 2151 2159 1966 2151 2160 1966 2160 1976 
1976 2160 2161 1977 1976 2162 1976 2161 2162 
1978 1977 2163 1977 2162 2163 1979 1978 2164 
1978 2163 2164 1980 1979 2165 1979 2164 2165 
2152 1971 1980 2152 1980 2166 2166 1980 2165 
2153 2152 2166 2167 2153 2166 2154 2153 2167 
2168 2154 2167 2155 2154 2168 2169 2170 2171 
2169 2172 2173 2170 2169 2173 2172 2174 2175 
2173 2172 2175 2174 2176 2177 2175 2174 2177 
2176 2178 2179 2177 2176 2179 2178 2180 2181 
2179 2178 2181 2180 2182 2183 2181 2180 2183 
2183 2182 2184 2185 2186 2187 2185 1983 1982 
2185 1982 2186 2186 1982 2188 1985 2189 1982 
1982 2189 2188 2171 1987 2169 2171 2189 1987 
2189 1985 1987 1988 2169 1987 2172 2169 1988 
1989 2172 1988 2174 2172 1989 1990 2174 1989 
2176 2174 1990 1991 2176 1990 2178 2176 1991 
1992 2178 1991 2180 2178 1992 1994 2180 1992 
2182 2180 1994 2182 2190 2184 2182 1994 2190 
1994 1996 2190 1998 2191 1996 1996 2191 2190 
1999 2192 2193 1999 2193 1998 1998 2193 2191 
2193 2192 2194 2195 2196 2197 2195 2002 2001 
2195 2001 2196 2196 2001 2198 2187 2003 2185 
2187 2198 2003 2198 2001 2003 1983 2185 2003 
1999 2004 2192 2192 2199 2194 2192 2004 2199 
2004 2006 2199 2007 2200 2201 2007 2201 2006 
2006 2201 2199 2201 2200 2202 2203 2204 2205 
2203 2010 2009 2203 2009 2204 2204 2009 2206 
2197 2011 2195 2197 2206 2011 2206 2009 2011 
2002 2195 2011 2007 2012 2200 2200 2207 2202 
2200 2012 2207 2012 2014 2207 2015 2208 2209 
2015 2209 2014 2014 2209 2207 2209 2208 2210 
2211 2212 2213 2205 2212 2211 2203 2205 2211 
2203 2211 2017 2203 2017 2016 2010 2203 2016 
2015 2018 2208 2019 2214 2215 2018 2019 2215 
2018 2215 2210 2018 2210 2208 2215 2214 2216 
2021 2217 2218 2022 2021 2218 2213 2023 2211 
2213 2217 2023 2217 2021 2023 2017 2211 2023 
2019 2024 2214 2214 2219 2216 2214 2024 2219 
2024 2026 2219 2219 2026 2027 2220 2219 2027 
2029 2221 2222 2030 2029 2222 2218 2029 2022 
2221 2029 2218 2027 2223 2220 2032 2223 2027 
2223 2032 2033 2224 2223 2033 2225 2226 2227 
2225 2222 2226 2225 2034 2222 2034 2030 2222 
2228 2035 2229 2228 2224 2035 2224 2033 2035 
2228 2229 2230 2231 2232 2233 2227 2232 2231 
2225 2227 2231 2225 2231 2037 2225 2037 2036 
2034 2225 2036 2035 2038 2229 2039 2234 2235 
2038 2039 2235 2038 2235 2230 2038 2230 2229 
2235 2234 2236 2041 2231 2233 2041 2233 2042 
2042 2233 2237 2037 2231 2041 2039 2043 2234 
2234 2043 2045 2234 2045 2236 2236 2045 2238 
2239 2240 2241 2239 2237 2240 2239 2046 2237 
2046 2042 2237 2242 2047 2243 2242 2238 2047 
2238 2045 2047 2242 2243 2244 2049 2239 2241 
2049 2241 2050 2050 2241 2245 2046 2239 2049 
2047 2051 2243 2243 2051 2053 2243 2053 2244 
2244 2053 2246 2247 2248 2249 2247 2245 2248 
2247 2054 2245 2054 2050 2245 2250 2055 2251 
2250 2246 2055 2246 2053 2055 2250 2251 2252 
2057 2247 2249 2057 2249 2058 2058 2249 2253 
2054 2247 2057 2055 2059 2251 2251 2059 2061 
2251 2061 2252 2252 2061 2254 2058 2253 2063 
2253 2255 2063 2061 2065 2254 2254 2065 2256 
2257 2258 2259 2257 2255 2258 2257 2067 2255 
2067 2063 2255 2260 2069 2261 2260 2256 2069 
2256 2065 2069 2260 2261 2262 2263 2257 2259 
2264 2263 2259 2067 2263 2070 2257 2263 2067 
2261 2071 2265 2069 2071 2261 2266 2262 2261 
2265 2266 2261 2267 2263 2264 2268 2267 2264 
2070 2267 2072 2263 2267 2070 2265 2073 2269 
2071 2073 2265 2270 2266 2265 2269 2270 2265 
2271 2267 2268 2272 2271 2268 2072 2271 2074 
2267 2271 2072 2269 2075 2273 2073 2075 2269 
2274 2270 2269 2273 2274 2269 2275 2271 2272 
2276 2275 2272 2074 2275 2076 2271 2275 2074 
2273 2077 2277 2075 2077 2273 2278 2274 2273 
2277 2278 2273 2279 2275 2276 2280 2279 2276 
2076 2279 2078 2275 2279 2076 2277 2079 2281 
2077 2079 2277 2282 2278 2277 2281 2282 2277 
2283 2279 2280 2284 2283 2280 2078 2283 2081 
2279 2283 2078 2281 2083 2285 2079 2083 2281 
2286 2282 2281 2285 2286 2281 2283 2284 2287 
2287 2081 2283 2287 2288 2081 2288 2085 2081 
2285 2289 2290 2285 2083 2289 2083 2087 2289 
2286 2285 2290 2085 2288 2089 2288 2291 2089 
2087 2091 2289 2289 2091 2292 2293 2092 2089 
2293 2089 2294 2294 2089 2291 2092 2293 2093 
2095 2094 2295 2095 2295 2296 2095 2296 2091 
2091 2296 2292 2293 2294 2297 2297 2093 2293 
2297 2298 2093 2298 2097 2093 2295 2299 2300 
2295 2094 2299 2094 2099 2299 2296 2295 2300 
2301 2100 2097 2301 2097 2302 2302 2097 2298 
2100 2301 2101 2103 2102 2303 2103 2303 2304 
2103 2304 2099 2099 2304 2299 2301 2302 2305 
2305 2101 2301 2305 2306 2101 2306 2105 2101 
2303 2307 2308 2303 2102 2307 2102 2107 2307 
2304 2303 2308 2309 2108 2105 2309 2105 2310 
2310 2105 2306 2108 2309 2109 2111 2110 2311 
2111 2311 2312 2111 2312 2107 2107 2312 2307 
2309 2310 2313 2314 2313 2315 2112 2313 2314 
2112 2309 2313 2112 2109 2309 2112 2314 2113 
2115 2114 2316 2115 2316 2317 2110 2115 2317 
2110 2317 2318 2110 2318 2311 2312 2311 2318 
2314 2315 2319 2319 2113 2314 2319 2320 2113 
2320 2117 2113 2316 2321 2322 2316 2114 2321 
2114 2119 2321 2317 2316 2322 2117 2320 2323 
2120 2117 2323 2323 2122 2120 2324 2122 2323 
2125 2325 2326 2124 2325 2125 2321 2119 2125 
2326 2321 2125 2122 2324 2327 2126 2122 2327 
2328 2327 2329 2328 2127 2327 2127 2126 2327 
2127 2328 2128 2130 2129 2330 2331 2130 2330 
2331 2332 2130 2332 2131 2130 2325 2124 2131 
2332 2325 2131 2328 2329 2333 2334 2333 2335 
2132 2333 2334 2132 2328 2333 2132 2128 2328 
2132 2334 2134 2137 2136 2336 2137 2336 2337 
2129 2137 2337 2129 2337 2338 2129 2338 2330 
2331 2330 2338 2334 2335 2339 2134 2334 2339 
2134 2339 2138 2138 2339 2340 2341 2340 2342 
2341 2139 2340 2139 2138 2340 2139 2341 2141 
2144 2143 2343 2344 2144 2343 2344 2345 2144 
2345 2145 2144 2336 2136 2145 2336 2145 2346 
2346 2145 2345 2337 2336 2346 2341 2342 2347 
2141 2341 2347 2141 2347 2146 2146 2347 2348 
2349 2348 2350 2349 2147 2348 2147 2146 2348 
2147 2349 2149 2156 2155 2351 2352 2156 2351 
2352 2353 2156 2353 2157 2156 2343 2143 2157 
2343 2157 2354 2354 2157 2353 2344 2343 2354 
2349 2350 2355 2149 2349 2355 2149 2355 2158 
2158 2355 2356 2159 2158 2357 2158 2356 2357 
2358 2357 2359 2358 2160 2357 2160 2159 2357 
2160 2360 2161 2358 2360 2160 2161 2361 2162 
2360 2361 2161 2162 2362 2163 2361 2362 2162 
2163 2363 2164 2362 2363 2163 2164 2364 2165 
2363 2364 2164 2165 2365 2166 2364 2365 2165 
2366 2166 2365 2366 2367 2166 2367 2167 2166 
2168 2167 2368 2167 2367 2368 2351 2155 2168 
2351 2168 2369 2369 2168 2368 2352 2351 2369 
2358 2359 2370 2360 2358 2370 2371 2360 2370 
2361 2360 2371 2372 2361 2371 2362 2361 2372 
2373 2362 2372 2363 2362 2373 2374 2363 2373 
2364 2363 2374 2375 2364 2374 2365 2364 2375 
2376 2365 2375 2366 2365 2376 2377 2378 2379 
2377 2171 2170 2377 2170 2378 2378 2170 2380 
2173 2381 2170 2170 2381 2380 2175 2382 2173 
2173 2382 2381 2177 2383 2175 2175 2383 2382 
2179 2384 2177 2177 2384 2383 2181 2385 2179 
2179 2385 2384 2183 2386 2181 2181 2386 2385 
2184 2387 2388 2184 2388 2183 2183 2388 2386 
2388 2387 2389 2390 2391 2392 2390 2187 2186 
2390 2186 2391 2391 2186 2393 2188 2394 2186 
2186 2394 2393 2379 2189 2377 2379 2394 2189 
2394 2188 2189 2171 2377 2189 2184 2190 2387 
2387 2395 2389 2387 2190 2395 2190 2191 2395 
2193 2396 2191 2191 2396 2395 2194 2397 2398 
2194 2398 2193 2193 2398 2396 2398 2397 2399 
2400 2401 2402 2400 2197 2196 2400 2196 2401 
2401 2196 2403 2392 2198 2390 2392 2403 2198 
2403 2196 2198 2187 2390 2198 2194 2199 2397 
2397 2404 2399 2397 2199 2404 2199 2201 2404 
2202 2405 2406 2202 2406 2201 2201 2406 2404 
2406 2405 2407 2408 2409 2410 2408 2205 2204 
2408 2204 2409 2409 2204 2411 2402 2206 2400 
2402 2411 2206 2411 2204 2206 2197 2400 2206 
2202 2207 2405 2405 2412 2407 2405 2207 2412 
2207 2209 2412 2210 2413 2414 2210 2414 2209 
2209 2414 2412 2414 2413 2415 2416 2417 2418 
2410 2417 2416 2408 2410 2416 2408 2416 2213 
2408 2213 2212 2205 2408 2212 2210 2215 2413 
2216 2419 2420 2215 2216 2420 2215 2420 2415 
2215 2415 2413 2420 2419 2421 2422 2423 2424 
2418 2423 2422 2416 2418 2422 2416 2422 2218 
2416 2218 2217 2213 2416 2217 2216 2219 2419 
2220 2425 2426 2219 2220 2426 2219 2426 2421 
2219 2421 2419 2426 2425 2427 2428 2429 2430 
2424 2429 2428 2422 2424 2428 2422 2428 2222 
2422 2222 2221 2218 2422 2221 2220 2223 2425 
2224 2431 2432 2223 2224 2432 2223 2432 2427 
2223 2427 2425 2432 2431 2433 2434 2435 2436 
2430 2435 2434 2428 2430 2434 2428 2434 2227 
2428 2227 2226 2222 2428 2226 2224 2228 2431 
2230 2437 2438 2228 2230 2438 2228 2438 2433 
2228 2433 2431 2438 2437 2439 2232 2434 2436 
2232 2436 2233 2233 2436 2440 2227 2434 2232 
2230 2235 2437 2437 2235 2236 2437 2236 2439 
2439 2236 2441 2442 2443 2444 2442 2440 2443 
2442 2237 2440 2237 2233 2440 2445 2238 2446 
2445 2441 2238 2441 2236 2238 2445 2446 2447 
2240 2442 2444 2240 2444 2241 2241 2444 2448 
2237 2442 2240 2238 2242 2446 2446 2242 2244 
2446 2244 2447 2447 2244 2449 2450 2451 2452 
2450 2448 2451 2450 2245 2448 2245 2241 2448 
2453 2246 2454 2453 2449 2246 2449 2244 2246 
2453 2454 2455 2248 2450 2452 2248 2452 2249 
2249 2452 2456 2245 2450 2248 2246 2250 2454 
2454 2250 2252 2454 2252 2455 2455 2252 2457 
2249 2456 2253 2456 2458 2253 2252 2254 2457 
2457 2254 2459 2460 2461 2462 2460 2458 2461 
2460 2255 2458 2255 2253 2458 2463 2256 2464 
2463 2459 2256 2459 2254 2256 2463 2464 2465 
2258 2460 2462 2258 2462 2259 2259 2462 2466 
2255 2460 2258 2256 2260 2464 2464 2260 2262 
2464 2262 2465 2465 2262 2467 2259 2466 2264 
2466 2468 2264 2262 2266 2467 2467 2266 2469 
2264 2468 2268 2468 2470 2268 2266 2270 2469 
2469 2270 2471 2268 2470 2272 2470 2472 2272 
2270 2274 2471 2471 2274 2473 2272 2472 2276 
2472 2474 2276 2274 2278 2473 2473 2278 2475 
2276 2474 2280 2474 2476 2280 2278 2282 2475 
2475 2282 2477 2280 2476 2284 2476 2478 2284 
2282 2286 2477 2477 2286 2479 2480 2287 2284 
2480 2284 2481 2481 2284 2478 2287 2480 2288 
2290 2289 2482 2290 2482 2483 2290 2483 2286 
2286 2483 2479 2480 2481 2484 2484 2288 2480 
2484 2485 2288 2485 2291 2288 2482 2486 2487 
2482 2289 2486 2289 2292 2486 2483 2482 2487 
2291 2485 2294 2485 2488 2294 2292 2296 2486 
2486 2296 2489 2490 2297 2294 2490 2294 2491 
2491 2294 2488 2297 2490 2298 2300 2299 2492 
2300 2492 2493 2300 2493 2296 2296 2493 2489 
2490 2491 2494 2494 2298 2490 2494 2495 2298 
2495 2302 2298 2492 2496 2497 2492 2299 2496 
2299 2304 2496 2493 2492 2497 2498 2305 2302 
2498 2302 2499 2499 2302 2495 2305 2498 2306 
2308 2307 2500 2308 2500 2501 2308 2501 2304 
2304 2501 2496 2498 2499 2502 2502 2306 2498 
2502 2503 2306 2503 2310 2306 2500 2504 2505 
2500 2307 2504 2307 2312 2504 2501 2500 2505 
2506 2313 2310 2506 2310 2507 2507 2310 2503 
2313 2506 2315 2318 2317 2508 2318 2508 2509 
2318 2509 2312 2312 2509 2504 2506 2507 2510 
2511 2510 2512 2319 2510 2511 2319 2506 2510 
2319 2315 2506 2319 2511 2320 2322 2321 2513 
2322 2513 2514 2317 2322 2514 2317 2514 2515 
2317 2515 2508 2509 2508 2515 2511 2512 2516 
2517 2516 2518 2323 2516 2517 2323 2511 2516 
2323 2320 2511 2323 2517 2324 2326 2325 2519 
2326 2519 2520 2321 2326 2520 2321 2520 2521 
2321 2521 2513 2514 2513 2521 2517 2518 2522 
2523 2522 2524 2327 2522 2523 2327 2517 2522 
2327 2324 2517 2327 2523 2329 2332 2331 2525 
2332 2525 2526 2325 2332 2526 2325 2526 2527 
2325 2527 2519 2520 2519 2527 2523 2524 2528 
2529 2528 2530 2333 2528 2529 2333 2523 2528 
2333 2329 2523 2333 2529 2335 2338 2337 2531 
2338 2531 2532 2331 2338 2532 2331 2532 2533 
2331 2533 2525 2526 2525 2533 2529 2530 2534 
2335 2529 2534 2335 2534 2339 2339 2534 2535 
2536 2535 2537 2536 2340 2535 2340 2339 2535 
2340 2536 2342 2345 2344 2538 2539 2345 2538 
2539 2540 2345 2540 2346 2345 2531 2337 2346 
2531 2346 2541 2541 2346 2540 2532 2531 2541 
2536 2537 2542 2342 2536 2542 2342 2542 2347 
2347 2542 2543 2544 2543 2545 2544 2348 2543 
2348 2347 2543 2348 2544 2350 2353 2352 2546 
2547 2353 2546 2547 2548 2353 2548 2354 2353 
2538 2344 2354 2538 2354 2549 2549 2354 2548 
2539 2538 2549 2544 2545 2550 2350 2544 2550 
2350 2550 2355 2355 2550 2551 2356 2355 2552 
2355 2551 2552 2553 2552 2554 2553 2357 2552 
2357 2356 2552 2357 2553 2359 2367 2366 2555 
2556 2367 2555 2556 2557 2367 2557 2368 2367 
2369 2368 2558 2368 2557 2558 2546 2352 2369 
2546 2369 2559 2559 2369 2558 2547 2546 2559 
2553 2554 2560 2359 2553 2560 2359 2560 2370 
2370 2560 2561 2371 2370 2562 2370 2561 2562 
2372 2371 2563 2371 2562 2563 2373 2372 2564 
2372 2563 2564 2374 2373 2565 2373 2564 2565 
2375 2374 2566 2374 2565 2566 2376 2375 2567 
2375 2566 2567 2555 2366 2376 2555 2376 2568 
2568 2376 2567 2556 2555 2568 2569 2570 2571 
2570 2569 2572 2573 2574 2575 2573 2576 2577 
2574 2573 2577 2576 2379 2378 2576 2378 2577 
2577 2378 2578 2380 2579 2378 2378 2579 2578 
2381 2580 2380 2380 2580 2579 2382 2581 2381 
2381 2581 2580 2571 2383 2569 2571 2581 2383 
2581 2382 2383 2569 2582 2572 2569 2383 2582 
2383 2384 2582 2385 2583 2384 2384 2583 2582 
2386 2584 2385 2385 2584 2583 2388 2585 2386 
2386 2585 2584 2389 2586 2587 2389 2587 2388 
2388 2587 2585 2586 2588 2589 2587 2586 2589 
2589 2588 2590 2591 2592 2593 2591 2392 2391 
2591 2391 2592 2592 2391 2594 2575 2393 2573 
2575 2594 2393 2594 2391 2393 2394 2573 2393 
2576 2573 2394 2379 2576 2394 2389 2395 2586 
2396 2586 2395 2588 2586 2396 2588 2595 2590 
2588 2396 2595 2396 2398 2595 2399 2596 2597 
2399 2597 2398 2398 2597 2595 2597 2596 2598 
2599 2600 2601 2599 2402 2401 2599 2401 2600 
2600 2401 2602 2593 2403 2591 2593 2602 2403 
2602 2401 2403 2392 2591 2403 2399 2404 2596 
2596 2603 2598 2596 2404 2603 2404 2406 2603 
2407 2604 2605 2407 2605 2406 2406 2605 2603 
2605 2604 2606 2409 2607 2608 2410 2409 2608 
2601 2411 2599 2601 2607 2411 2607 2409 2411 
2402 2599 2411 2407 2412 2604 2604 2609 2606 
2604 2412 2609 2412 2414 2609 2609 2414 2415 
2610 2609 2415 2417 2611 2612 2418 2417 2612 
2608 2417 2410 2611 2417 2608 2415 2613 2610 
2420 2613 2415 2613 2420 2421 2614 2613 2421 
2423 2615 2616 2424 2423 2616 2612 2423 2418 
2615 2423 2612 2421 2617 2614 2426 2617 2421 
2617 2426 2427 2618 2617 2427 2429 2619 2620 
2430 2429 2620 2616 2429 2424 2619 2429 2616 
2427 2621 2618 2432 2621 2427 2621 2432 2433 
2622 2621 2433 2435 2623 2624 2436 2435 2624 
2620 2435 2430 2623 2435 2620 2433 2625 2622 
2438 2625 2433 2625 2438 2439 2626 2625 2439 
2627 2628 2629 2627 2624 2628 2627 2440 2624 
2440 2436 2624 2630 2441 2631 2630 2626 2441 
2626 2439 2441 2630 2631 2632 2443 2627 2629 
2443 2629 2444 2444 2629 2633 2440 2627 2443 
2441 2445 2631 2631 2445 2447 2631 2447 2632 
2632 2447 2634 2635 2636 2637 2635 2633 2636 
2635 2448 2633 2448 2444 2633 2638 2449 2639 
2638 2634 2449 2634 2447 2449 2638 2639 2640 
2451 2635 2637 2451 2637 2452 2452 2637 2641 
2448 2635 2451 2449 2453 2639 2639 2453 2455 
2639 2455 2640 2640 2455 2642 2643 2644 2645 
2643 2641 2644 2643 2456 2641 2456 2452 2641 
2646 2457 2647 2646 2642 2457 2642 2455 2457 
2646 2647 2648 2649 2643 2645 2650 2649 2645 
2456 2649 2458 2643 2649 2456 2647 2459 2651 
2457 2459 2647 2652 2648 2647 2651 2652 2647 
2461 2649 2650 2461 2650 2462 2462 2650 2653 
2458 2649 2461 2459 2463 2651 2651 2463 2465 
2651 2465 2652 2652 2465 2654 2462 2653 2466 
2653 2655 2466 2465 2467 2654 2654 2467 2656 
2466 2655 2468 2655 2657 2468 2467 2469 2656 
2656 2469 2658 2468 2657 2470 2657 2659 2470 
2469 2471 2658 2658 2471 2660 2661 2662 2663 
2661 2659 2662 2661 2472 2659 2472 2470 2659 
2664 2473 2665 2664 2660 2473 2660 2471 2473 
2664 2665 2666 2661 2663 2667 2667 2472 2661 
2667 2668 2472 2668 2474 2472 2665 2669 2670 
2665 2473 2669 2473 2475 2669 2666 2665 2670 
2474 2668 2476 2668 2671 2476 2475 2477 2669 
2669 2477 2672 2476 2671 2478 2671 2673 2478 
2477 2479 2672 2672 2479 2674 2478 2673 2481 
2673 2675 2481 2479 2483 2674 2674 2483 2676 
2677 2484 2481 2677 2481 2678 2678 2481 2675 
2484 2677 2485 2487 2486 2679 2487 2679 2680 
2487 2680 2483 2483 2680 2676 2681 2677 2678 
2682 2681 2678 2485 2681 2488 2677 2681 2485 
2679 2489 2683 2486 2489 2679 2684 2680 2679 
2683 2684 2679 2681 2682 2685 2685 2488 2681 
2685 2686 2488 2686 2491 2488 2683 2687 2688 
2683 2489 2687 2489 2493 2687 2684 2683 2688 
2689 2494 2491 2689 2491 2690 2690 2491 2686 
2494 2689 2495 2497 2496 2691 2497 2691 2692 
2497 2692 2493 2493 2692 2687 2689 2690 2693 
2693 2495 2689 2693 2694 2495 2694 2499 2495 
2691 2695 2696 2691 2496 2695 2496 2501 2695 
2692 2691 2696 2697 2502 2499 2697 2499 2698 
2698 2499 2694 2502 2697 2503 2505 2504 2699 
2505 2699 2700 2505 2700 2501 2501 2700 2695 
2697 2698 2701 2701 2503 2697 2701 2702 2503 
2702 2507 2503 2699 2703 2704 2699 2504 2703 
2504 2509 2703 2700 2699 2704 2507 2702 2705 
2510 2507 2705 2705 2512 2510 2706 2512 2705 
2515 2707 2708 2514 2707 2515 2703 2509 2515 
2708 2703 2515 2512 2706 2709 2516 2512 2709 
2709 2518 2516 2710 2518 2709 2521 2711 2712 
2520 2711 2521 2707 2514 2521 2712 2707 2521 
2518 2710 2713 2522 2518 2713 2713 2524 2522 
2714 2524 2713 2527 2715 2716 2526 2715 2527 
2711 2520 2527 2716 2711 2527 2524 2714 2717 
2528 2524 2717 2717 2530 2528 2718 2530 2717 
2533 2719 2720 2532 2719 2533 2715 2526 2533 
2720 2715 2533 2530 2718 2721 2534 2530 2721 
2722 2721 2723 2722 2535 2721 2535 2534 2721 
2535 2722 2537 2540 2539 2724 2725 2540 2724 
2725 2726 2540 2726 2541 2540 2719 2532 2541 
2726 2719 2541 2722 2723 2727 2537 2722 2727 
2537 2727 2542 2542 2727 2728 2729 2728 2730 
2729 2543 2728 2543 2542 2728 2543 2729 2545 
2548 2547 2731 2732 2548 2731 2732 2733 2548 
2733 2549 2548 2724 2539 2549 2724 2549 2734 
2734 2549 2733 2725 2724 2734 2729 2730 2735 
2545 2729 2735 2545 2735 2550 2550 2735 2736 
2737 2736 2738 2737 2551 2736 2551 2550 2736 
2551 2739 2552 2737 2739 2551 2552 2739 2554 
2557 2556 2740 2557 2741 2558 2740 2741 2557 
2742 2558 2741 2742 2743 2558 2743 2559 2558 
2731 2547 2559 2731 2559 2744 2744 2559 2743 
2732 2731 2744 2737 2738 2745 2739 2737 2745 
2746 2739 2745 2554 2739 2746 2554 2746 2560 
2560 2746 2747 2561 2560 2748 2560 2747 2748 
2562 2561 2749 2561 2748 2749 2563 2562 2750 
2562 2749 2750 2751 2750 2752 2751 2564 2750 
2564 2563 2750 2753 2564 2751 2753 2754 2564 
2754 2565 2564 2566 2565 2755 2565 2754 2755 
2567 2566 2756 2566 2755 2756 2568 2567 2757 
2567 2756 2757 2740 2556 2568 2740 2568 2758 
2758 2568 2757 2741 2740 2758 2759 2741 2758 
2742 2741 2759 2751 2752 2760 2753 2751 2760 
2761 2762 2763 2761 2764 2765 2762 2761 2765 
2764 2766 2767 2765 2764 2767 2766 2571 2570 
2766 2570 2767 2767 2570 2768 2572 2769 2770 
2572 2770 2570 2570 2770 2768 2769 2771 2772 
2770 2769 2772 2771 2773 2774 2772 2771 2774 
2774 2773 2775 2574 2776 2777 2575 2574 2777 
2577 2778 2574 2574 2778 2776 2578 2779 2577 
2577 2779 2778 2763 2579 2761 2763 2779 2579 
2779 2578 2579 2580 2761 2579 2764 2761 2580 
2581 2764 2580 2766 2764 2581 2571 2766 2581 
2572 2582 2769 2583 2769 2582 2771 2769 2583 
2584 2771 2583 2773 2771 2584 2773 2780 2775 
2773 2584 2780 2584 2585 2780 2587 2781 2585 
2585 2781 2780 2589 2782 2587 2587 2782 2781 
2782 2589 2590 2783 2782 2590 2784 2785 2786 
2784 2593 2592 2784 2592 2785 2785 2592 2787 
2594 2788 2592 2592 2788 2787 2777 2594 2575 
2788 2594 2777 2590 2789 2783 2595 2789 2590 
2597 2790 2595 2595 2790 2789 2598 2791 2792 
2598 2792 2597 2597 2792 2790 2792 2791 2793 
2600 2794 2795 2601 2600 2795 2786 2602 2784 
2786 2794 2602 2794 2600 2602 2593 2784 2602 
2598 2603 2791 2791 2796 2793 2791 2603 2796 
2603 2605 2796 2796 2605 2606 2797 2796 2606 
2798 2799 2800 2798 2608 2607 2798 2607 2799 
2799 2607 2801 2795 2607 2601 2801 2607 2795 
2606 2802 2797 2609 2802 2606 2610 2803 2804 
2610 2804 2609 2609 2804 2802 2804 2803 2805 
2806 2807 2808 2800 2807 2806 2798 2800 2806 
2798 2806 2612 2798 2612 2611 2608 2798 2611 
2610 2613 2803 2614 2809 2810 2613 2614 2810 
2613 2810 2805 2613 2805 2803 2810 2809 2811 
2812 2813 2814 2808 2813 2812 2806 2808 2812 
2806 2812 2616 2806 2616 2615 2612 2806 2615 
2614 2617 2809 2618 2815 2816 2617 2618 2816 
2617 2816 2811 2617 2811 2809 2816 2815 2817 
2818 2819 2820 2814 2819 2818 2812 2814 2818 
2812 2818 2620 2812 2620 2619 2616 2812 2619 
2618 2621 2815 2622 2821 2822 2621 2622 2822 
2621 2822 2817 2621 2817 2815 2822 2821 2823 
2623 2818 2820 2623 2820 2624 2624 2820 2824 
2620 2818 2623 2622 2625 2821 2821 2625 2626 
2821 2626 2823 2823 2626 2825 2628 2826 2827 
2629 2628 2827 2824 2628 2624 2826 2628 2824 
2626 2828 2825 2630 2828 2626 2828 2630 2632 
2829 2828 2632 2830 2831 2832 2830 2827 2831 
2830 2633 2827 2633 2629 2827 2833 2634 2834 
2833 2829 2634 2829 2632 2634 2833 2834 2835 
2636 2830 2832 2636 2832 2637 2637 2832 2836 
2633 2830 2636 2634 2638 2834 2834 2638 2640 
2834 2640 2835 2835 2640 2837 2637 2836 2641 
2836 2838 2641 2640 2642 2837 2837 2642 2839 
2644 2840 2841 2645 2644 2841 2838 2644 2641 
2840 2644 2838 2642 2842 2839 2646 2842 2642 
2842 2646 2648 2843 2842 2648 2645 2841 2650 
2841 2844 2650 2648 2652 2843 2843 2652 2845 
2650 2844 2653 2844 2846 2653 2652 2654 2845 
2845 2654 2847 2848 2849 2850 2848 2846 2849 
2848 2655 2846 2655 2653 2846 2851 2656 2852 
2851 2847 2656 2847 2654 2656 2851 2852 2853 
2854 2848 2850 2855 2854 2850 2655 2854 2657 
2848 2854 2655 2852 2658 2856 2656 2658 2852 
2857 2853 2852 2856 2857 2852 2858 2854 2855 
2859 2858 2855 2657 2858 2659 2854 2858 2657 
2856 2660 2860 2658 2660 2856 2861 2857 2856 
2860 2861 2856 2662 2858 2859 2662 2859 2663 
2663 2859 2862 2659 2858 2662 2660 2664 2860 
2860 2664 2666 2860 2666 2861 2861 2666 2863 
2864 2667 2663 2864 2663 2865 2865 2663 2862 
2667 2864 2668 2670 2669 2866 2670 2866 2867 
2670 2867 2666 2666 2867 2863 2868 2864 2865 
2869 2868 2865 2668 2868 2671 2864 2868 2668 
2866 2672 2870 2669 2672 2866 2871 2867 2866 
2870 2871 2866 2872 2868 2869 2873 2872 2869 
2671 2872 2673 2868 2872 2671 2870 2674 2874 
2672 2674 2870 2875 2871 2870 2874 2875 2870 
2872 2873 2876 2876 2673 2872 2876 2877 2673 
2877 2675 2673 2874 2878 2879 2874 2674 2878 
2674 2676 2878 2875 2874 2879 2675 2877 2678 
2877 2880 2678 2676 2680 2878 2878 2680 2881 
2678 2880 2682 2880 2882 2682 2680 2684 2881 
2881 2684 2883 2682 2882 2884 2685 2682 2884 
2884 2686 2685 2885 2686 2884 2688 2886 2887 
2687 2886 2688 2883 2684 2688 2887 2883 2688 
2686 2885 2690 2885 2888 2690 2687 2692 2886 
2886 2692 2889 2890 2693 2690 2890 2690 2891 
2891 2690 2888 2693 2890 2694 2696 2695 2892 
2696 2892 2893 2696 2893 2692 2692 2893 2889 
2890 2891 2894 2894 2694 2890 2894 2895 2694 
2895 2698 2694 2892 2896 2897 2892 2695 2896 
2695 2700 2896 2893 2892 2897 2698 2895 2898 
2701 2698 2898 2898 2702 2701 2899 2702 2898 
2704 2900 2901 2703 2900 2704 2896 2700 2704 
2901 2896 2704 2902 2705 2702 2902 2702 2903 
2903 2702 2899 2705 2902 2706 2708 2707 2904 
2708 2904 2905 2708 2905 2703 2703 2905 2900 
2902 2903 2906 2907 2906 2908 2709 2906 2907 
2709 2902 2906 2709 2706 2902 2709 2907 2710 
2712 2711 2909 2712 2909 2910 2707 2712 2910 
2707 2910 2911 2707 2911 2904 2905 2904 2911 
2907 2908 2912 2913 2912 2914 2713 2912 2913 
2713 2907 2912 2713 2710 2907 2713 2913 2714 
2716 2715 2915 2716 2915 2916 2711 2716 2916 
2711 2916 2917 2711 2917 2909 2910 2909 2917 
2913 2914 2918 2919 2918 2920 2717 2918 2919 
2717 2913 2918 2717 2714 2913 2717 2919 2718 
2720 2719 2921 2720 2921 2922 2715 2720 2922 
2715 2922 2923 2715 2923 2915 2916 2915 2923 
2919 2920 2924 2718 2919 2924 2718 2924 2721 
2721 2924 2925 2925 2723 2721 2926 2723 2925 
2726 2927 2928 2725 2927 2726 2921 2719 2726 
2921 2726 2929 2929 2726 2928 2922 2921 2929 
2723 2926 2930 2727 2723 2930 2931 2930 2932 
2931 2728 2930 2728 2727 2930 2728 2931 2730 
2733 2732 2933 2934 2733 2933 2934 2935 2733 
2935 2734 2733 2927 2725 2734 2935 2927 2734 
2931 2932 2936 2730 2931 2936 2730 2936 2735 
2735 2936 2937 2736 2735 2938 2735 2937 2938 
2938 2738 2736 2939 2738 2938 2743 2940 2941 
2742 2940 2743 2744 2743 2942 2743 2941 2942 
2933 2732 2744 2933 2744 2943 2943 2744 2942 
2934 2933 2943 2738 2939 2944 2745 2738 2944 
2746 2745 2945 2745 2944 2945 2747 2746 2946 
2746 2945 2946 2947 2946 2948 2947 2748 2946 
2748 2747 2946 2748 2949 2749 2947 2949 2748 
2749 2950 2750 2949 2950 2749 2750 2950 2752 
2754 2753 2951 2754 2952 2755 2951 2952 2754 
2755 2953 2756 2952 2953 2755 2954 2756 2953 
2954 2955 2756 2955 2757 2756 2758 2757 2956 
2757 2955 2956 2759 2758 2957 2758 2956 2957 
2940 2742 2759 2957 2940 2759 2947 2948 2958 
2949 2947 2958 2959 2949 2958 2950 2949 2959 
2960 2950 2959 2752 2950 2960 2752 2960 2760 
2760 2960 2961 2951 2753 2760 2951 2760 2962 
2962 2760 2961 2952 2951 2962 2963 2952 2962 
2953 2952 2963 2964 2953 2963 2954 2953 2964 
2965 2966 2967 2965 2763 2762 2965 2762 2966 
2966 2762 2968 2765 2969 2762 2762 2969 2968 
2767 2970 2765 2765 2970 2969 2768 2971 2767 
2767 2971 2970 2770 2972 2768 2768 2972 2971 
2772 2973 2770 2770 2973 2972 2774 2974 2772 
2772 2974 2973 2775 2975 2976 2775 2976 2774 
2774 2976 2974 2976 2975 2977 2978 2979 2980 
2978 2777 2776 2978 2776 2979 2979 2776 2981 
2778 2982 2776 2776 2982 2981 2967 2779 2965 
2967 2982 2779 2982 2778 2779 2763 2965 2779 
2775 2780 2975 2975 2983 2977 2975 2780 2983 
2780 2781 2983 2782 2984 2781 2781 2984 2983 
2783 2985 2986 2783 2986 2782 2782 2986 2984 
2986 2985 2987 2785 2988 2989 2786 2785 2989 
2787 2990 2785 2785 2990 2988 2980 2788 2978 
2980 2990 2788 2990 2787 2788 2777 2978 2788 
2783 2789 2985 2985 2991 2987 2985 2789 2991 
2789 2790 2991 2792 2992 2790 2790 2992 2991 
2992 2792 2793 2993 2992 2793 2994 2995 2996 
2994 2795 2794 2994 2794 2995 2995 2794 2997 
2989 2794 2786 2997 2794 2989 2793 2998 2993 
2796 2998 2793 2797 2999 3000 2797 3000 2796 
2796 3000 2998 3000 2999 3001 2799 3002 3003 
2800 2799 3003 2996 2801 2994 2996 3002 2801 
3002 2799 2801 2795 2994 2801 2797 2802 2999 
2999 3004 3001 2999 2802 3004 2802 2804 3004 
3004 2804 2805 3005 3004 2805 2807 3006 3007 
2808 2807 3007 3003 2807 2800 3006 2807 3003 
2805 3008 3005 2810 3008 2805 3008 2810 2811 
3009 3008 2811 2813 3010 3011 2814 2813 3011 
3007 2813 2808 3010 2813 3007 2811 3012 3009 
2816 3012 2811 3012 2816 2817 3013 3012 2817 
2819 3014 3015 2820 2819 3015 3011 2819 2814 
3014 2819 3011 2817 3016 3013 2822 3016 2817 
3016 2822 2823 3017 3016 2823 3018 3019 3020 
3018 3015 3019 3018 2824 3015 2824 2820 3015 
3021 2825 3022 3021 3017 2825 3017 2823 2825 
3021 3022 3023 2826 3018 3020 2826 3020 2827 
2827 3020 3024 2824 3018 2826 2825 2828 3022 
3022 2828 2829 3022 2829 3023 3023 2829 3025 
2831 3026 3027 2832 2831 3027 3024 2831 2827 
3026 2831 3024 2829 3028 3025 2833 3028 2829 
3028 2833 2835 3029 3028 2835 2832 3027 2836 
3027 3030 2836 2835 2837 3029 3029 2837 3031 
3032 3033 3034 3032 3030 3033 3032 2838 3030 
2838 2836 3030 3035 2839 3036 3035 3031 2839 
3031 2837 2839 3035 3036 3037 2840 3032 3034 
2840 3034 2841 2841 3034 3038 2838 3032 2840 
2839 2842 3036 3036 2842 2843 3036 2843 3037 
3037 2843 3039 2841 3038 2844 3038 3040 2844 
2843 2845 3039 3039 2845 3041 3042 3043 3044 
3042 3040 3043 3042 2846 3040 2846 2844 3040 
3045 2847 3046 3045 3041 2847 3041 2845 2847 
3045 3046 3047 2849 3042 3044 2849 3044 2850 
2850 3044 3048 2846 3042 2849 2847 2851 3046 
3046 2851 2853 3046 2853 3047 3047 2853 3049 
2850 3048 2855 3048 3050 2855 2853 2857 3049 
3049 2857 3051 2855 3050 2859 3050 3052 2859 
2857 2861 3051 3051 2861 3053 2859 3052 2862 
3052 3054 2862 2861 2863 3053 3053 2863 3055 
2862 3054 2865 3054 3056 2865 2863 2867 3055 
3055 2867 3057 2865 3056 2869 3056 3058 2869 
2867 2871 3057 3057 2871 3059 2869 3058 2873 
3058 3060 2873 2871 2875 3059 3059 2875 3061 
3062 2876 2873 3062 2873 3063 3063 2873 3060 
2876 3062 2877 2879 2878 3064 2879 3064 3065 
2879 3065 2875 2875 3065 3061 3062 3063 3066 
3066 2877 3062 3066 3067 2877 3067 2880 2877 
3064 3068 3069 3064 2878 3068 2878 2881 3068 
3065 3064 3069 2880 3067 2882 3067 3070 2882 
2881 2883 3068 3068 2883 3071 3072 2884 2882 
3072 2882 3073 3073 2882 3070 2884 3072 2885 
2887 2886 3074 2887 3074 3075 2887 3075 2883 
2883 3075 3071 3072 3073 3076 3076 2885 3072 
3076 3077 2885 3077 2888 2885 3074 3078 3079 
3074 2886 3078 2886 2889 3078 3075 3074 3079 
2888 3077 2891 3077 3080 2891 2889 2893 3078 
3078 2893 3081 2891 3080 3082 2894 2891 3082 
3082 2895 2894 3083 2895 3082 2897 3084 3085 
2896 3084 2897 3081 2893 2897 3085 3081 2897 
3086 2898 2895 3086 2895 3087 3087 2895 3083 
2898 3086 2899 2901 2900 3088 2901 3088 3089 
2901 3089 2896 2896 3089 3084 3086 3087 3090 
3090 2899 3086 3090 3091 2899 3091 2903 2899 
3088 3092 3093 3088 2900 3092 2900 2905 3092 
3089 3088 3093 2903 3091 3094 2906 2903 3094 
3094 2908 2906 3095 2908 3094 2911 3096 3097 
2910 3096 2911 3092 2905 2911 3097 3092 2911 
2908 3095 3098 2912 2908 3098 3098 2914 2912 
3099 2914 3098 2917 3100 3101 2916 3100 2917 
3096 2910 2917 3101 3096 2917 2914 3099 3102 
2918 2914 3102 3102 2920 2918 3103 2920 3102 
2923 3104 3105 2922 3104 2923 3100 2916 2923 
3105 3100 2923 2920 3103 3106 2924 2920 3106 
3107 3106 3108 3107 2925 3106 2925 2924 3106 
2925 3107 2926 2928 2927 3109 3110 2928 3109 
3110 3111 2928 3111 2929 2928 3104 2922 2929 
3111 3104 2929 3107 3108 3112 2926 3107 3112 
2926 3112 2930 2930 3112 3113 3113 2932 2930 
3114 2932 3113 2935 3115 3116 2934 3115 2935 
3109 2927 2935 3109 2935 3117 3117 2935 3116 
3110 3109 3117 2932 3114 3118 2936 2932 3118 
2937 2936 3119 2936 3118 3119 3120 3119 3121 
3120 2938 3119 2938 2937 3119 2938 3120 2939 
2941 2940 3122 3123 2941 3122 3123 3124 2941 
3124 2942 2941 2943 2942 3125 2942 3124 3125 
3115 2934 2943 3125 3115 2943 3120 3121 3126 
2939 3120 3126 2939 3126 2944 2944 3126 3127 
2945 2944 3128 2944 3127 3128 3129 3128 3130 
3129 2946 3128 2946 2945 3128 2946 3129 2948 
2955 2954 3131 3132 2955 3131 3132 3133 2955 
3133 2956 2955 2957 2956 3134 2956 3133 3134 
3122 2940 2957 3122 2957 3135 3135 2957 3134 
3123 3122 3135 3129 3130 3136 2948 3129 3136 
2948 3136 2958 2958 3136 3137 2959 2958 3138 
2958 3137 3138 2960 2959 3139 2959 3138 3139 
2961 2960 3140 2960 3139 3140 2962 2961 3141 
2961 3140 3141 2963 2962 3142 2962 3141 3142 
2964 2963 3143 2963 3142 3143 3131 2954 2964 
3131 2964 3144 3144 2964 3143 3132 3131 3144 
3145 3146 3147 3145 2967 2966 3145 2966 3146 
3146 2966 3148 2968 3149 2966 2966 3149 3148 
2969 3150 2968 2968 3150 3149 2970 3151 2969 
2969 3151 3150 2971 3152 2970 2970 3152 3151 
2972 3153 2971 2971 3153 3152 2973 3154 2972 
2972 3154 3153 2974 3155 2973 2973 3155 3154 
2976 3156 2974 2974 3156 3155 2977 3157 3158 
2977 3158 2976 2976 3158 3156 3158 3157 3159 
3160 3161 3162 3160 2980 2979 3160 2979 3161 
3161 2979 3163 2981 3164 2979 2979 3164 3163 
3147 2982 3145 3147 3164 2982 3164 2981 2982 
2967 3145 2982 2977 2983 3157 3157 3165 3159 
3157 2983 3165 2983 2984 3165 2986 3166 2984 
2984 3166 3165 2987 3167 3168 2987 3168 2986 
2986 3168 3166 3168 3167 3169 2988 3170 3171 
2989 2988 3171 3162 2990 3160 3162 3170 2990 
3170 2988 2990 2980 3160 2990 2987 2991 3167 
3167 3172 3169 3167 2991 3172 2991 2992 3172 
3172 2992 2993 3173 3172 2993 2995 3174 3175 
2996 2995 3175 2997 3176 2995 2995 3176 3174 
3171 2997 2989 3176 2997 3171 2993 3177 3173 
2998 3177 2993 3000 3178 2998 2998 3178 3177 
3178 3000 3001 3179 3178 3001 3002 3180 3181 
3003 3002 3181 3175 3002 2996 3180 3002 3175 
3001 3182 3179 3004 3182 3001 3182 3004 3005 
3183 3182 3005 3006 3184 3185 3007 3006 3185 
3181 3006 3003 3184 3006 3181 3005 3186 3183 
3008 3186 3005 3186 3008 3009 3187 3186 3009 
3010 3188 3189 3011 3010 3189 3185 3010 3007 
3188 3010 3185 3009 3190 3187 3012 3190 3009 
3190 3012 3013 3191 3190 3013 3014 3192 3193 
3015 3014 3193 3189 3014 3011 3192 3014 3189 
3013 3194 3191 3016 3194 3013 3194 3016 3017 
3195 3194 3017 3019 3196 3197 3020 3019 3197 
3193 3019 3015 3196 3019 3193 3017 3198 3195 
3021 3198 3017 3198 3021 3023 3199 3198 3023 
3020 3197 3024 3197 3200 3024 3023 3025 3199 
3199 3025 3201 3026 3202 3203 3027 3026 3203 
3200 3026 3024 3202 3026 3200 3025 3204 3201 
3028 3204 3025 3204 3028 3029 3205 3204 3029 
3206 3207 3208 3206 3203 3207 3206 3030 3203 
3030 3027 3203 3209 3031 3210 3209 3205 3031 
3205 3029 3031 3209 3210 3211 3033 3206 3208 
3033 3208 3034 3034 3208 3212 3030 3206 3033 
3031 3035 3210 3210 3035 3037 3210 3037 3211 
3211 3037 3213 3034 3212 3038 3212 3214 3038 
3037 3039 3213 3213 3039 3215 3216 3217 3218 
3216 3214 3217 3216 3040 3214 3040 3038 3214 
3219 3041 3220 3219 3215 3041 3215 3039 3041 
3219 3220 3221 3043 3216 3218 3043 3218 3044 
3044 3218 3222 3040 3216 3043 3041 3045 3220 
3220 3045 3047 3220 3047 3221 3221 3047 3223 
3044 3222 3048 3222 3224 3048 3047 3049 3223 
3223 3049 3225 3048 3224 3050 3224 3226 3050 
3049 3051 3225 3225 3051 3227 3050 3226 3052 
3226 3228 3052 3051 3053 3227 3227 3053 3229 
3052 3228 3054 3228 3230 3054 3053 3055 3229 
3229 3055 3231 3054 3230 3056 3230 3232 3056 
3055 3057 3231 3231 3057 3233 3056 3232 3058 
3232 3234 3058 3057 3059 3233 3233 3059 3235 
3058 3234 3060 3234 3236 3060 3059 3061 3235 
3235 3061 3237 3060 3236 3063 3236 3238 3063 
3061 3065 3237 3237 3065 3239 3240 3066 3063 
3240 3063 3241 3241 3063 3238 3066 3240 3067 
3069 3068 3242 3069 3242 3243 3069 3243 3065 
3065 3243 3239 3240 3241 3244 3244 3067 3240 
3244 3245 3067 3245 3070 3067 3242 3246 3247 
3242 3068 3246 3068 3071 3246 3243 3242 3247 
3070 3245 3073 3245 3248 3073 3071 3075 3246 
3246 3075 3249 3250 3076 3073 3250 3073 3251 
3251 3073 3248 3076 3250 3077 3079 3078 3252 
3079 3252 3253 3079 3253 3075 3075 3253 3249 
3250 3251 3254 3254 3077 3250 3254 3255 3077 
3255 3080 3077 3252 3256 3257 3252 3078 3256 
3078 3081 3256 3253 3252 3257 3080 3255 3258 
3082 3080 3258 3258 3083 3082 3259 3083 3258 
3085 3260 3261 3084 3260 3085 3256 3081 3085 
3261 3256 3085 3083 3259 3087 3259 3262 3087 
3084 3089 3260 3260 3089 3263 3087 3262 3264 
3090 3087 3264 3264 3091 3090 3265 3091 3264 
3093 3266 3267 3092 3266 3093 3263 3089 3093 
3267 3263 3093 3091 3265 3268 3094 3091 3268 
3268 3095 3094 3269 3095 3268 3097 3270 3271 
3096 3270 3097 3266 3092 3097 3271 3266 3097 
3095 3269 3272 3098 3095 3272 3272 3099 3098 
3273 3099 3272 3101 3274 3275 3100 3274 3101 
3270 3096 3101 3275 3270 3101 3099 3273 3276 
3102 3099 3276 3276 3103 3102 3277 3103 3276 
3105 3278 3279 3104 3278 3105 3274 3100 3105 
3279 3274 3105 3103 3277 3280 3106 3103 3280 
3280 3108 3106 3281 3108 3280 3111 3282 3283 
3110 3282 3111 3278 3104 3111 3283 3278 3111 
3108 3281 3284 3112 3108 3284 3113 3112 3285 
3112 3284 3285 3285 3114 3113 3286 3114 3285 
3116 3287 3288 3115 3287 3116 3117 3116 3289 
3116 3288 3289 3282 3110 3117 3289 3282 3117 
3114 3286 3290 3118 3114 3290 3291 3290 3292 
3291 3119 3290 3119 3118 3290 3119 3291 3121 
3124 3123 3293 3294 3124 3293 3294 3295 3124 
3295 3125 3124 3287 3115 3125 3295 3287 3125 
3291 3292 3296 3121 3291 3296 3121 3296 3126 
3126 3296 3297 3127 3126 3298 3126 3297 3298 
3299 3298 3300 3299 3128 3298 3128 3127 3298 
3128 3299 3130 3133 3132 3301 3302 3133 3301 
3302 3303 3133 3303 3134 3133 3135 3134 3304 
3134 3303 3304 3293 3123 3135 3293 3135 3305 
3305 3135 3304 3294 3293 3305 3299 3300 3306 
3130 3299 3306 3130 3306 3136 3136 3306 3307 
3137 3136 3308 3136 3307 3308 3138 3137 3309 
3137 3308 3309 3139 3138 3310 3138 3309 3310 
3140 3139 3311 3139 3310 3311 3141 3140 3312 
3140 3311 3312 3142 3141 3313 3141 3312 3313 
3143 3142 3314 3142 3313 3314 3144 3143 3315 
3143 3314 3315 3301 3132 3144 3301 3144 3316 
3316 3144 3315 3302 3301 3316 3146 3317 3318 
3147 3146 3318 3148 3319 3146 3146 3319 3317 
3149 3320 3148 3148 3320 3319 3150 3321 3149 
3149 3321 3320 3151 3322 3150 3150 3322 3321 
3152 3323 3151 3151 3323 3322 3153 3324 3152 
3152 3324 3323 3154 3325 3153 3153 3325 3324 
3155 3326 3154 3154 3326 3325 3156 3327 3155 
3155 3327 3326 3158 3328 3156 3156 3328 3327 
3328 3158 3159 3329 3328 3159 3161 3330 3331 
3162 3161 3331 3163 3332 3161 3161 3332 3330 
3164 3333 3163 3163 3333 3332 3318 3164 3147 
3333 3164 3318 3159 3334 3329 3165 3334 3159 
3166 3335 3165 3165 3335 3334 3168 3336 3166 
3166 3336 3335 3336 3168 3169 3337 3336 3169 
3338 3339 3340 3338 3171 3170 3338 3170 3339 
3339 3170 3341 3331 3170 3162 3341 3170 3331 
3169 3342 3337 3172 3342 3169 3173 3343 3344 
3173 3344 3172 3172 3344 3342 3344 3343 3345 
3174 3346 3347 3175 3174 3347 3340 3176 3338 
3340 3346 3176 3346 3174 3176 3171 3338 3176 
3173 3177 3343 3343 3348 3345 3343 3177 3348 
3177 3178 3348 3348 3178 3179 3349 3348 3179 
3180 3350 3351 3181 3180 3351 3347 3180 3175 
3350 3180 3347 3179 3352 3349 3182 3352 3179 
3352 3182 3183 3353 3352 3183 3354 3355 3356 
3354 3185 3184 3354 3184 3355 3355 3184 3357 
3351 3184 3181 3357 3184 3351 3183 3358 3353 
3186 3358 3183 3187 3359 3360 3187 3360 3186 
3186 3360 3358 3360 3359 3361 3188 3354 3356 
3188 3356 3189 3189 3356 3362 3185 3354 3188 
3187 3190 3359 3359 3190 3191 3359 3191 3361 
3361 3191 3363 3192 3364 3365 3193 3192 3365 
3362 3192 3189 3364 3192 3362 3191 3366 3363 
3194 3366 3191 3366 3194 3195 3367 3366 3195 
3196 3368 3369 3197 3196 3369 3365 3196 3193 
3368 3196 3365 3195 3370 3367 3198 3370 3195 
3370 3198 3199 3371 3370 3199 3372 3373 3374 
3372 3369 3373 3372 3200 3369 3200 3197 3369 
3375 3201 3376 3375 3371 3201 3371 3199 3201 
3375 3376 3377 3202 3372 3374 3202 3374 3203 
3203 3374 3378 3200 3372 3202 3201 3204 3376 
3376 3204 3205 3376 3205 3377 3377 3205 3379 
3207 3380 3381 3208 3207 3381 3378 3207 3203 
3380 3207 3378 3205 3382 3379 3209 3382 3205 
3382 3209 3211 3383 3382 3211 3208 3381 3212 
3381 3384 3212 3211 3213 3383 3383 3213 3385 
3212 3384 3214 3384 3386 3214 3213 3215 3385 
3385 3215 3387 3217 3388 3389 3218 3217 3389 
3386 3217 3214 3388 3217 3386 3215 3390 3387 
3219 3390 3215 3390 3219 3221 3391 3390 3221 
3218 3389 3222 3389 3392 3222 3221 3223 3391 
3391 3223 3393 3222 3392 3224 3392 3394 3224 
3223 3225 3393 3393 3225 3395 3224 3394 3226 
3394 3396 3226 3225 3227 3395 3395 3227 3397 
3226 3396 3228 3396 3398 3228 3227 3229 3397 
3397 3229 3399 3228 3398 3230 3398 3400 3230 
3229 3231 3399 3399 3231 3401 3230 3400 3232 
3400 3402 3232 3231 3233 3401 3401 3233 3403 
3232 3402 3234 3402 3404 3234 3233 3235 3403 
3403 3235 3405 3234 3404 3236 3404 3406 3236 
3235 3237 3405 3405 3237 3407 3236 3406 3238 
3406 3408 3238 3237 3239 3407 3407 3239 3409 
3238 3408 3241 3408 3410 3241 3239 3243 3409 
3409 3243 3411 3241 3410 3412 3244 3241 3412 
3412 3245 3244 3413 3245 3412 3247 3414 3415 
3246 3414 3247 3411 3243 3247 3415 3411 3247 
3245 3413 3248 3413 3416 3248 3246 3249 3414 
3414 3249 3417 3248 3416 3251 3416 3418 3251 
3249 3253 3417 3417 3253 3419 3251 3418 3420 
3254 3251 3420 3420 3255 3254 3421 3255 3420 
3257 3422 3423 3256 3422 3257 3419 3253 3257 
3423 3419 3257 3424 3258 3255 3424 3255 3425 
3425 3255 3421 3258 3424 3259 3261 3260 3426 
3261 3426 3427 3261 3427 3256 3256 3427 3422 
3424 3425 3428 3428 3259 3424 3428 3429 3259 
3429 3262 3259 3426 3430 3431 3426 3260 3430 
3260 3263 3430 3427 3426 3431 3262 3429 3432 
3264 3262 3432 3432 3265 3264 3433 3265 3432 
3267 3434 3435 3266 3434 3267 3430 3263 3267 
3435 3430 3267 3265 3433 3436 3268 3265 3436 
3436 3269 3268 3437 3269 3436 3271 3438 3439 
3270 3438 3271 3434 3266 3271 3439 3434 3271 
3440 3272 3269 3440 3269 3441 3441 3269 3437 
3272 3440 3273 3275 3274 3442 3275 3442 3443 
3275 3443 3270 3270 3443 3438 3440 3441 3444 
3273 3440 3444 3273 3444 3276 3276 3444 3445 
3445 3277 3276 3446 3277 3445 3279 3447 3448 
3278 3447 3279 3442 3274 3279 3442 3279 3449 
3449 3279 3448 3443 3442 3449 3277 3446 3450 
3280 3277 3450 3450 3281 3280 3451 3281 3450 
3283 3452 3453 3282 3452 3283 3447 3278 3283 
3453 3447 3283 3281 3451 3454 3284 3281 3454 
3455 3454 3456 3455 3285 3454 3285 3284 3454 
3285 3455 3286 3288 3287 3457 3458 3288 3457 
3458 3459 3288 3459 3289 3288 3452 3282 3289 
3459 3452 3289 3455 3456 3460 3286 3455 3460 
3286 3460 3290 3290 3460 3461 3461 3292 3290 
3462 3292 3461 3295 3463 3464 3294 3463 3295 
3457 3287 3295 3457 3295 3465 3465 3295 3464 
3458 3457 3465 3292 3462 3466 3296 3292 3466 
3297 3296 3467 3296 3466 3467 3298 3297 3468 
3297 3467 3468 3468 3300 3298 3469 3300 3468 
3303 3470 3471 3302 3470 3303 3304 3303 3472 
3303 3471 3472 3305 3304 3473 3304 3472 3473 
3463 3294 3305 3473 3463 3305 3300 3469 3474 
3306 3300 3474 3307 3306 3475 3306 3474 3475 
3308 3307 3476 3307 3475 3476 3309 3308 3477 
3308 3476 3477 3310 3309 3478 3309 3477 3478 
3311 3310 3479 3310 3478 3479 3312 3311 3480 
3311 3479 3480 3313 3312 3481 3312 3480 3481 
3314 3313 3482 3313 3481 3482 3315 3314 3483 
3314 3482 3483 3316 3315 3484 3315 3483 3484 
3470 3302 3316 3484 3470 3316 3317 3485 3486 
3318 3317 3486 3319 3487 3317 3317 3487 3485 
3320 3488 3319 3319 3488 3487 3321 3489 3320 
3320 3489 3488 3322 3490 3321 3321 3490 3489 
3323 3491 3322 3322 3491 3490 3324 3492 3323 
3323 3492 3491 3325 3493 3324 3324 3493 3492 
3326 3494 3325 3325 3494 3493 3327 3495 3326 
3326 3495 3494 3328 3496 3327 3327 3496 3495 
3496 3328 3329 3497 3496 3329 3330 3498 3499 
3331 3330 3499 3332 3500 3330 3330 3500 3498 
3333 3501 3332 3332 3501 3500 3486 3333 3318 
3501 3333 3486 3329 3502 3497 3334 3502 3329 
3335 3503 3334 3334 3503 3502 3336 3504 3335 
3335 3504 3503 3504 3336 3337 3505 3504 3337 
3339 3506 3507 3340 3339 3507 3341 3508 3339 
3339 3508 3506 3499 3341 3331 3508 3341 3499 
3337 3509 3505 3342 3509 3337 3344 3510 3342 
3342 3510 3509 3510 3344 3345 3511 3510 3345 
3346 3512 3513 3347 3346 3513 3507 3346 3340 
3512 3346 3507 3345 3514 3511 3348 3514 3345 
3514 3348 3349 3515 3514 3349 3516 3517 3518 
3516 3351 3350 3516 3350 3517 3517 3350 3519 
3513 3350 3347 3519 3350 3513 3349 3520 3515 
3352 3520 3349 3353 3521 3522 3353 3522 3352 
3352 3522 3520 3522 3521 3523 3355 3524 3525 
3356 3355 3525 3518 3357 3516 3518 3524 3357 
3524 3355 3357 3351 3516 3357 3353 3358 3521 
3521 3526 3523 3521 3358 3526 3358 3360 3526 
3526 3360 3361 3527 3526 3361 3528 3529 3530 
3528 3525 3529 3528 3362 3525 3362 3356 3525 
3531 3363 3532 3531 3527 3363 3527 3361 3363 
3531 3532 3533 3364 3528 3530 3364 3530 3365 
3365 3530 3534 3362 3528 3364 3363 3366 3532 
3532 3366 3367 3532 3367 3533 3533 3367 3535 
3368 3536 3537 3369 3368 3537 3534 3368 3365 
3536 3368 3534 3367 3538 3535 3370 3538 3367 
3538 3370 3371 3539 3538 3371 3373 3540 3541 
3374 3373 3541 3537 3373 3369 3540 3373 3537 
3371 3542 3539 3375 3542 3371 3542 3375 3377 
3543 3542 3377 3374 3541 3378 3541 3544 3378 
3377 3379 3543 3543 3379 3545 3380 3546 3547 
3381 3380 3547 3544 3380 3378 3546 3380 3544 
3379 3548 3545 3382 3548 3379 3548 3382 3383 
3549 3548 3383 3381 3547 3384 3547 3550 3384 
3383 3385 3549 3549 3385 3551 3384 3550 3386 
3550 3552 3386 3385 3387 3551 3551 3387 3553 
3388 3554 3555 3389 3388 3555 3552 3388 3386 
3554 3388 3552 3387 3556 3553 3390 3556 3387 
3556 3390 3391 3557 3556 3391 3389 3555 3392 
3555 3558 3392 3391 3393 3557 3557 3393 3559 
3392 3558 3394 3558 3560 3394 3393 3395 3559 
3559 3395 3561 3394 3560 3396 3560 3562 3396 
3395 3397 3561 3561 3397 3563 3396 3562 3398 
3562 3564 3398 3397 3399 3563 3563 3399 3565 
3398 3564 3400 3564 3566 3400 3399 3401 3565 
3565 3401 3567 3400 3566 3402 3566 3568 3402 
3401 3403 3567 3567 3403 3569 3402 3568 3404 
3568 3570 3404 3403 3405 3569 3569 3405 3571 
3404 3570 3406 3570 3572 3406 3405 3407 3571 
3571 3407 3573 3406 3572 3408 3572 3574 3408 
3407 3409 3573 3573 3409 3575 3408 3574 3410 
3574 3576 3410 3409 3411 3575 3575 3411 3577 
3410 3576 3578 3412 3410 3578 3578 3413 3412 
3579 3413 3578 3415 3580 3581 3414 3580 3415 
3577 3411 3415 3581 3577 3415 3413 3579 3416 
3579 3582 3416 3414 3417 3580 3580 3417 3583 
3416 3582 3418 3582 3584 3418 3417 3419 3583 
3583 3419 3585 3418 3584 3586 3420 3418 3586 
3586 3421 3420 3587 3421 3586 3423 3588 3589 
3422 3588 3423 3585 3419 3423 3589 3585 3423 
3421 3587 3425 3587 3590 3425 3422 3427 3588 
3588 3427 3591 3425 3590 3592 3428 3425 3592 
3592 3429 3428 3593 3429 3592 3431 3594 3595 
3430 3594 3431 3591 3427 3431 3595 3591 3431 
3429 3593 3596 3432 3429 3596 3596 3433 3432 
3597 3433 3596 3435 3598 3599 3434 3598 3435 
3594 3430 3435 3599 3594 3435 3600 3436 3433 
3600 3433 3601 3601 3433 3597 3436 3600 3437 
3439 3438 3602 3439 3602 3603 3439 3603 3434 
3434 3603 3598 3600 3601 3604 3604 3437 3600 
3604 3605 3437 3605 3441 3437 3602 3606 3607 
3602 3438 3606 3438 3443 3606 3603 3602 3607 
3441 3605 3608 3444 3441 3608 3609 3608 3610 
3609 3445 3608 3445 3444 3608 3445 3609 3446 
3448 3447 3611 3612 3448 3611 3612 3613 3448 
3613 3449 3448 3606 3443 3449 3613 3606 3449 
3609 3610 3614 3446 3609 3614 3446 3614 3450 
3450 3614 3615 3615 3451 3450 3616 3451 3615 
3453 3617 3618 3452 3617 3453 3611 3447 3453 
3611 3453 3619 3619 3453 3618 3612 3611 3619 
3451 3616 3620 3454 3451 3620 3620 3456 3454 
3621 3456 3620 3459 3622 3623 3458 3622 3459 
3617 3452 3459 3623 3617 3459 3456 3621 3624 
3460 3456 3624 3461 3460 3625 3460 3624 3625 
3625 3462 3461 3626 3462 3625 3464 3627 3628 
3463 3627 3464 3465 3464 3629 3464 3628 3629 
3622 3458 3465 3629 3622 3465 3462 3626 3630 
3466 3462 3630 3467 3466 3631 3466 3630 3631 
3468 3467 3632 3467 3631 3632 3632 3469 3468 
3633 3469 3632 3471 3634 3635 3470 3634 3471 
3472 3471 3636 3471 3635 3636 3473 3472 3637 
3472 3636 3637 3627 3463 3473 3637 3627 3473 
3469 3633 3638 3474 3469 3638 3475 3474 3639 
3474 3638 3639 3476 3475 3640 3475 3639 3640 
3477 3476 3641 3476 3640 3641 3478 3477 3642 
3477 3641 3642 3479 3478 3643 3478 3642 3643 
3480 3479 3644 3479 3643 3644 3481 3480 3645 
3480 3644 3645 3482 3481 3646 3481 3645 3646 
3483 3482 3647 3482 3646 3647 3484 3483 3648 
3483 3647 3648 3634 3470 3484 3648 3634 3484 
3649 3650 3651 3649 3486 3485 3649 3485 3650 
3650 3485 3652 3487 3653 3485 3485 3653 3652 
3488 3654 3487 3487 3654 3653 3489 3655 3488 
3488 3655 3654 3490 3656 3489 3489 3656 3655 
3491 3657 3490 3490 3657 3656 3492 3658 3491 
3491 3658 3657 3493 3659 3492 3492 3659 3658 
3494 3660 3493 3493 3660 3659 3495 3661 3494 
3494 3661 3660 3496 3662 3495 3495 3662 3661 
3497 3663 3664 3497 3664 3496 3496 3664 3662 
3664 3663 3665 3498 3666 3667 3499 3498 3667 
3500 3668 3498 3498 3668 3666 3651 3501 3649 
3651 3668 3501 3668 3500 3501 3486 3649 3501 
3497 3502 3663 3663 3669 3665 3663 3502 3669 
3502 3503 3669 3504 3670 3503 3503 3670 3669 
3670 3504 3505 3671 3670 3505 3506 3672 3673 
3507 3506 3673 3508 3674 3506 3506 3674 3672 
3667 3508 3499 3674 3508 3667 3505 3675 3671 
3509 3675 3505 3510 3676 3509 3509 3676 3675 
3676 3510 3511 3677 3676 3511 3512 3678 3679 
3513 3512 3679 3673 3512 3507 3678 3512 3673 
3511 3680 3677 3514 3680 3511 3680 3514 3515 
3681 3680 3515 3517 3682 3683 3518 3517 3683 
3519 3684 3517 3517 3684 3682 3679 3519 3513 
3684 3519 3679 3515 3685 3681 3520 3685 3515 
3522 3686 3520 3520 3686 3685 3686 3522 3523 
3687 3686 3523 3524 3688 3689 3525 3524 3689 
3683 3524 3518 3688 3524 3683 3523 3690 3687 
3526 3690 3523 3690 3526 3527 3691 3690 3527 
3529 3692 3693 3530 3529 3693 3689 3529 3525 
3692 3529 3689 3527 3694 3691 3531 3694 3527 
3694 3531 3533 3695 3694 3533 3530 3693 3534 
3693 3696 3534 3533 3535 3695 3695 3535 3697 
3536 3698 3699 3537 3536 3699 3696 3536 3534 
3698 3536 3696 3535 3700 3697 3538 3700 3535 
3700 3538 3539 3701 3700 3539 3540 3702 3703 
3541 3540 3703 3699 3540 3537 3702 3540 3699 
3539 3704 3701 3542 3704 3539 3704 3542 3543 
3705 3704 3543 3541 3703 3544 3703 3706 3544 
3543 3545 3705 3705 3545 3707 3546 3708 3709 
3547 3546 3709 3706 3546 3544 3708 3546 3706 
3545 3710 3707 3548 3710 3545 3710 3548 3549 
3711 3710 3549 3547 3709 3550 3709 3712 3550 
3549 3551 3711 3711 3551 3713 3714 3715 3716 
3714 3712 3715 3714 3552 3712 3552 3550 3712 
3717 3553 3718 3717 3713 3553 3713 3551 3553 
3717 3718 3719 3554 3714 3716 3554 3716 3555 
3555 3716 3720 3552 3714 3554 3553 3556 3718 
3718 3556 3557 3718 3557 3719 3719 3557 3721 
3555 3720 3558 3720 3722 3558 3557 3559 3721 
3721 3559 3723 3558 3722 3560 3722 3724 3560 
3559 3561 3723 3723 3561 3725 3560 3724 3562 
3724 3726 3562 3561 3563 3725 3725 3563 3727 
3562 3726 3564 3726 3728 3564 3563 3565 3727 
3727 3565 3729 3564 3728 3566 3728 3730 3566 
3565 3567 3729 3729 3567 3731 3566 3730 3568 
3730 3732 3568 3567 3569 3731 3731 3569 3733 
3568 3732 3570 3732 3734 3570 3569 3571 3733 
3733 3571 3735 3570 3734 3572 3734 3736 3572 
3571 3573 3735 3735 3573 3737 3572 3736 3574 
3736 3738 3574 3573 3575 3737 3737 3575 3739 
3574 3738 3576 3738 3740 3576 3575 3577 3739 
3739 3577 3741 3742 3578 3576 3742 3576 3743 
3743 3576 3740 3578 3742 3579 3581 3580 3744 
3581 3744 3745 3581 3745 3577 3577 3745 3741 
3742 3743 3746 3746 3579 3742 3746 3747 3579 
3747 3582 3579 3744 3748 3749 3744 3580 3748 
3580 3583 3748 3745 3744 3749 3582 3747 3584 
3747 3750 3584 3583 3585 3748 3748 3585 3751 
3584 3750 3752 3586 3584 3752 3752 3587 3586 
3753 3587 3752 3589 3754 3755 3588 3754 3589 
3751 3585 3589 3755 3751 3589 3587 3753 3590 
3753 3756 3590 3588 3591 3754 3754 3591 3757 
3590 3756 3758 3592 3590 3758 3758 3593 3592 
3759 3593 3758 3595 3760 3761 3594 3760 3595 
3757 3591 3595 3761 3757 3595 3593 3759 3762 
3596 3593 3762 3762 3597 3596 3763 3597 3762 
3599 3764 3765 3598 3764 3599 3760 3594 3599 
3765 3760 3599 3597 3763 3601 3763 3766 3601 
3598 3603 3764 3764 3603 3767 3601 3766 3768 
3604 3601 3768 3768 3605 3604 3769 3605 3768 
3607 3770 3771 3606 3770 3607 3767 3603 3607 
3771 3767 3607 3605 3769 3772 3608 3605 3772 
3772 3610 3608 3773 3610 3772 3613 3774 3775 
3612 3774 3613 3770 3606 3613 3775 3770 3613 
3610 3773 3776 3614 3610 3776 3615 3614 3777 
3614 3776 3777 3777 3616 3615 3778 3616 3777 
3618 3779 3780 3617 3779 3618 3619 3618 3781 
3618 3780 3781 3774 3612 3619 3781 3774 3619 
3616 3778 3782 3620 3616 3782 3782 3621 3620 
3783 3621 3782 3623 3784 3785 3622 3784 3623 
3779 3617 3623 3785 3779 3623 3621 3783 3786 
3624 3621 3786 3625 3624 3787 3624 3786 3787 
3787 3626 3625 3788 3626 3787 3628 3789 3790 
3627 3789 3628 3629 3628 3791 3628 3790 3791 
3784 3622 3629 3791 3784 3629 3626 3788 3792 
3630 3626 3792 3631 3630 3793 3630 3792 3793 
3794 3793 3795 3794 3632 3793 3632 3631 3793 
3632 3794 3633 3635 3634 3796 3797 3635 3796 
3797 3798 3635 3798 3636 3635 3637 3636 3799 
3636 3798 3799 3789 3627 3637 3799 3789 3637 
3794 3795 3800 3633 3794 3800 3633 3800 3638 
3638 3800 3801 3639 3638 3802 3638 3801 3802 
3640 3639 3803 3639 3802 3803 3641 3640 3804 
3640 3803 3804 3642 3641 3805 3641 3804 3805 
3643 3642 3806 3642 3805 3806 3644 3643 3807 
3643 3806 3807 3645 3644 3808 3644 3807 3808 
3646 3645 3809 3645 3808 3809 3647 3646 3810 
3646 3809 3810 3648 3647 3811 3647 3810 3811 
3796 3634 3648 3796 3648 3812 3812 3648 3811 
3797 3796 3812 3650 3813 3651 3814 3813 3650 
3814 3650 3815 3815 3650 3652 3653 3816 3652 
3652 3816 3815 3654 3817 3653 3653 3817 3816 
3655 3818 3654 3654 3818 3817 3656 3819 3655 
3655 3819 3818 3657 3820 3656 3656 3820 3819 
3658 3821 3657 3657 3821 3820 3659 3822 3658 
3658 3822 3821 3660 3823 3659 3659 3823 3822 
3661 3824 3660 3660 3824 3823 3662 3825 3661 
3661 3825 3824 3826 3827 3825 3826 3825 3664 
3664 3825 3662 3664 3665 3826 3666 3828 3829 
3667 3666 3829 3668 3830 3666 3666 3830 3828 
3813 3668 3651 3813 3831 3668 3831 3830 3668 
3814 3831 3813 3826 3832 3827 3665 3832 3826 
3665 3669 3832 3669 3833 3832 3670 3834 3669 
3669 3834 3833 3834 3670 3671 3835 3834 3671 
3672 3836 3837 3673 3672 3837 3674 3838 3672 
3672 3838 3836 3829 3674 3667 3838 3674 3829 
3671 3839 3835 3675 3839 3671 3676 3840 3675 
3675 3840 3839 3840 3676 3677 3841 3840 3677 
3678 3842 3843 3679 3678 3843 3837 3678 3673 
3842 3678 3837 3677 3844 3841 3680 3844 3677 
3844 3680 3681 3845 3844 3681 3682 3846 3847 
3683 3682 3847 3684 3848 3682 3682 3848 3846 
3843 3684 3679 3848 3684 3843 3681 3849 3845 
3685 3849 3681 3686 3850 3685 3685 3850 3849 
3850 3686 3687 3851 3850 3687 3688 3852 3853 
3689 3688 3853 3847 3688 3683 3852 3688 3847 
3687 3854 3851 3690 3854 3687 3854 3690 3691 
3855 3854 3691 3692 3856 3857 3693 3692 3857 
3853 3692 3689 3856 3692 3853 3691 3858 3855 
3694 3858 3691 3858 3694 3695 3859 3858 3695 
3693 3857 3696 3857 3860 3696 3695 3697 3859 
3859 3697 3861 3698 3862 3863 3699 3698 3863 
3860 3698 3696 3862 3698 3860 3697 3864 3861 
3700 3864 3697 3864 3700 3701 3865 3864 3701 
3702 3866 3867 3703 3702 3867 3863 3702 3699 
3866 3702 3863 3701 3868 3865 3704 3868 3701 
3868 3704 3705 3869 3868 3705 3703 3867 3706 
3867 3870 3706 3705 3707 3869 3869 3707 3871 
3708 3872 3873 3709 3708 3873 3870 3708 3706 
3872 3708 3870 3707 3874 3871 3710 3874 3707 
3874 3710 3711 3875 3874 3711 3709 3873 3712 
3873 3876 3712 3711 3713 3875 3875 3713 3877 
3715 3878 3716 3715 3879 3878 3715 3712 3879 
3712 3876 3879 3880 3713 3717 3880 3881 3713 
3881 3877 3713 3717 3719 3880 3878 3882 3883 
3878 3883 3716 3716 3883 3720 3879 3882 3878 
3880 3884 3881 3884 3880 3719 3884 3719 3885 
3885 3719 3721 3720 3883 3722 3883 3886 3722 
3721 3723 3885 3885 3723 3887 3722 3886 3724 
3886 3888 3724 3723 3725 3887 3887 3725 3889 
3724 3888 3726 3888 3890 3726 3725 3727 3889 
3889 3727 3891 3726 3890 3728 3890 3892 3728 
3727 3729 3891 3891 3729 3893 3728 3892 3730 
3892 3894 3730 3729 3731 3893 3893 3731 3895 
3730 3894 3732 3894 3896 3732 3731 3733 3895 
3895 3733 3897 3732 3896 3734 3896 3898 3734 
3733 3735 3897 3897 3735 3899 3734 3898 3736 
3898 3900 3736 3735 3737 3899 3899 3737 3901 
3736 3900 3738 3900 3902 3738 3737 3739 3901 
3901 3739 3903 3738 3902 3740 3902 3904 3740 
3739 3741 3903 3903 3741 3905 3906 3907 3743 
3906 3743 3904 3904 3743 3740 3906 3908 3907 
3909 3910 3911 3909 3911 3905 3909 3905 3745 
3745 3905 3741 3743 3907 3746 3907 3747 3746 
3907 3908 3747 3908 3912 3747 3749 3910 3909 
3749 3748 3910 3748 3913 3910 3745 3749 3909 
3747 3912 3750 3912 3914 3750 3748 3751 3913 
3913 3751 3915 3750 3914 3916 3752 3750 3916 
3916 3753 3752 3917 3753 3916 3755 3918 3919 
3754 3918 3755 3915 3751 3755 3919 3915 3755 
3753 3917 3756 3917 3920 3756 3754 3757 3918 
3918 3757 3921 3756 3920 3922 3758 3756 3922 
3922 3759 3758 3923 3759 3922 3761 3924 3925 
3760 3924 3761 3921 3757 3761 3925 3921 3761 
3759 3923 3926 3762 3759 3926 3926 3763 3762 
3927 3763 3926 3765 3928 3929 3764 3928 3765 
3924 3760 3765 3929 3924 3765 3763 3927 3766 
3927 3930 3766 3764 3767 3928 3928 3767 3931 
3766 3930 3932 3768 3766 3932 3932 3769 3768 
3933 3769 3932 3771 3934 3935 3770 3934 3771 
3931 3767 3771 3935 3931 3771 3769 3933 3936 
3772 3769 3936 3936 3773 3772 3937 3773 3936 
3775 3938 3939 3774 3938 3775 3934 3770 3775 
3939 3934 3775 3773 3937 3940 3776 3773 3940 
3777 3776 3941 3776 3940 3941 3941 3778 3777 
3942 3778 3941 3780 3943 3944 3779 3943 3780 
3781 3780 3945 3780 3944 3945 3938 3774 3781 
3945 3938 3781 3778 3942 3946 3782 3778 3946 
3946 3783 3782 3947 3783 3946 3785 3948 3949 
3784 3948 3785 3943 3779 3785 3949 3943 3785 
3783 3947 3950 3786 3783 3950 3787 3786 3951 
3786 3950 3951 3951 3788 3787 3952 3788 3951 
3790 3953 3954 3789 3953 3790 3791 3790 3955 
3790 3954 3955 3948 3784 3791 3955 3948 3791 
3788 3952 3956 3792 3788 3956 3793 3792 3957 
3792 3956 3957 3795 3958 3959 3795 3793 3958 
3793 3957 3958 3958 3960 3959 3961 3962 3963 
3961 3798 3797 3961 3963 3798 3963 3964 3798 
3799 3798 3965 3798 3964 3965 3953 3789 3799 
3965 3953 3799 3795 3959 3800 3959 3960 3966 
3959 3966 3800 3800 3966 3801 3802 3801 3967 
3801 3966 3967 3803 3802 3968 3802 3967 3968 
3804 3803 3969 3803 3968 3969 3805 3804 3970 
3804 3969 3970 3806 3805 3971 3805 3970 3971 
3807 3806 3972 3806 3971 3972 3808 3807 3973 
3807 3972 3973 3809 3808 3974 3808 3973 3974 
3810 3809 3975 3809 3974 3975 3811 3810 3976 
3810 3975 3976 3962 3961 3812 3962 3812 3976 
3976 3812 3811 3797 3812 3961 3815 3977 3978 
3814 3815 3978 3816 3979 3815 3815 3979 3977 
3817 3980 3816 3816 3980 3979 3818 3981 3817 
3817 3981 3980 3819 3982 3818 3818 3982 3981 
3820 3983 3819 3819 3983 3982 3821 3984 3820 
3820 3984 3983 3822 3985 3821 3821 3985 3984 
3823 3986 3822 3822 3986 3985 3824 3987 3823 
3823 3987 3986 3825 3988 3824 3824 3988 3987 
3988 3825 3827 3989 3988 3827 3828 3990 3991 
3829 3828 3991 3830 3992 3828 3828 3992 3990 
3831 3993 3830 3830 3993 3992 3978 3831 3814 
3993 3831 3978 3827 3994 3989 3832 3994 3827 
3833 3995 3832 3832 3995 3994 3834 3996 3833 
3833 3996 3995 3996 3834 3835 3997 3996 3835 
3836 3998 3999 3837 3836 3999 3838 4000 3836 
3836 4000 3998 3991 3838 3829 4000 3838 3991 
3835 4001 3997 3839 4001 3835 3840 4002 3839 
3839 4002 4001 4002 3840 3841 4003 4002 3841 
3842 4004 4005 3843 3842 4005 3999 3842 3837 
4004 3842 3999 3841 4006 4003 3844 4006 3841 
4006 3844 3845 4007 4006 3845 3846 4008 3847 
4009 4008 3846 4009 3846 4010 4010 3846 3848 
4005 3848 3843 4010 3848 4005 3845 4011 4007 
3849 4011 3845 4012 4013 4011 4012 4011 3850 
3850 4011 3849 3850 3851 4012 3852 4014 4015 
3853 3852 4015 4008 3852 3847 4008 4016 3852 
4016 4014 3852 4009 4016 4008 4012 4017 4013 
3851 4017 4012 3851 3854 4017 3854 4018 4017 
4018 3854 3855 4019 4018 3855 3856 4020 3857 
3856 4021 4020 3856 3853 4021 3853 4015 4021 
4022 3855 3858 4022 4023 3855 4023 4019 3855 
3858 3859 4022 4020 4024 4025 4020 4025 3857 
3857 4025 3860 4021 4024 4020 4022 4026 4023 
4026 4022 3859 4026 3859 4027 4027 3859 3861 
3862 4028 4029 3863 3862 4029 4025 3862 3860 
4028 3862 4025 3861 4030 4027 3864 4030 3861 
4030 3864 3865 4031 4030 3865 3866 4032 4033 
3867 3866 4033 4029 3866 3863 4032 3866 4029 
3865 4034 4031 3868 4034 3865 4034 3868 3869 
4035 4034 3869 3867 4033 3870 4033 4036 3870 
3869 3871 4035 4035 3871 4037 3872 4038 4039 
3873 3872 4039 4036 3872 3870 4038 3872 4036 
3871 4040 4037 3874 4040 3871 4040 3874 3875 
4041 4040 3875 3873 4039 3876 4039 4042 3876 
3875 3877 4041 4041 3877 4043 3876 4042 3879 
4042 4044 3879 3877 3881 4043 4043 3881 4045 
3882 4046 4047 3883 3882 4047 4044 3882 3879 
4046 3882 4044 3881 4048 4045 3884 4048 3881 
4048 3884 3885 4049 4048 3885 3883 4047 3886 
4047 4050 3886 3885 3887 4049 4049 3887 4051 
3886 4050 3888 4050 4052 3888 3887 3889 4051 
4051 3889 4053 3888 4052 3890 4052 4054 3890 
3889 3891 4053 4053 3891 4055 3890 4054 3892 
4054 4056 3892 3891 3893 4055 4055 3893 4057 
3892 4056 3894 4056 4058 3894 3893 3895 4057 
4057 3895 4059 3894 4058 3896 4058 4060 3896 
3895 3897 4059 4059 3897 4061 3896 4060 3898 
4060 4062 3898 3897 3899 4061 4061 3899 4063 
3898 4062 3900 4062 4064 3900 3899 3901 4063 
4063 3901 4065 3900 4064 3902 4064 4066 3902 
3901 3903 4065 4065 3903 4067 3902 4066 3904 
4066 4068 3904 3903 3905 4067 4067 3905 4069 
3904 4068 4070 3906 3904 4070 4070 3908 3906 
4071 3908 4070 3911 4072 4073 3910 4072 3911 
4069 3905 3911 4073 4069 3911 3908 4071 3912 
4071 4074 3912 3910 3913 4072 4072 3913 4075 
3912 4074 3914 4074 4076 3914 3913 3915 4075 
4075 3915 4077 3914 4076 4078 3916 3914 4078 
4078 3917 3916 4079 3917 4078 3919 4080 4081 
3918 4080 3919 4077 3915 3919 4081 4077 3919 
3917 4079 3920 4079 4082 3920 3918 3921 4080 
4080 3921 4083 3920 4082 4084 3922 3920 4084 
4084 3923 3922 4085 3923 4084 3925 4086 4087 
3924 4086 3925 4083 3921 3925 4087 4083 3925 
3923 4085 4088 3926 3923 4088 4088 3927 3926 
4089 3927 4088 3929 4090 4091 3928 4090 3929 
4086 3924 3929 4091 4086 3929 4092 4093 3930 
4092 3930 4089 4089 3930 3927 4092 4094 4093 
4095 4096 4097 4095 4097 4090 4095 4090 3931 
3931 4090 3928 3930 4093 3932 4093 3933 3932 
4093 4094 3933 4094 4098 3933 3935 4096 4095 
3935 3934 4096 3934 4099 4096 3931 3935 4095 
3933 4098 4100 3936 3933 4100 3937 4101 4102 
3937 3936 4101 3936 4100 4101 4101 4103 4102 
4104 4105 4106 4104 3939 3938 4104 4106 3939 
4106 4107 3939 4099 3934 3939 4107 4099 3939 
3937 4102 3940 4102 4103 4108 4102 4108 3940 
3940 4108 3941 4108 3942 3941 4109 3942 4108 
3944 4110 4111 3943 4110 3944 4105 4104 3945 
4105 3945 4111 4111 3945 3944 3938 3945 4104 
3942 4109 4112 3946 3942 4112 4112 3947 3946 
4113 3947 4112 3949 4114 4115 3948 4114 3949 
4110 3943 3949 4115 4110 3949 3947 4113 4116 
3950 3947 4116 3951 3950 4117 3950 4116 4117 
4117 3952 3951 4118 3952 4117 3954 4119 4120 
3953 4119 3954 3955 3954 4121 3954 4120 4121 
4114 3948 3955 4121 4114 3955 3952 4118 4122 
3956 3952 4122 3957 3956 4123 3956 4122 4123 
3958 3957 4124 3957 4123 4124 4124 3960 3958 
4125 3960 4124 3963 4126 4127 3962 4126 3963 
3964 3963 4128 3963 4127 4128 3965 3964 4129 
3964 4128 4129 4119 3953 3965 4129 4119 3965 
3960 4125 4130 3966 3960 4130 3967 3966 4131 
3966 4130 4131 3968 3967 4132 3967 4131 4132 
3969 3968 4133 3968 4132 4133 3970 3969 4134 
3969 4133 4134 3971 3970 4135 3970 4134 4135 
3972 3971 4136 3971 4135 4136 3973 3972 4137 
3972 4136 4137 3974 3973 4138 3973 4137 4138 
3975 3974 4139 3974 4138 4139 3976 3975 4140 
3975 4139 4140 4126 3962 3976 4140 4126 3976 
3977 4141 4142 3978 3977 4142 3979 4143 3977 
3977 4143 4141 3980 4144 3979 3979 4144 4143 
3981 4145 3980 3980 4145 4144 3982 4146 3981 
3981 4146 4145 3983 4147 3982 3982 4147 4146 
3984 4148 3983 3983 4148 4147 3985 4149 3984 
3984 4149 4148 3986 4150 3985 3985 4150 4149 
3987 4151 3986 3986 4151 4150 3988 4152 3987 
3987 4152 4151 4152 3988 3989 4153 4152 3989 
3990 4154 4155 3991 3990 4155 3992 4156 3990 
3990 4156 4154 3993 4157 3992 3992 4157 4156 
4142 3993 3978 4157 3993 4142 3989 4158 4153 
3994 4158 3989 3995 4159 3994 3994 4159 4158 
3996 4160 3995 3995 4160 4159 4160 3996 3997 
4161 4160 3997 3998 4162 3999 4163 4162 3998 
4163 3998 4164 4164 3998 4000 4155 4000 3991 
4164 4000 4155 3997 4165 4161 4001 4165 3997 
4166 4167 4165 4166 4165 4002 4002 4165 4001 
4002 4003 4166 4004 4168 4169 4005 4004 4169 
4162 4004 3999 4162 4170 4004 4170 4168 4004 
4163 4170 4162 4166 4171 4167 4003 4171 4166 
4003 4006 4171 4006 4172 4171 4172 4006 4007 
4173 4172 4007 4010 4174 4175 4009 4010 4175 
4169 4010 4005 4174 4010 4169 4007 4176 4173 
4011 4176 4007 4176 4011 4013 4177 4176 4013 
4014 4178 4015 4179 4178 4014 4179 4014 4180 
4180 4014 4016 4175 4016 4009 4180 4016 4175 
4013 4181 4177 4017 4181 4013 4182 4183 4181 
4182 4181 4018 4018 4181 4017 4018 4019 4182 
4178 4184 4185 4178 4185 4015 4015 4185 4021 
4179 4184 4178 4182 4186 4183 4186 4182 4019 
4186 4019 4187 4187 4019 4023 4024 4188 4189 
4025 4024 4189 4185 4024 4021 4188 4024 4185 
4023 4190 4187 4026 4190 4023 4190 4026 4027 
4191 4190 4027 4028 4192 4193 4029 4028 4193 
4189 4028 4025 4192 4028 4189 4027 4194 4191 
4030 4194 4027 4194 4030 4031 4195 4194 4031 
4032 4196 4033 4032 4197 4196 4032 4029 4197 
4029 4193 4197 4198 4031 4034 4198 4199 4031 
4199 4195 4031 4034 4035 4198 4196 4200 4201 
4196 4201 4033 4033 4201 4036 4197 4200 4196 
4198 4202 4199 4202 4198 4035 4202 4035 4203 
4203 4035 4037 4038 4204 4205 4039 4038 4205 
4201 4038 4036 4204 4038 4201 4037 4206 4203 
4040 4206 4037 4206 4040 4041 4207 4206 4041 
4039 4205 4042 4205 4208 4042 4041 4043 4207 
4207 4043 4209 4042 4208 4044 4208 4210 4044 
4043 4045 4209 4209 4045 4211 4046 4212 4213 
4047 4046 4213 4210 4046 4044 4212 4046 4210 
4045 4214 4211 4048 4214 4045 4214 4048 4049 
4215 4214 4049 4047 4213 4050 4213 4216 4050 
4049 4051 4215 4215 4051 4217 4050 4216 4052 
4216 4218 4052 4051 4053 4217 4217 4053 4219 
4052 4218 4054 4218 4220 4054 4053 4055 4219 
4219 4055 4221 4054 4220 4056 4220 4222 4056 
4055 4057 4221 4221 4057 4223 4056 4222 4058 
4222 4224 4058 4057 4059 4223 4223 4059 4225 
4058 4224 4060 4224 4226 4060 4059 4061 4225 
4225 4061 4227 4060 4226 4062 4226 4228 4062 
4061 4063 4227 4227 4063 4229 4062 4228 4064 
4228 4230 4064 4063 4065 4229 4229 4065 4231 
4064 4230 4066 4230 4232 4066 4065 4067 4231 
4231 4067 4233 4066 4232 4068 4232 4234 4068 
4067 4069 4233 4233 4069 4235 4068 4234 4236 
4070 4068 4236 4236 4071 4070 4237 4071 4236 
4073 4238 4239 4072 4238 4073 4235 4069 4073 
4239 4235 4073 4071 4237 4074 4237 4240 4074 
4072 4075 4238 4238 4075 4241 4074 4240 4076 
4240 4242 4076 4075 4077 4241 4241 4077 4243 
4076 4242 4244 4078 4076 4244 4244 4079 4078 
4245 4079 4244 4081 4246 4247 4080 4246 4081 
4243 4077 4081 4247 4243 4081 4248 4249 4082 
4248 4082 4245 4245 4082 4079 4248 4250 4249 
4251 4252 4253 4251 4253 4246 4251 4246 4083 
4083 4246 4080 4082 4249 4084 4249 4085 4084 
4249 4250 4085 4250 4254 4085 4087 4252 4251 
4087 4086 4252 4086 4255 4252 4083 4087 4251 
4085 4254 4256 4088 4085 4256 4256 4089 4088 
4257 4089 4256 4091 4258 4259 4090 4258 4091 
4255 4086 4091 4259 4255 4091 4089 4257 4260 
4092 4089 4260 4260 4094 4092 4261 4094 4260 
4097 4262 4263 4096 4262 4097 4258 4090 4097 
4263 4258 4097 4264 4265 4098 4264 4098 4261 
4261 4098 4094 4264 4266 4265 4267 4268 4269 
4267 4269 4262 4267 4262 4099 4099 4262 4096 
4098 4265 4100 4265 4266 4270 4265 4270 4100 
4100 4270 4101 4270 4103 4101 4271 4103 4270 
4106 4272 4273 4105 4272 4106 4268 4267 4107 
4268 4107 4273 4273 4107 4106 4099 4107 4267 
4103 4271 4274 4108 4103 4274 4274 4109 4108 
4275 4109 4274 4111 4276 4277 4110 4276 4111 
4272 4105 4111 4277 4272 4111 4109 4275 4278 
4112 4109 4278 4113 4279 4280 4113 4112 4279 
4112 4278 4279 4279 4281 4280 4282 4283 4284 
4282 4115 4114 4282 4284 4115 4284 4285 4115 
4276 4110 4115 4285 4276 4115 4113 4280 4116 
4280 4281 4286 4280 4286 4116 4116 4286 4117 
4286 4118 4117 4287 4118 4286 4120 4288 4289 
4119 4288 4120 4283 4282 4121 4283 4121 4289 
4289 4121 4120 4114 4121 4282 4118 4287 4290 
4122 4118 4290 4123 4122 4291 4122 4290 4291 
4124 4123 4292 4123 4291 4292 4292 4125 4124 
4293 4125 4292 4127 4294 4295 4126 4294 4127 
4128 4127 4296 4127 4295 4296 4129 4128 4297 
4128 4296 4297 4288 4119 4129 4297 4288 4129 
4125 4293 4298 4130 4125 4298 4131 4130 4299 
4130 4298 4299 4132 4131 4300 4131 4299 4300 
4133 4132 4301 4132 4300 4301 4134 4133 4302 
4133 4301 4302 4135 4134 4303 4134 4302 4303 
4136 4135 4304 4135 4303 4304 4137 4136 4305 
4136 4304 4305 4138 4137 4306 4137 4305 4306 
4139 4138 4307 4138 4306 4307 4140 4139 4308 
4139 4307 4308 4294 4126 4140 4308 4294 4140 
4141 4309 4142 4310 4309 4141 4310 4141 4311 
4311 4141 4143 4144 4312 4143 4143 4312 4311 
4145 4313 4144 4144 4313 4312 4146 4314 4145 
4145 4314 4313 4147 4315 4146 4146 4315 4314 
4148 4316 4147 4147 4316 4315 4149 4317 4148 
4148 4317 4316 4150 4318 4149 4149 4318 4317 
4151 4319 4150 4150 4319 4318 4320 4321 4319 
4320 4319 4152 4152 4319 4151 4152 4153 4320 
4154 4322 4155 4323 4322 4154 4323 4154 4324 
4324 4154 4156 4157 4325 4156 4156 4325 4324 
4309 4157 4142 4309 4326 4157 4326 4325 4157 
4310 4326 4309 4320 4327 4321 4153 4327 4320 
4153 4158 4327 4158 4328 4327 4159 4329 4158 
4158 4329 4328 4330 4331 4329 4330 4329 4160 
4160 4329 4159 4160 4161 4330 4164 4332 4333 
4163 4164 4333 4322 4164 4155 4322 4334 4164 
4334 4332 4164 4323 4334 4322 4330 4335 4331 
4161 4335 4330 4161 4165 4335 4165 4336 4335 
4336 4165 4167 4337 4336 4167 4168 4338 4339 
4169 4168 4339 4170 4340 4168 4168 4340 4338 
4333 4170 4163 4340 4170 4333 4167 4341 4337 
4171 4341 4167 4172 4342 4171 4171 4342 4341 
4342 4172 4173 4343 4342 4173 4174 4344 4345 
4175 4174 4345 4339 4174 4169 4344 4174 4339 
4173 4346 4343 4176 4346 4173 4346 4176 4177 
4347 4346 4177 4180 4348 4349 4179 4180 4349 
4345 4180 4175 4348 4180 4345 4177 4350 4347 
4181 4350 4177 4350 4181 4183 4351 4350 4183 
4184 4352 4353 4185 4184 4353 4349 4184 4179 
4352 4184 4349 4183 4354 4351 4186 4354 4183 
4354 4186 4187 4355 4354 4187 4188 4356 4357 
4189 4188 4357 4353 4188 4185 4356 4188 4353 
4187 4358 4355 4190 4358 4187 4358 4190 4191 
4359 4358 4191 4192 4360 4361 4193 4192 4361 
4357 4192 4189 4360 4192 4357 4191 4362 4359 
4194 4362 4191 4362 4194 4195 4363 4362 4195 
4193 4361 4197 4361 4364 4197 4195 4199 4363 
4363 4199 4365 4200 4366 4367 4201 4200 4367 
4364 4200 4197 4366 4200 4364 4199 4368 4365 
4202 4368 4199 4368 4202 4203 4369 4368 4203 
4204 4370 4205 4204 4371 4370 4204 4201 4371 
4201 4367 4371 4372 4203 4206 4372 4373 4203 
4373 4369 4203 4206 4207 4372 4370 4374 4375 
4370 4375 4205 4205 4375 4208 4371 4374 4370 
4372 4376 4373 4376 4372 4207 4376 4207 4377 
4377 4207 4209 4208 4375 4210 4375 4378 4210 
4209 4211 4377 4377 4211 4379 4212 4380 4213 
4212 4381 4380 4212 4210 4381 4210 4378 4381 
4382 4211 4214 4382 4383 4211 4383 4379 4211 
4214 4215 4382 4380 4384 4385 4380 4385 4213 
4213 4385 4216 4381 4384 4380 4382 4386 4383 
4386 4382 4215 4386 4215 4387 4387 4215 4217 
4216 4385 4218 4385 4388 4218 4217 4219 4387 
4387 4219 4389 4218 4388 4220 4388 4390 4220 
4219 4221 4389 4389 4221 4391 4220 4390 4222 
4390 4392 4222 4221 4223 4391 4391 4223 4393 
4222 4392 4224 4392 4394 4224 4223 4225 4393 
4393 4225 4395 4224 4394 4226 4394 4396 4226 
4225 4227 4395 4395 4227 4397 4226 4396 4228 
4396 4398 4228 4227 4229 4397 4397 4229 4399 
4228 4398 4230 4398 4400 4230 4229 4231 4399 
4399 4231 4401 4230 4400 4232 4400 4402 4232 
4231 4233 4401 4401 4233 4403 4404 4405 4234 
4404 4234 4402 4402 4234 4232 4404 4406 4405 
4407 4408 4409 4407 4409 4403 4407 4403 4235 
4235 4403 4233 4234 4405 4236 4405 4237 4236 
4405 4406 4237 4406 4410 4237 4239 4408 4407 
4239 4238 4408 4238 4411 4408 4235 4239 4407 
4237 4410 4240 4410 4412 4240 4238 4241 4411 
4411 4241 4413 4414 4415 4242 4414 4242 4412 
4412 4242 4240 4414 4416 4415 4417 4418 4419 
4417 4419 4413 4417 4413 4243 4243 4413 4241 
4242 4415 4244 4415 4245 4244 4415 4416 4245 
4416 4420 4245 4247 4418 4417 4247 4246 4418 
4246 4421 4418 4243 4247 4417 4245 4420 4422 
4248 4245 4422 4422 4250 4248 4423 4250 4422 
4253 4424 4425 4252 4424 4253 4421 4246 4253 
4425 4421 4253 4250 4423 4254 4423 4426 4254 
4252 4255 4424 4424 4255 4427 4254 4426 4428 
4256 4254 4428 4428 4257 4256 4429 4257 4428 
4259 4430 4431 4258 4430 4259 4427 4255 4259 
4431 4427 4259 4257 4429 4432 4260 4257 4432 
4432 4261 4260 4433 4261 4432 4263 4434 4435 
4262 4434 4263 4430 4258 4263 4435 4430 4263 
4261 4433 4436 4264 4261 4436 4436 4266 4264 
4437 4266 4436 4269 4438 4439 4268 4438 4269 
4434 4262 4269 4439 4434 4269 4266 4437 4440 
4270 4266 4440 4440 4271 4270 4441 4271 4440 
4273 4442 4443 4272 4442 4273 4438 4268 4273 
4443 4438 4273 4271 4441 4444 4274 4271 4444 
4444 4275 4274 4445 4275 4444 4277 4446 4447 
4276 4446 4277 4442 4272 4277 4447 4442 4277 
4275 4445 4448 4278 4275 4448 4279 4278 4449 
4278 4448 4449 4449 4281 4279 4450 4281 4449 
4284 4451 4452 4283 4451 4284 4285 4284 4453 
4284 4452 4453 4446 4276 4285 4453 4446 4285 
4281 4450 4454 4286 4281 4454 4287 4455 4456 
4287 4286 4455 4286 4454 4455 4455 4457 4456 
4458 4459 4460 4458 4289 4288 4458 4460 4289 
4460 4461 4289 4451 4283 4289 4461 4451 4289 
4287 4456 4290 4456 4457 4462 4456 4462 4290 
4290 4462 4291 4292 4291 4463 4291 4462 4463 
4293 4464 4465 4293 4292 4464 4292 4463 4464 
4464 4466 4465 4467 4468 4469 4467 4295 4294 
4467 4469 4295 4469 4470 4295 4296 4295 4471 
4295 4470 4471 4459 4458 4297 4459 4297 4471 
4471 4297 4296 4288 4297 4458 4293 4465 4298 
4465 4466 4472 4465 4472 4298 4298 4472 4299 
4300 4299 4473 4299 4472 4473 4301 4300 4474 
4300 4473 4474 4302 4301 4475 4301 4474 4475 
4303 4302 4476 4302 4475 4476 4304 4303 4477 
4303 4476 4477 4305 4304 4478 4304 4477 4478 
4306 4305 4479 4305 4478 4479 4307 4306 4480 
4306 4479 4480 4468 4467 4308 4468 4308 4480 
4480 4308 4307 4294 4308 4467 4311 4481 4310 
4482 4481 4311 4482 4311 4483 4483 4311 4312 
4313 4484 4312 4312 4484 4483 4314 4485 4313 
4313 4485 4484 4315 4486 4314 4314 4486 4485 
4316 4487 4315 4315 4487 4486 4317 4488 4316 
4316 4488 4487 4318 4489 4317 4317 4489 4488 
4490 4491 4489 4490 4489 4319 4319 4489 4318 
4319 4321 4490 4324 4492 4323 4493 4492 4324 
4493 4324 4494 4494 4324 4325 4326 4495 4325 
4325 4495 4494 4481 4326 4310 4481 4496 4326 
4496 4495 4326 4482 4496 4481 4490 4497 4491 
4321 4497 4490 4321 4327 4497 4327 4498 4497 
4328 4499 4327 4327 4499 4498 4500 4501 4499 
4500 4499 4329 4329 4499 4328 4329 4331 4500 
4332 4502 4503 4333 4332 4503 4334 4504 4332 
4332 4504 4502 4492 4334 4323 4492 4505 4334 
4505 4504 4334 4493 4505 4492 4500 4506 4501 
4331 4506 4500 4331 4335 4506 4335 4507 4506 
4336 4508 4335 4335 4508 4507 4508 4336 4337 
4509 4508 4337 4338 4510 4339 4511 4510 4338 
4511 4338 4512 4512 4338 4340 4503 4340 4333 
4512 4340 4503 4337 4513 4509 4341 4513 4337 
4514 4515 4513 4514 4513 4342 4342 4513 4341 
4342 4343 4514 4344 4516 4517 4345 4344 4517 
4510 4344 4339 4510 4518 4344 4518 4516 4344 
4511 4518 4510 4514 4519 4515 4343 4519 4514 
4343 4346 4519 4346 4520 4519 4520 4346 4347 
4521 4520 4347 4348 4522 4523 4349 4348 4523 
4517 4348 4345 4522 4348 4517 4347 4524 4521 
4350 4524 4347 4524 4350 4351 4525 4524 4351 
4352 4526 4527 4353 4352 4527 4523 4352 4349 
4526 4352 4523 4351 4528 4525 4354 4528 4351 
4528 4354 4355 4529 4528 4355 4356 4530 4531 
4357 4356 4531 4527 4356 4353 4530 4356 4527 
4355 4532 4529 4358 4532 4355 4532 4358 4359 
4533 4532 4359 4360 4534 4361 4360 4535 4534 
4360 4357 4535 4357 4531 4535 4536 4359 4362 
4536 4537 4359 4537 4533 4359 4362 4363 4536 
4534 4538 4539 4534 4539 4361 4361 4539 4364 
4535 4538 4534 4536 4540 4537 4540 4536 4363 
4540 4363 4541 4541 4363 4365 4366 4542 4543 
4367 4366 4543 4539 4366 4364 4542 4366 4539 
4365 4544 4541 4368 4544 4365 4544 4368 4369 
4545 4544 4369 4367 4543 4371 4543 4546 4371 
4369 4373 4545 4545 4373 4547 4374 4548 4375 
4374 4549 4548 4374 4371 4549 4371 4546 4549 
4550 4373 4376 4550 4551 4373 4551 4547 4373 
4376 4377 4550 4548 4552 4553 4548 4553 4375 
4375 4553 4378 4549 4552 4548 4550 4554 4551 
4554 4550 4377 4554 4377 4555 4555 4377 4379 
4378 4553 4381 4553 4556 4381 4379 4383 4555 
4555 4383 4557 4384 4558 4385 4384 4559 4558 
4384 4381 4559 4381 4556 4559 4560 4383 4386 
4560 4561 4383 4561 4557 4383 4386 4387 4560 
4558 4562 4563 4558 4563 4385 4385 4563 4388 
4559 4562 4558 4560 4564 4561 4564 4560 4387 
4564 4387 4565 4565 4387 4389 4388 4563 4390 
4563 4566 4390 4389 4391 4565 4565 4391 4567 
4390 4566 4392 4566 4568 4392 4391 4393 4567 
4567 4393 4569 4392 4568 4394 4568 4570 4394 
4393 4395 4569 4569 4395 4571 4394 4570 4396 
4570 4572 4396 4395 4397 4571 4571 4397 4573 
4396 4572 4398 4572 4574 4398 4397 4399 4573 
4573 4399 4575 4398 4574 4400 4574 4576 4400 
4399 4401 4575 4575 4401 4577 4578 4579 4402 
4578 4402 4576 4576 4402 4400 4578 4580 4579 
4581 4582 4583 4581 4583 4577 4581 4577 4403 
4403 4577 4401 4402 4579 4404 4579 4406 4404 
4579 4580 4406 4580 4584 4406 4409 4582 4581 
4409 4408 4582 4408 4585 4582 4403 4409 4581 
4406 4584 4410 4584 4586 4410 4408 4411 4585 
4585 4411 4587 4588 4589 4412 4588 4412 4586 
4586 4412 4410 4588 4590 4589 4591 4592 4593 
4591 4593 4587 4591 4587 4413 4413 4587 4411 
4412 4589 4414 4589 4416 4414 4589 4590 4416 
4590 4594 4416 4419 4592 4591 4419 4418 4592 
4418 4595 4592 4413 4419 4591 4416 4594 4420 
4594 4596 4420 4418 4421 4595 4595 4421 4597 
4420 4596 4598 4422 4420 4598 4598 4423 4422 
4599 4423 4598 4425 4600 4601 4424 4600 4425 
4597 4421 4425 4601 4597 4425 4602 4603 4426 
4602 4426 4599 4599 4426 4423 4602 4604 4603 
4605 4606 4607 4605 4607 4600 4605 4600 4427 
4427 4600 4424 4426 4603 4428 4603 4429 4428 
4603 4604 4429 4604 4608 4429 4431 4606 4605 
4431 4430 4606 4430 4609 4606 4427 4431 4605 
4429 4608 4610 4432 4429 4610 4610 4433 4432 
4611 4433 4610 4435 4612 4613 4434 4612 4435 
4609 4430 4435 4613 4609 4435 4433 4611 4614 
4436 4433 4614 4614 4437 4436 4615 4437 4614 
4439 4616 4617 4438 4616 4439 4612 4434 4439 
4617 4612 4439 4437 4615 4618 4440 4437 4618 
4618 4441 4440 4619 4441 4618 4443 4620 4621 
4442 4620 4443 4616 4438 4443 4621 4616 4443 
4441 4619 4622 4444 4441 4622 4445 4623 4624 
4445 4444 4623 4444 4622 4623 4623 4625 4624 
4626 4627 4628 4626 4447 4446 4626 4628 4447 
4628 4629 4447 4620 4442 4447 4629 4620 4447 
4445 4624 4448 4624 4625 4630 4624 4630 4448 
4448 4630 4449 4630 4450 4449 4631 4450 4630 
4452 4632 4633 4451 4632 4452 4627 4626 4453 
4627 4453 4633 4633 4453 4452 4446 4453 4626 
4450 4631 4634 4454 4450 4634 4455 4454 4635 
4454 4634 4635 4457 4636 4637 4457 4455 4636 
4455 4635 4636 4636 4638 4637 4639 4640 4641 
4639 4460 4459 4639 4641 4460 4641 4642 4460 
4461 4460 4643 4460 4642 4643 4632 4451 4461 
4643 4632 4461 4457 4637 4462 4637 4638 4644 
4637 4644 4462 4462 4644 4463 4464 4463 4645 
4463 4644 4645 4466 4646 4647 4466 4464 4646 
4464 4645 4646 4646 4648 4647 4649 4650 4651 
4649 4469 4468 4649 4651 4469 4651 4652 4469 
4470 4469 4653 4469 4652 4653 4640 4639 4471 
4640 4471 4653 4653 4471 4470 4459 4471 4639 
4466 4647 4472 4647 4648 4654 4647 4654 4472 
4472 4654 4473 4474 4473 4655 4473 4654 4655 
4475 4474 4656 4474 4655 4656 4476 4475 4657 
4475 4656 4657 4477 4476 4658 4476 4657 4658 
4478 4477 4659 4477 4658 4659 4479 4478 4660 
4478 4659 4660 4650 4649 4480 4650 4480 4660 
4660 4480 4479 4468 4480 4649 4483 4661 4482 
4483 4484 4662 4661 4483 4662 4484 4485 4663 
4662 4484 4663 4664 4663 4485 4664 4485 4665 
4665 4485 4486 4666 4667 4665 4666 4665 4487 
4487 4665 4486 4487 4488 4668 4666 4487 4668 
4488 4489 4669 4668 4488 4669 4489 4491 4669 
4494 4670 4671 4493 4494 4671 4495 4672 4494 
4494 4672 4670 4496 4673 4495 4495 4673 4672 
4661 4496 4482 4661 4674 4496 4674 4673 4496 
4662 4674 4661 4675 4674 4662 4663 4675 4662 
4676 4675 4663 4664 4676 4663 4666 4677 4667 
4668 4677 4666 4678 4677 4668 4669 4678 4668 
4679 4678 4669 4491 4679 4669 4491 4497 4679 
4497 4680 4679 4498 4681 4497 4497 4681 4680 
4499 4682 4498 4498 4682 4681 4682 4499 4501 
4683 4682 4501 4502 4684 4503 4685 4684 4502 
4685 4502 4686 4686 4502 4504 4505 4687 4504 
4504 4687 4686 4671 4505 4493 4687 4505 4671 
4501 4688 4683 4506 4688 4501 4507 4689 4506 
4506 4689 4688 4690 4691 4689 4690 4689 4508 
4508 4689 4507 4508 4509 4690 4512 4692 4693 
4511 4512 4693 4684 4512 4503 4684 4694 4512 
4694 4692 4512 4685 4694 4684 4690 4695 4691 
4509 4695 4690 4509 4513 4695 4513 4696 4695 
4696 4513 4515 4697 4696 4515 4516 4698 4517 
4699 4698 4516 4699 4516 4700 4700 4516 4518 
4693 4518 4511 4700 4518 4693 4515 4701 4697 
4519 4701 4515 4702 4703 4701 4702 4701 4520 
4520 4701 4519 4520 4521 4702 4522 4704 4523 
4522 4705 4704 4517 4705 4522 4517 4706 4705 
4517 4698 4706 4699 4706 4698 4702 4707 4703 
4708 4709 4707 4524 4708 4707 4524 4707 4702 
4524 4702 4521 4524 4525 4708 4526 4710 4527 
4526 4711 4710 4523 4711 4526 4523 4712 4711 
4523 4704 4712 4705 4712 4704 4708 4713 4709 
4714 4715 4713 4528 4714 4713 4528 4713 4708 
4528 4708 4525 4528 4529 4714 4530 4716 4531 
4530 4717 4716 4527 4717 4530 4527 4718 4717 
4527 4710 4718 4711 4718 4710 4714 4719 4715 
4720 4721 4719 4532 4720 4719 4532 4719 4714 
4532 4714 4529 4532 4533 4720 4716 4722 4723 
4716 4723 4531 4531 4723 4535 4717 4722 4716 
4720 4724 4721 4724 4720 4533 4724 4533 4725 
4725 4533 4537 4538 4726 4727 4539 4538 4727 
4723 4538 4535 4726 4538 4723 4537 4728 4725 
4540 4728 4537 4728 4540 4541 4729 4728 4541 
4542 4730 4543 4542 4731 4730 4542 4539 4731 
4539 4727 4731 4732 4541 4544 4732 4733 4541 
4733 4729 4541 4544 4545 4732 4730 4734 4735 
4730 4735 4543 4543 4735 4546 4731 4734 4730 
4732 4736 4733 4736 4732 4545 4736 4545 4737 
4737 4545 4547 4546 4735 4549 4735 4738 4549 
4547 4551 4737 4737 4551 4739 4552 4740 4741 
4553 4552 4741 4738 4552 4549 4740 4552 4738 
4551 4742 4739 4554 4742 4551 4742 4554 4555 
4743 4742 4555 4553 4741 4556 4741 4744 4556 
4555 4557 4743 4743 4557 4745 4556 4744 4559 
4744 4746 4559 4557 4561 4745 4745 4561 4747 
4562 4748 4563 4562 4749 4748 4562 4559 4749 
4559 4746 4749 4750 4561 4564 4750 4751 4561 
4751 4747 4561 4564 4565 4750 4748 4752 4566 
4563 4748 4566 4753 4748 4749 4752 4748 4753 
4754 4751 4750 4755 4751 4754 4565 4567 4754 
4750 4565 4754 4752 4756 4568 4566 4752 4568 
4757 4752 4753 4756 4752 4757 4758 4755 4754 
4759 4755 4758 4567 4569 4758 4754 4567 4758 
4756 4760 4761 4756 4761 4568 4568 4761 4570 
4757 4760 4756 4758 4762 4759 4762 4758 4569 
4762 4569 4763 4763 4569 4571 4764 4765 4572 
4764 4572 4761 4761 4572 4570 4764 4766 4765 
4767 4768 4769 4767 4769 4763 4767 4763 4573 
4573 4763 4571 4765 4770 4574 4572 4765 4574 
4771 4765 4766 4770 4765 4771 4772 4768 4767 
4773 4768 4772 4573 4575 4772 4767 4573 4772 
4770 4774 4576 4574 4770 4576 4775 4770 4771 
4774 4770 4775 4776 4773 4772 4777 4773 4776 
4575 4577 4776 4772 4575 4776 4576 4774 4578 
4774 4580 4578 4774 4775 4580 4775 4778 4580 
4583 4777 4776 4583 4582 4777 4582 4779 4777 
4577 4583 4776 4580 4778 4584 4778 4780 4584 
4582 4585 4779 4779 4585 4781 4584 4780 4586 
4780 4782 4586 4585 4587 4781 4781 4587 4783 
4586 4782 4784 4588 4586 4784 4784 4590 4588 
4785 4590 4784 4593 4786 4787 4592 4786 4593 
4783 4587 4593 4787 4783 4593 4590 4785 4594 
4785 4788 4594 4592 4595 4786 4786 4595 4789 
4790 4791 4596 4790 4596 4788 4788 4596 4594 
4790 4792 4791 4793 4794 4795 4793 4795 4789 
4793 4789 4597 4597 4789 4595 4596 4791 4598 
4791 4599 4598 4791 4792 4599 4792 4796 4599 
4601 4794 4793 4601 4600 4794 4600 4797 4794 
4597 4601 4793 4599 4796 4798 4602 4599 4798 
4798 4604 4602 4799 4604 4798 4607 4800 4801 
4606 4800 4607 4797 4600 4607 4801 4797 4607 
4802 4803 4608 4802 4608 4799 4799 4608 4604 
4802 4804 4803 4805 4806 4807 4805 4807 4800 
4805 4800 4609 4609 4800 4606 4608 4803 4610 
4611 4808 4809 4610 4808 4611 4610 4804 4808 
4610 4803 4804 4808 4810 4809 4811 4812 4813 
4806 4811 4813 4805 4811 4806 4805 4612 4811 
4805 4613 4612 4609 4613 4805 4611 4809 4614 
4615 4814 4815 4614 4814 4615 4614 4810 4814 
4614 4809 4810 4814 4816 4815 4817 4818 4819 
4812 4817 4819 4811 4817 4812 4811 4616 4817 
4811 4617 4616 4612 4617 4811 4615 4815 4618 
4619 4820 4821 4618 4820 4619 4618 4816 4820 
4618 4815 4816 4820 4822 4821 4823 4824 4825 
4818 4823 4825 4817 4823 4818 4817 4620 4823 
4817 4621 4620 4616 4621 4817 4619 4821 4622 
4821 4822 4826 4821 4826 4622 4622 4826 4623 
4826 4625 4623 4827 4625 4826 4628 4828 4829 
4627 4828 4628 4824 4823 4629 4824 4629 4829 
4829 4629 4628 4620 4629 4823 4625 4827 4830 
4630 4625 4830 4631 4831 4832 4631 4630 4831 
4630 4830 4831 4831 4833 4832 4834 4835 4836 
4834 4633 4632 4834 4836 4633 4836 4837 4633 
4828 4627 4633 4837 4828 4633 4631 4832 4634 
4832 4833 4838 4832 4838 4634 4634 4838 4635 
4636 4635 4839 4635 4838 4839 4839 4638 4636 
4840 4638 4839 4641 4841 4842 4640 4841 4641 
4642 4641 4843 4641 4842 4843 4835 4834 4643 
4835 4643 4843 4843 4643 4642 4632 4643 4834 
4638 4840 4844 4644 4638 4844 4645 4644 4845 
4644 4844 4845 4646 4645 4846 4645 4845 4846 
4648 4847 4848 4648 4646 4847 4646 4846 4847 
4848 4849 4850 4847 4849 4848 4850 4851 4852 
4849 4851 4850 4851 4853 4852 4854 4855 4856 
4854 4857 4858 4856 4857 4854 4858 4859 4860 
4857 4859 4858 4860 4651 4650 4860 4859 4651 
4859 4861 4651 4652 4651 4862 4651 4861 4862 
4653 4652 4863 4652 4862 4863 4841 4640 4653 
4863 4841 4653 4648 4848 4654 4655 4654 4848 
4850 4655 4848 4656 4655 4850 4852 4656 4850 
4852 4853 4864 4852 4864 4656 4656 4864 4657 
4855 4854 4658 4855 4658 4864 4864 4658 4657 
4659 4658 4854 4858 4659 4854 4660 4659 4858 
4860 4660 4858 4650 4660 4860 4665 4865 4664 
4665 4667 4865 4670 4866 4671 4670 4672 4867 
4866 4670 4867 4868 4867 4672 4868 4672 4869 
4869 4672 4673 4674 4870 4673 4673 4870 4869 
4675 4871 4674 4674 4871 4870 4676 4872 4675 
4675 4872 4871 4865 4676 4664 4865 4873 4676 
4873 4872 4676 4667 4873 4865 4667 4677 4873 
4677 4874 4873 4678 4875 4677 4677 4875 4874 
4679 4876 4678 4678 4876 4875 4680 4877 4679 
4679 4877 4876 4878 4879 4877 4878 4877 4681 
4681 4877 4680 4681 4682 4880 4878 4681 4880 
4682 4683 4880 4686 4881 4685 4882 4881 4686 
4882 4686 4883 4883 4686 4687 4866 4687 4671 
4866 4884 4687 4884 4883 4687 4867 4884 4866 
4885 4884 4867 4868 4885 4867 4878 4886 4879 
4880 4886 4878 4887 4886 4880 4683 4887 4880 
4683 4688 4887 4688 4888 4887 4889 4890 4888 
4889 4888 4689 4689 4888 4688 4689 4691 4889 
4692 4891 4693 4892 4891 4692 4892 4692 4893 
4893 4692 4694 4881 4694 4685 4881 4894 4694 
4894 4893 4694 4882 4894 4881 4889 4895 4890 
4691 4895 4889 4691 4695 4895 4695 4896 4895 
4897 4898 4896 4897 4896 4696 4696 4896 4695 
4696 4697 4897 4700 4899 4900 4699 4700 4900 
4891 4700 4693 4891 4901 4700 4901 4899 4700 
4892 4901 4891 4897 4902 4898 4697 4902 4897 
4697 4701 4902 4701 4903 4902 4903 4701 4703 
4904 4903 4703 4706 4905 4906 4705 4706 4906 
4900 4706 4699 4905 4706 4900 4703 4907 4904 
4707 4907 4703 4907 4707 4709 4908 4907 4709 
4712 4909 4910 4711 4712 4910 4906 4712 4705 
4909 4712 4906 4709 4911 4908 4713 4911 4709 
4911 4713 4715 4912 4911 4715 4718 4913 4914 
4717 4718 4914 4910 4718 4711 4913 4718 4910 
4715 4915 4912 4719 4915 4715 4915 4719 4721 
4916 4915 4721 4722 4917 4918 4723 4722 4918 
4914 4722 4717 4917 4722 4914 4721 4919 4916 
4724 4919 4721 4919 4724 4725 4920 4919 4725 
4726 4921 4727 4726 4922 4921 4726 4723 4922 
4723 4918 4922 4923 4725 4728 4923 4924 4725 
4924 4920 4725 4728 4729 4923 4921 4925 4926 
4921 4926 4727 4727 4926 4731 4922 4925 4921 
4923 4927 4924 4927 4923 4729 4927 4729 4928 
4928 4729 4733 4734 4929 4735 4734 4930 4929 
4734 4731 4930 4731 4926 4930 4931 4733 4736 
4931 4932 4733 4932 4928 4733 4736 4737 4931 
4929 4933 4934 4929 4934 4735 4735 4934 4738 
4930 4933 4929 4931 4935 4932 4935 4931 4737 
4935 4737 4936 4936 4737 4739 4740 4937 4741 
4740 4938 4937 4740 4738 4938 4738 4934 4938 
4939 4739 4742 4939 4940 4739 4940 4936 4739 
4742 4743 4939 4937 4941 4744 4741 4937 4744 
4942 4937 4938 4941 4937 4942 4943 4940 4939 
4944 4940 4943 4743 4745 4943 4939 4743 4943 
4941 4945 4946 4941 4946 4744 4744 4946 4746 
4942 4945 4941 4943 4947 4944 4947 4943 4745 
4947 4745 4948 4948 4745 4747 4746 4946 4749 
4946 4949 4749 4747 4751 4948 4948 4751 4950 
4749 4949 4753 4949 4951 4753 4751 4755 4950 
4950 4755 4952 4753 4951 4757 4951 4953 4757 
4755 4759 4952 4952 4759 4954 4760 4955 4761 
4760 4956 4955 4760 4757 4956 4757 4953 4956 
4957 4759 4762 4957 4958 4759 4958 4954 4759 
4762 4763 4957 4761 4955 4764 4955 4766 4764 
4955 4956 4766 4956 4959 4766 4769 4958 4957 
4769 4768 4958 4768 4960 4958 4763 4769 4957 
4766 4959 4771 4959 4961 4771 4768 4773 4960 
4960 4773 4962 4771 4961 4775 4961 4963 4775 
4773 4777 4962 4962 4777 4964 4775 4963 4778 
4963 4965 4778 4777 4779 4964 4964 4779 4966 
4967 4968 4780 4967 4780 4965 4965 4780 4778 
4967 4969 4968 4970 4971 4972 4970 4972 4966 
4970 4966 4781 4781 4966 4779 4968 4973 4782 
4780 4968 4782 4974 4968 4969 4973 4968 4974 
4975 4971 4970 4976 4971 4975 4781 4783 4975 
4970 4781 4975 4782 4973 4784 4973 4785 4784 
4973 4974 4785 4974 4977 4785 4787 4976 4975 
4787 4786 4976 4786 4978 4976 4783 4787 4975 
4979 4980 4788 4979 4788 4977 4977 4788 4785 
4979 4981 4980 4982 4983 4984 4982 4984 4978 
4982 4978 4789 4789 4978 4786 4788 4980 4790 
4980 4792 4790 4980 4981 4792 4981 4985 4792 
4795 4983 4982 4795 4794 4983 4794 4986 4983 
4789 4795 4982 4987 4988 4796 4987 4796 4985 
4985 4796 4792 4987 4989 4988 4990 4991 4992 
4990 4992 4986 4990 4986 4797 4797 4986 4794 
4796 4988 4798 4988 4799 4798 4988 4989 4799 
4989 4993 4799 4801 4991 4990 4801 4800 4991 
4800 4994 4991 4797 4801 4990 4799 4993 4995 
4802 4799 4995 4995 4804 4802 4996 4804 4995 
4807 4997 4998 4806 4997 4807 4994 4800 4807 
4998 4994 4807 4804 4996 4999 4808 4804 4999 
4999 4810 4808 5000 4810 4999 4813 5001 5002 
4812 5001 4813 4997 4806 4813 5002 4997 4813 
4810 5000 5003 4814 4810 5003 5003 4816 4814 
5004 4816 5003 4819 5005 5006 4818 5005 4819 
5001 4812 4819 5006 5001 4819 4816 5004 5007 
4820 4816 5007 5007 4822 4820 5008 4822 5007 
4825 5009 5010 4824 5009 4825 5005 4818 4825 
5010 5005 4825 4822 5008 5011 4826 4822 5011 
4827 5012 5013 4827 4826 5012 4826 5011 5012 
5012 5014 5013 5015 5016 5017 5015 4829 4828 
5015 5017 4829 5017 5018 4829 5009 4824 4829 
5018 5009 4829 4827 5013 4830 5013 5014 5019 
5013 5019 4830 4830 5019 4831 4833 5020 5021 
4833 4831 5020 4831 5019 5020 5020 5022 5021 
5023 5024 5025 5023 4836 4835 5023 5025 4836 
5025 5026 4836 5016 5015 4837 5016 4837 5026 
5026 4837 4836 4828 4837 5015 4833 5021 4838 
5021 5022 5027 5021 5027 4838 4838 5027 4839 
4840 5028 5029 4840 4839 5028 4839 5027 5028 
5029 5030 5031 5028 5030 5029 5030 5032 5031 
5033 5034 5035 5033 5036 5037 5035 5036 5033 
5037 4842 4841 5037 5036 4842 5036 5038 4842 
5024 5023 4843 5024 4843 5038 5038 4843 4842 
4835 4843 5023 4840 5029 4844 4845 4844 5029 
5031 4845 5029 5031 5032 5039 5031 5039 4845 
4845 5039 4846 4847 4846 5040 4846 5039 5040 
4849 4847 5041 4847 5040 5041 4851 4849 5042 
4849 5041 5042 4853 5043 5044 4853 4851 5043 
4851 5042 5043 5044 4856 4855 5044 5043 4856 
5043 5045 4856 4857 4856 5046 4856 5045 5046 
4859 4857 5047 4857 5046 5047 4861 4859 5048 
4859 5047 5048 5034 5033 4862 5034 4862 5048 
5048 4862 4861 4863 4862 5033 5037 4863 5033 
4841 4863 5037 4853 5044 4864 4855 4864 5044 
4869 5049 4868 5050 5049 4869 5050 4869 5051 
5051 4869 4870 4871 5052 4870 4870 5052 5051 
4872 5053 4871 4871 5053 5052 4873 5054 4872 
4872 5054 5053 4874 5055 4873 4873 5055 5054 
4875 5056 4874 4874 5056 5055 4876 5057 4875 
4875 5057 5056 5058 5059 5057 5058 5057 4877 
4877 5057 4876 4877 4879 5058 4883 5060 4882 
5061 5060 4883 5061 4883 5062 5062 4883 4884 
4885 5063 4884 4884 5063 5062 5049 4885 4868 
5049 5064 4885 5064 5063 4885 5050 5064 5049 
5058 5065 5059 4879 5065 5058 4879 4886 5065 
4886 5066 5065 4887 5067 4886 4886 5067 5066 
5068 5069 5067 5068 5067 4888 4888 5067 4887 
4888 4890 5068 4893 5070 4892 5071 5070 4893 
5071 4893 5072 5072 4893 4894 5060 4894 4882 
5060 5073 4894 5073 5072 4894 5061 5073 5060 
5068 5074 5069 4890 5074 5068 4890 4895 5074 
4895 5075 5074 5076 5077 5075 5076 5075 4896 
4896 5075 4895 4896 4898 5076 4899 5078 4900 
5079 5078 4899 5079 4899 5080 5080 4899 4901 
5070 4901 4892 5070 5081 4901 5081 5080 4901 
5071 5081 5070 5076 5082 5077 4898 5082 5076 
4898 4902 5082 4902 5083 5082 5084 5085 5083 
5084 5083 4903 4903 5083 4902 4903 4904 5084 
4905 5086 4906 4905 5087 5086 4900 5087 4905 
4900 5088 5087 4900 5078 5088 5079 5088 5078 
5084 5089 5085 5090 5091 5089 4907 5090 5089 
4907 5089 5084 4907 5084 4904 4907 4908 5090 
4909 5092 4910 4909 5093 5092 4906 5093 4909 
4906 5094 5093 4906 5086 5094 5087 5094 5086 
5090 5095 5091 5096 5097 5095 4911 5096 5095 
4911 5095 5090 4911 5090 4908 4911 4912 5096 
4913 5098 4914 4913 5099 5098 4910 5099 4913 
4910 5100 5099 4910 5092 5100 5093 5100 5092 
5096 5101 5097 5102 5103 5101 4915 5102 5101 
4915 5101 5096 4915 5096 4912 4915 4916 5102 
4917 5104 4918 4917 5105 5104 4914 5105 4917 
4914 5106 5105 4914 5098 5106 5099 5106 5098 
5102 5107 5103 5108 5109 5107 4919 5108 5107 
4919 5107 5102 4919 5102 4916 4919 4920 5108 
5104 5110 5111 5104 5111 4918 4918 5111 4922 
5105 5110 5104 5108 5112 5109 5112 5108 4920 
5112 4920 5113 5113 4920 4924 4925 5114 4926 
4925 5115 5114 4925 4922 5115 4922 5111 5115 
5116 4924 4927 5116 5117 4924 5117 5113 4924 
4927 4928 5116 5114 5118 5119 5114 5119 4926 
4926 5119 4930 5115 5118 5114 5116 5120 5117 
5120 5116 4928 5120 4928 5121 5121 4928 4932 
4933 5122 4934 4933 5123 5122 4933 4930 5123 
4930 5119 5123 5124 4932 4935 5124 5125 4932 
5125 5121 4932 4935 4936 5124 5122 5126 5127 
5122 5127 4934 4934 5127 4938 5123 5126 5122 
5124 5128 5125 5128 5124 4936 5128 4936 5129 
5129 4936 4940 4938 5127 4942 5127 5130 4942 
4940 4944 5129 5129 4944 5131 4945 5132 4946 
4945 5133 5132 4945 4942 5133 4942 5130 5133 
5134 4944 4947 5134 5135 4944 5135 5131 4944 
4947 4948 5134 5132 5136 5137 5132 5137 4946 
4946 5137 4949 5133 5136 5132 5134 5138 5135 
5138 5134 4948 5138 4948 5139 5139 4948 4950 
4949 5137 4951 5137 5140 4951 4950 4952 5139 
5139 4952 5141 4951 5140 4953 5140 5142 4953 
4952 4954 5141 5141 4954 5143 4953 5142 4956 
5142 5144 4956 4954 4958 5143 5143 4958 5145 
4956 5144 4959 5144 5146 4959 4958 4960 5145 
5145 4960 5147 4959 5146 4961 5146 5148 4961 
4960 4962 5147 5147 4962 5149 4961 5148 4963 
5148 5150 4963 4962 4964 5149 5149 4964 5151 
5152 5153 4965 5152 4965 5150 5150 4965 4963 
5152 5154 5153 5155 5156 5157 5155 5157 5151 
5155 5151 4966 4966 5151 4964 4965 5153 4967 
5153 4969 4967 5153 5154 4969 5154 5158 4969 
4972 5156 5155 4972 4971 5156 4971 5159 5156 
4966 4972 5155 4969 5158 4974 5158 5160 4974 
4971 4976 5159 5159 4976 5161 5162 5163 4977 
5162 4977 5160 5160 4977 4974 5162 5164 5163 
5165 5166 5167 5165 5167 5161 5165 5161 4978 
4978 5161 4976 4977 5163 4979 5163 4981 4979 
5163 5164 4981 5164 5168 4981 4984 5166 5165 
4984 4983 5166 4983 5169 5166 4978 4984 5165 
5170 5171 4985 5170 4985 5168 5168 4985 4981 
5170 5172 5171 5173 5174 5175 5173 5175 5169 
5173 5169 4986 4986 5169 4983 4985 5171 4987 
5171 4989 4987 5171 5172 4989 5172 5176 4989 
4992 5174 5173 4992 4991 5174 4991 5177 5174 
4986 4992 5173 5178 5179 4993 5178 4993 5176 
5176 4993 4989 5178 5180 5179 5181 5182 5183 
5181 5183 5177 5181 5177 4994 4994 5177 4991 
4993 5179 4995 4996 5184 5185 4995 5184 4996 
4995 5180 5184 4995 5179 5180 5184 5186 5185 
5187 5188 5189 5182 5187 5189 5181 5187 5182 
5181 4997 5187 5181 4998 4997 4994 4998 5181 
4996 5185 4999 5000 5190 5191 4999 5190 5000 
4999 5186 5190 4999 5185 5186 5190 5192 5191 
5193 5194 5195 5188 5193 5195 5187 5193 5188 
5187 5001 5193 5187 5002 5001 4997 5002 5187 
5000 5191 5003 5004 5196 5197 5003 5196 5004 
5003 5192 5196 5003 5191 5192 5196 5198 5197 
5199 5200 5201 5194 5199 5201 5193 5199 5194 
5193 5005 5199 5193 5006 5005 5001 5006 5193 
5004 5197 5007 5008 5202 5203 5007 5202 5008 
5007 5198 5202 5007 5197 5198 5202 5204 5203 
5205 5206 5207 5200 5205 5207 5199 5205 5200 
5199 5009 5205 5199 5010 5009 5005 5010 5199 
5008 5203 5011 5203 5204 5208 5203 5208 5011 
5011 5208 5012 5014 5209 5210 5014 5012 5209 
5012 5208 5209 5209 5211 5210 5212 5213 5214 
5212 5017 5016 5212 5214 5017 5214 5215 5017 
5206 5205 5018 5206 5018 5215 5215 5018 5017 
5009 5018 5205 5014 5210 5019 5210 5211 5216 
5210 5216 5019 5019 5216 5020 5022 5217 5218 
5022 5020 5217 5020 5216 5217 5217 5219 5218 
5220 5221 5222 5220 5025 5024 5220 5222 5025 
5222 5223 5025 5213 5212 5026 5213 5026 5223 
5223 5026 5025 5016 5026 5212 5022 5218 5027 
5218 5219 5224 5218 5224 5027 5027 5224 5028 
5030 5028 5225 5028 5224 5225 5032 5226 5227 
5032 5030 5226 5030 5225 5226 5226 5228 5227 
5229 5230 5231 5229 5035 5034 5229 5231 5035 
5231 5232 5035 5036 5035 5233 5035 5232 5233 
5221 5220 5038 5221 5038 5233 5233 5038 5036 
5024 5038 5220 5032 5227 5039 5227 5228 5234 
5227 5234 5039 5039 5234 5040 5041 5040 5235 
5040 5234 5235 5042 5041 5236 5041 5235 5236 
5043 5042 5237 5042 5236 5237 5045 5043 5238 
5043 5237 5238 5046 5045 5239 5045 5238 5239 
5047 5046 5240 5046 5239 5240 5230 5229 5048 
5230 5048 5240 5240 5048 5047 5034 5048 5229 
5051 5241 5050 5051 5052 5242 5241 5051 5242 
5052 5053 5243 5242 5052 5243 5053 5054 5244 
5243 5053 5244 5054 5055 5245 5244 5054 5245 
5055 5056 5246 5245 5055 5246 5056 5057 5247 
5246 5056 5247 5057 5059 5247 5062 5248 5061 
5249 5248 5062 5249 5062 5250 5250 5062 5063 
5064 5251 5063 5063 5251 5250 5241 5064 5050 
5241 5252 5064 5252 5251 5064 5242 5252 5241 
5253 5252 5242 5243 5253 5242 5254 5253 5243 
5244 5254 5243 5255 5254 5244 5245 5255 5244 
5256 5255 5245 5246 5256 5245 5257 5256 5246 
5247 5257 5246 5258 5257 5247 5059 5258 5247 
5059 5065 5258 5065 5259 5258 5066 5260 5065 
5065 5260 5259 5261 5262 5260 5261 5260 5067 
5067 5260 5066 5067 5069 5261 5072 5263 5071 
5264 5263 5072 5264 5072 5265 5265 5072 5073 
5248 5073 5061 5248 5266 5073 5266 5265 5073 
5249 5266 5248 5261 5267 5262 5069 5267 5261 
5069 5074 5267 5074 5268 5267 5269 5270 5268 
5269 5268 5075 5075 5268 5074 5075 5077 5269 
5080 5271 5079 5272 5271 5080 5272 5080 5273 
5273 5080 5081 5263 5081 5071 5263 5274 5081 
5274 5273 5081 5264 5274 5263 5269 5275 5270 
5077 5275 5269 5077 5082 5275 5082 5276 5275 
5277 5278 5276 5277 5276 5083 5083 5276 5082 
5083 5085 5277 5088 5279 5087 5088 5280 5279 
5079 5280 5088 5079 5281 5280 5079 5271 5281 
5272 5281 5271 5277 5282 5278 5283 5284 5282 
5089 5283 5282 5089 5282 5277 5089 5277 5085 
5089 5091 5283 5094 5285 5286 5093 5094 5286 
5279 5094 5087 5279 5287 5094 5287 5285 5094 
5280 5287 5279 5283 5288 5284 5091 5288 5283 
5091 5095 5288 5095 5289 5288 5289 5095 5097 
5290 5289 5097 5100 5291 5292 5099 5100 5292 
5286 5100 5093 5291 5100 5286 5097 5293 5290 
5101 5293 5097 5293 5101 5103 5294 5293 5103 
5106 5295 5105 5106 5296 5295 5106 5099 5296 
5099 5292 5296 5297 5103 5107 5297 5298 5103 
5298 5294 5103 5107 5109 5297 5110 5299 5111 
5110 5300 5299 5105 5300 5110 5105 5301 5300 
5105 5295 5301 5296 5301 5295 5297 5302 5298 
5303 5304 5302 5112 5303 5302 5112 5302 5297 
5112 5297 5109 5112 5113 5303 5299 5305 5306 
5299 5306 5111 5111 5306 5115 5300 5305 5299 
5303 5307 5304 5307 5303 5113 5307 5113 5308 
5308 5113 5117 5118 5309 5119 5118 5310 5309 
5118 5115 5310 5115 5306 5310 5311 5117 5120 
5311 5312 5117 5312 5308 5117 5120 5121 5311 
5309 5313 5314 5309 5314 5119 5119 5314 5123 
5310 5313 5309 5311 5315 5312 5315 5311 5121 
5315 5121 5316 5316 5121 5125 5126 5317 5127 
5126 5318 5317 5126 5123 5318 5123 5314 5318 
5319 5125 5128 5319 5320 5125 5320 5316 5125 
5128 5129 5319 5317 5321 5322 5317 5322 5127 
5127 5322 5130 5318 5321 5317 5319 5323 5320 
5323 5319 5129 5323 5129 5324 5324 5129 5131 
5130 5322 5133 5322 5325 5133 5131 5135 5324 
5324 5135 5326 5136 5327 5137 5136 5328 5327 
5136 5133 5328 5133 5325 5328 5329 5135 5138 
5329 5330 5135 5330 5326 5135 5138 5139 5329 
5327 5331 5140 5137 5327 5140 5332 5327 5328 
5331 5327 5332 5333 5330 5329 5334 5330 5333 
5139 5141 5333 5329 5139 5333 5331 5335 5142 
5140 5331 5142 5336 5331 5332 5335 5331 5336 
5337 5334 5333 5338 5334 5337 5141 5143 5337 
5333 5141 5337 5335 5339 5144 5142 5335 5144 
5340 5335 5336 5339 5335 5340 5341 5338 5337 
5342 5338 5341 5143 5145 5341 5337 5143 5341 
5339 5343 5146 5144 5339 5146 5344 5339 5340 
5343 5339 5344 5345 5342 5341 5346 5342 5345 
5145 5147 5345 5341 5145 5345 5343 5347 5148 
5146 5343 5148 5348 5343 5344 5347 5343 5348 
5349 5346 5345 5350 5346 5349 5147 5149 5349 
5345 5147 5349 5347 5351 5150 5148 5347 5150 
5352 5347 5348 5351 5347 5352 5353 5350 5349 
5354 5350 5353 5149 5151 5353 5349 5149 5353 
5150 5351 5152 5351 5154 5152 5351 5352 5154 
5352 5355 5154 5157 5354 5353 5157 5156 5354 
5156 5356 5354 5151 5157 5353 5154 5355 5158 
5355 5357 5158 5156 5159 5356 5356 5159 5358 
5359 5360 5160 5359 5160 5357 5357 5160 5158 
5359 5361 5360 5362 5363 5364 5362 5364 5358 
5362 5358 5161 5161 5358 5159 5160 5360 5162 
5360 5164 5162 5360 5361 5164 5361 5365 5164 
5167 5363 5362 5167 5166 5363 5166 5366 5363 
5161 5167 5362 5367 5368 5168 5367 5168 5365 
5365 5168 5164 5367 5369 5368 5370 5371 5372 
5370 5372 5366 5370 5366 5169 5169 5366 5166 
5168 5368 5170 5368 5172 5170 5368 5369 5172 
5369 5373 5172 5175 5371 5370 5175 5174 5371 
5174 5374 5371 5169 5175 5370 5375 5376 5176 
5375 5176 5373 5373 5176 5172 5375 5377 5376 
5378 5379 5380 5378 5380 5374 5378 5374 5177 
5177 5374 5174 5176 5376 5178 5180 5381 5382 
5178 5381 5180 5178 5377 5381 5178 5376 5377 
5381 5383 5382 5384 5385 5386 5379 5384 5386 
5378 5384 5379 5378 5182 5384 5378 5183 5182 
5177 5183 5378 5180 5382 5184 5382 5186 5184 
5382 5383 5186 5383 5387 5186 5189 5385 5384 
5189 5188 5385 5188 5388 5385 5182 5189 5384 
5186 5387 5389 5190 5186 5389 5389 5192 5190 
5390 5192 5389 5195 5391 5392 5194 5391 5195 
5388 5188 5195 5392 5388 5195 5192 5390 5393 
5196 5192 5393 5198 5394 5395 5198 5196 5394 
5196 5393 5394 5394 5396 5395 5397 5398 5399 
5397 5201 5200 5397 5399 5201 5399 5400 5201 
5391 5194 5201 5400 5391 5201 5198 5395 5202 
5204 5401 5402 5202 5401 5204 5202 5396 5401 
5202 5395 5396 5401 5403 5402 5404 5405 5406 
5398 5404 5406 5397 5404 5398 5397 5206 5404 
5397 5207 5206 5200 5207 5397 5204 5402 5208 
5402 5403 5407 5402 5407 5208 5208 5407 5209 
5211 5408 5409 5211 5209 5408 5209 5407 5408 
5408 5410 5409 5411 5412 5413 5411 5214 5213 
5411 5413 5214 5413 5414 5214 5405 5404 5215 
5405 5215 5414 5414 5215 5214 5206 5215 5404 
5211 5409 5216 5409 5410 5415 5409 5415 5216 
5216 5415 5217 5219 5416 5417 5219 5217 5416 
5217 5415 5416 5416 5418 5417 5419 5420 5421 
5419 5222 5221 5419 5421 5222 5421 5422 5222 
5412 5411 5223 5412 5223 5422 5422 5223 5222 
5213 5223 5411 5219 5417 5224 5417 5418 5423 
5417 5423 5224 5224 5423 5225 5226 5225 5424 
5225 5423 5424 5228 5425 5426 5228 5226 5425 
5226 5424 5425 5426 5427 5428 5425 5427 5426 
5428 5429 5430 5427 5429 5428 5430 5431 5432 
5429 5431 5430 5432 5433 5434 5431 5433 5432 
5434 5435 5436 5433 5435 5434 5436 5437 5438 
5435 5437 5436 5438 5231 5230 5438 5437 5231 
5437 5439 5231 5232 5231 5440 5231 5439 5440 
5420 5419 5233 5420 5233 5440 5440 5233 5232 
5221 5233 5419 5228 5426 5234 5235 5234 5426 
5428 5235 5426 5236 5235 5428 5430 5236 5428 
5237 5236 5430 5432 5237 5430 5238 5237 5432 
5434 5238 5432 5239 5238 5434 5436 5239 5434 
5240 5239 5436 5438 5240 5436 5230 5240 5438 
5250 5441 5249 5250 5251 5442 5441 5250 5442 
5251 5252 5443 5442 5251 5443 5444 5443 5252 
5444 5252 5445 5445 5252 5253 5254 5446 5253 
5253 5446 5445 5255 5447 5254 5254 5447 5446 
5256 5448 5255 5255 5448 5447 5257 5449 5256 
5256 5449 5448 5450 5451 5449 5450 5449 5258 
5258 5449 5257 5258 5259 5452 5450 5258 5452 
5259 5260 5453 5452 5259 5453 5260 5262 5453 
5265 5454 5264 5455 5454 5265 5455 5265 5456 
5456 5265 5266 5441 5266 5249 5441 5457 5266 
5457 5456 5266 5442 5457 5441 5458 5457 5442 
5443 5458 5442 5459 5458 5443 5444 5459 5443 
5450 5460 5451 5452 5460 5450 5461 5460 5452 
5453 5461 5452 5462 5461 5453 5262 5462 5453 
5262 5267 5462 5267 5463 5462 5464 5465 5463 
5464 5463 5268 5268 5463 5267 5268 5270 5464 
5273 5466 5272 5467 5466 5273 5467 5273 5468 
5468 5273 5274 5454 5274 5264 5454 5469 5274 
5469 5468 5274 5455 5469 5454 5464 5470 5465 
5270 5470 5464 5270 5275 5470 5275 5471 5470 
5472 5473 5471 5472 5471 5276 5276 5471 5275 
5276 5278 5472 5281 5474 5475 5280 5281 5475 
5466 5281 5272 5466 5476 5281 5476 5474 5281 
5467 5476 5466 5472 5477 5473 5278 5477 5472 
5278 5282 5477 5282 5478 5477 5478 5282 5284 
5479 5478 5284 5285 5480 5286 5481 5480 5285 
5481 5285 5482 5482 5285 5287 5475 5287 5280 
5482 5287 5475 5284 5483 5479 5288 5483 5284 
5484 5485 5483 5484 5483 5289 5289 5483 5288 
5289 5290 5484 5291 5486 5292 5291 5487 5486 
5286 5487 5291 5286 5488 5487 5286 5480 5488 
5481 5488 5480 5484 5489 5485 5490 5491 5489 
5293 5490 5489 5293 5489 5484 5293 5484 5290 
5293 5294 5490 5486 5492 5493 5486 5493 5292 
5292 5493 5296 5487 5492 5486 5490 5494 5491 
5494 5490 5294 5494 5294 5495 5495 5294 5298 
5301 5496 5497 5300 5301 5497 5493 5301 5296 
5496 5301 5493 5298 5498 5495 5302 5498 5298 
5498 5302 5304 5499 5498 5304 5305 5500 5306 
5305 5501 5500 5305 5300 5501 5300 5497 5501 
5502 5304 5307 5502 5503 5304 5503 5499 5304 
5307 5308 5502 5500 5504 5505 5500 5505 5306 
5306 5505 5310 5501 5504 5500 5502 5506 5503 
5506 5502 5308 5506 5308 5507 5507 5308 5312 
5313 5508 5314 5313 5509 5508 5313 5310 5509 
5310 5505 5509 5510 5312 5315 5510 5511 5312 
5511 5507 5312 5315 5316 5510 5508 5512 5513 
5508 5513 5314 5314 5513 5318 5509 5512 5508 
5510 5514 5511 5514 5510 5316 5514 5316 5515 
5515 5316 5320 5321 5516 5322 5321 5517 5516 
5321 5318 5517 5318 5513 5517 5518 5320 5323 
5518 5519 5320 5519 5515 5320 5323 5324 5518 
5516 5520 5325 5322 5516 5325 5521 5516 5517 
5520 5516 5521 5522 5519 5518 5523 5519 5522 
5324 5326 5522 5518 5324 5522 5520 5524 5328 
5325 5520 5328 5525 5520 5521 5524 5520 5525 
5526 5523 5522 5527 5523 5526 5326 5330 5526 
5522 5326 5526 5524 5528 5529 5524 5529 5328 
5328 5529 5332 5525 5528 5524 5526 5530 5527 
5530 5526 5330 5530 5330 5531 5531 5330 5334 
5332 5529 5336 5529 5532 5336 5334 5338 5531 
5531 5338 5533 5336 5532 5340 5532 5534 5340 
5338 5342 5533 5533 5342 5535 5340 5534 5344 
5534 5536 5344 5342 5346 5535 5535 5346 5537 
5344 5536 5348 5536 5538 5348 5346 5350 5537 
5537 5350 5539 5540 5541 5352 5540 5352 5538 
5538 5352 5348 5540 5542 5541 5543 5544 5545 
5543 5545 5539 5543 5539 5354 5354 5539 5350 
5541 5546 5355 5352 5541 5355 5547 5541 5542 
5546 5541 5547 5548 5544 5543 5549 5544 5548 
5354 5356 5548 5543 5354 5548 5546 5550 5357 
5355 5546 5357 5551 5546 5547 5550 5546 5551 
5552 5549 5548 5553 5549 5552 5356 5358 5552 
5548 5356 5552 5357 5550 5359 5550 5361 5359 
5550 5551 5361 5551 5554 5361 5364 5553 5552 
5364 5363 5553 5363 5555 5553 5358 5364 5552 
5556 5557 5365 5556 5365 5554 5554 5365 5361 
5556 5558 5557 5559 5560 5561 5559 5561 5555 
5559 5555 5366 5366 5555 5363 5365 5557 5367 
5557 5369 5367 5557 5558 5369 5558 5562 5369 
5372 5560 5559 5372 5371 5560 5371 5563 5560 
5366 5372 5559 5564 5565 5373 5564 5373 5562 
5562 5373 5369 5564 5566 5565 5567 5568 5569 
5567 5569 5563 5567 5563 5374 5374 5563 5371 
5373 5565 5375 5565 5377 5375 5565 5566 5377 
5566 5570 5377 5380 5568 5567 5380 5379 5568 
5379 5571 5568 5374 5380 5567 5377 5570 5572 
5381 5377 5572 5572 5383 5381 5573 5383 5572 
5386 5574 5575 5385 5574 5386 5571 5379 5386 
5575 5571 5386 5576 5577 5387 5576 5387 5573 
5573 5387 5383 5576 5578 5577 5579 5580 5581 
5579 5581 5574 5579 5574 5388 5388 5574 5385 
5387 5577 5389 5390 5582 5583 5389 5582 5390 
5389 5578 5582 5389 5577 5578 5582 5584 5583 
5585 5586 5587 5580 5585 5587 5579 5585 5580 
5579 5391 5585 5579 5392 5391 5388 5392 5579 
5390 5583 5393 5583 5584 5588 5583 5588 5393 
5393 5588 5394 5588 5396 5394 5589 5396 5588 
5399 5590 5591 5398 5590 5399 5586 5585 5400 
5586 5400 5591 5591 5400 5399 5391 5400 5585 
5396 5589 5592 5401 5396 5592 5403 5593 5594 
5403 5401 5593 5401 5592 5593 5593 5595 5594 
5596 5597 5598 5596 5406 5405 5596 5598 5406 
5598 5599 5406 5590 5398 5406 5599 5590 5406 
5403 5594 5407 5594 5595 5600 5594 5600 5407 
5407 5600 5408 5410 5601 5602 5410 5408 5601 
5408 5600 5601 5601 5603 5602 5604 5605 5606 
5604 5413 5412 5604 5606 5413 5606 5607 5413 
5597 5596 5414 5597 5414 5607 5607 5414 5413 
5405 5414 5596 5410 5602 5415 5602 5603 5608 
5602 5608 5415 5415 5608 5416 5418 5609 5610 
5418 5416 5609 5416 5608 5609 5610 5611 5612 
5609 5611 5610 5612 5613 5614 5611 5613 5612 
5613 5615 5614 5616 5617 5618 5616 5619 5620 
5618 5619 5616 5620 5621 5622 5619 5621 5620 
5622 5421 5420 5622 5621 5421 5621 5623 5421 
5605 5604 5422 5605 5422 5623 5623 5422 5421 
5412 5422 5604 5418 5610 5423 5424 5423 5610 
5612 5424 5610 5425 5424 5612 5614 5425 5612 
5614 5615 5624 5614 5624 5425 5425 5624 5427 
5429 5427 5625 5427 5624 5625 5431 5429 5626 
5429 5625 5626 5433 5431 5627 5431 5626 5627 
5435 5433 5628 5433 5627 5628 5617 5616 5437 
5617 5437 5628 5628 5437 5435 5439 5437 5616 
5620 5439 5616 5440 5439 5620 5622 5440 5620 
5420 5440 5622 5445 5629 5444 5445 5446 5630 
5629 5445 5630 5446 5447 5631 5630 5446 5631 
5447 5448 5632 5631 5447 5632 5448 5449 5633 
5632 5448 5633 5449 5451 5633 5456 5634 5455 
5456 5457 5635 5634 5456 5635 5636 5635 5457 
5636 5457 5637 5637 5457 5458 5459 5638 5458 
5458 5638 5637 5629 5459 5444 5629 5639 5459 
5639 5638 5459 5630 5639 5629 5640 5639 5630 
5631 5640 5630 5641 5640 5631 5632 5641 5631 
5642 5641 5632 5633 5642 5632 5643 5642 5633 
5451 5643 5633 5451 5460 5643 5460 5644 5643 
5461 5645 5460 5460 5645 5644 5646 5647 5645 
5646 5645 5462 5462 5645 5461 5462 5463 5648 
5646 5462 5648 5463 5465 5648 5468 5649 5467 
5650 5649 5468 5650 5468 5651 5651 5468 5469 
5634 5469 5455 5634 5652 5469 5652 5651 5469 
5635 5652 5634 5653 5652 5635 5636 5653 5635 
5646 5654 5647 5648 5654 5646 5655 5654 5648 
5465 5655 5648 5465 5470 5655 5470 5656 5655 
5657 5658 5656 5657 5656 5471 5471 5656 5470 
5471 5473 5657 5474 5659 5475 5474 5476 5660 
5659 5474 5660 5476 5661 5660 5467 5661 5476 
5467 5662 5661 5467 5649 5662 5650 5662 5649 
5657 5663 5658 5664 5665 5663 5477 5664 5663 
5477 5663 5657 5477 5657 5473 5477 5478 5666 
5664 5477 5666 5478 5479 5666 5482 5667 5481 
5482 5668 5667 5475 5668 5482 5475 5669 5668 
5475 5659 5669 5660 5669 5659 5670 5669 5660 
5661 5670 5660 5664 5671 5665 5666 5671 5664 
5672 5671 5666 5673 5674 5672 5483 5673 5672 
5483 5672 5666 5483 5666 5479 5483 5485 5673 
5488 5675 5487 5488 5676 5675 5481 5676 5488 
5481 5677 5676 5481 5667 5677 5668 5677 5667 
5673 5678 5674 5679 5680 5678 5489 5679 5678 
5489 5678 5673 5489 5673 5485 5489 5491 5679 
5492 5681 5493 5492 5682 5681 5487 5682 5492 
5487 5683 5682 5487 5675 5683 5676 5683 5675 
5679 5684 5680 5685 5686 5684 5494 5685 5684 
5494 5684 5679 5494 5679 5491 5494 5495 5685 
5496 5687 5497 5496 5688 5687 5493 5688 5496 
5493 5689 5688 5493 5681 5689 5682 5689 5681 
5685 5690 5686 5691 5692 5690 5498 5691 5690 
5498 5690 5685 5498 5685 5495 5498 5499 5691 
5687 5693 5501 5497 5687 5501 5694 5687 5688 
5693 5687 5694 5695 5692 5691 5696 5692 5695 
5499 5503 5695 5691 5499 5695 5504 5697 5505 
5504 5698 5697 5501 5698 5504 5501 5699 5698 
5501 5693 5699 5694 5699 5693 5695 5700 5696 
5701 5702 5700 5506 5701 5700 5506 5700 5695 
5506 5695 5503 5506 5507 5701 5697 5703 5704 
5697 5704 5505 5505 5704 5509 5698 5703 5697 
5701 5705 5702 5705 5701 5507 5705 5507 5706 
5706 5507 5511 5512 5707 5513 5512 5708 5707 
5512 5509 5708 5509 5704 5708 5709 5511 5514 
5709 5710 5511 5710 5706 5511 5514 5515 5709 
5707 5711 5517 5513 5707 5517 5712 5707 5708 
5711 5707 5712 5713 5710 5709 5714 5710 5713 
5515 5519 5713 5709 5515 5713 5711 5715 5716 
5711 5716 5517 5517 5716 5521 5712 5715 5711 
5713 5717 5714 5717 5713 5519 5717 5519 5718 
5718 5519 5523 5521 5716 5525 5716 5719 5525 
5523 5527 5718 5718 5527 5720 5528 5721 5529 
5528 5722 5721 5528 5525 5722 5525 5719 5722 
5723 5527 5530 5723 5724 5527 5724 5720 5527 
5530 5531 5723 5721 5725 5532 5529 5721 5532 
5726 5721 5722 5725 5721 5726 5727 5724 5723 
5728 5724 5727 5531 5533 5727 5723 5531 5727 
5725 5729 5534 5532 5725 5534 5730 5725 5726 
5729 5725 5730 5731 5728 5727 5732 5728 5731 
5533 5535 5731 5727 5533 5731 5729 5733 5536 
5534 5729 5536 5734 5729 5730 5733 5729 5734 
5735 5732 5731 5736 5732 5735 5535 5537 5735 
5731 5535 5735 5733 5737 5538 5536 5733 5538 
5738 5733 5734 5737 5733 5738 5739 5736 5735 
5740 5736 5739 5537 5539 5739 5735 5537 5739 
5538 5737 5540 5737 5542 5540 5737 5738 5542 
5738 5741 5542 5545 5740 5739 5545 5544 5740 
5544 5742 5740 5539 5545 5739 5542 5741 5547 
5741 5743 5547 5544 5549 5742 5742 5549 5744 
5745 5746 5551 5745 5551 5743 5743 5551 5547 
5745 5747 5746 5748 5749 5750 5748 5750 5744 
5748 5744 5553 5553 5744 5549 5746 5751 5554 
5551 5746 5554 5752 5746 5747 5751 5746 5752 
5753 5749 5748 5754 5749 5753 5553 5555 5753 
5748 5553 5753 5554 5751 5556 5751 5558 5556 
5751 5752 5558 5752 5755 5558 5561 5754 5753 
5561 5560 5754 5560 5756 5754 5555 5561 5753 
5757 5758 5562 5757 5562 5755 5755 5562 5558 
5757 5759 5758 5760 5761 5762 5760 5762 5756 
5760 5756 5563 5563 5756 5560 5562 5758 5564 
5566 5763 5764 5564 5763 5566 5564 5759 5763 
5564 5758 5759 5763 5765 5764 5766 5767 5768 
5761 5766 5768 5760 5766 5761 5760 5568 5766 
5760 5569 5568 5563 5569 5760 5764 5769 5570 
5566 5764 5570 5770 5764 5765 5769 5764 5770 
5771 5767 5766 5772 5767 5771 5568 5571 5771 
5766 5568 5771 5570 5769 5572 5573 5773 5774 
5572 5773 5573 5572 5770 5773 5572 5769 5770 
5773 5775 5774 5776 5777 5778 5772 5776 5778 
5771 5776 5772 5771 5574 5776 5771 5575 5574 
5571 5575 5771 5573 5774 5576 5578 5779 5780 
5576 5779 5578 5576 5775 5779 5576 5774 5775 
5779 5781 5780 5782 5783 5784 5777 5782 5784 
5776 5782 5777 5776 5580 5782 5776 5581 5580 
5574 5581 5776 5578 5780 5582 5584 5785 5786 
5582 5785 5584 5582 5781 5785 5582 5780 5781 
5785 5787 5786 5788 5789 5790 5783 5788 5790 
5782 5788 5783 5782 5586 5788 5782 5587 5586 
5580 5587 5782 5584 5786 5588 5589 5791 5792 
5588 5791 5589 5588 5787 5791 5588 5786 5787 
5792 5793 5794 5791 5793 5792 5793 5795 5794 
5796 5797 5798 5796 5799 5800 5798 5799 5796 
5789 5800 5799 5788 5800 5789 5788 5590 5800 
5788 5591 5590 5586 5591 5788 5589 5792 5592 
5593 5592 5792 5794 5593 5792 5595 5801 5802 
5593 5801 5595 5593 5795 5801 5593 5794 5795 
5801 5803 5802 5804 5805 5806 5797 5804 5806 
5796 5804 5797 5796 5597 5804 5796 5598 5597 
5599 5598 5796 5800 5599 5796 5590 5599 5800 
5595 5802 5600 5802 5803 5807 5802 5807 5600 
5600 5807 5601 5603 5808 5809 5603 5601 5808 
5601 5807 5808 5809 5810 5811 5808 5810 5809 
5810 5812 5811 5813 5814 5815 5813 5816 5817 
5815 5816 5813 5817 5606 5605 5817 5816 5606 
5816 5818 5606 5805 5804 5607 5805 5607 5818 
5818 5607 5606 5597 5607 5804 5603 5809 5608 
5609 5608 5809 5811 5609 5809 5811 5812 5819 
5811 5819 5609 5609 5819 5611 5613 5611 5820 
5611 5819 5820 5615 5821 5822 5615 5613 5821 
5613 5820 5821 5822 5823 5824 5821 5823 5822 
5824 5825 5826 5823 5825 5824 5826 5827 5828 
5825 5827 5826 5828 5829 5830 5827 5829 5828 
5830 5618 5617 5830 5829 5618 5829 5831 5618 
5619 5618 5832 5618 5831 5832 5814 5813 5621 
5814 5621 5832 5832 5621 5619 5623 5621 5813 
5817 5623 5813 5605 5623 5817 5615 5822 5624 
5625 5624 5822 5824 5625 5822 5626 5625 5824 
5826 5626 5824 5627 5626 5826 5828 5627 5826 
5628 5627 5828 5830 5628 5828 5617 5628 5830 
5637 5833 5636 5637 5638 5834 5833 5637 5834 
5638 5639 5835 5834 5638 5835 5639 5640 5836 
5835 5639 5836 5640 5641 5837 5836 5640 5837 
5641 5642 5838 5837 5641 5838 5642 5643 5839 
5838 5642 5839 5643 5644 5840 5839 5643 5840 
5644 5645 5841 5840 5644 5841 5645 5647 5841 
5651 5842 5650 5651 5652 5843 5842 5651 5843 
5844 5843 5652 5844 5652 5845 5845 5652 5653 
5833 5653 5636 5833 5846 5653 5846 5845 5653 
5834 5846 5833 5847 5846 5834 5835 5847 5834 
5848 5847 5835 5836 5848 5835 5849 5848 5836 
5837 5849 5836 5850 5849 5837 5838 5850 5837 
5851 5850 5838 5839 5851 5838 5852 5851 5839 
5840 5852 5839 5853 5852 5840 5841 5853 5840 
5854 5853 5841 5647 5854 5841 5647 5654 5854 
5654 5855 5854 5856 5857 5855 5856 5855 5655 
5655 5855 5654 5655 5656 5858 5856 5655 5858 
5656 5658 5858 5662 5859 5661 5662 5860 5859 
5650 5860 5662 5650 5861 5860 5650 5842 5861 
5843 5861 5842 5862 5861 5843 5844 5862 5843 
5856 5863 5857 5858 5863 5856 5864 5863 5858 
5865 5866 5864 5663 5865 5864 5663 5864 5858 
5663 5858 5658 5663 5665 5865 5669 5867 5668 
5868 5867 5669 5868 5669 5869 5869 5669 5670 
5859 5670 5661 5859 5870 5670 5870 5869 5670 
5860 5870 5859 5865 5871 5866 5665 5871 5865 
5665 5671 5871 5671 5872 5871 5873 5874 5872 
5873 5872 5672 5672 5872 5671 5672 5674 5873 
5677 5875 5676 5677 5876 5875 5668 5876 5677 
5668 5877 5876 5668 5867 5877 5868 5877 5867 
5873 5878 5874 5879 5880 5878 5678 5879 5878 
5678 5878 5873 5678 5873 5674 5678 5680 5879 
5683 5881 5682 5683 5882 5881 5676 5882 5683 
5676 5883 5882 5676 5875 5883 5876 5883 5875 
5879 5884 5880 5885 5886 5884 5684 5885 5884 
5684 5884 5879 5684 5879 5680 5684 5686 5885 
5689 5887 5688 5689 5888 5887 5682 5888 5689 
5682 5889 5888 5682 5881 5889 5882 5889 5881 
5885 5890 5886 5891 5892 5890 5690 5891 5890 
5690 5890 5885 5690 5885 5686 5690 5692 5891 
5887 5893 5894 5887 5894 5688 5688 5894 5694 
5888 5893 5887 5891 5895 5892 5895 5891 5692 
5895 5692 5896 5896 5692 5696 5699 5897 5698 
5699 5898 5897 5699 5694 5898 5694 5894 5898 
5899 5696 5700 5899 5900 5696 5900 5896 5696 
5700 5702 5899 5703 5901 5704 5703 5902 5901 
5698 5902 5703 5698 5903 5902 5698 5897 5903 
5898 5903 5897 5899 5904 5900 5905 5906 5904 
5705 5905 5904 5705 5904 5899 5705 5899 5702 
5705 5706 5905 5901 5907 5708 5704 5901 5708 
5908 5901 5902 5907 5901 5908 5909 5906 5905 
5910 5906 5909 5706 5710 5909 5905 5706 5909 
5907 5911 5912 5907 5912 5708 5708 5912 5712 
5908 5911 5907 5909 5913 5910 5913 5909 5710 
5913 5710 5914 5914 5710 5714 5715 5915 5716 
5715 5916 5915 5715 5712 5916 5712 5912 5916 
5917 5714 5717 5917 5918 5714 5918 5914 5714 
5717 5718 5917 5915 5919 5719 5716 5915 5719 
5920 5915 5916 5919 5915 5920 5921 5918 5917 
5922 5918 5921 5718 5720 5921 5917 5718 5921 
5919 5923 5722 5719 5919 5722 5924 5919 5920 
5923 5919 5924 5925 5922 5921 5926 5922 5925 
5720 5724 5925 5921 5720 5925 5923 5927 5726 
5722 5923 5726 5928 5923 5924 5927 5923 5928 
5929 5926 5925 5930 5926 5929 5724 5728 5929 
5925 5724 5929 5927 5931 5730 5726 5927 5730 
5932 5927 5928 5931 5927 5932 5933 5930 5929 
5934 5930 5933 5728 5732 5933 5929 5728 5933 
5931 5935 5734 5730 5931 5734 5936 5931 5932 
5935 5931 5936 5937 5934 5933 5938 5934 5937 
5732 5736 5937 5933 5732 5937 5935 5939 5738 
5734 5935 5738 5940 5935 5936 5939 5935 5940 
5941 5938 5937 5942 5938 5941 5736 5740 5941 
5937 5736 5941 5939 5943 5741 5738 5939 5741 
5944 5939 5940 5943 5939 5944 5945 5942 5941 
5946 5942 5945 5740 5742 5945 5941 5740 5945 
5943 5947 5743 5741 5943 5743 5948 5943 5944 
5947 5943 5948 5949 5946 5945 5950 5946 5949 
5742 5744 5949 5945 5742 5949 5743 5947 5745 
5947 5747 5745 5947 5948 5747 5948 5951 5747 
5750 5950 5949 5750 5749 5950 5749 5952 5950 
5744 5750 5949 5953 5954 5752 5953 5752 5951 
5951 5752 5747 5953 5955 5954 5956 5957 5958 
5956 5958 5952 5956 5952 5754 5754 5952 5749 
5954 5959 5755 5752 5954 5755 5960 5954 5955 
5959 5954 5960 5961 5957 5956 5962 5957 5961 
5754 5756 5961 5956 5754 5961 5755 5959 5757 
5759 5963 5964 5757 5963 5759 5757 5960 5963 
5757 5959 5960 5963 5965 5964 5966 5967 5968 
5962 5966 5968 5961 5966 5962 5961 5761 5966 
5961 5762 5761 5756 5762 5961 5759 5964 5763 
5964 5765 5763 5964 5965 5765 5965 5969 5765 
5768 5967 5966 5768 5767 5967 5767 5970 5967 
5761 5768 5966 5971 5972 5770 5971 5770 5969 
5969 5770 5765 5971 5973 5972 5974 5975 5976 
5974 5976 5970 5974 5970 5772 5772 5970 5767 
5770 5972 5773 5775 5977 5978 5773 5977 5775 
5773 5973 5977 5773 5972 5973 5977 5979 5978 
5980 5981 5982 5975 5980 5982 5974 5980 5975 
5974 5777 5980 5974 5778 5777 5772 5778 5974 
5775 5978 5779 5781 5983 5984 5779 5983 5781 
5779 5979 5983 5779 5978 5979 5983 5985 5984 
5986 5987 5988 5981 5986 5988 5980 5986 5981 
5980 5783 5986 5980 5784 5783 5777 5784 5980 
5781 5984 5785 5787 5989 5990 5785 5989 5787 
5785 5985 5989 5785 5984 5985 5989 5991 5990 
5992 5993 5994 5987 5992 5994 5986 5992 5987 
5986 5789 5992 5986 5790 5789 5783 5790 5986 
5787 5990 5791 5990 5991 5995 5990 5995 5791 
5791 5995 5793 5795 5996 5997 5795 5793 5996 
5793 5995 5996 5996 5998 5997 5999 6000 6001 
5999 5798 5797 5999 6001 5798 6001 6002 5798 
5993 5992 5799 5993 5799 6002 6002 5799 5798 
5789 5799 5992 5795 5997 5801 5803 6003 6004 
5801 6003 5803 5801 5998 6003 5801 5997 5998 
6004 6005 6006 6003 6005 6004 6005 6007 6006 
6008 6009 6010 6008 6011 6012 6010 6011 6008 
6000 6012 6011 5999 6012 6000 5999 5805 6012 
5999 5806 5805 5797 5806 5999 5803 6004 5807 
5808 5807 6004 6006 5808 6004 6006 6007 6013 
6006 6013 5808 5808 6013 5810 5812 6014 6015 
5812 5810 6014 5810 6013 6014 6015 6016 6017 
6014 6016 6015 6017 6018 6019 6016 6018 6017 
6019 6020 6021 6018 6020 6019 6021 6022 6023 
6020 6022 6021 6023 6024 6025 6022 6024 6023 
6025 6026 6027 6024 6026 6025 6027 6028 6029 
6026 6028 6027 6029 6030 6031 6028 6030 6029 
6031 5815 5814 6031 6030 5815 6030 6032 5815 
6009 6008 5816 6009 5816 6032 6032 5816 5815 
5818 5816 6008 6012 5818 6008 5805 5818 6012 
5812 6015 5819 5820 5819 6015 6017 5820 6015 
5821 5820 6017 6019 5821 6017 5823 5821 6019 
6021 5823 6019 5825 5823 6021 6023 5825 6021 
5827 5825 6023 6025 5827 6023 5829 5827 6025 
6027 5829 6025 5831 5829 6027 6029 5831 6027 
5832 5831 6029 6031 5832 6029 5814 5832 6031 
5845 6033 5844 5845 5846 6034 6033 5845 6034 
5846 5847 6035 6034 5846 6035 5847 5848 6036 
6035 5847 6036 6037 6036 5848 6037 5848 6038 
6038 5848 5849 5850 6039 5849 5849 6039 6038 
5851 6040 5850 5850 6040 6039 6041 6042 6040 
6041 6040 5852 5852 6040 5851 5852 5853 6043 
6041 5852 6043 5853 5854 6044 6043 5853 6044 
5854 5855 6045 6044 5854 6045 5855 5857 6045 
5861 6046 5860 5861 5862 6047 6046 5861 6047 
5862 6048 6047 5844 6048 5862 5844 6049 6048 
5844 6033 6049 6034 6049 6033 6050 6049 6034 
6035 6050 6034 6051 6050 6035 6036 6051 6035 
6052 6051 6036 6037 6052 6036 6041 6053 6042 
6043 6053 6041 6054 6053 6043 6044 6054 6043 
6055 6054 6044 6045 6055 6044 6056 6055 6045 
6057 6058 6056 5863 6057 6056 5863 6056 6045 
5863 6045 5857 5863 5864 6059 6057 5863 6059 
5864 5866 6059 5869 6060 5868 5869 5870 6061 
6060 5869 6061 5870 6062 6061 5860 6062 5870 
5860 6063 6062 5860 6046 6063 6047 6063 6046 
6064 6063 6047 6048 6064 6047 6057 6065 6058 
6059 6065 6057 6066 6065 6059 6067 6068 6066 
5871 6067 6066 5871 6066 6059 5871 6059 5866 
5871 5872 6069 6067 5871 6069 5872 5874 6069 
5877 6070 5876 5877 6071 6070 5868 6071 5877 
5868 6072 6071 5868 6060 6072 6061 6072 6060 
6073 6072 6061 6062 6073 6061 6067 6074 6068 
6069 6074 6067 6075 6074 6069 6076 6077 6075 
5878 6076 6075 5878 6075 6069 5878 6069 5874 
5878 5880 6076 5883 6078 5882 5883 6079 6078 
5876 6079 5883 5876 6080 6079 5876 6070 6080 
6071 6080 6070 6076 6081 6077 6082 6083 6081 
5884 6082 6081 5884 6081 6076 5884 6076 5880 
5884 5886 6082 5889 6084 5888 5889 6085 6084 
5882 6085 5889 5882 6086 6085 5882 6078 6086 
6079 6086 6078 6082 6087 6083 6088 6089 6087 
5890 6088 6087 5890 6087 6082 5890 6082 5886 
5890 5892 6088 5893 6090 5894 5893 6091 6090 
5888 6091 5893 5888 6092 6091 5888 6084 6092 
6085 6092 6084 6088 6093 6089 6094 6095 6093 
5895 6094 6093 5895 6093 6088 5895 6088 5892 
5895 5896 6094 6090 6096 5898 5894 6090 5898 
6097 6090 6091 6096 6090 6097 6098 6095 6094 
6099 6095 6098 5896 5900 6098 6094 5896 6098 
5903 6100 5902 5903 6101 6100 5898 6101 5903 
5898 6102 6101 5898 6096 6102 6097 6102 6096 
6098 6103 6099 6104 6105 6103 5904 6104 6103 
5904 6103 6098 5904 6098 5900 5904 5906 6104 
6100 6106 5908 5902 6100 5908 6107 6100 6101 
6106 6100 6107 6108 6105 6104 6109 6105 6108 
5906 5910 6108 6104 5906 6108 5911 6110 5912 
5911 6111 6110 5908 6111 5911 5908 6112 6111 
5908 6106 6112 6107 6112 6106 6108 6113 6109 
6114 6115 6113 5913 6114 6113 5913 6113 6108 
5913 6108 5910 5913 5914 6114 6110 6116 5916 
5912 6110 5916 6117 6110 6111 6116 6110 6117 
6118 6115 6114 6119 6115 6118 5914 5918 6118 
6114 5914 6118 6116 6120 5920 5916 6116 5920 
6121 6116 6117 6120 6116 6121 6122 6119 6118 
6123 6119 6122 5918 5922 6122 6118 5918 6122 
6120 6124 5924 5920 6120 5924 6125 6120 6121 
6124 6120 6125 6126 6123 6122 6127 6123 6126 
5922 5926 6126 6122 5922 6126 6124 6128 6129 
6124 6129 5924 5924 6129 5928 6125 6128 6124 
6126 6130 6127 6130 6126 5926 6130 5926 6131 
6131 5926 5930 5928 6129 5932 6129 6132 5932 
5930 5934 6131 6131 5934 6133 5932 6132 5936 
6132 6134 5936 5934 5938 6133 6133 5938 6135 
6136 6137 5940 6136 5940 6134 6134 5940 5936 
6136 6138 6137 6139 6140 6141 6139 6141 6135 
6139 6135 5942 5942 6135 5938 6137 6142 5944 
5940 6137 5944 6143 6137 6138 6142 6137 6143 
6144 6140 6139 6145 6140 6144 5942 5946 6144 
6139 5942 6144 6142 6146 5948 5944 6142 5948 
6147 6142 6143 6146 6142 6147 6148 6145 6144 
6149 6145 6148 5946 5950 6148 6144 5946 6148 
6146 6150 5951 5948 6146 5951 6151 6146 6147 
6150 6146 6151 6152 6149 6148 6153 6149 6152 
5950 5952 6152 6148 5950 6152 5951 6150 5953 
5955 6154 6155 5953 6154 5955 5953 6151 6154 
5953 6150 6151 6154 6156 6155 6157 6158 6159 
6153 6157 6159 6152 6157 6153 6152 5957 6157 
6152 5958 5957 5952 5958 6152 6155 6160 5960 
5955 6155 5960 6161 6155 6156 6160 6155 6161 
6162 6158 6157 6163 6158 6162 5957 5962 6162 
6157 5957 6162 5960 6160 5963 5965 6164 6165 
5963 6164 5965 5963 6161 6164 5963 6160 6161 
6164 6166 6165 6167 6168 6169 6163 6167 6169 
6162 6167 6163 6162 5967 6167 6162 5968 5967 
5962 5968 6162 6165 6170 5969 5965 6165 5969 
6171 6165 6166 6170 6165 6171 6172 6168 6167 
6173 6168 6172 5967 5970 6172 6167 5967 6172 
5969 6170 5971 5973 6174 6175 5971 6174 5973 
5971 6171 6174 5971 6170 6171 6174 6176 6175 
6177 6178 6179 6173 6177 6179 6172 6177 6173 
6172 5975 6177 6172 5976 5975 5970 5976 6172 
5973 6175 5977 5979 6180 6181 5977 6180 5979 
5977 6176 6180 5977 6175 6176 6180 6182 6181 
6183 6184 6185 6178 6183 6185 6177 6183 6178 
6177 5981 6183 6177 5982 5981 5975 5982 6177 
5979 6181 5983 5985 6186 6187 5983 6186 5985 
5983 6182 6186 5983 6181 6182 6186 6188 6187 
6189 6190 6191 6184 6189 6191 6183 6189 6184 
6183 5987 6189 6183 5988 5987 5981 5988 6183 
5985 6187 5989 5991 6192 6193 5989 6192 5991 
5989 6188 6192 5989 6187 6188 6193 6194 6195 
6192 6194 6193 6194 6196 6195 6197 6198 6199 
6197 6200 6201 6199 6200 6197 6190 6201 6200 
6189 6201 6190 6189 5993 6201 6189 5994 5993 
5987 5994 6189 5991 6193 5995 5996 5995 6193 
6195 5996 6193 5998 6202 6203 5996 6202 5998 
5996 6196 6202 5996 6195 6196 6203 6204 6205 
6202 6204 6203 6204 6206 6205 6207 6208 6209 
6207 6210 6211 6209 6210 6207 6198 6211 6210 
6197 6211 6198 6197 6000 6211 6197 6001 6000 
6002 6001 6197 6201 6002 6197 5993 6002 6201 
5998 6203 6003 6005 6003 6203 6205 6005 6203 
6007 6212 6213 6005 6212 6007 6005 6206 6212 
6005 6205 6206 6213 6214 6215 6212 6214 6213 
6215 6216 6217 6214 6216 6215 6217 6218 6219 
6216 6218 6217 6218 6220 6219 6221 6222 6223 
6221 6224 6225 6223 6224 6221 6225 6226 6227 
6224 6226 6225 6227 6228 6229 6226 6228 6227 
6208 6229 6228 6207 6229 6208 6207 6009 6229 
6207 6010 6009 6011 6010 6207 6211 6011 6207 
6000 6011 6211 6007 6213 6013 6014 6013 6213 
6215 6014 6213 6016 6014 6215 6217 6016 6215 
6018 6016 6217 6219 6018 6217 6219 6220 6230 
6219 6230 6018 6018 6230 6020 6022 6020 6231 
6020 6230 6231 6024 6022 6232 6022 6231 6232 
6222 6221 6026 6222 6026 6232 6232 6026 6024 
6028 6026 6221 6225 6028 6221 6030 6028 6225 
6227 6030 6225 6032 6030 6227 6229 6032 6227 
6009 6032 6229 6038 6233 6037 6038 6039 6234 
6233 6038 6234 6039 6040 6235 6234 6039 6235 
6040 6042 6235 6049 6236 6048 6049 6050 6237 
6236 6049 6237 6050 6051 6238 6237 6050 6238 
6239 6238 6051 6239 6051 6240 6240 6051 6052 
6233 6052 6037 6233 6241 6052 6241 6240 6052 
6234 6241 6233 6242 6241 6234 6235 6242 6234 
6243 6242 6235 6042 6243 6235 6042 6053 6243 
6053 6244 6243 6245 6246 6244 6245 6244 6054 
6054 6244 6053 6054 6055 6247 6245 6054 6247 
6055 6056 6248 6247 6055 6248 6056 6058 6248 
6063 6249 6062 6063 6064 6250 6249 6063 6250 
6064 6251 6250 6048 6251 6064 6048 6252 6251 
6048 6236 6252 6237 6252 6236 6253 6252 6237 
6238 6253 6237 6254 6253 6238 6239 6254 6238 
6245 6255 6246 6247 6255 6245 6256 6255 6247 
6248 6256 6247 6257 6256 6248 6258 6259 6257 
6065 6258 6257 6065 6257 6248 6065 6248 6058 
6065 6066 6260 6258 6065 6260 6066 6068 6260 
6072 6261 6071 6072 6073 6262 6261 6072 6262 
6073 6263 6262 6062 6263 6073 6062 6264 6263 
6062 6249 6264 6250 6264 6249 6265 6264 6250 
6251 6265 6250 6258 6266 6259 6260 6266 6258 
6267 6266 6260 6268 6269 6267 6074 6268 6267 
6074 6267 6260 6074 6260 6068 6074 6075 6270 
6268 6074 6270 6075 6077 6270 6080 6271 6079 
6080 6071 6261 6080 6261 6271 6271 6261 6272 
6273 6262 6274 6273 6272 6262 6272 6261 6262 
6263 6274 6262 6268 6275 6269 6275 6276 6277 
6275 6268 6276 6268 6270 6276 6077 6081 6278 
6077 6278 6270 6270 6278 6276 6081 6083 6278 
6086 6279 6085 6086 6280 6279 6079 6280 6086 
6079 6281 6280 6079 6271 6281 6272 6281 6271 
6282 6281 6272 6273 6282 6272 6276 6283 6277 
6278 6283 6276 6284 6283 6278 6285 6286 6284 
6087 6285 6284 6087 6284 6278 6087 6278 6083 
6087 6089 6285 6092 6287 6091 6092 6085 6279 
6092 6279 6287 6287 6279 6288 6289 6279 6280 
6288 6279 6289 6290 6286 6285 6291 6286 6290 
6089 6093 6292 6089 6292 6285 6285 6292 6290 
6093 6095 6292 6287 6293 6097 6091 6287 6097 
6294 6288 6295 6294 6293 6288 6293 6287 6288 
6289 6295 6288 6290 6296 6291 6296 6297 6298 
6296 6290 6297 6290 6292 6297 6095 6099 6297 
6292 6095 6297 6102 6299 6101 6102 6300 6299 
6097 6300 6102 6097 6301 6300 6097 6293 6301 
6294 6301 6293 6297 6302 6298 6303 6304 6302 
6103 6303 6302 6103 6302 6297 6103 6297 6099 
6103 6105 6303 6299 6305 6107 6101 6299 6107 
6306 6299 6300 6305 6299 6306 6307 6304 6303 
6308 6304 6307 6105 6109 6307 6303 6105 6307 
6112 6309 6111 6112 6310 6309 6107 6310 6112 
6107 6311 6310 6107 6305 6311 6306 6311 6305 
6307 6312 6308 6313 6314 6312 6113 6313 6312 
6113 6312 6307 6113 6307 6109 6113 6115 6313 
6309 6315 6117 6111 6309 6117 6316 6309 6310 
6315 6309 6316 6317 6314 6313 6318 6314 6317 
6115 6119 6317 6313 6115 6317 6315 6319 6121 
6117 6315 6121 6320 6315 6316 6319 6315 6320 
6321 6318 6317 6322 6318 6321 6119 6123 6321 
6317 6119 6321 6319 6323 6324 6319 6324 6121 
6121 6324 6125 6320 6323 6319 6321 6325 6322 
6325 6321 6123 6325 6123 6326 6326 6123 6127 
6128 6327 6129 6128 6328 6327 6128 6125 6328 
6125 6324 6328 6329 6127 6130 6329 6330 6127 
6330 6326 6127 6130 6131 6329 6327 6331 6132 
6129 6327 6132 6332 6327 6328 6331 6327 6332 
6333 6330 6329 6334 6330 6333 6131 6133 6333 
6329 6131 6333 6331 6335 6134 6132 6331 6134 
6336 6331 6332 6335 6331 6336 6337 6334 6333 
6338 6334 6337 6133 6135 6337 6333 6133 6337 
6134 6335 6136 6335 6138 6136 6335 6336 6138 
6336 6339 6138 6141 6338 6337 6141 6140 6338 
6140 6340 6338 6135 6141 6337 6341 6342 6143 
6341 6143 6339 6339 6143 6138 6341 6343 6342 
6344 6345 6346 6344 6346 6340 6344 6340 6145 
6145 6340 6140 6342 6347 6147 6143 6342 6147 
6348 6342 6343 6347 6342 6348 6349 6345 6344 
6350 6345 6349 6145 6149 6349 6344 6145 6349 
6347 6351 6151 6147 6347 6151 6352 6347 6348 
6351 6347 6352 6353 6350 6349 6354 6350 6353 
6149 6153 6353 6349 6149 6353 6151 6351 6154 
6156 6355 6356 6154 6355 6156 6154 6352 6355 
6154 6351 6352 6355 6357 6356 6358 6359 6360 
6354 6358 6360 6353 6358 6354 6353 6158 6358 
6353 6159 6158 6153 6159 6353 6356 6361 6161 
6156 6356 6161 6362 6356 6357 6361 6356 6362 
6363 6359 6358 6364 6359 6363 6158 6163 6363 
6358 6158 6363 6161 6361 6164 6166 6365 6366 
6164 6365 6166 6164 6362 6365 6164 6361 6362 
6365 6367 6366 6368 6369 6370 6364 6368 6370 
6363 6368 6364 6363 6168 6368 6363 6169 6168 
6163 6169 6363 6366 6371 6171 6166 6366 6171 
6372 6366 6367 6372 6373 6366 6373 6371 6366 
6372 6374 6373 6375 6376 6377 6369 6375 6377 
6369 6368 6375 6368 6378 6375 6168 6173 6378 
6368 6168 6378 6171 6371 6174 6176 6174 6371 
6176 6371 6379 6379 6371 6373 6380 6373 6374 
6379 6373 6380 6381 6376 6375 6382 6376 6381 
6179 6178 6381 6179 6381 6378 6378 6381 6375 
6173 6179 6378 6176 6379 6180 6182 6383 6384 
6180 6383 6182 6180 6380 6383 6180 6379 6380 
6384 6385 6386 6383 6385 6384 6385 6387 6386 
6388 6389 6390 6388 6391 6392 6390 6391 6388 
6382 6392 6391 6381 6392 6382 6381 6184 6392 
6381 6185 6184 6178 6185 6381 6182 6384 6186 
6188 6186 6384 6188 6384 6393 6393 6384 6386 
6394 6386 6387 6394 6395 6386 6395 6393 6386 
6394 6396 6395 6397 6398 6399 6389 6397 6399 
6389 6388 6397 6388 6400 6397 6191 6190 6400 
6191 6400 6392 6392 6400 6388 6184 6191 6392 
6188 6393 6192 6194 6192 6393 6395 6194 6393 
6196 6401 6402 6194 6401 6196 6194 6396 6401 
6194 6395 6396 6402 6403 6404 6401 6403 6402 
6403 6405 6404 6406 6407 6408 6406 6409 6410 
6408 6409 6406 6398 6410 6409 6397 6410 6398 
6397 6198 6410 6397 6199 6198 6200 6199 6397 
6400 6200 6397 6190 6200 6400 6196 6402 6202 
6204 6202 6402 6404 6204 6402 6206 6411 6412 
6204 6411 6206 6204 6405 6411 6204 6404 6405 
6412 6413 6414 6411 6413 6412 6414 6415 6416 
6413 6415 6414 6415 6417 6416 6418 6419 6420 
6418 6421 6422 6420 6421 6418 6422 6423 6424 
6421 6423 6422 6407 6424 6423 6406 6424 6407 
6406 6208 6424 6406 6209 6208 6210 6209 6406 
6410 6210 6406 6198 6210 6410 6206 6412 6212 
6214 6212 6412 6414 6214 6412 6216 6214 6414 
6416 6216 6414 6416 6417 6425 6416 6425 6216 
6216 6425 6218 6220 6426 6427 6220 6218 6426 
6218 6425 6426 6427 6428 6429 6426 6428 6427 
6429 6430 6431 6428 6430 6429 6431 6223 6222 
6431 6430 6223 6430 6432 6223 6419 6418 6224 
6419 6224 6432 6432 6224 6223 6226 6224 6418 
6422 6226 6418 6228 6226 6422 6424 6228 6422 
6208 6228 6424 6220 6427 6230 6231 6230 6427 
6429 6231 6427 6232 6231 6429 6431 6232 6429 
6222 6232 6431 6240 6433 6239 6240 6241 6434 
6433 6240 6434 6241 6242 6435 6434 6241 6435 
6242 6243 6436 6435 6242 6436 6243 6244 6437 
6436 6243 6437 6244 6246 6437 6252 6438 6251 
6252 6253 6439 6438 6252 6439 6253 6254 6440 
6439 6253 6440 6254 6239 6433 6254 6433 6440 
6440 6433 6441 6442 6434 6443 6442 6441 6434 
6441 6433 6434 6435 6443 6434 6444 6443 6435 
6436 6444 6435 6445 6444 6436 6445 6446 6447 
6445 6436 6446 6436 6437 6446 6246 6255 6448 
6246 6448 6437 6437 6448 6446 6255 6256 6449 
6448 6255 6449 6256 6257 6450 6449 6256 6450 
6257 6259 6450 6264 6451 6263 6264 6265 6452 
6451 6264 6452 6265 6453 6452 6251 6453 6265 
6251 6454 6453 6251 6438 6454 6439 6454 6438 
6455 6454 6439 6440 6455 6439 6456 6455 6440 
6441 6456 6440 6457 6456 6441 6442 6457 6441 
6446 6458 6447 6448 6458 6446 6459 6458 6448 
6449 6459 6448 6460 6459 6449 6450 6460 6449 
6461 6460 6450 6462 6463 6461 6266 6462 6461 
6266 6461 6450 6266 6450 6259 6266 6267 6464 
6462 6266 6464 6267 6269 6464 6274 6465 6273 
6274 6466 6465 6263 6466 6274 6263 6467 6466 
6263 6451 6467 6452 6467 6451 6468 6467 6452 
6453 6468 6452 6462 6469 6463 6464 6469 6462 
6470 6469 6464 6471 6472 6470 6275 6471 6470 
6275 6470 6464 6275 6464 6269 6275 6277 6471 
6281 6473 6280 6281 6282 6474 6473 6281 6474 
6282 6475 6474 6273 6475 6282 6273 6476 6475 
6273 6465 6476 6466 6476 6465 6471 6477 6472 
6478 6479 6477 6283 6478 6477 6283 6477 6471 
6283 6471 6277 6283 6284 6480 6478 6283 6480 
6284 6286 6480 6473 6481 6289 6280 6473 6289 
6482 6474 6483 6482 6481 6474 6481 6473 6474 
6475 6483 6474 6478 6484 6479 6484 6485 6486 
6484 6478 6485 6478 6480 6485 6286 6291 6485 
6480 6286 6485 6295 6487 6294 6295 6488 6487 
6289 6488 6295 6289 6489 6488 6289 6481 6489 
6482 6489 6481 6485 6490 6486 6491 6492 6490 
6296 6491 6490 6296 6490 6485 6296 6485 6291 
6296 6298 6491 6301 6493 6300 6301 6494 6493 
6294 6494 6301 6294 6495 6494 6294 6487 6495 
6488 6495 6487 6491 6496 6492 6497 6498 6496 
6302 6497 6496 6302 6496 6491 6302 6491 6298 
6302 6304 6497 6493 6499 6306 6300 6493 6306 
6500 6493 6494 6499 6493 6500 6501 6498 6497 
6502 6498 6501 6304 6308 6501 6497 6304 6501 
6311 6503 6310 6311 6504 6503 6306 6504 6311 
6306 6505 6504 6306 6499 6505 6500 6505 6499 
6501 6506 6502 6507 6508 6506 6312 6507 6506 
6312 6506 6501 6312 6501 6308 6312 6314 6507 
6503 6509 6316 6310 6503 6316 6510 6503 6504 
6509 6503 6510 6511 6508 6507 6512 6508 6511 
6314 6318 6511 6507 6314 6511 6509 6513 6320 
6316 6509 6320 6514 6509 6510 6513 6509 6514 
6515 6512 6511 6516 6512 6515 6318 6322 6515 
6511 6318 6515 6323 6517 6324 6323 6320 6513 
6323 6513 6517 6517 6513 6518 6519 6513 6514 
6518 6513 6519 6520 6516 6515 6521 6516 6520 
6322 6325 6522 6322 6522 6515 6515 6522 6520 
6325 6326 6522 6517 6523 6328 6324 6517 6328 
6524 6518 6525 6524 6523 6518 6523 6517 6518 
6519 6525 6518 6520 6526 6521 6526 6527 6528 
6526 6520 6527 6520 6522 6527 6326 6330 6527 
6522 6326 6527 6523 6529 6332 6328 6523 6332 
6530 6523 6524 6529 6523 6530 6531 6528 6527 
6532 6528 6531 6330 6334 6531 6527 6330 6531 
6529 6533 6336 6332 6529 6336 6534 6529 6530 
6533 6529 6534 6535 6532 6531 6536 6532 6535 
6334 6338 6535 6531 6334 6535 6533 6537 6339 
6336 6533 6339 6538 6533 6534 6538 6539 6533 
6539 6537 6533 6538 6540 6539 6541 6542 6543 
6536 6541 6543 6536 6535 6541 6535 6544 6541 
6338 6340 6544 6535 6338 6544 6339 6537 6341 
6343 6341 6537 6343 6537 6545 6545 6537 6539 
6546 6539 6540 6545 6539 6546 6547 6542 6541 
6548 6542 6547 6346 6345 6547 6346 6547 6544 
6544 6547 6541 6340 6346 6544 6545 6549 6348 
6343 6545 6348 6550 6545 6546 6549 6545 6550 
6551 6548 6547 6552 6548 6551 6345 6350 6551 
6547 6345 6551 6549 6553 6352 6348 6549 6352 
6554 6549 6550 6553 6549 6554 6555 6552 6551 
6556 6552 6555 6350 6354 6555 6551 6350 6555 
6352 6553 6355 6357 6557 6558 6355 6557 6357 
6355 6554 6557 6355 6553 6554 6557 6559 6558 
6560 6561 6562 6556 6560 6562 6555 6560 6556 
6555 6359 6560 6555 6360 6359 6354 6360 6555 
6558 6563 6362 6357 6558 6362 6564 6558 6559 
6563 6558 6564 6565 6561 6560 6566 6561 6565 
6359 6364 6565 6560 6359 6565 6362 6563 6365 
6367 6567 6568 6365 6567 6367 6365 6564 6567 
6365 6563 6564 6567 6569 6568 6570 6571 6572 
6566 6570 6572 6565 6570 6566 6565 6369 6570 
6565 6370 6369 6364 6370 6565 6367 6568 6372 
6374 6573 6574 6372 6573 6374 6372 6569 6573 
6372 6568 6569 6573 6575 6574 6576 6577 6578 
6571 6576 6578 6570 6576 6571 6570 6376 6576 
6570 6377 6376 6369 6377 6570 6574 6579 6380 
6374 6574 6380 6580 6574 6575 6580 6581 6574 
6581 6579 6574 6580 6582 6581 6583 6584 6585 
6577 6583 6585 6577 6576 6583 6576 6586 6583 
6376 6382 6586 6576 6376 6586 6380 6579 6383 
6385 6383 6579 6581 6385 6579 6387 6587 6588 
6385 6587 6387 6385 6582 6587 6385 6581 6582 
6587 6589 6588 6590 6591 6592 6584 6590 6592 
6583 6590 6584 6583 6389 6590 6583 6390 6389 
6391 6390 6583 6586 6391 6583 6382 6391 6586 
6387 6588 6394 6396 6593 6594 6394 6593 6396 
6394 6589 6593 6394 6588 6589 6594 6595 6596 
6593 6595 6594 6595 6597 6596 6598 6599 6600 
6598 6601 6602 6600 6601 6598 6591 6602 6601 
6590 6602 6591 6590 6398 6602 6590 6399 6398 
6389 6399 6590 6396 6594 6401 6403 6401 6594 
6596 6403 6594 6405 6603 6604 6403 6603 6405 
6403 6597 6603 6403 6596 6597 6604 6605 6606 
6603 6605 6604 6606 6607 6608 6605 6607 6606 
6608 6609 6610 6607 6609 6608 6609 6611 6610 
6612 6613 6614 6612 6615 6616 6614 6615 6612 
6616 6617 6618 6615 6617 6616 6618 6619 6620 
6617 6619 6618 6599 6620 6619 6598 6620 6599 
6598 6407 6620 6598 6408 6407 6409 6408 6598 
6602 6409 6598 6398 6409 6602 6405 6604 6411 
6413 6411 6604 6606 6413 6604 6415 6413 6606 
6608 6415 6606 6417 6415 6608 6417 6608 6621 
6621 6608 6610 6622 6610 6611 6622 6623 6610 
6623 6621 6610 6623 6624 6625 6622 6624 6623 
6625 6626 6627 6624 6626 6625 6613 6627 6626 
6613 6612 6627 6612 6628 6627 6420 6419 6628 
6420 6628 6616 6616 6628 6612 6421 6420 6616 
6618 6421 6616 6423 6421 6618 6620 6423 6618 
6407 6423 6620 6417 6621 6425 6426 6425 6621 
6623 6426 6621 6428 6426 6623 6625 6428 6623 
6430 6428 6625 6627 6430 6625 6432 6430 6627 
6628 6432 6627 6419 6432 6628 6443 6629 6442 
6443 6444 6630 6629 6443 6630 6444 6445 6631 
6630 6444 6631 6445 6447 6631 6454 6632 6453 
6454 6455 6633 6632 6454 6633 6455 6456 6634 
6633 6455 6634 6456 6457 6635 6634 6456 6635 
6457 6442 6629 6457 6629 6635 6635 6629 6636 
6630 6637 6629 6637 6636 6629 6631 6638 6630 
6638 6637 6630 6447 6458 6639 6447 6639 6631 
6631 6639 6638 6458 6459 6640 6639 6458 6640 
6459 6460 6641 6640 6459 6641 6460 6461 6642 
6641 6460 6642 6461 6463 6642 6467 6643 6466 
6467 6468 6644 6643 6467 6644 6468 6453 6632 
6468 6632 6644 6644 6632 6645 6646 6633 6647 
6646 6645 6633 6645 6632 6633 6634 6647 6633 
6648 6647 6634 6635 6648 6634 6649 6648 6635 
6636 6649 6635 6650 6649 6636 6637 6650 6636 
6651 6650 6637 6638 6651 6637 6652 6651 6638 
6639 6652 6638 6653 6652 6639 6640 6653 6639 
6654 6653 6640 6641 6654 6640 6655 6654 6641 
6655 6656 6657 6655 6641 6656 6641 6642 6656 
6463 6469 6658 6463 6658 6642 6642 6658 6656 
6469 6470 6659 6658 6469 6659 6470 6472 6659 
6476 6660 6475 6476 6466 6643 6476 6643 6660 
6660 6643 6661 6662 6644 6663 6662 6661 6644 
6661 6643 6644 6645 6663 6644 6664 6663 6645 
6646 6664 6645 6656 6665 6657 6658 6665 6656 
6666 6665 6658 6666 6667 6668 6666 6658 6667 
6658 6659 6667 6472 6477 6669 6472 6669 6659 
6659 6669 6667 6477 6479 6669 6483 6670 6482 
6483 6475 6660 6483 6660 6670 6670 6660 6671 
6672 6661 6673 6672 6671 6661 6671 6660 6661 
6662 6673 6661 6667 6674 6668 6674 6675 6676 
6674 6667 6675 6667 6669 6675 6479 6484 6677 
6479 6677 6669 6669 6677 6675 6484 6486 6677 
6489 6678 6488 6489 6482 6670 6489 6670 6678 
6678 6670 6679 6680 6671 6681 6680 6679 6671 
6679 6670 6671 6672 6681 6671 6675 6682 6676 
6682 6683 6684 6682 6675 6683 6675 6677 6683 
6486 6490 6685 6486 6685 6677 6677 6685 6683 
6490 6492 6685 6495 6686 6494 6495 6488 6678 
6495 6678 6686 6686 6678 6687 6688 6679 6689 
6688 6687 6679 6687 6678 6679 6680 6689 6679 
6683 6690 6684 6690 6691 6692 6690 6683 6691 
6683 6685 6691 6492 6496 6693 6492 6693 6685 
6685 6693 6691 6496 6498 6693 6686 6694 6500 
6494 6686 6500 6695 6687 6696 6695 6694 6687 
6694 6686 6687 6688 6696 6687 6691 6697 6692 
6697 6698 6699 6697 6691 6698 6691 6693 6698 
6498 6502 6698 6693 6498 6698 6505 6700 6504 
6505 6500 6694 6505 6694 6700 6700 6694 6701 
6702 6694 6695 6701 6694 6702 6703 6699 6698 
6704 6699 6703 6502 6506 6705 6502 6705 6698 
6698 6705 6703 6506 6508 6705 6700 6706 6510 
6504 6700 6510 6707 6701 6708 6707 6706 6701 
6706 6700 6701 6702 6708 6701 6703 6709 6704 
6709 6710 6711 6709 6703 6710 6703 6705 6710 
6508 6512 6710 6705 6508 6710 6706 6712 6514 
6510 6706 6514 6713 6706 6707 6712 6706 6713 
6714 6711 6710 6715 6711 6714 6512 6516 6714 
6710 6512 6714 6712 6716 6519 6514 6712 6519 
6717 6712 6713 6716 6712 6717 6718 6715 6714 
6719 6715 6718 6516 6521 6718 6714 6516 6718 
6525 6720 6524 6525 6519 6716 6525 6716 6720 
6720 6716 6721 6722 6716 6717 6721 6716 6722 
6723 6719 6718 6724 6719 6723 6521 6526 6725 
6521 6725 6718 6718 6725 6723 6526 6528 6725 
6720 6726 6530 6524 6720 6530 6721 6727 6720 
6727 6726 6720 6728 6721 6722 6727 6721 6728 
6729 6724 6723 6730 6724 6729 6725 6731 6723 
6731 6729 6723 6528 6532 6731 6725 6528 6731 
6726 6732 6534 6530 6726 6534 6727 6733 6726 
6733 6732 6726 6734 6727 6728 6733 6727 6734 
6735 6730 6729 6736 6730 6735 6731 6737 6729 
6737 6735 6729 6532 6536 6737 6731 6532 6737 
6534 6732 6538 6540 6538 6732 6540 6732 6738 
6738 6732 6733 6739 6733 6734 6738 6733 6739 
6740 6736 6735 6741 6736 6740 6543 6542 6740 
6543 6740 6737 6737 6740 6735 6536 6543 6737 
6738 6742 6546 6540 6738 6546 6743 6738 6739 
6742 6738 6743 6744 6741 6740 6745 6741 6744 
6542 6548 6744 6740 6542 6744 6742 6746 6550 
6546 6742 6550 6747 6742 6743 6746 6742 6747 
6748 6745 6744 6749 6745 6748 6548 6552 6748 
6744 6548 6748 6746 6750 6554 6550 6746 6554 
6751 6746 6747 6751 6752 6746 6752 6750 6746 
6751 6753 6752 6754 6755 6756 6749 6754 6756 
6749 6748 6754 6748 6757 6754 6552 6556 6757 
6748 6552 6757 6554 6750 6557 6559 6557 6750 
6559 6750 6758 6758 6750 6752 6759 6752 6753 
6758 6752 6759 6760 6755 6754 6761 6755 6760 
6562 6561 6760 6562 6760 6757 6757 6760 6754 
6556 6562 6757 6758 6762 6564 6559 6758 6564 
6763 6758 6759 6763 6764 6758 6764 6762 6758 
6763 6765 6764 6766 6767 6768 6761 6766 6768 
6761 6760 6766 6760 6769 6766 6561 6566 6769 
6760 6561 6769 6564 6762 6567 6569 6567 6762 
6569 6762 6770 6770 6762 6764 6771 6764 6765 
6771 6772 6764 6772 6770 6764 6771 6773 6772 
6774 6775 6776 6767 6774 6776 6767 6766 6774 
6766 6777 6774 6572 6571 6777 6572 6777 6769 
6769 6777 6766 6566 6572 6769 6569 6770 6573 
6575 6573 6770 6575 6770 6778 6778 6770 6772 
6779 6772 6773 6779 6780 6772 6780 6778 6772 
6779 6781 6780 6782 6783 6784 6775 6782 6784 
6775 6774 6782 6774 6785 6782 6578 6577 6785 
6578 6785 6777 6777 6785 6774 6571 6578 6777 
6575 6778 6580 6582 6580 6778 6582 6778 6786 
6786 6778 6780 6787 6780 6781 6787 6788 6780 
6788 6786 6780 6787 6789 6788 6790 6791 6792 
6783 6790 6792 6783 6782 6790 6782 6793 6790 
6585 6584 6793 6585 6793 6785 6785 6793 6782 
6577 6585 6785 6582 6786 6587 6589 6587 6786 
6589 6786 6794 6794 6786 6788 6795 6788 6789 
6795 6796 6788 6796 6794 6788 6796 6797 6798 
6795 6797 6796 6797 6799 6798 6800 6801 6802 
6800 6803 6804 6802 6803 6800 6791 6804 6803 
6791 6790 6804 6790 6805 6804 6592 6591 6805 
6592 6805 6793 6793 6805 6790 6584 6592 6793 
6589 6794 6593 6595 6593 6794 6796 6595 6794 
6597 6595 6796 6597 6796 6806 6806 6796 6798 
6807 6798 6799 6807 6808 6798 6808 6806 6798 
6808 6809 6810 6807 6809 6808 6810 6811 6812 
6809 6811 6810 6812 6813 6814 6811 6813 6812 
6814 6815 6816 6813 6815 6814 6816 6817 6818 
6815 6817 6816 6818 6819 6820 6817 6819 6818 
6820 6821 6822 6819 6821 6820 6822 6823 6824 
6821 6823 6822 6801 6824 6823 6801 6800 6824 
6800 6825 6824 6600 6599 6825 6600 6825 6804 
6804 6825 6800 6601 6600 6804 6805 6601 6804 
6591 6601 6805 6597 6806 6603 6605 6603 6806 
6808 6605 6806 6607 6605 6808 6810 6607 6808 
6609 6607 6810 6812 6609 6810 6611 6609 6812 
6611 6812 6826 6826 6812 6814 6816 6827 6814 
6827 6826 6814 6818 6828 6816 6828 6827 6816 
6614 6613 6828 6614 6828 6820 6820 6828 6818 
6615 6614 6820 6822 6615 6820 6617 6615 6822 
6824 6617 6822 6619 6617 6824 6825 6619 6824 
6599 6619 6825 6611 6826 6622 6624 6622 6826 
6827 6624 6826 6626 6624 6827 6828 6626 6827 
6613 6626 6828 6647 6829 6646 6647 6648 6830 
6829 6647 6830 6648 6649 6831 6830 6648 6831 
6649 6650 6832 6831 6649 6832 6650 6651 6833 
6832 6650 6833 6651 6652 6834 6833 6651 6834 
6652 6653 6835 6834 6652 6835 6653 6654 6836 
6835 6653 6836 6654 6655 6837 6836 6654 6837 
6655 6657 6837 6663 6838 6662 6663 6664 6839 
6838 6663 6839 6664 6646 6829 6664 6829 6839 
6839 6829 6840 6830 6841 6829 6841 6840 6829 
6842 6831 6843 6842 6841 6831 6841 6830 6831 
6832 6843 6831 6844 6843 6832 6833 6844 6832 
6845 6844 6833 6834 6845 6833 6846 6845 6834 
6835 6846 6834 6847 6846 6835 6847 6848 6849 
6847 6835 6848 6835 6836 6848 6837 6850 6836 
6850 6848 6836 6657 6665 6851 6657 6851 6837 
6837 6851 6850 6665 6666 6852 6851 6665 6852 
6666 6668 6852 6673 6853 6672 6673 6662 6838 
6673 6838 6853 6853 6838 6854 6855 6839 6856 
6855 6854 6839 6854 6838 6839 6840 6856 6839 
6857 6856 6840 6841 6857 6840 6858 6857 6841 
6842 6858 6841 6848 6859 6849 6850 6859 6848 
6860 6859 6850 6851 6860 6850 6861 6860 6851 
6861 6862 6863 6861 6851 6862 6851 6852 6862 
6668 6674 6864 6668 6864 6852 6852 6864 6862 
6674 6676 6864 6681 6865 6680 6681 6672 6853 
6681 6853 6865 6865 6853 6866 6867 6854 6868 
6867 6866 6854 6866 6853 6854 6855 6868 6854 
6862 6869 6863 6869 6870 6871 6869 6862 6870 
6862 6864 6870 6676 6682 6872 6676 6872 6864 
6864 6872 6870 6682 6684 6872 6689 6873 6688 
6689 6680 6865 6689 6865 6873 6873 6865 6874 
6875 6866 6876 6875 6874 6866 6874 6865 6866 
6867 6876 6866 6870 6877 6871 6877 6878 6879 
6877 6870 6878 6870 6872 6878 6684 6690 6880 
6684 6880 6872 6872 6880 6878 6690 6692 6880 
6696 6881 6695 6696 6688 6873 6696 6873 6881 
6881 6873 6882 6883 6874 6884 6883 6882 6874 
6882 6873 6874 6875 6884 6874 6878 6885 6879 
6885 6886 6887 6885 6878 6886 6878 6880 6886 
6692 6697 6888 6692 6888 6880 6880 6888 6886 
6697 6699 6888 6881 6889 6702 6695 6881 6702 
6890 6882 6891 6890 6889 6882 6889 6881 6882 
6883 6891 6882 6886 6892 6887 6892 6893 6894 
6892 6886 6893 6886 6888 6893 6699 6704 6893 
6888 6699 6893 6708 6895 6707 6708 6702 6889 
6708 6889 6895 6895 6889 6896 6897 6889 6890 
6896 6889 6897 6898 6894 6893 6899 6894 6898 
6704 6709 6900 6704 6900 6893 6893 6900 6898 
6709 6711 6900 6895 6901 6713 6707 6895 6713 
6896 6902 6895 6902 6901 6895 6903 6896 6897 
6902 6896 6903 6904 6899 6898 6905 6899 6904 
6900 6906 6898 6906 6904 6898 6711 6715 6906 
6900 6711 6906 6901 6907 6717 6713 6901 6717 
6908 6902 6909 6908 6907 6902 6907 6901 6902 
6903 6909 6902 6904 6910 6905 6910 6911 6912 
6910 6904 6911 6904 6906 6911 6715 6719 6911 
6906 6715 6911 6907 6913 6722 6717 6907 6722 
6914 6907 6908 6913 6907 6914 6915 6912 6911 
6916 6912 6915 6719 6724 6915 6911 6719 6915 
6913 6917 6728 6722 6913 6728 6918 6913 6914 
6917 6913 6918 6919 6916 6915 6920 6916 6919 
6724 6730 6919 6915 6724 6919 6917 6921 6734 
6728 6917 6734 6922 6917 6918 6921 6917 6922 
6923 6920 6919 6924 6920 6923 6730 6736 6923 
6919 6730 6923 6921 6925 6739 6734 6921 6739 
6926 6921 6922 6925 6921 6926 6927 6924 6923 
6928 6924 6927 6736 6741 6927 6923 6736 6927 
6925 6929 6743 6739 6925 6743 6930 6925 6926 
6930 6931 6925 6931 6929 6925 6930 6932 6931 
6933 6934 6935 6928 6933 6935 6928 6927 6933 
6927 6936 6933 6741 6745 6936 6927 6741 6936 
6929 6937 6747 6743 6929 6747 6931 6938 6929 
6938 6937 6929 6939 6931 6932 6938 6931 6939 
6940 6934 6933 6941 6934 6940 6936 6942 6933 
6942 6940 6933 6745 6749 6942 6936 6745 6942 
6747 6937 6751 6753 6751 6937 6753 6937 6943 
6943 6937 6938 6944 6938 6939 6943 6938 6944 
6945 6941 6940 6946 6941 6945 6756 6755 6945 
6756 6945 6942 6942 6945 6940 6749 6756 6942 
6943 6947 6759 6753 6943 6759 6948 6943 6944 
6948 6949 6943 6949 6947 6943 6948 6950 6949 
6951 6952 6953 6946 6951 6953 6946 6945 6951 
6945 6954 6951 6755 6761 6954 6945 6755 6954 
6759 6947 6763 6765 6763 6947 6765 6947 6955 
6955 6947 6949 6956 6949 6950 6956 6957 6949 
6957 6955 6949 6956 6958 6957 6959 6960 6961 
6952 6959 6961 6952 6951 6959 6951 6962 6959 
6768 6767 6962 6768 6962 6954 6954 6962 6951 
6761 6768 6954 6765 6955 6771 6773 6771 6955 
6773 6955 6963 6963 6955 6957 6964 6957 6958 
6964 6965 6957 6965 6963 6957 6964 6966 6965 
6967 6968 6969 6960 6967 6969 6960 6959 6967 
6959 6970 6967 6776 6775 6970 6776 6970 6962 
6962 6970 6959 6767 6776 6962 6773 6963 6779 
6781 6779 6963 6781 6963 6971 6971 6963 6965 
6972 6965 6966 6972 6973 6965 6973 6971 6965 
6972 6974 6973 6975 6976 6977 6968 6975 6977 
6968 6967 6975 6967 6978 6975 6784 6783 6978 
6784 6978 6970 6970 6978 6967 6775 6784 6970 
6781 6971 6787 6789 6787 6971 6789 6971 6979 
6979 6971 6973 6980 6973 6974 6980 6981 6973 
6981 6979 6973 6981 6982 6983 6980 6982 6981 
6983 6984 6985 6982 6984 6983 6984 6986 6985 
6987 6988 6989 6987 6990 6991 6989 6990 6987 
6991 6992 6993 6990 6992 6991 6976 6993 6992 
6976 6975 6993 6975 6994 6993 6792 6791 6994 
6792 6994 6978 6978 6994 6975 6783 6792 6978 
6789 6979 6795 6797 6795 6979 6981 6797 6979 
6799 6797 6981 6799 6981 6995 6995 6981 6983 
6985 6996 6983 6996 6995 6983 6997 6985 6986 
6997 6998 6985 6998 6996 6985 6998 6999 7000 
6997 6999 6998 7000 7001 7002 6999 7001 7000 
7002 7003 7004 7001 7003 7002 7004 7005 7006 
7003 7005 7004 6988 7006 7005 6988 6987 7006 
6987 7007 7006 6991 7008 6987 7008 7007 6987 
6802 6801 7008 6802 7008 6993 6993 7008 6991 
6803 6802 6993 6994 6803 6993 6791 6803 6994 
6799 6995 6807 6809 6807 6995 6996 6809 6995 
6811 6809 6996 6998 6811 6996 6813 6811 6998 
7000 6813 6998 6815 6813 7000 7002 6815 7000 
6817 6815 7002 7004 6817 7002 6819 6817 7004 
7006 6819 7004 6821 6819 7006 7007 6821 7006 
6823 6821 7007 7008 6823 7007 6801 6823 7008 
6843 7009 6842 6843 6844 7010 7009 6843 7010 
6844 6845 7011 7010 6844 7011 6845 6846 7012 
7011 6845 7012 6846 6847 7013 7012 6846 7013 
6847 6849 7013 6856 7014 6855 6856 6857 7015 
7014 6856 7015 6857 6858 7016 7015 6857 7016 
6858 6842 7009 6858 7009 7016 7016 7009 7017 
7010 7018 7009 7018 7017 7009 7011 7019 7010 
7019 7018 7010 7012 7020 7011 7020 7019 7011 
7013 7021 7012 7021 7020 7012 6849 6859 7022 
6849 7022 7013 7013 7022 7021 6859 6860 7023 
7022 6859 7023 6860 6861 7024 7023 6860 7024 
6861 6863 7024 6868 7025 6867 6868 6855 7014 
6868 7014 7025 7025 7014 7026 7015 7027 7014 
7027 7026 7014 7028 7016 7029 7028 7027 7016 
7027 7015 7016 7017 7029 7016 7030 7029 7017 
7018 7030 7017 7031 7030 7018 7019 7031 7018 
7032 7031 7019 7020 7032 7019 7033 7032 7020 
7021 7033 7020 7034 7033 7021 7022 7034 7021 
7035 7034 7022 7035 7036 7037 7035 7022 7036 
7022 7023 7036 7024 7038 7023 7038 7036 7023 
6863 6869 7039 6863 7039 7024 7024 7039 7038 
6869 6871 7039 6876 7040 6875 6876 6867 7025 
6876 7025 7040 7040 7025 7041 7026 7042 7025 
7042 7041 7025 7043 7027 7044 7043 7042 7027 
7042 7026 7027 7028 7044 7027 7036 7045 7037 
7045 7046 7047 7045 7036 7046 7036 7038 7046 
7039 7048 7038 7048 7046 7038 6871 6877 7049 
6871 7049 7039 7039 7049 7048 6877 6879 7049 
6884 7050 6883 6884 6875 7040 6884 7040 7050 
7050 7040 7051 7052 7041 7053 7052 7051 7041 
7051 7040 7041 7042 7053 7041 7054 7053 7042 
7043 7054 7042 7046 7055 7047 7048 7055 7046 
7056 7055 7048 7056 7057 7058 7056 7048 7057 
7048 7049 7057 6879 6885 7059 6879 7059 7049 
7049 7059 7057 6885 6887 7059 6891 7060 6890 
6891 6883 7050 6891 7050 7060 7060 7050 7061 
7051 7062 7050 7062 7061 7050 7063 7051 7052 
7062 7051 7063 7064 7058 7057 7065 7058 7064 
7059 7066 7057 7066 7064 7057 6887 6892 7067 
6887 7067 7059 7059 7067 7066 6892 6894 7067 
7060 7068 6897 6890 7060 6897 7061 7069 7060 
7069 7068 7060 7070 7062 7071 7070 7069 7062 
7069 7061 7062 7063 7071 7062 7064 7072 7065 
7072 7073 7074 7072 7064 7073 7064 7066 7073 
7067 7075 7066 7075 7073 7066 6894 6899 7075 
7067 6894 7075 7068 7076 6903 6897 7068 6903 
7077 7069 7078 7077 7076 7069 7076 7068 7069 
7070 7078 7069 7073 7079 7074 7079 7080 7081 
7079 7073 7080 7073 7075 7080 6899 6905 7080 
7075 6899 7080 6909 7082 6908 6909 6903 7076 
6909 7076 7082 7082 7076 7083 7084 7076 7077 
7083 7076 7084 7085 7081 7080 7086 7081 7085 
6905 6910 7087 6905 7087 7080 7080 7087 7085 
6910 6912 7087 7082 7088 6914 6908 7082 6914 
7083 7089 7082 7089 7088 7082 7090 7083 7084 
7089 7083 7090 7091 7086 7085 7092 7086 7091 
7087 7093 7085 7093 7091 7085 6912 6916 7093 
7087 6912 7093 7088 7094 6918 6914 7088 6918 
7089 7095 7088 7095 7094 7088 7096 7089 7090 
7095 7089 7096 7097 7092 7091 7098 7092 7097 
7093 7099 7091 7099 7097 7091 6916 6920 7099 
7093 6916 7099 7094 7100 6922 6918 7094 6922 
7095 7101 7094 7101 7100 7094 7102 7095 7096 
7101 7095 7102 7103 7098 7097 7104 7098 7103 
7099 7105 7097 7105 7103 7097 6920 6924 7105 
7099 6920 7105 7100 7106 6926 6922 7100 6926 
7101 7107 7100 7107 7106 7100 7108 7101 7102 
7107 7101 7108 7109 7104 7103 7110 7104 7109 
7105 7111 7103 7111 7109 7103 6924 6928 7111 
7105 6924 7111 6926 7106 6930 6932 6930 7106 
6932 7106 7112 7112 7106 7107 7113 7107 7108 
7112 7107 7113 7114 7110 7109 7115 7110 7114 
6935 6934 7114 6935 7114 7111 7111 7114 7109 
6928 6935 7111 7112 7116 6939 6932 7112 6939 
7117 7112 7113 7117 7118 7112 7118 7116 7112 
7117 7119 7118 7120 7121 7122 7115 7120 7122 
7115 7114 7120 7114 7123 7120 6934 6941 7123 
7114 6934 7123 7116 7124 6944 6939 7116 6944 
7118 7125 7116 7125 7124 7116 7126 7118 7119 
7126 7127 7118 7127 7125 7118 7126 7128 7127 
7129 7130 7131 7121 7129 7131 7121 7120 7129 
7120 7132 7129 7123 7133 7120 7133 7132 7120 
6941 6946 7133 7123 6941 7133 6944 7124 6948 
6950 6948 7124 6950 7124 7134 7134 7124 7125 
7127 7135 7125 7135 7134 7125 7136 7127 7128 
7135 7127 7136 7137 7130 7129 7138 7130 7137 
7132 7139 7129 7139 7137 7129 6953 6952 7139 
6953 7139 7133 7133 7139 7132 6946 6953 7133 
6950 7134 6956 6958 6956 7134 6958 7134 7140 
7140 7134 7135 7141 7135 7136 7141 7142 7135 
7142 7140 7135 7142 7143 7144 7141 7143 7142 
7143 7145 7144 7146 7147 7148 7146 7149 7150 
7148 7149 7146 7138 7150 7149 7138 7137 7150 
7137 7151 7150 6961 6960 7151 6961 7151 7139 
7139 7151 7137 6952 6961 7139 6958 7140 6964 
6966 6964 7140 6966 7140 7152 7152 7140 7142 
7144 7153 7142 7153 7152 7142 7154 7144 7145 
7154 7155 7144 7155 7153 7144 7154 7156 7155 
7157 7158 7159 7147 7157 7159 7147 7146 7157 
7146 7160 7157 7150 7161 7146 7161 7160 7146 
6969 6968 7161 6969 7161 7151 7151 7161 7150 
6960 6969 7151 6966 7152 6972 6974 6972 7152 
6974 7152 7162 7162 7152 7153 7155 7163 7153 
7163 7162 7153 7164 7155 7156 7164 7165 7155 
7165 7163 7155 7165 7166 7167 7164 7166 7165 
7167 7168 7169 7166 7168 7167 7169 7170 7171 
7168 7170 7169 7171 7172 7173 7170 7172 7171 
7173 7174 7175 7172 7174 7173 7175 7176 7177 
7174 7176 7175 7158 7177 7176 7158 7157 7177 
7157 7178 7177 7160 7179 7157 7179 7178 7157 
6977 6976 7179 6977 7179 7161 7161 7179 7160 
6968 6977 7161 6974 7162 6980 6982 6980 7162 
7163 6982 7162 6984 6982 7163 7165 6984 7163 
6986 6984 7165 6986 7165 7180 7180 7165 7167 
7169 7181 7167 7181 7180 7167 7171 7182 7169 
7182 7181 7169 7173 7183 7171 7183 7182 7171 
7175 7184 7173 7184 7183 7173 6989 6988 7184 
6989 7184 7177 7177 7184 7175 6990 6989 7177 
7178 6990 7177 6992 6990 7178 7179 6992 7178 
6976 6992 7179 6986 7180 6997 6999 6997 7180 
7181 6999 7180 7001 6999 7181 7182 7001 7181 
7003 7001 7182 7183 7003 7182 7005 7003 7183 
7184 7005 7183 6988 7005 7184 7029 7185 7028 
7029 7030 7186 7185 7029 7186 7030 7031 7187 
7186 7030 7187 7031 7032 7188 7187 7031 7188 
7032 7033 7189 7188 7032 7189 7033 7034 7190 
7189 7033 7190 7034 7035 7191 7190 7034 7191 
7035 7037 7191 7044 7192 7043 7044 7028 7185 
7044 7185 7192 7192 7185 7193 7186 7194 7185 
7194 7193 7185 7187 7195 7186 7195 7194 7186 
7188 7196 7187 7196 7195 7187 7189 7197 7188 
7197 7196 7188 7190 7198 7189 7198 7197 7189 
7191 7199 7190 7199 7198 7190 7037 7045 7200 
7037 7200 7191 7191 7200 7199 7045 7047 7200 
7053 7201 7052 7053 7054 7202 7201 7053 7202 
7054 7043 7192 7054 7192 7202 7202 7192 7203 
7193 7204 7192 7204 7203 7192 7194 7205 7193 
7205 7204 7193 7195 7206 7194 7206 7205 7194 
7207 7196 7208 7207 7206 7196 7206 7195 7196 
7208 7209 7210 7208 7196 7209 7196 7197 7209 
7198 7211 7197 7211 7209 7197 7199 7212 7198 
7212 7211 7198 7200 7213 7199 7213 7212 7199 
7047 7055 7214 7047 7214 7200 7200 7214 7213 
7055 7056 7215 7214 7055 7215 7056 7058 7215 
7201 7216 7063 7052 7201 7063 7202 7217 7201 
7217 7216 7201 7203 7218 7202 7218 7217 7202 
7219 7204 7220 7219 7218 7204 7218 7203 7204 
7205 7220 7204 7221 7220 7205 7206 7221 7205 
7222 7221 7206 7207 7222 7206 7209 7223 7210 
7211 7223 7209 7224 7223 7211 7212 7224 7211 
7225 7224 7212 7225 7226 7227 7225 7212 7226 
7212 7213 7226 7214 7228 7213 7228 7226 7213 
7215 7229 7214 7229 7228 7214 7058 7065 7229 
7215 7058 7229 7071 7230 7070 7071 7063 7216 
7071 7216 7230 7230 7216 7231 7217 7232 7216 
7232 7231 7216 7233 7218 7234 7233 7232 7218 
7232 7217 7218 7219 7234 7218 7226 7235 7227 
7235 7236 7237 7235 7226 7236 7226 7228 7236 
7229 7238 7228 7238 7236 7228 7065 7072 7239 
7065 7239 7229 7229 7239 7238 7072 7074 7239 
7078 7240 7077 7078 7070 7230 7078 7230 7240 
7240 7230 7241 7231 7242 7230 7242 7241 7230 
7243 7232 7244 7243 7242 7232 7242 7231 7232 
7233 7244 7232 7236 7245 7237 7245 7246 7247 
7245 7236 7246 7236 7238 7246 7239 7248 7238 
7248 7246 7238 7074 7079 7249 7074 7249 7239 
7239 7249 7248 7079 7081 7249 7240 7250 7084 
7077 7240 7084 7241 7251 7240 7251 7250 7240 
7242 7252 7241 7252 7251 7241 7253 7242 7243 
7252 7242 7253 7254 7247 7246 7255 7247 7254 
7248 7256 7246 7256 7254 7246 7249 7257 7248 
7257 7256 7248 7081 7086 7257 7249 7081 7257 
7250 7258 7090 7084 7250 7090 7251 7259 7250 
7259 7258 7250 7252 7260 7251 7260 7259 7251 
7261 7252 7253 7260 7252 7261 7262 7255 7254 
7263 7255 7262 7256 7264 7254 7264 7262 7254 
7257 7265 7256 7265 7264 7256 7086 7092 7265 
7257 7086 7265 7258 7266 7096 7090 7258 7096 
7259 7267 7258 7267 7266 7258 7268 7260 7269 
7268 7267 7260 7267 7259 7260 7261 7269 7260 
7262 7270 7263 7270 7271 7272 7270 7262 7271 
7262 7264 7271 7265 7273 7264 7273 7271 7264 
7092 7098 7273 7265 7092 7273 7266 7274 7102 
7096 7266 7102 7267 7275 7266 7275 7274 7266 
7276 7267 7268 7276 7277 7267 7277 7275 7267 
7276 7278 7277 7279 7280 7281 7272 7279 7281 
7272 7271 7279 7271 7282 7279 7273 7283 7271 
7283 7282 7271 7098 7104 7283 7273 7098 7283 
7274 7284 7108 7102 7274 7108 7275 7285 7274 
7285 7284 7274 7277 7286 7275 7286 7285 7275 
7287 7277 7278 7286 7277 7287 7288 7280 7279 
7289 7280 7288 7282 7290 7279 7290 7288 7279 
7283 7291 7282 7291 7290 7282 7104 7110 7291 
7283 7104 7291 7284 7292 7113 7108 7284 7113 
7285 7293 7284 7293 7292 7284 7286 7294 7285 
7294 7293 7285 7295 7286 7287 7294 7286 7295 
7296 7289 7288 7297 7289 7296 7290 7298 7288 
7298 7296 7288 7291 7299 7290 7299 7298 7290 
7110 7115 7299 7291 7110 7299 7113 7292 7117 
7119 7117 7292 7119 7292 7300 7300 7292 7293 
7294 7301 7293 7301 7300 7293 7302 7294 7295 
7302 7303 7294 7303 7301 7294 7302 7304 7303 
7305 7306 7307 7297 7305 7307 7297 7296 7305 
7296 7308 7305 7298 7309 7296 7309 7308 7296 
7122 7121 7309 7122 7309 7299 7299 7309 7298 
7115 7122 7299 7119 7300 7126 7128 7126 7300 
7128 7300 7310 7310 7300 7301 7303 7311 7301 
7311 7310 7301 7312 7303 7304 7312 7313 7303 
7313 7311 7303 7312 7314 7313 7315 7316 7317 
7306 7315 7317 7306 7305 7315 7305 7318 7315 
7308 7319 7305 7319 7318 7305 7131 7130 7319 
7131 7319 7309 7309 7319 7308 7121 7131 7309 
7310 7320 7136 7128 7310 7136 7311 7321 7310 
7321 7320 7310 7313 7322 7311 7322 7321 7311 
7323 7313 7314 7323 7324 7313 7324 7322 7313 
7324 7325 7326 7323 7325 7324 7326 7327 7328 
7325 7327 7326 7327 7329 7328 7330 7331 7332 
7330 7333 7334 7332 7333 7330 7334 7335 7336 
7333 7335 7334 7316 7336 7335 7316 7315 7336 
7315 7337 7336 7318 7338 7315 7338 7337 7315 
7319 7339 7318 7339 7338 7318 7130 7138 7339 
7319 7130 7339 7136 7320 7141 7143 7141 7320 
7321 7143 7320 7145 7143 7321 7145 7321 7340 
7340 7321 7322 7324 7341 7322 7341 7340 7322 
7326 7342 7324 7342 7341 7324 7328 7343 7326 
7343 7342 7326 7344 7328 7329 7344 7345 7328 
7345 7343 7328 7331 7345 7344 7331 7330 7345 
7330 7346 7345 7334 7347 7330 7347 7346 7330 
7336 7348 7334 7348 7347 7334 7337 7349 7336 
7349 7348 7336 7148 7147 7349 7148 7349 7338 
7338 7349 7337 7149 7148 7338 7339 7149 7338 
7138 7149 7339 7145 7340 7154 7156 7154 7340 
7156 7340 7350 7350 7340 7341 7342 7351 7341 
7351 7350 7341 7343 7352 7342 7352 7351 7342 
7345 7353 7343 7353 7352 7343 7346 7354 7345 
7354 7353 7345 7347 7355 7346 7355 7354 7346 
7348 7356 7347 7356 7355 7347 7159 7158 7356 
7159 7356 7349 7349 7356 7348 7147 7159 7349 
7156 7350 7164 7166 7164 7350 7351 7166 7350 
7168 7166 7351 7352 7168 7351 7170 7168 7352 
7353 7170 7352 7172 7170 7353 7354 7172 7353 
7174 7172 7354 7355 7174 7354 7176 7174 7355 
7356 7176 7355 7158 7176 7356 7208 7357 7207 
7208 7210 7357 7220 7358 7219 7220 7221 7359 
7358 7220 7359 7221 7222 7360 7359 7221 7360 
7222 7207 7357 7222 7357 7360 7360 7357 7361 
7210 7223 7362 7210 7362 7357 7357 7362 7361 
7223 7224 7363 7362 7223 7363 7224 7225 7364 
7363 7224 7364 7225 7227 7364 7234 7365 7233 
7234 7219 7358 7234 7358 7365 7365 7358 7366 
7359 7367 7358 7367 7366 7358 7360 7368 7359 
7368 7367 7359 7361 7369 7360 7369 7368 7360 
7362 7370 7361 7370 7369 7361 7363 7371 7362 
7371 7370 7362 7364 7372 7363 7372 7371 7363 
7227 7235 7373 7227 7373 7364 7364 7373 7372 
7235 7237 7373 7244 7374 7243 7244 7233 7365 
7244 7365 7374 7374 7365 7375 7366 7376 7365 
7376 7375 7365 7367 7377 7366 7377 7376 7366 
7368 7378 7367 7378 7377 7367 7369 7379 7368 
7379 7378 7368 7370 7380 7369 7380 7379 7369 
7371 7381 7370 7381 7380 7370 7372 7382 7371 
7382 7381 7371 7373 7383 7372 7383 7382 7372 
7237 7245 7384 7237 7384 7373 7373 7384 7383 
7245 7247 7384 7374 7385 7253 7243 7374 7253 
7375 7386 7374 7386 7385 7374 7376 7387 7375 
7387 7386 7375 7377 7388 7376 7388 7387 7376 
7378 7389 7377 7389 7388 7377 7379 7390 7378 
7390 7389 7378 7380 7391 7379 7391 7390 7379 
7381 7392 7380 7392 7391 7380 7382 7393 7381 
7393 7392 7381 7383 7394 7382 7394 7393 7382 
7384 7395 7383 7395 7394 7383 7247 7255 7395 
7384 7247 7395 7385 7396 7261 7253 7385 7261 
7386 7397 7385 7397 7396 7385 7387 7398 7386 
7398 7397 7386 7388 7399 7387 7399 7398 7387 
7389 7400 7388 7400 7399 7388 7390 7401 7389 
7401 7400 7389 7391 7402 7390 7402 7401 7390 
7392 7403 7391 7403 7402 7391 7393 7404 7392 
7404 7403 7392 7394 7405 7393 7405 7404 7393 
7395 7406 7394 7406 7405 7394 7255 7263 7406 
7395 7255 7406 7269 7407 7268 7269 7261 7396 
7269 7396 7407 7407 7396 7408 7397 7409 7396 
7409 7408 7396 7398 7410 7397 7410 7409 7397 
7399 7411 7398 7411 7410 7398 7400 7412 7399 
7412 7411 7399 7401 7413 7400 7413 7412 7400 
7402 7414 7401 7414 7413 7401 7403 7415 7402 
7415 7414 7402 7404 7416 7403 7416 7415 7403 
7405 7417 7404 7417 7416 7404 7406 7418 7405 
7418 7417 7405 7263 7270 7419 7263 7419 7406 
7406 7419 7418 7270 7272 7419 7268 7407 7276 
7278 7276 7407 7278 7407 7420 7420 7407 7408 
7409 7421 7408 7421 7420 7408 7410 7422 7409 
7422 7421 7409 7411 7423 7410 7423 7422 7410 
7412 7424 7411 7424 7423 7411 7413 7425 7412 
7425 7424 7412 7414 7426 7413 7426 7425 7413 
7415 7427 7414 7427 7426 7414 7416 7428 7415 
7428 7427 7415 7417 7429 7416 7429 7428 7416 
7418 7430 7417 7430 7429 7417 7281 7280 7430 
7281 7430 7419 7419 7430 7418 7272 7281 7419 
7420 7431 7287 7278 7420 7287 7421 7432 7420 
7432 7431 7420 7422 7433 7421 7433 7432 7421 
7423 7434 7422 7434 7433 7422 7424 7435 7423 
7435 7434 7423 7425 7436 7424 7436 7435 7424 
7426 7437 7425 7437 7436 7425 7427 7438 7426 
7438 7437 7426 7428 7439 7427 7439 7438 7427 
7429 7440 7428 7440 7439 7428 7430 7441 7429 
7441 7440 7429 7280 7289 7441 7430 7280 7441 
7431 7442 7295 7287 7431 7295 7432 7443 7431 
7443 7442 7431 7433 7444 7432 7444 7443 7432 
7434 7445 7433 7445 7444 7433 7435 7446 7434 
7446 7445 7434 7436 7447 7435 7447 7446 7435 
7437 7448 7436 7448 7447 7436 7438 7449 7437 
7449 7448 7437 7439 7450 7438 7450 7449 7438 
7440 7451 7439 7451 7450 7439 7441 7452 7440 
7452 7451 7440 7289 7297 7452 7441 7289 7452 
7295 7442 7302 7304 7302 7442 7304 7442 7453 
7453 7442 7443 7444 7454 7443 7454 7453 7443 
7445 7455 7444 7455 7454 7444 7446 7456 7445 
7456 7455 7445 7447 7457 7446 7457 7456 7446 
7448 7458 7447 7458 7457 7447 7449 7459 7448 
7459 7458 7448 7450 7460 7449 7460 7459 7449 
7451 7461 7450 7461 7460 7450 7307 7306 7461 
7307 7461 7452 7452 7461 7451 7297 7307 7452 
7304 7453 7312 7314 7312 7453 7314 7453 7462 
7462 7453 7454 7455 7463 7454 7463 7462 7454 
7456 7464 7455 7464 7463 7455 7457 7465 7456 
7465 7464 7456 7458 7466 7457 7466 7465 7457 
7459 7467 7458 7467 7466 7458 7460 7468 7459 
7468 7467 7459 7317 7316 7468 7317 7468 7461 
7461 7468 7460 7306 7317 7461 7314 7462 7323 
7325 7323 7462 7463 7325 7462 7327 7325 7463 
7464 7327 7463 7329 7327 7464 7329 7464 7469 
7469 7464 7465 7332 7331 7469 7332 7469 7466 
7466 7469 7465 7333 7332 7466 7467 7333 7466 
7335 7333 7467 7468 7335 7467 7316 7335 7468 
7329 7469 7344 7331 7344 7469 
POINT_DATA 7470
SCALARS scalars float
LOOKUP_TABLE default
0.5 0.5 0.5 0.5 0.5 0.5 0.5 0.5 0.5 
0.5 0.5 0.5 0.5 0.5 0.5 0.5 0.5 0.5 
0.5 0.5 0.5 0.5 0.5 0.5 0.5 0.5 0.5 
0.5 0.5 0.5 0.5 0.5 0.5 0.5 0.5 0.5 
0.5 0.5 0.5 0.5 0.5 0.5 0.5 0.5 0.5 
0.5 0.5 0.5 0.5 0.5 0.5 0.5 0.5 0.5 
0.5 0.5 0.5 0.5 0.5 0.5 0.5 0.5 0.5 
0.5 0.5 0.5 0.5 0.5 0.5 0.5 0.5 0.5 
0.5 0.5 0.5 0.5 0.5 0.5 0.5 0.5 0.5 
0.5 0.5 0.5 0.5 0.5 0.5 0.5 0.5 0.5 
0.5 0.5 0.5 0.5 0.5 0.5 0.5 0.5 0.5 
0.5 0.5 0.5 0.5 0.5 0.5 0.5 0.5 0.5 
0.5 0.5 0.5 0.5 0.5 0.5 0.5 0.5 0.5 
0.5 0.5 0.5 0.5 0.5 0.5 0.5 0.5 0.5 
0.5 0.5 0.5 0.5 0.5 0.5 0.5 0.5 0.5 
0.5 0.5 0.5 0.5 0.5 0.5 0.5 0.5 0.5 
0.5 0.5 0.5 0.5 0.5 0.5 0.5 0.5 0.5 
0.5 0.5 0.5 0.5 0.5 0.5 0.5 0.5 0.5 
0.5 0.5 0.5 0.5 0.5 0.5 0.5 0.5 0.5 
0.5 0.5 0.5 0.5 0.5 0.5 0.5 0.5 0.5 
0.5 0.5 0.5 0.5 0.5 0.5 0.5 0.5 0.5 
0.5 0.5 0.5 0.5 0.5 0.5 0.5 0.5 0.5 
0.5 0.5 0.5 0.5 0.5 0.5 0.5 0.5 0.5 
0.5 0.5 0.5 0.5 0.5 0.5 0.5 0.5 0.5 
0.5 0.5 0.5 0.5 0.5 0.5 0.5 0.5 0.5 
0.5 0.5 0.5 0.5 0.5 0.5 0.5 0.5 0.5 
0.5 0.5 0.5 0.5 0.5 0.5 0.5 0.5 0.5 
0.5 0.5 0.5 0.5 0.5 0.5 0.5 0.5 0.5 
0.5 0.5 0.5 0.5 0.5 0.5 0.5 0.5 0.5 
0.5 0.5 0.5 0.5 0.5 0.5 0.5 0.5 0.5 
0.5 0.5 0.5 0.5 0.5 0.5 0.5 0.5 0.5 
0.5 0.5 0.5 0.5 0.5 0.5 0.5 0.5 0.5 
0.5 0.5 0.5 0.5 0.5 0.5 0.5 0.5 0.5 
0.5 0.5 0.5 0.5 0.5 0.5 0.5 0.5 0.5 
0.5 0.5 0.5 0.5 0.5 0.5 0.5 0.5 0.5 
0.5 0.5 0.5 0.5 0.5 0.5 0.5 0.5 0.5 
0.5 0.5 0.5 0.5 0.5 0.5 0.5 0.5 0.5 
0.5 0.5 0.5 0.5 0.5 0.5 0.5 0.5 0.5 
0.5 0.5 0.5 0.5 0.5 0.5 0.5 0.5 0.5 
0.5 0.5 0.5 0.5 0.5 0.5 0.5 0.5 0.5 
0.5 0.5 0.5 0.5 0.5 0.5 0.5 0.5 0.5 
0.5 0.5 0.5 0.5 0.5 0.5 0.5 0.5 0.5 
0.5 0.5 0.5 0.5 0.5 0.5 0.5 0.5 0.5 
0.5 0.5 0.5 0.5 0.5 0.5 0.5 0.5 0.5 
0.5 0.5 0.5 0.5 0.5 0.5 0.5 0.5 0.5 
0.5 0.5 0.5 0.5 0.5 0.5 0.5 0.5 0.5 
0.5 0.5 0.5 0.5 0.5 0.5 0.5 0.5 0.5 
0.5 0.5 0.5 0.5 0.5 0.5 0.5 0.5 0.5 
0.5 0.5 0.5 0.5 0.5 0.5 0.5 0.5 0.5 
0.5 0.5 0.5 0.5 0.5 0.5 0.5 0.5 0.5 
0.5 0.5 0.5 0.5 0.5 0.5 0.5 0.5 0.5 
0.5 0.5 0.5 0.5 0.5 0.5 0.5 0.5 0.5 
0.5 0.5 0.5 0.5 0.5 0.5 0.5 0.5 0.5 
0.5 0.5 0.5 0.5 0.5 0.5 0.5 0.5 0.5 
0.5 0.5 0.5 0.5 0.5 0.5 0.5 0.5 0.5 
0.5 0.5 0.5 0.5 0.5 0.5 0.5 0.5 0.5 
0.5 0.5 0.5 0.5 0.5 0.5 0.5 0.5 0.5 
0.5 0.5 0.5 0.5 0.5 0.5 0.5 0.5 0.5 
0.5 0.5 0.5 0.5 0.5 0.5 0.5 0.5 0.5 
0.5 0.5 0.5 0.5 0.5 0.5 0.5 0.5 0.5 
0.5 0.5 0.5 0.5 0.5 0.5 0.5 0.5 0.5 
0.5 0.5 0.5 0.5 0.5 0.5 0.5 0.5 0.5 
0.5 0.5 0.5 0.5 0.5 0.5 0.5 0.5 0.5 
0.5 0.5 0.5 0.5 0.5 0.5 0.5 0.5 0.5 
0.5 0.5 0.5 0.5 0.5 0.5 0.5 0.5 0.5 
0.5 0.5 0.5 0.5 0.5 0.5 0.5 0.5 0.5 
0.5 0.5 0.5 0.5 0.5 0.5 0.5 0.5 0.5 
0.5 0.5 0.5 0.5 0.5 0.5 0.5 0.5 0.5 
0.5 0.5 0.5 0.5 0.5 0.5 0.5 0.5 0.5 
0.5 0.5 0.5 0.5 0.5 0.5 0.5 0.5 0.5 
0.5 0.5 0.5 0.5 0.5 0.5 0.5 0.5 0.5 
0.5 0.5 0.5 0.5 0.5 0.5 0.5 0.5 0.5 
0.5 0.5 0.5 0.5 0.5 0.5 0.5 0.5 0.5 
0.5 0.5 0.5 0.5 0.5 0.5 0.5 0.5 0.5 
0.5 0.5 0.5 0.5 0.5 0.5 0.5 0.5 0.5 
0.5 0.5 0.5 0.5 0.5 0.5 0.5 0.5 0.5 
0.5 0.5 0.5 0.5 0.5 0.5 0.5 0.5 0.5 
0.5 0.5 0.5 0.5 0.5 0.5 0.5 0.5 0.5 
0.5 0.5 0.5 0.5 0.5 0.5 0.5 0.5 0.5 
0.5 0.5 0.5 0.5 0.5 0.5 0.5 0.5 0.5 
0.5 0.5 0.5 0.5 0.5 0.5 0.5 0.5 0.5 
0.5 0.5 0.5 0.5 0.5 0.5 0.5 0.5 0.5 
0.5 0.5 0.5 0.5 0.5 0.5 0.5 0.5 0.5 
0.5 0.5 0.5 0.5 0.5 0.5 0.5 0.5 0.5 
0.5 0.5 0.5 0.5 0.5 0.5 0.5 0.5 0.5 
0.5 0.5 0.5 0.5 0.5 0.5 0.5 0.5 0.5 
0.5 0.5 0.5 0.5 0.5 0.5 0.5 0.5 0.5 
0.5 0.5 0.5 0.5 0.5 0.5 0.5 0.5 0.5 
0.5 0.5 0.5 0.5 0.5 0.5 0.5 0.5 0.5 
0.5 0.5 0.5 0.5 0.5 0.5 0.5 0.5 0.5 
0.5 0.5 0.5 0.5 0.5 0.5 0.5 0.5 0.5 
0.5 0.5 0.5 0.5 0.5 0.5 0.5 0.5 0.5 
0.5 0.5 0.5 0.5 0.5 0.5 0.5 0.5 0.5 
0.5 0.5 0.5 0.5 0.5 0.5 0.5 0.5 0.5 
0.5 0.5 0.5 0.5 0.5 0.5 0.5 0.5 0.5 
0.5 0.5 0.5 0.5 0.5 0.5 0.5 0.5 0.5 
0.5 0.5 0.5 0.5 0.5 0.5 0.5 0.5 0.5 
0.5 0.5 0.5 0.5 0.5 0.5 0.5 0.5 0.5 
0.5 0.5 0.5 0.5 0.5 0.5 0.5 0.5 0.5 
0.5 0.5 0.5 0.5 0.5 0.5 0.5 0.5 0.5 
0.5 0.5 0.5 0.5 0.5 0.5 0.5 0.5 0.5 
0.5 0.5 0.5 0.5 0.5 0.5 0.5 0.5 0.5 
0.5 0.5 0.5 0.5 0.5 0.5 0.5 0.5 0.5 
0.5 0.5 0.5 0.5 0.5 0.5 0.5 0.5 0.5 
0.5 0.5 0.5 0.5 0.5 0.5 0.5 0.5 0.5 
0.5 0.5 0.5 0.5 0.5 0.5 0.5 0.5 0.5 
0.5 0.5 0.5 0.5 0.5 0.5 0.5 0.5 0.5 
0.5 0.5 0.5 0.5 0.5 0.5 0.5 0.5 0.5 
0.5 0.5 0.5 0.5 0.5 0.5 0.5 0.5 0.5 
0.5 0.5 0.5 0.5 0.5 0.5 0.5 0.5 0.5 
0.5 0.5 0.5 0.5 0.5 0.5 0.5 0.5 0.5 
0.5 0.5 0.5 0.5 0.5 0.5 0.5 0.5 0.5 
0.5 0.5 0.5 0.5 0.5 0.5 0.5 0.5 0.5 
0.5 0.5 0.5 0.5 0.5 0.5 0.5 0.5 0.5 
0.5 0.5 0.5 0.5 0.5 0.5 0.5 0.5 0.5 
0.5 0.5 0.5 0.5 0.5 0.5 0.5 0.5 0.5 
0.5 0.5 0.5 0.5 0.5 0.5 0.5 0.5 0.5 
0.5 0.5 0.5 0.5 0.5 0.5 0.5 0.5 0.5 
0.5 0.5 0.5 0.5 0.5 0.5 0.5 0.5 0.5 
0.5 0.5 0.5 0.5 0.5 0.5 0.5 0.5 0.5 
0.5 0.5 0.5 0.5 0.5 0.5 0.5 0.5 0.5 
0.5 0.5 0.5 0.5 0.5 0.5 0.5 0.5 0.5 
0.5 0.5 0.5 0.5 0.5 0.5 0.5 0.5 0.5 
0.5 0.5 0.5 0.5 0.5 0.5 0.5 0.5 0.5 
0.5 0.5 0.5 0.5 0.5 0.5 0.5 0.5 0.5 
0.5 0.5 0.5 0.5 0.5 0.5 0.5 0.5 0.5 
0.5 0.5 0.5 0.5 0.5 0.5 0.5 0.5 0.5 
0.5 0.5 0.5 0.5 0.5 0.5 0.5 0.5 0.5 
0.5 0.5 0.5 0.5 0.5 0.5 0.5 0.5 0.5 
0.5 0.5 0.5 0.5 0.5 0.5 0.5 0.5 0.5 
0.5 0.5 0.5 0.5 0.5 0.5 0.5 0.5 0.5 
0.5 0.5 0.5 0.5 0.5 0.5 0.5 0.5 0.5 
0.5 0.5 0.5 0.5 0.5 0.5 0.5 0.5 0.5 
0.5 0.5 0.5 0.5 0.5 0.5 0.5 0.5 0.5 
0.5 0.5 0.5 0.5 0.5 0.5 0.5 0.5 0.5 
0.5 0.5 0.5 0.5 0.5 0.5 0.5 0.5 0.5 
0.5 0.5 0.5 0.5 0.5 0.5 0.5 0.5 0.5 
0.5 0.5 0.5 0.5 0.5 0.5 0.5 0.5 0.5 
0.5 0.5 0.5 0.5 0.5 0.5 0.5 0.5 0.5 
0.5 0.5 0.5 0.5 0.5 0.5 0.5 0.5 0.5 
0.5 0.5 0.5 0.5 0.5 0.5 0.5 0.5 0.5 
0.5 0.5 0.5 0.5 0.5 0.5 0.5 0.5 0.5 
0.5 0.5 0.5 0.5 0.5 0.5 0.5 0.5 0.5 
0.5 0.5 0.5 0.5 0.5 0.5 0.5 0.5 0.5 
0.5 0.5 0.5 0.5 0.5 0.5 0.5 0.5 0.5 
0.5 0.5 0.5 0.5 0.5 0.5 0.5 0.5 0.5 
0.5 0.5 0.5 0.5 0.5 0.5 0.5 0.5 0.5 
0.5 0.5 0.5 0.5 0.5 0.5 0.5 0.5 0.5 
0.5 0.5 0.5 0.5 0.5 0.5 0.5 0.5 0.5 
0.5 0.5 0.5 0.5 0.5 0.5 0.5 0.5 0.5 
0.5 0.5 0.5 0.5 0.5 0.5 0.5 0.5 0.5 
0.5 0.5 0.5 0.5 0.5 0.5 0.5 0.5 0.5 
0.5 0.5 0.5 0.5 0.5 0.5 0.5 0.5 0.5 
0.5 0.5 0.5 0.5 0.5 0.5 0.5 0.5 0.5 
0.5 0.5 0.5 0.5 0.5 0.5 0.5 0.5 0.5 
0.5 0.5 0.5 0.5 0.5 0.5 0.5 0.5 0.5 
0.5 0.5 0.5 0.5 0.5 0.5 0.5 0.5 0.5 
0.5 0.5 0.5 0.5 0.5 0.5 0.5 0.5 0.5 
0.5 0.5 0.5 0.5 0.5 0.5 0.5 0.5 0.5 
0.5 0.5 0.5 0.5 0.5 0.5 0.5 0.5 0.5 
0.5 0.5 0.5 0.5 0.5 0.5 0.5 0.5 0.5 
0.5 0.5 0.5 0.5 0.5 0.5 0.5 0.5 0.5 
0.5 0.5 0.5 0.5 0.5 0.5 0.5 0.5 0.5 
0.5 0.5 0.5 0.5 0.5 0.5 0.5 0.5 0.5 
0.5 0.5 0.5 0.5 0.5 0.5 0.5 0.5 0.5 
0.5 0.5 0.5 0.5 0.5 0.5 0.5 0.5 0.5 
0.5 0.5 0.5 0.5 0.5 0.5 0.5 0.5 0.5 
0.5 0.5 0.5 0.5 0.5 0.5 0.5 0.5 0.5 
0.5 0.5 0.5 0.5 0.5 0.5 0.5 0.5 0.5 
0.5 0.5 0.5 0.5 0.5 0.5 0.5 0.5 0.5 
0.5 0.5 0.5 0.5 0.5 0.5 0.5 0.5 0.5 
0.5 0.5 0.5 0.5 0.5 0.5 0.5 0.5 0.5 
0.5 0.5 0.5 0.5 0.5 0.5 0.5 0.5 0.5 
0.5 0.5 0.5 0.5 0.5 0.5 0.5 0.5 0.5 
0.5 0.5 0.5 0.5 0.5 0.5 0.5 0.5 0.5 
0.5 0.5 0.5 0.5 0.5 0.5 0.5 0.5 0.5 
0.5 0.5 0.5 0.5 0.5 0.5 0.5 0.5 0.5 
0.5 0.5 0.5 0.5 0.5 0.5 0.5 0.5 0.5 
0.5 0.5 0.5 0.5 0.5 0.5 0.5 0.5 0.5 
0.5 0.5 0.5 0.5 0.5 0.5 0.5 0.5 0.5 
0.5 0.5 0.5 0.5 0.5 0.5 0.5 0.5 0.5 
0.5 0.5 0.5 0.5 0.5 0.5 0.5 0.5 0.5 
0.5 0.5 0.5 0.5 0.5 0.5 0.5 0.5 0.5 
0.5 0.5 0.5 0.5 0.5 0.5 0.5 0.5 0.5 
0.5 0.5 0.5 0.5 0.5 0.5 0.5 0.5 0.5 
0.5 0.5 0.5 0.5 0.5 0.5 0.5 0.5 0.5 
0.5 0.5 0.5 0.5 0.5 0.5 0.5 0.5 0.5 
0.5 0.5 0.5 0.5 0.5 0.5 0.5 0.5 0.5 
0.5 0.5 0.5 0.5 0.5 0.5 0.5 0.5 0.5 
0.5 0.5 0.5 0.5 0.5 0.5 0.5 0.5 0.5 
0.5 0.5 0.5 0.5 0.5 0.5 0.5 0.5 0.5 
0.5 0.5 0.5 0.5 0.5 0.5 0.5 0.5 0.5 
0.5 0.5 0.5 0.5 0.5 0.5 0.5 0.5 0.5 
0.5 0.5 0.5 0.5 0.5 0.5 0.5 0.5 0.5 
0.5 0.5 0.5 0.5 0.5 0.5 0.5 0.5 0.5 
0.5 0.5 0.5 0.5 0.5 0.5 0.5 0.5 0.5 
0.5 0.5 0.5 0.5 0.5 0.5 0.5 0.5 0.5 
0.5 0.5 0.5 0.5 0.5 0.5 0.5 0.5 0.5 
0.5 0.5 0.5 0.5 0.5 0.5 0.5 0.5 0.5 
0.5 0.5 0.5 0.5 0.5 0.5 0.5 0.5 0.5 
0.5 0.5 0.5 0.5 0.5 0.5 0.5 0.5 0.5 
0.5 0.5 0.5 0.5 0.5 0.5 0.5 0.5 0.5 
0.5 0.5 0.5 0.5 0.5 0.5 0.5 0.5 0.5 
0.5 0.5 0.5 0.5 0.5 0.5 0.5 0.5 0.5 
0.5 0.5 0.5 0.5 0.5 0.5 0.5 0.5 0.5 
0.5 0.5 0.5 0.5 0.5 0.5 0.5 0.5 0.5 
0.5 0.5 0.5 0.5 0.5 0.5 0.5 0.5 0.5 
0.5 0.5 0.5 0.5 0.5 0.5 0.5 0.5 0.5 
0.5 0.5 0.5 0.5 0.5 0.5 0.5 0.5 0.5 
0.5 0.5 0.5 0.5 0.5 0.5 0.5 0.5 0.5 
0.5 0.5 0.5 0.5 0.5 0.5 0.5 0.5 0.5 
0.5 0.5 0.5 0.5 0.5 0.5 0.5 0.5 0.5 
0.5 0.5 0.5 0.5 0.5 0.5 0.5 0.5 0.5 
0.5 0.5 0.5 0.5 0.5 0.5 0.5 0.5 0.5 
0.5 0.5 0.5 0.5 0.5 0.5 0.5 0.5 0.5 
0.5 0.5 0.5 0.5 0.5 0.5 0.5 0.5 0.5 
0.5 0.5 0.5 0.5 0.5 0.5 0.5 0.5 0.5 
0.5 0.5 0.5 0.5 0.5 0.5 0.5 0.5 0.5 
0.5 0.5 0.5 0.5 0.5 0.5 0.5 0.5 0.5 
0.5 0.5 0.5 0.5 0.5 0.5 0.5 0.5 0.5 
0.5 0.5 0.5 0.5 0.5 0.5 0.5 0.5 0.5 
0.5 0.5 0.5 0.5 0.5 0.5 0.5 0.5 0.5 
0.5 0.5 0.5 0.5 0.5 0.5 0.5 0.5 0.5 
0.5 0.5 0.5 0.5 0.5 0.5 0.5 0.5 0.5 
0.5 0.5 0.5 0.5 0.5 0.5 0.5 0.5 0.5 
0.5 0.5 0.5 0.5 0.5 0.5 0.5 0.5 0.5 
0.5 0.5 0.5 0.5 0.5 0.5 0.5 0.5 0.5 
0.5 0.5 0.5 0.5 0.5 0.5 0.5 0.5 0.5 
0.5 0.5 0.5 0.5 0.5 0.5 0.5 0.5 0.5 
0.5 0.5 0.5 0.5 0.5 0.5 0.5 0.5 0.5 
0.5 0.5 0.5 0.5 0.5 0.5 0.5 0.5 0.5 
0.5 0.5 0.5 0.5 0.5 0.5 0.5 0.5 0.5 
0.5 0.5 0.5 0.5 0.5 0.5 0.5 0.5 0.5 
0.5 0.5 0.5 0.5 0.5 0.5 0.5 0.5 0.5 
0.5 0.5 0.5 0.5 0.5 0.5 0.5 0.5 0.5 
0.5 0.5 0.5 0.5 0.5 0.5 0.5 0.5 0.5 
0.5 0.5 0.5 0.5 0.5 0.5 0.5 0.5 0.5 
0.5 0.5 0.5 0.5 0.5 0.5 0.5 0.5 0.5 
0.5 0.5 0.5 0.5 0.5 0.5 0.5 0.5 0.5 
0.5 0.5 0.5 0.5 0.5 0.5 0.5 0.5 0.5 
0.5 0.5 0.5 0.5 0.5 0.5 0.5 0.5 0.5 
0.5 0.5 0.5 0.5 0.5 0.5 0.5 0.5 0.5 
0.5 0.5 0.5 0.5 0.5 0.5 0.5 0.5 0.5 
0.5 0.5 0.5 0.5 0.5 0.5 0.5 0.5 0.5 
0.5 0.5 0.5 0.5 0.5 0.5 0.5 0.5 0.5 
0.5 0.5 0.5 0.5 0.5 0.5 0.5 0.5 0.5 
0.5 0.5 0.5 0.5 0.5 0.5 0.5 0.5 0.5 
0.5 0.5 0.5 0.5 0.5 0.5 0.5 0.5 0.5 
0.5 0.5 0.5 0.5 0.5 0.5 0.5 0.5 0.5 
0.5 0.5 0.5 0.5 0.5 0.5 0.5 0.5 0.5 
0.5 0.5 0.5 0.5 0.5 0.5 0.5 0.5 0.5 
0.5 0.5 0.5 0.5 0.5 0.5 0.5 0.5 0.5 
0.5 0.5 0.5 0.5 0.5 0.5 0.5 0.5 0.5 
0.5 0.5 0.5 0.5 0.5 0.5 0.5 0.5 0.5 
0.5 0.5 0.5 0.5 0.5 0.5 0.5 0.5 0.5 
0.5 0.5 0.5 0.5 0.5 0.5 0.5 0.5 0.5 
0.5 0.5 0.5 0.5 0.5 0.5 0.5 0.5 0.5 
0.5 0.5 0.5 0.5 0.5 0.5 0.5 0.5 0.5 
0.5 0.5 0.5 0.5 0.5 0.5 0.5 0.5 0.5 
0.5 0.5 0.5 0.5 0.5 0.5 0.5 0.5 0.5 
0.5 0.5 0.5 0.5 0.5 0.5 0.5 0.5 0.5 
0.5 0.5 0.5 0.5 0.5 0.5 0.5 0.5 0.5 
0.5 0.5 0.5 0.5 0.5 0.5 0.5 0.5 0.5 
0.5 0.5 0.5 0.5 0.5 0.5 0.5 0.5 0.5 
0.5 0.5 0.5 0.5 0.5 0.5 0.5 0.5 0.5 
0.5 0.5 0.5 0.5 0.5 0.5 0.5 0.5 0.5 
0.5 0.5 0.5 0.5 0.5 0.5 0.5 0.5 0.5 
0.5 0.5 0.5 0.5 0.5 0.5 0.5 0.5 0.5 
0.5 0.5 0.5 0.5 0.5 0.5 0.5 0.5 0.5 
0.5 0.5 0.5 0.5 0.5 0.5 0.5 0.5 0.5 
0.5 0.5 0.5 0.5 0.5 0.5 0.5 0.5 0.5 
0.5 0.5 0.5 0.5 0.5 0.5 0.5 0.5 0.5 
0.5 0.5 0.5 0.5 0.5 0.5 0.5 0.5 0.5 
0.5 0.5 0.5 0.5 0.5 0.5 0.5 0.5 0.5 
0.5 0.5 0.5 0.5 0.5 0.5 0.5 0.5 0.5 
0.5 0.5 0.5 0.5 0.5 0.5 0.5 0.5 0.5 
0.5 0.5 0.5 0.5 0.5 0.5 0.5 0.5 0.5 
0.5 0.5 0.5 0.5 0.5 0.5 0.5 0.5 0.5 
0.5 0.5 0.5 0.5 0.5 0.5 0.5 0.5 0.5 
0.5 0.5 0.5 0.5 0.5 0.5 0.5 0.5 0.5 
0.5 0.5 0.5 0.5 0.5 0.5 0.5 0.5 0.5 
0.5 0.5 0.5 0.5 0.5 0.5 0.5 0.5 0.5 
0.5 0.5 0.5 0.5 0.5 0.5 0.5 0.5 0.5 
0.5 0.5 0.5 0.5 0.5 0.5 0.5 0.5 0.5 
0.5 0.5 0.5 0.5 0.5 0.5 0.5 0.5 0.5 
0.5 0.5 0.5 0.5 0.5 0.5 0.5 0.5 0.5 
0.5 0.5 0.5 0.5 0.5 0.5 0.5 0.5 0.5 
0.5 0.5 0.5 0.5 0.5 0.5 0.5 0.5 0.5 
0.5 0.5 0.5 0.5 0.5 0.5 0.5 0.5 0.5 
0.5 0.5 0.5 0.5 0.5 0.5 0.5 0.5 0.5 
0.5 0.5 0.5 0.5 0.5 0.5 0.5 0.5 0.5 
0.5 0.5 0.5 0.5 0.5 0.5 0.5 0.5 0.5 
0.5 0.5 0.5 0.5 0.5 0.5 0.5 0.5 0.5 
0.5 0.5 0.5 0.5 0.5 0.5 0.5 0.5 0.5 
0.5 0.5 0.5 0.5 0.5 0.5 0.5 0.5 0.5 
0.5 0.5 0.5 0.5 0.5 0.5 0.5 0.5 0.5 
0.5 0.5 0.5 0.5 0.5 0.5 0.5 0.5 0.5 
0.5 0.5 0.5 0.5 0.5 0.5 0.5 0.5 0.5 
0.5 0.5 0.5 0.5 0.5 0.5 0.5 0.5 0.5 
0.5 0.5 0.5 0.5 0.5 0.5 0.5 0.5 0.5 
0.5 0.5 0.5 0.5 0.5 0.5 0.5 0.5 0.5 
0.5 0.5 0.5 0.5 0.5 0.5 0.5 0.5 0.5 
0.5 0.5 0.5 0.5 0.5 0.5 0.5 0.5 0.5 
0.5 0.5 0.5 0.5 0.5 0.5 0.5 0.5 0.5 
0.5 0.5 0.5 0.5 0.5 0.5 0.5 0.5 0.5 
0.5 0.5 0.5 0.5 0.5 0.5 0.5 0.5 0.5 
0.5 0.5 0.5 0.5 0.5 0.5 0.5 0.5 0.5 
0.5 0.5 0.5 0.5 0.5 0.5 0.5 0.5 0.5 
0.5 0.5 0.5 0.5 0.5 0.5 0.5 0.5 0.5 
0.5 0.5 0.5 0.5 0.5 0.5 0.5 0.5 0.5 
0.5 0.5 0.5 0.5 0.5 0.5 0.5 0.5 0.5 
0.5 0.5 0.5 0.5 0.5 0.5 0.5 0.5 0.5 
0.5 0.5 0.5 0.5 0.5 0.5 0.5 0.5 0.5 
0.5 0.5 0.5 0.5 0.5 0.5 0.5 0.5 0.5 
0.5 0.5 0.5 0.5 0.5 0.5 0.5 0.5 0.5 
0.5 0.5 0.5 0.5 0.5 0.5 0.5 0.5 0.5 
0.5 0.5 0.5 0.5 0.5 0.5 0.5 0.5 0.5 
0.5 0.5 0.5 0.5 0.5 0.5 0.5 0.5 0.5 
0.5 0.5 0.5 0.5 0.5 0.5 0.5 0.5 0.5 
0.5 0.5 0.5 0.5 0.5 0.5 0.5 0.5 0.5 
0.5 0.5 0.5 0.5 0.5 0.5 0.5 0.5 0.5 
0.5 0.5 0.5 0.5 0.5 0.5 0.5 0.5 0.5 
0.5 0.5 0.5 0.5 0.5 0.5 0.5 0.5 0.5 
0.5 0.5 0.5 0.5 0.5 0.5 0.5 0.5 0.5 
0.5 0.5 0.5 0.5 0.5 0.5 0.5 0.5 0.5 
0.5 0.5 0.5 0.5 0.5 0.5 0.5 0.5 0.5 
0.5 0.5 0.5 0.5 0.5 0.5 0.5 0.5 0.5 
0.5 0.5 0.5 0.5 0.5 0.5 0.5 0.5 0.5 
0.5 0.5 0.5 0.5 0.5 0.5 0.5 0.5 0.5 
0.5 0.5 0.5 0.5 0.5 0.5 0.5 0.5 0.5 
0.5 0.5 0.5 0.5 0.5 0.5 0.5 0.5 0.5 
0.5 0.5 0.5 0.5 0.5 0.5 0.5 0.5 0.5 
0.5 0.5 0.5 0.5 0.5 0.5 0.5 0.5 0.5 
0.5 0.5 0.5 0.5 0.5 0.5 0.5 0.5 0.5 
0.5 0.5 0.5 0.5 0.5 0.5 0.5 0.5 0.5 
0.5 0.5 0.5 0.5 0.5 0.5 0.5 0.5 0.5 
0.5 0.5 0.5 0.5 0.5 0.5 0.5 0.5 0.5 
0.5 0.5 0.5 0.5 0.5 0.5 0.5 0.5 0.5 
0.5 0.5 0.5 0.5 0.5 0.5 0.5 0.5 0.5 
0.5 0.5 0.5 0.5 0.5 0.5 0.5 0.5 0.5 
0.5 0.5 0.5 0.5 0.5 0.5 0.5 0.5 0.5 
0.5 0.5 0.5 0.5 0.5 0.5 0.5 0.5 0.5 
0.5 0.5 0.5 0.5 0.5 0.5 0.5 0.5 0.5 
0.5 0.5 0.5 0.5 0.5 0.5 0.5 0.5 0.5 
0.5 0.5 0.5 0.5 0.5 0.5 0.5 0.5 0.5 
0.5 0.5 0.5 0.5 0.5 0.5 0.5 0.5 0.5 
0.5 0.5 0.5 0.5 0.5 0.5 0.5 0.5 0.5 
0.5 0.5 0.5 0.5 0.5 0.5 0.5 0.5 0.5 
0.5 0.5 0.5 0.5 0.5 0.5 0.5 0.5 0.5 
0.5 0.5 0.5 0.5 0.5 0.5 0.5 0.5 0.5 
0.5 0.5 0.5 0.5 0.5 0.5 0.5 0.5 0.5 
0.5 0.5 0.5 0.5 0.5 0.5 0.5 0.5 0.5 
0.5 0.5 0.5 0.5 0.5 0.5 0.5 0.5 0.5 
0.5 0.5 0.5 0.5 0.5 0.5 0.5 0.5 0.5 
0.5 0.5 0.5 0.5 0.5 0.5 0.5 0.5 0.5 
0.5 0.5 0.5 0.5 0.5 0.5 0.5 0.5 0.5 
0.5 0.5 0.5 0.5 0.5 0.5 0.5 0.5 0.5 
0.5 0.5 0.5 0.5 0.5 0.5 0.5 0.5 0.5 
0.5 0.5 0.5 0.5 0.5 0.5 0.5 0.5 0.5 
0.5 0.5 0.5 0.5 0.5 0.5 0.5 0.5 0.5 
0.5 0.5 0.5 0.5 0.5 0.5 0.5 0.5 0.5 
0.5 0.5 0.5 0.5 0.5 0.5 0.5 0.5 0.5 
0.5 0.5 0.5 0.5 0.5 0.5 0.5 0.5 0.5 
0.5 0.5 0.5 0.5 0.5 0.5 0.5 0.5 0.5 
0.5 0.5 0.5 0.5 0.5 0.5 0.5 0.5 0.5 
0.5 0.5 0.5 0.5 0.5 0.5 0.5 0.5 0.5 
0.5 0.5 0.5 0.5 0.5 0.5 0.5 0.5 0.5 
0.5 0.5 0.5 0.5 0.5 0.5 0.5 0.5 0.5 
0.5 0.5 0.5 0.5 0.5 0.5 0.5 0.5 0.5 
0.5 0.5 0.5 0.5 0.5 0.5 0.5 0.5 0.5 
0.5 0.5 0.5 0.5 0.5 0.5 0.5 0.5 0.5 
0.5 0.5 0.5 0.5 0.5 0.5 0.5 0.5 0.5 
0.5 0.5 0.5 0.5 0.5 0.5 0.5 0.5 0.5 
0.5 0.5 0.5 0.5 0.5 0.5 0.5 0.5 0.5 
0.5 0.5 0.5 0.5 0.5 0.5 0.5 0.5 0.5 
0.5 0.5 0.5 0.5 0.5 0.5 0.5 0.5 0.5 
0.5 0.5 0.5 0.5 0.5 0.5 0.5 0.5 0.5 
0.5 0.5 0.5 0.5 0.5 0.5 0.5 0.5 0.5 
0.5 0.5 0.5 0.5 0.5 0.5 0.5 0.5 0.5 
0.5 0.5 0.5 0.5 0.5 0.5 0.5 0.5 0.5 
0.5 0.5 0.5 0.5 0.5 0.5 0.5 0.5 0.5 
0.5 0.5 0.5 0.5 0.5 0.5 0.5 0.5 0.5 
0.5 0.5 0.5 0.5 0.5 0.5 0.5 0.5 0.5 
0.5 0.5 0.5 0.5 0.5 0.5 0.5 0.5 0.5 
0.5 0.5 0.5 0.5 0.5 0.5 0.5 0.5 0.5 
0.5 0.5 0.5 0.5 0.5 0.5 0.5 0.5 0.5 
0.5 0.5 0.5 0.5 0.5 0.5 0.5 0.5 0.5 
0.5 0.5 0.5 0.5 0.5 0.5 0.5 0.5 0.5 
0.5 0.5 0.5 0.5 0.5 0.5 0.5 0.5 0.5 
0.5 0.5 0.5 0.5 0.5 0.5 0.5 0.5 0.5 
0.5 0.5 0.5 0.5 0.5 0.5 0.5 0.5 0.5 
0.5 0.5 0.5 0.5 0.5 0.5 0.5 0.5 0.5 
0.5 0.5 0.5 0.5 0.5 0.5 0.5 0.5 0.5 
0.5 0.5 0.5 0.5 0.5 0.5 0.5 0.5 0.5 
0.5 0.5 0.5 0.5 0.5 0.5 0.5 0.5 0.5 
0.5 0.5 0.5 0.5 0.5 0.5 0.5 0.5 0.5 
0.5 0.5 0.5 0.5 0.5 0.5 0.5 0.5 0.5 
0.5 0.5 0.5 0.5 0.5 0.5 0.5 0.5 0.5 
0.5 0.5 0.5 0.5 0.5 0.5 0.5 0.5 0.5 
0.5 0.5 0.5 0.5 0.5 0.5 0.5 0.5 0.5 
0.5 0.5 0.5 0.5 0.5 0.5 0.5 0.5 0.5 
0.5 0.5 0.5 0.5 0.5 0.5 0.5 0.5 0.5 
0.5 0.5 0.5 0.5 0.5 0.5 0.5 0.5 0.5 
0.5 0.5 0.5 0.5 0.5 0.5 0.5 0.5 0.5 
0.5 0.5 0.5 0.5 0.5 0.5 0.5 0.5 0.5 
0.5 0.5 0.5 0.5 0.5 0.5 0.5 0.5 0.5 
0.5 0.5 0.5 0.5 0.5 0.5 0.5 0.5 0.5 
0.5 0.5 0.5 0.5 0.5 0.5 0.5 0.5 0.5 
0.5 0.5 0.5 0.5 0.5 0.5 0.5 0.5 0.5 
0.5 0.5 0.5 0.5 0.5 0.5 0.5 0.5 0.5 
0.5 0.5 0.5 0.5 0.5 0.5 0.5 0.5 0.5 
0.5 0.5 0.5 0.5 0.5 0.5 0.5 0.5 0.5 
0.5 0.5 0.5 0.5 0.5 0.5 0.5 0.5 0.5 
0.5 0.5 0.5 0.5 0.5 0.5 0.5 0.5 0.5 
0.5 0.5 0.5 0.5 0.5 0.5 0.5 0.5 0.5 
0.5 0.5 0.5 0.5 0.5 0.5 0.5 0.5 0.5 
0.5 0.5 0.5 0.5 0.5 0.5 0.5 0.5 0.5 
0.5 0.5 0.5 0.5 0.5 0.5 0.5 0.5 0.5 
0.5 0.5 0.5 0.5 0.5 0.5 0.5 0.5 0.5 
0.5 0.5 0.5 0.5 0.5 0.5 0.5 0.5 0.5 
0.5 0.5 0.5 0.5 0.5 0.5 0.5 0.5 0.5 
0.5 0.5 0.5 0.5 0.5 0.5 0.5 0.5 0.5 
0.5 0.5 0.5 0.5 0.5 0.5 0.5 0.5 0.5 
0.5 0.5 0.5 0.5 0.5 0.5 0.5 0.5 0.5 
0.5 0.5 0.5 0.5 0.5 0.5 0.5 0.5 0.5 
0.5 0.5 0.5 0.5 0.5 0.5 0.5 0.5 0.5 
0.5 0.5 0.5 0.5 0.5 0.5 0.5 0.5 0.5 
0.5 0.5 0.5 0.5 0.5 0.5 0.5 0.5 0.5 
0.5 0.5 0.5 0.5 0.5 0.5 0.5 0.5 0.5 
0.5 0.5 0.5 0.5 0.5 0.5 0.5 0.5 0.5 
0.5 0.5 0.5 0.5 0.5 0.5 0.5 0.5 0.5 
0.5 0.5 0.5 0.5 0.5 0.5 0.5 0.5 0.5 
0.5 0.5 0.5 0.5 0.5 0.5 0.5 0.5 0.5 
0.5 0.5 0.5 0.5 0.5 0.5 0.5 0.5 0.5 
0.5 0.5 0.5 0.5 0.5 0.5 0.5 0.5 0.5 
0.5 0.5 0.5 0.5 0.5 0.5 0.5 0.5 0.5 
0.5 0.5 0.5 0.5 0.5 0.5 0.5 0.5 0.5 
0.5 0.5 0.5 0.5 0.5 0.5 0.5 0.5 0.5 
0.5 0.5 0.5 0.5 0.5 0.5 0.5 0.5 0.5 
0.5 0.5 0.5 0.5 0.5 0.5 0.5 0.5 0.5 
0.5 0.5 0.5 0.5 0.5 0.5 0.5 0.5 0.5 
0.5 0.5 0.5 0.5 0.5 0.5 0.5 0.5 0.5 
0.5 0.5 0.5 0.5 0.5 0.5 0.5 0.5 0.5 
0.5 0.5 0.5 0.5 0.5 0.5 0.5 0.5 0.5 
0.5 0.5 0.5 0.5 0.5 0.5 0.5 0.5 0.5 
0.5 0.5 0.5 0.5 0.5 0.5 0.5 0.5 0.5 
0.5 0.5 0.5 0.5 0.5 0.5 0.5 0.5 0.5 
0.5 0.5 0.5 0.5 0.5 0.5 0.5 0.5 0.5 
0.5 0.5 0.5 0.5 0.5 0.5 0.5 0.5 0.5 
0.5 0.5 0.5 0.5 0.5 0.5 0.5 0.5 0.5 
0.5 0.5 0.5 0.5 0.5 0.5 0.5 0.5 0.5 
0.5 0.5 0.5 0.5 0.5 0.5 0.5 0.5 0.5 
0.5 0.5 0.5 0.5 0.5 0.5 0.5 0.5 0.5 
0.5 0.5 0.5 0.5 0.5 0.5 0.5 0.5 0.5 
0.5 0.5 0.5 0.5 0.5 0.5 0.5 0.5 0.5 
0.5 0.5 0.5 0.5 0.5 0.5 0.5 0.5 0.5 
0.5 0.5 0.5 0.5 0.5 0.5 0.5 0.5 0.5 
0.5 0.5 0.5 0.5 0.5 0.5 0.5 0.5 0.5 
0.5 0.5 0.5 0.5 0.5 0.5 0.5 0.5 0.5 
0.5 0.5 0.5 0.5 0.5 0.5 0.5 0.5 0.5 
0.5 0.5 0.5 0.5 0.5 0.5 0.5 0.5 0.5 
0.5 0.5 0.5 0.5 0.5 0.5 0.5 0.5 0.5 
0.5 0.5 0.5 0.5 0.5 0.5 0.5 0.5 0.5 
0.5 0.5 0.5 0.5 0.5 0.5 0.5 0.5 0.5 
0.5 0.5 0.5 0.5 0.5 0.5 0.5 0.5 0.5 
0.5 0.5 0.5 0.5 0.5 0.5 0.5 0.5 0.5 
0.5 0.5 0.5 0.5 0.5 0.5 0.5 0.5 0.5 
0.5 0.5 0.5 0.5 0.5 0.5 0.5 0.5 0.5 
0.5 0.5 0.5 0.5 0.5 0.5 0.5 0.5 0.5 
0.5 0.5 0.5 0.5 0.5 0.5 0.5 0.5 0.5 
0.5 0.5 0.5 0.5 0.5 0.5 0.5 0.5 0.5 
0.5 0.5 0.5 0.5 0.5 0.5 0.5 0.5 0.5 
0.5 0.5 0.5 0.5 0.5 0.5 0.5 0.5 0.5 
0.5 0.5 0.5 0.5 0.5 0.5 0.5 0.5 0.5 
0.5 0.5 0.5 0.5 0.5 0.5 0.5 0.5 0.5 
0.5 0.5 0.5 0.5 0.5 0.5 0.5 0.5 0.5 
0.5 0.5 0.5 0.5 0.5 0.5 0.5 0.5 0.5 
0.5 0.5 0.5 0.5 0.5 0.5 0.5 0.5 0.5 
0.5 0.5 0.5 0.5 0.5 0.5 0.5 0.5 0.5 
0.5 0.5 0.5 0.5 0.5 0.5 0.5 0.5 0.5 
0.5 0.5 0.5 0.5 0.5 0.5 0.5 0.5 0.5 
0.5 0.5 0.5 0.5 0.5 0.5 0.5 0.5 0.5 
0.5 0.5 0.5 0.5 0.5 0.5 0.5 0.5 0.5 
0.5 0.5 0.5 0.5 0.5 0.5 0.5 0.5 0.5 
0.5 0.5 0.5 0.5 0.5 0.5 0.5 0.5 0.5 
0.5 0.5 0.5 0.5 0.5 0.5 0.5 0.5 0.5 
0.5 0.5 0.5 0.5 0.5 0.5 0.5 0.5 0.5 
0.5 0.5 0.5 0.5 0.5 0.5 0.5 0.5 0.5 
0.5 0.5 0.5 0.5 0.5 0.5 0.5 0.5 0.5 
0.5 0.5 0.5 0.5 0.5 0.5 0.5 0.5 0.5 
0.5 0.5 0.5 0.5 0.5 0.5 0.5 0.5 0.5 
0.5 0.5 0.5 0.5 0.5 0.5 0.5 0.5 0.5 
0.5 0.5 0.5 0.5 0.5 0.5 0.5 0.5 0.5 
0.5 0.5 0.5 0.5 0.5 0.5 0.5 0.5 0.5 
0.5 0.5 0.5 0.5 0.5 0.5 0.5 0.5 0.5 
0.5 0.5 0.5 0.5 0.5 0.5 0.5 0.5 0.5 
0.5 0.5 0.5 0.5 0.5 0.5 0.5 0.5 0.5 
0.5 0.5 0.5 0.5 0.5 0.5 0.5 0.5 0.5 
0.5 0.5 0.5 0.5 0.5 0.5 0.5 0.5 0.5 
0.5 0.5 0.5 0.5 0.5 0.5 0.5 0.5 0.5 
0.5 0.5 0.5 0.5 0.5 0.5 0.5 0.5 0.5 
0.5 0.5 0.5 0.5 0.5 0.5 0.5 0.5 0.5 
0.5 0.5 0.5 0.5 0.5 0.5 0.5 0.5 0.5 
0.5 0.5 0.5 0.5 0.5 0.5 0.5 0.5 0.5 
0.5 0.5 0.5 0.5 0.5 0.5 0.5 0.5 0.5 
0.5 0.5 0.5 0.5 0.5 0.5 0.5 0.5 0.5 
0.5 0.5 0.5 0.5 0.5 0.5 0.5 0.5 0.5 
0.5 0.5 0.5 0.5 0.5 0.5 0.5 0.5 0.5 
0.5 0.5 0.5 0.5 0.5 0.5 0.5 0.5 0.5 
0.5 0.5 0.5 0.5 0.5 0.5 0.5 0.5 0.5 
0.5 0.5 0.5 0.5 0.5 0.5 0.5 0.5 0.5 
0.5 0.5 0.5 0.5 0.5 0.5 0.5 0.5 0.5 
0.5 0.5 0.5 0.5 0.5 0.5 0.5 0.5 0.5 
0.5 0.5 0.5 0.5 0.5 0.5 0.5 0.5 0.5 
0.5 0.5 0.5 0.5 0.5 0.5 0.5 0.5 0.5 
0.5 0.5 0.5 0.5 0.5 0.5 0.5 0.5 0.5 
0.5 0.5 0.5 0.5 0.5 0.5 0.5 0.5 0.5 
0.5 0.5 0.5 0.5 0.5 0.5 0.5 0.5 0.5 
0.5 0.5 0.5 0.5 0.5 0.5 0.5 0.5 0.5 
0.5 0.5 0.5 0.5 0.5 0.5 0.5 0.5 0.5 
0.5 0.5 0.5 0.5 0.5 0.5 0.5 0.5 0.5 
0.5 0.5 0.5 0.5 0.5 0.5 0.5 0.5 0.5 
0.5 0.5 0.5 0.5 0.5 0.5 0.5 0.5 0.5 
0.5 0.5 0.5 0.5 0.5 0.5 0.5 0.5 0.5 
0.5 0.5 0.5 0.5 0.5 0.5 0.5 0.5 0.5 
0.5 0.5 0.5 0.5 0.5 0.5 0.5 0.5 0.5 
0.5 0.5 0.5 0.5 0.5 0.5 0.5 0.5 0.5 
0.5 0.5 0.5 0.5 0.5 0.5 0.5 0.5 0.5 
0.5 0.5 0.5 0.5 0.5 0.5 0.5 0.5 0.5 
0.5 0.5 0.5 0.5 0.5 0.5 0.5 0.5 0.5 
0.5 0.5 0.5 0.5 0.5 0.5 0.5 0.5 0.5 
0.5 0.5 0.5 0.5 0.5 0.5 0.5 0.5 0.5 
0.5 0.5 0.5 0.5 0.5 0.5 0.5 0.5 0.5 
0.5 0.5 0.5 0.5 0.5 0.5 0.5 0.5 0.5 
0.5 0.5 0.5 0.5 0.5 0.5 0.5 0.5 0.5 
0.5 0.5 0.5 0.5 0.5 0.5 0.5 0.5 0.5 
0.5 0.5 0.5 0.5 0.5 0.5 0.5 0.5 0.5 
0.5 0.5 0.5 0.5 0.5 0.5 0.5 0.5 0.5 
0.5 0.5 0.5 0.5 0.5 0.5 0.5 0.5 0.5 
0.5 0.5 0.5 0.5 0.5 0.5 0.5 0.5 0.5 
0.5 0.5 0.5 0.5 0.5 0.5 0.5 0.5 0.5 
0.5 0.5 0.5 0.5 0.5 0.5 0.5 0.5 0.5 
0.5 0.5 0.5 0.5 0.5 0.5 0.5 0.5 0.5 
0.5 0.5 0.5 0.5 0.5 0.5 0.5 0.5 0.5 
0.5 0.5 0.5 0.5 0.5 0.5 0.5 0.5 0.5 
0.5 0.5 0.5 0.5 0.5 0.5 0.5 0.5 0.5 
0.5 0.5 0.5 0.5 0.5 0.5 0.5 0.5 0.5 
0.5 0.5 0.5 0.5 0.5 0.5 0.5 0.5 0.5 
0.5 0.5 0.5 0.5 0.5 0.5 0.5 0.5 0.5 
0.5 0.5 0.5 0.5 0.5 0.5 0.5 0.5 0.5 
0.5 0.5 0.5 0.5 0.5 0.5 0.5 0.5 0.5 
0.5 0.5 0.5 0.5 0.5 0.5 0.5 0.5 0.5 
0.5 0.5 0.5 0.5 0.5 0.5 0.5 0.5 0.5 
0.5 0.5 0.5 0.5 0.5 0.5 0.5 0.5 0.5 
0.5 0.5 0.5 0.5 0.5 0.5 0.5 0.5 0.5 
0.5 0.5 0.5 0.5 0.5 0.5 0.5 0.5 0.5 
0.5 0.5 0.5 0.5 0.5 0.5 0.5 0.5 0.5 
0.5 0.5 0.5 0.5 0.5 0.5 0.5 0.5 0.5 
0.5 0.5 0.5 0.5 0.5 0.5 0.5 0.5 0.5 
0.5 0.5 0.5 0.5 0.5 0.5 0.5 0.5 0.5 
0.5 0.5 0.5 0.5 0.5 0.5 0.5 0.5 0.5 
0.5 0.5 0.5 0.5 0.5 0.5 0.5 0.5 0.5 
0.5 0.5 0.5 0.5 0.5 0.5 0.5 0.5 0.5 
0.5 0.5 0.5 0.5 0.5 0.5 0.5 0.5 0.5 
0.5 0.5 0.5 0.5 0.5 0.5 0.5 0.5 0.5 
0.5 0.5 0.5 0.5 0.5 0.5 0.5 0.5 0.5 
0.5 0.5 0.5 0.5 0.5 0.5 0.5 0.5 0.5 
0.5 0.5 0.5 0.5 0.5 0.5 0.5 0.5 0.5 
0.5 0.5 0.5 0.5 0.5 0.5 0.5 0.5 0.5 
0.5 0.5 0.5 0.5 0.5 0.5 0.5 0.5 0.5 
0.5 0.5 0.5 0.5 0.5 0.5 0.5 0.5 0.5 
0.5 0.5 0.5 0.5 0.5 0.5 0.5 0.5 0.5 
0.5 0.5 0.5 0.5 0.5 0.5 0.5 0.5 0.5 
0.5 0.5 0.5 0.5 0.5 0.5 0.5 0.5 0.5 
0.5 0.5 0.5 0.5 0.5 0.5 0.5 0.5 0.5 
0.5 0.5 0.5 0.5 0.5 0.5 0.5 0.5 0.5 
0.5 0.5 0.5 0.5 0.5 0.5 0.5 0.5 0.5 
0.5 0.5 0.5 0.5 0.5 0.5 0.5 0.5 0.5 
0.5 0.5 0.5 0.5 0.5 0.5 0.5 0.5 0.5 
0.5 0.5 0.5 0.5 0.5 0.5 0.5 0.5 0.5 
0.5 0.5 0.5 0.5 0.5 0.5 0.5 0.5 0.5 
0.5 0.5 0.5 0.5 0.5 0.5 0.5 0.5 0.5 
0.5 0.5 0.5 0.5 0.5 0.5 0.5 0.5 0.5 
0.5 0.5 0.5 0.5 0.5 0.5 0.5 0.5 0.5 
0.5 0.5 0.5 0.5 0.5 0.5 0.5 0.5 0.5 
0.5 0.5 0.5 0.5 0.5 0.5 0.5 0.5 0.5 
0.5 0.5 0.5 0.5 0.5 0.5 0.5 0.5 0.5 
0.5 0.5 0.5 0.5 0.5 0.5 0.5 0.5 0.5 
0.5 0.5 0.5 0.5 0.5 0.5 0.5 0.5 0.5 
0.5 0.5 0.5 0.5 0.5 0.5 0.5 0.5 0.5 
0.5 0.5 0.5 0.5 0.5 0.5 0.5 0.5 0.5 
0.5 0.5 0.5 0.5 0.5 0.5 0.5 0.5 0.5 
0.5 0.5 0.5 0.5 0.5 0.5 0.5 0.5 0.5 
0.5 0.5 0.5 0.5 0.5 0.5 0.5 0.5 0.5 
0.5 0.5 0.5 0.5 0.5 0.5 0.5 0.5 0.5 
0.5 0.5 0.5 0.5 0.5 0.5 0.5 0.5 0.5 
0.5 0.5 0.5 0.5 0.5 0.5 0.5 0.5 0.5 
0.5 0.5 0.5 0.5 0.5 0.5 0.5 0.5 0.5 
0.5 0.5 0.5 0.5 0.5 0.5 0.5 0.5 0.5 
0.5 0.5 0.5 0.5 0.5 0.5 0.5 0.5 0.5 
0.5 0.5 0.5 0.5 0.5 0.5 0.5 0.5 0.5 
0.5 0.5 0.5 0.5 0.5 0.5 0.5 0.5 0.5 
0.5 0.5 0.5 0.5 0.5 0.5 0.5 0.5 0.5 
0.5 0.5 0.5 0.5 0.5 0.5 0.5 0.5 0.5 
0.5 0.5 0.5 0.5 0.5 0.5 0.5 0.5 0.5 
0.5 0.5 0.5 0.5 0.5 0.5 0.5 0.5 0.5 
0.5 0.5 0.5 0.5 0.5 0.5 0.5 0.5 0.5 
0.5 0.5 0.5 0.5 0.5 0.5 0.5 0.5 0.5 
0.5 0.5 0.5 0.5 0.5 0.5 0.5 0.5 0.5 
0.5 0.5 0.5 0.5 0.5 0.5 0.5 0.5 0.5 
0.5 0.5 0.5 0.5 0.5 0.5 0.5 0.5 0.5 
0.5 0.5 0.5 0.5 0.5 0.5 0.5 0.5 0.5 
0.5 0.5 0.5 0.5 0.5 0.5 0.5 0.5 0.5 
0.5 0.5 0.5 0.5 0.5 0.5 0.5 0.5 0.5 
0.5 0.5 0.5 0.5 0.5 0.5 0.5 0.5 0.5 
0.5 0.5 0.5 0.5 0.5 0.5 0.5 0.5 0.5 
0.5 0.5 0.5 0.5 0.5 0.5 0.5 0.5 0.5 
0.5 0.5 0.5 0.5 0.5 0.5 0.5 0.5 0.5 
0.5 0.5 0.5 0.5 0.5 0.5 0.5 0.5 0.5 
0.5 0.5 0.5 0.5 0.5 0.5 0.5 0.5 0.5 
0.5 0.5 0.5 0.5 0.5 0.5 0.5 0.5 0.5 
0.5 0.5 0.5 0.5 0.5 0.5 0.5 0.5 0.5 
0.5 0.5 0.5 0.5 0.5 0.5 0.5 0.5 0.5 
0.5 0.5 0.5 0.5 0.5 0.5 0.5 0.5 0.5 
0.5 0.5 0.5 0.5 0.5 0.5 0.5 0.5 0.5 
0.5 0.5 0.5 0.5 0.5 0.5 0.5 0.5 0.5 
0.5 0.5 0.5 0.5 0.5 0.5 0.5 0.5 0.5 
0.5 0.5 0.5 0.5 0.5 0.5 0.5 0.5 0.5 
0.5 0.5 0.5 0.5 0.5 0.5 0.5 0.5 0.5 
0.5 0.5 0.5 0.5 0.5 0.5 0.5 0.5 0.5 
0.5 0.5 0.5 0.5 0.5 0.5 0.5 0.5 0.5 
0.5 0.5 0.5 0.5 0.5 0.5 0.5 0.5 0.5 
0.5 0.5 0.5 0.5 0.5 0.5 0.5 0.5 0.5 
0.5 0.5 0.5 0.5 0.5 0.5 0.5 0.5 0.5 
0.5 0.5 0.5 0.5 0.5 0.5 0.5 0.5 0.5 
0.5 0.5 0.5 0.5 0.5 0.5 0.5 0.5 0.5 
0.5 0.5 0.5 0.5 0.5 0.5 0.5 0.5 0.5 
0.5 0.5 0.5 0.5 0.5 0.5 0.5 0.5 0.5 
0.5 0.5 0.5 0.5 0.5 0.5 0.5 0.5 0.5 
0.5 0.5 0.5 0.5 0.5 0.5 0.5 0.5 0.5 
0.5 0.5 0.5 0.5 0.5 0.5 0.5 0.5 0.5 
0.5 0.5 0.5 0.5 0.5 0.5 0.5 0.5 0.5 
0.5 0.5 0.5 0.5 0.5 0.5 0.5 0.5 0.5 
0.5 0.5 0.5 0.5 0.5 0.5 0.5 0.5 0.5 
0.5 0.5 0.5 0.5 0.5 0.5 0.5 0.5 0.5 
0.5 0.5 0.5 0.5 0.5 0.5 0.5 0.5 0.5 
0.5 0.5 0.5 0.5 0.5 0.5 0.5 0.5 0.5 
0.5 0.5 0.5 0.5 0.5 0.5 0.5 0.5 0.5 
0.5 0.5 0.5 0.5 0.5 0.5 0.5 0.5 0.5 
0.5 0.5 0.5 0.5 0.5 0.5 0.5 0.5 0.5 
0.5 0.5 0.5 0.5 0.5 0.5 0.5 0.5 0.5 
0.5 0.5 0.5 0.5 0.5 0.5 0.5 0.5 0.5 
0.5 0.5 0.5 0.5 0.5 0.5 0.5 0.5 0.5 
0.5 0.5 0.5 0.5 0.5 0.5 0.5 0.5 0.5 
0.5 0.5 0.5 0.5 0.5 0.5 0.5 0.5 0.5 
0.5 0.5 0.5 0.5 0.5 0.5 0.5 0.5 0.5 
0.5 0.5 0.5 0.5 0.5 0.5 0.5 0.5 0.5 
0.5 0.5 0.5 0.5 0.5 0.5 0.5 0.5 0.5 
0.5 0.5 0.5 0.5 0.5 0.5 0.5 0.5 0.5 
0.5 0.5 0.5 0.5 0.5 0.5 0.5 0.5 0.5 
0.5 0.5 0.5 0.5 0.5 0.5 0.5 0.5 0.5 
0.5 0.5 0.5 0.5 0.5 0.5 0.5 0.5 0.5 
0.5 0.5 0.5 0.5 0.5 0.5 0.5 0.5 0.5 
0.5 0.5 0.5 0.5 0.5 0.5 0.5 0.5 0.5 
0.5 0.5 0.5 0.5 0.5 0.5 0.5 0.5 0.5 
0.5 0.5 0.5 0.5 0.5 0.5 0.5 0.5 0.5 
0.5 0.5 0.5 0.5 0.5 0.5 0.5 0.5 0.5 
0.5 0.5 0.5 0.5 0.5 0.5 0.5 0.5 0.5 
0.5 0.5 0.5 0.5 0.5 0.5 0.5 0.5 0.5 
0.5 0.5 0.5 0.5 0.5 0.5 0.5 0.5 0.5 
0.5 0.5 0.5 0.5 0.5 0.5 0.5 0.5 0.5 
0.5 0.5 0.5 0.5 0.5 0.5 0.5 0.5 0.5 
0.5 0.5 0.5 0.5 0.5 0.5 0.5 0.5 0.5 
0.5 0.5 0.5 0.5 0.5 0.5 0.5 0.5 0.5 
0.5 0.5 0.5 0.5 0.5 0.5 0.5 0.5 0.5 
0.5 0.5 0.5 0.5 0.5 0.5 0.5 0.5 0.5 
0.5 0.5 0.5 0.5 0.5 0.5 0.5 0.5 0.5 
0.5 0.5 0.5 0.5 0.5 0.5 0.5 0.5 0.5 
0.5 0.5 0.5 0.5 0.5 0.5 0.5 0.5 0.5 
0.5 0.5 0.5 0.5 0.5 0.5 0.5 0.5 0.5 
0.5 0.5 0.5 0.5 0.5 0.5 0.5 0.5 0.5 
0.5 0.5 0.5 0.5 0.5 0.5 0.5 0.5 0.5 
0.5 0.5 0.5 0.5 0.5 0.5 0.5 0.5 0.5 
0.5 0.5 0.5 0.5 0.5 0.5 0.5 0.5 0.5 
0.5 0.5 0.5 0.5 0.5 0.5 0.5 0.5 0.5 
0.5 0.5 0.5 0.5 0.5 0.5 0.5 0.5 0.5 
0.5 0.5 0.5 0.5 0.5 0.5 0.5 0.5 0.5 
0.5 0.5 0.5 0.5 0.5 0.5 0.5 0.5 0.5 
0.5 0.5 0.5 0.5 0.5 0.5 0.5 0.5 0.5 
0.5 0.5 0.5 0.5 0.5 0.5 0.5 0.5 0.5 
0.5 0.5 0.5 0.5 0.5 0.5 0.5 0.5 0.5 
0.5 0.5 0.5 0.5 0.5 0.5 0.5 0.5 0.5 
0.5 0.5 0.5 0.5 0.5 0.5 0.5 0.5 0.5 
0.5 0.5 0.5 0.5 0.5 0.5 0.5 0.5 0.5 
0.5 0.5 0.5 0.5 0.5 0.5 0.5 0.5 0.5 
0.5 0.5 0.5 0.5 0.5 0.5 0.5 0.5 0.5 
0.5 0.5 0.5 0.5 0.5 0.5 0.5 0.5 0.5 
0.5 0.5 0.5 0.5 0.5 0.5 0.5 0.5 0.5 
0.5 0.5 0.5 0.5 0.5 0.5 0.5 0.5 0.5 
0.5 0.5 0.5 0.5 0.5 0.5 0.5 0.5 0.5 
0.5 0.5 0.5 0.5 0.5 0.5 0.5 0.5 0.5 
0.5 0.5 0.5 0.5 0.5 0.5 0.5 0.5 0.5 
0.5 0.5 0.5 0.5 0.5 0.5 0.5 0.5 0.5 
0.5 0.5 0.5 0.5 0.5 0.5 0.5 0.5 0.5 
0.5 0.5 0.5 0.5 0.5 0.5 0.5 0.5 0.5 
0.5 0.5 0.5 0.5 0.5 0.5 0.5 0.5 0.5 
0.5 0.5 0.5 0.5 0.5 0.5 0.5 0.5 0.5 
0.5 0.5 0.5 0.5 0.5 0.5 0.5 0.5 0.5 
0.5 0.5 0.5 0.5 0.5 0.5 0.5 0.5 0.5 
0.5 0.5 0.5 0.5 0.5 0.5 0.5 0.5 0.5 
0.5 0.5 0.5 0.5 0.5 0.5 0.5 0.5 0.5 
0.5 0.5 0.5 0.5 0.5 0.5 0.5 0.5 0.5 
0.5 0.5 0.5 0.5 0.5 0.5 0.5 0.5 0.5 
0.5 0.5 0.5 0.5 0.5 0.5 0.5 0.5 0.5 
0.5 0.5 0.5 0.5 0.5 0.5 0.5 0.5 0.5 
0.5 0.5 0.5 0.5 0.5 0.5 0.5 0.5 0.5 
0.5 0.5 0.5 0.5 0.5 0.5 0.5 0.5 0.5 
0.5 0.5 0.5 0.5 0.5 0.5 0.5 0.5 0.5 
0.5 0.5 0.5 0.5 0.5 0.5 0.5 0.5 0.5 
0.5 0.5 0.5 0.5 0.5 0.5 0.5 0.5 0.5 
0.5 0.5 0.5 0.5 0.5 0.5 0.5 0.5 0.5 
0.5 0.5 0.5 0.5 0.5 0.5 0.5 0.5 0.5 
0.5 0.5 0.5 0.5 0.5 0.5 0.5 0.5 0.5 
0.5 0.5 0.5 0.5 0.5 0.5 0.5 0.5 0.5 
0.5 0.5 0.5 0.5 0.5 0.5 0.5 0.5 0.5 
0.5 0.5 0.5 0.5 0.5 0.5 0.5 0.5 0.5 
0.5 0.5 0.5 0.5 0.5 0.5 0.5 0.5 0.5 
0.5 0.5 0.5 0.5 0.5 0.5 0.5 0.5 0.5 
0.5 0.5 0.5 0.5 0.5 0.5 0.5 0.5 0.5 
0.5 0.5 0.5 0.5 0.5 0.5 0.5 0.5 0.5 
0.5 0.5 0.5 0.5 0.5 0.5 0.5 0.5 0.5 
0.5 0.5 0.5 0.5 0.5 0.5 0.5 0.5 0.5 
0.5 0.5 0.5 0.5 0.5 0.5 0.5 0.5 0.5 
0.5 0.5 0.5 0.5 0.5 0.5 0.5 0.5 0.5 
0.5 0.5 0.5 0.5 0.5 0.5 0.5 0.5 0.5 
0.5 0.5 0.5 0.5 0.5 0.5 0.5 0.5 0.5 
0.5 0.5 0.5 0.5 0.5 0.5 0.5 0.5 0.5 
0.5 0.5 0.5 0.5 0.5 0.5 0.5 0.5 0.5 
0.5 0.5 0.5 0.5 0.5 0.5 0.5 0.5 0.5 
0.5 0.5 0.5 0.5 0.5 0.5 0.5 0.5 0.5 
0.5 0.5 0.5 0.5 0.5 0.5 0.5 0.5 0.5 
0.5 0.5 0.5 0.5 0.5 0.5 0.5 0.5 0.5 
0.5 0.5 0.5 0.5 0.5 0.5 0.5 0.5 0.5 
0.5 0.5 0.5 0.5 0.5 0.5 0.5 0.5 0.5 
0.5 0.5 0.5 0.5 0.5 0.5 0.5 0.5 0.5 
0.5 0.5 0.5 0.5 0.5 0.5 0.5 0.5 0.5 
0.5 0.5 0.5 0.5 0.5 0.5 0.5 0.5 0.5 
0.5 0.5 0.5 0.5 0.5 0.5 0.5 0.5 0.5 
0.5 0.5 0.5 0.5 0.5 0.5 0.5 0.5 0.5 
0.5 0.5 0.5 0.5 0.5 0.5 0.5 0.5 0.5 
0.5 0.5 0.5 0.5 0.5 0.5 0.5 0.5 0.5 
0.5 0.5 0.5 0.5 0.5 0.5 0.5 0.5 0.5 
0.5 0.5 0.5 0.5 0.5 0.5 0.5 0.5 0.5 
0.5 0.5 0.5 0.5 0.5 0.5 0.5 0.5 0.5 
0.5 0.5 0.5 0.5 0.5 0.5 0.5 0.5 0.5 
0.5 0.5 0.5 0.5 0.5 0.5 0.5 0.5 0.5 
0.5 0.5 0.5 0.5 0.5 0.5 0.5 0.5 0.5 
0.5 0.5 0.5 0.5 0.5 0.5 0.5 0.5 0.5 
0.5 0.5 0.5 0.5 0.5 0.5 0.5 0.5 0.5 
0.5 0.5 0.5 0.5 0.5 0.5 0.5 0.5 0.5 
0.5 0.5 0.5 0.5 0.5 0.5 0.5 0.5 0.5 
0.5 0.5 0.5 0.5 0.5 0.5 0.5 0.5 0.5 
0.5 0.5 0.5 0.5 0.5 0.5 0.5 0.5 0.5 
0.5 0.5 0.5 0.5 0.5 0.5 0.5 0.5 0.5 
0.5 0.5 0.5 0.5 0.5 0.5 0.5 0.5 0.5 
0.5 0.5 0.5 0.5 0.5 0.5 0.5 0.5 0.5 
0.5 0.5 0.5 0.5 0.5 0.5 0.5 0.5 0.5 
0.5 0.5 0.5 0.5 0.5 0.5 0.5 0.5 0.5 
0.5 0.5 0.5 0.5 0.5 0.5 0.5 0.5 0.5 
0.5 0.5 0.5 0.5 0.5 0.5 0.5 0.5 0.5 
0.5 0.5 0.5 0.5 0.5 0.5 0.5 0.5 0.5 
0.5 0.5 0.5 0.5 0.5 0.5 0.5 0.5 0.5 
0.5 0.5 0.5 0.5 0.5 0.5 0.5 0.5 0.5 
0.5 0.5 0.5 0.5 0.5 0.5 0.5 0.5 0.5 
0.5 0.5 0.5 0.5 0.5 0.5 0.5 0.5 0.5 
0.5 0.5 0.5 0.5 0.5 0.5 0.5 0.5 0.5 
0.5 0.5 0.5 0.5 0.5 0.5 0.5 0.5 0.5 
0.5 0.5 0.5 0.5 0.5 0.5 0.5 0.5 0.5 
0.5 0.5 0.5 0.5 0.5 0.5 0.5 0.5 0.5 
0.5 0.5 0.5 0.5 0.5 0.5 0.5 0.5 0.5 
0.5 0.5 0.5 0.5 0.5 0.5 0.5 0.5 0.5 
0.5 0.5 0.5 0.5 0.5 0.5 0.5 0.5 0.5 
0.5 0.5 0.5 0.5 0.5 0.5 0.5 0.5 0.5 
0.5 0.5 0.5 0.5 0.5 0.5 0.5 0.5 0.5 
0.5 0.5 0.5 0.5 0.5 0.5 0.5 0.5 0.5 
0.5 0.5 0.5 0.5 0.5 0.5 0.5 0.5 0.5 
0.5 0.5 0.5 0.5 0.5 0.5 0.5 0.5 0.5 
0.5 0.5 0.5 0.5 0.5 0.5 0.5 0.5 0.5 
0.5 0.5 0.5 0.5 0.5 0.5 0.5 0.5 0.5 
0.5 0.5 0.5 0.5 0.5 0.5 0.5 0.5 0.5 
0.5 0.5 0.5 0.5 0.5 0.5 0.5 0.5 0.5 
0.5 0.5 0.5 0.5 0.5 0.5 0.5 0.5 0.5 
0.5 0.5 0.5 0.5 0.5 0.5 0.5 0.5 0.5 
0.5 0.5 0.5 0.5 0.5 0.5 0.5 0.5 0.5 
0.5 0.5 0.5 0.5 0.5 0.5 0.5 0.5 0.5 
0.5 0.5 0.5 0.5 0.5 0.5 0.5 0.5 0.5 
0.5 0.5 0.5 0.5 0.5 0.5 0.5 0.5 0.5 
0.5 0.5 0.5 0.5 0.5 0.5 0.5 0.5 0.5 
0.5 0.5 0.5 0.5 0.5 0.5 0.5 0.5 0.5 
0.5 0.5 0.5 0.5 0.5 0.5 0.5 0.5 0.5 
0.5 0.5 0.5 0.5 0.5 0.5 0.5 0.5 0.5 
0.5 0.5 0.5 0.5 0.5 0.5 0.5 0.5 0.5 
0.5 0.5 0.5 0.5 0.5 0.5 0.5 0.5 0.5 
0.5 0.5 0.5 0.5 0.5 0.5 0.5 0.5 0.5 
0.5 0.5 0.5 0.5 0.5 0.5 0.5 0.5 0.5 
0.5 0.5 0.5 0.5 0.5 0.5 0.5 0.5 0.5 
0.5 0.5 0.5 0.5 0.5 0.5 0.5 0.5 0.5 
0.5 0.5 0.5 0.5 0.5 0.5 0.5 0.5 0.5 
0.5 0.5 0.5 0.5 0.5 0.5 0.5 0.5 0.5 
0.5 0.5 0.5 0.5 0.5 0.5 0.5 0.5 0.5 
0.5 0.5 0.5 0.5 0.5 0.5 0.5 0.5 0.5 
0.5 0.5 0.5 0.5 0.5 0.5 0.5 0.5 0.5 
0.5 0.5 0.5 0.5 0.5 0.5 0.5 0.5 0.5 
0.5 0.5 0.5 0.5 0.5 0.5 0.5 0.5 0.5 
0.5 0.5 0.5 0.5 0.5 0.5 0.5 0.5 0.5 
0.5 0.5 0.5 0.5 0.5 0.5 0.5 0.5 0.5 
0.5 0.5 0.5 0.5 0.5 0.5 0.5 0.5 0.5 
0.5 0.5 0.5 0.5 0.5 0.5 0.5 0.5 0.5 
0.5 0.5 0.5 0.5 0.5 0.5 0.5 0.5 0.5 
0.5 0.5 0.5 0.5 0.5 0.5 0.5 0.5 0.5 
0.5 0.5 0.5 0.5 0.5 0.5 0.5 0.5 0.5 
0.5 0.5 0.5 0.5 0.5 0.5 0.5 0.5 0.5 
0.5 0.5 0.5 0.5 0.5 0.5 0.5 0.5 0.5 
0.5 0.5 0.5 0.5 0.5 0.5 0.5 0.5 0.5 
0.5 0.5 0.5 0.5 0.5 0.5 0.5 0.5 0.5 
0.5 0.5 0.5 0.5 0.5 0.5 0.5 0.5 0.5 
0.5 0.5 0.5 0.5 0.5 0.5 0.5 0.5 0.5 
0.5 0.5 0.5 0.5 0.5 0.5 0.5 0.5 0.5 
0.5 0.5 0.5 0.5 0.5 0.5 0.5 0.5 0.5 
0.5 0.5 0.5 0.5 0.5 0.5 0.5 0.5 0.5 

NORMALS normals float
4.5645e-19 -0.328799 -0.9444 0 -0.330097 -0.943947 -0.018216 -0.329027 -0.944145 
0.018216 -0.329027 -0.944145 -0.16596 -0.274344 -0.947203 -0.165993 -0.285808 -0.943801 
-0.18427 -0.274905 -0.943648 -0.10921 -0.270035 -0.956637 -0.110685 -0.30974 -0.944357 
-0.0538254 -0.266206 -0.962412 -0.0556463 -0.325302 -0.943971 -6.10253e-17 -0.264809 -0.964301 
0.0556463 -0.325302 -0.943971 0.0538254 -0.266206 -0.962412 0.10921 -0.270035 -0.956637 
0.110685 -0.30974 -0.944357 0.16596 -0.274344 -0.947203 0.165993 -0.285808 -0.943801 
0.18427 -0.274905 -0.943648 -0.219361 -0.219361 -0.950664 -0.220436 -0.24638 -0.943772 
-0.24638 -0.220436 -0.943772 -0.159899 -0.212592 -0.963969 -0.103458 -0.206742 -0.97291 
-0.050894 -0.204299 -0.977585 0 -0.203863 -0.979 0.050894 -0.204299 -0.977585 
0.103458 -0.206742 -0.97291 0.159899 -0.212592 -0.963969 0.220436 -0.24638 -0.943772 
0.219361 -0.219361 -0.950664 0.24638 -0.220436 -0.943772 -0.274344 -0.16596 -0.947203 
-0.274905 -0.18427 -0.943648 -0.285808 -0.165993 -0.943801 -0.212592 -0.159899 -0.963969 
-0.153626 -0.153626 -0.976114 -0.101363 -0.152555 -0.983083 -0.0512401 -0.154891 -0.986602 
-2.68154e-16 -0.156311 -0.987708 0.0512401 -0.154891 -0.986602 0.101363 -0.152555 -0.983083 
0.153626 -0.153626 -0.976114 0.212592 -0.159899 -0.963969 0.274905 -0.18427 -0.943648 
0.274344 -0.16596 -0.947203 0.285808 -0.165993 -0.943801 -0.270035 -0.10921 -0.956637 
-0.30974 -0.110685 -0.944357 -0.206742 -0.103458 -0.97291 -0.152555 -0.101363 -0.983083 
-0.104862 -0.104862 -0.988943 -0.0547443 -0.10982 -0.992443 0 -0.111969 -0.993712 
0.0547443 -0.10982 -0.992443 0.104862 -0.104862 -0.988943 0.152555 -0.101363 -0.983083 
0.206742 -0.103458 -0.97291 0.270035 -0.10921 -0.956637 0.30974 -0.110685 -0.944357 
-0.266206 -0.0538254 -0.962412 -0.325302 -0.0556463 -0.943971 -0.204299 -0.050894 -0.977585 
-0.154891 -0.0512401 -0.986602 -0.10982 -0.0547443 -0.992443 -0.0583492 -0.0583492 -0.99659 
0 -0.0597656 -0.998212 0.0583492 -0.0583492 -0.99659 0.10982 -0.0547443 -0.992443 
0.154891 -0.0512401 -0.986602 0.204299 -0.050894 -0.977585 0.266206 -0.0538254 -0.962412 
0.325302 -0.0556463 -0.943971 -0.328799 0 -0.9444 -0.329027 -0.018216 -0.944145 
-0.330097 -2.4397e-18 -0.943947 -0.264809 -2.91345e-16 -0.964301 -0.203863 2.61222e-16 -0.979 
-0.156311 -2.65711e-16 -0.987708 -0.111969 -3.84116e-17 -0.993712 -0.0597656 1.99678e-16 -0.998212 
-9.0524e-17 2.901e-16 -1 0.0597656 2.87553e-16 -0.998212 0.111969 2.25865e-18 -0.993712 
0.156311 -2.65711e-16 -0.987708 0.203863 3.65711e-16 -0.979 0.264809 -3.69101e-16 -0.964301 
0.329027 -0.018216 -0.944145 0.328799 9.129e-19 -0.9444 0.330097 -9.7588e-18 -0.943947 
-0.329027 0.018216 -0.944145 -0.325302 0.0556463 -0.943971 -0.266206 0.0538254 -0.962412 
-0.204299 0.050894 -0.977585 -0.154891 0.0512401 -0.986602 -0.10982 0.0547443 -0.992443 
-0.0583492 0.0583492 -0.99659 8.78747e-17 0.0597656 -0.998212 0.0583492 0.0583492 -0.99659 
0.10982 0.0547443 -0.992443 0.154891 0.0512401 -0.986602 0.204299 0.050894 -0.977585 
0.266206 0.0538254 -0.962412 0.325302 0.0556463 -0.943971 0.329027 0.018216 -0.944145 
-0.270035 0.10921 -0.956637 -0.30974 0.110685 -0.944357 -0.206742 0.103458 -0.97291 
-0.152555 0.101363 -0.983083 -0.104862 0.104862 -0.988943 -0.0547443 0.10982 -0.992443 
0 0.111969 -0.993712 0.0547443 0.10982 -0.992443 0.104862 0.104862 -0.988943 
0.152555 0.101363 -0.983083 0.206742 0.103458 -0.97291 0.270035 0.10921 -0.956637 
0.30974 0.110685 -0.944357 -0.274344 0.16596 -0.947203 -0.285808 0.165993 -0.943801 
-0.212592 0.159899 -0.963969 -0.153626 0.153626 -0.976114 -0.101363 0.152555 -0.983083 
-0.0512401 0.154891 -0.986602 -6.33751e-17 0.156311 -0.987708 0.0512401 0.154891 -0.986602 
0.101363 0.152555 -0.983083 0.153626 0.153626 -0.976114 0.212592 0.159899 -0.963969 
0.274344 0.16596 -0.947203 0.285808 0.165993 -0.943801 -0.274905 0.18427 -0.943648 
-0.24638 0.220436 -0.943772 -0.219361 0.219361 -0.950664 -0.159899 0.212592 -0.963969 
-0.103458 0.206742 -0.97291 -0.050894 0.204299 -0.977585 9.80695e-17 0.203863 -0.979 
0.050894 0.204299 -0.977585 0.103458 0.206742 -0.97291 0.159899 0.212592 -0.963969 
0.219361 0.219361 -0.950664 0.24638 0.220436 -0.943772 0.274905 0.18427 -0.943648 
-0.220436 0.24638 -0.943772 -0.18427 0.274905 -0.943648 -0.16596 0.274344 -0.947203 
-0.10921 0.270035 -0.956637 -0.0538254 0.266206 -0.962412 -3.05126e-17 0.264809 -0.964301 
0.0538254 0.266206 -0.962412 0.10921 0.270035 -0.956637 0.16596 0.274344 -0.947203 
0.18427 0.274905 -0.943648 0.220436 0.24638 -0.943772 -0.165993 0.285808 -0.943801 
-0.110685 0.30974 -0.944357 -0.0556463 0.325302 -0.943971 -0.018216 0.329027 -0.944145 
1.36935e-18 0.328799 -0.9444 0.018216 0.329027 -0.944145 0.0556463 0.325302 -0.943971 
0.110685 0.30974 -0.944357 0.165993 0.285808 -0.943801 0 0.330097 -0.943947 
-0.161111 -0.423047 -0.891669 -0.161114 -0.423613 -0.8914 -0.162598 -0.423072 -0.891388 
-0.107226 -0.422381 -0.900054 -0.107408 -0.438013 -0.892529 -0.0535389 -0.422037 -0.904996 
-0.0537406 -0.447083 -0.892877 -1.69843e-16 -0.421962 -0.906613 -3.51471e-17 -0.450165 -0.892945 
0.0535389 -0.422037 -0.904996 0.0537406 -0.447083 -0.892877 0.107226 -0.422381 -0.900054 
0.107408 -0.438013 -0.892529 0.161111 -0.423047 -0.891669 0.161114 -0.423613 -0.8914 
0.162598 -0.423072 -0.891388 -0.213199 -0.370209 -0.904152 -0.213942 -0.399038 -0.891626 
-0.262332 -0.371365 -0.890657 -0.159831 -0.370228 -0.915088 -0.107 -0.371716 -0.922159 
-0.0537831 -0.373302 -0.926149 1.3859e-16 -0.373933 -0.927456 0.0537831 -0.373302 -0.926149 
0.107 -0.371716 -0.922159 0.159831 -0.370228 -0.915088 0.213942 -0.399038 -0.891626 
0.213199 -0.370209 -0.904152 0.262332 -0.371365 -0.890657 -0.319261 -0.319261 -0.892269 
-0.319334 -0.323994 -0.890536 -0.323994 -0.319334 -0.890536 -0.26546 -0.317842 -0.910224 
-0.267014 -0.368119 -0.890613 -0.213778 -0.319601 -0.923122 -0.162949 -0.323765 -0.932 
-0.110342 -0.327165 -0.938503 -0.0556617 -0.328688 -0.942797 0.0556617 -0.328688 -0.942797 
0.110342 -0.327165 -0.938503 0.162949 -0.323765 -0.932 0.213778 -0.319601 -0.923122 
0.267014 -0.368119 -0.890613 0.26546 -0.317842 -0.910224 0.319261 -0.319261 -0.892269 
0.319334 -0.323994 -0.890536 0.323994 -0.319334 -0.890536 -0.317842 -0.26546 -0.910224 
-0.368119 -0.267014 -0.890613 -0.267648 -0.267648 -0.925597 -0.219075 -0.273006 -0.936736 
0.219075 -0.273006 -0.936736 0.267648 -0.267648 -0.925597 0.317842 -0.26546 -0.910224 
0.368119 -0.267014 -0.890613 -0.370209 -0.213199 -0.904152 -0.371365 -0.262332 -0.890657 
-0.399038 -0.213942 -0.891626 -0.319601 -0.213778 -0.923122 -0.273006 -0.219075 -0.936736 
0.273006 -0.219075 -0.936736 0.319601 -0.213778 -0.923122 0.371365 -0.262332 -0.890657 
0.370209 -0.213199 -0.904152 0.399038 -0.213942 -0.891626 -0.423047 -0.161111 -0.891669 
-0.423072 -0.162598 -0.891388 -0.423613 -0.161114 -0.8914 -0.370228 -0.159831 -0.915088 
-0.323765 -0.162949 -0.932 0.323765 -0.162949 -0.932 0.370228 -0.159831 -0.915088 
0.423072 -0.162598 -0.891388 0.423047 -0.161111 -0.891669 0.423613 -0.161114 -0.8914 
-0.422381 -0.107226 -0.900054 -0.438013 -0.107408 -0.892529 -0.371716 -0.107 -0.922159 
-0.327165 -0.110342 -0.938503 0.327165 -0.110342 -0.938503 0.371716 -0.107 -0.922159 
0.422381 -0.107226 -0.900054 0.438013 -0.107408 -0.892529 -0.422037 -0.0535389 -0.904996 
-0.447083 -0.0537406 -0.892877 -0.373302 -0.0537831 -0.926149 -0.328688 -0.0556617 -0.942797 
0.328688 -0.0556617 -0.942797 0.373302 -0.0537831 -0.926149 0.422037 -0.0535389 -0.904996 
0.447083 -0.0537406 -0.892877 -0.421962 5.08948e-17 -0.906613 -0.450165 -2.0504e-16 -0.892945 
-0.373933 -6.45708e-17 -0.927456 0.373933 -2.58283e-16 -0.927456 0.421962 -1.18948e-16 -0.906613 
0.450165 -3.42707e-16 -0.892945 -0.422037 0.0535389 -0.904996 -0.447083 0.0537406 -0.892877 
-0.373302 0.0537831 -0.926149 -0.328688 0.0556617 -0.942797 0.328688 0.0556617 -0.942797 
0.373302 0.0537831 -0.926149 0.422037 0.0535389 -0.904996 0.447083 0.0537406 -0.892877 
-0.422381 0.107226 -0.900054 -0.438013 0.107408 -0.892529 -0.371716 0.107 -0.922159 
-0.327165 0.110342 -0.938503 0.327165 0.110342 -0.938503 0.371716 0.107 -0.922159 
0.422381 0.107226 -0.900054 0.438013 0.107408 -0.892529 -0.423047 0.161111 -0.891669 
-0.423613 0.161114 -0.8914 -0.370228 0.159831 -0.915088 -0.323765 0.162949 -0.932 
0.323765 0.162949 -0.932 0.370228 0.159831 -0.915088 0.423047 0.161111 -0.891669 
0.423613 0.161114 -0.8914 -0.423072 0.162598 -0.891388 -0.399038 0.213942 -0.891626 
-0.370209 0.213199 -0.904152 -0.319601 0.213778 -0.923122 -0.273006 0.219075 -0.936736 
0.273006 0.219075 -0.936736 0.319601 0.213778 -0.923122 0.370209 0.213199 -0.904152 
0.399038 0.213942 -0.891626 0.423072 0.162598 -0.891388 -0.371365 0.262332 -0.890657 
-0.368119 0.267014 -0.890613 -0.317842 0.26546 -0.910224 -0.267648 0.267648 -0.925597 
-0.219075 0.273006 -0.936736 0.219075 0.273006 -0.936736 0.267648 0.267648 -0.925597 
0.317842 0.26546 -0.910224 0.368119 0.267014 -0.890613 0.371365 0.262332 -0.890657 
-0.319261 0.319261 -0.892269 -0.323994 0.319334 -0.890536 -0.26546 0.317842 -0.910224 
-0.213778 0.319601 -0.923122 -0.162949 0.323765 -0.932 -0.110342 0.327165 -0.938503 
-0.0556617 0.328688 -0.942797 0.0556617 0.328688 -0.942797 0.110342 0.327165 -0.938503 
0.162949 0.323765 -0.932 0.213778 0.319601 -0.923122 0.26546 0.317842 -0.910224 
0.319261 0.319261 -0.892269 0.323994 0.319334 -0.890536 -0.319334 0.323994 -0.890536 
-0.267014 0.368119 -0.890613 -0.262332 0.371365 -0.890657 -0.213199 0.370209 -0.904152 
-0.159831 0.370228 -0.915088 -0.107 0.371716 -0.922159 -0.0537831 0.373302 -0.926149 
1.3859e-16 0.373933 -0.927456 0.0537831 0.373302 -0.926149 0.107 0.371716 -0.922159 
0.159831 0.370228 -0.915088 0.213199 0.370209 -0.904152 0.262332 0.371365 -0.890657 
0.267014 0.368119 -0.890613 0.319334 0.323994 -0.890536 -0.213942 0.399038 -0.891626 
-0.162598 0.423072 -0.891388 -0.161111 0.423047 -0.891669 -0.107226 0.422381 -0.900054 
-0.0535389 0.422037 -0.904996 0 0.421962 -0.906613 0.0535389 0.422037 -0.904996 
0.107226 0.422381 -0.900054 0.161111 0.423047 -0.891669 0.162598 0.423072 -0.891388 
0.213942 0.399038 -0.891626 -0.161114 0.423613 -0.8914 -0.107408 0.438013 -0.892529 
-0.0537406 0.447083 -0.892877 0 0.450165 -0.892945 0.0537406 0.447083 -0.892877 
0.107408 0.438013 -0.892529 0.161114 0.423613 -0.8914 -0.106354 -0.519384 -0.847897 
-0.106337 -0.528666 -0.842143 -0.150698 -0.519132 -0.841304 -0.0531689 -0.519615 -0.852744 
-0.0531744 -0.53579 -0.842675 1.45128e-16 -0.519697 -0.854351 1.51223e-16 -0.538186 -0.842826 
0.0531689 -0.519615 -0.852744 0.0531744 -0.53579 -0.842675 0.106354 -0.519384 -0.847897 
0.106337 -0.528666 -0.842143 0.150698 -0.519132 -0.841304 -0.264097 -0.4686 -0.84301 
-0.264089 -0.47396 -0.840011 -0.274187 -0.46854 -0.839817 -0.211621 -0.468896 -0.857527 
-0.211782 -0.497697 -0.841098 -0.159205 -0.469615 -0.868398 -0.159432 -0.516788 -0.841137 
-0.106567 -0.470609 -0.875883 -0.0534557 -0.47142 -0.880287 1.18544e-16 -0.471725 -0.881746 
0.0534557 -0.47142 -0.880287 0.106567 -0.470609 -0.875883 0.159432 -0.516788 -0.841137 
0.159205 -0.469615 -0.868398 0.211621 -0.468896 -0.857527 0.211782 -0.497697 -0.841098 
0.264097 -0.4686 -0.84301 0.264089 -0.47396 -0.840011 0.274187 -0.46854 -0.839817 
-0.315612 -0.417971 -0.851874 -0.315629 -0.441788 -0.839763 -0.347876 -0.417866 -0.839268 
-0.264127 -0.41878 -0.868827 -0.213 -0.420794 -0.881795 0.213 -0.420794 -0.881795 
0.264127 -0.41878 -0.868827 0.315629 -0.441788 -0.839763 0.315612 -0.417971 -0.851874 
0.347876 -0.417866 -0.839268 -0.366961 -0.366961 -0.854797 -0.366949 -0.401347 -0.839207 
-0.401347 -0.366949 -0.839207 -0.316593 -0.368208 -0.874181 -0.266877 -0.371122 -0.889407 
0.266877 -0.371122 -0.889407 0.316593 -0.368208 -0.874181 0.366949 -0.401347 -0.839207 
0.366961 -0.366961 -0.854797 0.401347 -0.366949 -0.839207 -0.417971 -0.315612 -0.851874 
-0.417866 -0.347876 -0.839268 -0.441788 -0.315629 -0.839763 -0.368208 -0.316593 -0.874181 
0.368208 -0.316593 -0.874181 0.417866 -0.347876 -0.839268 0.417971 -0.315612 -0.851874 
0.441788 -0.315629 -0.839763 -0.4686 -0.264097 -0.84301 -0.46854 -0.274187 -0.839817 
-0.47396 -0.264089 -0.840011 -0.41878 -0.264127 -0.868827 -0.371122 -0.266877 -0.889407 
0.371122 -0.266877 -0.889407 0.41878 -0.264127 -0.868827 0.46854 -0.274187 -0.839817 
0.4686 -0.264097 -0.84301 0.47396 -0.264089 -0.840011 -0.468896 -0.211621 -0.857527 
-0.497697 -0.211782 -0.841098 -0.420794 -0.213 -0.881795 0.420794 -0.213 -0.881795 
0.468896 -0.211621 -0.857527 0.497697 -0.211782 -0.841098 -0.469615 -0.159205 -0.868398 
-0.516788 -0.159432 -0.841137 0.469615 -0.159205 -0.868398 0.516788 -0.159432 -0.841137 
-0.519384 -0.106354 -0.847897 -0.519132 -0.150698 -0.841304 -0.528666 -0.106337 -0.842143 
-0.470609 -0.106567 -0.875883 0.470609 -0.106567 -0.875883 0.519132 -0.150698 -0.841304 
0.519384 -0.106354 -0.847897 0.528666 -0.106337 -0.842143 -0.519615 -0.0531689 -0.852744 
-0.53579 -0.0531744 -0.842675 -0.47142 -0.0534557 -0.880287 0.47142 -0.0534557 -0.880287 
0.519615 -0.0531689 -0.852744 0.53579 -0.0531744 -0.842675 -0.519697 5.80511e-16 -0.854351 
-0.538186 4.56849e-16 -0.842826 -0.471725 -2.10579e-16 -0.881746 0.471725 -2.85191e-16 -0.881746 
0.519697 6.04038e-16 -0.854351 0.538186 4.93859e-16 -0.842826 -0.519615 0.0531689 -0.852744 
-0.53579 0.0531744 -0.842675 -0.47142 0.0534557 -0.880287 0.47142 0.0534557 -0.880287 
0.519615 0.0531689 -0.852744 0.53579 0.0531744 -0.842675 -0.519384 0.106354 -0.847897 
-0.528666 0.106337 -0.842143 -0.470609 0.106567 -0.875883 0.470609 0.106567 -0.875883 
0.519384 0.106354 -0.847897 0.528666 0.106337 -0.842143 -0.519132 0.150698 -0.841304 
-0.516788 0.159432 -0.841137 -0.469615 0.159205 -0.868398 0.469615 0.159205 -0.868398 
0.516788 0.159432 -0.841137 0.519132 0.150698 -0.841304 -0.468896 0.211621 -0.857527 
-0.497697 0.211782 -0.841098 -0.420794 0.213 -0.881795 0.420794 0.213 -0.881795 
0.468896 0.211621 -0.857527 0.497697 0.211782 -0.841098 -0.4686 0.264097 -0.84301 
-0.47396 0.264089 -0.840011 -0.41878 0.264127 -0.868827 -0.371122 0.266877 -0.889407 
0.371122 0.266877 -0.889407 0.41878 0.264127 -0.868827 0.4686 0.264097 -0.84301 
0.47396 0.264089 -0.840011 -0.46854 0.274187 -0.839817 -0.441788 0.315629 -0.839763 
-0.417971 0.315612 -0.851874 -0.368208 0.316593 -0.874181 0.368208 0.316593 -0.874181 
0.417971 0.315612 -0.851874 0.441788 0.315629 -0.839763 0.46854 0.274187 -0.839817 
-0.417866 0.347876 -0.839268 -0.401347 0.366949 -0.839207 -0.366961 0.366961 -0.854797 
-0.316593 0.368208 -0.874181 -0.266877 0.371122 -0.889407 0.266877 0.371122 -0.889407 
0.316593 0.368208 -0.874181 0.366961 0.366961 -0.854797 0.401347 0.366949 -0.839207 
0.417866 0.347876 -0.839268 -0.366949 0.401347 -0.839207 -0.347876 0.417866 -0.839268 
-0.315612 0.417971 -0.851874 -0.264127 0.41878 -0.868827 -0.213 0.420794 -0.881795 
0.213 0.420794 -0.881795 0.264127 0.41878 -0.868827 0.315612 0.417971 -0.851874 
0.347876 0.417866 -0.839268 0.366949 0.401347 -0.839207 -0.315629 0.441788 -0.839763 
-0.274187 0.46854 -0.839817 -0.264097 0.4686 -0.84301 -0.211621 0.468896 -0.857527 
-0.159205 0.469615 -0.868398 -0.106567 0.470609 -0.875883 -0.0534557 0.47142 -0.880287 
4.39331e-17 0.471725 -0.881746 0.0534557 0.47142 -0.880287 0.106567 0.470609 -0.875883 
0.159205 0.469615 -0.868398 0.211621 0.468896 -0.857527 0.264097 0.4686 -0.84301 
0.274187 0.46854 -0.839817 0.315629 0.441788 -0.839763 -0.264089 0.47396 -0.840011 
-0.211782 0.497697 -0.841098 -0.159432 0.516788 -0.841137 -0.150698 0.519132 -0.841304 
-0.106354 0.519384 -0.847897 -0.0531689 0.519615 -0.852744 9.80753e-17 0.519697 -0.854351 
0.0531689 0.519615 -0.852744 0.106354 0.519384 -0.847897 0.150698 0.519132 -0.841304 
0.159432 0.516788 -0.841137 0.211782 0.497697 -0.841098 0.264089 0.47396 -0.840011 
-0.106337 0.528666 -0.842143 -0.0531744 0.53579 -0.842675 4.01907e-17 0.538186 -0.842826 
0.0531744 0.53579 -0.842675 0.106337 0.528666 -0.842143 -0.210423 -0.563903 -0.798584 
-0.210365 -0.57206 -0.792776 -0.234462 -0.563513 -0.792137 -0.157904 -0.564704 -0.810047 
-0.157974 -0.5872 -0.793877 -0.105413 -0.565287 -0.818131 -0.10574 -0.598022 -0.794474 
-0.0528016 -0.565668 -0.822941 -0.0531161 -0.604426 -0.794888 5.90057e-17 -0.565803 -0.82454 
8.12209e-17 -0.606548 -0.795047 0.0528016 -0.565668 -0.822941 0.0531161 -0.604426 -0.794888 
0.105413 -0.565287 -0.818131 0.10574 -0.598022 -0.794474 0.157904 -0.564704 -0.810047 
0.157974 -0.5872 -0.793877 0.210423 -0.563903 -0.798584 0.210365 -0.57206 -0.792776 
0.234462 -0.563513 -0.792137 -0.313459 -0.514138 -0.798377 -0.313395 -0.525473 -0.790988 
-0.333447 -0.513799 -0.790458 -0.262103 -0.514908 -0.816193 -0.262154 -0.5517 -0.791772 
-0.210907 -0.516428 -0.829952 -0.159353 -0.518701 -0.839974 0.159353 -0.518701 -0.839974 
0.210907 -0.516428 -0.829952 0.262154 -0.5517 -0.791772 0.262103 -0.514908 -0.816193 
0.313459 -0.514138 -0.798377 0.313395 -0.525473 -0.790988 0.333447 -0.513799 -0.790458 
-0.364147 -0.464597 -0.807185 -0.363974 -0.492975 -0.790252 -0.401459 -0.464124 -0.78957 
-0.314061 -0.46601 -0.827164 0.314061 -0.46601 -0.827164 0.363974 -0.492975 -0.790252 
0.364147 -0.464597 -0.807185 0.401459 -0.464124 -0.78957 -0.414588 -0.414588 -0.810083 
-0.414272 -0.452825 -0.789511 -0.452825 -0.414272 -0.789511 -0.365827 -0.416527 -0.832272 
0.365827 -0.416527 -0.832272 0.414272 -0.452825 -0.789511 0.414588 -0.414588 -0.810083 
0.452825 -0.414272 -0.789511 -0.464597 -0.364147 -0.807185 -0.464124 -0.401459 -0.78957 
-0.492975 -0.363974 -0.790252 -0.416527 -0.365827 -0.832272 0.416527 -0.365827 -0.832272 
0.464124 -0.401459 -0.78957 0.464597 -0.364147 -0.807185 0.492975 -0.363974 -0.790252 
-0.514138 -0.313459 -0.798377 -0.513799 -0.333447 -0.790458 -0.525473 -0.313395 -0.790988 
-0.46601 -0.314061 -0.827164 0.46601 -0.314061 -0.827164 0.513799 -0.333447 -0.790458 
0.514138 -0.313459 -0.798377 0.525473 -0.313395 -0.790988 -0.514908 -0.262103 -0.816193 
-0.5517 -0.262154 -0.791772 0.514908 -0.262103 -0.816193 0.5517 -0.262154 -0.791772 
-0.563903 -0.210423 -0.798584 -0.563513 -0.234462 -0.792137 -0.57206 -0.210365 -0.792776 
-0.516428 -0.210907 -0.829952 0.516428 -0.210907 -0.829952 0.563513 -0.234462 -0.792137 
0.563903 -0.210423 -0.798584 0.57206 -0.210365 -0.792776 -0.564704 -0.157904 -0.810047 
-0.5872 -0.157974 -0.793877 -0.518701 -0.159353 -0.839974 0.518701 -0.159353 -0.839974 
0.564704 -0.157904 -0.810047 0.5872 -0.157974 -0.793877 -0.565287 -0.105413 -0.818131 
-0.598022 -0.10574 -0.794474 0.565287 -0.105413 -0.818131 0.598022 -0.10574 -0.794474 
-0.565668 -0.0528016 -0.822941 -0.604426 -0.0531161 -0.794888 0.565668 -0.0528016 -0.822941 
0.604426 -0.0531161 -0.794888 -0.565803 -1.49933e-16 -0.82454 -0.606548 -4.63629e-17 -0.795047 
0.565803 -9.09275e-17 -0.82454 0.606548 3.4858e-17 -0.795047 -0.565668 0.0528016 -0.822941 
-0.604426 0.0531161 -0.794888 0.565668 0.0528016 -0.822941 0.604426 0.0531161 -0.794888 
-0.565287 0.105413 -0.818131 -0.598022 0.10574 -0.794474 0.565287 0.105413 -0.818131 
0.598022 0.10574 -0.794474 -0.564704 0.157904 -0.810047 -0.5872 0.157974 -0.793877 
-0.518701 0.159353 -0.839974 0.518701 0.159353 -0.839974 0.564704 0.157904 -0.810047 
0.5872 0.157974 -0.793877 -0.563903 0.210423 -0.798584 -0.57206 0.210365 -0.792776 
-0.516428 0.210907 -0.829952 0.516428 0.210907 -0.829952 0.563903 0.210423 -0.798584 
0.57206 0.210365 -0.792776 -0.563513 0.234462 -0.792137 -0.5517 0.262154 -0.791772 
-0.514908 0.262103 -0.816193 0.514908 0.262103 -0.816193 0.5517 0.262154 -0.791772 
0.563513 0.234462 -0.792137 -0.514138 0.313459 -0.798377 -0.525473 0.313395 -0.790988 
-0.46601 0.314061 -0.827164 0.46601 0.314061 -0.827164 0.514138 0.313459 -0.798377 
0.525473 0.313395 -0.790988 -0.513799 0.333447 -0.790458 -0.492975 0.363974 -0.790252 
-0.464597 0.364147 -0.807185 -0.416527 0.365827 -0.832272 0.416527 0.365827 -0.832272 
0.464597 0.364147 -0.807185 0.492975 0.363974 -0.790252 0.513799 0.333447 -0.790458 
-0.464124 0.401459 -0.78957 -0.452825 0.414272 -0.789511 -0.414588 0.414588 -0.810083 
-0.365827 0.416527 -0.832272 0.365827 0.416527 -0.832272 0.414588 0.414588 -0.810083 
0.452825 0.414272 -0.789511 0.464124 0.401459 -0.78957 -0.414272 0.452825 -0.789511 
-0.401459 0.464124 -0.78957 -0.364147 0.464597 -0.807185 -0.314061 0.46601 -0.827164 
0.314061 0.46601 -0.827164 0.364147 0.464597 -0.807185 0.401459 0.464124 -0.78957 
0.414272 0.452825 -0.789511 -0.363974 0.492975 -0.790252 -0.333447 0.513799 -0.790458 
-0.313459 0.514138 -0.798377 -0.262103 0.514908 -0.816193 -0.210907 0.516428 -0.829952 
-0.159353 0.518701 -0.839974 0.159353 0.518701 -0.839974 0.210907 0.516428 -0.829952 
0.262103 0.514908 -0.816193 0.313459 0.514138 -0.798377 0.333447 0.513799 -0.790458 
0.363974 0.492975 -0.790252 -0.313395 0.525473 -0.790988 -0.262154 0.5517 -0.791772 
-0.234462 0.563513 -0.792137 -0.210423 0.563903 -0.798584 -0.157904 0.564704 -0.810047 
-0.105413 0.565287 -0.818131 -0.0528016 0.565668 -0.822941 -2.67945e-16 0.565803 -0.82454 
0.0528016 0.565668 -0.822941 0.105413 0.565287 -0.818131 0.157904 0.564704 -0.810047 
0.210423 0.563903 -0.798584 0.234462 0.563513 -0.792137 0.262154 0.5517 -0.791772 
0.313395 0.525473 -0.790988 -0.210365 0.57206 -0.792776 -0.157974 0.5872 -0.793877 
-0.10574 0.598022 -0.794474 -0.0531161 0.604426 -0.794888 1.16079e-16 0.606548 -0.795047 
0.0531161 0.604426 -0.794888 0.10574 0.598022 -0.794474 0.157974 0.5872 -0.793877 
0.210365 0.57206 -0.792776 -0.0534072 -0.657228 -0.751798 -0.0534028 -0.660757 -0.748698 
-0.0919176 -0.657048 -0.748224 0 -0.657396 -0.753546 0 -0.662587 -0.748985 
0.0534072 -0.657228 -0.751798 0.0534028 -0.660757 -0.748698 0.0919176 -0.657048 -0.748224 
-0.261116 -0.608338 -0.749496 -0.261072 -0.613856 -0.744998 -0.275721 -0.607971 -0.744547 
-0.209142 -0.609606 -0.764618 -0.209211 -0.631693 -0.746455 -0.157435 -0.610481 -0.776226 
-0.157943 -0.645544 -0.747213 -0.105619 -0.611155 -0.784433 -0.106318 -0.655267 -0.747878 
-0.0531056 -0.611655 -0.78934 1.0195e-16 -0.611851 -0.790973 0.0531056 -0.611655 -0.78934 
0.106318 -0.655267 -0.747878 0.105619 -0.611155 -0.784433 0.157435 -0.610481 -0.776226 
0.157943 -0.645544 -0.747213 0.209142 -0.609606 -0.764618 0.209211 -0.631693 -0.746455 
0.261116 -0.608338 -0.749496 0.261072 -0.613856 -0.744998 0.275721 -0.607971 -0.744547 
-0.36243 -0.55913 -0.745666 -0.36239 -0.563252 -0.742578 -0.369371 -0.55895 -0.742388 
-0.311913 -0.560282 -0.767329 -0.311844 -0.590931 -0.744012 -0.261679 -0.561998 -0.784654 
0.261679 -0.561998 -0.784654 0.311844 -0.590931 -0.744012 0.311913 -0.560282 -0.767329 
0.36243 -0.55913 -0.745666 0.36239 -0.563252 -0.742578 0.369371 -0.55895 -0.742388 
-0.412149 -0.510653 -0.754564 -0.411926 -0.528706 -0.742151 -0.435426 -0.510146 -0.741725 
-0.362855 -0.511993 -0.778588 0.362855 -0.511993 -0.778588 0.411926 -0.528706 -0.742151 
0.412149 -0.510653 -0.754564 0.435426 -0.510146 -0.741725 -0.461594 -0.461594 -0.757537 
-0.461173 -0.487135 -0.741633 -0.487135 -0.461173 -0.741633 -0.41356 -0.463275 -0.783801 
0.41356 -0.463275 -0.783801 0.461173 -0.487135 -0.741633 0.461594 -0.461594 -0.757537 
0.487135 -0.461173 -0.741633 -0.510653 -0.412149 -0.754564 -0.510146 -0.435426 -0.741725 
-0.528706 -0.411926 -0.742151 -0.463275 -0.41356 -0.783801 0.463275 -0.41356 -0.783801 
0.510146 -0.435426 -0.741725 0.510653 -0.412149 -0.754564 0.528706 -0.411926 -0.742151 
-0.55913 -0.36243 -0.745666 -0.55895 -0.369371 -0.742388 -0.563252 -0.36239 -0.742578 
-0.511993 -0.362855 -0.778588 0.511993 -0.362855 -0.778588 0.55895 -0.369371 -0.742388 
0.55913 -0.36243 -0.745666 0.563252 -0.36239 -0.742578 -0.560282 -0.311913 -0.767329 
-0.590931 -0.311844 -0.744012 0.560282 -0.311913 -0.767329 0.590931 -0.311844 -0.744012 
-0.608338 -0.261116 -0.749496 -0.607971 -0.275721 -0.744547 -0.613856 -0.261072 -0.744998 
-0.561998 -0.261679 -0.784654 0.561998 -0.261679 -0.784654 0.607971 -0.275721 -0.744547 
0.608338 -0.261116 -0.749496 0.613856 -0.261072 -0.744998 -0.609606 -0.209142 -0.764618 
-0.631693 -0.209211 -0.746455 0.609606 -0.209142 -0.764618 0.631693 -0.209211 -0.746455 
-0.610481 -0.157435 -0.776226 -0.645544 -0.157943 -0.747213 0.610481 -0.157435 -0.776226 
0.645544 -0.157943 -0.747213 -0.611155 -0.105619 -0.784433 -0.655267 -0.106318 -0.747878 
0.611155 -0.105619 -0.784433 0.655267 -0.106318 -0.747878 -0.657228 -0.0534072 -0.751798 
-0.657048 -0.0919176 -0.748224 -0.660757 -0.0534028 -0.748698 -0.611655 -0.0531056 -0.78934 
0.611655 -0.0531056 -0.78934 0.657048 -0.0919176 -0.748224 0.657228 -0.0534072 -0.751798 
0.660757 -0.0534028 -0.748698 -0.657396 -1.02479e-17 -0.753546 -0.662587 -2.3167e-17 -0.748985 
-0.611851 8.79308e-17 -0.790973 0.611851 1.54709e-16 -0.790973 0.657396 -1.75832e-16 -0.753546 
0.662587 -1.62477e-16 -0.748985 -0.657228 0.0534072 -0.751798 -0.660757 0.0534028 -0.748698 
-0.611655 0.0531056 -0.78934 0.611655 0.0531056 -0.78934 0.657228 0.0534072 -0.751798 
0.660757 0.0534028 -0.748698 -0.657048 0.0919176 -0.748224 -0.655267 0.106318 -0.747878 
-0.611155 0.105619 -0.784433 0.611155 0.105619 -0.784433 0.655267 0.106318 -0.747878 
0.657048 0.0919176 -0.748224 -0.610481 0.157435 -0.776226 -0.645544 0.157943 -0.747213 
0.610481 0.157435 -0.776226 0.645544 0.157943 -0.747213 -0.609606 0.209142 -0.764618 
-0.631693 0.209211 -0.746455 0.609606 0.209142 -0.764618 0.631693 0.209211 -0.746455 
-0.608338 0.261116 -0.749496 -0.613856 0.261072 -0.744998 -0.561998 0.261679 -0.784654 
0.561998 0.261679 -0.784654 0.608338 0.261116 -0.749496 0.613856 0.261072 -0.744998 
-0.607971 0.275721 -0.744547 -0.590931 0.311844 -0.744012 -0.560282 0.311913 -0.767329 
0.560282 0.311913 -0.767329 0.590931 0.311844 -0.744012 0.607971 0.275721 -0.744547 
-0.55913 0.36243 -0.745666 -0.563252 0.36239 -0.742578 -0.511993 0.362855 -0.778588 
0.511993 0.362855 -0.778588 0.55913 0.36243 -0.745666 0.563252 0.36239 -0.742578 
-0.55895 0.369371 -0.742388 -0.528706 0.411926 -0.742151 -0.510653 0.412149 -0.754564 
-0.463275 0.41356 -0.783801 0.463275 0.41356 -0.783801 0.510653 0.412149 -0.754564 
0.528706 0.411926 -0.742151 0.55895 0.369371 -0.742388 -0.510146 0.435426 -0.741725 
-0.487135 0.461173 -0.741633 -0.461594 0.461594 -0.757537 -0.41356 0.463275 -0.783801 
0.41356 0.463275 -0.783801 0.461594 0.461594 -0.757537 0.487135 0.461173 -0.741633 
0.510146 0.435426 -0.741725 -0.461173 0.487135 -0.741633 -0.435426 0.510146 -0.741725 
-0.412149 0.510653 -0.754564 -0.362855 0.511993 -0.778588 0.362855 0.511993 -0.778588 
0.412149 0.510653 -0.754564 0.435426 0.510146 -0.741725 0.461173 0.487135 -0.741633 
-0.411926 0.528706 -0.742151 -0.369371 0.55895 -0.742388 -0.36243 0.55913 -0.745666 
-0.311913 0.560282 -0.767329 -0.261679 0.561998 -0.784654 0.261679 0.561998 -0.784654 
0.311913 0.560282 -0.767329 0.36243 0.55913 -0.745666 0.369371 0.55895 -0.742388 
0.411926 0.528706 -0.742151 -0.36239 0.563252 -0.742578 -0.311844 0.590931 -0.744012 
-0.275721 0.607971 -0.744547 -0.261116 0.608338 -0.749496 -0.209142 0.609606 -0.764618 
-0.157435 0.610481 -0.776226 -0.105619 0.611155 -0.784433 -0.0531056 0.611655 -0.78934 
2.039e-16 0.611851 -0.790973 0.0531056 0.611655 -0.78934 0.105619 0.611155 -0.784433 
0.157435 0.610481 -0.776226 0.209142 0.609606 -0.764618 0.261116 0.608338 -0.749496 
0.275721 0.607971 -0.744547 0.311844 0.590931 -0.744012 0.36239 0.563252 -0.742578 
-0.261072 0.613856 -0.744998 -0.209211 0.631693 -0.746455 -0.157943 0.645544 -0.747213 
-0.106318 0.655267 -0.747878 -0.0919176 0.657048 -0.748224 -0.0534072 0.657228 -0.751798 
3.31169e-16 0.657396 -0.753546 0.0534072 0.657228 -0.751798 0.0919176 0.657048 -0.748224 
0.106318 0.655267 -0.747878 0.157943 0.645544 -0.747213 0.209211 0.631693 -0.746455 
0.261072 0.613856 -0.744998 -0.0534028 0.660757 -0.748698 3.24955e-16 0.662587 -0.748985 
0.0534028 0.660757 -0.748698 -0.106467 -0.702209 -0.703966 -0.106467 -0.703966 -0.702209 
-0.118759 -0.702103 -0.702103 -0.0533883 -0.702905 -0.709277 -0.0533883 -0.709277 -0.702905 
-1.51776e-16 -0.703124 -0.711068 -1.34137e-16 -0.711068 -0.703124 0.0533883 -0.702905 -0.709277 
0.0533883 -0.709277 -0.702905 0.106467 -0.702209 -0.703966 0.106467 -0.703966 -0.702209 
0.118759 -0.702103 -0.702103 -0.260301 -0.653921 -0.710374 -0.260279 -0.665619 -0.699432 
-0.293722 -0.652818 -0.698252 -0.208836 -0.655126 -0.726083 -0.208942 -0.682277 -0.7006 
-0.157893 -0.655938 -0.738116 -0.158187 -0.69503 -0.701363 -0.106322 -0.656699 -0.746621 
0.106322 -0.656699 -0.746621 0.158187 -0.69503 -0.701363 0.157893 -0.655938 -0.738116 
0.208836 -0.655126 -0.726083 0.208942 -0.682277 -0.7006 0.260301 -0.653921 -0.710374 
0.260279 -0.665619 -0.699432 0.293722 -0.652818 -0.698252 -0.361312 -0.605094 -0.709447 
-0.361246 -0.619708 -0.696752 -0.38815 -0.60426 -0.695852 -0.31136 -0.606401 -0.731664 
-0.311283 -0.645228 -0.697699 0.31136 -0.606401 -0.731664 0.311283 -0.645228 -0.697699 
0.361312 -0.605094 -0.709447 0.361246 -0.619708 -0.696752 0.38815 -0.60426 -0.695852 
-0.4108 -0.557185 -0.721656 -0.410542 -0.589775 -0.695429 -0.457148 -0.555957 -0.694209 
0.4108 -0.557185 -0.721656 0.410542 -0.589775 -0.695429 0.457148 -0.555957 -0.694209 
-0.507964 -0.507964 -0.695662 -0.507917 -0.510398 -0.693912 -0.510398 -0.507917 -0.693912 
-0.460119 -0.5089 -0.727537 -0.459548 -0.554019 -0.694175 0.460119 -0.5089 -0.727537 
0.459548 -0.554019 -0.694175 0.507964 -0.507964 -0.695662 0.507917 -0.510398 -0.693912 
0.510398 -0.507917 -0.693912 -0.5089 -0.460119 -0.727537 -0.554019 -0.459548 -0.694175 
0.5089 -0.460119 -0.727537 0.554019 -0.459548 -0.694175 -0.557185 -0.4108 -0.721656 
-0.555957 -0.457148 -0.694209 -0.589775 -0.410542 -0.695429 0.557185 -0.4108 -0.721656 
0.555957 -0.457148 -0.694209 0.589775 -0.410542 -0.695429 -0.605094 -0.361312 -0.709447 
-0.60426 -0.38815 -0.695852 -0.619708 -0.361246 -0.696752 0.605094 -0.361312 -0.709447 
0.60426 -0.38815 -0.695852 0.619708 -0.361246 -0.696752 -0.606401 -0.31136 -0.731664 
-0.645228 -0.311283 -0.697699 0.606401 -0.31136 -0.731664 0.645228 -0.311283 -0.697699 
-0.653921 -0.260301 -0.710374 -0.652818 -0.293722 -0.698252 -0.665619 -0.260279 -0.699432 
0.653921 -0.260301 -0.710374 0.652818 -0.293722 -0.698252 0.665619 -0.260279 -0.699432 
-0.655126 -0.208836 -0.726083 -0.682277 -0.208942 -0.7006 0.655126 -0.208836 -0.726083 
0.682277 -0.208942 -0.7006 -0.655938 -0.157893 -0.738116 -0.69503 -0.158187 -0.701363 
0.655938 -0.157893 -0.738116 0.69503 -0.158187 -0.701363 -0.702209 -0.106467 -0.703966 
-0.702103 -0.118759 -0.702103 -0.703966 -0.106467 -0.702209 -0.656699 -0.106322 -0.746621 
0.656699 -0.106322 -0.746621 0.702103 -0.118759 -0.702103 0.702209 -0.106467 -0.703966 
0.703966 -0.106467 -0.702209 -0.702905 -0.0533883 -0.709277 -0.709277 -0.0533883 -0.702905 
0.702905 -0.0533883 -0.709277 0.709277 -0.0533883 -0.702905 -0.703124 1.16498e-16 -0.711068 
-0.711068 1.69415e-16 -0.703124 0.703124 3.03552e-16 -0.711068 0.711068 3.56469e-16 -0.703124 
-0.702905 0.0533883 -0.709277 -0.709277 0.0533883 -0.702905 0.702905 0.0533883 -0.709277 
0.709277 0.0533883 -0.702905 -0.702209 0.106467 -0.703966 -0.703966 0.106467 -0.702209 
-0.656699 0.106322 -0.746621 0.656699 0.106322 -0.746621 0.702209 0.106467 -0.703966 
0.703966 0.106467 -0.702209 -0.702103 0.118759 -0.702103 -0.69503 0.158187 -0.701363 
-0.655938 0.157893 -0.738116 0.655938 0.157893 -0.738116 0.69503 0.158187 -0.701363 
0.702103 0.118759 -0.702103 -0.655126 0.208836 -0.726083 -0.682277 0.208942 -0.7006 
0.655126 0.208836 -0.726083 0.682277 0.208942 -0.7006 -0.653921 0.260301 -0.710374 
-0.665619 0.260279 -0.699432 0.653921 0.260301 -0.710374 0.665619 0.260279 -0.699432 
-0.652818 0.293722 -0.698252 -0.606401 0.31136 -0.731664 -0.645228 0.311283 -0.697699 
0.606401 0.31136 -0.731664 0.645228 0.311283 -0.697699 0.652818 0.293722 -0.698252 
-0.605094 0.361312 -0.709447 -0.619708 0.361246 -0.696752 0.605094 0.361312 -0.709447 
0.619708 0.361246 -0.696752 -0.60426 0.38815 -0.695852 -0.557185 0.4108 -0.721656 
-0.589775 0.410542 -0.695429 0.557185 0.4108 -0.721656 0.589775 0.410542 -0.695429 
0.60426 0.38815 -0.695852 -0.555957 0.457148 -0.694209 -0.5089 0.460119 -0.727537 
-0.554019 0.459548 -0.694175 0.5089 0.460119 -0.727537 0.554019 0.459548 -0.694175 
0.555957 0.457148 -0.694209 -0.507964 0.507964 -0.695662 -0.510398 0.507917 -0.693912 
-0.460119 0.5089 -0.727537 0.460119 0.5089 -0.727537 0.507964 0.507964 -0.695662 
0.510398 0.507917 -0.693912 -0.507917 0.510398 -0.693912 -0.459548 0.554019 -0.694175 
-0.4108 0.557185 -0.721656 -0.457148 0.555957 -0.694209 0.4108 0.557185 -0.721656 
0.457148 0.555957 -0.694209 0.459548 0.554019 -0.694175 0.507917 0.510398 -0.693912 
-0.410542 0.589775 -0.695429 -0.361312 0.605094 -0.709447 -0.38815 0.60426 -0.695852 
-0.31136 0.606401 -0.731664 0.31136 0.606401 -0.731664 0.361312 0.605094 -0.709447 
0.38815 0.60426 -0.695852 0.410542 0.589775 -0.695429 -0.361246 0.619708 -0.696752 
-0.311283 0.645228 -0.697699 -0.260301 0.653921 -0.710374 -0.293722 0.652818 -0.698252 
-0.208836 0.655126 -0.726083 -0.157893 0.655938 -0.738116 -0.106322 0.656699 -0.746621 
0.106322 0.656699 -0.746621 0.157893 0.655938 -0.738116 0.208836 0.655126 -0.726083 
0.260301 0.653921 -0.710374 0.293722 0.652818 -0.698252 0.311283 0.645228 -0.697699 
0.361246 0.619708 -0.696752 -0.260279 0.665619 -0.699432 -0.208942 0.682277 -0.7006 
-0.158187 0.69503 -0.701363 -0.118759 0.702103 -0.702103 -0.106467 0.702209 -0.703966 
-0.0533883 0.702905 -0.709277 0 0.703124 -0.711068 0.0533883 0.702905 -0.709277 
0.106467 0.702209 -0.703966 0.118759 0.702103 -0.702103 0.158187 0.69503 -0.701363 
0.208942 0.682277 -0.7006 0.260279 0.665619 -0.699432 -0.106467 0.703966 -0.702209 
-0.0533883 0.709277 -0.702905 0 0.711068 -0.703124 0.0533883 0.709277 -0.702905 
0.106467 0.703966 -0.702209 -0.0534028 -0.748698 -0.660757 -0.0534072 -0.751798 -0.657228 
-0.0919176 -0.748224 -0.657048 1.15835e-17 -0.748985 -0.662587 0 -0.753546 -0.657396 
0.0534028 -0.748698 -0.660757 0.0534072 -0.751798 -0.657228 0.0919176 -0.748224 -0.657048 
-0.260279 -0.699432 -0.665619 -0.260301 -0.710374 -0.653921 -0.293722 -0.698252 -0.652818 
-0.208942 -0.7006 -0.682277 -0.208836 -0.726083 -0.655126 -0.158187 -0.701363 -0.69503 
-0.157893 -0.738116 -0.655938 -0.106322 -0.746621 -0.656699 0.106322 -0.746621 -0.656699 
0.158187 -0.701363 -0.69503 0.157893 -0.738116 -0.655938 0.208942 -0.7006 -0.682277 
0.208836 -0.726083 -0.655126 0.260279 -0.699432 -0.665619 0.260301 -0.710374 -0.653921 
0.293722 -0.698252 -0.652818 -0.360931 -0.650921 -0.667856 -0.360931 -0.667856 -0.650921 
-0.394463 -0.649769 -0.649769 -0.311201 -0.652088 -0.691328 -0.311201 -0.691328 -0.652088 
0.311201 -0.652088 -0.691328 0.311201 -0.691328 -0.652088 0.360931 -0.650921 -0.667856 
0.360931 -0.667856 -0.650921 0.394463 -0.649769 -0.649769 -0.458881 -0.602163 -0.653321 
-0.458853 -0.607675 -0.648216 -0.466566 -0.601968 -0.648036 -0.41022 -0.603392 -0.683841 
-0.410112 -0.640497 -0.649286 0.41022 -0.603392 -0.683841 0.410112 -0.640497 -0.649286 
0.458881 -0.602163 -0.653321 0.458853 -0.607675 -0.648216 0.466566 -0.601968 -0.648036 
-0.506981 -0.554781 -0.659688 -0.506831 -0.568899 -0.64767 -0.522736 -0.554497 -0.647519 
-0.459483 -0.555848 -0.692754 0.459483 -0.555848 -0.692754 0.506831 -0.568899 -0.64767 
0.506981 -0.554781 -0.659688 0.522736 -0.554497 -0.647519 -0.554781 -0.506981 -0.659688 
-0.554497 -0.522736 -0.647519 -0.568899 -0.506831 -0.64767 0.554781 -0.506981 -0.659688 
0.554497 -0.522736 -0.647519 0.568899 -0.506831 -0.64767 -0.602163 -0.458881 -0.653321 
-0.601968 -0.466566 -0.648036 -0.607675 -0.458853 -0.648216 -0.555848 -0.459483 -0.692754 
0.555848 -0.459483 -0.692754 0.601968 -0.466566 -0.648036 0.602163 -0.458881 -0.653321 
0.607675 -0.458853 -0.648216 -0.603392 -0.41022 -0.683841 -0.640497 -0.410112 -0.649286 
0.603392 -0.41022 -0.683841 0.640497 -0.410112 -0.649286 -0.650921 -0.360931 -0.667856 
-0.649769 -0.394463 -0.649769 -0.667856 -0.360931 -0.650921 0.650921 -0.360931 -0.667856 
0.649769 -0.394463 -0.649769 0.667856 -0.360931 -0.650921 -0.652088 -0.311201 -0.691328 
-0.691328 -0.311201 -0.652088 0.652088 -0.311201 -0.691328 0.691328 -0.311201 -0.652088 
-0.699432 -0.260279 -0.665619 -0.698252 -0.293722 -0.652818 -0.710374 -0.260301 -0.653921 
0.699432 -0.260279 -0.665619 0.698252 -0.293722 -0.652818 0.710374 -0.260301 -0.653921 
-0.7006 -0.208942 -0.682277 -0.726083 -0.208836 -0.655126 0.7006 -0.208942 -0.682277 
0.726083 -0.208836 -0.655126 -0.701363 -0.158187 -0.69503 -0.738116 -0.157893 -0.655938 
0.701363 -0.158187 -0.69503 0.738116 -0.157893 -0.655938 -0.746621 -0.106322 -0.656699 
0.746621 -0.106322 -0.656699 -0.748698 -0.0534028 -0.660757 -0.748224 -0.0919176 -0.657048 
-0.751798 -0.0534072 -0.657228 0.748224 -0.0919176 -0.657048 0.748698 -0.0534028 -0.660757 
0.751798 -0.0534072 -0.657228 -0.748985 1.15835e-17 -0.662587 -0.753546 1.02479e-17 -0.657396 
0.748985 3.59705e-16 -0.662587 0.753546 3.41417e-16 -0.657396 -0.748698 0.0534028 -0.660757 
-0.751798 0.0534072 -0.657228 0.748698 0.0534028 -0.660757 0.751798 0.0534072 -0.657228 
-0.748224 0.0919176 -0.657048 -0.746621 0.106322 -0.656699 0.746621 0.106322 -0.656699 
0.748224 0.0919176 -0.657048 -0.701363 0.158187 -0.69503 -0.738116 0.157893 -0.655938 
0.701363 0.158187 -0.69503 0.738116 0.157893 -0.655938 -0.7006 0.208942 -0.682277 
-0.726083 0.208836 -0.655126 0.7006 0.208942 -0.682277 0.726083 0.208836 -0.655126 
-0.699432 0.260279 -0.665619 -0.710374 0.260301 -0.653921 0.699432 0.260279 -0.665619 
0.710374 0.260301 -0.653921 -0.698252 0.293722 -0.652818 -0.652088 0.311201 -0.691328 
-0.691328 0.311201 -0.652088 0.652088 0.311201 -0.691328 0.691328 0.311201 -0.652088 
0.698252 0.293722 -0.652818 -0.650921 0.360931 -0.667856 -0.667856 0.360931 -0.650921 
0.650921 0.360931 -0.667856 0.667856 0.360931 -0.650921 -0.649769 0.394463 -0.649769 
-0.603392 0.41022 -0.683841 -0.640497 0.410112 -0.649286 0.603392 0.41022 -0.683841 
0.640497 0.410112 -0.649286 0.649769 0.394463 -0.649769 -0.602163 0.458881 -0.653321 
-0.607675 0.458853 -0.648216 -0.555848 0.459483 -0.692754 0.555848 0.459483 -0.692754 
0.602163 0.458881 -0.653321 0.607675 0.458853 -0.648216 -0.601968 0.466566 -0.648036 
-0.568899 0.506831 -0.64767 -0.554781 0.506981 -0.659688 0.554781 0.506981 -0.659688 
0.568899 0.506831 -0.64767 0.601968 0.466566 -0.648036 -0.554497 0.522736 -0.647519 
-0.506981 0.554781 -0.659688 -0.522736 0.554497 -0.647519 -0.459483 0.555848 -0.692754 
0.459483 0.555848 -0.692754 0.506981 0.554781 -0.659688 0.522736 0.554497 -0.647519 
0.554497 0.522736 -0.647519 -0.506831 0.568899 -0.64767 -0.466566 0.601968 -0.648036 
-0.458881 0.602163 -0.653321 -0.41022 0.603392 -0.683841 0.41022 0.603392 -0.683841 
0.458881 0.602163 -0.653321 0.466566 0.601968 -0.648036 0.506831 0.568899 -0.64767 
-0.458853 0.607675 -0.648216 -0.410112 0.640497 -0.649286 -0.360931 0.650921 -0.667856 
-0.394463 0.649769 -0.649769 -0.311201 0.652088 -0.691328 0.311201 0.652088 -0.691328 
0.360931 0.650921 -0.667856 0.394463 0.649769 -0.649769 0.410112 0.640497 -0.649286 
0.458853 0.607675 -0.648216 -0.360931 0.667856 -0.650921 -0.311201 0.691328 -0.652088 
-0.260279 0.699432 -0.665619 -0.293722 0.698252 -0.652818 -0.208942 0.7006 -0.682277 
-0.158187 0.701363 -0.69503 0.158187 0.701363 -0.69503 0.208942 0.7006 -0.682277 
0.260279 0.699432 -0.665619 0.293722 0.698252 -0.652818 0.311201 0.691328 -0.652088 
0.360931 0.667856 -0.650921 -0.260301 0.710374 -0.653921 -0.208836 0.726083 -0.655126 
-0.157893 0.738116 -0.655938 -0.106322 0.746621 -0.656699 -0.0534028 0.748698 -0.660757 
-0.0919176 0.748224 -0.657048 -1.62477e-16 0.748985 -0.662587 0.0534028 0.748698 -0.660757 
0.0919176 0.748224 -0.657048 0.106322 0.746621 -0.656699 0.157893 0.738116 -0.655938 
0.208836 0.726083 -0.655126 0.260301 0.710374 -0.653921 -0.0534072 0.751798 -0.657228 
-1.75832e-16 0.753546 -0.657396 0.0534072 0.751798 -0.657228 -0.261072 -0.744998 -0.613856 
-0.261116 -0.749496 -0.608338 -0.275721 -0.744547 -0.607971 -0.209211 -0.746455 -0.631693 
-0.209142 -0.764618 -0.609606 -0.157943 -0.747213 -0.645544 -0.157435 -0.776226 -0.610481 
-0.106318 -0.747878 -0.655267 -0.105619 -0.784433 -0.611155 -0.0531056 -0.78934 -0.611655 
-1.86314e-16 -0.790973 -0.611851 0.0531056 -0.78934 -0.611655 0.106318 -0.747878 -0.655267 
0.105619 -0.784433 -0.611155 0.157943 -0.747213 -0.645544 0.157435 -0.776226 -0.610481 
0.209211 -0.746455 -0.631693 0.209142 -0.764618 -0.609606 0.261072 -0.744998 -0.613856 
0.261116 -0.749496 -0.608338 0.275721 -0.744547 -0.607971 -0.361246 -0.696752 -0.619708 
-0.361312 -0.709447 -0.605094 -0.38815 -0.695852 -0.60426 -0.311283 -0.697699 -0.645228 
-0.31136 -0.731664 -0.606401 0.311283 -0.697699 -0.645228 0.31136 -0.731664 -0.606401 
0.361246 -0.696752 -0.619708 0.361312 -0.709447 -0.605094 0.38815 -0.695852 -0.60426 
-0.458853 -0.648216 -0.607675 -0.458881 -0.653321 -0.602163 -0.466566 -0.648036 -0.601968 
-0.410112 -0.649286 -0.640497 -0.41022 -0.683841 -0.603392 0.410112 -0.649286 -0.640497 
0.41022 -0.683841 -0.603392 0.458853 -0.648216 -0.607675 0.458881 -0.653321 -0.602163 
0.466566 -0.648036 -0.601968 -0.506557 -0.60129 -0.61794 -0.506557 -0.61794 -0.60129 
-0.526943 -0.60097 -0.60097 0.506557 -0.60129 -0.61794 0.506557 -0.61794 -0.60129 
0.526943 -0.60097 -0.60097 -0.554022 -0.554022 -0.621385 -0.553866 -0.576461 -0.600771 
-0.576461 -0.553866 -0.600771 0.554022 -0.554022 -0.621385 0.553866 -0.576461 -0.600771 
0.576461 -0.553866 -0.600771 -0.60129 -0.506557 -0.61794 -0.60097 -0.526943 -0.60097 
-0.61794 -0.506557 -0.60129 0.60129 -0.506557 -0.61794 0.60097 -0.526943 -0.60097 
0.61794 -0.506557 -0.60129 -0.648216 -0.458853 -0.607675 -0.648036 -0.466566 -0.601968 
-0.653321 -0.458881 -0.602163 0.648216 -0.458853 -0.607675 0.648036 -0.466566 -0.601968 
0.653321 -0.458881 -0.602163 -0.649286 -0.410112 -0.640497 -0.683841 -0.41022 -0.603392 
0.649286 -0.410112 -0.640497 0.683841 -0.41022 -0.603392 -0.696752 -0.361246 -0.619708 
-0.695852 -0.38815 -0.60426 -0.709447 -0.361312 -0.605094 0.696752 -0.361246 -0.619708 
0.695852 -0.38815 -0.60426 0.709447 -0.361312 -0.605094 -0.697699 -0.311283 -0.645228 
-0.731664 -0.31136 -0.606401 0.697699 -0.311283 -0.645228 0.731664 -0.31136 -0.606401 
-0.744998 -0.261072 -0.613856 -0.744547 -0.275721 -0.607971 -0.749496 -0.261116 -0.608338 
0.744998 -0.261072 -0.613856 0.744547 -0.275721 -0.607971 0.749496 -0.261116 -0.608338 
-0.746455 -0.209211 -0.631693 -0.764618 -0.209142 -0.609606 0.746455 -0.209211 -0.631693 
0.764618 -0.209142 -0.609606 -0.747213 -0.157943 -0.645544 -0.776226 -0.157435 -0.610481 
0.747213 -0.157943 -0.645544 0.776226 -0.157435 -0.610481 -0.747878 -0.106318 -0.655267 
-0.784433 -0.105619 -0.611155 0.747878 -0.106318 -0.655267 0.784433 -0.105619 -0.611155 
-0.78934 -0.0531056 -0.611655 0.78934 -0.0531056 -0.611655 -0.790973 2.1792e-16 -0.611851 
0.790973 2.1792e-16 -0.611851 -0.78934 0.0531056 -0.611655 0.78934 0.0531056 -0.611655 
-0.747878 0.106318 -0.655267 -0.784433 0.105619 -0.611155 0.747878 0.106318 -0.655267 
0.784433 0.105619 -0.611155 -0.747213 0.157943 -0.645544 -0.776226 0.157435 -0.610481 
0.747213 0.157943 -0.645544 0.776226 0.157435 -0.610481 -0.746455 0.209211 -0.631693 
-0.764618 0.209142 -0.609606 0.746455 0.209211 -0.631693 0.764618 0.209142 -0.609606 
-0.744998 0.261072 -0.613856 -0.749496 0.261116 -0.608338 0.744998 0.261072 -0.613856 
0.749496 0.261116 -0.608338 -0.744547 0.275721 -0.607971 -0.697699 0.311283 -0.645228 
-0.731664 0.31136 -0.606401 0.697699 0.311283 -0.645228 0.731664 0.31136 -0.606401 
0.744547 0.275721 -0.607971 -0.696752 0.361246 -0.619708 -0.709447 0.361312 -0.605094 
0.696752 0.361246 -0.619708 0.709447 0.361312 -0.605094 -0.695852 0.38815 -0.60426 
-0.649286 0.410112 -0.640497 -0.683841 0.41022 -0.603392 0.649286 0.410112 -0.640497 
0.683841 0.41022 -0.603392 0.695852 0.38815 -0.60426 -0.648216 0.458853 -0.607675 
-0.653321 0.458881 -0.602163 0.648216 0.458853 -0.607675 0.653321 0.458881 -0.602163 
-0.648036 0.466566 -0.601968 -0.60129 0.506557 -0.61794 -0.61794 0.506557 -0.60129 
0.60129 0.506557 -0.61794 0.61794 0.506557 -0.60129 0.648036 0.466566 -0.601968 
-0.60097 0.526943 -0.60097 -0.554022 0.554022 -0.621385 -0.576461 0.553866 -0.600771 
0.554022 0.554022 -0.621385 0.576461 0.553866 -0.600771 0.60097 0.526943 -0.60097 
-0.553866 0.576461 -0.600771 -0.506557 0.60129 -0.61794 -0.526943 0.60097 -0.60097 
0.506557 0.60129 -0.61794 0.526943 0.60097 -0.60097 0.553866 0.576461 -0.600771 
-0.506557 0.61794 -0.60129 -0.458853 0.648216 -0.607675 -0.466566 0.648036 -0.601968 
-0.410112 0.649286 -0.640497 0.410112 0.649286 -0.640497 0.458853 0.648216 -0.607675 
0.466566 0.648036 -0.601968 0.506557 0.61794 -0.60129 -0.458881 0.653321 -0.602163 
-0.41022 0.683841 -0.603392 -0.361246 0.696752 -0.619708 -0.38815 0.695852 -0.60426 
-0.311283 0.697699 -0.645228 0.311283 0.697699 -0.645228 0.361246 0.696752 -0.619708 
0.38815 0.695852 -0.60426 0.41022 0.683841 -0.603392 0.458881 0.653321 -0.602163 
-0.361312 0.709447 -0.605094 -0.31136 0.731664 -0.606401 -0.261072 0.744998 -0.613856 
-0.275721 0.744547 -0.607971 -0.209211 0.746455 -0.631693 -0.157943 0.747213 -0.645544 
-0.106318 0.747878 -0.655267 0.106318 0.747878 -0.655267 0.157943 0.747213 -0.645544 
0.209211 0.746455 -0.631693 0.261072 0.744998 -0.613856 0.275721 0.744547 -0.607971 
0.31136 0.731664 -0.606401 0.361312 0.709447 -0.605094 -0.261116 0.749496 -0.608338 
-0.209142 0.764618 -0.609606 -0.157435 0.776226 -0.610481 -0.105619 0.784433 -0.611155 
-0.0531056 0.78934 -0.611655 8.43641e-17 0.790973 -0.611851 0.0531056 0.78934 -0.611655 
0.105619 0.784433 -0.611155 0.157435 0.776226 -0.610481 0.209142 0.764618 -0.609606 
0.261116 0.749496 -0.608338 -0.210365 -0.792776 -0.57206 -0.210423 -0.798584 -0.563903 
-0.234462 -0.792137 -0.563513 -0.157974 -0.793877 -0.5872 -0.157904 -0.810047 -0.564704 
-0.10574 -0.794474 -0.598022 -0.105413 -0.818131 -0.565287 -0.0531161 -0.794888 -0.604426 
-0.0528016 -0.822941 -0.565668 -1.85623e-16 -0.795047 -0.606548 -7.49666e-17 -0.82454 -0.565803 
0.0531161 -0.794888 -0.604426 0.0528016 -0.822941 -0.565668 0.10574 -0.794474 -0.598022 
0.105413 -0.818131 -0.565287 0.157974 -0.793877 -0.5872 0.157904 -0.810047 -0.564704 
0.210365 -0.792776 -0.57206 0.210423 -0.798584 -0.563903 0.234462 -0.792137 -0.563513 
-0.36239 -0.742578 -0.563252 -0.36243 -0.745666 -0.55913 -0.369371 -0.742388 -0.55895 
-0.311844 -0.744012 -0.590931 -0.311913 -0.767329 -0.560282 -0.261679 -0.784654 -0.561998 
0.261679 -0.784654 -0.561998 0.311844 -0.744012 -0.590931 0.311913 -0.767329 -0.560282 
0.36239 -0.742578 -0.563252 0.36243 -0.745666 -0.55913 0.369371 -0.742388 -0.55895 
-0.410542 -0.695429 -0.589775 -0.4108 -0.721656 -0.557185 -0.457148 -0.694209 -0.555957 
0.410542 -0.695429 -0.589775 0.4108 -0.721656 -0.557185 0.457148 -0.694209 -0.555957 
-0.506831 -0.64767 -0.568899 -0.506981 -0.659688 -0.554781 -0.522736 -0.647519 -0.554497 
-0.459483 -0.692754 -0.555848 0.459483 -0.692754 -0.555848 0.506831 -0.64767 -0.568899 
0.506981 -0.659688 -0.554781 0.522736 -0.647519 -0.554497 -0.553866 -0.600771 -0.576461 
-0.554022 -0.621385 -0.554022 -0.576461 -0.600771 -0.553866 0.553866 -0.600771 -0.576461 
0.554022 -0.621385 -0.554022 0.576461 -0.600771 -0.553866 -0.600771 -0.553866 -0.576461 
-0.600771 -0.576461 -0.553866 -0.621385 -0.554022 -0.554022 0.600771 -0.553866 -0.576461 
0.600771 -0.576461 -0.553866 0.621385 -0.554022 -0.554022 -0.64767 -0.506831 -0.568899 
-0.647519 -0.522736 -0.554497 -0.659688 -0.506981 -0.554781 0.64767 -0.506831 -0.568899 
0.647519 -0.522736 -0.554497 0.659688 -0.506981 -0.554781 -0.692754 -0.459483 -0.555848 
0.692754 -0.459483 -0.555848 -0.695429 -0.410542 -0.589775 -0.694209 -0.457148 -0.555957 
-0.721656 -0.4108 -0.557185 0.694209 -0.457148 -0.555957 0.695429 -0.410542 -0.589775 
0.721656 -0.4108 -0.557185 -0.742578 -0.36239 -0.563252 -0.742388 -0.369371 -0.55895 
-0.745666 -0.36243 -0.55913 0.742578 -0.36239 -0.563252 0.742388 -0.369371 -0.55895 
0.745666 -0.36243 -0.55913 -0.744012 -0.311844 -0.590931 -0.767329 -0.311913 -0.560282 
0.744012 -0.311844 -0.590931 0.767329 -0.311913 -0.560282 -0.784654 -0.261679 -0.561998 
0.784654 -0.261679 -0.561998 -0.792776 -0.210365 -0.57206 -0.792137 -0.234462 -0.563513 
-0.798584 -0.210423 -0.563903 0.792137 -0.234462 -0.563513 0.792776 -0.210365 -0.57206 
0.798584 -0.210423 -0.563903 -0.793877 -0.157974 -0.5872 -0.810047 -0.157904 -0.564704 
0.793877 -0.157974 -0.5872 0.810047 -0.157904 -0.564704 -0.794474 -0.10574 -0.598022 
-0.818131 -0.105413 -0.565287 0.794474 -0.10574 -0.598022 0.818131 -0.105413 -0.565287 
-0.794888 -0.0531161 -0.604426 -0.822941 -0.0528016 -0.565668 0.794888 -0.0531161 -0.604426 
0.822941 -0.0528016 -0.565668 -0.795047 2.43663e-16 -0.606548 -0.82454 2.36023e-16 -0.565803 
0.795047 2.43663e-16 -0.606548 0.82454 3.54034e-16 -0.565803 -0.794888 0.0531161 -0.604426 
-0.822941 0.0528016 -0.565668 0.794888 0.0531161 -0.604426 0.822941 0.0528016 -0.565668 
-0.794474 0.10574 -0.598022 -0.818131 0.105413 -0.565287 0.794474 0.10574 -0.598022 
0.818131 0.105413 -0.565287 -0.793877 0.157974 -0.5872 -0.810047 0.157904 -0.564704 
0.793877 0.157974 -0.5872 0.810047 0.157904 -0.564704 -0.792776 0.210365 -0.57206 
-0.798584 0.210423 -0.563903 0.792776 0.210365 -0.57206 0.798584 0.210423 -0.563903 
-0.792137 0.234462 -0.563513 -0.784654 0.261679 -0.561998 0.784654 0.261679 -0.561998 
0.792137 0.234462 -0.563513 -0.744012 0.311844 -0.590931 -0.767329 0.311913 -0.560282 
0.744012 0.311844 -0.590931 0.767329 0.311913 -0.560282 -0.742578 0.36239 -0.563252 
-0.745666 0.36243 -0.55913 0.742578 0.36239 -0.563252 0.745666 0.36243 -0.55913 
-0.742388 0.369371 -0.55895 -0.695429 0.410542 -0.589775 -0.721656 0.4108 -0.557185 
0.695429 0.410542 -0.589775 0.721656 0.4108 -0.557185 0.742388 0.369371 -0.55895 
-0.694209 0.457148 -0.555957 -0.692754 0.459483 -0.555848 0.692754 0.459483 -0.555848 
0.694209 0.457148 -0.555957 -0.64767 0.506831 -0.568899 -0.659688 0.506981 -0.554781 
0.64767 0.506831 -0.568899 0.659688 0.506981 -0.554781 -0.647519 0.522736 -0.554497 
-0.600771 0.553866 -0.576461 -0.621385 0.554022 -0.554022 0.600771 0.553866 -0.576461 
0.621385 0.554022 -0.554022 0.647519 0.522736 -0.554497 -0.600771 0.576461 -0.553866 
-0.553866 0.600771 -0.576461 -0.576461 0.600771 -0.553866 0.553866 0.600771 -0.576461 
0.576461 0.600771 -0.553866 0.600771 0.576461 -0.553866 -0.554022 0.621385 -0.554022 
-0.506831 0.64767 -0.568899 -0.522736 0.647519 -0.554497 0.506831 0.64767 -0.568899 
0.522736 0.647519 -0.554497 0.554022 0.621385 -0.554022 -0.506981 0.659688 -0.554781 
-0.459483 0.692754 -0.555848 -0.410542 0.695429 -0.589775 -0.457148 0.694209 -0.555957 
0.410542 0.695429 -0.589775 0.457148 0.694209 -0.555957 0.459483 0.692754 -0.555848 
0.506981 0.659688 -0.554781 -0.4108 0.721656 -0.557185 -0.36239 0.742578 -0.563252 
-0.369371 0.742388 -0.55895 -0.311844 0.744012 -0.590931 0.311844 0.744012 -0.590931 
0.36239 0.742578 -0.563252 0.369371 0.742388 -0.55895 0.4108 0.721656 -0.557185 
-0.36243 0.745666 -0.55913 -0.311913 0.767329 -0.560282 -0.261679 0.784654 -0.561998 
-0.210365 0.792776 -0.57206 -0.234462 0.792137 -0.563513 -0.157974 0.793877 -0.5872 
-0.10574 0.794474 -0.598022 -0.0531161 0.794888 -0.604426 8.12209e-17 0.795047 -0.606548 
0.0531161 0.794888 -0.604426 0.10574 0.794474 -0.598022 0.157974 0.793877 -0.5872 
0.210365 0.792776 -0.57206 0.234462 0.792137 -0.563513 0.261679 0.784654 -0.561998 
0.311913 0.767329 -0.560282 0.36243 0.745666 -0.55913 -0.210423 0.798584 -0.563903 
-0.157904 0.810047 -0.564704 -0.105413 0.818131 -0.565287 -0.0528016 0.822941 -0.565668 
5.90057e-17 0.82454 -0.565803 0.0528016 0.822941 -0.565668 0.105413 0.818131 -0.565287 
0.157904 0.810047 -0.564704 0.210423 0.798584 -0.563903 -0.106337 -0.842143 -0.528666 
-0.106354 -0.847897 -0.519384 -0.150698 -0.841304 -0.519132 -0.0531744 -0.842675 -0.53579 
-0.0531689 -0.852744 -0.519615 1.14212e-16 -0.842826 -0.538186 1.45128e-16 -0.854351 -0.519697 
0.0531744 -0.842675 -0.53579 0.0531689 -0.852744 -0.519615 0.106337 -0.842143 -0.528666 
0.106354 -0.847897 -0.519384 0.150698 -0.841304 -0.519132 -0.313395 -0.790988 -0.525473 
-0.313459 -0.798377 -0.514138 -0.333447 -0.790458 -0.513799 -0.262154 -0.791772 -0.5517 
-0.262103 -0.816193 -0.514908 -0.210907 -0.829952 -0.516428 -0.159353 -0.839974 -0.518701 
0.159353 -0.839974 -0.518701 0.210907 -0.829952 -0.516428 0.262154 -0.791772 -0.5517 
0.262103 -0.816193 -0.514908 0.313395 -0.790988 -0.525473 0.313459 -0.798377 -0.514138 
0.333447 -0.790458 -0.513799 -0.411926 -0.742151 -0.528706 -0.412149 -0.754564 -0.510653 
-0.435426 -0.741725 -0.510146 -0.362855 -0.778588 -0.511993 0.362855 -0.778588 -0.511993 
0.411926 -0.742151 -0.528706 0.412149 -0.754564 -0.510653 0.435426 -0.741725 -0.510146 
-0.507917 -0.693912 -0.510398 -0.507964 -0.695662 -0.507964 -0.510398 -0.693912 -0.507917 
-0.459548 -0.694175 -0.554019 -0.460119 -0.727537 -0.5089 0.459548 -0.694175 -0.554019 
0.460119 -0.727537 -0.5089 0.507917 -0.693912 -0.510398 0.507964 -0.695662 -0.507964 
0.510398 -0.693912 -0.507917 -0.554497 -0.647519 -0.522736 -0.554781 -0.659688 -0.506981 
-0.568899 -0.64767 -0.506831 0.554497 -0.647519 -0.522736 0.554781 -0.659688 -0.506981 
0.568899 -0.64767 -0.506831 -0.60097 -0.60097 -0.526943 -0.60129 -0.61794 -0.506557 
-0.61794 -0.60129 -0.506557 0.60097 -0.60097 -0.526943 0.60129 -0.61794 -0.506557 
0.61794 -0.60129 -0.506557 -0.647519 -0.554497 -0.522736 -0.64767 -0.568899 -0.506831 
-0.659688 -0.554781 -0.506981 0.647519 -0.554497 -0.522736 0.64767 -0.568899 -0.506831 
0.659688 -0.554781 -0.506981 -0.693912 -0.507917 -0.510398 -0.693912 -0.510398 -0.507917 
-0.695662 -0.507964 -0.507964 0.693912 -0.507917 -0.510398 0.693912 -0.510398 -0.507917 
0.695662 -0.507964 -0.507964 -0.694175 -0.459548 -0.554019 -0.727537 -0.460119 -0.5089 
0.694175 -0.459548 -0.554019 0.727537 -0.460119 -0.5089 -0.742151 -0.411926 -0.528706 
-0.741725 -0.435426 -0.510146 -0.754564 -0.412149 -0.510653 0.742151 -0.411926 -0.528706 
0.741725 -0.435426 -0.510146 0.754564 -0.412149 -0.510653 -0.778588 -0.362855 -0.511993 
0.778588 -0.362855 -0.511993 -0.790988 -0.313395 -0.525473 -0.790458 -0.333447 -0.513799 
-0.798377 -0.313459 -0.514138 0.790458 -0.333447 -0.513799 0.790988 -0.313395 -0.525473 
0.798377 -0.313459 -0.514138 -0.791772 -0.262154 -0.5517 -0.816193 -0.262103 -0.514908 
0.791772 -0.262154 -0.5517 0.816193 -0.262103 -0.514908 -0.829952 -0.210907 -0.516428 
0.829952 -0.210907 -0.516428 -0.839974 -0.159353 -0.518701 0.839974 -0.159353 -0.518701 
-0.842143 -0.106337 -0.528666 -0.841304 -0.150698 -0.519132 -0.847897 -0.106354 -0.519384 
0.841304 -0.150698 -0.519132 0.842143 -0.106337 -0.528666 0.847897 -0.106354 -0.519384 
-0.842675 -0.0531744 -0.53579 -0.852744 -0.0531689 -0.519615 0.842675 -0.0531744 -0.53579 
0.852744 -0.0531689 -0.519615 -0.842826 1.48043e-16 -0.538186 -0.854351 2.35263e-17 -0.519697 
0.842826 2.22064e-16 -0.538186 0.854351 2.35263e-17 -0.519697 -0.842675 0.0531744 -0.53579 
-0.852744 0.0531689 -0.519615 0.842675 0.0531744 -0.53579 0.852744 0.0531689 -0.519615 
-0.842143 0.106337 -0.528666 -0.847897 0.106354 -0.519384 0.842143 0.106337 -0.528666 
0.847897 0.106354 -0.519384 -0.841304 0.150698 -0.519132 -0.839974 0.159353 -0.518701 
0.839974 0.159353 -0.518701 0.841304 0.150698 -0.519132 -0.829952 0.210907 -0.516428 
0.829952 0.210907 -0.516428 -0.791772 0.262154 -0.5517 -0.816193 0.262103 -0.514908 
0.791772 0.262154 -0.5517 0.816193 0.262103 -0.514908 -0.790988 0.313395 -0.525473 
-0.798377 0.313459 -0.514138 0.790988 0.313395 -0.525473 0.798377 0.313459 -0.514138 
-0.790458 0.333447 -0.513799 -0.778588 0.362855 -0.511993 0.778588 0.362855 -0.511993 
0.790458 0.333447 -0.513799 -0.742151 0.411926 -0.528706 -0.754564 0.412149 -0.510653 
0.742151 0.411926 -0.528706 0.754564 0.412149 -0.510653 -0.741725 0.435426 -0.510146 
-0.694175 0.459548 -0.554019 -0.727537 0.460119 -0.5089 0.694175 0.459548 -0.554019 
0.727537 0.460119 -0.5089 0.741725 0.435426 -0.510146 -0.693912 0.507917 -0.510398 
-0.695662 0.507964 -0.507964 0.693912 0.507917 -0.510398 0.695662 0.507964 -0.507964 
-0.693912 0.510398 -0.507917 -0.647519 0.554497 -0.522736 -0.659688 0.554781 -0.506981 
0.647519 0.554497 -0.522736 0.659688 0.554781 -0.506981 0.693912 0.510398 -0.507917 
-0.64767 0.568899 -0.506831 -0.60097 0.60097 -0.526943 -0.61794 0.60129 -0.506557 
0.60097 0.60097 -0.526943 0.61794 0.60129 -0.506557 0.64767 0.568899 -0.506831 
-0.60129 0.61794 -0.506557 -0.554497 0.647519 -0.522736 -0.568899 0.64767 -0.506831 
0.554497 0.647519 -0.522736 0.568899 0.64767 -0.506831 0.60129 0.61794 -0.506557 
-0.554781 0.659688 -0.506981 -0.507917 0.693912 -0.510398 -0.510398 0.693912 -0.507917 
-0.459548 0.694175 -0.554019 0.459548 0.694175 -0.554019 0.507917 0.693912 -0.510398 
0.510398 0.693912 -0.507917 0.554781 0.659688 -0.506981 -0.507964 0.695662 -0.507964 
-0.460119 0.727537 -0.5089 -0.411926 0.742151 -0.528706 -0.435426 0.741725 -0.510146 
0.411926 0.742151 -0.528706 0.435426 0.741725 -0.510146 0.460119 0.727537 -0.5089 
0.507964 0.695662 -0.507964 -0.412149 0.754564 -0.510653 -0.362855 0.778588 -0.511993 
-0.313395 0.790988 -0.525473 -0.333447 0.790458 -0.513799 -0.262154 0.791772 -0.5517 
0.262154 0.791772 -0.5517 0.313395 0.790988 -0.525473 0.333447 0.790458 -0.513799 
0.362855 0.778588 -0.511993 0.412149 0.754564 -0.510653 -0.313459 0.798377 -0.514138 
-0.262103 0.816193 -0.514908 -0.210907 0.829952 -0.516428 -0.159353 0.839974 -0.518701 
-0.106337 0.842143 -0.528666 -0.150698 0.841304 -0.519132 -0.0531744 0.842675 -0.53579 
-7.72014e-17 0.842826 -0.538186 0.0531744 0.842675 -0.53579 0.106337 0.842143 -0.528666 
0.150698 0.841304 -0.519132 0.159353 0.839974 -0.518701 0.210907 0.829952 -0.516428 
0.262103 0.816193 -0.514908 0.313459 0.798377 -0.514138 -0.106354 0.847897 -0.519384 
-0.0531689 0.852744 -0.519615 -1.45128e-16 0.854351 -0.519697 0.0531689 0.852744 -0.519615 
0.106354 0.847897 -0.519384 -0.264089 -0.840011 -0.47396 -0.264097 -0.84301 -0.4686 
-0.274187 -0.839817 -0.46854 -0.211782 -0.841098 -0.497697 -0.211621 -0.857527 -0.468896 
-0.159432 -0.841137 -0.516788 -0.159205 -0.868398 -0.469615 -0.106567 -0.875883 -0.470609 
-0.0534557 -0.880287 -0.47142 1.18544e-16 -0.881746 -0.471725 0.0534557 -0.880287 -0.47142 
0.106567 -0.875883 -0.470609 0.159432 -0.841137 -0.516788 0.159205 -0.868398 -0.469615 
0.211782 -0.841098 -0.497697 0.211621 -0.857527 -0.468896 0.264089 -0.840011 -0.47396 
0.264097 -0.84301 -0.4686 0.274187 -0.839817 -0.46854 -0.363974 -0.790252 -0.492975 
-0.364147 -0.807185 -0.464597 -0.401459 -0.78957 -0.464124 -0.314061 -0.827164 -0.46601 
0.314061 -0.827164 -0.46601 0.363974 -0.790252 -0.492975 0.364147 -0.807185 -0.464597 
0.401459 -0.78957 -0.464124 -0.461173 -0.741633 -0.487135 -0.461594 -0.757537 -0.461594 
-0.487135 -0.741633 -0.461173 -0.41356 -0.783801 -0.463275 0.41356 -0.783801 -0.463275 
0.461173 -0.741633 -0.487135 0.461594 -0.757537 -0.461594 0.487135 -0.741633 -0.461173 
-0.5089 -0.727537 -0.460119 -0.554019 -0.694175 -0.459548 0.5089 -0.727537 -0.460119 
0.554019 -0.694175 -0.459548 -0.601968 -0.648036 -0.466566 -0.602163 -0.653321 -0.458881 
-0.607675 -0.648216 -0.458853 -0.555848 -0.692754 -0.459483 0.555848 -0.692754 -0.459483 
0.601968 -0.648036 -0.466566 0.602163 -0.653321 -0.458881 0.607675 -0.648216 -0.458853 
-0.648036 -0.601968 -0.466566 -0.648216 -0.607675 -0.458853 -0.653321 -0.602163 -0.458881 
0.648036 -0.601968 -0.466566 0.648216 -0.607675 -0.458853 0.653321 -0.602163 -0.458881 
-0.692754 -0.555848 -0.459483 0.692754 -0.555848 -0.459483 -0.694175 -0.554019 -0.459548 
-0.727537 -0.5089 -0.460119 0.694175 -0.554019 -0.459548 0.727537 -0.5089 -0.460119 
-0.741633 -0.461173 -0.487135 -0.741633 -0.487135 -0.461173 -0.757537 -0.461594 -0.461594 
0.741633 -0.487135 -0.461173 0.741633 -0.461173 -0.487135 0.757537 -0.461594 -0.461594 
-0.783801 -0.41356 -0.463275 0.783801 -0.41356 -0.463275 -0.790252 -0.363974 -0.492975 
-0.78957 -0.401459 -0.464124 -0.807185 -0.364147 -0.464597 0.78957 -0.401459 -0.464124 
0.790252 -0.363974 -0.492975 0.807185 -0.364147 -0.464597 -0.827164 -0.314061 -0.46601 
0.827164 -0.314061 -0.46601 -0.840011 -0.264089 -0.47396 -0.839817 -0.274187 -0.46854 
-0.84301 -0.264097 -0.4686 0.839817 -0.274187 -0.46854 0.840011 -0.264089 -0.47396 
0.84301 -0.264097 -0.4686 -0.841098 -0.211782 -0.497697 -0.857527 -0.211621 -0.468896 
0.841098 -0.211782 -0.497697 0.857527 -0.211621 -0.468896 -0.841137 -0.159432 -0.516788 
-0.868398 -0.159205 -0.469615 0.841137 -0.159432 -0.516788 0.868398 -0.159205 -0.469615 
-0.875883 -0.106567 -0.470609 0.875883 -0.106567 -0.470609 -0.880287 -0.0534557 -0.47142 
0.880287 -0.0534557 -0.47142 -0.881746 1.62478e-16 -0.471725 0.881746 2.06411e-16 -0.471725 
-0.880287 0.0534557 -0.47142 0.880287 0.0534557 -0.47142 -0.875883 0.106567 -0.470609 
0.875883 0.106567 -0.470609 -0.841137 0.159432 -0.516788 -0.868398 0.159205 -0.469615 
0.841137 0.159432 -0.516788 0.868398 0.159205 -0.469615 -0.841098 0.211782 -0.497697 
-0.857527 0.211621 -0.468896 0.841098 0.211782 -0.497697 0.857527 0.211621 -0.468896 
-0.840011 0.264089 -0.47396 -0.84301 0.264097 -0.4686 0.840011 0.264089 -0.47396 
0.84301 0.264097 -0.4686 -0.839817 0.274187 -0.46854 -0.827164 0.314061 -0.46601 
0.827164 0.314061 -0.46601 0.839817 0.274187 -0.46854 -0.790252 0.363974 -0.492975 
-0.807185 0.364147 -0.464597 0.790252 0.363974 -0.492975 0.807185 0.364147 -0.464597 
-0.78957 0.401459 -0.464124 -0.783801 0.41356 -0.463275 0.783801 0.41356 -0.463275 
0.78957 0.401459 -0.464124 -0.741633 0.461173 -0.487135 -0.757537 0.461594 -0.461594 
0.741633 0.461173 -0.487135 0.757537 0.461594 -0.461594 -0.741633 0.487135 -0.461173 
-0.727537 0.5089 -0.460119 0.727537 0.5089 -0.460119 0.741633 0.487135 -0.461173 
-0.694175 0.554019 -0.459548 -0.692754 0.555848 -0.459483 0.692754 0.555848 -0.459483 
0.694175 0.554019 -0.459548 -0.648036 0.601968 -0.466566 -0.653321 0.602163 -0.458881 
0.648036 0.601968 -0.466566 0.653321 0.602163 -0.458881 -0.648216 0.607675 -0.458853 
-0.601968 0.648036 -0.466566 -0.607675 0.648216 -0.458853 0.601968 0.648036 -0.466566 
0.607675 0.648216 -0.458853 0.648216 0.607675 -0.458853 -0.602163 0.653321 -0.458881 
-0.555848 0.692754 -0.459483 -0.554019 0.694175 -0.459548 0.554019 0.694175 -0.459548 
0.555848 0.692754 -0.459483 0.602163 0.653321 -0.458881 -0.5089 0.727537 -0.460119 
-0.461173 0.741633 -0.487135 -0.487135 0.741633 -0.461173 0.461173 0.741633 -0.487135 
0.487135 0.741633 -0.461173 0.5089 0.727537 -0.460119 -0.461594 0.757537 -0.461594 
-0.41356 0.783801 -0.463275 -0.363974 0.790252 -0.492975 -0.401459 0.78957 -0.464124 
0.363974 0.790252 -0.492975 0.401459 0.78957 -0.464124 0.41356 0.783801 -0.463275 
0.461594 0.757537 -0.461594 -0.364147 0.807185 -0.464597 -0.314061 0.827164 -0.46601 
-0.264089 0.840011 -0.47396 -0.274187 0.839817 -0.46854 -0.211782 0.841098 -0.497697 
-0.159432 0.841137 -0.516788 0.159432 0.841137 -0.516788 0.211782 0.841098 -0.497697 
0.264089 0.840011 -0.47396 0.274187 0.839817 -0.46854 0.314061 0.827164 -0.46601 
0.364147 0.807185 -0.464597 -0.264097 0.84301 -0.4686 -0.211621 0.857527 -0.468896 
-0.159205 0.868398 -0.469615 -0.106567 0.875883 -0.470609 -0.0534557 0.880287 -0.47142 
-3.06782e-17 0.881746 -0.471725 0.0534557 0.880287 -0.47142 0.106567 0.875883 -0.470609 
0.159205 0.868398 -0.469615 0.211621 0.857527 -0.468896 0.264097 0.84301 -0.4686 
-0.161114 -0.8914 -0.423613 -0.161111 -0.891669 -0.423047 -0.162598 -0.891388 -0.423072 
-0.107408 -0.892529 -0.438013 -0.107226 -0.900054 -0.422381 -0.0537406 -0.892877 -0.447083 
-0.0535389 -0.904996 -0.422037 -3.51471e-17 -0.892945 -0.450165 -1.69843e-16 -0.906613 -0.421962 
0.0537406 -0.892877 -0.447083 0.0535389 -0.904996 -0.422037 0.107408 -0.892529 -0.438013 
0.107226 -0.900054 -0.422381 0.161114 -0.8914 -0.423613 0.161111 -0.891669 -0.423047 
0.162598 -0.891388 -0.423072 -0.315629 -0.839763 -0.441788 -0.315612 -0.851874 -0.417971 
-0.347876 -0.839268 -0.417866 -0.264127 -0.868827 -0.41878 -0.213 -0.881795 -0.420794 
0.213 -0.881795 -0.420794 0.264127 -0.868827 -0.41878 0.315629 -0.839763 -0.441788 
0.315612 -0.851874 -0.417971 0.347876 -0.839268 -0.417866 -0.414272 -0.789511 -0.452825 
-0.414588 -0.810083 -0.414588 -0.452825 -0.789511 -0.414272 -0.365827 -0.832272 -0.416527 
0.365827 -0.832272 -0.416527 0.414272 -0.789511 -0.452825 0.414588 -0.810083 -0.414588 
0.452825 -0.789511 -0.414272 -0.510146 -0.741725 -0.435426 -0.510653 -0.754564 -0.412149 
-0.528706 -0.742151 -0.411926 -0.463275 -0.783801 -0.41356 0.463275 -0.783801 -0.41356 
0.510146 -0.741725 -0.435426 0.510653 -0.754564 -0.412149 0.528706 -0.742151 -0.411926 
-0.555957 -0.694209 -0.457148 -0.557185 -0.721656 -0.4108 -0.589775 -0.695429 -0.410542 
0.555957 -0.694209 -0.457148 0.557185 -0.721656 -0.4108 0.589775 -0.695429 -0.410542 
-0.603392 -0.683841 -0.41022 -0.640497 -0.649286 -0.410112 0.603392 -0.683841 -0.41022 
0.640497 -0.649286 -0.410112 -0.649286 -0.640497 -0.410112 -0.683841 -0.603392 -0.41022 
0.649286 -0.640497 -0.410112 0.683841 -0.603392 -0.41022 -0.694209 -0.555957 -0.457148 
-0.695429 -0.589775 -0.410542 -0.721656 -0.557185 -0.4108 0.695429 -0.589775 -0.410542 
0.694209 -0.555957 -0.457148 0.721656 -0.557185 -0.4108 -0.741725 -0.510146 -0.435426 
-0.742151 -0.528706 -0.411926 -0.754564 -0.510653 -0.412149 0.741725 -0.510146 -0.435426 
0.742151 -0.528706 -0.411926 0.754564 -0.510653 -0.412149 -0.783801 -0.463275 -0.41356 
0.783801 -0.463275 -0.41356 -0.789511 -0.414272 -0.452825 -0.789511 -0.452825 -0.414272 
-0.810083 -0.414588 -0.414588 0.789511 -0.452825 -0.414272 0.789511 -0.414272 -0.452825 
0.810083 -0.414588 -0.414588 -0.832272 -0.365827 -0.416527 0.832272 -0.365827 -0.416527 
-0.839763 -0.315629 -0.441788 -0.839268 -0.347876 -0.417866 -0.851874 -0.315612 -0.417971 
0.839268 -0.347876 -0.417866 0.839763 -0.315629 -0.441788 0.851874 -0.315612 -0.417971 
-0.868827 -0.264127 -0.41878 0.868827 -0.264127 -0.41878 -0.881795 -0.213 -0.420794 
0.881795 -0.213 -0.420794 -0.8914 -0.161114 -0.423613 -0.891388 -0.162598 -0.423072 
-0.891669 -0.161111 -0.423047 0.891388 -0.162598 -0.423072 0.8914 -0.161114 -0.423613 
0.891669 -0.161111 -0.423047 -0.892529 -0.107408 -0.438013 -0.900054 -0.107226 -0.422381 
0.892529 -0.107408 -0.438013 0.900054 -0.107226 -0.422381 -0.892877 -0.0537406 -0.447083 
-0.904996 -0.0535389 -0.422037 0.892877 -0.0537406 -0.447083 0.904996 -0.0535389 -0.422037 
-0.892945 -2.07962e-16 -0.450165 -0.906613 -4.33187e-16 -0.421962 0.892945 -2.94369e-16 -0.450165 
0.906613 -5.52136e-16 -0.421962 -0.892877 0.0537406 -0.447083 -0.904996 0.0535389 -0.422037 
0.892877 0.0537406 -0.447083 0.904996 0.0535389 -0.422037 -0.892529 0.107408 -0.438013 
-0.900054 0.107226 -0.422381 0.892529 0.107408 -0.438013 0.900054 0.107226 -0.422381 
-0.8914 0.161114 -0.423613 -0.891669 0.161111 -0.423047 0.8914 0.161114 -0.423613 
0.891669 0.161111 -0.423047 -0.891388 0.162598 -0.423072 -0.881795 0.213 -0.420794 
0.881795 0.213 -0.420794 0.891388 0.162598 -0.423072 -0.868827 0.264127 -0.41878 
0.868827 0.264127 -0.41878 -0.839763 0.315629 -0.441788 -0.851874 0.315612 -0.417971 
0.839763 0.315629 -0.441788 0.851874 0.315612 -0.417971 -0.839268 0.347876 -0.417866 
-0.832272 0.365827 -0.416527 0.832272 0.365827 -0.416527 0.839268 0.347876 -0.417866 
-0.789511 0.414272 -0.452825 -0.810083 0.414588 -0.414588 0.789511 0.414272 -0.452825 
0.810083 0.414588 -0.414588 -0.789511 0.452825 -0.414272 -0.783801 0.463275 -0.41356 
0.783801 0.463275 -0.41356 0.789511 0.452825 -0.414272 -0.741725 0.510146 -0.435426 
-0.754564 0.510653 -0.412149 0.741725 0.510146 -0.435426 0.754564 0.510653 -0.412149 
-0.742151 0.528706 -0.411926 -0.694209 0.555957 -0.457148 -0.721656 0.557185 -0.4108 
0.694209 0.555957 -0.457148 0.721656 0.557185 -0.4108 0.742151 0.528706 -0.411926 
-0.695429 0.589775 -0.410542 -0.683841 0.603392 -0.41022 0.683841 0.603392 -0.41022 
0.695429 0.589775 -0.410542 -0.649286 0.640497 -0.410112 -0.640497 0.649286 -0.410112 
0.640497 0.649286 -0.410112 0.649286 0.640497 -0.410112 -0.603392 0.683841 -0.41022 
-0.555957 0.694209 -0.457148 -0.589775 0.695429 -0.410542 0.555957 0.694209 -0.457148 
0.589775 0.695429 -0.410542 0.603392 0.683841 -0.41022 -0.557185 0.721656 -0.4108 
-0.510146 0.741725 -0.435426 -0.528706 0.742151 -0.411926 0.510146 0.741725 -0.435426 
0.528706 0.742151 -0.411926 0.557185 0.721656 -0.4108 -0.510653 0.754564 -0.412149 
-0.463275 0.783801 -0.41356 -0.414272 0.789511 -0.452825 -0.452825 0.789511 -0.414272 
0.414272 0.789511 -0.452825 0.452825 0.789511 -0.414272 0.463275 0.783801 -0.41356 
0.510653 0.754564 -0.412149 -0.414588 0.810083 -0.414588 -0.365827 0.832272 -0.416527 
-0.315629 0.839763 -0.441788 -0.347876 0.839268 -0.417866 0.315629 0.839763 -0.441788 
0.347876 0.839268 -0.417866 0.365827 0.832272 -0.416527 0.414588 0.810083 -0.414588 
-0.315612 0.851874 -0.417971 -0.264127 0.868827 -0.41878 -0.213 0.881795 -0.420794 
-0.161114 0.8914 -0.423613 -0.162598 0.891388 -0.423072 -0.107408 0.892529 -0.438013 
-0.0537406 0.892877 -0.447083 -1.37667e-16 0.892945 -0.450165 0.0537406 0.892877 -0.447083 
0.107408 0.892529 -0.438013 0.161114 0.8914 -0.423613 0.162598 0.891388 -0.423072 
0.213 0.881795 -0.420794 0.264127 0.868827 -0.41878 0.315612 0.851874 -0.417971 
-0.161111 0.891669 -0.423047 -0.107226 0.900054 -0.422381 -0.0535389 0.904996 -0.422037 
-1.44396e-16 0.906613 -0.421962 0.0535389 0.904996 -0.422037 0.107226 0.900054 -0.422381 
0.161111 0.891669 -0.423047 -0.213942 -0.891626 -0.399038 -0.213199 -0.904152 -0.370209 
-0.262332 -0.890657 -0.371365 -0.159831 -0.915088 -0.370228 -0.107 -0.922159 -0.371716 
-0.0537831 -0.926149 -0.373302 6.92948e-17 -0.927456 -0.373933 0.0537831 -0.926149 -0.373302 
0.107 -0.922159 -0.371716 0.159831 -0.915088 -0.370228 0.213942 -0.891626 -0.399038 
0.213199 -0.904152 -0.370209 0.262332 -0.890657 -0.371365 -0.366949 -0.839207 -0.401347 
-0.366961 -0.854797 -0.366961 -0.401347 -0.839207 -0.366949 -0.316593 -0.874181 -0.368208 
-0.266877 -0.889407 -0.371122 0.266877 -0.889407 -0.371122 0.316593 -0.874181 -0.368208 
0.366949 -0.839207 -0.401347 0.366961 -0.854797 -0.366961 0.401347 -0.839207 -0.366949 
-0.464124 -0.78957 -0.401459 -0.464597 -0.807185 -0.364147 -0.492975 -0.790252 -0.363974 
-0.416527 -0.832272 -0.365827 0.416527 -0.832272 -0.365827 0.464124 -0.78957 -0.401459 
0.464597 -0.807185 -0.364147 0.492975 -0.790252 -0.363974 -0.55895 -0.742388 -0.369371 
-0.55913 -0.745666 -0.36243 -0.563252 -0.742578 -0.36239 -0.511993 -0.778588 -0.362855 
0.511993 -0.778588 -0.362855 0.55895 -0.742388 -0.369371 0.55913 -0.745666 -0.36243 
0.563252 -0.742578 -0.36239 -0.60426 -0.695852 -0.38815 -0.605094 -0.709447 -0.361312 
-0.619708 -0.696752 -0.361246 0.60426 -0.695852 -0.38815 0.605094 -0.709447 -0.361312 
0.619708 -0.696752 -0.361246 -0.649769 -0.649769 -0.394463 -0.650921 -0.667856 -0.360931 
-0.667856 -0.650921 -0.360931 0.649769 -0.649769 -0.394463 0.650921 -0.667856 -0.360931 
0.667856 -0.650921 -0.360931 -0.695852 -0.60426 -0.38815 -0.696752 -0.619708 -0.361246 
-0.709447 -0.605094 -0.361312 0.695852 -0.60426 -0.38815 0.696752 -0.619708 -0.361246 
0.709447 -0.605094 -0.361312 -0.742388 -0.55895 -0.369371 -0.742578 -0.563252 -0.36239 
-0.745666 -0.55913 -0.36243 0.742388 -0.55895 -0.369371 0.742578 -0.563252 -0.36239 
0.745666 -0.55913 -0.36243 -0.778588 -0.511993 -0.362855 0.778588 -0.511993 -0.362855 
-0.78957 -0.464124 -0.401459 -0.790252 -0.492975 -0.363974 -0.807185 -0.464597 -0.364147 
0.790252 -0.492975 -0.363974 0.78957 -0.464124 -0.401459 0.807185 -0.464597 -0.364147 
-0.832272 -0.416527 -0.365827 0.832272 -0.416527 -0.365827 -0.839207 -0.366949 -0.401347 
-0.839207 -0.401347 -0.366949 -0.854797 -0.366961 -0.366961 0.839207 -0.401347 -0.366949 
0.839207 -0.366949 -0.401347 0.854797 -0.366961 -0.366961 -0.874181 -0.316593 -0.368208 
0.874181 -0.316593 -0.368208 -0.889407 -0.266877 -0.371122 0.889407 -0.266877 -0.371122 
-0.891626 -0.213942 -0.399038 -0.890657 -0.262332 -0.371365 -0.904152 -0.213199 -0.370209 
0.890657 -0.262332 -0.371365 0.891626 -0.213942 -0.399038 0.904152 -0.213199 -0.370209 
-0.915088 -0.159831 -0.370228 0.915088 -0.159831 -0.370228 -0.922159 -0.107 -0.371716 
0.922159 -0.107 -0.371716 -0.926149 -0.0537831 -0.373302 0.926149 -0.0537831 -0.373302 
-0.927456 2.12608e-16 -0.373933 0.927456 0 -0.373933 -0.926149 0.0537831 -0.373302 
0.926149 0.0537831 -0.373302 -0.922159 0.107 -0.371716 0.922159 0.107 -0.371716 
-0.915088 0.159831 -0.370228 0.915088 0.159831 -0.370228 -0.891626 0.213942 -0.399038 
-0.904152 0.213199 -0.370209 0.891626 0.213942 -0.399038 0.904152 0.213199 -0.370209 
-0.890657 0.262332 -0.371365 -0.889407 0.266877 -0.371122 0.889407 0.266877 -0.371122 
0.890657 0.262332 -0.371365 -0.874181 0.316593 -0.368208 0.874181 0.316593 -0.368208 
-0.839207 0.366949 -0.401347 -0.854797 0.366961 -0.366961 0.839207 0.366949 -0.401347 
0.854797 0.366961 -0.366961 -0.839207 0.401347 -0.366949 -0.832272 0.416527 -0.365827 
0.832272 0.416527 -0.365827 0.839207 0.401347 -0.366949 -0.78957 0.464124 -0.401459 
-0.807185 0.464597 -0.364147 0.78957 0.464124 -0.401459 0.807185 0.464597 -0.364147 
-0.790252 0.492975 -0.363974 -0.778588 0.511993 -0.362855 0.778588 0.511993 -0.362855 
0.790252 0.492975 -0.363974 -0.742388 0.55895 -0.369371 -0.745666 0.55913 -0.36243 
0.742388 0.55895 -0.369371 0.745666 0.55913 -0.36243 -0.742578 0.563252 -0.36239 
-0.695852 0.60426 -0.38815 -0.709447 0.605094 -0.361312 0.695852 0.60426 -0.38815 
0.709447 0.605094 -0.361312 0.742578 0.563252 -0.36239 -0.696752 0.619708 -0.361246 
-0.649769 0.649769 -0.394463 -0.667856 0.650921 -0.360931 0.649769 0.649769 -0.394463 
0.667856 0.650921 -0.360931 0.696752 0.619708 -0.361246 -0.650921 0.667856 -0.360931 
-0.60426 0.695852 -0.38815 -0.619708 0.696752 -0.361246 0.60426 0.695852 -0.38815 
0.619708 0.696752 -0.361246 0.650921 0.667856 -0.360931 -0.605094 0.709447 -0.361312 
-0.55895 0.742388 -0.369371 -0.563252 0.742578 -0.36239 0.55895 0.742388 -0.369371 
0.563252 0.742578 -0.36239 0.605094 0.709447 -0.361312 -0.55913 0.745666 -0.36243 
-0.511993 0.778588 -0.362855 -0.464124 0.78957 -0.401459 -0.492975 0.790252 -0.363974 
0.464124 0.78957 -0.401459 0.492975 0.790252 -0.363974 0.511993 0.778588 -0.362855 
0.55913 0.745666 -0.36243 -0.464597 0.807185 -0.364147 -0.416527 0.832272 -0.365827 
-0.366949 0.839207 -0.401347 -0.401347 0.839207 -0.366949 0.366949 0.839207 -0.401347 
0.401347 0.839207 -0.366949 0.416527 0.832272 -0.365827 0.464597 0.807185 -0.364147 
-0.366961 0.854797 -0.366961 -0.316593 0.874181 -0.368208 -0.266877 0.889407 -0.371122 
-0.213942 0.891626 -0.399038 -0.262332 0.890657 -0.371365 0.213942 0.891626 -0.399038 
0.262332 0.890657 -0.371365 0.266877 0.889407 -0.371122 0.316593 0.874181 -0.368208 
0.366961 0.854797 -0.366961 -0.213199 0.904152 -0.370209 -0.159831 0.915088 -0.370228 
-0.107 0.922159 -0.371716 -0.0537831 0.926149 -0.373302 1.33866e-16 0.927456 -0.373933 
0.0537831 0.926149 -0.373302 0.107 0.922159 -0.371716 0.159831 0.915088 -0.370228 
0.213199 0.904152 -0.370209 0 -0.943947 -0.330097 4.5645e-19 -0.9444 -0.328799 
-0.018216 -0.944145 -0.329027 0.018216 -0.944145 -0.329027 -0.319334 -0.890536 -0.323994 
-0.319261 -0.892269 -0.319261 -0.323994 -0.890536 -0.319334 -0.267014 -0.890613 -0.368119 
-0.26546 -0.910224 -0.317842 -0.213778 -0.923122 -0.319601 -0.162949 -0.932 -0.323765 
-0.110342 -0.938503 -0.327165 -0.0556617 -0.942797 -0.328688 0.0556617 -0.942797 -0.328688 
0.110342 -0.938503 -0.327165 0.162949 -0.932 -0.323765 0.213778 -0.923122 -0.319601 
0.267014 -0.890613 -0.368119 0.26546 -0.910224 -0.317842 0.319334 -0.890536 -0.323994 
0.319261 -0.892269 -0.319261 0.323994 -0.890536 -0.319334 -0.417866 -0.839268 -0.347876 
-0.417971 -0.851874 -0.315612 -0.441788 -0.839763 -0.315629 -0.368208 -0.874181 -0.316593 
0.368208 -0.874181 -0.316593 0.417866 -0.839268 -0.347876 0.417971 -0.851874 -0.315612 
0.441788 -0.839763 -0.315629 -0.513799 -0.790458 -0.333447 -0.514138 -0.798377 -0.313459 
-0.525473 -0.790988 -0.313395 -0.46601 -0.827164 -0.314061 0.46601 -0.827164 -0.314061 
0.513799 -0.790458 -0.333447 0.514138 -0.798377 -0.313459 0.525473 -0.790988 -0.313395 
-0.560282 -0.767329 -0.311913 -0.590931 -0.744012 -0.311844 0.560282 -0.767329 -0.311913 
0.590931 -0.744012 -0.311844 -0.606401 -0.731664 -0.31136 -0.645228 -0.697699 -0.311283 
0.606401 -0.731664 -0.31136 0.645228 -0.697699 -0.311283 -0.652088 -0.691328 -0.311201 
-0.691328 -0.652088 -0.311201 0.652088 -0.691328 -0.311201 0.691328 -0.652088 -0.311201 
-0.697699 -0.645228 -0.311283 -0.731664 -0.606401 -0.31136 0.697699 -0.645228 -0.311283 
0.731664 -0.606401 -0.31136 -0.744012 -0.590931 -0.311844 -0.767329 -0.560282 -0.311913 
0.744012 -0.590931 -0.311844 0.767329 -0.560282 -0.311913 -0.790458 -0.513799 -0.333447 
-0.790988 -0.525473 -0.313395 -0.798377 -0.514138 -0.313459 0.790988 -0.525473 -0.313395 
0.790458 -0.513799 -0.333447 0.798377 -0.514138 -0.313459 -0.827164 -0.46601 -0.314061 
0.827164 -0.46601 -0.314061 -0.839268 -0.417866 -0.347876 -0.839763 -0.441788 -0.315629 
-0.851874 -0.417971 -0.315612 0.839763 -0.441788 -0.315629 0.839268 -0.417866 -0.347876 
0.851874 -0.417971 -0.315612 -0.874181 -0.368208 -0.316593 0.874181 -0.368208 -0.316593 
-0.890536 -0.319334 -0.323994 -0.890536 -0.323994 -0.319334 -0.892269 -0.319261 -0.319261 
0.890536 -0.323994 -0.319334 0.890536 -0.319334 -0.323994 0.892269 -0.319261 -0.319261 
-0.890613 -0.267014 -0.368119 -0.910224 -0.26546 -0.317842 0.890613 -0.267014 -0.368119 
0.910224 -0.26546 -0.317842 -0.923122 -0.213778 -0.319601 0.923122 -0.213778 -0.319601 
-0.932 -0.162949 -0.323765 0.932 -0.162949 -0.323765 -0.938503 -0.110342 -0.327165 
0.938503 -0.110342 -0.327165 -0.942797 -0.0556617 -0.328688 0.942797 -0.0556617 -0.328688 
-0.943947 8.98512e-17 -0.330097 -0.944145 -0.018216 -0.329027 -0.9444 9.34998e-17 -0.328799 
0.944145 -0.018216 -0.329027 0.943947 1.84582e-16 -0.330097 0.9444 1.87456e-16 -0.328799 
-0.944145 0.018216 -0.329027 -0.942797 0.0556617 -0.328688 0.942797 0.0556617 -0.328688 
0.944145 0.018216 -0.329027 -0.938503 0.110342 -0.327165 0.938503 0.110342 -0.327165 
-0.932 0.162949 -0.323765 0.932 0.162949 -0.323765 -0.923122 0.213778 -0.319601 
0.923122 0.213778 -0.319601 -0.890613 0.267014 -0.368119 -0.910224 0.26546 -0.317842 
0.890613 0.267014 -0.368119 0.910224 0.26546 -0.317842 -0.890536 0.319334 -0.323994 
-0.892269 0.319261 -0.319261 0.890536 0.319334 -0.323994 0.892269 0.319261 -0.319261 
-0.890536 0.323994 -0.319334 -0.874181 0.368208 -0.316593 0.874181 0.368208 -0.316593 
0.890536 0.323994 -0.319334 -0.839268 0.417866 -0.347876 -0.851874 0.417971 -0.315612 
0.839268 0.417866 -0.347876 0.851874 0.417971 -0.315612 -0.839763 0.441788 -0.315629 
-0.827164 0.46601 -0.314061 0.827164 0.46601 -0.314061 0.839763 0.441788 -0.315629 
-0.790458 0.513799 -0.333447 -0.798377 0.514138 -0.313459 0.790458 0.513799 -0.333447 
0.798377 0.514138 -0.313459 -0.790988 0.525473 -0.313395 -0.767329 0.560282 -0.311913 
0.767329 0.560282 -0.311913 0.790988 0.525473 -0.313395 -0.744012 0.590931 -0.311844 
-0.731664 0.606401 -0.31136 0.731664 0.606401 -0.31136 0.744012 0.590931 -0.311844 
-0.697699 0.645228 -0.311283 -0.691328 0.652088 -0.311201 0.691328 0.652088 -0.311201 
0.697699 0.645228 -0.311283 -0.652088 0.691328 -0.311201 -0.645228 0.697699 -0.311283 
0.645228 0.697699 -0.311283 0.652088 0.691328 -0.311201 -0.606401 0.731664 -0.31136 
-0.590931 0.744012 -0.311844 0.590931 0.744012 -0.311844 0.606401 0.731664 -0.31136 
-0.560282 0.767329 -0.311913 -0.513799 0.790458 -0.333447 -0.525473 0.790988 -0.313395 
0.513799 0.790458 -0.333447 0.525473 0.790988 -0.313395 0.560282 0.767329 -0.311913 
-0.514138 0.798377 -0.313459 -0.46601 0.827164 -0.314061 -0.417866 0.839268 -0.347876 
-0.441788 0.839763 -0.315629 0.417866 0.839268 -0.347876 0.441788 0.839763 -0.315629 
0.46601 0.827164 -0.314061 0.514138 0.798377 -0.313459 -0.417971 0.851874 -0.315612 
-0.368208 0.874181 -0.316593 -0.319334 0.890536 -0.323994 -0.323994 0.890536 -0.319334 
-0.267014 0.890613 -0.368119 0.267014 0.890613 -0.368119 0.319334 0.890536 -0.323994 
0.323994 0.890536 -0.319334 0.368208 0.874181 -0.316593 0.417971 0.851874 -0.315612 
-0.319261 0.892269 -0.319261 -0.26546 0.910224 -0.317842 -0.213778 0.923122 -0.319601 
-0.162949 0.932 -0.323765 -0.110342 0.938503 -0.327165 -0.0556617 0.942797 -0.328688 
9.47306e-17 0.943947 -0.330097 -0.018216 0.944145 -0.329027 0.018216 0.944145 -0.329027 
0.0556617 0.942797 -0.328688 0.110342 0.938503 -0.327165 0.162949 0.932 -0.323765 
0.213778 0.923122 -0.319601 0.26546 0.910224 -0.317842 0.319261 0.892269 -0.319261 
9.39562e-17 0.9444 -0.328799 -0.165993 -0.943801 -0.285808 -0.16596 -0.947203 -0.274344 
-0.18427 -0.943648 -0.274905 -0.110685 -0.944357 -0.30974 -0.10921 -0.956637 -0.270035 
-0.0556463 -0.943971 -0.325302 -0.0538254 -0.962412 -0.266206 -1.38781e-16 -0.964301 -0.264809 
0.0556463 -0.943971 -0.325302 0.0538254 -0.962412 -0.266206 0.110685 -0.944357 -0.30974 
0.10921 -0.956637 -0.270035 0.165993 -0.943801 -0.285808 0.16596 -0.947203 -0.274344 
0.18427 -0.943648 -0.274905 -0.317842 -0.910224 -0.26546 -0.368119 -0.890613 -0.267014 
-0.267648 -0.925597 -0.267648 -0.219075 -0.936736 -0.273006 0.219075 -0.936736 -0.273006 
0.267648 -0.925597 -0.267648 0.317842 -0.910224 -0.26546 0.368119 -0.890613 -0.267014 
-0.46854 -0.839817 -0.274187 -0.4686 -0.84301 -0.264097 -0.47396 -0.840011 -0.264089 
-0.41878 -0.868827 -0.264127 -0.371122 -0.889407 -0.266877 0.371122 -0.889407 -0.266877 
0.41878 -0.868827 -0.264127 0.46854 -0.839817 -0.274187 0.4686 -0.84301 -0.264097 
0.47396 -0.840011 -0.264089 -0.514908 -0.816193 -0.262103 -0.5517 -0.791772 -0.262154 
0.514908 -0.816193 -0.262103 0.5517 -0.791772 -0.262154 -0.607971 -0.744547 -0.275721 
-0.608338 -0.749496 -0.261116 -0.613856 -0.744998 -0.261072 -0.561998 -0.784654 -0.261679 
0.561998 -0.784654 -0.261679 0.607971 -0.744547 -0.275721 0.608338 -0.749496 -0.261116 
0.613856 -0.744998 -0.261072 -0.652818 -0.698252 -0.293722 -0.653921 -0.710374 -0.260301 
-0.665619 -0.699432 -0.260279 0.652818 -0.698252 -0.293722 0.653921 -0.710374 -0.260301 
0.665619 -0.699432 -0.260279 -0.698252 -0.652818 -0.293722 -0.699432 -0.665619 -0.260279 
-0.710374 -0.653921 -0.260301 0.698252 -0.652818 -0.293722 0.699432 -0.665619 -0.260279 
0.710374 -0.653921 -0.260301 -0.744547 -0.607971 -0.275721 -0.744998 -0.613856 -0.261072 
-0.749496 -0.608338 -0.261116 0.744547 -0.607971 -0.275721 0.744998 -0.613856 -0.261072 
0.749496 -0.608338 -0.261116 -0.784654 -0.561998 -0.261679 0.784654 -0.561998 -0.261679 
-0.791772 -0.5517 -0.262154 -0.816193 -0.514908 -0.262103 0.791772 -0.5517 -0.262154 
0.816193 -0.514908 -0.262103 -0.839817 -0.46854 -0.274187 -0.840011 -0.47396 -0.264089 
-0.84301 -0.4686 -0.264097 0.840011 -0.47396 -0.264089 0.839817 -0.46854 -0.274187 
0.84301 -0.4686 -0.264097 -0.868827 -0.41878 -0.264127 0.868827 -0.41878 -0.264127 
-0.889407 -0.371122 -0.266877 0.889407 -0.371122 -0.266877 -0.890613 -0.368119 -0.267014 
-0.910224 -0.317842 -0.26546 0.890613 -0.368119 -0.267014 0.910224 -0.317842 -0.26546 
-0.925597 -0.267648 -0.267648 0.925597 -0.267648 -0.267648 -0.936736 -0.219075 -0.273006 
0.936736 -0.219075 -0.273006 -0.943801 -0.165993 -0.285808 -0.943648 -0.18427 -0.274905 
-0.947203 -0.16596 -0.274344 0.943648 -0.18427 -0.274905 0.943801 -0.165993 -0.285808 
0.947203 -0.16596 -0.274344 -0.944357 -0.110685 -0.30974 -0.956637 -0.10921 -0.270035 
0.944357 -0.110685 -0.30974 0.956637 -0.10921 -0.270035 -0.943971 -0.0556463 -0.325302 
-0.962412 -0.0538254 -0.266206 0.943971 -0.0556463 -0.325302 0.962412 -0.0538254 -0.266206 
-0.964301 -3.38588e-16 -0.264809 0.964301 -4.46857e-16 -0.264809 -0.943971 0.0556463 -0.325302 
-0.962412 0.0538254 -0.266206 0.943971 0.0556463 -0.325302 0.962412 0.0538254 -0.266206 
-0.944357 0.110685 -0.30974 -0.956637 0.10921 -0.270035 0.944357 0.110685 -0.30974 
0.956637 0.10921 -0.270035 -0.943801 0.165993 -0.285808 -0.947203 0.16596 -0.274344 
0.943801 0.165993 -0.285808 0.947203 0.16596 -0.274344 -0.943648 0.18427 -0.274905 
-0.936736 0.219075 -0.273006 0.936736 0.219075 -0.273006 0.943648 0.18427 -0.274905 
-0.925597 0.267648 -0.267648 0.925597 0.267648 -0.267648 -0.910224 0.317842 -0.26546 
0.910224 0.317842 -0.26546 -0.890613 0.368119 -0.267014 -0.889407 0.371122 -0.266877 
0.889407 0.371122 -0.266877 0.890613 0.368119 -0.267014 -0.868827 0.41878 -0.264127 
0.868827 0.41878 -0.264127 -0.839817 0.46854 -0.274187 -0.84301 0.4686 -0.264097 
0.839817 0.46854 -0.274187 0.84301 0.4686 -0.264097 -0.840011 0.47396 -0.264089 
-0.816193 0.514908 -0.262103 0.816193 0.514908 -0.262103 0.840011 0.47396 -0.264089 
-0.791772 0.5517 -0.262154 -0.784654 0.561998 -0.261679 0.784654 0.561998 -0.261679 
0.791772 0.5517 -0.262154 -0.744547 0.607971 -0.275721 -0.749496 0.608338 -0.261116 
0.744547 0.607971 -0.275721 0.749496 0.608338 -0.261116 -0.744998 0.613856 -0.261072 
-0.698252 0.652818 -0.293722 -0.710374 0.653921 -0.260301 0.698252 0.652818 -0.293722 
0.710374 0.653921 -0.260301 0.744998 0.613856 -0.261072 -0.699432 0.665619 -0.260279 
-0.652818 0.698252 -0.293722 -0.665619 0.699432 -0.260279 0.652818 0.698252 -0.293722 
0.665619 0.699432 -0.260279 0.699432 0.665619 -0.260279 -0.653921 0.710374 -0.260301 
-0.607971 0.744547 -0.275721 -0.613856 0.744998 -0.261072 0.607971 0.744547 -0.275721 
0.613856 0.744998 -0.261072 0.653921 0.710374 -0.260301 -0.608338 0.749496 -0.261116 
-0.561998 0.784654 -0.261679 -0.5517 0.791772 -0.262154 0.5517 0.791772 -0.262154 
0.561998 0.784654 -0.261679 0.608338 0.749496 -0.261116 -0.514908 0.816193 -0.262103 
-0.46854 0.839817 -0.274187 -0.47396 0.840011 -0.264089 0.46854 0.839817 -0.274187 
0.47396 0.840011 -0.264089 0.514908 0.816193 -0.262103 -0.4686 0.84301 -0.264097 
-0.41878 0.868827 -0.264127 -0.371122 0.889407 -0.266877 -0.368119 0.890613 -0.267014 
0.368119 0.890613 -0.267014 0.371122 0.889407 -0.266877 0.41878 0.868827 -0.264127 
0.4686 0.84301 -0.264097 -0.317842 0.910224 -0.26546 -0.267648 0.925597 -0.267648 
-0.219075 0.936736 -0.273006 -0.165993 0.943801 -0.285808 -0.18427 0.943648 -0.274905 
-0.110685 0.944357 -0.30974 -0.0556463 0.943971 -0.325302 0.0556463 0.943971 -0.325302 
0.110685 0.944357 -0.30974 0.165993 0.943801 -0.285808 0.18427 0.943648 -0.274905 
0.219075 0.936736 -0.273006 0.267648 0.925597 -0.267648 0.317842 0.910224 -0.26546 
-0.16596 0.947203 -0.274344 -0.10921 0.956637 -0.270035 -0.0538254 0.962412 -0.266206 
-1.38781e-16 0.964301 -0.264809 0.0538254 0.962412 -0.266206 0.10921 0.956637 -0.270035 
0.16596 0.947203 -0.274344 -0.220436 -0.943772 -0.24638 -0.219361 -0.950664 -0.219361 
-0.24638 -0.943772 -0.220436 -0.159899 -0.963969 -0.212592 -0.103458 -0.97291 -0.206742 
-0.050894 -0.977585 -0.204299 -2.02558e-16 -0.979 -0.203863 0.050894 -0.977585 -0.204299 
0.103458 -0.97291 -0.206742 0.159899 -0.963969 -0.212592 0.220436 -0.943772 -0.24638 
0.219361 -0.950664 -0.219361 0.24638 -0.943772 -0.220436 -0.371365 -0.890657 -0.262332 
-0.370209 -0.904152 -0.213199 -0.399038 -0.891626 -0.213942 -0.319601 -0.923122 -0.213778 
-0.273006 -0.936736 -0.219075 0.273006 -0.936736 -0.219075 0.319601 -0.923122 -0.213778 
0.371365 -0.890657 -0.262332 0.370209 -0.904152 -0.213199 0.399038 -0.891626 -0.213942 
-0.468896 -0.857527 -0.211621 -0.497697 -0.841098 -0.211782 -0.420794 -0.881795 -0.213 
0.420794 -0.881795 -0.213 0.468896 -0.857527 -0.211621 0.497697 -0.841098 -0.211782 
-0.563513 -0.792137 -0.234462 -0.563903 -0.798584 -0.210423 -0.57206 -0.792776 -0.210365 
-0.516428 -0.829952 -0.210907 0.516428 -0.829952 -0.210907 0.563513 -0.792137 -0.234462 
0.563903 -0.798584 -0.210423 0.57206 -0.792776 -0.210365 -0.609606 -0.764618 -0.209142 
-0.631693 -0.746455 -0.209211 0.609606 -0.764618 -0.209142 0.631693 -0.746455 -0.209211 
-0.655126 -0.726083 -0.208836 -0.682277 -0.7006 -0.208942 0.655126 -0.726083 -0.208836 
0.682277 -0.7006 -0.208942 -0.7006 -0.682277 -0.208942 -0.726083 -0.655126 -0.208836 
0.7006 -0.682277 -0.208942 0.726083 -0.655126 -0.208836 -0.746455 -0.631693 -0.209211 
-0.764618 -0.609606 -0.209142 0.746455 -0.631693 -0.209211 0.764618 -0.609606 -0.209142 
-0.792137 -0.563513 -0.234462 -0.792776 -0.57206 -0.210365 -0.798584 -0.563903 -0.210423 
0.792776 -0.57206 -0.210365 0.792137 -0.563513 -0.234462 0.798584 -0.563903 -0.210423 
-0.829952 -0.516428 -0.210907 0.829952 -0.516428 -0.210907 -0.841098 -0.497697 -0.211782 
-0.857527 -0.468896 -0.211621 0.841098 -0.497697 -0.211782 0.857527 -0.468896 -0.211621 
-0.881795 -0.420794 -0.213 0.881795 -0.420794 -0.213 -0.890657 -0.371365 -0.262332 
-0.891626 -0.399038 -0.213942 -0.904152 -0.370209 -0.213199 0.891626 -0.399038 -0.213942 
0.890657 -0.371365 -0.262332 0.904152 -0.370209 -0.213199 -0.923122 -0.319601 -0.213778 
0.923122 -0.319601 -0.213778 -0.936736 -0.273006 -0.219075 0.936736 -0.273006 -0.219075 
-0.943772 -0.220436 -0.24638 -0.943772 -0.24638 -0.220436 -0.950664 -0.219361 -0.219361 
0.943772 -0.24638 -0.220436 0.943772 -0.220436 -0.24638 0.950664 -0.219361 -0.219361 
-0.963969 -0.159899 -0.212592 0.963969 -0.159899 -0.212592 -0.97291 -0.103458 -0.206742 
0.97291 -0.103458 -0.206742 -0.977585 -0.050894 -0.204299 0.977585 -0.050894 -0.204299 
-0.979 1.04489e-16 -0.203863 0.979 5.22445e-17 -0.203863 -0.977585 0.050894 -0.204299 
0.977585 0.050894 -0.204299 -0.97291 0.103458 -0.206742 0.97291 0.103458 -0.206742 
-0.963969 0.159899 -0.212592 0.963969 0.159899 -0.212592 -0.943772 0.220436 -0.24638 
-0.950664 0.219361 -0.219361 0.943772 0.220436 -0.24638 0.950664 0.219361 -0.219361 
-0.943772 0.24638 -0.220436 -0.936736 0.273006 -0.219075 0.936736 0.273006 -0.219075 
0.943772 0.24638 -0.220436 -0.923122 0.319601 -0.213778 0.923122 0.319601 -0.213778 
-0.890657 0.371365 -0.262332 -0.904152 0.370209 -0.213199 0.890657 0.371365 -0.262332 
0.904152 0.370209 -0.213199 -0.891626 0.399038 -0.213942 -0.881795 0.420794 -0.213 
0.881795 0.420794 -0.213 0.891626 0.399038 -0.213942 -0.857527 0.468896 -0.211621 
0.857527 0.468896 -0.211621 -0.841098 0.497697 -0.211782 -0.829952 0.516428 -0.210907 
0.829952 0.516428 -0.210907 0.841098 0.497697 -0.211782 -0.792137 0.563513 -0.234462 
-0.798584 0.563903 -0.210423 0.792137 0.563513 -0.234462 0.798584 0.563903 -0.210423 
-0.792776 0.57206 -0.210365 -0.764618 0.609606 -0.209142 0.764618 0.609606 -0.209142 
0.792776 0.57206 -0.210365 -0.746455 0.631693 -0.209211 -0.726083 0.655126 -0.208836 
0.726083 0.655126 -0.208836 0.746455 0.631693 -0.209211 -0.7006 0.682277 -0.208942 
-0.682277 0.7006 -0.208942 0.682277 0.7006 -0.208942 0.7006 0.682277 -0.208942 
-0.655126 0.726083 -0.208836 -0.631693 0.746455 -0.209211 0.631693 0.746455 -0.209211 
0.655126 0.726083 -0.208836 -0.609606 0.764618 -0.209142 -0.563513 0.792137 -0.234462 
-0.57206 0.792776 -0.210365 0.563513 0.792137 -0.234462 0.57206 0.792776 -0.210365 
0.609606 0.764618 -0.209142 -0.563903 0.798584 -0.210423 -0.516428 0.829952 -0.210907 
-0.497697 0.841098 -0.211782 0.497697 0.841098 -0.211782 0.516428 0.829952 -0.210907 
0.563903 0.798584 -0.210423 -0.468896 0.857527 -0.211621 -0.420794 0.881795 -0.213 
-0.371365 0.890657 -0.262332 -0.399038 0.891626 -0.213942 0.371365 0.890657 -0.262332 
0.399038 0.891626 -0.213942 0.420794 0.881795 -0.213 0.468896 0.857527 -0.211621 
-0.370209 0.904152 -0.213199 -0.319601 0.923122 -0.213778 -0.273006 0.936736 -0.219075 
-0.220436 0.943772 -0.24638 -0.24638 0.943772 -0.220436 0.220436 0.943772 -0.24638 
0.24638 0.943772 -0.220436 0.273006 0.936736 -0.219075 0.319601 0.923122 -0.213778 
0.370209 0.904152 -0.213199 -0.219361 0.950664 -0.219361 -0.159899 0.963969 -0.212592 
-0.103458 0.97291 -0.206742 -0.050894 0.977585 -0.204299 0 0.979 -0.203863 
0.050894 0.977585 -0.204299 0.103458 0.97291 -0.206742 0.159899 0.963969 -0.212592 
0.219361 0.950664 -0.219361 -0.274905 -0.943648 -0.18427 -0.274344 -0.947203 -0.16596 
-0.285808 -0.943801 -0.165993 -0.212592 -0.963969 -0.159899 -0.153626 -0.976114 -0.153626 
-0.101363 -0.983083 -0.152555 -0.0512401 -0.986602 -0.154891 -6.58173e-17 -0.987708 -0.156311 
0.0512401 -0.986602 -0.154891 0.101363 -0.983083 -0.152555 0.153626 -0.976114 -0.153626 
0.212592 -0.963969 -0.159899 0.274905 -0.943648 -0.18427 0.274344 -0.947203 -0.16596 
0.285808 -0.943801 -0.165993 -0.423072 -0.891388 -0.162598 -0.423047 -0.891669 -0.161111 
-0.423613 -0.8914 -0.161114 -0.370228 -0.915088 -0.159831 -0.323765 -0.932 -0.162949 
0.323765 -0.932 -0.162949 0.370228 -0.915088 -0.159831 0.423072 -0.891388 -0.162598 
0.423047 -0.891669 -0.161111 0.423613 -0.8914 -0.161114 -0.469615 -0.868398 -0.159205 
-0.516788 -0.841137 -0.159432 0.469615 -0.868398 -0.159205 0.516788 -0.841137 -0.159432 
-0.564704 -0.810047 -0.157904 -0.5872 -0.793877 -0.157974 -0.518701 -0.839974 -0.159353 
0.518701 -0.839974 -0.159353 0.564704 -0.810047 -0.157904 0.5872 -0.793877 -0.157974 
-0.610481 -0.776226 -0.157435 -0.645544 -0.747213 -0.157943 0.610481 -0.776226 -0.157435 
0.645544 -0.747213 -0.157943 -0.655938 -0.738116 -0.157893 -0.69503 -0.701363 -0.158187 
0.655938 -0.738116 -0.157893 0.69503 -0.701363 -0.158187 -0.701363 -0.69503 -0.158187 
-0.738116 -0.655938 -0.157893 0.701363 -0.69503 -0.158187 0.738116 -0.655938 -0.157893 
-0.747213 -0.645544 -0.157943 -0.776226 -0.610481 -0.157435 0.747213 -0.645544 -0.157943 
0.776226 -0.610481 -0.157435 -0.793877 -0.5872 -0.157974 -0.810047 -0.564704 -0.157904 
0.793877 -0.5872 -0.157974 0.810047 -0.564704 -0.157904 -0.839974 -0.518701 -0.159353 
0.839974 -0.518701 -0.159353 -0.841137 -0.516788 -0.159432 -0.868398 -0.469615 -0.159205 
0.841137 -0.516788 -0.159432 0.868398 -0.469615 -0.159205 -0.891388 -0.423072 -0.162598 
-0.8914 -0.423613 -0.161114 -0.891669 -0.423047 -0.161111 0.8914 -0.423613 -0.161114 
0.891388 -0.423072 -0.162598 0.891669 -0.423047 -0.161111 -0.915088 -0.370228 -0.159831 
0.915088 -0.370228 -0.159831 -0.932 -0.323765 -0.162949 0.932 -0.323765 -0.162949 
-0.943648 -0.274905 -0.18427 -0.943801 -0.285808 -0.165993 -0.947203 -0.274344 -0.16596 
0.943801 -0.285808 -0.165993 0.943648 -0.274905 -0.18427 0.947203 -0.274344 -0.16596 
-0.963969 -0.212592 -0.159899 0.963969 -0.212592 -0.159899 -0.976114 -0.153626 -0.153626 
0.976114 -0.153626 -0.153626 -0.983083 -0.101363 -0.152555 0.983083 -0.101363 -0.152555 
-0.986602 -0.0512401 -0.154891 0.986602 -0.0512401 -0.154891 -0.987708 -6.82595e-17 -0.156311 
0.987708 6.33751e-17 -0.156311 -0.986602 0.0512401 -0.154891 0.986602 0.0512401 -0.154891 
-0.983083 0.101363 -0.152555 0.983083 0.101363 -0.152555 -0.976114 0.153626 -0.153626 
0.976114 0.153626 -0.153626 -0.963969 0.212592 -0.159899 0.963969 0.212592 -0.159899 
-0.943648 0.274905 -0.18427 -0.947203 0.274344 -0.16596 0.943648 0.274905 -0.18427 
0.947203 0.274344 -0.16596 -0.943801 0.285808 -0.165993 -0.932 0.323765 -0.162949 
0.932 0.323765 -0.162949 0.943801 0.285808 -0.165993 -0.915088 0.370228 -0.159831 
0.915088 0.370228 -0.159831 -0.891388 0.423072 -0.162598 -0.891669 0.423047 -0.161111 
0.891388 0.423072 -0.162598 0.891669 0.423047 -0.161111 -0.8914 0.423613 -0.161114 
-0.868398 0.469615 -0.159205 0.868398 0.469615 -0.159205 0.8914 0.423613 -0.161114 
-0.841137 0.516788 -0.159432 -0.839974 0.518701 -0.159353 0.839974 0.518701 -0.159353 
0.841137 0.516788 -0.159432 -0.810047 0.564704 -0.157904 0.810047 0.564704 -0.157904 
-0.793877 0.5872 -0.157974 -0.776226 0.610481 -0.157435 0.776226 0.610481 -0.157435 
0.793877 0.5872 -0.157974 -0.747213 0.645544 -0.157943 -0.738116 0.655938 -0.157893 
0.738116 0.655938 -0.157893 0.747213 0.645544 -0.157943 -0.701363 0.69503 -0.158187 
-0.69503 0.701363 -0.158187 0.69503 0.701363 -0.158187 0.701363 0.69503 -0.158187 
-0.655938 0.738116 -0.157893 -0.645544 0.747213 -0.157943 0.645544 0.747213 -0.157943 
0.655938 0.738116 -0.157893 -0.610481 0.776226 -0.157435 -0.5872 0.793877 -0.157974 
0.5872 0.793877 -0.157974 0.610481 0.776226 -0.157435 -0.564704 0.810047 -0.157904 
-0.518701 0.839974 -0.159353 -0.516788 0.841137 -0.159432 0.516788 0.841137 -0.159432 
0.518701 0.839974 -0.159353 0.564704 0.810047 -0.157904 -0.469615 0.868398 -0.159205 
-0.423072 0.891388 -0.162598 -0.423613 0.8914 -0.161114 0.423072 0.891388 -0.162598 
0.423613 0.8914 -0.161114 0.469615 0.868398 -0.159205 -0.423047 0.891669 -0.161111 
-0.370228 0.915088 -0.159831 -0.323765 0.932 -0.162949 -0.274905 0.943648 -0.18427 
-0.285808 0.943801 -0.165993 0.274905 0.943648 -0.18427 0.285808 0.943801 -0.165993 
0.323765 0.932 -0.162949 0.370228 0.915088 -0.159831 0.423047 0.891669 -0.161111 
-0.274344 0.947203 -0.16596 -0.212592 0.963969 -0.159899 -0.153626 0.976114 -0.153626 
-0.101363 0.983083 -0.152555 -0.0512401 0.986602 -0.154891 6.58173e-17 0.987708 -0.156311 
0.0512401 0.986602 -0.154891 0.101363 0.983083 -0.152555 0.153626 0.976114 -0.153626 
0.212592 0.963969 -0.159899 0.274344 0.947203 -0.16596 -0.270035 -0.956637 -0.10921 
-0.30974 -0.944357 -0.110685 -0.206742 -0.97291 -0.103458 -0.152555 -0.983083 -0.101363 
-0.104862 -0.988943 -0.104862 -0.0547443 -0.992443 -0.10982 -4.06702e-17 -0.993712 -0.111969 
0.0547443 -0.992443 -0.10982 0.104862 -0.988943 -0.104862 0.152555 -0.983083 -0.101363 
0.206742 -0.97291 -0.103458 0.270035 -0.956637 -0.10921 0.30974 -0.944357 -0.110685 
-0.422381 -0.900054 -0.107226 -0.438013 -0.892529 -0.107408 -0.371716 -0.922159 -0.107 
-0.327165 -0.938503 -0.110342 0.327165 -0.938503 -0.110342 0.371716 -0.922159 -0.107 
0.422381 -0.900054 -0.107226 0.438013 -0.892529 -0.107408 -0.519132 -0.841304 -0.150698 
-0.519384 -0.847897 -0.106354 -0.528666 -0.842143 -0.106337 -0.470609 -0.875883 -0.106567 
0.470609 -0.875883 -0.106567 0.519132 -0.841304 -0.150698 0.519384 -0.847897 -0.106354 
0.528666 -0.842143 -0.106337 -0.565287 -0.818131 -0.105413 -0.598022 -0.794474 -0.10574 
0.565287 -0.818131 -0.105413 0.598022 -0.794474 -0.10574 -0.611155 -0.784433 -0.105619 
-0.655267 -0.747878 -0.106318 0.611155 -0.784433 -0.105619 0.655267 -0.747878 -0.106318 
-0.702103 -0.702103 -0.118759 -0.702209 -0.703966 -0.106467 -0.703966 -0.702209 -0.106467 
-0.656699 -0.746621 -0.106322 0.656699 -0.746621 -0.106322 0.702103 -0.702103 -0.118759 
0.702209 -0.703966 -0.106467 0.703966 -0.702209 -0.106467 -0.746621 -0.656699 -0.106322 
0.746621 -0.656699 -0.106322 -0.747878 -0.655267 -0.106318 -0.784433 -0.611155 -0.105619 
0.747878 -0.655267 -0.106318 0.784433 -0.611155 -0.105619 -0.794474 -0.598022 -0.10574 
-0.818131 -0.565287 -0.105413 0.794474 -0.598022 -0.10574 0.818131 -0.565287 -0.105413 
-0.841304 -0.519132 -0.150698 -0.842143 -0.528666 -0.106337 -0.847897 -0.519384 -0.106354 
0.842143 -0.528666 -0.106337 0.841304 -0.519132 -0.150698 0.847897 -0.519384 -0.106354 
-0.875883 -0.470609 -0.106567 0.875883 -0.470609 -0.106567 -0.892529 -0.438013 -0.107408 
-0.900054 -0.422381 -0.107226 0.892529 -0.438013 -0.107408 0.900054 -0.422381 -0.107226 
-0.922159 -0.371716 -0.107 0.922159 -0.371716 -0.107 -0.938503 -0.327165 -0.110342 
0.938503 -0.327165 -0.110342 -0.944357 -0.30974 -0.110685 -0.956637 -0.270035 -0.10921 
0.944357 -0.30974 -0.110685 0.956637 -0.270035 -0.10921 -0.97291 -0.206742 -0.103458 
0.97291 -0.206742 -0.103458 -0.983083 -0.152555 -0.101363 0.983083 -0.152555 -0.101363 
-0.988943 -0.104862 -0.104862 0.988943 -0.104862 -0.104862 -0.992443 -0.0547443 -0.10982 
0.992443 -0.0547443 -0.10982 -0.993712 -8.13404e-17 -0.111969 0.993712 7.90818e-17 -0.111969 
-0.992443 0.0547443 -0.10982 0.992443 0.0547443 -0.10982 -0.988943 0.104862 -0.104862 
0.988943 0.104862 -0.104862 -0.983083 0.152555 -0.101363 0.983083 0.152555 -0.101363 
-0.97291 0.206742 -0.103458 0.97291 0.206742 -0.103458 -0.956637 0.270035 -0.10921 
0.956637 0.270035 -0.10921 -0.944357 0.30974 -0.110685 -0.938503 0.327165 -0.110342 
0.938503 0.327165 -0.110342 0.944357 0.30974 -0.110685 -0.922159 0.371716 -0.107 
0.922159 0.371716 -0.107 -0.900054 0.422381 -0.107226 0.900054 0.422381 -0.107226 
-0.892529 0.438013 -0.107408 -0.875883 0.470609 -0.106567 0.875883 0.470609 -0.106567 
0.892529 0.438013 -0.107408 -0.841304 0.519132 -0.150698 -0.847897 0.519384 -0.106354 
0.841304 0.519132 -0.150698 0.847897 0.519384 -0.106354 -0.842143 0.528666 -0.106337 
-0.818131 0.565287 -0.105413 0.818131 0.565287 -0.105413 0.842143 0.528666 -0.106337 
-0.794474 0.598022 -0.10574 -0.784433 0.611155 -0.105619 0.784433 0.611155 -0.105619 
0.794474 0.598022 -0.10574 -0.747878 0.655267 -0.106318 -0.746621 0.656699 -0.106322 
0.746621 0.656699 -0.106322 0.747878 0.655267 -0.106318 -0.702103 0.702103 -0.118759 
-0.703966 0.702209 -0.106467 0.702103 0.702103 -0.118759 0.703966 0.702209 -0.106467 
-0.702209 0.703966 -0.106467 -0.656699 0.746621 -0.106322 -0.655267 0.747878 -0.106318 
0.655267 0.747878 -0.106318 0.656699 0.746621 -0.106322 0.702209 0.703966 -0.106467 
-0.611155 0.784433 -0.105619 -0.598022 0.794474 -0.10574 0.598022 0.794474 -0.10574 
0.611155 0.784433 -0.105619 -0.565287 0.818131 -0.105413 -0.519132 0.841304 -0.150698 
-0.528666 0.842143 -0.106337 0.519132 0.841304 -0.150698 0.528666 0.842143 -0.106337 
0.565287 0.818131 -0.105413 -0.519384 0.847897 -0.106354 -0.470609 0.875883 -0.106567 
-0.438013 0.892529 -0.107408 0.438013 0.892529 -0.107408 0.470609 0.875883 -0.106567 
0.519384 0.847897 -0.106354 -0.422381 0.900054 -0.107226 -0.371716 0.922159 -0.107 
-0.327165 0.938503 -0.110342 -0.30974 0.944357 -0.110685 0.30974 0.944357 -0.110685 
0.327165 0.938503 -0.110342 0.371716 0.922159 -0.107 0.422381 0.900054 -0.107226 
-0.270035 0.956637 -0.10921 -0.206742 0.97291 -0.103458 -0.152555 0.983083 -0.101363 
-0.104862 0.988943 -0.104862 -0.0547443 0.992443 -0.10982 0 0.993712 -0.111969 
0.0547443 0.992443 -0.10982 0.104862 0.988943 -0.104862 0.152555 0.983083 -0.101363 
0.206742 0.97291 -0.103458 0.270035 0.956637 -0.10921 -0.266206 -0.962412 -0.0538254 
-0.325302 -0.943971 -0.0556463 -0.204299 -0.977585 -0.050894 -0.154891 -0.986602 -0.0512401 
-0.10982 -0.992443 -0.0547443 -0.0583492 -0.99659 -0.0583492 8.78747e-17 -0.998212 -0.0597656 
0.0583492 -0.99659 -0.0583492 0.10982 -0.992443 -0.0547443 0.154891 -0.986602 -0.0512401 
0.204299 -0.977585 -0.050894 0.266206 -0.962412 -0.0538254 0.325302 -0.943971 -0.0556463 
-0.422037 -0.904996 -0.0535389 -0.447083 -0.892877 -0.0537406 -0.373302 -0.926149 -0.0537831 
-0.328688 -0.942797 -0.0556617 0.328688 -0.942797 -0.0556617 0.373302 -0.926149 -0.0537831 
0.422037 -0.904996 -0.0535389 0.447083 -0.892877 -0.0537406 -0.519615 -0.852744 -0.0531689 
-0.53579 -0.842675 -0.0531744 -0.47142 -0.880287 -0.0534557 0.47142 -0.880287 -0.0534557 
0.519615 -0.852744 -0.0531689 0.53579 -0.842675 -0.0531744 -0.565668 -0.822941 -0.0528016 
-0.604426 -0.794888 -0.0531161 0.565668 -0.822941 -0.0528016 0.604426 -0.794888 -0.0531161 
-0.657048 -0.748224 -0.0919176 -0.657228 -0.751798 -0.0534072 -0.660757 -0.748698 -0.0534028 
-0.611655 -0.78934 -0.0531056 0.611655 -0.78934 -0.0531056 0.657048 -0.748224 -0.0919176 
0.657228 -0.751798 -0.0534072 0.660757 -0.748698 -0.0534028 -0.702905 -0.709277 -0.0533883 
-0.709277 -0.702905 -0.0533883 0.702905 -0.709277 -0.0533883 0.709277 -0.702905 -0.0533883 
-0.748224 -0.657048 -0.0919176 -0.748698 -0.660757 -0.0534028 -0.751798 -0.657228 -0.0534072 
0.748698 -0.660757 -0.0534028 0.748224 -0.657048 -0.0919176 0.751798 -0.657228 -0.0534072 
-0.78934 -0.611655 -0.0531056 0.78934 -0.611655 -0.0531056 -0.794888 -0.604426 -0.0531161 
-0.822941 -0.565668 -0.0528016 0.794888 -0.604426 -0.0531161 0.822941 -0.565668 -0.0528016 
-0.842675 -0.53579 -0.0531744 -0.852744 -0.519615 -0.0531689 0.842675 -0.53579 -0.0531744 
0.852744 -0.519615 -0.0531689 -0.880287 -0.47142 -0.0534557 0.880287 -0.47142 -0.0534557 
-0.892877 -0.447083 -0.0537406 -0.904996 -0.422037 -0.0535389 0.892877 -0.447083 -0.0537406 
0.904996 -0.422037 -0.0535389 -0.926149 -0.373302 -0.0537831 0.926149 -0.373302 -0.0537831 
-0.942797 -0.328688 -0.0556617 0.942797 -0.328688 -0.0556617 -0.943971 -0.325302 -0.0556463 
-0.962412 -0.266206 -0.0538254 0.943971 -0.325302 -0.0556463 0.962412 -0.266206 -0.0538254 
-0.977585 -0.204299 -0.050894 0.977585 -0.204299 -0.050894 -0.986602 -0.154891 -0.0512401 
0.986602 -0.154891 -0.0512401 -0.992443 -0.10982 -0.0547443 0.992443 -0.10982 -0.0547443 
-0.99659 -0.0583492 -0.0583492 0.99659 -0.0583492 -0.0583492 -0.998212 1.5182e-16 -0.0597656 
0.998212 1.03962e-16 -0.0597656 -0.99659 0.0583492 -0.0583492 0.99659 0.0583492 -0.0583492 
-0.992443 0.10982 -0.0547443 0.992443 0.10982 -0.0547443 -0.986602 0.154891 -0.0512401 
0.986602 0.154891 -0.0512401 -0.977585 0.204299 -0.050894 0.977585 0.204299 -0.050894 
-0.962412 0.266206 -0.0538254 0.962412 0.266206 -0.0538254 -0.943971 0.325302 -0.0556463 
-0.942797 0.328688 -0.0556617 0.942797 0.328688 -0.0556617 0.943971 0.325302 -0.0556463 
-0.926149 0.373302 -0.0537831 0.926149 0.373302 -0.0537831 -0.904996 0.422037 -0.0535389 
0.904996 0.422037 -0.0535389 -0.892877 0.447083 -0.0537406 -0.880287 0.47142 -0.0534557 
0.880287 0.47142 -0.0534557 0.892877 0.447083 -0.0537406 -0.852744 0.519615 -0.0531689 
0.852744 0.519615 -0.0531689 -0.842675 0.53579 -0.0531744 -0.822941 0.565668 -0.0528016 
0.822941 0.565668 -0.0528016 0.842675 0.53579 -0.0531744 -0.794888 0.604426 -0.0531161 
-0.78934 0.611655 -0.0531056 0.78934 0.611655 -0.0531056 0.794888 0.604426 -0.0531161 
-0.748224 0.657048 -0.0919176 -0.751798 0.657228 -0.0534072 0.748224 0.657048 -0.0919176 
0.751798 0.657228 -0.0534072 -0.748698 0.660757 -0.0534028 -0.709277 0.702905 -0.0533883 
0.709277 0.702905 -0.0533883 0.748698 0.660757 -0.0534028 -0.702905 0.709277 -0.0533883 
-0.657048 0.748224 -0.0919176 -0.660757 0.748698 -0.0534028 0.657048 0.748224 -0.0919176 
0.660757 0.748698 -0.0534028 0.702905 0.709277 -0.0533883 -0.657228 0.751798 -0.0534072 
-0.611655 0.78934 -0.0531056 -0.604426 0.794888 -0.0531161 0.604426 0.794888 -0.0531161 
0.611655 0.78934 -0.0531056 0.657228 0.751798 -0.0534072 -0.565668 0.822941 -0.0528016 
-0.53579 0.842675 -0.0531744 0.53579 0.842675 -0.0531744 0.565668 0.822941 -0.0528016 
-0.519615 0.852744 -0.0531689 -0.47142 0.880287 -0.0534557 -0.447083 0.892877 -0.0537406 
0.447083 0.892877 -0.0537406 0.47142 0.880287 -0.0534557 0.519615 0.852744 -0.0531689 
-0.422037 0.904996 -0.0535389 -0.373302 0.926149 -0.0537831 -0.328688 0.942797 -0.0556617 
-0.325302 0.943971 -0.0556463 0.325302 0.943971 -0.0556463 0.328688 0.942797 -0.0556617 
0.373302 0.926149 -0.0537831 0.422037 0.904996 -0.0535389 -0.266206 0.962412 -0.0538254 
-0.204299 0.977585 -0.050894 -0.154891 0.986602 -0.0512401 -0.10982 0.992443 -0.0547443 
-0.0583492 0.99659 -0.0583492 0 0.998212 -0.0597656 0.0583492 0.99659 -0.0583492 
0.10982 0.992443 -0.0547443 0.154891 0.986602 -0.0512401 0.204299 0.977585 -0.050894 
0.266206 0.962412 -0.0538254 -0.329027 -0.944145 -0.018216 -0.328799 -0.9444 8.42411e-16 
-0.330097 -0.943947 8.33058e-16 -0.264809 -0.964301 -9.44868e-17 -0.203863 -0.979 3.52872e-16 
-0.156311 -0.987708 -1.29192e-16 -0.111969 -0.993712 5.62607e-16 -0.0597656 -0.998212 -5.61039e-17 
0 -1 2.72101e-16 0.0597656 -0.998212 -1.2005e-16 0.111969 -0.993712 4.02185e-16 
0.156311 -0.987708 0 0.203863 -0.979 1.56733e-16 0.264809 -0.964301 -3.34615e-17 
0.329027 -0.944145 -0.018216 0.328799 -0.9444 8.41954e-16 0.330097 -0.943947 8.30618e-16 
-0.421962 -0.906613 -8.1548e-16 -0.450165 -0.892945 -6.72223e-16 -0.373933 -0.927456 1.33866e-16 
0.373933 -0.927456 -1.3859e-16 0.421962 -0.906613 -7.21979e-16 0.450165 -0.892945 -6.37076e-16 
-0.519697 -0.854351 -1.68654e-16 -0.538186 -0.842826 -7.72014e-17 -0.471725 -0.881746 -9.20347e-17 
0.471725 -0.881746 -7.87798e-17 0.519697 -0.854351 -5.56985e-16 0.538186 -0.842826 -4.19838e-16 
-0.565803 -0.82454 5.90057e-17 -0.606548 -0.795047 8.12209e-17 0.565803 -0.82454 2.08939e-16 
0.606548 -0.795047 1.27584e-16 -0.657396 -0.753546 4.76257e-16 -0.662587 -0.748985 4.29515e-16 
-0.611851 -0.790973 1.19536e-16 0.611851 -0.790973 1.0195e-16 0.657396 -0.753546 6.41842e-16 
0.662587 -0.748985 6.03576e-16 -0.703124 -0.711068 -3.91747e-16 -0.711068 -0.703124 -3.91747e-16 
0.703124 -0.711068 -7.05558e-17 0.711068 -0.703124 -1.23473e-16 -0.748985 -0.662587 5.91992e-16 
-0.753546 -0.657396 6.41842e-16 0.748985 -0.662587 2.4387e-16 0.753546 -0.657396 3.10673e-16 
-0.790973 -0.611851 2.039e-16 0.790973 -0.611851 2.21487e-16 -0.795047 -0.606548 1.62442e-16 
-0.82454 -0.565803 1.18011e-16 0.795047 -0.606548 1.85623e-16 0.82454 -0.565803 3.10989e-16 
-0.842826 -0.538186 -4.01907e-17 -0.854351 -0.519697 -1.45128e-16 0.842826 -0.538186 -8.03814e-17 
0.854351 -0.519697 -2.90256e-16 -0.881746 -0.471725 -1.66646e-16 0.881746 -0.471725 -1.66646e-16 
-0.892945 -0.450165 -5.50669e-16 -0.906613 -0.421962 -5.77583e-16 0.892945 -0.450165 -4.64262e-16 
0.906613 -0.421962 -4.33187e-16 -0.927456 -0.373933 6.45708e-17 0.927456 -0.373933 1.98436e-16 
-0.944145 -0.329027 -0.018216 -0.943947 -0.330097 6.48476e-16 -0.9444 -0.328799 6.55868e-16 
0.943947 -0.330097 8.35498e-16 0.944145 -0.329027 -0.018216 0.9444 -0.328799 8.43324e-16 
-0.964301 -0.264809 -1.24999e-16 0.964301 -0.264809 -1.86025e-16 -0.979 -0.203863 2.54803e-16 
0.979 -0.203863 5.22445e-17 -0.987708 -0.156311 -1.31635e-16 0.987708 -0.156311 -6.82595e-17 
-0.993712 -0.111969 5.23066e-16 0.993712 -0.111969 4.82396e-16 -0.998212 -0.0597656 -2.55782e-16 
0.998212 -0.0597656 -2.79711e-16 -1 -3.0757e-16 1.63578e-16 1 -1.99047e-16 2.54102e-16 
-0.998212 0.0597656 -1.43979e-16 0.998212 0.0597656 -1.67908e-16 -0.993712 0.111969 7.64829e-16 
0.993712 0.111969 6.04406e-16 -0.987708 0.156311 -3.41298e-16 0.987708 0.156311 -2.73038e-16 
-0.979 0.203863 3.59292e-16 0.979 0.203863 3.65711e-16 -0.964301 0.264809 -3.72049e-16 
0.964301 0.264809 -4.02562e-16 -0.944145 0.329027 -0.018216 -0.9444 0.328799 1.03078e-15 
0.944145 0.329027 -0.018216 0.9444 0.328799 8.42867e-16 -0.943947 0.330097 1.01764e-15 
-0.927456 0.373933 -7.40188e-17 0.927456 0.373933 -1.43314e-16 0.943947 0.330097 8.33058e-16 
-0.906613 0.421962 -5.52136e-16 0.906613 0.421962 -1.44396e-16 -0.892945 0.450165 -4.99409e-16 
-0.881746 0.471725 -9.20347e-17 0.881746 0.471725 -1.74233e-17 0.892945 0.450165 -1.88927e-16 
-0.854351 0.519697 -2.35263e-17 0.854351 0.519697 -1.68654e-16 -0.842826 0.538186 7.40215e-17 
-0.82454 0.565803 3.42911e-16 0.82454 0.565803 3.2695e-16 0.842826 0.538186 -3.17995e-18 
-0.795047 0.606548 1.50765e-16 -0.790973 0.611851 1.19536e-16 0.790973 0.611851 8.43641e-17 
0.795047 0.606548 1.27584e-16 -0.753546 0.657396 7.8693e-16 0.753546 0.657396 9.7301e-16 
-0.748985 0.662587 7.66053e-16 -0.711068 0.703124 -7.05558e-17 0.711068 0.703124 3.67133e-16 
0.748985 0.662587 9.16947e-16 -0.703124 0.711068 -8.81948e-17 -0.662587 0.748985 2.67037e-16 
0.662587 0.748985 5.80409e-16 0.703124 0.711068 3.49494e-16 -0.657396 0.753546 3.41417e-16 
-0.611851 0.790973 1.54709e-16 -0.606548 0.795047 1.04402e-16 0.606548 0.795047 1.85623e-16 
0.611851 0.790973 2.21487e-16 0.657396 0.753546 6.41842e-16 -0.565803 0.82454 3.10989e-16 
-0.538186 0.842826 3.38308e-17 0.538186 0.842826 2.25244e-16 0.565803 0.82454 2.51984e-16 
-0.519697 0.854351 -9.80753e-17 -0.471725 0.881746 -6.13565e-17 -0.450165 0.892945 -3.61742e-16 
0.450165 0.892945 -3.61742e-16 0.471725 0.881746 -1.74233e-17 0.519697 0.854351 2.15707e-16 
-0.421962 0.906613 -4.33187e-16 -0.373933 0.927456 2.58283e-16 -0.329027 0.944145 -0.018216 
-0.330097 0.943947 9.32668e-16 0.329027 0.944145 -0.018216 0.330097 0.943947 1.02008e-15 
0.373933 0.927456 -7.87427e-17 0.421962 0.906613 -4.0774e-16 -0.328799 0.9444 9.36824e-16 
-0.264809 0.964301 -4.33075e-16 -0.203863 0.979 5.8664e-17 -0.156311 0.987708 -7.07017e-17 
-0.111969 0.993712 6.83488e-16 -0.0597656 0.998212 -3.99357e-16 0 1 2.00106e-16 
0.0597656 0.998212 -3.75428e-16 0.111969 0.993712 5.63736e-16 0.156311 0.987708 -6.58173e-17 
0.203863 0.979 2.54803e-16 0.264809 0.964301 -6.32881e-16 0.328799 0.9444 1.03078e-15 
-0.329027 -0.944145 0.018216 -0.325302 -0.943971 0.0556463 -0.266206 -0.962412 0.0538254 
-0.204299 -0.977585 0.050894 -0.154891 -0.986602 0.0512401 -0.10982 -0.992443 0.0547443 
-0.0583492 -0.99659 0.0583492 2.39291e-17 -0.998212 0.0597656 0.0583492 -0.99659 0.0583492 
0.10982 -0.992443 0.0547443 0.154891 -0.986602 0.0512401 0.204299 -0.977585 0.050894 
0.266206 -0.962412 0.0538254 0.329027 -0.944145 0.018216 0.325302 -0.943971 0.0556463 
-0.422037 -0.904996 0.0535389 -0.447083 -0.892877 0.0537406 -0.373302 -0.926149 0.0537831 
-0.328688 -0.942797 0.0556617 0.328688 -0.942797 0.0556617 0.373302 -0.926149 0.0537831 
0.422037 -0.904996 0.0535389 0.447083 -0.892877 0.0537406 -0.519615 -0.852744 0.0531689 
-0.53579 -0.842675 0.0531744 -0.47142 -0.880287 0.0534557 0.47142 -0.880287 0.0534557 
0.519615 -0.852744 0.0531689 0.53579 -0.842675 0.0531744 -0.565668 -0.822941 0.0528016 
-0.604426 -0.794888 0.0531161 0.565668 -0.822941 0.0528016 0.604426 -0.794888 0.0531161 
-0.657228 -0.751798 0.0534072 -0.660757 -0.748698 0.0534028 -0.611655 -0.78934 0.0531056 
0.611655 -0.78934 0.0531056 0.657228 -0.751798 0.0534072 0.660757 -0.748698 0.0534028 
-0.702905 -0.709277 0.0533883 -0.709277 -0.702905 0.0533883 0.702905 -0.709277 0.0533883 
0.709277 -0.702905 0.0533883 -0.748698 -0.660757 0.0534028 -0.751798 -0.657228 0.0534072 
0.748698 -0.660757 0.0534028 0.751798 -0.657228 0.0534072 -0.78934 -0.611655 0.0531056 
0.78934 -0.611655 0.0531056 -0.794888 -0.604426 0.0531161 -0.822941 -0.565668 0.0528016 
0.794888 -0.604426 0.0531161 0.822941 -0.565668 0.0528016 -0.842675 -0.53579 0.0531744 
-0.852744 -0.519615 0.0531689 0.842675 -0.53579 0.0531744 0.852744 -0.519615 0.0531689 
-0.880287 -0.47142 0.0534557 0.880287 -0.47142 0.0534557 -0.892877 -0.447083 0.0537406 
-0.904996 -0.422037 0.0535389 0.892877 -0.447083 0.0537406 0.904996 -0.422037 0.0535389 
-0.926149 -0.373302 0.0537831 0.926149 -0.373302 0.0537831 -0.944145 -0.329027 0.018216 
-0.942797 -0.328688 0.0556617 0.944145 -0.329027 0.018216 0.942797 -0.328688 0.0556617 
-0.943971 -0.325302 0.0556463 -0.962412 -0.266206 0.0538254 0.943971 -0.325302 0.0556463 
0.962412 -0.266206 0.0538254 -0.977585 -0.204299 0.050894 0.977585 -0.204299 0.050894 
-0.986602 -0.154891 0.0512401 0.986602 -0.154891 0.0512401 -0.992443 -0.10982 0.0547443 
0.992443 -0.10982 0.0547443 -0.99659 -0.0583492 0.0583492 0.99659 -0.0583492 0.0583492 
-0.998212 2.63624e-16 0.0597656 0.998212 2.15766e-16 0.0597656 -0.99659 0.0583492 0.0583492 
0.99659 0.0583492 0.0583492 -0.992443 0.10982 0.0547443 0.992443 0.10982 0.0547443 
-0.986602 0.154891 0.0512401 0.986602 0.154891 0.0512401 -0.977585 0.204299 0.050894 
0.977585 0.204299 0.050894 -0.962412 0.266206 0.0538254 0.962412 0.266206 0.0538254 
-0.943971 0.325302 0.0556463 -0.944145 0.329027 0.018216 -0.942797 0.328688 0.0556617 
0.944145 0.329027 0.018216 0.942797 0.328688 0.0556617 0.943971 0.325302 0.0556463 
-0.926149 0.373302 0.0537831 0.926149 0.373302 0.0537831 -0.904996 0.422037 0.0535389 
0.904996 0.422037 0.0535389 -0.892877 0.447083 0.0537406 -0.880287 0.47142 0.0534557 
0.880287 0.47142 0.0534557 0.892877 0.447083 0.0537406 -0.852744 0.519615 0.0531689 
0.852744 0.519615 0.0531689 -0.842675 0.53579 0.0531744 -0.822941 0.565668 0.0528016 
0.822941 0.565668 0.0528016 0.842675 0.53579 0.0531744 -0.794888 0.604426 0.0531161 
-0.78934 0.611655 0.0531056 0.78934 0.611655 0.0531056 0.794888 0.604426 0.0531161 
-0.751798 0.657228 0.0534072 0.751798 0.657228 0.0534072 -0.748698 0.660757 0.0534028 
-0.709277 0.702905 0.0533883 0.709277 0.702905 0.0533883 0.748698 0.660757 0.0534028 
-0.702905 0.709277 0.0533883 -0.660757 0.748698 0.0534028 0.660757 0.748698 0.0534028 
0.702905 0.709277 0.0533883 -0.657228 0.751798 0.0534072 -0.611655 0.78934 0.0531056 
-0.604426 0.794888 0.0531161 0.604426 0.794888 0.0531161 0.611655 0.78934 0.0531056 
0.657228 0.751798 0.0534072 -0.565668 0.822941 0.0528016 -0.53579 0.842675 0.0531744 
0.53579 0.842675 0.0531744 0.565668 0.822941 0.0528016 -0.519615 0.852744 0.0531689 
-0.47142 0.880287 0.0534557 -0.447083 0.892877 0.0537406 0.447083 0.892877 0.0537406 
0.47142 0.880287 0.0534557 0.519615 0.852744 0.0531689 -0.422037 0.904996 0.0535389 
-0.373302 0.926149 0.0537831 -0.328688 0.942797 0.0556617 -0.329027 0.944145 0.018216 
-0.325302 0.943971 0.0556463 0.329027 0.944145 0.018216 0.325302 0.943971 0.0556463 
0.328688 0.942797 0.0556617 0.373302 0.926149 0.0537831 0.422037 0.904996 0.0535389 
-0.266206 0.962412 0.0538254 -0.204299 0.977585 0.050894 -0.154891 0.986602 0.0512401 
-0.10982 0.992443 0.0547443 -0.0583492 0.99659 0.0583492 2.39291e-17 0.998212 0.0597656 
0.0583492 0.99659 0.0583492 0.10982 0.992443 0.0547443 0.154891 0.986602 0.0512401 
0.204299 0.977585 0.050894 0.266206 0.962412 0.0538254 -0.270035 -0.956637 0.10921 
-0.30974 -0.944357 0.110685 -0.206742 -0.97291 0.103458 -0.152555 -0.983083 0.101363 
-0.104862 -0.988943 0.104862 -0.0547443 -0.992443 0.10982 -4.06702e-17 -0.993712 0.111969 
0.0547443 -0.992443 0.10982 0.104862 -0.988943 0.104862 0.152555 -0.983083 0.101363 
0.206742 -0.97291 0.103458 0.270035 -0.956637 0.10921 0.30974 -0.944357 0.110685 
-0.422381 -0.900054 0.107226 -0.438013 -0.892529 0.107408 -0.371716 -0.922159 0.107 
-0.327165 -0.938503 0.110342 0.327165 -0.938503 0.110342 0.371716 -0.922159 0.107 
0.422381 -0.900054 0.107226 0.438013 -0.892529 0.107408 -0.519384 -0.847897 0.106354 
-0.528666 -0.842143 0.106337 -0.470609 -0.875883 0.106567 0.470609 -0.875883 0.106567 
0.519384 -0.847897 0.106354 0.528666 -0.842143 0.106337 -0.565287 -0.818131 0.105413 
-0.598022 -0.794474 0.10574 0.565287 -0.818131 0.105413 0.598022 -0.794474 0.10574 
-0.657048 -0.748224 0.0919176 -0.655267 -0.747878 0.106318 -0.611155 -0.784433 0.105619 
0.611155 -0.784433 0.105619 0.657048 -0.748224 0.0919176 0.655267 -0.747878 0.106318 
-0.702209 -0.703966 0.106467 -0.703966 -0.702209 0.106467 -0.656699 -0.746621 0.106322 
0.656699 -0.746621 0.106322 0.702209 -0.703966 0.106467 0.703966 -0.702209 0.106467 
-0.748224 -0.657048 0.0919176 -0.746621 -0.656699 0.106322 0.748224 -0.657048 0.0919176 
0.746621 -0.656699 0.106322 -0.747878 -0.655267 0.106318 -0.784433 -0.611155 0.105619 
0.747878 -0.655267 0.106318 0.784433 -0.611155 0.105619 -0.794474 -0.598022 0.10574 
-0.818131 -0.565287 0.105413 0.794474 -0.598022 0.10574 0.818131 -0.565287 0.105413 
-0.842143 -0.528666 0.106337 -0.847897 -0.519384 0.106354 0.842143 -0.528666 0.106337 
0.847897 -0.519384 0.106354 -0.875883 -0.470609 0.106567 0.875883 -0.470609 0.106567 
-0.892529 -0.438013 0.107408 -0.900054 -0.422381 0.107226 0.892529 -0.438013 0.107408 
0.900054 -0.422381 0.107226 -0.922159 -0.371716 0.107 0.922159 -0.371716 0.107 
-0.938503 -0.327165 0.110342 0.938503 -0.327165 0.110342 -0.944357 -0.30974 0.110685 
-0.956637 -0.270035 0.10921 0.944357 -0.30974 0.110685 0.956637 -0.270035 0.10921 
-0.97291 -0.206742 0.103458 0.97291 -0.206742 0.103458 -0.983083 -0.152555 0.101363 
0.983083 -0.152555 0.101363 -0.988943 -0.104862 0.104862 0.988943 -0.104862 0.104862 
-0.992443 -0.0547443 0.10982 0.992443 -0.0547443 0.10982 -0.993712 2.81303e-16 0.111969 
0.993712 2.01092e-16 0.111969 -0.992443 0.0547443 0.10982 0.992443 0.0547443 0.10982 
-0.988943 0.104862 0.104862 0.988943 0.104862 0.104862 -0.983083 0.152555 0.101363 
0.983083 0.152555 0.101363 -0.97291 0.206742 0.103458 0.97291 0.206742 0.103458 
-0.956637 0.270035 0.10921 0.956637 0.270035 0.10921 -0.944357 0.30974 0.110685 
-0.938503 0.327165 0.110342 0.938503 0.327165 0.110342 0.944357 0.30974 0.110685 
-0.922159 0.371716 0.107 0.922159 0.371716 0.107 -0.900054 0.422381 0.107226 
0.900054 0.422381 0.107226 -0.892529 0.438013 0.107408 -0.875883 0.470609 0.106567 
0.875883 0.470609 0.106567 0.892529 0.438013 0.107408 -0.847897 0.519384 0.106354 
0.847897 0.519384 0.106354 -0.842143 0.528666 0.106337 -0.818131 0.565287 0.105413 
0.818131 0.565287 0.105413 0.842143 0.528666 0.106337 -0.794474 0.598022 0.10574 
-0.784433 0.611155 0.105619 0.784433 0.611155 0.105619 0.794474 0.598022 0.10574 
-0.747878 0.655267 0.106318 -0.748224 0.657048 0.0919176 -0.746621 0.656699 0.106322 
0.748224 0.657048 0.0919176 0.746621 0.656699 0.106322 0.747878 0.655267 0.106318 
-0.703966 0.702209 0.106467 0.703966 0.702209 0.106467 -0.702209 0.703966 0.106467 
-0.656699 0.746621 0.106322 -0.657048 0.748224 0.0919176 -0.655267 0.747878 0.106318 
0.657048 0.748224 0.0919176 0.655267 0.747878 0.106318 0.656699 0.746621 0.106322 
0.702209 0.703966 0.106467 -0.611155 0.784433 0.105619 -0.598022 0.794474 0.10574 
0.598022 0.794474 0.10574 0.611155 0.784433 0.105619 -0.565287 0.818131 0.105413 
-0.528666 0.842143 0.106337 0.528666 0.842143 0.106337 0.565287 0.818131 0.105413 
-0.519384 0.847897 0.106354 -0.470609 0.875883 0.106567 -0.438013 0.892529 0.107408 
0.438013 0.892529 0.107408 0.470609 0.875883 0.106567 0.519384 0.847897 0.106354 
-0.422381 0.900054 0.107226 -0.371716 0.922159 0.107 -0.327165 0.938503 0.110342 
-0.30974 0.944357 0.110685 0.30974 0.944357 0.110685 0.327165 0.938503 0.110342 
0.371716 0.922159 0.107 0.422381 0.900054 0.107226 -0.270035 0.956637 0.10921 
-0.206742 0.97291 0.103458 -0.152555 0.983083 0.101363 -0.104862 0.988943 0.104862 
-0.0547443 0.992443 0.10982 2.01092e-16 0.993712 0.111969 0.0547443 0.992443 0.10982 
0.104862 0.988943 0.104862 0.152555 0.983083 0.101363 0.206742 0.97291 0.103458 
0.270035 0.956637 0.10921 -0.274344 -0.947203 0.16596 -0.285808 -0.943801 0.165993 
-0.212592 -0.963969 0.159899 -0.153626 -0.976114 0.153626 -0.101363 -0.983083 0.152555 
-0.0512401 -0.986602 0.154891 0 -0.987708 0.156311 0.0512401 -0.986602 0.154891 
0.101363 -0.983083 0.152555 0.153626 -0.976114 0.153626 0.212592 -0.963969 0.159899 
0.274344 -0.947203 0.16596 0.285808 -0.943801 0.165993 -0.423047 -0.891669 0.161111 
-0.423613 -0.8914 0.161114 -0.370228 -0.915088 0.159831 -0.323765 -0.932 0.162949 
0.323765 -0.932 0.162949 0.370228 -0.915088 0.159831 0.423047 -0.891669 0.161111 
0.423613 -0.8914 0.161114 -0.519132 -0.841304 0.150698 -0.516788 -0.841137 0.159432 
-0.469615 -0.868398 0.159205 0.469615 -0.868398 0.159205 0.519132 -0.841304 0.150698 
0.516788 -0.841137 0.159432 -0.564704 -0.810047 0.157904 -0.5872 -0.793877 0.157974 
-0.518701 -0.839974 0.159353 0.518701 -0.839974 0.159353 0.564704 -0.810047 0.157904 
0.5872 -0.793877 0.157974 -0.610481 -0.776226 0.157435 -0.645544 -0.747213 0.157943 
0.610481 -0.776226 0.157435 0.645544 -0.747213 0.157943 -0.702103 -0.702103 0.118759 
-0.69503 -0.701363 0.158187 -0.655938 -0.738116 0.157893 0.655938 -0.738116 0.157893 
0.702103 -0.702103 0.118759 0.69503 -0.701363 0.158187 -0.701363 -0.69503 0.158187 
-0.738116 -0.655938 0.157893 0.701363 -0.69503 0.158187 0.738116 -0.655938 0.157893 
-0.747213 -0.645544 0.157943 -0.776226 -0.610481 0.157435 0.747213 -0.645544 0.157943 
0.776226 -0.610481 0.157435 -0.793877 -0.5872 0.157974 -0.810047 -0.564704 0.157904 
0.793877 -0.5872 0.157974 0.810047 -0.564704 0.157904 -0.841304 -0.519132 0.150698 
-0.839974 -0.518701 0.159353 0.841304 -0.519132 0.150698 0.839974 -0.518701 0.159353 
-0.841137 -0.516788 0.159432 -0.868398 -0.469615 0.159205 0.841137 -0.516788 0.159432 
0.868398 -0.469615 0.159205 -0.8914 -0.423613 0.161114 -0.891669 -0.423047 0.161111 
0.8914 -0.423613 0.161114 0.891669 -0.423047 0.161111 -0.915088 -0.370228 0.159831 
0.915088 -0.370228 0.159831 -0.932 -0.323765 0.162949 0.932 -0.323765 0.162949 
-0.943801 -0.285808 0.165993 -0.947203 -0.274344 0.16596 0.943801 -0.285808 0.165993 
0.947203 -0.274344 0.16596 -0.963969 -0.212592 0.159899 0.963969 -0.212592 0.159899 
-0.976114 -0.153626 0.153626 0.976114 -0.153626 0.153626 -0.983083 -0.101363 0.152555 
0.983083 -0.101363 0.152555 -0.986602 -0.0512401 0.154891 0.986602 -0.0512401 0.154891 
-0.987708 -1.99894e-16 0.156311 0.987708 -2.65711e-16 0.156311 -0.986602 0.0512401 0.154891 
0.986602 0.0512401 0.154891 -0.983083 0.101363 0.152555 0.983083 0.101363 0.152555 
-0.976114 0.153626 0.153626 0.976114 0.153626 0.153626 -0.963969 0.212592 0.159899 
0.963969 0.212592 0.159899 -0.947203 0.274344 0.16596 0.947203 0.274344 0.16596 
-0.943801 0.285808 0.165993 -0.932 0.323765 0.162949 0.932 0.323765 0.162949 
0.943801 0.285808 0.165993 -0.915088 0.370228 0.159831 0.915088 0.370228 0.159831 
-0.891669 0.423047 0.161111 0.891669 0.423047 0.161111 -0.8914 0.423613 0.161114 
-0.868398 0.469615 0.159205 0.868398 0.469615 0.159205 0.8914 0.423613 0.161114 
-0.841137 0.516788 0.159432 -0.841304 0.519132 0.150698 -0.839974 0.518701 0.159353 
0.841304 0.519132 0.150698 0.839974 0.518701 0.159353 0.841137 0.516788 0.159432 
-0.810047 0.564704 0.157904 0.810047 0.564704 0.157904 -0.793877 0.5872 0.157974 
-0.776226 0.610481 0.157435 0.776226 0.610481 0.157435 0.793877 0.5872 0.157974 
-0.747213 0.645544 0.157943 -0.738116 0.655938 0.157893 0.738116 0.655938 0.157893 
0.747213 0.645544 0.157943 -0.701363 0.69503 0.158187 -0.702103 0.702103 0.118759 
-0.69503 0.701363 0.158187 0.702103 0.702103 0.118759 0.69503 0.701363 0.158187 
0.701363 0.69503 0.158187 -0.655938 0.738116 0.157893 -0.645544 0.747213 0.157943 
0.645544 0.747213 0.157943 0.655938 0.738116 0.157893 -0.610481 0.776226 0.157435 
-0.5872 0.793877 0.157974 0.5872 0.793877 0.157974 0.610481 0.776226 0.157435 
-0.564704 0.810047 0.157904 -0.518701 0.839974 0.159353 -0.519132 0.841304 0.150698 
-0.516788 0.841137 0.159432 0.519132 0.841304 0.150698 0.516788 0.841137 0.159432 
0.518701 0.839974 0.159353 0.564704 0.810047 0.157904 -0.469615 0.868398 0.159205 
-0.423613 0.8914 0.161114 0.423613 0.8914 0.161114 0.469615 0.868398 0.159205 
-0.423047 0.891669 0.161111 -0.370228 0.915088 0.159831 -0.323765 0.932 0.162949 
-0.285808 0.943801 0.165993 0.285808 0.943801 0.165993 0.323765 0.932 0.162949 
0.370228 0.915088 0.159831 0.423047 0.891669 0.161111 -0.274344 0.947203 0.16596 
-0.212592 0.963969 0.159899 -0.153626 0.976114 0.153626 -0.101363 0.983083 0.152555 
-0.0512401 0.986602 0.154891 -6.82595e-17 0.987708 0.156311 0.0512401 0.986602 0.154891 
0.101363 0.983083 0.152555 0.153626 0.976114 0.153626 0.212592 0.963969 0.159899 
0.274344 0.947203 0.16596 -0.274905 -0.943648 0.18427 -0.24638 -0.943772 0.220436 
-0.219361 -0.950664 0.219361 -0.159899 -0.963969 0.212592 -0.103458 -0.97291 0.206742 
-0.050894 -0.977585 0.204299 -5.22445e-17 -0.979 0.203863 0.050894 -0.977585 0.204299 
0.103458 -0.97291 0.206742 0.159899 -0.963969 0.212592 0.219361 -0.950664 0.219361 
0.274905 -0.943648 0.18427 0.24638 -0.943772 0.220436 -0.423072 -0.891388 0.162598 
-0.399038 -0.891626 0.213942 -0.370209 -0.904152 0.213199 -0.319601 -0.923122 0.213778 
-0.273006 -0.936736 0.219075 0.273006 -0.936736 0.219075 0.319601 -0.923122 0.213778 
0.370209 -0.904152 0.213199 0.423072 -0.891388 0.162598 0.399038 -0.891626 0.213942 
-0.468896 -0.857527 0.211621 -0.497697 -0.841098 0.211782 -0.420794 -0.881795 0.213 
0.420794 -0.881795 0.213 0.468896 -0.857527 0.211621 0.497697 -0.841098 0.211782 
-0.563903 -0.798584 0.210423 -0.57206 -0.792776 0.210365 -0.516428 -0.829952 0.210907 
0.516428 -0.829952 0.210907 0.563903 -0.798584 0.210423 0.57206 -0.792776 0.210365 
-0.609606 -0.764618 0.209142 -0.631693 -0.746455 0.209211 0.609606 -0.764618 0.209142 
0.631693 -0.746455 0.209211 -0.655126 -0.726083 0.208836 -0.682277 -0.7006 0.208942 
0.655126 -0.726083 0.208836 0.682277 -0.7006 0.208942 -0.7006 -0.682277 0.208942 
-0.726083 -0.655126 0.208836 0.7006 -0.682277 0.208942 0.726083 -0.655126 0.208836 
-0.746455 -0.631693 0.209211 -0.764618 -0.609606 0.209142 0.746455 -0.631693 0.209211 
0.764618 -0.609606 0.209142 -0.792776 -0.57206 0.210365 -0.798584 -0.563903 0.210423 
0.792776 -0.57206 0.210365 0.798584 -0.563903 0.210423 -0.829952 -0.516428 0.210907 
0.829952 -0.516428 0.210907 -0.841098 -0.497697 0.211782 -0.857527 -0.468896 0.211621 
0.841098 -0.497697 0.211782 0.857527 -0.468896 0.211621 -0.891388 -0.423072 0.162598 
-0.881795 -0.420794 0.213 0.891388 -0.423072 0.162598 0.881795 -0.420794 0.213 
-0.891626 -0.399038 0.213942 -0.904152 -0.370209 0.213199 0.891626 -0.399038 0.213942 
0.904152 -0.370209 0.213199 -0.923122 -0.319601 0.213778 0.923122 -0.319601 0.213778 
-0.943648 -0.274905 0.18427 -0.936736 -0.273006 0.219075 0.943648 -0.274905 0.18427 
0.936736 -0.273006 0.219075 -0.943772 -0.24638 0.220436 -0.950664 -0.219361 0.219361 
0.943772 -0.24638 0.220436 0.950664 -0.219361 0.219361 -0.963969 -0.159899 0.212592 
0.963969 -0.159899 0.212592 -0.97291 -0.103458 0.206742 0.97291 -0.103458 0.206742 
-0.977585 -0.050894 0.204299 0.977585 -0.050894 0.204299 -0.979 -1.2839e-17 0.203863 
0.979 -1.10909e-16 0.203863 -0.977585 0.050894 0.204299 0.977585 0.050894 0.204299 
-0.97291 0.103458 0.206742 0.97291 0.103458 0.206742 -0.963969 0.159899 0.212592 
0.963969 0.159899 0.212592 -0.950664 0.219361 0.219361 0.950664 0.219361 0.219361 
-0.943772 0.24638 0.220436 -0.943648 0.274905 0.18427 -0.936736 0.273006 0.219075 
0.943648 0.274905 0.18427 0.936736 0.273006 0.219075 0.943772 0.24638 0.220436 
-0.923122 0.319601 0.213778 0.923122 0.319601 0.213778 -0.904152 0.370209 0.213199 
0.904152 0.370209 0.213199 -0.891626 0.399038 0.213942 -0.891388 0.423072 0.162598 
-0.881795 0.420794 0.213 0.891388 0.423072 0.162598 0.881795 0.420794 0.213 
0.891626 0.399038 0.213942 -0.857527 0.468896 0.211621 0.857527 0.468896 0.211621 
-0.841098 0.497697 0.211782 -0.829952 0.516428 0.210907 0.829952 0.516428 0.210907 
0.841098 0.497697 0.211782 -0.798584 0.563903 0.210423 0.798584 0.563903 0.210423 
-0.792776 0.57206 0.210365 -0.764618 0.609606 0.209142 0.764618 0.609606 0.209142 
0.792776 0.57206 0.210365 -0.746455 0.631693 0.209211 -0.726083 0.655126 0.208836 
0.726083 0.655126 0.208836 0.746455 0.631693 0.209211 -0.7006 0.682277 0.208942 
-0.682277 0.7006 0.208942 0.682277 0.7006 0.208942 0.7006 0.682277 0.208942 
-0.655126 0.726083 0.208836 -0.631693 0.746455 0.209211 0.631693 0.746455 0.209211 
0.655126 0.726083 0.208836 -0.609606 0.764618 0.209142 -0.57206 0.792776 0.210365 
0.57206 0.792776 0.210365 0.609606 0.764618 0.209142 -0.563903 0.798584 0.210423 
-0.516428 0.829952 0.210907 -0.497697 0.841098 0.211782 0.497697 0.841098 0.211782 
0.516428 0.829952 0.210907 0.563903 0.798584 0.210423 -0.468896 0.857527 0.211621 
-0.420794 0.881795 0.213 -0.423072 0.891388 0.162598 -0.399038 0.891626 0.213942 
0.423072 0.891388 0.162598 0.399038 0.891626 0.213942 0.420794 0.881795 0.213 
0.468896 0.857527 0.211621 -0.370209 0.904152 0.213199 -0.319601 0.923122 0.213778 
-0.273006 0.936736 0.219075 -0.274905 0.943648 0.18427 -0.24638 0.943772 0.220436 
0.274905 0.943648 0.18427 0.24638 0.943772 0.220436 0.273006 0.936736 0.219075 
0.319601 0.923122 0.213778 0.370209 0.904152 0.213199 -0.219361 0.950664 0.219361 
-0.159899 0.963969 0.212592 -0.103458 0.97291 0.206742 -0.050894 0.977585 0.204299 
-5.22445e-17 0.979 0.203863 0.050894 0.977585 0.204299 0.103458 0.97291 0.206742 
0.159899 0.963969 0.212592 0.219361 0.950664 0.219361 -0.220436 -0.943772 0.24638 
-0.18427 -0.943648 0.274905 -0.16596 -0.947203 0.274344 -0.10921 -0.956637 0.270035 
-0.0538254 -0.962412 0.266206 1.38781e-16 -0.964301 0.264809 0.0538254 -0.962412 0.266206 
0.10921 -0.956637 0.270035 0.16596 -0.947203 0.274344 0.220436 -0.943772 0.24638 
0.18427 -0.943648 0.274905 -0.371365 -0.890657 0.262332 -0.368119 -0.890613 0.267014 
-0.317842 -0.910224 0.26546 -0.267648 -0.925597 0.267648 -0.219075 -0.936736 0.273006 
0.219075 -0.936736 0.273006 0.267648 -0.925597 0.267648 0.317842 -0.910224 0.26546 
0.371365 -0.890657 0.262332 0.368119 -0.890613 0.267014 -0.4686 -0.84301 0.264097 
-0.47396 -0.840011 0.264089 -0.41878 -0.868827 0.264127 -0.371122 -0.889407 0.266877 
0.371122 -0.889407 0.266877 0.41878 -0.868827 0.264127 0.4686 -0.84301 0.264097 
0.47396 -0.840011 0.264089 -0.563513 -0.792137 0.234462 -0.5517 -0.791772 0.262154 
-0.514908 -0.816193 0.262103 0.514908 -0.816193 0.262103 0.563513 -0.792137 0.234462 
0.5517 -0.791772 0.262154 -0.608338 -0.749496 0.261116 -0.613856 -0.744998 0.261072 
-0.561998 -0.784654 0.261679 0.561998 -0.784654 0.261679 0.608338 -0.749496 0.261116 
0.613856 -0.744998 0.261072 -0.653921 -0.710374 0.260301 -0.665619 -0.699432 0.260279 
0.653921 -0.710374 0.260301 0.665619 -0.699432 0.260279 -0.699432 -0.665619 0.260279 
-0.710374 -0.653921 0.260301 0.699432 -0.665619 0.260279 0.710374 -0.653921 0.260301 
-0.744998 -0.613856 0.261072 -0.749496 -0.608338 0.261116 0.744998 -0.613856 0.261072 
0.749496 -0.608338 0.261116 -0.792137 -0.563513 0.234462 -0.784654 -0.561998 0.261679 
0.792137 -0.563513 0.234462 0.784654 -0.561998 0.261679 -0.791772 -0.5517 0.262154 
-0.816193 -0.514908 0.262103 0.791772 -0.5517 0.262154 0.816193 -0.514908 0.262103 
-0.840011 -0.47396 0.264089 -0.84301 -0.4686 0.264097 0.840011 -0.47396 0.264089 
0.84301 -0.4686 0.264097 -0.868827 -0.41878 0.264127 0.868827 -0.41878 0.264127 
-0.890657 -0.371365 0.262332 -0.889407 -0.371122 0.266877 0.890657 -0.371365 0.262332 
0.889407 -0.371122 0.266877 -0.890613 -0.368119 0.267014 -0.910224 -0.317842 0.26546 
0.890613 -0.368119 0.267014 0.910224 -0.317842 0.26546 -0.925597 -0.267648 0.267648 
0.925597 -0.267648 0.267648 -0.943772 -0.220436 0.24638 -0.936736 -0.219075 0.273006 
0.943772 -0.220436 0.24638 0.936736 -0.219075 0.273006 -0.943648 -0.18427 0.274905 
-0.947203 -0.16596 0.274344 0.943648 -0.18427 0.274905 0.947203 -0.16596 0.274344 
-0.956637 -0.10921 0.270035 0.956637 -0.10921 0.270035 -0.962412 -0.0538254 0.266206 
0.962412 -0.0538254 0.266206 -0.964301 -3.38588e-16 0.264809 0.964301 -2.77563e-16 0.264809 
-0.962412 0.0538254 0.266206 0.962412 0.0538254 0.266206 -0.956637 0.10921 0.270035 
0.956637 0.10921 0.270035 -0.947203 0.16596 0.274344 0.947203 0.16596 0.274344 
-0.943648 0.18427 0.274905 -0.943772 0.220436 0.24638 -0.936736 0.219075 0.273006 
0.943772 0.220436 0.24638 0.936736 0.219075 0.273006 0.943648 0.18427 0.274905 
-0.925597 0.267648 0.267648 0.925597 0.267648 0.267648 -0.910224 0.317842 0.26546 
0.910224 0.317842 0.26546 -0.890613 0.368119 0.267014 -0.890657 0.371365 0.262332 
-0.889407 0.371122 0.266877 0.890657 0.371365 0.262332 0.889407 0.371122 0.266877 
0.890613 0.368119 0.267014 -0.868827 0.41878 0.264127 0.868827 0.41878 0.264127 
-0.84301 0.4686 0.264097 0.84301 0.4686 0.264097 -0.840011 0.47396 0.264089 
-0.816193 0.514908 0.262103 0.816193 0.514908 0.262103 0.840011 0.47396 0.264089 
-0.791772 0.5517 0.262154 -0.792137 0.563513 0.234462 -0.784654 0.561998 0.261679 
0.792137 0.563513 0.234462 0.784654 0.561998 0.261679 0.791772 0.5517 0.262154 
-0.749496 0.608338 0.261116 0.749496 0.608338 0.261116 -0.744998 0.613856 0.261072 
-0.710374 0.653921 0.260301 0.710374 0.653921 0.260301 0.744998 0.613856 0.261072 
-0.699432 0.665619 0.260279 -0.665619 0.699432 0.260279 0.665619 0.699432 0.260279 
0.699432 0.665619 0.260279 -0.653921 0.710374 0.260301 -0.613856 0.744998 0.261072 
0.613856 0.744998 0.261072 0.653921 0.710374 0.260301 -0.608338 0.749496 0.261116 
-0.561998 0.784654 0.261679 -0.563513 0.792137 0.234462 -0.5517 0.791772 0.262154 
0.563513 0.792137 0.234462 0.5517 0.791772 0.262154 0.561998 0.784654 0.261679 
0.608338 0.749496 0.261116 -0.514908 0.816193 0.262103 -0.47396 0.840011 0.264089 
0.47396 0.840011 0.264089 0.514908 0.816193 0.262103 -0.4686 0.84301 0.264097 
-0.41878 0.868827 0.264127 -0.371122 0.889407 0.266877 -0.371365 0.890657 0.262332 
-0.368119 0.890613 0.267014 0.371365 0.890657 0.262332 0.368119 0.890613 0.267014 
0.371122 0.889407 0.266877 0.41878 0.868827 0.264127 0.4686 0.84301 0.264097 
-0.317842 0.910224 0.26546 -0.267648 0.925597 0.267648 -0.219075 0.936736 0.273006 
-0.220436 0.943772 0.24638 -0.18427 0.943648 0.274905 0.220436 0.943772 0.24638 
0.18427 0.943648 0.274905 0.219075 0.936736 0.273006 0.267648 0.925597 0.267648 
0.317842 0.910224 0.26546 -0.16596 0.947203 0.274344 -0.10921 0.956637 0.270035 
-0.0538254 0.962412 0.266206 4.77369e-16 0.964301 0.264809 0.0538254 0.962412 0.266206 
0.10921 0.956637 0.270035 0.16596 0.947203 0.274344 -0.165993 -0.943801 0.285808 
-0.110685 -0.944357 0.30974 -0.0556463 -0.943971 0.325302 -0.018216 -0.944145 0.329027 
-4.5645e-19 -0.9444 0.328799 0.0556463 -0.943971 0.325302 0.018216 -0.944145 0.329027 
0.110685 -0.944357 0.30974 0.165993 -0.943801 0.285808 -0.319261 -0.892269 0.319261 
-0.323994 -0.890536 0.319334 -0.26546 -0.910224 0.317842 -0.213778 -0.923122 0.319601 
-0.162949 -0.932 0.323765 -0.110342 -0.938503 0.327165 -0.0556617 -0.942797 0.328688 
0.0556617 -0.942797 0.328688 0.110342 -0.938503 0.327165 0.162949 -0.932 0.323765 
0.213778 -0.923122 0.319601 0.26546 -0.910224 0.317842 0.319261 -0.892269 0.319261 
0.323994 -0.890536 0.319334 -0.46854 -0.839817 0.274187 -0.441788 -0.839763 0.315629 
-0.417971 -0.851874 0.315612 -0.368208 -0.874181 0.316593 0.368208 -0.874181 0.316593 
0.417971 -0.851874 0.315612 0.46854 -0.839817 0.274187 0.441788 -0.839763 0.315629 
-0.514138 -0.798377 0.313459 -0.525473 -0.790988 0.313395 -0.46601 -0.827164 0.314061 
0.46601 -0.827164 0.314061 0.514138 -0.798377 0.313459 0.525473 -0.790988 0.313395 
-0.607971 -0.744547 0.275721 -0.590931 -0.744012 0.311844 -0.560282 -0.767329 0.311913 
0.560282 -0.767329 0.311913 0.607971 -0.744547 0.275721 0.590931 -0.744012 0.311844 
-0.652818 -0.698252 0.293722 -0.645228 -0.697699 0.311283 -0.606401 -0.731664 0.31136 
0.606401 -0.731664 0.31136 0.652818 -0.698252 0.293722 0.645228 -0.697699 0.311283 
-0.698252 -0.652818 0.293722 -0.691328 -0.652088 0.311201 -0.652088 -0.691328 0.311201 
0.652088 -0.691328 0.311201 0.698252 -0.652818 0.293722 0.691328 -0.652088 0.311201 
-0.744547 -0.607971 0.275721 -0.731664 -0.606401 0.31136 -0.697699 -0.645228 0.311283 
0.697699 -0.645228 0.311283 0.744547 -0.607971 0.275721 0.731664 -0.606401 0.31136 
-0.744012 -0.590931 0.311844 -0.767329 -0.560282 0.311913 0.744012 -0.590931 0.311844 
0.767329 -0.560282 0.311913 -0.790988 -0.525473 0.313395 -0.798377 -0.514138 0.313459 
0.790988 -0.525473 0.313395 0.798377 -0.514138 0.313459 -0.839817 -0.46854 0.274187 
-0.827164 -0.46601 0.314061 0.839817 -0.46854 0.274187 0.827164 -0.46601 0.314061 
-0.839763 -0.441788 0.315629 -0.851874 -0.417971 0.315612 0.839763 -0.441788 0.315629 
0.851874 -0.417971 0.315612 -0.874181 -0.368208 0.316593 0.874181 -0.368208 0.316593 
-0.890536 -0.323994 0.319334 -0.892269 -0.319261 0.319261 0.890536 -0.323994 0.319334 
0.892269 -0.319261 0.319261 -0.910224 -0.26546 0.317842 0.910224 -0.26546 0.317842 
-0.923122 -0.213778 0.319601 0.923122 -0.213778 0.319601 -0.943801 -0.165993 0.285808 
-0.932 -0.162949 0.323765 0.943801 -0.165993 0.285808 0.932 -0.162949 0.323765 
-0.944357 -0.110685 0.30974 -0.938503 -0.110342 0.327165 0.944357 -0.110685 0.30974 
0.938503 -0.110342 0.327165 -0.943971 -0.0556463 0.325302 -0.942797 -0.0556617 0.328688 
0.943971 -0.0556463 0.325302 0.942797 -0.0556617 0.328688 -0.944145 -0.018216 0.329027 
-0.9444 1.87912e-16 0.328799 0.944145 -0.018216 0.329027 0.9444 9.48691e-17 0.328799 
-0.944145 0.018216 0.329027 -0.943971 0.0556463 0.325302 -0.942797 0.0556617 0.328688 
0.943971 0.0556463 0.325302 0.942797 0.0556617 0.328688 0.944145 0.018216 0.329027 
-0.944357 0.110685 0.30974 -0.938503 0.110342 0.327165 0.944357 0.110685 0.30974 
0.938503 0.110342 0.327165 -0.943801 0.165993 0.285808 -0.932 0.162949 0.323765 
0.943801 0.165993 0.285808 0.932 0.162949 0.323765 -0.923122 0.213778 0.319601 
0.923122 0.213778 0.319601 -0.910224 0.26546 0.317842 0.910224 0.26546 0.317842 
-0.892269 0.319261 0.319261 0.892269 0.319261 0.319261 -0.890536 0.323994 0.319334 
-0.874181 0.368208 0.316593 0.874181 0.368208 0.316593 0.890536 0.323994 0.319334 
-0.851874 0.417971 0.315612 0.851874 0.417971 0.315612 -0.839763 0.441788 0.315629 
-0.839817 0.46854 0.274187 -0.827164 0.46601 0.314061 0.839817 0.46854 0.274187 
0.827164 0.46601 0.314061 0.839763 0.441788 0.315629 -0.798377 0.514138 0.313459 
0.798377 0.514138 0.313459 -0.790988 0.525473 0.313395 -0.767329 0.560282 0.311913 
0.767329 0.560282 0.311913 0.790988 0.525473 0.313395 -0.744012 0.590931 0.311844 
-0.744547 0.607971 0.275721 -0.731664 0.606401 0.31136 0.744547 0.607971 0.275721 
0.731664 0.606401 0.31136 0.744012 0.590931 0.311844 -0.697699 0.645228 0.311283 
-0.698252 0.652818 0.293722 -0.691328 0.652088 0.311201 0.698252 0.652818 0.293722 
0.691328 0.652088 0.311201 0.697699 0.645228 0.311283 -0.652088 0.691328 0.311201 
-0.652818 0.698252 0.293722 -0.645228 0.697699 0.311283 0.652818 0.698252 0.293722 
0.645228 0.697699 0.311283 0.652088 0.691328 0.311201 -0.606401 0.731664 0.31136 
-0.607971 0.744547 0.275721 -0.590931 0.744012 0.311844 0.607971 0.744547 0.275721 
0.590931 0.744012 0.311844 0.606401 0.731664 0.31136 -0.560282 0.767329 0.311913 
-0.525473 0.790988 0.313395 0.525473 0.790988 0.313395 0.560282 0.767329 0.311913 
-0.514138 0.798377 0.313459 -0.46601 0.827164 0.314061 -0.46854 0.839817 0.274187 
-0.441788 0.839763 0.315629 0.46854 0.839817 0.274187 0.441788 0.839763 0.315629 
0.46601 0.827164 0.314061 0.514138 0.798377 0.313459 -0.417971 0.851874 0.315612 
-0.368208 0.874181 0.316593 -0.323994 0.890536 0.319334 0.323994 0.890536 0.319334 
0.368208 0.874181 0.316593 0.417971 0.851874 0.315612 -0.319261 0.892269 0.319261 
-0.26546 0.910224 0.317842 -0.213778 0.923122 0.319601 -0.162949 0.932 0.323765 
-0.165993 0.943801 0.285808 -0.110342 0.938503 0.327165 -0.110685 0.944357 0.30974 
-0.0556617 0.942797 0.328688 -0.0556463 0.943971 0.325302 -0.018216 0.944145 0.329027 
0.0556463 0.943971 0.325302 0.018216 0.944145 0.329027 0.0556617 0.942797 0.328688 
0.110342 0.938503 0.327165 0.110685 0.944357 0.30974 0.162949 0.932 0.323765 
0.165993 0.943801 0.285808 0.213778 0.923122 0.319601 0.26546 0.910224 0.317842 
0.319261 0.892269 0.319261 9.44127e-17 0.9444 0.328799 -4.8794e-18 -0.943947 0.330097 
-0.319334 -0.890536 0.323994 -0.267014 -0.890613 0.368119 -0.262332 -0.890657 0.371365 
-0.213199 -0.904152 0.370209 -0.159831 -0.915088 0.370228 -0.107 -0.922159 0.371716 
-0.0537831 -0.926149 0.373302 -1.29142e-16 -0.927456 0.373933 0.0537831 -0.926149 0.373302 
0.107 -0.922159 0.371716 0.159831 -0.915088 0.370228 0.213199 -0.904152 0.370209 
0.267014 -0.890613 0.368119 0.262332 -0.890657 0.371365 0.319334 -0.890536 0.323994 
-0.417866 -0.839268 0.347876 -0.401347 -0.839207 0.366949 -0.366961 -0.854797 0.366961 
-0.316593 -0.874181 0.368208 -0.266877 -0.889407 0.371122 0.266877 -0.889407 0.371122 
0.316593 -0.874181 0.368208 0.366961 -0.854797 0.366961 0.417866 -0.839268 0.347876 
0.401347 -0.839207 0.366949 -0.513799 -0.790458 0.333447 -0.492975 -0.790252 0.363974 
-0.464597 -0.807185 0.364147 -0.416527 -0.832272 0.365827 0.416527 -0.832272 0.365827 
0.464597 -0.807185 0.364147 0.513799 -0.790458 0.333447 0.492975 -0.790252 0.363974 
-0.55913 -0.745666 0.36243 -0.563252 -0.742578 0.36239 -0.511993 -0.778588 0.362855 
0.511993 -0.778588 0.362855 0.55913 -0.745666 0.36243 0.563252 -0.742578 0.36239 
-0.605094 -0.709447 0.361312 -0.619708 -0.696752 0.361246 0.605094 -0.709447 0.361312 
0.619708 -0.696752 0.361246 -0.650921 -0.667856 0.360931 -0.667856 -0.650921 0.360931 
0.650921 -0.667856 0.360931 0.667856 -0.650921 0.360931 -0.696752 -0.619708 0.361246 
-0.709447 -0.605094 0.361312 0.696752 -0.619708 0.361246 0.709447 -0.605094 0.361312 
-0.742578 -0.563252 0.36239 -0.745666 -0.55913 0.36243 0.742578 -0.563252 0.36239 
0.745666 -0.55913 0.36243 -0.790458 -0.513799 0.333447 -0.778588 -0.511993 0.362855 
0.790458 -0.513799 0.333447 0.778588 -0.511993 0.362855 -0.790252 -0.492975 0.363974 
-0.807185 -0.464597 0.364147 0.790252 -0.492975 0.363974 0.807185 -0.464597 0.364147 
-0.839268 -0.417866 0.347876 -0.832272 -0.416527 0.365827 0.839268 -0.417866 0.347876 
0.832272 -0.416527 0.365827 -0.839207 -0.401347 0.366949 -0.854797 -0.366961 0.366961 
0.839207 -0.401347 0.366949 0.854797 -0.366961 0.366961 -0.890536 -0.319334 0.323994 
-0.874181 -0.316593 0.368208 0.890536 -0.319334 0.323994 0.874181 -0.316593 0.368208 
-0.890613 -0.267014 0.368119 -0.889407 -0.266877 0.371122 0.890613 -0.267014 0.368119 
0.889407 -0.266877 0.371122 -0.890657 -0.262332 0.371365 -0.904152 -0.213199 0.370209 
0.890657 -0.262332 0.371365 0.904152 -0.213199 0.370209 -0.915088 -0.159831 0.370228 
0.915088 -0.159831 0.370228 -0.922159 -0.107 0.371716 0.922159 -0.107 0.371716 
-0.926149 -0.0537831 0.373302 0.926149 -0.0537831 0.373302 -0.943947 1.82142e-16 0.330097 
-0.927456 4.72397e-18 0.373933 0.943947 8.98512e-17 0.330097 0.927456 4.72397e-18 0.373933 
-0.926149 0.0537831 0.373302 0.926149 0.0537831 0.373302 -0.922159 0.107 0.371716 
0.922159 0.107 0.371716 -0.915088 0.159831 0.370228 0.915088 0.159831 0.370228 
-0.904152 0.213199 0.370209 0.904152 0.213199 0.370209 -0.890657 0.262332 0.371365 
-0.890613 0.267014 0.368119 -0.889407 0.266877 0.371122 0.890613 0.267014 0.368119 
0.889407 0.266877 0.371122 0.890657 0.262332 0.371365 -0.890536 0.319334 0.323994 
-0.874181 0.316593 0.368208 0.890536 0.319334 0.323994 0.874181 0.316593 0.368208 
-0.854797 0.366961 0.366961 0.854797 0.366961 0.366961 -0.839207 0.401347 0.366949 
-0.839268 0.417866 0.347876 -0.832272 0.416527 0.365827 0.839268 0.417866 0.347876 
0.832272 0.416527 0.365827 0.839207 0.401347 0.366949 -0.807185 0.464597 0.364147 
0.807185 0.464597 0.364147 -0.790252 0.492975 0.363974 -0.790458 0.513799 0.333447 
-0.778588 0.511993 0.362855 0.790458 0.513799 0.333447 0.778588 0.511993 0.362855 
0.790252 0.492975 0.363974 -0.745666 0.55913 0.36243 0.745666 0.55913 0.36243 
-0.742578 0.563252 0.36239 -0.709447 0.605094 0.361312 0.709447 0.605094 0.361312 
0.742578 0.563252 0.36239 -0.696752 0.619708 0.361246 -0.667856 0.650921 0.360931 
0.667856 0.650921 0.360931 0.696752 0.619708 0.361246 -0.650921 0.667856 0.360931 
-0.619708 0.696752 0.361246 0.619708 0.696752 0.361246 0.650921 0.667856 0.360931 
-0.605094 0.709447 0.361312 -0.563252 0.742578 0.36239 0.563252 0.742578 0.36239 
0.605094 0.709447 0.361312 -0.55913 0.745666 0.36243 -0.511993 0.778588 0.362855 
-0.513799 0.790458 0.333447 -0.492975 0.790252 0.363974 0.513799 0.790458 0.333447 
0.492975 0.790252 0.363974 0.511993 0.778588 0.362855 0.55913 0.745666 0.36243 
-0.464597 0.807185 0.364147 -0.416527 0.832272 0.365827 -0.417866 0.839268 0.347876 
-0.401347 0.839207 0.366949 0.417866 0.839268 0.347876 0.401347 0.839207 0.366949 
0.416527 0.832272 0.365827 0.464597 0.807185 0.364147 -0.366961 0.854797 0.366961 
-0.316593 0.874181 0.368208 -0.319334 0.890536 0.323994 -0.266877 0.889407 0.371122 
-0.267014 0.890613 0.368119 -0.262332 0.890657 0.371365 0.267014 0.890613 0.368119 
0.262332 0.890657 0.371365 0.266877 0.889407 0.371122 0.316593 0.874181 0.368208 
0.319334 0.890536 0.323994 0.366961 0.854797 0.366961 -0.213199 0.904152 0.370209 
-0.159831 0.915088 0.370228 -0.107 0.922159 0.371716 -0.0537831 0.926149 0.373302 
-1.29142e-16 0.927456 0.373933 8.74115e-17 0.943947 0.330097 0.0537831 0.926149 0.373302 
0.107 0.922159 0.371716 0.159831 0.915088 0.370228 0.213199 0.904152 0.370209 
-0.213942 -0.891626 0.399038 -0.162598 -0.891388 0.423072 -0.161111 -0.891669 0.423047 
-0.107226 -0.900054 0.422381 -0.0535389 -0.904996 0.422037 1.44396e-16 -0.906613 0.421962 
0.0535389 -0.904996 0.422037 0.107226 -0.900054 0.422381 0.161111 -0.891669 0.423047 
0.213942 -0.891626 0.399038 0.162598 -0.891388 0.423072 -0.366949 -0.839207 0.401347 
-0.347876 -0.839268 0.417866 -0.315612 -0.851874 0.417971 -0.264127 -0.868827 0.41878 
-0.213 -0.881795 0.420794 0.213 -0.881795 0.420794 0.264127 -0.868827 0.41878 
0.315612 -0.851874 0.417971 0.366949 -0.839207 0.401347 0.347876 -0.839268 0.417866 
-0.464124 -0.78957 0.401459 -0.452825 -0.789511 0.414272 -0.414588 -0.810083 0.414588 
-0.365827 -0.832272 0.416527 0.365827 -0.832272 0.416527 0.414588 -0.810083 0.414588 
0.464124 -0.78957 0.401459 0.452825 -0.789511 0.414272 -0.55895 -0.742388 0.369371 
-0.528706 -0.742151 0.411926 -0.510653 -0.754564 0.412149 -0.463275 -0.783801 0.41356 
0.463275 -0.783801 0.41356 0.510653 -0.754564 0.412149 0.55895 -0.742388 0.369371 
0.528706 -0.742151 0.411926 -0.60426 -0.695852 0.38815 -0.589775 -0.695429 0.410542 
-0.557185 -0.721656 0.4108 0.557185 -0.721656 0.4108 0.60426 -0.695852 0.38815 
0.589775 -0.695429 0.410542 -0.649769 -0.649769 0.394463 -0.640497 -0.649286 0.410112 
-0.603392 -0.683841 0.41022 0.603392 -0.683841 0.41022 0.649769 -0.649769 0.394463 
0.640497 -0.649286 0.410112 -0.695852 -0.60426 0.38815 -0.683841 -0.603392 0.41022 
-0.649286 -0.640497 0.410112 0.649286 -0.640497 0.410112 0.695852 -0.60426 0.38815 
0.683841 -0.603392 0.41022 -0.742388 -0.55895 0.369371 -0.721656 -0.557185 0.4108 
-0.695429 -0.589775 0.410542 0.695429 -0.589775 0.410542 0.742388 -0.55895 0.369371 
0.721656 -0.557185 0.4108 -0.742151 -0.528706 0.411926 -0.754564 -0.510653 0.412149 
0.742151 -0.528706 0.411926 0.754564 -0.510653 0.412149 -0.78957 -0.464124 0.401459 
-0.783801 -0.463275 0.41356 0.78957 -0.464124 0.401459 0.783801 -0.463275 0.41356 
-0.789511 -0.452825 0.414272 -0.810083 -0.414588 0.414588 0.789511 -0.452825 0.414272 
0.810083 -0.414588 0.414588 -0.839207 -0.366949 0.401347 -0.832272 -0.365827 0.416527 
0.839207 -0.366949 0.401347 0.832272 -0.365827 0.416527 -0.839268 -0.347876 0.417866 
-0.851874 -0.315612 0.417971 0.839268 -0.347876 0.417866 0.851874 -0.315612 0.417971 
-0.868827 -0.264127 0.41878 0.868827 -0.264127 0.41878 -0.891626 -0.213942 0.399038 
-0.881795 -0.213 0.420794 0.891626 -0.213942 0.399038 0.881795 -0.213 0.420794 
-0.891388 -0.162598 0.423072 -0.891669 -0.161111 0.423047 0.891388 -0.162598 0.423072 
0.891669 -0.161111 0.423047 -0.900054 -0.107226 0.422381 0.900054 -0.107226 0.422381 
-0.904996 -0.0535389 0.422037 0.904996 -0.0535389 0.422037 -0.906613 3.65134e-16 0.421962 
0.906613 3.39686e-16 0.421962 -0.904996 0.0535389 0.422037 0.904996 0.0535389 0.422037 
-0.900054 0.107226 0.422381 0.900054 0.107226 0.422381 -0.891669 0.161111 0.423047 
0.891669 0.161111 0.423047 -0.891388 0.162598 0.423072 -0.891626 0.213942 0.399038 
-0.881795 0.213 0.420794 0.891626 0.213942 0.399038 0.881795 0.213 0.420794 
0.891388 0.162598 0.423072 -0.868827 0.264127 0.41878 0.868827 0.264127 0.41878 
-0.851874 0.315612 0.417971 0.851874 0.315612 0.417971 -0.839268 0.347876 0.417866 
-0.839207 0.366949 0.401347 -0.832272 0.365827 0.416527 0.839207 0.366949 0.401347 
0.832272 0.365827 0.416527 0.839268 0.347876 0.417866 -0.810083 0.414588 0.414588 
0.810083 0.414588 0.414588 -0.789511 0.452825 0.414272 -0.78957 0.464124 0.401459 
-0.783801 0.463275 0.41356 0.78957 0.464124 0.401459 0.783801 0.463275 0.41356 
0.789511 0.452825 0.414272 -0.754564 0.510653 0.412149 0.754564 0.510653 0.412149 
-0.742151 0.528706 0.411926 -0.742388 0.55895 0.369371 -0.721656 0.557185 0.4108 
0.742388 0.55895 0.369371 0.721656 0.557185 0.4108 0.742151 0.528706 0.411926 
-0.695429 0.589775 0.410542 -0.695852 0.60426 0.38815 -0.683841 0.603392 0.41022 
0.695852 0.60426 0.38815 0.683841 0.603392 0.41022 0.695429 0.589775 0.410542 
-0.649286 0.640497 0.410112 -0.649769 0.649769 0.394463 -0.640497 0.649286 0.410112 
0.649769 0.649769 0.394463 0.640497 0.649286 0.410112 0.649286 0.640497 0.410112 
-0.603392 0.683841 0.41022 -0.60426 0.695852 0.38815 -0.589775 0.695429 0.410542 
0.60426 0.695852 0.38815 0.589775 0.695429 0.410542 0.603392 0.683841 0.41022 
-0.557185 0.721656 0.4108 -0.55895 0.742388 0.369371 -0.528706 0.742151 0.411926 
0.55895 0.742388 0.369371 0.528706 0.742151 0.411926 0.557185 0.721656 0.4108 
-0.510653 0.754564 0.412149 -0.463275 0.783801 0.41356 -0.464124 0.78957 0.401459 
-0.452825 0.789511 0.414272 0.464124 0.78957 0.401459 0.452825 0.789511 0.414272 
0.463275 0.783801 0.41356 0.510653 0.754564 0.412149 -0.414588 0.810083 0.414588 
-0.365827 0.832272 0.416527 -0.366949 0.839207 0.401347 -0.347876 0.839268 0.417866 
0.366949 0.839207 0.401347 0.347876 0.839268 0.417866 0.365827 0.832272 0.416527 
0.414588 0.810083 0.414588 -0.315612 0.851874 0.417971 -0.264127 0.868827 0.41878 
-0.213 0.881795 0.420794 -0.213942 0.891626 0.399038 -0.162598 0.891388 0.423072 
0.213942 0.891626 0.399038 0.162598 0.891388 0.423072 0.213 0.881795 0.420794 
0.264127 0.868827 0.41878 0.315612 0.851874 0.417971 -0.161111 0.891669 0.423047 
-0.107226 0.900054 0.422381 -0.0535389 0.904996 0.422037 1.44396e-16 0.906613 0.421962 
0.0535389 0.904996 0.422037 0.107226 0.900054 0.422381 0.161111 0.891669 0.423047 
-0.161114 -0.8914 0.423613 -0.107408 -0.892529 0.438013 -0.0537406 -0.892877 0.447083 
8.64072e-17 -0.892945 0.450165 0.0537406 -0.892877 0.447083 0.107408 -0.892529 0.438013 
0.161114 -0.8914 0.423613 -0.315629 -0.839763 0.441788 -0.274187 -0.839817 0.46854 
-0.264097 -0.84301 0.4686 -0.211621 -0.857527 0.468896 -0.159205 -0.868398 0.469615 
-0.106567 -0.875883 0.470609 -0.0534557 -0.880287 0.47142 -4.39331e-17 -0.881746 0.471725 
0.0534557 -0.880287 0.47142 0.106567 -0.875883 0.470609 0.159205 -0.868398 0.469615 
0.211621 -0.857527 0.468896 0.264097 -0.84301 0.4686 0.315629 -0.839763 0.441788 
0.274187 -0.839817 0.46854 -0.414272 -0.789511 0.452825 -0.401459 -0.78957 0.464124 
-0.364147 -0.807185 0.464597 -0.314061 -0.827164 0.46601 0.314061 -0.827164 0.46601 
0.364147 -0.807185 0.464597 0.414272 -0.789511 0.452825 0.401459 -0.78957 0.464124 
-0.510146 -0.741725 0.435426 -0.487135 -0.741633 0.461173 -0.461594 -0.757537 0.461594 
-0.41356 -0.783801 0.463275 0.41356 -0.783801 0.463275 0.461594 -0.757537 0.461594 
0.510146 -0.741725 0.435426 0.487135 -0.741633 0.461173 -0.555957 -0.694209 0.457148 
-0.554019 -0.694175 0.459548 -0.5089 -0.727537 0.460119 0.5089 -0.727537 0.460119 
0.555957 -0.694209 0.457148 0.554019 -0.694175 0.459548 -0.602163 -0.653321 0.458881 
-0.607675 -0.648216 0.458853 -0.555848 -0.692754 0.459483 0.555848 -0.692754 0.459483 
0.602163 -0.653321 0.458881 0.607675 -0.648216 0.458853 -0.648216 -0.607675 0.458853 
-0.653321 -0.602163 0.458881 0.648216 -0.607675 0.458853 0.653321 -0.602163 0.458881 
-0.694209 -0.555957 0.457148 -0.692754 -0.555848 0.459483 0.694209 -0.555957 0.457148 
0.692754 -0.555848 0.459483 -0.741725 -0.510146 0.435426 -0.727537 -0.5089 0.460119 
-0.694175 -0.554019 0.459548 0.694175 -0.554019 0.459548 0.741725 -0.510146 0.435426 
0.727537 -0.5089 0.460119 -0.741633 -0.487135 0.461173 -0.757537 -0.461594 0.461594 
0.741633 -0.487135 0.461173 0.757537 -0.461594 0.461594 -0.789511 -0.414272 0.452825 
-0.783801 -0.41356 0.463275 0.789511 -0.414272 0.452825 0.783801 -0.41356 0.463275 
-0.78957 -0.401459 0.464124 -0.807185 -0.364147 0.464597 0.78957 -0.401459 0.464124 
0.807185 -0.364147 0.464597 -0.839763 -0.315629 0.441788 -0.827164 -0.314061 0.46601 
0.839763 -0.315629 0.441788 0.827164 -0.314061 0.46601 -0.839817 -0.274187 0.46854 
-0.84301 -0.264097 0.4686 0.839817 -0.274187 0.46854 0.84301 -0.264097 0.4686 
-0.857527 -0.211621 0.468896 0.857527 -0.211621 0.468896 -0.8914 -0.161114 0.423613 
-0.868398 -0.159205 0.469615 0.8914 -0.161114 0.423613 0.868398 -0.159205 0.469615 
-0.892529 -0.107408 0.438013 -0.875883 -0.106567 0.470609 0.892529 -0.107408 0.438013 
0.875883 -0.106567 0.470609 -0.892877 -0.0537406 0.447083 -0.880287 -0.0534557 0.47142 
0.892877 -0.0537406 0.447083 0.880287 -0.0534557 0.47142 -0.892945 1.72814e-16 0.450165 
-0.881746 8.78662e-17 0.471725 0.892945 2.75334e-16 0.450165 0.881746 6.13565e-17 0.471725 
-0.892877 0.0537406 0.447083 -0.880287 0.0534557 0.47142 0.892877 0.0537406 0.447083 
0.880287 0.0534557 0.47142 -0.892529 0.107408 0.438013 -0.875883 0.106567 0.470609 
0.892529 0.107408 0.438013 0.875883 0.106567 0.470609 -0.8914 0.161114 0.423613 
-0.868398 0.159205 0.469615 0.8914 0.161114 0.423613 0.868398 0.159205 0.469615 
-0.857527 0.211621 0.468896 0.857527 0.211621 0.468896 -0.84301 0.264097 0.4686 
0.84301 0.264097 0.4686 -0.839817 0.274187 0.46854 -0.839763 0.315629 0.441788 
-0.827164 0.314061 0.46601 0.839763 0.315629 0.441788 0.827164 0.314061 0.46601 
0.839817 0.274187 0.46854 -0.807185 0.364147 0.464597 0.807185 0.364147 0.464597 
-0.78957 0.401459 0.464124 -0.789511 0.414272 0.452825 -0.783801 0.41356 0.463275 
0.789511 0.414272 0.452825 0.783801 0.41356 0.463275 0.78957 0.401459 0.464124 
-0.757537 0.461594 0.461594 0.757537 0.461594 0.461594 -0.741633 0.487135 0.461173 
-0.741725 0.510146 0.435426 -0.727537 0.5089 0.460119 0.741725 0.510146 0.435426 
0.727537 0.5089 0.460119 0.741633 0.487135 0.461173 -0.694175 0.554019 0.459548 
-0.694209 0.555957 0.457148 -0.692754 0.555848 0.459483 0.694209 0.555957 0.457148 
0.692754 0.555848 0.459483 0.694175 0.554019 0.459548 -0.653321 0.602163 0.458881 
0.653321 0.602163 0.458881 -0.648216 0.607675 0.458853 -0.607675 0.648216 0.458853 
0.607675 0.648216 0.458853 0.648216 0.607675 0.458853 -0.602163 0.653321 0.458881 
-0.555848 0.692754 0.459483 -0.555957 0.694209 0.457148 -0.554019 0.694175 0.459548 
0.555957 0.694209 0.457148 0.554019 0.694175 0.459548 0.555848 0.692754 0.459483 
0.602163 0.653321 0.458881 -0.5089 0.727537 0.460119 -0.510146 0.741725 0.435426 
-0.487135 0.741633 0.461173 0.510146 0.741725 0.435426 0.487135 0.741633 0.461173 
0.5089 0.727537 0.460119 -0.461594 0.757537 0.461594 -0.41356 0.783801 0.463275 
-0.414272 0.789511 0.452825 -0.401459 0.78957 0.464124 0.414272 0.789511 0.452825 
0.401459 0.78957 0.464124 0.41356 0.783801 0.463275 0.461594 0.757537 0.461594 
-0.364147 0.807185 0.464597 -0.314061 0.827164 0.46601 -0.315629 0.839763 0.441788 
-0.274187 0.839817 0.46854 0.315629 0.839763 0.441788 0.274187 0.839817 0.46854 
0.314061 0.827164 0.46601 0.364147 0.807185 0.464597 -0.264097 0.84301 0.4686 
-0.211621 0.857527 0.468896 -0.159205 0.868398 0.469615 -0.161114 0.8914 0.423613 
-0.106567 0.875883 0.470609 -0.107408 0.892529 0.438013 -0.0534557 0.880287 0.47142 
-0.0537406 0.892877 0.447083 4.39331e-17 0.881746 0.471725 8.64072e-17 0.892945 0.450165 
0.0534557 0.880287 0.47142 0.0537406 0.892877 0.447083 0.106567 0.875883 0.470609 
0.107408 0.892529 0.438013 0.159205 0.868398 0.469615 0.161114 0.8914 0.423613 
0.211621 0.857527 0.468896 0.264097 0.84301 0.4686 -0.264089 -0.840011 0.47396 
-0.211782 -0.841098 0.497697 -0.159432 -0.841137 0.516788 -0.150698 -0.841304 0.519132 
-0.106354 -0.847897 0.519384 -0.0531689 -0.852744 0.519615 -1.45128e-16 -0.854351 0.519697 
0.0531689 -0.852744 0.519615 0.106354 -0.847897 0.519384 0.159432 -0.841137 0.516788 
0.150698 -0.841304 0.519132 0.211782 -0.841098 0.497697 0.264089 -0.840011 0.47396 
-0.363974 -0.790252 0.492975 -0.333447 -0.790458 0.513799 -0.313459 -0.798377 0.514138 
-0.262103 -0.816193 0.514908 -0.210907 -0.829952 0.516428 -0.159353 -0.839974 0.518701 
0.159353 -0.839974 0.518701 0.210907 -0.829952 0.516428 0.262103 -0.816193 0.514908 
0.313459 -0.798377 0.514138 0.363974 -0.790252 0.492975 0.333447 -0.790458 0.513799 
-0.461173 -0.741633 0.487135 -0.435426 -0.741725 0.510146 -0.412149 -0.754564 0.510653 
-0.362855 -0.778588 0.511993 0.362855 -0.778588 0.511993 0.412149 -0.754564 0.510653 
0.461173 -0.741633 0.487135 0.435426 -0.741725 0.510146 -0.507964 -0.695662 0.507964 
-0.510398 -0.693912 0.507917 -0.460119 -0.727537 0.5089 0.460119 -0.727537 0.5089 
0.507964 -0.695662 0.507964 0.510398 -0.693912 0.507917 -0.601968 -0.648036 0.466566 
-0.568899 -0.64767 0.506831 -0.554781 -0.659688 0.506981 0.554781 -0.659688 0.506981 
0.601968 -0.648036 0.466566 0.568899 -0.64767 0.506831 -0.648036 -0.601968 0.466566 
-0.61794 -0.60129 0.506557 -0.60129 -0.61794 0.506557 0.60129 -0.61794 0.506557 
0.648036 -0.601968 0.466566 0.61794 -0.60129 0.506557 -0.64767 -0.568899 0.506831 
-0.659688 -0.554781 0.506981 0.64767 -0.568899 0.506831 0.659688 -0.554781 0.506981 
-0.693912 -0.510398 0.507917 -0.695662 -0.507964 0.507964 0.693912 -0.510398 0.507917 
0.695662 -0.507964 0.507964 -0.741633 -0.461173 0.487135 -0.727537 -0.460119 0.5089 
0.741633 -0.461173 0.487135 0.727537 -0.460119 0.5089 -0.741725 -0.435426 0.510146 
-0.754564 -0.412149 0.510653 0.741725 -0.435426 0.510146 0.754564 -0.412149 0.510653 
-0.790252 -0.363974 0.492975 -0.778588 -0.362855 0.511993 0.790252 -0.363974 0.492975 
0.778588 -0.362855 0.511993 -0.790458 -0.333447 0.513799 -0.798377 -0.313459 0.514138 
0.790458 -0.333447 0.513799 0.798377 -0.313459 0.514138 -0.840011 -0.264089 0.47396 
-0.816193 -0.262103 0.514908 0.840011 -0.264089 0.47396 0.816193 -0.262103 0.514908 
-0.841098 -0.211782 0.497697 -0.829952 -0.210907 0.516428 0.841098 -0.211782 0.497697 
0.829952 -0.210907 0.516428 -0.841137 -0.159432 0.516788 -0.839974 -0.159353 0.518701 
0.841137 -0.159432 0.516788 0.839974 -0.159353 0.518701 -0.841304 -0.150698 0.519132 
-0.847897 -0.106354 0.519384 0.841304 -0.150698 0.519132 0.847897 -0.106354 0.519384 
-0.852744 -0.0531689 0.519615 0.852744 -0.0531689 0.519615 -0.854351 -1.9218e-16 0.519697 
0.854351 -3.13782e-16 0.519697 -0.852744 0.0531689 0.519615 0.852744 0.0531689 0.519615 
-0.847897 0.106354 0.519384 0.847897 0.106354 0.519384 -0.841304 0.150698 0.519132 
-0.841137 0.159432 0.516788 -0.839974 0.159353 0.518701 0.841137 0.159432 0.516788 
0.839974 0.159353 0.518701 0.841304 0.150698 0.519132 -0.841098 0.211782 0.497697 
-0.829952 0.210907 0.516428 0.841098 0.211782 0.497697 0.829952 0.210907 0.516428 
-0.840011 0.264089 0.47396 -0.816193 0.262103 0.514908 0.840011 0.264089 0.47396 
0.816193 0.262103 0.514908 -0.798377 0.313459 0.514138 0.798377 0.313459 0.514138 
-0.790458 0.333447 0.513799 -0.790252 0.363974 0.492975 -0.778588 0.362855 0.511993 
0.790252 0.363974 0.492975 0.778588 0.362855 0.511993 0.790458 0.333447 0.513799 
-0.754564 0.412149 0.510653 0.754564 0.412149 0.510653 -0.741725 0.435426 0.510146 
-0.741633 0.461173 0.487135 -0.727537 0.460119 0.5089 0.741633 0.461173 0.487135 
0.727537 0.460119 0.5089 0.741725 0.435426 0.510146 -0.695662 0.507964 0.507964 
0.695662 0.507964 0.507964 -0.693912 0.510398 0.507917 -0.659688 0.554781 0.506981 
0.659688 0.554781 0.506981 0.693912 0.510398 0.507917 -0.64767 0.568899 0.506831 
-0.648036 0.601968 0.466566 -0.61794 0.60129 0.506557 0.648036 0.601968 0.466566 
0.61794 0.60129 0.506557 0.64767 0.568899 0.506831 -0.60129 0.61794 0.506557 
-0.601968 0.648036 0.466566 -0.568899 0.64767 0.506831 0.601968 0.648036 0.466566 
0.568899 0.64767 0.506831 0.60129 0.61794 0.506557 -0.554781 0.659688 0.506981 
-0.510398 0.693912 0.507917 0.510398 0.693912 0.507917 0.554781 0.659688 0.506981 
-0.507964 0.695662 0.507964 -0.460119 0.727537 0.5089 -0.461173 0.741633 0.487135 
-0.435426 0.741725 0.510146 0.461173 0.741633 0.487135 0.435426 0.741725 0.510146 
0.460119 0.727537 0.5089 0.507964 0.695662 0.507964 -0.412149 0.754564 0.510653 
-0.362855 0.778588 0.511993 -0.363974 0.790252 0.492975 -0.333447 0.790458 0.513799 
0.363974 0.790252 0.492975 0.333447 0.790458 0.513799 0.362855 0.778588 0.511993 
0.412149 0.754564 0.510653 -0.313459 0.798377 0.514138 -0.262103 0.816193 0.514908 
-0.264089 0.840011 0.47396 -0.210907 0.829952 0.516428 -0.211782 0.841098 0.497697 
-0.159353 0.839974 0.518701 -0.159432 0.841137 0.516788 -0.150698 0.841304 0.519132 
0.159432 0.841137 0.516788 0.150698 0.841304 0.519132 0.159353 0.839974 0.518701 
0.210907 0.829952 0.516428 0.211782 0.841098 0.497697 0.262103 0.816193 0.514908 
0.264089 0.840011 0.47396 0.313459 0.798377 0.514138 -0.106354 0.847897 0.519384 
-0.0531689 0.852744 0.519615 -1.45128e-16 0.854351 0.519697 0.0531689 0.852744 0.519615 
0.106354 0.847897 0.519384 -0.106337 -0.842143 0.528666 -0.0531744 -0.842675 0.53579 
-1.51223e-16 -0.842826 0.538186 0.0531744 -0.842675 0.53579 0.106337 -0.842143 0.528666 
-0.313395 -0.790988 0.525473 -0.262154 -0.791772 0.5517 -0.234462 -0.792137 0.563513 
-0.210423 -0.798584 0.563903 -0.157904 -0.810047 0.564704 -0.105413 -0.818131 0.565287 
-0.0528016 -0.822941 0.565668 1.59609e-17 -0.82454 0.565803 0.0528016 -0.822941 0.565668 
0.105413 -0.818131 0.565287 0.157904 -0.810047 0.564704 0.210423 -0.798584 0.563903 
0.262154 -0.791772 0.5517 0.234462 -0.792137 0.563513 0.313395 -0.790988 0.525473 
-0.411926 -0.742151 0.528706 -0.369371 -0.742388 0.55895 -0.36243 -0.745666 0.55913 
-0.311913 -0.767329 0.560282 -0.261679 -0.784654 0.561998 0.261679 -0.784654 0.561998 
0.311913 -0.767329 0.560282 0.36243 -0.745666 0.55913 0.411926 -0.742151 0.528706 
0.369371 -0.742388 0.55895 -0.507917 -0.693912 0.510398 -0.459548 -0.694175 0.554019 
-0.457148 -0.694209 0.555957 -0.4108 -0.721656 0.557185 0.4108 -0.721656 0.557185 
0.459548 -0.694175 0.554019 0.457148 -0.694209 0.555957 0.507917 -0.693912 0.510398 
-0.554497 -0.647519 0.522736 -0.522736 -0.647519 0.554497 -0.506981 -0.659688 0.554781 
-0.459483 -0.692754 0.555848 0.459483 -0.692754 0.555848 0.506981 -0.659688 0.554781 
0.554497 -0.647519 0.522736 0.522736 -0.647519 0.554497 -0.60097 -0.60097 0.526943 
-0.576461 -0.600771 0.553866 -0.554022 -0.621385 0.554022 0.554022 -0.621385 0.554022 
0.60097 -0.60097 0.526943 0.576461 -0.600771 0.553866 -0.647519 -0.554497 0.522736 
-0.621385 -0.554022 0.554022 -0.600771 -0.576461 0.553866 0.600771 -0.576461 0.553866 
0.647519 -0.554497 0.522736 0.621385 -0.554022 0.554022 -0.693912 -0.507917 0.510398 
-0.659688 -0.506981 0.554781 -0.647519 -0.522736 0.554497 0.647519 -0.522736 0.554497 
0.693912 -0.507917 0.510398 0.659688 -0.506981 0.554781 -0.694175 -0.459548 0.554019 
-0.692754 -0.459483 0.555848 0.694175 -0.459548 0.554019 0.692754 -0.459483 0.555848 
-0.742151 -0.411926 0.528706 -0.721656 -0.4108 0.557185 -0.694209 -0.457148 0.555957 
0.694209 -0.457148 0.555957 0.742151 -0.411926 0.528706 0.721656 -0.4108 0.557185 
-0.742388 -0.369371 0.55895 -0.745666 -0.36243 0.55913 0.742388 -0.369371 0.55895 
0.745666 -0.36243 0.55913 -0.790988 -0.313395 0.525473 -0.767329 -0.311913 0.560282 
0.790988 -0.313395 0.525473 0.767329 -0.311913 0.560282 -0.791772 -0.262154 0.5517 
-0.784654 -0.261679 0.561998 0.791772 -0.262154 0.5517 0.784654 -0.261679 0.561998 
-0.792137 -0.234462 0.563513 -0.798584 -0.210423 0.563903 0.792137 -0.234462 0.563513 
0.798584 -0.210423 0.563903 -0.810047 -0.157904 0.564704 0.810047 -0.157904 0.564704 
-0.842143 -0.106337 0.528666 -0.818131 -0.105413 0.565287 0.842143 -0.106337 0.528666 
0.818131 -0.105413 0.565287 -0.842675 -0.0531744 0.53579 -0.822941 -0.0528016 0.565668 
0.842675 -0.0531744 0.53579 0.822941 -0.0528016 0.565668 -0.842826 -1.51223e-16 0.538186 
-0.82454 -5.90057e-17 0.565803 0.842826 -3.02446e-16 0.538186 0.82454 1.06888e-16 0.565803 
-0.842675 0.0531744 0.53579 -0.822941 0.0528016 0.565668 0.842675 0.0531744 0.53579 
0.822941 0.0528016 0.565668 -0.842143 0.106337 0.528666 -0.818131 0.105413 0.565287 
0.842143 0.106337 0.528666 0.818131 0.105413 0.565287 -0.810047 0.157904 0.564704 
0.810047 0.157904 0.564704 -0.798584 0.210423 0.563903 0.798584 0.210423 0.563903 
-0.792137 0.234462 0.563513 -0.791772 0.262154 0.5517 -0.784654 0.261679 0.561998 
0.791772 0.262154 0.5517 0.784654 0.261679 0.561998 0.792137 0.234462 0.563513 
-0.790988 0.313395 0.525473 -0.767329 0.311913 0.560282 0.790988 0.313395 0.525473 
0.767329 0.311913 0.560282 -0.745666 0.36243 0.55913 0.745666 0.36243 0.55913 
-0.742388 0.369371 0.55895 -0.742151 0.411926 0.528706 -0.721656 0.4108 0.557185 
0.742151 0.411926 0.528706 0.721656 0.4108 0.557185 0.742388 0.369371 0.55895 
-0.694209 0.457148 0.555957 -0.694175 0.459548 0.554019 -0.692754 0.459483 0.555848 
0.694175 0.459548 0.554019 0.692754 0.459483 0.555848 0.694209 0.457148 0.555957 
-0.693912 0.507917 0.510398 -0.659688 0.506981 0.554781 0.693912 0.507917 0.510398 
0.659688 0.506981 0.554781 -0.647519 0.522736 0.554497 -0.647519 0.554497 0.522736 
-0.621385 0.554022 0.554022 0.647519 0.554497 0.522736 0.621385 0.554022 0.554022 
0.647519 0.522736 0.554497 -0.600771 0.576461 0.553866 -0.60097 0.60097 0.526943 
-0.576461 0.600771 0.553866 0.60097 0.60097 0.526943 0.576461 0.600771 0.553866 
0.600771 0.576461 0.553866 -0.554022 0.621385 0.554022 -0.554497 0.647519 0.522736 
-0.522736 0.647519 0.554497 0.554497 0.647519 0.522736 0.522736 0.647519 0.554497 
0.554022 0.621385 0.554022 -0.506981 0.659688 0.554781 -0.507917 0.693912 0.510398 
-0.459483 0.692754 0.555848 -0.459548 0.694175 0.554019 -0.457148 0.694209 0.555957 
0.459548 0.694175 0.554019 0.457148 0.694209 0.555957 0.459483 0.692754 0.555848 
0.506981 0.659688 0.554781 0.507917 0.693912 0.510398 -0.4108 0.721656 0.557185 
-0.411926 0.742151 0.528706 -0.369371 0.742388 0.55895 0.411926 0.742151 0.528706 
0.369371 0.742388 0.55895 0.4108 0.721656 0.557185 -0.36243 0.745666 0.55913 
-0.311913 0.767329 0.560282 -0.313395 0.790988 0.525473 -0.261679 0.784654 0.561998 
-0.262154 0.791772 0.5517 -0.234462 0.792137 0.563513 0.262154 0.791772 0.5517 
0.234462 0.792137 0.563513 0.261679 0.784654 0.561998 0.311913 0.767329 0.560282 
0.313395 0.790988 0.525473 0.36243 0.745666 0.55913 -0.210423 0.798584 0.563903 
-0.157904 0.810047 0.564704 -0.105413 0.818131 0.565287 -0.106337 0.842143 0.528666 
-0.0528016 0.822941 0.565668 -0.0531744 0.842675 0.53579 -1.18011e-16 0.82454 0.565803 
-1.88234e-16 0.842826 0.538186 0.0528016 0.822941 0.565668 0.0531744 0.842675 0.53579 
0.105413 0.818131 0.565287 0.106337 0.842143 0.528666 0.157904 0.810047 0.564704 
0.210423 0.798584 0.563903 -0.210365 -0.792776 0.57206 -0.157974 -0.793877 0.5872 
-0.10574 -0.794474 0.598022 -0.0531161 -0.794888 0.604426 1.04402e-16 -0.795047 0.606548 
0.0531161 -0.794888 0.604426 0.10574 -0.794474 0.598022 0.157974 -0.793877 0.5872 
0.210365 -0.792776 0.57206 -0.36239 -0.742578 0.563252 -0.311844 -0.744012 0.590931 
-0.275721 -0.744547 0.607971 -0.261116 -0.749496 0.608338 -0.209142 -0.764618 0.609606 
-0.157435 -0.776226 0.610481 -0.105619 -0.784433 0.611155 -0.0531056 -0.78934 0.611655 
1.0195e-16 -0.790973 0.611851 0.0531056 -0.78934 0.611655 0.105619 -0.784433 0.611155 
0.157435 -0.776226 0.610481 0.209142 -0.764618 0.609606 0.261116 -0.749496 0.608338 
0.311844 -0.744012 0.590931 0.275721 -0.744547 0.607971 0.36239 -0.742578 0.563252 
-0.410542 -0.695429 0.589775 -0.38815 -0.695852 0.60426 -0.361312 -0.709447 0.605094 
-0.31136 -0.731664 0.606401 0.31136 -0.731664 0.606401 0.361312 -0.709447 0.605094 
0.410542 -0.695429 0.589775 0.38815 -0.695852 0.60426 -0.506831 -0.64767 0.568899 
-0.466566 -0.648036 0.601968 -0.458881 -0.653321 0.602163 -0.41022 -0.683841 0.603392 
0.41022 -0.683841 0.603392 0.458881 -0.653321 0.602163 0.506831 -0.64767 0.568899 
0.466566 -0.648036 0.601968 -0.553866 -0.600771 0.576461 -0.526943 -0.60097 0.60097 
-0.506557 -0.61794 0.60129 0.506557 -0.61794 0.60129 0.553866 -0.600771 0.576461 
0.526943 -0.60097 0.60097 -0.600771 -0.553866 0.576461 -0.576461 -0.553866 0.600771 
-0.553866 -0.576461 0.600771 0.553866 -0.576461 0.600771 0.600771 -0.553866 0.576461 
0.576461 -0.553866 0.600771 -0.64767 -0.506831 0.568899 -0.61794 -0.506557 0.60129 
-0.60097 -0.526943 0.60097 0.60097 -0.526943 0.60097 0.64767 -0.506831 0.568899 
0.61794 -0.506557 0.60129 -0.648036 -0.466566 0.601968 -0.653321 -0.458881 0.602163 
0.648036 -0.466566 0.601968 0.653321 -0.458881 0.602163 -0.695429 -0.410542 0.589775 
-0.683841 -0.41022 0.603392 0.695429 -0.410542 0.589775 0.683841 -0.41022 0.603392 
-0.742578 -0.36239 0.563252 -0.709447 -0.361312 0.605094 -0.695852 -0.38815 0.60426 
0.695852 -0.38815 0.60426 0.742578 -0.36239 0.563252 0.709447 -0.361312 0.605094 
-0.744012 -0.311844 0.590931 -0.731664 -0.31136 0.606401 0.744012 -0.311844 0.590931 
0.731664 -0.31136 0.606401 -0.744547 -0.275721 0.607971 -0.749496 -0.261116 0.608338 
0.744547 -0.275721 0.607971 0.749496 -0.261116 0.608338 -0.792776 -0.210365 0.57206 
-0.764618 -0.209142 0.609606 0.792776 -0.210365 0.57206 0.764618 -0.209142 0.609606 
-0.793877 -0.157974 0.5872 -0.776226 -0.157435 0.610481 0.793877 -0.157974 0.5872 
0.776226 -0.157435 0.610481 -0.794474 -0.10574 0.598022 -0.784433 -0.105619 0.611155 
0.794474 -0.10574 0.598022 0.784433 -0.105619 0.611155 -0.794888 -0.0531161 0.604426 
-0.78934 -0.0531056 0.611655 0.794888 -0.0531161 0.604426 0.78934 -0.0531056 0.611655 
-0.795047 0 0.606548 -0.790973 1.75862e-17 0.611851 0.795047 -1.16766e-17 0.606548 
0.790973 -8.43641e-17 0.611851 -0.794888 0.0531161 0.604426 -0.78934 0.0531056 0.611655 
0.794888 0.0531161 0.604426 0.78934 0.0531056 0.611655 -0.794474 0.10574 0.598022 
-0.784433 0.105619 0.611155 0.794474 0.10574 0.598022 0.784433 0.105619 0.611155 
-0.793877 0.157974 0.5872 -0.776226 0.157435 0.610481 0.793877 0.157974 0.5872 
0.776226 0.157435 0.610481 -0.792776 0.210365 0.57206 -0.764618 0.209142 0.609606 
0.792776 0.210365 0.57206 0.764618 0.209142 0.609606 -0.749496 0.261116 0.608338 
0.749496 0.261116 0.608338 -0.744547 0.275721 0.607971 -0.744012 0.311844 0.590931 
-0.731664 0.31136 0.606401 0.744012 0.311844 0.590931 0.731664 0.31136 0.606401 
0.744547 0.275721 0.607971 -0.742578 0.36239 0.563252 -0.709447 0.361312 0.605094 
0.742578 0.36239 0.563252 0.709447 0.361312 0.605094 -0.695852 0.38815 0.60426 
-0.695429 0.410542 0.589775 -0.683841 0.41022 0.603392 0.695429 0.410542 0.589775 
0.683841 0.41022 0.603392 0.695852 0.38815 0.60426 -0.653321 0.458881 0.602163 
0.653321 0.458881 0.602163 -0.648036 0.466566 0.601968 -0.64767 0.506831 0.568899 
-0.61794 0.506557 0.60129 0.64767 0.506831 0.568899 0.61794 0.506557 0.60129 
0.648036 0.466566 0.601968 -0.60097 0.526943 0.60097 -0.600771 0.553866 0.576461 
-0.576461 0.553866 0.600771 0.600771 0.553866 0.576461 0.576461 0.553866 0.600771 
0.60097 0.526943 0.60097 -0.553866 0.576461 0.600771 -0.553866 0.600771 0.576461 
-0.526943 0.60097 0.60097 0.553866 0.600771 0.576461 0.526943 0.60097 0.60097 
0.553866 0.576461 0.600771 -0.506557 0.61794 0.60129 -0.506831 0.64767 0.568899 
-0.466566 0.648036 0.601968 0.506831 0.64767 0.568899 0.466566 0.648036 0.601968 
0.506557 0.61794 0.60129 -0.458881 0.653321 0.602163 -0.41022 0.683841 0.603392 
-0.410542 0.695429 0.589775 -0.38815 0.695852 0.60426 0.410542 0.695429 0.589775 
0.38815 0.695852 0.60426 0.41022 0.683841 0.603392 0.458881 0.653321 0.602163 
-0.361312 0.709447 0.605094 -0.36239 0.742578 0.563252 -0.31136 0.731664 0.606401 
-0.311844 0.744012 0.590931 -0.275721 0.744547 0.607971 0.311844 0.744012 0.590931 
0.275721 0.744547 0.607971 0.31136 0.731664 0.606401 0.361312 0.709447 0.605094 
0.36239 0.742578 0.563252 -0.261116 0.749496 0.608338 -0.209142 0.764618 0.609606 
-0.210365 0.792776 0.57206 -0.157435 0.776226 0.610481 -0.157974 0.793877 0.5872 
-0.105619 0.784433 0.611155 -0.10574 0.794474 0.598022 -0.0531056 0.78934 0.611655 
-0.0531161 0.794888 0.604426 -3.51723e-17 0.790973 0.611851 0 0.795047 0.606548 
0.0531056 0.78934 0.611655 0.0531161 0.794888 0.604426 0.105619 0.784433 0.611155 
0.10574 0.794474 0.598022 0.157435 0.776226 0.610481 0.157974 0.793877 0.5872 
0.209142 0.764618 0.609606 0.210365 0.792776 0.57206 0.261116 0.749496 0.608338 
-0.261072 -0.744998 0.613856 -0.209211 -0.746455 0.631693 -0.157943 -0.747213 0.645544 
-0.106318 -0.747878 0.655267 -0.0919176 -0.748224 0.657048 -0.0534072 -0.751798 0.657228 
0 -0.753546 0.657396 0.0534072 -0.751798 0.657228 0.106318 -0.747878 0.655267 
0.0919176 -0.748224 0.657048 0.157943 -0.747213 0.645544 0.209211 -0.746455 0.631693 
0.261072 -0.744998 0.613856 -0.361246 -0.696752 0.619708 -0.311283 -0.697699 0.645228 
-0.293722 -0.698252 0.652818 -0.260301 -0.710374 0.653921 -0.208836 -0.726083 0.655126 
-0.157893 -0.738116 0.655938 -0.106322 -0.746621 0.656699 0.106322 -0.746621 0.656699 
0.157893 -0.738116 0.655938 0.208836 -0.726083 0.655126 0.260301 -0.710374 0.653921 
0.311283 -0.697699 0.645228 0.293722 -0.698252 0.652818 0.361246 -0.696752 0.619708 
-0.458853 -0.648216 0.607675 -0.410112 -0.649286 0.640497 -0.394463 -0.649769 0.649769 
-0.360931 -0.667856 0.650921 -0.311201 -0.691328 0.652088 0.311201 -0.691328 0.652088 
0.360931 -0.667856 0.650921 0.410112 -0.649286 0.640497 0.394463 -0.649769 0.649769 
0.458853 -0.648216 0.607675 -0.506557 -0.60129 0.61794 -0.466566 -0.601968 0.648036 
-0.458853 -0.607675 0.648216 -0.410112 -0.640497 0.649286 0.410112 -0.640497 0.649286 
0.458853 -0.607675 0.648216 0.506557 -0.60129 0.61794 0.466566 -0.601968 0.648036 
-0.554022 -0.554022 0.621385 -0.522736 -0.554497 0.647519 -0.506831 -0.568899 0.64767 
0.506831 -0.568899 0.64767 0.554022 -0.554022 0.621385 0.522736 -0.554497 0.647519 
-0.60129 -0.506557 0.61794 -0.568899 -0.506831 0.64767 -0.554497 -0.522736 0.647519 
0.554497 -0.522736 0.647519 0.60129 -0.506557 0.61794 0.568899 -0.506831 0.64767 
-0.648216 -0.458853 0.607675 -0.607675 -0.458853 0.648216 -0.601968 -0.466566 0.648036 
0.601968 -0.466566 0.648036 0.648216 -0.458853 0.607675 0.607675 -0.458853 0.648216 
-0.649286 -0.410112 0.640497 -0.640497 -0.410112 0.649286 0.649286 -0.410112 0.640497 
0.640497 -0.410112 0.649286 -0.696752 -0.361246 0.619708 -0.667856 -0.360931 0.650921 
-0.649769 -0.394463 0.649769 0.649769 -0.394463 0.649769 0.696752 -0.361246 0.619708 
0.667856 -0.360931 0.650921 -0.697699 -0.311283 0.645228 -0.691328 -0.311201 0.652088 
0.697699 -0.311283 0.645228 0.691328 -0.311201 0.652088 -0.744998 -0.261072 0.613856 
-0.710374 -0.260301 0.653921 -0.698252 -0.293722 0.652818 0.698252 -0.293722 0.652818 
0.744998 -0.261072 0.613856 0.710374 -0.260301 0.653921 -0.746455 -0.209211 0.631693 
-0.726083 -0.208836 0.655126 0.746455 -0.209211 0.631693 0.726083 -0.208836 0.655126 
-0.747213 -0.157943 0.645544 -0.738116 -0.157893 0.655938 0.747213 -0.157943 0.645544 
0.738116 -0.157893 0.655938 -0.747878 -0.106318 0.655267 -0.746621 -0.106322 0.656699 
0.747878 -0.106318 0.655267 0.746621 -0.106322 0.656699 -0.748224 -0.0919176 0.657048 
-0.751798 -0.0534072 0.657228 0.748224 -0.0919176 0.657048 0.751798 -0.0534072 0.657228 
-0.753546 3.31169e-16 0.657396 0.753546 3.31169e-16 0.657396 -0.751798 0.0534072 0.657228 
0.751798 0.0534072 0.657228 -0.748224 0.0919176 0.657048 -0.747878 0.106318 0.655267 
-0.746621 0.106322 0.656699 0.747878 0.106318 0.655267 0.746621 0.106322 0.656699 
0.748224 0.0919176 0.657048 -0.747213 0.157943 0.645544 -0.738116 0.157893 0.655938 
0.747213 0.157943 0.645544 0.738116 0.157893 0.655938 -0.746455 0.209211 0.631693 
-0.726083 0.208836 0.655126 0.746455 0.209211 0.631693 0.726083 0.208836 0.655126 
-0.744998 0.261072 0.613856 -0.710374 0.260301 0.653921 0.744998 0.261072 0.613856 
0.710374 0.260301 0.653921 -0.698252 0.293722 0.652818 -0.697699 0.311283 0.645228 
-0.691328 0.311201 0.652088 0.697699 0.311283 0.645228 0.691328 0.311201 0.652088 
0.698252 0.293722 0.652818 -0.696752 0.361246 0.619708 -0.667856 0.360931 0.650921 
0.696752 0.361246 0.619708 0.667856 0.360931 0.650921 -0.649769 0.394463 0.649769 
-0.649286 0.410112 0.640497 -0.640497 0.410112 0.649286 0.649286 0.410112 0.640497 
0.640497 0.410112 0.649286 0.649769 0.394463 0.649769 -0.648216 0.458853 0.607675 
-0.607675 0.458853 0.648216 0.648216 0.458853 0.607675 0.607675 0.458853 0.648216 
-0.601968 0.466566 0.648036 -0.60129 0.506557 0.61794 -0.568899 0.506831 0.64767 
0.60129 0.506557 0.61794 0.568899 0.506831 0.64767 0.601968 0.466566 0.648036 
-0.554497 0.522736 0.647519 -0.554022 0.554022 0.621385 -0.522736 0.554497 0.647519 
0.554022 0.554022 0.621385 0.522736 0.554497 0.647519 0.554497 0.522736 0.647519 
-0.506831 0.568899 0.64767 -0.506557 0.60129 0.61794 -0.466566 0.601968 0.648036 
0.506557 0.60129 0.61794 0.466566 0.601968 0.648036 0.506831 0.568899 0.64767 
-0.458853 0.607675 0.648216 -0.458853 0.648216 0.607675 -0.410112 0.640497 0.649286 
-0.410112 0.649286 0.640497 -0.394463 0.649769 0.649769 0.410112 0.649286 0.640497 
0.394463 0.649769 0.649769 0.410112 0.640497 0.649286 0.458853 0.607675 0.648216 
0.458853 0.648216 0.607675 -0.360931 0.667856 0.650921 -0.361246 0.696752 0.619708 
-0.311201 0.691328 0.652088 -0.311283 0.697699 0.645228 -0.293722 0.698252 0.652818 
0.311283 0.697699 0.645228 0.293722 0.698252 0.652818 0.311201 0.691328 0.652088 
0.360931 0.667856 0.650921 0.361246 0.696752 0.619708 -0.260301 0.710374 0.653921 
-0.261072 0.744998 0.613856 -0.208836 0.726083 0.655126 -0.209211 0.746455 0.631693 
-0.157893 0.738116 0.655938 -0.157943 0.747213 0.645544 -0.106322 0.746621 0.656699 
-0.106318 0.747878 0.655267 -0.0919176 0.748224 0.657048 0.106318 0.747878 0.655267 
0.0919176 0.748224 0.657048 0.106322 0.746621 0.656699 0.157893 0.738116 0.655938 
0.157943 0.747213 0.645544 0.208836 0.726083 0.655126 0.209211 0.746455 0.631693 
0.260301 0.710374 0.653921 0.261072 0.744998 0.613856 -0.0534072 0.751798 0.657228 
-1.65584e-16 0.753546 0.657396 0.0534072 0.751798 0.657228 -0.0534028 -0.748698 0.660757 
1.15835e-17 -0.748985 0.662587 0.0534028 -0.748698 0.660757 -0.260279 -0.699432 0.665619 
-0.208942 -0.7006 0.682277 -0.158187 -0.701363 0.69503 -0.118759 -0.702103 0.702103 
-0.106467 -0.703966 0.702209 -0.0533883 -0.709277 0.702905 1.69415e-16 -0.711068 0.703124 
0.0533883 -0.709277 0.702905 0.106467 -0.703966 0.702209 0.158187 -0.701363 0.69503 
0.118759 -0.702103 0.702103 0.208942 -0.7006 0.682277 0.260279 -0.699432 0.665619 
-0.360931 -0.650921 0.667856 -0.311201 -0.652088 0.691328 -0.293722 -0.652818 0.698252 
-0.260279 -0.665619 0.699432 -0.208942 -0.682277 0.7006 -0.158187 -0.69503 0.701363 
0.158187 -0.69503 0.701363 0.208942 -0.682277 0.7006 0.260279 -0.665619 0.699432 
0.311201 -0.652088 0.691328 0.293722 -0.652818 0.698252 0.360931 -0.650921 0.667856 
-0.458881 -0.602163 0.653321 -0.41022 -0.603392 0.683841 -0.38815 -0.60426 0.695852 
-0.361246 -0.619708 0.696752 -0.311283 -0.645228 0.697699 0.311283 -0.645228 0.697699 
0.361246 -0.619708 0.696752 0.41022 -0.603392 0.683841 0.38815 -0.60426 0.695852 
0.458881 -0.602163 0.653321 -0.506981 -0.554781 0.659688 -0.459483 -0.555848 0.692754 
-0.457148 -0.555957 0.694209 -0.410542 -0.589775 0.695429 0.410542 -0.589775 0.695429 
0.459483 -0.555848 0.692754 0.457148 -0.555957 0.694209 0.506981 -0.554781 0.659688 
-0.554781 -0.506981 0.659688 -0.510398 -0.507917 0.693912 -0.507917 -0.510398 0.693912 
-0.459548 -0.554019 0.694175 0.459548 -0.554019 0.694175 0.507917 -0.510398 0.693912 
0.554781 -0.506981 0.659688 0.510398 -0.507917 0.693912 -0.602163 -0.458881 0.653321 
-0.555848 -0.459483 0.692754 -0.554019 -0.459548 0.694175 0.555848 -0.459483 0.692754 
0.554019 -0.459548 0.694175 0.602163 -0.458881 0.653321 -0.603392 -0.41022 0.683841 
-0.589775 -0.410542 0.695429 -0.555957 -0.457148 0.694209 0.555957 -0.457148 0.694209 
0.603392 -0.41022 0.683841 0.589775 -0.410542 0.695429 -0.650921 -0.360931 0.667856 
-0.619708 -0.361246 0.696752 -0.60426 -0.38815 0.695852 0.60426 -0.38815 0.695852 
0.650921 -0.360931 0.667856 0.619708 -0.361246 0.696752 -0.652088 -0.311201 0.691328 
-0.645228 -0.311283 0.697699 0.652088 -0.311201 0.691328 0.645228 -0.311283 0.697699 
-0.699432 -0.260279 0.665619 -0.665619 -0.260279 0.699432 -0.652818 -0.293722 0.698252 
0.652818 -0.293722 0.698252 0.699432 -0.260279 0.665619 0.665619 -0.260279 0.699432 
-0.7006 -0.208942 0.682277 -0.682277 -0.208942 0.7006 0.7006 -0.208942 0.682277 
0.682277 -0.208942 0.7006 -0.701363 -0.158187 0.69503 -0.69503 -0.158187 0.701363 
0.701363 -0.158187 0.69503 0.69503 -0.158187 0.701363 -0.702103 -0.118759 0.702103 
-0.703966 -0.106467 0.702209 0.702103 -0.118759 0.702103 0.703966 -0.106467 0.702209 
-0.748698 -0.0534028 0.660757 -0.709277 -0.0533883 0.702905 0.748698 -0.0534028 0.660757 
0.709277 -0.0533883 0.702905 -0.748985 3.48122e-16 0.662587 -0.711068 1.87054e-16 0.703124 
0.748985 3.36538e-16 0.662587 0.711068 1.69415e-16 0.703124 -0.748698 0.0534028 0.660757 
-0.709277 0.0533883 0.702905 0.748698 0.0534028 0.660757 0.709277 0.0533883 0.702905 
-0.703966 0.106467 0.702209 0.703966 0.106467 0.702209 -0.702103 0.118759 0.702103 
-0.701363 0.158187 0.69503 -0.69503 0.158187 0.701363 0.701363 0.158187 0.69503 
0.69503 0.158187 0.701363 0.702103 0.118759 0.702103 -0.7006 0.208942 0.682277 
-0.682277 0.208942 0.7006 0.7006 0.208942 0.682277 0.682277 0.208942 0.7006 
-0.699432 0.260279 0.665619 -0.665619 0.260279 0.699432 0.699432 0.260279 0.665619 
0.665619 0.260279 0.699432 -0.652818 0.293722 0.698252 -0.652088 0.311201 0.691328 
-0.645228 0.311283 0.697699 0.652088 0.311201 0.691328 0.645228 0.311283 0.697699 
0.652818 0.293722 0.698252 -0.650921 0.360931 0.667856 -0.619708 0.361246 0.696752 
0.650921 0.360931 0.667856 0.619708 0.361246 0.696752 -0.60426 0.38815 0.695852 
-0.603392 0.41022 0.683841 -0.589775 0.410542 0.695429 0.603392 0.41022 0.683841 
0.589775 0.410542 0.695429 0.60426 0.38815 0.695852 -0.602163 0.458881 0.653321 
-0.555957 0.457148 0.694209 -0.555848 0.459483 0.692754 -0.554019 0.459548 0.694175 
0.555848 0.459483 0.692754 0.554019 0.459548 0.694175 0.555957 0.457148 0.694209 
0.602163 0.458881 0.653321 -0.554781 0.506981 0.659688 -0.510398 0.507917 0.693912 
0.554781 0.506981 0.659688 0.510398 0.507917 0.693912 -0.507917 0.510398 0.693912 
-0.506981 0.554781 0.659688 -0.459548 0.554019 0.694175 -0.459483 0.555848 0.692754 
-0.457148 0.555957 0.694209 0.459483 0.555848 0.692754 0.457148 0.555957 0.694209 
0.459548 0.554019 0.694175 0.507917 0.510398 0.693912 0.506981 0.554781 0.659688 
-0.458881 0.602163 0.653321 -0.410542 0.589775 0.695429 -0.41022 0.603392 0.683841 
-0.38815 0.60426 0.695852 0.41022 0.603392 0.683841 0.38815 0.60426 0.695852 
0.410542 0.589775 0.695429 0.458881 0.602163 0.653321 -0.361246 0.619708 0.696752 
-0.360931 0.650921 0.667856 -0.311283 0.645228 0.697699 -0.311201 0.652088 0.691328 
-0.293722 0.652818 0.698252 0.311201 0.652088 0.691328 0.293722 0.652818 0.698252 
0.311283 0.645228 0.697699 0.361246 0.619708 0.696752 0.360931 0.650921 0.667856 
-0.260279 0.665619 0.699432 -0.260279 0.699432 0.665619 -0.208942 0.682277 0.7006 
-0.208942 0.7006 0.682277 -0.158187 0.69503 0.701363 -0.158187 0.701363 0.69503 
-0.118759 0.702103 0.702103 0.158187 0.701363 0.69503 0.118759 0.702103 0.702103 
0.158187 0.69503 0.701363 0.208942 0.682277 0.7006 0.208942 0.7006 0.682277 
0.260279 0.665619 0.699432 0.260279 0.699432 0.665619 -0.106467 0.703966 0.702209 
-0.0533883 0.709277 0.702905 -0.0534028 0.748698 0.660757 -1.7639e-17 0.711068 0.703124 
-1.74061e-16 0.748985 0.662587 0.0533883 0.709277 0.702905 0.0534028 0.748698 0.660757 
0.106467 0.703966 0.702209 -0.106467 -0.702209 0.703966 -0.0533883 -0.702905 0.709277 
1.34137e-16 -0.703124 0.711068 0.0533883 -0.702905 0.709277 0.106467 -0.702209 0.703966 
-0.260301 -0.653921 0.710374 -0.208836 -0.655126 0.726083 -0.157893 -0.655938 0.738116 
-0.106322 -0.656699 0.746621 -0.0919176 -0.657048 0.748224 -0.0534028 -0.660757 0.748698 
1.50894e-16 -0.662587 0.748985 0.0534028 -0.660757 0.748698 0.106322 -0.656699 0.746621 
0.0919176 -0.657048 0.748224 0.157893 -0.655938 0.738116 0.208836 -0.655126 0.726083 
0.260301 -0.653921 0.710374 -0.361312 -0.605094 0.709447 -0.31136 -0.606401 0.731664 
-0.275721 -0.607971 0.744547 -0.261072 -0.613856 0.744998 -0.209211 -0.631693 0.746455 
-0.157943 -0.645544 0.747213 -0.106318 -0.655267 0.747878 0.106318 -0.655267 0.747878 
0.157943 -0.645544 0.747213 0.209211 -0.631693 0.746455 0.261072 -0.613856 0.744998 
0.31136 -0.606401 0.731664 0.275721 -0.607971 0.744547 0.361312 -0.605094 0.709447 
-0.4108 -0.557185 0.721656 -0.369371 -0.55895 0.742388 -0.36239 -0.563252 0.742578 
-0.311844 -0.590931 0.744012 0.311844 -0.590931 0.744012 0.36239 -0.563252 0.742578 
0.4108 -0.557185 0.721656 0.369371 -0.55895 0.742388 -0.507964 -0.507964 0.695662 
-0.460119 -0.5089 0.727537 -0.435426 -0.510146 0.741725 -0.411926 -0.528706 0.742151 
0.411926 -0.528706 0.742151 0.460119 -0.5089 0.727537 0.435426 -0.510146 0.741725 
0.507964 -0.507964 0.695662 -0.5089 -0.460119 0.727537 -0.487135 -0.461173 0.741633 
-0.461173 -0.487135 0.741633 0.461173 -0.487135 0.741633 0.5089 -0.460119 0.727537 
0.487135 -0.461173 0.741633 -0.557185 -0.4108 0.721656 -0.528706 -0.411926 0.742151 
-0.510146 -0.435426 0.741725 0.510146 -0.435426 0.741725 0.557185 -0.4108 0.721656 
0.528706 -0.411926 0.742151 -0.605094 -0.361312 0.709447 -0.563252 -0.36239 0.742578 
-0.55895 -0.369371 0.742388 0.55895 -0.369371 0.742388 0.605094 -0.361312 0.709447 
0.563252 -0.36239 0.742578 -0.606401 -0.31136 0.731664 -0.590931 -0.311844 0.744012 
0.606401 -0.31136 0.731664 0.590931 -0.311844 0.744012 -0.653921 -0.260301 0.710374 
-0.613856 -0.261072 0.744998 -0.607971 -0.275721 0.744547 0.607971 -0.275721 0.744547 
0.653921 -0.260301 0.710374 0.613856 -0.261072 0.744998 -0.655126 -0.208836 0.726083 
-0.631693 -0.209211 0.746455 0.655126 -0.208836 0.726083 0.631693 -0.209211 0.746455 
-0.655938 -0.157893 0.738116 -0.645544 -0.157943 0.747213 0.655938 -0.157893 0.738116 
0.645544 -0.157943 0.747213 -0.702209 -0.106467 0.703966 -0.656699 -0.106322 0.746621 
-0.655267 -0.106318 0.747878 0.656699 -0.106322 0.746621 0.655267 -0.106318 0.747878 
0.702209 -0.106467 0.703966 -0.702905 -0.0533883 0.709277 -0.660757 -0.0534028 0.748698 
-0.657048 -0.0919176 0.748224 0.657048 -0.0919176 0.748224 0.702905 -0.0533883 0.709277 
0.660757 -0.0534028 0.748698 -0.703124 1.34137e-16 0.711068 -0.662587 6.38326e-16 0.748985 
0.703124 1.69415e-16 0.711068 0.662587 4.99016e-16 0.748985 -0.702905 0.0533883 0.709277 
-0.660757 0.0534028 0.748698 0.702905 0.0533883 0.709277 0.660757 0.0534028 0.748698 
-0.702209 0.106467 0.703966 -0.657048 0.0919176 0.748224 -0.656699 0.106322 0.746621 
-0.655267 0.106318 0.747878 0.656699 0.106322 0.746621 0.655267 0.106318 0.747878 
0.657048 0.0919176 0.748224 0.702209 0.106467 0.703966 -0.655938 0.157893 0.738116 
-0.645544 0.157943 0.747213 0.655938 0.157893 0.738116 0.645544 0.157943 0.747213 
-0.655126 0.208836 0.726083 -0.631693 0.209211 0.746455 0.655126 0.208836 0.726083 
0.631693 0.209211 0.746455 -0.653921 0.260301 0.710374 -0.613856 0.261072 0.744998 
0.653921 0.260301 0.710374 0.613856 0.261072 0.744998 -0.607971 0.275721 0.744547 
-0.606401 0.31136 0.731664 -0.590931 0.311844 0.744012 0.606401 0.31136 0.731664 
0.590931 0.311844 0.744012 0.607971 0.275721 0.744547 -0.605094 0.361312 0.709447 
-0.563252 0.36239 0.742578 0.605094 0.361312 0.709447 0.563252 0.36239 0.742578 
-0.55895 0.369371 0.742388 -0.557185 0.4108 0.721656 -0.528706 0.411926 0.742151 
0.557185 0.4108 0.721656 0.528706 0.411926 0.742151 0.55895 0.369371 0.742388 
-0.510146 0.435426 0.741725 -0.5089 0.460119 0.727537 -0.487135 0.461173 0.741633 
0.5089 0.460119 0.727537 0.487135 0.461173 0.741633 0.510146 0.435426 0.741725 
-0.507964 0.507964 0.695662 -0.461173 0.487135 0.741633 -0.460119 0.5089 0.727537 
-0.435426 0.510146 0.741725 0.460119 0.5089 0.727537 0.435426 0.510146 0.741725 
0.461173 0.487135 0.741633 0.507964 0.507964 0.695662 -0.411926 0.528706 0.742151 
-0.4108 0.557185 0.721656 -0.369371 0.55895 0.742388 0.4108 0.557185 0.721656 
0.369371 0.55895 0.742388 0.411926 0.528706 0.742151 -0.36239 0.563252 0.742578 
-0.361312 0.605094 0.709447 -0.311844 0.590931 0.744012 -0.31136 0.606401 0.731664 
-0.275721 0.607971 0.744547 0.31136 0.606401 0.731664 0.275721 0.607971 0.744547 
0.311844 0.590931 0.744012 0.36239 0.563252 0.742578 0.361312 0.605094 0.709447 
-0.261072 0.613856 0.744998 -0.260301 0.653921 0.710374 -0.209211 0.631693 0.746455 
-0.208836 0.655126 0.726083 -0.157943 0.645544 0.747213 -0.157893 0.655938 0.738116 
-0.106318 0.655267 0.747878 -0.106322 0.656699 0.746621 -0.0919176 0.657048 0.748224 
0.106322 0.656699 0.746621 0.0919176 0.657048 0.748224 0.106318 0.655267 0.747878 
0.157943 0.645544 0.747213 0.157893 0.655938 0.738116 0.209211 0.631693 0.746455 
0.208836 0.655126 0.726083 0.261072 0.613856 0.744998 0.260301 0.653921 0.710374 
-0.106467 0.702209 0.703966 -0.0534028 0.660757 0.748698 -0.0533883 0.702905 0.709277 
-1.15835e-17 0.662587 0.748985 -1.7639e-17 0.703124 0.711068 0.0534028 0.660757 0.748698 
0.0533883 0.702905 0.709277 0.106467 0.702209 0.703966 -0.0534072 -0.657228 0.751798 
1.65584e-16 -0.657396 0.753546 0.0534072 -0.657228 0.751798 -0.261116 -0.608338 0.749496 
-0.209142 -0.609606 0.764618 -0.157435 -0.610481 0.776226 -0.105619 -0.611155 0.784433 
-0.0531056 -0.611655 0.78934 1.33556e-16 -0.611851 0.790973 0.0531056 -0.611655 0.78934 
0.105619 -0.611155 0.784433 0.157435 -0.610481 0.776226 0.209142 -0.609606 0.764618 
0.261116 -0.608338 0.749496 -0.36243 -0.55913 0.745666 -0.311913 -0.560282 0.767329 
-0.261679 -0.561998 0.784654 -0.234462 -0.563513 0.792137 -0.210365 -0.57206 0.792776 
-0.157974 -0.5872 0.793877 -0.10574 -0.598022 0.794474 -0.0531161 -0.604426 0.794888 
1.85623e-16 -0.606548 0.795047 0.0531161 -0.604426 0.794888 0.10574 -0.598022 0.794474 
0.157974 -0.5872 0.793877 0.210365 -0.57206 0.792776 0.261679 -0.561998 0.784654 
0.234462 -0.563513 0.792137 0.311913 -0.560282 0.767329 0.36243 -0.55913 0.745666 
-0.412149 -0.510653 0.754564 -0.362855 -0.511993 0.778588 -0.333447 -0.513799 0.790458 
-0.313395 -0.525473 0.790988 -0.262154 -0.5517 0.791772 0.262154 -0.5517 0.791772 
0.313395 -0.525473 0.790988 0.362855 -0.511993 0.778588 0.333447 -0.513799 0.790458 
0.412149 -0.510653 0.754564 -0.461594 -0.461594 0.757537 -0.41356 -0.463275 0.783801 
-0.401459 -0.464124 0.78957 -0.363974 -0.492975 0.790252 0.363974 -0.492975 0.790252 
0.41356 -0.463275 0.783801 0.401459 -0.464124 0.78957 0.461594 -0.461594 0.757537 
-0.510653 -0.412149 0.754564 -0.463275 -0.41356 0.783801 -0.452825 -0.414272 0.789511 
-0.414272 -0.452825 0.789511 0.414272 -0.452825 0.789511 0.463275 -0.41356 0.783801 
0.452825 -0.414272 0.789511 0.510653 -0.412149 0.754564 -0.55913 -0.36243 0.745666 
-0.511993 -0.362855 0.778588 -0.492975 -0.363974 0.790252 -0.464124 -0.401459 0.78957 
0.464124 -0.401459 0.78957 0.511993 -0.362855 0.778588 0.492975 -0.363974 0.790252 
0.55913 -0.36243 0.745666 -0.560282 -0.311913 0.767329 -0.525473 -0.313395 0.790988 
-0.513799 -0.333447 0.790458 0.513799 -0.333447 0.790458 0.560282 -0.311913 0.767329 
0.525473 -0.313395 0.790988 -0.608338 -0.261116 0.749496 -0.561998 -0.261679 0.784654 
-0.5517 -0.262154 0.791772 0.561998 -0.261679 0.784654 0.5517 -0.262154 0.791772 
0.608338 -0.261116 0.749496 -0.609606 -0.209142 0.764618 -0.57206 -0.210365 0.792776 
-0.563513 -0.234462 0.792137 0.563513 -0.234462 0.792137 0.609606 -0.209142 0.764618 
0.57206 -0.210365 0.792776 -0.610481 -0.157435 0.776226 -0.5872 -0.157974 0.793877 
0.610481 -0.157435 0.776226 0.5872 -0.157974 0.793877 -0.611155 -0.105619 0.784433 
-0.598022 -0.10574 0.794474 0.611155 -0.105619 0.784433 0.598022 -0.10574 0.794474 
-0.657228 -0.0534072 0.751798 -0.611655 -0.0531056 0.78934 -0.604426 -0.0531161 0.794888 
0.611655 -0.0531056 0.78934 0.604426 -0.0531161 0.794888 0.657228 -0.0534072 0.751798 
-0.657396 6.5209e-16 0.753546 -0.611851 1.51142e-16 0.790973 -0.606548 1.62442e-16 0.795047 
0.611851 4.91918e-17 0.790973 0.606548 8.12209e-17 0.795047 0.657396 4.6601e-16 0.753546 
-0.657228 0.0534072 0.751798 -0.611655 0.0531056 0.78934 -0.604426 0.0531161 0.794888 
0.611655 0.0531056 0.78934 0.604426 0.0531161 0.794888 0.657228 0.0534072 0.751798 
-0.611155 0.105619 0.784433 -0.598022 0.10574 0.794474 0.611155 0.105619 0.784433 
0.598022 0.10574 0.794474 -0.610481 0.157435 0.776226 -0.5872 0.157974 0.793877 
0.610481 0.157435 0.776226 0.5872 0.157974 0.793877 -0.609606 0.209142 0.764618 
-0.57206 0.210365 0.792776 0.609606 0.209142 0.764618 0.57206 0.210365 0.792776 
-0.608338 0.261116 0.749496 -0.563513 0.234462 0.792137 -0.561998 0.261679 0.784654 
-0.5517 0.262154 0.791772 0.561998 0.261679 0.784654 0.5517 0.262154 0.791772 
0.563513 0.234462 0.792137 0.608338 0.261116 0.749496 -0.560282 0.311913 0.767329 
-0.525473 0.313395 0.790988 0.560282 0.311913 0.767329 0.525473 0.313395 0.790988 
-0.55913 0.36243 0.745666 -0.513799 0.333447 0.790458 -0.511993 0.362855 0.778588 
-0.492975 0.363974 0.790252 0.511993 0.362855 0.778588 0.492975 0.363974 0.790252 
0.513799 0.333447 0.790458 0.55913 0.36243 0.745666 -0.510653 0.412149 0.754564 
-0.464124 0.401459 0.78957 -0.463275 0.41356 0.783801 -0.452825 0.414272 0.789511 
0.463275 0.41356 0.783801 0.452825 0.414272 0.789511 0.464124 0.401459 0.78957 
0.510653 0.412149 0.754564 -0.461594 0.461594 0.757537 -0.414272 0.452825 0.789511 
-0.41356 0.463275 0.783801 -0.401459 0.464124 0.78957 0.41356 0.463275 0.783801 
0.401459 0.464124 0.78957 0.414272 0.452825 0.789511 0.461594 0.461594 0.757537 
-0.412149 0.510653 0.754564 -0.363974 0.492975 0.790252 -0.362855 0.511993 0.778588 
-0.333447 0.513799 0.790458 0.362855 0.511993 0.778588 0.333447 0.513799 0.790458 
0.363974 0.492975 0.790252 0.412149 0.510653 0.754564 -0.36243 0.55913 0.745666 
-0.313395 0.525473 0.790988 -0.311913 0.560282 0.767329 -0.262154 0.5517 0.791772 
-0.261679 0.561998 0.784654 -0.234462 0.563513 0.792137 0.261679 0.561998 0.784654 
0.234462 0.563513 0.792137 0.262154 0.5517 0.791772 0.313395 0.525473 0.790988 
0.311913 0.560282 0.767329 0.36243 0.55913 0.745666 -0.261116 0.608338 0.749496 
-0.210365 0.57206 0.792776 -0.209142 0.609606 0.764618 -0.157974 0.5872 0.793877 
-0.157435 0.610481 0.776226 -0.10574 0.598022 0.794474 -0.105619 0.611155 0.784433 
-0.0531161 0.604426 0.794888 -0.0531056 0.611655 0.78934 -5.80395e-17 0.606548 0.795047 
-8.43641e-17 0.611851 0.790973 0.0531161 0.604426 0.794888 0.0531056 0.611655 0.78934 
0.10574 0.598022 0.794474 0.105619 0.611155 0.784433 0.157974 0.5872 0.793877 
0.157435 0.610481 0.776226 0.210365 0.57206 0.792776 0.209142 0.609606 0.764618 
0.261116 0.608338 0.749496 -0.0534072 0.657228 0.751798 2.04957e-17 0.657396 0.753546 
0.0534072 0.657228 0.751798 -0.210423 -0.563903 0.798584 -0.157904 -0.564704 0.810047 
-0.105413 -0.565287 0.818131 -0.0528016 -0.565668 0.822941 1.59609e-17 -0.565803 0.82454 
0.0528016 -0.565668 0.822941 0.105413 -0.565287 0.818131 0.157904 -0.564704 0.810047 
0.210423 -0.563903 0.798584 -0.313459 -0.514138 0.798377 -0.262103 -0.514908 0.816193 
-0.210907 -0.516428 0.829952 -0.159353 -0.518701 0.839974 -0.150698 -0.519132 0.841304 
-0.106337 -0.528666 0.842143 -0.0531744 -0.53579 0.842675 7.72014e-17 -0.538186 0.842826 
0.0531744 -0.53579 0.842675 0.106337 -0.528666 0.842143 0.159353 -0.518701 0.839974 
0.150698 -0.519132 0.841304 0.210907 -0.516428 0.829952 0.262103 -0.514908 0.816193 
0.313459 -0.514138 0.798377 -0.364147 -0.464597 0.807185 -0.314061 -0.46601 0.827164 
-0.274187 -0.46854 0.839817 -0.264089 -0.47396 0.840011 -0.211782 -0.497697 0.841098 
-0.159432 -0.516788 0.841137 0.159432 -0.516788 0.841137 0.211782 -0.497697 0.841098 
0.264089 -0.47396 0.840011 0.314061 -0.46601 0.827164 0.274187 -0.46854 0.839817 
0.364147 -0.464597 0.807185 -0.414588 -0.414588 0.810083 -0.365827 -0.416527 0.832272 
-0.347876 -0.417866 0.839268 -0.315629 -0.441788 0.839763 0.315629 -0.441788 0.839763 
0.365827 -0.416527 0.832272 0.347876 -0.417866 0.839268 0.414588 -0.414588 0.810083 
-0.464597 -0.364147 0.807185 -0.416527 -0.365827 0.832272 -0.401347 -0.366949 0.839207 
-0.366949 -0.401347 0.839207 0.366949 -0.401347 0.839207 0.416527 -0.365827 0.832272 
0.401347 -0.366949 0.839207 0.464597 -0.364147 0.807185 -0.514138 -0.313459 0.798377 
-0.46601 -0.314061 0.827164 -0.441788 -0.315629 0.839763 -0.417866 -0.347876 0.839268 
0.417866 -0.347876 0.839268 0.46601 -0.314061 0.827164 0.441788 -0.315629 0.839763 
0.514138 -0.313459 0.798377 -0.514908 -0.262103 0.816193 -0.47396 -0.264089 0.840011 
-0.46854 -0.274187 0.839817 0.46854 -0.274187 0.839817 0.514908 -0.262103 0.816193 
0.47396 -0.264089 0.840011 -0.563903 -0.210423 0.798584 -0.516428 -0.210907 0.829952 
-0.497697 -0.211782 0.841098 0.516428 -0.210907 0.829952 0.497697 -0.211782 0.841098 
0.563903 -0.210423 0.798584 -0.564704 -0.157904 0.810047 -0.518701 -0.159353 0.839974 
-0.516788 -0.159432 0.841137 0.518701 -0.159353 0.839974 0.516788 -0.159432 0.841137 
0.564704 -0.157904 0.810047 -0.565287 -0.105413 0.818131 -0.528666 -0.106337 0.842143 
-0.519132 -0.150698 0.841304 0.519132 -0.150698 0.841304 0.565287 -0.105413 0.818131 
0.528666 -0.106337 0.842143 -0.565668 -0.0528016 0.822941 -0.53579 -0.0531744 0.842675 
0.565668 -0.0528016 0.822941 0.53579 -0.0531744 0.842675 -0.565803 5.90057e-17 0.82454 
-0.538186 -3.05626e-16 0.842826 0.565803 5.90057e-17 0.82454 0.538186 -1.91414e-16 0.842826 
-0.565668 0.0528016 0.822941 -0.53579 0.0531744 0.842675 0.565668 0.0528016 0.822941 
0.53579 0.0531744 0.842675 -0.565287 0.105413 0.818131 -0.528666 0.106337 0.842143 
0.565287 0.105413 0.818131 0.528666 0.106337 0.842143 -0.564704 0.157904 0.810047 
-0.519132 0.150698 0.841304 -0.518701 0.159353 0.839974 -0.516788 0.159432 0.841137 
0.518701 0.159353 0.839974 0.516788 0.159432 0.841137 0.519132 0.150698 0.841304 
0.564704 0.157904 0.810047 -0.563903 0.210423 0.798584 -0.516428 0.210907 0.829952 
-0.497697 0.211782 0.841098 0.516428 0.210907 0.829952 0.497697 0.211782 0.841098 
0.563903 0.210423 0.798584 -0.514908 0.262103 0.816193 -0.47396 0.264089 0.840011 
0.514908 0.262103 0.816193 0.47396 0.264089 0.840011 -0.514138 0.313459 0.798377 
-0.46854 0.274187 0.839817 -0.46601 0.314061 0.827164 -0.441788 0.315629 0.839763 
0.46601 0.314061 0.827164 0.441788 0.315629 0.839763 0.46854 0.274187 0.839817 
0.514138 0.313459 0.798377 -0.464597 0.364147 0.807185 -0.417866 0.347876 0.839268 
-0.416527 0.365827 0.832272 -0.401347 0.366949 0.839207 0.416527 0.365827 0.832272 
0.401347 0.366949 0.839207 0.417866 0.347876 0.839268 0.464597 0.364147 0.807185 
-0.414588 0.414588 0.810083 -0.366949 0.401347 0.839207 -0.365827 0.416527 0.832272 
-0.347876 0.417866 0.839268 0.365827 0.416527 0.832272 0.347876 0.417866 0.839268 
0.366949 0.401347 0.839207 0.414588 0.414588 0.810083 -0.364147 0.464597 0.807185 
-0.315629 0.441788 0.839763 -0.314061 0.46601 0.827164 -0.274187 0.46854 0.839817 
0.314061 0.46601 0.827164 0.274187 0.46854 0.839817 0.315629 0.441788 0.839763 
0.364147 0.464597 0.807185 -0.313459 0.514138 0.798377 -0.264089 0.47396 0.840011 
-0.262103 0.514908 0.816193 -0.211782 0.497697 0.841098 -0.210907 0.516428 0.829952 
-0.159432 0.516788 0.841137 -0.159353 0.518701 0.839974 -0.150698 0.519132 0.841304 
0.159353 0.518701 0.839974 0.150698 0.519132 0.841304 0.159432 0.516788 0.841137 
0.211782 0.497697 0.841098 0.210907 0.516428 0.829952 0.264089 0.47396 0.840011 
0.262103 0.514908 0.816193 0.313459 0.514138 0.798377 -0.210423 0.563903 0.798584 
-0.157904 0.564704 0.810047 -0.106337 0.528666 0.842143 -0.105413 0.565287 0.818131 
-0.0531744 0.53579 0.842675 -0.0528016 0.565668 0.822941 -1.14212e-16 0.538186 0.842826 
7.49666e-17 0.565803 0.82454 0.0531744 0.53579 0.842675 0.0528016 0.565668 0.822941 
0.106337 0.528666 0.842143 0.105413 0.565287 0.818131 0.157904 0.564704 0.810047 
0.210423 0.563903 0.798584 -0.106354 -0.519384 0.847897 -0.0531689 -0.519615 0.852744 
1.45128e-16 -0.519697 0.854351 0.0531689 -0.519615 0.852744 0.106354 -0.519384 0.847897 
-0.264097 -0.4686 0.84301 -0.211621 -0.468896 0.857527 -0.159205 -0.469615 0.868398 
-0.106567 -0.470609 0.875883 -0.0534557 -0.47142 0.880287 -1.0529e-16 -0.471725 0.881746 
0.0534557 -0.47142 0.880287 0.106567 -0.470609 0.875883 0.159205 -0.469615 0.868398 
0.211621 -0.468896 0.857527 0.264097 -0.4686 0.84301 -0.315612 -0.417971 0.851874 
-0.264127 -0.41878 0.868827 -0.213 -0.420794 0.881795 -0.162598 -0.423072 0.891388 
-0.161114 -0.423613 0.8914 -0.107408 -0.438013 0.892529 -0.0537406 -0.447083 0.892877 
-1.0252e-16 -0.450165 0.892945 0.0537406 -0.447083 0.892877 0.107408 -0.438013 0.892529 
0.161114 -0.423613 0.8914 0.213 -0.420794 0.881795 0.162598 -0.423072 0.891388 
0.264127 -0.41878 0.868827 0.315612 -0.417971 0.851874 -0.366961 -0.366961 0.854797 
-0.316593 -0.368208 0.874181 -0.266877 -0.371122 0.889407 -0.262332 -0.371365 0.890657 
-0.213942 -0.399038 0.891626 0.213942 -0.399038 0.891626 0.266877 -0.371122 0.889407 
0.262332 -0.371365 0.890657 0.316593 -0.368208 0.874181 0.366961 -0.366961 0.854797 
-0.417971 -0.315612 0.851874 -0.368208 -0.316593 0.874181 -0.323994 -0.319334 0.890536 
-0.319334 -0.323994 0.890536 -0.267014 -0.368119 0.890613 0.267014 -0.368119 0.890613 
0.319334 -0.323994 0.890536 0.368208 -0.316593 0.874181 0.323994 -0.319334 0.890536 
0.417971 -0.315612 0.851874 -0.4686 -0.264097 0.84301 -0.41878 -0.264127 0.868827 
-0.371122 -0.266877 0.889407 -0.368119 -0.267014 0.890613 0.371122 -0.266877 0.889407 
0.368119 -0.267014 0.890613 0.41878 -0.264127 0.868827 0.4686 -0.264097 0.84301 
-0.468896 -0.211621 0.857527 -0.420794 -0.213 0.881795 -0.399038 -0.213942 0.891626 
-0.371365 -0.262332 0.890657 0.371365 -0.262332 0.890657 0.420794 -0.213 0.881795 
0.399038 -0.213942 0.891626 0.468896 -0.211621 0.857527 -0.469615 -0.159205 0.868398 
-0.423613 -0.161114 0.8914 -0.423072 -0.162598 0.891388 0.423072 -0.162598 0.891388 
0.469615 -0.159205 0.868398 0.423613 -0.161114 0.8914 -0.519384 -0.106354 0.847897 
-0.470609 -0.106567 0.875883 -0.438013 -0.107408 0.892529 0.470609 -0.106567 0.875883 
0.438013 -0.107408 0.892529 0.519384 -0.106354 0.847897 -0.519615 -0.0531689 0.852744 
-0.47142 -0.0534557 0.880287 -0.447083 -0.0537406 0.892877 0.47142 -0.0534557 0.880287 
0.447083 -0.0537406 0.892877 0.519615 -0.0531689 0.852744 -0.519697 -3.64805e-16 0.854351 
-0.471725 -1.18544e-16 0.881746 -0.450165 -1.37667e-16 0.892945 0.471725 7.46114e-17 0.881746 
0.450165 -1.21554e-16 0.892945 0.519697 -2.43203e-16 0.854351 -0.519615 0.0531689 0.852744 
-0.47142 0.0534557 0.880287 -0.447083 0.0537406 0.892877 0.47142 0.0534557 0.880287 
0.447083 0.0537406 0.892877 0.519615 0.0531689 0.852744 -0.519384 0.106354 0.847897 
-0.470609 0.106567 0.875883 -0.438013 0.107408 0.892529 0.470609 0.106567 0.875883 
0.438013 0.107408 0.892529 0.519384 0.106354 0.847897 -0.469615 0.159205 0.868398 
-0.423613 0.161114 0.8914 0.469615 0.159205 0.868398 0.423613 0.161114 0.8914 
-0.468896 0.211621 0.857527 -0.423072 0.162598 0.891388 -0.420794 0.213 0.881795 
-0.399038 0.213942 0.891626 0.420794 0.213 0.881795 0.399038 0.213942 0.891626 
0.423072 0.162598 0.891388 0.468896 0.211621 0.857527 -0.4686 0.264097 0.84301 
-0.41878 0.264127 0.868827 -0.371365 0.262332 0.890657 -0.371122 0.266877 0.889407 
-0.368119 0.267014 0.890613 0.371122 0.266877 0.889407 0.368119 0.267014 0.890613 
0.371365 0.262332 0.890657 0.41878 0.264127 0.868827 0.4686 0.264097 0.84301 
-0.417971 0.315612 0.851874 -0.368208 0.316593 0.874181 -0.323994 0.319334 0.890536 
0.368208 0.316593 0.874181 0.323994 0.319334 0.890536 0.417971 0.315612 0.851874 
-0.366961 0.366961 0.854797 -0.319334 0.323994 0.890536 -0.316593 0.368208 0.874181 
-0.267014 0.368119 0.890613 -0.266877 0.371122 0.889407 -0.262332 0.371365 0.890657 
0.266877 0.371122 0.889407 0.262332 0.371365 0.890657 0.267014 0.368119 0.890613 
0.319334 0.323994 0.890536 0.316593 0.368208 0.874181 0.366961 0.366961 0.854797 
-0.315612 0.417971 0.851874 -0.264127 0.41878 0.868827 -0.213942 0.399038 0.891626 
-0.213 0.420794 0.881795 -0.162598 0.423072 0.891388 0.213 0.420794 0.881795 
0.162598 0.423072 0.891388 0.213942 0.399038 0.891626 0.264127 0.41878 0.868827 
0.315612 0.417971 0.851874 -0.264097 0.4686 0.84301 -0.211621 0.468896 0.857527 
-0.161114 0.423613 0.8914 -0.159205 0.469615 0.868398 -0.107408 0.438013 0.892529 
-0.106567 0.470609 0.875883 -0.0537406 0.447083 0.892877 -0.0534557 0.47142 0.880287 
-1.72814e-16 0.450165 0.892945 4.39331e-17 0.471725 0.881746 0.0537406 0.447083 0.892877 
0.0534557 0.47142 0.880287 0.107408 0.438013 0.892529 0.106567 0.470609 0.875883 
0.161114 0.423613 0.8914 0.159205 0.469615 0.868398 0.211621 0.468896 0.857527 
0.264097 0.4686 0.84301 -0.106354 0.519384 0.847897 -0.0531689 0.519615 0.852744 
-1.45128e-16 0.519697 0.854351 0.0531689 0.519615 0.852744 0.106354 0.519384 0.847897 
-0.161111 -0.423047 0.891669 -0.107226 -0.422381 0.900054 -0.0535389 -0.422037 0.904996 
-2.54474e-17 -0.421962 0.906613 0.0535389 -0.422037 0.904996 0.107226 -0.422381 0.900054 
0.161111 -0.423047 0.891669 -0.213199 -0.370209 0.904152 -0.159831 -0.370228 0.915088 
-0.107 -0.371716 0.922159 -0.0537831 -0.373302 0.926149 0 -0.373933 0.927456 
0.0537831 -0.373302 0.926149 0.107 -0.371716 0.922159 0.159831 -0.370228 0.915088 
0.213199 -0.370209 0.904152 -0.319261 -0.319261 0.892269 -0.26546 -0.317842 0.910224 
-0.213778 -0.319601 0.923122 -0.162949 -0.323765 0.932 -0.110342 -0.327165 0.938503 
-0.0556617 -0.328688 0.942797 -0.018216 -0.329027 0.944145 -9.22909e-17 -0.330097 0.943947 
0.0556617 -0.328688 0.942797 0.018216 -0.329027 0.944145 0.110342 -0.327165 0.938503 
0.162949 -0.323765 0.932 0.213778 -0.319601 0.923122 0.26546 -0.317842 0.910224 
0.319261 -0.319261 0.892269 -0.317842 -0.26546 0.910224 -0.267648 -0.267648 0.925597 
-0.219075 -0.273006 0.936736 -0.18427 -0.274905 0.943648 -0.165993 -0.285808 0.943801 
-0.110685 -0.30974 0.944357 -0.0556463 -0.325302 0.943971 0.0556463 -0.325302 0.943971 
0.110685 -0.30974 0.944357 0.165993 -0.285808 0.943801 0.219075 -0.273006 0.936736 
0.18427 -0.274905 0.943648 0.267648 -0.267648 0.925597 0.317842 -0.26546 0.910224 
-0.370209 -0.213199 0.904152 -0.319601 -0.213778 0.923122 -0.273006 -0.219075 0.936736 
-0.24638 -0.220436 0.943772 -0.220436 -0.24638 0.943772 0.220436 -0.24638 0.943772 
0.273006 -0.219075 0.936736 0.24638 -0.220436 0.943772 0.319601 -0.213778 0.923122 
0.370209 -0.213199 0.904152 -0.423047 -0.161111 0.891669 -0.370228 -0.159831 0.915088 
-0.323765 -0.162949 0.932 -0.285808 -0.165993 0.943801 -0.274905 -0.18427 0.943648 
0.274905 -0.18427 0.943648 0.323765 -0.162949 0.932 0.285808 -0.165993 0.943801 
0.370228 -0.159831 0.915088 0.423047 -0.161111 0.891669 -0.422381 -0.107226 0.900054 
-0.371716 -0.107 0.922159 -0.327165 -0.110342 0.938503 -0.30974 -0.110685 0.944357 
0.327165 -0.110342 0.938503 0.30974 -0.110685 0.944357 0.371716 -0.107 0.922159 
0.422381 -0.107226 0.900054 -0.422037 -0.0535389 0.904996 -0.373302 -0.0537831 0.926149 
-0.328688 -0.0556617 0.942797 -0.325302 -0.0556463 0.943971 0.328688 -0.0556617 0.942797 
0.325302 -0.0556463 0.943971 0.373302 -0.0537831 0.926149 0.422037 -0.0535389 0.904996 
-0.421962 -2.71633e-16 0.906613 -0.373933 -2.72455e-16 0.927456 -0.330097 -2.4397e-18 0.943947 
-0.329027 -0.018216 0.944145 0.329027 -0.018216 0.944145 0.373933 -4.66168e-16 0.927456 
0.330097 -9.7588e-18 0.943947 0.421962 -3.90581e-16 0.906613 -0.422037 0.0535389 0.904996 
-0.373302 0.0537831 0.926149 -0.329027 0.018216 0.944145 -0.328688 0.0556617 0.942797 
-0.325302 0.0556463 0.943971 0.328688 0.0556617 0.942797 0.325302 0.0556463 0.943971 
0.329027 0.018216 0.944145 0.373302 0.0537831 0.926149 0.422037 0.0535389 0.904996 
-0.422381 0.107226 0.900054 -0.371716 0.107 0.922159 -0.327165 0.110342 0.938503 
-0.30974 0.110685 0.944357 0.327165 0.110342 0.938503 0.30974 0.110685 0.944357 
0.371716 0.107 0.922159 0.422381 0.107226 0.900054 -0.423047 0.161111 0.891669 
-0.370228 0.159831 0.915088 -0.323765 0.162949 0.932 -0.285808 0.165993 0.943801 
0.323765 0.162949 0.932 0.285808 0.165993 0.943801 0.370228 0.159831 0.915088 
0.423047 0.161111 0.891669 -0.370209 0.213199 0.904152 -0.319601 0.213778 0.923122 
-0.274905 0.18427 0.943648 -0.273006 0.219075 0.936736 -0.24638 0.220436 0.943772 
0.273006 0.219075 0.936736 0.24638 0.220436 0.943772 0.274905 0.18427 0.943648 
0.319601 0.213778 0.923122 0.370209 0.213199 0.904152 -0.317842 0.26546 0.910224 
-0.267648 0.267648 0.925597 -0.220436 0.24638 0.943772 -0.219075 0.273006 0.936736 
-0.18427 0.274905 0.943648 0.219075 0.273006 0.936736 0.18427 0.274905 0.943648 
0.220436 0.24638 0.943772 0.267648 0.267648 0.925597 0.317842 0.26546 0.910224 
-0.319261 0.319261 0.892269 -0.26546 0.317842 0.910224 -0.213778 0.319601 0.923122 
-0.165993 0.285808 0.943801 -0.162949 0.323765 0.932 -0.110685 0.30974 0.944357 
-0.110342 0.327165 0.938503 -0.0556463 0.325302 0.943971 -0.0556617 0.328688 0.942797 
-0.018216 0.329027 0.944145 0.0556617 0.328688 0.942797 0.018216 0.329027 0.944145 
0.0556463 0.325302 0.943971 0.110685 0.30974 0.944357 0.110342 0.327165 0.938503 
0.165993 0.285808 0.943801 0.162949 0.323765 0.932 0.213778 0.319601 0.923122 
0.26546 0.317842 0.910224 0.319261 0.319261 0.892269 -0.213199 0.370209 0.904152 
-0.159831 0.370228 0.915088 -0.107 0.371716 0.922159 -0.0537831 0.373302 0.926149 
-9.22909e-17 0.330097 0.943947 0 0.373933 0.927456 0.0537831 0.373302 0.926149 
0.107 0.371716 0.922159 0.159831 0.370228 0.915088 0.213199 0.370209 0.904152 
-0.161111 0.423047 0.891669 -0.107226 0.422381 0.900054 -0.0535389 0.422037 0.904996 
-2.88792e-16 0.421962 0.906613 0.0535389 0.422037 0.904996 0.107226 0.422381 0.900054 
0.161111 0.423047 0.891669 -9.44127e-17 -0.328799 0.9444 -0.16596 -0.274344 0.947203 
-0.10921 -0.270035 0.956637 -0.0538254 -0.266206 0.962412 -3.05126e-17 -0.264809 0.964301 
0.0538254 -0.266206 0.962412 0.10921 -0.270035 0.956637 0.16596 -0.274344 0.947203 
-0.219361 -0.219361 0.950664 -0.159899 -0.212592 0.963969 -0.103458 -0.206742 0.97291 
-0.050894 -0.204299 0.977585 2.48383e-16 -0.203863 0.979 0.050894 -0.204299 0.977585 
0.103458 -0.206742 0.97291 0.159899 -0.212592 0.963969 0.219361 -0.219361 0.950664 
-0.274344 -0.16596 0.947203 -0.212592 -0.159899 0.963969 -0.153626 -0.153626 0.976114 
-0.101363 -0.152555 0.983083 -0.0512401 -0.154891 0.986602 -1.34077e-16 -0.156311 0.987708 
0.0512401 -0.154891 0.986602 0.101363 -0.152555 0.983083 0.153626 -0.153626 0.976114 
0.212592 -0.159899 0.963969 0.274344 -0.16596 0.947203 -0.270035 -0.10921 0.956637 
-0.206742 -0.103458 0.97291 -0.152555 -0.101363 0.983083 -0.104862 -0.104862 0.988943 
-0.0547443 -0.10982 0.992443 4.06702e-17 -0.111969 0.993712 0.0547443 -0.10982 0.992443 
0.104862 -0.104862 0.988943 0.152555 -0.101363 0.983083 0.206742 -0.103458 0.97291 
0.270035 -0.10921 0.956637 -0.266206 -0.0538254 0.962412 -0.204299 -0.050894 0.977585 
-0.154891 -0.0512401 0.986602 -0.10982 -0.0547443 0.992443 -0.0583492 -0.0583492 0.99659 
4.00165e-17 -0.0597656 0.998212 0.0583492 -0.0583492 0.99659 0.10982 -0.0547443 0.992443 
0.154891 -0.0512401 0.986602 0.204299 -0.050894 0.977585 0.266206 -0.0538254 0.962412 
-0.328799 -4.5645e-19 0.9444 -0.264809 -2.4705e-16 0.964301 -0.203863 -1.04489e-16 0.979 
-0.156311 0 0.987708 -0.111969 -1.60422e-16 0.993712 -0.0597656 6.39456e-17 0.998212 
0 3.0757e-16 1 0.0597656 0 0.998212 0.111969 -1.60422e-16 0.993712 
0.156311 0 0.987708 0.203863 -2.02558e-16 0.979 0.264809 -3.55319e-16 0.964301 
0.328799 0 0.9444 -0.266206 0.0538254 0.962412 -0.204299 0.050894 0.977585 
-0.154891 0.0512401 0.986602 -0.10982 0.0547443 0.992443 -0.0583492 0.0583492 0.99659 
-2.39291e-17 0.0597656 0.998212 0.0583492 0.0583492 0.99659 0.10982 0.0547443 0.992443 
0.154891 0.0512401 0.986602 0.204299 0.050894 0.977585 0.266206 0.0538254 0.962412 
-0.270035 0.10921 0.956637 -0.206742 0.103458 0.97291 -0.152555 0.101363 0.983083 
-0.104862 0.104862 0.988943 -0.0547443 0.10982 0.992443 -4.06702e-17 0.111969 0.993712 
0.0547443 0.10982 0.992443 0.104862 0.104862 0.988943 0.152555 0.101363 0.983083 
0.206742 0.103458 0.97291 0.270035 0.10921 0.956637 -0.274344 0.16596 0.947203 
-0.212592 0.159899 0.963969 -0.153626 0.153626 0.976114 -0.101363 0.152555 0.983083 
-0.0512401 0.154891 0.986602 0 0.156311 0.987708 0.0512401 0.154891 0.986602 
0.101363 0.152555 0.983083 0.153626 0.153626 0.976114 0.212592 0.159899 0.963969 
0.274344 0.16596 0.947203 -0.219361 0.219361 0.950664 -0.159899 0.212592 0.963969 
-0.103458 0.206742 0.97291 -0.050894 0.204299 0.977585 1.43894e-16 0.203863 0.979 
0.050894 0.204299 0.977585 0.103458 0.206742 0.97291 0.159899 0.212592 0.963969 
0.219361 0.219361 0.950664 -0.16596 0.274344 0.947203 -0.10921 0.270035 0.956637 
-0.0538254 0.266206 0.962412 1.69294e-16 0.264809 0.964301 0.0538254 0.266206 0.962412 
0.10921 0.270035 0.956637 0.16596 0.274344 0.947203 -9.39562e-17 0.328799 0.9444 

