0,1,2
0,3,4
1,0,4
3,5,6
4,3,6
6,5,7
8,9,10
8,11,12
9,8,12
2,12,11
2,11,0
0,11,13
3,0,14
14,0,13
5,3,15
15,3,14
16,7,5
16,5,17
17,5,15
17,18,19
16,17,19
19,18,20
21,22,23
10,22,21
10,21,8
8,21,24
11,8,25
25,8,24
13,11,26
26,11,25
14,13,27
27,13,26
15,14,28
28,14,27
17,15,29
29,15,28
18,17,30
30,17,29
31,20,18
31,18,32
32,18,30
31,32,33
34,21,23
35,34,23
24,21,36
36,21,34
25,24,37
37,24,36
26,25,38
38,25,37
27,26,39
39,26,38
28,27,40
40,27,39
29,28,41
41,28,40
30,29,42
42,29,41
32,30,43
43,30,42
44,33,32
43,44,32
45,46,47
35,46,45
35,45,34
34,45,48
36,34,49
49,34,48
37,36,50
50,36,49
38,37,51
51,37,50
39,38,52
52,38,51
40,39,53
53,39,52
41,40,54
54,40,53
42,41,55
55,41,54
43,42,56
56,42,55
57,44,43
57,43,58
58,43,56
57,58,59
60,45,47
61,60,47
48,45,62
62,45,60
49,48,63
63,48,62
50,49,64
64,49,63
51,50,65
65,50,64
52,51,66
66,51,65
53,52,67
67,52,66
54,53,68
68,53,67
55,54,69
69,54,68
56,55,70
70,55,69
58,56,71
71,56,70
72,59,58
71,72,58
73,60,61
74,73,61
62,60,75
75,60,73
63,62,76
76,62,75
64,63,77
77,63,76
65,64,78
78,64,77
66,65,79
79,65,78
67,66,80
80,66,79
68,67,81
81,67,80
69,68,82
82,68,81
70,69,83
83,69,82
71,70,84
84,70,83
85,72,71
84,85,71
73,74,86
86,87,88
86,88,73
73,88,75
76,75,89
89,75,88
77,76,90
90,76,89
78,77,91
91,77,90
79,78,92
92,78,91
80,79,93
93,79,92
81,80,94
94,80,93
82,81,95
95,81,94
83,82,96
96,82,95
97,98,84
97,84,96
96,84,83
85,84,98
99,88,87
100,99,87
89,88,101
101,88,99
90,89,102
102,89,101
91,90,103
103,90,102
92,91,104
104,91,103
93,92,105
105,92,104
94,93,106
106,93,105
95,94,107
107,94,106
96,95,108
108,95,107
109,97,96
108,109,96
99,100,110
110,111,112
110,112,99
99,112,101
102,101,113
113,101,112
103,102,114
114,102,113
104,103,115
115,103,114
105,104,116
116,104,115
106,105,117
117,105,116
107,106,118
118,106,117
119,120,108
119,108,118
118,108,107
109,108,120
112,111,121
113,112,121
122,113,121
122,123,124
122,124,113
113,124,114
115,114,125
125,114,124
116,115,126
126,115,125
127,128,117
127,117,126
126,117,116
118,117,128
129,118,128
119,118,129
124,123,130
125,124,130
131,125,130
126,125,131
132,126,131
127,126,132
133,134,135
133,136,137
134,133,137
136,138,139
137,136,139
138,140,141
139,138,141
140,142,143
141,140,143
143,142,144
145,146,147
145,148,149
146,145,149
135,149,148
135,148,133
133,148,150
136,133,151
151,133,150
138,136,152
152,136,151
140,138,153
153,138,152
142,140,154
154,140,153
155,144,142
155,142,156
156,142,154
156,157,158
155,156,158
158,157,159
160,161,162
147,161,160
147,160,145
145,160,163
148,145,164
164,145,163
150,148,165
165,148,164
1,165,2
1,151,165
151,150,165
4,151,1
152,151,4
6,152,4
153,152,6
7,153,6
7,166,153
166,154,153
156,154,167
167,154,166
157,156,168
168,156,167
169,159,157
169,157,170
170,157,168
169,170,171
172,173,174
162,173,172
162,172,160
160,172,175
163,160,176
176,160,175
9,176,10
9,164,176
164,163,176
12,164,9
165,164,12
2,165,12
7,16,166
19,166,16
167,166,19
20,167,19
20,177,167
177,168,167
170,168,178
178,168,177
179,171,170
179,170,180
180,170,178
179,180,181
182,172,174
183,182,174
175,172,184
184,172,182
22,184,23
22,176,184
176,175,184
10,176,22
20,31,177
33,177,31
33,185,177
185,178,177
180,178,186
186,178,185
187,181,180
186,187,180
188,189,190
183,189,188
183,188,182
182,188,191
184,182,192
192,182,191
23,192,35
184,192,23
185,44,193
33,44,185
186,185,194
194,185,193
195,187,186
195,186,196
196,186,194
195,196,197
198,188,190
199,198,190
191,188,200
200,188,198
46,200,47
46,192,200
192,191,200
35,192,46
44,57,193
59,193,57
59,201,193
201,194,193
196,194,202
202,194,201
203,197,196
202,203,196
204,198,199
205,204,199
200,198,206
206,198,204
47,206,61
200,206,47
201,72,207
59,72,201
202,201,208
208,201,207
209,203,202
208,209,202
210,204,205
211,210,205
206,204,212
212,204,210
61,212,74
206,212,61
207,85,213
72,85,207
208,207,214
214,207,213
215,209,208
214,215,208
216,210,211
217,216,211
212,210,218
218,210,216
74,219,86
74,212,219
212,218,219
86,219,87
98,97,220
98,213,85
98,220,213
220,221,213
214,213,222
222,213,221
223,215,214
222,223,214
216,217,224
224,225,226
224,226,216
216,226,218
219,218,227
227,218,226
87,227,100
219,227,87
220,109,228
97,109,220
221,220,229
229,220,228
230,231,222
230,222,229
229,222,221
223,222,231
232,226,225
233,232,225
227,226,234
234,226,232
100,235,110
100,227,235
227,234,235
110,235,111
120,119,236
120,228,109
120,236,228
236,237,228
229,228,238
238,228,237
239,230,229
238,239,229
232,233,240
240,241,242
240,242,232
232,242,234
235,234,243
243,234,242
111,244,121
111,235,244
235,243,244
121,245,122
244,245,121
122,245,123
128,127,246
128,247,129
246,247,128
129,236,119
129,247,236
247,248,236
237,236,249
249,236,248
250,251,238
250,238,249
249,238,237
239,238,251
242,241,252
252,253,254
252,254,242
242,254,243
244,243,255
255,243,254
245,244,256
256,244,255
123,257,130
123,245,257
245,256,257
130,258,131
257,258,130
131,259,132
258,259,131
132,246,127
132,259,246
259,260,246
247,246,261
261,246,260
248,247,262
262,247,261
263,264,249
263,249,262
262,249,248
250,249,264
254,253,265
255,254,265
266,255,265
266,267,268
266,268,255
255,268,256
257,256,269
269,256,268
258,257,270
270,257,269
259,258,271
271,258,270
260,259,272
272,259,271
273,274,261
273,261,272
272,261,260
262,261,274
275,262,274
263,262,275
268,267,276
269,268,276
277,269,276
270,269,277
278,270,277
271,270,278
279,271,278
272,271,279
280,272,279
273,272,280
281,282,283
281,284,285
282,281,285
284,286,287
285,284,287
286,288,289
287,286,289
288,290,291
289,288,291
290,292,293
291,290,293
292,294,295
293,292,295
295,294,296
297,298,299
297,300,301
298,297,301
283,301,300
283,300,281
281,300,302
134,302,135
134,284,302
284,281,302
137,284,134
286,284,137
139,286,137
288,286,139
141,288,139
290,288,141
143,290,141
292,290,143
144,292,143
144,303,292
303,294,292
304,296,294
304,294,305
305,294,303
305,306,307
304,305,307
307,306,308
309,310,311
299,310,309
299,309,297
297,309,312
146,312,147
146,300,312
300,297,312
149,300,146
302,300,149
135,302,149
144,155,303
158,303,155
305,303,158
159,305,158
159,313,305
313,306,305
314,308,306
314,306,315
315,306,313
314,315,316
317,318,319
311,318,317
311,317,309
309,317,320
161,320,162
161,312,320
312,309,320
147,312,161
159,169,313
171,313,169
171,321,313
321,315,313
322,316,315
322,315,323
323,315,321
322,323,324
325,317,319
326,325,319
173,325,174
173,320,325
320,317,325
162,320,173
171,179,321
181,321,179
181,327,321
327,323,321
328,324,323
327,328,323
329,330,331
326,330,329
326,329,325
325,329,332
174,332,183
325,332,174
327,187,333
181,187,327
334,328,327
334,327,335
335,327,333
334,335,336
337,329,331
338,337,331
189,337,190
189,332,337
332,329,337
183,332,189
187,195,333
197,333,195
197,339,333
339,335,333
340,336,335
339,340,335
341,337,338
342,341,338
190,341,199
337,341,190
339,203,343
197,203,339
344,340,339
343,344,339
345,341,342
346,345,342
199,345,205
341,345,199
343,209,347
203,209,343
348,344,343
347,348,343
349,345,346
350,349,346
205,349,211
345,349,205
347,215,351
209,215,347
352,348,347
351,352,347
353,349,350
354,353,350
211,353,217
349,353,211
351,223,355
215,223,351
356,352,351
355,356,351
357,353,354
358,357,354
217,359,224
217,353,359
353,357,359
224,359,225
231,230,360
231,355,223
231,360,355
360,361,355
362,356,355
361,362,355
357,358,363
363,364,365
363,365,357
357,365,359
225,365,233
359,365,225
360,239,366
230,239,360
367,368,361
367,361,366
366,361,360
362,361,368
369,365,364
370,369,364
233,371,240
233,365,371
365,369,371
240,371,241
251,250,372
251,366,239
251,372,366
372,373,366
374,367,366
373,374,366
369,370,375
375,376,377
375,377,369
369,377,371
241,378,252
241,371,378
371,377,378
252,378,253
264,263,379
264,372,250
264,379,372
379,380,372
381,382,373
381,373,380
380,373,372
374,373,382
377,376,383
383,384,385
383,385,377
377,385,378
253,386,265
253,378,386
378,385,386
265,387,266
386,387,265
266,387,267
274,273,388
274,389,275
388,389,274
275,379,263
275,389,379
389,390,379
391,392,380
391,380,390
390,380,379
381,380,392
385,384,393
386,385,393
394,386,393
394,395,396
394,396,386
386,396,387
267,397,276
267,387,397
387,396,397
276,398,277
397,398,276
277,399,278
398,399,277
278,400,279
399,400,278
279,401,280
400,401,279
280,388,273
280,401,388
401,402,388
403,404,389
403,389,402
402,389,388
390,389,404
405,390,404
391,390,405
396,395,406
397,396,406
407,397,406
398,397,407
408,398,407
399,398,408
409,399,408
400,399,409
410,400,409
401,400,410
411,401,410
402,401,411
412,402,411
403,402,412
413,414,415
413,416,417
414,413,417
416,418,419
417,416,419
419,418,420
421,422,423
421,424,425
422,421,425
424,426,427
425,424,427
415,427,426
415,426,413
413,426,428
416,413,429
429,413,428
418,416,430
430,416,429
431,420,418
431,418,432
432,418,430
432,433,434
431,432,434
433,435,436
434,433,436
436,435,437
438,439,440
438,441,442
439,438,442
423,442,441
423,441,421
421,441,443
282,443,283
282,424,443
424,421,443
285,424,282
426,424,285
287,426,285
428,426,287
289,428,287
429,428,289
291,429,289
430,429,291
293,430,291
432,430,293
295,432,293
433,432,295
296,433,295
296,444,433
444,435,433
445,437,435
445,435,446
446,435,444
446,447,448
445,446,448
448,447,449
450,451,452
440,451,450
440,450,438
438,450,453
298,453,299
298,441,453
441,438,453
301,441,298
443,441,301
283,443,301
296,304,444
307,444,304
446,444,307
308,446,307
308,454,446
454,447,446
455,449,447
455,447,456
456,447,454
455,456,457
458,459,460
452,459,458
452,458,450
450,458,461
310,461,311
310,453,461
453,450,461
299,453,310
308,314,454
316,454,314
316,462,454
462,456,454
463,457,456
463,456,464
464,456,462
463,464,465
466,458,460
467,466,460
318,466,319
318,461,466
461,458,466
311,461,318
316,322,462
324,462,322
324,468,462
468,464,462
469,465,464
468,469,464
470,471,472
467,471,470
467,470,466
466,470,473
319,473,326
466,473,319
468,328,474
324,328,468
475,469,468
475,468,476
476,468,474
475,476,477
478,470,472
479,478,472
330,478,331
330,473,478
473,470,478
326,473,330
328,334,474
336,474,334
336,480,474
480,476,474
481,477,476
480,481,476
482,478,479
483,482,479
331,482,338
478,482,331
480,340,484
336,340,480
485,481,480
484,485,480
486,487,488
483,487,486
483,486,482
482,486,489
338,489,342
482,489,338
484,344,490
340,344,484
491,485,484
491,484,492
492,484,490
491,492,493
494,486,488
495,494,488
489,486,496
496,486,494
342,496,346
489,496,342
490,348,497
344,348,490
492,490,498
498,490,497
499,493,492
498,499,492
500,494,495
501,500,495
496,494,502
502,494,500
346,502,350
496,502,346
497,352,503
348,352,497
498,497,504
504,497,503
505,499,498
504,505,498
500,501,506
506,507,508
506,508,500
500,508,502
350,508,354
502,508,350
503,356,509
352,356,503
510,511,504
510,504,509
509,504,503
505,504,511
512,508,507
513,512,507
354,512,358
508,512,354
509,362,514
356,362,509
515,510,509
514,515,509
516,512,513
517,516,513
358,518,363
358,512,518
512,516,518
363,518,364
368,367,519
368,514,362
368,519,514
519,520,514
521,515,514
520,521,514
516,517,522
522,523,524
522,524,516
516,524,518
364,524,370
518,524,364
519,374,525
367,374,519
526,527,520
526,520,525
525,520,519
521,520,527
528,524,523
529,528,523
370,530,375
370,524,530
524,528,530
375,530,376
382,381,531
382,525,374
382,531,525
531,532,525
533,526,525
532,533,525
528,529,534
534,535,536
534,536,528
528,536,530
376,537,383
376,530,537
530,536,537
383,537,384
392,391,538
392,531,381
392,538,531
538,539,531
540,541,532
540,532,539
539,532,531
533,532,541
536,535,542
542,543,544
542,544,536
536,544,537
384,545,393
384,537,545
537,544,545
393,546,394
545,546,393
394,546,395
404,403,547
404,548,405
547,548,404
405,538,391
405,548,538
548,549,538
550,551,539
550,539,549
549,539,538
540,539,551
544,543,552
545,544,552
553,545,552
553,554,555
553,555,545
545,555,546
395,556,406
395,546,556
546,555,556
406,557,407
556,557,406
407,558,408
557,558,407
408,559,409
558,559,408
409,560,410
559,560,409
410,561,411
560,561,410
411,562,412
561,562,411
412,547,403
412,562,547
562,563,547
564,565,548
564,548,563
563,548,547
549,548,565
566,549,565
550,549,566
555,554,567
556,555,567
568,556,567
557,556,568
569,557,568
569,570,571
569,571,557
557,571,558
559,558,572
572,558,571
560,559,573
573,559,572
574,575,561
574,561,573
573,561,560
562,561,575
576,562,575
563,562,576
577,563,576
564,563,577
571,570,578
572,571,578
579,572,578
573,572,579
580,573,579
574,573,580
581,582,583
581,584,585
582,581,585
584,586,587
585,584,587
587,586,588
589,590,591
589,592,593
590,589,593
592,594,595
593,592,595
583,595,594
581,583,594
581,594,415
581,415,414
417,581,414
584,581,417
419,584,417
586,584,419
420,596,597
419,420,597
419,597,588
419,588,586
596,598,599
597,596,599
598,600,601
599,598,601
601,600,602
603,604,605
603,606,607
604,603,607
591,607,606
589,591,606
589,606,423
589,423,422
425,589,422
592,589,425
427,592,425
594,592,427
415,594,427
420,431,596
434,596,431
598,596,434
436,598,434
600,598,436
437,608,609
436,437,609
436,609,602
436,602,600
608,610,611
609,608,611
611,610,612
613,614,615
605,614,613
603,605,613
603,613,440
603,440,439
442,603,439
606,603,442
423,606,442
437,445,608
448,608,445
610,608,448
449,616,617
448,449,617
448,617,612
448,612,610
617,616,618
619,620,621
615,620,619
613,615,619
613,619,452
613,452,451
440,613,451
449,455,616
457,622,623
455,457,623
455,623,618
455,618,616
623,622,624
625,626,627
621,626,625
619,621,625
619,625,460
619,460,459
452,619,459
457,463,622
465,628,629
463,465,629
463,629,624
463,624,622
629,628,630
631,625,627
632,631,627
460,631,467
625,631,460
628,469,633
465,469,628
634,630,628
633,634,628
635,636,637
632,636,635
631,632,635
631,635,472
631,472,471
467,631,471
469,475,633
477,638,639
475,477,639
475,639,634
475,634,633
639,638,640
641,635,637
642,641,637
472,641,479
635,641,472
638,481,643
477,481,638
644,640,638
643,644,638
645,641,642
646,645,642
479,645,483
641,645,479
643,485,647
481,485,643
648,644,643
647,648,643
649,650,651
646,650,649
645,646,649
645,649,488
645,488,487
483,645,487
485,491,647
493,652,653
491,493,653
491,653,648
491,648,647
653,652,654
655,649,651
656,655,651
488,655,495
649,655,488
652,499,657
493,499,652
658,654,652
657,658,652
659,655,656
660,659,656
495,659,501
655,659,495
657,505,661
499,505,657
662,658,657
661,662,657
659,660,663
664,663,665
506,663,664
506,659,663
506,501,659
506,664,507
511,510,666
511,666,667
505,511,667
505,667,668
505,668,661
662,661,668
669,664,665
670,669,665
507,669,513
664,669,507
666,515,671
510,515,666
672,667,666
671,672,666
673,669,670
674,673,670
513,673,517
669,673,513
671,521,675
515,521,671
676,672,671
675,676,671
673,674,677
678,677,679
522,677,678
522,673,677
522,517,673
522,678,523
527,526,680
527,680,681
521,527,681
521,681,682
521,682,675
676,675,682
683,678,679
684,683,679
523,683,529
678,683,523
680,533,685
526,533,680
686,681,680
685,686,680
683,684,687
688,687,689
534,687,688
534,683,687
534,529,683
534,688,535
541,540,690
541,690,691
533,541,691
533,691,692
533,692,685
686,685,692
688,689,693
694,693,695
542,693,694
542,688,693
542,535,688
542,694,543
551,550,696
551,696,697
540,551,697
540,697,698
540,698,690
691,690,698
694,695,699
700,699,701
552,699,700
552,694,699
552,543,694
552,702,553
700,702,552
553,702,554
565,564,703
565,704,566
703,704,565
566,704,705
550,566,705
550,705,706
550,706,696
697,696,706
700,701,707
702,700,707
708,702,707
709,708,710
567,708,709
567,702,708
567,554,702
567,711,568
709,711,567
568,712,569
711,712,568
569,712,570
575,574,713
575,714,576
713,714,575
576,715,577
714,715,576
577,715,716
564,577,716
564,716,717
564,717,703
704,703,717
718,704,717
705,704,718
709,710,719
711,709,719
720,711,719
712,711,720
721,712,720
722,721,723
578,721,722
578,712,721
578,570,712
578,724,579
722,724,578
579,725,580
724,725,579
580,725,726
574,580,726
574,726,727
574,727,713
714,713,727
728,714,727
715,714,728
729,715,728
716,715,729
722,723,730
724,722,730
731,724,730
725,724,731
732,725,731
726,725,732
733,734,735
733,736,737
734,733,737
736,738,739
737,736,739
738,583,582
738,582,739
739,582,740
585,741,582
582,741,740
587,742,585
585,742,741
588,743,744
588,744,587
587,744,742
743,745,746
744,743,746
745,747,748
746,745,748
748,747,749
750,751,752
750,753,754
751,750,754
735,754,753
733,735,753
733,753,591
733,591,590
593,733,590
736,733,593
595,736,593
738,736,595
583,738,595
588,597,743
599,743,597
745,743,599
601,745,599
747,745,601
602,755,756
601,602,756
601,756,749
601,749,747
755,757,758
756,755,758
758,757,759
760,761,762
752,761,760
750,752,760
750,760,605
750,605,604
607,750,604
753,750,607
591,753,607
602,609,755
611,755,609
757,755,611
612,763,764
611,612,764
611,764,759
611,759,757
764,763,765
766,767,768
762,767,766
760,762,766
760,766,615
760,615,614
605,760,614
612,617,763
618,769,770
617,618,770
617,770,765
617,765,763
770,769,771
772,773,774
768,773,772
766,768,772
766,772,621
766,621,620
615,766,620
618,623,769
624,775,776
623,624,776
623,776,771
623,771,769
776,775,777
778,779,780
774,779,778
772,774,778
772,778,627
772,627,626
621,772,626
624,629,775
630,781,782
629,630,782
629,782,777
629,777,775
782,781,783
784,778,780
785,784,780
627,784,632
778,784,627
781,634,786
630,634,781
787,783,781
786,787,781
788,789,790
785,789,788
784,785,788
784,788,637
784,637,636
632,784,636
634,639,786
640,791,792
639,640,792
639,792,787
639,787,786
792,791,793
794,788,790
795,794,790
637,794,642
788,794,637
791,644,796
640,644,791
797,793,791
796,797,791
798,794,795
799,798,795
642,798,646
794,798,642
796,648,800
644,648,796
801,797,796
800,801,796
650,798,799
650,799,651
651,799,802
646,798,650
648,653,800
800,653,654
800,654,801
801,654,803
651,802,656
802,804,656
654,658,803
803,658,805
656,804,660
804,806,660
658,662,805
805,662,807
808,663,660
808,660,809
809,660,806
663,808,665
668,667,810
668,810,811
668,811,662
662,811,807
812,808,809
813,812,809
665,812,670
808,812,665
810,672,814
667,672,810
815,811,810
814,815,810
816,812,813
817,816,813
670,816,674
812,816,670
814,676,818
672,676,814
819,815,814
818,819,814
816,817,820
821,820,822
677,820,821
677,816,820
677,674,816
677,821,679
682,681,823
682,823,824
676,682,824
676,824,825
676,825,818
819,818,825
826,821,822
827,826,822
679,826,684
821,826,679
823,686,828
681,686,823
829,824,823
828,829,823
826,827,830
831,830,832
687,830,831
687,826,830
687,684,826
687,831,689
692,691,833
692,833,834
686,692,834
686,834,835
686,835,828
829,828,835
831,832,836
837,836,838
693,836,837
693,831,836
693,689,831
693,837,695
698,697,839
698,839,840
691,698,840
691,840,841
691,841,833
834,833,841
837,838,842
843,842,844
699,842,843
699,837,842
699,695,837
699,843,701
706,705,845
706,845,846
697,706,846
697,846,847
697,847,839
840,839,847
843,844,848
849,848,850
707,848,849
707,843,848
707,701,843
707,851,708
849,851,707
708,851,710
717,716,852
717,853,718
852,853,717
718,853,854
705,718,854
705,854,855
705,855,845
846,845,855
849,850,856
851,849,856
857,851,856
858,857,859
719,857,858
719,851,857
719,710,851
719,860,720
858,860,719
720,861,721
860,861,720
721,861,723
727,726,862
727,863,728
862,863,727
728,864,729
863,864,728
729,864,865
716,729,865
716,865,866
716,866,852
853,852,866
867,853,866
854,853,867
858,859,868
860,858,868
869,860,868
861,860,869
870,861,869
723,861,870
723,870,730
730,870,871
731,730,872
730,871,872
732,731,873
731,872,873
862,726,732
862,732,874
874,732,873
863,862,874
875,863,874
864,863,875
876,864,875
865,864,876
877,878,879
877,880,881
878,877,881
880,882,883
881,880,883
882,884,885
883,882,885
884,886,887
885,884,887
886,888,889
887,886,889
888,890,891
889,888,891
891,890,892
893,894,895
893,896,897
894,893,897
896,735,734
896,734,897
897,734,898
879,737,877
879,898,737
898,734,737
739,877,737
880,877,739
740,880,739
882,880,740
741,882,740
884,882,741
742,884,741
886,884,742
744,886,742
888,886,744
746,888,744
890,888,746
890,899,892
890,746,899
746,748,899
749,900,901
749,901,748
748,901,899
900,902,903
901,900,903
903,902,904
905,906,907
895,906,905
893,895,905
893,905,752
893,752,751
754,893,751
896,893,754
735,896,754
749,756,900
758,900,756
902,900,758
759,908,909
758,759,909
758,909,904
758,904,902
909,908,910
911,912,913
907,912,911
905,907,911
905,911,762
905,762,761
752,905,761
759,764,908
765,914,915
764,765,915
764,915,910
764,910,908
915,914,916
917,918,919
913,918,917
911,913,917
911,917,768
911,768,767
762,911,767
765,770,914
771,920,921
770,771,921
770,921,916
770,916,914
921,920,922
923,924,925
919,924,923
917,919,923
917,923,774
917,774,773
768,917,773
771,776,920
777,926,927
776,777,927
776,927,922
776,922,920
927,926,928
929,930,931
925,930,929
923,925,929
923,929,780
923,780,779
774,923,779
777,782,926
783,932,933
782,783,933
782,933,928
782,928,926
933,932,934
935,929,931
936,935,931
780,935,785
929,935,780
932,787,937
783,787,932
938,934,932
937,938,932
789,935,936
789,936,790
790,936,939
785,935,789
787,792,937
937,792,793
937,793,938
938,793,940
941,942,943
941,939,942
941,795,939
795,790,939
944,797,945
944,940,797
940,793,797
944,945,946
947,941,943
948,947,943
795,947,799
941,947,795
945,801,949
797,801,945
950,946,945
949,950,945
951,947,948
952,951,948
799,951,802
947,951,799
949,803,953
801,803,949
954,950,949
953,954,949
955,951,952
956,955,952
802,955,804
951,955,802
953,805,957
803,805,953
958,954,953
957,958,953
959,955,956
960,959,956
804,959,806
955,959,804
957,807,961
805,807,957
962,958,957
961,962,957
963,959,960
964,963,960
806,963,809
959,963,806
961,811,965
807,811,961
966,962,961
965,966,961
967,963,964
968,967,964
809,967,813
963,967,809
965,815,969
811,815,965
970,966,965
969,970,965
967,968,971
971,813,967
971,972,813
972,817,813
969,973,974
969,815,973
815,819,973
970,969,974
975,820,817
975,817,976
976,817,972
820,975,822
825,824,977
825,977,978
825,978,819
819,978,973
979,975,976
980,979,976
822,979,827
975,979,822
977,829,981
824,829,977
982,978,977
981,982,977
979,980,983
984,983,985
830,983,984
830,979,983
830,827,979
830,984,832
835,834,986
835,986,987
829,835,987
829,987,988
829,988,981
982,981,988
984,985,989
990,989,991
836,989,990
836,984,989
836,832,984
836,990,838
841,840,992
841,992,993
834,841,993
834,993,994
834,994,986
987,986,994
990,991,995
996,995,997
842,995,996
842,990,995
842,838,990
842,996,844
847,846,998
847,998,999
840,847,999
840,999,1000
840,1000,992
993,992,1000
996,997,1001
1002,1001,1003
848,1001,1002
848,996,1001
848,844,996
848,1002,850
855,854,1004
855,1004,1005
846,855,1005
846,1005,1006
846,1006,998
999,998,1006
1002,1003,1007
1008,1007,1009
856,1007,1008
856,1002,1007
856,850,1002
856,1010,857
1008,1010,856
857,1010,859
866,865,1011
866,1012,867
1011,1012,866
867,1012,1013
854,867,1013
854,1013,1014
854,1014,1004
1005,1004,1014
1008,1009,1015
1010,1008,1015
1016,1010,1015
859,1010,1016
859,1016,868
868,1016,1017
1018,1017,1019
1018,869,1017
869,868,1017
869,1020,870
1018,1020,869
870,1021,871
1020,1021,870
871,1022,872
1021,1022,871
872,1023,873
1022,1023,872
873,1024,874
1023,1024,873
874,1025,875
1024,1025,874
1026,875,1025
1026,1027,875
1027,876,875
1011,865,876
1011,876,1028
1028,876,1027
1012,1011,1028
1029,1012,1028
1013,1012,1029
1018,1019,1030
1020,1018,1030
1031,1020,1030
1021,1020,1031
1032,1021,1031
1022,1021,1032
1033,1022,1032
1023,1022,1033
1034,1023,1033
1024,1023,1034
1035,1024,1034
1025,1024,1035
1036,1025,1035
1026,1025,1036
1037,1038,1039
1037,1040,1041
1038,1037,1041
1040,1042,1043
1041,1040,1043
1042,1044,1045
1043,1042,1045
1044,1046,1047
1045,1044,1047
1047,1046,1048
1049,1050,1051
1049,1052,1053
1050,1049,1053
1052,879,878
1052,878,1053
1053,878,1054
1039,881,1037
1039,1054,881
1054,878,881
883,1037,881
1040,1037,883
885,1040,883
1042,1040,885
887,1042,885
1044,1042,887
889,1044,887
1046,1044,889
1046,1055,1048
1046,889,1055
889,891,1055
892,1056,1057
892,1057,891
891,1057,1055
1056,1058,1059
1057,1056,1059
1059,1058,1060
1061,1062,1063
1061,895,894
1061,894,1062
1062,894,1064
1051,897,1049
1051,1064,897
1064,894,897
898,1049,897
1052,1049,898
879,1052,898
892,899,1056
901,1056,899
1058,1056,901
1058,1065,1060
1058,901,1065
901,903,1065
904,1066,1067
904,1067,903
903,1067,1065
1067,1066,1068
1069,1070,1071
1063,1070,1069
1061,1063,1069
1061,1069,907
1061,907,906
895,1061,906
904,909,1066
910,1072,1073
909,910,1073
909,1073,1068
909,1068,1066
1073,1072,1074
1075,1076,1077
1071,1076,1075
1069,1071,1075
1069,1075,913
1069,913,912
907,1069,912
910,915,1072
916,1078,1079
915,916,1079
915,1079,1074
915,1074,1072
1079,1078,1080
1081,1082,1083
1077,1082,1081
1075,1077,1081
1075,1081,919
1075,919,918
913,1075,918
916,921,1078
922,1084,1085
921,922,1085
921,1085,1080
921,1080,1078
1085,1084,1086
1087,1088,1089
1083,1088,1087
1081,1083,1087
1081,1087,925
1081,925,924
919,1081,924
922,927,1084
928,1090,1091
927,928,1091
927,1091,1086
927,1086,1084
1091,1090,1092
930,1087,1089
930,1089,931
931,1089,1093
925,1087,930
928,933,1090
1090,933,934
1090,934,1092
1092,934,1094
1095,1096,1097
1095,1093,1096
1095,936,1093
936,931,1093
1098,938,1099
1098,1094,938
1094,934,938
1098,1099,1100
1101,1095,1097
1102,1101,1097
936,1101,939
1095,1101,936
1099,940,1103
938,940,1099
1104,1100,1099
1103,1104,1099
942,1101,1102
942,1102,943
943,1102,1105
939,1101,942
940,944,1103
1103,944,946
1103,946,1104
1104,946,1106
1107,1108,1109
1107,1105,1108
1107,948,1105
948,943,1105
1110,950,1111
1110,1106,950
1106,946,950
1110,1111,1112
1113,1107,1109
1114,1113,1109
948,1113,952
1107,1113,948
1111,954,1115
950,954,1111
1116,1112,1111
1115,1116,1111
1117,1113,1114
1118,1117,1114
952,1117,956
1113,1117,952
1115,958,1119
954,958,1115
1120,1116,1115
1119,1120,1115
1121,1117,1118
1122,1121,1118
956,1121,960
1117,1121,956
1119,962,1123
958,962,1119
1124,1120,1119
1123,1124,1119
1125,1121,1122
1126,1125,1122
960,1125,964
1121,1125,960
1123,966,1127
962,966,1123
1128,1124,1123
1127,1128,1123
1125,1126,1129
1129,964,1125
1129,1130,964
1130,968,964
1127,1131,1132
1127,966,1131
966,970,1131
1128,1127,1132
1133,971,968
1133,968,1134
1134,968,1130
971,1133,972
974,973,1135
974,1135,1136
974,1136,970
970,1136,1131
1137,1133,1134
1138,1137,1134
972,1137,976
1133,1137,972
1135,978,1139
973,978,1135
1140,1136,1135
1139,1140,1135
1137,1138,1141
1141,976,1137
1141,1142,976
1142,980,976
1139,1143,1144
1139,978,1143
978,982,1143
1140,1139,1144
1145,983,980
1145,980,1146
1146,980,1142
983,1145,985
988,987,1147
988,1147,1148
988,1148,982
982,1148,1143
1145,1146,1149
1150,1149,1151
989,1149,1150
989,1145,1149
989,985,1145
989,1150,991
994,993,1152
994,1152,1153
987,994,1153
987,1153,1154
987,1154,1147
1148,1147,1154
1150,1151,1155
1156,1155,1157
995,1155,1156
995,1150,1155
995,991,1150
995,1156,997
1000,999,1158
1000,1158,1159
993,1000,1159
993,1159,1160
993,1160,1152
1153,1152,1160
1156,1157,1161
1162,1161,1163
1001,1161,1162
1001,1156,1161
1001,997,1156
1001,1162,1003
1006,1005,1164
1006,1164,1165
999,1006,1165
999,1165,1166
999,1166,1158
1159,1158,1166
1162,1163,1167
1168,1167,1169
1007,1167,1168
1007,1162,1167
1007,1003,1162
1007,1168,1009
1014,1013,1170
1014,1170,1171
1005,1014,1171
1005,1171,1172
1005,1172,1164
1165,1164,1172
1168,1169,1173
1009,1168,1173
1009,1173,1015
1015,1173,1174
1175,1174,1176
1175,1016,1174
1016,1015,1174
1016,1177,1017
1175,1177,1016
1017,1177,1019
1027,1026,1178
1027,1179,1028
1178,1179,1027
1180,1028,1179
1180,1181,1028
1181,1029,1028
1170,1013,1029
1170,1029,1182
1182,1029,1181
1171,1170,1182
1175,1176,1183
1177,1175,1183
1184,1177,1183
1019,1177,1184
1019,1184,1030
1030,1184,1185
1186,1185,1187
1186,1031,1185
1031,1030,1185
1031,1188,1032
1186,1188,1031
1032,1189,1033
1188,1189,1032
1033,1190,1034
1189,1190,1033
1034,1191,1035
1190,1191,1034
1192,1035,1191
1192,1193,1035
1193,1036,1035
1178,1026,1036
1178,1036,1194
1194,1036,1193
1179,1178,1194
1195,1179,1194
1180,1179,1195
1186,1187,1196
1188,1186,1196
1197,1188,1196
1189,1188,1197
1198,1189,1197
1190,1189,1198
1199,1190,1198
1191,1190,1199
1200,1191,1199
1192,1191,1200
1201,1202,1203
1201,1204,1205
1202,1201,1205
1204,1039,1038
1204,1038,1205
1205,1038,1206
1041,1207,1038
1038,1207,1206
1043,1208,1041
1041,1208,1207
1045,1209,1043
1043,1209,1208
1047,1210,1045
1045,1210,1209
1048,1211,1212
1048,1212,1047
1047,1212,1210
1211,1213,1214
1212,1211,1214
1214,1213,1215
1216,1217,1218
1216,1051,1050
1216,1050,1217
1217,1050,1219
1203,1053,1201
1203,1219,1053
1219,1050,1053
1054,1201,1053
1204,1201,1054
1039,1204,1054
1048,1055,1211
1057,1211,1055
1213,1211,1057
1213,1220,1215
1213,1057,1220
1057,1059,1220
1060,1221,1222
1060,1222,1059
1059,1222,1220
1222,1221,1223
1224,1225,1226
1224,1063,1062
1224,1062,1225
1225,1062,1227
1218,1064,1216
1218,1227,1064
1227,1062,1064
1051,1216,1064
1060,1065,1221
1221,1228,1223
1221,1065,1228
1065,1067,1228
1068,1229,1230
1068,1230,1067
1067,1230,1228
1230,1229,1231
1232,1233,1234
1226,1233,1232
1224,1226,1232
1224,1232,1071
1224,1071,1070
1063,1224,1070
1068,1073,1229
1074,1235,1236
1073,1074,1236
1073,1236,1231
1073,1231,1229
1236,1235,1237
1238,1239,1240
1234,1239,1238
1232,1234,1238
1232,1238,1077
1232,1077,1076
1071,1232,1076
1074,1079,1235
1080,1241,1242
1079,1080,1242
1079,1242,1237
1079,1237,1235
1242,1241,1243
1244,1245,1246
1240,1245,1244
1238,1240,1244
1238,1244,1083
1238,1083,1082
1077,1238,1082
1080,1085,1241
1086,1247,1248
1085,1086,1248
1085,1248,1243
1085,1243,1241
1248,1247,1249
1088,1244,1246
1088,1246,1089
1089,1246,1250
1083,1244,1088
1086,1091,1247
1247,1091,1092
1247,1092,1249
1249,1092,1251
1252,1253,1254
1252,1250,1253
1252,1093,1250
1093,1089,1250
1255,1094,1256
1255,1251,1094
1251,1092,1094
1255,1256,1257
1096,1252,1254
1096,1254,1097
1097,1254,1258
1093,1252,1096
1094,1098,1256
1256,1098,1100
1256,1100,1257
1257,1100,1259
1260,1261,1262
1260,1258,1261
1260,1102,1258
1102,1097,1258
1263,1104,1264
1263,1259,1104
1259,1100,1104
1263,1264,1265
1266,1260,1262
1267,1266,1262
1102,1266,1105
1260,1266,1102
1264,1106,1268
1104,1106,1264
1269,1265,1264
1268,1269,1264
1108,1266,1267
1108,1267,1109
1109,1267,1270
1105,1266,1108
1106,1110,1268
1268,1110,1112
1268,1112,1269
1269,1112,1271
1109,1270,1114
1270,1272,1114
1112,1116,1271
1271,1116,1273
1114,1272,1118
1272,1274,1118
1116,1120,1273
1273,1120,1275
1118,1274,1122
1274,1276,1122
1120,1124,1275
1275,1124,1277
1122,1276,1126
1276,1278,1126
1124,1128,1277
1277,1128,1279
1280,1129,1126
1280,1126,1281
1281,1126,1278
1129,1280,1130
1132,1131,1282
1132,1282,1283
1132,1283,1128
1128,1283,1279
1284,1280,1281
1285,1284,1281
1130,1284,1134
1280,1284,1130
1282,1136,1286
1131,1136,1282
1287,1283,1282
1286,1287,1282
1284,1285,1288
1288,1134,1284
1288,1289,1134
1289,1138,1134
1286,1290,1291
1286,1136,1290
1136,1140,1290
1287,1286,1291
1292,1141,1138
1292,1138,1293
1293,1138,1289
1141,1292,1142
1144,1143,1294
1144,1294,1295
1144,1295,1140
1140,1295,1290
1292,1293,1296
1296,1142,1292
1296,1297,1142
1297,1146,1142
1294,1298,1299
1294,1143,1298
1143,1148,1298
1295,1294,1299
1300,1149,1146
1300,1146,1301
1301,1146,1297
1149,1300,1151
1154,1153,1302
1154,1302,1303
1154,1303,1148
1148,1303,1298
1300,1301,1304
1305,1304,1306
1155,1304,1305
1155,1300,1304
1155,1151,1300
1155,1305,1157
1160,1159,1307
1160,1307,1308
1153,1160,1308
1153,1308,1309
1153,1309,1302
1303,1302,1309
1305,1306,1310
1311,1310,1312
1161,1310,1311
1161,1305,1310
1161,1157,1305
1161,1311,1163
1166,1165,1313
1166,1313,1314
1159,1166,1314
1159,1314,1315
1159,1315,1307
1308,1307,1315
1311,1312,1316
1317,1316,1318
1167,1316,1317
1167,1311,1316
1167,1163,1311
1167,1317,1169
1172,1171,1319
1172,1319,1320
1165,1172,1320
1165,1320,1321
1165,1321,1313
1314,1313,1321
1317,1318,1322
1169,1317,1322
1169,1322,1173
1173,1322,1323
1324,1323,1325
1324,1174,1323
1174,1173,1323
1174,1324,1176
1181,1180,1326
1327,1181,1326
1327,1328,1181
1328,1182,1181
1319,1171,1182
1319,1182,1329
1329,1182,1328
1320,1319,1329
1324,1325,1330
1176,1324,1330
1176,1330,1183
1183,1330,1331
1332,1331,1333
1332,1184,1331
1184,1183,1331
1184,1334,1185
1332,1334,1184
1185,1334,1187
1193,1192,1335
1193,1336,1194
1335,1336,1193
1337,1194,1336
1337,1338,1194
1338,1195,1194
1326,1180,1195
1326,1195,1339
1339,1195,1338
1327,1326,1339
1332,1333,1340
1334,1332,1340
1341,1334,1340
1187,1334,1341
1187,1341,1196
1196,1341,1342
1197,1196,1343
1196,1342,1343
1198,1197,1344
1197,1343,1344
1199,1198,1345
1198,1344,1345
1200,1199,1346
1199,1345,1346
1335,1192,1200
1335,1200,1347
1347,1200,1346
1336,1335,1347
1348,1336,1347
1337,1336,1348
1349,1350,1351
1349,1352,1353
1350,1349,1353
1352,1354,1355
1353,1352,1355
1355,1354,1356
1357,1358,1359
1357,1203,1202
1357,1202,1358
1358,1202,1360
1205,1361,1202
1202,1361,1360
1206,1362,1205
1205,1362,1361
1351,1207,1349
1351,1362,1207
1362,1206,1207
1208,1349,1207
1352,1349,1208
1209,1352,1208
1354,1352,1209
1354,1363,1356
1354,1209,1363
1209,1210,1363
1212,1364,1210
1210,1364,1363
1214,1365,1212
1212,1365,1364
1215,1366,1367
1215,1367,1214
1214,1367,1365
1367,1366,1368
1369,1370,1371
1369,1218,1217
1369,1217,1370
1370,1217,1372
1359,1219,1357
1359,1372,1219
1372,1217,1219
1203,1357,1219
1215,1220,1366
1366,1373,1368
1366,1220,1373
1220,1222,1373
1223,1374,1375
1223,1375,1222
1222,1375,1373
1375,1374,1376
1225,1377,1378
1226,1225,1378
1371,1227,1369
1371,1377,1227
1377,1225,1227
1218,1369,1227
1223,1228,1374
1374,1379,1376
1374,1228,1379
1228,1230,1379
1379,1230,1231
1380,1379,1231
1233,1381,1382
1234,1233,1382
1378,1233,1226
1381,1233,1378
1231,1383,1380
1236,1383,1231
1383,1236,1237
1384,1383,1237
1239,1385,1386
1240,1239,1386
1382,1239,1234
1385,1239,1382
1237,1387,1384
1242,1387,1237
1387,1242,1243
1388,1387,1243
1245,1389,1390
1246,1245,1390
1386,1245,1240
1389,1245,1386
1243,1391,1388
1248,1391,1243
1391,1248,1249
1392,1391,1249
1393,1394,1395
1393,1390,1394
1393,1250,1390
1250,1246,1390
1396,1251,1397
1396,1392,1251
1392,1249,1251
1396,1397,1398
1253,1393,1395
1253,1395,1254
1254,1395,1399
1250,1393,1253
1251,1255,1397
1397,1255,1257
1397,1257,1398
1398,1257,1400
1401,1402,1403
1401,1399,1402
1401,1258,1399
1258,1254,1399
1404,1259,1405
1404,1400,1259
1400,1257,1259
1404,1405,1406
1261,1401,1403
1261,1403,1262
1262,1403,1407
1258,1401,1261
1259,1263,1405
1405,1263,1265
1405,1265,1406
1406,1265,1408
1262,1407,1267
1407,1409,1267
1265,1269,1408
1408,1269,1410
1267,1409,1270
1409,1411,1270
1269,1271,1410
1410,1271,1412
1413,1414,1415
1413,1411,1414
1413,1272,1411
1272,1270,1411
1416,1273,1417
1416,1412,1273
1412,1271,1273
1416,1417,1418
1419,1413,1415
1420,1419,1415
1272,1419,1274
1413,1419,1272
1417,1275,1421
1273,1275,1417
1422,1418,1417
1421,1422,1417
1423,1419,1420
1424,1423,1420
1274,1423,1276
1419,1423,1274
1421,1277,1425
1275,1277,1421
1426,1422,1421
1425,1426,1421
1423,1424,1427
1427,1276,1423
1427,1428,1276
1428,1278,1276
1425,1429,1430
1425,1277,1429
1277,1279,1429
1426,1425,1430
1278,1428,1281
1428,1431,1281
1279,1283,1429
1429,1283,1432
1281,1431,1285
1431,1433,1285
1283,1287,1432
1432,1287,1434
1435,1288,1285
1435,1285,1436
1436,1285,1433
1288,1435,1289
1291,1290,1437
1291,1437,1438
1291,1438,1287
1287,1438,1434
1435,1436,1439
1439,1289,1435
1439,1440,1289
1440,1293,1289
1437,1441,1442
1437,1290,1441
1290,1295,1441
1438,1437,1442
1443,1296,1293
1443,1293,1444
1444,1293,1440
1296,1443,1297
1299,1298,1445
1299,1445,1446
1299,1446,1295
1295,1446,1441
1443,1444,1447
1447,1297,1443
1447,1448,1297
1448,1301,1297
1445,1449,1450
1445,1298,1449
1298,1303,1449
1446,1445,1450
1301,1448,1451
1304,1301,1451
1451,1306,1304
1452,1306,1451
1309,1453,1454
1308,1453,1309
1449,1303,1309
1454,1449,1309
1306,1452,1455
1310,1306,1455
1455,1312,1310
1456,1312,1455
1315,1457,1458
1314,1457,1315
1453,1308,1315
1458,1453,1315
1312,1456,1459
1316,1312,1459
1459,1318,1316
1460,1318,1459
1321,1461,1462
1320,1461,1321
1457,1314,1321
1462,1457,1321
1318,1460,1463
1322,1318,1463
1464,1463,1465
1464,1323,1463
1323,1322,1463
1323,1464,1325
1328,1327,1466
1467,1328,1466
1467,1468,1328
1468,1329,1328
1461,1320,1329
1468,1461,1329
1464,1465,1469
1325,1464,1469
1325,1469,1330
1330,1469,1470
1471,1470,1472
1471,1331,1470
1331,1330,1470
1331,1471,1333
1338,1337,1473
1474,1338,1473
1474,1475,1338
1475,1339,1338
1466,1327,1339
1466,1339,1476
1476,1339,1475
1467,1466,1476
1471,1472,1477
1333,1471,1477
1333,1477,1340
1340,1477,1478
1341,1340,1479
1340,1478,1479
1342,1341,1480
1341,1479,1480
1481,1480,1482
1481,1343,1480
1343,1342,1480
1343,1483,1344
1481,1483,1343
1344,1484,1345
1483,1484,1344
1485,1345,1484
1485,1486,1345
1486,1346,1345
1347,1346,1487
1346,1486,1487
1348,1347,1488
1347,1487,1488
1473,1337,1348
1473,1348,1489
1489,1348,1488
1474,1473,1489
1481,1482,1490
1483,1481,1490
1491,1483,1490
1484,1483,1491
1492,1484,1491
1485,1484,1492
1493,1494,1495
1493,1496,1497
1494,1493,1497
1496,1351,1350
1496,1350,1497
1497,1350,1498
1353,1499,1350
1350,1499,1498
1355,1500,1353
1353,1500,1499
1356,1501,1502
1356,1502,1355
1355,1502,1500
1501,1503,1504
1502,1501,1504
1504,1503,1505
1506,1507,1508
1506,1359,1358
1506,1358,1507
1507,1358,1509
1360,1510,1358
1358,1510,1509
1495,1361,1493
1495,1510,1361
1510,1360,1361
1362,1493,1361
1496,1493,1362
1351,1496,1362
1356,1363,1501
1364,1501,1363
1503,1501,1364
1503,1511,1505
1503,1364,1511
1364,1365,1511
1367,1512,1365
1365,1512,1511
1368,1513,1514
1368,1514,1367
1367,1514,1512
1514,1513,1515
1370,1516,1517
1371,1370,1517
1508,1372,1506
1508,1516,1372
1516,1370,1372
1359,1506,1372
1368,1373,1513
1513,1518,1515
1513,1373,1518
1373,1375,1518
1518,1375,1376
1519,1518,1376
1520,1521,1522
1520,1378,1377
1520,1377,1521
1521,1377,1523
1517,1377,1371
1523,1377,1517
1376,1524,1519
1379,1524,1376
1380,1525,1526
1380,1526,1379
1379,1526,1524
1526,1525,1527
1528,1529,1530
1522,1529,1528
1520,1522,1528
1520,1528,1382
1520,1382,1381
1378,1520,1381
1380,1383,1525
1384,1531,1532
1383,1384,1532
1383,1532,1527
1383,1527,1525
1532,1531,1533
1534,1535,1536
1530,1535,1534
1528,1530,1534
1528,1534,1386
1528,1386,1385
1382,1528,1385
1384,1387,1531
1388,1537,1538
1387,1388,1538
1387,1538,1533
1387,1533,1531
1538,1537,1539
1389,1534,1536
1389,1536,1390
1390,1536,1540
1386,1534,1389
1388,1391,1537
1537,1391,1392
1537,1392,1539
1539,1392,1541
1394,1542,1543
1395,1394,1543
1540,1394,1390
1542,1394,1540
1392,1544,1541
1396,1544,1392
1544,1396,1398
1545,1544,1398
1546,1547,1548
1546,1543,1547
1546,1399,1543
1399,1395,1543
1549,1400,1550
1549,1545,1400
1545,1398,1400
1549,1550,1551
1402,1546,1548
1402,1548,1403
1403,1548,1552
1399,1546,1402
1400,1404,1550
1550,1404,1406
1550,1406,1551
1551,1406,1553
1403,1552,1407
1552,1554,1407
1406,1408,1553
1553,1408,1555
1556,1557,1558
1556,1554,1557
1556,1409,1554
1409,1407,1554
1559,1410,1560
1559,1555,1410
1555,1408,1410
1559,1560,1561
1562,1556,1558
1563,1562,1558
1409,1562,1411
1556,1562,1409
1560,1412,1564
1410,1412,1560
1565,1561,1560
1564,1565,1560
1414,1562,1563
1414,1563,1415
1415,1563,1566
1411,1562,1414
1412,1416,1564
1564,1416,1418
1564,1418,1565
1565,1418,1567
1415,1566,1420
1566,1568,1420
1418,1422,1567
1567,1422,1569
1420,1568,1424
1568,1570,1424
1422,1426,1569
1569,1426,1571
1572,1427,1424
1572,1424,1573
1573,1424,1570
1427,1572,1428
1430,1429,1574
1430,1574,1575
1430,1575,1426
1426,1575,1571
1576,1572,1573
1577,1576,1573
1428,1576,1431
1572,1576,1428
1574,1432,1578
1429,1432,1574
1579,1575,1574
1578,1579,1574
1576,1577,1580
1580,1431,1576
1580,1581,1431
1581,1433,1431
1578,1582,1583
1578,1432,1582
1432,1434,1582
1579,1578,1583
1433,1581,1436
1581,1584,1436
1434,1438,1582
1582,1438,1585
1586,1439,1436
1586,1436,1587
1587,1436,1584
1439,1586,1440
1442,1441,1588
1442,1588,1589
1442,1589,1438
1438,1589,1585
1586,1587,1590
1590,1440,1586
1590,1591,1440
1591,1444,1440
1588,1592,1593
1588,1441,1592
1441,1446,1592
1589,1588,1593
1444,1591,1594
1447,1444,1594
1594,1448,1447
1595,1448,1594
1450,1596,1597
1449,1596,1450
1592,1446,1450
1597,1592,1450
1598,1451,1448
1598,1448,1599
1599,1448,1595
1451,1598,1452
1454,1453,1600
1454,1600,1601
1454,1601,1449
1449,1601,1596
1598,1599,1602
1603,1602,1604
1455,1602,1603
1455,1598,1602
1455,1452,1598
1455,1603,1456
1458,1457,1605
1458,1605,1606
1453,1458,1606
1453,1606,1607
1453,1607,1600
1601,1600,1607
1603,1604,1608
1609,1608,1610
1459,1608,1609
1459,1603,1608
1459,1456,1603
1459,1609,1460
1462,1461,1611
1462,1611,1612
1457,1462,1612
1457,1612,1613
1457,1613,1605
1606,1605,1613
1609,1610,1614
1460,1609,1614
1460,1614,1463
1463,1614,1615
1615,1465,1463
1616,1465,1615
1468,1617,1618
1467,1617,1468
1611,1461,1468
1611,1468,1619
1619,1468,1618
1612,1611,1619
1465,1616,1620
1469,1465,1620
1621,1620,1622
1621,1470,1620
1470,1469,1620
1470,1621,1472
1475,1474,1623
1624,1475,1623
1624,1625,1475
1625,1476,1475
1617,1467,1476
1625,1617,1476
1621,1622,1626
1472,1621,1626
1472,1626,1477
1477,1626,1627
1478,1477,1628
1477,1627,1628
1629,1628,1630
1629,1479,1628
1479,1478,1628
1479,1631,1480
1629,1631,1479
1480,1631,1482
1486,1485,1632
1486,1633,1487
1632,1633,1486
1634,1487,1633
1634,1635,1487
1635,1488,1487
1489,1488,1636
1488,1635,1636
1623,1474,1489
1623,1489,1637
1637,1489,1636
1624,1623,1637
1629,1630,1638
1631,1629,1638
1639,1631,1638
1482,1631,1639
1482,1639,1490
1490,1639,1640
1491,1490,1641
1490,1640,1641
1492,1491,1642
1491,1641,1642
1632,1485,1492
1632,1492,1643
1643,1492,1642
1633,1632,1643
1644,1633,1643
1634,1633,1644
1645,1646,1647
1645,1495,1494
1645,1494,1646
1646,1494,1648
1497,1649,1494
1494,1649,1648
1498,1650,1497
1497,1650,1649
1499,1651,1498
1498,1651,1650
1500,1652,1499
1499,1652,1651
1502,1653,1500
1500,1653,1652
1504,1654,1502
1502,1654,1653
1505,1655,1656
1505,1656,1504
1504,1656,1654
1656,1655,1657
1507,1658,1659
1508,1507,1659
1509,1660,1507
1507,1660,1658
1647,1510,1645
1647,1660,1510
1660,1509,1510
1495,1645,1510
1505,1511,1655
1655,1661,1657
1655,1511,1661
1511,1512,1661
1514,1662,1512
1512,1662,1661
1662,1514,1515
1663,1662,1515
1664,1665,1666
1664,1517,1516
1664,1516,1665
1665,1516,1667
1659,1516,1508
1667,1516,1659
1515,1668,1663
1518,1668,1515
1519,1669,1670
1519,1670,1518
1518,1670,1668
1670,1669,1671
1521,1672,1673
1522,1521,1673
1666,1523,1664
1666,1672,1523
1672,1521,1523
1517,1664,1523
1519,1524,1669
1669,1674,1671
1669,1524,1674
1524,1526,1674
1674,1526,1527
1675,1674,1527
1529,1676,1677
1530,1529,1677
1673,1529,1522
1676,1529,1673
1527,1678,1675
1532,1678,1527
1678,1532,1533
1679,1678,1533
1535,1680,1681
1536,1535,1681
1677,1535,1530
1680,1535,1677
1533,1682,1679
1538,1682,1533
1682,1538,1539
1683,1682,1539
1684,1685,1686
1684,1681,1685
1684,1540,1681
1540,1536,1681
1687,1541,1688
1687,1683,1541
1683,1539,1541
1687,1688,1689
1542,1684,1686
1542,1686,1543
1543,1686,1690
1540,1684,1542
1541,1544,1688
1688,1544,1545
1688,1545,1689
1689,1545,1691
1547,1692,1693
1548,1547,1693
1690,1547,1543
1692,1547,1690
1545,1694,1691
1549,1694,1545
1694,1549,1551
1695,1694,1551
1548,1693,1552
1693,1696,1552
1551,1553,1695
1695,1553,1697
1698,1699,1700
1698,1696,1699
1698,1554,1696
1554,1552,1696
1701,1555,1702
1701,1697,1555
1697,1553,1555
1701,1702,1703
1557,1698,1700
1557,1700,1558
1558,1700,1704
1554,1698,1557
1555,1559,1702
1702,1559,1561
1702,1561,1703
1703,1561,1705
1558,1704,1563
1704,1706,1563
1561,1565,1705
1705,1565,1707
1563,1706,1566
1706,1708,1566
1565,1567,1707
1707,1567,1709
1566,1708,1568
1708,1710,1568
1567,1569,1709
1709,1569,1711
1568,1710,1570
1710,1712,1570
1569,1571,1711
1711,1571,1713
1570,1712,1573
1712,1714,1573
1571,1575,1713
1713,1575,1715
1573,1714,1577
1714,1716,1577
1575,1579,1715
1715,1579,1717
1718,1580,1577
1718,1577,1719
1719,1577,1716
1580,1718,1581
1583,1582,1720
1583,1720,1721
1583,1721,1579
1579,1721,1717
1718,1719,1722
1722,1581,1718
1722,1723,1581
1723,1584,1581
1720,1724,1725
1720,1582,1724
1582,1585,1724
1721,1720,1725
1584,1723,1587
1723,1726,1587
1585,1589,1724
1724,1589,1727
1587,1726,1728
1590,1587,1728
1728,1591,1590
1729,1591,1728
1593,1730,1731
1592,1730,1593
1727,1589,1593
1731,1727,1593
1732,1594,1591
1732,1591,1733
1733,1591,1729
1594,1732,1595
1597,1596,1734
1597,1734,1735
1597,1735,1592
1592,1735,1730
1732,1733,1736
1736,1595,1732
1736,1737,1595
1737,1599,1595
1734,1738,1739
1734,1596,1738
1596,1601,1738
1735,1734,1739
1599,1737,1740
1602,1599,1740
1740,1604,1602
1741,1604,1740
1607,1742,1743
1606,1742,1607
1738,1601,1607
1743,1738,1607
1604,1741,1744
1608,1604,1744
1744,1610,1608
1745,1610,1744
1613,1746,1747
1612,1746,1613
1742,1606,1613
1747,1742,1613
1610,1745,1748
1614,1610,1748
1749,1748,1750
1749,1615,1748
1615,1614,1748
1615,1749,1616
1618,1617,1751
1752,1618,1751
1752,1753,1618
1753,1619,1618
1746,1612,1619
1753,1746,1619
1749,1750,1754
1616,1749,1754
1616,1754,1620
1620,1754,1755
1755,1622,1620
1756,1622,1755
1625,1757,1758
1624,1757,1625
1751,1617,1625
1751,1625,1759
1759,1625,1758
1752,1751,1759
1622,1756,1760
1626,1622,1760
1627,1626,1761
1626,1760,1761
1762,1761,1763
1762,1628,1761
1628,1627,1761
1628,1762,1630
1635,1634,1764
1765,1635,1764
1765,1766,1635
1766,1636,1635
1637,1636,1767
1636,1766,1767
1757,1624,1637
1767,1757,1637
1762,1763,1768
1630,1762,1768
1630,1768,1638
1638,1768,1769
1639,1638,1770
1638,1769,1770
1640,1639,1771
1639,1770,1771
1641,1640,1772
1640,1771,1772
1642,1641,1773
1641,1772,1773
1643,1642,1774
1642,1773,1774
1644,1643,1775
1643,1774,1775
1764,1634,1644
1764,1644,1776
1776,1644,1775
1765,1764,1776
1646,1777,1778
1647,1646,1778
1648,1779,1646
1646,1779,1777
1649,1780,1648
1648,1780,1779
1650,1781,1649
1649,1781,1780
1651,1782,1650
1650,1782,1781
1652,1783,1651
1651,1783,1782
1653,1784,1652
1652,1784,1783
1654,1785,1653
1653,1785,1784
1656,1786,1654
1654,1786,1785
1786,1656,1657
1787,1786,1657
1788,1789,1790
1788,1659,1658
1788,1658,1789
1789,1658,1791
1660,1792,1658
1658,1792,1791
1778,1660,1647
1792,1660,1778
1657,1793,1787
1661,1793,1657
1662,1794,1661
1661,1794,1793
1663,1795,1796
1663,1796,1662
1662,1796,1794
1796,1795,1797
1665,1798,1799
1666,1665,1799
1790,1667,1788
1790,1798,1667
1798,1665,1667
1659,1788,1667
1663,1668,1795
1795,1800,1797
1795,1668,1800
1668,1670,1800
1800,1670,1671
1801,1800,1671
1672,1802,1803
1673,1672,1803
1799,1672,1666
1802,1672,1799
1671,1804,1801
1674,1804,1671
1804,1674,1675
1805,1804,1675
1676,1806,1807
1677,1676,1807
1803,1676,1673
1806,1676,1803
1675,1808,1805
1678,1808,1675
1808,1678,1679
1809,1808,1679
1680,1810,1811
1681,1680,1811
1807,1680,1677
1810,1680,1807
1679,1812,1809
1682,1812,1679
1812,1682,1683
1813,1812,1683
1685,1814,1815
1686,1685,1815
1811,1685,1681
1814,1685,1811
1683,1816,1813
1687,1816,1683
1816,1687,1689
1817,1816,1689
1818,1819,1820
1818,1815,1819
1818,1690,1815
1690,1686,1815
1821,1691,1822
1821,1817,1691
1817,1689,1691
1821,1822,1823
1692,1818,1820
1692,1820,1693
1693,1820,1824
1690,1818,1692
1691,1694,1822
1822,1694,1695
1822,1695,1823
1823,1695,1825
1693,1824,1696
1824,1826,1696
1695,1697,1825
1825,1697,1827
1699,1828,1829
1700,1699,1829
1826,1699,1696
1828,1699,1826
1697,1830,1827
1701,1830,1697
1830,1701,1703
1831,1830,1703
1700,1829,1704
1829,1832,1704
1703,1705,1831
1831,1705,1833
1704,1832,1706
1832,1834,1706
1705,1707,1833
1833,1707,1835
1706,1834,1708
1834,1836,1708
1707,1709,1835
1835,1709,1837
1708,1836,1710
1836,1838,1710
1709,1711,1837
1837,1711,1839
1710,1838,1712
1838,1840,1712
1711,1713,1839
1839,1713,1841
1712,1840,1714
1840,1842,1714
1713,1715,1841
1841,1715,1843
1714,1842,1716
1842,1844,1716
1715,1717,1843
1843,1717,1845
1716,1844,1719
1844,1846,1719
1717,1721,1845
1845,1721,1847
1719,1846,1848
1722,1719,1848
1848,1723,1722
1849,1723,1848
1725,1850,1851
1724,1850,1725
1847,1721,1725
1851,1847,1725
1723,1849,1726
1849,1852,1726
1724,1727,1850
1850,1727,1853
1854,1728,1726
1854,1726,1855
1855,1726,1852
1728,1854,1729
1731,1730,1856
1731,1856,1857
1731,1857,1727
1727,1857,1853
1854,1855,1858
1858,1729,1854
1858,1859,1729
1859,1733,1729
1856,1860,1861
1856,1730,1860
1730,1735,1860
1857,1856,1861
1733,1859,1862
1736,1733,1862
1862,1737,1736
1863,1737,1862
1739,1864,1865
1738,1864,1739
1860,1735,1739
1865,1860,1739
1737,1863,1866
1740,1737,1866
1866,1741,1740
1867,1741,1866
1743,1868,1869
1742,1868,1743
1864,1738,1743
1869,1864,1743
1741,1867,1870
1744,1741,1870
1870,1745,1744
1871,1745,1870
1747,1872,1873
1746,1872,1747
1868,1742,1747
1873,1868,1747
1745,1871,1874
1748,1745,1874
1874,1750,1748
1875,1750,1874
1753,1876,1877
1752,1876,1753
1872,1746,1753
1877,1872,1753
1750,1875,1878
1754,1750,1878
1879,1878,1880
1879,1755,1878
1755,1754,1878
1755,1879,1756
1758,1757,1881
1882,1758,1881
1882,1883,1758
1883,1759,1758
1876,1752,1759
1883,1876,1759
1879,1880,1884
1756,1879,1884
1756,1884,1760
1760,1884,1885
1761,1760,1886
1760,1885,1886
1886,1763,1761
1887,1763,1886
1766,1888,1889
1765,1888,1766
1767,1766,1890
1766,1889,1890
1881,1757,1767
1881,1767,1891
1891,1767,1890
1882,1881,1891
1763,1887,1892
1768,1763,1892
1769,1768,1893
1768,1892,1893
1770,1769,1894
1769,1893,1894
1771,1770,1895
1770,1894,1895
1772,1771,1896
1771,1895,1896
1773,1772,1897
1772,1896,1897
1774,1773,1898
1773,1897,1898
1775,1774,1899
1774,1898,1899
1776,1775,1900
1775,1899,1900
1888,1765,1776
1900,1888,1776
1901,1902,1903
1901,1778,1777
1901,1777,1902
1902,1777,1904
1779,1905,1777
1777,1905,1904
1780,1906,1779
1779,1906,1905
1781,1907,1780
1780,1907,1906
1782,1908,1781
1781,1908,1907
1783,1909,1782
1782,1909,1908
1784,1910,1783
1783,1910,1909
1785,1911,1784
1784,1911,1910
1786,1912,1785
1785,1912,1911
1787,1913,1914
1787,1914,1786
1786,1914,1912
1914,1913,1915
1789,1916,1917
1790,1789,1917
1791,1918,1789
1789,1918,1916
1903,1792,1901
1903,1918,1792
1918,1791,1792
1778,1901,1792
1787,1793,1913
1913,1919,1915
1913,1793,1919
1793,1794,1919
1796,1920,1794
1794,1920,1919
1920,1796,1797
1921,1920,1797
1798,1922,1923
1799,1798,1923
1917,1798,1790
1922,1798,1917
1797,1924,1921
1800,1924,1797
1924,1800,1801
1925,1924,1801
1926,1927,1928
1926,1803,1802
1926,1802,1927
1927,1802,1929
1923,1802,1799
1929,1802,1923
1801,1930,1925
1804,1930,1801
1805,1931,1932
1805,1932,1804
1804,1932,1930
1932,1931,1933
1934,1935,1936
1928,1935,1934
1926,1928,1934
1926,1934,1807
1926,1807,1806
1803,1926,1806
1805,1808,1931
1809,1937,1938
1808,1809,1938
1808,1938,1933
1808,1933,1931
1938,1937,1939
1810,1934,1936
1810,1936,1811
1811,1936,1940
1807,1934,1810
1809,1812,1937
1937,1812,1813
1937,1813,1939
1939,1813,1941
1814,1942,1943
1815,1814,1943
1940,1814,1811
1942,1814,1940
1813,1944,1941
1816,1944,1813
1944,1816,1817
1945,1944,1817
1819,1946,1947
1820,1819,1947
1943,1819,1815
1946,1819,1943
1817,1948,1945
1821,1948,1817
1948,1821,1823
1949,1948,1823
1820,1947,1824
1947,1950,1824
1823,1825,1949
1949,1825,1951
1952,1953,1954
1952,1950,1953
1952,1826,1950
1826,1824,1950
1955,1827,1956
1955,1951,1827
1951,1825,1827
1955,1956,1957
1828,1952,1954
1828,1954,1829
1829,1954,1958
1826,1952,1828
1827,1830,1956
1956,1830,1831
1956,1831,1957
1957,1831,1959
1829,1958,1832
1958,1960,1832
1831,1833,1959
1959,1833,1961
1832,1960,1834
1960,1962,1834
1833,1835,1961
1961,1835,1963
1834,1962,1836
1962,1964,1836
1835,1837,1963
1963,1837,1965
1836,1964,1838
1964,1966,1838
1837,1839,1965
1965,1839,1967
1838,1966,1840
1966,1968,1840
1839,1841,1967
1967,1841,1969
1840,1968,1842
1968,1970,1842
1841,1843,1969
1969,1843,1971
1842,1970,1844
1970,1972,1844
1843,1845,1971
1971,1845,1973
1844,1972,1846
1972,1974,1846
1845,1847,1973
1973,1847,1975
1976,1848,1846
1976,1846,1977
1977,1846,1974
1848,1976,1849
1851,1850,1978
1851,1978,1979
1851,1979,1847
1847,1979,1975
1976,1977,1980
1980,1849,1976
1980,1981,1849
1981,1852,1849
1978,1982,1983
1978,1850,1982
1850,1853,1982
1979,1978,1983
1852,1981,1855
1981,1984,1855
1853,1857,1982
1982,1857,1985
1855,1984,1986
1858,1855,1986
1986,1859,1858
1987,1859,1986
1861,1988,1989
1860,1988,1861
1985,1857,1861
1989,1985,1861
1859,1987,1990
1862,1859,1990
1990,1863,1862
1991,1863,1990
1865,1992,1993
1864,1992,1865
1988,1860,1865
1993,1988,1865
1994,1866,1863
1994,1863,1995
1995,1863,1991
1866,1994,1867
1869,1868,1996
1869,1996,1997
1869,1997,1864
1864,1997,1992
1994,1995,1998
1999,1998,2000
1870,1998,1999
1870,1994,1998
1870,1867,1994
1870,1999,1871
1873,1872,2001
1873,2001,2002
1868,1873,2002
1868,2002,2003
1868,2003,1996
1997,1996,2003
1999,2000,2004
1871,1999,2004
1871,2004,1874
1874,2004,2005
2005,1875,1874
2006,1875,2005
1877,2007,2008
1876,2007,1877
2001,1872,1877
2001,1877,2009
2009,1877,2008
2002,2001,2009
1875,2006,2010
1878,1875,2010
2010,1880,1878
2011,1880,2010
1883,2012,2013
1882,2012,1883
2007,1876,1883
2013,2007,1883
1880,2011,2014
1884,1880,2014
1885,1884,2015
1884,2014,2015
2016,2015,2017
2016,1886,2015
1886,1885,2015
1886,2016,1887
1889,1888,2018
2019,1889,2018
2019,2020,1889
2020,1890,1889
1891,1890,2021
1890,2020,2021
2012,1882,1891
2021,2012,1891
2016,2017,2022
1887,2016,2022
1887,2022,1892
1892,2022,2023
1893,1892,2024
1892,2023,2024
1894,1893,2025
1893,2024,2025
1895,1894,2026
1894,2025,2026
1896,1895,2027
1895,2026,2027
1897,1896,2028
1896,2027,2028
1898,1897,2029
1897,2028,2029
1899,1898,2030
1898,2029,2030
1900,1899,2031
1899,2030,2031
2018,1888,1900
2018,1900,2032
2032,1900,2031
2019,2018,2032
1902,2033,2034
1903,1902,2034
1904,2035,1902
1902,2035,2033
1905,2036,1904
1904,2036,2035
1906,2037,1905
1905,2037,2036
1907,2038,1906
1906,2038,2037
1908,2039,1907
1907,2039,2038
1909,2040,1908
1908,2040,2039
1910,2041,1909
1909,2041,2040
1911,2042,1910
1910,2042,2041
1912,2043,1911
1911,2043,2042
1914,2044,1912
1912,2044,2043
2044,1914,1915
2045,2044,1915
1916,2046,2047
1917,1916,2047
1918,2048,1916
1916,2048,2046
2034,1918,1903
2048,1918,2034
1915,2049,2045
1919,2049,1915
1920,2050,1919
1919,2050,2049
2050,1920,1921
2051,2050,1921
1922,2052,2053
1923,1922,2053
2047,1922,1917
2052,1922,2047
1921,2054,2051
1924,2054,1921
2054,1924,1925
2055,2054,1925
1927,2056,2057
1928,1927,2057
1929,2058,1927
1927,2058,2056
2053,1929,1923
2058,1929,2053
1925,2059,2055
1930,2059,1925
1932,2060,1930
1930,2060,2059
2060,1932,1933
2061,2060,1933
1935,2062,2063
1936,1935,2063
2057,1935,1928
2062,1935,2057
1933,2064,2061
1938,2064,1933
2064,1938,1939
2065,2064,1939
1936,2063,1940
2063,2066,1940
1939,1941,2065
2065,1941,2067
1942,2068,2069
1943,1942,2069
2066,1942,1940
2068,1942,2066
1941,2070,2067
1944,2070,1941
2070,1944,1945
2071,2070,1945
1946,2072,2073
1947,1946,2073
2069,1946,1943
2072,1946,2069
1945,2074,2071
1948,2074,1945
2074,1948,1949
2075,2074,1949
1947,2073,1950
2073,2076,1950
1949,1951,2075
2075,1951,2077
1953,2078,2079
1954,1953,2079
2076,1953,1950
2078,1953,2076
1951,2080,2077
1955,2080,1951
2080,1955,1957
2081,2080,1957
1954,2079,1958
2079,2082,1958
1957,1959,2081
2081,1959,2083
1958,2082,1960
2082,2084,1960
1959,1961,2083
2083,1961,2085
1960,2084,1962
2084,2086,1962
1961,1963,2085
2085,1963,2087
1962,2086,1964
2086,2088,1964
1963,1965,2087
2087,1965,2089
1964,2088,1966
2088,2090,1966
1965,1967,2089
2089,1967,2091
1966,2090,1968
2090,2092,1968
1967,1969,2091
2091,1969,2093
1968,2092,1970
2092,2094,1970
1969,1971,2093
2093,1971,2095
1970,2094,1972
2094,2096,1972
1971,1973,2095
2095,1973,2097
1972,2096,1974
2096,2098,1974
1973,1975,2097
2097,1975,2099
1974,2098,1977
2098,2100,1977
1975,1979,2099
2099,1979,2101
1977,2100,2102
1980,1977,2102
2102,1981,1980
2103,1981,2102
1983,2104,2105
1982,2104,1983
2101,1979,1983
2105,2101,1983
1981,2103,1984
2103,2106,1984
1982,1985,2104
2104,1985,2107
1984,2106,2108
1986,1984,2108
2108,1987,1986
2109,1987,2108
1989,2110,2111
1988,2110,1989
2107,1985,1989
2111,2107,1989
1987,2109,2112
1990,1987,2112
2112,1991,1990
2113,1991,2112
1993,2114,2115
1992,2114,1993
2110,1988,1993
2115,2110,1993
1991,2113,1995
2113,2116,1995
1992,1997,2114
2114,1997,2117
1995,2116,2118
1998,1995,2118
2118,2000,1998
2119,2000,2118
2003,2120,2121
2002,2120,2003
2117,1997,2003
2121,2117,2003
2000,2119,2122
2004,2000,2122
2005,2004,2123
2004,2122,2123
2123,2006,2005
2124,2006,2123
2008,2125,2126
2007,2125,2008
2009,2008,2127
2008,2126,2127
2120,2002,2009
2127,2120,2009
2006,2124,2128
2010,2006,2128
2128,2011,2010
2129,2011,2128
2013,2130,2131
2012,2130,2013
2125,2007,2013
2131,2125,2013
2011,2129,2132
2014,2011,2132
2015,2014,2133
2014,2132,2133
2133,2017,2015
2134,2017,2133
2020,2135,2136
2019,2135,2020
2021,2020,2137
2020,2136,2137
2130,2012,2021
2137,2130,2021
2017,2134,2138
2022,2017,2138
2023,2022,2139
2022,2138,2139
2024,2023,2140
2023,2139,2140
2025,2024,2141
2024,2140,2141
2026,2025,2142
2025,2141,2142
2027,2026,2143
2026,2142,2143
2028,2027,2144
2027,2143,2144
2029,2028,2145
2028,2144,2145
2030,2029,2146
2029,2145,2146
2031,2030,2147
2030,2146,2147
2032,2031,2148
2031,2147,2148
2135,2019,2032
2148,2135,2032
2033,2149,2150
2034,2033,2150
2035,2151,2033
2033,2151,2149
2036,2152,2035
2035,2152,2151
2037,2153,2036
2036,2153,2152
2038,2154,2037
2037,2154,2153
2039,2155,2038
2038,2155,2154
2040,2156,2039
2039,2156,2155
2041,2157,2040
2040,2157,2156
2042,2158,2041
2041,2158,2157
2043,2159,2042
2042,2159,2158
2044,2160,2043
2043,2160,2159
2160,2044,2045
2161,2160,2045
2046,2162,2163
2047,2046,2163
2048,2164,2046
2046,2164,2162
2150,2048,2034
2164,2048,2150
2045,2165,2161
2049,2165,2045
2050,2166,2049
2049,2166,2165
2166,2050,2051
2167,2166,2051
2052,2168,2169
2053,2052,2169
2163,2052,2047
2168,2052,2163
2051,2170,2167
2054,2170,2051
2170,2054,2055
2171,2170,2055
2056,2172,2173
2057,2056,2173
2058,2174,2056
2056,2174,2172
2169,2058,2053
2174,2058,2169
2055,2175,2171
2059,2175,2055
2060,2176,2059
2059,2176,2175
2176,2060,2061
2177,2176,2061
2062,2178,2179
2063,2062,2179
2173,2062,2057
2178,2062,2173
2061,2180,2177
2064,2180,2061
2180,2064,2065
2181,2180,2065
2063,2179,2066
2179,2182,2066
2065,2067,2181
2181,2067,2183
2068,2184,2185
2069,2068,2185
2182,2068,2066
2184,2068,2182
2067,2186,2183
2070,2186,2067
2186,2070,2071
2187,2186,2071
2072,2188,2189
2073,2072,2189
2185,2072,2069
2188,2072,2185
2071,2190,2187
2074,2190,2071
2190,2074,2075
2191,2190,2075
2073,2189,2076
2189,2192,2076
2075,2077,2191
2191,2077,2193
2078,2194,2195
2079,2078,2195
2192,2078,2076
2194,2078,2192
2077,2196,2193
2080,2196,2077
2196,2080,2081
2197,2196,2081
2079,2195,2082
2195,2198,2082
2081,2083,2197
2197,2083,2199
2082,2198,2084
2198,2200,2084
2083,2085,2199
2199,2085,2201
2084,2200,2086
2200,2202,2086
2085,2087,2201
2201,2087,2203
2086,2202,2088
2202,2204,2088
2087,2089,2203
2203,2089,2205
2088,2204,2090
2204,2206,2090
2089,2091,2205
2205,2091,2207
2090,2206,2092
2206,2208,2092
2091,2093,2207
2207,2093,2209
2092,2208,2094
2208,2210,2094
2093,2095,2209
2209,2095,2211
2094,2210,2096
2210,2212,2096
2095,2097,2211
2211,2097,2213
2096,2212,2098
2212,2214,2098
2097,2099,2213
2213,2099,2215
2098,2214,2100
2214,2216,2100
2099,2101,2215
2215,2101,2217
2100,2216,2218
2102,2100,2218
2218,2103,2102
2219,2103,2218
2105,2220,2221
2104,2220,2105
2217,2101,2105
2221,2217,2105
2103,2219,2106
2219,2222,2106
2104,2107,2220
2220,2107,2223
2106,2222,2224
2108,2106,2224
2224,2109,2108
2225,2109,2224
2111,2226,2227
2110,2226,2111
2223,2107,2111
2227,2223,2111
2109,2225,2228
2112,2109,2228
2228,2113,2112
2229,2113,2228
2115,2230,2231
2114,2230,2115
2226,2110,2115
2231,2226,2115
2113,2229,2116
2229,2232,2116
2114,2117,2230
2230,2117,2233
2116,2232,2234
2118,2116,2234
2234,2119,2118
2235,2119,2234
2121,2236,2237
2120,2236,2121
2233,2117,2121
2237,2233,2121
2119,2235,2238
2122,2119,2238
2123,2122,2239
2122,2238,2239
2239,2124,2123
2240,2124,2239
2126,2241,2242
2125,2241,2126
2127,2126,2243
2126,2242,2243
2236,2120,2127
2243,2236,2127
2124,2240,2244
2128,2124,2244
2244,2129,2128
2245,2129,2244
2131,2246,2247
2130,2246,2131
2241,2125,2131
2247,2241,2131
2129,2245,2248
2132,2129,2248
2133,2132,2249
2132,2248,2249
2249,2134,2133
2250,2134,2249
2136,2251,2252
2135,2251,2136
2137,2136,2253
2136,2252,2253
2246,2130,2137
2253,2246,2137
2134,2250,2254
2138,2134,2254
2139,2138,2255
2138,2254,2255
2140,2139,2256
2139,2255,2256
2141,2140,2257
2140,2256,2257
2142,2141,2258
2141,2257,2258
2143,2142,2259
2142,2258,2259
2144,2143,2260
2143,2259,2260
2145,2144,2261
2144,2260,2261
2146,2145,2262
2145,2261,2262
2147,2146,2263
2146,2262,2263
2148,2147,2264
2147,2263,2264
2251,2135,2148
2264,2251,2148
2149,2265,2150
2266,2265,2149
2266,2149,2267
2267,2149,2151
2152,2268,2151
2151,2268,2267
2153,2269,2152
2152,2269,2268
2154,2270,2153
2153,2270,2269
2155,2271,2154
2154,2271,2270
2156,2272,2155
2155,2272,2271
2157,2273,2156
2156,2273,2272
2158,2274,2157
2157,2274,2273
2159,2275,2158
2158,2275,2274
2276,2277,2275
2276,2275,2160
2160,2275,2159
2160,2161,2276
2162,2278,2279
2163,2162,2279
2164,2280,2162
2162,2280,2278
2265,2164,2150
2265,2281,2164
2281,2280,2164
2266,2281,2265
2276,2282,2277
2161,2282,2276
2161,2165,2282
2165,2283,2282
2166,2284,2165
2165,2284,2283
2284,2166,2167
2285,2284,2167
2168,2286,2287
2169,2168,2287
2279,2168,2163
2286,2168,2279
2167,2288,2285
2170,2288,2167
2288,2170,2171
2289,2288,2171
2172,2290,2173
2291,2290,2172
2291,2172,2292
2292,2172,2174
2287,2174,2169
2292,2174,2287
2171,2293,2289
2175,2293,2171
2294,2295,2293
2294,2293,2176
2176,2293,2175
2176,2177,2294
2178,2296,2179
2178,2297,2296
2173,2297,2178
2173,2298,2297
2173,2290,2298
2291,2298,2290
2294,2299,2295
2300,2301,2299
2180,2300,2299
2180,2299,2294
2180,2294,2177
2180,2181,2300
2296,2302,2303
2296,2303,2179
2179,2303,2182
2297,2302,2296
2300,2304,2301
2304,2300,2181
2304,2181,2305
2305,2181,2183
2184,2306,2307
2185,2184,2307
2303,2184,2182
2306,2184,2303
2183,2308,2305
2186,2308,2183
2308,2186,2187
2309,2308,2187
2188,2310,2311
2189,2188,2311
2307,2188,2185
2310,2188,2307
2187,2312,2309
2190,2312,2187
2312,2190,2191
2313,2312,2191
2189,2311,2192
2311,2314,2192
2191,2193,2313
2313,2193,2315
2194,2316,2195
2194,2317,2316
2194,2192,2317
2192,2314,2317
2318,2193,2196
2318,2319,2193
2319,2315,2193
2196,2197,2318
2316,2320,2321
2316,2321,2195
2195,2321,2198
2317,2320,2316
2318,2322,2319
2322,2318,2197
2322,2197,2323
2323,2197,2199
2198,2321,2200
2321,2324,2200
2199,2201,2323
2323,2201,2325
2200,2324,2202
2324,2326,2202
2201,2203,2325
2325,2203,2327
2202,2326,2204
2326,2328,2204
2203,2205,2327
2327,2205,2329
2204,2328,2206
2328,2330,2206
2205,2207,2329
2329,2207,2331
2206,2330,2208
2330,2332,2208
2207,2209,2331
2331,2209,2333
2208,2332,2210
2332,2334,2210
2209,2211,2333
2333,2211,2335
2210,2334,2212
2334,2336,2212
2211,2213,2335
2335,2213,2337
2212,2336,2214
2336,2338,2214
2213,2215,2337
2337,2215,2339
2340,2341,2216
2340,2216,2338
2338,2216,2214
2340,2342,2341
2343,2344,2345
2343,2345,2339
2343,2339,2217
2217,2339,2215
2216,2341,2218
2341,2219,2218
2341,2342,2219
2342,2346,2219
2221,2344,2343
2221,2220,2344
2220,2347,2344
2217,2221,2343
2219,2346,2222
2346,2348,2222
2220,2223,2347
2347,2223,2349
2222,2348,2350
2224,2222,2350
2350,2225,2224
2351,2225,2350
2227,2352,2353
2226,2352,2227
2349,2223,2227
2353,2349,2227
2225,2351,2354
2228,2225,2354
2354,2229,2228
2355,2229,2354
2231,2356,2357
2230,2356,2231
2352,2226,2231
2357,2352,2231
2358,2359,2232
2358,2232,2355
2355,2232,2229
2358,2360,2359
2361,2362,2363
2361,2363,2356
2361,2356,2233
2233,2356,2230
2232,2359,2234
2235,2364,2365
2234,2364,2235
2234,2360,2364
2234,2359,2360
2364,2366,2365
2367,2368,2369
2362,2367,2369
2361,2367,2362
2361,2236,2367
2361,2237,2236
2233,2237,2361
2235,2365,2238
2365,2366,2370
2365,2370,2238
2238,2370,2239
2370,2240,2239
2371,2240,2370
2242,2372,2373
2241,2372,2242
2368,2367,2243
2368,2243,2373
2373,2243,2242
2236,2243,2367
2240,2371,2374
2244,2240,2374
2374,2245,2244
2375,2245,2374
2247,2376,2377
2246,2376,2247
2372,2241,2247
2377,2372,2247
2245,2375,2378
2248,2245,2378
2249,2248,2379
2248,2378,2379
2250,2380,2381
2250,2249,2380
2249,2379,2380
2380,2382,2381
2383,2384,2385
2383,2252,2251
2383,2385,2252
2385,2386,2252
2253,2252,2387
2252,2386,2387
2376,2246,2253
2387,2376,2253
2250,2381,2254
2381,2382,2388
2381,2388,2254
2254,2388,2255
2256,2255,2389
2255,2388,2389
2257,2256,2390
2256,2389,2390
2258,2257,2391
2257,2390,2391
2259,2258,2392
2258,2391,2392
2260,2259,2393
2259,2392,2393
2261,2260,2394
2260,2393,2394
2262,2261,2395
2261,2394,2395
2263,2262,2396
2262,2395,2396
2384,2383,2264
2384,2264,2396
2396,2264,2263
2251,2264,2383
2267,2397,2398
2266,2267,2398
2268,2399,2267
2267,2399,2397
2269,2400,2268
2268,2400,2399
2270,2401,2269
2269,2401,2400
2271,2402,2270
2270,2402,2401
2272,2403,2271
2271,2403,2402
2273,2404,2272
2272,2404,2403
2274,2405,2273
2273,2405,2404
2275,2406,2274
2274,2406,2405
2406,2275,2277
2407,2406,2277
2278,2408,2279
2409,2408,2278
2409,2278,2410
2410,2278,2280
2281,2411,2280
2280,2411,2410
2398,2281,2266
2411,2281,2398
2277,2412,2407
2282,2412,2277
2283,2413,2282
2282,2413,2412
2414,2415,2413
2414,2413,2284
2284,2413,2283
2284,2285,2414
2286,2416,2417
2287,2286,2417
2408,2286,2279
2408,2418,2286
2418,2416,2286
2409,2418,2408
2414,2419,2415
2285,2419,2414
2285,2288,2419
2288,2420,2419
2420,2288,2289
2421,2420,2289
2292,2422,2423
2291,2292,2423
2417,2292,2287
2422,2292,2417
2289,2424,2421
2293,2424,2289
2424,2293,2295
2425,2424,2295
2298,2426,2427
2297,2298,2427
2423,2298,2291
2426,2298,2423
2295,2428,2425
2299,2428,2295
2428,2299,2301
2429,2428,2301
2302,2430,2431
2303,2302,2431
2427,2302,2297
2430,2302,2427
2301,2432,2429
2304,2432,2301
2432,2304,2305
2433,2432,2305
2306,2434,2435
2307,2306,2435
2431,2306,2303
2434,2306,2431
2305,2436,2433
2308,2436,2305
2436,2308,2309
2437,2436,2309
2310,2438,2311
2310,2439,2438
2310,2307,2439
2307,2435,2439
2440,2309,2312
2440,2441,2309
2441,2437,2309
2312,2313,2440
2438,2442,2443
2438,2443,2311
2311,2443,2314
2439,2442,2438
2440,2444,2441
2444,2440,2313
2444,2313,2445
2445,2313,2315
2314,2443,2317
2443,2446,2317
2315,2319,2445
2445,2319,2447
2320,2448,2449
2321,2320,2449
2446,2320,2317
2448,2320,2446
2319,2450,2447
2322,2450,2319
2450,2322,2323
2451,2450,2323
2321,2449,2324
2449,2452,2324
2323,2325,2451
2451,2325,2453
2324,2452,2326
2452,2454,2326
2325,2327,2453
2453,2327,2455
2326,2454,2328
2454,2456,2328
2327,2329,2455
2455,2329,2457
2328,2456,2330
2456,2458,2330
2329,2331,2457
2457,2331,2459
2330,2458,2332
2458,2460,2332
2331,2333,2459
2459,2333,2461
2332,2460,2334
2460,2462,2334
2333,2335,2461
2461,2335,2463
2334,2462,2336
2462,2464,2336
2335,2337,2463
2463,2337,2465
2336,2464,2338
2464,2466,2338
2337,2339,2465
2465,2339,2467
2338,2466,2468
2340,2338,2468
2468,2342,2340
2469,2342,2468
2345,2470,2471
2344,2470,2345
2467,2339,2345
2471,2467,2345
2342,2469,2346
2469,2472,2346
2344,2347,2470
2470,2347,2473
2474,2475,2348
2474,2348,2472
2472,2348,2346
2474,2476,2475
2477,2478,2479
2477,2479,2473
2477,2473,2349
2349,2473,2347
2348,2475,2350
2475,2351,2350
2475,2476,2351
2476,2480,2351
2353,2478,2477
2353,2352,2478
2352,2481,2478
2349,2353,2477
2351,2480,2482
2354,2351,2482
2482,2355,2354
2483,2355,2482
2357,2484,2485
2356,2484,2357
2481,2352,2357
2485,2481,2357
2355,2483,2486
2358,2355,2486
2486,2360,2358
2487,2360,2486
2363,2488,2489
2362,2488,2363
2484,2356,2363
2489,2484,2363
2360,2487,2490
2364,2360,2490
2490,2366,2364
2491,2366,2490
2369,2492,2493
2368,2492,2369
2488,2362,2369
2493,2488,2369
2366,2491,2494
2370,2366,2494
2494,2371,2370
2495,2371,2494
2373,2496,2497
2372,2496,2373
2492,2368,2373
2497,2492,2373
2371,2495,2498
2374,2371,2498
2375,2499,2500
2375,2374,2499
2374,2498,2499
2499,2501,2500
2502,2503,2504
2502,2377,2376
2502,2504,2377
2504,2505,2377
2496,2372,2377
2505,2496,2377
2375,2500,2378
2500,2501,2506
2500,2506,2378
2378,2506,2379
2380,2379,2507
2379,2506,2507
2507,2382,2380
2508,2382,2507
2385,2509,2510
2384,2509,2385
2386,2385,2511
2385,2510,2511
2503,2502,2387
2503,2387,2511
2511,2387,2386
2376,2387,2502
2382,2508,2512
2388,2382,2512
2389,2388,2513
2388,2512,2513
2390,2389,2514
2389,2513,2514
2391,2390,2515
2390,2514,2515
2392,2391,2516
2391,2515,2516
2393,2392,2517
2392,2516,2517
2394,2393,2518
2393,2517,2518
2395,2394,2519
2394,2518,2519
2396,2395,2520
2395,2519,2520
2509,2384,2396
2520,2509,2396
2397,2521,2398
2522,2521,2397
2522,2397,2523
2523,2397,2399
2400,2524,2399
2399,2524,2523
2401,2525,2400
2400,2525,2524
2402,2526,2401
2401,2526,2525
2403,2527,2402
2402,2527,2526
2404,2528,2403
2403,2528,2527
2405,2529,2404
2404,2529,2528
2530,2531,2529
2530,2529,2406
2406,2529,2405
2406,2407,2530
2410,2532,2533
2409,2410,2533
2411,2534,2410
2410,2534,2532
2521,2411,2398
2521,2535,2411
2535,2534,2411
2522,2535,2521
2530,2536,2531
2407,2536,2530
2407,2412,2536
2412,2537,2536
2413,2538,2412
2412,2538,2537
2538,2413,2415
2539,2538,2415
2416,2540,2417
2541,2540,2416
2541,2416,2542
2542,2416,2418
2533,2418,2409
2542,2418,2533
2415,2543,2539
2419,2543,2415
2544,2545,2543
2544,2543,2420
2420,2543,2419
2420,2421,2544
2422,2546,2547
2423,2422,2547
2540,2422,2417
2540,2548,2422
2548,2546,2422
2541,2548,2540
2544,2549,2545
2421,2549,2544
2421,2424,2549
2424,2550,2549
2550,2424,2425
2551,2550,2425
2426,2552,2553
2427,2426,2553
2547,2426,2423
2552,2426,2547
2425,2554,2551
2428,2554,2425
2554,2428,2429
2555,2554,2429
2430,2556,2557
2431,2430,2557
2553,2430,2427
2556,2430,2553
2429,2558,2555
2432,2558,2429
2558,2432,2433
2559,2558,2433
2434,2560,2435
2434,2561,2560
2434,2431,2561
2431,2557,2561
2562,2433,2436
2562,2563,2433
2563,2559,2433
2436,2437,2562
2560,2564,2565
2560,2565,2435
2435,2565,2439
2561,2564,2560
2562,2566,2563
2566,2562,2437
2566,2437,2567
2567,2437,2441
2442,2568,2569
2443,2442,2569
2565,2442,2439
2568,2442,2565
2441,2570,2567
2444,2570,2441
2570,2444,2445
2571,2570,2445
2443,2569,2446
2569,2572,2446
2445,2447,2571
2571,2447,2573
2448,2574,2449
2448,2575,2574
2448,2446,2575
2446,2572,2575
2576,2447,2450
2576,2577,2447
2577,2573,2447
2450,2451,2576
2574,2578,2579
2574,2579,2449
2449,2579,2452
2575,2578,2574
2576,2580,2577
2580,2576,2451
2580,2451,2581
2581,2451,2453
2452,2579,2454
2579,2582,2454
2453,2455,2581
2581,2455,2583
2454,2582,2456
2582,2584,2456
2455,2457,2583
2583,2457,2585
2456,2584,2458
2584,2586,2458
2457,2459,2585
2585,2459,2587
2458,2586,2460
2586,2588,2460
2459,2461,2587
2587,2461,2589
2460,2588,2462
2588,2590,2462
2461,2463,2589
2589,2463,2591
2462,2590,2464
2590,2592,2464
2463,2465,2591
2591,2465,2593
2594,2595,2466
2594,2466,2592
2592,2466,2464
2594,2596,2595
2597,2598,2599
2597,2599,2593
2597,2593,2467
2467,2593,2465
2466,2595,2468
2595,2469,2468
2595,2596,2469
2596,2600,2469
2471,2598,2597
2471,2470,2598
2470,2601,2598
2467,2471,2597
2469,2600,2472
2600,2602,2472
2470,2473,2601
2601,2473,2603
2472,2602,2604
2474,2472,2604
2604,2476,2474
2605,2476,2604
2479,2606,2607
2478,2606,2479
2603,2473,2479
2607,2603,2479
2608,2609,2480
2608,2480,2605
2605,2480,2476
2608,2610,2609
2611,2612,2613
2611,2613,2606
2611,2606,2481
2481,2606,2478
2480,2609,2482
2609,2483,2482
2609,2610,2483
2610,2614,2483
2485,2612,2611
2485,2484,2612
2484,2615,2612
2481,2485,2611
2483,2614,2616
2486,2483,2616
2616,2487,2486
2617,2487,2616
2489,2618,2619
2488,2618,2489
2615,2484,2489
2619,2615,2489
2487,2617,2620
2490,2487,2620
2620,2491,2490
2621,2491,2620
2493,2622,2623
2492,2622,2493
2618,2488,2493
2623,2618,2493
2491,2621,2624
2494,2491,2624
2495,2625,2626
2495,2494,2625
2494,2624,2625
2625,2627,2626
2628,2629,2630
2628,2497,2496
2628,2630,2497
2630,2631,2497
2622,2492,2497
2631,2622,2497
2495,2626,2498
2626,2627,2632
2626,2632,2498
2498,2632,2499
2632,2501,2499
2633,2501,2632
2504,2634,2635
2503,2634,2504
2629,2628,2505
2629,2505,2635
2635,2505,2504
2496,2505,2628
2501,2633,2636
2506,2501,2636
2507,2506,2637
2506,2636,2637
2508,2638,2639
2508,2507,2638
2507,2637,2638
2638,2640,2639
2641,2642,2643
2641,2510,2509
2641,2643,2510
2643,2644,2510
2511,2510,2645
2510,2644,2645
2634,2503,2511
2645,2634,2511
2508,2639,2512
2639,2640,2646
2639,2646,2512
2512,2646,2513
2514,2513,2647
2513,2646,2647
2515,2514,2648
2514,2647,2648
2516,2515,2649
2515,2648,2649
2517,2516,2650
2516,2649,2650
2518,2517,2651
2517,2650,2651
2519,2518,2652
2518,2651,2652
2642,2641,2520
2642,2520,2652
2652,2520,2519
2509,2520,2641
2523,2653,2522
2523,2524,2654
2653,2523,2654
2655,2654,2524
2655,2524,2656
2656,2524,2525
2526,2657,2525
2525,2657,2656
2527,2658,2526
2526,2658,2657
2659,2660,2658
2659,2658,2528
2528,2658,2527
2528,2529,2661
2659,2528,2661
2529,2531,2661
2532,2662,2533
2663,2662,2532
2663,2532,2664
2664,2532,2534
2535,2665,2534
2534,2665,2664
2653,2535,2522
2653,2666,2535
2666,2665,2535
2654,2666,2653
2667,2666,2654
2655,2667,2654
2659,2668,2660
2661,2668,2659
2669,2668,2661
2531,2669,2661
2531,2536,2669
2536,2670,2669
2537,2671,2536
2536,2671,2670
2672,2673,2671
2672,2671,2538
2538,2671,2537
2538,2539,2672
2542,2674,2675
2541,2542,2675
2662,2542,2533
2662,2676,2542
2676,2674,2542
2663,2676,2662
2672,2677,2673
2539,2677,2672
2539,2543,2677
2543,2678,2677
2678,2543,2545
2679,2678,2545
2546,2680,2547
2681,2680,2546
2681,2546,2682
2682,2546,2548
2675,2548,2541
2682,2548,2675
2545,2683,2679
2549,2683,2545
2684,2685,2683
2684,2683,2550
2550,2683,2549
2550,2551,2684
2552,2686,2553
2552,2687,2686
2547,2687,2552
2547,2688,2687
2547,2680,2688
2681,2688,2680
2684,2689,2685
2690,2691,2689
2554,2690,2689
2554,2689,2684
2554,2684,2551
2554,2555,2690
2556,2692,2557
2556,2693,2692
2553,2693,2556
2553,2694,2693
2553,2686,2694
2687,2694,2686
2690,2695,2691
2696,2697,2695
2558,2696,2695
2558,2695,2690
2558,2690,2555
2558,2559,2696
2692,2698,2699
2692,2699,2557
2557,2699,2561
2693,2698,2692
2696,2700,2697
2700,2696,2559
2700,2559,2701
2701,2559,2563
2564,2702,2703
2565,2564,2703
2699,2564,2561
2702,2564,2699
2563,2704,2701
2566,2704,2563
2704,2566,2567
2705,2704,2567
2568,2706,2569
2568,2707,2706
2568,2565,2707
2565,2703,2707
2708,2567,2570
2708,2709,2567
2709,2705,2567
2570,2571,2708
2706,2710,2711
2706,2711,2569
2569,2711,2572
2707,2710,2706
2708,2712,2709
2712,2708,2571
2712,2571,2713
2713,2571,2573
2572,2711,2575
2711,2714,2575
2573,2577,2713
2713,2577,2715
2578,2716,2579
2578,2717,2716
2578,2575,2717
2575,2714,2717
2718,2577,2580
2718,2719,2577
2719,2715,2577
2580,2581,2718
2716,2720,2582
2579,2716,2582
2721,2716,2717
2720,2716,2721
2722,2719,2718
2723,2719,2722
2581,2583,2722
2718,2581,2722
2720,2724,2725
2720,2725,2582
2582,2725,2584
2721,2724,2720
2722,2726,2723
2726,2722,2583
2726,2583,2727
2727,2583,2585
2584,2725,2586
2725,2728,2586
2585,2587,2727
2727,2587,2729
2586,2728,2588
2728,2730,2588
2587,2589,2729
2729,2589,2731
2732,2733,2590
2732,2590,2730
2730,2590,2588
2732,2734,2733
2735,2736,2737
2735,2737,2731
2735,2731,2591
2591,2731,2589
2733,2738,2592
2590,2733,2592
2739,2733,2734
2738,2733,2739
2740,2736,2735
2741,2736,2740
2591,2593,2740
2735,2591,2740
2592,2738,2594
2738,2596,2594
2738,2739,2596
2739,2742,2596
2599,2741,2740
2599,2598,2741
2598,2743,2741
2593,2599,2740
2596,2742,2600
2742,2744,2600
2598,2601,2743
2743,2601,2745
2746,2747,2602
2746,2602,2744
2744,2602,2600
2746,2748,2747
2749,2750,2751
2749,2751,2745
2749,2745,2603
2603,2745,2601
2602,2747,2604
2747,2605,2604
2747,2748,2605
2748,2752,2605
2607,2750,2749
2607,2606,2750
2606,2753,2750
2603,2607,2749
2605,2752,2754
2608,2605,2754
2754,2610,2608
2755,2610,2754
2613,2756,2757
2612,2756,2613
2753,2606,2613
2757,2753,2613
2758,2759,2614
2758,2614,2755
2755,2614,2610
2758,2760,2759
2761,2762,2763
2761,2763,2756
2761,2756,2615
2615,2756,2612
2614,2759,2616
2617,2764,2765
2616,2764,2617
2616,2760,2764
2616,2759,2760
2764,2766,2765
2767,2768,2769
2762,2767,2769
2761,2767,2762
2761,2618,2767
2761,2619,2618
2615,2619,2761
2617,2765,2620
2621,2770,2771
2620,2770,2621
2620,2766,2770
2620,2765,2766
2770,2772,2771
2773,2774,2775
2768,2773,2775
2767,2773,2768
2767,2622,2773
2767,2623,2622
2618,2623,2767
2621,2771,2624
2771,2772,2776
2771,2776,2624
2624,2776,2625
2776,2627,2625
2777,2627,2776
2630,2778,2779
2629,2778,2630
2774,2773,2631
2774,2631,2779
2779,2631,2630
2622,2631,2773
2627,2777,2780
2632,2627,2780
2633,2781,2782
2633,2632,2781
2632,2780,2781
2781,2783,2782
2784,2785,2786
2784,2635,2634
2784,2786,2635
2786,2787,2635
2778,2629,2635
2787,2778,2635
2633,2782,2636
2782,2783,2788
2782,2788,2636
2636,2788,2637
2638,2637,2789
2637,2788,2789
2640,2790,2791
2640,2638,2790
2638,2789,2790
2791,2792,2793
2790,2792,2791
2792,2794,2793
2795,2796,2797
2795,2798,2799
2797,2798,2795
2799,2643,2642
2799,2798,2643
2798,2800,2643
2644,2643,2801
2643,2800,2801
2785,2784,2645
2785,2645,2801
2801,2645,2644
2634,2645,2784
2640,2791,2646
2647,2646,2791
2793,2647,2791
2793,2794,2802
2793,2802,2647
2647,2802,2648
2649,2648,2803
2648,2802,2803
2650,2649,2804
2649,2803,2804
2796,2795,2651
2796,2651,2804
2804,2651,2650
2652,2651,2795
2799,2652,2795
2642,2652,2799
2656,2805,2655
2656,2657,2806
2805,2656,2806
2657,2658,2807
2806,2657,2807
2658,2660,2807
2664,2808,2663
2809,2808,2664
2809,2664,2810
2810,2664,2665
2666,2811,2665
2665,2811,2810
2667,2812,2666
2666,2812,2811
2805,2667,2655
2805,2813,2667
2813,2812,2667
2806,2813,2805
2814,2813,2806
2807,2814,2806
2815,2814,2807
2660,2815,2807
2660,2668,2815
2668,2816,2815
2669,2817,2668
2668,2817,2816
2670,2818,2669
2669,2818,2817
2819,2820,2818
2819,2818,2671
2671,2818,2670
2671,2673,2819
2674,2821,2675
2822,2821,2674
2822,2674,2823
2823,2674,2676
2808,2676,2663
2808,2824,2676
2824,2823,2676
2809,2824,2808
2819,2825,2820
2673,2825,2819
2673,2677,2825
2677,2826,2825
2827,2828,2826
2827,2826,2678
2678,2826,2677
2678,2679,2827
2682,2829,2830
2681,2682,2830
2821,2682,2675
2821,2831,2682
2831,2829,2682
2822,2831,2821
2827,2832,2828
2679,2832,2827
2679,2683,2832
2683,2833,2832
2833,2683,2685
2834,2833,2685
2688,2835,2836
2687,2688,2836
2830,2688,2681
2835,2688,2830
2685,2837,2834
2689,2837,2685
2837,2689,2691
2838,2837,2691
2694,2839,2840
2693,2694,2840
2836,2694,2687
2839,2694,2836
2691,2841,2838
2695,2841,2691
2841,2695,2697
2842,2841,2697
2698,2843,2844
2699,2698,2844
2840,2698,2693
2843,2698,2840
2697,2845,2842
2700,2845,2697
2845,2700,2701
2846,2845,2701
2702,2847,2703
2702,2848,2847
2702,2699,2848
2699,2844,2848
2849,2701,2704
2849,2850,2701
2850,2846,2701
2704,2705,2849
2847,2851,2852
2847,2852,2703
2703,2852,2707
2848,2851,2847
2849,2853,2850
2853,2849,2705
2853,2705,2854
2854,2705,2709
2710,2855,2711
2710,2856,2855
2710,2707,2856
2707,2852,2856
2857,2709,2712
2857,2858,2709
2858,2854,2709
2712,2713,2857
2855,2859,2860
2855,2860,2711
2711,2860,2714
2856,2859,2855
2857,2861,2858
2861,2857,2713
2861,2713,2862
2862,2713,2715
2714,2860,2717
2860,2863,2717
2715,2719,2862
2862,2719,2864
2717,2863,2721
2863,2865,2721
2719,2723,2864
2864,2723,2866
2724,2867,2725
2724,2868,2867
2724,2721,2868
2721,2865,2868
2869,2723,2726
2869,2870,2723
2870,2866,2723
2726,2727,2869
2867,2871,2728
2725,2867,2728
2872,2867,2868
2871,2867,2872
2873,2870,2869
2874,2870,2873
2727,2729,2873
2869,2727,2873
2871,2875,2730
2728,2871,2730
2876,2871,2872
2875,2871,2876
2877,2874,2873
2878,2874,2877
2729,2731,2877
2873,2729,2877
2730,2875,2732
2875,2734,2732
2875,2876,2734
2876,2879,2734
2737,2878,2877
2737,2736,2878
2736,2880,2878
2731,2737,2877
2734,2879,2739
2879,2881,2739
2736,2741,2880
2880,2741,2882
2739,2881,2742
2881,2883,2742
2741,2743,2882
2882,2743,2884
2885,2886,2744
2885,2744,2883
2883,2744,2742
2885,2887,2886
2888,2889,2890
2888,2890,2884
2888,2884,2745
2745,2884,2743
2744,2886,2746
2886,2748,2746
2886,2887,2748
2887,2891,2748
2751,2889,2888
2751,2750,2889
2750,2892,2889
2745,2751,2888
2893,2894,2752
2893,2752,2891
2891,2752,2748
2893,2895,2894
2896,2897,2898
2896,2898,2892
2896,2892,2753
2753,2892,2750
2752,2894,2754
2894,2755,2754
2894,2895,2755
2895,2899,2755
2757,2897,2896
2757,2756,2897
2756,2900,2897
2753,2757,2896
2755,2899,2901
2758,2755,2901
2901,2760,2758
2902,2760,2901
2763,2903,2904
2762,2903,2763
2900,2756,2763
2904,2900,2763
2760,2902,2905
2764,2760,2905
2905,2766,2764
2906,2766,2905
2769,2907,2908
2768,2907,2769
2903,2762,2769
2908,2903,2769
2766,2906,2909
2770,2766,2909
2909,2772,2770
2910,2772,2909
2775,2911,2912
2774,2911,2775
2907,2768,2775
2912,2907,2775
2772,2910,2913
2776,2772,2913
2777,2914,2915
2777,2776,2914
2776,2913,2914
2914,2916,2915
2917,2918,2919
2917,2779,2778
2917,2919,2779
2919,2920,2779
2911,2774,2779
2920,2911,2779
2777,2915,2780
2915,2916,2921
2915,2921,2780
2780,2921,2781
2783,2922,2923
2783,2781,2922
2781,2921,2922
2922,2924,2923
2925,2926,2927
2925,2786,2785
2925,2927,2786
2927,2928,2786
2918,2917,2787
2918,2787,2928
2928,2787,2786
2778,2787,2917
2783,2923,2788
2923,2924,2929
2923,2929,2788
2788,2929,2789
2790,2789,2930
2789,2929,2930
2792,2790,2931
2790,2930,2931
2794,2932,2933
2794,2792,2932
2792,2931,2932
2933,2934,2935
2932,2934,2933
2935,2936,2937
2934,2936,2935
2937,2797,2796
2937,2936,2797
2936,2938,2797
2798,2797,2939
2797,2938,2939
2800,2798,2940
2798,2939,2940
2926,2925,2801
2926,2801,2940
2940,2801,2800
2785,2801,2925
2794,2933,2802
2803,2802,2933
2935,2803,2933
2804,2803,2935
2937,2804,2935
2796,2804,2937
2810,2941,2809
2810,2811,2942
2941,2810,2942
2943,2942,2811
2943,2811,2944
2944,2811,2812
2813,2945,2812
2812,2945,2944
2814,2946,2813
2813,2946,2945
2815,2947,2814
2814,2947,2946
2816,2948,2815
2815,2948,2947
2949,2950,2948
2949,2948,2817
2817,2948,2816
2817,2818,2951
2949,2817,2951
2818,2820,2951
2823,2952,2822
2953,2952,2823
2953,2823,2954
2954,2823,2824
2941,2824,2809
2941,2955,2824
2955,2954,2824
2942,2955,2941
2956,2955,2942
2943,2956,2942
2949,2957,2950
2951,2957,2949
2958,2957,2951
2820,2958,2951
2820,2825,2958
2825,2959,2958
2960,2961,2959
2960,2959,2826
2826,2959,2825
2826,2828,2960
2829,2962,2830
2963,2962,2829
2963,2829,2964
2964,2829,2831
2952,2831,2822
2952,2965,2831
2965,2964,2831
2953,2965,2952
2960,2966,2961
2828,2966,2960
2828,2832,2966
2832,2967,2966
2968,2969,2967
2968,2967,2833
2833,2967,2832
2833,2834,2968
2835,2970,2836
2835,2971,2970
2830,2971,2835
2830,2972,2971
2830,2962,2972
2963,2972,2962
2968,2973,2969
2974,2975,2973
2837,2974,2973
2837,2973,2968
2837,2968,2834
2837,2838,2974
2839,2976,2840
2839,2977,2976
2836,2977,2839
2836,2978,2977
2836,2970,2978
2971,2978,2970
2974,2979,2975
2980,2981,2979
2841,2980,2979
2841,2979,2974
2841,2974,2838
2841,2842,2980
2843,2982,2844
2843,2983,2982
2840,2983,2843
2840,2984,2983
2840,2976,2984
2977,2984,2976
2980,2985,2981
2986,2987,2985
2845,2986,2985
2845,2985,2980
2845,2980,2842
2845,2846,2986
2982,2988,2989
2982,2989,2844
2844,2989,2848
2983,2988,2982
2986,2990,2987
2990,2986,2846
2990,2846,2991
2991,2846,2850
2851,2992,2852
2851,2993,2992
2851,2848,2993
2848,2989,2993
2994,2850,2853
2994,2995,2850
2995,2991,2850
2853,2854,2994
2992,2996,2997
2992,2997,2852
2852,2997,2856
2993,2996,2992
2994,2998,2995
2998,2994,2854
2998,2854,2999
2999,2854,2858
2859,3000,2860
2859,3001,3000
2859,2856,3001
2856,2997,3001
3002,2858,2861
3002,3003,2858
3003,2999,2858
2861,2862,3002
3000,3004,2863
2860,3000,2863
3005,3000,3001
3004,3000,3005
3006,3003,3002
3007,3003,3006
2862,2864,3006
3002,2862,3006
3004,3008,3009
3004,3009,2863
2863,3009,2865
3005,3008,3004
3006,3010,3007
3010,3006,2864
3010,2864,3011
3011,2864,2866
2865,3009,2868
3009,3012,2868
2866,2870,3011
3011,2870,3013
2868,3012,2872
3012,3014,2872
2870,2874,3013
3013,2874,3015
2872,3014,2876
3014,3016,2876
2874,2878,3015
3015,2878,3017
2876,3016,2879
3016,3018,2879
2878,2880,3017
3017,2880,3019
3020,3021,2881
3020,2881,3018
3018,2881,2879
3020,3022,3021
3023,3024,3025
3023,3025,3019
3023,3019,2882
2882,3019,2880
3021,3026,2883
2881,3021,2883
3027,3021,3022
3026,3021,3027
3028,3024,3023
3029,3024,3028
2882,2884,3028
3023,2882,3028
2883,3026,2885
3026,2887,2885
3026,3027,2887
3027,3030,2887
2890,3029,3028
2890,2889,3029
2889,3031,3029
2884,2890,3028
3032,3033,2891
3032,2891,3030
3030,2891,2887
3032,3034,3033
3035,3036,3037
3035,3037,3031
3035,3031,2892
2892,3031,2889
2891,3033,2893
3033,2895,2893
3033,3034,2895
3034,3038,2895
2898,3036,3035
2898,2897,3036
2897,3039,3036
2892,2898,3035
3040,3041,2899
3040,2899,3038
3038,2899,2895
3040,3042,3041
3043,3044,3045
3043,3045,3039
3043,3039,2900
2900,3039,2897
2899,3041,2901
2902,3046,3047
2901,3046,2902
2901,3042,3046
2901,3041,3042
3046,3048,3047
3049,3050,3051
3044,3049,3051
3043,3049,3044
3043,2903,3049
3043,2904,2903
2900,2904,3043
2902,3047,2905
2906,3052,3053
2905,3052,2906
2905,3048,3052
2905,3047,3048
3052,3054,3053
3055,3056,3057
3050,3055,3057
3049,3055,3050
3049,2907,3055
3049,2908,2907
2903,2908,3049
2906,3053,2909
2910,3058,3059
2909,3058,2910
2909,3054,3058
2909,3053,3054
3058,3060,3059
3061,3062,3063
3056,3061,3063
3055,3061,3056
3055,2911,3061
3055,2912,2911
2907,2912,3055
2910,3059,2913
3059,3060,3064
3059,3064,2913
2913,3064,2914
2916,3065,3066
2916,2914,3065
2914,3064,3065
3065,3067,3066
3068,3069,3070
3068,2919,2918
3068,3070,2919
3070,3071,2919
3062,3061,2920
3062,2920,3071
3071,2920,2919
2911,2920,3061
2916,3066,2921
3066,3067,3072
3066,3072,2921
2921,3072,2922
2924,3073,3074
2924,2922,3073
2922,3072,3073
3074,3075,3076
3073,3075,3074
3075,3077,3076
3078,3079,3080
3078,3081,3082
3080,3081,3078
3082,2927,2926
3082,3081,2927
3081,3083,2927
3069,3068,2928
3069,2928,3083
3083,2928,2927
2918,2928,3068
2924,3074,2929
2930,2929,3074
3076,2930,3074
3076,3077,3084
3076,3084,2930
2930,3084,2931
2932,2931,3085
2931,3084,3085
2934,2932,3086
2932,3085,3086
2936,2934,3087
2934,3086,3087
2938,2936,3088
2936,3087,3088
3079,3078,2939
3079,2939,3088
3088,2939,2938
2940,2939,3078
3082,2940,3078
2926,2940,3082
2944,3089,2943
2944,2945,3090
3089,2944,3090
2945,2946,3091
3090,2945,3091
2946,2947,3092
3091,2946,3092
2947,2948,3093
3092,2947,3093
2948,2950,3093
2954,3094,2953
2954,2955,3095
3094,2954,3095
3096,3095,2955
3096,2955,3097
3097,2955,2956
3089,2956,2943
3089,3098,2956
3098,3097,2956
3090,3098,3089
3099,3098,3090
3091,3099,3090
3100,3099,3091
3092,3100,3091
3101,3100,3092
3093,3101,3092
3102,3101,3093
2950,3102,3093
2950,2957,3102
2957,3103,3102
3104,3105,3103
3104,3103,2958
2958,3103,2957
2958,2959,3106
3104,2958,3106
2959,2961,3106
2964,3107,2963
3108,3107,2964
3108,2964,3109
3109,2964,2965
3094,2965,2953
3094,3110,2965
3110,3109,2965
3095,3110,3094
3111,3110,3095
3096,3111,3095
3104,3112,3105
3106,3112,3104
3113,3112,3106
2961,3113,3106
2961,2966,3113
2966,3114,3113
3115,3116,3114
3115,3114,2967
2967,3114,2966
2967,2969,3115
2972,3117,2971
2972,3118,3117
2963,3118,2972
2963,3119,3118
2963,3107,3119
3108,3119,3107
3115,3120,3116
3121,3122,3120
2973,3121,3120
2973,3120,3115
2973,3115,2969
2973,2975,3121
2978,3123,2977
2978,3124,3123
2971,3124,2978
2971,3125,3124
2971,3117,3125
3118,3125,3117
3121,3126,3122
3127,3128,3126
2979,3127,3126
2979,3126,3121
2979,3121,2975
2979,2981,3127
2984,3129,2983
2984,3130,3129
2977,3130,2984
2977,3131,3130
2977,3123,3131
3124,3131,3123
3127,3132,3128
3133,3134,3132
2985,3133,3132
2985,3132,3127
2985,3127,2981
2985,2987,3133
2988,3135,2989
2988,3136,3135
2983,3136,2988
2983,3137,3136
2983,3129,3137
3130,3137,3129
3133,3138,3134
3139,3140,3138
2990,3139,3138
2990,3138,3133
2990,3133,2987
2990,2991,3139
3135,3141,3142
3135,3142,2989
2989,3142,2993
3136,3141,3135
3139,3143,3140
3143,3139,2991
3143,2991,3144
3144,2991,2995
2996,3145,2997
2996,3146,3145
2996,2993,3146
2993,3142,3146
3147,2995,2998
3147,3148,2995
3148,3144,2995
2998,2999,3147
3145,3149,3001
2997,3145,3001
3150,3145,3146
3149,3145,3150
3151,3148,3147
3152,3148,3151
2999,3003,3151
3147,2999,3151
3149,3153,3154
3149,3154,3001
3001,3154,3005
3150,3153,3149
3151,3155,3152
3155,3151,3003
3155,3003,3156
3156,3003,3007
3008,3157,3009
3008,3158,3157
3008,3005,3158
3005,3154,3158
3159,3007,3010
3159,3160,3007
3160,3156,3007
3010,3011,3159
3157,3161,3012
3009,3157,3012
3162,3157,3158
3161,3157,3162
3163,3160,3159
3164,3160,3163
3011,3013,3163
3159,3011,3163
3161,3165,3014
3012,3161,3014
3166,3161,3162
3165,3161,3166
3167,3164,3163
3168,3164,3167
3013,3015,3167
3163,3013,3167
3165,3169,3016
3014,3165,3016
3170,3165,3166
3169,3165,3170
3171,3168,3167
3172,3168,3171
3015,3017,3171
3167,3015,3171
3169,3173,3018
3016,3169,3018
3174,3169,3170
3173,3169,3174
3175,3172,3171
3176,3172,3175
3017,3019,3175
3171,3017,3175
3018,3173,3020
3173,3022,3020
3173,3174,3022
3174,3177,3022
3025,3176,3175
3025,3024,3176
3024,3178,3176
3019,3025,3175
3179,3180,3027
3179,3027,3177
3177,3027,3022
3179,3181,3180
3182,3183,3184
3182,3184,3178
3182,3178,3029
3029,3178,3024
3180,3185,3030
3027,3180,3030
3186,3180,3181
3185,3180,3186
3187,3183,3182
3188,3183,3187
3029,3031,3187
3182,3029,3187
3030,3185,3032
3185,3034,3032
3185,3186,3034
3186,3189,3034
3037,3188,3187
3037,3036,3188
3036,3190,3188
3031,3037,3187
3191,3192,3038
3191,3038,3189
3189,3038,3034
3191,3193,3192
3194,3195,3196
3194,3196,3190
3194,3190,3039
3039,3190,3036
3038,3192,3040
3042,3197,3198
3040,3197,3042
3040,3193,3197
3040,3192,3193
3197,3199,3198
3200,3201,3202
3195,3200,3202
3194,3200,3195
3194,3044,3200
3194,3045,3044
3039,3045,3194
3042,3198,3046
3048,3203,3204
3046,3203,3048
3046,3199,3203
3046,3198,3199
3203,3205,3204
3206,3207,3208
3201,3206,3208
3200,3206,3201
3200,3050,3206
3200,3051,3050
3044,3051,3200
3048,3204,3052
3054,3209,3210
3052,3209,3054
3052,3205,3209
3052,3204,3205
3209,3211,3210
3212,3213,3214
3207,3212,3214
3206,3212,3207
3206,3056,3212
3206,3057,3056
3050,3057,3206
3054,3210,3058
3060,3215,3216
3058,3215,3060
3058,3211,3215
3058,3210,3211
3215,3217,3216
3218,3219,3220
3213,3218,3220
3212,3218,3213
3212,3062,3218
3212,3063,3062
3056,3063,3212
3060,3216,3064
3216,3217,3221
3216,3221,3064
3064,3221,3065
3067,3222,3223
3067,3065,3222
3065,3221,3222
3223,3224,3225
3222,3224,3223
3224,3226,3225
3227,3228,3229
3227,3230,3231
3229,3230,3227
3231,3070,3069
3231,3230,3070
3230,3232,3070
3219,3218,3071
3219,3071,3232
3232,3071,3070
3062,3071,3218
3067,3223,3072
3073,3072,3223
3225,3073,3223
3225,3226,3233
3225,3233,3073
3073,3233,3075
3077,3234,3235
3077,3075,3234
3075,3233,3234
3235,3236,3237
3234,3236,3235
3237,3238,3239
3236,3238,3237
3239,3240,3241
3238,3240,3239
3241,3242,3243
3240,3242,3241
3243,3080,3079
3243,3242,3080
3242,3244,3080
3228,3227,3081
3228,3081,3244
3244,3081,3080
3083,3081,3227
3231,3083,3227
3069,3083,3231
3077,3235,3084
3085,3084,3235
3237,3085,3235
3086,3085,3237
3239,3086,3237
3087,3086,3239
3241,3087,3239
3088,3087,3241
3243,3088,3241
3079,3088,3243
3097,3245,3096
3097,3098,3246
3245,3097,3246
3098,3099,3247
3246,3098,3247
3099,3100,3248
3247,3099,3248
3100,3101,3249
3248,3100,3249
3101,3102,3250
3249,3101,3250
3102,3103,3251
3250,3102,3251
3103,3105,3251
3109,3252,3108
3109,3110,3253
3252,3109,3253
3254,3253,3110
3254,3110,3255
3255,3110,3111
3245,3111,3096
3245,3256,3111
3256,3255,3111
3246,3256,3245
3257,3256,3246
3247,3257,3246
3258,3257,3247
3248,3258,3247
3259,3258,3248
3249,3259,3248
3260,3259,3249
3250,3260,3249
3261,3260,3250
3251,3261,3250
3262,3261,3251
3105,3262,3251
3105,3112,3262
3112,3263,3262
3264,3265,3263
3264,3263,3113
3113,3263,3112
3113,3114,3266
3264,3113,3266
3114,3116,3266
3119,3267,3118
3119,3268,3267
3108,3268,3119
3108,3269,3268
3108,3252,3269
3253,3269,3252
3270,3269,3253
3254,3270,3253
3264,3271,3265
3266,3271,3264
3272,3271,3266
3273,3274,3272
3120,3273,3272
3120,3272,3266
3120,3266,3116
3120,3122,3273
3125,3275,3124
3125,3276,3275
3118,3276,3125
3118,3277,3276
3118,3267,3277
3268,3277,3267
3273,3278,3274
3279,3280,3278
3126,3279,3278
3126,3278,3273
3126,3273,3122
3126,3128,3279
3131,3281,3130
3131,3282,3281
3124,3282,3131
3124,3283,3282
3124,3275,3283
3276,3283,3275
3279,3284,3280
3285,3286,3284
3132,3285,3284
3132,3284,3279
3132,3279,3128
3132,3134,3285
3137,3287,3136
3137,3288,3287
3130,3288,3137
3130,3289,3288
3130,3281,3289
3282,3289,3281
3285,3290,3286
3291,3292,3290
3138,3291,3290
3138,3290,3285
3138,3285,3134
3138,3140,3291
3141,3293,3142
3141,3294,3293
3136,3294,3141
3136,3295,3294
3136,3287,3295
3288,3295,3287
3291,3296,3292
3297,3298,3296
3143,3297,3296
3143,3296,3291
3143,3291,3140
3143,3144,3297
3293,3299,3146
3142,3293,3146
3300,3293,3294
3299,3293,3300
3301,3298,3297
3302,3298,3301
3144,3148,3301
3297,3144,3301
3299,3303,3304
3299,3304,3146
3146,3304,3150
3300,3303,3299
3301,3305,3302
3305,3301,3148
3305,3148,3306
3306,3148,3152
3153,3307,3154
3153,3308,3307
3153,3150,3308
3150,3304,3308
3309,3152,3155
3309,3310,3152
3310,3306,3152
3155,3156,3309
3307,3311,3158
3154,3307,3158
3312,3307,3308
3311,3307,3312
3313,3310,3309
3314,3310,3313
3156,3160,3313
3309,3156,3313
3311,3315,3162
3158,3311,3162
3316,3311,3312
3315,3311,3316
3317,3314,3313
3318,3314,3317
3160,3164,3317
3313,3160,3317
3315,3319,3166
3162,3315,3166
3320,3315,3316
3319,3315,3320
3321,3318,3317
3322,3318,3321
3164,3168,3321
3317,3164,3321
3319,3323,3170
3166,3319,3170
3324,3319,3320
3323,3319,3324
3325,3322,3321
3326,3322,3325
3168,3172,3325
3321,3168,3325
3323,3327,3174
3170,3323,3174
3328,3323,3324
3327,3323,3328
3329,3326,3325
3330,3326,3329
3172,3176,3329
3325,3172,3329
3327,3331,3177
3174,3327,3177
3332,3327,3328
3331,3327,3332
3333,3330,3329
3334,3330,3333
3176,3178,3333
3329,3176,3333
3177,3331,3179
3331,3181,3179
3331,3332,3181
3332,3335,3181
3184,3334,3333
3184,3183,3334
3183,3336,3334
3178,3184,3333
3337,3338,3186
3337,3186,3335
3335,3186,3181
3337,3339,3338
3340,3341,3342
3340,3342,3336
3340,3336,3188
3188,3336,3183
3338,3343,3189
3186,3338,3189
3344,3338,3339
3343,3338,3344
3345,3341,3340
3346,3341,3345
3188,3190,3345
3340,3188,3345
3189,3343,3191
3193,3347,3348
3191,3347,3193
3191,3344,3347
3191,3343,3344
3347,3349,3348
3350,3351,3352
3346,3350,3352
3345,3350,3346
3345,3195,3350
3345,3196,3195
3190,3196,3345
3193,3348,3197
3199,3353,3354
3197,3353,3199
3197,3349,3353
3197,3348,3349
3353,3355,3354
3356,3357,3358
3351,3356,3358
3350,3356,3351
3350,3201,3356
3350,3202,3201
3195,3202,3350
3199,3354,3203
3205,3359,3360
3203,3359,3205
3203,3355,3359
3203,3354,3355
3359,3361,3360
3362,3363,3364
3357,3362,3364
3356,3362,3357
3356,3207,3362
3356,3208,3207
3201,3208,3356
3205,3360,3209
3211,3365,3366
3209,3365,3211
3209,3361,3365
3209,3360,3361
3365,3367,3366
3368,3369,3370
3363,3368,3370
3362,3368,3363
3362,3213,3368
3362,3214,3213
3207,3214,3362
3211,3366,3215
3217,3371,3372
3215,3371,3217
3215,3367,3371
3215,3366,3367
3372,3373,3374
3371,3373,3372
3373,3375,3374
3376,3377,3378
3376,3379,3380
3378,3379,3376
3369,3380,3379
3368,3380,3369
3368,3219,3380
3368,3220,3219
3213,3220,3368
3217,3372,3221
3222,3221,3372
3374,3222,3372
3374,3375,3381
3374,3381,3222
3222,3381,3224
3226,3382,3383
3226,3224,3382
3224,3381,3382
3383,3384,3385
3382,3384,3383
3385,3386,3387
3384,3386,3385
3387,3388,3389
3386,3388,3387
3389,3390,3391
3388,3390,3389
3391,3392,3393
3390,3392,3391
3393,3394,3395
3392,3394,3393
3395,3229,3228
3395,3394,3229
3394,3396,3229
3377,3376,3230
3377,3230,3396
3396,3230,3229
3232,3230,3376
3380,3232,3376
3219,3232,3380
3226,3383,3233
3234,3233,3383
3385,3234,3383
3236,3234,3385
3387,3236,3385
3238,3236,3387
3389,3238,3387
3240,3238,3389
3391,3240,3389
3242,3240,3391
3393,3242,3391
3244,3242,3393
3395,3244,3393
3228,3244,3395
3255,3397,3254
3255,3256,3398
3397,3255,3398
3256,3257,3399
3398,3256,3399
3400,3399,3257
3400,3257,3401
3401,3257,3258
3259,3402,3258
3258,3402,3401
3260,3403,3259
3259,3403,3402
3404,3405,3403
3404,3403,3261
3261,3403,3260
3261,3262,3406
3404,3261,3406
3262,3263,3407
3406,3262,3407
3263,3265,3407
3269,3408,3268
3269,3270,3409
3408,3269,3409
3270,3410,3409
3254,3410,3270
3254,3411,3410
3254,3397,3411
3398,3411,3397
3412,3411,3398
3399,3412,3398
3413,3412,3399
3400,3413,3399
3404,3414,3405
3406,3414,3404
3415,3414,3406
3407,3415,3406
3416,3415,3407
3417,3418,3416
3271,3417,3416
3271,3416,3407
3271,3407,3265
3271,3272,3419
3417,3271,3419
3272,3274,3419
3277,3420,3276
3277,3421,3420
3268,3421,3277
3268,3422,3421
3268,3408,3422
3409,3422,3408
3423,3422,3409
3410,3423,3409
3417,3424,3418
3419,3424,3417
3425,3424,3419
3426,3427,3425
3278,3426,3425
3278,3425,3419
3278,3419,3274
3278,3280,3426
3283,3428,3282
3283,3429,3428
3276,3429,3283
3276,3430,3429
3276,3420,3430
3421,3430,3420
3426,3431,3427
3432,3433,3431
3284,3432,3431
3284,3431,3426
3284,3426,3280
3284,3286,3432
3289,3434,3288
3289,3435,3434
3282,3435,3289
3282,3436,3435
3282,3428,3436
3429,3436,3428
3432,3437,3433
3438,3439,3437
3290,3438,3437
3290,3437,3432
3290,3432,3286
3290,3292,3438
3295,3440,3294
3295,3441,3440
3288,3441,3295
3288,3442,3441
3288,3434,3442
3435,3442,3434
3438,3443,3439
3444,3445,3443
3296,3444,3443
3296,3443,3438
3296,3438,3292
3296,3298,3444
3440,3446,3300
3294,3440,3300
3447,3440,3441
3446,3440,3447
3448,3445,3444
3449,3445,3448
3298,3302,3448
3444,3298,3448
3303,3450,3304
3303,3451,3450
3300,3451,3303
3300,3452,3451
3300,3446,3452
3447,3452,3446
3448,3453,3449
3454,3455,3453
3305,3454,3453
3305,3453,3448
3305,3448,3302
3305,3306,3454
3450,3456,3308
3304,3450,3308
3457,3450,3451
3456,3450,3457
3458,3455,3454
3459,3455,3458
3306,3310,3458
3454,3306,3458
3456,3460,3312
3308,3456,3312
3461,3456,3457
3460,3456,3461
3462,3459,3458
3463,3459,3462
3310,3314,3462
3458,3310,3462
3460,3464,3465
3460,3465,3312
3312,3465,3316
3461,3464,3460
3462,3466,3463
3466,3462,3314
3466,3314,3467
3467,3314,3318
3316,3465,3320
3465,3468,3320
3318,3322,3467
3467,3322,3469
3320,3468,3324
3468,3470,3324
3322,3326,3469
3469,3326,3471
3472,3473,3328
3472,3328,3470
3470,3328,3324
3472,3474,3473
3475,3476,3477
3475,3477,3471
3475,3471,3330
3330,3471,3326
3473,3478,3332
3328,3473,3332
3479,3473,3474
3478,3473,3479
3480,3476,3475
3481,3476,3480
3330,3334,3480
3475,3330,3480
3478,3482,3335
3332,3478,3335
3483,3478,3479
3482,3478,3483
3484,3481,3480
3485,3481,3484
3334,3336,3484
3480,3334,3484
3335,3482,3337
3339,3486,3487
3337,3486,3339
3337,3483,3486
3337,3482,3483
3486,3488,3487
3489,3490,3491
3485,3489,3491
3484,3489,3485
3484,3341,3489
3484,3342,3341
3336,3342,3484
3487,3492,3344
3339,3487,3344
3493,3487,3488
3492,3487,3493
3494,3490,3489
3495,3490,3494
3341,3346,3494
3489,3341,3494
3344,3492,3347
3349,3496,3497
3347,3496,3349
3347,3493,3496
3347,3492,3493
3496,3498,3497
3499,3500,3501
3495,3499,3501
3494,3499,3495
3494,3351,3499
3494,3352,3351
3346,3352,3494
3349,3497,3353
3355,3502,3503
3353,3502,3355
3353,3498,3502
3353,3497,3498
3502,3504,3503
3505,3506,3507
3500,3505,3507
3499,3505,3500
3499,3357,3505
3499,3358,3357
3351,3358,3499
3355,3503,3359
3361,3508,3509
3359,3508,3361
3359,3504,3508
3359,3503,3504
3508,3510,3509
3511,3512,3513
3506,3511,3513
3505,3511,3506
3505,3363,3511
3505,3364,3363
3357,3364,3505
3361,3509,3365
3367,3514,3515
3365,3514,3367
3365,3510,3514
3365,3509,3510
3515,3516,3517
3514,3516,3515
3516,3518,3517
3519,3520,3521
3519,3522,3523
3521,3522,3519
3512,3523,3522
3511,3523,3512
3511,3369,3523
3511,3370,3369
3363,3370,3511
3367,3515,3371
3373,3371,3515
3517,3373,3515
3375,3524,3525
3373,3524,3375
3373,3518,3524
3373,3517,3518
3525,3526,3527
3524,3526,3525
3527,3528,3529
3526,3528,3527
3528,3530,3529
3531,3532,3533
3531,3534,3535
3533,3534,3531
3535,3536,3537
3534,3536,3535
3520,3537,3536
3519,3537,3520
3519,3377,3537
3519,3378,3377
3379,3378,3519
3523,3379,3519
3369,3379,3523
3375,3525,3381
3382,3381,3525
3527,3382,3525
3384,3382,3527
3529,3384,3527
3529,3530,3538
3529,3538,3384
3384,3538,3386
3388,3386,3539
3386,3538,3539
3390,3388,3540
3388,3539,3540
3532,3531,3392
3532,3392,3540
3540,3392,3390
3394,3392,3531
3535,3394,3531
3396,3394,3535
3537,3396,3535
3377,3396,3537
3401,3541,3400
3401,3402,3542
3541,3401,3542
3402,3403,3543
3542,3402,3543
3403,3405,3543
3411,3544,3410
3411,3412,3545
3544,3411,3545
3412,3413,3546
3545,3412,3546
3413,3547,3546
3400,3547,3413
3400,3548,3547
3400,3541,3548
3542,3548,3541
3549,3548,3542
3543,3549,3542
3550,3549,3543
3551,3552,3550
3414,3551,3550
3414,3550,3543
3414,3543,3405
3414,3415,3553
3551,3414,3553
3415,3416,3554
3553,3415,3554
3416,3418,3554
3422,3555,3421
3422,3423,3556
3555,3422,3556
3423,3557,3556
3410,3557,3423
3410,3558,3557
3410,3544,3558
3545,3558,3544
3559,3558,3545
3546,3559,3545
3560,3559,3546
3547,3560,3546
3551,3561,3552
3553,3561,3551
3562,3561,3553
3554,3562,3553
3563,3562,3554
3564,3565,3563
3424,3564,3563
3424,3563,3554
3424,3554,3418
3424,3425,3566
3564,3424,3566
3425,3427,3566
3430,3567,3429
3430,3568,3567
3421,3568,3430
3421,3569,3568
3421,3555,3569
3556,3569,3555
3570,3569,3556
3557,3570,3556
3564,3571,3565
3566,3571,3564
3572,3571,3566
3573,3574,3572
3431,3573,3572
3431,3572,3566
3431,3566,3427
3431,3433,3573
3436,3575,3435
3436,3576,3575
3429,3576,3436
3429,3577,3576
3429,3567,3577
3568,3577,3567
3573,3578,3574
3579,3580,3578
3437,3579,3578
3437,3578,3573
3437,3573,3433
3437,3439,3579
3442,3581,3441
3442,3582,3581
3435,3582,3442
3435,3583,3582
3435,3575,3583
3576,3583,3575
3579,3584,3580
3585,3586,3584
3443,3585,3584
3443,3584,3579
3443,3579,3439
3443,3445,3585
3581,3587,3447
3441,3581,3447
3588,3581,3582
3587,3581,3588
3589,3586,3585
3590,3586,3589
3445,3449,3589
3585,3445,3589
3452,3591,3451
3452,3592,3591
3447,3592,3452
3447,3593,3592
3447,3587,3593
3588,3593,3587
3589,3594,3590
3595,3596,3594
3453,3595,3594
3453,3594,3589
3453,3589,3449
3453,3455,3595
3591,3597,3457
3451,3591,3457
3598,3591,3592
3597,3591,3598
3599,3596,3595
3600,3596,3599
3455,3459,3599
3595,3455,3599
3597,3601,3461
3457,3597,3461
3602,3597,3598
3601,3597,3602
3603,3600,3599
3604,3600,3603
3459,3463,3603
3599,3459,3603
3464,3605,3465
3464,3606,3605
3461,3606,3464
3461,3607,3606
3461,3601,3607
3602,3607,3601
3603,3608,3604
3609,3610,3608
3466,3609,3608
3466,3608,3603
3466,3603,3463
3466,3467,3609
3605,3611,3468
3465,3605,3468
3612,3605,3606
3611,3605,3612
3613,3610,3609
3614,3610,3613
3467,3469,3613
3609,3467,3613
3611,3615,3470
3468,3611,3470
3616,3611,3612
3615,3611,3616
3617,3614,3613
3618,3614,3617
3469,3471,3617
3613,3469,3617
3470,3615,3472
3474,3619,3620
3472,3619,3474
3472,3616,3619
3472,3615,3616
3619,3621,3620
3622,3623,3624
3618,3622,3624
3617,3622,3618
3617,3476,3622
3617,3477,3476
3471,3477,3617
3620,3625,3479
3474,3620,3479
3626,3620,3621
3625,3620,3626
3627,3623,3622
3628,3623,3627
3476,3481,3627
3622,3476,3627
3625,3629,3483
3479,3625,3483
3630,3625,3626
3629,3625,3630
3631,3628,3627
3632,3628,3631
3481,3485,3631
3627,3481,3631
3483,3629,3486
3488,3633,3634
3486,3633,3488
3486,3630,3633
3486,3629,3630
3633,3635,3634
3636,3637,3638
3632,3636,3638
3631,3636,3632
3631,3490,3636
3631,3491,3490
3485,3491,3631
3634,3639,3493
3488,3634,3493
3640,3634,3635
3639,3634,3640
3641,3637,3636
3642,3637,3641
3490,3495,3641
3636,3490,3641
3493,3639,3496
3498,3643,3644
3496,3643,3498
3496,3640,3643
3496,3639,3640
3643,3645,3644
3646,3647,3648
3642,3646,3648
3641,3646,3642
3641,3500,3646
3641,3501,3500
3495,3501,3641
3498,3644,3502
3504,3649,3650
3502,3649,3504
3502,3645,3649
3502,3644,3645
3649,3651,3650
3652,3653,3654
3647,3652,3654
3646,3652,3647
3646,3506,3652
3646,3507,3506
3500,3507,3646
3504,3650,3508
3510,3655,3656
3508,3655,3510
3508,3651,3655
3508,3650,3651
3656,3657,3658
3655,3657,3656
3657,3659,3658
3660,3661,3662
3660,3663,3664
3662,3663,3660
3653,3664,3663
3652,3664,3653
3652,3512,3664
3652,3513,3512
3506,3513,3652
3510,3656,3514
3516,3514,3656
3658,3516,3656
3518,3665,3666
3516,3665,3518
3516,3659,3665
3516,3658,3659
3666,3667,3668
3665,3667,3666
3668,3669,3670
3667,3669,3668
3669,3671,3670
3672,3673,3674
3672,3675,3676
3674,3675,3672
3676,3677,3678
3675,3677,3676
3661,3678,3677
3660,3678,3661
3660,3520,3678
3660,3521,3520
3522,3521,3660
3664,3522,3660
3512,3522,3664
3518,3666,3524
3526,3524,3666
3668,3526,3666
3528,3526,3668
3670,3528,3668
3530,3679,3680
3528,3679,3530
3528,3671,3679
3528,3670,3671
3680,3681,3682
3679,3681,3680
3682,3683,3684
3681,3683,3682
3673,3684,3683
3672,3684,3673
3672,3532,3684
3672,3533,3532
3534,3533,3672
3676,3534,3672
3536,3534,3676
3678,3536,3676
3520,3536,3678
3530,3680,3538
3539,3538,3680
3682,3539,3680
3540,3539,3682
3684,3540,3682
3532,3540,3684
3548,3685,3547
3548,3549,3686
3685,3548,3686
3549,3550,3687
3686,3549,3687
3550,3552,3687
3558,3688,3557
3558,3559,3689
3688,3558,3689
3559,3560,3690
3689,3559,3690
3560,3547,3685
3560,3685,3690
3690,3685,3691
3686,3692,3685
3692,3691,3685
3687,3693,3686
3693,3692,3686
3552,3561,3694
3552,3694,3687
3687,3694,3693
3561,3562,3695
3694,3561,3695
3562,3563,3696
3695,3562,3696
3563,3565,3696
3569,3697,3568
3569,3570,3698
3697,3569,3698
3570,3557,3688
3570,3688,3698
3698,3688,3699
3700,3689,3701
3700,3699,3689
3699,3688,3689
3690,3701,3689
3702,3701,3690
3691,3702,3690
3703,3702,3691
3692,3703,3691
3704,3703,3692
3693,3704,3692
3705,3704,3693
3694,3705,3693
3706,3705,3694
3695,3706,3694
3707,3706,3695
3707,3708,3709
3707,3695,3708
3695,3696,3708
3565,3571,3710
3565,3710,3696
3696,3710,3708
3571,3572,3711
3710,3571,3711
3572,3574,3711
3577,3712,3576
3577,3568,3697
3577,3697,3712
3712,3697,3713
3714,3698,3715
3714,3713,3698
3713,3697,3698
3699,3715,3698
3716,3715,3699
3700,3716,3699
3708,3717,3709
3710,3717,3708
3718,3717,3710
3718,3719,3720
3718,3710,3719
3710,3711,3719
3574,3578,3721
3574,3721,3711
3711,3721,3719
3578,3580,3721
3583,3722,3582
3583,3576,3712
3583,3712,3722
3722,3712,3723
3724,3713,3725
3724,3723,3713
3723,3712,3713
3714,3725,3713
3719,3726,3720
3726,3727,3728
3726,3719,3727
3719,3721,3727
3580,3584,3729
3580,3729,3721
3721,3729,3727
3584,3586,3729
3722,3730,3588
3582,3722,3588
3731,3723,3732
3731,3730,3723
3730,3722,3723
3724,3732,3723
3727,3733,3728
3733,3734,3735
3733,3727,3734
3727,3729,3734
3586,3590,3734
3729,3586,3734
3593,3736,3592
3593,3588,3730
3593,3730,3736
3736,3730,3737
3738,3730,3731
3737,3730,3738
3739,3735,3734
3740,3735,3739
3590,3594,3741
3590,3741,3734
3734,3741,3739
3594,3596,3741
3736,3742,3598
3592,3736,3598
3743,3737,3744
3743,3742,3737
3742,3736,3737
3738,3744,3737
3739,3745,3740
3745,3746,3747
3745,3739,3746
3739,3741,3746
3596,3600,3746
3741,3596,3746
3742,3748,3602
3598,3742,3602
3749,3742,3743
3748,3742,3749
3750,3747,3746
3751,3747,3750
3600,3604,3750
3746,3600,3750
3607,3752,3606
3607,3602,3748
3607,3748,3752
3752,3748,3753
3754,3748,3749
3753,3748,3754
3755,3751,3750
3756,3751,3755
3604,3608,3757
3604,3757,3750
3750,3757,3755
3608,3610,3757
3752,3758,3612
3606,3752,3612
3753,3759,3752
3759,3758,3752
3760,3753,3754
3759,3753,3760
3761,3756,3755
3762,3756,3761
3757,3763,3755
3763,3761,3755
3610,3614,3763
3757,3610,3763
3758,3764,3616
3612,3758,3616
3759,3765,3758
3765,3764,3758
3766,3759,3760
3765,3759,3766
3767,3762,3761
3768,3762,3767
3763,3769,3761
3769,3767,3761
3614,3618,3769
3763,3614,3769
3616,3764,3619
3621,3619,3764
3621,3764,3770
3770,3764,3765
3771,3765,3766
3770,3765,3771
3772,3768,3767
3773,3768,3772
3624,3623,3772
3624,3772,3769
3769,3772,3767
3618,3624,3769
3770,3774,3626
3621,3770,3626
3775,3770,3771
3774,3770,3775
3776,3773,3772
3777,3773,3776
3623,3628,3776
3772,3623,3776
3774,3778,3630
3626,3774,3630
3779,3774,3775
3779,3780,3774
3780,3778,3774
3779,3781,3780
3782,3783,3784
3777,3782,3784
3777,3776,3782
3776,3785,3782
3628,3632,3785
3776,3628,3785
3630,3778,3633
3635,3633,3778
3635,3778,3786
3786,3778,3780
3787,3780,3781
3786,3780,3787
3788,3783,3782
3789,3783,3788
3638,3637,3788
3638,3788,3785
3785,3788,3782
3632,3638,3785
3786,3790,3640
3635,3786,3640
3791,3786,3787
3791,3792,3786
3792,3790,3786
3791,3793,3792
3794,3795,3796
3789,3794,3796
3789,3788,3794
3788,3797,3794
3637,3642,3797
3788,3637,3797
3640,3790,3643
3645,3643,3790
3645,3790,3798
3798,3790,3792
3799,3792,3793
3799,3800,3792
3800,3798,3792
3799,3801,3800
3802,3803,3804
3795,3802,3804
3795,3794,3802
3794,3805,3802
3648,3647,3805
3648,3805,3797
3797,3805,3794
3642,3648,3797
3645,3798,3649
3651,3649,3798
3651,3798,3806
3806,3798,3800
3807,3800,3801
3807,3808,3800
3808,3806,3800
3808,3809,3810
3807,3809,3808
3809,3811,3810
3812,3813,3814
3812,3815,3816
3814,3815,3812
3803,3816,3815
3803,3802,3816
3802,3817,3816
3654,3653,3817
3654,3817,3805
3805,3817,3802
3647,3654,3805
3651,3806,3655
3657,3655,3806
3808,3657,3806
3659,3657,3808
3659,3808,3818
3818,3808,3810
3819,3810,3811
3819,3820,3810
3820,3818,3810
3820,3821,3822
3819,3821,3820
3822,3823,3824
3821,3823,3822
3824,3825,3826
3823,3825,3824
3826,3827,3828
3825,3827,3826
3828,3829,3830
3827,3829,3828
3830,3831,3832
3829,3831,3830
3813,3832,3831
3813,3812,3832
3812,3833,3832
3662,3661,3833
3662,3833,3816
3816,3833,3812
3663,3662,3816
3817,3663,3816
3653,3663,3817
3659,3818,3665
3667,3665,3818
3820,3667,3818
3669,3667,3820
3822,3669,3820
3671,3669,3822
3671,3822,3834
3834,3822,3824
3826,3835,3824
3835,3834,3824
3828,3836,3826
3836,3835,3826
3674,3673,3836
3674,3836,3830
3830,3836,3828
3675,3674,3830
3832,3675,3830
3677,3675,3832
3833,3677,3832
3661,3677,3833
3671,3834,3679
3681,3679,3834
3835,3681,3834
3683,3681,3835
3836,3683,3835
3673,3683,3836
3701,3837,3700
3701,3702,3838
3837,3701,3838
3702,3703,3839
3838,3702,3839
3703,3704,3840
3839,3703,3840
3704,3705,3841
3840,3704,3841
3705,3706,3842
3841,3705,3842
3706,3707,3843
3842,3706,3843
3707,3709,3843
3715,3844,3714
3715,3716,3845
3844,3715,3845
3716,3700,3837
3716,3837,3845
3845,3837,3846
3847,3838,3848
3847,3846,3838
3846,3837,3838
3839,3848,3838
3849,3848,3839
3840,3849,3839
3850,3849,3840
3841,3850,3840
3851,3850,3841
3842,3851,3841
3852,3851,3842
3852,3853,3854
3852,3842,3853
3842,3843,3853
3709,3717,3855
3709,3855,3843
3843,3855,3853
3717,3718,3856
3855,3717,3856
3718,3720,3856
3725,3857,3724
3725,3714,3844
3725,3844,3857
3857,3844,3858
3859,3845,3860
3859,3858,3845
3858,3844,3845
3846,3860,3845
3861,3860,3846
3847,3861,3846
3853,3862,3854
3855,3862,3853
3863,3862,3855
3863,3864,3865
3863,3855,3864
3855,3856,3864
3720,3726,3866
3720,3866,3856
3856,3866,3864
3726,3728,3866
3732,3867,3731
3732,3724,3857
3732,3857,3867
3867,3857,3868
3869,3858,3870
3869,3868,3858
3868,3857,3858
3859,3870,3858
3864,3871,3865
3871,3872,3873
3871,3864,3872
3864,3866,3872
3728,3733,3874
3728,3874,3866
3866,3874,3872
3733,3735,3874
3867,3875,3738
3731,3867,3738
3876,3868,3877
3876,3875,3868
3875,3867,3868
3869,3877,3868
3872,3878,3873
3878,3879,3880
3878,3872,3879
3872,3874,3879
3735,3740,3879
3874,3735,3879
3744,3881,3743
3744,3738,3875
3744,3875,3881
3881,3875,3882
3883,3875,3876
3882,3875,3883
3884,3880,3879
3885,3880,3884
3740,3745,3886
3740,3886,3879
3879,3886,3884
3745,3747,3886
3881,3887,3749
3743,3881,3749
3888,3882,3889
3888,3887,3882
3887,3881,3882
3883,3889,3882
3884,3890,3885
3890,3891,3892
3890,3884,3891
3884,3886,3891
3747,3751,3891
3886,3747,3891
3887,3893,3754
3749,3887,3754
3894,3887,3888
3893,3887,3894
3895,3892,3891
3896,3892,3895
3751,3756,3895
3891,3751,3895
3893,3897,3760
3754,3893,3760
3898,3893,3894
3897,3893,3898
3899,3896,3895
3900,3896,3899
3756,3762,3899
3895,3756,3899
3897,3901,3766
3760,3897,3766
3902,3897,3898
3901,3897,3902
3903,3900,3899
3904,3900,3903
3762,3768,3903
3899,3762,3903
3901,3905,3771
3766,3901,3771
3906,3901,3902
3905,3901,3906
3907,3904,3903
3908,3904,3907
3768,3773,3907
3903,3768,3907
3905,3909,3775
3771,3905,3775
3910,3905,3906
3910,3911,3905
3911,3909,3905
3910,3912,3911
3913,3914,3915
3908,3913,3915
3908,3907,3913
3907,3916,3913
3773,3777,3916
3907,3773,3916
3775,3909,3779
3781,3779,3909
3781,3909,3917
3917,3909,3911
3918,3911,3912
3917,3911,3918
3919,3914,3913
3920,3914,3919
3784,3783,3919
3784,3919,3916
3916,3919,3913
3777,3784,3916
3917,3921,3787
3781,3917,3787
3922,3917,3918
3922,3923,3917
3923,3921,3917
3922,3924,3923
3925,3926,3927
3920,3925,3927
3920,3919,3925
3919,3928,3925
3783,3789,3928
3919,3783,3928
3787,3921,3791
3793,3791,3921
3793,3921,3929
3929,3921,3923
3930,3923,3924
3930,3931,3923
3931,3929,3923
3930,3932,3931
3933,3934,3935
3926,3933,3935
3926,3925,3933
3925,3936,3933
3796,3795,3936
3796,3936,3928
3928,3936,3925
3789,3796,3928
3793,3929,3799
3801,3799,3929
3801,3929,3937
3937,3929,3931
3938,3931,3932
3938,3939,3931
3939,3937,3931
3939,3940,3941
3938,3940,3939
3940,3942,3941
3943,3944,3945
3943,3946,3947
3945,3946,3943
3934,3947,3946
3934,3933,3947
3933,3948,3947
3804,3803,3948
3804,3948,3936
3936,3948,3933
3795,3804,3936
3801,3937,3807
3809,3807,3937
3939,3809,3937
3811,3809,3939
3811,3939,3949
3949,3939,3941
3950,3941,3942
3950,3951,3941
3951,3949,3941
3951,3952,3953
3950,3952,3951
3953,3954,3955
3952,3954,3953
3955,3956,3957
3954,3956,3955
3957,3958,3959
3956,3958,3957
3944,3959,3958
3944,3943,3959
3943,3960,3959
3814,3813,3960
3814,3960,3947
3947,3960,3943
3815,3814,3947
3948,3815,3947
3803,3815,3948
3811,3949,3819
3821,3819,3949
3951,3821,3949
3823,3821,3951
3953,3823,3951
3825,3823,3953
3955,3825,3953
3827,3825,3955
3957,3827,3955
3829,3827,3957
3959,3829,3957
3831,3829,3959
3960,3831,3959
3813,3831,3960
3848,3961,3847
3848,3849,3962
3961,3848,3962
3849,3850,3963
3962,3849,3963
3850,3851,3964
3963,3850,3964
3851,3852,3965
3964,3851,3965
3852,3854,3965
3860,3966,3859
3860,3861,3967
3966,3860,3967
3861,3847,3961
3861,3961,3967
3967,3961,3968
3962,3969,3961
3969,3968,3961
3963,3970,3962
3970,3969,3962
3964,3971,3963
3971,3970,3963
3965,3972,3964
3972,3971,3964
3854,3862,3973
3854,3973,3965
3965,3973,3972
3862,3863,3974
3973,3862,3974
3863,3865,3974
3870,3975,3869
3870,3859,3966
3870,3966,3975
3975,3966,3976
3967,3977,3966
3977,3976,3966
3968,3978,3967
3978,3977,3967
3979,3969,3980
3979,3978,3969
3978,3968,3969
3970,3980,3969
3981,3980,3970
3971,3981,3970
3982,3981,3971
3982,3983,3984
3982,3971,3983
3971,3972,3983
3973,3985,3972
3985,3983,3972
3974,3986,3973
3986,3985,3973
3865,3871,3987
3865,3987,3974
3974,3987,3986
3871,3873,3987
3877,3988,3876
3877,3869,3975
3877,3975,3988
3988,3975,3989
3976,3990,3975
3990,3989,3975
3991,3977,3992
3991,3990,3977
3990,3976,3977
3978,3992,3977
3993,3992,3978
3979,3993,3978
3983,3994,3984
3985,3994,3983
3995,3994,3985
3995,3996,3997
3995,3985,3996
3985,3986,3996
3987,3998,3986
3998,3996,3986
3873,3878,3999
3873,3999,3987
3987,3999,3998
3878,3880,3999
3988,4000,3883
3876,3988,3883
3989,4001,3988
4001,4000,3988
4002,3990,4003
4002,4001,3990
4001,3989,3990
3991,4003,3990
3996,4004,3997
4004,4005,4006
4004,3996,4005
3996,3998,4005
3999,4007,3998
4007,4005,3998
3880,3885,4007
3999,3880,4007
3889,4008,3888
3889,3883,4000
3889,4000,4008
4008,4000,4009
4001,4010,4000
4010,4009,4000
4011,4001,4002
4010,4001,4011
4012,4006,4005
4013,4006,4012
4007,4014,4005
4014,4012,4005
3885,3890,4015
3885,4015,4007
4007,4015,4014
3890,3892,4015
4008,4016,3894
3888,4008,3894
4009,4017,4008
4017,4016,4008
4018,4010,4019
4018,4017,4010
4017,4009,4010
4011,4019,4010
4012,4020,4013
4020,4021,4022
4020,4012,4021
4012,4014,4021
4015,4023,4014
4023,4021,4014
3892,3896,4023
4015,3892,4023
4016,4024,3898
3894,4016,3898
4017,4025,4016
4025,4024,4016
4026,4017,4018
4025,4017,4026
4027,4022,4021
4028,4022,4027
4023,4029,4021
4029,4027,4021
3896,3900,4029
4023,3896,4029
4024,4030,3902
3898,4024,3902
4025,4031,4024
4031,4030,4024
4032,4025,4026
4031,4025,4032
4033,4028,4027
4034,4028,4033
4029,4035,4027
4035,4033,4027
3900,3904,4035
4029,3900,4035
4030,4036,3906
3902,4030,3906
4031,4037,4030
4037,4036,4030
4038,4031,4032
4038,4039,4031
4039,4037,4031
4038,4040,4039
4041,4042,4043
4034,4041,4043
4034,4033,4041
4033,4044,4041
4035,4045,4033
4045,4044,4033
3904,3908,4045
4035,3904,4045
3906,4036,3910
3912,3910,4036
3912,4036,4046
4046,4036,4037
4039,4047,4037
4047,4046,4037
4048,4039,4040
4047,4039,4048
4049,4042,4041
4050,4042,4049
4044,4051,4041
4051,4049,4041
3915,3914,4051
3915,4051,4045
4045,4051,4044
3908,3915,4045
4046,4052,3918
3912,4046,3918
4047,4053,4046
4053,4052,4046
4054,4047,4048
4054,4055,4047
4055,4053,4047
4054,4056,4055
4057,4058,4059
4050,4057,4059
4050,4049,4057
4049,4060,4057
4051,4061,4049
4061,4060,4049
3914,3920,4061
4051,3914,4061
3918,4052,3922
3924,3922,4052
3924,4052,4062
4062,4052,4053
4055,4063,4053
4063,4062,4053
4064,4055,4056
4064,4065,4055
4065,4063,4055
4065,4066,4067
4064,4066,4065
4066,4068,4067
4069,4070,4071
4069,4072,4073
4071,4072,4069
4058,4073,4072
4058,4057,4073
4057,4074,4073
4060,4075,4057
4075,4074,4057
3927,3926,4075
3927,4075,4061
4061,4075,4060
3920,3927,4061
3924,4062,3930
3932,3930,4062
3932,4062,4076
4076,4062,4063
4065,4077,4063
4077,4076,4063
4067,4078,4065
4078,4077,4065
4079,4067,4068
4079,4080,4067
4080,4078,4067
4080,4081,4082
4079,4081,4080
4082,4083,4084
4081,4083,4082
4070,4084,4083
4070,4069,4084
4069,4085,4084
4073,4086,4069
4086,4085,4069
4074,4087,4073
4087,4086,4073
3935,3934,4087
3935,4087,4075
4075,4087,4074
3926,3935,4075
3932,4076,3938
3940,3938,4076
4077,3940,4076
3942,3940,4077
3942,4077,4088
4088,4077,4078
4080,4089,4078
4089,4088,4078
4082,4090,4080
4090,4089,4080
4084,4091,4082
4091,4090,4082
4085,4092,4084
4092,4091,4084
3945,3944,4092
3945,4092,4086
4086,4092,4085
3946,3945,4086
4087,3946,4086
3934,3946,4087
3942,4088,3950
3952,3950,4088
4089,3952,4088
3954,3952,4089
4090,3954,4089
3956,3954,4090
4091,3956,4090
3958,3956,4091
4092,3958,4091
3944,3958,4092
3980,4093,3979
3980,3981,4094
4093,3980,4094
3981,3982,4095
4094,3981,4095
3982,3984,4095
3992,4096,3991
3992,3993,4097
4096,3992,4097
3993,3979,4093
3993,4093,4097
4097,4093,4098
4094,4099,4093
4099,4098,4093
4095,4100,4094
4100,4099,4094
3984,3994,4101
3984,4101,4095
4095,4101,4100
3994,3995,4102
4101,3994,4102
3995,3997,4102
4003,4103,4002
4003,3991,4096
4003,4096,4103
4103,4096,4104
4097,4105,4096
4105,4104,4096
4098,4106,4097
4106,4105,4097
4099,4107,4098
4107,4106,4098
4100,4108,4099
4108,4107,4099
4101,4109,4100
4109,4108,4100
4102,4110,4101
4110,4109,4101
3997,4004,4111
3997,4111,4102
4102,4111,4110
4004,4006,4111
4103,4112,4011
4002,4103,4011
4104,4113,4103
4113,4112,4103
4105,4114,4104
4114,4113,4104
4106,4115,4105
4115,4114,4105
4107,4116,4106
4116,4115,4106
4108,4117,4107
4117,4116,4107
4109,4118,4108
4118,4117,4108
4110,4119,4109
4119,4118,4109
4111,4120,4110
4120,4119,4110
4006,4013,4120
4111,4006,4120
4019,4121,4018
4019,4011,4112
4019,4112,4121
4121,4112,4122
4113,4123,4112
4123,4122,4112
4114,4124,4113
4124,4123,4113
4115,4125,4114
4125,4124,4114
4116,4126,4115
4126,4125,4115
4117,4127,4116
4127,4126,4116
4118,4128,4117
4128,4127,4117
4119,4129,4118
4129,4128,4118
4120,4130,4119
4130,4129,4119
4013,4020,4131
4013,4131,4120
4120,4131,4130
4020,4022,4131
4121,4132,4026
4018,4121,4026
4122,4133,4121
4133,4132,4121
4123,4134,4122
4134,4133,4122
4124,4135,4123
4135,4134,4123
4125,4136,4124
4136,4135,4124
4126,4137,4125
4137,4136,4125
4127,4138,4126
4138,4137,4126
4128,4139,4127
4139,4138,4127
4129,4140,4128
4140,4139,4128
4130,4141,4129
4141,4140,4129
4131,4142,4130
4142,4141,4130
4022,4028,4142
4131,4022,4142
4132,4143,4032
4026,4132,4032
4133,4144,4132
4144,4143,4132
4134,4145,4133
4145,4144,4133
4135,4146,4134
4146,4145,4134
4136,4147,4135
4147,4146,4135
4137,4148,4136
4148,4147,4136
4138,4149,4137
4149,4148,4137
4139,4150,4138
4150,4149,4138
4140,4151,4139
4151,4150,4139
4141,4152,4140
4152,4151,4140
4142,4153,4141
4153,4152,4141
4028,4034,4153
4142,4028,4153
4032,4143,4038
4040,4038,4143
4040,4143,4154
4154,4143,4144
4145,4155,4144
4155,4154,4144
4146,4156,4145
4156,4155,4145
4147,4157,4146
4157,4156,4146
4148,4158,4147
4158,4157,4147
4149,4159,4148
4159,4158,4148
4150,4160,4149
4160,4159,4149
4151,4161,4150
4161,4160,4150
4152,4162,4151
4162,4161,4151
4043,4042,4162
4043,4162,4153
4153,4162,4152
4034,4043,4153
4154,4163,4048
4040,4154,4048
4155,4164,4154
4164,4163,4154
4156,4165,4155
4165,4164,4155
4157,4166,4156
4166,4165,4156
4158,4167,4157
4167,4166,4157
4159,4168,4158
4168,4167,4158
4160,4169,4159
4169,4168,4159
4161,4170,4160
4170,4169,4160
4162,4171,4161
4171,4170,4161
4042,4050,4171
4162,4042,4171
4048,4163,4054
4056,4054,4163
4056,4163,4172
4172,4163,4164
4165,4173,4164
4173,4172,4164
4166,4174,4165
4174,4173,4165
4167,4175,4166
4175,4174,4166
4168,4176,4167
4176,4175,4167
4169,4177,4168
4177,4176,4168
4170,4178,4169
4178,4177,4169
4059,4058,4178
4059,4178,4171
4171,4178,4170
4050,4059,4171
4056,4172,4064
4066,4064,4172
4173,4066,4172
4068,4066,4173
4068,4173,4179
4179,4173,4174
4175,4180,4174
4180,4179,4174
4176,4181,4175
4181,4180,4175
4071,4070,4181
4071,4181,4177
4177,4181,4176
4072,4071,4177
4178,4072,4177
4058,4072,4178
4068,4179,4079
4081,4079,4179
4180,4081,4179
4083,4081,4180
4181,4083,4180
4070,4083,4181
