2,1,0
4,3,0
0,3,2
6,5,4
4,5,3
6,7,5
10,9,8
12,11,8
8,11,10
11,12,1
12,0,1
12,13,0
0,14,4
0,13,14
4,15,6
4,14,15
7,6,16
6,17,16
6,15,17
19,18,17
17,18,16
19,20,18
23,22,21
23,21,9
21,8,9
21,24,8
8,25,12
8,24,25
12,26,13
12,25,26
13,27,14
13,26,27
14,28,15
14,27,28
15,29,17
15,28,29
17,30,19
17,29,30
20,19,31
19,32,31
19,30,32
32,33,31
21,22,34
34,22,35
21,36,24
21,34,36
24,37,25
24,36,37
25,38,26
25,37,38
26,39,27
26,38,39
27,40,28
27,39,40
28,41,29
28,40,41
29,42,30
29,41,42
30,43,32
30,42,43
33,32,44
44,32,43
47,46,45
47,45,35
45,34,35
45,48,34
34,49,36
34,48,49
36,50,37
36,49,50
37,51,38
37,50,51
38,52,39
38,51,52
39,53,40
39,52,53
40,54,41
40,53,54
41,55,42
41,54,55
42,56,43
42,55,56
44,43,57
43,58,57
43,56,58
58,59,57
45,46,60
60,46,61
45,62,48
45,60,62
48,63,49
48,62,63
49,64,50
49,63,64
50,65,51
50,64,65
51,66,52
51,65,66
52,67,53
52,66,67
53,68,54
53,67,68
54,69,55
54,68,69
55,70,56
55,69,70
56,71,58
56,70,71
59,58,72
72,58,71
60,61,73
73,61,74
60,75,62
60,73,75
62,76,63
62,75,76
63,77,64
63,76,77
64,78,65
64,77,78
65,79,66
65,78,79
66,80,67
66,79,80
67,81,68
67,80,81
68,82,69
68,81,82
69,83,70
69,82,83
70,84,71
70,83,84
72,71,85
85,71,84
74,86,73
88,87,86
87,73,86
87,75,73
75,89,76
75,87,89
76,90,77
76,89,90
77,91,78
77,90,91
78,92,79
78,91,92
79,93,80
79,92,93
80,94,81
80,93,94
81,95,82
81,94,95
82,96,83
82,95,96
98,84,97
84,96,97
84,83,96
84,98,85
87,88,99
99,88,100
87,101,89
87,99,101
89,102,90
89,101,102
90,103,91
90,102,103
91,104,92
91,103,104
92,105,93
92,104,105
93,106,94
93,105,106
94,107,95
94,106,107
95,108,96
95,107,108
97,96,109
109,96,108
100,110,99
112,111,110
111,99,110
111,101,99
101,113,102
101,111,113
102,114,103
102,113,114
103,115,104
103,114,115
104,116,105
104,115,116
105,117,106
105,116,117
106,118,107
106,117,118
120,108,119
108,118,119
108,107,118
108,120,109
112,121,111
111,121,113
113,121,122
124,123,122
123,113,122
123,114,113
114,125,115
114,123,125
115,126,116
115,125,126
128,117,127
117,126,127
117,116,126
117,128,118
118,128,129
118,129,119
124,130,123
123,130,125
125,130,131
125,131,126
126,131,132
126,132,127
135,134,133
137,136,133
133,136,135
139,138,137
137,138,136
141,140,139
139,140,138
143,142,141
141,142,140
143,144,142
147,146,145
149,148,145
145,148,147
148,149,134
149,133,134
149,150,133
133,151,137
133,150,151
137,152,139
137,151,152
139,153,141
139,152,153
141,154,143
141,153,154
144,143,155
143,156,155
143,154,156
158,157,156
156,157,155
158,159,157
162,161,160
162,160,146
160,145,146
160,163,145
145,164,149
145,163,164
149,165,150
149,164,165
165,1,2
151,165,2
150,165,151
151,2,3
151,3,152
152,3,5
152,5,153
153,5,7
166,153,7
154,153,166
154,167,156
154,166,167
156,168,158
156,167,168
159,158,169
158,170,169
158,168,170
170,171,169
174,173,172
174,172,161
172,160,161
172,175,160
160,176,163
160,175,176
176,9,10
164,176,10
163,176,164
164,10,11
164,11,165
165,11,1
16,166,7
166,16,18
166,18,167
167,18,20
177,167,20
168,167,177
168,178,170
168,177,178
171,170,179
170,180,179
170,178,180
180,181,179
172,173,182
182,173,183
172,184,175
172,182,184
184,22,23
176,184,23
175,184,176
176,23,9
31,177,20
177,31,33
185,177,33
178,177,185
178,186,180
178,185,186
181,180,187
187,180,186
190,189,188
190,188,183
188,182,183
188,191,182
182,192,184
182,191,192
192,35,22
192,22,184
44,193,185
44,185,33
185,194,186
185,193,194
187,186,195
186,196,195
186,194,196
196,197,195
188,189,198
198,189,199
188,200,191
188,198,200
200,46,47
192,200,47
191,200,192
192,47,35
57,193,44
193,57,59
201,193,59
194,193,201
194,202,196
194,201,202
197,196,203
203,196,202
198,199,204
204,199,205
198,206,200
198,204,206
206,61,46
206,46,200
72,207,201
72,201,59
201,208,202
201,207,208
203,202,209
209,202,208
204,205,210
210,205,211
204,212,206
204,210,212
212,74,61
212,61,206
85,213,207
85,207,72
207,214,208
207,213,214
209,208,215
215,208,214
210,211,216
216,211,217
210,218,212
210,216,218
219,86,74
212,219,74
218,219,212
219,88,86
97,220,98
213,85,98
220,213,98
221,213,220
213,222,214
213,221,222
215,214,223
223,214,222
217,224,216
226,225,224
225,216,224
225,218,216
218,227,219
218,225,227
227,100,88
227,88,219
109,228,220
109,220,97
220,229,221
220,228,229
231,222,230
222,229,230
222,221,229
222,231,223
225,226,232
232,226,233
225,234,227
225,232,234
235,110,100
227,235,100
234,235,227
235,112,110
119,236,120
228,109,120
236,228,120
237,228,236
228,238,229
228,237,238
230,229,239
239,229,238
233,240,232
242,241,240
241,232,240
241,234,232
234,243,235
234,241,243
244,121,112
235,244,112
243,244,235
245,122,121
245,121,244
245,124,122
127,246,128
247,129,128
247,128,246
236,119,129
247,236,129
248,236,247
236,249,237
236,248,249
251,238,250
238,249,250
238,237,249
238,251,239
242,252,241
254,253,252
253,241,252
253,243,241
243,255,244
243,253,255
244,256,245
244,255,256
257,130,124
245,257,124
256,257,245
258,131,130
258,130,257
259,132,131
259,131,258
246,127,132
259,246,132
260,246,259
246,261,247
246,260,261
247,262,248
247,261,262
264,249,263
249,262,263
249,248,262
249,264,250
254,265,253
253,265,255
255,265,266
268,267,266
267,255,266
267,256,255
256,269,257
256,267,269
257,270,258
257,269,270
258,271,259
258,270,271
259,272,260
259,271,272
274,261,273
261,272,273
261,260,272
261,274,262
262,274,275
262,275,263
268,276,267
267,276,269
269,276,277
269,277,270
270,277,278
270,278,271
271,278,279
271,279,272
272,279,280
272,280,273
283,282,281
285,284,281
281,284,283
287,286,285
285,286,284
289,288,287
287,288,286
291,290,289
289,290,288
293,292,291
291,292,290
295,294,293
293,294,292
295,296,294
299,298,297
301,300,297
297,300,299
300,301,282
301,281,282
301,302,281
302,134,135
285,302,135
281,302,285
285,135,136
285,136,287
287,136,138
287,138,289
289,138,140
289,140,291
291,140,142
291,142,293
293,142,144
303,293,144
295,293,303
296,295,304
295,305,304
295,303,305
307,306,305
305,306,304
307,308,306
311,310,309
311,309,298
309,297,298
309,312,297
312,146,147
301,312,147
297,312,301
301,147,148
301,148,302
302,148,134
155,303,144
303,155,157
303,157,305
305,157,159
313,305,159
307,305,313
308,307,314
307,315,314
307,313,315
315,316,314
319,318,317
319,317,310
317,309,310
317,320,309
320,161,162
312,320,162
309,320,312
312,162,146
169,313,159
313,169,171
321,313,171
315,313,321
316,315,322
315,323,322
315,321,323
323,324,322
317,318,325
325,318,326
325,173,174
320,325,174
317,325,320
320,174,161
179,321,171
321,179,181
327,321,181
323,321,327
324,323,328
328,323,327
331,330,329
331,329,326
329,325,326
329,332,325
332,183,173
332,173,325
187,333,327
187,327,181
328,327,334
327,335,334
327,333,335
335,336,334
329,330,337
337,330,338
337,189,190
332,337,190
329,337,332
332,190,183
195,333,187
333,195,197
339,333,197
335,333,339
336,335,340
340,335,339
337,338,341
341,338,342
341,199,189
341,189,337
203,343,339
203,339,197
340,339,344
344,339,343
341,342,345
345,342,346
345,205,199
345,199,341
209,347,343
209,343,203
344,343,348
348,343,347
345,346,349
349,346,350
349,211,205
349,205,345
215,351,347
215,347,209
348,347,352
352,347,351
349,350,353
353,350,354
353,217,211
353,211,349
223,355,351
223,351,215
352,351,356
356,351,355
353,354,357
357,354,358
359,224,217
353,359,217
357,359,353
359,226,224
230,360,231
355,223,231
360,355,231
361,355,360
356,355,362
362,355,361
358,363,357
365,364,363
364,357,363
364,359,357
364,233,226
364,226,359
239,366,360
239,360,230
368,361,367
361,366,367
361,360,366
361,368,362
364,365,369
369,365,370
371,240,233
364,371,233
369,371,364
371,242,240
250,372,251
366,239,251
372,366,251
373,366,372
367,366,374
374,366,373
370,375,369
377,376,375
376,369,375
376,371,369
378,252,242
371,378,242
376,378,371
378,254,252
263,379,264
372,250,264
379,372,264
380,372,379
382,373,381
373,380,381
373,372,380
373,382,374
377,383,376
385,384,383
384,376,383
384,378,376
386,265,254
378,386,254
384,386,378
387,266,265
387,265,386
387,268,266
273,388,274
389,275,274
389,274,388
379,263,275
389,379,275
390,379,389
392,380,391
380,390,391
380,379,390
380,392,381
385,393,384
384,393,386
386,393,394
396,395,394
395,386,394
395,387,386
397,276,268
387,397,268
395,397,387
398,277,276
398,276,397
399,278,277
399,277,398
400,279,278
400,278,399
401,280,279
401,279,400
388,273,280
401,388,280
402,388,401
404,389,403
389,402,403
389,388,402
389,404,390
390,404,405
390,405,391
396,406,395
395,406,397
397,406,407
397,407,398
398,407,408
398,408,399
399,408,409
399,409,400
400,409,410
400,410,401
401,410,411
401,411,402
402,411,412
402,412,403
415,414,413
417,416,413
413,416,415
419,418,417
417,418,416
419,420,418
423,422,421
425,424,421
421,424,423
427,426,425
425,426,424
426,427,414
427,413,414
427,428,413
413,429,417
413,428,429
417,430,419
417,429,430
420,419,431
419,432,431
419,430,432
434,433,432
432,433,431
436,435,434
434,435,433
436,437,435
440,439,438
442,441,438
438,441,440
441,442,422
442,421,422
442,443,421
443,282,283
425,443,283
421,443,425
425,283,284
425,284,427
427,284,286
427,286,428
428,286,288
428,288,429
429,288,290
429,290,430
430,290,292
430,292,432
432,292,294
432,294,434
434,294,296
444,434,296
436,434,444
437,436,445
436,446,445
436,444,446
448,447,446
446,447,445
448,449,447
452,451,450
452,450,439
450,438,439
450,453,438
453,298,299
442,453,299
438,453,442
442,299,300
442,300,443
443,300,282
304,444,296
444,304,306
444,306,446
446,306,308
454,446,308
448,446,454
449,448,455
448,456,455
448,454,456
456,457,455
460,459,458
460,458,451
458,450,451
458,461,450
461,310,311
453,461,311
450,461,453
453,311,298
314,454,308
454,314,316
462,454,316
456,454,462
457,456,463
456,464,463
456,462,464
464,465,463
458,459,466
466,459,467
466,318,319
461,466,319
458,466,461
461,319,310
322,462,316
462,322,324
468,462,324
464,462,468
465,464,469
469,464,468
472,471,470
472,470,467
470,466,467
470,473,466
473,326,318
473,318,466
328,474,468
328,468,324
469,468,475
468,476,475
468,474,476
476,477,475
470,471,478
478,471,479
478,330,331
473,478,331
470,478,473
473,331,326
334,474,328
474,334,336
480,474,336
476,474,480
477,476,481
481,476,480
478,479,482
482,479,483
482,338,330
482,330,478
340,484,480
340,480,336
481,480,485
485,480,484
488,487,486
488,486,483
486,482,483
486,489,482
489,342,338
489,338,482
344,490,484
344,484,340
485,484,491
484,492,491
484,490,492
492,493,491
486,487,494
494,487,495
486,496,489
486,494,496
496,346,342
496,342,489
348,497,490
348,490,344
490,498,492
490,497,498
493,492,499
499,492,498
494,495,500
500,495,501
494,502,496
494,500,502
502,350,346
502,346,496
352,503,497
352,497,348
497,504,498
497,503,504
499,498,505
505,498,504
501,506,500
508,507,506
507,500,506
507,502,500
507,354,350
507,350,502
356,509,503
356,503,352
511,504,510
504,509,510
504,503,509
504,511,505
507,508,512
512,508,513
512,358,354
512,354,507
362,514,509
362,509,356
510,509,515
515,509,514
512,513,516
516,513,517
518,363,358
512,518,358
516,518,512
518,365,363
367,519,368
514,362,368
519,514,368
520,514,519
515,514,521
521,514,520
517,522,516
524,523,522
523,516,522
523,518,516
523,370,365
523,365,518
374,525,519
374,519,367
527,520,526
520,525,526
520,519,525
520,527,521
523,524,528
528,524,529
530,375,370
523,530,370
528,530,523
530,377,375
381,531,382
525,374,382
531,525,382
532,525,531
526,525,533
533,525,532
529,534,528
536,535,534
535,528,534
535,530,528
537,383,377
530,537,377
535,537,530
537,385,383
391,538,392
531,381,392
538,531,392
539,531,538
541,532,540
532,539,540
532,531,539
532,541,533
536,542,535
544,543,542
543,535,542
543,537,535
545,393,385
537,545,385
543,545,537
546,394,393
546,393,545
546,396,394
403,547,404
548,405,404
548,404,547
538,391,405
548,538,405
549,538,548
551,539,550
539,549,550
539,538,549
539,551,540
544,552,543
543,552,545
545,552,553
555,554,553
554,545,553
554,546,545
556,406,396
546,556,396
554,556,546
557,407,406
557,406,556
558,408,407
558,407,557
559,409,408
559,408,558
560,410,409
560,409,559
561,411,410
561,410,560
562,412,411
562,411,561
547,403,412
562,547,412
563,547,562
565,548,564
548,563,564
548,547,563
548,565,549
549,565,566
549,566,550
555,567,554
554,567,556
556,567,568
556,568,557
557,568,569
571,570,569
570,557,569
570,558,557
558,572,559
558,570,572
559,573,560
559,572,573
575,561,574
561,573,574
561,560,573
561,575,562
562,575,576
562,576,563
563,576,577
563,577,564
571,578,570
570,578,572
572,578,579
572,579,573
573,579,580
573,580,574
583,582,581
585,584,581
581,584,583
587,586,585
585,586,584
587,588,586
591,590,589
593,592,589
589,592,591
595,594,593
593,594,592
594,595,582
582,595,581
595,414,581
414,415,581
581,415,416
581,416,585
585,416,418
585,418,587
597,596,420
420,596,418
596,588,418
588,587,418
599,598,597
597,598,596
601,600,599
599,600,598
601,602,600
605,604,603
607,606,603
603,606,605
606,607,590
590,607,589
607,422,589
422,423,589
589,423,424
589,424,593
593,424,426
593,426,595
595,426,414
431,597,420
597,431,433
597,433,599
599,433,435
599,435,601
609,608,437
437,608,435
608,602,435
602,601,435
611,610,609
609,610,608
611,612,610
615,614,613
615,613,604
604,613,603
613,439,603
439,440,603
603,440,441
603,441,607
607,441,422
445,609,437
609,445,447
609,447,611
617,616,449
449,616,447
616,612,447
612,611,447
617,618,616
621,620,619
621,619,614
614,619,613
619,451,613
451,452,613
613,452,439
455,617,449
623,622,457
457,622,455
622,618,455
618,617,455
623,624,622
627,626,625
627,625,620
620,625,619
625,459,619
459,460,619
619,460,451
463,623,457
629,628,465
465,628,463
628,624,463
624,623,463
629,630,628
625,626,631
631,626,632
631,467,459
631,459,625
469,633,629
469,629,465
630,629,634
634,629,633
637,636,635
637,635,632
632,635,631
635,471,631
471,472,631
631,472,467
475,633,469
639,638,477
477,638,475
638,634,475
634,633,475
639,640,638
635,636,641
641,636,642
641,479,471
641,471,635
481,643,639
481,639,477
640,639,644
644,639,643
641,642,645
645,642,646
645,483,479
645,479,641
485,647,643
485,643,481
644,643,648
648,643,647
651,650,649
651,649,646
646,649,645
649,487,645
487,488,645
645,488,483
491,647,485
653,652,493
493,652,491
652,648,491
648,647,491
653,654,652
649,650,655
655,650,656
655,495,487
655,487,649
499,657,653
499,653,493
654,653,658
658,653,657
655,656,659
659,656,660
659,501,495
659,495,655
505,661,657
505,657,499
658,657,662
662,657,661
660,663,659
663,665,664
663,664,506
659,663,506
501,659,506
664,508,506
510,666,511
666,667,511
511,667,505
667,668,505
668,661,505
661,668,662
664,665,669
669,665,670
669,513,508
669,508,664
515,671,666
515,666,510
667,666,672
672,666,671
669,670,673
673,670,674
673,517,513
673,513,669
521,675,671
521,671,515
672,671,676
676,671,675
674,677,673
677,679,678
677,678,522
673,677,522
517,673,522
678,524,522
526,680,527
680,681,527
527,681,521
681,682,521
682,675,521
675,682,676
678,679,683
683,679,684
683,529,524
683,524,678
533,685,680
533,680,526
681,680,686
686,680,685
684,687,683
687,689,688
687,688,534
683,687,534
529,683,534
688,536,534
540,690,541
690,691,541
541,691,533
691,692,533
692,685,533
685,692,686
689,693,688
693,695,694
693,694,542
688,693,542
536,688,542
694,544,542
550,696,551
696,697,551
551,697,540
697,698,540
698,690,540
690,698,691
695,699,694
699,701,700
699,700,552
694,699,552
544,694,552
702,553,552
702,552,700
702,555,553
564,703,565
704,566,565
704,565,703
704,705,566
566,705,550
705,706,550
706,696,550
696,706,697
701,707,700
700,707,702
702,707,708
708,710,709
708,709,567
702,708,567
555,702,567
711,568,567
711,567,709
712,569,568
712,568,711
712,571,569
574,713,575
714,576,575
714,575,713
715,577,576
715,576,714
715,716,577
577,716,564
716,717,564
717,703,564
703,717,704
704,717,718
704,718,705
710,719,709
709,719,711
711,719,720
711,720,712
712,720,721
721,723,722
721,722,578
712,721,578
571,712,578
724,579,578
724,578,722
725,580,579
725,579,724
725,726,580
580,726,574
726,727,574
727,713,574
713,727,714
714,727,728
714,728,715
715,728,729
715,729,716
723,730,722
722,730,724
724,730,731
724,731,725
725,731,732
725,732,726
735,734,733
737,736,733
733,736,735
739,738,737
737,738,736
582,583,739
583,738,739
583,740,738
741,583,584
741,740,583
742,584,586
742,741,584
744,743,588
743,586,588
743,742,586
746,745,744
744,745,743
748,747,746
746,747,745
748,749,747
752,751,750
754,753,750
750,753,752
753,754,734
734,754,733
754,590,733
590,591,733
733,591,592
733,592,737
737,592,594
737,594,739
739,594,582
596,744,588
744,596,598
744,598,746
746,598,600
746,600,748
756,755,602
602,755,600
755,749,600
749,748,600
758,757,756
756,757,755
758,759,757
762,761,760
762,760,751
751,760,750
760,604,750
604,605,750
750,605,606
750,606,754
754,606,590
608,756,602
756,608,610
756,610,758
764,763,612
612,763,610
763,759,610
759,758,610
764,765,763
768,767,766
768,766,761
761,766,760
766,614,760
614,615,760
760,615,604
616,764,612
770,769,618
618,769,616
769,765,616
765,764,616
770,771,769
774,773,772
774,772,767
767,772,766
772,620,766
620,621,766
766,621,614
622,770,618
776,775,624
624,775,622
775,771,622
771,770,622
776,777,775
780,779,778
780,778,773
773,778,772
778,626,772
626,627,772
772,627,620
628,776,624
782,781,630
630,781,628
781,777,628
777,776,628
782,783,781
778,779,784
784,779,785
784,632,626
784,626,778
634,786,782
634,782,630
783,782,787
787,782,786
790,789,788
790,788,785
785,788,784
788,636,784
636,637,784
784,637,632
638,786,634
792,791,640
640,791,638
791,787,638
787,786,638
792,793,791
788,789,794
794,789,795
794,642,636
794,636,788
644,796,792
644,792,640
793,792,797
797,792,796
794,795,798
798,795,799
798,646,642
798,642,794
648,800,796
648,796,644
797,796,801
801,796,800
798,799,651
799,650,651
799,802,650
798,651,646
652,800,648
652,654,800
654,801,800
654,803,801
802,656,650
804,656,802
658,803,654
658,805,803
804,660,656
806,660,804
662,805,658
662,807,805
663,660,808
660,809,808
660,806,809
808,665,663
667,810,668
810,811,668
811,662,668
811,807,662
808,809,812
812,809,813
812,670,665
812,665,808
672,814,810
672,810,667
811,810,815
815,810,814
812,813,816
816,813,817
816,674,670
816,670,812
676,818,814
676,814,672
815,814,819
819,814,818
817,820,816
820,822,821
820,821,677
816,820,677
674,816,677
821,679,677
681,823,682
823,824,682
682,824,676
824,825,676
825,818,676
818,825,819
821,822,826
826,822,827
826,684,679
826,679,821
686,828,823
686,823,681
824,823,829
829,823,828
827,830,826
830,832,831
830,831,687
826,830,687
684,826,687
831,689,687
691,833,692
833,834,692
692,834,686
834,835,686
835,828,686
828,835,829
832,836,831
836,838,837
836,837,693
831,836,693
689,831,693
837,695,693
697,839,698
839,840,698
698,840,691
840,841,691
841,833,691
833,841,834
838,842,837
842,844,843
842,843,699
837,842,699
695,837,699
843,701,699
705,845,706
845,846,706
706,846,697
846,847,697
847,839,697
839,847,840
844,848,843
848,850,849
848,849,707
843,848,707
701,843,707
851,708,707
851,707,849
851,710,708
716,852,717
853,718,717
853,717,852
853,854,718
718,854,705
854,855,705
855,845,705
845,855,846
850,856,849
849,856,851
851,856,857
857,859,858
857,858,719
851,857,719
710,851,719
860,720,719
860,719,858
861,721,720
861,720,860
861,723,721
726,862,727
863,728,727
863,727,862
864,729,728
864,728,863
864,865,729
729,865,716
865,866,716
866,852,716
852,866,853
853,866,867
853,867,854
859,868,858
858,868,860
860,868,869
860,869,861
861,869,870
861,870,723
870,730,723
870,871,730
730,872,731
871,872,730
731,873,732
872,873,731
726,732,862
732,874,862
732,873,874
862,874,863
863,874,875
863,875,864
864,875,876
864,876,865
879,878,877
881,880,877
877,880,879
883,882,881
881,882,880
885,884,883
883,884,882
887,886,885
885,886,884
889,888,887
887,888,886
891,890,889
889,890,888
891,892,890
895,894,893
897,896,893
893,896,895
734,735,897
735,896,897
735,898,896
736,877,878
898,736,878
735,736,898
877,736,738
877,738,881
881,738,740
881,740,883
883,740,741
883,741,885
885,741,742
885,742,887
887,742,743
887,743,889
889,743,745
889,745,891
899,892,891
745,899,891
747,899,745
901,900,749
900,747,749
900,899,747
903,902,901
901,902,900
903,904,902
907,906,905
907,905,894
894,905,893
905,751,893
751,752,893
893,752,753
893,753,897
897,753,734
755,901,749
901,755,757
901,757,903
909,908,759
759,908,757
908,904,757
904,903,757
909,910,908
913,912,911
913,911,906
906,911,905
911,761,905
761,762,905
905,762,751
763,909,759
915,914,765
765,914,763
914,910,763
910,909,763
915,916,914
919,918,917
919,917,912
912,917,911
917,767,911
767,768,911
911,768,761
769,915,765
921,920,771
771,920,769
920,916,769
916,915,769
921,922,920
925,924,923
925,923,918
918,923,917
923,773,917
773,774,917
917,774,767
775,921,771
927,926,777
777,926,775
926,922,775
922,921,775
927,928,926
931,930,929
931,929,924
924,929,923
929,779,923
779,780,923
923,780,773
781,927,777
933,932,783
783,932,781
932,928,781
928,927,781
933,934,932
929,930,935
935,930,936
935,785,779
935,779,929
787,937,933
787,933,783
934,933,938
938,933,937
935,936,790
936,789,790
936,939,789
935,790,785
791,937,787
791,793,937
793,938,937
793,940,938
943,942,941
939,943,941
795,939,941
789,939,795
797,945,944
940,797,944
793,797,940
945,946,944
941,942,947
947,942,948
947,799,795
947,795,941
801,949,945
801,945,797
946,945,950
950,945,949
947,948,951
951,948,952
951,802,799
951,799,947
803,953,949
803,949,801
950,949,954
954,949,953
951,952,955
955,952,956
955,804,802
955,802,951
805,957,953
805,953,803
954,953,958
958,953,957
955,956,959
959,956,960
959,806,804
959,804,955
807,961,957
807,957,805
958,957,962
962,957,961
959,960,963
963,960,964
963,809,806
963,806,959
811,965,961
811,961,807
962,961,966
966,961,965
963,964,967
967,964,968
967,813,809
967,809,963
815,969,965
815,965,811
966,965,970
970,965,969
968,971,967
813,967,971
972,813,971
817,813,972
974,973,969
815,974,969
819,974,815
969,973,970
820,817,975
817,976,975
817,972,976
975,822,820
824,977,825
977,978,825
978,819,825
978,974,819
975,976,979
979,976,980
979,827,822
979,822,975
829,981,977
829,977,824
978,977,982
982,977,981
980,983,979
983,985,984
983,984,830
979,983,830
827,979,830
984,832,830
834,986,835
986,987,835
835,987,829
987,988,829
988,981,829
981,988,982
985,989,984
989,991,990
989,990,836
984,989,836
832,984,836
990,838,836
840,992,841
992,993,841
841,993,834
993,994,834
994,986,834
986,994,987
991,995,990
995,997,996
995,996,842
990,995,842
838,990,842
996,844,842
846,998,847
998,999,847
847,999,840
999,1000,840
1000,992,840
992,1000,993
997,1001,996
1001,1003,1002
1001,1002,848
996,1001,848
844,996,848
1002,850,848
854,1004,855
1004,1005,855
855,1005,846
1005,1006,846
1006,998,846
998,1006,999
1003,1007,1002
1007,1009,1008
1007,1008,856
1002,1007,856
850,1002,856
1010,857,856
1010,856,1008
1010,859,857
865,1011,866
1012,867,866
1012,866,1011
1012,1013,867
867,1013,854
1013,1014,854
1014,1004,854
1004,1014,1005
1009,1015,1008
1008,1015,1010
1010,1015,1016
1010,1016,859
1016,868,859
1016,1017,868
1017,1019,1018
869,1017,1018
868,1017,869
1020,870,869
1020,869,1018
1021,871,870
1021,870,1020
1022,872,871
1022,871,1021
1023,873,872
1023,872,1022
1024,874,873
1024,873,1023
1025,875,874
1025,874,1024
875,1025,1026
1027,875,1026
876,875,1027
865,876,1011
876,1028,1011
876,1027,1028
1011,1028,1012
1012,1028,1029
1012,1029,1013
1019,1030,1018
1018,1030,1020
1020,1030,1031
1020,1031,1021
1021,1031,1032
1021,1032,1022
1022,1032,1033
1022,1033,1023
1023,1033,1034
1023,1034,1024
1024,1034,1035
1024,1035,1025
1025,1035,1036
1025,1036,1026
1039,1038,1037
1041,1040,1037
1037,1040,1039
1043,1042,1041
1041,1042,1040
1045,1044,1043
1043,1044,1042
1047,1046,1045
1045,1046,1044
1047,1048,1046
1051,1050,1049
1053,1052,1049
1049,1052,1051
878,879,1053
879,1052,1053
879,1054,1052
880,1037,1038
1054,880,1038
879,880,1054
1037,880,882
1037,882,1041
1041,882,884
1041,884,1043
1043,884,886
1043,886,1045
1045,886,888
1045,888,1047
1055,1048,1047
888,1055,1047
890,1055,888
1057,1056,892
1056,890,892
1056,1055,890
1059,1058,1057
1057,1058,1056
1059,1060,1058
1063,1062,1061
894,895,1061
895,1063,1061
895,1064,1063
896,1049,1050
1064,896,1050
895,896,1064
1049,896,898
1049,898,1053
1053,898,878
899,1057,892
1057,899,900
1057,900,1059
1065,1060,1059
900,1065,1059
902,1065,900
1067,1066,904
1066,902,904
1066,1065,902
1067,1068,1066
1071,1070,1069
1071,1069,1062
1062,1069,1061
1069,906,1061
906,907,1061
1061,907,894
908,1067,904
1073,1072,910
910,1072,908
1072,1068,908
1068,1067,908
1073,1074,1072
1077,1076,1075
1077,1075,1070
1070,1075,1069
1075,912,1069
912,913,1069
1069,913,906
914,1073,910
1079,1078,916
916,1078,914
1078,1074,914
1074,1073,914
1079,1080,1078
1083,1082,1081
1083,1081,1076
1076,1081,1075
1081,918,1075
918,919,1075
1075,919,912
920,1079,916
1085,1084,922
922,1084,920
1084,1080,920
1080,1079,920
1085,1086,1084
1089,1088,1087
1089,1087,1082
1082,1087,1081
1087,924,1081
924,925,1081
1081,925,918
926,1085,922
1091,1090,928
928,1090,926
1090,1086,926
1086,1085,926
1091,1092,1090
1087,1088,931
1088,930,931
1088,1093,930
1087,931,924
932,1091,928
932,934,1091
934,1092,1091
934,1094,1092
1097,1096,1095
1093,1097,1095
936,1093,1095
930,1093,936
938,1099,1098
1094,938,1098
934,938,1094
1099,1100,1098
1095,1096,1101
1101,1096,1102
1101,939,936
1101,936,1095
940,1103,1099
940,1099,938
1100,1099,1104
1104,1099,1103
1101,1102,943
1102,942,943
1102,1105,942
1101,943,939
944,1103,940
944,946,1103
946,1104,1103
946,1106,1104
1109,1108,1107
1105,1109,1107
948,1105,1107
942,1105,948
950,1111,1110
1106,950,1110
946,950,1106
1111,1112,1110
1107,1108,1113
1113,1108,1114
1113,952,948
1113,948,1107
954,1115,1111
954,1111,950
1112,1111,1116
1116,1111,1115
1113,1114,1117
1117,1114,1118
1117,956,952
1117,952,1113
958,1119,1115
958,1115,954
1116,1115,1120
1120,1115,1119
1117,1118,1121
1121,1118,1122
1121,960,956
1121,956,1117
962,1123,1119
962,1119,958
1120,1119,1124
1124,1119,1123
1121,1122,1125
1125,1122,1126
1125,964,960
1125,960,1121
966,1127,1123
966,1123,962
1124,1123,1128
1128,1123,1127
1126,1129,1125
964,1125,1129
1130,964,1129
968,964,1130
1132,1131,1127
966,1132,1127
970,1132,966
1127,1131,1128
971,968,1133
968,1134,1133
968,1130,1134
1133,972,971
974,1135,973
1135,1136,973
1136,970,973
1136,1132,970
1133,1134,1137
1137,1134,1138
1137,976,972
1137,972,1133
978,1139,1135
978,1135,974
1136,1135,1140
1140,1135,1139
1138,1141,1137
976,1137,1141
1142,976,1141
980,976,1142
1144,1143,1139
978,1144,1139
982,1144,978
1139,1143,1140
983,980,1145
980,1146,1145
980,1142,1146
1145,985,983
987,1147,988
1147,1148,988
1148,982,988
1148,1144,982
1146,1149,1145
1149,1151,1150
1149,1150,989
1145,1149,989
985,1145,989
1150,991,989
993,1152,994
1152,1153,994
994,1153,987
1153,1154,987
1154,1147,987
1147,1154,1148
1151,1155,1150
1155,1157,1156
1155,1156,995
1150,1155,995
991,1150,995
1156,997,995
999,1158,1000
1158,1159,1000
1000,1159,993
1159,1160,993
1160,1152,993
1152,1160,1153
1157,1161,1156
1161,1163,1162
1161,1162,1001
1156,1161,1001
997,1156,1001
1162,1003,1001
1005,1164,1006
1164,1165,1006
1006,1165,999
1165,1166,999
1166,1158,999
1158,1166,1159
1163,1167,1162
1167,1169,1168
1167,1168,1007
1162,1167,1007
1003,1162,1007
1168,1009,1007
1013,1170,1014
1170,1171,1014
1014,1171,1005
1171,1172,1005
1172,1164,1005
1164,1172,1165
1169,1173,1168
1168,1173,1009
1173,1015,1009
1173,1174,1015
1174,1176,1175
1016,1174,1175
1015,1174,1016
1177,1017,1016
1177,1016,1175
1177,1019,1017
1026,1178,1027
1179,1028,1027
1179,1027,1178
1028,1179,1180
1181,1028,1180
1029,1028,1181
1013,1029,1170
1029,1182,1170
1029,1181,1182
1170,1182,1171
1176,1183,1175
1175,1183,1177
1177,1183,1184
1177,1184,1019
1184,1030,1019
1184,1185,1030
1185,1187,1186
1031,1185,1186
1030,1185,1031
1188,1032,1031
1188,1031,1186
1189,1033,1032
1189,1032,1188
1190,1034,1033
1190,1033,1189
1191,1035,1034
1191,1034,1190
1035,1191,1192
1193,1035,1192
1036,1035,1193
1026,1036,1178
1036,1194,1178
1036,1193,1194
1178,1194,1179
1179,1194,1195
1179,1195,1180
1187,1196,1186
1186,1196,1188
1188,1196,1197
1188,1197,1189
1189,1197,1198
1189,1198,1190
1190,1198,1199
1190,1199,1191
1191,1199,1200
1191,1200,1192
1203,1202,1201
1205,1204,1201
1201,1204,1203
1038,1039,1205
1039,1204,1205
1039,1206,1204
1207,1039,1040
1207,1206,1039
1208,1040,1042
1208,1207,1040
1209,1042,1044
1209,1208,1042
1210,1044,1046
1210,1209,1044
1212,1211,1048
1211,1046,1048
1211,1210,1046
1214,1213,1212
1212,1213,1211
1214,1215,1213
1218,1217,1216
1050,1051,1216
1051,1218,1216
1051,1219,1218
1052,1201,1202
1219,1052,1202
1051,1052,1219
1201,1052,1054
1201,1054,1205
1205,1054,1038
1055,1212,1048
1212,1055,1056
1212,1056,1214
1220,1215,1214
1056,1220,1214
1058,1220,1056
1222,1221,1060
1221,1058,1060
1221,1220,1058
1222,1223,1221
1226,1225,1224
1062,1063,1224
1063,1226,1224
1063,1227,1226
1064,1216,1217
1227,1064,1217
1063,1064,1227
1216,1064,1050
1065,1222,1060
1228,1223,1222
1065,1228,1222
1066,1228,1065
1230,1229,1068
1229,1066,1068
1229,1228,1066
1230,1231,1229
1234,1233,1232
1234,1232,1225
1225,1232,1224
1232,1070,1224
1070,1071,1224
1224,1071,1062
1072,1230,1068
1236,1235,1074
1074,1235,1072
1235,1231,1072
1231,1230,1072
1236,1237,1235
1240,1239,1238
1240,1238,1233
1233,1238,1232
1238,1076,1232
1076,1077,1232
1232,1077,1070
1078,1236,1074
1242,1241,1080
1080,1241,1078
1241,1237,1078
1237,1236,1078
1242,1243,1241
1246,1245,1244
1246,1244,1239
1239,1244,1238
1244,1082,1238
1082,1083,1238
1238,1083,1076
1084,1242,1080
1248,1247,1086
1086,1247,1084
1247,1243,1084
1243,1242,1084
1248,1249,1247
1244,1245,1089
1245,1088,1089
1245,1250,1088
1244,1089,1082
1090,1248,1086
1090,1092,1248
1092,1249,1248
1092,1251,1249
1254,1253,1252
1250,1254,1252
1093,1250,1252
1088,1250,1093
1094,1256,1255
1251,1094,1255
1092,1094,1251
1256,1257,1255
1252,1253,1097
1253,1096,1097
1253,1258,1096
1252,1097,1093
1098,1256,1094
1098,1100,1256
1100,1257,1256
1100,1259,1257
1262,1261,1260
1258,1262,1260
1102,1258,1260
1096,1258,1102
1104,1264,1263
1259,1104,1263
1100,1104,1259
1264,1265,1263
1260,1261,1266
1266,1261,1267
1266,1105,1102
1266,1102,1260
1106,1268,1264
1106,1264,1104
1265,1264,1269
1269,1264,1268
1266,1267,1109
1267,1108,1109
1267,1270,1108
1266,1109,1105
1110,1268,1106
1110,1112,1268
1112,1269,1268
1112,1271,1269
1270,1114,1108
1272,1114,1270
1116,1271,1112
1116,1273,1271
1272,1118,1114
1274,1118,1272
1120,1273,1116
1120,1275,1273
1274,1122,1118
1276,1122,1274
1124,1275,1120
1124,1277,1275
1276,1126,1122
1278,1126,1276
1128,1277,1124
1128,1279,1277
1129,1126,1280
1126,1281,1280
1126,1278,1281
1280,1130,1129
1132,1282,1131
1282,1283,1131
1283,1128,1131
1283,1279,1128
1280,1281,1284
1284,1281,1285
1284,1134,1130
1284,1130,1280
1136,1286,1282
1136,1282,1132
1283,1282,1287
1287,1282,1286
1285,1288,1284
1134,1284,1288
1289,1134,1288
1138,1134,1289
1291,1290,1286
1136,1291,1286
1140,1291,1136
1286,1290,1287
1141,1138,1292
1138,1293,1292
1138,1289,1293
1292,1142,1141
1144,1294,1143
1294,1295,1143
1295,1140,1143
1295,1291,1140
1293,1296,1292
1142,1292,1296
1297,1142,1296
1146,1142,1297
1299,1298,1294
1144,1299,1294
1148,1299,1144
1294,1298,1295
1149,1146,1300
1146,1301,1300
1146,1297,1301
1300,1151,1149
1153,1302,1154
1302,1303,1154
1303,1148,1154
1303,1299,1148
1301,1304,1300
1304,1306,1305
1304,1305,1155
1300,1304,1155
1151,1300,1155
1305,1157,1155
1159,1307,1160
1307,1308,1160
1160,1308,1153
1308,1309,1153
1309,1302,1153
1302,1309,1303
1306,1310,1305
1310,1312,1311
1310,1311,1161
1305,1310,1161
1157,1305,1161
1311,1163,1161
1165,1313,1166
1313,1314,1166
1166,1314,1159
1314,1315,1159
1315,1307,1159
1307,1315,1308
1312,1316,1311
1316,1318,1317
1316,1317,1167
1311,1316,1167
1163,1311,1167
1317,1169,1167
1171,1319,1172
1319,1320,1172
1172,1320,1165
1320,1321,1165
1321,1313,1165
1313,1321,1314
1318,1322,1317
1317,1322,1169
1322,1173,1169
1322,1323,1173
1323,1325,1324
1174,1323,1324
1173,1323,1174
1324,1176,1174
1180,1326,1181
1181,1326,1327
1328,1181,1327
1182,1181,1328
1171,1182,1319
1182,1329,1319
1182,1328,1329
1319,1329,1320
1325,1330,1324
1324,1330,1176
1330,1183,1176
1330,1331,1183
1331,1333,1332
1184,1331,1332
1183,1331,1184
1334,1185,1184
1334,1184,1332
1334,1187,1185
1192,1335,1193
1336,1194,1193
1336,1193,1335
1194,1336,1337
1338,1194,1337
1195,1194,1338
1180,1195,1326
1195,1339,1326
1195,1338,1339
1326,1339,1327
1333,1340,1332
1332,1340,1334
1334,1340,1341
1334,1341,1187
1341,1196,1187
1341,1342,1196
1196,1343,1197
1342,1343,1196
1197,1344,1198
1343,1344,1197
1198,1345,1199
1344,1345,1198
1199,1346,1200
1345,1346,1199
1192,1200,1335
1200,1347,1335
1200,1346,1347
1335,1347,1336
1336,1347,1348
1336,1348,1337
1351,1350,1349
1353,1352,1349
1349,1352,1351
1355,1354,1353
1353,1354,1352
1355,1356,1354
1359,1358,1357
1202,1203,1357
1203,1359,1357
1203,1360,1359
1361,1203,1204
1361,1360,1203
1362,1204,1206
1362,1361,1204
1207,1349,1350
1362,1207,1350
1206,1207,1362
1349,1207,1208
1349,1208,1353
1353,1208,1209
1353,1209,1355
1363,1356,1355
1209,1363,1355
1210,1363,1209
1364,1210,1211
1364,1363,1210
1365,1211,1213
1365,1364,1211
1367,1366,1215
1366,1213,1215
1366,1365,1213
1367,1368,1366
1371,1370,1369
1217,1218,1369
1218,1371,1369
1218,1372,1371
1219,1357,1358
1372,1219,1358
1218,1219,1372
1357,1219,1202
1220,1367,1215
1373,1368,1367
1220,1373,1367
1221,1373,1220
1375,1374,1223
1374,1221,1223
1374,1373,1221
1375,1376,1374
1378,1377,1226
1226,1377,1225
1227,1369,1370
1378,1227,1370
1226,1227,1378
1369,1227,1217
1228,1375,1223
1379,1376,1375
1228,1379,1375
1229,1379,1228
1229,1231,1379
1379,1231,1380
1382,1381,1234
1234,1381,1233
1234,1225,1377
1234,1377,1382
1383,1380,1231
1383,1231,1235
1235,1237,1383
1383,1237,1384
1386,1385,1240
1240,1385,1239
1240,1233,1381
1240,1381,1386
1387,1384,1237
1387,1237,1241
1241,1243,1387
1387,1243,1388
1390,1389,1246
1246,1389,1245
1246,1239,1385
1246,1385,1390
1391,1388,1243
1391,1243,1247
1247,1249,1391
1391,1249,1392
1395,1394,1393
1389,1395,1393
1250,1389,1393
1245,1389,1250
1251,1397,1396
1392,1251,1396
1249,1251,1392
1397,1398,1396
1393,1394,1254
1394,1253,1254
1394,1399,1253
1393,1254,1250
1255,1397,1251
1255,1257,1397
1257,1398,1397
1257,1400,1398
1403,1402,1401
1399,1403,1401
1258,1399,1401
1253,1399,1258
1259,1405,1404
1400,1259,1404
1257,1259,1400
1405,1406,1404
1401,1402,1262
1402,1261,1262
1402,1407,1261
1401,1262,1258
1263,1405,1259
1263,1265,1405
1265,1406,1405
1265,1408,1406
1407,1267,1261
1409,1267,1407
1269,1408,1265
1269,1410,1408
1409,1270,1267
1411,1270,1409
1271,1410,1269
1271,1412,1410
1415,1414,1413
1411,1415,1413
1272,1411,1413
1270,1411,1272
1273,1417,1416
1412,1273,1416
1271,1273,1412
1417,1418,1416
1413,1414,1419
1419,1414,1420
1419,1274,1272
1419,1272,1413
1275,1421,1417
1275,1417,1273
1418,1417,1422
1422,1417,1421
1419,1420,1423
1423,1420,1424
1423,1276,1274
1423,1274,1419
1277,1425,1421
1277,1421,1275
1422,1421,1426
1426,1421,1425
1424,1427,1423
1276,1423,1427
1428,1276,1427
1278,1276,1428
1430,1429,1425
1277,1430,1425
1279,1430,1277
1425,1429,1426
1428,1281,1278
1431,1281,1428
1283,1430,1279
1283,1432,1430
1431,1285,1281
1433,1285,1431
1287,1432,1283
1287,1434,1432
1288,1285,1435
1285,1436,1435
1285,1433,1436
1435,1289,1288
1291,1437,1290
1437,1438,1290
1438,1287,1290
1438,1434,1287
1436,1439,1435
1289,1435,1439
1440,1289,1439
1293,1289,1440
1442,1441,1437
1291,1442,1437
1295,1442,1291
1437,1441,1438
1296,1293,1443
1293,1444,1443
1293,1440,1444
1443,1297,1296
1299,1445,1298
1445,1446,1298
1446,1295,1298
1446,1442,1295
1444,1447,1443
1297,1443,1447
1448,1297,1447
1301,1297,1448
1450,1449,1445
1299,1450,1445
1303,1450,1299
1445,1449,1446
1448,1451,1301
1301,1451,1304
1306,1304,1451
1306,1451,1452
1454,1453,1309
1454,1309,1308
1303,1309,1450
1450,1309,1453
1452,1455,1306
1306,1455,1310
1312,1310,1455
1312,1455,1456
1458,1457,1315
1458,1315,1314
1308,1315,1454
1454,1315,1457
1456,1459,1312
1312,1459,1316
1318,1316,1459
1318,1459,1460
1462,1461,1321
1462,1321,1320
1314,1321,1458
1458,1321,1461
1460,1463,1318
1318,1463,1322
1463,1465,1464
1323,1463,1464
1322,1463,1323
1464,1325,1323
1327,1466,1328
1328,1466,1467
1468,1328,1467
1329,1328,1468
1320,1329,1462
1462,1329,1468
1465,1469,1464
1464,1469,1325
1469,1330,1325
1469,1470,1330
1470,1472,1471
1331,1470,1471
1330,1470,1331
1471,1333,1331
1337,1473,1338
1338,1473,1474
1475,1338,1474
1339,1338,1475
1327,1339,1466
1339,1476,1466
1339,1475,1476
1466,1476,1467
1472,1477,1471
1471,1477,1333
1477,1340,1333
1477,1478,1340
1340,1479,1341
1478,1479,1340
1341,1480,1342
1479,1480,1341
1480,1482,1481
1343,1480,1481
1342,1480,1343
1483,1344,1343
1483,1343,1481
1484,1345,1344
1484,1344,1483
1345,1484,1485
1486,1345,1485
1346,1345,1486
1346,1487,1347
1486,1487,1346
1347,1488,1348
1487,1488,1347
1337,1348,1473
1348,1489,1473
1348,1488,1489
1473,1489,1474
1482,1490,1481
1481,1490,1483
1483,1490,1491
1483,1491,1484
1484,1491,1492
1484,1492,1485
1495,1494,1493
1497,1496,1493
1493,1496,1495
1350,1351,1497
1351,1496,1497
1351,1498,1496
1499,1351,1352
1499,1498,1351
1500,1352,1354
1500,1499,1352
1502,1501,1356
1501,1354,1356
1501,1500,1354
1504,1503,1502
1502,1503,1501
1504,1505,1503
1508,1507,1506
1358,1359,1506
1359,1508,1506
1359,1509,1508
1510,1359,1360
1510,1509,1359
1361,1493,1494
1510,1361,1494
1360,1361,1510
1493,1361,1362
1493,1362,1497
1497,1362,1350
1363,1502,1356
1502,1363,1364
1502,1364,1504
1511,1505,1504
1364,1511,1504
1365,1511,1364
1512,1365,1366
1512,1511,1365
1514,1513,1368
1513,1366,1368
1513,1512,1366
1514,1515,1513
1517,1516,1371
1371,1516,1370
1372,1506,1507
1517,1372,1507
1371,1372,1517
1506,1372,1358
1373,1514,1368
1518,1515,1514
1373,1518,1514
1374,1518,1373
1374,1376,1518
1518,1376,1519
1522,1521,1520
1377,1378,1520
1378,1522,1520
1378,1523,1522
1378,1370,1516
1378,1516,1523
1524,1519,1376
1524,1376,1379
1526,1525,1380
1525,1379,1380
1525,1524,1379
1526,1527,1525
1530,1529,1528
1530,1528,1521
1521,1528,1520
1528,1381,1520
1381,1382,1520
1520,1382,1377
1383,1526,1380
1532,1531,1384
1384,1531,1383
1531,1527,1383
1527,1526,1383
1532,1533,1531
1536,1535,1534
1536,1534,1529
1529,1534,1528
1534,1385,1528
1385,1386,1528
1528,1386,1381
1387,1532,1384
1538,1537,1388
1388,1537,1387
1537,1533,1387
1533,1532,1387
1538,1539,1537
1534,1535,1390
1535,1389,1390
1535,1540,1389
1534,1390,1385
1391,1538,1388
1391,1392,1538
1392,1539,1538
1392,1541,1539
1543,1542,1395
1395,1542,1394
1395,1389,1540
1395,1540,1543
1544,1541,1392
1544,1392,1396
1396,1398,1544
1544,1398,1545
1548,1547,1546
1542,1548,1546
1399,1542,1546
1394,1542,1399
1400,1550,1549
1545,1400,1549
1398,1400,1545
1550,1551,1549
1546,1547,1403
1547,1402,1403
1547,1552,1402
1546,1403,1399
1404,1550,1400
1404,1406,1550
1406,1551,1550
1406,1553,1551
1552,1407,1402
1554,1407,1552
1408,1553,1406
1408,1555,1553
1558,1557,1556
1554,1558,1556
1409,1554,1556
1407,1554,1409
1410,1560,1559
1555,1410,1559
1408,1410,1555
1560,1561,1559
1556,1557,1562
1562,1557,1563
1562,1411,1409
1562,1409,1556
1412,1564,1560
1412,1560,1410
1561,1560,1565
1565,1560,1564
1562,1563,1415
1563,1414,1415
1563,1566,1414
1562,1415,1411
1416,1564,1412
1416,1418,1564
1418,1565,1564
1418,1567,1565
1566,1420,1414
1568,1420,1566
1422,1567,1418
1422,1569,1567
1568,1424,1420
1570,1424,1568
1426,1569,1422
1426,1571,1569
1427,1424,1572
1424,1573,1572
1424,1570,1573
1572,1428,1427
1430,1574,1429
1574,1575,1429
1575,1426,1429
1575,1571,1426
1572,1573,1576
1576,1573,1577
1576,1431,1428
1576,1428,1572
1432,1578,1574
1432,1574,1430
1575,1574,1579
1579,1574,1578
1577,1580,1576
1431,1576,1580
1581,1431,1580
1433,1431,1581
1583,1582,1578
1432,1583,1578
1434,1583,1432
1578,1582,1579
1581,1436,1433
1584,1436,1581
1438,1583,1434
1438,1585,1583
1439,1436,1586
1436,1587,1586
1436,1584,1587
1586,1440,1439
1442,1588,1441
1588,1589,1441
1589,1438,1441
1589,1585,1438
1587,1590,1586
1440,1586,1590
1591,1440,1590
1444,1440,1591
1593,1592,1588
1442,1593,1588
1446,1593,1442
1588,1592,1589
1591,1594,1444
1444,1594,1447
1448,1447,1594
1448,1594,1595
1597,1596,1449
1597,1449,1450
1446,1449,1593
1593,1449,1596
1451,1448,1598
1448,1599,1598
1448,1595,1599
1598,1452,1451
1454,1600,1453
1600,1601,1453
1601,1450,1453
1601,1597,1450
1599,1602,1598
1602,1604,1603
1602,1603,1455
1598,1602,1455
1452,1598,1455
1603,1456,1455
1458,1605,1457
1605,1606,1457
1457,1606,1454
1606,1607,1454
1607,1600,1454
1600,1607,1601
1604,1608,1603
1608,1610,1609
1608,1609,1459
1603,1608,1459
1456,1603,1459
1609,1460,1459
1462,1611,1461
1611,1612,1461
1461,1612,1458
1612,1613,1458
1613,1605,1458
1605,1613,1606
1610,1614,1609
1609,1614,1460
1614,1463,1460
1614,1615,1463
1465,1463,1615
1465,1615,1616
1618,1617,1468
1618,1468,1467
1462,1468,1611
1468,1619,1611
1468,1617,1619
1611,1619,1612
1616,1620,1465
1465,1620,1469
1620,1622,1621
1470,1620,1621
1469,1620,1470
1621,1472,1470
1474,1623,1475
1475,1623,1624
1625,1475,1624
1476,1475,1625
1467,1476,1618
1618,1476,1625
1622,1626,1621
1621,1626,1472
1626,1477,1472
1626,1627,1477
1477,1628,1478
1627,1628,1477
1628,1630,1629
1479,1628,1629
1478,1628,1479
1631,1480,1479
1631,1479,1629
1631,1482,1480
1485,1632,1486
1633,1487,1486
1633,1486,1632
1487,1633,1634
1635,1487,1634
1488,1487,1635
1488,1636,1489
1635,1636,1488
1474,1489,1623
1489,1637,1623
1489,1636,1637
1623,1637,1624
1630,1638,1629
1629,1638,1631
1631,1638,1639
1631,1639,1482
1639,1490,1482
1639,1640,1490
1490,1641,1491
1640,1641,1490
1491,1642,1492
1641,1642,1491
1485,1492,1632
1492,1643,1632
1492,1642,1643
1632,1643,1633
1633,1643,1644
1633,1644,1634
1647,1646,1645
1494,1495,1645
1495,1647,1645
1495,1648,1647
1649,1495,1496
1649,1648,1495
1650,1496,1498
1650,1649,1496
1651,1498,1499
1651,1650,1498
1652,1499,1500
1652,1651,1499
1653,1500,1501
1653,1652,1500
1654,1501,1503
1654,1653,1501
1656,1655,1505
1655,1503,1505
1655,1654,1503
1656,1657,1655
1659,1658,1508
1508,1658,1507
1660,1508,1509
1660,1659,1508
1510,1645,1646
1660,1510,1646
1509,1510,1660
1645,1510,1494
1511,1656,1505
1661,1657,1656
1511,1661,1656
1512,1661,1511
1662,1512,1513
1662,1661,1512
1513,1515,1662
1662,1515,1663
1666,1665,1664
1516,1517,1664
1517,1666,1664
1517,1667,1666
1517,1507,1658
1517,1658,1667
1668,1663,1515
1668,1515,1518
1670,1669,1519
1669,1518,1519
1669,1668,1518
1670,1671,1669
1673,1672,1522
1522,1672,1521
1523,1664,1665
1673,1523,1665
1522,1523,1673
1664,1523,1516
1524,1670,1519
1674,1671,1670
1524,1674,1670
1525,1674,1524
1525,1527,1674
1674,1527,1675
1677,1676,1530
1530,1676,1529
1530,1521,1672
1530,1672,1677
1678,1675,1527
1678,1527,1531
1531,1533,1678
1678,1533,1679
1681,1680,1536
1536,1680,1535
1536,1529,1676
1536,1676,1681
1682,1679,1533
1682,1533,1537
1537,1539,1682
1682,1539,1683
1686,1685,1684
1680,1686,1684
1540,1680,1684
1535,1680,1540
1541,1688,1687
1683,1541,1687
1539,1541,1683
1688,1689,1687
1684,1685,1543
1685,1542,1543
1685,1690,1542
1684,1543,1540
1544,1688,1541
1544,1545,1688
1545,1689,1688
1545,1691,1689
1693,1692,1548
1548,1692,1547
1548,1542,1690
1548,1690,1693
1694,1691,1545
1694,1545,1549
1549,1551,1694
1694,1551,1695
1692,1552,1547
1696,1552,1692
1553,1695,1551
1553,1697,1695
1700,1699,1698
1696,1700,1698
1554,1696,1698
1552,1696,1554
1555,1702,1701
1697,1555,1701
1553,1555,1697
1702,1703,1701
1698,1699,1558
1699,1557,1558
1699,1704,1557
1698,1558,1554
1559,1702,1555
1559,1561,1702
1561,1703,1702
1561,1705,1703
1704,1563,1557
1706,1563,1704
1565,1705,1561
1565,1707,1705
1706,1566,1563
1708,1566,1706
1567,1707,1565
1567,1709,1707
1708,1568,1566
1710,1568,1708
1569,1709,1567
1569,1711,1709
1710,1570,1568
1712,1570,1710
1571,1711,1569
1571,1713,1711
1712,1573,1570
1714,1573,1712
1575,1713,1571
1575,1715,1713
1714,1577,1573
1716,1577,1714
1579,1715,1575
1579,1717,1715
1580,1577,1718
1577,1719,1718
1577,1716,1719
1718,1581,1580
1583,1720,1582
1720,1721,1582
1721,1579,1582
1721,1717,1579
1719,1722,1718
1581,1718,1722
1723,1581,1722
1584,1581,1723
1725,1724,1720
1583,1725,1720
1585,1725,1583
1720,1724,1721
1723,1587,1584
1726,1587,1723
1589,1725,1585
1589,1727,1725
1726,1728,1587
1587,1728,1590
1591,1590,1728
1591,1728,1729
1731,1730,1592
1731,1592,1593
1589,1592,1727
1727,1592,1730
1594,1591,1732
1591,1733,1732
1591,1729,1733
1732,1595,1594
1597,1734,1596
1734,1735,1596
1735,1593,1596
1735,1731,1593
1733,1736,1732
1595,1732,1736
1737,1595,1736
1599,1595,1737
1739,1738,1734
1597,1739,1734
1601,1739,1597
1734,1738,1735
1737,1740,1599
1599,1740,1602
1604,1602,1740
1604,1740,1741
1743,1742,1607
1743,1607,1606
1601,1607,1739
1739,1607,1742
1741,1744,1604
1604,1744,1608
1610,1608,1744
1610,1744,1745
1747,1746,1613
1747,1613,1612
1606,1613,1743
1743,1613,1746
1745,1748,1610
1610,1748,1614
1748,1750,1749
1615,1748,1749
1614,1748,1615
1749,1616,1615
1618,1751,1617
1617,1751,1752
1753,1617,1752
1619,1617,1753
1612,1619,1747
1747,1619,1753
1750,1754,1749
1749,1754,1616
1754,1620,1616
1754,1755,1620
1622,1620,1755
1622,1755,1756
1758,1757,1625
1758,1625,1624
1618,1625,1751
1625,1759,1751
1625,1757,1759
1751,1759,1752
1756,1760,1622
1622,1760,1626
1626,1761,1627
1760,1761,1626
1761,1763,1762
1628,1761,1762
1627,1761,1628
1762,1630,1628
1634,1764,1635
1635,1764,1765
1766,1635,1765
1636,1635,1766
1636,1767,1637
1766,1767,1636
1624,1637,1758
1758,1637,1767
1763,1768,1762
1762,1768,1630
1768,1638,1630
1768,1769,1638
1638,1770,1639
1769,1770,1638
1639,1771,1640
1770,1771,1639
1640,1772,1641
1771,1772,1640
1641,1773,1642
1772,1773,1641
1642,1774,1643
1773,1774,1642
1643,1775,1644
1774,1775,1643
1634,1644,1764
1644,1776,1764
1644,1775,1776
1764,1776,1765
1778,1777,1647
1647,1777,1646
1779,1647,1648
1779,1778,1647
1780,1648,1649
1780,1779,1648
1781,1649,1650
1781,1780,1649
1782,1650,1651
1782,1781,1650
1783,1651,1652
1783,1782,1651
1784,1652,1653
1784,1783,1652
1785,1653,1654
1785,1784,1653
1786,1654,1655
1786,1785,1654
1655,1657,1786
1786,1657,1787
1790,1789,1788
1658,1659,1788
1659,1790,1788
1659,1791,1790
1792,1659,1660
1792,1791,1659
1660,1646,1777
1660,1777,1792
1793,1787,1657
1793,1657,1661
1794,1661,1662
1794,1793,1661
1796,1795,1663
1795,1662,1663
1795,1794,1662
1796,1797,1795
1799,1798,1666
1666,1798,1665
1667,1788,1789
1799,1667,1789
1666,1667,1799
1788,1667,1658
1668,1796,1663
1800,1797,1796
1668,1800,1796
1669,1800,1668
1669,1671,1800
1800,1671,1801
1803,1802,1673
1673,1802,1672
1673,1665,1798
1673,1798,1803
1804,1801,1671
1804,1671,1674
1674,1675,1804
1804,1675,1805
1807,1806,1677
1677,1806,1676
1677,1672,1802
1677,1802,1807
1808,1805,1675
1808,1675,1678
1678,1679,1808
1808,1679,1809
1811,1810,1681
1681,1810,1680
1681,1676,1806
1681,1806,1811
1812,1809,1679
1812,1679,1682
1682,1683,1812
1812,1683,1813
1815,1814,1686
1686,1814,1685
1686,1680,1810
1686,1810,1815
1816,1813,1683
1816,1683,1687
1687,1689,1816
1816,1689,1817
1820,1819,1818
1814,1820,1818
1690,1814,1818
1685,1814,1690
1691,1822,1821
1817,1691,1821
1689,1691,1817
1822,1823,1821
1818,1819,1693
1819,1692,1693
1819,1824,1692
1818,1693,1690
1694,1822,1691
1694,1695,1822
1695,1823,1822
1695,1825,1823
1824,1696,1692
1826,1696,1824
1697,1825,1695
1697,1827,1825
1829,1828,1700
1700,1828,1699
1700,1696,1826
1700,1826,1829
1830,1827,1697
1830,1697,1701
1701,1703,1830
1830,1703,1831
1828,1704,1699
1832,1704,1828
1705,1831,1703
1705,1833,1831
1832,1706,1704
1834,1706,1832
1707,1833,1705
1707,1835,1833
1834,1708,1706
1836,1708,1834
1709,1835,1707
1709,1837,1835
1836,1710,1708
1838,1710,1836
1711,1837,1709
1711,1839,1837
1838,1712,1710
1840,1712,1838
1713,1839,1711
1713,1841,1839
1840,1714,1712
1842,1714,1840
1715,1841,1713
1715,1843,1841
1842,1716,1714
1844,1716,1842
1717,1843,1715
1717,1845,1843
1844,1719,1716
1846,1719,1844
1721,1845,1717
1721,1847,1845
1846,1848,1719
1719,1848,1722
1723,1722,1848
1723,1848,1849
1851,1850,1724
1851,1724,1725
1721,1724,1847
1847,1724,1850
1849,1726,1723
1852,1726,1849
1727,1851,1725
1727,1853,1851
1728,1726,1854
1726,1855,1854
1726,1852,1855
1854,1729,1728
1731,1856,1730
1856,1857,1730
1857,1727,1730
1857,1853,1727
1855,1858,1854
1729,1854,1858
1859,1729,1858
1733,1729,1859
1861,1860,1856
1731,1861,1856
1735,1861,1731
1856,1860,1857
1859,1862,1733
1733,1862,1736
1737,1736,1862
1737,1862,1863
1865,1864,1738
1865,1738,1739
1735,1738,1861
1861,1738,1864
1863,1866,1737
1737,1866,1740
1741,1740,1866
1741,1866,1867
1869,1868,1742
1869,1742,1743
1739,1742,1865
1865,1742,1868
1867,1870,1741
1741,1870,1744
1745,1744,1870
1745,1870,1871
1873,1872,1746
1873,1746,1747
1743,1746,1869
1869,1746,1872
1871,1874,1745
1745,1874,1748
1750,1748,1874
1750,1874,1875
1877,1876,1753
1877,1753,1752
1747,1753,1873
1873,1753,1876
1875,1878,1750
1750,1878,1754
1878,1880,1879
1755,1878,1879
1754,1878,1755
1879,1756,1755
1758,1881,1757
1757,1881,1882
1883,1757,1882
1759,1757,1883
1752,1759,1877
1877,1759,1883
1880,1884,1879
1879,1884,1756
1884,1760,1756
1884,1885,1760
1760,1886,1761
1885,1886,1760
1763,1761,1886
1763,1886,1887
1889,1888,1766
1889,1766,1765
1766,1890,1767
1888,1890,1766
1758,1767,1881
1767,1891,1881
1767,1890,1891
1881,1891,1882
1887,1892,1763
1763,1892,1768
1768,1893,1769
1892,1893,1768
1769,1894,1770
1893,1894,1769
1770,1895,1771
1894,1895,1770
1771,1896,1772
1895,1896,1771
1772,1897,1773
1896,1897,1772
1773,1898,1774
1897,1898,1773
1774,1899,1775
1898,1899,1774
1775,1900,1776
1899,1900,1775
1765,1776,1889
1889,1776,1900
1903,1902,1901
1777,1778,1901
1778,1903,1901
1778,1904,1903
1905,1778,1779
1905,1904,1778
1906,1779,1780
1906,1905,1779
1907,1780,1781
1907,1906,1780
1908,1781,1782
1908,1907,1781
1909,1782,1783
1909,1908,1782
1910,1783,1784
1910,1909,1783
1911,1784,1785
1911,1910,1784
1912,1785,1786
1912,1911,1785
1914,1913,1787
1913,1786,1787
1913,1912,1786
1914,1915,1913
1917,1916,1790
1790,1916,1789
1918,1790,1791
1918,1917,1790
1792,1901,1902
1918,1792,1902
1791,1792,1918
1901,1792,1777
1793,1914,1787
1919,1915,1914
1793,1919,1914
1794,1919,1793
1920,1794,1795
1920,1919,1794
1795,1797,1920
1920,1797,1921
1923,1922,1799
1799,1922,1798
1799,1789,1916
1799,1916,1923
1924,1921,1797
1924,1797,1800
1800,1801,1924
1924,1801,1925
1928,1927,1926
1802,1803,1926
1803,1928,1926
1803,1929,1928
1803,1798,1922
1803,1922,1929
1930,1925,1801
1930,1801,1804
1932,1931,1805
1931,1804,1805
1931,1930,1804
1932,1933,1931
1936,1935,1934
1936,1934,1927
1927,1934,1926
1934,1806,1926
1806,1807,1926
1926,1807,1802
1808,1932,1805
1938,1937,1809
1809,1937,1808
1937,1933,1808
1933,1932,1808
1938,1939,1937
1934,1935,1811
1935,1810,1811
1935,1940,1810
1934,1811,1806
1812,1938,1809
1812,1813,1938
1813,1939,1938
1813,1941,1939
1943,1942,1815
1815,1942,1814
1815,1810,1940
1815,1940,1943
1944,1941,1813
1944,1813,1816
1816,1817,1944
1944,1817,1945
1947,1946,1820
1820,1946,1819
1820,1814,1942
1820,1942,1947
1948,1945,1817
1948,1817,1821
1821,1823,1948
1948,1823,1949
1946,1824,1819
1950,1824,1946
1825,1949,1823
1825,1951,1949
1954,1953,1952
1950,1954,1952
1826,1950,1952
1824,1950,1826
1827,1956,1955
1951,1827,1955
1825,1827,1951
1956,1957,1955
1952,1953,1829
1953,1828,1829
1953,1958,1828
1952,1829,1826
1830,1956,1827
1830,1831,1956
1831,1957,1956
1831,1959,1957
1958,1832,1828
1960,1832,1958
1833,1959,1831
1833,1961,1959
1960,1834,1832
1962,1834,1960
1835,1961,1833
1835,1963,1961
1962,1836,1834
1964,1836,1962
1837,1963,1835
1837,1965,1963
1964,1838,1836
1966,1838,1964
1839,1965,1837
1839,1967,1965
1966,1840,1838
1968,1840,1966
1841,1967,1839
1841,1969,1967
1968,1842,1840
1970,1842,1968
1843,1969,1841
1843,1971,1969
1970,1844,1842
1972,1844,1970
1845,1971,1843
1845,1973,1971
1972,1846,1844
1974,1846,1972
1847,1973,1845
1847,1975,1973
1848,1846,1976
1846,1977,1976
1846,1974,1977
1976,1849,1848
1851,1978,1850
1978,1979,1850
1979,1847,1850
1979,1975,1847
1977,1980,1976
1849,1976,1980
1981,1849,1980
1852,1849,1981
1983,1982,1978
1851,1983,1978
1853,1983,1851
1978,1982,1979
1981,1855,1852
1984,1855,1981
1857,1983,1853
1857,1985,1983
1984,1986,1855
1855,1986,1858
1859,1858,1986
1859,1986,1987
1989,1988,1860
1989,1860,1861
1857,1860,1985
1985,1860,1988
1987,1990,1859
1859,1990,1862
1863,1862,1990
1863,1990,1991
1993,1992,1864
1993,1864,1865
1861,1864,1989
1989,1864,1992
1866,1863,1994
1863,1995,1994
1863,1991,1995
1994,1867,1866
1869,1996,1868
1996,1997,1868
1997,1865,1868
1997,1993,1865
1995,1998,1994
1998,2000,1999
1998,1999,1870
1994,1998,1870
1867,1994,1870
1999,1871,1870
1873,2001,1872
2001,2002,1872
1872,2002,1869
2002,2003,1869
2003,1996,1869
1996,2003,1997
2000,2004,1999
1999,2004,1871
2004,1874,1871
2004,2005,1874
1875,1874,2005
1875,2005,2006
2008,2007,1876
2008,1876,1877
1873,1876,2001
1876,2009,2001
1876,2007,2009
2001,2009,2002
2006,2010,1875
1875,2010,1878
1880,1878,2010
1880,2010,2011
2013,2012,1883
2013,1883,1882
1877,1883,2008
2008,1883,2012
2011,2014,1880
1880,2014,1884
1884,2015,1885
2014,2015,1884
2015,2017,2016
1886,2015,2016
1885,2015,1886
2016,1887,1886
1889,2018,1888
1888,2018,2019
2020,1888,2019
1890,1888,2020
1890,2021,1891
2020,2021,1890
1882,1891,2013
2013,1891,2021
2017,2022,2016
2016,2022,1887
2022,1892,1887
2022,2023,1892
1892,2024,1893
2023,2024,1892
1893,2025,1894
2024,2025,1893
1894,2026,1895
2025,2026,1894
1895,2027,1896
2026,2027,1895
1896,2028,1897
2027,2028,1896
1897,2029,1898
2028,2029,1897
1898,2030,1899
2029,2030,1898
1899,2031,1900
2030,2031,1899
1889,1900,2018
1900,2032,2018
1900,2031,2032
2018,2032,2019
2034,2033,1903
1903,2033,1902
2035,1903,1904
2035,2034,1903
2036,1904,1905
2036,2035,1904
2037,1905,1906
2037,2036,1905
2038,1906,1907
2038,2037,1906
2039,1907,1908
2039,2038,1907
2040,1908,1909
2040,2039,1908
2041,1909,1910
2041,2040,1909
2042,1910,1911
2042,2041,1910
2043,1911,1912
2043,2042,1911
2044,1912,1913
2044,2043,1912
1913,1915,2044
2044,1915,2045
2047,2046,1917
1917,2046,1916
2048,1917,1918
2048,2047,1917
1918,1902,2033
1918,2033,2048
2049,2045,1915
2049,1915,1919
2050,1919,1920
2050,2049,1919
1920,1921,2050
2050,1921,2051
2053,2052,1923
1923,2052,1922
1923,1916,2046
1923,2046,2053
2054,2051,1921
2054,1921,1924
1924,1925,2054
2054,1925,2055
2057,2056,1928
1928,2056,1927
2058,1928,1929
2058,2057,1928
1929,1922,2052
1929,2052,2058
2059,2055,1925
2059,1925,1930
2060,1930,1931
2060,2059,1930
1931,1933,2060
2060,1933,2061
2063,2062,1936
1936,2062,1935
1936,1927,2056
1936,2056,2063
2064,2061,1933
2064,1933,1937
1937,1939,2064
2064,1939,2065
2062,1940,1935
2066,1940,2062
1941,2065,1939
1941,2067,2065
2069,2068,1943
1943,2068,1942
1943,1940,2066
1943,2066,2069
2070,2067,1941
2070,1941,1944
1944,1945,2070
2070,1945,2071
2073,2072,1947
1947,2072,1946
1947,1942,2068
1947,2068,2073
2074,2071,1945
2074,1945,1948
1948,1949,2074
2074,1949,2075
2072,1950,1946
2076,1950,2072
1951,2075,1949
1951,2077,2075
2079,2078,1954
1954,2078,1953
1954,1950,2076
1954,2076,2079
2080,2077,1951
2080,1951,1955
1955,1957,2080
2080,1957,2081
2078,1958,1953
2082,1958,2078
1959,2081,1957
1959,2083,2081
2082,1960,1958
2084,1960,2082
1961,2083,1959
1961,2085,2083
2084,1962,1960
2086,1962,2084
1963,2085,1961
1963,2087,2085
2086,1964,1962
2088,1964,2086
1965,2087,1963
1965,2089,2087
2088,1966,1964
2090,1966,2088
1967,2089,1965
1967,2091,2089
2090,1968,1966
2092,1968,2090
1969,2091,1967
1969,2093,2091
2092,1970,1968
2094,1970,2092
1971,2093,1969
1971,2095,2093
2094,1972,1970
2096,1972,2094
1973,2095,1971
1973,2097,2095
2096,1974,1972
2098,1974,2096
1975,2097,1973
1975,2099,2097
2098,1977,1974
2100,1977,2098
1979,2099,1975
1979,2101,2099
2100,2102,1977
1977,2102,1980
1981,1980,2102
1981,2102,2103
2105,2104,1982
2105,1982,1983
1979,1982,2101
2101,1982,2104
2103,1984,1981
2106,1984,2103
1985,2105,1983
1985,2107,2105
2106,2108,1984
1984,2108,1986
1987,1986,2108
1987,2108,2109
2111,2110,1988
2111,1988,1989
1985,1988,2107
2107,1988,2110
2109,2112,1987
1987,2112,1990
1991,1990,2112
1991,2112,2113
2115,2114,1992
2115,1992,1993
1989,1992,2111
2111,1992,2114
2113,1995,1991
2116,1995,2113
1997,2115,1993
1997,2117,2115
2116,2118,1995
1995,2118,1998
2000,1998,2118
2000,2118,2119
2121,2120,2003
2121,2003,2002
1997,2003,2117
2117,2003,2120
2119,2122,2000
2000,2122,2004
2004,2123,2005
2122,2123,2004
2006,2005,2123
2006,2123,2124
2126,2125,2007
2126,2007,2008
2007,2127,2009
2125,2127,2007
2002,2009,2121
2121,2009,2127
2124,2128,2006
2006,2128,2010
2011,2010,2128
2011,2128,2129
2131,2130,2012
2131,2012,2013
2008,2012,2126
2126,2012,2130
2129,2132,2011
2011,2132,2014
2014,2133,2015
2132,2133,2014
2017,2015,2133
2017,2133,2134
2136,2135,2020
2136,2020,2019
2020,2137,2021
2135,2137,2020
2013,2021,2131
2131,2021,2137
2134,2138,2017
2017,2138,2022
2022,2139,2023
2138,2139,2022
2023,2140,2024
2139,2140,2023
2024,2141,2025
2140,2141,2024
2025,2142,2026
2141,2142,2025
2026,2143,2027
2142,2143,2026
2027,2144,2028
2143,2144,2027
2028,2145,2029
2144,2145,2028
2029,2146,2030
2145,2146,2029
2030,2147,2031
2146,2147,2030
2031,2148,2032
2147,2148,2031
2019,2032,2136
2136,2032,2148
2150,2149,2034
2034,2149,2033
2151,2034,2035
2151,2150,2034
2152,2035,2036
2152,2151,2035
2153,2036,2037
2153,2152,2036
2154,2037,2038
2154,2153,2037
2155,2038,2039
2155,2154,2038
2156,2039,2040
2156,2155,2039
2157,2040,2041
2157,2156,2040
2158,2041,2042
2158,2157,2041
2159,2042,2043
2159,2158,2042
2160,2043,2044
2160,2159,2043
2044,2045,2160
2160,2045,2161
2163,2162,2047
2047,2162,2046
2164,2047,2048
2164,2163,2047
2048,2033,2149
2048,2149,2164
2165,2161,2045
2165,2045,2049
2166,2049,2050
2166,2165,2049
2050,2051,2166
2166,2051,2167
2169,2168,2053
2053,2168,2052
2053,2046,2162
2053,2162,2169
2170,2167,2051
2170,2051,2054
2054,2055,2170
2170,2055,2171
2173,2172,2057
2057,2172,2056
2174,2057,2058
2174,2173,2057
2058,2052,2168
2058,2168,2174
2175,2171,2055
2175,2055,2059
2176,2059,2060
2176,2175,2059
2060,2061,2176
2176,2061,2177
2179,2178,2063
2063,2178,2062
2063,2056,2172
2063,2172,2179
2180,2177,2061
2180,2061,2064
2064,2065,2180
2180,2065,2181
2178,2066,2062
2182,2066,2178
2067,2181,2065
2067,2183,2181
2185,2184,2069
2069,2184,2068
2069,2066,2182
2069,2182,2185
2186,2183,2067
2186,2067,2070
2070,2071,2186
2186,2071,2187
2189,2188,2073
2073,2188,2072
2073,2068,2184
2073,2184,2189
2190,2187,2071
2190,2071,2074
2074,2075,2190
2190,2075,2191
2188,2076,2072
2192,2076,2188
2077,2191,2075
2077,2193,2191
2195,2194,2079
2079,2194,2078
2079,2076,2192
2079,2192,2195
2196,2193,2077
2196,2077,2080
2080,2081,2196
2196,2081,2197
2194,2082,2078
2198,2082,2194
2083,2197,2081
2083,2199,2197
2198,2084,2082
2200,2084,2198
2085,2199,2083
2085,2201,2199
2200,2086,2084
2202,2086,2200
2087,2201,2085
2087,2203,2201
2202,2088,2086
2204,2088,2202
2089,2203,2087
2089,2205,2203
2204,2090,2088
2206,2090,2204
2091,2205,2089
2091,2207,2205
2206,2092,2090
2208,2092,2206
2093,2207,2091
2093,2209,2207
2208,2094,2092
2210,2094,2208
2095,2209,2093
2095,2211,2209
2210,2096,2094
2212,2096,2210
2097,2211,2095
2097,2213,2211
2212,2098,2096
2214,2098,2212
2099,2213,2097
2099,2215,2213
2214,2100,2098
2216,2100,2214
2101,2215,2099
2101,2217,2215
2216,2218,2100
2100,2218,2102
2103,2102,2218
2103,2218,2219
2221,2220,2104
2221,2104,2105
2101,2104,2217
2217,2104,2220
2219,2106,2103
2222,2106,2219
2107,2221,2105
2107,2223,2221
2222,2224,2106
2106,2224,2108
2109,2108,2224
2109,2224,2225
2227,2226,2110
2227,2110,2111
2107,2110,2223
2223,2110,2226
2225,2228,2109
2109,2228,2112
2113,2112,2228
2113,2228,2229
2231,2230,2114
2231,2114,2115
2111,2114,2227
2227,2114,2230
2229,2116,2113
2232,2116,2229
2117,2231,2115
2117,2233,2231
2232,2234,2116
2116,2234,2118
2119,2118,2234
2119,2234,2235
2237,2236,2120
2237,2120,2121
2117,2120,2233
2233,2120,2236
2235,2238,2119
2119,2238,2122
2122,2239,2123
2238,2239,2122
2124,2123,2239
2124,2239,2240
2242,2241,2125
2242,2125,2126
2125,2243,2127
2241,2243,2125
2121,2127,2237
2237,2127,2243
2240,2244,2124
2124,2244,2128
2129,2128,2244
2129,2244,2245
2247,2246,2130
2247,2130,2131
2126,2130,2242
2242,2130,2246
2245,2248,2129
2129,2248,2132
2132,2249,2133
2248,2249,2132
2134,2133,2249
2134,2249,2250
2252,2251,2135
2252,2135,2136
2135,2253,2137
2251,2253,2135
2131,2137,2247
2247,2137,2253
2250,2254,2134
2134,2254,2138
2138,2255,2139
2254,2255,2138
2139,2256,2140
2255,2256,2139
2140,2257,2141
2256,2257,2140
2141,2258,2142
2257,2258,2141
2142,2259,2143
2258,2259,2142
2143,2260,2144
2259,2260,2143
2144,2261,2145
2260,2261,2144
2145,2262,2146
2261,2262,2145
2146,2263,2147
2262,2263,2146
2147,2264,2148
2263,2264,2147
2136,2148,2252
2252,2148,2264
2265,2149,2150
2265,2150,2266
2150,2267,2266
2150,2151,2267
2268,2151,2152
2268,2267,2151
2269,2152,2153
2269,2268,2152
2270,2153,2154
2270,2269,2153
2271,2154,2155
2271,2270,2154
2272,2155,2156
2272,2271,2155
2273,2156,2157
2273,2272,2156
2274,2157,2158
2274,2273,2157
2275,2158,2159
2275,2274,2158
2277,2275,2276
2275,2160,2276
2275,2159,2160
2161,2276,2160
2279,2278,2163
2163,2278,2162
2280,2163,2164
2280,2279,2163
2164,2149,2265
2281,2164,2265
2280,2164,2281
2281,2265,2266
2282,2277,2276
2282,2276,2161
2165,2282,2161
2283,2282,2165
2284,2165,2166
2284,2283,2165
2166,2167,2284
2284,2167,2285
2287,2286,2169
2169,2286,2168
2169,2162,2278
2169,2278,2287
2288,2285,2167
2288,2167,2170
2170,2171,2288
2288,2171,2289
2290,2172,2173
2290,2173,2291
2173,2292,2291
2173,2174,2292
2174,2168,2286
2174,2286,2292
2293,2289,2171
2293,2171,2175
2295,2293,2294
2293,2176,2294
2293,2175,2176
2177,2294,2176
2296,2178,2179
2297,2296,2179
2297,2179,2172
2298,2297,2172
2290,2298,2172
2298,2290,2291
2299,2295,2294
2301,2299,2300
2300,2299,2180
2299,2294,2180
2294,2177,2180
2181,2300,2180
2303,2302,2296
2302,2178,2296
2302,2182,2178
2303,2296,2297
2304,2301,2300
2300,2181,2304
2181,2305,2304
2181,2183,2305
2307,2306,2185
2185,2306,2184
2185,2182,2302
2185,2302,2307
2308,2305,2183
2308,2183,2186
2186,2187,2308
2308,2187,2309
2311,2310,2189
2189,2310,2188
2189,2184,2306
2189,2306,2311
2312,2309,2187
2312,2187,2190
2190,2191,2312
2312,2191,2313
2310,2192,2188
2314,2192,2310
2193,2313,2191
2193,2315,2313
2316,2194,2195
2317,2316,2195
2192,2317,2195
2314,2317,2192
2193,2196,2318
2319,2193,2318
2315,2193,2319
2197,2318,2196
2321,2320,2316
2320,2194,2316
2320,2198,2194
2321,2316,2317
2322,2319,2318
2318,2197,2322
2197,2323,2322
2197,2199,2323
2320,2200,2198
2324,2200,2320
2201,2323,2199
2201,2325,2323
2324,2202,2200
2326,2202,2324
2203,2325,2201
2203,2327,2325
2326,2204,2202
2328,2204,2326
2205,2327,2203
2205,2329,2327
2328,2206,2204
2330,2206,2328
2207,2329,2205
2207,2331,2329
2330,2208,2206
2332,2208,2330
2209,2331,2207
2209,2333,2331
2332,2210,2208
2334,2210,2332
2211,2333,2209
2211,2335,2333
2334,2212,2210
2336,2212,2334
2213,2335,2211
2213,2337,2335
2336,2214,2212
2338,2214,2336
2215,2337,2213
2215,2339,2337
2341,2216,2340
2216,2338,2340
2216,2214,2338
2342,2341,2340
2345,2344,2343
2344,2339,2343
2339,2217,2343
2339,2215,2217
2341,2218,2216
2219,2218,2341
2342,2219,2341
2346,2219,2342
2345,2343,2220
2221,2345,2220
2347,2345,2221
2220,2343,2217
2346,2222,2219
2348,2222,2346
2223,2347,2221
2223,2349,2347
2348,2350,2222
2222,2350,2224
2225,2224,2350
2225,2350,2351
2353,2352,2226
2353,2226,2227
2223,2226,2349
2349,2226,2352
2351,2354,2225
2225,2354,2228
2229,2228,2354
2229,2354,2355
2357,2356,2230
2357,2230,2231
2227,2230,2353
2353,2230,2356
2359,2232,2358
2232,2355,2358
2232,2229,2355
2360,2359,2358
2363,2362,2361
2362,2357,2361
2357,2233,2361
2357,2231,2233
2359,2234,2232
2365,2364,2235
2365,2235,2234
2360,2365,2234
2359,2360,2234
2366,2364,2365
2369,2368,2367
2367,2368,2363
2367,2363,2361
2237,2367,2361
2236,2237,2361
2236,2361,2233
2364,2238,2235
2366,2370,2364
2370,2238,2364
2370,2239,2238
2240,2239,2370
2240,2370,2371
2373,2372,2241
2373,2241,2242
2367,2243,2369
2243,2372,2369
2243,2241,2372
2243,2367,2237
2371,2374,2240
2240,2374,2244
2245,2244,2374
2245,2374,2375
2377,2376,2246
2377,2246,2247
2242,2246,2373
2373,2246,2376
2375,2378,2245
2245,2378,2248
2248,2379,2249
2378,2379,2248
2381,2380,2250
2249,2381,2250
2379,2381,2249
2382,2380,2381
2385,2384,2383
2251,2252,2383
2384,2251,2383
2386,2251,2384
2251,2387,2253
2386,2387,2251
2247,2253,2377
2377,2253,2387
2380,2254,2250
2382,2388,2380
2388,2254,2380
2388,2255,2254
2255,2389,2256
2388,2389,2255
2256,2390,2257
2389,2390,2256
2257,2391,2258
2390,2391,2257
2258,2392,2259
2391,2392,2258
2259,2393,2260
2392,2393,2259
2260,2394,2261
2393,2394,2260
2261,2395,2262
2394,2395,2261
2262,2396,2263
2395,2396,2262
2383,2264,2385
2264,2396,2385
2264,2263,2396
2264,2383,2252
2398,2397,2267
2267,2397,2266
2399,2267,2268
2399,2398,2267
2400,2268,2269
2400,2399,2268
2401,2269,2270
2401,2400,2269
2402,2270,2271
2402,2401,2270
2403,2271,2272
2403,2402,2271
2404,2272,2273
2404,2403,2272
2405,2273,2274
2405,2404,2273
2406,2274,2275
2406,2405,2274
2275,2277,2406
2406,2277,2407
2408,2278,2279
2408,2279,2409
2279,2410,2409
2279,2280,2410
2411,2280,2281
2411,2410,2280
2281,2266,2397
2281,2397,2411
2412,2407,2277
2412,2277,2282
2413,2282,2283
2413,2412,2282
2415,2413,2414
2413,2284,2414
2413,2283,2284
2285,2414,2284
2417,2416,2287
2287,2416,2286
2287,2278,2408
2418,2287,2408
2417,2287,2418
2418,2408,2409
2419,2415,2414
2419,2414,2285
2288,2419,2285
2420,2419,2288
2288,2289,2420
2420,2289,2421
2423,2422,2292
2292,2422,2291
2292,2286,2416
2292,2416,2423
2424,2421,2289
2424,2289,2293
2293,2295,2424
2424,2295,2425
2427,2426,2298
2298,2426,2297
2298,2291,2422
2298,2422,2427
2428,2425,2295
2428,2295,2299
2299,2301,2428
2428,2301,2429
2431,2430,2303
2303,2430,2302
2303,2297,2426
2303,2426,2431
2432,2429,2301
2432,2301,2304
2304,2305,2432
2432,2305,2433
2435,2434,2307
2307,2434,2306
2307,2302,2430
2307,2430,2435
2436,2433,2305
2436,2305,2308
2308,2309,2436
2436,2309,2437
2438,2310,2311
2439,2438,2311
2306,2439,2311
2434,2439,2306
2309,2312,2440
2441,2309,2440
2437,2309,2441
2313,2440,2312
2443,2442,2438
2442,2310,2438
2442,2314,2310
2443,2438,2439
2444,2441,2440
2440,2313,2444
2313,2445,2444
2313,2315,2445
2442,2317,2314
2446,2317,2442
2319,2445,2315
2319,2447,2445
2449,2448,2321
2321,2448,2320
2321,2317,2446
2321,2446,2449
2450,2447,2319
2450,2319,2322
2322,2323,2450
2450,2323,2451
2448,2324,2320
2452,2324,2448
2325,2451,2323
2325,2453,2451
2452,2326,2324
2454,2326,2452
2327,2453,2325
2327,2455,2453
2454,2328,2326
2456,2328,2454
2329,2455,2327
2329,2457,2455
2456,2330,2328
2458,2330,2456
2331,2457,2329
2331,2459,2457
2458,2332,2330
2460,2332,2458
2333,2459,2331
2333,2461,2459
2460,2334,2332
2462,2334,2460
2335,2461,2333
2335,2463,2461
2462,2336,2334
2464,2336,2462
2337,2463,2335
2337,2465,2463
2464,2338,2336
2466,2338,2464
2339,2465,2337
2339,2467,2465
2466,2468,2338
2338,2468,2340
2342,2340,2468
2342,2468,2469
2471,2470,2344
2471,2344,2345
2339,2344,2467
2467,2344,2470
2469,2346,2342
2472,2346,2469
2347,2471,2345
2347,2473,2471
2475,2348,2474
2348,2472,2474
2348,2346,2472
2476,2475,2474
2479,2478,2477
2478,2473,2477
2473,2349,2477
2473,2347,2349
2475,2350,2348
2351,2350,2475
2476,2351,2475
2480,2351,2476
2479,2477,2352
2353,2479,2352
2481,2479,2353
2352,2477,2349
2480,2482,2351
2351,2482,2354
2355,2354,2482
2355,2482,2483
2485,2484,2356
2485,2356,2357
2353,2356,2481
2481,2356,2484
2483,2486,2355
2355,2486,2358
2360,2358,2486
2360,2486,2487
2489,2488,2362
2489,2362,2363
2357,2362,2485
2485,2362,2488
2487,2490,2360
2360,2490,2365
2366,2365,2490
2366,2490,2491
2493,2492,2368
2493,2368,2369
2363,2368,2489
2489,2368,2492
2491,2494,2366
2366,2494,2370
2371,2370,2494
2371,2494,2495
2497,2496,2372
2497,2372,2373
2369,2372,2493
2493,2372,2496
2495,2498,2371
2371,2498,2374
2500,2499,2375
2374,2500,2375
2498,2500,2374
2501,2499,2500
2504,2503,2502
2376,2377,2502
2503,2376,2502
2505,2376,2503
2373,2376,2497
2497,2376,2505
2499,2378,2375
2501,2506,2499
2506,2378,2499
2506,2379,2378
2379,2507,2381
2506,2507,2379
2382,2381,2507
2382,2507,2508
2510,2509,2384
2510,2384,2385
2384,2511,2386
2509,2511,2384
2502,2387,2504
2387,2511,2504
2387,2386,2511
2387,2502,2377
2508,2512,2382
2382,2512,2388
2388,2513,2389
2512,2513,2388
2389,2514,2390
2513,2514,2389
2390,2515,2391
2514,2515,2390
2391,2516,2392
2515,2516,2391
2392,2517,2393
2516,2517,2392
2393,2518,2394
2517,2518,2393
2394,2519,2395
2518,2519,2394
2395,2520,2396
2519,2520,2395
2385,2396,2510
2510,2396,2520
2521,2397,2398
2521,2398,2522
2398,2523,2522
2398,2399,2523
2524,2399,2400
2524,2523,2399
2525,2400,2401
2525,2524,2400
2526,2401,2402
2526,2525,2401
2527,2402,2403
2527,2526,2402
2528,2403,2404
2528,2527,2403
2529,2404,2405
2529,2528,2404
2531,2529,2530
2529,2406,2530
2529,2405,2406
2407,2530,2406
2533,2532,2410
2410,2532,2409
2534,2410,2411
2534,2533,2410
2411,2397,2521
2535,2411,2521
2534,2411,2535
2535,2521,2522
2536,2531,2530
2536,2530,2407
2412,2536,2407
2537,2536,2412
2538,2412,2413
2538,2537,2412
2413,2415,2538
2538,2415,2539
2540,2416,2417
2540,2417,2541
2417,2542,2541
2417,2418,2542
2418,2409,2532
2418,2532,2542
2543,2539,2415
2543,2415,2419
2545,2543,2544
2543,2420,2544
2543,2419,2420
2421,2544,2420
2547,2546,2423
2423,2546,2422
2423,2416,2540
2548,2423,2540
2547,2423,2548
2548,2540,2541
2549,2545,2544
2549,2544,2421
2424,2549,2421
2550,2549,2424
2424,2425,2550
2550,2425,2551
2553,2552,2427
2427,2552,2426
2427,2422,2546
2427,2546,2553
2554,2551,2425
2554,2425,2428
2428,2429,2554
2554,2429,2555
2557,2556,2431
2431,2556,2430
2431,2426,2552
2431,2552,2557
2558,2555,2429
2558,2429,2432
2432,2433,2558
2558,2433,2559
2560,2434,2435
2561,2560,2435
2430,2561,2435
2556,2561,2430
2433,2436,2562
2563,2433,2562
2559,2433,2563
2437,2562,2436
2565,2564,2560
2564,2434,2560
2564,2439,2434
2565,2560,2561
2566,2563,2562
2562,2437,2566
2437,2567,2566
2437,2441,2567
2569,2568,2443
2443,2568,2442
2443,2439,2564
2443,2564,2569
2570,2567,2441
2570,2441,2444
2444,2445,2570
2570,2445,2571
2568,2446,2442
2572,2446,2568
2447,2571,2445
2447,2573,2571
2574,2448,2449
2575,2574,2449
2446,2575,2449
2572,2575,2446
2447,2450,2576
2577,2447,2576
2573,2447,2577
2451,2576,2450
2579,2578,2574
2578,2448,2574
2578,2452,2448
2579,2574,2575
2580,2577,2576
2576,2451,2580
2451,2581,2580
2451,2453,2581
2578,2454,2452
2582,2454,2578
2455,2581,2453
2455,2583,2581
2582,2456,2454
2584,2456,2582
2457,2583,2455
2457,2585,2583
2584,2458,2456
2586,2458,2584
2459,2585,2457
2459,2587,2585
2586,2460,2458
2588,2460,2586
2461,2587,2459
2461,2589,2587
2588,2462,2460
2590,2462,2588
2463,2589,2461
2463,2591,2589
2590,2464,2462
2592,2464,2590
2465,2591,2463
2465,2593,2591
2595,2466,2594
2466,2592,2594
2466,2464,2592
2596,2595,2594
2599,2598,2597
2598,2593,2597
2593,2467,2597
2593,2465,2467
2595,2468,2466
2469,2468,2595
2596,2469,2595
2600,2469,2596
2599,2597,2470
2471,2599,2470
2601,2599,2471
2470,2597,2467
2600,2472,2469
2602,2472,2600
2473,2601,2471
2473,2603,2601
2602,2604,2472
2472,2604,2474
2476,2474,2604
2476,2604,2605
2607,2606,2478
2607,2478,2479
2473,2478,2603
2603,2478,2606
2609,2480,2608
2480,2605,2608
2480,2476,2605
2610,2609,2608
2613,2612,2611
2612,2607,2611
2607,2481,2611
2607,2479,2481
2609,2482,2480
2483,2482,2609
2610,2483,2609
2614,2483,2610
2613,2611,2484
2485,2613,2484
2615,2613,2485
2484,2611,2481
2614,2616,2483
2483,2616,2486
2487,2486,2616
2487,2616,2617
2619,2618,2488
2619,2488,2489
2485,2488,2615
2615,2488,2618
2617,2620,2487
2487,2620,2490
2491,2490,2620
2491,2620,2621
2623,2622,2492
2623,2492,2493
2489,2492,2619
2619,2492,2622
2621,2624,2491
2491,2624,2494
2626,2625,2495
2494,2626,2495
2624,2626,2494
2627,2625,2626
2630,2629,2628
2496,2497,2628
2629,2496,2628
2631,2496,2629
2493,2496,2623
2623,2496,2631
2625,2498,2495
2627,2632,2625
2632,2498,2625
2632,2500,2498
2501,2500,2632
2501,2632,2633
2635,2634,2503
2635,2503,2504
2628,2505,2630
2505,2634,2630
2505,2503,2634
2505,2628,2497
2633,2636,2501
2501,2636,2506
2506,2637,2507
2636,2637,2506
2639,2638,2508
2507,2639,2508
2637,2639,2507
2640,2638,2639
2643,2642,2641
2509,2510,2641
2642,2509,2641
2644,2509,2642
2509,2645,2511
2644,2645,2509
2504,2511,2635
2635,2511,2645
2638,2512,2508
2640,2646,2638
2646,2512,2638
2646,2513,2512
2513,2647,2514
2646,2647,2513
2514,2648,2515
2647,2648,2514
2515,2649,2516
2648,2649,2515
2516,2650,2517
2649,2650,2516
2517,2651,2518
2650,2651,2517
2518,2652,2519
2651,2652,2518
2641,2520,2643
2520,2652,2643
2520,2519,2652
2520,2641,2510
2653,2522,2523
2524,2654,2523
2523,2654,2653
2654,2524,2655
2524,2656,2655
2524,2525,2656
2657,2525,2526
2657,2656,2525
2658,2526,2527
2658,2657,2526
2660,2658,2659
2658,2528,2659
2658,2527,2528
2529,2661,2528
2528,2661,2659
2531,2661,2529
2662,2532,2533
2662,2533,2663
2533,2664,2663
2533,2534,2664
2665,2534,2535
2665,2664,2534
2535,2522,2653
2666,2535,2653
2665,2535,2666
2666,2653,2654
2666,2654,2667
2667,2654,2655
2668,2660,2659
2668,2659,2661
2668,2661,2669
2669,2661,2531
2536,2669,2531
2670,2669,2536
2671,2536,2537
2671,2670,2536
2673,2671,2672
2671,2538,2672
2671,2537,2538
2539,2672,2538
2675,2674,2542
2542,2674,2541
2542,2532,2662
2676,2542,2662
2675,2542,2676
2676,2662,2663
2677,2673,2672
2677,2672,2539
2543,2677,2539
2678,2677,2543
2543,2545,2678
2678,2545,2679
2680,2546,2547
2680,2547,2681
2547,2682,2681
2547,2548,2682
2548,2541,2674
2548,2674,2682
2683,2679,2545
2683,2545,2549
2685,2683,2684
2683,2550,2684
2683,2549,2550
2551,2684,2550
2686,2552,2553
2687,2686,2553
2687,2553,2546
2688,2687,2546
2680,2688,2546
2688,2680,2681
2689,2685,2684
2691,2689,2690
2690,2689,2554
2689,2684,2554
2684,2551,2554
2555,2690,2554
2692,2556,2557
2693,2692,2557
2693,2557,2552
2694,2693,2552
2686,2694,2552
2694,2686,2687
2695,2691,2690
2697,2695,2696
2696,2695,2558
2695,2690,2558
2690,2555,2558
2559,2696,2558
2699,2698,2692
2698,2556,2692
2698,2561,2556
2699,2692,2693
2700,2697,2696
2696,2559,2700
2559,2701,2700
2559,2563,2701
2703,2702,2565
2565,2702,2564
2565,2561,2698
2565,2698,2703
2704,2701,2563
2704,2563,2566
2566,2567,2704
2704,2567,2705
2706,2568,2569
2707,2706,2569
2564,2707,2569
2702,2707,2564
2567,2570,2708
2709,2567,2708
2705,2567,2709
2571,2708,2570
2711,2710,2706
2710,2568,2706
2710,2572,2568
2711,2706,2707
2712,2709,2708
2708,2571,2712
2571,2713,2712
2571,2573,2713
2710,2575,2572
2714,2575,2710
2577,2713,2573
2577,2715,2713
2716,2578,2579
2717,2716,2579
2575,2717,2579
2714,2717,2575
2577,2580,2718
2719,2577,2718
2715,2577,2719
2581,2718,2580
2720,2582,2716
2716,2582,2578
2716,2717,2721
2716,2721,2720
2719,2718,2722
2719,2722,2723
2583,2722,2581
2581,2722,2718
2725,2724,2720
2724,2582,2720
2724,2584,2582
2725,2720,2721
2726,2723,2722
2722,2583,2726
2583,2727,2726
2583,2585,2727
2724,2586,2584
2728,2586,2724
2587,2727,2585
2587,2729,2727
2728,2588,2586
2730,2588,2728
2589,2729,2587
2589,2731,2729
2733,2590,2732
2590,2730,2732
2590,2588,2730
2734,2733,2732
2737,2736,2735
2736,2731,2735
2731,2591,2735
2731,2589,2591
2738,2592,2733
2733,2592,2590
2733,2734,2739
2733,2739,2738
2737,2735,2740
2737,2740,2741
2593,2740,2591
2591,2740,2735
2738,2594,2592
2596,2594,2738
2739,2596,2738
2742,2596,2739
2741,2740,2598
2599,2741,2598
2743,2741,2599
2598,2740,2593
2742,2600,2596
2744,2600,2742
2601,2743,2599
2601,2745,2743
2747,2602,2746
2602,2744,2746
2602,2600,2744
2748,2747,2746
2751,2750,2749
2750,2745,2749
2745,2603,2749
2745,2601,2603
2747,2604,2602
2605,2604,2747
2748,2605,2747
2752,2605,2748
2751,2749,2606
2607,2751,2606
2753,2751,2607
2606,2749,2603
2752,2754,2605
2605,2754,2608
2610,2608,2754
2610,2754,2755
2757,2756,2612
2757,2612,2613
2607,2612,2753
2753,2612,2756
2759,2614,2758
2614,2755,2758
2614,2610,2755
2760,2759,2758
2763,2762,2761
2762,2757,2761
2757,2615,2761
2757,2613,2615
2759,2616,2614
2765,2764,2617
2765,2617,2616
2760,2765,2616
2759,2760,2616
2766,2764,2765
2769,2768,2767
2767,2768,2763
2767,2763,2761
2619,2767,2761
2618,2619,2761
2618,2761,2615
2764,2620,2617
2771,2770,2621
2771,2621,2620
2766,2771,2620
2764,2766,2620
2772,2770,2771
2775,2774,2773
2773,2774,2769
2773,2769,2767
2623,2773,2767
2622,2623,2767
2622,2767,2619
2770,2624,2621
2772,2776,2770
2776,2624,2770
2776,2626,2624
2627,2626,2776
2627,2776,2777
2779,2778,2629
2779,2629,2630
2773,2631,2775
2631,2778,2775
2631,2629,2778
2631,2773,2623
2777,2780,2627
2627,2780,2632
2782,2781,2633
2632,2782,2633
2780,2782,2632
2783,2781,2782
2786,2785,2784
2634,2635,2784
2785,2634,2784
2787,2634,2785
2630,2634,2779
2779,2634,2787
2781,2636,2633
2783,2788,2781
2788,2636,2781
2788,2637,2636
2637,2789,2639
2788,2789,2637
2791,2790,2640
2639,2791,2640
2789,2791,2639
2793,2792,2790
2793,2790,2791
2794,2792,2793
2797,2796,2795
2799,2798,2795
2799,2795,2796
2642,2643,2798
2799,2642,2798
2800,2642,2799
2642,2801,2644
2800,2801,2642
2784,2645,2786
2645,2801,2786
2645,2644,2801
2645,2784,2635
2790,2646,2640
2646,2790,2647
2647,2790,2792
2794,2802,2792
2802,2647,2792
2802,2648,2647
2648,2803,2649
2802,2803,2648
2649,2804,2650
2803,2804,2649
2795,2651,2797
2651,2804,2797
2651,2650,2804
2651,2795,2652
2652,2795,2798
2652,2798,2643
2805,2655,2656
2657,2806,2656
2656,2806,2805
2658,2807,2657
2657,2807,2806
2660,2807,2658
2808,2663,2664
2808,2664,2809
2664,2810,2809
2664,2665,2810
2811,2665,2666
2811,2810,2665
2812,2666,2667
2812,2811,2666
2667,2655,2805
2813,2667,2805
2812,2667,2813
2813,2805,2806
2813,2806,2814
2814,2806,2807
2814,2807,2815
2815,2807,2660
2668,2815,2660
2816,2815,2668
2817,2668,2669
2817,2816,2668
2818,2669,2670
2818,2817,2669
2820,2818,2819
2818,2671,2819
2818,2670,2671
2673,2819,2671
2821,2674,2675
2821,2675,2822
2675,2823,2822
2675,2676,2823
2676,2663,2808
2824,2676,2808
2823,2676,2824
2824,2808,2809
2825,2820,2819
2825,2819,2673
2677,2825,2673
2826,2825,2677
2828,2826,2827
2826,2678,2827
2826,2677,2678
2679,2827,2678
2830,2829,2682
2682,2829,2681
2682,2674,2821
2831,2682,2821
2830,2682,2831
2831,2821,2822
2832,2828,2827
2832,2827,2679
2683,2832,2679
2833,2832,2683
2683,2685,2833
2833,2685,2834
2836,2835,2688
2688,2835,2687
2688,2681,2829
2688,2829,2836
2837,2834,2685
2837,2685,2689
2689,2691,2837
2837,2691,2838
2840,2839,2694
2694,2839,2693
2694,2687,2835
2694,2835,2840
2841,2838,2691
2841,2691,2695
2695,2697,2841
2841,2697,2842
2844,2843,2699
2699,2843,2698
2699,2693,2839
2699,2839,2844
2845,2842,2697
2845,2697,2700
2700,2701,2845
2845,2701,2846
2847,2702,2703
2848,2847,2703
2698,2848,2703
2843,2848,2698
2701,2704,2849
2850,2701,2849
2846,2701,2850
2705,2849,2704
2852,2851,2847
2851,2702,2847
2851,2707,2702
2852,2847,2848
2853,2850,2849
2849,2705,2853
2705,2854,2853
2705,2709,2854
2855,2710,2711
2856,2855,2711
2707,2856,2711
2851,2856,2707
2709,2712,2857
2858,2709,2857
2854,2709,2858
2713,2857,2712
2860,2859,2855
2859,2710,2855
2859,2714,2710
2860,2855,2856
2861,2858,2857
2857,2713,2861
2713,2862,2861
2713,2715,2862
2859,2717,2714
2863,2717,2859
2719,2862,2715
2719,2864,2862
2863,2721,2717
2865,2721,2863
2723,2864,2719
2723,2866,2864
2867,2724,2725
2868,2867,2725
2721,2868,2725
2865,2868,2721
2723,2726,2869
2870,2723,2869
2866,2723,2870
2727,2869,2726
2871,2728,2867
2867,2728,2724
2867,2868,2872
2867,2872,2871
2870,2869,2873
2870,2873,2874
2729,2873,2727
2727,2873,2869
2875,2730,2871
2871,2730,2728
2871,2872,2876
2871,2876,2875
2874,2873,2877
2874,2877,2878
2731,2877,2729
2729,2877,2873
2875,2732,2730
2734,2732,2875
2876,2734,2875
2879,2734,2876
2878,2877,2736
2737,2878,2736
2880,2878,2737
2736,2877,2731
2879,2739,2734
2881,2739,2879
2741,2880,2737
2741,2882,2880
2881,2742,2739
2883,2742,2881
2743,2882,2741
2743,2884,2882
2886,2744,2885
2744,2883,2885
2744,2742,2883
2887,2886,2885
2890,2889,2888
2889,2884,2888
2884,2745,2888
2884,2743,2745
2886,2746,2744
2748,2746,2886
2887,2748,2886
2891,2748,2887
2890,2888,2750
2751,2890,2750
2892,2890,2751
2750,2888,2745
2894,2752,2893
2752,2891,2893
2752,2748,2891
2895,2894,2893
2898,2897,2896
2897,2892,2896
2892,2753,2896
2892,2751,2753
2894,2754,2752
2755,2754,2894
2895,2755,2894
2899,2755,2895
2898,2896,2756
2757,2898,2756
2900,2898,2757
2756,2896,2753
2899,2901,2755
2755,2901,2758
2760,2758,2901
2760,2901,2902
2904,2903,2762
2904,2762,2763
2757,2762,2900
2900,2762,2903
2902,2905,2760
2760,2905,2765
2766,2765,2905
2766,2905,2906
2908,2907,2768
2908,2768,2769
2763,2768,2904
2904,2768,2907
2906,2909,2766
2766,2909,2771
2772,2771,2909
2772,2909,2910
2912,2911,2774
2912,2774,2775
2769,2774,2908
2908,2774,2911
2910,2913,2772
2772,2913,2776
2915,2914,2777
2776,2915,2777
2913,2915,2776
2916,2914,2915
2919,2918,2917
2778,2779,2917
2918,2778,2917
2920,2778,2918
2775,2778,2912
2912,2778,2920
2914,2780,2777
2916,2921,2914
2921,2780,2914
2921,2782,2780
2923,2922,2783
2782,2923,2783
2921,2923,2782
2924,2922,2923
2927,2926,2925
2785,2786,2925
2926,2785,2925
2928,2785,2926
2917,2787,2919
2787,2928,2919
2787,2785,2928
2787,2917,2779
2922,2788,2783
2924,2929,2922
2929,2788,2922
2929,2789,2788
2789,2930,2791
2929,2930,2789
2791,2931,2793
2930,2931,2791
2933,2932,2794
2793,2933,2794
2931,2933,2793
2935,2934,2932
2935,2932,2933
2937,2936,2934
2937,2934,2935
2796,2797,2936
2937,2796,2936
2938,2796,2937
2796,2939,2799
2938,2939,2796
2799,2940,2800
2939,2940,2799
2925,2801,2927
2801,2940,2927
2801,2800,2940
2801,2925,2786
2932,2802,2794
2802,2932,2803
2803,2932,2934
2803,2934,2804
2804,2934,2936
2804,2936,2797
2941,2809,2810
2811,2942,2810
2810,2942,2941
2942,2811,2943
2811,2944,2943
2811,2812,2944
2945,2812,2813
2945,2944,2812
2946,2813,2814
2946,2945,2813
2947,2814,2815
2947,2946,2814
2948,2815,2816
2948,2947,2815
2950,2948,2949
2948,2817,2949
2948,2816,2817
2818,2951,2817
2817,2951,2949
2820,2951,2818
2952,2822,2823
2952,2823,2953
2823,2954,2953
2823,2824,2954
2824,2809,2941
2955,2824,2941
2954,2824,2955
2955,2941,2942
2955,2942,2956
2956,2942,2943
2957,2950,2949
2957,2949,2951
2957,2951,2958
2958,2951,2820
2825,2958,2820
2959,2958,2825
2961,2959,2960
2959,2826,2960
2959,2825,2826
2828,2960,2826
2962,2829,2830
2962,2830,2963
2830,2964,2963
2830,2831,2964
2831,2822,2952
2965,2831,2952
2964,2831,2965
2965,2952,2953
2966,2961,2960
2966,2960,2828
2832,2966,2828
2967,2966,2832
2969,2967,2968
2967,2833,2968
2967,2832,2833
2834,2968,2833
2970,2835,2836
2971,2970,2836
2971,2836,2829
2972,2971,2829
2962,2972,2829
2972,2962,2963
2973,2969,2968
2975,2973,2974
2974,2973,2837
2973,2968,2837
2968,2834,2837
2838,2974,2837
2976,2839,2840
2977,2976,2840
2977,2840,2835
2978,2977,2835
2970,2978,2835
2978,2970,2971
2979,2975,2974
2981,2979,2980
2980,2979,2841
2979,2974,2841
2974,2838,2841
2842,2980,2841
2982,2843,2844
2983,2982,2844
2983,2844,2839
2984,2983,2839
2976,2984,2839
2984,2976,2977
2985,2981,2980
2987,2985,2986
2986,2985,2845
2985,2980,2845
2980,2842,2845
2846,2986,2845
2989,2988,2982
2988,2843,2982
2988,2848,2843
2989,2982,2983
2990,2987,2986
2986,2846,2990
2846,2991,2990
2846,2850,2991
2992,2851,2852
2993,2992,2852
2848,2993,2852
2988,2993,2848
2850,2853,2994
2995,2850,2994
2991,2850,2995
2854,2994,2853
2997,2996,2992
2996,2851,2992
2996,2856,2851
2997,2992,2993
2998,2995,2994
2994,2854,2998
2854,2999,2998
2854,2858,2999
3000,2859,2860
3001,3000,2860
2856,3001,2860
2996,3001,2856
2858,2861,3002
3003,2858,3002
2999,2858,3003
2862,3002,2861
3004,2863,3000
3000,2863,2859
3000,3001,3005
3000,3005,3004
3003,3002,3006
3003,3006,3007
2864,3006,2862
2862,3006,3002
3009,3008,3004
3008,2863,3004
3008,2865,2863
3009,3004,3005
3010,3007,3006
3006,2864,3010
2864,3011,3010
2864,2866,3011
3008,2868,2865
3012,2868,3008
2870,3011,2866
2870,3013,3011
3012,2872,2868
3014,2872,3012
2874,3013,2870
2874,3015,3013
3014,2876,2872
3016,2876,3014
2878,3015,2874
2878,3017,3015
3016,2879,2876
3018,2879,3016
2880,3017,2878
2880,3019,3017
3021,2881,3020
2881,3018,3020
2881,2879,3018
3022,3021,3020
3025,3024,3023
3024,3019,3023
3019,2882,3023
3019,2880,2882
3026,2883,3021
3021,2883,2881
3021,3022,3027
3021,3027,3026
3025,3023,3028
3025,3028,3029
2884,3028,2882
2882,3028,3023
3026,2885,2883
2887,2885,3026
3027,2887,3026
3030,2887,3027
3029,3028,2889
2890,3029,2889
3031,3029,2890
2889,3028,2884
3033,2891,3032
2891,3030,3032
2891,2887,3030
3034,3033,3032
3037,3036,3035
3036,3031,3035
3031,2892,3035
3031,2890,2892
3033,2893,2891
2895,2893,3033
3034,2895,3033
3038,2895,3034
3037,3035,2897
2898,3037,2897
3039,3037,2898
2897,3035,2892
3041,2899,3040
2899,3038,3040
2899,2895,3038
3042,3041,3040
3045,3044,3043
3044,3039,3043
3039,2900,3043
3039,2898,2900
3041,2901,2899
3047,3046,2902
3047,2902,2901
3042,3047,2901
3041,3042,2901
3048,3046,3047
3051,3050,3049
3049,3050,3045
3049,3045,3043
2904,3049,3043
2903,2904,3043
2903,3043,2900
3046,2905,2902
3053,3052,2906
3053,2906,2905
3048,3053,2905
3046,3048,2905
3054,3052,3053
3057,3056,3055
3055,3056,3051
3055,3051,3049
2908,3055,3049
2907,2908,3049
2907,3049,2904
3052,2909,2906
3059,3058,2910
3059,2910,2909
3054,3059,2909
3052,3054,2909
3060,3058,3059
3063,3062,3061
3061,3062,3057
3061,3057,3055
2912,3061,3055
2911,2912,3055
2911,3055,2908
3058,2913,2910
3060,3064,3058
3064,2913,3058
3064,2915,2913
3066,3065,2916
2915,3066,2916
3064,3066,2915
3067,3065,3066
3070,3069,3068
2918,2919,3068
3069,2918,3068
3071,2918,3069
3061,2920,3063
2920,3071,3063
2920,2918,3071
2920,3061,2912
3065,2921,2916
3067,3072,3065
3072,2921,3065
3072,2923,2921
3074,3073,2924
2923,3074,2924
3072,3074,2923
3076,3075,3073
3076,3073,3074
3077,3075,3076
3080,3079,3078
3082,3081,3078
3082,3078,3079
2926,2927,3081
3082,2926,3081
3083,2926,3082
3068,2928,3070
2928,3083,3070
2928,2926,3083
2928,3068,2919
3073,2929,2924
2929,3073,2930
2930,3073,3075
3077,3084,3075
3084,2930,3075
3084,2931,2930
2931,3085,2933
3084,3085,2931
2933,3086,2935
3085,3086,2933
2935,3087,2937
3086,3087,2935
2937,3088,2938
3087,3088,2937
3078,2939,3080
2939,3088,3080
2939,2938,3088
2939,3078,2940
2940,3078,3081
2940,3081,2927
3089,2943,2944
2945,3090,2944
2944,3090,3089
2946,3091,2945
2945,3091,3090
2947,3092,2946
2946,3092,3091
2948,3093,2947
2947,3093,3092
2950,3093,2948
3094,2953,2954
2955,3095,2954
2954,3095,3094
3095,2955,3096
2955,3097,3096
2955,2956,3097
2956,2943,3089
3098,2956,3089
3097,2956,3098
3098,3089,3090
3098,3090,3099
3099,3090,3091
3099,3091,3100
3100,3091,3092
3100,3092,3101
3101,3092,3093
3101,3093,3102
3102,3093,2950
2957,3102,2950
3103,3102,2957
3105,3103,3104
3103,2958,3104
3103,2957,2958
2959,3106,2958
2958,3106,3104
2961,3106,2959
3107,2963,2964
3107,2964,3108
2964,3109,3108
2964,2965,3109
2965,2953,3094
3110,2965,3094
3109,2965,3110
3110,3094,3095
3110,3095,3111
3111,3095,3096
3112,3105,3104
3112,3104,3106
3112,3106,3113
3113,3106,2961
2966,3113,2961
3114,3113,2966
3116,3114,3115
3114,2967,3115
3114,2966,2967
2969,3115,2967
3117,2971,2972
3118,3117,2972
3118,2972,2963
3119,3118,2963
3107,3119,2963
3119,3107,3108
3120,3116,3115
3122,3120,3121
3121,3120,2973
3120,3115,2973
3115,2969,2973
2975,3121,2973
3123,2977,2978
3124,3123,2978
3124,2978,2971
3125,3124,2971
3117,3125,2971
3125,3117,3118
3126,3122,3121
3128,3126,3127
3127,3126,2979
3126,3121,2979
3121,2975,2979
2981,3127,2979
3129,2983,2984
3130,3129,2984
3130,2984,2977
3131,3130,2977
3123,3131,2977
3131,3123,3124
3132,3128,3127
3134,3132,3133
3133,3132,2985
3132,3127,2985
3127,2981,2985
2987,3133,2985
3135,2988,2989
3136,3135,2989
3136,2989,2983
3137,3136,2983
3129,3137,2983
3137,3129,3130
3138,3134,3133
3140,3138,3139
3139,3138,2990
3138,3133,2990
3133,2987,2990
2991,3139,2990
3142,3141,3135
3141,2988,3135
3141,2993,2988
3142,3135,3136
3143,3140,3139
3139,2991,3143
2991,3144,3143
2991,2995,3144
3145,2996,2997
3146,3145,2997
2993,3146,2997
3141,3146,2993
2995,2998,3147
3148,2995,3147
3144,2995,3148
2999,3147,2998
3149,3001,3145
3145,3001,2996
3145,3146,3150
3145,3150,3149
3148,3147,3151
3148,3151,3152
3003,3151,2999
2999,3151,3147
3154,3153,3149
3153,3001,3149
3153,3005,3001
3154,3149,3150
3155,3152,3151
3151,3003,3155
3003,3156,3155
3003,3007,3156
3157,3008,3009
3158,3157,3009
3005,3158,3009
3153,3158,3005
3007,3010,3159
3160,3007,3159
3156,3007,3160
3011,3159,3010
3161,3012,3157
3157,3012,3008
3157,3158,3162
3157,3162,3161
3160,3159,3163
3160,3163,3164
3013,3163,3011
3011,3163,3159
3165,3014,3161
3161,3014,3012
3161,3162,3166
3161,3166,3165
3164,3163,3167
3164,3167,3168
3015,3167,3013
3013,3167,3163
3169,3016,3165
3165,3016,3014
3165,3166,3170
3165,3170,3169
3168,3167,3171
3168,3171,3172
3017,3171,3015
3015,3171,3167
3173,3018,3169
3169,3018,3016
3169,3170,3174
3169,3174,3173
3172,3171,3175
3172,3175,3176
3019,3175,3017
3017,3175,3171
3173,3020,3018
3022,3020,3173
3174,3022,3173
3177,3022,3174
3176,3175,3024
3025,3176,3024
3178,3176,3025
3024,3175,3019
3180,3027,3179
3027,3177,3179
3027,3022,3177
3181,3180,3179
3184,3183,3182
3183,3178,3182
3178,3029,3182
3178,3025,3029
3185,3030,3180
3180,3030,3027
3180,3181,3186
3180,3186,3185
3184,3182,3187
3184,3187,3188
3031,3187,3029
3029,3187,3182
3185,3032,3030
3034,3032,3185
3186,3034,3185
3189,3034,3186
3188,3187,3036
3037,3188,3036
3190,3188,3037
3036,3187,3031
3192,3038,3191
3038,3189,3191
3038,3034,3189
3193,3192,3191
3196,3195,3194
3195,3190,3194
3190,3039,3194
3190,3037,3039
3192,3040,3038
3198,3197,3042
3198,3042,3040
3193,3198,3040
3192,3193,3040
3199,3197,3198
3202,3201,3200
3200,3201,3196
3200,3196,3194
3045,3200,3194
3044,3045,3194
3044,3194,3039
3197,3047,3042
3204,3203,3048
3204,3048,3047
3199,3204,3047
3197,3199,3047
3205,3203,3204
3208,3207,3206
3206,3207,3202
3206,3202,3200
3051,3206,3200
3050,3051,3200
3050,3200,3045
3203,3053,3048
3210,3209,3054
3210,3054,3053
3205,3210,3053
3203,3205,3053
3211,3209,3210
3214,3213,3212
3212,3213,3208
3212,3208,3206
3057,3212,3206
3056,3057,3206
3056,3206,3051
3209,3059,3054
3216,3215,3060
3216,3060,3059
3211,3216,3059
3209,3211,3059
3217,3215,3216
3220,3219,3218
3218,3219,3214
3218,3214,3212
3063,3218,3212
3062,3063,3212
3062,3212,3057
3215,3064,3060
3217,3221,3215
3221,3064,3215
3221,3066,3064
3223,3222,3067
3066,3223,3067
3221,3223,3066
3225,3224,3222
3225,3222,3223
3226,3224,3225
3229,3228,3227
3231,3230,3227
3231,3227,3228
3069,3070,3230
3231,3069,3230
3232,3069,3231
3218,3071,3220
3071,3232,3220
3071,3069,3232
3071,3218,3063
3222,3072,3067
3072,3222,3074
3074,3222,3224
3226,3233,3224
3233,3074,3224
3233,3076,3074
3235,3234,3077
3076,3235,3077
3233,3235,3076
3237,3236,3234
3237,3234,3235
3239,3238,3236
3239,3236,3237
3241,3240,3238
3241,3238,3239
3243,3242,3240
3243,3240,3241
3079,3080,3242
3243,3079,3242
3244,3079,3243
3227,3082,3229
3082,3244,3229
3082,3079,3244
3082,3227,3083
3083,3227,3230
3083,3230,3070
3234,3084,3077
3084,3234,3085
3085,3234,3236
3085,3236,3086
3086,3236,3238
3086,3238,3087
3087,3238,3240
3087,3240,3088
3088,3240,3242
3088,3242,3080
3245,3096,3097
3098,3246,3097
3097,3246,3245
3099,3247,3098
3098,3247,3246
3100,3248,3099
3099,3248,3247
3101,3249,3100
3100,3249,3248
3102,3250,3101
3101,3250,3249
3103,3251,3102
3102,3251,3250
3105,3251,3103
3252,3108,3109
3110,3253,3109
3109,3253,3252
3253,3110,3254
3110,3255,3254
3110,3111,3255
3111,3096,3245
3256,3111,3245
3255,3111,3256
3256,3245,3246
3256,3246,3257
3257,3246,3247
3257,3247,3258
3258,3247,3248
3258,3248,3259
3259,3248,3249
3259,3249,3260
3260,3249,3250
3260,3250,3261
3261,3250,3251
3261,3251,3262
3262,3251,3105
3112,3262,3105
3263,3262,3112
3265,3263,3264
3263,3113,3264
3263,3112,3113
3114,3266,3113
3113,3266,3264
3116,3266,3114
3267,3118,3119
3268,3267,3119
3268,3119,3108
3269,3268,3108
3252,3269,3108
3269,3252,3253
3269,3253,3270
3270,3253,3254
3271,3265,3264
3271,3264,3266
3271,3266,3272
3274,3272,3273
3273,3272,3120
3272,3266,3120
3266,3116,3120
3122,3273,3120
3275,3124,3125
3276,3275,3125
3276,3125,3118
3277,3276,3118
3267,3277,3118
3277,3267,3268
3278,3274,3273
3280,3278,3279
3279,3278,3126
3278,3273,3126
3273,3122,3126
3128,3279,3126
3281,3130,3131
3282,3281,3131
3282,3131,3124
3283,3282,3124
3275,3283,3124
3283,3275,3276
3284,3280,3279
3286,3284,3285
3285,3284,3132
3284,3279,3132
3279,3128,3132
3134,3285,3132
3287,3136,3137
3288,3287,3137
3288,3137,3130
3289,3288,3130
3281,3289,3130
3289,3281,3282
3290,3286,3285
3292,3290,3291
3291,3290,3138
3290,3285,3138
3285,3134,3138
3140,3291,3138
3293,3141,3142
3294,3293,3142
3294,3142,3136
3295,3294,3136
3287,3295,3136
3295,3287,3288
3296,3292,3291
3298,3296,3297
3297,3296,3143
3296,3291,3143
3291,3140,3143
3144,3297,3143
3299,3146,3293
3293,3146,3141
3293,3294,3300
3293,3300,3299
3298,3297,3301
3298,3301,3302
3148,3301,3144
3144,3301,3297
3304,3303,3299
3303,3146,3299
3303,3150,3146
3304,3299,3300
3305,3302,3301
3301,3148,3305
3148,3306,3305
3148,3152,3306
3307,3153,3154
3308,3307,3154
3150,3308,3154
3303,3308,3150
3152,3155,3309
3310,3152,3309
3306,3152,3310
3156,3309,3155
3311,3158,3307
3307,3158,3153
3307,3308,3312
3307,3312,3311
3310,3309,3313
3310,3313,3314
3160,3313,3156
3156,3313,3309
3315,3162,3311
3311,3162,3158
3311,3312,3316
3311,3316,3315
3314,3313,3317
3314,3317,3318
3164,3317,3160
3160,3317,3313
3319,3166,3315
3315,3166,3162
3315,3316,3320
3315,3320,3319
3318,3317,3321
3318,3321,3322
3168,3321,3164
3164,3321,3317
3323,3170,3319
3319,3170,3166
3319,3320,3324
3319,3324,3323
3322,3321,3325
3322,3325,3326
3172,3325,3168
3168,3325,3321
3327,3174,3323
3323,3174,3170
3323,3324,3328
3323,3328,3327
3326,3325,3329
3326,3329,3330
3176,3329,3172
3172,3329,3325
3331,3177,3327
3327,3177,3174
3327,3328,3332
3327,3332,3331
3330,3329,3333
3330,3333,3334
3178,3333,3176
3176,3333,3329
3331,3179,3177
3181,3179,3331
3332,3181,3331
3335,3181,3332
3334,3333,3183
3184,3334,3183
3336,3334,3184
3183,3333,3178
3338,3186,3337
3186,3335,3337
3186,3181,3335
3339,3338,3337
3342,3341,3340
3341,3336,3340
3336,3188,3340
3336,3184,3188
3343,3189,3338
3338,3189,3186
3338,3339,3344
3338,3344,3343
3342,3340,3345
3342,3345,3346
3190,3345,3188
3188,3345,3340
3343,3191,3189
3348,3347,3193
3348,3193,3191
3344,3348,3191
3343,3344,3191
3349,3347,3348
3352,3351,3350
3350,3351,3346
3350,3346,3345
3196,3350,3345
3195,3196,3345
3195,3345,3190
3347,3198,3193
3354,3353,3199
3354,3199,3198
3349,3354,3198
3347,3349,3198
3355,3353,3354
3358,3357,3356
3356,3357,3352
3356,3352,3350
3202,3356,3350
3201,3202,3350
3201,3350,3196
3353,3204,3199
3360,3359,3205
3360,3205,3204
3355,3360,3204
3353,3355,3204
3361,3359,3360
3364,3363,3362
3362,3363,3358
3362,3358,3356
3208,3362,3356
3207,3208,3356
3207,3356,3202
3359,3210,3205
3366,3365,3211
3366,3211,3210
3361,3366,3210
3359,3361,3210
3367,3365,3366
3370,3369,3368
3368,3369,3364
3368,3364,3362
3214,3368,3362
3213,3214,3362
3213,3362,3208
3365,3216,3211
3372,3371,3217
3372,3217,3216
3367,3372,3216
3365,3367,3216
3374,3373,3371
3374,3371,3372
3375,3373,3374
3378,3377,3376
3380,3379,3376
3380,3376,3377
3379,3380,3370
3379,3370,3368
3220,3379,3368
3219,3220,3368
3219,3368,3214
3371,3221,3217
3221,3371,3223
3223,3371,3373
3375,3381,3373
3381,3223,3373
3381,3225,3223
3383,3382,3226
3225,3383,3226
3381,3383,3225
3385,3384,3382
3385,3382,3383
3387,3386,3384
3387,3384,3385
3389,3388,3386
3389,3386,3387
3391,3390,3388
3391,3388,3389
3393,3392,3390
3393,3390,3391
3395,3394,3392
3395,3392,3393
3228,3229,3394
3395,3228,3394
3396,3228,3395
3376,3231,3378
3231,3396,3378
3231,3228,3396
3231,3376,3232
3232,3376,3379
3232,3379,3220
3382,3233,3226
3233,3382,3235
3235,3382,3384
3235,3384,3237
3237,3384,3386
3237,3386,3239
3239,3386,3388
3239,3388,3241
3241,3388,3390
3241,3390,3243
3243,3390,3392
3243,3392,3244
3244,3392,3394
3244,3394,3229
3397,3254,3255
3256,3398,3255
3255,3398,3397
3257,3399,3256
3256,3399,3398
3399,3257,3400
3257,3401,3400
3257,3258,3401
3402,3258,3259
3402,3401,3258
3403,3259,3260
3403,3402,3259
3405,3403,3404
3403,3261,3404
3403,3260,3261
3262,3406,3261
3261,3406,3404
3263,3407,3262
3262,3407,3406
3265,3407,3263
3408,3268,3269
3270,3409,3269
3269,3409,3408
3410,3409,3270
3410,3270,3254
3411,3410,3254
3397,3411,3254
3411,3397,3398
3411,3398,3412
3412,3398,3399
3412,3399,3413
3413,3399,3400
3414,3405,3404
3414,3404,3406
3414,3406,3415
3415,3406,3407
3415,3407,3416
3418,3416,3417
3417,3416,3271
3416,3407,3271
3407,3265,3271
3272,3419,3271
3271,3419,3417
3274,3419,3272
3420,3276,3277
3421,3420,3277
3421,3277,3268
3422,3421,3268
3408,3422,3268
3422,3408,3409
3422,3409,3423
3423,3409,3410
3424,3418,3417
3424,3417,3419
3424,3419,3425
3427,3425,3426
3426,3425,3278
3425,3419,3278
3419,3274,3278
3280,3426,3278
3428,3282,3283
3429,3428,3283
3429,3283,3276
3430,3429,3276
3420,3430,3276
3430,3420,3421
3431,3427,3426
3433,3431,3432
3432,3431,3284
3431,3426,3284
3426,3280,3284
3286,3432,3284
3434,3288,3289
3435,3434,3289
3435,3289,3282
3436,3435,3282
3428,3436,3282
3436,3428,3429
3437,3433,3432
3439,3437,3438
3438,3437,3290
3437,3432,3290
3432,3286,3290
3292,3438,3290
3440,3294,3295
3441,3440,3295
3441,3295,3288
3442,3441,3288
3434,3442,3288
3442,3434,3435
3443,3439,3438
3445,3443,3444
3444,3443,3296
3443,3438,3296
3438,3292,3296
3298,3444,3296
3446,3300,3440
3440,3300,3294
3440,3441,3447
3440,3447,3446
3445,3444,3448
3445,3448,3449
3302,3448,3298
3298,3448,3444
3450,3303,3304
3451,3450,3304
3451,3304,3300
3452,3451,3300
3446,3452,3300
3452,3446,3447
3453,3449,3448
3455,3453,3454
3454,3453,3305
3453,3448,3305
3448,3302,3305
3306,3454,3305
3456,3308,3450
3450,3308,3303
3450,3451,3457
3450,3457,3456
3455,3454,3458
3455,3458,3459
3310,3458,3306
3306,3458,3454
3460,3312,3456
3456,3312,3308
3456,3457,3461
3456,3461,3460
3459,3458,3462
3459,3462,3463
3314,3462,3310
3310,3462,3458
3465,3464,3460
3464,3312,3460
3464,3316,3312
3465,3460,3461
3466,3463,3462
3462,3314,3466
3314,3467,3466
3314,3318,3467
3464,3320,3316
3468,3320,3464
3322,3467,3318
3322,3469,3467
3468,3324,3320
3470,3324,3468
3326,3469,3322
3326,3471,3469
3473,3328,3472
3328,3470,3472
3328,3324,3470
3474,3473,3472
3477,3476,3475
3476,3471,3475
3471,3330,3475
3471,3326,3330
3478,3332,3473
3473,3332,3328
3473,3474,3479
3473,3479,3478
3477,3475,3480
3477,3480,3481
3334,3480,3330
3330,3480,3475
3482,3335,3478
3478,3335,3332
3478,3479,3483
3478,3483,3482
3481,3480,3484
3481,3484,3485
3336,3484,3334
3334,3484,3480
3482,3337,3335
3487,3486,3339
3487,3339,3337
3483,3487,3337
3482,3483,3337
3488,3486,3487
3491,3490,3489
3489,3490,3485
3489,3485,3484
3342,3489,3484
3341,3342,3484
3341,3484,3336
3492,3344,3486
3486,3344,3339
3486,3488,3493
3486,3493,3492
3491,3489,3494
3491,3494,3495
3346,3494,3342
3342,3494,3489
3492,3348,3344
3497,3496,3349
3497,3349,3348
3493,3497,3348
3492,3493,3348
3498,3496,3497
3501,3500,3499
3499,3500,3495
3499,3495,3494
3352,3499,3494
3351,3352,3494
3351,3494,3346
3496,3354,3349
3503,3502,3355
3503,3355,3354
3498,3503,3354
3496,3498,3354
3504,3502,3503
3507,3506,3505
3505,3506,3501
3505,3501,3499
3358,3505,3499
3357,3358,3499
3357,3499,3352
3502,3360,3355
3509,3508,3361
3509,3361,3360
3504,3509,3360
3502,3504,3360
3510,3508,3509
3513,3512,3511
3511,3512,3507
3511,3507,3505
3364,3511,3505
3363,3364,3505
3363,3505,3358
3508,3366,3361
3515,3514,3367
3515,3367,3366
3510,3515,3366
3508,3510,3366
3517,3516,3514
3517,3514,3515
3518,3516,3517
3521,3520,3519
3523,3522,3519
3523,3519,3520
3522,3523,3513
3522,3513,3511
3370,3522,3511
3369,3370,3511
3369,3511,3364
3514,3372,3367
3372,3514,3374
3374,3514,3516
3525,3524,3375
3525,3375,3374
3518,3525,3374
3516,3518,3374
3527,3526,3524
3527,3524,3525
3529,3528,3526
3529,3526,3527
3530,3528,3529
3533,3532,3531
3535,3534,3531
3535,3531,3532
3537,3536,3534
3537,3534,3535
3536,3537,3521
3536,3521,3519
3378,3536,3519
3377,3378,3519
3377,3519,3380
3380,3519,3522
3380,3522,3370
3524,3381,3375
3381,3524,3383
3383,3524,3526
3383,3526,3385
3385,3526,3528
3530,3538,3528
3538,3385,3528
3538,3387,3385
3387,3539,3389
3538,3539,3387
3389,3540,3391
3539,3540,3389
3531,3393,3533
3393,3540,3533
3393,3391,3540
3393,3531,3395
3395,3531,3534
3395,3534,3396
3396,3534,3536
3396,3536,3378
3541,3400,3401
3402,3542,3401
3401,3542,3541
3403,3543,3402
3402,3543,3542
3405,3543,3403
3544,3410,3411
3412,3545,3411
3411,3545,3544
3413,3546,3412
3412,3546,3545
3547,3546,3413
3547,3413,3400
3548,3547,3400
3541,3548,3400
3548,3541,3542
3548,3542,3549
3549,3542,3543
3549,3543,3550
3552,3550,3551
3551,3550,3414
3550,3543,3414
3543,3405,3414
3415,3553,3414
3414,3553,3551
3416,3554,3415
3415,3554,3553
3418,3554,3416
3555,3421,3422
3423,3556,3422
3422,3556,3555
3557,3556,3423
3557,3423,3410
3558,3557,3410
3544,3558,3410
3558,3544,3545
3558,3545,3559
3559,3545,3546
3559,3546,3560
3560,3546,3547
3561,3552,3551
3561,3551,3553
3561,3553,3562
3562,3553,3554
3562,3554,3563
3565,3563,3564
3564,3563,3424
3563,3554,3424
3554,3418,3424
3425,3566,3424
3424,3566,3564
3427,3566,3425
3567,3429,3430
3568,3567,3430
3568,3430,3421
3569,3568,3421
3555,3569,3421
3569,3555,3556
3569,3556,3570
3570,3556,3557
3571,3565,3564
3571,3564,3566
3571,3566,3572
3574,3572,3573
3573,3572,3431
3572,3566,3431
3566,3427,3431
3433,3573,3431
3575,3435,3436
3576,3575,3436
3576,3436,3429
3577,3576,3429
3567,3577,3429
3577,3567,3568
3578,3574,3573
3580,3578,3579
3579,3578,3437
3578,3573,3437
3573,3433,3437
3439,3579,3437
3581,3441,3442
3582,3581,3442
3582,3442,3435
3583,3582,3435
3575,3583,3435
3583,3575,3576
3584,3580,3579
3586,3584,3585
3585,3584,3443
3584,3579,3443
3579,3439,3443
3445,3585,3443
3587,3447,3581
3581,3447,3441
3581,3582,3588
3581,3588,3587
3586,3585,3589
3586,3589,3590
3449,3589,3445
3445,3589,3585
3591,3451,3452
3592,3591,3452
3592,3452,3447
3593,3592,3447
3587,3593,3447
3593,3587,3588
3594,3590,3589
3596,3594,3595
3595,3594,3453
3594,3589,3453
3589,3449,3453
3455,3595,3453
3597,3457,3591
3591,3457,3451
3591,3592,3598
3591,3598,3597
3596,3595,3599
3596,3599,3600
3459,3599,3455
3455,3599,3595
3601,3461,3597
3597,3461,3457
3597,3598,3602
3597,3602,3601
3600,3599,3603
3600,3603,3604
3463,3603,3459
3459,3603,3599
3605,3464,3465
3606,3605,3465
3606,3465,3461
3607,3606,3461
3601,3607,3461
3607,3601,3602
3608,3604,3603
3610,3608,3609
3609,3608,3466
3608,3603,3466
3603,3463,3466
3467,3609,3466
3611,3468,3605
3605,3468,3464
3605,3606,3612
3605,3612,3611
3610,3609,3613
3610,3613,3614
3469,3613,3467
3467,3613,3609
3615,3470,3611
3611,3470,3468
3611,3612,3616
3611,3616,3615
3614,3613,3617
3614,3617,3618
3471,3617,3469
3469,3617,3613
3615,3472,3470
3620,3619,3474
3620,3474,3472
3616,3620,3472
3615,3616,3472
3621,3619,3620
3624,3623,3622
3622,3623,3618
3622,3618,3617
3477,3622,3617
3476,3477,3617
3476,3617,3471
3625,3479,3619
3619,3479,3474
3619,3621,3626
3619,3626,3625
3624,3622,3627
3624,3627,3628
3481,3627,3477
3477,3627,3622
3629,3483,3625
3625,3483,3479
3625,3626,3630
3625,3630,3629
3628,3627,3631
3628,3631,3632
3485,3631,3481
3481,3631,3627
3629,3487,3483
3634,3633,3488
3634,3488,3487
3630,3634,3487
3629,3630,3487
3635,3633,3634
3638,3637,3636
3636,3637,3632
3636,3632,3631
3491,3636,3631
3490,3491,3631
3490,3631,3485
3639,3493,3633
3633,3493,3488
3633,3635,3640
3633,3640,3639
3638,3636,3641
3638,3641,3642
3495,3641,3491
3491,3641,3636
3639,3497,3493
3644,3643,3498
3644,3498,3497
3640,3644,3497
3639,3640,3497
3645,3643,3644
3648,3647,3646
3646,3647,3642
3646,3642,3641
3501,3646,3641
3500,3501,3641
3500,3641,3495
3643,3503,3498
3650,3649,3504
3650,3504,3503
3645,3650,3503
3643,3645,3503
3651,3649,3650
3654,3653,3652
3652,3653,3648
3652,3648,3646
3507,3652,3646
3506,3507,3646
3506,3646,3501
3649,3509,3504
3656,3655,3510
3656,3510,3509
3651,3656,3509
3649,3651,3509
3658,3657,3655
3658,3655,3656
3659,3657,3658
3662,3661,3660
3664,3663,3660
3664,3660,3661
3663,3664,3654
3663,3654,3652
3513,3663,3652
3512,3513,3652
3512,3652,3507
3655,3515,3510
3515,3655,3517
3517,3655,3657
3666,3665,3518
3666,3518,3517
3659,3666,3517
3657,3659,3517
3668,3667,3665
3668,3665,3666
3670,3669,3667
3670,3667,3668
3671,3669,3670
3674,3673,3672
3676,3675,3672
3676,3672,3673
3678,3677,3675
3678,3675,3676
3677,3678,3662
3677,3662,3660
3521,3677,3660
3520,3521,3660
3520,3660,3523
3523,3660,3663
3523,3663,3513
3665,3525,3518
3525,3665,3527
3527,3665,3667
3527,3667,3529
3529,3667,3669
3680,3679,3530
3680,3530,3529
3671,3680,3529
3669,3671,3529
3682,3681,3679
3682,3679,3680
3684,3683,3681
3684,3681,3682
3683,3684,3674
3683,3674,3672
3533,3683,3672
3532,3533,3672
3532,3672,3535
3535,3672,3675
3535,3675,3537
3537,3675,3677
3537,3677,3521
3679,3538,3530
3538,3679,3539
3539,3679,3681
3539,3681,3540
3540,3681,3683
3540,3683,3533
3685,3547,3548
3549,3686,3548
3548,3686,3685
3550,3687,3549
3549,3687,3686
3552,3687,3550
3688,3557,3558
3559,3689,3558
3558,3689,3688
3560,3690,3559
3559,3690,3689
3547,3685,3560
3685,3690,3560
3685,3691,3690
3692,3685,3686
3691,3685,3692
3693,3686,3687
3692,3686,3693
3561,3694,3552
3694,3687,3552
3694,3693,3687
3562,3695,3561
3561,3695,3694
3563,3696,3562
3562,3696,3695
3565,3696,3563
3697,3568,3569
3570,3698,3569
3569,3698,3697
3557,3688,3570
3688,3698,3570
3688,3699,3698
3689,3701,3700
3699,3689,3700
3688,3689,3699
3701,3689,3690
3701,3690,3702
3702,3690,3691
3702,3691,3703
3703,3691,3692
3703,3692,3704
3704,3692,3693
3704,3693,3705
3705,3693,3694
3705,3694,3706
3706,3694,3695
3706,3695,3707
3709,3708,3707
3695,3709,3707
3696,3709,3695
3571,3710,3565
3710,3696,3565
3710,3709,3696
3572,3711,3571
3571,3711,3710
3574,3711,3572
3712,3576,3577
3568,3697,3577
3697,3712,3577
3697,3713,3712
3698,3715,3714
3713,3698,3714
3697,3698,3713
3715,3698,3699
3715,3699,3716
3716,3699,3700
3717,3708,3709
3717,3709,3710
3717,3710,3718
3720,3719,3718
3710,3720,3718
3711,3720,3710
3578,3721,3574
3721,3711,3574
3721,3720,3711
3580,3721,3578
3722,3582,3583
3576,3712,3583
3712,3722,3583
3712,3723,3722
3713,3725,3724
3723,3713,3724
3712,3713,3723
3725,3713,3714
3726,3719,3720
3728,3727,3726
3720,3728,3726
3721,3728,3720
3584,3729,3580
3729,3721,3580
3729,3728,3721
3586,3729,3584
3730,3588,3722
3722,3588,3582
3723,3732,3731
3730,3723,3731
3722,3723,3730
3732,3723,3724
3733,3727,3728
3735,3734,3733
3728,3735,3733
3729,3735,3728
3590,3735,3586
3586,3735,3729
3736,3592,3593
3588,3730,3593
3730,3736,3593
3730,3737,3736
3730,3731,3738
3730,3738,3737
3734,3735,3739
3734,3739,3740
3594,3741,3590
3741,3735,3590
3741,3739,3735
3596,3741,3594
3742,3598,3736
3736,3598,3592
3737,3744,3743
3742,3737,3743
3736,3737,3742
3744,3737,3738
3745,3740,3739
3747,3746,3745
3739,3747,3745
3741,3747,3739
3600,3747,3596
3596,3747,3741
3748,3602,3742
3742,3602,3598
3742,3743,3749
3742,3749,3748
3746,3747,3750
3746,3750,3751
3604,3750,3600
3600,3750,3747
3752,3606,3607
3602,3748,3607
3748,3752,3607
3748,3753,3752
3748,3749,3754
3748,3754,3753
3751,3750,3755
3751,3755,3756
3608,3757,3604
3757,3750,3604
3757,3755,3750
3610,3757,3608
3758,3612,3752
3752,3612,3606
3759,3752,3753
3758,3752,3759
3753,3754,3760
3753,3760,3759
3756,3755,3761
3756,3761,3762
3763,3755,3757
3761,3755,3763
3614,3763,3610
3610,3763,3757
3764,3616,3758
3758,3616,3612
3765,3758,3759
3764,3758,3765
3759,3760,3766
3759,3766,3765
3762,3761,3767
3762,3767,3768
3769,3761,3763
3767,3761,3769
3618,3769,3614
3614,3769,3763
3764,3620,3616
3620,3764,3621
3764,3770,3621
3764,3765,3770
3765,3766,3771
3765,3771,3770
3768,3767,3772
3768,3772,3773
3624,3772,3623
3772,3769,3623
3772,3767,3769
3623,3769,3618
3774,3626,3770
3770,3626,3621
3770,3771,3775
3770,3775,3774
3773,3772,3776
3773,3776,3777
3628,3776,3624
3624,3776,3772
3778,3630,3774
3774,3630,3626
3774,3775,3779
3780,3774,3779
3778,3774,3780
3781,3780,3779
3784,3783,3782
3782,3783,3777
3776,3782,3777
3785,3782,3776
3632,3785,3628
3628,3785,3776
3778,3634,3630
3634,3778,3635
3778,3786,3635
3778,3780,3786
3780,3781,3787
3780,3787,3786
3784,3782,3788
3784,3788,3789
3638,3788,3637
3788,3785,3637
3788,3782,3785
3637,3785,3632
3790,3640,3786
3786,3640,3635
3786,3787,3791
3792,3786,3791
3790,3786,3792
3793,3792,3791
3796,3795,3794
3794,3795,3789
3788,3794,3789
3797,3794,3788
3642,3797,3638
3638,3797,3788
3790,3644,3640
3644,3790,3645
3790,3798,3645
3790,3792,3798
3792,3793,3799
3800,3792,3799
3798,3792,3800
3801,3800,3799
3804,3803,3802
3802,3803,3796
3794,3802,3796
3805,3802,3794
3648,3805,3647
3805,3797,3647
3805,3794,3797
3647,3797,3642
3798,3650,3645
3650,3798,3651
3798,3806,3651
3798,3800,3806
3800,3801,3807
3808,3800,3807
3806,3800,3808
3810,3809,3808
3810,3808,3807
3811,3809,3810
3814,3813,3812
3816,3815,3812
3816,3812,3813
3815,3816,3804
3802,3815,3804
3817,3815,3802
3654,3817,3653
3817,3805,3653
3817,3802,3805
3653,3805,3648
3806,3656,3651
3656,3806,3658
3658,3806,3808
3658,3808,3659
3808,3818,3659
3808,3809,3818
3809,3811,3819
3820,3809,3819
3818,3809,3820
3822,3821,3820
3822,3820,3819
3824,3823,3821
3824,3821,3822
3826,3825,3823
3826,3823,3824
3828,3827,3825
3828,3825,3826
3830,3829,3827
3830,3827,3828
3832,3831,3829
3832,3829,3830
3831,3832,3814
3812,3831,3814
3833,3831,3812
3662,3833,3661
3833,3815,3661
3833,3812,3815
3661,3815,3664
3664,3815,3817
3664,3817,3654
3818,3666,3659
3666,3818,3668
3668,3818,3820
3668,3820,3670
3670,3820,3821
3670,3821,3671
3821,3834,3671
3821,3823,3834
3835,3823,3825
3834,3823,3835
3836,3825,3827
3835,3825,3836
3674,3836,3673
3836,3829,3673
3836,3827,3829
3673,3829,3676
3676,3829,3831
3676,3831,3678
3678,3831,3833
3678,3833,3662
3834,3680,3671
3680,3834,3682
3682,3834,3835
3682,3835,3684
3684,3835,3836
3684,3836,3674
3837,3700,3701
3702,3838,3701
3701,3838,3837
3703,3839,3702
3702,3839,3838
3704,3840,3703
3703,3840,3839
3705,3841,3704
3704,3841,3840
3706,3842,3705
3705,3842,3841
3707,3843,3706
3706,3843,3842
3708,3843,3707
3844,3714,3715
3716,3845,3715
3715,3845,3844
3700,3837,3716
3837,3845,3716
3837,3846,3845
3838,3848,3847
3846,3838,3847
3837,3838,3846
3848,3838,3839
3848,3839,3849
3849,3839,3840
3849,3840,3850
3850,3840,3841
3850,3841,3851
3851,3841,3842
3851,3842,3852
3854,3853,3852
3842,3854,3852
3843,3854,3842
3717,3855,3708
3855,3843,3708
3855,3854,3843
3718,3856,3717
3717,3856,3855
3719,3856,3718
3857,3724,3725
3714,3844,3725
3844,3857,3725
3844,3858,3857
3845,3860,3859
3858,3845,3859
3844,3845,3858
3860,3845,3846
3860,3846,3861
3861,3846,3847
3862,3853,3854
3862,3854,3855
3862,3855,3863
3865,3864,3863
3855,3865,3863
3856,3865,3855
3726,3866,3719
3866,3856,3719
3866,3865,3856
3727,3866,3726
3867,3731,3732
3724,3857,3732
3857,3867,3732
3857,3868,3867
3858,3870,3869
3868,3858,3869
3857,3858,3868
3870,3858,3859
3871,3864,3865
3873,3872,3871
3865,3873,3871
3866,3873,3865
3733,3874,3727
3874,3866,3727
3874,3873,3866
3734,3874,3733
3875,3738,3867
3867,3738,3731
3868,3877,3876
3875,3868,3876
3867,3868,3875
3877,3868,3869
3878,3872,3873
3880,3879,3878
3873,3880,3878
3874,3880,3873
3740,3880,3734
3734,3880,3874
3881,3743,3744
3738,3875,3744
3875,3881,3744
3875,3882,3881
3875,3876,3883
3875,3883,3882
3879,3880,3884
3879,3884,3885
3745,3886,3740
3886,3880,3740
3886,3884,3880
3746,3886,3745
3887,3749,3881
3881,3749,3743
3882,3889,3888
3887,3882,3888
3881,3882,3887
3889,3882,3883
3890,3885,3884
3892,3891,3890
3884,3892,3890
3886,3892,3884
3751,3892,3746
3746,3892,3886
3893,3754,3887
3887,3754,3749
3887,3888,3894
3887,3894,3893
3891,3892,3895
3891,3895,3896
3756,3895,3751
3751,3895,3892
3897,3760,3893
3893,3760,3754
3893,3894,3898
3893,3898,3897
3896,3895,3899
3896,3899,3900
3762,3899,3756
3756,3899,3895
3901,3766,3897
3897,3766,3760
3897,3898,3902
3897,3902,3901
3900,3899,3903
3900,3903,3904
3768,3903,3762
3762,3903,3899
3905,3771,3901
3901,3771,3766
3901,3902,3906
3901,3906,3905
3904,3903,3907
3904,3907,3908
3773,3907,3768
3768,3907,3903
3909,3775,3905
3905,3775,3771
3905,3906,3910
3911,3905,3910
3909,3905,3911
3912,3911,3910
3915,3914,3913
3913,3914,3908
3907,3913,3908
3916,3913,3907
3777,3916,3773
3773,3916,3907
3909,3779,3775
3779,3909,3781
3909,3917,3781
3909,3911,3917
3911,3912,3918
3911,3918,3917
3915,3913,3919
3915,3919,3920
3784,3919,3783
3919,3916,3783
3919,3913,3916
3783,3916,3777
3921,3787,3917
3917,3787,3781
3917,3918,3922
3923,3917,3922
3921,3917,3923
3924,3923,3922
3927,3926,3925
3925,3926,3920
3919,3925,3920
3928,3925,3919
3789,3928,3784
3784,3928,3919
3921,3791,3787
3791,3921,3793
3921,3929,3793
3921,3923,3929
3923,3924,3930
3931,3923,3930
3929,3923,3931
3932,3931,3930
3935,3934,3933
3933,3934,3927
3925,3933,3927
3936,3933,3925
3796,3936,3795
3936,3928,3795
3936,3925,3928
3795,3928,3789
3929,3799,3793
3799,3929,3801
3929,3937,3801
3929,3931,3937
3931,3932,3938
3939,3931,3938
3937,3931,3939
3941,3940,3939
3941,3939,3938
3942,3940,3941
3945,3944,3943
3947,3946,3943
3947,3943,3944
3946,3947,3935
3933,3946,3935
3948,3946,3933
3804,3948,3803
3948,3936,3803
3948,3933,3936
3803,3936,3796
3937,3807,3801
3807,3937,3810
3810,3937,3939
3810,3939,3811
3939,3949,3811
3939,3940,3949
3940,3942,3950
3951,3940,3950
3949,3940,3951
3953,3952,3951
3953,3951,3950
3955,3954,3952
3955,3952,3953
3957,3956,3954
3957,3954,3955
3959,3958,3956
3959,3956,3957
3958,3959,3945
3943,3958,3945
3960,3958,3943
3814,3960,3813
3960,3946,3813
3960,3943,3946
3813,3946,3816
3816,3946,3948
3816,3948,3804
3949,3819,3811
3819,3949,3822
3822,3949,3951
3822,3951,3824
3824,3951,3952
3824,3952,3826
3826,3952,3954
3826,3954,3828
3828,3954,3956
3828,3956,3830
3830,3956,3958
3830,3958,3832
3832,3958,3960
3832,3960,3814
3961,3847,3848
3849,3962,3848
3848,3962,3961
3850,3963,3849
3849,3963,3962
3851,3964,3850
3850,3964,3963
3852,3965,3851
3851,3965,3964
3853,3965,3852
3966,3859,3860
3861,3967,3860
3860,3967,3966
3847,3961,3861
3961,3967,3861
3961,3968,3967
3969,3961,3962
3968,3961,3969
3970,3962,3963
3969,3962,3970
3971,3963,3964
3970,3963,3971
3972,3964,3965
3971,3964,3972
3862,3973,3853
3973,3965,3853
3973,3972,3965
3863,3974,3862
3862,3974,3973
3864,3974,3863
3975,3869,3870
3859,3966,3870
3966,3975,3870
3966,3976,3975
3977,3966,3967
3976,3966,3977
3978,3967,3968
3977,3967,3978
3969,3980,3979
3978,3969,3979
3968,3969,3978
3980,3969,3970
3980,3970,3981
3981,3970,3971
3981,3971,3982
3984,3983,3982
3971,3984,3982
3972,3984,3971
3985,3972,3973
3984,3972,3985
3986,3973,3974
3985,3973,3986
3871,3987,3864
3987,3974,3864
3987,3986,3974
3872,3987,3871
3988,3876,3877
3869,3975,3877
3975,3988,3877
3975,3989,3988
3990,3975,3976
3989,3975,3990
3977,3992,3991
3990,3977,3991
3976,3977,3990
3992,3977,3978
3992,3978,3993
3993,3978,3979
3994,3983,3984
3994,3984,3985
3994,3985,3995
3997,3996,3995
3985,3997,3995
3986,3997,3985
3998,3986,3987
3997,3986,3998
3878,3999,3872
3999,3987,3872
3999,3998,3987
3879,3999,3878
4000,3883,3988
3988,3883,3876
4001,3988,3989
4000,3988,4001
3990,4003,4002
4001,3990,4002
3989,3990,4001
4003,3990,3991
4004,3996,3997
4006,4005,4004
3997,4006,4004
3998,4006,3997
4007,3998,3999
4006,3998,4007
3885,4007,3879
3879,4007,3999
4008,3888,3889
3883,4000,3889
4000,4008,3889
4000,4009,4008
4010,4000,4001
4009,4000,4010
4001,4002,4011
4001,4011,4010
4005,4006,4012
4005,4012,4013
4014,4006,4007
4012,4006,4014
3890,4015,3885
4015,4007,3885
4015,4014,4007
3891,4015,3890
4016,3894,4008
4008,3894,3888
4017,4008,4009
4016,4008,4017
4010,4019,4018
4017,4010,4018
4009,4010,4017
4019,4010,4011
4020,4013,4012
4022,4021,4020
4012,4022,4020
4014,4022,4012
4023,4014,4015
4022,4014,4023
3896,4023,3891
3891,4023,4015
4024,3898,4016
4016,3898,3894
4025,4016,4017
4024,4016,4025
4017,4018,4026
4017,4026,4025
4021,4022,4027
4021,4027,4028
4029,4022,4023
4027,4022,4029
3900,4029,3896
3896,4029,4023
4030,3902,4024
4024,3902,3898
4031,4024,4025
4030,4024,4031
4025,4026,4032
4025,4032,4031
4028,4027,4033
4028,4033,4034
4035,4027,4029
4033,4027,4035
3904,4035,3900
3900,4035,4029
4036,3906,4030
4030,3906,3902
4037,4030,4031
4036,4030,4037
4031,4032,4038
4039,4031,4038
4037,4031,4039
4040,4039,4038
4043,4042,4041
4041,4042,4034
4033,4041,4034
4044,4041,4033
4045,4033,4035
4044,4033,4045
3908,4045,3904
3904,4045,4035
4036,3910,3906
3910,4036,3912
4036,4046,3912
4036,4037,4046
4047,4037,4039
4046,4037,4047
4039,4040,4048
4039,4048,4047
4043,4041,4049
4043,4049,4050
4051,4041,4044
4049,4041,4051
3915,4051,3914
4051,4045,3914
4051,4044,4045
3914,4045,3908
4052,3918,4046
4046,3918,3912
4053,4046,4047
4052,4046,4053
4047,4048,4054
4055,4047,4054
4053,4047,4055
4056,4055,4054
4059,4058,4057
4057,4058,4050
4049,4057,4050
4060,4057,4049
4061,4049,4051
4060,4049,4061
3920,4061,3915
3915,4061,4051
4052,3922,3918
3922,4052,3924
4052,4062,3924
4052,4053,4062
4063,4053,4055
4062,4053,4063
4055,4056,4064
4065,4055,4064
4063,4055,4065
4067,4066,4065
4067,4065,4064
4068,4066,4067
4071,4070,4069
4073,4072,4069
4073,4069,4070
4072,4073,4059
4057,4072,4059
4074,4072,4057
4075,4057,4060
4074,4057,4075
3927,4075,3926
4075,4061,3926
4075,4060,4061
3926,4061,3920
4062,3930,3924
3930,4062,3932
4062,4076,3932
4062,4063,4076
4077,4063,4065
4076,4063,4077
4078,4065,4066
4077,4065,4078
4066,4068,4079
4080,4066,4079
4078,4066,4080
4082,4081,4080
4082,4080,4079
4084,4083,4081
4084,4081,4082
4083,4084,4071
4069,4083,4071
4085,4083,4069
4086,4069,4072
4085,4069,4086
4087,4072,4074
4086,4072,4087
3935,4087,3934
4087,4075,3934
4087,4074,4075
3934,4075,3927
4076,3938,3932
3938,4076,3941
3941,4076,4077
3941,4077,3942
4077,4088,3942
4077,4078,4088
4089,4078,4080
4088,4078,4089
4090,4080,4081
4089,4080,4090
4091,4081,4083
4090,4081,4091
4092,4083,4085
4091,4083,4092
3945,4092,3944
4092,4086,3944
4092,4085,4086
3944,4086,3947
3947,4086,4087
3947,4087,3935
4088,3950,3942
3950,4088,3953
3953,4088,4089
3953,4089,3955
3955,4089,4090
3955,4090,3957
3957,4090,4091
3957,4091,3959
3959,4091,4092
3959,4092,3945
4093,3979,3980
3981,4094,3980
3980,4094,4093
3982,4095,3981
3981,4095,4094
3983,4095,3982
4096,3991,3992
3993,4097,3992
3992,4097,4096
3979,4093,3993
4093,4097,3993
4093,4098,4097
4099,4093,4094
4098,4093,4099
4100,4094,4095
4099,4094,4100
3994,4101,3983
4101,4095,3983
4101,4100,4095
3995,4102,3994
3994,4102,4101
3996,4102,3995
4103,4002,4003
3991,4096,4003
4096,4103,4003
4096,4104,4103
4105,4096,4097
4104,4096,4105
4106,4097,4098
4105,4097,4106
4107,4098,4099
4106,4098,4107
4108,4099,4100
4107,4099,4108
4109,4100,4101
4108,4100,4109
4110,4101,4102
4109,4101,4110
4004,4111,3996
4111,4102,3996
4111,4110,4102
4005,4111,4004
4112,4011,4103
4103,4011,4002
4113,4103,4104
4112,4103,4113
4114,4104,4105
4113,4104,4114
4115,4105,4106
4114,4105,4115
4116,4106,4107
4115,4106,4116
4117,4107,4108
4116,4107,4117
4118,4108,4109
4117,4108,4118
4119,4109,4110
4118,4109,4119
4120,4110,4111
4119,4110,4120
4013,4120,4005
4005,4120,4111
4121,4018,4019
4011,4112,4019
4112,4121,4019
4112,4122,4121
4123,4112,4113
4122,4112,4123
4124,4113,4114
4123,4113,4124
4125,4114,4115
4124,4114,4125
4126,4115,4116
4125,4115,4126
4127,4116,4117
4126,4116,4127
4128,4117,4118
4127,4117,4128
4129,4118,4119
4128,4118,4129
4130,4119,4120
4129,4119,4130
4020,4131,4013
4131,4120,4013
4131,4130,4120
4021,4131,4020
4132,4026,4121
4121,4026,4018
4133,4121,4122
4132,4121,4133
4134,4122,4123
4133,4122,4134
4135,4123,4124
4134,4123,4135
4136,4124,4125
4135,4124,4136
4137,4125,4126
4136,4125,4137
4138,4126,4127
4137,4126,4138
4139,4127,4128
4138,4127,4139
4140,4128,4129
4139,4128,4140
4141,4129,4130
4140,4129,4141
4142,4130,4131
4141,4130,4142
4028,4142,4021
4021,4142,4131
4143,4032,4132
4132,4032,4026
4144,4132,4133
4143,4132,4144
4145,4133,4134
4144,4133,4145
4146,4134,4135
4145,4134,4146
4147,4135,4136
4146,4135,4147
4148,4136,4137
4147,4136,4148
4149,4137,4138
4148,4137,4149
4150,4138,4139
4149,4138,4150
4151,4139,4140
4150,4139,4151
4152,4140,4141
4151,4140,4152
4153,4141,4142
4152,4141,4153
4034,4153,4028
4028,4153,4142
4143,4038,4032
4038,4143,4040
4143,4154,4040
4143,4144,4154
4155,4144,4145
4154,4144,4155
4156,4145,4146
4155,4145,4156
4157,4146,4147
4156,4146,4157
4158,4147,4148
4157,4147,4158
4159,4148,4149
4158,4148,4159
4160,4149,4150
4159,4149,4160
4161,4150,4151
4160,4150,4161
4162,4151,4152
4161,4151,4162
4043,4162,4042
4162,4153,4042
4162,4152,4153
4042,4153,4034
4163,4048,4154
4154,4048,4040
4164,4154,4155
4163,4154,4164
4165,4155,4156
4164,4155,4165
4166,4156,4157
4165,4156,4166
4167,4157,4158
4166,4157,4167
4168,4158,4159
4167,4158,4168
4169,4159,4160
4168,4159,4169
4170,4160,4161
4169,4160,4170
4171,4161,4162
4170,4161,4171
4050,4171,4043
4043,4171,4162
4163,4054,4048
4054,4163,4056
4163,4172,4056
4163,4164,4172
4173,4164,4165
4172,4164,4173
4174,4165,4166
4173,4165,4174
4175,4166,4167
4174,4166,4175
4176,4167,4168
4175,4167,4176
4177,4168,4169
4176,4168,4177
4178,4169,4170
4177,4169,4178
4059,4178,4058
4178,4171,4058
4178,4170,4171
4058,4171,4050
4172,4064,4056
4064,4172,4067
4067,4172,4173
4067,4173,4068
4173,4179,4068
4173,4174,4179
4180,4174,4175
4179,4174,4180
4181,4175,4176
4180,4175,4181
4071,4181,4070
4181,4177,4070
4181,4176,4177
4070,4177,4073
4073,4177,4178
4073,4178,4059
4179,4079,4068
4079,4179,4082
4082,4179,4180
4082,4180,4084
4084,4180,4181
4084,4181,4071
