2.900000000000000000e+01,2.500000000000000000e+01,1.596109962463378906e+01
2.900000000000000000e+01,2.490649986267089844e+01,1.600000000000000000e+01
2.866370010375976562e+01,2.500000000000000000e+01,1.600000000000000000e+01
3.000000000000000000e+01,2.500000000000000000e+01,1.592310047149658203e+01
3.000000000000000000e+01,2.481439971923828125e+01,1.600000000000000000e+01
3.100000000000000000e+01,2.500000000000000000e+01,1.596109962463378906e+01
3.100000000000000000e+01,2.490649986267089844e+01,1.600000000000000000e+01
3.133629989624023438e+01,2.500000000000000000e+01,1.600000000000000000e+01
2.700000000000000000e+01,2.600000000000000000e+01,1.592310047149658203e+01
2.700000000000000000e+01,2.577440071105957031e+01,1.600000000000000000e+01
2.671129989624023438e+01,2.600000000000000000e+01,1.600000000000000000e+01
2.800000000000000000e+01,2.600000000000000000e+01,1.574310016632080078e+01
2.800000000000000000e+01,2.522080039978027344e+01,1.600000000000000000e+01
2.900000000000000000e+01,2.600000000000000000e+01,1.564089965820312500e+01
3.000000000000000000e+01,2.600000000000000000e+01,1.560750007629394531e+01
3.100000000000000000e+01,2.600000000000000000e+01,1.564089965820312500e+01
3.200000000000000000e+01,2.522080039978027344e+01,1.600000000000000000e+01
3.200000000000000000e+01,2.600000000000000000e+01,1.574310016632080078e+01
3.300000000000000000e+01,2.600000000000000000e+01,1.592310047149658203e+01
3.300000000000000000e+01,2.577440071105957031e+01,1.600000000000000000e+01
3.328870010375976562e+01,2.600000000000000000e+01,1.600000000000000000e+01
2.600000000000000000e+01,2.700000000000000000e+01,1.592310047149658203e+01
2.600000000000000000e+01,2.671129989624023438e+01,1.600000000000000000e+01
2.577440071105957031e+01,2.700000000000000000e+01,1.600000000000000000e+01
2.700000000000000000e+01,2.700000000000000000e+01,1.567459964752197266e+01
2.800000000000000000e+01,2.700000000000000000e+01,1.550860023498535156e+01
2.900000000000000000e+01,2.700000000000000000e+01,1.541059970855712891e+01
3.000000000000000000e+01,2.700000000000000000e+01,1.537790012359619141e+01
3.100000000000000000e+01,2.700000000000000000e+01,1.541059970855712891e+01
3.200000000000000000e+01,2.700000000000000000e+01,1.550860023498535156e+01
3.300000000000000000e+01,2.700000000000000000e+01,1.567459964752197266e+01
3.400000000000000000e+01,2.671129989624023438e+01,1.600000000000000000e+01
3.400000000000000000e+01,2.700000000000000000e+01,1.592310047149658203e+01
3.422560119628906250e+01,2.700000000000000000e+01,1.600000000000000000e+01
2.600000000000000000e+01,2.800000000000000000e+01,1.574310016632080078e+01
2.522080039978027344e+01,2.800000000000000000e+01,1.600000000000000000e+01
2.700000000000000000e+01,2.800000000000000000e+01,1.550860023498535156e+01
2.800000000000000000e+01,2.800000000000000000e+01,1.534510040283203125e+01
2.900000000000000000e+01,2.800000000000000000e+01,1.524559974670410156e+01
3.000000000000000000e+01,2.800000000000000000e+01,1.521189975738525391e+01
3.100000000000000000e+01,2.800000000000000000e+01,1.524559974670410156e+01
3.200000000000000000e+01,2.800000000000000000e+01,1.534510040283203125e+01
3.300000000000000000e+01,2.800000000000000000e+01,1.550860023498535156e+01
3.400000000000000000e+01,2.800000000000000000e+01,1.574310016632080078e+01
3.477920150756835938e+01,2.800000000000000000e+01,1.600000000000000000e+01
2.500000000000000000e+01,2.900000000000000000e+01,1.596109962463378906e+01
2.500000000000000000e+01,2.866370010375976562e+01,1.600000000000000000e+01
2.490649986267089844e+01,2.900000000000000000e+01,1.600000000000000000e+01
2.600000000000000000e+01,2.900000000000000000e+01,1.564089965820312500e+01
2.700000000000000000e+01,2.900000000000000000e+01,1.541059970855712891e+01
2.800000000000000000e+01,2.900000000000000000e+01,1.524559974670410156e+01
2.900000000000000000e+01,2.900000000000000000e+01,1.514330005645751953e+01
3.000000000000000000e+01,2.900000000000000000e+01,1.510830020904541016e+01
3.100000000000000000e+01,2.900000000000000000e+01,1.514330005645751953e+01
3.200000000000000000e+01,2.900000000000000000e+01,1.524559974670410156e+01
3.300000000000000000e+01,2.900000000000000000e+01,1.541059970855712891e+01
3.400000000000000000e+01,2.900000000000000000e+01,1.564089965820312500e+01
3.500000000000000000e+01,2.866370010375976562e+01,1.600000000000000000e+01
3.500000000000000000e+01,2.900000000000000000e+01,1.596109962463378906e+01
3.509349822998046875e+01,2.900000000000000000e+01,1.600000000000000000e+01
2.500000000000000000e+01,3.000000000000000000e+01,1.592310047149658203e+01
2.481439971923828125e+01,3.000000000000000000e+01,1.600000000000000000e+01
2.600000000000000000e+01,3.000000000000000000e+01,1.560750007629394531e+01
2.700000000000000000e+01,3.000000000000000000e+01,1.537790012359619141e+01
2.800000000000000000e+01,3.000000000000000000e+01,1.521189975738525391e+01
2.900000000000000000e+01,3.000000000000000000e+01,1.510830020904541016e+01
3.000000000000000000e+01,3.000000000000000000e+01,1.507279968261718750e+01
3.100000000000000000e+01,3.000000000000000000e+01,1.510830020904541016e+01
3.200000000000000000e+01,3.000000000000000000e+01,1.521189975738525391e+01
3.300000000000000000e+01,3.000000000000000000e+01,1.537790012359619141e+01
3.400000000000000000e+01,3.000000000000000000e+01,1.560750007629394531e+01
3.500000000000000000e+01,3.000000000000000000e+01,1.592310047149658203e+01
3.518560028076171875e+01,3.000000000000000000e+01,1.600000000000000000e+01
2.500000000000000000e+01,3.100000000000000000e+01,1.596109962463378906e+01
2.490649986267089844e+01,3.100000000000000000e+01,1.600000000000000000e+01
2.600000000000000000e+01,3.100000000000000000e+01,1.564089965820312500e+01
2.700000000000000000e+01,3.100000000000000000e+01,1.541059970855712891e+01
2.800000000000000000e+01,3.100000000000000000e+01,1.524559974670410156e+01
2.900000000000000000e+01,3.100000000000000000e+01,1.514330005645751953e+01
3.000000000000000000e+01,3.100000000000000000e+01,1.510830020904541016e+01
3.100000000000000000e+01,3.100000000000000000e+01,1.514330005645751953e+01
3.200000000000000000e+01,3.100000000000000000e+01,1.524559974670410156e+01
3.300000000000000000e+01,3.100000000000000000e+01,1.541059970855712891e+01
3.400000000000000000e+01,3.100000000000000000e+01,1.564089965820312500e+01
3.500000000000000000e+01,3.100000000000000000e+01,1.596109962463378906e+01
3.509349822998046875e+01,3.100000000000000000e+01,1.600000000000000000e+01
2.500000000000000000e+01,3.133629989624023438e+01,1.600000000000000000e+01
2.522080039978027344e+01,3.200000000000000000e+01,1.600000000000000000e+01
2.600000000000000000e+01,3.200000000000000000e+01,1.574310016632080078e+01
2.700000000000000000e+01,3.200000000000000000e+01,1.550860023498535156e+01
2.800000000000000000e+01,3.200000000000000000e+01,1.534510040283203125e+01
2.900000000000000000e+01,3.200000000000000000e+01,1.524559974670410156e+01
3.000000000000000000e+01,3.200000000000000000e+01,1.521189975738525391e+01
3.100000000000000000e+01,3.200000000000000000e+01,1.524559974670410156e+01
3.200000000000000000e+01,3.200000000000000000e+01,1.534510040283203125e+01
3.300000000000000000e+01,3.200000000000000000e+01,1.550860023498535156e+01
3.400000000000000000e+01,3.200000000000000000e+01,1.574310016632080078e+01
3.477920150756835938e+01,3.200000000000000000e+01,1.600000000000000000e+01
3.500000000000000000e+01,3.133629989624023438e+01,1.600000000000000000e+01
2.600000000000000000e+01,3.300000000000000000e+01,1.592310047149658203e+01
2.577440071105957031e+01,3.300000000000000000e+01,1.600000000000000000e+01
2.700000000000000000e+01,3.300000000000000000e+01,1.567459964752197266e+01
2.800000000000000000e+01,3.300000000000000000e+01,1.550860023498535156e+01
2.900000000000000000e+01,3.300000000000000000e+01,1.541059970855712891e+01
3.000000000000000000e+01,3.300000000000000000e+01,1.537790012359619141e+01
3.100000000000000000e+01,3.300000000000000000e+01,1.541059970855712891e+01
3.200000000000000000e+01,3.300000000000000000e+01,1.550860023498535156e+01
3.300000000000000000e+01,3.300000000000000000e+01,1.567459964752197266e+01
3.400000000000000000e+01,3.300000000000000000e+01,1.592310047149658203e+01
3.422560119628906250e+01,3.300000000000000000e+01,1.600000000000000000e+01
2.600000000000000000e+01,3.328870010375976562e+01,1.600000000000000000e+01
2.671129989624023438e+01,3.400000000000000000e+01,1.600000000000000000e+01
2.700000000000000000e+01,3.400000000000000000e+01,1.592310047149658203e+01
2.800000000000000000e+01,3.400000000000000000e+01,1.574310016632080078e+01
2.900000000000000000e+01,3.400000000000000000e+01,1.564089965820312500e+01
3.000000000000000000e+01,3.400000000000000000e+01,1.560750007629394531e+01
3.100000000000000000e+01,3.400000000000000000e+01,1.564089965820312500e+01
3.200000000000000000e+01,3.400000000000000000e+01,1.574310016632080078e+01
3.300000000000000000e+01,3.400000000000000000e+01,1.592310047149658203e+01
3.328870010375976562e+01,3.400000000000000000e+01,1.600000000000000000e+01
3.400000000000000000e+01,3.328870010375976562e+01,1.600000000000000000e+01
2.700000000000000000e+01,3.422560119628906250e+01,1.600000000000000000e+01
2.800000000000000000e+01,3.477920150756835938e+01,1.600000000000000000e+01
2.866370010375976562e+01,3.500000000000000000e+01,1.600000000000000000e+01
2.900000000000000000e+01,3.500000000000000000e+01,1.596109962463378906e+01
3.000000000000000000e+01,3.500000000000000000e+01,1.592310047149658203e+01
3.100000000000000000e+01,3.500000000000000000e+01,1.596109962463378906e+01
3.133629989624023438e+01,3.500000000000000000e+01,1.600000000000000000e+01
3.200000000000000000e+01,3.477920150756835938e+01,1.600000000000000000e+01
3.300000000000000000e+01,3.422560119628906250e+01,1.600000000000000000e+01
2.900000000000000000e+01,3.509349822998046875e+01,1.600000000000000000e+01
3.000000000000000000e+01,3.518560028076171875e+01,1.600000000000000000e+01
3.100000000000000000e+01,3.509349822998046875e+01,1.600000000000000000e+01
2.800000000000000000e+01,2.300000000000000000e+01,1.695890045166015625e+01
2.800000000000000000e+01,2.293059921264648438e+01,1.700000000000000000e+01
2.779809951782226562e+01,2.300000000000000000e+01,1.700000000000000000e+01
2.900000000000000000e+01,2.300000000000000000e+01,1.684020042419433594e+01
2.900000000000000000e+01,2.272739982604980469e+01,1.700000000000000000e+01
3.000000000000000000e+01,2.300000000000000000e+01,1.680200004577636719e+01
3.000000000000000000e+01,2.266069984436035156e+01,1.700000000000000000e+01
3.100000000000000000e+01,2.300000000000000000e+01,1.684020042419433594e+01
3.100000000000000000e+01,2.272739982604980469e+01,1.700000000000000000e+01
3.200000000000000000e+01,2.300000000000000000e+01,1.695890045166015625e+01
3.200000000000000000e+01,2.293059921264648438e+01,1.700000000000000000e+01
3.220190048217773438e+01,2.300000000000000000e+01,1.700000000000000000e+01
2.600000000000000000e+01,2.400000000000000000e+01,1.691860008239746094e+01
2.600000000000000000e+01,2.384219932556152344e+01,1.700000000000000000e+01
2.577479934692382812e+01,2.400000000000000000e+01,1.700000000000000000e+01
2.700000000000000000e+01,2.400000000000000000e+01,1.665360069274902344e+01
2.700000000000000000e+01,2.330610084533691406e+01,1.700000000000000000e+01
2.800000000000000000e+01,2.400000000000000000e+01,1.647500038146972656e+01
2.900000000000000000e+01,2.400000000000000000e+01,1.636890029907226562e+01
3.000000000000000000e+01,2.400000000000000000e+01,1.633340072631835938e+01
3.100000000000000000e+01,2.400000000000000000e+01,1.636890029907226562e+01
3.200000000000000000e+01,2.400000000000000000e+01,1.647500038146972656e+01
3.300000000000000000e+01,2.330610084533691406e+01,1.700000000000000000e+01
3.300000000000000000e+01,2.400000000000000000e+01,1.665360069274902344e+01
3.400000000000000000e+01,2.400000000000000000e+01,1.691860008239746094e+01
3.400000000000000000e+01,2.384219932556152344e+01,1.700000000000000000e+01
3.422520065307617188e+01,2.400000000000000000e+01,1.700000000000000000e+01
2.500000000000000000e+01,2.500000000000000000e+01,1.684029960632324219e+01
2.500000000000000000e+01,2.463229942321777344e+01,1.700000000000000000e+01
2.463229942321777344e+01,2.500000000000000000e+01,1.700000000000000000e+01
2.600000000000000000e+01,2.500000000000000000e+01,1.651040077209472656e+01
2.700000000000000000e+01,2.500000000000000000e+01,1.626189994812011719e+01
2.800000000000000000e+01,2.500000000000000000e+01,1.607719993591308594e+01
3.200000000000000000e+01,2.500000000000000000e+01,1.607719993591308594e+01
3.300000000000000000e+01,2.500000000000000000e+01,1.626189994812011719e+01
3.400000000000000000e+01,2.500000000000000000e+01,1.651040077209472656e+01
3.500000000000000000e+01,2.463229942321777344e+01,1.700000000000000000e+01
3.500000000000000000e+01,2.500000000000000000e+01,1.684029960632324219e+01
3.536769866943359375e+01,2.500000000000000000e+01,1.700000000000000000e+01
2.400000000000000000e+01,2.600000000000000000e+01,1.691860008239746094e+01
2.400000000000000000e+01,2.577479934692382812e+01,1.700000000000000000e+01
2.384219932556152344e+01,2.600000000000000000e+01,1.700000000000000000e+01
2.500000000000000000e+01,2.600000000000000000e+01,1.651040077209472656e+01
2.600000000000000000e+01,2.600000000000000000e+01,1.618919944763183594e+01
3.400000000000000000e+01,2.600000000000000000e+01,1.618919944763183594e+01
3.500000000000000000e+01,2.600000000000000000e+01,1.651040077209472656e+01
3.600000000000000000e+01,2.577479934692382812e+01,1.700000000000000000e+01
3.600000000000000000e+01,2.600000000000000000e+01,1.691860008239746094e+01
3.615779876708984375e+01,2.600000000000000000e+01,1.700000000000000000e+01
2.400000000000000000e+01,2.700000000000000000e+01,1.665360069274902344e+01
2.330610084533691406e+01,2.700000000000000000e+01,1.700000000000000000e+01
2.500000000000000000e+01,2.700000000000000000e+01,1.626189994812011719e+01
3.500000000000000000e+01,2.700000000000000000e+01,1.626189994812011719e+01
3.600000000000000000e+01,2.700000000000000000e+01,1.665360069274902344e+01
3.669390106201171875e+01,2.700000000000000000e+01,1.700000000000000000e+01
2.300000000000000000e+01,2.800000000000000000e+01,1.695890045166015625e+01
2.300000000000000000e+01,2.779809951782226562e+01,1.700000000000000000e+01
2.293059921264648438e+01,2.800000000000000000e+01,1.700000000000000000e+01
2.400000000000000000e+01,2.800000000000000000e+01,1.647500038146972656e+01
2.500000000000000000e+01,2.800000000000000000e+01,1.607719993591308594e+01
3.500000000000000000e+01,2.800000000000000000e+01,1.607719993591308594e+01
3.600000000000000000e+01,2.800000000000000000e+01,1.647500038146972656e+01
3.700000000000000000e+01,2.779809951782226562e+01,1.700000000000000000e+01
3.700000000000000000e+01,2.800000000000000000e+01,1.695890045166015625e+01
3.706940078735351562e+01,2.800000000000000000e+01,1.700000000000000000e+01
2.300000000000000000e+01,2.900000000000000000e+01,1.684020042419433594e+01
2.272739982604980469e+01,2.900000000000000000e+01,1.700000000000000000e+01
2.400000000000000000e+01,2.900000000000000000e+01,1.636890029907226562e+01
3.600000000000000000e+01,2.900000000000000000e+01,1.636890029907226562e+01
3.700000000000000000e+01,2.900000000000000000e+01,1.684020042419433594e+01
3.727259826660156250e+01,2.900000000000000000e+01,1.700000000000000000e+01
2.300000000000000000e+01,3.000000000000000000e+01,1.680200004577636719e+01
2.266069984436035156e+01,3.000000000000000000e+01,1.700000000000000000e+01
2.400000000000000000e+01,3.000000000000000000e+01,1.633340072631835938e+01
3.600000000000000000e+01,3.000000000000000000e+01,1.633340072631835938e+01
3.700000000000000000e+01,3.000000000000000000e+01,1.680200004577636719e+01
3.733929824829101562e+01,3.000000000000000000e+01,1.700000000000000000e+01
2.300000000000000000e+01,3.100000000000000000e+01,1.684020042419433594e+01
2.272739982604980469e+01,3.100000000000000000e+01,1.700000000000000000e+01
2.400000000000000000e+01,3.100000000000000000e+01,1.636890029907226562e+01
3.600000000000000000e+01,3.100000000000000000e+01,1.636890029907226562e+01
3.700000000000000000e+01,3.100000000000000000e+01,1.684020042419433594e+01
3.727259826660156250e+01,3.100000000000000000e+01,1.700000000000000000e+01
2.300000000000000000e+01,3.200000000000000000e+01,1.695890045166015625e+01
2.293059921264648438e+01,3.200000000000000000e+01,1.700000000000000000e+01
2.400000000000000000e+01,3.200000000000000000e+01,1.647500038146972656e+01
2.500000000000000000e+01,3.200000000000000000e+01,1.607719993591308594e+01
3.500000000000000000e+01,3.200000000000000000e+01,1.607719993591308594e+01
3.600000000000000000e+01,3.200000000000000000e+01,1.647500038146972656e+01
3.700000000000000000e+01,3.200000000000000000e+01,1.695890045166015625e+01
3.706940078735351562e+01,3.200000000000000000e+01,1.700000000000000000e+01
2.300000000000000000e+01,3.220190048217773438e+01,1.700000000000000000e+01
2.330610084533691406e+01,3.300000000000000000e+01,1.700000000000000000e+01
2.400000000000000000e+01,3.300000000000000000e+01,1.665360069274902344e+01
2.500000000000000000e+01,3.300000000000000000e+01,1.626189994812011719e+01
3.500000000000000000e+01,3.300000000000000000e+01,1.626189994812011719e+01
3.600000000000000000e+01,3.300000000000000000e+01,1.665360069274902344e+01
3.669390106201171875e+01,3.300000000000000000e+01,1.700000000000000000e+01
3.700000000000000000e+01,3.220190048217773438e+01,1.700000000000000000e+01
2.400000000000000000e+01,3.400000000000000000e+01,1.691860008239746094e+01
2.384219932556152344e+01,3.400000000000000000e+01,1.700000000000000000e+01
2.500000000000000000e+01,3.400000000000000000e+01,1.651040077209472656e+01
2.600000000000000000e+01,3.400000000000000000e+01,1.618919944763183594e+01
3.400000000000000000e+01,3.400000000000000000e+01,1.618919944763183594e+01
3.500000000000000000e+01,3.400000000000000000e+01,1.651040077209472656e+01
3.600000000000000000e+01,3.400000000000000000e+01,1.691860008239746094e+01
3.615779876708984375e+01,3.400000000000000000e+01,1.700000000000000000e+01
2.400000000000000000e+01,3.422520065307617188e+01,1.700000000000000000e+01
2.463229942321777344e+01,3.500000000000000000e+01,1.700000000000000000e+01
2.500000000000000000e+01,3.500000000000000000e+01,1.684029960632324219e+01
2.600000000000000000e+01,3.500000000000000000e+01,1.651040077209472656e+01
2.700000000000000000e+01,3.500000000000000000e+01,1.626189994812011719e+01
2.800000000000000000e+01,3.500000000000000000e+01,1.607719993591308594e+01
3.200000000000000000e+01,3.500000000000000000e+01,1.607719993591308594e+01
3.300000000000000000e+01,3.500000000000000000e+01,1.626189994812011719e+01
3.400000000000000000e+01,3.500000000000000000e+01,1.651040077209472656e+01
3.500000000000000000e+01,3.500000000000000000e+01,1.684029960632324219e+01
3.536769866943359375e+01,3.500000000000000000e+01,1.700000000000000000e+01
3.600000000000000000e+01,3.422520065307617188e+01,1.700000000000000000e+01
2.500000000000000000e+01,3.536769866943359375e+01,1.700000000000000000e+01
2.577479934692382812e+01,3.600000000000000000e+01,1.700000000000000000e+01
2.600000000000000000e+01,3.600000000000000000e+01,1.691860008239746094e+01
2.700000000000000000e+01,3.600000000000000000e+01,1.665360069274902344e+01
2.800000000000000000e+01,3.600000000000000000e+01,1.647500038146972656e+01
2.900000000000000000e+01,3.600000000000000000e+01,1.636890029907226562e+01
3.000000000000000000e+01,3.600000000000000000e+01,1.633340072631835938e+01
3.100000000000000000e+01,3.600000000000000000e+01,1.636890029907226562e+01
3.200000000000000000e+01,3.600000000000000000e+01,1.647500038146972656e+01
3.300000000000000000e+01,3.600000000000000000e+01,1.665360069274902344e+01
3.400000000000000000e+01,3.600000000000000000e+01,1.691860008239746094e+01
3.422520065307617188e+01,3.600000000000000000e+01,1.700000000000000000e+01
3.500000000000000000e+01,3.536769866943359375e+01,1.700000000000000000e+01
2.600000000000000000e+01,3.615779876708984375e+01,1.700000000000000000e+01
2.700000000000000000e+01,3.669390106201171875e+01,1.700000000000000000e+01
2.779809951782226562e+01,3.700000000000000000e+01,1.700000000000000000e+01
2.800000000000000000e+01,3.700000000000000000e+01,1.695890045166015625e+01
2.900000000000000000e+01,3.700000000000000000e+01,1.684020042419433594e+01
3.000000000000000000e+01,3.700000000000000000e+01,1.680200004577636719e+01
3.100000000000000000e+01,3.700000000000000000e+01,1.684020042419433594e+01
3.200000000000000000e+01,3.700000000000000000e+01,1.695890045166015625e+01
3.220190048217773438e+01,3.700000000000000000e+01,1.700000000000000000e+01
3.300000000000000000e+01,3.669390106201171875e+01,1.700000000000000000e+01
3.400000000000000000e+01,3.615779876708984375e+01,1.700000000000000000e+01
2.800000000000000000e+01,3.706940078735351562e+01,1.700000000000000000e+01
2.900000000000000000e+01,3.727259826660156250e+01,1.700000000000000000e+01
3.000000000000000000e+01,3.733929824829101562e+01,1.700000000000000000e+01
3.100000000000000000e+01,3.727259826660156250e+01,1.700000000000000000e+01
3.200000000000000000e+01,3.706940078735351562e+01,1.700000000000000000e+01
2.700000000000000000e+01,2.200000000000000000e+01,1.774790000915527344e+01
2.700000000000000000e+01,2.164030075073242188e+01,1.800000000000000000e+01
2.614220046997070312e+01,2.200000000000000000e+01,1.800000000000000000e+01
2.800000000000000000e+01,2.200000000000000000e+01,1.755109977722167969e+01
2.800000000000000000e+01,2.135090065002441406e+01,1.800000000000000000e+01
2.900000000000000000e+01,2.200000000000000000e+01,1.743549919128417969e+01
2.900000000000000000e+01,2.117700004577636719e+01,1.800000000000000000e+01
3.000000000000000000e+01,2.200000000000000000e+01,1.739710044860839844e+01
3.000000000000000000e+01,2.111840057373046875e+01,1.800000000000000000e+01
3.100000000000000000e+01,2.200000000000000000e+01,1.743549919128417969e+01
3.100000000000000000e+01,2.117700004577636719e+01,1.800000000000000000e+01
3.200000000000000000e+01,2.200000000000000000e+01,1.755109977722167969e+01
3.200000000000000000e+01,2.135090065002441406e+01,1.800000000000000000e+01
3.300000000000000000e+01,2.200000000000000000e+01,1.774790000915527344e+01
3.300000000000000000e+01,2.164030075073242188e+01,1.800000000000000000e+01
3.385779953002929688e+01,2.200000000000000000e+01,1.800000000000000000e+01
2.500000000000000000e+01,2.300000000000000000e+01,1.778840065002441406e+01
2.500000000000000000e+01,2.266090011596679688e+01,1.800000000000000000e+01
2.454199981689453125e+01,2.300000000000000000e+01,1.800000000000000000e+01
2.600000000000000000e+01,2.300000000000000000e+01,1.743549919128417969e+01
2.600000000000000000e+01,2.206699943542480469e+01,1.800000000000000000e+01
2.700000000000000000e+01,2.300000000000000000e+01,1.716329956054687500e+01
3.300000000000000000e+01,2.300000000000000000e+01,1.716329956054687500e+01
3.400000000000000000e+01,2.206699943542480469e+01,1.800000000000000000e+01
3.400000000000000000e+01,2.300000000000000000e+01,1.743549919128417969e+01
3.500000000000000000e+01,2.300000000000000000e+01,1.778840065002441406e+01
3.500000000000000000e+01,2.266090011596679688e+01,1.800000000000000000e+01
3.545800018310546875e+01,2.300000000000000000e+01,1.800000000000000000e+01
2.400000000000000000e+01,2.400000000000000000e+01,1.770779991149902344e+01
2.400000000000000000e+01,2.345829963684082031e+01,1.800000000000000000e+01
2.345829963684082031e+01,2.400000000000000000e+01,1.800000000000000000e+01
2.500000000000000000e+01,2.400000000000000000e+01,1.728129959106445312e+01
3.500000000000000000e+01,2.400000000000000000e+01,1.728129959106445312e+01
3.600000000000000000e+01,2.345829963684082031e+01,1.800000000000000000e+01
3.600000000000000000e+01,2.400000000000000000e+01,1.770779991149902344e+01
3.654169845581054688e+01,2.400000000000000000e+01,1.800000000000000000e+01
2.300000000000000000e+01,2.500000000000000000e+01,1.778840065002441406e+01
2.300000000000000000e+01,2.454199981689453125e+01,1.800000000000000000e+01
2.266090011596679688e+01,2.500000000000000000e+01,1.800000000000000000e+01
2.400000000000000000e+01,2.500000000000000000e+01,1.728129959106445312e+01
3.600000000000000000e+01,2.500000000000000000e+01,1.728129959106445312e+01
3.700000000000000000e+01,2.454199981689453125e+01,1.800000000000000000e+01
3.700000000000000000e+01,2.500000000000000000e+01,1.778840065002441406e+01
3.733909988403320312e+01,2.500000000000000000e+01,1.800000000000000000e+01
2.300000000000000000e+01,2.600000000000000000e+01,1.743549919128417969e+01
2.206699943542480469e+01,2.600000000000000000e+01,1.800000000000000000e+01
3.700000000000000000e+01,2.600000000000000000e+01,1.743549919128417969e+01
3.793299865722656250e+01,2.600000000000000000e+01,1.800000000000000000e+01
2.200000000000000000e+01,2.700000000000000000e+01,1.774790000915527344e+01
2.200000000000000000e+01,2.614220046997070312e+01,1.800000000000000000e+01
2.164030075073242188e+01,2.700000000000000000e+01,1.800000000000000000e+01
2.300000000000000000e+01,2.700000000000000000e+01,1.716329956054687500e+01
3.700000000000000000e+01,2.700000000000000000e+01,1.716329956054687500e+01
3.800000000000000000e+01,2.614220046997070312e+01,1.800000000000000000e+01
3.800000000000000000e+01,2.700000000000000000e+01,1.774790000915527344e+01
3.835969924926757812e+01,2.700000000000000000e+01,1.800000000000000000e+01
2.200000000000000000e+01,2.800000000000000000e+01,1.755109977722167969e+01
2.135090065002441406e+01,2.800000000000000000e+01,1.800000000000000000e+01
3.800000000000000000e+01,2.800000000000000000e+01,1.755109977722167969e+01
3.864910125732421875e+01,2.800000000000000000e+01,1.800000000000000000e+01
2.200000000000000000e+01,2.900000000000000000e+01,1.743549919128417969e+01
2.117700004577636719e+01,2.900000000000000000e+01,1.800000000000000000e+01
3.800000000000000000e+01,2.900000000000000000e+01,1.743549919128417969e+01
3.882300186157226562e+01,2.900000000000000000e+01,1.800000000000000000e+01
2.200000000000000000e+01,3.000000000000000000e+01,1.739710044860839844e+01
2.111840057373046875e+01,3.000000000000000000e+01,1.800000000000000000e+01
3.800000000000000000e+01,3.000000000000000000e+01,1.739710044860839844e+01
3.888159942626953125e+01,3.000000000000000000e+01,1.800000000000000000e+01
2.200000000000000000e+01,3.100000000000000000e+01,1.743549919128417969e+01
2.117700004577636719e+01,3.100000000000000000e+01,1.800000000000000000e+01
3.800000000000000000e+01,3.100000000000000000e+01,1.743549919128417969e+01
3.882300186157226562e+01,3.100000000000000000e+01,1.800000000000000000e+01
2.200000000000000000e+01,3.200000000000000000e+01,1.755109977722167969e+01
2.135090065002441406e+01,3.200000000000000000e+01,1.800000000000000000e+01
3.800000000000000000e+01,3.200000000000000000e+01,1.755109977722167969e+01
3.864910125732421875e+01,3.200000000000000000e+01,1.800000000000000000e+01
2.200000000000000000e+01,3.300000000000000000e+01,1.774790000915527344e+01
2.164030075073242188e+01,3.300000000000000000e+01,1.800000000000000000e+01
2.300000000000000000e+01,3.300000000000000000e+01,1.716329956054687500e+01
3.700000000000000000e+01,3.300000000000000000e+01,1.716329956054687500e+01
3.800000000000000000e+01,3.300000000000000000e+01,1.774790000915527344e+01
3.835969924926757812e+01,3.300000000000000000e+01,1.800000000000000000e+01
2.200000000000000000e+01,3.385779953002929688e+01,1.800000000000000000e+01
2.206699943542480469e+01,3.400000000000000000e+01,1.800000000000000000e+01
2.300000000000000000e+01,3.400000000000000000e+01,1.743549919128417969e+01
3.700000000000000000e+01,3.400000000000000000e+01,1.743549919128417969e+01
3.793299865722656250e+01,3.400000000000000000e+01,1.800000000000000000e+01
3.800000000000000000e+01,3.385779953002929688e+01,1.800000000000000000e+01
2.300000000000000000e+01,3.500000000000000000e+01,1.778840065002441406e+01
2.266090011596679688e+01,3.500000000000000000e+01,1.800000000000000000e+01
2.400000000000000000e+01,3.500000000000000000e+01,1.728129959106445312e+01
3.600000000000000000e+01,3.500000000000000000e+01,1.728129959106445312e+01
3.700000000000000000e+01,3.500000000000000000e+01,1.778840065002441406e+01
3.733909988403320312e+01,3.500000000000000000e+01,1.800000000000000000e+01
2.300000000000000000e+01,3.545800018310546875e+01,1.800000000000000000e+01
2.345829963684082031e+01,3.600000000000000000e+01,1.800000000000000000e+01
2.400000000000000000e+01,3.600000000000000000e+01,1.770779991149902344e+01
2.500000000000000000e+01,3.600000000000000000e+01,1.728129959106445312e+01
3.500000000000000000e+01,3.600000000000000000e+01,1.728129959106445312e+01
3.600000000000000000e+01,3.600000000000000000e+01,1.770779991149902344e+01
3.654169845581054688e+01,3.600000000000000000e+01,1.800000000000000000e+01
3.700000000000000000e+01,3.545800018310546875e+01,1.800000000000000000e+01
2.400000000000000000e+01,3.654169845581054688e+01,1.800000000000000000e+01
2.454199981689453125e+01,3.700000000000000000e+01,1.800000000000000000e+01
2.500000000000000000e+01,3.700000000000000000e+01,1.778840065002441406e+01
2.600000000000000000e+01,3.700000000000000000e+01,1.743549919128417969e+01
2.700000000000000000e+01,3.700000000000000000e+01,1.716329956054687500e+01
3.300000000000000000e+01,3.700000000000000000e+01,1.716329956054687500e+01
3.400000000000000000e+01,3.700000000000000000e+01,1.743549919128417969e+01
3.500000000000000000e+01,3.700000000000000000e+01,1.778840065002441406e+01
3.545800018310546875e+01,3.700000000000000000e+01,1.800000000000000000e+01
3.600000000000000000e+01,3.654169845581054688e+01,1.800000000000000000e+01
2.500000000000000000e+01,3.733909988403320312e+01,1.800000000000000000e+01
2.600000000000000000e+01,3.793299865722656250e+01,1.800000000000000000e+01
2.614220046997070312e+01,3.800000000000000000e+01,1.800000000000000000e+01
2.700000000000000000e+01,3.800000000000000000e+01,1.774790000915527344e+01
2.800000000000000000e+01,3.800000000000000000e+01,1.755109977722167969e+01
2.900000000000000000e+01,3.800000000000000000e+01,1.743549919128417969e+01
3.000000000000000000e+01,3.800000000000000000e+01,1.739710044860839844e+01
3.100000000000000000e+01,3.800000000000000000e+01,1.743549919128417969e+01
3.200000000000000000e+01,3.800000000000000000e+01,1.755109977722167969e+01
3.300000000000000000e+01,3.800000000000000000e+01,1.774790000915527344e+01
3.385779953002929688e+01,3.800000000000000000e+01,1.800000000000000000e+01
3.400000000000000000e+01,3.793299865722656250e+01,1.800000000000000000e+01
3.500000000000000000e+01,3.733909988403320312e+01,1.800000000000000000e+01
2.700000000000000000e+01,3.835969924926757812e+01,1.800000000000000000e+01
2.800000000000000000e+01,3.864910125732421875e+01,1.800000000000000000e+01
2.900000000000000000e+01,3.882300186157226562e+01,1.800000000000000000e+01
3.000000000000000000e+01,3.888159942626953125e+01,1.800000000000000000e+01
3.100000000000000000e+01,3.882300186157226562e+01,1.800000000000000000e+01
3.200000000000000000e+01,3.864910125732421875e+01,1.800000000000000000e+01
3.300000000000000000e+01,3.835969924926757812e+01,1.800000000000000000e+01
2.900000000000000000e+01,2.000000000000000000e+01,1.895299911499023438e+01
2.900000000000000000e+01,1.994899940490722656e+01,1.900000000000000000e+01
2.866519927978515625e+01,2.000000000000000000e+01,1.900000000000000000e+01
3.000000000000000000e+01,2.000000000000000000e+01,1.890679931640625000e+01
3.000000000000000000e+01,1.989900016784667969e+01,1.900000000000000000e+01
3.100000000000000000e+01,2.000000000000000000e+01,1.895299911499023438e+01
3.100000000000000000e+01,1.994899940490722656e+01,1.900000000000000000e+01
3.133480072021484375e+01,2.000000000000000000e+01,1.900000000000000000e+01
2.600000000000000000e+01,2.100000000000000000e+01,1.877219963073730469e+01
2.600000000000000000e+01,2.072870063781738281e+01,1.900000000000000000e+01
2.544219970703125000e+01,2.100000000000000000e+01,1.900000000000000000e+01
2.700000000000000000e+01,2.100000000000000000e+01,1.847270011901855469e+01
2.700000000000000000e+01,2.036619949340820312e+01,1.900000000000000000e+01
2.800000000000000000e+01,2.100000000000000000e+01,1.826199913024902344e+01
2.800000000000000000e+01,2.010650062561035156e+01,1.900000000000000000e+01
2.900000000000000000e+01,2.100000000000000000e+01,1.813299942016601562e+01
3.000000000000000000e+01,2.100000000000000000e+01,1.808919906616210938e+01
3.100000000000000000e+01,2.100000000000000000e+01,1.813299942016601562e+01
3.200000000000000000e+01,2.010650062561035156e+01,1.900000000000000000e+01
3.200000000000000000e+01,2.100000000000000000e+01,1.826199913024902344e+01
3.300000000000000000e+01,2.100000000000000000e+01,1.847270011901855469e+01
3.300000000000000000e+01,2.036619949340820312e+01,1.900000000000000000e+01
3.400000000000000000e+01,2.100000000000000000e+01,1.877219963073730469e+01
3.400000000000000000e+01,2.072870063781738281e+01,1.900000000000000000e+01
3.455780029296875000e+01,2.100000000000000000e+01,1.900000000000000000e+01
2.400000000000000000e+01,2.200000000000000000e+01,1.890679931640625000e+01
2.400000000000000000e+01,2.187759971618652344e+01,1.900000000000000000e+01
2.384239959716796875e+01,2.200000000000000000e+01,1.900000000000000000e+01
2.500000000000000000e+01,2.200000000000000000e+01,1.843070030212402344e+01
2.500000000000000000e+01,2.123530006408691406e+01,1.900000000000000000e+01
2.600000000000000000e+01,2.200000000000000000e+01,1.804490089416503906e+01
3.400000000000000000e+01,2.200000000000000000e+01,1.804490089416503906e+01
3.500000000000000000e+01,2.123530006408691406e+01,1.900000000000000000e+01
3.500000000000000000e+01,2.200000000000000000e+01,1.843070030212402344e+01
3.600000000000000000e+01,2.200000000000000000e+01,1.890679931640625000e+01
3.600000000000000000e+01,2.187759971618652344e+01,1.900000000000000000e+01
3.615760040283203125e+01,2.200000000000000000e+01,1.900000000000000000e+01
2.300000000000000000e+01,2.300000000000000000e+01,1.881649971008300781e+01
2.300000000000000000e+01,2.272760009765625000e+01,1.900000000000000000e+01
2.272760009765625000e+01,2.300000000000000000e+01,1.900000000000000000e+01
2.400000000000000000e+01,2.300000000000000000e+01,1.826199913024902344e+01
3.600000000000000000e+01,2.300000000000000000e+01,1.826199913024902344e+01
3.700000000000000000e+01,2.272760009765625000e+01,1.900000000000000000e+01
3.700000000000000000e+01,2.300000000000000000e+01,1.881649971008300781e+01
3.727239990234375000e+01,2.300000000000000000e+01,1.900000000000000000e+01
2.200000000000000000e+01,2.400000000000000000e+01,1.890679931640625000e+01
2.200000000000000000e+01,2.384239959716796875e+01,1.900000000000000000e+01
2.187759971618652344e+01,2.400000000000000000e+01,1.900000000000000000e+01
2.300000000000000000e+01,2.400000000000000000e+01,1.826199913024902344e+01
3.700000000000000000e+01,2.400000000000000000e+01,1.826199913024902344e+01
3.800000000000000000e+01,2.384239959716796875e+01,1.900000000000000000e+01
3.800000000000000000e+01,2.400000000000000000e+01,1.890679931640625000e+01
3.812239837646484375e+01,2.400000000000000000e+01,1.900000000000000000e+01
2.200000000000000000e+01,2.500000000000000000e+01,1.843070030212402344e+01
2.123530006408691406e+01,2.500000000000000000e+01,1.900000000000000000e+01
3.800000000000000000e+01,2.500000000000000000e+01,1.843070030212402344e+01
3.876470184326171875e+01,2.500000000000000000e+01,1.900000000000000000e+01
2.100000000000000000e+01,2.600000000000000000e+01,1.877219963073730469e+01
2.100000000000000000e+01,2.544219970703125000e+01,1.900000000000000000e+01
2.072870063781738281e+01,2.600000000000000000e+01,1.900000000000000000e+01
2.200000000000000000e+01,2.600000000000000000e+01,1.804490089416503906e+01
3.800000000000000000e+01,2.600000000000000000e+01,1.804490089416503906e+01
3.900000000000000000e+01,2.544219970703125000e+01,1.900000000000000000e+01
3.900000000000000000e+01,2.600000000000000000e+01,1.877219963073730469e+01
3.927130126953125000e+01,2.600000000000000000e+01,1.900000000000000000e+01
2.100000000000000000e+01,2.700000000000000000e+01,1.847270011901855469e+01
2.036619949340820312e+01,2.700000000000000000e+01,1.900000000000000000e+01
3.900000000000000000e+01,2.700000000000000000e+01,1.847270011901855469e+01
3.963380050659179688e+01,2.700000000000000000e+01,1.900000000000000000e+01
2.100000000000000000e+01,2.800000000000000000e+01,1.826199913024902344e+01
2.010650062561035156e+01,2.800000000000000000e+01,1.900000000000000000e+01
3.900000000000000000e+01,2.800000000000000000e+01,1.826199913024902344e+01
3.989350128173828125e+01,2.800000000000000000e+01,1.900000000000000000e+01
2.000000000000000000e+01,2.900000000000000000e+01,1.895299911499023438e+01
2.000000000000000000e+01,2.866519927978515625e+01,1.900000000000000000e+01
1.994899940490722656e+01,2.900000000000000000e+01,1.900000000000000000e+01
2.100000000000000000e+01,2.900000000000000000e+01,1.813299942016601562e+01
3.900000000000000000e+01,2.900000000000000000e+01,1.813299942016601562e+01
4.000000000000000000e+01,2.866519927978515625e+01,1.900000000000000000e+01
4.000000000000000000e+01,2.900000000000000000e+01,1.895299911499023438e+01
4.005099868774414062e+01,2.900000000000000000e+01,1.900000000000000000e+01
2.000000000000000000e+01,3.000000000000000000e+01,1.890679931640625000e+01
1.989900016784667969e+01,3.000000000000000000e+01,1.900000000000000000e+01
2.100000000000000000e+01,3.000000000000000000e+01,1.808919906616210938e+01
3.900000000000000000e+01,3.000000000000000000e+01,1.808919906616210938e+01
4.000000000000000000e+01,3.000000000000000000e+01,1.890679931640625000e+01
4.010100173950195312e+01,3.000000000000000000e+01,1.900000000000000000e+01
2.000000000000000000e+01,3.100000000000000000e+01,1.895299911499023438e+01
1.994899940490722656e+01,3.100000000000000000e+01,1.900000000000000000e+01
2.100000000000000000e+01,3.100000000000000000e+01,1.813299942016601562e+01
3.900000000000000000e+01,3.100000000000000000e+01,1.813299942016601562e+01
4.000000000000000000e+01,3.100000000000000000e+01,1.895299911499023438e+01
4.005099868774414062e+01,3.100000000000000000e+01,1.900000000000000000e+01
2.000000000000000000e+01,3.133480072021484375e+01,1.900000000000000000e+01
2.010650062561035156e+01,3.200000000000000000e+01,1.900000000000000000e+01
2.100000000000000000e+01,3.200000000000000000e+01,1.826199913024902344e+01
3.900000000000000000e+01,3.200000000000000000e+01,1.826199913024902344e+01
3.989350128173828125e+01,3.200000000000000000e+01,1.900000000000000000e+01
4.000000000000000000e+01,3.133480072021484375e+01,1.900000000000000000e+01
2.100000000000000000e+01,3.300000000000000000e+01,1.847270011901855469e+01
2.036619949340820312e+01,3.300000000000000000e+01,1.900000000000000000e+01
3.900000000000000000e+01,3.300000000000000000e+01,1.847270011901855469e+01
3.963380050659179688e+01,3.300000000000000000e+01,1.900000000000000000e+01
2.100000000000000000e+01,3.400000000000000000e+01,1.877219963073730469e+01
2.072870063781738281e+01,3.400000000000000000e+01,1.900000000000000000e+01
2.200000000000000000e+01,3.400000000000000000e+01,1.804490089416503906e+01
3.800000000000000000e+01,3.400000000000000000e+01,1.804490089416503906e+01
3.900000000000000000e+01,3.400000000000000000e+01,1.877219963073730469e+01
3.927130126953125000e+01,3.400000000000000000e+01,1.900000000000000000e+01
2.100000000000000000e+01,3.455780029296875000e+01,1.900000000000000000e+01
2.123530006408691406e+01,3.500000000000000000e+01,1.900000000000000000e+01
2.200000000000000000e+01,3.500000000000000000e+01,1.843070030212402344e+01
3.800000000000000000e+01,3.500000000000000000e+01,1.843070030212402344e+01
3.876470184326171875e+01,3.500000000000000000e+01,1.900000000000000000e+01
3.900000000000000000e+01,3.455780029296875000e+01,1.900000000000000000e+01
2.200000000000000000e+01,3.600000000000000000e+01,1.890679931640625000e+01
2.187759971618652344e+01,3.600000000000000000e+01,1.900000000000000000e+01
2.300000000000000000e+01,3.600000000000000000e+01,1.826199913024902344e+01
3.700000000000000000e+01,3.600000000000000000e+01,1.826199913024902344e+01
3.800000000000000000e+01,3.600000000000000000e+01,1.890679931640625000e+01
3.812239837646484375e+01,3.600000000000000000e+01,1.900000000000000000e+01
2.200000000000000000e+01,3.615760040283203125e+01,1.900000000000000000e+01
2.272760009765625000e+01,3.700000000000000000e+01,1.900000000000000000e+01
2.300000000000000000e+01,3.700000000000000000e+01,1.881649971008300781e+01
2.400000000000000000e+01,3.700000000000000000e+01,1.826199913024902344e+01
3.600000000000000000e+01,3.700000000000000000e+01,1.826199913024902344e+01
3.700000000000000000e+01,3.700000000000000000e+01,1.881649971008300781e+01
3.727239990234375000e+01,3.700000000000000000e+01,1.900000000000000000e+01
3.800000000000000000e+01,3.615760040283203125e+01,1.900000000000000000e+01
2.300000000000000000e+01,3.727239990234375000e+01,1.900000000000000000e+01
2.384239959716796875e+01,3.800000000000000000e+01,1.900000000000000000e+01
2.400000000000000000e+01,3.800000000000000000e+01,1.890679931640625000e+01
2.500000000000000000e+01,3.800000000000000000e+01,1.843070030212402344e+01
2.600000000000000000e+01,3.800000000000000000e+01,1.804490089416503906e+01
3.400000000000000000e+01,3.800000000000000000e+01,1.804490089416503906e+01
3.500000000000000000e+01,3.800000000000000000e+01,1.843070030212402344e+01
3.600000000000000000e+01,3.800000000000000000e+01,1.890679931640625000e+01
3.615760040283203125e+01,3.800000000000000000e+01,1.900000000000000000e+01
3.700000000000000000e+01,3.727239990234375000e+01,1.900000000000000000e+01
2.400000000000000000e+01,3.812239837646484375e+01,1.900000000000000000e+01
2.500000000000000000e+01,3.876470184326171875e+01,1.900000000000000000e+01
2.544219970703125000e+01,3.900000000000000000e+01,1.900000000000000000e+01
2.600000000000000000e+01,3.900000000000000000e+01,1.877219963073730469e+01
2.700000000000000000e+01,3.900000000000000000e+01,1.847270011901855469e+01
2.800000000000000000e+01,3.900000000000000000e+01,1.826199913024902344e+01
2.900000000000000000e+01,3.900000000000000000e+01,1.813299942016601562e+01
3.000000000000000000e+01,3.900000000000000000e+01,1.808919906616210938e+01
3.100000000000000000e+01,3.900000000000000000e+01,1.813299942016601562e+01
3.200000000000000000e+01,3.900000000000000000e+01,1.826199913024902344e+01
3.300000000000000000e+01,3.900000000000000000e+01,1.847270011901855469e+01
3.400000000000000000e+01,3.900000000000000000e+01,1.877219963073730469e+01
3.455780029296875000e+01,3.900000000000000000e+01,1.900000000000000000e+01
3.500000000000000000e+01,3.876470184326171875e+01,1.900000000000000000e+01
3.600000000000000000e+01,3.812239837646484375e+01,1.900000000000000000e+01
2.600000000000000000e+01,3.927130126953125000e+01,1.900000000000000000e+01
2.700000000000000000e+01,3.963380050659179688e+01,1.900000000000000000e+01
2.800000000000000000e+01,3.989350128173828125e+01,1.900000000000000000e+01
2.866519927978515625e+01,4.000000000000000000e+01,1.900000000000000000e+01
2.900000000000000000e+01,4.000000000000000000e+01,1.895299911499023438e+01
3.000000000000000000e+01,4.000000000000000000e+01,1.890679931640625000e+01
3.100000000000000000e+01,4.000000000000000000e+01,1.895299911499023438e+01
3.133480072021484375e+01,4.000000000000000000e+01,1.900000000000000000e+01
3.200000000000000000e+01,3.989350128173828125e+01,1.900000000000000000e+01
3.300000000000000000e+01,3.963380050659179688e+01,1.900000000000000000e+01
3.400000000000000000e+01,3.927130126953125000e+01,1.900000000000000000e+01
2.900000000000000000e+01,4.005099868774414062e+01,1.900000000000000000e+01
3.000000000000000000e+01,4.010100173950195312e+01,1.900000000000000000e+01
3.100000000000000000e+01,4.005099868774414062e+01,1.900000000000000000e+01
2.900000000000000000e+01,1.900000000000000000e+01,1.994899940490722656e+01
2.900000000000000000e+01,1.895299911499023438e+01,2.000000000000000000e+01
2.866519927978515625e+01,1.900000000000000000e+01,2.000000000000000000e+01
3.000000000000000000e+01,1.900000000000000000e+01,1.989900016784667969e+01
3.000000000000000000e+01,1.890679931640625000e+01,2.000000000000000000e+01
3.100000000000000000e+01,1.900000000000000000e+01,1.994899940490722656e+01
3.100000000000000000e+01,1.895299911499023438e+01,2.000000000000000000e+01
3.133480072021484375e+01,1.900000000000000000e+01,2.000000000000000000e+01
2.600000000000000000e+01,2.000000000000000000e+01,1.965760040283203125e+01
2.600000000000000000e+01,1.965760040283203125e+01,2.000000000000000000e+01
2.522139930725097656e+01,2.000000000000000000e+01,2.000000000000000000e+01
2.700000000000000000e+01,2.000000000000000000e+01,1.933219909667968750e+01
2.700000000000000000e+01,1.933219909667968750e+01,2.000000000000000000e+01
2.800000000000000000e+01,2.000000000000000000e+01,1.909700012207031250e+01
2.800000000000000000e+01,1.909700012207031250e+01,2.000000000000000000e+01
3.200000000000000000e+01,2.000000000000000000e+01,1.909700012207031250e+01
3.200000000000000000e+01,1.909700012207031250e+01,2.000000000000000000e+01
3.300000000000000000e+01,2.000000000000000000e+01,1.933219909667968750e+01
3.300000000000000000e+01,1.933219909667968750e+01,2.000000000000000000e+01
3.400000000000000000e+01,2.000000000000000000e+01,1.965760040283203125e+01
3.400000000000000000e+01,1.965760040283203125e+01,2.000000000000000000e+01
3.477859878540039062e+01,2.000000000000000000e+01,2.000000000000000000e+01
2.400000000000000000e+01,2.100000000000000000e+01,1.970490074157714844e+01
2.400000000000000000e+01,2.067620086669921875e+01,2.000000000000000000e+01
2.353450012207031250e+01,2.100000000000000000e+01,2.000000000000000000e+01
2.500000000000000000e+01,2.100000000000000000e+01,1.919210052490234375e+01
2.500000000000000000e+01,2.010659980773925781e+01,2.000000000000000000e+01
3.500000000000000000e+01,2.100000000000000000e+01,1.919210052490234375e+01
3.500000000000000000e+01,2.010659980773925781e+01,2.000000000000000000e+01
3.600000000000000000e+01,2.100000000000000000e+01,1.970490074157714844e+01
3.600000000000000000e+01,2.067620086669921875e+01,2.000000000000000000e+01
3.646549987792968750e+01,2.100000000000000000e+01,2.000000000000000000e+01
2.300000000000000000e+01,2.200000000000000000e+01,1.951749992370605469e+01
2.300000000000000000e+01,2.140880012512207031e+01,2.000000000000000000e+01
2.233169937133789062e+01,2.200000000000000000e+01,2.000000000000000000e+01
3.700000000000000000e+01,2.200000000000000000e+01,1.951749992370605469e+01
3.700000000000000000e+01,2.140880012512207031e+01,2.000000000000000000e+01
3.766830062866210938e+01,2.200000000000000000e+01,2.000000000000000000e+01
2.200000000000000000e+01,2.300000000000000000e+01,1.951749992370605469e+01
2.200000000000000000e+01,2.233169937133789062e+01,2.000000000000000000e+01
2.140880012512207031e+01,2.300000000000000000e+01,2.000000000000000000e+01
3.800000000000000000e+01,2.300000000000000000e+01,1.951749992370605469e+01
3.800000000000000000e+01,2.233169937133789062e+01,2.000000000000000000e+01
3.859120178222656250e+01,2.300000000000000000e+01,2.000000000000000000e+01
2.100000000000000000e+01,2.400000000000000000e+01,1.970490074157714844e+01
2.100000000000000000e+01,2.353450012207031250e+01,2.000000000000000000e+01
2.067620086669921875e+01,2.400000000000000000e+01,2.000000000000000000e+01
3.900000000000000000e+01,2.400000000000000000e+01,1.970490074157714844e+01
3.900000000000000000e+01,2.353450012207031250e+01,2.000000000000000000e+01
3.932379913330078125e+01,2.400000000000000000e+01,2.000000000000000000e+01
2.100000000000000000e+01,2.500000000000000000e+01,1.919210052490234375e+01
2.010659980773925781e+01,2.500000000000000000e+01,2.000000000000000000e+01
3.900000000000000000e+01,2.500000000000000000e+01,1.919210052490234375e+01
3.989339828491210938e+01,2.500000000000000000e+01,2.000000000000000000e+01
2.000000000000000000e+01,2.600000000000000000e+01,1.965760040283203125e+01
2.000000000000000000e+01,2.522139930725097656e+01,2.000000000000000000e+01
1.965760040283203125e+01,2.600000000000000000e+01,2.000000000000000000e+01
4.000000000000000000e+01,2.600000000000000000e+01,1.965760040283203125e+01
4.000000000000000000e+01,2.522139930725097656e+01,2.000000000000000000e+01
4.034239959716796875e+01,2.600000000000000000e+01,2.000000000000000000e+01
2.000000000000000000e+01,2.700000000000000000e+01,1.933219909667968750e+01
1.933219909667968750e+01,2.700000000000000000e+01,2.000000000000000000e+01
4.000000000000000000e+01,2.700000000000000000e+01,1.933219909667968750e+01
4.066780090332031250e+01,2.700000000000000000e+01,2.000000000000000000e+01
2.000000000000000000e+01,2.800000000000000000e+01,1.909700012207031250e+01
1.909700012207031250e+01,2.800000000000000000e+01,2.000000000000000000e+01
4.000000000000000000e+01,2.800000000000000000e+01,1.909700012207031250e+01
4.090299987792968750e+01,2.800000000000000000e+01,2.000000000000000000e+01
1.900000000000000000e+01,2.900000000000000000e+01,1.994899940490722656e+01
1.900000000000000000e+01,2.866519927978515625e+01,2.000000000000000000e+01
1.895299911499023438e+01,2.900000000000000000e+01,2.000000000000000000e+01
4.100000000000000000e+01,2.900000000000000000e+01,1.994899940490722656e+01
4.100000000000000000e+01,2.866519927978515625e+01,2.000000000000000000e+01
4.104700088500976562e+01,2.900000000000000000e+01,2.000000000000000000e+01
1.900000000000000000e+01,3.000000000000000000e+01,1.989900016784667969e+01
1.890679931640625000e+01,3.000000000000000000e+01,2.000000000000000000e+01
4.100000000000000000e+01,3.000000000000000000e+01,1.989900016784667969e+01
4.109320068359375000e+01,3.000000000000000000e+01,2.000000000000000000e+01
1.900000000000000000e+01,3.100000000000000000e+01,1.994899940490722656e+01
1.895299911499023438e+01,3.100000000000000000e+01,2.000000000000000000e+01
4.100000000000000000e+01,3.100000000000000000e+01,1.994899940490722656e+01
4.104700088500976562e+01,3.100000000000000000e+01,2.000000000000000000e+01
1.900000000000000000e+01,3.133480072021484375e+01,2.000000000000000000e+01
2.000000000000000000e+01,3.200000000000000000e+01,1.909700012207031250e+01
1.909700012207031250e+01,3.200000000000000000e+01,2.000000000000000000e+01
4.000000000000000000e+01,3.200000000000000000e+01,1.909700012207031250e+01
4.090299987792968750e+01,3.200000000000000000e+01,2.000000000000000000e+01
4.100000000000000000e+01,3.133480072021484375e+01,2.000000000000000000e+01
2.000000000000000000e+01,3.300000000000000000e+01,1.933219909667968750e+01
1.933219909667968750e+01,3.300000000000000000e+01,2.000000000000000000e+01
4.000000000000000000e+01,3.300000000000000000e+01,1.933219909667968750e+01
4.066780090332031250e+01,3.300000000000000000e+01,2.000000000000000000e+01
2.000000000000000000e+01,3.400000000000000000e+01,1.965760040283203125e+01
1.965760040283203125e+01,3.400000000000000000e+01,2.000000000000000000e+01
4.000000000000000000e+01,3.400000000000000000e+01,1.965760040283203125e+01
4.034239959716796875e+01,3.400000000000000000e+01,2.000000000000000000e+01
2.000000000000000000e+01,3.477859878540039062e+01,2.000000000000000000e+01
2.100000000000000000e+01,3.500000000000000000e+01,1.919210052490234375e+01
2.010659980773925781e+01,3.500000000000000000e+01,2.000000000000000000e+01
3.900000000000000000e+01,3.500000000000000000e+01,1.919210052490234375e+01
3.989339828491210938e+01,3.500000000000000000e+01,2.000000000000000000e+01
4.000000000000000000e+01,3.477859878540039062e+01,2.000000000000000000e+01
2.100000000000000000e+01,3.600000000000000000e+01,1.970490074157714844e+01
2.067620086669921875e+01,3.600000000000000000e+01,2.000000000000000000e+01
3.900000000000000000e+01,3.600000000000000000e+01,1.970490074157714844e+01
3.932379913330078125e+01,3.600000000000000000e+01,2.000000000000000000e+01
2.100000000000000000e+01,3.646549987792968750e+01,2.000000000000000000e+01
2.200000000000000000e+01,3.700000000000000000e+01,1.951749992370605469e+01
2.140880012512207031e+01,3.700000000000000000e+01,2.000000000000000000e+01
3.800000000000000000e+01,3.700000000000000000e+01,1.951749992370605469e+01
3.859120178222656250e+01,3.700000000000000000e+01,2.000000000000000000e+01
3.900000000000000000e+01,3.646549987792968750e+01,2.000000000000000000e+01
2.200000000000000000e+01,3.766830062866210938e+01,2.000000000000000000e+01
2.300000000000000000e+01,3.800000000000000000e+01,1.951749992370605469e+01
2.233169937133789062e+01,3.800000000000000000e+01,2.000000000000000000e+01
3.700000000000000000e+01,3.800000000000000000e+01,1.951749992370605469e+01
3.766830062866210938e+01,3.800000000000000000e+01,2.000000000000000000e+01
3.800000000000000000e+01,3.766830062866210938e+01,2.000000000000000000e+01
2.300000000000000000e+01,3.859120178222656250e+01,2.000000000000000000e+01
2.400000000000000000e+01,3.900000000000000000e+01,1.970490074157714844e+01
2.353450012207031250e+01,3.900000000000000000e+01,2.000000000000000000e+01
2.500000000000000000e+01,3.900000000000000000e+01,1.919210052490234375e+01
3.500000000000000000e+01,3.900000000000000000e+01,1.919210052490234375e+01
3.600000000000000000e+01,3.900000000000000000e+01,1.970490074157714844e+01
3.646549987792968750e+01,3.900000000000000000e+01,2.000000000000000000e+01
3.700000000000000000e+01,3.859120178222656250e+01,2.000000000000000000e+01
2.400000000000000000e+01,3.932379913330078125e+01,2.000000000000000000e+01
2.500000000000000000e+01,3.989339828491210938e+01,2.000000000000000000e+01
2.600000000000000000e+01,4.000000000000000000e+01,1.965760040283203125e+01
2.522139930725097656e+01,4.000000000000000000e+01,2.000000000000000000e+01
2.700000000000000000e+01,4.000000000000000000e+01,1.933219909667968750e+01
2.800000000000000000e+01,4.000000000000000000e+01,1.909700012207031250e+01
3.200000000000000000e+01,4.000000000000000000e+01,1.909700012207031250e+01
3.300000000000000000e+01,4.000000000000000000e+01,1.933219909667968750e+01
3.400000000000000000e+01,4.000000000000000000e+01,1.965760040283203125e+01
3.477859878540039062e+01,4.000000000000000000e+01,2.000000000000000000e+01
3.500000000000000000e+01,3.989339828491210938e+01,2.000000000000000000e+01
3.600000000000000000e+01,3.932379913330078125e+01,2.000000000000000000e+01
2.600000000000000000e+01,4.034239959716796875e+01,2.000000000000000000e+01
2.700000000000000000e+01,4.066780090332031250e+01,2.000000000000000000e+01
2.800000000000000000e+01,4.090299987792968750e+01,2.000000000000000000e+01
2.900000000000000000e+01,4.100000000000000000e+01,1.994899940490722656e+01
2.866519927978515625e+01,4.100000000000000000e+01,2.000000000000000000e+01
3.000000000000000000e+01,4.100000000000000000e+01,1.989900016784667969e+01
3.100000000000000000e+01,4.100000000000000000e+01,1.994899940490722656e+01
3.133480072021484375e+01,4.100000000000000000e+01,2.000000000000000000e+01
3.200000000000000000e+01,4.090299987792968750e+01,2.000000000000000000e+01
3.300000000000000000e+01,4.066780090332031250e+01,2.000000000000000000e+01
3.400000000000000000e+01,4.034239959716796875e+01,2.000000000000000000e+01
2.900000000000000000e+01,4.104700088500976562e+01,2.000000000000000000e+01
3.000000000000000000e+01,4.109320068359375000e+01,2.000000000000000000e+01
3.100000000000000000e+01,4.104700088500976562e+01,2.000000000000000000e+01
2.600000000000000000e+01,1.900000000000000000e+01,2.072870063781738281e+01
2.600000000000000000e+01,1.877219963073730469e+01,2.100000000000000000e+01
2.544219970703125000e+01,1.900000000000000000e+01,2.100000000000000000e+01
2.700000000000000000e+01,1.900000000000000000e+01,2.036619949340820312e+01
2.700000000000000000e+01,1.847270011901855469e+01,2.100000000000000000e+01
2.800000000000000000e+01,1.900000000000000000e+01,2.010650062561035156e+01
2.800000000000000000e+01,1.826199913024902344e+01,2.100000000000000000e+01
2.900000000000000000e+01,1.813299942016601562e+01,2.100000000000000000e+01
3.000000000000000000e+01,1.808919906616210938e+01,2.100000000000000000e+01
3.100000000000000000e+01,1.813299942016601562e+01,2.100000000000000000e+01
3.200000000000000000e+01,1.900000000000000000e+01,2.010650062561035156e+01
3.200000000000000000e+01,1.826199913024902344e+01,2.100000000000000000e+01
3.300000000000000000e+01,1.900000000000000000e+01,2.036619949340820312e+01
3.300000000000000000e+01,1.847270011901855469e+01,2.100000000000000000e+01
3.400000000000000000e+01,1.900000000000000000e+01,2.072870063781738281e+01
3.400000000000000000e+01,1.877219963073730469e+01,2.100000000000000000e+01
3.455780029296875000e+01,1.900000000000000000e+01,2.100000000000000000e+01
2.400000000000000000e+01,2.000000000000000000e+01,2.067620086669921875e+01
2.400000000000000000e+01,1.970490074157714844e+01,2.100000000000000000e+01
2.353450012207031250e+01,2.000000000000000000e+01,2.100000000000000000e+01
2.500000000000000000e+01,2.000000000000000000e+01,2.010659980773925781e+01
2.500000000000000000e+01,1.919210052490234375e+01,2.100000000000000000e+01
3.500000000000000000e+01,2.000000000000000000e+01,2.010659980773925781e+01
3.500000000000000000e+01,1.919210052490234375e+01,2.100000000000000000e+01
3.600000000000000000e+01,2.000000000000000000e+01,2.067620086669921875e+01
3.600000000000000000e+01,1.970490074157714844e+01,2.100000000000000000e+01
3.646549987792968750e+01,2.000000000000000000e+01,2.100000000000000000e+01
2.300000000000000000e+01,2.100000000000000000e+01,2.036630058288574219e+01
2.300000000000000000e+01,2.036630058288574219e+01,2.100000000000000000e+01
2.220009994506835938e+01,2.100000000000000000e+01,2.100000000000000000e+01
3.700000000000000000e+01,2.100000000000000000e+01,2.036630058288574219e+01
3.700000000000000000e+01,2.036630058288574219e+01,2.100000000000000000e+01
3.779990005493164062e+01,2.100000000000000000e+01,2.100000000000000000e+01
2.200000000000000000e+01,2.200000000000000000e+01,2.026320075988769531e+01
2.200000000000000000e+01,2.117709922790527344e+01,2.100000000000000000e+01
2.117709922790527344e+01,2.200000000000000000e+01,2.100000000000000000e+01
3.800000000000000000e+01,2.200000000000000000e+01,2.026320075988769531e+01
3.800000000000000000e+01,2.117709922790527344e+01,2.100000000000000000e+01
3.882289886474609375e+01,2.200000000000000000e+01,2.100000000000000000e+01
2.100000000000000000e+01,2.300000000000000000e+01,2.036630058288574219e+01
2.100000000000000000e+01,2.220009994506835938e+01,2.100000000000000000e+01
2.036630058288574219e+01,2.300000000000000000e+01,2.100000000000000000e+01
3.900000000000000000e+01,2.300000000000000000e+01,2.036630058288574219e+01
3.900000000000000000e+01,2.220009994506835938e+01,2.100000000000000000e+01
3.963370132446289062e+01,2.300000000000000000e+01,2.100000000000000000e+01
2.000000000000000000e+01,2.400000000000000000e+01,2.067620086669921875e+01
2.000000000000000000e+01,2.353450012207031250e+01,2.100000000000000000e+01
1.970490074157714844e+01,2.400000000000000000e+01,2.100000000000000000e+01
4.000000000000000000e+01,2.400000000000000000e+01,2.067620086669921875e+01
4.000000000000000000e+01,2.353450012207031250e+01,2.100000000000000000e+01
4.029510116577148438e+01,2.400000000000000000e+01,2.100000000000000000e+01
2.000000000000000000e+01,2.500000000000000000e+01,2.010659980773925781e+01
1.919210052490234375e+01,2.500000000000000000e+01,2.100000000000000000e+01
4.000000000000000000e+01,2.500000000000000000e+01,2.010659980773925781e+01
4.080789947509765625e+01,2.500000000000000000e+01,2.100000000000000000e+01
1.900000000000000000e+01,2.600000000000000000e+01,2.072870063781738281e+01
1.900000000000000000e+01,2.544219970703125000e+01,2.100000000000000000e+01
1.877219963073730469e+01,2.600000000000000000e+01,2.100000000000000000e+01
4.100000000000000000e+01,2.600000000000000000e+01,2.072870063781738281e+01
4.100000000000000000e+01,2.544219970703125000e+01,2.100000000000000000e+01
4.122779846191406250e+01,2.600000000000000000e+01,2.100000000000000000e+01
1.900000000000000000e+01,2.700000000000000000e+01,2.036619949340820312e+01
1.847270011901855469e+01,2.700000000000000000e+01,2.100000000000000000e+01
4.100000000000000000e+01,2.700000000000000000e+01,2.036619949340820312e+01
4.152730178833007812e+01,2.700000000000000000e+01,2.100000000000000000e+01
1.900000000000000000e+01,2.800000000000000000e+01,2.010650062561035156e+01
1.826199913024902344e+01,2.800000000000000000e+01,2.100000000000000000e+01
4.100000000000000000e+01,2.800000000000000000e+01,2.010650062561035156e+01
4.173799896240234375e+01,2.800000000000000000e+01,2.100000000000000000e+01
1.813299942016601562e+01,2.900000000000000000e+01,2.100000000000000000e+01
4.186700057983398438e+01,2.900000000000000000e+01,2.100000000000000000e+01
1.808919906616210938e+01,3.000000000000000000e+01,2.100000000000000000e+01
4.191080093383789062e+01,3.000000000000000000e+01,2.100000000000000000e+01
1.813299942016601562e+01,3.100000000000000000e+01,2.100000000000000000e+01
4.186700057983398438e+01,3.100000000000000000e+01,2.100000000000000000e+01
1.900000000000000000e+01,3.200000000000000000e+01,2.010650062561035156e+01
1.826199913024902344e+01,3.200000000000000000e+01,2.100000000000000000e+01
4.100000000000000000e+01,3.200000000000000000e+01,2.010650062561035156e+01
4.173799896240234375e+01,3.200000000000000000e+01,2.100000000000000000e+01
1.900000000000000000e+01,3.300000000000000000e+01,2.036619949340820312e+01
1.847270011901855469e+01,3.300000000000000000e+01,2.100000000000000000e+01
4.100000000000000000e+01,3.300000000000000000e+01,2.036619949340820312e+01
4.152730178833007812e+01,3.300000000000000000e+01,2.100000000000000000e+01
1.900000000000000000e+01,3.400000000000000000e+01,2.072870063781738281e+01
1.877219963073730469e+01,3.400000000000000000e+01,2.100000000000000000e+01
4.100000000000000000e+01,3.400000000000000000e+01,2.072870063781738281e+01
4.122779846191406250e+01,3.400000000000000000e+01,2.100000000000000000e+01
1.900000000000000000e+01,3.455780029296875000e+01,2.100000000000000000e+01
2.000000000000000000e+01,3.500000000000000000e+01,2.010659980773925781e+01
1.919210052490234375e+01,3.500000000000000000e+01,2.100000000000000000e+01
4.000000000000000000e+01,3.500000000000000000e+01,2.010659980773925781e+01
4.080789947509765625e+01,3.500000000000000000e+01,2.100000000000000000e+01
4.100000000000000000e+01,3.455780029296875000e+01,2.100000000000000000e+01
2.000000000000000000e+01,3.600000000000000000e+01,2.067620086669921875e+01
1.970490074157714844e+01,3.600000000000000000e+01,2.100000000000000000e+01
4.000000000000000000e+01,3.600000000000000000e+01,2.067620086669921875e+01
4.029510116577148438e+01,3.600000000000000000e+01,2.100000000000000000e+01
2.000000000000000000e+01,3.646549987792968750e+01,2.100000000000000000e+01
2.100000000000000000e+01,3.700000000000000000e+01,2.036630058288574219e+01
2.036630058288574219e+01,3.700000000000000000e+01,2.100000000000000000e+01
3.900000000000000000e+01,3.700000000000000000e+01,2.036630058288574219e+01
3.963370132446289062e+01,3.700000000000000000e+01,2.100000000000000000e+01
4.000000000000000000e+01,3.646549987792968750e+01,2.100000000000000000e+01
2.100000000000000000e+01,3.779990005493164062e+01,2.100000000000000000e+01
2.200000000000000000e+01,3.800000000000000000e+01,2.026320075988769531e+01
2.117709922790527344e+01,3.800000000000000000e+01,2.100000000000000000e+01
3.800000000000000000e+01,3.800000000000000000e+01,2.026320075988769531e+01
3.882289886474609375e+01,3.800000000000000000e+01,2.100000000000000000e+01
3.900000000000000000e+01,3.779990005493164062e+01,2.100000000000000000e+01
2.200000000000000000e+01,3.882289886474609375e+01,2.100000000000000000e+01
2.300000000000000000e+01,3.900000000000000000e+01,2.036630058288574219e+01
2.220009994506835938e+01,3.900000000000000000e+01,2.100000000000000000e+01
3.700000000000000000e+01,3.900000000000000000e+01,2.036630058288574219e+01
3.779990005493164062e+01,3.900000000000000000e+01,2.100000000000000000e+01
3.800000000000000000e+01,3.882289886474609375e+01,2.100000000000000000e+01
2.300000000000000000e+01,3.963370132446289062e+01,2.100000000000000000e+01
2.400000000000000000e+01,4.000000000000000000e+01,2.067620086669921875e+01
2.353450012207031250e+01,4.000000000000000000e+01,2.100000000000000000e+01
2.500000000000000000e+01,4.000000000000000000e+01,2.010659980773925781e+01
3.500000000000000000e+01,4.000000000000000000e+01,2.010659980773925781e+01
3.600000000000000000e+01,4.000000000000000000e+01,2.067620086669921875e+01
3.646549987792968750e+01,4.000000000000000000e+01,2.100000000000000000e+01
3.700000000000000000e+01,3.963370132446289062e+01,2.100000000000000000e+01
2.400000000000000000e+01,4.029510116577148438e+01,2.100000000000000000e+01
2.500000000000000000e+01,4.080789947509765625e+01,2.100000000000000000e+01
2.600000000000000000e+01,4.100000000000000000e+01,2.072870063781738281e+01
2.544219970703125000e+01,4.100000000000000000e+01,2.100000000000000000e+01
2.700000000000000000e+01,4.100000000000000000e+01,2.036619949340820312e+01
2.800000000000000000e+01,4.100000000000000000e+01,2.010650062561035156e+01
3.200000000000000000e+01,4.100000000000000000e+01,2.010650062561035156e+01
3.300000000000000000e+01,4.100000000000000000e+01,2.036619949340820312e+01
3.400000000000000000e+01,4.100000000000000000e+01,2.072870063781738281e+01
3.455780029296875000e+01,4.100000000000000000e+01,2.100000000000000000e+01
3.500000000000000000e+01,4.080789947509765625e+01,2.100000000000000000e+01
3.600000000000000000e+01,4.029510116577148438e+01,2.100000000000000000e+01
2.600000000000000000e+01,4.122779846191406250e+01,2.100000000000000000e+01
2.700000000000000000e+01,4.152730178833007812e+01,2.100000000000000000e+01
2.800000000000000000e+01,4.173799896240234375e+01,2.100000000000000000e+01
2.900000000000000000e+01,4.186700057983398438e+01,2.100000000000000000e+01
3.000000000000000000e+01,4.191080093383789062e+01,2.100000000000000000e+01
3.100000000000000000e+01,4.186700057983398438e+01,2.100000000000000000e+01
3.200000000000000000e+01,4.173799896240234375e+01,2.100000000000000000e+01
3.300000000000000000e+01,4.152730178833007812e+01,2.100000000000000000e+01
3.400000000000000000e+01,4.122779846191406250e+01,2.100000000000000000e+01
2.700000000000000000e+01,1.800000000000000000e+01,2.164030075073242188e+01
2.700000000000000000e+01,1.774790000915527344e+01,2.200000000000000000e+01
2.614220046997070312e+01,1.800000000000000000e+01,2.200000000000000000e+01
2.800000000000000000e+01,1.800000000000000000e+01,2.135090065002441406e+01
2.800000000000000000e+01,1.755109977722167969e+01,2.200000000000000000e+01
2.900000000000000000e+01,1.800000000000000000e+01,2.117700004577636719e+01
2.900000000000000000e+01,1.743549919128417969e+01,2.200000000000000000e+01
3.000000000000000000e+01,1.800000000000000000e+01,2.111840057373046875e+01
3.000000000000000000e+01,1.739710044860839844e+01,2.200000000000000000e+01
3.100000000000000000e+01,1.800000000000000000e+01,2.117700004577636719e+01
3.100000000000000000e+01,1.743549919128417969e+01,2.200000000000000000e+01
3.200000000000000000e+01,1.800000000000000000e+01,2.135090065002441406e+01
3.200000000000000000e+01,1.755109977722167969e+01,2.200000000000000000e+01
3.300000000000000000e+01,1.800000000000000000e+01,2.164030075073242188e+01
3.300000000000000000e+01,1.774790000915527344e+01,2.200000000000000000e+01
3.385779953002929688e+01,1.800000000000000000e+01,2.200000000000000000e+01
2.400000000000000000e+01,1.900000000000000000e+01,2.187759971618652344e+01
2.400000000000000000e+01,1.890679931640625000e+01,2.200000000000000000e+01
2.384239959716796875e+01,1.900000000000000000e+01,2.200000000000000000e+01
2.500000000000000000e+01,1.900000000000000000e+01,2.123530006408691406e+01
2.500000000000000000e+01,1.843070030212402344e+01,2.200000000000000000e+01
2.600000000000000000e+01,1.804490089416503906e+01,2.200000000000000000e+01
3.400000000000000000e+01,1.804490089416503906e+01,2.200000000000000000e+01
3.500000000000000000e+01,1.900000000000000000e+01,2.123530006408691406e+01
3.500000000000000000e+01,1.843070030212402344e+01,2.200000000000000000e+01
3.600000000000000000e+01,1.900000000000000000e+01,2.187759971618652344e+01
3.600000000000000000e+01,1.890679931640625000e+01,2.200000000000000000e+01
3.615760040283203125e+01,1.900000000000000000e+01,2.200000000000000000e+01
2.300000000000000000e+01,2.000000000000000000e+01,2.140880012512207031e+01
2.300000000000000000e+01,1.951749992370605469e+01,2.200000000000000000e+01
2.233169937133789062e+01,2.000000000000000000e+01,2.200000000000000000e+01
3.700000000000000000e+01,2.000000000000000000e+01,2.140880012512207031e+01
3.700000000000000000e+01,1.951749992370605469e+01,2.200000000000000000e+01
3.766830062866210938e+01,2.000000000000000000e+01,2.200000000000000000e+01
2.200000000000000000e+01,2.100000000000000000e+01,2.117709922790527344e+01
2.200000000000000000e+01,2.026320075988769531e+01,2.200000000000000000e+01
2.117709922790527344e+01,2.100000000000000000e+01,2.200000000000000000e+01
3.800000000000000000e+01,2.100000000000000000e+01,2.117709922790527344e+01
3.800000000000000000e+01,2.026320075988769531e+01,2.200000000000000000e+01
3.882289886474609375e+01,2.100000000000000000e+01,2.200000000000000000e+01
2.100000000000000000e+01,2.200000000000000000e+01,2.117709922790527344e+01
2.100000000000000000e+01,2.117709922790527344e+01,2.200000000000000000e+01
2.026320075988769531e+01,2.200000000000000000e+01,2.200000000000000000e+01
3.900000000000000000e+01,2.200000000000000000e+01,2.117709922790527344e+01
3.900000000000000000e+01,2.117709922790527344e+01,2.200000000000000000e+01
3.973680114746093750e+01,2.200000000000000000e+01,2.200000000000000000e+01
2.000000000000000000e+01,2.300000000000000000e+01,2.140880012512207031e+01
2.000000000000000000e+01,2.233169937133789062e+01,2.200000000000000000e+01
1.951749992370605469e+01,2.300000000000000000e+01,2.200000000000000000e+01
4.000000000000000000e+01,2.300000000000000000e+01,2.140880012512207031e+01
4.000000000000000000e+01,2.233169937133789062e+01,2.200000000000000000e+01
4.048249816894531250e+01,2.300000000000000000e+01,2.200000000000000000e+01
1.900000000000000000e+01,2.400000000000000000e+01,2.187759971618652344e+01
1.900000000000000000e+01,2.384239959716796875e+01,2.200000000000000000e+01
1.890679931640625000e+01,2.400000000000000000e+01,2.200000000000000000e+01
4.100000000000000000e+01,2.400000000000000000e+01,2.187759971618652344e+01
4.100000000000000000e+01,2.384239959716796875e+01,2.200000000000000000e+01
4.109320068359375000e+01,2.400000000000000000e+01,2.200000000000000000e+01
1.900000000000000000e+01,2.500000000000000000e+01,2.123530006408691406e+01
1.843070030212402344e+01,2.500000000000000000e+01,2.200000000000000000e+01
4.100000000000000000e+01,2.500000000000000000e+01,2.123530006408691406e+01
4.156930160522460938e+01,2.500000000000000000e+01,2.200000000000000000e+01
1.804490089416503906e+01,2.600000000000000000e+01,2.200000000000000000e+01
4.195510101318359375e+01,2.600000000000000000e+01,2.200000000000000000e+01
1.800000000000000000e+01,2.700000000000000000e+01,2.164030075073242188e+01
1.800000000000000000e+01,2.614220046997070312e+01,2.200000000000000000e+01
1.774790000915527344e+01,2.700000000000000000e+01,2.200000000000000000e+01
4.200000000000000000e+01,2.614220046997070312e+01,2.200000000000000000e+01
4.200000000000000000e+01,2.700000000000000000e+01,2.164030075073242188e+01
4.225210189819335938e+01,2.700000000000000000e+01,2.200000000000000000e+01
1.800000000000000000e+01,2.800000000000000000e+01,2.135090065002441406e+01
1.755109977722167969e+01,2.800000000000000000e+01,2.200000000000000000e+01
4.200000000000000000e+01,2.800000000000000000e+01,2.135090065002441406e+01
4.244889831542968750e+01,2.800000000000000000e+01,2.200000000000000000e+01
1.800000000000000000e+01,2.900000000000000000e+01,2.117700004577636719e+01
1.743549919128417969e+01,2.900000000000000000e+01,2.200000000000000000e+01
4.200000000000000000e+01,2.900000000000000000e+01,2.117700004577636719e+01
4.256449890136718750e+01,2.900000000000000000e+01,2.200000000000000000e+01
1.800000000000000000e+01,3.000000000000000000e+01,2.111840057373046875e+01
1.739710044860839844e+01,3.000000000000000000e+01,2.200000000000000000e+01
4.200000000000000000e+01,3.000000000000000000e+01,2.111840057373046875e+01
4.260290145874023438e+01,3.000000000000000000e+01,2.200000000000000000e+01
1.800000000000000000e+01,3.100000000000000000e+01,2.117700004577636719e+01
1.743549919128417969e+01,3.100000000000000000e+01,2.200000000000000000e+01
4.200000000000000000e+01,3.100000000000000000e+01,2.117700004577636719e+01
4.256449890136718750e+01,3.100000000000000000e+01,2.200000000000000000e+01
1.800000000000000000e+01,3.200000000000000000e+01,2.135090065002441406e+01
1.755109977722167969e+01,3.200000000000000000e+01,2.200000000000000000e+01
4.200000000000000000e+01,3.200000000000000000e+01,2.135090065002441406e+01
4.244889831542968750e+01,3.200000000000000000e+01,2.200000000000000000e+01
1.800000000000000000e+01,3.300000000000000000e+01,2.164030075073242188e+01
1.774790000915527344e+01,3.300000000000000000e+01,2.200000000000000000e+01
4.200000000000000000e+01,3.300000000000000000e+01,2.164030075073242188e+01
4.225210189819335938e+01,3.300000000000000000e+01,2.200000000000000000e+01
1.800000000000000000e+01,3.385779953002929688e+01,2.200000000000000000e+01
1.804490089416503906e+01,3.400000000000000000e+01,2.200000000000000000e+01
4.195510101318359375e+01,3.400000000000000000e+01,2.200000000000000000e+01
4.200000000000000000e+01,3.385779953002929688e+01,2.200000000000000000e+01
1.900000000000000000e+01,3.500000000000000000e+01,2.123530006408691406e+01
1.843070030212402344e+01,3.500000000000000000e+01,2.200000000000000000e+01
4.100000000000000000e+01,3.500000000000000000e+01,2.123530006408691406e+01
4.156930160522460938e+01,3.500000000000000000e+01,2.200000000000000000e+01
1.900000000000000000e+01,3.600000000000000000e+01,2.187759971618652344e+01
1.890679931640625000e+01,3.600000000000000000e+01,2.200000000000000000e+01
4.100000000000000000e+01,3.600000000000000000e+01,2.187759971618652344e+01
4.109320068359375000e+01,3.600000000000000000e+01,2.200000000000000000e+01
1.900000000000000000e+01,3.615760040283203125e+01,2.200000000000000000e+01
2.000000000000000000e+01,3.700000000000000000e+01,2.140880012512207031e+01
1.951749992370605469e+01,3.700000000000000000e+01,2.200000000000000000e+01
4.000000000000000000e+01,3.700000000000000000e+01,2.140880012512207031e+01
4.048249816894531250e+01,3.700000000000000000e+01,2.200000000000000000e+01
4.100000000000000000e+01,3.615760040283203125e+01,2.200000000000000000e+01
2.000000000000000000e+01,3.766830062866210938e+01,2.200000000000000000e+01
2.100000000000000000e+01,3.800000000000000000e+01,2.117709922790527344e+01
2.026320075988769531e+01,3.800000000000000000e+01,2.200000000000000000e+01
3.900000000000000000e+01,3.800000000000000000e+01,2.117709922790527344e+01
3.973680114746093750e+01,3.800000000000000000e+01,2.200000000000000000e+01
4.000000000000000000e+01,3.766830062866210938e+01,2.200000000000000000e+01
2.100000000000000000e+01,3.882289886474609375e+01,2.200000000000000000e+01
2.200000000000000000e+01,3.900000000000000000e+01,2.117709922790527344e+01
2.117709922790527344e+01,3.900000000000000000e+01,2.200000000000000000e+01
3.800000000000000000e+01,3.900000000000000000e+01,2.117709922790527344e+01
3.882289886474609375e+01,3.900000000000000000e+01,2.200000000000000000e+01
3.900000000000000000e+01,3.882289886474609375e+01,2.200000000000000000e+01
2.200000000000000000e+01,3.973680114746093750e+01,2.200000000000000000e+01
2.300000000000000000e+01,4.000000000000000000e+01,2.140880012512207031e+01
2.233169937133789062e+01,4.000000000000000000e+01,2.200000000000000000e+01
3.700000000000000000e+01,4.000000000000000000e+01,2.140880012512207031e+01
3.766830062866210938e+01,4.000000000000000000e+01,2.200000000000000000e+01
3.800000000000000000e+01,3.973680114746093750e+01,2.200000000000000000e+01
2.300000000000000000e+01,4.048249816894531250e+01,2.200000000000000000e+01
2.400000000000000000e+01,4.100000000000000000e+01,2.187759971618652344e+01
2.384239959716796875e+01,4.100000000000000000e+01,2.200000000000000000e+01
2.500000000000000000e+01,4.100000000000000000e+01,2.123530006408691406e+01
3.500000000000000000e+01,4.100000000000000000e+01,2.123530006408691406e+01
3.600000000000000000e+01,4.100000000000000000e+01,2.187759971618652344e+01
3.615760040283203125e+01,4.100000000000000000e+01,2.200000000000000000e+01
3.700000000000000000e+01,4.048249816894531250e+01,2.200000000000000000e+01
2.400000000000000000e+01,4.109320068359375000e+01,2.200000000000000000e+01
2.500000000000000000e+01,4.156930160522460938e+01,2.200000000000000000e+01
2.600000000000000000e+01,4.195510101318359375e+01,2.200000000000000000e+01
2.700000000000000000e+01,4.200000000000000000e+01,2.164030075073242188e+01
2.614220046997070312e+01,4.200000000000000000e+01,2.200000000000000000e+01
2.800000000000000000e+01,4.200000000000000000e+01,2.135090065002441406e+01
2.900000000000000000e+01,4.200000000000000000e+01,2.117700004577636719e+01
3.000000000000000000e+01,4.200000000000000000e+01,2.111840057373046875e+01
3.100000000000000000e+01,4.200000000000000000e+01,2.117700004577636719e+01
3.200000000000000000e+01,4.200000000000000000e+01,2.135090065002441406e+01
3.300000000000000000e+01,4.200000000000000000e+01,2.164030075073242188e+01
3.385779953002929688e+01,4.200000000000000000e+01,2.200000000000000000e+01
3.400000000000000000e+01,4.195510101318359375e+01,2.200000000000000000e+01
3.500000000000000000e+01,4.156930160522460938e+01,2.200000000000000000e+01
3.600000000000000000e+01,4.109320068359375000e+01,2.200000000000000000e+01
2.700000000000000000e+01,4.225210189819335938e+01,2.200000000000000000e+01
2.800000000000000000e+01,4.244889831542968750e+01,2.200000000000000000e+01
2.900000000000000000e+01,4.256449890136718750e+01,2.200000000000000000e+01
3.000000000000000000e+01,4.260290145874023438e+01,2.200000000000000000e+01
3.100000000000000000e+01,4.256449890136718750e+01,2.200000000000000000e+01
3.200000000000000000e+01,4.244889831542968750e+01,2.200000000000000000e+01
3.300000000000000000e+01,4.225210189819335938e+01,2.200000000000000000e+01
2.800000000000000000e+01,1.700000000000000000e+01,2.293059921264648438e+01
2.800000000000000000e+01,1.695890045166015625e+01,2.300000000000000000e+01
2.779809951782226562e+01,1.700000000000000000e+01,2.300000000000000000e+01
2.900000000000000000e+01,1.700000000000000000e+01,2.272739982604980469e+01
2.900000000000000000e+01,1.684020042419433594e+01,2.300000000000000000e+01
3.000000000000000000e+01,1.700000000000000000e+01,2.266069984436035156e+01
3.000000000000000000e+01,1.680200004577636719e+01,2.300000000000000000e+01
3.100000000000000000e+01,1.700000000000000000e+01,2.272739982604980469e+01
3.100000000000000000e+01,1.684020042419433594e+01,2.300000000000000000e+01
3.200000000000000000e+01,1.700000000000000000e+01,2.293059921264648438e+01
3.200000000000000000e+01,1.695890045166015625e+01,2.300000000000000000e+01
3.220190048217773438e+01,1.700000000000000000e+01,2.300000000000000000e+01
2.500000000000000000e+01,1.800000000000000000e+01,2.266090011596679688e+01
2.500000000000000000e+01,1.778840065002441406e+01,2.300000000000000000e+01
2.454199981689453125e+01,1.800000000000000000e+01,2.300000000000000000e+01
2.600000000000000000e+01,1.800000000000000000e+01,2.206699943542480469e+01
2.600000000000000000e+01,1.743549919128417969e+01,2.300000000000000000e+01
2.700000000000000000e+01,1.716329956054687500e+01,2.300000000000000000e+01
3.300000000000000000e+01,1.716329956054687500e+01,2.300000000000000000e+01
3.400000000000000000e+01,1.800000000000000000e+01,2.206699943542480469e+01
3.400000000000000000e+01,1.743549919128417969e+01,2.300000000000000000e+01
3.500000000000000000e+01,1.800000000000000000e+01,2.266090011596679688e+01
3.500000000000000000e+01,1.778840065002441406e+01,2.300000000000000000e+01
3.545800018310546875e+01,1.800000000000000000e+01,2.300000000000000000e+01
2.300000000000000000e+01,1.900000000000000000e+01,2.272760009765625000e+01
2.300000000000000000e+01,1.881649971008300781e+01,2.300000000000000000e+01
2.272760009765625000e+01,1.900000000000000000e+01,2.300000000000000000e+01
2.400000000000000000e+01,1.826199913024902344e+01,2.300000000000000000e+01
3.600000000000000000e+01,1.826199913024902344e+01,2.300000000000000000e+01
3.700000000000000000e+01,1.900000000000000000e+01,2.272760009765625000e+01
3.700000000000000000e+01,1.881649971008300781e+01,2.300000000000000000e+01
3.727239990234375000e+01,1.900000000000000000e+01,2.300000000000000000e+01
2.200000000000000000e+01,2.000000000000000000e+01,2.233169937133789062e+01
2.200000000000000000e+01,1.951749992370605469e+01,2.300000000000000000e+01
2.140880012512207031e+01,2.000000000000000000e+01,2.300000000000000000e+01
3.800000000000000000e+01,2.000000000000000000e+01,2.233169937133789062e+01
3.800000000000000000e+01,1.951749992370605469e+01,2.300000000000000000e+01
3.859120178222656250e+01,2.000000000000000000e+01,2.300000000000000000e+01
2.100000000000000000e+01,2.100000000000000000e+01,2.220009994506835938e+01
2.100000000000000000e+01,2.036630058288574219e+01,2.300000000000000000e+01
2.036630058288574219e+01,2.100000000000000000e+01,2.300000000000000000e+01
3.900000000000000000e+01,2.100000000000000000e+01,2.220009994506835938e+01
3.900000000000000000e+01,2.036630058288574219e+01,2.300000000000000000e+01
3.963370132446289062e+01,2.100000000000000000e+01,2.300000000000000000e+01
2.000000000000000000e+01,2.200000000000000000e+01,2.233169937133789062e+01
2.000000000000000000e+01,2.140880012512207031e+01,2.300000000000000000e+01
1.951749992370605469e+01,2.200000000000000000e+01,2.300000000000000000e+01
4.000000000000000000e+01,2.200000000000000000e+01,2.233169937133789062e+01
4.000000000000000000e+01,2.140880012512207031e+01,2.300000000000000000e+01
4.048249816894531250e+01,2.200000000000000000e+01,2.300000000000000000e+01
1.900000000000000000e+01,2.300000000000000000e+01,2.272760009765625000e+01
1.900000000000000000e+01,2.272760009765625000e+01,2.300000000000000000e+01
1.881649971008300781e+01,2.300000000000000000e+01,2.300000000000000000e+01
4.100000000000000000e+01,2.300000000000000000e+01,2.272760009765625000e+01
4.100000000000000000e+01,2.272760009765625000e+01,2.300000000000000000e+01
4.118349838256835938e+01,2.300000000000000000e+01,2.300000000000000000e+01
1.826199913024902344e+01,2.400000000000000000e+01,2.300000000000000000e+01
4.173799896240234375e+01,2.400000000000000000e+01,2.300000000000000000e+01
1.800000000000000000e+01,2.500000000000000000e+01,2.266090011596679688e+01
1.800000000000000000e+01,2.454199981689453125e+01,2.300000000000000000e+01
1.778840065002441406e+01,2.500000000000000000e+01,2.300000000000000000e+01
4.200000000000000000e+01,2.454199981689453125e+01,2.300000000000000000e+01
4.200000000000000000e+01,2.500000000000000000e+01,2.266090011596679688e+01
4.221160125732421875e+01,2.500000000000000000e+01,2.300000000000000000e+01
1.800000000000000000e+01,2.600000000000000000e+01,2.206699943542480469e+01
1.743549919128417969e+01,2.600000000000000000e+01,2.300000000000000000e+01
4.200000000000000000e+01,2.600000000000000000e+01,2.206699943542480469e+01
4.256449890136718750e+01,2.600000000000000000e+01,2.300000000000000000e+01
1.716329956054687500e+01,2.700000000000000000e+01,2.300000000000000000e+01
4.283670043945312500e+01,2.700000000000000000e+01,2.300000000000000000e+01
1.700000000000000000e+01,2.800000000000000000e+01,2.293059921264648438e+01
1.700000000000000000e+01,2.779809951782226562e+01,2.300000000000000000e+01
1.695890045166015625e+01,2.800000000000000000e+01,2.300000000000000000e+01
4.300000000000000000e+01,2.779809951782226562e+01,2.300000000000000000e+01
4.300000000000000000e+01,2.800000000000000000e+01,2.293059921264648438e+01
4.304109954833984375e+01,2.800000000000000000e+01,2.300000000000000000e+01
1.700000000000000000e+01,2.900000000000000000e+01,2.272739982604980469e+01
1.684020042419433594e+01,2.900000000000000000e+01,2.300000000000000000e+01
4.300000000000000000e+01,2.900000000000000000e+01,2.272739982604980469e+01
4.315980148315429688e+01,2.900000000000000000e+01,2.300000000000000000e+01
1.700000000000000000e+01,3.000000000000000000e+01,2.266069984436035156e+01
1.680200004577636719e+01,3.000000000000000000e+01,2.300000000000000000e+01
4.300000000000000000e+01,3.000000000000000000e+01,2.266069984436035156e+01
4.319800186157226562e+01,3.000000000000000000e+01,2.300000000000000000e+01
1.700000000000000000e+01,3.100000000000000000e+01,2.272739982604980469e+01
1.684020042419433594e+01,3.100000000000000000e+01,2.300000000000000000e+01
4.300000000000000000e+01,3.100000000000000000e+01,2.272739982604980469e+01
4.315980148315429688e+01,3.100000000000000000e+01,2.300000000000000000e+01
1.700000000000000000e+01,3.200000000000000000e+01,2.293059921264648438e+01
1.695890045166015625e+01,3.200000000000000000e+01,2.300000000000000000e+01
4.300000000000000000e+01,3.200000000000000000e+01,2.293059921264648438e+01
4.304109954833984375e+01,3.200000000000000000e+01,2.300000000000000000e+01
1.700000000000000000e+01,3.220190048217773438e+01,2.300000000000000000e+01
1.716329956054687500e+01,3.300000000000000000e+01,2.300000000000000000e+01
4.283670043945312500e+01,3.300000000000000000e+01,2.300000000000000000e+01
4.300000000000000000e+01,3.220190048217773438e+01,2.300000000000000000e+01
1.800000000000000000e+01,3.400000000000000000e+01,2.206699943542480469e+01
1.743549919128417969e+01,3.400000000000000000e+01,2.300000000000000000e+01
4.200000000000000000e+01,3.400000000000000000e+01,2.206699943542480469e+01
4.256449890136718750e+01,3.400000000000000000e+01,2.300000000000000000e+01
1.800000000000000000e+01,3.500000000000000000e+01,2.266090011596679688e+01
1.778840065002441406e+01,3.500000000000000000e+01,2.300000000000000000e+01
4.200000000000000000e+01,3.500000000000000000e+01,2.266090011596679688e+01
4.221160125732421875e+01,3.500000000000000000e+01,2.300000000000000000e+01
1.800000000000000000e+01,3.545800018310546875e+01,2.300000000000000000e+01
1.826199913024902344e+01,3.600000000000000000e+01,2.300000000000000000e+01
4.173799896240234375e+01,3.600000000000000000e+01,2.300000000000000000e+01
4.200000000000000000e+01,3.545800018310546875e+01,2.300000000000000000e+01
1.900000000000000000e+01,3.700000000000000000e+01,2.272760009765625000e+01
1.881649971008300781e+01,3.700000000000000000e+01,2.300000000000000000e+01
4.100000000000000000e+01,3.700000000000000000e+01,2.272760009765625000e+01
4.118349838256835938e+01,3.700000000000000000e+01,2.300000000000000000e+01
1.900000000000000000e+01,3.727239990234375000e+01,2.300000000000000000e+01
2.000000000000000000e+01,3.800000000000000000e+01,2.233169937133789062e+01
1.951749992370605469e+01,3.800000000000000000e+01,2.300000000000000000e+01
4.000000000000000000e+01,3.800000000000000000e+01,2.233169937133789062e+01
4.048249816894531250e+01,3.800000000000000000e+01,2.300000000000000000e+01
4.100000000000000000e+01,3.727239990234375000e+01,2.300000000000000000e+01
2.000000000000000000e+01,3.859120178222656250e+01,2.300000000000000000e+01
2.100000000000000000e+01,3.900000000000000000e+01,2.220009994506835938e+01
2.036630058288574219e+01,3.900000000000000000e+01,2.300000000000000000e+01
3.900000000000000000e+01,3.900000000000000000e+01,2.220009994506835938e+01
3.963370132446289062e+01,3.900000000000000000e+01,2.300000000000000000e+01
4.000000000000000000e+01,3.859120178222656250e+01,2.300000000000000000e+01
2.100000000000000000e+01,3.963370132446289062e+01,2.300000000000000000e+01
2.200000000000000000e+01,4.000000000000000000e+01,2.233169937133789062e+01
2.140880012512207031e+01,4.000000000000000000e+01,2.300000000000000000e+01
3.800000000000000000e+01,4.000000000000000000e+01,2.233169937133789062e+01
3.859120178222656250e+01,4.000000000000000000e+01,2.300000000000000000e+01
3.900000000000000000e+01,3.963370132446289062e+01,2.300000000000000000e+01
2.200000000000000000e+01,4.048249816894531250e+01,2.300000000000000000e+01
2.300000000000000000e+01,4.100000000000000000e+01,2.272760009765625000e+01
2.272760009765625000e+01,4.100000000000000000e+01,2.300000000000000000e+01
3.700000000000000000e+01,4.100000000000000000e+01,2.272760009765625000e+01
3.727239990234375000e+01,4.100000000000000000e+01,2.300000000000000000e+01
3.800000000000000000e+01,4.048249816894531250e+01,2.300000000000000000e+01
2.300000000000000000e+01,4.118349838256835938e+01,2.300000000000000000e+01
2.400000000000000000e+01,4.173799896240234375e+01,2.300000000000000000e+01
2.500000000000000000e+01,4.200000000000000000e+01,2.266090011596679688e+01
2.454199981689453125e+01,4.200000000000000000e+01,2.300000000000000000e+01
2.600000000000000000e+01,4.200000000000000000e+01,2.206699943542480469e+01
3.400000000000000000e+01,4.200000000000000000e+01,2.206699943542480469e+01
3.500000000000000000e+01,4.200000000000000000e+01,2.266090011596679688e+01
3.545800018310546875e+01,4.200000000000000000e+01,2.300000000000000000e+01
3.600000000000000000e+01,4.173799896240234375e+01,2.300000000000000000e+01
3.700000000000000000e+01,4.118349838256835938e+01,2.300000000000000000e+01
2.500000000000000000e+01,4.221160125732421875e+01,2.300000000000000000e+01
2.600000000000000000e+01,4.256449890136718750e+01,2.300000000000000000e+01
2.700000000000000000e+01,4.283670043945312500e+01,2.300000000000000000e+01
2.800000000000000000e+01,4.300000000000000000e+01,2.293059921264648438e+01
2.779809951782226562e+01,4.300000000000000000e+01,2.300000000000000000e+01
2.900000000000000000e+01,4.300000000000000000e+01,2.272739982604980469e+01
3.000000000000000000e+01,4.300000000000000000e+01,2.266069984436035156e+01
3.100000000000000000e+01,4.300000000000000000e+01,2.272739982604980469e+01
3.200000000000000000e+01,4.300000000000000000e+01,2.293059921264648438e+01
3.220190048217773438e+01,4.300000000000000000e+01,2.300000000000000000e+01
3.300000000000000000e+01,4.283670043945312500e+01,2.300000000000000000e+01
3.400000000000000000e+01,4.256449890136718750e+01,2.300000000000000000e+01
3.500000000000000000e+01,4.221160125732421875e+01,2.300000000000000000e+01
2.800000000000000000e+01,4.304109954833984375e+01,2.300000000000000000e+01
2.900000000000000000e+01,4.315980148315429688e+01,2.300000000000000000e+01
3.000000000000000000e+01,4.319800186157226562e+01,2.300000000000000000e+01
3.100000000000000000e+01,4.315980148315429688e+01,2.300000000000000000e+01
3.200000000000000000e+01,4.304109954833984375e+01,2.300000000000000000e+01
2.600000000000000000e+01,1.700000000000000000e+01,2.384219932556152344e+01
2.600000000000000000e+01,1.691860008239746094e+01,2.400000000000000000e+01
2.577479934692382812e+01,1.700000000000000000e+01,2.400000000000000000e+01
2.700000000000000000e+01,1.700000000000000000e+01,2.330610084533691406e+01
2.700000000000000000e+01,1.665360069274902344e+01,2.400000000000000000e+01
2.800000000000000000e+01,1.647500038146972656e+01,2.400000000000000000e+01
2.900000000000000000e+01,1.636890029907226562e+01,2.400000000000000000e+01
3.000000000000000000e+01,1.633340072631835938e+01,2.400000000000000000e+01
3.100000000000000000e+01,1.636890029907226562e+01,2.400000000000000000e+01
3.200000000000000000e+01,1.647500038146972656e+01,2.400000000000000000e+01
3.300000000000000000e+01,1.700000000000000000e+01,2.330610084533691406e+01
3.300000000000000000e+01,1.665360069274902344e+01,2.400000000000000000e+01
3.400000000000000000e+01,1.700000000000000000e+01,2.384219932556152344e+01
3.400000000000000000e+01,1.691860008239746094e+01,2.400000000000000000e+01
3.422520065307617188e+01,1.700000000000000000e+01,2.400000000000000000e+01
2.400000000000000000e+01,1.800000000000000000e+01,2.345829963684082031e+01
2.400000000000000000e+01,1.770779991149902344e+01,2.400000000000000000e+01
2.345829963684082031e+01,1.800000000000000000e+01,2.400000000000000000e+01
2.500000000000000000e+01,1.728129959106445312e+01,2.400000000000000000e+01
3.500000000000000000e+01,1.728129959106445312e+01,2.400000000000000000e+01
3.600000000000000000e+01,1.800000000000000000e+01,2.345829963684082031e+01
3.600000000000000000e+01,1.770779991149902344e+01,2.400000000000000000e+01
3.654169845581054688e+01,1.800000000000000000e+01,2.400000000000000000e+01
2.200000000000000000e+01,1.900000000000000000e+01,2.384239959716796875e+01
2.200000000000000000e+01,1.890679931640625000e+01,2.400000000000000000e+01
2.187759971618652344e+01,1.900000000000000000e+01,2.400000000000000000e+01
2.300000000000000000e+01,1.826199913024902344e+01,2.400000000000000000e+01
3.700000000000000000e+01,1.826199913024902344e+01,2.400000000000000000e+01
3.800000000000000000e+01,1.900000000000000000e+01,2.384239959716796875e+01
3.800000000000000000e+01,1.890679931640625000e+01,2.400000000000000000e+01
3.812239837646484375e+01,1.900000000000000000e+01,2.400000000000000000e+01
2.100000000000000000e+01,2.000000000000000000e+01,2.353450012207031250e+01
2.100000000000000000e+01,1.970490074157714844e+01,2.400000000000000000e+01
2.067620086669921875e+01,2.000000000000000000e+01,2.400000000000000000e+01
3.900000000000000000e+01,2.000000000000000000e+01,2.353450012207031250e+01
3.900000000000000000e+01,1.970490074157714844e+01,2.400000000000000000e+01
3.932379913330078125e+01,2.000000000000000000e+01,2.400000000000000000e+01
2.000000000000000000e+01,2.100000000000000000e+01,2.353450012207031250e+01
2.000000000000000000e+01,2.067620086669921875e+01,2.400000000000000000e+01
1.970490074157714844e+01,2.100000000000000000e+01,2.400000000000000000e+01
4.000000000000000000e+01,2.100000000000000000e+01,2.353450012207031250e+01
4.000000000000000000e+01,2.067620086669921875e+01,2.400000000000000000e+01
4.029510116577148438e+01,2.100000000000000000e+01,2.400000000000000000e+01
1.900000000000000000e+01,2.200000000000000000e+01,2.384239959716796875e+01
1.900000000000000000e+01,2.187759971618652344e+01,2.400000000000000000e+01
1.890679931640625000e+01,2.200000000000000000e+01,2.400000000000000000e+01
4.100000000000000000e+01,2.200000000000000000e+01,2.384239959716796875e+01
4.100000000000000000e+01,2.187759971618652344e+01,2.400000000000000000e+01
4.109320068359375000e+01,2.200000000000000000e+01,2.400000000000000000e+01
1.826199913024902344e+01,2.300000000000000000e+01,2.400000000000000000e+01
4.173799896240234375e+01,2.300000000000000000e+01,2.400000000000000000e+01
1.800000000000000000e+01,2.400000000000000000e+01,2.345829963684082031e+01
1.800000000000000000e+01,2.345829963684082031e+01,2.400000000000000000e+01
1.770779991149902344e+01,2.400000000000000000e+01,2.400000000000000000e+01
4.200000000000000000e+01,2.345829963684082031e+01,2.400000000000000000e+01
4.200000000000000000e+01,2.400000000000000000e+01,2.345829963684082031e+01
4.229219818115234375e+01,2.400000000000000000e+01,2.400000000000000000e+01
1.728129959106445312e+01,2.500000000000000000e+01,2.400000000000000000e+01
4.271870040893554688e+01,2.500000000000000000e+01,2.400000000000000000e+01
1.700000000000000000e+01,2.600000000000000000e+01,2.384219932556152344e+01
1.700000000000000000e+01,2.577479934692382812e+01,2.400000000000000000e+01
1.691860008239746094e+01,2.600000000000000000e+01,2.400000000000000000e+01
4.300000000000000000e+01,2.577479934692382812e+01,2.400000000000000000e+01
4.300000000000000000e+01,2.600000000000000000e+01,2.384219932556152344e+01
4.308129882812500000e+01,2.600000000000000000e+01,2.400000000000000000e+01
1.700000000000000000e+01,2.700000000000000000e+01,2.330610084533691406e+01
1.665360069274902344e+01,2.700000000000000000e+01,2.400000000000000000e+01
4.300000000000000000e+01,2.700000000000000000e+01,2.330610084533691406e+01
4.334640121459960938e+01,2.700000000000000000e+01,2.400000000000000000e+01
1.647500038146972656e+01,2.800000000000000000e+01,2.400000000000000000e+01
4.352500152587890625e+01,2.800000000000000000e+01,2.400000000000000000e+01
1.636890029907226562e+01,2.900000000000000000e+01,2.400000000000000000e+01
4.363109970092773438e+01,2.900000000000000000e+01,2.400000000000000000e+01
1.633340072631835938e+01,3.000000000000000000e+01,2.400000000000000000e+01
4.366659927368164062e+01,3.000000000000000000e+01,2.400000000000000000e+01
1.636890029907226562e+01,3.100000000000000000e+01,2.400000000000000000e+01
4.363109970092773438e+01,3.100000000000000000e+01,2.400000000000000000e+01
1.647500038146972656e+01,3.200000000000000000e+01,2.400000000000000000e+01
4.352500152587890625e+01,3.200000000000000000e+01,2.400000000000000000e+01
1.700000000000000000e+01,3.300000000000000000e+01,2.330610084533691406e+01
1.665360069274902344e+01,3.300000000000000000e+01,2.400000000000000000e+01
4.300000000000000000e+01,3.300000000000000000e+01,2.330610084533691406e+01
4.334640121459960938e+01,3.300000000000000000e+01,2.400000000000000000e+01
1.700000000000000000e+01,3.400000000000000000e+01,2.384219932556152344e+01
1.691860008239746094e+01,3.400000000000000000e+01,2.400000000000000000e+01
4.300000000000000000e+01,3.400000000000000000e+01,2.384219932556152344e+01
4.308129882812500000e+01,3.400000000000000000e+01,2.400000000000000000e+01
1.700000000000000000e+01,3.422520065307617188e+01,2.400000000000000000e+01
1.728129959106445312e+01,3.500000000000000000e+01,2.400000000000000000e+01
4.271870040893554688e+01,3.500000000000000000e+01,2.400000000000000000e+01
4.300000000000000000e+01,3.422520065307617188e+01,2.400000000000000000e+01
1.800000000000000000e+01,3.600000000000000000e+01,2.345829963684082031e+01
1.770779991149902344e+01,3.600000000000000000e+01,2.400000000000000000e+01
4.200000000000000000e+01,3.600000000000000000e+01,2.345829963684082031e+01
4.229219818115234375e+01,3.600000000000000000e+01,2.400000000000000000e+01
1.800000000000000000e+01,3.654169845581054688e+01,2.400000000000000000e+01
1.826199913024902344e+01,3.700000000000000000e+01,2.400000000000000000e+01
4.173799896240234375e+01,3.700000000000000000e+01,2.400000000000000000e+01
4.200000000000000000e+01,3.654169845581054688e+01,2.400000000000000000e+01
1.900000000000000000e+01,3.800000000000000000e+01,2.384239959716796875e+01
1.890679931640625000e+01,3.800000000000000000e+01,2.400000000000000000e+01
4.100000000000000000e+01,3.800000000000000000e+01,2.384239959716796875e+01
4.109320068359375000e+01,3.800000000000000000e+01,2.400000000000000000e+01
1.900000000000000000e+01,3.812239837646484375e+01,2.400000000000000000e+01
2.000000000000000000e+01,3.900000000000000000e+01,2.353450012207031250e+01
1.970490074157714844e+01,3.900000000000000000e+01,2.400000000000000000e+01
4.000000000000000000e+01,3.900000000000000000e+01,2.353450012207031250e+01
4.029510116577148438e+01,3.900000000000000000e+01,2.400000000000000000e+01
4.100000000000000000e+01,3.812239837646484375e+01,2.400000000000000000e+01
2.000000000000000000e+01,3.932379913330078125e+01,2.400000000000000000e+01
2.100000000000000000e+01,4.000000000000000000e+01,2.353450012207031250e+01
2.067620086669921875e+01,4.000000000000000000e+01,2.400000000000000000e+01
3.900000000000000000e+01,4.000000000000000000e+01,2.353450012207031250e+01
3.932379913330078125e+01,4.000000000000000000e+01,2.400000000000000000e+01
4.000000000000000000e+01,3.932379913330078125e+01,2.400000000000000000e+01
2.100000000000000000e+01,4.029510116577148438e+01,2.400000000000000000e+01
2.200000000000000000e+01,4.100000000000000000e+01,2.384239959716796875e+01
2.187759971618652344e+01,4.100000000000000000e+01,2.400000000000000000e+01
3.800000000000000000e+01,4.100000000000000000e+01,2.384239959716796875e+01
3.812239837646484375e+01,4.100000000000000000e+01,2.400000000000000000e+01
3.900000000000000000e+01,4.029510116577148438e+01,2.400000000000000000e+01
2.200000000000000000e+01,4.109320068359375000e+01,2.400000000000000000e+01
2.300000000000000000e+01,4.173799896240234375e+01,2.400000000000000000e+01
2.400000000000000000e+01,4.200000000000000000e+01,2.345829963684082031e+01
2.345829963684082031e+01,4.200000000000000000e+01,2.400000000000000000e+01
3.600000000000000000e+01,4.200000000000000000e+01,2.345829963684082031e+01
3.654169845581054688e+01,4.200000000000000000e+01,2.400000000000000000e+01
3.700000000000000000e+01,4.173799896240234375e+01,2.400000000000000000e+01
3.800000000000000000e+01,4.109320068359375000e+01,2.400000000000000000e+01
2.400000000000000000e+01,4.229219818115234375e+01,2.400000000000000000e+01
2.500000000000000000e+01,4.271870040893554688e+01,2.400000000000000000e+01
2.600000000000000000e+01,4.300000000000000000e+01,2.384219932556152344e+01
2.577479934692382812e+01,4.300000000000000000e+01,2.400000000000000000e+01
2.700000000000000000e+01,4.300000000000000000e+01,2.330610084533691406e+01
3.300000000000000000e+01,4.300000000000000000e+01,2.330610084533691406e+01
3.400000000000000000e+01,4.300000000000000000e+01,2.384219932556152344e+01
3.422520065307617188e+01,4.300000000000000000e+01,2.400000000000000000e+01
3.500000000000000000e+01,4.271870040893554688e+01,2.400000000000000000e+01
3.600000000000000000e+01,4.229219818115234375e+01,2.400000000000000000e+01
2.600000000000000000e+01,4.308129882812500000e+01,2.400000000000000000e+01
2.700000000000000000e+01,4.334640121459960938e+01,2.400000000000000000e+01
2.800000000000000000e+01,4.352500152587890625e+01,2.400000000000000000e+01
2.900000000000000000e+01,4.363109970092773438e+01,2.400000000000000000e+01
3.000000000000000000e+01,4.366659927368164062e+01,2.400000000000000000e+01
3.100000000000000000e+01,4.363109970092773438e+01,2.400000000000000000e+01
3.200000000000000000e+01,4.352500152587890625e+01,2.400000000000000000e+01
3.300000000000000000e+01,4.334640121459960938e+01,2.400000000000000000e+01
3.400000000000000000e+01,4.308129882812500000e+01,2.400000000000000000e+01
2.900000000000000000e+01,1.600000000000000000e+01,2.490649986267089844e+01
2.900000000000000000e+01,1.596109962463378906e+01,2.500000000000000000e+01
2.866370010375976562e+01,1.600000000000000000e+01,2.500000000000000000e+01
3.000000000000000000e+01,1.600000000000000000e+01,2.481439971923828125e+01
3.000000000000000000e+01,1.592310047149658203e+01,2.500000000000000000e+01
3.100000000000000000e+01,1.600000000000000000e+01,2.490649986267089844e+01
3.100000000000000000e+01,1.596109962463378906e+01,2.500000000000000000e+01
3.133629989624023438e+01,1.600000000000000000e+01,2.500000000000000000e+01
2.500000000000000000e+01,1.700000000000000000e+01,2.463229942321777344e+01
2.500000000000000000e+01,1.684029960632324219e+01,2.500000000000000000e+01
2.463229942321777344e+01,1.700000000000000000e+01,2.500000000000000000e+01
2.600000000000000000e+01,1.651040077209472656e+01,2.500000000000000000e+01
2.700000000000000000e+01,1.626189994812011719e+01,2.500000000000000000e+01
2.800000000000000000e+01,1.607719993591308594e+01,2.500000000000000000e+01
3.200000000000000000e+01,1.607719993591308594e+01,2.500000000000000000e+01
3.300000000000000000e+01,1.626189994812011719e+01,2.500000000000000000e+01
3.400000000000000000e+01,1.651040077209472656e+01,2.500000000000000000e+01
3.500000000000000000e+01,1.700000000000000000e+01,2.463229942321777344e+01
3.500000000000000000e+01,1.684029960632324219e+01,2.500000000000000000e+01
3.536769866943359375e+01,1.700000000000000000e+01,2.500000000000000000e+01
2.300000000000000000e+01,1.800000000000000000e+01,2.454199981689453125e+01
2.300000000000000000e+01,1.778840065002441406e+01,2.500000000000000000e+01
2.266090011596679688e+01,1.800000000000000000e+01,2.500000000000000000e+01
2.400000000000000000e+01,1.728129959106445312e+01,2.500000000000000000e+01
3.600000000000000000e+01,1.728129959106445312e+01,2.500000000000000000e+01
3.700000000000000000e+01,1.800000000000000000e+01,2.454199981689453125e+01
3.700000000000000000e+01,1.778840065002441406e+01,2.500000000000000000e+01
3.733909988403320312e+01,1.800000000000000000e+01,2.500000000000000000e+01
2.200000000000000000e+01,1.843070030212402344e+01,2.500000000000000000e+01
2.123530006408691406e+01,1.900000000000000000e+01,2.500000000000000000e+01
3.800000000000000000e+01,1.843070030212402344e+01,2.500000000000000000e+01
3.876470184326171875e+01,1.900000000000000000e+01,2.500000000000000000e+01
2.100000000000000000e+01,1.919210052490234375e+01,2.500000000000000000e+01
2.010659980773925781e+01,2.000000000000000000e+01,2.500000000000000000e+01
3.900000000000000000e+01,1.919210052490234375e+01,2.500000000000000000e+01
3.989339828491210938e+01,2.000000000000000000e+01,2.500000000000000000e+01
2.000000000000000000e+01,2.010659980773925781e+01,2.500000000000000000e+01
1.919210052490234375e+01,2.100000000000000000e+01,2.500000000000000000e+01
4.000000000000000000e+01,2.010659980773925781e+01,2.500000000000000000e+01
4.080789947509765625e+01,2.100000000000000000e+01,2.500000000000000000e+01
1.900000000000000000e+01,2.123530006408691406e+01,2.500000000000000000e+01
1.843070030212402344e+01,2.200000000000000000e+01,2.500000000000000000e+01
4.100000000000000000e+01,2.123530006408691406e+01,2.500000000000000000e+01
4.156930160522460938e+01,2.200000000000000000e+01,2.500000000000000000e+01
1.800000000000000000e+01,2.300000000000000000e+01,2.454199981689453125e+01
1.800000000000000000e+01,2.266090011596679688e+01,2.500000000000000000e+01
1.778840065002441406e+01,2.300000000000000000e+01,2.500000000000000000e+01
4.200000000000000000e+01,2.266090011596679688e+01,2.500000000000000000e+01
4.200000000000000000e+01,2.300000000000000000e+01,2.454199981689453125e+01
4.221160125732421875e+01,2.300000000000000000e+01,2.500000000000000000e+01
1.728129959106445312e+01,2.400000000000000000e+01,2.500000000000000000e+01
4.271870040893554688e+01,2.400000000000000000e+01,2.500000000000000000e+01
1.700000000000000000e+01,2.500000000000000000e+01,2.463229942321777344e+01
1.700000000000000000e+01,2.463229942321777344e+01,2.500000000000000000e+01
1.684029960632324219e+01,2.500000000000000000e+01,2.500000000000000000e+01
4.300000000000000000e+01,2.463229942321777344e+01,2.500000000000000000e+01
4.300000000000000000e+01,2.500000000000000000e+01,2.463229942321777344e+01
4.315969848632812500e+01,2.500000000000000000e+01,2.500000000000000000e+01
1.651040077209472656e+01,2.600000000000000000e+01,2.500000000000000000e+01
4.348960113525390625e+01,2.600000000000000000e+01,2.500000000000000000e+01
1.626189994812011719e+01,2.700000000000000000e+01,2.500000000000000000e+01
4.373809814453125000e+01,2.700000000000000000e+01,2.500000000000000000e+01
1.607719993591308594e+01,2.800000000000000000e+01,2.500000000000000000e+01
4.392279815673828125e+01,2.800000000000000000e+01,2.500000000000000000e+01
1.600000000000000000e+01,2.900000000000000000e+01,2.490649986267089844e+01
1.600000000000000000e+01,2.866370010375976562e+01,2.500000000000000000e+01
1.596109962463378906e+01,2.900000000000000000e+01,2.500000000000000000e+01
4.400000000000000000e+01,2.866370010375976562e+01,2.500000000000000000e+01
4.400000000000000000e+01,2.900000000000000000e+01,2.490649986267089844e+01
4.403889846801757812e+01,2.900000000000000000e+01,2.500000000000000000e+01
1.600000000000000000e+01,3.000000000000000000e+01,2.481439971923828125e+01
1.592310047149658203e+01,3.000000000000000000e+01,2.500000000000000000e+01
4.400000000000000000e+01,3.000000000000000000e+01,2.481439971923828125e+01
4.407690048217773438e+01,3.000000000000000000e+01,2.500000000000000000e+01
1.600000000000000000e+01,3.100000000000000000e+01,2.490649986267089844e+01
1.596109962463378906e+01,3.100000000000000000e+01,2.500000000000000000e+01
4.400000000000000000e+01,3.100000000000000000e+01,2.490649986267089844e+01
4.403889846801757812e+01,3.100000000000000000e+01,2.500000000000000000e+01
1.600000000000000000e+01,3.133629989624023438e+01,2.500000000000000000e+01
1.607719993591308594e+01,3.200000000000000000e+01,2.500000000000000000e+01
4.392279815673828125e+01,3.200000000000000000e+01,2.500000000000000000e+01
4.400000000000000000e+01,3.133629989624023438e+01,2.500000000000000000e+01
1.626189994812011719e+01,3.300000000000000000e+01,2.500000000000000000e+01
4.373809814453125000e+01,3.300000000000000000e+01,2.500000000000000000e+01
1.651040077209472656e+01,3.400000000000000000e+01,2.500000000000000000e+01
4.348960113525390625e+01,3.400000000000000000e+01,2.500000000000000000e+01
1.700000000000000000e+01,3.500000000000000000e+01,2.463229942321777344e+01
1.684029960632324219e+01,3.500000000000000000e+01,2.500000000000000000e+01
4.300000000000000000e+01,3.500000000000000000e+01,2.463229942321777344e+01
4.315969848632812500e+01,3.500000000000000000e+01,2.500000000000000000e+01
1.700000000000000000e+01,3.536769866943359375e+01,2.500000000000000000e+01
1.728129959106445312e+01,3.600000000000000000e+01,2.500000000000000000e+01
4.271870040893554688e+01,3.600000000000000000e+01,2.500000000000000000e+01
4.300000000000000000e+01,3.536769866943359375e+01,2.500000000000000000e+01
1.800000000000000000e+01,3.700000000000000000e+01,2.454199981689453125e+01
1.778840065002441406e+01,3.700000000000000000e+01,2.500000000000000000e+01
4.200000000000000000e+01,3.700000000000000000e+01,2.454199981689453125e+01
4.221160125732421875e+01,3.700000000000000000e+01,2.500000000000000000e+01
1.800000000000000000e+01,3.733909988403320312e+01,2.500000000000000000e+01
1.843070030212402344e+01,3.800000000000000000e+01,2.500000000000000000e+01
4.156930160522460938e+01,3.800000000000000000e+01,2.500000000000000000e+01
4.200000000000000000e+01,3.733909988403320312e+01,2.500000000000000000e+01
1.900000000000000000e+01,3.876470184326171875e+01,2.500000000000000000e+01
1.919210052490234375e+01,3.900000000000000000e+01,2.500000000000000000e+01
4.080789947509765625e+01,3.900000000000000000e+01,2.500000000000000000e+01
4.100000000000000000e+01,3.876470184326171875e+01,2.500000000000000000e+01
2.000000000000000000e+01,3.989339828491210938e+01,2.500000000000000000e+01
2.010659980773925781e+01,4.000000000000000000e+01,2.500000000000000000e+01
3.989339828491210938e+01,4.000000000000000000e+01,2.500000000000000000e+01
4.000000000000000000e+01,3.989339828491210938e+01,2.500000000000000000e+01
2.100000000000000000e+01,4.080789947509765625e+01,2.500000000000000000e+01
2.123530006408691406e+01,4.100000000000000000e+01,2.500000000000000000e+01
3.876470184326171875e+01,4.100000000000000000e+01,2.500000000000000000e+01
3.900000000000000000e+01,4.080789947509765625e+01,2.500000000000000000e+01
2.200000000000000000e+01,4.156930160522460938e+01,2.500000000000000000e+01
2.300000000000000000e+01,4.200000000000000000e+01,2.454199981689453125e+01
2.266090011596679688e+01,4.200000000000000000e+01,2.500000000000000000e+01
3.700000000000000000e+01,4.200000000000000000e+01,2.454199981689453125e+01
3.733909988403320312e+01,4.200000000000000000e+01,2.500000000000000000e+01
3.800000000000000000e+01,4.156930160522460938e+01,2.500000000000000000e+01
2.300000000000000000e+01,4.221160125732421875e+01,2.500000000000000000e+01
2.400000000000000000e+01,4.271870040893554688e+01,2.500000000000000000e+01
2.500000000000000000e+01,4.300000000000000000e+01,2.463229942321777344e+01
2.463229942321777344e+01,4.300000000000000000e+01,2.500000000000000000e+01
3.500000000000000000e+01,4.300000000000000000e+01,2.463229942321777344e+01
3.536769866943359375e+01,4.300000000000000000e+01,2.500000000000000000e+01
3.600000000000000000e+01,4.271870040893554688e+01,2.500000000000000000e+01
3.700000000000000000e+01,4.221160125732421875e+01,2.500000000000000000e+01
2.500000000000000000e+01,4.315969848632812500e+01,2.500000000000000000e+01
2.600000000000000000e+01,4.348960113525390625e+01,2.500000000000000000e+01
2.700000000000000000e+01,4.373809814453125000e+01,2.500000000000000000e+01
2.800000000000000000e+01,4.392279815673828125e+01,2.500000000000000000e+01
2.900000000000000000e+01,4.400000000000000000e+01,2.490649986267089844e+01
2.866370010375976562e+01,4.400000000000000000e+01,2.500000000000000000e+01
3.000000000000000000e+01,4.400000000000000000e+01,2.481439971923828125e+01
3.100000000000000000e+01,4.400000000000000000e+01,2.490649986267089844e+01
3.133629989624023438e+01,4.400000000000000000e+01,2.500000000000000000e+01
3.200000000000000000e+01,4.392279815673828125e+01,2.500000000000000000e+01
3.300000000000000000e+01,4.373809814453125000e+01,2.500000000000000000e+01
3.400000000000000000e+01,4.348960113525390625e+01,2.500000000000000000e+01
3.500000000000000000e+01,4.315969848632812500e+01,2.500000000000000000e+01
2.900000000000000000e+01,4.403889846801757812e+01,2.500000000000000000e+01
3.000000000000000000e+01,4.407690048217773438e+01,2.500000000000000000e+01
3.100000000000000000e+01,4.403889846801757812e+01,2.500000000000000000e+01
2.700000000000000000e+01,1.600000000000000000e+01,2.577440071105957031e+01
2.700000000000000000e+01,1.592310047149658203e+01,2.600000000000000000e+01
2.671129989624023438e+01,1.600000000000000000e+01,2.600000000000000000e+01
2.800000000000000000e+01,1.600000000000000000e+01,2.522080039978027344e+01
2.800000000000000000e+01,1.574310016632080078e+01,2.600000000000000000e+01
2.900000000000000000e+01,1.564089965820312500e+01,2.600000000000000000e+01
3.000000000000000000e+01,1.560750007629394531e+01,2.600000000000000000e+01
3.100000000000000000e+01,1.564089965820312500e+01,2.600000000000000000e+01
3.200000000000000000e+01,1.600000000000000000e+01,2.522080039978027344e+01
3.200000000000000000e+01,1.574310016632080078e+01,2.600000000000000000e+01
3.300000000000000000e+01,1.600000000000000000e+01,2.577440071105957031e+01
3.300000000000000000e+01,1.592310047149658203e+01,2.600000000000000000e+01
3.328870010375976562e+01,1.600000000000000000e+01,2.600000000000000000e+01
2.400000000000000000e+01,1.700000000000000000e+01,2.577479934692382812e+01
2.400000000000000000e+01,1.691860008239746094e+01,2.600000000000000000e+01
2.384219932556152344e+01,1.700000000000000000e+01,2.600000000000000000e+01
2.500000000000000000e+01,1.651040077209472656e+01,2.600000000000000000e+01
2.600000000000000000e+01,1.618919944763183594e+01,2.600000000000000000e+01
3.400000000000000000e+01,1.618919944763183594e+01,2.600000000000000000e+01
3.500000000000000000e+01,1.651040077209472656e+01,2.600000000000000000e+01
3.600000000000000000e+01,1.700000000000000000e+01,2.577479934692382812e+01
3.600000000000000000e+01,1.691860008239746094e+01,2.600000000000000000e+01
3.615779876708984375e+01,1.700000000000000000e+01,2.600000000000000000e+01
2.300000000000000000e+01,1.743549919128417969e+01,2.600000000000000000e+01
2.206699943542480469e+01,1.800000000000000000e+01,2.600000000000000000e+01
3.700000000000000000e+01,1.743549919128417969e+01,2.600000000000000000e+01
3.793299865722656250e+01,1.800000000000000000e+01,2.600000000000000000e+01
2.100000000000000000e+01,1.900000000000000000e+01,2.544219970703125000e+01
2.100000000000000000e+01,1.877219963073730469e+01,2.600000000000000000e+01
2.072870063781738281e+01,1.900000000000000000e+01,2.600000000000000000e+01
2.200000000000000000e+01,1.804490089416503906e+01,2.600000000000000000e+01
3.800000000000000000e+01,1.804490089416503906e+01,2.600000000000000000e+01
3.900000000000000000e+01,1.900000000000000000e+01,2.544219970703125000e+01
3.900000000000000000e+01,1.877219963073730469e+01,2.600000000000000000e+01
3.927130126953125000e+01,1.900000000000000000e+01,2.600000000000000000e+01
2.000000000000000000e+01,2.000000000000000000e+01,2.522139930725097656e+01
2.000000000000000000e+01,1.965760040283203125e+01,2.600000000000000000e+01
1.965760040283203125e+01,2.000000000000000000e+01,2.600000000000000000e+01
4.000000000000000000e+01,2.000000000000000000e+01,2.522139930725097656e+01
4.000000000000000000e+01,1.965760040283203125e+01,2.600000000000000000e+01
4.034239959716796875e+01,2.000000000000000000e+01,2.600000000000000000e+01
1.900000000000000000e+01,2.100000000000000000e+01,2.544219970703125000e+01
1.900000000000000000e+01,2.072870063781738281e+01,2.600000000000000000e+01
1.877219963073730469e+01,2.100000000000000000e+01,2.600000000000000000e+01
4.100000000000000000e+01,2.100000000000000000e+01,2.544219970703125000e+01
4.100000000000000000e+01,2.072870063781738281e+01,2.600000000000000000e+01
4.122779846191406250e+01,2.100000000000000000e+01,2.600000000000000000e+01
1.804490089416503906e+01,2.200000000000000000e+01,2.600000000000000000e+01
4.195510101318359375e+01,2.200000000000000000e+01,2.600000000000000000e+01
1.800000000000000000e+01,2.206699943542480469e+01,2.600000000000000000e+01
1.743549919128417969e+01,2.300000000000000000e+01,2.600000000000000000e+01
4.200000000000000000e+01,2.206699943542480469e+01,2.600000000000000000e+01
4.256449890136718750e+01,2.300000000000000000e+01,2.600000000000000000e+01
1.700000000000000000e+01,2.400000000000000000e+01,2.577479934692382812e+01
1.700000000000000000e+01,2.384219932556152344e+01,2.600000000000000000e+01
1.691860008239746094e+01,2.400000000000000000e+01,2.600000000000000000e+01
4.300000000000000000e+01,2.384219932556152344e+01,2.600000000000000000e+01
4.300000000000000000e+01,2.400000000000000000e+01,2.577479934692382812e+01
4.308129882812500000e+01,2.400000000000000000e+01,2.600000000000000000e+01
1.651040077209472656e+01,2.500000000000000000e+01,2.600000000000000000e+01
4.348960113525390625e+01,2.500000000000000000e+01,2.600000000000000000e+01
1.618919944763183594e+01,2.600000000000000000e+01,2.600000000000000000e+01
4.381079864501953125e+01,2.600000000000000000e+01,2.600000000000000000e+01
1.600000000000000000e+01,2.700000000000000000e+01,2.577440071105957031e+01
1.600000000000000000e+01,2.671129989624023438e+01,2.600000000000000000e+01
1.592310047149658203e+01,2.700000000000000000e+01,2.600000000000000000e+01
4.400000000000000000e+01,2.671129989624023438e+01,2.600000000000000000e+01
4.400000000000000000e+01,2.700000000000000000e+01,2.577440071105957031e+01
4.407690048217773438e+01,2.700000000000000000e+01,2.600000000000000000e+01
1.600000000000000000e+01,2.800000000000000000e+01,2.522080039978027344e+01
1.574310016632080078e+01,2.800000000000000000e+01,2.600000000000000000e+01
4.400000000000000000e+01,2.800000000000000000e+01,2.522080039978027344e+01
4.425690078735351562e+01,2.800000000000000000e+01,2.600000000000000000e+01
1.564089965820312500e+01,2.900000000000000000e+01,2.600000000000000000e+01
4.435910034179687500e+01,2.900000000000000000e+01,2.600000000000000000e+01
1.560750007629394531e+01,3.000000000000000000e+01,2.600000000000000000e+01
4.439250183105468750e+01,3.000000000000000000e+01,2.600000000000000000e+01
1.564089965820312500e+01,3.100000000000000000e+01,2.600000000000000000e+01
4.435910034179687500e+01,3.100000000000000000e+01,2.600000000000000000e+01
1.600000000000000000e+01,3.200000000000000000e+01,2.522080039978027344e+01
1.574310016632080078e+01,3.200000000000000000e+01,2.600000000000000000e+01
4.400000000000000000e+01,3.200000000000000000e+01,2.522080039978027344e+01
4.425690078735351562e+01,3.200000000000000000e+01,2.600000000000000000e+01
1.600000000000000000e+01,3.300000000000000000e+01,2.577440071105957031e+01
1.592310047149658203e+01,3.300000000000000000e+01,2.600000000000000000e+01
4.400000000000000000e+01,3.300000000000000000e+01,2.577440071105957031e+01
4.407690048217773438e+01,3.300000000000000000e+01,2.600000000000000000e+01
1.600000000000000000e+01,3.328870010375976562e+01,2.600000000000000000e+01
1.618919944763183594e+01,3.400000000000000000e+01,2.600000000000000000e+01
4.381079864501953125e+01,3.400000000000000000e+01,2.600000000000000000e+01
4.400000000000000000e+01,3.328870010375976562e+01,2.600000000000000000e+01
1.651040077209472656e+01,3.500000000000000000e+01,2.600000000000000000e+01
4.348960113525390625e+01,3.500000000000000000e+01,2.600000000000000000e+01
1.700000000000000000e+01,3.600000000000000000e+01,2.577479934692382812e+01
1.691860008239746094e+01,3.600000000000000000e+01,2.600000000000000000e+01
4.300000000000000000e+01,3.600000000000000000e+01,2.577479934692382812e+01
4.308129882812500000e+01,3.600000000000000000e+01,2.600000000000000000e+01
1.700000000000000000e+01,3.615779876708984375e+01,2.600000000000000000e+01
1.743549919128417969e+01,3.700000000000000000e+01,2.600000000000000000e+01
4.256449890136718750e+01,3.700000000000000000e+01,2.600000000000000000e+01
4.300000000000000000e+01,3.615779876708984375e+01,2.600000000000000000e+01
1.800000000000000000e+01,3.793299865722656250e+01,2.600000000000000000e+01
1.804490089416503906e+01,3.800000000000000000e+01,2.600000000000000000e+01
4.195510101318359375e+01,3.800000000000000000e+01,2.600000000000000000e+01
4.200000000000000000e+01,3.793299865722656250e+01,2.600000000000000000e+01
1.900000000000000000e+01,3.900000000000000000e+01,2.544219970703125000e+01
1.877219963073730469e+01,3.900000000000000000e+01,2.600000000000000000e+01
4.100000000000000000e+01,3.900000000000000000e+01,2.544219970703125000e+01
4.122779846191406250e+01,3.900000000000000000e+01,2.600000000000000000e+01
1.900000000000000000e+01,3.927130126953125000e+01,2.600000000000000000e+01
2.000000000000000000e+01,4.000000000000000000e+01,2.522139930725097656e+01
1.965760040283203125e+01,4.000000000000000000e+01,2.600000000000000000e+01
4.000000000000000000e+01,4.000000000000000000e+01,2.522139930725097656e+01
4.034239959716796875e+01,4.000000000000000000e+01,2.600000000000000000e+01
4.100000000000000000e+01,3.927130126953125000e+01,2.600000000000000000e+01
2.000000000000000000e+01,4.034239959716796875e+01,2.600000000000000000e+01
2.100000000000000000e+01,4.100000000000000000e+01,2.544219970703125000e+01
2.072870063781738281e+01,4.100000000000000000e+01,2.600000000000000000e+01
3.900000000000000000e+01,4.100000000000000000e+01,2.544219970703125000e+01
3.927130126953125000e+01,4.100000000000000000e+01,2.600000000000000000e+01
4.000000000000000000e+01,4.034239959716796875e+01,2.600000000000000000e+01
2.100000000000000000e+01,4.122779846191406250e+01,2.600000000000000000e+01
2.200000000000000000e+01,4.195510101318359375e+01,2.600000000000000000e+01
2.206699943542480469e+01,4.200000000000000000e+01,2.600000000000000000e+01
3.793299865722656250e+01,4.200000000000000000e+01,2.600000000000000000e+01
3.800000000000000000e+01,4.195510101318359375e+01,2.600000000000000000e+01
3.900000000000000000e+01,4.122779846191406250e+01,2.600000000000000000e+01
2.300000000000000000e+01,4.256449890136718750e+01,2.600000000000000000e+01
2.400000000000000000e+01,4.300000000000000000e+01,2.577479934692382812e+01
2.384219932556152344e+01,4.300000000000000000e+01,2.600000000000000000e+01
3.600000000000000000e+01,4.300000000000000000e+01,2.577479934692382812e+01
3.615779876708984375e+01,4.300000000000000000e+01,2.600000000000000000e+01
3.700000000000000000e+01,4.256449890136718750e+01,2.600000000000000000e+01
2.400000000000000000e+01,4.308129882812500000e+01,2.600000000000000000e+01
2.500000000000000000e+01,4.348960113525390625e+01,2.600000000000000000e+01
2.600000000000000000e+01,4.381079864501953125e+01,2.600000000000000000e+01
2.700000000000000000e+01,4.400000000000000000e+01,2.577440071105957031e+01
2.671129989624023438e+01,4.400000000000000000e+01,2.600000000000000000e+01
2.800000000000000000e+01,4.400000000000000000e+01,2.522080039978027344e+01
3.200000000000000000e+01,4.400000000000000000e+01,2.522080039978027344e+01
3.300000000000000000e+01,4.400000000000000000e+01,2.577440071105957031e+01
3.328870010375976562e+01,4.400000000000000000e+01,2.600000000000000000e+01
3.400000000000000000e+01,4.381079864501953125e+01,2.600000000000000000e+01
3.500000000000000000e+01,4.348960113525390625e+01,2.600000000000000000e+01
3.600000000000000000e+01,4.308129882812500000e+01,2.600000000000000000e+01
2.700000000000000000e+01,4.407690048217773438e+01,2.600000000000000000e+01
2.800000000000000000e+01,4.425690078735351562e+01,2.600000000000000000e+01
2.900000000000000000e+01,4.435910034179687500e+01,2.600000000000000000e+01
3.000000000000000000e+01,4.439250183105468750e+01,2.600000000000000000e+01
3.100000000000000000e+01,4.435910034179687500e+01,2.600000000000000000e+01
3.200000000000000000e+01,4.425690078735351562e+01,2.600000000000000000e+01
3.300000000000000000e+01,4.407690048217773438e+01,2.600000000000000000e+01
2.600000000000000000e+01,1.600000000000000000e+01,2.671129989624023438e+01
2.600000000000000000e+01,1.592310047149658203e+01,2.700000000000000000e+01
2.577440071105957031e+01,1.600000000000000000e+01,2.700000000000000000e+01
2.700000000000000000e+01,1.567459964752197266e+01,2.700000000000000000e+01
2.800000000000000000e+01,1.550860023498535156e+01,2.700000000000000000e+01
2.900000000000000000e+01,1.541059970855712891e+01,2.700000000000000000e+01
3.000000000000000000e+01,1.537790012359619141e+01,2.700000000000000000e+01
3.100000000000000000e+01,1.541059970855712891e+01,2.700000000000000000e+01
3.200000000000000000e+01,1.550860023498535156e+01,2.700000000000000000e+01
3.300000000000000000e+01,1.567459964752197266e+01,2.700000000000000000e+01
3.400000000000000000e+01,1.600000000000000000e+01,2.671129989624023438e+01
3.400000000000000000e+01,1.592310047149658203e+01,2.700000000000000000e+01
3.422560119628906250e+01,1.600000000000000000e+01,2.700000000000000000e+01
2.400000000000000000e+01,1.665360069274902344e+01,2.700000000000000000e+01
2.330610084533691406e+01,1.700000000000000000e+01,2.700000000000000000e+01
2.500000000000000000e+01,1.626189994812011719e+01,2.700000000000000000e+01
3.500000000000000000e+01,1.626189994812011719e+01,2.700000000000000000e+01
3.600000000000000000e+01,1.665360069274902344e+01,2.700000000000000000e+01
3.669390106201171875e+01,1.700000000000000000e+01,2.700000000000000000e+01
2.200000000000000000e+01,1.800000000000000000e+01,2.614220046997070312e+01
2.200000000000000000e+01,1.774790000915527344e+01,2.700000000000000000e+01
2.164030075073242188e+01,1.800000000000000000e+01,2.700000000000000000e+01
2.300000000000000000e+01,1.716329956054687500e+01,2.700000000000000000e+01
3.700000000000000000e+01,1.716329956054687500e+01,2.700000000000000000e+01
3.800000000000000000e+01,1.800000000000000000e+01,2.614220046997070312e+01
3.800000000000000000e+01,1.774790000915527344e+01,2.700000000000000000e+01
3.835969924926757812e+01,1.800000000000000000e+01,2.700000000000000000e+01
2.100000000000000000e+01,1.847270011901855469e+01,2.700000000000000000e+01
2.036619949340820312e+01,1.900000000000000000e+01,2.700000000000000000e+01
3.900000000000000000e+01,1.847270011901855469e+01,2.700000000000000000e+01
3.963380050659179688e+01,1.900000000000000000e+01,2.700000000000000000e+01
2.000000000000000000e+01,1.933219909667968750e+01,2.700000000000000000e+01
1.933219909667968750e+01,2.000000000000000000e+01,2.700000000000000000e+01
4.000000000000000000e+01,1.933219909667968750e+01,2.700000000000000000e+01
4.066780090332031250e+01,2.000000000000000000e+01,2.700000000000000000e+01
1.900000000000000000e+01,2.036619949340820312e+01,2.700000000000000000e+01
1.847270011901855469e+01,2.100000000000000000e+01,2.700000000000000000e+01
4.100000000000000000e+01,2.036619949340820312e+01,2.700000000000000000e+01
4.152730178833007812e+01,2.100000000000000000e+01,2.700000000000000000e+01
1.800000000000000000e+01,2.200000000000000000e+01,2.614220046997070312e+01
1.800000000000000000e+01,2.164030075073242188e+01,2.700000000000000000e+01
1.774790000915527344e+01,2.200000000000000000e+01,2.700000000000000000e+01
4.200000000000000000e+01,2.164030075073242188e+01,2.700000000000000000e+01
4.200000000000000000e+01,2.200000000000000000e+01,2.614220046997070312e+01
4.225210189819335938e+01,2.200000000000000000e+01,2.700000000000000000e+01
1.716329956054687500e+01,2.300000000000000000e+01,2.700000000000000000e+01
4.283670043945312500e+01,2.300000000000000000e+01,2.700000000000000000e+01
1.700000000000000000e+01,2.330610084533691406e+01,2.700000000000000000e+01
1.665360069274902344e+01,2.400000000000000000e+01,2.700000000000000000e+01
4.300000000000000000e+01,2.330610084533691406e+01,2.700000000000000000e+01
4.334640121459960938e+01,2.400000000000000000e+01,2.700000000000000000e+01
1.626189994812011719e+01,2.500000000000000000e+01,2.700000000000000000e+01
4.373809814453125000e+01,2.500000000000000000e+01,2.700000000000000000e+01
1.600000000000000000e+01,2.600000000000000000e+01,2.671129989624023438e+01
1.600000000000000000e+01,2.577440071105957031e+01,2.700000000000000000e+01
1.592310047149658203e+01,2.600000000000000000e+01,2.700000000000000000e+01
4.400000000000000000e+01,2.577440071105957031e+01,2.700000000000000000e+01
4.400000000000000000e+01,2.600000000000000000e+01,2.671129989624023438e+01
4.407690048217773438e+01,2.600000000000000000e+01,2.700000000000000000e+01
1.567459964752197266e+01,2.700000000000000000e+01,2.700000000000000000e+01
4.432540130615234375e+01,2.700000000000000000e+01,2.700000000000000000e+01
1.550860023498535156e+01,2.800000000000000000e+01,2.700000000000000000e+01
4.449140167236328125e+01,2.800000000000000000e+01,2.700000000000000000e+01
1.541059970855712891e+01,2.900000000000000000e+01,2.700000000000000000e+01
4.458940124511718750e+01,2.900000000000000000e+01,2.700000000000000000e+01
1.537790012359619141e+01,3.000000000000000000e+01,2.700000000000000000e+01
4.462210083007812500e+01,3.000000000000000000e+01,2.700000000000000000e+01
1.541059970855712891e+01,3.100000000000000000e+01,2.700000000000000000e+01
4.458940124511718750e+01,3.100000000000000000e+01,2.700000000000000000e+01
1.550860023498535156e+01,3.200000000000000000e+01,2.700000000000000000e+01
4.449140167236328125e+01,3.200000000000000000e+01,2.700000000000000000e+01
1.567459964752197266e+01,3.300000000000000000e+01,2.700000000000000000e+01
4.432540130615234375e+01,3.300000000000000000e+01,2.700000000000000000e+01
1.600000000000000000e+01,3.400000000000000000e+01,2.671129989624023438e+01
1.592310047149658203e+01,3.400000000000000000e+01,2.700000000000000000e+01
4.400000000000000000e+01,3.400000000000000000e+01,2.671129989624023438e+01
4.407690048217773438e+01,3.400000000000000000e+01,2.700000000000000000e+01
1.600000000000000000e+01,3.422560119628906250e+01,2.700000000000000000e+01
1.626189994812011719e+01,3.500000000000000000e+01,2.700000000000000000e+01
4.373809814453125000e+01,3.500000000000000000e+01,2.700000000000000000e+01
4.400000000000000000e+01,3.422560119628906250e+01,2.700000000000000000e+01
1.665360069274902344e+01,3.600000000000000000e+01,2.700000000000000000e+01
4.334640121459960938e+01,3.600000000000000000e+01,2.700000000000000000e+01
1.700000000000000000e+01,3.669390106201171875e+01,2.700000000000000000e+01
1.716329956054687500e+01,3.700000000000000000e+01,2.700000000000000000e+01
4.283670043945312500e+01,3.700000000000000000e+01,2.700000000000000000e+01
4.300000000000000000e+01,3.669390106201171875e+01,2.700000000000000000e+01
1.800000000000000000e+01,3.800000000000000000e+01,2.614220046997070312e+01
1.774790000915527344e+01,3.800000000000000000e+01,2.700000000000000000e+01
4.200000000000000000e+01,3.800000000000000000e+01,2.614220046997070312e+01
4.225210189819335938e+01,3.800000000000000000e+01,2.700000000000000000e+01
1.800000000000000000e+01,3.835969924926757812e+01,2.700000000000000000e+01
1.847270011901855469e+01,3.900000000000000000e+01,2.700000000000000000e+01
4.152730178833007812e+01,3.900000000000000000e+01,2.700000000000000000e+01
4.200000000000000000e+01,3.835969924926757812e+01,2.700000000000000000e+01
1.900000000000000000e+01,3.963380050659179688e+01,2.700000000000000000e+01
1.933219909667968750e+01,4.000000000000000000e+01,2.700000000000000000e+01
4.066780090332031250e+01,4.000000000000000000e+01,2.700000000000000000e+01
4.100000000000000000e+01,3.963380050659179688e+01,2.700000000000000000e+01
2.000000000000000000e+01,4.066780090332031250e+01,2.700000000000000000e+01
2.036619949340820312e+01,4.100000000000000000e+01,2.700000000000000000e+01
3.963380050659179688e+01,4.100000000000000000e+01,2.700000000000000000e+01
4.000000000000000000e+01,4.066780090332031250e+01,2.700000000000000000e+01
2.100000000000000000e+01,4.152730178833007812e+01,2.700000000000000000e+01
2.200000000000000000e+01,4.200000000000000000e+01,2.614220046997070312e+01
2.164030075073242188e+01,4.200000000000000000e+01,2.700000000000000000e+01
3.800000000000000000e+01,4.200000000000000000e+01,2.614220046997070312e+01
3.835969924926757812e+01,4.200000000000000000e+01,2.700000000000000000e+01
3.900000000000000000e+01,4.152730178833007812e+01,2.700000000000000000e+01
2.200000000000000000e+01,4.225210189819335938e+01,2.700000000000000000e+01
2.300000000000000000e+01,4.283670043945312500e+01,2.700000000000000000e+01
2.330610084533691406e+01,4.300000000000000000e+01,2.700000000000000000e+01
3.669390106201171875e+01,4.300000000000000000e+01,2.700000000000000000e+01
3.700000000000000000e+01,4.283670043945312500e+01,2.700000000000000000e+01
3.800000000000000000e+01,4.225210189819335938e+01,2.700000000000000000e+01
2.400000000000000000e+01,4.334640121459960938e+01,2.700000000000000000e+01
2.500000000000000000e+01,4.373809814453125000e+01,2.700000000000000000e+01
2.600000000000000000e+01,4.400000000000000000e+01,2.671129989624023438e+01
2.577440071105957031e+01,4.400000000000000000e+01,2.700000000000000000e+01
3.400000000000000000e+01,4.400000000000000000e+01,2.671129989624023438e+01
3.422560119628906250e+01,4.400000000000000000e+01,2.700000000000000000e+01
3.500000000000000000e+01,4.373809814453125000e+01,2.700000000000000000e+01
3.600000000000000000e+01,4.334640121459960938e+01,2.700000000000000000e+01
2.600000000000000000e+01,4.407690048217773438e+01,2.700000000000000000e+01
2.700000000000000000e+01,4.432540130615234375e+01,2.700000000000000000e+01
2.800000000000000000e+01,4.449140167236328125e+01,2.700000000000000000e+01
2.900000000000000000e+01,4.458940124511718750e+01,2.700000000000000000e+01
3.000000000000000000e+01,4.462210083007812500e+01,2.700000000000000000e+01
3.100000000000000000e+01,4.458940124511718750e+01,2.700000000000000000e+01
3.200000000000000000e+01,4.449140167236328125e+01,2.700000000000000000e+01
3.300000000000000000e+01,4.432540130615234375e+01,2.700000000000000000e+01
3.400000000000000000e+01,4.407690048217773438e+01,2.700000000000000000e+01
2.600000000000000000e+01,1.574310016632080078e+01,2.800000000000000000e+01
2.522080039978027344e+01,1.600000000000000000e+01,2.800000000000000000e+01
2.700000000000000000e+01,1.550860023498535156e+01,2.800000000000000000e+01
2.800000000000000000e+01,1.534510040283203125e+01,2.800000000000000000e+01
2.900000000000000000e+01,1.524559974670410156e+01,2.800000000000000000e+01
3.000000000000000000e+01,1.521189975738525391e+01,2.800000000000000000e+01
3.100000000000000000e+01,1.524559974670410156e+01,2.800000000000000000e+01
3.200000000000000000e+01,1.534510040283203125e+01,2.800000000000000000e+01
3.300000000000000000e+01,1.550860023498535156e+01,2.800000000000000000e+01
3.400000000000000000e+01,1.574310016632080078e+01,2.800000000000000000e+01
3.477920150756835938e+01,1.600000000000000000e+01,2.800000000000000000e+01
2.300000000000000000e+01,1.700000000000000000e+01,2.779809951782226562e+01
2.300000000000000000e+01,1.695890045166015625e+01,2.800000000000000000e+01
2.293059921264648438e+01,1.700000000000000000e+01,2.800000000000000000e+01
2.400000000000000000e+01,1.647500038146972656e+01,2.800000000000000000e+01
2.500000000000000000e+01,1.607719993591308594e+01,2.800000000000000000e+01
3.500000000000000000e+01,1.607719993591308594e+01,2.800000000000000000e+01
3.600000000000000000e+01,1.647500038146972656e+01,2.800000000000000000e+01
3.700000000000000000e+01,1.700000000000000000e+01,2.779809951782226562e+01
3.700000000000000000e+01,1.695890045166015625e+01,2.800000000000000000e+01
3.706940078735351562e+01,1.700000000000000000e+01,2.800000000000000000e+01
2.200000000000000000e+01,1.755109977722167969e+01,2.800000000000000000e+01
2.135090065002441406e+01,1.800000000000000000e+01,2.800000000000000000e+01
3.800000000000000000e+01,1.755109977722167969e+01,2.800000000000000000e+01
3.864910125732421875e+01,1.800000000000000000e+01,2.800000000000000000e+01
2.100000000000000000e+01,1.826199913024902344e+01,2.800000000000000000e+01
2.010650062561035156e+01,1.900000000000000000e+01,2.800000000000000000e+01
3.900000000000000000e+01,1.826199913024902344e+01,2.800000000000000000e+01
3.989350128173828125e+01,1.900000000000000000e+01,2.800000000000000000e+01
2.000000000000000000e+01,1.909700012207031250e+01,2.800000000000000000e+01
1.909700012207031250e+01,2.000000000000000000e+01,2.800000000000000000e+01
4.000000000000000000e+01,1.909700012207031250e+01,2.800000000000000000e+01
4.090299987792968750e+01,2.000000000000000000e+01,2.800000000000000000e+01
1.900000000000000000e+01,2.010650062561035156e+01,2.800000000000000000e+01
1.826199913024902344e+01,2.100000000000000000e+01,2.800000000000000000e+01
4.100000000000000000e+01,2.010650062561035156e+01,2.800000000000000000e+01
4.173799896240234375e+01,2.100000000000000000e+01,2.800000000000000000e+01
1.800000000000000000e+01,2.135090065002441406e+01,2.800000000000000000e+01
1.755109977722167969e+01,2.200000000000000000e+01,2.800000000000000000e+01
4.200000000000000000e+01,2.135090065002441406e+01,2.800000000000000000e+01
4.244889831542968750e+01,2.200000000000000000e+01,2.800000000000000000e+01
1.700000000000000000e+01,2.300000000000000000e+01,2.779809951782226562e+01
1.700000000000000000e+01,2.293059921264648438e+01,2.800000000000000000e+01
1.695890045166015625e+01,2.300000000000000000e+01,2.800000000000000000e+01
4.300000000000000000e+01,2.293059921264648438e+01,2.800000000000000000e+01
4.300000000000000000e+01,2.300000000000000000e+01,2.779809951782226562e+01
4.304109954833984375e+01,2.300000000000000000e+01,2.800000000000000000e+01
1.647500038146972656e+01,2.400000000000000000e+01,2.800000000000000000e+01
4.352500152587890625e+01,2.400000000000000000e+01,2.800000000000000000e+01
1.607719993591308594e+01,2.500000000000000000e+01,2.800000000000000000e+01
4.392279815673828125e+01,2.500000000000000000e+01,2.800000000000000000e+01
1.600000000000000000e+01,2.522080039978027344e+01,2.800000000000000000e+01
1.574310016632080078e+01,2.600000000000000000e+01,2.800000000000000000e+01
4.400000000000000000e+01,2.522080039978027344e+01,2.800000000000000000e+01
4.425690078735351562e+01,2.600000000000000000e+01,2.800000000000000000e+01
1.550860023498535156e+01,2.700000000000000000e+01,2.800000000000000000e+01
4.449140167236328125e+01,2.700000000000000000e+01,2.800000000000000000e+01
1.534510040283203125e+01,2.800000000000000000e+01,2.800000000000000000e+01
4.465489959716796875e+01,2.800000000000000000e+01,2.800000000000000000e+01
1.524559974670410156e+01,2.900000000000000000e+01,2.800000000000000000e+01
4.475439834594726562e+01,2.900000000000000000e+01,2.800000000000000000e+01
1.521189975738525391e+01,3.000000000000000000e+01,2.800000000000000000e+01
4.478810119628906250e+01,3.000000000000000000e+01,2.800000000000000000e+01
1.524559974670410156e+01,3.100000000000000000e+01,2.800000000000000000e+01
4.475439834594726562e+01,3.100000000000000000e+01,2.800000000000000000e+01
1.534510040283203125e+01,3.200000000000000000e+01,2.800000000000000000e+01
4.465489959716796875e+01,3.200000000000000000e+01,2.800000000000000000e+01
1.550860023498535156e+01,3.300000000000000000e+01,2.800000000000000000e+01
4.449140167236328125e+01,3.300000000000000000e+01,2.800000000000000000e+01
1.574310016632080078e+01,3.400000000000000000e+01,2.800000000000000000e+01
4.425690078735351562e+01,3.400000000000000000e+01,2.800000000000000000e+01
1.600000000000000000e+01,3.477920150756835938e+01,2.800000000000000000e+01
1.607719993591308594e+01,3.500000000000000000e+01,2.800000000000000000e+01
4.392279815673828125e+01,3.500000000000000000e+01,2.800000000000000000e+01
4.400000000000000000e+01,3.477920150756835938e+01,2.800000000000000000e+01
1.647500038146972656e+01,3.600000000000000000e+01,2.800000000000000000e+01
4.352500152587890625e+01,3.600000000000000000e+01,2.800000000000000000e+01
1.700000000000000000e+01,3.700000000000000000e+01,2.779809951782226562e+01
1.695890045166015625e+01,3.700000000000000000e+01,2.800000000000000000e+01
4.300000000000000000e+01,3.700000000000000000e+01,2.779809951782226562e+01
4.304109954833984375e+01,3.700000000000000000e+01,2.800000000000000000e+01
1.700000000000000000e+01,3.706940078735351562e+01,2.800000000000000000e+01
1.755109977722167969e+01,3.800000000000000000e+01,2.800000000000000000e+01
4.244889831542968750e+01,3.800000000000000000e+01,2.800000000000000000e+01
4.300000000000000000e+01,3.706940078735351562e+01,2.800000000000000000e+01
1.800000000000000000e+01,3.864910125732421875e+01,2.800000000000000000e+01
1.826199913024902344e+01,3.900000000000000000e+01,2.800000000000000000e+01
4.173799896240234375e+01,3.900000000000000000e+01,2.800000000000000000e+01
4.200000000000000000e+01,3.864910125732421875e+01,2.800000000000000000e+01
1.900000000000000000e+01,3.989350128173828125e+01,2.800000000000000000e+01
1.909700012207031250e+01,4.000000000000000000e+01,2.800000000000000000e+01
4.090299987792968750e+01,4.000000000000000000e+01,2.800000000000000000e+01
4.100000000000000000e+01,3.989350128173828125e+01,2.800000000000000000e+01
2.000000000000000000e+01,4.090299987792968750e+01,2.800000000000000000e+01
2.010650062561035156e+01,4.100000000000000000e+01,2.800000000000000000e+01
3.989350128173828125e+01,4.100000000000000000e+01,2.800000000000000000e+01
4.000000000000000000e+01,4.090299987792968750e+01,2.800000000000000000e+01
2.100000000000000000e+01,4.173799896240234375e+01,2.800000000000000000e+01
2.135090065002441406e+01,4.200000000000000000e+01,2.800000000000000000e+01
3.864910125732421875e+01,4.200000000000000000e+01,2.800000000000000000e+01
3.900000000000000000e+01,4.173799896240234375e+01,2.800000000000000000e+01
2.200000000000000000e+01,4.244889831542968750e+01,2.800000000000000000e+01
2.300000000000000000e+01,4.300000000000000000e+01,2.779809951782226562e+01
2.293059921264648438e+01,4.300000000000000000e+01,2.800000000000000000e+01
3.700000000000000000e+01,4.300000000000000000e+01,2.779809951782226562e+01
3.706940078735351562e+01,4.300000000000000000e+01,2.800000000000000000e+01
3.800000000000000000e+01,4.244889831542968750e+01,2.800000000000000000e+01
2.300000000000000000e+01,4.304109954833984375e+01,2.800000000000000000e+01
2.400000000000000000e+01,4.352500152587890625e+01,2.800000000000000000e+01
2.500000000000000000e+01,4.392279815673828125e+01,2.800000000000000000e+01
2.522080039978027344e+01,4.400000000000000000e+01,2.800000000000000000e+01
3.477920150756835938e+01,4.400000000000000000e+01,2.800000000000000000e+01
3.500000000000000000e+01,4.392279815673828125e+01,2.800000000000000000e+01
3.600000000000000000e+01,4.352500152587890625e+01,2.800000000000000000e+01
3.700000000000000000e+01,4.304109954833984375e+01,2.800000000000000000e+01
2.600000000000000000e+01,4.425690078735351562e+01,2.800000000000000000e+01
2.700000000000000000e+01,4.449140167236328125e+01,2.800000000000000000e+01
2.800000000000000000e+01,4.465489959716796875e+01,2.800000000000000000e+01
2.900000000000000000e+01,4.475439834594726562e+01,2.800000000000000000e+01
3.000000000000000000e+01,4.478810119628906250e+01,2.800000000000000000e+01
3.100000000000000000e+01,4.475439834594726562e+01,2.800000000000000000e+01
3.200000000000000000e+01,4.465489959716796875e+01,2.800000000000000000e+01
3.300000000000000000e+01,4.449140167236328125e+01,2.800000000000000000e+01
3.400000000000000000e+01,4.425690078735351562e+01,2.800000000000000000e+01
2.500000000000000000e+01,1.600000000000000000e+01,2.866370010375976562e+01
2.500000000000000000e+01,1.596109962463378906e+01,2.900000000000000000e+01
2.490649986267089844e+01,1.600000000000000000e+01,2.900000000000000000e+01
2.600000000000000000e+01,1.564089965820312500e+01,2.900000000000000000e+01
2.700000000000000000e+01,1.541059970855712891e+01,2.900000000000000000e+01
2.800000000000000000e+01,1.524559974670410156e+01,2.900000000000000000e+01
2.900000000000000000e+01,1.514330005645751953e+01,2.900000000000000000e+01
3.000000000000000000e+01,1.510830020904541016e+01,2.900000000000000000e+01
3.100000000000000000e+01,1.514330005645751953e+01,2.900000000000000000e+01
3.200000000000000000e+01,1.524559974670410156e+01,2.900000000000000000e+01
3.300000000000000000e+01,1.541059970855712891e+01,2.900000000000000000e+01
3.400000000000000000e+01,1.564089965820312500e+01,2.900000000000000000e+01
3.500000000000000000e+01,1.600000000000000000e+01,2.866370010375976562e+01
3.500000000000000000e+01,1.596109962463378906e+01,2.900000000000000000e+01
3.509349822998046875e+01,1.600000000000000000e+01,2.900000000000000000e+01
2.300000000000000000e+01,1.684020042419433594e+01,2.900000000000000000e+01
2.272739982604980469e+01,1.700000000000000000e+01,2.900000000000000000e+01
2.400000000000000000e+01,1.636890029907226562e+01,2.900000000000000000e+01
3.600000000000000000e+01,1.636890029907226562e+01,2.900000000000000000e+01
3.700000000000000000e+01,1.684020042419433594e+01,2.900000000000000000e+01
3.727259826660156250e+01,1.700000000000000000e+01,2.900000000000000000e+01
2.200000000000000000e+01,1.743549919128417969e+01,2.900000000000000000e+01
2.117700004577636719e+01,1.800000000000000000e+01,2.900000000000000000e+01
3.800000000000000000e+01,1.743549919128417969e+01,2.900000000000000000e+01
3.882300186157226562e+01,1.800000000000000000e+01,2.900000000000000000e+01
2.000000000000000000e+01,1.900000000000000000e+01,2.866519927978515625e+01
2.000000000000000000e+01,1.895299911499023438e+01,2.900000000000000000e+01
1.994899940490722656e+01,1.900000000000000000e+01,2.900000000000000000e+01
2.100000000000000000e+01,1.813299942016601562e+01,2.900000000000000000e+01
3.900000000000000000e+01,1.813299942016601562e+01,2.900000000000000000e+01
4.000000000000000000e+01,1.900000000000000000e+01,2.866519927978515625e+01
4.000000000000000000e+01,1.895299911499023438e+01,2.900000000000000000e+01
4.005099868774414062e+01,1.900000000000000000e+01,2.900000000000000000e+01
1.900000000000000000e+01,2.000000000000000000e+01,2.866519927978515625e+01
1.900000000000000000e+01,1.994899940490722656e+01,2.900000000000000000e+01
1.895299911499023438e+01,2.000000000000000000e+01,2.900000000000000000e+01
4.100000000000000000e+01,2.000000000000000000e+01,2.866519927978515625e+01
4.100000000000000000e+01,1.994899940490722656e+01,2.900000000000000000e+01
4.104700088500976562e+01,2.000000000000000000e+01,2.900000000000000000e+01
1.813299942016601562e+01,2.100000000000000000e+01,2.900000000000000000e+01
4.186700057983398438e+01,2.100000000000000000e+01,2.900000000000000000e+01
1.800000000000000000e+01,2.117700004577636719e+01,2.900000000000000000e+01
1.743549919128417969e+01,2.200000000000000000e+01,2.900000000000000000e+01
4.200000000000000000e+01,2.117700004577636719e+01,2.900000000000000000e+01
4.256449890136718750e+01,2.200000000000000000e+01,2.900000000000000000e+01
1.700000000000000000e+01,2.272739982604980469e+01,2.900000000000000000e+01
1.684020042419433594e+01,2.300000000000000000e+01,2.900000000000000000e+01
4.300000000000000000e+01,2.272739982604980469e+01,2.900000000000000000e+01
4.315980148315429688e+01,2.300000000000000000e+01,2.900000000000000000e+01
1.636890029907226562e+01,2.400000000000000000e+01,2.900000000000000000e+01
4.363109970092773438e+01,2.400000000000000000e+01,2.900000000000000000e+01
1.600000000000000000e+01,2.500000000000000000e+01,2.866370010375976562e+01
1.600000000000000000e+01,2.490649986267089844e+01,2.900000000000000000e+01
1.596109962463378906e+01,2.500000000000000000e+01,2.900000000000000000e+01
4.400000000000000000e+01,2.490649986267089844e+01,2.900000000000000000e+01
4.400000000000000000e+01,2.500000000000000000e+01,2.866370010375976562e+01
4.403889846801757812e+01,2.500000000000000000e+01,2.900000000000000000e+01
1.564089965820312500e+01,2.600000000000000000e+01,2.900000000000000000e+01
4.435910034179687500e+01,2.600000000000000000e+01,2.900000000000000000e+01
1.541059970855712891e+01,2.700000000000000000e+01,2.900000000000000000e+01
4.458940124511718750e+01,2.700000000000000000e+01,2.900000000000000000e+01
1.524559974670410156e+01,2.800000000000000000e+01,2.900000000000000000e+01
4.475439834594726562e+01,2.800000000000000000e+01,2.900000000000000000e+01
1.514330005645751953e+01,2.900000000000000000e+01,2.900000000000000000e+01
4.485670089721679688e+01,2.900000000000000000e+01,2.900000000000000000e+01
1.510830020904541016e+01,3.000000000000000000e+01,2.900000000000000000e+01
4.489170074462890625e+01,3.000000000000000000e+01,2.900000000000000000e+01
1.514330005645751953e+01,3.100000000000000000e+01,2.900000000000000000e+01
4.485670089721679688e+01,3.100000000000000000e+01,2.900000000000000000e+01
1.524559974670410156e+01,3.200000000000000000e+01,2.900000000000000000e+01
4.475439834594726562e+01,3.200000000000000000e+01,2.900000000000000000e+01
1.541059970855712891e+01,3.300000000000000000e+01,2.900000000000000000e+01
4.458940124511718750e+01,3.300000000000000000e+01,2.900000000000000000e+01
1.564089965820312500e+01,3.400000000000000000e+01,2.900000000000000000e+01
4.435910034179687500e+01,3.400000000000000000e+01,2.900000000000000000e+01
1.600000000000000000e+01,3.500000000000000000e+01,2.866370010375976562e+01
1.596109962463378906e+01,3.500000000000000000e+01,2.900000000000000000e+01
4.400000000000000000e+01,3.500000000000000000e+01,2.866370010375976562e+01
4.403889846801757812e+01,3.500000000000000000e+01,2.900000000000000000e+01
1.600000000000000000e+01,3.509349822998046875e+01,2.900000000000000000e+01
1.636890029907226562e+01,3.600000000000000000e+01,2.900000000000000000e+01
4.363109970092773438e+01,3.600000000000000000e+01,2.900000000000000000e+01
4.400000000000000000e+01,3.509349822998046875e+01,2.900000000000000000e+01
1.684020042419433594e+01,3.700000000000000000e+01,2.900000000000000000e+01
4.315980148315429688e+01,3.700000000000000000e+01,2.900000000000000000e+01
1.700000000000000000e+01,3.727259826660156250e+01,2.900000000000000000e+01
1.743549919128417969e+01,3.800000000000000000e+01,2.900000000000000000e+01
4.256449890136718750e+01,3.800000000000000000e+01,2.900000000000000000e+01
4.300000000000000000e+01,3.727259826660156250e+01,2.900000000000000000e+01
1.800000000000000000e+01,3.882300186157226562e+01,2.900000000000000000e+01
1.813299942016601562e+01,3.900000000000000000e+01,2.900000000000000000e+01
4.186700057983398438e+01,3.900000000000000000e+01,2.900000000000000000e+01
4.200000000000000000e+01,3.882300186157226562e+01,2.900000000000000000e+01
1.900000000000000000e+01,4.000000000000000000e+01,2.866519927978515625e+01
1.895299911499023438e+01,4.000000000000000000e+01,2.900000000000000000e+01
4.100000000000000000e+01,4.000000000000000000e+01,2.866519927978515625e+01
4.104700088500976562e+01,4.000000000000000000e+01,2.900000000000000000e+01
1.900000000000000000e+01,4.005099868774414062e+01,2.900000000000000000e+01
2.000000000000000000e+01,4.100000000000000000e+01,2.866519927978515625e+01
1.994899940490722656e+01,4.100000000000000000e+01,2.900000000000000000e+01
4.000000000000000000e+01,4.100000000000000000e+01,2.866519927978515625e+01
4.005099868774414062e+01,4.100000000000000000e+01,2.900000000000000000e+01
4.100000000000000000e+01,4.005099868774414062e+01,2.900000000000000000e+01
2.000000000000000000e+01,4.104700088500976562e+01,2.900000000000000000e+01
2.100000000000000000e+01,4.186700057983398438e+01,2.900000000000000000e+01
2.117700004577636719e+01,4.200000000000000000e+01,2.900000000000000000e+01
3.882300186157226562e+01,4.200000000000000000e+01,2.900000000000000000e+01
3.900000000000000000e+01,4.186700057983398438e+01,2.900000000000000000e+01
4.000000000000000000e+01,4.104700088500976562e+01,2.900000000000000000e+01
2.200000000000000000e+01,4.256449890136718750e+01,2.900000000000000000e+01
2.272739982604980469e+01,4.300000000000000000e+01,2.900000000000000000e+01
3.727259826660156250e+01,4.300000000000000000e+01,2.900000000000000000e+01
3.800000000000000000e+01,4.256449890136718750e+01,2.900000000000000000e+01
2.300000000000000000e+01,4.315980148315429688e+01,2.900000000000000000e+01
2.400000000000000000e+01,4.363109970092773438e+01,2.900000000000000000e+01
2.500000000000000000e+01,4.400000000000000000e+01,2.866370010375976562e+01
2.490649986267089844e+01,4.400000000000000000e+01,2.900000000000000000e+01
3.500000000000000000e+01,4.400000000000000000e+01,2.866370010375976562e+01
3.509349822998046875e+01,4.400000000000000000e+01,2.900000000000000000e+01
3.600000000000000000e+01,4.363109970092773438e+01,2.900000000000000000e+01
3.700000000000000000e+01,4.315980148315429688e+01,2.900000000000000000e+01
2.500000000000000000e+01,4.403889846801757812e+01,2.900000000000000000e+01
2.600000000000000000e+01,4.435910034179687500e+01,2.900000000000000000e+01
2.700000000000000000e+01,4.458940124511718750e+01,2.900000000000000000e+01
2.800000000000000000e+01,4.475439834594726562e+01,2.900000000000000000e+01
2.900000000000000000e+01,4.485670089721679688e+01,2.900000000000000000e+01
3.000000000000000000e+01,4.489170074462890625e+01,2.900000000000000000e+01
3.100000000000000000e+01,4.485670089721679688e+01,2.900000000000000000e+01
3.200000000000000000e+01,4.475439834594726562e+01,2.900000000000000000e+01
3.300000000000000000e+01,4.458940124511718750e+01,2.900000000000000000e+01
3.400000000000000000e+01,4.435910034179687500e+01,2.900000000000000000e+01
3.500000000000000000e+01,4.403889846801757812e+01,2.900000000000000000e+01
2.500000000000000000e+01,1.592310047149658203e+01,3.000000000000000000e+01
2.481439971923828125e+01,1.600000000000000000e+01,3.000000000000000000e+01
2.600000000000000000e+01,1.560750007629394531e+01,3.000000000000000000e+01
2.700000000000000000e+01,1.537790012359619141e+01,3.000000000000000000e+01
2.800000000000000000e+01,1.521189975738525391e+01,3.000000000000000000e+01
2.900000000000000000e+01,1.510830020904541016e+01,3.000000000000000000e+01
3.000000000000000000e+01,1.507279968261718750e+01,3.000000000000000000e+01
3.100000000000000000e+01,1.510830020904541016e+01,3.000000000000000000e+01
3.200000000000000000e+01,1.521189975738525391e+01,3.000000000000000000e+01
3.300000000000000000e+01,1.537790012359619141e+01,3.000000000000000000e+01
3.400000000000000000e+01,1.560750007629394531e+01,3.000000000000000000e+01
3.500000000000000000e+01,1.592310047149658203e+01,3.000000000000000000e+01
3.518560028076171875e+01,1.600000000000000000e+01,3.000000000000000000e+01
2.300000000000000000e+01,1.680200004577636719e+01,3.000000000000000000e+01
2.266069984436035156e+01,1.700000000000000000e+01,3.000000000000000000e+01
2.400000000000000000e+01,1.633340072631835938e+01,3.000000000000000000e+01
3.600000000000000000e+01,1.633340072631835938e+01,3.000000000000000000e+01
3.700000000000000000e+01,1.680200004577636719e+01,3.000000000000000000e+01
3.733929824829101562e+01,1.700000000000000000e+01,3.000000000000000000e+01
2.200000000000000000e+01,1.739710044860839844e+01,3.000000000000000000e+01
2.111840057373046875e+01,1.800000000000000000e+01,3.000000000000000000e+01
3.800000000000000000e+01,1.739710044860839844e+01,3.000000000000000000e+01
3.888159942626953125e+01,1.800000000000000000e+01,3.000000000000000000e+01
2.000000000000000000e+01,1.890679931640625000e+01,3.000000000000000000e+01
1.989900016784667969e+01,1.900000000000000000e+01,3.000000000000000000e+01
2.100000000000000000e+01,1.808919906616210938e+01,3.000000000000000000e+01
3.900000000000000000e+01,1.808919906616210938e+01,3.000000000000000000e+01
4.000000000000000000e+01,1.890679931640625000e+01,3.000000000000000000e+01
4.010100173950195312e+01,1.900000000000000000e+01,3.000000000000000000e+01
1.900000000000000000e+01,1.989900016784667969e+01,3.000000000000000000e+01
1.890679931640625000e+01,2.000000000000000000e+01,3.000000000000000000e+01
4.100000000000000000e+01,1.989900016784667969e+01,3.000000000000000000e+01
4.109320068359375000e+01,2.000000000000000000e+01,3.000000000000000000e+01
1.808919906616210938e+01,2.100000000000000000e+01,3.000000000000000000e+01
4.191080093383789062e+01,2.100000000000000000e+01,3.000000000000000000e+01
1.800000000000000000e+01,2.111840057373046875e+01,3.000000000000000000e+01
1.739710044860839844e+01,2.200000000000000000e+01,3.000000000000000000e+01
4.200000000000000000e+01,2.111840057373046875e+01,3.000000000000000000e+01
4.260290145874023438e+01,2.200000000000000000e+01,3.000000000000000000e+01
1.700000000000000000e+01,2.266069984436035156e+01,3.000000000000000000e+01
1.680200004577636719e+01,2.300000000000000000e+01,3.000000000000000000e+01
4.300000000000000000e+01,2.266069984436035156e+01,3.000000000000000000e+01
4.319800186157226562e+01,2.300000000000000000e+01,3.000000000000000000e+01
1.633340072631835938e+01,2.400000000000000000e+01,3.000000000000000000e+01
4.366659927368164062e+01,2.400000000000000000e+01,3.000000000000000000e+01
1.600000000000000000e+01,2.481439971923828125e+01,3.000000000000000000e+01
1.592310047149658203e+01,2.500000000000000000e+01,3.000000000000000000e+01
4.400000000000000000e+01,2.481439971923828125e+01,3.000000000000000000e+01
4.407690048217773438e+01,2.500000000000000000e+01,3.000000000000000000e+01
1.560750007629394531e+01,2.600000000000000000e+01,3.000000000000000000e+01
4.439250183105468750e+01,2.600000000000000000e+01,3.000000000000000000e+01
1.537790012359619141e+01,2.700000000000000000e+01,3.000000000000000000e+01
4.462210083007812500e+01,2.700000000000000000e+01,3.000000000000000000e+01
1.521189975738525391e+01,2.800000000000000000e+01,3.000000000000000000e+01
4.478810119628906250e+01,2.800000000000000000e+01,3.000000000000000000e+01
1.510830020904541016e+01,2.900000000000000000e+01,3.000000000000000000e+01
4.489170074462890625e+01,2.900000000000000000e+01,3.000000000000000000e+01
1.507279968261718750e+01,3.000000000000000000e+01,3.000000000000000000e+01
4.492720031738281250e+01,3.000000000000000000e+01,3.000000000000000000e+01
1.510830020904541016e+01,3.100000000000000000e+01,3.000000000000000000e+01
4.489170074462890625e+01,3.100000000000000000e+01,3.000000000000000000e+01
1.521189975738525391e+01,3.200000000000000000e+01,3.000000000000000000e+01
4.478810119628906250e+01,3.200000000000000000e+01,3.000000000000000000e+01
1.537790012359619141e+01,3.300000000000000000e+01,3.000000000000000000e+01
4.462210083007812500e+01,3.300000000000000000e+01,3.000000000000000000e+01
1.560750007629394531e+01,3.400000000000000000e+01,3.000000000000000000e+01
4.439250183105468750e+01,3.400000000000000000e+01,3.000000000000000000e+01
1.592310047149658203e+01,3.500000000000000000e+01,3.000000000000000000e+01
4.407690048217773438e+01,3.500000000000000000e+01,3.000000000000000000e+01
1.600000000000000000e+01,3.518560028076171875e+01,3.000000000000000000e+01
1.633340072631835938e+01,3.600000000000000000e+01,3.000000000000000000e+01
4.366659927368164062e+01,3.600000000000000000e+01,3.000000000000000000e+01
4.400000000000000000e+01,3.518560028076171875e+01,3.000000000000000000e+01
1.680200004577636719e+01,3.700000000000000000e+01,3.000000000000000000e+01
4.319800186157226562e+01,3.700000000000000000e+01,3.000000000000000000e+01
1.700000000000000000e+01,3.733929824829101562e+01,3.000000000000000000e+01
1.739710044860839844e+01,3.800000000000000000e+01,3.000000000000000000e+01
4.260290145874023438e+01,3.800000000000000000e+01,3.000000000000000000e+01
4.300000000000000000e+01,3.733929824829101562e+01,3.000000000000000000e+01
1.800000000000000000e+01,3.888159942626953125e+01,3.000000000000000000e+01
1.808919906616210938e+01,3.900000000000000000e+01,3.000000000000000000e+01
4.191080093383789062e+01,3.900000000000000000e+01,3.000000000000000000e+01
4.200000000000000000e+01,3.888159942626953125e+01,3.000000000000000000e+01
1.890679931640625000e+01,4.000000000000000000e+01,3.000000000000000000e+01
4.109320068359375000e+01,4.000000000000000000e+01,3.000000000000000000e+01
1.900000000000000000e+01,4.010100173950195312e+01,3.000000000000000000e+01
1.989900016784667969e+01,4.100000000000000000e+01,3.000000000000000000e+01
4.010100173950195312e+01,4.100000000000000000e+01,3.000000000000000000e+01
4.100000000000000000e+01,4.010100173950195312e+01,3.000000000000000000e+01
2.000000000000000000e+01,4.109320068359375000e+01,3.000000000000000000e+01
2.100000000000000000e+01,4.191080093383789062e+01,3.000000000000000000e+01
2.111840057373046875e+01,4.200000000000000000e+01,3.000000000000000000e+01
3.888159942626953125e+01,4.200000000000000000e+01,3.000000000000000000e+01
3.900000000000000000e+01,4.191080093383789062e+01,3.000000000000000000e+01
4.000000000000000000e+01,4.109320068359375000e+01,3.000000000000000000e+01
2.200000000000000000e+01,4.260290145874023438e+01,3.000000000000000000e+01
2.266069984436035156e+01,4.300000000000000000e+01,3.000000000000000000e+01
3.733929824829101562e+01,4.300000000000000000e+01,3.000000000000000000e+01
3.800000000000000000e+01,4.260290145874023438e+01,3.000000000000000000e+01
2.300000000000000000e+01,4.319800186157226562e+01,3.000000000000000000e+01
2.400000000000000000e+01,4.366659927368164062e+01,3.000000000000000000e+01
2.481439971923828125e+01,4.400000000000000000e+01,3.000000000000000000e+01
3.518560028076171875e+01,4.400000000000000000e+01,3.000000000000000000e+01
3.600000000000000000e+01,4.366659927368164062e+01,3.000000000000000000e+01
3.700000000000000000e+01,4.319800186157226562e+01,3.000000000000000000e+01
2.500000000000000000e+01,4.407690048217773438e+01,3.000000000000000000e+01
2.600000000000000000e+01,4.439250183105468750e+01,3.000000000000000000e+01
2.700000000000000000e+01,4.462210083007812500e+01,3.000000000000000000e+01
2.800000000000000000e+01,4.478810119628906250e+01,3.000000000000000000e+01
2.900000000000000000e+01,4.489170074462890625e+01,3.000000000000000000e+01
3.000000000000000000e+01,4.492720031738281250e+01,3.000000000000000000e+01
3.100000000000000000e+01,4.489170074462890625e+01,3.000000000000000000e+01
3.200000000000000000e+01,4.478810119628906250e+01,3.000000000000000000e+01
3.300000000000000000e+01,4.462210083007812500e+01,3.000000000000000000e+01
3.400000000000000000e+01,4.439250183105468750e+01,3.000000000000000000e+01
3.500000000000000000e+01,4.407690048217773438e+01,3.000000000000000000e+01
2.500000000000000000e+01,1.596109962463378906e+01,3.100000000000000000e+01
2.490649986267089844e+01,1.600000000000000000e+01,3.100000000000000000e+01
2.600000000000000000e+01,1.564089965820312500e+01,3.100000000000000000e+01
2.700000000000000000e+01,1.541059970855712891e+01,3.100000000000000000e+01
2.800000000000000000e+01,1.524559974670410156e+01,3.100000000000000000e+01
2.900000000000000000e+01,1.514330005645751953e+01,3.100000000000000000e+01
3.000000000000000000e+01,1.510830020904541016e+01,3.100000000000000000e+01
3.100000000000000000e+01,1.514330005645751953e+01,3.100000000000000000e+01
3.200000000000000000e+01,1.524559974670410156e+01,3.100000000000000000e+01
3.300000000000000000e+01,1.541059970855712891e+01,3.100000000000000000e+01
3.400000000000000000e+01,1.564089965820312500e+01,3.100000000000000000e+01
3.500000000000000000e+01,1.596109962463378906e+01,3.100000000000000000e+01
3.509349822998046875e+01,1.600000000000000000e+01,3.100000000000000000e+01
2.300000000000000000e+01,1.684020042419433594e+01,3.100000000000000000e+01
2.272739982604980469e+01,1.700000000000000000e+01,3.100000000000000000e+01
2.400000000000000000e+01,1.636890029907226562e+01,3.100000000000000000e+01
3.600000000000000000e+01,1.636890029907226562e+01,3.100000000000000000e+01
3.700000000000000000e+01,1.684020042419433594e+01,3.100000000000000000e+01
3.727259826660156250e+01,1.700000000000000000e+01,3.100000000000000000e+01
2.200000000000000000e+01,1.743549919128417969e+01,3.100000000000000000e+01
2.117700004577636719e+01,1.800000000000000000e+01,3.100000000000000000e+01
3.800000000000000000e+01,1.743549919128417969e+01,3.100000000000000000e+01
3.882300186157226562e+01,1.800000000000000000e+01,3.100000000000000000e+01
2.000000000000000000e+01,1.895299911499023438e+01,3.100000000000000000e+01
1.994899940490722656e+01,1.900000000000000000e+01,3.100000000000000000e+01
2.100000000000000000e+01,1.813299942016601562e+01,3.100000000000000000e+01
3.900000000000000000e+01,1.813299942016601562e+01,3.100000000000000000e+01
4.000000000000000000e+01,1.895299911499023438e+01,3.100000000000000000e+01
4.005099868774414062e+01,1.900000000000000000e+01,3.100000000000000000e+01
1.900000000000000000e+01,1.994899940490722656e+01,3.100000000000000000e+01
1.895299911499023438e+01,2.000000000000000000e+01,3.100000000000000000e+01
4.100000000000000000e+01,1.994899940490722656e+01,3.100000000000000000e+01
4.104700088500976562e+01,2.000000000000000000e+01,3.100000000000000000e+01
1.813299942016601562e+01,2.100000000000000000e+01,3.100000000000000000e+01
4.186700057983398438e+01,2.100000000000000000e+01,3.100000000000000000e+01
1.800000000000000000e+01,2.117700004577636719e+01,3.100000000000000000e+01
1.743549919128417969e+01,2.200000000000000000e+01,3.100000000000000000e+01
4.200000000000000000e+01,2.117700004577636719e+01,3.100000000000000000e+01
4.256449890136718750e+01,2.200000000000000000e+01,3.100000000000000000e+01
1.700000000000000000e+01,2.272739982604980469e+01,3.100000000000000000e+01
1.684020042419433594e+01,2.300000000000000000e+01,3.100000000000000000e+01
4.300000000000000000e+01,2.272739982604980469e+01,3.100000000000000000e+01
4.315980148315429688e+01,2.300000000000000000e+01,3.100000000000000000e+01
1.636890029907226562e+01,2.400000000000000000e+01,3.100000000000000000e+01
4.363109970092773438e+01,2.400000000000000000e+01,3.100000000000000000e+01
1.600000000000000000e+01,2.490649986267089844e+01,3.100000000000000000e+01
1.596109962463378906e+01,2.500000000000000000e+01,3.100000000000000000e+01
4.400000000000000000e+01,2.490649986267089844e+01,3.100000000000000000e+01
4.403889846801757812e+01,2.500000000000000000e+01,3.100000000000000000e+01
1.564089965820312500e+01,2.600000000000000000e+01,3.100000000000000000e+01
4.435910034179687500e+01,2.600000000000000000e+01,3.100000000000000000e+01
1.541059970855712891e+01,2.700000000000000000e+01,3.100000000000000000e+01
4.458940124511718750e+01,2.700000000000000000e+01,3.100000000000000000e+01
1.524559974670410156e+01,2.800000000000000000e+01,3.100000000000000000e+01
4.475439834594726562e+01,2.800000000000000000e+01,3.100000000000000000e+01
1.514330005645751953e+01,2.900000000000000000e+01,3.100000000000000000e+01
4.485670089721679688e+01,2.900000000000000000e+01,3.100000000000000000e+01
1.510830020904541016e+01,3.000000000000000000e+01,3.100000000000000000e+01
4.489170074462890625e+01,3.000000000000000000e+01,3.100000000000000000e+01
1.514330005645751953e+01,3.100000000000000000e+01,3.100000000000000000e+01
4.485670089721679688e+01,3.100000000000000000e+01,3.100000000000000000e+01
1.524559974670410156e+01,3.200000000000000000e+01,3.100000000000000000e+01
4.475439834594726562e+01,3.200000000000000000e+01,3.100000000000000000e+01
1.541059970855712891e+01,3.300000000000000000e+01,3.100000000000000000e+01
4.458940124511718750e+01,3.300000000000000000e+01,3.100000000000000000e+01
1.564089965820312500e+01,3.400000000000000000e+01,3.100000000000000000e+01
4.435910034179687500e+01,3.400000000000000000e+01,3.100000000000000000e+01
1.596109962463378906e+01,3.500000000000000000e+01,3.100000000000000000e+01
4.403889846801757812e+01,3.500000000000000000e+01,3.100000000000000000e+01
1.600000000000000000e+01,3.509349822998046875e+01,3.100000000000000000e+01
1.636890029907226562e+01,3.600000000000000000e+01,3.100000000000000000e+01
4.363109970092773438e+01,3.600000000000000000e+01,3.100000000000000000e+01
4.400000000000000000e+01,3.509349822998046875e+01,3.100000000000000000e+01
1.684020042419433594e+01,3.700000000000000000e+01,3.100000000000000000e+01
4.315980148315429688e+01,3.700000000000000000e+01,3.100000000000000000e+01
1.700000000000000000e+01,3.727259826660156250e+01,3.100000000000000000e+01
1.743549919128417969e+01,3.800000000000000000e+01,3.100000000000000000e+01
4.256449890136718750e+01,3.800000000000000000e+01,3.100000000000000000e+01
4.300000000000000000e+01,3.727259826660156250e+01,3.100000000000000000e+01
1.800000000000000000e+01,3.882300186157226562e+01,3.100000000000000000e+01
1.813299942016601562e+01,3.900000000000000000e+01,3.100000000000000000e+01
4.186700057983398438e+01,3.900000000000000000e+01,3.100000000000000000e+01
4.200000000000000000e+01,3.882300186157226562e+01,3.100000000000000000e+01
1.895299911499023438e+01,4.000000000000000000e+01,3.100000000000000000e+01
4.104700088500976562e+01,4.000000000000000000e+01,3.100000000000000000e+01
1.900000000000000000e+01,4.005099868774414062e+01,3.100000000000000000e+01
1.994899940490722656e+01,4.100000000000000000e+01,3.100000000000000000e+01
4.005099868774414062e+01,4.100000000000000000e+01,3.100000000000000000e+01
4.100000000000000000e+01,4.005099868774414062e+01,3.100000000000000000e+01
2.000000000000000000e+01,4.104700088500976562e+01,3.100000000000000000e+01
2.100000000000000000e+01,4.186700057983398438e+01,3.100000000000000000e+01
2.117700004577636719e+01,4.200000000000000000e+01,3.100000000000000000e+01
3.882300186157226562e+01,4.200000000000000000e+01,3.100000000000000000e+01
3.900000000000000000e+01,4.186700057983398438e+01,3.100000000000000000e+01
4.000000000000000000e+01,4.104700088500976562e+01,3.100000000000000000e+01
2.200000000000000000e+01,4.256449890136718750e+01,3.100000000000000000e+01
2.272739982604980469e+01,4.300000000000000000e+01,3.100000000000000000e+01
3.727259826660156250e+01,4.300000000000000000e+01,3.100000000000000000e+01
3.800000000000000000e+01,4.256449890136718750e+01,3.100000000000000000e+01
2.300000000000000000e+01,4.315980148315429688e+01,3.100000000000000000e+01
2.400000000000000000e+01,4.363109970092773438e+01,3.100000000000000000e+01
2.490649986267089844e+01,4.400000000000000000e+01,3.100000000000000000e+01
3.509349822998046875e+01,4.400000000000000000e+01,3.100000000000000000e+01
3.600000000000000000e+01,4.363109970092773438e+01,3.100000000000000000e+01
3.700000000000000000e+01,4.315980148315429688e+01,3.100000000000000000e+01
2.500000000000000000e+01,4.403889846801757812e+01,3.100000000000000000e+01
2.600000000000000000e+01,4.435910034179687500e+01,3.100000000000000000e+01
2.700000000000000000e+01,4.458940124511718750e+01,3.100000000000000000e+01
2.800000000000000000e+01,4.475439834594726562e+01,3.100000000000000000e+01
2.900000000000000000e+01,4.485670089721679688e+01,3.100000000000000000e+01
3.000000000000000000e+01,4.489170074462890625e+01,3.100000000000000000e+01
3.100000000000000000e+01,4.485670089721679688e+01,3.100000000000000000e+01
3.200000000000000000e+01,4.475439834594726562e+01,3.100000000000000000e+01
3.300000000000000000e+01,4.458940124511718750e+01,3.100000000000000000e+01
3.400000000000000000e+01,4.435910034179687500e+01,3.100000000000000000e+01
3.500000000000000000e+01,4.403889846801757812e+01,3.100000000000000000e+01
2.500000000000000000e+01,1.600000000000000000e+01,3.133629989624023438e+01
2.522080039978027344e+01,1.600000000000000000e+01,3.200000000000000000e+01
2.600000000000000000e+01,1.574310016632080078e+01,3.200000000000000000e+01
2.700000000000000000e+01,1.550860023498535156e+01,3.200000000000000000e+01
2.800000000000000000e+01,1.534510040283203125e+01,3.200000000000000000e+01
2.900000000000000000e+01,1.524559974670410156e+01,3.200000000000000000e+01
3.000000000000000000e+01,1.521189975738525391e+01,3.200000000000000000e+01
3.100000000000000000e+01,1.524559974670410156e+01,3.200000000000000000e+01
3.200000000000000000e+01,1.534510040283203125e+01,3.200000000000000000e+01
3.300000000000000000e+01,1.550860023498535156e+01,3.200000000000000000e+01
3.400000000000000000e+01,1.574310016632080078e+01,3.200000000000000000e+01
3.500000000000000000e+01,1.600000000000000000e+01,3.133629989624023438e+01
3.477920150756835938e+01,1.600000000000000000e+01,3.200000000000000000e+01
2.300000000000000000e+01,1.695890045166015625e+01,3.200000000000000000e+01
2.293059921264648438e+01,1.700000000000000000e+01,3.200000000000000000e+01
2.400000000000000000e+01,1.647500038146972656e+01,3.200000000000000000e+01
2.500000000000000000e+01,1.607719993591308594e+01,3.200000000000000000e+01
3.500000000000000000e+01,1.607719993591308594e+01,3.200000000000000000e+01
3.600000000000000000e+01,1.647500038146972656e+01,3.200000000000000000e+01
3.700000000000000000e+01,1.695890045166015625e+01,3.200000000000000000e+01
3.706940078735351562e+01,1.700000000000000000e+01,3.200000000000000000e+01
2.200000000000000000e+01,1.755109977722167969e+01,3.200000000000000000e+01
2.135090065002441406e+01,1.800000000000000000e+01,3.200000000000000000e+01
3.800000000000000000e+01,1.755109977722167969e+01,3.200000000000000000e+01
3.864910125732421875e+01,1.800000000000000000e+01,3.200000000000000000e+01
2.000000000000000000e+01,1.900000000000000000e+01,3.133480072021484375e+01
2.010650062561035156e+01,1.900000000000000000e+01,3.200000000000000000e+01
2.100000000000000000e+01,1.826199913024902344e+01,3.200000000000000000e+01
3.900000000000000000e+01,1.826199913024902344e+01,3.200000000000000000e+01
4.000000000000000000e+01,1.900000000000000000e+01,3.133480072021484375e+01
3.989350128173828125e+01,1.900000000000000000e+01,3.200000000000000000e+01
1.900000000000000000e+01,2.000000000000000000e+01,3.133480072021484375e+01
1.909700012207031250e+01,2.000000000000000000e+01,3.200000000000000000e+01
2.000000000000000000e+01,1.909700012207031250e+01,3.200000000000000000e+01
4.000000000000000000e+01,1.909700012207031250e+01,3.200000000000000000e+01
4.100000000000000000e+01,2.000000000000000000e+01,3.133480072021484375e+01
4.090299987792968750e+01,2.000000000000000000e+01,3.200000000000000000e+01
1.900000000000000000e+01,2.010650062561035156e+01,3.200000000000000000e+01
1.826199913024902344e+01,2.100000000000000000e+01,3.200000000000000000e+01
4.100000000000000000e+01,2.010650062561035156e+01,3.200000000000000000e+01
4.173799896240234375e+01,2.100000000000000000e+01,3.200000000000000000e+01
1.800000000000000000e+01,2.135090065002441406e+01,3.200000000000000000e+01
1.755109977722167969e+01,2.200000000000000000e+01,3.200000000000000000e+01
4.200000000000000000e+01,2.135090065002441406e+01,3.200000000000000000e+01
4.244889831542968750e+01,2.200000000000000000e+01,3.200000000000000000e+01
1.700000000000000000e+01,2.293059921264648438e+01,3.200000000000000000e+01
1.695890045166015625e+01,2.300000000000000000e+01,3.200000000000000000e+01
4.300000000000000000e+01,2.293059921264648438e+01,3.200000000000000000e+01
4.304109954833984375e+01,2.300000000000000000e+01,3.200000000000000000e+01
1.647500038146972656e+01,2.400000000000000000e+01,3.200000000000000000e+01
4.352500152587890625e+01,2.400000000000000000e+01,3.200000000000000000e+01
1.600000000000000000e+01,2.500000000000000000e+01,3.133629989624023438e+01
1.607719993591308594e+01,2.500000000000000000e+01,3.200000000000000000e+01
4.400000000000000000e+01,2.500000000000000000e+01,3.133629989624023438e+01
4.392279815673828125e+01,2.500000000000000000e+01,3.200000000000000000e+01
1.600000000000000000e+01,2.522080039978027344e+01,3.200000000000000000e+01
1.574310016632080078e+01,2.600000000000000000e+01,3.200000000000000000e+01
4.400000000000000000e+01,2.522080039978027344e+01,3.200000000000000000e+01
4.425690078735351562e+01,2.600000000000000000e+01,3.200000000000000000e+01
1.550860023498535156e+01,2.700000000000000000e+01,3.200000000000000000e+01
4.449140167236328125e+01,2.700000000000000000e+01,3.200000000000000000e+01
1.534510040283203125e+01,2.800000000000000000e+01,3.200000000000000000e+01
4.465489959716796875e+01,2.800000000000000000e+01,3.200000000000000000e+01
1.524559974670410156e+01,2.900000000000000000e+01,3.200000000000000000e+01
4.475439834594726562e+01,2.900000000000000000e+01,3.200000000000000000e+01
1.521189975738525391e+01,3.000000000000000000e+01,3.200000000000000000e+01
4.478810119628906250e+01,3.000000000000000000e+01,3.200000000000000000e+01
1.524559974670410156e+01,3.100000000000000000e+01,3.200000000000000000e+01
4.475439834594726562e+01,3.100000000000000000e+01,3.200000000000000000e+01
1.534510040283203125e+01,3.200000000000000000e+01,3.200000000000000000e+01
4.465489959716796875e+01,3.200000000000000000e+01,3.200000000000000000e+01
1.550860023498535156e+01,3.300000000000000000e+01,3.200000000000000000e+01
4.449140167236328125e+01,3.300000000000000000e+01,3.200000000000000000e+01
1.574310016632080078e+01,3.400000000000000000e+01,3.200000000000000000e+01
4.425690078735351562e+01,3.400000000000000000e+01,3.200000000000000000e+01
1.600000000000000000e+01,3.477920150756835938e+01,3.200000000000000000e+01
1.600000000000000000e+01,3.500000000000000000e+01,3.133629989624023438e+01
1.607719993591308594e+01,3.500000000000000000e+01,3.200000000000000000e+01
4.400000000000000000e+01,3.500000000000000000e+01,3.133629989624023438e+01
4.392279815673828125e+01,3.500000000000000000e+01,3.200000000000000000e+01
4.400000000000000000e+01,3.477920150756835938e+01,3.200000000000000000e+01
1.647500038146972656e+01,3.600000000000000000e+01,3.200000000000000000e+01
4.352500152587890625e+01,3.600000000000000000e+01,3.200000000000000000e+01
1.695890045166015625e+01,3.700000000000000000e+01,3.200000000000000000e+01
4.304109954833984375e+01,3.700000000000000000e+01,3.200000000000000000e+01
1.700000000000000000e+01,3.706940078735351562e+01,3.200000000000000000e+01
1.755109977722167969e+01,3.800000000000000000e+01,3.200000000000000000e+01
4.244889831542968750e+01,3.800000000000000000e+01,3.200000000000000000e+01
4.300000000000000000e+01,3.706940078735351562e+01,3.200000000000000000e+01
1.800000000000000000e+01,3.864910125732421875e+01,3.200000000000000000e+01
1.826199913024902344e+01,3.900000000000000000e+01,3.200000000000000000e+01
4.173799896240234375e+01,3.900000000000000000e+01,3.200000000000000000e+01
4.200000000000000000e+01,3.864910125732421875e+01,3.200000000000000000e+01
1.900000000000000000e+01,3.989350128173828125e+01,3.200000000000000000e+01
1.900000000000000000e+01,4.000000000000000000e+01,3.133480072021484375e+01
1.909700012207031250e+01,4.000000000000000000e+01,3.200000000000000000e+01
4.100000000000000000e+01,4.000000000000000000e+01,3.133480072021484375e+01
4.090299987792968750e+01,4.000000000000000000e+01,3.200000000000000000e+01
4.100000000000000000e+01,3.989350128173828125e+01,3.200000000000000000e+01
2.000000000000000000e+01,4.090299987792968750e+01,3.200000000000000000e+01
2.000000000000000000e+01,4.100000000000000000e+01,3.133480072021484375e+01
2.010650062561035156e+01,4.100000000000000000e+01,3.200000000000000000e+01
4.000000000000000000e+01,4.100000000000000000e+01,3.133480072021484375e+01
3.989350128173828125e+01,4.100000000000000000e+01,3.200000000000000000e+01
4.000000000000000000e+01,4.090299987792968750e+01,3.200000000000000000e+01
2.100000000000000000e+01,4.173799896240234375e+01,3.200000000000000000e+01
2.135090065002441406e+01,4.200000000000000000e+01,3.200000000000000000e+01
3.864910125732421875e+01,4.200000000000000000e+01,3.200000000000000000e+01
3.900000000000000000e+01,4.173799896240234375e+01,3.200000000000000000e+01
2.200000000000000000e+01,4.244889831542968750e+01,3.200000000000000000e+01
2.293059921264648438e+01,4.300000000000000000e+01,3.200000000000000000e+01
3.706940078735351562e+01,4.300000000000000000e+01,3.200000000000000000e+01
3.800000000000000000e+01,4.244889831542968750e+01,3.200000000000000000e+01
2.300000000000000000e+01,4.304109954833984375e+01,3.200000000000000000e+01
2.400000000000000000e+01,4.352500152587890625e+01,3.200000000000000000e+01
2.500000000000000000e+01,4.392279815673828125e+01,3.200000000000000000e+01
2.500000000000000000e+01,4.400000000000000000e+01,3.133629989624023438e+01
2.522080039978027344e+01,4.400000000000000000e+01,3.200000000000000000e+01
3.500000000000000000e+01,4.400000000000000000e+01,3.133629989624023438e+01
3.477920150756835938e+01,4.400000000000000000e+01,3.200000000000000000e+01
3.500000000000000000e+01,4.392279815673828125e+01,3.200000000000000000e+01
3.600000000000000000e+01,4.352500152587890625e+01,3.200000000000000000e+01
3.700000000000000000e+01,4.304109954833984375e+01,3.200000000000000000e+01
2.600000000000000000e+01,4.425690078735351562e+01,3.200000000000000000e+01
2.700000000000000000e+01,4.449140167236328125e+01,3.200000000000000000e+01
2.800000000000000000e+01,4.465489959716796875e+01,3.200000000000000000e+01
2.900000000000000000e+01,4.475439834594726562e+01,3.200000000000000000e+01
3.000000000000000000e+01,4.478810119628906250e+01,3.200000000000000000e+01
3.100000000000000000e+01,4.475439834594726562e+01,3.200000000000000000e+01
3.200000000000000000e+01,4.465489959716796875e+01,3.200000000000000000e+01
3.300000000000000000e+01,4.449140167236328125e+01,3.200000000000000000e+01
3.400000000000000000e+01,4.425690078735351562e+01,3.200000000000000000e+01
2.600000000000000000e+01,1.592310047149658203e+01,3.300000000000000000e+01
2.577440071105957031e+01,1.600000000000000000e+01,3.300000000000000000e+01
2.700000000000000000e+01,1.567459964752197266e+01,3.300000000000000000e+01
2.800000000000000000e+01,1.550860023498535156e+01,3.300000000000000000e+01
2.900000000000000000e+01,1.541059970855712891e+01,3.300000000000000000e+01
3.000000000000000000e+01,1.537790012359619141e+01,3.300000000000000000e+01
3.100000000000000000e+01,1.541059970855712891e+01,3.300000000000000000e+01
3.200000000000000000e+01,1.550860023498535156e+01,3.300000000000000000e+01
3.300000000000000000e+01,1.567459964752197266e+01,3.300000000000000000e+01
3.400000000000000000e+01,1.592310047149658203e+01,3.300000000000000000e+01
3.422560119628906250e+01,1.600000000000000000e+01,3.300000000000000000e+01
2.300000000000000000e+01,1.700000000000000000e+01,3.220190048217773438e+01
2.330610084533691406e+01,1.700000000000000000e+01,3.300000000000000000e+01
2.400000000000000000e+01,1.665360069274902344e+01,3.300000000000000000e+01
2.500000000000000000e+01,1.626189994812011719e+01,3.300000000000000000e+01
3.500000000000000000e+01,1.626189994812011719e+01,3.300000000000000000e+01
3.600000000000000000e+01,1.665360069274902344e+01,3.300000000000000000e+01
3.700000000000000000e+01,1.700000000000000000e+01,3.220190048217773438e+01
3.669390106201171875e+01,1.700000000000000000e+01,3.300000000000000000e+01
2.200000000000000000e+01,1.774790000915527344e+01,3.300000000000000000e+01
2.164030075073242188e+01,1.800000000000000000e+01,3.300000000000000000e+01
2.300000000000000000e+01,1.716329956054687500e+01,3.300000000000000000e+01
3.700000000000000000e+01,1.716329956054687500e+01,3.300000000000000000e+01
3.800000000000000000e+01,1.774790000915527344e+01,3.300000000000000000e+01
3.835969924926757812e+01,1.800000000000000000e+01,3.300000000000000000e+01
2.100000000000000000e+01,1.847270011901855469e+01,3.300000000000000000e+01
2.036619949340820312e+01,1.900000000000000000e+01,3.300000000000000000e+01
3.900000000000000000e+01,1.847270011901855469e+01,3.300000000000000000e+01
3.963380050659179688e+01,1.900000000000000000e+01,3.300000000000000000e+01
2.000000000000000000e+01,1.933219909667968750e+01,3.300000000000000000e+01
1.933219909667968750e+01,2.000000000000000000e+01,3.300000000000000000e+01
4.000000000000000000e+01,1.933219909667968750e+01,3.300000000000000000e+01
4.066780090332031250e+01,2.000000000000000000e+01,3.300000000000000000e+01
1.900000000000000000e+01,2.036619949340820312e+01,3.300000000000000000e+01
1.847270011901855469e+01,2.100000000000000000e+01,3.300000000000000000e+01
4.100000000000000000e+01,2.036619949340820312e+01,3.300000000000000000e+01
4.152730178833007812e+01,2.100000000000000000e+01,3.300000000000000000e+01
1.800000000000000000e+01,2.164030075073242188e+01,3.300000000000000000e+01
1.774790000915527344e+01,2.200000000000000000e+01,3.300000000000000000e+01
4.200000000000000000e+01,2.164030075073242188e+01,3.300000000000000000e+01
4.225210189819335938e+01,2.200000000000000000e+01,3.300000000000000000e+01
1.700000000000000000e+01,2.300000000000000000e+01,3.220190048217773438e+01
1.716329956054687500e+01,2.300000000000000000e+01,3.300000000000000000e+01
4.300000000000000000e+01,2.300000000000000000e+01,3.220190048217773438e+01
4.283670043945312500e+01,2.300000000000000000e+01,3.300000000000000000e+01
1.700000000000000000e+01,2.330610084533691406e+01,3.300000000000000000e+01
1.665360069274902344e+01,2.400000000000000000e+01,3.300000000000000000e+01
4.300000000000000000e+01,2.330610084533691406e+01,3.300000000000000000e+01
4.334640121459960938e+01,2.400000000000000000e+01,3.300000000000000000e+01
1.626189994812011719e+01,2.500000000000000000e+01,3.300000000000000000e+01
4.373809814453125000e+01,2.500000000000000000e+01,3.300000000000000000e+01
1.600000000000000000e+01,2.577440071105957031e+01,3.300000000000000000e+01
1.592310047149658203e+01,2.600000000000000000e+01,3.300000000000000000e+01
4.400000000000000000e+01,2.577440071105957031e+01,3.300000000000000000e+01
4.407690048217773438e+01,2.600000000000000000e+01,3.300000000000000000e+01
1.567459964752197266e+01,2.700000000000000000e+01,3.300000000000000000e+01
4.432540130615234375e+01,2.700000000000000000e+01,3.300000000000000000e+01
1.550860023498535156e+01,2.800000000000000000e+01,3.300000000000000000e+01
4.449140167236328125e+01,2.800000000000000000e+01,3.300000000000000000e+01
1.541059970855712891e+01,2.900000000000000000e+01,3.300000000000000000e+01
4.458940124511718750e+01,2.900000000000000000e+01,3.300000000000000000e+01
1.537790012359619141e+01,3.000000000000000000e+01,3.300000000000000000e+01
4.462210083007812500e+01,3.000000000000000000e+01,3.300000000000000000e+01
1.541059970855712891e+01,3.100000000000000000e+01,3.300000000000000000e+01
4.458940124511718750e+01,3.100000000000000000e+01,3.300000000000000000e+01
1.550860023498535156e+01,3.200000000000000000e+01,3.300000000000000000e+01
4.449140167236328125e+01,3.200000000000000000e+01,3.300000000000000000e+01
1.567459964752197266e+01,3.300000000000000000e+01,3.300000000000000000e+01
4.432540130615234375e+01,3.300000000000000000e+01,3.300000000000000000e+01
1.592310047149658203e+01,3.400000000000000000e+01,3.300000000000000000e+01
4.407690048217773438e+01,3.400000000000000000e+01,3.300000000000000000e+01
1.600000000000000000e+01,3.422560119628906250e+01,3.300000000000000000e+01
1.626189994812011719e+01,3.500000000000000000e+01,3.300000000000000000e+01
4.373809814453125000e+01,3.500000000000000000e+01,3.300000000000000000e+01
4.400000000000000000e+01,3.422560119628906250e+01,3.300000000000000000e+01
1.665360069274902344e+01,3.600000000000000000e+01,3.300000000000000000e+01
4.334640121459960938e+01,3.600000000000000000e+01,3.300000000000000000e+01
1.700000000000000000e+01,3.669390106201171875e+01,3.300000000000000000e+01
1.700000000000000000e+01,3.700000000000000000e+01,3.220190048217773438e+01
1.716329956054687500e+01,3.700000000000000000e+01,3.300000000000000000e+01
4.300000000000000000e+01,3.700000000000000000e+01,3.220190048217773438e+01
4.283670043945312500e+01,3.700000000000000000e+01,3.300000000000000000e+01
4.300000000000000000e+01,3.669390106201171875e+01,3.300000000000000000e+01
1.774790000915527344e+01,3.800000000000000000e+01,3.300000000000000000e+01
4.225210189819335938e+01,3.800000000000000000e+01,3.300000000000000000e+01
1.800000000000000000e+01,3.835969924926757812e+01,3.300000000000000000e+01
1.847270011901855469e+01,3.900000000000000000e+01,3.300000000000000000e+01
4.152730178833007812e+01,3.900000000000000000e+01,3.300000000000000000e+01
4.200000000000000000e+01,3.835969924926757812e+01,3.300000000000000000e+01
1.900000000000000000e+01,3.963380050659179688e+01,3.300000000000000000e+01
1.933219909667968750e+01,4.000000000000000000e+01,3.300000000000000000e+01
4.066780090332031250e+01,4.000000000000000000e+01,3.300000000000000000e+01
4.100000000000000000e+01,3.963380050659179688e+01,3.300000000000000000e+01
2.000000000000000000e+01,4.066780090332031250e+01,3.300000000000000000e+01
2.036619949340820312e+01,4.100000000000000000e+01,3.300000000000000000e+01
3.963380050659179688e+01,4.100000000000000000e+01,3.300000000000000000e+01
4.000000000000000000e+01,4.066780090332031250e+01,3.300000000000000000e+01
2.100000000000000000e+01,4.152730178833007812e+01,3.300000000000000000e+01
2.164030075073242188e+01,4.200000000000000000e+01,3.300000000000000000e+01
3.835969924926757812e+01,4.200000000000000000e+01,3.300000000000000000e+01
3.900000000000000000e+01,4.152730178833007812e+01,3.300000000000000000e+01
2.200000000000000000e+01,4.225210189819335938e+01,3.300000000000000000e+01
2.300000000000000000e+01,4.283670043945312500e+01,3.300000000000000000e+01
2.300000000000000000e+01,4.300000000000000000e+01,3.220190048217773438e+01
2.330610084533691406e+01,4.300000000000000000e+01,3.300000000000000000e+01
3.700000000000000000e+01,4.300000000000000000e+01,3.220190048217773438e+01
3.669390106201171875e+01,4.300000000000000000e+01,3.300000000000000000e+01
3.700000000000000000e+01,4.283670043945312500e+01,3.300000000000000000e+01
3.800000000000000000e+01,4.225210189819335938e+01,3.300000000000000000e+01
2.400000000000000000e+01,4.334640121459960938e+01,3.300000000000000000e+01
2.500000000000000000e+01,4.373809814453125000e+01,3.300000000000000000e+01
2.577440071105957031e+01,4.400000000000000000e+01,3.300000000000000000e+01
3.422560119628906250e+01,4.400000000000000000e+01,3.300000000000000000e+01
3.500000000000000000e+01,4.373809814453125000e+01,3.300000000000000000e+01
3.600000000000000000e+01,4.334640121459960938e+01,3.300000000000000000e+01
2.600000000000000000e+01,4.407690048217773438e+01,3.300000000000000000e+01
2.700000000000000000e+01,4.432540130615234375e+01,3.300000000000000000e+01
2.800000000000000000e+01,4.449140167236328125e+01,3.300000000000000000e+01
2.900000000000000000e+01,4.458940124511718750e+01,3.300000000000000000e+01
3.000000000000000000e+01,4.462210083007812500e+01,3.300000000000000000e+01
3.100000000000000000e+01,4.458940124511718750e+01,3.300000000000000000e+01
3.200000000000000000e+01,4.449140167236328125e+01,3.300000000000000000e+01
3.300000000000000000e+01,4.432540130615234375e+01,3.300000000000000000e+01
3.400000000000000000e+01,4.407690048217773438e+01,3.300000000000000000e+01
2.600000000000000000e+01,1.600000000000000000e+01,3.328870010375976562e+01
2.671129989624023438e+01,1.600000000000000000e+01,3.400000000000000000e+01
2.700000000000000000e+01,1.592310047149658203e+01,3.400000000000000000e+01
2.800000000000000000e+01,1.574310016632080078e+01,3.400000000000000000e+01
2.900000000000000000e+01,1.564089965820312500e+01,3.400000000000000000e+01
3.000000000000000000e+01,1.560750007629394531e+01,3.400000000000000000e+01
3.100000000000000000e+01,1.564089965820312500e+01,3.400000000000000000e+01
3.200000000000000000e+01,1.574310016632080078e+01,3.400000000000000000e+01
3.300000000000000000e+01,1.592310047149658203e+01,3.400000000000000000e+01
3.400000000000000000e+01,1.600000000000000000e+01,3.328870010375976562e+01
3.328870010375976562e+01,1.600000000000000000e+01,3.400000000000000000e+01
2.400000000000000000e+01,1.691860008239746094e+01,3.400000000000000000e+01
2.384219932556152344e+01,1.700000000000000000e+01,3.400000000000000000e+01
2.500000000000000000e+01,1.651040077209472656e+01,3.400000000000000000e+01
2.600000000000000000e+01,1.618919944763183594e+01,3.400000000000000000e+01
3.400000000000000000e+01,1.618919944763183594e+01,3.400000000000000000e+01
3.500000000000000000e+01,1.651040077209472656e+01,3.400000000000000000e+01
3.600000000000000000e+01,1.691860008239746094e+01,3.400000000000000000e+01
3.615779876708984375e+01,1.700000000000000000e+01,3.400000000000000000e+01
2.200000000000000000e+01,1.800000000000000000e+01,3.385779953002929688e+01
2.206699943542480469e+01,1.800000000000000000e+01,3.400000000000000000e+01
2.300000000000000000e+01,1.743549919128417969e+01,3.400000000000000000e+01
3.700000000000000000e+01,1.743549919128417969e+01,3.400000000000000000e+01
3.800000000000000000e+01,1.800000000000000000e+01,3.385779953002929688e+01
3.793299865722656250e+01,1.800000000000000000e+01,3.400000000000000000e+01
2.100000000000000000e+01,1.877219963073730469e+01,3.400000000000000000e+01
2.072870063781738281e+01,1.900000000000000000e+01,3.400000000000000000e+01
2.200000000000000000e+01,1.804490089416503906e+01,3.400000000000000000e+01
3.800000000000000000e+01,1.804490089416503906e+01,3.400000000000000000e+01
3.900000000000000000e+01,1.877219963073730469e+01,3.400000000000000000e+01
3.927130126953125000e+01,1.900000000000000000e+01,3.400000000000000000e+01
2.000000000000000000e+01,1.965760040283203125e+01,3.400000000000000000e+01
1.965760040283203125e+01,2.000000000000000000e+01,3.400000000000000000e+01
4.000000000000000000e+01,1.965760040283203125e+01,3.400000000000000000e+01
4.034239959716796875e+01,2.000000000000000000e+01,3.400000000000000000e+01
1.900000000000000000e+01,2.072870063781738281e+01,3.400000000000000000e+01
1.877219963073730469e+01,2.100000000000000000e+01,3.400000000000000000e+01
4.100000000000000000e+01,2.072870063781738281e+01,3.400000000000000000e+01
4.122779846191406250e+01,2.100000000000000000e+01,3.400000000000000000e+01
1.800000000000000000e+01,2.200000000000000000e+01,3.385779953002929688e+01
1.804490089416503906e+01,2.200000000000000000e+01,3.400000000000000000e+01
4.200000000000000000e+01,2.200000000000000000e+01,3.385779953002929688e+01
4.195510101318359375e+01,2.200000000000000000e+01,3.400000000000000000e+01
1.800000000000000000e+01,2.206699943542480469e+01,3.400000000000000000e+01
1.743549919128417969e+01,2.300000000000000000e+01,3.400000000000000000e+01
4.200000000000000000e+01,2.206699943542480469e+01,3.400000000000000000e+01
4.256449890136718750e+01,2.300000000000000000e+01,3.400000000000000000e+01
1.700000000000000000e+01,2.384219932556152344e+01,3.400000000000000000e+01
1.691860008239746094e+01,2.400000000000000000e+01,3.400000000000000000e+01
4.300000000000000000e+01,2.384219932556152344e+01,3.400000000000000000e+01
4.308129882812500000e+01,2.400000000000000000e+01,3.400000000000000000e+01
1.651040077209472656e+01,2.500000000000000000e+01,3.400000000000000000e+01
4.348960113525390625e+01,2.500000000000000000e+01,3.400000000000000000e+01
1.600000000000000000e+01,2.600000000000000000e+01,3.328870010375976562e+01
1.618919944763183594e+01,2.600000000000000000e+01,3.400000000000000000e+01
4.400000000000000000e+01,2.600000000000000000e+01,3.328870010375976562e+01
4.381079864501953125e+01,2.600000000000000000e+01,3.400000000000000000e+01
1.600000000000000000e+01,2.671129989624023438e+01,3.400000000000000000e+01
1.592310047149658203e+01,2.700000000000000000e+01,3.400000000000000000e+01
4.400000000000000000e+01,2.671129989624023438e+01,3.400000000000000000e+01
4.407690048217773438e+01,2.700000000000000000e+01,3.400000000000000000e+01
1.574310016632080078e+01,2.800000000000000000e+01,3.400000000000000000e+01
4.425690078735351562e+01,2.800000000000000000e+01,3.400000000000000000e+01
1.564089965820312500e+01,2.900000000000000000e+01,3.400000000000000000e+01
4.435910034179687500e+01,2.900000000000000000e+01,3.400000000000000000e+01
1.560750007629394531e+01,3.000000000000000000e+01,3.400000000000000000e+01
4.439250183105468750e+01,3.000000000000000000e+01,3.400000000000000000e+01
1.564089965820312500e+01,3.100000000000000000e+01,3.400000000000000000e+01
4.435910034179687500e+01,3.100000000000000000e+01,3.400000000000000000e+01
1.574310016632080078e+01,3.200000000000000000e+01,3.400000000000000000e+01
4.425690078735351562e+01,3.200000000000000000e+01,3.400000000000000000e+01
1.592310047149658203e+01,3.300000000000000000e+01,3.400000000000000000e+01
4.407690048217773438e+01,3.300000000000000000e+01,3.400000000000000000e+01
1.600000000000000000e+01,3.328870010375976562e+01,3.400000000000000000e+01
1.600000000000000000e+01,3.400000000000000000e+01,3.328870010375976562e+01
1.618919944763183594e+01,3.400000000000000000e+01,3.400000000000000000e+01
4.400000000000000000e+01,3.400000000000000000e+01,3.328870010375976562e+01
4.381079864501953125e+01,3.400000000000000000e+01,3.400000000000000000e+01
4.400000000000000000e+01,3.328870010375976562e+01,3.400000000000000000e+01
1.651040077209472656e+01,3.500000000000000000e+01,3.400000000000000000e+01
4.348960113525390625e+01,3.500000000000000000e+01,3.400000000000000000e+01
1.691860008239746094e+01,3.600000000000000000e+01,3.400000000000000000e+01
4.308129882812500000e+01,3.600000000000000000e+01,3.400000000000000000e+01
1.700000000000000000e+01,3.615779876708984375e+01,3.400000000000000000e+01
1.743549919128417969e+01,3.700000000000000000e+01,3.400000000000000000e+01
4.256449890136718750e+01,3.700000000000000000e+01,3.400000000000000000e+01
4.300000000000000000e+01,3.615779876708984375e+01,3.400000000000000000e+01
1.800000000000000000e+01,3.793299865722656250e+01,3.400000000000000000e+01
1.800000000000000000e+01,3.800000000000000000e+01,3.385779953002929688e+01
1.804490089416503906e+01,3.800000000000000000e+01,3.400000000000000000e+01
4.200000000000000000e+01,3.800000000000000000e+01,3.385779953002929688e+01
4.195510101318359375e+01,3.800000000000000000e+01,3.400000000000000000e+01
4.200000000000000000e+01,3.793299865722656250e+01,3.400000000000000000e+01
1.877219963073730469e+01,3.900000000000000000e+01,3.400000000000000000e+01
4.122779846191406250e+01,3.900000000000000000e+01,3.400000000000000000e+01
1.900000000000000000e+01,3.927130126953125000e+01,3.400000000000000000e+01
1.965760040283203125e+01,4.000000000000000000e+01,3.400000000000000000e+01
4.034239959716796875e+01,4.000000000000000000e+01,3.400000000000000000e+01
4.100000000000000000e+01,3.927130126953125000e+01,3.400000000000000000e+01
2.000000000000000000e+01,4.034239959716796875e+01,3.400000000000000000e+01
2.072870063781738281e+01,4.100000000000000000e+01,3.400000000000000000e+01
3.927130126953125000e+01,4.100000000000000000e+01,3.400000000000000000e+01
4.000000000000000000e+01,4.034239959716796875e+01,3.400000000000000000e+01
2.100000000000000000e+01,4.122779846191406250e+01,3.400000000000000000e+01
2.200000000000000000e+01,4.195510101318359375e+01,3.400000000000000000e+01
2.200000000000000000e+01,4.200000000000000000e+01,3.385779953002929688e+01
2.206699943542480469e+01,4.200000000000000000e+01,3.400000000000000000e+01
3.800000000000000000e+01,4.200000000000000000e+01,3.385779953002929688e+01
3.793299865722656250e+01,4.200000000000000000e+01,3.400000000000000000e+01
3.800000000000000000e+01,4.195510101318359375e+01,3.400000000000000000e+01
3.900000000000000000e+01,4.122779846191406250e+01,3.400000000000000000e+01
2.300000000000000000e+01,4.256449890136718750e+01,3.400000000000000000e+01
2.384219932556152344e+01,4.300000000000000000e+01,3.400000000000000000e+01
3.615779876708984375e+01,4.300000000000000000e+01,3.400000000000000000e+01
3.700000000000000000e+01,4.256449890136718750e+01,3.400000000000000000e+01
2.400000000000000000e+01,4.308129882812500000e+01,3.400000000000000000e+01
2.500000000000000000e+01,4.348960113525390625e+01,3.400000000000000000e+01
2.600000000000000000e+01,4.381079864501953125e+01,3.400000000000000000e+01
2.600000000000000000e+01,4.400000000000000000e+01,3.328870010375976562e+01
2.671129989624023438e+01,4.400000000000000000e+01,3.400000000000000000e+01
3.400000000000000000e+01,4.400000000000000000e+01,3.328870010375976562e+01
3.328870010375976562e+01,4.400000000000000000e+01,3.400000000000000000e+01
3.400000000000000000e+01,4.381079864501953125e+01,3.400000000000000000e+01
3.500000000000000000e+01,4.348960113525390625e+01,3.400000000000000000e+01
3.600000000000000000e+01,4.308129882812500000e+01,3.400000000000000000e+01
2.700000000000000000e+01,4.407690048217773438e+01,3.400000000000000000e+01
2.800000000000000000e+01,4.425690078735351562e+01,3.400000000000000000e+01
2.900000000000000000e+01,4.435910034179687500e+01,3.400000000000000000e+01
3.000000000000000000e+01,4.439250183105468750e+01,3.400000000000000000e+01
3.100000000000000000e+01,4.435910034179687500e+01,3.400000000000000000e+01
3.200000000000000000e+01,4.425690078735351562e+01,3.400000000000000000e+01
3.300000000000000000e+01,4.407690048217773438e+01,3.400000000000000000e+01
2.700000000000000000e+01,1.600000000000000000e+01,3.422560119628906250e+01
2.800000000000000000e+01,1.600000000000000000e+01,3.477920150756835938e+01
2.866370010375976562e+01,1.600000000000000000e+01,3.500000000000000000e+01
2.900000000000000000e+01,1.596109962463378906e+01,3.500000000000000000e+01
3.000000000000000000e+01,1.592310047149658203e+01,3.500000000000000000e+01
3.100000000000000000e+01,1.596109962463378906e+01,3.500000000000000000e+01
3.200000000000000000e+01,1.600000000000000000e+01,3.477920150756835938e+01
3.133629989624023438e+01,1.600000000000000000e+01,3.500000000000000000e+01
3.300000000000000000e+01,1.600000000000000000e+01,3.422560119628906250e+01
2.400000000000000000e+01,1.700000000000000000e+01,3.422520065307617188e+01
2.463229942321777344e+01,1.700000000000000000e+01,3.500000000000000000e+01
2.500000000000000000e+01,1.684029960632324219e+01,3.500000000000000000e+01
2.600000000000000000e+01,1.651040077209472656e+01,3.500000000000000000e+01
2.700000000000000000e+01,1.626189994812011719e+01,3.500000000000000000e+01
2.800000000000000000e+01,1.607719993591308594e+01,3.500000000000000000e+01
3.200000000000000000e+01,1.607719993591308594e+01,3.500000000000000000e+01
3.300000000000000000e+01,1.626189994812011719e+01,3.500000000000000000e+01
3.400000000000000000e+01,1.651040077209472656e+01,3.500000000000000000e+01
3.500000000000000000e+01,1.684029960632324219e+01,3.500000000000000000e+01
3.600000000000000000e+01,1.700000000000000000e+01,3.422520065307617188e+01
3.536769866943359375e+01,1.700000000000000000e+01,3.500000000000000000e+01
2.300000000000000000e+01,1.778840065002441406e+01,3.500000000000000000e+01
2.266090011596679688e+01,1.800000000000000000e+01,3.500000000000000000e+01
2.400000000000000000e+01,1.728129959106445312e+01,3.500000000000000000e+01
3.600000000000000000e+01,1.728129959106445312e+01,3.500000000000000000e+01
3.700000000000000000e+01,1.778840065002441406e+01,3.500000000000000000e+01
3.733909988403320312e+01,1.800000000000000000e+01,3.500000000000000000e+01
2.100000000000000000e+01,1.900000000000000000e+01,3.455780029296875000e+01
2.123530006408691406e+01,1.900000000000000000e+01,3.500000000000000000e+01
2.200000000000000000e+01,1.843070030212402344e+01,3.500000000000000000e+01
3.800000000000000000e+01,1.843070030212402344e+01,3.500000000000000000e+01
3.900000000000000000e+01,1.900000000000000000e+01,3.455780029296875000e+01
3.876470184326171875e+01,1.900000000000000000e+01,3.500000000000000000e+01
2.000000000000000000e+01,2.000000000000000000e+01,3.477859878540039062e+01
2.010659980773925781e+01,2.000000000000000000e+01,3.500000000000000000e+01
2.100000000000000000e+01,1.919210052490234375e+01,3.500000000000000000e+01
3.900000000000000000e+01,1.919210052490234375e+01,3.500000000000000000e+01
4.000000000000000000e+01,2.000000000000000000e+01,3.477859878540039062e+01
3.989339828491210938e+01,2.000000000000000000e+01,3.500000000000000000e+01
1.900000000000000000e+01,2.100000000000000000e+01,3.455780029296875000e+01
1.919210052490234375e+01,2.100000000000000000e+01,3.500000000000000000e+01
2.000000000000000000e+01,2.010659980773925781e+01,3.500000000000000000e+01
4.000000000000000000e+01,2.010659980773925781e+01,3.500000000000000000e+01
4.100000000000000000e+01,2.100000000000000000e+01,3.455780029296875000e+01
4.080789947509765625e+01,2.100000000000000000e+01,3.500000000000000000e+01
1.900000000000000000e+01,2.123530006408691406e+01,3.500000000000000000e+01
1.843070030212402344e+01,2.200000000000000000e+01,3.500000000000000000e+01
4.100000000000000000e+01,2.123530006408691406e+01,3.500000000000000000e+01
4.156930160522460938e+01,2.200000000000000000e+01,3.500000000000000000e+01
1.800000000000000000e+01,2.266090011596679688e+01,3.500000000000000000e+01
1.778840065002441406e+01,2.300000000000000000e+01,3.500000000000000000e+01
4.200000000000000000e+01,2.266090011596679688e+01,3.500000000000000000e+01
4.221160125732421875e+01,2.300000000000000000e+01,3.500000000000000000e+01
1.700000000000000000e+01,2.400000000000000000e+01,3.422520065307617188e+01
1.728129959106445312e+01,2.400000000000000000e+01,3.500000000000000000e+01
4.300000000000000000e+01,2.400000000000000000e+01,3.422520065307617188e+01
4.271870040893554688e+01,2.400000000000000000e+01,3.500000000000000000e+01
1.700000000000000000e+01,2.463229942321777344e+01,3.500000000000000000e+01
1.684029960632324219e+01,2.500000000000000000e+01,3.500000000000000000e+01
4.300000000000000000e+01,2.463229942321777344e+01,3.500000000000000000e+01
4.315969848632812500e+01,2.500000000000000000e+01,3.500000000000000000e+01
1.651040077209472656e+01,2.600000000000000000e+01,3.500000000000000000e+01
4.348960113525390625e+01,2.600000000000000000e+01,3.500000000000000000e+01
1.600000000000000000e+01,2.700000000000000000e+01,3.422560119628906250e+01
1.626189994812011719e+01,2.700000000000000000e+01,3.500000000000000000e+01
4.400000000000000000e+01,2.700000000000000000e+01,3.422560119628906250e+01
4.373809814453125000e+01,2.700000000000000000e+01,3.500000000000000000e+01
1.600000000000000000e+01,2.800000000000000000e+01,3.477920150756835938e+01
1.607719993591308594e+01,2.800000000000000000e+01,3.500000000000000000e+01
4.400000000000000000e+01,2.800000000000000000e+01,3.477920150756835938e+01
4.392279815673828125e+01,2.800000000000000000e+01,3.500000000000000000e+01
1.600000000000000000e+01,2.866370010375976562e+01,3.500000000000000000e+01
1.596109962463378906e+01,2.900000000000000000e+01,3.500000000000000000e+01
4.400000000000000000e+01,2.866370010375976562e+01,3.500000000000000000e+01
4.403889846801757812e+01,2.900000000000000000e+01,3.500000000000000000e+01
1.592310047149658203e+01,3.000000000000000000e+01,3.500000000000000000e+01
4.407690048217773438e+01,3.000000000000000000e+01,3.500000000000000000e+01
1.596109962463378906e+01,3.100000000000000000e+01,3.500000000000000000e+01
4.403889846801757812e+01,3.100000000000000000e+01,3.500000000000000000e+01
1.600000000000000000e+01,3.133629989624023438e+01,3.500000000000000000e+01
1.600000000000000000e+01,3.200000000000000000e+01,3.477920150756835938e+01
1.607719993591308594e+01,3.200000000000000000e+01,3.500000000000000000e+01
4.400000000000000000e+01,3.200000000000000000e+01,3.477920150756835938e+01
4.392279815673828125e+01,3.200000000000000000e+01,3.500000000000000000e+01
4.400000000000000000e+01,3.133629989624023438e+01,3.500000000000000000e+01
1.600000000000000000e+01,3.300000000000000000e+01,3.422560119628906250e+01
1.626189994812011719e+01,3.300000000000000000e+01,3.500000000000000000e+01
4.400000000000000000e+01,3.300000000000000000e+01,3.422560119628906250e+01
4.373809814453125000e+01,3.300000000000000000e+01,3.500000000000000000e+01
1.651040077209472656e+01,3.400000000000000000e+01,3.500000000000000000e+01
4.348960113525390625e+01,3.400000000000000000e+01,3.500000000000000000e+01
1.684029960632324219e+01,3.500000000000000000e+01,3.500000000000000000e+01
4.315969848632812500e+01,3.500000000000000000e+01,3.500000000000000000e+01
1.700000000000000000e+01,3.536769866943359375e+01,3.500000000000000000e+01
1.700000000000000000e+01,3.600000000000000000e+01,3.422520065307617188e+01
1.728129959106445312e+01,3.600000000000000000e+01,3.500000000000000000e+01
4.300000000000000000e+01,3.600000000000000000e+01,3.422520065307617188e+01
4.271870040893554688e+01,3.600000000000000000e+01,3.500000000000000000e+01
4.300000000000000000e+01,3.536769866943359375e+01,3.500000000000000000e+01
1.778840065002441406e+01,3.700000000000000000e+01,3.500000000000000000e+01
4.221160125732421875e+01,3.700000000000000000e+01,3.500000000000000000e+01
1.800000000000000000e+01,3.733909988403320312e+01,3.500000000000000000e+01
1.843070030212402344e+01,3.800000000000000000e+01,3.500000000000000000e+01
4.156930160522460938e+01,3.800000000000000000e+01,3.500000000000000000e+01
4.200000000000000000e+01,3.733909988403320312e+01,3.500000000000000000e+01
1.900000000000000000e+01,3.876470184326171875e+01,3.500000000000000000e+01
1.900000000000000000e+01,3.900000000000000000e+01,3.455780029296875000e+01
1.919210052490234375e+01,3.900000000000000000e+01,3.500000000000000000e+01
4.100000000000000000e+01,3.900000000000000000e+01,3.455780029296875000e+01
4.080789947509765625e+01,3.900000000000000000e+01,3.500000000000000000e+01
4.100000000000000000e+01,3.876470184326171875e+01,3.500000000000000000e+01
2.000000000000000000e+01,3.989339828491210938e+01,3.500000000000000000e+01
2.000000000000000000e+01,4.000000000000000000e+01,3.477859878540039062e+01
2.010659980773925781e+01,4.000000000000000000e+01,3.500000000000000000e+01
4.000000000000000000e+01,4.000000000000000000e+01,3.477859878540039062e+01
3.989339828491210938e+01,4.000000000000000000e+01,3.500000000000000000e+01
4.000000000000000000e+01,3.989339828491210938e+01,3.500000000000000000e+01
2.100000000000000000e+01,4.080789947509765625e+01,3.500000000000000000e+01
2.100000000000000000e+01,4.100000000000000000e+01,3.455780029296875000e+01
2.123530006408691406e+01,4.100000000000000000e+01,3.500000000000000000e+01
3.900000000000000000e+01,4.100000000000000000e+01,3.455780029296875000e+01
3.876470184326171875e+01,4.100000000000000000e+01,3.500000000000000000e+01
3.900000000000000000e+01,4.080789947509765625e+01,3.500000000000000000e+01
2.200000000000000000e+01,4.156930160522460938e+01,3.500000000000000000e+01
2.266090011596679688e+01,4.200000000000000000e+01,3.500000000000000000e+01
3.733909988403320312e+01,4.200000000000000000e+01,3.500000000000000000e+01
3.800000000000000000e+01,4.156930160522460938e+01,3.500000000000000000e+01
2.300000000000000000e+01,4.221160125732421875e+01,3.500000000000000000e+01
2.400000000000000000e+01,4.271870040893554688e+01,3.500000000000000000e+01
2.400000000000000000e+01,4.300000000000000000e+01,3.422520065307617188e+01
2.463229942321777344e+01,4.300000000000000000e+01,3.500000000000000000e+01
3.600000000000000000e+01,4.300000000000000000e+01,3.422520065307617188e+01
3.536769866943359375e+01,4.300000000000000000e+01,3.500000000000000000e+01
3.600000000000000000e+01,4.271870040893554688e+01,3.500000000000000000e+01
3.700000000000000000e+01,4.221160125732421875e+01,3.500000000000000000e+01
2.500000000000000000e+01,4.315969848632812500e+01,3.500000000000000000e+01
2.600000000000000000e+01,4.348960113525390625e+01,3.500000000000000000e+01
2.700000000000000000e+01,4.373809814453125000e+01,3.500000000000000000e+01
2.700000000000000000e+01,4.400000000000000000e+01,3.422560119628906250e+01
2.800000000000000000e+01,4.392279815673828125e+01,3.500000000000000000e+01
2.800000000000000000e+01,4.400000000000000000e+01,3.477920150756835938e+01
2.866370010375976562e+01,4.400000000000000000e+01,3.500000000000000000e+01
3.200000000000000000e+01,4.400000000000000000e+01,3.477920150756835938e+01
3.133629989624023438e+01,4.400000000000000000e+01,3.500000000000000000e+01
3.200000000000000000e+01,4.392279815673828125e+01,3.500000000000000000e+01
3.300000000000000000e+01,4.373809814453125000e+01,3.500000000000000000e+01
3.300000000000000000e+01,4.400000000000000000e+01,3.422560119628906250e+01
3.400000000000000000e+01,4.348960113525390625e+01,3.500000000000000000e+01
3.500000000000000000e+01,4.315969848632812500e+01,3.500000000000000000e+01
2.900000000000000000e+01,4.403889846801757812e+01,3.500000000000000000e+01
3.000000000000000000e+01,4.407690048217773438e+01,3.500000000000000000e+01
3.100000000000000000e+01,4.403889846801757812e+01,3.500000000000000000e+01
2.900000000000000000e+01,1.600000000000000000e+01,3.509349822998046875e+01
3.000000000000000000e+01,1.600000000000000000e+01,3.518560028076171875e+01
3.100000000000000000e+01,1.600000000000000000e+01,3.509349822998046875e+01
2.500000000000000000e+01,1.700000000000000000e+01,3.536769866943359375e+01
2.577479934692382812e+01,1.700000000000000000e+01,3.600000000000000000e+01
2.600000000000000000e+01,1.691860008239746094e+01,3.600000000000000000e+01
2.700000000000000000e+01,1.665360069274902344e+01,3.600000000000000000e+01
2.800000000000000000e+01,1.647500038146972656e+01,3.600000000000000000e+01
2.900000000000000000e+01,1.636890029907226562e+01,3.600000000000000000e+01
3.000000000000000000e+01,1.633340072631835938e+01,3.600000000000000000e+01
3.100000000000000000e+01,1.636890029907226562e+01,3.600000000000000000e+01
3.200000000000000000e+01,1.647500038146972656e+01,3.600000000000000000e+01
3.300000000000000000e+01,1.665360069274902344e+01,3.600000000000000000e+01
3.400000000000000000e+01,1.691860008239746094e+01,3.600000000000000000e+01
3.500000000000000000e+01,1.700000000000000000e+01,3.536769866943359375e+01
3.422520065307617188e+01,1.700000000000000000e+01,3.600000000000000000e+01
2.300000000000000000e+01,1.800000000000000000e+01,3.545800018310546875e+01
2.345829963684082031e+01,1.800000000000000000e+01,3.600000000000000000e+01
2.400000000000000000e+01,1.770779991149902344e+01,3.600000000000000000e+01
2.500000000000000000e+01,1.728129959106445312e+01,3.600000000000000000e+01
3.500000000000000000e+01,1.728129959106445312e+01,3.600000000000000000e+01
3.600000000000000000e+01,1.770779991149902344e+01,3.600000000000000000e+01
3.700000000000000000e+01,1.800000000000000000e+01,3.545800018310546875e+01
3.654169845581054688e+01,1.800000000000000000e+01,3.600000000000000000e+01
2.200000000000000000e+01,1.890679931640625000e+01,3.600000000000000000e+01
2.187759971618652344e+01,1.900000000000000000e+01,3.600000000000000000e+01
2.300000000000000000e+01,1.826199913024902344e+01,3.600000000000000000e+01
3.700000000000000000e+01,1.826199913024902344e+01,3.600000000000000000e+01
3.800000000000000000e+01,1.890679931640625000e+01,3.600000000000000000e+01
3.812239837646484375e+01,1.900000000000000000e+01,3.600000000000000000e+01
2.100000000000000000e+01,1.970490074157714844e+01,3.600000000000000000e+01
2.067620086669921875e+01,2.000000000000000000e+01,3.600000000000000000e+01
3.900000000000000000e+01,1.970490074157714844e+01,3.600000000000000000e+01
3.932379913330078125e+01,2.000000000000000000e+01,3.600000000000000000e+01
2.000000000000000000e+01,2.067620086669921875e+01,3.600000000000000000e+01
1.970490074157714844e+01,2.100000000000000000e+01,3.600000000000000000e+01
4.000000000000000000e+01,2.067620086669921875e+01,3.600000000000000000e+01
4.029510116577148438e+01,2.100000000000000000e+01,3.600000000000000000e+01
1.900000000000000000e+01,2.187759971618652344e+01,3.600000000000000000e+01
1.890679931640625000e+01,2.200000000000000000e+01,3.600000000000000000e+01
4.100000000000000000e+01,2.187759971618652344e+01,3.600000000000000000e+01
4.109320068359375000e+01,2.200000000000000000e+01,3.600000000000000000e+01
1.800000000000000000e+01,2.300000000000000000e+01,3.545800018310546875e+01
1.826199913024902344e+01,2.300000000000000000e+01,3.600000000000000000e+01
4.200000000000000000e+01,2.300000000000000000e+01,3.545800018310546875e+01
4.173799896240234375e+01,2.300000000000000000e+01,3.600000000000000000e+01
1.800000000000000000e+01,2.345829963684082031e+01,3.600000000000000000e+01
1.770779991149902344e+01,2.400000000000000000e+01,3.600000000000000000e+01
4.200000000000000000e+01,2.345829963684082031e+01,3.600000000000000000e+01
4.229219818115234375e+01,2.400000000000000000e+01,3.600000000000000000e+01
1.700000000000000000e+01,2.500000000000000000e+01,3.536769866943359375e+01
1.728129959106445312e+01,2.500000000000000000e+01,3.600000000000000000e+01
4.300000000000000000e+01,2.500000000000000000e+01,3.536769866943359375e+01
4.271870040893554688e+01,2.500000000000000000e+01,3.600000000000000000e+01
1.700000000000000000e+01,2.577479934692382812e+01,3.600000000000000000e+01
1.691860008239746094e+01,2.600000000000000000e+01,3.600000000000000000e+01
4.300000000000000000e+01,2.577479934692382812e+01,3.600000000000000000e+01
4.308129882812500000e+01,2.600000000000000000e+01,3.600000000000000000e+01
1.665360069274902344e+01,2.700000000000000000e+01,3.600000000000000000e+01
4.334640121459960938e+01,2.700000000000000000e+01,3.600000000000000000e+01
1.647500038146972656e+01,2.800000000000000000e+01,3.600000000000000000e+01
4.352500152587890625e+01,2.800000000000000000e+01,3.600000000000000000e+01
1.600000000000000000e+01,2.900000000000000000e+01,3.509349822998046875e+01
1.636890029907226562e+01,2.900000000000000000e+01,3.600000000000000000e+01
4.400000000000000000e+01,2.900000000000000000e+01,3.509349822998046875e+01
4.363109970092773438e+01,2.900000000000000000e+01,3.600000000000000000e+01
1.600000000000000000e+01,3.000000000000000000e+01,3.518560028076171875e+01
1.633340072631835938e+01,3.000000000000000000e+01,3.600000000000000000e+01
4.400000000000000000e+01,3.000000000000000000e+01,3.518560028076171875e+01
4.366659927368164062e+01,3.000000000000000000e+01,3.600000000000000000e+01
1.600000000000000000e+01,3.100000000000000000e+01,3.509349822998046875e+01
1.636890029907226562e+01,3.100000000000000000e+01,3.600000000000000000e+01
4.400000000000000000e+01,3.100000000000000000e+01,3.509349822998046875e+01
4.363109970092773438e+01,3.100000000000000000e+01,3.600000000000000000e+01
1.647500038146972656e+01,3.200000000000000000e+01,3.600000000000000000e+01
4.352500152587890625e+01,3.200000000000000000e+01,3.600000000000000000e+01
1.665360069274902344e+01,3.300000000000000000e+01,3.600000000000000000e+01
4.334640121459960938e+01,3.300000000000000000e+01,3.600000000000000000e+01
1.691860008239746094e+01,3.400000000000000000e+01,3.600000000000000000e+01
4.308129882812500000e+01,3.400000000000000000e+01,3.600000000000000000e+01
1.700000000000000000e+01,3.422520065307617188e+01,3.600000000000000000e+01
1.700000000000000000e+01,3.500000000000000000e+01,3.536769866943359375e+01
1.728129959106445312e+01,3.500000000000000000e+01,3.600000000000000000e+01
4.300000000000000000e+01,3.500000000000000000e+01,3.536769866943359375e+01
4.271870040893554688e+01,3.500000000000000000e+01,3.600000000000000000e+01
4.300000000000000000e+01,3.422520065307617188e+01,3.600000000000000000e+01
1.770779991149902344e+01,3.600000000000000000e+01,3.600000000000000000e+01
4.229219818115234375e+01,3.600000000000000000e+01,3.600000000000000000e+01
1.800000000000000000e+01,3.654169845581054688e+01,3.600000000000000000e+01
1.800000000000000000e+01,3.700000000000000000e+01,3.545800018310546875e+01
1.826199913024902344e+01,3.700000000000000000e+01,3.600000000000000000e+01
4.200000000000000000e+01,3.700000000000000000e+01,3.545800018310546875e+01
4.173799896240234375e+01,3.700000000000000000e+01,3.600000000000000000e+01
4.200000000000000000e+01,3.654169845581054688e+01,3.600000000000000000e+01
1.890679931640625000e+01,3.800000000000000000e+01,3.600000000000000000e+01
4.109320068359375000e+01,3.800000000000000000e+01,3.600000000000000000e+01
1.900000000000000000e+01,3.812239837646484375e+01,3.600000000000000000e+01
1.970490074157714844e+01,3.900000000000000000e+01,3.600000000000000000e+01
4.029510116577148438e+01,3.900000000000000000e+01,3.600000000000000000e+01
4.100000000000000000e+01,3.812239837646484375e+01,3.600000000000000000e+01
2.000000000000000000e+01,3.932379913330078125e+01,3.600000000000000000e+01
2.067620086669921875e+01,4.000000000000000000e+01,3.600000000000000000e+01
3.932379913330078125e+01,4.000000000000000000e+01,3.600000000000000000e+01
4.000000000000000000e+01,3.932379913330078125e+01,3.600000000000000000e+01
2.100000000000000000e+01,4.029510116577148438e+01,3.600000000000000000e+01
2.187759971618652344e+01,4.100000000000000000e+01,3.600000000000000000e+01
3.812239837646484375e+01,4.100000000000000000e+01,3.600000000000000000e+01
3.900000000000000000e+01,4.029510116577148438e+01,3.600000000000000000e+01
2.200000000000000000e+01,4.109320068359375000e+01,3.600000000000000000e+01
2.300000000000000000e+01,4.173799896240234375e+01,3.600000000000000000e+01
2.300000000000000000e+01,4.200000000000000000e+01,3.545800018310546875e+01
2.345829963684082031e+01,4.200000000000000000e+01,3.600000000000000000e+01
3.700000000000000000e+01,4.200000000000000000e+01,3.545800018310546875e+01
3.654169845581054688e+01,4.200000000000000000e+01,3.600000000000000000e+01
3.700000000000000000e+01,4.173799896240234375e+01,3.600000000000000000e+01
3.800000000000000000e+01,4.109320068359375000e+01,3.600000000000000000e+01
2.400000000000000000e+01,4.229219818115234375e+01,3.600000000000000000e+01
2.500000000000000000e+01,4.271870040893554688e+01,3.600000000000000000e+01
2.500000000000000000e+01,4.300000000000000000e+01,3.536769866943359375e+01
2.577479934692382812e+01,4.300000000000000000e+01,3.600000000000000000e+01
3.500000000000000000e+01,4.300000000000000000e+01,3.536769866943359375e+01
3.422520065307617188e+01,4.300000000000000000e+01,3.600000000000000000e+01
3.500000000000000000e+01,4.271870040893554688e+01,3.600000000000000000e+01
3.600000000000000000e+01,4.229219818115234375e+01,3.600000000000000000e+01
2.600000000000000000e+01,4.308129882812500000e+01,3.600000000000000000e+01
2.700000000000000000e+01,4.334640121459960938e+01,3.600000000000000000e+01
2.800000000000000000e+01,4.352500152587890625e+01,3.600000000000000000e+01
2.900000000000000000e+01,4.363109970092773438e+01,3.600000000000000000e+01
2.900000000000000000e+01,4.400000000000000000e+01,3.509349822998046875e+01
3.000000000000000000e+01,4.366659927368164062e+01,3.600000000000000000e+01
3.000000000000000000e+01,4.400000000000000000e+01,3.518560028076171875e+01
3.100000000000000000e+01,4.363109970092773438e+01,3.600000000000000000e+01
3.100000000000000000e+01,4.400000000000000000e+01,3.509349822998046875e+01
3.200000000000000000e+01,4.352500152587890625e+01,3.600000000000000000e+01
3.300000000000000000e+01,4.334640121459960938e+01,3.600000000000000000e+01
3.400000000000000000e+01,4.308129882812500000e+01,3.600000000000000000e+01
2.600000000000000000e+01,1.700000000000000000e+01,3.615779876708984375e+01
2.700000000000000000e+01,1.700000000000000000e+01,3.669390106201171875e+01
2.779809951782226562e+01,1.700000000000000000e+01,3.700000000000000000e+01
2.800000000000000000e+01,1.695890045166015625e+01,3.700000000000000000e+01
2.900000000000000000e+01,1.684020042419433594e+01,3.700000000000000000e+01
3.000000000000000000e+01,1.680200004577636719e+01,3.700000000000000000e+01
3.100000000000000000e+01,1.684020042419433594e+01,3.700000000000000000e+01
3.200000000000000000e+01,1.695890045166015625e+01,3.700000000000000000e+01
3.300000000000000000e+01,1.700000000000000000e+01,3.669390106201171875e+01
3.220190048217773438e+01,1.700000000000000000e+01,3.700000000000000000e+01
3.400000000000000000e+01,1.700000000000000000e+01,3.615779876708984375e+01
2.400000000000000000e+01,1.800000000000000000e+01,3.654169845581054688e+01
2.454199981689453125e+01,1.800000000000000000e+01,3.700000000000000000e+01
2.500000000000000000e+01,1.778840065002441406e+01,3.700000000000000000e+01
2.600000000000000000e+01,1.743549919128417969e+01,3.700000000000000000e+01
2.700000000000000000e+01,1.716329956054687500e+01,3.700000000000000000e+01
3.300000000000000000e+01,1.716329956054687500e+01,3.700000000000000000e+01
3.400000000000000000e+01,1.743549919128417969e+01,3.700000000000000000e+01
3.500000000000000000e+01,1.778840065002441406e+01,3.700000000000000000e+01
3.600000000000000000e+01,1.800000000000000000e+01,3.654169845581054688e+01
3.545800018310546875e+01,1.800000000000000000e+01,3.700000000000000000e+01
2.200000000000000000e+01,1.900000000000000000e+01,3.615760040283203125e+01
2.272760009765625000e+01,1.900000000000000000e+01,3.700000000000000000e+01
2.300000000000000000e+01,1.881649971008300781e+01,3.700000000000000000e+01
2.400000000000000000e+01,1.826199913024902344e+01,3.700000000000000000e+01
3.600000000000000000e+01,1.826199913024902344e+01,3.700000000000000000e+01
3.700000000000000000e+01,1.881649971008300781e+01,3.700000000000000000e+01
3.800000000000000000e+01,1.900000000000000000e+01,3.615760040283203125e+01
3.727239990234375000e+01,1.900000000000000000e+01,3.700000000000000000e+01
2.100000000000000000e+01,2.000000000000000000e+01,3.646549987792968750e+01
2.140880012512207031e+01,2.000000000000000000e+01,3.700000000000000000e+01
2.200000000000000000e+01,1.951749992370605469e+01,3.700000000000000000e+01
3.800000000000000000e+01,1.951749992370605469e+01,3.700000000000000000e+01
3.900000000000000000e+01,2.000000000000000000e+01,3.646549987792968750e+01
3.859120178222656250e+01,2.000000000000000000e+01,3.700000000000000000e+01
2.000000000000000000e+01,2.100000000000000000e+01,3.646549987792968750e+01
2.036630058288574219e+01,2.100000000000000000e+01,3.700000000000000000e+01
2.100000000000000000e+01,2.036630058288574219e+01,3.700000000000000000e+01
3.900000000000000000e+01,2.036630058288574219e+01,3.700000000000000000e+01
4.000000000000000000e+01,2.100000000000000000e+01,3.646549987792968750e+01
3.963370132446289062e+01,2.100000000000000000e+01,3.700000000000000000e+01
1.900000000000000000e+01,2.200000000000000000e+01,3.615760040283203125e+01
1.951749992370605469e+01,2.200000000000000000e+01,3.700000000000000000e+01
2.000000000000000000e+01,2.140880012512207031e+01,3.700000000000000000e+01
4.000000000000000000e+01,2.140880012512207031e+01,3.700000000000000000e+01
4.100000000000000000e+01,2.200000000000000000e+01,3.615760040283203125e+01
4.048249816894531250e+01,2.200000000000000000e+01,3.700000000000000000e+01
1.900000000000000000e+01,2.272760009765625000e+01,3.700000000000000000e+01
1.881649971008300781e+01,2.300000000000000000e+01,3.700000000000000000e+01
4.100000000000000000e+01,2.272760009765625000e+01,3.700000000000000000e+01
4.118349838256835938e+01,2.300000000000000000e+01,3.700000000000000000e+01
1.800000000000000000e+01,2.400000000000000000e+01,3.654169845581054688e+01
1.826199913024902344e+01,2.400000000000000000e+01,3.700000000000000000e+01
4.200000000000000000e+01,2.400000000000000000e+01,3.654169845581054688e+01
4.173799896240234375e+01,2.400000000000000000e+01,3.700000000000000000e+01
1.800000000000000000e+01,2.454199981689453125e+01,3.700000000000000000e+01
1.778840065002441406e+01,2.500000000000000000e+01,3.700000000000000000e+01
4.200000000000000000e+01,2.454199981689453125e+01,3.700000000000000000e+01
4.221160125732421875e+01,2.500000000000000000e+01,3.700000000000000000e+01
1.700000000000000000e+01,2.600000000000000000e+01,3.615779876708984375e+01
1.743549919128417969e+01,2.600000000000000000e+01,3.700000000000000000e+01
4.300000000000000000e+01,2.600000000000000000e+01,3.615779876708984375e+01
4.256449890136718750e+01,2.600000000000000000e+01,3.700000000000000000e+01
1.700000000000000000e+01,2.700000000000000000e+01,3.669390106201171875e+01
1.716329956054687500e+01,2.700000000000000000e+01,3.700000000000000000e+01
4.300000000000000000e+01,2.700000000000000000e+01,3.669390106201171875e+01
4.283670043945312500e+01,2.700000000000000000e+01,3.700000000000000000e+01
1.700000000000000000e+01,2.779809951782226562e+01,3.700000000000000000e+01
1.695890045166015625e+01,2.800000000000000000e+01,3.700000000000000000e+01
4.300000000000000000e+01,2.779809951782226562e+01,3.700000000000000000e+01
4.304109954833984375e+01,2.800000000000000000e+01,3.700000000000000000e+01
1.684020042419433594e+01,2.900000000000000000e+01,3.700000000000000000e+01
4.315980148315429688e+01,2.900000000000000000e+01,3.700000000000000000e+01
1.680200004577636719e+01,3.000000000000000000e+01,3.700000000000000000e+01
4.319800186157226562e+01,3.000000000000000000e+01,3.700000000000000000e+01
1.684020042419433594e+01,3.100000000000000000e+01,3.700000000000000000e+01
4.315980148315429688e+01,3.100000000000000000e+01,3.700000000000000000e+01
1.695890045166015625e+01,3.200000000000000000e+01,3.700000000000000000e+01
4.304109954833984375e+01,3.200000000000000000e+01,3.700000000000000000e+01
1.700000000000000000e+01,3.220190048217773438e+01,3.700000000000000000e+01
1.700000000000000000e+01,3.300000000000000000e+01,3.669390106201171875e+01
1.716329956054687500e+01,3.300000000000000000e+01,3.700000000000000000e+01
4.300000000000000000e+01,3.300000000000000000e+01,3.669390106201171875e+01
4.283670043945312500e+01,3.300000000000000000e+01,3.700000000000000000e+01
4.300000000000000000e+01,3.220190048217773438e+01,3.700000000000000000e+01
1.700000000000000000e+01,3.400000000000000000e+01,3.615779876708984375e+01
1.743549919128417969e+01,3.400000000000000000e+01,3.700000000000000000e+01
4.300000000000000000e+01,3.400000000000000000e+01,3.615779876708984375e+01
4.256449890136718750e+01,3.400000000000000000e+01,3.700000000000000000e+01
1.778840065002441406e+01,3.500000000000000000e+01,3.700000000000000000e+01
4.221160125732421875e+01,3.500000000000000000e+01,3.700000000000000000e+01
1.800000000000000000e+01,3.545800018310546875e+01,3.700000000000000000e+01
1.800000000000000000e+01,3.600000000000000000e+01,3.654169845581054688e+01
1.826199913024902344e+01,3.600000000000000000e+01,3.700000000000000000e+01
4.200000000000000000e+01,3.600000000000000000e+01,3.654169845581054688e+01
4.173799896240234375e+01,3.600000000000000000e+01,3.700000000000000000e+01
4.200000000000000000e+01,3.545800018310546875e+01,3.700000000000000000e+01
1.881649971008300781e+01,3.700000000000000000e+01,3.700000000000000000e+01
4.118349838256835938e+01,3.700000000000000000e+01,3.700000000000000000e+01
1.900000000000000000e+01,3.727239990234375000e+01,3.700000000000000000e+01
1.900000000000000000e+01,3.800000000000000000e+01,3.615760040283203125e+01
1.951749992370605469e+01,3.800000000000000000e+01,3.700000000000000000e+01
4.100000000000000000e+01,3.800000000000000000e+01,3.615760040283203125e+01
4.048249816894531250e+01,3.800000000000000000e+01,3.700000000000000000e+01
4.100000000000000000e+01,3.727239990234375000e+01,3.700000000000000000e+01
2.000000000000000000e+01,3.859120178222656250e+01,3.700000000000000000e+01
2.000000000000000000e+01,3.900000000000000000e+01,3.646549987792968750e+01
2.036630058288574219e+01,3.900000000000000000e+01,3.700000000000000000e+01
4.000000000000000000e+01,3.900000000000000000e+01,3.646549987792968750e+01
3.963370132446289062e+01,3.900000000000000000e+01,3.700000000000000000e+01
4.000000000000000000e+01,3.859120178222656250e+01,3.700000000000000000e+01
2.100000000000000000e+01,3.963370132446289062e+01,3.700000000000000000e+01
2.100000000000000000e+01,4.000000000000000000e+01,3.646549987792968750e+01
2.140880012512207031e+01,4.000000000000000000e+01,3.700000000000000000e+01
3.900000000000000000e+01,4.000000000000000000e+01,3.646549987792968750e+01
3.859120178222656250e+01,4.000000000000000000e+01,3.700000000000000000e+01
3.900000000000000000e+01,3.963370132446289062e+01,3.700000000000000000e+01
2.200000000000000000e+01,4.048249816894531250e+01,3.700000000000000000e+01
2.200000000000000000e+01,4.100000000000000000e+01,3.615760040283203125e+01
2.272760009765625000e+01,4.100000000000000000e+01,3.700000000000000000e+01
3.800000000000000000e+01,4.100000000000000000e+01,3.615760040283203125e+01
3.727239990234375000e+01,4.100000000000000000e+01,3.700000000000000000e+01
3.800000000000000000e+01,4.048249816894531250e+01,3.700000000000000000e+01
2.300000000000000000e+01,4.118349838256835938e+01,3.700000000000000000e+01
2.400000000000000000e+01,4.173799896240234375e+01,3.700000000000000000e+01
2.400000000000000000e+01,4.200000000000000000e+01,3.654169845581054688e+01
2.454199981689453125e+01,4.200000000000000000e+01,3.700000000000000000e+01
3.600000000000000000e+01,4.200000000000000000e+01,3.654169845581054688e+01
3.545800018310546875e+01,4.200000000000000000e+01,3.700000000000000000e+01
3.600000000000000000e+01,4.173799896240234375e+01,3.700000000000000000e+01
3.700000000000000000e+01,4.118349838256835938e+01,3.700000000000000000e+01
2.500000000000000000e+01,4.221160125732421875e+01,3.700000000000000000e+01
2.600000000000000000e+01,4.256449890136718750e+01,3.700000000000000000e+01
2.600000000000000000e+01,4.300000000000000000e+01,3.615779876708984375e+01
2.700000000000000000e+01,4.283670043945312500e+01,3.700000000000000000e+01
2.700000000000000000e+01,4.300000000000000000e+01,3.669390106201171875e+01
2.779809951782226562e+01,4.300000000000000000e+01,3.700000000000000000e+01
3.300000000000000000e+01,4.300000000000000000e+01,3.669390106201171875e+01
3.220190048217773438e+01,4.300000000000000000e+01,3.700000000000000000e+01
3.300000000000000000e+01,4.283670043945312500e+01,3.700000000000000000e+01
3.400000000000000000e+01,4.256449890136718750e+01,3.700000000000000000e+01
3.400000000000000000e+01,4.300000000000000000e+01,3.615779876708984375e+01
3.500000000000000000e+01,4.221160125732421875e+01,3.700000000000000000e+01
2.800000000000000000e+01,4.304109954833984375e+01,3.700000000000000000e+01
2.900000000000000000e+01,4.315980148315429688e+01,3.700000000000000000e+01
3.000000000000000000e+01,4.319800186157226562e+01,3.700000000000000000e+01
3.100000000000000000e+01,4.315980148315429688e+01,3.700000000000000000e+01
3.200000000000000000e+01,4.304109954833984375e+01,3.700000000000000000e+01
2.800000000000000000e+01,1.700000000000000000e+01,3.706940078735351562e+01
2.900000000000000000e+01,1.700000000000000000e+01,3.727259826660156250e+01
3.000000000000000000e+01,1.700000000000000000e+01,3.733929824829101562e+01
3.100000000000000000e+01,1.700000000000000000e+01,3.727259826660156250e+01
3.200000000000000000e+01,1.700000000000000000e+01,3.706940078735351562e+01
2.500000000000000000e+01,1.800000000000000000e+01,3.733909988403320312e+01
2.600000000000000000e+01,1.800000000000000000e+01,3.793299865722656250e+01
2.614220046997070312e+01,1.800000000000000000e+01,3.800000000000000000e+01
2.700000000000000000e+01,1.774790000915527344e+01,3.800000000000000000e+01
2.800000000000000000e+01,1.755109977722167969e+01,3.800000000000000000e+01
2.900000000000000000e+01,1.743549919128417969e+01,3.800000000000000000e+01
3.000000000000000000e+01,1.739710044860839844e+01,3.800000000000000000e+01
3.100000000000000000e+01,1.743549919128417969e+01,3.800000000000000000e+01
3.200000000000000000e+01,1.755109977722167969e+01,3.800000000000000000e+01
3.300000000000000000e+01,1.774790000915527344e+01,3.800000000000000000e+01
3.400000000000000000e+01,1.800000000000000000e+01,3.793299865722656250e+01
3.385779953002929688e+01,1.800000000000000000e+01,3.800000000000000000e+01
3.500000000000000000e+01,1.800000000000000000e+01,3.733909988403320312e+01
2.300000000000000000e+01,1.900000000000000000e+01,3.727239990234375000e+01
2.384239959716796875e+01,1.900000000000000000e+01,3.800000000000000000e+01
2.400000000000000000e+01,1.890679931640625000e+01,3.800000000000000000e+01
2.500000000000000000e+01,1.843070030212402344e+01,3.800000000000000000e+01
2.600000000000000000e+01,1.804490089416503906e+01,3.800000000000000000e+01
3.400000000000000000e+01,1.804490089416503906e+01,3.800000000000000000e+01
3.500000000000000000e+01,1.843070030212402344e+01,3.800000000000000000e+01
3.600000000000000000e+01,1.890679931640625000e+01,3.800000000000000000e+01
3.700000000000000000e+01,1.900000000000000000e+01,3.727239990234375000e+01
3.615760040283203125e+01,1.900000000000000000e+01,3.800000000000000000e+01
2.200000000000000000e+01,2.000000000000000000e+01,3.766830062866210938e+01
2.233169937133789062e+01,2.000000000000000000e+01,3.800000000000000000e+01
2.300000000000000000e+01,1.951749992370605469e+01,3.800000000000000000e+01
3.700000000000000000e+01,1.951749992370605469e+01,3.800000000000000000e+01
3.800000000000000000e+01,2.000000000000000000e+01,3.766830062866210938e+01
3.766830062866210938e+01,2.000000000000000000e+01,3.800000000000000000e+01
2.100000000000000000e+01,2.100000000000000000e+01,3.779990005493164062e+01
2.117709922790527344e+01,2.100000000000000000e+01,3.800000000000000000e+01
2.200000000000000000e+01,2.026320075988769531e+01,3.800000000000000000e+01
3.800000000000000000e+01,2.026320075988769531e+01,3.800000000000000000e+01
3.900000000000000000e+01,2.100000000000000000e+01,3.779990005493164062e+01
3.882289886474609375e+01,2.100000000000000000e+01,3.800000000000000000e+01
2.000000000000000000e+01,2.200000000000000000e+01,3.766830062866210938e+01
2.026320075988769531e+01,2.200000000000000000e+01,3.800000000000000000e+01
2.100000000000000000e+01,2.117709922790527344e+01,3.800000000000000000e+01
3.900000000000000000e+01,2.117709922790527344e+01,3.800000000000000000e+01
4.000000000000000000e+01,2.200000000000000000e+01,3.766830062866210938e+01
3.973680114746093750e+01,2.200000000000000000e+01,3.800000000000000000e+01
1.900000000000000000e+01,2.300000000000000000e+01,3.727239990234375000e+01
1.951749992370605469e+01,2.300000000000000000e+01,3.800000000000000000e+01
2.000000000000000000e+01,2.233169937133789062e+01,3.800000000000000000e+01
4.000000000000000000e+01,2.233169937133789062e+01,3.800000000000000000e+01
4.100000000000000000e+01,2.300000000000000000e+01,3.727239990234375000e+01
4.048249816894531250e+01,2.300000000000000000e+01,3.800000000000000000e+01
1.900000000000000000e+01,2.384239959716796875e+01,3.800000000000000000e+01
1.890679931640625000e+01,2.400000000000000000e+01,3.800000000000000000e+01
4.100000000000000000e+01,2.384239959716796875e+01,3.800000000000000000e+01
4.109320068359375000e+01,2.400000000000000000e+01,3.800000000000000000e+01
1.800000000000000000e+01,2.500000000000000000e+01,3.733909988403320312e+01
1.843070030212402344e+01,2.500000000000000000e+01,3.800000000000000000e+01
4.200000000000000000e+01,2.500000000000000000e+01,3.733909988403320312e+01
4.156930160522460938e+01,2.500000000000000000e+01,3.800000000000000000e+01
1.800000000000000000e+01,2.600000000000000000e+01,3.793299865722656250e+01
1.804490089416503906e+01,2.600000000000000000e+01,3.800000000000000000e+01
4.200000000000000000e+01,2.600000000000000000e+01,3.793299865722656250e+01
4.195510101318359375e+01,2.600000000000000000e+01,3.800000000000000000e+01
1.800000000000000000e+01,2.614220046997070312e+01,3.800000000000000000e+01
1.774790000915527344e+01,2.700000000000000000e+01,3.800000000000000000e+01
4.200000000000000000e+01,2.614220046997070312e+01,3.800000000000000000e+01
4.225210189819335938e+01,2.700000000000000000e+01,3.800000000000000000e+01
1.700000000000000000e+01,2.800000000000000000e+01,3.706940078735351562e+01
1.755109977722167969e+01,2.800000000000000000e+01,3.800000000000000000e+01
4.300000000000000000e+01,2.800000000000000000e+01,3.706940078735351562e+01
4.244889831542968750e+01,2.800000000000000000e+01,3.800000000000000000e+01
1.700000000000000000e+01,2.900000000000000000e+01,3.727259826660156250e+01
1.743549919128417969e+01,2.900000000000000000e+01,3.800000000000000000e+01
4.300000000000000000e+01,2.900000000000000000e+01,3.727259826660156250e+01
4.256449890136718750e+01,2.900000000000000000e+01,3.800000000000000000e+01
1.700000000000000000e+01,3.000000000000000000e+01,3.733929824829101562e+01
1.739710044860839844e+01,3.000000000000000000e+01,3.800000000000000000e+01
4.300000000000000000e+01,3.000000000000000000e+01,3.733929824829101562e+01
4.260290145874023438e+01,3.000000000000000000e+01,3.800000000000000000e+01
1.700000000000000000e+01,3.100000000000000000e+01,3.727259826660156250e+01
1.743549919128417969e+01,3.100000000000000000e+01,3.800000000000000000e+01
4.300000000000000000e+01,3.100000000000000000e+01,3.727259826660156250e+01
4.256449890136718750e+01,3.100000000000000000e+01,3.800000000000000000e+01
1.700000000000000000e+01,3.200000000000000000e+01,3.706940078735351562e+01
1.755109977722167969e+01,3.200000000000000000e+01,3.800000000000000000e+01
4.300000000000000000e+01,3.200000000000000000e+01,3.706940078735351562e+01
4.244889831542968750e+01,3.200000000000000000e+01,3.800000000000000000e+01
1.774790000915527344e+01,3.300000000000000000e+01,3.800000000000000000e+01
4.225210189819335938e+01,3.300000000000000000e+01,3.800000000000000000e+01
1.800000000000000000e+01,3.385779953002929688e+01,3.800000000000000000e+01
1.800000000000000000e+01,3.400000000000000000e+01,3.793299865722656250e+01
1.804490089416503906e+01,3.400000000000000000e+01,3.800000000000000000e+01
4.200000000000000000e+01,3.400000000000000000e+01,3.793299865722656250e+01
4.195510101318359375e+01,3.400000000000000000e+01,3.800000000000000000e+01
4.200000000000000000e+01,3.385779953002929688e+01,3.800000000000000000e+01
1.800000000000000000e+01,3.500000000000000000e+01,3.733909988403320312e+01
1.843070030212402344e+01,3.500000000000000000e+01,3.800000000000000000e+01
4.200000000000000000e+01,3.500000000000000000e+01,3.733909988403320312e+01
4.156930160522460938e+01,3.500000000000000000e+01,3.800000000000000000e+01
1.890679931640625000e+01,3.600000000000000000e+01,3.800000000000000000e+01
4.109320068359375000e+01,3.600000000000000000e+01,3.800000000000000000e+01
1.900000000000000000e+01,3.615760040283203125e+01,3.800000000000000000e+01
1.900000000000000000e+01,3.700000000000000000e+01,3.727239990234375000e+01
1.951749992370605469e+01,3.700000000000000000e+01,3.800000000000000000e+01
4.100000000000000000e+01,3.700000000000000000e+01,3.727239990234375000e+01
4.048249816894531250e+01,3.700000000000000000e+01,3.800000000000000000e+01
4.100000000000000000e+01,3.615760040283203125e+01,3.800000000000000000e+01
2.000000000000000000e+01,3.766830062866210938e+01,3.800000000000000000e+01
2.000000000000000000e+01,3.800000000000000000e+01,3.766830062866210938e+01
2.026320075988769531e+01,3.800000000000000000e+01,3.800000000000000000e+01
4.000000000000000000e+01,3.800000000000000000e+01,3.766830062866210938e+01
3.973680114746093750e+01,3.800000000000000000e+01,3.800000000000000000e+01
4.000000000000000000e+01,3.766830062866210938e+01,3.800000000000000000e+01
2.100000000000000000e+01,3.882289886474609375e+01,3.800000000000000000e+01
2.100000000000000000e+01,3.900000000000000000e+01,3.779990005493164062e+01
2.117709922790527344e+01,3.900000000000000000e+01,3.800000000000000000e+01
3.900000000000000000e+01,3.900000000000000000e+01,3.779990005493164062e+01
3.882289886474609375e+01,3.900000000000000000e+01,3.800000000000000000e+01
3.900000000000000000e+01,3.882289886474609375e+01,3.800000000000000000e+01
2.200000000000000000e+01,3.973680114746093750e+01,3.800000000000000000e+01
2.200000000000000000e+01,4.000000000000000000e+01,3.766830062866210938e+01
2.233169937133789062e+01,4.000000000000000000e+01,3.800000000000000000e+01
3.800000000000000000e+01,4.000000000000000000e+01,3.766830062866210938e+01
3.766830062866210938e+01,4.000000000000000000e+01,3.800000000000000000e+01
3.800000000000000000e+01,3.973680114746093750e+01,3.800000000000000000e+01
2.300000000000000000e+01,4.048249816894531250e+01,3.800000000000000000e+01
2.300000000000000000e+01,4.100000000000000000e+01,3.727239990234375000e+01
2.384239959716796875e+01,4.100000000000000000e+01,3.800000000000000000e+01
3.700000000000000000e+01,4.100000000000000000e+01,3.727239990234375000e+01
3.615760040283203125e+01,4.100000000000000000e+01,3.800000000000000000e+01
3.700000000000000000e+01,4.048249816894531250e+01,3.800000000000000000e+01
2.400000000000000000e+01,4.109320068359375000e+01,3.800000000000000000e+01
2.500000000000000000e+01,4.156930160522460938e+01,3.800000000000000000e+01
2.500000000000000000e+01,4.200000000000000000e+01,3.733909988403320312e+01
2.600000000000000000e+01,4.195510101318359375e+01,3.800000000000000000e+01
2.600000000000000000e+01,4.200000000000000000e+01,3.793299865722656250e+01
2.614220046997070312e+01,4.200000000000000000e+01,3.800000000000000000e+01
3.400000000000000000e+01,4.200000000000000000e+01,3.793299865722656250e+01
3.385779953002929688e+01,4.200000000000000000e+01,3.800000000000000000e+01
3.400000000000000000e+01,4.195510101318359375e+01,3.800000000000000000e+01
3.500000000000000000e+01,4.156930160522460938e+01,3.800000000000000000e+01
3.500000000000000000e+01,4.200000000000000000e+01,3.733909988403320312e+01
3.600000000000000000e+01,4.109320068359375000e+01,3.800000000000000000e+01
2.700000000000000000e+01,4.225210189819335938e+01,3.800000000000000000e+01
2.800000000000000000e+01,4.244889831542968750e+01,3.800000000000000000e+01
2.800000000000000000e+01,4.300000000000000000e+01,3.706940078735351562e+01
2.900000000000000000e+01,4.256449890136718750e+01,3.800000000000000000e+01
2.900000000000000000e+01,4.300000000000000000e+01,3.727259826660156250e+01
3.000000000000000000e+01,4.260290145874023438e+01,3.800000000000000000e+01
3.000000000000000000e+01,4.300000000000000000e+01,3.733929824829101562e+01
3.100000000000000000e+01,4.256449890136718750e+01,3.800000000000000000e+01
3.100000000000000000e+01,4.300000000000000000e+01,3.727259826660156250e+01
3.200000000000000000e+01,4.244889831542968750e+01,3.800000000000000000e+01
3.200000000000000000e+01,4.300000000000000000e+01,3.706940078735351562e+01
3.300000000000000000e+01,4.225210189819335938e+01,3.800000000000000000e+01
2.700000000000000000e+01,1.800000000000000000e+01,3.835969924926757812e+01
2.800000000000000000e+01,1.800000000000000000e+01,3.864910125732421875e+01
2.900000000000000000e+01,1.800000000000000000e+01,3.882300186157226562e+01
3.000000000000000000e+01,1.800000000000000000e+01,3.888159942626953125e+01
3.100000000000000000e+01,1.800000000000000000e+01,3.882300186157226562e+01
3.200000000000000000e+01,1.800000000000000000e+01,3.864910125732421875e+01
3.300000000000000000e+01,1.800000000000000000e+01,3.835969924926757812e+01
2.400000000000000000e+01,1.900000000000000000e+01,3.812239837646484375e+01
2.500000000000000000e+01,1.900000000000000000e+01,3.876470184326171875e+01
2.544219970703125000e+01,1.900000000000000000e+01,3.900000000000000000e+01
2.600000000000000000e+01,1.877219963073730469e+01,3.900000000000000000e+01
2.700000000000000000e+01,1.847270011901855469e+01,3.900000000000000000e+01
2.800000000000000000e+01,1.826199913024902344e+01,3.900000000000000000e+01
2.900000000000000000e+01,1.813299942016601562e+01,3.900000000000000000e+01
3.000000000000000000e+01,1.808919906616210938e+01,3.900000000000000000e+01
3.100000000000000000e+01,1.813299942016601562e+01,3.900000000000000000e+01
3.200000000000000000e+01,1.826199913024902344e+01,3.900000000000000000e+01
3.300000000000000000e+01,1.847270011901855469e+01,3.900000000000000000e+01
3.400000000000000000e+01,1.877219963073730469e+01,3.900000000000000000e+01
3.500000000000000000e+01,1.900000000000000000e+01,3.876470184326171875e+01
3.455780029296875000e+01,1.900000000000000000e+01,3.900000000000000000e+01
3.600000000000000000e+01,1.900000000000000000e+01,3.812239837646484375e+01
2.300000000000000000e+01,2.000000000000000000e+01,3.859120178222656250e+01
2.353450012207031250e+01,2.000000000000000000e+01,3.900000000000000000e+01
2.400000000000000000e+01,1.970490074157714844e+01,3.900000000000000000e+01
2.500000000000000000e+01,1.919210052490234375e+01,3.900000000000000000e+01
3.500000000000000000e+01,1.919210052490234375e+01,3.900000000000000000e+01
3.600000000000000000e+01,1.970490074157714844e+01,3.900000000000000000e+01
3.700000000000000000e+01,2.000000000000000000e+01,3.859120178222656250e+01
3.646549987792968750e+01,2.000000000000000000e+01,3.900000000000000000e+01
2.200000000000000000e+01,2.100000000000000000e+01,3.882289886474609375e+01
2.220009994506835938e+01,2.100000000000000000e+01,3.900000000000000000e+01
2.300000000000000000e+01,2.036630058288574219e+01,3.900000000000000000e+01
3.700000000000000000e+01,2.036630058288574219e+01,3.900000000000000000e+01
3.800000000000000000e+01,2.100000000000000000e+01,3.882289886474609375e+01
3.779990005493164062e+01,2.100000000000000000e+01,3.900000000000000000e+01
2.100000000000000000e+01,2.200000000000000000e+01,3.882289886474609375e+01
2.117709922790527344e+01,2.200000000000000000e+01,3.900000000000000000e+01
2.200000000000000000e+01,2.117709922790527344e+01,3.900000000000000000e+01
3.800000000000000000e+01,2.117709922790527344e+01,3.900000000000000000e+01
3.900000000000000000e+01,2.200000000000000000e+01,3.882289886474609375e+01
3.882289886474609375e+01,2.200000000000000000e+01,3.900000000000000000e+01
2.000000000000000000e+01,2.300000000000000000e+01,3.859120178222656250e+01
2.036630058288574219e+01,2.300000000000000000e+01,3.900000000000000000e+01
2.100000000000000000e+01,2.220009994506835938e+01,3.900000000000000000e+01
3.900000000000000000e+01,2.220009994506835938e+01,3.900000000000000000e+01
4.000000000000000000e+01,2.300000000000000000e+01,3.859120178222656250e+01
3.963370132446289062e+01,2.300000000000000000e+01,3.900000000000000000e+01
1.900000000000000000e+01,2.400000000000000000e+01,3.812239837646484375e+01
1.970490074157714844e+01,2.400000000000000000e+01,3.900000000000000000e+01
2.000000000000000000e+01,2.353450012207031250e+01,3.900000000000000000e+01
4.000000000000000000e+01,2.353450012207031250e+01,3.900000000000000000e+01
4.100000000000000000e+01,2.400000000000000000e+01,3.812239837646484375e+01
4.029510116577148438e+01,2.400000000000000000e+01,3.900000000000000000e+01
1.900000000000000000e+01,2.500000000000000000e+01,3.876470184326171875e+01
1.919210052490234375e+01,2.500000000000000000e+01,3.900000000000000000e+01
4.100000000000000000e+01,2.500000000000000000e+01,3.876470184326171875e+01
4.080789947509765625e+01,2.500000000000000000e+01,3.900000000000000000e+01
1.900000000000000000e+01,2.544219970703125000e+01,3.900000000000000000e+01
1.877219963073730469e+01,2.600000000000000000e+01,3.900000000000000000e+01
4.100000000000000000e+01,2.544219970703125000e+01,3.900000000000000000e+01
4.122779846191406250e+01,2.600000000000000000e+01,3.900000000000000000e+01
1.800000000000000000e+01,2.700000000000000000e+01,3.835969924926757812e+01
1.847270011901855469e+01,2.700000000000000000e+01,3.900000000000000000e+01
4.200000000000000000e+01,2.700000000000000000e+01,3.835969924926757812e+01
4.152730178833007812e+01,2.700000000000000000e+01,3.900000000000000000e+01
1.800000000000000000e+01,2.800000000000000000e+01,3.864910125732421875e+01
1.826199913024902344e+01,2.800000000000000000e+01,3.900000000000000000e+01
4.200000000000000000e+01,2.800000000000000000e+01,3.864910125732421875e+01
4.173799896240234375e+01,2.800000000000000000e+01,3.900000000000000000e+01
1.800000000000000000e+01,2.900000000000000000e+01,3.882300186157226562e+01
1.813299942016601562e+01,2.900000000000000000e+01,3.900000000000000000e+01
4.200000000000000000e+01,2.900000000000000000e+01,3.882300186157226562e+01
4.186700057983398438e+01,2.900000000000000000e+01,3.900000000000000000e+01
1.800000000000000000e+01,3.000000000000000000e+01,3.888159942626953125e+01
1.808919906616210938e+01,3.000000000000000000e+01,3.900000000000000000e+01
4.200000000000000000e+01,3.000000000000000000e+01,3.888159942626953125e+01
4.191080093383789062e+01,3.000000000000000000e+01,3.900000000000000000e+01
1.800000000000000000e+01,3.100000000000000000e+01,3.882300186157226562e+01
1.813299942016601562e+01,3.100000000000000000e+01,3.900000000000000000e+01
4.200000000000000000e+01,3.100000000000000000e+01,3.882300186157226562e+01
4.186700057983398438e+01,3.100000000000000000e+01,3.900000000000000000e+01
1.800000000000000000e+01,3.200000000000000000e+01,3.864910125732421875e+01
1.826199913024902344e+01,3.200000000000000000e+01,3.900000000000000000e+01
4.200000000000000000e+01,3.200000000000000000e+01,3.864910125732421875e+01
4.173799896240234375e+01,3.200000000000000000e+01,3.900000000000000000e+01
1.800000000000000000e+01,3.300000000000000000e+01,3.835969924926757812e+01
1.847270011901855469e+01,3.300000000000000000e+01,3.900000000000000000e+01
4.200000000000000000e+01,3.300000000000000000e+01,3.835969924926757812e+01
4.152730178833007812e+01,3.300000000000000000e+01,3.900000000000000000e+01
1.877219963073730469e+01,3.400000000000000000e+01,3.900000000000000000e+01
4.122779846191406250e+01,3.400000000000000000e+01,3.900000000000000000e+01
1.900000000000000000e+01,3.455780029296875000e+01,3.900000000000000000e+01
1.900000000000000000e+01,3.500000000000000000e+01,3.876470184326171875e+01
1.919210052490234375e+01,3.500000000000000000e+01,3.900000000000000000e+01
4.100000000000000000e+01,3.500000000000000000e+01,3.876470184326171875e+01
4.080789947509765625e+01,3.500000000000000000e+01,3.900000000000000000e+01
4.100000000000000000e+01,3.455780029296875000e+01,3.900000000000000000e+01
1.900000000000000000e+01,3.600000000000000000e+01,3.812239837646484375e+01
1.970490074157714844e+01,3.600000000000000000e+01,3.900000000000000000e+01
4.100000000000000000e+01,3.600000000000000000e+01,3.812239837646484375e+01
4.029510116577148438e+01,3.600000000000000000e+01,3.900000000000000000e+01
2.000000000000000000e+01,3.646549987792968750e+01,3.900000000000000000e+01
2.000000000000000000e+01,3.700000000000000000e+01,3.859120178222656250e+01
2.036630058288574219e+01,3.700000000000000000e+01,3.900000000000000000e+01
4.000000000000000000e+01,3.700000000000000000e+01,3.859120178222656250e+01
3.963370132446289062e+01,3.700000000000000000e+01,3.900000000000000000e+01
4.000000000000000000e+01,3.646549987792968750e+01,3.900000000000000000e+01
2.100000000000000000e+01,3.779990005493164062e+01,3.900000000000000000e+01
2.100000000000000000e+01,3.800000000000000000e+01,3.882289886474609375e+01
2.117709922790527344e+01,3.800000000000000000e+01,3.900000000000000000e+01
3.900000000000000000e+01,3.800000000000000000e+01,3.882289886474609375e+01
3.882289886474609375e+01,3.800000000000000000e+01,3.900000000000000000e+01
3.900000000000000000e+01,3.779990005493164062e+01,3.900000000000000000e+01
2.200000000000000000e+01,3.882289886474609375e+01,3.900000000000000000e+01
2.200000000000000000e+01,3.900000000000000000e+01,3.882289886474609375e+01
2.220009994506835938e+01,3.900000000000000000e+01,3.900000000000000000e+01
3.800000000000000000e+01,3.900000000000000000e+01,3.882289886474609375e+01
3.779990005493164062e+01,3.900000000000000000e+01,3.900000000000000000e+01
3.800000000000000000e+01,3.882289886474609375e+01,3.900000000000000000e+01
2.300000000000000000e+01,3.963370132446289062e+01,3.900000000000000000e+01
2.300000000000000000e+01,4.000000000000000000e+01,3.859120178222656250e+01
2.353450012207031250e+01,4.000000000000000000e+01,3.900000000000000000e+01
3.700000000000000000e+01,4.000000000000000000e+01,3.859120178222656250e+01
3.646549987792968750e+01,4.000000000000000000e+01,3.900000000000000000e+01
3.700000000000000000e+01,3.963370132446289062e+01,3.900000000000000000e+01
2.400000000000000000e+01,4.029510116577148438e+01,3.900000000000000000e+01
2.400000000000000000e+01,4.100000000000000000e+01,3.812239837646484375e+01
2.500000000000000000e+01,4.080789947509765625e+01,3.900000000000000000e+01
2.500000000000000000e+01,4.100000000000000000e+01,3.876470184326171875e+01
2.544219970703125000e+01,4.100000000000000000e+01,3.900000000000000000e+01
3.500000000000000000e+01,4.100000000000000000e+01,3.876470184326171875e+01
3.455780029296875000e+01,4.100000000000000000e+01,3.900000000000000000e+01
3.500000000000000000e+01,4.080789947509765625e+01,3.900000000000000000e+01
3.600000000000000000e+01,4.029510116577148438e+01,3.900000000000000000e+01
3.600000000000000000e+01,4.100000000000000000e+01,3.812239837646484375e+01
2.600000000000000000e+01,4.122779846191406250e+01,3.900000000000000000e+01
2.700000000000000000e+01,4.152730178833007812e+01,3.900000000000000000e+01
2.700000000000000000e+01,4.200000000000000000e+01,3.835969924926757812e+01
2.800000000000000000e+01,4.173799896240234375e+01,3.900000000000000000e+01
2.800000000000000000e+01,4.200000000000000000e+01,3.864910125732421875e+01
2.900000000000000000e+01,4.186700057983398438e+01,3.900000000000000000e+01
2.900000000000000000e+01,4.200000000000000000e+01,3.882300186157226562e+01
3.000000000000000000e+01,4.191080093383789062e+01,3.900000000000000000e+01
3.000000000000000000e+01,4.200000000000000000e+01,3.888159942626953125e+01
3.100000000000000000e+01,4.186700057983398438e+01,3.900000000000000000e+01
3.100000000000000000e+01,4.200000000000000000e+01,3.882300186157226562e+01
3.200000000000000000e+01,4.173799896240234375e+01,3.900000000000000000e+01
3.200000000000000000e+01,4.200000000000000000e+01,3.864910125732421875e+01
3.300000000000000000e+01,4.152730178833007812e+01,3.900000000000000000e+01
3.300000000000000000e+01,4.200000000000000000e+01,3.835969924926757812e+01
3.400000000000000000e+01,4.122779846191406250e+01,3.900000000000000000e+01
2.600000000000000000e+01,1.900000000000000000e+01,3.927130126953125000e+01
2.700000000000000000e+01,1.900000000000000000e+01,3.963380050659179688e+01
2.800000000000000000e+01,1.900000000000000000e+01,3.989350128173828125e+01
2.866519927978515625e+01,1.900000000000000000e+01,4.000000000000000000e+01
2.900000000000000000e+01,1.895299911499023438e+01,4.000000000000000000e+01
3.000000000000000000e+01,1.890679931640625000e+01,4.000000000000000000e+01
3.100000000000000000e+01,1.895299911499023438e+01,4.000000000000000000e+01
3.200000000000000000e+01,1.900000000000000000e+01,3.989350128173828125e+01
3.133480072021484375e+01,1.900000000000000000e+01,4.000000000000000000e+01
3.300000000000000000e+01,1.900000000000000000e+01,3.963380050659179688e+01
3.400000000000000000e+01,1.900000000000000000e+01,3.927130126953125000e+01
2.400000000000000000e+01,2.000000000000000000e+01,3.932379913330078125e+01
2.500000000000000000e+01,2.000000000000000000e+01,3.989339828491210938e+01
2.522139930725097656e+01,2.000000000000000000e+01,4.000000000000000000e+01
2.600000000000000000e+01,1.965760040283203125e+01,4.000000000000000000e+01
2.700000000000000000e+01,1.933219909667968750e+01,4.000000000000000000e+01
2.800000000000000000e+01,1.909700012207031250e+01,4.000000000000000000e+01
3.200000000000000000e+01,1.909700012207031250e+01,4.000000000000000000e+01
3.300000000000000000e+01,1.933219909667968750e+01,4.000000000000000000e+01
3.400000000000000000e+01,1.965760040283203125e+01,4.000000000000000000e+01
3.500000000000000000e+01,2.000000000000000000e+01,3.989339828491210938e+01
3.477859878540039062e+01,2.000000000000000000e+01,4.000000000000000000e+01
3.600000000000000000e+01,2.000000000000000000e+01,3.932379913330078125e+01
2.300000000000000000e+01,2.100000000000000000e+01,3.963370132446289062e+01
2.353450012207031250e+01,2.100000000000000000e+01,4.000000000000000000e+01
2.400000000000000000e+01,2.067620086669921875e+01,4.000000000000000000e+01
2.500000000000000000e+01,2.010659980773925781e+01,4.000000000000000000e+01
3.500000000000000000e+01,2.010659980773925781e+01,4.000000000000000000e+01
3.600000000000000000e+01,2.067620086669921875e+01,4.000000000000000000e+01
3.700000000000000000e+01,2.100000000000000000e+01,3.963370132446289062e+01
3.646549987792968750e+01,2.100000000000000000e+01,4.000000000000000000e+01
2.200000000000000000e+01,2.200000000000000000e+01,3.973680114746093750e+01
2.233169937133789062e+01,2.200000000000000000e+01,4.000000000000000000e+01
2.300000000000000000e+01,2.140880012512207031e+01,4.000000000000000000e+01
3.700000000000000000e+01,2.140880012512207031e+01,4.000000000000000000e+01
3.800000000000000000e+01,2.200000000000000000e+01,3.973680114746093750e+01
3.766830062866210938e+01,2.200000000000000000e+01,4.000000000000000000e+01
2.100000000000000000e+01,2.300000000000000000e+01,3.963370132446289062e+01
2.140880012512207031e+01,2.300000000000000000e+01,4.000000000000000000e+01
2.200000000000000000e+01,2.233169937133789062e+01,4.000000000000000000e+01
3.800000000000000000e+01,2.233169937133789062e+01,4.000000000000000000e+01
3.900000000000000000e+01,2.300000000000000000e+01,3.963370132446289062e+01
3.859120178222656250e+01,2.300000000000000000e+01,4.000000000000000000e+01
2.000000000000000000e+01,2.400000000000000000e+01,3.932379913330078125e+01
2.067620086669921875e+01,2.400000000000000000e+01,4.000000000000000000e+01
2.100000000000000000e+01,2.353450012207031250e+01,4.000000000000000000e+01
3.900000000000000000e+01,2.353450012207031250e+01,4.000000000000000000e+01
4.000000000000000000e+01,2.400000000000000000e+01,3.932379913330078125e+01
3.932379913330078125e+01,2.400000000000000000e+01,4.000000000000000000e+01
2.000000000000000000e+01,2.500000000000000000e+01,3.989339828491210938e+01
2.010659980773925781e+01,2.500000000000000000e+01,4.000000000000000000e+01
4.000000000000000000e+01,2.500000000000000000e+01,3.989339828491210938e+01
3.989339828491210938e+01,2.500000000000000000e+01,4.000000000000000000e+01
1.900000000000000000e+01,2.600000000000000000e+01,3.927130126953125000e+01
1.965760040283203125e+01,2.600000000000000000e+01,4.000000000000000000e+01
2.000000000000000000e+01,2.522139930725097656e+01,4.000000000000000000e+01
4.000000000000000000e+01,2.522139930725097656e+01,4.000000000000000000e+01
4.100000000000000000e+01,2.600000000000000000e+01,3.927130126953125000e+01
4.034239959716796875e+01,2.600000000000000000e+01,4.000000000000000000e+01
1.900000000000000000e+01,2.700000000000000000e+01,3.963380050659179688e+01
1.933219909667968750e+01,2.700000000000000000e+01,4.000000000000000000e+01
4.100000000000000000e+01,2.700000000000000000e+01,3.963380050659179688e+01
4.066780090332031250e+01,2.700000000000000000e+01,4.000000000000000000e+01
1.900000000000000000e+01,2.800000000000000000e+01,3.989350128173828125e+01
1.909700012207031250e+01,2.800000000000000000e+01,4.000000000000000000e+01
4.100000000000000000e+01,2.800000000000000000e+01,3.989350128173828125e+01
4.090299987792968750e+01,2.800000000000000000e+01,4.000000000000000000e+01
1.900000000000000000e+01,2.866519927978515625e+01,4.000000000000000000e+01
1.895299911499023438e+01,2.900000000000000000e+01,4.000000000000000000e+01
4.100000000000000000e+01,2.866519927978515625e+01,4.000000000000000000e+01
4.104700088500976562e+01,2.900000000000000000e+01,4.000000000000000000e+01
1.890679931640625000e+01,3.000000000000000000e+01,4.000000000000000000e+01
4.109320068359375000e+01,3.000000000000000000e+01,4.000000000000000000e+01
1.895299911499023438e+01,3.100000000000000000e+01,4.000000000000000000e+01
4.104700088500976562e+01,3.100000000000000000e+01,4.000000000000000000e+01
1.900000000000000000e+01,3.133480072021484375e+01,4.000000000000000000e+01
1.900000000000000000e+01,3.200000000000000000e+01,3.989350128173828125e+01
1.909700012207031250e+01,3.200000000000000000e+01,4.000000000000000000e+01
4.100000000000000000e+01,3.200000000000000000e+01,3.989350128173828125e+01
4.090299987792968750e+01,3.200000000000000000e+01,4.000000000000000000e+01
4.100000000000000000e+01,3.133480072021484375e+01,4.000000000000000000e+01
1.900000000000000000e+01,3.300000000000000000e+01,3.963380050659179688e+01
1.933219909667968750e+01,3.300000000000000000e+01,4.000000000000000000e+01
4.100000000000000000e+01,3.300000000000000000e+01,3.963380050659179688e+01
4.066780090332031250e+01,3.300000000000000000e+01,4.000000000000000000e+01
1.900000000000000000e+01,3.400000000000000000e+01,3.927130126953125000e+01
1.965760040283203125e+01,3.400000000000000000e+01,4.000000000000000000e+01
4.100000000000000000e+01,3.400000000000000000e+01,3.927130126953125000e+01
4.034239959716796875e+01,3.400000000000000000e+01,4.000000000000000000e+01
2.000000000000000000e+01,3.477859878540039062e+01,4.000000000000000000e+01
2.000000000000000000e+01,3.500000000000000000e+01,3.989339828491210938e+01
2.010659980773925781e+01,3.500000000000000000e+01,4.000000000000000000e+01
4.000000000000000000e+01,3.500000000000000000e+01,3.989339828491210938e+01
3.989339828491210938e+01,3.500000000000000000e+01,4.000000000000000000e+01
4.000000000000000000e+01,3.477859878540039062e+01,4.000000000000000000e+01
2.000000000000000000e+01,3.600000000000000000e+01,3.932379913330078125e+01
2.067620086669921875e+01,3.600000000000000000e+01,4.000000000000000000e+01
4.000000000000000000e+01,3.600000000000000000e+01,3.932379913330078125e+01
3.932379913330078125e+01,3.600000000000000000e+01,4.000000000000000000e+01
2.100000000000000000e+01,3.646549987792968750e+01,4.000000000000000000e+01
2.100000000000000000e+01,3.700000000000000000e+01,3.963370132446289062e+01
2.140880012512207031e+01,3.700000000000000000e+01,4.000000000000000000e+01
3.900000000000000000e+01,3.700000000000000000e+01,3.963370132446289062e+01
3.859120178222656250e+01,3.700000000000000000e+01,4.000000000000000000e+01
3.900000000000000000e+01,3.646549987792968750e+01,4.000000000000000000e+01
2.200000000000000000e+01,3.766830062866210938e+01,4.000000000000000000e+01
2.200000000000000000e+01,3.800000000000000000e+01,3.973680114746093750e+01
2.233169937133789062e+01,3.800000000000000000e+01,4.000000000000000000e+01
3.800000000000000000e+01,3.800000000000000000e+01,3.973680114746093750e+01
3.766830062866210938e+01,3.800000000000000000e+01,4.000000000000000000e+01
3.800000000000000000e+01,3.766830062866210938e+01,4.000000000000000000e+01
2.300000000000000000e+01,3.859120178222656250e+01,4.000000000000000000e+01
2.300000000000000000e+01,3.900000000000000000e+01,3.963370132446289062e+01
2.353450012207031250e+01,3.900000000000000000e+01,4.000000000000000000e+01
3.700000000000000000e+01,3.900000000000000000e+01,3.963370132446289062e+01
3.646549987792968750e+01,3.900000000000000000e+01,4.000000000000000000e+01
3.700000000000000000e+01,3.859120178222656250e+01,4.000000000000000000e+01
2.400000000000000000e+01,3.932379913330078125e+01,4.000000000000000000e+01
2.400000000000000000e+01,4.000000000000000000e+01,3.932379913330078125e+01
2.500000000000000000e+01,3.989339828491210938e+01,4.000000000000000000e+01
2.500000000000000000e+01,4.000000000000000000e+01,3.989339828491210938e+01
2.522139930725097656e+01,4.000000000000000000e+01,4.000000000000000000e+01
3.500000000000000000e+01,4.000000000000000000e+01,3.989339828491210938e+01
3.477859878540039062e+01,4.000000000000000000e+01,4.000000000000000000e+01
3.500000000000000000e+01,3.989339828491210938e+01,4.000000000000000000e+01
3.600000000000000000e+01,3.932379913330078125e+01,4.000000000000000000e+01
3.600000000000000000e+01,4.000000000000000000e+01,3.932379913330078125e+01
2.600000000000000000e+01,4.034239959716796875e+01,4.000000000000000000e+01
2.600000000000000000e+01,4.100000000000000000e+01,3.927130126953125000e+01
2.700000000000000000e+01,4.066780090332031250e+01,4.000000000000000000e+01
2.700000000000000000e+01,4.100000000000000000e+01,3.963380050659179688e+01
2.800000000000000000e+01,4.090299987792968750e+01,4.000000000000000000e+01
2.800000000000000000e+01,4.100000000000000000e+01,3.989350128173828125e+01
2.866519927978515625e+01,4.100000000000000000e+01,4.000000000000000000e+01
3.200000000000000000e+01,4.100000000000000000e+01,3.989350128173828125e+01
3.133480072021484375e+01,4.100000000000000000e+01,4.000000000000000000e+01
3.200000000000000000e+01,4.090299987792968750e+01,4.000000000000000000e+01
3.300000000000000000e+01,4.066780090332031250e+01,4.000000000000000000e+01
3.300000000000000000e+01,4.100000000000000000e+01,3.963380050659179688e+01
3.400000000000000000e+01,4.034239959716796875e+01,4.000000000000000000e+01
3.400000000000000000e+01,4.100000000000000000e+01,3.927130126953125000e+01
2.900000000000000000e+01,4.104700088500976562e+01,4.000000000000000000e+01
3.000000000000000000e+01,4.109320068359375000e+01,4.000000000000000000e+01
3.100000000000000000e+01,4.104700088500976562e+01,4.000000000000000000e+01
2.900000000000000000e+01,1.900000000000000000e+01,4.005099868774414062e+01
3.000000000000000000e+01,1.900000000000000000e+01,4.010100173950195312e+01
3.100000000000000000e+01,1.900000000000000000e+01,4.005099868774414062e+01
2.600000000000000000e+01,2.000000000000000000e+01,4.034239959716796875e+01
2.700000000000000000e+01,2.000000000000000000e+01,4.066780090332031250e+01
2.800000000000000000e+01,2.000000000000000000e+01,4.090299987792968750e+01
2.866519927978515625e+01,2.000000000000000000e+01,4.100000000000000000e+01
2.900000000000000000e+01,1.994899940490722656e+01,4.100000000000000000e+01
3.000000000000000000e+01,1.989900016784667969e+01,4.100000000000000000e+01
3.100000000000000000e+01,1.994899940490722656e+01,4.100000000000000000e+01
3.200000000000000000e+01,2.000000000000000000e+01,4.090299987792968750e+01
3.133480072021484375e+01,2.000000000000000000e+01,4.100000000000000000e+01
3.300000000000000000e+01,2.000000000000000000e+01,4.066780090332031250e+01
3.400000000000000000e+01,2.000000000000000000e+01,4.034239959716796875e+01
2.400000000000000000e+01,2.100000000000000000e+01,4.029510116577148438e+01
2.500000000000000000e+01,2.100000000000000000e+01,4.080789947509765625e+01
2.544219970703125000e+01,2.100000000000000000e+01,4.100000000000000000e+01
2.600000000000000000e+01,2.072870063781738281e+01,4.100000000000000000e+01
2.700000000000000000e+01,2.036619949340820312e+01,4.100000000000000000e+01
2.800000000000000000e+01,2.010650062561035156e+01,4.100000000000000000e+01
3.200000000000000000e+01,2.010650062561035156e+01,4.100000000000000000e+01
3.300000000000000000e+01,2.036619949340820312e+01,4.100000000000000000e+01
3.400000000000000000e+01,2.072870063781738281e+01,4.100000000000000000e+01
3.500000000000000000e+01,2.100000000000000000e+01,4.080789947509765625e+01
3.455780029296875000e+01,2.100000000000000000e+01,4.100000000000000000e+01
3.600000000000000000e+01,2.100000000000000000e+01,4.029510116577148438e+01
2.300000000000000000e+01,2.200000000000000000e+01,4.048249816894531250e+01
2.384239959716796875e+01,2.200000000000000000e+01,4.100000000000000000e+01
2.400000000000000000e+01,2.187759971618652344e+01,4.100000000000000000e+01
2.500000000000000000e+01,2.123530006408691406e+01,4.100000000000000000e+01
3.500000000000000000e+01,2.123530006408691406e+01,4.100000000000000000e+01
3.600000000000000000e+01,2.187759971618652344e+01,4.100000000000000000e+01
3.700000000000000000e+01,2.200000000000000000e+01,4.048249816894531250e+01
3.615760040283203125e+01,2.200000000000000000e+01,4.100000000000000000e+01
2.200000000000000000e+01,2.300000000000000000e+01,4.048249816894531250e+01
2.272760009765625000e+01,2.300000000000000000e+01,4.100000000000000000e+01
2.300000000000000000e+01,2.272760009765625000e+01,4.100000000000000000e+01
3.700000000000000000e+01,2.272760009765625000e+01,4.100000000000000000e+01
3.800000000000000000e+01,2.300000000000000000e+01,4.048249816894531250e+01
3.727239990234375000e+01,2.300000000000000000e+01,4.100000000000000000e+01
2.100000000000000000e+01,2.400000000000000000e+01,4.029510116577148438e+01
2.187759971618652344e+01,2.400000000000000000e+01,4.100000000000000000e+01
2.200000000000000000e+01,2.384239959716796875e+01,4.100000000000000000e+01
3.800000000000000000e+01,2.384239959716796875e+01,4.100000000000000000e+01
3.900000000000000000e+01,2.400000000000000000e+01,4.029510116577148438e+01
3.812239837646484375e+01,2.400000000000000000e+01,4.100000000000000000e+01
2.100000000000000000e+01,2.500000000000000000e+01,4.080789947509765625e+01
2.123530006408691406e+01,2.500000000000000000e+01,4.100000000000000000e+01
3.900000000000000000e+01,2.500000000000000000e+01,4.080789947509765625e+01
3.876470184326171875e+01,2.500000000000000000e+01,4.100000000000000000e+01
2.000000000000000000e+01,2.600000000000000000e+01,4.034239959716796875e+01
2.072870063781738281e+01,2.600000000000000000e+01,4.100000000000000000e+01
2.100000000000000000e+01,2.544219970703125000e+01,4.100000000000000000e+01
3.900000000000000000e+01,2.544219970703125000e+01,4.100000000000000000e+01
4.000000000000000000e+01,2.600000000000000000e+01,4.034239959716796875e+01
3.927130126953125000e+01,2.600000000000000000e+01,4.100000000000000000e+01
2.000000000000000000e+01,2.700000000000000000e+01,4.066780090332031250e+01
2.036619949340820312e+01,2.700000000000000000e+01,4.100000000000000000e+01
4.000000000000000000e+01,2.700000000000000000e+01,4.066780090332031250e+01
3.963380050659179688e+01,2.700000000000000000e+01,4.100000000000000000e+01
2.000000000000000000e+01,2.800000000000000000e+01,4.090299987792968750e+01
2.010650062561035156e+01,2.800000000000000000e+01,4.100000000000000000e+01
4.000000000000000000e+01,2.800000000000000000e+01,4.090299987792968750e+01
3.989350128173828125e+01,2.800000000000000000e+01,4.100000000000000000e+01
1.900000000000000000e+01,2.900000000000000000e+01,4.005099868774414062e+01
1.994899940490722656e+01,2.900000000000000000e+01,4.100000000000000000e+01
2.000000000000000000e+01,2.866519927978515625e+01,4.100000000000000000e+01
4.000000000000000000e+01,2.866519927978515625e+01,4.100000000000000000e+01
4.100000000000000000e+01,2.900000000000000000e+01,4.005099868774414062e+01
4.005099868774414062e+01,2.900000000000000000e+01,4.100000000000000000e+01
1.900000000000000000e+01,3.000000000000000000e+01,4.010100173950195312e+01
1.989900016784667969e+01,3.000000000000000000e+01,4.100000000000000000e+01
4.100000000000000000e+01,3.000000000000000000e+01,4.010100173950195312e+01
4.010100173950195312e+01,3.000000000000000000e+01,4.100000000000000000e+01
1.900000000000000000e+01,3.100000000000000000e+01,4.005099868774414062e+01
1.994899940490722656e+01,3.100000000000000000e+01,4.100000000000000000e+01
4.100000000000000000e+01,3.100000000000000000e+01,4.005099868774414062e+01
4.005099868774414062e+01,3.100000000000000000e+01,4.100000000000000000e+01
2.000000000000000000e+01,3.133480072021484375e+01,4.100000000000000000e+01
2.000000000000000000e+01,3.200000000000000000e+01,4.090299987792968750e+01
2.010650062561035156e+01,3.200000000000000000e+01,4.100000000000000000e+01
4.000000000000000000e+01,3.200000000000000000e+01,4.090299987792968750e+01
3.989350128173828125e+01,3.200000000000000000e+01,4.100000000000000000e+01
4.000000000000000000e+01,3.133480072021484375e+01,4.100000000000000000e+01
2.000000000000000000e+01,3.300000000000000000e+01,4.066780090332031250e+01
2.036619949340820312e+01,3.300000000000000000e+01,4.100000000000000000e+01
4.000000000000000000e+01,3.300000000000000000e+01,4.066780090332031250e+01
3.963380050659179688e+01,3.300000000000000000e+01,4.100000000000000000e+01
2.000000000000000000e+01,3.400000000000000000e+01,4.034239959716796875e+01
2.072870063781738281e+01,3.400000000000000000e+01,4.100000000000000000e+01
4.000000000000000000e+01,3.400000000000000000e+01,4.034239959716796875e+01
3.927130126953125000e+01,3.400000000000000000e+01,4.100000000000000000e+01
2.100000000000000000e+01,3.455780029296875000e+01,4.100000000000000000e+01
2.100000000000000000e+01,3.500000000000000000e+01,4.080789947509765625e+01
2.123530006408691406e+01,3.500000000000000000e+01,4.100000000000000000e+01
3.900000000000000000e+01,3.500000000000000000e+01,4.080789947509765625e+01
3.876470184326171875e+01,3.500000000000000000e+01,4.100000000000000000e+01
3.900000000000000000e+01,3.455780029296875000e+01,4.100000000000000000e+01
2.100000000000000000e+01,3.600000000000000000e+01,4.029510116577148438e+01
2.187759971618652344e+01,3.600000000000000000e+01,4.100000000000000000e+01
3.900000000000000000e+01,3.600000000000000000e+01,4.029510116577148438e+01
3.812239837646484375e+01,3.600000000000000000e+01,4.100000000000000000e+01
2.200000000000000000e+01,3.615760040283203125e+01,4.100000000000000000e+01
2.200000000000000000e+01,3.700000000000000000e+01,4.048249816894531250e+01
2.272760009765625000e+01,3.700000000000000000e+01,4.100000000000000000e+01
3.800000000000000000e+01,3.700000000000000000e+01,4.048249816894531250e+01
3.727239990234375000e+01,3.700000000000000000e+01,4.100000000000000000e+01
3.800000000000000000e+01,3.615760040283203125e+01,4.100000000000000000e+01
2.300000000000000000e+01,3.727239990234375000e+01,4.100000000000000000e+01
2.300000000000000000e+01,3.800000000000000000e+01,4.048249816894531250e+01
2.384239959716796875e+01,3.800000000000000000e+01,4.100000000000000000e+01
3.700000000000000000e+01,3.800000000000000000e+01,4.048249816894531250e+01
3.615760040283203125e+01,3.800000000000000000e+01,4.100000000000000000e+01
3.700000000000000000e+01,3.727239990234375000e+01,4.100000000000000000e+01
2.400000000000000000e+01,3.812239837646484375e+01,4.100000000000000000e+01
2.400000000000000000e+01,3.900000000000000000e+01,4.029510116577148438e+01
2.500000000000000000e+01,3.876470184326171875e+01,4.100000000000000000e+01
2.500000000000000000e+01,3.900000000000000000e+01,4.080789947509765625e+01
2.544219970703125000e+01,3.900000000000000000e+01,4.100000000000000000e+01
3.500000000000000000e+01,3.900000000000000000e+01,4.080789947509765625e+01
3.455780029296875000e+01,3.900000000000000000e+01,4.100000000000000000e+01
3.500000000000000000e+01,3.876470184326171875e+01,4.100000000000000000e+01
3.600000000000000000e+01,3.812239837646484375e+01,4.100000000000000000e+01
3.600000000000000000e+01,3.900000000000000000e+01,4.029510116577148438e+01
2.600000000000000000e+01,3.927130126953125000e+01,4.100000000000000000e+01
2.600000000000000000e+01,4.000000000000000000e+01,4.034239959716796875e+01
2.700000000000000000e+01,3.963380050659179688e+01,4.100000000000000000e+01
2.700000000000000000e+01,4.000000000000000000e+01,4.066780090332031250e+01
2.800000000000000000e+01,3.989350128173828125e+01,4.100000000000000000e+01
2.800000000000000000e+01,4.000000000000000000e+01,4.090299987792968750e+01
2.866519927978515625e+01,4.000000000000000000e+01,4.100000000000000000e+01
3.200000000000000000e+01,4.000000000000000000e+01,4.090299987792968750e+01
3.133480072021484375e+01,4.000000000000000000e+01,4.100000000000000000e+01
3.200000000000000000e+01,3.989350128173828125e+01,4.100000000000000000e+01
3.300000000000000000e+01,3.963380050659179688e+01,4.100000000000000000e+01
3.300000000000000000e+01,4.000000000000000000e+01,4.066780090332031250e+01
3.400000000000000000e+01,3.927130126953125000e+01,4.100000000000000000e+01
3.400000000000000000e+01,4.000000000000000000e+01,4.034239959716796875e+01
2.900000000000000000e+01,4.005099868774414062e+01,4.100000000000000000e+01
2.900000000000000000e+01,4.100000000000000000e+01,4.005099868774414062e+01
3.000000000000000000e+01,4.010100173950195312e+01,4.100000000000000000e+01
3.000000000000000000e+01,4.100000000000000000e+01,4.010100173950195312e+01
3.100000000000000000e+01,4.005099868774414062e+01,4.100000000000000000e+01
3.100000000000000000e+01,4.100000000000000000e+01,4.005099868774414062e+01
2.900000000000000000e+01,2.000000000000000000e+01,4.104700088500976562e+01
3.000000000000000000e+01,2.000000000000000000e+01,4.109320068359375000e+01
3.100000000000000000e+01,2.000000000000000000e+01,4.104700088500976562e+01
2.600000000000000000e+01,2.100000000000000000e+01,4.122779846191406250e+01
2.700000000000000000e+01,2.100000000000000000e+01,4.152730178833007812e+01
2.800000000000000000e+01,2.100000000000000000e+01,4.173799896240234375e+01
2.900000000000000000e+01,2.100000000000000000e+01,4.186700057983398438e+01
3.000000000000000000e+01,2.100000000000000000e+01,4.191080093383789062e+01
3.100000000000000000e+01,2.100000000000000000e+01,4.186700057983398438e+01
3.200000000000000000e+01,2.100000000000000000e+01,4.173799896240234375e+01
3.300000000000000000e+01,2.100000000000000000e+01,4.152730178833007812e+01
3.400000000000000000e+01,2.100000000000000000e+01,4.122779846191406250e+01
2.400000000000000000e+01,2.200000000000000000e+01,4.109320068359375000e+01
2.500000000000000000e+01,2.200000000000000000e+01,4.156930160522460938e+01
2.600000000000000000e+01,2.200000000000000000e+01,4.195510101318359375e+01
2.614220046997070312e+01,2.200000000000000000e+01,4.200000000000000000e+01
2.700000000000000000e+01,2.164030075073242188e+01,4.200000000000000000e+01
2.800000000000000000e+01,2.135090065002441406e+01,4.200000000000000000e+01
2.900000000000000000e+01,2.117700004577636719e+01,4.200000000000000000e+01
3.000000000000000000e+01,2.111840057373046875e+01,4.200000000000000000e+01
3.100000000000000000e+01,2.117700004577636719e+01,4.200000000000000000e+01
3.200000000000000000e+01,2.135090065002441406e+01,4.200000000000000000e+01
3.300000000000000000e+01,2.164030075073242188e+01,4.200000000000000000e+01
3.400000000000000000e+01,2.200000000000000000e+01,4.195510101318359375e+01
3.385779953002929688e+01,2.200000000000000000e+01,4.200000000000000000e+01
3.500000000000000000e+01,2.200000000000000000e+01,4.156930160522460938e+01
3.600000000000000000e+01,2.200000000000000000e+01,4.109320068359375000e+01
2.300000000000000000e+01,2.300000000000000000e+01,4.118349838256835938e+01
2.400000000000000000e+01,2.300000000000000000e+01,4.173799896240234375e+01
2.454199981689453125e+01,2.300000000000000000e+01,4.200000000000000000e+01
2.500000000000000000e+01,2.266090011596679688e+01,4.200000000000000000e+01
2.600000000000000000e+01,2.206699943542480469e+01,4.200000000000000000e+01
3.400000000000000000e+01,2.206699943542480469e+01,4.200000000000000000e+01
3.500000000000000000e+01,2.266090011596679688e+01,4.200000000000000000e+01
3.600000000000000000e+01,2.300000000000000000e+01,4.173799896240234375e+01
3.545800018310546875e+01,2.300000000000000000e+01,4.200000000000000000e+01
3.700000000000000000e+01,2.300000000000000000e+01,4.118349838256835938e+01
2.200000000000000000e+01,2.400000000000000000e+01,4.109320068359375000e+01
2.300000000000000000e+01,2.400000000000000000e+01,4.173799896240234375e+01
2.345829963684082031e+01,2.400000000000000000e+01,4.200000000000000000e+01
2.400000000000000000e+01,2.345829963684082031e+01,4.200000000000000000e+01
3.600000000000000000e+01,2.345829963684082031e+01,4.200000000000000000e+01
3.700000000000000000e+01,2.400000000000000000e+01,4.173799896240234375e+01
3.654169845581054688e+01,2.400000000000000000e+01,4.200000000000000000e+01
3.800000000000000000e+01,2.400000000000000000e+01,4.109320068359375000e+01
2.200000000000000000e+01,2.500000000000000000e+01,4.156930160522460938e+01
2.266090011596679688e+01,2.500000000000000000e+01,4.200000000000000000e+01
2.300000000000000000e+01,2.454199981689453125e+01,4.200000000000000000e+01
3.700000000000000000e+01,2.454199981689453125e+01,4.200000000000000000e+01
3.800000000000000000e+01,2.500000000000000000e+01,4.156930160522460938e+01
3.733909988403320312e+01,2.500000000000000000e+01,4.200000000000000000e+01
2.100000000000000000e+01,2.600000000000000000e+01,4.122779846191406250e+01
2.200000000000000000e+01,2.600000000000000000e+01,4.195510101318359375e+01
2.206699943542480469e+01,2.600000000000000000e+01,4.200000000000000000e+01
3.800000000000000000e+01,2.600000000000000000e+01,4.195510101318359375e+01
3.793299865722656250e+01,2.600000000000000000e+01,4.200000000000000000e+01
3.900000000000000000e+01,2.600000000000000000e+01,4.122779846191406250e+01
2.100000000000000000e+01,2.700000000000000000e+01,4.152730178833007812e+01
2.164030075073242188e+01,2.700000000000000000e+01,4.200000000000000000e+01
2.200000000000000000e+01,2.614220046997070312e+01,4.200000000000000000e+01
3.800000000000000000e+01,2.614220046997070312e+01,4.200000000000000000e+01
3.900000000000000000e+01,2.700000000000000000e+01,4.152730178833007812e+01
3.835969924926757812e+01,2.700000000000000000e+01,4.200000000000000000e+01
2.100000000000000000e+01,2.800000000000000000e+01,4.173799896240234375e+01
2.135090065002441406e+01,2.800000000000000000e+01,4.200000000000000000e+01
3.900000000000000000e+01,2.800000000000000000e+01,4.173799896240234375e+01
3.864910125732421875e+01,2.800000000000000000e+01,4.200000000000000000e+01
2.000000000000000000e+01,2.900000000000000000e+01,4.104700088500976562e+01
2.100000000000000000e+01,2.900000000000000000e+01,4.186700057983398438e+01
2.117700004577636719e+01,2.900000000000000000e+01,4.200000000000000000e+01
3.900000000000000000e+01,2.900000000000000000e+01,4.186700057983398438e+01
3.882300186157226562e+01,2.900000000000000000e+01,4.200000000000000000e+01
4.000000000000000000e+01,2.900000000000000000e+01,4.104700088500976562e+01
2.000000000000000000e+01,3.000000000000000000e+01,4.109320068359375000e+01
2.100000000000000000e+01,3.000000000000000000e+01,4.191080093383789062e+01
2.111840057373046875e+01,3.000000000000000000e+01,4.200000000000000000e+01
3.900000000000000000e+01,3.000000000000000000e+01,4.191080093383789062e+01
3.888159942626953125e+01,3.000000000000000000e+01,4.200000000000000000e+01
4.000000000000000000e+01,3.000000000000000000e+01,4.109320068359375000e+01
2.000000000000000000e+01,3.100000000000000000e+01,4.104700088500976562e+01
2.100000000000000000e+01,3.100000000000000000e+01,4.186700057983398438e+01
2.117700004577636719e+01,3.100000000000000000e+01,4.200000000000000000e+01
3.900000000000000000e+01,3.100000000000000000e+01,4.186700057983398438e+01
3.882300186157226562e+01,3.100000000000000000e+01,4.200000000000000000e+01
4.000000000000000000e+01,3.100000000000000000e+01,4.104700088500976562e+01
2.100000000000000000e+01,3.200000000000000000e+01,4.173799896240234375e+01
2.135090065002441406e+01,3.200000000000000000e+01,4.200000000000000000e+01
3.900000000000000000e+01,3.200000000000000000e+01,4.173799896240234375e+01
3.864910125732421875e+01,3.200000000000000000e+01,4.200000000000000000e+01
2.100000000000000000e+01,3.300000000000000000e+01,4.152730178833007812e+01
2.164030075073242188e+01,3.300000000000000000e+01,4.200000000000000000e+01
3.900000000000000000e+01,3.300000000000000000e+01,4.152730178833007812e+01
3.835969924926757812e+01,3.300000000000000000e+01,4.200000000000000000e+01
2.100000000000000000e+01,3.400000000000000000e+01,4.122779846191406250e+01
2.200000000000000000e+01,3.385779953002929688e+01,4.200000000000000000e+01
2.200000000000000000e+01,3.400000000000000000e+01,4.195510101318359375e+01
2.206699943542480469e+01,3.400000000000000000e+01,4.200000000000000000e+01
3.800000000000000000e+01,3.400000000000000000e+01,4.195510101318359375e+01
3.793299865722656250e+01,3.400000000000000000e+01,4.200000000000000000e+01
3.800000000000000000e+01,3.385779953002929688e+01,4.200000000000000000e+01
3.900000000000000000e+01,3.400000000000000000e+01,4.122779846191406250e+01
2.200000000000000000e+01,3.500000000000000000e+01,4.156930160522460938e+01
2.266090011596679688e+01,3.500000000000000000e+01,4.200000000000000000e+01
3.800000000000000000e+01,3.500000000000000000e+01,4.156930160522460938e+01
3.733909988403320312e+01,3.500000000000000000e+01,4.200000000000000000e+01
2.200000000000000000e+01,3.600000000000000000e+01,4.109320068359375000e+01
2.300000000000000000e+01,3.545800018310546875e+01,4.200000000000000000e+01
2.300000000000000000e+01,3.600000000000000000e+01,4.173799896240234375e+01
2.345829963684082031e+01,3.600000000000000000e+01,4.200000000000000000e+01
3.700000000000000000e+01,3.600000000000000000e+01,4.173799896240234375e+01
3.654169845581054688e+01,3.600000000000000000e+01,4.200000000000000000e+01
3.700000000000000000e+01,3.545800018310546875e+01,4.200000000000000000e+01
3.800000000000000000e+01,3.600000000000000000e+01,4.109320068359375000e+01
2.300000000000000000e+01,3.700000000000000000e+01,4.118349838256835938e+01
2.400000000000000000e+01,3.654169845581054688e+01,4.200000000000000000e+01
2.400000000000000000e+01,3.700000000000000000e+01,4.173799896240234375e+01
2.454199981689453125e+01,3.700000000000000000e+01,4.200000000000000000e+01
3.600000000000000000e+01,3.700000000000000000e+01,4.173799896240234375e+01
3.545800018310546875e+01,3.700000000000000000e+01,4.200000000000000000e+01
3.600000000000000000e+01,3.654169845581054688e+01,4.200000000000000000e+01
3.700000000000000000e+01,3.700000000000000000e+01,4.118349838256835938e+01
2.400000000000000000e+01,3.800000000000000000e+01,4.109320068359375000e+01
2.500000000000000000e+01,3.733909988403320312e+01,4.200000000000000000e+01
2.500000000000000000e+01,3.800000000000000000e+01,4.156930160522460938e+01
2.600000000000000000e+01,3.793299865722656250e+01,4.200000000000000000e+01
2.600000000000000000e+01,3.800000000000000000e+01,4.195510101318359375e+01
2.614220046997070312e+01,3.800000000000000000e+01,4.200000000000000000e+01
3.400000000000000000e+01,3.800000000000000000e+01,4.195510101318359375e+01
3.385779953002929688e+01,3.800000000000000000e+01,4.200000000000000000e+01
3.400000000000000000e+01,3.793299865722656250e+01,4.200000000000000000e+01
3.500000000000000000e+01,3.733909988403320312e+01,4.200000000000000000e+01
3.500000000000000000e+01,3.800000000000000000e+01,4.156930160522460938e+01
3.600000000000000000e+01,3.800000000000000000e+01,4.109320068359375000e+01
2.600000000000000000e+01,3.900000000000000000e+01,4.122779846191406250e+01
2.700000000000000000e+01,3.835969924926757812e+01,4.200000000000000000e+01
2.700000000000000000e+01,3.900000000000000000e+01,4.152730178833007812e+01
2.800000000000000000e+01,3.864910125732421875e+01,4.200000000000000000e+01
2.800000000000000000e+01,3.900000000000000000e+01,4.173799896240234375e+01
2.900000000000000000e+01,3.882300186157226562e+01,4.200000000000000000e+01
2.900000000000000000e+01,3.900000000000000000e+01,4.186700057983398438e+01
3.000000000000000000e+01,3.888159942626953125e+01,4.200000000000000000e+01
3.000000000000000000e+01,3.900000000000000000e+01,4.191080093383789062e+01
3.100000000000000000e+01,3.882300186157226562e+01,4.200000000000000000e+01
3.100000000000000000e+01,3.900000000000000000e+01,4.186700057983398438e+01
3.200000000000000000e+01,3.864910125732421875e+01,4.200000000000000000e+01
3.200000000000000000e+01,3.900000000000000000e+01,4.173799896240234375e+01
3.300000000000000000e+01,3.835969924926757812e+01,4.200000000000000000e+01
3.300000000000000000e+01,3.900000000000000000e+01,4.152730178833007812e+01
3.400000000000000000e+01,3.900000000000000000e+01,4.122779846191406250e+01
2.900000000000000000e+01,4.000000000000000000e+01,4.104700088500976562e+01
3.000000000000000000e+01,4.000000000000000000e+01,4.109320068359375000e+01
3.100000000000000000e+01,4.000000000000000000e+01,4.104700088500976562e+01
2.700000000000000000e+01,2.200000000000000000e+01,4.225210189819335938e+01
2.800000000000000000e+01,2.200000000000000000e+01,4.244889831542968750e+01
2.900000000000000000e+01,2.200000000000000000e+01,4.256449890136718750e+01
3.000000000000000000e+01,2.200000000000000000e+01,4.260290145874023438e+01
3.100000000000000000e+01,2.200000000000000000e+01,4.256449890136718750e+01
3.200000000000000000e+01,2.200000000000000000e+01,4.244889831542968750e+01
3.300000000000000000e+01,2.200000000000000000e+01,4.225210189819335938e+01
2.500000000000000000e+01,2.300000000000000000e+01,4.221160125732421875e+01
2.600000000000000000e+01,2.300000000000000000e+01,4.256449890136718750e+01
2.700000000000000000e+01,2.300000000000000000e+01,4.283670043945312500e+01
2.779809951782226562e+01,2.300000000000000000e+01,4.300000000000000000e+01
2.800000000000000000e+01,2.293059921264648438e+01,4.300000000000000000e+01
2.900000000000000000e+01,2.272739982604980469e+01,4.300000000000000000e+01
3.000000000000000000e+01,2.266069984436035156e+01,4.300000000000000000e+01
3.100000000000000000e+01,2.272739982604980469e+01,4.300000000000000000e+01
3.200000000000000000e+01,2.293059921264648438e+01,4.300000000000000000e+01
3.300000000000000000e+01,2.300000000000000000e+01,4.283670043945312500e+01
3.220190048217773438e+01,2.300000000000000000e+01,4.300000000000000000e+01
3.400000000000000000e+01,2.300000000000000000e+01,4.256449890136718750e+01
3.500000000000000000e+01,2.300000000000000000e+01,4.221160125732421875e+01
2.400000000000000000e+01,2.400000000000000000e+01,4.229219818115234375e+01
2.500000000000000000e+01,2.400000000000000000e+01,4.271870040893554688e+01
2.577479934692382812e+01,2.400000000000000000e+01,4.300000000000000000e+01
2.600000000000000000e+01,2.384219932556152344e+01,4.300000000000000000e+01
2.700000000000000000e+01,2.330610084533691406e+01,4.300000000000000000e+01
3.300000000000000000e+01,2.330610084533691406e+01,4.300000000000000000e+01
3.400000000000000000e+01,2.384219932556152344e+01,4.300000000000000000e+01
3.500000000000000000e+01,2.400000000000000000e+01,4.271870040893554688e+01
3.422520065307617188e+01,2.400000000000000000e+01,4.300000000000000000e+01
3.600000000000000000e+01,2.400000000000000000e+01,4.229219818115234375e+01
2.300000000000000000e+01,2.500000000000000000e+01,4.221160125732421875e+01
2.400000000000000000e+01,2.500000000000000000e+01,4.271870040893554688e+01
2.463229942321777344e+01,2.500000000000000000e+01,4.300000000000000000e+01
2.500000000000000000e+01,2.463229942321777344e+01,4.300000000000000000e+01
3.500000000000000000e+01,2.463229942321777344e+01,4.300000000000000000e+01
3.600000000000000000e+01,2.500000000000000000e+01,4.271870040893554688e+01
3.536769866943359375e+01,2.500000000000000000e+01,4.300000000000000000e+01
3.700000000000000000e+01,2.500000000000000000e+01,4.221160125732421875e+01
2.300000000000000000e+01,2.600000000000000000e+01,4.256449890136718750e+01
2.384219932556152344e+01,2.600000000000000000e+01,4.300000000000000000e+01
2.400000000000000000e+01,2.577479934692382812e+01,4.300000000000000000e+01
3.600000000000000000e+01,2.577479934692382812e+01,4.300000000000000000e+01
3.700000000000000000e+01,2.600000000000000000e+01,4.256449890136718750e+01
3.615779876708984375e+01,2.600000000000000000e+01,4.300000000000000000e+01
2.200000000000000000e+01,2.700000000000000000e+01,4.225210189819335938e+01
2.300000000000000000e+01,2.700000000000000000e+01,4.283670043945312500e+01
2.330610084533691406e+01,2.700000000000000000e+01,4.300000000000000000e+01
3.700000000000000000e+01,2.700000000000000000e+01,4.283670043945312500e+01
3.669390106201171875e+01,2.700000000000000000e+01,4.300000000000000000e+01
3.800000000000000000e+01,2.700000000000000000e+01,4.225210189819335938e+01
2.200000000000000000e+01,2.800000000000000000e+01,4.244889831542968750e+01
2.293059921264648438e+01,2.800000000000000000e+01,4.300000000000000000e+01
2.300000000000000000e+01,2.779809951782226562e+01,4.300000000000000000e+01
3.700000000000000000e+01,2.779809951782226562e+01,4.300000000000000000e+01
3.800000000000000000e+01,2.800000000000000000e+01,4.244889831542968750e+01
3.706940078735351562e+01,2.800000000000000000e+01,4.300000000000000000e+01
2.200000000000000000e+01,2.900000000000000000e+01,4.256449890136718750e+01
2.272739982604980469e+01,2.900000000000000000e+01,4.300000000000000000e+01
3.800000000000000000e+01,2.900000000000000000e+01,4.256449890136718750e+01
3.727259826660156250e+01,2.900000000000000000e+01,4.300000000000000000e+01
2.200000000000000000e+01,3.000000000000000000e+01,4.260290145874023438e+01
2.266069984436035156e+01,3.000000000000000000e+01,4.300000000000000000e+01
3.800000000000000000e+01,3.000000000000000000e+01,4.260290145874023438e+01
3.733929824829101562e+01,3.000000000000000000e+01,4.300000000000000000e+01
2.200000000000000000e+01,3.100000000000000000e+01,4.256449890136718750e+01
2.272739982604980469e+01,3.100000000000000000e+01,4.300000000000000000e+01
3.800000000000000000e+01,3.100000000000000000e+01,4.256449890136718750e+01
3.727259826660156250e+01,3.100000000000000000e+01,4.300000000000000000e+01
2.200000000000000000e+01,3.200000000000000000e+01,4.244889831542968750e+01
2.293059921264648438e+01,3.200000000000000000e+01,4.300000000000000000e+01
3.800000000000000000e+01,3.200000000000000000e+01,4.244889831542968750e+01
3.706940078735351562e+01,3.200000000000000000e+01,4.300000000000000000e+01
2.200000000000000000e+01,3.300000000000000000e+01,4.225210189819335938e+01
2.300000000000000000e+01,3.220190048217773438e+01,4.300000000000000000e+01
2.300000000000000000e+01,3.300000000000000000e+01,4.283670043945312500e+01
2.330610084533691406e+01,3.300000000000000000e+01,4.300000000000000000e+01
3.700000000000000000e+01,3.300000000000000000e+01,4.283670043945312500e+01
3.669390106201171875e+01,3.300000000000000000e+01,4.300000000000000000e+01
3.700000000000000000e+01,3.220190048217773438e+01,4.300000000000000000e+01
3.800000000000000000e+01,3.300000000000000000e+01,4.225210189819335938e+01
2.300000000000000000e+01,3.400000000000000000e+01,4.256449890136718750e+01
2.384219932556152344e+01,3.400000000000000000e+01,4.300000000000000000e+01
3.700000000000000000e+01,3.400000000000000000e+01,4.256449890136718750e+01
3.615779876708984375e+01,3.400000000000000000e+01,4.300000000000000000e+01
2.300000000000000000e+01,3.500000000000000000e+01,4.221160125732421875e+01
2.400000000000000000e+01,3.422520065307617188e+01,4.300000000000000000e+01
2.400000000000000000e+01,3.500000000000000000e+01,4.271870040893554688e+01
2.463229942321777344e+01,3.500000000000000000e+01,4.300000000000000000e+01
3.600000000000000000e+01,3.500000000000000000e+01,4.271870040893554688e+01
3.536769866943359375e+01,3.500000000000000000e+01,4.300000000000000000e+01
3.600000000000000000e+01,3.422520065307617188e+01,4.300000000000000000e+01
3.700000000000000000e+01,3.500000000000000000e+01,4.221160125732421875e+01
2.400000000000000000e+01,3.600000000000000000e+01,4.229219818115234375e+01
2.500000000000000000e+01,3.536769866943359375e+01,4.300000000000000000e+01
2.500000000000000000e+01,3.600000000000000000e+01,4.271870040893554688e+01
2.577479934692382812e+01,3.600000000000000000e+01,4.300000000000000000e+01
3.500000000000000000e+01,3.600000000000000000e+01,4.271870040893554688e+01
3.422520065307617188e+01,3.600000000000000000e+01,4.300000000000000000e+01
3.500000000000000000e+01,3.536769866943359375e+01,4.300000000000000000e+01
3.600000000000000000e+01,3.600000000000000000e+01,4.229219818115234375e+01
2.500000000000000000e+01,3.700000000000000000e+01,4.221160125732421875e+01
2.600000000000000000e+01,3.615779876708984375e+01,4.300000000000000000e+01
2.600000000000000000e+01,3.700000000000000000e+01,4.256449890136718750e+01
2.700000000000000000e+01,3.669390106201171875e+01,4.300000000000000000e+01
2.700000000000000000e+01,3.700000000000000000e+01,4.283670043945312500e+01
2.779809951782226562e+01,3.700000000000000000e+01,4.300000000000000000e+01
3.300000000000000000e+01,3.700000000000000000e+01,4.283670043945312500e+01
3.220190048217773438e+01,3.700000000000000000e+01,4.300000000000000000e+01
3.300000000000000000e+01,3.669390106201171875e+01,4.300000000000000000e+01
3.400000000000000000e+01,3.615779876708984375e+01,4.300000000000000000e+01
3.400000000000000000e+01,3.700000000000000000e+01,4.256449890136718750e+01
3.500000000000000000e+01,3.700000000000000000e+01,4.221160125732421875e+01
2.700000000000000000e+01,3.800000000000000000e+01,4.225210189819335938e+01
2.800000000000000000e+01,3.706940078735351562e+01,4.300000000000000000e+01
2.800000000000000000e+01,3.800000000000000000e+01,4.244889831542968750e+01
2.900000000000000000e+01,3.727259826660156250e+01,4.300000000000000000e+01
2.900000000000000000e+01,3.800000000000000000e+01,4.256449890136718750e+01
3.000000000000000000e+01,3.733929824829101562e+01,4.300000000000000000e+01
3.000000000000000000e+01,3.800000000000000000e+01,4.260290145874023438e+01
3.100000000000000000e+01,3.727259826660156250e+01,4.300000000000000000e+01
3.100000000000000000e+01,3.800000000000000000e+01,4.256449890136718750e+01
3.200000000000000000e+01,3.706940078735351562e+01,4.300000000000000000e+01
3.200000000000000000e+01,3.800000000000000000e+01,4.244889831542968750e+01
3.300000000000000000e+01,3.800000000000000000e+01,4.225210189819335938e+01
2.800000000000000000e+01,2.300000000000000000e+01,4.304109954833984375e+01
2.900000000000000000e+01,2.300000000000000000e+01,4.315980148315429688e+01
3.000000000000000000e+01,2.300000000000000000e+01,4.319800186157226562e+01
3.100000000000000000e+01,2.300000000000000000e+01,4.315980148315429688e+01
3.200000000000000000e+01,2.300000000000000000e+01,4.304109954833984375e+01
2.600000000000000000e+01,2.400000000000000000e+01,4.308129882812500000e+01
2.700000000000000000e+01,2.400000000000000000e+01,4.334640121459960938e+01
2.800000000000000000e+01,2.400000000000000000e+01,4.352500152587890625e+01
2.900000000000000000e+01,2.400000000000000000e+01,4.363109970092773438e+01
3.000000000000000000e+01,2.400000000000000000e+01,4.366659927368164062e+01
3.100000000000000000e+01,2.400000000000000000e+01,4.363109970092773438e+01
3.200000000000000000e+01,2.400000000000000000e+01,4.352500152587890625e+01
3.300000000000000000e+01,2.400000000000000000e+01,4.334640121459960938e+01
3.400000000000000000e+01,2.400000000000000000e+01,4.308129882812500000e+01
2.500000000000000000e+01,2.500000000000000000e+01,4.315969848632812500e+01
2.600000000000000000e+01,2.500000000000000000e+01,4.348960113525390625e+01
2.700000000000000000e+01,2.500000000000000000e+01,4.373809814453125000e+01
2.800000000000000000e+01,2.500000000000000000e+01,4.392279815673828125e+01
2.866370010375976562e+01,2.500000000000000000e+01,4.400000000000000000e+01
2.900000000000000000e+01,2.490649986267089844e+01,4.400000000000000000e+01
3.000000000000000000e+01,2.481439971923828125e+01,4.400000000000000000e+01
3.100000000000000000e+01,2.490649986267089844e+01,4.400000000000000000e+01
3.200000000000000000e+01,2.500000000000000000e+01,4.392279815673828125e+01
3.133629989624023438e+01,2.500000000000000000e+01,4.400000000000000000e+01
3.300000000000000000e+01,2.500000000000000000e+01,4.373809814453125000e+01
3.400000000000000000e+01,2.500000000000000000e+01,4.348960113525390625e+01
3.500000000000000000e+01,2.500000000000000000e+01,4.315969848632812500e+01
2.400000000000000000e+01,2.600000000000000000e+01,4.308129882812500000e+01
2.500000000000000000e+01,2.600000000000000000e+01,4.348960113525390625e+01
2.600000000000000000e+01,2.600000000000000000e+01,4.381079864501953125e+01
2.671129989624023438e+01,2.600000000000000000e+01,4.400000000000000000e+01
2.700000000000000000e+01,2.577440071105957031e+01,4.400000000000000000e+01
2.800000000000000000e+01,2.522080039978027344e+01,4.400000000000000000e+01
3.200000000000000000e+01,2.522080039978027344e+01,4.400000000000000000e+01
3.300000000000000000e+01,2.577440071105957031e+01,4.400000000000000000e+01
3.400000000000000000e+01,2.600000000000000000e+01,4.381079864501953125e+01
3.328870010375976562e+01,2.600000000000000000e+01,4.400000000000000000e+01
3.500000000000000000e+01,2.600000000000000000e+01,4.348960113525390625e+01
3.600000000000000000e+01,2.600000000000000000e+01,4.308129882812500000e+01
2.400000000000000000e+01,2.700000000000000000e+01,4.334640121459960938e+01
2.500000000000000000e+01,2.700000000000000000e+01,4.373809814453125000e+01
2.577440071105957031e+01,2.700000000000000000e+01,4.400000000000000000e+01
2.600000000000000000e+01,2.671129989624023438e+01,4.400000000000000000e+01
3.400000000000000000e+01,2.671129989624023438e+01,4.400000000000000000e+01
3.500000000000000000e+01,2.700000000000000000e+01,4.373809814453125000e+01
3.422560119628906250e+01,2.700000000000000000e+01,4.400000000000000000e+01
3.600000000000000000e+01,2.700000000000000000e+01,4.334640121459960938e+01
2.300000000000000000e+01,2.800000000000000000e+01,4.304109954833984375e+01
2.400000000000000000e+01,2.800000000000000000e+01,4.352500152587890625e+01
2.500000000000000000e+01,2.800000000000000000e+01,4.392279815673828125e+01
2.522080039978027344e+01,2.800000000000000000e+01,4.400000000000000000e+01
3.500000000000000000e+01,2.800000000000000000e+01,4.392279815673828125e+01
3.477920150756835938e+01,2.800000000000000000e+01,4.400000000000000000e+01
3.600000000000000000e+01,2.800000000000000000e+01,4.352500152587890625e+01
3.700000000000000000e+01,2.800000000000000000e+01,4.304109954833984375e+01
2.300000000000000000e+01,2.900000000000000000e+01,4.315980148315429688e+01
2.400000000000000000e+01,2.900000000000000000e+01,4.363109970092773438e+01
2.490649986267089844e+01,2.900000000000000000e+01,4.400000000000000000e+01
2.500000000000000000e+01,2.866370010375976562e+01,4.400000000000000000e+01
3.500000000000000000e+01,2.866370010375976562e+01,4.400000000000000000e+01
3.600000000000000000e+01,2.900000000000000000e+01,4.363109970092773438e+01
3.509349822998046875e+01,2.900000000000000000e+01,4.400000000000000000e+01
3.700000000000000000e+01,2.900000000000000000e+01,4.315980148315429688e+01
2.300000000000000000e+01,3.000000000000000000e+01,4.319800186157226562e+01
2.400000000000000000e+01,3.000000000000000000e+01,4.366659927368164062e+01
2.481439971923828125e+01,3.000000000000000000e+01,4.400000000000000000e+01
3.600000000000000000e+01,3.000000000000000000e+01,4.366659927368164062e+01
3.518560028076171875e+01,3.000000000000000000e+01,4.400000000000000000e+01
3.700000000000000000e+01,3.000000000000000000e+01,4.319800186157226562e+01
2.300000000000000000e+01,3.100000000000000000e+01,4.315980148315429688e+01
2.400000000000000000e+01,3.100000000000000000e+01,4.363109970092773438e+01
2.490649986267089844e+01,3.100000000000000000e+01,4.400000000000000000e+01
3.600000000000000000e+01,3.100000000000000000e+01,4.363109970092773438e+01
3.509349822998046875e+01,3.100000000000000000e+01,4.400000000000000000e+01
3.700000000000000000e+01,3.100000000000000000e+01,4.315980148315429688e+01
2.300000000000000000e+01,3.200000000000000000e+01,4.304109954833984375e+01
2.400000000000000000e+01,3.200000000000000000e+01,4.352500152587890625e+01
2.500000000000000000e+01,3.133629989624023438e+01,4.400000000000000000e+01
2.500000000000000000e+01,3.200000000000000000e+01,4.392279815673828125e+01
2.522080039978027344e+01,3.200000000000000000e+01,4.400000000000000000e+01
3.500000000000000000e+01,3.200000000000000000e+01,4.392279815673828125e+01
3.477920150756835938e+01,3.200000000000000000e+01,4.400000000000000000e+01
3.500000000000000000e+01,3.133629989624023438e+01,4.400000000000000000e+01
3.600000000000000000e+01,3.200000000000000000e+01,4.352500152587890625e+01
3.700000000000000000e+01,3.200000000000000000e+01,4.304109954833984375e+01
2.400000000000000000e+01,3.300000000000000000e+01,4.334640121459960938e+01
2.500000000000000000e+01,3.300000000000000000e+01,4.373809814453125000e+01
2.577440071105957031e+01,3.300000000000000000e+01,4.400000000000000000e+01
3.500000000000000000e+01,3.300000000000000000e+01,4.373809814453125000e+01
3.422560119628906250e+01,3.300000000000000000e+01,4.400000000000000000e+01
3.600000000000000000e+01,3.300000000000000000e+01,4.334640121459960938e+01
2.400000000000000000e+01,3.400000000000000000e+01,4.308129882812500000e+01
2.500000000000000000e+01,3.400000000000000000e+01,4.348960113525390625e+01
2.600000000000000000e+01,3.328870010375976562e+01,4.400000000000000000e+01
2.600000000000000000e+01,3.400000000000000000e+01,4.381079864501953125e+01
2.671129989624023438e+01,3.400000000000000000e+01,4.400000000000000000e+01
3.400000000000000000e+01,3.400000000000000000e+01,4.381079864501953125e+01
3.328870010375976562e+01,3.400000000000000000e+01,4.400000000000000000e+01
3.400000000000000000e+01,3.328870010375976562e+01,4.400000000000000000e+01
3.500000000000000000e+01,3.400000000000000000e+01,4.348960113525390625e+01
3.600000000000000000e+01,3.400000000000000000e+01,4.308129882812500000e+01
2.500000000000000000e+01,3.500000000000000000e+01,4.315969848632812500e+01
2.600000000000000000e+01,3.500000000000000000e+01,4.348960113525390625e+01
2.700000000000000000e+01,3.422560119628906250e+01,4.400000000000000000e+01
2.700000000000000000e+01,3.500000000000000000e+01,4.373809814453125000e+01
2.800000000000000000e+01,3.477920150756835938e+01,4.400000000000000000e+01
2.800000000000000000e+01,3.500000000000000000e+01,4.392279815673828125e+01
2.866370010375976562e+01,3.500000000000000000e+01,4.400000000000000000e+01
3.200000000000000000e+01,3.500000000000000000e+01,4.392279815673828125e+01
3.133629989624023438e+01,3.500000000000000000e+01,4.400000000000000000e+01
3.200000000000000000e+01,3.477920150756835938e+01,4.400000000000000000e+01
3.300000000000000000e+01,3.422560119628906250e+01,4.400000000000000000e+01
3.300000000000000000e+01,3.500000000000000000e+01,4.373809814453125000e+01
3.400000000000000000e+01,3.500000000000000000e+01,4.348960113525390625e+01
3.500000000000000000e+01,3.500000000000000000e+01,4.315969848632812500e+01
2.600000000000000000e+01,3.600000000000000000e+01,4.308129882812500000e+01
2.700000000000000000e+01,3.600000000000000000e+01,4.334640121459960938e+01
2.800000000000000000e+01,3.600000000000000000e+01,4.352500152587890625e+01
2.900000000000000000e+01,3.509349822998046875e+01,4.400000000000000000e+01
2.900000000000000000e+01,3.600000000000000000e+01,4.363109970092773438e+01
3.000000000000000000e+01,3.518560028076171875e+01,4.400000000000000000e+01
3.000000000000000000e+01,3.600000000000000000e+01,4.366659927368164062e+01
3.100000000000000000e+01,3.509349822998046875e+01,4.400000000000000000e+01
3.100000000000000000e+01,3.600000000000000000e+01,4.363109970092773438e+01
3.200000000000000000e+01,3.600000000000000000e+01,4.352500152587890625e+01
3.300000000000000000e+01,3.600000000000000000e+01,4.334640121459960938e+01
3.400000000000000000e+01,3.600000000000000000e+01,4.308129882812500000e+01
2.800000000000000000e+01,3.700000000000000000e+01,4.304109954833984375e+01
2.900000000000000000e+01,3.700000000000000000e+01,4.315980148315429688e+01
3.000000000000000000e+01,3.700000000000000000e+01,4.319800186157226562e+01
3.100000000000000000e+01,3.700000000000000000e+01,4.315980148315429688e+01
3.200000000000000000e+01,3.700000000000000000e+01,4.304109954833984375e+01
2.900000000000000000e+01,2.500000000000000000e+01,4.403889846801757812e+01
3.000000000000000000e+01,2.500000000000000000e+01,4.407690048217773438e+01
3.100000000000000000e+01,2.500000000000000000e+01,4.403889846801757812e+01
2.700000000000000000e+01,2.600000000000000000e+01,4.407690048217773438e+01
2.800000000000000000e+01,2.600000000000000000e+01,4.425690078735351562e+01
2.900000000000000000e+01,2.600000000000000000e+01,4.435910034179687500e+01
3.000000000000000000e+01,2.600000000000000000e+01,4.439250183105468750e+01
3.100000000000000000e+01,2.600000000000000000e+01,4.435910034179687500e+01
3.200000000000000000e+01,2.600000000000000000e+01,4.425690078735351562e+01
3.300000000000000000e+01,2.600000000000000000e+01,4.407690048217773438e+01
2.600000000000000000e+01,2.700000000000000000e+01,4.407690048217773438e+01
2.700000000000000000e+01,2.700000000000000000e+01,4.432540130615234375e+01
2.800000000000000000e+01,2.700000000000000000e+01,4.449140167236328125e+01
2.900000000000000000e+01,2.700000000000000000e+01,4.458940124511718750e+01
3.000000000000000000e+01,2.700000000000000000e+01,4.462210083007812500e+01
3.100000000000000000e+01,2.700000000000000000e+01,4.458940124511718750e+01
3.200000000000000000e+01,2.700000000000000000e+01,4.449140167236328125e+01
3.300000000000000000e+01,2.700000000000000000e+01,4.432540130615234375e+01
3.400000000000000000e+01,2.700000000000000000e+01,4.407690048217773438e+01
2.600000000000000000e+01,2.800000000000000000e+01,4.425690078735351562e+01
2.700000000000000000e+01,2.800000000000000000e+01,4.449140167236328125e+01
2.800000000000000000e+01,2.800000000000000000e+01,4.465489959716796875e+01
2.900000000000000000e+01,2.800000000000000000e+01,4.475439834594726562e+01
3.000000000000000000e+01,2.800000000000000000e+01,4.478810119628906250e+01
3.100000000000000000e+01,2.800000000000000000e+01,4.475439834594726562e+01
3.200000000000000000e+01,2.800000000000000000e+01,4.465489959716796875e+01
3.300000000000000000e+01,2.800000000000000000e+01,4.449140167236328125e+01
3.400000000000000000e+01,2.800000000000000000e+01,4.425690078735351562e+01
2.500000000000000000e+01,2.900000000000000000e+01,4.403889846801757812e+01
2.600000000000000000e+01,2.900000000000000000e+01,4.435910034179687500e+01
2.700000000000000000e+01,2.900000000000000000e+01,4.458940124511718750e+01
2.800000000000000000e+01,2.900000000000000000e+01,4.475439834594726562e+01
2.900000000000000000e+01,2.900000000000000000e+01,4.485670089721679688e+01
3.000000000000000000e+01,2.900000000000000000e+01,4.489170074462890625e+01
3.100000000000000000e+01,2.900000000000000000e+01,4.485670089721679688e+01
3.200000000000000000e+01,2.900000000000000000e+01,4.475439834594726562e+01
3.300000000000000000e+01,2.900000000000000000e+01,4.458940124511718750e+01
3.400000000000000000e+01,2.900000000000000000e+01,4.435910034179687500e+01
3.500000000000000000e+01,2.900000000000000000e+01,4.403889846801757812e+01
2.500000000000000000e+01,3.000000000000000000e+01,4.407690048217773438e+01
2.600000000000000000e+01,3.000000000000000000e+01,4.439250183105468750e+01
2.700000000000000000e+01,3.000000000000000000e+01,4.462210083007812500e+01
2.800000000000000000e+01,3.000000000000000000e+01,4.478810119628906250e+01
2.900000000000000000e+01,3.000000000000000000e+01,4.489170074462890625e+01
3.000000000000000000e+01,3.000000000000000000e+01,4.492720031738281250e+01
3.100000000000000000e+01,3.000000000000000000e+01,4.489170074462890625e+01
3.200000000000000000e+01,3.000000000000000000e+01,4.478810119628906250e+01
3.300000000000000000e+01,3.000000000000000000e+01,4.462210083007812500e+01
3.400000000000000000e+01,3.000000000000000000e+01,4.439250183105468750e+01
3.500000000000000000e+01,3.000000000000000000e+01,4.407690048217773438e+01
2.500000000000000000e+01,3.100000000000000000e+01,4.403889846801757812e+01
2.600000000000000000e+01,3.100000000000000000e+01,4.435910034179687500e+01
2.700000000000000000e+01,3.100000000000000000e+01,4.458940124511718750e+01
2.800000000000000000e+01,3.100000000000000000e+01,4.475439834594726562e+01
2.900000000000000000e+01,3.100000000000000000e+01,4.485670089721679688e+01
3.000000000000000000e+01,3.100000000000000000e+01,4.489170074462890625e+01
3.100000000000000000e+01,3.100000000000000000e+01,4.485670089721679688e+01
3.200000000000000000e+01,3.100000000000000000e+01,4.475439834594726562e+01
3.300000000000000000e+01,3.100000000000000000e+01,4.458940124511718750e+01
3.400000000000000000e+01,3.100000000000000000e+01,4.435910034179687500e+01
3.500000000000000000e+01,3.100000000000000000e+01,4.403889846801757812e+01
2.600000000000000000e+01,3.200000000000000000e+01,4.425690078735351562e+01
2.700000000000000000e+01,3.200000000000000000e+01,4.449140167236328125e+01
2.800000000000000000e+01,3.200000000000000000e+01,4.465489959716796875e+01
2.900000000000000000e+01,3.200000000000000000e+01,4.475439834594726562e+01
3.000000000000000000e+01,3.200000000000000000e+01,4.478810119628906250e+01
3.100000000000000000e+01,3.200000000000000000e+01,4.475439834594726562e+01
3.200000000000000000e+01,3.200000000000000000e+01,4.465489959716796875e+01
3.300000000000000000e+01,3.200000000000000000e+01,4.449140167236328125e+01
3.400000000000000000e+01,3.200000000000000000e+01,4.425690078735351562e+01
2.600000000000000000e+01,3.300000000000000000e+01,4.407690048217773438e+01
2.700000000000000000e+01,3.300000000000000000e+01,4.432540130615234375e+01
2.800000000000000000e+01,3.300000000000000000e+01,4.449140167236328125e+01
2.900000000000000000e+01,3.300000000000000000e+01,4.458940124511718750e+01
3.000000000000000000e+01,3.300000000000000000e+01,4.462210083007812500e+01
3.100000000000000000e+01,3.300000000000000000e+01,4.458940124511718750e+01
3.200000000000000000e+01,3.300000000000000000e+01,4.449140167236328125e+01
3.300000000000000000e+01,3.300000000000000000e+01,4.432540130615234375e+01
3.400000000000000000e+01,3.300000000000000000e+01,4.407690048217773438e+01
2.700000000000000000e+01,3.400000000000000000e+01,4.407690048217773438e+01
2.800000000000000000e+01,3.400000000000000000e+01,4.425690078735351562e+01
2.900000000000000000e+01,3.400000000000000000e+01,4.435910034179687500e+01
3.000000000000000000e+01,3.400000000000000000e+01,4.439250183105468750e+01
3.100000000000000000e+01,3.400000000000000000e+01,4.435910034179687500e+01
3.200000000000000000e+01,3.400000000000000000e+01,4.425690078735351562e+01
3.300000000000000000e+01,3.400000000000000000e+01,4.407690048217773438e+01
2.900000000000000000e+01,3.500000000000000000e+01,4.403889846801757812e+01
3.000000000000000000e+01,3.500000000000000000e+01,4.407690048217773438e+01
3.100000000000000000e+01,3.500000000000000000e+01,4.403889846801757812e+01
