# vtk DataFile Version 5.1
vtk output
ASCII
DATASET POLYDATA
POINTS 4182 float
29 25 15.9611 30 25 15.9231 31 25 15.9611 
27 26 15.9231 28 26 15.7431 29 26 15.6409 
30 26 15.6075 31 26 15.6409 32 26 15.7431 
33 26 15.9231 26 27 15.9231 27 27 15.6746 
28 27 15.5086 29 27 15.4106 30 27 15.3779 
31 27 15.4106 32 27 15.5086 33 27 15.6746 
34 27 15.9231 26 28 15.7431 27 28 15.5086 
28 28 15.3451 29 28 15.2456 30 28 15.2119 
31 28 15.2456 32 28 15.3451 33 28 15.5086 
34 28 15.7431 25 29 15.9611 26 29 15.6409 
27 29 15.4106 28 29 15.2456 29 29 15.1433 
30 29 15.1083 31 29 15.1433 32 29 15.2456 
33 29 15.4106 34 29 15.6409 35 29 15.9611 
25 30 15.9231 26 30 15.6075 27 30 15.3779 
28 30 15.2119 29 30 15.1083 30 30 15.0728 
31 30 15.1083 32 30 15.2119 33 30 15.3779 
34 30 15.6075 35 30 15.9231 25 31 15.9611 
26 31 15.6409 27 31 15.4106 28 31 15.2456 
29 31 15.1433 30 31 15.1083 31 31 15.1433 
32 31 15.2456 33 31 15.4106 34 31 15.6409 
35 31 15.9611 26 32 15.7431 27 32 15.5086 
28 32 15.3451 29 32 15.2456 30 32 15.2119 
31 32 15.2456 32 32 15.3451 33 32 15.5086 
34 32 15.7431 26 33 15.9231 27 33 15.6746 
28 33 15.5086 29 33 15.4106 30 33 15.3779 
31 33 15.4106 32 33 15.5086 33 33 15.6746 
34 33 15.9231 27 34 15.9231 28 34 15.7431 
29 34 15.6409 30 34 15.6075 31 34 15.6409 
32 34 15.7431 33 34 15.9231 29 35 15.9611 
30 35 15.9231 31 35 15.9611 28 23 16.9589 
29 23 16.8402 30 23 16.802 31 23 16.8402 
32 23 16.9589 29 24.9065 16 30 24.8144 16 
31 24.9065 16 26 24 16.9186 27 24 16.6536 
28 24 16.475 29 24 16.3689 30 24 16.3334 
31 24 16.3689 32 24 16.475 33 24 16.6536 
34 24 16.9186 28.6637 25 16 31.3363 25 16 
27 25.7744 16 28 25.2208 16 32 25.2208 16 
33 25.7744 16 25 25 16.8403 26 25 16.5104 
27 25 16.2619 28 25 16.0772 32 25 16.0772 
33 25 16.2619 34 25 16.5104 35 25 16.8403 
26.7113 26 16 33.2887 26 16 26 26.7113 16 
34 26.7113 16 24 26 16.9186 25 26 16.5104 
26 26 16.1892 34 26 16.1892 35 26 16.5104 
36 26 16.9186 25.7744 27 16 34.2256 27 16 
24 27 16.6536 25 27 16.2619 35 27 16.2619 
36 27 16.6536 25.2208 28 16 34.7792 28 16 
25 28.6637 16 35 28.6637 16 23 28 16.9589 
24 28 16.475 25 28 16.0772 35 28 16.0772 
36 28 16.475 37 28 16.9589 24.9065 29 16 
35.0935 29 16 23 29 16.8402 24 29 16.3689 
36 29 16.3689 37 29 16.8402 24.8144 30 16 
35.1856 30 16 23 30 16.802 24 30 16.3334 
36 30 16.3334 37 30 16.802 24.9065 31 16 
35.0935 31 16 25 31.3363 16 35 31.3363 16 
23 31 16.8402 24 31 16.3689 36 31 16.3689 
37 31 16.8402 25.2208 32 16 34.7792 32 16 
23 32 16.9589 24 32 16.475 25 32 16.0772 
35 32 16.0772 36 32 16.475 37 32 16.9589 
25.7744 33 16 34.2256 33 16 26 33.2887 16 
34 33.2887 16 24 33 16.6536 25 33 16.2619 
35 33 16.2619 36 33 16.6536 26.7113 34 16 
33.2887 34 16 27 34.2256 16 28 34.7792 16 
32 34.7792 16 33 34.2256 16 24 34 16.9186 
25 34 16.5104 26 34 16.1892 34 34 16.1892 
35 34 16.5104 36 34 16.9186 28.6637 35 16 
31.3363 35 16 29 35.0935 16 30 35.1856 16 
31 35.0935 16 25 35 16.8403 26 35 16.5104 
27 35 16.2619 28 35 16.0772 32 35 16.0772 
33 35 16.2619 34 35 16.5104 35 35 16.8403 
26 36 16.9186 27 36 16.6536 28 36 16.475 
29 36 16.3689 30 36 16.3334 31 36 16.3689 
32 36 16.475 33 36 16.6536 34 36 16.9186 
28 37 16.9589 29 37 16.8402 30 37 16.802 
31 37 16.8402 32 37 16.9589 28 22.9306 17 
29 22.7274 17 30 22.6607 17 31 22.7274 17 
32 22.9306 17 27 22 17.7479 28 22 17.5511 
29 22 17.4355 30 22 17.3971 31 22 17.4355 
32 22 17.5511 33 22 17.7479 27.7981 23 17 
32.2019 23 17 26 23.8422 17 27 23.3061 17 
33 23.3061 17 34 23.8422 17 25 23 17.7884 
26 23 17.4355 27 23 17.1633 33 23 17.1633 
34 23 17.4355 35 23 17.7884 25.7748 24 17 
34.2252 24 17 25 24.6323 17 35 24.6323 17 
24 24 17.7078 25 24 17.2813 35 24 17.2813 
36 24 17.7078 24.6323 25 17 35.3677 25 17 
24 25.7748 17 36 25.7748 17 23 25 17.7884 
24 25 17.2813 36 25 17.2813 37 25 17.7884 
23.8422 26 17 36.1578 26 17 23 26 17.4355 
37 26 17.4355 23.3061 27 17 36.6939 27 17 
23 27.7981 17 37 27.7981 17 22 27 17.7479 
23 27 17.1633 37 27 17.1633 38 27 17.7479 
22.9306 28 17 37.0694 28 17 22 28 17.5511 
38 28 17.5511 22.7274 29 17 37.2726 29 17 
22 29 17.4355 38 29 17.4355 22.6607 30 17 
37.3393 30 17 22 30 17.3971 38 30 17.3971 
22.7274 31 17 37.2726 31 17 22 31 17.4355 
38 31 17.4355 22.9306 32 17 37.0694 32 17 
23 32.2019 17 37 32.2019 17 22 32 17.5511 
38 32 17.5511 23.3061 33 17 36.6939 33 17 
22 33 17.7479 23 33 17.1633 37 33 17.1633 
38 33 17.7479 23.8422 34 17 36.1578 34 17 
24 34.2252 17 36 34.2252 17 23 34 17.4355 
37 34 17.4355 24.6323 35 17 35.3677 35 17 
25 35.3677 17 35 35.3677 17 23 35 17.7884 
24 35 17.2813 36 35 17.2813 37 35 17.7884 
25.7748 36 17 34.2252 36 17 26 36.1578 17 
27 36.6939 17 33 36.6939 17 34 36.1578 17 
24 36 17.7078 25 36 17.2813 35 36 17.2813 
36 36 17.7078 27.7981 37 17 32.2019 37 17 
28 37.0694 17 29 37.2726 17 30 37.3393 17 
31 37.2726 17 32 37.0694 17 25 37 17.7884 
26 37 17.4355 27 37 17.1633 33 37 17.1633 
34 37 17.4355 35 37 17.7884 27 38 17.7479 
28 38 17.5511 29 38 17.4355 30 38 17.3971 
31 38 17.4355 32 38 17.5511 33 38 17.7479 
29 20 18.953 30 20 18.9068 31 20 18.953 
27 21.6403 18 28 21.3509 18 29 21.177 18 
30 21.1184 18 31 21.177 18 32 21.3509 18 
33 21.6403 18 26 21 18.7722 27 21 18.4727 
28 21 18.262 29 21 18.133 30 21 18.0892 
31 21 18.133 32 21 18.262 33 21 18.4727 
34 21 18.7722 26.1422 22 18 33.8578 22 18 
25 22.6609 18 26 22.067 18 34 22.067 18 
35 22.6609 18 24 22 18.9068 25 22 18.4307 
26 22 18.0449 34 22 18.0449 35 22 18.4307 
36 22 18.9068 24.542 23 18 35.458 23 18 
24 23.4583 18 36 23.4583 18 23 23 18.8165 
24 23 18.262 36 23 18.262 37 23 18.8165 
23.4583 24 18 36.5417 24 18 23 24.542 18 
37 24.542 18 22 24 18.9068 23 24 18.262 
37 24 18.262 38 24 18.9068 22.6609 25 18 
37.3391 25 18 22 25 18.4307 38 25 18.4307 
22.067 26 18 37.933 26 18 22 26.1422 18 
38 26.1422 18 21 26 18.7722 22 26 18.0449 
38 26 18.0449 39 26 18.7722 21.6403 27 18 
38.3597 27 18 21 27 18.4727 39 27 18.4727 
21.3509 28 18 38.6491 28 18 21 28 18.262 
39 28 18.262 21.177 29 18 38.823 29 18 
20 29 18.953 21 29 18.133 39 29 18.133 
40 29 18.953 21.1184 30 18 38.8816 30 18 
20 30 18.9068 21 30 18.0892 39 30 18.0892 
40 30 18.9068 21.177 31 18 38.823 31 18 
20 31 18.953 21 31 18.133 39 31 18.133 
40 31 18.953 21.3509 32 18 38.6491 32 18 
21 32 18.262 39 32 18.262 21.6403 33 18 
38.3597 33 18 22 33.8578 18 38 33.8578 18 
21 33 18.4727 39 33 18.4727 22.067 34 18 
37.933 34 18 21 34 18.7722 22 34 18.0449 
38 34 18.0449 39 34 18.7722 22.6609 35 18 
37.3391 35 18 23 35.458 18 37 35.458 18 
22 35 18.4307 38 35 18.4307 23.4583 36 18 
36.5417 36 18 24 36.5417 18 36 36.5417 18 
22 36 18.9068 23 36 18.262 37 36 18.262 
38 36 18.9068 24.542 37 18 35.458 37 18 
25 37.3391 18 26 37.933 18 34 37.933 18 
35 37.3391 18 23 37 18.8165 24 37 18.262 
36 37 18.262 37 37 18.8165 26.1422 38 18 
33.8578 38 18 27 38.3597 18 28 38.6491 18 
29 38.823 18 30 38.8816 18 31 38.823 18 
32 38.6491 18 33 38.3597 18 24 38 18.9068 
25 38 18.4307 26 38 18.0449 34 38 18.0449 
35 38 18.4307 36 38 18.9068 26 39 18.7722 
27 39 18.4727 28 39 18.262 29 39 18.133 
30 39 18.0892 31 39 18.133 32 39 18.262 
33 39 18.4727 34 39 18.7722 29 40 18.953 
30 40 18.9068 31 40 18.953 29 19.949 19 
30 19.899 19 31 19.949 19 29 19 19.949 
30 19 19.899 31 19 19.949 28.6652 20 19 
31.3348 20 19 26 20.7287 19 27 20.3662 19 
28 20.1065 19 32 20.1065 19 33 20.3662 19 
34 20.7287 19 26 20 19.6576 27 20 19.3322 
28 20 19.097 32 20 19.097 33 20 19.3322 
34 20 19.6576 25.4422 21 19 34.5578 21 19 
24 21.8776 19 25 21.2353 19 35 21.2353 19 
36 21.8776 19 24 21 19.7049 25 21 19.1921 
35 21 19.1921 36 21 19.7049 23.8424 22 19 
36.1576 22 19 23 22.7276 19 37 22.7276 19 
23 22 19.5175 37 22 19.5175 22.7276 23 19 
37.2724 23 19 22 23.8424 19 38 23.8424 19 
22 23 19.5175 38 23 19.5175 21.8776 24 19 
38.1224 24 19 21 24 19.7049 39 24 19.7049 
21.2353 25 19 38.7647 25 19 21 25.4422 19 
39 25.4422 19 21 25 19.1921 39 25 19.1921 
20.7287 26 19 39.2713 26 19 20 26 19.6576 
40 26 19.6576 20.3662 27 19 39.6338 27 19 
20 27 19.3322 40 27 19.3322 20.1065 28 19 
39.8935 28 19 20 28.6652 19 40 28.6652 19 
20 28 19.097 40 28 19.097 19.949 29 19 
40.051 29 19 19 29 19.949 41 29 19.949 
19.899 30 19 40.101 30 19 19 30 19.899 
41 30 19.899 19.949 31 19 40.051 31 19 
20 31.3348 19 40 31.3348 19 19 31 19.949 
41 31 19.949 20.1065 32 19 39.8935 32 19 
20 32 19.097 40 32 19.097 20.3662 33 19 
39.6338 33 19 20 33 19.3322 40 33 19.3322 
20.7287 34 19 39.2713 34 19 21 34.5578 19 
39 34.5578 19 20 34 19.6576 40 34 19.6576 
21.2353 35 19 38.7647 35 19 21 35 19.1921 
39 35 19.1921 21.8776 36 19 38.1224 36 19 
22 36.1576 19 38 36.1576 19 21 36 19.7049 
39 36 19.7049 22.7276 37 19 37.2724 37 19 
23 37.2724 19 37 37.2724 19 22 37 19.5175 
38 37 19.5175 23.8424 38 19 36.1576 38 19 
24 38.1224 19 25 38.7647 19 35 38.7647 19 
36 38.1224 19 23 38 19.5175 37 38 19.5175 
25.4422 39 19 34.5578 39 19 26 39.2713 19 
27 39.6338 19 28 39.8935 19 32 39.8935 19 
33 39.6338 19 34 39.2713 19 24 39 19.7049 
25 39 19.1921 35 39 19.1921 36 39 19.7049 
28.6652 40 19 31.3348 40 19 29 40.051 19 
30 40.101 19 31 40.051 19 26 40 19.6576 
27 40 19.3322 28 40 19.097 32 40 19.097 
33 40 19.3322 34 40 19.6576 29 41 19.949 
30 41 19.899 31 41 19.949 29 18.953 20 
30 18.9068 20 31 18.953 20 28.6652 19 20 
31.3348 19 20 26 19.6576 20 27 19.3322 20 
28 19.097 20 32 19.097 20 33 19.3322 20 
34 19.6576 20 26 19 20.7287 27 19 20.3662 
28 19 20.1065 32 19 20.1065 33 19 20.3662 
34 19 20.7287 25.2214 20 20 34.7786 20 20 
24 20.6762 20 25 20.1066 20 35 20.1066 20 
36 20.6762 20 24 20 20.6762 25 20 20.1066 
35 20 20.1066 36 20 20.6762 23.5345 21 20 
36.4655 21 20 23 21.4088 20 37 21.4088 20 
23 21 20.3663 37 21 20.3663 22.3317 22 20 
37.6683 22 20 22 22.3317 20 38 22.3317 20 
22 22 20.2632 38 22 20.2632 21.4088 23 20 
38.5912 23 20 21 23.5345 20 39 23.5345 20 
21 23 20.3663 39 23 20.3663 20.6762 24 20 
39.3238 24 20 20 24 20.6762 40 24 20.6762 
20.1066 25 20 39.8934 25 20 20 25.2214 20 
40 25.2214 20 20 25 20.1066 40 25 20.1066 
19.6576 26 20 40.3424 26 20 19 26 20.7287 
41 26 20.7287 19.3322 27 20 40.6678 27 20 
19 27 20.3662 41 27 20.3662 19.097 28 20 
40.903 28 20 19 28.6652 20 41 28.6652 20 
19 28 20.1065 41 28 20.1065 18.953 29 20 
41.047 29 20 18.9068 30 20 41.0932 30 20 
18.953 31 20 41.047 31 20 19 31.3348 20 
41 31.3348 20 19.097 32 20 40.903 32 20 
19 32 20.1065 41 32 20.1065 19.3322 33 20 
40.6678 33 20 19 33 20.3662 41 33 20.3662 
19.6576 34 20 40.3424 34 20 20 34.7786 20 
40 34.7786 20 19 34 20.7287 41 34 20.7287 
20.1066 35 20 39.8934 35 20 20 35 20.1066 
40 35 20.1066 20.6762 36 20 39.3238 36 20 
21 36.4655 20 39 36.4655 20 20 36 20.6762 
40 36 20.6762 21.4088 37 20 38.5912 37 20 
22 37.6683 20 38 37.6683 20 21 37 20.3663 
39 37 20.3663 22.3317 38 20 37.6683 38 20 
23 38.5912 20 37 38.5912 20 22 38 20.2632 
38 38 20.2632 23.5345 39 20 36.4655 39 20 
24 39.3238 20 25 39.8934 20 35 39.8934 20 
36 39.3238 20 23 39 20.3663 37 39 20.3663 
25.2214 40 20 34.7786 40 20 26 40.3424 20 
27 40.6678 20 28 40.903 20 32 40.903 20 
33 40.6678 20 34 40.3424 20 24 40 20.6762 
25 40 20.1066 35 40 20.1066 36 40 20.6762 
28.6652 41 20 31.3348 41 20 29 41.047 20 
30 41.0932 20 31 41.047 20 26 41 20.7287 
27 41 20.3662 28 41 20.1065 32 41 20.1065 
33 41 20.3662 34 41 20.7287 26 18.7722 21 
27 18.4727 21 28 18.262 21 29 18.133 21 
30 18.0892 21 31 18.133 21 32 18.262 21 
33 18.4727 21 34 18.7722 21 27 18 21.6403 
28 18 21.3509 29 18 21.177 30 18 21.1184 
31 18 21.177 32 18 21.3509 33 18 21.6403 
25.4422 19 21 34.5578 19 21 24 19.7049 21 
25 19.1921 21 35 19.1921 21 36 19.7049 21 
24 19 21.8776 25 19 21.2353 35 19 21.2353 
36 19 21.8776 23.5345 20 21 36.4655 20 21 
23 20.3663 21 37 20.3663 21 23 20 21.4088 
37 20 21.4088 22.2001 21 21 37.7999 21 21 
22 21.1771 21 38 21.1771 21 22 21 21.1771 
38 21 21.1771 21.1771 22 21 38.8229 22 21 
21 22.2001 21 39 22.2001 21 21 22 21.1771 
39 22 21.1771 20.3663 23 21 39.6337 23 21 
20 23.5345 21 40 23.5345 21 20 23 21.4088 
40 23 21.4088 19.7049 24 21 40.2951 24 21 
19 24 21.8776 41 24 21.8776 19.1921 25 21 
40.8079 25 21 19 25.4422 21 41 25.4422 21 
19 25 21.2353 41 25 21.2353 18.7722 26 21 
41.2278 26 21 18.4727 27 21 41.5273 27 21 
18 27 21.6403 42 27 21.6403 18.262 28 21 
41.738 28 21 18 28 21.3509 42 28 21.3509 
18.133 29 21 41.867 29 21 18 29 21.177 
42 29 21.177 18.0892 30 21 41.9108 30 21 
18 30 21.1184 42 30 21.1184 18.133 31 21 
41.867 31 21 18 31 21.177 42 31 21.177 
18.262 32 21 41.738 32 21 18 32 21.3509 
42 32 21.3509 18.4727 33 21 41.5273 33 21 
18 33 21.6403 42 33 21.6403 18.7722 34 21 
41.2278 34 21 19 34.5578 21 41 34.5578 21 
19.1921 35 21 40.8079 35 21 19 35 21.2353 
41 35 21.2353 19.7049 36 21 40.2951 36 21 
20 36.4655 21 40 36.4655 21 19 36 21.8776 
41 36 21.8776 20.3663 37 21 39.6337 37 21 
21 37.7999 21 39 37.7999 21 20 37 21.4088 
40 37 21.4088 21.1771 38 21 38.8229 38 21 
22 38.8229 21 38 38.8229 21 21 38 21.1771 
39 38 21.1771 22.2001 39 21 37.7999 39 21 
23 39.6337 21 37 39.6337 21 22 39 21.1771 
38 39 21.1771 23.5345 40 21 36.4655 40 21 
24 40.2951 21 25 40.8079 21 35 40.8079 21 
36 40.2951 21 23 40 21.4088 37 40 21.4088 
25.4422 41 21 34.5578 41 21 26 41.2278 21 
27 41.5273 21 28 41.738 21 29 41.867 21 
30 41.9108 21 31 41.867 21 32 41.738 21 
33 41.5273 21 34 41.2278 21 24 41 21.8776 
25 41 21.2353 35 41 21.2353 36 41 21.8776 
27 42 21.6403 28 42 21.3509 29 42 21.177 
30 42 21.1184 31 42 21.177 32 42 21.3509 
33 42 21.6403 27 17.7479 22 28 17.5511 22 
29 17.4355 22 30 17.3971 22 31 17.4355 22 
32 17.5511 22 33 17.7479 22 28 17 22.9306 
29 17 22.7274 30 17 22.6607 31 17 22.7274 
32 17 22.9306 26.1422 18 22 33.8578 18 22 
24 18.9068 22 25 18.4307 22 26 18.0449 22 
34 18.0449 22 35 18.4307 22 36 18.9068 22 
25 18 22.6609 26 18 22.067 34 18 22.067 
35 18 22.6609 23.8424 19 22 36.1576 19 22 
23 19.5175 22 37 19.5175 22 23 19 22.7276 
37 19 22.7276 22.3317 20 22 37.6683 20 22 
22 20.2632 22 38 20.2632 22 22 20 22.3317 
38 20 22.3317 21.1771 21 22 38.8229 21 22 
21 21.1771 22 39 21.1771 22 21 21 22.2001 
39 21 22.2001 20.2632 22 22 39.7368 22 22 
20 22.3317 22 40 22.3317 22 20 22 22.3317 
40 22 22.3317 19.5175 23 22 40.4825 23 22 
19 23.8424 22 41 23.8424 22 19 23 22.7276 
41 23 22.7276 18.9068 24 22 41.0932 24 22 
18.4307 25 22 41.5693 25 22 18 25 22.6609 
42 25 22.6609 18.0449 26 22 41.9551 26 22 
18 26.1422 22 42 26.1422 22 18 26 22.067 
42 26 22.067 17.7479 27 22 42.2521 27 22 
17.5511 28 22 42.4489 28 22 17 28 22.9306 
43 28 22.9306 17.4355 29 22 42.5645 29 22 
17 29 22.7274 43 29 22.7274 17.3971 30 22 
42.6029 30 22 17 30 22.6607 43 30 22.6607 
17.4355 31 22 42.5645 31 22 17 31 22.7274 
43 31 22.7274 17.5511 32 22 42.4489 32 22 
17 32 22.9306 43 32 22.9306 17.7479 33 22 
42.2521 33 22 18 33.8578 22 42 33.8578 22 
18.0449 34 22 41.9551 34 22 18 34 22.067 
42 34 22.067 18.4307 35 22 41.5693 35 22 
18 35 22.6609 42 35 22.6609 18.9068 36 22 
41.0932 36 22 19 36.1576 22 41 36.1576 22 
19.5175 37 22 40.4825 37 22 20 37.6683 22 
40 37.6683 22 19 37 22.7276 41 37 22.7276 
20.2632 38 22 39.7368 38 22 21 38.8229 22 
39 38.8229 22 20 38 22.3317 40 38 22.3317 
21.1771 39 22 38.8229 39 22 22 39.7368 22 
38 39.7368 22 21 39 22.2001 39 39 22.2001 
22.3317 40 22 37.6683 40 22 23 40.4825 22 
37 40.4825 22 22 40 22.3317 38 40 22.3317 
23.8424 41 22 36.1576 41 22 24 41.0932 22 
25 41.5693 22 26 41.9551 22 34 41.9551 22 
35 41.5693 22 36 41.0932 22 23 41 22.7276 
37 41 22.7276 26.1422 42 22 33.8578 42 22 
27 42.2521 22 28 42.4489 22 29 42.5645 22 
30 42.6029 22 31 42.5645 22 32 42.4489 22 
33 42.2521 22 25 42 22.6609 26 42 22.067 
34 42 22.067 35 42 22.6609 28 43 22.9306 
29 43 22.7274 30 43 22.6607 31 43 22.7274 
32 43 22.9306 28 16.9589 23 29 16.8402 23 
30 16.802 23 31 16.8402 23 32 16.9589 23 
27.7981 17 23 32.2019 17 23 25 17.7884 23 
26 17.4355 23 27 17.1633 23 33 17.1633 23 
34 17.4355 23 35 17.7884 23 26 17 23.8422 
27 17 23.3061 33 17 23.3061 34 17 23.8422 
24.542 18 23 35.458 18 23 23 18.8165 23 
24 18.262 23 36 18.262 23 37 18.8165 23 
24 18 23.4583 36 18 23.4583 22.7276 19 23 
37.2724 19 23 22 19.5175 23 38 19.5175 23 
22 19 23.8424 38 19 23.8424 21.4088 20 23 
38.5912 20 23 21 20.3663 23 39 20.3663 23 
21 20 23.5345 39 20 23.5345 20.3663 21 23 
39.6337 21 23 20 21.4088 23 40 21.4088 23 
20 21 23.5345 40 21 23.5345 19.5175 22 23 
40.4825 22 23 19 22.7276 23 41 22.7276 23 
19 22 23.8424 41 22 23.8424 18.8165 23 23 
41.1835 23 23 18.262 24 23 41.738 24 23 
18 24.542 23 42 24.542 23 18 24 23.4583 
42 24 23.4583 17.7884 25 23 42.2116 25 23 
17.4355 26 23 42.5645 26 23 17 26 23.8422 
43 26 23.8422 17.1633 27 23 42.8367 27 23 
17 27.7981 23 43 27.7981 23 17 27 23.3061 
43 27 23.3061 16.9589 28 23 43.0411 28 23 
16.8402 29 23 43.1598 29 23 16.802 30 23 
43.198 30 23 16.8402 31 23 43.1598 31 23 
16.9589 32 23 43.0411 32 23 17 32.2019 23 
43 32.2019 23 17.1633 33 23 42.8367 33 23 
17 33 23.3061 43 33 23.3061 17.4355 34 23 
42.5645 34 23 17 34 23.8422 43 34 23.8422 
17.7884 35 23 42.2116 35 23 18 35.458 23 
42 35.458 23 18.262 36 23 41.738 36 23 
18 36 23.4583 42 36 23.4583 18.8165 37 23 
41.1835 37 23 19 37.2724 23 41 37.2724 23 
19.5175 38 23 40.4825 38 23 20 38.5912 23 
40 38.5912 23 19 38 23.8424 41 38 23.8424 
20.3663 39 23 39.6337 39 23 21 39.6337 23 
39 39.6337 23 20 39 23.5345 40 39 23.5345 
21.4088 40 23 38.5912 40 23 22 40.4825 23 
38 40.4825 23 21 40 23.5345 39 40 23.5345 
22.7276 41 23 37.2724 41 23 23 41.1835 23 
24 41.738 23 36 41.738 23 37 41.1835 23 
22 41 23.8424 38 41 23.8424 24.542 42 23 
35.458 42 23 25 42.2116 23 26 42.5645 23 
27 42.8367 23 33 42.8367 23 34 42.5645 23 
35 42.2116 23 24 42 23.4583 36 42 23.4583 
27.7981 43 23 32.2019 43 23 28 43.0411 23 
29 43.1598 23 30 43.198 23 31 43.1598 23 
32 43.0411 23 26 43 23.8422 27 43 23.3061 
33 43 23.3061 34 43 23.8422 26 16.9186 24 
27 16.6536 24 28 16.475 24 29 16.3689 24 
30 16.3334 24 31 16.3689 24 32 16.475 24 
33 16.6536 24 34 16.9186 24 29 16 24.9065 
30 16 24.8144 31 16 24.9065 25.7748 17 24 
34.2252 17 24 24 17.7078 24 25 17.2813 24 
35 17.2813 24 36 17.7078 24 25 17 24.6323 
35 17 24.6323 23.4583 18 24 36.5417 18 24 
22 18.9068 24 23 18.262 24 37 18.262 24 
38 18.9068 24 23 18 24.542 37 18 24.542 
21.8776 19 24 38.1224 19 24 21 19.7049 24 
39 19.7049 24 20.6762 20 24 39.3238 20 24 
20 20.6762 24 40 20.6762 24 19.7049 21 24 
40.2951 21 24 19 21.8776 24 41 21.8776 24 
18.9068 22 24 41.0932 22 24 18.262 23 24 
41.738 23 24 18 23.4583 24 42 23.4583 24 
18 23 24.542 42 23 24.542 17.7078 24 24 
42.2922 24 24 17.2813 25 24 42.7187 25 24 
17 25.7748 24 43 25.7748 24 17 25 24.6323 
43 25 24.6323 16.9186 26 24 43.0813 26 24 
16.6536 27 24 43.3464 27 24 16.475 28 24 
43.525 28 24 16.3689 29 24 43.6311 29 24 
16 29 24.9065 44 29 24.9065 16.3334 30 24 
43.6666 30 24 16 30 24.8144 44 30 24.8144 
16.3689 31 24 43.6311 31 24 16 31 24.9065 
44 31 24.9065 16.475 32 24 43.525 32 24 
16.6536 33 24 43.3464 33 24 16.9186 34 24 
43.0813 34 24 17 34.2252 24 43 34.2252 24 
17.2813 35 24 42.7187 35 24 17 35 24.6323 
43 35 24.6323 17.7078 36 24 42.2922 36 24 
18 36.5417 24 42 36.5417 24 18.262 37 24 
41.738 37 24 18 37 24.542 42 37 24.542 
18.9068 38 24 41.0932 38 24 19 38.1224 24 
41 38.1224 24 19.7049 39 24 40.2951 39 24 
20 39.3238 24 40 39.3238 24 20.6762 40 24 
39.3238 40 24 21 40.2951 24 39 40.2951 24 
21.8776 41 24 38.1224 41 24 22 41.0932 24 
23 41.738 24 37 41.738 24 38 41.0932 24 
23.4583 42 24 36.5417 42 24 24 42.2922 24 
25 42.7187 24 35 42.7187 24 36 42.2922 24 
23 42 24.542 37 42 24.542 25.7748 43 24 
34.2252 43 24 26 43.0813 24 27 43.3464 24 
28 43.525 24 29 43.6311 24 30 43.6666 24 
31 43.6311 24 32 43.525 24 33 43.3464 24 
34 43.0813 24 25 43 24.6323 35 43 24.6323 
29 44 24.9065 30 44 24.8144 31 44 24.9065 
29 15.9611 25 30 15.9231 25 31 15.9611 25 
28.6637 16 25 31.3363 16 25 25 16.8403 25 
26 16.5104 25 27 16.2619 25 28 16.0772 25 
32 16.0772 25 33 16.2619 25 34 16.5104 25 
35 16.8403 25 27 16 25.7744 28 16 25.2208 
32 16 25.2208 33 16 25.7744 24.6323 17 25 
35.3677 17 25 23 17.7884 25 24 17.2813 25 
36 17.2813 25 37 17.7884 25 24 17 25.7748 
36 17 25.7748 22.6609 18 25 37.3391 18 25 
22 18.4307 25 38 18.4307 25 21.2353 19 25 
38.7647 19 25 21 19.1921 25 39 19.1921 25 
21 19 25.4422 39 19 25.4422 20.1066 20 25 
39.8934 20 25 20 20.1066 25 40 20.1066 25 
20 20 25.2214 40 20 25.2214 19.1921 21 25 
40.8079 21 25 19 21.2353 25 41 21.2353 25 
19 21 25.4422 41 21 25.4422 18.4307 22 25 
41.5693 22 25 18 22.6609 25 42 22.6609 25 
17.7884 23 25 42.2116 23 25 17.2813 24 25 
42.7187 24 25 17 24.6323 25 43 24.6323 25 
17 24 25.7748 43 24 25.7748 16.8403 25 25 
43.1597 25 25 16.5104 26 25 43.4896 26 25 
16.2619 27 25 43.7381 27 25 16 27 25.7744 
44 27 25.7744 16.0772 28 25 43.9228 28 25 
16 28.6637 25 44 28.6637 25 16 28 25.2208 
44 28 25.2208 15.9611 29 25 44.0389 29 25 
15.9231 30 25 44.0769 30 25 15.9611 31 25 
44.0389 31 25 16 31.3363 25 44 31.3363 25 
16.0772 32 25 43.9228 32 25 16 32 25.2208 
44 32 25.2208 16.2619 33 25 43.7381 33 25 
16 33 25.7744 44 33 25.7744 16.5104 34 25 
43.4896 34 25 16.8403 35 25 43.1597 35 25 
17 35.3677 25 43 35.3677 25 17.2813 36 25 
42.7187 36 25 17 36 25.7748 43 36 25.7748 
17.7884 37 25 42.2116 37 25 18 37.3391 25 
42 37.3391 25 18.4307 38 25 41.5693 38 25 
19 38.7647 25 41 38.7647 25 19.1921 39 25 
40.8079 39 25 20 39.8934 25 40 39.8934 25 
19 39 25.4422 41 39 25.4422 20.1066 40 25 
39.8934 40 25 21 40.8079 25 39 40.8079 25 
20 40 25.2214 40 40 25.2214 21.2353 41 25 
38.7647 41 25 22 41.5693 25 38 41.5693 25 
21 41 25.4422 39 41 25.4422 22.6609 42 25 
37.3391 42 25 23 42.2116 25 24 42.7187 25 
36 42.7187 25 37 42.2116 25 24.6323 43 25 
35.3677 43 25 25 43.1597 25 26 43.4896 25 
27 43.7381 25 28 43.9228 25 32 43.9228 25 
33 43.7381 25 34 43.4896 25 35 43.1597 25 
24 43 25.7748 36 43 25.7748 28.6637 44 25 
31.3363 44 25 29 44.0389 25 30 44.0769 25 
31 44.0389 25 27 44 25.7744 28 44 25.2208 
32 44 25.2208 33 44 25.7744 27 15.9231 26 
28 15.7431 26 29 15.6409 26 30 15.6075 26 
31 15.6409 26 32 15.7431 26 33 15.9231 26 
26.7113 16 26 33.2887 16 26 24 16.9186 26 
25 16.5104 26 26 16.1892 26 34 16.1892 26 
35 16.5104 26 36 16.9186 26 26 16 26.7113 
34 16 26.7113 23.8422 17 26 36.1578 17 26 
23 17.4355 26 37 17.4355 26 22.067 18 26 
37.933 18 26 21 18.7722 26 22 18.0449 26 
38 18.0449 26 39 18.7722 26 22 18 26.1422 
38 18 26.1422 20.7287 19 26 39.2713 19 26 
20 19.6576 26 40 19.6576 26 19.6576 20 26 
40.3424 20 26 19 20.7287 26 41 20.7287 26 
18.7722 21 26 41.2278 21 26 18.0449 22 26 
41.9551 22 26 18 22.067 26 42 22.067 26 
18 22 26.1422 42 22 26.1422 17.4355 23 26 
42.5645 23 26 17 23.8422 26 43 23.8422 26 
16.9186 24 26 43.0813 24 26 16.5104 25 26 
43.4896 25 26 16.1892 26 26 43.8108 26 26 
16 26.7113 26 44 26.7113 26 16 26 26.7113 
44 26 26.7113 15.9231 27 26 44.0769 27 26 
15.7431 28 26 44.2569 28 26 15.6409 29 26 
44.3591 29 26 15.6075 30 26 44.3925 30 26 
15.6409 31 26 44.3591 31 26 15.7431 32 26 
44.2569 32 26 15.9231 33 26 44.0769 33 26 
16 33.2887 26 44 33.2887 26 16.1892 34 26 
43.8108 34 26 16 34 26.7113 44 34 26.7113 
16.5104 35 26 43.4896 35 26 16.9186 36 26 
43.0813 36 26 17 36.1578 26 43 36.1578 26 
17.4355 37 26 42.5645 37 26 18 37.933 26 
42 37.933 26 18.0449 38 26 41.9551 38 26 
18 38 26.1422 42 38 26.1422 18.7722 39 26 
41.2278 39 26 19 39.2713 26 41 39.2713 26 
19.6576 40 26 40.3424 40 26 20 40.3424 26 
40 40.3424 26 20.7287 41 26 39.2713 41 26 
21 41.2278 26 22 41.9551 26 38 41.9551 26 
39 41.2278 26 22.067 42 26 37.933 42 26 
23 42.5645 26 37 42.5645 26 22 42 26.1422 
38 42 26.1422 23.8422 43 26 36.1578 43 26 
24 43.0813 26 25 43.4896 26 26 43.8108 26 
34 43.8108 26 35 43.4896 26 36 43.0813 26 
26.7113 44 26 33.2887 44 26 27 44.0769 26 
28 44.2569 26 29 44.3591 26 30 44.3925 26 
31 44.3591 26 32 44.2569 26 33 44.0769 26 
26 44 26.7113 34 44 26.7113 26 15.9231 27 
27 15.6746 27 28 15.5086 27 29 15.4106 27 
30 15.3779 27 31 15.4106 27 32 15.5086 27 
33 15.6746 27 34 15.9231 27 25.7744 16 27 
34.2256 16 27 24 16.6536 27 25 16.2619 27 
35 16.2619 27 36 16.6536 27 23.3061 17 27 
36.6939 17 27 22 17.7479 27 23 17.1633 27 
37 17.1633 27 38 17.7479 27 23 17 27.7981 
37 17 27.7981 21.6403 18 27 38.3597 18 27 
21 18.4727 27 39 18.4727 27 20.3662 19 27 
39.6338 19 27 20 19.3322 27 40 19.3322 27 
19.3322 20 27 40.6678 20 27 19 20.3662 27 
41 20.3662 27 18.4727 21 27 41.5273 21 27 
18 21.6403 27 42 21.6403 27 17.7479 22 27 
42.2521 22 27 17.1633 23 27 42.8367 23 27 
17 23.3061 27 43 23.3061 27 17 23 27.7981 
43 23 27.7981 16.6536 24 27 43.3464 24 27 
16.2619 25 27 43.7381 25 27 16 25.7744 27 
44 25.7744 27 15.9231 26 27 44.0769 26 27 
15.6746 27 27 44.3254 27 27 15.5086 28 27 
44.4914 28 27 15.4106 29 27 44.5894 29 27 
15.3779 30 27 44.6221 30 27 15.4106 31 27 
44.5894 31 27 15.5086 32 27 44.4914 32 27 
15.6746 33 27 44.3254 33 27 15.9231 34 27 
44.0769 34 27 16 34.2256 27 44 34.2256 27 
16.2619 35 27 43.7381 35 27 16.6536 36 27 
43.3464 36 27 17 36.6939 27 43 36.6939 27 
17.1633 37 27 42.8367 37 27 17 37 27.7981 
43 37 27.7981 17.7479 38 27 42.2521 38 27 
18 38.3597 27 42 38.3597 27 18.4727 39 27 
41.5273 39 27 19 39.6338 27 41 39.6338 27 
19.3322 40 27 40.6678 40 27 20 40.6678 27 
40 40.6678 27 20.3662 41 27 39.6338 41 27 
21 41.5273 27 39 41.5273 27 21.6403 42 27 
38.3597 42 27 22 42.2521 27 23 42.8367 27 
37 42.8367 27 38 42.2521 27 23.3061 43 27 
36.6939 43 27 24 43.3464 27 25 43.7381 27 
35 43.7381 27 36 43.3464 27 23 43 27.7981 
37 43 27.7981 25.7744 44 27 34.2256 44 27 
26 44.0769 27 27 44.3254 27 28 44.4914 27 
29 44.5894 27 30 44.6221 27 31 44.5894 27 
32 44.4914 27 33 44.3254 27 34 44.0769 27 
26 15.7431 28 27 15.5086 28 28 15.3451 28 
29 15.2456 28 30 15.2119 28 31 15.2456 28 
32 15.3451 28 33 15.5086 28 34 15.7431 28 
25.2208 16 28 34.7792 16 28 23 16.9589 28 
24 16.475 28 25 16.0772 28 35 16.0772 28 
36 16.475 28 37 16.9589 28 25 16 28.6637 
35 16 28.6637 22.9306 17 28 37.0694 17 28 
22 17.5511 28 38 17.5511 28 21.3509 18 28 
38.6491 18 28 21 18.262 28 39 18.262 28 
20.1065 19 28 39.8935 19 28 20 19.097 28 
40 19.097 28 20 19 28.6652 40 19 28.6652 
19.097 20 28 40.903 20 28 19 20.1065 28 
41 20.1065 28 19 20 28.6652 41 20 28.6652 
18.262 21 28 41.738 21 28 18 21.3509 28 
42 21.3509 28 17.5511 22 28 42.4489 22 28 
17 22.9306 28 43 22.9306 28 16.9589 23 28 
43.0411 23 28 16.475 24 28 43.525 24 28 
16.0772 25 28 43.9228 25 28 16 25.2208 28 
44 25.2208 28 16 25 28.6637 44 25 28.6637 
15.7431 26 28 44.2569 26 28 15.5086 27 28 
44.4914 27 28 15.3451 28 28 44.6549 28 28 
15.2456 29 28 44.7544 29 28 15.2119 30 28 
44.7881 30 28 15.2456 31 28 44.7544 31 28 
15.3451 32 28 44.6549 32 28 15.5086 33 28 
44.4914 33 28 15.7431 34 28 44.2569 34 28 
16 34.7792 28 44 34.7792 28 16.0772 35 28 
43.9228 35 28 16 35 28.6637 44 35 28.6637 
16.475 36 28 43.525 36 28 16.9589 37 28 
43.0411 37 28 17 37.0694 28 43 37.0694 28 
17.5511 38 28 42.4489 38 28 18 38.6491 28 
42 38.6491 28 18.262 39 28 41.738 39 28 
19 39.8935 28 41 39.8935 28 19.097 40 28 
40.903 40 28 20 40.903 28 40 40.903 28 
19 40 28.6652 41 40 28.6652 20.1065 41 28 
39.8935 41 28 21 41.738 28 39 41.738 28 
20 41 28.6652 40 41 28.6652 21.3509 42 28 
38.6491 42 28 22 42.4489 28 38 42.4489 28 
22.9306 43 28 37.0694 43 28 23 43.0411 28 
24 43.525 28 25 43.9228 28 35 43.9228 28 
36 43.525 28 37 43.0411 28 25.2208 44 28 
34.7792 44 28 26 44.2569 28 27 44.4914 28 
28 44.6549 28 29 44.7544 28 30 44.7881 28 
31 44.7544 28 32 44.6549 28 33 44.4914 28 
34 44.2569 28 25 44 28.6637 35 44 28.6637 
25 15.9611 29 26 15.6409 29 27 15.4106 29 
28 15.2456 29 29 15.1433 29 30 15.1083 29 
31 15.1433 29 32 15.2456 29 33 15.4106 29 
34 15.6409 29 35 15.9611 29 24.9065 16 29 
35.0935 16 29 23 16.8402 29 24 16.3689 29 
36 16.3689 29 37 16.8402 29 22.7274 17 29 
37.2726 17 29 22 17.4355 29 38 17.4355 29 
21.177 18 29 38.823 18 29 20 18.953 29 
21 18.133 29 39 18.133 29 40 18.953 29 
19.949 19 29 40.051 19 29 19 19.949 29 
41 19.949 29 18.953 20 29 41.047 20 29 
18.133 21 29 41.867 21 29 18 21.177 29 
42 21.177 29 17.4355 22 29 42.5645 22 29 
17 22.7274 29 43 22.7274 29 16.8402 23 29 
43.1598 23 29 16.3689 24 29 43.6311 24 29 
16 24.9065 29 44 24.9065 29 15.9611 25 29 
44.0389 25 29 15.6409 26 29 44.3591 26 29 
15.4106 27 29 44.5894 27 29 15.2456 28 29 
44.7544 28 29 15.1433 29 29 44.8567 29 29 
15.1083 30 29 44.8917 30 29 15.1433 31 29 
44.8567 31 29 15.2456 32 29 44.7544 32 29 
15.4106 33 29 44.5894 33 29 15.6409 34 29 
44.3591 34 29 15.9611 35 29 44.0389 35 29 
16 35.0935 29 44 35.0935 29 16.3689 36 29 
43.6311 36 29 16.8402 37 29 43.1598 37 29 
17 37.2726 29 43 37.2726 29 17.4355 38 29 
42.5645 38 29 18 38.823 29 42 38.823 29 
18.133 39 29 41.867 39 29 18.953 40 29 
41.047 40 29 19 40.051 29 41 40.051 29 
19.949 41 29 40.051 41 29 20 41.047 29 
21 41.867 29 39 41.867 29 40 41.047 29 
21.177 42 29 38.823 42 29 22 42.5645 29 
38 42.5645 29 22.7274 43 29 37.2726 43 29 
23 43.1598 29 24 43.6311 29 36 43.6311 29 
37 43.1598 29 24.9065 44 29 35.0935 44 29 
25 44.0389 29 26 44.3591 29 27 44.5894 29 
28 44.7544 29 29 44.8567 29 30 44.8917 29 
31 44.8567 29 32 44.7544 29 33 44.5894 29 
34 44.3591 29 35 44.0389 29 25 15.9231 30 
26 15.6075 30 27 15.3779 30 28 15.2119 30 
29 15.1083 30 30 15.0728 30 31 15.1083 30 
32 15.2119 30 33 15.3779 30 34 15.6075 30 
35 15.9231 30 24.8144 16 30 35.1856 16 30 
23 16.802 30 24 16.3334 30 36 16.3334 30 
37 16.802 30 22.6607 17 30 37.3393 17 30 
22 17.3971 30 38 17.3971 30 21.1184 18 30 
38.8816 18 30 20 18.9068 30 21 18.0892 30 
39 18.0892 30 40 18.9068 30 19.899 19 30 
40.101 19 30 19 19.899 30 41 19.899 30 
18.9068 20 30 41.0932 20 30 18.0892 21 30 
41.9108 21 30 18 21.1184 30 42 21.1184 30 
17.3971 22 30 42.6029 22 30 17 22.6607 30 
43 22.6607 30 16.802 23 30 43.198 23 30 
16.3334 24 30 43.6666 24 30 16 24.8144 30 
44 24.8144 30 15.9231 25 30 44.0769 25 30 
15.6075 26 30 44.3925 26 30 15.3779 27 30 
44.6221 27 30 15.2119 28 30 44.7881 28 30 
15.1083 29 30 44.8917 29 30 15.0728 30 30 
44.9272 30 30 15.1083 31 30 44.8917 31 30 
15.2119 32 30 44.7881 32 30 15.3779 33 30 
44.6221 33 30 15.6075 34 30 44.3925 34 30 
15.9231 35 30 44.0769 35 30 16 35.1856 30 
44 35.1856 30 16.3334 36 30 43.6666 36 30 
16.802 37 30 43.198 37 30 17 37.3393 30 
43 37.3393 30 17.3971 38 30 42.6029 38 30 
18 38.8816 30 42 38.8816 30 18.0892 39 30 
41.9108 39 30 18.9068 40 30 41.0932 40 30 
19 40.101 30 41 40.101 30 19.899 41 30 
40.101 41 30 20 41.0932 30 21 41.9108 30 
39 41.9108 30 40 41.0932 30 21.1184 42 30 
38.8816 42 30 22 42.6029 30 38 42.6029 30 
22.6607 43 30 37.3393 43 30 23 43.198 30 
24 43.6666 30 36 43.6666 30 37 43.198 30 
24.8144 44 30 35.1856 44 30 25 44.0769 30 
26 44.3925 30 27 44.6221 30 28 44.7881 30 
29 44.8917 30 30 44.9272 30 31 44.8917 30 
32 44.7881 30 33 44.6221 30 34 44.3925 30 
35 44.0769 30 25 15.9611 31 26 15.6409 31 
27 15.4106 31 28 15.2456 31 29 15.1433 31 
30 15.1083 31 31 15.1433 31 32 15.2456 31 
33 15.4106 31 34 15.6409 31 35 15.9611 31 
24.9065 16 31 35.0935 16 31 23 16.8402 31 
24 16.3689 31 36 16.3689 31 37 16.8402 31 
25 16 31.3363 35 16 31.3363 22.7274 17 31 
37.2726 17 31 22 17.4355 31 38 17.4355 31 
21.177 18 31 38.823 18 31 20 18.953 31 
21 18.133 31 39 18.133 31 40 18.953 31 
19.949 19 31 40.051 19 31 19 19.949 31 
41 19.949 31 20 19 31.3348 40 19 31.3348 
18.953 20 31 41.047 20 31 19 20 31.3348 
41 20 31.3348 18.133 21 31 41.867 21 31 
18 21.177 31 42 21.177 31 17.4355 22 31 
42.5645 22 31 17 22.7274 31 43 22.7274 31 
16.8402 23 31 43.1598 23 31 16.3689 24 31 
43.6311 24 31 16 24.9065 31 44 24.9065 31 
15.9611 25 31 44.0389 25 31 16 25 31.3363 
44 25 31.3363 15.6409 26 31 44.3591 26 31 
15.4106 27 31 44.5894 27 31 15.2456 28 31 
44.7544 28 31 15.1433 29 31 44.8567 29 31 
15.1083 30 31 44.8917 30 31 15.1433 31 31 
44.8567 31 31 15.2456 32 31 44.7544 32 31 
15.4106 33 31 44.5894 33 31 15.6409 34 31 
44.3591 34 31 15.9611 35 31 44.0389 35 31 
16 35.0935 31 44 35.0935 31 16 35 31.3363 
44 35 31.3363 16.3689 36 31 43.6311 36 31 
16.8402 37 31 43.1598 37 31 17 37.2726 31 
43 37.2726 31 17.4355 38 31 42.5645 38 31 
18 38.823 31 42 38.823 31 18.133 39 31 
41.867 39 31 18.953 40 31 41.047 40 31 
19 40.051 31 41 40.051 31 19 40 31.3348 
41 40 31.3348 19.949 41 31 40.051 41 31 
20 41.047 31 21 41.867 31 39 41.867 31 
40 41.047 31 20 41 31.3348 40 41 31.3348 
21.177 42 31 38.823 42 31 22 42.5645 31 
38 42.5645 31 22.7274 43 31 37.2726 43 31 
23 43.1598 31 24 43.6311 31 36 43.6311 31 
37 43.1598 31 24.9065 44 31 35.0935 44 31 
25 44.0389 31 26 44.3591 31 27 44.5894 31 
28 44.7544 31 29 44.8567 31 30 44.8917 31 
31 44.8567 31 32 44.7544 31 33 44.5894 31 
34 44.3591 31 35 44.0389 31 25 44 31.3363 
35 44 31.3363 26 15.7431 32 27 15.5086 32 
28 15.3451 32 29 15.2456 32 30 15.2119 32 
31 15.2456 32 32 15.3451 32 33 15.5086 32 
34 15.7431 32 25.2208 16 32 34.7792 16 32 
23 16.9589 32 24 16.475 32 25 16.0772 32 
35 16.0772 32 36 16.475 32 37 16.9589 32 
22.9306 17 32 37.0694 17 32 22 17.5511 32 
38 17.5511 32 23 17 32.2019 37 17 32.2019 
21.3509 18 32 38.6491 18 32 21 18.262 32 
39 18.262 32 20.1065 19 32 39.8935 19 32 
20 19.097 32 40 19.097 32 19.097 20 32 
40.903 20 32 19 20.1065 32 41 20.1065 32 
18.262 21 32 41.738 21 32 18 21.3509 32 
42 21.3509 32 17.5511 22 32 42.4489 22 32 
17 22.9306 32 43 22.9306 32 16.9589 23 32 
43.0411 23 32 17 23 32.2019 43 23 32.2019 
16.475 24 32 43.525 24 32 16.0772 25 32 
43.9228 25 32 16 25.2208 32 44 25.2208 32 
15.7431 26 32 44.2569 26 32 15.5086 27 32 
44.4914 27 32 15.3451 28 32 44.6549 28 32 
15.2456 29 32 44.7544 29 32 15.2119 30 32 
44.7881 30 32 15.2456 31 32 44.7544 31 32 
15.3451 32 32 44.6549 32 32 15.5086 33 32 
44.4914 33 32 15.7431 34 32 44.2569 34 32 
16 34.7792 32 44 34.7792 32 16.0772 35 32 
43.9228 35 32 16.475 36 32 43.525 36 32 
16.9589 37 32 43.0411 37 32 17 37.0694 32 
43 37.0694 32 17 37 32.2019 43 37 32.2019 
17.5511 38 32 42.4489 38 32 18 38.6491 32 
42 38.6491 32 18.262 39 32 41.738 39 32 
19 39.8935 32 41 39.8935 32 19.097 40 32 
40.903 40 32 20 40.903 32 40 40.903 32 
20.1065 41 32 39.8935 41 32 21 41.738 32 
39 41.738 32 21.3509 42 32 38.6491 42 32 
22 42.4489 32 38 42.4489 32 22.9306 43 32 
37.0694 43 32 23 43.0411 32 24 43.525 32 
25 43.9228 32 35 43.9228 32 36 43.525 32 
37 43.0411 32 23 43 32.2019 37 43 32.2019 
25.2208 44 32 34.7792 44 32 26 44.2569 32 
27 44.4914 32 28 44.6549 32 29 44.7544 32 
30 44.7881 32 31 44.7544 32 32 44.6549 32 
33 44.4914 32 34 44.2569 32 26 15.9231 33 
27 15.6746 33 28 15.5086 33 29 15.4106 33 
30 15.3779 33 31 15.4106 33 32 15.5086 33 
33 15.6746 33 34 15.9231 33 25.7744 16 33 
34.2256 16 33 24 16.6536 33 25 16.2619 33 
35 16.2619 33 36 16.6536 33 26 16 33.2887 
34 16 33.2887 23.3061 17 33 36.6939 17 33 
22 17.7479 33 23 17.1633 33 37 17.1633 33 
38 17.7479 33 21.6403 18 33 38.3597 18 33 
21 18.4727 33 39 18.4727 33 22 18 33.8578 
38 18 33.8578 20.3662 19 33 39.6338 19 33 
20 19.3322 33 40 19.3322 33 19.3322 20 33 
40.6678 20 33 19 20.3662 33 41 20.3662 33 
18.4727 21 33 41.5273 21 33 18 21.6403 33 
42 21.6403 33 17.7479 22 33 42.2521 22 33 
18 22 33.8578 42 22 33.8578 17.1633 23 33 
42.8367 23 33 17 23.3061 33 43 23.3061 33 
16.6536 24 33 43.3464 24 33 16.2619 25 33 
43.7381 25 33 16 25.7744 33 44 25.7744 33 
15.9231 26 33 44.0769 26 33 16 26 33.2887 
44 26 33.2887 15.6746 27 33 44.3254 27 33 
15.5086 28 33 44.4914 28 33 15.4106 29 33 
44.5894 29 33 15.3779 30 33 44.6221 30 33 
15.4106 31 33 44.5894 31 33 15.5086 32 33 
44.4914 32 33 15.6746 33 33 44.3254 33 33 
15.9231 34 33 44.0769 34 33 16 34.2256 33 
44 34.2256 33 16 34 33.2887 44 34 33.2887 
16.2619 35 33 43.7381 35 33 16.6536 36 33 
43.3464 36 33 17 36.6939 33 43 36.6939 33 
17.1633 37 33 42.8367 37 33 17.7479 38 33 
42.2521 38 33 18 38.3597 33 42 38.3597 33 
18 38 33.8578 42 38 33.8578 18.4727 39 33 
41.5273 39 33 19 39.6338 33 41 39.6338 33 
19.3322 40 33 40.6678 40 33 20 40.6678 33 
40 40.6678 33 20.3662 41 33 39.6338 41 33 
21 41.5273 33 39 41.5273 33 21.6403 42 33 
38.3597 42 33 22 42.2521 33 23 42.8367 33 
37 42.8367 33 38 42.2521 33 22 42 33.8578 
38 42 33.8578 23.3061 43 33 36.6939 43 33 
24 43.3464 33 25 43.7381 33 35 43.7381 33 
36 43.3464 33 25.7744 44 33 34.2256 44 33 
26 44.0769 33 27 44.3254 33 28 44.4914 33 
29 44.5894 33 30 44.6221 33 31 44.5894 33 
32 44.4914 33 33 44.3254 33 34 44.0769 33 
26 44 33.2887 34 44 33.2887 27 15.9231 34 
28 15.7431 34 29 15.6409 34 30 15.6075 34 
31 15.6409 34 32 15.7431 34 33 15.9231 34 
26.7113 16 34 33.2887 16 34 24 16.9186 34 
25 16.5104 34 26 16.1892 34 34 16.1892 34 
35 16.5104 34 36 16.9186 34 27 16 34.2256 
28 16 34.7792 32 16 34.7792 33 16 34.2256 
23.8422 17 34 36.1578 17 34 23 17.4355 34 
37 17.4355 34 24 17 34.2252 36 17 34.2252 
22.067 18 34 37.933 18 34 21 18.7722 34 
22 18.0449 34 38 18.0449 34 39 18.7722 34 
20.7287 19 34 39.2713 19 34 20 19.6576 34 
40 19.6576 34 21 19 34.5578 39 19 34.5578 
19.6576 20 34 40.3424 20 34 19 20.7287 34 
41 20.7287 34 20 20 34.7786 40 20 34.7786 
18.7722 21 34 41.2278 21 34 19 21 34.5578 
41 21 34.5578 18.0449 22 34 41.9551 22 34 
18 22.067 34 42 22.067 34 17.4355 23 34 
42.5645 23 34 17 23.8422 34 43 23.8422 34 
16.9186 24 34 43.0813 24 34 17 24 34.2252 
43 24 34.2252 16.5104 25 34 43.4896 25 34 
16.1892 26 34 43.8108 26 34 16 26.7113 34 
44 26.7113 34 15.9231 27 34 44.0769 27 34 
16 27 34.2256 44 27 34.2256 15.7431 28 34 
44.2569 28 34 16 28 34.7792 44 28 34.7792 
15.6409 29 34 44.3591 29 34 15.6075 30 34 
44.3925 30 34 15.6409 31 34 44.3591 31 34 
15.7431 32 34 44.2569 32 34 16 32 34.7792 
44 32 34.7792 15.9231 33 34 44.0769 33 34 
16 33.2887 34 44 33.2887 34 16 33 34.2256 
44 33 34.2256 16.1892 34 34 43.8108 34 34 
16.5104 35 34 43.4896 35 34 16.9186 36 34 
43.0813 36 34 17 36.1578 34 43 36.1578 34 
17 36 34.2252 43 36 34.2252 17.4355 37 34 
42.5645 37 34 18 37.933 34 42 37.933 34 
18.0449 38 34 41.9551 38 34 18.7722 39 34 
41.2278 39 34 19 39.2713 34 41 39.2713 34 
19 39 34.5578 41 39 34.5578 19.6576 40 34 
40.3424 40 34 20 40.3424 34 40 40.3424 34 
20 40 34.7786 40 40 34.7786 20.7287 41 34 
39.2713 41 34 21 41.2278 34 22 41.9551 34 
38 41.9551 34 39 41.2278 34 21 41 34.5578 
39 41 34.5578 22.067 42 34 37.933 42 34 
23 42.5645 34 37 42.5645 34 23.8422 43 34 
36.1578 43 34 24 43.0813 34 25 43.4896 34 
26 43.8108 34 34 43.8108 34 35 43.4896 34 
36 43.0813 34 24 43 34.2252 36 43 34.2252 
26.7113 44 34 33.2887 44 34 27 44.0769 34 
28 44.2569 34 29 44.3591 34 30 44.3925 34 
31 44.3591 34 32 44.2569 34 33 44.0769 34 
27 44 34.2256 28 44 34.7792 32 44 34.7792 
33 44 34.2256 29 15.9611 35 30 15.9231 35 
31 15.9611 35 28.6637 16 35 31.3363 16 35 
25 16.8403 35 26 16.5104 35 27 16.2619 35 
28 16.0772 35 32 16.0772 35 33 16.2619 35 
34 16.5104 35 35 16.8403 35 29 16 35.0935 
30 16 35.1856 31 16 35.0935 24.6323 17 35 
35.3677 17 35 23 17.7884 35 24 17.2813 35 
36 17.2813 35 37 17.7884 35 25 17 35.3677 
35 17 35.3677 22.6609 18 35 37.3391 18 35 
22 18.4307 35 38 18.4307 35 23 18 35.458 
37 18 35.458 21.2353 19 35 38.7647 19 35 
21 19.1921 35 39 19.1921 35 20.1066 20 35 
39.8934 20 35 20 20.1066 35 40 20.1066 35 
19.1921 21 35 40.8079 21 35 19 21.2353 35 
41 21.2353 35 18.4307 22 35 41.5693 22 35 
18 22.6609 35 42 22.6609 35 17.7884 23 35 
42.2116 23 35 18 23 35.458 42 23 35.458 
17.2813 24 35 42.7187 24 35 17 24.6323 35 
43 24.6323 35 16.8403 25 35 43.1597 25 35 
17 25 35.3677 43 25 35.3677 16.5104 26 35 
43.4896 26 35 16.2619 27 35 43.7381 27 35 
16.0772 28 35 43.9228 28 35 16 28.6637 35 
44 28.6637 35 15.9611 29 35 44.0389 29 35 
16 29 35.0935 44 29 35.0935 15.9231 30 35 
44.0769 30 35 16 30 35.1856 44 30 35.1856 
15.9611 31 35 44.0389 31 35 16 31.3363 35 
44 31.3363 35 16 31 35.0935 44 31 35.0935 
16.0772 32 35 43.9228 32 35 16.2619 33 35 
43.7381 33 35 16.5104 34 35 43.4896 34 35 
16.8403 35 35 43.1597 35 35 17 35.3677 35 
43 35.3677 35 17 35 35.3677 43 35 35.3677 
17.2813 36 35 42.7187 36 35 17.7884 37 35 
42.2116 37 35 18 37.3391 35 42 37.3391 35 
18 37 35.458 42 37 35.458 18.4307 38 35 
41.5693 38 35 19 38.7647 35 41 38.7647 35 
19.1921 39 35 40.8079 39 35 20 39.8934 35 
40 39.8934 35 20.1066 40 35 39.8934 40 35 
21 40.8079 35 39 40.8079 35 21.2353 41 35 
38.7647 41 35 22 41.5693 35 38 41.5693 35 
22.6609 42 35 37.3391 42 35 23 42.2116 35 
24 42.7187 35 36 42.7187 35 37 42.2116 35 
23 42 35.458 37 42 35.458 24.6323 43 35 
35.3677 43 35 25 43.1597 35 26 43.4896 35 
27 43.7381 35 28 43.9228 35 32 43.9228 35 
33 43.7381 35 34 43.4896 35 35 43.1597 35 
25 43 35.3677 35 43 35.3677 28.6637 44 35 
31.3363 44 35 29 44.0389 35 30 44.0769 35 
31 44.0389 35 29 44 35.0935 30 44 35.1856 
31 44 35.0935 26 16.9186 36 27 16.6536 36 
28 16.475 36 29 16.3689 36 30 16.3334 36 
31 16.3689 36 32 16.475 36 33 16.6536 36 
34 16.9186 36 25.7748 17 36 34.2252 17 36 
24 17.7078 36 25 17.2813 36 35 17.2813 36 
36 17.7078 36 26 17 36.1578 27 17 36.6939 
33 17 36.6939 34 17 36.1578 23.4583 18 36 
36.5417 18 36 22 18.9068 36 23 18.262 36 
37 18.262 36 38 18.9068 36 24 18 36.5417 
36 18 36.5417 21.8776 19 36 38.1224 19 36 
21 19.7049 36 39 19.7049 36 22 19 36.1576 
38 19 36.1576 20.6762 20 36 39.3238 20 36 
20 20.6762 36 40 20.6762 36 21 20 36.4655 
39 20 36.4655 19.7049 21 36 40.2951 21 36 
19 21.8776 36 41 21.8776 36 20 21 36.4655 
40 21 36.4655 18.9068 22 36 41.0932 22 36 
19 22 36.1576 41 22 36.1576 18.262 23 36 
41.738 23 36 18 23.4583 36 42 23.4583 36 
17.7078 24 36 42.2922 24 36 18 24 36.5417 
42 24 36.5417 17.2813 25 36 42.7187 25 36 
17 25.7748 36 43 25.7748 36 16.9186 26 36 
43.0813 26 36 17 26 36.1578 43 26 36.1578 
16.6536 27 36 43.3464 27 36 17 27 36.6939 
43 27 36.6939 16.475 28 36 43.525 28 36 
16.3689 29 36 43.6311 29 36 16.3334 30 36 
43.6666 30 36 16.3689 31 36 43.6311 31 36 
16.475 32 36 43.525 32 36 16.6536 33 36 
43.3464 33 36 17 33 36.6939 43 33 36.6939 
16.9186 34 36 43.0813 34 36 17 34.2252 36 
43 34.2252 36 17 34 36.1578 43 34 36.1578 
17.2813 35 36 42.7187 35 36 17.7078 36 36 
42.2922 36 36 18 36.5417 36 42 36.5417 36 
18 36 36.5417 42 36 36.5417 18.262 37 36 
41.738 37 36 18.9068 38 36 41.0932 38 36 
19 38.1224 36 41 38.1224 36 19 38 36.1576 
41 38 36.1576 19.7049 39 36 40.2951 39 36 
20 39.3238 36 40 39.3238 36 20 39 36.4655 
40 39 36.4655 20.6762 40 36 39.3238 40 36 
21 40.2951 36 39 40.2951 36 21 40 36.4655 
39 40 36.4655 21.8776 41 36 38.1224 41 36 
22 41.0932 36 23 41.738 36 37 41.738 36 
38 41.0932 36 22 41 36.1576 38 41 36.1576 
23.4583 42 36 36.5417 42 36 24 42.2922 36 
25 42.7187 36 35 42.7187 36 36 42.2922 36 
24 42 36.5417 36 42 36.5417 25.7748 43 36 
34.2252 43 36 26 43.0813 36 27 43.3464 36 
28 43.525 36 29 43.6311 36 30 43.6666 36 
31 43.6311 36 32 43.525 36 33 43.3464 36 
34 43.0813 36 26 43 36.1578 27 43 36.6939 
33 43 36.6939 34 43 36.1578 28 16.9589 37 
29 16.8402 37 30 16.802 37 31 16.8402 37 
32 16.9589 37 27.7981 17 37 32.2019 17 37 
25 17.7884 37 26 17.4355 37 27 17.1633 37 
33 17.1633 37 34 17.4355 37 35 17.7884 37 
28 17 37.0694 29 17 37.2726 30 17 37.3393 
31 17 37.2726 32 17 37.0694 24.542 18 37 
35.458 18 37 23 18.8165 37 24 18.262 37 
36 18.262 37 37 18.8165 37 25 18 37.3391 
26 18 37.933 34 18 37.933 35 18 37.3391 
22.7276 19 37 37.2724 19 37 22 19.5175 37 
38 19.5175 37 23 19 37.2724 37 19 37.2724 
21.4088 20 37 38.5912 20 37 21 20.3663 37 
39 20.3663 37 22 20 37.6683 38 20 37.6683 
20.3663 21 37 39.6337 21 37 20 21.4088 37 
40 21.4088 37 21 21 37.7999 39 21 37.7999 
19.5175 22 37 40.4825 22 37 19 22.7276 37 
41 22.7276 37 20 22 37.6683 40 22 37.6683 
18.8165 23 37 41.1835 23 37 19 23 37.2724 
41 23 37.2724 18.262 24 37 41.738 24 37 
18 24.542 37 42 24.542 37 17.7884 25 37 
42.2116 25 37 18 25 37.3391 42 25 37.3391 
17.4355 26 37 42.5645 26 37 18 26 37.933 
42 26 37.933 17.1633 27 37 42.8367 27 37 
17 27.7981 37 43 27.7981 37 16.9589 28 37 
43.0411 28 37 17 28 37.0694 43 28 37.0694 
16.8402 29 37 43.1598 29 37 17 29 37.2726 
43 29 37.2726 16.802 30 37 43.198 30 37 
17 30 37.3393 43 30 37.3393 16.8402 31 37 
43.1598 31 37 17 31 37.2726 43 31 37.2726 
16.9589 32 37 43.0411 32 37 17 32.2019 37 
43 32.2019 37 17 32 37.0694 43 32 37.0694 
17.1633 33 37 42.8367 33 37 17.4355 34 37 
42.5645 34 37 18 34 37.933 42 34 37.933 
17.7884 35 37 42.2116 35 37 18 35.458 37 
42 35.458 37 18 35 37.3391 42 35 37.3391 
18.262 36 37 41.738 36 37 18.8165 37 37 
41.1835 37 37 19 37.2724 37 41 37.2724 37 
19 37 37.2724 41 37 37.2724 19.5175 38 37 
40.4825 38 37 20 38.5912 37 40 38.5912 37 
20 38 37.6683 40 38 37.6683 20.3663 39 37 
39.6337 39 37 21 39.6337 37 39 39.6337 37 
21 39 37.7999 39 39 37.7999 21.4088 40 37 
38.5912 40 37 22 40.4825 37 38 40.4825 37 
22 40 37.6683 38 40 37.6683 22.7276 41 37 
37.2724 41 37 23 41.1835 37 24 41.738 37 
36 41.738 37 37 41.1835 37 23 41 37.2724 
37 41 37.2724 24.542 42 37 35.458 42 37 
25 42.2116 37 26 42.5645 37 27 42.8367 37 
33 42.8367 37 34 42.5645 37 35 42.2116 37 
25 42 37.3391 26 42 37.933 34 42 37.933 
35 42 37.3391 27.7981 43 37 32.2019 43 37 
28 43.0411 37 29 43.1598 37 30 43.198 37 
31 43.1598 37 32 43.0411 37 28 43 37.0694 
29 43 37.2726 30 43 37.3393 31 43 37.2726 
32 43 37.0694 27 17.7479 38 28 17.5511 38 
29 17.4355 38 30 17.3971 38 31 17.4355 38 
32 17.5511 38 33 17.7479 38 26.1422 18 38 
33.8578 18 38 24 18.9068 38 25 18.4307 38 
26 18.0449 38 34 18.0449 38 35 18.4307 38 
36 18.9068 38 27 18 38.3597 28 18 38.6491 
29 18 38.823 30 18 38.8816 31 18 38.823 
32 18 38.6491 33 18 38.3597 23.8424 19 38 
36.1576 19 38 23 19.5175 38 37 19.5175 38 
24 19 38.1224 25 19 38.7647 35 19 38.7647 
36 19 38.1224 22.3317 20 38 37.6683 20 38 
22 20.2632 38 38 20.2632 38 23 20 38.5912 
37 20 38.5912 21.1771 21 38 38.8229 21 38 
21 21.1771 38 39 21.1771 38 22 21 38.8229 
38 21 38.8229 20.2632 22 38 39.7368 22 38 
20 22.3317 38 40 22.3317 38 21 22 38.8229 
39 22 38.8229 19.5175 23 38 40.4825 23 38 
19 23.8424 38 41 23.8424 38 20 23 38.5912 
40 23 38.5912 18.9068 24 38 41.0932 24 38 
19 24 38.1224 41 24 38.1224 18.4307 25 38 
41.5693 25 38 19 25 38.7647 41 25 38.7647 
18.0449 26 38 41.9551 26 38 18 26.1422 38 
42 26.1422 38 17.7479 27 38 42.2521 27 38 
18 27 38.3597 42 27 38.3597 17.5511 28 38 
42.4489 28 38 18 28 38.6491 42 28 38.6491 
17.4355 29 38 42.5645 29 38 18 29 38.823 
42 29 38.823 17.3971 30 38 42.6029 30 38 
18 30 38.8816 42 30 38.8816 17.4355 31 38 
42.5645 31 38 18 31 38.823 42 31 38.823 
17.5511 32 38 42.4489 32 38 18 32 38.6491 
42 32 38.6491 17.7479 33 38 42.2521 33 38 
18 33.8578 38 42 33.8578 38 18 33 38.3597 
42 33 38.3597 18.0449 34 38 41.9551 34 38 
18.4307 35 38 41.5693 35 38 19 35 38.7647 
41 35 38.7647 18.9068 36 38 41.0932 36 38 
19 36.1576 38 41 36.1576 38 19 36 38.1224 
41 36 38.1224 19.5175 37 38 40.4825 37 38 
20 37.6683 38 40 37.6683 38 20 37 38.5912 
40 37 38.5912 20.2632 38 38 39.7368 38 38 
21 38.8229 38 39 38.8229 38 21 38 38.8229 
39 38 38.8229 21.1771 39 38 38.8229 39 38 
22 39.7368 38 38 39.7368 38 22 39 38.8229 
38 39 38.8229 22.3317 40 38 37.6683 40 38 
23 40.4825 38 37 40.4825 38 23 40 38.5912 
37 40 38.5912 23.8424 41 38 36.1576 41 38 
24 41.0932 38 25 41.5693 38 26 41.9551 38 
34 41.9551 38 35 41.5693 38 36 41.0932 38 
24 41 38.1224 25 41 38.7647 35 41 38.7647 
36 41 38.1224 26.1422 42 38 33.8578 42 38 
27 42.2521 38 28 42.4489 38 29 42.5645 38 
30 42.6029 38 31 42.5645 38 32 42.4489 38 
33 42.2521 38 27 42 38.3597 28 42 38.6491 
29 42 38.823 30 42 38.8816 31 42 38.823 
32 42 38.6491 33 42 38.3597 26 18.7722 39 
27 18.4727 39 28 18.262 39 29 18.133 39 
30 18.0892 39 31 18.133 39 32 18.262 39 
33 18.4727 39 34 18.7722 39 25.4422 19 39 
34.5578 19 39 24 19.7049 39 25 19.1921 39 
35 19.1921 39 36 19.7049 39 26 19 39.2713 
27 19 39.6338 28 19 39.8935 32 19 39.8935 
33 19 39.6338 34 19 39.2713 23.5345 20 39 
36.4655 20 39 23 20.3663 39 37 20.3663 39 
24 20 39.3238 25 20 39.8934 35 20 39.8934 
36 20 39.3238 22.2001 21 39 37.7999 21 39 
22 21.1771 39 38 21.1771 39 23 21 39.6337 
37 21 39.6337 21.1771 22 39 38.8229 22 39 
21 22.2001 39 39 22.2001 39 22 22 39.7368 
38 22 39.7368 20.3663 23 39 39.6337 23 39 
20 23.5345 39 40 23.5345 39 21 23 39.6337 
39 23 39.6337 19.7049 24 39 40.2951 24 39 
20 24 39.3238 40 24 39.3238 19.1921 25 39 
40.8079 25 39 19 25.4422 39 41 25.4422 39 
20 25 39.8934 40 25 39.8934 18.7722 26 39 
41.2278 26 39 19 26 39.2713 41 26 39.2713 
18.4727 27 39 41.5273 27 39 19 27 39.6338 
41 27 39.6338 18.262 28 39 41.738 28 39 
19 28 39.8935 41 28 39.8935 18.133 29 39 
41.867 29 39 18.0892 30 39 41.9108 30 39 
18.133 31 39 41.867 31 39 18.262 32 39 
41.738 32 39 19 32 39.8935 41 32 39.8935 
18.4727 33 39 41.5273 33 39 19 33 39.6338 
41 33 39.6338 18.7722 34 39 41.2278 34 39 
19 34.5578 39 41 34.5578 39 19 34 39.2713 
41 34 39.2713 19.1921 35 39 40.8079 35 39 
20 35 39.8934 40 35 39.8934 19.7049 36 39 
40.2951 36 39 20 36.4655 39 40 36.4655 39 
20 36 39.3238 40 36 39.3238 20.3663 37 39 
39.6337 37 39 21 37.7999 39 39 37.7999 39 
21 37 39.6337 39 37 39.6337 21.1771 38 39 
38.8229 38 39 22 38.8229 39 38 38.8229 39 
22 38 39.7368 38 38 39.7368 22.2001 39 39 
37.7999 39 39 23 39.6337 39 37 39.6337 39 
23 39 39.6337 37 39 39.6337 23.5345 40 39 
36.4655 40 39 24 40.2951 39 25 40.8079 39 
35 40.8079 39 36 40.2951 39 24 40 39.3238 
25 40 39.8934 35 40 39.8934 36 40 39.3238 
25.4422 41 39 34.5578 41 39 26 41.2278 39 
27 41.5273 39 28 41.738 39 29 41.867 39 
30 41.9108 39 31 41.867 39 32 41.738 39 
33 41.5273 39 34 41.2278 39 26 41 39.2713 
27 41 39.6338 28 41 39.8935 32 41 39.8935 
33 41 39.6338 34 41 39.2713 29 18.953 40 
30 18.9068 40 31 18.953 40 28.6652 19 40 
31.3348 19 40 26 19.6576 40 27 19.3322 40 
28 19.097 40 32 19.097 40 33 19.3322 40 
34 19.6576 40 29 19 40.051 30 19 40.101 
31 19 40.051 25.2214 20 40 34.7786 20 40 
24 20.6762 40 25 20.1066 40 35 20.1066 40 
36 20.6762 40 26 20 40.3424 27 20 40.6678 
28 20 40.903 32 20 40.903 33 20 40.6678 
34 20 40.3424 23.5345 21 40 36.4655 21 40 
23 21.4088 40 37 21.4088 40 24 21 40.2951 
25 21 40.8079 35 21 40.8079 36 21 40.2951 
22.3317 22 40 37.6683 22 40 22 22.3317 40 
38 22.3317 40 23 22 40.4825 37 22 40.4825 
21.4088 23 40 38.5912 23 40 21 23.5345 40 
39 23.5345 40 22 23 40.4825 38 23 40.4825 
20.6762 24 40 39.3238 24 40 21 24 40.2951 
39 24 40.2951 20.1066 25 40 39.8934 25 40 
20 25.2214 40 40 25.2214 40 21 25 40.8079 
39 25 40.8079 19.6576 26 40 40.3424 26 40 
20 26 40.3424 40 26 40.3424 19.3322 27 40 
40.6678 27 40 20 27 40.6678 40 27 40.6678 
19.097 28 40 40.903 28 40 19 28.6652 40 
41 28.6652 40 20 28 40.903 40 28 40.903 
18.953 29 40 41.047 29 40 19 29 40.051 
41 29 40.051 18.9068 30 40 41.0932 30 40 
19 30 40.101 41 30 40.101 18.953 31 40 
41.047 31 40 19 31.3348 40 41 31.3348 40 
19 31 40.051 41 31 40.051 19.097 32 40 
40.903 32 40 20 32 40.903 40 32 40.903 
19.3322 33 40 40.6678 33 40 20 33 40.6678 
40 33 40.6678 19.6576 34 40 40.3424 34 40 
20 34.7786 40 40 34.7786 40 20 34 40.3424 
40 34 40.3424 20.1066 35 40 39.8934 35 40 
21 35 40.8079 39 35 40.8079 20.6762 36 40 
39.3238 36 40 21 36.4655 40 39 36.4655 40 
21 36 40.2951 39 36 40.2951 21.4088 37 40 
38.5912 37 40 22 37.6683 40 38 37.6683 40 
22 37 40.4825 38 37 40.4825 22.3317 38 40 
37.6683 38 40 23 38.5912 40 37 38.5912 40 
23 38 40.4825 37 38 40.4825 23.5345 39 40 
36.4655 39 40 24 39.3238 40 25 39.8934 40 
35 39.8934 40 36 39.3238 40 24 39 40.2951 
25 39 40.8079 35 39 40.8079 36 39 40.2951 
25.2214 40 40 34.7786 40 40 26 40.3424 40 
27 40.6678 40 28 40.903 40 32 40.903 40 
33 40.6678 40 34 40.3424 40 26 40 40.3424 
27 40 40.6678 28 40 40.903 32 40 40.903 
33 40 40.6678 34 40 40.3424 28.6652 41 40 
31.3348 41 40 29 41.047 40 30 41.0932 40 
31 41.047 40 29 41 40.051 30 41 40.101 
31 41 40.051 29 19.949 41 30 19.899 41 
31 19.949 41 28.6652 20 41 31.3348 20 41 
26 20.7287 41 27 20.3662 41 28 20.1065 41 
32 20.1065 41 33 20.3662 41 34 20.7287 41 
29 20 41.047 30 20 41.0932 31 20 41.047 
25.4422 21 41 34.5578 21 41 24 21.8776 41 
25 21.2353 41 35 21.2353 41 36 21.8776 41 
26 21 41.2278 27 21 41.5273 28 21 41.738 
29 21 41.867 30 21 41.9108 31 21 41.867 
32 21 41.738 33 21 41.5273 34 21 41.2278 
23.8424 22 41 36.1576 22 41 23 22.7276 41 
37 22.7276 41 24 22 41.0932 25 22 41.5693 
26 22 41.9551 34 22 41.9551 35 22 41.5693 
36 22 41.0932 22.7276 23 41 37.2724 23 41 
22 23.8424 41 38 23.8424 41 23 23 41.1835 
24 23 41.738 36 23 41.738 37 23 41.1835 
21.8776 24 41 38.1224 24 41 22 24 41.0932 
23 24 41.738 37 24 41.738 38 24 41.0932 
21.2353 25 41 38.7647 25 41 21 25.4422 41 
39 25.4422 41 22 25 41.5693 38 25 41.5693 
20.7287 26 41 39.2713 26 41 21 26 41.2278 
22 26 41.9551 38 26 41.9551 39 26 41.2278 
20.3662 27 41 39.6338 27 41 21 27 41.5273 
39 27 41.5273 20.1065 28 41 39.8935 28 41 
20 28.6652 41 40 28.6652 41 21 28 41.738 
39 28 41.738 19.949 29 41 40.051 29 41 
20 29 41.047 21 29 41.867 39 29 41.867 
40 29 41.047 19.899 30 41 40.101 30 41 
20 30 41.0932 21 30 41.9108 39 30 41.9108 
40 30 41.0932 19.949 31 41 40.051 31 41 
20 31.3348 41 40 31.3348 41 20 31 41.047 
21 31 41.867 39 31 41.867 40 31 41.047 
20.1065 32 41 39.8935 32 41 21 32 41.738 
39 32 41.738 20.3662 33 41 39.6338 33 41 
21 33 41.5273 39 33 41.5273 20.7287 34 41 
39.2713 34 41 21 34.5578 41 39 34.5578 41 
21 34 41.2278 22 34 41.9551 38 34 41.9551 
39 34 41.2278 21.2353 35 41 38.7647 35 41 
22 35 41.5693 38 35 41.5693 21.8776 36 41 
38.1224 36 41 22 36.1576 41 38 36.1576 41 
22 36 41.0932 23 36 41.738 37 36 41.738 
38 36 41.0932 22.7276 37 41 37.2724 37 41 
23 37.2724 41 37 37.2724 41 23 37 41.1835 
24 37 41.738 36 37 41.738 37 37 41.1835 
23.8424 38 41 36.1576 38 41 24 38.1224 41 
25 38.7647 41 35 38.7647 41 36 38.1224 41 
24 38 41.0932 25 38 41.5693 26 38 41.9551 
34 38 41.9551 35 38 41.5693 36 38 41.0932 
25.4422 39 41 34.5578 39 41 26 39.2713 41 
27 39.6338 41 28 39.8935 41 32 39.8935 41 
33 39.6338 41 34 39.2713 41 26 39 41.2278 
27 39 41.5273 28 39 41.738 29 39 41.867 
30 39 41.9108 31 39 41.867 32 39 41.738 
33 39 41.5273 34 39 41.2278 28.6652 40 41 
31.3348 40 41 29 40.051 41 30 40.101 41 
31 40.051 41 29 40 41.047 30 40 41.0932 
31 40 41.047 27 21.6403 42 28 21.3509 42 
29 21.177 42 30 21.1184 42 31 21.177 42 
32 21.3509 42 33 21.6403 42 26.1422 22 42 
33.8578 22 42 25 22.6609 42 26 22.067 42 
34 22.067 42 35 22.6609 42 27 22 42.2521 
28 22 42.4489 29 22 42.5645 30 22 42.6029 
31 22 42.5645 32 22 42.4489 33 22 42.2521 
24.542 23 42 35.458 23 42 24 23.4583 42 
36 23.4583 42 25 23 42.2116 26 23 42.5645 
27 23 42.8367 33 23 42.8367 34 23 42.5645 
35 23 42.2116 23.4583 24 42 36.5417 24 42 
23 24.542 42 37 24.542 42 24 24 42.2922 
25 24 42.7187 35 24 42.7187 36 24 42.2922 
22.6609 25 42 37.3391 25 42 23 25 42.2116 
24 25 42.7187 36 25 42.7187 37 25 42.2116 
22.067 26 42 37.933 26 42 22 26.1422 42 
38 26.1422 42 23 26 42.5645 37 26 42.5645 
21.6403 27 42 38.3597 27 42 22 27 42.2521 
23 27 42.8367 37 27 42.8367 38 27 42.2521 
21.3509 28 42 38.6491 28 42 22 28 42.4489 
38 28 42.4489 21.177 29 42 38.823 29 42 
22 29 42.5645 38 29 42.5645 21.1184 30 42 
38.8816 30 42 22 30 42.6029 38 30 42.6029 
21.177 31 42 38.823 31 42 22 31 42.5645 
38 31 42.5645 21.3509 32 42 38.6491 32 42 
22 32 42.4489 38 32 42.4489 21.6403 33 42 
38.3597 33 42 22 33.8578 42 38 33.8578 42 
22 33 42.2521 23 33 42.8367 37 33 42.8367 
38 33 42.2521 22.067 34 42 37.933 34 42 
23 34 42.5645 37 34 42.5645 22.6609 35 42 
37.3391 35 42 23 35.458 42 37 35.458 42 
23 35 42.2116 24 35 42.7187 36 35 42.7187 
37 35 42.2116 23.4583 36 42 36.5417 36 42 
24 36.5417 42 36 36.5417 42 24 36 42.2922 
25 36 42.7187 35 36 42.7187 36 36 42.2922 
24.542 37 42 35.458 37 42 25 37.3391 42 
26 37.933 42 34 37.933 42 35 37.3391 42 
25 37 42.2116 26 37 42.5645 27 37 42.8367 
33 37 42.8367 34 37 42.5645 35 37 42.2116 
26.1422 38 42 33.8578 38 42 27 38.3597 42 
28 38.6491 42 29 38.823 42 30 38.8816 42 
31 38.823 42 32 38.6491 42 33 38.3597 42 
27 38 42.2521 28 38 42.4489 29 38 42.5645 
30 38 42.6029 31 38 42.5645 32 38 42.4489 
33 38 42.2521 28 22.9306 43 29 22.7274 43 
30 22.6607 43 31 22.7274 43 32 22.9306 43 
27.7981 23 43 32.2019 23 43 26 23.8422 43 
27 23.3061 43 33 23.3061 43 34 23.8422 43 
28 23 43.0411 29 23 43.1598 30 23 43.198 
31 23 43.1598 32 23 43.0411 25.7748 24 43 
34.2252 24 43 25 24.6323 43 35 24.6323 43 
26 24 43.0813 27 24 43.3464 28 24 43.525 
29 24 43.6311 30 24 43.6666 31 24 43.6311 
32 24 43.525 33 24 43.3464 34 24 43.0813 
24.6323 25 43 35.3677 25 43 24 25.7748 43 
36 25.7748 43 25 25 43.1597 26 25 43.4896 
27 25 43.7381 28 25 43.9228 32 25 43.9228 
33 25 43.7381 34 25 43.4896 35 25 43.1597 
23.8422 26 43 36.1578 26 43 24 26 43.0813 
25 26 43.4896 26 26 43.8108 34 26 43.8108 
35 26 43.4896 36 26 43.0813 23.3061 27 43 
36.6939 27 43 23 27.7981 43 37 27.7981 43 
24 27 43.3464 25 27 43.7381 35 27 43.7381 
36 27 43.3464 22.9306 28 43 37.0694 28 43 
23 28 43.0411 24 28 43.525 25 28 43.9228 
35 28 43.9228 36 28 43.525 37 28 43.0411 
22.7274 29 43 37.2726 29 43 23 29 43.1598 
24 29 43.6311 36 29 43.6311 37 29 43.1598 
22.6607 30 43 37.3393 30 43 23 30 43.198 
24 30 43.6666 36 30 43.6666 37 30 43.198 
22.7274 31 43 37.2726 31 43 23 31 43.1598 
24 31 43.6311 36 31 43.6311 37 31 43.1598 
22.9306 32 43 37.0694 32 43 23 32.2019 43 
37 32.2019 43 23 32 43.0411 24 32 43.525 
25 32 43.9228 35 32 43.9228 36 32 43.525 
37 32 43.0411 23.3061 33 43 36.6939 33 43 
24 33 43.3464 25 33 43.7381 35 33 43.7381 
36 33 43.3464 23.8422 34 43 36.1578 34 43 
24 34.2252 43 36 34.2252 43 24 34 43.0813 
25 34 43.4896 26 34 43.8108 34 34 43.8108 
35 34 43.4896 36 34 43.0813 24.6323 35 43 
35.3677 35 43 25 35.3677 43 35 35.3677 43 
25 35 43.1597 26 35 43.4896 27 35 43.7381 
28 35 43.9228 32 35 43.9228 33 35 43.7381 
34 35 43.4896 35 35 43.1597 25.7748 36 43 
34.2252 36 43 26 36.1578 43 27 36.6939 43 
33 36.6939 43 34 36.1578 43 26 36 43.0813 
27 36 43.3464 28 36 43.525 29 36 43.6311 
30 36 43.6666 31 36 43.6311 32 36 43.525 
33 36 43.3464 34 36 43.0813 27.7981 37 43 
32.2019 37 43 28 37.0694 43 29 37.2726 43 
30 37.3393 43 31 37.2726 43 32 37.0694 43 
28 37 43.0411 29 37 43.1598 30 37 43.198 
31 37 43.1598 32 37 43.0411 29 24.9065 44 
30 24.8144 44 31 24.9065 44 28.6637 25 44 
31.3363 25 44 27 25.7744 44 28 25.2208 44 
32 25.2208 44 33 25.7744 44 29 25 44.0389 
30 25 44.0769 31 25 44.0389 26.7113 26 44 
33.2887 26 44 26 26.7113 44 34 26.7113 44 
27 26 44.0769 28 26 44.2569 29 26 44.3591 
30 26 44.3925 31 26 44.3591 32 26 44.2569 
33 26 44.0769 25.7744 27 44 34.2256 27 44 
26 27 44.0769 27 27 44.3254 28 27 44.4914 
29 27 44.5894 30 27 44.6221 31 27 44.5894 
32 27 44.4914 33 27 44.3254 34 27 44.0769 
25.2208 28 44 34.7792 28 44 25 28.6637 44 
35 28.6637 44 26 28 44.2569 27 28 44.4914 
28 28 44.6549 29 28 44.7544 30 28 44.7881 
31 28 44.7544 32 28 44.6549 33 28 44.4914 
34 28 44.2569 24.9065 29 44 35.0935 29 44 
25 29 44.0389 26 29 44.3591 27 29 44.5894 
28 29 44.7544 29 29 44.8567 30 29 44.8917 
31 29 44.8567 32 29 44.7544 33 29 44.5894 
34 29 44.3591 35 29 44.0389 24.8144 30 44 
35.1856 30 44 25 30 44.0769 26 30 44.3925 
27 30 44.6221 28 30 44.7881 29 30 44.8917 
30 30 44.9272 31 30 44.8917 32 30 44.7881 
33 30 44.6221 34 30 44.3925 35 30 44.0769 
24.9065 31 44 35.0935 31 44 25 31.3363 44 
35 31.3363 44 25 31 44.0389 26 31 44.3591 
27 31 44.5894 28 31 44.7544 29 31 44.8567 
30 31 44.8917 31 31 44.8567 32 31 44.7544 
33 31 44.5894 34 31 44.3591 35 31 44.0389 
25.2208 32 44 34.7792 32 44 26 32 44.2569 
27 32 44.4914 28 32 44.6549 29 32 44.7544 
30 32 44.7881 31 32 44.7544 32 32 44.6549 
33 32 44.4914 34 32 44.2569 25.7744 33 44 
34.2256 33 44 26 33.2887 44 34 33.2887 44 
26 33 44.0769 27 33 44.3254 28 33 44.4914 
29 33 44.5894 30 33 44.6221 31 33 44.5894 
32 33 44.4914 33 33 44.3254 34 33 44.0769 
26.7113 34 44 33.2887 34 44 27 34.2256 44 
28 34.7792 44 32 34.7792 44 33 34.2256 44 
27 34 44.0769 28 34 44.2569 29 34 44.3591 
30 34 44.3925 31 34 44.3591 32 34 44.2569 
33 34 44.0769 28.6637 35 44 31.3363 35 44 
29 35.0935 44 30 35.1856 44 31 35.0935 44 
29 35 44.0389 30 35 44.0769 31 35 44.0389 

POLYGONS 8361 25080
OFFSETS vtktypeint64
0 3 6 9 12 15 18 21 24 
27 30 33 36 39 42 45 48 51 
54 57 60 63 66 69 72 75 78 
81 84 87 90 93 96 99 102 105 
108 111 114 117 120 123 126 129 132 
135 138 141 144 147 150 153 156 159 
162 165 168 171 174 177 180 183 186 
189 192 195 198 201 204 207 210 213 
216 219 222 225 228 231 234 237 240 
243 246 249 252 255 258 261 264 267 
270 273 276 279 282 285 288 291 294 
297 300 303 306 309 312 315 318 321 
324 327 330 333 336 339 342 345 348 
351 354 357 360 363 366 369 372 375 
378 381 384 387 390 393 396 399 402 
405 408 411 414 417 420 423 426 429 
432 435 438 441 444 447 450 453 456 
459 462 465 468 471 474 477 480 483 
486 489 492 495 498 501 504 507 510 
513 516 519 522 525 528 531 534 537 
540 543 546 549 552 555 558 561 564 
567 570 573 576 579 582 585 588 591 
594 597 600 603 606 609 612 615 618 
621 624 627 630 633 636 639 642 645 
648 651 654 657 660 663 666 669 672 
675 678 681 684 687 690 693 696 699 
702 705 708 711 714 717 720 723 726 
729 732 735 738 741 744 747 750 753 
756 759 762 765 768 771 774 777 780 
783 786 789 792 795 798 801 804 807 
810 813 816 819 822 825 828 831 834 
837 840 843 846 849 852 855 858 861 
864 867 870 873 876 879 882 885 888 
891 894 897 900 903 906 909 912 915 
918 921 924 927 930 933 936 939 942 
945 948 951 954 957 960 963 966 969 
972 975 978 981 984 987 990 993 996 
999 1002 1005 1008 1011 1014 1017 1020 1023 
1026 1029 1032 1035 1038 1041 1044 1047 1050 
1053 1056 1059 1062 1065 1068 1071 1074 1077 
1080 1083 1086 1089 1092 1095 1098 1101 1104 
1107 1110 1113 1116 1119 1122 1125 1128 1131 
1134 1137 1140 1143 1146 1149 1152 1155 1158 
1161 1164 1167 1170 1173 1176 1179 1182 1185 
1188 1191 1194 1197 1200 1203 1206 1209 1212 
1215 1218 1221 1224 1227 1230 1233 1236 1239 
1242 1245 1248 1251 1254 1257 1260 1263 1266 
1269 1272 1275 1278 1281 1284 1287 1290 1293 
1296 1299 1302 1305 1308 1311 1314 1317 1320 
1323 1326 1329 1332 1335 1338 1341 1344 1347 
1350 1353 1356 1359 1362 1365 1368 1371 1374 
1377 1380 1383 1386 1389 1392 1395 1398 1401 
1404 1407 1410 1413 1416 1419 1422 1425 1428 
1431 1434 1437 1440 1443 1446 1449 1452 1455 
1458 1461 1464 1467 1470 1473 1476 1479 1482 
1485 1488 1491 1494 1497 1500 1503 1506 1509 
1512 1515 1518 1521 1524 1527 1530 1533 1536 
1539 1542 1545 1548 1551 1554 1557 1560 1563 
1566 1569 1572 1575 1578 1581 1584 1587 1590 
1593 1596 1599 1602 1605 1608 1611 1614 1617 
1620 1623 1626 1629 1632 1635 1638 1641 1644 
1647 1650 1653 1656 1659 1662 1665 1668 1671 
1674 1677 1680 1683 1686 1689 1692 1695 1698 
1701 1704 1707 1710 1713 1716 1719 1722 1725 
1728 1731 1734 1737 1740 1743 1746 1749 1752 
1755 1758 1761 1764 1767 1770 1773 1776 1779 
1782 1785 1788 1791 1794 1797 1800 1803 1806 
1809 1812 1815 1818 1821 1824 1827 1830 1833 
1836 1839 1842 1845 1848 1851 1854 1857 1860 
1863 1866 1869 1872 1875 1878 1881 1884 1887 
1890 1893 1896 1899 1902 1905 1908 1911 1914 
1917 1920 1923 1926 1929 1932 1935 1938 1941 
1944 1947 1950 1953 1956 1959 1962 1965 1968 
1971 1974 1977 1980 1983 1986 1989 1992 1995 
1998 2001 2004 2007 2010 2013 2016 2019 2022 
2025 2028 2031 2034 2037 2040 2043 2046 2049 
2052 2055 2058 2061 2064 2067 2070 2073 2076 
2079 2082 2085 2088 2091 2094 2097 2100 2103 
2106 2109 2112 2115 2118 2121 2124 2127 2130 
2133 2136 2139 2142 2145 2148 2151 2154 2157 
2160 2163 2166 2169 2172 2175 2178 2181 2184 
2187 2190 2193 2196 2199 2202 2205 2208 2211 
2214 2217 2220 2223 2226 2229 2232 2235 2238 
2241 2244 2247 2250 2253 2256 2259 2262 2265 
2268 2271 2274 2277 2280 2283 2286 2289 2292 
2295 2298 2301 2304 2307 2310 2313 2316 2319 
2322 2325 2328 2331 2334 2337 2340 2343 2346 
2349 2352 2355 2358 2361 2364 2367 2370 2373 
2376 2379 2382 2385 2388 2391 2394 2397 2400 
2403 2406 2409 2412 2415 2418 2421 2424 2427 
2430 2433 2436 2439 2442 2445 2448 2451 2454 
2457 2460 2463 2466 2469 2472 2475 2478 2481 
2484 2487 2490 2493 2496 2499 2502 2505 2508 
2511 2514 2517 2520 2523 2526 2529 2532 2535 
2538 2541 2544 2547 2550 2553 2556 2559 2562 
2565 2568 2571 2574 2577 2580 2583 2586 2589 
2592 2595 2598 2601 2604 2607 2610 2613 2616 
2619 2622 2625 2628 2631 2634 2637 2640 2643 
2646 2649 2652 2655 2658 2661 2664 2667 2670 
2673 2676 2679 2682 2685 2688 2691 2694 2697 
2700 2703 2706 2709 2712 2715 2718 2721 2724 
2727 2730 2733 2736 2739 2742 2745 2748 2751 
2754 2757 2760 2763 2766 2769 2772 2775 2778 
2781 2784 2787 2790 2793 2796 2799 2802 2805 
2808 2811 2814 2817 2820 2823 2826 2829 2832 
2835 2838 2841 2844 2847 2850 2853 2856 2859 
2862 2865 2868 2871 2874 2877 2880 2883 2886 
2889 2892 2895 2898 2901 2904 2907 2910 2913 
2916 2919 2922 2925 2928 2931 2934 2937 2940 
2943 2946 2949 2952 2955 2958 2961 2964 2967 
2970 2973 2976 2979 2982 2985 2988 2991 2994 
2997 3000 3003 3006 3009 3012 3015 3018 3021 
3024 3027 3030 3033 3036 3039 3042 3045 3048 
3051 3054 3057 3060 3063 3066 3069 3072 3075 
3078 3081 3084 3087 3090 3093 3096 3099 3102 
3105 3108 3111 3114 3117 3120 3123 3126 3129 
3132 3135 3138 3141 3144 3147 3150 3153 3156 
3159 3162 3165 3168 3171 3174 3177 3180 3183 
3186 3189 3192 3195 3198 3201 3204 3207 3210 
3213 3216 3219 3222 3225 3228 3231 3234 3237 
3240 3243 3246 3249 3252 3255 3258 3261 3264 
3267 3270 3273 3276 3279 3282 3285 3288 3291 
3294 3297 3300 3303 3306 3309 3312 3315 3318 
3321 3324 3327 3330 3333 3336 3339 3342 3345 
3348 3351 3354 3357 3360 3363 3366 3369 3372 
3375 3378 3381 3384 3387 3390 3393 3396 3399 
3402 3405 3408 3411 3414 3417 3420 3423 3426 
3429 3432 3435 3438 3441 3444 3447 3450 3453 
3456 3459 3462 3465 3468 3471 3474 3477 3480 
3483 3486 3489 3492 3495 3498 3501 3504 3507 
3510 3513 3516 3519 3522 3525 3528 3531 3534 
3537 3540 3543 3546 3549 3552 3555 3558 3561 
3564 3567 3570 3573 3576 3579 3582 3585 3588 
3591 3594 3597 3600 3603 3606 3609 3612 3615 
3618 3621 3624 3627 3630 3633 3636 3639 3642 
3645 3648 3651 3654 3657 3660 3663 3666 3669 
3672 3675 3678 3681 3684 3687 3690 3693 3696 
3699 3702 3705 3708 3711 3714 3717 3720 3723 
3726 3729 3732 3735 3738 3741 3744 3747 3750 
3753 3756 3759 3762 3765 3768 3771 3774 3777 
3780 3783 3786 3789 3792 3795 3798 3801 3804 
3807 3810 3813 3816 3819 3822 3825 3828 3831 
3834 3837 3840 3843 3846 3849 3852 3855 3858 
3861 3864 3867 3870 3873 3876 3879 3882 3885 
3888 3891 3894 3897 3900 3903 3906 3909 3912 
3915 3918 3921 3924 3927 3930 3933 3936 3939 
3942 3945 3948 3951 3954 3957 3960 3963 3966 
3969 3972 3975 3978 3981 3984 3987 3990 3993 
3996 3999 4002 4005 4008 4011 4014 4017 4020 
4023 4026 4029 4032 4035 4038 4041 4044 4047 
4050 4053 4056 4059 4062 4065 4068 4071 4074 
4077 4080 4083 4086 4089 4092 4095 4098 4101 
4104 4107 4110 4113 4116 4119 4122 4125 4128 
4131 4134 4137 4140 4143 4146 4149 4152 4155 
4158 4161 4164 4167 4170 4173 4176 4179 4182 
4185 4188 4191 4194 4197 4200 4203 4206 4209 
4212 4215 4218 4221 4224 4227 4230 4233 4236 
4239 4242 4245 4248 4251 4254 4257 4260 4263 
4266 4269 4272 4275 4278 4281 4284 4287 4290 
4293 4296 4299 4302 4305 4308 4311 4314 4317 
4320 4323 4326 4329 4332 4335 4338 4341 4344 
4347 4350 4353 4356 4359 4362 4365 4368 4371 
4374 4377 4380 4383 4386 4389 4392 4395 4398 
4401 4404 4407 4410 4413 4416 4419 4422 4425 
4428 4431 4434 4437 4440 4443 4446 4449 4452 
4455 4458 4461 4464 4467 4470 4473 4476 4479 
4482 4485 4488 4491 4494 4497 4500 4503 4506 
4509 4512 4515 4518 4521 4524 4527 4530 4533 
4536 4539 4542 4545 4548 4551 4554 4557 4560 
4563 4566 4569 4572 4575 4578 4581 4584 4587 
4590 4593 4596 4599 4602 4605 4608 4611 4614 
4617 4620 4623 4626 4629 4632 4635 4638 4641 
4644 4647 4650 4653 4656 4659 4662 4665 4668 
4671 4674 4677 4680 4683 4686 4689 4692 4695 
4698 4701 4704 4707 4710 4713 4716 4719 4722 
4725 4728 4731 4734 4737 4740 4743 4746 4749 
4752 4755 4758 4761 4764 4767 4770 4773 4776 
4779 4782 4785 4788 4791 4794 4797 4800 4803 
4806 4809 4812 4815 4818 4821 4824 4827 4830 
4833 4836 4839 4842 4845 4848 4851 4854 4857 
4860 4863 4866 4869 4872 4875 4878 4881 4884 
4887 4890 4893 4896 4899 4902 4905 4908 4911 
4914 4917 4920 4923 4926 4929 4932 4935 4938 
4941 4944 4947 4950 4953 4956 4959 4962 4965 
4968 4971 4974 4977 4980 4983 4986 4989 4992 
4995 4998 5001 5004 5007 5010 5013 5016 5019 
5022 5025 5028 5031 5034 5037 5040 5043 5046 
5049 5052 5055 5058 5061 5064 5067 5070 5073 
5076 5079 5082 5085 5088 5091 5094 5097 5100 
5103 5106 5109 5112 5115 5118 5121 5124 5127 
5130 5133 5136 5139 5142 5145 5148 5151 5154 
5157 5160 5163 5166 5169 5172 5175 5178 5181 
5184 5187 5190 5193 5196 5199 5202 5205 5208 
5211 5214 5217 5220 5223 5226 5229 5232 5235 
5238 5241 5244 5247 5250 5253 5256 5259 5262 
5265 5268 5271 5274 5277 5280 5283 5286 5289 
5292 5295 5298 5301 5304 5307 5310 5313 5316 
5319 5322 5325 5328 5331 5334 5337 5340 5343 
5346 5349 5352 5355 5358 5361 5364 5367 5370 
5373 5376 5379 5382 5385 5388 5391 5394 5397 
5400 5403 5406 5409 5412 5415 5418 5421 5424 
5427 5430 5433 5436 5439 5442 5445 5448 5451 
5454 5457 5460 5463 5466 5469 5472 5475 5478 
5481 5484 5487 5490 5493 5496 5499 5502 5505 
5508 5511 5514 5517 5520 5523 5526 5529 5532 
5535 5538 5541 5544 5547 5550 5553 5556 5559 
5562 5565 5568 5571 5574 5577 5580 5583 5586 
5589 5592 5595 5598 5601 5604 5607 5610 5613 
5616 5619 5622 5625 5628 5631 5634 5637 5640 
5643 5646 5649 5652 5655 5658 5661 5664 5667 
5670 5673 5676 5679 5682 5685 5688 5691 5694 
5697 5700 5703 5706 5709 5712 5715 5718 5721 
5724 5727 5730 5733 5736 5739 5742 5745 5748 
5751 5754 5757 5760 5763 5766 5769 5772 5775 
5778 5781 5784 5787 5790 5793 5796 5799 5802 
5805 5808 5811 5814 5817 5820 5823 5826 5829 
5832 5835 5838 5841 5844 5847 5850 5853 5856 
5859 5862 5865 5868 5871 5874 5877 5880 5883 
5886 5889 5892 5895 5898 5901 5904 5907 5910 
5913 5916 5919 5922 5925 5928 5931 5934 5937 
5940 5943 5946 5949 5952 5955 5958 5961 5964 
5967 5970 5973 5976 5979 5982 5985 5988 5991 
5994 5997 6000 6003 6006 6009 6012 6015 6018 
6021 6024 6027 6030 6033 6036 6039 6042 6045 
6048 6051 6054 6057 6060 6063 6066 6069 6072 
6075 6078 6081 6084 6087 6090 6093 6096 6099 
6102 6105 6108 6111 6114 6117 6120 6123 6126 
6129 6132 6135 6138 6141 6144 6147 6150 6153 
6156 6159 6162 6165 6168 6171 6174 6177 6180 
6183 6186 6189 6192 6195 6198 6201 6204 6207 
6210 6213 6216 6219 6222 6225 6228 6231 6234 
6237 6240 6243 6246 6249 6252 6255 6258 6261 
6264 6267 6270 6273 6276 6279 6282 6285 6288 
6291 6294 6297 6300 6303 6306 6309 6312 6315 
6318 6321 6324 6327 6330 6333 6336 6339 6342 
6345 6348 6351 6354 6357 6360 6363 6366 6369 
6372 6375 6378 6381 6384 6387 6390 6393 6396 
6399 6402 6405 6408 6411 6414 6417 6420 6423 
6426 6429 6432 6435 6438 6441 6444 6447 6450 
6453 6456 6459 6462 6465 6468 6471 6474 6477 
6480 6483 6486 6489 6492 6495 6498 6501 6504 
6507 6510 6513 6516 6519 6522 6525 6528 6531 
6534 6537 6540 6543 6546 6549 6552 6555 6558 
6561 6564 6567 6570 6573 6576 6579 6582 6585 
6588 6591 6594 6597 6600 6603 6606 6609 6612 
6615 6618 6621 6624 6627 6630 6633 6636 6639 
6642 6645 6648 6651 6654 6657 6660 6663 6666 
6669 6672 6675 6678 6681 6684 6687 6690 6693 
6696 6699 6702 6705 6708 6711 6714 6717 6720 
6723 6726 6729 6732 6735 6738 6741 6744 6747 
6750 6753 6756 6759 6762 6765 6768 6771 6774 
6777 6780 6783 6786 6789 6792 6795 6798 6801 
6804 6807 6810 6813 6816 6819 6822 6825 6828 
6831 6834 6837 6840 6843 6846 6849 6852 6855 
6858 6861 6864 6867 6870 6873 6876 6879 6882 
6885 6888 6891 6894 6897 6900 6903 6906 6909 
6912 6915 6918 6921 6924 6927 6930 6933 6936 
6939 6942 6945 6948 6951 6954 6957 6960 6963 
6966 6969 6972 6975 6978 6981 6984 6987 6990 
6993 6996 6999 7002 7005 7008 7011 7014 7017 
7020 7023 7026 7029 7032 7035 7038 7041 7044 
7047 7050 7053 7056 7059 7062 7065 7068 7071 
7074 7077 7080 7083 7086 7089 7092 7095 7098 
7101 7104 7107 7110 7113 7116 7119 7122 7125 
7128 7131 7134 7137 7140 7143 7146 7149 7152 
7155 7158 7161 7164 7167 7170 7173 7176 7179 
7182 7185 7188 7191 7194 7197 7200 7203 7206 
7209 7212 7215 7218 7221 7224 7227 7230 7233 
7236 7239 7242 7245 7248 7251 7254 7257 7260 
7263 7266 7269 7272 7275 7278 7281 7284 7287 
7290 7293 7296 7299 7302 7305 7308 7311 7314 
7317 7320 7323 7326 7329 7332 7335 7338 7341 
7344 7347 7350 7353 7356 7359 7362 7365 7368 
7371 7374 7377 7380 7383 7386 7389 7392 7395 
7398 7401 7404 7407 7410 7413 7416 7419 7422 
7425 7428 7431 7434 7437 7440 7443 7446 7449 
7452 7455 7458 7461 7464 7467 7470 7473 7476 
7479 7482 7485 7488 7491 7494 7497 7500 7503 
7506 7509 7512 7515 7518 7521 7524 7527 7530 
7533 7536 7539 7542 7545 7548 7551 7554 7557 
7560 7563 7566 7569 7572 7575 7578 7581 7584 
7587 7590 7593 7596 7599 7602 7605 7608 7611 
7614 7617 7620 7623 7626 7629 7632 7635 7638 
7641 7644 7647 7650 7653 7656 7659 7662 7665 
7668 7671 7674 7677 7680 7683 7686 7689 7692 
7695 7698 7701 7704 7707 7710 7713 7716 7719 
7722 7725 7728 7731 7734 7737 7740 7743 7746 
7749 7752 7755 7758 7761 7764 7767 7770 7773 
7776 7779 7782 7785 7788 7791 7794 7797 7800 
7803 7806 7809 7812 7815 7818 7821 7824 7827 
7830 7833 7836 7839 7842 7845 7848 7851 7854 
7857 7860 7863 7866 7869 7872 7875 7878 7881 
7884 7887 7890 7893 7896 7899 7902 7905 7908 
7911 7914 7917 7920 7923 7926 7929 7932 7935 
7938 7941 7944 7947 7950 7953 7956 7959 7962 
7965 7968 7971 7974 7977 7980 7983 7986 7989 
7992 7995 7998 8001 8004 8007 8010 8013 8016 
8019 8022 8025 8028 8031 8034 8037 8040 8043 
8046 8049 8052 8055 8058 8061 8064 8067 8070 
8073 8076 8079 8082 8085 8088 8091 8094 8097 
8100 8103 8106 8109 8112 8115 8118 8121 8124 
8127 8130 8133 8136 8139 8142 8145 8148 8151 
8154 8157 8160 8163 8166 8169 8172 8175 8178 
8181 8184 8187 8190 8193 8196 8199 8202 8205 
8208 8211 8214 8217 8220 8223 8226 8229 8232 
8235 8238 8241 8244 8247 8250 8253 8256 8259 
8262 8265 8268 8271 8274 8277 8280 8283 8286 
8289 8292 8295 8298 8301 8304 8307 8310 8313 
8316 8319 8322 8325 8328 8331 8334 8337 8340 
8343 8346 8349 8352 8355 8358 8361 8364 8367 
8370 8373 8376 8379 8382 8385 8388 8391 8394 
8397 8400 8403 8406 8409 8412 8415 8418 8421 
8424 8427 8430 8433 8436 8439 8442 8445 8448 
8451 8454 8457 8460 8463 8466 8469 8472 8475 
8478 8481 8484 8487 8490 8493 8496 8499 8502 
8505 8508 8511 8514 8517 8520 8523 8526 8529 
8532 8535 8538 8541 8544 8547 8550 8553 8556 
8559 8562 8565 8568 8571 8574 8577 8580 8583 
8586 8589 8592 8595 8598 8601 8604 8607 8610 
8613 8616 8619 8622 8625 8628 8631 8634 8637 
8640 8643 8646 8649 8652 8655 8658 8661 8664 
8667 8670 8673 8676 8679 8682 8685 8688 8691 
8694 8697 8700 8703 8706 8709 8712 8715 8718 
8721 8724 8727 8730 8733 8736 8739 8742 8745 
8748 8751 8754 8757 8760 8763 8766 8769 8772 
8775 8778 8781 8784 8787 8790 8793 8796 8799 
8802 8805 8808 8811 8814 8817 8820 8823 8826 
8829 8832 8835 8838 8841 8844 8847 8850 8853 
8856 8859 8862 8865 8868 8871 8874 8877 8880 
8883 8886 8889 8892 8895 8898 8901 8904 8907 
8910 8913 8916 8919 8922 8925 8928 8931 8934 
8937 8940 8943 8946 8949 8952 8955 8958 8961 
8964 8967 8970 8973 8976 8979 8982 8985 8988 
8991 8994 8997 9000 9003 9006 9009 9012 9015 
9018 9021 9024 9027 9030 9033 9036 9039 9042 
9045 9048 9051 9054 9057 9060 9063 9066 9069 
9072 9075 9078 9081 9084 9087 9090 9093 9096 
9099 9102 9105 9108 9111 9114 9117 9120 9123 
9126 9129 9132 9135 9138 9141 9144 9147 9150 
9153 9156 9159 9162 9165 9168 9171 9174 9177 
9180 9183 9186 9189 9192 9195 9198 9201 9204 
9207 9210 9213 9216 9219 9222 9225 9228 9231 
9234 9237 9240 9243 9246 9249 9252 9255 9258 
9261 9264 9267 9270 9273 9276 9279 9282 9285 
9288 9291 9294 9297 9300 9303 9306 9309 9312 
9315 9318 9321 9324 9327 9330 9333 9336 9339 
9342 9345 9348 9351 9354 9357 9360 9363 9366 
9369 9372 9375 9378 9381 9384 9387 9390 9393 
9396 9399 9402 9405 9408 9411 9414 9417 9420 
9423 9426 9429 9432 9435 9438 9441 9444 9447 
9450 9453 9456 9459 9462 9465 9468 9471 9474 
9477 9480 9483 9486 9489 9492 9495 9498 9501 
9504 9507 9510 9513 9516 9519 9522 9525 9528 
9531 9534 9537 9540 9543 9546 9549 9552 9555 
9558 9561 9564 9567 9570 9573 9576 9579 9582 
9585 9588 9591 9594 9597 9600 9603 9606 9609 
9612 9615 9618 9621 9624 9627 9630 9633 9636 
9639 9642 9645 9648 9651 9654 9657 9660 9663 
9666 9669 9672 9675 9678 9681 9684 9687 9690 
9693 9696 9699 9702 9705 9708 9711 9714 9717 
9720 9723 9726 9729 9732 9735 9738 9741 9744 
9747 9750 9753 9756 9759 9762 9765 9768 9771 
9774 9777 9780 9783 9786 9789 9792 9795 9798 
9801 9804 9807 9810 9813 9816 9819 9822 9825 
9828 9831 9834 9837 9840 9843 9846 9849 9852 
9855 9858 9861 9864 9867 9870 9873 9876 9879 
9882 9885 9888 9891 9894 9897 9900 9903 9906 
9909 9912 9915 9918 9921 9924 9927 9930 9933 
9936 9939 9942 9945 9948 9951 9954 9957 9960 
9963 9966 9969 9972 9975 9978 9981 9984 9987 
9990 9993 9996 9999 10002 10005 10008 10011 10014 
10017 10020 10023 10026 10029 10032 10035 10038 10041 
10044 10047 10050 10053 10056 10059 10062 10065 10068 
10071 10074 10077 10080 10083 10086 10089 10092 10095 
10098 10101 10104 10107 10110 10113 10116 10119 10122 
10125 10128 10131 10134 10137 10140 10143 10146 10149 
10152 10155 10158 10161 10164 10167 10170 10173 10176 
10179 10182 10185 10188 10191 10194 10197 10200 10203 
10206 10209 10212 10215 10218 10221 10224 10227 10230 
10233 10236 10239 10242 10245 10248 10251 10254 10257 
10260 10263 10266 10269 10272 10275 10278 10281 10284 
10287 10290 10293 10296 10299 10302 10305 10308 10311 
10314 10317 10320 10323 10326 10329 10332 10335 10338 
10341 10344 10347 10350 10353 10356 10359 10362 10365 
10368 10371 10374 10377 10380 10383 10386 10389 10392 
10395 10398 10401 10404 10407 10410 10413 10416 10419 
10422 10425 10428 10431 10434 10437 10440 10443 10446 
10449 10452 10455 10458 10461 10464 10467 10470 10473 
10476 10479 10482 10485 10488 10491 10494 10497 10500 
10503 10506 10509 10512 10515 10518 10521 10524 10527 
10530 10533 10536 10539 10542 10545 10548 10551 10554 
10557 10560 10563 10566 10569 10572 10575 10578 10581 
10584 10587 10590 10593 10596 10599 10602 10605 10608 
10611 10614 10617 10620 10623 10626 10629 10632 10635 
10638 10641 10644 10647 10650 10653 10656 10659 10662 
10665 10668 10671 10674 10677 10680 10683 10686 10689 
10692 10695 10698 10701 10704 10707 10710 10713 10716 
10719 10722 10725 10728 10731 10734 10737 10740 10743 
10746 10749 10752 10755 10758 10761 10764 10767 10770 
10773 10776 10779 10782 10785 10788 10791 10794 10797 
10800 10803 10806 10809 10812 10815 10818 10821 10824 
10827 10830 10833 10836 10839 10842 10845 10848 10851 
10854 10857 10860 10863 10866 10869 10872 10875 10878 
10881 10884 10887 10890 10893 10896 10899 10902 10905 
10908 10911 10914 10917 10920 10923 10926 10929 10932 
10935 10938 10941 10944 10947 10950 10953 10956 10959 
10962 10965 10968 10971 10974 10977 10980 10983 10986 
10989 10992 10995 10998 11001 11004 11007 11010 11013 
11016 11019 11022 11025 11028 11031 11034 11037 11040 
11043 11046 11049 11052 11055 11058 11061 11064 11067 
11070 11073 11076 11079 11082 11085 11088 11091 11094 
11097 11100 11103 11106 11109 11112 11115 11118 11121 
11124 11127 11130 11133 11136 11139 11142 11145 11148 
11151 11154 11157 11160 11163 11166 11169 11172 11175 
11178 11181 11184 11187 11190 11193 11196 11199 11202 
11205 11208 11211 11214 11217 11220 11223 11226 11229 
11232 11235 11238 11241 11244 11247 11250 11253 11256 
11259 11262 11265 11268 11271 11274 11277 11280 11283 
11286 11289 11292 11295 11298 11301 11304 11307 11310 
11313 11316 11319 11322 11325 11328 11331 11334 11337 
11340 11343 11346 11349 11352 11355 11358 11361 11364 
11367 11370 11373 11376 11379 11382 11385 11388 11391 
11394 11397 11400 11403 11406 11409 11412 11415 11418 
11421 11424 11427 11430 11433 11436 11439 11442 11445 
11448 11451 11454 11457 11460 11463 11466 11469 11472 
11475 11478 11481 11484 11487 11490 11493 11496 11499 
11502 11505 11508 11511 11514 11517 11520 11523 11526 
11529 11532 11535 11538 11541 11544 11547 11550 11553 
11556 11559 11562 11565 11568 11571 11574 11577 11580 
11583 11586 11589 11592 11595 11598 11601 11604 11607 
11610 11613 11616 11619 11622 11625 11628 11631 11634 
11637 11640 11643 11646 11649 11652 11655 11658 11661 
11664 11667 11670 11673 11676 11679 11682 11685 11688 
11691 11694 11697 11700 11703 11706 11709 11712 11715 
11718 11721 11724 11727 11730 11733 11736 11739 11742 
11745 11748 11751 11754 11757 11760 11763 11766 11769 
11772 11775 11778 11781 11784 11787 11790 11793 11796 
11799 11802 11805 11808 11811 11814 11817 11820 11823 
11826 11829 11832 11835 11838 11841 11844 11847 11850 
11853 11856 11859 11862 11865 11868 11871 11874 11877 
11880 11883 11886 11889 11892 11895 11898 11901 11904 
11907 11910 11913 11916 11919 11922 11925 11928 11931 
11934 11937 11940 11943 11946 11949 11952 11955 11958 
11961 11964 11967 11970 11973 11976 11979 11982 11985 
11988 11991 11994 11997 12000 12003 12006 12009 12012 
12015 12018 12021 12024 12027 12030 12033 12036 12039 
12042 12045 12048 12051 12054 12057 12060 12063 12066 
12069 12072 12075 12078 12081 12084 12087 12090 12093 
12096 12099 12102 12105 12108 12111 12114 12117 12120 
12123 12126 12129 12132 12135 12138 12141 12144 12147 
12150 12153 12156 12159 12162 12165 12168 12171 12174 
12177 12180 12183 12186 12189 12192 12195 12198 12201 
12204 12207 12210 12213 12216 12219 12222 12225 12228 
12231 12234 12237 12240 12243 12246 12249 12252 12255 
12258 12261 12264 12267 12270 12273 12276 12279 12282 
12285 12288 12291 12294 12297 12300 12303 12306 12309 
12312 12315 12318 12321 12324 12327 12330 12333 12336 
12339 12342 12345 12348 12351 12354 12357 12360 12363 
12366 12369 12372 12375 12378 12381 12384 12387 12390 
12393 12396 12399 12402 12405 12408 12411 12414 12417 
12420 12423 12426 12429 12432 12435 12438 12441 12444 
12447 12450 12453 12456 12459 12462 12465 12468 12471 
12474 12477 12480 12483 12486 12489 12492 12495 12498 
12501 12504 12507 12510 12513 12516 12519 12522 12525 
12528 12531 12534 12537 12540 12543 12546 12549 12552 
12555 12558 12561 12564 12567 12570 12573 12576 12579 
12582 12585 12588 12591 12594 12597 12600 12603 12606 
12609 12612 12615 12618 12621 12624 12627 12630 12633 
12636 12639 12642 12645 12648 12651 12654 12657 12660 
12663 12666 12669 12672 12675 12678 12681 12684 12687 
12690 12693 12696 12699 12702 12705 12708 12711 12714 
12717 12720 12723 12726 12729 12732 12735 12738 12741 
12744 12747 12750 12753 12756 12759 12762 12765 12768 
12771 12774 12777 12780 12783 12786 12789 12792 12795 
12798 12801 12804 12807 12810 12813 12816 12819 12822 
12825 12828 12831 12834 12837 12840 12843 12846 12849 
12852 12855 12858 12861 12864 12867 12870 12873 12876 
12879 12882 12885 12888 12891 12894 12897 12900 12903 
12906 12909 12912 12915 12918 12921 12924 12927 12930 
12933 12936 12939 12942 12945 12948 12951 12954 12957 
12960 12963 12966 12969 12972 12975 12978 12981 12984 
12987 12990 12993 12996 12999 13002 13005 13008 13011 
13014 13017 13020 13023 13026 13029 13032 13035 13038 
13041 13044 13047 13050 13053 13056 13059 13062 13065 
13068 13071 13074 13077 13080 13083 13086 13089 13092 
13095 13098 13101 13104 13107 13110 13113 13116 13119 
13122 13125 13128 13131 13134 13137 13140 13143 13146 
13149 13152 13155 13158 13161 13164 13167 13170 13173 
13176 13179 13182 13185 13188 13191 13194 13197 13200 
13203 13206 13209 13212 13215 13218 13221 13224 13227 
13230 13233 13236 13239 13242 13245 13248 13251 13254 
13257 13260 13263 13266 13269 13272 13275 13278 13281 
13284 13287 13290 13293 13296 13299 13302 13305 13308 
13311 13314 13317 13320 13323 13326 13329 13332 13335 
13338 13341 13344 13347 13350 13353 13356 13359 13362 
13365 13368 13371 13374 13377 13380 13383 13386 13389 
13392 13395 13398 13401 13404 13407 13410 13413 13416 
13419 13422 13425 13428 13431 13434 13437 13440 13443 
13446 13449 13452 13455 13458 13461 13464 13467 13470 
13473 13476 13479 13482 13485 13488 13491 13494 13497 
13500 13503 13506 13509 13512 13515 13518 13521 13524 
13527 13530 13533 13536 13539 13542 13545 13548 13551 
13554 13557 13560 13563 13566 13569 13572 13575 13578 
13581 13584 13587 13590 13593 13596 13599 13602 13605 
13608 13611 13614 13617 13620 13623 13626 13629 13632 
13635 13638 13641 13644 13647 13650 13653 13656 13659 
13662 13665 13668 13671 13674 13677 13680 13683 13686 
13689 13692 13695 13698 13701 13704 13707 13710 13713 
13716 13719 13722 13725 13728 13731 13734 13737 13740 
13743 13746 13749 13752 13755 13758 13761 13764 13767 
13770 13773 13776 13779 13782 13785 13788 13791 13794 
13797 13800 13803 13806 13809 13812 13815 13818 13821 
13824 13827 13830 13833 13836 13839 13842 13845 13848 
13851 13854 13857 13860 13863 13866 13869 13872 13875 
13878 13881 13884 13887 13890 13893 13896 13899 13902 
13905 13908 13911 13914 13917 13920 13923 13926 13929 
13932 13935 13938 13941 13944 13947 13950 13953 13956 
13959 13962 13965 13968 13971 13974 13977 13980 13983 
13986 13989 13992 13995 13998 14001 14004 14007 14010 
14013 14016 14019 14022 14025 14028 14031 14034 14037 
14040 14043 14046 14049 14052 14055 14058 14061 14064 
14067 14070 14073 14076 14079 14082 14085 14088 14091 
14094 14097 14100 14103 14106 14109 14112 14115 14118 
14121 14124 14127 14130 14133 14136 14139 14142 14145 
14148 14151 14154 14157 14160 14163 14166 14169 14172 
14175 14178 14181 14184 14187 14190 14193 14196 14199 
14202 14205 14208 14211 14214 14217 14220 14223 14226 
14229 14232 14235 14238 14241 14244 14247 14250 14253 
14256 14259 14262 14265 14268 14271 14274 14277 14280 
14283 14286 14289 14292 14295 14298 14301 14304 14307 
14310 14313 14316 14319 14322 14325 14328 14331 14334 
14337 14340 14343 14346 14349 14352 14355 14358 14361 
14364 14367 14370 14373 14376 14379 14382 14385 14388 
14391 14394 14397 14400 14403 14406 14409 14412 14415 
14418 14421 14424 14427 14430 14433 14436 14439 14442 
14445 14448 14451 14454 14457 14460 14463 14466 14469 
14472 14475 14478 14481 14484 14487 14490 14493 14496 
14499 14502 14505 14508 14511 14514 14517 14520 14523 
14526 14529 14532 14535 14538 14541 14544 14547 14550 
14553 14556 14559 14562 14565 14568 14571 14574 14577 
14580 14583 14586 14589 14592 14595 14598 14601 14604 
14607 14610 14613 14616 14619 14622 14625 14628 14631 
14634 14637 14640 14643 14646 14649 14652 14655 14658 
14661 14664 14667 14670 14673 14676 14679 14682 14685 
14688 14691 14694 14697 14700 14703 14706 14709 14712 
14715 14718 14721 14724 14727 14730 14733 14736 14739 
14742 14745 14748 14751 14754 14757 14760 14763 14766 
14769 14772 14775 14778 14781 14784 14787 14790 14793 
14796 14799 14802 14805 14808 14811 14814 14817 14820 
14823 14826 14829 14832 14835 14838 14841 14844 14847 
14850 14853 14856 14859 14862 14865 14868 14871 14874 
14877 14880 14883 14886 14889 14892 14895 14898 14901 
14904 14907 14910 14913 14916 14919 14922 14925 14928 
14931 14934 14937 14940 14943 14946 14949 14952 14955 
14958 14961 14964 14967 14970 14973 14976 14979 14982 
14985 14988 14991 14994 14997 15000 15003 15006 15009 
15012 15015 15018 15021 15024 15027 15030 15033 15036 
15039 15042 15045 15048 15051 15054 15057 15060 15063 
15066 15069 15072 15075 15078 15081 15084 15087 15090 
15093 15096 15099 15102 15105 15108 15111 15114 15117 
15120 15123 15126 15129 15132 15135 15138 15141 15144 
15147 15150 15153 15156 15159 15162 15165 15168 15171 
15174 15177 15180 15183 15186 15189 15192 15195 15198 
15201 15204 15207 15210 15213 15216 15219 15222 15225 
15228 15231 15234 15237 15240 15243 15246 15249 15252 
15255 15258 15261 15264 15267 15270 15273 15276 15279 
15282 15285 15288 15291 15294 15297 15300 15303 15306 
15309 15312 15315 15318 15321 15324 15327 15330 15333 
15336 15339 15342 15345 15348 15351 15354 15357 15360 
15363 15366 15369 15372 15375 15378 15381 15384 15387 
15390 15393 15396 15399 15402 15405 15408 15411 15414 
15417 15420 15423 15426 15429 15432 15435 15438 15441 
15444 15447 15450 15453 15456 15459 15462 15465 15468 
15471 15474 15477 15480 15483 15486 15489 15492 15495 
15498 15501 15504 15507 15510 15513 15516 15519 15522 
15525 15528 15531 15534 15537 15540 15543 15546 15549 
15552 15555 15558 15561 15564 15567 15570 15573 15576 
15579 15582 15585 15588 15591 15594 15597 15600 15603 
15606 15609 15612 15615 15618 15621 15624 15627 15630 
15633 15636 15639 15642 15645 15648 15651 15654 15657 
15660 15663 15666 15669 15672 15675 15678 15681 15684 
15687 15690 15693 15696 15699 15702 15705 15708 15711 
15714 15717 15720 15723 15726 15729 15732 15735 15738 
15741 15744 15747 15750 15753 15756 15759 15762 15765 
15768 15771 15774 15777 15780 15783 15786 15789 15792 
15795 15798 15801 15804 15807 15810 15813 15816 15819 
15822 15825 15828 15831 15834 15837 15840 15843 15846 
15849 15852 15855 15858 15861 15864 15867 15870 15873 
15876 15879 15882 15885 15888 15891 15894 15897 15900 
15903 15906 15909 15912 15915 15918 15921 15924 15927 
15930 15933 15936 15939 15942 15945 15948 15951 15954 
15957 15960 15963 15966 15969 15972 15975 15978 15981 
15984 15987 15990 15993 15996 15999 16002 16005 16008 
16011 16014 16017 16020 16023 16026 16029 16032 16035 
16038 16041 16044 16047 16050 16053 16056 16059 16062 
16065 16068 16071 16074 16077 16080 16083 16086 16089 
16092 16095 16098 16101 16104 16107 16110 16113 16116 
16119 16122 16125 16128 16131 16134 16137 16140 16143 
16146 16149 16152 16155 16158 16161 16164 16167 16170 
16173 16176 16179 16182 16185 16188 16191 16194 16197 
16200 16203 16206 16209 16212 16215 16218 16221 16224 
16227 16230 16233 16236 16239 16242 16245 16248 16251 
16254 16257 16260 16263 16266 16269 16272 16275 16278 
16281 16284 16287 16290 16293 16296 16299 16302 16305 
16308 16311 16314 16317 16320 16323 16326 16329 16332 
16335 16338 16341 16344 16347 16350 16353 16356 16359 
16362 16365 16368 16371 16374 16377 16380 16383 16386 
16389 16392 16395 16398 16401 16404 16407 16410 16413 
16416 16419 16422 16425 16428 16431 16434 16437 16440 
16443 16446 16449 16452 16455 16458 16461 16464 16467 
16470 16473 16476 16479 16482 16485 16488 16491 16494 
16497 16500 16503 16506 16509 16512 16515 16518 16521 
16524 16527 16530 16533 16536 16539 16542 16545 16548 
16551 16554 16557 16560 16563 16566 16569 16572 16575 
16578 16581 16584 16587 16590 16593 16596 16599 16602 
16605 16608 16611 16614 16617 16620 16623 16626 16629 
16632 16635 16638 16641 16644 16647 16650 16653 16656 
16659 16662 16665 16668 16671 16674 16677 16680 16683 
16686 16689 16692 16695 16698 16701 16704 16707 16710 
16713 16716 16719 16722 16725 16728 16731 16734 16737 
16740 16743 16746 16749 16752 16755 16758 16761 16764 
16767 16770 16773 16776 16779 16782 16785 16788 16791 
16794 16797 16800 16803 16806 16809 16812 16815 16818 
16821 16824 16827 16830 16833 16836 16839 16842 16845 
16848 16851 16854 16857 16860 16863 16866 16869 16872 
16875 16878 16881 16884 16887 16890 16893 16896 16899 
16902 16905 16908 16911 16914 16917 16920 16923 16926 
16929 16932 16935 16938 16941 16944 16947 16950 16953 
16956 16959 16962 16965 16968 16971 16974 16977 16980 
16983 16986 16989 16992 16995 16998 17001 17004 17007 
17010 17013 17016 17019 17022 17025 17028 17031 17034 
17037 17040 17043 17046 17049 17052 17055 17058 17061 
17064 17067 17070 17073 17076 17079 17082 17085 17088 
17091 17094 17097 17100 17103 17106 17109 17112 17115 
17118 17121 17124 17127 17130 17133 17136 17139 17142 
17145 17148 17151 17154 17157 17160 17163 17166 17169 
17172 17175 17178 17181 17184 17187 17190 17193 17196 
17199 17202 17205 17208 17211 17214 17217 17220 17223 
17226 17229 17232 17235 17238 17241 17244 17247 17250 
17253 17256 17259 17262 17265 17268 17271 17274 17277 
17280 17283 17286 17289 17292 17295 17298 17301 17304 
17307 17310 17313 17316 17319 17322 17325 17328 17331 
17334 17337 17340 17343 17346 17349 17352 17355 17358 
17361 17364 17367 17370 17373 17376 17379 17382 17385 
17388 17391 17394 17397 17400 17403 17406 17409 17412 
17415 17418 17421 17424 17427 17430 17433 17436 17439 
17442 17445 17448 17451 17454 17457 17460 17463 17466 
17469 17472 17475 17478 17481 17484 17487 17490 17493 
17496 17499 17502 17505 17508 17511 17514 17517 17520 
17523 17526 17529 17532 17535 17538 17541 17544 17547 
17550 17553 17556 17559 17562 17565 17568 17571 17574 
17577 17580 17583 17586 17589 17592 17595 17598 17601 
17604 17607 17610 17613 17616 17619 17622 17625 17628 
17631 17634 17637 17640 17643 17646 17649 17652 17655 
17658 17661 17664 17667 17670 17673 17676 17679 17682 
17685 17688 17691 17694 17697 17700 17703 17706 17709 
17712 17715 17718 17721 17724 17727 17730 17733 17736 
17739 17742 17745 17748 17751 17754 17757 17760 17763 
17766 17769 17772 17775 17778 17781 17784 17787 17790 
17793 17796 17799 17802 17805 17808 17811 17814 17817 
17820 17823 17826 17829 17832 17835 17838 17841 17844 
17847 17850 17853 17856 17859 17862 17865 17868 17871 
17874 17877 17880 17883 17886 17889 17892 17895 17898 
17901 17904 17907 17910 17913 17916 17919 17922 17925 
17928 17931 17934 17937 17940 17943 17946 17949 17952 
17955 17958 17961 17964 17967 17970 17973 17976 17979 
17982 17985 17988 17991 17994 17997 18000 18003 18006 
18009 18012 18015 18018 18021 18024 18027 18030 18033 
18036 18039 18042 18045 18048 18051 18054 18057 18060 
18063 18066 18069 18072 18075 18078 18081 18084 18087 
18090 18093 18096 18099 18102 18105 18108 18111 18114 
18117 18120 18123 18126 18129 18132 18135 18138 18141 
18144 18147 18150 18153 18156 18159 18162 18165 18168 
18171 18174 18177 18180 18183 18186 18189 18192 18195 
18198 18201 18204 18207 18210 18213 18216 18219 18222 
18225 18228 18231 18234 18237 18240 18243 18246 18249 
18252 18255 18258 18261 18264 18267 18270 18273 18276 
18279 18282 18285 18288 18291 18294 18297 18300 18303 
18306 18309 18312 18315 18318 18321 18324 18327 18330 
18333 18336 18339 18342 18345 18348 18351 18354 18357 
18360 18363 18366 18369 18372 18375 18378 18381 18384 
18387 18390 18393 18396 18399 18402 18405 18408 18411 
18414 18417 18420 18423 18426 18429 18432 18435 18438 
18441 18444 18447 18450 18453 18456 18459 18462 18465 
18468 18471 18474 18477 18480 18483 18486 18489 18492 
18495 18498 18501 18504 18507 18510 18513 18516 18519 
18522 18525 18528 18531 18534 18537 18540 18543 18546 
18549 18552 18555 18558 18561 18564 18567 18570 18573 
18576 18579 18582 18585 18588 18591 18594 18597 18600 
18603 18606 18609 18612 18615 18618 18621 18624 18627 
18630 18633 18636 18639 18642 18645 18648 18651 18654 
18657 18660 18663 18666 18669 18672 18675 18678 18681 
18684 18687 18690 18693 18696 18699 18702 18705 18708 
18711 18714 18717 18720 18723 18726 18729 18732 18735 
18738 18741 18744 18747 18750 18753 18756 18759 18762 
18765 18768 18771 18774 18777 18780 18783 18786 18789 
18792 18795 18798 18801 18804 18807 18810 18813 18816 
18819 18822 18825 18828 18831 18834 18837 18840 18843 
18846 18849 18852 18855 18858 18861 18864 18867 18870 
18873 18876 18879 18882 18885 18888 18891 18894 18897 
18900 18903 18906 18909 18912 18915 18918 18921 18924 
18927 18930 18933 18936 18939 18942 18945 18948 18951 
18954 18957 18960 18963 18966 18969 18972 18975 18978 
18981 18984 18987 18990 18993 18996 18999 19002 19005 
19008 19011 19014 19017 19020 19023 19026 19029 19032 
19035 19038 19041 19044 19047 19050 19053 19056 19059 
19062 19065 19068 19071 19074 19077 19080 19083 19086 
19089 19092 19095 19098 19101 19104 19107 19110 19113 
19116 19119 19122 19125 19128 19131 19134 19137 19140 
19143 19146 19149 19152 19155 19158 19161 19164 19167 
19170 19173 19176 19179 19182 19185 19188 19191 19194 
19197 19200 19203 19206 19209 19212 19215 19218 19221 
19224 19227 19230 19233 19236 19239 19242 19245 19248 
19251 19254 19257 19260 19263 19266 19269 19272 19275 
19278 19281 19284 19287 19290 19293 19296 19299 19302 
19305 19308 19311 19314 19317 19320 19323 19326 19329 
19332 19335 19338 19341 19344 19347 19350 19353 19356 
19359 19362 19365 19368 19371 19374 19377 19380 19383 
19386 19389 19392 19395 19398 19401 19404 19407 19410 
19413 19416 19419 19422 19425 19428 19431 19434 19437 
19440 19443 19446 19449 19452 19455 19458 19461 19464 
19467 19470 19473 19476 19479 19482 19485 19488 19491 
19494 19497 19500 19503 19506 19509 19512 19515 19518 
19521 19524 19527 19530 19533 19536 19539 19542 19545 
19548 19551 19554 19557 19560 19563 19566 19569 19572 
19575 19578 19581 19584 19587 19590 19593 19596 19599 
19602 19605 19608 19611 19614 19617 19620 19623 19626 
19629 19632 19635 19638 19641 19644 19647 19650 19653 
19656 19659 19662 19665 19668 19671 19674 19677 19680 
19683 19686 19689 19692 19695 19698 19701 19704 19707 
19710 19713 19716 19719 19722 19725 19728 19731 19734 
19737 19740 19743 19746 19749 19752 19755 19758 19761 
19764 19767 19770 19773 19776 19779 19782 19785 19788 
19791 19794 19797 19800 19803 19806 19809 19812 19815 
19818 19821 19824 19827 19830 19833 19836 19839 19842 
19845 19848 19851 19854 19857 19860 19863 19866 19869 
19872 19875 19878 19881 19884 19887 19890 19893 19896 
19899 19902 19905 19908 19911 19914 19917 19920 19923 
19926 19929 19932 19935 19938 19941 19944 19947 19950 
19953 19956 19959 19962 19965 19968 19971 19974 19977 
19980 19983 19986 19989 19992 19995 19998 20001 20004 
20007 20010 20013 20016 20019 20022 20025 20028 20031 
20034 20037 20040 20043 20046 20049 20052 20055 20058 
20061 20064 20067 20070 20073 20076 20079 20082 20085 
20088 20091 20094 20097 20100 20103 20106 20109 20112 
20115 20118 20121 20124 20127 20130 20133 20136 20139 
20142 20145 20148 20151 20154 20157 20160 20163 20166 
20169 20172 20175 20178 20181 20184 20187 20190 20193 
20196 20199 20202 20205 20208 20211 20214 20217 20220 
20223 20226 20229 20232 20235 20238 20241 20244 20247 
20250 20253 20256 20259 20262 20265 20268 20271 20274 
20277 20280 20283 20286 20289 20292 20295 20298 20301 
20304 20307 20310 20313 20316 20319 20322 20325 20328 
20331 20334 20337 20340 20343 20346 20349 20352 20355 
20358 20361 20364 20367 20370 20373 20376 20379 20382 
20385 20388 20391 20394 20397 20400 20403 20406 20409 
20412 20415 20418 20421 20424 20427 20430 20433 20436 
20439 20442 20445 20448 20451 20454 20457 20460 20463 
20466 20469 20472 20475 20478 20481 20484 20487 20490 
20493 20496 20499 20502 20505 20508 20511 20514 20517 
20520 20523 20526 20529 20532 20535 20538 20541 20544 
20547 20550 20553 20556 20559 20562 20565 20568 20571 
20574 20577 20580 20583 20586 20589 20592 20595 20598 
20601 20604 20607 20610 20613 20616 20619 20622 20625 
20628 20631 20634 20637 20640 20643 20646 20649 20652 
20655 20658 20661 20664 20667 20670 20673 20676 20679 
20682 20685 20688 20691 20694 20697 20700 20703 20706 
20709 20712 20715 20718 20721 20724 20727 20730 20733 
20736 20739 20742 20745 20748 20751 20754 20757 20760 
20763 20766 20769 20772 20775 20778 20781 20784 20787 
20790 20793 20796 20799 20802 20805 20808 20811 20814 
20817 20820 20823 20826 20829 20832 20835 20838 20841 
20844 20847 20850 20853 20856 20859 20862 20865 20868 
20871 20874 20877 20880 20883 20886 20889 20892 20895 
20898 20901 20904 20907 20910 20913 20916 20919 20922 
20925 20928 20931 20934 20937 20940 20943 20946 20949 
20952 20955 20958 20961 20964 20967 20970 20973 20976 
20979 20982 20985 20988 20991 20994 20997 21000 21003 
21006 21009 21012 21015 21018 21021 21024 21027 21030 
21033 21036 21039 21042 21045 21048 21051 21054 21057 
21060 21063 21066 21069 21072 21075 21078 21081 21084 
21087 21090 21093 21096 21099 21102 21105 21108 21111 
21114 21117 21120 21123 21126 21129 21132 21135 21138 
21141 21144 21147 21150 21153 21156 21159 21162 21165 
21168 21171 21174 21177 21180 21183 21186 21189 21192 
21195 21198 21201 21204 21207 21210 21213 21216 21219 
21222 21225 21228 21231 21234 21237 21240 21243 21246 
21249 21252 21255 21258 21261 21264 21267 21270 21273 
21276 21279 21282 21285 21288 21291 21294 21297 21300 
21303 21306 21309 21312 21315 21318 21321 21324 21327 
21330 21333 21336 21339 21342 21345 21348 21351 21354 
21357 21360 21363 21366 21369 21372 21375 21378 21381 
21384 21387 21390 21393 21396 21399 21402 21405 21408 
21411 21414 21417 21420 21423 21426 21429 21432 21435 
21438 21441 21444 21447 21450 21453 21456 21459 21462 
21465 21468 21471 21474 21477 21480 21483 21486 21489 
21492 21495 21498 21501 21504 21507 21510 21513 21516 
21519 21522 21525 21528 21531 21534 21537 21540 21543 
21546 21549 21552 21555 21558 21561 21564 21567 21570 
21573 21576 21579 21582 21585 21588 21591 21594 21597 
21600 21603 21606 21609 21612 21615 21618 21621 21624 
21627 21630 21633 21636 21639 21642 21645 21648 21651 
21654 21657 21660 21663 21666 21669 21672 21675 21678 
21681 21684 21687 21690 21693 21696 21699 21702 21705 
21708 21711 21714 21717 21720 21723 21726 21729 21732 
21735 21738 21741 21744 21747 21750 21753 21756 21759 
21762 21765 21768 21771 21774 21777 21780 21783 21786 
21789 21792 21795 21798 21801 21804 21807 21810 21813 
21816 21819 21822 21825 21828 21831 21834 21837 21840 
21843 21846 21849 21852 21855 21858 21861 21864 21867 
21870 21873 21876 21879 21882 21885 21888 21891 21894 
21897 21900 21903 21906 21909 21912 21915 21918 21921 
21924 21927 21930 21933 21936 21939 21942 21945 21948 
21951 21954 21957 21960 21963 21966 21969 21972 21975 
21978 21981 21984 21987 21990 21993 21996 21999 22002 
22005 22008 22011 22014 22017 22020 22023 22026 22029 
22032 22035 22038 22041 22044 22047 22050 22053 22056 
22059 22062 22065 22068 22071 22074 22077 22080 22083 
22086 22089 22092 22095 22098 22101 22104 22107 22110 
22113 22116 22119 22122 22125 22128 22131 22134 22137 
22140 22143 22146 22149 22152 22155 22158 22161 22164 
22167 22170 22173 22176 22179 22182 22185 22188 22191 
22194 22197 22200 22203 22206 22209 22212 22215 22218 
22221 22224 22227 22230 22233 22236 22239 22242 22245 
22248 22251 22254 22257 22260 22263 22266 22269 22272 
22275 22278 22281 22284 22287 22290 22293 22296 22299 
22302 22305 22308 22311 22314 22317 22320 22323 22326 
22329 22332 22335 22338 22341 22344 22347 22350 22353 
22356 22359 22362 22365 22368 22371 22374 22377 22380 
22383 22386 22389 22392 22395 22398 22401 22404 22407 
22410 22413 22416 22419 22422 22425 22428 22431 22434 
22437 22440 22443 22446 22449 22452 22455 22458 22461 
22464 22467 22470 22473 22476 22479 22482 22485 22488 
22491 22494 22497 22500 22503 22506 22509 22512 22515 
22518 22521 22524 22527 22530 22533 22536 22539 22542 
22545 22548 22551 22554 22557 22560 22563 22566 22569 
22572 22575 22578 22581 22584 22587 22590 22593 22596 
22599 22602 22605 22608 22611 22614 22617 22620 22623 
22626 22629 22632 22635 22638 22641 22644 22647 22650 
22653 22656 22659 22662 22665 22668 22671 22674 22677 
22680 22683 22686 22689 22692 22695 22698 22701 22704 
22707 22710 22713 22716 22719 22722 22725 22728 22731 
22734 22737 22740 22743 22746 22749 22752 22755 22758 
22761 22764 22767 22770 22773 22776 22779 22782 22785 
22788 22791 22794 22797 22800 22803 22806 22809 22812 
22815 22818 22821 22824 22827 22830 22833 22836 22839 
22842 22845 22848 22851 22854 22857 22860 22863 22866 
22869 22872 22875 22878 22881 22884 22887 22890 22893 
22896 22899 22902 22905 22908 22911 22914 22917 22920 
22923 22926 22929 22932 22935 22938 22941 22944 22947 
22950 22953 22956 22959 22962 22965 22968 22971 22974 
22977 22980 22983 22986 22989 22992 22995 22998 23001 
23004 23007 23010 23013 23016 23019 23022 23025 23028 
23031 23034 23037 23040 23043 23046 23049 23052 23055 
23058 23061 23064 23067 23070 23073 23076 23079 23082 
23085 23088 23091 23094 23097 23100 23103 23106 23109 
23112 23115 23118 23121 23124 23127 23130 23133 23136 
23139 23142 23145 23148 23151 23154 23157 23160 23163 
23166 23169 23172 23175 23178 23181 23184 23187 23190 
23193 23196 23199 23202 23205 23208 23211 23214 23217 
23220 23223 23226 23229 23232 23235 23238 23241 23244 
23247 23250 23253 23256 23259 23262 23265 23268 23271 
23274 23277 23280 23283 23286 23289 23292 23295 23298 
23301 23304 23307 23310 23313 23316 23319 23322 23325 
23328 23331 23334 23337 23340 23343 23346 23349 23352 
23355 23358 23361 23364 23367 23370 23373 23376 23379 
23382 23385 23388 23391 23394 23397 23400 23403 23406 
23409 23412 23415 23418 23421 23424 23427 23430 23433 
23436 23439 23442 23445 23448 23451 23454 23457 23460 
23463 23466 23469 23472 23475 23478 23481 23484 23487 
23490 23493 23496 23499 23502 23505 23508 23511 23514 
23517 23520 23523 23526 23529 23532 23535 23538 23541 
23544 23547 23550 23553 23556 23559 23562 23565 23568 
23571 23574 23577 23580 23583 23586 23589 23592 23595 
23598 23601 23604 23607 23610 23613 23616 23619 23622 
23625 23628 23631 23634 23637 23640 23643 23646 23649 
23652 23655 23658 23661 23664 23667 23670 23673 23676 
23679 23682 23685 23688 23691 23694 23697 23700 23703 
23706 23709 23712 23715 23718 23721 23724 23727 23730 
23733 23736 23739 23742 23745 23748 23751 23754 23757 
23760 23763 23766 23769 23772 23775 23778 23781 23784 
23787 23790 23793 23796 23799 23802 23805 23808 23811 
23814 23817 23820 23823 23826 23829 23832 23835 23838 
23841 23844 23847 23850 23853 23856 23859 23862 23865 
23868 23871 23874 23877 23880 23883 23886 23889 23892 
23895 23898 23901 23904 23907 23910 23913 23916 23919 
23922 23925 23928 23931 23934 23937 23940 23943 23946 
23949 23952 23955 23958 23961 23964 23967 23970 23973 
23976 23979 23982 23985 23988 23991 23994 23997 24000 
24003 24006 24009 24012 24015 24018 24021 24024 24027 
24030 24033 24036 24039 24042 24045 24048 24051 24054 
24057 24060 24063 24066 24069 24072 24075 24078 24081 
24084 24087 24090 24093 24096 24099 24102 24105 24108 
24111 24114 24117 24120 24123 24126 24129 24132 24135 
24138 24141 24144 24147 24150 24153 24156 24159 24162 
24165 24168 24171 24174 24177 24180 24183 24186 24189 
24192 24195 24198 24201 24204 24207 24210 24213 24216 
24219 24222 24225 24228 24231 24234 24237 24240 24243 
24246 24249 24252 24255 24258 24261 24264 24267 24270 
24273 24276 24279 24282 24285 24288 24291 24294 24297 
24300 24303 24306 24309 24312 24315 24318 24321 24324 
24327 24330 24333 24336 24339 24342 24345 24348 24351 
24354 24357 24360 24363 24366 24369 24372 24375 24378 
24381 24384 24387 24390 24393 24396 24399 24402 24405 
24408 24411 24414 24417 24420 24423 24426 24429 24432 
24435 24438 24441 24444 24447 24450 24453 24456 24459 
24462 24465 24468 24471 24474 24477 24480 24483 24486 
24489 24492 24495 24498 24501 24504 24507 24510 24513 
24516 24519 24522 24525 24528 24531 24534 24537 24540 
24543 24546 24549 24552 24555 24558 24561 24564 24567 
24570 24573 24576 24579 24582 24585 24588 24591 24594 
24597 24600 24603 24606 24609 24612 24615 24618 24621 
24624 24627 24630 24633 24636 24639 24642 24645 24648 
24651 24654 24657 24660 24663 24666 24669 24672 24675 
24678 24681 24684 24687 24690 24693 24696 24699 24702 
24705 24708 24711 24714 24717 24720 24723 24726 24729 
24732 24735 24738 24741 24744 24747 24750 24753 24756 
24759 24762 24765 24768 24771 24774 24777 24780 24783 
24786 24789 24792 24795 24798 24801 24804 24807 24810 
24813 24816 24819 24822 24825 24828 24831 24834 24837 
24840 24843 24846 24849 24852 24855 24858 24861 24864 
24867 24870 24873 24876 24879 24882 24885 24888 24891 
24894 24897 24900 24903 24906 24909 24912 24915 24918 
24921 24924 24927 24930 24933 24936 24939 24942 24945 
24948 24951 24954 24957 24960 24963 24966 24969 24972 
24975 24978 24981 24984 24987 24990 24993 24996 24999 
25002 25005 25008 25011 25014 25017 25020 25023 25026 
25029 25032 25035 25038 25041 25044 25047 25050 25053 
25056 25059 25062 25065 25068 25071 25074 25077 25080 

CONNECTIVITY vtktypeint64
0 94 106 0 1 95 94 0 95 
1 2 96 95 1 96 96 2 107 
3 108 120 3 4 109 108 3 109 
106 109 4 106 4 0 0 4 5 
1 0 6 6 0 5 2 1 7 
7 1 6 110 107 2 110 2 8 
8 2 7 8 9 111 110 8 111 
111 9 121 10 122 130 120 122 10 
120 10 3 3 10 11 4 3 12 
12 3 11 5 4 13 13 4 12 
6 5 14 14 5 13 7 6 15 
15 6 14 8 7 16 16 7 15 
9 8 17 17 8 16 123 121 9 
123 9 18 18 9 17 123 18 131 
19 10 130 136 19 130 11 10 20 
20 10 19 12 11 21 21 11 20 
13 12 22 22 12 21 14 13 23 
23 13 22 15 14 24 24 14 23 
16 15 25 25 15 24 17 16 26 
26 16 25 18 17 27 27 17 26 
137 131 18 27 137 18 28 138 146 
136 138 28 136 28 19 19 28 29 
20 19 30 30 19 29 21 20 31 
31 20 30 22 21 32 32 21 31 
23 22 33 33 22 32 24 23 34 
34 23 33 25 24 35 35 24 34 
26 25 36 36 25 35 27 26 37 
37 26 36 139 137 27 139 27 38 
38 27 37 139 38 147 39 28 146 
152 39 146 29 28 40 40 28 39 
30 29 41 41 29 40 31 30 42 
42 30 41 32 31 43 43 31 42 
33 32 44 44 32 43 34 33 45 
45 33 44 35 34 46 46 34 45 
36 35 47 47 35 46 37 36 48 
48 36 47 38 37 49 49 37 48 
153 147 38 49 153 38 50 39 152 
158 50 152 40 39 51 51 39 50 
41 40 52 52 40 51 42 41 53 
53 41 52 43 42 54 54 42 53 
44 43 55 55 43 54 45 44 56 
56 44 55 46 45 57 57 45 56 
47 46 58 58 46 57 48 47 59 
59 47 58 49 48 60 60 48 59 
159 153 49 60 159 49 50 158 160 
160 166 61 160 61 50 50 61 51 
52 51 62 62 51 61 53 52 63 
63 52 62 54 53 64 64 53 63 
55 54 65 65 54 64 56 55 66 
66 55 65 57 56 67 67 56 66 
58 57 68 68 57 67 59 58 69 
69 58 68 167 161 60 167 60 69 
69 60 59 159 60 161 70 61 166 
174 70 166 62 61 71 71 61 70 
63 62 72 72 62 71 64 63 73 
73 63 72 65 64 74 74 64 73 
66 65 75 75 65 74 67 66 76 
76 66 75 68 67 77 77 67 76 
69 68 78 78 68 77 175 167 69 
78 175 69 70 174 176 176 182 79 
176 79 70 70 79 71 72 71 80 
80 71 79 73 72 81 81 72 80 
74 73 82 82 73 81 75 74 83 
83 74 82 76 75 84 84 75 83 
77 76 85 85 76 84 183 177 78 
183 78 85 85 78 77 175 78 177 
79 182 184 80 79 184 185 80 184 
185 194 86 185 86 80 80 86 81 
82 81 87 87 81 86 83 82 88 
88 82 87 195 186 84 195 84 88 
88 84 83 85 84 186 187 85 186 
183 85 187 86 194 196 87 86 196 
197 87 196 88 87 197 198 88 197 
195 88 198 89 221 233 89 90 222 
221 89 222 90 91 223 222 90 223 
91 92 224 223 91 224 92 93 225 
224 92 225 225 93 234 97 235 245 
97 98 236 235 97 236 233 236 98 
233 98 89 89 98 99 90 89 100 
100 89 99 91 90 101 101 90 100 
92 91 102 102 91 101 93 92 103 
103 92 102 237 234 93 237 93 104 
104 93 103 104 105 238 237 104 238 
238 105 246 112 247 253 245 247 112 
245 112 97 97 112 113 98 97 114 
114 97 113 99 98 115 115 98 114 
94 115 106 94 100 115 100 99 115 
95 100 94 101 100 95 96 101 95 
102 101 96 107 102 96 107 116 102 
116 103 102 104 103 117 117 103 116 
105 104 118 118 104 117 248 246 105 
248 105 119 119 105 118 248 119 254 
124 255 261 253 255 124 253 124 112 
112 124 125 113 112 126 126 112 125 
108 126 120 108 114 126 114 113 126 
109 114 108 115 114 109 106 115 109 
107 110 116 111 116 110 117 116 111 
121 117 111 121 127 117 127 118 117 
119 118 128 128 118 127 256 254 119 
256 119 129 129 119 128 256 129 262 
132 124 261 265 132 261 125 124 133 
133 124 132 122 133 130 122 126 133 
126 125 133 120 126 122 121 123 127 
131 127 123 131 134 127 134 128 127 
129 128 135 135 128 134 266 262 129 
135 266 129 140 267 273 265 267 140 
265 140 132 132 140 141 133 132 142 
142 132 141 130 142 136 133 142 130 
134 137 143 131 137 134 135 134 144 
144 134 143 268 266 135 268 135 145 
145 135 144 268 145 274 148 140 273 
277 148 273 141 140 149 149 140 148 
138 149 146 138 142 149 142 141 149 
136 142 138 137 139 143 147 143 139 
147 150 143 150 144 143 145 144 151 
151 144 150 278 274 145 151 278 145 
154 148 277 281 154 277 149 148 155 
155 148 154 146 155 152 149 155 146 
150 153 156 147 153 150 151 150 157 
157 150 156 282 278 151 157 282 151 
162 154 281 285 162 281 155 154 163 
163 154 162 152 163 158 155 163 152 
156 159 164 153 159 156 157 156 165 
165 156 164 286 282 157 165 286 157 
168 162 285 289 168 285 163 162 169 
169 162 168 158 170 160 158 163 170 
163 169 170 160 170 166 161 167 171 
161 164 159 161 171 164 171 172 164 
165 164 173 173 164 172 290 286 165 
173 290 165 168 289 291 291 295 178 
291 178 168 168 178 169 170 169 179 
179 169 178 166 179 174 170 179 166 
171 175 180 167 175 171 172 171 181 
181 171 180 296 292 173 296 173 181 
181 173 172 290 173 292 188 178 295 
301 188 295 179 178 189 189 178 188 
174 190 176 174 179 190 179 189 190 
176 190 182 177 183 191 177 180 175 
177 191 180 191 192 180 181 180 193 
193 180 192 302 296 181 193 302 181 
188 301 303 303 307 199 303 199 188 
188 199 189 190 189 200 200 189 199 
182 201 184 182 190 201 190 200 201 
184 202 185 201 202 184 185 202 194 
186 195 203 186 204 187 203 204 186 
187 191 183 187 204 191 204 205 191 
192 191 206 206 191 205 308 304 193 
308 193 206 206 193 192 302 193 304 
199 307 309 309 315 207 309 207 199 
199 207 200 201 200 208 208 200 207 
202 201 209 209 201 208 194 210 196 
194 202 210 202 209 210 196 211 197 
210 211 196 197 212 198 211 212 197 
198 203 195 198 212 203 212 213 203 
204 203 214 214 203 213 205 204 215 
215 204 214 316 310 206 316 206 215 
215 206 205 308 206 310 207 315 317 
208 207 317 318 208 317 318 325 216 
318 216 208 208 216 209 210 209 217 
217 209 216 211 210 218 218 210 217 
212 211 219 219 211 218 213 212 220 
220 212 219 326 319 214 326 214 220 
220 214 213 215 214 319 320 215 319 
316 215 320 216 325 327 217 216 327 
328 217 327 218 217 328 329 218 328 
219 218 329 330 219 329 220 219 330 
331 220 330 326 220 331 226 348 364 
226 227 349 348 226 349 227 228 350 
349 227 350 228 229 351 350 228 351 
229 230 352 351 229 352 230 231 353 
352 230 353 231 232 354 353 231 354 
354 232 365 239 366 376 239 240 367 
366 239 367 364 367 240 364 240 226 
226 240 241 221 241 233 221 227 241 
227 226 241 222 227 221 228 227 222 
223 228 222 229 228 223 224 229 223 
230 229 224 225 230 224 231 230 225 
234 231 225 234 242 231 242 232 231 
368 365 232 368 232 243 243 232 242 
243 244 369 368 243 369 369 244 377 
249 378 384 376 378 249 376 249 239 
239 249 250 235 250 245 235 240 250 
240 239 250 236 240 235 241 240 236 
233 241 236 234 237 242 238 242 237 
243 242 238 246 243 238 246 251 243 
251 244 243 379 377 244 379 244 252 
252 244 251 379 252 385 257 386 392 
384 386 257 384 257 249 249 257 258 
247 258 253 247 250 258 250 249 258 
245 250 247 246 248 251 254 251 248 
254 259 251 259 252 251 387 385 252 
387 252 260 260 252 259 387 260 393 
263 257 392 396 263 392 255 263 261 
255 258 263 258 257 263 253 258 255 
254 256 259 262 259 256 262 264 259 
264 260 259 397 393 260 264 397 260 
269 398 404 396 398 269 396 269 263 
263 269 270 261 270 265 263 270 261 
264 266 271 262 266 264 399 397 264 
399 264 272 272 264 271 399 272 405 
275 269 404 408 275 404 267 275 273 
267 270 275 270 269 275 265 270 267 
266 268 271 274 271 268 274 276 271 
276 272 271 409 405 272 276 409 272 
279 275 408 412 279 408 273 279 277 
275 279 273 276 278 280 274 278 276 
413 409 276 280 413 276 283 279 412 
418 283 412 277 283 281 279 283 277 
280 282 284 278 282 280 419 413 280 
284 419 280 287 283 418 424 287 418 
281 287 285 283 287 281 284 286 288 
282 286 284 425 419 284 288 425 284 
293 287 424 430 293 424 285 293 289 
287 293 285 288 290 294 286 290 288 
431 425 288 294 431 288 297 293 430 
434 297 430 289 298 291 289 293 298 
293 297 298 291 298 295 292 296 299 
292 294 290 292 299 294 299 300 294 
435 431 294 300 435 294 297 434 436 
436 440 305 436 305 297 297 305 298 
295 305 301 298 305 295 299 302 306 
296 302 299 441 437 300 441 300 306 
306 300 299 435 300 437 311 305 440 
446 311 440 301 312 303 301 305 312 
305 311 312 303 312 307 304 308 313 
304 306 302 304 313 306 313 314 306 
447 441 306 314 447 306 311 446 448 
448 452 321 448 321 311 311 321 312 
307 322 309 307 312 322 312 321 322 
309 322 315 310 316 323 310 313 308 
310 323 313 323 324 313 453 449 314 
453 314 324 324 314 313 447 314 449 
321 452 454 454 460 332 454 332 321 
321 332 322 315 333 317 315 322 333 
322 332 333 317 334 318 333 334 317 
318 334 325 319 326 335 319 336 320 
335 336 319 320 323 316 320 336 323 
336 337 323 461 455 324 461 324 337 
337 324 323 453 324 455 332 460 462 
333 332 462 463 333 462 463 470 338 
463 338 333 333 338 334 325 339 327 
325 334 339 334 338 339 327 340 328 
339 340 327 328 341 329 340 341 328 
329 342 330 341 342 329 330 343 331 
342 343 330 331 335 326 331 343 335 
343 344 335 471 464 336 471 336 344 
344 336 335 337 336 464 465 337 464 
461 337 465 338 470 472 339 338 472 
473 339 472 340 339 473 474 340 473 
341 340 474 475 341 474 342 341 475 
476 342 475 343 342 476 477 343 476 
344 343 477 478 344 477 471 344 478 
345 497 503 345 346 498 497 345 498 
346 347 499 498 346 499 499 347 504 
355 505 517 355 356 506 505 355 506 
356 357 507 506 356 507 503 507 357 
503 357 345 345 357 358 346 345 359 
359 345 358 347 346 360 360 346 359 
508 504 347 508 347 361 361 347 360 
361 362 509 508 361 509 362 363 510 
509 362 510 510 363 518 370 519 527 
370 371 520 519 370 520 517 520 371 
517 371 355 355 371 372 348 372 364 
348 356 372 356 355 372 349 356 348 
357 356 349 350 357 349 358 357 350 
351 358 350 359 358 351 352 359 351 
360 359 352 353 360 352 361 360 353 
354 361 353 362 361 354 365 362 354 
365 373 362 373 363 362 521 518 363 
521 363 374 374 363 373 374 375 522 
521 374 522 522 375 528 380 529 533 
527 529 380 527 380 370 370 380 381 
366 381 376 366 371 381 371 370 381 
367 371 366 372 371 367 364 372 367 
365 368 373 369 373 368 374 373 369 
377 374 369 377 382 374 382 375 374 
530 528 375 530 375 383 383 375 382 
530 383 534 388 535 539 533 535 388 
533 388 380 380 388 389 378 389 384 
378 381 389 381 380 389 376 381 378 
377 379 382 385 382 379 385 390 382 
390 383 382 536 534 383 536 383 391 
391 383 390 536 391 540 394 388 539 
543 394 539 386 394 392 386 389 394 
389 388 394 384 389 386 385 387 390 
393 390 387 393 395 390 395 391 390 
544 540 391 395 544 391 400 545 549 
543 545 400 543 400 394 394 400 401 
392 401 396 394 401 392 395 397 402 
393 397 395 546 544 395 546 395 403 
403 395 402 546 403 550 406 400 549 
553 406 549 398 406 404 398 401 406 
401 400 406 396 401 398 397 399 402 
405 402 399 405 407 402 407 403 402 
554 550 403 407 554 403 410 406 553 
557 410 553 404 410 408 406 410 404 
407 409 411 405 409 407 558 554 407 
411 558 407 414 559 563 557 559 414 
557 414 410 410 414 415 408 415 412 
410 415 408 411 413 416 409 413 411 
560 558 411 560 411 417 417 411 416 
560 417 564 420 414 563 567 420 563 
415 414 421 421 414 420 412 421 418 
415 421 412 416 419 422 413 419 416 
417 416 423 423 416 422 568 564 417 
423 568 417 426 420 567 571 426 567 
421 420 427 427 420 426 418 427 424 
421 427 418 422 425 428 419 425 422 
423 422 429 429 422 428 572 568 423 
429 572 423 426 571 573 573 577 432 
573 432 426 426 432 427 424 432 430 
427 432 424 428 431 433 425 431 428 
578 574 429 578 429 433 433 429 428 
572 429 574 438 432 577 581 438 577 
430 438 434 432 438 430 433 435 439 
431 435 433 582 578 433 439 582 433 
442 438 581 585 442 581 434 443 436 
434 438 443 438 442 443 436 443 440 
437 441 444 437 439 435 437 444 439 
444 445 439 586 582 439 445 586 439 
442 585 587 587 591 450 587 450 442 
442 450 443 440 450 446 443 450 440 
444 447 451 441 447 444 592 588 445 
592 445 451 451 445 444 586 445 588 
456 450 591 595 456 591 446 457 448 
446 450 457 450 456 457 448 457 452 
449 453 458 449 451 447 449 458 451 
458 459 451 596 592 451 459 596 451 
456 595 597 597 601 466 597 466 456 
456 466 457 452 467 454 452 457 467 
457 466 467 454 467 460 455 461 468 
455 458 453 455 468 458 468 469 458 
602 598 459 602 459 469 469 459 458 
596 459 598 466 601 603 603 607 479 
603 479 466 466 479 467 460 480 462 
460 467 480 467 479 480 462 481 463 
480 481 462 463 481 470 464 471 482 
464 483 465 482 483 464 465 468 461 
465 483 468 483 484 468 608 604 469 
608 469 484 484 469 468 602 469 604 
479 607 609 480 479 609 610 480 609 
610 615 485 610 485 480 480 485 481 
470 486 472 470 481 486 481 485 486 
472 487 473 486 487 472 473 488 474 
487 488 473 474 489 475 488 489 474 
475 490 476 489 490 475 476 491 477 
490 491 476 477 492 478 491 492 477 
478 482 471 478 492 482 492 493 482 
616 611 483 616 483 493 493 483 482 
484 483 611 612 484 611 608 484 612 
485 615 617 486 485 617 618 486 617 
487 486 618 619 487 618 619 627 494 
619 494 487 487 494 488 489 488 495 
495 488 494 490 489 496 496 489 495 
628 620 491 628 491 496 496 491 490 
492 491 620 621 492 620 493 492 621 
622 493 621 616 493 622 494 627 629 
495 494 629 630 495 629 496 495 630 
631 496 630 628 496 631 500 641 644 
500 501 642 641 500 642 501 502 643 
642 501 643 643 502 645 511 646 658 
511 512 647 646 511 647 512 513 648 
647 512 648 644 648 513 500 644 513 
500 513 503 500 503 497 498 500 497 
501 500 498 499 501 498 502 501 499 
504 514 649 499 504 649 499 649 645 
499 645 502 514 515 650 649 514 650 
515 516 651 650 515 651 651 516 659 
523 660 668 523 524 661 660 523 661 
658 661 524 511 658 524 511 524 517 
511 517 505 506 511 505 512 511 506 
507 512 506 513 512 507 503 513 507 
504 508 514 509 514 508 515 514 509 
510 515 509 516 515 510 518 525 662 
510 518 662 510 662 659 510 659 516 
525 526 663 662 525 663 663 526 669 
531 670 674 668 670 531 523 668 531 
523 531 527 523 527 519 520 523 519 
524 523 520 517 524 520 518 521 525 
522 525 521 526 525 522 528 532 671 
522 528 671 522 671 669 522 669 526 
671 532 675 537 676 680 674 676 537 
531 674 537 531 537 533 531 533 529 
527 531 529 528 530 532 534 538 677 
530 534 677 530 677 675 530 675 532 
677 538 681 541 682 686 680 682 541 
537 680 541 537 541 539 537 539 535 
533 537 535 534 536 538 540 542 683 
536 540 683 536 683 681 536 681 538 
683 542 687 547 541 686 690 547 686 
539 547 543 541 547 539 542 544 548 
540 544 542 691 687 542 548 691 542 
551 692 696 690 692 551 547 690 551 
547 551 549 547 549 545 543 547 545 
544 546 548 550 552 693 546 550 693 
546 693 691 546 691 548 693 552 697 
555 551 696 700 555 696 549 555 553 
551 555 549 552 554 556 550 554 552 
701 697 552 556 701 552 561 555 700 
704 561 700 553 561 557 555 561 553 
556 558 562 554 558 556 705 701 556 
562 705 556 565 706 710 704 706 565 
561 704 565 561 565 563 561 563 559 
557 561 559 558 560 562 564 566 707 
560 564 707 560 707 705 560 705 562 
707 566 711 569 565 710 712 569 710 
563 569 567 565 569 563 566 568 570 
564 568 566 713 711 566 570 713 566 
575 569 712 714 575 712 567 575 571 
569 575 567 570 572 576 568 572 570 
715 713 570 576 715 570 575 714 716 
579 716 718 573 716 579 573 575 716 
573 571 575 573 579 577 574 578 580 
574 580 719 572 574 719 572 719 717 
572 717 576 715 576 717 583 579 718 
722 583 718 577 583 581 579 583 577 
580 582 584 578 582 580 723 719 580 
584 723 580 589 583 722 726 589 722 
581 589 585 583 589 581 584 586 590 
582 586 584 727 723 584 590 727 584 
589 726 728 593 728 732 587 728 593 
587 589 728 587 585 589 587 593 591 
588 592 594 588 594 733 586 588 733 
586 733 729 586 729 590 727 590 729 
599 593 732 736 599 732 591 599 595 
593 599 591 594 596 600 592 596 594 
737 733 594 600 737 594 599 736 738 
605 738 742 597 738 605 597 599 738 
597 595 599 597 605 601 598 602 606 
598 606 743 596 598 743 596 743 739 
596 739 600 737 600 739 605 742 744 
613 744 748 603 744 613 603 605 744 
603 601 605 603 613 607 604 608 614 
604 614 749 602 604 749 602 749 745 
602 745 606 743 606 745 613 748 750 
623 750 754 609 750 623 609 613 750 
609 607 613 609 624 610 623 624 609 
610 624 615 611 616 625 611 626 612 
625 626 611 612 626 755 608 612 755 
608 755 751 608 751 614 749 614 751 
623 754 756 624 623 756 757 624 756 
632 757 762 617 757 632 617 624 757 
617 615 624 617 633 618 632 633 617 
618 634 619 633 634 618 619 634 627 
620 628 635 620 636 621 635 636 620 
621 637 622 636 637 621 622 637 763 
616 622 763 616 763 758 616 758 625 
626 625 758 759 626 758 755 626 759 
632 762 764 633 632 764 765 633 764 
634 633 765 766 634 765 638 766 774 
629 766 638 629 634 766 629 627 634 
629 639 630 638 639 629 630 640 631 
639 640 630 631 640 775 628 631 775 
628 775 767 628 767 635 636 635 767 
768 636 767 637 636 768 769 637 768 
763 637 769 638 774 776 639 638 776 
777 639 776 640 639 777 778 640 777 
775 640 778 652 785 801 652 653 786 
785 652 786 653 654 787 786 653 787 
654 644 641 654 641 787 787 641 788 
642 789 641 641 789 788 643 790 642 
642 790 789 645 655 791 645 791 643 
643 791 790 655 656 792 791 655 792 
656 657 793 792 656 793 793 657 802 
664 803 811 664 665 804 803 664 804 
801 804 665 652 801 665 652 665 658 
652 658 646 647 652 646 653 652 647 
648 653 647 654 653 648 644 654 648 
645 649 655 650 655 649 656 655 650 
651 656 650 657 656 651 659 666 805 
651 659 805 651 805 802 651 802 657 
666 667 806 805 666 806 806 667 812 
672 813 817 811 813 672 664 811 672 
664 672 668 664 668 660 661 664 660 
665 664 661 658 665 661 659 662 666 
663 666 662 667 666 663 669 673 814 
663 669 814 663 814 812 663 812 667 
814 673 818 678 819 823 817 819 678 
672 817 678 672 678 674 672 674 670 
668 672 670 669 671 673 675 679 820 
671 675 820 671 820 818 671 818 673 
820 679 824 684 825 829 823 825 684 
678 823 684 678 684 680 678 680 676 
674 678 676 675 677 679 681 685 826 
677 681 826 677 826 824 677 824 679 
826 685 830 688 831 835 829 831 688 
684 829 688 684 688 686 684 686 682 
680 684 682 681 683 685 687 689 832 
683 687 832 683 832 830 683 830 685 
832 689 836 694 688 835 839 694 835 
686 694 690 688 694 686 689 691 695 
687 691 689 840 836 689 695 840 689 
698 841 845 839 841 698 694 839 698 
694 698 696 694 696 692 690 694 692 
691 693 695 697 699 842 693 697 842 
693 842 840 693 840 695 842 699 846 
702 698 845 847 702 845 696 702 700 
698 702 696 699 701 703 697 701 699 
848 846 699 703 848 699 708 702 847 
851 708 847 700 708 704 702 708 700 
703 705 709 701 705 703 852 848 703 
709 852 703 706 708 851 706 851 710 
710 851 855 704 708 706 705 707 709 
709 707 711 709 711 852 852 711 856 
710 855 712 855 859 712 711 713 856 
856 713 860 712 859 714 859 863 714 
713 715 860 860 715 864 720 716 714 
720 714 867 867 714 863 716 720 718 
717 719 721 717 721 868 717 868 715 
715 868 864 724 720 867 871 724 867 
718 724 722 720 724 718 721 723 725 
719 723 721 872 868 721 725 872 721 
730 724 871 875 730 871 722 730 726 
724 730 722 725 727 731 723 727 725 
876 872 725 731 876 725 730 875 877 
734 877 879 728 877 734 728 730 877 
728 726 730 728 734 732 729 733 735 
729 735 880 727 729 880 727 880 878 
727 878 731 876 731 878 740 734 879 
883 740 879 732 740 736 734 740 732 
735 737 741 733 737 735 884 880 735 
741 884 735 740 883 885 746 885 889 
738 885 746 738 740 885 738 736 740 
738 746 742 739 743 747 739 747 890 
737 739 890 737 890 886 737 886 741 
884 741 886 746 889 891 752 891 895 
744 891 752 744 746 891 744 742 746 
744 752 748 745 749 753 745 753 896 
743 745 896 743 896 892 743 892 747 
890 747 892 752 895 897 760 897 901 
750 897 760 750 752 897 750 748 752 
750 760 754 751 755 761 751 761 902 
749 751 902 749 902 898 749 898 753 
896 753 898 760 901 903 770 903 907 
756 903 770 756 760 903 756 754 760 
756 771 757 770 771 756 757 771 762 
758 763 772 758 773 759 772 773 758 
759 773 908 755 759 908 755 908 904 
755 904 761 902 761 904 770 907 909 
771 770 909 910 771 909 779 910 915 
764 910 779 764 771 910 764 762 771 
764 780 765 779 780 764 765 781 766 
780 781 765 766 781 774 767 775 782 
767 783 768 782 783 767 768 784 769 
783 784 768 769 784 916 763 769 916 
763 916 911 763 911 772 773 772 911 
912 773 911 908 773 912 779 915 917 
780 779 917 918 780 917 781 780 918 
919 781 918 774 781 919 774 919 776 
776 919 920 777 776 921 776 920 921 
778 777 922 777 921 922 782 775 778 
782 778 923 923 778 922 783 782 923 
924 783 923 784 783 924 925 784 924 
916 784 925 794 937 949 794 795 938 
937 794 938 795 796 939 938 795 939 
796 797 940 939 796 940 797 798 941 
940 797 941 798 799 942 941 798 942 
799 800 943 942 799 943 943 800 950 
807 951 961 807 808 952 951 807 952 
808 801 785 808 785 952 952 785 953 
949 786 794 949 953 786 953 785 786 
787 794 786 795 794 787 788 795 787 
796 795 788 789 796 788 797 796 789 
790 797 789 798 797 790 791 798 790 
799 798 791 792 799 791 800 799 792 
800 954 950 800 792 954 792 793 954 
802 809 955 802 955 793 793 955 954 
809 810 956 955 809 956 956 810 962 
815 963 967 961 963 815 807 961 815 
807 815 811 807 811 803 804 807 803 
808 807 804 801 808 804 802 805 809 
806 809 805 810 809 806 812 816 964 
806 812 964 806 964 962 806 962 810 
964 816 968 821 969 973 967 969 821 
815 967 821 815 821 817 815 817 813 
811 815 813 812 814 816 818 822 970 
814 818 970 814 970 968 814 968 816 
970 822 974 827 975 979 973 975 827 
821 973 827 821 827 823 821 823 819 
817 821 819 818 820 822 824 828 976 
820 824 976 820 976 974 820 974 822 
976 828 980 833 981 985 979 981 833 
827 979 833 827 833 829 827 829 825 
823 827 825 824 826 828 830 834 982 
826 830 982 826 982 980 826 980 828 
982 834 986 837 987 991 985 987 837 
833 985 837 833 837 835 833 835 831 
829 833 831 830 832 834 836 838 988 
832 836 988 832 988 986 832 986 834 
988 838 992 843 837 991 993 843 991 
835 843 839 837 843 835 838 840 844 
836 840 838 994 992 838 844 994 838 
841 843 993 841 993 845 845 993 997 
839 843 841 840 842 844 844 842 846 
844 846 994 994 846 998 849 999 1003 
849 997 999 849 847 997 847 845 997 
1000 848 850 1000 998 848 998 846 848 
1000 850 1004 853 849 1003 1005 853 1003 
847 853 851 849 853 847 850 852 854 
848 852 850 1006 1004 850 854 1006 850 
857 853 1005 1009 857 1005 851 857 855 
853 857 851 854 856 858 852 856 854 
1010 1006 854 858 1010 854 861 857 1009 
1013 861 1009 855 861 859 857 861 855 
858 860 862 856 860 858 1014 1010 858 
862 1014 858 865 861 1013 1017 865 1013 
859 865 863 861 865 859 862 864 866 
860 864 862 1018 1014 862 866 1018 862 
869 865 1017 1021 869 1017 863 869 867 
865 869 863 866 868 870 864 868 866 
1022 1018 866 870 1022 866 873 869 1021 
1025 873 1021 867 873 871 869 873 867 
870 872 874 868 872 870 1026 1022 870 
874 1026 870 873 1025 1027 1027 871 873 
1027 1029 871 1029 875 871 874 1030 1028 
874 872 1030 872 876 1030 1026 874 1028 
881 877 875 881 875 1033 1033 875 1029 
877 881 879 878 880 882 878 882 1034 
878 1034 876 876 1034 1030 887 881 1033 
1037 887 1033 879 887 883 881 887 879 
882 884 888 880 884 882 1038 1034 882 
888 1038 882 887 1037 1039 893 1039 1041 
885 1039 893 885 887 1039 885 883 887 
885 893 889 886 890 894 886 894 1042 
884 886 1042 884 1042 1040 884 1040 888 
1038 888 1040 893 1041 1043 899 1043 1047 
891 1043 899 891 893 1043 891 889 893 
891 899 895 892 896 900 892 900 1048 
890 892 1048 890 1048 1044 890 1044 894 
1042 894 1044 899 1047 1049 905 1049 1053 
897 1049 905 897 899 1049 897 895 899 
897 905 901 898 902 906 898 906 1054 
896 898 1054 896 1054 1050 896 1050 900 
1048 900 1050 905 1053 1055 913 1055 1059 
903 1055 913 903 905 1055 903 901 905 
903 913 907 904 908 914 904 914 1060 
902 904 1060 902 1060 1056 902 1056 906 
1054 906 1056 913 1059 1061 926 1061 1065 
909 1061 926 909 913 1061 909 907 913 
909 927 910 926 927 909 910 927 915 
911 916 928 911 929 912 928 929 911 
912 929 1066 908 912 1066 908 1066 1062 
908 1062 914 1060 914 1062 926 1065 1067 
927 926 1067 1068 927 1067 915 927 1068 
915 1068 917 917 1068 1069 930 1069 1075 
930 918 1069 918 917 1069 918 931 919 
930 931 918 919 932 920 931 932 919 
920 933 921 932 933 920 921 934 922 
933 934 921 922 935 923 934 935 922 
923 936 924 935 936 923 1076 924 936 
1076 1070 924 1070 925 924 928 916 925 
928 925 1071 1071 925 1070 929 928 1071 
1072 929 1071 1066 929 1072 930 1075 1077 
931 930 1077 1078 931 1077 932 931 1078 
1079 932 1078 933 932 1079 1080 933 1079 
934 933 1080 1081 934 1080 935 934 1081 
1082 935 1081 936 935 1082 1083 936 1082 
1076 936 1083 944 1093 1098 944 945 1094 
1093 944 1094 945 946 1095 1094 945 1095 
946 947 1096 1095 946 1096 947 948 1097 
1096 947 1097 1097 948 1099 957 1100 1110 
957 958 1101 1100 957 1101 958 949 937 
958 937 1101 1101 937 1102 1098 938 944 
1098 1102 938 1102 937 938 939 944 938 
945 944 939 940 945 939 946 945 940 
941 946 940 947 946 941 942 947 941 
948 947 942 948 1103 1099 948 942 1103 
942 943 1103 950 959 1104 950 1104 943 
943 1104 1103 959 960 1105 1104 959 1105 
1105 960 1111 965 1112 1118 965 961 951 
965 951 1112 1112 951 1113 1110 952 957 
1110 1113 952 1113 951 952 953 957 952 
958 957 953 949 958 953 950 954 959 
955 959 954 960 959 955 960 1114 1111 
960 955 1114 955 956 1114 962 966 1115 
962 1115 956 956 1115 1114 1115 966 1119 
971 1120 1124 1118 1120 971 965 1118 971 
965 971 967 965 967 963 961 965 963 
962 964 966 968 972 1121 964 968 1121 
964 1121 1119 964 1119 966 1121 972 1125 
977 1126 1130 1124 1126 977 971 1124 977 
971 977 973 971 973 969 967 971 969 
968 970 972 974 978 1127 970 974 1127 
970 1127 1125 970 1125 972 1127 978 1131 
983 1132 1136 1130 1132 983 977 1130 983 
977 983 979 977 979 975 973 977 975 
974 976 978 980 984 1133 976 980 1133 
976 1133 1131 976 1131 978 1133 984 1137 
989 1138 1142 1136 1138 989 983 1136 989 
983 989 985 983 985 981 979 983 981 
980 982 984 986 990 1139 982 986 1139 
982 1139 1137 982 1137 984 1139 990 1143 
987 989 1142 987 1142 991 991 1142 1144 
985 989 987 986 988 990 990 988 992 
990 992 1143 1143 992 1145 995 1146 1150 
995 1144 1146 995 993 1144 993 991 1144 
1147 994 996 1147 1145 994 1145 992 994 
1147 996 1151 1001 995 1150 1152 1001 1150 
993 1001 997 995 1001 993 996 998 1002 
994 998 996 1153 1151 996 1002 1153 996 
999 1001 1152 999 1152 1003 1003 1152 1156 
997 1001 999 998 1000 1002 1002 1000 1004 
1002 1004 1153 1153 1004 1157 1007 1158 1162 
1007 1156 1158 1007 1005 1156 1005 1003 1156 
1159 1006 1008 1159 1157 1006 1157 1004 1006 
1159 1008 1163 1011 1007 1162 1164 1011 1162 
1005 1011 1009 1007 1011 1005 1008 1010 1012 
1006 1010 1008 1165 1163 1008 1012 1165 1008 
1015 1011 1164 1166 1015 1164 1009 1015 1013 
1011 1015 1009 1012 1014 1016 1010 1014 1012 
1167 1165 1012 1016 1167 1012 1019 1015 1166 
1168 1019 1166 1013 1019 1017 1015 1019 1013 
1016 1018 1020 1014 1018 1016 1169 1167 1016 
1020 1169 1016 1023 1019 1168 1170 1023 1168 
1017 1023 1021 1019 1023 1017 1020 1022 1024 
1018 1022 1020 1171 1169 1020 1024 1171 1020 
1023 1170 1172 1172 1021 1023 1172 1174 1021 
1174 1025 1021 1024 1175 1173 1024 1022 1175 
1022 1026 1175 1171 1024 1173 1031 1027 1025 
1031 1025 1178 1178 1025 1174 1027 1031 1029 
1028 1030 1032 1028 1032 1179 1028 1179 1026 
1026 1179 1175 1035 1031 1178 1182 1035 1178 
1029 1035 1033 1031 1035 1029 1032 1034 1036 
1030 1034 1032 1183 1179 1032 1036 1183 1032 
1035 1182 1184 1184 1033 1035 1184 1186 1033 
1186 1037 1033 1036 1187 1185 1036 1034 1187 
1034 1038 1187 1183 1036 1185 1045 1039 1037 
1045 1037 1190 1190 1037 1186 1039 1045 1041 
1040 1042 1046 1040 1046 1191 1040 1191 1038 
1038 1191 1187 1045 1190 1192 1051 1192 1194 
1043 1192 1051 1043 1045 1192 1043 1041 1045 
1043 1051 1047 1044 1048 1052 1044 1052 1195 
1042 1044 1195 1042 1195 1193 1042 1193 1046 
1191 1046 1193 1051 1194 1196 1057 1196 1200 
1049 1196 1057 1049 1051 1196 1049 1047 1051 
1049 1057 1053 1050 1054 1058 1050 1058 1201 
1048 1050 1201 1048 1201 1197 1048 1197 1052 
1195 1052 1197 1057 1200 1202 1063 1202 1206 
1055 1202 1063 1055 1057 1202 1055 1053 1057 
1055 1063 1059 1056 1060 1064 1056 1064 1207 
1054 1056 1207 1054 1207 1203 1054 1203 1058 
1201 1058 1203 1063 1206 1208 1073 1208 1212 
1061 1208 1073 1061 1063 1208 1061 1059 1063 
1061 1073 1065 1062 1066 1074 1062 1074 1213 
1060 1062 1213 1060 1213 1209 1060 1209 1064 
1207 1064 1209 1073 1212 1214 1065 1073 1214 
1065 1214 1067 1067 1214 1215 1084 1215 1220 
1084 1068 1215 1068 1067 1215 1068 1085 1069 
1084 1085 1068 1069 1085 1075 1070 1076 1086 
1070 1087 1071 1086 1087 1070 1221 1071 1087 
1221 1216 1071 1216 1072 1071 1074 1066 1072 
1074 1072 1217 1217 1072 1216 1213 1074 1217 
1084 1220 1222 1085 1084 1222 1223 1085 1222 
1075 1085 1223 1075 1223 1077 1077 1223 1224 
1088 1224 1230 1088 1078 1224 1078 1077 1224 
1078 1089 1079 1088 1089 1078 1079 1090 1080 
1089 1090 1079 1080 1091 1081 1090 1091 1080 
1081 1092 1082 1091 1092 1081 1231 1082 1092 
1231 1225 1082 1225 1083 1082 1086 1076 1083 
1086 1083 1226 1226 1083 1225 1087 1086 1226 
1227 1087 1226 1221 1087 1227 1088 1230 1232 
1089 1088 1232 1233 1089 1232 1090 1089 1233 
1234 1090 1233 1091 1090 1234 1235 1091 1234 
1092 1091 1235 1236 1092 1235 1231 1092 1236 
1106 1241 1253 1106 1107 1242 1241 1106 1242 
1107 1098 1093 1107 1093 1242 1242 1093 1243 
1094 1244 1093 1093 1244 1243 1095 1245 1094 
1094 1245 1244 1096 1246 1095 1095 1246 1245 
1097 1247 1096 1096 1247 1246 1099 1108 1248 
1099 1248 1097 1097 1248 1247 1108 1109 1249 
1248 1108 1249 1249 1109 1254 1116 1255 1261 
1116 1110 1100 1116 1100 1255 1255 1100 1256 
1253 1101 1106 1253 1256 1101 1256 1100 1101 
1102 1106 1101 1107 1106 1102 1098 1107 1102 
1099 1103 1108 1104 1108 1103 1109 1108 1104 
1109 1257 1254 1109 1104 1257 1104 1105 1257 
1111 1117 1258 1111 1258 1105 1105 1258 1257 
1258 1117 1262 1122 1263 1269 1122 1118 1112 
1122 1112 1263 1263 1112 1264 1261 1113 1116 
1261 1264 1113 1264 1112 1113 1110 1116 1113 
1111 1114 1117 1117 1265 1262 1117 1114 1265 
1114 1115 1265 1119 1123 1266 1119 1266 1115 
1115 1266 1265 1266 1123 1270 1128 1271 1273 
1269 1271 1128 1122 1269 1128 1122 1128 1124 
1122 1124 1120 1118 1122 1120 1119 1121 1123 
1125 1129 1272 1121 1125 1272 1121 1272 1270 
1121 1270 1123 1272 1129 1274 1134 1275 1277 
1273 1275 1134 1128 1273 1134 1128 1134 1130 
1128 1130 1126 1124 1128 1126 1125 1127 1129 
1131 1135 1276 1127 1131 1276 1127 1276 1274 
1127 1274 1129 1276 1135 1278 1140 1279 1281 
1277 1279 1140 1134 1277 1140 1134 1140 1136 
1134 1136 1132 1130 1134 1132 1131 1133 1135 
1137 1141 1280 1133 1137 1280 1133 1280 1278 
1133 1278 1135 1280 1141 1282 1138 1140 1281 
1138 1281 1142 1142 1281 1283 1136 1140 1138 
1137 1139 1141 1141 1139 1143 1141 1143 1282 
1282 1143 1284 1148 1285 1289 1148 1283 1285 
1148 1144 1283 1144 1142 1283 1286 1145 1149 
1286 1284 1145 1284 1143 1145 1286 1149 1290 
1146 1148 1289 1146 1289 1150 1150 1289 1291 
1144 1148 1146 1145 1147 1149 1149 1147 1151 
1149 1151 1290 1290 1151 1292 1154 1293 1297 
1154 1291 1293 1154 1152 1291 1152 1150 1291 
1294 1153 1155 1294 1292 1153 1292 1151 1153 
1294 1155 1298 1160 1154 1297 1299 1160 1297 
1152 1160 1156 1154 1160 1152 1155 1157 1161 
1153 1157 1155 1300 1298 1155 1161 1300 1155 
1158 1160 1299 1158 1299 1162 1162 1299 1301 
1156 1160 1158 1157 1159 1161 1161 1159 1163 
1161 1163 1300 1300 1163 1302 1162 1301 1164 
1301 1303 1164 1163 1165 1302 1302 1165 1304 
1164 1303 1166 1303 1307 1166 1165 1167 1304 
1304 1167 1308 1166 1307 1168 1307 1311 1168 
1167 1169 1308 1308 1169 1312 1168 1311 1170 
1311 1315 1170 1169 1171 1312 1312 1171 1316 
1176 1172 1170 1176 1170 1317 1317 1170 1315 
1172 1176 1174 1173 1175 1177 1173 1177 1318 
1173 1318 1171 1171 1318 1316 1180 1176 1317 
1319 1180 1317 1174 1180 1178 1176 1180 1174 
1177 1179 1181 1175 1179 1177 1320 1318 1177 
1181 1320 1177 1180 1319 1321 1321 1178 1180 
1321 1323 1178 1323 1182 1178 1181 1324 1322 
1181 1179 1324 1179 1183 1324 1320 1181 1322 
1188 1184 1182 1188 1182 1327 1327 1182 1323 
1184 1188 1186 1185 1187 1189 1185 1189 1328 
1185 1328 1183 1183 1328 1324 1188 1327 1329 
1329 1186 1188 1329 1331 1186 1331 1190 1186 
1189 1332 1330 1189 1187 1332 1187 1191 1332 
1328 1189 1330 1198 1192 1190 1198 1190 1335 
1335 1190 1331 1192 1198 1194 1193 1195 1199 
1193 1199 1336 1193 1336 1191 1191 1336 1332 
1198 1335 1337 1204 1337 1339 1196 1337 1204 
1196 1198 1337 1196 1194 1198 1196 1204 1200 
1197 1201 1205 1197 1205 1340 1195 1197 1340 
1195 1340 1338 1195 1338 1199 1336 1199 1338 
1204 1339 1341 1210 1341 1343 1202 1341 1210 
1202 1204 1341 1202 1200 1204 1202 1210 1206 
1203 1207 1211 1203 1211 1344 1201 1203 1344 
1201 1344 1342 1201 1342 1205 1340 1205 1342 
1210 1343 1345 1218 1345 1347 1208 1345 1218 
1208 1210 1345 1208 1206 1210 1208 1218 1212 
1209 1213 1219 1209 1219 1348 1207 1209 1348 
1207 1348 1346 1207 1346 1211 1344 1211 1346 
1218 1347 1349 1212 1218 1349 1212 1349 1214 
1214 1349 1350 1228 1350 1353 1228 1215 1350 
1215 1214 1350 1215 1228 1220 1216 1221 1229 
1354 1216 1229 1354 1351 1216 1351 1217 1216 
1219 1213 1217 1219 1217 1352 1352 1217 1351 
1348 1219 1352 1228 1353 1355 1220 1228 1355 
1220 1355 1222 1222 1355 1356 1237 1356 1361 
1237 1223 1356 1223 1222 1356 1223 1238 1224 
1237 1238 1223 1224 1238 1230 1225 1231 1239 
1225 1240 1226 1239 1240 1225 1362 1226 1240 
1362 1357 1226 1357 1227 1226 1229 1221 1227 
1229 1227 1358 1358 1227 1357 1354 1229 1358 
1237 1361 1363 1238 1237 1363 1364 1238 1363 
1230 1238 1364 1230 1364 1232 1232 1364 1365 
1233 1232 1366 1232 1365 1366 1234 1233 1367 
1233 1366 1367 1235 1234 1368 1234 1367 1368 
1236 1235 1369 1235 1368 1369 1239 1231 1236 
1239 1236 1370 1370 1236 1369 1240 1239 1370 
1371 1240 1370 1362 1240 1371 1250 1377 1380 
1250 1251 1378 1377 1250 1378 1251 1252 1379 
1378 1251 1379 1379 1252 1381 1259 1382 1394 
1259 1253 1241 1259 1241 1382 1382 1241 1383 
1242 1384 1241 1241 1384 1383 1243 1385 1242 
1242 1385 1384 1380 1244 1250 1380 1385 1244 
1385 1243 1244 1245 1250 1244 1251 1250 1245 
1246 1251 1245 1252 1251 1246 1252 1386 1381 
1252 1246 1386 1246 1247 1386 1248 1387 1247 
1247 1387 1386 1249 1388 1248 1248 1388 1387 
1254 1260 1389 1254 1389 1249 1249 1389 1388 
1389 1260 1395 1267 1396 1402 1267 1261 1255 
1267 1255 1396 1396 1255 1397 1394 1256 1259 
1394 1397 1256 1397 1255 1256 1253 1259 1256 
1254 1257 1260 1260 1398 1395 1260 1257 1398 
1257 1258 1398 1262 1268 1399 1262 1399 1258 
1258 1399 1398 1399 1268 1403 1263 1404 1406 
1269 1263 1406 1402 1264 1267 1402 1404 1264 
1404 1263 1264 1261 1267 1264 1262 1265 1268 
1268 1405 1403 1268 1265 1405 1265 1266 1405 
1405 1266 1270 1407 1405 1270 1271 1408 1412 
1273 1271 1412 1406 1271 1269 1408 1271 1406 
1270 1409 1407 1272 1409 1270 1409 1272 1274 
1413 1409 1274 1275 1414 1418 1277 1275 1418 
1412 1275 1273 1414 1275 1412 1274 1415 1413 
1276 1415 1274 1415 1276 1278 1419 1415 1278 
1279 1420 1424 1281 1279 1424 1418 1279 1277 
1420 1279 1418 1278 1421 1419 1280 1421 1278 
1421 1280 1282 1425 1421 1282 1287 1426 1428 
1287 1424 1426 1287 1283 1424 1283 1281 1424 
1427 1284 1288 1427 1425 1284 1425 1282 1284 
1427 1288 1429 1285 1287 1428 1285 1428 1289 
1289 1428 1430 1283 1287 1285 1284 1286 1288 
1288 1286 1290 1288 1290 1429 1429 1290 1431 
1295 1432 1436 1295 1430 1432 1295 1291 1430 
1291 1289 1430 1433 1292 1296 1433 1431 1292 
1431 1290 1292 1433 1296 1437 1293 1295 1436 
1293 1436 1297 1297 1436 1438 1291 1295 1293 
1292 1294 1296 1296 1294 1298 1296 1298 1437 
1437 1298 1439 1297 1438 1299 1438 1440 1299 
1298 1300 1439 1439 1300 1441 1299 1440 1301 
1440 1444 1301 1300 1302 1441 1441 1302 1445 
1305 1446 1450 1305 1444 1446 1305 1303 1444 
1303 1301 1444 1447 1304 1306 1447 1445 1304 
1445 1302 1304 1447 1306 1451 1309 1305 1450 
1452 1309 1450 1303 1309 1307 1305 1309 1303 
1306 1308 1310 1304 1308 1306 1453 1451 1306 
1310 1453 1306 1313 1309 1452 1454 1313 1452 
1307 1313 1311 1309 1313 1307 1310 1312 1314 
1308 1312 1310 1455 1453 1310 1314 1455 1310 
1313 1454 1456 1456 1311 1313 1456 1458 1311 
1458 1315 1311 1314 1459 1457 1314 1312 1459 
1312 1316 1459 1455 1314 1457 1315 1458 1317 
1458 1462 1317 1316 1318 1459 1459 1318 1463 
1317 1462 1319 1462 1466 1319 1318 1320 1463 
1463 1320 1467 1325 1321 1319 1325 1319 1468 
1468 1319 1466 1321 1325 1323 1322 1324 1326 
1322 1326 1469 1322 1469 1320 1320 1469 1467 
1325 1468 1470 1470 1323 1325 1470 1472 1323 
1472 1327 1323 1326 1473 1471 1326 1324 1473 
1324 1328 1473 1469 1326 1471 1333 1329 1327 
1333 1327 1476 1476 1327 1472 1329 1333 1331 
1330 1332 1334 1330 1334 1477 1330 1477 1328 
1328 1477 1473 1333 1476 1478 1478 1331 1333 
1478 1480 1331 1480 1335 1331 1334 1481 1479 
1334 1332 1481 1332 1336 1481 1477 1334 1479 
1335 1480 1482 1337 1335 1482 1482 1339 1337 
1484 1339 1482 1338 1485 1483 1340 1485 1338 
1481 1336 1338 1483 1481 1338 1339 1484 1486 
1341 1339 1486 1486 1343 1341 1490 1343 1486 
1342 1491 1487 1344 1491 1342 1485 1340 1342 
1487 1485 1342 1343 1490 1492 1345 1343 1492 
1492 1347 1345 1496 1347 1492 1346 1497 1493 
1348 1497 1346 1491 1344 1346 1493 1491 1346 
1347 1496 1498 1349 1347 1498 1359 1498 1502 
1359 1350 1498 1350 1349 1498 1350 1359 1353 
1351 1354 1360 1503 1351 1360 1503 1499 1351 
1499 1352 1351 1497 1348 1352 1499 1497 1352 
1359 1502 1504 1353 1359 1504 1353 1504 1355 
1355 1504 1505 1372 1505 1508 1372 1356 1505 
1356 1355 1505 1356 1372 1361 1357 1362 1373 
1509 1357 1373 1509 1506 1357 1506 1358 1357 
1360 1354 1358 1360 1358 1507 1507 1358 1506 
1503 1360 1507 1372 1508 1510 1361 1372 1510 
1361 1510 1363 1363 1510 1511 1364 1363 1512 
1363 1511 1512 1365 1364 1513 1364 1512 1513 
1374 1513 1520 1374 1366 1513 1366 1365 1513 
1366 1375 1367 1374 1375 1366 1367 1376 1368 
1375 1376 1367 1521 1368 1376 1521 1514 1368 
1514 1369 1368 1370 1369 1515 1369 1514 1515 
1371 1370 1516 1370 1515 1516 1373 1362 1371 
1373 1371 1517 1517 1371 1516 1509 1373 1517 
1374 1520 1522 1375 1374 1522 1523 1375 1522 
1376 1375 1523 1524 1376 1523 1521 1376 1524 
1390 1529 1536 1390 1391 1530 1529 1390 1530 
1391 1380 1377 1391 1377 1530 1530 1377 1531 
1378 1532 1377 1377 1532 1531 1379 1533 1378 
1378 1533 1532 1381 1392 1534 1381 1534 1379 
1379 1534 1533 1392 1393 1535 1534 1392 1535 
1535 1393 1537 1400 1538 1546 1400 1394 1382 
1400 1382 1538 1538 1382 1539 1383 1540 1382 
1382 1540 1539 1536 1384 1390 1536 1540 1384 
1540 1383 1384 1385 1390 1384 1391 1390 1385 
1380 1391 1385 1381 1386 1392 1387 1392 1386 
1393 1392 1387 1393 1541 1537 1393 1387 1541 
1387 1388 1541 1389 1542 1388 1388 1542 1541 
1395 1401 1543 1395 1543 1389 1389 1543 1542 
1543 1401 1547 1396 1548 1550 1402 1396 1550 
1546 1397 1400 1546 1548 1397 1548 1396 1397 
1394 1400 1397 1395 1398 1401 1401 1549 1547 
1401 1398 1549 1398 1399 1549 1549 1399 1403 
1551 1549 1403 1410 1552 1558 1410 1406 1404 
1410 1404 1552 1552 1404 1553 1550 1404 1402 
1553 1404 1550 1403 1554 1551 1405 1554 1403 
1407 1411 1555 1407 1555 1405 1405 1555 1554 
1555 1411 1559 1416 1560 1562 1558 1560 1416 
1410 1558 1416 1410 1416 1412 1410 1412 1408 
1406 1410 1408 1407 1409 1411 1413 1417 1561 
1409 1413 1561 1409 1561 1559 1409 1559 1411 
1561 1417 1563 1422 1564 1566 1562 1564 1422 
1416 1562 1422 1416 1422 1418 1416 1418 1414 
1412 1416 1414 1413 1415 1417 1419 1423 1565 
1415 1419 1565 1415 1565 1563 1415 1563 1417 
1565 1423 1567 1420 1422 1566 1420 1566 1424 
1424 1566 1568 1418 1422 1420 1419 1421 1423 
1423 1421 1425 1423 1425 1567 1567 1425 1569 
1426 1570 1574 1428 1426 1574 1568 1426 1424 
1570 1426 1568 1425 1571 1569 1427 1571 1425 
1571 1427 1429 1575 1571 1429 1434 1576 1578 
1434 1574 1576 1434 1430 1574 1430 1428 1574 
1577 1431 1435 1577 1575 1431 1575 1429 1431 
1577 1435 1579 1432 1434 1578 1432 1578 1436 
1436 1578 1580 1430 1434 1432 1431 1433 1435 
1435 1433 1437 1435 1437 1579 1579 1437 1581 
1436 1580 1438 1580 1582 1438 1437 1439 1581 
1581 1439 1583 1442 1584 1588 1442 1582 1584 
1442 1440 1582 1440 1438 1582 1585 1441 1443 
1585 1583 1441 1583 1439 1441 1585 1443 1589 
1448 1442 1588 1590 1448 1588 1440 1448 1444 
1442 1448 1440 1443 1445 1449 1441 1445 1443 
1591 1589 1443 1449 1591 1443 1446 1448 1590 
1446 1590 1450 1450 1590 1592 1444 1448 1446 
1445 1447 1449 1449 1447 1451 1449 1451 1591 
1591 1451 1593 1450 1592 1452 1592 1594 1452 
1451 1453 1593 1593 1453 1595 1452 1594 1454 
1594 1596 1454 1453 1455 1595 1595 1455 1597 
1460 1456 1454 1460 1454 1598 1598 1454 1596 
1456 1460 1458 1457 1459 1461 1457 1461 1599 
1457 1599 1455 1455 1599 1597 1464 1460 1598 
1600 1464 1598 1458 1464 1462 1460 1464 1458 
1461 1463 1465 1459 1463 1461 1601 1599 1461 
1465 1601 1461 1464 1600 1602 1602 1462 1464 
1602 1604 1462 1604 1466 1462 1465 1605 1603 
1465 1463 1605 1463 1467 1605 1601 1465 1603 
1466 1604 1468 1604 1608 1468 1467 1469 1605 
1605 1469 1609 1474 1470 1468 1474 1468 1610 
1610 1468 1608 1470 1474 1472 1471 1473 1475 
1471 1475 1611 1471 1611 1469 1469 1611 1609 
1474 1610 1612 1612 1472 1474 1612 1614 1472 
1614 1476 1472 1475 1615 1613 1475 1473 1615 
1473 1477 1615 1611 1475 1613 1476 1614 1616 
1478 1476 1616 1616 1480 1478 1618 1480 1616 
1479 1619 1617 1481 1619 1479 1615 1477 1479 
1617 1615 1479 1488 1482 1480 1488 1480 1622 
1622 1480 1618 1482 1488 1484 1483 1485 1489 
1483 1489 1623 1483 1623 1481 1481 1623 1619 
1488 1622 1624 1494 1624 1626 1486 1624 1494 
1486 1488 1624 1486 1484 1488 1486 1494 1490 
1487 1491 1495 1487 1495 1627 1485 1487 1627 
1485 1627 1625 1485 1625 1489 1623 1489 1625 
1494 1626 1628 1500 1628 1630 1492 1628 1500 
1492 1494 1628 1492 1490 1494 1492 1500 1496 
1493 1497 1501 1493 1501 1631 1491 1493 1631 
1491 1631 1629 1491 1629 1495 1627 1495 1629 
1500 1630 1632 1496 1500 1632 1496 1632 1498 
1498 1632 1633 1633 1502 1498 1636 1502 1633 
1499 1637 1634 1503 1637 1499 1501 1497 1499 
1501 1499 1635 1635 1499 1634 1631 1501 1635 
1502 1636 1638 1504 1502 1638 1518 1638 1642 
1518 1505 1638 1505 1504 1638 1505 1518 1508 
1506 1509 1519 1643 1506 1519 1643 1639 1506 
1639 1507 1506 1637 1503 1507 1639 1637 1507 
1518 1642 1644 1508 1518 1644 1508 1644 1510 
1510 1644 1645 1511 1510 1646 1510 1645 1646 
1525 1646 1650 1525 1512 1646 1512 1511 1646 
1512 1526 1513 1525 1526 1512 1513 1526 1520 
1514 1521 1527 1514 1528 1515 1527 1528 1514 
1651 1515 1528 1651 1647 1515 1647 1516 1515 
1517 1516 1648 1516 1647 1648 1519 1509 1517 
1519 1517 1649 1649 1517 1648 1643 1519 1649 
1525 1650 1652 1526 1525 1652 1653 1526 1652 
1520 1526 1653 1520 1653 1522 1522 1653 1654 
1523 1522 1655 1522 1654 1655 1524 1523 1656 
1523 1655 1656 1527 1521 1524 1527 1524 1657 
1657 1524 1656 1528 1527 1657 1658 1528 1657 
1651 1528 1658 1544 1661 1670 1544 1536 1529 
1544 1529 1661 1661 1529 1662 1530 1663 1529 
1529 1663 1662 1531 1664 1530 1530 1664 1663 
1532 1665 1531 1531 1665 1664 1533 1666 1532 
1532 1666 1665 1534 1667 1533 1533 1667 1666 
1535 1668 1534 1534 1668 1667 1537 1545 1669 
1537 1669 1535 1535 1669 1668 1669 1545 1671 
1538 1672 1676 1546 1538 1676 1539 1673 1538 
1538 1673 1672 1670 1540 1544 1670 1673 1540 
1673 1539 1540 1536 1544 1540 1537 1541 1545 
1545 1674 1671 1545 1541 1674 1541 1542 1674 
1543 1675 1542 1542 1675 1674 1675 1543 1547 
1677 1675 1547 1556 1678 1684 1556 1550 1548 
1556 1548 1678 1678 1548 1679 1676 1548 1546 
1679 1548 1676 1547 1680 1677 1549 1680 1547 
1551 1557 1681 1551 1681 1549 1549 1681 1680 
1681 1557 1685 1552 1686 1688 1558 1552 1688 
1684 1553 1556 1684 1686 1553 1686 1552 1553 
1550 1556 1553 1551 1554 1557 1557 1687 1685 
1557 1554 1687 1554 1555 1687 1687 1555 1559 
1689 1687 1559 1560 1690 1692 1562 1560 1692 
1688 1560 1558 1690 1560 1688 1559 1691 1689 
1561 1691 1559 1691 1561 1563 1693 1691 1563 
1564 1694 1696 1566 1564 1696 1692 1564 1562 
1694 1564 1692 1563 1695 1693 1565 1695 1563 
1695 1565 1567 1697 1695 1567 1572 1698 1700 
1572 1696 1698 1572 1568 1696 1568 1566 1696 
1699 1569 1573 1699 1697 1569 1697 1567 1569 
1699 1573 1701 1570 1572 1700 1570 1700 1574 
1574 1700 1702 1568 1572 1570 1569 1571 1573 
1573 1571 1575 1573 1575 1701 1701 1575 1703 
1576 1704 1708 1578 1576 1708 1702 1576 1574 
1704 1576 1702 1575 1705 1703 1577 1705 1575 
1705 1577 1579 1709 1705 1579 1578 1708 1580 
1708 1710 1580 1579 1581 1709 1709 1581 1711 
1586 1712 1714 1586 1710 1712 1586 1582 1710 
1582 1580 1710 1713 1583 1587 1713 1711 1583 
1711 1581 1583 1713 1587 1715 1584 1586 1714 
1584 1714 1588 1588 1714 1716 1582 1586 1584 
1583 1585 1587 1587 1585 1589 1587 1589 1715 
1715 1589 1717 1588 1716 1590 1716 1718 1590 
1589 1591 1717 1717 1591 1719 1590 1718 1592 
1718 1720 1592 1591 1593 1719 1719 1593 1721 
1592 1720 1594 1720 1722 1594 1593 1595 1721 
1721 1595 1723 1594 1722 1596 1722 1724 1596 
1595 1597 1723 1723 1597 1725 1596 1724 1598 
1724 1726 1598 1597 1599 1725 1725 1599 1727 
1598 1726 1600 1726 1728 1600 1599 1601 1727 
1727 1601 1729 1606 1602 1600 1606 1600 1730 
1730 1600 1728 1602 1606 1604 1603 1605 1607 
1603 1607 1731 1603 1731 1601 1601 1731 1729 
1606 1730 1732 1732 1604 1606 1732 1734 1604 
1734 1608 1604 1607 1735 1733 1607 1605 1735 
1605 1609 1735 1731 1607 1733 1608 1734 1610 
1734 1736 1610 1609 1611 1735 1735 1611 1737 
1610 1736 1738 1612 1610 1738 1738 1614 1612 
1740 1614 1738 1613 1741 1739 1615 1741 1613 
1737 1611 1613 1739 1737 1613 1620 1616 1614 
1620 1614 1744 1744 1614 1740 1616 1620 1618 
1617 1619 1621 1617 1621 1745 1617 1745 1615 
1615 1745 1741 1620 1744 1746 1746 1618 1620 
1746 1748 1618 1748 1622 1618 1621 1749 1747 
1621 1619 1749 1619 1623 1749 1745 1621 1747 
1622 1748 1750 1624 1622 1750 1750 1626 1624 
1752 1626 1750 1625 1753 1751 1627 1753 1625 
1749 1623 1625 1751 1749 1625 1626 1752 1754 
1628 1626 1754 1754 1630 1628 1756 1630 1754 
1629 1757 1755 1631 1757 1629 1753 1627 1629 
1755 1753 1629 1630 1756 1758 1632 1630 1758 
1640 1758 1760 1640 1633 1758 1633 1632 1758 
1633 1640 1636 1634 1637 1641 1761 1634 1641 
1761 1759 1634 1759 1635 1634 1757 1631 1635 
1759 1757 1635 1640 1760 1762 1636 1640 1762 
1636 1762 1638 1638 1762 1763 1763 1642 1638 
1766 1642 1763 1639 1767 1764 1643 1767 1639 
1641 1637 1639 1641 1639 1765 1765 1639 1764 
1761 1641 1765 1642 1766 1768 1644 1642 1768 
1645 1644 1769 1644 1768 1769 1659 1769 1774 
1659 1646 1769 1646 1645 1769 1646 1659 1650 
1647 1651 1660 1775 1647 1660 1775 1770 1647 
1770 1648 1647 1649 1648 1771 1648 1770 1771 
1767 1643 1649 1771 1767 1649 1659 1774 1776 
1650 1659 1776 1650 1776 1652 1652 1776 1777 
1653 1652 1778 1652 1777 1778 1654 1653 1779 
1653 1778 1779 1655 1654 1780 1654 1779 1780 
1656 1655 1781 1655 1780 1781 1657 1656 1782 
1656 1781 1782 1658 1657 1783 1657 1782 1783 
1660 1651 1658 1660 1658 1784 1784 1658 1783 
1775 1660 1784 1661 1785 1794 1670 1661 1794 
1662 1786 1661 1661 1786 1785 1663 1787 1662 
1662 1787 1786 1664 1788 1663 1663 1788 1787 
1665 1789 1664 1664 1789 1788 1666 1790 1665 
1665 1790 1789 1667 1791 1666 1666 1791 1790 
1668 1792 1667 1667 1792 1791 1669 1793 1668 
1668 1793 1792 1793 1669 1671 1795 1793 1671 
1682 1796 1804 1682 1676 1672 1682 1672 1796 
1796 1672 1797 1673 1798 1672 1672 1798 1797 
1794 1673 1670 1798 1673 1794 1671 1799 1795 
1674 1799 1671 1675 1800 1674 1674 1800 1799 
1677 1683 1801 1677 1801 1675 1675 1801 1800 
1801 1683 1805 1678 1806 1808 1684 1678 1808 
1804 1679 1682 1804 1806 1679 1806 1678 1679 
1676 1682 1679 1677 1680 1683 1683 1807 1805 
1683 1680 1807 1680 1681 1807 1807 1681 1685 
1809 1807 1685 1686 1810 1812 1688 1686 1812 
1808 1686 1684 1810 1686 1808 1685 1811 1809 
1687 1811 1685 1811 1687 1689 1813 1811 1689 
1690 1814 1818 1692 1690 1818 1812 1690 1688 
1814 1690 1812 1689 1815 1813 1691 1815 1689 
1815 1691 1693 1819 1815 1693 1694 1820 1824 
1696 1694 1824 1818 1694 1692 1820 1694 1818 
1693 1821 1819 1695 1821 1693 1821 1695 1697 
1825 1821 1697 1698 1826 1828 1700 1698 1828 
1824 1698 1696 1826 1698 1824 1697 1827 1825 
1699 1827 1697 1827 1699 1701 1829 1827 1701 
1706 1830 1832 1706 1828 1830 1706 1702 1828 
1702 1700 1828 1831 1703 1707 1831 1829 1703 
1829 1701 1703 1831 1707 1833 1704 1706 1832 
1704 1832 1708 1708 1832 1834 1702 1706 1704 
1703 1705 1707 1707 1705 1709 1707 1709 1833 
1833 1709 1835 1708 1834 1710 1834 1836 1710 
1709 1711 1835 1835 1711 1837 1712 1838 1842 
1714 1712 1842 1836 1712 1710 1838 1712 1836 
1711 1839 1837 1713 1839 1711 1839 1713 1715 
1843 1839 1715 1714 1842 1716 1842 1844 1716 
1715 1717 1843 1843 1717 1845 1716 1844 1718 
1844 1846 1718 1717 1719 1845 1845 1719 1847 
1718 1846 1720 1846 1848 1720 1719 1721 1847 
1847 1721 1849 1720 1848 1722 1848 1850 1722 
1721 1723 1849 1849 1723 1851 1722 1850 1724 
1850 1852 1724 1723 1725 1851 1851 1725 1853 
1724 1852 1726 1852 1854 1726 1725 1727 1853 
1853 1727 1855 1726 1854 1728 1854 1856 1728 
1727 1729 1855 1855 1729 1857 1728 1856 1730 
1856 1858 1730 1729 1731 1857 1857 1731 1859 
1730 1858 1860 1732 1730 1860 1860 1734 1732 
1862 1734 1860 1733 1863 1861 1735 1863 1733 
1859 1731 1733 1861 1859 1733 1734 1862 1736 
1862 1866 1736 1735 1737 1863 1863 1737 1867 
1742 1738 1736 1742 1736 1868 1868 1736 1866 
1738 1742 1740 1739 1741 1743 1739 1743 1869 
1739 1869 1737 1737 1869 1867 1742 1868 1870 
1870 1740 1742 1870 1872 1740 1872 1744 1740 
1743 1873 1871 1743 1741 1873 1741 1745 1873 
1869 1743 1871 1744 1872 1874 1746 1744 1874 
1874 1748 1746 1876 1748 1874 1747 1877 1875 
1749 1877 1747 1873 1745 1747 1875 1873 1747 
1748 1876 1878 1750 1748 1878 1878 1752 1750 
1880 1752 1878 1751 1881 1879 1753 1881 1751 
1877 1749 1751 1879 1877 1751 1752 1880 1882 
1754 1752 1882 1882 1756 1754 1886 1756 1882 
1755 1887 1883 1757 1887 1755 1881 1753 1755 
1883 1881 1755 1756 1886 1888 1758 1756 1888 
1888 1760 1758 1892 1760 1888 1759 1893 1889 
1761 1893 1759 1887 1757 1759 1889 1887 1759 
1760 1892 1894 1762 1760 1894 1772 1894 1896 
1772 1763 1894 1763 1762 1894 1763 1772 1766 
1764 1767 1773 1897 1764 1773 1897 1895 1764 
1895 1765 1764 1893 1761 1765 1895 1893 1765 
1772 1896 1898 1766 1772 1898 1766 1898 1768 
1768 1898 1899 1769 1768 1900 1768 1899 1900 
1900 1774 1769 1904 1774 1900 1770 1905 1901 
1775 1905 1770 1771 1770 1902 1770 1901 1902 
1773 1767 1771 1773 1771 1903 1903 1771 1902 
1897 1773 1903 1774 1904 1906 1776 1774 1906 
1777 1776 1907 1776 1906 1907 1778 1777 1908 
1777 1907 1908 1779 1778 1909 1778 1908 1909 
1780 1779 1910 1779 1909 1910 1781 1780 1911 
1780 1910 1911 1782 1781 1912 1781 1911 1912 
1783 1782 1913 1782 1912 1913 1784 1783 1914 
1783 1913 1914 1905 1775 1784 1914 1905 1784 
1802 1917 1928 1802 1794 1785 1802 1785 1917 
1917 1785 1918 1786 1919 1785 1785 1919 1918 
1787 1920 1786 1786 1920 1919 1788 1921 1787 
1787 1921 1920 1789 1922 1788 1788 1922 1921 
1790 1923 1789 1789 1923 1922 1791 1924 1790 
1790 1924 1923 1792 1925 1791 1791 1925 1924 
1793 1926 1792 1792 1926 1925 1795 1803 1927 
1795 1927 1793 1793 1927 1926 1927 1803 1929 
1796 1930 1934 1804 1796 1934 1797 1931 1796 
1796 1931 1930 1928 1798 1802 1928 1931 1798 
1931 1797 1798 1794 1802 1798 1795 1799 1803 
1803 1932 1929 1803 1799 1932 1799 1800 1932 
1801 1933 1800 1800 1933 1932 1933 1801 1805 
1935 1933 1805 1806 1936 1938 1808 1806 1938 
1934 1806 1804 1936 1806 1934 1805 1937 1935 
1807 1937 1805 1937 1807 1809 1939 1937 1809 
1816 1940 1944 1816 1812 1810 1816 1810 1940 
1940 1810 1941 1938 1810 1808 1941 1810 1938 
1809 1942 1939 1811 1942 1809 1813 1817 1943 
1813 1943 1811 1811 1943 1942 1943 1817 1945 
1822 1946 1948 1944 1946 1822 1816 1944 1822 
1816 1822 1818 1816 1818 1814 1812 1816 1814 
1813 1815 1817 1819 1823 1947 1815 1819 1947 
1815 1947 1945 1815 1945 1817 1947 1823 1949 
1820 1822 1948 1820 1948 1824 1824 1948 1950 
1818 1822 1820 1819 1821 1823 1823 1821 1825 
1823 1825 1949 1949 1825 1951 1826 1952 1954 
1828 1826 1954 1950 1826 1824 1952 1826 1950 
1825 1953 1951 1827 1953 1825 1953 1827 1829 
1955 1953 1829 1830 1956 1958 1832 1830 1958 
1954 1830 1828 1956 1830 1954 1829 1957 1955 
1831 1957 1829 1957 1831 1833 1959 1957 1833 
1832 1958 1834 1958 1960 1834 1833 1835 1959 
1959 1835 1961 1840 1962 1964 1840 1960 1962 
1840 1836 1960 1836 1834 1960 1963 1837 1841 
1963 1961 1837 1961 1835 1837 1963 1841 1965 
1838 1840 1964 1838 1964 1842 1842 1964 1966 
1836 1840 1838 1837 1839 1841 1841 1839 1843 
1841 1843 1965 1965 1843 1967 1842 1966 1844 
1966 1968 1844 1843 1845 1967 1967 1845 1969 
1844 1968 1846 1968 1970 1846 1845 1847 1969 
1969 1847 1971 1846 1970 1848 1970 1972 1848 
1847 1849 1971 1971 1849 1973 1848 1972 1850 
1972 1974 1850 1849 1851 1973 1973 1851 1975 
1850 1974 1852 1974 1976 1852 1851 1853 1975 
1975 1853 1977 1852 1976 1854 1976 1978 1854 
1853 1855 1977 1977 1855 1979 1854 1978 1856 
1978 1980 1856 1855 1857 1979 1979 1857 1981 
1856 1980 1858 1980 1982 1858 1857 1859 1981 
1981 1859 1983 1864 1860 1858 1864 1858 1984 
1984 1858 1982 1860 1864 1862 1861 1863 1865 
1861 1865 1985 1861 1985 1859 1859 1985 1983 
1864 1984 1986 1986 1862 1864 1986 1988 1862 
1988 1866 1862 1865 1989 1987 1865 1863 1989 
1863 1867 1989 1985 1865 1987 1866 1988 1868 
1988 1990 1868 1867 1869 1989 1989 1869 1991 
1868 1990 1992 1870 1868 1992 1992 1872 1870 
1994 1872 1992 1871 1995 1993 1873 1995 1871 
1991 1869 1871 1993 1991 1871 1872 1994 1996 
1874 1872 1996 1996 1876 1874 1998 1876 1996 
1875 1999 1997 1877 1999 1875 1995 1873 1875 
1997 1995 1875 1884 1878 1876 1884 1876 2000 
2000 1876 1998 1878 1884 1880 1879 1881 1885 
1879 1885 2001 1879 2001 1877 1877 2001 1999 
1884 2000 2002 1890 2002 2004 1882 2002 1890 
1882 1884 2002 1882 1880 1884 1882 1890 1886 
1883 1887 1891 1883 1891 2005 1881 1883 2005 
1881 2005 2003 1881 2003 1885 2001 1885 2003 
1890 2004 2006 1886 1890 2006 1886 2006 1888 
1888 2006 2007 2007 1892 1888 2010 1892 2007 
1889 2011 2008 1893 2011 1889 1891 1887 1889 
1891 1889 2009 2009 1889 2008 2005 1891 2009 
1892 2010 2012 1894 1892 2012 2012 1896 1894 
2014 1896 2012 1895 2015 2013 1897 2015 1895 
2011 1893 1895 2013 2011 1895 1896 2014 2016 
1898 1896 2016 1899 1898 2017 1898 2016 2017 
1915 2017 2020 1915 1900 2017 1900 1899 2017 
1900 1915 1904 1901 1905 1916 2021 1901 1916 
2021 2018 1901 2018 1902 1901 1903 1902 2019 
1902 2018 2019 2015 1897 1903 2019 2015 1903 
1915 2020 2022 1904 1915 2022 1904 2022 1906 
1906 2022 2023 1907 1906 2024 1906 2023 2024 
1908 1907 2025 1907 2024 2025 1909 1908 2026 
1908 2025 2026 1910 1909 2027 1909 2026 2027 
1911 1910 2028 1910 2027 2028 1912 1911 2029 
1911 2028 2029 1913 1912 2030 1912 2029 2030 
1914 1913 2031 1913 2030 2031 1916 1905 1914 
1916 1914 2032 2032 1914 2031 2021 1916 2032 
1917 2033 2044 1928 1917 2044 1918 2034 1917 
1917 2034 2033 1919 2035 1918 1918 2035 2034 
1920 2036 1919 1919 2036 2035 1921 2037 1920 
1920 2037 2036 1922 2038 1921 1921 2038 2037 
1923 2039 1922 1922 2039 2038 1924 2040 1923 
1923 2040 2039 1925 2041 1924 1924 2041 2040 
1926 2042 1925 1925 2042 2041 1927 2043 1926 
1926 2043 2042 2043 1927 1929 2045 2043 1929 
1930 2046 2050 1934 1930 2050 1931 2047 1930 
1930 2047 2046 2044 1931 1928 2047 1931 2044 
1929 2048 2045 1932 2048 1929 1933 2049 1932 
1932 2049 2048 2049 1933 1935 2051 2049 1935 
1936 2052 2054 1938 1936 2054 2050 1936 1934 
2052 1936 2050 1935 2053 2051 1937 2053 1935 
2053 1937 1939 2055 2053 1939 1940 2056 2060 
1944 1940 2060 1941 2057 1940 1940 2057 2056 
2054 1941 1938 2057 1941 2054 1939 2058 2055 
1942 2058 1939 1943 2059 1942 1942 2059 2058 
2059 1943 1945 2061 2059 1945 1946 2062 2064 
1948 1946 2064 2060 1946 1944 2062 1946 2060 
1945 2063 2061 1947 2063 1945 2063 1947 1949 
2065 2063 1949 1948 2064 1950 2064 2066 1950 
1949 1951 2065 2065 1951 2067 1952 2068 2070 
1954 1952 2070 2066 1952 1950 2068 1952 2066 
1951 2069 2067 1953 2069 1951 2069 1953 1955 
2071 2069 1955 1956 2072 2074 1958 1956 2074 
2070 1956 1954 2072 1956 2070 1955 2073 2071 
1957 2073 1955 2073 1957 1959 2075 2073 1959 
1958 2074 1960 2074 2076 1960 1959 1961 2075 
2075 1961 2077 1962 2078 2080 1964 1962 2080 
2076 1962 1960 2078 1962 2076 1961 2079 2077 
1963 2079 1961 2079 1963 1965 2081 2079 1965 
1964 2080 1966 2080 2082 1966 1965 1967 2081 
2081 1967 2083 1966 2082 1968 2082 2084 1968 
1967 1969 2083 2083 1969 2085 1968 2084 1970 
2084 2086 1970 1969 1971 2085 2085 1971 2087 
1970 2086 1972 2086 2088 1972 1971 1973 2087 
2087 1973 2089 1972 2088 1974 2088 2090 1974 
1973 1975 2089 2089 1975 2091 1974 2090 1976 
2090 2092 1976 1975 1977 2091 2091 1977 2093 
1976 2092 1978 2092 2094 1978 1977 1979 2093 
2093 1979 2095 1978 2094 1980 2094 2096 1980 
1979 1981 2095 2095 1981 2097 1980 2096 1982 
2096 2098 1982 1981 1983 2097 2097 1983 2099 
1982 2098 1984 2098 2100 1984 1983 1985 2099 
2099 1985 2101 1984 2100 2102 1986 1984 2102 
2102 1988 1986 2104 1988 2102 1987 2105 2103 
1989 2105 1987 2101 1985 1987 2103 2101 1987 
1988 2104 1990 2104 2106 1990 1989 1991 2105 
2105 1991 2107 1990 2106 2108 1992 1990 2108 
2108 1994 1992 2110 1994 2108 1993 2111 2109 
1995 2111 1993 2107 1991 1993 2109 2107 1993 
1994 2110 2112 1996 1994 2112 2112 1998 1996 
2114 1998 2112 1997 2115 2113 1999 2115 1997 
2111 1995 1997 2113 2111 1997 1998 2114 2000 
2114 2116 2000 1999 2001 2115 2115 2001 2117 
2000 2116 2118 2002 2000 2118 2118 2004 2002 
2120 2004 2118 2003 2121 2119 2005 2121 2003 
2117 2001 2003 2119 2117 2003 2004 2120 2122 
2006 2004 2122 2007 2006 2123 2006 2122 2123 
2123 2010 2007 2126 2010 2123 2008 2127 2124 
2011 2127 2008 2009 2008 2125 2008 2124 2125 
2121 2005 2009 2125 2121 2009 2010 2126 2128 
2012 2010 2128 2128 2014 2012 2130 2014 2128 
2013 2131 2129 2015 2131 2013 2127 2011 2013 
2129 2127 2013 2014 2130 2132 2016 2014 2132 
2017 2016 2133 2016 2132 2133 2133 2020 2017 
2136 2020 2133 2018 2137 2134 2021 2137 2018 
2019 2018 2135 2018 2134 2135 2131 2015 2019 
2135 2131 2019 2020 2136 2138 2022 2020 2138 
2023 2022 2139 2022 2138 2139 2024 2023 2140 
2023 2139 2140 2025 2024 2141 2024 2140 2141 
2026 2025 2142 2025 2141 2142 2027 2026 2143 
2026 2142 2143 2028 2027 2144 2027 2143 2144 
2029 2028 2145 2028 2144 2145 2030 2029 2146 
2029 2145 2146 2031 2030 2147 2030 2146 2147 
2032 2031 2148 2031 2147 2148 2137 2021 2032 
2148 2137 2032 2033 2149 2160 2044 2033 2160 
2034 2150 2033 2033 2150 2149 2035 2151 2034 
2034 2151 2150 2036 2152 2035 2035 2152 2151 
2037 2153 2036 2036 2153 2152 2038 2154 2037 
2037 2154 2153 2039 2155 2038 2038 2155 2154 
2040 2156 2039 2039 2156 2155 2041 2157 2040 
2040 2157 2156 2042 2158 2041 2041 2158 2157 
2043 2159 2042 2042 2159 2158 2159 2043 2045 
2161 2159 2045 2046 2162 2168 2050 2046 2168 
2047 2163 2046 2046 2163 2162 2160 2047 2044 
2163 2047 2160 2045 2164 2161 2048 2164 2045 
2049 2165 2048 2048 2165 2164 2165 2049 2051 
2169 2165 2051 2052 2170 2172 2054 2052 2172 
2168 2052 2050 2170 2052 2168 2051 2171 2169 
2053 2171 2051 2171 2053 2055 2173 2171 2055 
2056 2174 2178 2060 2056 2178 2057 2175 2056 
2056 2175 2174 2172 2057 2054 2175 2057 2172 
2055 2176 2173 2058 2176 2055 2059 2177 2058 
2058 2177 2176 2177 2059 2061 2179 2177 2061 
2062 2180 2184 2064 2062 2184 2178 2062 2060 
2180 2062 2178 2061 2181 2179 2063 2181 2061 
2181 2063 2065 2185 2181 2065 2064 2184 2066 
2184 2188 2066 2065 2067 2185 2185 2067 2189 
2068 2190 2192 2070 2068 2192 2188 2068 2066 
2190 2068 2188 2067 2191 2189 2069 2191 2067 
2191 2069 2071 2193 2191 2071 2072 2194 2196 
2074 2072 2196 2192 2072 2070 2194 2072 2192 
2071 2195 2193 2073 2195 2071 2195 2073 2075 
2197 2195 2075 2074 2196 2076 2196 2198 2076 
2075 2077 2197 2197 2077 2199 2078 2200 2202 
2080 2078 2202 2198 2078 2076 2200 2078 2198 
2077 2201 2199 2079 2201 2077 2201 2079 2081 
2203 2201 2081 2080 2202 2082 2202 2206 2082 
2081 2083 2203 2203 2083 2207 2082 2206 2084 
2206 2208 2084 2083 2085 2207 2207 2085 2209 
2084 2208 2086 2208 2210 2086 2085 2087 2209 
2209 2087 2211 2086 2210 2088 2210 2212 2088 
2087 2089 2211 2211 2089 2213 2088 2212 2090 
2212 2214 2090 2089 2091 2213 2213 2091 2215 
2090 2214 2092 2214 2216 2092 2091 2093 2215 
2215 2093 2217 2092 2216 2094 2216 2218 2094 
2093 2095 2217 2217 2095 2219 2094 2218 2096 
2218 2220 2096 2095 2097 2219 2219 2097 2221 
2096 2220 2098 2220 2222 2098 2097 2099 2221 
2221 2099 2223 2098 2222 2100 2222 2224 2100 
2099 2101 2223 2223 2101 2225 2100 2224 2226 
2102 2100 2226 2226 2104 2102 2230 2104 2226 
2103 2231 2227 2105 2231 2103 2225 2101 2103 
2227 2225 2103 2104 2230 2106 2230 2232 2106 
2105 2107 2231 2231 2107 2233 2106 2232 2234 
2108 2106 2234 2234 2110 2108 2236 2110 2234 
2109 2237 2235 2111 2237 2109 2233 2107 2109 
2235 2233 2109 2110 2236 2238 2112 2110 2238 
2238 2114 2112 2240 2114 2238 2113 2241 2239 
2115 2241 2113 2237 2111 2113 2239 2237 2113 
2114 2240 2116 2240 2242 2116 2115 2117 2241 
2241 2117 2243 2116 2242 2244 2118 2116 2244 
2244 2120 2118 2248 2120 2244 2119 2249 2245 
2121 2249 2119 2243 2117 2119 2245 2243 2119 
2120 2248 2250 2122 2120 2250 2123 2122 2251 
2122 2250 2251 2251 2126 2123 2256 2126 2251 
2124 2257 2252 2127 2257 2124 2125 2124 2253 
2124 2252 2253 2249 2121 2125 2253 2249 2125 
2126 2256 2258 2128 2126 2258 2258 2130 2128 
2260 2130 2258 2129 2261 2259 2131 2261 2129 
2257 2127 2129 2259 2257 2129 2130 2260 2262 
2132 2130 2262 2133 2132 2263 2132 2262 2263 
2263 2136 2133 2266 2136 2263 2134 2267 2264 
2137 2267 2134 2135 2134 2265 2134 2264 2265 
2261 2131 2135 2265 2261 2135 2136 2266 2268 
2138 2136 2268 2139 2138 2269 2138 2268 2269 
2140 2139 2270 2139 2269 2270 2141 2140 2271 
2140 2270 2271 2142 2141 2272 2141 2271 2272 
2143 2142 2273 2142 2272 2273 2144 2143 2274 
2143 2273 2274 2145 2144 2275 2144 2274 2275 
2146 2145 2276 2145 2275 2276 2147 2146 2277 
2146 2276 2277 2148 2147 2278 2147 2277 2278 
2267 2137 2148 2278 2267 2148 2149 2166 2160 
2290 2166 2149 2290 2149 2281 2281 2149 2150 
2151 2282 2150 2150 2282 2281 2152 2283 2151 
2151 2283 2282 2153 2284 2152 2152 2284 2283 
2154 2285 2153 2153 2285 2284 2155 2286 2154 
2154 2286 2285 2156 2287 2155 2155 2287 2286 
2157 2288 2156 2156 2288 2287 2158 2289 2157 
2157 2289 2288 2167 2291 2289 2167 2289 2159 
2159 2289 2158 2159 2161 2167 2162 2292 2298 
2168 2162 2298 2163 2293 2162 2162 2293 2292 
2166 2163 2160 2166 2294 2163 2294 2293 2163 
2290 2294 2166 2167 2295 2291 2161 2295 2167 
2161 2164 2295 2164 2296 2295 2165 2297 2164 
2164 2297 2296 2297 2165 2169 2299 2297 2169 
2170 2300 2304 2172 2170 2304 2298 2170 2168 
2300 2170 2298 2169 2301 2299 2171 2301 2169 
2301 2171 2173 2305 2301 2173 2174 2182 2178 
2308 2182 2174 2308 2174 2306 2306 2174 2175 
2304 2175 2172 2306 2175 2304 2173 2307 2305 
2176 2307 2173 2183 2309 2307 2183 2307 2177 
2177 2307 2176 2177 2179 2183 2180 2186 2184 
2180 2312 2186 2178 2312 2180 2178 2310 2312 
2178 2182 2310 2308 2310 2182 2183 2311 2309 
2187 2313 2311 2181 2187 2311 2181 2311 2183 
2181 2183 2179 2181 2185 2187 2186 2314 2316 
2186 2316 2184 2184 2316 2188 2312 2314 2186 
2187 2315 2313 2315 2187 2185 2315 2185 2317 
2317 2185 2189 2190 2318 2320 2192 2190 2320 
2316 2190 2188 2318 2190 2316 2189 2319 2317 
2191 2319 2189 2319 2191 2193 2321 2319 2193 
2194 2322 2324 2196 2194 2324 2320 2194 2192 
2322 2194 2320 2193 2323 2321 2195 2323 2193 
2323 2195 2197 2325 2323 2197 2196 2324 2198 
2324 2328 2198 2197 2199 2325 2325 2199 2329 
2200 2204 2202 2200 2330 2204 2200 2198 2330 
2198 2328 2330 2205 2199 2201 2205 2331 2199 
2331 2329 2199 2201 2203 2205 2204 2332 2334 
2204 2334 2202 2202 2334 2206 2330 2332 2204 
2205 2333 2331 2333 2205 2203 2333 2203 2335 
2335 2203 2207 2206 2334 2208 2334 2336 2208 
2207 2209 2335 2335 2209 2337 2208 2336 2210 
2336 2338 2210 2209 2211 2337 2337 2211 2339 
2210 2338 2212 2338 2340 2212 2211 2213 2339 
2339 2213 2341 2212 2340 2214 2340 2342 2214 
2213 2215 2341 2341 2215 2343 2214 2342 2216 
2342 2344 2216 2215 2217 2343 2343 2217 2345 
2216 2344 2218 2344 2346 2218 2217 2219 2345 
2345 2219 2347 2218 2346 2220 2346 2348 2220 
2219 2221 2347 2347 2221 2349 2220 2348 2222 
2348 2350 2222 2221 2223 2349 2349 2223 2351 
2352 2228 2224 2352 2224 2350 2350 2224 2222 
2352 2354 2228 2229 2355 2353 2229 2353 2351 
2229 2351 2225 2225 2351 2223 2224 2228 2226 
2228 2230 2226 2228 2354 2230 2354 2356 2230 
2227 2355 2229 2227 2231 2355 2231 2357 2355 
2225 2227 2229 2230 2356 2232 2356 2358 2232 
2231 2233 2357 2357 2233 2359 2232 2358 2360 
2234 2232 2360 2360 2236 2234 2364 2236 2360 
2235 2365 2361 2237 2365 2235 2359 2233 2235 
2361 2359 2235 2236 2364 2366 2238 2236 2366 
2366 2240 2238 2368 2240 2366 2239 2369 2367 
2241 2369 2239 2365 2237 2239 2367 2365 2239 
2370 2246 2242 2370 2242 2368 2368 2242 2240 
2370 2372 2246 2247 2373 2371 2247 2371 2369 
2247 2369 2243 2243 2369 2241 2242 2246 2244 
2248 2374 2254 2244 2374 2248 2244 2372 2374 
2244 2246 2372 2374 2376 2254 2255 2377 2375 
2373 2255 2375 2247 2255 2373 2247 2249 2255 
2247 2245 2249 2243 2245 2247 2248 2254 2250 
2254 2376 2378 2254 2378 2250 2250 2378 2251 
2378 2256 2251 2380 2256 2378 2252 2381 2379 
2257 2381 2252 2377 2255 2253 2377 2253 2379 
2379 2253 2252 2249 2253 2255 2256 2380 2382 
2258 2256 2382 2382 2260 2258 2384 2260 2382 
2259 2385 2383 2261 2385 2259 2381 2257 2259 
2383 2381 2259 2260 2384 2386 2262 2260 2386 
2263 2262 2387 2262 2386 2387 2266 2388 2279 
2266 2263 2388 2263 2387 2388 2388 2394 2279 
2280 2395 2389 2280 2264 2267 2280 2389 2264 
2389 2390 2264 2265 2264 2391 2264 2390 2391 
2385 2261 2265 2391 2385 2265 2266 2279 2268 
2279 2394 2396 2279 2396 2268 2268 2396 2269 
2270 2269 2397 2269 2396 2397 2271 2270 2398 
2270 2397 2398 2272 2271 2399 2271 2398 2399 
2273 2272 2400 2272 2399 2400 2274 2273 2401 
2273 2400 2401 2275 2274 2402 2274 2401 2402 
2276 2275 2403 2275 2402 2403 2277 2276 2404 
2276 2403 2404 2395 2280 2278 2395 2278 2404 
2404 2278 2277 2267 2278 2280 2281 2405 2414 
2290 2281 2414 2282 2406 2281 2281 2406 2405 
2283 2407 2282 2282 2407 2406 2284 2408 2283 
2283 2408 2407 2285 2409 2284 2284 2409 2408 
2286 2410 2285 2285 2410 2409 2287 2411 2286 
2286 2411 2410 2288 2412 2287 2287 2412 2411 
2289 2413 2288 2288 2413 2412 2413 2289 2291 
2415 2413 2291 2292 2302 2298 2422 2302 2292 
2422 2292 2416 2416 2292 2293 2294 2417 2293 
2293 2417 2416 2414 2294 2290 2417 2294 2414 
2291 2418 2415 2295 2418 2291 2296 2419 2295 
2295 2419 2418 2303 2423 2419 2303 2419 2297 
2297 2419 2296 2297 2299 2303 2300 2424 2428 
2304 2300 2428 2302 2300 2298 2302 2425 2300 
2425 2424 2300 2422 2425 2302 2303 2426 2423 
2299 2426 2303 2299 2301 2426 2301 2427 2426 
2427 2301 2305 2429 2427 2305 2306 2430 2434 
2308 2306 2434 2428 2306 2304 2430 2306 2428 
2305 2431 2429 2307 2431 2305 2431 2307 2309 
2435 2431 2309 2310 2436 2438 2312 2310 2438 
2434 2310 2308 2436 2310 2434 2309 2437 2435 
2311 2437 2309 2437 2311 2313 2439 2437 2313 
2314 2440 2442 2316 2314 2442 2438 2314 2312 
2440 2314 2438 2313 2441 2439 2315 2441 2313 
2441 2315 2317 2443 2441 2317 2318 2444 2446 
2320 2318 2446 2442 2318 2316 2444 2318 2442 
2317 2445 2443 2319 2445 2317 2445 2319 2321 
2447 2445 2321 2322 2326 2324 2322 2450 2326 
2322 2320 2450 2320 2446 2450 2327 2321 2323 
2327 2451 2321 2451 2447 2321 2323 2325 2327 
2326 2452 2454 2326 2454 2324 2324 2454 2328 
2450 2452 2326 2327 2453 2451 2453 2327 2325 
2453 2325 2455 2455 2325 2329 2328 2454 2330 
2454 2456 2330 2329 2331 2455 2455 2331 2457 
2332 2458 2460 2334 2332 2460 2456 2332 2330 
2458 2332 2456 2331 2459 2457 2333 2459 2331 
2459 2333 2335 2461 2459 2335 2334 2460 2336 
2460 2464 2336 2335 2337 2461 2461 2337 2465 
2336 2464 2338 2464 2466 2338 2337 2339 2465 
2465 2339 2467 2338 2466 2340 2466 2468 2340 
2339 2341 2467 2467 2341 2469 2340 2468 2342 
2468 2470 2342 2341 2343 2469 2469 2343 2471 
2342 2470 2344 2470 2472 2344 2343 2345 2471 
2471 2345 2473 2344 2472 2346 2472 2474 2346 
2345 2347 2473 2473 2347 2475 2346 2474 2348 
2474 2476 2348 2347 2349 2475 2475 2349 2477 
2348 2476 2350 2476 2478 2350 2349 2351 2477 
2477 2351 2479 2350 2478 2480 2352 2350 2480 
2480 2354 2352 2484 2354 2480 2353 2485 2481 
2355 2485 2353 2479 2351 2353 2481 2479 2353 
2354 2484 2356 2484 2486 2356 2355 2357 2485 
2485 2357 2487 2488 2362 2358 2488 2358 2486 
2486 2358 2356 2488 2490 2362 2363 2491 2489 
2363 2489 2487 2363 2487 2359 2359 2487 2357 
2358 2362 2360 2362 2364 2360 2362 2490 2364 
2490 2492 2364 2361 2491 2363 2361 2365 2491 
2365 2493 2491 2359 2361 2363 2364 2492 2494 
2366 2364 2494 2494 2368 2366 2498 2368 2494 
2367 2499 2495 2369 2499 2367 2493 2365 2367 
2495 2493 2367 2368 2498 2500 2370 2368 2500 
2500 2372 2370 2502 2372 2500 2371 2503 2501 
2373 2503 2371 2499 2369 2371 2501 2499 2371 
2372 2502 2504 2374 2372 2504 2504 2376 2374 
2506 2376 2504 2375 2507 2505 2377 2507 2375 
2503 2373 2375 2505 2503 2375 2376 2506 2508 
2378 2376 2508 2508 2380 2378 2510 2380 2508 
2379 2511 2509 2381 2511 2379 2507 2377 2379 
2509 2507 2379 2380 2510 2512 2382 2380 2512 
2384 2513 2392 2384 2382 2513 2382 2512 2513 
2513 2518 2392 2393 2519 2514 2393 2383 2385 
2393 2514 2383 2514 2515 2383 2511 2381 2383 
2515 2511 2383 2384 2392 2386 2392 2518 2520 
2392 2520 2386 2386 2520 2387 2388 2387 2521 
2387 2520 2521 2521 2394 2388 2524 2394 2521 
2389 2525 2522 2395 2525 2389 2390 2389 2523 
2389 2522 2523 2519 2393 2391 2519 2391 2523 
2523 2391 2390 2385 2391 2393 2394 2524 2526 
2396 2394 2526 2397 2396 2527 2396 2526 2527 
2398 2397 2528 2397 2527 2528 2399 2398 2529 
2398 2528 2529 2400 2399 2530 2399 2529 2530 
2401 2400 2531 2400 2530 2531 2402 2401 2532 
2401 2531 2532 2403 2402 2533 2402 2532 2533 
2404 2403 2534 2403 2533 2534 2525 2395 2404 
2534 2525 2404 2405 2420 2414 2544 2420 2405 
2544 2405 2537 2537 2405 2406 2407 2538 2406 
2406 2538 2537 2408 2539 2407 2407 2539 2538 
2409 2540 2408 2408 2540 2539 2410 2541 2409 
2409 2541 2540 2411 2542 2410 2410 2542 2541 
2412 2543 2411 2411 2543 2542 2421 2545 2543 
2421 2543 2413 2413 2543 2412 2413 2415 2421 
2416 2546 2556 2422 2416 2556 2417 2547 2416 
2416 2547 2546 2420 2417 2414 2420 2548 2417 
2548 2547 2417 2544 2548 2420 2421 2549 2545 
2415 2549 2421 2415 2418 2549 2418 2550 2549 
2419 2551 2418 2418 2551 2550 2551 2419 2423 
2557 2551 2423 2424 2432 2428 2562 2432 2424 
2562 2424 2558 2558 2424 2425 2556 2425 2422 
2558 2425 2556 2423 2559 2557 2426 2559 2423 
2433 2563 2559 2433 2559 2427 2427 2559 2426 
2427 2429 2433 2430 2564 2568 2434 2430 2568 
2432 2430 2428 2432 2565 2430 2565 2564 2430 
2562 2565 2432 2433 2566 2563 2429 2566 2433 
2429 2431 2566 2431 2567 2566 2567 2431 2435 
2569 2567 2435 2436 2570 2574 2438 2436 2574 
2568 2436 2434 2570 2436 2568 2435 2571 2569 
2437 2571 2435 2571 2437 2439 2575 2571 2439 
2440 2576 2580 2442 2440 2580 2574 2440 2438 
2576 2440 2574 2439 2577 2575 2441 2577 2439 
2577 2441 2443 2581 2577 2443 2444 2448 2446 
2444 2584 2448 2444 2442 2584 2442 2580 2584 
2449 2443 2445 2449 2585 2443 2585 2581 2443 
2445 2447 2449 2448 2586 2588 2448 2588 2446 
2446 2588 2450 2584 2586 2448 2449 2587 2585 
2587 2449 2447 2587 2447 2589 2589 2447 2451 
2452 2590 2592 2454 2452 2592 2588 2452 2450 
2590 2452 2588 2451 2591 2589 2453 2591 2451 
2591 2453 2455 2593 2591 2455 2454 2592 2456 
2592 2596 2456 2455 2457 2593 2593 2457 2597 
2458 2462 2460 2458 2598 2462 2458 2456 2598 
2456 2596 2598 2463 2457 2459 2463 2599 2457 
2599 2597 2457 2459 2461 2463 2462 2600 2602 
2462 2602 2460 2460 2602 2464 2598 2600 2462 
2463 2601 2599 2601 2463 2461 2601 2461 2603 
2603 2461 2465 2464 2602 2466 2602 2606 2466 
2465 2467 2603 2603 2467 2607 2466 2606 2468 
2606 2610 2468 2467 2469 2607 2607 2469 2611 
2468 2610 2470 2610 2612 2470 2469 2471 2611 
2611 2471 2613 2470 2612 2472 2612 2614 2472 
2471 2473 2613 2613 2473 2615 2472 2614 2474 
2614 2616 2474 2473 2475 2615 2615 2475 2617 
2474 2616 2476 2616 2620 2476 2475 2477 2617 
2617 2477 2621 2622 2482 2478 2622 2478 2620 
2620 2478 2476 2622 2626 2482 2483 2627 2623 
2483 2623 2621 2483 2621 2479 2479 2621 2477 
2478 2482 2480 2482 2484 2480 2482 2626 2484 
2626 2628 2484 2481 2627 2483 2481 2485 2627 
2485 2629 2627 2479 2481 2483 2484 2628 2486 
2628 2630 2486 2485 2487 2629 2629 2487 2631 
2486 2630 2632 2488 2486 2632 2632 2490 2488 
2636 2490 2632 2489 2637 2633 2491 2637 2489 
2631 2487 2489 2633 2631 2489 2638 2496 2492 
2638 2492 2636 2636 2492 2490 2638 2640 2496 
2497 2641 2639 2497 2639 2637 2497 2637 2493 
2493 2637 2491 2492 2496 2494 2496 2498 2494 
2496 2640 2498 2640 2642 2498 2495 2641 2497 
2495 2499 2641 2499 2643 2641 2493 2495 2497 
2498 2642 2644 2500 2498 2644 2644 2502 2500 
2648 2502 2644 2501 2649 2645 2503 2649 2501 
2643 2499 2501 2645 2643 2501 2502 2648 2650 
2504 2502 2650 2650 2506 2504 2654 2506 2650 
2505 2655 2651 2507 2655 2505 2649 2503 2505 
2651 2649 2505 2506 2654 2656 2508 2506 2656 
2510 2657 2516 2510 2508 2657 2508 2656 2657 
2657 2662 2516 2517 2663 2658 2517 2509 2511 
2517 2658 2509 2658 2659 2509 2655 2507 2509 
2659 2655 2509 2510 2516 2512 2516 2662 2664 
2516 2664 2512 2512 2664 2513 2664 2518 2513 
2666 2518 2664 2514 2667 2665 2519 2667 2514 
2663 2517 2515 2663 2515 2665 2665 2515 2514 
2511 2515 2517 2518 2666 2668 2520 2518 2668 
2521 2520 2669 2520 2668 2669 2524 2670 2535 
2524 2521 2670 2521 2669 2670 2670 2676 2535 
2536 2677 2671 2536 2522 2525 2536 2671 2522 
2671 2672 2522 2523 2522 2673 2522 2672 2673 
2667 2519 2523 2673 2667 2523 2524 2535 2526 
2535 2676 2678 2535 2678 2526 2526 2678 2527 
2528 2527 2679 2527 2678 2679 2529 2528 2680 
2528 2679 2680 2530 2529 2681 2529 2680 2681 
2531 2530 2682 2530 2681 2682 2532 2531 2683 
2531 2682 2683 2533 2532 2684 2532 2683 2684 
2677 2536 2534 2677 2534 2684 2684 2534 2533 
2525 2534 2536 2537 2552 2544 2537 2538 2553 
2552 2537 2553 2692 2553 2538 2692 2538 2689 
2689 2538 2539 2540 2690 2539 2539 2690 2689 
2541 2691 2540 2540 2691 2690 2554 2693 2691 
2554 2691 2542 2542 2691 2541 2542 2543 2555 
2554 2542 2555 2543 2545 2555 2546 2560 2556 
2705 2560 2546 2705 2546 2694 2694 2546 2547 
2548 2695 2547 2547 2695 2694 2552 2548 2544 
2552 2696 2548 2696 2695 2548 2553 2696 2552 
2697 2696 2553 2692 2697 2553 2554 2698 2693 
2555 2698 2554 2699 2698 2555 2545 2699 2555 
2545 2549 2699 2549 2700 2699 2550 2701 2549 
2549 2701 2700 2561 2706 2701 2561 2701 2551 
2551 2701 2550 2551 2557 2561 2558 2707 2713 
2562 2558 2713 2560 2558 2556 2560 2708 2558 
2708 2707 2558 2705 2708 2560 2561 2709 2706 
2557 2709 2561 2557 2559 2709 2559 2710 2709 
2710 2559 2563 2714 2710 2563 2564 2572 2568 
2719 2572 2564 2719 2564 2715 2715 2564 2565 
2713 2565 2562 2715 2565 2713 2563 2716 2714 
2566 2716 2563 2573 2720 2716 2573 2716 2567 
2567 2716 2566 2567 2569 2573 2570 2578 2574 
2570 2723 2578 2568 2723 2570 2568 2721 2723 
2568 2572 2721 2719 2721 2572 2573 2722 2720 
2579 2724 2722 2571 2579 2722 2571 2722 2573 
2571 2573 2569 2571 2575 2579 2576 2582 2580 
2576 2727 2582 2574 2727 2576 2574 2725 2727 
2574 2578 2725 2723 2725 2578 2579 2726 2724 
2583 2728 2726 2577 2583 2726 2577 2726 2579 
2577 2579 2575 2577 2581 2583 2582 2729 2731 
2582 2731 2580 2580 2731 2584 2727 2729 2582 
2583 2730 2728 2730 2583 2581 2730 2581 2732 
2732 2581 2585 2586 2733 2735 2588 2586 2735 
2731 2586 2584 2733 2586 2731 2585 2734 2732 
2587 2734 2585 2734 2587 2589 2736 2734 2589 
2590 2594 2592 2590 2739 2594 2590 2588 2739 
2588 2735 2739 2595 2589 2591 2595 2740 2589 
2740 2736 2589 2591 2593 2595 2594 2741 2743 
2594 2743 2592 2592 2743 2596 2739 2741 2594 
2595 2742 2740 2742 2595 2593 2742 2593 2744 
2744 2593 2597 2596 2743 2598 2743 2747 2598 
2597 2599 2744 2744 2599 2748 2600 2604 2602 
2600 2749 2604 2600 2598 2749 2598 2747 2749 
2605 2599 2601 2605 2750 2599 2750 2748 2599 
2601 2603 2605 2604 2608 2606 2602 2604 2606 
2751 2604 2749 2608 2604 2751 2609 2750 2605 
2752 2750 2609 2603 2607 2609 2605 2603 2609 
2608 2753 2755 2608 2755 2606 2606 2755 2610 
2751 2753 2608 2609 2754 2752 2754 2609 2607 
2754 2607 2756 2756 2607 2611 2610 2755 2612 
2755 2759 2612 2611 2613 2756 2756 2613 2760 
2612 2759 2614 2759 2763 2614 2613 2615 2760 
2760 2615 2764 2765 2618 2616 2765 2616 2763 
2763 2616 2614 2765 2769 2618 2619 2770 2766 
2619 2766 2764 2619 2764 2617 2617 2764 2615 
2618 2624 2620 2616 2618 2620 2771 2618 2769 
2624 2618 2771 2625 2770 2619 2772 2770 2625 
2617 2621 2625 2619 2617 2625 2620 2624 2622 
2624 2626 2622 2624 2771 2626 2771 2773 2626 
2623 2772 2625 2623 2627 2772 2627 2774 2772 
2621 2623 2625 2626 2773 2628 2773 2775 2628 
2627 2629 2774 2774 2629 2776 2777 2634 2630 
2777 2630 2775 2775 2630 2628 2777 2781 2634 
2635 2782 2778 2635 2778 2776 2635 2776 2631 
2631 2776 2629 2630 2634 2632 2634 2636 2632 
2634 2781 2636 2781 2783 2636 2633 2782 2635 
2633 2637 2782 2637 2784 2782 2631 2633 2635 
2636 2783 2785 2638 2636 2785 2785 2640 2638 
2789 2640 2785 2639 2790 2786 2641 2790 2639 
2784 2637 2639 2786 2784 2639 2791 2646 2642 
2791 2642 2789 2789 2642 2640 2791 2793 2646 
2647 2794 2792 2647 2792 2790 2647 2790 2643 
2643 2790 2641 2642 2646 2644 2648 2795 2652 
2644 2795 2648 2644 2793 2795 2644 2646 2793 
2795 2797 2652 2653 2798 2796 2794 2653 2796 
2647 2653 2794 2647 2649 2653 2647 2645 2649 
2643 2645 2647 2648 2652 2650 2654 2799 2660 
2650 2799 2654 2650 2797 2799 2650 2652 2797 
2799 2801 2660 2661 2802 2800 2798 2661 2800 
2653 2661 2798 2653 2655 2661 2653 2651 2655 
2649 2651 2653 2654 2660 2656 2660 2801 2803 
2660 2803 2656 2656 2803 2657 2803 2662 2657 
2805 2662 2803 2658 2806 2804 2663 2806 2658 
2802 2661 2659 2802 2659 2804 2804 2659 2658 
2655 2659 2661 2662 2805 2807 2664 2662 2807 
2666 2808 2674 2666 2664 2808 2664 2807 2808 
2808 2813 2674 2675 2814 2809 2675 2665 2667 
2675 2809 2665 2809 2810 2665 2806 2663 2665 
2810 2806 2665 2666 2674 2668 2674 2813 2815 
2674 2815 2668 2668 2815 2669 2670 2669 2816 
2669 2815 2816 2676 2817 2685 2676 2670 2817 
2670 2816 2817 2685 2818 2686 2817 2818 2685 
2818 2825 2686 2687 2826 2819 2687 2820 2688 
2819 2820 2687 2688 2671 2677 2688 2820 2671 
2820 2821 2671 2672 2671 2822 2671 2821 2822 
2814 2675 2673 2814 2673 2822 2822 2673 2672 
2667 2673 2675 2676 2685 2678 2679 2678 2685 
2686 2679 2685 2686 2825 2827 2686 2827 2679 
2679 2827 2680 2681 2680 2828 2680 2827 2828 
2682 2681 2829 2681 2828 2829 2826 2687 2683 
2826 2683 2829 2829 2683 2682 2684 2683 2687 
2688 2684 2687 2677 2684 2688 2689 2702 2692 
2689 2690 2703 2702 2689 2703 2690 2691 2704 
2703 2690 2704 2691 2693 2704 2694 2711 2705 
2842 2711 2694 2842 2694 2833 2833 2694 2695 
2696 2834 2695 2695 2834 2833 2697 2835 2696 
2696 2835 2834 2702 2697 2692 2702 2836 2697 
2836 2835 2697 2703 2836 2702 2837 2836 2703 
2704 2837 2703 2838 2837 2704 2693 2838 2704 
2693 2698 2838 2698 2839 2838 2699 2840 2698 
2698 2840 2839 2700 2841 2699 2699 2841 2840 
2712 2843 2841 2712 2841 2701 2701 2841 2700 
2701 2706 2712 2707 2717 2713 2852 2717 2707 
2852 2707 2844 2844 2707 2708 2711 2708 2705 
2711 2845 2708 2845 2844 2708 2842 2845 2711 
2712 2846 2843 2706 2846 2712 2706 2709 2846 
2709 2847 2846 2718 2853 2847 2718 2847 2710 
2710 2847 2709 2710 2714 2718 2715 2854 2860 
2719 2715 2860 2717 2715 2713 2717 2855 2715 
2855 2854 2715 2852 2855 2717 2718 2856 2853 
2714 2856 2718 2714 2716 2856 2716 2857 2856 
2857 2716 2720 2861 2857 2720 2721 2862 2866 
2723 2721 2866 2860 2721 2719 2862 2721 2860 
2720 2863 2861 2722 2863 2720 2863 2722 2724 
2867 2863 2724 2725 2868 2872 2727 2725 2872 
2866 2725 2723 2868 2725 2866 2724 2869 2867 
2726 2869 2724 2869 2726 2728 2873 2869 2728 
2729 2874 2878 2731 2729 2878 2872 2729 2727 
2874 2729 2872 2728 2875 2873 2730 2875 2728 
2875 2730 2732 2879 2875 2732 2733 2737 2735 
2733 2882 2737 2733 2731 2882 2731 2878 2882 
2738 2732 2734 2738 2883 2732 2883 2879 2732 
2734 2736 2738 2737 2884 2886 2737 2886 2735 
2735 2886 2739 2882 2884 2737 2738 2885 2883 
2885 2738 2736 2885 2736 2887 2887 2736 2740 
2741 2745 2743 2741 2890 2745 2741 2739 2890 
2739 2886 2890 2746 2740 2742 2746 2891 2740 
2891 2887 2740 2742 2744 2746 2745 2892 2894 
2745 2894 2743 2743 2894 2747 2890 2892 2745 
2746 2893 2891 2893 2746 2744 2893 2744 2895 
2895 2744 2748 2747 2894 2749 2894 2898 2749 
2748 2750 2895 2895 2750 2899 2749 2898 2751 
2898 2902 2751 2750 2752 2899 2899 2752 2903 
2753 2757 2755 2753 2904 2757 2753 2751 2904 
2751 2902 2904 2758 2752 2754 2758 2905 2752 
2905 2903 2752 2754 2756 2758 2757 2761 2759 
2755 2757 2759 2906 2757 2904 2761 2757 2906 
2762 2905 2758 2907 2905 2762 2756 2760 2762 
2758 2756 2762 2761 2767 2763 2759 2761 2763 
2908 2761 2906 2767 2761 2908 2768 2907 2762 
2909 2907 2768 2760 2764 2768 2762 2760 2768 
2763 2767 2765 2767 2769 2765 2767 2908 2769 
2908 2910 2769 2766 2909 2768 2766 2770 2909 
2770 2911 2909 2764 2766 2768 2769 2910 2771 
2910 2912 2771 2770 2772 2911 2911 2772 2913 
2771 2912 2773 2912 2916 2773 2772 2774 2913 
2913 2774 2917 2918 2779 2775 2918 2775 2916 
2916 2775 2773 2918 2922 2779 2780 2923 2919 
2780 2919 2917 2780 2917 2776 2776 2917 2774 
2775 2779 2777 2779 2781 2777 2779 2922 2781 
2922 2924 2781 2778 2923 2780 2778 2782 2923 
2782 2925 2923 2776 2778 2780 2926 2787 2783 
2926 2783 2924 2924 2783 2781 2926 2930 2787 
2788 2931 2927 2788 2927 2925 2788 2925 2784 
2784 2925 2782 2783 2787 2785 2787 2789 2785 
2787 2930 2789 2930 2932 2789 2786 2931 2788 
2786 2790 2931 2790 2933 2931 2784 2786 2788 
2789 2932 2934 2791 2789 2934 2934 2793 2791 
2938 2793 2934 2792 2939 2935 2794 2939 2792 
2933 2790 2792 2935 2933 2792 2793 2938 2940 
2795 2793 2940 2940 2797 2795 2944 2797 2940 
2796 2945 2941 2798 2945 2796 2939 2794 2796 
2941 2939 2796 2797 2944 2946 2799 2797 2946 
2946 2801 2799 2950 2801 2946 2800 2951 2947 
2802 2951 2800 2945 2798 2800 2947 2945 2800 
2801 2950 2952 2803 2801 2952 2805 2953 2811 
2805 2803 2953 2803 2952 2953 2953 2958 2811 
2812 2959 2954 2812 2804 2806 2812 2954 2804 
2954 2955 2804 2951 2802 2804 2955 2951 2804 
2805 2811 2807 2811 2958 2960 2811 2960 2807 
2807 2960 2808 2813 2961 2823 2813 2808 2961 
2808 2960 2961 2961 2966 2823 2824 2967 2962 
2824 2809 2814 2824 2962 2809 2962 2963 2809 
2959 2812 2810 2959 2810 2963 2963 2810 2809 
2806 2810 2812 2813 2823 2815 2823 2966 2968 
2823 2968 2815 2815 2968 2816 2817 2816 2969 
2816 2968 2969 2818 2817 2970 2817 2969 2970 
2825 2971 2830 2825 2818 2971 2818 2970 2971 
2830 2972 2831 2971 2972 2830 2831 2973 2832 
2972 2973 2831 2832 2819 2826 2832 2973 2819 
2973 2974 2819 2820 2819 2975 2819 2974 2975 
2821 2820 2976 2820 2975 2976 2967 2824 2822 
2967 2822 2976 2976 2822 2821 2814 2822 2824 
2825 2830 2827 2828 2827 2830 2831 2828 2830 
2829 2828 2831 2832 2829 2831 2826 2829 2832 
2833 2848 2842 2833 2834 2849 2848 2833 2849 
2986 2849 2834 2986 2834 2981 2981 2834 2835 
2836 2982 2835 2835 2982 2981 2837 2983 2836 
2836 2983 2982 2838 2984 2837 2837 2984 2983 
2839 2985 2838 2838 2985 2984 2850 2987 2985 
2850 2985 2840 2840 2985 2839 2840 2841 2851 
2850 2840 2851 2841 2843 2851 2844 2858 2852 
2999 2858 2844 2999 2844 2988 2988 2844 2845 
2848 2845 2842 2848 2989 2845 2989 2988 2845 
2849 2989 2848 2990 2989 2849 2986 2990 2849 
2850 2991 2987 2851 2991 2850 2992 2991 2851 
2843 2992 2851 2843 2846 2992 2846 2993 2992 
2859 3000 2993 2859 2993 2847 2847 2993 2846 
2847 2853 2859 2854 2864 2860 3009 2864 2854 
3009 2854 3001 3001 2854 2855 2858 2855 2852 
2858 3002 2855 3002 3001 2855 2999 3002 2858 
2859 3003 3000 2853 3003 2859 2853 2856 3003 
2856 3004 3003 2865 3010 3004 2865 3004 2857 
2857 3004 2856 2857 2861 2865 2862 2870 2866 
2862 3015 2870 2860 3015 2862 2860 3011 3015 
2860 2864 3011 3009 3011 2864 2865 3012 3010 
2871 3016 3012 2863 2871 3012 2863 3012 2865 
2863 2865 2861 2863 2867 2871 2868 2876 2872 
2868 3021 2876 2866 3021 2868 2866 3017 3021 
2866 2870 3017 3015 3017 2870 2871 3018 3016 
2877 3022 3018 2869 2877 3018 2869 3018 2871 
2869 2871 2867 2869 2873 2877 2874 2880 2878 
2874 3027 2880 2872 3027 2874 2872 3023 3027 
2872 2876 3023 3021 3023 2876 2877 3024 3022 
2881 3028 3024 2875 2881 3024 2875 3024 2877 
2875 2877 2873 2875 2879 2881 2880 3029 3033 
2880 3033 2878 2878 3033 2882 3027 3029 2880 
2881 3030 3028 3030 2881 2879 3030 2879 3034 
3034 2879 2883 2884 2888 2886 2884 3037 2888 
2884 2882 3037 2882 3033 3037 2889 2883 2885 
2889 3038 2883 3038 3034 2883 2885 2887 2889 
2888 3039 3041 2888 3041 2886 2886 3041 2890 
3037 3039 2888 2889 3040 3038 3040 2889 2887 
3040 2887 3042 3042 2887 2891 2892 2896 2894 
2892 3045 2896 2892 2890 3045 2890 3041 3045 
2897 2891 2893 2897 3046 2891 3046 3042 2891 
2893 2895 2897 2896 2900 2898 2894 2896 2898 
3049 2896 3045 2900 2896 3049 2901 3046 2897 
3050 3046 2901 2895 2899 2901 2897 2895 2901 
2900 3051 3053 2900 3053 2898 2898 3053 2902 
3049 3051 2900 2901 3052 3050 3052 2901 2899 
3052 2899 3054 3054 2899 2903 2902 3053 2904 
3053 3057 2904 2903 2905 3054 3054 2905 3058 
2904 3057 2906 3057 3061 2906 2905 2907 3058 
3058 2907 3062 2906 3061 2908 3061 3065 2908 
2907 2909 3062 3062 2909 3066 2908 3065 2910 
3065 3069 2910 2909 2911 3066 3066 2911 3070 
3071 2914 2912 3071 2912 3069 3069 2912 2910 
3071 3075 2914 2915 3076 3072 2915 3072 3070 
2915 3070 2913 2913 3070 2911 2914 2920 2916 
2912 2914 2916 3077 2914 3075 2920 2914 3077 
2921 3076 2915 3078 3076 2921 2913 2917 2921 
2915 2913 2921 2916 2920 2918 2920 2922 2918 
2920 3077 2922 3077 3081 2922 2919 3078 2921 
2919 2923 3078 2923 3082 3078 2917 2919 2921 
3083 2928 2924 3083 2924 3081 3081 2924 2922 
3083 3087 2928 2929 3088 3084 2929 3084 3082 
2929 3082 2925 2925 3082 2923 2924 2928 2926 
2928 2930 2926 2928 3087 2930 3087 3089 2930 
2927 3088 2929 2927 2931 3088 2931 3090 3088 
2925 2927 2929 3091 2936 2932 3091 2932 3089 
3089 2932 2930 3091 3095 2936 2937 3096 3092 
2937 3092 3090 2937 3090 2933 2933 3090 2931 
2932 2936 2934 2938 3097 2942 2934 3097 2938 
2934 3095 3097 2934 2936 3095 3097 3101 2942 
2943 3102 3098 3096 2943 3098 2937 2943 3096 
2937 2939 2943 2937 2935 2939 2933 2935 2937 
2938 2942 2940 2944 3103 2948 2940 3103 2944 
2940 3101 3103 2940 2942 3101 3103 3107 2948 
2949 3108 3104 3102 2949 3104 2943 2949 3102 
2943 2945 2949 2943 2941 2945 2939 2941 2943 
2944 2948 2946 2950 3109 2956 2946 3109 2950 
2946 3107 3109 2946 2948 3107 3109 3113 2956 
2957 3114 3110 3108 2957 3110 2949 2957 3108 
2949 2951 2957 2949 2947 2951 2945 2947 2949 
2950 2956 2952 2956 3113 3115 2956 3115 2952 
2952 3115 2953 2958 3116 2964 2958 2953 3116 
2953 3115 3116 3116 3121 2964 2965 3122 3117 
2965 2954 2959 2965 3117 2954 3117 3118 2954 
3114 2957 2955 3114 2955 3118 3118 2955 2954 
2951 2955 2957 2958 2964 2960 2964 3121 3123 
2964 3123 2960 2960 3123 2961 2966 3124 2977 
2966 2961 3124 2961 3123 3124 2977 3125 2978 
3124 3125 2977 3125 3133 2978 2979 3134 3126 
2979 3127 2980 3126 3127 2979 2980 2962 2967 
2980 3127 2962 3127 3128 2962 3122 2965 2963 
3122 2963 3128 3128 2963 2962 2959 2963 2965 
2966 2977 2968 2969 2968 2977 2978 2969 2977 
2978 3133 3135 2978 3135 2969 2969 3135 2970 
2971 2970 3136 2970 3135 3136 2972 2971 3137 
2971 3136 3137 2973 2972 3138 2972 3137 3138 
2974 2973 3139 2973 3138 3139 3134 2979 2975 
3134 2975 3139 3139 2975 2974 2976 2975 2979 
2980 2976 2979 2967 2976 2980 2981 2994 2986 
2981 2982 2995 2994 2981 2995 2982 2983 2996 
2995 2982 2996 2983 2984 2997 2996 2983 2997 
2984 2985 2998 2997 2984 2998 2985 2987 2998 
2988 3005 2999 2988 2989 3006 3005 2988 3006 
3152 3006 2989 3152 2989 3145 3145 2989 2990 
2994 2990 2986 2994 3146 2990 3146 3145 2990 
2995 3146 2994 3147 3146 2995 2996 3147 2995 
3148 3147 2996 2997 3148 2996 3149 3148 2997 
2998 3149 2997 3150 3149 2998 2987 3150 2998 
2987 2991 3150 2991 3151 3150 3007 3153 3151 
3007 3151 2992 2992 3151 2991 2992 2993 3008 
3007 2992 3008 2993 3000 3008 3001 3013 3009 
3167 3013 3001 3167 3001 3154 3154 3001 3002 
3005 3002 2999 3005 3155 3002 3155 3154 3002 
3006 3155 3005 3156 3155 3006 3152 3156 3006 
3007 3157 3153 3008 3157 3007 3158 3157 3008 
3000 3158 3008 3000 3003 3158 3003 3159 3158 
3014 3168 3159 3014 3159 3004 3004 3159 3003 
3004 3010 3014 3011 3019 3015 3011 3175 3019 
3009 3175 3011 3009 3169 3175 3009 3013 3169 
3167 3169 3013 3014 3170 3168 3020 3176 3170 
3012 3020 3170 3012 3170 3014 3012 3014 3010 
3012 3016 3020 3017 3025 3021 3017 3181 3025 
3015 3181 3017 3015 3177 3181 3015 3019 3177 
3175 3177 3019 3020 3178 3176 3026 3182 3178 
3018 3026 3178 3018 3178 3020 3018 3020 3016 
3018 3022 3026 3023 3031 3027 3023 3187 3031 
3021 3187 3023 3021 3183 3187 3021 3025 3183 
3181 3183 3025 3026 3184 3182 3032 3188 3184 
3024 3032 3184 3024 3184 3026 3024 3026 3022 
3024 3028 3032 3029 3035 3033 3029 3193 3035 
3027 3193 3029 3027 3189 3193 3027 3031 3189 
3187 3189 3031 3032 3190 3188 3036 3194 3190 
3030 3036 3190 3030 3190 3032 3030 3032 3028 
3030 3034 3036 3035 3195 3199 3035 3199 3033 
3033 3199 3037 3193 3195 3035 3036 3196 3194 
3196 3036 3034 3196 3034 3200 3200 3034 3038 
3039 3043 3041 3039 3203 3043 3039 3037 3203 
3037 3199 3203 3044 3038 3040 3044 3204 3038 
3204 3200 3038 3040 3042 3044 3043 3047 3045 
3041 3043 3045 3207 3043 3203 3047 3043 3207 
3048 3204 3044 3208 3204 3048 3042 3046 3048 
3044 3042 3048 3047 3209 3211 3047 3211 3045 
3045 3211 3049 3207 3209 3047 3048 3210 3208 
3210 3048 3046 3210 3046 3212 3212 3046 3050 
3051 3055 3053 3051 3215 3055 3051 3049 3215 
3049 3211 3215 3056 3050 3052 3056 3216 3050 
3216 3212 3050 3052 3054 3056 3055 3059 3057 
3053 3055 3057 3219 3055 3215 3059 3055 3219 
3060 3216 3056 3220 3216 3060 3054 3058 3060 
3056 3054 3060 3059 3063 3061 3057 3059 3061 
3223 3059 3219 3063 3059 3223 3064 3220 3060 
3224 3220 3064 3058 3062 3064 3060 3058 3064 
3063 3067 3065 3061 3063 3065 3227 3063 3223 
3067 3063 3227 3068 3224 3064 3228 3224 3068 
3062 3066 3068 3064 3062 3068 3067 3073 3069 
3065 3067 3069 3231 3067 3227 3073 3067 3231 
3074 3228 3068 3232 3228 3074 3066 3070 3074 
3068 3066 3074 3069 3073 3071 3073 3075 3071 
3073 3231 3075 3231 3235 3075 3072 3232 3074 
3072 3076 3232 3076 3236 3232 3070 3072 3074 
3237 3079 3077 3237 3077 3235 3235 3077 3075 
3237 3241 3079 3080 3242 3238 3080 3238 3236 
3080 3236 3078 3078 3236 3076 3079 3085 3081 
3077 3079 3081 3243 3079 3241 3085 3079 3243 
3086 3242 3080 3244 3242 3086 3078 3082 3086 
3080 3078 3086 3081 3085 3083 3085 3087 3083 
3085 3243 3087 3243 3247 3087 3084 3244 3086 
3084 3088 3244 3088 3248 3244 3082 3084 3086 
3249 3093 3089 3249 3089 3247 3247 3089 3087 
3249 3253 3093 3094 3254 3250 3094 3250 3248 
3094 3248 3090 3090 3248 3088 3089 3093 3091 
3095 3255 3099 3091 3255 3095 3091 3253 3255 
3091 3093 3253 3255 3259 3099 3100 3260 3256 
3254 3100 3256 3094 3100 3254 3094 3096 3100 
3094 3092 3096 3090 3092 3094 3095 3099 3097 
3101 3261 3105 3097 3261 3101 3097 3259 3261 
3097 3099 3259 3261 3265 3105 3106 3266 3262 
3260 3106 3262 3100 3106 3260 3100 3102 3106 
3100 3098 3102 3096 3098 3100 3101 3105 3103 
3107 3267 3111 3103 3267 3107 3103 3265 3267 
3103 3105 3265 3267 3271 3111 3112 3272 3268 
3266 3112 3268 3106 3112 3266 3106 3108 3112 
3106 3104 3108 3102 3104 3106 3107 3111 3109 
3113 3273 3119 3109 3273 3113 3109 3271 3273 
3109 3111 3271 3273 3277 3119 3120 3278 3274 
3272 3120 3274 3112 3120 3272 3112 3114 3120 
3112 3110 3114 3108 3110 3112 3113 3119 3115 
3119 3277 3279 3119 3279 3115 3115 3279 3116 
3121 3280 3129 3121 3116 3280 3116 3279 3280 
3129 3281 3130 3280 3281 3129 3281 3289 3130 
3131 3290 3282 3131 3283 3132 3282 3283 3131 
3132 3117 3122 3132 3283 3117 3283 3284 3117 
3278 3120 3118 3278 3118 3284 3284 3118 3117 
3114 3118 3120 3121 3129 3123 3124 3123 3129 
3130 3124 3129 3130 3289 3291 3130 3291 3124 
3124 3291 3125 3133 3292 3140 3133 3125 3292 
3125 3291 3292 3140 3293 3141 3292 3293 3140 
3141 3294 3142 3293 3294 3141 3142 3295 3143 
3294 3295 3142 3143 3296 3144 3295 3296 3143 
3144 3126 3134 3144 3296 3126 3296 3297 3126 
3290 3131 3127 3290 3127 3297 3297 3127 3126 
3128 3127 3131 3132 3128 3131 3122 3128 3132 
3133 3140 3135 3136 3135 3140 3141 3136 3140 
3137 3136 3141 3142 3137 3141 3138 3137 3142 
3143 3138 3142 3139 3138 3143 3144 3139 3143 
3134 3139 3144 3145 3160 3152 3145 3146 3161 
3160 3145 3161 3146 3147 3162 3161 3146 3162 
3147 3148 3163 3162 3147 3163 3148 3149 3164 
3163 3148 3164 3149 3150 3165 3164 3149 3165 
3150 3151 3166 3165 3150 3166 3151 3153 3166 
3154 3171 3167 3154 3155 3172 3171 3154 3172 
3314 3172 3155 3314 3155 3305 3305 3155 3156 
3160 3156 3152 3160 3306 3156 3306 3305 3156 
3161 3306 3160 3307 3306 3161 3162 3307 3161 
3308 3307 3162 3163 3308 3162 3309 3308 3163 
3164 3309 3163 3310 3309 3164 3165 3310 3164 
3311 3310 3165 3166 3311 3165 3312 3311 3166 
3153 3312 3166 3153 3157 3312 3157 3313 3312 
3173 3315 3313 3173 3313 3158 3158 3313 3157 
3158 3159 3174 3173 3158 3174 3159 3168 3174 
3169 3179 3175 3169 3326 3179 3167 3326 3169 
3167 3316 3326 3167 3171 3316 3172 3316 3171 
3317 3316 3172 3314 3317 3172 3173 3318 3315 
3174 3318 3173 3319 3318 3174 3180 3327 3319 
3170 3180 3319 3170 3319 3174 3170 3174 3168 
3170 3176 3180 3177 3185 3181 3177 3334 3185 
3175 3334 3177 3175 3328 3334 3175 3179 3328 
3326 3328 3179 3180 3329 3327 3186 3335 3329 
3178 3186 3329 3178 3329 3180 3178 3180 3176 
3178 3182 3186 3183 3191 3187 3183 3340 3191 
3181 3340 3183 3181 3336 3340 3181 3185 3336 
3334 3336 3185 3186 3337 3335 3192 3341 3337 
3184 3192 3337 3184 3337 3186 3184 3186 3182 
3184 3188 3192 3189 3197 3193 3189 3346 3197 
3187 3346 3189 3187 3342 3346 3187 3191 3342 
3340 3342 3191 3192 3343 3341 3198 3347 3343 
3190 3198 3343 3190 3343 3192 3190 3192 3188 
3190 3194 3198 3195 3201 3199 3195 3352 3201 
3193 3352 3195 3193 3348 3352 3193 3197 3348 
3346 3348 3197 3198 3349 3347 3202 3353 3349 
3196 3202 3349 3196 3349 3198 3196 3198 3194 
3196 3200 3202 3201 3205 3203 3199 3201 3203 
3356 3201 3352 3205 3201 3356 3206 3353 3202 
3357 3353 3206 3200 3204 3206 3202 3200 3206 
3205 3358 3362 3205 3362 3203 3203 3362 3207 
3356 3358 3205 3206 3359 3357 3359 3206 3204 
3359 3204 3363 3363 3204 3208 3209 3213 3211 
3209 3366 3213 3209 3207 3366 3207 3362 3366 
3214 3208 3210 3214 3367 3208 3367 3363 3208 
3210 3212 3214 3213 3217 3215 3211 3213 3215 
3370 3213 3366 3217 3213 3370 3218 3367 3214 
3371 3367 3218 3212 3216 3218 3214 3212 3218 
3217 3221 3219 3215 3217 3219 3374 3217 3370 
3221 3217 3374 3222 3371 3218 3375 3371 3222 
3216 3220 3222 3218 3216 3222 3221 3225 3223 
3219 3221 3223 3376 3221 3374 3225 3221 3376 
3226 3375 3222 3377 3375 3226 3220 3224 3226 
3222 3220 3226 3225 3229 3227 3223 3225 3227 
3378 3225 3376 3229 3225 3378 3230 3377 3226 
3379 3377 3230 3224 3228 3230 3226 3224 3230 
3229 3233 3231 3227 3229 3231 3380 3229 3378 
3233 3229 3380 3234 3379 3230 3381 3379 3234 
3228 3232 3234 3230 3228 3234 3233 3239 3235 
3231 3233 3235 3384 3233 3380 3239 3233 3384 
3240 3381 3234 3385 3381 3240 3232 3236 3240 
3234 3232 3240 3235 3239 3237 3239 3241 3237 
3239 3384 3241 3384 3388 3241 3238 3385 3240 
3238 3242 3385 3242 3389 3385 3236 3238 3240 
3390 3245 3243 3390 3243 3388 3388 3243 3241 
3390 3394 3245 3246 3395 3391 3246 3391 3389 
3246 3389 3244 3244 3389 3242 3245 3251 3247 
3243 3245 3247 3398 3245 3394 3251 3245 3398 
3252 3395 3246 3399 3395 3252 3244 3248 3252 
3246 3244 3252 3247 3251 3249 3253 3400 3257 
3249 3400 3253 3249 3398 3400 3249 3251 3398 
3400 3404 3257 3258 3405 3401 3399 3258 3401 
3252 3258 3399 3252 3254 3258 3252 3250 3254 
3248 3250 3252 3253 3257 3255 3259 3406 3263 
3255 3406 3259 3255 3404 3406 3255 3257 3404 
3406 3410 3263 3264 3411 3407 3405 3264 3407 
3258 3264 3405 3258 3260 3264 3258 3256 3260 
3254 3256 3258 3259 3263 3261 3265 3412 3269 
3261 3412 3265 3261 3410 3412 3261 3263 3410 
3412 3416 3269 3270 3417 3413 3411 3270 3413 
3264 3270 3411 3264 3266 3270 3264 3262 3266 
3260 3262 3264 3265 3269 3267 3271 3418 3275 
3267 3418 3271 3267 3416 3418 3267 3269 3416 
3418 3422 3275 3276 3423 3419 3417 3276 3419 
3270 3276 3417 3270 3272 3276 3270 3268 3272 
3266 3268 3270 3271 3275 3273 3277 3424 3285 
3273 3424 3277 3273 3422 3424 3273 3275 3422 
3285 3425 3286 3424 3425 3285 3425 3432 3286 
3287 3433 3426 3287 3427 3288 3426 3427 3287 
3423 3288 3427 3276 3288 3423 3276 3278 3288 
3276 3274 3278 3272 3274 3276 3277 3285 3279 
3280 3279 3285 3286 3280 3285 3286 3432 3434 
3286 3434 3280 3280 3434 3281 3289 3435 3298 
3289 3281 3435 3281 3434 3435 3298 3436 3299 
3435 3436 3298 3299 3437 3300 3436 3437 3299 
3300 3438 3301 3437 3438 3300 3301 3439 3302 
3438 3439 3301 3302 3440 3303 3439 3440 3302 
3303 3441 3304 3440 3441 3303 3304 3282 3290 
3304 3441 3282 3441 3442 3282 3433 3287 3283 
3433 3283 3442 3442 3283 3282 3284 3283 3287 
3288 3284 3287 3278 3284 3288 3289 3298 3291 
3292 3291 3298 3299 3292 3298 3293 3292 3299 
3300 3293 3299 3294 3293 3300 3301 3294 3300 
3295 3294 3301 3302 3295 3301 3296 3295 3302 
3303 3296 3302 3297 3296 3303 3304 3297 3303 
3290 3297 3304 3305 3320 3314 3305 3306 3321 
3320 3305 3321 3306 3307 3322 3321 3306 3322 
3452 3322 3307 3452 3307 3449 3449 3307 3308 
3309 3450 3308 3308 3450 3449 3310 3451 3309 
3309 3451 3450 3323 3453 3451 3323 3451 3311 
3311 3451 3310 3311 3312 3324 3323 3311 3324 
3312 3313 3325 3324 3312 3325 3313 3315 3325 
3316 3330 3326 3316 3317 3331 3330 3316 3331 
3317 3463 3331 3314 3463 3317 3314 3454 3463 
3314 3320 3454 3321 3454 3320 3455 3454 3321 
3322 3455 3321 3456 3455 3322 3452 3456 3322 
3323 3457 3453 3324 3457 3323 3458 3457 3324 
3325 3458 3324 3459 3458 3325 3332 3464 3459 
3318 3332 3459 3318 3459 3325 3318 3325 3315 
3318 3319 3333 3332 3318 3333 3319 3327 3333 
3328 3338 3334 3328 3475 3338 3326 3475 3328 
3326 3465 3475 3326 3330 3465 3331 3465 3330 
3466 3465 3331 3463 3466 3331 3332 3467 3464 
3333 3467 3332 3468 3467 3333 3339 3476 3468 
3329 3339 3468 3329 3468 3333 3329 3333 3327 
3329 3335 3339 3336 3344 3340 3336 3483 3344 
3334 3483 3336 3334 3477 3483 3334 3338 3477 
3475 3477 3338 3339 3478 3476 3345 3484 3478 
3337 3345 3478 3337 3478 3339 3337 3339 3335 
3337 3341 3345 3342 3350 3346 3342 3489 3350 
3340 3489 3342 3340 3485 3489 3340 3344 3485 
3483 3485 3344 3345 3486 3484 3351 3490 3486 
3343 3351 3486 3343 3486 3345 3343 3345 3341 
3343 3347 3351 3348 3354 3352 3348 3495 3354 
3346 3495 3348 3346 3491 3495 3346 3350 3491 
3489 3491 3350 3351 3492 3490 3355 3496 3492 
3349 3355 3492 3349 3492 3351 3349 3351 3347 
3349 3353 3355 3354 3360 3356 3352 3354 3356 
3499 3354 3495 3360 3354 3499 3361 3496 3355 
3500 3496 3361 3353 3357 3361 3355 3353 3361 
3358 3364 3362 3358 3505 3364 3356 3505 3358 
3356 3501 3505 3356 3360 3501 3499 3501 3360 
3361 3502 3500 3365 3506 3502 3359 3365 3502 
3359 3502 3361 3359 3361 3357 3359 3363 3365 
3364 3368 3366 3362 3364 3366 3509 3364 3505 
3368 3364 3509 3369 3506 3365 3510 3506 3369 
3363 3367 3369 3365 3363 3369 3368 3372 3370 
3366 3368 3370 3513 3368 3509 3372 3368 3513 
3373 3510 3369 3514 3510 3373 3367 3371 3373 
3369 3367 3373 3372 3515 3519 3372 3519 3370 
3370 3519 3374 3513 3515 3372 3373 3516 3514 
3516 3373 3371 3516 3371 3520 3520 3371 3375 
3374 3519 3376 3519 3523 3376 3375 3377 3520 
3520 3377 3524 3376 3523 3378 3523 3527 3378 
3377 3379 3524 3524 3379 3528 3529 3382 3380 
3529 3380 3527 3527 3380 3378 3529 3533 3382 
3383 3534 3530 3383 3530 3528 3383 3528 3381 
3381 3528 3379 3382 3386 3384 3380 3382 3384 
3537 3382 3533 3386 3382 3537 3387 3534 3383 
3538 3534 3387 3381 3385 3387 3383 3381 3387 
3386 3392 3388 3384 3386 3388 3541 3386 3537 
3392 3386 3541 3393 3538 3387 3542 3538 3393 
3385 3389 3393 3387 3385 3393 3388 3392 3390 
3394 3543 3396 3390 3543 3394 3390 3541 3543 
3390 3392 3541 3543 3547 3396 3397 3548 3544 
3542 3397 3544 3393 3397 3542 3393 3395 3397 
3393 3391 3395 3389 3391 3393 3396 3402 3398 
3394 3396 3398 3551 3396 3547 3402 3396 3551 
3403 3548 3397 3552 3548 3403 3395 3399 3403 
3397 3395 3403 3398 3402 3400 3404 3553 3408 
3400 3553 3404 3400 3551 3553 3400 3402 3551 
3553 3557 3408 3409 3558 3554 3552 3409 3554 
3403 3409 3552 3403 3405 3409 3403 3401 3405 
3399 3401 3403 3404 3408 3406 3410 3559 3414 
3406 3559 3410 3406 3557 3559 3406 3408 3557 
3559 3563 3414 3415 3564 3560 3558 3415 3560 
3409 3415 3558 3409 3411 3415 3409 3407 3411 
3405 3407 3409 3410 3414 3412 3416 3565 3420 
3412 3565 3416 3412 3563 3565 3412 3414 3563 
3565 3569 3420 3421 3570 3566 3564 3421 3566 
3415 3421 3564 3415 3417 3421 3415 3413 3417 
3411 3413 3415 3416 3420 3418 3422 3571 3428 
3418 3571 3422 3418 3569 3571 3418 3420 3569 
3428 3572 3429 3571 3572 3428 3572 3579 3429 
3430 3580 3573 3430 3574 3431 3573 3574 3430 
3570 3431 3574 3421 3431 3570 3421 3423 3431 
3421 3419 3423 3417 3419 3421 3422 3428 3424 
3425 3424 3428 3429 3425 3428 3432 3581 3443 
3425 3581 3432 3425 3579 3581 3425 3429 3579 
3443 3582 3444 3581 3582 3443 3444 3583 3445 
3582 3583 3444 3583 3593 3445 3446 3594 3584 
3446 3585 3447 3584 3585 3446 3447 3586 3448 
3585 3586 3447 3580 3448 3586 3430 3448 3580 
3430 3433 3448 3430 3426 3433 3427 3426 3430 
3431 3427 3430 3423 3427 3431 3432 3443 3434 
3435 3434 3443 3444 3435 3443 3436 3435 3444 
3445 3436 3444 3445 3593 3595 3445 3595 3436 
3436 3595 3437 3438 3437 3596 3437 3595 3596 
3439 3438 3597 3438 3596 3597 3594 3446 3440 
3594 3440 3597 3597 3440 3439 3441 3440 3446 
3447 3441 3446 3442 3441 3447 3448 3442 3447 
3433 3442 3448 3449 3460 3452 3449 3450 3461 
3460 3449 3461 3450 3451 3462 3461 3450 3462 
3451 3453 3462 3454 3469 3463 3454 3455 3470 
3469 3454 3470 3455 3456 3471 3470 3455 3471 
3456 3604 3471 3452 3604 3456 3452 3601 3604 
3452 3460 3601 3461 3601 3460 3602 3601 3461 
3462 3602 3461 3603 3602 3462 3472 3605 3603 
3457 3472 3603 3457 3603 3462 3457 3462 3453 
3457 3458 3473 3472 3457 3473 3458 3459 3474 
3473 3458 3474 3459 3464 3474 3465 3479 3475 
3465 3466 3480 3479 3465 3480 3466 3615 3480 
3463 3615 3466 3463 3606 3615 3463 3469 3606 
3470 3606 3469 3607 3606 3470 3471 3607 3470 
3608 3607 3471 3604 3608 3471 3472 3609 3605 
3473 3609 3472 3610 3609 3473 3474 3610 3473 
3611 3610 3474 3481 3616 3611 3467 3481 3611 
3467 3611 3474 3467 3474 3464 3467 3468 3482 
3481 3467 3482 3468 3476 3482 3477 3487 3483 
3477 3630 3487 3475 3630 3477 3475 3617 3630 
3475 3479 3617 3480 3617 3479 3618 3617 3480 
3615 3618 3480 3481 3619 3616 3482 3619 3481 
3620 3619 3482 3488 3631 3620 3478 3488 3620 
3478 3620 3482 3478 3482 3476 3478 3484 3488 
3485 3493 3489 3485 3640 3493 3483 3640 3485 
3483 3632 3640 3483 3487 3632 3630 3632 3487 
3488 3633 3631 3494 3641 3633 3486 3494 3633 
3486 3633 3488 3486 3488 3484 3486 3490 3494 
3491 3497 3495 3491 3648 3497 3489 3648 3491 
3489 3642 3648 3489 3493 3642 3640 3642 3493 
3494 3643 3641 3498 3649 3643 3492 3498 3643 
3492 3643 3494 3492 3494 3490 3492 3496 3498 
3497 3503 3499 3495 3497 3499 3654 3497 3648 
3503 3497 3654 3504 3649 3498 3655 3649 3504 
3496 3500 3504 3498 3496 3504 3501 3507 3505 
3501 3660 3507 3499 3660 3501 3499 3656 3660 
3499 3503 3656 3654 3656 3503 3504 3657 3655 
3508 3661 3657 3502 3508 3657 3502 3657 3504 
3502 3504 3500 3502 3506 3508 3507 3511 3509 
3505 3507 3509 3666 3507 3660 3511 3507 3666 
3512 3661 3508 3667 3661 3512 3506 3510 3512 
3508 3506 3512 3511 3517 3513 3509 3511 3513 
3670 3511 3666 3517 3511 3670 3518 3667 3512 
3671 3667 3518 3510 3514 3518 3512 3510 3518 
3515 3521 3519 3515 3676 3521 3513 3676 3515 
3513 3672 3676 3513 3517 3672 3670 3672 3517 
3518 3673 3671 3522 3677 3673 3516 3522 3673 
3516 3673 3518 3516 3518 3514 3516 3520 3522 
3521 3525 3523 3519 3521 3523 3682 3521 3676 
3525 3521 3682 3526 3677 3522 3683 3677 3526 
3520 3524 3526 3522 3520 3526 3525 3531 3527 
3523 3525 3527 3688 3525 3682 3531 3525 3688 
3532 3683 3526 3689 3683 3532 3524 3528 3532 
3526 3524 3532 3527 3531 3529 3533 3690 3535 
3529 3690 3533 3529 3688 3690 3529 3531 3688 
3690 3696 3535 3536 3697 3691 3689 3536 3691 
3532 3536 3689 3532 3534 3536 3532 3530 3534 
3528 3530 3532 3535 3539 3537 3533 3535 3537 
3700 3535 3696 3539 3535 3700 3540 3697 3536 
3701 3697 3540 3534 3538 3540 3536 3534 3540 
3539 3545 3541 3537 3539 3541 3704 3539 3700 
3545 3539 3704 3546 3701 3540 3705 3701 3546 
3538 3542 3546 3540 3538 3546 3541 3545 3543 
3547 3706 3549 3543 3706 3547 3543 3704 3706 
3543 3545 3704 3706 3712 3549 3550 3713 3707 
3705 3550 3707 3546 3550 3705 3546 3548 3550 
3546 3544 3548 3542 3544 3546 3549 3555 3551 
3547 3549 3551 3716 3549 3712 3555 3549 3716 
3556 3713 3550 3717 3713 3556 3548 3552 3556 
3550 3548 3556 3551 3555 3553 3557 3718 3561 
3553 3718 3557 3553 3716 3718 3553 3555 3716 
3718 3724 3561 3562 3725 3719 3717 3562 3719 
3556 3562 3717 3556 3558 3562 3556 3554 3558 
3552 3554 3556 3557 3561 3559 3563 3726 3567 
3559 3726 3563 3559 3724 3726 3559 3561 3724 
3726 3732 3567 3568 3733 3727 3725 3568 3727 
3562 3568 3725 3562 3564 3568 3562 3560 3564 
3558 3560 3562 3563 3567 3565 3569 3734 3575 
3565 3734 3569 3565 3732 3734 3565 3567 3732 
3575 3735 3576 3734 3735 3575 3735 3744 3576 
3577 3745 3736 3577 3737 3578 3736 3737 3577 
3733 3578 3737 3568 3578 3733 3568 3570 3578 
3568 3566 3570 3564 3566 3568 3569 3575 3571 
3572 3571 3575 3576 3572 3575 3579 3746 3587 
3572 3746 3579 3572 3744 3746 3572 3576 3744 
3587 3747 3588 3746 3747 3587 3588 3748 3589 
3747 3748 3588 3748 3761 3589 3590 3762 3749 
3590 3750 3591 3749 3750 3590 3591 3751 3592 
3750 3751 3591 3745 3592 3751 3577 3592 3745 
3577 3580 3592 3577 3573 3580 3574 3573 3577 
3578 3574 3577 3570 3574 3578 3579 3587 3581 
3582 3581 3587 3588 3582 3587 3583 3582 3588 
3589 3583 3588 3593 3763 3598 3583 3763 3593 
3583 3761 3763 3583 3589 3761 3598 3764 3599 
3763 3764 3598 3599 3765 3600 3764 3765 3599 
3762 3600 3765 3590 3600 3762 3590 3594 3600 
3590 3584 3594 3585 3584 3590 3591 3585 3590 
3586 3585 3591 3592 3586 3591 3580 3586 3592 
3593 3598 3595 3596 3595 3598 3599 3596 3598 
3597 3596 3599 3600 3597 3599 3594 3597 3600 
3601 3612 3604 3601 3602 3613 3612 3601 3613 
3602 3603 3614 3613 3602 3614 3603 3605 3614 
3606 3621 3615 3606 3607 3622 3621 3606 3622 
3607 3608 3623 3622 3607 3623 3608 3604 3612 
3608 3612 3623 3623 3612 3624 3613 3625 3612 
3625 3624 3612 3614 3626 3613 3626 3625 3613 
3605 3609 3627 3605 3627 3614 3614 3627 3626 
3609 3610 3628 3627 3609 3628 3610 3611 3629 
3628 3610 3629 3611 3616 3629 3617 3634 3630 
3617 3618 3635 3634 3617 3635 3618 3615 3621 
3618 3621 3635 3635 3621 3636 3776 3622 3769 
3776 3636 3622 3636 3621 3622 3623 3769 3622 
3770 3769 3623 3624 3770 3623 3771 3770 3624 
3625 3771 3624 3772 3771 3625 3626 3772 3625 
3773 3772 3626 3627 3773 3626 3774 3773 3627 
3628 3774 3627 3775 3774 3628 3775 3637 3777 
3775 3628 3637 3628 3629 3637 3616 3619 3638 
3616 3638 3629 3629 3638 3637 3619 3620 3639 
3638 3619 3639 3620 3631 3639 3632 3644 3640 
3632 3630 3634 3632 3634 3644 3644 3634 3645 
3789 3635 3778 3789 3645 3635 3645 3634 3635 
3636 3778 3635 3779 3778 3636 3776 3779 3636 
3637 3780 3777 3638 3780 3637 3781 3780 3638 
3781 3646 3790 3781 3638 3646 3638 3639 3646 
3631 3633 3647 3631 3647 3639 3639 3647 3646 
3633 3641 3647 3642 3650 3648 3642 3640 3644 
3642 3644 3650 3650 3644 3651 3799 3645 3791 
3799 3651 3645 3651 3644 3645 3789 3791 3645 
3646 3792 3790 3792 3652 3800 3792 3646 3652 
3646 3647 3652 3641 3643 3653 3641 3653 3647 
3647 3653 3652 3643 3649 3653 3650 3658 3654 
3648 3650 3654 3807 3651 3801 3807 3658 3651 
3658 3650 3651 3799 3801 3651 3652 3802 3800 
3802 3659 3808 3802 3652 3659 3652 3653 3659 
3649 3655 3659 3653 3649 3659 3656 3662 3660 
3656 3654 3658 3656 3658 3662 3662 3658 3663 
3813 3658 3807 3663 3658 3813 3664 3808 3659 
3814 3808 3664 3655 3657 3665 3655 3665 3659 
3659 3665 3664 3657 3661 3665 3662 3668 3666 
3660 3662 3666 3819 3663 3815 3819 3668 3663 
3668 3662 3663 3813 3815 3663 3664 3816 3814 
3816 3669 3820 3816 3664 3669 3664 3665 3669 
3661 3667 3669 3665 3661 3669 3668 3674 3670 
3666 3668 3670 3825 3668 3819 3674 3668 3825 
3675 3820 3669 3826 3820 3675 3667 3671 3675 
3669 3667 3675 3672 3678 3676 3672 3670 3674 
3672 3674 3678 3678 3674 3679 3829 3674 3825 
3679 3674 3829 3680 3826 3675 3830 3826 3680 
3671 3673 3681 3671 3681 3675 3675 3681 3680 
3673 3677 3681 3678 3684 3682 3676 3678 3682 
3679 3685 3678 3685 3684 3678 3833 3679 3829 
3685 3679 3833 3686 3830 3680 3834 3830 3686 
3681 3687 3680 3687 3686 3680 3677 3683 3687 
3681 3677 3687 3684 3692 3688 3682 3684 3688 
3685 3693 3684 3693 3692 3684 3837 3685 3833 
3693 3685 3837 3694 3834 3686 3838 3834 3694 
3687 3695 3686 3695 3694 3686 3683 3689 3695 
3687 3683 3695 3688 3692 3690 3696 3690 3692 
3696 3692 3698 3698 3692 3693 3841 3693 3837 
3698 3693 3841 3699 3838 3694 3842 3838 3699 
3691 3697 3699 3691 3699 3695 3695 3699 3694 
3689 3691 3695 3698 3702 3700 3696 3698 3700 
3845 3698 3841 3702 3698 3845 3703 3842 3699 
3846 3842 3703 3697 3701 3703 3699 3697 3703 
3702 3708 3704 3700 3702 3704 3847 3702 3845 
3847 3709 3702 3709 3708 3702 3847 3853 3709 
3710 3854 3848 3846 3710 3848 3846 3703 3710 
3703 3711 3710 3701 3705 3711 3703 3701 3711 
3704 3708 3706 3712 3706 3708 3712 3708 3714 
3714 3708 3709 3857 3709 3853 3714 3709 3857 
3715 3854 3710 3858 3854 3715 3707 3713 3715 
3707 3715 3711 3711 3715 3710 3705 3707 3711 
3714 3720 3716 3712 3714 3716 3859 3714 3857 
3859 3721 3714 3721 3720 3714 3859 3865 3721 
3722 3866 3860 3858 3722 3860 3858 3715 3722 
3715 3723 3722 3713 3717 3723 3715 3713 3723 
3716 3720 3718 3724 3718 3720 3724 3720 3728 
3728 3720 3721 3867 3721 3865 3867 3729 3721 
3729 3728 3721 3867 3873 3729 3730 3874 3868 
3866 3730 3868 3866 3722 3730 3722 3731 3730 
3719 3725 3731 3719 3731 3723 3723 3731 3722 
3717 3719 3723 3724 3728 3726 3732 3726 3728 
3732 3728 3738 3738 3728 3729 3875 3729 3873 
3875 3739 3729 3739 3738 3729 3739 3876 3740 
3875 3876 3739 3876 3885 3740 3741 3886 3877 
3741 3878 3742 3877 3878 3741 3874 3742 3878 
3874 3730 3742 3730 3743 3742 3727 3733 3743 
3727 3743 3731 3731 3743 3730 3725 3727 3731 
3732 3738 3734 3735 3734 3738 3739 3735 3738 
3744 3735 3739 3744 3739 3752 3752 3739 3740 
3887 3740 3885 3887 3753 3740 3753 3752 3740 
3753 3888 3754 3887 3888 3753 3754 3889 3755 
3888 3889 3754 3755 3890 3756 3889 3890 3755 
3756 3891 3757 3890 3891 3756 3757 3892 3758 
3891 3892 3757 3758 3893 3759 3892 3893 3758 
3886 3759 3893 3886 3741 3759 3741 3760 3759 
3736 3745 3760 3736 3760 3742 3742 3760 3741 
3737 3736 3742 3743 3737 3742 3733 3737 3743 
3744 3752 3746 3747 3746 3752 3753 3747 3752 
3748 3747 3753 3754 3748 3753 3761 3748 3754 
3761 3754 3766 3766 3754 3755 3756 3767 3755 
3767 3766 3755 3757 3768 3756 3768 3767 3756 
3749 3762 3768 3749 3768 3758 3758 3768 3757 
3750 3749 3758 3759 3750 3758 3751 3750 3759 
3760 3751 3759 3745 3751 3760 3761 3766 3763 
3764 3763 3766 3767 3764 3766 3765 3764 3767 
3768 3765 3767 3762 3765 3768 3769 3782 3776 
3769 3770 3783 3782 3769 3783 3770 3771 3784 
3783 3770 3784 3771 3772 3785 3784 3771 3785 
3772 3773 3786 3785 3772 3786 3773 3774 3787 
3786 3773 3787 3774 3775 3788 3787 3774 3788 
3775 3777 3788 3778 3793 3789 3778 3779 3794 
3793 3778 3794 3779 3776 3782 3779 3782 3794 
3794 3782 3795 3906 3783 3901 3906 3795 3783 
3795 3782 3783 3784 3901 3783 3902 3901 3784 
3785 3902 3784 3903 3902 3785 3786 3903 3785 
3904 3903 3786 3787 3904 3786 3905 3904 3787 
3905 3796 3907 3905 3787 3796 3787 3788 3796 
3777 3780 3797 3777 3797 3788 3788 3797 3796 
3780 3781 3798 3797 3780 3798 3781 3790 3798 
3791 3803 3799 3791 3789 3793 3791 3793 3803 
3803 3793 3804 3917 3794 3908 3917 3804 3794 
3804 3793 3794 3795 3908 3794 3909 3908 3795 
3906 3909 3795 3796 3910 3907 3797 3910 3796 
3911 3910 3797 3911 3805 3918 3911 3797 3805 
3797 3798 3805 3790 3792 3806 3790 3806 3798 
3798 3806 3805 3792 3800 3806 3801 3809 3807 
3801 3799 3803 3801 3803 3809 3809 3803 3810 
3930 3804 3919 3930 3810 3804 3810 3803 3804 
3917 3919 3804 3805 3920 3918 3920 3811 3931 
3920 3805 3811 3805 3806 3811 3800 3802 3812 
3800 3812 3806 3806 3812 3811 3802 3808 3812 
3809 3817 3813 3807 3809 3813 3942 3810 3932 
3942 3817 3810 3817 3809 3810 3930 3932 3810 
3811 3933 3931 3933 3818 3943 3933 3811 3818 
3811 3812 3818 3808 3814 3818 3812 3808 3818 
3815 3821 3819 3815 3813 3817 3815 3817 3821 
3821 3817 3822 3950 3817 3942 3822 3817 3950 
3823 3943 3818 3951 3943 3823 3814 3816 3824 
3814 3824 3818 3818 3824 3823 3816 3820 3824 
3821 3827 3825 3819 3821 3825 3958 3822 3952 
3958 3827 3822 3827 3821 3822 3950 3952 3822 
3823 3953 3951 3953 3828 3959 3953 3823 3828 
3823 3824 3828 3820 3826 3828 3824 3820 3828 
3827 3831 3829 3825 3827 3829 3966 3827 3958 
3831 3827 3966 3832 3959 3828 3967 3959 3832 
3826 3830 3832 3828 3826 3832 3831 3835 3833 
3829 3831 3833 3972 3831 3966 3835 3831 3972 
3836 3967 3832 3973 3967 3836 3830 3834 3836 
3832 3830 3836 3835 3839 3837 3833 3835 3837 
3978 3835 3972 3839 3835 3978 3840 3973 3836 
3979 3973 3840 3834 3838 3840 3836 3834 3840 
3839 3843 3841 3837 3839 3841 3984 3839 3978 
3843 3839 3984 3844 3979 3840 3985 3979 3844 
3838 3842 3844 3840 3838 3844 3843 3849 3845 
3841 3843 3845 3986 3843 3984 3986 3850 3843 
3850 3849 3843 3986 3994 3850 3851 3995 3987 
3985 3851 3987 3985 3844 3851 3844 3852 3851 
3842 3846 3852 3844 3842 3852 3845 3849 3847 
3853 3847 3849 3853 3849 3855 3855 3849 3850 
4000 3850 3994 3855 3850 4000 3856 3995 3851 
4001 3995 3856 3848 3854 3856 3848 3856 3852 
3852 3856 3851 3846 3848 3852 3855 3861 3857 
3853 3855 3857 4002 3855 4000 4002 3862 3855 
3862 3861 3855 4002 4010 3862 3863 4011 4003 
4001 3863 4003 4001 3856 3863 3856 3864 3863 
3854 3858 3864 3856 3854 3864 3857 3861 3859 
3865 3859 3861 3865 3861 3869 3869 3861 3862 
4012 3862 4010 4012 3870 3862 3870 3869 3862 
4012 4022 3870 3871 4023 4013 4011 3871 4013 
4011 3863 3871 3863 3872 3871 3860 3866 3872 
3860 3872 3864 3864 3872 3863 3858 3860 3864 
3865 3869 3867 3873 3867 3869 3873 3869 3879 
3879 3869 3870 4024 3870 4022 4024 3880 3870 
3880 3879 3870 3880 4025 3881 4024 4025 3880 
4025 4037 3881 3882 4038 4026 3882 4027 3883 
4026 4027 3882 4023 3883 4027 4023 3871 3883 
3871 3884 3883 3868 3874 3884 3868 3884 3872 
3872 3884 3871 3866 3868 3872 3873 3879 3875 
3876 3875 3879 3880 3876 3879 3885 3876 3880 
3885 3880 3894 3894 3880 3881 4039 3881 4037 
4039 3895 3881 3895 3894 3881 3895 4040 3896 
4039 4040 3895 3896 4041 3897 4040 4041 3896 
3897 4042 3898 4041 4042 3897 3898 4043 3899 
4042 4043 3898 4038 3899 4043 4038 3882 3899 
3882 3900 3899 3877 3886 3900 3877 3900 3883 
3883 3900 3882 3878 3877 3883 3884 3878 3883 
3874 3878 3884 3885 3894 3887 3888 3887 3894 
3895 3888 3894 3889 3888 3895 3896 3889 3895 
3890 3889 3896 3897 3890 3896 3891 3890 3897 
3898 3891 3897 3892 3891 3898 3899 3892 3898 
3893 3892 3899 3900 3893 3899 3886 3893 3900 
3901 3912 3906 3901 3902 3913 3912 3901 3913 
3902 3903 3914 3913 3902 3914 3903 3904 3915 
3914 3903 3915 3904 3905 3916 3915 3904 3916 
3905 3907 3916 3908 3921 3917 3908 3909 3922 
3921 3908 3922 3909 3906 3912 3909 3912 3922 
3922 3912 3923 3913 3924 3912 3924 3923 3912 
3914 3925 3913 3925 3924 3913 3915 3926 3914 
3926 3925 3914 3916 3927 3915 3927 3926 3915 
3907 3910 3928 3907 3928 3916 3916 3928 3927 
3910 3911 3929 3928 3910 3929 3911 3918 3929 
3919 3934 3930 3919 3917 3921 3919 3921 3934 
3934 3921 3935 3922 3936 3921 3936 3935 3921 
3923 3937 3922 3937 3936 3922 4052 3924 4049 
4052 3937 3924 3937 3923 3924 3925 4049 3924 
4050 4049 3925 3926 4050 3925 4051 4050 3926 
4051 3938 4053 4051 3926 3938 3926 3927 3938 
3928 3939 3927 3939 3938 3927 3929 3940 3928 
3940 3939 3928 3918 3920 3941 3918 3941 3929 
3929 3941 3940 3920 3931 3941 3932 3944 3942 
3932 3930 3934 3932 3934 3944 3944 3934 3945 
3935 3946 3934 3946 3945 3934 4061 3936 4054 
4061 3946 3936 3946 3935 3936 3937 4054 3936 
4055 4054 3937 4052 4055 3937 3938 4056 4053 
3939 4056 3938 4057 4056 3939 4057 3947 4062 
4057 3939 3947 3939 3940 3947 3941 3948 3940 
3948 3947 3940 3931 3933 3949 3931 3949 3941 
3941 3949 3948 3933 3943 3949 3944 3954 3950 
3942 3944 3950 3945 3955 3944 3955 3954 3944 
4072 3946 4063 4072 3955 3946 3955 3945 3946 
4061 4063 3946 3947 4064 4062 4064 3956 4073 
4064 3947 3956 3947 3948 3956 3949 3957 3948 
3957 3956 3948 3943 3951 3957 3949 3943 3957 
3952 3960 3958 3952 3950 3954 3952 3954 3960 
3960 3954 3961 3955 3962 3954 3962 3961 3954 
4083 3955 4072 3962 3955 4083 3963 4073 3956 
4084 4073 3963 3957 3964 3956 3964 3963 3956 
3951 3953 3965 3951 3965 3957 3957 3965 3964 
3953 3959 3965 3960 3968 3966 3958 3960 3966 
3961 3969 3960 3969 3968 3960 4096 3962 4085 
4096 3969 3962 3969 3961 3962 4083 4085 3962 
3963 4086 4084 4086 3970 4097 4086 3963 3970 
3963 3964 3970 3965 3971 3964 3971 3970 3964 
3959 3967 3971 3965 3959 3971 3968 3974 3972 
3966 3968 3972 3969 3975 3968 3975 3974 3968 
4109 3969 4096 3975 3969 4109 3976 4097 3970 
4110 4097 3976 3971 3977 3970 3977 3976 3970 
3967 3973 3977 3971 3967 3977 3974 3980 3978 
3972 3974 3978 3975 3981 3974 3981 3980 3974 
4122 3975 4109 3981 3975 4122 3982 4110 3976 
4123 4110 3982 3977 3983 3976 3983 3982 3976 
3973 3979 3983 3977 3973 3983 3980 3988 3984 
3978 3980 3984 3981 3989 3980 3989 3988 3980 
4124 3981 4122 4124 3990 3981 3990 3989 3981 
4124 4137 3990 3991 4138 4125 4123 3991 4125 
4123 3982 3991 3982 3992 3991 3983 3993 3982 
3993 3992 3982 3979 3985 3993 3983 3979 3993 
3984 3988 3986 3994 3986 3988 3994 3988 3996 
3996 3988 3989 3990 3997 3989 3997 3996 3989 
4148 3990 4137 3997 3990 4148 3998 4138 3991 
4149 4138 3998 3992 3999 3991 3999 3998 3991 
3987 3995 3999 3987 3999 3993 3993 3999 3992 
3985 3987 3993 3996 4004 4000 3994 3996 4000 
3997 4005 3996 4005 4004 3996 4150 3997 4148 
4150 4006 3997 4006 4005 3997 4150 4161 4006 
4007 4162 4151 4149 4007 4151 4149 3998 4007 
3998 4008 4007 3999 4009 3998 4009 4008 3998 
3995 4001 4009 3999 3995 4009 4000 4004 4002 
4010 4002 4004 4010 4004 4014 4014 4004 4005 
4006 4015 4005 4015 4014 4005 4163 4006 4161 
4163 4016 4006 4016 4015 4006 4016 4164 4017 
4163 4164 4016 4164 4174 4017 4018 4175 4165 
4018 4166 4019 4165 4166 4018 4162 4019 4166 
4162 4007 4019 4007 4020 4019 4008 4021 4007 
4021 4020 4007 4003 4011 4021 4003 4021 4009 
4009 4021 4008 4001 4003 4009 4010 4014 4012 
4022 4012 4014 4022 4014 4028 4028 4014 4015 
4016 4029 4015 4029 4028 4015 4017 4030 4016 
4030 4029 4016 4176 4017 4174 4176 4031 4017 
4031 4030 4017 4031 4177 4032 4176 4177 4031 
4032 4178 4033 4177 4178 4032 4175 4033 4178 
4175 4018 4033 4018 4034 4033 4019 4035 4018 
4035 4034 4018 4020 4036 4019 4036 4035 4019 
4013 4023 4036 4013 4036 4021 4021 4036 4020 
4011 4013 4021 4022 4028 4024 4025 4024 4028 
4029 4025 4028 4037 4025 4029 4037 4029 4044 
4044 4029 4030 4031 4045 4030 4045 4044 4030 
4032 4046 4031 4046 4045 4031 4033 4047 4032 
4047 4046 4032 4034 4048 4033 4048 4047 4033 
4026 4038 4048 4026 4048 4035 4035 4048 4034 
4027 4026 4035 4036 4027 4035 4023 4027 4036 
4037 4044 4039 4040 4039 4044 4045 4040 4044 
4041 4040 4045 4046 4041 4045 4042 4041 4046 
4047 4042 4046 4043 4042 4047 4048 4043 4047 
4038 4043 4048 4049 4058 4052 4049 4050 4059 
4058 4049 4059 4050 4051 4060 4059 4050 4060 
4051 4053 4060 4054 4065 4061 4054 4055 4066 
4065 4054 4066 4055 4052 4058 4055 4058 4066 
4066 4058 4067 4059 4068 4058 4068 4067 4058 
4060 4069 4059 4069 4068 4059 4053 4056 4070 
4053 4070 4060 4060 4070 4069 4056 4057 4071 
4070 4056 4071 4057 4062 4071 4063 4074 4072 
4063 4061 4065 4063 4065 4074 4074 4065 4075 
4066 4076 4065 4076 4075 4065 4067 4077 4066 
4077 4076 4066 4068 4078 4067 4078 4077 4067 
4069 4079 4068 4079 4078 4068 4070 4080 4069 
4080 4079 4069 4071 4081 4070 4081 4080 4070 
4062 4064 4082 4062 4082 4071 4071 4082 4081 
4064 4073 4082 4074 4087 4083 4072 4074 4083 
4075 4088 4074 4088 4087 4074 4076 4089 4075 
4089 4088 4075 4077 4090 4076 4090 4089 4076 
4078 4091 4077 4091 4090 4077 4079 4092 4078 
4092 4091 4078 4080 4093 4079 4093 4092 4079 
4081 4094 4080 4094 4093 4080 4082 4095 4081 
4095 4094 4081 4073 4084 4095 4082 4073 4095 
4085 4098 4096 4085 4083 4087 4085 4087 4098 
4098 4087 4099 4088 4100 4087 4100 4099 4087 
4089 4101 4088 4101 4100 4088 4090 4102 4089 
4102 4101 4089 4091 4103 4090 4103 4102 4090 
4092 4104 4091 4104 4103 4091 4093 4105 4092 
4105 4104 4092 4094 4106 4093 4106 4105 4093 
4095 4107 4094 4107 4106 4094 4084 4086 4108 
4084 4108 4095 4095 4108 4107 4086 4097 4108 
4098 4111 4109 4096 4098 4109 4099 4112 4098 
4112 4111 4098 4100 4113 4099 4113 4112 4099 
4101 4114 4100 4114 4113 4100 4102 4115 4101 
4115 4114 4101 4103 4116 4102 4116 4115 4102 
4104 4117 4103 4117 4116 4103 4105 4118 4104 
4118 4117 4104 4106 4119 4105 4119 4118 4105 
4107 4120 4106 4120 4119 4106 4108 4121 4107 
4121 4120 4107 4097 4110 4121 4108 4097 4121 
4111 4126 4122 4109 4111 4122 4112 4127 4111 
4127 4126 4111 4113 4128 4112 4128 4127 4112 
4114 4129 4113 4129 4128 4113 4115 4130 4114 
4130 4129 4114 4116 4131 4115 4131 4130 4115 
4117 4132 4116 4132 4131 4116 4118 4133 4117 
4133 4132 4117 4119 4134 4118 4134 4133 4118 
4120 4135 4119 4135 4134 4119 4121 4136 4120 
4136 4135 4120 4110 4123 4136 4121 4110 4136 
4122 4126 4124 4137 4124 4126 4137 4126 4139 
4139 4126 4127 4128 4140 4127 4140 4139 4127 
4129 4141 4128 4141 4140 4128 4130 4142 4129 
4142 4141 4129 4131 4143 4130 4143 4142 4130 
4132 4144 4131 4144 4143 4131 4133 4145 4132 
4145 4144 4132 4134 4146 4133 4146 4145 4133 
4135 4147 4134 4147 4146 4134 4125 4138 4147 
4125 4147 4136 4136 4147 4135 4123 4125 4136 
4139 4152 4148 4137 4139 4148 4140 4153 4139 
4153 4152 4139 4141 4154 4140 4154 4153 4140 
4142 4155 4141 4155 4154 4141 4143 4156 4142 
4156 4155 4142 4144 4157 4143 4157 4156 4143 
4145 4158 4144 4158 4157 4144 4146 4159 4145 
4159 4158 4145 4147 4160 4146 4160 4159 4146 
4138 4149 4160 4147 4138 4160 4148 4152 4150 
4161 4150 4152 4161 4152 4167 4167 4152 4153 
4154 4168 4153 4168 4167 4153 4155 4169 4154 
4169 4168 4154 4156 4170 4155 4170 4169 4155 
4157 4171 4156 4171 4170 4156 4158 4172 4157 
4172 4171 4157 4159 4173 4158 4173 4172 4158 
4151 4162 4173 4151 4173 4160 4160 4173 4159 
4149 4151 4160 4161 4167 4163 4164 4163 4167 
4168 4164 4167 4174 4164 4168 4174 4168 4179 
4179 4168 4169 4170 4180 4169 4180 4179 4169 
4171 4181 4170 4181 4180 4170 4165 4175 4181 
4165 4181 4172 4172 4181 4171 4166 4165 4172 
4173 4166 4172 4162 4166 4173 4174 4179 4176 
4177 4176 4179 4180 4177 4179 4178 4177 4180 
4181 4178 4180 4175 4178 4181 
POINT_DATA 4182
SCALARS ImageScalars double
LOOKUP_TABLE default
0.5 0.5 0.5 0.5 0.5 0.5 0.5 0.5 0.5 
0.5 0.5 0.5 0.5 0.5 0.5 0.5 0.5 0.5 
0.5 0.5 0.5 0.5 0.5 0.5 0.5 0.5 0.5 
0.5 0.5 0.5 0.5 0.5 0.5 0.5 0.5 0.5 
0.5 0.5 0.5 0.5 0.5 0.5 0.5 0.5 0.5 
0.5 0.5 0.5 0.5 0.5 0.5 0.5 0.5 0.5 
0.5 0.5 0.5 0.5 0.5 0.5 0.5 0.5 0.5 
0.5 0.5 0.5 0.5 0.5 0.5 0.5 0.5 0.5 
0.5 0.5 0.5 0.5 0.5 0.5 0.5 0.5 0.5 
0.5 0.5 0.5 0.5 0.5 0.5 0.5 0.5 0.5 
0.5 0.5 0.5 0.5 0.5 0.5 0.5 0.5 0.5 
0.5 0.5 0.5 0.5 0.5 0.5 0.5 0.5 0.5 
0.5 0.5 0.5 0.5 0.5 0.5 0.5 0.5 0.5 
0.5 0.5 0.5 0.5 0.5 0.5 0.5 0.5 0.5 
0.5 0.5 0.5 0.5 0.5 0.5 0.5 0.5 0.5 
0.5 0.5 0.5 0.5 0.5 0.5 0.5 0.5 0.5 
0.5 0.5 0.5 0.5 0.5 0.5 0.5 0.5 0.5 
0.5 0.5 0.5 0.5 0.5 0.5 0.5 0.5 0.5 
0.5 0.5 0.5 0.5 0.5 0.5 0.5 0.5 0.5 
0.5 0.5 0.5 0.5 0.5 0.5 0.5 0.5 0.5 
0.5 0.5 0.5 0.5 0.5 0.5 0.5 0.5 0.5 
0.5 0.5 0.5 0.5 0.5 0.5 0.5 0.5 0.5 
0.5 0.5 0.5 0.5 0.5 0.5 0.5 0.5 0.5 
0.5 0.5 0.5 0.5 0.5 0.5 0.5 0.5 0.5 
0.5 0.5 0.5 0.5 0.5 0.5 0.5 0.5 0.5 
0.5 0.5 0.5 0.5 0.5 0.5 0.5 0.5 0.5 
0.5 0.5 0.5 0.5 0.5 0.5 0.5 0.5 0.5 
0.5 0.5 0.5 0.5 0.5 0.5 0.5 0.5 0.5 
0.5 0.5 0.5 0.5 0.5 0.5 0.5 0.5 0.5 
0.5 0.5 0.5 0.5 0.5 0.5 0.5 0.5 0.5 
0.5 0.5 0.5 0.5 0.5 0.5 0.5 0.5 0.5 
0.5 0.5 0.5 0.5 0.5 0.5 0.5 0.5 0.5 
0.5 0.5 0.5 0.5 0.5 0.5 0.5 0.5 0.5 
0.5 0.5 0.5 0.5 0.5 0.5 0.5 0.5 0.5 
0.5 0.5 0.5 0.5 0.5 0.5 0.5 0.5 0.5 
0.5 0.5 0.5 0.5 0.5 0.5 0.5 0.5 0.5 
0.5 0.5 0.5 0.5 0.5 0.5 0.5 0.5 0.5 
0.5 0.5 0.5 0.5 0.5 0.5 0.5 0.5 0.5 
0.5 0.5 0.5 0.5 0.5 0.5 0.5 0.5 0.5 
0.5 0.5 0.5 0.5 0.5 0.5 0.5 0.5 0.5 
0.5 0.5 0.5 0.5 0.5 0.5 0.5 0.5 0.5 
0.5 0.5 0.5 0.5 0.5 0.5 0.5 0.5 0.5 
0.5 0.5 0.5 0.5 0.5 0.5 0.5 0.5 0.5 
0.5 0.5 0.5 0.5 0.5 0.5 0.5 0.5 0.5 
0.5 0.5 0.5 0.5 0.5 0.5 0.5 0.5 0.5 
0.5 0.5 0.5 0.5 0.5 0.5 0.5 0.5 0.5 
0.5 0.5 0.5 0.5 0.5 0.5 0.5 0.5 0.5 
0.5 0.5 0.5 0.5 0.5 0.5 0.5 0.5 0.5 
0.5 0.5 0.5 0.5 0.5 0.5 0.5 0.5 0.5 
0.5 0.5 0.5 0.5 0.5 0.5 0.5 0.5 0.5 
0.5 0.5 0.5 0.5 0.5 0.5 0.5 0.5 0.5 
0.5 0.5 0.5 0.5 0.5 0.5 0.5 0.5 0.5 
0.5 0.5 0.5 0.5 0.5 0.5 0.5 0.5 0.5 
0.5 0.5 0.5 0.5 0.5 0.5 0.5 0.5 0.5 
0.5 0.5 0.5 0.5 0.5 0.5 0.5 0.5 0.5 
0.5 0.5 0.5 0.5 0.5 0.5 0.5 0.5 0.5 
0.5 0.5 0.5 0.5 0.5 0.5 0.5 0.5 0.5 
0.5 0.5 0.5 0.5 0.5 0.5 0.5 0.5 0.5 
0.5 0.5 0.5 0.5 0.5 0.5 0.5 0.5 0.5 
0.5 0.5 0.5 0.5 0.5 0.5 0.5 0.5 0.5 
0.5 0.5 0.5 0.5 0.5 0.5 0.5 0.5 0.5 
0.5 0.5 0.5 0.5 0.5 0.5 0.5 0.5 0.5 
0.5 0.5 0.5 0.5 0.5 0.5 0.5 0.5 0.5 
0.5 0.5 0.5 0.5 0.5 0.5 0.5 0.5 0.5 
0.5 0.5 0.5 0.5 0.5 0.5 0.5 0.5 0.5 
0.5 0.5 0.5 0.5 0.5 0.5 0.5 0.5 0.5 
0.5 0.5 0.5 0.5 0.5 0.5 0.5 0.5 0.5 
0.5 0.5 0.5 0.5 0.5 0.5 0.5 0.5 0.5 
0.5 0.5 0.5 0.5 0.5 0.5 0.5 0.5 0.5 
0.5 0.5 0.5 0.5 0.5 0.5 0.5 0.5 0.5 
0.5 0.5 0.5 0.5 0.5 0.5 0.5 0.5 0.5 
0.5 0.5 0.5 0.5 0.5 0.5 0.5 0.5 0.5 
0.5 0.5 0.5 0.5 0.5 0.5 0.5 0.5 0.5 
0.5 0.5 0.5 0.5 0.5 0.5 0.5 0.5 0.5 
0.5 0.5 0.5 0.5 0.5 0.5 0.5 0.5 0.5 
0.5 0.5 0.5 0.5 0.5 0.5 0.5 0.5 0.5 
0.5 0.5 0.5 0.5 0.5 0.5 0.5 0.5 0.5 
0.5 0.5 0.5 0.5 0.5 0.5 0.5 0.5 0.5 
0.5 0.5 0.5 0.5 0.5 0.5 0.5 0.5 0.5 
0.5 0.5 0.5 0.5 0.5 0.5 0.5 0.5 0.5 
0.5 0.5 0.5 0.5 0.5 0.5 0.5 0.5 0.5 
0.5 0.5 0.5 0.5 0.5 0.5 0.5 0.5 0.5 
0.5 0.5 0.5 0.5 0.5 0.5 0.5 0.5 0.5 
0.5 0.5 0.5 0.5 0.5 0.5 0.5 0.5 0.5 
0.5 0.5 0.5 0.5 0.5 0.5 0.5 0.5 0.5 
0.5 0.5 0.5 0.5 0.5 0.5 0.5 0.5 0.5 
0.5 0.5 0.5 0.5 0.5 0.5 0.5 0.5 0.5 
0.5 0.5 0.5 0.5 0.5 0.5 0.5 0.5 0.5 
0.5 0.5 0.5 0.5 0.5 0.5 0.5 0.5 0.5 
0.5 0.5 0.5 0.5 0.5 0.5 0.5 0.5 0.5 
0.5 0.5 0.5 0.5 0.5 0.5 0.5 0.5 0.5 
0.5 0.5 0.5 0.5 0.5 0.5 0.5 0.5 0.5 
0.5 0.5 0.5 0.5 0.5 0.5 0.5 0.5 0.5 
0.5 0.5 0.5 0.5 0.5 0.5 0.5 0.5 0.5 
0.5 0.5 0.5 0.5 0.5 0.5 0.5 0.5 0.5 
0.5 0.5 0.5 0.5 0.5 0.5 0.5 0.5 0.5 
0.5 0.5 0.5 0.5 0.5 0.5 0.5 0.5 0.5 
0.5 0.5 0.5 0.5 0.5 0.5 0.5 0.5 0.5 
0.5 0.5 0.5 0.5 0.5 0.5 0.5 0.5 0.5 
0.5 0.5 0.5 0.5 0.5 0.5 0.5 0.5 0.5 
0.5 0.5 0.5 0.5 0.5 0.5 0.5 0.5 0.5 
0.5 0.5 0.5 0.5 0.5 0.5 0.5 0.5 0.5 
0.5 0.5 0.5 0.5 0.5 0.5 0.5 0.5 0.5 
0.5 0.5 0.5 0.5 0.5 0.5 0.5 0.5 0.5 
0.5 0.5 0.5 0.5 0.5 0.5 0.5 0.5 0.5 
0.5 0.5 0.5 0.5 0.5 0.5 0.5 0.5 0.5 
0.5 0.5 0.5 0.5 0.5 0.5 0.5 0.5 0.5 
0.5 0.5 0.5 0.5 0.5 0.5 0.5 0.5 0.5 
0.5 0.5 0.5 0.5 0.5 0.5 0.5 0.5 0.5 
0.5 0.5 0.5 0.5 0.5 0.5 0.5 0.5 0.5 
0.5 0.5 0.5 0.5 0.5 0.5 0.5 0.5 0.5 
0.5 0.5 0.5 0.5 0.5 0.5 0.5 0.5 0.5 
0.5 0.5 0.5 0.5 0.5 0.5 0.5 0.5 0.5 
0.5 0.5 0.5 0.5 0.5 0.5 0.5 0.5 0.5 
0.5 0.5 0.5 0.5 0.5 0.5 0.5 0.5 0.5 
0.5 0.5 0.5 0.5 0.5 0.5 0.5 0.5 0.5 
0.5 0.5 0.5 0.5 0.5 0.5 0.5 0.5 0.5 
0.5 0.5 0.5 0.5 0.5 0.5 0.5 0.5 0.5 
0.5 0.5 0.5 0.5 0.5 0.5 0.5 0.5 0.5 
0.5 0.5 0.5 0.5 0.5 0.5 0.5 0.5 0.5 
0.5 0.5 0.5 0.5 0.5 0.5 0.5 0.5 0.5 
0.5 0.5 0.5 0.5 0.5 0.5 0.5 0.5 0.5 
0.5 0.5 0.5 0.5 0.5 0.5 0.5 0.5 0.5 
0.5 0.5 0.5 0.5 0.5 0.5 0.5 0.5 0.5 
0.5 0.5 0.5 0.5 0.5 0.5 0.5 0.5 0.5 
0.5 0.5 0.5 0.5 0.5 0.5 0.5 0.5 0.5 
0.5 0.5 0.5 0.5 0.5 0.5 0.5 0.5 0.5 
0.5 0.5 0.5 0.5 0.5 0.5 0.5 0.5 0.5 
0.5 0.5 0.5 0.5 0.5 0.5 0.5 0.5 0.5 
0.5 0.5 0.5 0.5 0.5 0.5 0.5 0.5 0.5 
0.5 0.5 0.5 0.5 0.5 0.5 0.5 0.5 0.5 
0.5 0.5 0.5 0.5 0.5 0.5 0.5 0.5 0.5 
0.5 0.5 0.5 0.5 0.5 0.5 0.5 0.5 0.5 
0.5 0.5 0.5 0.5 0.5 0.5 0.5 0.5 0.5 
0.5 0.5 0.5 0.5 0.5 0.5 0.5 0.5 0.5 
0.5 0.5 0.5 0.5 0.5 0.5 0.5 0.5 0.5 
0.5 0.5 0.5 0.5 0.5 0.5 0.5 0.5 0.5 
0.5 0.5 0.5 0.5 0.5 0.5 0.5 0.5 0.5 
0.5 0.5 0.5 0.5 0.5 0.5 0.5 0.5 0.5 
0.5 0.5 0.5 0.5 0.5 0.5 0.5 0.5 0.5 
0.5 0.5 0.5 0.5 0.5 0.5 0.5 0.5 0.5 
0.5 0.5 0.5 0.5 0.5 0.5 0.5 0.5 0.5 
0.5 0.5 0.5 0.5 0.5 0.5 0.5 0.5 0.5 
0.5 0.5 0.5 0.5 0.5 0.5 0.5 0.5 0.5 
0.5 0.5 0.5 0.5 0.5 0.5 0.5 0.5 0.5 
0.5 0.5 0.5 0.5 0.5 0.5 0.5 0.5 0.5 
0.5 0.5 0.5 0.5 0.5 0.5 0.5 0.5 0.5 
0.5 0.5 0.5 0.5 0.5 0.5 0.5 0.5 0.5 
0.5 0.5 0.5 0.5 0.5 0.5 0.5 0.5 0.5 
0.5 0.5 0.5 0.5 0.5 0.5 0.5 0.5 0.5 
0.5 0.5 0.5 0.5 0.5 0.5 0.5 0.5 0.5 
0.5 0.5 0.5 0.5 0.5 0.5 0.5 0.5 0.5 
0.5 0.5 0.5 0.5 0.5 0.5 0.5 0.5 0.5 
0.5 0.5 0.5 0.5 0.5 0.5 0.5 0.5 0.5 
0.5 0.5 0.5 0.5 0.5 0.5 0.5 0.5 0.5 
0.5 0.5 0.5 0.5 0.5 0.5 0.5 0.5 0.5 
0.5 0.5 0.5 0.5 0.5 0.5 0.5 0.5 0.5 
0.5 0.5 0.5 0.5 0.5 0.5 0.5 0.5 0.5 
0.5 0.5 0.5 0.5 0.5 0.5 0.5 0.5 0.5 
0.5 0.5 0.5 0.5 0.5 0.5 0.5 0.5 0.5 
0.5 0.5 0.5 0.5 0.5 0.5 0.5 0.5 0.5 
0.5 0.5 0.5 0.5 0.5 0.5 0.5 0.5 0.5 
0.5 0.5 0.5 0.5 0.5 0.5 0.5 0.5 0.5 
0.5 0.5 0.5 0.5 0.5 0.5 0.5 0.5 0.5 
0.5 0.5 0.5 0.5 0.5 0.5 0.5 0.5 0.5 
0.5 0.5 0.5 0.5 0.5 0.5 0.5 0.5 0.5 
0.5 0.5 0.5 0.5 0.5 0.5 0.5 0.5 0.5 
0.5 0.5 0.5 0.5 0.5 0.5 0.5 0.5 0.5 
0.5 0.5 0.5 0.5 0.5 0.5 0.5 0.5 0.5 
0.5 0.5 0.5 0.5 0.5 0.5 0.5 0.5 0.5 
0.5 0.5 0.5 0.5 0.5 0.5 0.5 0.5 0.5 
0.5 0.5 0.5 0.5 0.5 0.5 0.5 0.5 0.5 
0.5 0.5 0.5 0.5 0.5 0.5 0.5 0.5 0.5 
0.5 0.5 0.5 0.5 0.5 0.5 0.5 0.5 0.5 
0.5 0.5 0.5 0.5 0.5 0.5 0.5 0.5 0.5 
0.5 0.5 0.5 0.5 0.5 0.5 0.5 0.5 0.5 
0.5 0.5 0.5 0.5 0.5 0.5 0.5 0.5 0.5 
0.5 0.5 0.5 0.5 0.5 0.5 0.5 0.5 0.5 
0.5 0.5 0.5 0.5 0.5 0.5 0.5 0.5 0.5 
0.5 0.5 0.5 0.5 0.5 0.5 0.5 0.5 0.5 
0.5 0.5 0.5 0.5 0.5 0.5 0.5 0.5 0.5 
0.5 0.5 0.5 0.5 0.5 0.5 0.5 0.5 0.5 
0.5 0.5 0.5 0.5 0.5 0.5 0.5 0.5 0.5 
0.5 0.5 0.5 0.5 0.5 0.5 0.5 0.5 0.5 
0.5 0.5 0.5 0.5 0.5 0.5 0.5 0.5 0.5 
0.5 0.5 0.5 0.5 0.5 0.5 0.5 0.5 0.5 
0.5 0.5 0.5 0.5 0.5 0.5 0.5 0.5 0.5 
0.5 0.5 0.5 0.5 0.5 0.5 0.5 0.5 0.5 
0.5 0.5 0.5 0.5 0.5 0.5 0.5 0.5 0.5 
0.5 0.5 0.5 0.5 0.5 0.5 0.5 0.5 0.5 
0.5 0.5 0.5 0.5 0.5 0.5 0.5 0.5 0.5 
0.5 0.5 0.5 0.5 0.5 0.5 0.5 0.5 0.5 
0.5 0.5 0.5 0.5 0.5 0.5 0.5 0.5 0.5 
0.5 0.5 0.5 0.5 0.5 0.5 0.5 0.5 0.5 
0.5 0.5 0.5 0.5 0.5 0.5 0.5 0.5 0.5 
0.5 0.5 0.5 0.5 0.5 0.5 0.5 0.5 0.5 
0.5 0.5 0.5 0.5 0.5 0.5 0.5 0.5 0.5 
0.5 0.5 0.5 0.5 0.5 0.5 0.5 0.5 0.5 
0.5 0.5 0.5 0.5 0.5 0.5 0.5 0.5 0.5 
0.5 0.5 0.5 0.5 0.5 0.5 0.5 0.5 0.5 
0.5 0.5 0.5 0.5 0.5 0.5 0.5 0.5 0.5 
0.5 0.5 0.5 0.5 0.5 0.5 0.5 0.5 0.5 
0.5 0.5 0.5 0.5 0.5 0.5 0.5 0.5 0.5 
0.5 0.5 0.5 0.5 0.5 0.5 0.5 0.5 0.5 
0.5 0.5 0.5 0.5 0.5 0.5 0.5 0.5 0.5 
0.5 0.5 0.5 0.5 0.5 0.5 0.5 0.5 0.5 
0.5 0.5 0.5 0.5 0.5 0.5 0.5 0.5 0.5 
0.5 0.5 0.5 0.5 0.5 0.5 0.5 0.5 0.5 
0.5 0.5 0.5 0.5 0.5 0.5 0.5 0.5 0.5 
0.5 0.5 0.5 0.5 0.5 0.5 0.5 0.5 0.5 
0.5 0.5 0.5 0.5 0.5 0.5 0.5 0.5 0.5 
0.5 0.5 0.5 0.5 0.5 0.5 0.5 0.5 0.5 
0.5 0.5 0.5 0.5 0.5 0.5 0.5 0.5 0.5 
0.5 0.5 0.5 0.5 0.5 0.5 0.5 0.5 0.5 
0.5 0.5 0.5 0.5 0.5 0.5 0.5 0.5 0.5 
0.5 0.5 0.5 0.5 0.5 0.5 0.5 0.5 0.5 
0.5 0.5 0.5 0.5 0.5 0.5 0.5 0.5 0.5 
0.5 0.5 0.5 0.5 0.5 0.5 0.5 0.5 0.5 
0.5 0.5 0.5 0.5 0.5 0.5 0.5 0.5 0.5 
0.5 0.5 0.5 0.5 0.5 0.5 0.5 0.5 0.5 
0.5 0.5 0.5 0.5 0.5 0.5 0.5 0.5 0.5 
0.5 0.5 0.5 0.5 0.5 0.5 0.5 0.5 0.5 
0.5 0.5 0.5 0.5 0.5 0.5 0.5 0.5 0.5 
0.5 0.5 0.5 0.5 0.5 0.5 0.5 0.5 0.5 
0.5 0.5 0.5 0.5 0.5 0.5 0.5 0.5 0.5 
0.5 0.5 0.5 0.5 0.5 0.5 0.5 0.5 0.5 
0.5 0.5 0.5 0.5 0.5 0.5 0.5 0.5 0.5 
0.5 0.5 0.5 0.5 0.5 0.5 0.5 0.5 0.5 
0.5 0.5 0.5 0.5 0.5 0.5 0.5 0.5 0.5 
0.5 0.5 0.5 0.5 0.5 0.5 0.5 0.5 0.5 
0.5 0.5 0.5 0.5 0.5 0.5 0.5 0.5 0.5 
0.5 0.5 0.5 0.5 0.5 0.5 0.5 0.5 0.5 
0.5 0.5 0.5 0.5 0.5 0.5 0.5 0.5 0.5 
0.5 0.5 0.5 0.5 0.5 0.5 0.5 0.5 0.5 
0.5 0.5 0.5 0.5 0.5 0.5 0.5 0.5 0.5 
0.5 0.5 0.5 0.5 0.5 0.5 0.5 0.5 0.5 
0.5 0.5 0.5 0.5 0.5 0.5 0.5 0.5 0.5 
0.5 0.5 0.5 0.5 0.5 0.5 0.5 0.5 0.5 
0.5 0.5 0.5 0.5 0.5 0.5 0.5 0.5 0.5 
0.5 0.5 0.5 0.5 0.5 0.5 0.5 0.5 0.5 
0.5 0.5 0.5 0.5 0.5 0.5 0.5 0.5 0.5 
0.5 0.5 0.5 0.5 0.5 0.5 0.5 0.5 0.5 
0.5 0.5 0.5 0.5 0.5 0.5 0.5 0.5 0.5 
0.5 0.5 0.5 0.5 0.5 0.5 0.5 0.5 0.5 
0.5 0.5 0.5 0.5 0.5 0.5 0.5 0.5 0.5 
0.5 0.5 0.5 0.5 0.5 0.5 0.5 0.5 0.5 
0.5 0.5 0.5 0.5 0.5 0.5 0.5 0.5 0.5 
0.5 0.5 0.5 0.5 0.5 0.5 0.5 0.5 0.5 
0.5 0.5 0.5 0.5 0.5 0.5 0.5 0.5 0.5 
0.5 0.5 0.5 0.5 0.5 0.5 0.5 0.5 0.5 
0.5 0.5 0.5 0.5 0.5 0.5 0.5 0.5 0.5 
0.5 0.5 0.5 0.5 0.5 0.5 0.5 0.5 0.5 
0.5 0.5 0.5 0.5 0.5 0.5 0.5 0.5 0.5 
0.5 0.5 0.5 0.5 0.5 0.5 0.5 0.5 0.5 
0.5 0.5 0.5 0.5 0.5 0.5 0.5 0.5 0.5 
0.5 0.5 0.5 0.5 0.5 0.5 0.5 0.5 0.5 
0.5 0.5 0.5 0.5 0.5 0.5 0.5 0.5 0.5 
0.5 0.5 0.5 0.5 0.5 0.5 0.5 0.5 0.5 
0.5 0.5 0.5 0.5 0.5 0.5 0.5 0.5 0.5 
0.5 0.5 0.5 0.5 0.5 0.5 0.5 0.5 0.5 
0.5 0.5 0.5 0.5 0.5 0.5 0.5 0.5 0.5 
0.5 0.5 0.5 0.5 0.5 0.5 0.5 0.5 0.5 
0.5 0.5 0.5 0.5 0.5 0.5 0.5 0.5 0.5 
0.5 0.5 0.5 0.5 0.5 0.5 0.5 0.5 0.5 
0.5 0.5 0.5 0.5 0.5 0.5 0.5 0.5 0.5 
0.5 0.5 0.5 0.5 0.5 0.5 0.5 0.5 0.5 
0.5 0.5 0.5 0.5 0.5 0.5 0.5 0.5 0.5 
0.5 0.5 0.5 0.5 0.5 0.5 0.5 0.5 0.5 
0.5 0.5 0.5 0.5 0.5 0.5 0.5 0.5 0.5 
0.5 0.5 0.5 0.5 0.5 0.5 0.5 0.5 0.5 
0.5 0.5 0.5 0.5 0.5 0.5 0.5 0.5 0.5 
0.5 0.5 0.5 0.5 0.5 0.5 0.5 0.5 0.5 
0.5 0.5 0.5 0.5 0.5 0.5 0.5 0.5 0.5 
0.5 0.5 0.5 0.5 0.5 0.5 0.5 0.5 0.5 
0.5 0.5 0.5 0.5 0.5 0.5 0.5 0.5 0.5 
0.5 0.5 0.5 0.5 0.5 0.5 0.5 0.5 0.5 
0.5 0.5 0.5 0.5 0.5 0.5 0.5 0.5 0.5 
0.5 0.5 0.5 0.5 0.5 0.5 0.5 0.5 0.5 
0.5 0.5 0.5 0.5 0.5 0.5 0.5 0.5 0.5 
0.5 0.5 0.5 0.5 0.5 0.5 0.5 0.5 0.5 
0.5 0.5 0.5 0.5 0.5 0.5 0.5 0.5 0.5 
0.5 0.5 0.5 0.5 0.5 0.5 0.5 0.5 0.5 
0.5 0.5 0.5 0.5 0.5 0.5 0.5 0.5 0.5 
0.5 0.5 0.5 0.5 0.5 0.5 0.5 0.5 0.5 
0.5 0.5 0.5 0.5 0.5 0.5 0.5 0.5 0.5 
0.5 0.5 0.5 0.5 0.5 0.5 0.5 0.5 0.5 
0.5 0.5 0.5 0.5 0.5 0.5 0.5 0.5 0.5 
0.5 0.5 0.5 0.5 0.5 0.5 0.5 0.5 0.5 
0.5 0.5 0.5 0.5 0.5 0.5 0.5 0.5 0.5 
0.5 0.5 0.5 0.5 0.5 0.5 0.5 0.5 0.5 
0.5 0.5 0.5 0.5 0.5 0.5 0.5 0.5 0.5 
0.5 0.5 0.5 0.5 0.5 0.5 0.5 0.5 0.5 
0.5 0.5 0.5 0.5 0.5 0.5 0.5 0.5 0.5 
0.5 0.5 0.5 0.5 0.5 0.5 0.5 0.5 0.5 
0.5 0.5 0.5 0.5 0.5 0.5 0.5 0.5 0.5 
0.5 0.5 0.5 0.5 0.5 0.5 0.5 0.5 0.5 
0.5 0.5 0.5 0.5 0.5 0.5 0.5 0.5 0.5 
0.5 0.5 0.5 0.5 0.5 0.5 0.5 0.5 0.5 
0.5 0.5 0.5 0.5 0.5 0.5 0.5 0.5 0.5 
0.5 0.5 0.5 0.5 0.5 0.5 0.5 0.5 0.5 
0.5 0.5 0.5 0.5 0.5 0.5 0.5 0.5 0.5 
0.5 0.5 0.5 0.5 0.5 0.5 0.5 0.5 0.5 
0.5 0.5 0.5 0.5 0.5 0.5 0.5 0.5 0.5 
0.5 0.5 0.5 0.5 0.5 0.5 0.5 0.5 0.5 
0.5 0.5 0.5 0.5 0.5 0.5 0.5 0.5 0.5 
0.5 0.5 0.5 0.5 0.5 0.5 0.5 0.5 0.5 
0.5 0.5 0.5 0.5 0.5 0.5 0.5 0.5 0.5 
0.5 0.5 0.5 0.5 0.5 0.5 0.5 0.5 0.5 
0.5 0.5 0.5 0.5 0.5 0.5 0.5 0.5 0.5 
0.5 0.5 0.5 0.5 0.5 0.5 0.5 0.5 0.5 
0.5 0.5 0.5 0.5 0.5 0.5 0.5 0.5 0.5 
0.5 0.5 0.5 0.5 0.5 0.5 0.5 0.5 0.5 
0.5 0.5 0.5 0.5 0.5 0.5 0.5 0.5 0.5 
0.5 0.5 0.5 0.5 0.5 0.5 0.5 0.5 0.5 
0.5 0.5 0.5 0.5 0.5 0.5 0.5 0.5 0.5 
0.5 0.5 0.5 0.5 0.5 0.5 0.5 0.5 0.5 
0.5 0.5 0.5 0.5 0.5 0.5 0.5 0.5 0.5 
0.5 0.5 0.5 0.5 0.5 0.5 0.5 0.5 0.5 
0.5 0.5 0.5 0.5 0.5 0.5 0.5 0.5 0.5 
0.5 0.5 0.5 0.5 0.5 0.5 0.5 0.5 0.5 
0.5 0.5 0.5 0.5 0.5 0.5 0.5 0.5 0.5 
0.5 0.5 0.5 0.5 0.5 0.5 0.5 0.5 0.5 
0.5 0.5 0.5 0.5 0.5 0.5 0.5 0.5 0.5 
0.5 0.5 0.5 0.5 0.5 0.5 0.5 0.5 0.5 
0.5 0.5 0.5 0.5 0.5 0.5 0.5 0.5 0.5 
0.5 0.5 0.5 0.5 0.5 0.5 0.5 0.5 0.5 
0.5 0.5 0.5 0.5 0.5 0.5 0.5 0.5 0.5 
0.5 0.5 0.5 0.5 0.5 0.5 0.5 0.5 0.5 
0.5 0.5 0.5 0.5 0.5 0.5 0.5 0.5 0.5 
0.5 0.5 0.5 0.5 0.5 0.5 0.5 0.5 0.5 
0.5 0.5 0.5 0.5 0.5 0.5 0.5 0.5 0.5 
0.5 0.5 0.5 0.5 0.5 0.5 0.5 0.5 0.5 
0.5 0.5 0.5 0.5 0.5 0.5 0.5 0.5 0.5 
0.5 0.5 0.5 0.5 0.5 0.5 0.5 0.5 0.5 
0.5 0.5 0.5 0.5 0.5 0.5 0.5 0.5 0.5 
0.5 0.5 0.5 0.5 0.5 0.5 0.5 0.5 0.5 
0.5 0.5 0.5 0.5 0.5 0.5 0.5 0.5 0.5 
0.5 0.5 0.5 0.5 0.5 0.5 0.5 0.5 0.5 
0.5 0.5 0.5 0.5 0.5 0.5 0.5 0.5 0.5 
0.5 0.5 0.5 0.5 0.5 0.5 0.5 0.5 0.5 
0.5 0.5 0.5 0.5 0.5 0.5 0.5 0.5 0.5 
0.5 0.5 0.5 0.5 0.5 0.5 0.5 0.5 0.5 
0.5 0.5 0.5 0.5 0.5 0.5 0.5 0.5 0.5 
0.5 0.5 0.5 0.5 0.5 0.5 0.5 0.5 0.5 
0.5 0.5 0.5 0.5 0.5 0.5 0.5 0.5 0.5 
0.5 0.5 0.5 0.5 0.5 0.5 0.5 0.5 0.5 
0.5 0.5 0.5 0.5 0.5 0.5 0.5 0.5 0.5 
0.5 0.5 0.5 0.5 0.5 0.5 0.5 0.5 0.5 
0.5 0.5 0.5 0.5 0.5 0.5 0.5 0.5 0.5 
0.5 0.5 0.5 0.5 0.5 0.5 0.5 0.5 0.5 
0.5 0.5 0.5 0.5 0.5 0.5 0.5 0.5 0.5 
0.5 0.5 0.5 0.5 0.5 0.5 0.5 0.5 0.5 
0.5 0.5 0.5 0.5 0.5 0.5 0.5 0.5 0.5 
0.5 0.5 0.5 0.5 0.5 0.5 0.5 0.5 0.5 
0.5 0.5 0.5 0.5 0.5 0.5 0.5 0.5 0.5 
0.5 0.5 0.5 0.5 0.5 0.5 0.5 0.5 0.5 
0.5 0.5 0.5 0.5 0.5 0.5 0.5 0.5 0.5 
0.5 0.5 0.5 0.5 0.5 0.5 0.5 0.5 0.5 
0.5 0.5 0.5 0.5 0.5 0.5 0.5 0.5 0.5 
0.5 0.5 0.5 0.5 0.5 0.5 0.5 0.5 0.5 
0.5 0.5 0.5 0.5 0.5 0.5 0.5 0.5 0.5 
0.5 0.5 0.5 0.5 0.5 0.5 0.5 0.5 0.5 
0.5 0.5 0.5 0.5 0.5 0.5 0.5 0.5 0.5 
0.5 0.5 0.5 0.5 0.5 0.5 0.5 0.5 0.5 
0.5 0.5 0.5 0.5 0.5 0.5 0.5 0.5 0.5 
0.5 0.5 0.5 0.5 0.5 0.5 0.5 0.5 0.5 
0.5 0.5 0.5 0.5 0.5 0.5 0.5 0.5 0.5 
0.5 0.5 0.5 0.5 0.5 0.5 0.5 0.5 0.5 
0.5 0.5 0.5 0.5 0.5 0.5 0.5 0.5 0.5 
0.5 0.5 0.5 0.5 0.5 0.5 0.5 0.5 0.5 
0.5 0.5 0.5 0.5 0.5 0.5 0.5 0.5 0.5 
0.5 0.5 0.5 0.5 0.5 0.5 0.5 0.5 0.5 
0.5 0.5 0.5 0.5 0.5 0.5 0.5 0.5 0.5 
0.5 0.5 0.5 0.5 0.5 0.5 0.5 0.5 0.5 
0.5 0.5 0.5 0.5 0.5 0.5 0.5 0.5 0.5 
0.5 0.5 0.5 0.5 0.5 0.5 0.5 0.5 0.5 
0.5 0.5 0.5 0.5 0.5 0.5 0.5 0.5 0.5 
0.5 0.5 0.5 0.5 0.5 0.5 0.5 0.5 0.5 
0.5 0.5 0.5 0.5 0.5 0.5 0.5 0.5 0.5 
0.5 0.5 0.5 0.5 0.5 0.5 0.5 0.5 0.5 
0.5 0.5 0.5 0.5 0.5 0.5 0.5 0.5 0.5 
0.5 0.5 0.5 0.5 0.5 0.5 0.5 0.5 0.5 
0.5 0.5 0.5 0.5 0.5 0.5 0.5 0.5 0.5 
0.5 0.5 0.5 0.5 0.5 0.5 0.5 0.5 0.5 
0.5 0.5 0.5 0.5 0.5 0.5 0.5 0.5 0.5 
0.5 0.5 0.5 0.5 0.5 0.5 0.5 0.5 0.5 
0.5 0.5 0.5 0.5 0.5 0.5 0.5 0.5 0.5 
0.5 0.5 0.5 0.5 0.5 0.5 0.5 0.5 0.5 
0.5 0.5 0.5 0.5 0.5 0.5 0.5 0.5 0.5 
0.5 0.5 0.5 0.5 0.5 0.5 0.5 0.5 0.5 
0.5 0.5 0.5 0.5 0.5 0.5 0.5 0.5 0.5 
0.5 0.5 0.5 0.5 0.5 0.5 0.5 0.5 0.5 
0.5 0.5 0.5 0.5 0.5 0.5 0.5 0.5 0.5 
0.5 0.5 0.5 0.5 0.5 0.5 0.5 0.5 0.5 
0.5 0.5 0.5 0.5 0.5 0.5 0.5 0.5 0.5 
0.5 0.5 0.5 0.5 0.5 0.5 0.5 0.5 0.5 
0.5 0.5 0.5 0.5 0.5 0.5 0.5 0.5 0.5 
0.5 0.5 0.5 0.5 0.5 0.5 0.5 0.5 0.5 
0.5 0.5 0.5 0.5 0.5 0.5 0.5 0.5 0.5 
0.5 0.5 0.5 0.5 0.5 0.5 0.5 0.5 0.5 
0.5 0.5 0.5 0.5 0.5 0.5 0.5 0.5 0.5 
0.5 0.5 0.5 0.5 0.5 0.5 0.5 0.5 0.5 
0.5 0.5 0.5 0.5 0.5 0.5 0.5 0.5 0.5 
0.5 0.5 0.5 0.5 0.5 0.5 0.5 0.5 0.5 
0.5 0.5 0.5 0.5 0.5 0.5 0.5 0.5 0.5 
0.5 0.5 0.5 0.5 0.5 0.5 0.5 0.5 0.5 
0.5 0.5 0.5 0.5 0.5 0.5 0.5 0.5 0.5 
0.5 0.5 0.5 0.5 0.5 0.5 0.5 0.5 0.5 
0.5 0.5 0.5 0.5 0.5 0.5 0.5 0.5 0.5 
0.5 0.5 0.5 0.5 0.5 0.5 0.5 0.5 0.5 
0.5 0.5 0.5 0.5 0.5 0.5 0.5 0.5 0.5 
0.5 0.5 0.5 0.5 0.5 0.5 0.5 0.5 0.5 
0.5 0.5 0.5 0.5 0.5 0.5 0.5 0.5 0.5 
0.5 0.5 0.5 0.5 0.5 0.5 0.5 0.5 0.5 
0.5 0.5 0.5 0.5 0.5 0.5 0.5 0.5 0.5 
0.5 0.5 0.5 0.5 0.5 0.5 0.5 0.5 0.5 
0.5 0.5 0.5 0.5 0.5 0.5 0.5 0.5 0.5 
0.5 0.5 0.5 0.5 0.5 0.5 0.5 0.5 0.5 
0.5 0.5 0.5 0.5 0.5 0.5 0.5 0.5 0.5 
0.5 0.5 0.5 0.5 0.5 0.5 0.5 0.5 0.5 
0.5 0.5 0.5 0.5 0.5 0.5 0.5 0.5 0.5 
0.5 0.5 0.5 0.5 0.5 0.5 0.5 0.5 0.5 
0.5 0.5 0.5 0.5 0.5 0.5 0.5 0.5 0.5 
0.5 0.5 0.5 0.5 0.5 0.5 0.5 0.5 0.5 
0.5 0.5 0.5 0.5 0.5 0.5 0.5 0.5 0.5 
0.5 0.5 0.5 0.5 0.5 0.5 0.5 0.5 0.5 
0.5 0.5 0.5 0.5 0.5 0.5 0.5 0.5 0.5 
0.5 0.5 0.5 0.5 0.5 0.5 0.5 0.5 0.5 
0.5 0.5 0.5 0.5 0.5 0.5 0.5 0.5 0.5 
0.5 0.5 0.5 0.5 0.5 0.5 0.5 0.5 0.5 
0.5 0.5 0.5 0.5 0.5 0.5 0.5 0.5 0.5 
0.5 0.5 0.5 0.5 0.5 0.5 0.5 0.5 0.5 
0.5 0.5 0.5 0.5 0.5 0.5 0.5 0.5 0.5 
0.5 0.5 0.5 0.5 0.5 0.5 0.5 0.5 0.5 
0.5 0.5 0.5 0.5 0.5 0.5 0.5 0.5 0.5 
0.5 0.5 0.5 0.5 0.5 0.5 0.5 0.5 0.5 
0.5 0.5 0.5 0.5 0.5 0.5 0.5 0.5 0.5 
0.5 0.5 0.5 0.5 0.5 0.5 0.5 0.5 0.5 
0.5 0.5 0.5 0.5 0.5 0.5 0.5 0.5 0.5 
0.5 0.5 0.5 0.5 0.5 0.5 0.5 0.5 0.5 
0.5 0.5 0.5 0.5 0.5 0.5 0.5 0.5 0.5 
0.5 0.5 0.5 0.5 0.5 0.5 0.5 0.5 0.5 
0.5 0.5 0.5 0.5 0.5 0.5 0.5 0.5 0.5 
0.5 0.5 0.5 0.5 0.5 0.5 0.5 0.5 0.5 
0.5 0.5 0.5 0.5 0.5 0.5 0.5 0.5 0.5 
0.5 0.5 0.5 0.5 0.5 0.5 0.5 0.5 0.5 
0.5 0.5 0.5 0.5 0.5 0.5 0.5 0.5 0.5 
0.5 0.5 0.5 0.5 0.5 0.5 0.5 0.5 0.5 
0.5 0.5 0.5 0.5 0.5 0.5 0.5 0.5 0.5 
0.5 0.5 0.5 0.5 0.5 0.5 0.5 0.5 0.5 
0.5 0.5 0.5 0.5 0.5 0.5 0.5 0.5 0.5 
0.5 0.5 0.5 0.5 0.5 0.5 0.5 0.5 0.5 
0.5 0.5 0.5 0.5 0.5 0.5 0.5 0.5 0.5 
0.5 0.5 0.5 0.5 0.5 0.5 0.5 0.5 0.5 
0.5 0.5 0.5 0.5 0.5 0.5 0.5 0.5 0.5 
0.5 0.5 0.5 0.5 0.5 0.5 0.5 0.5 0.5 
0.5 0.5 0.5 0.5 0.5 0.5 0.5 0.5 0.5 
0.5 0.5 0.5 0.5 0.5 0.5 0.5 0.5 0.5 
0.5 0.5 0.5 0.5 0.5 0.5 0.5 0.5 0.5 
0.5 0.5 0.5 0.5 0.5 0.5 0.5 0.5 0.5 
0.5 0.5 0.5 0.5 0.5 0.5 0.5 0.5 0.5 
0.5 0.5 0.5 0.5 0.5 0.5 0.5 0.5 0.5 
0.5 0.5 0.5 0.5 0.5 0.5 0.5 0.5 0.5 
0.5 0.5 0.5 0.5 0.5 0.5 0.5 0.5 0.5 
0.5 0.5 0.5 0.5 0.5 0.5 
NORMALS Normals float
-0.0726006 -0.358856 -0.930565 -5.19766e-16 -0.358879 -0.933384 0.0726006 -0.358856 -0.930565 
-0.216811 -0.288124 -0.932726 -0.144735 -0.287924 -0.946653 -0.0724213 -0.287825 -0.954941 
-6.43055e-16 -0.287826 -0.957683 0.0724213 -0.287825 -0.954941 0.144735 -0.287924 -0.946653 
0.216811 -0.288124 -0.932726 -0.288124 -0.216811 -0.932726 -0.216493 -0.216493 -0.951978 
-0.144663 -0.216549 -0.965494 -0.072547 -0.216939 -0.973486 -1.29076e-16 -0.217152 -0.976138 
0.072547 -0.216939 -0.973486 0.144663 -0.216549 -0.965494 0.216493 -0.216493 -0.951978 
0.288124 -0.216811 -0.932726 -0.287924 -0.144735 -0.946653 -0.216549 -0.144663 -0.965494 
-0.145218 -0.145218 -0.978685 -0.0730589 -0.145937 -0.986593 -3.28615e-16 -0.14625 -0.989248 
0.0730589 -0.145937 -0.986593 0.145218 -0.145218 -0.978685 0.216549 -0.144663 -0.965494 
0.287924 -0.144735 -0.946653 -0.358856 -0.0726006 -0.930565 -0.287825 -0.0724213 -0.954941 
-0.216939 -0.072547 -0.973486 -0.145937 -0.0730589 -0.986593 -0.0735867 -0.0735867 -0.99457 
8.16883e-16 -0.0738004 -0.997273 0.0735867 -0.0735867 -0.99457 0.145937 -0.0730589 -0.986593 
0.216939 -0.072547 -0.973486 0.287825 -0.0724213 -0.954941 0.358856 -0.0726006 -0.930565 
-0.358879 -0 -0.933384 -0.287826 -8.5513e-17 -0.957683 -0.217152 4.75752e-16 -0.976138 
-0.14625 -4.18101e-17 -0.989248 -0.0738004 -2.80937e-16 -0.997273 -6.31838e-16 -2.26399e-16 -1 
0.0738004 -2.38843e-16 -0.997273 0.14625 7.77543e-17 -0.989248 0.217152 -0 -0.976138 
0.287826 -3.73171e-18 -0.957683 0.358879 7.01494e-16 -0.933384 -0.358856 0.0726006 -0.930565 
-0.287825 0.0724213 -0.954941 -0.216939 0.072547 -0.973486 -0.145937 0.0730589 -0.986593 
-0.0735867 0.0735867 -0.99457 8.58977e-16 0.0738004 -0.997273 0.0735867 0.0735867 -0.99457 
0.145937 0.0730589 -0.986593 0.216939 0.072547 -0.973486 0.287825 0.0724213 -0.954941 
0.358856 0.0726006 -0.930565 -0.287924 0.144735 -0.946653 -0.216549 0.144663 -0.965494 
-0.145218 0.145218 -0.978685 -0.0730589 0.145937 -0.986593 -4.54045e-16 0.14625 -0.989248 
0.0730589 0.145937 -0.986593 0.145218 0.145218 -0.978685 0.216549 0.144663 -0.965494 
0.287924 0.144735 -0.946653 -0.288124 0.216811 -0.932726 -0.216493 0.216493 -0.951978 
-0.144663 0.216549 -0.965494 -0.072547 0.216939 -0.973486 -1.77944e-16 0.217152 -0.976138 
0.072547 0.216939 -0.973486 0.144663 0.216549 -0.965494 0.216493 0.216493 -0.951978 
0.288124 0.216811 -0.932726 -0.216811 0.288124 -0.932726 -0.144735 0.287924 -0.946653 
-0.0724213 0.287825 -0.954941 2.41612e-16 0.287826 -0.957683 0.0724213 0.287825 -0.954941 
0.144735 0.287924 -0.946653 0.216811 0.288124 -0.932726 -0.0726006 0.358856 -0.930565 
-5.16134e-16 0.358879 -0.933384 0.0726006 0.358856 -0.930565 -0.142594 -0.488574 -0.860792 
-0.071409 -0.489013 -0.869349 3.60583e-16 -0.489135 -0.872208 0.071409 -0.489013 -0.869349 
0.142594 -0.488574 -0.860792 -0.0725941 -0.364968 -0.928186 -4.91193e-16 -0.371175 -0.928563 
0.0725941 -0.364968 -0.928186 -0.283056 -0.420631 -0.861945 -0.213024 -0.421102 -0.881643 
-0.142502 -0.42182 -0.895411 -0.071487 -0.422679 -0.903456 -1.94457e-16 -0.423061 -0.906101 
0.071487 -0.422679 -0.903456 0.142502 -0.42182 -0.895411 0.213024 -0.421102 -0.881643 
0.283056 -0.420631 -0.861945 -0.096829 -0.358987 -0.928306 0.096829 -0.358987 -0.928306 
-0.216804 -0.303535 -0.927827 -0.144908 -0.343 -0.928091 0.144908 -0.343 -0.928091 
0.216804 -0.303535 -0.927827 -0.352223 -0.352223 -0.867109 -0.283186 -0.352647 -0.891877 
-0.214179 -0.354529 -0.910185 -0.144326 -0.357324 -0.922762 0.144326 -0.357324 -0.922762 
0.214179 -0.354529 -0.910185 0.283186 -0.352647 -0.891877 0.352223 -0.352223 -0.867109 
-0.237042 -0.288147 -0.927783 0.237042 -0.288147 -0.927783 -0.288147 -0.237042 -0.927783 
0.288147 -0.237042 -0.927783 -0.420631 -0.283056 -0.861945 -0.352647 -0.283186 -0.891877 
-0.285413 -0.285413 -0.91492 0.285413 -0.285413 -0.91492 0.352647 -0.283186 -0.891877 
0.420631 -0.283056 -0.861945 -0.303535 -0.216804 -0.927827 0.303535 -0.216804 -0.927827 
-0.421102 -0.213024 -0.881643 -0.354529 -0.214179 -0.910185 0.354529 -0.214179 -0.910185 
0.421102 -0.213024 -0.881643 -0.343 -0.144908 -0.928091 0.343 -0.144908 -0.928091 
-0.358987 -0.096829 -0.928306 0.358987 -0.096829 -0.928306 -0.488574 -0.142594 -0.860792 
-0.42182 -0.142502 -0.895411 -0.357324 -0.144326 -0.922762 0.357324 -0.144326 -0.922762 
0.42182 -0.142502 -0.895411 0.488574 -0.142594 -0.860792 -0.364968 -0.0725941 -0.928186 
0.364968 -0.0725941 -0.928186 -0.489013 -0.071409 -0.869349 -0.422679 -0.071487 -0.903456 
0.422679 -0.071487 -0.903456 0.489013 -0.071409 -0.869349 -0.371175 1.73435e-17 -0.928563 
0.371175 6.26018e-16 -0.928563 -0.489135 7.51282e-17 -0.872208 -0.423061 1.94477e-16 -0.906101 
0.423061 -6.48514e-17 -0.906101 0.489135 1.709e-16 -0.872208 -0.364968 0.0725941 -0.928186 
0.364968 0.0725941 -0.928186 -0.358987 0.096829 -0.928306 0.358987 0.096829 -0.928306 
-0.489013 0.071409 -0.869349 -0.422679 0.071487 -0.903456 0.422679 0.071487 -0.903456 
0.489013 0.071409 -0.869349 -0.343 0.144908 -0.928091 0.343 0.144908 -0.928091 
-0.488574 0.142594 -0.860792 -0.42182 0.142502 -0.895411 -0.357324 0.144326 -0.922762 
0.357324 0.144326 -0.922762 0.42182 0.142502 -0.895411 0.488574 0.142594 -0.860792 
-0.303535 0.216804 -0.927827 0.303535 0.216804 -0.927827 -0.288147 0.237042 -0.927783 
0.288147 0.237042 -0.927783 -0.421102 0.213024 -0.881643 -0.354529 0.214179 -0.910185 
0.354529 0.214179 -0.910185 0.421102 0.213024 -0.881643 -0.237042 0.288147 -0.927783 
0.237042 0.288147 -0.927783 -0.216804 0.303535 -0.927827 -0.144908 0.343 -0.928091 
0.144908 0.343 -0.928091 0.216804 0.303535 -0.927827 -0.420631 0.283056 -0.861945 
-0.352647 0.283186 -0.891877 -0.285413 0.285413 -0.91492 0.285413 0.285413 -0.91492 
0.352647 0.283186 -0.891877 0.420631 0.283056 -0.861945 -0.096829 0.358987 -0.928306 
0.096829 0.358987 -0.928306 -0.0725941 0.364968 -0.928186 -4.91193e-16 0.371175 -0.928563 
0.0725941 0.364968 -0.928186 -0.352223 0.352223 -0.867109 -0.283186 0.352647 -0.891877 
-0.214179 0.354529 -0.910185 -0.144326 0.357324 -0.922762 0.144326 0.357324 -0.922762 
0.214179 0.354529 -0.910185 0.283186 0.352647 -0.891877 0.352223 0.352223 -0.867109 
-0.283056 0.420631 -0.861945 -0.213024 0.421102 -0.881643 -0.142502 0.42182 -0.895411 
-0.071487 0.422679 -0.903456 -5.18618e-16 0.423061 -0.906101 0.071487 0.422679 -0.903456 
0.142502 0.42182 -0.895411 0.213024 0.421102 -0.881643 0.283056 0.420631 -0.861945 
-0.142594 0.488574 -0.860792 -0.071409 0.489013 -0.869349 1.89682e-16 0.489135 -0.872208 
0.071409 0.489013 -0.869349 0.142594 0.488574 -0.860792 -0.142573 -0.492678 -0.858453 
-0.0713837 -0.505843 -0.859667 3.71889e-16 -0.510329 -0.859979 0.0713837 -0.505843 -0.859667 
0.142573 -0.492678 -0.858453 -0.210965 -0.548941 -0.8088 -0.141067 -0.549931 -0.823211 
-0.0707076 -0.550698 -0.831705 3.82625e-16 -0.551007 -0.834501 0.0707076 -0.550698 -0.831705 
0.141067 -0.549931 -0.823211 0.210965 -0.548941 -0.8088 -0.156682 -0.48855 -0.858353 
0.156682 -0.48855 -0.858353 -0.282965 -0.430478 -0.857099 -0.212992 -0.467159 -0.858136 
0.212992 -0.467159 -0.858136 0.282965 -0.430478 -0.857099 -0.348169 -0.482194 -0.803908 
-0.280199 -0.48351 -0.829281 -0.212031 -0.48598 -0.84786 0.212031 -0.48598 -0.84786 
0.280199 -0.48351 -0.829281 0.348169 -0.482194 -0.803908 -0.298126 -0.420483 -0.856922 
0.298126 -0.420483 -0.856922 -0.352016 -0.376514 -0.856926 0.352016 -0.376514 -0.856926 
-0.415591 -0.415591 -0.809053 -0.349353 -0.417235 -0.838969 0.349353 -0.417235 -0.838969 
0.415591 -0.415591 -0.809053 -0.376514 -0.352016 -0.856926 0.376514 -0.352016 -0.856926 
-0.420483 -0.298126 -0.856922 0.420483 -0.298126 -0.856922 -0.482194 -0.348169 -0.803908 
-0.417235 -0.349353 -0.838969 0.417235 -0.349353 -0.838969 0.482194 -0.348169 -0.803908 
-0.430478 -0.282965 -0.857099 0.430478 -0.282965 -0.857099 -0.48351 -0.280199 -0.829281 
0.48351 -0.280199 -0.829281 -0.467159 -0.212992 -0.858136 0.467159 -0.212992 -0.858136 
-0.48855 -0.156682 -0.858353 0.48855 -0.156682 -0.858353 -0.548941 -0.210965 -0.8088 
-0.48598 -0.212031 -0.84786 0.48598 -0.212031 -0.84786 0.548941 -0.210965 -0.8088 
-0.492678 -0.142573 -0.858453 0.492678 -0.142573 -0.858453 -0.549931 -0.141067 -0.823211 
0.549931 -0.141067 -0.823211 -0.505843 -0.0713837 -0.859667 0.505843 -0.0713837 -0.859667 
-0.550698 -0.0707076 -0.831705 0.550698 -0.0707076 -0.831705 -0.510329 1.26173e-16 -0.859979 
0.510329 5.97717e-17 -0.859979 -0.551007 3.06656e-16 -0.834501 0.551007 -1.15343e-16 -0.834501 
-0.505843 0.0713837 -0.859667 0.505843 0.0713837 -0.859667 -0.550698 0.0707076 -0.831705 
0.550698 0.0707076 -0.831705 -0.492678 0.142573 -0.858453 0.492678 0.142573 -0.858453 
-0.48855 0.156682 -0.858353 0.48855 0.156682 -0.858353 -0.549931 0.141067 -0.823211 
0.549931 0.141067 -0.823211 -0.467159 0.212992 -0.858136 0.467159 0.212992 -0.858136 
-0.548941 0.210965 -0.8088 -0.48598 0.212031 -0.84786 0.48598 0.212031 -0.84786 
0.548941 0.210965 -0.8088 -0.430478 0.282965 -0.857099 0.430478 0.282965 -0.857099 
-0.420483 0.298126 -0.856922 0.420483 0.298126 -0.856922 -0.48351 0.280199 -0.829281 
0.48351 0.280199 -0.829281 -0.376514 0.352016 -0.856926 0.376514 0.352016 -0.856926 
-0.352016 0.376514 -0.856926 0.352016 0.376514 -0.856926 -0.482194 0.348169 -0.803908 
-0.417235 0.349353 -0.838969 0.417235 0.349353 -0.838969 0.482194 0.348169 -0.803908 
-0.298126 0.420483 -0.856922 0.298126 0.420483 -0.856922 -0.282965 0.430478 -0.857099 
-0.212992 0.467159 -0.858136 0.212992 0.467159 -0.858136 0.282965 0.430478 -0.857099 
-0.415591 0.415591 -0.809053 -0.349353 0.417235 -0.838969 0.349353 0.417235 -0.838969 
0.415591 0.415591 -0.809053 -0.156682 0.48855 -0.858353 0.156682 0.48855 -0.858353 
-0.142573 0.492678 -0.858453 -0.0713837 0.505843 -0.859667 2.49031e-16 0.510329 -0.859979 
0.0713837 0.505843 -0.859667 0.142573 0.492678 -0.858453 -0.348169 0.482194 -0.803908 
-0.280199 0.48351 -0.829281 -0.212031 0.48598 -0.84786 0.212031 0.48598 -0.84786 
0.280199 0.48351 -0.829281 0.348169 0.482194 -0.803908 -0.210965 0.548941 -0.8088 
-0.141067 0.549931 -0.823211 -0.0707076 0.550698 -0.831705 5.34563e-16 0.551007 -0.834501 
0.0707076 0.550698 -0.831705 0.141067 0.549931 -0.823211 0.210965 0.548941 -0.8088 
-0.0705247 -0.673317 -0.735983 1.31854e-16 -0.673734 -0.738974 0.0705247 -0.673317 -0.735983 
-0.21085 -0.570532 -0.793748 -0.141016 -0.590368 -0.79472 -0.0707107 -0.602347 -0.795096 
3.66208e-16 -0.606328 -0.795215 0.0707107 -0.602347 -0.795096 0.141016 -0.590368 -0.79472 
0.21085 -0.570532 -0.793748 -0.278465 -0.608477 -0.74311 -0.209788 -0.610091 -0.764054 
-0.140561 -0.611515 -0.778648 -0.0705894 -0.612698 -0.787159 3.18306e-16 -0.613168 -0.789953 
0.0705894 -0.612698 -0.787159 0.140561 -0.611515 -0.778648 0.209788 -0.610091 -0.764054 
0.278465 -0.608477 -0.74311 -0.270237 -0.547739 -0.791805 0.270237 -0.547739 -0.791805 
-0.347901 -0.503015 -0.791165 -0.27996 -0.543206 -0.791549 0.27996 -0.543206 -0.791549 
0.347901 -0.503015 -0.791165 -0.412297 -0.542643 -0.731813 -0.346039 -0.544419 -0.76411 
-0.279766 -0.547139 -0.788904 0.279766 -0.547139 -0.788904 0.346039 -0.544419 -0.76411 
0.412297 -0.542643 -0.731813 -0.378241 -0.481588 -0.790574 0.378241 -0.481588 -0.790574 
-0.415034 -0.450541 -0.790417 0.415034 -0.450541 -0.790417 -0.47793 -0.47793 -0.736998 
-0.41334 -0.479487 -0.774107 0.41334 -0.479487 -0.774107 0.47793 -0.47793 -0.736998 
-0.450541 -0.415034 -0.790417 0.450541 -0.415034 -0.790417 -0.481588 -0.378241 -0.790574 
0.481588 -0.378241 -0.790574 -0.542643 -0.412297 -0.731813 -0.479487 -0.41334 -0.774107 
0.479487 -0.41334 -0.774107 0.542643 -0.412297 -0.731813 -0.503015 -0.347901 -0.791165 
0.503015 -0.347901 -0.791165 -0.544419 -0.346039 -0.76411 0.544419 -0.346039 -0.76411 
-0.543206 -0.27996 -0.791549 0.543206 -0.27996 -0.791549 -0.547739 -0.270237 -0.791805 
0.547739 -0.270237 -0.791805 -0.608477 -0.278465 -0.74311 -0.547139 -0.279766 -0.788904 
0.547139 -0.279766 -0.788904 0.608477 -0.278465 -0.74311 -0.570532 -0.21085 -0.793748 
0.570532 -0.21085 -0.793748 -0.610091 -0.209788 -0.764054 0.610091 -0.209788 -0.764054 
-0.590368 -0.141016 -0.79472 0.590368 -0.141016 -0.79472 -0.611515 -0.140561 -0.778648 
0.611515 -0.140561 -0.778648 -0.602347 -0.0707107 -0.795096 0.602347 -0.0707107 -0.795096 
-0.673317 -0.0705247 -0.735983 -0.612698 -0.0705894 -0.787159 0.612698 -0.0705894 -0.787159 
0.673317 -0.0705247 -0.735983 -0.606328 1.02392e-16 -0.795215 0.606328 1.61424e-16 -0.795215 
-0.673734 3.14908e-16 -0.738974 -0.613168 6.72871e-17 -0.789953 0.613168 2.16503e-16 -0.789953 
0.673734 -3.31975e-16 -0.738974 -0.602347 0.0707107 -0.795096 0.602347 0.0707107 -0.795096 
-0.673317 0.0705247 -0.735983 -0.612698 0.0705894 -0.787159 0.612698 0.0705894 -0.787159 
0.673317 0.0705247 -0.735983 -0.590368 0.141016 -0.79472 0.590368 0.141016 -0.79472 
-0.611515 0.140561 -0.778648 0.611515 0.140561 -0.778648 -0.570532 0.21085 -0.793748 
0.570532 0.21085 -0.793748 -0.547739 0.270237 -0.791805 0.547739 0.270237 -0.791805 
-0.610091 0.209788 -0.764054 0.610091 0.209788 -0.764054 -0.543206 0.27996 -0.791549 
0.543206 0.27996 -0.791549 -0.608477 0.278465 -0.74311 -0.547139 0.279766 -0.788904 
0.547139 0.279766 -0.788904 0.608477 0.278465 -0.74311 -0.503015 0.347901 -0.791165 
0.503015 0.347901 -0.791165 -0.481588 0.378241 -0.790574 0.481588 0.378241 -0.790574 
-0.544419 0.346039 -0.76411 0.544419 0.346039 -0.76411 -0.450541 0.415034 -0.790417 
0.450541 0.415034 -0.790417 -0.415034 0.450541 -0.790417 0.415034 0.450541 -0.790417 
-0.542643 0.412297 -0.731813 -0.479487 0.41334 -0.774107 0.479487 0.41334 -0.774107 
0.542643 0.412297 -0.731813 -0.378241 0.481588 -0.790574 0.378241 0.481588 -0.790574 
-0.347901 0.503015 -0.791165 -0.27996 0.543206 -0.791549 0.27996 0.543206 -0.791549 
0.347901 0.503015 -0.791165 -0.47793 0.47793 -0.736998 -0.41334 0.479487 -0.774107 
0.41334 0.479487 -0.774107 0.47793 0.47793 -0.736998 -0.270237 0.547739 -0.791805 
0.270237 0.547739 -0.791805 -0.21085 0.570532 -0.793748 -0.141016 0.590368 -0.79472 
-0.0707107 0.602347 -0.795096 6.51704e-16 0.606328 -0.795215 0.0707107 0.602347 -0.795096 
0.141016 0.590368 -0.79472 0.21085 0.570532 -0.793748 -0.412297 0.542643 -0.731813 
-0.346039 0.544419 -0.76411 -0.279766 0.547139 -0.788904 0.279766 0.547139 -0.788904 
0.346039 0.544419 -0.76411 0.412297 0.542643 -0.731813 -0.278465 0.608477 -0.74311 
-0.209788 0.610091 -0.764054 -0.140561 0.611515 -0.778648 -0.0705894 0.612698 -0.787159 
6.02096e-16 0.613168 -0.789953 0.0705894 0.612698 -0.787159 0.140561 0.611515 -0.778648 
0.209788 0.610091 -0.764054 0.278465 0.608477 -0.74311 -0.0705247 0.673317 -0.735983 
6.46883e-16 0.673734 -0.738974 0.0705247 0.673317 -0.735983 -0.0705222 -0.676005 -0.733514 
1.45875e-16 -0.679158 -0.733992 0.0705222 -0.676005 -0.733514 -0.0705222 -0.733514 -0.676005 
-1.84719e-17 -0.733992 -0.679158 0.0705222 -0.733514 -0.676005 -0.0939403 -0.673249 -0.733424 
0.0939403 -0.673249 -0.733424 -0.278372 -0.624027 -0.730136 -0.209703 -0.648571 -0.731697 
-0.14054 -0.66602 -0.732575 0.14054 -0.66602 -0.732575 0.209703 -0.648571 -0.731697 
0.278372 -0.624027 -0.730136 -0.277882 -0.669277 -0.689094 -0.209462 -0.670842 -0.711405 
-0.140489 -0.67217 -0.726946 0.140489 -0.67217 -0.726946 0.209462 -0.670842 -0.711405 
0.277882 -0.669277 -0.689094 -0.315912 -0.607391 -0.728887 0.315912 -0.607391 -0.728887 
-0.412189 -0.549585 -0.726675 -0.345652 -0.591846 -0.728178 0.345652 -0.591846 -0.728178 
0.412189 -0.549585 -0.726675 -0.411025 -0.604263 -0.682587 -0.345239 -0.606014 -0.716629 
0.345239 -0.606014 -0.716629 0.411025 -0.604263 -0.682587 -0.421943 -0.542384 -0.726488 
0.421943 -0.542384 -0.726488 -0.477577 -0.494368 -0.726306 0.477577 -0.494368 -0.726306 
-0.476073 -0.540521 -0.69368 0.476073 -0.540521 -0.69368 -0.494368 -0.477577 -0.726306 
0.494368 -0.477577 -0.726306 -0.542384 -0.421943 -0.726488 0.542384 -0.421943 -0.726488 
-0.540521 -0.476073 -0.69368 0.540521 -0.476073 -0.69368 -0.549585 -0.412189 -0.726675 
0.549585 -0.412189 -0.726675 -0.604263 -0.411025 -0.682587 0.604263 -0.411025 -0.682587 
-0.591846 -0.345652 -0.728178 0.591846 -0.345652 -0.728178 -0.607391 -0.315912 -0.728887 
0.607391 -0.315912 -0.728887 -0.606014 -0.345239 -0.716629 0.606014 -0.345239 -0.716629 
-0.624027 -0.278372 -0.730136 0.624027 -0.278372 -0.730136 -0.669277 -0.277882 -0.689094 
0.669277 -0.277882 -0.689094 -0.648571 -0.209703 -0.731697 0.648571 -0.209703 -0.731697 
-0.670842 -0.209462 -0.711405 0.670842 -0.209462 -0.711405 -0.66602 -0.14054 -0.732575 
0.66602 -0.14054 -0.732575 -0.673249 -0.0939403 -0.733424 0.673249 -0.0939403 -0.733424 
-0.67217 -0.140489 -0.726946 0.67217 -0.140489 -0.726946 -0.676005 -0.0705222 -0.733514 
0.676005 -0.0705222 -0.733514 -0.733514 -0.0705222 -0.676005 0.733514 -0.0705222 -0.676005 
-0.679158 3.19458e-16 -0.733992 0.679158 -3.28694e-16 -0.733992 -0.733992 -9.23597e-18 -0.679158 
0.733992 -1.64347e-16 -0.679158 -0.676005 0.0705222 -0.733514 0.676005 0.0705222 -0.733514 
-0.673249 0.0939403 -0.733424 0.673249 0.0939403 -0.733424 -0.733514 0.0705222 -0.676005 
0.733514 0.0705222 -0.676005 -0.66602 0.14054 -0.732575 0.66602 0.14054 -0.732575 
-0.67217 0.140489 -0.726946 0.67217 0.140489 -0.726946 -0.648571 0.209703 -0.731697 
0.648571 0.209703 -0.731697 -0.670842 0.209462 -0.711405 0.670842 0.209462 -0.711405 
-0.624027 0.278372 -0.730136 0.624027 0.278372 -0.730136 -0.607391 0.315912 -0.728887 
0.607391 0.315912 -0.728887 -0.669277 0.277882 -0.689094 0.669277 0.277882 -0.689094 
-0.591846 0.345652 -0.728178 0.591846 0.345652 -0.728178 -0.606014 0.345239 -0.716629 
0.606014 0.345239 -0.716629 -0.549585 0.412189 -0.726675 0.549585 0.412189 -0.726675 
-0.542384 0.421943 -0.726488 0.542384 0.421943 -0.726488 -0.604263 0.411025 -0.682587 
0.604263 0.411025 -0.682587 -0.494368 0.477577 -0.726306 0.494368 0.477577 -0.726306 
-0.477577 0.494368 -0.726306 0.477577 0.494368 -0.726306 -0.540521 0.476073 -0.69368 
0.540521 0.476073 -0.69368 -0.421943 0.542384 -0.726488 0.421943 0.542384 -0.726488 
-0.412189 0.549585 -0.726675 -0.345652 0.591846 -0.728178 0.345652 0.591846 -0.728178 
0.412189 0.549585 -0.726675 -0.476073 0.540521 -0.69368 0.476073 0.540521 -0.69368 
-0.315912 0.607391 -0.728887 0.315912 0.607391 -0.728887 -0.278372 0.624027 -0.730136 
-0.209703 0.648571 -0.731697 -0.14054 0.66602 -0.732575 0.14054 0.66602 -0.732575 
0.209703 0.648571 -0.731697 0.278372 0.624027 -0.730136 -0.411025 0.604263 -0.682587 
-0.345239 0.606014 -0.716629 0.345239 0.606014 -0.716629 0.411025 0.604263 -0.682587 
-0.0939403 0.673249 -0.733424 0.0939403 0.673249 -0.733424 -0.0705222 0.676005 -0.733514 
6.01972e-16 0.679158 -0.733992 0.0705222 0.676005 -0.733514 -0.277882 0.669277 -0.689094 
-0.209462 0.670842 -0.711405 -0.140489 0.67217 -0.726946 0.140489 0.67217 -0.726946 
0.209462 0.670842 -0.711405 0.277882 0.669277 -0.689094 -0.0705222 0.733514 -0.676005 
6.01972e-16 0.733992 -0.679158 0.0705222 0.733514 -0.676005 -0.0705247 -0.735983 -0.673317 
-1.70668e-17 -0.738974 -0.673734 0.0705247 -0.735983 -0.673317 -0.0939403 -0.733424 -0.673249 
0.0939403 -0.733424 -0.673249 -0.277882 -0.689094 -0.669277 -0.209462 -0.711405 -0.670842 
-0.140489 -0.726946 -0.67217 0.140489 -0.726946 -0.67217 0.209462 -0.711405 -0.670842 
0.277882 -0.689094 -0.669277 -0.278372 -0.730136 -0.624027 -0.209703 -0.731697 -0.648571 
-0.14054 -0.732575 -0.66602 0.14054 -0.732575 -0.66602 0.209703 -0.731697 -0.648571 
0.278372 -0.730136 -0.624027 -0.330434 -0.667388 -0.667388 0.330434 -0.667388 -0.667388 
-0.410915 -0.623101 -0.665503 -0.345067 -0.660543 -0.666793 0.345067 -0.660543 -0.666793 
0.410915 -0.623101 -0.665503 -0.410915 -0.665503 -0.623101 -0.345067 -0.666793 -0.660543 
0.345067 -0.666793 -0.660543 0.410915 -0.665503 -0.623101 -0.440629 -0.603376 -0.664667 
0.440629 -0.603376 -0.664667 -0.475589 -0.576858 -0.664116 0.475589 -0.576858 -0.664116 
-0.475227 -0.602407 -0.6413 0.475227 -0.602407 -0.6413 -0.518184 -0.539568 -0.66359 
0.518184 -0.539568 -0.66359 -0.539568 -0.518184 -0.66359 0.539568 -0.518184 -0.66359 
-0.539029 -0.539029 -0.647222 0.539029 -0.539029 -0.647222 -0.576858 -0.475589 -0.664116 
0.576858 -0.475589 -0.664116 -0.603376 -0.440629 -0.664667 0.603376 -0.440629 -0.664667 
-0.602407 -0.475227 -0.6413 0.602407 -0.475227 -0.6413 -0.623101 -0.410915 -0.665503 
0.623101 -0.410915 -0.665503 -0.665503 -0.410915 -0.623101 0.665503 -0.410915 -0.623101 
-0.660543 -0.345067 -0.666793 0.660543 -0.345067 -0.666793 -0.667388 -0.330434 -0.667388 
0.667388 -0.330434 -0.667388 -0.666793 -0.345067 -0.660543 0.666793 -0.345067 -0.660543 
-0.689094 -0.277882 -0.669277 0.689094 -0.277882 -0.669277 -0.730136 -0.278372 -0.624027 
0.730136 -0.278372 -0.624027 -0.711405 -0.209462 -0.670842 0.711405 -0.209462 -0.670842 
-0.731697 -0.209703 -0.648571 0.731697 -0.209703 -0.648571 -0.726946 -0.140489 -0.67217 
0.726946 -0.140489 -0.67217 -0.733424 -0.0939403 -0.673249 0.733424 -0.0939403 -0.673249 
-0.732575 -0.14054 -0.66602 0.732575 -0.14054 -0.66602 -0.735983 -0.0705247 -0.673317 
0.735983 -0.0705247 -0.673317 -0.738974 -8.53339e-18 -0.673734 0.738974 -1.74521e-16 -0.673734 
-0.735983 0.0705247 -0.673317 0.735983 0.0705247 -0.673317 -0.733424 0.0939403 -0.673249 
0.733424 0.0939403 -0.673249 -0.726946 0.140489 -0.67217 0.726946 0.140489 -0.67217 
-0.732575 0.14054 -0.66602 0.732575 0.14054 -0.66602 -0.711405 0.209462 -0.670842 
0.711405 0.209462 -0.670842 -0.731697 0.209703 -0.648571 0.731697 0.209703 -0.648571 
-0.689094 0.277882 -0.669277 0.689094 0.277882 -0.669277 -0.667388 0.330434 -0.667388 
0.667388 0.330434 -0.667388 -0.730136 0.278372 -0.624027 0.730136 0.278372 -0.624027 
-0.660543 0.345067 -0.666793 0.660543 0.345067 -0.666793 -0.666793 0.345067 -0.660543 
0.666793 0.345067 -0.660543 -0.623101 0.410915 -0.665503 0.623101 0.410915 -0.665503 
-0.603376 0.440629 -0.664667 0.603376 0.440629 -0.664667 -0.665503 0.410915 -0.623101 
0.665503 0.410915 -0.623101 -0.576858 0.475589 -0.664116 0.576858 0.475589 -0.664116 
-0.539568 0.518184 -0.66359 0.539568 0.518184 -0.66359 -0.602407 0.475227 -0.6413 
0.602407 0.475227 -0.6413 -0.518184 0.539568 -0.66359 0.518184 0.539568 -0.66359 
-0.475589 0.576858 -0.664116 0.475589 0.576858 -0.664116 -0.539029 0.539029 -0.647222 
0.539029 0.539029 -0.647222 -0.440629 0.603376 -0.664667 0.440629 0.603376 -0.664667 
-0.410915 0.623101 -0.665503 -0.345067 0.660543 -0.666793 0.345067 0.660543 -0.666793 
0.410915 0.623101 -0.665503 -0.475227 0.602407 -0.6413 0.475227 0.602407 -0.6413 
-0.330434 0.667388 -0.667388 0.330434 0.667388 -0.667388 -0.277882 0.689094 -0.669277 
-0.209462 0.711405 -0.670842 -0.140489 0.726946 -0.67217 0.140489 0.726946 -0.67217 
0.209462 0.711405 -0.670842 0.277882 0.689094 -0.669277 -0.410915 0.665503 -0.623101 
-0.345067 0.666793 -0.660543 0.345067 0.666793 -0.660543 0.410915 0.665503 -0.623101 
-0.0939403 0.733424 -0.673249 0.0939403 0.733424 -0.673249 -0.0705247 0.735983 -0.673317 
6.04216e-16 0.738974 -0.673734 0.0705247 0.735983 -0.673317 -0.278372 0.730136 -0.624027 
-0.209703 0.731697 -0.648571 -0.14054 0.732575 -0.66602 0.14054 0.732575 -0.66602 
0.209703 0.731697 -0.648571 0.278372 0.730136 -0.624027 -0.278465 -0.74311 -0.608477 
-0.209788 -0.764054 -0.610091 -0.140561 -0.778648 -0.611515 -0.0705894 -0.787159 -0.612698 
6.02096e-16 -0.789953 -0.613168 0.0705894 -0.787159 -0.612698 0.140561 -0.778648 -0.611515 
0.209788 -0.764054 -0.610091 0.278465 -0.74311 -0.608477 -0.21085 -0.793748 -0.570532 
-0.141016 -0.79472 -0.590368 -0.0707107 -0.795096 -0.602347 6.30024e-16 -0.795215 -0.606328 
0.0707107 -0.795096 -0.602347 0.141016 -0.79472 -0.590368 0.21085 -0.793748 -0.570532 
-0.315912 -0.728887 -0.607391 0.315912 -0.728887 -0.607391 -0.411025 -0.682587 -0.604263 
-0.345239 -0.716629 -0.606014 0.345239 -0.716629 -0.606014 0.411025 -0.682587 -0.604263 
-0.412189 -0.726675 -0.549585 -0.345652 -0.728178 -0.591846 0.345652 -0.728178 -0.591846 
0.412189 -0.726675 -0.549585 -0.440629 -0.664667 -0.603376 0.440629 -0.664667 -0.603376 
-0.475227 -0.6413 -0.602407 0.475227 -0.6413 -0.602407 -0.475589 -0.664116 -0.576858 
0.475589 -0.664116 -0.576858 -0.526032 -0.60137 -0.60137 0.526032 -0.60137 -0.60137 
-0.538552 -0.59035 -0.601206 0.538552 -0.59035 -0.601206 -0.538552 -0.601206 -0.59035 
0.538552 -0.601206 -0.59035 -0.59035 -0.538552 -0.601206 0.59035 -0.538552 -0.601206 
-0.60137 -0.526032 -0.60137 0.60137 -0.526032 -0.60137 -0.601206 -0.538552 -0.59035 
0.601206 -0.538552 -0.59035 -0.6413 -0.475227 -0.602407 0.6413 -0.475227 -0.602407 
-0.664667 -0.440629 -0.603376 0.664667 -0.440629 -0.603376 -0.664116 -0.475589 -0.576858 
0.664116 -0.475589 -0.576858 -0.682587 -0.411025 -0.604263 0.682587 -0.411025 -0.604263 
-0.726675 -0.412189 -0.549585 0.726675 -0.412189 -0.549585 -0.716629 -0.345239 -0.606014 
0.716629 -0.345239 -0.606014 -0.728887 -0.315912 -0.607391 0.728887 -0.315912 -0.607391 
-0.728178 -0.345652 -0.591846 0.728178 -0.345652 -0.591846 -0.74311 -0.278465 -0.608477 
0.74311 -0.278465 -0.608477 -0.764054 -0.209788 -0.610091 0.764054 -0.209788 -0.610091 
-0.793748 -0.21085 -0.570532 0.793748 -0.21085 -0.570532 -0.778648 -0.140561 -0.611515 
0.778648 -0.140561 -0.611515 -0.79472 -0.141016 -0.590368 0.79472 -0.141016 -0.590368 
-0.787159 -0.0705894 -0.612698 0.787159 -0.0705894 -0.612698 -0.795096 -0.0707107 -0.602347 
0.795096 -0.0707107 -0.602347 -0.789953 5.51195e-16 -0.613168 0.789953 -8.36729e-17 -0.613168 
-0.795215 4.6259e-16 -0.606328 0.795215 -3.73507e-17 -0.606328 -0.787159 0.0705894 -0.612698 
0.787159 0.0705894 -0.612698 -0.795096 0.0707107 -0.602347 0.795096 0.0707107 -0.602347 
-0.778648 0.140561 -0.611515 0.778648 0.140561 -0.611515 -0.79472 0.141016 -0.590368 
0.79472 0.141016 -0.590368 -0.764054 0.209788 -0.610091 0.764054 0.209788 -0.610091 
-0.793748 0.21085 -0.570532 0.793748 0.21085 -0.570532 -0.74311 0.278465 -0.608477 
0.74311 0.278465 -0.608477 -0.728887 0.315912 -0.607391 0.728887 0.315912 -0.607391 
-0.716629 0.345239 -0.606014 0.716629 0.345239 -0.606014 -0.728178 0.345652 -0.591846 
0.728178 0.345652 -0.591846 -0.682587 0.411025 -0.604263 0.682587 0.411025 -0.604263 
-0.664667 0.440629 -0.603376 0.664667 0.440629 -0.603376 -0.726675 0.412189 -0.549585 
0.726675 0.412189 -0.549585 -0.6413 0.475227 -0.602407 0.6413 0.475227 -0.602407 
-0.60137 0.526032 -0.60137 0.60137 0.526032 -0.60137 -0.664116 0.475589 -0.576858 
0.664116 0.475589 -0.576858 -0.59035 0.538552 -0.601206 0.59035 0.538552 -0.601206 
-0.538552 0.59035 -0.601206 0.538552 0.59035 -0.601206 -0.601206 0.538552 -0.59035 
0.601206 0.538552 -0.59035 -0.526032 0.60137 -0.60137 0.526032 0.60137 -0.60137 
-0.475227 0.6413 -0.602407 0.475227 0.6413 -0.602407 -0.538552 0.601206 -0.59035 
0.538552 0.601206 -0.59035 -0.440629 0.664667 -0.603376 0.440629 0.664667 -0.603376 
-0.411025 0.682587 -0.604263 -0.345239 0.716629 -0.606014 0.345239 0.716629 -0.606014 
0.411025 0.682587 -0.604263 -0.475589 0.664116 -0.576858 0.475589 0.664116 -0.576858 
-0.315912 0.728887 -0.607391 0.315912 0.728887 -0.607391 -0.278465 0.74311 -0.608477 
-0.209788 0.764054 -0.610091 -0.140561 0.778648 -0.611515 -0.0705894 0.787159 -0.612698 
5.18423e-16 0.789953 -0.613168 0.0705894 0.787159 -0.612698 0.140561 0.778648 -0.611515 
0.209788 0.764054 -0.610091 0.278465 0.74311 -0.608477 -0.412189 0.726675 -0.549585 
-0.345652 0.728178 -0.591846 0.345652 0.728178 -0.591846 0.412189 0.726675 -0.549585 
-0.21085 0.793748 -0.570532 -0.141016 0.79472 -0.590368 -0.0707107 0.795096 -0.602347 
5.49312e-16 0.795215 -0.606328 0.0707107 0.795096 -0.602347 0.141016 0.79472 -0.590368 
0.21085 0.793748 -0.570532 -0.210965 -0.8088 -0.548941 -0.141067 -0.823211 -0.549931 
-0.0707076 -0.831705 -0.550698 4.58594e-16 -0.834501 -0.551007 0.0707076 -0.831705 -0.550698 
0.141067 -0.823211 -0.549931 0.210965 -0.8088 -0.548941 -0.142573 -0.858453 -0.492678 
-0.0713837 -0.859667 -0.505843 3.71889e-16 -0.859979 -0.510329 0.0713837 -0.859667 -0.505843 
0.142573 -0.858453 -0.492678 -0.270237 -0.791805 -0.547739 0.270237 -0.791805 -0.547739 
-0.412297 -0.731813 -0.542643 -0.346039 -0.76411 -0.544419 -0.279766 -0.788904 -0.547139 
0.279766 -0.788904 -0.547139 0.346039 -0.76411 -0.544419 0.412297 -0.731813 -0.542643 
-0.347901 -0.791165 -0.503015 -0.27996 -0.791549 -0.543206 0.27996 -0.791549 -0.543206 
0.347901 -0.791165 -0.503015 -0.421943 -0.726488 -0.542384 0.421943 -0.726488 -0.542384 
-0.476073 -0.69368 -0.540521 0.476073 -0.69368 -0.540521 -0.477577 -0.726306 -0.494368 
0.477577 -0.726306 -0.494368 -0.518184 -0.66359 -0.539568 0.518184 -0.66359 -0.539568 
-0.539029 -0.647222 -0.539029 0.539029 -0.647222 -0.539029 -0.539568 -0.66359 -0.518184 
0.539568 -0.66359 -0.518184 -0.59035 -0.601206 -0.538552 0.59035 -0.601206 -0.538552 
-0.601206 -0.59035 -0.538552 0.601206 -0.59035 -0.538552 -0.60137 -0.60137 -0.526032 
0.60137 -0.60137 -0.526032 -0.647222 -0.539029 -0.539029 0.647222 -0.539029 -0.539029 
-0.66359 -0.518184 -0.539568 0.66359 -0.518184 -0.539568 -0.66359 -0.539568 -0.518184 
0.66359 -0.539568 -0.518184 -0.69368 -0.476073 -0.540521 0.69368 -0.476073 -0.540521 
-0.726488 -0.421943 -0.542384 0.726488 -0.421943 -0.542384 -0.726306 -0.477577 -0.494368 
0.726306 -0.477577 -0.494368 -0.731813 -0.412297 -0.542643 0.731813 -0.412297 -0.542643 
-0.76411 -0.346039 -0.544419 0.76411 -0.346039 -0.544419 -0.791165 -0.347901 -0.503015 
0.791165 -0.347901 -0.503015 -0.788904 -0.279766 -0.547139 0.788904 -0.279766 -0.547139 
-0.791805 -0.270237 -0.547739 0.791805 -0.270237 -0.547739 -0.791549 -0.27996 -0.543206 
0.791549 -0.27996 -0.543206 -0.8088 -0.210965 -0.548941 0.8088 -0.210965 -0.548941 
-0.823211 -0.141067 -0.549931 0.823211 -0.141067 -0.549931 -0.858453 -0.142573 -0.492678 
0.858453 -0.142573 -0.492678 -0.831705 -0.0707076 -0.550698 0.831705 -0.0707076 -0.550698 
-0.859667 -0.0713837 -0.505843 0.859667 -0.0713837 -0.505843 -0.834501 -5.37343e-16 -0.551007 
0.834501 4.40297e-16 -0.551007 -0.859979 3.61945e-16 -0.510329 0.859979 2.80574e-16 -0.510329 
-0.831705 0.0707076 -0.550698 0.831705 0.0707076 -0.550698 -0.859667 0.0713837 -0.505843 
0.859667 0.0713837 -0.505843 -0.823211 0.141067 -0.549931 0.823211 0.141067 -0.549931 
-0.858453 0.142573 -0.492678 0.858453 0.142573 -0.492678 -0.8088 0.210965 -0.548941 
0.8088 0.210965 -0.548941 -0.791805 0.270237 -0.547739 0.791805 0.270237 -0.547739 
-0.788904 0.279766 -0.547139 0.788904 0.279766 -0.547139 -0.791549 0.27996 -0.543206 
0.791549 0.27996 -0.543206 -0.76411 0.346039 -0.544419 0.76411 0.346039 -0.544419 
-0.791165 0.347901 -0.503015 0.791165 0.347901 -0.503015 -0.731813 0.412297 -0.542643 
0.731813 0.412297 -0.542643 -0.726488 0.421943 -0.542384 0.726488 0.421943 -0.542384 
-0.69368 0.476073 -0.540521 0.69368 0.476073 -0.540521 -0.66359 0.518184 -0.539568 
0.66359 0.518184 -0.539568 -0.726306 0.477577 -0.494368 0.726306 0.477577 -0.494368 
-0.647222 0.539029 -0.539029 0.647222 0.539029 -0.539029 -0.601206 0.59035 -0.538552 
0.601206 0.59035 -0.538552 -0.66359 0.539568 -0.518184 0.66359 0.539568 -0.518184 
-0.59035 0.601206 -0.538552 0.59035 0.601206 -0.538552 -0.539029 0.647222 -0.539029 
0.539029 0.647222 -0.539029 -0.60137 0.60137 -0.526032 0.60137 0.60137 -0.526032 
-0.518184 0.66359 -0.539568 0.518184 0.66359 -0.539568 -0.476073 0.69368 -0.540521 
0.476073 0.69368 -0.540521 -0.539568 0.66359 -0.518184 0.539568 0.66359 -0.518184 
-0.421943 0.726488 -0.542384 0.421943 0.726488 -0.542384 -0.412297 0.731813 -0.542643 
-0.346039 0.76411 -0.544419 -0.279766 0.788904 -0.547139 0.279766 0.788904 -0.547139 
0.346039 0.76411 -0.544419 0.412297 0.731813 -0.542643 -0.477577 0.726306 -0.494368 
0.477577 0.726306 -0.494368 -0.270237 0.791805 -0.547739 0.270237 0.791805 -0.547739 
-0.210965 0.8088 -0.548941 -0.141067 0.823211 -0.549931 -0.0707076 0.831705 -0.550698 
4.00922e-16 0.834501 -0.551007 0.0707076 0.831705 -0.550698 0.141067 0.823211 -0.549931 
0.210965 0.8088 -0.548941 -0.347901 0.791165 -0.503015 -0.27996 0.791549 -0.543206 
0.27996 0.791549 -0.543206 0.347901 0.791165 -0.503015 -0.142573 0.858453 -0.492678 
-0.0713837 0.859667 -0.505843 4.63204e-16 0.859979 -0.510329 0.0713837 0.859667 -0.505843 
0.142573 0.858453 -0.492678 -0.142594 -0.860792 -0.488574 -0.071409 -0.869349 -0.489013 
3.41801e-16 -0.872208 -0.489135 0.071409 -0.869349 -0.489013 0.142594 -0.860792 -0.488574 
-0.156682 -0.858353 -0.48855 0.156682 -0.858353 -0.48855 -0.348169 -0.803908 -0.482194 
-0.280199 -0.829281 -0.48351 -0.212031 -0.84786 -0.48598 0.212031 -0.84786 -0.48598 
0.280199 -0.829281 -0.48351 0.348169 -0.803908 -0.482194 -0.282965 -0.857099 -0.430478 
-0.212992 -0.858136 -0.467159 0.212992 -0.858136 -0.467159 0.282965 -0.857099 -0.430478 
-0.378241 -0.790574 -0.481588 0.378241 -0.790574 -0.481588 -0.47793 -0.736998 -0.47793 
-0.41334 -0.774107 -0.479487 0.41334 -0.774107 -0.479487 0.47793 -0.736998 -0.47793 
-0.415034 -0.790417 -0.450541 0.415034 -0.790417 -0.450541 -0.494368 -0.726306 -0.477577 
0.494368 -0.726306 -0.477577 -0.540521 -0.69368 -0.476073 0.540521 -0.69368 -0.476073 
-0.542384 -0.726488 -0.421943 0.542384 -0.726488 -0.421943 -0.576858 -0.664117 -0.475589 
0.576858 -0.664117 -0.475589 -0.602407 -0.6413 -0.475227 0.602407 -0.6413 -0.475227 
-0.603376 -0.664667 -0.440629 0.603376 -0.664667 -0.440629 -0.6413 -0.602407 -0.475227 
0.6413 -0.602407 -0.475227 -0.664117 -0.576858 -0.475589 0.664117 -0.576858 -0.475589 
-0.664667 -0.603376 -0.440629 0.664667 -0.603376 -0.440629 -0.69368 -0.540521 -0.476073 
0.69368 -0.540521 -0.476073 -0.726306 -0.494368 -0.477577 0.726306 -0.494368 -0.477577 
-0.726488 -0.542384 -0.421943 0.726488 -0.542384 -0.421943 -0.736998 -0.47793 -0.47793 
0.736998 -0.47793 -0.47793 -0.774107 -0.41334 -0.479487 0.774107 -0.41334 -0.479487 
-0.790574 -0.378241 -0.481588 0.790574 -0.378241 -0.481588 -0.790417 -0.415034 -0.450541 
0.790417 -0.415034 -0.450541 -0.803908 -0.348169 -0.482194 0.803908 -0.348169 -0.482194 
-0.829281 -0.280199 -0.48351 0.829281 -0.280199 -0.48351 -0.857099 -0.282965 -0.430478 
0.857099 -0.282965 -0.430478 -0.84786 -0.212031 -0.48598 0.84786 -0.212031 -0.48598 
-0.858353 -0.156682 -0.48855 0.858353 -0.156682 -0.48855 -0.858136 -0.212992 -0.467159 
0.858136 -0.212992 -0.467159 -0.860792 -0.142594 -0.488574 0.860792 -0.142594 -0.488574 
-0.869349 -0.071409 -0.489013 0.869349 -0.071409 -0.489013 -0.872208 7.60592e-16 -0.489135 
0.872208 7.69902e-17 -0.489135 -0.869349 0.071409 -0.489013 0.869349 0.071409 -0.489013 
-0.860792 0.142594 -0.488574 0.860792 0.142594 -0.488574 -0.858353 0.156682 -0.48855 
0.858353 0.156682 -0.48855 -0.84786 0.212031 -0.48598 0.84786 0.212031 -0.48598 
-0.858136 0.212992 -0.467159 0.858136 0.212992 -0.467159 -0.829281 0.280199 -0.48351 
0.829281 0.280199 -0.48351 -0.857099 0.282965 -0.430478 0.857099 0.282965 -0.430478 
-0.803908 0.348169 -0.482194 0.803908 0.348169 -0.482194 -0.790574 0.378241 -0.481588 
0.790574 0.378241 -0.481588 -0.774107 0.41334 -0.479487 0.774107 0.41334 -0.479487 
-0.790417 0.415034 -0.450541 0.790417 0.415034 -0.450541 -0.736998 0.47793 -0.47793 
0.736998 0.47793 -0.47793 -0.726306 0.494368 -0.477577 0.726306 0.494368 -0.477577 
-0.69368 0.540521 -0.476073 0.69368 0.540521 -0.476073 -0.664117 0.576858 -0.475589 
0.664117 0.576858 -0.475589 -0.726488 0.542384 -0.421943 0.726488 0.542384 -0.421943 
-0.6413 0.602407 -0.475227 0.6413 0.602407 -0.475227 -0.602407 0.6413 -0.475227 
0.602407 0.6413 -0.475227 -0.664667 0.603376 -0.440629 0.664667 0.603376 -0.440629 
-0.576858 0.664117 -0.475589 0.576858 0.664117 -0.475589 -0.540521 0.69368 -0.476073 
0.540521 0.69368 -0.476073 -0.603376 0.664667 -0.440629 0.603376 0.664667 -0.440629 
-0.494368 0.726306 -0.477577 0.494368 0.726306 -0.477577 -0.47793 0.736998 -0.47793 
-0.41334 0.774107 -0.479487 0.41334 0.774107 -0.479487 0.47793 0.736998 -0.47793 
-0.542384 0.726488 -0.421943 0.542384 0.726488 -0.421943 -0.378241 0.790574 -0.481588 
0.378241 0.790574 -0.481588 -0.348169 0.803908 -0.482194 -0.280199 0.829281 -0.48351 
-0.212031 0.84786 -0.48598 0.212031 0.84786 -0.48598 0.280199 0.829281 -0.48351 
0.348169 0.803908 -0.482194 -0.415034 0.790417 -0.450541 0.415034 0.790417 -0.450541 
-0.156682 0.858353 -0.48855 0.156682 0.858353 -0.48855 -0.142594 0.860792 -0.488574 
-0.071409 0.869349 -0.489013 5.50265e-16 0.872208 -0.489135 0.071409 0.869349 -0.489013 
0.142594 0.860792 -0.488574 -0.282965 0.857099 -0.430478 -0.212992 0.858136 -0.467159 
0.212992 0.858136 -0.467159 0.282965 0.857099 -0.430478 -0.283056 -0.861945 -0.420631 
-0.213024 -0.881643 -0.421102 -0.142502 -0.895411 -0.42182 -0.071487 -0.903456 -0.422679 
-5.83392e-16 -0.906101 -0.423061 0.071487 -0.903456 -0.422679 0.142502 -0.895411 -0.42182 
0.213024 -0.881643 -0.421102 0.283056 -0.861945 -0.420631 -0.0725941 -0.928186 -0.364968 
-9.99729e-16 -0.928563 -0.371175 0.0725941 -0.928186 -0.364968 -0.298126 -0.856922 -0.420483 
0.298126 -0.856922 -0.420483 -0.415591 -0.809053 -0.415591 -0.349353 -0.838968 -0.417235 
0.349353 -0.838968 -0.417235 0.415591 -0.809053 -0.415591 -0.352016 -0.856926 -0.376514 
0.352016 -0.856926 -0.376514 -0.450541 -0.790417 -0.415034 0.450541 -0.790417 -0.415034 
-0.542643 -0.731813 -0.412297 -0.479487 -0.774107 -0.41334 0.479487 -0.774107 -0.41334 
0.542643 -0.731813 -0.412297 -0.481588 -0.790574 -0.378241 0.481588 -0.790574 -0.378241 
-0.549585 -0.726675 -0.412189 0.549585 -0.726675 -0.412189 -0.604263 -0.682587 -0.411025 
0.604263 -0.682587 -0.411025 -0.623101 -0.665503 -0.410915 0.623101 -0.665503 -0.410915 
-0.665503 -0.623101 -0.410915 0.665503 -0.623101 -0.410915 -0.682587 -0.604263 -0.411025 
0.682587 -0.604263 -0.411025 -0.726675 -0.549585 -0.412189 0.726675 -0.549585 -0.412189 
-0.731813 -0.542643 -0.412297 0.731813 -0.542643 -0.412297 -0.774107 -0.479487 -0.41334 
0.774107 -0.479487 -0.41334 -0.790417 -0.450541 -0.415034 0.790417 -0.450541 -0.415034 
-0.790574 -0.481588 -0.378241 0.790574 -0.481588 -0.378241 -0.809053 -0.415591 -0.415591 
0.809053 -0.415591 -0.415591 -0.838968 -0.349353 -0.417235 0.838968 -0.349353 -0.417235 
-0.856922 -0.298126 -0.420483 0.856922 -0.298126 -0.420483 -0.856926 -0.352016 -0.376514 
0.856926 -0.352016 -0.376514 -0.861945 -0.283056 -0.420631 0.861945 -0.283056 -0.420631 
-0.881643 -0.213024 -0.421102 0.881643 -0.213024 -0.421102 -0.895411 -0.142502 -0.42182 
0.895411 -0.142502 -0.42182 -0.903456 -0.071487 -0.422679 0.903456 -0.071487 -0.422679 
-0.928186 -0.0725941 -0.364968 0.928186 -0.0725941 -0.364968 -0.906101 -5.83411e-16 -0.423061 
0.906101 -0 -0.423061 -0.928563 2.34963e-16 -0.371175 0.928563 1.52169e-16 -0.371175 
-0.903456 0.071487 -0.422679 0.903456 0.071487 -0.422679 -0.928186 0.0725941 -0.364968 
0.928186 0.0725941 -0.364968 -0.895411 0.142502 -0.42182 0.895411 0.142502 -0.42182 
-0.881643 0.213024 -0.421102 0.881643 0.213024 -0.421102 -0.861945 0.283056 -0.420631 
0.861945 0.283056 -0.420631 -0.856922 0.298126 -0.420483 0.856922 0.298126 -0.420483 
-0.838968 0.349353 -0.417235 0.838968 0.349353 -0.417235 -0.856926 0.352016 -0.376514 
0.856926 0.352016 -0.376514 -0.809053 0.415591 -0.415591 0.809053 0.415591 -0.415591 
-0.790417 0.450541 -0.415034 0.790417 0.450541 -0.415034 -0.774107 0.479487 -0.41334 
0.774107 0.479487 -0.41334 -0.790574 0.481588 -0.378241 0.790574 0.481588 -0.378241 
-0.731813 0.542643 -0.412297 0.731813 0.542643 -0.412297 -0.726675 0.549585 -0.412189 
0.726675 0.549585 -0.412189 -0.682587 0.604263 -0.411025 0.682587 0.604263 -0.411025 
-0.665503 0.623101 -0.410915 0.665503 0.623101 -0.410915 -0.623101 0.665503 -0.410915 
0.623101 0.665503 -0.410915 -0.604263 0.682587 -0.411025 0.604263 0.682587 -0.411025 
-0.549585 0.726675 -0.412189 0.549585 0.726675 -0.412189 -0.542643 0.731813 -0.412297 
-0.479487 0.774107 -0.41334 0.479487 0.774107 -0.41334 0.542643 0.731813 -0.412297 
-0.450541 0.790417 -0.415034 0.450541 0.790417 -0.415034 -0.415591 0.809053 -0.415591 
-0.349353 0.838968 -0.417235 0.349353 0.838968 -0.417235 0.415591 0.809053 -0.415591 
-0.481588 0.790574 -0.378241 0.481588 0.790574 -0.378241 -0.298126 0.856922 -0.420483 
0.298126 0.856922 -0.420483 -0.283056 0.861945 -0.420631 -0.213024 0.881643 -0.421102 
-0.142502 0.895411 -0.42182 -0.071487 0.903456 -0.422679 -5.18559e-16 0.906101 -0.423061 
0.071487 0.903456 -0.422679 0.142502 0.895411 -0.42182 0.213024 0.881643 -0.421102 
0.283056 0.861945 -0.420631 -0.352016 0.856926 -0.376514 0.352016 0.856926 -0.376514 
-0.0725941 0.928186 -0.364968 -2.38886e-16 0.928563 -0.371175 0.0725941 0.928186 -0.364968 
-0.0726006 -0.930565 -0.358856 -1.05043e-15 -0.933384 -0.358879 0.0726006 -0.930565 -0.358856 
-0.096829 -0.928306 -0.358987 0.096829 -0.928306 -0.358987 -0.352223 -0.867109 -0.352223 
-0.283186 -0.891877 -0.352647 -0.214179 -0.910185 -0.354529 -0.144326 -0.922762 -0.357324 
0.144326 -0.922762 -0.357324 0.214179 -0.910185 -0.354529 0.283186 -0.891877 -0.352647 
0.352223 -0.867109 -0.352223 -0.216804 -0.927827 -0.303535 -0.144908 -0.928091 -0.343 
0.144908 -0.928091 -0.343 0.216804 -0.927827 -0.303535 -0.376514 -0.856926 -0.352016 
0.376514 -0.856926 -0.352016 -0.482194 -0.803908 -0.348169 -0.417235 -0.838968 -0.349353 
0.417235 -0.838968 -0.349353 0.482194 -0.803908 -0.348169 -0.420483 -0.856922 -0.298126 
0.420483 -0.856922 -0.298126 -0.503015 -0.791165 -0.347901 0.503015 -0.791165 -0.347901 
-0.544419 -0.76411 -0.346039 0.544419 -0.76411 -0.346039 -0.591846 -0.728178 -0.345652 
0.591846 -0.728178 -0.345652 -0.606014 -0.716629 -0.345239 0.606014 -0.716629 -0.345239 
-0.607391 -0.728887 -0.315912 0.607391 -0.728887 -0.315912 -0.660543 -0.666793 -0.345067 
0.660543 -0.666793 -0.345067 -0.666793 -0.660543 -0.345067 0.666793 -0.660543 -0.345067 
-0.667388 -0.667388 -0.330434 0.667388 -0.667388 -0.330434 -0.716629 -0.606014 -0.345239 
0.716629 -0.606014 -0.345239 -0.728178 -0.591846 -0.345652 0.728178 -0.591846 -0.345652 
-0.728887 -0.607391 -0.315912 0.728887 -0.607391 -0.315912 -0.76411 -0.544419 -0.346039 
0.76411 -0.544419 -0.346039 -0.791165 -0.503015 -0.347901 0.791165 -0.503015 -0.347901 
-0.803908 -0.482194 -0.348169 0.803908 -0.482194 -0.348169 -0.838968 -0.417235 -0.349353 
0.838968 -0.417235 -0.349353 -0.856926 -0.376514 -0.352016 0.856926 -0.376514 -0.352016 
-0.856922 -0.420483 -0.298126 0.856922 -0.420483 -0.298126 -0.867109 -0.352223 -0.352223 
0.867109 -0.352223 -0.352223 -0.891877 -0.283186 -0.352647 0.891877 -0.283186 -0.352647 
-0.910185 -0.214179 -0.354529 0.910185 -0.214179 -0.354529 -0.927827 -0.216804 -0.303535 
0.927827 -0.216804 -0.303535 -0.922762 -0.144326 -0.357324 0.922762 -0.144326 -0.357324 
-0.928306 -0.096829 -0.358987 0.928306 -0.096829 -0.358987 -0.928091 -0.144908 -0.343 
0.928091 -0.144908 -0.343 -0.930565 -0.0726006 -0.358856 0.930565 -0.0726006 -0.358856 
-0.933384 3.453e-16 -0.358879 0.933384 1.78097e-16 -0.358879 -0.930565 0.0726006 -0.358856 
0.930565 0.0726006 -0.358856 -0.928306 0.096829 -0.358987 0.928306 0.096829 -0.358987 
-0.922762 0.144326 -0.357324 0.922762 0.144326 -0.357324 -0.928091 0.144908 -0.343 
0.928091 0.144908 -0.343 -0.910185 0.214179 -0.354529 0.910185 0.214179 -0.354529 
-0.927827 0.216804 -0.303535 0.927827 0.216804 -0.303535 -0.891877 0.283186 -0.352647 
0.891877 0.283186 -0.352647 -0.867109 0.352223 -0.352223 0.867109 0.352223 -0.352223 
-0.856926 0.376514 -0.352016 0.856926 0.376514 -0.352016 -0.838968 0.417235 -0.349353 
0.838968 0.417235 -0.349353 -0.856922 0.420483 -0.298126 0.856922 0.420483 -0.298126 
-0.803908 0.482194 -0.348169 0.803908 0.482194 -0.348169 -0.791165 0.503015 -0.347901 
0.791165 0.503015 -0.347901 -0.76411 0.544419 -0.346039 0.76411 0.544419 -0.346039 
-0.728178 0.591846 -0.345652 0.728178 0.591846 -0.345652 -0.716629 0.606014 -0.345239 
0.716629 0.606014 -0.345239 -0.666793 0.660543 -0.345067 0.666793 0.660543 -0.345067 
-0.728887 0.607391 -0.315912 0.728887 0.607391 -0.315912 -0.660543 0.666793 -0.345067 
0.660543 0.666793 -0.345067 -0.606014 0.716629 -0.345239 0.606014 0.716629 -0.345239 
-0.667388 0.667388 -0.330434 0.667388 0.667388 -0.330434 -0.591846 0.728178 -0.345652 
0.591846 0.728178 -0.345652 -0.544419 0.76411 -0.346039 0.544419 0.76411 -0.346039 
-0.607391 0.728887 -0.315912 0.607391 0.728887 -0.315912 -0.503015 0.791165 -0.347901 
0.503015 0.791165 -0.347901 -0.482194 0.803908 -0.348169 -0.417235 0.838968 -0.349353 
0.417235 0.838968 -0.349353 0.482194 0.803908 -0.348169 -0.376514 0.856926 -0.352016 
0.376514 0.856926 -0.352016 -0.352223 0.867109 -0.352223 -0.283186 0.891877 -0.352647 
-0.214179 0.910185 -0.354529 -0.144326 0.922762 -0.357324 0.144326 0.922762 -0.357324 
0.214179 0.910185 -0.354529 0.283186 0.891877 -0.352647 0.352223 0.867109 -0.352223 
-0.420483 0.856922 -0.298126 0.420483 0.856922 -0.298126 -0.096829 0.928306 -0.358987 
0.096829 0.928306 -0.358987 -0.0726006 0.930565 -0.358856 -1.67203e-16 0.933384 -0.358879 
0.0726006 0.930565 -0.358856 -0.216804 0.927827 -0.303535 -0.144908 0.928091 -0.343 
0.144908 0.928091 -0.343 0.216804 0.927827 -0.303535 -0.216811 -0.932726 -0.288124 
-0.144735 -0.946653 -0.287924 -0.0724213 -0.954941 -0.287825 8.17813e-17 -0.957683 -0.287826 
0.0724213 -0.954941 -0.287825 0.144735 -0.946653 -0.287924 0.216811 -0.932726 -0.288124 
-0.237042 -0.927783 -0.288147 0.237042 -0.927783 -0.288147 -0.420631 -0.861945 -0.283056 
-0.352647 -0.891877 -0.283186 -0.285413 -0.91492 -0.285413 0.285413 -0.91492 -0.285413 
0.352647 -0.891877 -0.283186 0.420631 -0.861945 -0.283056 -0.288147 -0.927783 -0.237042 
0.288147 -0.927783 -0.237042 -0.430478 -0.857099 -0.282965 0.430478 -0.857099 -0.282965 
-0.48351 -0.829281 -0.280199 0.48351 -0.829281 -0.280199 -0.543206 -0.791549 -0.27996 
0.543206 -0.791549 -0.27996 -0.608477 -0.74311 -0.278465 -0.547139 -0.788904 -0.279766 
0.547139 -0.788904 -0.279766 0.608477 -0.74311 -0.278465 -0.547739 -0.791805 -0.270237 
0.547739 -0.791805 -0.270237 -0.624027 -0.730136 -0.278372 0.624027 -0.730136 -0.278372 
-0.669277 -0.689094 -0.277882 0.669277 -0.689094 -0.277882 -0.689094 -0.669277 -0.277882 
0.689094 -0.669277 -0.277882 -0.730136 -0.624027 -0.278372 0.730136 -0.624027 -0.278372 
-0.74311 -0.608477 -0.278465 0.74311 -0.608477 -0.278465 -0.788904 -0.547139 -0.279766 
0.788904 -0.547139 -0.279766 -0.791549 -0.543206 -0.27996 0.791549 -0.543206 -0.27996 
-0.791805 -0.547739 -0.270237 0.791805 -0.547739 -0.270237 -0.829281 -0.48351 -0.280199 
0.829281 -0.48351 -0.280199 -0.857099 -0.430478 -0.282965 0.857099 -0.430478 -0.282965 
-0.861945 -0.420631 -0.283056 0.861945 -0.420631 -0.283056 -0.891877 -0.352647 -0.283186 
0.891877 -0.352647 -0.283186 -0.91492 -0.285413 -0.285413 0.91492 -0.285413 -0.285413 
-0.927783 -0.237042 -0.288147 0.927783 -0.237042 -0.288147 -0.927783 -0.288147 -0.237042 
0.927783 -0.288147 -0.237042 -0.932726 -0.216811 -0.288124 0.932726 -0.216811 -0.288124 
-0.946653 -0.144735 -0.287924 0.946653 -0.144735 -0.287924 -0.954941 -0.0724213 -0.287825 
0.954941 -0.0724213 -0.287825 -0.957683 -8.17813e-17 -0.287826 0.957683 -8.17813e-17 -0.287826 
-0.954941 0.0724213 -0.287825 0.954941 0.0724213 -0.287825 -0.946653 0.144735 -0.287924 
0.946653 0.144735 -0.287924 -0.932726 0.216811 -0.288124 0.932726 0.216811 -0.288124 
-0.927783 0.237042 -0.288147 0.927783 0.237042 -0.288147 -0.91492 0.285413 -0.285413 
0.91492 0.285413 -0.285413 -0.927783 0.288147 -0.237042 0.927783 0.288147 -0.237042 
-0.891877 0.352647 -0.283186 0.891877 0.352647 -0.283186 -0.861945 0.420631 -0.283056 
0.861945 0.420631 -0.283056 -0.857099 0.430478 -0.282965 0.857099 0.430478 -0.282965 
-0.829281 0.48351 -0.280199 0.829281 0.48351 -0.280199 -0.791549 0.543206 -0.27996 
0.791549 0.543206 -0.27996 -0.788904 0.547139 -0.279766 0.788904 0.547139 -0.279766 
-0.791805 0.547739 -0.270237 0.791805 0.547739 -0.270237 -0.74311 0.608477 -0.278465 
0.74311 0.608477 -0.278465 -0.730136 0.624027 -0.278372 0.730136 0.624027 -0.278372 
-0.689094 0.669277 -0.277882 0.689094 0.669277 -0.277882 -0.669277 0.689094 -0.277882 
0.669277 0.689094 -0.277882 -0.624027 0.730136 -0.278372 0.624027 0.730136 -0.278372 
-0.608477 0.74311 -0.278465 -0.547139 0.788904 -0.279766 0.547139 0.788904 -0.279766 
0.608477 0.74311 -0.278465 -0.543206 0.791549 -0.27996 0.543206 0.791549 -0.27996 
-0.48351 0.829281 -0.280199 0.48351 0.829281 -0.280199 -0.547739 0.791805 -0.270237 
0.547739 0.791805 -0.270237 -0.430478 0.857099 -0.282965 0.430478 0.857099 -0.282965 
-0.420631 0.861945 -0.283056 -0.352647 0.891877 -0.283186 -0.285413 0.91492 -0.285413 
0.285413 0.91492 -0.285413 0.352647 0.891877 -0.283186 0.420631 0.861945 -0.283056 
-0.237042 0.927783 -0.288147 0.237042 0.927783 -0.288147 -0.216811 0.932726 -0.288124 
-0.144735 0.946653 -0.287924 -0.0724213 0.954941 -0.287825 -3.62418e-16 0.957683 -0.287826 
0.0724213 0.954941 -0.287825 0.144735 0.946653 -0.287924 0.216811 0.932726 -0.288124 
-0.288147 0.927783 -0.237042 0.288147 0.927783 -0.237042 -0.288124 -0.932726 -0.216811 
-0.216493 -0.951978 -0.216493 -0.144663 -0.965494 -0.216549 -0.072547 -0.973486 -0.216939 
-1.77944e-16 -0.976138 -0.217152 0.072547 -0.973486 -0.216939 0.144663 -0.965494 -0.216549 
0.216493 -0.951978 -0.216493 0.288124 -0.932726 -0.216811 -0.303535 -0.927827 -0.216804 
0.303535 -0.927827 -0.216804 -0.421102 -0.881643 -0.213024 -0.354529 -0.910185 -0.214179 
0.354529 -0.910185 -0.214179 0.421102 -0.881643 -0.213024 -0.467159 -0.858136 -0.212992 
0.467159 -0.858136 -0.212992 -0.548941 -0.8088 -0.210965 -0.48598 -0.84786 -0.212031 
0.48598 -0.84786 -0.212031 0.548941 -0.8088 -0.210965 -0.48855 -0.858353 -0.156682 
0.48855 -0.858353 -0.156682 -0.570532 -0.793748 -0.21085 0.570532 -0.793748 -0.21085 
-0.610091 -0.764054 -0.209788 0.610091 -0.764054 -0.209788 -0.648571 -0.731697 -0.209703 
0.648571 -0.731697 -0.209703 -0.670842 -0.711405 -0.209462 0.670842 -0.711405 -0.209462 
-0.711405 -0.670842 -0.209462 0.711405 -0.670842 -0.209462 -0.731697 -0.648571 -0.209703 
0.731697 -0.648571 -0.209703 -0.764054 -0.610091 -0.209788 0.764054 -0.610091 -0.209788 
-0.793748 -0.570532 -0.21085 0.793748 -0.570532 -0.21085 -0.8088 -0.548941 -0.210965 
0.8088 -0.548941 -0.210965 -0.84786 -0.48598 -0.212031 0.84786 -0.48598 -0.212031 
-0.858136 -0.467159 -0.212992 0.858136 -0.467159 -0.212992 -0.858353 -0.48855 -0.156682 
0.858353 -0.48855 -0.156682 -0.881643 -0.421102 -0.213024 0.881643 -0.421102 -0.213024 
-0.910185 -0.354529 -0.214179 0.910185 -0.354529 -0.214179 -0.927827 -0.303535 -0.216804 
0.927827 -0.303535 -0.216804 -0.932726 -0.288124 -0.216811 0.932726 -0.288124 -0.216811 
-0.951978 -0.216493 -0.216493 0.951978 -0.216493 -0.216493 -0.965494 -0.144663 -0.216549 
0.965494 -0.144663 -0.216549 -0.973486 -0.072547 -0.216939 0.973486 -0.072547 -0.216939 
-0.976138 2.13443e-16 -0.217152 0.976138 -2.13443e-16 -0.217152 -0.973486 0.072547 -0.216939 
0.973486 0.072547 -0.216939 -0.965494 0.144663 -0.216549 0.965494 0.144663 -0.216549 
-0.951978 0.216493 -0.216493 0.951978 0.216493 -0.216493 -0.932726 0.288124 -0.216811 
0.932726 0.288124 -0.216811 -0.927827 0.303535 -0.216804 0.927827 0.303535 -0.216804 
-0.910185 0.354529 -0.214179 0.910185 0.354529 -0.214179 -0.881643 0.421102 -0.213024 
0.881643 0.421102 -0.213024 -0.858136 0.467159 -0.212992 0.858136 0.467159 -0.212992 
-0.84786 0.48598 -0.212031 0.84786 0.48598 -0.212031 -0.858353 0.48855 -0.156682 
0.858353 0.48855 -0.156682 -0.8088 0.548941 -0.210965 0.8088 0.548941 -0.210965 
-0.793748 0.570532 -0.21085 0.793748 0.570532 -0.21085 -0.764054 0.610091 -0.209788 
0.764054 0.610091 -0.209788 -0.731697 0.648571 -0.209703 0.731697 0.648571 -0.209703 
-0.711405 0.670842 -0.209462 0.711405 0.670842 -0.209462 -0.670842 0.711405 -0.209462 
0.670842 0.711405 -0.209462 -0.648571 0.731697 -0.209703 0.648571 0.731697 -0.209703 
-0.610091 0.764054 -0.209788 0.610091 0.764054 -0.209788 -0.570532 0.793748 -0.21085 
0.570532 0.793748 -0.21085 -0.548941 0.8088 -0.210965 -0.48598 0.84786 -0.212031 
0.48598 0.84786 -0.212031 0.548941 0.8088 -0.210965 -0.467159 0.858136 -0.212992 
0.467159 0.858136 -0.212992 -0.421102 0.881643 -0.213024 -0.354529 0.910185 -0.214179 
0.354529 0.910185 -0.214179 0.421102 0.881643 -0.213024 -0.48855 0.858353 -0.156682 
0.48855 0.858353 -0.156682 -0.303535 0.927827 -0.216804 0.303535 0.927827 -0.216804 
-0.288124 0.932726 -0.216811 -0.216493 0.951978 -0.216493 -0.144663 0.965494 -0.216549 
-0.072547 0.973486 -0.216939 -1.64575e-16 0.976138 -0.217152 0.072547 0.973486 -0.216939 
0.144663 0.965494 -0.216549 0.216493 0.951978 -0.216493 0.288124 0.932726 -0.216811 
-0.287924 -0.946653 -0.144735 -0.216549 -0.965494 -0.144663 -0.145218 -0.978685 -0.145218 
-0.0730589 -0.986593 -0.145937 -2.56727e-16 -0.989248 -0.14625 0.0730589 -0.986593 -0.145937 
0.145218 -0.978685 -0.145218 0.216549 -0.965494 -0.144663 0.287924 -0.946653 -0.144735 
-0.343 -0.928091 -0.144908 0.343 -0.928091 -0.144908 -0.488574 -0.860792 -0.142594 
-0.42182 -0.895411 -0.142502 -0.357324 -0.922762 -0.144326 0.357324 -0.922762 -0.144326 
0.42182 -0.895411 -0.142502 0.488574 -0.860792 -0.142594 -0.358987 -0.928306 -0.096829 
0.358987 -0.928306 -0.096829 -0.492678 -0.858453 -0.142573 0.492678 -0.858453 -0.142573 
-0.549931 -0.823211 -0.141067 0.549931 -0.823211 -0.141067 -0.590368 -0.79472 -0.141016 
0.590368 -0.79472 -0.141016 -0.611515 -0.778648 -0.140561 0.611515 -0.778648 -0.140561 
-0.66602 -0.732575 -0.14054 0.66602 -0.732575 -0.14054 -0.67217 -0.726946 -0.140489 
0.67217 -0.726946 -0.140489 -0.673249 -0.733424 -0.0939403 0.673249 -0.733424 -0.0939403 
-0.726946 -0.67217 -0.140489 0.726946 -0.67217 -0.140489 -0.732575 -0.66602 -0.14054 
0.732575 -0.66602 -0.14054 -0.733424 -0.673249 -0.0939403 0.733424 -0.673249 -0.0939403 
-0.778648 -0.611515 -0.140561 0.778648 -0.611515 -0.140561 -0.79472 -0.590368 -0.141016 
0.79472 -0.590368 -0.141016 -0.823211 -0.549931 -0.141067 0.823211 -0.549931 -0.141067 
-0.858453 -0.492678 -0.142573 0.858453 -0.492678 -0.142573 -0.860792 -0.488574 -0.142594 
0.860792 -0.488574 -0.142594 -0.895411 -0.42182 -0.142502 0.895411 -0.42182 -0.142502 
-0.922762 -0.357324 -0.144326 0.922762 -0.357324 -0.144326 -0.928091 -0.343 -0.144908 
0.928091 -0.343 -0.144908 -0.928306 -0.358987 -0.096829 0.928306 -0.358987 -0.096829 
-0.946653 -0.287924 -0.144735 0.946653 -0.287924 -0.144735 -0.965494 -0.216549 -0.144663 
0.965494 -0.216549 -0.144663 -0.978685 -0.145218 -0.145218 0.978685 -0.145218 -0.145218 
-0.986593 -0.0730589 -0.145937 0.986593 -0.0730589 -0.145937 -0.989248 -2.33263e-16 -0.14625 
0.989248 -1.55509e-16 -0.14625 -0.986593 0.0730589 -0.145937 0.986593 0.0730589 -0.145937 
-0.978685 0.145218 -0.145218 0.978685 0.145218 -0.145218 -0.965494 0.216549 -0.144663 
0.965494 0.216549 -0.144663 -0.946653 0.287924 -0.144735 0.946653 0.287924 -0.144735 
-0.928091 0.343 -0.144908 0.928091 0.343 -0.144908 -0.922762 0.357324 -0.144326 
0.922762 0.357324 -0.144326 -0.928306 0.358987 -0.096829 0.928306 0.358987 -0.096829 
-0.895411 0.42182 -0.142502 0.895411 0.42182 -0.142502 -0.860792 0.488574 -0.142594 
0.860792 0.488574 -0.142594 -0.858453 0.492678 -0.142573 0.858453 0.492678 -0.142573 
-0.823211 0.549931 -0.141067 0.823211 0.549931 -0.141067 -0.79472 0.590368 -0.141016 
0.79472 0.590368 -0.141016 -0.778648 0.611515 -0.140561 0.778648 0.611515 -0.140561 
-0.732575 0.66602 -0.14054 0.732575 0.66602 -0.14054 -0.726946 0.67217 -0.140489 
0.726946 0.67217 -0.140489 -0.67217 0.726946 -0.140489 0.67217 0.726946 -0.140489 
-0.733424 0.673249 -0.0939403 0.733424 0.673249 -0.0939403 -0.66602 0.732575 -0.14054 
0.66602 0.732575 -0.14054 -0.611515 0.778648 -0.140561 0.611515 0.778648 -0.140561 
-0.673249 0.733424 -0.0939403 0.673249 0.733424 -0.0939403 -0.590368 0.79472 -0.141016 
0.590368 0.79472 -0.141016 -0.549931 0.823211 -0.141067 0.549931 0.823211 -0.141067 
-0.492678 0.858453 -0.142573 0.492678 0.858453 -0.142573 -0.488574 0.860792 -0.142594 
-0.42182 0.895411 -0.142502 -0.357324 0.922762 -0.144326 0.357324 0.922762 -0.144326 
0.42182 0.895411 -0.142502 0.488574 0.860792 -0.142594 -0.343 0.928091 -0.144908 
0.343 0.928091 -0.144908 -0.287924 0.946653 -0.144735 -0.216549 0.965494 -0.144663 
-0.145218 0.978685 -0.145218 -0.0730589 0.986593 -0.145937 -3.70425e-16 0.989248 -0.14625 
0.0730589 0.986593 -0.145937 0.145218 0.978685 -0.145218 0.216549 0.965494 -0.144663 
0.287924 0.946653 -0.144735 -0.358987 0.928306 -0.096829 0.358987 0.928306 -0.096829 
-0.358856 -0.930565 -0.0726006 -0.287825 -0.954941 -0.0724213 -0.216939 -0.973486 -0.072547 
-0.145937 -0.986593 -0.0730589 -0.0735867 -0.99457 -0.0735867 1.03224e-15 -0.997273 -0.0738004 
0.0735867 -0.99457 -0.0735867 0.145937 -0.986593 -0.0730589 0.216939 -0.973486 -0.072547 
0.287825 -0.954941 -0.0724213 0.358856 -0.930565 -0.0726006 -0.364968 -0.928186 -0.0725941 
0.364968 -0.928186 -0.0725941 -0.489013 -0.869349 -0.071409 -0.422679 -0.903456 -0.071487 
0.422679 -0.903456 -0.071487 0.489013 -0.869349 -0.071409 -0.505843 -0.859667 -0.0713837 
0.505843 -0.859667 -0.0713837 -0.550698 -0.831705 -0.0707076 0.550698 -0.831705 -0.0707076 
-0.602347 -0.795096 -0.0707107 0.602347 -0.795096 -0.0707107 -0.673317 -0.735983 -0.0705247 
-0.612698 -0.787159 -0.0705894 0.612698 -0.787159 -0.0705894 0.673317 -0.735983 -0.0705247 
-0.676005 -0.733514 -0.0705222 0.676005 -0.733514 -0.0705222 -0.733514 -0.676005 -0.0705222 
0.733514 -0.676005 -0.0705222 -0.735983 -0.673317 -0.0705247 0.735983 -0.673317 -0.0705247 
-0.787159 -0.612698 -0.0705894 0.787159 -0.612698 -0.0705894 -0.795096 -0.602347 -0.0707107 
0.795096 -0.602347 -0.0707107 -0.831705 -0.550698 -0.0707076 0.831705 -0.550698 -0.0707076 
-0.859667 -0.505843 -0.0713837 0.859667 -0.505843 -0.0713837 -0.869349 -0.489013 -0.071409 
0.869349 -0.489013 -0.071409 -0.903456 -0.422679 -0.071487 0.903456 -0.422679 -0.071487 
-0.928186 -0.364968 -0.0725941 0.928186 -0.364968 -0.0725941 -0.930565 -0.358856 -0.0726006 
0.930565 -0.358856 -0.0726006 -0.954941 -0.287825 -0.0724213 0.954941 -0.287825 -0.0724213 
-0.973486 -0.216939 -0.072547 0.973486 -0.216939 -0.072547 -0.986593 -0.145937 -0.0730589 
0.986593 -0.145937 -0.0730589 -0.99457 -0.0735867 -0.0735867 0.99457 -0.0735867 -0.0735867 
-0.997273 6.55828e-17 -0.0738004 0.997273 6.31417e-17 -0.0738004 -0.99457 0.0735867 -0.0735867 
0.99457 0.0735867 -0.0735867 -0.986593 0.145937 -0.0730589 0.986593 0.145937 -0.0730589 
-0.973486 0.216939 -0.072547 0.973486 0.216939 -0.072547 -0.954941 0.287825 -0.0724213 
0.954941 0.287825 -0.0724213 -0.930565 0.358856 -0.0726006 0.930565 0.358856 -0.0726006 
-0.928186 0.364968 -0.0725941 0.928186 0.364968 -0.0725941 -0.903456 0.422679 -0.071487 
0.903456 0.422679 -0.071487 -0.869349 0.489013 -0.071409 0.869349 0.489013 -0.071409 
-0.859667 0.505843 -0.0713837 0.859667 0.505843 -0.0713837 -0.831705 0.550698 -0.0707076 
0.831705 0.550698 -0.0707076 -0.795096 0.602347 -0.0707107 0.795096 0.602347 -0.0707107 
-0.787159 0.612698 -0.0705894 0.787159 0.612698 -0.0705894 -0.735983 0.673317 -0.0705247 
0.735983 0.673317 -0.0705247 -0.733514 0.676005 -0.0705222 0.733514 0.676005 -0.0705222 
-0.676005 0.733514 -0.0705222 0.676005 0.733514 -0.0705222 -0.673317 0.735983 -0.0705247 
-0.612698 0.787159 -0.0705894 0.612698 0.787159 -0.0705894 0.673317 0.735983 -0.0705247 
-0.602347 0.795096 -0.0707107 0.602347 0.795096 -0.0707107 -0.550698 0.831705 -0.0707076 
0.550698 0.831705 -0.0707076 -0.505843 0.859667 -0.0713837 0.505843 0.859667 -0.0713837 
-0.489013 0.869349 -0.071409 -0.422679 0.903456 -0.071487 0.422679 0.903456 -0.071487 
0.489013 0.869349 -0.071409 -0.364968 0.928186 -0.0725941 0.364968 0.928186 -0.0725941 
-0.358856 0.930565 -0.0726006 -0.287825 0.954941 -0.0724213 -0.216939 0.973486 -0.072547 
-0.145937 0.986593 -0.0730589 -0.0735867 0.99457 -0.0735867 1.01119e-15 0.997273 -0.0738004 
0.0735867 0.99457 -0.0735867 0.145937 0.986593 -0.0730589 0.216939 0.973486 -0.072547 
0.287825 0.954941 -0.0724213 0.358856 0.930565 -0.0726006 -0.358879 -0.933384 -1.74466e-16 
-0.287826 -0.957683 -2.02587e-16 -0.217152 -0.976138 2.26811e-16 -0.14625 -0.989248 -0 
-0.0738004 -0.997273 -0 -9.75865e-16 -1 -6.14127e-17 0.0738004 -0.997273 -1.94307e-16 
0.14625 -0.989248 -4.18101e-17 0.217152 -0.976138 -1.37839e-16 0.287826 -0.957683 1.59831e-16 
0.358879 -0.933384 -3.63153e-18 -0.371175 -0.928563 -1.69512e-16 0.371175 -0.928563 -1.73435e-17 
-0.489135 -0.872208 -1.52118e-16 -0.423061 -0.906101 -6.48127e-17 0.423061 -0.906101 -1.29645e-16 
0.489135 -0.872208 1.52118e-16 -0.510329 -0.859979 -9.13149e-17 0.510329 -0.859979 1.22858e-16 
-0.551007 -0.834501 5.76717e-17 0.551007 -0.834501 -0 -0.606328 -0.795215 -8.07118e-17 
0.606328 -0.795215 -2.42135e-16 -0.673734 -0.738974 1.57454e-16 -0.613168 -0.789953 -8.36729e-17 
0.613168 -0.789953 -2.51019e-16 0.673734 -0.738974 -0 -0.679158 -0.733992 1.64347e-16 
0.679158 -0.733992 -0 -0.733992 -0.679158 -0 0.733992 -0.679158 -1.64347e-16 
-0.738974 -0.673734 8.53339e-18 0.738974 -0.673734 -1.74521e-16 -0.789953 -0.613168 1.67346e-16 
0.789953 -0.613168 8.36729e-17 -0.795215 -0.606328 1.61424e-16 0.795215 -0.606328 5.90312e-17 
-0.834501 -0.551007 -5.76717e-17 0.834501 -0.551007 -1.33641e-16 -0.859979 -0.510329 9.13149e-17 
0.859979 -0.510329 -1.54401e-16 -0.872208 -0.489135 1.33336e-16 0.872208 -0.489135 -1.89682e-16 
-0.906101 -0.423061 -6.4832e-17 0.906101 -0.423061 -6.4832e-17 -0.928563 -0.371175 -1.52169e-16 
0.928563 -0.371175 1.52169e-16 -0.933384 -0.358879 -1.70834e-16 0.933384 -0.358879 1.78097e-16 
-0.957683 -0.287826 -1.20806e-16 0.957683 -0.287826 -4.27565e-17 -0.976138 -0.217152 7.56036e-17 
0.976138 -0.217152 -1.37839e-16 -0.989248 -0.14625 -1.55509e-16 0.989248 -0.14625 -1.19564e-16 
-0.997273 -0.0738004 2.10472e-17 0.997273 -0.0738004 1.07677e-16 -1 1.31681e-16 -6.14127e-17 
1 -2.81073e-17 -7.54664e-17 -0.997273 0.0738004 -2.10472e-17 0.997273 0.0738004 8.66301e-17 
-0.989248 0.14625 -0 0.989248 0.14625 -3.59442e-17 -0.976138 0.217152 -1.86706e-16 
0.976138 0.217152 -1.24471e-16 -0.957683 0.287826 -4.27565e-17 0.957683 0.287826 -4.27565e-17 
-0.933384 0.358879 7.26305e-18 0.933384 0.358879 3.63153e-18 -0.928563 0.371175 -1.73435e-17 
0.928563 0.371175 1.73435e-17 -0.906101 0.423061 -1.29645e-16 0.906101 0.423061 1.29645e-16 
-0.872208 0.489135 -3.75641e-17 0.872208 0.489135 -1.89682e-16 -0.859979 0.510329 -0 
0.859979 0.510329 -1.22858e-16 -0.834501 0.551007 -0 0.834501 0.551007 2.27907e-16 
-0.795215 0.606328 -8.07118e-17 0.795215 0.606328 -1.56702e-17 -0.789953 0.613168 -8.36729e-17 
0.789953 0.613168 -6.72871e-17 -0.738974 0.673734 -0 0.738974 0.673734 -1.65987e-16 
-0.733992 0.679158 1.84719e-17 0.733992 0.679158 -1.45875e-16 -0.679158 0.733992 -3.10222e-16 
0.679158 0.733992 1.84719e-17 -0.673734 0.738974 -3.40508e-16 -0.613168 0.789953 1.00059e-16 
0.613168 0.789953 2.67405e-16 0.673734 0.738974 -0 -0.606328 0.795215 8.07118e-17 
0.606328 0.795215 2.20455e-16 -0.551007 0.834501 5.76717e-17 0.551007 0.834501 -7.5969e-17 
-0.510329 0.859979 1.54401e-16 0.510329 0.859979 -1.22858e-16 -0.489135 0.872208 1.52118e-16 
-0.423061 0.906101 6.4832e-17 0.423061 0.906101 -0 0.489135 0.872208 -1.709e-16 
-0.371175 0.928563 -0 0.371175 0.928563 1.52169e-16 -0.358879 0.933384 -0 
-0.287826 0.957683 1.59831e-16 -0.217152 0.976138 2.13443e-16 -0.14625 0.989248 7.77543e-17 
-0.0738004 0.997273 2.10472e-17 -8.72291e-16 1 -6.14127e-17 0.0738004 0.997273 8.66301e-17 
0.14625 0.989248 7.77543e-17 0.217152 0.976138 1.37839e-16 0.287826 0.957683 -3.90248e-17 
0.358879 0.933384 1.78097e-16 -0.358856 -0.930565 0.0726006 -0.287825 -0.954941 0.0724213 
-0.216939 -0.973486 0.072547 -0.145937 -0.986593 0.0730589 -0.0735867 -0.99457 0.0735867 
8.3793e-16 -0.997273 0.0738004 0.0735867 -0.99457 0.0735867 0.145937 -0.986593 0.0730589 
0.216939 -0.973486 0.072547 0.287825 -0.954941 0.0724213 0.358856 -0.930565 0.0726006 
-0.364968 -0.928186 0.0725941 0.364968 -0.928186 0.0725941 -0.489013 -0.869349 0.071409 
-0.422679 -0.903456 0.071487 0.422679 -0.903456 0.071487 0.489013 -0.869349 0.071409 
-0.358987 -0.928306 0.096829 0.358987 -0.928306 0.096829 -0.505843 -0.859667 0.0713837 
0.505843 -0.859667 0.0713837 -0.550698 -0.831705 0.0707076 0.550698 -0.831705 0.0707076 
-0.602347 -0.795096 0.0707107 0.602347 -0.795096 0.0707107 -0.673317 -0.735983 0.0705247 
-0.612698 -0.787159 0.0705894 0.612698 -0.787159 0.0705894 0.673317 -0.735983 0.0705247 
-0.676005 -0.733514 0.0705222 0.676005 -0.733514 0.0705222 -0.733514 -0.676005 0.0705222 
0.733514 -0.676005 0.0705222 -0.673249 -0.733424 0.0939403 0.673249 -0.733424 0.0939403 
-0.735983 -0.673317 0.0705247 0.735983 -0.673317 0.0705247 -0.733424 -0.673249 0.0939403 
0.733424 -0.673249 0.0939403 -0.787159 -0.612698 0.0705894 0.787159 -0.612698 0.0705894 
-0.795096 -0.602347 0.0707107 0.795096 -0.602347 0.0707107 -0.831705 -0.550698 0.0707076 
0.831705 -0.550698 0.0707076 -0.859667 -0.505843 0.0713837 0.859667 -0.505843 0.0713837 
-0.869349 -0.489013 0.071409 0.869349 -0.489013 0.071409 -0.903456 -0.422679 0.071487 
0.903456 -0.422679 0.071487 -0.928186 -0.364968 0.0725941 0.928186 -0.364968 0.0725941 
-0.930565 -0.358856 0.0726006 0.930565 -0.358856 0.0726006 -0.928306 -0.358987 0.096829 
0.928306 -0.358987 0.096829 -0.954941 -0.287825 0.0724213 0.954941 -0.287825 0.0724213 
-0.973486 -0.216939 0.072547 0.973486 -0.216939 0.072547 -0.986593 -0.145937 0.0730589 
0.986593 -0.145937 0.0730589 -0.99457 -0.0735867 0.0735867 0.99457 -0.0735867 0.0735867 
-0.997273 2.34883e-17 0.0738004 0.997273 4.20945e-17 0.0738004 -0.99457 0.0735867 0.0735867 
0.99457 0.0735867 0.0735867 -0.986593 0.145937 0.0730589 0.986593 0.145937 0.0730589 
-0.973486 0.216939 0.072547 0.973486 0.216939 0.072547 -0.954941 0.287825 0.0724213 
0.954941 0.287825 0.0724213 -0.930565 0.358856 0.0726006 0.930565 0.358856 0.0726006 
-0.928186 0.364968 0.0725941 0.928186 0.364968 0.0725941 -0.928306 0.358987 0.096829 
0.928306 0.358987 0.096829 -0.903456 0.422679 0.071487 0.903456 0.422679 0.071487 
-0.869349 0.489013 0.071409 0.869349 0.489013 0.071409 -0.859667 0.505843 0.0713837 
0.859667 0.505843 0.0713837 -0.831705 0.550698 0.0707076 0.831705 0.550698 0.0707076 
-0.795096 0.602347 0.0707107 0.795096 0.602347 0.0707107 -0.787159 0.612698 0.0705894 
0.787159 0.612698 0.0705894 -0.735983 0.673317 0.0705247 0.735983 0.673317 0.0705247 
-0.733514 0.676005 0.0705222 0.733514 0.676005 0.0705222 -0.733424 0.673249 0.0939403 
0.733424 0.673249 0.0939403 -0.676005 0.733514 0.0705222 0.676005 0.733514 0.0705222 
-0.673317 0.735983 0.0705247 -0.612698 0.787159 0.0705894 0.612698 0.787159 0.0705894 
0.673317 0.735983 0.0705247 -0.673249 0.733424 0.0939403 0.673249 0.733424 0.0939403 
-0.602347 0.795096 0.0707107 0.602347 0.795096 0.0707107 -0.550698 0.831705 0.0707076 
0.550698 0.831705 0.0707076 -0.505843 0.859667 0.0713837 0.505843 0.859667 0.0713837 
-0.489013 0.869349 0.071409 -0.422679 0.903456 0.071487 0.422679 0.903456 0.071487 
0.489013 0.869349 0.071409 -0.364968 0.928186 0.0725941 0.364968 0.928186 0.0725941 
-0.358856 0.930565 0.0726006 -0.287825 0.954941 0.0724213 -0.216939 0.973486 0.072547 
-0.145937 0.986593 0.0730589 -0.0735867 0.99457 0.0735867 1.07677e-15 0.997273 0.0738004 
0.0735867 0.99457 0.0735867 0.145937 0.986593 0.0730589 0.216939 0.973486 0.072547 
0.287825 0.954941 0.0724213 0.358856 0.930565 0.0726006 -0.358987 0.928306 0.096829 
0.358987 0.928306 0.096829 -0.287924 -0.946653 0.144735 -0.216549 -0.965494 0.144663 
-0.145218 -0.978685 0.145218 -0.0730589 -0.986593 0.145937 -2.20782e-16 -0.989248 0.14625 
0.0730589 -0.986593 0.145937 0.145218 -0.978685 0.145218 0.216549 -0.965494 0.144663 
0.287924 -0.946653 0.144735 -0.343 -0.928091 0.144908 0.343 -0.928091 0.144908 
-0.488574 -0.860792 0.142594 -0.42182 -0.895411 0.142502 -0.357324 -0.922762 0.144326 
0.357324 -0.922762 0.144326 0.42182 -0.895411 0.142502 0.488574 -0.860792 0.142594 
-0.492678 -0.858453 0.142573 0.492678 -0.858453 0.142573 -0.549931 -0.823211 0.141067 
0.549931 -0.823211 0.141067 -0.48855 -0.858353 0.156682 0.48855 -0.858353 0.156682 
-0.590368 -0.79472 0.141016 0.590368 -0.79472 0.141016 -0.611515 -0.778648 0.140561 
0.611515 -0.778648 0.140561 -0.66602 -0.732575 0.14054 0.66602 -0.732575 0.14054 
-0.67217 -0.726946 0.140489 0.67217 -0.726946 0.140489 -0.726946 -0.67217 0.140489 
0.726946 -0.67217 0.140489 -0.732575 -0.66602 0.14054 0.732575 -0.66602 0.14054 
-0.778648 -0.611515 0.140561 0.778648 -0.611515 0.140561 -0.79472 -0.590368 0.141016 
0.79472 -0.590368 0.141016 -0.823211 -0.549931 0.141067 0.823211 -0.549931 0.141067 
-0.858453 -0.492678 0.142573 0.858453 -0.492678 0.142573 -0.860792 -0.488574 0.142594 
0.860792 -0.488574 0.142594 -0.858353 -0.48855 0.156682 0.858353 -0.48855 0.156682 
-0.895411 -0.42182 0.142502 0.895411 -0.42182 0.142502 -0.922762 -0.357324 0.144326 
0.922762 -0.357324 0.144326 -0.928091 -0.343 0.144908 0.928091 -0.343 0.144908 
-0.946653 -0.287924 0.144735 0.946653 -0.287924 0.144735 -0.965494 -0.216549 0.144663 
0.965494 -0.216549 0.144663 -0.978685 -0.145218 0.145218 0.978685 -0.145218 0.145218 
-0.986593 -0.0730589 0.145937 0.986593 -0.0730589 0.145937 -0.989248 -1.91453e-16 0.14625 
0.989248 -1.97319e-16 0.14625 -0.986593 0.0730589 0.145937 0.986593 0.0730589 0.145937 
-0.978685 0.145218 0.145218 0.978685 0.145218 0.145218 -0.965494 0.216549 0.144663 
0.965494 0.216549 0.144663 -0.946653 0.287924 0.144735 0.946653 0.287924 0.144735 
-0.928091 0.343 0.144908 0.928091 0.343 0.144908 -0.922762 0.357324 0.144326 
0.922762 0.357324 0.144326 -0.895411 0.42182 0.142502 0.895411 0.42182 0.142502 
-0.860792 0.488574 0.142594 0.860792 0.488574 0.142594 -0.858453 0.492678 0.142573 
0.858453 0.492678 0.142573 -0.858353 0.48855 0.156682 0.858353 0.48855 0.156682 
-0.823211 0.549931 0.141067 0.823211 0.549931 0.141067 -0.79472 0.590368 0.141016 
0.79472 0.590368 0.141016 -0.778648 0.611515 0.140561 0.778648 0.611515 0.140561 
-0.732575 0.66602 0.14054 0.732575 0.66602 0.14054 -0.726946 0.67217 0.140489 
0.726946 0.67217 0.140489 -0.67217 0.726946 0.140489 0.67217 0.726946 0.140489 
-0.66602 0.732575 0.14054 0.66602 0.732575 0.14054 -0.611515 0.778648 0.140561 
0.611515 0.778648 0.140561 -0.590368 0.79472 0.141016 0.590368 0.79472 0.141016 
-0.549931 0.823211 0.141067 0.549931 0.823211 0.141067 -0.492678 0.858453 0.142573 
0.492678 0.858453 0.142573 -0.488574 0.860792 0.142594 -0.42182 0.895411 0.142502 
-0.357324 0.922762 0.144326 0.357324 0.922762 0.144326 0.42182 0.895411 0.142502 
0.488574 0.860792 0.142594 -0.48855 0.858353 0.156682 0.48855 0.858353 0.156682 
-0.343 0.928091 0.144908 0.343 0.928091 0.144908 -0.287924 0.946653 0.144735 
-0.216549 0.965494 0.144663 -0.145218 0.978685 0.145218 -0.0730589 0.986593 0.145937 
-3.28615e-16 0.989248 0.14625 0.0730589 0.986593 0.145937 0.145218 0.978685 0.145218 
0.216549 0.965494 0.144663 0.287924 0.946653 0.144735 -0.288124 -0.932726 0.216811 
-0.216493 -0.951978 0.216493 -0.144663 -0.965494 0.216549 -0.072547 -0.973486 0.216939 
3.5499e-17 -0.976138 0.217152 0.072547 -0.973486 0.216939 0.144663 -0.965494 0.216549 
0.216493 -0.951978 0.216493 0.288124 -0.932726 0.216811 -0.303535 -0.927827 0.216804 
0.303535 -0.927827 0.216804 -0.421102 -0.881643 0.213024 -0.354529 -0.910185 0.214179 
0.354529 -0.910185 0.214179 0.421102 -0.881643 0.213024 -0.288147 -0.927783 0.237042 
0.288147 -0.927783 0.237042 -0.467159 -0.858136 0.212992 0.467159 -0.858136 0.212992 
-0.548941 -0.8088 0.210965 -0.48598 -0.84786 0.212031 0.48598 -0.84786 0.212031 
0.548941 -0.8088 0.210965 -0.570532 -0.793748 0.21085 0.570532 -0.793748 0.21085 
-0.610091 -0.764054 0.209788 0.610091 -0.764054 0.209788 -0.547739 -0.791805 0.270237 
0.547739 -0.791805 0.270237 -0.648571 -0.731697 0.209703 0.648571 -0.731697 0.209703 
-0.670842 -0.711405 0.209462 0.670842 -0.711405 0.209462 -0.711405 -0.670842 0.209462 
0.711405 -0.670842 0.209462 -0.731697 -0.648571 0.209703 0.731697 -0.648571 0.209703 
-0.764054 -0.610091 0.209788 0.764054 -0.610091 0.209788 -0.793748 -0.570532 0.21085 
0.793748 -0.570532 0.21085 -0.8088 -0.548941 0.210965 0.8088 -0.548941 0.210965 
-0.791805 -0.547739 0.270237 0.791805 -0.547739 0.270237 -0.84786 -0.48598 0.212031 
0.84786 -0.48598 0.212031 -0.858136 -0.467159 0.212992 0.858136 -0.467159 0.212992 
-0.881643 -0.421102 0.213024 0.881643 -0.421102 0.213024 -0.910185 -0.354529 0.214179 
0.910185 -0.354529 0.214179 -0.927827 -0.303535 0.216804 0.927827 -0.303535 0.216804 
-0.932726 -0.288124 0.216811 0.932726 -0.288124 0.216811 -0.927783 -0.288147 0.237042 
0.927783 -0.288147 0.237042 -0.951978 -0.216493 0.216493 0.951978 -0.216493 0.216493 
-0.965494 -0.144663 0.216549 0.965494 -0.144663 0.216549 -0.973486 -0.072547 0.216939 
0.973486 -0.072547 0.216939 -0.976138 1.51207e-16 0.217152 0.976138 6.22354e-17 0.217152 
-0.973486 0.072547 0.216939 0.973486 0.072547 0.216939 -0.965494 0.144663 0.216549 
0.965494 0.144663 0.216549 -0.951978 0.216493 0.216493 0.951978 0.216493 0.216493 
-0.932726 0.288124 0.216811 0.932726 0.288124 0.216811 -0.927827 0.303535 0.216804 
0.927827 0.303535 0.216804 -0.927783 0.288147 0.237042 0.927783 0.288147 0.237042 
-0.910185 0.354529 0.214179 0.910185 0.354529 0.214179 -0.881643 0.421102 0.213024 
0.881643 0.421102 0.213024 -0.858136 0.467159 0.212992 0.858136 0.467159 0.212992 
-0.84786 0.48598 0.212031 0.84786 0.48598 0.212031 -0.8088 0.548941 0.210965 
0.8088 0.548941 0.210965 -0.793748 0.570532 0.21085 0.793748 0.570532 0.21085 
-0.791805 0.547739 0.270237 0.791805 0.547739 0.270237 -0.764054 0.610091 0.209788 
0.764054 0.610091 0.209788 -0.731697 0.648571 0.209703 0.731697 0.648571 0.209703 
-0.711405 0.670842 0.209462 0.711405 0.670842 0.209462 -0.670842 0.711405 0.209462 
0.670842 0.711405 0.209462 -0.648571 0.731697 0.209703 0.648571 0.731697 0.209703 
-0.610091 0.764054 0.209788 0.610091 0.764054 0.209788 -0.570532 0.793748 0.21085 
0.570532 0.793748 0.21085 -0.548941 0.8088 0.210965 -0.48598 0.84786 0.212031 
0.48598 0.84786 0.212031 0.548941 0.8088 0.210965 -0.547739 0.791805 0.270237 
0.547739 0.791805 0.270237 -0.467159 0.858136 0.212992 0.467159 0.858136 0.212992 
-0.421102 0.881643 0.213024 -0.354529 0.910185 0.214179 0.354529 0.910185 0.214179 
0.421102 0.881643 0.213024 -0.303535 0.927827 0.216804 0.303535 0.927827 0.216804 
-0.288124 0.932726 0.216811 -0.216493 0.951978 0.216493 -0.144663 0.965494 0.216549 
-0.072547 0.973486 0.216939 -2.67364e-17 0.976138 0.217152 0.072547 0.973486 0.216939 
0.144663 0.965494 0.216549 0.216493 0.951978 0.216493 0.288124 0.932726 0.216811 
-0.288147 0.927783 0.237042 0.288147 0.927783 0.237042 -0.216811 -0.932726 0.288124 
-0.144735 -0.946653 0.287924 -0.0724213 -0.954941 0.287825 -3.97711e-16 -0.957683 0.287826 
0.0724213 -0.954941 0.287825 0.144735 -0.946653 0.287924 0.216811 -0.932726 0.288124 
-0.237042 -0.927783 0.288147 0.237042 -0.927783 0.288147 -0.420631 -0.861945 0.283056 
-0.352647 -0.891877 0.283186 -0.285413 -0.91492 0.285413 0.285413 -0.91492 0.285413 
0.352647 -0.891877 0.283186 0.420631 -0.861945 0.283056 -0.216804 -0.927827 0.303535 
-0.144908 -0.928091 0.343 0.144908 -0.928091 0.343 0.216804 -0.927827 0.303535 
-0.430478 -0.857099 0.282965 0.430478 -0.857099 0.282965 -0.48351 -0.829281 0.280199 
0.48351 -0.829281 0.280199 -0.420483 -0.856922 0.298126 0.420483 -0.856922 0.298126 
-0.543206 -0.791549 0.27996 0.543206 -0.791549 0.27996 -0.608477 -0.74311 0.278465 
-0.547139 -0.788904 0.279766 0.547139 -0.788904 0.279766 0.608477 -0.74311 0.278465 
-0.624027 -0.730136 0.278372 0.624027 -0.730136 0.278372 -0.669277 -0.689094 0.277882 
0.669277 -0.689094 0.277882 -0.607391 -0.728887 0.315912 0.607391 -0.728887 0.315912 
-0.689094 -0.669277 0.277882 0.689094 -0.669277 0.277882 -0.730136 -0.624027 0.278372 
0.730136 -0.624027 0.278372 -0.667388 -0.667388 0.330434 0.667388 -0.667388 0.330434 
-0.74311 -0.608477 0.278465 0.74311 -0.608477 0.278465 -0.728887 -0.607391 0.315912 
0.728887 -0.607391 0.315912 -0.788904 -0.547139 0.279766 0.788904 -0.547139 0.279766 
-0.791549 -0.543206 0.27996 0.791549 -0.543206 0.27996 -0.829281 -0.48351 0.280199 
0.829281 -0.48351 0.280199 -0.857099 -0.430478 0.282965 0.857099 -0.430478 0.282965 
-0.861945 -0.420631 0.283056 0.861945 -0.420631 0.283056 -0.856922 -0.420483 0.298126 
0.856922 -0.420483 0.298126 -0.891877 -0.352647 0.283186 0.891877 -0.352647 0.283186 
-0.91492 -0.285413 0.285413 0.91492 -0.285413 0.285413 -0.927783 -0.237042 0.288147 
0.927783 -0.237042 0.288147 -0.932726 -0.216811 0.288124 0.932726 -0.216811 0.288124 
-0.927827 -0.216804 0.303535 0.927827 -0.216804 0.303535 -0.946653 -0.144735 0.287924 
0.946653 -0.144735 0.287924 -0.928091 -0.144908 0.343 0.928091 -0.144908 0.343 
-0.954941 -0.0724213 0.287825 0.954941 -0.0724213 0.287825 -0.957683 -1.20806e-16 0.287826 
0.957683 -1.24538e-16 0.287826 -0.954941 0.0724213 0.287825 0.954941 0.0724213 0.287825 
-0.946653 0.144735 0.287924 0.946653 0.144735 0.287924 -0.928091 0.144908 0.343 
0.928091 0.144908 0.343 -0.932726 0.216811 0.288124 0.932726 0.216811 0.288124 
-0.927783 0.237042 0.288147 0.927783 0.237042 0.288147 -0.927827 0.216804 0.303535 
0.927827 0.216804 0.303535 -0.91492 0.285413 0.285413 0.91492 0.285413 0.285413 
-0.891877 0.352647 0.283186 0.891877 0.352647 0.283186 -0.861945 0.420631 0.283056 
0.861945 0.420631 0.283056 -0.857099 0.430478 0.282965 0.857099 0.430478 0.282965 
-0.856922 0.420483 0.298126 0.856922 0.420483 0.298126 -0.829281 0.48351 0.280199 
0.829281 0.48351 0.280199 -0.791549 0.543206 0.27996 0.791549 0.543206 0.27996 
-0.788904 0.547139 0.279766 0.788904 0.547139 0.279766 -0.74311 0.608477 0.278465 
0.74311 0.608477 0.278465 -0.730136 0.624027 0.278372 0.730136 0.624027 0.278372 
-0.728887 0.607391 0.315912 0.728887 0.607391 0.315912 -0.689094 0.669277 0.277882 
0.689094 0.669277 0.277882 -0.669277 0.689094 0.277882 0.669277 0.689094 0.277882 
-0.667388 0.667388 0.330434 0.667388 0.667388 0.330434 -0.624027 0.730136 0.278372 
0.624027 0.730136 0.278372 -0.608477 0.74311 0.278465 -0.547139 0.788904 0.279766 
0.547139 0.788904 0.279766 0.608477 0.74311 0.278465 -0.607391 0.728887 0.315912 
0.607391 0.728887 0.315912 -0.543206 0.791549 0.27996 0.543206 0.791549 0.27996 
-0.48351 0.829281 0.280199 0.48351 0.829281 0.280199 -0.430478 0.857099 0.282965 
0.430478 0.857099 0.282965 -0.420631 0.861945 0.283056 -0.352647 0.891877 0.283186 
-0.285413 0.91492 0.285413 0.285413 0.91492 0.285413 0.352647 0.891877 0.283186 
0.420631 0.861945 0.283056 -0.420483 0.856922 0.298126 0.420483 0.856922 0.298126 
-0.237042 0.927783 0.288147 0.237042 0.927783 0.288147 -0.216811 0.932726 0.288124 
-0.144735 0.946653 0.287924 -0.0724213 0.954941 0.287825 -2.80637e-16 0.957683 0.287826 
0.0724213 0.954941 0.287825 0.144735 0.946653 0.287924 0.216811 0.932726 0.288124 
-0.216804 0.927827 0.303535 -0.144908 0.928091 0.343 0.144908 0.928091 0.343 
0.216804 0.927827 0.303535 -0.0726006 -0.930565 0.358856 -8.72328e-16 -0.933384 0.358879 
0.0726006 -0.930565 0.358856 -0.096829 -0.928306 0.358987 0.096829 -0.928306 0.358987 
-0.352223 -0.867109 0.352223 -0.283186 -0.891877 0.352647 -0.214179 -0.910185 0.354529 
-0.144326 -0.922762 0.357324 0.144326 -0.922762 0.357324 0.214179 -0.910185 0.354529 
0.283186 -0.891877 0.352647 0.352223 -0.867109 0.352223 -0.0725941 -0.928186 0.364968 
-8.82248e-16 -0.928563 0.371175 0.0725941 -0.928186 0.364968 -0.376514 -0.856926 0.352016 
0.376514 -0.856926 0.352016 -0.482194 -0.803908 0.348169 -0.417235 -0.838968 0.349353 
0.417235 -0.838968 0.349353 0.482194 -0.803908 0.348169 -0.352016 -0.856926 0.376514 
0.352016 -0.856926 0.376514 -0.503015 -0.791165 0.347901 0.503015 -0.791165 0.347901 
-0.544419 -0.76411 0.346039 0.544419 -0.76411 0.346039 -0.481588 -0.790574 0.378241 
0.481588 -0.790574 0.378241 -0.591846 -0.728178 0.345652 0.591846 -0.728178 0.345652 
-0.606014 -0.716629 0.345239 0.606014 -0.716629 0.345239 -0.660543 -0.666793 0.345067 
0.660543 -0.666793 0.345067 -0.666793 -0.660543 0.345067 0.666793 -0.660543 0.345067 
-0.716629 -0.606014 0.345239 0.716629 -0.606014 0.345239 -0.728178 -0.591846 0.345652 
0.728178 -0.591846 0.345652 -0.76411 -0.544419 0.346039 0.76411 -0.544419 0.346039 
-0.791165 -0.503015 0.347901 0.791165 -0.503015 0.347901 -0.803908 -0.482194 0.348169 
0.803908 -0.482194 0.348169 -0.790574 -0.481588 0.378241 0.790574 -0.481588 0.378241 
-0.838968 -0.417235 0.349353 0.838968 -0.417235 0.349353 -0.856926 -0.376514 0.352016 
0.856926 -0.376514 0.352016 -0.867109 -0.352223 0.352223 0.867109 -0.352223 0.352223 
-0.856926 -0.352016 0.376514 0.856926 -0.352016 0.376514 -0.891877 -0.283186 0.352647 
0.891877 -0.283186 0.352647 -0.910185 -0.214179 0.354529 0.910185 -0.214179 0.354529 
-0.922762 -0.144326 0.357324 0.922762 -0.144326 0.357324 -0.928306 -0.096829 0.358987 
0.928306 -0.096829 0.358987 -0.930565 -0.0726006 0.358856 0.930565 -0.0726006 0.358856 
-0.928186 -0.0725941 0.364968 0.928186 -0.0725941 0.364968 -0.933384 6.906e-16 0.358879 
0.933384 3.52563e-16 0.358879 -0.928563 5.73987e-16 0.371175 0.928563 3.04337e-16 0.371175 
-0.930565 0.0726006 0.358856 0.930565 0.0726006 0.358856 -0.928306 0.096829 0.358987 
0.928306 0.096829 0.358987 -0.928186 0.0725941 0.364968 0.928186 0.0725941 0.364968 
-0.922762 0.144326 0.357324 0.922762 0.144326 0.357324 -0.910185 0.214179 0.354529 
0.910185 0.214179 0.354529 -0.891877 0.283186 0.352647 0.891877 0.283186 0.352647 
-0.867109 0.352223 0.352223 0.867109 0.352223 0.352223 -0.856926 0.376514 0.352016 
0.856926 0.376514 0.352016 -0.856926 0.352016 0.376514 0.856926 0.352016 0.376514 
-0.838968 0.417235 0.349353 0.838968 0.417235 0.349353 -0.803908 0.482194 0.348169 
0.803908 0.482194 0.348169 -0.791165 0.503015 0.347901 0.791165 0.503015 0.347901 
-0.790574 0.481588 0.378241 0.790574 0.481588 0.378241 -0.76411 0.544419 0.346039 
0.76411 0.544419 0.346039 -0.728178 0.591846 0.345652 0.728178 0.591846 0.345652 
-0.716629 0.606014 0.345239 0.716629 0.606014 0.345239 -0.666793 0.660543 0.345067 
0.666793 0.660543 0.345067 -0.660543 0.666793 0.345067 0.660543 0.666793 0.345067 
-0.606014 0.716629 0.345239 0.606014 0.716629 0.345239 -0.591846 0.728178 0.345652 
0.591846 0.728178 0.345652 -0.544419 0.76411 0.346039 0.544419 0.76411 0.346039 
-0.503015 0.791165 0.347901 0.503015 0.791165 0.347901 -0.482194 0.803908 0.348169 
-0.417235 0.838968 0.349353 0.417235 0.838968 0.349353 0.482194 0.803908 0.348169 
-0.481588 0.790574 0.378241 0.481588 0.790574 0.378241 -0.376514 0.856926 0.352016 
0.376514 0.856926 0.352016 -0.352223 0.867109 0.352223 -0.283186 0.891877 0.352647 
-0.214179 0.910185 0.354529 -0.144326 0.922762 0.357324 0.144326 0.922762 0.357324 
0.214179 0.910185 0.354529 0.283186 0.891877 0.352647 0.352223 0.867109 0.352223 
-0.352016 0.856926 0.376514 0.352016 0.856926 0.376514 -0.096829 0.928306 0.358987 
0.096829 0.928306 0.358987 -0.0726006 0.930565 0.358856 -3.453e-16 0.933384 0.358879 
0.0726006 0.930565 0.358856 -0.0725941 0.928186 0.364968 -3.56368e-16 0.928563 0.371175 
0.0725941 0.928186 0.364968 -0.283056 -0.861945 0.420631 -0.213024 -0.881643 0.421102 
-0.142502 -0.895411 0.42182 -0.071487 -0.903456 0.422679 -8.42681e-16 -0.906101 0.423061 
0.071487 -0.903456 0.422679 0.142502 -0.895411 0.42182 0.213024 -0.881643 0.421102 
0.283056 -0.861945 0.420631 -0.298126 -0.856922 0.420483 0.298126 -0.856922 0.420483 
-0.415591 -0.809053 0.415591 -0.349353 -0.838968 0.417235 0.349353 -0.838968 0.417235 
0.415591 -0.809053 0.415591 -0.282965 -0.857099 0.430478 -0.212992 -0.858136 0.467159 
0.212992 -0.858136 0.467159 0.282965 -0.857099 0.430478 -0.450541 -0.790417 0.415034 
0.450541 -0.790417 0.415034 -0.542643 -0.731813 0.412297 -0.479487 -0.774107 0.41334 
0.479487 -0.774107 0.41334 0.542643 -0.731813 0.412297 -0.415034 -0.790417 0.450541 
0.415034 -0.790417 0.450541 -0.549585 -0.726675 0.412189 0.549585 -0.726675 0.412189 
-0.604263 -0.682587 0.411025 0.604263 -0.682587 0.411025 -0.542384 -0.726488 0.421943 
0.542384 -0.726488 0.421943 -0.623101 -0.665503 0.410915 0.623101 -0.665503 0.410915 
-0.665503 -0.623101 0.410915 0.665503 -0.623101 0.410915 -0.603376 -0.664667 0.440629 
0.603376 -0.664667 0.440629 -0.682587 -0.604263 0.411025 0.682587 -0.604263 0.411025 
-0.726675 -0.549585 0.412189 0.726675 -0.549585 0.412189 -0.664667 -0.603376 0.440629 
0.664667 -0.603376 0.440629 -0.731813 -0.542643 0.412297 0.731813 -0.542643 0.412297 
-0.726488 -0.542384 0.421943 0.726488 -0.542384 0.421943 -0.774107 -0.479487 0.41334 
0.774107 -0.479487 0.41334 -0.790417 -0.450541 0.415034 0.790417 -0.450541 0.415034 
-0.809053 -0.415591 0.415591 0.809053 -0.415591 0.415591 -0.790417 -0.415034 0.450541 
0.790417 -0.415034 0.450541 -0.838968 -0.349353 0.417235 0.838968 -0.349353 0.417235 
-0.856922 -0.298126 0.420483 0.856922 -0.298126 0.420483 -0.861945 -0.283056 0.420631 
0.861945 -0.283056 0.420631 -0.857099 -0.282965 0.430478 0.857099 -0.282965 0.430478 
-0.881643 -0.213024 0.421102 0.881643 -0.213024 0.421102 -0.858136 -0.212992 0.467159 
0.858136 -0.212992 0.467159 -0.895411 -0.142502 0.42182 0.895411 -0.142502 0.42182 
-0.903456 -0.071487 0.422679 0.903456 -0.071487 0.422679 -0.906101 -5.18618e-16 0.423061 
0.906101 1.94496e-16 0.423061 -0.903456 0.071487 0.422679 0.903456 0.071487 0.422679 
-0.895411 0.142502 0.42182 0.895411 0.142502 0.42182 -0.881643 0.213024 0.421102 
0.881643 0.213024 0.421102 -0.858136 0.212992 0.467159 0.858136 0.212992 0.467159 
-0.861945 0.283056 0.420631 0.861945 0.283056 0.420631 -0.856922 0.298126 0.420483 
0.856922 0.298126 0.420483 -0.857099 0.282965 0.430478 0.857099 0.282965 0.430478 
-0.838968 0.349353 0.417235 0.838968 0.349353 0.417235 -0.809053 0.415591 0.415591 
0.809053 0.415591 0.415591 -0.790417 0.450541 0.415034 0.790417 0.450541 0.415034 
-0.790417 0.415034 0.450541 0.790417 0.415034 0.450541 -0.774107 0.479487 0.41334 
0.774107 0.479487 0.41334 -0.731813 0.542643 0.412297 0.731813 0.542643 0.412297 
-0.726675 0.549585 0.412189 0.726675 0.549585 0.412189 -0.726488 0.542384 0.421943 
0.726488 0.542384 0.421943 -0.682587 0.604263 0.411025 0.682587 0.604263 0.411025 
-0.665503 0.623101 0.410915 0.665503 0.623101 0.410915 -0.664667 0.603376 0.440629 
0.664667 0.603376 0.440629 -0.623101 0.665503 0.410915 0.623101 0.665503 0.410915 
-0.604263 0.682587 0.411025 0.604263 0.682587 0.411025 -0.603376 0.664667 0.440629 
0.603376 0.664667 0.440629 -0.549585 0.726675 0.412189 0.549585 0.726675 0.412189 
-0.542643 0.731813 0.412297 -0.479487 0.774107 0.41334 0.479487 0.774107 0.41334 
0.542643 0.731813 0.412297 -0.542384 0.726488 0.421943 0.542384 0.726488 0.421943 
-0.450541 0.790417 0.415034 0.450541 0.790417 0.415034 -0.415591 0.809053 0.415591 
-0.349353 0.838968 0.417235 0.349353 0.838968 0.417235 0.415591 0.809053 0.415591 
-0.415034 0.790417 0.450541 0.415034 0.790417 0.450541 -0.298126 0.856922 0.420483 
0.298126 0.856922 0.420483 -0.283056 0.861945 0.420631 -0.213024 0.881643 0.421102 
-0.142502 0.895411 0.42182 -0.071487 0.903456 0.422679 -4.53766e-16 0.906101 0.423061 
0.071487 0.903456 0.422679 0.142502 0.895411 0.42182 0.213024 0.881643 0.421102 
0.283056 0.861945 0.420631 -0.282965 0.857099 0.430478 -0.212992 0.858136 0.467159 
0.212992 0.858136 0.467159 0.282965 0.857099 0.430478 -0.142594 -0.860792 0.488574 
-0.071409 -0.869349 0.489013 4.75137e-16 -0.872208 0.489135 0.071409 -0.869349 0.489013 
0.142594 -0.860792 0.488574 -0.156682 -0.858353 0.48855 0.156682 -0.858353 0.48855 
-0.348169 -0.803908 0.482194 -0.280199 -0.829281 0.48351 -0.212031 -0.84786 0.48598 
0.212031 -0.84786 0.48598 0.280199 -0.829281 0.48351 0.348169 -0.803908 0.482194 
-0.142573 -0.858453 0.492678 -0.0713837 -0.859667 0.505843 5.2629e-16 -0.859979 0.510329 
0.0713837 -0.859667 0.505843 0.142573 -0.858453 0.492678 -0.378241 -0.790574 0.481588 
0.378241 -0.790574 0.481588 -0.47793 -0.736998 0.47793 -0.41334 -0.774107 0.479487 
0.41334 -0.774107 0.479487 0.47793 -0.736998 0.47793 -0.347901 -0.791165 0.503015 
-0.27996 -0.791549 0.543206 0.27996 -0.791549 0.543206 0.347901 -0.791165 0.503015 
-0.494368 -0.726306 0.477577 0.494368 -0.726306 0.477577 -0.540521 -0.69368 0.476073 
0.540521 -0.69368 0.476073 -0.477577 -0.726306 0.494368 0.477577 -0.726306 0.494368 
-0.576858 -0.664117 0.475589 0.576858 -0.664117 0.475589 -0.602407 -0.6413 0.475227 
0.602407 -0.6413 0.475227 -0.539568 -0.66359 0.518184 0.539568 -0.66359 0.518184 
-0.6413 -0.602407 0.475227 0.6413 -0.602407 0.475227 -0.664117 -0.576858 0.475589 
0.664117 -0.576858 0.475589 -0.60137 -0.60137 0.526032 0.60137 -0.60137 0.526032 
-0.69368 -0.540521 0.476073 0.69368 -0.540521 0.476073 -0.726306 -0.494368 0.477577 
0.726306 -0.494368 0.477577 -0.66359 -0.539568 0.518184 0.66359 -0.539568 0.518184 
-0.736998 -0.47793 0.47793 0.736998 -0.47793 0.47793 -0.726306 -0.477577 0.494368 
0.726306 -0.477577 0.494368 -0.774107 -0.41334 0.479487 0.774107 -0.41334 0.479487 
-0.790574 -0.378241 0.481588 0.790574 -0.378241 0.481588 -0.803908 -0.348169 0.482194 
0.803908 -0.348169 0.482194 -0.791165 -0.347901 0.503015 0.791165 -0.347901 0.503015 
-0.829281 -0.280199 0.48351 0.829281 -0.280199 0.48351 -0.791549 -0.27996 0.543206 
0.791549 -0.27996 0.543206 -0.84786 -0.212031 0.48598 0.84786 -0.212031 0.48598 
-0.858353 -0.156682 0.48855 0.858353 -0.156682 0.48855 -0.860792 -0.142594 0.488574 
0.860792 -0.142594 0.488574 -0.858453 -0.142573 0.492678 0.858453 -0.142573 0.492678 
-0.869349 -0.071409 0.489013 0.869349 -0.071409 0.489013 -0.859667 -0.0713837 0.505843 
0.859667 -0.0713837 0.505843 -0.872208 5.89692e-16 0.489135 0.872208 -9.39102e-17 0.489135 
-0.859979 3.02173e-16 0.510329 0.859979 1.26173e-16 0.510329 -0.869349 0.071409 0.489013 
0.869349 0.071409 0.489013 -0.859667 0.0713837 0.505843 0.859667 0.0713837 0.505843 
-0.860792 0.142594 0.488574 0.860792 0.142594 0.488574 -0.858353 0.156682 0.48855 
0.858353 0.156682 0.48855 -0.858453 0.142573 0.492678 0.858453 0.142573 0.492678 
-0.84786 0.212031 0.48598 0.84786 0.212031 0.48598 -0.829281 0.280199 0.48351 
0.829281 0.280199 0.48351 -0.791549 0.27996 0.543206 0.791549 0.27996 0.543206 
-0.803908 0.348169 0.482194 0.803908 0.348169 0.482194 -0.790574 0.378241 0.481588 
0.790574 0.378241 0.481588 -0.791165 0.347901 0.503015 0.791165 0.347901 0.503015 
-0.774107 0.41334 0.479487 0.774107 0.41334 0.479487 -0.736998 0.47793 0.47793 
0.736998 0.47793 0.47793 -0.726306 0.494368 0.477577 0.726306 0.494368 0.477577 
-0.726306 0.477577 0.494368 0.726306 0.477577 0.494368 -0.69368 0.540521 0.476073 
0.69368 0.540521 0.476073 -0.664117 0.576858 0.475589 0.664117 0.576858 0.475589 
-0.66359 0.539568 0.518184 0.66359 0.539568 0.518184 -0.6413 0.602407 0.475227 
0.6413 0.602407 0.475227 -0.602407 0.6413 0.475227 0.602407 0.6413 0.475227 
-0.60137 0.60137 0.526032 0.60137 0.60137 0.526032 -0.576858 0.664117 0.475589 
0.576858 0.664117 0.475589 -0.540521 0.69368 0.476073 0.540521 0.69368 0.476073 
-0.539568 0.66359 0.518184 0.539568 0.66359 0.518184 -0.494368 0.726306 0.477577 
0.494368 0.726306 0.477577 -0.47793 0.736998 0.47793 -0.41334 0.774107 0.479487 
0.41334 0.774107 0.479487 0.47793 0.736998 0.47793 -0.477577 0.726306 0.494368 
0.477577 0.726306 0.494368 -0.378241 0.790574 0.481588 0.378241 0.790574 0.481588 
-0.348169 0.803908 0.482194 -0.280199 0.829281 0.48351 -0.212031 0.84786 0.48598 
0.212031 0.84786 0.48598 0.280199 0.829281 0.48351 0.348169 0.803908 0.482194 
-0.347901 0.791165 0.503015 -0.27996 0.791549 0.543206 0.27996 0.791549 0.543206 
0.347901 0.791165 0.503015 -0.156682 0.858353 0.48855 0.156682 0.858353 0.48855 
-0.142594 0.860792 0.488574 -0.071409 0.869349 0.489013 5.31483e-16 0.872208 0.489135 
0.071409 0.869349 0.489013 0.142594 0.860792 0.488574 -0.142573 0.858453 0.492678 
-0.0713837 0.859667 0.505843 4.94747e-16 0.859979 0.510329 0.0713837 0.859667 0.505843 
0.142573 0.858453 0.492678 -0.210965 -0.8088 0.548941 -0.141067 -0.823211 0.549931 
-0.0707076 -0.831705 0.550698 6.68204e-16 -0.834501 0.551007 0.0707076 -0.831705 0.550698 
0.141067 -0.823211 0.549931 0.210965 -0.8088 0.548941 -0.270237 -0.791805 0.547739 
0.270237 -0.791805 0.547739 -0.412297 -0.731813 0.542643 -0.346039 -0.76411 0.544419 
-0.279766 -0.788904 0.547139 0.279766 -0.788904 0.547139 0.346039 -0.76411 0.544419 
0.412297 -0.731813 0.542643 -0.21085 -0.793748 0.570532 -0.141016 -0.79472 0.590368 
-0.0707107 -0.795096 0.602347 7.54097e-16 -0.795215 0.606328 0.0707107 -0.795096 0.602347 
0.141016 -0.79472 0.590368 0.21085 -0.793748 0.570532 -0.421943 -0.726488 0.542384 
0.421943 -0.726488 0.542384 -0.476073 -0.69368 0.540521 0.476073 -0.69368 0.540521 
-0.412189 -0.726675 0.549585 -0.345652 -0.728178 0.591846 0.345652 -0.728178 0.591846 
0.412189 -0.726675 0.549585 -0.518184 -0.66359 0.539568 0.518184 -0.66359 0.539568 
-0.539029 -0.647222 0.539029 0.539029 -0.647222 0.539029 -0.475589 -0.664116 0.576858 
0.475589 -0.664116 0.576858 -0.59035 -0.601206 0.538552 0.59035 -0.601206 0.538552 
-0.601206 -0.59035 0.538552 0.601206 -0.59035 0.538552 -0.538552 -0.601206 0.59035 
0.538552 -0.601206 0.59035 -0.647222 -0.539029 0.539029 0.647222 -0.539029 0.539029 
-0.66359 -0.518184 0.539568 0.66359 -0.518184 0.539568 -0.601206 -0.538552 0.59035 
0.601206 -0.538552 0.59035 -0.69368 -0.476073 0.540521 0.69368 -0.476073 0.540521 
-0.726488 -0.421943 0.542384 0.726488 -0.421943 0.542384 -0.664116 -0.475589 0.576858 
0.664116 -0.475589 0.576858 -0.731813 -0.412297 0.542643 0.731813 -0.412297 0.542643 
-0.726675 -0.412189 0.549585 0.726675 -0.412189 0.549585 -0.76411 -0.346039 0.544419 
0.76411 -0.346039 0.544419 -0.728178 -0.345652 0.591846 0.728178 -0.345652 0.591846 
-0.788904 -0.279766 0.547139 0.788904 -0.279766 0.547139 -0.791805 -0.270237 0.547739 
0.791805 -0.270237 0.547739 -0.8088 -0.210965 0.548941 0.8088 -0.210965 0.548941 
-0.793748 -0.21085 0.570532 0.793748 -0.21085 0.570532 -0.823211 -0.141067 0.549931 
0.823211 -0.141067 0.549931 -0.79472 -0.141016 0.590368 0.79472 -0.141016 0.590368 
-0.831705 -0.0707076 0.550698 0.831705 -0.0707076 0.550698 -0.795096 -0.0707107 0.602347 
0.795096 -0.0707107 0.602347 -0.834501 -3.4603e-16 0.551007 0.834501 5.34563e-16 0.551007 
-0.795215 2.42135e-16 0.606328 0.795215 -1.55413e-16 0.606328 -0.831705 0.0707076 0.550698 
0.831705 0.0707076 0.550698 -0.795096 0.0707107 0.602347 0.795096 0.0707107 0.602347 
-0.823211 0.141067 0.549931 0.823211 0.141067 0.549931 -0.79472 0.141016 0.590368 
0.79472 0.141016 0.590368 -0.8088 0.210965 0.548941 0.8088 0.210965 0.548941 
-0.791805 0.270237 0.547739 0.791805 0.270237 0.547739 -0.793748 0.21085 0.570532 
0.793748 0.21085 0.570532 -0.788904 0.279766 0.547139 0.788904 0.279766 0.547139 
-0.76411 0.346039 0.544419 0.76411 0.346039 0.544419 -0.728178 0.345652 0.591846 
0.728178 0.345652 0.591846 -0.731813 0.412297 0.542643 0.731813 0.412297 0.542643 
-0.726488 0.421943 0.542384 0.726488 0.421943 0.542384 -0.726675 0.412189 0.549585 
0.726675 0.412189 0.549585 -0.69368 0.476073 0.540521 0.69368 0.476073 0.540521 
-0.66359 0.518184 0.539568 0.66359 0.518184 0.539568 -0.664116 0.475589 0.576858 
0.664116 0.475589 0.576858 -0.647222 0.539029 0.539029 0.647222 0.539029 0.539029 
-0.601206 0.59035 0.538552 0.601206 0.59035 0.538552 -0.601206 0.538552 0.59035 
0.601206 0.538552 0.59035 -0.59035 0.601206 0.538552 0.59035 0.601206 0.538552 
-0.539029 0.647222 0.539029 0.539029 0.647222 0.539029 -0.538552 0.601206 0.59035 
0.538552 0.601206 0.59035 -0.518184 0.66359 0.539568 0.518184 0.66359 0.539568 
-0.476073 0.69368 0.540521 0.476073 0.69368 0.540521 -0.475589 0.664116 0.576858 
0.475589 0.664116 0.576858 -0.421943 0.726488 0.542384 0.421943 0.726488 0.542384 
-0.412297 0.731813 0.542643 -0.346039 0.76411 0.544419 -0.279766 0.788904 0.547139 
0.279766 0.788904 0.547139 0.346039 0.76411 0.544419 0.412297 0.731813 0.542643 
-0.412189 0.726675 0.549585 -0.345652 0.728178 0.591846 0.345652 0.728178 0.591846 
0.412189 0.726675 0.549585 -0.270237 0.791805 0.547739 0.270237 0.791805 0.547739 
-0.210965 0.8088 0.548941 -0.141067 0.823211 0.549931 -0.0707076 0.831705 0.550698 
4.58594e-16 0.834501 0.551007 0.0707076 0.831705 0.550698 0.141067 0.823211 0.549931 
0.210965 0.8088 0.548941 -0.21085 0.793748 0.570532 -0.141016 0.79472 0.590368 
-0.0707107 0.795096 0.602347 7.10736e-16 0.795215 0.606328 0.0707107 0.795096 0.602347 
0.141016 0.79472 0.590368 0.21085 0.793748 0.570532 -0.278465 -0.74311 0.608477 
-0.209788 -0.764054 0.610091 -0.140561 -0.778648 0.611515 -0.0705894 -0.787159 0.612698 
6.85769e-16 -0.789953 0.613168 0.0705894 -0.787159 0.612698 0.140561 -0.778648 0.611515 
0.209788 -0.764054 0.610091 0.278465 -0.74311 0.608477 -0.315912 -0.728887 0.607391 
0.315912 -0.728887 0.607391 -0.411025 -0.682587 0.604263 -0.345239 -0.716629 0.606014 
0.345239 -0.716629 0.606014 0.411025 -0.682587 0.604263 -0.278372 -0.730136 0.624027 
-0.209703 -0.731697 0.648571 -0.14054 -0.732575 0.66602 0.14054 -0.732575 0.66602 
0.209703 -0.731697 0.648571 0.278372 -0.730136 0.624027 -0.440629 -0.664667 0.603376 
0.440629 -0.664667 0.603376 -0.475227 -0.6413 0.602407 0.475227 -0.6413 0.602407 
-0.410915 -0.665503 0.623101 -0.345067 -0.666793 0.660543 0.345067 -0.666793 0.660543 
0.410915 -0.665503 0.623101 -0.526032 -0.60137 0.60137 0.526032 -0.60137 0.60137 
-0.538552 -0.59035 0.601206 0.538552 -0.59035 0.601206 -0.475227 -0.602407 0.6413 
0.475227 -0.602407 0.6413 -0.59035 -0.538552 0.601206 0.59035 -0.538552 0.601206 
-0.60137 -0.526032 0.60137 0.60137 -0.526032 0.60137 -0.539029 -0.539029 0.647222 
0.539029 -0.539029 0.647222 -0.6413 -0.475227 0.602407 0.6413 -0.475227 0.602407 
-0.664667 -0.440629 0.603376 0.664667 -0.440629 0.603376 -0.602407 -0.475227 0.6413 
0.602407 -0.475227 0.6413 -0.682587 -0.411025 0.604263 0.682587 -0.411025 0.604263 
-0.665503 -0.410915 0.623101 0.665503 -0.410915 0.623101 -0.716629 -0.345239 0.606014 
0.716629 -0.345239 0.606014 -0.728887 -0.315912 0.607391 0.728887 -0.315912 0.607391 
-0.666793 -0.345067 0.660543 0.666793 -0.345067 0.660543 -0.74311 -0.278465 0.608477 
0.74311 -0.278465 0.608477 -0.730136 -0.278372 0.624027 0.730136 -0.278372 0.624027 
-0.764054 -0.209788 0.610091 0.764054 -0.209788 0.610091 -0.731697 -0.209703 0.648571 
0.731697 -0.209703 0.648571 -0.778648 -0.140561 0.611515 0.778648 -0.140561 0.611515 
-0.732575 -0.14054 0.66602 0.732575 -0.14054 0.66602 -0.787159 -0.0705894 0.612698 
0.787159 -0.0705894 0.612698 -0.789953 2.8379e-16 0.613168 0.789953 -2.34633e-16 0.613168 
-0.787159 0.0705894 0.612698 0.787159 0.0705894 0.612698 -0.778648 0.140561 0.611515 
0.778648 0.140561 0.611515 -0.732575 0.14054 0.66602 0.732575 0.14054 0.66602 
-0.764054 0.209788 0.610091 0.764054 0.209788 0.610091 -0.731697 0.209703 0.648571 
0.731697 0.209703 0.648571 -0.74311 0.278465 0.608477 0.74311 0.278465 0.608477 
-0.728887 0.315912 0.607391 0.728887 0.315912 0.607391 -0.730136 0.278372 0.624027 
0.730136 0.278372 0.624027 -0.716629 0.345239 0.606014 0.716629 0.345239 0.606014 
-0.666793 0.345067 0.660543 0.666793 0.345067 0.660543 -0.682587 0.411025 0.604263 
0.682587 0.411025 0.604263 -0.664667 0.440629 0.603376 0.664667 0.440629 0.603376 
-0.665503 0.410915 0.623101 0.665503 0.410915 0.623101 -0.6413 0.475227 0.602407 
0.6413 0.475227 0.602407 -0.60137 0.526032 0.60137 0.60137 0.526032 0.60137 
-0.602407 0.475227 0.6413 0.602407 0.475227 0.6413 -0.59035 0.538552 0.601206 
0.59035 0.538552 0.601206 -0.538552 0.59035 0.601206 0.538552 0.59035 0.601206 
-0.539029 0.539029 0.647222 0.539029 0.539029 0.647222 -0.526032 0.60137 0.60137 
0.526032 0.60137 0.60137 -0.475227 0.6413 0.602407 0.475227 0.6413 0.602407 
-0.475227 0.602407 0.6413 0.475227 0.602407 0.6413 -0.440629 0.664667 0.603376 
0.440629 0.664667 0.603376 -0.411025 0.682587 0.604263 -0.345239 0.716629 0.606014 
0.345239 0.716629 0.606014 0.411025 0.682587 0.604263 -0.410915 0.665503 0.623101 
-0.345067 0.666793 0.660543 0.345067 0.666793 0.660543 0.410915 0.665503 0.623101 
-0.315912 0.728887 0.607391 0.315912 0.728887 0.607391 -0.278465 0.74311 0.608477 
-0.209788 0.764054 0.610091 -0.140561 0.778648 0.611515 -0.0705894 0.787159 0.612698 
6.52997e-16 0.789953 0.613168 0.0705894 0.787159 0.612698 0.140561 0.778648 0.611515 
0.209788 0.764054 0.610091 0.278465 0.74311 0.608477 -0.278372 0.730136 0.624027 
-0.209703 0.731697 0.648571 -0.14054 0.732575 0.66602 0.14054 0.732575 0.66602 
0.209703 0.731697 0.648571 0.278372 0.730136 0.624027 -0.0705247 -0.735983 0.673317 
3.14908e-16 -0.738974 0.673734 0.0705247 -0.735983 0.673317 -0.0939403 -0.733424 0.673249 
0.0939403 -0.733424 0.673249 -0.277882 -0.689094 0.669277 -0.209462 -0.711405 0.670842 
-0.140489 -0.726946 0.67217 0.140489 -0.726946 0.67217 0.209462 -0.711405 0.670842 
0.277882 -0.689094 0.669277 -0.0705222 -0.733514 0.676005 3.00986e-16 -0.733992 0.679158 
0.0705222 -0.733514 0.676005 -0.330434 -0.667388 0.667388 0.330434 -0.667388 0.667388 
-0.410915 -0.623101 0.665503 -0.345067 -0.660543 0.666793 0.345067 -0.660543 0.666793 
0.410915 -0.623101 0.665503 -0.277882 -0.669277 0.689094 -0.209462 -0.670842 0.711405 
-0.140489 -0.67217 0.726946 0.140489 -0.67217 0.726946 0.209462 -0.670842 0.711405 
0.277882 -0.669277 0.689094 -0.440629 -0.603376 0.664667 0.440629 -0.603376 0.664667 
-0.475589 -0.576858 0.664116 0.475589 -0.576858 0.664116 -0.411025 -0.604263 0.682587 
-0.345239 -0.606014 0.716629 0.345239 -0.606014 0.716629 0.411025 -0.604263 0.682587 
-0.518184 -0.539568 0.66359 0.518184 -0.539568 0.66359 -0.539568 -0.518184 0.66359 
0.539568 -0.518184 0.66359 -0.476073 -0.540521 0.69368 0.476073 -0.540521 0.69368 
-0.576858 -0.475589 0.664116 0.576858 -0.475589 0.664116 -0.603376 -0.440629 0.664667 
0.603376 -0.440629 0.664667 -0.540521 -0.476073 0.69368 0.540521 -0.476073 0.69368 
-0.623101 -0.410915 0.665503 0.623101 -0.410915 0.665503 -0.604263 -0.411025 0.682587 
0.604263 -0.411025 0.682587 -0.660543 -0.345067 0.666793 0.660543 -0.345067 0.666793 
-0.667388 -0.330434 0.667388 0.667388 -0.330434 0.667388 -0.606014 -0.345239 0.716629 
0.606014 -0.345239 0.716629 -0.689094 -0.277882 0.669277 0.689094 -0.277882 0.669277 
-0.669277 -0.277882 0.689094 0.669277 -0.277882 0.689094 -0.711405 -0.209462 0.670842 
0.711405 -0.209462 0.670842 -0.670842 -0.209462 0.711405 0.670842 -0.209462 0.711405 
-0.726946 -0.140489 0.67217 0.726946 -0.140489 0.67217 -0.733424 -0.0939403 0.673249 
0.733424 -0.0939403 0.673249 -0.67217 -0.140489 0.726946 0.67217 -0.140489 0.726946 
-0.735983 -0.0705247 0.673317 0.735983 -0.0705247 0.673317 -0.733514 -0.0705222 0.676005 
0.733514 -0.0705222 0.676005 -0.738974 -1.65987e-16 0.673734 0.738974 -1.74521e-16 0.673734 
-0.733992 -1.73583e-16 0.679158 0.733992 -2.01291e-16 0.679158 -0.735983 0.0705247 0.673317 
0.735983 0.0705247 0.673317 -0.733424 0.0939403 0.673249 0.733424 0.0939403 0.673249 
-0.733514 0.0705222 0.676005 0.733514 0.0705222 0.676005 -0.726946 0.140489 0.67217 
0.726946 0.140489 0.67217 -0.67217 0.140489 0.726946 0.67217 0.140489 0.726946 
-0.711405 0.209462 0.670842 0.711405 0.209462 0.670842 -0.670842 0.209462 0.711405 
0.670842 0.209462 0.711405 -0.689094 0.277882 0.669277 0.689094 0.277882 0.669277 
-0.667388 0.330434 0.667388 0.667388 0.330434 0.667388 -0.669277 0.277882 0.689094 
0.669277 0.277882 0.689094 -0.660543 0.345067 0.666793 0.660543 0.345067 0.666793 
-0.606014 0.345239 0.716629 0.606014 0.345239 0.716629 -0.623101 0.410915 0.665503 
0.623101 0.410915 0.665503 -0.603376 0.440629 0.664667 0.603376 0.440629 0.664667 
-0.604263 0.411025 0.682587 0.604263 0.411025 0.682587 -0.576858 0.475589 0.664116 
0.576858 0.475589 0.664116 -0.539568 0.518184 0.66359 0.539568 0.518184 0.66359 
-0.540521 0.476073 0.69368 0.540521 0.476073 0.69368 -0.518184 0.539568 0.66359 
0.518184 0.539568 0.66359 -0.475589 0.576858 0.664116 0.475589 0.576858 0.664116 
-0.476073 0.540521 0.69368 0.476073 0.540521 0.69368 -0.440629 0.603376 0.664667 
0.440629 0.603376 0.664667 -0.410915 0.623101 0.665503 -0.345067 0.660543 0.666793 
0.345067 0.660543 0.666793 0.410915 0.623101 0.665503 -0.411025 0.604263 0.682587 
-0.345239 0.606014 0.716629 0.345239 0.606014 0.716629 0.411025 0.604263 0.682587 
-0.330434 0.667388 0.667388 0.330434 0.667388 0.667388 -0.277882 0.689094 0.669277 
-0.209462 0.711405 0.670842 -0.140489 0.726946 0.67217 0.140489 0.726946 0.67217 
0.209462 0.711405 0.670842 0.277882 0.689094 0.669277 -0.277882 0.669277 0.689094 
-0.209462 0.670842 0.711405 -0.140489 0.67217 0.726946 0.140489 0.67217 0.726946 
0.209462 0.670842 0.711405 0.277882 0.669277 0.689094 -0.0939403 0.733424 0.673249 
0.0939403 0.733424 0.673249 -0.0705247 0.735983 0.673317 7.78737e-16 0.738974 0.673734 
0.0705247 0.735983 0.673317 -0.0705222 0.733514 0.676005 7.66319e-16 0.733992 0.679158 
0.0705222 0.733514 0.676005 -0.0705222 -0.676005 0.733514 3.00986e-16 -0.679158 0.733992 
0.0705222 -0.676005 0.733514 -0.0939403 -0.673249 0.733424 0.0939403 -0.673249 0.733424 
-0.278372 -0.624027 0.730136 -0.209703 -0.648571 0.731697 -0.14054 -0.66602 0.732575 
0.14054 -0.66602 0.732575 0.209703 -0.648571 0.731697 0.278372 -0.624027 0.730136 
-0.0705247 -0.673317 0.735983 3.06375e-16 -0.673734 0.738974 0.0705247 -0.673317 0.735983 
-0.315912 -0.607391 0.728887 0.315912 -0.607391 0.728887 -0.412189 -0.549585 0.726675 
-0.345652 -0.591846 0.728178 0.345652 -0.591846 0.728178 0.412189 -0.549585 0.726675 
-0.278465 -0.608477 0.74311 -0.209788 -0.610091 0.764054 -0.140561 -0.611515 0.778648 
-0.0705894 -0.612698 0.787159 5.18423e-16 -0.613168 0.789953 0.0705894 -0.612698 0.787159 
0.140561 -0.611515 0.778648 0.209788 -0.610091 0.764054 0.278465 -0.608477 0.74311 
-0.421943 -0.542384 0.726488 0.421943 -0.542384 0.726488 -0.477577 -0.494368 0.726306 
0.477577 -0.494368 0.726306 -0.412297 -0.542643 0.731813 -0.346039 -0.544419 0.76411 
-0.279766 -0.547139 0.788904 0.279766 -0.547139 0.788904 0.346039 -0.544419 0.76411 
0.412297 -0.542643 0.731813 -0.494368 -0.477577 0.726306 0.494368 -0.477577 0.726306 
-0.542384 -0.421943 0.726488 0.542384 -0.421943 0.726488 -0.47793 -0.47793 0.736998 
-0.41334 -0.479487 0.774107 0.41334 -0.479487 0.774107 0.47793 -0.47793 0.736998 
-0.549585 -0.412189 0.726675 0.549585 -0.412189 0.726675 -0.542643 -0.412297 0.731813 
-0.479487 -0.41334 0.774107 0.479487 -0.41334 0.774107 0.542643 -0.412297 0.731813 
-0.591846 -0.345652 0.728178 0.591846 -0.345652 0.728178 -0.607391 -0.315912 0.728887 
0.607391 -0.315912 0.728887 -0.544419 -0.346039 0.76411 0.544419 -0.346039 0.76411 
-0.624027 -0.278372 0.730136 0.624027 -0.278372 0.730136 -0.608477 -0.278465 0.74311 
-0.547139 -0.279766 0.788904 0.547139 -0.279766 0.788904 0.608477 -0.278465 0.74311 
-0.648571 -0.209703 0.731697 0.648571 -0.209703 0.731697 -0.610091 -0.209788 0.764054 
0.610091 -0.209788 0.764054 -0.66602 -0.14054 0.732575 0.66602 -0.14054 0.732575 
-0.673249 -0.0939403 0.733424 0.673249 -0.0939403 0.733424 -0.611515 -0.140561 0.778648 
0.611515 -0.140561 0.778648 -0.676005 -0.0705222 0.733514 0.676005 -0.0705222 0.733514 
-0.673317 -0.0705247 0.735983 -0.612698 -0.0705894 0.787159 0.612698 -0.0705894 0.787159 
0.673317 -0.0705247 0.735983 -0.679158 -3.3793e-16 0.733992 0.679158 -3.65638e-16 0.733992 
-0.673734 -3.49042e-16 0.738974 -0.613168 1.5096e-16 0.789953 0.613168 1.63858e-17 0.789953 
0.673734 -3.49042e-16 0.738974 -0.676005 0.0705222 0.733514 0.676005 0.0705222 0.733514 
-0.673249 0.0939403 0.733424 0.673249 0.0939403 0.733424 -0.673317 0.0705247 0.735983 
-0.612698 0.0705894 0.787159 0.612698 0.0705894 0.787159 0.673317 0.0705247 0.735983 
-0.66602 0.14054 0.732575 0.66602 0.14054 0.732575 -0.611515 0.140561 0.778648 
0.611515 0.140561 0.778648 -0.648571 0.209703 0.731697 0.648571 0.209703 0.731697 
-0.610091 0.209788 0.764054 0.610091 0.209788 0.764054 -0.624027 0.278372 0.730136 
0.624027 0.278372 0.730136 -0.607391 0.315912 0.728887 0.607391 0.315912 0.728887 
-0.608477 0.278465 0.74311 -0.547139 0.279766 0.788904 0.547139 0.279766 0.788904 
0.608477 0.278465 0.74311 -0.591846 0.345652 0.728178 0.591846 0.345652 0.728178 
-0.544419 0.346039 0.76411 0.544419 0.346039 0.76411 -0.549585 0.412189 0.726675 
0.549585 0.412189 0.726675 -0.542384 0.421943 0.726488 0.542384 0.421943 0.726488 
-0.542643 0.412297 0.731813 -0.479487 0.41334 0.774107 0.479487 0.41334 0.774107 
0.542643 0.412297 0.731813 -0.494368 0.477577 0.726306 0.494368 0.477577 0.726306 
-0.477577 0.494368 0.726306 0.477577 0.494368 0.726306 -0.47793 0.47793 0.736998 
-0.41334 0.479487 0.774107 0.41334 0.479487 0.774107 0.47793 0.47793 0.736998 
-0.421943 0.542384 0.726488 0.421943 0.542384 0.726488 -0.412189 0.549585 0.726675 
-0.345652 0.591846 0.728178 0.345652 0.591846 0.728178 0.412189 0.549585 0.726675 
-0.412297 0.542643 0.731813 -0.346039 0.544419 0.76411 -0.279766 0.547139 0.788904 
0.279766 0.547139 0.788904 0.346039 0.544419 0.76411 0.412297 0.542643 0.731813 
-0.315912 0.607391 0.728887 0.315912 0.607391 0.728887 -0.278372 0.624027 0.730136 
-0.209703 0.648571 0.731697 -0.14054 0.66602 0.732575 0.14054 0.66602 0.732575 
0.209703 0.648571 0.731697 0.278372 0.624027 0.730136 -0.278465 0.608477 0.74311 
-0.209788 0.610091 0.764054 -0.140561 0.611515 0.778648 -0.0705894 0.612698 0.787159 
5.51195e-16 0.613168 0.789953 0.0705894 0.612698 0.787159 0.140561 0.611515 0.778648 
0.209788 0.610091 0.764054 0.278465 0.608477 0.74311 -0.0939403 0.673249 0.733424 
0.0939403 0.673249 0.733424 -0.0705222 0.676005 0.733514 6.01972e-16 0.679158 0.733992 
0.0705222 0.676005 0.733514 -0.0705247 0.673317 0.735983 6.46883e-16 0.673734 0.738974 
0.0705247 0.673317 0.735983 -0.21085 -0.570532 0.793748 -0.141016 -0.590368 0.79472 
-0.0707107 -0.602347 0.795096 5.27632e-16 -0.606328 0.795215 0.0707107 -0.602347 0.795096 
0.141016 -0.590368 0.79472 0.21085 -0.570532 0.793748 -0.270237 -0.547739 0.791805 
0.270237 -0.547739 0.791805 -0.347901 -0.503015 0.791165 -0.27996 -0.543206 0.791549 
0.27996 -0.543206 0.791549 0.347901 -0.503015 0.791165 -0.210965 -0.548941 0.8088 
-0.141067 -0.549931 0.823211 -0.0707076 -0.550698 0.831705 3.24953e-16 -0.551007 0.834501 
0.0707076 -0.550698 0.831705 0.141067 -0.549931 0.823211 0.210965 -0.548941 0.8088 
-0.378241 -0.481588 0.790574 0.378241 -0.481588 0.790574 -0.415034 -0.450541 0.790417 
0.415034 -0.450541 0.790417 -0.348169 -0.482194 0.803908 -0.280199 -0.48351 0.829281 
-0.212031 -0.48598 0.84786 0.212031 -0.48598 0.84786 0.280199 -0.48351 0.829281 
0.348169 -0.482194 0.803908 -0.450541 -0.415034 0.790417 0.450541 -0.415034 0.790417 
-0.481588 -0.378241 0.790574 0.481588 -0.378241 0.790574 -0.415591 -0.415591 0.809053 
-0.349353 -0.417235 0.838969 0.349353 -0.417235 0.838969 0.415591 -0.415591 0.809053 
-0.503015 -0.347901 0.791165 0.503015 -0.347901 0.791165 -0.482194 -0.348169 0.803908 
-0.417235 -0.349353 0.838969 0.417235 -0.349353 0.838969 0.482194 -0.348169 0.803908 
-0.543206 -0.27996 0.791549 0.543206 -0.27996 0.791549 -0.547739 -0.270237 0.791805 
0.547739 -0.270237 0.791805 -0.48351 -0.280199 0.829281 0.48351 -0.280199 0.829281 
-0.570532 -0.21085 0.793748 0.570532 -0.21085 0.793748 -0.548941 -0.210965 0.8088 
-0.48598 -0.212031 0.84786 0.48598 -0.212031 0.84786 0.548941 -0.210965 0.8088 
-0.590368 -0.141016 0.79472 0.590368 -0.141016 0.79472 -0.549931 -0.141067 0.823211 
0.549931 -0.141067 0.823211 -0.602347 -0.0707107 0.795096 0.602347 -0.0707107 0.795096 
-0.550698 -0.0707076 0.831705 0.550698 -0.0707076 0.831705 -0.606328 2.04785e-16 0.795215 
0.606328 -2.16805e-17 0.795215 -0.551007 3.82625e-16 0.834501 0.551007 -1.91313e-16 0.834501 
-0.602347 0.0707107 0.795096 0.602347 0.0707107 0.795096 -0.550698 0.0707076 0.831705 
0.550698 0.0707076 0.831705 -0.590368 0.141016 0.79472 0.590368 0.141016 0.79472 
-0.549931 0.141067 0.823211 0.549931 0.141067 0.823211 -0.570532 0.21085 0.793748 
0.570532 0.21085 0.793748 -0.547739 0.270237 0.791805 0.547739 0.270237 0.791805 
-0.548941 0.210965 0.8088 -0.48598 0.212031 0.84786 0.48598 0.212031 0.84786 
0.548941 0.210965 0.8088 -0.543206 0.27996 0.791549 0.543206 0.27996 0.791549 
-0.48351 0.280199 0.829281 0.48351 0.280199 0.829281 -0.503015 0.347901 0.791165 
0.503015 0.347901 0.791165 -0.481588 0.378241 0.790574 0.481588 0.378241 0.790574 
-0.482194 0.348169 0.803908 -0.417235 0.349353 0.838969 0.417235 0.349353 0.838969 
0.482194 0.348169 0.803908 -0.450541 0.415034 0.790417 0.450541 0.415034 0.790417 
-0.415034 0.450541 0.790417 0.415034 0.450541 0.790417 -0.415591 0.415591 0.809053 
-0.349353 0.417235 0.838969 0.349353 0.417235 0.838969 0.415591 0.415591 0.809053 
-0.378241 0.481588 0.790574 0.378241 0.481588 0.790574 -0.347901 0.503015 0.791165 
-0.27996 0.543206 0.791549 0.27996 0.543206 0.791549 0.347901 0.503015 0.791165 
-0.348169 0.482194 0.803908 -0.280199 0.48351 0.829281 -0.212031 0.48598 0.84786 
0.212031 0.48598 0.84786 0.280199 0.48351 0.829281 0.348169 0.482194 0.803908 
-0.270237 0.547739 0.791805 0.270237 0.547739 0.791805 -0.21085 0.570532 0.793748 
-0.141016 0.590368 0.79472 -0.0707107 0.602347 0.795096 5.92673e-16 0.606328 0.795215 
0.0707107 0.602347 0.795096 0.141016 0.590368 0.79472 0.21085 0.570532 0.793748 
-0.210965 0.548941 0.8088 -0.141067 0.549931 0.823211 -0.0707076 0.550698 0.831705 
6.68204e-16 0.551007 0.834501 0.0707076 0.550698 0.831705 0.141067 0.549931 0.823211 
0.210965 0.548941 0.8088 -0.142573 -0.492678 0.858453 -0.0713837 -0.505843 0.859667 
3.40346e-16 -0.510329 0.859979 0.0713837 -0.505843 0.859667 0.142573 -0.492678 0.858453 
-0.156682 -0.48855 0.858353 0.156682 -0.48855 0.858353 -0.282965 -0.430478 0.857099 
-0.212992 -0.467159 0.858136 0.212992 -0.467159 0.858136 0.282965 -0.430478 0.857099 
-0.142594 -0.488574 0.860792 -0.071409 -0.489013 0.869349 3.79365e-16 -0.489135 0.872208 
0.071409 -0.489013 0.869349 0.142594 -0.488574 0.860792 -0.298126 -0.420483 0.856922 
0.298126 -0.420483 0.856922 -0.352016 -0.376514 0.856926 0.352016 -0.376514 0.856926 
-0.283056 -0.420631 0.861945 -0.213024 -0.421102 0.881643 -0.142502 -0.42182 0.895411 
-0.071487 -0.422679 0.903456 -2.59251e-16 -0.423061 0.906101 0.071487 -0.422679 0.903456 
0.142502 -0.42182 0.895411 0.213024 -0.421102 0.881643 0.283056 -0.420631 0.861945 
-0.376514 -0.352016 0.856926 0.376514 -0.352016 0.856926 -0.420483 -0.298126 0.856922 
0.420483 -0.298126 0.856922 -0.352223 -0.352223 0.867109 -0.283186 -0.352647 0.891877 
-0.214179 -0.354529 0.910185 -0.144326 -0.357324 0.922762 0.144326 -0.357324 0.922762 
0.214179 -0.354529 0.910185 0.283186 -0.352647 0.891877 0.352223 -0.352223 0.867109 
-0.430478 -0.282965 0.857099 0.430478 -0.282965 0.857099 -0.420631 -0.283056 0.861945 
-0.352647 -0.283186 0.891877 -0.285413 -0.285413 0.91492 0.285413 -0.285413 0.91492 
0.352647 -0.283186 0.891877 0.420631 -0.283056 0.861945 -0.467159 -0.212992 0.858136 
0.467159 -0.212992 0.858136 -0.48855 -0.156682 0.858353 0.48855 -0.156682 0.858353 
-0.421102 -0.213024 0.881643 -0.354529 -0.214179 0.910185 0.354529 -0.214179 0.910185 
0.421102 -0.213024 0.881643 -0.492678 -0.142573 0.858453 0.492678 -0.142573 0.858453 
-0.488574 -0.142594 0.860792 -0.42182 -0.142502 0.895411 -0.357324 -0.144326 0.922762 
0.357324 -0.144326 0.922762 0.42182 -0.142502 0.895411 0.488574 -0.142594 0.860792 
-0.505843 -0.0713837 0.859667 0.505843 -0.0713837 0.859667 -0.489013 -0.071409 0.869349 
-0.422679 -0.071487 0.903456 0.422679 -0.071487 0.903456 0.489013 -0.071409 0.869349 
-0.510329 2.49031e-16 0.859979 0.510329 5.97717e-17 0.859979 -0.489135 2.08465e-16 0.872208 
-0.423061 6.48514e-17 0.906101 0.423061 6.48127e-17 0.906101 0.489135 1.52118e-16 0.872208 
-0.505843 0.0713837 0.859667 0.505843 0.0713837 0.859667 -0.489013 0.071409 0.869349 
-0.422679 0.071487 0.903456 0.422679 0.071487 0.903456 0.489013 0.071409 0.869349 
-0.492678 0.142573 0.858453 0.492678 0.142573 0.858453 -0.48855 0.156682 0.858353 
0.48855 0.156682 0.858353 -0.488574 0.142594 0.860792 -0.42182 0.142502 0.895411 
-0.357324 0.144326 0.922762 0.357324 0.144326 0.922762 0.42182 0.142502 0.895411 
0.488574 0.142594 0.860792 -0.467159 0.212992 0.858136 0.467159 0.212992 0.858136 
-0.421102 0.213024 0.881643 -0.354529 0.214179 0.910185 0.354529 0.214179 0.910185 
0.421102 0.213024 0.881643 -0.430478 0.282965 0.857099 0.430478 0.282965 0.857099 
-0.420483 0.298126 0.856922 0.420483 0.298126 0.856922 -0.420631 0.283056 0.861945 
-0.352647 0.283186 0.891877 -0.285413 0.285413 0.91492 0.285413 0.285413 0.91492 
0.352647 0.283186 0.891877 0.420631 0.283056 0.861945 -0.376514 0.352016 0.856926 
0.376514 0.352016 0.856926 -0.352016 0.376514 0.856926 0.352016 0.376514 0.856926 
-0.352223 0.352223 0.867109 -0.283186 0.352647 0.891877 -0.214179 0.354529 0.910185 
-0.144326 0.357324 0.922762 0.144326 0.357324 0.922762 0.214179 0.354529 0.910185 
0.283186 0.352647 0.891877 0.352223 0.352223 0.867109 -0.298126 0.420483 0.856922 
0.298126 0.420483 0.856922 -0.282965 0.430478 0.857099 -0.212992 0.467159 0.858136 
0.212992 0.467159 0.858136 0.282965 0.430478 0.857099 -0.283056 0.420631 0.861945 
-0.213024 0.421102 0.881643 -0.142502 0.42182 0.895411 -0.071487 0.422679 0.903456 
-5.83411e-16 0.423061 0.906101 0.071487 0.422679 0.903456 0.142502 0.42182 0.895411 
0.213024 0.421102 0.881643 0.283056 0.420631 0.861945 -0.156682 0.48855 0.858353 
0.156682 0.48855 0.858353 -0.142573 0.492678 0.858453 -0.0713837 0.505843 0.859667 
2.80574e-16 0.510329 0.859979 0.0713837 0.505843 0.859667 0.142573 0.492678 0.858453 
-0.142594 0.488574 0.860792 -0.071409 0.489013 0.869349 2.08465e-16 0.489135 0.872208 
0.071409 0.489013 0.869349 0.142594 0.488574 0.860792 -0.0725941 -0.364968 0.928186 
-3.73711e-16 -0.371175 0.928563 0.0725941 -0.364968 0.928186 -0.096829 -0.358987 0.928306 
0.096829 -0.358987 0.928306 -0.216804 -0.303535 0.927827 -0.144908 -0.343 0.928091 
0.144908 -0.343 0.928091 0.216804 -0.303535 0.927827 -0.0726006 -0.358856 0.930565 
-3.453e-16 -0.358879 0.933384 0.0726006 -0.358856 0.930565 -0.237042 -0.288147 0.927783 
0.237042 -0.288147 0.927783 -0.288147 -0.237042 0.927783 0.288147 -0.237042 0.927783 
-0.216811 -0.288124 0.932726 -0.144735 -0.287924 0.946653 -0.0724213 -0.287825 0.954941 
-7.63861e-16 -0.287826 0.957683 0.0724213 -0.287825 0.954941 0.144735 -0.287924 0.946653 
0.216811 -0.288124 0.932726 -0.303535 -0.216804 0.927827 0.303535 -0.216804 0.927827 
-0.288124 -0.216811 0.932726 -0.216493 -0.216493 0.951978 -0.144663 -0.216549 0.965494 
-0.072547 -0.216939 0.973486 -1.77944e-16 -0.217152 0.976138 0.072547 -0.216939 0.973486 
0.144663 -0.216549 0.965494 0.216493 -0.216493 0.951978 0.288124 -0.216811 0.932726 
-0.343 -0.144908 0.928091 0.343 -0.144908 0.928091 -0.358987 -0.096829 0.928306 
0.358987 -0.096829 0.928306 -0.287924 -0.144735 0.946653 -0.216549 -0.144663 0.965494 
-0.145218 -0.145218 0.978685 -0.0730589 -0.145937 0.986593 -3.34481e-16 -0.14625 0.989248 
0.0730589 -0.145937 0.986593 0.145218 -0.145218 0.978685 0.216549 -0.144663 0.965494 
0.287924 -0.144735 0.946653 -0.364968 -0.0725941 0.928186 0.364968 -0.0725941 0.928186 
-0.358856 -0.0726006 0.930565 -0.287825 -0.0724213 0.954941 -0.216939 -0.072547 0.973486 
-0.145937 -0.0730589 0.986593 -0.0735867 -0.0735867 0.99457 8.16883e-16 -0.0738004 0.997273 
0.0735867 -0.0735867 0.99457 0.145937 -0.0730589 0.986593 0.216939 -0.072547 0.973486 
0.287825 -0.0724213 0.954941 0.358856 -0.0726006 0.930565 -0.371175 1.34825e-16 0.928563 
0.371175 4.73849e-16 0.928563 -0.358879 1.67203e-16 0.933384 -0.287826 -4.64882e-17 0.957683 
-0.217152 3.6465e-16 0.976138 -0.14625 -3.59442e-17 0.989248 -0.0738004 -3.70009e-16 0.997273 
-7.21358e-16 -1.64986e-16 1 0.0738004 -2.83379e-16 0.997273 0.14625 7.77543e-17 0.989248 
0.217152 -3.51281e-16 0.976138 0.287826 -3.73171e-18 0.957683 0.358879 5.34292e-16 0.933384 
-0.364968 0.0725941 0.928186 0.364968 0.0725941 0.928186 -0.358987 0.096829 0.928306 
0.358987 0.096829 0.928306 -0.358856 0.0726006 0.930565 -0.287825 0.0724213 0.954941 
-0.216939 0.072547 0.973486 -0.145937 0.0730589 0.986593 -0.0735867 0.0735867 0.99457 
9.03513e-16 0.0738004 0.997273 0.0735867 0.0735867 0.99457 0.145937 0.0730589 0.986593 
0.216939 0.072547 0.973486 0.287825 0.0724213 0.954941 0.358856 0.0726006 0.930565 
-0.343 0.144908 0.928091 0.343 0.144908 0.928091 -0.287924 0.144735 0.946653 
-0.216549 0.144663 0.965494 -0.145218 0.145218 0.978685 -0.0730589 0.145937 0.986593 
-2.14916e-16 0.14625 0.989248 0.0730589 0.145937 0.986593 0.145218 0.145218 0.978685 
0.216549 0.144663 0.965494 0.287924 0.144735 0.946653 -0.303535 0.216804 0.927827 
0.303535 0.216804 0.927827 -0.288147 0.237042 0.927783 0.288147 0.237042 0.927783 
-0.288124 0.216811 0.932726 -0.216493 0.216493 0.951978 -0.144663 0.216549 0.965494 
-0.072547 0.216939 0.973486 -1.91312e-16 0.217152 0.976138 0.072547 0.216939 0.973486 
0.144663 0.216549 0.965494 0.216493 0.216493 0.951978 0.288124 0.216811 0.932726 
-0.237042 0.288147 0.927783 0.237042 0.288147 0.927783 -0.216804 0.303535 0.927827 
-0.144908 0.343 0.928091 0.144908 0.343 0.928091 0.216804 0.303535 0.927827 
-0.216811 0.288124 0.932726 -0.144735 0.287924 0.946653 -0.0724213 0.287825 0.954941 
8.17813e-17 0.287826 0.957683 0.0724213 0.287825 0.954941 0.144735 0.287924 0.946653 
0.216811 0.288124 0.932726 -0.096829 0.358987 0.928306 0.096829 0.358987 0.928306 
-0.0725941 0.364968 0.928186 -6.78049e-16 0.371175 0.928563 0.0725941 0.364968 0.928186 
-0.0726006 0.358856 0.930565 -6.97863e-16 0.358879 0.933384 0.0726006 0.358856 0.930565 

